Index,Source,Target,Weight
1,ABW,ARE,215227.877851464
2,ABW,ARG,132.777143608149
3,ABW,ATG,446.978707693286
4,ABW,AUT,3949.8607095662
5,ABW,BEL,1132.14457738014
6,ABW,BHR,10557.6758751082
7,ABW,BHS,35.0084750934891
8,ABW,BRA,39.5095647483662
9,ABW,BRB,15286.7007101084
10,ABW,CAN,51242.2170698894
11,ABW,CHE,130677.584332336
12,ABW,CHN,44287.221356482
13,ABW,CIV,2212.68066101961
14,ABW,COL,4773415.20532764
15,ABW,CRI,2855.11118503877
16,ABW,CYM,6365.53951377862
17,ABW,DEU,95280.5626768106
18,ABW,DMA,194.676628663092
19,ABW,DNK,29117.8060396318
20,ABW,DOM,1179161.03444886
21,ABW,ESP,65549.4106541463
22,ABW,FIN,499.260364397902
23,ABW,FRA,18043.6406291689
24,ABW,GBR,13398.167520948
25,ABW,GRC,496.404172951347
26,ABW,GRD,35823.3048531061
27,ABW,GTM,321807.905480807
28,ABW,GUY,22347.9786530521
29,ABW,HKG,222864.293027602
30,ABW,HUN,8402.03402243738
31,ABW,IDN,20805.0366269878
32,ABW,IND,269286.372205213
33,ABW,IRL,3096.10052540304
34,ABW,ITA,41446.0490458622
35,ABW,JAM,53221.1991555435
36,ABW,KOR,41942333.6898772
37,ABW,LBN,1809.43804126062
38,ABW,LCA,50.0071060656853
39,ABW,MEX,1281692.78104236
40,ABW,MYS,7733.2001065027
41,ABW,NLD,2726001.18269752
42,ABW,NOR,5009.33669483157
43,ABW,NZL,622.695246366817
44,ABW,PAK,160350.811832231
45,ABW,PAN,2083929.99216829
46,ABW,POL,446.608117978368
47,ABW,PRT,4422.51113204554
48,ABW,SAU,1036302.31622348
49,ABW,SGP,34445.3642717314
50,ABW,SLV,319.852432086299
51,ABW,SUR,149720.31882905
52,ABW,SVK,9743.00615423447
53,ABW,SVN,10149.7071112116
54,ABW,SWE,9285.32485558403
55,ABW,SYC,1372.05015537973
56,ABW,THA,412087.043878278
57,ABW,TTO,4575.87725997724
58,ABW,TZA,979.237060472166
59,ABW,URY,715961.011287469
60,ABW,USA,17359357.4731755
61,ABW,VCT,202.19394850781
62,ABW,VEN,3539615.72012518
63,ABW,ZAF,142.30895113396
64,ABW,ZWE,91.7222047449414
65,AFG,AGO,742.705799350516
66,AFG,AND,625.397400522962
67,AFG,ARE,286676702.275949
68,AFG,ARG,111.857079134425
69,AFG,AUS,532286.457082564
70,AFG,AUT,873441.510254534
71,AFG,AZE,15532.4752088969
72,AFG,BEL,85284.7098116977
73,AFG,BGR,2094.21448190861
74,AFG,BHR,448519.915799591
75,AFG,BIH,241.083363125949
76,AFG,BLR,124080.038152781
77,AFG,BLZ,2921.15467330264
78,AFG,BRA,120838.253359123
79,AFG,BRB,803.694563931956
80,AFG,BRN,16361.0007840916
81,AFG,CAN,1987762.77484399
82,AFG,CHE,501958.823659561
83,AFG,CHL,11112.3201472251
84,AFG,CHN,27262749.9548401
85,AFG,CIV,7908.55955873028
86,AFG,CMR,28220.7968854592
87,AFG,COG,109.801581525365
88,AFG,COL,618.634763377045
89,AFG,COM,51.7250219506301
90,AFG,CRI,2865.14361375842
91,AFG,CYP,1562.3312199343
92,AFG,CZE,40939.9110164716
93,AFG,DEU,8380579.53908784
94,AFG,DNK,54153.0162362593
95,AFG,DOM,31847.7549245163
96,AFG,ECU,210466.313639106
97,AFG,EGY,609774.41040159
98,AFG,ESP,1491111.55708633
99,AFG,EST,2848.46457598174
100,AFG,ETH,3285.05526887264
101,AFG,FIN,389033.048307773
102,AFG,FRA,643619.352819051
103,AFG,GBR,1861791.20377586
104,AFG,GEO,322400.979056155
105,AFG,GRC,4411.65800464548
106,AFG,GRD,1130.08857965001
107,AFG,GTM,52428.6923000092
108,AFG,HKG,43081.927070515
109,AFG,HRV,2237.04155847395
110,AFG,HUN,33449.5977096833
111,AFG,IDN,243326.906258369
112,AFG,IND,255777637.749458
113,AFG,IRL,101574.380827786
114,AFG,IRN,2081321.86077382
115,AFG,ISR,32007.7486569043
116,AFG,ITA,3444493.69932929
117,AFG,JOR,9198088.52731106
118,AFG,JPN,97201.9023079812
119,AFG,KAZ,806037.17604768
120,AFG,KEN,22764.0358750585
121,AFG,KGZ,99896.6836792711
122,AFG,KHM,467.863263570843
123,AFG,KOR,518988.140234156
124,AFG,KWT,593661.717729641
125,AFG,LBN,229961.170588747
126,AFG,LKA,12611.0214631927
127,AFG,LTU,169532.541608803
128,AFG,LUX,39308.4425593174
129,AFG,MAR,9002.00776822637
130,AFG,MEX,940598.706632555
131,AFG,MKD,1080.26151717052
132,AFG,MLT,1215.59077861298
133,AFG,MNE,8861.11015875975
134,AFG,MOZ,353702.115151409
135,AFG,MUS,5559.14229556945
136,AFG,MWI,31.6456610002231
137,AFG,MYS,31291.9948822861
138,AFG,NER,3258.09874305065
139,AFG,NGA,102880.020406035
140,AFG,NIC,2302.17232578002
141,AFG,NLD,1813969.40374415
142,AFG,NOR,196419.057982419
143,AFG,NZL,40081.1446203701
144,AFG,PAK,258918372.586243
145,AFG,PER,88993.0390496568
146,AFG,PHL,15965.8651269221
147,AFG,POL,568968.239761912
148,AFG,PYF,114.509721304366
149,AFG,QAT,138220.761936878
150,AFG,ROU,226946.505777864
151,AFG,RUS,1774524.22908378
152,AFG,SAU,14285143.8893145
153,AFG,SGP,118632.980991555
154,AFG,SLV,2714.02703041201
155,AFG,SRB,6981.19005471448
156,AFG,SVK,156694.112593219
157,AFG,SVN,6683.69303458074
158,AFG,SWE,392155.649748701
159,AFG,SWZ,63.9304767314387
160,AFG,SYC,13858.6815053545
161,AFG,THA,84791.8645003002
162,AFG,TJK,442253.56379781
163,AFG,TTO,5051.99252124869
164,AFG,TUN,218353.925626704
165,AFG,TUR,13652717.6442002
166,AFG,TZA,174.042133321917
167,AFG,UKR,145590.145468151
168,AFG,USA,8666670.58748515
169,AFG,UZB,568364.088504803
170,AFG,ZAF,52982.0122515254
171,AFG,ZWE,6149.20864290699
172,AGO,AGO,1398475.74666942
173,AGO,ARE,524628477.400941
174,AGO,ARG,40597.9182244941
175,AGO,ATG,11347.9156818196
176,AGO,AUS,258518.891539111
177,AGO,AUT,60820.6583851308
178,AGO,AZE,7315.00586715236
179,AGO,BEL,162279266.375829
180,AGO,BEN,1137382.25235268
181,AGO,BFA,480956.549784018
182,AGO,BGR,33891.191113665
183,AGO,BHR,1160.48593845261
184,AGO,BHS,431115.249357707
185,AGO,BLZ,121608.204254155
186,AGO,BOL,7783.13919610249
187,AGO,BRA,98904095.3866404
188,AGO,BRN,17520.3024358439
189,AGO,BWA,562341.539024421
190,AGO,CAN,51826550.5278694
191,AGO,CHE,394007.705607177
192,AGO,CHL,42987825.1396696
193,AGO,CHN,7380651928.2043
194,AGO,CIV,3154684.1777383
195,AGO,CMR,2351743.47130537
196,AGO,COD,24294369.5748121
197,AGO,COG,28507686.4946776
198,AGO,COL,10474.5357479719
199,AGO,CPV,110044.759395543
200,AGO,CRI,197.562827374014
201,AGO,CUB,645193.227833587
202,AGO,CYP,457962.125134854
203,AGO,CZE,23644.7240781425
204,AGO,DEU,2174797.21493328
205,AGO,DNK,260290.630954028
206,AGO,DOM,11246.9977509098
207,AGO,DZA,15665.8259913755
208,AGO,ECU,557.344925909801
209,AGO,EGY,155342.224318767
210,AGO,ESP,381338010.912463
211,AGO,ETH,5336.44188271509
212,AGO,FIN,22736.0511003109
213,AGO,FRA,248778458.082693
214,AGO,GAB,3567518.64805873
215,AGO,GBR,18877013.7783978
216,AGO,GHA,5322717.23015639
217,AGO,GIN,230830.74410111
218,AGO,GMB,5078.71699089292
219,AGO,GNB,224946.459592868
220,AGO,GNQ,26472.835726947
221,AGO,GRC,4394916.07214281
222,AGO,GUY,2165.44022472846
223,AGO,HKG,17530186.0240312
224,AGO,HND,2569.58206217628
225,AGO,IDN,14697527.5790068
226,AGO,IND,1011461205.88689
227,AGO,IRL,1049.11447687984
228,AGO,ISL,1098746.49814241
229,AGO,ISR,40765414.4836456
230,AGO,ITA,149674813.607831
231,AGO,JPN,25914628.5628007
232,AGO,KAZ,8930.66249647014
233,AGO,KEN,101768.542831866
234,AGO,KOR,82910075.443806
235,AGO,KWT,23447850.5171309
236,AGO,LBN,89140.8678370708
237,AGO,LBR,5061396.35229307
238,AGO,LBY,559.5484593564
239,AGO,MAR,8582864.34559118
240,AGO,MDA,26269.7625655933
241,AGO,MDG,822.46160718743
242,AGO,MEX,134209.637396141
243,AGO,MHL,41595365.9990417
244,AGO,MLI,2237.05806246935
245,AGO,MLT,1075576.35845493
246,AGO,MOZ,1653994.65095089
247,AGO,MRT,577348.998133793
248,AGO,MUS,65059.3265111915
249,AGO,MYS,35324436.7681739
250,AGO,NAM,31576795.8618747
251,AGO,NER,74012.0668524188
252,AGO,NGA,2038222.0743798
253,AGO,NIC,4699.950296435
254,AGO,NLD,144790859.978598
255,AGO,NOR,101115591.462387
256,AGO,NZL,6323.92493943499
257,AGO,OMN,45896.6724835289
258,AGO,PAK,6185940.60523417
259,AGO,PAN,4268668.56377387
260,AGO,PER,550.229703407586
261,AGO,PHL,10405614.0629343
262,AGO,POL,1250953.33942599
263,AGO,PRT,222432397.230284
264,AGO,QAT,99819.3514581528
265,AGO,ROU,35933.315985361
266,AGO,RUS,1439555.64757561
267,AGO,SAU,7085050.75403004
268,AGO,SDN,7080.70314553095
269,AGO,SEN,2648099.33017891
270,AGO,SGP,224179996.522693
271,AGO,SRB,109.02639386258
272,AGO,STP,7620484.91763115
273,AGO,SVK,7448.92128632212
274,AGO,SVN,231.396017946507
275,AGO,SWE,120057.621378341
276,AGO,SWZ,431.489457948708
277,AGO,SYC,57313.0512393624
278,AGO,TCD,27379.6447535404
279,AGO,TGO,43666059.9839459
280,AGO,THA,573125890.696272
281,AGO,TTO,1444.75275572745
282,AGO,TUN,72180.413933227
283,AGO,TUR,33815022.4642322
284,AGO,TZA,230366.643748491
285,AGO,UGA,1383.33488726558
286,AGO,UKR,17653.608707547
287,AGO,URY,106691301.982407
288,AGO,USA,248733157.541025
289,AGO,VNM,16581214.9775648
290,AGO,VUT,21412212.0622115
291,AGO,ZAF,111813745.370888
292,AGO,ZMB,105630.024646058
293,AGO,ZWE,68220.3507537764
294,AIA,ARE,2285.85087457037
295,AIA,ARM,52164.6383760112
296,AIA,ATG,225.980706970617
297,AIA,AUS,51350.2782300815
298,AIA,AUT,870.579255840213
299,AIA,BEL,593.800251266797
300,AIA,BFA,9354.24654062166
301,AIA,BLR,150.036321829239
302,AIA,BRB,435.355393841175
303,AIA,CAN,947746.835100873
304,AIA,CRI,1161.81626050617
305,AIA,CZE,40895.4002409956
306,AIA,DEU,20296.1944429568
307,AIA,DMA,3664.40210377496
308,AIA,DNK,367.016849974393
309,AIA,DOM,27008.943511623
310,AIA,ESP,1814.16918660897
311,AIA,FJI,494.170632240382
312,AIA,FRA,23098.5103469492
313,AIA,GBR,1344704.31080877
314,AIA,GRD,13011.1138203144
315,AIA,IDN,188150.548784593
316,AIA,IRL,1243.00991642728
317,AIA,JAM,14126.8049145216
318,AIA,JPN,4473.62950713491
319,AIA,KOR,5904.92950612608
320,AIA,LCA,260.618092228116
321,AIA,LUX,230.619329920505
322,AIA,MEX,46935.362436768
323,AIA,MOZ,198.79962678696
324,AIA,MSR,16361.9995258739
325,AIA,NGA,45767.1401254408
326,AIA,NZL,32827.3930820888
327,AIA,PER,2088.06549331897
328,AIA,POL,26557.9293269936
329,AIA,RUS,621.420437752342
330,AIA,SVK,64065.8635068045
331,AIA,SVN,100.019213342098
332,AIA,TTO,2873.5081387004
333,AIA,UKR,2543.18067074506
334,AIA,USA,843769.765613619
335,AIA,VCT,1193.18385418993
336,AIA,ZAF,915.750691253342
337,ALB,AGO,238742.2218663
338,ALB,AND,15004.9825098203
339,ALB,ARE,3782141.23937825
340,ALB,ARG,198238.350909418
341,ALB,ARM,592086.391363752
342,ALB,AUS,1329875.71299938
343,ALB,AUT,15474467.5069917
344,ALB,BDI,11284.7523908138
345,ALB,BEL,2362311.17310762
346,ALB,BEN,3003.90120515468
347,ALB,BFA,21517.6586434483
348,ALB,BGD,134573.121890978
349,ALB,BGR,22392602.631433
350,ALB,BHR,200847.177472174
351,ALB,BIH,11240350.3966723
352,ALB,BLR,309124.835075508
353,ALB,BMU,2968.31859106966
354,ALB,BOL,12151.8618066512
355,ALB,BRA,576483.059001266
356,ALB,BRN,6071.29578122321
357,ALB,CAN,3784485.76045611
358,ALB,CHE,9990995.70225737
359,ALB,CHL,729864.87973199
360,ALB,CHN,40570106.9917587
361,ALB,CIV,508395.315850054
362,ALB,CMR,604241.008837514
363,ALB,COG,55486.6570932508
364,ALB,COL,94647.8980169793
365,ALB,COM,992.872361400007
366,ALB,CRI,287907.838718463
367,ALB,CYP,323545.873720164
368,ALB,CZE,26837307.4607821
369,ALB,DEU,84124032.3573816
370,ALB,DMA,98.7274006111485
371,ALB,DNK,1590099.30472409
372,ALB,DOM,298771.723722793
373,ALB,DZA,31.8717157251124
374,ALB,ECU,146051.706205963
375,ALB,EGY,3889320.9681874
376,ALB,ESP,81837115.1406638
377,ALB,EST,6316937.52787413
378,ALB,FIN,672704.990571161
379,ALB,FRA,25576779.0603592
380,ALB,GAB,116115.523548066
381,ALB,GBR,6397303.20335202
382,ALB,GEO,92488.0401436651
383,ALB,GHA,159342.481228593
384,ALB,GRC,73260303.4373381
385,ALB,HKG,1727341.46525438
386,ALB,HRV,8165144.06598028
387,ALB,HUN,9522744.83185199
388,ALB,IDN,61165.3073201258
389,ALB,IND,2247638.5373638
390,ALB,IRL,740208.554300183
391,ALB,IRN,27820.0773765123
392,ALB,IRQ,60784.1995589263
393,ALB,ISL,93593.8833538286
394,ALB,ISR,991740.087291269
395,ALB,ITA,552137438.791846
396,ALB,JOR,12510.7521893142
397,ALB,JPN,8354843.14614405
398,ALB,KAZ,170159.124296268
399,ALB,KEN,29902.0113854792
400,ALB,KHM,448.563591372875
401,ALB,KOR,2319789.59068921
402,ALB,KWT,413327.561191279
403,ALB,LBN,318691.150955341
404,ALB,LKA,98299.3689902969
405,ALB,LTU,746253.658240705
406,ALB,LUX,259879.608450861
407,ALB,LVA,389241.012653219
408,ALB,MAC,154689.346265537
409,ALB,MAR,1385911.47652411
410,ALB,MDA,293054.944765451
411,ALB,MEX,2847467.33456265
412,ALB,MKD,40190552.06448
413,ALB,MLI,300.992866432364
414,ALB,MLT,4507251.96669218
415,ALB,MNE,22615226.3372176
416,ALB,MOZ,62350.9143400634
417,ALB,MUS,206099.537499773
418,ALB,MYS,5914770.52700839
419,ALB,NER,16879.289755066
420,ALB,NGA,79536.9988661269
421,ALB,NIC,4429.5723414719
422,ALB,NLD,8132680.65851435
423,ALB,NOR,1931700.0823001
424,ALB,NZL,155248.96274136
425,ALB,PAK,48331.4379083623
426,ALB,PAN,180840.779185073
427,ALB,PER,214735.024538129
428,ALB,POL,20357631.3160194
429,ALB,PRT,390561.10573047
430,ALB,PYF,57016.0793463551
431,ALB,QAT,62528.384303218
432,ALB,ROU,16508769.0768607
433,ALB,RUS,8075422.53407204
434,ALB,SAU,2281173.51874376
435,ALB,SDN,3750.5604615854
436,ALB,SGP,443587.310180348
437,ALB,SLV,184193.365802401
438,ALB,SMR,60333.1838739336
439,ALB,SRB,146703185.182494
440,ALB,SVK,7923128.4416661
441,ALB,SVN,4854490.16951504
442,ALB,SWE,11922520.015006
443,ALB,SWZ,13975.6848303277
444,ALB,SYC,196.822648186323
445,ALB,TCA,44615.5688451102
446,ALB,TGO,7989.54066319547
447,ALB,THA,582204.083486394
448,ALB,TTO,1053.49853820369
449,ALB,TUN,701359.730008431
450,ALB,TUR,16798579.2161012
451,ALB,UKR,3587334.98683491
452,ALB,URY,67761.3341318617
453,ALB,USA,24413564.7043925
454,ALB,VCT,829.815887562427
455,ALB,YEM,8314.21176181785
456,ALB,ZAF,545681.38832005
457,ALB,ZWE,40530.5019038855
458,AND,AGO,36687.2184952885
459,AND,ALB,5799.46897551231
460,AND,AND,138006.720620278
461,AND,ARE,1791828.88681487
462,AND,ARG,759509.703355679
463,AND,ARM,1225.04156652501
464,AND,AUS,113958.91396112
465,AND,AUT,208841.379263768
466,AND,AZE,2520.48217573659
467,AND,BEL,168805.559115859
468,AND,BEN,98711.3937360936
469,AND,BFA,11328.5759999358
470,AND,BGR,15352.4176193117
471,AND,BHR,3917.06677058291
472,AND,BIH,12533.3791670093
473,AND,BLR,9931.11269236466
474,AND,BMU,87.4711756264463
475,AND,BOL,9459.69006711896
476,AND,BRA,14812.585933128
477,AND,BRB,175.234421959387
478,AND,CAF,2721.15325557783
479,AND,CAN,72888.4563410243
480,AND,CHE,699385.039961824
481,AND,CHL,7338.35652003972
482,AND,CHN,216099.314814944
483,AND,CIV,6280.59144896427
484,AND,CMR,806.850327901098
485,AND,COG,2986.12790247079
486,AND,COL,86193.0312044152
487,AND,COM,1174.15274700804
488,AND,CRI,6993.75009533588
489,AND,CZE,100446.316738239
490,AND,DEU,2774549.07250605
491,AND,DNK,15356.5856283322
492,AND,DOM,2984.89110305785
493,AND,DZA,545775.857689847
494,AND,EGY,786.992020464853
495,AND,ESP,60480802.035858
496,AND,EST,11731.8501273224
497,AND,ETH,107518.993940794
498,AND,FIN,823273.16565511
499,AND,FRA,8666959.48842429
500,AND,GAB,104513.308303652
501,AND,GBR,405268.952807692
502,AND,GEO,1245.67156077653
503,AND,GHA,290.286274506629
504,AND,GMB,24682.6843547365
505,AND,GRC,255988.11787194
506,AND,GTM,117569.96214861
507,AND,GUY,8775.3523979286
508,AND,HKG,5227473.4233777
509,AND,HRV,3472.71719936914
510,AND,IDN,11456.2734138079
511,AND,IND,3238.79106891552
512,AND,IRL,125885.625761902
513,AND,ISR,621650.493445813
514,AND,ITA,749671.499155244
515,AND,JPN,143292.269682507
516,AND,KAZ,1836.59311514849
517,AND,KEN,1.55487641522368
518,AND,KOR,55389.4765671177
519,AND,LBN,169104.93809159
520,AND,LKA,58687.8500601581
521,AND,LUX,51980.6938454486
522,AND,LVA,161062.941729556
523,AND,MAR,736.760860158569
524,AND,MDA,37526.5846948565
525,AND,MDG,87993.5365831951
526,AND,MEX,142499.497262683
527,AND,MKD,38.3992959668299
528,AND,MLT,1374.24468664702
529,AND,MNE,47651.5838245893
530,AND,MOZ,4530.47126778099
531,AND,MRT,2937.10303419202
532,AND,MWI,48939.9742270381
533,AND,MYS,3604.04199138198
534,AND,NAM,32000.5704191469
535,AND,NCL,19.5667368508238
536,AND,NER,174783.102700903
537,AND,NGA,927790.438918627
538,AND,NIC,440.551651787194
539,AND,NLD,1160840.2892363
540,AND,NOR,2395186.56981076
541,AND,NZL,3672.24250183268
542,AND,PAK,592.655974252313
543,AND,PER,559.990566384723
544,AND,POL,98115.2524180852
545,AND,PRT,167043.771610169
546,AND,PYF,1326.22306124021
547,AND,ROU,68089.688622185
548,AND,RUS,113586.815380925
549,AND,RWA,66517.3979912077
550,AND,SAU,39360.2325970074
551,AND,SEN,105053.844660427
552,AND,SGP,312984.221882527
553,AND,SLV,1120818.71553727
554,AND,SRB,2018.48864967603
555,AND,SVK,246257.679260143
556,AND,SVN,48497.7556717153
557,AND,SWE,41241.7600901806
558,AND,SWZ,68731.2339319054
559,AND,SYC,5660.32429040572
560,AND,THA,32600.4951530708
561,AND,TUN,13175.8096910285
562,AND,TUR,6063.46788619231
563,AND,UKR,11165.91662223
564,AND,URY,1773.59436397562
565,AND,USA,2746730.9476022
566,AND,UZB,798.026191693247
567,AND,VNM,7652.59159223673
568,AND,ZAF,57345.8601819779
569,AND,ZMB,76912.5780282009
570,AND,ZWE,28052.6411771637
571,ARE,ABW,7044820.37578217
572,ARE,AFG,830689777.446227
573,ARE,AGO,108776771.933379
574,ARE,AIA,4697.57172061294
575,ARE,ALB,10661637.5683731
576,ARE,AND,92110.2586877205
577,ARE,ARG,45780934.2748238
578,ARE,ARM,48847527.0627899
579,ARE,ATG,427623.919152373
580,ARE,AUS,717211790.116648
581,ARE,AUT,47212791.1831354
582,ARE,AZE,243159166.702318
583,ARE,BDI,31181032.9233486
584,ARE,BEL,1165798694.29475
585,ARE,BEN,51602163.9358132
586,ARE,BFA,41417572.8436465
587,ARE,BGD,505501279.751303
588,ARE,BGR,20305824.5317752
589,ARE,BHR,1506903601.73409
590,ARE,BHS,670567.138025049
591,ARE,BIH,8317555.86138057
592,ARE,BLR,20437940.2347573
593,ARE,BLZ,11522673.8734899
594,ARE,BMU,572613.915332239
595,ARE,BOL,1771959.88829045
596,ARE,BRA,382231714.793973
597,ARE,BRB,4066593.71909954
598,ARE,BRN,113901617.310351
599,ARE,BTN,4711239.18232648
600,ARE,BWA,143429947.311959
601,ARE,CAF,6594097.65771298
602,ARE,CAN,171346627.937853
603,ARE,CHE,5051453847.83391
604,ARE,CHL,32704999.1991322
605,ARE,CHN,8529340993.28832
606,ARE,CIV,109151536.120383
607,ARE,CMR,114514530.911709
608,ARE,COG,62481754.0306395
609,ARE,COL,43312179.9217159
610,ARE,COM,24896453.8765391
611,ARE,CPV,1502973.64024137
612,ARE,CRI,4554373.93880471
613,ARE,CUB,5659493.78835205
614,ARE,CYP,36539528.1523901
615,ARE,CZE,104718539.339899
616,ARE,DEU,675332564.127819
617,ARE,DJI,377141100.791469
618,ARE,DMA,575599.832183617
619,ARE,DNK,32847609.5227244
620,ARE,DOM,3831854.02469273
621,ARE,DZA,295274868.800997
622,ARE,ECU,6853655.16518742
623,ARE,EGY,1924240448.26186
624,ARE,ERI,38698311.5460869
625,ARE,ESP,171654002.339672
626,ARE,EST,10833073.769833
627,ARE,ETH,334852811.70682
628,ARE,FIN,9866896.43995067
629,ARE,FJI,12004271.37544
630,ARE,FRA,469110377.778366
631,ARE,FSM,14775.5319628469
632,ARE,GAB,50561940.7929089
633,ARE,GBR,1103184240.11064
634,ARE,GEO,68850269.9184593
635,ARE,GHA,261378804.843681
636,ARE,GIN,132114202.512289
637,ARE,GMB,17489039.4389816
638,ARE,GNQ,14530391.1579674
639,ARE,GRC,54052491.7270917
640,ARE,GRD,756251.031974
641,ARE,GRL,1861.76720946715
642,ARE,GTM,7200157.62989771
643,ARE,GUY,3227452.12690611
644,ARE,HKG,3935160503.57228
645,ARE,HND,1520701.40390086
646,ARE,HRV,7581569.44220403
647,ARE,HTI,4164424.52365652
648,ARE,HUN,58773547.3063394
649,ARE,IDN,841699761.992843
650,ARE,IND,11953447151.2342
651,ARE,IRL,59126154.5174289
652,ARE,IRN,4877903448.56337
653,ARE,IRQ,6556859384.97618
654,ARE,ISL,8924204.96068526
655,ARE,ISR,58580175.6926033
656,ARE,ITA,2709310799.15867
657,ARE,JAM,1891606.83825062
658,ARE,JOR,859865225.133647
659,ARE,JPN,8200431660.67397
660,ARE,KAZ,119525828.844831
661,ARE,KEN,784385044.980218
662,ARE,KGZ,388515858.65693
663,ARE,KHM,53170034.2091798
664,ARE,KIR,28954.143419054
665,ARE,KNA,286007.401147408
666,ARE,KOR,2846972917.87084
667,ARE,KWT,3524233083.02713
668,ARE,LAO,27402600.8809183
669,ARE,LBN,701902740.837244
670,ARE,LBR,16917740.8010608
671,ARE,LBY,501680828.430556
672,ARE,LCA,316868.009596686
673,ARE,LKA,444605965.951074
674,ARE,LSO,20908881.6290032
675,ARE,LTU,31373857.879746
676,ARE,LUX,14340950.3953389
677,ARE,LVA,17574664.3421497
678,ARE,MAC,1500158.94484046
679,ARE,MAR,255428880.707944
680,ARE,MDA,2502724.87692702
681,ARE,MDG,120285520.242672
682,ARE,MDV,114171770.770966
683,ARE,MEX,161629227.319884
684,ARE,MKD,46767006.8720899
685,ARE,MLI,117203842.702885
686,ARE,MLT,52118194.3710257
687,ARE,MMR,101612701.684764
688,ARE,MNE,15184562.7163373
689,ARE,MNG,7205529.42934003
690,ARE,MOZ,213158026.367518
691,ARE,MRT,195151836.002568
692,ARE,MSR,8544.93911789007
693,ARE,MUS,259512201.045839
694,ARE,MWI,134746189.476375
695,ARE,MYS,1446332326.6864
696,ARE,NAM,25561161.1659715
697,ARE,NCL,4353713.26748323
698,ARE,NER,61411481.8037454
699,ARE,NGA,554533122.311962
700,ARE,NIC,1727827.23935393
701,ARE,NLD,811547160.494778
702,ARE,NOR,43903470.0028033
703,ARE,NPL,97067932.39862
704,ARE,NZL,488638799.539608
705,ARE,OMN,5246148261.78559
706,ARE,PAK,2237658591.95918
707,ARE,PAN,27166875.9359953
708,ARE,PER,27749847.0846781
709,ARE,PHL,232164536.994908
710,ARE,PNG,5910688.98492049
711,ARE,POL,76010354.2156278
712,ARE,PRK,347951.444989451
713,ARE,PRT,12896557.6517657
714,ARE,PRY,43701437.5458905
715,ARE,PSE,14993397.6502775
716,ARE,PYF,159455.118996722
717,ARE,QAT,222050.604544273
718,ARE,ROU,20397621.2720642
719,ARE,RUS,307670494.185619
720,ARE,RWA,128733078.20786
721,ARE,SAU,10918017065.6904
722,ARE,SDN,569180060.183363
723,ARE,SEN,253174464.814371
724,ARE,SGP,3120605770.75562
725,ARE,SLB,616306.979351008
726,ARE,SLE,26174365.381684
727,ARE,SLV,4648820.04597076
728,ARE,SMR,136.179967387236
729,ARE,SOM,640296025.357982
730,ARE,SRB,13099106.6222197
731,ARE,STP,1106091.10667598
732,ARE,SUR,3224472.19100264
733,ARE,SVK,9362423.39213036
734,ARE,SVN,16139651.0892283
735,ARE,SWE,24689853.2022206
736,ARE,SWZ,8365432.23162301
737,ARE,SYC,135982112.751719
738,ARE,SYR,333473044.351707
739,ARE,TCD,92991127.2679714
740,ARE,TGO,107798375.510414
741,ARE,THA,2633301255.33273
742,ARE,TJK,45215643.9354334
743,ARE,TKM,91221497.9423797
744,ARE,TLS,373007.83531351
745,ARE,TON,110286.157834945
746,ARE,TTO,14660275.0556586
747,ARE,TUN,122810642.505213
748,ARE,TUR,2961470119.19428
749,ARE,TZA,412257468.990967
750,ARE,UGA,247992936.843285
751,ARE,UKR,89351203.9636934
752,ARE,URY,5054543.32376459
753,ARE,USA,2684252858.97541
754,ARE,UZB,165432284.400213
755,ARE,VCT,54448.3362293633
756,ARE,VEN,25071588.0497295
757,ARE,VNM,371914687.786805
758,ARE,VUT,115999.451448531
759,ARE,YEM,589181670.014742
760,ARE,ZAF,601182486.901396
761,ARE,ZMB,264317423.434269
762,ARE,ZWE,60020236.2154026
763,ARG,ABW,744748.19378747
764,ARG,AFG,490256.704729773
765,ARG,AGO,25660234.0907295
766,ARG,ALB,4443204.79220974
767,ARG,AND,24467.2276955001
768,ARG,ARE,270860677.859001
769,ARG,ARM,6027856.64017587
770,ARG,ATG,314634.023777967
771,ARG,AUS,283719727.486565
772,ARG,AUT,29777086.9399064
773,ARG,AZE,10287773.4602672
774,ARG,BEL,125310859.758577
775,ARG,BEN,1223150.47721704
776,ARG,BFA,879867.012784573
777,ARG,BGD,228176191.908778
778,ARG,BGR,19404679.5743788
779,ARG,BHR,4375261.81860534
780,ARG,BHS,13489274.4067322
781,ARG,BIH,7875840.60289943
782,ARG,BLR,47687994.6391708
783,ARG,BLZ,742076.514508895
784,ARG,BMU,121815.52994499
785,ARG,BOL,359830442.844311
786,ARG,BRA,4110026810.68238
787,ARG,BRB,298175.394359261
788,ARG,BRN,7783778.74592913
789,ARG,BWA,273.945818696207
790,ARG,CAF,103218.400323383
791,ARG,CAN,259456513.921715
792,ARG,CHE,535100791.387054
793,ARG,CHL,1654878753.83613
794,ARG,CHN,3408053514.13753
795,ARG,CIV,31285999.5158864
796,ARG,CMR,29979083.1785513
797,ARG,COD,9996311.87373289
798,ARG,COG,9505159.67971688
799,ARG,COL,362318825.169094
800,ARG,COM,281048.03805053
801,ARG,CPV,4893642.23171672
802,ARG,CRI,51385115.8538141
803,ARG,CUB,202007357.306523
804,ARG,CYP,24511577.7825755
805,ARG,CZE,27289846.0144413
806,ARG,DEU,537999697.580791
807,ARG,DJI,1313828.82575806
808,ARG,DMA,121185.907521645
809,ARG,DNK,110629492.203701
810,ARG,DOM,64337115.3133156
811,ARG,DZA,547793237.26103
812,ARG,ECU,155854401.298108
813,ARG,EGY,606384811.257514
814,ARG,ESP,789079657.597971
815,ARG,EST,1776840.18474633
816,ARG,ETH,52519891.4331254
817,ARG,FIN,7460439.04362037
818,ARG,FJI,94.5448880796221
819,ARG,FRA,205050253.338315
820,ARG,GAB,3137039.49369129
821,ARG,GBR,462083239.890282
822,ARG,GEO,5418420.67870834
823,ARG,GHA,26433390.8978703
824,ARG,GIN,589906.793711696
825,ARG,GMB,2689669.99389235
826,ARG,GNQ,1147164.65354394
827,ARG,GRC,100581254.420385
828,ARG,GRD,212747.223317478
829,ARG,GTM,66291325.7620808
830,ARG,GUY,3078276.50694153
831,ARG,HKG,88629090.4594679
832,ARG,HND,31207276.9331798
833,ARG,HRV,12135457.0502744
834,ARG,HTI,3668781.55398252
835,ARG,HUN,8126945.4270899
836,ARG,IDN,874112125.60173
837,ARG,IND,1309120430.25616
838,ARG,IRL,211153050.8742
839,ARG,IRN,185781333.753652
840,ARG,IRQ,148395840.165105
841,ARG,ISL,1738926.49033728
842,ARG,ISR,144243441.413731
843,ARG,ITA,488086240.069194
844,ARG,JAM,3035696.0472697
845,ARG,JOR,132950251.456292
846,ARG,JPN,258685653.065894
847,ARG,KAZ,6854739.19261627
848,ARG,KEN,77197752.6417414
849,ARG,KGZ,76040.9085084221
850,ARG,KHM,34063490.9251937
851,ARG,KNA,88982.2914478031
852,ARG,KOR,447096684.253867
853,ARG,KWT,37034960.1789975
854,ARG,LBN,63780127.3338179
855,ARG,LBR,804702.182863308
856,ARG,LBY,19773891.4502403
857,ARG,LCA,26000783.2492223
858,ARG,LKA,3431153.87443232
859,ARG,LTU,18678846.4041709
860,ARG,LUX,8148930.2863365
861,ARG,LVA,37944464.168006
862,ARG,MAC,2328144.06269751
863,ARG,MAR,304474430.546955
864,ARG,MDA,2054229.80214112
865,ARG,MDG,12691636.3450002
866,ARG,MDV,323603.771236395
867,ARG,MEX,293353504.542865
868,ARG,MKD,10563597.3936303
869,ARG,MLI,1070111.8050581
870,ARG,MLT,1314879.68715785
871,ARG,MMR,11502644.649677
872,ARG,MNE,1767656.62152591
873,ARG,MNG,1556416.62808905
874,ARG,MOZ,62535727.6609488
875,ARG,MRT,1600868.55431842
876,ARG,MUS,26682088.5918261
877,ARG,MWI,9453911.78477245
878,ARG,MYS,614662596.006328
879,ARG,NAM,1469746.32384308
880,ARG,NER,1321484.21402734
881,ARG,NGA,95601193.1722559
882,ARG,NIC,30379504.5803303
883,ARG,NLD,796849449.319325
884,ARG,NOR,18340942.7751262
885,ARG,NPL,108119616.483648
886,ARG,NZL,94420629.5667629
887,ARG,OMN,79373085.806421
888,ARG,PAK,62346522.7869258
889,ARG,PAN,74430186.0536034
890,ARG,PER,832948133.468153
891,ARG,PHL,120267509.189432
892,ARG,PNG,114412.038656676
893,ARG,POL,361224862.810129
894,ARG,PRT,46527541.8942539
895,ARG,PRY,474628549.357961
896,ARG,PSE,2401729.0621625
897,ARG,PYF,1780300.74900363
898,ARG,QAT,21543788.2470833
899,ARG,ROU,37335122.9244685
900,ARG,RUS,405704229.427463
901,ARG,RWA,4291532.60885985
902,ARG,SAU,585276727.604808
903,ARG,SDN,1471365.95843541
904,ARG,SEN,49955425.6110238
905,ARG,SGP,45452723.524298
906,ARG,SLE,467412.139359578
907,ARG,SLV,27587825.7014224
908,ARG,SRB,7970011.93554617
909,ARG,STP,39811.9169438744
910,ARG,SUR,1840103.45445568
911,ARG,SVK,16667217.1130558
912,ARG,SVN,15283294.485506
913,ARG,SWE,19685757.4961638
914,ARG,SWZ,403523.687801883
915,ARG,SYC,116471.054117362
916,ARG,SYR,34993288.5520262
917,ARG,TGO,3533364.79135716
918,ARG,THA,264912802.263189
919,ARG,TJK,3476435.59954514
920,ARG,TTO,8709929.62993298
921,ARG,TUN,70212397.0971163
922,ARG,TUR,278806448.391021
923,ARG,TZA,11786996.8676263
924,ARG,UGA,22349471.0143332
925,ARG,UKR,29004700.5132646
926,ARG,URY,525759750.46734
927,ARG,USA,2189593190.84534
928,ARG,UZB,7436687.82476123
929,ARG,VCT,196294.815404917
930,ARG,VEN,51988958.3861857
931,ARG,VNM,1693040806.06385
932,ARG,YEM,107659169.910561
933,ARG,ZAF,184792031.373498
934,ARG,ZMB,6319248.31328503
935,ARG,ZWE,10871565.0235616
936,ARM,AGO,0.50012107276413
937,ARM,ALB,6400.56549310966
938,ARM,AND,32687.4762100459
939,ARM,ARE,41312794.1115872
940,ARM,ARG,31422.9770913641
941,ARM,AUS,542776.778151955
942,ARM,AUT,4497753.32319494
943,ARM,BEL,16245450.7759474
944,ARM,BGR,71527701.1800148
945,ARM,BHR,64822.0775763304
946,ARM,BIH,2201.33791508932
947,ARM,BLR,11394008.3402488
948,ARM,BRA,46434.7412429311
949,ARM,CAN,6200314.25040549
950,ARM,CHE,213092763.558246
951,ARM,CHL,357195.477348662
952,ARM,CHN,397339630.722626
953,ARM,CIV,56281.3249719404
954,ARM,CMR,47.9966193531735
955,ARM,COL,13997.2935615186
956,ARM,CRI,3185.07106400564
957,ARM,CYP,7940.18421464545
958,ARM,CZE,2574238.68948478
959,ARM,DEU,38918407.9355413
960,ARM,DNK,98188.1040545126
961,ARM,DOM,6873.26892842271
962,ARM,EGY,5437.80642174293
963,ARM,ESP,60465839.0610177
964,ARM,EST,468737.395186663
965,ARM,ETH,140803.626714626
966,ARM,FIN,96324.14781511
967,ARM,FRA,2622172.68367723
968,ARM,GBR,2552912.33165276
969,ARM,GEO,211251489.634935
970,ARM,GRC,38071.7561737341
971,ARM,HKG,2668442.0398826
972,ARM,HRV,53530.4590233086
973,ARM,HUN,322853.658643957
974,ARM,IDN,437462.40392073
975,ARM,IND,37543111.1962061
976,ARM,IRL,81036.7224295672
977,ARM,IRN,39385039.6774769
978,ARM,ISR,2374574.85348409
979,ARM,ITA,20998598.5647988
980,ARM,JOR,460598.254807335
981,ARM,JPN,10362378.6327027
982,ARM,KAZ,3915479.82140329
983,ARM,KEN,11658.9804865364
984,ARM,KGZ,1041170.05363898
985,ARM,KOR,13519354.8588159
986,ARM,KWT,2319316.47615438
987,ARM,LBN,885704.562478929
988,ARM,LKA,1901.38079939865
989,ARM,LTU,4884267.41719686
990,ARM,LUX,1050996.98611068
991,ARM,LVA,1620849.97955988
992,ARM,MAC,125386.206859124
993,ARM,MDA,484453.10975541
994,ARM,MEX,135494.801517549
995,ARM,MKD,65356.3469159428
996,ARM,MLT,9966.35972520986
997,ARM,MNG,561082.00560787
998,ARM,MOZ,1285.76226621145
999,ARM,MUS,1694.90081329725
1000,ARM,MWI,50.6737674556799
1001,ARM,MYS,132917.177508523
1002,ARM,NGA,6856.91446922225
1003,ARM,NLD,42284538.9032792
1004,ARM,NOR,351997.113392805
1005,ARM,NZL,27103.7854716198
1006,ARM,PAK,202108.642856429
1007,ARM,PER,24772.5070996471
1008,ARM,PHL,7296.76645162865
1009,ARM,POL,7788917.09485614
1010,ARM,PSE,473.379599003432
1011,ARM,ROU,60711.5774780713
1012,ARM,RUS,323332570.14216
1013,ARM,RWA,2229.45472180012
1014,ARM,SAU,428275.489889118
1015,ARM,SEN,30903.2377692787
1016,ARM,SGP,458632.038812184
1017,ARM,SRB,10837465.6085397
1018,ARM,SVK,4338674.99641469
1019,ARM,SVN,1998820.00815542
1020,ARM,SWE,237834.636651802
1021,ARM,SWZ,19.2746661443296
1022,ARM,SYC,1141.13675426844
1023,ARM,SYR,14762569.824883
1024,ARM,THA,604397.867811018
1025,ARM,TJK,241089.129521918
1026,ARM,TKM,891703.714795164
1027,ARM,TUN,4407.2469367837
1028,ARM,TUR,1676233.79425633
1029,ARM,TZA,50463.936658391
1030,ARM,UGA,6204.00190763903
1031,ARM,UKR,12395558.0273157
1032,ARM,USA,35288529.390968
1033,ARM,UZB,1416834.9922024
1034,ARM,VNM,741919.338958752
1035,ARM,YEM,47205.6378669112
1036,ARM,ZAF,93140.6046209817
1037,ATG,AGO,82634.2811776248
1038,ATG,AIA,30014.6761601461
1039,ATG,ALB,238518.102609962
1040,ATG,ARE,3116564.06585828
1041,ATG,AUS,55025.9525627155
1042,ATG,AUT,16081.4526091382
1043,ATG,BEL,15474.8312540501
1044,ATG,BHS,53227.2026089009
1045,ATG,BIH,1676.9909775605
1046,ATG,BLZ,583.561272544097
1047,ATG,BMU,983557.5714113
1048,ATG,BOL,10.6325740069654
1049,ATG,BRA,26701.9641959496
1050,ATG,BRB,72782.3126450251
1051,ATG,CAN,53915.1926622857
1052,ATG,CHE,113730.195091276
1053,ATG,CHL,64.9557249306051
1054,ATG,CHN,16362.9612586968
1055,ATG,COL,209553.924761704
1056,ATG,CRI,2649.61143623999
1057,ATG,CYP,379.300823763626
1058,ATG,CZE,58775.228713386
1059,ATG,DEU,247231.7160617
1060,ATG,DMA,888677.396663165
1061,ATG,DNK,18743.0959581468
1062,ATG,DOM,9699467.07899437
1063,ATG,ECU,935.225905947849
1064,ATG,ESP,137205.015037852
1065,ATG,EST,15597.6459858888
1066,ATG,FIN,9768.71187725348
1067,ATG,FRA,130144.763843471
1068,ATG,GBR,204656.686204364
1069,ATG,GHA,7409.20167072319
1070,ATG,GRC,2599.1252141866
1071,ATG,GRD,188294.117040588
1072,ATG,GUY,112057.072550213
1073,ATG,HRV,2915.70585421488
1074,ATG,IDN,188.045523359313
1075,ATG,IND,52512.8961846673
1076,ATG,IRL,20071.5295545286
1077,ATG,ITA,100463.326356045
1078,ATG,JAM,77911.231289081
1079,ATG,JPN,12947.7619836641
1080,ATG,KEN,1595.86033689455
1081,ATG,KNA,341255.557502753
1082,ATG,KOR,9700.34832733306
1083,ATG,LCA,932259.816396401
1084,ATG,LKA,7678.88245691087
1085,ATG,LUX,2596.68012226186
1086,ATG,MAR,125.387854758059
1087,ATG,MDA,49363.4502450379
1088,ATG,MEX,223207.035501068
1089,ATG,MLT,427.28494008998
1090,ATG,MOZ,217.051045216414
1091,ATG,MSR,352782.915625238
1092,ATG,MUS,143.562254542307
1093,ATG,MYS,5556.90125304239
1094,ATG,NGA,100400.419627149
1095,ATG,NIC,2074.59723282943
1096,ATG,NLD,1538888.39023214
1097,ATG,NOR,1901058.32683226
1098,ATG,NZL,36457.5118863258
1099,ATG,PAK,10187.6522972444
1100,ATG,PAN,8309.40659855073
1101,ATG,PER,2367.95825169142
1102,ATG,PHL,44776.3397656453
1103,ATG,POL,51559487.376877
1104,ATG,PRT,27498.1724475434
1105,ATG,ROU,140.118920956326
1106,ATG,SEN,1331586.1665778
1107,ATG,SGP,1223.2146242462
1108,ATG,SLV,754.612681850884
1109,ATG,SRB,4801.16229853564
1110,ATG,SUR,29840834.5733739
1111,ATG,SVK,31632.7808821151
1112,ATG,SVN,26.2713599522997
1113,ATG,SWE,1520.40406992019
1114,ATG,SYC,23223.3425671954
1115,ATG,THA,92709.1021598851
1116,ATG,TTO,28191.6243231638
1117,ATG,TUN,748.466193866613
1118,ATG,UKR,4854.34517341338
1119,ATG,USA,2240821.4735419
1120,ATG,VCT,252196.028356714
1121,ATG,VEN,1394.83767193916
1122,ATG,ZAF,627650.455458065
1123,ATG,ZMB,8354.19994243285
1124,AUS,AFG,10901290.5517228
1125,AUS,AGO,3065285.78255723
1126,AUS,AIA,11120.072023853
1127,AUS,ALB,656242.334677699
1128,AUS,AND,30561.4745328735
1129,AUS,ARE,854030674.397799
1130,AUS,ARG,71052404.796983
1131,AUS,ARM,1481690.4328555
1132,AUS,ATG,386178.541769112
1133,AUS,AUS,322709550.414741
1134,AUS,AUT,63272704.0512844
1135,AUS,AZE,1836399.35324127
1136,AUS,BDI,530116.940370971
1137,AUS,BEL,288148412.525733
1138,AUS,BEN,286236.918710605
1139,AUS,BFA,16322353.4185703
1140,AUS,BGD,280874074.422714
1141,AUS,BGR,35471690.9089736
1142,AUS,BHR,439139386.061151
1143,AUS,BHS,1431987.7859954
1144,AUS,BIH,397811.0848555
1145,AUS,BLR,3732303.54182415
1146,AUS,BLZ,330983.989390588
1147,AUS,BMU,793811.852957014
1148,AUS,BOL,2140951.54133881
1149,AUS,BRA,309320630.975132
1150,AUS,BRB,1532082.39709031
1151,AUS,BRN,148409572.049415
1152,AUS,BTN,656758.489131935
1153,AUS,BWA,7628637.7953361
1154,AUS,CAF,289713.106250098
1155,AUS,CAN,874239474.236667
1156,AUS,CHE,939360646.170325
1157,AUS,CHL,154238327.825878
1158,AUS,CHN,58861120956.2735
1159,AUS,CIV,18405761.380862
1160,AUS,CMR,1524861.57902479
1161,AUS,COD,28001694.7006888
1162,AUS,COG,6289064.07407589
1163,AUS,COK,2868834.34373583
1164,AUS,COL,17024115.3554478
1165,AUS,COM,30779.3137689006
1166,AUS,CPV,3849.98353060876
1167,AUS,CRI,3808040.53675907
1168,AUS,CUB,1601151.1527318
1169,AUS,CYM,338261.649716874
1170,AUS,CYP,2259416.95626482
1171,AUS,CZE,53395608.8778538
1172,AUS,DEU,1337545234.88322
1173,AUS,DJI,597335.680147843
1174,AUS,DMA,75453.2792510721
1175,AUS,DNK,40607769.4488465
1176,AUS,DOM,9886304.56490363
1177,AUS,DZA,1749841.35568328
1178,AUS,ECU,5337973.13341084
1179,AUS,EGY,183722483.565976
1180,AUS,ERI,930900.666363972
1181,AUS,ESP,188624839.192592
1182,AUS,EST,5890850.54779459
1183,AUS,ETH,6536106.02069689
1184,AUS,FIN,67946850.2733908
1185,AUS,FJI,154467164.060634
1186,AUS,FRA,602281416.052256
1187,AUS,FSM,2214948.37050239
1188,AUS,GAB,9300993.15117327
1189,AUS,GBR,5072517528.23817
1190,AUS,GEO,6781088.00262741
1191,AUS,GHA,34136989.3807075
1192,AUS,GIB,239338.819794848
1193,AUS,GIN,2673041.71040262
1194,AUS,GMB,43471.155297573
1195,AUS,GNB,9161.69492639674
1196,AUS,GNQ,305417.702127155
1197,AUS,GRC,20474882.9270994
1198,AUS,GRD,138178.83278638
1199,AUS,GTM,1182778.60721587
1200,AUS,GUY,2437326.84041857
1201,AUS,HKG,2431719021.16495
1202,AUS,HND,1585690.2848581
1203,AUS,HRV,5057036.58234985
1204,AUS,HTI,253573.709875373
1205,AUS,HUN,22503907.9014817
1206,AUS,IDN,2323840630.39289
1207,AUS,IND,3632527232.86902
1208,AUS,IRL,66836351.5041774
1209,AUS,IRN,10033369.4473863
1210,AUS,IRQ,8877523.16313323
1211,AUS,ISL,23346771.5732419
1212,AUS,ISR,82878063.6941805
1213,AUS,ITA,194292195.156273
1214,AUS,JAM,8421794.1861143
1215,AUS,JOR,51868992.3414769
1216,AUS,JPN,17899695176.0012
1217,AUS,KAZ,6002695.63452581
1218,AUS,KEN,32972277.8963055
1219,AUS,KGZ,5000830.46808544
1220,AUS,KHM,41119153.4362148
1221,AUS,KIR,8515591.4206968
1222,AUS,KNA,442603.229947407
1223,AUS,KOR,9350181319.98496
1224,AUS,KWT,146656251.558478
1225,AUS,LAO,41235965.5574001
1226,AUS,LBN,9206685.31798153
1227,AUS,LBR,1990506.10046721
1228,AUS,LBY,216591.700515075
1229,AUS,LCA,808264.170173802
1230,AUS,LKA,67340796.8772981
1231,AUS,LSO,55843.8890744366
1232,AUS,LTU,4061883.93442233
1233,AUS,LUX,3224158.9516715
1234,AUS,LVA,8687267.67777105
1235,AUS,MAC,47371001.6418162
1236,AUS,MAR,11781742.0490035
1237,AUS,MDA,600859.460208863
1238,AUS,MDG,5747666.53231901
1239,AUS,MDV,12535249.3822639
1240,AUS,MEX,133737223.530929
1241,AUS,MHL,1964716.98075896
1242,AUS,MKD,1469329.57545375
1243,AUS,MLI,9732089.10836059
1244,AUS,MLT,5977615.31640914
1245,AUS,MMR,70050579.6687354
1246,AUS,MNE,265853.759214548
1247,AUS,MNG,22448432.4516016
1248,AUS,MNP,676569.419598836
1249,AUS,MOZ,145737668.728101
1250,AUS,MRT,5382553.7542955
1251,AUS,MSR,359.296480974133
1252,AUS,MUS,34160547.3267778
1253,AUS,MWI,662812.549740748
1254,AUS,MYS,2342030265.90301
1255,AUS,NAM,7064272.90498481
1256,AUS,NCL,136586983.264451
1257,AUS,NER,379827.386737628
1258,AUS,NGA,26727239.2887187
1259,AUS,NIC,4124547.34891459
1260,AUS,NIU,164950.429339412
1261,AUS,NLD,856499176.435825
1262,AUS,NOR,83792675.394199
1263,AUS,NPL,23230502.9056196
1264,AUS,NRU,19561185.0037943
1265,AUS,NZL,3434478130.76826
1266,AUS,OMN,120588996.211231
1267,AUS,PAK,159859311.318892
1268,AUS,PAN,18740833.8700249
1269,AUS,PER,57653515.1512181
1270,AUS,PHL,703735822.934921
1271,AUS,PLW,605156.110371615
1272,AUS,PNG,736513271.013978
1273,AUS,POL,157391320.378096
1274,AUS,PRT,6808777.82647125
1275,AUS,PRY,669568.593790563
1276,AUS,PSE,2217267.10133677
1277,AUS,PYF,21126279.4866784
1278,AUS,QAT,240874572.728027
1279,AUS,ROU,10851494.0786486
1280,AUS,RUS,331825641.713597
1281,AUS,RWA,1776592.55979957
1282,AUS,SAU,328554298.749293
1283,AUS,SDN,2460641.07448941
1284,AUS,SEN,9242202.94283351
1285,AUS,SGP,3557116656.6928
1286,AUS,SHN,46720.2033495699
1287,AUS,SLB,26731251.394497
1288,AUS,SLE,862879.239267009
1289,AUS,SLV,2618157.43163727
1290,AUS,SOM,267294.740557265
1291,AUS,SRB,6132856.18419082
1292,AUS,STP,4933.80290909093
1293,AUS,SUR,5014850.03003784
1294,AUS,SVK,5361711.77722572
1295,AUS,SVN,19316285.9759459
1296,AUS,SWE,132062080.312687
1297,AUS,SWZ,216575.630124644
1298,AUS,SYC,3935326.38149566
1299,AUS,SYR,205583.142487301
1300,AUS,TCA,1850.99360131767
1301,AUS,TCD,133709.3222764
1302,AUS,TGO,1776616.74315405
1303,AUS,THA,1654124195.23337
1304,AUS,TJK,68656.1207479869
1305,AUS,TKM,16802.1190730542
1306,AUS,TLS,22263100.2155936
1307,AUS,TON,7001295.23291491
1308,AUS,TTO,8843796.91645046
1309,AUS,TUN,2702016.36778783
1310,AUS,TUR,203398190.53904
1311,AUS,TUV,1076805.96362625
1312,AUS,TZA,23490729.2880199
1313,AUS,UGA,4528365.75806465
1314,AUS,UKR,12828939.8433796
1315,AUS,URY,3601376.85618765
1316,AUS,USA,7168990402.21993
1317,AUS,UZB,6228655.37592093
1318,AUS,VCT,830197.85503175
1319,AUS,VEN,985864.98400568
1320,AUS,VGB,98596.2043502514
1321,AUS,VNM,2338915730.34572
1322,AUS,VUT,23512033.7690559
1323,AUS,WLF,1152622.35178123
1324,AUS,WSM,10382849.9385378
1325,AUS,YEM,65634624.5803222
1326,AUS,ZAF,384845844.418031
1327,AUS,ZMB,15365478.3161354
1328,AUS,ZWE,2235837.61201428
1329,AUT,ABW,185451.990498962
1330,AUT,AFG,5940257.36653857
1331,AUT,AGO,4699104.7707443
1332,AUT,ALB,27492715.9350932
1333,AUT,AND,2640693.6768672
1334,AUT,ARE,471950372.485903
1335,AUT,ARG,69885109.1749952
1336,AUT,ARM,12806980.3252677
1337,AUT,ATG,149833.556742466
1338,AUT,AUS,570564829.80946
1339,AUT,AZE,32716654.4787228
1340,AUT,BDI,443899.867346346
1341,AUT,BEL,1460892030.73364
1342,AUT,BEN,5766179.57008308
1343,AUT,BFA,1569276.97891162
1344,AUT,BGD,46786270.384034
1345,AUT,BGR,469976557.635169
1346,AUT,BHR,19919717.112724
1347,AUT,BHS,4573857.41649958
1348,AUT,BIH,242979757.578718
1349,AUT,BLR,64841847.3623368
1350,AUT,BLZ,1932419.09936472
1351,AUT,BMU,255447.599519523
1352,AUT,BOL,17706246.2354034
1353,AUT,BRA,440663110.269834
1354,AUT,BRB,633576.380546946
1355,AUT,BRN,1177021.49649473
1356,AUT,BTN,471266.395424511
1357,AUT,BWA,2401778.90072777
1358,AUT,CAF,244999.206100266
1359,AUT,CAN,716518790.543524
1360,AUT,CHE,4477277296.57397
1361,AUT,CHL,124085060.574643
1362,AUT,CHN,3320707418.29126
1363,AUT,CIV,16431826.0664652
1364,AUT,CMR,6984626.57165024
1365,AUT,COD,2322376.26889014
1366,AUT,COG,767369.179531965
1367,AUT,COK,19316.0701677015
1368,AUT,COL,58506278.2489997
1369,AUT,COM,294940.962845737
1370,AUT,CPV,2084781.18823171
1371,AUT,CRI,12442568.3378965
1372,AUT,CUB,9897524.58112267
1373,AUT,CYM,178681.650488282
1374,AUT,CYP,42929687.2337437
1375,AUT,CZE,2875867242.83613
1376,AUT,DEU,24625062075.9992
1377,AUT,DJI,2409764.34189853
1378,AUT,DMA,153782.075127073
1379,AUT,DNK,460511163.234605
1380,AUT,DOM,11606251.8241175
1381,AUT,DZA,142815598.124564
1382,AUT,ECU,30502923.3769052
1383,AUT,EGY,144928242.890203
1384,AUT,ERI,198261.173434453
1385,AUT,ESP,1118024395.79654
1386,AUT,EST,84680653.5705901
1387,AUT,ETH,15773524.8888686
1388,AUT,FIN,398017484.202579
1389,AUT,FJI,1648209.18186457
1390,AUT,FRA,3475582158.79931
1391,AUT,FRO,568646.24931224
1392,AUT,GAB,2320299.29658234
1393,AUT,GBR,2289904010.48001
1394,AUT,GEO,35246759.1549407
1395,AUT,GHA,14271704.2162456
1396,AUT,GIB,3418310.08861993
1397,AUT,GIN,2035897.23056555
1398,AUT,GMB,1201861.32039089
1399,AUT,GNB,24940.5897902659
1400,AUT,GNQ,13416.6679996717
1401,AUT,GRC,313441328.626586
1402,AUT,GRD,100476.139457929
1403,AUT,GRL,91607.8920713397
1404,AUT,GTM,8665368.55628044
1405,AUT,GUY,607480.098978831
1406,AUT,HKG,223187535.916974
1407,AUT,HND,4138061.1549301
1408,AUT,HRV,861755048.61517
1409,AUT,HTI,764228.889808936
1410,AUT,HUN,3294671327.29449
1411,AUT,IDN,144576913.177879
1412,AUT,IND,476014488.379153
1413,AUT,IRL,174015010.219769
1414,AUT,IRN,163016045.550421
1415,AUT,IRQ,35318046.3126283
1416,AUT,ISL,16474596.3035796
1417,AUT,ISR,304701264.18691
1418,AUT,ITA,5013028516.91836
1419,AUT,JAM,3166902.12054229
1420,AUT,JOR,31912470.3192661
1421,AUT,JPN,986931132.495272
1422,AUT,KAZ,78344716.791746
1423,AUT,KEN,13094302.5612194
1424,AUT,KGZ,3821734.21681974
1425,AUT,KHM,2210621.9441312
1426,AUT,KIR,10560.7816269701
1427,AUT,KNA,136133.719691274
1428,AUT,KOR,813846629.114026
1429,AUT,KWT,83421085.6526874
1430,AUT,LAO,6031638.38018561
1431,AUT,LBN,22348654.3166214
1432,AUT,LBR,1152001.34444348
1433,AUT,LBY,29020778.248974
1434,AUT,LCA,136603.654956449
1435,AUT,LKA,45730186.5534648
1436,AUT,LSO,125476.163636482
1437,AUT,LTU,198050996.553381
1438,AUT,LUX,106316260.963386
1439,AUT,LVA,90916619.00318
1440,AUT,MAC,9830304.17494238
1441,AUT,MAR,103289284.779081
1442,AUT,MDA,33720983.9092292
1443,AUT,MDG,1100467.3817458
1444,AUT,MDV,3064011.64260462
1445,AUT,MEX,821690655.050011
1446,AUT,MHL,6373473.38946606
1447,AUT,MKD,64355114.5506954
1448,AUT,MLI,85430326.258033
1449,AUT,MLT,20367362.7968835
1450,AUT,MMR,10352189.5375561
1451,AUT,MNE,21197113.7562277
1452,AUT,MNG,17257537.9640053
1453,AUT,MOZ,5987502.8740574
1454,AUT,MRT,6541806.08410762
1455,AUT,MSR,60677.6057539616
1456,AUT,MUS,4631024.60792819
1457,AUT,MWI,582083.490292361
1458,AUT,MYS,232715018.728328
1459,AUT,NAM,6079908.95035869
1460,AUT,NCL,1299630.3529937
1461,AUT,NER,2513285.90611392
1462,AUT,NGA,58129741.3848545
1463,AUT,NIC,4805995.33855136
1464,AUT,NLD,1648516682.67949
1465,AUT,NOR,315138260.892171
1466,AUT,NPL,8897396.84979259
1467,AUT,NRU,4774.15526048531
1468,AUT,NZL,88264288.6872348
1469,AUT,OMN,36164678.814773
1470,AUT,PAK,70662080.1685006
1471,AUT,PAN,13899736.4442178
1472,AUT,PER,41451840.4328812
1473,AUT,PHL,76550036.7031925
1474,AUT,PLW,17770.2129359041
1475,AUT,PNG,1880685.74839774
1476,AUT,POL,3137555276.22149
1477,AUT,PRK,95824.2813039719
1478,AUT,PRT,228772928.100797
1479,AUT,PRY,9798678.13169136
1480,AUT,PSE,6630966.1951032
1481,AUT,PYF,2350401.28387937
1482,AUT,QAT,74345951.3749904
1483,AUT,ROU,1470184960.06116
1484,AUT,RUS,1233932604.12381
1485,AUT,RWA,5770641.87684912
1486,AUT,SAU,431815668.527018
1487,AUT,SDN,10991613.7542877
1488,AUT,SEN,25590247.0312787
1489,AUT,SGP,317973817.4908
1490,AUT,SHN,54641.0478823315
1491,AUT,SLB,167196.017967019
1492,AUT,SLE,220516.944265198
1493,AUT,SLV,4846638.05762155
1494,AUT,SMR,18213671.8264957
1495,AUT,SOM,596840.28221849
1496,AUT,SRB,425358507.345834
1497,AUT,STP,95415.6723851022
1498,AUT,SUR,349417.995522134
1499,AUT,SVK,1642424634.89998
1500,AUT,SVN,1604695721.28644
1501,AUT,SWE,913677214.692812
1502,AUT,SWZ,713490.321665858
1503,AUT,SYC,785996.960073759
1504,AUT,SYR,1985423.42501803
1505,AUT,TCA,22442.6445704313
1506,AUT,TCD,1281876.14143151
1507,AUT,TGO,2159805.82121313
1508,AUT,THA,258172333.359413
1509,AUT,TJK,13380127.1536112
1510,AUT,TKL,4767.29760033557
1511,AUT,TKM,5607999.24219659
1512,AUT,TLS,109913.583139489
1513,AUT,TTO,4430735.14897237
1514,AUT,TUN,44878187.2315834
1515,AUT,TUR,732688072.690044
1516,AUT,TZA,10549696.9275095
1517,AUT,UGA,3608372.21917344
1518,AUT,UKR,301945856.634315
1519,AUT,URY,11738939.3675346
1520,AUT,USA,5885214892.97634
1521,AUT,UZB,48478774.4916202
1522,AUT,VAT,158667.230259174
1523,AUT,VCT,228693.69925053
1524,AUT,VEN,1646190.94177507
1525,AUT,VGB,101348.220077229
1526,AUT,VNM,149106079.839832
1527,AUT,WSM,43989.7783494241
1528,AUT,YEM,6219847.76821442
1529,AUT,ZAF,261382354.859093
1530,AUT,ZMB,1814828.1546365
1531,AUT,ZWE,1527604.55756398
1532,AZE,AFG,18866858.0493288
1533,AZE,AGO,61574.5919025649
1534,AZE,ALB,2207569.32913308
1535,AZE,ARE,8673051.5692373
1536,AZE,ARG,2754924.65119057
1537,AZE,AUS,54778347.3077249
1538,AZE,AUT,63806143.1269008
1539,AZE,BEL,657834.019503757
1540,AZE,BGD,179840.136942686
1541,AZE,BGR,364080.950231502
1542,AZE,BHR,304362.632208541
1543,AZE,BIH,98274.7410281897
1544,AZE,BLR,128493456.583602
1545,AZE,BRA,3297945.30438148
1546,AZE,CAN,329503.483979611
1547,AZE,CHE,107473675.594816
1548,AZE,CHN,349474543.711711
1549,AZE,CIV,97221.9811688105
1550,AZE,COG,1576266.63351549
1551,AZE,COL,328517.384757899
1552,AZE,COM,84.3224133523233
1553,AZE,CRI,120.354136160688
1554,AZE,CUB,49.9770988013195
1555,AZE,CYP,3154908.31899996
1556,AZE,CZE,281840732.451467
1557,AZE,DEU,419376546.714981
1558,AZE,DNK,24900968.5034711
1559,AZE,DZA,4631.90632388008
1560,AZE,ECU,4171.62489577234
1561,AZE,EGY,312514.685713968
1562,AZE,ESP,294520585.43737
1563,AZE,EST,961178.133642408
1564,AZE,ETH,3526.87881118628
1565,AZE,FIN,314234.797630543
1566,AZE,FRA,60139299.4985647
1567,AZE,GAB,487.031904047747
1568,AZE,GBR,78830147.3516293
1569,AZE,GEO,256666508.646465
1570,AZE,GHA,11660.3778248137
1571,AZE,GIN,14624.1653189641
1572,AZE,GRC,261714979.120072
1573,AZE,HKG,16712296.4376701
1574,AZE,HRV,247750986.270219
1575,AZE,HUN,535962.574522468
1576,AZE,IDN,248775.225225061
1577,AZE,IND,228447536.16767
1578,AZE,IRL,71396.7892279451
1579,AZE,IRN,38055629.2696218
1580,AZE,IRQ,5607512.53037003
1581,AZE,ISR,218803005.383034
1582,AZE,ITA,2086639073.72646
1583,AZE,JOR,170243.713774274
1584,AZE,JPN,21903167.5501075
1585,AZE,KAZ,12962987.7596251
1586,AZE,KGZ,952747.647732141
1587,AZE,KOR,1465108.18351003
1588,AZE,KWT,248953.768448038
1589,AZE,LBN,322271.517715259
1590,AZE,LBY,3728123.92999484
1591,AZE,LKA,9.09970291894334
1592,AZE,LTU,1510619.70125264
1593,AZE,LUX,11327434.8986902
1594,AZE,LVA,436993.730461021
1595,AZE,MAR,103278.827451999
1596,AZE,MDA,2081166.82324126
1597,AZE,MDG,3411.90497752639
1598,AZE,MEX,101444.163303829
1599,AZE,MKD,4986.0320530829
1600,AZE,MLT,4809504.97818917
1601,AZE,MNE,117718.057500556
1602,AZE,MNG,96790.5717302334
1603,AZE,MOZ,7971.18371921966
1604,AZE,MWI,469.905257910939
1605,AZE,MYS,34092250.7660746
1606,AZE,NAM,52265.9799094697
1607,AZE,NGA,78364.2809664766
1608,AZE,NLD,3964951.67289085
1609,AZE,NOR,3511208.88520235
1610,AZE,NZL,39932.3270935952
1611,AZE,OMN,1141281.35427421
1612,AZE,PAK,828988.057155523
1613,AZE,PER,2073.29691804025
1614,AZE,POL,3229295.77022802
1615,AZE,PRT,124712236.885817
1616,AZE,PYF,294.014677104086
1617,AZE,QAT,645486.948939621
1618,AZE,ROU,65807856.6705433
1619,AZE,RUS,407021733.652988
1620,AZE,RWA,203.419245136082
1621,AZE,SAU,1200435.37968932
1622,AZE,SGP,24339136.4802938
1623,AZE,SRB,1147620.82397683
1624,AZE,SVK,5570972.76707172
1625,AZE,SVN,5771.13711674022
1626,AZE,SWE,484221.508687824
1627,AZE,SWZ,13394.3025852976
1628,AZE,SYC,890.165497412874
1629,AZE,THA,78995830.9719646
1630,AZE,TJK,3120250.87188575
1631,AZE,TKM,9395414.18176861
1632,AZE,TTO,84889.5406464164
1633,AZE,TUN,156181642.63095
1634,AZE,TUR,1299188017.52007
1635,AZE,TZA,3829.78714132733
1636,AZE,UKR,176563179.874282
1637,AZE,USA,19653649.391212
1638,AZE,UZB,14349541.3260908
1639,AZE,VNM,128615916.719598
1640,AZE,YEM,139544.011778341
1641,AZE,ZAF,7971.10970130089
1642,AZE,ZMB,3830.62084315563
1643,BDI,AGO,9193.35058981842
1644,BDI,ALB,2336.50063621455
1645,BDI,ARE,36493329.7323574
1646,BDI,AUS,269693.97288
1647,BDI,AUT,429192.671926882
1648,BDI,BEL,4043899.63966001
1649,BDI,BGR,4958.60841417896
1650,BDI,BLR,31707.6760132458
1651,BDI,BRA,3.50084750934891
1652,BDI,CAN,210814.510432992
1653,BDI,CHE,4009379.87837774
1654,BDI,CHL,8320.57930331628
1655,BDI,CHN,3819693.6978368
1656,BDI,CIV,1720.29095991934
1657,BDI,CMR,52.3326690540385
1658,BDI,COD,15898631.6045665
1659,BDI,COL,1228.51790810179
1660,BDI,CZE,21825.2836154266
1661,BDI,DEU,3790861.74099752
1662,BDI,DNK,862613.115842012
1663,BDI,DZA,7904.24601447769
1664,BDI,EGY,2226155.58812305
1665,BDI,ESP,204284.184026464
1666,BDI,EST,5.19125673529166
1667,BDI,FIN,659434.600483457
1668,BDI,FRA,1433812.22466812
1669,BDI,GAB,6346.31585998371
1670,BDI,GBR,1373122.83756205
1671,BDI,GHA,4732.37064497694
1672,BDI,GNQ,2634.74883819959
1673,BDI,HKG,712.669027841375
1674,BDI,IDN,11352.7483517457
1675,BDI,IND,766546.811947539
1676,BDI,ISR,2319.35298499269
1677,BDI,ITA,442631.578310175
1678,BDI,JPN,475225.956982526
1679,BDI,KEN,2691445.58223905
1680,BDI,LUX,73.9348986710123
1681,BDI,MEX,6400.04936816257
1682,BDI,MLI,23.0645836337361
1683,BDI,MOZ,359.687075531962
1684,BDI,MYS,2366.58741983097
1685,BDI,NAM,93.3821065854455
1686,BDI,NLD,3632.01376298168
1687,BDI,NOR,140633.881621561
1688,BDI,OMN,2905097.07596855
1689,BDI,PAK,4515007.99932614
1690,BDI,PHL,695.43785640036
1691,BDI,POL,758783.191476665
1692,BDI,ROU,123914.413057113
1693,BDI,RUS,478268.587563555
1694,BDI,RWA,39061.8298576109
1695,BDI,SAU,126932.458686448
1696,BDI,SDN,3038257.56087861
1697,BDI,SGP,815352.985783254
1698,BDI,SRB,3915.94799974313
1699,BDI,SVK,3052.68651543961
1700,BDI,SVN,2873.00551702227
1701,BDI,SWE,1188738.78209617
1702,BDI,SWZ,3406.99979004472
1703,BDI,SYC,109932.294169184
1704,BDI,THA,1178362.24907338
1705,BDI,TUN,14937.781241273
1706,BDI,TZA,3890862.48036731
1707,BDI,UGA,16946528.0325727
1708,BDI,UKR,195330.236893088
1709,BDI,USA,1997582.08847127
1710,BDI,ZAF,127402.806551508
1711,BDI,ZMB,607185.159077743
1712,BEL,ABW,1358236.03016087
1713,BEL,AFG,15049855.3524481
1714,BEL,AGO,201156470.120375
1715,BEL,AIA,95315.2705791394
1716,BEL,ALB,20084973.1220403
1717,BEL,AND,2953811.32455037
1718,BEL,ARE,1204992812.05953
1719,BEL,ARG,179783931.859671
1720,BEL,ARM,18438029.763615
1721,BEL,ATG,1545794.58213079
1722,BEL,AUS,759724776.271016
1723,BEL,AUT,1363434117.50576
1724,BEL,AZE,24209047.4734484
1725,BEL,BDI,23918427.6566956
1726,BEL,BEN,82849376.1688062
1727,BEL,BFA,35793195.2104558
1728,BEL,BGD,75942053.699467
1729,BEL,BGR,333162721.01299
1730,BEL,BHR,29089288.0437984
1731,BEL,BHS,2586295.99239996
1732,BEL,BIH,50388217.6788173
1733,BEL,BLR,93147599.8144264
1734,BEL,BLZ,865952.873353581
1735,BEL,BMU,656119.150856508
1736,BEL,BOL,11375119.0223922
1737,BEL,BRA,916289805.897939
1738,BEL,BRB,1482834.81489541
1739,BEL,BRN,5592788.53588373
1740,BEL,BTN,122701.554940042
1741,BEL,BWA,258718472.992168
1742,BEL,CAF,19214793.1598639
1743,BEL,CAN,1631971305.68133
1744,BEL,CHE,2214768419.58013
1745,BEL,CHL,190825220.96121
1746,BEL,CHN,3914999916.72465
1747,BEL,CIV,115949964.655426
1748,BEL,CMR,158105504.487719
1749,BEL,COD,161178463.897461
1750,BEL,COG,70512253.5234314
1751,BEL,COK,26676.7345881919
1752,BEL,COL,164292617.88287
1753,BEL,COM,1708438.93769993
1754,BEL,CPV,9853110.07295171
1755,BEL,CRI,30803685.7540391
1756,BEL,CUB,33546195.5197484
1757,BEL,CYM,280150.910367663
1758,BEL,CYP,134216096.669346
1759,BEL,CZE,1391440436.43992
1760,BEL,DEU,24557507953.0325
1761,BEL,DJI,4241300.55083624
1762,BEL,DMA,315742.973240113
1763,BEL,DNK,1575089351.19335
1764,BEL,DOM,46989072.4542601
1765,BEL,DZA,302323086.873317
1766,BEL,ECU,60130579.2410045
1767,BEL,EGY,561905187.942536
1768,BEL,ERI,1081321.4017547
1769,BEL,ESP,4171353266.78602
1770,BEL,EST,154304773.052397
1771,BEL,ETH,73555876.7147589
1772,BEL,FIN,746768500.574794
1773,BEL,FJI,1091142.72436833
1774,BEL,FRA,27981384678.5418
1775,BEL,FRO,8428013.27617459
1776,BEL,GAB,31686220.4791419
1777,BEL,GBR,14408627245.3748
1778,BEL,GEO,40658306.7537664
1779,BEL,GHA,111805747.362675
1780,BEL,GIB,58875670.9371334
1781,BEL,GIN,71522351.3658948
1782,BEL,GMB,8836386.27743177
1783,BEL,GNB,1418998.9650719
1784,BEL,GNQ,7620033.67139034
1785,BEL,GRC,907293196.301039
1786,BEL,GRD,411490.575481088
1787,BEL,GRL,121071.674867415
1788,BEL,GTM,91572037.8915121
1789,BEL,GUY,3901777.9648632
1790,BEL,HKG,1174014927.29819
1791,BEL,HND,10506366.4137594
1792,BEL,HRV,407689304.743209
1793,BEL,HTI,13183351.1867258
1794,BEL,HUN,1306035270.54038
1795,BEL,IDN,263087722.093173
1796,BEL,IND,3312572799.7136
1797,BEL,IRL,1163654809.82889
1798,BEL,IRN,87214265.9319727
1799,BEL,IRQ,129609023.17767
1800,BEL,ISL,42688214.1237651
1801,BEL,ISR,1533404217.08562
1802,BEL,ITA,10398540178.0634
1803,BEL,JAM,11196635.073765
1804,BEL,JOR,86125147.1675786
1805,BEL,JPN,1621100783.45022
1806,BEL,KAZ,82729453.0364859
1807,BEL,KEN,110844131.204493
1808,BEL,KGZ,5549526.04910208
1809,BEL,KHM,28335797.8116779
1810,BEL,KIR,27231.2278237448
1811,BEL,KNA,70990.7724365955
1812,BEL,KOR,790002899.332208
1813,BEL,KWT,92161123.501426
1814,BEL,LAO,5600339.89346854
1815,BEL,LBN,102353338.903338
1816,BEL,LBR,11262774.4392395
1817,BEL,LBY,89142378.5783015
1818,BEL,LCA,1943204.6594076
1819,BEL,LKA,24181711.3167227
1820,BEL,LSO,580603.723060087
1821,BEL,LTU,421004456.667167
1822,BEL,LUX,2841429339.1285
1823,BEL,LVA,147824467.217695
1824,BEL,MAC,11417349.4178181
1825,BEL,MAR,365322313.858384
1826,BEL,MDA,20822396.3295445
1827,BEL,MDG,60630135.7711003
1828,BEL,MDV,2708343.8700933
1829,BEL,MEX,475520637.988939
1830,BEL,MHL,255162.744559866
1831,BEL,MKD,43822387.8243694
1832,BEL,MLI,42868608.4453687
1833,BEL,MLT,55748681.4149086
1834,BEL,MMR,22043138.8673309
1835,BEL,MNE,10035961.2993397
1836,BEL,MNG,6332167.44483764
1837,BEL,MOZ,28233403.4613462
1838,BEL,MRT,93193147.5029255
1839,BEL,MSR,49794.530103828
1840,BEL,MUS,36014687.345802
1841,BEL,MWI,9252102.94999563
1842,BEL,MYS,345349219.950337
1843,BEL,NAM,6035882.55414457
1844,BEL,NCL,9742516.29564612
1845,BEL,NER,95615516.8608334
1846,BEL,NGA,1042073368.93379
1847,BEL,NIC,6062221.28440634
1848,BEL,NLD,23681664091.2566
1849,BEL,NOR,736259160.289599
1850,BEL,NPL,6469597.74591429
1851,BEL,NRU,2460.12606431219
1852,BEL,NZL,138502600.075202
1853,BEL,OMN,157939560.290301
1854,BEL,PAK,187613444.007558
1855,BEL,PAN,128746886.435651
1856,BEL,PER,84823000.4974174
1857,BEL,PHL,226443057.899724
1858,BEL,PLW,10094.0081272168
1859,BEL,PNG,4946235.26980269
1860,BEL,POL,3494660621.39933
1861,BEL,PRT,1117500426.90353
1862,BEL,PRY,21471631.5008797
1863,BEL,PSE,13718885.2175035
1864,BEL,PYF,10811856.8805019
1865,BEL,QAT,119602558.529083
1866,BEL,ROU,1145860944.82813
1867,BEL,RUS,1550896318.99999
1868,BEL,RWA,39358843.4657169
1869,BEL,SAU,686755452.499045
1870,BEL,SDN,26030534.1130169
1871,BEL,SEN,232600943.329168
1872,BEL,SGP,643555606.647437
1873,BEL,SLB,421795.28911735
1874,BEL,SLE,11783672.3177963
1875,BEL,SLV,13301368.9972927
1876,BEL,SMR,3057623.11752634
1877,BEL,SOM,3438023.48297461
1878,BEL,SPM,466377.956497446
1879,BEL,SRB,267239257.125453
1880,BEL,STP,671042.876195031
1881,BEL,SUR,12053562.0625701
1882,BEL,SVK,480688409.482762
1883,BEL,SVN,236343137.972498
1884,BEL,SWE,3398900819.70703
1885,BEL,SWZ,2164893.5323814
1886,BEL,SYC,3259147.36740888
1887,BEL,SYR,7529172.16450908
1888,BEL,TCA,15049.9799031002
1889,BEL,TCD,8158180.86978165
1890,BEL,TGO,64433115.7837727
1891,BEL,THA,391193899.119965
1892,BEL,TJK,2232266.19041986
1893,BEL,TKL,30716.5175667622
1894,BEL,TKM,6765802.51521103
1895,BEL,TLS,186278.490583812
1896,BEL,TON,855.163523893331
1897,BEL,TTO,16976309.6223057
1898,BEL,TUN,183575335.495355
1899,BEL,TUR,2043761941.40058
1900,BEL,TUV,12699.1537988773
1901,BEL,TZA,33019321.5069478
1902,BEL,UGA,26379295.5821026
1903,BEL,UKR,262849927.14613
1904,BEL,URY,21896980.1282137
1905,BEL,USA,12863144998.0542
1906,BEL,UZB,22934742.3008493
1907,BEL,VAT,4778.38578463982
1908,BEL,VCT,234705.584149156
1909,BEL,VEN,6851442.12794007
1910,BEL,VGB,60437.6046528371
1911,BEL,VNM,287413687.059816
1912,BEL,VUT,29157.8197264215
1913,BEL,WLF,58069.5048668821
1914,BEL,WSM,14689.6096621828
1915,BEL,YEM,32993334.0827326
1916,BEL,ZAF,446704400.794177
1917,BEL,ZMB,14858803.8058699
1918,BEL,ZWE,10275331.5232371
1919,BEN,AGO,36319.0338626092
1920,BEN,ARE,271483199.076738
1921,BEN,ARM,2694.8273824286
1922,BEN,AUT,88699.1719082692
1923,BEN,BEL,1803725.51083179
1924,BEN,BFA,11769695.4161714
1925,BEN,BGD,162947415.757547
1926,BEN,BGR,311.786479424759
1927,BEN,BLR,17863.8921144068
1928,BEN,BRA,2612.5224574838
1929,BEN,CAF,11740.6682620774
1930,BEN,CAN,222054.20691636
1931,BEN,CHE,621550.910838167
1932,BEN,CHN,29130820.1901873
1933,BEN,CIV,6336451.84853568
1934,BEN,CMR,2765512.55188271
1935,BEN,COD,240887.96582282
1936,BEN,COG,262935.273187289
1937,BEN,COL,3477.29780827459
1938,BEN,CRI,4098.98230995335
1939,BEN,CZE,11546.2952069055
1940,BEN,DEU,4610277.75488669
1941,BEN,DJI,102.280260712065
1942,BEN,DNK,15799953.6604281
1943,BEN,DZA,804134.889529019
1944,BEN,EGY,8792471.20716819
1945,BEN,ESP,427811.393537467
1946,BEN,ETH,47153.3977202556
1947,BEN,FIN,566.095044198882
1948,BEN,FRA,3267782.32481902
1949,BEN,GAB,100359.875812022
1950,BEN,GBR,1475700.07316784
1951,BEN,GHA,456802.181827765
1952,BEN,GIN,17377.8759562578
1953,BEN,GMB,315.89747464288
1954,BEN,GNQ,164110.971117566
1955,BEN,GRC,253175.802547218
1956,BEN,HKG,67316.3529077331
1957,BEN,HRV,379.591894227974
1958,BEN,IDN,460507.482832628
1959,BEN,IND,178227131.242124
1960,BEN,IRL,11289.9141404058
1961,BEN,ITA,1391444.20042413
1962,BEN,JPN,57358.9763572322
1963,BEN,KEN,6422.45079125382
1964,BEN,KOR,2204102.73591625
1965,BEN,KWT,179136.866690165
1966,BEN,LBN,92126.8026928075
1967,BEN,LBR,104.500798275138
1968,BEN,LBY,34581.3927024336
1969,BEN,LKA,9492.16492885782
1970,BEN,LTU,60984.9556593499
1971,BEN,LUX,3801.5202982947
1972,BEN,MAR,30892.5696866755
1973,BEN,MDG,39849.050433406
1974,BEN,MLI,4323563.54613041
1975,BEN,MLT,123.958508732099
1976,BEN,MOZ,861.263500617835
1977,BEN,MRT,447161.220377217
1978,BEN,MUS,1741.68163832254
1979,BEN,MYS,19955677.6002872
1980,BEN,NER,19473678.2290498
1981,BEN,NGA,4321041.33003492
1982,BEN,NLD,5520542.53457266
1983,BEN,NOR,1833336.12167301
1984,BEN,NZL,4567.08063042839
1985,BEN,PAK,4808945.31770269
1986,BEN,POL,283008.512655766
1987,BEN,PRT,398484.723934701
1988,BEN,RWA,26842.0431072201
1989,BEN,SEN,1145334.67252949
1990,BEN,SGP,1629822.94229668
1991,BEN,SVN,83180.6919565208
1992,BEN,SWE,16995.9454958936
1993,BEN,TCA,2234.21987538142
1994,BEN,TCD,6657661.26012896
1995,BEN,TGO,4450492.82954817
1996,BEN,THA,452865.135720446
1997,BEN,TUN,21093.0463503712
1998,BEN,TUR,2733238.68130117
1999,BEN,TZA,21206.1232248021
2000,BEN,UGA,111968.106012579
2001,BEN,UKR,19894032.6233454
2002,BEN,USA,4078980.58329719
2003,BEN,VNM,12799737.2183064
2004,BEN,ZAF,654084.256235161
2005,BEN,ZMB,216.076309245597
2006,BEN,ZWE,123.960009095317
2007,BFA,AGO,3676.33399232897
2008,BFA,ARE,6720137.50881082
2009,BFA,ARG,29238.9778737464
2010,BFA,AUS,66534.3120858886
2011,BFA,AUT,1349608.35001246
2012,BFA,BDI,436.233606444949
2013,BFA,BEL,11388748.3873831
2014,BFA,BEN,2702854.41616838
2015,BFA,BFA,260.667104093246
2016,BFA,BHR,648163.196824197
2017,BFA,BRA,28774.4659214842
2018,BFA,CAF,1920.56644399203
2019,BFA,CAN,17260766.0169747
2020,BFA,CHE,1669399584.89872
2021,BFA,CHN,39988088.5927241
2022,BFA,CIV,62542512.8585563
2023,BFA,CMR,217003.788776248
2024,BFA,COD,14442.5328481208
2025,BFA,COG,1429.8561494541
2026,BFA,CPV,7441.82356805745
2027,BFA,CRI,427.968605596449
2028,BFA,CZE,456822.09064743
2029,BFA,DEU,13588222.0461603
2030,BFA,DJI,1317.15186522241
2031,BFA,DNK,13812137.5781791
2032,BFA,DOM,4405.51051641907
2033,BFA,DZA,140075.537453748
2034,BFA,EGY,824002.756279449
2035,BFA,ESP,6063845.93521302
2036,BFA,EST,36473.719810052
2037,BFA,ETH,1414353.06836114
2038,BFA,FIN,133449.936982616
2039,BFA,FRA,27424668.2731451
2040,BFA,GAB,48665.184203971
2041,BFA,GBR,2095737.9872293
2042,BFA,GEO,27416.8172525158
2043,BFA,GHA,29547721.7701017
2044,BFA,GIN,2626625.42562776
2045,BFA,GMB,7606.14984929878
2046,BFA,GNB,9528.64926123704
2047,BFA,GNQ,1737.78069395498
2048,BFA,GTM,643.32574073941
2049,BFA,HKG,357786.902024833
2050,BFA,HRV,1063.25740069654
2051,BFA,IDN,541667.130520791
2052,BFA,IND,170219543.924069
2053,BFA,IRL,6183.06183832239
2054,BFA,ISL,29203.0296711572
2055,BFA,ISR,438587.608317983
2056,BFA,ITA,11416369.1610107
2057,BFA,JPN,18107552.7079465
2058,BFA,KEN,37533.1322799411
2059,BFA,KOR,2306700.42197283
2060,BFA,KWT,69246.2636138486
2061,BFA,LBN,17340.2978590925
2062,BFA,LBY,586.500984209805
2063,BFA,LUX,11780.0632991001
2064,BFA,MAR,333640.402973539
2065,BFA,MDG,40242.6827266308
2066,BFA,MKD,2175.5516725776
2067,BFA,MLI,20556772.5295001
2068,BFA,MOZ,820.54014202587
2069,BFA,MRT,590023.053356634
2070,BFA,MUS,16772887.8780646
2071,BFA,MYS,4206936.96786269
2072,BFA,NER,26257424.7192622
2073,BFA,NGA,23568.2655685383
2074,BFA,NLD,9375910.28112961
2075,BFA,NOR,51897.9868231613
2076,BFA,PAK,224834.270933462
2077,BFA,PER,10866.7622008611
2078,BFA,PHL,1920.50943018973
2079,BFA,POL,415908.686047814
2080,BFA,PRT,70660.2154130678
2081,BFA,PSE,173934.342227104
2082,BFA,PYF,595.690208800773
2083,BFA,RUS,812.6767383988
2084,BFA,RWA,59729803.6284757
2085,BFA,SAU,16413.3544582306
2086,BFA,SDN,3878.4154135954
2087,BFA,SEN,5711162.04906153
2088,BFA,SGP,59958268.8079046
2089,BFA,SLE,3562.21686606672
2090,BFA,SRB,6660.61244707268
2091,BFA,SVK,204829.338501225
2092,BFA,SVN,67323.4431241816
2093,BFA,SWE,226485.906272754
2094,BFA,TGO,17560490.8569345
2095,BFA,THA,1081686.84872463
2096,BFA,TUN,151172.197809943
2097,BFA,TUR,3755997.77788849
2098,BFA,TZA,16056.2169999276
2099,BFA,UGA,65580102.0841397
2100,BFA,UKR,1122914.60692514
2101,BFA,USA,5164955.61513481
2102,BFA,VNM,10516214.2322873
2103,BFA,ZAF,1424385.38655403
2104,BFA,ZMB,2963.92902841401
2105,BGD,AGO,372899.048477641
2106,BGD,ALB,3189659.69835394
2107,BGD,AND,1905257.55591065
2108,BGD,ARE,207088575.824503
2109,BGD,ARG,8661118.25833896
2110,BGD,ARM,6032005.25450108
2111,BGD,ATG,8300.00082153526
2112,BGD,AUS,374016747.639475
2113,BGD,AUT,420974851.397619
2114,BGD,AZE,3860780.78948378
2115,BGD,BDI,404521.129769525
2116,BGD,BEL,229089569.122443
2117,BGD,BEN,86654.6339523971
2118,BGD,BFA,159814.178920429
2119,BGD,BGR,1769683.49920646
2120,BGD,BHR,9118510.77707956
2121,BGD,BIH,14279082.0738283
2122,BGD,BLR,12729631.6771727
2123,BGD,BLZ,628561.586530969
2124,BGD,BMU,327943.910927393
2125,BGD,BOL,1138756.62807105
2126,BGD,BRA,66627164.0641369
2127,BGD,BRB,9940.65650279622
2128,BGD,BRN,1430399.77605899
2129,BGD,BWA,78507.8062120595
2130,BGD,CAF,138905.597726657
2131,BGD,CAN,589248943.783341
2132,BGD,CHE,362336669.639007
2133,BGD,CHL,55572836.0770545
2134,BGD,CHN,399974143.50368
2135,BGD,CIV,11190640.2124875
2136,BGD,CMR,1941491.38464621
2137,BGD,COD,1036259.62338811
2138,BGD,COL,27263019.77516
2139,BGD,COM,234270.774887527
2140,BGD,CRI,6346589.44121415
2141,BGD,CUB,745004.380806994
2142,BGD,CYM,2591.3303271465
2143,BGD,CYP,2848407.48966189
2144,BGD,CZE,303171543.861646
2145,BGD,DEU,3303853883.41061
2146,BGD,DMA,11232.5227467008
2147,BGD,DNK,358383479.355394
2148,BGD,DOM,4854199.69819573
2149,BGD,ECU,6375626.69925416
2150,BGD,EGY,27919129.9488433
2151,BGD,ESP,1478425023.97526
2152,BGD,EST,13544540.2158611
2153,BGD,ETH,1575006.80352714
2154,BGD,FIN,90320706.4865614
2155,BGD,FJI,975443.440586457
2156,BGD,FRA,863747526.114387
2157,BGD,GAB,654546.898734854
2158,BGD,GBR,1527747643.37768
2159,BGD,GEO,1127559.51739715
2160,BGD,GMB,69095.1140225114
2161,BGD,GRC,24887771.7242036
2162,BGD,GRD,14340.6951945582
2163,BGD,GTM,688945.784754809
2164,BGD,GUY,50093.1333917747
2165,BGD,HKG,63734874.4881964
2166,BGD,HND,2434050.25670055
2167,BGD,HRV,7535084.64534329
2168,BGD,HUN,6008925.18211772
2169,BGD,IDN,38326857.4304086
2170,BGD,IND,512345944.914129
2171,BGD,IRL,119074714.519959
2172,BGD,IRN,20127971.7184376
2173,BGD,ISL,6402751.33777403
2174,BGD,ISR,18547490.1045305
2175,BGD,ITA,692709915.854168
2176,BGD,JAM,474316.135726711
2177,BGD,JOR,16691286.4999393
2178,BGD,JPN,657177032.118212
2179,BGD,KAZ,14900538.9053911
2180,BGD,KEN,7459025.97403472
2181,BGD,KGZ,955933.418965648
2182,BGD,KHM,5588294.46292751
2183,BGD,KIR,16133.7242634214
2184,BGD,KOR,196506742.709743
2185,BGD,KWT,34937544.4221022
2186,BGD,LAO,264671.85359067
2187,BGD,LBN,6979983.2625659
2188,BGD,LBR,104368.8463313
2189,BGD,LCA,550.738326538587
2190,BGD,LKA,23981688.2312524
2191,BGD,LSO,1345709.02803766
2192,BGD,LTU,1704046.02723382
2193,BGD,LUX,11964226.7076502
2194,BGD,LVA,599257.194821389
2195,BGD,MAC,3068467.07170568
2196,BGD,MAR,25658046.5461536
2197,BGD,MDA,5451946.34483319
2198,BGD,MDG,465564.246508911
2199,BGD,MDV,1911348.3634154
2200,BGD,MEX,145871943.687811
2201,BGD,MKD,4805838.83066285
2202,BGD,MLT,87143.2382370977
2203,BGD,MMR,24256842.3774689
2204,BGD,MNE,3290950.10993649
2205,BGD,MNG,3520328.70549145
2206,BGD,MOZ,279426.429980447
2207,BGD,MRT,112049.417196952
2208,BGD,MSR,90.6054343894591
2209,BGD,MUS,5604070.906698
2210,BGD,MWI,126056.734185011
2211,BGD,MYS,103759454.749576
2212,BGD,NAM,633328.965651039
2213,BGD,NER,693732.885649263
2214,BGD,NGA,3054479.72155133
2215,BGD,NIC,1739639.8590345
2216,BGD,NLD,732400187.79838
2217,BGD,NOR,135836901.501476
2218,BGD,NPL,18497306.4807322
2219,BGD,NZL,51225664.8238073
2220,BGD,OMN,1385738.46564044
2221,BGD,PAK,30975276.2323474
2222,BGD,PAN,10424611.1618832
2223,BGD,PER,37434297.9784506
2224,BGD,PHL,29435284.3969857
2225,BGD,PNG,561336.208647098
2226,BGD,POL,1136567018.49524
2227,BGD,PRT,40564227.4779054
2228,BGD,PRY,1661843.31050862
2229,BGD,PYF,902116.222526965
2230,BGD,QAT,25524639.9941739
2231,BGD,ROU,18755046.031103
2232,BGD,RUS,447624127.240909
2233,BGD,RWA,117301.007038099
2234,BGD,SAU,176251409.753817
2235,BGD,SEN,59533.7343376673
2236,BGD,SGP,81882791.3037649
2237,BGD,SLV,3643115.06046046
2238,BGD,SRB,39249382.2615925
2239,BGD,SUR,76450.3751349316
2240,BGD,SVK,144699365.062377
2241,BGD,SVN,45117188.8357428
2242,BGD,SWE,260686255.522557
2243,BGD,SWZ,353223.550797244
2244,BGD,SYC,115883.908977211
2245,BGD,TGO,34348.710873209
2246,BGD,THA,25416923.8465048
2247,BGD,TJK,819693.937170753
2248,BGD,TLS,192729.327246914
2249,BGD,TTO,1330740.69840102
2250,BGD,TUN,6150199.61780904
2251,BGD,TUR,285010729.366218
2252,BGD,TZA,1782010.22634571
2253,BGD,UGA,2626610.3679825
2254,BGD,UKR,48832278.7403707
2255,BGD,URY,11630490.8395658
2256,BGD,USA,3154885324.43328
2257,BGD,UZB,8084506.73323773
2258,BGD,VCT,4543.01980561771
2259,BGD,VNM,42976048.738257
2260,BGD,ZAF,41953470.6704944
2261,BGD,ZMB,576847.819805081
2262,BGD,ZWE,54679.2871395551
2263,BGR,ABW,625982.474661751
2264,BGR,AFG,1313589.4027969
2265,BGR,AGO,694754.495467625
2266,BGR,ALB,50861217.5949045
2267,BGR,AND,153613.460807754
2268,BGR,ARE,58609972.2479593
2269,BGR,ARG,6732549.21202167
2270,BGR,ARM,19687112.6757351
2271,BGR,ATG,134420.479438239
2272,BGR,AUS,36891053.5190792
2273,BGR,AUT,305918495.086575
2274,BGR,AZE,8363629.13511695
2275,BGR,BDI,38101.6719159436
2276,BGR,BEL,564567529.994692
2277,BGR,BEN,1249081.36124458
2278,BGR,BFA,331633.009509862
2279,BGR,BGD,15588808.3709179
2280,BGR,BHR,2515273.84486787
2281,BGR,BHS,65867.9552696273
2282,BGR,BIH,46134081.3201001
2283,BGR,BLR,31715683.0026331
2284,BGR,BLZ,195002.634084737
2285,BGR,BMU,26054.7525144749
2286,BGR,BOL,798491.614365983
2287,BGR,BRA,28654346.3421066
2288,BGR,BRB,45295.7154997108
2289,BGR,BRN,143728.894883752
2290,BGR,BWA,21668.5781790921
2291,BGR,CAF,142185.12865816
2292,BGR,CAN,118665960.624992
2293,BGR,CHE,172193487.125375
2294,BGR,CHL,6689236.03696905
2295,BGR,CHN,685657070.600168
2296,BGR,CIV,8278703.15764966
2297,BGR,CMR,1173538.11721421
2298,BGR,COD,528234.787726457
2299,BGR,COG,239859.09374636
2300,BGR,COK,62469.4825438732
2301,BGR,COL,4172279.76930865
2302,BGR,COM,62727.3619731069
2303,BGR,CPV,498896.12221964
2304,BGR,CRI,1141305.04000822
2305,BGR,CUB,887622.626817194
2306,BGR,CYM,93446.7812423332
2307,BGR,CYP,66346453.9909032
2308,BGR,CZE,375953837.50207
2309,BGR,DEU,2632897302.66157
2310,BGR,DJI,116725.86780442
2311,BGR,DMA,3608.46256154415
2312,BGR,DNK,110742624.603574
2313,BGR,DOM,2329431.70992004
2314,BGR,DZA,44595223.2657118
2315,BGR,ECU,3875961.70658506
2316,BGR,EGY,124247471.569219
2317,BGR,ERI,13083.0857437748
2318,BGR,ESP,381368201.034097
2319,BGR,EST,11966582.5109594
2320,BGR,ETH,5844758.35947924
2321,BGR,FIN,44974670.8885136
2322,BGR,FJI,92301.0403734689
2323,BGR,FRA,612044567.418383
2324,BGR,FRO,30095.8463103768
2325,BGR,GAB,195258.092927978
2326,BGR,GBR,379879098.566885
2327,BGR,GEO,75445098.2095491
2328,BGR,GHA,1489130.14941348
2329,BGR,GIB,57991356.4416715
2330,BGR,GIN,336583.713010365
2331,BGR,GMB,138030.209306581
2332,BGR,GNQ,23566.105045504
2333,BGR,GRC,1060000586.56298
2334,BGR,GRD,1240.85589496688
2335,BGR,GRL,2717.20479970836
2336,BGR,GTM,2165420.39342756
2337,BGR,GUY,94230.5024709822
2338,BGR,HKG,43457887.3475761
2339,BGR,HND,1021971.42090135
2340,BGR,HRV,97863111.3780405
2341,BGR,HTI,14925.8313483604
2342,BGR,HUN,287933504.431797
2343,BGR,IDN,31086689.1804636
2344,BGR,IND,64779852.7667568
2345,BGR,IRL,37823125.160921
2346,BGR,IRN,54571395.5094039
2347,BGR,IRQ,20318627.1751276
2348,BGR,ISL,4265031.76385222
2349,BGR,ISR,59452015.5311141
2350,BGR,ITA,1154458046.10829
2351,BGR,JAM,315507.320191596
2352,BGR,JOR,12458949.0459514
2353,BGR,JPN,67566335.3707146
2354,BGR,KAZ,18893568.8576658
2355,BGR,KEN,2171768.21515209
2356,BGR,KGZ,3541775.41745963
2357,BGR,KHM,883801.344234709
2358,BGR,KNA,129881.218042483
2359,BGR,KOR,104395424.265469
2360,BGR,KWT,9561157.63108778
2361,BGR,LBN,59892929.4135926
2362,BGR,LBR,448374.612623594
2363,BGR,LBY,65498580.3572969
2364,BGR,LCA,366275.315458595
2365,BGR,LKA,4963373.65128047
2366,BGR,LSO,22811.5298727336
2367,BGR,LTU,46729503.4735081
2368,BGR,LUX,8728896.62209347
2369,BGR,LVA,30075509.2680451
2370,BGR,MAC,1918890.01465043
2371,BGR,MAR,65486364.8270769
2372,BGR,MDA,34648143.906026
2373,BGR,MDG,305548.427774123
2374,BGR,MDV,197599.947360277
2375,BGR,MEX,50479221.3586168
2376,BGR,MHL,505544.307658296
2377,BGR,MKD,248224746.42435
2378,BGR,MLI,863538.136277349
2379,BGR,MLT,13678800.8461019
2380,BGR,MMR,4275219.24310757
2381,BGR,MNE,8745238.89634411
2382,BGR,MNG,1166589.61107185
2383,BGR,MNP,9893.24752570355
2384,BGR,MOZ,315563.730847877
2385,BGR,MRT,963270.766741484
2386,BGR,MUS,2069018.07418817
2387,BGR,MWI,1113723.25831997
2388,BGR,MYS,13128246.8316829
2389,BGR,NAM,130276059.601955
2390,BGR,NCL,193283.437389725
2391,BGR,NER,596476.691197864
2392,BGR,NGA,18987753.2224674
2393,BGR,NIC,687026.930225249
2394,BGR,NLD,428988127.81293
2395,BGR,NOR,46487803.0059893
2396,BGR,NPL,1216648.86426167
2397,BGR,NZL,6239070.81336198
2398,BGR,OMN,12852443.9769226
2399,BGR,PAK,13934341.8577353
2400,BGR,PAN,1093839.66326192
2401,BGR,PER,4782285.74877008
2402,BGR,PHL,63965572.7277199
2403,BGR,PLW,5866.24814187421
2404,BGR,POL,395870468.751247
2405,BGR,PRK,336668.798608474
2406,BGR,PRT,66389520.1971679
2407,BGR,PRY,2043671.74617399
2408,BGR,PSE,3483630.96644927
2409,BGR,PYF,607055.276634904
2410,BGR,QAT,7720925.87157112
2411,BGR,ROU,1449935971.05803
2412,BGR,RUS,260957396.269182
2413,BGR,RWA,1323352.98193158
2414,BGR,SAU,62123328.0919122
2415,BGR,SDN,16308422.0764748
2416,BGR,SEN,5850490.01353764
2417,BGR,SGP,49896436.0734291
2418,BGR,SLE,990897.089212471
2419,BGR,SLV,3574191.81004388
2420,BGR,SMR,419261.330679187
2421,BGR,SRB,334829282.733764
2422,BGR,STP,3760.14078085527
2423,BGR,SUR,105912.555543089
2424,BGR,SVK,153487544.542574
2425,BGR,SVN,104883819.056954
2426,BGR,SWE,140895612.74624
2427,BGR,SWZ,54898.6002323836
2428,BGR,SYC,204596.333593787
2429,BGR,SYR,1994499.91481738
2430,BGR,TCA,85016.0162645077
2431,BGR,TCD,166976.525330725
2432,BGR,TGO,802622.341360909
2433,BGR,THA,50735617.4897634
2434,BGR,TJK,364493.739162298
2435,BGR,TKM,1181340.35553396
2436,BGR,TLS,13025.1632214904
2437,BGR,TTO,203944.905891669
2438,BGR,TUN,82617834.3110538
2439,BGR,TUR,1062337111.90667
2440,BGR,TUV,592.102840345835
2441,BGR,TZA,3921615.046661
2442,BGR,UGA,916431.403044754
2443,BGR,UKR,144968937.076733
2444,BGR,URY,1482223.58192391
2445,BGR,USA,442367109.285686
2446,BGR,UZB,12564148.4148414
2447,BGR,VCT,156532.843552095
2448,BGR,VEN,63898.7465499772
2449,BGR,VGB,2746.63492435623
2450,BGR,VNM,30258577.6860124
2451,BGR,VUT,38212.4937444574
2452,BGR,WSM,15463.15292688
2453,BGR,YEM,3436497.85413985
2454,BGR,ZAF,73750381.0932225
2455,BGR,ZMB,213092.335364586
2456,BGR,ZWE,341364.536385113
2457,BHR,AFG,76567.7410476825
2458,BHR,AGO,121989.226994772
2459,BHR,ALB,869418.879928396
2460,BHR,ARE,1235803630.15322
2461,BHR,ARM,8985.93537731095
2462,BHR,AUS,47646645.8811778
2463,BHR,AUT,14304964.5736426
2464,BHR,AZE,313523.26987899
2465,BHR,BEL,28329431.0348645
2466,BHR,BEN,55064.645429752
2467,BHR,BFA,238.944845418809
2468,BHR,BGD,2883194.81871882
2469,BHR,BGR,14872705.1372002
2470,BHR,BIH,81414.2843323608
2471,BHR,BMU,967.999339967156
2472,BHR,BOL,219.588159418546
2473,BHR,BRA,58055882.5691022
2474,BHR,BRB,51498.3320719783
2475,BHR,BRN,8641.26193638337
2476,BHR,BWA,10111.7194148877
2477,BHR,CAN,11358117.0879465
2478,BHR,CHE,44740784.8467649
2479,BHR,CHL,78722.0455766048
2480,BHR,CHN,73172224.0374685
2481,BHR,CIV,1564157.01193464
2482,BHR,CMR,666826.730021241
2483,BHR,COL,10846739.3585932
2484,BHR,CRI,131740.74270906
2485,BHR,CYP,233326.815367285
2486,BHR,CZE,3368349.93342043
2487,BHR,DEU,12515808.393355
2488,BHR,DJI,1449066.83010838
2489,BHR,DNK,1379853.21939937
2490,BHR,DOM,302749.756752509
2491,BHR,DZA,51237917.8140958
2492,BHR,EGY,171756028.755931
2493,BHR,ESP,67928457.2856893
2494,BHR,EST,267942.285319375
2495,BHR,ETH,8956593.09892951
2496,BHR,FIN,881592.391976287
2497,BHR,FRA,64982835.4121978
2498,BHR,GAB,201140.548493458
2499,BHR,GBR,52966339.6458928
2500,BHR,GEO,1362687.49380194
2501,BHR,GHA,1733479.23762871
2502,BHR,GRC,1584301.20357971
2503,BHR,GUY,221781.243835572
2504,BHR,HKG,44881011.7623653
2505,BHR,HRV,226333.52238261
2506,BHR,HUN,1220041.64610973
2507,BHR,IDN,66041218.2143179
2508,BHR,IND,246483862.23858
2509,BHR,IRL,598513.62731343
2510,BHR,IRN,473518.63266166
2511,BHR,IRQ,15357451.738006
2512,BHR,ISR,43510.5333304793
2513,BHR,ITA,78887285.9226293
2514,BHR,JOR,27675441.5880815
2515,BHR,JPN,247668972.122668
2516,BHR,KAZ,10.0024214552826
2517,BHR,KEN,19720431.8838791
2518,BHR,KHM,6166682.36306587
2519,BHR,KOR,209658194.003923
2520,BHR,KWT,258740674.229797
2521,BHR,LBN,3542395.23750995
2522,BHR,LBR,243444.99484607
2523,BHR,LBY,647116.963544817
2524,BHR,LKA,17964943.1485392
2525,BHR,LTU,321371.019716483
2526,BHR,LUX,6740138.20421733
2527,BHR,MAC,36595.9338964823
2528,BHR,MAR,47773019.857663
2529,BHR,MDA,122.529662827212
2530,BHR,MDG,1533605.61234078
2531,BHR,MDV,200037.720013121
2532,BHR,MEX,33226680.7444044
2533,BHR,MKD,201.683825013591
2534,BHR,MLI,3211.4624530154
2535,BHR,MLT,237958.176559196
2536,BHR,MNE,13914125.3575853
2537,BHR,MOZ,5711931.27178028
2538,BHR,MRT,155491.122365034
2539,BHR,MUS,5666358.51971364
2540,BHR,MWI,5148724.56831087
2541,BHR,MYS,365301342.417973
2542,BHR,NAM,74753.6563815349
2543,BHR,NGA,2668651.69563752
2544,BHR,NIC,3481.82290374096
2545,BHR,NLD,206015401.636582
2546,BHR,NOR,10685422.3303526
2547,BHR,NZL,3290147.43011821
2548,BHR,OMN,239745272.176648
2549,BHR,PAK,26026624.5905727
2550,BHR,PER,465120.149498839
2551,BHR,PHL,16975827.0304765
2552,BHR,POL,16968751.9126831
2553,BHR,PRT,1164514.85880148
2554,BHR,PRY,7202729.68655896
2555,BHR,PSE,2026162.64244921
2556,BHR,QAT,688931.401272756
2557,BHR,ROU,1571659.30314112
2558,BHR,RUS,5984355.03900775
2559,BHR,RWA,499781.635590834
2560,BHR,SAU,971780130.672087
2561,BHR,SDN,9737512.30424532
2562,BHR,SEN,1644494.34555133
2563,BHR,SGP,91273130.5324538
2564,BHR,SLV,1843051.66867975
2565,BHR,SRB,19652843.1960427
2566,BHR,SVK,774510.722405998
2567,BHR,SVN,728963.892614805
2568,BHR,SWE,1252719.70704046
2569,BHR,SWZ,5035321.6854576
2570,BHR,SYC,66376.4188620062
2571,BHR,SYR,7249.8600962141
2572,BHR,THA,112302676.053105
2573,BHR,TTO,25126512.4512081
2574,BHR,TUN,7818562.06651566
2575,BHR,TUR,97492555.2912632
2576,BHR,TZA,2010490.70847917
2577,BHR,UGA,4038431.15131058
2578,BHR,UKR,199455.46555694
2579,BHR,USA,348713156.539845
2580,BHR,VCT,2009.20640256552
2581,BHR,VNM,3839091.23372629
2582,BHR,YEM,6787523.19050215
2583,BHR,ZAF,61585346.6346447
2584,BHR,ZMB,276075.90936327
2585,BHR,ZWE,269201.56017333
2586,BHS,AGO,10853110.1543794
2587,BHS,ALB,9507.38111249667
2588,BHS,ARE,463564.693943413
2589,BHS,ARG,126.615651991695
2590,BHS,ATG,31843.5058958821
2591,BHS,AUS,563534.282271945
2592,BHS,AUT,80664.1542356851
2593,BHS,BEL,928977.156207346
2594,BHS,BHR,1029.46421980987
2595,BHS,BIH,585.211672084219
2596,BHS,BLR,3450.83540207249
2597,BHS,BMU,4711976.97793714
2598,BHS,BOL,460.526487433393
2599,BHS,BRA,1481571.16898328
2600,BHS,BRB,112918.336050831
2601,BHS,BWA,51.0773651614006
2602,BHS,CAN,2991096.53031054
2603,BHS,CHE,1141965.12280562
2604,BHS,CHL,100.869419165797
2605,BHS,CHN,36472984.632075
2606,BHS,CIV,47556.4327897694
2607,BHS,COL,3782624.58889084
2608,BHS,CPV,247.575934892573
2609,BHS,CRI,40331.6837726188
2610,BHS,CUB,88214.0954776159
2611,BHS,CYM,99836.103013485
2612,BHS,CYP,23370657.8252908
2613,BHS,CZE,48356.7065255637
2614,BHS,DEU,72553123.2112637
2615,BHS,DMA,250.060536382065
2616,BHS,DNK,90408.5812338873
2617,BHS,DOM,8887597.10090168
2618,BHS,ECU,54687095.7804248
2619,BHS,ESP,448385.338720242
2620,BHS,EST,2424.8220176647
2621,BHS,FIN,328083.424701851
2622,BHS,FRA,10596956.3844053
2623,BHS,GAB,17906132.9438586
2624,BHS,GBR,1918153.60037418
2625,BHS,GRC,181071.049930605
2626,BHS,GRD,32124.0758181871
2627,BHS,GTM,4778662.35159306
2628,BHS,GUY,250.060536382065
2629,BHS,HKG,218907.283587422
2630,BHS,HND,362.317712374701
2631,BHS,HRV,7947.42396729478
2632,BHS,HTI,5231.26642111279
2633,BHS,HUN,36062.2301938031
2634,BHS,IDN,2458190.59576059
2635,BHS,IND,17936358.6841146
2636,BHS,IRL,15815082.804996
2637,BHS,ISL,2506.18321414519
2638,BHS,ISR,725175.555507988
2639,BHS,ITA,782803.359444858
2640,BHS,JAM,1033555.15517176
2641,BHS,JPN,2353841.27215549
2642,BHS,KEN,329.83284821438
2643,BHS,KGZ,28.5069011475554
2644,BHS,KNA,26.0062957837347
2645,BHS,KOR,132342.038274844
2646,BHS,LBN,40673.8466057611
2647,BHS,LCA,6618.45224063866
2648,BHS,LTU,169.54104366704
2649,BHS,LUX,10447.3061560442
2650,BHS,LVA,24669.4126418286
2651,BHS,MAR,949.334321410526
2652,BHS,MDA,664.160784630764
2653,BHS,MEX,168370.260235699
2654,BHS,MKD,956.021440274455
2655,BHS,MNE,454.241465911967
2656,BHS,MOZ,162419.706184468
2657,BHS,MUS,213.176107144637
2658,BHS,MYS,161647.526249815
2659,BHS,NGA,188182.811094876
2660,BHS,NIC,2040413.59241762
2661,BHS,NLD,5116424.05728003
2662,BHS,NOR,11778.4824163891
2663,BHS,NZL,47659.2166724018
2664,BHS,PAK,899037.981325071
2665,BHS,PAN,76011.401365129
2666,BHS,PER,209.285665319605
2667,BHS,PHL,770.686573129524
2668,BHS,POL,72965204.4207296
2669,BHS,PRT,8169.25016851395
2670,BHS,PRY,8434.04177109428
2671,BHS,RUS,757.35834654036
2672,BHS,SAU,40504205.0587635
2673,BHS,SEN,1776907.05993594
2674,BHS,SGP,98950601.6481974
2675,BHS,SLV,71.6673497270998
2676,BHS,SRB,426.103153995038
2677,BHS,SVK,22616.9582694958
2678,BHS,SVN,52869.454002647
2679,BHS,SWE,65974.6766054655
2680,BHS,SYC,245.549944426805
2681,BHS,TCA,6570161.5500947
2682,BHS,THA,4624773.1790391
2683,BHS,TTO,80382.0664459243
2684,BHS,TUR,3708048.67003723
2685,BHS,TZA,38491.8183652912
2686,BHS,UKR,982.187774801474
2687,BHS,URY,39.6095889629191
2688,BHS,USA,143733076.396042
2689,BHS,VCT,13888.0321107519
2690,BHS,VGB,221.553635234509
2691,BHS,ZAF,314112.083923161
2692,BIH,AFG,42993.2681073408
2693,BIH,AGO,147018.10615874
2694,BIH,ALB,11517811.4363575
2695,BIH,AND,93582.298049178
2696,BIH,ARE,9732645.62308552
2697,BIH,ARG,1374170.1335987
2698,BIH,ARM,177171.936006172
2699,BIH,AUS,7331031.46824057
2700,BIH,AUT,340885718.314027
2701,BIH,AZE,370971.097245888
2702,BIH,BEL,16732313.9641512
2703,BIH,BGD,904351.326616403
2704,BIH,BGR,12018029.9036996
2705,BIH,BHR,316879.44736562
2706,BIH,BHS,145.035111101598
2707,BIH,BLR,2083554.40124264
2708,BIH,BMU,657.339133198261
2709,BIH,BOL,27791.2028863763
2710,BIH,BRA,1360683.90375902
2711,BIH,BWA,34.7029011180302
2712,BIH,CAN,4778920.91018671
2713,BIH,CHE,77810733.4598723
2714,BIH,CHL,815479.383382458
2715,BIH,CHN,36351001.1014592
2716,BIH,CIV,223900.033266754
2717,BIH,CMR,984911.839261816
2718,BIH,COG,6941.71049723048
2719,BIH,COL,858395.966425349
2720,BIH,CRI,37297.2241696761
2721,BIH,CUB,58319.4033640366
2722,BIH,CYP,431890.050927024
2723,BIH,CZE,59227647.7381088
2724,BIH,DEU,476287246.604849
2725,BIH,DNK,10230877.1664193
2726,BIH,DOM,38109.880903232
2727,BIH,DZA,2338710.95630411
2728,BIH,EGY,22173314.2190793
2729,BIH,ESP,20970553.3619224
2730,BIH,EST,312053.464058244
2731,BIH,ETH,55965.3634818002
2732,BIH,FIN,5791184.92755275
2733,BIH,FRA,76245239.0741769
2734,BIH,GBR,33389477.1852914
2735,BIH,GEO,183617.826471864
2736,BIH,GHA,116796.809978592
2737,BIH,GIB,8107.13763188201
2738,BIH,GRC,7870984.27924705
2739,BIH,GUY,4479.65496581957
2740,BIH,HKG,509410.636645926
2741,BIH,HRV,397653601.973956
2742,BIH,HTI,1180.20071114098
2743,BIH,HUN,56820181.4220323
2744,BIH,IDN,497597.961952035
2745,BIH,IND,1954242.34148593
2746,BIH,IRL,1363891.7603391
2747,BIH,IRN,508293.576220222
2748,BIH,IRQ,2329971.19552245
2749,BIH,ISL,393920.654033131
2750,BIH,ISR,4671630.94068973
2751,BIH,ITA,344167377.426735
2752,BIH,JOR,469140.912873012
2753,BIH,JPN,5845403.878751
2754,BIH,KAZ,253473.462606822
2755,BIH,KEN,30251.5875132831
2756,BIH,KGZ,24399.1567164072
2757,BIH,KHM,21174.8511542432
2758,BIH,KOR,11840279.3766241
2759,BIH,KWT,1607264.09759572
2760,BIH,LBN,1197482.39481034
2761,BIH,LBR,3381.92371945632
2762,BIH,LBY,858551.6541153
2763,BIH,LCA,7390.37911402864
2764,BIH,LKA,313815.605149532
2765,BIH,LTU,7255326.16947888
2766,BIH,LUX,20057294.7784757
2767,BIH,LVA,739159.33579812
2768,BIH,MAC,137491.944999839
2769,BIH,MAR,1545360.06293938
2770,BIH,MDA,1259207.83773196
2771,BIH,MEX,8977828.91484252
2772,BIH,MKD,36986163.3859328
2773,BIH,MLI,37870.8980486117
2774,BIH,MLT,128535.591283861
2775,BIH,MMR,16474.418240973
2776,BIH,MNE,85559577.3935407
2777,BIH,MNG,79124.5300128175
2778,BIH,MOZ,18407.5462259496
2779,BIH,MRT,481074.416818084
2780,BIH,MUS,61707.6971255967
2781,BIH,MYS,1158581.07230946
2782,BIH,NER,29241.3039368559
2783,BIH,NGA,585338.857874233
2784,BIH,NLD,70401207.950752
2785,BIH,NOR,12962143.8973371
2786,BIH,NPL,1292.31785323324
2787,BIH,NZL,1024083.37717831
2788,BIH,OMN,240483.702956072
2789,BIH,PAK,358942.500280041
2790,BIH,PAN,16470.4872893411
2791,BIH,PER,343412.74072857
2792,BIH,PHL,2822349.73892158
2793,BIH,POL,50694057.3676019
2794,BIH,PRT,3857950.86439597
2795,BIH,PRY,62440.421008456
2796,BIH,PSE,52960.1209519284
2797,BIH,PYF,44339.0949143912
2798,BIH,QAT,1839755.86080781
2799,BIH,ROU,48525178.1103287
2800,BIH,RUS,47031171.7759547
2801,BIH,RWA,116866.771915461
2802,BIH,SAU,9878370.29412055
2803,BIH,SDN,85468.4958038803
2804,BIH,SGP,1285837.51242757
2805,BIH,SLE,9764.43384159705
2806,BIH,SLV,11093.3255488815
2807,BIH,SRB,358080993.375499
2808,BIH,SVK,35522505.1329319
2809,BIH,SVN,297553264.359733
2810,BIH,SWE,24534955.5615297
2811,BIH,SWZ,709.011642436251
2812,BIH,SYC,4946.15940043571
2813,BIH,SYR,1849716.50714989
2814,BIH,TCD,12898.6776009777
2815,BIH,THA,1311912.89043521
2816,BIH,TJK,15196.6789170108
2817,BIH,TUN,4839408.06233435
2818,BIH,TUR,101559145.639547
2819,BIH,TZA,122381.066854072
2820,BIH,UKR,6160656.63431583
2821,BIH,URY,393729.031643859
2822,BIH,USA,51017111.074675
2823,BIH,VCT,1287.49168488106
2824,BIH,VNM,179851.419674088
2825,BIH,YEM,250342.689687686
2826,BIH,ZAF,1795889.61586421
2827,BIH,ZWE,31916.5665829179
2828,BLR,AFG,9649586.0384475
2829,BLR,AGO,4209519.06945568
2830,BLR,ALB,481537.178846713
2831,BLR,AND,58764.2260497852
2832,BLR,ARE,19389643.978958
2833,BLR,ARG,3312774.85942261
2834,BLR,ARM,28743958.5360456
2835,BLR,AUS,15783109.5266839
2836,BLR,AUT,19617408.158684
2837,BLR,AZE,74128842.0771718
2838,BLR,BEL,73281290.4410169
2839,BLR,BEN,5599655.60331085
2840,BLR,BFA,2287826.4148228
2841,BLR,BGD,43609357.2544575
2842,BLR,BGR,20610531.3012949
2843,BLR,BHR,122138.42811441
2844,BLR,BIH,5234629.00515037
2845,BLR,BLZ,153787.22987497
2846,BLR,BMU,72.5175555507988
2847,BLR,BOL,9700251.07879046
2848,BLR,BRA,293082853.021675
2849,BLR,BRB,238.55775170849
2850,BLR,BWA,100.08472920263
2851,BLR,CAN,9573767.68381646
2852,BLR,CHE,27594399.5448638
2853,BLR,CHL,1148982.17854295
2854,BLR,CHN,444454096.017852
2855,BLR,CIV,17125711.135456
2856,BLR,CMR,8764221.70333316
2857,BLR,COG,203099.167649513
2858,BLR,COL,29997261.9443925
2859,BLR,CRI,3990534.23609447
2860,BLR,CUB,1634295.64157862
2861,BLR,CYP,392795.090548947
2862,BLR,CZE,69691632.9319297
2863,BLR,DEU,454075925.836882
2864,BLR,DNK,76071115.821217
2865,BLR,DOM,852156.2958828
2866,BLR,DZA,6602948.48738297
2867,BLR,ECU,21092728.5094261
2868,BLR,EGY,38338660.2757229
2869,BLR,ESP,22531644.5666652
2870,BLR,EST,149151258.066889
2871,BLR,ETH,1279442.94638685
2872,BLR,FIN,14235089.5003022
2873,BLR,FRA,59853189.6736218
2874,BLR,GBR,401925550.913866
2875,BLR,GEO,25078410.3848275
2876,BLR,GHA,7365833.17177738
2877,BLR,GIN,1845646.80692874
2878,BLR,GRC,1220995.58704635
2879,BLR,GUY,138217.324104624
2880,BLR,HKG,3476341.57678346
2881,BLR,HRV,2901250.3547277
2882,BLR,HTI,66316.0542485236
2883,BLR,HUN,59828583.7168418
2884,BLR,IDN,79103696.4692894
2885,BLR,IND,200066033.367413
2886,BLR,IRL,10935826.9150242
2887,BLR,IRN,4986957.27706752
2888,BLR,IRQ,1346125.87945193
2889,BLR,ISL,2947013.43336991
2890,BLR,ISR,51415146.9339454
2891,BLR,ITA,45248404.0462273
2892,BLR,JOR,4968434.82202365
2893,BLR,JPN,14535933.2096256
2894,BLR,KAZ,363000777.735883
2895,BLR,KGZ,30117491.050285
2896,BLR,KHM,711698.29283914
2897,BLR,KOR,20447689.6179553
2898,BLR,KWT,651530.226938106
2899,BLR,LAO,3351.51135702154
2900,BLR,LBN,416650.865719796
2901,BLR,LBY,777988.34079188
2902,BLR,LKA,14242779.1063551
2903,BLR,LTU,517239216.8427
2904,BLR,LUX,488137.432181634
2905,BLR,LVA,170523541.662442
2906,BLR,MAC,3136.35777115519
2907,BLR,MAR,29785323.426352
2908,BLR,MDA,62765444.6924346
2909,BLR,MDG,128954.06909186
2910,BLR,MEX,10350929.8245961
2911,BLR,MKD,746862.960744864
2912,BLR,MLI,6767138.23557144
2913,BLR,MLT,19554.7339450775
2914,BLR,MNE,838779.825114352
2915,BLR,MNG,26018994.777995
2916,BLR,MOZ,319220.16952381
2917,BLR,MUS,64915.715244784
2918,BLR,MYS,59058947.3979651
2919,BLR,NER,133632.350642575
2920,BLR,NGA,3122155.83305191
2921,BLR,NIC,1133774.47195628
2922,BLR,NLD,343323764.188514
2923,BLR,NOR,83147113.4105944
2924,BLR,NPL,2459696.41529979
2925,BLR,NZL,7258657.22588402
2926,BLR,OMN,424902.863420404
2927,BLR,PAK,16593900.547075
2928,BLR,PAN,505772.440886364
2929,BLR,PER,1857693.5432859
2930,BLR,PHL,3747057.11347069
2931,BLR,POL,624298934.598743
2932,BLR,PRK,1000.24214552826
2933,BLR,PRT,3104251.49864695
2934,BLR,PYF,3242.21339741645
2935,BLR,QAT,409621.263445117
2936,BLR,ROU,63651851.454907
2937,BLR,RUS,6503845595.87039
2938,BLR,SAU,7859798.29126581
2939,BLR,SDN,4628720.55264657
2940,BLR,SEN,5081396.71311858
2941,BLR,SGP,11294184.1741251
2942,BLR,SLE,263813.865883078
2943,BLR,SLV,76106.6494234369
2944,BLR,SRB,27168290.5874639
2945,BLR,SVK,38602275.886611
2946,BLR,SVN,8169097.64659039
2947,BLR,SWE,17640470.5269655
2948,BLR,SYC,50.012107276413
2949,BLR,SYR,1464504.5373752
2950,BLR,TGO,605746.643331914
2951,BLR,THA,28901163.8098842
2952,BLR,TJK,26180531.9640329
2953,BLR,TKM,10279788.6022376
2954,BLR,TTO,72636.9514549841
2955,BLR,TUN,16715396.5786737
2956,BLR,TUR,88023969.4505939
2957,BLR,TZA,271665.766725475
2958,BLR,UKR,1574629247.12568
2959,BLR,URY,10354106.5936503
2960,BLR,USA,177536238.198963
2961,BLR,UZB,117840327.600546
2962,BLR,VEN,530578.446095465
2963,BLR,VGB,24906.0294236537
2964,BLR,VNM,39201290.1191144
2965,BLR,YEM,747130.870602333
2966,BLR,ZAF,9046690.08523034
2967,BLR,ZMB,15953.8622211757
2968,BLR,ZWE,15386447.7375578
2969,BLZ,AGO,9647.9296374545
2970,BLZ,ARE,1046217.35552469
2971,BLZ,ARG,450.824138621769
2972,BLZ,ATG,86654.2033481535
2973,BLZ,AUS,2187132.68218841
2974,BLZ,AUT,57744.8022606322
2975,BLZ,BEL,581008.196977927
2976,BLZ,BGR,345.005021198825
2977,BLZ,BHR,27358691.1709524
2978,BLZ,BIH,5925.52949311323
2979,BLZ,BMU,71.6173376198233
2980,BLZ,BOL,935.57148960913
2981,BLZ,BRA,136555.058191809
2982,BLZ,BRB,2181422.21875998
2983,BLZ,CAN,607559.653737997
2984,BLZ,CHE,367794.91083274
2985,BLZ,CHL,259.392795599843
2986,BLZ,CHN,224335.87127743
2987,BLZ,CIV,1347.01609496145
2988,BLZ,CMR,772.75207316004
2989,BLZ,COL,201823.558841321
2990,BLZ,CRI,79172.0415147301
2991,BLZ,CYM,175817.933719945
2992,BLZ,CZE,241692.510592575
2993,BLZ,DEU,893990.324353402
2994,BLZ,DMA,88660.8196236832
2995,BLZ,DNK,930316.636477983
2996,BLZ,DOM,75887.8614577348
2997,BLZ,ECU,142308.432008287
2998,BLZ,ESP,8886251.63768265
2999,BLZ,EST,7375.69805993765
3000,BLZ,ETH,1139347.47610763
3001,BLZ,FIN,14862.9971370205
3002,BLZ,FJI,587.101129497121
3003,BLZ,FRA,714133.902468344
3004,BLZ,GBR,35013485.7410012
3005,BLZ,GEO,204594.029536005
3006,BLZ,GRC,389487.181247413
3007,BLZ,GRD,309508.656493649
3008,BLZ,GTM,4219122.44680761
3009,BLZ,GUY,771606.659370357
3010,BLZ,HKG,199255.628679048
3011,BLZ,HND,2860163.65317516
3012,BLZ,HRV,139.033658228428
3013,BLZ,HUN,59564.4197662078
3014,BLZ,IDN,44566.7890361571
3015,BLZ,IND,324476.0869126
3016,BLZ,IRL,10501719.8958982
3017,BLZ,ISR,554134.148622656
3018,BLZ,ITA,546784.321825812
3019,BLZ,JAM,5671802.57164734
3020,BLZ,JPN,2146522.49649412
3021,BLZ,KEN,1212.47302384537
3022,BLZ,KHM,39853.1029144586
3023,BLZ,KNA,61176.8401120637
3024,BLZ,KOR,172239.696975675
3025,BLZ,KWT,13601.792815966
3026,BLZ,LBN,413.600127175935
3027,BLZ,LCA,1009743.91328184
3028,BLZ,LKA,3331.03389969721
3029,BLZ,LTU,25245.1115109877
3030,BLZ,LUX,281912.460315844
3031,BLZ,MDA,255093.754858363
3032,BLZ,MDG,4331.83868143233
3033,BLZ,MEX,6194143.60607328
3034,BLZ,MKD,45.5410248859016
3035,BLZ,MOZ,5186.3900571326
3036,BLZ,MUS,15997.6648252127
3037,BLZ,MYS,45163.4979915831
3038,BLZ,NAM,2931.3576433081
3039,BLZ,NGA,4394.04774143131
3040,BLZ,NIC,4338.02267849706
3041,BLZ,NLD,1604552.98377056
3042,BLZ,NZL,38045.7093681435
3043,BLZ,PAK,1659227.0636495
3044,BLZ,PAN,1953986.03443735
3045,BLZ,PER,198373.356092405
3046,BLZ,POL,348164.786136549
3047,BLZ,PRT,11584472.0045083
3048,BLZ,PSE,0.250060536382065
3049,BLZ,ROU,399.25665480906
3050,BLZ,RUS,1749.01841445999
3051,BLZ,SAU,2408.71661875848
3052,BLZ,SLV,196817.141853312
3053,BLZ,SRB,64.5156183865727
3054,BLZ,SUR,226713.384342217
3055,BLZ,SVK,14075.2619366415
3056,BLZ,SVN,13760.4812323541
3057,BLZ,SWE,4941.31322724063
3058,BLZ,SYC,50166732.1770771
3059,BLZ,THA,1132660.78384697
3060,BLZ,TTO,5842786.5121208
3061,BLZ,TUN,5599.36553308865
3062,BLZ,TUR,2708.99831302537
3063,BLZ,UKR,952274.763252999
3064,BLZ,URY,13165.1671146
3065,BLZ,USA,26961902.6236399
3066,BLZ,VCT,82002.1016352341
3067,BLZ,VEN,44320.0743097518
3068,BLZ,VNM,151061.575029616
3069,BLZ,ZAF,70696.8622847956
3070,BLZ,ZMB,2812.1972961481
3071,BMU,AGO,9051774.59562374
3072,BMU,ARE,15924.8857063409
3073,BMU,AUS,57887.5203108037
3074,BMU,AUT,13138.038547129
3075,BMU,BEL,67798.8182062654
3076,BMU,BHS,39661.6015544865
3077,BMU,BRA,528.127852838921
3078,BMU,BRB,20542.9731848594
3079,BMU,CAN,192186.468827997
3080,BMU,CHE,34349.0974667982
3081,BMU,CHL,5043.87855696417
3082,BMU,CHN,1819.4404627159
3083,BMU,COL,896.191956339682
3084,BMU,CRI,15577.000988005
3085,BMU,CZE,23871.7790451774
3086,BMU,DEU,129478.244487861
3087,BMU,DNK,703801.763192694
3088,BMU,DOM,3702.52633315177
3089,BMU,ESP,4722.30970935614
3090,BMU,FIN,8564.54586442672
3091,BMU,FRA,906948.42834073
3092,BMU,GBR,400831.083957744
3093,BMU,GRC,14569.9526947975
3094,BMU,HUN,77759.3245144396
3095,BMU,IRL,51887.6768272463
3096,BMU,ISL,637.024215222582
3097,BMU,ISR,115027.84673575
3098,BMU,ITA,7937.89966158506
3099,BMU,JAM,804903.486596306
3100,BMU,JPN,6384.87669505705
3101,BMU,KAZ,30.4323672776973
3102,BMU,KEN,684.726263263898
3103,BMU,KOR,163743.140070485
3104,BMU,LCA,7629.4019783348
3105,BMU,LUX,669.397552383677
3106,BMU,MDV,544.844899817135
3107,BMU,MEX,687.666475050678
3108,BMU,MKD,1113.87965568172
3109,BMU,MYS,720.174344780347
3110,BMU,NGA,38.8724105016647
3111,BMU,NLD,100137652.88276
3112,BMU,NOR,5323.71380141324
3113,BMU,NZL,1667.9802961925
3114,BMU,POL,9490.79759784489
3115,BMU,PRT,3191.49711966958
3116,BMU,PRY,32.5078697296684
3117,BMU,RUS,5534.60485537642
3118,BMU,SAU,28099.3349811223
3119,BMU,SGP,34879.5598848048
3120,BMU,SVK,4130.60946647388
3121,BMU,SWE,5647.21511684643
3122,BMU,SYC,379.552884784299
3123,BMU,THA,2202.80977140647
3124,BMU,TTO,2400.58114926782
3125,BMU,TUR,1657.90135621309
3126,BMU,TZA,2361149.58840317
3127,BMU,USA,12606564.8843133
3128,BMU,VCT,20.4099409795041
3129,BMU,ZAF,12035.3551019033
3130,BMU,ZMB,309229.207342668
3131,BMU,ZWE,4728727.27296427
3132,BOL,AGO,680063.524475882
3133,BOL,AND,324.0629513979
3134,BOL,ARE,274110495.572323
3135,BOL,ARG,515346604.486027
3136,BOL,AUS,65825062.5858701
3137,BOL,AUT,7978526.32776906
3138,BOL,AZE,5463.55265456882
3139,BOL,BEL,64066138.0482674
3140,BOL,BGR,310430.071556172
3141,BOL,BHR,48308.4598456741
3142,BOL,BHS,17583.0066157049
3143,BOL,BIH,92545.0739508031
3144,BOL,BLR,385021.828744032
3145,BOL,BLZ,65.1757782026214
3146,BOL,BRA,577783403.797717
3147,BOL,BRN,3060.50090720155
3148,BOL,CAN,95609155.1772531
3149,BOL,CHE,4932073.00030266
3150,BOL,CHL,76692517.8845212
3151,BOL,CHN,179921830.164546
3152,BOL,COL,185267846.780178
3153,BOL,CRI,1250291.91430363
3154,BOL,CUB,3994855.09211715
3155,BOL,CZE,1108809.42824604
3156,BOL,DEU,89771873.5787998
3157,BOL,DNK,1069845.94919787
3158,BOL,DOM,1691893.84034847
3159,BOL,DZA,72860.583593397
3160,BOL,ECU,131095947.967194
3161,BOL,EGY,266784.433518612
3162,BOL,ESP,40035951.9798235
3163,BOL,EST,97842.4463753138
3164,BOL,FIN,18689130.5738338
3165,BOL,FRA,10051687.3804181
3166,BOL,GBR,23504428.2193519
3167,BOL,GHA,43091.0417770662
3168,BOL,GRC,973386.065022769
3169,BOL,GTM,490038.416885143
3170,BOL,GUY,37961.254922828
3171,BOL,HKG,53580578.5115805
3172,BOL,HND,246011.616191495
3173,BOL,HRV,182643.930704449
3174,BOL,HUN,62556.1440234829
3175,BOL,IDN,1192074.08552947
3176,BOL,IND,508049859.826674
3177,BOL,IRL,158880.804962814
3178,BOL,ISL,45024.9024394144
3179,BOL,ISR,1243714.8670866
3180,BOL,ITA,62209305.5754354
3181,BOL,JAM,43705.7956009186
3182,BOL,JOR,52502.7102187783
3183,BOL,JPN,264746414.825968
3184,BOL,KAZ,2028801.44126786
3185,BOL,KEN,203.734821532996
3186,BOL,KOR,144901819.833527
3187,BOL,KWT,604481.837138893
3188,BOL,LBN,115270.40545604
3189,BOL,LBY,63493.9060433907
3190,BOL,LKA,54.4891911197974
3191,BOL,LTU,377292.937680692
3192,BOL,LUX,181456.400218865
3193,BOL,LVA,58777.3632301246
3194,BOL,MAC,4377.85532145843
3195,BOL,MAR,124227.287299871
3196,BOL,MDA,15505.7537399791
3197,BOL,MEX,11752490.6241165
3198,BOL,MKD,98060.8192405256
3199,BOL,MLT,10283.2344364289
3200,BOL,MNE,44665.2708773215
3201,BOL,MOZ,53562.9668930383
3202,BOL,MUS,54335.9270165646
3203,BOL,MYS,7027697.81913537
3204,BOL,NAM,52.7587722080336
3205,BOL,NGA,409200.095985989
3206,BOL,NIC,328553.343463031
3207,BOL,NLD,106860951.727389
3208,BOL,NOR,684417.685561276
3209,BOL,NZL,2350050.22139173
3210,BOL,PAK,109948.774658895
3211,BOL,PAN,917400.605676023
3212,BOL,PER,263080745.419212
3213,BOL,PHL,122771.941479702
3214,BOL,POL,4602496.70419618
3215,BOL,PRK,339533.646650679
3216,BOL,PRT,642539.144814835
3217,BOL,PRY,21711832.1503122
3218,BOL,PSE,45486.4066635451
3219,BOL,PYF,15110.7461138042
3220,BOL,QAT,114450.336928186
3221,BOL,ROU,70904.9701649888
3222,BOL,RUS,2124411.30716467
3223,BOL,SAU,696032.616383965
3224,BOL,SGP,462460.145546707
3225,BOL,SLV,1371993.71171546
3226,BOL,SRB,1874859.37890997
3227,BOL,SUR,65119.2600203094
3228,BOL,SVK,2507122.94014055
3229,BOL,SVN,389638.32633766
3230,BOL,SWE,554187.28348591
3231,BOL,SYC,29.8252202953616
3232,BOL,THA,541475.817706464
3233,BOL,TTO,49525.4944738242
3234,BOL,TUN,94444.1486919352
3235,BOL,TUR,83601369.2969974
3236,BOL,UKR,714989.539606894
3237,BOL,URY,5084384.91802387
3238,BOL,USA,194585424.083658
3239,BOL,VCT,1613.64064127346
3240,BOL,VEN,3053764.99652576
3241,BOL,VNM,1754089.74716324
3242,BOL,ZAF,600974.963170617
3243,BRA,ABW,14457940.5781306
3244,BRA,AFG,18719457.2355215
3245,BRA,AGO,264003311.682426
3246,BRA,AIA,305954.067474184
3247,BRA,ALB,24352304.3740685
3248,BRA,AND,101026.457182645
3249,BRA,ARE,1147484767.29629
3250,BRA,ARG,4325434901.04594
3251,BRA,ARM,27062096.869355
3252,BRA,ATG,11541228.4803173
3253,BRA,AUS,317970521.428367
3254,BRA,AUT,166541627.815731
3255,BRA,AZE,39200188.7824952
3256,BRA,BDI,97329.7872672555
3257,BRA,BEL,1320534175.03534
3258,BRA,BEN,63714674.988662
3259,BRA,BFA,11053195.4724154
3260,BRA,BGD,762771034.881344
3261,BRA,BGR,59270892.9322042
3262,BRA,BHR,394070779.99166
3263,BRA,BHS,86072768.5904108
3264,BRA,BIH,47312655.8095541
3265,BRA,BLR,28091618.1129696
3266,BRA,BLZ,3721606.56222543
3267,BRA,BMU,2243698.16995244
3268,BRA,BOL,599618763.032319
3269,BRA,BRA,125533744.075953
3270,BRA,BRB,5812812.70585473
3271,BRA,BRN,502154.400006035
3272,BRA,BWA,1245674.56150296
3273,BRA,CAF,1875210.96402412
3274,BRA,CAN,2453061814.41278
3275,BRA,CHE,742585006.222081
3276,BRA,CHL,2179659654.11065
3277,BRA,CHN,42768958414.9009
3278,BRA,CIV,40666320.8288691
3279,BRA,CMR,22702463.9743074
3280,BRA,COD,40304558.2058742
3281,BRA,COG,36758970.865598
3282,BRA,COK,194998.706633952
3283,BRA,COL,1218039620.58056
3284,BRA,COM,3259078.4802322
3285,BRA,CPV,13212176.2143877
3286,BRA,CRI,152917828.399255
3287,BRA,CUB,130838874.623603
3288,BRA,CYM,27778652.3480553
3289,BRA,CYP,28346956.4270325
3290,BRA,CZE,104354172.779025
3291,BRA,DEU,3450450604.59706
3292,BRA,DJI,8914100.98714555
3293,BRA,DMA,1371366.48987326
3294,BRA,DNK,135850825.706344
3295,BRA,DOM,274764095.145222
3296,BRA,DZA,590174694.566986
3297,BRA,ECU,331575518.553054
3298,BRA,EGY,1101318629.86382
3299,BRA,ERI,2340433.0882097
3300,BRA,ESP,2028927527.79175
3301,BRA,EST,13185475.1209025
3302,BRA,ETH,16775426.5861526
3303,BRA,FIN,214607756.779271
3304,BRA,FJI,401407.675543018
3305,BRA,FRA,1160229201.77803
3306,BRA,FRO,101282.019050828
3307,BRA,FSM,33575.6282200198
3308,BRA,GAB,19597591.1177379
3309,BRA,GBR,1451845390.12589
3310,BRA,GEO,101990119.472669
3311,BRA,GHA,99230789.9751232
3312,BRA,GIB,791604.136997883
3313,BRA,GIN,44251252.6489288
3314,BRA,GMB,60035405.785757
3315,BRA,GNB,1730055.32374399
3316,BRA,GNQ,22427587.4252936
3317,BRA,GRC,99738514.6646233
3318,BRA,GRD,4054299.99294938
3319,BRA,GRL,242419.186511302
3320,BRA,GTM,146789123.224969
3321,BRA,GUY,20531862.9952279
3322,BRA,HKG,1163895770.42829
3323,BRA,HND,72290681.5425716
3324,BRA,HRV,28963848.7685921
3325,BRA,HTI,28666715.8365993
3326,BRA,HUN,51716861.4750858
3327,BRA,IDN,1280721804.98177
3328,BRA,IND,1597882433.32213
3329,BRA,IRL,161474329.906248
3330,BRA,IRN,578422906.612977
3331,BRA,IRQ,278698257.699471
3332,BRA,ISL,136646061.722572
3333,BRA,ISR,214505839.055324
3334,BRA,ITA,1718723577.34704
3335,BRA,JAM,154091894.215218
3336,BRA,JOR,140976066.508543
3337,BRA,JPN,3747725282.11907
3338,BRA,KAZ,15380725.2422166
3339,BRA,KEN,27477411.2510295
3340,BRA,KGZ,1390421.10274558
3341,BRA,KHM,21968579.2404214
3342,BRA,KIR,18131007.2794912
3343,BRA,KNA,1474356.42238758
3344,BRA,KOR,2119196135.13979
3345,BRA,KWT,129286202.497009
3346,BRA,LAO,657921.149096691
3347,BRA,LBN,88826201.6605091
3348,BRA,LBR,111693686.579227
3349,BRA,LBY,83242765.9838301
3350,BRA,LCA,19592355.5527761
3351,BRA,LKA,14141373.4463725
3352,BRA,LSO,10429.0022249021
3353,BRA,LTU,13376444.2620314
3354,BRA,LUX,25218945.6765818
3355,BRA,LVA,11734464.7602908
3356,BRA,MAC,30096924.4063698
3357,BRA,MAR,383985909.382517
3358,BRA,MDA,4764721.47668976
3359,BRA,MDG,21121058.4812413
3360,BRA,MDV,4794637.21889929
3361,BRA,MEX,2817738840.18336
3362,BRA,MHL,103844714.445832
3363,BRA,MKD,15843398.7994275
3364,BRA,MLI,1830168.55984777
3365,BRA,MLT,54406015.484065
3366,BRA,MMR,34779915.0170869
3367,BRA,MNE,7771807.4528358
3368,BRA,MNG,2388623.19940471
3369,BRA,MOZ,16757386.2438219
3370,BRA,MRT,49089087.325367
3371,BRA,MSR,81031.6166935353
3372,BRA,MUS,13710572.0319901
3373,BRA,MWI,1680886.36008161
3374,BRA,MYS,1601761949.0976
3375,BRA,NAM,7132363.31578183
3376,BRA,NCL,2887557.53987649
3377,BRA,NER,26650096.8445429
3378,BRA,NGA,589137345.858945
3379,BRA,NIC,43177317.8283687
3380,BRA,NLD,3353311789.88276
3381,BRA,NOR,651965201.122661
3382,BRA,NPL,11620200.2033375
3383,BRA,NZL,70244329.243971
3384,BRA,OMN,406917250.35845
3385,BRA,PAK,489554428.217823
3386,BRA,PAN,214204359.571088
3387,BRA,PER,991247983.919485
3388,BRA,PHL,418633131.100293
3389,BRA,PLW,1998.98392783823
3390,BRA,PNG,2465468.70719609
3391,BRA,POL,704212727.681817
3392,BRA,PRK,46331.7163019417
3393,BRA,PRT,914838287.992957
3394,BRA,PRY,1193953330.47007
3395,BRA,PSE,19674052.6555752
3396,BRA,PYF,1649990.83167866
3397,BRA,QAT,139922067.012564
3398,BRA,ROU,147881322.682159
3399,BRA,RUS,1005293391.47877
3400,BRA,RWA,5148425.43639495
3401,BRA,SAU,1111410181.00924
3402,BRA,SDN,13416069.8548686
3403,BRA,SEN,87951520.9117512
3404,BRA,SGP,1835932880.31429
3405,BRA,SHN,67671.3823557144
3406,BRA,SLB,54323.1509236398
3407,BRA,SLE,27998876.6614784
3408,BRA,SLV,71661148.9609755
3409,BRA,SMR,786730.95726487
3410,BRA,SOM,37525989.0506588
3411,BRA,SRB,34463177.08398
3412,BRA,STP,1897968.27627148
3413,BRA,SUR,15691818.7838902
3414,BRA,SVK,29934205.0551451
3415,BRA,SVN,157057452.052945
3416,BRA,SWE,212255141.378883
3417,BRA,SWZ,1226792.05029421
3418,BRA,SYC,3110875.10213464
3419,BRA,SYR,25884934.4037335
3420,BRA,TCA,462101.8688126
3421,BRA,TCD,1201786.93688362
3422,BRA,TGO,48655717.4121847
3423,BRA,THA,1171228777.43329
3424,BRA,TJK,522200.918005593
3425,BRA,TKL,518104.926419655
3426,BRA,TKM,16246680.1085527
3427,BRA,TON,288231.277018641
3428,BRA,TTO,126965965.703058
3429,BRA,TUN,140595151.030392
3430,BRA,TUR,1614567449.14152
3431,BRA,TUV,330063.404028924
3432,BRA,TZA,11322789.599124
3433,BRA,UGA,9180425.96093498
3434,BRA,UKR,132815266.072098
3435,BRA,URY,881054562.274758
3436,BRA,USA,12213777176.0515
3437,BRA,UZB,44572059.7321236
3438,BRA,VAT,2799.17764426083
3439,BRA,VCT,1493982.76866907
3440,BRA,VEN,391155513.128719
3441,BRA,VGB,12854411.8848273
3442,BRA,VNM,1454506817.41709
3443,BRA,VUT,96574.3793928989
3444,BRA,WSM,580811.60688604
3445,BRA,YEM,182288933.764337
3446,BRA,ZAF,532932212.974611
3447,BRA,ZMB,4597487.01141515
3448,BRA,ZWE,4218088.01888615
3449,BRB,ABW,484576.059519938
3450,BRB,AGO,5998.48215399734
3451,BRB,AIA,735447.042100418
3452,BRB,ALB,12050.6673087881
3453,BRB,AND,39341.5595765137
3454,BRB,ARE,353160.49553239
3455,BRB,ARG,252.501127217154
3456,BRB,ARM,16591.461575632
3457,BRB,ATG,5085060.27651932
3458,BRB,AUS,631303.74337124
3459,BRB,AUT,616232.465312135
3460,BRB,AZE,92.2273270284331
3461,BRB,BDI,14650.2081235861
3462,BRB,BEL,93804.7088919312
3463,BRB,BGR,60283.7719119446
3464,BRB,BHR,17115.9785543256
3465,BRB,BHS,2077195.86192352
3466,BRB,BIH,5230.09613780253
3467,BRB,BLR,83670.2554734389
3468,BRB,BLZ,713323.436265087
3469,BRB,BMU,308609.755381458
3470,BRB,BOL,44.4057500507271
3471,BRB,BRA,471279.090497822
3472,BRB,CAN,7521257.79804458
3473,BRB,CHE,265949.552404825
3474,BRB,CHL,73591.7751052892
3475,BRB,CHN,7582937.2298275
3476,BRB,CMR,163.109486671293
3477,BRB,COL,68674.3951719857
3478,BRB,CPV,841.841798878113
3479,BRB,CRI,155795.215982118
3480,BRB,CUB,19957.581469189
3481,BRB,CYM,479871.670648983
3482,BRB,CZE,520994.625978086
3483,BRB,DEU,3798170.22278528
3484,BRB,DMA,3296701.82935246
3485,BRB,DNK,78794.0750139886
3486,BRB,DOM,2628161.99861196
3487,BRB,ECU,46942.0240494572
3488,BRB,EGY,7771.52738503506
3489,BRB,ESP,1784399.72981322
3490,BRB,EST,55332.6153017498
3491,BRB,FIN,307984.329974155
3492,BRB,FRA,5136029.36546847
3493,BRB,GAB,9886.6434269377
3494,BRB,GBR,4326866.72778744
3495,BRB,GHA,19279.6673550572
3496,BRB,GIN,768.185967765703
3497,BRB,GMB,866.751329149276
3498,BRB,GNB,141.284203055867
3499,BRB,GRC,22044.5797041387
3500,BRB,GRD,6773651.83542869
3501,BRB,GTM,3202897.37952324
3502,BRB,GUY,16272252.1992211
3503,BRB,HKG,1121435.06924843
3504,BRB,HND,695572.138908397
3505,BRB,HRV,1250.30268191032
3506,BRB,HTI,652412.940631535
3507,BRB,HUN,500.12107276413
3508,BRB,IDN,40904.9025413782
3509,BRB,IND,311772.017423698
3510,BRB,IRL,96514.86498524
3511,BRB,ISL,1408.47197262485
3512,BRB,ISR,19504.7218378011
3513,BRB,ITA,338201.587176519
3514,BRB,JAM,14215226.5702469
3515,BRB,JPN,56517.6361797901
3516,BRB,KAZ,13708.0135306104
3517,BRB,KEN,31782.6941741604
3518,BRB,KGZ,83.0200980788455
3519,BRB,KNA,2892640.77046007
3520,BRB,KOR,347416.605011694
3521,BRB,KWT,5.0012107276413
3522,BRB,LBN,111415.972348247
3523,BRB,LCA,8445592.06726977
3524,BRB,LKA,1660.96559802592
3525,BRB,LUX,96460.5708413386
3526,BRB,LVA,57.1238289311189
3527,BRB,MAC,224.611375473389
3528,BRB,MAR,28818.4845778246
3529,BRB,MEX,228072.71341799
3530,BRB,MKD,1221.90580739878
3531,BRB,MNE,1226.88751340458
3532,BRB,MNG,831.811370642756
3533,BRB,MSR,309260.367886228
3534,BRB,MUS,186.159066672846
3535,BRB,MYS,439130.057137741
3536,BRB,NAM,22369.3418247963
3537,BRB,NGA,12068.5051270904
3538,BRB,NIC,474445.857130565
3539,BRB,NLD,2144219.95307851
3540,BRB,NOR,23472.1197929048
3541,BRB,NZL,402729.151955157
3542,BRB,PAK,34828.2954743622
3543,BRB,PAN,438778.972644782
3544,BRB,PER,192586.372639475
3545,BRB,PHL,7747.87565926189
3546,BRB,PNG,237.798067798961
3547,BRB,POL,60051.0375700073
3548,BRB,PRK,58824.2405785169
3549,BRB,PRT,26535.4238787192
3550,BRB,PRY,27368.1254648715
3551,BRB,PYF,16883.1921997968
3552,BRB,ROU,53121.9801359178
3553,BRB,RUS,372716.314740195
3554,BRB,SAU,34717.9047502131
3555,BRB,SEN,1000.24214552826
3556,BRB,SGP,572705.506505263
3557,BRB,SHN,348.334327180216
3558,BRB,SLB,2453.8440435172
3559,BRB,SLV,533186.327429394
3560,BRB,SRB,6701.12225396657
3561,BRB,SUR,1886597.56557128
3562,BRB,SVK,332889.089590405
3563,BRB,SVN,73854.1391201824
3564,BRB,SWE,99556.1012287187
3565,BRB,TCA,56559.4423005046
3566,BRB,THA,924356.126016435
3567,BRB,TTO,11730513.3036949
3568,BRB,TUN,959.727337423637
3569,BRB,TUR,254213.791830834
3570,BRB,TZA,150036.321829239
3571,BRB,UKR,245267.195977107
3572,BRB,URY,115580.605551422
3573,BRB,USA,24925620.166316
3574,BRB,VCT,6079600.79175753
3575,BRB,VEN,40353.2689981193
3576,BRB,VGB,835568.530201896
3577,BRB,VNM,34604.3772666957
3578,BRB,ZAF,670943.832717902
3579,BRB,ZMB,12538.4859032833
3580,BRB,ZWE,5812.34709313598
3581,BRN,AGO,5840.07730625753
3582,BRN,ALB,910.460410545643
3583,BRN,AND,4154.54626125852
3584,BRN,ARE,419170.405667432
3585,BRN,ARG,56175.8744437481
3586,BRN,AUS,500300340.059895
3587,BRN,AUT,28584.681977276
3588,BRN,BEL,13022.308030286
3589,BRN,BGD,15002713.8656113
3590,BRN,BHR,3342.50917771178
3591,BRN,BMU,17.1641552172649
3592,BRN,BRA,158822.678891253
3593,BRN,BRB,297.572038294657
3594,BRN,BWA,194.626116434743
3595,BRN,CAN,1017427.18080031
3596,BRN,CHE,17324.3890077678
3597,BRN,CHL,1073365.00761585
3598,BRN,CHN,738175677.667365
3599,BRN,COG,326.27398666059
3600,BRN,COL,119745.208747333
3601,BRN,CYP,147.860795162715
3602,BRN,CZE,7976.93111058787
3603,BRN,DEU,980358.299909554
3604,BRN,DNK,11186.2605472279
3605,BRN,DOM,571.038240882083
3606,BRN,EGY,358422.444381317
3607,BRN,ESP,146396.618704763
3608,BRN,FIN,25.7057230190035
3609,BRN,FJI,4136.22782660531
3610,BRN,FRA,909174.536252311
3611,BRN,GAB,5398.80798073092
3612,BRN,GBR,2082749.64142082
3613,BRN,GHA,2949.31899151535
3614,BRN,GRC,97.1100090618293
3615,BRN,HKG,10184254.9367879
3616,BRN,HRV,15.0036321829239
3617,BRN,HUN,2190.53029870689
3618,BRN,IDN,37678157.8887423
3619,BRN,IND,211498387.799749
3620,BRN,IRL,123922.858101548
3621,BRN,ITA,515134.327276493
3622,BRN,JPN,850198321.691882
3623,BRN,KHM,9084.77430492133
3624,BRN,KOR,107753475.205638
3625,BRN,KWT,65585.7574532305
3626,BRN,LBN,683.665506468565
3627,BRN,LKA,13228235.4086083
3628,BRN,LUX,922.637858546376
3629,BRN,MAR,179.050345744577
3630,BRN,MEX,49924.0859676065
3631,BRN,MMR,20601.7424121199
3632,BRN,MYS,254677304.546195
3633,BRN,NER,195.578346957286
3634,BRN,NGA,122322.256116763
3635,BRN,NLD,5795073.90402304
3636,BRN,NOR,22258.1083966396
3637,BRN,NPL,33927.0082845332
3638,BRN,NZL,19567457.7793512
3639,BRN,OMN,18006.8442212403
3640,BRN,PAK,9783157.91945116
3641,BRN,PER,1395.32779059047
3642,BRN,PHL,87263036.7387465
3643,BRN,PNG,632.317575806799
3644,BRN,POL,331853.337348347
3645,BRN,PYF,9.75286103997329
3646,BRN,QAT,172136.511995942
3647,BRN,ROU,25.0060536382065
3648,BRN,RUS,4898.48585929554
3649,BRN,SAU,156338.777071141
3650,BRN,SEN,8466.98474615725
3651,BRN,SGP,704265381.618645
3652,BRN,SLV,910.145334269801
3653,BRN,SRB,465.11259767064
3654,BRN,SVK,15119.4822287033
3655,BRN,SVN,13773.1092894414
3656,BRN,SWE,2443.50654094317
3657,BRN,THA,186412740.915059
3658,BRN,TTO,25.7057230190035
3659,BRN,TUN,4076.14178056021
3660,BRN,TUR,114117.951462016
3661,BRN,USA,45161863.0957962
3662,BRN,VNM,138467096.227185
3663,BRN,ZAF,99891.761987794
3664,BTN,AGO,1.25680425585626
3665,BTN,ARE,6701.19827236963
3666,BTN,AUS,492.956838396783
3667,BTN,AUT,12221.7897352872
3668,BTN,BEL,8316.7888857058
3669,BTN,BFA,106.682326394535
3670,BTN,BHR,4742.97821293026
3671,BTN,BLR,250.060536382065
3672,BTN,BRA,194580.105296049
3673,BTN,CAN,83775.4724450902
3674,BTN,CHE,267638.319233165
3675,BTN,CHN,16267.4381337988
3676,BTN,COL,5392.05034479574
3677,BTN,CRI,2245.27855254238
3678,BTN,CZE,1091.76430184409
3679,BTN,DEU,128806.771433025
3680,BTN,DNK,726.465867875719
3681,BTN,EGY,16837.8087130488
3682,BTN,ESP,116722.851074109
3683,BTN,FRA,22502.7111117546
3684,BTN,GBR,254114.071689894
3685,BTN,HKG,4455.69716594987
3686,BTN,IDN,1888.45717075735
3687,BTN,IND,92145869.0490228
3688,BTN,ITA,2645728.28417972
3689,BTN,JPN,276901.284675828
3690,BTN,KHM,1140.27604590222
3691,BTN,KOR,1031.7497731124
3692,BTN,KWT,1376.33319224688
3693,BTN,LUX,309.993045257827
3694,BTN,MEX,30744.9429481749
3695,BTN,MYS,8582.34467328532
3696,BTN,NLD,93341.1521709179
3697,BTN,NPL,4084029.14498788
3698,BTN,NZL,137.511789804007
3699,BTN,PAK,104077.68234431
3700,BTN,PER,25714.105048183
3701,BTN,POL,6727.12854975031
3702,BTN,RUS,12352.1052829752
3703,BTN,SAU,97.4901010771301
3704,BTN,SGP,315341.85463455
3705,BTN,SRB,413.600127175935
3706,BTN,SVK,342.741973344568
3707,BTN,SVN,26476.7896841483
3708,BTN,SWE,1357.50363385731
3709,BTN,THA,23155.8457270941
3710,BTN,TZA,152.221850917218
3711,BTN,UGA,102.024698843882
3712,BTN,USA,217508.655997993
3713,BTN,ZAF,351.634126018314
3714,BWA,AGO,287719.194050059
3715,BWA,ARE,532645557.81465
3716,BWA,ARG,18.6125058439898
3717,BWA,ARM,888441.069951562
3718,BWA,AUS,495501.337386676
3719,BWA,AUT,29238.9008551012
3720,BWA,BDI,8101.13967985635
3721,BWA,BEL,556718660.128555
3722,BWA,BGD,57382.5100544322
3723,BWA,BGR,29810.8678208154
3724,BWA,BHR,5215.71265574983
3725,BWA,BRA,2574.72730777287
3726,BWA,CAN,3158084.76347558
3727,BWA,CHE,17263155.6744795
3728,BWA,CHL,114642.951557666
3729,BWA,CHN,43753671.6910932
3730,BWA,CIV,4196.31337252934
3731,BWA,CMR,28193.4982768235
3732,BWA,COD,2456418.67830258
3733,BWA,COL,4508.19637532114
3734,BWA,CPV,1539.24012988371
3735,BWA,CRI,3665.67241129978
3736,BWA,CYM,170.519280485367
3737,BWA,CYP,664.700915389349
3738,BWA,CZE,152395.89305054
3739,BWA,DEU,825431.522164964
3740,BWA,DNK,2484.34042629221
3741,BWA,DOM,69389.2532297626
3742,BWA,EGY,10066.5274745106
3743,BWA,ESP,63195.5518157382
3744,BWA,ETH,11581.6932763146
3745,BWA,FIN,125.671923527389
3746,BWA,FRA,359707.980092682
3747,BWA,GBR,2708859.13083118
3748,BWA,GHA,241122.682644689
3749,BWA,GIN,35.6666344252467
3750,BWA,GRC,410423.562671256
3751,BWA,HKG,94896490.9495737
3752,BWA,HRV,507.122767782827
3753,BWA,HUN,110626.781295425
3754,BWA,IDN,9390.2732622193
3755,BWA,IND,456660364.277593
3756,BWA,IRL,147266.428774394
3757,BWA,ISR,107882760.209345
3758,BWA,ITA,628275.043162571
3759,BWA,JAM,8527.08729619775
3760,BWA,JPN,7219731.03886377
3761,BWA,KEN,225623.412474298
3762,BWA,KOR,301063.474525659
3763,BWA,KWT,138868.960857351
3764,BWA,LAO,234.648805403765
3765,BWA,LBN,255588.374599327
3766,BWA,LBR,23.0635833915906
3767,BWA,LBY,25312.7393828101
3768,BWA,LKA,12587.5817887544
3769,BWA,LSO,79825.2676522259
3770,BWA,LUX,9006.09975884373
3771,BWA,MAC,73.2182251737413
3772,BWA,MAR,189.216306790654
3773,BWA,MDG,3044.27047802713
3774,BWA,MEX,1562.8783523879
3775,BWA,MLI,17940.4901577902
3776,BWA,MLT,189067.378237
3777,BWA,MOZ,1101656.30906954
3778,BWA,MUS,62664.9758702481
3779,BWA,MWI,3911864.6057069
3780,BWA,MYS,438.909254184237
3781,BWA,NAM,34127617.4223791
3782,BWA,NGA,172570.348021965
3783,BWA,NLD,2701963.35795485
3784,BWA,NOR,6318149.78984689
3785,BWA,NZL,10824.8440530263
3786,BWA,OMN,898.787084586255
3787,BWA,PAK,10228.799258385
3788,BWA,PER,889.455325489549
3789,BWA,PHL,1184.93885818434
3790,BWA,PNG,48.3016932075596
3791,BWA,POL,13261.2103654137
3792,BWA,PRT,21652.7113379375
3793,BWA,QAT,3431.78879113735
3794,BWA,ROU,122.877246972783
3795,BWA,RUS,4439993.0656928
3796,BWA,RWA,67557.0196700054
3797,BWA,SAU,25310.2597825313
3798,BWA,SEN,546.083199593299
3799,BWA,SGP,188151455.313552
3800,BWA,SLE,88.6269554256042
3801,BWA,SRB,1707.84044581288
3802,BWA,SVK,90948.8145172925
3803,BWA,SVN,15554.8406232709
3804,BWA,SWE,9013.82412881257
3805,BWA,SWZ,224846.022278309
3806,BWA,SYC,44231.5118699446
3807,BWA,THA,6190932.92730999
3808,BWA,TTO,75.5567913099864
3809,BWA,TUN,3003.70215696772
3810,BWA,TUR,2693.6520979076
3811,BWA,TZA,763960.954945413
3812,BWA,UGA,468774.020053064
3813,BWA,UKR,458149.85208109
3814,BWA,USA,89148149.0997692
3815,BWA,VNM,11194511.2066045
3816,BWA,ZAF,290958759.783511
3817,BWA,ZMB,18746078.1460955
3818,BWA,ZWE,16891769.3682169
3819,CAF,ALB,871.0293648057
3820,CAF,ARE,18659867.2960773
3821,CAF,AUT,93618.5428235633
3822,CAF,BEL,3419220.01790189
3823,CAF,BEN,740805.334272802
3824,CAF,BFA,558535.7176849
3825,CAF,BGR,1030.80204367951
3826,CAF,BHR,1483.96424831645
3827,CAF,BIH,677.629045120302
3828,CAF,BOL,319.187271059523
3829,CAF,BRA,1297.31406275015
3830,CAF,CAN,72951.9367087902
3831,CAF,CHE,1633195.39872423
3832,CAF,CHN,28544496.2488372
3833,CAF,CIV,291373.823788072
3834,CAF,CMR,829867.134968753
3835,CAF,COD,3496.35392151012
3836,CAF,COG,535008.230488272
3837,CAF,COL,40472.0177456364
3838,CAF,CRI,7573.16336370247
3839,CAF,CZE,5081.23009928356
3840,CAF,DEU,737678.883900098
3841,CAF,DNK,63080.9865809948
3842,CAF,DOM,6676.25123301801
3843,CAF,EGY,888.608620513359
3844,CAF,ESP,59883.4194918651
3845,CAF,EST,152.423399709542
3846,CAF,FIN,22.8495315724476
3847,CAF,FRA,2535363.71936347
3848,CAF,GBR,85856.3837064633
3849,CAF,HRV,5434.85820801898
3850,CAF,IDN,37977.6939024897
3851,CAF,IND,117664.133946369
3852,CAF,IRL,25655.3643278237
3853,CAF,ISL,122618.992952866
3854,CAF,ISR,38009.2015300738
3855,CAF,ITA,6126041.92654826
3856,CAF,JPN,239819.344623618
3857,CAF,KOR,188087.533529425
3858,CAF,KWT,28649.9357743659
3859,CAF,LBN,25005.053396061
3860,CAF,LUX,1095.26014814272
3861,CAF,MAR,1198562.89638563
3862,CAF,MDA,383.592862810087
3863,CAF,MDG,37099.1327143282
3864,CAF,MEX,137897.383151108
3865,CAF,MKD,9471.09282757798
3866,CAF,MWI,17369.1823516499
3867,CAF,MYS,265623.180394434
3868,CAF,NGA,18261.8014430458
3869,CAF,NLD,108428.277066334
3870,CAF,NZL,39423.7469730063
3871,CAF,POL,5709.88228774807
3872,CAF,PRT,758566.946126496
3873,CAF,PYF,144.872571752949
3874,CAF,RUS,27033.9445640505
3875,CAF,RWA,1363907.42913231
3876,CAF,SAU,123772.093603437
3877,CAF,SEN,1275567.43267572
3878,CAF,SLV,18041.6326430618
3879,CAF,SRB,21242.6425656564
3880,CAF,SVK,55802.9306589404
3881,CAF,SVN,64155.0611003741
3882,CAF,SWE,3122347.33091103
3883,CAF,SYC,144.895577322296
3884,CAF,TCA,2809.64767891915
3885,CAF,TCD,593824.054029134
3886,CAF,TGO,41920.5549175215
3887,CAF,THA,52800.5543229366
3888,CAF,TUR,887264.295069769
3889,CAF,UKR,210.305912308044
3890,CAF,USA,496212.126459405
3891,CAF,VCT,4745.97893936685
3892,CAF,VNM,559869.15249201
3893,CAF,ZAF,1686.38775239666
3894,CAN,ABW,1567802.87154952
3895,CAN,AFG,5176112.04646077
3896,CAN,AGO,52984308.2943673
3897,CAN,AIA,373406.57984434
3898,CAN,ALB,20550201.1886645
3899,CAN,AND,280538.591220122
3900,CAN,ARE,910427451.360155
3901,CAN,ARG,146953739.946522
3902,CAN,ARM,7196120.1764831
3903,CAN,ATG,5675107.96584
3904,CAN,AUS,876405315.264925
3905,CAN,AUT,163852000.616698
3906,CAN,AZE,7560252.333111
3907,CAN,BDI,874765.994394804
3908,CAN,BEL,1457896120.98261
3909,CAN,BEN,9239291.26945551
3910,CAN,BFA,19192766.9791139
3911,CAN,BGD,442855854.994124
3912,CAN,BGR,91726536.3980779
3913,CAN,BHR,50077127.0758552
3914,CAN,BHS,56511820.0072708
3915,CAN,BIH,4266699.19201475
3916,CAN,BLR,14088660.6803019
3917,CAN,BLZ,3060919.14845228
3918,CAN,BMU,35753418.2994864
3919,CAN,BOL,14051109.6146805
3920,CAN,BRA,1022740104.48958
3921,CAN,BRB,18146373.7495124
3922,CAN,BRN,3443967.4404289
3923,CAN,BTN,59001.6015152777
3924,CAN,BWA,125824835.550888
3925,CAN,CAF,129287.72736616
3926,CAN,CAN,1461050748.92073
3927,CAN,CHE,905029523.980606
3928,CAN,CHL,399474444.510595
3929,CAN,CHN,11034332578.4557
3930,CAN,CIV,24450146.7194194
3931,CAN,CMR,29203924.9563941
3932,CAN,COD,13954560.3413655
3933,CAN,COG,4707803.28754134
3934,CAN,COK,2181.11501939103
3935,CAN,COL,375659633.329092
3936,CAN,COM,631778.270748105
3937,CAN,CPV,849550.795625299
3938,CAN,CRI,85899946.9575561
3939,CAN,CUB,99765925.9795438
3940,CAN,CYM,31785311.2207131
3941,CAN,CYP,5584054.64902407
3942,CAN,CZE,138573206.259034
3943,CAN,DEU,2809696274.13642
3944,CAN,DJI,1751044.12185723
3945,CAN,DMA,2324562.82972789
3946,CAN,DNK,155966012.594742
3947,CAN,DOM,125750314.592339
3948,CAN,DZA,229949193.229185
3949,CAN,ECU,165417628.655249
3950,CAN,EGY,265668517.963566
3951,CAN,ERI,292932.425105046
3952,CAN,ESP,760770861.446542
3953,CAN,EST,13918567.5779887
3954,CAN,ETH,63293548.4999525
3955,CAN,FIN,303895177.935482
3956,CAN,FJI,1877123.11393058
3957,CAN,FRA,1563745240.83825
3958,CAN,FRO,199101.971980773
3959,CAN,GAB,7277300.77774385
3960,CAN,GBR,7524025630.29253
3961,CAN,GEO,11702798.8798957
3962,CAN,GHA,104829413.804155
3963,CAN,GIB,134761.131905741
3964,CAN,GIN,9103384.20363417
3965,CAN,GMB,1229819.55271291
3966,CAN,GNB,110494.410250128
3967,CAN,GNQ,1157682.78384558
3968,CAN,GRC,45457011.3958356
3969,CAN,GRD,3951379.48574203
3970,CAN,GRL,2676574.08754488
3971,CAN,GTM,47010054.5187432
3972,CAN,GUY,12699338.3315503
3973,CAN,HKG,703450130.053915
3974,CAN,HND,24647180.2046466
3975,CAN,HRV,11344055.2547608
3976,CAN,HTI,35998256.1095148
3977,CAN,HUN,37534646.1464283
3978,CAN,IDN,807923510.204483
3979,CAN,IND,1384417457.06456
3980,CAN,IRL,473471238.450142
3981,CAN,IRN,154004870.796988
3982,CAN,IRQ,32815937.0672376
3983,CAN,ISL,26180615.6747982
3984,CAN,ISR,138069424.800139
3985,CAN,ITA,1377432759.58624
3986,CAN,JAM,48975539.5069267
3987,CAN,JOR,31897025.7723435
3988,CAN,JPN,5402514165.10914
3989,CAN,KAZ,28337421.5767701
3990,CAN,KEN,49030930.2117912
3991,CAN,KGZ,3442514.23412667
3992,CAN,KHM,27772381.0848645
3993,CAN,KIR,165329.929711483
3994,CAN,KNA,2266120.99672524
3995,CAN,KOR,2203849045.001
3996,CAN,KWT,81335052.1512871
3997,CAN,LAO,2181550.4798103
3998,CAN,LBN,29317737.4404064
3999,CAN,LBR,2250216.99307418
4000,CAN,LBY,19250036.4423011
4001,CAN,LCA,5537432.49491093
4002,CAN,LKA,103953620.998683
4003,CAN,LSO,90333.4545466999
4004,CAN,LTU,32662463.6173247
4005,CAN,LUX,61766640.8425989
4006,CAN,LVA,59214801.2851508
4007,CAN,MAC,20754408.7326374
4008,CAN,MAR,263964579.612399
4009,CAN,MDA,3130959.96441685
4010,CAN,MDG,5474956.98340753
4011,CAN,MDV,5671728.76027857
4012,CAN,MEX,4159853718.12434
4013,CAN,MKD,4170733.05987054
4014,CAN,MLI,13488803.1156388
4015,CAN,MLT,102020715.76063
4016,CAN,MMR,23408058.8895988
4017,CAN,MNE,1806075.17915573
4018,CAN,MNG,11081967.7142985
4019,CAN,MOZ,32327080.9300669
4020,CAN,MRT,14098561.20759
4021,CAN,MSR,203742.663931538
4022,CAN,MUS,3786784.12135919
4023,CAN,MWI,6323505.63292638
4024,CAN,MYS,361667147.579982
4025,CAN,NAM,4289032.09101721
4026,CAN,NCL,8910166.65569541
4027,CAN,NER,3814896.81957538
4028,CAN,NGA,271455397.756402
4029,CAN,NIC,19390503.7495972
4030,CAN,NLD,2030605797.32083
4031,CAN,NOR,1011019055.51007
4032,CAN,NPL,77605558.24964
4033,CAN,NRU,14643.9366053337
4034,CAN,NZL,194721759.296128
4035,CAN,OMN,36405947.4742567
4036,CAN,PAK,255499821.1662
4037,CAN,PAN,48296711.923656
4038,CAN,PER,398054478.297865
4039,CAN,PHL,331891018.185384
4040,CAN,PNG,12212376.8075406
4041,CAN,POL,202880222.558273
4042,CAN,PRT,76123479.6698192
4043,CAN,PRY,20233016.6484399
4044,CAN,PSE,3990732.36405866
4045,CAN,PYF,6296311.35454761
4046,CAN,QAT,51624291.9072053
4047,CAN,ROU,57746316.893805
4048,CAN,RUS,417637750.621711
4049,CAN,RWA,1656181.76992376
4050,CAN,SAU,927193004.646611
4051,CAN,SDN,26469173.0117517
4052,CAN,SEN,38626489.5454208
4053,CAN,SGP,884456183.912322
4054,CAN,SHN,150050.93786759
4055,CAN,SLB,8633.09846011264
4056,CAN,SLE,3263935.40152926
4057,CAN,SLV,30155673.383728
4058,CAN,SOM,1219503.91193133
4059,CAN,SPM,6649674.64317355
4060,CAN,SRB,19745615.6550404
4061,CAN,STP,28742.243120766
4062,CAN,SUR,8440029.54865684
4063,CAN,SVK,48616121.7190858
4064,CAN,SVN,43656500.9223223
4065,CAN,SWE,205695955.320811
4066,CAN,SWZ,2772501.62134493
4067,CAN,SYC,1300369.5594459
4068,CAN,SYR,14480949.7538508
4069,CAN,TCA,1301826.92375472
4070,CAN,TCD,3419092.51253451
4071,CAN,TGO,11231312.2336514
4072,CAN,THA,383812413.099838
4073,CAN,TJK,3834996.40242124
4074,CAN,TKM,2000351.63794294
4075,CAN,TLS,56299.5398815316
4076,CAN,TON,5537.62308605055
4077,CAN,TTO,88835015.2971752
4078,CAN,TUN,72327966.3437338
4079,CAN,TUR,539328368.337086
4080,CAN,TZA,15522559.1583508
4081,CAN,UGA,13635090.8769907
4082,CAN,UKR,100676398.087921
4083,CAN,URY,24436972.7701787
4084,CAN,USA,142212175351.49
4085,CAN,UZB,5959687.73737697
4086,CAN,VCT,4671733.03840625
4087,CAN,VEN,27438083.6348285
4088,CAN,VGB,1799483.592919
4089,CAN,VNM,363065034.559118
4090,CAN,VUT,81171.1119635139
4091,CAN,WLF,3868.87810473779
4092,CAN,WSM,218247.976977923
4093,CAN,YEM,3170621.41993598
4094,CAN,ZAF,137736789.436972
4095,CAN,ZMB,4077023.51751719
4096,CAN,ZWE,7209999.50648718
4097,CHE,ABW,3419088.50106339
4098,CHE,AFG,3425780.43409277
4099,CHE,AGO,19324077.7872414
4100,CHE,AIA,205822.938038665
4101,CHE,ALB,46495166.1570117
4102,CHE,AND,7558231.10079712
4103,CHE,ARE,1514698243.34628
4104,CHE,ARG,294775456.697365
4105,CHE,ARM,9962544.09049465
4106,CHE,ATG,644262.791587153
4107,CHE,AUS,1198217319.64102
4108,CHE,AUT,4580570123.71411
4109,CHE,AZE,40143282.7682022
4110,CHE,BDI,665030.414156687
4111,CHE,BEL,4038175443.15148
4112,CHE,BEN,17643864.0564946
4113,CHE,BFA,3247286.96616102
4114,CHE,BGD,70325461.1259374
4115,CHE,BGR,216452396.355862
4116,CHE,BHR,264922078.081743
4117,CHE,BHS,5321943.67588903
4118,CHE,BIH,56415976.8959084
4119,CHE,BLR,124716242.169444
4120,CHE,BLZ,616840.569026083
4121,CHE,BMU,3072269.72127736
4122,CHE,BOL,12563152.9148438
4123,CHE,BRA,1124729017.02807
4124,CHE,BRB,1972509.85231114
4125,CHE,BRN,4782291.62019147
4126,CHE,BTN,1148624.16287204
4127,CHE,BWA,63774332.7760313
4128,CHE,CAF,1556130.70437066
4129,CHE,CAN,2205590024.04573
4130,CHE,CHL,171805394.719785
4131,CHE,CHN,8749457217.54445
4132,CHE,CIV,26704037.2102993
4133,CHE,CMR,66573459.1878894
4134,CHE,COD,15250817.3532175
4135,CHE,COG,1194931.05866526
4136,CHE,COK,4061.59675940101
4137,CHE,COL,275144626.353346
4138,CHE,COM,42166.391431323
4139,CHE,CPV,1843735.61875511
4140,CHE,CRI,106883317.137762
4141,CHE,CUB,8341806.14205604
4142,CHE,CYM,4645106.66500985
4143,CHE,CYP,53584129.5532412
4144,CHE,CZE,894155282.422091
4145,CHE,DEU,26918027061.9288
4146,CHE,DJI,234404.999381519
4147,CHE,DMA,165968.319257234
4148,CHE,DNK,602692308.50794
4149,CHE,DOM,36463954.110904
4150,CHE,DZA,146225435.08345
4151,CHE,ECU,52020468.6304033
4152,CHE,EGY,627626563.288583
4153,CHE,ERI,98167.1634850749
4154,CHE,ESP,4011728574.65486
4155,CHE,EST,122763455.297308
4156,CHE,ETH,33724471.5430397
4157,CHE,FIN,325835167.620246
4158,CHE,FJI,1847613.77960708
4159,CHE,FRA,8265531608.85564
4160,CHE,FRO,261869.028563425
4161,CHE,FSM,119132.530926054
4162,CHE,GAB,2696038.01550702
4163,CHE,GBR,8404113219.96688
4164,CHE,GEO,31070783.2248399
4165,CHE,GHA,15430866.265702
4166,CHE,GIB,3025071.22613961
4167,CHE,GIN,2914836.56727189
4168,CHE,GMB,2795257.86483355
4169,CHE,GNB,87966.7866073762
4170,CHE,GNQ,500448.654067274
4171,CHE,GRC,382477210.58679
4172,CHE,GRD,360021.073888591
4173,CHE,GRL,25798.4439655307
4174,CHE,GTM,15239693.4402638
4175,CHE,GUY,3653047.77304014
4176,CHE,HKG,3460877576.93005
4177,CHE,HND,11195206.7429848
4178,CHE,HRV,175728966.549157
4179,CHE,HTI,1168993.99364139
4180,CHE,HUN,551576818.882106
4181,CHE,IDN,351007370.288957
4182,CHE,IND,5784906443.38393
4183,CHE,IRL,2366247896.16924
4184,CHE,IRN,454716676.954338
4185,CHE,IRQ,136111549.327119
4186,CHE,ISL,32975479.1077769
4187,CHE,ISR,2613981810.77413
4188,CHE,ITA,7741765850.02757
4189,CHE,JAM,8864226.73824284
4190,CHE,JOR,140421197.846104
4191,CHE,JPN,3754887922.99865
4192,CHE,KAZ,131185021.667771
4193,CHE,KEN,45881493.5429061
4194,CHE,KGZ,4582787.43884108
4195,CHE,KHM,228005394.152877
4196,CHE,KIR,217809.150743837
4197,CHE,KNA,392756.624736878
4198,CHE,KOR,1564433066.7519
4199,CHE,KWT,326933598.343943
4200,CHE,LAO,3760226.11351319
4201,CHE,LBN,207258955.447679
4202,CHE,LBR,1144157.89064601
4203,CHE,LBY,63583313.8538511
4204,CHE,LCA,676918.313061375
4205,CHE,LKA,64722967.1484934
4206,CHE,LSO,39232.7087251476
4207,CHE,LTU,69625689.2623307
4208,CHE,LUX,157781363.649465
4209,CHE,LVA,69197063.3741147
4210,CHE,MAC,326658872.521418
4211,CHE,MAR,162883907.522034
4212,CHE,MDA,17328968.6164311
4213,CHE,MDG,3591312.63027031
4214,CHE,MDV,3225863.2032485
4215,CHE,MEX,745317101.012461
4216,CHE,MHL,12800578.1973964
4217,CHE,MKD,48086028.2278915
4218,CHE,MLI,6961690.4951264
4219,CHE,MLT,62034621.3386686
4220,CHE,MMR,10939769.7215261
4221,CHE,MNE,22862836.8629842
4222,CHE,MNG,17564636.4385255
4223,CHE,MNP,33648.127771212
4224,CHE,MOZ,10966335.416233
4225,CHE,MRT,3275806.58938842
4226,CHE,MSR,152.686963514889
4227,CHE,MUS,15687517.8106809
4228,CHE,MWI,12838027.4548713
4229,CHE,MYS,726188561.707026
4230,CHE,NAM,15971106.3512539
4231,CHE,NCL,1260847.50117301
4232,CHE,NER,4432977.53582487
4233,CHE,NGA,79501724.5996888
4234,CHE,NIC,8650038.66611473
4235,CHE,NIU,201.000659628195
4236,CHE,NLD,3329621763.35899
4237,CHE,NOR,434813971.061808
4238,CHE,NPL,12720427.5054632
4239,CHE,NRU,9.06369420170432
4240,CHE,NZL,137584805.270595
4241,CHE,OMN,158555921.037669
4242,CHE,PAK,195377342.05313
4243,CHE,PAN,103660692.252468
4244,CHE,PER,67821460.5576822
4245,CHE,PHL,168657351.736793
4246,CHE,PLW,103464.620430047
4247,CHE,PNG,1657997.34695119
4248,CHE,POL,1408174831.76344
4249,CHE,PRK,1338839.43699961
4250,CHE,PRT,532596983.919045
4251,CHE,PRY,71820236.7390438
4252,CHE,PSE,58226060.2668949
4253,CHE,PYF,7789884.70360155
4254,CHE,QAT,557699816.826746
4255,CHE,ROU,727592390.852684
4256,CHE,RUS,1495446386.94889
4257,CHE,RWA,44207253.6173393
4258,CHE,SAU,859468477.38271
4259,CHE,SDN,32491990.7390727
4260,CHE,SEN,60357586.7495504
4261,CHE,SGP,3388036221.82762
4262,CHE,SLB,11972.0602790553
4263,CHE,SLE,1160902.2562377
4264,CHE,SLV,15405628.320926
4265,CHE,SMR,3876255.66574873
4266,CHE,SOM,103767.453742027
4267,CHE,SRB,194771889.552006
4268,CHE,STP,111837.864982931
4269,CHE,SUR,1250457.82796915
4270,CHE,SVK,317381091.042987
4271,CHE,SVN,2572917675.83567
4272,CHE,SWE,868065079.488533
4273,CHE,SWZ,1647863.316135
4274,CHE,SYC,5386421.65866451
4275,CHE,SYR,14382663.9906543
4276,CHE,TCA,892733.967205785
4277,CHE,TCD,883825.432066058
4278,CHE,TGO,8608939.3790154
4279,CHE,THA,1125772226.82
4280,CHE,TJK,3942790.03834926
4281,CHE,TKM,3795605.40487644
4282,CHE,TLS,461645.75839424
4283,CHE,TON,11859.0309161263
4284,CHE,TTO,8719472.30759031
4285,CHE,TUN,108258754.317096
4286,CHE,TUR,3886812533.9283
4287,CHE,TUV,1183.07740755152
4288,CHE,TZA,50069596.568818
4289,CHE,UGA,16444389.8184851
4290,CHE,UKR,461500269.358249
4291,CHE,URY,72275499.4396833
4292,CHE,USA,37761372436.895
4293,CHE,UZB,48420487.3610689
4294,CHE,VAT,7653988.55192238
4295,CHE,VCT,255509.190429876
4296,CHE,VEN,13276854.0055341
4297,CHE,VGB,25895389.7063254
4298,CHE,VNM,315700413.88005
4299,CHE,VUT,38153.3119173119
4300,CHE,WSM,466756.807212245
4301,CHE,YEM,7731487.84998782
4302,CHE,ZAF,478106508.986454
4303,CHE,ZMB,12145749.1763634
4304,CHE,ZWE,6473531.972339
4305,CHL,ABW,522556.759150075
4306,CHL,AGO,816413.517524104
4307,CHL,AIA,40686605.2239556
4308,CHL,ALB,348188.704926975
4309,CHL,AND,3612.88763279596
4310,CHL,ARE,128149135.438961
4311,CHL,ARG,308694353.955665
4312,CHL,ARM,1497213.87087661
4313,CHL,ATG,968287.857813549
4314,CHL,AUS,192295380.498087
4315,CHL,AUT,64947837.6486975
4316,CHL,AZE,2640704.80005998
4317,CHL,BEL,213223303.613785
4318,CHL,BEN,426006.130506922
4319,CHL,BFA,4206890.54812508
4320,CHL,BGD,18721635.632883
4321,CHL,BGR,122270339.450417
4322,CHL,BHR,2992925.72313418
4323,CHL,BHS,6135292.35395563
4324,CHL,BIH,618388.063654272
4325,CHL,BLR,8902105.08309423
4326,CHL,BLZ,1480135.49392514
4327,CHL,BMU,157034.621025853
4328,CHL,BOL,396798029.350525
4329,CHL,BRA,1541351108.00788
4330,CHL,BRB,1069077.46465783
4331,CHL,BRN,749588.210492149
4332,CHL,BWA,75957.3882892705
4333,CHL,CAF,7657.85386616435
4334,CHL,CAN,604402888.877053
4335,CHL,CHE,419614392.018215
4336,CHL,CHN,14969629925.9226
4337,CHL,CIV,19063563.5191478
4338,CHL,CMR,3784326.36086755
4339,CHL,COD,3384591.61681935
4340,CHL,COG,1065382.08505481
4341,CHL,COK,2462.59616229057
4342,CHL,COL,302311834.14718
4343,CHL,CPV,159845.845586514
4344,CHL,CRI,100848013.55878
4345,CHL,CUB,6077068.23365837
4346,CHL,CYM,131271.0760089
4347,CHL,CYP,2053260.28493369
4348,CHL,CZE,19610160.3630876
4349,CHL,DEU,675422184.084638
4350,CHL,DMA,865888.02465456
4351,CHL,DNK,84218694.2977981
4352,CHL,DOM,37579261.9603328
4353,CHL,DZA,9149892.49418242
4354,CHL,ECU,224565431.751016
4355,CHL,EGY,15568058.075543
4356,CHL,ESP,585814809.739449
4357,CHL,EST,7748906.92841866
4358,CHL,ETH,1254273.64322807
4359,CHL,FIN,100261080.445457
4360,CHL,FJI,209041.498710066
4361,CHL,FRA,678198647.41256
4362,CHL,FSM,241765.248201398
4363,CHL,GAB,518688.407172706
4364,CHL,GBR,339654549.547687
4365,CHL,GEO,56989311.8783015
4366,CHL,GHA,17562179.0366207
4367,CHL,GIN,316987.498523391
4368,CHL,GNQ,158732.106964975
4369,CHL,GRC,14243095.9480584
4370,CHL,GRD,135725.957477381
4371,CHL,GTM,68621053.2586069
4372,CHL,GUY,1605320.24951555
4373,CHL,HKG,650799823.827075
4374,CHL,HND,22378908.0756604
4375,CHL,HRV,1232852.45743944
4376,CHL,HTI,2987340.15594149
4377,CHL,HUN,4078596.37478534
4378,CHL,IDN,54464155.5590159
4379,CHL,IND,426770051.387166
4380,CHL,IRL,43309793.585015
4381,CHL,IRN,782676.975849044
4382,CHL,IRQ,1960401.19596396
4383,CHL,ISL,6161166.57676622
4384,CHL,ISR,55264378.7825818
4385,CHL,ITA,323770380.92942
4386,CHL,JAM,7279383.90354133
4387,CHL,JOR,5257687.30126198
4388,CHL,JPN,3372777613.87991
4389,CHL,KAZ,6172427.9439958
4390,CHL,KEN,2856351.41378191
4391,CHL,KGZ,644913.125024364
4392,CHL,KHM,2660474.19897263
4393,CHL,KNA,12891.1207715682
4394,CHL,KOR,2092121003.48789
4395,CHL,KWT,5689248.29252796
4396,CHL,LAO,382030.88467563
4397,CHL,LBN,1654396.50773516
4398,CHL,LBR,491756.547822149
4399,CHL,LBY,1433515.06522971
4400,CHL,LCA,878346.706238262
4401,CHL,LKA,7399160.00476733
4402,CHL,LTU,14566298.550177
4403,CHL,LUX,1389551.17464737
4404,CHL,LVA,5413844.56589133
4405,CHL,MAC,1984942.27153707
4406,CHL,MAR,19585683.9221617
4407,CHL,MDA,1087749.82999302
4408,CHL,MDG,310807.92452943
4409,CHL,MDV,105834.549658886
4410,CHL,MEX,647317410.070296
4411,CHL,MKD,492870.092396712
4412,CHL,MLI,190573.475343392
4413,CHL,MLT,2045252.12376272
4414,CHL,MNE,113235.426814353
4415,CHL,MNG,547444.299097669
4416,CHL,MOZ,5269282.78337639
4417,CHL,MRT,3601529.2805876
4418,CHL,MUS,745991.448263102
4419,CHL,MYS,84104233.192263
4420,CHL,NAM,73956582.7244378
4421,CHL,NCL,57583.3701800389
4422,CHL,NER,33053.0016989813
4423,CHL,NGA,84805735.5292947
4424,CHL,NIC,14313121.6443627
4425,CHL,NLD,658545375.873321
4426,CHL,NOR,78955378.3824223
4427,CHL,NPL,468616.26586284
4428,CHL,NZL,36449801.8993389
4429,CHL,OMN,3481008.84316755
4430,CHL,PAK,12022258.7664519
4431,CHL,PAN,66771617.4884197
4432,CHL,PER,768402384.318317
4433,CHL,PHL,107983221.060602
4434,CHL,PNG,940447.98264425
4435,CHL,POL,79230306.6199493
4436,CHL,PRT,21768768.4623479
4437,CHL,PRY,182374849.370881
4438,CHL,PSE,527235.861899592
4439,CHL,PYF,589411.55732145
4440,CHL,QAT,5334849.64325476
4441,CHL,ROU,5700478.77628105
4442,CHL,RUS,432285738.922907
4443,CHL,SAU,83240176.8765412
4444,CHL,SDN,160101.823555429
4445,CHL,SEN,375021.870885154
4446,CHL,SGP,25777700.7768763
4447,CHL,SLE,54937.6996978523
4448,CHL,SLV,40254402.6438693
4449,CHL,SMR,128305.836163155
4450,CHL,SRB,3205968.12291001
4451,CHL,SUR,1088612.80740855
4452,CHL,SVK,2981997.37902514
4453,CHL,SVN,8759575.39352238
4454,CHL,SWE,54031777.4749425
4455,CHL,SWZ,27440.2529259855
4456,CHL,SYC,10931.6264036354
4457,CHL,SYR,466182.631711873
4458,CHL,TCA,66662.4681107844
4459,CHL,TGO,111563.653099824
4460,CHL,THA,206164795.860468
4461,CHL,TON,333832.066372738
4462,CHL,TTO,10933373.5696014
4463,CHL,TUN,1569622.02994395
4464,CHL,TUR,147335788.06537
4465,CHL,TZA,731324.309040719
4466,CHL,UGA,700542.592190063
4467,CHL,UKR,27646366.1532994
4468,CHL,URY,58811560.760399
4469,CHL,USA,5459822106.45196
4470,CHL,VCT,412465.082396454
4471,CHL,VEN,20920527.8484005
4472,CHL,VGB,55371.3596812568
4473,CHL,VNM,132697297.967064
4474,CHL,WSM,37191.0034550317
4475,CHL,YEM,15953.8622211757
4476,CHL,ZAF,61340379.0031882
4477,CHL,ZMB,1200332.7718493
4478,CHN,ABW,17896360.4745717
4479,CHN,AFG,250400851.767964
4480,CHN,AGO,874257748.355092
4481,CHN,ALB,285681143.164622
4482,CHN,AND,18766053.7659315
4483,CHN,ARE,19698637513.909
4484,CHN,ARG,4329217944.44622
4485,CHN,ARM,322476741.347214
4486,CHN,ATG,45669094.3898519
4487,CHN,AUS,30111297679.0779
4488,CHN,AUT,5814507448.88533
4489,CHN,AZE,707158051.276099
4490,CHN,BDI,71341189.8715688
4491,CHN,BEL,10378417048.3931
4492,CHN,BEN,494310345.563148
4493,CHN,BFA,260035047.695667
4494,CHN,BGD,7539640573.27379
4495,CHN,BGR,890840810.074728
4496,CHN,BHR,875722694.024259
4497,CHN,BHS,138948570.629834
4498,CHN,BIH,396360155.494497
4499,CHN,BLR,1810997518.78971
4500,CHN,BLZ,56562786.3750612
4501,CHN,BMU,17798636.3168325
4502,CHN,BOL,792103023.641808
4503,CHN,BRA,18373346740.2019
4504,CHN,BRB,39557405.8300658
4505,CHN,BRN,288667866.001118
4506,CHN,BTN,6782248.39354286
4507,CHN,BWA,117744468.394287
4508,CHN,CAF,46734298.0122032
4509,CHN,CAN,28572434190.0005
4510,CHN,CHE,8836625866.20407
4511,CHN,CHL,8217316663.07349
4512,CHN,CHN,62647275998.3409
4513,CHN,CIV,1167056619.12838
4514,CHN,CMR,1011476310.17244
4515,CHN,COD,1006949290.24018
4516,CHN,COG,298222222.195667
4517,CHN,COK,2743184.58907523
4518,CHN,COL,5200692217.26832
4519,CHN,COM,25274612.1527069
4520,CHN,CPV,38927763.4018772
4521,CHN,CRI,1045757807.33409
4522,CHN,CUB,481786162.427378
4523,CHN,CYM,18295212.5314329
4524,CHN,CYP,446660652.196214
4525,CHN,CZE,15522424656.2897
4526,CHN,DEU,67475824246.4534
4527,CHN,DJI,1155335584.61938
4528,CHN,DMA,10532246.7190425
4529,CHN,DNK,3768312705.11615
4530,CHN,DOM,1498117972.84586
4531,CHN,DZA,2798838593.18101
4532,CHN,ECU,1973686624.75484
4533,CHN,EGY,6815523354.47527
4534,CHN,ERI,35251628.9578563
4535,CHN,ESP,16759146151.531
4536,CHN,EST,826822502.633125
4537,CHN,ETH,2079149110.15934
4538,CHN,FIN,3075390220.17479
4539,CHN,FJI,161127861.44577
4540,CHN,FRA,20553041415.2567
4541,CHN,FRO,674636.320620882
4542,CHN,FSM,10435340.2592573
4543,CHN,GAB,207769857.862465
4544,CHN,GBR,37748604571.2454
4545,CHN,GEO,637990577.666278
4546,CHN,GHA,3378913726.7765
4547,CHN,GIB,1492783.38331358
4548,CHN,GIN,956070575.669491
4549,CHN,GMB,267894872.341313
4550,CHN,GNB,25721544.8492615
4551,CHN,GNQ,61074893.4321072
4552,CHN,GRC,3519132709.95658
4553,CHN,GRD,7705743.95972903
4554,CHN,GRL,798597.329958344
4555,CHN,GTM,1236550881.77955
4556,CHN,GUY,132767095.675676
4557,CHN,HKG,135887143834.988
4558,CHN,HND,654930311.379035
4559,CHN,HRV,783550151.733494
4560,CHN,HTI,354721311.885595
4561,CHN,HUN,4509621909.42429
4562,CHN,IDN,20495450001.1188
4563,CHN,IND,33367813704.8464
4564,CHN,IRL,3739699813.51419
4565,CHN,IRN,4921202984.3141
4566,CHN,IRQ,5462592360.59422
4567,CHN,ISL,240456287.314104
4568,CHN,ISR,5628150559.56671
4569,CHN,ITA,18425511670.9767
4570,CHN,JAM,315306398.050976
4571,CHN,JOR,1591127988.75502
4572,CHN,JPN,81945115462.4187
4573,CHN,KAZ,5852934367.78381
4574,CHN,KEN,2705426461.32684
4575,CHN,KGZ,1433015161.20949
4576,CHN,KHM,4028218920.06309
4577,CHN,KIR,12207277.2219977
4578,CHN,KNA,6743582.53304425
4579,CHN,KOR,56251725780.3637
4580,CHN,KWT,2468374432.13405
4581,CHN,LAO,745819351.600753
4582,CHN,LBN,472924644.864991
4583,CHN,LBR,1701116248.97286
4584,CHN,LBY,940432384.368112
4585,CHN,LCA,15999375.5043457
4586,CHN,LKA,1921815415.35164
4587,CHN,LSO,42400971.246025
4588,CHN,LTU,904019092.686919
4589,CHN,LUX,474851301.283286
4590,CHN,LVA,526293265.209274
4591,CHN,MAC,1788438474.72799
4592,CHN,MAR,2714055581.03624
4593,CHN,MDA,322993629.529075
4594,CHN,MDG,498945981.289868
4595,CHN,MDV,137883162.208404
4596,CHN,MEX,36761656203.6832
4597,CHN,MHL,1642704804.82695
4598,CHN,MKD,299854941.110541
4599,CHN,MLI,234277036.903479
4600,CHN,MLT,684067549.297871
4601,CHN,MMR,6275274355.76562
4602,CHN,MNE,124445824.871956
4603,CHN,MNG,946622989.542577
4604,CHN,MOZ,1000276429.82804
4605,CHN,MRT,370133089.875275
4606,CHN,MSR,202268.966668725
4607,CHN,MUS,350474281.601165
4608,CHN,MWI,217273176.462981
4609,CHN,MYS,28157226840.4836
4610,CHN,NAM,152972865.071413
4611,CHN,NCL,60982236.0009562
4612,CHN,NER,280638962.829275
4613,CHN,NGA,8395745814.6446
4614,CHN,NIC,450554474.544627
4615,CHN,NLD,39512571661.8006
4616,CHN,NOR,4871331481.33664
4617,CHN,NPL,670107944.685353
4618,CHN,NRU,969886.796895767
4619,CHN,NZL,4149130603.85876
4620,CHN,OMN,1538605517.75242
4621,CHN,PAK,7680655882.23392
4622,CHN,PAN,4397880389.7653
4623,CHN,PER,5156357583.0388
4624,CHN,PHL,20945264983.437
4625,CHN,PLW,12044810.3909049
4626,CHN,PNG,461521942.920134
4627,CHN,POL,18399461804.317
4628,CHN,PRK,245543436.851406
4629,CHN,PRT,2090788686.56841
4630,CHN,PRY,1507158037.2291
4631,CHN,PSE,200473467.196809
4632,CHN,PYF,117302923.657087
4633,CHN,QAT,1925589756.17364
4634,CHN,ROU,2873081438.47686
4635,CHN,RUS,27463356811.9138
4636,CHN,RWA,350858184.468023
4637,CHN,SAU,14050805437.5432
4638,CHN,SDN,1256009499.45614
4639,CHN,SEN,1282277463.08623
4640,CHN,SGP,28819370005.175
4641,CHN,SLB,58314980.7933902
4642,CHN,SLE,185730873.512888
4643,CHN,SLV,724069034.368707
4644,CHN,SMR,3325531.06753359
4645,CHN,SOM,446400360.683046
4646,CHN,SRB,1645452103.41197
4647,CHN,STP,10159195.4082041
4648,CHN,SUR,110691349.926646
4649,CHN,SVK,2867055530.68898
4650,CHN,SVN,1726514981.67352
4651,CHN,SWE,4625136838.67834
4652,CHN,SWZ,58994860.718419
4653,CHN,SYC,28841973.7642491
4654,CHN,SYR,416859266.170817
4655,CHN,TCA,1655814.35097644
4656,CHN,TCD,149196458.009204
4657,CHN,TGO,1229874055.90742
4658,CHN,THA,25262703745.3373
4659,CHN,TJK,508538076.910638
4660,CHN,TKM,221797988.389209
4661,CHN,TLS,95659356.3778065
4662,CHN,TON,16863468.9250502
4663,CHN,TTO,245382124.96391
4664,CHN,TUN,986901515.951494
4665,CHN,TUR,11523195617.2972
4666,CHN,TUV,8072465.23814942
4667,CHN,TZA,2087638461.94027
4668,CHN,UGA,676139701.069606
4669,CHN,UKR,4128495284.87319
4670,CHN,URY,851730225.736796
4671,CHN,USA,228637457889.733
4672,CHN,UZB,2569975988.04057
4673,CHN,VAT,363286.446892645
4674,CHN,VCT,10032554.9051963
4675,CHN,VEN,759603589.584306
4676,CHN,VGB,4453791.70466264
4677,CHN,VNM,56921399602.6287
4678,CHN,VUT,36214521.0614283
4679,CHN,WLF,440507.641132791
4680,CHN,WSM,43663802.9350439
4681,CHN,YEM,1440987243.14616
4682,CHN,ZAF,7621257815.73966
4683,CHN,ZMB,434975947.379654
4684,CHN,ZWE,262418271.527956
4685,CIV,AGO,3715081.72264719
4686,CIV,ALB,79220.0556383208
4687,CIV,ARE,16862234.0961142
4688,CIV,ARG,497506.359776347
4689,CIV,ARM,344340.695374241
4690,CIV,AUS,77762481.1986315
4691,CIV,AUT,30088912.9819088
4692,CIV,AZE,45964.7124551152
4693,CIV,BDI,254908.480005747
4694,CIV,BEL,339107365.03348
4695,CIV,BEN,44035169.3529918
4696,CIV,BFA,253492342.587418
4697,CIV,BGD,45901393.5464364
4698,CIV,BGR,12730562.559027
4699,CIV,BHR,3468148.79841908
4700,CIV,BHS,63386.7350987081
4701,CIV,BIH,287662.984442449
4702,CIV,BLR,13060911.8757716
4703,CIV,BMU,37.0839775454602
4704,CIV,BOL,23.5006892091864
4705,CIV,BRA,42731017.1198101
4706,CIV,BRB,29316.6871861536
4707,CIV,CAF,3152846.18778499
4708,CIV,CAN,125980654.193541
4709,CIV,CHE,437086670.889182
4710,CIV,CHN,290305984.278107
4711,CIV,CMR,25978581.0743664
4712,CIV,COD,3219212.51920496
4713,CIV,COG,19970878.4282087
4714,CIV,COL,3530345.87051595
4715,CIV,CPV,189940.567124598
4716,CIV,CRI,696.463604720599
4717,CIV,CYP,332156.764804162
4718,CIV,CZE,17098800.3957183
4719,CIV,DEU,275433703.938745
4720,CIV,DJI,526993.603251945
4721,CIV,DMA,2605.34071887891
4722,CIV,DNK,1922670.85844322
4723,CIV,DOM,899109.387611598
4724,CIV,DZA,28070397.6007614
4725,CIV,ECU,1641132.43667721
4726,CIV,EGY,2786926.79249001
4727,CIV,ESP,200623201.670065
4728,CIV,EST,71619597.0117926
4729,CIV,ETH,203791.34521664
4730,CIV,FIN,468545.463722569
4731,CIV,FJI,649.362702208746
4732,CIV,FRA,432683162.321409
4733,CIV,GAB,11714411.8987556
4734,CIV,GBR,203084431.294034
4735,CIV,GHA,118146415.170339
4736,CIV,GIN,29747699.3035444
4737,CIV,GMB,25432517.8276035
4738,CIV,GNB,558022.094843535
4739,CIV,GNQ,2596906.37703517
4740,CIV,GRC,22987899.0844107
4741,CIV,GTM,18151.3942149013
4742,CIV,HKG,389169.772406888
4743,CIV,HRV,4336985.01729286
4744,CIV,HTI,808273.117339794
4745,CIV,HUN,8146127.0707147
4746,CIV,IDN,76552902.9555747
4747,CIV,IND,130420730.494384
4748,CIV,IRL,12555341.7738689
4749,CIV,IRN,3915.75795373548
4750,CIV,ISL,1428714.61710406
4751,CIV,ISR,5483939.20988696
4752,CIV,ITA,146534066.915676
4753,CIV,JOR,551113.814939413
4754,CIV,JPN,5325427.57079438
4755,CIV,KAZ,751973.582959594
4756,CIV,KEN,248073.755408402
4757,CIV,KHM,7034.70300950025
4758,CIV,KOR,2585316.37124651
4759,CIV,KWT,944405.158124627
4760,CIV,LBN,989041.969112182
4761,CIV,LBR,149007887.350716
4762,CIV,LBY,16011.1060791643
4763,CIV,LKA,735915.639041602
4764,CIV,LTU,398176.393291889
4765,CIV,LUX,24235778.8757709
4766,CIV,LVA,280604.428158383
4767,CIV,MAR,6732775.15772017
4768,CIV,MDA,830485.549678858
4769,CIV,MDG,583917.378752748
4770,CIV,MEX,34709731.771642
4771,CIV,MKD,48240500.5436168
4772,CIV,MLI,331335504.97791
4773,CIV,MLT,8886468.44766951
4774,CIV,MNE,90615.736883558
4775,CIV,MOZ,3116983.5909198
4776,CIV,MRT,5095950.9930192
4777,CIV,MUS,2641378.02303845
4778,CIV,MWI,24173.5350963668
4779,CIV,MYS,394514121.335295
4780,CIV,NCL,5211.91173559682
4781,CIV,NER,57994570.3862254
4782,CIV,NGA,61454107.2948187
4783,CIV,NLD,694133948.513831
4784,CIV,NOR,1839960.48634498
4785,CIV,NZL,1145915.65667815
4786,CIV,OMN,22631.723844048
4787,CIV,PAK,37198054.2419349
4788,CIV,PAN,8726.84265435477
4789,CIV,PER,199732.372592508
4790,CIV,PHL,117573.462996119
4791,CIV,POL,85770561.9301348
4792,CIV,PRT,16964448.490881
4793,CIV,PSE,160055.537350145
4794,CIV,PYF,19276.7476482344
4795,CIV,QAT,187921.013717158
4796,CIV,ROU,7050083.81799262
4797,CIV,RUS,115048095.722764
4798,CIV,RWA,134422.711978707
4799,CIV,SAU,2125667.74333141
4800,CIV,SDN,165689.79633048
4801,CIV,SEN,73513672.7227249
4802,CIV,SGP,20112082.0617597
4803,CIV,SLE,3363622.30992468
4804,CIV,SLV,1530.72056740917
4805,CIV,SRB,10479431.9332743
4806,CIV,STP,36761.3594438415
4807,CIV,SUR,179184.184145102
4808,CIV,SVK,12492844.5251032
4809,CIV,SVN,5529662.44888452
4810,CIV,SWE,268514.218776977
4811,CIV,SYC,44625.6612883586
4812,CIV,SYR,166501.577852159
4813,CIV,TCD,3779944.5350849
4814,CIV,TGO,76835152.8195716
4815,CIV,THA,3021641.27479329
4816,CIV,TTO,6.14848846856221
4817,CIV,TUN,5966205.22517544
4818,CIV,TUR,161358001.659702
4819,CIV,TZA,1196284.21474663
4820,CIV,UGA,1307656.57653734
4821,CIV,UKR,35741150.1695328
4822,CIV,USA,457362262.415943
4823,CIV,VCT,458.2659401845
4824,CIV,VEN,28649.0105503813
4825,CIV,VNM,400418087.13162
4826,CIV,YEM,123742.291388711
4827,CIV,ZAF,269310608.557516
4828,CIV,ZMB,1807817.35891464
4829,CIV,ZWE,69260.0719566676
4830,CMR,AGO,1037581.98501455
4831,CMR,ALB,250293.0926809
4832,CMR,AND,370.18261636499
4833,CMR,ARE,82142015.2794956
4834,CMR,ARM,122248.284709253
4835,CMR,ATG,1131.3648886277
4836,CMR,AUS,498326.877913046
4837,CMR,AUT,1454806.28155444
4838,CMR,BDI,38535.8590269588
4839,CMR,BEL,53532619.5963551
4840,CMR,BEN,1187758.7333392
4841,CMR,BFA,415858.363865473
4842,CMR,BGD,62042505.4533096
4843,CMR,BGR,2064688.0289409
4844,CMR,BIH,81098.1077901593
4845,CMR,BLR,78669.0447457976
4846,CMR,BLZ,24099.7242277219
4847,CMR,BMU,469.848744229717
4848,CMR,BOL,15579.9166938593
4849,CMR,BRA,2843002.158602
4850,CMR,BRN,414.65038142874
4851,CMR,BWA,297562.094887488
4852,CMR,CAF,71514972.1794904
4853,CMR,CAN,50733651.0777208
4854,CMR,CHE,1125418.19551115
4855,CMR,CHL,11896.3549517867
4856,CMR,CHN,380755550.433907
4857,CMR,CIV,2563958.40576268
4858,CMR,COD,1460325.96079652
4859,CMR,COG,12632215.1439053
4860,CMR,COL,98842.5734929954
4861,CMR,COM,19187.1554591384
4862,CMR,CPV,89509.2240112781
4863,CMR,CRI,10600.5512546763
4864,CMR,CUB,91895.3316567001
4865,CMR,CYP,219609.506086295
4866,CMR,CZE,12507176.823765
4867,CMR,DEU,63594402.7273222
4868,CMR,DNK,572498.417371695
4869,CMR,DOM,2857473.89702041
4870,CMR,DZA,3257548.05473622
4871,CMR,EGY,1111324.74617158
4872,CMR,ESP,112273145.593668
4873,CMR,EST,204099.549828942
4874,CMR,ETH,12293.9311997913
4875,CMR,FIN,242375.575953757
4876,CMR,FJI,380.255554891532
4877,CMR,FRA,115787787.21089
4878,CMR,GAB,19142975.7188016
4879,CMR,GBR,25457654.6503992
4880,CMR,GEO,75924.5553408435
4881,CMR,GHA,634854.389936288
4882,CMR,GIN,193570.625914307
4883,CMR,GNQ,6844364.3309981
4884,CMR,GRC,1646262.99771887
4885,CMR,GTM,3556.36094842573
4886,CMR,GUY,4940.50003037631
4887,CMR,HKG,300188.831786102
4888,CMR,HND,72.9876693591971
4889,CMR,HRV,191322.816749136
4890,CMR,HUN,388595.073779874
4891,CMR,IDN,27246938.0819926
4892,CMR,IND,178389724.108228
4893,CMR,IRL,4359719.91261338
4894,CMR,ISL,8972.40260120303
4895,CMR,ISR,27006.537929263
4896,CMR,ITA,158078646.915852
4897,CMR,JOR,94003.7625802231
4898,CMR,JPN,3257313.04784413
4899,CMR,KAZ,16683.1837803769
4900,CMR,KEN,337105.22376129
4901,CMR,KHM,9411.55841507614
4902,CMR,KOR,29107323.9920653
4903,CMR,KWT,12506305.0477195
4904,CMR,LBN,370439.178475318
4905,CMR,LBR,28493.2528434797
4906,CMR,LBY,63866.9813600405
4907,CMR,LTU,97002.1279452234
4908,CMR,LUX,4274322.81809481
4909,CMR,LVA,65.1207648846173
4910,CMR,MAR,946525.286379921
4911,CMR,MDA,70404.0438972976
4912,CMR,MDG,156221.309133691
4913,CMR,MEX,1638856.08560242
4914,CMR,MKD,4839.20150733008
4915,CMR,MLI,270542.679840844
4916,CMR,MLT,384240.376064569
4917,CMR,MNG,8908.69167762253
4918,CMR,MOZ,100616.903034948
4919,CMR,MRT,1487.51010672235
4920,CMR,MUS,860039.970417192
4921,CMR,MYS,66989516.3598838
4922,CMR,NAM,13566.8823646028
4923,CMR,NER,30195.6549727473
4924,CMR,NGA,13870636.8345832
4925,CMR,NIC,1235322.86049167
4926,CMR,NLD,312360295.939225
4927,CMR,NOR,27099866.6879336
4928,CMR,NZL,17017864.0120794
4929,CMR,OMN,639550.087703241
4930,CMR,PAK,8851330.57625086
4931,CMR,PER,60595.0042572207
4932,CMR,POL,3820979.00899381
4933,CMR,PRT,6600954.63869831
4934,CMR,PSE,52.4576993222296
4935,CMR,PYF,67179.9688909481
4936,CMR,QAT,438583.655361024
4937,CMR,ROU,526445.100466602
4938,CMR,RUS,744614.376392031
4939,CMR,RWA,51302259.6104023
4940,CMR,SAU,2550695.15940438
4941,CMR,SDN,2178.9524958724
4942,CMR,SEN,9926697.76856941
4943,CMR,SGP,35715732.1306584
4944,CMR,SLE,831.851380328577
4945,CMR,SLV,15321.5541476693
4946,CMR,SRB,163202.009069755
4947,CMR,STP,108491.459361941
4948,CMR,SVK,6248027.72221235
4949,CMR,SVN,1710208.00396771
4950,CMR,SWE,1125533.41290378
4951,CMR,SWZ,1162.4014021613
4952,CMR,SYC,12261.4333324831
4953,CMR,TCD,58758141.9318999
4954,CMR,TGO,528383.629759165
4955,CMR,THA,5476317.66481068
4956,CMR,TTO,18771.3277927043
4957,CMR,TUN,661461.391142941
4958,CMR,TUR,26035829.2684047
4959,CMR,TZA,147760.500882783
4960,CMR,UGA,38142.2337354291
4961,CMR,UKR,542326.645180656
4962,CMR,URY,34869.6114764254
4963,CMR,USA,226412467.994309
4964,CMR,VCT,563.206344882597
4965,CMR,VEN,218453.884825517
4966,CMR,VNM,76675372.0157308
4967,CMR,ZAF,2066248.40868841
4968,CMR,ZMB,28191.0811916788
4969,CMR,ZWE,67.6563787235314
4970,COD,AGO,1689199.9731985
4971,COD,ARE,429217762.886575
4972,COD,ARG,271.625757039654
4973,COD,AUS,622952.441130302
4974,COD,AUT,104611.646109947
4975,COD,BDI,4232709.34701827
4976,COD,BEL,48635781.4214423
4977,COD,BEN,480.704372235135
4978,COD,BFA,2221437.27688167
4979,COD,BGD,121779.574240585
4980,COD,BGR,864.260726206911
4981,COD,BIH,508.563116472388
4982,COD,BLR,150.036321829239
4983,COD,BMU,6334.43348341591
4984,COD,BOL,172.241697459966
4985,COD,BRA,1731606.19919063
4986,COD,BWA,542877.379506226
4987,COD,CAF,20512730.1989284
4988,COD,CAN,56016472.7321806
4989,COD,CHE,408994185.453245
4990,COD,CHN,3542721375.46368
4991,COD,CIV,6365110.34988366
4992,COD,COG,11515933.7522948
4993,COD,CRI,347.259066873773
4994,COD,CYP,87.9702964570649
4995,COD,CZE,134857.147149775
4996,COD,DEU,25952882.3410395
4997,COD,DNK,103484.814818844
4998,COD,DOM,152327.970107285
4999,COD,DZA,25262.4217015582
5000,COD,EGY,36969059.3787766
5001,COD,ESP,116543989.356029
5002,COD,FIN,27955118.7982726
5003,COD,FRA,29553615.4503845
5004,COD,GAB,400059.255108085
5005,COD,GBR,2871031.65667653
5006,COD,GHA,8941115.01138715
5007,COD,GIN,10461.7701575896
5008,COD,GRC,600774.346103852
5009,COD,HKG,75402573.0137559
5010,COD,HRV,2502.39679750329
5011,COD,HUN,6720.62697580437
5012,COD,IND,20508034.0295473
5013,COD,IRL,4924.62818801107
5014,COD,ISR,75203.6048081582
5015,COD,ITA,140804474.398839
5016,COD,JPN,11187409.6439092
5017,COD,KAZ,2016564.03375171
5018,COD,KEN,12940351.0930845
5019,COD,KOR,221698549.816432
5020,COD,KWT,46585.0161225121
5021,COD,LBN,44773.4205589436
5022,COD,LTU,1724.41745889072
5023,COD,LUX,4097810.40775117
5024,COD,MAR,20706325.0927177
5025,COD,MDG,452473.566926768
5026,COD,MLI,78707.1299657307
5027,COD,MNE,1740.25829374945
5028,COD,MWI,145894.422629668
5029,COD,MYS,39924904.3426444
5030,COD,NAM,47367983.2070927
5031,COD,NER,75681.405977566
5032,COD,NIC,867.500010395204
5033,COD,NLD,21569870.2701996
5034,COD,NOR,4819.71028876125
5035,COD,NZL,162346.391936048
5036,COD,PAK,941232.495564557
5037,COD,POL,1156768.03839769
5038,COD,PRT,56612406.1073488
5039,COD,ROU,777452.219503935
5040,COD,RUS,90734.4256165464
5041,COD,RWA,5282616.52230002
5042,COD,SAU,284006008.237887
5043,COD,SDN,4666.47319206632
5044,COD,SEN,595494.369890736
5045,COD,SGP,518648694.004668
5046,COD,SRB,301520.49416413
5047,COD,SVK,38231.1312563551
5048,COD,SVN,207041.647072166
5049,COD,SWE,532470.340598355
5050,COD,SYR,13110.8084550802
5051,COD,TGO,6136397.3454596
5052,COD,THA,44053246.4952313
5053,COD,TTO,245.873022639811
5054,COD,TUR,469655.197374557
5055,COD,TZA,834411599.781688
5056,COD,UGA,6283938.25118127
5057,COD,UKR,4562691.63290955
5058,COD,USA,15355609.8921192
5059,COD,VCT,4765.58868662993
5060,COD,ZAF,548376208.946843
5061,COD,ZMB,624920627.638989
5062,COD,ZWE,848701.639555732
5063,COG,AGO,33231745.3554805
5064,COG,ALB,31430.8710023766
5065,COG,ARE,773284192.76873
5066,COG,ARG,2610.79703978277
5067,COG,AUS,19090862.1557903
5068,COG,AUT,452185.095591634
5069,COG,AZE,14279.6769228334
5070,COG,BDI,22898.4984266819
5071,COG,BEL,14468543.8150354
5072,COG,BEN,6609641.8692631
5073,COG,BFA,6218695.59278783
5074,COG,BGR,403969.223160161
5075,COG,BHR,269654.554837408
5076,COG,BIH,62363.7874564763
5077,COG,BLR,2400.58114926782
5078,COG,BMU,38.8594073537729
5079,COG,BOL,219.308091617798
5080,COG,BRA,23019.5827396088
5081,COG,BRN,1746.32776308852
5082,COG,CAF,3260472.6477419
5083,COG,CAN,1079059.7247323
5084,COG,CHE,558777.529724429
5085,COG,CHL,360266.410781441
5086,COG,CHN,1686332764.08471
5087,COG,CIV,995203.025623302
5088,COG,CMR,12248568.5080775
5089,COG,COD,5198242.30640698
5090,COG,COL,1271.87290377864
5091,COG,CYP,11939.4953955233
5092,COG,CZE,108458.25632392
5093,COG,DEU,16749195.4329338
5094,COG,DNK,437962.401463589
5095,COG,DOM,406354.618133054
5096,COG,DZA,645746.371742485
5097,COG,ECU,6851.02854431689
5098,COG,EGY,95499.7792462721
5099,COG,ESP,211053278.035502
5100,COG,ETH,4590.60632569122
5101,COG,FIN,1172080.89694026
5102,COG,FJI,132783.589168535
5103,COG,FRA,20623181.0371303
5104,COG,GAB,113424912.521362
5105,COG,GBR,44572328.0870888
5106,COG,GHA,1094339.84034825
5107,COG,GNQ,5688134.64792919
5108,COG,GRC,100647388.159497
5109,COG,HKG,1337202.32767687
5110,COG,HRV,2173.02606116014
5111,COG,HUN,129478.420030357
5112,COG,IDN,704267.493940011
5113,COG,IND,122153853.667734
5114,COG,IRL,233933.527244287
5115,COG,ISR,40183.3528636477
5116,COG,ITA,125159982.742727
5117,COG,JOR,35892.4996042495
5118,COG,JPN,514561.108007613
5119,COG,KAZ,193499.538705024
5120,COG,KEN,1969.85187534972
5121,COG,KOR,3432329.72709086
5122,COG,KWT,107286.472650434
5123,COG,LBN,312099.555216309
5124,COG,LBY,97.9887217866759
5125,COG,LKA,22520.2368545075
5126,COG,LTU,11512.0069061568
5127,COG,LUX,50602.0295888815
5128,COG,LVA,243.918049366376
5129,COG,MAR,1050785.09631494
5130,COG,MDG,5559.99600224066
5131,COG,MEX,451356.26744319
5132,COG,MKD,82.4099503700733
5133,COG,MLI,78135.4555708441
5134,COG,MLT,51.411446038007
5135,COG,MNE,410.869966239716
5136,COG,MOZ,322902.5829879
5137,COG,MRT,26035.192779319
5138,COG,MUS,155260.629565745
5139,COG,MWI,1972.76708108286
5140,COG,MYS,32830923.0551491
5141,COG,NAM,30731448.786415
5142,COG,NCL,6032.94049591078
5143,COG,NER,163052.443361855
5144,COG,NGA,2423833.58287758
5145,COG,NLD,68776025.4518459
5146,COG,NOR,1702364.2550988
5147,COG,NZL,68441.3472541359
5148,COG,OMN,110353.430120685
5149,COG,PAK,1868491.07872787
5150,COG,PER,55629464.6000786
5151,COG,POL,490635.276377012
5152,COG,PRT,37958422.9122353
5153,COG,ROU,10946.0648990061
5154,COG,RUS,68197.8948174883
5155,COG,RWA,19882.9584039218
5156,COG,SAU,351793.749661108
5157,COG,SDN,79201.3636132263
5158,COG,SEN,337803.758367373
5159,COG,SGP,59581650.1469574
5160,COG,SLV,16.0838937000944
5161,COG,SRB,371.089835990984
5162,COG,SVK,9385.41208539203
5163,COG,SVN,4474.99833851106
5164,COG,SWE,448845.001498583
5165,COG,SYC,16425.1008018667
5166,COG,TCD,94348.3855089224
5167,COG,TGO,46161945.2325885
5168,COG,THA,104505567.166624
5169,COG,TTO,43924.5335545134
5170,COG,TUN,68113.9745014784
5171,COG,TUR,4353163.84397499
5172,COG,TZA,84335.7565825446
5173,COG,UGA,31539.3002516783
5174,COG,UKR,40536.2082853257
5175,COG,USA,71359156.2624968
5176,COG,VNM,163471186.319043
5177,COG,ZAF,971397.26756094
5178,COG,ZMB,13406.1094435835
5179,COG,ZWE,591755.001138517
5180,COK,ALB,4.00446942962239
5181,COK,ARE,3029.4633934258
5182,COK,AUS,183626.364538818
5183,COK,AUT,224.923451022794
5184,COK,BEL,42.951397971129
5185,COK,BIH,754.292604364315
5186,COK,CAN,23093.9387402231
5187,COK,CHE,14922.6820859652
5188,COK,CHL,62.5051316740609
5189,COK,CHN,1322102.06360063
5190,COK,CZE,10124.450997037
5191,COK,DEU,4576.87300103311
5192,COK,DNK,11140.0103506608
5193,COK,ESP,138015.312700308
5194,COK,FJI,4085.49654522627
5195,COK,FRA,1424102.35053471
5196,COK,GAB,1060.14464713966
5197,COK,GBR,10177.9739542443
5198,COK,HRV,756.183062019364
5199,COK,IDN,160675.897531223
5200,COK,IND,16780.0452292656
5201,COK,IRL,32519.9106446163
5202,COK,ITA,48023.2638034461
5203,COK,JPN,6890115.87384764
5204,COK,KEN,14409.0147338242
5205,COK,KOR,15585.7731116213
5206,COK,LUX,4865.39634875825
5207,COK,MEX,65411.835348966
5208,COK,MUS,17903.3021550617
5209,COK,NER,47.6935459830785
5210,COK,NIC,2.11551213779227
5211,COK,NLD,114247.25776538
5212,COK,NZL,120146.461885465
5213,COK,PAK,2576.52224230302
5214,COK,POL,12888.6201662044
5215,COK,PYF,105.019423827594
5216,COK,SVK,12732.8569579709
5217,COK,SVN,2436.79491614667
5218,COK,SWE,7873.52107637243
5219,COK,THA,2021879.0369444
5220,COK,TTO,973.121079873333
5221,COK,USA,1240940.91554925
5222,COK,ZAF,3622.4429460122
5223,COL,ABW,20464914.4078514
5224,COL,AFG,24286.3794144989
5225,COL,AGO,598182.727706968
5226,COL,AIA,42628.3397629663
5227,COL,ALB,3088760.67152051
5228,COL,AND,38719.5654998909
5229,COL,ARE,114804885.974368
5230,COL,ARG,105537635.749916
5231,COL,ARM,304671.937087203
5232,COL,ATG,2736204.88488023
5233,COL,AUS,72740729.9433974
5234,COL,AUT,21799573.3383051
5235,COL,AZE,286192.218389243
5236,COL,BDI,24969.7198422702
5237,COL,BEL,211567274.242255
5238,COL,BEN,91707.1460994404
5239,COL,BFA,45567.4062724899
5240,COL,BGD,83828.5788014438
5241,COL,BGR,1150864.24616688
5242,COL,BHR,954189.416765548
5243,COL,BHS,86131069.5143012
5244,COL,BIH,3707672.39394572
5245,COL,BLR,14490007.8411951
5246,COL,BLZ,1477388.71896688
5247,COL,BMU,247922.883884381
5248,COL,BOL,73681323.8188604
5249,COL,BRA,698931197.592528
5250,COL,BRB,3744202.67244789
5251,COL,BRN,54134946.616841
5252,COL,BWA,3362.75557910049
5253,COL,CAN,316540511.341646
5254,COL,CHE,162129594.506729
5255,COL,CHL,551320832.741213
5256,COL,CHN,2168533014.45236
5257,COL,CIV,36151629.7912752
5258,COL,CMR,902562.468557287
5259,COL,COD,1456045.79062335
5260,COL,COG,2275936.33438999
5261,COL,CRI,140851127.053836
5262,COL,CUB,19184850.6761806
5263,COL,CYM,1558219.9356462
5264,COL,CYP,917034.747606574
5265,COL,CZE,23245919.5327832
5266,COL,DEU,407170890.037796
5267,COL,DMA,2538264.35056831
5268,COL,DNK,5198757.50112887
5269,COL,DOM,189964969.162012
5270,COL,DZA,1839365.79137711
5271,COL,ECU,745032853.030246
5272,COL,EGY,33345932.4356776
5273,COL,ESP,273751260.188139
5274,COL,EST,1558323.92982183
5275,COL,ETH,940386.740318285
5276,COL,FIN,39578229.5162076
5277,COL,FJI,109755.197796471
5278,COL,FRA,130929185.926287
5279,COL,GAB,12687285.9488262
5280,COL,GBR,231221575.93238
5281,COL,GEO,221409.195267484
5282,COL,GHA,1461855.79114842
5283,COL,GIB,1672163.33385116
5284,COL,GIN,980514.569740434
5285,COL,GNQ,84189.8862692515
5286,COL,GRC,7985095.96719276
5287,COL,GRD,349554.662607446
5288,COL,GTM,204193964.185421
5289,COL,GUY,8220638.23089108
5290,COL,HKG,99189262.2167966
5291,COL,HND,61540127.2991356
5292,COL,HRV,1089732.81004653
5293,COL,HTI,25150554.1398861
5294,COL,HUN,942964.689406009
5295,COL,IDN,4390671.42406908
5296,COL,IND,579541579.189962
5297,COL,IRL,17470879.1656172
5298,COL,IRN,139194.197092785
5299,COL,IRQ,35066527.6472523
5300,COL,ISL,1887377.82296138
5301,COL,ISR,149475314.91681
5302,COL,ITA,553536353.620812
5303,COL,JAM,68906627.5624071
5304,COL,JOR,24239306.910862
5305,COL,JPN,232757277.437609
5306,COL,KAZ,1946822.56025403
5307,COL,KEN,2874350.81970244
5308,COL,KGZ,2423.08659754221
5309,COL,KHM,101012.128713911
5310,COL,KNA,152662.907691289
5311,COL,KOR,342070807.864192
5312,COL,KWT,3475473.86672222
5313,COL,LBN,27730825.7698668
5314,COL,LBR,345227.300009615
5315,COL,LBY,2745091.29066273
5316,COL,LCA,132866173.95623
5317,COL,LKA,157500.596832495
5318,COL,LTU,2156879.69733685
5319,COL,LUX,620587.031495598
5320,COL,LVA,945561.398035172
5321,COL,MAC,439838.12355135
5322,COL,MAR,16404073.313387
5323,COL,MDA,325956.909900458
5324,COL,MDG,194775.423079927
5325,COL,MDV,6825.33682468793
5326,COL,MEX,580649638.860701
5327,COL,MKD,1424639.27651746
5328,COL,MLI,94882.6748533777
5329,COL,MLT,6615184.2995129
5330,COL,MNE,352794.897525899
5331,COL,MNG,257319.148597052
5332,COL,MOZ,1133757.41282649
5333,COL,MRT,37791.4388125709
5334,COL,MSR,50847.776581011
5335,COL,MUS,24974.1344109795
5336,COL,MWI,39104.5972110273
5337,COL,MYS,58776228.0138036
5338,COL,NAM,86925.8686147579
5339,COL,NCL,10133.5832078257
5340,COL,NER,138135.940902816
5341,COL,NGA,9135873.36083378
5342,COL,NIC,32404111.7012081
5343,COL,NLD,349583120.891825
5344,COL,NOR,82108124.9735963
5345,COL,NPL,31155.637371918
5346,COL,NZL,10202171.5301606
5347,COL,OMN,1429883.80614943
5348,COL,PAK,694967.330492198
5349,COL,PAN,714645629.930863
5350,COL,PER,489888340.628646
5351,COL,PHL,3907804.02819424
5352,COL,POL,108652945.955731
5353,COL,PRK,380604.83444754
5354,COL,PRT,25041710.1931916
5355,COL,PRY,17455398.2233838
5356,COL,PSE,2006560.61205428
5357,COL,PYF,62578.0653303442
5358,COL,QAT,2000739.10824442
5359,COL,ROU,5852370.77734594
5360,COL,RUS,61828400.3712723
5361,COL,RWA,95694.3963605275
5362,COL,SAU,17515457.5584625
5363,COL,SDN,23574.4570674192
5364,COL,SEN,1987781.98849537
5365,COL,SGP,66885225.2968828
5366,COL,SLE,600706.723233241
5367,COL,SLV,67142234.5059475
5368,COL,SRB,6257327.3170225
5369,COL,STP,5720.96497072052
5370,COL,SUR,7426670.81277377
5371,COL,SVK,12582543.4745445
5372,COL,SVN,23159852.7371388
5373,COL,SWE,25492234.9393344
5374,COL,SYC,21633.3726562959
5375,COL,SYR,169449.131416287
5376,COL,TCA,779981.478304378
5377,COL,TGO,347533.658348775
5378,COL,THA,28563801.4428719
5379,COL,TON,42449.676510932
5380,COL,TTO,30573383.8509635
5381,COL,TUN,1527293.61778953
5382,COL,TUR,506710426.960513
5383,COL,TZA,273981.077231837
5384,COL,UGA,1388047.02801317
5385,COL,UKR,25642508.520601
5386,COL,URY,24400077.4643082
5387,COL,USA,5656524036.91411
5388,COL,UZB,24740.484347358
5389,COL,VCT,1136199.89912044
5390,COL,VEN,98014124.1962667
5391,COL,VGB,821295.589909913
5392,COL,VNM,9160571.92453269
5393,COL,YEM,641549.785803971
5394,COL,ZAF,3406142.88910022
5395,COL,ZMB,161184.607683291
5396,COL,ZWE,4169.15429767289
5397,COM,ALB,15639.3220751243
5398,COM,ARE,745197.316014081
5399,COM,ARG,16412.0481419886
5400,COM,AUS,26509.9432101829
5401,COM,AUT,18434.0141334835
5402,COM,BEL,80.2984392008631
5403,COM,BIH,1297.04899858159
5404,COM,BRA,54368.1618201885
5405,COM,BRB,18006.1090432633
5406,COM,CAN,298611.005815092
5407,COM,CMR,105.135451916475
5408,COM,COL,1988.0512811876
5409,COM,CRI,95.3480825224813
5410,COM,CZE,52684.2541681917
5411,COM,DEU,2894618.69679014
5412,COM,DNK,2.82868478755392
5413,COM,DOM,872.291170272284
5414,COM,EGY,77494.3678719053
5415,COM,ESP,85251.0841713704
5416,COM,EST,204.579526024895
5417,COM,ETH,83457.5474796183
5418,COM,FIN,1780.54354628167
5419,COM,FRA,3583754.82312415
5420,COM,GBR,237730.143855464
5421,COM,GRC,6709790.5749536
5422,COM,HKG,6533.7192278856
5423,COM,HRV,9973.5864747113
5424,COM,IDN,113.027362444693
5425,COM,IND,9541644.29716511
5426,COM,IRL,8389.74754804278
5427,COM,JPN,83457.7875377333
5428,COM,KEN,128.157525259026
5429,COM,KWT,137.533295010136
5430,COM,MDA,1564.87883667896
5431,COM,MDG,1125511.52960612
5432,COM,MEX,16460.4848678858
5433,COM,MUS,252729.321960113
5434,COM,MYS,26912.4221450638
5435,COM,NLD,909397.256670008
5436,COM,NOR,3831.97167017316
5437,COM,NZL,5090.20977314504
5438,COM,PAK,161339.375150468
5439,COM,PER,98364.0176408888
5440,COM,POL,53765.8715135905
5441,COM,PYF,544.627847271555
5442,COM,RUS,64664.9650414426
5443,COM,SAU,33548.9207544921
5444,COM,SEN,296.007159457978
5445,COM,SGP,94951.9066134805
5446,COM,SLV,242.668746926611
5447,COM,SVK,15792.3986329549
5448,COM,SVN,13534.421506254
5449,COM,THA,4965.23001718235
5450,COM,TUN,225.039479111675
5451,COM,TUR,2323581.00854184
5452,COM,TZA,37761.0614586112
5453,COM,UKR,34130.9926664815
5454,COM,USA,1722548.5064418
5455,COM,VNM,57863.8555818826
5456,COM,ZAF,27849.3799702866
5457,CPV,AGO,14907.7649747279
5458,CPV,AUS,13137.3863892501
5459,CPV,AUT,522.91859174501
5460,CPV,BEL,1612.04575517242
5461,CPV,BGR,31837.7715076618
5462,CPV,BMU,1343.32520144445
5463,CPV,BOL,14053.7622318444
5464,CPV,BRA,10549.0537878138
5465,CPV,BRB,2796.42697836063
5466,CPV,BWA,5.26427441191523
5467,CPV,CAN,158080.677762494
5468,CPV,CHE,3409.52740194647
5469,CPV,CHL,22987.3199292048
5470,CPV,CIV,4502.14991155143
5471,CPV,CZE,4614.11701732186
5472,CPV,DEU,665691.05608945
5473,CPV,DNK,64664.2588704879
5474,CPV,DOM,47567.330427945
5475,CPV,ESP,32732565.6070986
5476,CPV,ETH,615.624034519005
5477,CPV,FRA,717512.765446835
5478,CPV,GBR,187003.538608446
5479,CPV,GHA,614.845346008712
5480,CPV,GRC,290.188250776367
5481,CPV,IDN,28664.4392854761
5482,CPV,IND,803840.72381535
5483,CPV,IRL,69725.6726725053
5484,CPV,ISL,463.07710490449
5485,CPV,ITA,4027018.18838167
5486,CPV,KHM,4321.04606868208
5487,CPV,KOR,821.698922551465
5488,CPV,KWT,19.5047218378011
5489,CPV,LBN,1560.87786809685
5490,CPV,MAR,272837.604412037
5491,CPV,MEX,15381.7237139336
5492,CPV,MOZ,10905.6871240754
5493,CPV,NGA,1251.57348955622
5494,CPV,NLD,363034.942506726
5495,CPV,NZL,12111.0989384945
5496,CPV,PER,3613.89987784724
5497,CPV,POL,1499.86309721962
5498,CPV,PRT,4653001.19217152
5499,CPV,ROU,38280.1471224545
5500,CPV,RUS,22.4654385885647
5501,CPV,SEN,237669.542184592
5502,CPV,SGP,104057.335918707
5503,CPV,SLV,53.287900303018
5504,CPV,SRB,28.0067800747913
5505,CPV,STP,9810.45648307603
5506,CPV,SVK,759.744424178517
5507,CPV,SWE,651.601744251511
5508,CPV,SYC,38.6273511760103
5509,CPV,TGO,15690.1993918566
5510,CPV,THA,27274.5078012607
5511,CPV,TUR,4701.13808398282
5512,CPV,UGA,331.080150169854
5513,CPV,UKR,28708.1598696571
5514,CPV,USA,2391731.50688526
5515,CPV,ZAF,2868.46891877123
5516,CPV,ZMB,307.373411078688
5517,CRI,ABW,11527498.2664123
5518,CRI,AFG,12963.1382060462
5519,CRI,AGO,222660.821269753
5520,CRI,AIA,1140.27604590222
5521,CRI,ALB,662760.899736959
5522,CRI,AND,14019.9740521685
5523,CRI,ARE,13357491.5918381
5524,CRI,ARG,8062525.05176043
5525,CRI,ARM,841939.932635011
5526,CRI,ATG,381152.372999455
5527,CRI,AUS,51121773.9401845
5528,CRI,AUT,24823588.5658013
5529,CRI,AZE,856607.033348072
5530,CRI,BDI,5577.32819813837
5531,CRI,BEL,306903474.663235
5532,CRI,BFA,360317.494148055
5533,CRI,BGD,143423.445938562
5534,CRI,BGR,92902.1749002678
5535,CRI,BHR,620765.904298362
5536,CRI,BHS,5698415.38176025
5537,CRI,BIH,3077811.18779385
5538,CRI,BLR,3959258.48464451
5539,CRI,BLZ,5463615.36975135
5540,CRI,BMU,640456.506135277
5541,CRI,BOL,858501.146888162
5542,CRI,BRA,21995903.4202476
5543,CRI,BRB,5814564.88003315
5544,CRI,BWA,727.375588107077
5545,CRI,CAN,212166874.488124
5546,CRI,CHE,53967412.877116
5547,CRI,CHL,17857465.1930332
5548,CRI,CHN,334385540.361545
5549,CRI,CIV,660929.587400217
5550,CRI,CMR,73289.6874738286
5551,CRI,COG,10081.4405847793
5552,CRI,COL,31318189.9887784
5553,CRI,CPV,3630.21082651437
5554,CRI,CUB,14355624.8088223
5555,CRI,CYM,234751.7863341
5556,CRI,CYP,39300.2640794144
5557,CRI,CZE,111671258.649719
5558,CRI,DEU,349258667.937012
5559,CRI,DMA,200720.06169911
5560,CRI,DNK,1326947.38508953
5561,CRI,DOM,115771759.212221
5562,CRI,DZA,100679.103092768
5563,CRI,ECU,21173911.3347252
5564,CRI,EGY,2567259.16933433
5565,CRI,ESP,145727529.082426
5566,CRI,EST,2900423.8796489
5567,CRI,ETH,157905.026739681
5568,CRI,FIN,28968047.9856676
5569,CRI,FJI,13930.8574782126
5570,CRI,FRA,34088109.6755708
5571,CRI,GAB,11309.4253638175
5572,CRI,GBR,153434094.980135
5573,CRI,GHA,7156.79256578343
5574,CRI,GRC,5630354.49311016
5575,CRI,GRD,624948.193775889
5576,CRI,GTM,344175452.871194
5577,CRI,GUY,7506675.44784851
5578,CRI,HKG,208655062.75348
5579,CRI,HND,185899416.62997
5580,CRI,HRV,437836.044374192
5581,CRI,HTI,9800704.84733268
5582,CRI,HUN,5965159.08691906
5583,CRI,IDN,2735576.24719527
5584,CRI,IND,19567106.3282695
5585,CRI,IRL,46780095.7397334
5586,CRI,IRN,64117.3669751199
5587,CRI,IRQ,1152040.76898765
5588,CRI,ISL,845040.229676335
5589,CRI,ISR,4243043.27022579
5590,CRI,ITA,114786656.770817
5591,CRI,JAM,26955297.9747408
5592,CRI,JOR,1019888.66519346
5593,CRI,JPN,210529825.603021
5594,CRI,KAZ,171490.185528766
5595,CRI,KEN,213600.661923791
5596,CRI,KGZ,9246.23839326323
5597,CRI,KHM,3758.15980128605
5598,CRI,KNA,55713.8725991501
5599,CRI,KOR,78021727.5387764
5600,CRI,KWT,3795656.87883761
5601,CRI,LBN,1744658.8590687
5602,CRI,LBR,22.8255257609549
5603,CRI,LBY,2141583.29427793
5604,CRI,LCA,762725.27580367
5605,CRI,LKA,396632.841618237
5606,CRI,LTU,1445068.48216069
5607,CRI,LUX,1382432.05670212
5608,CRI,LVA,329207.086725716
5609,CRI,MAC,161459.675273553
5610,CRI,MAR,4107055.85945399
5611,CRI,MDA,797895.660093256
5612,CRI,MDG,17.2026645398678
5613,CRI,MDV,5693.56783823343
5614,CRI,MEX,357426253.716599
5615,CRI,MKD,846826.955719318
5616,CRI,MLT,262405.958047024
5617,CRI,MMR,55423.9874217438
5618,CRI,MNE,867109.230792578
5619,CRI,MOZ,20599.5808888434
5620,CRI,MSR,304.336675924865
5621,CRI,MUS,68607.8485619227
5622,CRI,MWI,2058.49283416536
5623,CRI,MYS,27022320.3479799
5624,CRI,NCL,2540.51502542723
5625,CRI,NER,2134.14064751059
5626,CRI,NGA,154746.937207551
5627,CRI,NIC,230727446.149028
5628,CRI,NLD,732008954.347884
5629,CRI,NOR,27908507.3317467
5630,CRI,NZL,6275230.59917272
5631,CRI,OMN,77574.0391592809
5632,CRI,PAK,1718996.26949174
5633,CRI,PAN,242729584.574609
5634,CRI,PER,26568391.5297559
5635,CRI,PHL,8879810.68591255
5636,CRI,PNG,4988.10755553488
5637,CRI,POL,47749486.0254303
5638,CRI,PRT,42599364.7204878
5639,CRI,PRY,692287.593763019
5640,CRI,PSE,1231190.04499115
5641,CRI,PYF,92666.95545672
5642,CRI,QAT,1459439.39367022
5643,CRI,ROU,5059518.58320976
5644,CRI,RUS,50700795.8789073
5645,CRI,SAU,27996829.8994841
5646,CRI,SEN,199246.396944166
5647,CRI,SGP,76315786.0001641
5648,CRI,SLV,156684016.999208
5649,CRI,SRB,8293898.84432646
5650,CRI,SUR,4257882.02599429
5651,CRI,SVK,8665790.45591682
5652,CRI,SVN,7862621.2476666
5653,CRI,SWE,7972998.94266149
5654,CRI,SWZ,1736.65042033053
5655,CRI,SYC,4169.88697504448
5656,CRI,TCA,12549.6731115599
5657,CRI,THA,21956191.1369237
5658,CRI,TTO,25650089.4808523
5659,CRI,TUN,4162092.17302497
5660,CRI,TUR,33004272.9023776
5661,CRI,TZA,37124.5373644614
5662,CRI,UGA,4015.97221429596
5663,CRI,UKR,24836956.1119092
5664,CRI,URY,1671506.91994194
5665,CRI,USA,2811929432.30177
5666,CRI,VCT,558939.551947888
5667,CRI,VEN,2090803.48114998
5668,CRI,VGB,33866.7486964758
5669,CRI,VNM,17156997.1628937
5670,CRI,VUT,2750.66590020271
5671,CRI,YEM,514.639587506472
5672,CRI,ZAF,9760924.01941505
5673,CRI,ZMB,23891.4393046689
5674,CUB,ABW,41513.0497658593
5675,CUB,AGO,603475.423499327
5676,CUB,ALB,78781.6790130791
5677,CUB,AND,1097512.11231376
5678,CUB,ARE,1474571.44144088
5679,CUB,ARG,2305740.07948649
5680,CUB,ARM,58105.5315884798
5681,CUB,AUS,3199990.58832715
5682,CUB,AUT,604197.921906733
5683,CUB,AZE,290289.380258491
5684,CUB,BEL,18885448.8329141
5685,CUB,BFA,6380.50763736538
5686,CUB,BGR,2578603.35611343
5687,CUB,BHR,265794.430351807
5688,CUB,BHS,20422.4440063232
5689,CUB,BIH,71023.5638749734
5690,CUB,BLR,530428.409773636
5691,CUB,BLZ,20805.2366754169
5692,CUB,BMU,6197969.57729082
5693,CUB,BOL,876607.160116921
5694,CUB,BRA,1581179.78292464
5695,CUB,BRB,98311.4349112984
5696,CUB,BRN,491.153901929469
5697,CUB,BWA,3484.07744953698
5698,CUB,CAN,230102036.605566
5699,CUB,CHE,24815844.1064691
5700,CUB,CHL,1562429.1021303
5701,CUB,CHN,235061899.908537
5702,CUB,CIV,61523.0489246847
5703,CUB,CMR,931354.748791383
5704,CUB,COL,3423019.72826203
5705,CUB,CPV,103770.673021372
5706,CUB,CRI,1564927.68350414
5707,CUB,CYP,20615528.0804497
5708,CUB,CZE,3603324.31764257
5709,CUB,DEU,25501763.478569
5710,CUB,DMA,1136.20005915919
5711,CUB,DNK,85217.0599345481
5712,CUB,DOM,3502626.37498899
5713,CUB,DZA,176552.526055132
5714,CUB,ECU,231780.598048315
5715,CUB,EGY,183013.716724803
5716,CUB,ESP,71859735.8912714
5717,CUB,EST,65154.39302555
5718,CUB,ETH,20164.1814843478
5719,CUB,FIN,55854.9132432435
5720,CUB,FRA,13636363.5850966
5721,CUB,GBR,4631239.83753246
5722,CUB,GEO,98729.356084543
5723,CUB,GRC,6478010.75159282
5724,CUB,GRD,3746.15189432898
5725,CUB,GTM,213204.113924712
5726,CUB,GUY,57.5679364437334
5727,CUB,HKG,18396829.2370069
5728,CUB,HRV,39741.120805056
5729,CUB,HUN,87096.5849429459
5730,CUB,IDN,388975.165795175
5731,CUB,IND,35238238.1081068
5732,CUB,IRL,393445.848588949
5733,CUB,ISL,60120.6119130449
5734,CUB,ISR,3570013.70357901
5735,CUB,ITA,9468322.60294286
5736,CUB,JAM,286915.238422927
5737,CUB,JOR,19511.9085776167
5738,CUB,JPN,5693361.36524902
5739,CUB,KAZ,116960.959717094
5740,CUB,KGZ,7296.76645162865
5741,CUB,KHM,29985.6041221864
5742,CUB,KOR,4851098.88753007
5743,CUB,KWT,136242.482521331
5744,CUB,LBN,1184122.16047252
5745,CUB,LCA,53534.3649688869
5746,CUB,LUX,2721711.12513074
5747,CUB,LVA,557428.021026041
5748,CUB,MAC,5955982.48688433
5749,CUB,MAR,883755.719189483
5750,CUB,MDA,33835.3911052135
5751,CUB,MEX,7869345.57053713
5752,CUB,MKD,53014.1290265762
5753,CUB,MLT,11326.4729908249
5754,CUB,MNE,75095.3546022006
5755,CUB,MOZ,271.065621438158
5756,CUB,MUS,114099.65953378
5757,CUB,MYS,764245.945938001
5758,CUB,NAM,2279.89793344126
5759,CUB,NGA,123558.979511305
5760,CUB,NIC,450697.893059371
5761,CUB,NLD,98070227.9782578
5762,CUB,NOR,676093.568901612
5763,CUB,NZL,569074.414965539
5764,CUB,PAK,50755.7938131872
5765,CUB,PAN,1508438.11811992
5766,CUB,PER,3120870.12179805
5767,CUB,PHL,1721490.88540559
5768,CUB,POL,1687641.55592608
5769,CUB,PRT,27432723.6447451
5770,CUB,PRY,179670.495874805
5771,CUB,PYF,29687.8975513231
5772,CUB,QAT,91912.9889312951
5773,CUB,ROU,3754658.1585842
5774,CUB,RUS,7928488.23320146
5775,CUB,SAU,234310.18442806
5776,CUB,SEN,19966.9132282857
5777,CUB,SGP,27634400.457061
5778,CUB,SLV,59802.2873508359
5779,CUB,SRB,337914.804750248
5780,CUB,SUR,13653.3052864607
5781,CUB,SVK,637011.29109382
5782,CUB,SVN,720366.106203276
5783,CUB,SWE,2189081.89806806
5784,CUB,SYC,15.8778438181156
5785,CUB,THA,1683459.59602834
5786,CUB,TTO,11537.8871714301
5787,CUB,TUN,76727.0396117794
5788,CUB,TUR,6509915.46530632
5789,CUB,UKR,571626.718344772
5790,CUB,URY,192011.493468754
5791,CUB,USA,7456077.01863123
5792,CUB,VCT,13323.8005176701
5793,CUB,VEN,61890629.3861021
5794,CUB,VNM,1298392.98394285
5795,CUB,ZAF,7045351.06225441
5796,CUB,ZWE,92026.8785024693
5797,CYM,AGO,307341.449841291
5798,CYM,AUS,175179.171583994
5799,CYM,AUT,125.591904155747
5800,CYM,BEL,2334.67119333038
5801,CYM,BIH,772.381983566194
5802,CYM,BMU,12160.6339302675
5803,CYM,BOL,526.422439980795
5804,CYM,BRA,1100383.88853318
5805,CYM,BRB,3000061.275558
5806,CYM,CAN,1470955.6255992
5807,CYM,CHE,179868.845392626
5808,CYM,CRI,1531332.93565551
5809,CYM,CYP,126675189.855032
5810,CYM,CZE,23217.620682002
5811,CYM,DEU,196697.529896823
5812,CYM,DNK,5341.20253520673
5813,CYM,ESP,1200782.9663355
5814,CYM,FIN,265.624804287557
5815,CYM,FRA,8137283.78387073
5816,CYM,GBR,31302421.1603515
5817,CYM,GRC,598206.067857313
5818,CYM,GRD,13284975.5146452
5819,CYM,GUY,7603.67274962538
5820,CYM,HUN,10.0024214552826
5821,CYM,IND,594147.245769623
5822,CYM,IRL,26427.6757943186
5823,CYM,ITA,19751100.7679144
5824,CYM,JAM,733236.37192611
5825,CYM,KAZ,105.630571778512
5826,CYM,KOR,452717.597003254
5827,CYM,LCA,18838.1454683888
5828,CYM,MEX,85924.3011483868
5829,CYM,MLT,48722456.7829126
5830,CYM,MSR,90.16232711899
5831,CYM,MUS,1037.39013857103
5832,CYM,MYS,421.895135288801
5833,CYM,NIC,54.933298632412
5834,CYM,NLD,651375655.574903
5835,CYM,NZL,1092446.56351071
5836,CYM,PAK,7671.58469021709
5837,CYM,PHL,182.044070486143
5838,CYM,PRT,460543.263494658
5839,CYM,RUS,13367.0059771462
5840,CYM,SLV,928.459767954424
5841,CYM,SUR,16090.9894178748
5842,CYM,SVK,5292.50424598847
5843,CYM,SWE,597.301598897219
5844,CYM,SYC,55355326.6648735
5845,CYM,THA,720.739981713643
5846,CYM,TTO,4604.32414659606
5847,CYM,TUR,8994.67749366287
5848,CYM,UGA,758.683667383185
5849,CYM,USA,10344286.7163866
5850,CYM,ZAF,6669.8556847395
5851,CYP,ABW,41335.2292178327
5852,CYP,AFG,552617.413440925
5853,CYP,AGO,116484.63340473
5854,CYP,ALB,1271212.63343584
5855,CYP,AND,303.326431357881
5856,CYP,ARE,18752445.4945472
5857,CYP,ARG,621237.458455449
5858,CYP,ARM,913849.534008062
5859,CYP,ATG,11152693.3445476
5860,CYP,AUS,14404809.3692605
5861,CYP,AUT,16181845.9000396
5862,CYP,AZE,1393786.69751201
5863,CYP,BDI,98304.6242625295
5864,CYP,BEL,14847364.2269976
5865,CYP,BEN,279781.913538362
5866,CYP,BFA,3323.45256435518
5867,CYP,BGD,1756449.33688902
5868,CYP,BGR,26529131.3768869
5869,CYP,BHR,2745534.60298283
5870,CYP,BHS,16806.3430956348
5871,CYP,BIH,462374.254753671
5872,CYP,BLR,416300.780968861
5873,CYP,BLZ,9183028.92057743
5874,CYP,BMU,1397.24375442023
5875,CYP,BOL,10770.9875150636
5876,CYP,BRA,1518112.01504371
5877,CYP,BRB,497978.66211456
5878,CYP,BRN,72749.7977736004
5879,CYP,BWA,2069341.13289645
5880,CYP,CAF,24721.3927255263
5881,CYP,CAN,1369633.82791849
5882,CYP,CHE,7845956.70389872
5883,CYP,CHL,1564568.13946323
5884,CYP,CHN,49867293.7074438
5885,CYP,CIV,289191.454465031
5886,CYP,CMR,688064.681451234
5887,CYP,COD,950766.376592337
5888,CYP,COG,31191.8661424291
5889,CYP,COL,1274812.56043103
5890,CYP,CPV,6212.20389323236
5891,CYP,CRI,42443.7000641125
5892,CYP,CZE,19911029.699615
5893,CYP,DEU,66233629.7416296
5894,CYP,DJI,2151209.60018056
5895,CYP,DMA,47380.6227284553
5896,CYP,DNK,22896608.0900561
5897,CYP,DOM,108134.458436691
5898,CYP,DZA,5109058.53668392
5899,CYP,ECU,68045.6669651182
5900,CYP,EGY,5476670.95383733
5901,CYP,ERI,175784.829205775
5902,CYP,ESP,76056160.1771514
5903,CYP,EST,3475758.82070585
5904,CYP,ETH,2655447.86966411
5905,CYP,FIN,7756553.08345269
5906,CYP,FRA,65786841.3490091
5907,CYP,GAB,130384.70192934
5908,CYP,GBR,126609089.125911
5909,CYP,GEO,2738131.37575845
5910,CYP,GHA,3710666.96039105
5911,CYP,GIB,20029.2578210954
5912,CYP,GIN,386965.173202283
5913,CYP,GMB,153086.661276484
5914,CYP,GRC,191282739.019842
5915,CYP,GRD,22123.5058111159
5916,CYP,GUY,29724.2803591246
5917,CYP,HKG,30188989.5786426
5918,CYP,HRV,8950386.77145888
5919,CYP,HTI,30073.3058536273
5920,CYP,HUN,31169845.3114742
5921,CYP,IDN,21368882.1266014
5922,CYP,IND,28050617.7818262
5923,CYP,IRL,1883943.56407227
5924,CYP,IRN,7356020.79632974
5925,CYP,IRQ,7276676.89921102
5926,CYP,ISL,402908.703922338
5927,CYP,ISR,112024619.693801
5928,CYP,ITA,37914224.6324104
5929,CYP,JAM,131852.760327058
5930,CYP,JOR,6019466.94864139
5931,CYP,JPN,748158.44986582
5932,CYP,KAZ,3079289.77273991
5933,CYP,KEN,16338038.7742896
5934,CYP,KGZ,142448.985034334
5935,CYP,KHM,807457.919991188
5936,CYP,KNA,47370.3402391993
5937,CYP,KOR,39872593.6329064
5938,CYP,KWT,11637027.6720474
5939,CYP,LBN,52600768.4573941
5940,CYP,LBR,116421878.913689
5941,CYP,LBY,92840124.1455925
5942,CYP,LCA,17666.406805799
5943,CYP,LKA,19341440.9721412
5944,CYP,LSO,28650.9275144532
5945,CYP,LTU,12386137.5217347
5946,CYP,LUX,1400163.48824956
5947,CYP,LVA,6783338.41242216
5948,CYP,MAC,204172.386461737
5949,CYP,MAR,582718.709570632
5950,CYP,MDA,335388.819742348
5951,CYP,MDG,48393.9960528701
5952,CYP,MDV,242740.45228554
5953,CYP,MEX,14521701.5958382
5954,CYP,MKD,797637.223529147
5955,CYP,MLI,5251.3752892065
5956,CYP,MLT,13627852.7582369
5957,CYP,MMR,2031352.4988455
5958,CYP,MNE,615985.797096989
5959,CYP,MNG,241664.203739857
5960,CYP,MOZ,831054.739472255
5961,CYP,MUS,861280.372202225
5962,CYP,MWI,104166.495344775
5963,CYP,MYS,5260335.858443
5964,CYP,NAM,178037.644582884
5965,CYP,NCL,56247.9238859748
5966,CYP,NGA,1778125.01078589
5967,CYP,NIC,4555.63786028355
5968,CYP,NLD,84016507.3864939
5969,CYP,NOR,11193968.0226068
5970,CYP,NPL,86228.3847630488
5971,CYP,NZL,1903719.2850154
5972,CYP,OMN,2389627.06142657
5973,CYP,PAK,1663056.29215559
5974,CYP,PAN,2274129.93858522
5975,CYP,PER,39386.7650201597
5976,CYP,PHL,978159.315564233
5977,CYP,PNG,361059.749838441
5978,CYP,POL,79889933.8070554
5979,CYP,PRT,4791000.45448624
5980,CYP,PSE,1702082.76695421
5981,CYP,PYF,209445.484009618
5982,CYP,QAT,2910378.05842527
5983,CYP,ROU,21096763.1001477
5984,CYP,RUS,26930468.1367621
5985,CYP,RWA,115495.860035642
5986,CYP,SAU,14709324.9675001
5987,CYP,SDN,798472.941845611
5988,CYP,SEN,317177.235456219
5989,CYP,SGP,6842987.51118804
5990,CYP,SLE,439321.263926401
5991,CYP,SLV,54713.4304051927
5992,CYP,SOM,586623.109274684
5993,CYP,SRB,3381926.18855406
5994,CYP,SUR,68019.1195383337
5995,CYP,SVK,8437202.82884498
5996,CYP,SVN,11377441.121542
5997,CYP,SWE,31765856.5329879
5998,CYP,SWZ,271765.94097635
5999,CYP,SYC,302237.692788527
6000,CYP,SYR,718319.350710568
6001,CYP,TGO,157906.847180385
6002,CYP,THA,7894175.90163521
6003,CYP,TJK,37703.627554615
6004,CYP,TTO,442074.051340195
6005,CYP,TUN,1286507.52312839
6006,CYP,TUR,40050796.7735537
6007,CYP,TZA,1444782.81750502
6008,CYP,UGA,5276035.25906235
6009,CYP,UKR,9503902.35533511
6010,CYP,URY,174208.788666994
6011,CYP,USA,44266990.8134324
6012,CYP,UZB,4597903.09214285
6013,CYP,VCT,159671.079277879
6014,CYP,VEN,11785.176036827
6015,CYP,VGB,8847341.91564835
6016,CYP,VNM,30662540.2425587
6017,CYP,YEM,1445556.27174816
6018,CYP,ZAF,2890958.40568158
6019,CYP,ZMB,531410.60805098
6020,CYP,ZWE,667193.793882596
6021,CZE,ABW,39054.4545721509
6022,CZE,AFG,7679537.61551619
6023,CZE,AGO,7865823.27033436
6024,CZE,AIA,35558.1081524568
6025,CZE,ALB,30525055.53131
6026,CZE,AND,1196214.63990347
6027,CZE,ARE,393610242.823641
6028,CZE,ARG,55082789.587215
6029,CZE,ARM,22974701.3744179
6030,CZE,ATG,11161.6735950487
6031,CZE,AUS,269371637.281271
6032,CZE,AUT,3990677045.6668
6033,CZE,AZE,36950080.6307701
6034,CZE,BDI,230909.900263781
6035,CZE,BEL,2013064875.65134
6036,CZE,BEN,872762.784443901
6037,CZE,BFA,4426174.3543637
6038,CZE,BGD,19567880.6277172
6039,CZE,BGR,501837778.856199
6040,CZE,BHR,25819750.0534557
6041,CZE,BHS,266315.971610117
6042,CZE,BIH,86083687.9588469
6043,CZE,BLR,159645609.111885
6044,CZE,BLZ,106883.375065786
6045,CZE,BMU,106470.825192863
6046,CZE,BOL,3954408.5705438
6047,CZE,BRA,233333738.043174
6048,CZE,BRB,118155.103803744
6049,CZE,BRN,1351265.93379179
6050,CZE,BTN,115316.416594735
6051,CZE,BWA,2620319.18496945
6052,CZE,CAF,248941.765542291
6053,CZE,CAN,255577317.281495
6054,CZE,CHE,1494145118.97195
6055,CZE,CHL,40280059.399534
6056,CZE,CHN,2567387253.84191
6057,CZE,CIV,28475182.4688785
6058,CZE,CMR,3074006.67677154
6059,CZE,COD,3481957.06171885
6060,CZE,COG,2389655.00419114
6061,CZE,COL,37492384.9755522
6062,CZE,COM,105095.942351727
6063,CZE,CPV,32144.2817097689
6064,CZE,CRI,4115594.83162736
6065,CZE,CUB,8202544.93874193
6066,CZE,CYP,53159307.1723046
6067,CZE,DEU,31438301875.7938
6068,CZE,DJI,95302.5715048598
6069,CZE,DMA,258610.106120968
6070,CZE,DNK,1043071941.06103
6071,CZE,DOM,4886088.46854955
6072,CZE,DZA,40999730.998106
6073,CZE,ECU,16455549.6196268
6074,CZE,EGY,218894455.982026
6075,CZE,ESP,2390242801.48917
6076,CZE,EST,180525205.788885
6077,CZE,ETH,9697836.72430685
6078,CZE,FIN,514784054.519045
6079,CZE,FJI,639482.810416291
6080,CZE,FRA,4513258021.17934
6081,CZE,FRO,1510116.07933236
6082,CZE,GAB,2994048.75350513
6083,CZE,GBR,3889189587.38182
6084,CZE,GEO,40297535.5057705
6085,CZE,GHA,12589264.6961642
6086,CZE,GIB,98667.3860824168
6087,CZE,GIN,658824.992905444
6088,CZE,GMB,201473.274041957
6089,CZE,GNB,6714.12540185844
6090,CZE,GNQ,1783860.34923624
6091,CZE,GRC,244472879.183411
6092,CZE,GRD,20074.6763163185
6093,CZE,GRL,424476.760266409
6094,CZE,GTM,6582026.92254603
6095,CZE,GUY,284903.582927468
6096,CZE,HKG,205061832.785047
6097,CZE,HND,3831028.86693284
6098,CZE,HRV,341175306.074933
6099,CZE,HTI,62363.0972893959
6100,CZE,HUN,3179077383.51406
6101,CZE,IDN,134478219.916452
6102,CZE,IND,278279483.319676
6103,CZE,IRL,537303530.15027
6104,CZE,IRN,15374649.5013593
6105,CZE,IRQ,35325118.2486514
6106,CZE,ISL,23208343.7856868
6107,CZE,ISR,398477673.727939
6108,CZE,ITA,3689575647.46031
6109,CZE,JAM,353599.361776162
6110,CZE,JOR,20616678.0278369
6111,CZE,JPN,549980680.037288
6112,CZE,KAZ,189654357.837077
6113,CZE,KEN,16856917.3580016
6114,CZE,KGZ,3187042.54127447
6115,CZE,KHM,2968362.60172406
6116,CZE,KNA,15657.2904250266
6117,CZE,KOR,472059377.395064
6118,CZE,KWT,45620927.7293339
6119,CZE,LAO,575315.276296362
6120,CZE,LBN,21213274.4560215
6121,CZE,LBR,430116.125482898
6122,CZE,LBY,7032234.41188508
6123,CZE,LCA,141016.943355792
6124,CZE,LKA,5711849.87407496
6125,CZE,LSO,92742.4517333802
6126,CZE,LTU,396080051.294937
6127,CZE,LUX,154016207.80753
6128,CZE,LVA,155038126.200594
6129,CZE,MAC,822804.13260835
6130,CZE,MAR,167914252.842279
6131,CZE,MDA,52815316.8967624
6132,CZE,MDG,492004.60787424
6133,CZE,MDV,4622967.65994657
6134,CZE,MEX,677241781.368818
6135,CZE,MKD,72542854.9504522
6136,CZE,MLI,6604769.92832998
6137,CZE,MLT,15934047.4242728
6138,CZE,MMR,5091528.09729405
6139,CZE,MNE,13583422.5512655
6140,CZE,MNG,7409534.35126079
6141,CZE,MOZ,2957628.50313933
6142,CZE,MRT,477789.666623066
6143,CZE,MUS,4307442.87802771
6144,CZE,MWI,697747.415514385
6145,CZE,MYS,123780056.438635
6146,CZE,NAM,1701145.60908055
6147,CZE,NCL,2694971.91741863
6148,CZE,NER,982572.524444325
6149,CZE,NGA,80939892.0552012
6150,CZE,NIC,2518550.19302887
6151,CZE,NLD,3916381304.14046
6152,CZE,NOR,477792252.305526
6153,CZE,NPL,1508505.94453981
6154,CZE,NZL,58648251.3873378
6155,CZE,OMN,29044276.2390297
6156,CZE,PAK,18604106.3105728
6157,CZE,PAN,4382854.03158071
6158,CZE,PER,43094857.5308102
6159,CZE,PHL,61273575.5304421
6160,CZE,PNG,2041197.14710595
6161,CZE,POL,5995653538.22649
6162,CZE,PRT,325549126.681479
6163,CZE,PRY,3512255.27101866
6164,CZE,PSE,7184787.65802875
6165,CZE,PYF,2311952.23936907
6166,CZE,QAT,74091461.4878206
6167,CZE,ROU,1496601124.03862
6168,CZE,RUS,2144873682.83792
6169,CZE,RWA,2553809.74390451
6170,CZE,SAU,293674218.409993
6171,CZE,SDN,6653207.15434826
6172,CZE,SEN,6437108.83977546
6173,CZE,SGP,284085991.834869
6174,CZE,SHN,532411.389827146
6175,CZE,SLE,79146.1602492146
6176,CZE,SLV,10697091.1257152
6177,CZE,SMR,978351.846173373
6178,CZE,SOM,322289.021952806
6179,CZE,SRB,358700713.746687
6180,CZE,SUR,1504016.10260786
6181,CZE,SVK,7321391758.09295
6182,CZE,SVN,491946433.791057
6183,CZE,SWE,1571151177.63059
6184,CZE,SWZ,835217.27016644
6185,CZE,SYC,516797.109814377
6186,CZE,SYR,1978081.86772312
6187,CZE,TCD,1137509.37612768
6188,CZE,TGO,1212375.50023618
6189,CZE,THA,118880610.942524
6190,CZE,TJK,2880190.75647468
6191,CZE,TKM,4237830.42326378
6192,CZE,TTO,2879280.46410481
6193,CZE,TUN,78352779.6821662
6194,CZE,TUR,1373466277.20429
6195,CZE,TZA,7109175.53832448
6196,CZE,UGA,14681747.2587979
6197,CZE,UKR,710686494.896105
6198,CZE,URY,4282857.79380069
6199,CZE,USA,2854085018.61732
6200,CZE,UZB,228410277.282782
6201,CZE,VCT,79811.8213970636
6202,CZE,VEN,1204041.48267964
6203,CZE,VGB,997671.023093179
6204,CZE,VNM,64799952.9162398
6205,CZE,VUT,84625.9868434911
6206,CZE,WSM,354217.251359141
6207,CZE,YEM,804109.164301278
6208,CZE,ZAF,298771079.839917
6209,CZE,ZMB,1542492.24367788
6210,CZE,ZWE,695648.252334461
6211,DEU,ABW,3722461.97380938
6212,DEU,AFG,39733334.3665612
6213,DEU,AGO,76508147.1437786
6214,DEU,AIA,699049.854317767
6215,DEU,ALB,209749808.113999
6216,DEU,AND,26077447.9287375
6217,DEU,ARE,4313145455.74012
6218,DEU,ARG,1079839135.23388
6219,DEU,ARM,113123758.650953
6220,DEU,ATG,5368306.52172702
6221,DEU,AUS,4900153420.62881
6222,DEU,AUT,33399323479.963
6223,DEU,AZE,291608614.142743
6224,DEU,BDI,6294966.86756491
6225,DEU,BEL,24713370778.9566
6226,DEU,BEN,21672373.5714069
6227,DEU,BFA,72316955.0635471
6228,DEU,BGD,305685942.566154
6229,DEU,BGR,2115190776.4549
6230,DEU,BHR,264061468.554443
6231,DEU,BHS,307838212.168947
6232,DEU,BIH,606385925.498757
6233,DEU,BLR,840245212.365421
6234,DEU,BLZ,2643802.37994352
6235,DEU,BMU,6596454.44025918
6236,DEU,BOL,77907749.2861337
6237,DEU,BRA,4882044990.09685
6238,DEU,BRB,9094071.29510093
6239,DEU,BRN,71844134.4493666
6240,DEU,BTN,4106200.8384646
6241,DEU,BWA,23937429.5443038
6242,DEU,CAF,3925232.47439289
6243,DEU,CAN,6439362373.51047
6244,DEU,CHE,33090997322.6334
6245,DEU,CHL,1147241612.9378
6246,DEU,CHN,55199568728.8383
6247,DEU,CIV,156619006.701066
6248,DEU,CMR,82385314.5410616
6249,DEU,COD,70590097.5014393
6250,DEU,COG,25385518.9747965
6251,DEU,COK,177076.595925586
6252,DEU,COL,822144378.800591
6253,DEU,COM,848450.066153105
6254,DEU,CPV,6333037.44895425
6255,DEU,CRI,191324129.792007
6256,DEU,CUB,129337221.903139
6257,DEU,CYM,132899299.86808
6258,DEU,CYP,429437567.550406
6259,DEU,CZE,22435320509.6626
6260,DEU,DJI,9248171.82032061
6261,DEU,DMA,446141.532024017
6262,DEU,DNK,10541988183.1889
6263,DEU,DOM,194807321.118025
6264,DEU,DZA,958576233.67649
6265,DEU,ECU,242640212.570817
6266,DEU,EGY,2315460636.05047
6267,DEU,ERI,3318169.81597096
6268,DEU,ESP,21509235299.0844
6269,DEU,EST,1035750185.49186
6270,DEU,ETH,136947161.351851
6271,DEU,FIN,5801649738.1954
6272,DEU,FJI,4910254.097732
6273,DEU,FRA,51879113535.723
6274,DEU,FRO,36455823.9787055
6275,DEU,FSM,63920.2622586485
6276,DEU,GAB,40524999.159243
6277,DEU,GBR,38262661464.8813
6278,DEU,GEO,201982582.178789
6279,DEU,GHA,150449963.853558
6280,DEU,GIB,11672638.1858866
6281,DEU,GIN,66841459.9573671
6282,DEU,GMB,9406741.07436102
6283,DEU,GNB,1642970.6091747
6284,DEU,GNQ,9057165.25613207
6285,DEU,GRC,3462218468.48735
6286,DEU,GRD,2328408.99533423
6287,DEU,GRL,6689447.45765123
6288,DEU,GTM,138717623.106963
6289,DEU,GUY,8663956.73899796
6290,DEU,HKG,3217480985.4068
6291,DEU,HND,78446331.3097905
6292,DEU,HRV,1995549853.49379
6293,DEU,HTI,21798339.6891548
6294,DEU,HUN,14050085118.3144
6295,DEU,IDN,1512302722.69009
6296,DEU,IND,6132971138.62728
6297,DEU,IRL,4415083610.69036
6298,DEU,IRN,923498464.387784
6299,DEU,IRQ,537489338.79261
6300,DEU,ISL,255939136.649727
6301,DEU,ISR,2615567194.57479
6302,DEU,ITA,35020260954.3172
6303,DEU,JAM,40809144.8596971
6304,DEU,JOR,368731309.736656
6305,DEU,JPN,10614868004.1514
6306,DEU,KAZ,849030762.235024
6307,DEU,KEN,188884584.891125
6308,DEU,KGZ,25472764.1227046
6309,DEU,KHM,85417557.3988593
6310,DEU,KIR,27509.9863075242
6311,DEU,KNA,3040835.87355435
6312,DEU,KOR,10340688767.8704
6313,DEU,KWT,649039744.524919
6314,DEU,LAO,28844493.4897417
6315,DEU,LBN,442304455.93113
6316,DEU,LBR,161285013.014607
6317,DEU,LBY,206627174.440268
6318,DEU,LCA,2176414.38142812
6319,DEU,LKA,158221851.575826
6320,DEU,LSO,3258757.55053932
6321,DEU,LTU,2149823688.66953
6322,DEU,LUX,3137911976.77902
6323,DEU,LVA,903614468.585221
6324,DEU,MAC,108433870.997552
6325,DEU,MAR,1177874276.34457
6326,DEU,MDA,226156367.995852
6327,DEU,MDG,19809294.4803503
6328,DEU,MDV,16902308.5451137
6329,DEU,MEX,6937261051.07782
6330,DEU,MHL,517939300.345251
6331,DEU,MKD,594425205.156952
6332,DEU,MLI,55388859.9203356
6333,DEU,MLT,282552884.782223
6334,DEU,MMR,81452998.5545671
6335,DEU,MNE,116147107.355593
6336,DEU,MNG,92339018.4524646
6337,DEU,MNP,1940255.15287068
6338,DEU,MOZ,41112827.0446783
6339,DEU,MRT,34142389.6565436
6340,DEU,MSR,221999.471665672
6341,DEU,MUS,68153941.8615531
6342,DEU,MWI,19726709.4901054
6343,DEU,MYS,2763628619.7084
6344,DEU,NAM,33091218.8163451
6345,DEU,NCL,22595889.1324335
6346,DEU,NER,35281364.2773878
6347,DEU,NGA,867101420.594331
6348,DEU,NIC,57073507.7640231
6349,DEU,NIU,15520.1837332915
6350,DEU,NLD,44571655029.5889
6351,DEU,NOR,4935262213.06331
6352,DEU,NPL,20649894.6391437
6353,DEU,NZL,874630655.219461
6354,DEU,OMN,431748975.362976
6355,DEU,PAK,608007269.127323
6356,DEU,PAN,215520247.859415
6357,DEU,PER,503874501.305039
6358,DEU,PHL,1112724393.99149
6359,DEU,PLW,60773.5684852825
6360,DEU,PNG,13672921.2217219
6361,DEU,POL,37075065392.1531
6362,DEU,PRT,5191006792.23622
6363,DEU,PRY,121473158.06124
6364,DEU,PSE,77204570.4507436
6365,DEU,PYF,30171048.6478782
6366,DEU,QAT,905622395.241977
6367,DEU,ROU,9588412785.13875
6368,DEU,RUS,13501474525.2907
6369,DEU,RWA,40249706.5820142
6370,DEU,SAU,3583426890.63849
6371,DEU,SDN,93667510.1214051
6372,DEU,SEN,93229250.4784832
6373,DEU,SGP,4415261619.51247
6374,DEU,SHN,131809.48835148
6375,DEU,SLB,119128.934055298
6376,DEU,SLE,7856651.97908482
6377,DEU,SLV,80876067.9272154
6378,DEU,SMR,25475242.9297913
6379,DEU,SOM,16622101.5911786
6380,DEU,SPM,144151.528197744
6381,DEU,SRB,1800058828.60253
6382,DEU,STP,326501.967351731
6383,DEU,SUR,13527349.9183151
6384,DEU,SVK,7949394297.43241
6385,DEU,SVN,2804479886.79383
6386,DEU,SWE,13492596717.5932
6387,DEU,SWZ,6383172.78256214
6388,DEU,SYC,69353242.5965598
6389,DEU,SYR,34336767.6384082
6390,DEU,TCA,854753.746691635
6391,DEU,TCD,7293036.91575684
6392,DEU,TGO,39548684.0901467
6393,DEU,THA,2607144106.87854
6394,DEU,TJK,45551160.3395623
6395,DEU,TKL,253535.031011727
6396,DEU,TKM,97122552.2698758
6397,DEU,TLS,506234.527751545
6398,DEU,TON,129435.886733603
6399,DEU,TTO,76831342.3045958
6400,DEU,TUN,715703631.473185
6401,DEU,TUR,12400782764.9043
6402,DEU,TUV,50184.1394231434
6403,DEU,TZA,119741946.942693
6404,DEU,UGA,76938770.3085091
6405,DEU,UKR,2667108801.88314
6406,DEU,URY,145457028.837358
6407,DEU,USA,59614036758.5526
6408,DEU,UZB,350574646.096096
6409,DEU,VAT,1079939.36818247
6410,DEU,VCT,2096698.58327703
6411,DEU,VEN,19535595.5619255
6412,DEU,VGB,40182995.4156142
6413,DEU,VNM,1703439787.99473
6414,DEU,VUT,208405.158660471
6415,DEU,WLF,79500.4870270886
6416,DEU,WSM,136000.315395841
6417,DEU,YEM,53355236.0681252
6418,DEU,ZAF,3823359242.33414
6419,DEU,ZMB,36212948.8938272
6420,DEU,ZWE,24750888.0054474
6421,DJI,ARE,1281227.8964999
6422,DJI,AUS,186609.585737614
6423,DJI,AUT,41236.3377775097
6424,DJI,BEL,3390.85288108946
6425,DJI,BGR,224840.60096588
6426,DJI,BHR,134748.280794655
6427,DJI,CAN,178755.961978121
6428,DJI,CHE,61683.9748827523
6429,DJI,CHN,23130031.4778023
6430,DJI,CMR,28.6719411015675
6431,DJI,COL,25.7862425117185
6432,DJI,CZE,181038.327008814
6433,DJI,DEU,919093.120911803
6434,DJI,DNK,2886.52278937694
6435,DJI,EGY,2578149.08964147
6436,DJI,ESP,4162.74324564112
6437,DJI,ETH,26616283.0636693
6438,DJI,FRA,959201.696672893
6439,DJI,GBR,3145542.21858967
6440,DJI,GRC,321.60585656741
6441,DJI,GTM,185276.352979418
6442,DJI,HKG,212964.741975897
6443,DJI,HRV,138.0334160829
6444,DJI,IND,8720476.6142198
6445,DJI,IRL,686109.050518589
6446,DJI,ISR,129531.35784591
6447,DJI,ITA,77435.648656752
6448,DJI,JPN,417518.475756828
6449,DJI,KEN,21885.5397026365
6450,DJI,KOR,2365692.20311072
6451,DJI,KWT,45855.1009195975
6452,DJI,LKA,81241.6485394955
6453,DJI,MAR,0.00550133180040543
6454,DJI,MDG,32759.4511342328
6455,DJI,MEX,3600.37160282897
6456,DJI,MLT,95.3965942665394
6457,DJI,MYS,1624850.58655446
6458,DJI,NAM,283.513634939257
6459,DJI,NGA,3554.93160239977
6460,DJI,NLD,1399719.70031431
6461,DJI,NZL,225795.150049716
6462,DJI,OMN,19494873.746207
6463,DJI,PAK,121.822491630323
6464,DJI,POL,251073.781675485
6465,DJI,RUS,12.9331309416804
6466,DJI,RWA,21018.7383613799
6467,DJI,SAU,8110229.31083701
6468,DJI,SEN,17057.2813444995
6469,DJI,SGP,185980.102848047
6470,DJI,SVK,195911.197536053
6471,DJI,SVN,739.489020610497
6472,DJI,SWE,1683.30450598307
6473,DJI,SYC,457.320711356975
6474,DJI,THA,4479.53743736747
6475,DJI,TUR,26964.5277591508
6476,DJI,TZA,71.0822080719657
6477,DJI,UGA,39112.9687376643
6478,DJI,UKR,62949.0741467214
6479,DJI,USA,20479572.336344
6480,DJI,ZAF,182216.57174644
6481,DMA,AGO,1637.5039182604
6482,DMA,AIA,90025.2224277393
6483,DMA,AND,2535.87390187197
6484,DMA,ARE,43016.9618432841
6485,DMA,ARG,1889.60744922471
6486,DMA,ARM,452.089444935863
6487,DMA,ATG,1116391.71431823
6488,DMA,AUS,34728.0887156178
6489,DMA,AUT,3376.7054561831
6490,DMA,AZE,741.334467368997
6491,DMA,BEL,781.394165297404
6492,DMA,BHR,38843.0533946935
6493,DMA,BHS,1795555.68052283
6494,DMA,BIH,1366.99643193945
6495,DMA,BLR,4251.0291184951
6496,DMA,BLZ,9494.67853736953
6497,DMA,BMU,695.80344490455
6498,DMA,BRA,7767.88050217246
6499,DMA,BRB,602448.57591297
6500,DMA,CAN,113890.446386016
6501,DMA,CHE,17614.0611335971
6502,DMA,CHL,421.181962639039
6503,DMA,CHN,299772.571014819
6504,DMA,COL,4856.35616024697
6505,DMA,CRI,420656.415410936
6506,DMA,CZE,196090.971056869
6507,DMA,DEU,84395.27399093
6508,DMA,DNK,19378.7443402982
6509,DMA,DOM,569727.128478935
6510,DMA,EGY,80971.7847089952
6511,DMA,ESP,149952.231472064
6512,DMA,EST,27814.0784242445
6513,DMA,FIN,135152.221083311
6514,DMA,FRA,1270949.9028322
6515,DMA,GBR,399259.599021815
6516,DMA,GRD,76897.6959254387
6517,DMA,GTM,20648.9988522854
6518,DMA,GUY,391193.999445753
6519,DMA,HUN,386365.033916419
6520,DMA,IDN,6374.04307237883
6521,DMA,IND,148345.978619278
6522,DMA,IRL,442682.989256092
6523,DMA,ISR,48011.6229853564
6524,DMA,ITA,6697.74543648327
6525,DMA,JAM,694375.049108629
6526,DMA,JPN,127472.682967674
6527,DMA,KGZ,28790.9699168854
6528,DMA,KHM,49103.3272726718
6529,DMA,KNA,336321.638565573
6530,DMA,KOR,50288.6742296515
6531,DMA,KWT,253564.38461785
6532,DMA,LBN,11905.8822582229
6533,DMA,LCA,702039.067467136
6534,DMA,LKA,10645.3991117554
6535,DMA,LTU,1122.27168728271
6536,DMA,LUX,1555.06496086811
6537,DMA,LVA,619.791543418349
6538,DMA,MDA,236.557267417433
6539,DMA,MEX,181664.478591915
6540,DMA,MKD,578.505048498452
6541,DMA,MNE,57076.6955207373
6542,DMA,MOZ,1159.93380478828
6543,DMA,MSR,87211.766326851
6544,DMA,MUS,470.322358885624
6545,DMA,NLD,934958.428695108
6546,DMA,NZL,5019.50765708837
6547,DMA,PAK,353074.971828221
6548,DMA,PER,20185.4016214652
6549,DMA,POL,55081.3344699502
6550,DMA,PRY,59222.3369524372
6551,DMA,PYF,98.4283282096356
6552,DMA,RUS,22376.5570715131
6553,DMA,SAU,3898855.63090441
6554,DMA,SLV,14523.2558901125
6555,DMA,SRB,3758.9099828952
6556,DMA,SUR,27265.1855444644
6557,DMA,SVK,64549.7006374394
6558,DMA,SVN,28245.1027695955
6559,DMA,SWE,4289.71148298912
6560,DMA,SWZ,1.35532810719079
6561,DMA,THA,58743.8371138908
6562,DMA,TTO,1204921.97283478
6563,DMA,TUR,31316.0812132715
6564,DMA,UKR,52566.6206906668
6565,DMA,URY,549.428009327945
6566,DMA,USA,937920.05816683
6567,DMA,VCT,268938.911589547
6568,DMA,VEN,15097.5289140932
6569,DMA,VGB,117497.586627444
6570,DMA,ZAF,4856.81027018104
6571,DMA,ZMB,132.712627989762
6572,DMA,ZWE,358.256729263857
6573,DNK,ABW,464303.384770792
6574,DNK,AFG,4797921.69002675
6575,DNK,AGO,46767928.6862491
6576,DNK,AIA,22375.1197235499
6577,DNK,ALB,9067596.31585507
6578,DNK,AND,552871.929555944
6579,DNK,ARE,268320828.126632
6580,DNK,ARG,76424287.9995777
6581,DNK,ARM,2486926.40432364
6582,DNK,ATG,436805.774459334
6583,DNK,AUS,477438579.464461
6584,DNK,AUT,328999073.079336
6585,DNK,AZE,12184780.4108143
6586,DNK,BDI,6197078.4290555
6587,DNK,BEL,894218166.909602
6588,DNK,BEN,8593423.70037273
6589,DNK,BFA,9549121.52230342
6590,DNK,BGD,29524528.4828105
6591,DNK,BGR,84638188.6748948
6592,DNK,BHR,25586366.6393866
6593,DNK,BHS,5857198.75663652
6594,DNK,BIH,40659171.9882283
6595,DNK,BLR,44993842.4201904
6596,DNK,BLZ,2029082.29425869
6597,DNK,BMU,1751341.54685993
6598,DNK,BOL,4169716.50377562
6599,DNK,BRA,603176565.149633
6600,DNK,BRB,2696291.48686911
6601,DNK,BRN,1828437.80085367
6602,DNK,BTN,206519.974782135
6603,DNK,BWA,449991.052942633
6604,DNK,CAF,7425900.12970149
6605,DNK,CAN,507845076.606337
6606,DNK,CHE,526536073.497482
6607,DNK,CHL,87159476.5801879
6608,DNK,CHN,3006376381.36244
6609,DNK,CIV,10180340.2961046
6610,DNK,CMR,5132231.73111091
6611,DNK,COD,7527801.69623666
6612,DNK,COG,2330029.18206023
6613,DNK,COK,4065.62523464213
6614,DNK,COL,60567144.3126929
6615,DNK,COM,218061.884427353
6616,DNK,CPV,2103373.87727831
6617,DNK,CRI,16912846.6437494
6618,DNK,CUB,15048911.6544912
6619,DNK,CYM,455581.742375351
6620,DNK,CYP,48975055.1846786
6621,DNK,CZE,622841602.297672
6622,DNK,DEU,6723595042.61949
6623,DNK,DJI,2674188.26696895
6624,DNK,DMA,162664.216377184
6625,DNK,DOM,38099264.5326477
6626,DNK,DZA,28805015.5466485
6627,DNK,ECU,14234138.2245108
6628,DNK,EGY,120097781.549593
6629,DNK,ERI,1052901.62669923
6630,DNK,ESP,1029640748.88725
6631,DNK,EST,128335363.88643
6632,DNK,ETH,13949146.9258485
6633,DNK,FIN,949453954.889225
6634,DNK,FJI,1406212.76069922
6635,DNK,FRA,2098666242.2465
6636,DNK,FRO,291546061.626098
6637,DNK,FSM,76934.1402481321
6638,DNK,GAB,6428111.21206759
6639,DNK,GBR,3096782605.34467
6640,DNK,GEO,6878469.86750197
6641,DNK,GHA,21272718.8472304
6642,DNK,GIB,5936063.46324949
6643,DNK,GIN,4778159.11076504
6644,DNK,GMB,1733993.05451706
6645,DNK,GNB,412235.203245721
6646,DNK,GNQ,6066734.21842858
6647,DNK,GRC,294888744.428342
6648,DNK,GRD,2496653.38809907
6649,DNK,GRL,282453318.489527
6650,DNK,GTM,7160875.55422147
6651,DNK,GUY,3756310.44308064
6652,DNK,HKG,178525722.513661
6653,DNK,HND,7144947.96836146
6654,DNK,HRV,97914788.3883681
6655,DNK,HTI,957415.657796264
6656,DNK,HUN,368989721.58078
6657,DNK,IDN,80817915.4592643
6658,DNK,IND,287280004.518023
6659,DNK,IRL,326203111.196068
6660,DNK,IRN,87854932.0288471
6661,DNK,IRQ,31937536.0048405
6662,DNK,ISL,272158856.15297
6663,DNK,ISR,161637130.233076
6664,DNK,ITA,1261050489.11574
6665,DNK,JAM,2795231.87704225
6666,DNK,JOR,34266879.5179092
6667,DNK,JPN,1111809321.05732
6668,DNK,KAZ,22409005.5828728
6669,DNK,KEN,18591670.5535388
6670,DNK,KGZ,1542923.64811525
6671,DNK,KHM,66935740.3664198
6672,DNK,KIR,1336524.71013454
6673,DNK,KNA,894272.903262056
6674,DNK,KOR,467996093.227164
6675,DNK,KWT,80058781.1827945
6676,DNK,LAO,2403804.31455394
6677,DNK,LBN,44030180.1301663
6678,DNK,LBR,2513093.79710685
6679,DNK,LBY,15446928.7532199
6680,DNK,LCA,396572.169930416
6681,DNK,LKA,25046671.2206914
6682,DNK,LSO,148627.431755397
6683,DNK,LTU,282284250.321337
6684,DNK,LUX,55237933.2429629
6685,DNK,LVA,191548367.526026
6686,DNK,MAC,6208968.33644642
6687,DNK,MAR,98630271.8615499
6688,DNK,MDA,7876425.3584611
6689,DNK,MDG,4226074.44629567
6690,DNK,MDV,3100381.96638385
6691,DNK,MEX,381141364.834522
6692,DNK,MHL,6378294.45408268
6693,DNK,MKD,10699078.2367688
6694,DNK,MLI,5005155.21104909
6695,DNK,MLT,19737419.3838305
6696,DNK,MMR,7483992.92170589
6697,DNK,MNE,4152042.27307576
6698,DNK,MNG,2659488.82242587
6699,DNK,MNP,75283.4431359721
6700,DNK,MOZ,9123444.73602642
6701,DNK,MRT,3579080.07892978
6702,DNK,MSR,56597.3909873848
6703,DNK,MUS,5526811.08660704
6704,DNK,MWI,10868373.4784303
6705,DNK,MYS,125934693.646594
6706,DNK,NAM,3455458.94587192
6707,DNK,NCL,3951596.45526751
6708,DNK,NER,2808561.79003967
6709,DNK,NGA,536049168.592759
6710,DNK,NIC,4548488.81459318
6711,DNK,NLD,3092477126.95472
6712,DNK,NOR,3077304995.72938
6713,DNK,NPL,1328529.21953094
6714,DNK,NZL,92957861.5732823
6715,DNK,OMN,61161134.0623347
6716,DNK,PAK,44263097.4153917
6717,DNK,PAN,39983016.8649252
6718,DNK,PER,36255503.5327481
6719,DNK,PHL,87179782.0838845
6720,DNK,PLW,43511.0509557896
6721,DNK,PNG,5410490.80899069
6722,DNK,POL,1845326729.66623
6723,DNK,PRK,8199.59351424069
6724,DNK,PRT,265306825.362022
6725,DNK,PRY,6381628.90881052
6726,DNK,PSE,5933504.61378554
6727,DNK,PYF,2347240.21362564
6728,DNK,QAT,59092436.354203
6729,DNK,ROU,232264007.210344
6730,DNK,RUS,566667952.547493
6731,DNK,RWA,1938048.06606386
6732,DNK,SAU,403541160.345758
6733,DNK,SDN,5208867.70817764
6734,DNK,SEN,11462658.8556398
6735,DNK,SGP,317117243.897548
6736,DNK,SHN,1028.35095030189
6737,DNK,SLB,195346.633862579
6738,DNK,SLE,1293910.11819974
6739,DNK,SLV,7690477.12382793
6740,DNK,SMR,223202.929006939
6741,DNK,SOM,1892513.75980445
6742,DNK,SPM,188354.810233616
6743,DNK,SRB,90266966.4508023
6744,DNK,STP,292144.351822822
6745,DNK,SUR,14519971.5500167
6746,DNK,SVK,153664401.646364
6747,DNK,SVN,70398675.6477146
6748,DNK,SWE,5044834662.45379
6749,DNK,SWZ,273609.099180821
6750,DNK,SYC,1582569.59187919
6751,DNK,SYR,1016034.41763058
6752,DNK,TCA,56853.3164435872
6753,DNK,TCD,1468519.8689344
6754,DNK,TGO,11793549.6559705
6755,DNK,THA,200618572.69495
6756,DNK,TJK,973266.421058531
6757,DNK,TKL,4137.17855676464
6758,DNK,TKM,7236828.64347
6759,DNK,TLS,267600.217509236
6760,DNK,TON,14134.8573639142
6761,DNK,TTO,6064114.84781324
6762,DNK,TUN,24285773.5328229
6763,DNK,TUR,422047645.209456
6764,DNK,TZA,13096320.7527972
6765,DNK,UGA,10762524.9663914
6766,DNK,UKR,140221417.658436
6767,DNK,URY,21219793.0140791
6768,DNK,USA,5919867302.8711
6769,DNK,UZB,16942137.4296652
6770,DNK,VCT,5662123.42945373
6771,DNK,VEN,1847497.56447291
6772,DNK,VGB,241141.201627893
6773,DNK,VNM,101887953.084524
6774,DNK,VUT,16893.8682843371
6775,DNK,WSM,37878.3598550173
6776,DNK,YEM,26702770.3941197
6777,DNK,ZAF,136326454.669889
6778,DNK,ZMB,15484433.3605943
6779,DNK,ZWE,14087176.916102
6780,DOM,ABW,2753523.50799215
6781,DOM,AGO,67818.7425296833
6782,DOM,AIA,654458.790905102
6783,DOM,ALB,82659.2747282362
6784,DOM,AND,203399.981972722
6785,DOM,ARE,6300010.73161837
6786,DOM,ARG,1742889.24566846
6787,DOM,ARM,77716.0840464884
6788,DOM,ATG,2574013.61849804
6789,DOM,AUS,21953553.5954095
6790,DOM,AUT,15076456.9828545
6791,DOM,AZE,119287.702991179
6792,DOM,BEL,30763596.8840485
6793,DOM,BEN,660.243836388875
6794,DOM,BFA,27161.8460273202
6795,DOM,BGD,371295.015662296
6796,DOM,BGR,422606.770566385
6797,DOM,BHR,337935.08966096
6798,DOM,BHS,3902629.19543498
6799,DOM,BIH,251052.521528682
6800,DOM,BLR,588292.417892446
6801,DOM,BLZ,176411.872004628
6802,DOM,BMU,545402.429787841
6803,DOM,BOL,2100875.24939321
6804,DOM,BRA,13834246.7550214
6805,DOM,BRB,5486019.09339953
6806,DOM,BRN,24097.903787017
6807,DOM,BWA,4371.29823407342
6808,DOM,CAN,250371108.907107
6809,DOM,CHE,609668252.267095
6810,DOM,CHL,7514783.81077702
6811,DOM,CHN,149688307.079424
6812,DOM,CIV,85429.7764304269
6813,DOM,COL,23495566.695593
6814,DOM,CRI,19302412.9364647
6815,DOM,CUB,12747115.114684
6816,DOM,CYM,4102935.85855571
6817,DOM,CYP,139320.532176855
6818,DOM,CZE,8677925.31210664
6819,DOM,DEU,137847867.671058
6820,DOM,DMA,1364097.93025014
6821,DOM,DNK,3745412.91893272
6822,DOM,ECU,9139585.19391997
6823,DOM,EGY,1655991.10226562
6824,DOM,ESP,51801348.485785
6825,DOM,EST,2943513.38105307
6826,DOM,FIN,6871104.79451423
6827,DOM,FRA,16403732.3873533
6828,DOM,GBR,70852955.6359523
6829,DOM,GEO,4728.64474298484
6830,DOM,GHA,50405.0173948086
6831,DOM,GIB,300.072643658478
6832,DOM,GRC,769348.459689779
6833,DOM,GRD,2232297.62552989
6834,DOM,GTM,15762559.9093906
6835,DOM,GUY,7237428.39866288
6836,DOM,HKG,13417730.0067697
6837,DOM,HND,17475865.5382527
6838,DOM,HRV,113828.806463798
6839,DOM,HTI,375707257.718333
6840,DOM,HUN,356855.805118462
6841,DOM,IDN,10486345.982075
6842,DOM,IND,99246212.4657062
6843,DOM,IRL,11163506.8478552
6844,DOM,IRN,64143.0281873634
6845,DOM,IRQ,1195.41439417446
6846,DOM,ISL,243559.778133601
6847,DOM,ISR,2581624.97760844
6848,DOM,ITA,35173657.9861048
6849,DOM,JAM,37441968.0402722
6850,DOM,JOR,20724.972244449
6851,DOM,JPN,59742772.059463
6852,DOM,KAZ,165514.538902952
6853,DOM,KGZ,9691.84626909607
6854,DOM,KHM,499891.277133616
6855,DOM,KNA,759421.521007887
6856,DOM,KOR,35779423.2299396
6857,DOM,KWT,2607253.68198223
6858,DOM,LBN,1246008.1422585
6859,DOM,LBR,8852.14298792509
6860,DOM,LCA,3404410.76327523
6861,DOM,LKA,647403.913511647
6862,DOM,LTU,31201.5534876085
6863,DOM,LUX,635187.899174508
6864,DOM,LVA,247081.075093494
6865,DOM,MAC,630268.152668288
6866,DOM,MAR,439086.179515543
6867,DOM,MDA,42573.8065611921
6868,DOM,MDG,863.189966990123
6869,DOM,MEX,100764636.299237
6870,DOM,MKD,341527.819413797
6871,DOM,MLT,55355.0812404594
6872,DOM,MOZ,53469.2241991594
6873,DOM,MSR,73223.2728957287
6874,DOM,MUS,69500.8382430335
6875,DOM,MYS,4448978.62847991
6876,DOM,NAM,38866.1534869234
6877,DOM,NGA,103635.79586938
6878,DOM,NIC,12150820.1444784
6879,DOM,NLD,197263732.70211
6880,DOM,NOR,6768948.35327724
6881,DOM,NZL,5908878.20355403
6882,DOM,PAK,825057.523624814
6883,DOM,PAN,17625787.4723902
6884,DOM,PER,9264686.44429486
6885,DOM,PHL,15993996.9922784
6886,DOM,POL,25660804.1447321
6887,DOM,PRT,1687352.59547254
6888,DOM,PRY,1012647.08860257
6889,DOM,PYF,146976.588607884
6890,DOM,QAT,783329.203244757
6891,DOM,ROU,489319.837926585
6892,DOM,RUS,17278972.0529177
6893,DOM,SAU,4037899.82168263
6894,DOM,SGP,23636747.7426761
6895,DOM,SLV,8493446.39717653
6896,DOM,SRB,1087833.35021217
6897,DOM,SUR,4795627.14454733
6898,DOM,SVK,1849805.9122937
6899,DOM,SVN,1477881.93586824
6900,DOM,SWE,24427680.5896635
6901,DOM,SWZ,9666.36510043873
6902,DOM,SYC,1089.39022711168
6903,DOM,TCA,3805134.77331178
6904,DOM,THA,14188828.3180756
6905,DOM,TTO,18412433.2165261
6906,DOM,TUN,615251.319289528
6907,DOM,TUR,8509857.12499889
6908,DOM,TZA,8820.94543540607
6909,DOM,UGA,3127.2570679941
6910,DOM,UKR,2234182.03622105
6911,DOM,URY,1057276.50780067
6912,DOM,USA,2673687580.75938
6913,DOM,VCT,1385467.82362155
6914,DOM,VEN,9906217.94167144
6915,DOM,VGB,2034345.71846478
6916,DOM,VNM,6613105.35322722
6917,DOM,ZAF,3784931.58888533
6918,DOM,ZMB,20357.5057856302
6919,DOM,ZWE,1785.55726003613
6920,DZA,AGO,1340534.22528566
6921,DZA,ALB,10855044.5766777
6922,DZA,AND,10806.3240695808
6923,DZA,ARE,55396022.519307
6924,DZA,ARG,33887854.0758119
6925,DZA,AUS,58768659.9321701
6926,DZA,AUT,126192196.725719
6927,DZA,BEL,75820621.4888186
6928,DZA,BEN,1189695.64524021
6929,DZA,BFA,6233946.68737817
6930,DZA,BGR,2266695.63833846
6931,DZA,BHR,94076.974803944
6932,DZA,BIH,231018.131465138
6933,DZA,BMU,186.900246102683
6934,DZA,BOL,76140.4125970592
6935,DZA,BRA,412173405.785365
6936,DZA,CAN,15618486.4045813
6937,DZA,CHE,36143295.7122038
6938,DZA,CHL,1432.69183593667
6939,DZA,CHN,498648491.271429
6940,DZA,CIV,9547009.55102282
6941,DZA,CMR,11803533.1158355
6942,DZA,COD,11702.6385555833
6943,DZA,COG,159881.745277359
6944,DZA,COL,11878990.1579975
6945,DZA,CUB,59019597.0567627
6946,DZA,CYP,1333934.41605825
6947,DZA,CZE,5556549.16780717
6948,DZA,DEU,358023248.773787
6949,DZA,DNK,186408.878148934
6950,DZA,DOM,5346975.51777023
6951,DZA,EGY,85849332.9720728
6952,DZA,ESP,1434847939.95923
6953,DZA,ETH,213325.61833934
6954,DZA,FIN,243137.015288251
6955,DZA,FRA,1522857956.38948
6956,DZA,GAB,1195194.80851565
6957,DZA,GBR,303729389.941879
6958,DZA,GMB,2134967.77024617
6959,DZA,GRC,350571510.316964
6960,DZA,GTM,56126.5875120272
6961,DZA,HKG,1563829.44213428
6962,DZA,HRV,6470968.53676481
6963,DZA,HUN,299610.531787244
6964,DZA,IDN,91503745.8589051
6965,DZA,IND,358031378.777454
6966,DZA,IRL,9396737.55614022
6967,DZA,IRN,126056.516632344
6968,DZA,ISL,235166.381702211
6969,DZA,ITA,1794734039.05969
6970,DZA,JOR,62327657.4293698
6971,DZA,JPN,127390171.474722
6972,DZA,KAZ,104766.852683427
6973,DZA,KEN,74330.7950123335
6974,DZA,KHM,11292.733823014
6975,DZA,KOR,452129259.074344
6976,DZA,KWT,1279602.77507928
6977,DZA,LBN,45338790.927708
6978,DZA,LBR,1264261.53616619
6979,DZA,LTU,294.571311858072
6980,DZA,LUX,260272.464556181
6981,DZA,MAR,211304430.213156
6982,DZA,MDA,88.5214298792509
6983,DZA,MDG,931770.006819915
6984,DZA,MEX,15868328.5145852
6985,DZA,MKD,8089319.78841538
6986,DZA,MLT,2527441.81457403
6987,DZA,MNE,1148598.09706185
6988,DZA,MOZ,39331.2595830201
6989,DZA,MRT,20894219.3609601
6990,DZA,MUS,70913.7742963538
6991,DZA,MYS,86435993.594929
6992,DZA,NER,12736192.3244195
6993,DZA,NGA,582884.41418555
6994,DZA,NLD,367571794.745257
6995,DZA,NOR,1164006.98035076
6996,DZA,OMN,231365.482554289
6997,DZA,PAK,38866352.0139842
6998,DZA,PAN,20552.9756063147
6999,DZA,PER,3796028.65383948
7000,DZA,PHL,123256.838867011
7001,DZA,POL,27767874.2388161
7002,DZA,PRT,159795749.215339
7003,DZA,PYF,52483.6651082064
7004,DZA,QAT,1036125.2253521
7005,DZA,ROU,2147888.33064469
7006,DZA,RUS,4579733.11843009
7007,DZA,RWA,6809.9936102966
7008,DZA,SAU,2104888.17987114
7009,DZA,SEN,13190359.8164233
7010,DZA,SGP,364782962.184905
7011,DZA,SLV,89644.4867566179
7012,DZA,SRB,276221.869698356
7013,DZA,SVK,1012660.27329441
7014,DZA,SVN,248461.859363288
7015,DZA,SWE,3728790.98147927
7016,DZA,SYC,293.956663059645
7017,DZA,TGO,16254.0013809369
7018,DZA,THA,81945070.3742125
7019,DZA,TJK,13293.2181140706
7020,DZA,TUN,455825774.392308
7021,DZA,TUR,283760490.699805
7022,DZA,TZA,4516.44337181102
7023,DZA,UGA,354.085719517004
7024,DZA,UKR,3303904.83210512
7025,DZA,URY,23685437.4293118
7026,DZA,USA,249487251.597324
7027,DZA,VNM,1404479.45658899
7028,DZA,ZAF,4607951.44371721
7029,DZA,ZWE,136165.408862808
7030,ECU,ABW,204622.566444417
7031,ECU,AGO,119815.424245586
7032,ECU,ALB,12938416.2716896
7033,ECU,AND,187.745450715654
7034,ECU,ARE,55776312.1129389
7035,ECU,ARG,136220558.128723
7036,ECU,ARM,7334543.05184899
7037,ECU,ATG,45471.2134854756
7038,ECU,AUS,8584983.88720446
7039,ECU,AUT,31290030.7833035
7040,ECU,AZE,20265484.1533978
7041,ECU,BEL,110646295.75062
7042,ECU,BFA,8838.44317137887
7043,ECU,BGD,89578.8608694498
7044,ECU,BGR,24809197.8529981
7045,ECU,BHR,3394549.1559092
7046,ECU,BHS,19658193.8363626
7047,ECU,BIH,11552075.1811616
7048,ECU,BLR,92419523.5566964
7049,ECU,BLZ,58492.2502079946
7050,ECU,BMU,43199.4980329058
7051,ECU,BOL,21579600.8838538
7052,ECU,BRA,48173094.755558
7053,ECU,BRB,499106.201577102
7054,ECU,BRN,26063.214563026
7055,ECU,BWA,188.681177242796
7056,ECU,CAN,90465061.0329072
7057,ECU,CHE,109456153.880354
7058,ECU,CHL,454934709.449151
7059,ECU,CHN,2160900884.31357
7060,ECU,CIV,21457928.7186155
7061,ECU,CMR,7477.26514799995
7062,ECU,COD,668.37580503202
7063,ECU,COG,2903.57791820035
7064,ECU,COL,395046473.764349
7065,ECU,CRI,17366083.9450663
7066,ECU,CUB,5966251.30132987
7067,ECU,CYM,13613.140563107
7068,ECU,CYP,1334844.96649059
7069,ECU,CZE,21523906.6560104
7070,ECU,DEU,243151580.483794
7071,ECU,DMA,26410.811711745
7072,ECU,DNK,18713296.3725573
7073,ECU,DOM,52357376.0952897
7074,ECU,DZA,62958210.1884375
7075,ECU,EGY,4021210.19134163
7076,ECU,ESP,297605797.129229
7077,ECU,EST,12149106.8272067
7078,ECU,ETH,12678.5243047469
7079,ECU,FIN,119828154.822492
7080,ECU,FRA,151781737.651558
7081,ECU,GAB,74353.4745027412
7082,ECU,GBR,117748793.460829
7083,ECU,GEO,18041896.7620015
7084,ECU,GHA,446822.36984594
7085,ECU,GRC,76491853.9579116
7086,ECU,GRD,2064.73984648525
7087,ECU,GTM,22839669.1848926
7088,ECU,GUY,538765.818151051
7089,ECU,HKG,23056564.6379422
7090,ECU,HND,29648448.346187
7091,ECU,HRV,16647883.9522507
7092,ECU,HTI,538834.334738019
7093,ECU,HUN,848771.581487758
7094,ECU,IDN,101412518.142949
7095,ECU,IND,160371825.419846
7096,ECU,IRL,3591614.46284003
7097,ECU,IRN,17035311.025773
7098,ECU,IRQ,35138269.7870851
7099,ECU,ISL,3589240.96624757
7100,ECU,ISR,3365472.32428894
7101,ECU,ITA,256337649.228405
7102,ECU,JAM,2709340.34782752
7103,ECU,JOR,8546772.26467091
7104,ECU,JPN,449460487.218617
7105,ECU,KAZ,14217415.6852029
7106,ECU,KEN,1327415.03530152
7107,ECU,KGZ,3720818.76150919
7108,ECU,KHM,121237.349975189
7109,ECU,KOR,45291426.4613908
7110,ECU,KWT,16451587.2138802
7111,ECU,LBN,878096.57568493
7112,ECU,LBR,33624.9051493193
7113,ECU,LBY,4189049.44902856
7114,ECU,LCA,103803.259410111
7115,ECU,LKA,4899769.93965459
7116,ECU,LTU,19713985.7098448
7117,ECU,LUX,584819.528151306
7118,ECU,LVA,515108.085923805
7119,ECU,MAC,730238.911780252
7120,ECU,MAR,11816909.3240403
7121,ECU,MDA,9793733.93476601
7122,ECU,MDG,8742.61647298975
7123,ECU,MDV,162640.85322127
7124,ECU,MEX,60905677.9672586
7125,ECU,MKD,6986315.11542459
7126,ECU,MLT,2770408.60165226
7127,ECU,MNE,5658688.28785092
7128,ECU,MOZ,2593439.4032262
7129,ECU,MRT,46654.2723885474
7130,ECU,MUS,16190.940614751
7131,ECU,MYS,75735092.280317
7132,ECU,NAM,5861.27493792664
7133,ECU,NCL,1482.67393594872
7134,ECU,NER,29415.0194911173
7135,ECU,NGA,552673.69506597
7136,ECU,NIC,43307308.5274151
7137,ECU,NLD,282875859.48467
7138,ECU,NOR,15520284.8112612
7139,ECU,NZL,29042950.3920595
7140,ECU,OMN,1060341.94990407
7141,ECU,PAK,451067.206965433
7142,ECU,PAN,1215970757.27134
7143,ECU,PER,223753252.98817
7144,ECU,PHL,9516983.49710827
7145,ECU,POL,107780015.130607
7146,ECU,PRT,29181894.0224934
7147,ECU,PRY,2741567.72265304
7148,ECU,PSE,0.495119862036488
7149,ECU,PYF,28843.4426198398
7150,ECU,QAT,9815413.94321222
7151,ECU,ROU,3842315.21921097
7152,ECU,RUS,637855293.880845
7153,ECU,RWA,3108.29747812561
7154,ECU,SAU,72268232.4534411
7155,ECU,SEN,53394.331568634
7156,ECU,SGP,12652142.2119876
7157,ECU,SLV,12032906.5941516
7158,ECU,SRB,18430751.8437259
7159,ECU,SUR,173493.12991538
7160,ECU,SVK,6983829.75975251
7161,ECU,SVN,30930953.3093481
7162,ECU,SWE,40453445.3885119
7163,ECU,SWZ,3991.36625751597
7164,ECU,SYC,819475.301741979
7165,ECU,SYR,959784.936367587
7166,ECU,TGO,487841.400016123
7167,ECU,THA,13580652.4081501
7168,ECU,TTO,5425219.83469498
7169,ECU,TUN,14671592.7005123
7170,ECU,TUR,150404687.904343
7171,ECU,TZA,61390.6618755133
7172,ECU,UGA,2778.6726802775
7173,ECU,UKR,60232601.7243121
7174,ECU,URY,13143535.477864
7175,ECU,USA,3193007283.26042
7176,ECU,UZB,12482690.385919
7177,ECU,VCT,98570.042516814
7178,ECU,VEN,10628694.357253
7179,ECU,VNM,19296461.4756939
7180,ECU,YEM,18204.6070970434
7181,ECU,ZAF,4993418.46073549
7182,EGY,AFG,1982409.50088645
7183,EGY,AGO,8298370.55036795
7184,EGY,ALB,9551761.64844339
7185,EGY,AND,102972.123202916
7186,EGY,ARE,1604220152.43595
7187,EGY,ARG,104767623.770097
7188,EGY,ARM,1990627.62988789
7189,EGY,ATG,56872.6726294664
7190,EGY,AUS,116820249.955103
7191,EGY,AUT,30640115.7528833
7192,EGY,AZE,3584669.66159457
7193,EGY,BDI,10633987.4751475
7194,EGY,BEL,132663175.753023
7195,EGY,BEN,4580733.71766207
7196,EGY,BFA,10287527.9488321
7197,EGY,BGD,54036221.1181903
7198,EGY,BGR,192094339.214624
7199,EGY,BHR,74232853.4424617
7200,EGY,BHS,4802.16254068117
7201,EGY,BIH,4360004.27495378
7202,EGY,BLR,10466683.8471295
7203,EGY,BLZ,2268.54918605809
7204,EGY,BMU,24249.6605253366
7205,EGY,BOL,320651.565546047
7206,EGY,BRA,115539614.127935
7207,EGY,BRB,28274.3448487201
7208,EGY,BRN,2948099.12120072
7209,EGY,BWA,118445.114011418
7210,EGY,CAF,253080.635508524
7211,EGY,CAN,475326365.580133
7212,EGY,CHE,68264539.3737628
7213,EGY,CHL,6787470.54175657
7214,EGY,CHN,461853107.590765
7215,EGY,CIV,26321462.8495552
7216,EGY,CMR,25468328.1688182
7217,EGY,COD,7507436.92369184
7218,EGY,COG,10185821.2939825
7219,EGY,COL,5551692.60209619
7220,EGY,COM,866465.193379552
7221,EGY,CPV,1648810.41941631
7222,EGY,CRI,893412.623499588
7223,EGY,CUB,5489990.34978871
7224,EGY,CYP,96986411.6160058
7225,EGY,CZE,47094518.9664802
7226,EGY,DEU,602896844.989545
7227,EGY,DJI,38351072.0174431
7228,EGY,DMA,121622.193140681
7229,EGY,DNK,6540521.03001285
7230,EGY,DOM,6886837.10560077
7231,EGY,DZA,255837113.905856
7232,EGY,ECU,2948350.14697077
7233,EGY,ERI,11964803.9183854
7234,EGY,ESP,409437355.981528
7235,EGY,EST,3825222.76635191
7236,EGY,ETH,106132635.126475
7237,EGY,FIN,16540162.1662166
7238,EGY,FJI,145362.683902684
7239,EGY,FRA,292762068.855528
7240,EGY,GAB,5666299.90602403
7241,EGY,GBR,467840800.546839
7242,EGY,GEO,3636405.7337203
7243,EGY,GHA,41992452.5680014
7244,EGY,GIN,7381923.84561885
7245,EGY,GMB,3798691.57049674
7246,EGY,GNB,171186.131921369
7247,EGY,GRC,353755803.547667
7248,EGY,GTM,5228247.28321904
7249,EGY,GUY,1511940.83808257
7250,EGY,HKG,53411625.663808
7251,EGY,HRV,11118096.5456155
7252,EGY,HTI,2133562.5320564
7253,EGY,HUN,66819828.7057242
7254,EGY,IDN,64165125.0367214
7255,EGY,IND,884381466.676257
7256,EGY,IRL,33897208.2203278
7257,EGY,IRN,1946944.8298539
7258,EGY,IRQ,218712759.124096
7259,EGY,ISL,1788578.00431878
7260,EGY,ISR,40297755.5590425
7261,EGY,ITA,916233632.023479
7262,EGY,JAM,913048.847172262
7263,EGY,JOR,297825298.753699
7264,EGY,JPN,156216194.373475
7265,EGY,KAZ,39379667.7069931
7266,EGY,KEN,210727933.494348
7267,EGY,KGZ,1805414.56723023
7268,EGY,KHM,651395.34378466
7269,EGY,KNA,66145.1518752965
7270,EGY,KOR,338425011.857709
7271,EGY,KWT,161326609.560086
7272,EGY,LBN,159984849.737599
7273,EGY,LBR,3644138.29317171
7274,EGY,LBY,307227593.239099
7275,EGY,LCA,16454.843502185
7276,EGY,LKA,17826532.7451926
7277,EGY,LTU,8556126.51221177
7278,EGY,LUX,956013.826931364
7279,EGY,LVA,3125928.69641273
7280,EGY,MAC,445354.93559932
7281,EGY,MAR,290720979.171437
7282,EGY,MDA,3385915.18573806
7283,EGY,MDG,55977910.198196
7284,EGY,MDV,2029889.38564495
7285,EGY,MEX,22781838.6848857
7286,EGY,MKD,3720652.45124765
7287,EGY,MLI,5410213.83593914
7288,EGY,MLT,409466939.918912
7289,EGY,MNE,1187879.09647754
7290,EGY,MOZ,12728236.646454
7291,EGY,MRT,10282920.0088101
7292,EGY,MUS,15197874.6314777
7293,EGY,MWI,6066223.64232479
7294,EGY,MYS,49727505.1779709
7295,EGY,NAM,80259.9543841928
7296,EGY,NER,2693198.32355477
7297,EGY,NGA,95241063.8931722
7298,EGY,NIC,385883.672385094
7299,EGY,NLD,247448271.190862
7300,EGY,NOR,21433802.4459608
7301,EGY,NPL,664065.986681422
7302,EGY,NZL,5508530.13352763
7303,EGY,OMN,85057717.1697509
7304,EGY,PAK,136833311.20072
7305,EGY,PAN,2741516.68529757
7306,EGY,PER,3401797.18256156
7307,EGY,PHL,3277455.92917199
7308,EGY,POL,97604664.3113892
7309,EGY,PRT,32992726.9617566
7310,EGY,PRY,8508911.39605029
7311,EGY,PSE,83688833.4024123
7312,EGY,PYF,190388.107968377
7313,EGY,QAT,437800.301221243
7314,EGY,ROU,63380317.3035439
7315,EGY,RUS,257919868.793547
7316,EGY,RWA,30400073.0946984
7317,EGY,SAU,1350852805.34881
7318,EGY,SDN,250097735.417964
7319,EGY,SEN,33092722.445354
7320,EGY,SGP,92745090.1756125
7321,EGY,SLE,2562484.92655266
7322,EGY,SLV,501257.637911672
7323,EGY,SMR,58482.066742711
7324,EGY,SOM,30048943.4703133
7325,EGY,SRB,32353349.8224219
7326,EGY,STP,233474.804193442
7327,EGY,SUR,107369.633782655
7328,EGY,SVK,111971302.726962
7329,EGY,SVN,74292353.0410355
7330,EGY,SWE,20586977.008609
7331,EGY,SWZ,2323626.12946502
7332,EGY,SYC,2705423.10201359
7333,EGY,SYR,151027334.151348
7334,EGY,TCD,3293613.01559108
7335,EGY,TGO,15073934.0335815
7336,EGY,THA,12650577.7402495
7337,EGY,TJK,287015.982811825
7338,EGY,TKM,244846.22456544
7339,EGY,TTO,800773.139193274
7340,EGY,TUN,135017931.094463
7341,EGY,TUR,861680507.569759
7342,EGY,TZA,19756367.9190228
7343,EGY,UGA,50556414.5460769
7344,EGY,UKR,40376718.3198931
7345,EGY,URY,15657951.172985
7346,EGY,USA,1152134057.07147
7347,EGY,UZB,846929.500544078
7348,EGY,VCT,33927.1333148014
7349,EGY,VEN,2399422.97538909
7350,EGY,VNM,33971869.2417836
7351,EGY,YEM,173549008.025739
7352,EGY,ZAF,37696467.551772
7353,EGY,ZMB,7346056.16802369
7354,EGY,ZWE,9498885.0757174
7355,ERI,AGO,3400.48971404055
7356,ERI,ALB,2471.07971604787
7357,ERI,ARE,133041926.059014
7358,ERI,AUS,2254.69433197931
7359,ERI,AUT,32243.3977044536
7360,ERI,BEL,177.123379251217
7361,ERI,BFA,1766.89724269023
7362,ERI,BMU,152.396893292686
7363,ERI,BOL,13.4382532251722
7364,ERI,BRA,42.0101701121869
7365,ERI,CAN,14924.7330824846
7366,ERI,CHE,24886.7787633208
7367,ERI,CHN,154352311.673875
7368,ERI,CMR,30.547395124433
7369,ERI,COL,29.362108181982
7370,ERI,CZE,3536.35610551516
7371,ERI,DEU,126300.320654106
7372,ERI,DNK,79202.2153194132
7373,ERI,EGY,9179.18866140096
7374,ERI,ESP,424.862853734583
7375,ERI,FRA,1480.64444463544
7376,ERI,GBR,24087.099171361
7377,ERI,HRV,191572.877285518
7378,ERI,IDN,56.0135601495825
7379,ERI,IND,478.170258759439
7380,ERI,IRL,71727.855874846
7381,ERI,ISR,2500.60536382065
7382,ERI,ITA,806908.959595063
7383,ERI,JPN,25249.072469884
7384,ERI,KEN,151.111082014609
7385,ERI,KOR,25522071.0592684
7386,ERI,LBN,634.153520264916
7387,ERI,LUX,1094.42594619335
7388,ERI,MAR,5075.5442228073
7389,ERI,MDG,27665.6564932382
7390,ERI,MOZ,19054.3403063287
7391,ERI,MYS,8261905.49215476
7392,ERI,NLD,342149.401390656
7393,ERI,NZL,2157.37977339872
7394,ERI,PAK,125.320838534308
7395,ERI,PHL,567.637417587287
7396,ERI,POL,100195.255959711
7397,ERI,RUS,10557.8209102193
7398,ERI,RWA,292.580829988471
7399,ERI,SAU,60423.5597527507
7400,ERI,SVK,6979.36511291997
7401,ERI,SVN,51438.3775577753
7402,ERI,SWE,7764.92078566384
7403,ERI,SYC,3.54285767946109
7404,ERI,THA,2584.80074642049
7405,ERI,TZA,396.52099254104
7406,ERI,UGA,14468.0025139935
7407,ERI,UKR,5300.91328170593
7408,ERI,USA,144574.999714655
7409,ERI,ZAF,38071.198538738
7410,ESP,ABW,4541059.78112144
7411,ESP,AFG,6642645.23994706
7412,ESP,AGO,66539884.5779159
7413,ESP,AIA,19911.8433966004
7414,ESP,ALB,43265371.9191112
7415,ESP,AND,599059220.076795
7416,ESP,ARE,925690491.475343
7417,ESP,ARG,388454149.594974
7418,ESP,ARM,14832109.694575
7419,ESP,ATG,1086702.62647876
7420,ESP,AUS,842103565.207314
7421,ESP,AUT,1388123786.59591
7422,ESP,AZE,49056323.3086275
7423,ESP,BDI,543893.498995451
7424,ESP,BEL,4149408255.73815
7425,ESP,BEN,27800545.5621158
7426,ESP,BFA,44099026.983088
7427,ESP,BGD,84930943.1074101
7428,ESP,BGR,363469787.605532
7429,ESP,BHR,90896649.9589358
7430,ESP,BHS,33396062.5080118
7431,ESP,BIH,58889543.9125991
7432,ESP,BLR,133998689.328375
7433,ESP,BLZ,3051670.58699663
7434,ESP,BMU,924649.413017379
7435,ESP,BOL,73895613.8256656
7436,ESP,BRA,1386082247.36549
7437,ESP,BRB,4222767.42570928
7438,ESP,BRN,2319445.92749285
7439,ESP,BTN,55635.1680458081
7440,ESP,BWA,1869569.72335361
7441,ESP,CAF,3502372.12043729
7442,ESP,CAN,1153125040.10299
7443,ESP,CHE,3734734255.22804
7444,ESP,CHL,739804724.460266
7445,ESP,CHN,5195056182.58811
7446,ESP,CIV,142453562.482975
7447,ESP,CMR,72777322.6520131
7448,ESP,COD,19361100.0903563
7449,ESP,COG,38012249.6279784
7450,ESP,COK,69412.6238874929
7451,ESP,COL,424911444.457261
7452,ESP,COM,2134738.69378976
7453,ESP,CPV,47761630.596472
7454,ESP,CRI,124505207.150629
7455,ESP,CUB,421921956.626896
7456,ESP,CYM,9503815.62433867
7457,ESP,CYP,147933273.807846
7458,ESP,CZE,1522105373.28346
7459,ESP,DEU,17871508851.9862
7460,ESP,DJI,11432327.2837633
7461,ESP,DMA,770550.120596152
7462,ESP,DNK,1126887963.98486
7463,ESP,DOM,304001149.076207
7464,ESP,DZA,1095496511.42217
7465,ESP,ECU,227891661.637224
7466,ESP,EGY,827240287.138284
7467,ESP,ERI,1457411.74980419
7468,ESP,EST,140730080.940157
7469,ESP,ETH,44980839.2472925
7470,ESP,FIN,722710301.489765
7471,ESP,FJI,1106164.35390817
7472,ESP,FRA,24103214028.0233
7473,ESP,FRO,1111868.86689608
7474,ESP,FSM,423897.398010392
7475,ESP,GAB,23849397.9475067
7476,ESP,GBR,9376502616.22369
7477,ESP,GEO,44450069.2898346
7478,ESP,GHA,155432855.455878
7479,ESP,GIB,463836316.117586
7480,ESP,GIN,31914798.2413256
7481,ESP,GMB,12078562.1612667
7482,ESP,GNB,4988222.39183524
7483,ESP,GNQ,95047837.1375044
7484,ESP,GRC,1080952121.75585
7485,ESP,GRD,1133975.72267645
7486,ESP,GRL,29797771.2157988
7487,ESP,GTM,126818472.591907
7488,ESP,GUY,2025850.64841954
7489,ESP,HKG,414759147.921184
7490,ESP,HND,47062339.2111827
7491,ESP,HRV,266076833.217843
7492,ESP,HTI,11348941.6962043
7493,ESP,HUN,943773642.16188
7494,ESP,IDN,228470807.791426
7495,ESP,IND,716452992.243117
7496,ESP,IRL,990379541.159863
7497,ESP,IRN,121963626.797299
7498,ESP,IRQ,81942214.7499032
7499,ESP,ISL,51281657.4813966
7500,ESP,ISR,846517841.872403
7501,ESP,ITA,11706050752.6936
7502,ESP,JAM,25894193.415219
7503,ESP,JOR,186050287.146247
7504,ESP,JPN,1583249453.81486
7505,ESP,KAZ,68599129.8232302
7506,ESP,KEN,55262055.2245789
7507,ESP,KGZ,3907653.99187241
7508,ESP,KHM,13468580.3074617
7509,ESP,KIR,5614.58821830144
7510,ESP,KNA,272028.718091249
7511,ESP,KOR,964819364.136639
7512,ESP,KWT,180188788.846748
7513,ESP,LAO,2991934.58819338
7514,ESP,LBN,160649349.604317
7515,ESP,LBR,7213493.560852
7516,ESP,LBY,173466366.564823
7517,ESP,LCA,1199211.38987741
7518,ESP,LKA,43284829.9241395
7519,ESP,LSO,494442.981672614
7520,ESP,LTU,328119508.937372
7521,ESP,LUX,269682393.637317
7522,ESP,LVA,155582877.795823
7523,ESP,MAC,21281805.7205435
7524,ESP,MAR,4220723949.37341
7525,ESP,MDA,39148586.8603455
7526,ESP,MDG,19407659.4362644
7527,ESP,MDV,5104044.15676819
7528,ESP,MEX,1880413632.52205
7529,ESP,MHL,1203113.62655782
7530,ESP,MKD,46557700.5897792
7531,ESP,MLI,34661586.8413847
7532,ESP,MLT,223674289.990762
7533,ESP,MMR,12703340.2323581
7534,ESP,MNE,24913168.7284859
7535,ESP,MNG,5570085.0696718
7536,ESP,MNP,9586.89086076579
7537,ESP,MOZ,18961573.9973198
7538,ESP,MRT,200066285.799524
7539,ESP,MSR,15949.3441274044
7540,ESP,MUS,74565516.3122872
7541,ESP,MWI,922647.890975096
7542,ESP,MYS,269386350.258591
7543,ESP,NAM,27910475.2841623
7544,ESP,NCL,13647413.2790829
7545,ESP,NER,7475120.46229962
7546,ESP,NGA,374395989.311919
7547,ESP,NIC,37925750.8577586
7548,ESP,NLD,5190469111.12617
7549,ESP,NOR,977411154.942342
7550,ESP,NPL,2488272.29814691
7551,ESP,NRU,68420.9943269587
7552,ESP,NZL,178060446.70698
7553,ESP,OMN,125472233.857134
7554,ESP,PAK,100717183.983653
7555,ESP,PAN,131052082.993558
7556,ESP,PER,335019764.098809
7557,ESP,PHL,254598876.414771
7558,ESP,PLW,2935.35461092163
7559,ESP,PNG,1378562.09383478
7560,ESP,POL,3423450735.51174
7561,ESP,PRK,83372.6074167412
7562,ESP,PRT,12618236186.4583
7563,ESP,PRY,49070109.7311399
7564,ESP,PSE,34728579.639464
7565,ESP,PYF,17181923.7277887
7566,ESP,QAT,208456560.959294
7567,ESP,ROU,1140930404.58889
7568,ESP,RUS,1537391359.8957
7569,ESP,RWA,6703723.0485849
7570,ESP,SAU,1087213718.10035
7571,ESP,SDN,20688606.1026822
7572,ESP,SEN,197850399.458951
7573,ESP,SGP,478627626.665721
7574,ESP,SHN,1039882.47693352
7575,ESP,SLB,503699.97216882
7576,ESP,SLE,7404004.39503079
7577,ESP,SLV,91888395.5275541
7578,ESP,SMR,11981102.361025
7579,ESP,SOM,6718886.20338616
7580,ESP,SPM,99456.7551783405
7581,ESP,SRB,213990158.215744
7582,ESP,STP,977324.916067039
7583,ESP,SUR,6165460.20369709
7584,ESP,SVK,666324927.533428
7585,ESP,SVN,314952719.09143
7586,ESP,SWE,1405898972.63674
7587,ESP,SWZ,947549.129238873
7588,ESP,SYC,46050876.0201863
7589,ESP,SYR,21328164.5304044
7590,ESP,TCA,681672.681031617
7591,ESP,TCD,3589908.22328177
7592,ESP,TGO,23753726.3581675
7593,ESP,THA,333136669.234695
7594,ESP,TJK,2173592.69833558
7595,ESP,TKM,17483748.2790611
7596,ESP,TLS,48769.1913827474
7597,ESP,TON,326579.474615225
7598,ESP,TTO,23317518.7295114
7599,ESP,TUN,386496300.304293
7600,ESP,TUR,2520318375.58271
7601,ESP,TUV,503.597414340913
7602,ESP,TZA,25727001.7303009
7603,ESP,UGA,15523523.0717016
7604,ESP,UKR,367535941.034543
7605,ESP,URY,107972196.934806
7606,ESP,USA,7964806663.91806
7607,ESP,UZB,26078731.5844938
7608,ESP,VAT,36808.6223855809
7609,ESP,VCT,650440.393103603
7610,ESP,VEN,111184544.171015
7611,ESP,VGB,483580.682552206
7612,ESP,VNM,263228376.249203
7613,ESP,VUT,532507.413073116
7614,ESP,WLF,89629.813204343
7615,ESP,WSM,66619.0490996102
7616,ESP,YEM,18380868.5451324
7617,ESP,ZAF,746832822.698838
7618,ESP,ZMB,8652791.73359633
7619,ESP,ZWE,6195646.12981461
7620,EST,ABW,41767.1862889844
7621,EST,AFG,48762.4747567401
7622,EST,AGO,624190.320304644
7623,EST,ALB,3877874.73870509
7624,EST,AND,21916.0420868643
7625,EST,ARE,29344120.1233085
7626,EST,ARG,21269619.0763165
7627,EST,ARM,799939.369848632
7628,EST,ATG,37578.6467984101
7629,EST,AUS,131146536.450504
7630,EST,AUT,48688973.1804708
7631,EST,AZE,1625496.5514341
7632,EST,BDI,1552292.35465645
7633,EST,BEL,120523894.757021
7634,EST,BEN,126151.219558683
7635,EST,BFA,3062012.66767897
7636,EST,BGD,396462.993500232
7637,EST,BGR,25410349.4079193
7638,EST,BHR,1835806.16963929
7639,EST,BHS,961179.974087956
7640,EST,BIH,1018297.40146934
7641,EST,BLR,51240907.8329402
7642,EST,BLZ,157426.760957796
7643,EST,BMU,5050.4976593622
7644,EST,BOL,2109917.0232883
7645,EST,BRA,21087028.8936237
7646,EST,BRB,1065.75800606036
7647,EST,CAF,582.075912957987
7648,EST,CAN,51945599.6596056
7649,EST,CHE,60519261.6109176
7650,EST,CHL,8152369.15034045
7651,EST,CHN,141552535.96075
7652,EST,CIV,512300.576262472
7653,EST,CMR,606737.218137105
7654,EST,COD,40920.8639054154
7655,EST,COL,1519211.3061677
7656,EST,CRI,2991952.43251326
7657,EST,CUB,1857567.45776225
7658,EST,CYP,4895210.376344
7659,EST,CZE,55987125.2500394
7660,EST,DEU,513222490.795911
7661,EST,DJI,41641.0757592762
7662,EST,DMA,19839.7129347599
7663,EST,DNK,271614973.24904
7664,EST,DOM,367811.347311797
7665,EST,DZA,15387925.5953279
7666,EST,ECU,13185927.1408306
7667,EST,EGY,11230542.8378908
7668,EST,ESP,61344700.4203468
7669,EST,EST,12950377.9719606
7670,EST,ETH,1162444.11750213
7671,EST,FIN,1267722903.61293
7672,EST,FJI,21116.9681415236
7673,EST,FRA,168694104.816732
7674,EST,FRO,1077288.19736872
7675,EST,GBR,195486320.138798
7676,EST,GEO,2632727.99898087
7677,EST,GHA,295956.392167882
7678,EST,GIB,10460690.4362032
7679,EST,GIN,4394851.41098919
7680,EST,GMB,167795.102497541
7681,EST,GRC,9869432.91049699
7682,EST,GRL,156375.286409574
7683,EST,GTM,20148768.7531274
7684,EST,HKG,11781438.4470054
7685,EST,HND,2347774.86555788
7686,EST,HRV,4713903.17424405
7687,EST,HUN,23843899.1708249
7688,EST,IDN,10213236.4908427
7689,EST,IND,36671072.4615451
7690,EST,IRL,11395302.0784459
7691,EST,IRN,893486.801457101
7692,EST,IRQ,1129889.14136861
7693,EST,ISL,20490849.8034712
7694,EST,ISR,19524726.6807116
7695,EST,ITA,92137280.824426
7696,EST,JAM,15367.5202754671
7697,EST,JOR,2942085.7554436
7698,EST,JPN,62030867.3703821
7699,EST,KAZ,21288489.9697127
7700,EST,KEN,5620196.74605259
7701,EST,KGZ,10658596.0715666
7702,EST,KHM,1087612.26168953
7703,EST,KOR,45925762.5258473
7704,EST,KWT,2389100.36992145
7705,EST,LBN,776718.033267059
7706,EST,LBR,238367.030537391
7707,EST,LBY,634354.573937378
7708,EST,LKA,1841287.27904412
7709,EST,LTU,563622757.190565
7710,EST,LUX,1203277.04161847
7711,EST,LVA,738895870.013503
7712,EST,MAC,7428.70039110812
7713,EST,MAR,32886534.8200293
7714,EST,MDA,3088599.02438786
7715,EST,MDG,14676.7130400794
7716,EST,MDV,126346.126743161
7717,EST,MEX,24905134.2069334
7718,EST,MHL,26951.9947250673
7719,EST,MKD,1047474.13477449
7720,EST,MLI,2562993.48216731
7721,EST,MLT,3329760.43140721
7722,EST,MMR,182569.872775994
7723,EST,MNE,193996.722566728
7724,EST,MNG,1224162.7337711
7725,EST,MOZ,5366880.12641539
7726,EST,MRT,3777174.59951976
7727,EST,MUS,363445.190322351
7728,EST,MYS,7672604.38857271
7729,EST,NAM,8291685.56852137
7730,EST,NCL,44394.1172345746
7731,EST,NER,139942.695794522
7732,EST,NGA,17004249.5216895
7733,EST,NIC,2268693.30594763
7734,EST,NLD,325958694.112392
7735,EST,NOR,285693952.477589
7736,EST,NPL,25826.6923040837
7737,EST,NZL,4519370.63546323
7738,EST,OMN,1605680.90432536
7739,EST,PAK,2684213.11785411
7740,EST,PAN,12496606.2047566
7741,EST,PER,2594147.15906463
7742,EST,PHL,1278754.78479194
7743,EST,POL,197649056.188881
7744,EST,PRT,14548549.5533772
7745,EST,PRY,903308.239098571
7746,EST,PSE,819632.832378083
7747,EST,PYF,203817.762611946
7748,EST,QAT,4663296.48352677
7749,EST,ROU,26999981.3269954
7750,EST,RUS,706958841.62505
7751,EST,SAU,40543121.4589145
7752,EST,SDN,548034.707027699
7753,EST,SEN,252744.601159007
7754,EST,SGP,22379540.0136443
7755,EST,SLE,95044.6740712675
7756,EST,SLV,2355283.11320633
7757,EST,SMR,77959.7130258747
7758,EST,SRB,7117511.48134715
7759,EST,SVK,15764708.0244211
7760,EST,SVN,9926736.85303125
7761,EST,SWE,846758226.715927
7762,EST,SWZ,387019.567370399
7763,EST,SYC,46314.047024441
7764,EST,SYR,254214.602026972
7765,EST,TGO,242192.651670182
7766,EST,THA,11802818.155753
7767,EST,TJK,776102.734311237
7768,EST,TKM,1041615.40145186
7769,EST,TTO,4946486.63465483
7770,EST,TUN,1143646.0467353
7771,EST,TUR,83182828.9738647
7772,EST,TZA,420637.450819857
7773,EST,UGA,2650769.71664451
7774,EST,UKR,104569377.852355
7775,EST,URY,1584352.49599693
7776,EST,USA,660808840.854059
7777,EST,UZB,48335846.5606393
7778,EST,VCT,15836.4437957122
7779,EST,VEN,159391.566611522
7780,EST,VGB,4922.68171679587
7781,EST,VNM,8211290.71497985
7782,EST,YEM,819862.908076398
7783,EST,ZAF,10776048.4727552
7784,EST,ZWE,346276.098910098
7785,ETH,AGO,570697.239830193
7786,ETH,ALB,30128.1886400314
7787,ETH,AND,474183.243555256
7788,ETH,ARE,84714543.791969
7789,ETH,ARG,109595.411614328
7790,ETH,ARM,225965.538298481
7791,ETH,AUS,8437587.86555732
7792,ETH,AUT,2599596.18420227
7793,ETH,BDI,381400.770133149
7794,ETH,BEL,41592765.4889923
7795,ETH,BFA,292330.479381867
7796,ETH,BGD,215409.822897978
7797,ETH,BGR,1519997.04138391
7798,ETH,BHR,624672.550046151
7799,ETH,BIH,118586.328197524
7800,ETH,BLR,505472.368242706
7801,ETH,BMU,1574.97628113807
7802,ETH,BOL,3.0157300687677
7803,ETH,BRA,50032.1121193235
7804,ETH,BTN,2933.79523341675
7805,ETH,BWA,623014.828733524
7806,ETH,CAF,11794.0051742455
7807,ETH,CAN,17559245.7605129
7808,ETH,CHE,84695818.8459047
7809,ETH,CHL,220351.403689992
7810,ETH,CHN,169426274.382899
7811,ETH,CIV,940226.001405498
7812,ETH,CMR,673272.680501461
7813,ETH,COG,243300.674908102
7814,ETH,COL,38021.2594491382
7815,ETH,CRI,20210.5577114253
7816,ETH,CYP,339538.280272418
7817,ETH,CZE,4042147.05088122
7818,ETH,DEU,86442783.4016523
7819,ETH,DJI,54599948.887803
7820,ETH,DNK,737760.280105053
7821,ETH,DOM,299702.439036786
7822,ETH,DZA,469523.680536052
7823,ETH,ECU,17389.0801686509
7824,ETH,EGY,4155784.05641252
7825,ETH,ESP,15724611.0894781
7826,ETH,EST,609549.20388204
7827,ETH,FIN,3490253.72473234
7828,ETH,FRA,22225167.406057
7829,ETH,GBR,23333057.2976953
7830,ETH,GEO,50678.3335610742
7831,ETH,GHA,423407.171332932
7832,ETH,GIN,29840.7340510388
7833,ETH,GNB,3270.04163426826
7834,ETH,GRC,2781624.25481506
7835,ETH,GTM,200638.762017521
7836,ETH,HKG,120622875.711515
7837,ETH,HRV,4288110.09531412
7838,ETH,HUN,3425830.34867643
7839,ETH,IDN,14279386.9676391
7840,ETH,IND,25250496.6696641
7841,ETH,IRL,400233.849375071
7842,ETH,IRN,2298554.44993965
7843,ETH,IRQ,2796188.43561255
7844,ETH,ISL,78907.1103783705
7845,ETH,ISR,49529486.440227
7846,ETH,ITA,38748405.5551907
7847,ETH,JAM,995.916098248849
7848,ETH,JOR,10397172.4493302
7849,ETH,JPN,53433127.2100509
7850,ETH,KAZ,23480.5793408506
7851,ETH,KEN,5978626.72725847
7852,ETH,KOR,32408024.0583386
7853,ETH,KWT,2441502.5558046
7854,ETH,LBN,943765.97338637
7855,ETH,LBR,12724.5104373876
7856,ETH,LBY,1571837.44126603
7857,ETH,LKA,363108.693860964
7858,ETH,LSO,96073.9772520919
7859,ETH,LTU,172276.70593506
7860,ETH,LUX,89278.8337368089
7861,ETH,LVA,1267000.1791558
7862,ETH,MAC,61863.3313025934
7863,ETH,MAR,931418.189149463
7864,ETH,MDA,140713.564911843
7865,ETH,MDG,85668.008103196
7866,ETH,MEX,2010656.75367654
7867,ETH,MKD,25090.604106768
7868,ETH,MLI,3587.40846462292
7869,ETH,MNE,2790.54705490814
7870,ETH,MOZ,287551.012335468
7871,ETH,MRT,3291.08272804159
7872,ETH,MUS,132218.608394086
7873,ETH,MWI,3863888.64485488
7874,ETH,MYS,13786691.232452
7875,ETH,NAM,129571.50256442
7876,ETH,NER,483492.355669424
7877,ETH,NGA,9109977.08418423
7878,ETH,NIC,3951.0615002619
7879,ETH,NLD,95160802.2793863
7880,ETH,NOR,7040491.85090296
7881,ETH,NPL,368638.502555252
7882,ETH,NZL,1921182.47812583
7883,ETH,OMN,899055.019949899
7884,ETH,PAK,11673200.2239486
7885,ETH,PAN,12039.7546669804
7886,ETH,PER,63792.0282148654
7887,ETH,PHL,954160.109670684
7888,ETH,POL,5439550.84404473
7889,ETH,PRK,3997.16766196003
7890,ETH,PRT,3471937.03300108
7891,ETH,PRY,2715.65742510922
7892,ETH,PSE,3894611.31441096
7893,ETH,PYF,8554.57044950936
7894,ETH,QAT,1580767.33457629
7895,ETH,ROU,397426.701801394
7896,ETH,RUS,11247757.6348677
7897,ETH,RWA,803017.890118085
7898,ETH,SAU,99843780.3765741
7899,ETH,SDN,19367252.0181575
7900,ETH,SEN,1544598.31202946
7901,ETH,SGP,50238708.5861234
7902,ETH,SLE,3829.27201662238
7903,ETH,SOM,147282200.57254
7904,ETH,SRB,800986.908444011
7905,ETH,STP,10089.4825316294
7906,ETH,SUR,717.976312665548
7907,ETH,SVK,2071894.58405355
7908,ETH,SVN,683499.286228821
7909,ETH,SWE,5418828.70548628
7910,ETH,SWZ,376580.435193168
7911,ETH,SYC,143537.638583106
7912,ETH,SYR,44805.0017043254
7913,ETH,TCD,600677.701207388
7914,ETH,TGO,4202178.65243682
7915,ETH,THA,1173587.94377657
7916,ETH,TUN,211674.453613977
7917,ETH,TUR,20268531.246059
7918,ETH,TZA,2484009.8862728
7919,ETH,UGA,927069.431372139
7920,ETH,UKR,2217350.58154623
7921,ETH,URY,20335.7330147274
7922,ETH,USA,270294597.783426
7923,ETH,VNM,35171580.6492087
7924,ETH,YEM,16562262.561933
7925,ETH,ZAF,4603209.16667402
7926,ETH,ZMB,4588866.91660305
7927,ETH,ZWE,522535.118911257
7928,FIN,ABW,3395182.86932292
7929,FIN,AFG,594760.370199021
7930,FIN,AGO,529643.991876332
7931,FIN,AIA,2114.71694528657
7932,FIN,ALB,5008744.56498468
7933,FIN,AND,436898.153323048
7934,FIN,ARE,143230526.815368
7935,FIN,ARG,70459162.1307003
7936,FIN,ARM,13352403.9071762
7937,FIN,ATG,215960.515213377
7938,FIN,AUS,498725562.579384
7939,FIN,AUT,311443440.134438
7940,FIN,AZE,12715845.6597583
7941,FIN,BDI,5673.33243950832
7942,FIN,BEL,902860967.081372
7943,FIN,BEN,733946.926942177
7944,FIN,BFA,13666421.866313
7945,FIN,BGD,29948682.4679372
7946,FIN,BGR,46939624.3270159
7947,FIN,BHR,15061716.9244794
7948,FIN,BHS,12922635.8539571
7949,FIN,BIH,9119559.87105148
7950,FIN,BLR,67899237.5164657
7951,FIN,BLZ,29035.3690827238
7952,FIN,BMU,159564.568493012
7953,FIN,BOL,2249106.79430959
7954,FIN,BRA,321640836.60762
7955,FIN,BRB,16581073.5608296
7956,FIN,BRN,1135544.53546548
7957,FIN,BTN,15891.7936951982
7958,FIN,BWA,2542848.47432465
7959,FIN,CAF,40855.9616934396
7960,FIN,CAN,375058022.9706
7961,FIN,CHE,584153309.960104
7962,FIN,CHL,224112384.524713
7963,FIN,CHN,2098663154.37397
7964,FIN,CIV,16132205.0606423
7965,FIN,CMR,10786086.020214
7966,FIN,COD,35893590.57836
7967,FIN,COG,1709932.42325323
7968,FIN,COK,3008.13022894598
7969,FIN,COL,40579003.2654301
7970,FIN,COM,12491.7951000511
7971,FIN,CPV,174990.044298755
7972,FIN,CRI,5285216.63675369
7973,FIN,CUB,2812773.86072684
7974,FIN,CYM,53843.0186899119
7975,FIN,CYP,10427330.6502358
7976,FIN,CZE,250919821.90384
7977,FIN,DEU,4444251753.53587
7978,FIN,DJI,274268.250752786
7979,FIN,DMA,1728.56496294715
7980,FIN,DNK,599095782.374549
7981,FIN,DOM,6731430.71924922
7982,FIN,DZA,61902623.6642598
7983,FIN,ECU,21061166.6467123
7984,FIN,EGY,250722344.993265
7985,FIN,ERI,104511.677908955
7986,FIN,ESP,653492606.119414
7987,FIN,EST,976393216.12268
7988,FIN,ETH,1436483.2988002
7989,FIN,FJI,146818.446323707
7990,FIN,FRA,1191951812.27071
7991,FIN,FRO,1079553.75683101
7992,FIN,GAB,914794.369740423
7993,FIN,GBR,1370063562.15752
7994,FIN,GEO,9122939.66925637
7995,FIN,GHA,20161605.4457226
7996,FIN,GIB,20892533.1242443
7997,FIN,GIN,211378.562482608
7998,FIN,GMB,928005.911581738
7999,FIN,GNB,13890.1816311226
8000,FIN,GNQ,16049.4548629028
8001,FIN,GRC,84995173.9598586
8002,FIN,GRD,98288.9874770685
8003,FIN,GRL,5518746.91787737
8004,FIN,GTM,13470377.0019179
8005,FIN,GUY,14416724.9408644
8006,FIN,HKG,53308999.2027854
8007,FIN,HND,2384333.75598662
8008,FIN,HRV,20905242.8856111
8009,FIN,HTI,60858.943153372
8010,FIN,HUN,117938163.785406
8011,FIN,IDN,167205631.794401
8012,FIN,IND,340471269.389868
8013,FIN,IRL,162785373.170658
8014,FIN,IRN,3483500.30981901
8015,FIN,IRQ,7978652.03770179
8016,FIN,ISL,32235352.4037916
8017,FIN,ISR,178325670.310142
8018,FIN,ITA,854185294.550314
8019,FIN,JAM,714260.933220826
8020,FIN,JOR,18645018.3333379
8021,FIN,JPN,799434204.140127
8022,FIN,KAZ,44903269.2086017
8023,FIN,KEN,24592814.2573625
8024,FIN,KGZ,6135703.37345807
8025,FIN,KHM,23077345.3481801
8026,FIN,KNA,167240.848319861
8027,FIN,KOR,424798688.200948
8028,FIN,KWT,19128938.8656632
8029,FIN,LAO,2568889.76458009
8030,FIN,LBN,6585346.74923261
8031,FIN,LBR,2149613.64832151
8032,FIN,LBY,307470.788652524
8033,FIN,LCA,908180.173530114
8034,FIN,LKA,4522183.00980224
8035,FIN,LTU,460865451.492154
8036,FIN,LUX,17434279.4167972
8037,FIN,LVA,336126514.053483
8038,FIN,MAC,1218690.67705781
8039,FIN,MAR,86807551.0241182
8040,FIN,MDA,6020814.06025947
8041,FIN,MDG,379387.866335493
8042,FIN,MDV,511566.659590855
8043,FIN,MEX,220368323.286005
8044,FIN,MHL,280032.596225359
8045,FIN,MKD,4967172.72748708
8046,FIN,MLI,9662049.39266238
8047,FIN,MLT,5742383.06876165
8048,FIN,MMR,36466190.2022325
8049,FIN,MNE,1630065.48101213
8050,FIN,MNG,11596091.8870298
8051,FIN,MNP,37685.029052161
8052,FIN,MOZ,1217419.33678298
8053,FIN,MRT,15145317.396059
8054,FIN,MSR,0.571138265096636
8055,FIN,MUS,1514742.39880374
8056,FIN,MWI,4026397.59414393
8057,FIN,MYS,124034108.908412
8058,FIN,NAM,13091980.5655947
8059,FIN,NCL,1269911.96606129
8060,FIN,NER,1053900.11792088
8061,FIN,NGA,55593245.8094835
8062,FIN,NIC,672467.170498035
8063,FIN,NLD,2329499350.58846
8064,FIN,NOR,907790779.790988
8065,FIN,NPL,1099601.03901557
8066,FIN,NZL,50128034.3223331
8067,FIN,OMN,10881930.7714735
8068,FIN,PAK,25547341.7079616
8069,FIN,PAN,5081356.43286726
8070,FIN,PER,52584979.5150979
8071,FIN,PHL,80825830.5364008
8072,FIN,PLW,22308.4905935099
8073,FIN,PNG,1046977.24698447
8074,FIN,POL,961023202.635639
8075,FIN,PRT,100058422.980738
8076,FIN,PRY,7966774.65184217
8077,FIN,PSE,2170531.51726372
8078,FIN,PYF,1093361.83858683
8079,FIN,QAT,19896554.2868071
8080,FIN,ROU,89110494.4250654
8081,FIN,RUS,1708601737.00901
8082,FIN,RWA,7192340.64650837
8083,FIN,SAU,261515941.316125
8084,FIN,SDN,3899108.10102412
8085,FIN,SEN,35798869.4731205
8086,FIN,SGP,158975029.427823
8087,FIN,SLB,3068.11024932365
8088,FIN,SLE,61334.7828479323
8089,FIN,SLV,74708717.5874411
8090,FIN,SMR,404908.847130822
8091,FIN,SOM,159931.308776033
8092,FIN,SRB,70835456.3366011
8093,FIN,STP,32.5603824423087
8094,FIN,SUR,1024170.95137888
8095,FIN,SVK,127879582.161141
8096,FIN,SVN,46274114.0771972
8097,FIN,SWE,3482806816.11226
8098,FIN,SWZ,116924.642425153
8099,FIN,SYC,703173.020982436
8100,FIN,SYR,1673813.72388898
8101,FIN,TCA,7614.00825171512
8102,FIN,TCD,29007.9499449095
8103,FIN,TGO,2018300.18305072
8104,FIN,THA,144114533.552325
8105,FIN,TJK,1558439.77786712
8106,FIN,TKM,2555989.91969653
8107,FIN,TTO,1127132.26646529
8108,FIN,TUN,25760618.6235107
8109,FIN,TUR,504659196.384445
8110,FIN,TUV,25819.8801549516
8111,FIN,TZA,20163739.127259
8112,FIN,UGA,2156898.15680565
8113,FIN,UKR,124535859.891256
8114,FIN,URY,24130791.1011052
8115,FIN,USA,2717437211.67075
8116,FIN,UZB,24150229.3793579
8117,FIN,VAT,27276.5327914844
8118,FIN,VCT,175277.647423706
8119,FIN,VEN,444486.953472211
8120,FIN,VGB,7721.40075003298
8121,FIN,VNM,98329472.2058913
8122,FIN,VUT,3083.53348308662
8123,FIN,WSM,23361.8505981764
8124,FIN,YEM,6285936.10483549
8125,FIN,ZAF,174242847.667232
8126,FIN,ZMB,24322722.5927065
8127,FIN,ZWE,1203455.1257303
8128,FJI,AGO,2138.21863473791
8129,FJI,ALB,1941.28345931021
8130,FJI,AND,6115.03837073145
8131,FJI,ARE,1110568.92519722
8132,FJI,AUS,65240400.1692535
8133,FJI,AUT,33937.1737454582
8134,FJI,BEL,214452.008523657
8135,FJI,BGD,448108.63973504
8136,FJI,BIH,2388.78829437204
8137,FJI,BMU,8354.44250115314
8138,FJI,BRA,42300.7404554628
8139,FJI,BRN,13971.5123202176
8140,FJI,CAN,2412809.46008178
8141,FJI,CHE,30101.8522643396
8142,FJI,CHL,61721.5029678104
8143,FJI,CHN,20412663.5235964
8144,FJI,COK,4150247.43706946
8145,FJI,CZE,60054.0382964439
8146,FJI,DEU,4429200.36592148
8147,FJI,DNK,42573.1454011339
8148,FJI,DOM,616719.219648987
8149,FJI,ESP,5879025.4916033
8150,FJI,FIN,11436.1505423242
8151,FJI,FRA,2629912.46537705
8152,FJI,FSM,369979.661732331
8153,FJI,GBR,23692702.0839896
8154,FJI,GHA,6087.3136589417
8155,FJI,GTM,266.564531783281
8156,FJI,HKG,1636887.70058217
8157,FJI,HRV,52.0125915674695
8158,FJI,IDN,304230.150136366
8159,FJI,IND,562020.357770644
8160,FJI,IRL,2921.30220901911
8161,FJI,ISR,6157.87624121906
8162,FJI,ITA,5573796.38813341
8163,FJI,JPN,15435577.8063043
8164,FJI,KEN,4435.77384277417
8165,FJI,KIR,9824035.36584577
8166,FJI,KOR,6028381.39221147
8167,FJI,LBN,716.235891332329
8168,FJI,LKA,142363.071235728
8169,FJI,LTU,476.115261271451
8170,FJI,LUX,6434.12561757642
8171,FJI,MAC,93623.5485353806
8172,FJI,MDV,9425.55730402388
8173,FJI,MEX,1026005.38247063
8174,FJI,MHL,1958682.4608807
8175,FJI,MNG,16105.9340357711
8176,FJI,MOZ,102.326271850759
8177,FJI,MUS,5600.98342475904
8178,FJI,MYS,1341968.12941508
8179,FJI,NAM,26616.257947589
8180,FJI,NCL,2747932.92758582
8181,FJI,NGA,2612.66999320027
8182,FJI,NIU,161762.087983711
8183,FJI,NLD,1761275.76030294
8184,FJI,NOR,20059.4481297739
8185,FJI,NRU,2939738.41468313
8186,FJI,NZL,28967651.5912056
8187,FJI,PAN,71280.2560167803
8188,FJI,PER,64.135526371272
8189,FJI,PHL,1382191.61049324
8190,FJI,PLW,37402.9182568309
8191,FJI,PNG,7592194.97650677
8192,FJI,POL,188665.67348954
8193,FJI,PRK,8921.58779960483
8194,FJI,PRT,576.493561543794
8195,FJI,PYF,2705954.72371224
8196,FJI,ROU,46.2762028628649
8197,FJI,RUS,58291.3645762132
8198,FJI,SAU,494031.719611453
8199,FJI,SGP,1468652.34400488
8200,FJI,SLB,5920740.41123921
8201,FJI,SLV,2563.78065773221
8202,FJI,SRB,6930.17770529254
8203,FJI,SVK,101466.417191203
8204,FJI,SVN,8269.39191151887
8205,FJI,SWE,15125.1220940408
8206,FJI,SWZ,8445.63457756095
8207,FJI,TGO,8969.32135527373
8208,FJI,THA,2344574.50479243
8209,FJI,TLS,159535.956566439
8210,FJI,TON,20192020.8939044
8211,FJI,TTO,1208363.9615952
8212,FJI,TUR,22514.9505747683
8213,FJI,TUV,6525821.85903599
8214,FJI,TZA,52.0125915674695
8215,FJI,UKR,47216.935601945
8216,FJI,USA,133606336.844976
8217,FJI,VNM,8516411.63826074
8218,FJI,VUT,14137312.0836697
8219,FJI,WLF,5043375.40165685
8220,FJI,WSM,12811742.967241
8221,FJI,ZAF,389266.377793787
8222,FRA,ABW,2899259.51527153
8223,FRA,AFG,10632974.5719369
8224,FRA,AGO,154208115.50187
8225,FRA,AIA,530202.672625628
8226,FRA,ALB,52206631.4289796
8227,FRA,AND,96139085.6889921
8228,FRA,ARE,2382792805.47618
8229,FRA,ARG,391043265.269982
8230,FRA,ARM,40478979.5359947
8231,FRA,ATG,5055972.40572662
8232,FRA,AUS,2075534876.57171
8233,FRA,AUT,2127424902.08754
8234,FRA,AZE,224192834.660138
8235,FRA,BDI,8547636.24532931
8236,FRA,BEL,17991462645.5582
8237,FRA,BEN,139178169.27216
8238,FRA,BFA,183362402.781632
8239,FRA,BGD,135911136.391771
8240,FRA,BGR,505874080.993103
8241,FRA,BHR,101086390.021601
8242,FRA,BHS,14227248.1400115
8243,FRA,BIH,97397579.6939145
8244,FRA,BLR,150816360.666429
8245,FRA,BLZ,609328.915553119
8246,FRA,BMU,16450973.9019054
8247,FRA,BOL,32873027.1795064
8248,FRA,BRA,2132162784.19577
8249,FRA,BRB,7684342.53322386
8250,FRA,BRN,12051235.8714297
8251,FRA,BTN,39548746.4397407
8252,FRA,BWA,45911402.0863729
8253,FRA,CAF,38282514.3850378
8254,FRA,CAN,2416337671.76513
8255,FRA,CHE,8539941473.28474
8256,FRA,CHL,440838237.510846
8257,FRA,CHN,14859771946.7441
8258,FRA,CIV,643022333.082889
8259,FRA,CMR,296190170.358521
8260,FRA,COD,81338819.5743309
8261,FRA,COG,145756717.149475
8262,FRA,COK,36653.3763025367
8263,FRA,COL,479387517.136756
8264,FRA,COM,21541708.3210604
8265,FRA,CPV,10224294.4223232
8266,FRA,CRI,66840079.7432353
8267,FRA,CUB,93062014.7954138
8268,FRA,CYM,8526074.62804405
8269,FRA,CYP,120584301.809778
8270,FRA,CZE,2494936495.96196
8271,FRA,DEU,34784147835.8394
8272,FRA,DJI,41564193.7386456
8273,FRA,DMA,2303376.24023195
8274,FRA,DNK,1692816383.05398
8275,FRA,DOM,72810549.1432116
8276,FRA,DZA,2402777775.92588
8277,FRA,ECU,83787476.0350022
8278,FRA,EGY,1172476182.77729
8279,FRA,ERI,1594779.18466175
8280,FRA,ESP,17748382651.0424
8281,FRA,EST,225781179.177551
8282,FRA,ETH,263904339.735614
8283,FRA,FIN,1078896151.11877
8284,FRA,FJI,4854231.24083179
8285,FRA,FRO,37324386.0342079
8286,FRA,FSM,3781.58447209218
8287,FRA,GAB,243134447.618652
8288,FRA,GBR,15457631380.9755
8289,FRA,GEO,83962892.8621195
8290,FRA,GHA,125433291.887293
8291,FRA,GIB,93786868.8921008
8292,FRA,GIN,85315639.2318054
8293,FRA,GMB,10100106.5110557
8294,FRA,GNB,2171151.45934359
8295,FRA,GNQ,12748429.3503432
8296,FRA,GRC,1404099867.86203
8297,FRA,GRD,2329668.95785466
8298,FRA,GRL,2190351.28186926
8299,FRA,GTM,28341065.5009165
8300,FRA,GUY,2918626.7103159
8301,FRA,HKG,2941442004.19185
8302,FRA,HND,22680384.1490708
8303,FRA,HRV,342058396.85965
8304,FRA,HTI,25536219.1658398
8305,FRA,HUN,2160619620.25472
8306,FRA,IDN,680197046.799888
8307,FRA,IND,2414568677.87337
8308,FRA,IRL,5658761051.63758
8309,FRA,IRN,145126292.783489
8310,FRA,IRQ,189806872.950989
8311,FRA,ISL,78077674.0696991
8312,FRA,ISR,1068638203.31841
8313,FRA,ITA,18516965027.633
8314,FRA,JAM,21351204.4460664
8315,FRA,JOR,134113515.705838
8316,FRA,JPN,4623964358.89183
8317,FRA,KAZ,339771444.560439
8318,FRA,KEN,109516720.82932
8319,FRA,KGZ,13590201.5098626
8320,FRA,KHM,65426085.6392747
8321,FRA,KIR,259844.534459907
8322,FRA,KNA,3588709.15550316
8323,FRA,KOR,2945028522.34894
8324,FRA,KWT,490969125.095916
8325,FRA,LAO,7116507.5433069
8326,FRA,LBN,217425899.028114
8327,FRA,LBR,10889149.6905793
8328,FRA,LBY,85748808.8519994
8329,FRA,LCA,5623444.90738992
8330,FRA,LKA,58249392.0982258
8331,FRA,LSO,1591029.54542318
8332,FRA,LTU,552192454.063823
8333,FRA,LUX,1153697115.38643
8334,FRA,LVA,184806537.817318
8335,FRA,MAC,988311758.930356
8336,FRA,MAR,2668569016.72504
8337,FRA,MDA,60683133.0920578
8338,FRA,MDG,188467601.044294
8339,FRA,MDV,8382116.24010304
8340,FRA,MEX,1697129151.2487
8341,FRA,MHL,7886670.42815834
8342,FRA,MKD,67122911.3430628
8343,FRA,MLI,211417471.225906
8344,FRA,MLT,209002576.098411
8345,FRA,MMR,55238966.3955757
8346,FRA,MNE,25194876.973864
8347,FRA,MNG,16244189.4605994
8348,FRA,MNP,375747.234986306
8349,FRA,MOZ,20542781.285403
8350,FRA,MRT,136013330.563643
8351,FRA,MSR,204606.03194163
8352,FRA,MUS,187568999.950734
8353,FRA,MWI,7101043.90626282
8354,FRA,MYS,744966655.117598
8355,FRA,NAM,10036506.5108283
8356,FRA,NCL,461217173.54996
8357,FRA,NER,280644170.514487
8358,FRA,NGA,543846156.15837
8359,FRA,NIC,11839028.9439107
8360,FRA,NLD,9224857077.54412
8361,FRA,NOR,1272084952.6774
8362,FRA,NPL,36129663.8186008
8363,FRA,NRU,96.5388707967327
8364,FRA,NZL,304040831.625833
8365,FRA,OMN,145558460.455624
8366,FRA,PAK,182776218.381563
8367,FRA,PAN,205747713.425271
8368,FRA,PER,149659781.02364
8369,FRA,PHL,334778306.945193
8370,FRA,PLW,28625.2217914342
8371,FRA,PNG,3635249.65534886
8372,FRA,POL,5327968687.50546
8373,FRA,PRT,2905296097.47255
8374,FRA,PRY,43891630.0890152
8375,FRA,PSE,41849440.0465423
8376,FRA,PYF,331697446.331673
8377,FRA,QAT,863159634.860111
8378,FRA,ROU,2175811714.47734
8379,FRA,RUS,4042880232.48988
8380,FRA,RWA,16839654.0047697
8381,FRA,SAU,2320371925.00273
8382,FRA,SDN,38059390.6256968
8383,FRA,SEN,611963591.928277
8384,FRA,SGP,5110541645.01353
8385,FRA,SHN,825019.434904033
8386,FRA,SLB,109885.297291856
8387,FRA,SLE,10759710.1974726
8388,FRA,SLV,33347949.4619733
8389,FRA,SMR,13453023.6068882
8390,FRA,SOM,7221149.30470736
8391,FRA,SPM,28154833.1485021
8392,FRA,SRB,365419124.686018
8393,FRA,STP,1530948.09949171
8394,FRA,SUR,11566788.2430012
8395,FRA,SVK,1671512970.52071
8396,FRA,SVN,606668848.807286
8397,FRA,SWE,2956478059.50949
8398,FRA,SWZ,2188840.18455238
8399,FRA,SYC,59204534.5247025
8400,FRA,SYR,13794284.1646014
8401,FRA,TCA,771647.685802319
8402,FRA,TCD,50504915.0792302
8403,FRA,TGO,104001098.702413
8404,FRA,THA,1128507909.68951
8405,FRA,TJK,3305096.62062152
8406,FRA,TKL,129142.815284842
8407,FRA,TKM,42409698.2782253
8408,FRA,TLS,444600.967073411
8409,FRA,TON,1826889.05492256
8410,FRA,TTO,56607163.6592207
8411,FRA,TUN,1463809410.87718
8412,FRA,TUR,3614623444.34071
8413,FRA,TUV,50268.793416767
8414,FRA,TZA,40523243.0566136
8415,FRA,UGA,71932359.0053765
8416,FRA,UKR,737878022.563961
8417,FRA,URY,83427991.7710682
8418,FRA,USA,21941203844.1964
8419,FRA,UZB,121893946.116019
8420,FRA,VAT,148172.409600491
8421,FRA,VCT,1485641.63589002
8422,FRA,VEN,9616355.05966259
8423,FRA,VGB,17798589.9981193
8424,FRA,VNM,751904055.257848
8425,FRA,VUT,2710396.230943
8426,FRA,WLF,8585838.51109771
8427,FRA,WSM,99211.1762268915
8428,FRA,YEM,70610993.5015874
8429,FRA,ZAF,789570127.40379
8430,FRA,ZMB,17674724.9945236
8431,FRA,ZWE,11966839.8682622
8432,FRO,ATG,3716.83179631711
8433,FRO,AUT,79846.0951943012
8434,FRO,BEL,1530.88460712104
8435,FRO,BGR,401787.883586408
8436,FRO,BLR,4582609.38973772
8437,FRO,BRA,5353.79608394001
8438,FRO,CAN,1873777.98411845
8439,FRO,CHE,2607510.09255588
8440,FRO,CHN,33062068.3939095
8441,FRO,COL,3387.4550585211
8442,FRO,CYP,26953.7841582657
8443,FRO,CZE,344272.843948299
8444,FRO,DEU,10325191.0780826
8445,FRO,DNK,91795381.0234604
8446,FRO,ESP,23496593.7027179
8447,FRO,EST,148129.735269594
8448,FRO,FIN,108311.541306135
8449,FRO,FRA,59202.9287539664
8450,FRO,GBR,125933400.62107
8451,FRO,GRC,84267.0634528373
8452,FRO,IRL,580600.565295634
8453,FRO,ISL,11975279.6019112
8454,FRO,ITA,223272.844432548
8455,FRO,JAM,66697.2365277629
8456,FRO,JPN,7122187.17327095
8457,FRO,KAZ,5184.01498215804
8458,FRO,KOR,214006.308125426
8459,FRO,LTU,3155542.9156275
8460,FRO,LUX,512912.378371753
8461,FRO,LVA,2716276.77504573
8462,FRO,MAC,1439.8160606182
8463,FRO,MAR,42738.5254374755
8464,FRO,MDA,1294701.43026603
8465,FRO,MKD,12901.2632269239
8466,FRO,MNE,13234.4723925005
8467,FRO,NGA,47589997.0232309
8468,FRO,NLD,10043262.7879345
8469,FRO,NOR,21035792.8965596
8470,FRO,NZL,2137.59598400231
8471,FRO,PAK,474698.975907307
8472,FRO,PHL,314504.137334159
8473,FRO,POL,23278516.4240639
8474,FRO,PRT,347676.11233502
8475,FRO,PYF,134.780128504569
8476,FRO,RUS,140978465.43079
8477,FRO,SVK,111025.485316449
8478,FRO,SVN,852.591401216105
8479,FRO,SWE,931356.093116827
8480,FRO,TGO,22286.352734224
8481,FRO,THA,46872.9108180488
8482,FRO,TUR,596003.784713396
8483,FRO,UKR,10818919.41875
8484,FRO,USA,75618229.1832912
8485,FRO,ZAF,188.539642979204
8486,FSM,AUS,2594.50909668499
8487,FSM,BRA,8240.49491593456
8488,FSM,CHL,1763.02180449738
8489,FSM,CHN,3631083.53778634
8490,FSM,CZE,967.734275798591
8491,FSM,DEU,9405.76251196387
8492,FSM,DNK,89.9767822009945
8493,FSM,FJI,119.218861325513
8494,FSM,FRA,13449.187372186
8495,FSM,GBR,71247.7476469296
8496,FSM,HKG,4766.70845771185
8497,FSM,IRL,3579.36651777288
8498,FSM,JPN,2591866.48044219
8499,FSM,KOR,113202.904941233
8500,FSM,MEX,87287.1310716691
8501,FSM,MYS,1980.38542538427
8502,FSM,PAK,1449.77397129801
8503,FSM,PHL,8250686.88327642
8504,FSM,POL,2804.67897606124
8505,FSM,SAU,550880.680500618
8506,FSM,SVK,335.88681380019
8507,FSM,SVN,2313.24000512029
8508,FSM,THA,58419347.8237819
8509,FSM,USA,1494753.86034027
8510,GAB,AGO,71922012.396598
8511,GAB,ALB,105205.707424414
8512,GAB,ARE,51725660.2946648
8513,GAB,ARG,149776.37940058
8514,GAB,AUS,156883881.477281
8515,GAB,AUT,390744.470620709
8516,GAB,AZE,1174.69537837199
8517,GAB,BDI,83085.3043644336
8518,GAB,BEL,90434465.8482136
8519,GAB,BEN,9021195.89442052
8520,GAB,BFA,424370.782610606
8521,GAB,BGD,985793.535708983
8522,GAB,BGR,15873.2912159902
8523,GAB,BHR,217358.5896689
8524,GAB,BHS,58128135.7296464
8525,GAB,BIH,11130.6895942277
8526,GAB,BMU,89.8617543542588
8527,GAB,BRA,23570176.0765473
8528,GAB,BWA,6.79914598422834
8529,GAB,CAF,4024.5908007429
8530,GAB,CAN,7850387.99565644
8531,GAB,CHE,3806103.92593094
8532,GAB,CHL,342622.159339166
8533,GAB,CHN,1622426275.16041
8534,GAB,CIV,49325112.2654149
8535,GAB,CMR,159791635.638496
8536,GAB,COD,978608.869895451
8537,GAB,COG,273777668.953355
8538,GAB,COL,9562804.99439287
8539,GAB,CRI,2896.12111300543
8540,GAB,CUB,11545.9366200963
8541,GAB,CYP,72394.8113360314
8542,GAB,CZE,1859361.18249952
8543,GAB,DEU,23626266.778872
8544,GAB,DMA,9934.75207341117
8545,GAB,DNK,5051394.3439378
8546,GAB,DOM,1893250.68120348
8547,GAB,DZA,30369.6480942041
8548,GAB,EGY,430439.406244938
8549,GAB,ESP,10674120.0702234
8550,GAB,ETH,333779.924249813
8551,GAB,FIN,1183.60153443577
8552,GAB,FRA,150228881.986032
8553,GAB,GBR,51838922.2238951
8554,GAB,GEO,1369682.09260274
8555,GAB,GHA,19834965.470461
8556,GAB,GIB,25522930.8324082
8557,GAB,GIN,68086.0027298787
8558,GAB,GMB,21248.7335402016
8559,GAB,GNQ,27148118.9281693
8560,GAB,GRC,9878391.99887499
8561,GAB,GUY,45733.7115328162
8562,GAB,HKG,923695.490585246
8563,GAB,HND,6766.4430672803
8564,GAB,HRV,16480.5677296837
8565,GAB,HUN,22979.0629302935
8566,GAB,IDN,7730429.93588066
8567,GAB,IND,158601382.390267
8568,GAB,IRL,3792606.21081082
8569,GAB,IRQ,1993604.50154955
8570,GAB,ISL,1598.30642906144
8571,GAB,ISR,312472.888595433
8572,GAB,ITA,122456618.383608
8573,GAB,JOR,18061.4184329425
8574,GAB,JPN,13646645.8853069
8575,GAB,KAZ,2812.18329275806
8576,GAB,KEN,309015.522112271
8577,GAB,KNA,18941.7470489751
8578,GAB,KOR,89119142.1640698
8579,GAB,KWT,702735.623094134
8580,GAB,LBN,457890.349258854
8581,GAB,LBY,5096459.05551448
8582,GAB,LUX,1711.14974695136
8583,GAB,MAR,8391219.53439141
8584,GAB,MDG,39327.4731663782
8585,GAB,MEX,6149309.16724261
8586,GAB,MLI,76278.0939279069
8587,GAB,MOZ,1271430.32313566
8588,GAB,MRT,67715.6375693222
8589,GAB,MUS,65762.1896651591
8590,GAB,MYS,81779644.214705
8591,GAB,NAM,86648200.9390488
8592,GAB,NER,15916.0415652901
8593,GAB,NGA,18443865.4948692
8594,GAB,NIC,443953.585350772
8595,GAB,NLD,165227591.100645
8596,GAB,NOR,58144860.1559111
8597,GAB,NZL,452987.796915115
8598,GAB,PAK,449352.5878786
8599,GAB,PER,22924.8618089116
8600,GAB,PHL,8064719.25644866
8601,GAB,POL,4107699.9203727
8602,GAB,PRK,338886.108390143
8603,GAB,PRT,1316823.03261635
8604,GAB,PSE,24444.0775911629
8605,GAB,PYF,279.017046374035
8606,GAB,QAT,190230.190238563
8607,GAB,ROU,229021.318062755
8608,GAB,RUS,20775281.0085421
8609,GAB,RWA,100237.773252591
8610,GAB,SAU,3961043.88436641
8611,GAB,SDN,154081.667654501
8612,GAB,SEN,11733121.2335406
8613,GAB,SGP,196107233.158211
8614,GAB,SLV,630.892730870494
8615,GAB,SRB,50633.257648786
8616,GAB,STP,1420609.54547233
8617,GAB,SVK,4587314.15970093
8618,GAB,SVN,110530.38295865
8619,GAB,SWE,8199.32194849818
8620,GAB,SYC,2839.63693892638
8621,GAB,TCA,1350584.84390885
8622,GAB,TCD,33761.6332494023
8623,GAB,TGO,22202366.5782751
8624,GAB,THA,21731570.1826314
8625,GAB,TTO,95921.8024125556
8626,GAB,TUN,221295.900340266
8627,GAB,TUR,10190289.9357821
8628,GAB,TZA,5386.29595173251
8629,GAB,UGA,139024.976126605
8630,GAB,UKR,10633.6047564964
8631,GAB,URY,54032.4455476741
8632,GAB,USA,63801777.54255
8633,GAB,VCT,6830121.15091067
8634,GAB,VNM,10631974.7488929
8635,GAB,ZAF,3360309.53044414
8636,GAB,ZMB,17896.7830768782
8637,GBR,ABW,4252094.33587028
8638,GBR,AFG,15125026.678442
8639,GBR,AGO,216863103.486182
8640,GBR,AIA,961122.215105262
8641,GBR,ALB,22771080.6224996
8642,GBR,AND,8122121.11118618
8643,GBR,ARE,3042975593.43302
8644,GBR,ARG,210406369.177337
8645,GBR,ARM,13778077.4021564
8646,GBR,ATG,13508189.2652719
8647,GBR,AUS,2589876873.73896
8648,GBR,AUT,1391443922.47284
8649,GBR,AZE,221800337.101302
8650,GBR,BDI,9623715.1714493
8651,GBR,BEL,6828757265.82495
8652,GBR,BEN,28571034.6744426
8653,GBR,BFA,40243616.9187865
8654,GBR,BGD,150993399.969827
8655,GBR,BGR,228771619.617031
8656,GBR,BHR,176746610.565451
8657,GBR,BHS,20039851.2761322
8658,GBR,BIH,38505707.2726139
8659,GBR,BLR,599595990.631919
8660,GBR,BLZ,4997540.71918029
8661,GBR,BMU,91669728.2115596
8662,GBR,BOL,14771795.4832941
8663,GBR,BRA,1204297617.68657
8664,GBR,BRB,36364191.2946323
8665,GBR,BRN,221420471.292262
8666,GBR,BTN,730852.70787225
8667,GBR,BWA,13751572.365134
8668,GBR,CAF,2021843.66988249
8669,GBR,CAN,3776839800.0907
8670,GBR,CHE,9179210791.99549
8671,GBR,CHL,258016304.221802
8672,GBR,CHN,9938184140.26962
8673,GBR,CIV,84088003.8398492
8674,GBR,CMR,40464624.5308359
8675,GBR,COD,31549735.9965355
8676,GBR,COG,15375743.9798182
8677,GBR,COK,7400.89515982565
8678,GBR,COL,255513354.135855
8679,GBR,COM,734273.749061534
8680,GBR,CPV,1479763.00825124
8681,GBR,CRI,53104308.032733
8682,GBR,CUB,18071344.0658082
8683,GBR,CYM,31692240.2029382
8684,GBR,CYP,368327081.081691
8685,GBR,CZE,1436106106.48687
8686,GBR,DEU,20821038892.6638
8687,GBR,DJI,13278061.2297873
8688,GBR,DMA,4844332.72102974
8689,GBR,DNK,1696313067.22344
8690,GBR,DOM,78576721.5755668
8691,GBR,DZA,129232332.872378
8692,GBR,ECU,76441617.7973948
8693,GBR,EGY,709595273.514194
8694,GBR,ERI,1303588.36717711
8695,GBR,ESP,5570567817.43471
8696,GBR,EST,187482842.461634
8697,GBR,ETH,184212306.131106
8698,GBR,FIN,903739348.554026
8699,GBR,FJI,4303873.59395077
8700,GBR,FRA,11938732889.3446
8701,GBR,FRO,18602099.5787693
8702,GBR,FSM,320036.46913926
8703,GBR,GAB,47933956.8904117
8704,GBR,GEO,38266030.5215103
8705,GBR,GHA,197847740.12116
8706,GBR,GIB,365509013.879515
8707,GBR,GIN,17986377.7660795
8708,GBR,GMB,14860476.6673478
8709,GBR,GNB,340538.922514804
8710,GBR,GNQ,20429716.2103286
8711,GBR,GRC,557334946.083816
8712,GBR,GRD,7861749.04051667
8713,GBR,GRL,1932326.8555337
8714,GBR,GTM,20016349.6962073
8715,GBR,GUY,45896456.9933615
8716,GBR,HKG,5027456376.52478
8717,GBR,HND,10279338.9233762
8718,GBR,HRV,154454856.998756
8719,GBR,HTI,5169634.28728008
8720,GBR,HUN,847820423.224795
8721,GBR,IDN,479628333.240182
8722,GBR,IND,2355993959.78848
8723,GBR,IRL,13915489129.3936
8724,GBR,IRN,516643031.514037
8725,GBR,IRQ,215000892.45277
8726,GBR,ISL,184437913.504698
8727,GBR,ISR,1484876969.27425
8728,GBR,ITA,5514786019.65476
8729,GBR,JAM,38279357.9764126
8730,GBR,JOR,148514718.698542
8731,GBR,JPN,3570780257.13759
8732,GBR,KAZ,126833579.853677
8733,GBR,KEN,165054970.933063
8734,GBR,KGZ,5095908.15264811
8735,GBR,KHM,25769095.4756456
8736,GBR,KIR,114772.07181599
8737,GBR,KNA,4812604.9171438
8738,GBR,KOR,2457313787.56781
8739,GBR,KWT,610891137.246539
8740,GBR,LAO,10106561.1661432
8741,GBR,LBN,133744937.898476
8742,GBR,LBR,3725724.71567647
8743,GBR,LBY,73868513.0109131
8744,GBR,LCA,16973319.408414
8745,GBR,LKA,105229202.572282
8746,GBR,LSO,882725.886380443
8747,GBR,LTU,439536625.562634
8748,GBR,LUX,191207329.340646
8749,GBR,LVA,267395068.55536
8750,GBR,MAC,108791587.701083
8751,GBR,MAR,282116744.475364
8752,GBR,MDA,25079353.3831151
8753,GBR,MDG,5392427.25854162
8754,GBR,MDV,7896263.77108107
8755,GBR,MEX,905707096.330501
8756,GBR,MHL,615932.091095469
8757,GBR,MKD,692629179.288402
8758,GBR,MLI,37764007.5253154
8759,GBR,MLT,319047778.362667
8760,GBR,MMR,29765381.4651642
8761,GBR,MNE,11076157.9708356
8762,GBR,MNG,16483580.6890817
8763,GBR,MNP,24482.3078462071
8764,GBR,MOZ,86080370.947842
8765,GBR,MRT,6106247.18600072
8766,GBR,MSR,836761.982120981
8767,GBR,MUS,41461747.874343
8768,GBR,MWI,61444405.6306728
8769,GBR,MYS,860483893.63119
8770,GBR,NAM,30166983.1476738
8771,GBR,NCL,8320449.18231569
8772,GBR,NER,2192787.69369266
8773,GBR,NGA,637354161.166676
8774,GBR,NIC,5746557.23627296
8775,GBR,NIU,5916.0862070173
8776,GBR,NLD,12663725213.5727
8777,GBR,NOR,2584330803.38993
8778,GBR,NPL,9573752.11504746
8779,GBR,NRU,40778.5529537972
8780,GBR,NZL,458918463.697399
8781,GBR,OMN,267790153.149668
8782,GBR,PAK,326104861.490601
8783,GBR,PAN,70468285.9494573
8784,GBR,PER,94129522.4900508
8785,GBR,PHL,299885631.843866
8786,GBR,PLW,33032.338696739
8787,GBR,PNG,4509350.16313807
8788,GBR,POL,2974011009.13205
8789,GBR,PRK,19074.23362224
8790,GBR,PRT,1102408727.45918
8791,GBR,PRY,20706361.2389682
8792,GBR,PSE,21000615.3690407
8793,GBR,PYF,9904084.61872189
8794,GBR,QAT,1606602466.40397
8795,GBR,ROU,798432746.15476
8796,GBR,RUS,1680670179.65215
8797,GBR,RWA,10440186.7125201
8798,GBR,SAU,1767640446.97976
8799,GBR,SDN,47704568.5459966
8800,GBR,SEN,55274714.6012482
8801,GBR,SGP,3952836360.47482
8802,GBR,SHN,13001180.0374756
8803,GBR,SLB,242693.931023351
8804,GBR,SLE,17768897.2939044
8805,GBR,SLV,15328853.5597614
8806,GBR,SMR,2115332.62133368
8807,GBR,SOM,8475023.6527713
8808,GBR,SPM,4015.22203268681
8809,GBR,SRB,135916490.602956
8810,GBR,STP,620515.771744545
8811,GBR,SUR,6500523.46262543
8812,GBR,SVK,701209320.602283
8813,GBR,SVN,255410433.386089
8814,GBR,SWE,3229130980.85567
8815,GBR,SWZ,3686771.54412361
8816,GBR,SYC,21284027.8204848
8817,GBR,SYR,2871710.66905653
8818,GBR,TCA,3000631.83218229
8819,GBR,TCD,5610381.42089087
8820,GBR,TGO,26062320.8946806
8821,GBR,THA,891967648.207988
8822,GBR,TJK,2679406.64927099
8823,GBR,TKM,8016079.40987859
8824,GBR,TLS,525853.997368281
8825,GBR,TON,194702.897022318
8826,GBR,TTO,95291749.7245484
8827,GBR,TUN,107285004.620043
8828,GBR,TUR,3149570974.28968
8829,GBR,TZA,60311904.4384609
8830,GBR,UGA,38213481.4835762
8831,GBR,UKR,400666347.302157
8832,GBR,URY,52807524.6838697
8833,GBR,USA,27810840839.032
8834,GBR,UZB,23147970.6776478
8835,GBR,VAT,171954.90303079
8836,GBR,VCT,13233663.3416398
8837,GBR,VEN,5363762.93828496
8838,GBR,VGB,13529440.2328529
8839,GBR,VNM,345150445.036033
8840,GBR,VUT,122343.375729544
8841,GBR,WSM,296503.307068819
8842,GBR,YEM,16822937.6219523
8843,GBR,ZAF,847358460.404644
8844,GBR,ZMB,47824395.6910797
8845,GBR,ZWE,46518339.8710645
8846,GEO,AFG,69554.1481486637
8847,GEO,AGO,227704.538787732
8848,GEO,ALB,91765.6012506672
8849,GEO,AND,9154.03157119878
8850,GEO,ARE,15212279.6987559
8851,GEO,ARG,2619634.8292959
8852,GEO,ARM,93763442.4268603
8853,GEO,AUS,3232832.41140255
8854,GEO,AUT,2649524.04158289
8855,GEO,AZE,219216796.571463
8856,GEO,BDI,50871.5468354784
8857,GEO,BEL,9004362.44826358
8858,GEO,BEN,28858.1861890649
8859,GEO,BGD,15313.7072480376
8860,GEO,BGR,269018324.07627
8861,GEO,BIH,68647.7037103323
8862,GEO,BLR,23658218.5549787
8863,GEO,BLZ,182274.616298266
8864,GEO,BOL,29858.5183563863
8865,GEO,BRA,870545.747728337
8866,GEO,BRB,9641.08398021051
8867,GEO,CAN,8102367.30004712
8868,GEO,CHE,53399478.0945406
8869,GEO,CHL,3000461.66598728
8870,GEO,CHN,238685965.172291
8871,GEO,CIV,129631.382060462
8872,GEO,CMR,1507784.06978338
8873,GEO,COL,1982168.25698446
8874,GEO,CRI,12134.8376853343
8875,GEO,CYP,235203.244626242
8876,GEO,CZE,14270373.1705168
8877,GEO,DEU,42507843.2638414
8878,GEO,DNK,520681.666214625
8879,GEO,DOM,57827.8743713026
8880,GEO,DZA,453130.361928239
8881,GEO,ECU,1339338.01969995
8882,GEO,EGY,87296.3017917803
8883,GEO,ESP,41885984.3334357
8884,GEO,EST,5192254.6518742
8885,GEO,ETH,46066.2120268327
8886,GEO,FIN,967007.069251406
8887,GEO,FJI,5448.32746875066
8888,GEO,FRA,20227415.8650635
8889,GEO,GAB,266986.044325949
8890,GEO,GBR,9879798.61489831
8891,GEO,GHA,306174.780906016
8892,GEO,GRC,3243343.69354634
8893,GEO,GTM,613136.932424149
8894,GEO,GUY,6686.44670120738
8895,GEO,HKG,2211897.13133733
8896,GEO,HRV,252381.903354617
8897,GEO,HUN,966304.929772631
8898,GEO,IDN,2235712.73678362
8899,GEO,IND,39906625.2285102
8900,GEO,IRL,1230153.92065901
8901,GEO,IRN,43625746.2220119
8902,GEO,IRQ,9074507.41944277
8903,GEO,ISR,10706008.9896133
8904,GEO,ITA,18481648.0755373
8905,GEO,JOR,3637729.29763779
8906,GEO,JPN,11183999.3798289
8907,GEO,KAZ,23816232.483082
8908,GEO,KEN,378661.118899453
8909,GEO,KGZ,9108442.39465599
8910,GEO,KHM,61335.3634884978
8911,GEO,KOR,7339647.33252852
8912,GEO,KWT,1377134.88632653
8913,GEO,LBN,290766.390736483
8914,GEO,LBY,170984.828188371
8915,GEO,LKA,72399.0958732617
8916,GEO,LTU,17849787.2998158
8917,GEO,LUX,1663986.8204243
8918,GEO,LVA,4737720.19503297
8919,GEO,MAC,20181.9037746823
8920,GEO,MAR,2347165.86012563
8921,GEO,MDA,5720210.89316822
8922,GEO,MDG,151663.418227975
8923,GEO,MEX,8004268.22854623
8924,GEO,MKD,97465.6151494075
8925,GEO,MNE,153346.983297037
8926,GEO,MNG,819249.819655717
8927,GEO,MOZ,101055.473207045
8928,GEO,MUS,2734.1619048015
8929,GEO,MWI,7097.31566720495
8930,GEO,MYS,1845807.59585364
8931,GEO,NAM,4658.69680950591
8932,GEO,NER,10252.4819916647
8933,GEO,NGA,2621908.19364765
8934,GEO,NIC,3889.25653808971
8935,GEO,NLD,19629395.4491501
8936,GEO,NOR,909410.902973599
8937,GEO,NZL,96556.6886101921
8938,GEO,PAK,97317.7208461329
8939,GEO,PAN,336881.794672033
8940,GEO,PER,7874954.12329433
8941,GEO,PHL,546845.384108191
8942,GEO,POL,17382498.5753334
8943,GEO,PRT,165908.725330325
8944,GEO,PRY,16097.396969059
8945,GEO,QAT,539501.941356841
8946,GEO,ROU,10222341.6750886
8947,GEO,RUS,220363683.922876
8948,GEO,RWA,69759.7629253092
8949,GEO,SAU,17522777.8636125
8950,GEO,SDN,81139.6428452524
8951,GEO,SGP,9781265.14123434
8952,GEO,SLV,37987.861363899
8953,GEO,SRB,84849.5409630167
8954,GEO,SVK,1141876.20678021
8955,GEO,SVN,2069416.97875774
8956,GEO,SWE,429839.95062458
8957,GEO,SYC,740.029151369083
8958,GEO,SYR,284944.981449508
8959,GEO,TGO,13346.4234943966
8960,GEO,THA,1083420.47791356
8961,GEO,TJK,5445034.61659427
8962,GEO,TKM,6613070.00767052
8963,GEO,TTO,5125.48031168065
8964,GEO,TUN,2200793.25823503
8965,GEO,TUR,174484019.296726
8966,GEO,TZA,4340834.40918024
8967,GEO,UGA,231390.516614707
8968,GEO,UKR,108793027.877731
8969,GEO,URY,311127.639928343
8970,GEO,USA,78682569.0198473
8971,GEO,UZB,36620665.7837484
8972,GEO,VCT,1416.21784779982
8973,GEO,VNM,2030503.23324941
8974,GEO,YEM,36953.9460665415
8975,GEO,ZAF,1216890.21869041
8976,GEO,ZWE,2084821.19291632
8977,GHA,AGO,1698410.683991
8978,GHA,ALB,17118.7292202258
8979,GHA,ARE,818752810.832888
8980,GHA,ARG,428016.472184323
8981,GHA,ARM,46029.5381485669
8982,GHA,ATG,340.967543778401
8983,GHA,AUS,93739082.0480315
8984,GHA,AUT,8164329.04317393
8985,GHA,BDI,658.881006465593
8986,GHA,BEL,46705832.8626631
8987,GHA,BEN,24613336.6140564
8988,GHA,BFA,131967562.168081
8989,GHA,BGR,3060386.02539016
8990,GHA,BHR,96216.4077326466
8991,GHA,BIH,950261.010749882
8992,GHA,BLR,2131766.0726571
8993,GHA,BMU,2831.67051035832
8994,GHA,BOL,23.5657049486458
8995,GHA,BRA,34418192.6938481
8996,GHA,BRB,1251.30292405585
8997,GHA,BRN,48090.2320155735
8998,GHA,BWA,118271.62351164
8999,GHA,CAF,107595.003341675
9000,GHA,CAN,39111761.3303668
9001,GHA,CHE,1540334621.16472
9002,GHA,CHL,51813.492868281
9003,GHA,CHN,887464198.463764
9004,GHA,CIV,79754567.2715894
9005,GHA,CMR,2058160.88380452
9006,GHA,COD,277444.944288702
9007,GHA,COG,1080450.7829893
9008,GHA,COL,349474.88829513
9009,GHA,CPV,181292.625571167
9010,GHA,CYP,11864.5777589444
9011,GHA,CZE,1103450.1308303
9012,GHA,DEU,153985272.514
9013,GHA,DNK,5024115.41406601
9014,GHA,DOM,1434078.99174894
9015,GHA,ECU,1857.44966424598
9016,GHA,EGY,7247428.04444621
9017,GHA,ESP,101679928.430479
9018,GHA,EST,8101749.65752396
9019,GHA,ETH,361079.852705081
9020,GHA,FIN,499911.154445653
9021,GHA,FRA,151853510.635358
9022,GHA,GAB,1485591.36772076
9023,GHA,GBR,104174745.121938
9024,GHA,GEO,7328.77420028555
9025,GHA,GMB,257359.740423802
9026,GHA,GRC,3757388.37653422
9027,GHA,GTM,23312.1435647544
9028,GHA,HKG,44261824.056128
9029,GHA,HRV,89757.2290500511
9030,GHA,HUN,287127.509811051
9031,GHA,IDN,9580154.22991565
9032,GHA,IND,603254386.439149
9033,GHA,IRL,3316463.08129284
9034,GHA,IRN,4405169.43384744
9035,GHA,ISL,194492.444074415
9036,GHA,ISR,1357828.71255461
9037,GHA,ITA,81588348.1524328
9038,GHA,JAM,919.397574115937
9039,GHA,JOR,467513.276843639
9040,GHA,JPN,65649495.1142838
9041,GHA,KAZ,12051217.9120819
9042,GHA,KEN,1077304.56433095
9043,GHA,KOR,18062848.2790895
9044,GHA,KWT,189847.459584482
9045,GHA,LBN,720082.822624031
9046,GHA,LBR,2329696.92912614
9047,GHA,LKA,257265.614637181
9048,GHA,LSO,36126.5937753835
9049,GHA,LTU,144075.878884036
9050,GHA,LUX,187793.250287305
9051,GHA,LVA,275693.509289219
9052,GHA,MAC,417.797143218572
9053,GHA,MAR,2469954.5326557
9054,GHA,MDA,18161.8967574294
9055,GHA,MDG,12320.7491920761
9056,GHA,MDV,4476.76526626114
9057,GHA,MEX,1138650.15229466
9058,GHA,MKD,1214403.68623346
9059,GHA,MLT,84899.9936769582
9060,GHA,MNE,683.829546180432
9061,GHA,MOZ,284960.681750346
9062,GHA,MRT,55325.4280618131
9063,GHA,MUS,102708.102286909
9064,GHA,MWI,13485.5316706648
9065,GHA,MYS,105160900.834325
9066,GHA,NAM,5819.53583343589
9067,GHA,NER,33995543.5625267
9068,GHA,NGA,28961985.1039233
9069,GHA,NLD,379957913.480944
9070,GHA,NOR,1773282.12138577
9071,GHA,NPL,38.2842681200941
9072,GHA,NZL,5371036.17353999
9073,GHA,OMN,1453237.24471116
9074,GHA,PAK,1011450.71047509
9075,GHA,PER,115948.43959923
9076,GHA,PHL,507354.82396059
9077,GHA,POL,28732826.3410869
9078,GHA,PRT,3797988.42477436
9079,GHA,PYF,6380.53964511404
9080,GHA,QAT,653629.915745277
9081,GHA,ROU,324217.668852971
9082,GHA,RUS,37132152.8580727
9083,GHA,RWA,221371.856228192
9084,GHA,SAU,1497900.45108869
9085,GHA,SEN,54573765.6881932
9086,GHA,SGP,62312488.7842394
9087,GHA,SLV,1978.18889363269
9088,GHA,SRB,3277912.53971142
9089,GHA,STP,7588.99719686619
9090,GHA,SVK,797219.649439927
9091,GHA,SVN,1444735.05144148
9092,GHA,SWE,765089.048041983
9093,GHA,SWZ,30439.9391107389
9094,GHA,SYC,56555.5008463301
9095,GHA,TGO,60761903.3783129
9096,GHA,THA,69218746.8233939
9097,GHA,TTO,48735.6242565856
9098,GHA,TUN,8764567.42702834
9099,GHA,TUR,147077926.640495
9100,GHA,TZA,160194.425973262
9101,GHA,UGA,90582.9289411847
9102,GHA,UKR,66794913.168999
9103,GHA,URY,858405.583753578
9104,GHA,USA,380021440.215434
9105,GHA,UZB,453037.674489823
9106,GHA,VCT,941.672966696852
9107,GHA,VNM,113892075.222336
9108,GHA,ZAF,257771493.515835
9109,GHA,ZMB,150690.764261184
9110,GHA,ZWE,65147.6313886462
9111,GIB,AGO,13019.2127809667
9112,GIB,ALB,1696.30915423816
9113,GIB,AUT,36361.0945449498
9114,GIB,BEL,339721.338588439
9115,GIB,BGR,33556.9677025529
9116,GIB,BRA,669.662116431169
9117,GIB,BRB,8733.61429368
9118,GIB,CAN,1594.9101068563
9119,GIB,CHE,105783.340261762
9120,GIB,CHN,749.68148807343
9121,GIB,CMR,16408.8373647014
9122,GIB,COG,399.291663284153
9123,GIB,COL,808.345689908663
9124,GIB,CRI,5908.08026888449
9125,GIB,CZE,922.723379249819
9126,GIB,DEU,6297912.04805455
9127,GIB,DNK,134450.778773311
9128,GIB,DOM,83378.5198480634
9129,GIB,ECU,57532.9529746936
9130,GIB,EGY,65104.2568882475
9131,GIB,ESP,1870801.76561491
9132,GIB,EST,74.6980834280504
9133,GIB,FIN,6211.05211440178
9134,GIB,FRA,11804508.2243965
9135,GIB,GAB,114224.907854759
9136,GIB,GBR,8947786.59949129
9137,GIB,GEO,1611.11502985601
9138,GIB,GRC,6136924.5490887
9139,GIB,HKG,383174.815606332
9140,GIB,HRV,16307.9479406927
9141,GIB,HUN,49457.9731277903
9142,GIB,IND,175271.617964053
9143,GIB,IRL,4889.7827523873
9144,GIB,ISR,749681.48807343
9145,GIB,ITA,392543.86673095
9146,GIB,JPN,6188.13056539486
9147,GIB,KOR,3148.2621530502
9148,GIB,LKA,3405.57094413983
9149,GIB,LUX,16852.3502333605
9150,GIB,MAR,468242.578898118
9151,GIB,MEX,59919.5057278704
9152,GIB,MLT,319567.859695049
9153,GIB,MOZ,117535.894401254
9154,GIB,MYS,11009508.0817701
9155,GIB,NGA,145272.700618909
9156,GIB,NLD,30270326.7713121
9157,GIB,NOR,22181.8764418814
9158,GIB,NZL,11.0266694123035
9159,GIB,PAK,6615.49402449326
9160,GIB,PHL,17757.2988095632
9161,GIB,POL,8159074.70516749
9162,GIB,PRT,128628.13118656
9163,GIB,PRY,17733.7931191433
9164,GIB,RUS,6550.57580864311
9165,GIB,SAU,166788.106216925
9166,GIB,SLV,160116.187032639
9167,GIB,SVK,881.989017994253
9168,GIB,SVN,676.918873196977
9169,GIB,SWE,2602388.76624983
9170,GIB,THA,272.359434653399
9171,GIB,TUN,17767.1511946966
9172,GIB,TUR,312553.665150379
9173,GIB,TZA,95640.7383706307
9174,GIB,UKR,4982.64123220956
9175,GIB,USA,11184470.1137874
9176,GIB,ZAF,1551.26704144154
9177,GIB,ZMB,23651.449706329
9178,GIB,ZWE,34766.2264482636
9179,GIN,AGO,116254.132603504
9180,GIN,ALB,57882.9537052882
9181,GIN,ARE,3417223701.81491
9182,GIN,ARM,63.3853447621258
9183,GIN,AUS,48503.2830098115
9184,GIN,AUT,28971.1620390391
9185,GIN,BDI,504.373602245843
9186,GIN,BEL,126782257.392181
9187,GIN,BEN,250265.515504827
9188,GIN,BFA,60892.0546692365
9189,GIN,BGR,115256.683134046
9190,GIN,BHR,10886.4104574468
9191,GIN,BIH,95987.8574036041
9192,GIN,BLR,12152.9420681683
9193,GIN,BOL,105.700588728699
9194,GIN,BRA,7697629.9954445
9195,GIN,BWA,36.9639484879968
9196,GIN,CAN,22839412.9128525
9197,GIN,CHE,138536566.759091
9198,GIN,CHN,1219720875.45536
9199,GIN,CIV,318115.771663547
9200,GIN,CMR,14527628.3986396
9201,GIN,COD,1221.88730291908
9202,GIN,COG,70829.4268769478
9203,GIN,CRI,100.86441795507
9204,GIN,CYP,28.5619144655594
9205,GIN,CZE,443278.311875904
9206,GIN,DEU,74107865.6375504
9207,GIN,DNK,32057.9178021975
9208,GIN,EGY,80832.4994898672
9209,GIN,ESP,98704765.1163916
9210,GIN,ETH,3764.00621662666
9211,GIN,FIN,5269.08357615093
9212,GIN,FRA,27933003.8180254
9213,GIN,GAB,6977.84724546413
9214,GIN,GBR,135555.73426857
9215,GIN,GMB,95076.6743181083
9216,GIN,GRC,2955357.20378749
9217,GIN,HKG,612269.773496326
9218,GIN,HUN,3286.79569020586
9219,GIN,IDN,247077.8143041
9220,GIN,IND,503576876.075368
9221,GIN,IRL,70018196.470187
9222,GIN,ISL,1474.3854294098
9223,GIN,ISR,6001.45287316955
9224,GIN,ITA,1885798.36859616
9225,GIN,JPN,568577.259110615
9226,GIN,KEN,969.65924180766
9227,GIN,KOR,38462053.1595246
9228,GIN,LBN,31665280.2497865
9229,GIN,LBR,2474260.59609729
9230,GIN,LUX,3710.61379101944
9231,GIN,MAR,3903607.12367861
9232,GIN,MDG,10735.9275274996
9233,GIN,MEX,4649.12549241535
9234,GIN,MKD,649.902332846259
9235,GIN,MLT,27.9907762004628
9236,GIN,MOZ,15734.6686572836
9237,GIN,MRT,572130.171724244
9238,GIN,MUS,13534.4780199352
9239,GIN,MWI,175.009867597716
9240,GIN,MYS,11161405.0205303
9241,GIN,NAM,16.0873945476038
9242,GIN,NER,52650.2019245893
9243,GIN,NGA,21989254.0305174
9244,GIN,NIC,290.720379597789
9245,GIN,NLD,9683618.13267196
9246,GIN,NOR,385767.28871013
9247,GIN,NZL,150357.561597181
9248,GIN,PAK,209947.518045485
9249,GIN,PER,185.849991849878
9250,GIN,POL,1602891.03893547
9251,GIN,PRT,219856.851465373
9252,GIN,ROU,336554.06533305
9253,GIN,RUS,48608649.1325704
9254,GIN,RWA,2857.07165964401
9255,GIN,SEN,1148275.52147052
9256,GIN,SGP,221417.448765548
9257,GIN,SRB,11002.6636008109
9258,GIN,SVK,3266.90037381023
9259,GIN,SVN,90191.7042308042
9260,GIN,SWE,1357.50363385731
9261,GIN,TGO,22270.8064706771
9262,GIN,THA,158184.233331941
9263,GIN,TTO,428.185158020955
9264,GIN,TUN,1214074.17646346
9265,GIN,TUR,81027949.3057088
9266,GIN,TZA,25143.3768823661
9267,GIN,UGA,868.710303391293
9268,GIN,UKR,72108812.2293919
9269,GIN,USA,4947946.3330287
9270,GIN,ZAF,310868.406171244
9271,GIN,ZMB,167328.954149128
9272,GIN,ZWE,1176.44480188452
9273,GMB,AGO,492.746787546222
9274,GMB,ARE,1378703.81264305
9275,GMB,AUS,26299.3227217201
9276,GMB,AUT,2195.0013810974
9277,GMB,BEL,83834.4322184794
9278,GMB,BEN,3918.78368622571
9279,GMB,BGD,1347.71576434225
9280,GMB,BGR,75.4697702433254
9281,GMB,BLR,185594.930102768
9282,GMB,BRA,3400.32317372332
9283,GMB,CAN,97813.8129435349
9284,GMB,CHE,14699.8256353362
9285,GMB,CHN,14954673.3306267
9286,GMB,CIV,39024.3772908348
9287,GMB,CMR,1582917.91370334
9288,GMB,COM,93.1790574299033
9289,GMB,CRI,11199.8263313267
9290,GMB,CYP,153.091561462755
9291,GMB,CZE,16821.5722824215
9292,GMB,DEU,188346.693768726
9293,GMB,DNK,1737.60515145844
9294,GMB,DOM,1743.34204028411
9295,GMB,EGY,127.540375855236
9296,GMB,ESP,1234545.9974233
9297,GMB,FIN,1004.80475007509
9298,GMB,FRA,55081.4590000973
9299,GMB,GBR,1900629.80159191
9300,GMB,GHA,32416.4455970828
9301,GMB,GIN,20572.7678977693
9302,GMB,GNB,1173826.26046992
9303,GMB,GRC,91046.4956646194
9304,GMB,GUY,319496.453408522
9305,GMB,HKG,1504.63825322238
9306,GMB,HND,1560.55278939955
9307,GMB,IDN,7232.15781072254
9308,GMB,IND,19397661.5103974
9309,GMB,IRL,278.763484990144
9310,GMB,ITA,1262096.88263191
9311,GMB,JPN,79832.0397916722
9312,GMB,KEN,10205.884210952
9313,GMB,KOR,2039826.81536658
9314,GMB,KWT,4784.15818206166
9315,GMB,LBN,99.0239724072976
9316,GMB,LBR,47694.4462010094
9317,GMB,LKA,57.952529548689
9318,GMB,LUX,316.19054559152
9319,GMB,MDG,1668.89451751352
9320,GMB,MEX,80700.5365433655
9321,GMB,MLI,3284868.6476941
9322,GMB,MNE,6231.03295150086
9323,GMB,MOZ,316.750681193016
9324,GMB,MRT,286089.328480943
9325,GMB,MYS,748233.437019228
9326,GMB,NAM,62004.4614683589
9327,GMB,NGA,80933.5609555249
9328,GMB,NLD,386070.617141972
9329,GMB,NOR,2060.37579000431
9330,GMB,NZL,1219.12063314455
9331,GMB,PAK,368845.057559515
9332,GMB,POL,5425.81351841804
9333,GMB,PRT,503420.258953913
9334,GMB,RUS,45920.9718660913
9335,GMB,SEN,9076150.50321184
9336,GMB,SGP,28925.131895744
9337,GMB,SLE,5680.60570026953
9338,GMB,SLV,774.462487228893
9339,GMB,SVN,298.632294968917
9340,GMB,SWE,91604.3452126916
9341,GMB,SWZ,136.483040757331
9342,GMB,TGO,12303.49701555
9343,GMB,THA,143223.34799747
9344,GMB,TUN,771216.786487236
9345,GMB,TUR,729930.706667829
9346,GMB,TZA,929.93012390835
9347,GMB,UGA,106461433.919358
9348,GMB,UKR,20.5699797227886
9349,GMB,USA,578746.606976597
9350,GMB,VCT,251.870974665471
9351,GMB,VNM,159781.748569466
9352,GMB,ZAF,101876.271411544
9353,GNB,AUT,57720.2548180177
9354,GNB,BEL,285.618144413449
9355,GNB,BLR,550.133180040542
9356,GNB,CAN,9506.06629419637
9357,GNB,CHN,2691.15149254378
9358,GNB,CIV,9519337.03186822
9359,GNB,CPV,122219.436725534
9360,GNB,DEU,25.7162255615315
9361,GNB,ESP,103622.646686135
9362,GNB,FRA,25403.4488423827
9363,GNB,IND,64383330.5539203
9364,GNB,ITA,336222.253505751
9365,GNB,KOR,1120684.80311883
9366,GNB,KWT,1267.3067983843
9367,GNB,MEX,174.042133321917
9368,GNB,MNE,1719.72632322819
9369,GNB,MYS,2484.25640595199
9370,GNB,NGA,627.092810959632
9371,GNB,NLD,200683.876939253
9372,GNB,POL,89315.1220217276
9373,GNB,PRT,1067800.57003836
9374,GNB,SEN,20156.9277283085
9375,GNB,SGP,426.222182810356
9376,GNB,SVK,655.77925557231
9377,GNB,SVN,520.405983475443
9378,GNB,THA,1200.05551772971
9379,GNB,TUN,2276.51611474722
9380,GNB,TUR,590392.426276982
9381,GNB,USA,462280.412035577
9382,GNB,ZAF,115968.945563455
9383,GNQ,AGO,485235.594684767
9384,GNQ,ARE,261773.53494567
9385,GNQ,AUT,2794.98712979214
9386,GNQ,BEL,64877.3444557183
9387,GNQ,BEN,611597.177169561
9388,GNQ,BFA,629159.665818134
9389,GNQ,BRA,2474992.66332118
9390,GNQ,CAN,1483469.53505285
9391,GNQ,CHN,591417787.00339
9392,GNQ,CIV,1047.72364017649
9393,GNQ,CMR,10783825.0078525
9394,GNQ,COG,634884.727280562
9395,GNQ,CPV,30996.9369526242
9396,GNQ,DEU,8573936.27772284
9397,GNQ,ESP,205744975.319911
9398,GNQ,ETH,42674.2308726031
9399,GNQ,FRA,98906.7070188824
9400,GNQ,GAB,43318.2772878084
9401,GNQ,GBR,8107381.7189723
9402,GNQ,IND,178738316.353347
9403,GNQ,IRL,65455.1103252712
9404,GNQ,ISR,500.12107276413
9405,GNQ,ITA,29189828.1897514
9406,GNQ,JPN,24396.5065748426
9407,GNQ,KOR,73122169.920022
9408,GNQ,KWT,6498.07309842434
9409,GNQ,LBN,65125.2659742722
9410,GNQ,MAR,91110.3361195577
9411,GNQ,MNE,73.7443525422892
9412,GNQ,MUS,632.323577259672
9413,GNQ,MYS,72520.897359807
9414,GNQ,NAM,2.55961965040682
9415,GNQ,NER,110147.510770306
9416,GNQ,NGA,3512476.2340109
9417,GNQ,NLD,41788613.6257621
9418,GNQ,NOR,21241741.6830645
9419,GNQ,PAK,21509.8657568925
9420,GNQ,PRT,195811356.366313
9421,GNQ,RUS,1694.22514972795
9422,GNQ,SAU,81167.7811571693
9423,GNQ,SVK,856.854433240347
9424,GNQ,TGO,4692.00787367844
9425,GNQ,THA,11565221.0731099
9426,GNQ,TUR,12713.5777907369
9427,GNQ,USA,72770110.1909707
9428,GNQ,ZAF,3676.42951545386
9429,GRC,ABW,37145.2108692462
9430,GRC,AFG,79534.3707298895
9431,GRC,AGO,777124.824245829
9432,GRC,AIA,168825.457933102
9433,GRC,ALB,291228430.804334
9434,GRC,AND,127814.227151049
9435,GRC,ARE,133731075.360037
9436,GRC,ARG,4777605.94084985
9437,GRC,ARM,10556967.3385808
9438,GRC,ATG,3756376.71712472
9439,GRC,AUS,130499343.580583
9440,GRC,AUT,197532110.28981
9441,GRC,AZE,6818248.52870427
9442,GRC,BDI,111660.70009363
9443,GRC,BEL,219968051.319402
9444,GRC,BEN,4830603.4158447
9445,GRC,BFA,5891898.84107267
9446,GRC,BGD,25161917.7303626
9447,GRC,BGR,864126613.310934
9448,GRC,BHR,8472437.69124387
9449,GRC,BHS,11898115.5725099
9450,GRC,BIH,32886665.9362708
9451,GRC,BLR,16785663.589397
9452,GRC,BLZ,1882749.6805487
9453,GRC,BMU,936777.816144991
9454,GRC,BOL,564972.127355416
9455,GRC,BRA,32385217.0370573
9456,GRC,BRB,974689.054959574
9457,GRC,BRN,429562.286405708
9458,GRC,BWA,1112904.10501368
9459,GRC,CAF,16164.781281919
9460,GRC,CAN,113141544.77124
9461,GRC,CHE,128444059.490713
9462,GRC,CHL,23296343.3762356
9463,GRC,CHN,487703821.365633
9464,GRC,CIV,11418363.5113168
9465,GRC,CMR,8889301.82859394
9466,GRC,COD,443564.281605432
9467,GRC,COG,932532.387882389
9468,GRC,COK,377002.81194505
9469,GRC,COL,8451601.37704499
9470,GRC,COM,685150.515969924
9471,GRC,CPV,243540.307920117
9472,GRC,CRI,1590204.36765845
9473,GRC,CUB,2894449.97844563
9474,GRC,CYM,5326092.90986425
9475,GRC,CYP,1048671826.00586
9476,GRC,CZE,166593157.522398
9477,GRC,DEU,1343469539.36177
9478,GRC,DMA,4773.25054146468
9479,GRC,DNK,126285819.777134
9480,GRC,DOM,3658586.16081131
9481,GRC,DZA,72766950.6465864
9482,GRC,ECU,5877331.5070118
9483,GRC,EGY,283912572.236754
9484,GRC,ESP,646416640.247215
9485,GRC,EST,14470864.256784
9486,GRC,ETH,3373734.66049236
9487,GRC,FIN,58970434.6621906
9488,GRC,FJI,28979.959168709
9489,GRC,FRA,1012966108.82969
9490,GRC,FRO,63489.4859733496
9491,GRC,GAB,996984.222827826
9492,GRC,GBR,663559804.009724
9493,GRC,GEO,34545412.3155529
9494,GRC,GHA,7231017.41164686
9495,GRC,GIB,248318866.499088
9496,GRC,GIN,1532203.67695057
9497,GRC,GMB,32275.071872355
9498,GRC,GNQ,789700.466144092
9499,GRC,GRD,39796.3186677359
9500,GRC,GRL,774.596519676394
9501,GRC,GTM,3852881.73222543
9502,GRC,GUY,167578.449048577
9503,GRC,HKG,43831017.5655168
9504,GRC,HND,1249043.0969813
9505,GRC,HRV,159592641.58314
9506,GRC,HTI,47773.0622329215
9507,GRC,HUN,141522092.842369
9508,GRC,IDN,29839576.7708764
9509,GRC,IND,65170983.3553516
9510,GRC,IRL,57110541.8594928
9511,GRC,IRN,9479388.02123576
9512,GRC,IRQ,34647647.0452425
9513,GRC,ISL,2411601.63818391
9514,GRC,ISR,211152038.858204
9515,GRC,ITA,1846109245.76363
9516,GRC,JAM,567896.270252128
9517,GRC,JOR,24597138.6827493
9518,GRC,JPN,380843696.742975
9519,GRC,KAZ,8439201.72525163
9520,GRC,KEN,4073038.12620613
9521,GRC,KGZ,1341917.86074569
9522,GRC,KHM,1100470.71605299
9523,GRC,KNA,72886.3228245279
9524,GRC,KOR,398126853.799027
9525,GRC,KWT,22136351.4208698
9526,GRC,LBN,431570998.188533
9527,GRC,LBR,65263779.7016322
9528,GRC,LBY,359769994.606584
9529,GRC,LCA,142572.544946571
9530,GRC,LKA,2720727.39498255
9531,GRC,LTU,29818397.1435659
9532,GRC,LUX,8641406.66341989
9533,GRC,LVA,20856918.826489
9534,GRC,MAC,1122349.56913688
9535,GRC,MAR,37143659.219112
9536,GRC,MDA,12530967.5831964
9537,GRC,MDG,1752099.94395793
9538,GRC,MDV,385907.81472964
9539,GRC,MEX,77455993.9925915
9540,GRC,MHL,59663086.081531
9541,GRC,MKD,308216592.456361
9542,GRC,MLI,683454.515390387
9543,GRC,MLT,135927496.027725
9544,GRC,MMR,262694.349862907
9545,GRC,MNE,52341759.254157
9546,GRC,MNG,1519205.19518832
9547,GRC,MOZ,918280.042576182
9548,GRC,MRT,5016497.69341557
9549,GRC,MUS,2335094.93991388
9550,GRC,MWI,512311.551919535
9551,GRC,MYS,51679508.1963461
9552,GRC,NAM,354322.446825586
9553,GRC,NCL,355248.420491688
9554,GRC,NER,2906849.19913463
9555,GRC,NGA,91548289.1682571
9556,GRC,NIC,342494.868523726
9557,GRC,NLD,392951178.703346
9558,GRC,NOR,45947653.3443278
9559,GRC,NPL,157490.891482957
9560,GRC,NZL,15850237.3789581
9561,GRC,OMN,7438584.11432811
9562,GRC,PAK,23440132.1541162
9563,GRC,PAN,55272260.0680379
9564,GRC,PER,20407970.8075513
9565,GRC,PHL,6912740.98409062
9566,GRC,PNG,248598.60546773
9567,GRC,POL,327620745.693321
9568,GRC,PRK,9431.68228680202
9569,GRC,PRT,98573856.9832464
9570,GRC,PRY,2905629.9149619
9571,GRC,PSE,3597014.99023701
9572,GRC,PYF,484533.814793043
9573,GRC,QAT,35709338.8144202
9574,GRC,ROU,631621673.527968
9575,GRC,RUS,111379249.113033
9576,GRC,RWA,540868.357148215
9577,GRC,SAU,196955396.200379
9578,GRC,SDN,2962698.16143723
9579,GRC,SEN,6853325.45786959
9580,GRC,SGP,61796679.3260225
9581,GRC,SHN,1928186.95731854
9582,GRC,SLB,51419.2634304954
9583,GRC,SLE,1189210.55980738
9584,GRC,SLV,1544965.30087265
9585,GRC,SMR,516067.430668608
9586,GRC,SRB,184464980.216694
9587,GRC,STP,30041.3166094501
9588,GRC,SUR,233000.42735302
9589,GRC,SVK,76588535.1286573
9590,GRC,SVN,182581989.474788
9591,GRC,SWE,108353920.937189
9592,GRC,SWZ,73427.854922359
9593,GRC,SYC,357851.219595275
9594,GRC,SYR,1440651.63690028
9595,GRC,TCD,12727.7157133429
9596,GRC,TGO,57153404.0028565
9597,GRC,THA,37646869.0666281
9598,GRC,TJK,142370.966146983
9599,GRC,TKM,1207915.12043663
9600,GRC,TON,4386.52341989158
9601,GRC,TTO,806777.575288643
9602,GRC,TUN,111950928.134039
9603,GRC,TUR,764433786.752803
9604,GRC,TZA,1395058.41237753
9605,GRC,UGA,1403191.69433861
9606,GRC,UKR,158455092.403376
9607,GRC,URY,2155449.31606027
9608,GRC,USA,706349473.960116
9609,GRC,UZB,3747132.1316316
9610,GRC,VCT,506596.33283982
9611,GRC,VEN,1256974.60659594
9612,GRC,VGB,2811800.9541989
9613,GRC,VNM,38945650.9872274
9614,GRC,VUT,261848.431077043
9615,GRC,WSM,9174.62605685413
9616,GRC,YEM,3603778.36856235
9617,GRC,ZAF,35086642.9073934
9618,GRC,ZMB,663528.079961247
9619,GRC,ZWE,391003.242265937
9620,GRD,AIA,204.86459503637
9621,GRD,ALB,65.3403180355608
9622,GRD,ARG,237407.473241132
9623,GRD,ATG,795895.985998338
9624,GRD,AUS,58477.7286925259
9625,GRD,AUT,231131.060303731
9626,GRD,BEL,85263.611204001
9627,GRD,BHS,48815.8176703612
9628,GRD,BIH,523.446719597849
9629,GRD,BMU,587.247164850369
9630,GRD,BOL,24.0708272321376
9631,GRD,BRA,31580.145139691
9632,GRD,BRB,328396.000372329
9633,GRD,CAN,603645.281619754
9634,GRD,CHE,20016.7107836219
9635,GRD,CHL,10283.5945236013
9636,GRD,CHN,21896.8009288319
9637,GRD,COL,5741.20537065636
9638,GRD,CRI,5724.85591266663
9639,GRD,CYM,8868.07334445585
9640,GRD,CZE,118809.762287992
9641,GRD,DEU,629694.055686925
9642,GRD,DMA,931089.473571725
9643,GRD,DNK,895.335248942037
9644,GRD,DOM,75559.6720073655
9645,GRD,ESP,723.351613955617
9646,GRD,EST,99154.9941259404
9647,GRD,ETH,743.359957713692
9648,GRD,FIN,11.4247657862238
9649,GRD,FRA,655908.358826518
9650,GRD,GBR,150965.632803259
9651,GRD,GUY,380541.887708959
9652,GRD,HKG,612.48027345561
9653,GRD,IDN,27297.6083936117
9654,GRD,IND,210163.232267074
9655,GRD,IRL,480048.126366602
9656,GRD,ITA,136032.942794507
9657,GRD,JAM,171178.174995101
9658,GRD,JPN,3043.14420537127
9659,GRD,KNA,134094.695570229
9660,GRD,KOR,4188.51398439958
9661,GRD,LCA,978323.359277069
9662,GRD,MEX,2294.05536076906
9663,GRD,MNE,139.680814896585
9664,GRD,MOZ,161.581616793999
9665,GRD,MSR,48790.6230710785
9666,GRD,MYS,42231.7662577126
9667,GRD,NAM,817.259347788538
9668,GRD,NLD,617156.831589109
9669,GRD,NOR,27601.8970579136
9670,GRD,PAK,24024.3104710387
9671,GRD,PER,118261.389534128
9672,GRD,PHL,6301.52551682803
9673,GRD,POL,206671.032351194
9674,GRD,PRY,10.0024214552826
9675,GRD,RUS,51246.9562171749
9676,GRD,SAU,617.082887688258
9677,GRD,SLV,5230.60126008602
9678,GRD,SRB,5059.7248931547
9679,GRD,SUR,25242.8609661603
9680,GRD,SVK,28344.7448916488
9681,GRD,SVN,1915.8588043341
9682,GRD,SWE,3692.4098840919
9683,GRD,THA,29349.8432127936
9684,GRD,TTO,969455.325442177
9685,GRD,TUN,233.08642717245
9686,GRD,UKR,765.525323658598
9687,GRD,USA,6937232.91326603
9688,GRD,VCT,917836.836281741
9689,GRD,VEN,100.579849064667
9690,GRD,VGB,7540.15937386862
9691,GRD,ZAF,959.620311514066
9692,GRL,AUT,78752.8760402565
9693,GRL,BEL,32.7034170691192
9694,GRL,BLR,255561.86818247
9695,GRL,CAN,1123122.79582494
9696,GRL,CHE,54858.5205296123
9697,GRL,CHN,130026373.682763
9698,GRL,CIV,402.602464785852
9699,GRL,COL,189.265818776857
9700,GRL,CZE,61184.3119208908
9701,GRL,DEU,26118218.3762291
9702,GRL,DNK,355997449.68785
9703,GRL,DOM,4787.10889639097
9704,GRL,ESP,3969827.92536773
9705,GRL,EST,732514.20209825
9706,GRL,FIN,207110.856326821
9707,GRL,FRA,63318.6866250635
9708,GRL,GBR,8273751.95102736
9709,GRL,HUN,4767.15406558768
9710,GRL,IND,3077.15743952996
9711,GRL,ISL,16429774.2742531
9712,GRL,JPN,38576001.4389112
9713,GRL,KOR,100572.347248575
9714,GRL,LTU,43187.4551174736
9715,GRL,LUX,233425.941364391
9716,GRL,LVA,142.809072206724
9717,GRL,MDA,244.059083508895
9718,GRL,MYS,2807.51916363347
9719,GRL,NGA,45512.9285841548
9720,GRL,NLD,1730552.91070328
9721,GRL,NOR,16496791.2406833
9722,GRL,NZL,96.3233186143713
9723,GRL,PAK,335.99183922547
9724,GRL,POL,8071371.47336328
9725,GRL,PRT,456.989131085733
9726,GRL,RUS,26191687.5146456
9727,GRL,SAU,4804.76317025955
9728,GRL,SVK,1363.54109544772
9729,GRL,SVN,10468.659325367
9730,GRL,SWE,2009.10537810883
9731,GRL,THA,3230426.42244412
9732,GRL,TUR,6162.99197967237
9733,GRL,UKR,5392175.67513657
9734,GRL,USA,14602339.0351065
9735,GRL,ZAF,33960.8824850336
9736,GTM,ABW,415570.604202626
9737,GTM,AFG,5615.85952606841
9738,GTM,AGO,174941.415026244
9739,GTM,ALB,70566.2691699122
9740,GTM,AND,7978.81156582146
9741,GTM,ARE,119333056.970784
9742,GTM,ARG,945778.155509318
9743,GTM,ARM,84372.0403663737
9744,GTM,ATG,331537.79696015
9745,GTM,AUS,8784306.28804817
9746,GTM,AUT,3164278.94600608
9747,GTM,AZE,99577.6364421119
9748,GTM,BEL,31185293.5512908
9749,GTM,BEN,78240.7250552081
9750,GTM,BGD,47474269.3990882
9751,GTM,BGR,1492375.2845182
9752,GTM,BHR,4434813.38025877
9753,GTM,BHS,2527802.94799971
9754,GTM,BIH,531384.08613037
9755,GTM,BLR,693817.964245677
9756,GTM,BLZ,39390414.9037488
9757,GTM,BMU,70735.6241685402
9758,GTM,BOL,2987210.66459333
9759,GTM,BRA,25516620.7398174
9760,GTM,BRB,2575364.96214065
9761,GTM,BRN,34149.6471824956
9762,GTM,CAN,246831145.186736
9763,GTM,CHE,25572063.3592497
9764,GTM,CHL,55508669.6672067
9765,GTM,CHN,133580597.613845
9766,GTM,CIV,12071416.3318549
9767,GTM,CMR,1799529.26747621
9768,GTM,COD,3970727.92374556
9769,GTM,COL,21672888.2224971
9770,GTM,CPV,235.09291291638
9771,GTM,CRI,222605834.458166
9772,GTM,CUB,5062803.88853917
9773,GTM,CYM,31907.2243212787
9774,GTM,CYP,932.828825646091
9775,GTM,CZE,3890587.86038541
9776,GTM,DEU,76612924.3844768
9777,GTM,DMA,339218.620386944
9778,GTM,DNK,1114806.49205668
9779,GTM,DOM,86448994.7748445
9780,GTM,DZA,15501.2526503242
9781,GTM,ECU,25671906.3799379
9782,GTM,EGY,67555328.7606584
9783,GTM,ESP,119015106.588659
9784,GTM,EST,895720.557220127
9785,GTM,ETH,83019.3378948149
9786,GTM,FIN,5733102.76412139
9787,GTM,FJI,109294.002647163
9788,GTM,FRA,21882976.3045713
9789,GTM,GBR,56838592.1610312
9790,GTM,GRC,1681224.00232037
9791,GTM,GRD,235381.982896438
9792,GTM,GUY,3256256.79713966
9793,GTM,HKG,10021767.6387403
9794,GTM,HND,509357344.244534
9795,GTM,HRV,343079.555068684
9796,GTM,HTI,19332401.6213327
9797,GTM,HUN,50619.7543798214
9798,GTM,IDN,7518175.05175206
9799,GTM,IND,10514933.0041188
9800,GTM,IRL,6995211.64265735
9801,GTM,ISL,215681.1515831
9802,GTM,ISR,9353671.40138798
9803,GTM,ITA,94699134.9207629
9804,GTM,JAM,19350467.1447594
9805,GTM,JOR,14544549.4505047
9806,GTM,JPN,85104640.9463829
9807,GTM,KAZ,121818.470656898
9808,GTM,KEN,159317.568697596
9809,GTM,KHM,14343.972487948
9810,GTM,KNA,189146.289840467
9811,GTM,KOR,43554597.9979584
9812,GTM,KWT,16387233.6347213
9813,GTM,LBN,2708724.24667749
9814,GTM,LCA,580430.089525682
9815,GTM,LKA,136004.405385974
9816,GTM,LTU,54104.5980148418
9817,GTM,LUX,362553.624485935
9818,GTM,LVA,188223.566461217
9819,GTM,MAC,4099.4699279993
9820,GTM,MAR,11842642.1481202
9821,GTM,MDA,34272.796995453
9822,GTM,MDV,12502.63372394
9823,GTM,MEX,231434626.293083
9824,GTM,MHL,1800.43586195087
9825,GTM,MKD,271019.455261931
9826,GTM,MLT,6375.54343559712
9827,GTM,MNE,56714.1312486737
9828,GTM,MOZ,1122.26768631412
9829,GTM,MSR,20743.2716745014
9830,GTM,MUS,173761.460874792
9831,GTM,MYS,16975799.6858567
9832,GTM,NAM,320338.79882932
9833,GTM,NGA,897.717325611613
9834,GTM,NIC,331295595.826427
9835,GTM,NLD,175334030.573328
9836,GTM,NOR,8882444.48702132
9837,GTM,NPL,2892003.59120731
9838,GTM,NZL,12670673.4976693
9839,GTM,OMN,1370953.38986716
9840,GTM,PAK,14413139.2323113
9841,GTM,PAN,107492117.434344
9842,GTM,PER,23844556.9550658
9843,GTM,PHL,3114912.57955506
9844,GTM,POL,16725885.6179328
9845,GTM,PRT,4779261.54915094
9846,GTM,PRY,850585.915714321
9847,GTM,PSE,1362692.10491823
9848,GTM,PYF,31034.8301260654
9849,GTM,QAT,9539435.46093477
9850,GTM,ROU,2094915.47661025
9851,GTM,RUS,15081209.253317
9852,GTM,RWA,558930.4197371
9853,GTM,SAU,159444884.018968
9854,GTM,SDN,449677.861122994
9855,GTM,SGP,12502463.8603183
9856,GTM,SLV,656882554.166455
9857,GTM,SRB,812218.127375075
9858,GTM,SUR,3846535.29583627
9859,GTM,SVK,657516.960247862
9860,GTM,SVN,741257.948844864
9861,GTM,SWE,3932416.52655787
9862,GTM,SWZ,1436.84784205134
9863,GTM,SYC,23436.1735907999
9864,GTM,SYR,3863320.25925617
9865,GTM,TGO,1739980.22643299
9866,GTM,THA,2327267.24843226
9867,GTM,TTO,12724782.0536423
9868,GTM,TUN,4300999.71572247
9869,GTM,TUR,38599187.8580397
9870,GTM,UGA,376405.622873394
9871,GTM,UKR,30856862.8525184
9872,GTM,URY,568007.507181132
9873,GTM,USA,2085808191.35572
9874,GTM,VCT,410546.382904427
9875,GTM,VEN,6287579.640714
9876,GTM,VNM,3166023.95294941
9877,GTM,YEM,510198.512380327
9878,GTM,ZAF,2537833.58978676
9879,GUY,ABW,1.00274275089208
9880,GUY,AGO,17000.6991466902
9881,GUY,AIA,29610.401290493
9882,GUY,ALB,780.349412376399
9883,GUY,AND,1666.42241905084
9884,GUY,ARE,445791740.209998
9885,GUY,ARG,980.236802496621
9886,GUY,ARM,111.557006490767
9887,GUY,ATG,2358594.50935199
9888,GUY,AUS,203393.99002215
9889,GUY,AUT,375678.598870401
9890,GUY,AZE,2930.06933142466
9891,GUY,BEL,18548291.1529538
9892,GUY,BGD,229914.984907798
9893,GUY,BHR,11686.6341811338
9894,GUY,BHS,25601495.9264889
9895,GUY,BIH,1372.55227693679
9896,GUY,BLR,6151.48919499879
9897,GUY,BLZ,371712.890324281
9898,GUY,BMU,44890.8389844071
9899,GUY,BOL,2352.00438947024
9900,GUY,BRA,19954494.6699153
9901,GUY,BRB,12812053.0002959
9902,GUY,CAN,479845211.706619
9903,GUY,CHE,30620141.4693707
9904,GUY,CHL,9354.89969874269
9905,GUY,CHN,154469719.596796
9906,GUY,COL,1856410.03256476
9907,GUY,CRI,287124.944189948
9908,GUY,CUB,27273.1894821129
9909,GUY,CYM,143495.593404518
9910,GUY,CZE,446177.390204813
9911,GUY,DEU,25305623.7001965
9912,GUY,DMA,2084170.54390271
9913,GUY,DNK,131085.631115119
9914,GUY,DOM,5772152.90664966
9915,GUY,ECU,301420.252897031
9916,GUY,ESP,12793346.3471601
9917,GUY,EST,38249.2926529914
9918,GUY,FIN,133981.186591192
9919,GUY,FRA,31242012.8367873
9920,GUY,GAB,2700.65229256308
9921,GUY,GBR,94704985.5261179
9922,GUY,GRD,3150847.20985861
9923,GUY,GTM,496220.213917273
9924,GUY,HKG,6671596.56168302
9925,GUY,HTI,4263289.31052708
9926,GUY,HUN,61075.8976752213
9927,GUY,IDN,73367.714363117
9928,GUY,IND,5252746.90475666
9929,GUY,IRL,46533.6671916082
9930,GUY,ISL,17140.1384031086
9931,GUY,ISR,4501.08965487717
9932,GUY,ITA,56259046.1800366
9933,GUY,JAM,32060470.9457802
9934,GUY,JOR,44876.8400954594
9935,GUY,JPN,2385573.59463532
9936,GUY,KAZ,42.4202693918535
9937,GUY,KNA,1270502.30647498
9938,GUY,KOR,730930.448692285
9939,GUY,KWT,55459.4260009599
9940,GUY,LBN,96206.2902833445
9941,GUY,LCA,3852253.20156639
9942,GUY,LUX,370684.541374464
9943,GUY,MAR,22373.7864007699
9944,GUY,MEX,4196776.61767493
9945,GUY,MSR,54262.9338458736
9946,GUY,MUS,125138.2528327
9947,GUY,MYS,129158.257523206
9948,GUY,NGA,5049.99553780515
9949,GUY,NIC,65040.6404875498
9950,GUY,NLD,29291646.9527409
9951,GUY,NOR,238349.607319458
9952,GUY,NZL,1198309.30299399
9953,GUY,PAK,246197.74825163
9954,GUY,PAN,125101790.408125
9955,GUY,PER,1346081.98532574
9956,GUY,PHL,263873.107224632
9957,GUY,POL,8175435.27084625
9958,GUY,PRT,30955667.7153822
9959,GUY,PYF,42792.0148865708
9960,GUY,RUS,5405664.29905583
9961,GUY,SAU,36682.3458156766
9962,GUY,SEN,20524.955823092
9963,GUY,SGP,126018018.507952
9964,GUY,SLV,202659.407189263
9965,GUY,SUR,4748722.28499491
9966,GUY,SVK,178064.633616576
9967,GUY,SVN,1974287.42913922
9968,GUY,SWE,696408.718433348
9969,GUY,TCA,81898.2775007704
9970,GUY,THA,935957.289506234
9971,GUY,TTO,32885187.8549467
9972,GUY,TUR,947001.312619641
9973,GUY,UKR,7159397.6714454
9974,GUY,URY,32006.5813743205
9975,GUY,USA,740659662.196999
9976,GUY,VCT,3301622.95719308
9977,GUY,VEN,88277942.9842614
9978,GUY,VGB,1771934.13155508
9979,GUY,VNM,259593.53919724
9980,GUY,ZAF,563030.776879882
9981,HKG,ABW,1081466.99200019
9982,HKG,AFG,1979484.92438477
9983,HKG,AGO,16048633.0264469
9984,HKG,ALB,1908458.29476762
9985,HKG,AND,2075580.82294372
9986,HKG,ARE,3573941042.51985
9987,HKG,ARG,156116604.182994
9988,HKG,ARM,23003103.955811
9989,HKG,AUS,2199893737.95044
9990,HKG,AUT,450583078.968883
9991,HKG,AZE,54934287.5988278
9992,HKG,BDI,1482435.52323212
9993,HKG,BEL,930101855.424302
9994,HKG,BEN,7770007.05548318
9995,HKG,BFA,6067018.57326716
9996,HKG,BGD,645498979.586583
9997,HKG,BGR,63286156.5479577
9998,HKG,BHR,27375021.6083375
9999,HKG,BHS,1530341.47563602
10000,HKG,BIH,4349599.25853552
10001,HKG,BLR,37232192.9309646
10002,HKG,BLZ,4968545.89241233
10003,HKG,BMU,1677804.19943086
10004,HKG,BOL,9880083.3068185
10005,HKG,BRA,1123478576.86787
10006,HKG,BRB,4383218.36978222
10007,HKG,BRN,12961716.9619817
10008,HKG,BTN,906979.356828111
10009,HKG,BWA,26026692.8180897
10010,HKG,CAF,1638673.69344766
10011,HKG,CAN,979925310.536496
10012,HKG,CHE,7519764963.92598
10013,HKG,CHL,268454234.42255
10014,HKG,CHN,152390795507.056
10015,HKG,CIV,17853836.3975494
10016,HKG,CMR,40072523.0061902
10017,HKG,COD,27383045.4222978
10018,HKG,COG,10958475.325908
10019,HKG,COL,227734104.948312
10020,HKG,COM,595575.731587338
10021,HKG,CPV,413630.751589705
10022,HKG,CRI,60009006.2847834
10023,HKG,CUB,4533875.03778914
10024,HKG,CYP,8665703.25980779
10025,HKG,CZE,831310152.373374
10026,HKG,DEU,4038510909.65753
10027,HKG,DJI,948178.777168393
10028,HKG,DMA,118094.211562529
10029,HKG,DNK,179747229.831591
10030,HKG,DOM,57141466.448931
10031,HKG,DZA,65534030.2627549
10032,HKG,ECU,29226414.9229205
10033,HKG,EGY,664282754.969686
10034,HKG,ESP,996179792.862863
10035,HKG,EST,38844204.5843814
10036,HKG,ETH,208762054.933886
10037,HKG,FIN,99482273.9145925
10038,HKG,FJI,13654347.475261
10039,HKG,FRA,2018181145.9579
10040,HKG,FSM,1718619.38925397
10041,HKG,GAB,8360292.55037347
10042,HKG,GBR,9101034303.61014
10043,HKG,GEO,31771455.6934714
10044,HKG,GHA,20833450.353579
10045,HKG,GIB,474474.799637167
10046,HKG,GIN,9277920.10249025
10047,HKG,GMB,1827873.87833541
10048,HKG,GNB,248573.764954167
10049,HKG,GNQ,308544.029470075
10050,HKG,GRC,81171488.807743
10051,HKG,GRD,1038343.11877506
10052,HKG,GRL,6653.72778038501
10053,HKG,GTM,122055396.513546
10054,HKG,GUY,11079044.2470653
10055,HKG,HND,31465419.2150466
10056,HKG,HRV,46992040.3642522
10057,HKG,HTI,9557660.34544071
10058,HKG,HUN,753653382.00145
10059,HKG,IDN,1614694333.12147
10060,HKG,IND,7290937367.17012
10061,HKG,IRL,143876604.402793
10062,HKG,IRN,132004688.106785
10063,HKG,IRQ,13056482.4684701
10064,HKG,ISL,4803639.00861473
10065,HKG,ISR,1005155835.06817
10066,HKG,ITA,1471251589.88678
10067,HKG,JAM,21033118.8927183
10068,HKG,JOR,105713693.927296
10069,HKG,JPN,7049089775.11735
10070,HKG,KAZ,113332144.374408
10071,HKG,KEN,63589522.152799
10072,HKG,KGZ,4595203.97672234
10073,HKG,KHM,468393460.084978
10074,HKG,KIR,1630652.93572723
10075,HKG,KOR,3489595800.98112
10076,HKG,KWT,102193501.593818
10077,HKG,LAO,13283844.4548304
10078,HKG,LBN,105561857.295135
10079,HKG,LBR,670658.163061018
10080,HKG,LBY,7964289.11012506
10081,HKG,LCA,1191392.71557872
10082,HKG,LKA,216809052.219578
10083,HKG,LSO,9913617.36497495
10084,HKG,LTU,119430543.858083
10085,HKG,LUX,60458079.2364658
10086,HKG,LVA,45654322.3282291
10087,HKG,MAC,2674537919.75131
10088,HKG,MAR,191725159.940155
10089,HKG,MDA,9436861.44110747
10090,HKG,MDG,25282847.4018529
10091,HKG,MDV,9865079.94970217
10092,HKG,MEX,1770723530.95353
10093,HKG,MHL,301645.051817907
10094,HKG,MKD,9732565.56320407
10095,HKG,MLI,14800924.4775423
10096,HKG,MLT,13781437.0604857
10097,HKG,MMR,187698282.920449
10098,HKG,MNE,631089.358471462
10099,HKG,MNG,15180824.7799318
10100,HKG,MNP,5659288.97226876
10101,HKG,MOZ,22329958.9802252
10102,HKG,MRT,1095099.2636947
10103,HKG,MSR,2781.4013408505
10104,HKG,MUS,16478034.5314296
10105,HKG,MWI,14901846.0758399
10106,HKG,MYS,2096251038.98041
10107,HKG,NAM,5156917.00259195
10108,HKG,NER,1450135.82489803
10109,HKG,NGA,346168298.520035
10110,HKG,NIC,16674834.5651412
10111,HKG,NLD,4167608101.30849
10112,HKG,NOR,60091116.9031892
10113,HKG,NPL,65235609.8230734
10114,HKG,NZL,254757947.83988
10115,HKG,OMN,39085215.5074706
10116,HKG,PAK,423250545.761932
10117,HKG,PAN,111931646.686253
10118,HKG,PER,178713929.448596
10119,HKG,PHL,1871392880.22202
10120,HKG,PNG,24825048.5562459
10121,HKG,POL,916035127.620162
10122,HKG,PRK,341848.708096746
10123,HKG,PRT,160151744.786206
10124,HKG,PRY,88067861.2457229
10125,HKG,PSE,7701176.80858153
10126,HKG,PYF,4598213.49528738
10127,HKG,QAT,401660763.891394
10128,HKG,ROU,216509245.059689
10129,HKG,RUS,1880386221.03609
10130,HKG,RWA,34418846.9317305
10131,HKG,SAU,597473176.577929
10132,HKG,SDN,2045178.39791465
10133,HKG,SEN,103547345.075101
10134,HKG,SGP,5444040153.13068
10135,HKG,SLB,2410965.34964678
10136,HKG,SLE,2660519.663479
10137,HKG,SLV,30261343.8586666
10138,HKG,SMR,149763.74084095
10139,HKG,SOM,3091781.65936212
10140,HKG,SRB,66573682.9685638
10141,HKG,STP,406192.017269514
10142,HKG,SUR,7218501.86779754
10143,HKG,SVK,85253842.356591
10144,HKG,SVN,43636742.9356724
10145,HKG,SWE,316515532.533104
10146,HKG,SWZ,734496.336947147
10147,HKG,SYC,3685988.23249412
10148,HKG,SYR,249978.407999859
10149,HKG,TCD,15322441.1148925
10150,HKG,TGO,275407440.065605
10151,HKG,THA,4015279437.98288
10152,HKG,TJK,110763.124802403
10153,HKG,TKL,10211.0774681716
10154,HKG,TKM,673125.942478107
10155,HKG,TON,246959.202589756
10156,HKG,TTO,4367933.75857795
10157,HKG,TUN,121615979.852025
10158,HKG,TUR,654843601.949818
10159,HKG,TUV,29741.397502961
10160,HKG,TZA,51952057.6429989
10161,HKG,UGA,13084912.964621
10162,HKG,UKR,133794611.880897
10163,HKG,URY,42364185.1931032
10164,HKG,USA,19976452424.4737
10165,HKG,UZB,24757133.132811
10166,HKG,VAT,34277.1685537501
10167,HKG,VCT,475482.943195523
10168,HKG,VEN,2564048.60509876
10169,HKG,VNM,5485183397.38847
10170,HKG,VUT,1183185.84630312
10171,HKG,WSM,1901184.80145011
10172,HKG,YEM,357512.343057702
10173,HKG,ZAF,439339925.455613
10174,HKG,ZMB,28236331.1481008
10175,HKG,ZWE,22734877.6962452
10176,HND,ABW,558704.385017053
10177,HND,AGO,145785.532768859
10178,HND,ALB,47405.5387603004
10179,HND,AND,23702.7471247625
10180,HND,ARE,3906885.67087196
10181,HND,ARG,340091.581719454
10182,HND,ARM,65709.6924562722
10183,HND,AUS,26039217.1055557
10184,HND,AUT,4763310.22354385
10185,HND,AZE,27653.249489665
10186,HND,BEL,60278825.5294901
10187,HND,BEN,79929.959996872
10188,HND,BFA,53007.0373097644
10189,HND,BGD,156586.027427215
10190,HND,BGR,2951796.03617543
10191,HND,BHR,100092.416063519
10192,HND,BHS,1120743.97744416
10193,HND,BIH,58574.6351523111
10194,HND,BLR,337531.712008511
10195,HND,BLZ,4220615.74081454
10196,HND,BMU,50381.5717189175
10197,HND,BOL,52004.244546765
10198,HND,BRA,5831458.21968952
10199,HND,BRB,278345.02368614
10200,HND,CAN,143537207.960858
10201,HND,CHE,17381394.7506118
10202,HND,CHL,1238859.1645846
10203,HND,CHN,22981819.0975255
10204,HND,CIV,41743.1504702274
10205,HND,CMR,5352.92087206267
10206,HND,COL,12885136.9729689
10207,HND,CRI,57879698.1121518
10208,HND,CYP,19941.2875246383
10209,HND,CZE,1910905.60522944
10210,HND,DEU,183251400.559448
10211,HND,DMA,13.5032689646315
10212,HND,DNK,1300581.70980472
10213,HND,DOM,53607898.6904382
10214,HND,ECU,5579302.41607069
10215,HND,EGY,160771.813251163
10216,HND,ESP,42815754.6856654
10217,HND,EST,336129.677594335
10218,HND,ETH,8409.53583852884
10219,HND,FIN,12885839.6685823
10220,HND,FRA,44055123.2725745
10221,HND,GBR,76303653.8541304
10222,HND,GEO,26297.6163086198
10223,HND,GHA,1069041.62598175
10224,HND,GRC,2398052.56212998
10225,HND,GRD,149054.059036276
10226,HND,GTM,246196857.535999
10227,HND,GUY,298887.220683095
10228,HND,HKG,4567633.2097006
10229,HND,HRV,15116.6595453686
10230,HND,HUN,134063.455007298
10231,HND,IDN,295769.101827342
10232,HND,IND,6721786.43149342
10233,HND,IRL,3706399.82537352
10234,HND,ISL,212169.339419352
10235,HND,ISR,1244626.1426945
10236,HND,ITA,58665200.1719166
10237,HND,JAM,3072376.27707312
10238,HND,JPN,28125372.8475489
10239,HND,KAZ,4114.5510789485
10240,HND,KGZ,3700.89593845456
10241,HND,KOR,35598272.8758105
10242,HND,KWT,306033.086603681
10243,HND,LBN,90678.9521871554
10244,HND,LCA,806158.435402982
10245,HND,LKA,188559.826865458
10246,HND,LTU,83187.0835038307
10247,HND,LUX,63947.4233339893
10248,HND,LVA,21415.0793103347
10249,HND,MAC,15605.5418973856
10250,HND,MAR,3215873.62790309
10251,HND,MDA,20218.8947297082
10252,HND,MEX,205520254.262885
10253,HND,MKD,23268.4329829948
10254,HND,MLT,250.201570524584
10255,HND,MNE,2244.14227746506
10256,HND,MOZ,136184.222417323
10257,HND,MUS,11397.7457450255
10258,HND,MYS,787729.784567883
10259,HND,NER,931781.135013905
10260,HND,NGA,223399.732150404
10261,HND,NIC,231519708.215302
10262,HND,NLD,142142854.175061
10263,HND,NOR,2084876.47229873
10264,HND,NZL,2074520.386726
10265,HND,PAK,309593.363500106
10266,HND,PAN,20190055.7481684
10267,HND,PER,2063428.31898162
10268,HND,PHL,1146062.94683517
10269,HND,POL,11856800.3761418
10270,HND,PRT,2629899.89783461
10271,HND,PRY,666547.862511067
10272,HND,PSE,93703.4043674321
10273,HND,PYF,16558.4570856771
10274,HND,QAT,146060.883427648
10275,HND,ROU,491238.477404084
10276,HND,RUS,7735831.43851374
10277,HND,RWA,54.5081957205625
10278,HND,SAU,1465464.06616456
10279,HND,SGP,1037389.73697381
10280,HND,SLV,317969885.006297
10281,HND,SRB,306869.789158415
10282,HND,SUR,1422132.0580527
10283,HND,SVK,761801.367137478
10284,HND,SVN,376494.079287534
10285,HND,SWE,19652525.807207
10286,HND,SYC,30.6964312041167
10287,HND,THA,1776343.97161963
10288,HND,TTO,2621120.57397524
10289,HND,TUR,2921694.80406123
10290,HND,TZA,67852.5612167446
10291,HND,UGA,1540.87302518628
10292,HND,UKR,2736729.87647382
10293,HND,URY,155269.448700742
10294,HND,USA,2037337573.25365
10295,HND,VCT,85414.312686857
10296,HND,VEN,1690357.78348921
10297,HND,VNM,119484.83071322
10298,HND,ZAF,873593.434533413
10299,HRV,AFG,301226.923094417
10300,HRV,AGO,237551.56012268
10301,HRV,ALB,43738095.920403
10302,HRV,AND,47449.6004270531
10303,HRV,ARE,37263830.5855266
10304,HRV,ARG,1336186.84334141
10305,HRV,ARM,320125.498192028
10306,HRV,ATG,8908.15654807468
10307,HRV,AUS,15273340.1506919
10308,HRV,AUT,487946593.482084
10309,HRV,AZE,1208902.18439189
10310,HRV,BDI,9038.68814806611
10311,HRV,BEL,152522514.703985
10312,HRV,BEN,81941.837045966
10313,HRV,BFA,300973.861831599
10314,HRV,BGD,547884.135576322
10315,HRV,BGR,102857717.978909
10316,HRV,BHR,2750711.23617796
10317,HRV,BHS,17974.8514762156
10318,HRV,BIH,727760122.197746
10319,HRV,BLR,18341967.8502835
10320,HRV,BLZ,10014.2693234964
10321,HRV,BMU,61388.8614396514
10322,HRV,BOL,69009.9914154427
10323,HRV,BRA,6482437.31320544
10324,HRV,BRB,4231.02427558454
10325,HRV,CAN,49385134.4945108
10326,HRV,CHE,149375094.025144
10327,HRV,CHL,8169051.48741586
10328,HRV,CHN,68811704.4127553
10329,HRV,CIV,862099.703051497
10330,HRV,CMR,494993.961557631
10331,HRV,COL,3103257.69305963
10332,HRV,CRI,141484.886638735
10333,HRV,CUB,1119891.11097635
10334,HRV,CYM,15703.3015637209
10335,HRV,CYP,4386785.48333371
10336,HRV,CZE,141333578.509017
10337,HRV,DEU,1086892193.37042
10338,HRV,DJI,2038862.58193829
10339,HRV,DMA,153.55567381828
10340,HRV,DNK,35018972.6348064
10341,HRV,DOM,8852167.53386734
10342,HRV,DZA,14511856.630501
10343,HRV,ECU,799574.487515396
10344,HRV,EGY,41445710.964017
10345,HRV,ESP,144640316.527
10346,HRV,EST,5377349.78598291
10347,HRV,ETH,4035367.9097399
10348,HRV,FIN,16760899.8644234
10349,HRV,FJI,19641.1443639086
10350,HRV,FRA,258036953.868311
10351,HRV,FRO,39356.5277001004
10352,HRV,GAB,346409.466196572
10353,HRV,GBR,147187925.769844
10354,HRV,GEO,3452163.72364176
10355,HRV,GHA,873183.386266095
10356,HRV,GIB,18617837.6347466
10357,HRV,GIN,2404202.52595571
10358,HRV,GNB,26082.3141867949
10359,HRV,GRC,41478144.3157068
10360,HRV,GRD,9274.83881705139
10361,HRV,GTM,389463.283962193
10362,HRV,GUY,7328.27407921279
10363,HRV,HKG,10340586.3205692
10364,HRV,HTI,23971.3031386575
10365,HRV,HUN,609148772.942952
10366,HRV,IDN,4602439.69039389
10367,HRV,IND,15926752.1916925
10368,HRV,IRL,21308450.9970161
10369,HRV,IRN,2961775.00695362
10370,HRV,IRQ,3677377.74500783
10371,HRV,ISL,1238035.76024919
10372,HRV,ISR,21162118.5718517
10373,HRV,ITA,1063810641.62893
10374,HRV,JAM,13843.8964260804
10375,HRV,JOR,7507362.93427997
10376,HRV,JPN,52812416.9402209
10377,HRV,KAZ,10514880.0147907
10378,HRV,KEN,1078273.03578521
10379,HRV,KGZ,235500.01146961
10380,HRV,KHM,327454.487444375
10381,HRV,KNA,750.681730218958
10382,HRV,KOR,11626935.7289201
10383,HRV,KWT,2846005.48066696
10384,HRV,LAO,9388.27277792824
10385,HRV,LBN,24047697.1326433
10386,HRV,LBR,330395.654462404
10387,HRV,LBY,2746781.95995163
10388,HRV,LKA,437219.835198018
10389,HRV,LTU,29301155.4261178
10390,HRV,LUX,73216127.6659622
10391,HRV,LVA,7611532.15228387
10392,HRV,MAC,79677.3633465299
10393,HRV,MAR,12115610.5306919
10394,HRV,MDA,3120350.39597923
10395,HRV,MDG,13190.398222721
10396,HRV,MDV,205667.289358157
10397,HRV,MEX,17170593.7759557
10398,HRV,MHL,5589.35310921191
10399,HRV,MKD,78535701.9652561
10400,HRV,MLT,21642502.8666003
10401,HRV,MMR,329771.778430185
10402,HRV,MNE,97297979.5670277
10403,HRV,MNG,408024.277335688
10404,HRV,MOZ,38576.5888871248
10405,HRV,MRT,90271.8536339254
10406,HRV,MUS,127910.154373774
10407,HRV,MWI,163.007962093522
10408,HRV,MYS,3564460.52022602
10409,HRV,NAM,24415.3491363801
10410,HRV,NCL,7435.80010985708
10411,HRV,NER,132766.879623372
10412,HRV,NGA,3279241.62846641
10413,HRV,NIC,4385.53668101501
10414,HRV,NLD,129568228.0357
10415,HRV,NOR,35605823.2541583
10416,HRV,NPL,25442.8793880016
10417,HRV,NZL,2175664.26383447
10418,HRV,OMN,1424956.01819648
10419,HRV,PAK,5217557.60238726
10420,HRV,PAN,1912171.41166461
10421,HRV,PER,1471677.27380078
10422,HRV,PHL,5951846.86420423
10423,HRV,POL,160354523.730833
10424,HRV,PRT,26033813.4454004
10425,HRV,PRY,1135183.81313933
10426,HRV,PSE,201123.79443752
10427,HRV,PYF,306188.547738786
10428,HRV,QAT,23916608.8978979
10429,HRV,ROU,166896683.001943
10430,HRV,RUS,101804163.865251
10431,HRV,SAU,24864828.9495583
10432,HRV,SDN,408433.876494282
10433,HRV,SEN,688207.606051409
10434,HRV,SGP,8864101.3838962
10435,HRV,SLE,46713.3086804608
10436,HRV,SLV,192547.613256335
10437,HRV,SMR,111020.376579691
10438,HRV,SOM,348815.943773288
10439,HRV,SRB,454350835.388885
10440,HRV,SUR,246500.67458613
10441,HRV,SVK,80853608.6001064
10442,HRV,SVN,880783538.163368
10443,HRV,SWE,81044516.3163651
10444,HRV,SYC,87908.7815651149
10445,HRV,SYR,87724.2368892649
10446,HRV,TGO,2161220.70323755
10447,HRV,THA,3584807.26340616
10448,HRV,TJK,1107211.54141856
10449,HRV,TKM,319176.768516995
10450,HRV,TTO,1700816.24534591
10451,HRV,TUN,2854874.12765028
10452,HRV,TUR,120703925.340069
10453,HRV,TZA,4610593.18424801
10454,HRV,UGA,151329.634923407
10455,HRV,UKR,33029478.0042028
10456,HRV,URY,68151.5736037288
10457,HRV,USA,308043622.328058
10458,HRV,UZB,468664.457529411
10459,HRV,VCT,96.0482520243511
10460,HRV,VEN,3895.94315683257
10461,HRV,VGB,152043.307694241
10462,HRV,VNM,12855989.7563093
10463,HRV,VUT,9491.79783999042
10464,HRV,YEM,6130.98423101546
10465,HRV,ZAF,4667181.56555426
10466,HRV,ZMB,29846.7500074231
10467,HTI,ALB,12023.4402174657
10468,HTI,ARG,74340.7319179282
10469,HTI,AUS,865698.7853422
10470,HTI,AUT,398548.285322081
10471,HTI,AZE,27.131568197454
10472,HTI,BEL,776997.741980877
10473,HTI,BHR,23019.6877650341
10474,HTI,BHS,198168.974114204
10475,HTI,BIH,12908.1749001495
10476,HTI,BLR,6051.46498044597
10477,HTI,BMU,3157.64942558598
10478,HTI,BOL,6794.52986672673
10479,HTI,BRA,573005.717182337
10480,HTI,BRB,9316.00528291382
10481,HTI,CAN,27334657.2451536
10482,HTI,CHE,1874978.89784394
10483,HTI,CHL,730698.828119977
10484,HTI,CHN,1513522.90408003
10485,HTI,CIV,1864.19129630684
10486,HTI,COL,1995216.28074019
10487,HTI,CRI,143344.966939823
10488,HTI,CZE,77495.2605880202
10489,HTI,DEU,1560389.65540695
10490,HTI,DNK,21203.4325734306
10491,HTI,DOM,2690336.93034894
10492,HTI,ESP,2717038.89854586
10493,HTI,EST,2007.23092432811
10494,HTI,ETH,41018.6050672711
10495,HTI,FIN,82879.5305492869
10496,HTI,FJI,101.693618693713
10497,HTI,FRA,6342746.12479756
10498,HTI,GBR,3337826.51410023
10499,HTI,GRC,31224.3470056208
10500,HTI,GTM,63357.8381031238
10501,HTI,HKG,521589.038877667
10502,HTI,HRV,1723.91733781795
10503,HTI,HUN,93.5226406068922
10504,HTI,IDN,50422.2065560795
10505,HTI,IND,6139841.91034366
10506,HTI,IRL,33020.3137856655
10507,HTI,ISL,33387.4741703877
10508,HTI,ITA,758485.830489463
10509,HTI,JAM,123388.025625608
10510,HTI,JPN,1493250.76045946
10511,HTI,KAZ,333.465727686939
10512,HTI,KEN,18.7035278792329
10513,HTI,KOR,1716664.08189966
10514,HTI,KWT,13749.3285324314
10515,HTI,LBN,420.101701121869
10516,HTI,LCA,174676.716946305
10517,HTI,LTU,3593.36990781027
10518,HTI,LVA,1187.60050253359
10519,HTI,MEX,12744625.8070552
10520,HTI,MKD,96.133272606721
10521,HTI,MNE,1992.2858063107
10522,HTI,MUS,7444.86630466415
10523,HTI,MYS,692326.362648458
10524,HTI,NIC,168229.451147662
10525,HTI,NLD,1841950.2710458
10526,HTI,NOR,54941.2430556528
10527,HTI,NZL,270603.265507841
10528,HTI,PAN,63556.8862900839
10529,HTI,PER,22288.6807978177
10530,HTI,PHL,605.146498044597
10531,HTI,POL,97276.5493790598
10532,HTI,PRT,38305.3917338445
10533,HTI,PRY,6828.15300644866
10534,HTI,PYF,1105.19855410068
10535,HTI,ROU,11700.8576244432
10536,HTI,RUS,101741.660323962
10537,HTI,RWA,1356.21332148958
10538,HTI,SAU,90854.9257880603
10539,HTI,SEN,10014.4698720466
10540,HTI,SLV,33221.1474048554
10541,HTI,SRB,16324.451936094
10542,HTI,SVK,341018.353578788
10543,HTI,SVN,12691.9725603935
10544,HTI,SWE,41485.3110506795
10545,HTI,THA,4340787.95343392
10546,HTI,TTO,135791.897440582
10547,HTI,TUR,354765.38405489
10548,HTI,TZA,15.0036321829239
10549,HTI,UGA,831.701344006747
10550,HTI,UKR,39671.9040485855
10551,HTI,URY,604.781409661479
10552,HTI,USA,431011340.202661
10553,HTI,VCT,7977.04113722387
10554,HTI,ZAF,71914.6655990345
10555,HUN,ABW,185435.391480557
10556,HUN,AFG,6849818.2513208
10557,HUN,AGO,4184843.76638785
10558,HUN,ALB,51563748.4084169
10559,HUN,AND,152915.613368025
10560,HUN,ARE,189328861.317131
10561,HUN,ARG,86267757.4496608
10562,HUN,ARM,9951420.10852425
10563,HUN,ATG,316237.083857825
10564,HUN,AUS,291641397.831745
10565,HUN,AUT,2604955785.19151
10566,HUN,AZE,21137237.0483606
10567,HUN,BDI,226851.430761448
10568,HUN,BEL,1501075807.30086
10569,HUN,BEN,904442.953798145
10570,HUN,BFA,1553915.0584918
10571,HUN,BGD,4409170.90255063
10572,HUN,BGR,704145208.336267
10573,HUN,BHR,13906573.2393163
10574,HUN,BHS,169024.418598875
10575,HUN,BIH,188351971.046286
10576,HUN,BLR,62001509.7537874
10577,HUN,BLZ,160328.813506725
10578,HUN,BMU,366112.095945288
10579,HUN,BOL,8830407.29599864
10580,HUN,BRA,174859969.809424
10581,HUN,BRB,1310149.16996157
10582,HUN,BRN,2771285.9970582
10583,HUN,BTN,66419.079189513
10584,HUN,BWA,1179858.77186195
10585,HUN,CAF,48697.7890971888
10586,HUN,CAN,316012126.644629
10587,HUN,CHE,751107432.424889
10588,HUN,CHL,31430665.9527368
10589,HUN,CHN,2141967706.83918
10590,HUN,CIV,20176518.0358654
10591,HUN,CMR,6651966.12391104
10592,HUN,COD,707692.927692676
10593,HUN,COG,987242.998604974
10594,HUN,COK,15317.208095547
10595,HUN,COL,41719319.816138
10596,HUN,CPV,32614.3955181672
10597,HUN,CRI,14719909.7824452
10598,HUN,CUB,2740998.17477296
10599,HUN,CYM,46411.2355525112
10600,HUN,CYP,25071358.9477669
10601,HUN,CZE,2401641498.9646
10602,HUN,DEU,16743067623.4713
10603,HUN,DJI,593111.584549601
10604,HUN,DMA,296265.221931524
10605,HUN,DNK,380203557.803718
10606,HUN,DOM,5834913.01104928
10607,HUN,DZA,20346098.0239604
10608,HUN,ECU,9638905.80190206
10609,HUN,EGY,112840010.508742
10610,HUN,ESP,1657187801.97095
10611,HUN,EST,62588917.6525494
10612,HUN,ETH,7138892.73246812
10613,HUN,FIN,246738145.439214
10614,HUN,FJI,39306.0154717512
10615,HUN,FRA,2534576595.31104
10616,HUN,FRO,82849.0566719602
10617,HUN,GAB,2826080.85917695
10618,HUN,GBR,1857758657.04909
10619,HUN,GEO,24609446.1247199
10620,HUN,GHA,6896273.49752772
10621,HUN,GIB,265265.717357313
10622,HUN,GIN,2745665.18959614
10623,HUN,GMB,245801.005205333
10624,HUN,GRC,287478583.889489
10625,HUN,GRD,86822.8776820014
10626,HUN,GRL,1249.80256083756
10627,HUN,GTM,871428.961542839
10628,HUN,GUY,670547.330729962
10629,HUN,HKG,163712120.561068
10630,HUN,HND,2189922.32652478
10631,HUN,HRV,1007940661.73824
10632,HUN,HTI,408663.932187753
10633,HUN,IDN,65609478.1957117
10634,HUN,IND,141770903.379643
10635,HUN,IRL,171062662.531046
10636,HUN,IRN,14752868.4763135
10637,HUN,IRQ,21986254.5843908
10638,HUN,ISL,10207936.3982597
10639,HUN,ISR,191078137.015376
10640,HUN,ITA,3151003624.22448
10641,HUN,JAM,5555353.943459
10642,HUN,JOR,19623924.5337131
10643,HUN,JPN,534025271.140182
10644,HUN,KAZ,82602368.9520928
10645,HUN,KEN,4679381.45948887
10646,HUN,KGZ,4194354.8984084
10647,HUN,KHM,577813.821161363
10648,HUN,KNA,79482.7417311848
10649,HUN,KOR,339104221.692518
10650,HUN,KWT,41164409.8647037
10651,HUN,LBN,30668749.0026182
10652,HUN,LBR,626703.891807397
10653,HUN,LBY,4865062.76800272
10654,HUN,LCA,436718.053723292
10655,HUN,LKA,2849082.95918422
10656,HUN,LTU,131240894.20228
10657,HUN,LUX,70175004.7844269
10658,HUN,LVA,107506199.130838
10659,HUN,MAC,4033162.58786034
10660,HUN,MAR,104869347.654117
10661,HUN,MDA,50247077.1595454
10662,HUN,MDG,137510.289440788
10663,HUN,MDV,46910.8565042026
10664,HUN,MEX,586452666.012601
10665,HUN,MKD,215563216.532568
10666,HUN,MLI,1015578.35822457
10667,HUN,MLT,9483803.40464228
10668,HUN,MMR,5584214.16514083
10669,HUN,MNE,32747042.1301753
10670,HUN,MNG,6158074.28916388
10671,HUN,MOZ,408767.957370888
10672,HUN,MRT,446839.674035057
10673,HUN,MUS,4125195.2972744
10674,HUN,MWI,1990559.11180056
10675,HUN,MYS,78266286.3822707
10676,HUN,NAM,434094.279041792
10677,HUN,NCL,1023222.70882177
10678,HUN,NER,909589.69975796
10679,HUN,NGA,22673889.238238
10680,HUN,NIC,1652592.95111771
10681,HUN,NLD,2098179576.30605
10682,HUN,NOR,239297210.257724
10683,HUN,NPL,362988.059657002
10684,HUN,NZL,38869323.3688103
10685,HUN,OMN,4387907.75502099
10686,HUN,PAK,13367167.9923679
10687,HUN,PAN,5253488.30073892
10688,HUN,PER,18554760.2595399
10689,HUN,PHL,12478931.4859385
10690,HUN,PNG,1105903.9933783
10691,HUN,POL,2475653558.81533
10692,HUN,PRK,1150.2784673575
10693,HUN,PRT,273417644.332108
10694,HUN,PRY,2017871.00015116
10695,HUN,PSE,8785081.83829873
10696,HUN,PYF,2739011.98844325
10697,HUN,QAT,35987703.5423765
10698,HUN,ROU,3375242834.76161
10699,HUN,RUS,1054473034.11139
10700,HUN,RWA,507927.462588905
10701,HUN,SAU,174448725.12547
10702,HUN,SDN,1110126.7471517
10703,HUN,SEN,4053151.21484525
10704,HUN,SGP,147426177.599993
10705,HUN,SLE,166966.42038445
10706,HUN,SLV,1474156.21892094
10707,HUN,SMR,34596.3753295314
10708,HUN,SOM,229814.635114427
10709,HUN,SRB,1008373639.05638
10710,HUN,STP,79325.3246225637
10711,HUN,SUR,188860.720707918
10712,HUN,SVK,3221655743.1775
10713,HUN,SVN,651681226.993242
10714,HUN,SWE,890853323.426547
10715,HUN,SWZ,60892.9713911628
10716,HUN,SYC,98667.5371189808
10717,HUN,SYR,3225237.78784361
10718,HUN,TGO,486023.159843981
10719,HUN,THA,78588482.7427914
10720,HUN,TJK,823857.945222588
10721,HUN,TKM,7021509.31547966
10722,HUN,TLS,47654.4015067132
10723,HUN,TTO,4473817.83972776
10724,HUN,TUN,46305214.3861749
10725,HUN,TUR,1014969423.3094
10726,HUN,TZA,1973886.24201707
10727,HUN,UGA,3244395.92577799
10728,HUN,UKR,1186098677.96153
10729,HUN,URY,4891656.02588229
10730,HUN,USA,2694862037.31809
10731,HUN,UZB,58344721.9933453
10732,HUN,VAT,1234.79892865464
10733,HUN,VCT,74071.2016681835
10734,HUN,VEN,454832.108898901
10735,HUN,VGB,174013.62642077
10736,HUN,VNM,185680099.19409
10737,HUN,YEM,3872457.47125557
10738,HUN,ZAF,120728521.840059
10739,HUN,ZMB,401419.678448765
10740,HUN,ZWE,133911.418201178
10741,IDN,ABW,599798.097766911
10742,IDN,AFG,10692909.5264047
10743,IDN,AGO,60972431.8590018
10744,IDN,AIA,18818.990831302
10745,IDN,ALB,5041491.83266946
10746,IDN,AND,611586.908183574
10747,IDN,ARE,769704190.882143
10748,IDN,ARG,116419156.373598
10749,IDN,ARM,12271556.9082682
10750,IDN,ATG,555340.77022995
10751,IDN,AUS,1658276825.23422
10752,IDN,AUT,167955704.122591
10753,IDN,AZE,15172378.1841216
10754,IDN,BDI,3098598.22806416
10755,IDN,BEL,610350747.189181
10756,IDN,BEN,71007649.5583257
10757,IDN,BFA,20278861.0952803
10758,IDN,BGD,842462834.96832
10759,IDN,BGR,68713648.0305889
10760,IDN,BHR,38486463.7890184
10761,IDN,BHS,862274.745426964
10762,IDN,BIH,13465637.2244799
10763,IDN,BLR,19021754.9178327
10764,IDN,BLZ,1032428.07482036
10765,IDN,BMU,711188.454413932
10766,IDN,BOL,19045004.4812477
10767,IDN,BRA,603390164.359205
10768,IDN,BRB,1885692.30091856
10769,IDN,BRN,77915502.5881066
10770,IDN,BTN,505720.705861992
10771,IDN,BWA,342723.397847683
10772,IDN,CAF,1131690.05784691
10773,IDN,CAN,599517602.721733
10774,IDN,CHE,1389107366.58775
10775,IDN,CHL,82788553.6729762
10776,IDN,CHN,18744809525.479
10777,IDN,CIV,39070971.0105644
10778,IDN,CMR,11640635.2278894
10779,IDN,COD,4635100.50264894
10780,IDN,COG,32477760.5856388
10781,IDN,COK,386070.744672846
10782,IDN,COL,91922936.5794905
10783,IDN,COM,2170514.2650872
10784,IDN,CPV,680965.850417179
10785,IDN,CRI,14329229.6438985
10786,IDN,CUB,5855109.86544331
10787,IDN,CYM,423312.207843514
10788,IDN,CYP,9725402.3535848
10789,IDN,CZE,189153533.093963
10790,IDN,DEU,2017284089.63481
10791,IDN,DJI,97745927.1697778
10792,IDN,DMA,910910.299957979
10793,IDN,DNK,96617700.2113019
10794,IDN,DOM,39602681.3106669
10795,IDN,DZA,77168631.1613122
10796,IDN,ECU,40168490.6782072
10797,IDN,EGY,586743414.952113
10798,IDN,ERI,323786.30442529
10799,IDN,ESP,1006661532.97042
10800,IDN,EST,91099672.1449491
10801,IDN,ETH,160896067.611517
10802,IDN,FIN,87604309.4188944
10803,IDN,FJI,12385850.5537635
10804,IDN,FRA,576245393.580079
10805,IDN,FSM,588229.912760772
10806,IDN,GAB,4686140.84734817
10807,IDN,GBR,872573664.019822
10808,IDN,GEO,22691143.5482805
10809,IDN,GHA,67565781.538139
10810,IDN,GIB,66658.1335614467
10811,IDN,GIN,34489812.6766083
10812,IDN,GMB,25749430.7120638
10813,IDN,GNB,286195.069079357
10814,IDN,GNQ,3247607.23519396
10815,IDN,GRC,107884308.726721
10816,IDN,GRD,452078.737843816
10817,IDN,GRL,55406.2746337097
10818,IDN,GTM,27870231.0180523
10819,IDN,GUY,2104604.04758644
10820,IDN,HKG,1139941664.88195
10821,IDN,HND,17487439.4116359
10822,IDN,HRV,23908980.0770602
10823,IDN,HTI,70323691.9521436
10824,IDN,HUN,57679063.3461016
10825,IDN,IDN,23741914.106576
10826,IDN,IND,6011852658.84801
10827,IDN,IRL,87685815.6974974
10828,IDN,IRN,99160985.6739157
10829,IDN,IRQ,94128830.1989562
10830,IDN,ISL,4684622.61780468
10831,IDN,ISR,78790865.5365161
10832,IDN,ITA,1023292303.23767
10833,IDN,JAM,7956446.97814758
10834,IDN,JOR,60430183.5927957
10835,IDN,JPN,7738629483.02068
10836,IDN,KAZ,10257785.3055275
10837,IDN,KEN,294539261.106005
10838,IDN,KGZ,821024.259224306
10839,IDN,KHM,332650560.350599
10840,IDN,KIR,1302931.91625894
10841,IDN,KNA,149846.581395564
10842,IDN,KOR,3798267385.80718
10843,IDN,KWT,108073383.151164
10844,IDN,LAO,10340627.4805335
10845,IDN,LBN,25626962.7381706
10846,IDN,LBR,13500372.1983623
10847,IDN,LBY,8795451.63969189
10848,IDN,LCA,875416.65191047
10849,IDN,LKA,165206180.646455
10850,IDN,LSO,453682.268537603
10851,IDN,LTU,6993451.53605859
10852,IDN,LUX,31645699.9471516
10853,IDN,LVA,36447396.0924246
10854,IDN,MAC,18137622.2198816
10855,IDN,MAR,49618424.8365484
10856,IDN,MDA,3346648.17970998
10857,IDN,MDG,23072498.2972725
10858,IDN,MDV,18248250.1259493
10859,IDN,MEX,736701973.402856
10860,IDN,MHL,2202989.09381807
10861,IDN,MKD,15432847.1102385
10862,IDN,MLI,3373579.78099806
10863,IDN,MLT,2298552.57498575
10864,IDN,MMR,536048607.572943
10865,IDN,MNE,3219855.74192076
10866,IDN,MNG,12134304.3612235
10867,IDN,MNP,264393.381176144
10868,IDN,MOZ,34975128.8803074
10869,IDN,MRT,40943828.4858397
10870,IDN,MSR,9545.67438279608
10871,IDN,MUS,45690427.1082237
10872,IDN,MWI,28538466.5226194
10873,IDN,MYS,4365811731.96959
10874,IDN,NAM,1212975.08738838
10875,IDN,NCL,7284021.58126239
10876,IDN,NER,12550768.3201956
10877,IDN,NGA,261806540.40336
10878,IDN,NIC,12125387.3725373
10879,IDN,NLD,1557226461.72367
10880,IDN,NOR,88272184.9923269
10881,IDN,NPL,76160588.0912822
10882,IDN,NRU,304403.232037228
10883,IDN,NZL,288188833.835202
10884,IDN,OMN,92443677.9781656
10885,IDN,PAK,1202943607.80851
10886,IDN,PAN,38963763.1169369
10887,IDN,PER,114591755.313726
10888,IDN,PHL,3060747623.92844
10889,IDN,PLW,97991.3524235186
10890,IDN,PNG,69591290.5973642
10891,IDN,POL,418637924.260655
10892,IDN,PRK,360.35073619552
10893,IDN,PRT,60264597.3225275
10894,IDN,PRY,9973766.42127401
10895,IDN,PSE,3734746.85331787
10896,IDN,PYF,10345352.393373
10897,IDN,QAT,97200123.9844723
10898,IDN,ROU,67680264.6610042
10899,IDN,RUS,894298601.423245
10900,IDN,RWA,38008152.5861383
10901,IDN,SAU,908221317.123939
10902,IDN,SDN,57199498.7762977
10903,IDN,SEN,33848296.6759833
10904,IDN,SGP,6977323636.2632
10905,IDN,SHN,20822.330813684
10906,IDN,SLB,6993444.209785
10907,IDN,SLE,6031685.99271198
10908,IDN,SLV,14709203.225528
10909,IDN,SOM,36570196.7978676
10910,IDN,SRB,37089160.3001373
10911,IDN,STP,687694.971949404
10912,IDN,SUR,2839615.24467448
10913,IDN,SVK,61289717.9733162
10914,IDN,SVN,56960117.9538346
10915,IDN,SWE,105003883.48148
10916,IDN,SWZ,1272586.62856207
10917,IDN,SYC,1668805.63549635
10918,IDN,SYR,12847590.812535
10919,IDN,TCA,263119.456775725
10920,IDN,TCD,501935.346976164
10921,IDN,TGO,65964540.2615894
10922,IDN,THA,2896715328.26117
10923,IDN,TJK,658046.804516223
10924,IDN,TKM,1406025.18879052
10925,IDN,TLS,110699090.257979
10926,IDN,TON,2144826.29286543
10927,IDN,TTO,13669955.9833765
10928,IDN,TUN,26569977.5247045
10929,IDN,TUR,592544177.187707
10930,IDN,TUV,864649.425305874
10931,IDN,TZA,122080149.929524
10932,IDN,UGA,95600831.7097505
10933,IDN,UKR,139026816.627166
10934,IDN,URY,17029418.6863148
10935,IDN,USA,10646109500.7312
10936,IDN,UZB,8726932.086005
10937,IDN,VCT,274579.357067552
10938,IDN,VEN,7042430.26216695
10939,IDN,VGB,569173.812528388
10940,IDN,VNM,2694774560.82318
10941,IDN,VUT,2096996.69794669
10942,IDN,WLF,63247.1313024567
10943,IDN,WSM,4858178.4323952
10944,IDN,YEM,64919881.3728491
10945,IDN,ZAF,314500874.888864
10946,IDN,ZMB,4546098.70497894
10947,IDN,ZWE,1520104.46739034
10948,IND,ABW,2418587.52787634
10949,IND,AFG,427725344.555635
10950,IND,AGO,226966757.099944
10951,IND,AIA,20760.9774608405
10952,IND,ALB,24257023.254757
10953,IND,AND,1045435.49424631
10954,IND,ARE,8978841363.93369
10955,IND,ARG,400595628.742119
10956,IND,ARM,42356954.5441578
10957,IND,ATG,1002264.20404215
10958,IND,AUS,1925526277.89338
10959,IND,AUT,512569561.518281
10960,IND,AZE,63001304.1759277
10961,IND,BDI,43132228.2742779
10962,IND,BEL,2283214788.79951
10963,IND,BEN,220302225.234032
10964,IND,BFA,114587851.503665
10965,IND,BGD,3957368299.66247
10966,IND,BGR,82538011.7895664
10967,IND,BHR,282914852.601893
10968,IND,BHS,27946052.4049174
10969,IND,BIH,34384725.0267641
10970,IND,BLR,77022096.041078
10971,IND,BLZ,5662686.40474268
10972,IND,BMU,1843993.11659196
10973,IND,BOL,92318408.5080669
10974,IND,BRA,2175735382.55138
10975,IND,BRB,6288555.87704804
10976,IND,BRN,37582889.6555503
10977,IND,BTN,311615150.187194
10978,IND,BWA,86401543.2444502
10979,IND,CAF,10738844.6406945
10980,IND,CAN,1853736610.34224
10981,IND,CHE,967882448.956372
10982,IND,CHL,369128465.466358
10983,IND,CHN,10491182965.0452
10984,IND,CIV,269808607.856627
10985,IND,CMR,140216110.189567
10986,IND,COD,179015223.999062
10987,IND,COG,53289795.1322313
10988,IND,COK,33760.937080869
10989,IND,COL,468608655.780538
10990,IND,COM,8663748.86417419
10991,IND,CPV,1848047.16602426
10992,IND,CRI,75946471.5664748
10993,IND,CUB,43966034.0612428
10994,IND,CYM,2348646.18399266
10995,IND,CYP,43490823.5059888
10996,IND,CZE,497276333.089898
10997,IND,DEU,5164366674.70304
10998,IND,DJI,168716415.875448
10999,IND,DMA,644109.697024964
11000,IND,DNK,357864622.760005
11001,IND,DOM,118123372.058904
11002,IND,DZA,271432865.55315
11003,IND,ECU,130988000.651562
11004,IND,EGY,1320831983.46686
11005,IND,ERI,4341352.5886247
11006,IND,ESP,1884007683.45423
11007,IND,EST,33197320.7417321
11008,IND,ETH,742509144.367919
11009,IND,FIN,201098565.792995
11010,IND,FJI,23725888.526993
11011,IND,FRA,2211254441.32099
11012,IND,FRO,130853.851004189
11013,IND,FSM,314525.039894396
11014,IND,GAB,39736714.048738
11015,IND,GBR,3884750198.5139
11016,IND,GEO,49348472.2975729
11017,IND,GHA,374671615.338872
11018,IND,GIB,131765712.345382
11019,IND,GIN,227061338.931468
11020,IND,GMB,58193408.6263602
11021,IND,GNB,5861807.26329564
11022,IND,GNQ,6948914.15714224
11023,IND,GRC,237125617.663087
11024,IND,GRD,1185658.05329206
11025,IND,GRL,556230.04401149
11026,IND,GTM,150369359.453288
11027,IND,GUY,12144120.0224666
11028,IND,HKG,4769839015.17483
11029,IND,HND,69562095.820691
11030,IND,HRV,68734954.5676226
11031,IND,HTI,44753212.735394
11032,IND,HUN,239221528.400137
11033,IND,IDN,2182399280.10924
11034,IND,IRL,298369584.179074
11035,IND,IRN,1122137917.28924
11036,IND,IRQ,729154525.669071
11037,IND,ISL,14061406.2178534
11038,IND,ISR,1299945264.38162
11039,IND,ITA,2395764859.3856
11040,IND,JAM,31678213.5807766
11041,IND,JOR,306896481.555795
11042,IND,JPN,2363909215.87536
11043,IND,KAZ,128630445.831906
11044,IND,KEN,993142133.963913
11045,IND,KGZ,20283474.8637132
11046,IND,KHM,72038728.6570766
11047,IND,KIR,399224.765589097
11048,IND,KNA,556343.763041378
11049,IND,KOR,2450956180.40335
11050,IND,KWT,682154975.288742
11051,IND,LAO,17795878.8342821
11052,IND,LBN,84654130.2186338
11053,IND,LBR,108347943.853715
11054,IND,LBY,71179888.0330055
11055,IND,LCA,1755373.85802967
11056,IND,LKA,1612456108.89218
11057,IND,LSO,24186080.4889421
11058,IND,LTU,67049026.3384705
11059,IND,LUX,20001325.9171471
11060,IND,LVA,49331919.9334622
11061,IND,MAC,7052210.09873735
11062,IND,MAR,334741777.44838
11063,IND,MDA,19780886.6936971
11064,IND,MDG,156157548.51258
11065,IND,MDV,120975620.951019
11066,IND,MEX,2127379894.82087
11067,IND,MHL,3284340.5968599
11068,IND,MKD,25375115.593274
11069,IND,MLI,84130394.9511823
11070,IND,MLT,157974715.67846
11071,IND,MMR,418913596.303247
11072,IND,MNE,10582421.1631185
11073,IND,MNG,17308282.4485807
11074,IND,MNP,128629.154934396
11075,IND,MOZ,722388554.006912
11076,IND,MRT,41075164.7026183
11077,IND,MSR,39379.508763515
11078,IND,MUS,201481296.003969
11079,IND,MWI,103663881.374513
11080,IND,MYS,3097752968.10129
11081,IND,NAM,87450378.6817782
11082,IND,NCL,5854954.67987491
11083,IND,NER,62421203.5361575
11084,IND,NGA,2202558529.25653
11085,IND,NIC,89812312.8101082
11086,IND,NIU,1766.68569147645
11087,IND,NLD,3131353245.11196
11088,IND,NOR,285985384.445453
11089,IND,NPL,3129338343.2736
11090,IND,NRU,36382.0566195936
11091,IND,NZL,240136130.70088
11092,IND,OMN,1154454779.89409
11093,IND,PAK,141225967.926904
11094,IND,PAN,77442348.3706651
11095,IND,PER,411069917.475292
11096,IND,PHL,861730540.181999
11097,IND,PLW,106508.474307221
11098,IND,PNG,29362624.215407
11099,IND,POL,1046560703.14466
11100,IND,PRK,2168944.19649415
11101,IND,PRT,414705983.608299
11102,IND,PRY,117463968.989054
11103,IND,PSE,33592761.352727
11104,IND,PYF,5020695.98576719
11105,IND,QAT,671188866.151789
11106,IND,ROU,178707764.540153
11107,IND,RUS,1729392234.14868
11108,IND,RWA,153222446.493307
11109,IND,SAU,3271512451.36582
11110,IND,SDN,523447343.672429
11111,IND,SEN,289165804.895105
11112,IND,SGP,4148514384.10053
11113,IND,SHN,85231.980546633
11114,IND,SLB,769790.138614464
11115,IND,SLE,62348753.8650406
11116,IND,SLV,48852319.5119791
11117,IND,SOM,272048239.624657
11118,IND,SRB,90489243.7612291
11119,IND,STP,671826.854986033
11120,IND,SUR,14026652.0213174
11121,IND,SVK,160428104.930879
11122,IND,SVN,161682296.210167
11123,IND,SWE,352600600.265076
11124,IND,SWZ,27178117.5814505
11125,IND,SYC,39192816.2096919
11126,IND,SYR,61882204.0229319
11127,IND,TCA,78060.9480335447
11128,IND,TCD,30920204.1291123
11129,IND,TGO,598328627.538907
11130,IND,THA,2146311467.67881
11131,IND,TJK,22419930.9117519
11132,IND,TKM,22154342.2782208
11133,IND,TLS,8171098.19589718
11134,IND,TON,322349.15400999
11135,IND,TTO,35593239.4172761
11136,IND,TUN,143191269.27163
11137,IND,TUR,2415645523.15552
11138,IND,TUV,1262.18105750954
11139,IND,TZA,706030023.511345
11140,IND,UGA,479671348.153529
11141,IND,UKR,360190459.014513
11142,IND,URY,70236718.3999853
11143,IND,USA,26790136339.2712
11144,IND,UZB,210258575.48842
11145,IND,VCT,723247.653788222
11146,IND,VEN,379324137.664616
11147,IND,VGB,173975.326648896
11148,IND,VNM,2250819235.66572
11149,IND,VUT,1030504.96876156
11150,IND,WLF,11537.4080554424
11151,IND,WSM,1039209.19694125
11152,IND,YEM,395469942.762149
11153,IND,ZAF,1791369865.12573
11154,IND,ZMB,142670768.460198
11155,IND,ZWE,83433905.0055849
11156,IRL,ABW,57997.0493263444
11157,IRL,AFG,4292563.66096406
11158,IRL,AGO,12582978.1852823
11159,IRL,AIA,1727.41868544838
11160,IRL,ALB,6680844.41346686
11161,IRL,AND,398455.076257387
11162,IRL,ARE,314544519.715705
11163,IRL,ARG,126722815.984694
11164,IRL,ARM,4768675.30886076
11165,IRL,ATG,133192.088060768
11166,IRL,AUS,693860888.55359
11167,IRL,AUT,378023364.808537
11168,IRL,AZE,11870656.2444661
11169,IRL,BDI,238119.231048379
11170,IRL,BEL,10215220238.7026
11171,IRL,BEN,8448782.35959777
11172,IRL,BFA,5715231.63675543
11173,IRL,BGD,9532856.30870815
11174,IRL,BGR,105684160.112046
11175,IRL,BHR,53527829.2816826
11176,IRL,BHS,9596095.02247283
11177,IRL,BIH,17547335.9302989
11178,IRL,BLR,22435981.4573789
11179,IRL,BLZ,286041.169322241
11180,IRL,BMU,1340921.41952032
11181,IRL,BOL,1693185.77810969
11182,IRL,BRA,293316203.512774
11183,IRL,BRB,1372646.79981954
11184,IRL,BRN,932647.431733
11185,IRL,BWA,1621650.88744919
11186,IRL,CAF,135960.52026196
11187,IRL,CAN,1195043961.62109
11188,IRL,CHE,2441305134.52149
11189,IRL,CHL,83387172.5917794
11190,IRL,CHN,7024305938.00536
11191,IRL,CIV,18724701.2650324
11192,IRL,CMR,19858283.8105258
11193,IRL,COD,33153327.1074493
11194,IRL,COG,6448477.2019071
11195,IRL,COL,100324057.410856
11196,IRL,COM,240542.193615895
11197,IRL,CPV,1599347.36155757
11198,IRL,CRI,33516789.7409944
11199,IRL,CUB,578695.492102355
11200,IRL,CYM,274961.159997043
11201,IRL,CYP,15391296.3123343
11202,IRL,CZE,390517381.145321
11203,IRL,DEU,12073456893.6727
11204,IRL,DJI,146814.580887936
11205,IRL,DMA,63127.8934365304
11206,IRL,DNK,387960137.406091
11207,IRL,DOM,18975234.600873
11208,IRL,DZA,69530181.3116062
11209,IRL,ECU,10906110.804643
11210,IRL,EGY,175288361.675986
11211,IRL,ERI,24503.1803991789
11212,IRL,ESP,1577264022.75386
11213,IRL,EST,17864847.6307248
11214,IRL,ETH,15208949.0174415
11215,IRL,FIN,319121191.59705
11216,IRL,FJI,77166.0028790395
11217,IRL,FRA,4322411030.6475
11218,IRL,FRO,405941.642657098
11219,IRL,GAB,5002748.17233653
11220,IRL,GBR,8692642407.19568
11221,IRL,GEO,5441141.72417598
11222,IRL,GHA,36027078.718091
11223,IRL,GIB,40902068.0441835
11224,IRL,GIN,5923953.95069504
11225,IRL,GMB,2531996.85278915
11226,IRL,GNQ,838153.871079075
11227,IRL,GRC,1008792930.12576
11228,IRL,GRD,120412.610816636
11229,IRL,GRL,3141.79958854794
11230,IRL,GTM,10558415.5541749
11231,IRL,GUY,1726688.49767948
11232,IRL,HKG,408342615.693737
11233,IRL,HND,8964275.01862169
11234,IRL,HRV,53439798.0754801
11235,IRL,HTI,1718172.50706964
11236,IRL,HUN,258123620.849252
11237,IRL,IDN,66782695.7163137
11238,IRL,IND,209077993.569493
11239,IRL,IRL,52701441.4255017
11240,IRL,IRN,33350418.1996223
11241,IRL,IRQ,84392727.6049833
11242,IRL,ISL,31463057.0932078
11243,IRL,ISR,608273755.112591
11244,IRL,ITA,2955005957.88746
11245,IRL,JAM,3898503.15157378
11246,IRL,JOR,66657071.8514206
11247,IRL,JPN,3252709542.2717
11248,IRL,KAZ,43150350.6849763
11249,IRL,KEN,19003345.0190373
11250,IRL,KGZ,723289.598942594
11251,IRL,KHM,5258318.9001638
11252,IRL,KNA,89094.5816317865
11253,IRL,KOR,572790081.479757
11254,IRL,KWT,104691500.441635
11255,IRL,LAO,22411.5055320778
11256,IRL,LBN,78090164.1063735
11257,IRL,LBR,2132161.24332275
11258,IRL,LBY,30208484.1595255
11259,IRL,LCA,263936.470564066
11260,IRL,LKA,8778516.0498073
11261,IRL,LSO,127246.702760824
11262,IRL,LTU,64083107.6813934
11263,IRL,LUX,89901419.0505625
11264,IRL,LVA,49856645.2921019
11265,IRL,MAC,22562965.7031023
11266,IRL,MAR,71934186.7453485
11267,IRL,MDA,3769287.49515505
11268,IRL,MDG,723570.664484882
11269,IRL,MDV,432710.812122564
11270,IRL,MEX,920549300.933922
11271,IRL,MKD,13900525.5802573
11272,IRL,MLI,26896935.9950696
11273,IRL,MLT,47400276.1247852
11274,IRL,MMR,9864412.20004871
11275,IRL,MNE,3274431.8920922
11276,IRL,MNG,5702495.13441496
11277,IRL,MNP,34089.6681623601
11278,IRL,MOZ,2671358.06531418
11279,IRL,MRT,1579971.02630048
11280,IRL,MSR,89005.4650578307
11281,IRL,MUS,6540339.17848897
11282,IRL,MWI,3904760.3388569
11283,IRL,MYS,293311691.839557
11284,IRL,NAM,17904335.2906703
11285,IRL,NCL,1618041.06905942
11286,IRL,NER,10679282.4714731
11287,IRL,NGA,227062202.703575
11288,IRL,NIC,2335914.7843875
11289,IRL,NLD,5156330185.22465
11290,IRL,NOR,258396353.360223
11291,IRL,NPL,2067135.50644317
11292,IRL,NRU,621039.524538239
11293,IRL,NZL,86219833.7804679
11294,IRL,OMN,42152448.8705116
11295,IRL,PAK,28377105.0956305
11296,IRL,PAN,21262994.9927125
11297,IRL,PER,30195980.6115802
11298,IRL,PHL,108235486.394237
11299,IRL,PNG,687184.688416441
11300,IRL,POL,718418081.111905
11301,IRL,PRT,267128977.154616
11302,IRL,PRY,4202111.77624697
11303,IRL,PSE,13905738.7422955
11304,IRL,PYF,4912947.03265629
11305,IRL,QAT,78884589.1162678
11306,IRL,ROU,260813737.946383
11307,IRL,RUS,774976544.190353
11308,IRL,RWA,686498.452287659
11309,IRL,SAU,531562274.981558
11310,IRL,SDN,9442599.26165871
11311,IRL,SEN,34026866.8619874
11312,IRL,SGP,586349607.484981
11313,IRL,SLE,822155.827162089
11314,IRL,SLV,8825404.11479397
11315,IRL,SMR,49181.730753128
11316,IRL,SOM,4359843.87112211
11317,IRL,SRB,67011911.2063829
11318,IRL,STP,32092.0545662612
11319,IRL,SUR,914765.923353926
11320,IRL,SVK,152154054.041482
11321,IRL,SVN,99213210.8344433
11322,IRL,SWE,840720299.59682
11323,IRL,SWZ,8951662.42027676
11324,IRL,SYC,1380778.81247334
11325,IRL,SYR,2718209.02981932
11326,IRL,TCA,63544.8958873643
11327,IRL,TCD,2656430.96765927
11328,IRL,TGO,12965015.8741051
11329,IRL,THA,157944952.487681
11330,IRL,TJK,468312.372294185
11331,IRL,TKL,1194966.33620549
11332,IRL,TKM,874554.760757906
11333,IRL,TON,114.818296006262
11334,IRL,TTO,15444534.1220111
11335,IRL,TUN,23329513.9999093
11336,IRL,TUR,458607806.945967
11337,IRL,TZA,14702500.2178176
11338,IRL,UGA,17510021.4184442
11339,IRL,UKR,104506493.818954
11340,IRL,URY,26689123.089786
11341,IRL,USA,32897510077.9956
11342,IRL,UZB,16370695.2104853
11343,IRL,VCT,403944.059568385
11344,IRL,VEN,492339.41742725
11345,IRL,VGB,40164009.0517641
11346,IRL,VNM,2044797482.32948
11347,IRL,YEM,5572639.06346026
11348,IRL,ZAF,199876144.44029
11349,IRL,ZMB,23360460.7952233
11350,IRL,ZWE,5037867.25670708
11351,IRN,AFG,873622486.566529
11352,IRN,ALB,1720349.47408486
11353,IRN,AND,3578.22624172697
11354,IRN,ARE,603267232.098915
11355,IRN,ARG,420390.215967536
11356,IRN,ARM,158077391.556946
11357,IRN,AUS,11262533.5119141
11358,IRN,AUT,7417942.99488333
11359,IRN,AZE,153697626.68321
11360,IRN,BDI,24071.99851569
11361,IRN,BEL,12117660.5269691
11362,IRN,BEN,548700.833288146
11363,IRN,BFA,759905.64620826
11364,IRN,BGD,13314677.8091818
11365,IRN,BGR,17157247.0448868
11366,IRN,BHR,6049184.82845102
11367,IRN,BIH,3403245.70122896
11368,IRN,BLR,10470675.8135323
11369,IRN,BLZ,2684.22981689673
11370,IRN,BMU,2402.6216432447
11371,IRN,BOL,19969.884447579
11372,IRN,BRA,61470231.6383112
11373,IRN,BRN,510399.330995884
11374,IRN,BWA,2847.42532439253
11375,IRN,CAN,13008101.5910931
11376,IRN,CHE,7069156.38571156
11377,IRN,CHL,467832.044012997
11378,IRN,CHN,4746715914.27883
11379,IRN,CIV,5328853.54567804
11380,IRN,CMR,10832534.9148833
11381,IRN,COG,107703.728662652
11382,IRN,COL,526241.106082232
11383,IRN,CPV,95162.0764928567
11384,IRN,CRI,85.0505896342679
11385,IRN,CYP,249213.25576652
11386,IRN,CZE,4702931.01802868
11387,IRN,DEU,153759729.655027
11388,IRN,DNK,4195961.15376179
11389,IRN,DOM,1261.29534308968
11390,IRN,DZA,61810696.0602904
11391,IRN,ECU,133767.484356678
11392,IRN,EGY,6426654.85050152
11393,IRN,ESP,36486824.9181271
11394,IRN,EST,653998.799547216
11395,IRN,ETH,170021.68502402
11396,IRN,FIN,2509778.61754528
11397,IRN,FJI,40079.9253251947
11398,IRN,FRA,9602140.98712172
11399,IRN,GAB,386431.398982533
11400,IRN,GBR,7378392.70377564
11401,IRN,GEO,22622391.3447722
11402,IRN,GHA,88906977.7153344
11403,IRN,GIN,2414.58453930522
11404,IRN,GRC,4911813.50224342
11405,IRN,GRD,222.461354981576
11406,IRN,GTM,18964.5910792158
11407,IRN,GUY,38509.597669428
11408,IRN,HKG,53101584.6984494
11409,IRN,HRV,1184373.72137212
11410,IRN,HUN,1763142.83379699
11411,IRN,IDN,333808194.093572
11412,IRN,IND,484714440.020046
11413,IRN,IRL,475880.386411323
11414,IRN,ISL,250100.774623216
11415,IRN,ITA,63333081.1097798
11416,IRN,JAM,243605.118609936
11417,IRN,JOR,26351768.7537178
11418,IRN,JPN,16947950.4059107
11419,IRN,KAZ,83789629.3722969
11420,IRN,KEN,22772887.6589595
11421,IRN,KGZ,22889475.7424081
11422,IRN,KHM,23285.6371478979
11423,IRN,KOR,23158606.3954158
11424,IRN,KWT,115021540.709143
11425,IRN,LBN,11823664.3543447
11426,IRN,LBY,1976248.42387037
11427,IRN,LKA,33921002.3305704
11428,IRN,LTU,1329752.91577178
11429,IRN,LUX,208088.852586911
11430,IRN,LVA,332269.32755413
11431,IRN,MAC,1552131.25065528
11432,IRN,MAR,5991096.86411534
11433,IRN,MDA,1078162.00890706
11434,IRN,MDG,18626.6607707123
11435,IRN,MDV,28980.8643878507
11436,IRN,MEX,1418055.29262116
11437,IRN,MKD,4437634.27316001
11438,IRN,MLI,134620.589882357
11439,IRN,MLT,54923.2266941276
11440,IRN,MNE,314471.019316721
11441,IRN,MOZ,9395533.53566263
11442,IRN,MRT,216096.81420958
11443,IRN,MUS,260437.828088527
11444,IRN,MWI,12127.5524216673
11445,IRN,MYS,40919558.0892944
11446,IRN,NER,1178521.65866435
11447,IRN,NGA,8622534.90281372
11448,IRN,NIC,60563.8867240733
11449,IRN,NLD,21698359.5912821
11450,IRN,NOR,3122614.91168884
11451,IRN,NZL,1021340.59918767
11452,IRN,OMN,155235472.975664
11453,IRN,PAK,345031175.030326
11454,IRN,PAN,10156.4587456939
11455,IRN,PER,414860.657333783
11456,IRN,PHL,261402.28207021
11457,IRN,POL,17545169.9559449
11458,IRN,PRT,655065.78535051
11459,IRN,PRY,27628.1884227088
11460,IRN,PYF,22448.7555498194
11461,IRN,QAT,80753412.8440256
11462,IRN,ROU,17344130.7969965
11463,IRN,RUS,398493462.050085
11464,IRN,RWA,742310.693700611
11465,IRN,SDN,4192913.54947669
11466,IRN,SEN,8866881.86301379
11467,IRN,SGP,2478176.47908129
11468,IRN,SLV,192404.263553249
11469,IRN,SRB,8303380.13962392
11470,IRN,SUR,133290.392859073
11471,IRN,SVK,3354858.72837632
11472,IRN,SVN,2068971.64094729
11473,IRN,SWE,7059073.19620339
11474,IRN,SWZ,175691.402588414
11475,IRN,SYC,33823.6882721108
11476,IRN,SYR,55817505.1872429
11477,IRN,TGO,178031.599119357
11478,IRN,THA,245614784.123647
11479,IRN,TTO,73550.5861339785
11480,IRN,TUN,1220483.99819738
11481,IRN,TUR,886150623.964575
11482,IRN,TZA,7014956.7291843
11483,IRN,UGA,1341136.67163004
11484,IRN,UKR,25266996.3090108
11485,IRN,URY,28691.9459444781
11486,IRN,USA,1958075.52444934
11487,IRN,VCT,266.574534204736
11488,IRN,VEN,7326847.23379219
11489,IRN,VNM,24705044.7678998
11490,IRN,YEM,391561.791983511
11491,IRN,ZAF,18929626.1146556
11492,IRN,ZMB,18895.7064031376
11493,IRN,ZWE,716.948563861018
11494,IRQ,AGO,2510.95787002687
11495,IRQ,ARE,641277078.327562
11496,IRQ,ARM,1142270.4837295
11497,IRQ,AUS,59485.9162615371
11498,IRQ,AUT,149261754.95874
11499,IRQ,AZE,23310.7532281721
11500,IRQ,BEL,2305742.94868108
11501,IRQ,BGR,9871.3932350659
11502,IRQ,BHR,83093.5058499058
11503,IRQ,BRA,53481858.2576995
11504,IRQ,CAN,184966.676510799
11505,IRQ,CHE,164280.681202156
11506,IRQ,CHL,372.190102351065
11507,IRQ,CHN,9654219486.14452
11508,IRQ,COL,196.607596125035
11509,IRQ,CRI,328.939631978423
11510,IRQ,CYP,1613.17152770721
11511,IRQ,CZE,25454.1621194031
11512,IRQ,DEU,228921813.315959
11513,IRQ,DNK,20130.7428893018
11514,IRQ,EGY,162100114.515509
11515,IRQ,ESP,496403995.150303
11516,IRQ,ETH,6017387.58075364
11517,IRQ,FIN,53092.9856167243
11518,IRQ,FRA,132520155.536701
11519,IRQ,GBR,45568941.7507091
11520,IRQ,GEO,4490617.55471882
11521,IRQ,GRC,1142043602.05042
11522,IRQ,HKG,259992.911880138
11523,IRQ,HRV,3727.40235531106
11524,IRQ,HUN,17995064.8696135
11525,IRQ,IDN,12147734.3074377
11526,IRQ,IND,8088432242.32559
11527,IRQ,IRL,7337.53032002751
11528,IRQ,ITA,1271136860.82128
11529,IRQ,JOR,30782343.6764015
11530,IRQ,JPN,90599616.7420828
11531,IRQ,KAZ,22423.8285153107
11532,IRQ,KEN,574825.051619386
11533,IRQ,KHM,7291.76524090101
11534,IRQ,KOR,2134653604.6908
11535,IRQ,KWT,189286.323740841
11536,IRQ,LBN,3367948.336199
11537,IRQ,LKA,6015848.18108514
11538,IRQ,LUX,970.633477657404
11539,IRQ,LVA,900.268443203782
11540,IRQ,MAR,462103.492205603
11541,IRQ,MKD,529752.491142584
11542,IRQ,MYS,150945759.078591
11543,IRQ,NGA,782540.12171845
11544,IRQ,NLD,383232936.796712
11545,IRQ,NOR,5660.96244489457
11546,IRQ,NZL,51083.7161989036
11547,IRQ,OMN,72341385.4568255
11548,IRQ,PAK,20028927.7431878
11549,IRQ,PHL,15116.6595453686
11550,IRQ,POL,2588.62667262713
11551,IRQ,PRT,2843.0427634319
11552,IRQ,QAT,18972693.5612206
11553,IRQ,ROU,72003507.3014475
11554,IRQ,RUS,195590.164818235
11555,IRQ,SAU,5571887.2749621
11556,IRQ,SEN,22754.2019944048
11557,IRQ,SGP,899540581.491991
11558,IRQ,SVK,4681.28127690979
11559,IRQ,SVN,25.0060536382065
11560,IRQ,SWE,107568.587946854
11561,IRQ,SYC,182.159098332879
11562,IRQ,THA,25055.0825074538
11563,IRQ,TUN,23162.5823579443
11564,IRQ,TUR,4101820436.02652
11565,IRQ,UGA,413373.572329973
11566,IRQ,UKR,1144565.92942685
11567,IRQ,USA,1633689232.27487
11568,IRQ,ZAF,328013.428756749
11569,ISL,ABW,858.039220061725
11570,ISL,AGO,273701.766614393
11571,ISL,ALB,552406.436366137
11572,ISL,AND,5656.90096166265
11573,ISL,ARE,1035936.24410222
11574,ISL,ARG,508161.899342974
11575,ISL,ARM,214564.063150615
11576,ISL,ATG,971946.33748358
11577,ISL,AUS,6844655.81406233
11578,ISL,AUT,31792182.5556734
11579,ISL,AZE,1641545.12658403
11580,ISL,BDI,6504.16207248524
11581,ISL,BEL,38294599.9482945
11582,ISL,BEN,700307.909876548
11583,ISL,BFA,4285.28441125301
11584,ISL,BGD,198979.277277992
11585,ISL,BGR,1540677.19777903
11586,ISL,BHR,57194.4060169073
11587,ISL,BHS,4921.79100116528
11588,ISL,BIH,191706.719687011
11589,ISL,BLR,15240339.4866631
11590,ISL,BMU,213849.620193329
11591,ISL,BOL,11890.583554607
11592,ISL,BRA,4321760.24157399
11593,ISL,BRB,363157.19060139
11594,ISL,BRN,3635.02499196079
11595,ISL,BWA,9013.45854030838
11596,ISL,CAF,403939.928568324
11597,ISL,CAN,33041160.2983332
11598,ISL,CHE,13232607.5425447
11599,ISL,CHL,2403386.56242162
11600,ISL,CHN,52335529.7465747
11601,ISL,CIV,246422.015543805
11602,ISL,CMR,93357.1905536004
11603,ISL,COD,788.145299658647
11604,ISL,COG,6195.91995110316
11605,ISL,COL,422516.195639381
11606,ISL,CRI,121349.877216561
11607,ISL,CUB,72145.1303915435
11608,ISL,CYP,2035810.45355797
11609,ISL,CZE,39663897.1102105
11610,ISL,DEU,242262060.168071
11611,ISL,DJI,112741.829320862
11612,ISL,DNK,63423553.5489728
11613,ISL,DOM,53954.9367838172
11614,ISL,DZA,74.3635024303712
11615,ISL,ECU,64131.3773668523
11616,ISL,EGY,4237735.36175064
11617,ISL,ESP,395703618.687531
11618,ISL,EST,2197657.50060916
11619,ISL,ETH,63611.0894119501
11620,ISL,FIN,7945657.42963914
11621,ISL,FJI,30546.1013112178
11622,ISL,FRA,184690575.070255
11623,ISL,FRO,27975290.684122
11624,ISL,GAB,128411.943350316
11625,ISL,GBR,272597077.887715
11626,ISL,GEO,2759787.64845854
11627,ISL,GHA,506613.986113446
11628,ISL,GIB,137842.968978149
11629,ISL,GIN,311202.563566374
11630,ISL,GRC,2858321.35317845
11631,ISL,GRD,325.819876726521
11632,ISL,GRL,7795032.18273886
11633,ISL,GTM,1676.40583590536
11634,ISL,GUY,15709.1959906845
11635,ISL,HKG,9742895.98706444
11636,ISL,HRV,22008.3279280583
11637,ISL,HUN,18806034.1946699
11638,ISL,IDN,1550662.39506457
11639,ISL,IND,2673454.27627942
11640,ISL,IRL,10848388.9189301
11641,ISL,IRN,1542850.50390799
11642,ISL,ISR,1679906.68341471
11643,ISL,ITA,18205304.0812742
11644,ISL,JAM,4779.7816225539
11645,ISL,JOR,36341.9038991457
11646,ISL,JPN,45589317.796483
11647,ISL,KAZ,1482796.29056917
11648,ISL,KEN,669569.538019148
11649,ISL,KGZ,4964.20176825675
11650,ISL,KHM,17068.0419495011
11651,ISL,KOR,6928536.30793173
11652,ISL,KWT,353126.987420515
11653,ISL,LAO,260318.259642572
11654,ISL,LBN,4781.65757669784
11655,ISL,LBR,46915.4476156506
11656,ISL,LCA,4569.12112440527
11657,ISL,LKA,55918.569153506
11658,ISL,LTU,27034227.088946
11659,ISL,LUX,9571115.04214663
11660,ISL,LVA,9201337.27829114
11661,ISL,MAC,383153.435430472
11662,ISL,MAR,363697.021787452
11663,ISL,MDA,2257187.93564811
11664,ISL,MDG,55.8605231013167
11665,ISL,MEX,9687517.72121129
11666,ISL,MKD,61486.7951481201
11667,ISL,MLT,484706.072994499
11668,ISL,MNE,12987.4876007159
11669,ISL,MOZ,12303.9431235469
11670,ISL,MRT,9254.0282790926
11671,ISL,MSR,95.4286020151963
11672,ISL,MUS,54906.6546822605
11673,ISL,MWI,3699.55561397955
11674,ISL,MYS,293426.258155562
11675,ISL,NAM,104542.172291245
11676,ISL,NER,2237.15908692605
11677,ISL,NGA,55509704.5592406
11678,ISL,NIC,96517.9812396444
11679,ISL,NLD,549734909.21639
11680,ISL,NOR,107908202.637624
11681,ISL,NPL,19946.7538479636
11682,ISL,NZL,1584183.84516878
11683,ISL,OMN,171340.821369659
11684,ISL,PAK,67500.588008639
11685,ISL,PAN,106286.230504906
11686,ISL,PER,97984.5507769291
11687,ISL,PHL,138934.634256021
11688,ISL,PNG,43114.7910264485
11689,ISL,POL,125229015.805228
11690,ISL,PRT,51060185.080828
11691,ISL,PYF,72152.8077501315
11692,ISL,QAT,37766.2367114722
11693,ISL,ROU,855715.182942765
11694,ISL,RUS,15983144.5100345
11695,ISL,RWA,21321.5866769922
11696,ISL,SAU,285843.458459029
11697,ISL,SEN,2921427.26729408
11698,ISL,SGP,1801494.45922341
11699,ISL,SLE,616.44273271512
11700,ISL,SLV,63995.5024733195
11701,ISL,SMR,62462.2732986093
11702,ISL,SRB,365215.413870297
11703,ISL,SVK,3733280.73789052
11704,ISL,SVN,985737.479138421
11705,ISL,SWE,16491008.444244
11706,ISL,SWZ,52.6427441191523
11707,ISL,SYC,135.743361690713
11708,ISL,TGO,360095.369874677
11709,ISL,THA,2789699.26516935
11710,ISL,TTO,2624.67139858339
11711,ISL,TUN,524314.904774113
11712,ISL,TUR,12984991.9965628
11713,ISL,TZA,4399.60008558114
11714,ISL,UGA,106296.232926361
11715,ISL,UKR,45265597.1934632
11716,ISL,URY,224156.760417036
11717,ISL,USA,226714825.691149
11718,ISL,VCT,5185.7749082131
11719,ISL,VEN,249212.740641815
11720,ISL,VNM,2486925.81568114
11721,ISL,ZAF,1133896.93660337
11722,ISL,ZMB,17920.329277105
11723,ISL,ZWE,49121.2066010231
11724,ISR,ABW,402597.463575124
11725,ISR,AFG,80519.4927150249
11726,ISR,AGO,5670886.59040027
11727,ISR,AIA,10002.4214552826
11728,ISR,ALB,27594680.3108336
11729,ISR,AND,8669.24721125203
11730,ISR,ARE,36963948.4879968
11731,ISR,ARG,65395940.7060811
11732,ISR,ARM,4377971.65462117
11733,ISR,ATG,198150.193067559
11734,ISR,AUS,269705206.112918
11735,ISR,AUT,92478965.6513493
11736,ISR,AZE,99709638.3980573
11737,ISR,BDI,21921.2318432364
11738,ISR,BEL,729333562.106949
11739,ISR,BEN,754682.698801071
11740,ISR,BFA,1263305.82980219
11741,ISR,BGD,30507.3854386119
11742,ISR,BGR,37034722.9060569
11743,ISR,BHR,36008.7172390173
11744,ISR,BHS,52012.5915674695
11745,ISR,BIH,2380519.27255012
11746,ISR,BLR,25833854.0378457
11747,ISR,BLZ,345216.60742108
11748,ISR,BMU,76300.2863003897
11749,ISR,BOL,1960989.65492217
11750,ISR,BRA,534333723.198888
11751,ISR,BRB,225054.482743858
11752,ISR,BRN,77849.3213014835
11753,ISR,BTN,5501.33180040543
11754,ISR,BWA,19861602.243375
11755,ISR,CAF,358586.809171881
11756,ISR,CAN,467325576.557857
11757,ISR,CHE,222618893.119497
11758,ISR,CHL,76207448.8256525
11759,ISR,CHN,3143558416.83724
11760,ISR,CIV,3886440.85645005
11761,ISR,CMR,3690393.39592651
11762,ISR,COD,581898.32046517
11763,ISR,COG,388594.073537729
11764,ISR,COL,39221826.5457144
11765,ISR,CPV,2893.31643402937
11766,ISR,CRI,15780125.0166731
11767,ISR,CUB,2708655.73009053
11768,ISR,CYM,171041.406885332
11769,ISR,CYP,158351834.906088
11770,ISR,CZE,116642834.703193
11771,ISR,DEU,1239006236.29973
11772,ISR,DJI,3633879.71470417
11773,ISR,DMA,433604.9700865
11774,ISR,DNK,49276929.2994497
11775,ISR,DOM,14421991.3752992
11776,ISR,ECU,12393665.121568
11777,ISR,EGY,45742073.5571528
11778,ISR,ESP,437479908.158277
11779,ISR,EST,7061329.30037668
11780,ISR,ETH,8554070.82855767
11781,ISR,FIN,31917520.8844418
11782,ISR,FJI,184044.5547772
11783,ISR,FRA,579473282.895323
11784,ISR,GAB,600645.40838972
11785,ISR,GBR,1856778501.76633
11786,ISR,GEO,11653821.2375497
11787,ISR,GHA,16616022.5215154
11788,ISR,GIB,7868404.83779805
11789,ISR,GIN,246059.567799952
11790,ISR,GMB,78519.0084239683
11791,ISR,GNB,35008.4750934891
11792,ISR,GNQ,318077.002277986
11793,ISR,GRC,162311793.560234
11794,ISR,GRD,1275.30873554853
11795,ISR,GRL,4501.08965487717
11796,ISR,GTM,13799315.6336542
11797,ISR,GUY,5209761.21498394
11798,ISR,HKG,684105579.992104
11799,ISR,HND,6731364.41019666
11800,ISR,HRV,12963118.7013244
11801,ISR,HTI,175042.375467445
11802,ISR,HUN,103251094.238151
11803,ISR,IDN,28275388.1012779
11804,ISR,IND,876451081.647367
11805,ISR,IRL,99017970.9544245
11806,ISR,ISL,2500244.53746931
11807,ISR,ITA,417336593.81059
11808,ISR,JAM,2698965.04910353
11809,ISR,JOR,191102199.237025
11810,ISR,JPN,616850651.608944
11811,ISR,KAZ,61141801.6297059
11812,ISR,KEN,20921563.6246484
11813,ISR,KGZ,2237081.56815977
11814,ISR,KHM,1979324.2284824
11815,ISR,KIR,2500.60536382065
11816,ISR,KNA,12503.0268191032
11817,ISR,KOR,539004158.850214
11818,ISR,LAO,212551.455924755
11819,ISR,LBR,241058.35707231
11820,ISR,LCA,27903.275017572
11821,ISR,LKA,33570838.8790831
11822,ISR,LSO,124063.317104834
11823,ISR,LTU,19882813.3688107
11824,ISR,LUX,20731422.3554364
11825,ISR,LVA,12168445.821424
11826,ISR,MAC,5340552.95445174
11827,ISR,MAR,6121982.05170571
11828,ISR,MDA,4948158.38436355
11829,ISR,MDG,2560619.89255234
11830,ISR,MDV,115040.680842719
11831,ISR,MEX,326357902.475511
11832,ISR,MKD,4366228.9218593
11833,ISR,MLI,2578624.25117185
11834,ISR,MLT,74367003.2778805
11835,ISR,MMR,1942479.65889447
11836,ISR,MNE,1251176.19037529
11837,ISR,MNG,1145348.06877255
11838,ISR,MOZ,1125272.41371929
11839,ISR,MRT,5501.33180040543
11840,ISR,MSR,3000.72643658478
11841,ISR,MUS,2683649.67645232
11842,ISR,MWI,617149.403790936
11843,ISR,MYS,3512850.41509525
11844,ISR,NAM,1695507.22310113
11845,ISR,NCL,65515.860532101
11846,ISR,NER,2215536.35234509
11847,ISR,NGA,41916510.0948229
11848,ISR,NIC,3656306.17885753
11849,ISR,NLD,1231720683.45177
11850,ISR,NOR,70229467.8072117
11851,ISR,NPL,3983434.6973891
11852,ISR,NZL,50846517.0130861
11853,ISR,PAK,163539.59079387
11854,ISR,PAN,3661671.94283874
11855,ISR,PER,36039801.6341424
11856,ISR,PHL,99342108.4238622
11857,ISR,PNG,643155.699574671
11858,ISR,POL,196508692.681806
11859,ISR,PRT,40919747.2360844
11860,ISR,PRY,8942350.82606171
11861,ISR,PSE,1671739705.82636
11862,ISR,PYF,525975.099685566
11863,ISR,ROU,78288795.6724752
11864,ISR,RUS,413942803.88348
11865,ISR,RWA,8583577.97185075
11866,ISR,SEN,4221530.78083375
11867,ISR,SGP,294115526.535413
11868,ISR,SLB,18504.4796922728
11869,ISR,SLE,98023.7302617694
11870,ISR,SLV,3330913.62057921
11871,ISR,SRB,19367228.5524767
11872,ISR,SUR,61514.8919499879
11873,ISR,SVK,28240384.9229666
11874,ISR,SVN,163316536.795418
11875,ISR,SWE,89947810.6783682
11876,ISR,SWZ,955814.790247189
11877,ISR,SYC,389546.916708586
11878,ISR,TCA,16503.9954012163
11879,ISR,TCD,513124.220655997
11880,ISR,TGO,2564120.74006169
11881,ISR,THA,214367935.028565
11882,ISR,TJK,230703.850381802
11883,ISR,TKM,560635.722568589
11884,ISR,TTO,7221691.60049007
11885,ISR,TUN,332580.513388146
11886,ISR,TUR,748311246.855971
11887,ISR,TUV,9002.17930975433
11888,ISR,TZA,7138228.07156242
11889,ISR,UGA,4691635.7836003
11890,ISR,UKR,85322577.4089473
11891,ISR,URY,7040789.41293884
11892,ISR,USA,7800686669.6161
11893,ISR,UZB,17145508.1830621
11894,ISR,VCT,64334.3545049601
11895,ISR,VEN,421602.064340161
11896,ISR,VGB,8502.0582369902
11897,ISR,VNM,448462920.735832
11898,ISR,VUT,15003.6321829239
11899,ISR,ZAF,88885017.8991504
11900,ISR,ZMB,5880127.99350457
11901,ISR,ZWE,1158169.59769684
11902,ITA,ABW,8137387.17740095
11903,ITA,AFG,16311915.5672032
11904,ITA,AGO,116435944.696831
11905,ITA,AIA,121024.40492398
11906,ITA,ALB,720466088.909281
11907,ITA,AND,18736590.0661555
11908,ITA,ARE,2772227022.21407
11909,ITA,ARG,503536760.802485
11910,ITA,ARM,92296105.9339057
11911,ITA,ATG,4101861.41644734
11912,ITA,AUS,2410600886.50953
11913,ITA,AUT,5301614103.80728
11914,ITA,AZE,198305407.477935
11915,ITA,BDI,2594623.90197784
11916,ITA,BEL,8528342341.85088
11917,ITA,BEN,23751968.3300719
11918,ITA,BFA,47719012.8952845
11919,ITA,BGD,228886776.064399
11920,ITA,BGR,1250052916.1278
11921,ITA,BHR,262664995.616628
11922,ITA,BHS,12647287.3957002
11923,ITA,BIH,569394944.171463
11924,ITA,BLR,343855242.852541
11925,ITA,BLZ,5512280.52344793
11926,ITA,BMU,3485455.34010625
11927,ITA,BOL,32529413.6551707
11928,ITA,BRA,2111899303.67243
11929,ITA,BRB,4356289.10055869
11930,ITA,BRN,28929741.1915942
11931,ITA,BTN,977496.110010852
11932,ITA,BWA,4839421.38555972
11933,ITA,CAF,13800642.8649595
11934,ITA,CAN,3359368170.65876
11935,ITA,CHE,14416945145.2435
11936,ITA,CHL,552507036.156029
11937,ITA,CHN,11127417367.0644
11938,ITA,CIV,140684164.944496
11939,ITA,CMR,71959576.6364087
11940,ITA,COD,41037340.1342855
11941,ITA,COG,46658834.8425578
11942,ITA,COK,45724.6088291708
11943,ITA,COL,339679156.786777
11944,ITA,COM,1311934.96377887
11945,ITA,CPV,36179156.169551
11946,ITA,CRI,96545278.9530634
11947,ITA,CUB,142996926.103693
11948,ITA,CYM,177087725.74397
11949,ITA,CYP,413653362.757572
11950,ITA,CZE,3474563016.21724
11951,ITA,DEU,32037944340.8385
11952,ITA,DJI,9545081.33672739
11953,ITA,DMA,4484745.25661233
11954,ITA,DNK,1699504935.63499
11955,ITA,DOM,200373775.447742
11956,ITA,DZA,1107630649.71919
11957,ITA,ECU,124107664.625288
11958,ITA,EGY,1757725795.18136
11959,ITA,ERI,15256586.7994249
11960,ITA,ESP,11911127713.2714
11961,ITA,EST,254753336.606061
11962,ITA,ETH,156244886.591485
11963,ITA,FIN,978615065.373796
11964,ITA,FJI,2821893.85555819
11965,ITA,FRA,25813481403.165
11966,ITA,FRO,2212313.60365983
11967,ITA,GAB,36862225.4961923
11968,ITA,GBR,12892025137.8134
11969,ITA,GEO,91681103.1497833
11970,ITA,GHA,120646735.080055
11971,ITA,GIB,311662340.590373
11972,ITA,GIN,41787204.9572419
11973,ITA,GMB,2288124.08538494
11974,ITA,GNB,1033730.32407786
11975,ITA,GNQ,11456701.8700316
11976,ITA,GRC,2488109854.767
11977,ITA,GRD,1561325.30291496
11978,ITA,GRL,106083.719979759
11979,ITA,GTM,68771229.9234113
11980,ITA,GUY,13465377.1630224
11981,ITA,HKG,2438143132.24214
11982,ITA,HND,27914062.0539723
11983,ITA,HRV,1644280801.65315
11984,ITA,HTI,12873279.3248875
11985,ITA,HUN,2540388620.75381
11986,ITA,IDN,778570884.318041
11987,ITA,IND,1848006255.7019
11988,ITA,IRL,1138924284.03737
11989,ITA,IRN,343678744.62463
11990,ITA,IRQ,304865715.244858
11991,ITA,ISL,91331724.7218399
11992,ITA,ISR,1400870017.3405
11993,ITA,JAM,13080060.8364843
11994,ITA,JOR,256161745.35488
11995,ITA,JPN,5236464871.68712
11996,ITA,KAZ,321530886.760701
11997,ITA,KEN,182200347.652299
11998,ITA,KGZ,12278611.4910904
11999,ITA,KHM,47628540.7611653
12000,ITA,KIR,28047.1278424576
12001,ITA,KNA,363027.516208917
12002,ITA,KOR,3326259795.44907
12003,ITA,KWT,531233797.406938
12004,ITA,LAO,4776142.02745558
12005,ITA,LBN,326573508.670948
12006,ITA,LBR,5566079.22991043
12007,ITA,LBY,500421326.268572
12008,ITA,LCA,2353910.51241765
12009,ITA,LKA,133439124.450544
12010,ITA,LSO,1794134.8480579
12011,ITA,LTU,866155098.309595
12012,ITA,LUX,356691088.133636
12013,ITA,LVA,314958932.075012
12014,ITA,MAC,546821604.054351
12015,ITA,MAR,1156054571.36866
12016,ITA,MDA,173455258.247145
12017,ITA,MDG,21721919.6603663
12018,ITA,MDV,13348474.6869634
12019,ITA,MEX,2418664032.89721
12020,ITA,MHL,34812813.1632974
12021,ITA,MKD,193925213.470312
12022,ITA,MLI,30239383.4728447
12023,ITA,MLT,816240298.561561
12024,ITA,MMR,112607590.993521
12025,ITA,MNE,76706429.9379472
12026,ITA,MNG,20351974.4315618
12027,ITA,MNP,146535.817903067
12028,ITA,MOZ,54956102.6614689
12029,ITA,MRT,12187036.0338711
12030,ITA,MSR,76278.8951218655
12031,ITA,MUS,51108044.4754608
12032,ITA,MWI,6004751.23165896
12033,ITA,MYS,796592441.742655
12034,ITA,NAM,10119081.7252066
12035,ITA,NCL,27152724.7521789
12036,ITA,NER,6854800.17437915
12037,ITA,NGA,597666655.621172
12038,ITA,NIC,14454811.100525
12039,ITA,NLD,6637302165.90378
12040,ITA,NOR,1219832258.46173
12041,ITA,NPL,7905346.04578087
12042,ITA,NZL,415603501.356096
12043,ITA,OMN,281619033.402529
12044,ITA,PAK,289824222.328846
12045,ITA,PAN,92734127.8247709
12046,ITA,PER,278021899.502006
12047,ITA,PHL,326854220.127516
12048,ITA,PLW,3456126.35494291
12049,ITA,PNG,15585631.4688315
12050,ITA,POL,7517609879.44374
12051,ITA,PRK,83539.3087729571
12052,ITA,PRT,2149138399.20942
12053,ITA,PRY,44725237.3944302
12054,ITA,PSE,48520685.9128265
12055,ITA,PYF,32197292.7145391
12056,ITA,QAT,603505021.205044
12057,ITA,ROU,4109101319.64812
12058,ITA,RUS,5099176336.50764
12059,ITA,RWA,10367459.1011176
12060,ITA,SAU,2123986300.58914
12061,ITA,SDN,47427796.0044878
12062,ITA,SEN,138299760.933501
12063,ITA,SGP,1970141115.28092
12064,ITA,SHN,22950.5605302356
12065,ITA,SLB,71677.0155670731
12066,ITA,SLE,2671698.97084295
12067,ITA,SLV,75882877.2301185
12068,ITA,SOM,15091290.4393401
12069,ITA,SPM,112502.130792987
12070,ITA,SRB,1101901357.39253
12071,ITA,STP,527544.710167715
12072,ITA,SUR,4859812.14939669
12073,ITA,SVK,1652044579.73318
12074,ITA,SVN,2081103429.45496
12075,ITA,SWE,2694949056.78837
12076,ITA,SWZ,3351344.65166435
12077,ITA,SYC,17098186.9021995
12078,ITA,SYR,34135197.8254954
12079,ITA,TCA,1960434.95963771
12080,ITA,TCD,3008125.72685608
12081,ITA,TGO,61709084.239899
12082,ITA,THA,1083337621.82618
12083,ITA,TJK,17989669.6795086
12084,ITA,TKL,20262.8938813268
12085,ITA,TKM,25547157.7699326
12086,ITA,TON,121274.606494505
12087,ITA,TTO,44783238.6642783
12088,ITA,TUN,1366979648.53241
12089,ITA,TUR,4600948790.96666
12090,ITA,TUV,55069.463096046
12091,ITA,TZA,88597451.4080678
12092,ITA,UGA,35820816.7187614
12093,ITA,UKR,1062687691.62243
12094,ITA,URY,114600696.509272
12095,ITA,USA,25504311129.822
12096,ITA,UZB,172744592.819349
12097,ITA,VAT,11578632.82742
12098,ITA,VCT,2379853.8114507
12099,ITA,VEN,80912955.4952127
12100,ITA,VGB,155197537.581002
12101,ITA,VNM,756751320.522308
12102,ITA,VUT,336014.32366866
12103,ITA,WLF,33649.8161799537
12104,ITA,WSM,118829.143980046
12105,ITA,YEM,43384001.7488399
12106,ITA,ZAF,882934156.976527
12107,ITA,ZMB,13864425.6834449
12108,ITA,ZWE,7820026.00391574
12109,JAM,ABW,414587.476200208
12110,JAM,AIA,88057.7876375342
12111,JAM,ALB,668.674877433533
12112,JAM,AND,1236.65387771352
12113,JAM,ARE,529643.967870521
12114,JAM,ARG,2842653.35416102
12115,JAM,ARM,477.085496152614
12116,JAM,ATG,3807629.13166328
12117,JAM,AUS,570975.868282493
12118,JAM,AUT,309188.615015797
12119,JAM,BDI,2427.39814131051
12120,JAM,BEL,1547456.01684238
12121,JAM,BEN,957.924901077395
12122,JAM,BGR,998.590745745992
12123,JAM,BHR,29918.6929238612
12124,JAM,BHS,2663280.74540078
12125,JAM,BLR,30157.300687677
12126,JAM,BLZ,2342398.26145241
12127,JAM,BMU,1322490.99275529
12128,JAM,BOL,138.0334160829
12129,JAM,BRA,452795.115769533
12130,JAM,BRB,8375565.61478241
12131,JAM,BWA,3584.08315961011
12132,JAM,CAN,59462425.6497675
12133,JAM,CHE,4418196.08242852
12134,JAM,CHL,36167.279124774
12135,JAM,CHN,15969116.4140161
12136,JAM,CIV,2765.21442220942
12137,JAM,COG,723.275095431484
12138,JAM,COL,92975.0430406906
12139,JAM,CRI,1132425.42036855
12140,JAM,CUB,1453664.47313757
12141,JAM,CYM,23977272.6983097
12142,JAM,CYP,460569.417826279
12143,JAM,CZE,276626.467646223
12144,JAM,DEU,22531355.789256
12145,JAM,DMA,1272193.56140565
12146,JAM,DNK,115636.052474396
12147,JAM,DOM,1607123.49855854
12148,JAM,ECU,943193.659836752
12149,JAM,EGY,87079.890401416
12150,JAM,ESP,3525538.84929905
12151,JAM,EST,696088.613940241
12152,JAM,ETH,5167.26092622044
12153,JAM,FIN,826969.064383806
12154,JAM,FJI,616.156663461499
12155,JAM,FRA,6793214.77836105
12156,JAM,GBR,28481743.6072442
12157,JAM,GEO,3649512.49919663
12158,JAM,GHA,8536227.92402408
12159,JAM,GRC,353847.061741081
12160,JAM,GRD,3138560.79647878
12161,JAM,GTM,415561.602023316
12162,JAM,GUY,9822160.65650318
12163,JAM,HKG,567866.813120942
12164,JAM,HND,56289.9220531812
12165,JAM,HRV,2839.18733008196
12166,JAM,HTI,5582268.38909392
12167,JAM,HUN,18406.0558651528
12168,JAM,IDN,7499.31548609812
12169,JAM,IND,1054548.85047054
12170,JAM,IRL,55020.2696869657
12171,JAM,ISL,48212286.0567589
12172,JAM,ISR,2771415.06830466
12173,JAM,ITA,1569751.60931342
12174,JAM,JOR,20501.4461317035
12175,JAM,JPN,6709531.13464649
12176,JAM,KAZ,7703.65495400809
12177,JAM,KEN,59802.4613929692
12178,JAM,KHM,11252.7241371929
12179,JAM,KNA,2484153.93614539
12180,JAM,KOR,1419755.70426856
12181,JAM,KWT,15675.2947836461
12182,JAM,LBN,1923.46564585084
12183,JAM,LBR,1125.66250815605
12184,JAM,LCA,3081129.99123271
12185,JAM,LTU,1159.40567693544
12186,JAM,LUX,47626.220184384
12187,JAM,MAC,17554.1141212102
12188,JAM,MDA,1097.2656336445
12189,JAM,MDV,10772.385353462
12190,JAM,MEX,438758.247627526
12191,JAM,MKD,1142.34654714346
12192,JAM,MLT,305.040346274244
12193,JAM,MNE,231.71859603844
12194,JAM,MOZ,143622.588648404
12195,JAM,MSR,154554.029507122
12196,JAM,MUS,26917.9339794067
12197,JAM,MWI,15472.4906874295
12198,JAM,MYS,644126.4320763
12199,JAM,NAM,390.708085312303
12200,JAM,NER,9011.37553604032
12201,JAM,NGA,95922.0969838674
12202,JAM,NIC,92827.3372830604
12203,JAM,NLD,49047978.1983856
12204,JAM,NOR,20939.8892730479
12205,JAM,NZL,2807575.12017981
12206,JAM,PAK,589594.240546667
12207,JAM,PAN,2572278.91504905
12208,JAM,PER,461942.20516012
12209,JAM,PHL,99399.0632118707
12210,JAM,PNG,156.66942761731
12211,JAM,POL,108537.77557449
12212,JAM,PRT,14683.6287142736
12213,JAM,PRY,102.524819916647
12214,JAM,PYF,10016.3328230426
12215,JAM,QAT,1285.78627202294
12216,JAM,RUS,38608929.6213931
12217,JAM,RWA,2106.36492337141
12218,JAM,SAU,82562.4022766839
12219,JAM,SDN,2803.34865400769
12220,JAM,SGP,572739.662774048
12221,JAM,SLV,68548.3096483312
12222,JAM,SRB,1284.31091485828
12223,JAM,SUR,1648740.91158937
12224,JAM,SVK,2584722.53348616
12225,JAM,SVN,12658.2043855605
12226,JAM,SWE,7710.62064030955
12227,JAM,SYC,467.958786695741
12228,JAM,TCA,498786.034568861
12229,JAM,THA,2402836.20768794
12230,JAM,TON,557.73001913583
12231,JAM,TTO,9287497.2339884
12232,JAM,TUN,1409.63625448225
12233,JAM,TUR,80235.4239456948
12234,JAM,TZA,82864.8554966488
12235,JAM,UGA,9413.77895263921
12236,JAM,UKR,145728.258903606
12237,JAM,URY,3545.17324002799
12238,JAM,USA,285352850.439251
12239,JAM,VCT,1792483.65182491
12240,JAM,VEN,3073.70410352252
12241,JAM,VGB,514449.091389856
12242,JAM,VNM,19013.742978247
12243,JAM,ZAF,420419.188981523
12244,JAM,ZMB,19910.5665875016
12245,JOR,ABW,19976.6710905364
12246,JOR,AFG,1167332.13682761
12247,JOR,AGO,1469393.10583362
12248,JOR,ALB,160987.325423839
12249,JOR,AND,17996.4882141866
12250,JOR,ARE,227435280.210256
12251,JOR,ARG,560120.407817635
12252,JOR,ARM,33640.5454356278
12253,JOR,AUS,15835265.0383504
12254,JOR,AUT,2898738.60116505
12255,JOR,AZE,1984421.82254318
12256,JOR,BDI,138235.549516758
12257,JOR,BEL,17474203.9149955
12258,JOR,BEN,60917.5768478218
12259,JOR,BFA,90617.8428933954
12260,JOR,BGD,29558914.144629
12261,JOR,BGR,1862182.97411833
12262,JOR,BHR,34495346.8463583
12263,JOR,BIH,801692.679301896
12264,JOR,BLR,312625.682584857
12265,JOR,BLZ,17203.3522063428
12266,JOR,BMU,3213.23788282371
12267,JOR,BOL,339143.152117064
12268,JOR,BRA,30697516.9669657
12269,JOR,BRN,44403.7895761218
12270,JOR,BWA,2353.24168900426
12271,JOR,CAF,440.653676486038
12272,JOR,CAN,42528180.1221285
12273,JOR,CHE,142500392.160326
12274,JOR,CHL,1904582.26543166
12275,JOR,CHN,212916415.276636
12276,JOR,CIV,450495.773628903
12277,JOR,CMR,1091448.25733386
12278,JOR,COG,9192845.00292245
12279,JOR,COL,744494.257312774
12280,JOR,COM,34276.8454755371
12281,JOR,CRI,336660.506100967
12282,JOR,CYP,1089480.87905733
12283,JOR,CZE,17254140.0014031
12284,JOR,DEU,21201337.3106949
12285,JOR,DJI,352193.78600467
12286,JOR,DMA,175855.285262264
12287,JOR,DNK,951701.934078556
12288,JOR,DOM,376074.944320446
12289,JOR,DZA,46958122.1716019
12290,JOR,ECU,312078.917220121
12291,JOR,EGY,72077468.0983882
12292,JOR,ERI,341310.867392553
12293,JOR,ESP,43397743.9651506
12294,JOR,EST,33639.0985853643
12295,JOR,ETH,1847414.31481926
12296,JOR,FIN,930589.041923775
12297,JOR,FJI,4333.61911245137
12298,JOR,FRA,7708178.50960168
12299,JOR,GAB,118867.884858706
12300,JOR,GBR,28877768.5652018
12301,JOR,GEO,168620.955925844
12302,JOR,GHA,640932.056259736
12303,JOR,GIN,542555.403059944
12304,JOR,GRC,11146447.4469976
12305,JOR,GTM,782241.870515739
12306,JOR,GUY,15169.8089121344
12307,JOR,HKG,16406856.1355718
12308,JOR,HND,864210.989166224
12309,JOR,HRV,72223.4843600135
12310,JOR,HTI,7584.93621375534
12311,JOR,HUN,732258.409674253
12312,JOR,IDN,83684379.8927759
12313,JOR,IND,542920982.979556
12314,JOR,IRL,2296470.99006129
12315,JOR,IRN,2586592.6802242
12316,JOR,IRQ,331833867.091853
12317,JOR,ISL,160332.510401695
12318,JOR,ISR,105195466.445207
12319,JOR,ITA,19136430.5277966
12320,JOR,JAM,281424.526193381
12321,JOR,JPN,15556426.7067409
12322,JOR,KAZ,428691.795671298
12323,JOR,KEN,2909776.58431626
12324,JOR,KGZ,394214.434153452
12325,JOR,KHM,654203.474096245
12326,JOR,KOR,42005377.9520677
12327,JOR,KWT,115565482.139242
12328,JOR,LBN,45505376.5138975
12329,JOR,LBR,351713.720287044
12330,JOR,LBY,20713095.4787395
12331,JOR,LKA,3141289.28100916
12332,JOR,LTU,129963.462452778
12333,JOR,LUX,4575041.91375086
12334,JOR,LVA,19264.3741527731
12335,JOR,MAC,71135.9980938258
12336,JOR,MAR,14441255.7469514
12337,JOR,MDA,826791.87848942
12338,JOR,MDG,88612.032813035
12339,JOR,MDV,136514.124282245
12340,JOR,MEX,13982379.4510077
12341,JOR,MKD,37552.9560790233
12342,JOR,MLI,942395.945220487
12343,JOR,MLT,205249.76828177
12344,JOR,MNE,25853.513797216
12345,JOR,MOZ,1982926.23148017
12346,JOR,MRT,608075.5036185
12347,JOR,MUS,152419.545776555
12348,JOR,MWI,1933920.03772225
12349,JOR,MYS,28263015.8801251
12350,JOR,NER,28261.9853566488
12351,JOR,NGA,4694044.45920913
12352,JOR,NIC,42540.0233827268
12353,JOR,NLD,28010904.4532493
12354,JOR,NOR,1058123.71239781
12355,JOR,NPL,8614071.16385332
12356,JOR,NZL,791122.366367521
12357,JOR,OMN,32028761.2647816
12358,JOR,PAK,7763797.63326335
12359,JOR,PAN,2121247.52625473
12360,JOR,PER,444029.893824054
12361,JOR,PHL,4802183.2722
12362,JOR,POL,7210702.11657989
12363,JOR,PRT,5843856.91225066
12364,JOR,PRY,354114.726539224
12365,JOR,PSE,86804324.3654864
12366,JOR,PYF,25421.8628001608
12367,JOR,QAT,59846338.237979
12368,JOR,ROU,4330966.28073554
12369,JOR,RUS,41515143.6227547
12370,JOR,RWA,690707.011124655
12371,JOR,SAU,557696567.098529
12372,JOR,SDN,30252975.9754116
12373,JOR,SEN,462679.765713874
12374,JOR,SGP,15185834.8803115
12375,JOR,SLE,3118.36141447285
12376,JOR,SLV,219677.631078464
12377,JOR,SOM,1092547.11485288
12378,JOR,SRB,546740.858803983
12379,JOR,SVK,1165779.01833796
12380,JOR,SVN,772052.118710231
12381,JOR,SWE,3219475.84345231
12382,JOR,SYC,24972.0749124018
12383,JOR,SYR,31934358.0169912
12384,JOR,TCD,527591.213925666
12385,JOR,TGO,47842.5780617936
12386,JOR,THA,5923055.52619823
12387,JOR,TJK,9234.23548751689
12388,JOR,TTO,264273.014536956
12389,JOR,TUN,5954480.57679156
12390,JOR,TUR,47111932.1819917
12391,JOR,TZA,1126574.44892497
12392,JOR,UGA,1377786.65011
12393,JOR,UKR,3063609.60477653
12394,JOR,URY,104830.553104465
12395,JOR,USA,960330752.002407
12396,JOR,UZB,978507.878946865
12397,JOR,VCT,16622.879181423
12398,JOR,VEN,147575.898192888
12399,JOR,VNM,4301440.81700732
12400,JOR,YEM,38476512.8790334
12401,JOR,ZAF,10843672.2840946
12402,JOR,ZMB,46713.2356627841
12403,JPN,AFG,18683021.0022865
12404,JPN,AGO,47046917.8928835
12405,JPN,AIA,961807.704553283
12406,JPN,ALB,10557624.9712851
12407,JPN,AND,2711212.77361729
12408,JPN,ARE,4730011405.59947
12409,JPN,ARG,361927576.863002
12410,JPN,ARM,21352482.3064196
12411,JPN,ATG,8302202.46852517
12412,JPN,AUS,6274812689.12417
12413,JPN,AUT,1125676356.64158
12414,JPN,AZE,97585560.1365186
12415,JPN,BDI,18586399.463977
12416,JPN,BEL,4539595440.61978
12417,JPN,BEN,4040406.34197838
12418,JPN,BFA,64893585.9910814
12419,JPN,BGD,751957047.958687
12420,JPN,BGR,86808701.9697471
12421,JPN,BHR,350404221.554545
12422,JPN,BHS,103187618.382478
12423,JPN,BIH,25334896.2717028
12424,JPN,BLR,80549800.0520344
12425,JPN,BLZ,11935358.0929366
12426,JPN,BMU,4342945.26519085
12427,JPN,BOL,93262943.3575881
12428,JPN,BRA,2162180253.03199
12429,JPN,BRB,55888385.8335194
12430,JPN,BRN,84438709.0809967
12431,JPN,BTN,1790668.03678827
12432,JPN,BWA,36930519.9048745
12433,JPN,CAF,6615321.01060886
12434,JPN,CAN,5048412980.61727
12435,JPN,CHE,2659690456.43833
12436,JPN,CHL,594707077.099459
12437,JPN,CHN,87348735457.7844
12438,JPN,CIV,93660930.8251436
12439,JPN,CMR,47420306.8254556
12440,JPN,COD,52295812.0604429
12441,JPN,COG,4224992.16528961
12442,JPN,COK,1154481.52236209
12443,JPN,COL,439668294.372929
12444,JPN,COM,1153021.95852079
12445,JPN,CPV,4050673.83460392
12446,JPN,CRI,151580996.684799
12447,JPN,CUB,20202717.9785286
12448,JPN,CYM,7173828.67750304
12449,JPN,CYP,77142283.7994608
12450,JPN,CZE,1443249629.84036
12451,JPN,DEU,12238160758.0395
12452,JPN,DJI,48839844.7430009
12453,JPN,DMA,2286924.49648018
12454,JPN,DNK,228738153.260264
12455,JPN,DOM,148816040.815181
12456,JPN,DZA,100566158.211791
12457,JPN,ECU,189323731.984387
12458,JPN,EGY,594957280.978042
12459,JPN,ERI,679347.287584307
12460,JPN,ESP,1662261923.05423
12461,JPN,EST,144613305.457974
12462,JPN,ETH,254783844.358088
12463,JPN,FIN,402824802.592924
12464,JPN,FJI,28568571.9052384
12465,JPN,FRA,2833545852.46709
12466,JPN,FSM,8615959.38296645
12467,JPN,GAB,32634301.6381782
12468,JPN,GBR,5370184001.1012
12469,JPN,GEO,80536657.4503826
12470,JPN,GHA,69102334.3569598
12471,JPN,GIB,59478851.0786488
12472,JPN,GIN,5662177.66908444
12473,JPN,GMB,10940683.6582782
12474,JPN,GNB,207190.466599426
12475,JPN,GNQ,1369131.9334164
12476,JPN,GRC,122613037.50563
12477,JPN,GRD,3983950.15117371
12478,JPN,GRL,20851.2718199227
12479,JPN,GTM,123860648.541428
12480,JPN,GUY,40830350.082704
12481,JPN,HKG,16738425037.048
12482,JPN,HND,60100432.6829175
12483,JPN,HRV,18916295.485985
12484,JPN,HTI,8223029.89288113
12485,JPN,HUN,793346743.079001
12486,JPN,IDN,5337319183.09803
12487,JPN,IND,5104661305.21175
12488,JPN,IRL,773413321.885199
12489,JPN,IRN,51209593.6721919
12490,JPN,IRQ,183761490.769109
12491,JPN,ISL,51041408.328222
12492,JPN,ISR,757500476.063056
12493,JPN,ITA,2081684834.8921
12494,JPN,JAM,104055355.754335
12495,JPN,JOR,282596050.951687
12496,JPN,KAZ,181635875.439466
12497,JPN,KEN,411530398.497719
12498,JPN,KGZ,11054039.0381316
12499,JPN,KHM,326066517.430006
12500,JPN,KIR,3781591.74585306
12501,JPN,KNA,3667287.2017194
12502,JPN,KOR,23016920865.704
12503,JPN,KWT,835201436.833398
12504,JPN,LAO,88617998.7973217
12505,JPN,LBN,50885248.0853716
12506,JPN,LBR,1079593252.98501
12507,JPN,LBY,8034538.52058763
12508,JPN,LCA,7582672.7558018
12509,JPN,LKA,264667128.757849
12510,JPN,LSO,11509867.1691544
12511,JPN,LTU,38894263.2919392
12512,JPN,LUX,215910596.736268
12513,JPN,LVA,20907369.2378731
12514,JPN,MAC,609313656.953712
12515,JPN,MAR,146722584.014197
12516,JPN,MDA,28220619.3424784
12517,JPN,MDG,6375961.38877812
12518,JPN,MDV,9762713.69667249
12519,JPN,MEX,6948170807.18695
12520,JPN,MHL,645553687.054045
12521,JPN,MKD,72949472.8273168
12522,JPN,MLI,8947286.89151853
12523,JPN,MLT,58247927.3961406
12524,JPN,MMR,302069193.088956
12525,JPN,MNE,9774855.15195986
12526,JPN,MNG,203405653.980841
12527,JPN,MNP,8695641.5314714
12528,JPN,MOZ,80490510.3467729
12529,JPN,MRT,28538040.9460929
12530,JPN,MSR,266053.034956596
12531,JPN,MUS,62264702.0571984
12532,JPN,MWI,44575335.5666603
12533,JPN,MYS,7326757349.79345
12534,JPN,NAM,19950302.0879461
12535,JPN,NCL,22033150.3697464
12536,JPN,NER,43810926.7137846
12537,JPN,NGA,319350997.142964
12538,JPN,NIC,43721135.6695483
12539,JPN,NIU,5633594.49997341
12540,JPN,NLD,5457201662.04718
12541,JPN,NOR,801920617.273695
12542,JPN,NPL,29836383.1177348
12543,JPN,NRU,1550261.82659219
12544,JPN,NZL,1022236728.98446
12545,JPN,OMN,680288048.945817
12546,JPN,PAK,582959739.4068
12547,JPN,PAN,2306206269.10639
12548,JPN,PER,363474666.998269
12549,JPN,PHL,4610559728.14872
12550,JPN,PLW,6445814.13871436
12551,JPN,PNG,78833168.6300412
12552,JPN,POL,2316032828.2262
12553,JPN,PRT,245659525.456938
12554,JPN,PRY,118166682.606821
12555,JPN,PSE,8856161.5307617
12556,JPN,PYF,16543536.9647111
12557,JPN,QAT,509216859.996136
12558,JPN,ROU,200314442.043401
12559,JPN,RUS,3556641680.80736
12560,JPN,RWA,15106690.6970409
12561,JPN,SAU,2902933114.8794
12562,JPN,SDN,18854651.3052358
12563,JPN,SEN,54711209.3630075
12564,JPN,SGP,9056034975.41191
12565,JPN,SHN,23148.8035222685
12566,JPN,SLB,6622189.54789182
12567,JPN,SLE,3934241.62439016
12568,JPN,SLV,85055102.0216578
12569,JPN,SOM,2344105.90134967
12570,JPN,SRB,74552768.249148
12571,JPN,STP,1052124.14248048
12572,JPN,SUR,25212455.9149955
12573,JPN,SVK,245186104.439908
12574,JPN,SVN,146399273.682499
12575,JPN,SWE,625792814.243947
12576,JPN,SWZ,11696692.0810197
12577,JPN,SYC,2293016.29922587
12578,JPN,SYR,4558499.72960464
12579,JPN,TCA,1001578.44652924
12580,JPN,TCD,798931.465848269
12581,JPN,TGO,46774946.7147219
12582,JPN,THA,13846575884.9148
12583,JPN,TJK,23515885.3879824
12584,JPN,TKL,7488.07776559311
12585,JPN,TKM,57911278.0542423
12586,JPN,TLS,3876159.76753302
12587,JPN,TON,3644635.4150184
12588,JPN,TTO,96493012.056432
12589,JPN,TUN,84914420.4945019
12590,JPN,TUR,1871800791.96611
12591,JPN,TUV,12929087.4207969
12592,JPN,TZA,188036759.240634
12593,JPN,UGA,171477102.361503
12594,JPN,UKR,538281955.984355
12595,JPN,URY,22185494.4927641
12596,JPN,USA,61256822193.6786
12597,JPN,UZB,99378642.8783754
12598,JPN,VCT,4241706.57662977
12599,JPN,VEN,8938124.89801985
12600,JPN,VGB,2554001.82840566
12601,JPN,VNM,10140870348.7811
12602,JPN,VUT,4941610.78827626
12603,JPN,WSM,6743639.88442827
12604,JPN,YEM,96103460.8631882
12605,JPN,ZAF,958197342.777964
12606,JPN,ZMB,56935887.1498742
12607,JPN,ZWE,23416866.016689
12608,KAZ,AFG,294909959.160151
12609,KAZ,AGO,20481.0476935087
12610,KAZ,ALB,730954.324472298
12611,KAZ,AND,82.6345047317444
12612,KAZ,ARE,115910314.086042
12613,KAZ,ARG,5167843.74231259
12614,KAZ,ARM,3203767.65020438
12615,KAZ,AUS,8793358.20239813
12616,KAZ,AUT,501581206.692438
12617,KAZ,AZE,58051682.9574312
12618,KAZ,BEL,99654039.9734066
12619,KAZ,BFA,2389.44845418809
12620,KAZ,BGD,477131.557303415
12621,KAZ,BGR,98393640.8372769
12622,KAZ,BHR,379045.016836117
12623,KAZ,BIH,1492786.44905575
12624,KAZ,BLR,49328641.8183735
12625,KAZ,BOL,9148.6197610704
12626,KAZ,BRA,49476851.1979239
12627,KAZ,CAN,149562515.052321
12628,KAZ,CHE,778432730.532818
12629,KAZ,CHL,872748.015868622
12630,KAZ,CHN,5184295288.01642
12631,KAZ,CIV,11861.5365227009
12632,KAZ,COD,5321817.24078075
12633,KAZ,COG,3517.37651080376
12634,KAZ,COL,793227.90008967
12635,KAZ,CRI,3215.83851240208
12636,KAZ,CYP,3298908.97267296
12637,KAZ,CZE,165261273.090614
12638,KAZ,DEU,1379496290.03745
12639,KAZ,DNK,8533010.93523321
12640,KAZ,DOM,2739484.40830991
12641,KAZ,DZA,29781652.2381054
12642,KAZ,ECU,38181.6742834694
12643,KAZ,EGY,2707466.04208263
12644,KAZ,ESP,657044483.875518
12645,KAZ,EST,14250801.2974226
12646,KAZ,ETH,871481.909360812
12647,KAZ,FIN,92503154.3426148
12648,KAZ,FRA,891193628.684495
12649,KAZ,GBR,372009058.269163
12650,KAZ,GEO,17285637.631567
12651,KAZ,GHA,44185.6967787108
12652,KAZ,GRC,898785993.035005
12653,KAZ,GTM,34402.3283532989
12654,KAZ,HKG,2710734.38830647
12655,KAZ,HRV,154988871.97179
12656,KAZ,HUN,82998735.4072224
12657,KAZ,IDN,65056775.3935993
12658,KAZ,IND,992448316.249228
12659,KAZ,IRL,1048852.66249801
12660,KAZ,IRN,63868298.6989511
12661,KAZ,IRQ,646311.688598295
12662,KAZ,ISR,163185472.501468
12663,KAZ,ITA,3319493551.505
12664,KAZ,JOR,1141676.38490595
12665,KAZ,JPN,373662893.308974
12666,KAZ,KEN,10808.8941917738
12667,KAZ,KGZ,290330414.798416
12668,KAZ,KHM,145627.984628517
12669,KAZ,KOR,545229877.015074
12670,KAZ,KWT,36812.4118029493
12671,KAZ,LBN,1815133.92015833
12672,KAZ,LBY,61.7949597507358
12673,KAZ,LKA,2902382.90940436
12674,KAZ,LTU,342483835.352739
12675,KAZ,LUX,6427.88760743584
12676,KAZ,LVA,17184008.038373
12677,KAZ,MAR,27818371.1234508
12678,KAZ,MDA,29150761.0176005
12679,KAZ,MEX,1820548.23089208
12680,KAZ,MKD,649524.846461747
12681,KAZ,MNE,51031.359023917
12682,KAZ,MNG,13250518.3320124
12683,KAZ,MOZ,918.431340203357
12684,KAZ,MYS,27450748.7768936
12685,KAZ,NGA,13087.3302713193
12686,KAZ,NLD,1463217367.29318
12687,KAZ,NOR,2765834.80239534
12688,KAZ,NZL,39.5670786717341
12689,KAZ,OMN,68473.9866557077
12690,KAZ,PAK,2120748.92054881
12691,KAZ,PER,184678.278193342
12692,KAZ,PHL,2400.58114926782
12693,KAZ,POL,558189564.385718
12694,KAZ,PRT,2530984.62224139
12695,KAZ,PYF,202.473516187485
12696,KAZ,QAT,124212.375189845
12697,KAZ,ROU,636302873.06509
12698,KAZ,RUS,2528020623.49309
12699,KAZ,SAU,9668022.12658307
12700,KAZ,SDN,77643.7965466311
12701,KAZ,SEN,5540162.59583262
12702,KAZ,SGP,38365312.4198581
12703,KAZ,SLV,150348.942510613
12704,KAZ,SRB,51255116.1925981
12705,KAZ,SVK,43502423.60122
12706,KAZ,SVN,3671963.46928256
12707,KAZ,SWE,15917855.859507
12708,KAZ,SYC,415.746146699166
12709,KAZ,SYR,114.007599747311
12710,KAZ,THA,6701888.47495864
12711,KAZ,TJK,378877119.015253
12712,KAZ,TKM,33481534.9862798
12713,KAZ,TUN,11602738.8511728
12714,KAZ,TUR,712836075.751487
12715,KAZ,TZA,522.381461712861
12716,KAZ,UKR,212842051.91424
12717,KAZ,USA,469362196.442867
12718,KAZ,UZB,1054424180.6246
12719,KAZ,VNM,15559803.2071475
12720,KAZ,ZAF,4564754.451791
12721,KEN,AFG,10812587.3658428
12722,KEN,AGO,3348815.81246549
12723,KEN,ALB,120106.633743593
12724,KEN,AND,602.532365197259
12725,KEN,ARE,161780039.326496
12726,KEN,ARG,192152.78267302
12727,KEN,ARM,37611.5052530118
12728,KEN,ATG,589.894305688509
12729,KEN,AUS,13413146.2831102
12730,KEN,AUT,5170427.29125596
12731,KEN,AZE,663662.714054398
12732,KEN,BDI,27619469.4654634
12733,KEN,BEL,32209128.8279072
12734,KEN,BEN,203815.375534065
12735,KEN,BFA,865030.263501815
12736,KEN,BGD,1951142.59957899
12737,KEN,BGR,103541.485538083
12738,KEN,BHR,9795942.7294863
12739,KEN,BHS,7126.02511738698
12740,KEN,BIH,174456.168554426
12741,KEN,BLR,17549948.6127952
12742,KEN,BMU,6803.88213078742
12743,KEN,BOL,2722.50408259536
12744,KEN,BRA,573560.851573105
12745,KEN,BRB,2517.10935922186
12746,KEN,BRN,46544.8298939523
12747,KEN,BWA,1211544.49856156
12748,KEN,CAF,1285911.64187334
12749,KEN,CAN,10854970.5277515
12750,KEN,CHE,32723403.5445832
12751,KEN,CHL,3424566.4892126
12752,KEN,CHN,75315674.9388697
12753,KEN,CIV,2142330.89526234
12754,KEN,CMR,269283.171930468
12755,KEN,COD,67174364.1671179
12756,KEN,COG,687799.269698524
12757,KEN,COL,991585.439853149
12758,KEN,COM,712095.85758436
12759,KEN,CPV,26253.9852461108
12760,KEN,CRI,34836.8585473701
12761,KEN,CYP,1368487.927511
12762,KEN,CZE,2803365.65812416
12763,KEN,DEU,88427425.0069021
12764,KEN,DJI,3421220.92779598
12765,KEN,DMA,50.3826969913312
12766,KEN,DNK,5501416.32086672
12767,KEN,DOM,13306.9414363072
12768,KEN,DZA,169612.513969064
12769,KEN,ECU,379114.634189567
12770,KEN,EGY,119206404.01026
12771,KEN,ERI,344513.684252583
12772,KEN,ESP,28732888.2690789
12773,KEN,EST,536655.292220354
12774,KEN,ETH,37002709.217462
12775,KEN,FIN,11670086.6146846
12776,KEN,FJI,16766.054342255
12777,KEN,FRA,54800787.9118014
12778,KEN,GAB,117353.187670347
12779,KEN,GBR,234535559.500415
12780,KEN,GEO,250635.366540921
12781,KEN,GHA,4295236.51502704
12782,KEN,GIN,268466.65376211
12783,KEN,GMB,48921.8548405718
12784,KEN,GNB,115.353425554119
12785,KEN,GRC,2208816.49505562
12786,KEN,GRD,1221.18813365936
12787,KEN,GTM,7411.07512426177
12788,KEN,HKG,7716824.96579552
12789,KEN,HRV,132012.458487892
12790,KEN,HTI,264184.898205146
12791,KEN,HUN,2486087.84932045
12792,KEN,IDN,13329389.8707793
12793,KEN,IND,48144887.4839469
12794,KEN,IRL,11653813.8067508
12795,KEN,IRN,7640474.37281654
12796,KEN,IRQ,1003866.52944415
12797,KEN,ISL,602822.015817882
12798,KEN,ISR,2929399.06616222
12799,KEN,ITA,16863378.5296666
12800,KEN,JAM,1679.33154418103
12801,KEN,JOR,15307979.4979243
12802,KEN,JPN,34131789.9209864
12803,KEN,KAZ,27651322.4231474
12804,KEN,KGZ,818534.156403013
12805,KEN,KHM,79066.4659562696
12806,KEN,KOR,18492117.1994751
12807,KEN,KWT,7214107.44096434
12808,KEN,LBN,437703.962398875
12809,KEN,LBR,51393.5717108664
12810,KEN,LBY,263971.174965548
12811,KEN,LCA,81.5647457571019
12812,KEN,LKA,2152857.49311387
12813,KEN,LSO,93247.5930214727
12814,KEN,LTU,1363036.83937393
12815,KEN,LUX,860014.523756889
12816,KEN,LVA,542319.506452463
12817,KEN,MAC,91114.3866001261
12818,KEN,MAR,5360062.04634747
12819,KEN,MDA,218905.994275296
12820,KEN,MDG,2429065.97807195
12821,KEN,MDV,140910.389560513
12822,KEN,MEX,5905623.174054
12823,KEN,MKD,74300.0770759232
12824,KEN,MLI,828029.371570294
12825,KEN,MLT,164541.756905166
12826,KEN,MOZ,4235128.59468646
12827,KEN,MRT,469160.545625845
12828,KEN,MUS,18003389.3128522
12829,KEN,MWI,19601505.5028593
12830,KEN,MYS,42800732.7785584
12831,KEN,NAM,985056.726837202
12832,KEN,NCL,32.271312462251
12833,KEN,NER,461836.912170066
12834,KEN,NGA,23621720.1781995
12835,KEN,NIC,7961.72742997584
12836,KEN,NLD,276549151.39297
12837,KEN,NOR,28397001.4352738
12838,KEN,NPL,321837.332604728
12839,KEN,NZL,1502609.46507933
12840,KEN,OMN,9850411.07756026
12841,KEN,PAK,260088086.447655
12842,KEN,PAN,232171.705730365
12843,KEN,PER,248959.00471567
12844,KEN,PHL,2945894.66253014
12845,KEN,POL,16191523.7559218
12846,KEN,PRK,13402.5315774289
12847,KEN,PRT,3472134.10971077
12848,KEN,PRY,24699.4794206021
12849,KEN,PSE,53440.7623089084
12850,KEN,PYF,4108.49111190982
12851,KEN,QAT,16139891.4374135
12852,KEN,ROU,2547199.7887209
12853,KEN,RUS,43897830.890148
12854,KEN,RWA,198841600.06314
12855,KEN,SAU,50001072.9556484
12856,KEN,SDN,38851186.1405248
12857,KEN,SEN,1327915.19488361
12858,KEN,SGP,4105522.4932461
12859,KEN,SLB,3695.23006682121
12860,KEN,SLE,1633898.10784091
12861,KEN,SLV,4962.13076689443
12862,KEN,SOM,53460497.6860848
12863,KEN,SRB,791729.667387147
12864,KEN,SVK,695764.085876245
12865,KEN,SVN,823888.13753175
12866,KEN,SWE,11840852.5963931
12867,KEN,SWZ,281528.165783169
12868,KEN,SYC,1243355.36955696
12869,KEN,SYR,317283.049572431
12870,KEN,TCD,965504.88159144
12871,KEN,TGO,466692.456633812
12872,KEN,THA,9784659.94407166
12873,KEN,TTO,45512.3084340246
12874,KEN,TUN,60544.096933224
12875,KEN,TUR,12585966.2451524
12876,KEN,TZA,147470289.136318
12877,KEN,UGA,386708827.144258
12878,KEN,UKR,6457168.9160573
12879,KEN,URY,19986.6585083595
12880,KEN,USA,292337877.672896
12881,KEN,VEN,51008.9956100273
12882,KEN,VNM,8910175.33379627
12883,KEN,YEM,22041451.0797397
12884,KEN,ZAF,16353541.852882
12885,KEN,ZMB,23634251.0817672
12886,KEN,ZWE,5341620.80546449
12887,KGZ,AFG,629466.385570971
12888,KGZ,ALB,139053.663071339
12889,KGZ,ARE,31399949.5256919
12890,KGZ,ARG,2352.01939310242
12891,KGZ,ARM,224633.71588171
12892,KGZ,AUS,162694.386180899
12893,KGZ,AUT,170288.138028804
12894,KGZ,AZE,2518518.20028384
12895,KGZ,BEL,6292191.25712596
12896,KGZ,BGD,12626.0566030032
12897,KGZ,BGR,2619993.26606876
12898,KGZ,BHR,62919.9520966544
12899,KGZ,BIH,340783.499223623
12900,KGZ,BLR,4271584.09458571
12901,KGZ,BRA,5267.77525942458
12902,KGZ,CAN,233464.320655515
12903,KGZ,CHE,3701660.12345374
12904,KGZ,CHL,166.260249429707
12905,KGZ,CHN,21622722.0779303
12906,KGZ,COL,23154.0953033395
12907,KGZ,CZE,385984.941901118
12908,KGZ,DEU,10586248.2766126
12909,KGZ,DNK,17375.7064310442
12910,KGZ,DOM,57529.2120690693
12911,KGZ,DZA,59101.807773901
12912,KGZ,ECU,5469.35906022361
12913,KGZ,EGY,349849.694030692
12914,KGZ,ESP,77568.3562835311
12915,KGZ,EST,422498.551367934
12916,KGZ,FIN,36995.5471376162
12917,KGZ,FRA,176765.071009483
12918,KGZ,GBR,495098516.368982
12919,KGZ,GEO,2382062.16606444
12920,KGZ,GRC,2596443.06487337
12921,KGZ,HKG,488815.335793224
12922,KGZ,HRV,105508.542236757
12923,KGZ,HUN,146640.999866243
12924,KGZ,IDN,221862.209936405
12925,KGZ,IND,2648576.72575013
12926,KGZ,IRL,43.4140099634358
12927,KGZ,IRN,2721728.89493258
12928,KGZ,IRQ,919580.118307496
12929,KGZ,ISR,32458.8578645375
12930,KGZ,ITA,448947.166731448
12931,KGZ,JOR,10883.6227825872
12932,KGZ,JPN,299903.602735883
12933,KGZ,KAZ,133823739.267756
12934,KGZ,KOR,419505.556803134
12935,KGZ,LAO,15518.7568878709
12936,KGZ,LBN,460981.597609609
12937,KGZ,LTU,23333972.8493384
12938,KGZ,LUX,985.302528842649
12939,KGZ,LVA,1431600.5717559
12940,KGZ,MDA,190995.237446476
12941,KGZ,MEX,85163.1168756398
12942,KGZ,MKD,1271130.2789989
12943,KGZ,MNE,253158.529365607
12944,KGZ,MNG,250552.610506768
12945,KGZ,MUS,515.124704947053
12946,KGZ,MYS,48109.1465945454
12947,KGZ,NLD,336909.450867235
12948,KGZ,NOR,26564.1698377395
12949,KGZ,PAK,948002.999114827
12950,KGZ,PER,83994.33392859
12951,KGZ,POL,582319.471920424
12952,KGZ,PRT,41925.8872083993
12953,KGZ,PYF,113.731532915145
12954,KGZ,ROU,519888.498199032
12955,KGZ,RUS,119813567.039481
12956,KGZ,SAU,387629.963639344
12957,KGZ,SRB,2778268.58245071
12958,KGZ,SVK,33375.6228013264
12959,KGZ,SVN,130648.628322465
12960,KGZ,SWE,675098.432492116
12961,KGZ,SYC,27.7157096104425
12962,KGZ,SYR,2695563.06052663
12963,KGZ,THA,398870.867915104
12964,KGZ,TJK,14031163.7610505
12965,KGZ,TKM,2283109.21084947
12966,KGZ,TUN,194.447073090694
12967,KGZ,TUR,45590369.831667
12968,KGZ,UKR,4297921.47051961
12969,KGZ,URY,916.561887633365
12970,KGZ,USA,3010038.19083857
12971,KGZ,UZB,76293122.5661435
12972,KGZ,VEN,2733.16166265597
12973,KGZ,VNM,536604.4049012
12974,KGZ,ZAF,447898.847447074
12975,KHM,AFG,253421.34999104
12976,KHM,AGO,7133.53743602097
12977,KHM,ALB,1122770.86812785
12978,KHM,AND,521145.273947987
12979,KHM,ARE,80250627.2557171
12980,KHM,ARG,10647841.2179573
12981,KHM,ARM,1819982.53894546
12982,KHM,AUS,109441481.098266
12983,KHM,AUT,121590288.453474
12984,KHM,AZE,1227715.63888292
12985,KHM,BEL,241229385.100957
12986,KHM,BFA,36688.6518422831
12987,KHM,BGD,4615798.41436607
12988,KHM,BGR,701100.581271915
12989,KHM,BHR,2651688.15048532
12990,KHM,BIH,3914315.41951684
12991,KHM,BLR,1771628.88815965
12992,KHM,BLZ,89904.1646212292
12993,KHM,BMU,112737.147187379
12994,KHM,BOL,901119.204161872
12995,KHM,BRA,19310344.2815395
12996,KHM,BRB,5780.14929847143
12997,KHM,BRN,7342840.41553211
12998,KHM,CAN,564010810.838773
12999,KHM,CHE,161026988.258692
13000,KHM,CHL,13729783.2287693
13001,KHM,CHN,749435855.609026
13002,KHM,CIV,1622630.70264963
13003,KHM,CMR,156641.370825127
13004,KHM,COG,287555.418402119
13005,KHM,COL,11150933.8951079
13006,KHM,CRI,2412081.62338204
13007,KHM,CYM,1218.73804052389
13008,KHM,CYP,602546.321075794
13009,KHM,CZE,128894122.079473
13010,KHM,DEU,891098893.958958
13011,KHM,DNK,58601657.7691328
13012,KHM,DOM,890979.644507227
13013,KHM,DZA,16211.5646075496
13014,KHM,ECU,3433383.25063511
13015,KHM,EGY,1762528.96018623
13016,KHM,ESP,372866810.507751
13017,KHM,EST,5661537.7491682
13018,KHM,ETH,124873.390212928
13019,KHM,FIN,23991904.7085278
13020,KHM,FJI,15108.7496304817
13021,KHM,FRA,259769389.30675
13022,KHM,GBR,480369268.638441
13023,KHM,GHA,1144849.14799036
13024,KHM,GIN,604417.956674269
13025,KHM,GRC,6120832.53842359
13026,KHM,GTM,17676.8793410627
13027,KHM,GUY,217.258595461611
13028,KHM,HKG,338935547.178627
13029,KHM,HND,7704.95026758655
13030,KHM,HRV,1244351.24114443
13031,KHM,HTI,18254.4191558907
13032,KHM,HUN,1781539.94749736
13033,KHM,IDN,23683554.9785951
13034,KHM,IND,31126475.1871349
13035,KHM,IRL,45242730.9428433
13036,KHM,IRN,2660.64410710517
13037,KHM,IRQ,67599.9450616807
13038,KHM,ISL,2987156.23341625
13039,KHM,ISR,8902453.25238146
13040,KHM,ITA,169001880.645231
13041,KHM,JAM,42899.4653989331
13042,KHM,JOR,1709904.44548018
13043,KHM,JPN,810827105.632923
13044,KHM,KAZ,2761928.84181342
13045,KHM,KEN,3064907.80705431
13046,KHM,KGZ,261280.817665267
13047,KHM,KOR,159094383.167301
13048,KHM,KWT,11960284.9283971
13049,KHM,LAO,1132799.46091887
13050,KHM,LBN,2030645.59271278
13051,KHM,LBY,181830.418763858
13052,KHM,LKA,2322965.05442741
13053,KHM,LTU,638093.974197225
13054,KHM,LUX,12202079.3936715
13055,KHM,LVA,119862.572159479
13056,KHM,MAC,2408546.27952158
13057,KHM,MAR,3207625.47613353
13058,KHM,MDA,570996.730833044
13059,KHM,MDG,911497.38858445
13060,KHM,MEX,75642670.6002382
13061,KHM,MKD,1599382.56958097
13062,KHM,MLI,52347.6726862214
13063,KHM,MLT,790191.530024229
13064,KHM,MMR,1634167.69560458
13065,KHM,MNE,1250590.26953152
13066,KHM,MNG,557087.093491948
13067,KHM,MOZ,13708.4306315851
13068,KHM,MRT,1041.7922042535
13069,KHM,MUS,766514.639158928
13070,KHM,MYS,56883554.228259
13071,KHM,NER,571387.902530591
13072,KHM,NGA,232169.005076572
13073,KHM,NIC,477531.804197948
13074,KHM,NLD,211642746.825179
13075,KHM,NOR,34871740.5663502
13076,KHM,NPL,250076.615274554
13077,KHM,NZL,12027717.9075385
13078,KHM,OMN,2002.98489642034
13079,KHM,PAK,1217709.38650022
13080,KHM,PAN,5425153.85872307
13081,KHM,PER,8827981.07864318
13082,KHM,PHL,17102161.939504
13083,KHM,PNG,668255.018291132
13084,KHM,POL,208602736.491477
13085,KHM,PRK,23282.9414953157
13086,KHM,PRT,7137462.61725595
13087,KHM,PRY,430544.729242257
13088,KHM,PYF,324160.025898366
13089,KHM,QAT,7963774.49754409
13090,KHM,ROU,1630392.00155848
13091,KHM,RUS,95315159.8673375
13092,KHM,RWA,2232.9255620451
13093,KHM,SAU,41014320.671575
13094,KHM,SDN,420.101701121869
13095,KHM,SEN,482111.063776741
13096,KHM,SGP,1322250229.61519
13097,KHM,SLV,1220785.44117278
13098,KHM,SRB,6464045.36075454
13099,KHM,SUR,38139.2330089925
13100,KHM,SVK,22643037.0338232
13101,KHM,SVN,13546001.2295534
13102,KHM,SWE,32964749.4422654
13103,KHM,SWZ,1528941.68676546
13104,KHM,SYC,8954.54827890535
13105,KHM,THA,573831662.653923
13106,KHM,TTO,313169.467228
13107,KHM,TUN,433908.528574036
13108,KHM,TUR,31899886.5448991
13109,KHM,TZA,40172.6902823764
13110,KHM,UGA,646518.513667937
13111,KHM,UKR,11921925.1820047
13112,KHM,URY,1977945.13462183
13113,KHM,USA,3442599421.24936
13114,KHM,VNM,589590724.063872
13115,KHM,ZAF,12922865.544062
13116,KHM,ZMB,5232.23315514645
13117,KIR,ARE,73537.8685552192
13118,KIR,AUS,534564.356032077
13119,KIR,BOL,1088.98362867953
13120,KIR,CAN,230341.623691462
13121,KIR,CHN,110874.841347516
13122,KIR,CIV,5901.92877968949
13123,KIR,DEU,97536.7113608695
13124,KIR,DNK,1836.69063875768
13125,KIR,DOM,1954.79823105952
13126,KIR,ECU,1794492.96825411
13127,KIR,ESP,612.437763164425
13128,KIR,FJI,327576.499481892
13129,KIR,FRA,6195.217781117
13130,KIR,GBR,51995.4434161265
13131,KIR,IDN,113133.506640814
13132,KIR,ITA,198687.406119805
13133,KIR,JPN,2227497.53649118
13134,KIR,KOR,1593286.71385411
13135,KIR,MHL,14332.9808270108
13136,KIR,MYS,800414.922473696
13137,KIR,NCL,305972.518440921
13138,KIR,NZL,2423.32265468855
13139,KIR,PAK,3639.94668343787
13140,KIR,PHL,5872048.54607613
13141,KIR,SGP,14111.3296681671
13142,KIR,SRB,345.083540207249
13143,KIR,SVK,9335.71455427038
13144,KIR,SVN,16282.6668204645
13145,KIR,SWE,54.3001453542926
13146,KIR,SYC,300.786816550385
13147,KIR,THA,37475490.3825924
13148,KIR,TUR,731.677129453922
13149,KIR,TUV,19991.2796270718
13150,KIR,USA,592143.350152729
13151,KIR,ZAF,123.945505584207
13152,KNA,AGO,3943.24260741031
13153,KNA,ARG,77617.5751987861
13154,KNA,ATG,253345.727683869
13155,KNA,AUS,47477.4171611202
13156,KNA,AUT,1601.86579073631
13157,KNA,BEL,8871.23110890928
13158,KNA,BGR,2099.16818113434
13159,KNA,BHS,251.060778527593
13160,KNA,BIH,13765.1823704381
13161,KNA,BRA,38330.2792587884
13162,KNA,BRB,19182.8939274773
13163,KNA,CAN,914411.836134046
13164,KNA,CHE,145558.673849284
13165,KNA,CHN,211878.793081887
13166,KNA,CMR,104.735355058264
13167,KNA,COL,37906.4066447779
13168,KNA,CYM,16466.9989448586
13169,KNA,CZE,485653.570371209
13170,KNA,DEU,1944680.68673449
13171,KNA,DMA,293427.222889111
13172,KNA,DNK,617923.828268963
13173,KNA,DOM,26.9665282434419
13174,KNA,ESP,54189.5925909159
13175,KNA,FIN,139.381742495072
13176,KNA,FRA,144022.377932156
13177,KNA,GBR,319396.353175566
13178,KNA,GRD,43833.7630801699
13179,KNA,GUY,79284.9778551396
13180,KNA,HRV,3980.46361812971
13181,KNA,IDN,1168.28282597701
13182,KNA,IRL,13160.713036326
13183,KNA,ITA,23291.5885886638
13184,KNA,JAM,7395.20028117009
13185,KNA,JPN,1321.00879893557
13186,KNA,KOR,21954.8149732725
13187,KNA,LCA,363599.437663613
13188,KNA,MDA,9.50230038251846
13189,KNA,MDG,5439.22126425777
13190,KNA,MEX,170319.732177334
13191,KNA,MSR,103363.193876006
13192,KNA,NLD,1474.36092347724
13193,KNA,NZL,10604.954820722
13194,KNA,PER,2722.46907412027
13195,KNA,POL,11392.2579164941
13196,KNA,PRT,1196.74021513836
13197,KNA,RWA,70.0419562406163
13198,KNA,SLV,15338.068145492
13199,KNA,SRB,1220.79553861724
13200,KNA,SVK,133716.132925169
13201,KNA,SVN,340.967543778401
13202,KNA,SWE,4778.41279117775
13203,KNA,THA,6448.44358376859
13204,KNA,TTO,703591.471283776
13205,KNA,TUR,990545.298048435
13206,KNA,UKR,932.730801915829
13207,KNA,URY,2643.4799518879
13208,KNA,USA,25490092.3176337
13209,KNA,VCT,977340.911439309
13210,KNA,ZAF,4388.77196423472
13211,KNA,ZWE,101.94467947224
13212,KOR,ABW,2236170.04699243
13213,KOR,AFG,14937429.1560378
13214,KOR,AGO,142523227.553976
13215,KOR,AIA,161841.179630763
13216,KOR,ALB,16124116.8010806
13217,KOR,AND,944265.810890486
13218,KOR,ARE,2042982295.59903
13219,KOR,ARG,182782726.140006
13220,KOR,ARM,20412192.4695604
13221,KOR,ATG,1434910.43202974
13222,KOR,AUS,3166616416.71463
13223,KOR,AUT,533120453.982294
13224,KOR,AZE,89318815.2958209
13225,KOR,BDI,1368620.59212737
13226,KOR,BEL,1376878464.75022
13227,KOR,BEN,5575057.63196403
13228,KOR,BFA,49970711.8756284
13229,KOR,BGD,516790586.235104
13230,KOR,BGR,78725595.9361004
13231,KOR,BHR,236300177.274275
13232,KOR,BHS,223799999.04978
13233,KOR,BIH,19973415.7974725
13234,KOR,BLR,59495503.0823809
13235,KOR,BLZ,2968396.13484199
13236,KOR,BMU,622340931.091728
13237,KOR,BOL,23691878.8887048
13238,KOR,BRA,2328785462.472
13239,KOR,BRB,3081589.26241625
13240,KOR,BRN,54979774.2285454
13241,KOR,BTN,6135376.79439755
13242,KOR,BWA,5296057.60621046
13243,KOR,CAF,1433484.52783701
13244,KOR,CAN,3580457133.16708
13245,KOR,CHE,529357559.44229
13246,KOR,CHL,507416635.740413
13247,KOR,CHN,86571043109.1484
13248,KOR,CIV,62229782.29058
13249,KOR,CMR,19613879.6484779
13250,KOR,COD,22923877.0705193
13251,KOR,COG,12489750.6051056
13252,KOR,COK,6611.60058194179
13253,KOR,COL,338269487.029185
13254,KOR,COM,259006.70213167
13255,KOR,CPV,466286.381828418
13256,KOR,CRI,73520427.7430269
13257,KOR,CUB,32617076.992317
13258,KOR,CYM,19355759.275915
13259,KOR,CYP,18041721.3010247
13260,KOR,CZE,1957774527.58194
13261,KOR,DEU,6342460290.66486
13262,KOR,DJI,34609327.9651949
13263,KOR,DMA,1195429.89792772
13264,KOR,DNK,243224290.013819
13265,KOR,DOM,98685734.5313361
13266,KOR,DZA,127251243.360044
13267,KOR,ECU,198537625.191804
13268,KOR,EGY,607733650.360301
13269,KOR,ERI,377116.294917792
13270,KOR,ESP,1368126826.03506
13271,KOR,EST,64756854.1115835
13272,KOR,ETH,103664195.179481
13273,KOR,FIN,266625849.368466
13274,KOR,FJI,65267732.9636651
13275,KOR,FRA,1752618720.54795
13276,KOR,FRO,6391.04718885281
13277,KOR,FSM,3729990.98198368
13278,KOR,GAB,6133697.13077298
13279,KOR,GBR,2346373449.02078
13280,KOR,GEO,49092893.2467307
13281,KOR,GHA,112400056.582157
13282,KOR,GIB,33427613.8876878
13283,KOR,GIN,13261782.5039209
13284,KOR,GMB,1358879.46692849
13285,KOR,GNB,100067.725086156
13286,KOR,GNQ,2233825.27985501
13287,KOR,GRC,431706297.942832
13288,KOR,GRD,737739.096976896
13289,KOR,GRL,3048.73805957013
13290,KOR,GTM,124249202.60528
13291,KOR,GUY,13131309.1720354
13292,KOR,HKG,16408191748.0491
13293,KOR,HND,53885604.9994999
13294,KOR,HRV,48592171.0284371
13295,KOR,HTI,32440890.0147563
13296,KOR,HUN,1950294199.69249
13297,KOR,IDN,3425513246.91025
13298,KOR,IND,6085907820.64465
13299,KOR,IRL,632202024.426323
13300,KOR,IRN,293136466.000675
13301,KOR,IRQ,467612797.436271
13302,KOR,ISL,22483572.4850436
13303,KOR,ISR,845613712.0089
13304,KOR,ITA,1790960845.71748
13305,KOR,JAM,15632625.0038511
13306,KOR,JOR,234899820.171154
13307,KOR,JPN,13302976908.5729
13308,KOR,KAZ,999006349.358185
13309,KOR,KEN,110140546.584368
13310,KOR,KGZ,37080136.6156214
13311,KOR,KHM,283673900.737509
13312,KOR,KIR,4396243.27294075
13313,KOR,KNA,16584292.840175
13314,KOR,KWT,330254477.785379
13315,KOR,LAO,28239589.4899027
13316,KOR,LBN,39653699.1414158
13317,KOR,LBR,1067192257.2738
13318,KOR,LBY,168804607.885579
13319,KOR,LCA,988627.333734385
13320,KOR,LKA,97196199.603431
13321,KOR,LSO,123197.963614083
13322,KOR,LTU,124592913.813263
13323,KOR,LUX,52736051.741206
13324,KOR,LVA,29977835.241442
13325,KOR,MAC,85121546.6875415
13326,KOR,MAR,200689339.669208
13327,KOR,MDA,21695474.1902642
13328,KOR,MDG,21507230.3133861
13329,KOR,MDV,3124705.45028086
13330,KOR,MEX,7354967830.9206
13331,KOR,MHL,2418949417.9852
13332,KOR,MKD,14345700.4562665
13333,KOR,MLI,13641557.4424615
13334,KOR,MLT,1009397370.38834
13335,KOR,MMR,304537450.029647
13336,KOR,MNE,6510385.62112489
13337,KOR,MNG,135611524.774721
13338,KOR,MNP,8456688.25351119
13339,KOR,MOZ,36295531.6730368
13340,KOR,MRT,3328820.86395023
13341,KOR,MSR,397.596252847483
13342,KOR,MUS,28518886.0604459
13343,KOR,MWI,6800329.77080757
13344,KOR,MYS,5477600964.58426
13345,KOR,NAM,7138871.37979892
13346,KOR,NCL,10389852.7473261
13347,KOR,NER,2567210.17897441
13348,KOR,NGA,526521106.413147
13349,KOR,NIC,57408041.335221
13350,KOR,NLD,2360487819.62762
13351,KOR,NOR,798817100.949024
13352,KOR,NPL,44015548.1669595
13353,KOR,NRU,869204.423011184
13354,KOR,NZL,869305433.203429
13355,KOR,OMN,306456736.163693
13356,KOR,PAK,536745162.476766
13357,KOR,PAN,684863219.41919
13358,KOR,PER,325739106.658145
13359,KOR,PHL,3622229229.77429
13360,KOR,PLW,2544491.98819785
13361,KOR,PNG,26775125.9074422
13362,KOR,POL,3064872683.05124
13363,KOR,PRT,334758645.185338
13364,KOR,PRY,75946841.235967
13365,KOR,PSE,19980547.5289714
13366,KOR,PYF,73360114.1367017
13367,KOR,QAT,169589454.886762
13368,KOR,ROU,278981293.018616
13369,KOR,RUS,3580559775.75501
13370,KOR,RWA,18213264.7329437
13371,KOR,SAU,1963758356.30653
13372,KOR,SDN,70991942.7199057
13373,KOR,SEN,38741877.9014312
13374,KOR,SGP,7774620912.00143
13375,KOR,SLB,18596192.8948384
13376,KOR,SLE,3964771.81935066
13377,KOR,SLV,87253206.0588676
13378,KOR,SMR,55251.37563469
13379,KOR,SOM,9328307.26106168
13380,KOR,SRB,133593241.674806
13381,KOR,STP,264720.585388
13382,KOR,SUR,2998809.47251287
13383,KOR,SVK,2102618044.61012
13384,KOR,SVN,402674491.72263
13385,KOR,SWE,494012894.107045
13386,KOR,SWZ,881848.984093879
13387,KOR,SYC,6120383.66475716
13388,KOR,SYR,25888128.6770252
13389,KOR,TCA,301012.371154202
13390,KOR,TCD,458500.997088699
13391,KOR,TGO,406392678.847055
13392,KOR,THA,3836894932.22395
13393,KOR,TJK,26737930.6379544
13394,KOR,TKL,11678.3271701152
13395,KOR,TKM,34508230.990941
13396,KOR,TLS,1382188.98985882
13397,KOR,TON,84327.4145630509
13398,KOR,TTO,36878253.3488255
13399,KOR,TUN,77761883.1338479
13400,KOR,TUR,2867863551.21967
13401,KOR,TUV,4627949.86607344
13402,KOR,TZA,75636576.6249666
13403,KOR,UGA,28626288.5496824
13404,KOR,UKR,248603719.145685
13405,KOR,URY,37578994.3825557
13406,KOR,USA,39155513875.7852
13407,KOR,UZB,969268400.915197
13408,KOR,VCT,670665.304289816
13409,KOR,VEN,9611095.22032435
13410,KOR,VGB,507557.873116132
13411,KOR,VNM,24261159531.0953
13412,KOR,VUT,2300319.37720543
13413,KOR,WLF,19756.2827374014
13414,KOR,WSM,23236655.2900314
13415,KOR,YEM,78270466.7552843
13416,KOR,ZAF,339819579.277224
13417,KOR,ZMB,11663390.2915925
13418,KOR,ZWE,8569397.37391365
13419,KWT,AFG,4509.59171311416
13420,KWT,AGO,1551329.05645456
13421,KWT,ALB,53516.2855921065
13422,KWT,ARE,571563241.445846
13423,KWT,ARG,394910.102565667
13424,KWT,ARM,58139.2547524163
13425,KWT,AUS,723499.149672083
13426,KWT,AUT,1164678.49791637
13427,KWT,AZE,38415.7949610204
13428,KWT,BEL,19090996.2327486
13429,KWT,BEN,1152914.10541096
13430,KWT,BFA,175404.891727886
13431,KWT,BGD,808213.15782438
13432,KWT,BGR,2120201.2729705
13433,KWT,BHR,46330780.4053734
13434,KWT,BIH,359331.224385058
13435,KWT,BLR,451809.377135115
13436,KWT,BMU,886.149525198578
13437,KWT,BRA,2529750.41945705
13438,KWT,BRN,14164.9291438984
13439,KWT,CAN,865063.92064977
13440,KWT,CHE,7383020.33256399
13441,KWT,CHL,11246.222563247
13442,KWT,CHN,5368794100.2634
13443,KWT,CIV,1822030.1496452
13444,KWT,CMR,866156.185072687
13445,KWT,COG,26409.7984664516
13446,KWT,COL,528949.551761472
13447,KWT,COM,22985.940095165
13448,KWT,CRI,24056.1086689661
13449,KWT,CYP,548991.205083356
13450,KWT,CZE,831286.243516353
13451,KWT,DEU,16410939.434585
13452,KWT,DJI,740349.228855652
13453,KWT,DNK,21672971.3761275
13454,KWT,DZA,2685243.56231122
13455,KWT,ECU,6394.18794918977
13456,KWT,EGY,992396468.578585
13457,KWT,ERI,1648.89917690334
13458,KWT,ESP,31501259.668051
13459,KWT,ETH,292140922.037515
13460,KWT,FIN,11605644.3065455
13461,KWT,FJI,6864.65784379186
13462,KWT,FRA,87572469.2793135
13463,KWT,GAB,29787.7112149043
13464,KWT,GBR,147220379.490465
13465,KWT,GEO,386789.636707196
13466,KWT,GHA,3869425.73731247
13467,KWT,GIN,705598.316114636
13468,KWT,GMB,3012.46027719397
13469,KWT,GNB,31600.1499826015
13470,KWT,GRC,593420.821411797
13471,KWT,HKG,20574392.7961359
13472,KWT,HND,207.040121702894
13473,KWT,HRV,109532.016267145
13474,KWT,HUN,838507.991807067
13475,KWT,IDN,145963417.832504
13476,KWT,IND,2988251181.7224
13477,KWT,IRL,289961.195809333
13478,KWT,IRN,8108224.39497312
13479,KWT,IRQ,194729248.901763
13480,KWT,ITA,12264674.1170346
13481,KWT,JOR,52508444.1068776
13482,KWT,JPN,2281403285.36075
13483,KWT,KAZ,34284.5998527703
13484,KWT,KEN,19433314.0374074
13485,KWT,KHM,802375.744663077
13486,KWT,KOR,2914643280.97981
13487,KWT,LBN,94552997.542817
13488,KWT,LBR,151241.933692087
13489,KWT,LBY,508750.661874675
13490,KWT,LKA,32808662.8552461
13491,KWT,LTU,778535.473245484
13492,KWT,LUX,67694.8880461343
13493,KWT,LVA,608303.293763512
13494,KWT,MAR,10906703.7376843
13495,KWT,MDG,57091.5501168405
13496,KWT,MDV,9785.93204603089
13497,KWT,MEX,187799.463791513
13498,KWT,MKD,131837.251072471
13499,KWT,MLI,1635.89602901147
13500,KWT,MLT,3203840.99045909
13501,KWT,MMR,833802.032555943
13502,KWT,MNE,522.583010505185
13503,KWT,MNG,33.0079908024326
13504,KWT,MOZ,281832.730514303
13505,KWT,MRT,286885.951332906
13506,KWT,MUS,424116.348515443
13507,KWT,MWI,34311210.7929305
13508,KWT,MYS,93743273.3081807
13509,KWT,NAM,14752.9354925373
13510,KWT,NER,90531.870580624
13511,KWT,NGA,34692772.1659435
13512,KWT,NLD,206815868.732686
13513,KWT,NOR,201094.682389874
13514,KWT,NPL,459948.897606458
13515,KWT,NZL,3042161.94958
13516,KWT,OMN,88498791.3987712
13517,KWT,PAK,561080196.241346
13518,KWT,PAN,2573.62304044421
13519,KWT,PER,91034.0381488179
13520,KWT,PHL,242206180.945443
13521,KWT,POL,3193444.59112693
13522,KWT,PRT,17178456.1793406
13523,KWT,QAT,143999679.937269
13524,KWT,ROU,128375.578046752
13525,KWT,RUS,1402192.9525563
13526,KWT,RWA,1932.22776704567
13527,KWT,SAU,336712295.138415
13528,KWT,SDN,7242574.83254715
13529,KWT,SEN,647030.614640878
13530,KWT,SGP,752702288.496664
13531,KWT,SLE,92362.8598391522
13532,KWT,SLV,8230.37246542181
13533,KWT,SOM,235167.430956222
13534,KWT,SRB,105542.050348633
13535,KWT,SVK,98810.7392863507
13536,KWT,SVN,1564039.5084886
13537,KWT,SWE,14550647.0501537
13538,KWT,SWZ,55313.8607615211
13539,KWT,SYC,9898.81737409092
13540,KWT,SYR,808005.607579183
13541,KWT,TCD,168246.730330726
13542,KWT,TGO,1098302.88474941
13543,KWT,THA,278822658.88837
13544,KWT,TJK,45594.0377196146
13545,KWT,TTO,65609.8832937806
13546,KWT,TUN,6220850.47145575
13547,KWT,TUR,26699078.4973598
13548,KWT,TZA,916521.64289064
13549,KWT,UGA,5790920.90613662
13550,KWT,UKR,437331.872320739
13551,KWT,URY,5502.83216362372
13552,KWT,USA,340983538.150429
13553,KWT,UZB,7068.21112137544
13554,KWT,VEN,10926.1450766779
13555,KWT,VNM,1601280856.5704
13556,KWT,YEM,9577489.08471889
13557,KWT,ZAF,21106644.5753234
13558,KWT,ZMB,43.2084602025297
13559,KWT,ZWE,239962.42676193
13560,LAO,ABW,191046.249795897
13561,LAO,AGO,17091.6541657095
13562,LAO,AND,10819.7618226849
13563,LAO,ARE,3121768.46727573
13564,LAO,ARG,148685.40478991
13565,LAO,ARM,82951.0513635397
13566,LAO,AUS,45284835.4122841
13567,LAO,AUT,3263717.35374274
13568,LAO,BEL,17423154.0224849
13569,LAO,BGR,8898878.53598942
13570,LAO,BIH,46411.6606554231
13571,LAO,BLR,494149.627155326
13572,LAO,BMU,40675.6920525196
13573,LAO,BOL,19611.2276214569
13574,LAO,BRA,693135.298981354
13575,LAO,BRN,1145.41729053023
13576,LAO,CAN,11285567.8877349
13577,LAO,CHE,25129544.1091328
13578,LAO,CHL,77948.9404179674
13579,LAO,CHN,1044471835.95726
13580,LAO,COL,625445.542177426
13581,LAO,CRI,18480.6789304199
13582,LAO,CZE,14796116.4460808
13583,LAO,DEU,59292385.0256586
13584,LAO,DNK,18796931.4595169
13585,LAO,DOM,6983.42559590974
13586,LAO,ECU,65473.4137562923
13587,LAO,EGY,41993.7521376102
13588,LAO,ESP,4137247.69450198
13589,LAO,EST,151096.868573721
13590,LAO,ETH,18250.6982551094
13591,LAO,FIN,1129141.63640745
13592,LAO,FJI,7566.13516226692
13593,LAO,FRA,7120091.89303104
13594,LAO,GBR,13644684.7390391
13595,LAO,GRC,105579.318370733
13596,LAO,HKG,25054654.0387272
13597,LAO,HRV,144852.266837395
13598,LAO,IDN,22640864.2468199
13599,LAO,IND,54495789.302131
13600,LAO,IRL,478943.926554283
13601,LAO,ISL,240172.193543722
13602,LAO,ISR,5854.19722450488
13603,LAO,ITA,10409492.0837524
13604,LAO,JPN,64540985.8797107
13605,LAO,KAZ,25799.0306075491
13606,LAO,KHM,51521323.5379112
13607,LAO,KOR,21934129.965703
13608,LAO,KWT,145396.198516133
13609,LAO,LBN,31024.51062785
13610,LAO,LKA,43276.0625681774
13611,LAO,LTU,891.215751665679
13612,LAO,LUX,20949.1310103515
13613,LAO,LVA,547.244480724257
13614,LAO,MAR,153768.081239336
13615,LAO,MDA,60352.6105768841
13616,LAO,MDV,201709.924331894
13617,LAO,MEX,20740411.4820863
13618,LAO,MKD,20750.8235027002
13619,LAO,MNE,10085.0794657048
13620,LAO,MUS,103080.496938779
13621,LAO,MYS,5662252.9898186
13622,LAO,NGA,24090.8320750481
13623,LAO,NIC,4875.56030932004
13624,LAO,NLD,10759798.8964455
13625,LAO,NOR,1817559.22429271
13626,LAO,NZL,1379123.47523787
13627,LAO,OMN,460.449468788188
13628,LAO,PAK,7419.85124884663
13629,LAO,PER,152291.182701535
13630,LAO,PHL,4690707.5338832
13631,LAO,POL,9405539.95808649
13632,LAO,PRT,7056453.41498866
13633,LAO,PYF,8956.27919793819
13634,LAO,QAT,147565.775742376
13635,LAO,ROU,91388.8590463119
13636,LAO,RUS,7313327.41582127
13637,LAO,SAU,1097286.94480365
13638,LAO,SDN,197368.280276709
13639,LAO,SGP,46848266.1814049
13640,LAO,SLV,158874.356401701
13641,LAO,SRB,550319.725200684
13642,LAO,SVK,273576.483284939
13643,LAO,SVN,260584.619124715
13644,LAO,SWE,12897099.0238248
13645,LAO,SWZ,17486.418232922
13646,LAO,SYC,3423.97689998077
13647,LAO,THA,1487962530.8103
13648,LAO,TTO,15574.9029801048
13649,LAO,TUN,8912.35756508589
13650,LAO,TUR,1916465.45119536
13651,LAO,UGA,281.568163966205
13652,LAO,UKR,305974.602445432
13653,LAO,URY,174907.862903715
13654,LAO,USA,53543293.630399
13655,LAO,VCT,2085.24481046858
13656,LAO,VNM,499505662.072258
13657,LAO,ZAF,655141.57969933
13658,LBN,ABW,31107.5307259289
13659,LBN,AFG,319380.31779361
13660,LBN,AGO,7096069.25496487
13661,LBN,AIA,74929.6394847402
13662,LBN,ALB,1111441.11084194
13663,LBN,AND,7096.718022523
13664,LBN,ARE,276526877.536761
13665,LBN,ARG,170619.304699919
13666,LBN,ARM,351540.008233631
13667,LBN,ATG,15116.1589241747
13668,LBN,AUS,10165404.9114435
13669,LBN,AUT,1691083.74923602
13670,LBN,AZE,2479263.69728258
13671,LBN,BDI,5726.88040276917
13672,LBN,BEL,10756576.2467842
13673,LBN,BEN,7285238.53036984
13674,LBN,BFA,2299550.69111659
13675,LBN,BGD,118565.703204483
13676,LBN,BGR,18670098.0778157
13677,LBN,BHR,10162677.2861212
13678,LBN,BHS,2743.66420518401
13679,LBN,BIH,28879.9014460443
13680,LBN,BLR,5416211.19382097
13681,LBN,BOL,36368.6393714535
13682,LBN,BRA,1516129.53511128
13683,LBN,BRN,39051.4538457143
13684,LBN,BWA,94.6359101148652
13685,LBN,CAF,938559.713018895
13686,LBN,CAN,14515132.7361032
13687,LBN,CHE,542192242.478522
13688,LBN,CHL,168284.739532256
13689,LBN,CHN,15903082.4280526
13690,LBN,CIV,18957837.9443703
13691,LBN,CMR,4777601.6298062
13692,LBN,COD,6145891.30732348
13693,LBN,COG,15131923.2405093
13694,LBN,COL,316308.574164692
13695,LBN,CPV,144268.42549705
13696,LBN,CRI,58343.1241065178
13697,LBN,CUB,15731.2083195811
13698,LBN,CYP,12580744.651573
13699,LBN,CZE,1070810.22913742
13700,LBN,DEU,29627255.2651196
13701,LBN,DJI,542960.943736032
13702,LBN,DMA,57573.4377755338
13703,LBN,DNK,929656.557681548
13704,LBN,DOM,790858.456478392
13705,LBN,DZA,8324475.24647311
13706,LBN,ECU,189407.853161522
13707,LBN,EGY,65687891.4920441
13708,LBN,ESP,21767250.0662641
13709,LBN,EST,16817.9013937474
13710,LBN,ETH,368208.138369717
13711,LBN,FIN,382755.161513571
13712,LBN,FJI,8116.11030404847
13713,LBN,FRA,25021838.0248998
13714,LBN,GAB,5299818.01655657
13715,LBN,GBR,26668906.9067127
13716,LBN,GEO,194293.655950412
13717,LBN,GHA,9517616.59037186
13718,LBN,GIN,7635518.45905471
13719,LBN,GMB,2234326.4671859
13720,LBN,GNB,69135.7368567677
13721,LBN,GNQ,868831.832811975
13722,LBN,GRC,41294124.0748157
13723,LBN,GTM,31434.6099075166
13724,LBN,GUY,15845.8360694587
13725,LBN,HKG,29050913.4068011
13726,LBN,HND,41744.865885507
13727,LBN,HRV,80984.6053126955
13728,LBN,HUN,109049.399431927
13729,LBN,IDN,954555.585410183
13730,LBN,IND,13904500.0989362
13731,LBN,IRL,591032.081129047
13732,LBN,IRN,6408349.37748616
13733,LBN,IRQ,68080287.3462592
13734,LBN,ISL,20828.7518681372
13735,LBN,ITA,29598776.8203609
13736,LBN,JAM,12562.5412267622
13737,LBN,JOR,39416240.6558252
13738,LBN,JPN,11577116.6643768
13739,LBN,KAZ,77720.535124036
13740,LBN,KEN,2204396.65557035
13741,LBN,KGZ,2979.22123045592
13742,LBN,KHM,244.559204581659
13743,LBN,KOR,24082192.4835161
13744,LBN,KWT,91957312.1613688
13745,LBN,LBR,9005141.52686831
13746,LBN,LBY,7271771.40065404
13747,LBN,LKA,195930.932313585
13748,LBN,LTU,333320.192454764
13749,LBN,LUX,612031.164732268
13750,LBN,LVA,250509.144984334
13751,LBN,MAC,19481.7777833459
13752,LBN,MAR,10128111.170117
13753,LBN,MDA,123287.846373522
13754,LBN,MDG,143588.208825499
13755,LBN,MDV,435616.984668889
13756,LBN,MEX,643873.373314087
13757,LBN,MKD,33330.1988047716
13758,LBN,MLI,2135685.02138328
13759,LBN,MLT,283196.558179125
13760,LBN,MMR,79720.8193666635
13761,LBN,MNE,100623.85971907
13762,LBN,MOZ,7790728.6594122
13763,LBN,MRT,1131918.02253418
13764,LBN,MUS,103185.782427017
13765,LBN,MWI,1502806.77184471
13766,LBN,MYS,1824869.16843449
13767,LBN,NAM,6301.02539575527
13768,LBN,NER,456891.107355471
13769,LBN,NGA,17981389.4459725
13770,LBN,NIC,12755.0878397764
13771,LBN,NLD,32420714.9336333
13772,LBN,NOR,2155914.41865552
13773,LBN,NPL,46609.4835457549
13774,LBN,NZL,594933.134523002
13775,LBN,OMN,18897471.6994927
13776,LBN,PAK,1542534.23284291
13777,LBN,PAN,416015.211836313
13778,LBN,PER,344226.002608624
13779,LBN,PHL,400246.39441206
13780,LBN,POL,8045443.69658797
13781,LBN,PRT,8506050.203393
13782,LBN,PRY,213913.285605892
13783,LBN,PYF,70331.6393691092
13784,LBN,QAT,80157137.6826155
13785,LBN,ROU,1036425.91014395
13786,LBN,RUS,6310061.5983016
13787,LBN,RWA,157100.556988086
13788,LBN,SAU,126440812.371812
13789,LBN,SDN,6805493.52088386
13790,LBN,SEN,5265119.11640713
13791,LBN,SGP,1809200.98387213
13792,LBN,SLE,4825243.12818924
13793,LBN,SOM,303147.388013832
13794,LBN,SRB,123634.430276948
13795,LBN,STP,101309.025588757
13796,LBN,SVK,21852.7902744286
13797,LBN,SVN,245660.861278323
13798,LBN,SWE,8049127.74644821
13799,LBN,SYC,234179.993910641
13800,LBN,SYR,61185279.6551666
13801,LBN,TCD,61904.986386744
13802,LBN,TGO,3672519.56890699
13803,LBN,THA,1117415.57468142
13804,LBN,TJK,232.056177762556
13805,LBN,TTO,73671.7819739047
13806,LBN,TUN,4347001.27709823
13807,LBN,TUR,49812113.3605042
13808,LBN,TZA,1556914.25355766
13809,LBN,UGA,1705677.92229425
13810,LBN,UKR,2136985.14612646
13811,LBN,URY,70030.9535770155
13812,LBN,USA,99058067.1611912
13813,LBN,UZB,83046.1043746292
13814,LBN,VCT,236.257194773775
13815,LBN,VEN,5583968.30562146
13816,LBN,VNM,160413.834089095
13817,LBN,YEM,4396076.73262352
13818,LBN,ZAF,795799.185064099
13819,LBN,ZMB,1494791.36942072
13820,LBN,ZWE,1271162.64183352
13821,LBR,AGO,13563215.6124301
13822,LBR,ARE,7107752.17824764
13823,LBR,AUS,7229.01054881164
13824,LBR,AUT,5017.39014446629
13825,LBR,BEL,13300856.0431132
13826,LBR,BEN,57852.2327681516
13827,LBR,BFA,1086.37099619541
13828,LBR,BGD,437105.817595849
13829,LBR,BGR,1555665.96886428
13830,LBR,BHS,119.528936390627
13831,LBR,BRA,189445.862363052
13832,LBR,BWA,3154.08106173181
13833,LBR,CAN,9128479.8904714
13834,LBR,CHE,54802566.3328338
13835,LBR,CHN,48683951.2472265
13836,LBR,CIV,12266525.4902278
13837,LBR,CMR,3314433.310912
13838,LBR,COG,362328.785055252
13839,LBR,COL,9057.98281905335
13840,LBR,CYP,48471289.8991983
13841,LBR,CZE,3898824.35433276
13842,LBR,DEU,51412807.0639936
13843,LBR,DNK,445710.88727056
13844,LBR,ECU,4720.80534516927
13845,LBR,ESP,16781601.1584357
13846,LBR,FIN,38.8439036005172
13847,LBR,FRA,72891385.3325948
13848,LBR,GAB,13053.0754786825
13849,LBR,GBR,11100171.72025
13850,LBR,GHA,800.29374063716
13851,LBR,GMB,25873.7787030844
13852,LBR,GRC,56945.9743748593
13853,LBR,GRD,32431.7428003355
13854,LBR,HKG,159838.26775202
13855,LBR,HRV,873.711514118934
13856,LBR,IDN,17389725.3248348
13857,LBR,IND,3330514.7245117
13858,LBR,IRL,3675.33425030451
13859,LBR,ISR,708926.281771552
13860,LBR,ITA,7331505.30094927
13861,LBR,JPN,62515.1340955162
13862,LBR,KEN,101866.405023021
13863,LBR,KOR,4722346.71831553
13864,LBR,KWT,205.049639833293
13865,LBR,LBN,19524106.5305814
13866,LBR,LTU,283.068527184497
13867,LBR,LUX,186.383120913445
13868,LBR,LVA,39.9866802517832
13869,LBR,MAR,387418.42392835
13870,LBR,MEX,2196897.28507093
13871,LBR,MLT,18332.686103294
13872,LBR,MOZ,1136.7011804741
13873,LBR,MRT,296764.267243861
13874,LBR,MUS,32888.2558161599
13875,LBR,MYS,9028788.93759686
13876,LBR,NAM,5726.83389150941
13877,LBR,NGA,751035.052753718
13878,LBR,NIC,1114.05969926792
13879,LBR,NLD,12530523.8417724
13880,LBR,NOR,120201.673251413
13881,LBR,NZL,873.719516056099
13882,LBR,PAK,19.5057220799466
13883,LBR,PER,185.579926470586
13884,LBR,PHL,15215.6835177759
13885,LBR,POL,38293262.2974667
13886,LBR,PRT,196965.128678985
13887,LBR,RUS,1661012.85446608
13888,LBR,RWA,178512.940645838
13889,LBR,SAU,43561.6111957617
13890,LBR,SEN,3390658.39900789
13891,LBR,SGP,1261128.17762111
13892,LBR,SVN,8677.57572747677
13893,LBR,SWE,109143.292162128
13894,LBR,SYC,437322.090952798
13895,LBR,TGO,624633.92469546
13896,LBR,THA,2912104.23631033
13897,LBR,TTO,1193.51043325045
13898,LBR,TUR,50116700.5970866
13899,LBR,TZA,16215.4905579708
13900,LBR,UGA,342.582934843429
13901,LBR,UKR,16513.4876991773
13902,LBR,USA,24102200.8272742
13903,LBR,VCT,90.7069589672302
13904,LBR,VNM,3900.94436756021
13905,LBR,ZAF,219353.258052001
13906,LBR,ZMB,11447.7713555709
13907,LBR,ZWE,87.7062325306454
13908,LBY,ALB,19916886.918571
13909,LBY,AND,283.171552125487
13910,LBY,ARE,477703721.855463
13911,LBY,ARG,363086.898584613
13912,LBY,AUS,18501125.2817139
13913,LBY,AUT,69304138.1280108
13914,LBY,AZE,135.012684803404
13915,LBY,BEL,1805596.60479915
13916,LBY,BEN,21182.9301100527
13917,LBY,BFA,55567.2796109068
13918,LBY,BGR,12846078.5789431
13919,LBY,BHR,2902.28260462189
13920,LBY,BIH,175373.220560711
13921,LBY,BRA,13144627.1421416
13922,LBY,CAN,22974.9824424608
13923,LBY,CHE,72386269.1825878
13924,LBY,CHN,413632862.100632
13925,LBY,CIV,380.762177538242
13926,LBY,COL,6.41655336356378
13927,LBY,CYP,754.603179550502
13928,LBY,CZE,751.681972364487
13929,LBY,DEU,428588826.760873
13930,LBY,DNK,23131832.6043315
13931,LBY,DOM,130.861679899462
13932,LBY,EGY,19384742.1262837
13933,LBY,ESP,352675470.849264
13934,LBY,ETH,5944.87917741848
13935,LBY,FRA,264812857.921472
13936,LBY,GBR,44436960.0547604
13937,LBY,GEO,16503.9954012163
13938,LBY,GRC,29165346.7161072
13939,LBY,HKG,13423.8267327072
13940,LBY,HRV,117004.825336386
13941,LBY,IDN,355038.950281692
13942,LBY,IND,6324511.66947465
13943,LBY,IRL,47907.3027307886
13944,LBY,ITA,985388968.082457
13945,LBY,JOR,2581254.30287294
13946,LBY,JPN,33028471.0339285
13947,LBY,KEN,574.084978457362
13948,LBY,KOR,9841780.56622646
13949,LBY,KWT,113330.935935861
13950,LBY,LBN,16212404.3108308
13951,LBY,LKA,59.4693967623826
13952,LBY,LTU,252.061020673121
13953,LBY,MAR,6687723.0416927
13954,LBY,MDG,17309.5704203818
13955,LBY,MEX,16354.4592004598
13956,LBY,MKD,545882.465998323
13957,LBY,MLT,4523609.31759268
13958,LBY,MRT,114732.509738529
13959,LBY,MYS,319798.056922784
13960,LBY,NER,199793.921992812
13961,LBY,NGA,2535.81538770646
13962,LBY,NLD,60550855.2513244
13963,LBY,NOR,1463.7553560082
13964,LBY,NZL,21607.2023208003
13965,LBY,OMN,199679.010674286
13966,LBY,PAK,2477404.25063489
13967,LBY,POL,357346.008790353
13968,LBY,PRT,254.200038501333
13969,LBY,PYF,458.670038011293
13970,LBY,ROU,2821448.1656625
13971,LBY,RUS,20.8950584200853
13972,LBY,SAU,4413434.32416919
13973,LBY,SEN,2427.63019748827
13974,LBY,SGP,98949006.5760514
13975,LBY,SRB,145483.719703867
13976,LBY,SVK,422853.664336134
13977,LBY,SWE,13637807.3066027
13978,LBY,TGO,1694.3361766061
13979,LBY,THA,161149976.475029
13980,LBY,TUN,28769263.6770889
13981,LBY,TUR,837350978.709344
13982,LBY,UGA,64.5156183865727
13983,LBY,UKR,20991552.4450255
13984,LBY,USA,112474495.102748
13985,LBY,ZAF,255.800926055251
13986,LCA,ABW,492.924330527054
13987,LCA,AIA,41816.883319985
13988,LCA,AND,137.352751302868
13989,LCA,ARE,33130.5404701027
13990,LCA,ATG,1094528.55603384
13991,LCA,AUS,13351.8072977449
13992,LCA,AUT,5238.88826626172
13993,LCA,BEL,1212.99164939783
13994,LCA,BHS,401218.629777514
13995,LCA,BLZ,788373.987520984
13996,LCA,BMU,936021.048441437
13997,LCA,BRA,31.007506511376
13998,LCA,BRB,5128323.75003985
13999,LCA,CAN,376732.882598689
14000,LCA,CHE,9794.85620645329
14001,LCA,CHN,29676.1842156779
14002,LCA,COL,16067.999852402
14003,LCA,CRI,26667.8809448408
14004,LCA,CUB,18749.8991050996
14005,LCA,CYM,48421.687756669
14006,LCA,DEU,34485.700536613
14007,LCA,DMA,2524782.76685339
14008,LCA,DNK,1582.0489933491
14009,LCA,DOM,8722.65664097573
14010,LCA,ESP,46141.3402143833
14011,LCA,FIN,8699.6360679964
14012,LCA,FRA,1477329.96224265
14013,LCA,GBR,3024621.14117993
14014,LCA,GRC,55933.1726888307
14015,LCA,GRD,1098592.52436737
14016,LCA,GUY,2407623.38059983
14017,LCA,HND,2305.89822777212
14018,LCA,HTI,26074.7373525425
14019,LCA,HUN,125.030268191032
14020,LCA,IDN,702.670107233602
14021,LCA,IND,220305.873167649
14022,LCA,IRL,15920.3556096638
14023,LCA,ITA,25021.2918271725
14024,LCA,JAM,527245.641267049
14025,LCA,JPN,3082.35419759705
14026,LCA,KNA,870114.593351507
14027,LCA,KOR,82680.0157493659
14028,LCA,MEX,14732.5665614857
14029,LCA,MSR,12855.5721657161
14030,LCA,MYS,2486.86203674109
14031,LCA,NLD,65678.4633961256
14032,LCA,NOR,873.456452371825
14033,LCA,NZL,2516.25415218744
14034,LCA,PAK,25560.8854557256
14035,LCA,PAN,2035.19769471708
14036,LCA,PER,169.756095728328
14037,LCA,POL,9205.72858636933
14038,LCA,PRK,4066.26438937312
14039,LCA,RUS,118398.93783277
14040,LCA,SAU,23566.6376744465
14041,LCA,SGP,178808.621226236
14042,LCA,SLV,9127.96476076524
14043,LCA,SUR,10429438.8000913
14044,LCA,SVK,19685.3735712206
14045,LCA,SVN,4108.76467813662
14046,LCA,SWE,1683.30450598307
14047,LCA,TCA,10887.4857177533
14048,LCA,THA,47949.3129009008
14049,LCA,TTO,4061932.86076675
14050,LCA,UKR,13881.1904544764
14051,LCA,USA,9454332.49011971
14052,LCA,VCT,1646671.25255202
14053,LCA,VGB,169130.139192446
14054,LCA,VNM,3161.55036995354
14055,LCA,ZAF,1024.09291948838
14056,LKA,AFG,83980.6251098645
14057,LKA,AGO,897174.773266793
14058,LKA,ALB,3695416.00733498
14059,LKA,AND,112320.939929051
14060,LKA,ARE,107481918.633848
14061,LKA,ARG,4650140.46312647
14062,LKA,ARM,1206477.05730037
14063,LKA,ATG,109083.537696354
14064,LKA,AUS,93021663.2303282
14065,LKA,AUT,67780415.6587496
14066,LKA,AZE,30537675.4284219
14067,LKA,BDI,55435.3771790549
14068,LKA,BEL,156703210.053095
14069,LKA,BEN,116928.562874243
14070,LKA,BFA,433899.397363489
14071,LKA,BGD,80405560.5980509
14072,LKA,BGR,2069367.02566475
14073,LKA,BHR,4654822.72664117
14074,LKA,BHS,146054.193308058
14075,LKA,BIH,595636.295749129
14076,LKA,BLR,3777814.55944568
14077,LKA,BLZ,196773.483784265
14078,LKA,BMU,82783.5008017423
14079,LKA,BOL,3548575.54918249
14080,LKA,BRA,25682830.9771399
14081,LKA,BRB,70776.9911829528
14082,LKA,BRN,619274.709299575
14083,LKA,BTN,193759.352602567
14084,LKA,BWA,50827.830252266
14085,LKA,CAF,1302192.90485395
14086,LKA,CAN,139361774.967195
14087,LKA,CHE,101202889.992219
14088,LKA,CHL,29205890.8293062
14089,LKA,CHN,158920114.979254
14090,LKA,CIV,2978443.18310084
14091,LKA,CMR,284975.463328772
14092,LKA,COG,1449010.34443394
14093,LKA,COL,9724206.94819281
14094,LKA,CPV,21622.5935468146
14095,LKA,CRI,2161125.02507512
14096,LKA,CUB,101302.31396396
14097,LKA,CYM,358.059181440115
14098,LKA,CYP,2050564.74837958
14099,LKA,CZE,39047085.2881437
14100,LKA,DEU,415016793.781373
14101,LKA,DJI,41817.8860627359
14102,LKA,DMA,61216.8217911048
14103,LKA,DNK,12610165.928579
14104,LKA,DOM,2863595.18890504
14105,LKA,DZA,335414.836540674
14106,LKA,ECU,6976964.21269346
14107,LKA,EGY,14500959.6589868
14108,LKA,ESP,67398704.0288613
14109,LKA,EST,3602682.0971694
14110,LKA,ETH,19991841.9031915
14111,LKA,FIN,14874177.235576
14112,LKA,FJI,1743758.65013991
14113,LKA,FRA,98387869.7391696
14114,LKA,FRO,7030.49449067294
14115,LKA,GAB,113438.916576561
14116,LKA,GBR,478149238.863798
14117,LKA,GEO,2716237.6005621
14118,LKA,GHA,7171038.94064427
14119,LKA,GIN,9940085.54707531
14120,LKA,GMB,2016351.1932258
14121,LKA,GRC,3677822.40115326
14122,LKA,GRD,3889.83067708125
14123,LKA,GTM,4170487.1203318
14124,LKA,GUY,194837.772173827
14125,LKA,HKG,58323086.1235845
14126,LKA,HND,1872940.87946637
14127,LKA,HRV,1268894.68279033
14128,LKA,HTI,9836850.22165459
14129,LKA,HUN,17346947.968997
14130,LKA,IDN,18655497.2496463
14131,LKA,IND,343242189.975465
14132,LKA,IRL,34066513.5164234
14133,LKA,IRN,45031221.6307079
14134,LKA,IRQ,59765591.5697677
14135,LKA,ISL,1949943.00317241
14136,LKA,ISR,48257429.9430028
14137,LKA,ITA,238717011.427683
14138,LKA,JAM,668621.684556234
14139,LKA,JOR,20987765.8693451
14140,LKA,JPN,122794620.107901
14141,LKA,KAZ,2385274.98884677
14142,LKA,KEN,13545359.3186552
14143,LKA,KGZ,2596162.8780438
14144,LKA,KHM,3298161.31917583
14145,LKA,KIR,66729.0362260536
14146,LKA,KOR,55448325.8137499
14147,LKA,KWT,16626468.5503623
14148,LKA,LBN,9392991.95387895
14149,LKA,LBR,449948.623671062
14150,LKA,LBY,15138746.9729456
14151,LKA,LCA,31006.4562571232
14152,LKA,LTU,20779890.7424984
14153,LKA,LUX,2825266.05042242
14154,LKA,LVA,3296792.84838697
14155,LKA,MAC,907370.861106172
14156,LKA,MAR,5244060.03127832
14157,LKA,MDA,381842.439055413
14158,LKA,MDG,199404.109624341
14159,LKA,MDV,58540957.8034658
14160,LKA,MEX,91586975.0075924
14161,LKA,MHL,1477.76674798276
14162,LKA,MKD,1035514.62453364
14163,LKA,MLI,2016691.05950298
14164,LKA,MLT,224158.05373013
14165,LKA,MMR,4468791.89901331
14166,LKA,MNE,133874.248202808
14167,LKA,MNG,1285789.74286318
14168,LKA,MOZ,1208963.7077859
14169,LKA,MRT,532313.085028841
14170,LKA,MUS,2783738.17206675
14171,LKA,MWI,974892.80528486
14172,LKA,MYS,30478651.0783995
14173,LKA,NAM,116957.455868858
14174,LKA,NCL,120613.970063074
14175,LKA,NER,92200.2409712533
14176,LKA,NGA,2827811.16306086
14177,LKA,NIC,1720025.99427463
14178,LKA,NLD,153830988.976475
14179,LKA,NOR,22499758.6224956
14180,LKA,NPL,2822254.47285891
14181,LKA,NRU,9247.33665913902
14182,LKA,NZL,20270074.7127121
14183,LKA,OMN,54219349.784743
14184,LKA,PAK,39458969.5679354
14185,LKA,PAN,4073103.0449221
14186,LKA,PER,22172369.3103293
14187,LKA,PHL,5842575.98815571
14188,LKA,PLW,210.822037255137
14189,LKA,PNG,1013969.51824548
14190,LKA,POL,76461296.2787976
14191,LKA,PRK,28238.9532808848
14192,LKA,PRT,6707945.9613968
14193,LKA,PRY,375899.500347757
14194,LKA,PSE,2638861.00870223
14195,LKA,PYF,544427.343232152
14196,LKA,QAT,13466699.9477513
14197,LKA,ROU,4845848.24141739
14198,LKA,RUS,129413526.620513
14199,LKA,RWA,545605.974063246
14200,LKA,SAU,52204608.8808472
14201,LKA,SDN,1866081.92600354
14202,LKA,SEN,2192370.12960586
14203,LKA,SGP,54894765.5065467
14204,LKA,SLE,595744.843027004
14205,LKA,SLV,1782685.5998448
14206,LKA,SRB,3361457.76491667
14207,LKA,SUR,766420.306822305
14208,LKA,SVK,16191450.402664
14209,LKA,SVN,7017306.56354844
14210,LKA,SWE,39186488.0352237
14211,LKA,SWZ,661167.166915108
14212,LKA,SYC,1903734.43568318
14213,LKA,SYR,24829151.3154701
14214,LKA,TGO,265830.302535993
14215,LKA,THA,36366936.8532961
14216,LKA,TJK,494760.822617745
14217,LKA,TKM,169672.540000581
14218,LKA,TLS,1021887.51458873
14219,LKA,TTO,863504.344596825
14220,LKA,TUN,2825530.25388261
14221,LKA,TUR,112493067.499382
14222,LKA,TZA,3861377.6904857
14223,LKA,UGA,3833738.90499758
14224,LKA,UKR,25974914.2346726
14225,LKA,URY,1138664.89086267
14226,LKA,USA,1329433281.39498
14227,LKA,UZB,2306927.43843054
14228,LKA,VCT,17718.8344978569
14229,LKA,VEN,11920.2317320426
14230,LKA,VNM,24546667.1307473
14231,LKA,YEM,520263.541992224
14232,LKA,ZAF,17472276.1928192
14233,LKA,ZMB,437209.482691812
14234,LKA,ZWE,268373.105115207
14235,LSO,AGO,49690.0908204448
14236,LSO,ARE,14029991.6447965
14237,LSO,AUS,382760.447293189
14238,LSO,AUT,20247.6731965983
14239,LSO,BEL,148720251.234778
14240,LSO,BGD,235221.503546488
14241,LSO,BMU,2965.81798570584
14242,LSO,BRA,50.5122283491771
14243,LSO,BWA,1231880.62617181
14244,LSO,CAN,3237131.06905129
14245,LSO,CHE,15001898.5502341
14246,LSO,CHL,2131.27095279507
14247,LSO,CHN,6132697.64581075
14248,LSO,CIV,1797.81022631885
14249,LSO,COL,12877.6425086572
14250,LSO,CRI,25897.1093511289
14251,LSO,CZE,7843.89890523261
14252,LSO,DEU,4174692.79246997
14253,LSO,DNK,78.8920987442504
14254,LSO,DOM,32321.1695319948
14255,LSO,DZA,23.5792082176104
14256,LSO,EGY,6.89766983556287
14257,LSO,ESP,8216.8947026319
14258,LSO,EST,5397.92676740071
14259,LSO,ETH,235154.989444295
14260,LSO,FRA,677771.285554849
14261,LSO,GBR,396171.971047506
14262,LSO,GRC,18.839060689952
14263,LSO,HKG,322592.324378352
14264,LSO,HRV,6531.0970931011
14265,LSO,IDN,477734.779835693
14266,LSO,IND,171820.210923594
14267,LSO,IRL,17342.1623104517
14268,LSO,ITA,1517.03525437405
14269,LSO,JAM,1034.43042206242
14270,LSO,JOR,634.240041210505
14271,LSO,JPN,129491.671738423
14272,LSO,KEN,25451.0723714156
14273,LSO,KOR,80174.9092958904
14274,LSO,KWT,8421.03862320241
14275,LSO,LBN,2587.12630940884
14276,LSO,LKA,209.353181664428
14277,LSO,LUX,6.28352115820852
14278,LSO,MAR,9762.07577073897
14279,LSO,MDG,47411.1956297544
14280,LSO,MEX,2073777.65742096
14281,LSO,MUS,119972.888865709
14282,LSO,MWI,19978.9471415385
14283,LSO,NAM,144375.188342937
14284,LSO,NGA,11234.5362341397
14285,LSO,NIC,29802.0096763746
14286,LSO,NLD,3384576.72521429
14287,LSO,NZL,257400.190716288
14288,LSO,PAK,6.32002999652031
14289,LSO,PER,39.8696519207564
14290,LSO,PHL,34462.4919181103
14291,LSO,POL,96615.8894419384
14292,LSO,PRT,19.750781405601
14293,LSO,PRY,47.5115019125923
14294,LSO,RUS,5908.21030036341
14295,LSO,SAU,127226.796941886
14296,LSO,SLV,51627.4933402304
14297,LSO,SRB,146268.909788107
14298,LSO,SVK,1287531.17844194
14299,LSO,SVN,2354.32495124787
14300,LSO,SWZ,3546786.59059904
14301,LSO,SYC,385.897920834457
14302,LSO,THA,61300.4955474258
14303,LSO,TTO,1.21529420681683
14304,LSO,TUR,6441.05929612922
14305,LSO,TZA,334773.209211098
14306,LSO,URY,129.406327577719
14307,LSO,USA,156293722.163938
14308,LSO,ZAF,154915607.017303
14309,LSO,ZMB,91809.924980862
14310,LSO,ZWE,183885.836353547
14311,LTU,AFG,3504591.41569962
14312,LTU,AGO,13460823.0710364
14313,LTU,ALB,4418140.24191026
14314,LTU,AND,331234.687581338
14315,LTU,ARE,39344162.7682123
14316,LTU,ARG,6976526.05062015
14317,LTU,ARM,7750886.88824101
14318,LTU,ATG,45330.4739142679
14319,LTU,AUS,60309935.4753007
14320,LTU,AUT,156592598.935091
14321,LTU,AZE,20784162.5736528
14322,LTU,BEL,348328554.782794
14323,LTU,BEN,1634276.13685678
14324,LTU,BGD,3054086.85444335
14325,LTU,BGR,49238011.8780515
14326,LTU,BHR,2019419.44000818
14327,LTU,BHS,17316504.0989346
14328,LTU,BIH,3907418.47985804
14329,LTU,BLR,588593563.795926
14330,LTU,BLZ,28889.4937682199
14331,LTU,BMU,33810.685124219
14332,LTU,BOL,479957.191352425
14333,LTU,BRA,17394092.3820422
14334,LTU,BRB,140038.401463611
14335,LTU,BWA,93948.2436398145
14336,LTU,CAN,78008503.6584481
14337,LTU,CHE,99554429.251955
14338,LTU,CHL,11414043.4169786
14339,LTU,CHN,243864087.302867
14340,LTU,CIV,7720464.41335813
14341,LTU,CMR,5464627.91487527
14342,LTU,COD,4389540.19021218
14343,LTU,COG,89879.8237286178
14344,LTU,COL,8571653.75015279
14345,LTU,COM,106349.745881147
14346,LTU,CPV,2776.67219598645
14347,LTU,CRI,1610925.37394279
14348,LTU,CUB,182144.80987383
14349,LTU,CYP,5875969.53129532
14350,LTU,CZE,213534823.485167
14351,LTU,DEU,1331740267.38359
14352,LTU,DJI,59189.8290827075
14353,LTU,DMA,145752.784841014
14354,LTU,DNK,424754910.602964
14355,LTU,DOM,16322411.9472394
14356,LTU,DZA,56315990.363978
14357,LTU,ECU,18463663.0896077
14358,LTU,EGY,41970087.8037848
14359,LTU,ESP,222579849.596571
14360,LTU,EST,760522092.941944
14361,LTU,ETH,926540.468317109
14362,LTU,FIN,329844793.106082
14363,LTU,FJI,76620.0487106829
14364,LTU,FRA,413097292.44623
14365,LTU,FRO,9909230.89506801
14366,LTU,GAB,533300.60509452
14367,LTU,GBR,697645312.796654
14368,LTU,GEO,18939411.9836864
14369,LTU,GHA,5063891.4018119
14370,LTU,GIB,121991.532552918
14371,LTU,GIN,5150849.95333876
14372,LTU,GMB,377302.840077933
14373,LTU,GNB,157604.654023378
14374,LTU,GNQ,108424.748212045
14375,LTU,GRC,30639858.0084867
14376,LTU,GRD,48442.2272290064
14377,LTU,GRL,213788.755458774
14378,LTU,GTM,13838544.6304808
14379,LTU,HKG,22990923.3015341
14380,LTU,HND,1622874.89676582
14381,LTU,HRV,26735957.4252654
14382,LTU,HTI,146097.868381221
14383,LTU,HUN,117720788.661734
14384,LTU,IDN,14135472.0127126
14385,LTU,IND,141522367.95097
14386,LTU,IRL,57811561.8902645
14387,LTU,IRN,15407415.9336836
14388,LTU,IRQ,2221497.29541137
14389,LTU,ISL,33960513.5517197
14390,LTU,ISR,49314672.9366901
14391,LTU,ITA,352972726.075863
14392,LTU,JAM,483623.578936859
14393,LTU,JOR,5931822.01645075
14394,LTU,JPN,135004101.901596
14395,LTU,KAZ,223632347.963647
14396,LTU,KEN,11296740.8680672
14397,LTU,KGZ,18961098.2336436
14398,LTU,KHM,1825395.87944433
14399,LTU,KNA,16751.0552111618
14400,LTU,KOR,41144221.9774805
14401,LTU,KWT,6942161.60643812
14402,LTU,LBN,2249604.59982179
14403,LTU,LBR,175784.055018355
14404,LTU,LBY,14986036.4232208
14405,LTU,LKA,5838457.89922029
14406,LTU,LUX,23608544.2364765
14407,LTU,LVA,1552024619.16069
14408,LTU,MAC,550428.841616339
14409,LTU,MAR,32274503.3792302
14410,LTU,MDA,13956666.2261726
14411,LTU,MDG,168434.775854086
14412,LTU,MEX,17151493.1519447
14413,LTU,MHL,22727.0019096203
14414,LTU,MKD,3904376.66847533
14415,LTU,MLI,784734.473942395
14416,LTU,MLT,3591732.51141804
14417,LTU,MNE,738006.661750824
14418,LTU,MNG,3889708.64753949
14419,LTU,MOZ,7133720.43382234
14420,LTU,MRT,774484.992677167
14421,LTU,MUS,1198991.84522852
14422,LTU,MYS,49762766.6293067
14423,LTU,NAM,1036040.05873438
14424,LTU,NCL,716700.003687854
14425,LTU,NER,357250.985786528
14426,LTU,NGA,217331489.336264
14427,LTU,NIC,221435.751696448
14428,LTU,NLD,862519659.217386
14429,LTU,NOR,557982795.170598
14430,LTU,NPL,1648727.63537538
14431,LTU,NZL,9385631.5205144
14432,LTU,OMN,5595965.20991493
14433,LTU,PAK,6973245.13135255
14434,LTU,PAN,446888.185779116
14435,LTU,PER,11270643.7452954
14436,LTU,PHL,4390577.90142848
14437,LTU,PNG,242656.243899792
14438,LTU,POL,1042503199.37611
14439,LTU,PRT,34139216.157281
14440,LTU,PRY,3432513.96669285
14441,LTU,PSE,1254790.76841731
14442,LTU,PYF,738950.84682567
14443,LTU,QAT,4514918.0975621
14444,LTU,ROU,65947897.1225033
14445,LTU,RUS,2192750391.66233
14446,LTU,SAU,105112592.95562
14447,LTU,SDN,25852251.4916284
14448,LTU,SEN,3869528.57120721
14449,LTU,SGP,45302052.4653072
14450,LTU,SLE,772121.420487284
14451,LTU,SLV,926140.25142984
14452,LTU,SMR,5979.9476670407
14453,LTU,SRB,27596957.3620779
14454,LTU,SVK,57317275.261943
14455,LTU,SVN,24148933.1405554
14456,LTU,SWE,747433154.781375
14457,LTU,SWZ,63229.2169656303
14458,LTU,SYC,113592.499256917
14459,LTU,SYR,166709.358153049
14460,LTU,TGO,2051989.7598562
14461,LTU,THA,10516487.6019665
14462,LTU,TJK,18761826.492564
14463,LTU,TKM,10560057.4516567
14464,LTU,TTO,890692.400969327
14465,LTU,TUN,3236253.2595451
14466,LTU,TUR,229605684.530226
14467,LTU,TZA,9505182.08013973
14468,LTU,UGA,2775158.82962026
14469,LTU,UKR,511478082.647536
14470,LTU,URY,1575875.12873731
14471,LTU,USA,726544873.001826
14472,LTU,UZB,235884691.735666
14473,LTU,VCT,57301.171863521
14474,LTU,VEN,228026.702279296
14475,LTU,VGB,1537.8722987497
14476,LTU,VNM,11119164.804227
14477,LTU,VUT,5730.88737280416
14478,LTU,YEM,732028.214447002
14479,LTU,ZAF,56330478.8419488
14480,LTU,ZMB,641950.907910382
14481,LTU,ZWE,569841.726221549
14482,LUX,ABW,354.611846885552
14483,LUX,AFG,1137684.06391731
14484,LUX,AGO,646804.08980218
14485,LUX,ALB,1016129.77571553
14486,LUX,AND,939582.980238492
14487,LUX,ARE,31542303.3091792
14488,LUX,ARG,3888375.13971471
14489,LUX,ARM,781153.336996025
14490,LUX,AUS,10208181.4860922
14491,LUX,AUT,161204492.89324
14492,LUX,AZE,9980386.02679384
14493,LUX,BDI,5553.78599888014
14494,LUX,BEL,840353693.358249
14495,LUX,BEN,67888.3918908817
14496,LUX,BFA,502084.303036476
14497,LUX,BGD,2520812.05759666
14498,LUX,BGR,22096982.1265791
14499,LUX,BHR,1734499.39459536
14500,LUX,BHS,566310.072754481
14501,LUX,BIH,1749765.48531606
14502,LUX,BLR,4316194.89427627
14503,LUX,BMU,22373.2977824819
14504,LUX,BOL,268202.318269948
14505,LUX,BRA,20840416.6920383
14506,LUX,BRB,89444.8579290923
14507,LUX,BRN,111840.239557784
14508,LUX,BWA,3597.9545176843
14509,LUX,CAF,12473.5241768998
14510,LUX,CAN,65536345.6162717
14511,LUX,CHE,109504996.936619
14512,LUX,CHL,7241118.47998326
14513,LUX,CHN,137996952.255485
14514,LUX,CIV,3820044.16768097
14515,LUX,CMR,635592.517627338
14516,LUX,COD,1146754.10765616
14517,LUX,COG,379086.938984921
14518,LUX,COL,3159108.76387267
14519,LUX,CPV,113989.724419928
14520,LUX,CRI,1462137.29929785
14521,LUX,CUB,166474.009178144
14522,LUX,CYM,647.067146484759
14523,LUX,CYP,2322154.34466519
14524,LUX,CZE,73657777.7586675
14525,LUX,DEU,1758548138.89401
14526,LUX,DJI,22741.9505284853
14527,LUX,DNK,81739412.2595754
14528,LUX,DOM,299781.808251033
14529,LUX,DZA,3412589.0901411
14530,LUX,ECU,499134.782496168
14531,LUX,EGY,13338769.8655532
14532,LUX,ERI,340027.584226499
14533,LUX,ESP,193115967.457447
14534,LUX,EST,4321021.90283184
14535,LUX,ETH,621105.268453981
14536,LUX,FIN,38249267.854488
14537,LUX,FJI,400539.472362395
14538,LUX,FRA,1282386484.967
14539,LUX,FRO,159550.454076097
14540,LUX,GAB,1181306.96795127
14541,LUX,GBR,253174258.389898
14542,LUX,GEO,4440236.36459228
14543,LUX,GHA,2914980.88620961
14544,LUX,GIB,5123956.81886299
14545,LUX,GIN,2215522.52899864
14546,LUX,GMB,137593.633617322
14547,LUX,GNB,945.47588733415
14548,LUX,GNQ,241.352928384169
14549,LUX,GRC,39241774.3403144
14550,LUX,GRL,60.7512070718771
14551,LUX,GTM,641989.917354057
14552,LUX,GUY,354344.050555566
14553,LUX,HKG,111461675.458872
14554,LUX,HND,199834.619845229
14555,LUX,HRV,8817727.15630283
14556,LUX,HTI,10319.1321267898
14557,LUX,HUN,55321249.0501291
14558,LUX,IDN,8496783.96015683
14559,LUX,IND,22815272.749335
14560,LUX,IRL,28449027.0519945
14561,LUX,IRN,21121341.700305
14562,LUX,IRQ,1588340.73499738
14563,LUX,ISL,2319719.05461335
14564,LUX,ISR,94861964.8397546
14565,LUX,ITA,305040131.963362
14566,LUX,JAM,22267.5216754712
14567,LUX,JOR,5716697.61214888
14568,LUX,JPN,41433564.0499081
14569,LUX,KAZ,3984103.40527452
14570,LUX,KEN,1442422.89169787
14571,LUX,KGZ,740525.150443965
14572,LUX,KHM,9260450.76389209
14573,LUX,KOR,37732856.6305916
14574,LUX,KWT,2245749.26299521
14575,LUX,LAO,168230.315356876
14576,LUX,LBN,1322638.69351171
14577,LUX,LBR,148660.853846448
14578,LUX,LBY,256986.565082938
14579,LUX,LCA,2046.28037768953
14580,LUX,LKA,310655.537138438
14581,LUX,LTU,13882672.8923552
14582,LUX,LVA,3736693.38404748
14583,LUX,MAC,553568.755748443
14584,LUX,MAR,9883767.74327233
14585,LUX,MDA,773621.783705576
14586,LUX,MDG,1043099.14764739
14587,LUX,MDV,192883.319526428
14588,LUX,MEX,30071189.8413685
14589,LUX,MKD,974951.918095297
14590,LUX,MLI,1757245.29157923
14591,LUX,MLT,118353381.326136
14592,LUX,MMR,188015.506592647
14593,LUX,MNE,317126.619702807
14594,LUX,MNG,77320.9783965833
14595,LUX,MOZ,2521844.00191687
14596,LUX,MRT,1278955.33934357
14597,LUX,MUS,225914.909541921
14598,LUX,MWI,773066.55679241
14599,LUX,MYS,7021868.14484755
14600,LUX,NAM,109580.36347137
14601,LUX,NCL,473840.021965803
14602,LUX,NER,501517.716873383
14603,LUX,NGA,16066421.9989243
14604,LUX,NIC,27066.252385351
14605,LUX,NLD,463117948.020074
14606,LUX,NOR,42874124.3882062
14607,LUX,NPL,48812.2368034802
14608,LUX,NZL,2123048.13365821
14609,LUX,OMN,170499011.863098
14610,LUX,PAK,3071589.74166319
14611,LUX,PAN,310822.243495865
14612,LUX,PER,4156157.10222203
14613,LUX,PHL,11307598.4215387
14614,LUX,PLW,38.0502114580405
14615,LUX,PNG,16388.9005382568
14616,LUX,POL,172980623.443773
14617,LUX,PRT,41075209.7630269
14618,LUX,PRY,636419.56884561
14619,LUX,PSE,56816.0994338364
14620,LUX,PYF,390775.045022372
14621,LUX,QAT,5869184.93533346
14622,LUX,ROU,51529554.5455304
14623,LUX,RUS,97441128.8816027
14624,LUX,RWA,1293020.83841675
14625,LUX,SAU,18963009.4223174
14626,LUX,SDN,514508.321228625
14627,LUX,SEN,3197805.83342659
14628,LUX,SGP,56329377.3652958
14629,LUX,SLB,28512.9736176209
14630,LUX,SLE,579423.310297611
14631,LUX,SLV,289261.796493915
14632,LUX,SMR,10213.059447983
14633,LUX,SPM,5689.42183454021
14634,LUX,SRB,8220360.54166615
14635,LUX,STP,13932.4588658876
14636,LUX,SUR,140345.244246232
14637,LUX,SVK,37270412.7734881
14638,LUX,SVN,21188004.2734412
14639,LUX,SWE,118036950.069272
14640,LUX,SYC,7191.91456836043
14641,LUX,SYR,81139.956421165
14642,LUX,TCD,316675.055885119
14643,LUX,TGO,1090991.95786973
14644,LUX,THA,10293907.8018109
14645,LUX,TJK,7748.37578033466
14646,LUX,TKM,1022161.09831977
14647,LUX,TTO,2385678.05142294
14648,LUX,TUN,2937213.94104111
14649,LUX,TUR,89526138.1159614
14650,LUX,TZA,1765216.44279058
14651,LUX,UGA,1536460.69551904
14652,LUX,UKR,8563241.81373312
14653,LUX,URY,1113860.69459149
14654,LUX,USA,253650806.539466
14655,LUX,UZB,4825348.59372106
14656,LUX,VCT,3927.16971637382
14657,LUX,VEN,53713.2512749196
14658,LUX,VNM,26305954.438672
14659,LUX,YEM,1007659.208102
14660,LUX,ZAF,18449858.0905981
14661,LUX,ZMB,641009.871097689
14662,LUX,ZWE,37200.043643543
14663,LVA,ABW,82.8290518290496
14664,LVA,AFG,788859.104461444
14665,LVA,AGO,10553607.9613196
14666,LVA,ALB,1439701.8594716
14667,LVA,AND,21423.0762462882
14668,LVA,ARE,36355118.0261128
14669,LVA,ARG,3016642.55316823
14670,LVA,ARM,3810655.35177155
14671,LVA,ATG,50024.8798684903
14672,LVA,AUS,23677867.3446934
14673,LVA,AUT,39922048.8513673
14674,LVA,AZE,10254003.0348893
14675,LVA,BDI,14483.697313499
14676,LVA,BEL,93701766.3163814
14677,LVA,BEN,574469.536553843
14678,LVA,BFA,1200296.47556245
14679,LVA,BGD,1813857.02903971
14680,LVA,BGR,22669949.388952
14681,LVA,BHR,354867.437260635
14682,LVA,BHS,184484.203210329
14683,LVA,BIH,2126526.66626541
14684,LVA,BLR,104567554.901543
14685,LVA,BLZ,206982.917354471
14686,LVA,BMU,120356.616761209
14687,LVA,BOL,634529.896380646
14688,LVA,BRA,10442817.5694162
14689,LVA,BRB,26511.1680066901
14690,LVA,BWA,17680.6507540724
14691,LVA,CAN,22805775.1160823
14692,LVA,CHE,32657083.9444763
14693,LVA,CHL,7151404.11781072
14694,LVA,CHN,100221738.870877
14695,LVA,CIV,4091244.65676882
14696,LVA,CMR,3163396.09677984
14697,LVA,COD,1934387.3878616
14698,LVA,COG,942688.967657383
14699,LVA,COK,936.827793743913
14700,LVA,COL,3106915.60309176
14701,LVA,COM,2993.27863356917
14702,LVA,CRI,609022.566389998
14703,LVA,CUB,4330937.458258
14704,LVA,CYM,28147.6706825629
14705,LVA,CYP,8733014.30693106
14706,LVA,CZE,85356330.1530447
14707,LVA,DEU,549558830.330997
14708,LVA,DJI,130927.368801885
14709,LVA,DMA,6181.9195617922
14710,LVA,DNK,346718903.214723
14711,LVA,DOM,6398521.03817388
14712,LVA,DZA,46323065.0650905
14713,LVA,ECU,14365340.1712844
14714,LVA,EGY,25449222.1074909
14715,LVA,ESP,92993702.308355
14716,LVA,EST,886157413.523739
14717,LVA,ETH,680373.334476827
14718,LVA,FIN,202142308.735997
14719,LVA,FRA,150527024.609458
14720,LVA,FRO,1966213.75760904
14721,LVA,GAB,127608.250286747
14722,LVA,GBR,470932661.288846
14723,LVA,GEO,15642348.6043074
14724,LVA,GHA,9053056.8915508
14725,LVA,GIB,702781.785269392
14726,LVA,GIN,2296306.67478271
14727,LVA,GMB,207181.136340692
14728,LVA,GNB,8272.07356071103
14729,LVA,GNQ,318170.643447287
14730,LVA,GRC,17774089.5163735
14731,LVA,GRL,17896.8345893487
14732,LVA,GTM,2682940.50477114
14733,LVA,GUY,111444.782322765
14734,LVA,HKG,22335535.6402616
14735,LVA,HND,452263.233007679
14736,LVA,HRV,9106763.12812755
14737,LVA,HTI,4459.64212097184
14738,LVA,HUN,40042394.0668684
14739,LVA,IDN,11083781.2383289
14740,LVA,IND,83511550.4970419
14741,LVA,IRL,31925286.7804636
14742,LVA,IRN,5682540.66870005
14743,LVA,IRQ,1231092.56939358
14744,LVA,ISL,27060540.6206076
14745,LVA,ISR,35114221.0682051
14746,LVA,ITA,121773585.29524
14747,LVA,JOR,1541209.34560505
14748,LVA,JPN,40469325.8609664
14749,LVA,KAZ,24293496.1753735
14750,LVA,KEN,12689366.3429624
14751,LVA,KGZ,5010610.9708171
14752,LVA,KHM,238426.050325309
14753,LVA,KNA,22005.7373009014
14754,LVA,KOR,49172260.4604941
14755,LVA,KWT,1775873.91582527
14756,LVA,LAO,131902.469360965
14757,LVA,LBN,1098445.41925515
14758,LVA,LBR,74280.1462509314
14759,LVA,LBY,5585814.5460721
14760,LVA,LCA,3940.84402674533
14761,LVA,LKA,599659.345176725
14762,LVA,LTU,1302342413.54805
14763,LVA,LUX,5890465.16799918
14764,LVA,MAC,101318.475876548
14765,LVA,MAR,35641187.1617973
14766,LVA,MDA,11204809.3546514
14767,LVA,MDG,5820520.16322925
14768,LVA,MDV,71896.3766715246
14769,LVA,MEX,7168102.80384399
14770,LVA,MHL,97095.8966453981
14771,LVA,MKD,1707329.44910727
14772,LVA,MLI,294090.17538123
14773,LVA,MLT,4640128.7884311
14774,LVA,MMR,67300.647605685
14775,LVA,MNE,677547.001758678
14776,LVA,MNG,1382652.01695162
14777,LVA,MOZ,7379442.95402748
14778,LVA,MRT,2984646.99946356
14779,LVA,MUS,200679.521884951
14780,LVA,MWI,237362.519358386
14781,LVA,MYS,5428425.08064307
14782,LVA,NAM,479233.030542574
14783,LVA,NCL,220383.550972428
14784,LVA,NGA,250280441.484211
14785,LVA,NIC,227510.047203866
14786,LVA,NLD,356364298.704694
14787,LVA,NOR,169102932.525068
14788,LVA,NPL,215563.458591167
14789,LVA,NZL,5120768.77407908
14790,LVA,OMN,1314683.55917784
14791,LVA,PAK,20463003.1021493
14792,LVA,PAN,1161330.14282344
14793,LVA,PER,6100504.68231576
14794,LVA,PHL,523542.674327232
14795,LVA,POL,278452459.694992
14796,LVA,PRT,16260663.9573594
14797,LVA,PRY,6354024.59916855
14798,LVA,PSE,232362.591941417
14799,LVA,PYF,112625.728214304
14800,LVA,QAT,1958847.66537455
14801,LVA,ROU,22902139.252078
14802,LVA,RUS,646536286.882599
14803,LVA,SAU,50006560.3515751
14804,LVA,SDN,165440.897075229
14805,LVA,SEN,660611.405372514
14806,LVA,SGP,9230716.53412434
14807,LVA,SLE,1390024.22866756
14808,LVA,SLV,468554.450898246
14809,LVA,SMR,11781.7497073574
14810,LVA,SOM,2952.72081505229
14811,LVA,SRB,6914031.57402555
14812,LVA,SUR,18283.5617109218
14813,LVA,SVK,38310158.7133678
14814,LVA,SVN,11441041.2868094
14815,LVA,SWE,463852801.472474
14816,LVA,SYC,66680.9530857548
14817,LVA,SYR,54651.3228697715
14818,LVA,TCD,3260582.74789571
14819,LVA,TGO,209110.77298046
14820,LVA,THA,8309010.47365408
14821,LVA,TJK,3423467.93376671
14822,LVA,TKM,1600204.92716298
14823,LVA,TTO,554312.258240662
14824,LVA,TUN,2094496.14009437
14825,LVA,TUR,86887518.3056501
14826,LVA,TZA,2216921.68771665
14827,LVA,UGA,4152306.71909468
14828,LVA,UKR,125063936.882782
14829,LVA,URY,415769.228286916
14830,LVA,USA,273691432.112545
14831,LVA,UZB,163337914.795752
14832,LVA,VCT,4977.13990040916
14833,LVA,VEN,16869.7514459662
14834,LVA,VGB,124144.508760271
14835,LVA,VNM,13066685.7135422
14836,LVA,VUT,7182.15470562544
14837,LVA,YEM,67764.6244283994
14838,LVA,ZAF,25845369.9386945
14839,LVA,ZMB,206985.202407652
14840,LVA,ZWE,9015788.95447114
14841,MAC,AGO,391982.800904259
14842,MAC,ALB,12438.3681660899
14843,MAC,AND,2203.87652965467
14844,MAC,ARE,493127.944319287
14845,MAC,ARG,368859.180978609
14846,MAC,ARM,237.977611264083
14847,MAC,AUS,27228166.9137386
14848,MAC,AUT,416787.632329202
14849,MAC,BEL,2464710.24508234
14850,MAC,BGR,70382.4486693756
14851,MAC,BHR,30346.6115173504
14852,MAC,BIH,7995.61563386633
14853,MAC,BLR,1300.31478918674
14854,MAC,BMU,937.196883095613
14855,MAC,BOL,5066.67157485539
14856,MAC,BRA,1440874.81692924
14857,MAC,BRB,16517.4986701809
14858,MAC,BRN,2675.30765695861
14859,MAC,CAN,6047361.7471069
14860,MAC,CHE,2967249.38272832
14861,MAC,CHL,139210.035427039
14862,MAC,CHN,61889737.6512247
14863,MAC,CIV,25247.6421236159
14864,MAC,CMR,244.04908108744
14865,MAC,COL,163793.977377532
14866,MAC,CRI,79266.1292921492
14867,MAC,CYP,7616.86444316168
14868,MAC,CZE,421315.99508654
14869,MAC,DEU,8108413.03764104
14870,MAC,DNK,126843.488647966
14871,MAC,DOM,49752.5544420698
14872,MAC,ECU,241533.910197496
14873,MAC,ESP,1090148.44966744
14874,MAC,EST,4615.49235027196
14875,MAC,FIN,143724.192745426
14876,MAC,FJI,883.419364262359
14877,MAC,FRA,5734885.02158259
14878,MAC,GBR,2947010.59268222
14879,MAC,GRC,29197.6003567913
14880,MAC,GTM,1953172.33745196
14881,MAC,HKG,470828516.669297
14882,MAC,HRV,121607.939690107
14883,MAC,HUN,2645900.53788008
14884,MAC,IDN,4599500.47884925
14885,MAC,IND,9974098.11257213
14886,MAC,IRL,224241.661470469
14887,MAC,ISL,1411.03109215419
14888,MAC,ISR,5427313.88163633
14889,MAC,ITA,4181699.26464515
14890,MAC,JPN,7273690.97685831
14891,MAC,KAZ,15.4987520449604
14892,MAC,KEN,1018.20499409873
14893,MAC,KHM,193343.904528027
14894,MAC,KOR,1483622.66562375
14895,MAC,KWT,89746.2263864503
14896,MAC,LBN,10953.65173568
14897,MAC,LKA,43325.8171131014
14898,MAC,LTU,5273.77671229775
14899,MAC,LUX,19023.7964120518
14900,MAC,LVA,36915.5772779601
14901,MAC,MAR,440856.920688799
14902,MAC,MDA,959.732338634365
14903,MAC,MDG,37865.9823585875
14904,MAC,MDV,23012.4055020936
14905,MAC,MEX,1140297.05098727
14906,MAC,MKD,1921.58018940652
14907,MAC,MLT,1125.33542897446
14908,MAC,MMR,383402.751786698
14909,MAC,MNE,789.540137330586
14910,MAC,MOZ,38228.656157166
14911,MAC,MUS,17102.0641858391
14912,MAC,MYS,5665373.18267644
14913,MAC,NGA,14889.936658726
14914,MAC,NIC,20202.0106422917
14915,MAC,NLD,15368749.0444359
14916,MAC,NOR,452008.422821469
14917,MAC,NZL,110020.203950992
14918,MAC,PAK,10080.0507483181
14919,MAC,PER,75315.8129722857
14920,MAC,PHL,7932902.95194708
14921,MAC,PLW,122937.204487712
14922,MAC,POL,3728846.7049692
14923,MAC,PRT,1326578.60631302
14924,MAC,PRY,10584.0622629073
14925,MAC,PYF,402.320396500813
14926,MAC,ROU,279408.226073519
14927,MAC,RUS,442218.995429261
14928,MAC,SAU,406992.650592359
14929,MAC,SGP,4076154.46713147
14930,MAC,SLV,64397.2497310709
14931,MAC,SVK,123428.167343392
14932,MAC,SVN,414322.442038907
14933,MAC,SWE,1302063.18545058
14934,MAC,SYC,14392.9623477517
14935,MAC,TGO,21179.2102095134
14936,MAC,THA,4241290.01578584
14937,MAC,TTO,27845.890625562
14938,MAC,TUN,232123.869149755
14939,MAC,TUR,16879.5863268621
14940,MAC,UKR,22466.2387822811
14941,MAC,URY,98455.1897124537
14942,MAC,USA,51983189.9497227
14943,MAC,VCT,27.8767485958726
14944,MAC,VNM,5029780.14392295
14945,MAC,ZAF,130797.475856504
14946,MAR,AFG,19882.9889113073
14947,MAR,AGO,14774244.4006449
14948,MAR,ALB,2081493.18074814
14949,MAR,AND,269192.570997168
14950,MAR,ARE,75912472.2106759
14951,MAR,ARG,122679098.45362
14952,MAR,ARM,851665.222000243
14953,MAR,AUS,22495328.1054254
14954,MAR,AUT,100415884.575011
14955,MAR,AZE,1137440.72450803
14956,MAR,BDI,185572.59519578
14957,MAR,BEL,214613616.115739
14958,MAR,BEN,21120599.3730973
14959,MAR,BFA,30550992.8278899
14960,MAR,BGD,56033455.948595
14961,MAR,BGR,31733464.3792716
14962,MAR,BHR,16165088.7028416
14963,MAR,BHS,295789.106670253
14964,MAR,BIH,5006408.6109808
14965,MAR,BLR,18982895.510479
14966,MAR,BLZ,27203.2030393114
14967,MAR,BMU,28579.0836219874
14968,MAR,BOL,419173.041305485
14969,MAR,BRA,599673110.509132
14970,MAR,BRB,1824.69173397993
14971,MAR,BRN,22022.9364645937
14972,MAR,BWA,1530671.45551983
14973,MAR,CAF,2071905.19812308
14974,MAR,CAN,145414673.218617
14975,MAR,CHE,136947483.203267
14976,MAR,CHL,5192910.69419346
14977,MAR,CHN,297877751.803895
14978,MAR,CIV,125356339.398603
14979,MAR,CMR,31694176.1190982
14980,MAR,COD,9650896.28514107
14981,MAR,COG,13490350.7262951
14982,MAR,COL,19864688.0409061
14983,MAR,COM,1115605.95509621
14984,MAR,CPV,2051112.34144469
14985,MAR,CRI,2843084.0684313
14986,MAR,CUB,341306.515839099
14987,MAR,CYP,1129216.46852332
14988,MAR,CZE,112703352.006008
14989,MAR,DEU,754925046.286225
14990,MAR,DJI,124371293.652924
14991,MAR,DNK,29816654.8967908
14992,MAR,DOM,4812563.57863629
14993,MAR,DZA,66859959.4243458
14994,MAR,ECU,1788954.17838559
14995,MAR,EGY,74594095.15135
14996,MAR,ESP,3635653783.22543
14997,MAR,EST,3928418.90878695
14998,MAR,ETH,144045448.317194
14999,MAR,FIN,12812511.2087222
15000,MAR,FJI,42410.6530638664
15001,MAR,FRA,3041850452.52464
15002,MAR,GAB,26103981.1790901
15003,MAR,GBR,370836747.574092
15004,MAR,GEO,2547553.56336511
15005,MAR,GHA,63699063.1072299
15006,MAR,GIB,1234.23479208456
15007,MAR,GIN,44001320.7026767
15008,MAR,GMB,6017641.92782774
15009,MAR,GNB,1835801.4279914
15010,MAR,GNQ,4770211.63278467
15011,MAR,GRC,32805177.5810069
15012,MAR,GTM,3810539.7182782
15013,MAR,GUY,280335.501054652
15014,MAR,HKG,54532425.1076799
15015,MAR,HND,1818704.96466145
15016,MAR,HRV,15169336.0696655
15017,MAR,HTI,458580.702384307
15018,MAR,HUN,37181346.0405981
15019,MAR,IDN,28813427.3535368
15020,MAR,IND,643356129.299583
15021,MAR,IRL,62212946.530863
15022,MAR,IRN,1198495.13998269
15023,MAR,IRQ,2505495.44764592
15024,MAR,ISL,2858267.20907087
15025,MAR,ISR,5076228.88855592
15026,MAR,ITA,610169854.064323
15027,MAR,JAM,142373.631792301
15028,MAR,JOR,14225461.2414268
15029,MAR,JPN,149505993.365161
15030,MAR,KAZ,3126019.73345161
15031,MAR,KEN,10694419.3134044
15032,MAR,KGZ,38969.433989781
15033,MAR,KHM,54711.3699063729
15034,MAR,KOR,86123408.3496335
15035,MAR,KWT,15825839.2284853
15036,MAR,LAO,28918.3257480648
15037,MAR,LBN,23754648.2783523
15038,MAR,LBR,2457576.80166908
15039,MAR,LBY,33949594.0802586
15040,MAR,LKA,1291323.35097726
15041,MAR,LTU,18322254.5779583
15042,MAR,LUX,3011936.67293623
15043,MAR,LVA,1859266.89667416
15044,MAR,MAC,458807.827368292
15045,MAR,MDA,2785559.34744947
15046,MAR,MDG,7461407.98968953
15047,MAR,MEX,162700800.233657
15048,MAR,MKD,13938374.8080598
15049,MAR,MLI,32422467.1848304
15050,MAR,MLT,6307431.15500572
15051,MAR,MNE,188203.145517574
15052,MAR,MNG,362752.337591776
15053,MAR,MOZ,21091846.4543921
15054,MAR,MRT,91797797.4994576
15055,MAR,MUS,3551087.63032445
15056,MAR,MYS,17191017.0866718
15057,MAR,NAM,7885307.13312246
15058,MAR,NCL,1231494.68874141
15059,MAR,NER,15053778.7437497
15060,MAR,NGA,79781397.7073867
15061,MAR,NIC,4944012.57771804
15062,MAR,NLD,441883798.358939
15063,MAR,NOR,55039084.7768526
15064,MAR,NZL,16094895.9801024
15065,MAR,OMN,20091042.2227901
15066,MAR,PAK,167994243.25241
15067,MAR,PAN,3454794.86060557
15068,MAR,PER,12772750.350639
15069,MAR,PHL,4693950.34392505
15070,MAR,POL,308767798.141541
15071,MAR,PRT,182175497.998023
15072,MAR,PRY,6984126.40956755
15073,MAR,PSE,2486632.36614084
15074,MAR,PYF,904054.174179689
15075,MAR,QAT,20476428.6297938
15076,MAR,ROU,109371775.464944
15077,MAR,RUS,196547872.211657
15078,MAR,RWA,4867278.23933932
15079,MAR,SAU,80211032.9694588
15080,MAR,SDN,2636193.89502893
15081,MAR,SEN,106388230.894364
15082,MAR,SGP,91026526.1727669
15083,MAR,SLE,5046381.69144025
15084,MAR,SLV,2512085.28295878
15085,MAR,SRB,31274570.2505109
15086,MAR,STP,14655.7784720946
15087,MAR,SUR,234383.710727815
15088,MAR,SVK,67378206.8257568
15089,MAR,SVN,34577847.5491984
15090,MAR,SWE,58930047.2479264
15091,MAR,SWZ,623205.04978355
15092,MAR,SYC,54535.1567474741
15093,MAR,SYR,23811967.8591723
15094,MAR,TCD,3479800.86223118
15095,MAR,TGO,26924486.4926844
15096,MAR,THA,24512751.8868108
15097,MAR,TON,93835.8474301636
15098,MAR,TTO,2144014.32629895
15099,MAR,TUN,49031781.0572697
15100,MAR,TUR,321126464.012749
15101,MAR,TZA,15577279.623459
15102,MAR,UGA,1390487.62034862
15103,MAR,UKR,45919817.0965367
15104,MAR,URY,16944741.001956
15105,MAR,USA,547927967.687503
15106,MAR,VCT,35660.6379735842
15107,MAR,VEN,590439.611199834
15108,MAR,VNM,10054340.9473119
15109,MAR,WLF,36172.757451005
15110,MAR,YEM,1881605.65809584
15111,MAR,ZAF,31774704.6605038
15112,MAR,ZWE,665662.383148106
15113,MDA,AFG,65039.7452708295
15114,MDA,AGO,13749.8286535042
15115,MDA,ALB,337312.158857568
15116,MDA,AND,77490.0668306795
15117,MDA,ARE,1547418.01414242
15118,MDA,ARG,31202.3186728498
15119,MDA,ARM,784988.990557536
15120,MDA,AUS,1610451.01410649
15121,MDA,AUT,26438104.1643905
15122,MDA,AZE,2021307.18700701
15123,MDA,BEL,6262595.592403
15124,MDA,BEN,14394.3091738006
15125,MDA,BFA,340805.004429752
15126,MDA,BGD,156226.32034684
15127,MDA,BGR,29086181.8838377
15128,MDA,BHR,750391.514961644
15129,MDA,BIH,1593179.04778956
15130,MDA,BLR,35687339.4376591
15131,MDA,BMU,740.139178005091
15132,MDA,BOL,514.784622617574
15133,MDA,BRA,1237998.70327818
15134,MDA,CAN,5945141.70147211
15135,MDA,CHE,30706284.5894923
15136,MDA,CHN,30243812.6310859
15137,MDA,CIV,188484.6296612
15138,MDA,CMR,46513.2602513551
15139,MDA,COG,12008.9071992123
15140,MDA,COL,210855.100259257
15141,MDA,COM,71.4277917332457
15142,MDA,CYP,7779389.96796345
15143,MDA,CZE,51946529.5747259
15144,MDA,DEU,154610759.435195
15145,MDA,DNK,481431.548274934
15146,MDA,DZA,11527.7907272132
15147,MDA,ECU,9507.80171431887
15148,MDA,EGY,5192705.73707603
15149,MDA,ESP,24509933.1534323
15150,MDA,EST,2905436.86822781
15151,MDA,ETH,3164439.18429767
15152,MDA,FIN,1891891.17458472
15153,MDA,FRA,17183283.4009478
15154,MDA,GAB,13063.4309856151
15155,MDA,GBR,21387474.6276025
15156,MDA,GEO,11398132.3386148
15157,MDA,GHA,267796.830106572
15158,MDA,GRC,17842451.2343504
15159,MDA,GRL,3310.30138062577
15160,MDA,HKG,739014.405712444
15161,MDA,HRV,1767523.39427333
15162,MDA,HUN,13989847.7589873
15163,MDA,IDN,7634225.64608161
15164,MDA,IND,75678.3312332106
15165,MDA,IRL,1419495.32973529
15166,MDA,IRN,35034.4813892728
15167,MDA,IRQ,3278676.22458953
15168,MDA,ISL,91879.4008000483
15169,MDA,ISR,2545117.63965987
15170,MDA,ITA,125564930.433762
15171,MDA,JOR,1913343.8790036
15172,MDA,JPN,10581698.9157719
15173,MDA,KAZ,6922464.83810837
15174,MDA,KGZ,480579.341966944
15175,MDA,KHM,23252.6291570954
15176,MDA,KOR,8671845.84034611
15177,MDA,KWT,467529.182694237
15178,MDA,LBN,11626773.6896925
15179,MDA,LBR,112025.619935947
15180,MDA,LKA,92231.3279970152
15181,MDA,LTU,3864970.15867521
15182,MDA,LUX,268299.773862671
15183,MDA,LVA,3983583.44339856
15184,MDA,MAC,84612.239515443
15185,MDA,MAR,1743420.7578406
15186,MDA,MEX,551969.12449866
15187,MDA,MKD,2200927.39070674
15188,MDA,MLI,276585.957839329
15189,MDA,MNE,192003.534041881
15190,MDA,MNG,463036.179997106
15191,MDA,MOZ,13984.7165167808
15192,MDA,MUS,22023.3805721063
15193,MDA,MYS,4464869.66099084
15194,MDA,NER,2606.69104577537
15195,MDA,NLD,17983510.0723483
15196,MDA,NOR,4045291.62614172
15197,MDA,NZL,191319.560460831
15198,MDA,PAK,140772.079077356
15199,MDA,PAN,1942.97036768864
15200,MDA,PER,76294.9500085433
15201,MDA,POL,73143515.0874075
15202,MDA,PRT,5051984.60533235
15203,MDA,ROU,388664634.839696
15204,MDA,RUS,176656089.291435
15205,MDA,SAU,2661963.82659198
15206,MDA,SEN,189220.807880308
15207,MDA,SGP,1109482.93179243
15208,MDA,SLE,54577.2124286039
15209,MDA,SLV,2048.14082808021
15210,MDA,SRB,9124774.48844208
15211,MDA,SVK,16377737.4113099
15212,MDA,SVN,1058568.28552315
15213,MDA,SWE,626732.277679245
15214,MDA,SWZ,355074.958998931
15215,MDA,SYC,10890.2688915232
15216,MDA,SYR,1889079.32137187
15217,MDA,TGO,12485.6936229634
15218,MDA,THA,1476218.80974718
15219,MDA,TJK,169735.090643272
15220,MDA,TKM,349371.578285129
15221,MDA,TUN,791892.16672611
15222,MDA,TUR,90716482.2726977
15223,MDA,UKR,37050323.7333129
15224,MDA,URY,97558.5826556237
15225,MDA,USA,30050536.8415476
15226,MDA,UZB,2428238.84483382
15227,MDA,VNM,605715.635825402
15228,MDA,ZAF,1010851.53342217
15229,MDA,ZMB,180.581216348308
15230,MDA,ZWE,101392.380767955
15231,MDG,AFG,38753.540724848
15232,MDG,AGO,26906.1586287485
15233,MDG,ALB,36649.8349452205
15234,MDG,AND,18399.850863003
15235,MDG,ARE,70827821.8223851
15236,MDG,ARG,733507.042451901
15237,MDG,ARM,121611.410530352
15238,MDG,AUS,6750064.67928699
15239,MDG,AUT,4707867.74664604
15240,MDG,AZE,170192.196302568
15241,MDG,BDI,11328.2674252339
15242,MDG,BEL,8573798.87045834
15243,MDG,BEN,29776.643535564
15244,MDG,BFA,190209.711780996
15245,MDG,BGD,364077.361362684
15246,MDG,BGR,1567.96558394006
15247,MDG,BHR,117736.342427097
15248,MDG,BIH,80965.1005908577
15249,MDG,BLR,39309.5163192606
15250,MDG,BMU,5732.56277839792
15251,MDG,BOL,97827.0346443356
15252,MDG,BRA,1425910.19418999
15253,MDG,BRB,31852.7786406922
15254,MDG,BRN,31721.5293669614
15255,MDG,BWA,3261.89216138757
15256,MDG,CAN,44012410.7534328
15257,MDG,CHE,23213082.9804838
15258,MDG,CHL,400736.000439269
15259,MDG,CHN,69342718.4643051
15260,MDG,CIV,268494.468995813
15261,MDG,CMR,312746.356298384
15262,MDG,COD,36506.1761673111
15263,MDG,COG,35949.1828265155
15264,MDG,COL,254151.671792386
15265,MDG,COM,4535521.29232581
15266,MDG,CPV,18577.2978205883
15267,MDG,CRI,27005.2276120524
15268,MDG,CYP,37856.4000388333
15269,MDG,CZE,2587238.83665021
15270,MDG,DEU,109198962.002068
15271,MDG,DJI,9550.66509098119
15272,MDG,DNK,1622861.12093087
15273,MDG,DOM,25857.5097645874
15274,MDG,DZA,422935.38211894
15275,MDG,EGY,894212.637172425
15276,MDG,ESP,23413527.951087
15277,MDG,EST,509168.703076977
15278,MDG,ETH,848589.971522363
15279,MDG,FIN,2157196.15644746
15280,MDG,FRA,277969704.081178
15281,MDG,GAB,44022.6668112901
15282,MDG,GBR,18144380.7730389
15283,MDG,GEO,850.83547612963
15284,MDG,GHA,95820.2848364794
15285,MDG,GIN,2008.79580316479
15286,MDG,GRC,528226.766284571
15287,MDG,GUY,21141.3805514485
15288,MDG,HKG,2431936.67452998
15289,MDG,HRV,28063.2107359155
15290,MDG,HUN,212285.891635117
15291,MDG,IDN,12986326.3195849
15292,MDG,IND,54642401.8881186
15293,MDG,IRL,528495.81841857
15294,MDG,IRN,221922.224465137
15295,MDG,ISL,138893.169217878
15296,MDG,ISR,973735.72867176
15297,MDG,ITA,12260315.3678385
15298,MDG,JOR,99886.4707068441
15299,MDG,JPN,59619178.0839797
15300,MDG,KAZ,171872.228016251
15301,MDG,KEN,8919068.81679207
15302,MDG,KHM,58445.8499751057
15303,MDG,KOR,27398998.4388143
15304,MDG,KWT,1066637.71902735
15305,MDG,LAO,46328.3454859113
15306,MDG,LBN,115304.413688988
15307,MDG,LBR,7048.93945595755
15308,MDG,LKA,2791289.70319357
15309,MDG,LTU,535.629668930383
15310,MDG,LUX,797640.947930776
15311,MDG,LVA,91926.8007749617
15312,MDG,MAC,29907.1111200582
15313,MDG,MAR,11701200.7975209
15314,MDG,MDA,66240.0358454634
15315,MDG,MDG,281961.226621528
15316,MDG,MDV,1330.72515113723
15317,MDG,MEX,1656702.0658806
15318,MDG,MKD,49608.0644629375
15319,MDG,MLI,1417.01053970016
15320,MDG,MNE,9879.31315237419
15321,MDG,MNG,6947.73695615729
15322,MDG,MOZ,482437.473296212
15323,MDG,MRT,725.054026087306
15324,MDG,MUS,11602150.0051209
15325,MDG,MWI,949151.193077554
15326,MDG,MYS,8091057.17401368
15327,MDG,NAM,270131.639833439
15328,MDG,NCL,4788.2101629932
15329,MDG,NER,66.8191760477243
15330,MDG,NGA,7508141.71881351
15331,MDG,NIC,1320.54968779077
15332,MDG,NLD,44748027.1785386
15333,MDG,NOR,2109290.2190472
15334,MDG,NZL,759694.416572331
15335,MDG,OMN,817365.550498823
15336,MDG,PAK,1221394.20754715
15337,MDG,PAN,40786.3738471331
15338,MDG,PER,554586.153047009
15339,MDG,PHL,28712.4509084614
15340,MDG,POL,8144734.73364812
15341,MDG,PRT,4788420.18033565
15342,MDG,PSE,13127.5129990316
15343,MDG,PYF,80709.021597486
15344,MDG,QAT,212320.855599435
15345,MDG,ROU,354860.649617436
15346,MDG,RUS,5268450.92799509
15347,MDG,RWA,522225.082855587
15348,MDG,SAU,2450805.64646105
15349,MDG,SDN,185133.708447044
15350,MDG,SEN,121910.239873024
15351,MDG,SGP,11622002.9672631
15352,MDG,SLV,12689.9170627845
15353,MDG,SRB,300066.642205605
15354,MDG,SVK,604176.058113795
15355,MDG,SVN,1756822.64376173
15356,MDG,SWE,12357844.2803113
15357,MDG,SWZ,69496.4741865525
15358,MDG,SYC,922292.217871294
15359,MDG,TCD,8514.05014007294
15360,MDG,THA,6753853.06540567
15361,MDG,TTO,45001.4492617071
15362,MDG,TUN,57262.922603876
15363,MDG,TUR,7315209.91655005
15364,MDG,TZA,1263127.05152231
15365,MDG,UGA,479963.413858813
15366,MDG,UKR,663840.26203644
15367,MDG,URY,56925.1058228561
15368,MDG,USA,313078178.628225
15369,MDG,VNM,7299097.07184129
15370,MDG,YEM,842249.60010145
15371,MDG,ZAF,41274224.0762866
15372,MDG,ZMB,39059.094695464
15373,MDG,ZWE,601435.926263747
15374,MDV,ARE,2272722.29631345
15375,MDV,AUS,862491.633932832
15376,MDV,AUT,539372.599544882
15377,MDV,BEL,150030.749980367
15378,MDV,BGD,1209972.12841133
15379,MDV,BHR,29744.7708195968
15380,MDV,BIH,200.018421841286
15381,MDV,BRA,6111.19594052941
15382,MDV,CAN,980769.713007279
15383,MDV,CHE,2579677.70369892
15384,MDV,CHN,2886243.72181834
15385,MDV,CRI,1189499.67329797
15386,MDV,CZE,237932.600367535
15387,MDV,DEU,11669204.7647003
15388,MDV,DNK,18947.0538336782
15389,MDV,EGY,6394.06191867943
15390,MDV,ESP,1568679.25621077
15391,MDV,EST,106.435766705662
15392,MDV,FIN,156476.471405137
15393,MDV,FRA,11640327.4888899
15394,MDV,GBR,5829871.78663484
15395,MDV,HKG,2591001.79861404
15396,MDV,IDN,264691.578365779
15397,MDV,IND,8869963.99415739
15398,MDV,IRL,284518.24764284
15399,MDV,IRN,7835.69791988142
15400,MDV,ISL,24698.1711038757
15401,MDV,ITA,4692273.68702837
15402,MDV,JOR,21126.2453874234
15403,MDV,JPN,1298490.9386564
15404,MDV,KOR,40980.4208233655
15405,MDV,KWT,609.14746662671
15406,MDV,LKA,4259013.38788219
15407,MDV,LUX,27635.5492046578
15408,MDV,LVA,30.2753292608493
15409,MDV,MAR,315.23331385825
15410,MDV,MEX,15265.6956250523
15411,MDV,MLT,251.914985319874
15412,MDV,MUS,343534.136616925
15413,MDV,MYS,587981.996243428
15414,MDV,NLD,1195105.52090028
15415,MDV,NOR,764610.874282376
15416,MDV,NZL,2075.65098792975
15417,MDV,PAK,18860.2173116931
15418,MDV,PHL,143325.615255034
15419,MDV,POL,386009.947954756
15420,MDV,PRT,58809.9186113562
15421,MDV,RUS,6133.40981821837
15422,MDV,SAU,71650.677190897
15423,MDV,SGP,255002.032153497
15424,MDV,SRB,276954.547069956
15425,MDV,SVK,6006.54960702209
15426,MDV,SVN,1490.08573024709
15427,MDV,SWE,6244.51671574365
15428,MDV,SYC,37262.726818319
15429,MDV,THA,35487344.0608967
15430,MDV,TUN,16004.904577862
15431,MDV,TZA,100.024214552826
15432,MDV,UKR,57659.2235431451
15433,MDV,USA,8381502.55203719
15434,MDV,VNM,1344237.69684764
15435,MDV,ZAF,55387.4705814948
15436,MEX,ABW,4616108.97204802
15437,MEX,AGO,7007190.06697706
15438,MEX,AIA,6223.00650840406
15439,MEX,ALB,2795718.0262326
15440,MEX,AND,328285.401097692
15441,MEX,ARE,612432692.058777
15442,MEX,ARG,472934752.977032
15443,MEX,ARM,5196257.80598541
15444,MEX,ATG,1599113.65247966
15445,MEX,AUS,1049164992.8561
15446,MEX,AUT,189049872.00047
15447,MEX,AZE,25072105.0333845
15448,MEX,BEL,1093567965.47745
15449,MEX,BEN,332734.081564991
15450,MEX,BFA,4555333.67314383
15451,MEX,BGD,4880700.55370591
15452,MEX,BGR,37450581.3934522
15453,MEX,BHR,28971370.4144841
15454,MEX,BHS,6987383.05395852
15455,MEX,BIH,7692177.59048864
15456,MEX,BLR,13274213.5133055
15457,MEX,BLZ,93750591.2907685
15458,MEX,BMU,3473837.07547649
15459,MEX,BOL,88867024.5631994
15460,MEX,BRA,2000283424.42934
15461,MEX,BRB,6613497.54117079
15462,MEX,BRN,2129438.5291893
15463,MEX,BWA,783203.01419604
15464,MEX,CAF,828797.641058279
15465,MEX,CAN,11170486730.0568
15466,MEX,CHE,547040212.672636
15467,MEX,CHL,795869017.673659
15468,MEX,CHN,8110670113.04945
15469,MEX,CIV,9662125.40406375
15470,MEX,CMR,5988778.64990603
15471,MEX,COG,881332.67410199
15472,MEX,COL,1463267488.31682
15473,MEX,COM,32962.9338947451
15474,MEX,CPV,104860.674396435
15475,MEX,CRI,488396969.332181
15476,MEX,CUB,161940887.663773
15477,MEX,CYM,8467002.81903246
15478,MEX,CYP,4984960.29362397
15479,MEX,CZE,453794520.712385
15480,MEX,DEU,4572989606.91974
15481,MEX,DMA,567850.605197216
15482,MEX,DNK,100891596.034527
15483,MEX,DOM,384693358.920788
15484,MEX,DZA,64446146.068234
15485,MEX,ECU,295451037.85922
15486,MEX,EGY,90297777.3457166
15487,MEX,ESP,1976156807.79332
15488,MEX,EST,16383779.9486291
15489,MEX,ETH,5599754.46224331
15490,MEX,FIN,151165873.527917
15491,MEX,FJI,677139.715660046
15492,MEX,FRA,779338377.750653
15493,MEX,FSM,7175.23703094697
15494,MEX,GAB,4571428.89808707
15495,MEX,GBR,1644232083.56464
15496,MEX,GEO,9987058.73616942
15497,MEX,GHA,10432007.9525494
15498,MEX,GMB,23671.1309709055
15499,MEX,GRC,24005340.7572193
15500,MEX,GRD,1394807.96124659
15501,MEX,GTM,1062189461.16236
15502,MEX,GUY,43773791.5618505
15503,MEX,HKG,592498911.229411
15504,MEX,HND,360630690.468784
15505,MEX,HRV,8583137.36518565
15506,MEX,HTI,24967075.2020374
15507,MEX,HUN,110093455.184156
15508,MEX,IDN,134761381.466157
15509,MEX,IND,1533434098.05141
15510,MEX,IRL,227122286.005456
15511,MEX,IRN,1252367.18169869
15512,MEX,IRQ,24674649.4095815
15513,MEX,ISL,7825664.59044372
15514,MEX,ISR,92589728.7611481
15515,MEX,ITA,553440204.842451
15516,MEX,JAM,53767111.7938461
15517,MEX,JOR,86762628.6504997
15518,MEX,JPN,2720786427.40053
15519,MEX,KAZ,5242765.27483474
15520,MEX,KEN,23674473.9566986
15521,MEX,KGZ,1961512.35646137
15522,MEX,KHM,7080583.84665025
15523,MEX,KNA,180336.657143726
15524,MEX,KOR,3178655361.84814
15525,MEX,KWT,121901128.66732
15526,MEX,LAO,696898.585023636
15527,MEX,LBN,12263530.8402622
15528,MEX,LBR,1225961.45921899
15529,MEX,LBY,4001728.76614364
15530,MEX,LCA,3953858.23731533
15531,MEX,LKA,6204290.69154983
15532,MEX,LSO,653.444190283574
15533,MEX,LTU,4198413.38091388
15534,MEX,LUX,20877403.5885818
15535,MEX,LVA,10781925.663046
15536,MEX,MAC,5640362.4409033
15537,MEX,MAR,50205434.2888516
15538,MEX,MDA,3137436.03218807
15539,MEX,MDG,676465.596464614
15540,MEX,MDV,184709.501252036
15541,MEX,MKD,15970749.9144652
15542,MEX,MLI,203299.216078619
15543,MEX,MLT,731804.660327476
15544,MEX,MMR,5694382.99707271
15545,MEX,MNE,1501743.81651714
15546,MEX,MNG,5996587.00020541
15547,MEX,MOZ,3743903.9781379
15548,MEX,MRT,180463.562365819
15549,MEX,MSR,92824.5531090484
15550,MEX,MUS,2901630.17767786
15551,MEX,MWI,143440.222499947
15552,MEX,MYS,201700016.520842
15553,MEX,NAM,3181420.86534033
15554,MEX,NER,1252095.90802689
15555,MEX,NGA,65762839.6270064
15556,MEX,NIC,359968581.180794
15557,MEX,NLD,1020480959.58017
15558,MEX,NOR,145152217.861611
15559,MEX,NPL,2146830.2044862
15560,MEX,NZL,141558405.862276
15561,MEX,OMN,15556805.5989658
15562,MEX,PAK,57081786.2991481
15563,MEX,PAN,580612609.211308
15564,MEX,PER,756691706.475528
15565,MEX,PHL,56894694.9607845
15566,MEX,PNG,312766.103078821
15567,MEX,POL,350044643.225339
15568,MEX,PRT,33633998.5332085
15569,MEX,PRY,70525119.7081663
15570,MEX,PSE,3481019.67929084
15571,MEX,PYF,3069909.68144261
15572,MEX,QAT,95268714.953632
15573,MEX,ROU,42743358.8325772
15574,MEX,RUS,507656389.280606
15575,MEX,RWA,238141.956049804
15576,MEX,SAU,417884326.146417
15577,MEX,SDN,248413.13756838
15578,MEX,SEN,2514230.67082909
15579,MEX,SGP,1144918010.98769
15580,MEX,SLV,472347379.03149
15581,MEX,SRB,24874320.2472772
15582,MEX,SUR,5679885.72847378
15583,MEX,SVK,61511441.0535711
15584,MEX,SVN,36441189.7499503
15585,MEX,SWE,75982193.3942616
15586,MEX,SWZ,165349.473942886
15587,MEX,SYC,75457.1021765523
15588,MEX,TCA,214890.022061
15589,MEX,TGO,1175889.46144387
15590,MEX,THA,359527094.915249
15591,MEX,TLS,4570.57647672701
15592,MEX,TTO,59812263.2783774
15593,MEX,TUN,20272056.0143593
15594,MEX,TUR,416840749.688219
15595,MEX,TZA,4496181.56169206
15596,MEX,UGA,5263328.18284556
15597,MEX,UKR,110940393.121743
15598,MEX,URY,85327811.2459907
15599,MEX,USA,165256829352.343
15600,MEX,UZB,9087897.47099895
15601,MEX,VCT,1381413.23205801
15602,MEX,VEN,134969552.361605
15603,MEX,VGB,194953.195616331
15604,MEX,VNM,258727142.100846
15605,MEX,ZAF,223063967.091579
15606,MEX,ZMB,2543931.16693036
15607,MEX,ZWE,12622719.9252372
15608,MHL,AGO,97270.1963410725
15609,MHL,AUS,143170.745263036
15610,MHL,BEL,46.4242387004031
15611,MHL,BRA,108529.773637325
15612,MHL,CHN,3840467.22683621
15613,MHL,COL,19852.7410887054
15614,MHL,CZE,191919.461188944
15615,MHL,DEU,4040665.05510944
15616,MHL,DNK,73393365.7824898
15617,MHL,ECU,20923.6203345509
15618,MHL,ESP,69555.0648705901
15619,MHL,FRA,1453666.68467295
15620,MHL,GBR,554428.010762832
15621,MHL,GRC,4200362.12517935
15622,MHL,HKG,5513.99886693639
15623,MHL,IDN,25988289.924752
15624,MHL,IND,889816.361391614
15625,MHL,ITA,7426071.75474967
15626,MHL,JPN,3273197.94687022
15627,MHL,KHM,30698.4817005151
15628,MHL,KIR,44571.8392587499
15629,MHL,KOR,469228.093978417
15630,MHL,LBN,13616.796448149
15631,MHL,LKA,363.488995927115
15632,MHL,MEX,32991.9869281041
15633,MHL,MKD,1248.57726420929
15634,MHL,MYS,5440411.49939812
15635,MHL,NLD,106029149.759023
15636,MHL,NZL,158.59289326316
15637,MHL,PAK,6900157.4352782
15638,MHL,PER,1353.45765437865
15639,MHL,PHL,2721490.83730194
15640,MHL,POL,38983418.8753387
15641,MHL,PRT,6335.01062313388
15642,MHL,SAU,657.759234899383
15643,MHL,SGP,13846.4280389507
15644,MHL,SVK,424.428748643424
15645,MHL,SWE,247391.462234157
15646,MHL,THA,26638150.4264715
15647,MHL,TUN,6092.73497137046
15648,MHL,TUR,18964359.5231591
15649,MHL,UKR,259825.935457332
15650,MHL,USA,16303923.9665413
15651,MHL,ZAF,3869761.0624903
15652,MKD,AFG,7551.76818420962
15653,MKD,ALB,42732307.4556835
15654,MKD,AND,23286.4563462151
15655,MKD,ARE,1705760.53379341
15656,MKD,ARG,1503176.29430126
15657,MKD,ARM,576677.271017453
15658,MKD,AUS,4362842.28399861
15659,MKD,AUT,58177069.5003717
15660,MKD,AZE,300961.348802358
15661,MKD,BEL,90321923.6152123
15662,MKD,BGD,46971.4161649036
15663,MKD,BGR,172688985.657083
15664,MKD,BHR,128318.079127016
15665,MKD,BIH,45210824.4486988
15666,MKD,BLR,4923391.8887192
15667,MKD,BOL,81746.0096387145
15668,MKD,BRA,2273455.37378191
15669,MKD,BRB,14098.6631017572
15670,MKD,CAN,6445359.47514627
15671,MKD,CHE,39719354.2691626
15672,MKD,CHL,62070.6764981507
15673,MKD,CHN,113594246.679945
15674,MKD,CIV,646051.110515753
15675,MKD,COL,168871.946687421
15676,MKD,CRI,5060.45506992093
15677,MKD,CYP,1167849.20100208
15678,MKD,CZE,135091628.91474
15679,MKD,DEU,1594670026.20442
15680,MKD,DNK,4250539.97357952
15681,MKD,DOM,212276.694408589
15682,MKD,DZA,210019.072867971
15683,MKD,EGY,677291.612932387
15684,MKD,ESP,50975565.5570491
15685,MKD,EST,825353.642311271
15686,MKD,ETH,24984.5484320776
15687,MKD,FIN,10259715.6423368
15688,MKD,FRA,29214305.4958868
15689,MKD,GBR,81238702.3412595
15690,MKD,GEO,529074.812085357
15691,MKD,GHA,124240.461989291
15692,MKD,GNQ,63417.40252289
15693,MKD,GRC,125766750.499757
15694,MKD,GTM,62530.1377276991
15695,MKD,HKG,1699005.21191842
15696,MKD,HRV,47219997.8432735
15697,MKD,HUN,190000214.064342
15698,MKD,IDN,3036486.59365063
15699,MKD,IND,1703436.74673499
15700,MKD,IRL,1012757.3838036
15701,MKD,IRN,278175.842729646
15702,MKD,IRQ,1774874.68392431
15703,MKD,ISL,204703.873627822
15704,MKD,ISR,2812653.80666332
15705,MKD,ITA,87218710.0718408
15706,MKD,JOR,937179.248826587
15707,MKD,JPN,8125025.05719349
15708,MKD,KAZ,897788.327800313
15709,MKD,KEN,33346.6377844333
15710,MKD,KOR,12756157.1936529
15711,MKD,KWT,299814.581184931
15712,MKD,LBN,224000.727643544
15713,MKD,LBR,8205.98156070311
15714,MKD,LBY,1556195.86464511
15715,MKD,LKA,1024.82359637569
15716,MKD,LTU,1953344.71418211
15717,MKD,LUX,1933929.00139223
15718,MKD,LVA,2040939.0796312
15719,MKD,MAC,8101.40774475135
15720,MKD,MAR,1852785.22104535
15721,MKD,MDA,3111733.3098955
15722,MKD,MDG,310.766732557393
15723,MKD,MDV,7524.25652399687
15724,MKD,MEX,9833694.60872201
15725,MKD,MLI,7411.66426688548
15726,MKD,MLT,296325.968637507
15727,MKD,MNE,14897362.9615367
15728,MKD,MNG,44687.7683236588
15729,MKD,MUS,33593.142459988
15730,MKD,MYS,12398562.4646507
15731,MKD,NAM,2398.50964778443
15732,MKD,NGA,1895.51737994156
15733,MKD,NIC,37226.5620633053
15734,MKD,NLD,63392697.5671436
15735,MKD,NOR,4695238.87686201
15736,MKD,NZL,234679.908933523
15737,MKD,OMN,15946.8305188927
15738,MKD,PAK,192323.203929775
15739,MKD,PAN,16216.5308098022
15740,MKD,PER,65288.9506001772
15741,MKD,POL,162600160.370064
15742,MKD,PRK,136.52805165388
15743,MKD,PRT,3410115.55683107
15744,MKD,PYF,43950.4583305623
15745,MKD,QAT,5419122.69865817
15746,MKD,ROU,65453900.527395
15747,MKD,RUS,46999317.8095265
15748,MKD,SAU,13426804.3845577
15749,MKD,SGP,355588.337281092
15750,MKD,SLV,111277.953935797
15751,MKD,SMR,148.04083874891
15752,MKD,SRB,261657878.736816
15753,MKD,SUR,9891.36456986459
15754,MKD,SVK,50562139.0268987
15755,MKD,SVN,63117815.3667617
15756,MKD,SWE,15544068.2094105
15757,MKD,SYC,98.0807440640645
15758,MKD,SYR,44392.401819295
15759,MKD,THA,829105.420567669
15760,MKD,TJK,3052.23890707948
15761,MKD,TUN,32702231.0820072
15762,MKD,TUR,65382300.1988929
15763,MKD,UGA,13347.1861790325
15764,MKD,UKR,7625701.77756464
15765,MKD,URY,153085.995115215
15766,MKD,USA,82198144.594668
15767,MKD,VNM,514704.718273778
15768,MKD,ZAF,1739349.57075951
15769,MLI,AGO,46461.0721172911
15770,MLI,ALB,3642.1862256017
15771,MLI,ARE,1475175880.48016
15772,MLI,ARG,39.8596494993011
15773,MLI,AUS,141089944.417393
15774,MLI,AUT,112821.350571916
15775,MLI,BDI,89438.168309623
15776,MLI,BEL,478159.156571745
15777,MLI,BEN,479605.122621195
15778,MLI,BFA,22464663.9315304
15779,MLI,BIH,587.007106735442
15780,MLI,BLR,15453.7411484116
15781,MLI,BOL,3287.6358936081
15782,MLI,BRA,174512.247130315
15783,MLI,BRN,591.27313948612
15784,MLI,CAN,1170583.39441451
15785,MLI,CHE,750147793.311323
15786,MLI,CHN,84346584.20377
15787,MLI,CIV,4686518.26971719
15788,MLI,CMR,82894.4676653671
15789,MLI,COG,21694.4569440022
15790,MLI,COL,65541.7718048809
15791,MLI,CRI,160.638888571838
15792,MLI,CZE,139173.692128802
15793,MLI,DEU,1863971.36956545
15794,MLI,DNK,2876967.51166931
15795,MLI,EGY,186694.016177118
15796,MLI,ESP,1421707.06766809
15797,MLI,EST,5246.38007993173
15798,MLI,ETH,22664.5067803677
15799,MLI,FIN,226025.632346463
15800,MLI,FJI,8768.70128778191
15801,MLI,FRA,4153716.11229032
15802,MLI,GAB,22792.7978379532
15803,MLI,GBR,2599384.77702336
15804,MLI,GMB,2418.91158682677
15805,MLI,HKG,2582430.81419092
15806,MLI,HRV,164.039711866634
15807,MLI,IDN,1573697.97167608
15808,MLI,IND,9292254.73821789
15809,MLI,IRL,33852.604772417
15810,MLI,ISL,5124.68411893281
15811,MLI,ISR,1500.36321829239
15812,MLI,ITA,539211.640078703
15813,MLI,JPN,1991261.78040743
15814,MLI,KAZ,732.2522686876
15815,MLI,KEN,64258.0010207812
15816,MLI,KHM,287.569616839374
15817,MLI,KOR,602647.393043994
15818,MLI,KWT,52822.2875842746
15819,MLI,LBR,18211.408743633
15820,MLI,LCA,820.808707041945
15821,MLI,LKA,936.077612134767
15822,MLI,LTU,68.5165869686857
15823,MLI,LUX,6006.13250604741
15824,MLI,MAR,1404842.92207923
15825,MLI,MDA,2408.58308643205
15826,MLI,MDG,2673.37718961774
15827,MLI,MEX,1034759.50172829
15828,MLI,MKD,1314.29817438122
15829,MLI,MNE,19.0926220738434
15830,MLI,MOZ,11208.990549864
15831,MLI,MRT,9496258.67189942
15832,MLI,MUS,10380.7900533666
15833,MLI,MWI,1758.23514570996
15834,MLI,MYS,10490999.9612424
15835,MLI,NAM,1040.97400617846
15836,MLI,NER,663261.291875344
15837,MLI,NGA,4855.6614920769
15838,MLI,NIC,72.8876451446442
15839,MLI,NLD,4956387.64105886
15840,MLI,NOR,141801.158704061
15841,MLI,NZL,37284.2050179099
15842,MLI,PAK,168067.755003143
15843,MLI,PER,3413.61139062666
15844,MLI,POL,643936.888690328
15845,MLI,PRT,951088.427556659
15846,MLI,PYF,540.352812341567
15847,MLI,QAT,13158.3669683737
15848,MLI,ROU,5402.8629623889
15849,MLI,RUS,235960.047838392
15850,MLI,RWA,165398.965924246
15851,MLI,SAU,107806.76260582
15852,MLI,SEN,1367656.15314932
15853,MLI,SGP,159535.468948394
15854,MLI,SRB,28635.9323843285
15855,MLI,SVK,19340.9181830808
15856,MLI,SVN,13049.9042109601
15857,MLI,SWE,305709.818344667
15858,MLI,SYC,5774.36039705418
15859,MLI,TGO,145060.533756089
15860,MLI,THA,2201221.4944054
15861,MLI,TTO,2585.85350127866
15862,MLI,TUN,102850.42374107
15863,MLI,TUR,1903738.87025673
15864,MLI,TZA,196792.390861421
15865,MLI,UGA,1213.29372252578
15866,MLI,UKR,625779.027909956
15867,MLI,USA,1174028.21686092
15868,MLI,ZAF,40939.5449278464
15869,MLI,ZMB,258119.683396046
15870,MLI,ZWE,188.925736447378
15871,MLT,AGO,3902116.23125307
15872,MLT,ALB,414974.582913675
15873,MLT,AND,6520.66606788645
15874,MLT,ARE,18138861.5043962
15875,MLT,ARG,408166.97688138
15876,MLT,ARM,62773.7717082962
15877,MLT,AUS,7846526.5908609
15878,MLT,AUT,9823015.8300295
15879,MLT,AZE,92617.3164397639
15880,MLT,BDI,198067.721602297
15881,MLT,BEL,19867034.2523932
15882,MLT,BGD,3404276.950881
15883,MLT,BGR,17433568.0165765
15884,MLT,BHR,967704.608616554
15885,MLT,BHS,18596.0263545212
15886,MLT,BIH,1983682.9086618
15887,MLT,BLR,443657.403649059
15888,MLT,BLZ,129686.060797469
15889,MLT,BMU,682.965336966695
15890,MLT,BOL,31910.4350985658
15891,MLT,BRA,6506197.06513032
15892,MLT,BRB,62061.5242825191
15893,MLT,CAF,81872.4412461514
15894,MLT,CAN,12370751.0668754
15895,MLT,CHE,14288603.9379469
15896,MLT,CHL,6841118.14013779
15897,MLT,CHN,193853237.830952
15898,MLT,CIV,3433016.12825959
15899,MLT,CMR,1131566.53444352
15900,MLT,COD,4937269.60983379
15901,MLT,COG,383279.556462722
15902,MLT,COL,1067002.46232693
15903,MLT,CPV,7712133.15046846
15904,MLT,CRI,63391.4812476886
15905,MLT,CYM,834.576039932996
15906,MLT,CYP,5675736.93110425
15907,MLT,CZE,22883704.8453495
15908,MLT,DEU,243982971.138587
15909,MLT,DJI,4224913.28969486
15910,MLT,DNK,11934548.3369052
15911,MLT,DOM,581091.754706159
15912,MLT,DZA,1090833.38848216
15913,MLT,ECU,15106.3865584129
15914,MLT,EGY,7695401.48095032
15915,MLT,ESP,50799881.6502753
15916,MLT,EST,2300920.34919288
15917,MLT,ETH,12809503.6496315
15918,MLT,FIN,3840133.66658564
15919,MLT,FRA,154694023.639368
15920,MLT,GAB,38175.815365102
15921,MLT,GBR,38079221.9871098
15922,MLT,GEO,2511633.73864581
15923,MLT,GHA,12099577.4732986
15924,MLT,GIB,37681.0305841843
15925,MLT,GIN,2094786.30734006
15926,MLT,GMB,401978.976347464
15927,MLT,GNB,92151.838253589
15928,MLT,GRC,25410330.1127482
15929,MLT,GTM,141234.173944474
15930,MLT,GUY,239422.26549596
15931,MLT,HKG,115270590.412816
15932,MLT,HRV,4526162.17260546
15933,MLT,HUN,30401144.4515598
15934,MLT,IDN,478516.842662865
15935,MLT,IND,61932468.7808718
15936,MLT,IRL,15014703.0765423
15937,MLT,IRN,35171.018443106
15938,MLT,IRQ,1040993.59342028
15939,MLT,ISL,1080059.21769647
15940,MLT,ISR,55239372.7289436
15941,MLT,ITA,127316442.004282
15942,MLT,JAM,2093503.88188164
15943,MLT,JOR,2439972.97151227
15944,MLT,JPN,91480596.6302799
15945,MLT,KAZ,150059.482436119
15946,MLT,KEN,1838599.97148214
15947,MLT,KGZ,1328677.32838615
15948,MLT,KHM,126504.725137756
15949,MLT,KOR,56131292.1509587
15950,MLT,KWT,2867355.14914218
15951,MLT,LAO,402.277386088555
15952,MLT,LBN,24412741.0049856
15953,MLT,LBR,758572.087371124
15954,MLT,LBY,34761325.9229105
15955,MLT,LKA,416155.976913695
15956,MLT,LTU,1765115.56236875
15957,MLT,LUX,640949.805556608
15958,MLT,LVA,539578.420871531
15959,MLT,MAC,169293.300191588
15960,MLT,MAR,1336543.82326158
15961,MLT,MDA,57180.3426123412
15962,MLT,MDG,283048.754397765
15963,MLT,MDV,274932.598582698
15964,MLT,MEX,22953445.7287043
15965,MLT,MKD,76082.593599837
15966,MLT,MLI,916185.318971022
15967,MLT,MMR,42542.0638767037
15968,MLT,MNE,16929.7299659807
15969,MLT,MOZ,1785025.84088651
15970,MLT,MRT,135603.497831504
15971,MLT,MUS,353434.532873243
15972,MLT,MWI,1160529.35696367
15973,MLT,MYS,58744785.5119855
15974,MLT,NAM,111659.210733076
15975,MLT,NCL,1061.35694062004
15976,MLT,NER,566368.784467818
15977,MLT,NGA,15179915.3182631
15978,MLT,NIC,86080.3639291428
15979,MLT,NLD,33607645.1178916
15980,MLT,NOR,4155073.7114473
15981,MLT,NPL,71665.0196630218
15982,MLT,NZL,1887003.48383878
15983,MLT,OMN,5914012.15441632
15984,MLT,PAK,861977.280414579
15985,MLT,PAN,53149.8668869351
15986,MLT,PER,194365.543353412
15987,MLT,PHL,36619973.7162079
15988,MLT,POL,30115992.43549
15989,MLT,PRT,20275856.7024561
15990,MLT,PRY,121527.920318465
15991,MLT,PSE,172436.514622651
15992,MLT,PYF,113384.345365585
15993,MLT,QAT,3404564.10389699
15994,MLT,ROU,12486385.0303441
15995,MLT,RUS,10814950.9080255
15996,MLT,SAU,26829285.6818145
15997,MLT,SDN,18831923.8842248
15998,MLT,SEN,2844616.35937888
15999,MLT,SGP,94952290.7534757
16000,MLT,SLE,1517925.05478308
16001,MLT,SLV,13374.0176745863
16002,MLT,SMR,1045.36256859197
16003,MLT,SOM,528891.114114483
16004,MLT,SRB,6235564.0484201
16005,MLT,STP,67443.8372700281
16006,MLT,SVK,8238577.68729861
16007,MLT,SVN,3987222.419347
16008,MLT,SWE,23583530.5299857
16009,MLT,SWZ,147100.711156328
16010,MLT,SYC,86664.5423510907
16011,MLT,TCD,522812.588583032
16012,MLT,TGO,625770.503846392
16013,MLT,THA,10925700.2414892
16014,MLT,TKM,2067802.24735241
16015,MLT,TTO,773787.322780419
16016,MLT,TUN,17106949.0959119
16017,MLT,TUR,53577704.4608105
16018,MLT,TZA,38512.1792944056
16019,MLT,UGA,1373174.92167093
16020,MLT,UKR,5855575.43815236
16021,MLT,URY,18953.3633611322
16022,MLT,USA,88409960.3939479
16023,MLT,VCT,7423.80220532147
16024,MLT,VNM,19511000.3777534
16025,MLT,YEM,733153.214794858
16026,MLT,ZAF,2880368.64353881
16027,MLT,ZMB,5894.78755089149
16028,MLT,ZWE,39.8146386027524
16029,MMR,AGO,3988409.42920654
16030,MMR,ALB,489838.307441267
16031,MMR,AND,320034.919764177
16032,MMR,ARE,45443890.3358988
16033,MMR,ARG,1819480.87249858
16034,MMR,ARM,988504.118905688
16035,MMR,AUS,20430684.1891636
16036,MMR,AUT,88102535.6689468
16037,MMR,AZE,741587.138537379
16038,MMR,BEL,111435430.008692
16039,MMR,BFA,4546979.19463396
16040,MMR,BGD,32145986.5119792
16041,MMR,BGR,3109608.95311654
16042,MMR,BHR,9852449.84411896
16043,MMR,BIH,2895178.27975785
16044,MMR,BLR,1683207.48249495
16045,MMR,BOL,306083.493806605
16046,MMR,BRA,6379205.82221298
16047,MMR,BRN,367794.593255859
16048,MMR,BWA,702.45805589875
16049,MMR,CAN,65444503.7195509
16050,MMR,CHE,71822554.9302475
16051,MMR,CHL,5038385.21209729
16052,MMR,CHN,3343212950.58598
16053,MMR,CIV,5090484.32961156
16054,MMR,COL,4318284.46513402
16055,MMR,CRI,782559.677452637
16056,MMR,CYP,208185.923086408
16057,MMR,CZE,61077612.5903798
16058,MMR,DEU,641867227.778017
16059,MMR,DNK,65445905.7709692
16060,MMR,DOM,244751.636166827
16061,MMR,DZA,333696.853639506
16062,MMR,EGY,48759.3039891388
16063,MMR,ESP,360308407.397272
16064,MMR,EST,3562654.85709861
16065,MMR,FIN,18799872.9586153
16066,MMR,FJI,107911.570478434
16067,MMR,FRA,124006815.47903
16068,MMR,FRO,5372.19053699627
16069,MMR,GBR,244232419.706319
16070,MMR,GIN,5107918.44018148
16071,MMR,GRC,5901291.2933624
16072,MMR,HKG,48163396.5427477
16073,MMR,HRV,3456943.88085523
16074,MMR,HUN,2633264.70891132
16075,MMR,IDN,93647081.7324595
16076,MMR,IND,347881823.29745
16077,MMR,IRL,18653637.0398139
16078,MMR,ISL,1096697.49060451
16079,MMR,ISR,3102163.29311973
16080,MMR,ITA,142862579.338601
16081,MMR,JOR,307856.987146123
16082,MMR,JPN,653026726.362524
16083,MMR,KAZ,1802199.0387929
16084,MMR,KHM,15304149.7843008
16085,MMR,KOR,232991878.283402
16086,MMR,KWT,6761897.96697101
16087,MMR,LBN,1214440.50014563
16088,MMR,LKA,11661255.1822104
16089,MMR,LTU,12113237.751273
16090,MMR,LUX,1707138.78645033
16091,MMR,LVA,389943.745275586
16092,MMR,MAC,887643.375840261
16093,MMR,MAR,1948995.10819944
16094,MMR,MDA,628781.719822357
16095,MMR,MDG,16258743.2763877
16096,MMR,MDV,34907.6156767447
16097,MMR,MEX,31634967.4114452
16098,MMR,MKD,827435.581321449
16099,MMR,MLT,531.820746840211
16100,MMR,MNE,569009.646786011
16101,MMR,MUS,470638.293369227
16102,MMR,MYS,111443045.191728
16103,MMR,NER,4620921.58511864
16104,MMR,NIC,134292.20538477
16105,MMR,NLD,215936632.141598
16106,MMR,NOR,22182980.3606257
16107,MMR,NZL,3853589.69611422
16108,MMR,OMN,3220307.33924656
16109,MMR,PAK,22531597.3447334
16110,MMR,PER,3708376.21933263
16111,MMR,PHL,60054445.8951182
16112,MMR,POL,179080957.155199
16113,MMR,PRT,4763263.50523396
16114,MMR,PRY,68753.6443571759
16115,MMR,QAT,6354960.97635321
16116,MMR,ROU,3012334.29669574
16117,MMR,RUS,72702232.3986459
16118,MMR,SAU,41631010.4821044
16119,MMR,SEN,10833476.8269079
16120,MMR,SGP,348530969.044637
16121,MMR,SLV,165024.520275857
16122,MMR,SRB,8953668.06581728
16123,MMR,SVK,25480273.997747
16124,MMR,SVN,21613339.5515435
16125,MMR,SWE,44896663.3824176
16126,MMR,SYC,28792.7433462094
16127,MMR,TGO,5562655.12097849
16128,MMR,THA,1504786631.27076
16129,MMR,TUN,237557.974675559
16130,MMR,TUR,24220652.5028741
16131,MMR,TZA,46363.8690857097
16132,MMR,UKR,8385271.89454566
16133,MMR,URY,886476.934460074
16134,MMR,VEN,577527.276792723
16135,MMR,VNM,109467071.162785
16136,MMR,ZAF,5767653.63343452
16137,MMR,ZMB,109.526514935344
16138,MMR,ZWE,209090.618101227
16139,MNE,ALB,10568046.790271
16140,MNE,ARM,22891.2016602303
16141,MNE,AUS,275486.646210375
16142,MNE,AUT,1655242.71859173
16143,MNE,BEL,230299.438478975
16144,MNE,BGR,419291.63501547
16145,MNE,BIH,12765517.0135428
16146,MNE,BLR,34508.3540207249
16147,MNE,BOL,601.515619056329
16148,MNE,BRA,31670.1669327885
16149,MNE,CAN,1796199.05527544
16150,MNE,CHE,4501526.22606533
16151,MNE,CHN,28698995.6511198
16152,MNE,CYP,83641.9256151511
16153,MNE,CZE,6607348.51607231
16154,MNE,DEU,15517844.5975174
16155,MNE,DNK,428975.634885055
16156,MNE,EGY,889390.914896588
16157,MNE,ESP,1219742.22262323
16158,MNE,EST,23538.2943128897
16159,MNE,FIN,28022.5673966952
16160,MNE,FRA,342244.967525966
16161,MNE,GBR,3182764.28406441
16162,MNE,GRC,4103831.76094195
16163,MNE,HKG,192321.255958197
16164,MNE,HRV,2410261.99287332
16165,MNE,HUN,14781656.945625
16166,MNE,IRL,46094.7699403297
16167,MNE,IRQ,245.782000604568
16168,MNE,ISL,1764.58668333406
16169,MNE,ISR,242058.599217839
16170,MNE,ITA,8567235.63008377
16171,MNE,JPN,320574.216820934
16172,MNE,KGZ,464458.939428538
16173,MNE,KOR,1676753.92017201
16174,MNE,LBY,862197.465218437
16175,MNE,LTU,39253.0026380382
16176,MNE,LUX,176376.572959191
16177,MNE,LVA,48460.0095338696
16178,MNE,MDA,25282.1204703723
16179,MNE,MKD,3448808.84646991
16180,MNE,MLT,577408.497037699
16181,MNE,MYS,1704158.2153931
16182,MNE,NLD,7275570.41484564
16183,MNE,NOR,152800.217432179
16184,MNE,NZL,214299.93570882
16185,MNE,PER,17136.2384589832
16186,MNE,POL,8003877.6339884
16187,MNE,PRT,1403.52777569951
16188,MNE,PYF,774.487993403604
16189,MNE,ROU,663129.037358257
16190,MNE,RUS,8869740.94315966
16191,MNE,SGP,107524.741832283
16192,MNE,SRB,57911729.0944332
16193,MNE,SVK,223443.644280956
16194,MNE,SVN,20453148.1258886
16195,MNE,SWE,1357889.22320345
16196,MNE,SYR,126.050015058398
16197,MNE,THA,93855.6467233133
16198,MNE,TUR,9012111.21413836
16199,MNE,UKR,633939.223386448
16200,MNE,USA,2927949.81831829
16201,MNE,ZAF,7982.39793403425
16202,MNG,ARG,176.362695099543
16203,MNG,ARM,102.494812652281
16204,MNG,AUS,542672.848992066
16205,MNG,AUT,1678762.0568156
16206,MNG,AZE,33907.2084912625
16207,MNG,BEL,319604.552077794
16208,MNG,BGR,1791.16961871469
16209,MNG,BHR,3046.30246994577
16210,MNG,BIH,2697.51303258934
16211,MNG,BLR,76818.5967765703
16212,MNG,BOL,110.156667487027
16213,MNG,BRA,130876.683531645
16214,MNG,CAN,519299.266053644
16215,MNG,CHE,840998055.843971
16216,MNG,CHL,1642.02251215283
16217,MNG,CHN,2745661111.47889
16218,MNG,CRI,9.53730885761195
16219,MNG,CZE,234409.747530984
16220,MNG,DEU,8417805.99162463
16221,MNG,DNK,215091.936441828
16222,MNG,ESP,695912.64684091
16223,MNG,EST,22627.0877217035
16224,MNG,FIN,77099.7618429518
16225,MNG,FJI,310.614695751273
16226,MNG,FRA,2567592.79059967
16227,MNG,GBR,42045849.3296583
16228,MNG,GRD,4655.7570978402
16229,MNG,HKG,1578137.37639785
16230,MNG,HUN,31785.694900597
16231,MNG,IDN,561825.510600695
16232,MNG,IND,414086.897016541
16233,MNG,IRL,146812.867473141
16234,MNG,ISR,38509.322602838
16235,MNG,ITA,14233453.479743
16236,MNG,JPN,7268514.68274528
16237,MNG,KAZ,902263.726235682
16238,MNG,KHM,206038.824301903
16239,MNG,KOR,10713298.5143118
16240,MNG,KWT,40440.2900647803
16241,MNG,LBN,460589.512690983
16242,MNG,LKA,500.669705580952
16243,MNG,LTU,3944.45490089069
16244,MNG,LUX,12830.5781149837
16245,MNG,MEX,103552.568721177
16246,MNG,MKD,4776.68637323457
16247,MNG,MNE,266.997136511222
16248,MNG,MUS,3212.55121659081
16249,MNG,MYS,3258892.02009264
16250,MNG,NLD,937441.847398264
16251,MNG,NOR,181229.535297838
16252,MNG,NZL,155545.720582548
16253,MNG,PER,602.710908420235
16254,MNG,PHL,124547.651355815
16255,MNG,POL,880365.124870988
16256,MNG,PRT,4040.92575522153
16257,MNG,PYF,9970.2756732096
16258,MNG,ROU,13618.2067895741
16259,MNG,RUS,28644328.2118485
16260,MNG,SAU,140812.218794656
16261,MNG,SDN,74626.6361315953
16262,MNG,SGP,75643986.1737213
16263,MNG,SLV,111.757054919872
16264,MNG,SRB,896.717083466084
16265,MNG,SVK,27185.1351653156
16266,MNG,SVN,72347.7444417525
16267,MNG,SWE,674432.606304312
16268,MNG,THA,13093331.6211675
16269,MNG,TTO,22144.064288054
16270,MNG,TUR,1258670.7927204
16271,MNG,UKR,136097.352387226
16272,MNG,URY,3868.98663101058
16273,MNG,USA,5919054.92570523
16274,MNG,ZAF,66450.2917456642
16275,MNP,ARG,17.4192169643746
16276,MNP,AUS,10946.3579699548
16277,MNP,BEL,438.372624273161
16278,MNP,COL,3332.86184221816
16279,MNP,CZE,5128.24148012338
16280,MNP,DEU,31058.0462463842
16281,MNP,DNK,14746.3483978879
16282,MNP,ESP,1179.62607202837
16283,MNP,FIN,13.7098189676831
16284,MNP,FRA,38567.0180701553
16285,MNP,GBR,3499.48317906241
16286,MNP,HKG,2944610.19257678
16287,MNP,IDN,22.0053272016217
16288,MNP,IND,144488.141687463
16289,MNP,IRL,189.079273616716
16290,MNP,ITA,48633.3439958735
16291,MNP,JPN,9589.02637774649
16292,MNP,KOR,629025.778905866
16293,MNP,LBN,4.50108965487717
16294,MNP,MEX,12703.0752482089
16295,MNP,MKD,8.83713935574217
16296,MNP,MYS,3431.55773520173
16297,MNP,NLD,98.823923978192
16298,MNP,NZL,219.240575272975
16299,MNP,POL,1806.43731482404
16300,MNP,PRT,134.240497867057
16301,MNP,RUS,121.014295976736
16302,MNP,SGP,74681.3358736867
16303,MNP,SVN,901.288190071149
16304,MNP,SWE,814.502180314389
16305,MNP,THA,419.496054502751
16306,MNP,ZAF,1787.01811368968
16307,MOZ,AFG,22282.7343582625
16308,MOZ,AGO,2970269.25830066
16309,MOZ,ARE,164909295.96506
16310,MOZ,ARG,2487419.17661736
16311,MOZ,AUS,7197894.42500544
16312,MOZ,AUT,9801422.61209413
16313,MOZ,BDI,1138206.33835311
16314,MOZ,BEL,68380745.4982442
16315,MOZ,BGD,2067997.10002369
16316,MOZ,BGR,77652.6101802964
16317,MOZ,BHR,86220.0027338693
16318,MOZ,BHS,3836.5487782311
16319,MOZ,BIH,108.301218307072
16320,MOZ,BLR,22443.6233073707
16321,MOZ,BOL,4969.78812063953
16322,MOZ,BRA,20473861.9539352
16323,MOZ,BWA,11246768.1128174
16324,MOZ,CAN,11949453.5577641
16325,MOZ,CHE,21711493.2142602
16326,MOZ,CHL,178920.163729216
16327,MOZ,CHN,289819470.999612
16328,MOZ,CIV,27862.5151501417
16329,MOZ,CMR,305933.667535626
16330,MOZ,COG,154145.676650241
16331,MOZ,COL,8901.16985668816
16332,MOZ,COM,407165.46592869
16333,MOZ,CRI,11221.7166306815
16334,MOZ,CYP,5035.69907681911
16335,MOZ,CZE,23105283.9867587
16336,MOZ,DEU,77135344.515551
16337,MOZ,DNK,195740.10111585
16338,MOZ,DOM,347328.368650826
16339,MOZ,ECU,5030.50782008382
16340,MOZ,EGY,6688107.50776691
16341,MOZ,ESP,119583085.622447
16342,MOZ,EST,15320.0337796081
16343,MOZ,ETH,86522.77103011
16344,MOZ,FIN,2240372.15876868
16345,MOZ,FJI,6712.46349953364
16346,MOZ,FRA,18842905.3306892
16347,MOZ,GAB,608.387282596108
16348,MOZ,GBR,182912475.105532
16349,MOZ,GHA,34949.4358008493
16350,MOZ,GRC,31117093.7430101
16351,MOZ,GTM,499.620951691365
16352,MOZ,HKG,13753989.9614024
16353,MOZ,HRV,1402170.44710802
16354,MOZ,HUN,1849895.83556295
16355,MOZ,IDN,5172064.58912434
16356,MOZ,IND,355883433.023408
16357,MOZ,IRL,1069859.87656951
16358,MOZ,ISR,103726.320784277
16359,MOZ,ITA,173411683.699817
16360,MOZ,JPN,28553782.6209463
16361,MOZ,KAZ,73920.4851816953
16362,MOZ,KEN,9821907.34317934
16363,MOZ,KHM,158662.615141914
16364,MOZ,KOR,67732129.0616966
16365,MOZ,KWT,65985.4742194265
16366,MOZ,LBN,452079.472521672
16367,MOZ,LSO,3935152.34586391
16368,MOZ,LTU,187485.387757817
16369,MOZ,LUX,1289087.46019738
16370,MOZ,MAC,1333.45781267882
16371,MOZ,MAR,464026.719793823
16372,MOZ,MDG,6822791.93610372
16373,MOZ,MEX,2466247.54624282
16374,MOZ,MKD,147116.780046396
16375,MOZ,MLI,56044.5176439866
16376,MOZ,MMR,1635395.9079387
16377,MOZ,MRT,1091.85632412148
16378,MOZ,MUS,4415251.5931062
16379,MOZ,MWI,50291395.4749294
16380,MOZ,MYS,10219802.7899578
16381,MOZ,NAM,514827.102901494
16382,MOZ,NGA,927566.590227789
16383,MOZ,NLD,103046173.999644
16384,MOZ,NOR,2654968.53262289
16385,MOZ,NZL,131605.352432846
16386,MOZ,OMN,946031.416820566
16387,MOZ,PAK,537659.899922726
16388,MOZ,PAN,31498.780442363
16389,MOZ,PER,10756.8340887044
16390,MOZ,PHL,634605.919784917
16391,MOZ,POL,73658684.3031301
16392,MOZ,PRK,175040.815089698
16393,MOZ,PRT,38656625.8530264
16394,MOZ,PYF,787.054535598948
16395,MOZ,QAT,50736.252582511
16396,MOZ,ROU,1271078.98658168
16397,MOZ,RUS,16164806.4730174
16398,MOZ,RWA,2009993.37808199
16399,MOZ,SAU,4676134.31389743
16400,MOZ,SEN,2632815.98428096
16401,MOZ,SGP,54802255.3885583
16402,MOZ,SLV,818.3581137854
16403,MOZ,SRB,240606.247622532
16404,MOZ,SVK,29232650.346935
16405,MOZ,SVN,33989392.0418241
16406,MOZ,SWE,2366563.23497613
16407,MOZ,SWZ,8083431.10284169
16408,MOZ,TCD,5430.04954390435
16409,MOZ,THA,12429103.7537969
16410,MOZ,TKL,11921.3960139
16411,MOZ,TLS,30199.810978862
16412,MOZ,TUN,1989671.2283556
16413,MOZ,TUR,35531687.7564249
16414,MOZ,TZA,3196653.2829092
16415,MOZ,UGA,1696491.94849025
16416,MOZ,UKR,4647937.57483605
16417,MOZ,URY,608426.54210032
16418,MOZ,USA,55821319.1105438
16419,MOZ,VAT,6234.44927854891
16420,MOZ,VNM,51873618.808484
16421,MOZ,ZAF,428659384.902575
16422,MOZ,ZMB,24260622.3570525
16423,MOZ,ZWE,74138215.8614423
16424,MRT,AGO,2544736.85397665
16425,MRT,ALB,67267.9186824412
16426,MRT,AND,11535.3170492372
16427,MRT,ARE,1907762.46931739
16428,MRT,ARG,512.362536262177
16429,MRT,ARM,291.56558421076
16430,MRT,AUS,38992728.186501
16431,MRT,AUT,16202.0703091043
16432,MRT,BDI,6537.87873484778
16433,MRT,BEL,9280271.51373613
16434,MRT,BEN,14895492.2516623
16435,MRT,BFA,328356.077707574
16436,MRT,BGD,148527.100466506
16437,MRT,BGR,77352.7705930579
16438,MRT,BHR,9351.90397351683
16439,MRT,BIH,19652.8526983431
16440,MRT,BLR,1059556.50475808
16441,MRT,BWA,101.986689642352
16442,MRT,CAN,289468383.665965
16443,MRT,CHE,241815342.650108
16444,MRT,CHL,785010.920866576
16445,MRT,CHN,638681638.963171
16446,MRT,CIV,65093050.1952539
16447,MRT,CMR,39395804.2534398
16448,MRT,COG,8000374.58094512
16449,MRT,COL,439137.769504804
16450,MRT,COM,39002.5845150891
16451,MRT,CRI,1123.65202144354
16452,MRT,CYP,198698.830885592
16453,MRT,CZE,11671.8255961693
16454,MRT,DEU,65711002.7399747
16455,MRT,DNK,3912903.50871171
16456,MRT,DOM,77352.8711173935
16457,MRT,DZA,226367.49460684
16458,MRT,EGY,850616.167537891
16459,MRT,ESP,115030153.375157
16460,MRT,EST,1575300.77469371
16461,MRT,ETH,14631.3495581744
16462,MRT,FIN,3541.66489070255
16463,MRT,FRA,21785204.4712905
16464,MRT,GAB,109734.512288781
16465,MRT,GBR,1953047.39670544
16466,MRT,GHA,6655301.00724263
16467,MRT,GIN,517374.025978227
16468,MRT,GMB,118458.199679287
16469,MRT,GNQ,754344.400903579
16470,MRT,GRC,4983008.96573304
16471,MRT,GRD,2952.28070850826
16472,MRT,HKG,177579.178094149
16473,MRT,HRV,584.141412988503
16474,MRT,IDN,1094375.36344793
16475,MRT,IND,2968402.34184463
16476,MRT,IRL,12443.2398454597
16477,MRT,ISL,24817.9260949912
16478,MRT,ISR,1500.36321829239
16479,MRT,ITA,73041409.1188893
16480,MRT,JOR,24470.7180404669
16481,MRT,JPN,92066306.7895414
16482,MRT,KEN,63.3073258747746
16483,MRT,KOR,13650709.157972
16484,MRT,LBN,52253.9149887103
16485,MRT,LBR,1527175.58921636
16486,MRT,LTU,155895.904857576
16487,MRT,LUX,9178.69304141785
16488,MRT,LVA,613077.687081627
16489,MRT,MAR,1854439.07942281
16490,MRT,MDA,1132.77422981075
16491,MRT,MEX,1071202.4600914
16492,MRT,MKD,206.945098699069
16493,MRT,MLI,8437495.34465923
16494,MRT,MLT,13.7098189676831
16495,MRT,MNE,4013.44260190992
16496,MRT,MOZ,163165.850816315
16497,MRT,MUS,7255.21239193482
16498,MRT,MYS,627287.860178495
16499,MRT,NAM,2417802.9999524
16500,MRT,NER,259305.419947342
16501,MRT,NGA,32383716.0751941
16502,MRT,NLD,4315418.5748395
16503,MRT,NOR,24168216.9714184
16504,MRT,NZL,10981.1663966192
16505,MRT,OMN,885194.708549968
16506,MRT,PAK,24125.0958698643
16507,MRT,PER,7206.6896452131
16508,MRT,POL,9943625.72160522
16509,MRT,PRT,7728986.97505874
16510,MRT,PSE,1.51036563974767
16511,MRT,PYF,4371.93788892548
16512,MRT,QAT,233.995647282735
16513,MRT,RUS,48082595.5968965
16514,MRT,RWA,1878.34972387679
16515,MRT,SAU,182832.876445739
16516,MRT,SDN,403.441167824877
16517,MRT,SEN,6920216.47130821
16518,MRT,SRB,2045.99530867805
16519,MRT,SVK,11337.8977566111
16520,MRT,SVN,7555.92919153502
16521,MRT,SWE,149122.225538494
16522,MRT,SYC,12320.8262107213
16523,MRT,TGO,12600403.624753
16524,MRT,THA,510907.213947698
16525,MRT,TUN,565708.450609636
16526,MRT,TUR,13522601.1446992
16527,MRT,TZA,6333.47825216693
16528,MRT,UGA,4073.48613766384
16529,MRT,UKR,3329104.93271956
16530,MRT,URY,55.4284184944485
16531,MRT,USA,3104427.04114349
16532,MRT,VNM,2132321.67966228
16533,MRT,ZAF,403604.554878744
16534,MRT,ZMB,103702.147432225
16535,MSR,AIA,125169.949005929
16536,MSR,ATG,849209.937608036
16537,MSR,AUS,124586.925863659
16538,MSR,AUT,118.170607557
16539,MSR,BEL,45462.4913739666
16540,MSR,BRB,67554.1909852178
16541,MSR,CAN,62458.7939563061
16542,MSR,CHN,1216.29444896236
16543,MSR,CZE,4246.52802884022
16544,MSR,DEU,3693.9577588121
16545,MSR,DMA,1233.44660127388
16546,MSR,ESP,117.517949557042
16547,MSR,FRA,791364.583004998
16548,MSR,GBR,12622.721295569
16549,MSR,GUY,371.463926553412
16550,MSR,IDN,1743.42205965576
16551,MSR,ITA,5589.54715618814
16552,MSR,JAM,191.159277158342
16553,MSR,JPN,2257.89460672392
16554,MSR,KAZ,289.985201620825
16555,MSR,KNA,124141.140444845
16556,MSR,KOR,1727.91830640007
16557,MSR,LBN,40.0096858211304
16558,MSR,LCA,211.196127817564
16559,MSR,MEX,174420.724974
16560,MSR,NIC,7.08171439034007
16561,MSR,NLD,23052.5087105553
16562,MSR,NZL,1689.70955656196
16563,MSR,PER,79.5242517802242
16564,MSR,POL,2179.02751403331
16565,MSR,SLV,3787.56191915385
16566,MSR,SVN,915.801703602763
16567,MSR,THA,842035.085170194
16568,MSR,TTO,25474.5915651045
16569,MSR,TUR,20005.3430316379
16570,MSR,USA,768123.452631607
16571,MSR,VCT,359.824108705899
16572,MSR,ZAF,2215.44733079414
16573,MUS,ABW,127.109771611586
16574,MUS,AGO,1126099.5299533
16575,MUS,ALB,79029.7510680758
16576,MUS,AND,22250.5910767949
16577,MUS,ARE,5077268.74229089
16578,MUS,ARG,91120.2540205517
16579,MUS,ARM,77203.62998807
16580,MUS,AUS,4183956.1275021
16581,MUS,AUT,4487320.64508016
16582,MUS,BDI,105579.971028733
16583,MUS,BEL,15246001.7229164
16584,MUS,BEN,2063983.79595532
16585,MUS,BFA,1316240.5986167
16586,MUS,BGD,7848826.95224827
16587,MUS,BGR,1808162.32242579
16588,MUS,BHR,178540.317273361
16589,MUS,BHS,100.024214552826
16590,MUS,BIH,100508.701840855
16591,MUS,BLR,1174584.35149383
16592,MUS,BMU,46845.0905831341
16593,MUS,BOL,24451.6194169402
16594,MUS,BRA,427210.422050138
16595,MUS,BRB,30571.6509964621
16596,MUS,BRN,1549.18503741562
16597,MUS,BWA,1108809.42224459
16598,MUS,CAN,4104107.2911442
16599,MUS,CHE,21834564.1501226
16600,MUS,CHL,289238.950963311
16601,MUS,CHN,13247079.9446238
16602,MUS,CIV,2637466.69115621
16603,MUS,CMR,249057.048450774
16604,MUS,COG,418229.197813333
16605,MUS,COL,132967.53970055
16606,MUS,COM,2453633.63758068
16607,MUS,CPV,1069.12032003255
16608,MUS,CRI,103660.969963698
16609,MUS,CYP,27580.4303611073
16610,MUS,CZE,4834736.92651352
16611,MUS,DEU,24382242.2966476
16612,MUS,DJI,51911.1940204508
16613,MUS,DNK,2862366.19438155
16614,MUS,DOM,44003.1025750447
16615,MUS,EGY,174447.435940375
16616,MUS,ESP,45038733.7773002
16617,MUS,EST,160351.023883566
16618,MUS,ETH,23173.3034533811
16619,MUS,FIN,6091999.67086384
16620,MUS,FRA,101250898.155866
16621,MUS,GAB,145215.415750993
16622,MUS,GBR,77432466.5274002
16623,MUS,GEO,12346.0888264699
16624,MUS,GHA,209795.723297964
16625,MUS,GIN,32372.2839061156
16626,MUS,GMB,36.2517760803807
16627,MUS,GRC,9522083.93485748
16628,MUS,GUY,1385.09481332064
16629,MUS,HKG,1723944.52890056
16630,MUS,HRV,103770.40145563
16631,MUS,HUN,592250.876183374
16632,MUS,IDN,1633232.884299
16633,MUS,IND,18563173.3202317
16634,MUS,IRL,3160958.85375521
16635,MUS,IRN,255140.766239203
16636,MUS,ISL,332991.929486597
16637,MUS,ISR,4348052.60661134
16638,MUS,ITA,50398821.0772613
16639,MUS,JOR,35548.0497174414
16640,MUS,JPN,10114674.6808189
16641,MUS,KAZ,137255.497759058
16642,MUS,KEN,24725838.9483986
16643,MUS,KGZ,243.558962436131
16644,MUS,KHM,221364.099350353
16645,MUS,KOR,4590544.31067819
16646,MUS,KWT,825265.786042419
16647,MUS,LBN,127892.961211534
16648,MUS,LBR,175668.817120768
16649,MUS,LKA,209437.638110228
16650,MUS,LSO,694475.714978518
16651,MUS,LTU,192393.704997161
16652,MUS,LUX,244572.863388278
16653,MUS,LVA,151889.457449111
16654,MUS,MAC,141831.349512861
16655,MUS,MAR,542631.38695465
16656,MUS,MDA,66146.0130837838
16657,MUS,MDG,77682409.0177048
16658,MUS,MDV,298601.29896519
16659,MUS,MEX,1333535.33144509
16660,MUS,MHL,197.094714049907
16661,MUS,MKD,65330.2555995767
16662,MUS,MLI,778.457954479205
16663,MUS,MLT,1424663.30433428
16664,MUS,MNE,50324.7124540338
16665,MUS,MNG,2700.57377355466
16666,MUS,MOZ,19138357.5858121
16667,MUS,MRT,308032.380106463
16668,MUS,MWI,728434.900552752
16669,MUS,MYS,2175428.69830714
16670,MUS,NAM,1307315.17838931
16671,MUS,NCL,21387.8872274875
16672,MUS,NER,67987.4268659526
16673,MUS,NGA,889659.098820405
16674,MUS,NIC,3914.86773822596
16675,MUS,NLD,37526872.7325866
16676,MUS,NOR,1125718.90880991
16677,MUS,NZL,2333778.27366622
16678,MUS,OMN,405569.117973749
16679,MUS,PAK,2366926.97603308
16680,MUS,PAN,2138702.75193634
16681,MUS,PER,893312.98337802
16682,MUS,PHL,7388193.08481959
16683,MUS,POL,5347702.60878945
16684,MUS,PRT,4572154.6912921
16685,MUS,PRY,19636.7538010108
16686,MUS,PYF,37145.7855083588
16687,MUS,QAT,647014.224673081
16688,MUS,ROU,1543482.88199845
16689,MUS,RUS,4143169.34205533
16690,MUS,RWA,980717.038755532
16691,MUS,SAU,2413797.48827047
16692,MUS,SDN,73065.8747917084
16693,MUS,SEN,620861.008821922
16694,MUS,SGP,11051920.8733517
16695,MUS,SLV,50796.2471063998
16696,MUS,SRB,248115.065409012
16697,MUS,STP,5815.3728256262
16698,MUS,SUR,10826.4534426385
16699,MUS,SVK,643802.719709774
16700,MUS,SVN,852245.777545139
16701,MUS,SWE,4493228.427777
16702,MUS,SWZ,2637485.93581509
16703,MUS,SYC,13668465.8286295
16704,MUS,TGO,7083.08972329018
16705,MUS,THA,8863015.31997434
16706,MUS,TTO,25933.5031615939
16707,MUS,TUN,706440.830076236
16708,MUS,TUR,1351507.18219487
16709,MUS,TZA,2777615.65438537
16710,MUS,UGA,4518806.94400091
16711,MUS,UKR,393430.524379159
16712,MUS,URY,17020.0403289372
16713,MUS,USA,125642539.914001
16714,MUS,VNM,23567391.620467
16715,MUS,VUT,5395.43766482157
16716,MUS,YEM,13538.5520061939
16717,MUS,ZAF,91444073.4054854
16718,MUS,ZMB,53643853.8772182
16719,MUS,ZWE,82098160.4498155
16720,MWI,AGO,550584.478293941
16721,MWI,ALB,144.162899950697
16722,MWI,AND,16.6810382609748
16723,MWI,ARE,17156835.0086383
16724,MWI,ARG,33819.8823507471
16725,MWI,ARM,3328449.39402222
16726,MWI,AUS,140368.928479875
16727,MWI,AUT,249390.38764783
16728,MWI,AZE,106884.630369679
16729,MWI,BDI,4576455.66900249
16730,MWI,BEL,80032937.6234072
16731,MWI,BGD,1457.26628508909
16732,MWI,BGR,162063.411430173
16733,MWI,BHR,5287.17995704782
16734,MWI,BIH,111056.830404685
16735,MWI,BLR,2171458.69072028
16736,MWI,BMU,61.0147708772238
16737,MWI,BRA,327111.806985923
16738,MWI,BRN,54688.1642885967
16739,MWI,BWA,856495.736404539
16740,MWI,CAN,481286.351624726
16741,MWI,CHE,12958761.8910977
16742,MWI,CHL,119.163848007509
16743,MWI,CHN,16737732.8910025
16744,MWI,CIV,3976.73971662191
16745,MWI,CMR,21735.329838795
16746,MWI,COD,1283132.28752804
16747,MWI,COG,301208.825713278
16748,MWI,COL,379.386844588141
16749,MWI,CRI,24.7609943125521
16750,MWI,CZE,2863536.72475163
16751,MWI,DEU,44010568.5489592
16752,MWI,DNK,3756583.74974461
16753,MWI,DOM,2857457.6230807
16754,MWI,DZA,702855.232550018
16755,MWI,EGY,16009854.0170565
16756,MWI,ESP,11613519.7395847
16757,MWI,ETH,8515686.84129688
16758,MWI,FIN,383276.700271276
16759,MWI,FJI,37811.6597077849
16760,MWI,FRA,1820791.10768937
16761,MWI,GAB,27114.69461258
16762,MWI,GBR,22927544.1687758
16763,MWI,GEO,218132.864610726
16764,MWI,GHA,128664.271935763
16765,MWI,GIN,320628.491960234
16766,MWI,GMB,5043.39544000788
16767,MWI,GRC,2313445.516872
16768,MWI,HKG,422039.091138628
16769,MWI,HRV,79683.6203612713
16770,MWI,HUN,381319.312413302
16771,MWI,IDN,4039760.97324306
16772,MWI,IND,2307691.45288844
16773,MWI,IRL,448969.444624634
16774,MWI,ISL,2142.11757862117
16775,MWI,ISR,43526.0530876093
16776,MWI,ITA,2197922.44774939
16777,MWI,JOR,5379296.21118697
16778,MWI,JPN,5382591.65847161
16779,MWI,KAZ,460778.626973075
16780,MWI,KEN,19518126.7009429
16781,MWI,KOR,8430677.95675887
16782,MWI,KWT,51942.5746172825
16783,MWI,LBN,2939.71166570755
16784,MWI,LBR,111.887086398791
16785,MWI,LCA,28.6369326264741
16786,MWI,LKA,52727.7206908678
16787,MWI,LSO,13310.5668139637
16788,MWI,LTU,737875.129908687
16789,MWI,LUX,841949.016334055
16790,MWI,LVA,34.2742973586713
16791,MWI,MAR,2138412.54168024
16792,MWI,MDA,32956.0112188559
16793,MWI,MDG,75915.1400615277
16794,MWI,MEX,16574.512472476
16795,MWI,MKD,41165.3956033381
16796,MWI,MOZ,7230839.62960815
16797,MWI,MRT,371698.368308691
16798,MWI,MUS,315092.394743577
16799,MWI,MYS,998926.806601926
16800,MWI,NAM,238935.318612494
16801,MWI,NGA,375681.566088726
16802,MWI,NLD,14207725.3152912
16803,MWI,NOR,113443.252626261
16804,MWI,NZL,5115.18231867137
16805,MWI,PAK,15854.6507033661
16806,MWI,PHL,596540.914745544
16807,MWI,POL,23842783.5257418
16808,MWI,PRT,3099054.54853337
16809,MWI,PYF,1101.06705391858
16810,MWI,QAT,90768.1157724921
16811,MWI,ROU,1256536.34599879
16812,MWI,RUS,32056231.4089438
16813,MWI,RWA,7172248.93756868
16814,MWI,SAU,452570.483388974
16815,MWI,SDN,1551649.26897382
16816,MWI,SEN,155232.968869453
16817,MWI,SGP,4811395.6729016
16818,MWI,SLE,98738.1977249884
16819,MWI,SLV,495.174875354492
16820,MWI,SRB,295138.173087755
16821,MWI,SUR,166.811882972966
16822,MWI,SVK,537920.074907684
16823,MWI,SVN,5612.19863981578
16824,MWI,SWE,566024.715173146
16825,MWI,SWZ,83414.5035592488
16826,MWI,SYC,67778.8163640813
16827,MWI,THA,50528.2977393661
16828,MWI,TUN,571451.238863487
16829,MWI,TUR,9905856.078069
16830,MWI,TZA,16458314.9430754
16831,MWI,UGA,1000306.66114665
16832,MWI,UKR,34363071.7197819
16833,MWI,USA,22148671.4033763
16834,MWI,UZB,175045.876314955
16835,MWI,VNM,1484778.68748151
16836,MWI,ZAF,24715390.2999176
16837,MWI,ZMB,13222940.9198819
16838,MWI,ZWE,18016121.0970505
16839,MYS,ABW,19754.479300813
16840,MYS,AFG,59150846.6400685
16841,MYS,AGO,92317312.2681816
16842,MYS,AIA,20946.6369065616
16843,MYS,ALB,7567343.27823598
16844,MYS,AND,139686.289221847
16845,MYS,ARE,1070065095.56284
16846,MYS,ARG,135547914.050398
16847,MYS,ARM,5606490.91805106
16848,MYS,ATG,480768.237196006
16849,MYS,AUS,3431838626.7864
16850,MYS,AUT,226417015.720754
16851,MYS,AZE,34429966.9192339
16852,MYS,BDI,805018.531447158
16853,MYS,BEL,537014709.485568
16854,MYS,BEN,49024538.3924154
16855,MYS,BFA,6116200.37003627
16856,MYS,BGD,614246377.148192
16857,MYS,BGR,56503231.0920069
16858,MYS,BHR,39680370.8832953
16859,MYS,BHS,691362.047200313
16860,MYS,BIH,7988367.54419872
16861,MYS,BLR,27771773.1826994
16862,MYS,BLZ,1287667.12735339
16863,MYS,BMU,524693.895522812
16864,MYS,BOL,14107642.3955267
16865,MYS,BRA,609088520.35659
16866,MYS,BRB,1197130.14403504
16867,MYS,BRN,465026939.648955
16868,MYS,BTN,663078.644158723
16869,MYS,BWA,1063767.26562816
16870,MYS,CAF,726681.98869574
16871,MYS,CAN,1138050469.84339
16872,MYS,CHE,398208098.982922
16873,MYS,CHL,107307404.552773
16874,MYS,CHN,37596276822.4081
16875,MYS,CIV,57213102.5165851
16876,MYS,CMR,26808768.6359063
16877,MYS,COD,9012002.83540128
16878,MYS,COG,21145901.1258204
16879,MYS,COK,121064.07852844
16880,MYS,COL,88540615.7939097
16881,MYS,COM,2019305.13983761
16882,MYS,CPV,2147300.67988213
16883,MYS,CRI,153478180.198589
16884,MYS,CUB,13566384.1990034
16885,MYS,CYM,261334.918262314
16886,MYS,CYP,5417503.98928983
16887,MYS,CZE,1066936937.96434
16888,MYS,DEU,4802947690.79023
16889,MYS,DJI,55101635.0954658
16890,MYS,DMA,206178.419596096
16891,MYS,DNK,117657664.666241
16892,MYS,DOM,18910803.5129502
16893,MYS,DZA,43748263.553854
16894,MYS,ECU,24611065.3067026
16895,MYS,EGY,205546978.73353
16896,MYS,ERI,931195.004119289
16897,MYS,ESP,691035266.676527
16898,MYS,EST,53456711.0498898
16899,MYS,ETH,132620307.33514
16900,MYS,FIN,176564136.273814
16901,MYS,FJI,26655488.7213457
16902,MYS,FRA,942793834.508775
16903,MYS,FRO,61242.9911263583
16904,MYS,FSM,360220.527673742
16905,MYS,GAB,13776542.4710697
16906,MYS,GBR,1244223735.05888
16907,MYS,GEO,18704744.0711571
16908,MYS,GHA,149672521.213373
16909,MYS,GIB,12680972.5059244
16910,MYS,GIN,11401767.071536
16911,MYS,GMB,15262022.3528012
16912,MYS,GNB,346364.015693601
16913,MYS,GNQ,5803232.04900313
16914,MYS,GRC,62032778.2629841
16915,MYS,GRD,449228.535847227
16916,MYS,GTM,18949567.44219
16917,MYS,GUY,3788394.58423117
16918,MYS,HKG,10574526423.3164
16919,MYS,HND,10346492.4803732
16920,MYS,HRV,9001632.96799214
16921,MYS,HTI,8628718.1036857
16922,MYS,HUN,436510437.962235
16923,MYS,IDN,3520407065.46287
16924,MYS,IND,3689913584.02133
16925,MYS,IRL,265409720.441074
16926,MYS,IRN,160079555.56464
16927,MYS,IRQ,59619983.0178436
16928,MYS,ISL,6831609.204649
16929,MYS,ISR,4272534.32462396
16930,MYS,ITA,658705118.134831
16931,MYS,JAM,6553551.40499603
16932,MYS,JOR,53227727.8970663
16933,MYS,JPN,7965740412.02275
16934,MYS,KAZ,51590621.902638
16935,MYS,KEN,268252008.627333
16936,MYS,KGZ,1841250.24257807
16937,MYS,KHM,177895747.823036
16938,MYS,KIR,894909.39184761
16939,MYS,KNA,32734.125003108
16940,MYS,KOR,4447358619.2969
16941,MYS,KWT,103012344.940072
16942,MYS,LAO,11937824.7810895
16943,MYS,LBN,22583805.2435822
16944,MYS,LBR,7990303.67741122
16945,MYS,LBY,7233828.17159504
16946,MYS,LCA,2383454.35309469
16947,MYS,LKA,317317069.107115
16948,MYS,LSO,240110.52861545
16949,MYS,LTU,18426899.2530641
16950,MYS,LUX,9519815.07559635
16951,MYS,LVA,13071394.0023572
16952,MYS,MAC,38022136.4509488
16953,MYS,MAR,47807755.9413141
16954,MYS,MDA,6734359.30022033
16955,MYS,MDG,51379180.5994667
16956,MYS,MDV,69450786.0130439
16957,MYS,MEX,5412539056.84468
16958,MYS,MHL,1035689.04425837
16959,MYS,MKD,16455212.7265694
16960,MYS,MLI,7223002.38131295
16961,MYS,MLT,11513047.4865676
16962,MYS,MMR,505668495.362014
16963,MYS,MNE,2761082.26686871
16964,MYS,MNG,25048515.8877612
16965,MYS,MNP,362176.046579267
16966,MYS,MOZ,122184961.248472
16967,MYS,MRT,30822045.4341773
16968,MYS,MSR,2339.93646798444
16969,MYS,MUS,54795793.0106012
16970,MYS,MWI,31989641.5944215
16971,MYS,NAM,10759725.7082276
16972,MYS,NCL,21918909.4300106
16973,MYS,NER,18141043.6201578
16974,MYS,NGA,342358560.79991
16975,MYS,NIC,6460510.46000134
16976,MYS,NIU,183.225856581085
16977,MYS,NLD,4144010183.48203
16978,MYS,NOR,164814683.931225
16979,MYS,NPL,39996231.0539074
16980,MYS,NRU,271481.885210168
16981,MYS,NZL,528758873.857848
16982,MYS,OMN,90773098.1506606
16983,MYS,PAK,566485839.183732
16984,MYS,PAN,43728884.3303977
16985,MYS,PER,108005129.50785
16986,MYS,PHL,2120181720.23704
16987,MYS,PLW,283613.219047266
16988,MYS,PNG,124266635.676098
16989,MYS,POL,678978096.207909
16990,MYS,PRT,52310055.6916395
16991,MYS,PRY,7000785.79858753
16992,MYS,PSE,3093807.67533406
16993,MYS,PYF,5940951.32253623
16994,MYS,QAT,143413538.589122
16995,MYS,ROU,84698235.648981
16996,MYS,RUS,789920857.052846
16997,MYS,RWA,14287974.2215008
16998,MYS,SAU,634929007.464215
16999,MYS,SDN,31547590.5181433
17000,MYS,SEN,41604760.1177348
17001,MYS,SGP,20858099900.6131
17002,MYS,SHN,17590.987047663
17003,MYS,SLB,9928907.05840956
17004,MYS,SLE,10907372.7766499
17005,MYS,SLV,9951121.66627529
17006,MYS,SOM,44961419.8891201
17007,MYS,SRB,30028889.6010341
17008,MYS,STP,217444.977082161
17009,MYS,SUR,4158564.40049742
17010,MYS,SVK,339813985.669585
17011,MYS,SVN,235472148.108755
17012,MYS,SWE,212314002.736447
17013,MYS,SWZ,5362434.02007126
17014,MYS,SYC,5214016.01501532
17015,MYS,SYR,12748163.6735264
17016,MYS,TCA,27391.4266057726
17017,MYS,TCD,405956.903851633
17018,MYS,TGO,80061479.9876399
17019,MYS,THA,5394393682.81219
17020,MYS,TJK,1444603.71964777
17021,MYS,TKL,3398.83881437935
17022,MYS,TKM,2468955.14771769
17023,MYS,TLS,15243181.5036783
17024,MYS,TON,939934.042726125
17025,MYS,TTO,20253708.9042641
17026,MYS,TUN,57344786.7916241
17027,MYS,TUR,995541919.665113
17028,MYS,TUV,174642.995782852
17029,MYS,TZA,78396823.2355339
17030,MYS,UGA,67178803.6088486
17031,MYS,UKR,115942972.245655
17032,MYS,URY,8985231.16383009
17033,MYS,USA,22671970928.8404
17034,MYS,UZB,31496631.3220891
17035,MYS,VAT,47470.1208947897
17036,MYS,VCT,746147.63757449
17037,MYS,VEN,2550597.71631469
17038,MYS,VGB,59063.4369848353
17039,MYS,VNM,3676962220.92789
17040,MYS,VUT,1534098.00704309
17041,MYS,WLF,23569.9784832126
17042,MYS,WSM,1772001.14377786
17043,MYS,YEM,98888668.8750839
17044,MYS,ZAF,382722746.569837
17045,MYS,ZMB,22050508.2763684
17046,MYS,ZWE,36360342.8274688
17047,NAM,AGO,12735031.2768451
17048,NAM,AIA,1108.79692521922
17049,NAM,ALB,2939.64664996809
17050,NAM,AND,27227.6184499627
17051,NAM,ARE,81927313.1639244
17052,NAM,ARG,12904.2589521497
17053,NAM,ARM,5784.20528037155
17054,NAM,ATG,7166.08731592075
17055,NAM,AUS,3906248.41910165
17056,NAM,AUT,1581290.87231792
17057,NAM,AZE,280.94301262525
17058,NAM,BDI,13.9738828941025
17059,NAM,BEL,128368604.381018
17060,NAM,BEN,1540320.04881794
17061,NAM,BFA,15672.8086817934
17062,NAM,BGD,40931.720533663
17063,NAM,BGR,13857.5797386312
17064,NAM,BHS,1042279.16263975
17065,NAM,BIH,496611.428125111
17066,NAM,BLR,9052.19141703074
17067,NAM,BLZ,1429.0739600963
17068,NAM,BMU,8977.71488723793
17069,NAM,BOL,55.0433252684201
17070,NAM,BRA,5983813.10281209
17071,NAM,BRB,4978.95533990329
17072,NAM,BWA,248016439.801544
17073,NAM,CAF,43073.3649977493
17074,NAM,CAN,51028178.9580647
17075,NAM,CHE,1744260.78770083
17076,NAM,CHL,174399.203763996
17077,NAM,CHN,350977519.163891
17078,NAM,CIV,348721.340871164
17079,NAM,CMR,5898234.19027777
17080,NAM,COD,59815734.7547764
17081,NAM,COG,9656318.33324793
17082,NAM,COK,4267.39157963273
17083,NAM,COL,779.908805711294
17084,NAM,COM,26960.7818523158
17085,NAM,CRI,265.03916251135
17086,NAM,CUB,40238.7242683399
17087,NAM,CYP,1232365.74761336
17088,NAM,CZE,2337710.42908957
17089,NAM,DEU,98203482.7654972
17090,NAM,DJI,4419.78347171468
17091,NAM,DNK,1521928.68350918
17092,NAM,DOM,3233.05768093735
17093,NAM,DZA,154407.816110773
17094,NAM,ECU,2031.98891791422
17095,NAM,EGY,5026.027735514
17096,NAM,ESP,128055074.389512
17097,NAM,EST,79210.3157804287
17098,NAM,ETH,36479.796281086
17099,NAM,FIN,17522494.2989652
17100,NAM,FJI,182032.071581365
17101,NAM,FRA,29861411.2727234
17102,NAM,FRO,59057.6855924985
17103,NAM,GAB,349685.956391953
17104,NAM,GBR,19360073.3437944
17105,NAM,GHA,1136714.76076171
17106,NAM,GIB,37820.8334286226
17107,NAM,GIN,1420.63091614589
17108,NAM,GRC,1678183.11066031
17109,NAM,GTM,2314.18423370567
17110,NAM,GUY,722.800480533431
17111,NAM,HKG,6676609.10015296
17112,NAM,HRV,57726.2817770656
17113,NAM,HUN,103977.671633026
17114,NAM,IDN,2641214.40342828
17115,NAM,IND,16186055.2195608
17116,NAM,IRL,659733.357308573
17117,NAM,IRN,1518.90020585439
17118,NAM,IRQ,5974.34431054145
17119,NAM,ISL,82640.6727249348
17120,NAM,ISR,21991925.7443043
17121,NAM,ITA,48703869.8967708
17122,NAM,JAM,125.170302091406
17123,NAM,JOR,112837.903579182
17124,NAM,JPN,6257347.8840015
17125,NAM,KAZ,816.907262553312
17126,NAM,KEN,1094410.36892229
17127,NAM,KHM,27675.6939231685
17128,NAM,KOR,16735097.8480931
17129,NAM,KWT,185780.975141837
17130,NAM,LBN,208629.506472139
17131,NAM,LBR,60896.6417797158
17132,NAM,LBY,6037.50560106298
17133,NAM,LCA,3723.76647511206
17134,NAM,LSO,51864.9758316324
17135,NAM,LTU,132794.83189025
17136,NAM,LUX,732466.771615951
17137,NAM,LVA,772.311466494934
17138,NAM,MAC,479.646616166239
17139,NAM,MAR,104069.024248299
17140,NAM,MDA,3079.74556608151
17141,NAM,MDG,1108.44934107365
17142,NAM,MEX,49568335.3450382
17143,NAM,MHL,369592.5535185
17144,NAM,MLI,24024.8456005865
17145,NAM,MLT,1601506.05264842
17146,NAM,MMR,20.5299700369675
17147,NAM,MNE,9241.07064221836
17148,NAM,MOZ,19437569.1540155
17149,NAM,MRT,82348.6705350275
17150,NAM,MUS,550662.212612402
17151,NAM,MWI,1310475.22889617
17152,NAM,MYS,3296481.9366193
17153,NAM,NER,60366.108844638
17154,NAM,NGA,13296729.3035836
17155,NAM,NIC,74161.3985036565
17156,NAM,NLD,121238884.329136
17157,NAM,NOR,9384078.09044932
17158,NAM,NZL,208823.135847275
17159,NAM,OMN,35053.9966136531
17160,NAM,PAK,634429.032962933
17161,NAM,PAN,739521.89356861
17162,NAM,PER,10749.3022653485
17163,NAM,PHL,8599.44181227883
17164,NAM,PNG,107460.916881098
17165,NAM,POL,6520612.55493167
17166,NAM,PRT,10423610.1885607
17167,NAM,PSE,3994.72707112494
17168,NAM,QAT,102092.244695849
17169,NAM,ROU,18966.5765598747
17170,NAM,RUS,1454586.65988691
17171,NAM,RWA,46437.3268688773
17172,NAM,SAU,805091.948720519
17173,NAM,SDN,68.8061570698162
17174,NAM,SEN,262629.15357974
17175,NAM,SGP,37723878.4775983
17176,NAM,SHN,343.666197087036
17177,NAM,SLE,1668.19434801165
17178,NAM,SLV,39756.9146285339
17179,NAM,SRB,3065.74217604411
17180,NAM,STP,43736.6020587587
17181,NAM,SVK,704334.91526183
17182,NAM,SVN,1045145.59106455
17183,NAM,SWE,448356.300190394
17184,NAM,SWZ,65390.0000629291
17185,NAM,SYC,921342.697504844
17186,NAM,TCD,21.264647892858
17187,NAM,TGO,63463.2776286525
17188,NAM,THA,8290807.71600476
17189,NAM,TTO,705.098195041872
17190,NAM,TUN,55162.629150328
17191,NAM,TUR,123399.842486315
17192,NAM,TZA,2294757.8908424
17193,NAM,UGA,77391741.5274109
17194,NAM,UKR,21017.4380465907
17195,NAM,URY,1329449.46581052
17196,NAM,USA,45661341.5129819
17197,NAM,VCT,60439.3875844615
17198,NAM,VGB,2848.24102186221
17199,NAM,VNM,2894594.96704548
17200,NAM,VUT,77983.8763755054
17201,NAM,ZAF,371189107.821395
17202,NAM,ZMB,70746996.8722229
17203,NAM,ZWE,10070203.1153351
17204,NCL,AGO,712371.823392069
17205,NCL,ARE,22070.6410132404
17206,NCL,AUS,3406485.98715977
17207,NCL,AUT,60694.49534271
17208,NCL,BEL,4930761.68985157
17209,NCL,BOL,208.815551511207
17210,NCL,BRA,184631.196795552
17211,NCL,CAN,132753.790454656
17212,NCL,CHE,10048.3480735156
17213,NCL,CHN,584794315.547665
17214,NCL,CIV,14040.8391033242
17215,NCL,CMR,6441.77947047401
17216,NCL,COL,102764.407917765
17217,NCL,CRI,475.095014283013
17218,NCL,CZE,3168.76711703352
17219,NCL,DEU,366655.012378248
17220,NCL,DNK,5641.71178456173
17221,NCL,DOM,481.496564014393
17222,NCL,ESP,20654718.3639043
17223,NCL,FIN,1164.17933257498
17224,NCL,FJI,458049.237723671
17225,NCL,FRA,20509156.4577725
17226,NCL,GBR,1967807.26087532
17227,NCL,GTM,3315.80271242618
17228,NCL,HRV,242.558720290603
17229,NCL,HUN,53.5129547857619
17230,NCL,IDN,8581.07736648693
17231,NCL,IND,574980.692798077
17232,NCL,IRL,788.305838523004
17233,NCL,ISR,9002.17930975433
17234,NCL,ITA,840904.944577952
17235,NCL,JPN,105587082.066222
17236,NCL,KEN,500.601188993983
17237,NCL,KHM,1290.31236773145
17238,NCL,KOR,128754959.390008
17239,NCL,KWT,804.694806077484
17240,NCL,LKA,8.42203886534794
17241,NCL,LUX,7546.5169129456
17242,NCL,MAR,7345.0041293389
17243,NCL,MDG,1271.62034263689
17244,NCL,MEX,64704.6641520776
17245,NCL,MOZ,696.891208237813
17246,NCL,MUS,251.617913402652
17247,NCL,MYS,235698.239958132
17248,NCL,NER,3963.3314706611
17249,NCL,NGA,256234.100421094
17250,NCL,NIC,133.912418443323
17251,NCL,NLD,972121.347851299
17252,NCL,NOR,185.192832760266
17253,NCL,NZL,740460.591315045
17254,NCL,PAK,37315.306547183
17255,NCL,PER,24.3608974543408
17256,NCL,PHL,15751.3131867063
17257,NCL,PNG,18484.0342426971
17258,NCL,POL,15511.7551928522
17259,NCL,PRT,3956.95392674121
17260,NCL,PYF,543403.970487008
17261,NCL,RUS,3466.59421707529
17262,NCL,SAU,757.783449452209
17263,NCL,SGP,250314.310817533
17264,NCL,SLV,37104.9426208305
17265,NCL,SVK,730.611371447861
17266,NCL,SVN,1520.5030938926
17267,NCL,SWE,15496121.1810627
17268,NCL,THA,398498.126179209
17269,NCL,TUR,359.086930244645
17270,NCL,TZA,6406.5509421085
17271,NCL,USA,15855157.8261339
17272,NCL,VCT,340.647466291832
17273,NCL,ZAF,8649394.98828876
17274,NER,AGO,161145.221648447
17275,NER,ARE,872185294.415625
17276,NER,ARG,52.8227877053474
17277,NER,ARM,50.2771714449779
17278,NER,AUS,635761.996155871
17279,NER,AUT,51606.7908284233
17280,NER,BDI,56097.5599848429
17281,NER,BEL,27081.166995983
17282,NER,BEN,4739196.60395224
17283,NER,BFA,50346329.0406264
17284,NER,BGR,11693.3157986659
17285,NER,BHR,26793.201283254
17286,NER,BIH,154.227336419002
17287,NER,BOL,3038.1655000919
17288,NER,BRA,10736.5991901003
17289,NER,BRB,278.817498066002
17290,NER,BRN,174125.813579812
17291,NER,CAN,62917088.5834353
17292,NER,CHE,212349.474527703
17293,NER,CHN,112375272.582275
17294,NER,CIV,3882561.26225109
17295,NER,CMR,10324.2843740814
17296,NER,COD,70411.1316131408
17297,NER,COG,39260.9110525619
17298,NER,COL,4841.31201825715
17299,NER,CZE,5387033.13019377
17300,NER,DEU,1527848.24255693
17301,NER,DNK,1178767.9827962
17302,NER,DOM,2600.7246013773
17303,NER,DZA,9944982.60908992
17304,NER,EGY,311668.134775069
17305,NER,ESP,6377637.12345154
17306,NER,EST,103917.457055866
17307,NER,ETH,332267.783680378
17308,NER,FIN,44474.1726149341
17309,NER,FJI,14771.8470707828
17310,NER,FRA,72431055.9303731
17311,NER,GAB,59533.8433640612
17312,NER,GBR,5474307.16159418
17313,NER,GHA,26636054.2240083
17314,NER,GIN,51626.3355599469
17315,NER,GRC,34724.8829395414
17316,NER,HKG,11511.7278385981
17317,NER,HUN,50993.3448211762
17318,NER,IDN,33617.1382690593
17319,NER,IND,2079409.27226118
17320,NER,IRL,15880.9400676771
17321,NER,ISR,27746.1694843792
17322,NER,ITA,62704.0363262732
17323,NER,JPN,21865179.0961002
17324,NER,KEN,49734.1309819913
17325,NER,KHM,145.73027939274
17326,NER,KOR,1061744.53445143
17327,NER,KWT,38446.8074687425
17328,NER,LBN,26730.4710970972
17329,NER,LBY,116496.417757568
17330,NER,LUX,10731.8105308286
17331,NER,MAC,15368.9736273045
17332,NER,MAR,119798.710199334
17333,NER,MDA,139.533779301192
17334,NER,MEX,45021.3990912997
17335,NER,MKD,3122.44090206338
17336,NER,MLI,54059635.5040066
17337,NER,MNE,4941.38424443296
17338,NER,MRT,26428.5405036534
17339,NER,MUS,215.92127171304
17340,NER,MWI,8036.5280382238
17341,NER,MYS,374.375131317972
17342,NER,NAM,53566.0711445369
17343,NER,NGA,25570971.9145253
17344,NER,NLD,106314.364315733
17345,NER,NZL,174655.974924933
17346,NER,PAK,7570.07211535172
17347,NER,PER,20454.6317985663
17348,NER,PHL,14780.0780633983
17349,NER,POL,276811.512443145
17350,NER,PRT,22928.4281722815
17351,NER,PRY,477.615624489744
17352,NER,PYF,2472.75962273129
17353,NER,QAT,1090.63102749321
17354,NER,RUS,25346.0794540049
17355,NER,RWA,104711.919384794
17356,NER,SAU,27217.6695414622
17357,NER,SDN,26275.4489421906
17358,NER,SEN,1173143.58270257
17359,NER,SGP,18403.3107005844
17360,NER,SLV,13436.2827481455
17361,NER,SRB,380.592136373503
17362,NER,SVK,2511.72605599463
17363,NER,SVN,103092.212274908
17364,NER,SWE,127710.270484501
17365,NER,SWZ,170.984393083037
17366,NER,SYC,2282.5505756112
17367,NER,TCD,8987970.27043194
17368,NER,TGO,1163247.63352283
17369,NER,THA,80127.1777407058
17370,NER,TUN,261296.516965863
17371,NER,TUR,548263.171335917
17372,NER,TZA,52540.4493549291
17373,NER,UGA,5178104.55132011
17374,NER,UKR,23005.9504394074
17375,NER,USA,39783880.1565352
17376,NER,VCT,945.718946175514
17377,NER,ZAF,4069179.60760929
17378,NER,ZMB,117884.186718264
17379,NER,ZWE,7305.02845175071
17380,NGA,AGO,2144426.07047683
17381,NGA,ALB,250414.012453994
17382,NGA,AND,180523.96798923
17383,NGA,ARE,158657034.801487
17384,NGA,ARG,18484.809930481
17385,NGA,ARM,434488.604002703
17386,NGA,ATG,18867.1874990842
17387,NGA,AUS,111793365.230123
17388,NGA,AUT,67599550.9827794
17389,NGA,AZE,95656.1971129898
17390,NGA,BDI,129949.536581507
17391,NGA,BEL,122667994.508001
17392,NGA,BEN,49644771.1561474
17393,NGA,BFA,4844451.58680559
17394,NGA,BGD,31618267.4991151
17395,NGA,BGR,5291406.58725966
17396,NGA,BHR,1552610.6067011
17397,NGA,BHS,53898.7791887986
17398,NGA,BIH,191964.422073385
17399,NGA,BLR,989139.457712895
17400,NGA,BMU,1126.14762559663
17401,NGA,BOL,15.1636709262084
17402,NGA,BRA,223337535.09331
17403,NGA,BRB,2460.09555692675
17404,NGA,BRN,76055428.2354579
17405,NGA,BWA,104379.77897795
17406,NGA,CAF,226689.304512805
17407,NGA,CAN,400094512.970051
17408,NGA,CHE,192048705.318755
17409,NGA,CHL,13958.4536588867
17410,NGA,CHN,1242982518.29455
17411,NGA,CIV,687684776.816296
17412,NGA,CMR,602735319.922441
17413,NGA,COD,1922200.73013131
17414,NGA,COG,11435006.3953412
17415,NGA,COL,17335622.028135
17416,NGA,CPV,15752.1618921667
17417,NGA,CRI,25044.4629365948
17418,NGA,CYP,539438.42097939
17419,NGA,CZE,17861974.6502138
17420,NGA,DEU,887408967.439056
17421,NGA,DNK,137464874.162844
17422,NGA,DOM,42122.2972567006
17423,NGA,DZA,798322.986043274
17424,NGA,ECU,1860.95051175533
17425,NGA,EGY,2281342.13506356
17426,NGA,ESP,2220992676.81931
17427,NGA,EST,4361103.24249943
17428,NGA,ETH,546394.724509402
17429,NGA,FIN,103427.471436762
17430,NGA,FRA,1014801287.66546
17431,NGA,GAB,4498240.64166837
17432,NGA,GBR,632606822.961748
17433,NGA,GEO,416941.986696373
17434,NGA,GHA,191188402.953316
17435,NGA,GIN,973408.800026615
17436,NGA,GMB,845254.2914979
17437,NGA,GNB,1719970.85992732
17438,NGA,GNQ,187925866.707504
17439,NGA,GRC,15120250.4056688
17440,NGA,GRD,68.3500466514553
17441,NGA,GTM,1492857.40123234
17442,NGA,GUY,131595.46153839
17443,NGA,HKG,6244986.77303837
17444,NGA,HND,236869.898101229
17445,NGA,HRV,10262768.4818893
17446,NGA,HUN,583653.794942558
17447,NGA,IDN,415464765.580481
17448,NGA,IND,3168430008.52247
17449,NGA,IRL,5693892.02421461
17450,NGA,ISL,5323.30820322323
17451,NGA,ISR,2356570.49486458
17452,NGA,ITA,613560839.049393
17453,NGA,JAM,57219573.5046266
17454,NGA,JOR,16010846.9834406
17455,NGA,JPN,346201941.138973
17456,NGA,KAZ,46266.3854862065
17457,NGA,KEN,867616.501596199
17458,NGA,KGZ,6707.62382791251
17459,NGA,KHM,25490.678459531
17460,NGA,KOR,375192238.128833
17461,NGA,KWT,36716991.4979427
17462,NGA,LBN,3409888.98948208
17463,NGA,LBR,6438112.80732286
17464,NGA,LBY,149773.818280566
17465,NGA,LKA,653234.487017159
17466,NGA,LTU,337231.120239179
17467,NGA,LUX,5916.67685000423
17468,NGA,LVA,315969.874669979
17469,NGA,MAC,1112269.6664244
17470,NGA,MAR,13731133.6406864
17471,NGA,MDA,7503.31645468024
17472,NGA,MDG,164808.862067828
17473,NGA,MEX,8425846.64766219
17474,NGA,MKD,50255.0560911403
17475,NGA,MLI,1348792.34496832
17476,NGA,MLT,9319.14904397722
17477,NGA,MNE,2859.45373631358
17478,NGA,MOZ,211327.311575435
17479,NGA,MRT,553594.776047617
17480,NGA,MUS,20599.6934160848
17481,NGA,MWI,83975.2097988886
17482,NGA,MYS,124799352.241804
17483,NGA,NAM,4318914.19908436
17484,NGA,NER,69721502.3039137
17485,NGA,NIC,786917.317380214
17486,NGA,NLD,1494593576.90525
17487,NGA,NOR,169202120.076576
17488,NGA,NZL,37858.2519871657
17489,NGA,OMN,54375.9677098922
17490,NGA,PAK,58147645.6267371
17491,NGA,PAN,4600.61374835723
17492,NGA,PER,89440188.8587715
17493,NGA,PHL,55892483.3384717
17494,NGA,POL,286584378.326029
17495,NGA,PRT,645056625.37492
17496,NGA,PYF,10597.6565539071
17497,NGA,QAT,319969.227360906
17498,NGA,ROU,1370471.8732983
17499,NGA,RUS,18904007.6927711
17500,NGA,RWA,1027865.87787221
17501,NGA,SAU,23560686.4782398
17502,NGA,SDN,1302509.53850681
17503,NGA,SEN,223583718.660629
17504,NGA,SGP,369068757.464833
17505,NGA,SLE,672207.871725197
17506,NGA,SLV,528023.03246328
17507,NGA,SRB,773124.163238176
17508,NGA,STP,2655.2412991561
17509,NGA,SVK,600361.91325926
17510,NGA,SVN,120298.157609013
17511,NGA,SWE,247151944.292999
17512,NGA,SWZ,7555.07898571132
17513,NGA,SYC,17630.5066148328
17514,NGA,SYR,85559.1467492874
17515,NGA,TCD,8979539.19387868
17516,NGA,TGO,298667844.700042
17517,NGA,THA,476740542.852936
17518,NGA,TTO,11196.8206036793
17519,NGA,TUN,206728.351227344
17520,NGA,TUR,569480244.209986
17521,NGA,TZA,419868.146081251
17522,NGA,UGA,339496.687703401
17523,NGA,UKR,1732515.69936872
17524,NGA,URY,77399750.0081592
17525,NGA,USA,777760344.596986
17526,NGA,VCT,19566.7018423487
17527,NGA,VNM,183021872.572727
17528,NGA,YEM,10269.7206649218
17529,NGA,ZAF,1327264416.61771
17530,NGA,ZMB,139016.525080717
17531,NGA,ZWE,115114.562728556
17532,NIC,ABW,4536.19815418521
17533,NIC,AGO,38961.5570828849
17534,NIC,ALB,55139.8086257778
17535,NIC,AND,10613.4593795643
17536,NIC,ARE,6546530.35879267
17537,NIC,ARG,282429.20241234
17538,NIC,ARM,24668.8670097382
17539,NIC,AUS,6093448.61413403
17540,NIC,AUT,1922918.1233028
17541,NIC,BEL,33271376.9647742
17542,NIC,BGD,35.0084750934891
17543,NIC,BGR,1884717.26987631
17544,NIC,BHR,50929.0442548509
17545,NIC,BHS,2417355.90521662
17546,NIC,BIH,219590.680028753
17547,NIC,BLR,160288.803820904
17548,NIC,BLZ,429364.408502058
17549,NIC,BMU,5491.73947822981
17550,NIC,BOL,944174.777352458
17551,NIC,BRA,1111169.82966832
17552,NIC,BRB,15611.5293468687
17553,NIC,CAN,46785159.3685717
17554,NIC,CHE,73040421.7683647
17555,NIC,CHL,2360935.88816915
17556,NIC,CHN,9481435.33136274
17557,NIC,CIV,66584.2291701612
17558,NIC,COL,3162043.36430102
17559,NIC,CRI,76372528.6843251
17560,NIC,CUB,3640300.94419976
17561,NIC,CYP,74869.0843251288
17562,NIC,CZE,1249257.42886825
17563,NIC,DEU,39444325.4402839
17564,NIC,DNK,507599.164112142
17565,NIC,DOM,9678542.99854843
17566,NIC,ECU,13668782.8333722
17567,NIC,EGY,29439.8590044382
17568,NIC,ESP,29989042.7851416
17569,NIC,EST,65677.5296700827
17570,NIC,ETH,23.3606553088125
17571,NIC,FIN,4088650.58527807
17572,NIC,FJI,28.3633663996721
17573,NIC,FRA,13657455.9362787
17574,NIC,GAB,1098.57795133943
17575,NIC,GBR,38482998.4801125
17576,NIC,GHA,1015189.5641026
17577,NIC,GRC,1270628.86761377
17578,NIC,GTM,71741817.7548343
17579,NIC,HKG,8322258.65986652
17580,NIC,HND,95073600.644012
17581,NIC,HRV,12352.990497274
17582,NIC,HTI,5660896.93903646
17583,NIC,IDN,57806.9943165147
17584,NIC,IND,2545656.37508067
17585,NIC,IRL,2567194.65921728
17586,NIC,ISL,344820.581548401
17587,NIC,ISR,244862.347968705
17588,NIC,ITA,23214662.3343247
17589,NIC,JAM,208505.966564745
17590,NIC,JOR,2429232.28533276
17591,NIC,JPN,13205021.3377857
17592,NIC,KEN,136688.354961212
17593,NIC,KHM,88271.3693428689
17594,NIC,KOR,35367030.8951544
17595,NIC,KWT,163940.687894227
17596,NIC,LBN,182362.147488421
17597,NIC,LKA,2264.26764955416
17598,NIC,LTU,884348.114100536
17599,NIC,LUX,94904.134548489
17600,NIC,LVA,123011.419454184
17601,NIC,MAC,93309.9186096817
17602,NIC,MAR,4055.22171608649
17603,NIC,MDA,16580.0138042764
17604,NIC,MEX,220300598.390694
17605,NIC,MKD,102244.577073523
17606,NIC,MLT,3165.79139665058
17607,NIC,MNE,64203.2527669457
17608,NIC,MNG,7464.98717566359
17609,NIC,MOZ,16818.441524506
17610,NIC,MUS,5939.13628713993
17611,NIC,MYS,4560339.11589598
17612,NIC,NGA,2253667.20682575
17613,NIC,NLD,21337983.1823715
17614,NIC,NOR,1610377.43029281
17615,NIC,NZL,1014837.64940866
17616,NIC,PAK,370879.990190063
17617,NIC,PAN,19909641.4385352
17618,NIC,PER,4583382.32685568
17619,NIC,PHL,671351.125318108
17620,NIC,POL,2799355.18724166
17621,NIC,PRK,963.233186143714
17622,NIC,PRT,662878.584226833
17623,NIC,PRY,126466.555897482
17624,NIC,PSE,121.004293555281
17625,NIC,PYF,2819.67110545949
17626,NIC,ROU,222901.211465072
17627,NIC,RUS,6309735.55937185
17628,NIC,SAU,907948.179867485
17629,NIC,SGP,704840.603682376
17630,NIC,SLV,166301284.608787
17631,NIC,SRB,561792.48260505
17632,NIC,SUR,43895.0014051667
17633,NIC,SVK,1264304.71061816
17634,NIC,SVN,102624.454036763
17635,NIC,SWE,8516869.19853009
17636,NIC,THA,2054369.78552926
17637,NIC,TTO,38369.2456920518
17638,NIC,TUN,282059.197839077
17639,NIC,TUR,1257947.59264313
17640,NIC,TZA,19794.7920600042
17641,NIC,UGA,5110.73724257664
17642,NIC,UKR,4819185.96182856
17643,NIC,URY,33100.6332299514
17644,NIC,USA,1829906032.7934
17645,NIC,VCT,2189.77511588701
17646,NIC,VEN,1994819.59470769
17647,NIC,VNM,686042.897003689
17648,NIC,ZAF,434217.097274479
17649,NIC,ZMB,1626.62128371706
17650,NIU,AUS,120739.761015417
17651,NIU,BIH,5779.73419798103
17652,NIU,BRA,48.5117440581206
17653,NIU,CAN,18142.5205667073
17654,NIU,COL,391.864865353606
17655,NIU,CZE,37134.9898948822
17656,NIU,DEU,9543.48585298166
17657,NIU,ESP,1746.98592242027
17658,NIU,FJI,65.259298421773
17659,NIU,FRA,155.947752909311
17660,NIU,GBR,13342.1809673363
17661,NIU,HRV,110.026636008108
17662,NIU,IRL,11.4247657862238
17663,NIU,JPN,17622.8222545498
17664,NIU,KOR,49063.3776013794
17665,NIU,LKA,286.711409078511
17666,NIU,LUX,1692.71028299855
17667,NIU,MEX,10.0024214552826
17668,NIU,MKD,44.7458323802067
17669,NIU,MNE,201.311734935454
17670,NIU,NZL,50878.0969211684
17671,NIU,PER,6571.83095423559
17672,NIU,POL,450.609086560481
17673,NIU,SVK,41.1289567819765
17674,NIU,SVN,52125.0988039985
17675,NIU,SYC,2956.59375263978
17676,NIU,THA,85.6667387959133
17677,NIU,TUR,40528.3113735868
17678,NIU,UKR,1037.82624414648
17679,NIU,USA,266331.975484446
17680,NIU,ZAF,13337.5653499558
17681,NLD,ABW,72501489.2858664
17682,NLD,AFG,17406175.2311418
17683,NLD,AGO,86577008.3592573
17684,NLD,AIA,1373949.51769048
17685,NLD,ALB,44660706.2857937
17686,NLD,AND,7705871.85769145
17687,NLD,ARE,1447025883.20086
17688,NLD,ARG,322657251.046249
17689,NLD,ARM,23608818.2298067
17690,NLD,ATG,5065752.54236966
17691,NLD,AUS,1753156620.62952
17692,NLD,AUT,3271339644.35201
17693,NLD,AZE,89147090.1069009
17694,NLD,BDI,4566969.26196755
17695,NLD,BEL,28258054162.9043
17696,NLD,BEN,50796118.2006935
17697,NLD,BFA,63399977.1594376
17698,NLD,BGD,132303495.3231
17699,NLD,BGR,694267873.290767
17700,NLD,BHR,98479585.287303
17701,NLD,BHS,20926153.8073715
17702,NLD,BIH,102253994.220291
17703,NLD,BLR,193989812.393865
17704,NLD,BLZ,3863545.84886846
17705,NLD,BMU,104737779.87278
17706,NLD,BOL,22887380.5251835
17707,NLD,BRA,1245141345.97197
17708,NLD,BRB,41607506.6326302
17709,NLD,BRN,15093894.705799
17710,NLD,BTN,722099.221267744
17711,NLD,BWA,4943262.42361555
17712,NLD,CAF,8126984.96466143
17713,NLD,CAN,1866643160.74412
17714,NLD,CHE,4373827602.85599
17715,NLD,CHL,319576922.194961
17716,NLD,CHN,8064986981.17431
17717,NLD,CIV,190675454.865299
17718,NLD,CMR,87584489.2331869
17719,NLD,COD,59523549.0509427
17720,NLD,COG,32390018.4094067
17721,NLD,COK,170789.939508373
17722,NLD,COL,215618928.411185
17723,NLD,COM,1946960.0665425
17724,NLD,CPV,91517267.4408031
17725,NLD,CRI,82128992.4533399
17726,NLD,CUB,153416827.520409
17727,NLD,CYM,997120773.35042
17728,NLD,CYP,266828108.143667
17729,NLD,CZE,4541556313.7745
17730,NLD,DEU,61006654953.7505
17731,NLD,DJI,12478417.3814806
17732,NLD,DMA,1592466.70083969
17733,NLD,DNK,4048804406.14127
17734,NLD,DOM,153999085.44743
17735,NLD,DZA,291938219.312339
17736,NLD,ECU,90093531.5269779
17737,NLD,EGY,860260498.73221
17738,NLD,ERI,2710544.18125983
17739,NLD,ESP,8248079006.96671
17740,NLD,EST,515191176.907045
17741,NLD,ETH,145904577.664069
17742,NLD,FIN,2485822302.48904
17743,NLD,FJI,2425239.59425452
17744,NLD,FRA,24999164285.8175
17745,NLD,FRO,39756023.5258096
17746,NLD,FSM,60609.8838593776
17747,NLD,GAB,72543891.1458016
17748,NLD,GBR,23127398866.8772
17749,NLD,GEO,78611681.2638496
17750,NLD,GHA,438350332.993234
17751,NLD,GIB,435699825.174491
17752,NLD,GIN,108365754.66798
17753,NLD,GMB,25178677.2316185
17754,NLD,GNB,9931926.55038904
17755,NLD,GNQ,22812155.5356984
17756,NLD,GRC,1700390229.63808
17757,NLD,GRD,3254447.56364792
17758,NLD,GRL,5132284.43286931
17759,NLD,GTM,54579361.4488536
17760,NLD,GUY,24278122.0800063
17761,NLD,HKG,1164159426.83356
17762,NLD,HND,19557798.9775817
17763,NLD,HRV,510742415.052043
17764,NLD,HTI,18963841.1941784
17765,NLD,HUN,2751915870.80423
17766,NLD,IDN,402262188.409396
17767,NLD,IND,1481148589.62335
17768,NLD,IRL,2755153886.22887
17769,NLD,IRN,444809082.455421
17770,NLD,IRQ,226522257.122819
17771,NLD,ISL,366650463.158442
17772,NLD,ISR,1450573164.77228
17773,NLD,ITA,12738447710.3194
17774,NLD,JAM,50114782.9723547
17775,NLD,JOR,207315079.55159
17776,NLD,JPN,2728210232.24499
17777,NLD,KAZ,318760257.66167
17778,NLD,KEN,259234075.782854
17779,NLD,KGZ,9614970.38295049
17780,NLD,KHM,19422608.029123
17781,NLD,KIR,123956.328704343
17782,NLD,KNA,849560.316930283
17783,NLD,KOR,3714226269.25112
17784,NLD,KWT,307308845.439693
17785,NLD,LAO,3362662.38703992
17786,NLD,LBN,215170494.214637
17787,NLD,LBR,19626463.8644519
17788,NLD,LBY,288497038.212447
17789,NLD,LCA,4391693.72155392
17790,NLD,LKA,50465282.6092281
17791,NLD,LSO,1293249.31322751
17792,NLD,LTU,917905562.419439
17793,NLD,LUX,752000189.141602
17794,NLD,LVA,372147008.999229
17795,NLD,MAC,37337546.6617235
17796,NLD,MAR,541583575.305167
17797,NLD,MDA,53768183.4947909
17798,NLD,MDG,12669538.7629649
17799,NLD,MDV,8331433.86006236
17800,NLD,MEX,1228351611.2425
17801,NLD,MHL,120122413.285113
17802,NLD,MKD,67449149.2909989
17803,NLD,MLI,69401196.1574891
17804,NLD,MLT,213072227.936341
17805,NLD,MMR,33751883.4235971
17806,NLD,MNE,28913157.3193559
17807,NLD,MNG,21888076.8733523
17808,NLD,MNP,93133.7934720917
17809,NLD,MOZ,28502801.6116114
17810,NLD,MRT,55265598.6588979
17811,NLD,MSR,189092.347281679
17812,NLD,MUS,26680921.8503733
17813,NLD,MWI,14409676.4475164
17814,NLD,MYS,598483932.485701
17815,NLD,NAM,21359408.4971597
17816,NLD,NCL,6949935.45438493
17817,NLD,NER,17180578.0260119
17818,NLD,NGA,2211691128.61427
17819,NLD,NIC,12423366.768948
17820,NLD,NOR,2678459369.06035
17821,NLD,NPL,10030679.5947082
17822,NLD,NRU,2536.28900236237
17823,NLD,NZL,315566274.495661
17824,NLD,OMN,198340101.170824
17825,NLD,PAK,262274558.618442
17826,NLD,PAN,78958495.0959379
17827,NLD,PER,143856823.525602
17828,NLD,PHL,300976692.891461
17829,NLD,PLW,37402.8382374592
17830,NLD,PNG,6568714.63381521
17831,NLD,POL,8108492258.10078
17832,NLD,PRK,134595.265751717
17833,NLD,PRT,2151593941.226
17834,NLD,PRY,68328533.7954745
17835,NLD,PSE,19054479.9551358
17836,NLD,PYF,15522708.0779023
17837,NLD,QAT,319823712.266107
17838,NLD,ROU,1785414900.54777
17839,NLD,RUS,3448819864.83632
17840,NLD,RWA,12004958.6083101
17841,NLD,SAU,1804705870.46352
17842,NLD,SDN,48022354.1572327
17843,NLD,SEN,303825424.272033
17844,NLD,SGP,1538118050.00836
17845,NLD,SHN,14573.9516628954
17846,NLD,SLB,985641.368371263
17847,NLD,SLE,34288072.6524896
17848,NLD,SLV,23982294.8005949
17849,NLD,SMR,4150971.32181248
17850,NLD,SOM,12629705.8849466
17851,NLD,SPM,704420.601005227
17852,NLD,SRB,376520255.766017
17853,NLD,STP,2256575.84746957
17854,NLD,SUR,107288533.840421
17855,NLD,SVK,890353893.631632
17856,NLD,SVN,524853664.438275
17857,NLD,SWE,7286090103.59757
17858,NLD,SWZ,3420962.53024132
17859,NLD,SYC,308484171.798317
17860,NLD,SYR,28690468.8493927
17861,NLD,TCA,612542.956130265
17862,NLD,TCD,28118311.156506
17863,NLD,TGO,717158910.131596
17864,NLD,THA,543904184.455761
17865,NLD,TJK,7656658.07667937
17866,NLD,TKL,1152.75506690983
17867,NLD,TKM,18224146.7523382
17868,NLD,TLS,941545.925441827
17869,NLD,TON,93523.9479233764
17870,NLD,TTO,45587330.947993
17871,NLD,TUN,143887646.29289
17872,NLD,TUR,3247544669.35559
17873,NLD,TUV,5114.27859989288
17874,NLD,TZA,84923254.1685187
17875,NLD,UGA,100262265.181767
17876,NLD,UKR,626135537.881853
17877,NLD,URY,54491767.3594713
17878,NLD,USA,14105735757.9547
17879,NLD,UZB,83110883.9869253
17880,NLD,VAT,3771422.50951408
17881,NLD,VCT,2725625.41822986
17882,NLD,VEN,14620611.1595486
17883,NLD,VGB,10319197.905714
17884,NLD,VNM,542818258.558319
17885,NLD,VUT,182434.019887788
17886,NLD,WLF,650960.881607055
17887,NLD,WSM,481380.820494402
17888,NLD,YEM,46368051.5797368
17889,NLD,ZAF,949067270.821074
17890,NLD,ZMB,33853097.3036524
17891,NLD,ZWE,9021017.74079185
17892,NOR,ABW,119553.923439664
17893,NOR,AFG,1715282.54294716
17894,NOR,AGO,84472724.0355718
17895,NOR,ALB,3552625.06451714
17896,NOR,AND,53391.9504922066
17897,NOR,ARE,138558914.328145
17898,NOR,ARG,23636767.3969342
17899,NOR,ARM,1292447.76968431
17900,NOR,ATG,668310.216653932
17901,NOR,AUS,130010761.999879
17902,NOR,AUT,161549413.502003
17903,NOR,AZE,56064645.0930785
17904,NOR,BDI,89470.9502457005
17905,NOR,BEL,1584252666.70557
17906,NOR,BEN,8115417.51533339
17907,NOR,BFA,7006446.57798811
17908,NOR,BGD,15274241.4218778
17909,NOR,BGR,13437782.872806
17910,NOR,BHR,9015148.52943262
17911,NOR,BHS,3082965.45057339
17912,NOR,BIH,4749233.79232414
17913,NOR,BLR,89824845.4190888
17914,NOR,BLZ,53787.0271350895
17915,NOR,BMU,396765.816309669
17916,NOR,BOL,3103854.5880601
17917,NOR,BRA,324688091.236071
17918,NOR,BRB,359219.949446852
17919,NOR,BRN,2390996.83403058
17920,NOR,BWA,75076.5485495014
17921,NOR,CAF,688251.373646971
17922,NOR,CAN,439372335.873751
17923,NOR,CHE,235239604.445479
17924,NOR,CHL,83446143.7724301
17925,NOR,CHN,3684811732.17879
17926,NOR,CIV,15753613.9236846
17927,NOR,CMR,13902730.1539557
17928,NOR,COD,4927694.11923288
17929,NOR,COG,21090594.3957851
17930,NOR,COK,13644.6391885119
17931,NOR,COL,12198967.7803907
17932,NOR,CPV,291702.960967874
17933,NOR,CRI,6817263.77030715
17934,NOR,CUB,2574990.84657217
17935,NOR,CYM,441468.310698316
17936,NOR,CYP,29394533.570244
17937,NOR,CZE,150183644.494127
17938,NOR,DEU,4986633065.45363
17939,NOR,DJI,233821.251563815
17940,NOR,DMA,28437.8129222005
17941,NOR,DNK,1725521748.47177
17942,NOR,DOM,31910799.5147862
17943,NOR,DZA,25142755.0378256
17944,NOR,ECU,2913355.08112349
17945,NOR,EGY,177744632.339456
17946,NOR,ERI,8809.39864007809
17947,NOR,ESP,760801084.873738
17948,NOR,EST,87279928.3119752
17949,NOR,ETH,3619013.65582594
17950,NOR,FIN,800992862.967523
17951,NOR,FJI,60350.8311461072
17952,NOR,FRA,2144896111.01599
17953,NOR,FRO,42001275.7809857
17954,NOR,GAB,11481159.2763494
17955,NOR,GBR,7163967522.07891
17956,NOR,GEO,3729721.89584145
17957,NOR,GHA,16765133.1547476
17958,NOR,GIB,1803332.14160225
17959,NOR,GIN,810233.067318024
17960,NOR,GMB,37631159.0149303
17961,NOR,GNQ,1383573.80560458
17962,NOR,GRC,119842209.500946
17963,NOR,GRD,222568.899016579
17964,NOR,GRL,1759415.28290572
17965,NOR,GTM,9154109.08996506
17966,NOR,GUY,1020134.2961575
17967,NOR,HKG,80105581.9721529
17968,NOR,HND,1993135.9671235
17969,NOR,HRV,24746811.3860512
17970,NOR,HTI,1008535.64427573
17971,NOR,HUN,38320184.9295835
17972,NOR,IDN,99126596.6152748
17973,NOR,IND,249084166.170619
17974,NOR,IRL,286339423.192598
17975,NOR,IRN,1092406.45930201
17976,NOR,IRQ,1398587.10812857
17977,NOR,ISL,250351823.255303
17978,NOR,ISR,104236234.227645
17979,NOR,ITA,684745893.749181
17980,NOR,JAM,11535664.2182823
17981,NOR,JOR,3594734.05705294
17982,NOR,JPN,733441607.389929
17983,NOR,KAZ,40363940.7416087
17984,NOR,KEN,10171420.4807341
17985,NOR,KGZ,573459.326995334
17986,NOR,KHM,581326.436519554
17987,NOR,KNA,29663.9717592021
17988,NOR,KOR,772171178.533055
17989,NOR,KWT,15173020.6896637
17990,NOR,LAO,255655.260791598
17991,NOR,LBN,3724054.54484997
17992,NOR,LBR,805808.829267914
17993,NOR,LBY,743861.321587322
17994,NOR,LCA,340546.551861769
17995,NOR,LKA,6260929.38753662
17996,NOR,LSO,32485.3867868423
17997,NOR,LTU,345046596.728217
17998,NOR,LUX,19360513.7409088
17999,NOR,LVA,51677430.1917884
18000,NOR,MAC,3780137.73835688
18001,NOR,MAR,73234774.6661568
18002,NOR,MDA,4521850.18072868
18003,NOR,MDG,65956.486701928
18004,NOR,MDV,114322.705530296
18005,NOR,MEX,87506028.063765
18006,NOR,MHL,1739137.57843895
18007,NOR,MKD,3051861.68575914
18008,NOR,MLI,301529.432828063
18009,NOR,MLT,14985424.0804807
18010,NOR,MMR,14902346.1579033
18011,NOR,MNE,507589.550784881
18012,NOR,MNG,1310590.22173443
18013,NOR,MNP,11470.8009307296
18014,NOR,MOZ,3208618.84561528
18015,NOR,MRT,4023681.78718262
18016,NOR,MUS,1441054.85451398
18017,NOR,MWI,2386265.16055438
18018,NOR,MYS,100041087.637079
18019,NOR,NAM,2709860.76981487
18020,NOR,NCL,1228324.72183392
18021,NOR,NER,256866.918618095
18022,NOR,NGA,374928259.44505
18023,NOR,NIC,555188.363834356
18024,NOR,NLD,4828167001.23312
18025,NOR,NPL,1385651.38305889
18026,NOR,NZL,26428868.103461
18027,NOR,OMN,6753170.12207403
18028,NOR,PAK,17214793.1125364
18029,NOR,PAN,4033563.264859
18030,NOR,PER,10080411.2555922
18031,NOR,PHL,21259481.6421764
18032,NOR,PLW,4569.50371702593
18033,NOR,PNG,298580.573947935
18034,NOR,POL,1198246890.88483
18035,NOR,PRT,270655863.51713
18036,NOR,PRY,1141315.79761249
18037,NOR,PSE,318508.916838847
18038,NOR,PYF,960800.134133675
18039,NOR,QAT,22780593.5614576
18040,NOR,ROU,60984202.7305757
18041,NOR,RUS,225791351.39011
18042,NOR,RWA,1023168.35566358
18043,NOR,SAU,86839074.9661519
18044,NOR,SDN,560704.411697328
18045,NOR,SEN,13879424.8020351
18046,NOR,SGP,293115482.35931
18047,NOR,SLE,96645.3985857157
18048,NOR,SLV,970766.294810698
18049,NOR,SMR,1304589.67908161
18050,NOR,SOM,121650.880585536
18051,NOR,SRB,28245873.9562897
18052,NOR,SUR,195123.664384588
18053,NOR,SVK,41513843.2584535
18054,NOR,SVN,25358525.8021028
18055,NOR,SWE,6742349733.67666
18056,NOR,SYC,681921.087667611
18057,NOR,SYR,89839.9895852932
18058,NOR,TCA,3731.6763899989
18059,NOR,TCD,76798.1828346222
18060,NOR,TGO,10947693.3412307
18061,NOR,THA,194654852.940975
18062,NOR,TJK,153880.252394504
18063,NOR,TKM,179642.972711807
18064,NOR,TLS,137.878378550343
18065,NOR,TTO,10172777.5622658
18066,NOR,TUN,6670468.39306817
18067,NOR,TUR,682015348.577443
18068,NOR,TZA,5711951.65371448
18069,NOR,UGA,1518943.71638772
18070,NOR,UKR,143967234.412632
18071,NOR,URY,10271897.0472954
18072,NOR,USA,2076863421.44403
18073,NOR,UZB,1628459.22865947
18074,NOR,VCT,165956.530903428
18075,NOR,VEN,149686.876733156
18076,NOR,VGB,57971.3851133744
18077,NOR,VNM,155842116.871209
18078,NOR,VUT,9370.55148783592
18079,NOR,WSM,10847.3154930678
18080,NOR,YEM,94545.5212329002
18081,NOR,ZAF,48460400.2644603
18082,NOR,ZMB,898716.021382784
18083,NOR,ZWE,160755.971916183
18084,NPL,AGO,64531.1891560522
18085,NPL,ALB,548.572302172446
18086,NPL,AND,244.923292722632
18087,NPL,ARE,1175937.64410826
18088,NPL,ARG,2799.68276654432
18089,NPL,ARM,9844.70827498642
18090,NPL,AUS,3145403.21643907
18091,NPL,AUT,1260852.66192236
18092,NPL,BEL,1041585.31916933
18093,NPL,BGD,2018587.66864722
18094,NPL,BGR,7429.7436436659
18095,NPL,BHR,29766.3260378329
18096,NPL,BIH,6540.54838113419
18097,NPL,BLR,20354.9276615001
18098,NPL,BMU,2328.00858039902
18099,NPL,BOL,894.036434516069
18100,NPL,BRA,107511.327084749
18101,NPL,BRN,11564.8847071801
18102,NPL,BTN,187897.687570204
18103,NPL,CAN,4111619.44023715
18104,NPL,CHE,3918872.32068295
18105,NPL,CHL,117528.976726576
18106,NPL,CHN,8079067.83655205
18107,NPL,COL,13752.8893944695
18108,NPL,CRI,8612.04986452322
18109,NPL,CYP,14062.6948943251
18110,NPL,CZE,6256286.06494901
18111,NPL,DEU,13194816.6998765
18112,NPL,DNK,1926201.88725906
18113,NPL,DOM,13478.5729860584
18114,NPL,ECU,1030.55998508029
18115,NPL,EGY,22581.8917803578
18116,NPL,ESP,814055.647214571
18117,NPL,EST,21050.08094901
18118,NPL,ETH,551.693557787567
18119,NPL,FIN,342558.406405415
18120,NPL,FJI,165.338526292603
18121,NPL,FRA,5952141.60555725
18122,NPL,GBR,8617279.16296791
18123,NPL,GEO,5569.42828567299
18124,NPL,GRC,100923.171178456
18125,NPL,HKG,1451652.04095408
18126,NPL,HRV,38630.3519024469
18127,NPL,HUN,123979.513817155
18128,NPL,IDN,1107830.67630301
18129,NPL,IND,315055449.59364
18130,NPL,IRL,288759.699942913
18131,NPL,ISL,129162.913150272
18132,NPL,ISR,60514.6498044597
18133,NPL,ITA,3216188.83421041
18134,NPL,JOR,6300.11817612927
18135,NPL,JPN,3931538.19892625
18136,NPL,KAZ,12639.1297678453
18137,NPL,KEN,1698306.1826926
18138,NPL,KHM,33037.3579118253
18139,NPL,KOR,1213010.15387752
18140,NPL,KWT,61813.4642304281
18141,NPL,LBN,93300.0867295122
18142,NPL,LKA,60384.1332081004
18143,NPL,LTU,45640.0738643626
18144,NPL,LUX,34821.798901627
18145,NPL,LVA,73731.594453723
18146,NPL,MAC,17816.2855894903
18147,NPL,MAR,23100.9404352418
18148,NPL,MDA,10829.1215885617
18149,NPL,MDV,4790.65275431258
18150,NPL,MEX,4505861.31003241
18151,NPL,MLT,5718.07527116209
18152,NPL,MNE,39.8531479253552
18153,NPL,MUS,29595.9237856786
18154,NPL,MYS,579077.787150981
18155,NPL,NCL,45290.0841364315
18156,NPL,NGA,7478.27989365659
18157,NPL,NLD,1836337.33822825
18158,NPL,NOR,920277.38510666
18159,NPL,NZL,480410.596115783
18160,NPL,OMN,4268.58836935985
18161,NPL,PAK,871071.008387066
18162,NPL,PER,1478.14283902948
18163,NPL,PHL,25417.3582096584
18164,NPL,POL,250868.732035652
18165,NPL,PRT,139347.951314669
18166,NPL,PYF,11371.8389733353
18167,NPL,QAT,282106.118698003
18168,NPL,ROU,52729.145035683
18169,NPL,RUS,1018736.36273612
18170,NPL,RWA,635.953956126867
18171,NPL,SAU,246432.051973494
18172,NPL,SDN,330997.430144419
18173,NPL,SGP,2667029.23336064
18174,NPL,SLV,15.5387617307815
18175,NPL,SRB,11807.8585279611
18176,NPL,SVK,31787.5858583731
18177,NPL,SVN,94387.504979234
18178,NPL,SWE,726811.036436509
18179,NPL,SYC,461.034610443322
18180,NPL,TGO,7602.79053605302
18181,NPL,THA,265512.662639532
18182,NPL,TTO,6133.04923092491
18183,NPL,TUR,7196341.64009654
18184,NPL,TZA,4247.34822739956
18185,NPL,UGA,68834.9040290787
18186,NPL,UKR,14466.3621168748
18187,NPL,USA,46303829.5509244
18188,NPL,YEM,78163.6523969265
18189,NPL,ZAF,190072.479558872
18190,NPL,ZMB,1011.31132523175
18191,NRU,AGO,11712.7845117865
18192,NRU,AND,2794.81908911169
18193,NRU,AUS,159122.560488661
18194,NRU,AUT,5676.17612792806
18195,NRU,BEL,233.710078150187
18196,NRU,BIH,288.184765758874
18197,NRU,BOL,21044.5396075238
18198,NRU,CAN,24848.8245751087
18199,NRU,CZE,436624.70112385
18200,NRU,DEU,18052.617802425
18201,NRU,DOM,1067.31838380738
18202,NRU,ESP,8001.78462729888
18203,NRU,FJI,6240.66078227264
18204,NRU,FRA,491.834566709501
18205,NRU,GBR,45212.7019032059
18206,NRU,IDN,15192.177827356
18207,NRU,IRL,1022.51303701952
18208,NRU,JPN,809488.07546525
18209,NRU,KEN,7287.21363901778
18210,NRU,KOR,1821234.89712498
18211,NRU,KWT,3562.36240129889
18212,NRU,LUX,3573.54010727517
18213,NRU,MEX,5135.24317514208
18214,NRU,MUS,796.878913952327
18215,NRU,MYS,10086.2242428403
18216,NRU,NZL,1539072.49030036
18217,NRU,POL,4831.66968397426
18218,NRU,SAU,80773.4186871783
18219,NRU,SRB,17600.760913788
18220,NRU,SVK,7073.61893053524
18221,NRU,SVN,90770.0792478237
18222,NRU,SYC,9775.99514043614
18223,NRU,THA,44185082.1314128
18224,NRU,TUN,19971.224772054
18225,NRU,TUR,20840.545223154
18226,NRU,TZA,5296.7822816449
18227,NRU,USA,1882474.22236388
18228,NRU,ZAF,14209.9980544917
18229,NZL,ABW,393879.419550803
18230,NZL,AFG,4906.31975577932
18231,NZL,AGO,1365394.27407801
18232,NZL,ALB,311784.920547375
18233,NZL,AND,2749.56313323727
18234,NZL,ARE,278412170.0674
18235,NZL,ARG,8109298.51500352
18236,NZL,ARM,5739031.13930341
18237,NZL,ATG,781759.277186212
18238,NZL,AUS,2610303337.14232
18239,NZL,AUT,21865882.9269884
18240,NZL,AZE,21662468.8000914
18241,NZL,BDI,1690.98436517644
18242,NZL,BEL,178255877.197643
18243,NZL,BEN,360190.955514709
18244,NZL,BFA,1301949.1508443
18245,NZL,BGD,120460179.49389
18246,NZL,BGR,6565122.86929605
18247,NZL,BHR,11785605.8708842
18248,NZL,BHS,643104.777247042
18249,NZL,BIH,353019.921501258
18250,NZL,BLR,2330814.25961723
18251,NZL,BLZ,145596.081905285
18252,NZL,BMU,1264490.46158604
18253,NZL,BOL,761389.5374389
18254,NZL,BRA,30571043.8494798
18255,NZL,BRB,8896059.40201399
18256,NZL,BRN,2786770.85073855
18257,NZL,BTN,104727.942763845
18258,NZL,BWA,48723.5933440592
18259,NZL,CAF,90336.5913060683
18260,NZL,CAN,304288922.090287
18261,NZL,CHE,50137125.3521524
18262,NZL,CHL,58409672.7510734
18263,NZL,CHN,6039482893.23952
18264,NZL,CIV,7637225.73786455
18265,NZL,CMR,11234490.0229526
18266,NZL,COD,1248228.84736213
18267,NZL,COG,2023320.23433942
18268,NZL,COK,32032612.317571
18269,NZL,COL,7902212.74574995
18270,NZL,COM,309548.46112983
18271,NZL,CPV,44825.9557770321
18272,NZL,CRI,5785061.79272197
18273,NZL,CUB,33243228.7454588
18274,NZL,CYM,3690759.0934571
18275,NZL,CYP,3189086.52859704
18276,NZL,CZE,18095003.0633418
18277,NZL,DEU,409980359.696618
18278,NZL,DJI,951566.943399079
18279,NZL,DMA,152460.645226194
18280,NZL,DNK,34171804.6240221
18281,NZL,DOM,6733858.04887394
18282,NZL,DZA,129456780.834291
18283,NZL,ECU,1853049.0769214
18284,NZL,EGY,94741192.0367401
18285,NZL,ERI,2563.10449404184
18286,NZL,ESP,108961028.711533
18287,NZL,EST,3175573.57478784
18288,NZL,ETH,2584816.54524518
18289,NZL,FIN,14362624.285304
18290,NZL,FJI,141596104.031009
18291,NZL,FRA,151583029.127326
18292,NZL,FRO,1616463.13656262
18293,NZL,FSM,1039617.67882937
18294,NZL,GAB,1247990.82423985
18295,NZL,GBR,521420076.752148
18296,NZL,GEO,18328204.3148117
18297,NZL,GHA,14829893.7411217
18298,NZL,GIB,338976.829852622
18299,NZL,GIN,237747.980673524
18300,NZL,GMB,578141.442474193
18301,NZL,GNQ,331739.294240004
18302,NZL,GRC,16301328.2741581
18303,NZL,GRD,1487366.48745401
18304,NZL,GTM,10799240.3547062
18305,NZL,GUY,9653557.32184322
18306,NZL,HKG,326476589.964698
18307,NZL,HND,2162258.58449501
18308,NZL,HRV,1158736.51494008
18309,NZL,HTI,308999.240670747
18310,NZL,HUN,1451408.86708487
18311,NZL,IDN,378597061.89209
18312,NZL,IND,205468517.105497
18313,NZL,IRL,38772496.8743836
18314,NZL,IRN,4285155.38001623
18315,NZL,IRQ,1981298.68547258
18316,NZL,ISL,1749169.88662942
18317,NZL,ISR,7329543.56253808
18318,NZL,ITA,99687257.6324669
18319,NZL,JAM,12151623.5679767
18320,NZL,JOR,41046791.9874554
18321,NZL,JPN,1249767695.60764
18322,NZL,KAZ,1138836.54241727
18323,NZL,KEN,2265514.08329945
18324,NZL,KGZ,40945.9124693448
18325,NZL,KHM,7628056.44759942
18326,NZL,KIR,4674030.18451525
18327,NZL,KOR,590907998.090168
18328,NZL,KWT,41475888.2695476
18329,NZL,LAO,541268.113924097
18330,NZL,LBN,2145581.41717114
18331,NZL,LBR,296557.010569734
18332,NZL,LBY,30366937.7670694
18333,NZL,LCA,1434619.94270608
18334,NZL,LKA,150594945.110122
18335,NZL,LTU,4613658.05371278
18336,NZL,LUX,1868662.51923137
18337,NZL,LVA,4783692.13773843
18338,NZL,MAC,18525417.0594353
18339,NZL,MAR,18198999.3779881
18340,NZL,MDA,269842.82541525
18341,NZL,MDG,1992344.07091579
18342,NZL,MDV,10024069.4864875
18343,NZL,MEX,148890907.039314
18344,NZL,MHL,2139828.47445903
18345,NZL,MKD,144237.032897313
18346,NZL,MLI,115363.708043375
18347,NZL,MLT,2246396.98830103
18348,NZL,MMR,21026257.516669
18349,NZL,MNE,192298.099352286
18350,NZL,MNG,6510838.00364077
18351,NZL,MNP,1613507.27998844
18352,NZL,MOZ,924950.286854996
18353,NZL,MRT,458893.81218409
18354,NZL,MUS,28035328.2244245
18355,NZL,MWI,324141.725468071
18356,NZL,MYS,365223313.086594
18357,NZL,NAM,546632.739129626
18358,NZL,NCL,43093679.7861936
18359,NZL,NER,2811050.52102886
18360,NZL,NGA,190135944.161321
18361,NZL,NIC,4026314.66706837
18362,NZL,NIU,4871844.38574359
18363,NZL,NLD,230297121.331024
18364,NZL,NOR,25625049.3254585
18365,NZL,NPL,4399616.22948937
18366,NZL,NRU,505035.393456831
18367,NZL,OMN,48726436.0872501
18368,NZL,PAK,23487881.996728
18369,NZL,PAN,18487002.6403073
18370,NZL,PER,35999545.4936579
18371,NZL,PHL,232242852.659605
18372,NZL,PLW,397888.993216094
18373,NZL,PNG,55193800.2914532
18374,NZL,POL,44289610.9349676
18375,NZL,PRT,9908457.18876385
18376,NZL,PRY,3334148.65373839
18377,NZL,PSE,1810589.24495196
18378,NZL,PYF,56659406.4130075
18379,NZL,QAT,19735823.8830806
18380,NZL,ROU,2547058.10442099
18381,NZL,RUS,138406223.179617
18382,NZL,RWA,318883.407498133
18383,NZL,SAU,302216240.241647
18384,NZL,SDN,32941361.1757722
18385,NZL,SEN,3031273.86271672
18386,NZL,SGP,377466353.818469
18387,NZL,SHN,94923.0861364203
18388,NZL,SLB,8140470.23426865
18389,NZL,SLE,1180769.40381403
18390,NZL,SLV,14253468.7031666
18391,NZL,SOM,3585611.15601804
18392,NZL,SRB,1263669.41782209
18393,NZL,SUR,406745.860847793
18394,NZL,SVK,5091582.1338756
18395,NZL,SVN,2448010.10319663
18396,NZL,SWE,26614131.9524134
18397,NZL,SWZ,76536.5835048493
18398,NZL,SYC,1211096.64714259
18399,NZL,SYR,7301980.86396961
18400,NZL,TCA,54209.8409927889
18401,NZL,TGO,224346.410328797
18402,NZL,THA,345558657.220858
18403,NZL,TJK,244855.776377808
18404,NZL,TKL,2441437.42453717
18405,NZL,TLS,1593675.08337329
18406,NZL,TON,25758914.1323757
18407,NZL,TTO,23221055.2844742
18408,NZL,TUN,1913872.56849241
18409,NZL,TUR,17803913.5943923
18410,NZL,TUV,745787.878981644
18411,NZL,TZA,1212150.32772487
18412,NZL,UGA,430432.930177167
18413,NZL,UKR,9541050.92351712
18414,NZL,URY,6191096.35737427
18415,NZL,USA,2188422594.45928
18416,NZL,UZB,936548.7211841
18417,NZL,VCT,1641088.11094653
18418,NZL,VEN,93462.9956676333
18419,NZL,VGB,22165.6820214242
18420,NZL,VNM,278730229.110831
18421,NZL,VUT,14485693.4057268
18422,NZL,WLF,2218840.72278992
18423,NZL,WSM,35116318.0968683
18424,NZL,YEM,6193262.81834611
18425,NZL,ZAF,65421774.758667
18426,NZL,ZMB,801931.860204461
18427,NZL,ZWE,611488.893455491
18428,OMN,AFG,768492.86506152
18429,OMN,AGO,4790540.31059142
18430,OMN,ARE,1840543742.73571
18431,OMN,ARG,34023976.4492564
18432,OMN,ARM,154053.414314738
18433,OMN,AUS,22561236.0828839
18434,OMN,AUT,843832.114207397
18435,OMN,AZE,247029.70765811
18436,OMN,BDI,562415.243367277
18437,OMN,BEL,25322865.3766807
18438,OMN,BEN,4531553.0586684
18439,OMN,BGD,42090542.0886902
18440,OMN,BGR,1036293.49308752
18441,OMN,BHR,68631745.9071571
18442,OMN,BIH,1415.9427812098
18443,OMN,BLR,155237.580985986
18444,OMN,BMU,54.5131969312901
18445,OMN,BOL,14063495.8782328
18446,OMN,BRA,83136767.3229421
18447,OMN,BRN,6358063.33389335
18448,OMN,BWA,30810.2492579775
18449,OMN,CAN,26784800.4350186
18450,OMN,CHE,6789399.68627721
18451,OMN,CHL,6064615.86310249
18452,OMN,CHN,7831608675.929
18453,OMN,CIV,10125247.0797582
18454,OMN,CMR,11612374.5283441
18455,OMN,COD,4550168.26266557
18456,OMN,COG,821640.96702119
18457,OMN,COL,3745033.72513486
18458,OMN,COM,2200168.14490327
18459,OMN,CRI,1457281.13618434
18460,OMN,CYP,374384.488083122
18461,OMN,CZE,8743708.23729159
18462,OMN,DEU,25433902.650851
18463,OMN,DJI,13751352.4924057
18464,OMN,DNK,4059367.44221251
18465,OMN,DOM,2009406.98612418
18466,OMN,DZA,42817131.4454609
18467,OMN,ECU,2173700.28087991
18468,OMN,EGY,200566765.970721
18469,OMN,ERI,21974.1081438965
18470,OMN,ESP,14766347.9850261
18471,OMN,EST,186857.962866465
18472,OMN,ETH,7779281.38217625
18473,OMN,FIN,133958.295049449
18474,OMN,FJI,19286.8520943885
18475,OMN,FRA,22832780.3391933
18476,OMN,GAB,557681.120798182
18477,OMN,GBR,76347621.53363
18478,OMN,GEO,3551615.00649532
18479,OMN,GHA,3383284.28383115
18480,OMN,GIN,397773.763320445
18481,OMN,GMB,139785.453228155
18482,OMN,GNQ,367220.205704153
18483,OMN,GRC,2052609.85897408
18484,OMN,GTM,2361382.89088265
18485,OMN,GUY,14450.4147562276
18486,OMN,HKG,69554167.3958232
18487,OMN,HND,693113.115110929
18488,OMN,HRV,319043.397229552
18489,OMN,HTI,35956.6856428491
18490,OMN,HUN,243903.045734193
18491,OMN,IDN,170855648.91576
18492,OMN,IND,1522942734.32511
18493,OMN,IRL,41629014.275849
18494,OMN,IRN,216981161.298432
18495,OMN,IRQ,68473454.6309115
18496,OMN,ITA,28693746.6033941
18497,OMN,JOR,43863758.3326279
18498,OMN,JPN,733764861.09992
18499,OMN,KAZ,16790.7993326932
18500,OMN,KEN,47115243.7876881
18501,OMN,KGZ,23960.3004750567
18502,OMN,KHM,6377871.12359991
18503,OMN,KOR,1088674102.24723
18504,OMN,KWT,136381136.456134
18505,OMN,LBN,6383950.618366
18506,OMN,LBR,1531771.2042546
18507,OMN,LBY,27033272.7884224
18508,OMN,LCA,701.729879616805
18509,OMN,LKA,87694632.1863539
18510,OMN,LTU,933630.357186383
18511,OMN,LUX,19424.9185184622
18512,OMN,LVA,68917.8481087544
18513,OMN,MAC,90.3328684048026
18514,OMN,MAR,13199095.3106721
18515,OMN,MDA,304134.126890395
18516,OMN,MDG,42957239.0631809
18517,OMN,MDV,77030984.3748273
18518,OMN,MEX,21353521.9080936
18519,OMN,MKD,14796.7070890677
18520,OMN,MLI,20080.2821734231
18521,OMN,MLT,450956.775731477
18522,OMN,MMR,53165411.7101333
18523,OMN,MOZ,35316990.4560193
18524,OMN,MRT,510805.017707326
18525,OMN,MUS,4444816.85446891
18526,OMN,MWI,5635022.73623071
18527,OMN,MYS,325931560.17012
18528,OMN,NAM,29061443.1404118
18529,OMN,NER,200562.189480312
18530,OMN,NGA,7937159.64593696
18531,OMN,NLD,62860065.3818648
18532,OMN,NOR,10822142.0504069
18533,OMN,NPL,18465251.1055455
18534,OMN,NZL,2649489.02260525
18535,OMN,PAK,307481246.850817
18536,OMN,PAN,873479.259893227
18537,OMN,PER,1658691.38496871
18538,OMN,PHL,10560084.4581947
18539,OMN,PNG,267701.763092092
18540,OMN,POL,12784904.5580135
18541,OMN,PRT,986690.729407832
18542,OMN,PRY,16149035.9701852
18543,OMN,PSE,4229162.58589383
18544,OMN,PYF,103.978171754099
18545,OMN,QAT,1051466309.87632
18546,OMN,ROU,2234701.8220544
18547,OMN,RUS,4569645.50185018
18548,OMN,RWA,4982272.3929184
18549,OMN,SAU,833923895.880959
18550,OMN,SDN,8791323.83240379
18551,OMN,SEN,2802040.89391609
18552,OMN,SGP,140964132.133887
18553,OMN,SLE,106419.771333392
18554,OMN,SLV,2321965.02933443
18555,OMN,SOM,125598486.775813
18556,OMN,SRB,871478.973650115
18557,OMN,SUR,100449.536017584
18558,OMN,SVK,260620.844394379
18559,OMN,SVN,749094.926074449
18560,OMN,SWE,4498441.24173102
18561,OMN,SYC,886669.708128055
18562,OMN,SYR,2858365.31782172
18563,OMN,TCD,989802.598250538
18564,OMN,TGO,1549238.3698267
18565,OMN,THA,287945067.377534
18566,OMN,TJK,5202.81953449397
18567,OMN,TKM,55961.5270530511
18568,OMN,TTO,1098757.44329209
18569,OMN,TUN,4632691.96857437
18570,OMN,TUR,164828189.746807
18571,OMN,TZA,46713648.7177793
18572,OMN,UGA,26052245.4075371
18573,OMN,UKR,12590185.9281825
18574,OMN,USA,479123094.562513
18575,OMN,UZB,5953.32622233746
18576,OMN,VEN,145656.835112841
18577,OMN,VNM,60717175.8148553
18578,OMN,YEM,282284235.195175
18579,OMN,ZAF,332432354.631851
18580,OMN,ZMB,20278577.7771927
18581,OMN,ZWE,2016.09256961641
18582,PAK,ABW,9330.52579814046
18583,PAK,AFG,435536064.284624
18584,PAK,AGO,14811624.6729195
18585,PAK,ALB,2858810.97370917
18586,PAK,AND,356207.985789884
18587,PAK,ARE,548574223.250514
18588,PAK,ARG,17654486.8251278
18589,PAK,ARM,2622689.25373207
18590,PAK,ATG,155677.643019243
18591,PAK,AUS,120205166.392057
18592,PAK,AUT,135765119.424975
18593,PAK,AZE,5814180.01186161
18594,PAK,BDI,1020112.392855
18595,PAK,BEL,285597251.163967
18596,PAK,BEN,29528779.1878505
18597,PAK,BFA,1574847.92856559
18598,PAK,BGD,291789112.12044
18599,PAK,BGR,17813470.8200715
18600,PAK,BHR,42775141.7868143
18601,PAK,BHS,119329.388082594
18602,PAK,BIH,5173808.13621427
18603,PAK,BLR,7548377.36333628
18604,PAK,BLZ,7173.43409447965
18605,PAK,BMU,81976.3854096726
18606,PAK,BOL,857918.000716108
18607,PAK,BRA,34746515.1764227
18608,PAK,BRB,271208.394001527
18609,PAK,BRN,588491.626118149
18610,PAK,BTN,10145.4975921422
18611,PAK,BWA,2735538.88865126
18612,PAK,CAF,95326.4167774881
18613,PAK,CAN,163404126.281685
18614,PAK,CHE,107400184.203512
18615,PAK,CHL,26643438.579164
18616,PAK,CHN,1062694105.33011
18617,PAK,CIV,16754806.6943467
18618,PAK,CMR,7078485.62019709
18619,PAK,COD,12842967.5237973
18620,PAK,COG,1450456.00440929
18621,PAK,COL,16494103.5565302
18622,PAK,COM,17782277.7996497
18623,PAK,CPV,77655.2913293675
18624,PAK,CRI,3405063.27123887
18625,PAK,CUB,2213924.43212031
18626,PAK,CYM,25112.2763533351
18627,PAK,CYP,2914747.63424237
18628,PAK,CZE,110467771.301188
18629,PAK,DEU,1069434250.65105
18630,PAK,DJI,22744869.4491177
18631,PAK,DMA,16128.7570609267
18632,PAK,DNK,109570339.132109
18633,PAK,DOM,2683525.25633184
18634,PAK,DZA,6937639.94080206
18635,PAK,ECU,3722881.27281618
18636,PAK,EGY,35638329.4024712
18637,PAK,ERI,134528.863676644
18638,PAK,ESP,469788458.982448
18639,PAK,EST,10051548.5383062
18640,PAK,ETH,21012627.0769179
18641,PAK,FIN,33393273.8484139
18642,PAK,FJI,570166.907443665
18643,PAK,FRA,302161059.938718
18644,PAK,FSM,4805.6123758411
18645,PAK,GAB,371045.373227131
18646,PAK,GBR,863301333.383969
18647,PAK,GEO,3422491.42686718
18648,PAK,GHA,25546960.1290864
18649,PAK,GIB,4117.37976373605
18650,PAK,GIN,2804844.44711962
18651,PAK,GMB,13653076.2255081
18652,PAK,GNB,12593526.5644068
18653,PAK,GNQ,39677.8719933468
18654,PAK,GRC,36659978.8214201
18655,PAK,GRD,76249.3909792988
18656,PAK,GRL,907.383165584925
18657,PAK,GTM,2270788.22810086
18658,PAK,GUY,500982.279751066
18659,PAK,HKG,41725274.4766834
18660,PAK,HND,1568720.89379069
18661,PAK,HRV,7285883.37197755
18662,PAK,HTI,7689528.77474503
18663,PAK,HUN,14423330.6995321
18664,PAK,IDN,97493414.3792371
18665,PAK,IND,1273853.43073829
18666,PAK,IRL,42314772.5164411
18667,PAK,IRN,88700348.6931534
18668,PAK,IRQ,13052479.0412928
18669,PAK,ISL,2457328.89865501
18670,PAK,ISR,1050254.25280467
18671,PAK,ITA,359402394.94752
18672,PAK,JAM,503155.947467563
18673,PAK,JOR,16740322.1748342
18674,PAK,JPN,113210540.622232
18675,PAK,KAZ,29549779.4137303
18676,PAK,KEN,136673799.500025
18677,PAK,KGZ,2732219.93467595
18678,PAK,KHM,15018078.6302196
18679,PAK,KIR,19176.6284106777
18680,PAK,KNA,21664.1045960962
18681,PAK,KOR,113138667.390163
18682,PAK,KWT,102975529.027422
18683,PAK,LAO,2187863.57312754
18684,PAK,LBN,4362158.32842192
18685,PAK,LBR,1501521.99731762
18686,PAK,LBY,4402245.04689165
18687,PAK,LCA,101973.006329802
18688,PAK,LKA,162388286.716726
18689,PAK,LSO,3283357.70241403
18690,PAK,LTU,17203862.5473897
18691,PAK,LUX,2403206.67887417
18692,PAK,LVA,10080262.8856738
18693,PAK,MAC,390119.954933638
18694,PAK,MAR,18435140.9792782
18695,PAK,MDA,4908126.19309414
18696,PAK,MDG,31990930.6264793
18697,PAK,MDV,4517241.50002742
18698,PAK,MEX,89766250.2339616
18699,PAK,MKD,1541465.38858971
18700,PAK,MLI,91410.7908557158
18701,PAK,MLT,2030355.95959639
18702,PAK,MMR,10384759.3542824
18703,PAK,MNE,4002924.76918032
18704,PAK,MNG,1225689.88347405
18705,PAK,MOZ,56465267.1769401
18706,PAK,MRT,3013398.47331897
18707,PAK,MSR,34.2212845249583
18708,PAK,MUS,8210993.79609968
18709,PAK,MWI,7836646.40699774
18710,PAK,MYS,130466391.235752
18711,PAK,NAM,786587.045925819
18712,PAK,NCL,76874.6088363567
18713,PAK,NER,27271259.7879592
18714,PAK,NGA,14987822.902204
18715,PAK,NIC,2169434.56170515
18716,PAK,NLD,547524336.974291
18717,PAK,NOR,52500296.0278343
18718,PAK,NPL,4820952.49448299
18719,PAK,NZL,24267816.4226416
18720,PAK,OMN,131413587.120475
18721,PAK,PAN,4967394.0410642
18722,PAK,PER,12227672.3743971
18723,PAK,PHL,59798658.5858594
18724,PAK,PNG,1678734.2250779
18725,PAK,POL,257108622.131351
18726,PAK,PRT,84440665.9732347
18727,PAK,PRY,2882376.28556266
18728,PAK,PSE,351556.367193921
18729,PAK,PYF,543030.040463445
18730,PAK,QAT,83427376.6366522
18731,PAK,ROU,16456595.3512847
18732,PAK,RUS,146499333.130581
18733,PAK,RWA,25149095.4667605
18734,PAK,SAU,269664663.010964
18735,PAK,SDN,9687430.70514584
18736,PAK,SEN,23977900.2732374
18737,PAK,SGP,37468122.5829446
18738,PAK,SLB,15917.7784857758
18739,PAK,SLE,5568722.39178532
18740,PAK,SLV,2256235.38004687
18741,PAK,SOM,33276785.4370945
18742,PAK,SRB,7776296.53958493
18743,PAK,SUR,412133.730180421
18744,PAK,SVK,35559684.0464602
18745,PAK,SVN,33860314.7263959
18746,PAK,SWE,73717551.5321155
18747,PAK,SWZ,311231.450059416
18748,PAK,SYC,1932282.14120894
18749,PAK,SYR,12768679.3616059
18750,PAK,TCD,38224.4986506881
18751,PAK,TGO,9771392.40017298
18752,PAK,THA,70783059.5730306
18753,PAK,TJK,5777421.1380195
18754,PAK,TKM,1162601.66714283
18755,PAK,TON,44652.6233155124
18756,PAK,TTO,2639694.17840171
18757,PAK,TUN,10347678.9275965
18758,PAK,TUR,178762882.493988
18759,PAK,TZA,49555226.8126342
18760,PAK,UGA,17422018.1425032
18761,PAK,UKR,39688244.6644346
18762,PAK,URY,2554338.49690869
18763,PAK,USA,2071424754.60199
18764,PAK,UZB,12606102.06177
18765,PAK,VCT,68414.7723206924
18766,PAK,VEN,407241.725390107
18767,PAK,VGB,2550.02832847334
18768,PAK,VNM,68351180.6119723
18769,PAK,WSM,241737.838065763
18770,PAK,YEM,29404162.2512216
18771,PAK,ZAF,91586901.0681926
18772,PAK,ZMB,9720919.37081337
18773,PAK,ZWE,16413982.6002956
18774,PAN,ABW,27736432.1270925
18775,PAN,AGO,14416178.7441373
18776,PAN,ALB,281294.480711072
18777,PAN,AND,65896.1911051534
18778,PAN,ARE,2335579.41319852
18779,PAN,ARG,75672975.9367635
18780,PAN,ARM,6088.42392772324
18781,PAN,ATG,3026631.70791181
18782,PAN,AUS,1965166.24101899
18783,PAN,AUT,3113394.30750128
18784,PAN,AZE,18249.6129923815
18785,PAN,BEL,11288616.326222
18786,PAN,BEN,1000505.74634257
18787,PAN,BGD,300303.199473022
18788,PAN,BGR,33127998.2856731
18789,PAN,BHR,62227.6995113665
18790,PAN,BHS,15735858.9454368
18791,PAN,BIH,118069.883172945
18792,PAN,BLR,840603.499101949
18793,PAN,BLZ,14043360.213652
18794,PAN,BMU,3662798.21549461
18795,PAN,BOL,14428323.4132027
18796,PAN,BRA,64308576.7645066
18797,PAN,BRB,25350416.5039479
18798,PAN,CAN,5724710.74502344
18799,PAN,CHE,24372300.50487
18800,PAN,CHL,144747576.493233
18801,PAN,CHN,234764580.931505
18802,PAN,CIV,58981.7086994874
18803,PAN,CMR,2752.166263421
18804,PAN,COG,413055.190253841
18805,PAN,COL,284379694.600963
18806,PAN,CPV,56017.0724998765
18807,PAN,CRI,364253050.89482
18808,PAN,CUB,94681927.7551334
18809,PAN,CYP,1602256.09672428
18810,PAN,CZE,6586600.02963539
18811,PAN,DEU,63202094.0250214
18812,PAN,DMA,905776.276578134
18813,PAN,DNK,35895782.5700125
18814,PAN,DOM,222517895.669337
18815,PAN,ECU,153951976.758033
18816,PAN,EGY,606252.200220618
18817,PAN,ESP,127003725.866299
18818,PAN,EST,1838568.85845008
18819,PAN,ETH,50024.5302838604
18820,PAN,FIN,13376524.2143868
18821,PAN,FRA,5340884.95832553
18822,PAN,GBR,16051513.6528089
18823,PAN,GEO,10386.5544488513
18824,PAN,GRC,6463875.6376668
18825,PAN,GRD,2594800.59725346
18826,PAN,GTM,309359220.317107
18827,PAN,GUY,26244395.4245406
18828,PAN,HKG,11196998.8698352
18829,PAN,HND,205248429.95778
18830,PAN,HRV,95930.2234511787
18831,PAN,HTI,36092564.5373505
18832,PAN,HUN,1162496.42516513
18833,PAN,IDN,16921419.4541146
18834,PAN,IND,17163506.5602336
18835,PAN,IRL,452604.221556543
18836,PAN,ISL,52563.1993624081
18837,PAN,ISR,8705607.5136052
18838,PAN,ITA,16902688.7086463
18839,PAN,JAM,78932295.9754738
18840,PAN,JOR,165605.090824386
18841,PAN,JPN,242800946.256338
18842,PAN,KAZ,5494.44513323346
18843,PAN,KEN,7037.93479187245
18844,PAN,KHM,6946.83173701559
18845,PAN,KNA,1315951.57464778
18846,PAN,KOR,135798484.535232
18847,PAN,KWT,148008.831000253
18848,PAN,LBN,94699.925612179
18849,PAN,LCA,4252517.47880765
18850,PAN,LKA,73600.6917638955
18851,PAN,LTU,107576.042751564
18852,PAN,LUX,56280.0556646577
18853,PAN,LVA,16738.9382778108
18854,PAN,MAC,61501.874798706
18855,PAN,MAR,312929.756197098
18856,PAN,MDA,11163.7025862409
18857,PAN,MDV,669405.329266359
18858,PAN,MEX,75974380.9029598
18859,PAN,MKD,35351.4031118727
18860,PAN,MLT,6608.06122510984
18861,PAN,MNE,12764.5191229665
18862,PAN,MOZ,55068.3423247219
18863,PAN,MSR,46445.104751801
18864,PAN,MUS,2635.63805346696
18865,PAN,MYS,499615.754433177
18866,PAN,NAM,150750.401698627
18867,PAN,NER,10209.3970613671
18868,PAN,NGA,5199245.46175775
18869,PAN,NIC,181432348.396234
18870,PAN,NLD,162766065.955134
18871,PAN,NOR,12737342.2973129
18872,PAN,NZL,189147.910732863
18873,PAN,OMN,3285.58039599904
18874,PAN,PAK,16394078.8093484
18875,PAN,PER,122395114.754885
18876,PAN,PHL,506465.108572143
18877,PAN,POL,9733386.32539986
18878,PAN,PRT,3975202.48697873
18879,PAN,PRY,17729591.602011
18880,PAN,QAT,23683.51997012
18881,PAN,ROU,1793199.58514299
18882,PAN,RUS,1667339.22099659
18883,PAN,SAU,33220240.5548188
18884,PAN,SEN,801297.380605257
18885,PAN,SGP,3729461.8538887
18886,PAN,SLV,165507274.64437
18887,PAN,SRB,300785.816308239
18888,PAN,SUR,10252804.5697566
18889,PAN,SVK,925913.473029758
18890,PAN,SVN,83811.4896643875
18891,PAN,SWE,4628978.79116274
18892,PAN,SYC,2140.02857290024
18893,PAN,TGO,24858.7494777978
18894,PAN,THA,21478472.293446
18895,PAN,TTO,84514804.9278049
18896,PAN,TUN,54163.1671936732
18897,PAN,TUR,20113149.6302041
18898,PAN,TZA,12505.8725080073
18899,PAN,UGA,2638.13865883078
18900,PAN,UKR,903006.436036001
18901,PAN,URY,24404509.512249
18902,PAN,USA,452614205.473519
18903,PAN,VCT,3050632.01807269
18904,PAN,VEN,187409127.796279
18905,PAN,VNM,8413012.68022669
18906,PAN,WSM,687846.518636873
18907,PAN,ZAF,677403.811594214
18908,PAN,ZMB,1056340.40068139
18909,PAN,ZWE,55035.8734644359
18910,PER,ABW,1529775.67866398
18911,PER,AGO,154505.892853868
18912,PER,AIA,6349.45211923102
18913,PER,ALB,926358.971879197
18914,PER,AND,66143.2249088031
18915,PER,ARE,576515502.936518
18916,PER,ARG,58773709.7156566
18917,PER,ARM,552070.889134546
18918,PER,ATG,393179.417089371
18919,PER,AUS,77513508.984218
18920,PER,AUT,61747467.059377
18921,PER,AZE,1160892.44686298
18922,PER,BEL,202638113.039228
18923,PER,BEN,168205.72040276
18924,PER,BFA,18725.7027474782
18925,PER,BGD,16887228.3318915
18926,PER,BGR,157078939.381246
18927,PER,BHR,1255459.82538724
18928,PER,BHS,2401032.23847061
18929,PER,BIH,655667.868606984
18930,PER,BLR,3035734.91167827
18931,PER,BLZ,299698.145497376
18932,PER,BMU,80271.0975818151
18933,PER,BOL,280163762.63903
18934,PER,BRA,383325772.150936
18935,PER,BRB,989383.516796404
18936,PER,BRN,57999.9510288085
18937,PER,CAN,1366515133.74496
18938,PER,CHE,911529006.106138
18939,PER,CHL,561603923.433843
18940,PER,CHN,7369511929.35642
18941,PER,CIV,3090188.35414378
18942,PER,CMR,132790.746901328
18943,PER,COD,45347.574554109
18944,PER,COG,302003.561108313
18945,PER,COL,340555826.17696
18946,PER,CPV,569547.077390924
18947,PER,CRI,29207495.0721724
18948,PER,CUB,4984654.02448022
18949,PER,CYM,157730.51449255
18950,PER,CYP,411383.239496451
18951,PER,CZE,11263739.8039416
18952,PER,DEU,711296548.622625
18953,PER,DJI,2993.52469313697
18954,PER,DMA,111238.484880855
18955,PER,DNK,32233908.1106472
18956,PER,DOM,40352885.9553897
18957,PER,DZA,2148494.83247084
18958,PER,ECU,321249020.892165
18959,PER,EGY,6169313.73858744
18960,PER,ESP,609068389.321129
18961,PER,EST,3106460.93352221
18962,PER,ETH,256905.703507409
18963,PER,FIN,93757812.3874014
18964,PER,FJI,381.638889778798
18965,PER,FRA,111493923.987819
18966,PER,FRO,24606.3568768534
18967,PER,GAB,279197.149474638
18968,PER,GBR,252462970.786481
18969,PER,GEO,18439582.6565501
18970,PER,GHA,8877765.57581817
18971,PER,GIB,145575.281869869
18972,PER,GIN,339916.364301611
18973,PER,GMB,622058.692265403
18974,PER,GNB,10502.3424796176
18975,PER,GNQ,157621.758164067
18976,PER,GRC,4434669.26036923
18977,PER,GRD,84546.029986983
18978,PER,GRL,158148.000560462
18979,PER,GTM,38176988.6491387
18980,PER,GUY,5253424.02567877
18981,PER,HKG,98004024.2782088
18982,PER,HND,17175982.1754167
18983,PER,HRV,650359.868609677
18984,PER,HTI,26237311.5196199
18985,PER,HUN,479832.161084234
18986,PER,IDN,38029738.0016848
18987,PER,IND,688590999.677486
18988,PER,IRL,12682172.7959989
18989,PER,IRN,2885590.06357624
18990,PER,IRQ,417758.328822115
18991,PER,ISL,11750253.3174938
18992,PER,ISR,5837120.42043419
18993,PER,ITA,252348675.748149
18994,PER,JAM,7457350.15684132
18995,PER,JOR,2020549.39855635
18996,PER,JPN,1123191631.05605
18997,PER,KAZ,922103.229119592
18998,PER,KEN,2604051.50027597
18999,PER,KNA,468499.622625039
19000,PER,KOR,1378488137.93102
19001,PER,KWT,2234211.37332318
19002,PER,LAO,51176.3891338078
19003,PER,LBN,1019872.8978764
19004,PER,LBR,1944525.57918499
19005,PER,LBY,640884.889841364
19006,PER,LCA,8617657.17698015
19007,PER,LKA,91691.2022396407
19008,PER,LTU,2934171.03939446
19009,PER,LUX,2695769.66854373
19010,PER,LVA,997952.168654838
19011,PER,MAC,777036.506865348
19012,PER,MAR,14814979.1144859
19013,PER,MDA,634548.115791327
19014,PER,MDG,25351.8973624443
19015,PER,MDV,7976.28245355649
19016,PER,MEX,282750356.659579
19017,PER,MKD,172609.846584049
19018,PER,MLI,24278.4674991278
19019,PER,MLT,401536.331688987
19020,PER,MNE,93935.2855028192
19021,PER,MOZ,2164970.18093701
19022,PER,MRT,71555.6776927623
19023,PER,MSR,7382.65824490731
19024,PER,MUS,123080.233613191
19025,PER,MWI,213.326143466467
19026,PER,MYS,51085650.3621392
19027,PER,NAM,66387292.7584342
19028,PER,NCL,706822.127383322
19029,PER,NER,2052.69943165846
19030,PER,NGA,22459950.9340754
19031,PER,NIC,12468051.3369969
19032,PER,NLD,710552847.916921
19033,PER,NOR,99608732.8406429
19034,PER,NZL,11541236.2391956
19035,PER,OMN,3236650.6197408
19036,PER,PAK,2566445.52536178
19037,PER,PAN,98841970.8170954
19038,PER,PHL,111558312.917035
19039,PER,PNG,539.664645745444
19040,PER,POL,50543545.9307536
19041,PER,PRK,613162.048504423
19042,PER,PRT,13474846.5469363
19043,PER,PRY,5833650.75047252
19044,PER,PSE,55200.3832901109
19045,PER,PYF,189553.085820448
19046,PER,QAT,1930295.12367801
19047,PER,ROU,7955291.74198003
19048,PER,RUS,104317221.038492
19049,PER,RWA,330.079908024326
19050,PER,SAU,8359952.02593696
19051,PER,SEN,1341053.61152227
19052,PER,SGP,17639827.2262308
19053,PER,SLV,17935122.9634628
19054,PER,SRB,2594725.14898842
19055,PER,SUR,1673655.88367793
19056,PER,SVK,8908915.47530102
19057,PER,SVN,1893123.16533355
19058,PER,SWE,39600824.5061588
19059,PER,SWZ,1151.63879667542
19060,PER,SYC,19486.0218107693
19061,PER,TGO,276387.60982187
19062,PER,THA,73127721.2039151
19063,PER,TLS,235.391985317893
19064,PER,TTO,8382202.14639983
19065,PER,TUN,1641517.53490445
19066,PER,TUR,144334897.589073
19067,PER,TZA,11196.4205068211
19068,PER,UKR,10262021.3460175
19069,PER,URY,9708281.91795148
19070,PER,USA,3121044313.39255
19071,PER,VCT,379990.490722967
19072,PER,VEN,17646488.1187457
19073,PER,VGB,272443.955114696
19074,PER,VNM,43695068.6085542
19075,PER,ZAF,36122116.7215474
19076,PER,ZMB,1540906.47228339
19077,PHL,ABW,100252.769883079
19078,PHL,AFG,3121609.70084045
19079,PHL,AGO,319279.41386609
19080,PHL,AIA,15.0036321829239
19081,PHL,ALB,503567.37556892
19082,PHL,AND,123820.975437089
19083,PHL,ARE,207121424.796809
19084,PHL,ARG,42984187.3390057
19085,PHL,ARM,1380259.38772741
19086,PHL,ATG,25233.7812680843
19087,PHL,AUS,221176638.811611
19088,PHL,AUT,87016262.3869067
19089,PHL,AZE,1689591.40295852
19090,PHL,BDI,63694.5676209315
19091,PHL,BEL,107065832.236278
19092,PHL,BEN,20084.8622822074
19093,PHL,BFA,284972.452099793
19094,PHL,BGD,9381738.69611258
19095,PHL,BGR,25043373.18428
19096,PHL,BHR,13184344.6672345
19097,PHL,BHS,62804.7041966466
19098,PHL,BIH,1102343.85801614
19099,PHL,BLR,5669972.62614149
19100,PHL,BLZ,385176.746247531
19101,PHL,BMU,2868681.97034823
19102,PHL,BOL,2419930.77855975
19103,PHL,BRA,138263951.39248
19104,PHL,BRB,28807.4739122866
19105,PHL,BRN,4453201.60180647
19106,PHL,BTN,17305.1893597844
19107,PHL,BWA,119948.971075525
19108,PHL,CAF,5214.26230463881
19109,PHL,CAN,443416116.635132
19110,PHL,CHE,332726063.485919
19111,PHL,CHL,21226873.9227744
19112,PHL,CHN,9670075030.56425
19113,PHL,CIV,1539739.7508354
19114,PHL,CMR,755624.831879155
19115,PHL,COG,483958.159934538
19116,PHL,COK,685.165869686857
19117,PHL,COL,15654458.534463
19118,PHL,CPV,57523.5516987677
19119,PHL,CRI,7946542.75396457
19120,PHL,CUB,1492789.38476645
19121,PHL,CYM,80994.6077341508
19122,PHL,CYP,5059874.92947653
19123,PHL,CZE,236119303.892198
19124,PHL,DEU,1924180322.26615
19125,PHL,DJI,250362.109388942
19126,PHL,DMA,125285.329938142
19127,PHL,DNK,38894835.9560736
19128,PHL,DOM,25594841.4560288
19129,PHL,DZA,1176214.24606997
19130,PHL,ECU,6176674.28397911
19131,PHL,EGY,14173654.7207464
19132,PHL,ESP,133792746.579832
19133,PHL,EST,7361504.20879211
19134,PHL,ETH,4052744.81146031
19135,PHL,FIN,55290930.9260081
19136,PHL,FJI,1313049.28504146
19137,PHL,FRA,292725591.419818
19138,PHL,FSM,3010716.35501324
19139,PHL,GAB,440673.210715019
19140,PHL,GBR,301495511.935759
19141,PHL,GEO,215808.744471668
19142,PHL,GHA,1685794.10868329
19143,PHL,GIN,276192.862676136
19144,PHL,GMB,15997.3727545062
19145,PHL,GRC,4137109.70209582
19146,PHL,GRD,311.575428332053
19147,PHL,GRL,3926.95066334395
19148,PHL,GTM,1065397.4187669
19149,PHL,GUY,284293.380205378
19150,PHL,HKG,5110402968.2632
19151,PHL,HND,2003261.69342927
19152,PHL,HRV,772989.630669602
19153,PHL,HTI,136308.498502936
19154,PHL,HUN,68107672.9759616
19155,PHL,IDN,296076439.229704
19156,PHL,IND,276989138.444075
19157,PHL,IRL,133489998.794057
19158,PHL,IRN,29114938.8455216
19159,PHL,IRQ,9795432.34592912
19160,PHL,ISL,1548312.34314777
19161,PHL,ISR,25233433.6839387
19162,PHL,ITA,153945016.903644
19163,PHL,JAM,196817.146854523
19164,PHL,JOR,1708171.63098847
19165,PHL,JPN,5018389445.88408
19166,PHL,KAZ,2285830.36960638
19167,PHL,KEN,3098725.16079291
19168,PHL,KGZ,253084.768509069
19169,PHL,KHM,16566929.3717066
19170,PHL,KIR,355543.554439753
19171,PHL,KNA,50.012107276413
19172,PHL,KOR,1543351896.28852
19173,PHL,KWT,25239352.1167138
19174,PHL,LAO,827054.324024048
19175,PHL,LBN,1724172.39956506
19176,PHL,LBR,34036.5197958363
19177,PHL,LBY,33347.5730108394
19178,PHL,LCA,11923.6465587275
19179,PHL,LKA,23849129.5620341
19180,PHL,LSO,3481.52983279232
19181,PHL,LTU,1961427.335879
19182,PHL,LUX,2758748.81196983
19183,PHL,LVA,962921.671730152
19184,PHL,MAC,11004697.9668042
19185,PHL,MAR,12950054.2906016
19186,PHL,MDA,1748577.30767381
19187,PHL,MDG,41797.212557951
19188,PHL,MDV,1356276.06867986
19189,PHL,MEX,1383951098.44224
19190,PHL,MHL,1368036.6837708
19191,PHL,MKD,1492561.13451005
19192,PHL,MLI,268272.445246771
19193,PHL,MLT,12548115.0633769
19194,PHL,MMR,24762307.1303681
19195,PHL,MNE,375064.497704549
19196,PHL,MNG,2467423.09582799
19197,PHL,MOZ,124736.522078944
19198,PHL,MRT,9755.36164533711
19199,PHL,MSR,773.089154763083
19200,PHL,MUS,1286923.86241868
19201,PHL,MWI,234731.740981383
19202,PHL,MYS,1044682350.99769
19203,PHL,NAM,211443.251643007
19204,PHL,NCL,1802520.36658215
19205,PHL,NER,154978.018149221
19206,PHL,NGA,4630118.35053514
19207,PHL,NIC,1714725.10249813
19208,PHL,NLD,960093183.990301
19209,PHL,NOR,24586625.8642335
19210,PHL,NPL,1987979.97892626
19211,PHL,NRU,16391.4681598443
19212,PHL,NZL,40051320.6498773
19213,PHL,OMN,6927774.02939408
19214,PHL,PAK,25071976.5582824
19215,PHL,PAN,3168671.09378755
19216,PHL,PER,29200547.5102586
19217,PHL,PLW,825862.930603299
19218,PHL,PNG,16176417.9810115
19219,PHL,POL,250244729.972922
19220,PHL,PRT,14827395.8399125
19221,PHL,PRY,822406.593869426
19222,PHL,PSE,211603.106341737
19223,PHL,PYF,597422.164084472
19224,PHL,QAT,30640150.400271
19225,PHL,ROU,14508519.6026502
19226,PHL,RUS,201744531.439822
19227,PHL,RWA,255782.301546502
19228,PHL,SAU,100196222.622728
19229,PHL,SDN,550696.316368475
19230,PHL,SEN,118524.188154233
19231,PHL,SGP,3442701178.16338
19232,PHL,SLB,1070030.54038498
19233,PHL,SLE,28517.4036900834
19234,PHL,SLV,2518701.45464732
19235,PHL,SRB,13716773.6513209
19236,PHL,SUR,145376.193673223
19237,PHL,SVK,21256534.0270973
19238,PHL,SVN,9382487.15230402
19239,PHL,SWE,32371466.0541244
19240,PHL,SWZ,133542.828970551
19241,PHL,SYC,959534.102143905
19242,PHL,SYR,201549.79256609
19243,PHL,TCA,114482.214645364
19244,PHL,TGO,101383.543628599
19245,PHL,THA,1510644386.97623
19246,PHL,TJK,46384.229014582
19247,PHL,TKM,12869.1154443666
19248,PHL,TLS,185315.767521162
19249,PHL,TON,173331.461277519
19250,PHL,TTO,1052619.96701311
19251,PHL,TUN,9185109.00963976
19252,PHL,TUR,65006225.1560486
19253,PHL,TUV,51.5124704947053
19254,PHL,TZA,2322810.29196144
19255,PHL,UGA,1254600.22228859
19256,PHL,UKR,24523746.1828859
19257,PHL,URY,5365815.52368901
19258,PHL,USA,5754920091.8108
19259,PHL,UZB,1142268.02313382
19260,PHL,VCT,33227.7690078587
19261,PHL,VEN,242333.165686786
19262,PHL,VGB,32773.9341403789
19263,PHL,VNM,877069895.168519
19264,PHL,VUT,349339.570536472
19265,PHL,WSM,418404.290200907
19266,PHL,YEM,2189583.06939507
19267,PHL,ZAF,68550128.4026278
19268,PHL,ZMB,250307.946276761
19269,PHL,ZWE,141063.149541705
19270,PLW,AUS,66040.8986369523
19271,PLW,BRA,182.044070486143
19272,PLW,CHN,3655.88504190579
19273,PLW,CZE,17870.3261720079
19274,PLW,DNK,110.082149447185
19275,PLW,IND,1104.61691329306
19276,PLW,IRL,53135.2573501575
19277,PLW,JPN,2309788.90165333
19278,PLW,KOR,157009.009825716
19279,PLW,MEX,18521.9839298195
19280,PLW,MNE,4.53459776675236
19281,PLW,NZL,6636.24554816546
19282,PLW,PAK,3184.13083638884
19283,PLW,PHL,2099.50826346382
19284,PLW,POL,259.062715691819
19285,PLW,THA,40.1327156050303
19286,PLW,USA,255169.27314035
19287,PLW,ZAF,555.2259129245
19288,PNG,AGO,24.3218880106651
19289,PNG,ARE,12779872.9454259
19290,PNG,ARG,17864.5847820925
19291,PNG,ARM,23911.5486728836
19292,PNG,AUS,1192456360.90233
19293,PNG,AUT,587671.189501185
19294,PNG,BEL,44775451.1845314
19295,PNG,BGD,2138553.48630108
19296,PNG,BGR,62858960.3968624
19297,PNG,BLR,1650.39954012163
19298,PNG,BRA,53171.372093064
19299,PNG,BRN,15076497.4426493
19300,PNG,CAN,18217647.1393669
19301,PNG,CHE,55221318.4317347
19302,PNG,CHN,1135722772.11424
19303,PNG,CMR,12562.038605084
19304,PNG,COL,50597.9260954795
19305,PNG,CZE,1045313.0836123
19306,PNG,DEU,82941951.0534738
19307,PNG,DNK,1302740.84950418
19308,PNG,ECU,124619.055141737
19309,PNG,ESP,291638512.138656
19310,PNG,EST,1472.27141763523
19311,PNG,FIN,197988.783992535
19312,PNG,FJI,2755694.61008754
19313,PNG,FRA,10826315.7773115
19314,PNG,FSM,68768.078351457
19315,PNG,GBR,53365202.1902929
19316,PNG,GHA,23578.7220999277
19317,PNG,GRC,1693251.76858512
19318,PNG,HKG,23539603.4013029
19319,PNG,HRV,241339.925236277
19320,PNG,IDN,16689264.7525007
19321,PNG,IND,65779486.6280274
19322,PNG,IRL,35187.5839533992
19323,PNG,ISL,10617.3598238108
19324,PNG,ISR,114285.170443543
19325,PNG,ITA,69974573.8852303
19326,PNG,JPN,1128050791.89677
19327,PNG,KEN,101.874662522053
19328,PNG,KHM,40352.0937135983
19329,PNG,KIR,10995.0272521508
19330,PNG,KOR,267921745.346916
19331,PNG,KWT,111.526999226401
19332,PNG,LKA,1555103.51670197
19333,PNG,LUX,27091.3209541233
19334,PNG,MDA,6338.03435513981
19335,PNG,MEX,32560.7370281492
19336,PNG,MLT,88640.4486921473
19337,PNG,MUS,2812.52937654042
19338,PNG,MYS,98543084.640165
19339,PNG,NAM,100.266273152044
19340,PNG,NCL,423839.70504368
19341,PNG,NGA,2227.57726729296
19342,PNG,NLD,192462754.960253
19343,PNG,NOR,142323.989274497
19344,PNG,NZL,6089358.63150278
19345,PNG,PAK,533996.256502619
19346,PNG,PAN,40766.7015847359
19347,PNG,PHL,189977063.903491
19348,PNG,POL,470874.492549956
19349,PNG,PRT,1620212.33819525
19350,PNG,PYF,220231.648198756
19351,PNG,ROU,453328.549906954
19352,PNG,RUS,1685205.42617096
19353,PNG,SGP,184180416.189969
19354,PNG,SLB,5057727.49461066
19355,PNG,SRB,42265.2318592966
19356,PNG,SVK,11377079.0558907
19357,PNG,SVN,153811.670291675
19358,PNG,SWE,739956.152196939
19359,PNG,SYC,1315665.48688968
19360,PNG,THA,27519504.8418368
19361,PNG,TON,21959.2765533627
19362,PNG,TZA,123.52990497274
19363,PNG,UKR,75917.1935586524
19364,PNG,URY,21.4451916001259
19365,PNG,USA,45016496.4044234
19366,PNG,VNM,10414119.8245678
19367,PNG,WSM,85594.2872563441
19368,PNG,ZAF,146711.299884957
19369,POL,ABW,257188.261911099
19370,POL,AFG,5428611.69582016
19371,POL,AGO,7723970.23957276
19372,POL,AIA,11407.7616697498
19373,POL,ALB,43263251.7088361
19374,POL,AND,3344680.69240706
19375,POL,ARE,569743228.524546
19376,POL,ARG,71484724.4109016
19377,POL,ARM,19223147.672382
19378,POL,ATG,57250767.1612025
19379,POL,AUS,526059316.734411
19380,POL,AUT,2568147549.85462
19381,POL,AZE,54589348.8416706
19382,POL,BDI,891666.451274154
19383,POL,BEL,3049064967.71031
19384,POL,BEN,8798373.471029
19385,POL,BFA,5493944.17545814
19386,POL,BGD,21934707.605542
19387,POL,BGR,648080878.598032
19388,POL,BHR,28207351.630539
19389,POL,BHS,105524862.687725
19390,POL,BIH,148431350.926796
19391,POL,BLR,854619566.208297
19392,POL,BLZ,511029.213482188
19393,POL,BMU,224531.356101747
19394,POL,BOL,3210656.2578461
19395,POL,BRA,324561099.993153
19396,POL,BRB,2749511.1206457
19397,POL,BRN,415266.855669083
19398,POL,BTN,133745.878126093
19399,POL,BWA,1219537.79613425
19400,POL,CAF,1277773.83231618
19401,POL,CAN,765949242.95591
19402,POL,CHE,1327429136.91984
19403,POL,CHL,79448015.0368068
19404,POL,CHN,2160714089.59301
19405,POL,CIV,34229407.3663919
19406,POL,CMR,15469869.4578642
19407,POL,COD,22048560.1677568
19408,POL,COG,4553978.00345394
19409,POL,COL,41510075.7108796
19410,POL,COM,3437280.1205163
19411,POL,CPV,884244.469509537
19412,POL,CRI,9249455.67212432
19413,POL,CUB,51903918.7792102
19414,POL,CYM,4240142.48298317
19415,POL,CYP,128826513.212252
19416,POL,CZE,7516722857.69489
19417,POL,DEU,36765247288.5378
19418,POL,DJI,4285302.41561163
19419,POL,DMA,890592.600809015
19420,POL,DNK,2170747065.50163
19421,POL,DOM,14176519.4497597
19422,POL,DZA,217504376.461973
19423,POL,ECU,18038095.3627325
19424,POL,EGY,253024203.710125
19425,POL,ERI,2341.06674160889
19426,POL,ESP,3219304117.37968
19427,POL,EST,662737788.642065
19428,POL,ETH,20350514.9632436
19429,POL,FIN,1033763432.85906
19430,POL,FJI,383422.821645348
19431,POL,FRA,7097324747.90327
19432,POL,FRO,17948038.9852626
19433,POL,FSM,403631.7139536
19434,POL,GAB,14452238.9433394
19435,POL,GBR,7285726783.06942
19436,POL,GEO,66642244.3648803
19437,POL,GHA,51890287.4592461
19438,POL,GIB,29811400.949879
19439,POL,GIN,21059213.6599198
19440,POL,GMB,4098734.75002233
19441,POL,GNB,1336513.5524334
19442,POL,GNQ,4085248.48517417
19443,POL,GRC,553856914.007785
19444,POL,GRD,7816.89286742442
19445,POL,GRL,5720430.34129374
19446,POL,GTM,6833626.33146899
19447,POL,GUY,4186191.20158428
19448,POL,HKG,226429529.124585
19449,POL,HND,2809043.07255186
19450,POL,HRV,525899559.398252
19451,POL,HTI,5045055.34184838
19452,POL,HUN,3298900228.55612
19453,POL,IDN,142691246.182587
19454,POL,IND,318263770.116535
19455,POL,IRL,518522849.093263
19456,POL,IRN,17038703.8471306
19457,POL,IRQ,73051215.2428236
19458,POL,ISL,77331348.6070755
19459,POL,ISR,359255790.623532
19460,POL,ITA,5473415514.10949
19461,POL,JAM,3738376.21693929
19462,POL,JOR,56386379.8483506
19463,POL,JPN,470672467.264279
19464,POL,KAZ,461624886.341389
19465,POL,KEN,25473114.8696158
19466,POL,KGZ,13732730.0141475
19467,POL,KHM,12643535.3343752
19468,POL,KIR,221657.160296572
19469,POL,KNA,525359.182580099
19470,POL,KOR,417000855.947848
19471,POL,KWT,140562507.342783
19472,POL,LAO,3345467.89397826
19473,POL,LBN,27948426.9482633
19474,POL,LBR,71395394.3902732
19475,POL,LBY,27379163.6370684
19476,POL,LCA,303635.346142106
19477,POL,LKA,9080657.39127043
19478,POL,LSO,426062.144067072
19479,POL,LTU,2175393517.29028
19480,POL,LUX,208100261.464851
19481,POL,LVA,881122483.879189
19482,POL,MAC,5966059.63543007
19483,POL,MAR,235157792.775444
19484,POL,MDA,131150119.726968
19485,POL,MDG,1919212.11612698
19486,POL,MDV,1812343.40411093
19487,POL,MEX,574866761.216733
19488,POL,MHL,45271594.6603714
19489,POL,MKD,121785833.415849
19490,POL,MLI,12683244.4474316
19491,POL,MLT,32068557.8780206
19492,POL,MMR,4372132.93614386
19493,POL,MNE,21592553.2364488
19494,POL,MNG,28330002.0526005
19495,POL,MOZ,20263150.4434371
19496,POL,MRT,11720383.8514871
19497,POL,MUS,7866175.97021839
19498,POL,MWI,2194025.52185465
19499,POL,MYS,100398873.640886
19500,POL,NAM,2443068.40237556
19501,POL,NCL,2247408.56819128
19502,POL,NER,8060722.39536091
19503,POL,NGA,116472159.337922
19504,POL,NIC,2483405.89005322
19505,POL,NIU,6738.63133442388
19506,POL,NLD,5392983358.16606
19507,POL,NOR,1516603711.50067
19508,POL,NPL,4662709.52093081
19509,POL,NRU,476.115261271451
19510,POL,NZL,84825788.9689699
19511,POL,OMN,22132325.4462341
19512,POL,PAK,46848627.9804917
19513,POL,PAN,47337472.7824183
19514,POL,PER,52820027.5171419
19515,POL,PHL,100269385.40548
19516,POL,PNG,2125932.98854381
19517,POL,PRK,152422.399467397
19518,POL,PRT,672365402.861423
19519,POL,PRY,5591578.14786464
19520,POL,PSE,18849876.0182014
19521,POL,PYF,5270127.9224735
19522,POL,QAT,92219204.9301795
19523,POL,ROU,2839409932.67114
19524,POL,RUS,3804710869.69027
19525,POL,RWA,2296622.7322961
19526,POL,SAU,698971788.048946
19527,POL,SDN,7240510.33275878
19528,POL,SEN,45693944.6372714
19529,POL,SGP,207790819.992122
19530,POL,SLE,5283448.05360286
19531,POL,SLV,5504166.98676693
19532,POL,SMR,13456063.0366944
19533,POL,SOM,1742728.39172783
19534,POL,SRB,458822647.956163
19535,POL,STP,27947.7657882051
19536,POL,SUR,4252505.97602297
19537,POL,SVK,3162159364.38312
19538,POL,SVN,487693448.198925
19539,POL,SWE,3649832294.61491
19540,POL,SWZ,753059.085745607
19541,POL,SYC,2960857.84442057
19542,POL,SYR,2637174.92552357
19543,POL,TCA,8388.03063239998
19544,POL,TCD,3176083.38820699
19545,POL,TGO,8550306.41724298
19546,POL,THA,167149264.293567
19547,POL,TJK,8206014.06857284
19548,POL,TKM,14918877.6649647
19549,POL,TON,25358.1388734324
19550,POL,TTO,5659498.20892221
19551,POL,TUN,73120696.1432399
19552,POL,TUR,1502917956.261
19553,POL,TZA,20580853.0500788
19554,POL,UGA,10132856.531907
19555,POL,UKR,2830430509.67039
19556,POL,URY,31830385.0945079
19557,POL,USA,4437584224.04377
19558,POL,UZB,82746711.8956297
19559,POL,VAT,41225.48014902
19560,POL,VCT,837725.802449264
19561,POL,VEN,2842450.62008175
19562,POL,VGB,4765937.77113872
19563,POL,VNM,191826272.629213
19564,POL,WLF,10906.1402337674
19565,POL,WSM,359.587051317409
19566,POL,YEM,9383588.14383966
19567,POL,ZAF,429805868.788814
19568,POL,ZMB,3588470.97434261
19569,POL,ZWE,9049895.49121716
19570,PRK,AGO,1214646.72907095
19571,PRK,ALB,4568.82605297234
19572,PRK,AND,59.9420111761447
19573,PRK,ARE,76339.6033185251
19574,PRK,ARM,19515.7695122984
19575,PRK,AUT,114431.77943566
19576,PRK,BDI,158716.080585198
19577,PRK,BEN,148869.596880404
19578,PRK,BFA,873705.388636035
19579,PRK,BGR,14561.8857418939
19580,PRK,BIH,43955.9761663581
19581,PRK,BLZ,3125.75670477581
19582,PRK,BMU,77237.3531520064
19583,PRK,BOL,194657.719085331
19584,PRK,BRA,8220.490073024
19585,PRK,BRB,412796.182551467
19586,PRK,BRN,231868.792399013
19587,PRK,BWA,609.096954398361
19588,PRK,CAF,21775.0739603265
19589,PRK,CHN,23979902.7205037
19590,PRK,CIV,56476.2071503644
19591,PRK,CMR,168982.858537728
19592,PRK,COG,4317.26515337198
19593,PRK,COL,314846.945323486
19594,PRK,CPV,225359.800657328
19595,PRK,CRI,1180768.99871596
19596,PRK,CZE,4217.5210066199
19597,PRK,DMA,5324.98760978557
19598,PRK,DNK,31012.8247988638
19599,PRK,ECU,94601.0876848108
19600,PRK,ESP,193768.629348346
19601,PRK,EST,8184.3213170417
19602,PRK,ETH,1813322.52164247
19603,PRK,FIN,628.931256023113
19604,PRK,FJI,1611645.40775355
19605,PRK,GAB,473911.956380183
19606,PRK,GBR,6005.36482020072
19607,PRK,GRC,14.8520954978764
19608,PRK,GTM,10277.4880453029
19609,PRK,GUY,8370.29433867547
19610,PRK,HUN,2644.14011170395
19611,PRK,IDN,385294.774820704
19612,PRK,IND,963276.33108854
19613,PRK,ITA,31380.8653966741
19614,PRK,KAZ,534.884488531964
19615,PRK,KEN,406506.720455035
19616,PRK,KHM,38924.1630302744
19617,PRK,KWT,17496.2356095803
19618,PRK,LBN,80422.4692269086
19619,PRK,LCA,95809.834306543
19620,PRK,LKA,299569.809428894
19621,PRK,LSO,696.1055180325
19622,PRK,LUX,2553563.9759073
19623,PRK,MDA,10329.5006368703
19624,PRK,MDG,484207.723850695
19625,PRK,MKD,273240.137860115
19626,PRK,MOZ,2182821.54301806
19627,PRK,MRT,196408.80700079
19628,PRK,MUS,8234.18438823843
19629,PRK,MWI,28312.1234944356
19630,PRK,NAM,13776.9492190381
19631,PRK,NER,842490.771485885
19632,PRK,NGA,3457801.87856525
19633,PRK,NIC,24758.6887544066
19634,PRK,NLD,279074.632814959
19635,PRK,PAK,87534.9850738781
19636,PRK,PER,260431.632088557
19637,PRK,POL,10466530.8100813
19638,PRK,PSE,3354.29203018611
19639,PRK,PYF,126883.885427498
19640,PRK,RUS,350914.581826085
19641,PRK,RWA,180100.710024018
19642,PRK,SEN,344084.773919007
19643,PRK,SLV,139581.690899963
19644,PRK,SUR,3689683.59809375
19645,PRK,SVK,158362.122396555
19646,PRK,SVN,532788.681164439
19647,PRK,SWE,2769.30741306892
19648,PRK,SYC,32655.6154969844
19649,PRK,TGO,1674722.07979005
19650,PRK,THA,20346.0855209336
19651,PRK,TTO,420888.195521866
19652,PRK,TUR,46663.2965731843
19653,PRK,TZA,2437652.17867871
19654,PRK,UGA,2194494.75845069
19655,PRK,UKR,63181.405391074
19656,PRK,URY,33866.0035160774
19657,PRK,VCT,85199.1005868252
19658,PRK,ZAF,550589.763073317
19659,PRK,ZMB,400360.40301205
19660,PRK,ZWE,318711.065776458
19661,PRT,ABW,825390.738291722
19662,PRT,AFG,734722.972312601
19663,PRT,AGO,647426872.241155
19664,PRT,AIA,91.3976261687174
19665,PRT,ALB,9521737.43347403
19666,PRT,AND,4871693.43119947
19667,PRT,ARE,123205658.414893
19668,PRT,ARG,39267196.8392685
19669,PRT,ARM,3503288.30523364
19670,PRT,ATG,59975.5072851142
19671,PRT,AUS,110339227.054308
19672,PRT,AUT,334671173.752149
19673,PRT,AZE,6171068.72494666
19674,PRT,BDI,1292606.2540513
19675,PRT,BEL,703235693.937738
19676,PRT,BEN,7131814.7754874
19677,PRT,BFA,6591826.09229674
19678,PRT,BGD,7349487.81928153
19679,PRT,BGR,46472366.180936
19680,PRT,BHR,8023318.48036279
19681,PRT,BHS,635614.0473394
19682,PRT,BIH,8573196.2185642
19683,PRT,BLR,13257209.3968315
19684,PRT,BLZ,17953.2362434507
19685,PRT,BMU,785615.555740764
19686,PRT,BOL,3422244.0459795
19687,PRT,BRA,415436163.795863
19688,PRT,BRB,742891.65134285
19689,PRT,BRN,166340.008738392
19690,PRT,BWA,2598681.91486964
19691,PRT,CAF,7297080.61168269
19692,PRT,CAN,222523501.084334
19693,PRT,CHE,567067134.761781
19694,PRT,CHL,63072062.266035
19695,PRT,CHN,1386579847.32793
19696,PRT,CIV,35091518.7272656
19697,PRT,CMR,18956369.028765
19698,PRT,COD,2581920.61967951
19699,PRT,COG,4060832.52038875
19700,PRT,COL,30940561.969979
19701,PRT,CPV,237222579.42626
19702,PRT,CRI,5412635.9332972
19703,PRT,CUB,23150952.9476163
19704,PRT,CYM,43030.0870207177
19705,PRT,CYP,21958551.4368214
19706,PRT,CZE,248051212.451047
19707,PRT,DEU,3683566194.19786
19708,PRT,DJI,108479.484963096
19709,PRT,DMA,8557.69070488234
19710,PRT,DNK,274851670.206998
19711,PRT,DOM,17209059.5080058
19712,PRT,DZA,91355378.7791775
19713,PRT,ECU,9267470.16269664
19714,PRT,EGY,99096868.8885814
19715,PRT,ERI,67648.657354289
19716,PRT,ESP,7789474282.617
19717,PRT,EST,17109992.0715765
19718,PRT,ETH,3908066.87182525
19719,PRT,FIN,181529832.781427
19720,PRT,FJI,812039.728687089
19721,PRT,FRA,4170084957.93755
19722,PRT,FRO,748776.527494322
19723,PRT,GAB,9288050.40440372
19724,PRT,GBR,1749219884.05164
19725,PRT,GEO,6522062.81101968
19726,PRT,GHA,23890341.752966
19727,PRT,GIB,106645898.727874
19728,PRT,GIN,8080688.54840517
19729,PRT,GMB,761747.01848038
19730,PRT,GNB,41899395.1930292
19731,PRT,GNQ,3446664.96846512
19732,PRT,GRC,88746204.4762381
19733,PRT,GRD,7582.76218745204
19734,PRT,GRL,437098.583344532
19735,PRT,GTM,8637731.58173073
19736,PRT,GUY,359097.443789837
19737,PRT,HKG,66665996.275907
19738,PRT,HND,3104644.77885494
19739,PRT,HRV,23760098.1651985
19740,PRT,HTI,1666379.65519828
19741,PRT,HUN,172534389.289826
19742,PRT,IDN,32919373.3493073
19743,PRT,IND,58137709.9569415
19744,PRT,IRL,279478821.243185
19745,PRT,IRN,11958438.9815175
19746,PRT,IRQ,11485781.2247626
19747,PRT,ISL,11388323.9416303
19748,PRT,ISR,157050089.42605
19749,PRT,ITA,1347122324.09163
19750,PRT,JAM,791067.434569252
19751,PRT,JOR,23058306.3935985
19752,PRT,JPN,213836657.750291
19753,PRT,KAZ,7034229.91997147
19754,PRT,KEN,7549395.10421803
19755,PRT,KGZ,176111.634321015
19756,PRT,KHM,3032185.12232074
19757,PRT,KNA,1758.83629123942
19758,PRT,KOR,198070355.239866
19759,PRT,KWT,26113271.1810779
19760,PRT,LAO,234098.34364418
19761,PRT,LBN,14729550.831417
19762,PRT,LBR,579514.644908525
19763,PRT,LBY,16916405.2342376
19764,PRT,LCA,197105.65269801
19765,PRT,LKA,4319698.382925
19766,PRT,LTU,50162001.0637365
19767,PRT,LUX,61647426.1372795
19768,PRT,LVA,21136665.2334317
19769,PRT,MAC,17134757.1133689
19770,PRT,MAR,587867882.540495
19771,PRT,MDA,10323510.6867818
19772,PRT,MDG,2628032.40673946
19773,PRT,MDV,910757.288415888
19774,PRT,MEX,230504712.67317
19775,PRT,MHL,97409.4970639537
19776,PRT,MKD,19813944.2414966
19777,PRT,MLI,2748025.27894288
19778,PRT,MLT,15218808.6583315
19779,PRT,MMR,802084.244094606
19780,PRT,MNE,1528866.8241422
19781,PRT,MNG,490105.998245706
19782,PRT,MOZ,115190224.434765
19783,PRT,MRT,10453808.0235612
19784,PRT,MSR,8336.05104882331
19785,PRT,MUS,9179984.45855303
19786,PRT,MWI,1438917.28953749
19787,PRT,MYS,23080933.9834417
19788,PRT,NAM,7281540.43210866
19789,PRT,NCL,1220726.23684019
19790,PRT,NER,2749673.86704447
19791,PRT,NGA,30089639.0681848
19792,PRT,NIC,5511294.30719789
19793,PRT,NLD,1144847333.72115
19794,PRT,NOR,162098157.656279
19795,PRT,NZL,16323424.8359465
19796,PRT,OMN,7518352.6922565
19797,PRT,PAK,13371046.058697
19798,PRT,PAN,6308598.19102986
19799,PRT,PER,20160339.8693431
19800,PRT,PHL,6249003.39390969
19801,PRT,PNG,56342.2807285311
19802,PRT,POL,453632424.471007
19803,PRT,PRY,5778882.78286458
19804,PRT,PSE,7918518.92476241
19805,PRT,PYF,2367683.76374148
19806,PRT,QAT,27042957.3769345
19807,PRT,ROU,270955383.441983
19808,PRT,RUS,258391621.643736
19809,PRT,RWA,3120761.80557611
19810,PRT,SAU,104036421.388573
19811,PRT,SDN,3656678.84757575
19812,PRT,SEN,23486103.5366861
19813,PRT,SGP,138796521.354695
19814,PRT,SLE,651351.03605834
19815,PRT,SLV,4955449.83452817
19816,PRT,SMR,962849.040146997
19817,PRT,SOM,177804.721195181
19818,PRT,SPM,759.744424178517
19819,PRT,SRB,31537798.8882179
19820,PRT,STP,36255245.633314
19821,PRT,SUR,469780.725263215
19822,PRT,SVK,205752168.496785
19823,PRT,SVN,58183232.4138323
19824,PRT,SWE,352754543.490716
19825,PRT,SWZ,1721572.95527363
19826,PRT,SYC,2372621.35706818
19827,PRT,SYR,7984030.22719105
19828,PRT,TCA,8090.41958466165
19829,PRT,TCD,90266.7584004361
19830,PRT,TGO,4565299.28468791
19831,PRT,THA,39487309.7332184
19832,PRT,TJK,202811.732065121
19833,PRT,TKM,6578172.5929633
19834,PRT,TLS,1846515.02011179
19835,PRT,TTO,3595818.19100758
19836,PRT,TUN,63707240.7539311
19837,PRT,TUR,480166510.525857
19838,PRT,TZA,2604910.73478539
19839,PRT,UGA,4513193.5850802
19840,PRT,UKR,34103665.6809761
19841,PRT,URY,7127261.4796941
19842,PRT,USA,2023976529.21982
19843,PRT,UZB,1646448.06352088
19844,PRT,VCT,31287.1342055799
19845,PRT,VEN,3721077.17056664
19846,PRT,VGB,677008.684939224
19847,PRT,VNM,47398145.9205907
19848,PRT,YEM,1311858.4182482
19849,PRT,ZAF,111877682.247169
19850,PRT,ZMB,670399.559456471
19851,PRT,ZWE,1364021.70679744
19852,PRY,ABW,6287979.29896604
19853,PRY,AGO,2447251.68509353
19854,PRY,ALB,972940.814733503
19855,PRY,ARE,9752787.82975005
19856,PRY,ARG,1109204516.7818
19857,PRY,ARM,60646.0516151177
19858,PRY,AUS,840217.03954515
19859,PRY,AUT,2530457.92723542
19860,PRY,AZE,585845.790596008
19861,PRY,BEL,9411734.47369763
19862,PRY,BEN,168717.344260197
19863,PRY,BGD,19630482.7828794
19864,PRY,BGR,468585.370383449
19865,PRY,BHR,398651.288257743
19866,PRY,BHS,113693.523713615
19867,PRY,BIH,61922.2755722294
19868,PRY,BLR,78625.5342124671
19869,PRY,BLZ,229243.996970403
19870,PRY,BOL,24726399.9477092
19871,PRY,BRA,1513199124.19716
19872,PRY,BRN,366.633757232656
19873,PRY,CAN,3899737.30584637
19874,PRY,CHE,9877615.84497829
19875,PRY,CHL,410123929.392962
19876,PRY,CHN,6957699.86804783
19877,PRY,CIV,536550.136763594
19878,PRY,CMR,246033.386461793
19879,PRY,COG,1135941.49656457
19880,PRY,COL,13234768.5541973
19881,PRY,COM,27804.7311613945
19882,PRY,CPV,59685.5020786505
19883,PRY,CRI,5330762.29776193
19884,PRY,CUB,304805.289370045
19885,PRY,CYP,99437.3859893135
19886,PRY,CZE,446555.605265727
19887,PRY,DEU,22839908.6878732
19888,PRY,DMA,37417.5583009939
19889,PRY,DNK,14614554.9819273
19890,PRY,DOM,788959.896861965
19891,PRY,DZA,10232883.2470652
19892,PRY,ECU,8332648.17503212
19893,PRY,EGY,23376091.0456023
19894,PRY,ESP,33757796.2925252
19895,PRY,FIN,100393.635484797
19896,PRY,FRA,17986014.9097367
19897,PRY,GAB,3532792.74287172
19898,PRY,GBR,58606127.776263
19899,PRY,GHA,454513.031654478
19900,PRY,GIN,21908.8038345782
19901,PRY,GNQ,177806.544636613
19902,PRY,GRC,2085249.517108
19903,PRY,GTM,6066290.06940591
19904,PRY,HKG,27256771.0074152
19905,PRY,HND,3187024.73696428
19906,PRY,HRV,306813.275477193
19907,PRY,HUN,11470.2768038453
19908,PRY,IDN,10725668.543934
19909,PRY,IND,82605073.6068543
19910,PRY,IRL,6600634.42717929
19911,PRY,IRN,1117146.44652902
19912,PRY,ISL,31993.4606979765
19913,PRY,ISR,62594572.3264719
19914,PRY,ITA,42778495.8522896
19915,PRY,JAM,13700.3166673006
19916,PRY,JOR,1851519.74418997
19917,PRY,JPN,35105663.9806463
19918,PRY,KAZ,115623.991054485
19919,PRY,KEN,80.5449988897358
19920,PRY,KOR,42026658.6038348
19921,PRY,KWT,14022250.6032917
19922,PRY,LBN,5196013.8869358
19923,PRY,LBY,2668205.93772536
19924,PRY,LTU,144313.436393599
19925,PRY,LUX,452961.656086763
19926,PRY,LVA,69476.6198800848
19927,PRY,MAR,154529.055961353
19928,PRY,MDG,4475950.06891253
19929,PRY,MDV,16108.3996326598
19930,PRY,MEX,30425168.0348548
19931,PRY,MKD,286565.873846337
19932,PRY,MLT,12877.3794449729
19933,PRY,MNE,7738.65342668012
19934,PRY,MOZ,168908.390509993
19935,PRY,MUS,4586361.79814667
19936,PRY,MYS,1402915.69852364
19937,PRY,NER,1424552.09891291
19938,PRY,NGA,412152.400700309
19939,PRY,NIC,935363.964369986
19940,PRY,NLD,28343858.6771078
19941,PRY,NOR,217800.432633297
19942,PRY,NZL,171199.445144326
19943,PRY,OMN,3035404.83177024
19944,PRY,PAK,17283609.6356157
19945,PRY,PAN,3822359.34315464
19946,PRY,PER,54096512.8525299
19947,PRY,PHL,228975.932075402
19948,PRY,POL,46182666.7189891
19949,PRY,PRT,5027092.41275842
19950,PRY,PSE,1196442.14297899
19951,PRY,PYF,61980.2160988724
19952,PRY,QAT,940517.963085599
19953,PRY,ROU,155533.652661062
19954,PRY,RUS,279623600.252788
19955,PRY,SAU,16024825.6664968
19956,PRY,SEN,2857836.84488534
19957,PRY,SGP,875743.005916502
19958,PRY,SLV,4660680.22966596
19959,PRY,SRB,864998.90491031
19960,PRY,SUR,8427687.73286481
19961,PRY,SVK,94401.9379732729
19962,PRY,SVN,171223.060861382
19963,PRY,SWE,3837554.17262392
19964,PRY,SYC,208615.002961029
19965,PRY,SYR,72517.5555507988
19966,PRY,THA,23052808.1535465
19967,PRY,TTO,1700414.64812448
19968,PRY,TUN,449579.097213544
19969,PRY,TUR,2093830.8890458
19970,PRY,TZA,15348.7157231311
19971,PRY,UKR,136454.728903402
19972,PRY,URY,53261534.3451648
19973,PRY,USA,86530207.830462
19974,PRY,VCT,2720.94370484834
19975,PRY,VEN,4831323.10007083
19976,PRY,VGB,75618.3062019364
19977,PRY,VNM,14305040.3054763
19978,PRY,ZAF,1277152.52540592
19979,PSE,ARE,9172800.45990101
19980,PSE,AUS,217592.926398754
19981,PSE,AUT,261185.736647398
19982,PSE,BEL,125150.930401774
19983,PSE,BGR,9644.98392433592
19984,PSE,BHR,297659.189392797
19985,PSE,BLR,2489652.71232711
19986,PSE,BOL,8487.55472588004
19987,PSE,CAN,831513.833612936
19988,PSE,CHE,221171.167644113
19989,PSE,CHN,4671.63094068973
19990,PSE,CIV,5748.73669389111
19991,PSE,COL,17662.7659243893
19992,PSE,CYP,3505.10604028349
19993,PSE,CZE,16876.0854793528
19994,PSE,DEU,2401315.34100603
19995,PSE,DNK,59993.9387471298
19996,PSE,DZA,982107.785437096
19997,PSE,EGY,45064.4095035574
19998,PSE,ESP,91957.2436447819
19999,PSE,FRA,2430939.44111283
20000,PSE,GBR,4156115.09605288
20001,PSE,GRC,465104.900807331
20002,PSE,HND,2430.56840879076
20003,PSE,IDN,832585.558063394
20004,PSE,IRL,37155.4933585023
20005,PSE,IRQ,136597.103370396
20006,PSE,ISR,443132327.645033
20007,PSE,ITA,924846.403706245
20008,PSE,JOR,28535712.1223152
20009,PSE,JPN,228293.116774757
20010,PSE,KAZ,11723.6381393076
20011,PSE,KOR,819833.776023909
20012,PSE,KWT,4166918.3213723
20013,PSE,LBN,15003.6321829239
20014,PSE,MAR,460338.441910034
20015,PSE,MYS,758119.205734409
20016,PSE,NLD,2907022.61611661
20017,PSE,NOR,401478.568705325
20018,PSE,NZL,81833.2257525938
20019,PSE,OMN,900073.471503686
20020,PSE,POL,4914.18966098034
20021,PSE,PRT,110499.915582897
20022,PSE,QAT,3211892.13203506
20023,PSE,ROU,13062.6622995263
20024,PSE,RUS,402577.458732214
20025,PSE,SAU,9850713.68281704
20026,PSE,SVK,47428.6063446606
20027,PSE,SVN,7130.12611018364
20028,PSE,SWE,705193.873204302
20029,PSE,TUR,18000938.291492
20030,PSE,UKR,498.175601791077
20031,PSE,USA,7227935.90865533
20032,PSE,YEM,526460.064089099
20033,PYF,ARE,463494.186874575
20034,PYF,AUS,547732.831947695
20035,PYF,AUT,40588.9695581391
20036,PYF,BEL,385575.652317468
20037,PYF,BOL,37.1489932849195
20038,PYF,BRA,42707.8390086928
20039,PYF,CAN,424088.308727377
20040,PYF,CHE,161216.691950472
20041,PYF,CHL,351746.467214647
20042,PYF,CHN,2077595.45866066
20043,PYF,CIV,16488.686695179
20044,PYF,COK,25648.3796369214
20045,PYF,CRI,4642.96400079889
20046,PYF,CZE,35605.1195332967
20047,PYF,DEU,940701.973132022
20048,PYF,DNK,190376.576176682
20049,PYF,ESP,58217.277640736
20050,PYF,FIN,757.459370997058
20051,PYF,FJI,127900.117443964
20052,PYF,FRA,11986247.1600135
20053,PYF,GBR,56428.6796445775
20054,PYF,HKG,5246321.30170229
20055,PYF,IDN,13055.5760840463
20056,PYF,IND,21863.7784345183
20057,PYF,IRL,15449.6566596103
20058,PYF,ITA,336891.742580291
20059,PYF,JPN,8780943.49596023
20060,PYF,KOR,421527.546300319
20061,PYF,LTU,2915.20573314211
20062,PYF,LUX,1910.48850425476
20063,PYF,MAR,61.9830052740952
20064,PYF,MDG,76381.3614276166
20065,PYF,MEX,6183.99706472846
20066,PYF,MKD,57.7189730077082
20067,PYF,MNE,7.31627117346645
20068,PYF,MUS,2040.22741234587
20069,PYF,MYS,43136.2352178065
20070,PYF,NCL,878388.528362851
20071,PYF,NGA,859.667114153572
20072,PYF,NLD,5063375.6279498
20073,PYF,NOR,56956.4354073383
20074,PYF,NZL,971330.383369153
20075,PYF,PER,2743.02405021088
20076,PYF,PHL,9829.87968517897
20077,PYF,PNG,2043.73076046058
20078,PYF,POL,199208.225703408
20079,PYF,PRT,5029.73563314747
20080,PYF,RUS,2015.76799104019
20081,PYF,SGP,1361607.2377861
20082,PYF,SWE,40996.6097424909
20083,PYF,THA,160847.868663183
20084,PYF,TON,3869.3077087393
20085,PYF,TUN,1374.03263531217
20086,PYF,UKR,5345.20750475743
20087,PYF,URY,6.15649040572644
20088,PYF,USA,11281127.0131573
20089,PYF,VNM,307371.732172247
20090,PYF,VUT,90019.8971385565
20091,PYF,WLF,170137.006441825
20092,PYF,ZAF,7414.28590154891
20093,QAT,AFG,28675.1863872087
20094,QAT,AGO,4963404.88784243
20095,QAT,ARE,543624387.466573
20096,QAT,ARG,53462143.9401213
20097,QAT,ARM,163329.079831922
20098,QAT,AUS,102205044.02709
20099,QAT,AUT,8322524.25516366
20100,QAT,AZE,6122380.96427722
20101,QAT,BEL,137092623.579352
20102,QAT,BFA,322864.566284554
20103,QAT,BGD,483790022.614695
20104,QAT,BGR,2590706.48812324
20105,QAT,BIH,2981715.78935597
20106,QAT,BLR,820798.704620489
20107,QAT,BOL,17308.9077599604
20108,QAT,BRA,269076457.887705
20109,QAT,BRN,24073209.2853014
20110,QAT,BTN,62713.6771601928
20111,QAT,BWA,26375.0965655757
20112,QAT,CAN,30830301.3363231
20113,QAT,CHE,225557052.612944
20114,QAT,CHL,59219.4432519102
20115,QAT,CHN,4153548716.26594
20116,QAT,CIV,8563107.94132436
20117,QAT,CMR,1684364.29104316
20118,QAT,COD,36204101.4819846
20119,QAT,COG,354584.605290718
20120,QAT,COL,571229.827262638
20121,QAT,CRI,1304580.41183814
20122,QAT,CUB,1600750.01062055
20123,QAT,CYP,1124410.35252556
20124,QAT,CZE,7217171.73278927
20125,QAT,DEU,590718882.70831
20126,QAT,DJI,7947605.79581309
20127,QAT,DNK,67633214.0211603
20128,QAT,DOM,18514.0220023411
20129,QAT,DZA,16878817.1366513
20130,QAT,ECU,134161.551755236
20131,QAT,EGY,21120319.6948908
20132,QAT,ESP,215192651.789695
20133,QAT,EST,60482.1819444158
20134,QAT,ETH,1699829.28641607
20135,QAT,FIN,30339641.8155769
20136,QAT,FJI,321570.323465311
20137,QAT,FRA,260205141.486147
20138,QAT,GAB,54669.5312777887
20139,QAT,GBR,579576834.298262
20140,QAT,GEO,1519931.9746321
20141,QAT,GHA,6569793.87158455
20142,QAT,GIN,122656.87812437
20143,QAT,GRC,31208957.4485105
20144,QAT,GUY,31615.5497106741
20145,QAT,HKG,344526068.573165
20146,QAT,HRV,441905.602560951
20147,QAT,HUN,30527279.2546443
20148,QAT,IDN,355476787.276296
20149,QAT,IND,4061667615.46184
20150,QAT,IRL,4212868.86689778
20151,QAT,IRN,3960857.37171413
20152,QAT,IRQ,21611631.8436298
20153,QAT,ITA,585434447.330189
20154,QAT,JOR,27938792.0167725
20155,QAT,JPN,4594022659.58243
20156,QAT,KAZ,830572.815804844
20157,QAT,KEN,30304080.4121267
20158,QAT,KHM,1356844.11919745
20159,QAT,KOR,3781986114.3245
20160,QAT,KWT,447769141.03635
20161,QAT,LBN,11999828.2853261
20162,QAT,LBY,2749194.65953461
20163,QAT,LKA,15814762.9290582
20164,QAT,LTU,3013106.24357397
20165,QAT,LUX,32185932.7039293
20166,QAT,MAR,37499466.5013969
20167,QAT,MDA,140672.554983876
20168,QAT,MDG,5272449.7865664
20169,QAT,MDV,84538.346126821
20170,QAT,MEX,18861120.0302295
20171,QAT,MKD,1146353.75223535
20172,QAT,MLI,603641.995824306
20173,QAT,MLT,11770520.8119889
20174,QAT,MMR,40886914.9338139
20175,QAT,MOZ,12311571.9033747
20176,QAT,MRT,728052.953588392
20177,QAT,MUS,631579.604653644
20178,QAT,MWI,677742.605111689
20179,QAT,MYS,117024396.487806
20180,QAT,NAM,845003.48628124
20181,QAT,NER,2945400.81397587
20182,QAT,NGA,37758462.4214183
20183,QAT,NLD,136913673.78695
20184,QAT,NOR,23224227.1618442
20185,QAT,NPL,894433.280587307
20186,QAT,NZL,26620811.9810609
20187,QAT,OMN,710707366.113753
20188,QAT,PAK,741613459.082238
20189,QAT,PER,4145641.66557248
20190,QAT,PHL,103242924.260307
20191,QAT,PNG,10377.5612717208
20192,QAT,POL,269105443.404719
20193,QAT,PRT,45416474.7449431
20194,QAT,PSE,1677822.33882217
20195,QAT,ROU,2104654.05419238
20196,QAT,RUS,18336985.9192232
20197,QAT,RWA,4356092.83804611
20198,QAT,SDN,18683086.2630853
20199,QAT,SEN,5629928.69152918
20200,QAT,SGP,1764454735.99784
20201,QAT,SLV,73725.7030274858
20202,QAT,SOM,2000281.05685618
20203,QAT,SRB,195869.417421635
20204,QAT,SVK,1586257.62370341
20205,QAT,SVN,745389.098942218
20206,QAT,SWE,106692183.600835
20207,QAT,SWZ,47979.7302645463
20208,QAT,SYC,25329.5019408059
20209,QAT,SYR,40964.5909911704
20210,QAT,TGO,19058013.6130882
20211,QAT,THA,1000221717.11331
20212,QAT,TTO,3203.98114188792
20213,QAT,TUN,14666782.112932
20214,QAT,TUR,393111130.812658
20215,QAT,TZA,17976631.3020881
20216,QAT,UGA,7546319.36512186
20217,QAT,UKR,3766437.97532361
20218,QAT,URY,1963292.80248405
20219,QAT,USA,623889096.27625
20220,QAT,VEN,112538.30955139
20221,QAT,VNM,87229902.0377692
20222,QAT,YEM,3438838.41825978
20223,QAT,ZAF,59041030.3799896
20224,QAT,ZMB,6158809.56716506
20225,QAT,ZWE,66297.5097591455
20226,ROU,ABW,272.560983445723
20227,ROU,AFG,2783575.2671296
20228,ROU,AGO,1334481.36146658
20229,ROU,ALB,30511269.3488557
20230,ROU,AND,971575.841291303
20231,ROU,ARE,201408047.653502
20232,ROU,ARG,28071407.6402788
20233,ROU,ARM,4933780.29861723
20234,ROU,ATG,22082.7234382373
20235,ROU,AUS,85099371.0261042
20236,ROU,AUT,903079399.460991
20237,ROU,AZE,31324455.0654715
20238,ROU,BDI,147168.557581059
20239,ROU,BEL,701237041.072046
20240,ROU,BEN,226415.392202221
20241,ROU,BFA,1461304.48018325
20242,ROU,BGD,10224604.0227734
20243,ROU,BGR,1294782758.90463
20244,ROU,BHR,13216168.1112736
20245,ROU,BHS,32730.743684535
20246,ROU,BIH,51054648.9871122
20247,ROU,BLR,24532088.8975479
20248,ROU,BLZ,50563.3832331048
20249,ROU,BMU,40706.1694306939
20250,ROU,BOL,1058729.9896696
20251,ROU,BRA,124319679.166733
20252,ROU,BRB,323.078213005628
20253,ROU,BRN,1385086.80138105
20254,ROU,BTN,367.168886780513
20255,ROU,BWA,1123884.25766488
20256,ROU,CAF,75127.757446505
20257,ROU,CAN,160501269.629594
20258,ROU,CHE,452119608.191992
20259,ROU,CHL,21877691.5131925
20260,ROU,CHN,1319521896.97607
20261,ROU,CIV,4823269.19032472
20262,ROU,CMR,3086209.96602811
20263,ROU,COD,216166.916180349
20264,ROU,COG,3876105.0242804
20265,ROU,COL,52703116.4795103
20266,ROU,COM,95986.3910486187
20267,ROU,CPV,757771.870149011
20268,ROU,CRI,1517186.85607484
20269,ROU,CUB,426415.504611033
20270,ROU,CYP,50003289.35671
20271,ROU,CZE,1146983546.70034
20272,ROU,DEU,8098550663.1643
20273,ROU,DJI,4530728.80012619
20274,ROU,DMA,8035.56530515873
20275,ROU,DNK,171573014.530583
20276,ROU,DOM,2116018.56539176
20277,ROU,DZA,45298957.4845529
20278,ROU,ECU,5162123.11242299
20279,ROU,EGY,277495293.26403
20280,ROU,ESP,1053515936.9257
20281,ROU,EST,35196498.3114485
20282,ROU,ETH,16662678.1062217
20283,ROU,FIN,154128355.761581
20284,ROU,FJI,1989.13404331014
20285,ROU,FRA,2391784400.09501
20286,ROU,FRO,58645.5173119539
20287,ROU,GAB,3295101.21836549
20288,ROU,GBR,1189083786.97234
20289,ROU,GEO,59791598.8332857
20290,ROU,GHA,1804669.68190325
20291,ROU,GIB,84385134.2762378
20292,ROU,GIN,446273.622001271
20293,ROU,GMB,189452.553983006
20294,ROU,GNB,2182.44334096029
20295,ROU,GNQ,38354.3950969171
20296,ROU,GRC,399709186.846142
20297,ROU,GRL,370.439678596391
20298,ROU,GTM,786382.372877153
20299,ROU,GUY,62438.1354551534
20300,ROU,HKG,41065568.3814746
20301,ROU,HND,515010.342261344
20302,ROU,HRV,146212942.739217
20303,ROU,HTI,63018.2308886633
20304,ROU,HUN,1774078557.06742
20305,ROU,IDN,22226826.8237804
20306,ROU,IND,88220076.1704634
20307,ROU,IRL,69889456.6574638
20308,ROU,IRN,29268202.4036225
20309,ROU,IRQ,29592656.8197889
20310,ROU,ISL,5131710.76399159
20311,ROU,ISR,244894196.863905
20312,ROU,ITA,3815840687.57346
20313,ROU,JAM,194154.072159004
20314,ROU,JOR,177085889.044329
20315,ROU,JPN,504707195.815479
20316,ROU,KAZ,27546836.4334573
20317,ROU,KEN,6086527.17004304
20318,ROU,KGZ,1358025.31514953
20319,ROU,KHM,902808.198045179
20320,ROU,KOR,265719985.829762
20321,ROU,KWT,40472742.4210709
20322,ROU,LBN,108259835.733893
20323,ROU,LBR,22673210.3823958
20324,ROU,LBY,49956479.6496928
20325,ROU,LKA,1532382.59026315
20326,ROU,LTU,64040846.5655306
20327,ROU,LUX,15149674.186781
20328,ROU,LVA,37137012.4445149
20329,ROU,MAC,2580896.72480797
20330,ROU,MAR,273280001.713132
20331,ROU,MDA,586845778.444975
20332,ROU,MDG,580758.699077752
20333,ROU,MDV,63138.296454965
20334,ROU,MEX,246153615.567685
20335,ROU,MHL,1984.40539856715
20336,ROU,MKD,106348090.12531
20337,ROU,MLI,295150.857158402
20338,ROU,MLT,6814421.78730027
20339,ROU,MMR,3822912.332026
20340,ROU,MNE,12307051.3185003
20341,ROU,MNG,3133772.01017631
20342,ROU,MOZ,1096642.59281447
20343,ROU,MRT,214863.925743423
20344,ROU,MSR,53533.4347436915
20345,ROU,MUS,1233369.38708134
20346,ROU,MWI,58881.0098216074
20347,ROU,MYS,23214743.7975459
20348,ROU,NAM,6368028.2397666
20349,ROU,NCL,4012332.11807632
20350,ROU,NER,196483.575601289
20351,ROU,NGA,34313531.1546597
20352,ROU,NIC,243402.769623896
20353,ROU,NLD,1262431184.53202
20354,ROU,NOR,263226453.563246
20355,ROU,NPL,1827147.57850773
20356,ROU,NZL,24154956.7928028
20357,ROU,OMN,14081608.7731275
20358,ROU,PAK,33833321.8442725
20359,ROU,PAN,1869603.10643522
20360,ROU,PER,10214239.693705
20361,ROU,PHL,65222515.8371908
20362,ROU,POL,1327629019.70935
20363,ROU,PRT,156002256.393891
20364,ROU,PRY,1121428.48315403
20365,ROU,PSE,4657823.42307049
20366,ROU,PYF,2577446.90915276
20367,ROU,QAT,38645152.6335101
20368,ROU,RUS,645716919.11739
20369,ROU,RWA,61778.1156730052
20370,ROU,SAU,246797352.50597
20371,ROU,SDN,38808697.0924825
20372,ROU,SEN,3937433.17452266
20373,ROU,SGP,58702900.3046252
20374,ROU,SLE,308053.080617786
20375,ROU,SLV,722786.417128865
20376,ROU,SMR,8041593.1444197
20377,ROU,SOM,101565.572695453
20378,ROU,SRB,425690997.507349
20379,ROU,STP,6434.72426250052
20380,ROU,SUR,21767.5796460511
20381,ROU,SVK,767447433.996346
20382,ROU,SVN,263384092.495568
20383,ROU,SWE,302816686.700373
20384,ROU,SWZ,154738.575183214
20385,ROU,SYC,18128.3406339312
20386,ROU,SYR,13895547.4651208
20387,ROU,TGO,1785552.22881814
20388,ROU,THA,67800865.8954841
20389,ROU,TJK,422008.162651246
20390,ROU,TKM,2468179.30389606
20391,ROU,TTO,2243433.52138449
20392,ROU,TUN,84950962.2157742
20393,ROU,TUR,1384962848.37365
20394,ROU,TZA,2058740.79419323
20395,ROU,UGA,441200.808939642
20396,ROU,UKR,341995142.491596
20397,ROU,URY,4099723.47938077
20398,ROU,USA,1106847358.75471
20399,ROU,UZB,8447388.44214861
20400,ROU,VCT,38079.9236509734
20401,ROU,VEN,44074.8999562507
20402,ROU,VGB,13589.1197479822
20403,ROU,VNM,34064101.3729751
20404,ROU,VUT,144.700029982846
20405,ROU,YEM,5005493.09934742
20406,ROU,ZAF,147544003.876692
20407,ROU,ZMB,173979.059052462
20408,ROU,ZWE,2884.06819515182
20409,RUS,ABW,24528.5180330884
20410,RUS,AFG,76696084.9130521
20411,RUS,AGO,52991999.4828034
20412,RUS,ALB,64695296.2442297
20413,RUS,AND,4696896.98726883
20414,RUS,ARE,1455667456.98873
20415,RUS,ARG,83109783.9206136
20416,RUS,ARM,830426185.686612
20417,RUS,AUS,82448876.7541412
20418,RUS,AUT,827044612.172936
20419,RUS,AZE,1037569049.83311
20420,RUS,BDI,4778900.04663592
20421,RUS,BEL,2866455903.58661
20422,RUS,BEN,57937709.8680384
20423,RUS,BFA,144534905.50037
20424,RUS,BGD,764530350.058515
20425,RUS,BGR,1070608905.62064
20426,RUS,BHR,14555452.4294731
20427,RUS,BHS,80738580.9634215
20428,RUS,BIH,104741498.790581
20429,RUS,BLR,8128651190.03278
20430,RUS,BLZ,53321.3408985484
20431,RUS,BMU,9557.54375621599
20432,RUS,BOL,57961852.8757445
20433,RUS,BRA,1487792439.57144
20434,RUS,BRB,95581.8891239985
20435,RUS,BRN,102305431.270528
20436,RUS,BWA,55805521.4656408
20437,RUS,CAF,1193715.60291934
20438,RUS,CAN,446108137.148555
20439,RUS,CHE,1441200978.05358
20440,RUS,CHL,28804134.0137409
20441,RUS,CHN,28929237654.1944
20442,RUS,CIV,58324404.9748611
20443,RUS,CMR,84317540.6577077
20444,RUS,COD,57341347.935122
20445,RUS,COG,46869681.561288
20446,RUS,COL,115380044.738275
20447,RUS,CPV,3280921.44412779
20448,RUS,CRI,23674721.9652383
20449,RUS,CUB,160133455.763173
20450,RUS,CYP,131583956.978287
20451,RUS,CZE,1471267170.02003
20452,RUS,DEU,9311719871.55184
20453,RUS,DJI,5172300.73129127
20454,RUS,DMA,22684.1165276308
20455,RUS,DNK,853253096.768936
20456,RUS,DOM,39615647.3095655
20457,RUS,DZA,1478899896.72323
20458,RUS,ECU,107743129.46607
20459,RUS,EGY,2010051101.05097
20460,RUS,ERI,202938.378724619
20461,RUS,ESP,1469383110.28783
20462,RUS,EST,1297315737.47558
20463,RUS,ETH,26472360.2718456
20464,RUS,FIN,3551658062.8737
20465,RUS,FRA,3075416905.47795
20466,RUS,FRO,7066246.48576288
20467,RUS,GAB,6474265.95952769
20468,RUS,GBR,12253850694.8483
20469,RUS,GEO,444342923.24938
20470,RUS,GHA,59726180.4663556
20471,RUS,GIB,298976167.595978
20472,RUS,GIN,29019082.1998827
20473,RUS,GMB,5558024.11487254
20474,RUS,GNQ,287873.830485515
20475,RUS,GRC,1668439931.78676
20476,RUS,GRD,6226.50735591341
20477,RUS,GRL,2837.11682884072
20478,RUS,GTM,38469832.5428114
20479,RUS,GUY,1327723.95458684
20480,RUS,HKG,968127413.942188
20481,RUS,HND,48646343.9379893
20482,RUS,HRV,389457430.860233
20483,RUS,HUN,1324167289.18471
20484,RUS,IDN,479058656.32886
20485,RUS,IND,2969528564.1483
20486,RUS,IRL,166934677.624944
20487,RUS,IRN,711934803.870364
20488,RUS,IRQ,63641159.8966207
20489,RUS,ISL,21430329.1721266
20490,RUS,ISR,667250921.182367
20491,RUS,ITA,5169726712.99164
20492,RUS,JAM,784450.675238445
20493,RUS,JOR,108941533.75906
20494,RUS,JPN,5366082081.6242
20495,RUS,KAZ,7027430168.00204
20496,RUS,KEN,178512261.619955
20497,RUS,KGZ,728612466.550655
20498,RUS,KHM,6863805.68249477
20499,RUS,KNA,625.651462027926
20500,RUS,KOR,6235559846.45786
20501,RUS,KWT,373766082.145141
20502,RUS,LAO,4520989.04225833
20503,RUS,LBN,258380953.646153
20504,RUS,LBR,5936062.54302672
20505,RUS,LBY,60638856.8433577
20506,RUS,LKA,119832135.6562
20507,RUS,LTU,1489839440.62359
20508,RUS,LUX,21815239.0142602
20509,RUS,LVA,1614244615.33768
20510,RUS,MAC,2171669.15667133
20511,RUS,MAR,811558186.115936
20512,RUS,MDA,477162908.17305
20513,RUS,MDG,6346917.76769769
20514,RUS,MDV,921479.387595726
20515,RUS,MEX,569113288.266256
20516,RUS,MHL,206090.556825669
20517,RUS,MKD,73699672.9309402
20518,RUS,MLI,36359035.1163891
20519,RUS,MLT,1132784225.53559
20520,RUS,MMR,112601317.124699
20521,RUS,MNE,6612660.47352767
20522,RUS,MNG,700150622.599357
20523,RUS,MOZ,44209250.6007828
20524,RUS,MRT,82711954.5903412
20525,RUS,MUS,802115.857247736
20526,RUS,MWI,9596574.50704977
20527,RUS,MYS,524028314.984477
20528,RUS,NAM,19495762.7059125
20529,RUS,NCL,1985238.03013635
20530,RUS,NER,28971694.2178726
20531,RUS,NGA,622474558.838256
20532,RUS,NIC,31771556.7179281
20533,RUS,NLD,12412708207.4198
20534,RUS,NOR,729361232.926692
20535,RUS,NPL,7223954.09971151
20536,RUS,NZL,128944703.889667
20537,RUS,OMN,104752075.298515
20538,RUS,PAK,306613493.595615
20539,RUS,PAN,19111739.9820387
20540,RUS,PER,140294785.075727
20541,RUS,PHL,431244630.679231
20542,RUS,PLW,5885.19972980553
20543,RUS,PNG,435748.489004367
20544,RUS,POL,5761728481.53281
20545,RUS,PRK,20981966.7294492
20546,RUS,PRT,292954802.836902
20547,RUS,PRY,62421762.4914733
20548,RUS,PSE,10831306.6175286
20549,RUS,PYF,90043.7984247449
20550,RUS,QAT,142732086.756055
20551,RUS,ROU,1035365187.37686
20552,RUS,RWA,25678112.5048595
20553,RUS,SAU,729832607.184229
20554,RUS,SDN,187201901.22944
20555,RUS,SEN,238990583.521405
20556,RUS,SGP,688063311.644122
20557,RUS,SLE,1175690.59930195
20558,RUS,SLV,13697722.8493712
20559,RUS,SMR,17850.3213290973
20560,RUS,SOM,3441193.66793489
20561,RUS,SRB,783308335.192875
20562,RUS,SUR,1915662.69535868
20563,RUS,SVK,1948315216.14898
20564,RUS,SVN,220751460.328467
20565,RUS,SWE,740809281.048264
20566,RUS,SYC,1721643.88744538
20567,RUS,SYR,91330158.0805766
20568,RUS,TCD,1060572.66075615
20569,RUS,TGO,141014999.79028
20570,RUS,THA,869370494.890512
20571,RUS,TJK,466409433.622646
20572,RUS,TKM,324816377.617524
20573,RUS,TLS,151.521681415348
20574,RUS,TTO,9841451.56157874
20575,RUS,TUN,190707677.371946
20576,RUS,TUR,8916776743.91123
20577,RUS,TZA,88911728.4604276
20578,RUS,UGA,133890223.100121
20579,RUS,UKR,3156005817.1749
20580,RUS,URY,31857107.6936993
20581,RUS,USA,8858037220.84171
20582,RUS,UZB,2330381991.70582
20583,RUS,VCT,5251.26626281263
20584,RUS,VEN,49632240.4006155
20585,RUS,VGB,7448294.0544775
20586,RUS,VNM,1032999496.70962
20587,RUS,YEM,119163340.924751
20588,RUS,ZAF,264953515.426813
20589,RUS,ZMB,15158987.8544981
20590,RUS,ZWE,6229892.07030845
20591,RWA,AGO,251499.78230466
20592,RWA,ARE,324686252.901034
20593,RWA,ARM,3994.06191009816
20594,RWA,AUS,274764.993007583
20595,RWA,AUT,5116153.95889274
20596,RWA,BDI,2631931.54617007
20597,RWA,BEL,7815939.75668879
20598,RWA,BEN,8884.00070026017
20599,RWA,BFA,25602.8636180892
20600,RWA,BGD,6792.68441996823
20601,RWA,BGR,1526.28949470448
20602,RWA,BHR,15128.5674281111
20603,RWA,BLR,28756.9616839375
20604,RWA,BMU,471.004023907802
20605,RWA,BRA,285623.145624176
20606,RWA,BRN,9.46229069669733
20607,RWA,BWA,5451.49023441482
20608,RWA,CAN,875951.273335318
20609,RWA,CHE,7769608.50549944
20610,RWA,CHL,31150.7461878264
20611,RWA,CHN,19109328.6182791
20612,RWA,CIV,70059.9656004466
20613,RWA,CMR,4234.85020179118
20614,RWA,COD,196210580.58277
20615,RWA,COG,152253.228513323
20616,RWA,COL,22371.6408813678
20617,RWA,CZE,402881.532344454
20618,RWA,DEU,8804736.62546539
20619,RWA,DJI,183.604448233167
20620,RWA,DNK,102592.996421286
20621,RWA,DOM,2198.24716685964
20622,RWA,ECU,9326.21225388787
20623,RWA,EGY,5147302.25448731
20624,RWA,ESP,23246.6707146345
20625,RWA,EST,25.5261795538812
20626,RWA,ETH,1396927.44284533
20627,RWA,FIN,1493541.83342442
20628,RWA,FRA,2625585.35033915
20629,RWA,GAB,4203.03750035266
20630,RWA,GBR,14772011.5255951
20631,RWA,GHA,451201.584996595
20632,RWA,HKG,8461547.37984205
20633,RWA,IDN,61991.2222633207
20634,RWA,IND,7830834.8976074
20635,RWA,IRL,2047693.08968861
20636,RWA,ISR,4000.96858211304
20637,RWA,ITA,3161135.93712478
20638,RWA,JPN,1456210.98011357
20639,RWA,KAZ,3496910.23618662
20640,RWA,KEN,13787540.0179318
20641,RWA,KGZ,66128.6288752945
20642,RWA,KOR,902905.081499395
20643,RWA,KWT,41239.2534833639
20644,RWA,LBN,5486.56822633743
20645,RWA,LBR,821.413853539989
20646,RWA,LBY,9103.29378824578
20647,RWA,LUX,1175186.01714921
20648,RWA,MAR,44664.4726840894
20649,RWA,MDA,2370.07376382921
20650,RWA,MDG,24045.4510889055
20651,RWA,MEX,90995.5288262151
20652,RWA,MLI,597.149562091098
20653,RWA,MLT,2113.00303037021
20654,RWA,MOZ,212738.086105478
20655,RWA,MWI,36627.8521234671
20656,RWA,MYS,2868231.92389787
20657,RWA,NER,5153.09749743976
20658,RWA,NGA,81162.8334593965
20659,RWA,NLD,5047963.11578238
20660,RWA,NOR,229761.98386825
20661,RWA,NZL,712087.166980479
20662,RWA,OMN,346013.910437702
20663,RWA,PAK,16366472.1936482
20664,RWA,PHL,1728.41842747283
20665,RWA,POL,917824.693342094
20666,RWA,PRK,151282.748572835
20667,RWA,PRT,12579.1942582431
20668,RWA,PSE,412.264803911655
20669,RWA,ROU,115760.439086767
20670,RWA,RUS,2249264.72254195
20671,RWA,SDN,2737324.88051651
20672,RWA,SEN,232079.223341589
20673,RWA,SGP,9167414.93613621
20674,RWA,SVK,6144.2174346008
20675,RWA,SVN,201565.816445261
20676,RWA,SWE,2970543.75175193
20677,RWA,SWZ,326725.831046201
20678,RWA,SYC,4690.56602462566
20679,RWA,TCD,1684.72785055616
20680,RWA,TGO,6805.71757512446
20681,RWA,THA,13412639.5914468
20682,RWA,TUN,4904.39228916489
20683,RWA,TUR,27602685.8388671
20684,RWA,TZA,2505939.14005804
20685,RWA,UGA,10908531.0675569
20686,RWA,UKR,254989.189544469
20687,RWA,USA,16801171.8437424
20688,RWA,ZAF,537571.519026868
20689,RWA,ZMB,202824.501156351
20690,RWA,ZWE,65558.4558438683
20691,SAU,ABW,1250.30268191032
20692,SAU,AFG,2200643.49197858
20693,SAU,AGO,27514956.9818594
20694,SAU,ALB,1965321.09400687
20695,SAU,ARE,4496225696.19795
20696,SAU,ARG,31096943.9680134
20697,SAU,ARM,847520.053509219
20698,SAU,AUS,398351846.743873
20699,SAU,AUT,57542312.2519521
20700,SAU,AZE,5853470.02345903
20701,SAU,BDI,53841733.1962107
20702,SAU,BEL,649896734.180895
20703,SAU,BEN,5214695.68205381
20704,SAU,BFA,2404308.47910558
20705,SAU,BGD,301664866.108187
20706,SAU,BGR,23263089.2358436
20707,SAU,BHR,1856600745.27881
20708,SAU,BHS,100748.889987261
20709,SAU,BIH,1246835.85263634
20710,SAU,BLR,22337907.7150098
20711,SAU,BLZ,626.341629108341
20712,SAU,BMU,50978.4662192614
20713,SAU,BOL,536306.437767258
20714,SAU,BRA,813015187.832977
20715,SAU,BRB,36723.3902519973
20716,SAU,BRN,59710762.5288748
20717,SAU,BWA,679674.923400649
20718,SAU,CAF,61687.732292372
20719,SAU,CAN,574864720.827782
20720,SAU,CHE,325620675.136924
20721,SAU,CHL,5558154.21736865
20722,SAU,CHN,19539637311.3801
20723,SAU,CIV,52365375.2167723
20724,SAU,CMR,11811458.5544804
20725,SAU,COD,34896028.7787084
20726,SAU,COG,1938389.21015038
20727,SAU,COL,10136139.840253
20728,SAU,COM,2525590.58691605
20729,SAU,CPV,109100.009183886
20730,SAU,CRI,1742228.6607495
20731,SAU,CUB,10063047.2419918
20732,SAU,CYP,5594068.42122722
20733,SAU,CZE,41345224.1374719
20734,SAU,DEU,527093632.234152
20735,SAU,DJI,57609452.9213291
20736,SAU,DMA,948312.750601607
20737,SAU,DNK,15227170.0510152
20738,SAU,DOM,6377906.64819996
20739,SAU,DZA,272968218.943105
20740,SAU,ECU,11326606.5401554
20741,SAU,EGY,1890837707.53664
20742,SAU,ERI,6681508.93883976
20743,SAU,ESP,1309485761.52907
20744,SAU,EST,12328166.4461962
20745,SAU,ETH,180501219.387091
20746,SAU,FIN,11449659.0980687
20747,SAU,FJI,12979.6427015685
20748,SAU,FRA,1375473301.50259
20749,SAU,GAB,2628392.94152021
20750,SAU,GBR,594641854.780989
20751,SAU,GEO,2687349.83821304
20752,SAU,GHA,41569546.9375849
20753,SAU,GIB,68274.5268691047
20754,SAU,GIN,13622797.8270042
20755,SAU,GMB,1709967.91834613
20756,SAU,GNB,5008815.11006272
20757,SAU,GNQ,79666.0841159759
20758,SAU,GRC,310360378.26984
20759,SAU,GRD,686.83277322238
20760,SAU,GTM,15060607.0657971
20761,SAU,GUY,522690.523532681
20762,SAU,HKG,169056230.830699
20763,SAU,HRV,5616004.56117951
20764,SAU,HTI,1792579.11493527
20765,SAU,HUN,21355851.7051069
20766,SAU,IDN,1307061981.59368
20767,SAU,IND,8864050823.05908
20768,SAU,IRL,33474907.5128553
20769,SAU,IRQ,353759258.843149
20770,SAU,ISL,215640.598265673
20771,SAU,ITA,1691973402.8075
20772,SAU,JAM,75791.858216607
20773,SAU,JOR,1049883932.87306
20774,SAU,JPN,9226352841.92159
20775,SAU,KAZ,907186.76803965
20776,SAU,KEN,324183118.07518
20777,SAU,KGZ,284583.894034973
20778,SAU,KHM,7962067.81237796
20779,SAU,KOR,7991745183.88106
20780,SAU,KWT,824261577.436662
20781,SAU,LBN,91757437.7743965
20782,SAU,LBR,5592080.91957909
20783,SAU,LBY,67013727.07098
20784,SAU,LCA,54472.4620699135
20785,SAU,LKA,93956326.6421035
20786,SAU,LSO,27495.9889189397
20787,SAU,LTU,96932291.5387437
20788,SAU,LUX,2934768.29398198
20789,SAU,LVA,52543.1185010944
20790,SAU,MAC,13698286.3517878
20791,SAU,MAR,448520359.894601
20792,SAU,MDA,1750113.17948827
20793,SAU,MDG,21568785.1300014
20794,SAU,MDV,1968824.44162146
20795,SAU,MEX,53167071.0518382
20796,SAU,MHL,316158.396808721
20797,SAU,MKD,3881992.21949328
20798,SAU,MLI,1008238.85642727
20799,SAU,MLT,51410502.9246916
20800,SAU,MMR,57514203.20562
20801,SAU,MNE,438667.118066253
20802,SAU,MNG,157509.060381409
20803,SAU,MOZ,53122500.6674316
20804,SAU,MRT,13602111.8867089
20805,SAU,MUS,3156837.27547507
20806,SAU,MWI,21998201.7981548
20807,SAU,MYS,1922468224.21462
20808,SAU,NAM,11881444.0620555
20809,SAU,NER,1684126.19590344
20810,SAU,NGA,270715011.744142
20811,SAU,NIC,1413494.14342665
20812,SAU,NLD,811599333.318135
20813,SAU,NOR,5293754.52016348
20814,SAU,NPL,24573155.084134
20815,SAU,NZL,113634973.386848
20816,SAU,OMN,697155117.720343
20817,SAU,PAK,946794034.137234
20818,SAU,PAN,248770.724135406
20819,SAU,PER,32938672.1312898
20820,SAU,PHL,294803310.521912
20821,SAU,POL,641485176.662944
20822,SAU,PRK,67788.8092832362
20823,SAU,PRT,244925189.408795
20824,SAU,PRY,14039609.3056063
20825,SAU,PSE,37520092.4231625
20826,SAU,PYF,1021.47128482495
20827,SAU,ROU,6533051.04612754
20828,SAU,RUS,109363554.569773
20829,SAU,RWA,25966761.9881204
20830,SAU,SDN,333853248.089555
20831,SAU,SEN,12789225.9176581
20832,SAU,SGP,2525759797.19865
20833,SAU,SLE,2506627.02558613
20834,SAU,SLV,3253147.99653974
20835,SAU,SOM,24543245.9185166
20836,SAU,SRB,12377072.8272908
20837,SAU,STP,10825.0671070248
20838,SAU,SVK,5482039.27393735
20839,SAU,SVN,17063204.6184466
20840,SAU,SWE,43654998.1455197
20841,SAU,SWZ,4681542.80522237
20842,SAU,SYC,1190720.32130087
20843,SAU,SYR,244613.878317455
20844,SAU,TCD,2138659.95457566
20845,SAU,TGO,24722966.9086154
20846,SAU,THA,1923165324.51898
20847,SAU,TJK,132603.101474827
20848,SAU,TKM,195793.794114222
20849,SAU,TTO,344120.231502824
20850,SAU,TUN,104028060.696559
20851,SAU,TUR,919216477.433302
20852,SAU,TZA,171698044.604727
20853,SAU,UGA,137292734.273531
20854,SAU,UKR,50900998.6303724
20855,SAU,URY,11919820.9345939
20856,SAU,USA,4761484993.17947
20857,SAU,UZB,4292230.08270913
20858,SAU,VCT,115427.123395402
20859,SAU,VEN,229287.368470076
20860,SAU,VNM,574723760.61716
20861,SAU,YEM,608446091.759037
20862,SAU,ZAF,1343321762.93653
20863,SAU,ZMB,22920332.7094759
20864,SAU,ZWE,3979355.65990753
20865,SDN,AGO,11658.5893918575
20866,SDN,ARE,929358275.84092
20867,SDN,ARG,79005.7862665111
20868,SDN,ARM,75315.4928947992
20869,SDN,AUS,38159.1308259935
20870,SDN,AUT,94060.2267494593
20871,SDN,BDI,144731.47709578
20872,SDN,BEL,3377975.14705864
20873,SDN,BEN,101.540081524374
20874,SDN,BGR,1217612.48854249
20875,SDN,BHR,1344165.5948927
20876,SDN,BIH,4074.01626600097
20877,SDN,BMU,55.003315582599
20878,SDN,BOL,5710.50743908902
20879,SDN,BRA,434591.708963064
20880,SDN,BWA,15.6362853399705
20881,SDN,CAN,260905.946413845
20882,SDN,CHE,1024555.04786361
20883,SDN,CHL,46411.2610586859
20884,SDN,CHN,383240474.00137
20885,SDN,CIV,7465.87739117311
20886,SDN,CMR,8641.69204050595
20887,SDN,COG,3321.67413382043
20888,SDN,COL,30023.6633358237
20889,SDN,CRI,5677.77451487661
20890,SDN,CYP,95.3965942665394
20891,SDN,CZE,37126.4878366452
20892,SDN,DEU,9179311.01652153
20893,SDN,DNK,963.830830825667
20894,SDN,DOM,23441.5248862785
20895,SDN,ECU,5715.42362923429
20896,SDN,EGY,112457113.678933
20897,SDN,ESP,194947.746797243
20898,SDN,EST,2886.87387437002
20899,SDN,ETH,21729693.3542759
20900,SDN,FRA,26479579.337987
20901,SDN,GBR,4969120.97363197
20902,SDN,GEO,6426.55578501906
20903,SDN,GRC,7243031.65313743
20904,SDN,GRD,21.4867016491653
20905,SDN,GTM,312275.09771285
20906,SDN,GUY,26.7884851415378
20907,SDN,HKG,245220.725727268
20908,SDN,HND,28.5969229406529
20909,SDN,IDN,33775992.2255224
20910,SDN,IND,127143681.028612
20911,SDN,IRL,7987.02555432054
20912,SDN,IRN,469965.772560744
20913,SDN,ISL,44874.1924545002
20914,SDN,ITA,81895373.9483584
20915,SDN,JOR,21184964.0359395
20916,SDN,JPN,5099146.22604329
20917,SDN,KEN,2106954.43758509
20918,SDN,KHM,49011.8651308847
20919,SDN,KOR,5443495.29894562
20920,SDN,KWT,9767106.98873098
20921,SDN,LBN,18356386.8409323
20922,SDN,MAR,90199.8136939991
20923,SDN,MDA,209.55072948817
20924,SDN,MDG,2603.89486885755
20925,SDN,MEX,169285.98191993
20926,SDN,MKD,120228.050637033
20927,SDN,MLT,695418.488211575
20928,SDN,MNE,5.92843519654599
20929,SDN,MOZ,79859.8025126635
20930,SDN,MRT,23504.6831760735
20931,SDN,MWI,7864.20132018147
20932,SDN,MYS,610796.822914274
20933,SDN,NAM,5067.18870004463
20934,SDN,NER,2868.64146054133
20935,SDN,NGA,3157966.15226136
20936,SDN,NLD,1032988.28794062
20937,SDN,NOR,62353.7320221873
20938,SDN,NZL,1185.06688917897
20939,SDN,OMN,7369943.45182236
20940,SDN,PAK,12011020.290264
20941,SDN,PER,9773.18596037042
20942,SDN,PHL,209497.216533385
20943,SDN,POL,185548.418843001
20944,SDN,PRT,6202.48354006212
20945,SDN,QAT,12356227.066305
20946,SDN,ROU,170108.531048305
20947,SDN,RUS,91070.3469387006
20948,SDN,RWA,320196.700429158
20949,SDN,SAU,121618162.72547
20950,SDN,SEN,867045.811439583
20951,SDN,SGP,1474113.63461184
20952,SDN,SLV,2127.20996968422
20953,SDN,SRB,62455.1195667845
20954,SDN,SVK,1371223.00713797
20955,SDN,SVN,19204.2390948629
20956,SDN,SWE,151008.704230288
20957,SDN,THA,388080.078106164
20958,SDN,TUN,8825415.28749874
20959,SDN,TUR,52745298.4462122
20960,SDN,TZA,687.621464154129
20961,SDN,UGA,46813.8330160863
20962,SDN,UKR,1103083.05696652
20963,SDN,USA,42898211.0952827
20964,SDN,ZAF,32079.0124089257
20965,SDN,ZWE,2187.97468002506
20966,SEN,AFG,6866.33324938562
20967,SEN,AGO,619561.089128382
20968,SEN,ALB,701712.41338846
20969,SEN,ARE,52890091.1676344
20970,SEN,ARG,41795.7121947327
20971,SEN,ARM,4719.44751645671
20972,SEN,ATG,307.632973915453
20973,SEN,AUS,106957043.598473
20974,SEN,AUT,483016.728026199
20975,SEN,BDI,118256.296801244
20976,SEN,BEL,24235346.7486586
20977,SEN,BEN,8607352.38882585
20978,SEN,BFA,26051549.3380278
20979,SEN,BGD,4218875.72457939
20980,SEN,BGR,204745.963317184
20981,SEN,BHR,19125.5200380098
20982,SEN,BIH,16024.9594328799
20983,SEN,BLR,856457.337108572
20984,SEN,BOL,342.032801663388
20985,SEN,BRA,356197.249690815
20986,SEN,BRB,55.2633785404363
20987,SEN,BRN,2044972.97668486
20988,SEN,BWA,103.233991597826
20989,SEN,CAF,3908292.56796333
20990,SEN,CAN,2549306.08662805
20991,SEN,CHE,245340753.378391
20992,SEN,CHL,1754353.33697488
20993,SEN,CHN,157582207.08927
20994,SEN,CIV,105714409.924629
20995,SEN,CMR,15031788.4571893
20996,SEN,COD,14638213.1307554
20997,SEN,COG,13682817.7705468
20998,SEN,COL,2032614.84194223
20999,SEN,COM,8906.43163049471
21000,SEN,CPV,1469965.87999475
21001,SEN,CRI,50955.046549666
21002,SEN,CUB,23106.1436948828
21003,SEN,CYP,476006.629473115
21004,SEN,CZE,575137.733315531
21005,SEN,DEU,11129266.907814
21006,SEN,DJI,556.174642599533
21007,SEN,DNK,907299.490328241
21008,SEN,DOM,41303.3640036815
21009,SEN,DZA,347329.68496949
21010,SEN,EGY,913670.519170914
21011,SEN,ESP,64407297.3444666
21012,SEN,EST,100570.876892621
21013,SEN,ETH,119595.047395236
21014,SEN,FIN,261164.089907005
21015,SEN,FJI,161115.492451398
21016,SEN,FRA,38449443.8159676
21017,SEN,GAB,3053101.72845724
21018,SEN,GBR,31442062.0610854
21019,SEN,GEO,102569.350696965
21020,SEN,GHA,7673282.91933613
21021,SEN,GIN,74197613.2517729
21022,SEN,GMB,56098588.4488206
21023,SEN,GNB,28569698.7215259
21024,SEN,GNQ,2088681.92254842
21025,SEN,GRC,4236424.84349132
21026,SEN,GTM,61062.7004803532
21027,SEN,GUY,217103.325372755
21028,SEN,HKG,6631791.01728186
21029,SEN,HND,6007.89443258676
21030,SEN,HRV,41197.9734900179
21031,SEN,HTI,759762.053446332
21032,SEN,HUN,32907.9665878797
21033,SEN,IDN,3238238.43513012
21034,SEN,IND,197409861.933083
21035,SEN,IRL,1100263.35685404
21036,SEN,IRN,160362.455150926
21037,SEN,ISL,416891.615502167
21038,SEN,ISR,1384835.25048387
21039,SEN,ITA,28198643.5444254
21040,SEN,JAM,6306.49171908058
21041,SEN,JOR,78523.2514511497
21042,SEN,JPN,9981094.21573711
21043,SEN,KAZ,92.4323766682664
21044,SEN,KEN,17135.2387169588
21045,SEN,KOR,20376870.9736887
21046,SEN,KWT,78234.9396546383
21047,SEN,LAO,9.08219868139659
21048,SEN,LBN,4168117.99779825
21049,SEN,LBR,1548960.60408325
21050,SEN,LBY,2320.28421043018
21051,SEN,LKA,82022.8536590274
21052,SEN,LTU,49665.6328995024
21053,SEN,LUX,135265.399982441
21054,SEN,MAC,22743.9570142292
21055,SEN,MAR,5516677.07379521
21056,SEN,MDA,6511.57636738897
21057,SEN,MDG,210305.940314824
21058,SEN,MEX,12108569.0925519
21059,SEN,MKD,13762.9868389286
21060,SEN,MLI,412620380.291041
21061,SEN,MLT,97877.3393224395
21062,SEN,MNE,14375.108025454
21063,SEN,MOZ,190262.894155753
21064,SEN,MRT,35464880.2321979
21065,SEN,MUS,884486.898198349
21066,SEN,MYS,1636329.40042501
21067,SEN,NAM,25417.6972917458
21068,SEN,NER,10220704.3962248
21069,SEN,NGA,11924699.4466178
21070,SEN,NIC,290.135237942654
21071,SEN,NLD,34369199.6182659
21072,SEN,NOR,30607319.0807383
21073,SEN,NZL,882356.360923167
21074,SEN,PAK,670858.353024388
21075,SEN,PAN,34092.0267333392
21076,SEN,PER,476828.711988529
21077,SEN,PHL,462934.570398753
21078,SEN,PNG,27234.8532014013
21079,SEN,POL,8864205.90820016
21080,SEN,PRK,89339.9345285107
21081,SEN,PRT,6151848.66802251
21082,SEN,PSE,379.861959607267
21083,SEN,PYF,795.900177012927
21084,SEN,QAT,8511.73557974819
21085,SEN,ROU,3032.59965267311
21086,SEN,RUS,1409688.14704476
21087,SEN,RWA,43549.3227208829
21088,SEN,SAU,230258.285516381
21089,SEN,SDN,598091.277568086
21090,SEN,SGP,1718102.74718169
21091,SEN,SLE,6071114.32179426
21092,SEN,SLV,13882.905869756
21093,SEN,SOM,17479.6150859691
21094,SEN,SRB,53259.3934018704
21095,SEN,SUR,8778.78122800347
21096,SEN,SVK,112273.880536588
21097,SEN,SVN,149233.082375483
21098,SEN,SWE,200584.736938757
21099,SEN,SWZ,3211780.56802688
21100,SEN,SYC,17567.3948362975
21101,SEN,TCD,3563166.74652034
21102,SEN,TGO,9587449.72055843
21103,SEN,THA,864172.358814322
21104,SEN,TTO,135642.995893467
21105,SEN,TUN,1122439.56642405
21106,SEN,TUR,9516695.8674769
21107,SEN,TZA,858727.576703856
21108,SEN,UGA,356950.200470341
21109,SEN,UKR,1559970.85352049
21110,SEN,URY,8145.02180314389
21111,SEN,USA,58696144.081532
21112,SEN,VEN,110846.549998551
21113,SEN,VNM,9660569.70995057
21114,SEN,ZAF,985313.464990147
21115,SEN,ZMB,639614.576815211
21116,SEN,ZWE,713.287677608384
21117,SGP,ABW,73134.8299848579
21118,SGP,AFG,9882660.86331118
21119,SGP,AGO,58967116.8584938
21120,SGP,ALB,851252.700134099
21121,SGP,AND,398429.84714975
21122,SGP,ARE,1526221622.72056
21123,SGP,ARG,77965194.8214457
21124,SGP,ARM,1390984.25407714
21125,SGP,ATG,35873998.7179271
21126,SGP,AUS,4275989651.44985
21127,SGP,AUT,118258260.606155
21128,SGP,AZE,28135376.2902514
21129,SGP,BDI,2598251.93877806
21130,SGP,BEL,2419016833.58513
21131,SGP,BEN,22526619.9427696
21132,SGP,BFA,3531435.38827394
21133,SGP,BGD,1182765554.84256
21134,SGP,BGR,19477519.3084248
21135,SGP,BHR,43600848.5651152
21136,SGP,BHS,331307508.486326
21137,SGP,BIH,2132376.57545184
21138,SGP,BLR,8713209.35391122
21139,SGP,BLZ,4752744.42820312
21140,SGP,BMU,24615261.8901405
21141,SGP,BOL,27590450.0467421
21142,SGP,BRA,629239576.934069
21143,SGP,BRB,8671196.61767781
21144,SGP,BRN,394315571.524485
21145,SGP,BTN,4912727.86609893
21146,SGP,BWA,56032768.2736179
21147,SGP,CAF,661117.654428783
21148,SGP,CAN,553705226.524731
21149,SGP,CHE,2039098421.11787
21150,SGP,CHL,75860570.3579168
21151,SGP,CHN,25675771842.4418
21152,SGP,CIV,6681581.51991068
21153,SGP,CMR,24933854.184664
21154,SGP,COD,7582356.18316371
21155,SGP,COG,22002545.1031121
21156,SGP,COL,57800481.0747441
21157,SGP,COM,1433686.66027062
21158,SGP,CPV,314109.295748181
21159,SGP,CRI,47262654.1398044
21160,SGP,CUB,376473.958416534
21161,SGP,CYP,195448615.019382
21162,SGP,CZE,225125572.75632
21163,SGP,DEU,2791448786.85364
21164,SGP,DJI,11873132.391909
21165,SGP,DMA,3382538.44427315
21166,SGP,DNK,93042494.2142366
21167,SGP,DOM,8888076.29690876
21168,SGP,DZA,23670846.6195678
21169,SGP,ECU,35280640.7167233
21170,SGP,EGY,110924835.726501
21171,SGP,ESP,195703174.519405
21172,SGP,EST,7711603.69879514
21173,SGP,ETH,220284098.311241
21174,SGP,FIN,65250112.8730719
21175,SGP,FJI,157934797.858379
21176,SGP,FRA,2098553421.13249
21177,SGP,FRO,414301.193895009
21178,SGP,FSM,2234691.51205848
21179,SGP,GAB,193032974.008819
21180,SGP,GBR,2226000881.67164
21181,SGP,GEO,14718587.1542543
21182,SGP,GHA,26607666.2791585
21183,SGP,GIN,15440221.8615693
21184,SGP,GMB,1821482.74612598
21185,SGP,GNB,45996.135062117
21186,SGP,GRC,428233250.143929
21187,SGP,GRD,694481.152794942
21188,SGP,GTM,13090661.0776639
21189,SGP,GUY,7282734.83325754
21190,SGP,HKG,23102710772.0922
21191,SGP,HND,5575174.20318439
21192,SGP,HRV,8625542.98203031
21193,SGP,HUN,181547283.720571
21194,SGP,IDN,10716837936.4285
21195,SGP,IND,6154863500.63801
21196,SGP,IRL,273563848.451711
21197,SGP,IRN,295514371.660504
21198,SGP,IRQ,46895892.1820361
21199,SGP,ISL,21307678.6285358
21200,SGP,ISR,536774946.187013
21201,SGP,ITA,366515681.895162
21202,SGP,JAM,12361639.77115
21203,SGP,JOR,33495258.1789851
21204,SGP,JPN,8932293981.59532
21205,SGP,KAZ,7572897.31129467
21206,SGP,KEN,59418691.1267121
21207,SGP,KGZ,458114.75208384
21208,SGP,KHM,752750773.465741
21209,SGP,KIR,6465816.35048797
21210,SGP,KOR,8378535726.26601
21211,SGP,KWT,67382232.1157268
21212,SGP,LAO,31722025.3820401
21213,SGP,LBN,10649482.3907637
21214,SGP,LBR,1410254907.22498
21215,SGP,LBY,10761250.509362
21216,SGP,LCA,456049.965225974
21217,SGP,LKA,485093230.146676
21218,SGP,LTU,60240976.2901848
21219,SGP,LUX,80737014.9573119
21220,SGP,LVA,20242305.5166533
21221,SGP,MAC,71755868.4153153
21222,SGP,MAR,55569299.2848434
21223,SGP,MDA,4433240.74404413
21224,SGP,MDG,5436804.74424992
21225,SGP,MDV,100371840.494015
21226,SGP,MEX,880942680.689691
21227,SGP,MHL,1500596894.09524
21228,SGP,MKD,3109138.25166588
21229,SGP,MLI,2609545.39027481
21230,SGP,MLT,683174654.106634
21231,SGP,MMR,1347700851.83713
21232,SGP,MNE,930958.458854778
21233,SGP,MNG,42999030.9109401
21234,SGP,MNP,21629534.6626679
21235,SGP,MOZ,181485674.776352
21236,SGP,MRT,26468684.1579065
21237,SGP,MSR,11866.1771461351
21238,SGP,MUS,21109914.1378417
21239,SGP,MWI,984530.55595812
21240,SGP,MYS,16635937174.2211
21241,SGP,NAM,5646948.4562914
21242,SGP,NCL,106108789.664801
21243,SGP,NER,2272903.22911491
21244,SGP,NGA,290436862.20794
21245,SGP,NIC,1657278.58044723
21246,SGP,NLD,5117086280.85068
21247,SGP,NOR,251721691.427453
21248,SGP,NPL,60593880.8037473
21249,SGP,NZL,918772641.764997
21250,SGP,OMN,95509657.6912143
21251,SGP,PAK,411965544.365337
21252,SGP,PAN,1807481676.86291
21253,SGP,PER,32689413.0214226
21254,SGP,PHL,3716985553.36218
21255,SGP,PLW,2272662.99645773
21256,SGP,PNG,294217558.72307
21257,SGP,POL,270345507.608028
21258,SGP,PRK,61497.0746366496
21259,SGP,PRT,189411770.58688
21260,SGP,PRY,193090773.248258
21261,SGP,PSE,11843399.0168482
21262,SGP,PYF,17801871.1149348
21263,SGP,QAT,320399581.666049
21264,SGP,ROU,32374255.6454479
21265,SGP,RUS,273854366.115234
21266,SGP,RWA,5000185.00432711
21267,SGP,SAU,693118746.050106
21268,SGP,SDN,2119559.28105267
21269,SGP,SEN,9677898.70607366
21270,SGP,SLB,15615905.5772968
21271,SGP,SLE,1582592.66496488
21272,SGP,SLV,3834554.32540018
21273,SGP,SOM,1747265.6361353
21274,SGP,SRB,8715611.93554478
21275,SGP,SUR,1351265.82026431
21276,SGP,SVK,28219391.4177139
21277,SGP,SVN,341608989.644047
21278,SGP,SWE,77810316.3879046
21279,SGP,SWZ,4591848.00628583
21280,SGP,SYC,10416018.7237665
21281,SGP,SYR,2700366.63690959
21282,SGP,TGO,14718173.2545546
21283,SGP,THA,7054342248.45888
21284,SGP,TON,1124768.22266124
21285,SGP,TTO,13610132.085294
21286,SGP,TUN,20248123.8907054
21287,SGP,TUR,369898944.844829
21288,SGP,TUV,17712274.8813596
21289,SGP,TZA,25287824.8473273
21290,SGP,UGA,18280799.0421158
21291,SGP,UKR,22797053.7182461
21292,SGP,URY,4253514.07757116
21293,SGP,USA,20117696284.7806
21294,SGP,VCT,4058480.73605256
21295,SGP,VEN,637016.881447171
21296,SGP,VNM,6216024786.45609
21297,SGP,VUT,10136760.0719029
21298,SGP,WSM,14740560.8022868
21299,SGP,YEM,5593532.57200514
21300,SGP,ZAF,185826805.758829
21301,SGP,ZMB,8878181.1519237
21302,SGP,ZWE,479168202.578573
21303,SHN,AGO,5194.89411585388
21304,SHN,AUS,325533.663938152
21305,SHN,BEL,3112.26643895907
21306,SHN,BFA,2085.12228080576
21307,SHN,BIH,234.21169958617
21308,SHN,BRB,1954.7232128986
21309,SHN,CAN,36200.765231322
21310,SHN,CZE,1012.74517234736
21311,SHN,DNK,2213.49285764178
21312,SHN,ESP,659.127566154466
21313,SHN,FJI,30541.7197504993
21314,SHN,FRA,1596.03437902788
21315,SHN,GBR,583219.269749698
21316,SHN,IDN,48034.1284336308
21317,SHN,IND,5315.41629269501
21318,SHN,IRL,484.979407165123
21319,SHN,ITA,141960.215209559
21320,SHN,JPN,1501218.97395963
21321,SHN,KOR,6630.60518270683
21322,SHN,LKA,267.402734701234
21323,SHN,LUX,1724.4764731773
21324,SHN,MEX,91954.7610437767
21325,SHN,MKD,74.578054370587
21326,SHN,MNE,325.726354085914
21327,SHN,MOZ,915.223063521575
21328,SHN,MYS,415.113493542119
21329,SHN,NAM,72.0894519125127
21330,SHN,NLD,8583.39642790134
21331,SHN,NZL,16607.1538745321
21332,SHN,POL,6924.67637349214
21333,SHN,RUS,13909.0121897543
21334,SHN,SAU,5355.69654401651
21335,SHN,SVK,2656.24854299665
21336,SHN,SVN,2602.10993674886
21337,SHN,SWE,1303.20348850302
21338,SHN,THA,4625.60129751574
21339,SHN,TUR,523.126642111279
21340,SHN,USA,2657596.36928774
21341,SHN,ZAF,61815.6582615743
21342,SLB,AGO,459.420219620439
21343,SLB,AUS,2711768.88824536
21344,SLB,AUT,143.288688315505
21345,SLB,BEL,37012.0101230895
21346,SLB,CAN,70616.8124057679
21347,SLB,CHE,5881185.03640082
21348,SLB,CHN,177663160.425172
21349,SLB,CZE,1832.44361060777
21350,SLB,DEU,36865.8572413902
21351,SLB,DNK,908.101339445414
21352,SLB,ESP,4259720.69461189
21353,SLB,FJI,966644.069373888
21354,SLB,FRA,29989.9051634121
21355,SLB,GBR,5572422.69307982
21356,SLB,HKG,33511.2456338386
21357,SLB,IDN,130008.973470399
21358,SLB,IND,10190923.2345955
21359,SLB,ISR,14503.5111101598
21360,SLB,ITA,25190036.8366301
21361,SLB,JPN,292444.220417082
21362,SLB,KIR,74711.2611181966
21363,SLB,KOR,5521312.13738342
21364,SLB,KWT,2839.18733008196
21365,SLB,LBN,288.569858984903
21366,SLB,MEX,3136.75936837662
21367,SLB,MYS,4455964.05355987
21368,SLB,NLD,8268159.15858553
21369,SLB,NZL,2889417.38912165
21370,SLB,PAK,226975.197223688
21371,SLB,PHL,3096824.20059533
21372,SLB,PNG,3786139.50880693
21373,SLB,POL,305327.41577001
21374,SLB,RUS,5655.18904723058
21375,SLB,SAU,6723.76073444631
21376,SLB,SGP,431435.623416072
21377,SLB,SRB,76.0184030601477
21378,SLB,SVK,1184.17267270087
21379,SLB,THA,8556550.22078607
21380,SLB,TTO,281.209577157033
21381,SLB,TZA,1015.24577771118
21382,SLB,USA,1732772.48153232
21383,SLB,ZAF,2093.86239667338
21384,SLE,AGO,22115.3558381141
21385,SLE,ALB,6504.54366486376
21386,SLE,AND,24693.6995213641
21387,SLE,ARE,14180821.0886302
21388,SLE,ARG,4061.35320043858
21389,SLE,ARM,2629.61159454015
21390,SLE,AUS,820834.607312061
21391,SLE,AUT,2504768.13507307
21392,SLE,AZE,12814.5022232207
21393,SLE,BEL,55260582.8671404
21394,SLE,BEN,47093.9073184082
21395,SLE,BFA,2274.23256192898
21396,SLE,BGR,52.1586269207166
21397,SLE,BIH,9098.81770464455
21398,SLE,BMU,108.926369648027
21399,SLE,BOL,4735.6214319499
21400,SLE,BRA,47493.9976750456
21401,SLE,BRB,604.146255899068
21402,SLE,BWA,97506.376517201
21403,SLE,CAN,1313181.10195261
21404,SLE,CHE,501652.211432756
21405,SLE,CHL,11365.0163216606
21406,SLE,CHN,79264950.0066596
21407,SLE,CIV,344976.624324314
21408,SLE,CMR,24235.9422043106
21409,SLE,COL,5025.87169773929
21410,SLE,CRI,253.946477117442
21411,SLE,CZE,1149558.79313379
21412,SLE,DEU,13665598.5720042
21413,SLE,DMA,374.905259655102
21414,SLE,DNK,87299.9061643517
21415,SLE,DOM,117.173366137908
21416,SLE,EGY,137794.759307219
21417,SLE,ESP,297280.385189259
21418,SLE,EST,235022.785939557
21419,SLE,ETH,7055.96815751418
21420,SLE,FIN,274911.462465921
21421,SLE,FRA,3682970.56895728
21422,SLE,GBR,500075.98234833
21423,SLE,GMB,118170.42601305
21424,SLE,GRC,45970.8114315976
21425,SLE,HKG,116239.407538758
21426,SLE,IDN,1553260.02391651
21427,SLE,IND,6699157.41480473
21428,SLE,IRL,81591.9638462449
21429,SLE,ISR,15003.6321829239
21430,SLE,ITA,114964.15931786
21431,SLE,JPN,14162785.6454855
21432,SLE,KAZ,1799584.10575184
21433,SLE,KEN,103146.733473777
21434,SLE,KHM,190.15103307565
21435,SLE,KIR,13634.2976849693
21436,SLE,KOR,8680864.52365127
21437,SLE,KWT,87297.1334931243
21438,SLE,LBN,28420.3802019672
21439,SLE,LKA,22553.2293415566
21440,SLE,LUX,477973.784695641
21441,SLE,MAR,233423.054165438
21442,SLE,MDA,8228.99213126099
21443,SLE,MEX,186890.243681228
21444,SLE,MKD,29760.6196563927
21445,SLE,MNE,76.3144747352241
21446,SLE,MUS,18904.3604981807
21447,SLE,MWI,1737.55363898794
21448,SLE,MYS,117103.783792933
21449,SLE,NAM,11055.6464272595
21450,SLE,NGA,2377679.14549254
21451,SLE,NIC,681.600006438049
21452,SLE,NLD,25813030.5607545
21453,SLE,NZL,113300.381038921
21454,SLE,PAK,328834.818104357
21455,SLE,PER,77004.7768483282
21456,SLE,PHL,69795.3965517436
21457,SLE,POL,3553323.21302976
21458,SLE,PRT,223493.341812077
21459,SLE,PSE,335.09612238415
21460,SLE,PYF,8332.22762322203
21461,SLE,ROU,21907012.9860372
21462,SLE,RUS,68997.8734818496
21463,SLE,SAU,103006.534033328
21464,SLE,SEN,2185044.9492756
21465,SLE,SGP,420348.405345732
21466,SLE,SLV,1260.74020869891
21467,SLE,SRB,60087.0462872463
21468,SLE,SVK,497932.39191315
21469,SLE,SVN,104477.872725162
21470,SLE,SWE,7982.12136708101
21471,SLE,SWZ,87.8462664310194
21472,SLE,SYC,386.05395860916
21473,SLE,THA,1057727.07687755
21474,SLE,TTO,4267.77667285875
21475,SLE,TUN,1162.04631619964
21476,SLE,TUR,894406.023988841
21477,SLE,TZA,7612.95299625159
21478,SLE,UGA,16769.0595697813
21479,SLE,UKR,93567.2514065828
21480,SLE,URY,50.0921266480552
21481,SLE,USA,16388192.8669388
21482,SLE,VCT,8226.23146293933
21483,SLE,ZAF,494450.49499149
21484,SLE,ZWE,62.1650493445813
21485,SLV,ABW,84243.9893669032
21486,SLV,AGO,4100.8232556222
21487,SLV,AND,3159.91997525633
21488,SLV,ARE,1062764.41185039
21489,SLV,ARG,738595.959412073
21490,SLV,ARM,42595.4267951676
21491,SLV,ATG,20302.0548616874
21492,SLV,AUS,3235117.34955616
21493,SLV,AUT,1455099.13845126
21494,SLV,AZE,3747.97233503385
21495,SLV,BEL,5633901.37926487
21496,SLV,BGD,906703.846130579
21497,SLV,BGR,6105.77012701099
21498,SLV,BHR,44776.564820128
21499,SLV,BHS,133231.838683874
21500,SLV,BIH,8256.54880237029
21501,SLV,BLR,18154.3949413379
21502,SLV,BLZ,5520626.15631639
21503,SLV,BMU,8006.72332289243
21504,SLV,BOL,262280.1295856
21505,SLV,BRA,2851129.22105743
21506,SLV,BRB,1299609.11835307
21507,SLV,CAN,28941979.3542932
21508,SLV,CHE,1244367.19700714
21509,SLV,CHL,2658976.4288821
21510,SLV,CHN,85911487.5463815
21511,SLV,CIV,7312.0101419265
21512,SLV,CMR,195.597351558051
21513,SLV,COL,7188955.61203584
21514,SLV,CRI,107882683.280222
21515,SLV,CUB,3509661.29305055
21516,SLV,CYM,223.829186115586
21517,SLV,CZE,2974429.57045777
21518,SLV,DEU,21702909.2111855
21519,SLV,DMA,25285.926391736
21520,SLV,DNK,440808.407944498
21521,SLV,DOM,51871119.3238915
21522,SLV,DZA,368260.901142894
21523,SLV,ECU,4201098.99106494
21524,SLV,EGY,16680.2875792446
21525,SLV,ESP,24992328.7340869
21526,SLV,EST,169581.493459405
21527,SLV,ETH,3326451.91545881
21528,SLV,FIN,1035325.21568024
21529,SLV,FJI,1710.34205141885
21530,SLV,FRA,4221696.65799043
21531,SLV,GAB,2593.25779376093
21532,SLV,GBR,6781443.20861813
21533,SLV,GRC,1466051.08727468
21534,SLV,GRD,9598.25011069148
21535,SLV,GTM,487571260.11879
21536,SLV,GUY,1318522.98415236
21537,SLV,HKG,38426589.293687
21538,SLV,HND,374054383.984241
21539,SLV,HRV,3498.34690398509
21540,SLV,HTI,5831018.73329562
21541,SLV,HUN,1747.92314931063
21542,SLV,IDN,524125.383893589
21543,SLV,IND,1848741.43709819
21544,SLV,IRL,2103796.41706966
21545,SLV,ISL,39215.8606464483
21546,SLV,ISR,86775.6722541854
21547,SLV,ITA,19164326.8521315
21548,SLV,JAM,6931692.30195657
21549,SLV,JOR,122886.817289631
21550,SLV,JPN,9114367.10144994
21551,SLV,KAZ,15804.5960857986
21552,SLV,KHM,52951.2788113619
21553,SLV,KNA,2244.12327286429
21554,SLV,KOR,30778408.5497589
21555,SLV,KWT,214031.314179064
21556,SLV,LBN,13285.2161769063
21557,SLV,LCA,36476.1003863583
21558,SLV,LKA,31495.1045524781
21559,SLV,LTU,27596.1806740519
21560,SLV,LUX,50678.7526625332
21561,SLV,LVA,15226.8757272633
21562,SLV,MAR,84102.6286453232
21563,SLV,MDA,12098.4288712371
21564,SLV,MDG,84.692002825096
21565,SLV,MEX,115310831.242594
21566,SLV,MKD,44430.2759881354
21567,SLV,MNE,2251.94966753198
21568,SLV,MUS,3328.86737521
21569,SLV,MYS,1043409.98989823
21570,SLV,NGA,3950.95647483662
21571,SLV,NIC,170558123.483748
21572,SLV,NLD,13716731.5861375
21573,SLV,NOR,551713.749675758
21574,SLV,NZL,481353.189305253
21575,SLV,PAK,101440.632449055
21576,SLV,PAN,51800616.2510205
21577,SLV,PER,5835105.67269014
21578,SLV,PHL,113932.581586396
21579,SLV,POL,1375622.52020249
21580,SLV,PRT,462645.984035772
21581,SLV,PRY,96135.7732120848
21582,SLV,PYF,9142.09818228155
21583,SLV,QAT,91352.5652600614
21584,SLV,ROU,41473.5702083753
21585,SLV,RUS,1189940.67405848
21586,SLV,SAU,2630523.0161834
21587,SLV,SGP,3216589.34316838
21588,SLV,SLV,5551813.60138854
21589,SLV,SRB,77812.8374692254
21590,SLV,SUR,253175.810549155
21591,SLV,SVK,335801.823725205
21592,SLV,SVN,262396.947865777
21593,SLV,SWE,1076174.58077673
21594,SLV,TGO,149.596215285206
21595,SLV,THA,1764010.39982337
21596,SLV,TTO,1333173.27929701
21597,SLV,TUN,790887.563524827
21598,SLV,TUR,952137.500023369
21599,SLV,TZA,6776.29545241375
21600,SLV,UKR,689901.911220509
21601,SLV,URY,132155.943223668
21602,SLV,USA,996042148.764029
21603,SLV,VCT,1877.95462822931
21604,SLV,VEN,419732.041632146
21605,SLV,VGB,27032.6392480506
21606,SLV,VNM,560087.514854679
21607,SLV,ZAF,855090.957826036
21608,SMR,AGO,125.800454643089
21609,SMR,ALB,532587.57747987
21610,SMR,ARE,1100524.66561347
21611,SMR,ARG,180667.012118341
21612,SMR,ARM,52860.5368439196
21613,SMR,AUT,3959371.75706628
21614,SMR,AZE,135723.41186112
21615,SMR,BEL,218665.829634581
21616,SMR,BGR,290956.237195825
21617,SMR,BIH,316068.070942011
21618,SMR,BLR,339332.147870462
21619,SMR,BMU,488.058152489059
21620,SMR,BOL,1015.76090241613
21621,SMR,BRA,3580383.2639138
21622,SMR,CHE,731520.707086114
21623,SMR,CHL,3535.07079435816
21624,SMR,CHN,1429251.50307713
21625,SMR,COL,7503.94660723192
21626,SMR,CRI,10342.0386721645
21627,SMR,CYP,57286.4312950224
21628,SMR,CZE,920883.933944193
21629,SMR,DEU,5476347.63756669
21630,SMR,DNK,390675.455413031
21631,SMR,EGY,96912.7618108522
21632,SMR,ESP,3308846.40539532
21633,SMR,EST,67990.6096364597
21634,SMR,FIN,321276.998455167
21635,SMR,FRA,6880235.48743544
21636,SMR,GBR,3114794.00334932
21637,SMR,GEO,188639.302105373
21638,SMR,GRC,1148063.26708651
21639,SMR,HKG,11240.6247080795
21640,SMR,HRV,167731.105504707
21641,SMR,HUN,722187.832219295
21642,SMR,IDN,184258.10647527
21643,SMR,IRL,72892.6068458071
21644,SMR,ISL,9496.6035033786
21645,SMR,ISR,179043.344049558
21646,SMR,KAZ,615878.571138989
21647,SMR,KOR,2881759.13615886
21648,SMR,KWT,303325.931236808
21649,SMR,LBN,2211563.39054306
21650,SMR,LCA,747.080858495057
21651,SMR,LTU,335600.244425496
21652,SMR,LUX,13024.3015128821
21653,SMR,LVA,180164.513970118
21654,SMR,MAR,261145.91050601
21655,SMR,MDA,212531.951202917
21656,SMR,MEX,1027400.72026364
21657,SMR,MKD,883.518888355839
21658,SMR,MLT,428086.188561745
21659,SMR,MNE,91051.9759913348
21660,SMR,MUS,145289.849770494
21661,SMR,MYS,1320.77274178923
21662,SMR,NGA,18015.172237344
21663,SMR,NLD,1521198.23867805
21664,SMR,NZL,13233.5721745695
21665,SMR,PER,118621.35667746
21666,SMR,POL,4727999.08667991
21667,SMR,PRT,488582.396401647
21668,SMR,ROU,7403691.78185123
21669,SMR,RUS,5780834.56436533
21670,SMR,SAU,3705066.98871122
21671,SMR,SLV,44866.1114982064
21672,SMR,SRB,171421.999021706
21673,SMR,SVK,142472.614254659
21674,SMR,SVN,1563457.83767371
21675,SMR,SWE,663710.676665519
21676,SMR,SYC,1522.32353459746
21677,SMR,THA,152326.348714767
21678,SMR,TUR,879963.527649559
21679,SMR,UKR,777115.434472688
21680,SMR,URY,43054.9430380341
21681,SMR,USA,6329859.87620548
21682,SMR,ZAF,194920.33766185
21683,SOM,AGO,197.087712354888
21684,SOM,ARE,73450817.8738889
21685,SOM,ARG,306623.229469542
21686,SOM,AUS,55161.2873254898
21687,SOM,AUT,35994.5948201646
21688,SOM,BGR,5959301.9074726
21689,SOM,BHR,4016577.21575889
21690,SOM,BIH,246.604699769265
21691,SOM,BRA,2815.18151858929
21692,SOM,CAN,154063.383728202
21693,SOM,CHE,9708.67534319458
21694,SOM,CHN,3936904.57305517
21695,SOM,CIV,1056062.2588469
21696,SOM,CRI,3126.43186822404
21697,SOM,CZE,44658.3111924729
21698,SOM,DEU,1306772.37548384
21699,SOM,DOM,648.917094332913
21700,SOM,EGY,2841777.78619747
21701,SOM,ETH,180184.255249223
21702,SOM,FIN,350.16777103297
21703,SOM,FJI,416.459319348928
21704,SOM,FRA,1395172.088397
21705,SOM,GBR,641960.774298905
21706,SOM,HKG,1082663.4561485
21707,SOM,IDN,15012.1342411609
21708,SOM,IND,2557893.99014706
21709,SOM,IRL,1055.64455772692
21710,SOM,ITA,437884.033491729
21711,SOM,JOR,616491.62755192
21712,SOM,JPN,8575001.94170613
21713,SOM,KEN,253586.758034161
21714,SOM,KWT,2583051.32290796
21715,SOM,LBN,114054.611128151
21716,SOM,LKA,11915.1399994008
21717,SOM,LUX,6464.77253679434
21718,SOM,MAR,302131.271525333
21719,SOM,MEX,16302.9467299651
21720,SOM,MNE,30.9835006998834
21721,SOM,MOZ,709.201188322829
21722,SOM,MYS,244314.017725131
21723,SOM,NGA,252624.503084836
21724,SOM,NZL,5517.66425427868
21725,SOM,OMN,89616021.0024315
21726,SOM,PAK,2453678.86052856
21727,SOM,PER,14.3584759990582
21728,SOM,POL,68854.1686928015
21729,SOM,PSE,18970.9376156292
21730,SOM,PYF,7336.97318515245
21731,SOM,QAT,1925535.10884074
21732,SOM,RUS,34874.8477440572
21733,SOM,SAU,20027089.6622125
21734,SOM,SGP,370232.482937034
21735,SOM,SVK,1526.91464604544
21736,SOM,SVN,30319.1798765093
21737,SOM,SWE,14498.1388095961
21738,SOM,SWZ,257.772403324088
21739,SOM,SYC,415.351051051682
21740,SOM,THA,83665.218253994
21741,SOM,TUN,5582.1863742392
21742,SOM,TUR,2469770.89920045
21743,SOM,TZA,820.198559333173
21744,SOM,UGA,38246.258918564
21745,SOM,USA,267153.674406997
21746,SOM,ZAF,29571.7734391959
21747,SPM,BEL,24267.6883896465
21748,SPM,BRA,2.50060536382065
21749,SPM,CAN,2342027.82427442
21750,SPM,CZE,27.006537929263
21751,SPM,ESP,467.187099880466
21752,SPM,FRA,790058.6313512
21753,SPM,IRL,206320.836573381
21754,SPM,LUX,27.4191378142934
21755,SPM,NZL,4166.86924449143
21756,SPM,POL,1.00024214552826
21757,SPM,PRT,82588.2000219803
21758,SPM,SVK,8074.42471251251
21759,SPM,SVN,2799.27266726466
21760,SPM,TUR,180.543707267851
21761,SPM,USA,26416.8951844741
21762,SRB,AFG,1650122.47304732
21763,SRB,AGO,821550.071516578
21764,SRB,ALB,139365721.605124
21765,SRB,AND,26495.4141928981
21766,SRB,ARE,46890338.5370714
21767,SRB,ARG,5466467.48521116
21768,SRB,ARM,2154298.52746942
21769,SRB,AUS,17512788.0462085
21770,SRB,AUT,326193643.438048
21771,SRB,AZE,10543948.551903
21772,SRB,BEL,113587496.045705
21773,SRB,BEN,91551.6634591288
21774,SRB,BFA,3146212.15677294
21775,SRB,BGD,76200.4471306338
21776,SRB,BGR,356575299.049115
21777,SRB,BHR,1472232.81328962
21778,SRB,BHS,161.03898543005
21779,SRB,BIH,691531930.326794
21780,SRB,BLR,28706599.4919101
21781,SRB,BLZ,10270.4863502842
21782,SRB,BMU,8520.55271426102
21783,SRB,BOL,331342.508683415
21784,SRB,BRA,16278658.3500663
21785,SRB,BRN,132216.502884369
21786,SRB,BWA,10160.3626907879
21787,SRB,CAN,29029250.8010679
21788,SRB,CHE,130683361.931017
21789,SRB,CHL,4901895.68476965
21790,SRB,CHN,249148647.625735
21791,SRB,CIV,446365.774310138
21792,SRB,CMR,5802845.79299561
21793,SRB,COG,799955.158670899
21794,SRB,COL,319595.38485853
21795,SRB,CRI,578632.699401064
21796,SRB,CUB,198164.948139568
21797,SRB,CYP,31368255.3439455
21798,SRB,CZE,364153466.786811
21799,SRB,DEU,1290961588.24874
21800,SRB,DNK,34616594.2242611
21801,SRB,DOM,572096.517076895
21802,SRB,DZA,107128339.868558
21803,SRB,ECU,850658.026171318
21804,SRB,EGY,56142851.5668419
21805,SRB,ESP,151981946.444486
21806,SRB,EST,8071522.61995389
21807,SRB,ETH,1276661.36300193
21808,SRB,FIN,22319157.4828241
21809,SRB,FJI,1164.28185739489
21810,SRB,FRA,267970422.631049
21811,SRB,GAB,5312336.04900835
21812,SRB,GBR,166956282.930305
21813,SRB,GEO,3170766.96617082
21814,SRB,GHA,558630.237066805
21815,SRB,GIN,27566.6735307588
21816,SRB,GNQ,501005.286820777
21817,SRB,GRC,122512825.225049
21818,SRB,GTM,342794.986178281
21819,SRB,HKG,4574263.14722168
21820,SRB,HRV,337743259.721443
21821,SRB,HTI,127130.776696642
21822,SRB,HUN,549335164.851513
21823,SRB,IDN,8263955.09533686
21824,SRB,IND,9204767.35366748
21825,SRB,IRL,8369527.89412928
21826,SRB,IRN,3507720.17313083
21827,SRB,IRQ,5843301.58681364
21828,SRB,ISL,2195741.98988909
21829,SRB,ISR,21727706.9934039
21830,SRB,ITA,815970297.726394
21831,SRB,JOR,1625633.54459835
21832,SRB,JPN,305125859.921978
21833,SRB,KAZ,5654026.76585748
21834,SRB,KEN,3687739.15837035
21835,SRB,KGZ,4570108.36340291
21836,SRB,KHM,102935.024221738
21837,SRB,KNA,652.157878884425
21838,SRB,KOR,83894219.192123
21839,SRB,KWT,1492085.71441707
21840,SRB,LBN,11344700.9035639
21841,SRB,LBY,13014776.7070513
21842,SRB,LCA,8312.26228987621
21843,SRB,LKA,2483637.9037207
21844,SRB,LSO,506.438102034213
21845,SRB,LTU,25557948.2446653
21846,SRB,LUX,4994139.51579348
21847,SRB,LVA,4776977.44369892
21848,SRB,MAC,67238.7286159083
21849,SRB,MAR,8058486.23051468
21850,SRB,MDA,17103632.0654022
21851,SRB,MDG,39737.0953305413
21852,SRB,MDV,57628.5731230796
21853,SRB,MEX,29831110.2212356
21854,SRB,MHL,172828.839599391
21855,SRB,MKD,368477202.506622
21856,SRB,MLI,531343.131215721
21857,SRB,MLT,2133822.07038724
21858,SRB,MMR,3252217.81935602
21859,SRB,MNE,392369109.424494
21860,SRB,MNG,1608496.16086211
21861,SRB,MOZ,1065066.8387378
21862,SRB,MRT,3030586.62384518
21863,SRB,MUS,1655647.52659045
21864,SRB,MYS,1909057.65786558
21865,SRB,NAM,59805.8987251023
21866,SRB,NER,249646.936254889
21867,SRB,NGA,4274824.73060126
21868,SRB,NIC,108566.282475637
21869,SRB,NLD,210428066.379946
21870,SRB,NOR,20781014.3875181
21871,SRB,NPL,48326.3941873435
21872,SRB,NZL,2734759.98708939
21873,SRB,OMN,344780.966958227
21874,SRB,PAK,1603456.64286078
21875,SRB,PAN,345253.581371989
21876,SRB,PER,2521477.9818082
21877,SRB,PHL,1984934.02654106
21878,SRB,POL,322358173.693537
21879,SRB,PRT,16825594.0875479
21880,SRB,PRY,381786.425495263
21881,SRB,PYF,310671.991121732
21882,SRB,QAT,4039462.16590571
21883,SRB,ROU,635656502.117146
21884,SRB,RUS,594810417.509819
21885,SRB,RWA,149742.670740155
21886,SRB,SAU,23203457.2532213
21887,SRB,SDN,194555.099242411
21888,SRB,SEN,199564.812028289
21889,SRB,SGP,7937532.7257547
21890,SRB,SLE,95192.5448688516
21891,SRB,SUR,457398.733745174
21892,SRB,SVK,195314945.176663
21893,SRB,SVN,340835718.855313
21894,SRB,SWE,133866745.643536
21895,SRB,SWZ,24866.9349593957
21896,SRB,SYC,135483.298732875
21897,SRB,SYR,229222.991885347
21898,SRB,TCD,5267.77525942458
21899,SRB,TGO,39353.4444536868
21900,SRB,THA,6025384.60872942
21901,SRB,TJK,1078622.62041507
21902,SRB,TKM,44961.8846836408
21903,SRB,TTO,189017.910261451
21904,SRB,TUN,8809387.13729342
21905,SRB,TUR,223008631.97017
21906,SRB,TZA,306215.63079524
21907,SRB,UGA,15101834.4564086
21908,SRB,UKR,82591924.6836722
21909,SRB,URY,770445.409747026
21910,SRB,USA,234364888.17112
21911,SRB,UZB,3843838.5379865
21912,SRB,VCT,258.807653944709
21913,SRB,VEN,302711.282438381
21914,SRB,VNM,2765499.4912209
21915,SRB,YEM,851227.070929605
21916,SRB,ZAF,7855699.90510018
21917,SRB,ZMB,18501.4789658362
21918,SRB,ZWE,83855.3002703616
21919,STP,AGO,276638.106963949
21920,STP,AUS,5366.41463872692
21921,STP,AUT,43168.7380863254
21922,STP,BEL,1008158.11838165
21923,STP,BIH,287.6646398432
21924,STP,BRA,5514.10589284597
21925,STP,BWA,10.404518797785
21926,STP,CAN,124938.469967884
21927,STP,CHN,23333.6487708832
21928,STP,CMR,439873.267559254
21929,STP,COL,3789.37735864799
21930,STP,CPV,6755.13883067261
21931,STP,CZE,75592.8000272254
21932,STP,DEU,533291.657428407
21933,STP,DOM,7731.51669897178
21934,STP,ESP,71140.5626988569
21935,STP,FRA,803394.713842175
21936,STP,GAB,40844.8745093775
21937,STP,IDN,5891.92635823421
21938,STP,IND,40609.8431113531
21939,STP,IRL,3081.81956817026
21940,STP,ITA,6273.31668783984
21941,STP,KOR,6082.97260803011
21942,STP,KWT,1311.31745278755
21943,STP,LBN,5327.78978815627
21944,STP,LKA,7.53932517191925
21945,STP,LUX,4.61561738054015
21946,STP,MEX,41900.1434761788
21947,STP,MKD,6354.97845708506
21948,STP,MOZ,174039.609710984
21949,STP,MUS,588.595491262541
21950,STP,NLD,2911420.33374648
21951,STP,NZL,453310.496036348
21952,STP,PER,617.124397737298
21953,STP,POL,806496.742302654
21954,STP,PRT,669863.661722646
21955,STP,RUS,3832.76286171028
21956,STP,SRB,2.00048429105652
21957,STP,SVK,3797.00770585515
21958,STP,SVN,233209.051858281
21959,STP,SWE,380.101017480048
21960,STP,TGO,6368.195156675
21961,STP,THA,471.554657208915
21962,STP,TUN,1706.76818623287
21963,STP,USA,464217.380950393
21964,STP,ZAF,82164.6579879989
21965,STP,ZMB,203.904362576663
21966,SUR,ABW,315277.87814668
21967,SUR,AGO,1015.84242215099
21968,SUR,ALB,1035.21561214665
21969,SUR,ARE,352166058.138616
21970,SUR,ARG,45433.8139315332
21971,SUR,ATG,223715.763657494
21972,SUR,AUS,272503.173950801
21973,SUR,AUT,123803.207135616
21974,SUR,AZE,15.503753255688
21975,SUR,BEL,26617998.7050036
21976,SUR,BFA,24496.7143338292
21977,SUR,BGD,1765530.68586471
21978,SUR,BGR,45050.701184953
21979,SUR,BHR,29247.4654284723
21980,SUR,BIH,23742.5177527108
21981,SUR,BMU,402.347403038742
21982,SUR,BRA,22989735.7425416
21983,SUR,BRB,2711420.89950184
21984,SUR,CAN,6219514.69958286
21985,SUR,CHE,559015486.788219
21986,SUR,CHL,128681.152022211
21987,SUR,CHN,30558736.3700001
21988,SUR,CMR,311328.088454306
21989,SUR,COG,303.053365252152
21990,SUR,COL,23629.675435063
21991,SUR,CRI,11502.784673575
21992,SUR,CUB,1712786.06808328
21993,SUR,CYP,8736.4879893641
21994,SUR,CZE,241679.007323611
21995,SUR,DEU,831094.181020538
21996,SUR,DMA,68820.2954925432
21997,SUR,DNK,18824.6637046303
21998,SUR,DOM,71466.0259892586
21999,SUR,ECU,30233.9002314237
22000,SUR,ESP,547034.253330957
22001,SUR,EST,34464.1783263677
22002,SUR,ETH,5488.32365130283
22003,SUR,FIN,19374.0502039092
22004,SUR,FRA,5647361.91088335
22005,SUR,GBR,555166.13245243
22006,SUR,GMB,12503.0268191032
22007,SUR,GRC,45280.1867404015
22008,SUR,GRD,96473.5479829347
22009,SUR,GUY,46045841.2438328
22010,SUR,HKG,4115069.27889792
22011,SUR,HND,4839.60160418829
22012,SUR,HRV,2647.6409592133
22013,SUR,HTI,590.137364529872
22014,SUR,HUN,224.05424059833
22015,SUR,IDN,109281.955730763
22016,SUR,IND,15034139.5023465
22017,SUR,IRL,774.025381411297
22018,SUR,ISL,1406.15241108937
22019,SUR,ISR,21374.5645022301
22020,SUR,ITA,2847785.41306529
22021,SUR,JAM,21396947.2708054
22022,SUR,JPN,1648333.4679526
22023,SUR,KAZ,108.951375701666
22024,SUR,KEN,12812.6517752515
22025,SUR,KOR,5027771.65769473
22026,SUR,KWT,23603.2140291031
22027,SUR,LBN,24488.9284489684
22028,SUR,LCA,448836.642474972
22029,SUR,LUX,9297.75586496866
22030,SUR,LVA,10166.2931264688
22031,SUR,MAR,1892282.93242417
22032,SUR,MDA,195.547339450775
22033,SUR,MEX,164599.347347058
22034,SUR,MKD,613.648556281587
22035,SUR,MUS,38067.8492279137
22036,SUR,MYS,383720.519214032
22037,SUR,NAM,2689.84467618065
22038,SUR,NER,19858.3239402407
22039,SUR,NGA,61870.46252897
22040,SUR,NIC,145.820301185837
22041,SUR,NLD,109609626.583586
22042,SUR,NOR,49818.1788288747
22043,SUR,NZL,190827.890433955
22044,SUR,PAK,85572.003861826
22045,SUR,PAN,358641.733968455
22046,SUR,PER,18004.3586195087
22047,SUR,PHL,44831.3530836493
22048,SUR,POL,420670.838902674
22049,SUR,PRT,5303872.3895672
22050,SUR,PYF,2957.64150628722
22051,SUR,QAT,413549.426902063
22052,SUR,ROU,907.439679266147
22053,SUR,RUS,8700.33123628754
22054,SUR,SAU,908235.849508539
22055,SUR,SEN,4851.96309674381
22056,SUR,SGP,2402023.55895632
22057,SUR,SLV,529.653222110851
22058,SUR,SRB,10616.5701326369
22059,SUR,SVK,620063.852840895
22060,SUR,SVN,195895.243673832
22061,SUR,SWE,19330.8517461282
22062,SUR,SYC,9056.37392956227
22063,SUR,THA,773438.73239125
22064,SUR,TTO,47996954.8593952
22065,SUR,TUN,94096.32948946
22066,SUR,TUR,46511.259767064
22067,SUR,UKR,412181.273690082
22068,SUR,URY,19964.8332247441
22069,SUR,USA,91900894.5033925
22070,SUR,VCT,145997.23401896
22071,SUR,VEN,2354278.88209513
22072,SUR,VNM,9204614.27260856
22073,SUR,ZAF,47315.4319466205
22074,SVK,ABW,122822.656757206
22075,SVK,AFG,6307935.55661474
22076,SVK,AGO,10017147.0071459
22077,SVK,ALB,20641874.0694687
22078,SVK,AND,167163.26803869
22079,SVK,ARE,143256995.330048
22080,SVK,ARG,20828231.3401242
22081,SVK,ARM,6768275.45987855
22082,SVK,AUS,168684487.053898
22083,SVK,AUT,2373630392.3064
22084,SVK,AZE,14209331.0830266
22085,SVK,BDI,385.171745036804
22086,SVK,BEL,606016466.690116
22087,SVK,BEN,2100143.93235093
22088,SVK,BFA,712355.2038687
22089,SVK,BGD,3489095.82892093
22090,SVK,BGR,264995424.467943
22091,SVK,BHR,10526567.5591922
22092,SVK,BHS,110077.803895184
22093,SVK,BIH,61101300.2533529
22094,SVK,BLR,51171537.959402
22095,SVK,BLZ,7201.42837152762
22096,SVK,BMU,10050.7531557545
22097,SVK,BOL,663168.219343703
22098,SVK,BRA,79311787.3453662
22099,SVK,BRB,8756.48082936892
22100,SVK,BRN,1205112.9720732
22101,SVK,BWA,929485.52877769
22102,SVK,CAF,14653.9245232779
22103,SVK,CAN,246531843.935821
22104,SVK,CHE,654725226.369139
22105,SVK,CHL,18796144.3339641
22106,SVK,CHN,3216317027.24426
22107,SVK,CIV,4284737.74891321
22108,SVK,CMR,1505248.8910498
22109,SVK,COD,345930.414224362
22110,SVK,COG,881948.272130213
22111,SVK,COL,29941652.7721399
22112,SVK,CPV,475991.952920114
22113,SVK,CRI,3675659.31599866
22114,SVK,CUB,3461383.32558668
22115,SVK,CYM,209426.076811389
22116,SVK,CYP,19401890.3146356
22117,SVK,CZE,4529823514.55491
22118,SVK,DEU,9800076656.42189
22119,SVK,DJI,13382.9238306501
22120,SVK,DNK,370399922.775527
22121,SVK,DOM,1603946.38492092
22122,SVK,DZA,9739427.34685206
22123,SVK,ECU,15102111.5024779
22124,SVK,EGY,114979812.37376
22125,SVK,ESP,1044878786.20158
22126,SVK,EST,55074690.5715493
22127,SVK,ETH,1065200.87368591
22128,SVK,FIN,167181896.694944
22129,SVK,FJI,122043.490631288
22130,SVK,FRA,3123044557.638
22131,SVK,FRO,796056.612383882
22132,SVK,FSM,2429.46814243068
22133,SVK,GAB,1228578.19719699
22134,SVK,GBR,1892504766.9539
22135,SVK,GEO,9619346.05274286
22136,SVK,GHA,3760747.81731085
22137,SVK,GIB,6407029.05835418
22138,SVK,GIN,476962.878968599
22139,SVK,GMB,41780.7935831322
22140,SVK,GNQ,13866.7609612851
22141,SVK,GRC,106154284.209435
22142,SVK,GRD,1498.14068024502
22143,SVK,GRL,195373.093268055
22144,SVK,GTM,4249872.88808686
22145,SVK,GUY,55140.2962438237
22146,SVK,HKG,31086920.470956
22147,SVK,HND,602119.965360657
22148,SVK,HRV,272282283.97623
22149,SVK,HUN,2712423902.04712
22150,SVK,IDN,28644261.5462096
22151,SVK,IND,48644956.0129908
22152,SVK,IRL,80974144.0411586
22153,SVK,IRN,6985671.13952645
22154,SVK,IRQ,3925548.91549914
22155,SVK,ISL,12152705.994518
22156,SVK,ISR,130432326.316081
22157,SVK,ITA,1853542300.88196
22158,SVK,JAM,1153811.04654867
22159,SVK,JOR,33734136.8258781
22160,SVK,JPN,163574247.23274
22161,SVK,KAZ,21809806.0775173
22162,SVK,KEN,5708917.19111081
22163,SVK,KGZ,1231101.03044189
22164,SVK,KHM,1639020.86399311
22165,SVK,KOR,435797826.448317
22166,SVK,KWT,42334993.2476154
22167,SVK,LAO,463970.246122286
22168,SVK,LBN,10352382.6763125
22169,SVK,LBR,2249362.27565828
22170,SVK,LBY,1710398.55209692
22171,SVK,LCA,1220.6805107705
22172,SVK,LKA,839386.065877304
22173,SVK,LTU,107617471.117829
22174,SVK,LUX,64903295.329085
22175,SVK,LVA,75225753.0114483
22176,SVK,MAC,2359707.83887449
22177,SVK,MAR,79516387.9029825
22178,SVK,MDA,21516664.1797017
22179,SVK,MDG,1442346.49470316
22180,SVK,MDV,94828.6512749767
22181,SVK,MEX,167044548.298195
22182,SVK,MKD,42105991.9368961
22183,SVK,MLI,1115912.37527653
22184,SVK,MLT,10748044.4098382
22185,SVK,MNE,9024758.19580704
22186,SVK,MNG,1543001.18538601
22187,SVK,MOZ,1152385.24087979
22188,SVK,MRT,332021.382029764
22189,SVK,MUS,3471194.94635162
22190,SVK,MWI,262613.227224178
22191,SVK,MYS,10298869.9645856
22192,SVK,NAM,532766.42527658
22193,SVK,NCL,1237870.7518028
22194,SVK,NER,643774.157795309
22195,SVK,NGA,6764283.64501243
22196,SVK,NIC,219389.026211004
22197,SVK,NLD,897006793.070487
22198,SVK,NOR,193807186.849112
22199,SVK,NPL,189469.363052261
22200,SVK,NZL,41471098.9926264
22201,SVK,OMN,15895305.515864
22202,SVK,PAK,5982563.93640526
22203,SVK,PAN,1020342.83014085
22204,SVK,PER,9999710.35396045
22205,SVK,PHL,5222135.33109545
22206,SVK,PNG,271721.108122903
22207,SVK,POL,3389407793.68971
22208,SVK,PRK,141.095157290362
22209,SVK,PRT,132063119.092662
22210,SVK,PRY,2379358.51154508
22211,SVK,PSE,2105596.73740365
22212,SVK,PYF,2074584.86583555
22213,SVK,QAT,30617752.7585951
22214,SVK,ROU,1109399085.87843
22215,SVK,RUS,834506492.801546
22216,SVK,RWA,1757771.74902769
22217,SVK,SAU,107669904.783333
22218,SVK,SDN,1306593.90477842
22219,SVK,SEN,1708765.17017654
22220,SVK,SGP,40537560.8267583
22221,SVK,SLV,953766.704432426
22222,SVK,SMR,3537549.80449405
22223,SVK,SOM,148786.488761016
22224,SVK,SRB,205169395.520077
22225,SVK,SUR,14176.7320012157
22226,SVK,SVN,325015654.903446
22227,SVK,SWE,582809985.030226
22228,SVK,SWZ,31304.6084358623
22229,SVK,SYC,137051.581893697
22230,SVK,SYR,141167.910402938
22231,SVK,TCA,30.8469676470187
22232,SVK,TCD,2263.80953865151
22233,SVK,TGO,1049584.41614599
22234,SVK,THA,42575643.2598328
22235,SVK,TJK,627578.428521286
22236,SVK,TKM,562433.537796119
22237,SVK,TTO,3758707.2978278
22238,SVK,TUN,43140323.72258
22239,SVK,TUR,489303642.505886
22240,SVK,TZA,2014073.47582024
22241,SVK,UGA,1262333.94552173
22242,SVK,UKR,408984972.637443
22243,SVK,URY,1590367.52715723
22244,SVK,USA,2550032283.93091
22245,SVK,UZB,6669575.53992011
22246,SVK,VCT,2257.17143165271
22247,SVK,VEN,150822.374622329
22248,SVK,VGB,638.642106892974
22249,SVK,VNM,23475464.7776818
22250,SVK,YEM,1140115.08543579
22251,SVK,ZAF,93322100.7618212
22252,SVK,ZMB,281245.033740608
22253,SVK,ZWE,2343153.56180074
22254,SVN,AFG,140437.528086941
22255,SVN,AGO,932626.96127737
22256,SVN,ALB,28248466.0688062
22257,SVN,AND,51119.6914080307
22258,SVN,ARE,54847852.9176231
22259,SVN,ARG,9029817.68564329
22260,SVN,ARM,4845263.42484095
22261,SVN,ATG,81950.3160986337
22262,SVN,AUS,62628315.8153288
22263,SVN,AUT,1195602515.12908
22264,SVN,AZE,10355459.0010505
22265,SVN,BDI,526260.01866072
22266,SVN,BEL,218100743.089526
22267,SVN,BEN,42073.9550536861
22268,SVN,BFA,103728.066206821
22269,SVN,BGD,1730605.97704994
22270,SVN,BGR,140974941.152609
22271,SVN,BHR,3644368.7789693
22272,SVN,BHS,8255.28849726693
22273,SVN,BIH,403462756.006093
22274,SVN,BLR,42786658.0897605
22275,SVN,BLZ,41183.3499498503
22276,SVN,BMU,25570.1702034415
22277,SVN,BOL,397468.441906127
22278,SVN,BRA,41619402.5124669
22279,SVN,BRB,71159.76684793
22280,SVN,BRN,164539.477853437
22281,SVN,BWA,160124.883637973
22282,SVN,CAN,88463664.8911036
22283,SVN,CHE,2273239708.66721
22284,SVN,CHL,10798187.1177313
22285,SVN,CHN,254402141.427806
22286,SVN,CIV,2008596.44990397
22287,SVN,CMR,1482014.24124527
22288,SVN,COD,185288.290869425
22289,SVN,COG,421389.187805539
22290,SVN,COL,8027969.03620147
22291,SVN,CRI,1415068.66459762
22292,SVN,CUB,697997.886150046
22293,SVN,CYM,811.041342490861
22294,SVN,CYP,12687062.9268355
22295,SVN,CZE,384676291.1339
22296,SVN,DEU,3380099764.4507
22297,SVN,DNK,209157649.323609
22298,SVN,DOM,1418900.74729467
22299,SVN,DZA,47459341.3802103
22300,SVN,ECU,3595567.14623293
22301,SVN,EGY,30716999.3283904
22302,SVN,ESP,271396382.541091
22303,SVN,EST,25179142.3507177
22304,SVN,ETH,2042116.42465101
22305,SVN,FIN,70457540.583645
22306,SVN,FJI,524.840056906569
22307,SVN,FRA,968736208.103284
22308,SVN,FRO,325350.598120314
22309,SVN,GAB,586019.8652372
22310,SVN,GBR,298540856.312816
22311,SVN,GEO,12935308.8689281
22312,SVN,GHA,7328992.0780309
22313,SVN,GIB,24216.8025708559
22314,SVN,GMB,39154.6788351328
22315,SVN,GRC,81674824.7582869
22316,SVN,GRL,6167.95318071419
22317,SVN,GTM,172855.100956922
22318,SVN,GUY,12007.3643257028
22319,SVN,HKG,69191767.1624712
22320,SVN,HND,1092093.00641917
22321,SVN,HRV,1501977379.82276
22322,SVN,HTI,98553.6685528917
22323,SVN,HUN,786512140.292145
22324,SVN,IDN,13942080.1950855
22325,SVN,IND,131192600.617536
22326,SVN,IRL,31414889.2484032
22327,SVN,IRN,14126340.4270753
22328,SVN,IRQ,5007911.68485531
22329,SVN,ISL,6412146.64675533
22330,SVN,ISR,39370610.3293206
22331,SVN,ITA,1746148839.72851
22332,SVN,JAM,220792.290923019
22333,SVN,JOR,8222615.97267647
22334,SVN,JPN,75743076.5241979
22335,SVN,KAZ,32936897.1115808
22336,SVN,KEN,1708208.9685274
22337,SVN,KGZ,6540067.76478327
22338,SVN,KHM,1426555.04029879
22339,SVN,KOR,56613604.4124428
22340,SVN,KWT,9184077.89502041
22341,SVN,LAO,16672.5612087914
22342,SVN,LBN,13068790.2780297
22343,SVN,LBR,49878.3198882378
22344,SVN,LBY,5040265.01217228
22345,SVN,LCA,3520.95737768475
22346,SVN,LKA,1982860.45455643
22347,SVN,LTU,68525353.0908492
22348,SVN,LUX,12690275.3425193
22349,SVN,LVA,22838254.6824601
22350,SVN,MAC,1549477.12312575
22351,SVN,MAR,20795708.1836938
22352,SVN,MDA,13322626.2333912
22353,SVN,MDG,1320309.31309921
22354,SVN,MDV,606520.030558836
22355,SVN,MEX,58112220.2077069
22356,SVN,MKD,110162972.443375
22357,SVN,MLI,163397.841478217
22358,SVN,MLT,9016231.04149462
22359,SVN,MMR,431272.600450347
22360,SVN,MNE,46014160.2907889
22361,SVN,MNG,7871358.42282232
22362,SVN,MOZ,118199.750612152
22363,SVN,MRT,223402.172741239
22364,SVN,MUS,1234848.12056335
22365,SVN,MWI,55707.5550697589
22366,SVN,MYS,23995075.8992316
22367,SVN,NAM,258732.142664417
22368,SVN,NCL,216976.822248005
22369,SVN,NER,288928.850892144
22370,SVN,NGA,12623000.0245456
22371,SVN,NIC,79216.4522659916
22372,SVN,NLD,356421402.425257
22373,SVN,NOR,80603086.2764317
22374,SVN,NPL,245108.122467493
22375,SVN,NZL,9988659.36916171
22376,SVN,OMN,12029203.6182096
22377,SVN,PAK,1821709.55203272
22378,SVN,PAN,4888508.74896775
22379,SVN,PER,3063110.45893986
22380,SVN,PHL,11326102.901231
22381,SVN,PNG,246943.756850545
22382,SVN,POL,566590620.26636
22383,SVN,PRT,59407016.1508533
22384,SVN,PRY,923436.846971014
22385,SVN,PSE,1173937.74996007
22386,SVN,PYF,686008.946284664
22387,SVN,QAT,7326250.11923858
22388,SVN,ROU,341537443.40864
22389,SVN,RUS,489412024.863836
22390,SVN,RWA,696649.404700342
22391,SVN,SAU,73318247.152753
22392,SVN,SDN,4700219.35657094
22393,SVN,SEN,1205824.75438638
22394,SVN,SGP,22840905.762752
22395,SVN,SLE,588669.614206735
22396,SVN,SLV,794309.917031805
22397,SVN,SMR,4217521.4717325
22398,SVN,SRB,620397021.196592
22399,SVN,SUR,317192.849736231
22400,SVN,SVK,298425721.19011
22401,SVN,SWE,192069165.010279
22402,SVN,SWZ,6797.92068760007
22403,SVN,SYC,35589.3107061866
22404,SVN,SYR,725460.624519463
22405,SVN,TCA,58142.1954643241
22406,SVN,TGO,103753.202291938
22407,SVN,THA,30663313.4797493
22408,SVN,TJK,3065385.86978703
22409,SVN,TKM,5177561.74491379
22410,SVN,TLS,1094.06985998954
22411,SVN,TTO,892984.154772919
22412,SVN,TUN,9627629.75811948
22413,SVN,TUR,195129464.78879
22414,SVN,TZA,2261621.03384314
22415,SVN,UGA,1908265.96620739
22416,SVN,UKR,126728203.849026
22417,SVN,URY,686947.100899614
22418,SVN,USA,611119607.55621
22419,SVN,UZB,30106227.1134333
22420,SVN,VCT,4211.14446294216
22421,SVN,VEN,231584.193501346
22422,SVN,VGB,35949.9830202319
22423,SVN,VNM,38359300.7200042
22424,SVN,YEM,2119899.44490188
22425,SVN,ZAF,32219507.5654637
22426,SVN,ZMB,77308.6549132293
22427,SVN,ZWE,58585.6878280192
22428,SWE,ABW,98391.8633819782
22429,SWE,AFG,3486395.13261771
22430,SWE,AGO,14346643.0904659
22431,SWE,AIA,15692.7420073906
22432,SWE,ALB,10197133.9676327
22433,SWE,AND,1134821.48092345
22434,SWE,ARE,494593792.738499
22435,SWE,ARG,77701031.2374004
22436,SWE,ARM,6349738.74361903
22437,SWE,ATG,454546.516760783
22438,SWE,AUS,834602247.919606
22439,SWE,AUT,774694389.087797
22440,SWE,AZE,18733891.3298268
22441,SWE,BDI,332478.0400807
22442,SWE,BEL,2687722041.9757
22443,SWE,BEN,6631350.95124763
22444,SWE,BFA,23360157.2307343
22445,SWE,BGD,23712764.8759289
22446,SWE,BGR,107449244.323325
22447,SWE,BHR,42602182.4306185
22448,SWE,BHS,2228260.76475875
22449,SWE,BIH,28531821.5604611
22450,SWE,BLR,47949607.9723337
22451,SWE,BLZ,272982.490487059
22452,SWE,BMU,393388.554218732
22453,SWE,BOL,32237151.5573431
22454,SWE,BRA,640483312.624777
22455,SWE,BRB,6102149.75056525
22456,SWE,BRN,1673652.32931747
22457,SWE,BTN,321022.459334578
22458,SWE,BWA,1731493.93001173
22459,SWE,CAF,798483.637434873
22460,SWE,CAN,783701326.648461
22461,SWE,CHE,773351674.726229
22462,SWE,CHL,194223211.783302
22463,SWE,CHN,4760285898.89444
22464,SWE,CIV,35817525.4089784
22465,SWE,CMR,8376048.44166848
22466,SWE,COD,22384313.2421804
22467,SWE,COG,1754437.69639719
22468,SWE,COK,8199.32194849818
22469,SWE,COL,88992343.3762434
22470,SWE,COM,66843.4789311342
22471,SWE,CPV,449557.202913221
22472,SWE,CRI,25880796.0869012
22473,SWE,CUB,52092511.7450982
22474,SWE,CYM,380560.398190104
22475,SWE,CYP,29631693.168978
22476,SWE,CZE,647929791.31978
22477,SWE,DEU,8387616011.33365
22478,SWE,DJI,856150.391801131
22479,SWE,DMA,30219.5077471917
22480,SWE,DNK,6016508374.07872
22481,SWE,DOM,35154035.9168587
22482,SWE,DZA,179882046.320398
22483,SWE,ECU,26640465.8129963
22484,SWE,EGY,434466485.909202
22485,SWE,ERI,1765732.12663089
22486,SWE,ESP,1523030997.59849
22487,SWE,EST,608000899.537828
22488,SWE,ETH,12723845.2763608
22489,SWE,FIN,5418306935.38957
22490,SWE,FJI,374734.121724849
22491,SWE,FRA,3553706943.02576
22492,SWE,FRO,17775043.981437
22493,SWE,GAB,5042897.21589434
22494,SWE,GBR,3917352634.53383
22495,SWE,GEO,8263660.01890271
22496,SWE,GHA,41291676.7323461
22497,SWE,GIB,50774436.9164384
22498,SWE,GIN,4587493.48011206
22499,SWE,GMB,2713758.36437148
22500,SWE,GNB,723169.335828469
22501,SWE,GNQ,330742.185352996
22502,SWE,GRC,216827590.137865
22503,SWE,GRD,105613.782714099
22504,SWE,GRL,39725389.0396016
22505,SWE,GTM,9927206.87381713
22506,SWE,GUY,1324948.56920237
22507,SWE,HKG,179173755.224396
22508,SWE,HND,15427677.7888135
22509,SWE,HRV,81114897.8548142
22510,SWE,HTI,922233.668697306
22511,SWE,HUN,373533658.108324
22512,SWE,IDN,217610240.590293
22513,SWE,IND,482197128.177806
22514,SWE,IRL,287717067.613777
22515,SWE,IRN,32235021.1766059
22516,SWE,IRQ,56125770.5412493
22517,SWE,ISL,191157037.102054
22518,SWE,ISR,353226011.392922
22519,SWE,ITA,2187526042.20022
22520,SWE,JAM,6331885.64961871
22521,SWE,JOR,32327337.7417377
22522,SWE,JPN,1412697618.36436
22523,SWE,KAZ,46444380.425451
22524,SWE,KEN,29532391.8169207
22525,SWE,KGZ,4432831.13038203
22526,SWE,KHM,5995120.15510142
22527,SWE,KNA,15909.9425888077
22528,SWE,KOR,861524515.806195
22529,SWE,KWT,56679434.8491296
22530,SWE,LAO,2929474.39739892
22531,SWE,LBN,48199606.4937027
22532,SWE,LBR,1980434.90136176
22533,SWE,LBY,18777859.0658401
22534,SWE,LCA,295130.642264641
22535,SWE,LKA,25836886.3054179
22536,SWE,LSO,242232.948425499
22537,SWE,LTU,613156135.072859
22538,SWE,LUX,54031811.3956542
22539,SWE,LVA,292361112.853829
22540,SWE,MAC,11039711.7306781
22541,SWE,MAR,174192527.568895
22542,SWE,MDA,11113772.4988204
22543,SWE,MDG,7425021.69854481
22544,SWE,MDV,1547631.77839195
22545,SWE,MEX,426821883.49004
22546,SWE,MHL,43440.1162834341
22547,SWE,MKD,11953984.0630401
22548,SWE,MLI,7335135.13518462
22549,SWE,MLT,26776002.9877718
22550,SWE,MMR,9004267.27522344
22551,SWE,MNE,7325408.62652421
22552,SWE,MNG,19676662.0472747
22553,SWE,MNP,25466.7681711632
22554,SWE,MOZ,5448761.67186555
22555,SWE,MRT,8294292.90272284
22556,SWE,MSR,19710.9527636082
22557,SWE,MUS,3527972.76151733
22558,SWE,MWI,2447956.67776303
22559,SWE,MYS,207881502.920272
22560,SWE,NAM,9087275.07432486
22561,SWE,NCL,1270351.90056368
22562,SWE,NER,2933185.25174818
22563,SWE,NGA,108543995.254693
22564,SWE,NIC,4637992.61529155
22565,SWE,NLD,3962235179.87845
22566,SWE,NOR,8170526852.91753
22567,SWE,NPL,3896578.43062404
22568,SWE,NZL,101767447.734757
22569,SWE,OMN,88659159.6288202
22570,SWE,PAK,116607933.143983
22571,SWE,PAN,24591504.1281974
22572,SWE,PER,92977300.6222215
22573,SWE,PHL,92629213.3198428
22574,SWE,PLW,217.20058141717
22575,SWE,PNG,1484468.47138226
22576,SWE,POL,2573034596.3726
22577,SWE,PRT,412505314.342581
22578,SWE,PRY,17916551.8626424
22579,SWE,PSE,8904297.45383848
22580,SWE,PYF,2021971.44531525
22581,SWE,QAT,119218290.435808
22582,SWE,ROU,249853714.168114
22583,SWE,RUS,969464206.627196
22584,SWE,RWA,5574986.75630596
22585,SWE,SAU,600501486.272559
22586,SWE,SDN,10411564.1703774
22587,SWE,SEN,14614570.5551974
22588,SWE,SGP,557330020.921999
22589,SWE,SHN,18081.9484029794
22590,SWE,SLB,146664.692601944
22591,SWE,SLE,3041568.34187535
22592,SWE,SLV,10415768.4711836
22593,SWE,SMR,783279.596735671
22594,SWE,SOM,212042.067608513
22595,SWE,SRB,98063921.991661
22596,SWE,STP,23457.6627930544
22597,SWE,SUR,1706733.35930173
22598,SWE,SVK,225486426.933892
22599,SWE,SVN,124191137.708528
22600,SWE,SWZ,286226.70173721
22601,SWE,SYC,855169.052231669
22602,SWE,SYR,1618035.73126721
22603,SWE,TCA,297836.297268295
22604,SWE,TCD,135153.061786834
22605,SWE,TGO,9606293.01477326
22606,SWE,THA,308492828.645026
22607,SWE,TJK,2712734.71755999
22608,SWE,TKL,88563.5370728512
22609,SWE,TKM,207860.956416232
22610,SWE,TLS,27236.8436832709
22611,SWE,TON,3475.20930267473
22612,SWE,TTO,7848186.84528676
22613,SWE,TUN,36945943.2791715
22614,SWE,TUR,882088210.507462
22615,SWE,TZA,29751964.1860166
22616,SWE,UGA,13618666.9009611
22617,SWE,UKR,214002073.96039
22618,SWE,URY,24145591.3345479
22619,SWE,USA,6435442420.85726
22620,SWE,UZB,16929210.6172532
22621,SWE,VAT,54.3001453542926
22622,SWE,VCT,63861.0249180639
22623,SWE,VEN,802284.647609673
22624,SWE,VGB,1274533.01175596
22625,SWE,VNM,168662198.653168
22626,SWE,VUT,31765.5850322612
22627,SWE,WSM,28670.4767470665
22628,SWE,YEM,11259732.4408115
22629,SWE,ZAF,364169121.236548
22630,SWE,ZMB,18448950.9629944
22631,SWE,ZWE,3622137.31202221
22632,SWZ,AGO,2438769.9627796
22633,SWZ,ALB,195415.76659871
22634,SWZ,AND,17832.6920612824
22635,SWZ,ARE,3622815.44168852
22636,SWZ,ARG,803.654554246135
22637,SWZ,ARM,2731.62128975185
22638,SWZ,AUS,237071.844989927
22639,SWZ,AUT,454926.161667845
22640,SWZ,BEL,710738.390459341
22641,SWZ,BEN,300395.93942415
22642,SWZ,BFA,377718.09560586
22643,SWZ,BGD,224161.366532116
22644,SWZ,BGR,7057.2034565639
22645,SWZ,BLR,1550.3753255688
22646,SWZ,BMU,2816.91193750105
22647,SWZ,BOL,4394.09875378074
22648,SWZ,BRA,613801.09320878
22649,SWZ,BRB,34252.5420920061
22650,SWZ,BRN,23695.9314747828
22651,SWZ,BWA,11481606.3045691
22652,SWZ,CAF,7635.36392164322
22653,SWZ,CAN,1866532.08798186
22654,SWZ,CHE,1500557.41630519
22655,SWZ,CHL,1872.98842597676
22656,SWZ,CHN,242001.585415544
22657,SWZ,CIV,370142.051544778
22658,SWZ,CMR,469867.223703355
22659,SWZ,COD,9695841.0296753
22660,SWZ,COG,6178233.51944961
22661,SWZ,COL,32414.7921968163
22662,SWZ,CRI,21097.2173601181
22663,SWZ,CYM,70.2835147187614
22664,SWZ,CYP,238.205666473264
22665,SWZ,CZE,78178.405968573
22666,SWZ,DEU,3116580.7483969
22667,SWZ,DMA,3137.42302904018
22668,SWZ,DNK,13456.8582292001
22669,SWZ,DOM,201129.865907343
22670,SWZ,ECU,214422.282327334
22671,SWZ,EGY,204804.513991536
22672,SWZ,ERI,233999.828294904
22673,SWZ,ESP,2088122.159037
22674,SWZ,EST,1146148.63757978
22675,SWZ,ETH,812080.364024372
22676,SWZ,FIN,17980.2332790796
22677,SWZ,FJI,169991.191641971
22678,SWZ,FRA,4033447.45282242
22679,SWZ,GAB,105727.036131269
22680,SWZ,GBR,26566897.4295538
22681,SWZ,GHA,79346.5937715462
22682,SWZ,GIN,1353.72271854722
22683,SWZ,GMB,68420.6852521357
22684,SWZ,GRC,108516.755485801
22685,SWZ,GRD,35225.5676487545
22686,SWZ,GTM,11916.8849218237
22687,SWZ,GUY,1689964.56929721
22688,SWZ,HKG,128950.457217473
22689,SWZ,HRV,100.024214552826
22690,SWZ,IDN,799634.080942184
22691,SWZ,IND,2856302.78650989
22692,SWZ,IRL,595347.601359997
22693,SWZ,IRN,19332155.5617649
22694,SWZ,ISR,18084377.9911509
22695,SWZ,ITA,8355044.76945441
22696,SWZ,JAM,19885.7140710328
22697,SWZ,JPN,716164.880141449
22698,SWZ,KEN,62740968.7621324
22699,SWZ,KGZ,23.5056904199141
22700,SWZ,KHM,149687.027269599
22701,SWZ,KOR,679480.993452748
22702,SWZ,KWT,76357.9852685545
22703,SWZ,LBN,7196.24211600306
22704,SWZ,LKA,3182522.17195224
22705,SWZ,LSO,1794572.9626197
22706,SWZ,LUX,44682.4110267273
22707,SWZ,MAR,211502.343948481
22708,SWZ,MDA,44744.3320169884
22709,SWZ,MDG,2300401.75214733
22710,SWZ,MEX,6733137.50443957
22711,SWZ,MKD,101.904669786419
22712,SWZ,MNE,34858.2572277104
22713,SWZ,MNG,7189.29043309164
22714,SWZ,MOZ,34622455.2231322
22715,SWZ,MRT,1053424.25672112
22716,SWZ,MUS,5514355.54328307
22717,SWZ,MWI,1215247.21644108
22718,SWZ,MYS,45362.771733147
22719,SWZ,NAM,9945807.49978516
22720,SWZ,NER,6585.02114740867
22721,SWZ,NGA,111651191.036612
22722,SWZ,NIC,487940.248946155
22723,SWZ,NLD,6330459.81644316
22724,SWZ,NOR,1210985.30668853
22725,SWZ,NZL,60788.032986949
22726,SWZ,PAK,4054139.19452219
22727,SWZ,PER,3429.360203208
22728,SWZ,PHL,401647.373570773
22729,SWZ,POL,391506.278544434
22730,SWZ,PRT,7992376.56072913
22731,SWZ,PSE,427.423473627136
22732,SWZ,PYF,1581.46885290469
22733,SWZ,ROU,107609.285799271
22734,SWZ,RUS,808986.284988345
22735,SWZ,RWA,1770563.32520081
22736,SWZ,SAU,1948080.22271765
22737,SWZ,SDN,11.9378900068798
22738,SWZ,SGP,1880193.0136131
22739,SWZ,SLV,197733.203619873
22740,SWZ,SRB,38232.2555285266
22741,SWZ,SVK,65717.8789381122
22742,SWZ,SVN,17629.2428088819
22743,SWZ,SWE,43874.5174462684
22744,SWZ,SYC,206432.384577693
22745,SWZ,TGO,12925.0834934985
22746,SWZ,THA,2387323.700313
22747,SWZ,TLS,2277.44133873184
22748,SWZ,TTO,9152.71775314063
22749,SWZ,TUN,6029.39463750489
22750,SWZ,TUR,4681.13324107225
22751,SWZ,TZA,14014417.967113
22752,SWZ,UGA,14752866.9359406
22753,SWZ,UKR,265632.341112124
22754,SWZ,URY,26.2963660059379
22755,SWZ,USA,12961744.143562
22756,SWZ,VCT,2125.69960404447
22757,SWZ,VNM,44365.7853758025
22758,SWZ,ZAF,569151383.068509
22759,SWZ,ZMB,7104551.12531463
22760,SWZ,ZWE,13111846.7114285
22761,SYC,AGO,217004.39092202
22762,SYC,ARE,56770046.115931
22763,SYC,ARG,9833.93066586835
22764,SYC,AUS,1817697.73532442
22765,SYC,AUT,55161.0372649534
22766,SYC,BEL,313487.513222772
22767,SYC,BGD,119556.325021056
22768,SYC,BGR,4580.34734212561
22769,SYC,BHR,17697.9794491226
22770,SYC,BIH,243.563963646859
22771,SYC,BRA,67975.9560890277
22772,SYC,BWA,8175.87827309129
22773,SYC,CAN,409793.424122963
22774,SYC,CHE,520217.360312244
22775,SYC,CHL,50891.2601078036
22776,SYC,CHN,156270.440527759
22777,SYC,CIV,1490886.73916086
22778,SYC,CMR,8023.96749748133
22779,SYC,COL,1641892.05056979
22780,SYC,CPV,381870.307802072
22781,SYC,CRI,70944.9648471778
22782,SYC,CUB,21950.6609676421
22783,SYC,CYP,601014.836323386
22784,SYC,CZE,112612.762075372
22785,SYC,DEU,21314181.7428546
22786,SYC,DNK,2233459.05669717
22787,SYC,ECU,666732.007090059
22788,SYC,ESP,16701306.2550908
22789,SYC,EST,25071.3094357807
22790,SYC,ETH,9766.76290543291
22791,SYC,FIN,1276297.8169922
22792,SYC,FRA,74256494.8647405
22793,SYC,GBR,43169878.951514
22794,SYC,GEO,203826.013609404
22795,SYC,GRC,401786.643786269
22796,SYC,GRD,29359.3320099071
22797,SYC,GTM,335147.134733572
22798,SYC,GUY,3155.76446926273
22799,SYC,HKG,3248167.96493929
22800,SYC,HUN,366934.83011846
22801,SYC,IDN,12605787.6961662
22802,SYC,IND,1770858.85324428
22803,SYC,IRL,151503.288462655
22804,SYC,IRN,112749.295128236
22805,SYC,ISL,534888.80807767
22806,SYC,ISR,3783916.0365334
22807,SYC,ITA,18954941.3326385
22808,SYC,JPN,43037179.9588251
22809,SYC,KAZ,1067.89852425179
22810,SYC,KEN,17572.443058406
22811,SYC,KOR,1759974.56680103
22812,SYC,KWT,10709.5926521711
22813,SYC,LBN,345.083540207249
22814,SYC,LKA,1058111.28338891
22815,SYC,LUX,896415.230891528
22816,SYC,LVA,312699.341916817
22817,SYC,MAR,1072070.89682857
22818,SYC,MDG,4925947.07629666
22819,SYC,MDV,30721.4742667143
22820,SYC,MEX,969586.266641327
22821,SYC,MKD,53606.3573973113
22822,SYC,MLT,1275285.01480605
22823,SYC,MNG,356.126213493881
22824,SYC,MOZ,22677.9880440052
22825,SYC,MUS,25684663.2597115
22826,SYC,MYS,2754703.2460913
22827,SYC,NAM,164619.957836587
22828,SYC,NGA,1785461.22478726
22829,SYC,NIC,257.012219293486
22830,SYC,NLD,10525128.0166978
22831,SYC,NOR,172681.327888737
22832,SYC,NZL,4822.96957779245
22833,SYC,OMN,9514.65637374217
22834,SYC,PER,112615.083137271
22835,SYC,PHL,802463.263350206
22836,SYC,POL,3891061.88864145
22837,SYC,PRT,1048291.13706005
22838,SYC,PYF,62256.6015081615
22839,SYC,QAT,39979232.5482917
22840,SYC,RUS,55036.9687295853
22841,SYC,RWA,13176.5048593196
22842,SYC,SAU,2684832.65033481
22843,SYC,SGP,379185.327303445
22844,SYC,SLV,49344.0055377288
22845,SYC,SRB,109492.506702396
22846,SYC,SVK,11149.9612596456
22847,SYC,SVN,19192.0711491626
22848,SYC,SWE,4289.71148298912
22849,SYC,SWZ,15139.2500142253
22850,SYC,THA,12731143.6241952
22851,SYC,TTO,2285.60531512364
22852,SYC,TUN,2896119.31607042
22853,SYC,TUR,4523911.17966954
22854,SYC,TZA,312.065546983362
22855,SYC,UGA,8123.96670598052
22856,SYC,UKR,194869.81543108
22857,SYC,USA,4392331.32590959
22858,SYC,VCT,337.826783441442
22859,SYC,ZAF,1702652.10728405
22860,SYC,ZMB,24239.9286693816
22861,SYC,ZWE,3749278.36120568
22862,SYR,AGO,100561.919724208
22863,SYR,ALB,5367.75746380729
22864,SYR,AND,494.189136720074
22865,SYR,ARE,23998339.0987095
22866,SYR,ARG,8177.7547273563
22867,SYR,ARM,180455.200841604
22868,SYR,AUS,767397.106292668
22869,SYR,AUT,643248.392014297
22870,SYR,AZE,227472.748174259
22871,SYR,BEL,457859.600815058
22872,SYR,BFA,477.889690837618
22873,SYR,BGR,244699.06894099
22874,SYR,BHR,2689059.45108793
22875,SYR,BIH,88486.9315276517
22876,SYR,BLR,290320.282739577
22877,SYR,BOL,15899.8991574245
22878,SYR,BRA,248136.070494068
22879,SYR,CAN,1310718.81736575
22880,SYR,CHE,80852.3027839854
22881,SYR,CHL,83838.4426893619
22882,SYR,CHN,665897.204995401
22883,SYR,CIV,103802.034113482
22884,SYR,COD,13051.9126971883
22885,SYR,COG,2913.88041229929
22886,SYR,COL,64720.7630494098
22887,SYR,CRI,101.424553556565
22888,SYR,CUB,10676.3896141503
22889,SYR,CYP,583927.445689822
22890,SYR,CZE,190888.211536904
22891,SYR,DEU,9230376.6663468
22892,SYR,DNK,335152.91013172
22893,SYR,DOM,203478.709531634
22894,SYR,ECU,179125.185362269
22895,SYR,EGY,43065777.6159435
22896,SYR,ESP,4367280.46392387
22897,SYR,EST,8669.84885690257
22898,SYR,ETH,50754.7120513068
22899,SYR,FIN,51773.4296695051
22900,SYR,FRA,3129327.78678801
22901,SYR,GAB,12509.4493739197
22902,SYR,GBR,1119358.97465311
22903,SYR,GEO,156000.365646166
22904,SYR,GMB,5950.35200231773
22905,SYR,GRC,1612035.09059066
22906,SYR,HKG,5901.0215600635
22907,SYR,HND,38433.5742651571
22908,SYR,HUN,45392.9890483635
22909,SYR,IDN,208801.048000097
22910,SYR,IND,7462220.34635044
22911,SYR,IRL,20420.5550490314
22912,SYR,IRN,8709665.99611068
22913,SYR,ISL,1633.16536795418
22914,SYR,ITA,2533400.38056485
22915,SYR,JOR,22393423.7437136
22916,SYR,JPN,233336.094613669
22917,SYR,KAZ,29093.4631465361
22918,SYR,KEN,6679.61204662699
22919,SYR,KGZ,10902.639386258
22920,SYR,KOR,32334.827838492
22921,SYR,KWT,18453982.9676769
22922,SYR,LBN,50634719.0025606
22923,SYR,LKA,1054176.23426504
22924,SYR,LTU,401.097100356832
22925,SYR,LUX,34888.1364610816
22926,SYR,MAR,1211415.21876461
22927,SYR,MDA,21221.1373595275
22928,SYR,MEX,105929.644180025
22929,SYR,MKD,18099.4066293875
22930,SYR,MLT,10038.906787904
22931,SYR,MNE,50.402201713169
22932,SYR,MOZ,24.9700449209675
22933,SYR,MRT,44162.6847077897
22934,SYR,MUS,23552.5822718175
22935,SYR,MYS,258804.086581097
22936,SYR,NAM,11.6918304390798
22937,SYR,NGA,19312.6168316941
22938,SYR,NIC,7299.19203883156
22939,SYR,NLD,5033641.06560154
22940,SYR,NOR,583344.863154217
22941,SYR,NZL,39170.4526537678
22942,SYR,OMN,1965102.33654855
22943,SYR,PAK,96425.3528155156
22944,SYR,PHL,39687.6078502703
22945,SYR,POL,690342.622911039
22946,SYR,PRT,581958.965146453
22947,SYR,PRY,27809.7323721222
22948,SYR,PYF,5420.28017886898
22949,SYR,QAT,4233521.63166175
22950,SYR,ROU,1437764.16388086
22951,SYR,RUS,4079491.78155159
22952,SYR,RWA,15228.9367262041
22953,SYR,SAU,102476983.508078
22954,SYR,SEN,21284.8787904935
22955,SYR,SGP,36437.3009935333
22956,SYR,SRB,8921038.16654586
22957,SYR,SVK,16365.9194748422
22958,SYR,SVN,60595.6544146153
22959,SYR,SWE,2886975.82805167
22960,SYR,SWZ,371.744994596305
22961,SYR,SYC,170.251715711438
22962,SYR,TGO,3649.33945730545
22963,SYR,THA,25759.9066361478
22964,SYR,TTO,34254.8896603216
22965,SYR,TUN,657724.43647514
22966,SYR,TUR,122834976.739713
22967,SYR,TZA,94825.8110874044
22968,SYR,UGA,1408.84106197655
22969,SYR,UKR,5083028.75471449
22970,SYR,URY,623.545952311589
22971,SYR,USA,5194257.46172825
22972,SYR,UZB,10752.6030644288
22973,SYR,VCT,10593.3195039641
22974,SYR,ZAF,243805.584140017
22975,SYR,ZMB,15773.6730997485
22976,TCA,AGO,13120884.9979793
22977,TCA,ARM,6108.22372099397
22978,TCA,AUT,49.6660234940602
22979,TCA,BEL,31.9092248055698
22980,TCA,BEN,370.202121086828
22981,TCA,BFA,511853.459521363
22982,TCA,BHS,25265882.5393818
22983,TCA,BLZ,104.777865349449
22984,TCA,BMU,15151.5980035119
22985,TCA,BRA,1160.28088881278
22986,TCA,BRB,17329.9453528862
22987,TCA,CAF,522122.540531433
22988,TCA,CAN,32149.9100723218
22989,TCA,CHE,3079.45299525394
22990,TCA,CMR,25194.3942329987
22991,TCA,CPV,27228.1480781787
22992,TCA,CRI,43.2504703726419
22993,TCA,CZE,9840.88234877978
22994,TCA,DEU,16813.6788715301
22995,TCA,DNK,18304.7548415012
22996,TCA,DOM,2042.36442968979
22997,TCA,ETH,8523.77349396962
22998,TCA,FRA,548.957895519547
22999,TCA,GAB,7813430.27617641
23000,TCA,GBR,167789.845724945
23001,TCA,GUY,19012.5571911835
23002,TCA,IND,3104.44754610748
23003,TCA,IRL,274938.310965592
23004,TCA,ITA,15740.4160486518
23005,TCA,KAZ,2951.79459082553
23006,TCA,KOR,2158.02242897722
23007,TCA,LCA,4512.46740928255
23008,TCA,LUX,28424.7177520313
23009,TCA,MDG,5452.14239229371
23010,TCA,MEX,4204.01773765527
23011,TCA,MOZ,41148.2099429147
23012,TCA,MUS,1438.26318468727
23013,TCA,NER,4891.5051693619
23014,TCA,NGA,143.959850795155
23015,TCA,NLD,4517.90772631208
23016,TCA,PAK,4169.64091547669
23017,TCA,POL,30244.8218754107
23018,TCA,RWA,26651.5019797077
23019,TCA,SVK,190925.447051135
23020,TCA,SVN,6780.70652027553
23021,TCA,SWE,48978.7311095719
23022,TCA,SYC,1444.46668647383
23023,TCA,TGO,10527.9031675255
23024,TCA,THA,6176.31870589831
23025,TCA,TTO,6809.40396755181
23026,TCA,TUN,1.96547581596303
23027,TCA,TUR,4663.12888245274
23028,TCA,UGA,5174.25261881768
23029,TCA,UKR,72.2824986465996
23030,TCA,USA,2479407.73215154
23031,TCA,VCT,593.13859108753
23032,TCA,ZAF,683.647502109946
23033,TCD,AGO,2761683.28086633
23034,TCD,ARE,108267069.058486
23035,TCD,ARG,47.1614171616574
23036,TCD,AUT,57632.3405351208
23037,TCD,BEL,5996.94128097215
23038,TCD,BEN,22980.6698193003
23039,TCD,BFA,807.792556002185
23040,TCD,BGR,58866.7458684911
23041,TCD,BOL,3985.15975500296
23042,TCD,BRN,1672.98000655693
23043,TCD,CAF,7736848.04962197
23044,TCD,CAN,51054.2735712289
23045,TCD,CHL,3275.62798665104
23046,TCD,CHN,210786710.20292
23047,TCD,CIV,14044.4249714159
23048,TCD,CMR,1613575.55501693
23049,TCD,COG,17416.1512221986
23050,TCD,CZE,38467.3124327258
23051,TCD,DEU,134646876.790574
23052,TCD,DNK,11145.8202571631
23053,TCD,DOM,59974.0639356982
23054,TCD,ESP,4485.39385512954
23055,TCD,EST,6630.83023718957
23056,TCD,ETH,0.0100024214552826
23057,TCD,FIN,685.483446568063
23058,TCD,FRA,163744407.494812
23059,TCD,GAB,14391.1244028093
23060,TCD,GBR,575682.317652269
23061,TCD,HKG,20902.9848389676
23062,TCD,HRV,343.083055916193
23063,TCD,IDN,1405253.19340054
23064,TCD,IND,57934369.1302895
23065,TCD,IRL,49747.8257973268
23066,TCD,ISR,1500.36321829239
23067,TCD,ITA,8769.6195100715
23068,TCD,JPN,37831.4489985131
23069,TCD,KOR,10790.6122659589
23070,TCD,KWT,857.707639790482
23071,TCD,LUX,14.5265166795069
23072,TCD,MAR,10215.7571010494
23073,TCD,MEX,6781.6417466816
23074,TCD,MOZ,2804.07933089499
23075,TCD,MUS,278525.58689813
23076,TCD,MYS,119.453918229712
23077,TCD,NLD,4314238.65069531
23078,TCD,PAK,328403.80976288
23079,TCD,POL,855.707155499426
23080,TCD,PRT,748.89079665739
23081,TCD,RUS,150364.276222704
23082,TCD,SEN,75182.5912210439
23083,TCD,SLV,38.2542608557283
23084,TCD,SVK,2716.79970163942
23085,TCD,SVN,1615.58611224652
23086,TCD,SWE,10045.5268905441
23087,TCD,THA,150453.538832013
23088,TCD,TUN,9392.51380462528
23089,TCD,TZA,55.6634753986476
23090,TCD,UKR,72.2424889607785
23091,TCD,USA,1810697.34612184
23092,TCD,ZAF,12015.8568816394
23093,TGO,AGO,48207223.808755
23094,TGO,ALB,531.996789457824
23095,TGO,ARE,26396686.9203179
23096,TGO,AUS,5835980.95208382
23097,TGO,AUT,186871.386616179
23098,TGO,BEL,5711879.32620493
23099,TGO,BEN,66816454.5788923
23100,TGO,BFA,70827719.676657
23101,TGO,BGD,1760424.05961736
23102,TGO,BHR,528.813018708608
23103,TGO,BIH,325890.553836524
23104,TGO,BMU,14.9986309721962
23105,TGO,BRA,15578750.9116387
23106,TGO,BRB,30794.0828443004
23107,TGO,BRN,43.3254885335565
23108,TGO,BWA,431.691506862105
23109,TGO,CAF,603273.349079756
23110,TGO,CAN,706945.629781636
23111,TGO,CHE,720415.787730524
23112,TGO,CHN,82119856.6421797
23113,TGO,CIV,62370328.3699458
23114,TGO,CMR,100906810.297701
23115,TGO,COD,6479469.62526704
23116,TGO,COG,12773119.374975
23117,TGO,COL,359765.563532879
23118,TGO,CZE,18733.5351435988
23119,TGO,DEU,2605694.51952942
23120,TGO,DNK,36161.23066052
23121,TGO,DZA,22834.4384185926
23122,TGO,EGY,262687.063098876
23123,TGO,ESP,4688744.33961957
23124,TGO,FIN,4409.94408972912
23125,TGO,FRA,27873595.8641375
23126,TGO,GAB,51919770.9993251
23127,TGO,GBR,991454.096056535
23128,TGO,GHA,39720793.4185619
23129,TGO,GIN,2519749.67840857
23130,TGO,GMB,12436732.2670601
23131,TGO,GNB,338434.387034317
23132,TGO,GNQ,281693.633340698
23133,TGO,GRC,460526.697484244
23134,TGO,HKG,1140110.62435582
23135,TGO,HRV,517.12518923811
23136,TGO,IDN,283091.532753844
23137,TGO,IND,127997401.872251
23138,TGO,IRL,147024.224639944
23139,TGO,ISL,1234.87194633126
23140,TGO,ITA,4692795.22578607
23141,TGO,JPN,2480391.12271752
23142,TGO,KEN,260646.171525746
23143,TGO,KOR,24322380.1298007
23144,TGO,KWT,6651.61026776292
23145,TGO,LAO,15310.6300030769
23146,TGO,LBN,179903.927885638
23147,TGO,LBR,348385.639102161
23148,TGO,LUX,41212.7615700185
23149,TGO,MAR,2384332.08258151
23150,TGO,MDG,77976.8336705587
23151,TGO,MLI,63560665.0793793
23152,TGO,MOZ,133304.245712667
23153,TGO,MRT,50944.7790640422
23154,TGO,MUS,1051.66109338236
23155,TGO,MYS,11470298.9997186
23156,TGO,NER,41679699.6796217
23157,TGO,NGA,19605622.8806225
23158,TGO,NLD,8778101.79352128
23159,TGO,NOR,87028.3304194194
23160,TGO,NZL,4572688.59554333
23161,TGO,PAK,3980455.83174473
23162,TGO,PAN,99715.0587102439
23163,TGO,PHL,6534310.87111468
23164,TGO,POL,182020.564795723
23165,TGO,PRT,306972.596546738
23166,TGO,RUS,618392.209657965
23167,TGO,RWA,54458.884282909
23168,TGO,SAU,803187.4441649
23169,TGO,SEN,24294835.0845059
23170,TGO,SGP,9152288.23465982
23171,TGO,SLV,65.5208617428286
23172,TGO,SRB,1438036.12972023
23173,TGO,STP,5350585.88829367
23174,TGO,SVK,1479.50216810525
23175,TGO,SVN,109731.78462845
23176,TGO,SWE,1375.10339452896
23177,TGO,TCD,507650.98115637
23178,TGO,THA,808262.953879353
23179,TGO,TUN,7698.36867426897
23180,TGO,TUR,5441888.40993883
23181,TGO,TZA,42520.3866289258
23182,TGO,UGA,197799.151084891
23183,TGO,UKR,161330.038890282
23184,TGO,USA,10723885.1121885
23185,TGO,VNM,20929196.8505524
23186,TGO,ZAF,19712224.6950262
23187,TGO,ZMB,173539.124550079
23188,THA,ABW,709930.842962664
23189,THA,AFG,7773403.23215309
23190,THA,AGO,125935276.506197
23191,THA,AIA,219538.180819382
23192,THA,ALB,8344372.26878172
23193,THA,AND,645583.224246613
23194,THA,ARE,1506705781.74946
23195,THA,ARG,499769737.32542
23196,THA,ARM,10439164.8551419
23197,THA,ATG,1636959.00984521
23198,THA,AUS,4995351767.16217
23199,THA,AUT,337618184.112775
23200,THA,AZE,22764870.0169934
23201,THA,BDI,1989572.55196734
23202,THA,BEL,723215236.782989
23203,THA,BEN,116712461.836011
23204,THA,BFA,9670195.30518116
23205,THA,BGD,429720116.698356
23206,THA,BGR,30366707.3392858
23207,THA,BHR,89494091.4778899
23208,THA,BHS,4097600.37840581
23209,THA,BIH,10639004.4536924
23210,THA,BLR,18790498.9337866
23211,THA,BLZ,1815649.48496982
23212,THA,BMU,1060536.8060762
23213,THA,BOL,25129345.1054566
23214,THA,BRA,774065149.53864
23215,THA,BRB,7190010.14782515
23216,THA,BRN,63696814.2298061
23217,THA,BTN,25832623.0668437
23218,THA,BWA,4035891.42147524
23219,THA,CAF,417876.971543964
23220,THA,CAN,1318049267.38873
23221,THA,CHE,4081302181.21865
23222,THA,CHL,246475833.575446
23223,THA,CHN,24075580618.3701
23224,THA,CIV,58988973.5132037
23225,THA,CMR,80913223.747153
23226,THA,COD,23867340.7107148
23227,THA,COG,13700634.150159
23228,THA,COK,546630.548099206
23229,THA,COL,124295732.21949
23230,THA,COM,603006.359945182
23231,THA,CPV,3954300.61140831
23232,THA,CRI,53824859.5538227
23233,THA,CUB,10033507.7008557
23234,THA,CYM,1379287.53445445
23235,THA,CYP,11048710.6316942
23236,THA,CZE,659966099.152327
23237,THA,DEU,3240003678.68847
23238,THA,DJI,12495703.6927702
23239,THA,DMA,910348.493451979
23240,THA,DNK,184177955.441254
23241,THA,DOM,45750771.1177184
23242,THA,DZA,24019886.8206308
23243,THA,ECU,100580717.536913
23244,THA,EGY,451696489.230931
23245,THA,ERI,3012445.88971095
23246,THA,ESP,586053229.600776
23247,THA,EST,28241791.307934
23248,THA,ETH,88920854.1596399
23249,THA,FIN,150105864.0495
23250,THA,FJI,19769262.3010838
23251,THA,FRA,921848639.111184
23252,THA,FRO,456073.239360337
23253,THA,FSM,1479273.77231362
23254,THA,GAB,33265219.0870326
23255,THA,GBR,1663965870.53961
23256,THA,GEO,16681774.7347654
23257,THA,GHA,57048310.9286992
23258,THA,GIB,116897.470347149
23259,THA,GIN,11601882.1292716
23260,THA,GMB,6889542.39801665
23261,THA,GNB,503969.832998594
23262,THA,GNQ,5457370.88504335
23263,THA,GRC,75064173.954774
23264,THA,GRD,1440499.397045
23265,THA,GRL,52724.8945066856
23266,THA,GTM,46122024.03819
23267,THA,GUY,4552548.38436188
23268,THA,HKG,6051101669.51315
23269,THA,HND,35706045.4161316
23270,THA,HRV,11001933.9241657
23271,THA,HTI,1647843.53884718
23272,THA,HUN,276846039.067589
23273,THA,IDN,3814984301.8967
23274,THA,IND,2752696211.30045
23275,THA,IRL,238379458.944646
23276,THA,IRN,94504170.722483
23277,THA,IRQ,108393973.901487
23278,THA,ISL,10731650.7331437
23279,THA,ISR,297592454.272098
23280,THA,ITA,749953896.797016
23281,THA,JAM,34264441.6827412
23282,THA,JOR,76259995.1629329
23283,THA,JPN,11892487436.3689
23284,THA,KAZ,15037959.7341746
23285,THA,KEN,72210898.5121445
23286,THA,KGZ,1410239.90061707
23287,THA,KHM,3042748280.19497
23288,THA,KIR,1341105.17150427
23289,THA,KNA,765092.086777621
23290,THA,KOR,2598895790.64616
23291,THA,KWT,180494198.782495
23292,THA,LAO,1680145970.77305
23293,THA,LBN,33059292.4758961
23294,THA,LBR,2902699.80061958
23295,THA,LBY,95185172.4405833
23296,THA,LCA,3110432.24492471
23297,THA,LKA,183459648.275493
23298,THA,LSO,1310775.71013874
23299,THA,LTU,15616602.3749824
23300,THA,LUX,14292616.3878085
23301,THA,LVA,24227303.2904427
23302,THA,MAC,69877881.245208
23303,THA,MAR,73230216.188609
23304,THA,MDA,5109010.32451239
23305,THA,MDG,11829053.7955579
23306,THA,MDV,30093962.2202633
23307,THA,MEX,2652286839.9202
23308,THA,MHL,1161389.36866124
23309,THA,MKD,13585219.523789
23310,THA,MLI,9262735.58751797
23311,THA,MLT,12382114.9404204
23312,THA,MMR,1899839713.7925
23313,THA,MNE,2543141.45175065
23314,THA,MNG,17107317.5676141
23315,THA,MNP,1208520.49198916
23316,THA,MOZ,69972771.4908942
23317,THA,MRT,13988774.2576067
23318,THA,MSR,33829.682723289
23319,THA,MUS,36474796.2926543
23320,THA,MWI,4025468.70727258
23321,THA,MYS,4368273256.02634
23322,THA,NAM,9823984.56204684
23323,THA,NCL,21099504.505306
23324,THA,NER,89226243.8209788
23325,THA,NGA,162106687.499242
23326,THA,NIC,16520436.0812897
23327,THA,NLD,2161527551.66703
23328,THA,NOR,188581325.703045
23329,THA,NPL,34303069.3229872
23330,THA,NZL,730221406.319909
23331,THA,OMN,182790135.675758
23332,THA,PAK,490277523.960836
23333,THA,PAN,64562680.779762
23334,THA,PER,176684842.158128
23335,THA,PHL,2587192518.43718
23336,THA,PLW,386061.061328635
23337,THA,PNG,63948755.5955124
23338,THA,POL,498780632.261033
23339,THA,PRK,618817.458605168
23340,THA,PRT,86119370.9747379
23341,THA,PRY,15738910.1841017
23342,THA,PSE,11994282.4682564
23343,THA,PYF,20595856.6457529
23344,THA,QAT,162509442.527962
23345,THA,ROU,101444695.6377
23346,THA,RUS,710527147.100089
23347,THA,RWA,9276903.60190877
23348,THA,SAU,1137655395.70911
23349,THA,SDN,29417352.874999
23350,THA,SEN,57507902.3182576
23351,THA,SGP,4890965766.62606
23352,THA,SHN,3980.21105698796
23353,THA,SLB,4758218.28385191
23354,THA,SLE,5899416.95811037
23355,THA,SLV,38586376.8616652
23356,THA,SMR,5726.45980094698
23357,THA,SOM,6845600.27370364
23358,THA,SRB,32123342.6406944
23359,THA,STP,782589.446659373
23360,THA,SUR,7685620.40007869
23361,THA,SVK,136803190.404869
23362,THA,SVN,40176473.0881441
23363,THA,SWE,202063492.79719
23364,THA,SWZ,2705711.87742234
23365,THA,SYC,7859373.8230076
23366,THA,SYR,18980086.5569681
23367,THA,TCA,120690.268033814
23368,THA,TCD,8275.28683860354
23369,THA,TGO,43519410.7160781
23370,THA,THA,1354114641.11854
23371,THA,TJK,988714.854922119
23372,THA,TKM,652313.773124379
23373,THA,TLS,1804602.1340508
23374,THA,TON,1384296.03744746
23375,THA,TTO,42934525.8146008
23376,THA,TUN,59674256.7613064
23377,THA,TUR,605433537.032978
23378,THA,TUV,26832.7508576882
23379,THA,TZA,49642691.2841376
23380,THA,UGA,23938149.6126229
23381,THA,UKR,97049577.0720358
23382,THA,URY,14438461.3909744
23383,THA,USA,19615336453.6514
23384,THA,UZB,54016127.5523011
23385,THA,VAT,4779.27700039149
23386,THA,VCT,718074.926538676
23387,THA,VEN,3899871.73939097
23388,THA,VGB,368693.221802065
23389,THA,VNM,5584908126.72134
23390,THA,VUT,4095218.35274859
23391,THA,WLF,308958.232743265
23392,THA,WSM,5439570.3022553
23393,THA,YEM,112969654.717408
23394,THA,ZAF,1071861910.94082
23395,THA,ZMB,6549721.05171765
23396,THA,ZWE,18071967.9918526
23397,TJK,AFG,34705988.8655334
23398,TJK,AND,9.99992084991877
23399,TJK,ARE,1725462.21181172
23400,TJK,ARG,3856.29855939456
23401,TJK,ARM,44081.1714745031
23402,TJK,AUS,5014.16136282052
23403,TJK,AUT,43814.3938911429
23404,TJK,AZE,33188.3694697464
23405,TJK,BEL,16063073.6598352
23406,TJK,BGD,2003045.91119122
23407,TJK,BGR,66.4365834270597
23408,TJK,BIH,240.403198466989
23409,TJK,BLR,1052604.82184666
23410,TJK,BRA,278431.404597828
23411,TJK,CAN,38090.6422458049
23412,TJK,CHE,389167532.830716
23413,TJK,CHL,304.788785374643
23414,TJK,CHN,22652213.3042781
23415,TJK,COL,1817.12990335973
23416,TJK,CZE,384321.039092032
23417,TJK,DEU,2102048.19684844
23418,TJK,DNK,3189.4016123747
23419,TJK,ESP,355404.032163236
23420,TJK,EST,12583.2262343317
23421,TJK,FRA,13261362.407221
23422,TJK,GBR,685224.383852371
23423,TJK,GEO,6634554.13869738
23424,TJK,GRC,944277.577238964
23425,TJK,HKG,2817.98969841286
23426,TJK,HRV,2366867.98775279
23427,TJK,HUN,9221.73246069779
23428,TJK,IDN,1786.43247191347
23429,TJK,IND,180792.086397186
23430,TJK,IRL,808.870817035065
23431,TJK,ISR,188045.523359313
23432,TJK,ITA,22935728.7971672
23433,TJK,JPN,747392.934044462
23434,TJK,KAZ,76125240.9241959
23435,TJK,KGZ,4907354.0061578
23436,TJK,KOR,170710.326735162
23437,TJK,KWT,10911.141444495
23438,TJK,LBN,1272.30800911195
23439,TJK,LTU,15794.323598964
23440,TJK,LUX,1358.82245312619
23441,TJK,LVA,5048280.62264664
23442,TJK,MAR,54544.984626675
23443,TJK,MDA,385.593347101144
23444,TJK,MEX,26797.4873208476
23445,TJK,MKD,592.35340100329
23446,TJK,MNE,1729.49268753713
23447,TJK,MYS,312.197578946571
23448,TJK,NLD,650262.420018649
23449,TJK,NOR,6801.16147215158
23450,TJK,NZL,1154.25643037026
23451,TJK,PAK,7123095.40814272
23452,TJK,POL,798715.858652589
23453,TJK,PRT,66472.4821176627
23454,TJK,RUS,21284595.57193
23455,TJK,SRB,2147378.35218558
23456,TJK,SVK,31286.6115790589
23457,TJK,SVN,39513.3406624656
23458,TJK,SWE,22914.6613395115
23459,TJK,SYC,36.4818317738522
23460,TJK,THA,4237.55685703698
23461,TJK,TUN,144949.21530735
23462,TJK,TUR,101540730.181405
23463,TJK,UKR,435107.063723704
23464,TJK,USA,436527.677635734
23465,TJK,VNM,727668.659055717
23466,TJK,ZAF,5099.76558648234
23467,TKL,ALB,321.140743969739
23468,TKL,AUT,13340.1269700905
23469,TKL,BEL,2178.54689768239
23470,TKL,BFA,66363.4762287641
23471,TKL,BIH,62.3450929307764
23472,TKL,BMU,28.9520089023155
23473,TKL,BRA,369790.02132287
23474,TKL,BRB,237.807570099344
23475,TKL,COL,13803.3916203973
23476,TKL,CZE,21631.7367602669
23477,TKL,DEU,466811.324910265
23478,TKL,DNK,494.528718928481
23479,TKL,ESP,52914.3818790977
23480,TKL,EST,4759.88230518969
23481,TKL,FIN,7055.33950532571
23482,TKL,FRA,50143.6926315047
23483,TKL,GRD,19305.2305435705
23484,TKL,HKG,4518.49286796721
23485,TKL,IDN,11882.8766888757
23486,TKL,IND,18610.7069084911
23487,TKL,IRL,310388.663531832
23488,TKL,ITA,17494.6827336494
23489,TKL,JPN,6188.13056539486
23490,TKL,KOR,21179.1271894154
23491,TKL,LBN,1776.43005045819
23492,TKL,LKA,6038.15125736791
23493,TKL,LUX,5024.52587193249
23494,TKL,MDG,8057.28256262244
23495,TKL,MEX,5468.82393067576
23496,TKL,MKD,84.4454431362233
23497,TKL,MOZ,25682.2553377851
23498,TKL,MUS,24765.2663467556
23499,TKL,MWI,14404.2320760053
23500,TKL,MYS,6199983.16425387
23501,TKL,NGA,415361.340042512
23502,TKL,NIC,1302.40029406016
23503,TKL,NLD,5141.12659944208
23504,TKL,NZL,138387.541812103
23505,TKL,PER,49379.0240152438
23506,TKL,POL,122845.739345199
23507,TKL,RWA,64245.7830629736
23508,TKL,SVK,1574.89826225072
23509,TKL,SVN,4829.95426869467
23510,TKL,SWE,39041.8045097364
23511,TKL,SWZ,453.149701610123
23512,TKL,SYC,39582.9640173683
23513,TKL,THA,206853.977639854
23514,TKL,TTO,33.1140164698585
23515,TKL,TUR,6974.68848076855
23516,TKL,TZA,7870.70039352204
23517,TKL,UKR,3119.4401756268
23518,TKL,USA,1313539.99083491
23519,TKL,ZAF,1721832.06750131
23520,TKL,ZMB,38131.8482212321
23521,TKL,ZWE,41852.6919887949
23522,TKM,AGO,162.700387633772
23523,TKM,ARE,9607531.29704518
23524,TKM,ARM,1575187.83235185
23525,TKM,AUT,8265.07886738736
23526,TKM,AZE,44941589.4704354
23527,TKM,BEL,184388.79611352
23528,TKM,BGR,6135927.78778584
23529,TKM,BHR,60.8897406090328
23530,TKM,BIH,2923.87283133311
23531,TKM,BLR,2574273.1978388
23532,TKM,BOL,114321.640772532
23533,TKM,BRA,23953039.7173223
23534,TKM,CAN,4646434.11886905
23535,TKM,CHE,70141.1387514037
23536,TKM,CHL,59782.1524764464
23537,TKM,CHN,4252763596.88961
23538,TKM,COL,917.037002652491
23539,TKM,CZE,95794.6906404597
23540,TKM,DEU,570998.760324357
23541,TKM,DNK,4987.63994233184
23542,TKM,DOM,6948.12204938332
23543,TKM,EGY,109033.666123099
23544,TKM,ESP,756045.306170476
23545,TKM,EST,31949.9446633142
23546,TKM,ETH,9276.28066610417
23547,TKM,FIN,59.9800203776748
23548,TKM,FRA,3061047.34198625
23549,TKM,GBR,884315.733761679
23550,TKM,GEO,36877890.8095595
23551,TKM,GRC,18823206.8184373
23552,TKM,HKG,166.14322109868
23553,TKM,HRV,155.03753255688
23554,TKM,HUN,277567.195384092
23555,TKM,IDN,1739.92121214641
23556,TKM,IND,343154.758274395
23557,TKM,IRL,232189.271982924
23558,TKM,ISR,457110.660506414
23559,TKM,ITA,58966621.0884743
23560,TKM,JPN,38993.1872401319
23561,TKM,KAZ,25016701.6059401
23562,TKM,KGZ,3581416.01392906
23563,TKM,KOR,2402.58163355888
23564,TKM,LBN,370.089593845456
23565,TKM,LTU,339453.177170071
23566,TKM,LVA,7410.64902110777
23567,TKM,MAR,17348981.3267463
23568,TKM,MDA,860779.383419399
23569,TKM,MEX,6916.17431525515
23570,TKM,MNE,5373.66039282913
23571,TKM,MYS,40998.3231572862
23572,TKM,NGA,11.2772300697584
23573,TKM,NLD,189515.636254398
23574,TKM,NOR,967.748779309701
23575,TKM,PAK,2332046.10283034
23576,TKM,PER,4345094.73054827
23577,TKM,POL,1738628.89929438
23578,TKM,PRT,1177184.32191263
23579,TKM,ROU,46370139.4786898
23580,TKM,RUS,160389084.087443
23581,TKM,SRB,2985619.27933979
23582,TKM,SVK,30823.91006508
23583,TKM,SVN,276.221869698356
23584,TKM,SWE,760.202034960096
23585,TKM,THA,177.423952015948
23586,TKM,TUN,21788.0245955057
23587,TKM,TUR,159732048.537739
23588,TKM,UKR,14650351.7883655
23589,TKM,USA,7507241.40485929
23590,TKM,ZAF,2516.12962204032
23591,TLS,AGO,38482.8146856183
23592,TLS,AUS,510298.106490757
23593,TLS,BEL,148.703999291395
23594,TLS,BOL,1771.33381672672
23595,TLS,CAN,2407115.59017042
23596,TLS,CHN,637382.191884045
23597,TLS,CIV,586.0768815401
23598,TLS,CPV,56.1160849694992
23599,TLS,CZE,2001.48453320205
23600,TLS,DEU,133279.066117017
23601,TLS,DNK,4764.41790319859
23602,TLS,DOM,33.4130888713715
23603,TLS,ESP,3309.49268485111
23604,TLS,FIN,51.9825843031036
23605,TLS,FJI,27199.6696839323
23606,TLS,FRA,33464.1642360486
23607,TLS,GBR,299249.550398375
23608,TLS,IDN,1234729.91194659
23609,TLS,IND,19970.3480598134
23610,TLS,JPN,35594811.4978563
23611,TLS,KOR,13841944.9536545
23612,TLS,MAC,115443.94746829
23613,TLS,MNE,122.547167064758
23614,TLS,MOZ,2646.39715810534
23615,TLS,MYS,27513969.3817744
23616,TLS,NGA,243.09735068597
23617,TLS,NLD,54960.9283211979
23618,TLS,NZL,200875.074225613
23619,TLS,POL,1885.95656539353
23620,TLS,PRT,216426.577540965
23621,TLS,SAU,14317.1990064386
23622,TLS,SEN,121270.014382815
23623,TLS,SRB,1610.3898543005
23624,TLS,SVN,2435.77466915823
23625,TLS,THA,13814277.3806973
23626,TLS,UKR,1439.40346073317
23627,TLS,USA,2316502.29487793
23628,TLS,VNM,263592.812368917
23629,TLS,ZAF,333.791806626381
23630,TLS,ZMB,10.4775364744085
23631,TON,AGO,574.623608852729
23632,TON,ARE,533.381624708308
23633,TON,AUS,807123.345495083
23634,TON,BRA,27982.7742632986
23635,TON,CAN,17722.258326721
23636,TON,CHN,118814.263377647
23637,TON,CZE,276.066832165799
23638,TON,DEU,281.732703799144
23639,TON,DNK,1974.82858014479
23640,TON,FJI,100639.21643673
23641,TON,FRA,662.633914995615
23642,TON,GBR,14934.9025443782
23643,TON,HKG,208064.062085456
23644,TON,IDN,54231.6287673239
23645,TON,IND,146.263408456306
23646,TON,ISR,24505.9325654423
23647,TON,ITA,10815.7878606407
23648,TON,JPN,279730.680135426
23649,TON,KOR,699453.828614656
23650,TON,LUX,113.081875641625
23651,TON,MYS,187733.647358216
23652,TON,NZL,1090788.96172702
23653,TON,PAK,335.729275662269
23654,TON,PER,10.7976139609776
23655,TON,PHL,1701.41188954357
23656,TON,PNG,2074.63974312062
23657,TON,POL,1447.85050565216
23658,TON,SGP,40425.8870780057
23659,TON,SVK,887.701400887365
23660,TON,SVN,95.1680389362862
23661,TON,THA,424.892360877876
23662,TON,USA,1906857.12514542
23663,TON,ZAF,357.520050923675
23664,TTO,ABW,4471208.05793376
23665,TTO,AGO,95902.2636824848
23666,TTO,AIA,1683092.81523551
23667,TTO,ALB,48.6447762634758
23668,TTO,ARE,304319.812842533
23669,TTO,ARG,37626366.2656684
23670,TTO,ARM,3967.43046297347
23671,TTO,ATG,10914352.3683176
23672,TTO,AUS,2142698.48675143
23673,TTO,AUT,1608246.28687089
23674,TTO,AZE,121954.77415419
23675,TTO,BEL,40524934.1044941
23676,TTO,BEN,64735.9117167039
23677,TTO,BFA,994676.487655354
23678,TTO,BGR,46662.490378015
23679,TTO,BHR,11304.32162827
23680,TTO,BHS,18411634.2586088
23681,TTO,BIH,2115.43711963135
23682,TTO,BLZ,6759905.28206809
23683,TTO,BMU,312940.358763841
23684,TTO,BOL,69543.5730885801
23685,TTO,BRA,104516721.129852
23686,TTO,BRB,103914658.878463
23687,TTO,BRN,5707.38268262639
23688,TTO,BWA,408.863480495786
23689,TTO,CAN,114814669.875923
23690,TTO,CHE,24225578.8679826
23691,TTO,CHL,82380442.8711941
23692,TTO,CHN,167455580.803784
23693,TTO,CIV,1856610.59111736
23694,TTO,CMR,2273138.08697092
23695,TTO,COL,56045930.1959469
23696,TTO,CPV,161836.228432143
23697,TTO,CRI,6821465.85957795
23698,TTO,CUB,9805154.74459455
23699,TTO,CYM,2664661.28561149
23700,TTO,CYP,4119.09717949992
23701,TTO,CZE,218636.429017076
23702,TTO,DEU,21909934.278744
23703,TTO,DMA,14221639.643768
23704,TTO,DNK,201403.426632813
23705,TTO,DOM,118475985.805075
23706,TTO,DZA,14931.2921703539
23707,TTO,ECU,2377774.9501856
23708,TTO,EGY,311472.06130825
23709,TTO,ESP,289277982.304288
23710,TTO,EST,57126.0394662605
23711,TTO,FIN,77331.1123498807
23712,TTO,FRA,105140284.386853
23713,TTO,GAB,37258.4117737032
23714,TTO,GBR,109630340.556668
23715,TTO,GHA,452529.081366087
23716,TTO,GIB,100.527336352027
23717,TTO,GRC,539010.637918711
23718,TTO,GRD,47056944.3601599
23719,TTO,GTM,1691454.47898483
23720,TTO,GUY,257484027.701125
23721,TTO,HKG,14805710.9212776
23722,TTO,HND,2806017.62513065
23723,TTO,HRV,101.024456698354
23724,TTO,HTI,620305.523846281
23725,TTO,HUN,1018.24650414777
23726,TTO,IDN,315329.358109305
23727,TTO,IND,89804076.7042548
23728,TTO,IRL,2321792.75212837
23729,TTO,ISL,4871.81240200074
23730,TTO,ISR,2717308.37528265
23731,TTO,ITA,7061613.29162724
23732,TTO,JAM,71460426.2506351
23733,TTO,JPN,13941507.270888
23734,TTO,KAZ,11568.9206842373
23735,TTO,KNA,10589870.9591166
23736,TTO,KOR,60200380.2239086
23737,TTO,KWT,78261.9566951101
23738,TTO,LBN,33958.7209617572
23739,TTO,LBR,2165442.9953992
23740,TTO,LCA,37579044.7397465
23741,TTO,LTU,393.095163192606
23742,TTO,LUX,97038.1741715429
23743,TTO,MAC,1515.50038280174
23744,TTO,MAR,93597929.1802702
23745,TTO,MDV,350.630883146349
23746,TTO,MEX,83523055.3382133
23747,TTO,MKD,98.753907028005
23748,TTO,MNG,799.293498491632
23749,TTO,MSR,935889.104499536
23750,TTO,MUS,10872.2965406524
23751,TTO,MYS,1149578.52341023
23752,TTO,NAM,546.545311464533
23753,TTO,NER,4027.1634235412
23754,TTO,NGA,15890.0912830665
23755,TTO,NIC,2227470.95505616
23756,TTO,NLD,127569820.143812
23757,TTO,NOR,7490159.93215838
23758,TTO,NZL,541579.174727845
23759,TTO,PAK,720134.322591499
23760,TTO,PAN,41701404.1554911
23761,TTO,PER,6993758.1222791
23762,TTO,PHL,1712.44456040875
23763,TTO,POL,4440406.96439226
23764,TTO,PRK,46697.0777511653
23765,TTO,PRT,12833655.5199831
23766,TTO,PRY,39907.1610012137
23767,TTO,PYF,9075.26450272272
23768,TTO,QAT,981093.481887486
23769,TTO,ROU,43070.4672962537
23770,TTO,RUS,1783949.76438248
23771,TTO,RWA,1392.85719249101
23772,TTO,SAU,1103514.98553078
23773,TTO,SEN,2829321.00907482
23774,TTO,SGP,11021085.5985353
23775,TTO,SLE,21322.6599368144
23776,TTO,SLV,435283.959547868
23777,TTO,SRB,19513.223896038
23778,TTO,SUR,140382897.087992
23779,TTO,SVK,2692926.6827941
23780,TTO,SVN,22528.1437686679
23781,TTO,SWE,4321422.76787602
23782,TTO,TCA,122023.595314892
23783,TTO,THA,22330850.9611621
23784,TTO,TTO,147959.395032453
23785,TTO,TUN,8563.3580768789
23786,TTO,TUR,13029659.914581
23787,TTO,UGA,2636.82083980405
23788,TTO,URY,530014.434555655
23789,TTO,USA,1305288734.31373
23790,TTO,VCT,23898360.1106054
23791,TTO,VEN,1105161.32808875
23792,TTO,VGB,2294285.47697718
23793,TTO,VNM,122947.601004573
23794,TTO,ZAF,9142404.33589734
23795,TUN,AGO,3518640.48529544
23796,TUN,ALB,9403251.68562569
23797,TUN,AND,504635.204076221
23798,TUN,ARE,36609133.0778313
23799,TUN,ARG,9564048.73598643
23800,TUN,ARM,740802.273531836
23801,TUN,AUS,15398083.1018272
23802,TUN,AUT,57654231.6256672
23803,TUN,AZE,1643489.68233552
23804,TUN,BDI,360674.455563741
23805,TUN,BEL,139503578.730029
23806,TUN,BEN,4110583.31340441
23807,TUN,BFA,12834009.0005561
23808,TUN,BGD,29614346.2505161
23809,TUN,BGR,8871503.97396634
23810,TUN,BHR,1616904.03129746
23811,TUN,BHS,408250.547112639
23812,TUN,BIH,1330023.20120434
23813,TUN,BLR,1224846.51930663
23814,TUN,BLZ,22440.6175797234
23815,TUN,BMU,29566.337623256
23816,TUN,BOL,223896.357376869
23817,TUN,BRA,24633570.4649068
23818,TUN,BRB,11545.2949647599
23819,TUN,BWA,24851.4011988756
23820,TUN,CAF,221498.691933456
23821,TUN,CAN,56799662.2941201
23822,TUN,CHE,102931819.103821
23823,TUN,CHL,1939443.99600022
23824,TUN,CHN,111385940.577949
23825,TUN,CIV,26786183.7343973
23826,TUN,CMR,15736099.2636147
23827,TUN,COD,1772018.13689167
23828,TUN,COG,5939334.48011985
23829,TUN,COL,2048671.78161711
23830,TUN,COM,310935.23835044
23831,TUN,CPV,105921.282655809
23832,TUN,CRI,591994.199045199
23833,TUN,CUB,1272228.30981779
23834,TUN,CYP,1118607.46822324
23835,TUN,CZE,101054634.504006
23836,TUN,DEU,983396867.09939
23837,TUN,DJI,203853.980379793
23838,TUN,DNK,5784522.19709293
23839,TUN,DOM,972795.13096537
23840,TUN,DZA,148395399.553439
23841,TUN,EGY,38397567.9479991
23842,TUN,ESP,406051117.884617
23843,TUN,EST,1694909.17032038
23844,TUN,ETH,14069132.6578233
23845,TUN,FIN,6284357.7787434
23846,TUN,FRA,2018151085.99178
23847,TUN,GAB,9989606.5479613
23848,TUN,GBR,138529939.849803
23849,TUN,GEO,108160.684285626
23850,TUN,GHA,8025186.80265915
23851,TUN,GIB,2159.43277040241
23852,TUN,GIN,12962381.6728995
23853,TUN,GMB,1411444.77230073
23854,TUN,GNB,531678.482399853
23855,TUN,GNQ,2278909.67919784
23856,TUN,GRC,33345052.6256871
23857,TUN,GRD,18668.0943012276
23858,TUN,GUY,30088.9141321872
23859,TUN,HKG,13271077.7441769
23860,TUN,HND,242186.58520157
23861,TUN,HRV,16018460.3595393
23862,TUN,HUN,54405675.9018566
23863,TUN,IDN,15529487.4856082
23864,TUN,IND,63691262.784874
23865,TUN,IRL,30270103.8858545
23866,TUN,IRN,443222.563379923
23867,TUN,IRQ,5063072.90866542
23868,TUN,ISL,4124580.71599232
23869,TUN,ISR,121029.299608919
23870,TUN,ITA,1192742586.0902
23871,TUN,JAM,14708.505736675
23872,TUN,JOR,10498461.4600736
23873,TUN,JPN,49056015.4535998
23874,TUN,KAZ,1001563.19533712
23875,TUN,KEN,3376510.57900589
23876,TUN,KGZ,33800.6827027637
23877,TUN,KHM,88373.003947276
23878,TUN,KIR,4265.40759933707
23879,TUN,KOR,43320044.7156795
23880,TUN,KWT,7424597.39782716
23881,TUN,LBN,39030736.8303961
23882,TUN,LBR,792179.426267884
23883,TUN,LBY,225356559.007567
23884,TUN,LKA,246157.220940499
23885,TUN,LSO,124.095041784963
23886,TUN,LTU,2062623.71419733
23887,TUN,LUX,2163174.70977695
23888,TUN,LVA,241677.672000346
23889,TUN,MAC,672016.187320912
23890,TUN,MAR,101783934.087887
23891,TUN,MDA,1268601.11172062
23892,TUN,MDG,5770323.16969429
23893,TUN,MDV,157803.416141085
23894,TUN,MEX,24402238.4624576
23895,TUN,MKD,7016364.64502229
23896,TUN,MLI,5981282.09508826
23897,TUN,MLT,62567874.5582918
23898,TUN,MNE,393490.971512618
23899,TUN,MOZ,41936.5422878545
23900,TUN,MRT,8165189.02036315
23901,TUN,MUS,2963023.3011493
23902,TUN,MWI,25168.5429747475
23903,TUN,MYS,12940213.0031548
23904,TUN,NCL,85964.6559177481
23905,TUN,NER,5895473.28339836
23906,TUN,NGA,48072347.204895
23907,TUN,NIC,175410.499585475
23908,TUN,NLD,157559608.05834
23909,TUN,NOR,20537544.6886915
23910,TUN,NZL,4469957.16961007
23911,TUN,OMN,6542433.75255793
23912,TUN,PAK,9050319.06875974
23913,TUN,PAN,425216.9394541
23914,TUN,PER,1306860.8539033
23915,TUN,PHL,1410471.95679484
23916,TUN,POL,151034620.504278
23917,TUN,PRT,38069579.0566826
23918,TUN,PRY,624829.262984302
23919,TUN,PSE,67555.8343830629
23920,TUN,PYF,1015260.47626951
23921,TUN,QAT,13490198.5494551
23922,TUN,ROU,38742149.9672947
23923,TUN,RUS,62473949.930369
23924,TUN,RWA,4847557.15512302
23925,TUN,SAU,28498524.1405917
23926,TUN,SDN,1118952.19867797
23927,TUN,SEN,20472692.9109252
23928,TUN,SGP,17373830.7594686
23929,TUN,SLE,1561134.99034278
23930,TUN,SLV,433046.909987456
23931,TUN,SRB,9079183.95156997
23932,TUN,STP,22.7885168015703
23933,TUN,SUR,69328.2734673605
23934,TUN,SVK,69412037.6510727
23935,TUN,SVN,11842586.9602599
23936,TUN,SWE,15670770.9734909
23937,TUN,SYC,2470806.82998573
23938,TUN,SYR,3931286.75805571
23939,TUN,TCD,1915467.08450386
23940,TUN,TGO,4880220.93909749
23941,TUN,THA,8792483.21507515
23942,TUN,TTO,61798.6806515172
23943,TUN,TUR,80093630.8844511
23944,TUN,TZA,948148.809413592
23945,TUN,UGA,145833.304333729
23946,TUN,UKR,6456462.65508077
23947,TUN,URY,608238.991696823
23948,TUN,USA,295998883.954587
23949,TUN,VCT,718812.235031409
23950,TUN,VEN,24331.8004103273
23951,TUN,VNM,5231650.64912937
23952,TUN,YEM,1389126.13925187
23953,TUN,ZAF,23731613.9530437
23954,TUN,ZMB,75810.9628415866
23955,TUN,ZWE,146.920567545918
23956,TUR,ABW,695956.481952816
23957,TUR,AFG,103942806.692681
23958,TUR,AGO,118581454.360132
23959,TUR,AIA,127305.819072109
23960,TUR,ALB,260768567.743768
23961,TUR,AND,2291940.8958848
23962,TUR,ARE,1520945795.61389
23963,TUR,ARG,98115080.9665791
23964,TUR,ARM,113071871.85984
23965,TUR,ATG,3455692.57793118
23966,TUR,AUS,389263473.156613
23967,TUR,AUT,1005113251.12415
23968,TUR,AZE,1043039540.71733
23969,TUR,BDI,5020279.18436502
23970,TUR,BEL,1817867608.44848
23971,TUR,BEN,58955543.8653236
23972,TUR,BFA,42173787.4302975
23973,TUR,BGD,174573437.94381
23974,TUR,BGR,1317671791.08966
23975,TUR,BHR,109410855.070605
23976,TUR,BHS,10473367.965267
23977,TUR,BIH,262640208.070888
23978,TUR,BLR,302470374.117631
23979,TUR,BLZ,2543256.18902705
23980,TUR,BMU,284322.97086889
23981,TUR,BOL,16228842.2702456
23982,TUR,BRA,383318503.391264
23983,TUR,BRB,6898834.11742027
23984,TUR,BRN,1398770.66406506
23985,TUR,BTN,3251.28709403961
23986,TUR,BWA,2389515.47041184
23987,TUR,CAF,1497923.12757837
23988,TUR,CAN,693356562.923958
23989,TUR,CHE,955000703.880537
23990,TUR,CHL,162317217.209729
23991,TUR,CHN,1865964999.19709
23992,TUR,CIV,164521633.763616
23993,TUR,CMR,110959181.680207
23994,TUR,COD,35446170.5918389
23995,TUR,COG,30379583.4994356
23996,TUR,COK,2763069.90304941
23997,TUR,COL,129004167.935134
23998,TUR,COM,7124875.56609566
23999,TUR,CPV,3182812.88483002
24000,TUR,CRI,34022913.8420131
24001,TUR,CUB,45191705.0401403
24002,TUR,CYM,3594344.14366002
24003,TUR,CYP,430094286.696013
24004,TUR,CZE,860853017.245185
24005,TUR,DEU,8774122892.60245
24006,TUR,DJI,160024415.816029
24007,TUR,DMA,807952.094624397
24008,TUR,DNK,522312962.63013
24009,TUR,DOM,65758980.6638019
24010,TUR,DZA,724959818.780951
24011,TUR,ECU,31029607.1011395
24012,TUR,EGY,1599690822.89757
24013,TUR,ERI,4957897.74213456
24014,TUR,ESP,3607566299.79191
24015,TUR,EST,92606055.203566
24016,TUR,ETH,400504216.272357
24017,TUR,FIN,307978792.501605
24018,TUR,FJI,4061216.50034527
24019,TUR,FRA,3807932219.09578
24020,TUR,FRO,376290.094905586
24021,TUR,GAB,27882140.6692229
24022,TUR,GBR,5725541446.64643
24023,TUR,GEO,730858054.666639
24024,TUR,GHA,238822984.417856
24025,TUR,GIB,52263201.2367894
24026,TUR,GIN,68002052.4066046
24027,TUR,GMB,31242992.0193345
24028,TUR,GNB,4129186.62202187
24029,TUR,GNQ,19416223.9136122
24030,TUR,GRC,900149776.476121
24031,TUR,GRD,596216.791279497
24032,TUR,GRL,75789.8477298945
24033,TUR,GTM,36322121.6101125
24034,TUR,GUY,15741860.9509437
24035,TUR,HKG,409071425.836631
24036,TUR,HND,41470396.7301178
24037,TUR,HRV,206583987.778843
24038,TUR,HTI,82218736.579718
24039,TUR,HUN,677758479.45466
24040,TUR,IDN,137118085.993469
24041,TUR,IND,789933719.55569
24042,TUR,IRL,351877263.93282
24043,TUR,IRN,2198806352.73122
24044,TUR,IRQ,4572364548.09568
24045,TUR,ISL,24162659.3759973
24046,TUR,ISR,2352797161.89007
24047,TUR,ITA,4259945173.71484
24048,TUR,JAM,42320164.9328745
24049,TUR,JOR,292831451.660697
24050,TUR,JPN,345845512.302218
24051,TUR,KAZ,492961597.548912
24052,TUR,KEN,114029855.63517
24053,TUR,KGZ,208823882.528037
24054,TUR,KHM,12512195.0386092
24055,TUR,KIR,83148.1290734731
24056,TUR,KNA,1281619.26324467
24057,TUR,KOR,658700991.386299
24058,TUR,KWT,313861710.811109
24059,TUR,LAO,961357.231999775
24060,TUR,LBN,465460023.277831
24061,TUR,LBR,88919452.2352524
24062,TUR,LBY,826739277.755471
24063,TUR,LCA,1503000.81682046
24064,TUR,LKA,45896027.1463012
24065,TUR,LSO,440399.838535193
24066,TUR,LTU,152985871.376569
24067,TUR,LUX,48818482.3154368
24068,TUR,LVA,56080894.5008474
24069,TUR,MAC,9885605.38714185
24070,TUR,MAR,1215107533.38314
24071,TUR,MDA,194139460.121621
24072,TUR,MDG,39451862.3893806
24073,TUR,MDV,12435107.3766954
24074,TUR,MEX,410819483.018389
24075,TUR,MHL,166234379.166855
24076,TUR,MKD,222553240.235793
24077,TUR,MLI,34784244.3101521
24078,TUR,MLT,216276973.323743
24079,TUR,MMR,26036065.490591
24080,TUR,MNE,61572989.433128
24081,TUR,MNG,18665298.6344333
24082,TUR,MOZ,38357534.3568908
24083,TUR,MRT,59879842.1258316
24084,TUR,MUS,39456447.3653432
24085,TUR,MWI,4939751.11307324
24086,TUR,MYS,238398432.991014
24087,TUR,NAM,31793324.5851438
24088,TUR,NCL,4023222.46948782
24089,TUR,NER,29444866.7167398
24090,TUR,NGA,364352391.658418
24091,TUR,NIC,8130997.46303476
24092,TUR,NLD,2598338223.16638
24093,TUR,NOR,467548912.958175
24094,TUR,NPL,22006638.7891399
24095,TUR,NZL,66619632.6073698
24096,TUR,OMN,262705059.95568
24097,TUR,PAK,310156058.221131
24098,TUR,PAN,85778234.7876332
24099,TUR,PER,115792794.419569
24100,TUR,PHL,53808532.8413394
24101,TUR,PNG,2446001.14485411
24102,TUR,POL,2249588779.49189
24103,TUR,PRK,165660.604263463
24104,TUR,PRT,462437159.482082
24105,TUR,PRY,27175643.3674757
24106,TUR,PSE,306269859.942906
24107,TUR,PYF,6636522.49271011
24108,TUR,QAT,541021258.398106
24109,TUR,ROU,1997335605.82105
24110,TUR,RUS,2556430435.79971
24111,TUR,RWA,28310153.8176026
24112,TUR,SAU,1254197082.69377
24113,TUR,SDN,187791231.798655
24114,TUR,SEN,180656893.168676
24115,TUR,SGP,191002833.334341
24116,TUR,SLB,89825.7456370198
24117,TUR,SLE,38304898.6144667
24118,TUR,SLV,16689220.5367966
24119,TUR,SMR,45195.9413456944
24120,TUR,SOM,136414122.07302
24121,TUR,SRB,691324335.570821
24122,TUR,STP,1314105.62776821
24123,TUR,SUR,11035860.6373788
24124,TUR,SVK,346146192.484954
24125,TUR,SVN,821119422.262032
24126,TUR,SWE,665441570.19218
24127,TUR,SWZ,516753.039145445
24128,TUR,SYC,8959230.91250964
24129,TUR,SYR,798085205.979834
24130,TUR,TCA,506045.506992093
24131,TUR,TCD,20747311.1524061
24132,TUR,TGO,70857457.162713
24133,TUR,THA,192555347.455184
24134,TUR,TJK,86876291.6128148
24135,TUR,TKM,393578155.618749
24136,TUR,TLS,238661.276770552
24137,TUR,TON,125866.970745767
24138,TUR,TTO,43085874.6876815
24139,TUR,TUN,464161227.356343
24140,TUR,TUV,139576.289592377
24141,TUR,TZA,112090298.82886
24142,TUR,UGA,26924379.5397925
24143,TUR,UKR,1204057928.61599
24144,TUR,URY,28312834.5265672
24145,TUR,USA,5878608695.20234
24146,TUR,UZB,577306773.911862
24147,TUR,VAT,1403.83985124891
24148,TUR,VCT,8785179.77700841
24149,TUR,VEN,118161578.871273
24150,TUR,VGB,6779407.20572849
24151,TUR,VNM,138184714.670307
24152,TUR,VUT,1538952.56026687
24153,TUR,WSM,486264.718322127
24154,TUR,YEM,417496791.007234
24155,TUR,ZAF,287127180.231264
24156,TUR,ZMB,16428022.2521115
24157,TUR,ZWE,10043024.7798159
24158,TUV,ALB,5.30278373451807
24159,TUV,AUS,11215.6911719969
24160,TUV,AUT,9.70484941698794
24161,TUV,BEL,385.178746731822
24162,TUV,BIH,2452.70876868203
24163,TUV,CRI,14.2234433094118
24164,TUV,CZE,53976.0668991414
24165,TUV,DEU,373.738977313416
24166,TUV,DNK,151.210105987016
24167,TUV,DOM,4820.66702037344
24168,TUV,ESP,1800.06877308346
24169,TUV,FJI,16078.4123731369
24170,TUV,FRA,3370.86554241644
24171,TUV,GBR,5292.34070639768
24172,TUV,ITA,13901.0352586437
24173,TUV,JPN,284757.072459202
24174,TUV,KOR,24975.0461316951
24175,TUV,MEX,1819.94058378867
24176,TUV,NLD,797.446051248841
24177,TUV,NZL,8414.81861742045
24178,TUV,POL,10943.1491931519
24179,TUV,RUS,3280.22409930974
24180,TUV,SAU,1320.71972895551
24181,TUV,SLV,272.370937438073
24182,TUV,SRB,967.234154725827
24183,TUV,SVK,1235.01298047378
24184,TUV,SVN,69751.0908259074
24185,TUV,SWE,2009.10537810883
24186,TUV,UKR,549.382998431396
24187,TUV,USA,31242.0632945024
24188,TUV,VCT,24.9760463738406
24189,TUV,ZAF,14697.5335804597
24190,TZA,ABW,2120.51334851991
24191,TZA,AGO,1854489.7446882
24192,TZA,ALB,115897.072163846
24193,TZA,AND,174.937350042165
24194,TZA,ARE,434171563.331807
24195,TZA,ARG,133932.618333452
24196,TZA,ARM,105565.250965198
24197,TZA,AUS,2346099.73803143
24198,TZA,AUT,1427371.33491303
24199,TZA,AZE,359425.627238753
24200,TZA,BDI,90564377.9202254
24201,TZA,BEL,62308681.2859939
24202,TZA,BEN,96605.8820192724
24203,TZA,BGD,3563542.68703062
24204,TZA,BGR,62826383.3708909
24205,TZA,BHR,440126.548875345
24206,TZA,BHS,1675.40559375983
24207,TZA,BIH,26574.9184398354
24208,TZA,BLR,165189.990333992
24209,TZA,BMU,50.7372828319209
24210,TZA,BOL,54.6082199351153
24211,TZA,BRA,604452.3299956
24212,TZA,BRB,963.233186143714
24213,TZA,BWA,199178.197934078
24214,TZA,CAF,22725.5665621415
24215,TZA,CAN,14346819.5751905
24216,TZA,CHE,435430916.979838
24217,TZA,CHL,525299.4631228
24218,TZA,CHN,205608782.694459
24219,TZA,CIV,191787.844326224
24220,TZA,CMR,54295.859316699
24221,TZA,COD,72124206.9062417
24222,TZA,COG,422751.892698553
24223,TZA,COL,417452.039673522
24224,TZA,COM,2373961.09990238
24225,TZA,CPV,9992.3805245047
24226,TZA,CRI,4052.1659763319
24227,TZA,CUB,606293.885812154
24228,TZA,CYP,331224.66515504
24229,TZA,CZE,2004037.15115743
24230,TZA,DEU,39863113.6014149
24231,TZA,DJI,42505.645060185
24232,TZA,DNK,2908480.9811677
24233,TZA,DOM,1054.37525044425
24234,TZA,DZA,1007148.65750439
24235,TZA,ECU,107.808098929327
24236,TZA,EGY,1685696.36302035
24237,TZA,ESP,108336302.859583
24238,TZA,EST,52437.6444672117
24239,TZA,ETH,1885503.67575488
24240,TZA,FIN,2141906.44600873
24241,TZA,FJI,11062.1780084698
24242,TZA,FRA,14211653.9603648
24243,TZA,GAB,28676.0500963014
24244,TZA,GBR,8091365.05254705
24245,TZA,GEO,74483.6915265779
24246,TZA,GHA,1313468.00840891
24247,TZA,GIN,384561.872394622
24248,TZA,GMB,64376.8397900914
24249,TZA,GRC,1682396.41614641
24250,TZA,HKG,64146643.4175633
24251,TZA,HRV,14360.4764833492
24252,TZA,HUN,461377.628483499
24253,TZA,IDN,8354302.96737384
24254,TZA,IND,456447638.467459
24255,TZA,IRL,321038.792788693
24256,TZA,IRN,5755622.36082093
24257,TZA,ISL,25069.5970212276
24258,TZA,ISR,5375967.21628088
24259,TZA,ITA,12889599.5457994
24260,TZA,JAM,15111.1182038824
24261,TZA,JOR,1421948.32007214
24262,TZA,JPN,41046091.5023772
24263,TZA,KAZ,373025.98470724
24264,TZA,KEN,129141857.674517
24265,TZA,KHM,71605.829833939
24266,TZA,KOR,23590733.0076112
24267,TZA,KWT,359913.630377924
24268,TZA,LBN,1257475.72340976
24269,TZA,LBR,15024.3872074436
24270,TZA,LBY,22235.883016166
24271,TZA,LCA,24.0908320750481
24272,TZA,LKA,3440285.67812244
24273,TZA,LSO,1114.26975011848
24274,TZA,LTU,711022.809313422
24275,TZA,LUX,138540.577360005
24276,TZA,LVA,104182.061113044
24277,TZA,MAC,1070181.77299642
24278,TZA,MAR,4247704.0035283
24279,TZA,MDA,71297.2601332543
24280,TZA,MDG,4348970.84290433
24281,TZA,MEX,245266.87089841
24282,TZA,MKD,138664.383831931
24283,TZA,MLI,97919.7600919525
24284,TZA,MLT,29623.74252023
24285,TZA,MMR,1012846.06177137
24286,TZA,MNG,22646.9825379781
24287,TZA,MOZ,10514476.9522146
24288,TZA,MRT,177735.707487866
24289,TZA,MUS,662216.515448649
24290,TZA,MWI,23528891.6066176
24291,TZA,MYS,35876744.9357505
24292,TZA,NAM,1634269.09165123
24293,TZA,NER,2872661.49924007
24294,TZA,NGA,21249789.7719015
24295,TZA,NIC,7177.71763146788
24296,TZA,NLD,32010674.745272
24297,TZA,NOR,457210.17309711
24298,TZA,NPL,1043714.50461725
24299,TZA,NZL,470402.508788867
24300,TZA,OMN,7189175.38924103
24301,TZA,PAK,59833946.5501136
24302,TZA,PER,17657.7597124509
24303,TZA,PHL,649426.71770606
24304,TZA,PNG,104519.804876387
24305,TZA,POL,18550196.2596552
24306,TZA,PRK,27124.6415205962
24307,TZA,PRT,6371182.83845364
24308,TZA,PSE,555026.309603149
24309,TZA,QAT,5157641.45197167
24310,TZA,ROU,1725007.9368377
24311,TZA,RUS,19530942.9505892
24312,TZA,RWA,243782983.033585
24313,TZA,SAU,5475552.4545633
24314,TZA,SDN,374483.117460003
24315,TZA,SEN,231183.231433679
24316,TZA,SGP,21869054.1717052
24317,TZA,SLE,222601.203837153
24318,TZA,SLV,415.335547298427
24319,TZA,SOM,786730.212084471
24320,TZA,SRB,306298.650893318
24321,TZA,SVK,43513.9241513526
24322,TZA,SVN,279864.341493091
24323,TZA,SWE,2417008.07001027
24324,TZA,SWZ,29259.903439552
24325,TZA,SYC,132286.194755859
24326,TZA,TGO,219764.549620305
24327,TZA,THA,10405793.2058024
24328,TZA,TTO,10342.0061642948
24329,TZA,TUN,26280.0820638087
24330,TZA,TUR,24846383.9842737
24331,TZA,UGA,371931198.673875
24332,TZA,UKR,2549510.71316546
24333,TZA,URY,150292.923949253
24334,TZA,USA,61951706.1969984
24335,TZA,VNM,113994717.203616
24336,TZA,YEM,877572.418793409
24337,TZA,ZAF,580952313.484265
24338,TZA,ZMB,34337683.3730956
24339,TZA,ZWE,11880289.8376329
24340,UGA,AFG,7798.38788761107
24341,UGA,AGO,1948067.60166226
24342,UGA,ALB,188726.900311752
24343,UGA,ARE,922642806.74427
24344,UGA,ARG,7437.69556872285
24345,UGA,ARM,102635.876802065
24346,UGA,AUS,1581591.03148253
24347,UGA,AUT,1744274.7085709
24348,UGA,AZE,1144.0719648445
24349,UGA,BDI,29271206.1757964
24350,UGA,BEL,36274145.9958444
24351,UGA,BEN,87819.2598930901
24352,UGA,BGD,855193.031036624
24353,UGA,BGR,1814535.00516885
24354,UGA,BHR,233151.37789617
24355,UGA,BIH,375500.068650572
24356,UGA,BLR,141098.158016798
24357,UGA,BMU,1479.73322404087
24358,UGA,BRA,20657.0007894496
24359,UGA,BRB,123626.428339783
24360,UGA,BWA,3492805.92708712
24361,UGA,CAF,587811.160886425
24362,UGA,CAN,5506964.69705596
24363,UGA,CHE,7802198.95622089
24364,UGA,CHL,14657.4683811995
24365,UGA,CHN,19850965.6588971
24366,UGA,CIV,10903.6396284036
24367,UGA,CMR,104003.67792881
24368,UGA,COD,133625323.941503
24369,UGA,COG,97815.1797744268
24370,UGA,COL,77543.282213427
24371,UGA,CRI,3464.51371341259
24372,UGA,CUB,17162.5048177248
24373,UGA,CYP,556791.792003324
24374,UGA,CZE,734766.877441458
24375,UGA,DEU,53380225.2481785
24376,UGA,DJI,51517.9718265057
24377,UGA,DNK,489322.958682079
24378,UGA,DOM,25357.6087450953
24379,UGA,DZA,999770.531356642
24380,UGA,EGY,5642734.6711892
24381,UGA,ERI,51732.5237667216
24382,UGA,ESP,26216456.9840099
24383,UGA,EST,131473.327971453
24384,UGA,ETH,7583058.25912711
24385,UGA,FIN,2418567.60555341
24386,UGA,FRA,4862973.94232537
24387,UGA,GAB,21332.1642376812
24388,UGA,GBR,7398614.7987801
24389,UGA,GEO,81188.1545893105
24390,UGA,GHA,221273.567433761
24391,UGA,GRC,2952767.32631206
24392,UGA,HKG,31214292.3745263
24393,UGA,HRV,1236039.22891509
24394,UGA,HUN,314863.224264404
24395,UGA,IDN,19528770.1595849
24396,UGA,IND,28498496.6129276
24397,UGA,IRL,280050.304512303
24398,UGA,IRN,197772.378103502
24399,UGA,ISL,83878.5654025455
24400,UGA,ISR,5880905.19015371
24401,UGA,ITA,72083610.3788539
24402,UGA,JAM,48482.2369148275
24403,UGA,JOR,944905.708301271
24404,UGA,JPN,6390971.22246234
24405,UGA,KAZ,1227.97727722213
24406,UGA,KEN,232830275.661523
24407,UGA,KHM,89420.4825281268
24408,UGA,KOR,3291414.30831284
24409,UGA,KWT,209959.328404619
24410,UGA,LBN,129457.840048213
24411,UGA,LBR,7620.21475422812
24412,UGA,LBY,115411.43959856
24413,UGA,LKA,181532.963753895
24414,UGA,LSO,32020.2731889295
24415,UGA,LTU,292436.795119515
24416,UGA,LUX,1268139.57998983
24417,UGA,LVA,326676.352568109
24418,UGA,MAC,488508.355977429
24419,UGA,MAR,9239163.99264346
24420,UGA,MDA,70822.6452352012
24421,UGA,MDG,49930.5875415524
24422,UGA,MEX,1328211.04250445
24423,UGA,MKD,304213.376075585
24424,UGA,MLI,30781.4517864866
24425,UGA,MLT,1174.46182183101
24426,UGA,MNE,318.924207375249
24427,UGA,MOZ,715240.232296312
24428,UGA,MUS,279608.789127209
24429,UGA,MWI,998571.741145227
24430,UGA,MYS,11930456.7073753
24431,UGA,NAM,157331.087796576
24432,UGA,NER,183243.360818632
24433,UGA,NGA,5285784.83680748
24434,UGA,NIC,906.794523082282
24435,UGA,NLD,39069901.3116043
24436,UGA,NOR,1027053.27365137
24437,UGA,NPL,106895.29295095
24438,UGA,NZL,192178.036786711
24439,UGA,OMN,817799.478547123
24440,UGA,PAK,18466979.1318781
24441,UGA,PER,1661.9023247952
24442,UGA,PHL,68609.1093671471
24443,UGA,POL,6134150.49752713
24444,UGA,PRK,127521.871375543
24445,UGA,PRT,11461492.2577217
24446,UGA,PRY,9.00217930975433
24447,UGA,PYF,499.788492250741
24448,UGA,ROU,2870694.05244696
24449,UGA,RUS,5702090.55647193
24450,UGA,RWA,1156252.91369274
24451,UGA,SAU,2729462.29908848
24452,UGA,SDN,44974386.7102177
24453,UGA,SEN,737725.593707931
24454,UGA,SGP,4069330.63167024
24455,UGA,SLE,152651.454918723
24456,UGA,SLV,3969.93606954802
24457,UGA,SOM,337920.306082049
24458,UGA,SRB,2659747.89014278
24459,UGA,SVK,65495.096505402
24460,UGA,SVN,3127231.56181939
24461,UGA,SWE,4242198.85580411
24462,UGA,SWZ,16039.3829246184
24463,UGA,SYC,6166.64686447213
24464,UGA,TCD,76189.444467033
24465,UGA,TGO,36128.8523221481
24466,UGA,THA,1614101.07373814
24467,UGA,TLS,1.72541770103625
24468,UGA,TTO,4008.05029650338
24469,UGA,TUN,1323.59042391318
24470,UGA,TUR,9892132.75583235
24471,UGA,TZA,47576810.2228792
24472,UGA,UKR,1659610.62500469
24473,UGA,USA,43396538.2337588
24474,UGA,VCT,1734.25984160272
24475,UGA,VNM,4672813.22690575
24476,UGA,YEM,124074.53682098
24477,UGA,ZAF,9922036.63567016
24478,UGA,ZMB,2978417.03577091
24479,UGA,ZWE,263632.822054738
24480,UKR,ABW,636.539097782001
24481,UKR,AFG,3429321.77890598
24482,UKR,AGO,2740345.5997931
24483,UKR,ALB,18123800.2612664
24484,UKR,AND,227540.736633375
24485,UKR,ARE,262866392.872267
24486,UKR,ARG,8758652.02998816
24487,UKR,ARM,61263585.3169422
24488,UKR,ATG,34541.3760149174
24489,UKR,AUS,39571096.3658653
24490,UKR,AUT,473420601.432083
24491,UKR,AZE,209222243.135925
24492,UKR,BDI,1112124.51528521
24493,UKR,BEL,280656222.217047
24494,UKR,BEN,5769096.9328384
24495,UKR,BFA,16435612.9062095
24496,UKR,BGD,179147776.166207
24497,UKR,BGR,332524618.203154
24498,UKR,BHR,9043241.1302835
24499,UKR,BHS,4851512.96277226
24500,UKR,BIH,12240129.3450666
24501,UKR,BLR,691832083.489945
24502,UKR,BLZ,248097.586177519
24503,UKR,BMU,10805.280817023
24504,UKR,BOL,261931.225120397
24505,UKR,BRA,37616712.5136214
24506,UKR,BRB,68052.9747342334
24507,UKR,BRN,419476.7298245
24508,UKR,BTN,4940.62105967592
24509,UKR,BWA,190345.880245599
24510,UKR,CAF,392299.570590053
24511,UKR,CAN,53708606.2619228
24512,UKR,CHE,78997224.8374012
24513,UKR,CHL,4090951.01768264
24514,UKR,CHN,4001844972.27562
24515,UKR,CIV,28928524.6270799
24516,UKR,CMR,55985202.4145461
24517,UKR,COD,4547882.4377973
24518,UKR,COG,3363859.90644369
24519,UKR,COK,794.057230859791
24520,UKR,COL,18700892.2511819
24521,UKR,COM,662382.579150498
24522,UKR,CPV,606386.678275994
24523,UKR,CRI,40809896.7967312
24524,UKR,CUB,3374894.56779073
24525,UKR,CYM,9532.79776553562
24526,UKR,CYP,15915958.3151363
24527,UKR,CZE,571893589.450773
24528,UKR,DEU,1453452340.53054
24529,UKR,DJI,11044229.1032748
24530,UKR,DMA,33551.2173104582
24531,UKR,DNK,108550524.195764
24532,UKR,DOM,46166195.9366283
24533,UKR,DZA,176305902.190723
24534,UKR,ECU,4517242.6933163
24535,UKR,EGY,964478172.853697
24536,UKR,ERI,780946.586944544
24537,UKR,ESP,719945491.269408
24538,UKR,EST,55425258.569472
24539,UKR,ETH,134661762.734766
24540,UKR,FIN,41884609.8841995
24541,UKR,FJI,182469.284924992
24542,UKR,FRA,299577547.697227
24543,UKR,FRO,17005.7818771527
24544,UKR,FSM,1045.20803118048
24545,UKR,GAB,5843320.72244613
24546,UKR,GBR,349507810.946773
24547,UKR,GEO,195301633.923683
24548,UKR,GHA,40784228.4777672
24549,UKR,GIB,59302.8014318342
24550,UKR,GIN,7775888.28075082
24551,UKR,GMB,10253351.722215
24552,UKR,GNQ,1908528.85484929
24553,UKR,GRC,102225083.951494
24554,UKR,GRD,60857.1452181154
24555,UKR,GRL,3418.29252386773
24556,UKR,GTM,15253413.6517473
24557,UKR,GUY,1764072.54886884
24558,UKR,HKG,37398140.3991741
24559,UKR,HND,4779790.44468963
24560,UKR,HRV,21471446.9562038
24561,UKR,HTI,7538248.3212278
24562,UKR,HUN,720634321.634721
24563,UKR,IDN,481648552.808891
24564,UKR,IND,1058994809.0109
24565,UKR,IRL,52998198.106409
24566,UKR,IRN,129451531.26594
24567,UKR,IRQ,299015847.091865
24568,UKR,ISL,1321942.95058145
24569,UKR,ISR,281818295.474768
24570,UKR,ITA,1075834285.76676
24571,UKR,JAM,37486.1299012806
24572,UKR,JOR,90701545.7137524
24573,UKR,JPN,266517835.726277
24574,UKR,KAZ,168529479.980715
24575,UKR,KEN,38985315.1243958
24576,UKR,KGZ,25123670.1116149
24577,UKR,KHM,1126192.58147986
24578,UKR,KNA,3754005.47557819
24579,UKR,KOR,313083193.342222
24580,UKR,KWT,26917953.9842496
24581,UKR,LAO,1401211.38993284
24582,UKR,LBN,163655125.248249
24583,UKR,LBR,4740447.20020522
24584,UKR,LBY,164148477.242308
24585,UKR,LCA,54072.4852407596
24586,UKR,LKA,38108789.0694133
24587,UKR,LTU,216113688.434609
24588,UKR,LUX,19845453.133887
24589,UKR,LVA,114750276.094532
24590,UKR,MAC,743179.917128223
24591,UKR,MAR,218249138.560127
24592,UKR,MDA,340080442.897891
24593,UKR,MDG,1711276.73819428
24594,UKR,MDV,2070758.63355481
24595,UKR,MEX,49290452.0731362
24596,UKR,MHL,6993802.0379105
24597,UKR,MKD,51692871.0673222
24598,UKR,MLI,7904191.25122022
24599,UKR,MLT,4426870.47738597
24600,UKR,MMR,23123746.6863366
24601,UKR,MNE,3178242.81747655
24602,UKR,MNG,14444531.9120681
24603,UKR,MOZ,13580111.1471179
24604,UKR,MRT,21089986.3395826
24605,UKR,MSR,1432.09869234438
24606,UKR,MUS,3353984.81881426
24607,UKR,MWI,1593717.34910527
24608,UKR,MYS,113335700.059193
24609,UKR,NAM,759131.563312925
24610,UKR,NCL,313493.462663053
24611,UKR,NER,1838143.25591728
24612,UKR,NGA,78060691.4764356
24613,UKR,NIC,348887.661135122
24614,UKR,NLD,938626239.067981
24615,UKR,NOR,30676111.4999824
24616,UKR,NPL,45425750.6495182
24617,UKR,NZL,8389712.45654759
24618,UKR,OMN,42745045.8109726
24619,UKR,PAK,182434493.864032
24620,UKR,PAN,1336081.03272605
24621,UKR,PER,41000126.2387886
24622,UKR,PHL,101744579.530664
24623,UKR,POL,1637939174.70029
24624,UKR,PRK,3858.00897346341
24625,UKR,PRT,117617606.137096
24626,UKR,PRY,330591.531881763
24627,UKR,PSE,28985490.2026999
24628,UKR,PYF,142904.931913104
24629,UKR,QAT,65821723.1974479
24630,UKR,ROU,541022166.768511
24631,UKR,RUS,1847527513.21311
24632,UKR,RWA,3713891.55452307
24633,UKR,SAU,394975962.237431
24634,UKR,SDN,32943157.6621781
24635,UKR,SEN,53998486.5166373
24636,UKR,SGP,70671979.1224078
24637,UKR,SLE,2645320.53746958
24638,UKR,SLV,781618.639639703
24639,UKR,SMR,602755.564230823
24640,UKR,SOM,9279822.45352453
24641,UKR,SRB,83371977.7643105
24642,UKR,SUR,2712489.48819317
24643,UKR,SVK,223380845.018076
24644,UKR,SVN,33780306.5899736
24645,UKR,SWE,41965107.1350301
24646,UKR,SWZ,272936.164272089
24647,UKR,SYC,2770703.89613919
24648,UKR,SYR,2057989.22724872
24649,UKR,TCD,941912.854770614
24650,UKR,TGO,6999785.84651222
24651,UKR,THA,104274942.53742
24652,UKR,TJK,13281111.6832622
24653,UKR,TKM,28655413.6904977
24654,UKR,TLS,190.566133566044
24655,UKR,TTO,377125.322103155
24656,UKR,TUN,258059772.877494
24657,UKR,TUR,1295500898.30678
24658,UKR,TZA,21398011.9285451
24659,UKR,UGA,12249649.4797666
24660,UKR,URY,412177.337737239
24661,UKR,USA,688203530.064666
24662,UKR,UZB,157171816.429064
24663,UKR,VCT,28586.8354986153
24664,UKR,VEN,2338451.07839107
24665,UKR,VGB,980345.723865059
24666,UKR,VNM,102854520.510844
24667,UKR,YEM,86381311.9897283
24668,UKR,ZAF,17029139.7557893
24669,UKR,ZMB,1288221.35652502
24670,UKR,ZWE,7108807.02911322
24671,URY,ABW,335291.169602528
24672,URY,AFG,138436.013546475
24673,URY,AGO,10960182.4341766
24674,URY,ALB,69953.4348107371
24675,URY,AND,491.201913552454
24676,URY,ARE,9592025.28324225
24677,URY,ARG,176988583.318886
24678,URY,ARM,81108.1802285648
24679,URY,ATG,38034.2075837121
24680,URY,AUS,4290932.86216902
24681,URY,AUT,31129087.2419792
24682,URY,AZE,35735.4660884912
24683,URY,BEL,15334553.2945926
24684,URY,BEN,505092.776348478
24685,URY,BFA,305289.40656848
24686,URY,BGD,3636259.79088945
24687,URY,BGR,2535726.36615551
24688,URY,BHR,3166558.20728539
24689,URY,BHS,350078.749482018
24690,URY,BIH,3493133.22182089
24691,URY,BLR,1037751.22598557
24692,URY,BLZ,188842.493795421
24693,URY,BMU,323837.791889731
24694,URY,BOL,30362762.8323723
24695,URY,BRA,573737282.784792
24696,URY,BRB,1871752.62680596
24697,URY,BRN,101842.044625688
24698,URY,BWA,2132.52525644556
24699,URY,CAN,43742939.9505793
24700,URY,CHE,13633022.8063378
24701,URY,CHL,65429546.4515921
24702,URY,CHN,1183947998.81026
24703,URY,CIV,2906206.19447162
24704,URY,CMR,4701980.57793957
24705,URY,COG,1714738.56575741
24706,URY,COL,32830625.9597262
24707,URY,CPV,129101.284730839
24708,URY,CRI,21418260.375429
24709,URY,CUB,42091967.6743058
24710,URY,CYM,7342.31597857279
24711,URY,CYP,575118.410637763
24712,URY,CZE,4303994.94082726
24713,URY,DEU,114161679.230437
24714,URY,DMA,20009.2684819381
24715,URY,DNK,5652483.05914629
24716,URY,DOM,23562437.0825382
24717,URY,DZA,105099311.167273
24718,URY,ECU,27808813.1460896
24719,URY,EGY,87928789.921376
24720,URY,ESP,43015996.5350956
24721,URY,EST,569169.983601455
24722,URY,ETH,1178.67034065832
24723,URY,FIN,7717959.21738298
24724,URY,FRA,22423933.6427607
24725,URY,FRO,38650.3567453575
24726,URY,GAB,3544635.58336835
24727,URY,GBR,31636732.466742
24728,URY,GEO,1785863.36413993
24729,URY,GHA,297276.466740654
24730,URY,GIN,101554.084914411
24731,URY,GMB,5221.59808053412
24732,URY,GNQ,347357.090604035
24733,URY,GRC,1664732.7810116
24734,URY,GRD,39243.7629012189
24735,URY,GTM,60131869.6383928
24736,URY,GUY,2166943.81122706
24737,URY,HKG,26921720.9611854
24738,URY,HND,31006639.3914577
24739,URY,HRV,121830.493567487
24740,URY,HTI,4002018.83636584
24741,URY,HUN,696757.175790312
24742,URY,IDN,5364887.76909177
24743,URY,IND,70065037.4862837
24744,URY,IRL,7524944.18797131
24745,URY,IRN,929074.916873924
24746,URY,IRQ,1568753.27462967
24747,URY,ISL,60300.7780289028
24748,URY,ISR,69477819.6705384
24749,URY,ITA,142728427.923799
24750,URY,JAM,16243095.000645
24751,URY,JOR,2035767.20358772
24752,URY,JPN,18003178.9449249
24753,URY,KAZ,563490.873763314
24754,URY,KEN,246033.446476321
24755,URY,KHM,2912619.64708453
24756,URY,KOR,59222538.5012295
24757,URY,KWT,871907.577409474
24758,URY,LBN,2291322.69922748
24759,URY,LBR,603598.123203319
24760,URY,LBY,369956.061519028
24761,URY,LCA,4691.26569400645
24762,URY,LKA,312712.203530446
24763,URY,LTU,461785.792294613
24764,URY,LUX,553539.504667139
24765,URY,LVA,626368.135525197
24766,URY,MAC,310.499667904537
24767,URY,MAR,3728603.47108546
24768,URY,MDA,267640.792331869
24769,URY,MDG,52566.2255950194
24770,URY,MEX,145818334.209658
24771,URY,MKD,5604638.82468351
24772,URY,MLI,417934.176392509
24773,URY,MLT,36681.8802029578
24774,URY,MMR,1366154.32307592
24775,URY,MNE,101571.589151958
24776,URY,MOZ,496993.811695167
24777,URY,MRT,2730963.60003378
24778,URY,MUS,1496417.09048651
24779,URY,MYS,4282114.40133511
24780,URY,NAM,256981.120264818
24781,URY,NER,228726.371660093
24782,URY,NGA,8104824.99002169
24783,URY,NIC,7079469.02676695
24784,URY,NLD,204044359.359051
24785,URY,NOR,25248283.1052892
24786,URY,NZL,1150566.41206514
24787,URY,OMN,1128130.10552907
24788,URY,PAK,1995083.63912939
24789,URY,PAN,42337913.9546803
24790,URY,PER,74720712.3662201
24791,URY,PHL,23192056.4932465
24792,URY,POL,20683436.6892348
24793,URY,PRT,29956107.9685537
24794,URY,PRY,56918383.695517
24795,URY,PSE,513814.412742465
24796,URY,PYF,5161969.85232072
24797,URY,QAT,830136.084577932
24798,URY,ROU,2064606.08410313
24799,URY,RUS,59512323.8444672
24800,URY,SAU,9198764.00383508
24801,URY,SEN,7443457.96372324
24802,URY,SGP,4588557.11910513
24803,URY,SHN,1185.28694245099
24804,URY,SLE,3368093.87143118
24805,URY,SLV,17969839.6779248
24806,URY,SRB,434734.243468802
24807,URY,SUR,209044.606962533
24808,URY,SVK,1163221.02208055
24809,URY,SVN,5945274.06801632
24810,URY,SWE,2390532.21655277
24811,URY,SWZ,84943.7187622289
24812,URY,SYC,39432.7616553429
24813,URY,SYR,94749.9377194554
24814,URY,TGO,57613.9475824277
24815,URY,THA,21070658.3065189
24816,URY,TTO,7481713.80246095
24817,URY,TUN,73529.4055064259
24818,URY,TUR,112674463.512482
24819,URY,TZA,9931.40426295009
24820,URY,UGA,75986.8954325636
24821,URY,UKR,743575.149808881
24822,URY,USA,293132512.543595
24823,URY,VCT,36.7839049018017
24824,URY,VEN,2347921.4010322
24825,URY,VNM,19016283.4602645
24826,URY,YEM,137170.707232382
24827,URY,ZAF,18008068.8412048
24828,URY,ZMB,355350.025588951
24829,URY,ZWE,79427.7284131808
24830,USA,ABW,246525317.078254
24831,USA,AFG,335525330.289764
24832,USA,AGO,307164285.191049
24833,USA,AIA,23534200.3217881
24834,USA,ALB,42281586.5835612
24835,USA,AND,1864741.92960795
24836,USA,ARE,8261362211.51063
24837,USA,ARG,2975752389.19486
24838,USA,ARM,39291411.8964168
24839,USA,ATG,156226851.47542
24840,USA,AUS,12409663285.2815
24841,USA,AUT,2983200822.277
24842,USA,AZE,318193024.370416
24843,USA,BDI,5598275.36967436
24844,USA,BEL,13813621761.9806
24845,USA,BEN,98800695.3548464
24846,USA,BFA,149142153.15921
24847,USA,BGD,922316628.780856
24848,USA,BGR,225295052.229081
24849,USA,BHR,442759780.346209
24850,USA,BHS,1434519900.98729
24851,USA,BIH,117410656.247737
24852,USA,BLR,230084400.421076
24853,USA,BLZ,197151183.220354
24854,USA,BMU,316101325.232439
24855,USA,BOL,285837010.77813
24856,USA,BRA,17527682657.4989
24857,USA,BRB,319674384.483305
24858,USA,BRN,148298199.202506
24859,USA,BTN,1429021.94750473
24860,USA,BWA,24345592.249151
24861,USA,CAF,11167639.0392046
24862,USA,CAN,127541685775.35
24863,USA,CHE,10447355371.134
24864,USA,CHL,6384811524.28006
24865,USA,CHN,68186267493.6654
24866,USA,CIV,211761027.937488
24867,USA,CMR,122902927.089603
24868,USA,COD,724787858.164037
24869,USA,COG,63516124.5421984
24870,USA,COK,1626576.77294158
24871,USA,COL,6032965599.48803
24872,USA,COM,705456.781851044
24873,USA,CPV,18337384.7882841
24874,USA,CRI,2867311202.00316
24875,USA,CUB,98099404.4515
24876,USA,CYM,549428014.684742
24877,USA,CYP,51572694.5741665
24878,USA,CZE,2151278677.40325
24879,USA,DEU,39210903229.7497
24880,USA,DJI,97605963.1258152
24881,USA,DMA,57578716.5534569
24882,USA,DNK,1529305592.86236
24883,USA,DOM,3803295504.54889
24884,USA,DZA,363231286.038925
24885,USA,ECU,2117817818.96749
24886,USA,EGY,2396322085.23318
24887,USA,ERI,9341800.02748378
24888,USA,ESP,8028292211.10288
24889,USA,EST,220804597.007161
24890,USA,ETH,453767457.160654
24891,USA,FIN,1166027750.51276
24892,USA,FJI,35273275.8737912
24893,USA,FRA,14140417331.4095
24894,USA,FRO,1396649.61058578
24895,USA,FSM,28979448.5450937
24896,USA,GAB,217668742.363306
24897,USA,GBR,29494875409.6897
24898,USA,GEO,278224369.507343
24899,USA,GHA,416075125.840709
24900,USA,GIB,534845096.495668
24901,USA,GIN,67840390.7704389
24902,USA,GMB,20843923.0408795
24903,USA,GNB,1835489.3479409
24904,USA,GNQ,48458968.7819171
24905,USA,GRC,692805551.153722
24906,USA,GRD,76829544.6459061
24907,USA,GRL,3509696.6516104
24908,USA,GTM,3148229433.62925
24909,USA,GUY,369942615.255363
24910,USA,HKG,11981700418.8069
24911,USA,HND,2103857954.96718
24912,USA,HRV,159031887.037806
24913,USA,HTI,701873073.782238
24914,USA,HUN,1156144970.061
24915,USA,IDN,4322004404.18256
24916,USA,IND,13700446685.7763
24917,USA,IRL,7699130915.75816
24918,USA,IRN,39929147.3238146
24919,USA,IRQ,386035613.167969
24920,USA,ISL,191556504.018765
24921,USA,ISR,5095247963.32492
24922,USA,ITA,9962620378.96309
24923,USA,JAM,962047262.287074
24924,USA,JOR,706751383.075551
24925,USA,JPN,35892321390.3392
24926,USA,KAZ,254607928.246101
24927,USA,KEN,265701745.065412
24928,USA,KGZ,59659649.3200361
24929,USA,KHM,171854385.696859
24930,USA,KIR,857651.626230333
24931,USA,KNA,68050026.0203884
24932,USA,KOR,28897048583.1417
24933,USA,KWT,1204995645.16989
24934,USA,LAO,61772465.4801674
24935,USA,LBN,467297778.174232
24936,USA,LBR,46587739.7818744
24937,USA,LBY,158263837.102972
24938,USA,LCA,318805248.576881
24939,USA,LKA,248541907.263337
24940,USA,LSO,1793657.3674661
24941,USA,LTU,509499357.624114
24942,USA,LUX,676717763.510955
24943,USA,LVA,153129941.254
24944,USA,MAC,537342737.294306
24945,USA,MAR,1401800170.93551
24946,USA,MDA,34234751.2850846
24947,USA,MDG,21266461.5434191
24948,USA,MDV,18681910.3419101
24949,USA,MEX,106361624207.734
24950,USA,MHL,73281062.8859288
24951,USA,MKD,118167354.639511
24952,USA,MLI,49644603.8086348
24953,USA,MLT,78657680.4946612
24954,USA,MMR,198818958.840997
24955,USA,MNE,19196712.0446626
24956,USA,MNG,122730516.156173
24957,USA,MOZ,77078936.8930041
24958,USA,MRT,64002549.1792347
24959,USA,MSR,10393962.9033411
24960,USA,MUS,34765611.3448551
24961,USA,MWI,14564289.1207204
24962,USA,MYS,8299013916.49297
24963,USA,NAM,76740330.5093317
24964,USA,NCL,30534082.9017182
24965,USA,NER,100017052.436971
24966,USA,NGA,2512854681.08299
24967,USA,NIC,828444324.249905
24968,USA,NIU,86874.0310655659
24969,USA,NLD,22759693014.7089
24970,USA,NOR,2760957303.38069
24971,USA,NPL,85827054.7713121
24972,USA,NRU,303587.494557864
24973,USA,NZL,1784767866.80987
24974,USA,OMN,566603318.245375
24975,USA,PAK,1463536929.63003
24976,USA,PAN,2883792555.92317
24977,USA,PER,3843801148.43498
24978,USA,PHL,3883169867.58647
24979,USA,PLW,10556142.0037781
24980,USA,PNG,38295549.4791635
24981,USA,POL,3952921817.12026
24982,USA,PRT,825368667.44866
24983,USA,PRY,637318847.549211
24984,USA,PSE,42424187.2353121
24985,USA,PYF,82150744.0701216
24986,USA,QAT,2029997479.23899
24987,USA,ROU,512495908.984967
24988,USA,RUS,6608294992.04676
24989,USA,RWA,40277115.0072351
24990,USA,SAU,7377996825.90029
24991,USA,SDN,35863599.6079387
24992,USA,SEN,140102471.474122
24993,USA,SGP,17581019381.3955
24994,USA,SHN,2428683.95258858
24995,USA,SLB,2334340.11318021
24996,USA,SLE,36923099.5990156
24997,USA,SLV,1314570716.87519
24998,USA,SMR,1030555.98411171
24999,USA,SOM,29480048.2337245
25000,USA,SPM,136006.425374987
25001,USA,SRB,221184052.763432
25002,USA,STP,721157.439774774
25003,USA,SUR,187398165.643985
25004,USA,SVK,518203790.266298
25005,USA,SVN,353647476.424088
25006,USA,SWE,2344852858.17814
25007,USA,SWZ,15584602.3932057
25008,USA,SYC,8533296.29931612
25009,USA,SYR,1067320.38429168
25010,USA,TCA,130062997.0488
25011,USA,TCD,23078562.0177199
25012,USA,TGO,159820715.50285
25013,USA,THA,7460131481.74016
25014,USA,TJK,19027105.7131902
25015,USA,TKL,43719.0838178219
25016,USA,TKM,16457947.7536837
25017,USA,TLS,6245676.97662762
25018,USA,TON,7362820.44243505
25019,USA,TTO,1185327353.23391
25020,USA,TUN,265205114.886248
25021,USA,TUR,5764080274.87119
25022,USA,TUV,841202.64414712
25023,USA,TZA,122911244.703188
25024,USA,UGA,73808567.587911
25025,USA,UKR,1477456577.22448
25026,USA,URY,625143650.593426
25027,USA,UZB,106099167.174322
25028,USA,VAT,157508.130656335
25029,USA,VCT,69720496.4544107
25030,USA,VEN,565830477.150664
25031,USA,VGB,142109151.265028
25032,USA,VNM,6883632030.60808
25033,USA,VUT,3507945.72773465
25034,USA,WLF,78105.9084178652
25035,USA,WSM,13156879.6083033
25036,USA,YEM,165603924.542045
25037,USA,ZAF,2227906922.09808
25038,USA,ZMB,59661400.5539869
25039,USA,ZWE,27768573.8481824
25040,UZB,AFG,294108311.331706
25041,UZB,ARE,38478891.0422556
25042,UZB,ARM,3053835.52860065
25043,UZB,AUS,117129.537027454
25044,UZB,AUT,2475614.86494805
25045,UZB,AZE,29600527.6202067
25046,UZB,BEL,4085255.48686919
25047,UZB,BGD,10897899.7338502
25048,UZB,BGR,1486524.86320779
25049,UZB,BHR,373684.414104377
25050,UZB,BIH,1061790.03546663
25051,UZB,BLR,21315710.2543872
25052,UZB,BOL,885.054260049225
25053,UZB,BRA,945650.929709618
25054,UZB,BRB,40.0096858211304
25055,UZB,CAN,53357378.5147835
25056,UZB,CHE,5738577.73454005
25057,UZB,CHL,125666.422195588
25058,UZB,CHN,809760305.868666
25059,UZB,COL,1886257.13815826
25060,UZB,CZE,3899405.99514039
25061,UZB,DEU,18370385.6653644
25062,UZB,DNK,90164.3276032811
25063,UZB,DOM,16719.5475835776
25064,UZB,EGY,9146970.35177
25065,UZB,ESP,823348.821970514
25066,UZB,EST,6870399.85885853
25067,UZB,ETH,33234.1655563794
25068,UZB,FIN,57123.6288826898
25069,UZB,FRA,8787595.16974337
25070,UZB,GBR,3022701156.6163
25071,UZB,GEO,12296121.2099641
25072,UZB,GRC,1139242.23663053
25073,UZB,HKG,810019.095018131
25074,UZB,HRV,97263.5462311679
25075,UZB,HUN,519787.328707223
25076,UZB,IDN,9403510.96689429
25077,UZB,IND,14979237.2772366
25078,UZB,IRL,12515.7869081537
25079,UZB,ISR,879358.381151514
25080,UZB,ITA,8158798.25624282
25081,UZB,JOR,26388.7883801847
25082,UZB,JPN,4423206.53789419
25083,UZB,KAZ,352165965.579709
25084,UZB,KEN,18540.7584748911
25085,UZB,KGZ,377473028.273267
25086,UZB,KOR,15257484.1071513
25087,UZB,KWT,550046.158973882
25088,UZB,LBN,246994.294084948
25089,UZB,LKA,1229624.11590022
25090,UZB,LTU,18707288.2595718
25091,UZB,LUX,134727.615791929
25092,UZB,LVA,15310340.533
25093,UZB,MAR,5370591.9289942
25094,UZB,MDA,4288555.64317543
25095,UZB,MEX,113070.372856951
25096,UZB,MKD,446559.901305743
25097,UZB,MNE,27518.1317794363
25098,UZB,MUS,10297.6544273199
25099,UZB,MYS,4225807.32362877
25100,UZB,NGA,11098.0611953195
25101,UZB,NLD,9538448.61853315
25102,UZB,NOR,21073.3215752614
25103,UZB,NZL,1086.79809959155
25104,UZB,PAK,48484333.8924783
25105,UZB,PER,855985.722936955
25106,UZB,PHL,2024602.1296695
25107,UZB,POL,35942788.7786002
25108,UZB,PRT,2738984.07218509
25109,UZB,ROU,1167696.0639296
25110,UZB,RUS,869383359.704415
25111,UZB,SAU,5690599.87772905
25112,UZB,SLV,14084.8497577274
25113,UZB,SRB,1822436.18794176
25114,UZB,SVK,526453.648535978
25115,UZB,SVN,642901.648072128
25116,UZB,SWE,85034.0276248222
25117,UZB,SYR,570851.695721942
25118,UZB,THA,65255.7925730529
25119,UZB,TTO,3194.49884634831
25120,UZB,TUN,323793.941274071
25121,UZB,TUR,485109286.107114
25122,UZB,TZA,548.637818032978
25123,UZB,UKR,74107688.7012165
25124,UZB,URY,2610.08686785944
25125,UZB,USA,40764653.5889429
25126,UZB,VNM,9417991.66298123
25127,UZB,YEM,33879.7018322604
25128,UZB,ZAF,65703.4059343875
25129,VAT,AGO,599.090531974496
25130,VAT,AUT,4775.91168569286
25131,VAT,BEL,21912.8583161151
25132,VAT,BIH,242.103610114387
25133,VAT,BMU,2.50060536382065
25134,VAT,CHE,23650.198403405
25135,VAT,CIV,57.7139717969806
25136,VAT,CZE,1022.24747272988
25137,VAT,DEU,178334.034334963
25138,VAT,DNK,73.0821922419495
25139,VAT,ESP,6978.6189322794
25140,VAT,FRA,126679.644483439
25141,VAT,GBR,20572.1717534506
25142,VAT,GUY,14.3919841109334
25143,VAT,HKG,722.468900262188
25144,VAT,IDN,5795.40299119073
25145,VAT,IRL,79883.3962243922
25146,VAT,ITA,29303.850578579
25147,VAT,KHM,2310.55935617028
25148,VAT,KOR,965.733791507534
25149,VAT,LBN,662.660421412472
25150,VAT,LUX,15.6232821920786
25151,VAT,MEX,54643.7285312816
25152,VAT,MNE,2577.27042342788
25153,VAT,MOZ,3613.70383038671
25154,VAT,NAM,4443292.02232701
25155,VAT,NLD,14303.7567522449
25156,VAT,PER,8.46704976189671
25157,VAT,RUS,313.355859351093
25158,VAT,SRB,14.0033900373956
25159,VAT,SVK,18185.8785631105
25160,VAT,SWE,868.802325668682
25161,VAT,THA,9650.95687030795
25162,VAT,TTO,50.2266592166288
25163,VAT,UKR,120.784240283265
25164,VAT,USA,842314.413291875
25165,VAT,VCT,18.5194833244557
25166,VAT,ZAF,38.1677399101401
25167,VAT,ZMB,789.682171715251
25168,VAT,ZWE,55.3984112300826
25169,VCT,ABW,50.3221823415267
25170,VCT,AIA,120838.513422081
25171,VCT,ALB,1321.78698732479
25172,VCT,ATG,1924997.04458243
25173,VCT,AUS,739.006903896353
25174,VCT,AUT,11457.9633229128
25175,VCT,BEL,65425.0335440763
25176,VCT,BGD,2.40558235999546
25177,VCT,BHS,607.597091301141
25178,VCT,BIH,6.40154973138086
25179,VCT,BLZ,134625.871160886
25180,VCT,BMU,10007.6677253359
25181,VCT,BRB,3513306.77557414
25182,VCT,CAN,47860.7414589142
25183,VCT,CHE,2545553.09957902
25184,VCT,CHN,4464.58081656538
25185,VCT,COL,3559.74676808834
25186,VCT,CRI,20.7300184660732
25187,VCT,CZE,8773.12385842836
25188,VCT,DEU,117321.443485495
25189,VCT,DMA,2065394.6069942
25190,VCT,DNK,2111.61619463544
25191,VCT,DOM,1717.50078445439
25192,VCT,ESP,504.729688449651
25193,VCT,FRA,311960.706102757
25194,VCT,GBR,456102.707994307
25195,VCT,GRC,1956198.67108771
25196,VCT,GRD,1124890.74482225
25197,VCT,GUY,88363.9417534375
25198,VCT,IRL,31184.9314636341
25199,VCT,ISR,30.1923091627705
25200,VCT,ITA,1087348.275782
25201,VCT,JAM,5925.52949311323
25202,VCT,JPN,1054441.55449559
25203,VCT,KNA,1523876.5055514
25204,VCT,KOR,21825.2836154266
25205,VCT,LCA,2741747.27612058
25206,VCT,LTU,292.570827567016
25207,VCT,LUX,1723.41971735055
25208,VCT,MEX,253.561383891414
25209,VCT,MOZ,14.1794326550086
25210,VCT,MSR,163345.560821754
25211,VCT,NIC,355.045951976711
25212,VCT,NLD,356838.742487822
25213,VCT,NZL,323.671856718999
25214,VCT,POL,872302.673056958
25215,VCT,PRT,3018292.92420145
25216,VCT,SAU,2351.10267117605
25217,VCT,SGP,7186.7038069033
25218,VCT,SUR,28413.9981569576
25219,VCT,SVK,5373.04874475713
25220,VCT,SVN,50.9773409468477
25221,VCT,SWE,119307.587805032
25222,VCT,THA,1122.62927384973
25223,VCT,TTO,2459599.89693396
25224,VCT,TUR,830978.113922213
25225,VCT,UGA,1126.77277693758
25226,VCT,USA,5517931.16889522
25227,VCT,VGB,347312.964921785
25228,VCT,ZAF,17614.3942142316
25229,VEN,AGO,1331881.63660722
25230,VEN,ALB,16895.3546441653
25231,VEN,AND,8586.10908460002
25232,VEN,ARE,8561786.64195508
25233,VEN,ARG,3145922.82172871
25234,VEN,ATG,2640.22266334099
25235,VEN,AUS,454697.259753688
25236,VEN,AUT,540638.221435372
25237,VEN,AZE,1334.02294949104
25238,VEN,BEL,15239319.2346735
25239,VEN,BFA,6825.00174356917
25240,VEN,BGR,159.681156717495
25241,VEN,BHR,108055.888916039
25242,VEN,BHS,325150.714731162
25243,VEN,BIH,617.30944253422
25244,VEN,BLR,105875.631104166
25245,VEN,BMU,332.800566660162
25246,VEN,BOL,462500.560330597
25247,VEN,BRA,45795376.461088
25248,VEN,BRB,1150.77858843026
25249,VEN,BWA,16.8090692556024
25250,VEN,CAN,4878957.2301701
25251,VEN,CHE,1224601.10839586
25252,VEN,CHL,9437146.86770551
25253,VEN,CHN,267183919.228873
25254,VEN,CIV,982.177772380019
25255,VEN,CMR,3928.87612947409
25256,VEN,COG,66186.2928349842
25257,VEN,COL,13781127.0054255
25258,VEN,CRI,3467055.35371043
25259,VEN,CUB,531185723.85446
25260,VEN,CYP,7237.56361939805
25261,VEN,CZE,6638678.63718446
25262,VEN,DEU,18136049.6556844
25263,VEN,DNK,105081.235791461
25264,VEN,DOM,2647603.8502297
25265,VEN,ECU,5807503.47105849
25266,VEN,EGY,2558712.5633129
25267,VEN,ESP,169784745.015446
25268,VEN,EST,1000447.73029764
25269,VEN,FIN,15093.7765056843
25270,VEN,FJI,42755.3175026146
25271,VEN,FRA,37745701.9302705
25272,VEN,GAB,1238.59484759692
25273,VEN,GBR,23810714.8383324
25274,VEN,GRC,10680633.386512
25275,VEN,GRD,74108.1316084385
25276,VEN,GTM,24981522.1994663
25277,VEN,GUY,1854870.95997543
25278,VEN,HKG,3353063.03616274
25279,VEN,HND,133376.503705381
25280,VEN,HRV,229031.945635551
25281,VEN,HUN,761.684393819769
25282,VEN,IDN,5725274.51400453
25283,VEN,IND,1167921940.50336
25284,VEN,IRL,82714.4435838939
25285,VEN,IRN,1008609.1710756
25286,VEN,ISL,4428.07247837468
25287,VEN,ISR,391094.678901549
25288,VEN,ITA,103814840.82682
25289,VEN,JAM,116521.87342005
25290,VEN,JOR,35617.0804288729
25291,VEN,JPN,18809729.8833477
25292,VEN,KAZ,920.577859847661
25293,VEN,KOR,7229680.71104914
25294,VEN,KWT,100980.946165024
25295,VEN,LBN,8430801.48666384
25296,VEN,LCA,18986.861470586
25297,VEN,LKA,634977.951348888
25298,VEN,LTU,3086.24714002744
25299,VEN,LUX,105721.344753461
25300,VEN,MAR,565121.819593947
25301,VEN,MDA,410.099279666586
25302,VEN,MDG,1973.4512467104
25303,VEN,MEX,3925982.42894707
25304,VEN,MKD,125.770447378723
25305,VEN,MLT,2291.7998147309
25306,VEN,MMR,7398.51108267178
25307,VEN,MNE,4564.86759468141
25308,VEN,MOZ,437.21634435293
25309,VEN,MSR,30971.0706907409
25310,VEN,MUS,2113.19657722537
25311,VEN,MYS,218622622.42068
25312,VEN,NGA,137215.56409164
25313,VEN,NIC,222213.089879845
25314,VEN,NLD,35370737.3619415
25315,VEN,NOR,145875.292998635
25316,VEN,NZL,46903.5497353295
25317,VEN,OMN,11911.8552041949
25318,VEN,PAK,453151.973160035
25319,VEN,PAN,4023861.62421881
25320,VEN,PER,6292864.59513228
25321,VEN,PHL,358358.253841628
25322,VEN,POL,304580.735008374
25323,VEN,PRT,14524073.9401517
25324,VEN,PRY,25361.6397209418
25325,VEN,PYF,14662.6651392666
25326,VEN,QAT,47893.3473523742
25327,VEN,ROU,2485989.00039042
25328,VEN,RUS,773653.996503873
25329,VEN,SAU,140068.971864305
25330,VEN,SEN,85196.2558981633
25331,VEN,SGP,695559.756410756
25332,VEN,SLV,72750.5069452816
25333,VEN,SRB,34184.7756866465
25334,VEN,SUR,773857.450757484
25335,VEN,SVK,492286.292566417
25336,VEN,SVN,188257.924778916
25337,VEN,SWE,15258.3408445562
25338,VEN,SWZ,18.2944288417119
25339,VEN,SYC,3898.61130275577
25340,VEN,THA,3735596.60703212
25341,VEN,TTO,594099.775277639
25342,VEN,TUN,70767.3868578714
25343,VEN,TUR,30896512.6412132
25344,VEN,UKR,373384.286447401
25345,VEN,URY,57058.7981880274
25346,VEN,USA,89680918.5762845
25347,VEN,VNM,600481.218641531
25348,VEN,ZAF,42528.1515087016
25349,VEN,ZMB,1409.26966573591
25350,VGB,AGO,46933.9570965536
25351,VGB,ARM,751.812003843405
25352,VGB,AUS,119750.894123688
25353,VGB,AUT,61320.7414486934
25354,VGB,AZE,2542.69555330448
25355,VGB,BEL,159198.224305881
25356,VGB,BHS,1067.75849035142
25357,VGB,BMU,101843.099881151
25358,VGB,BRA,983150.007745472
25359,VGB,BRB,15065.897256483
25360,VGB,CAN,336460.006562653
25361,VGB,CHE,1009067.13294218
25362,VGB,CHL,12843.1941691652
25363,VGB,CHN,133532.826549095
25364,VGB,COL,15387.9352176573
25365,VGB,CRI,50221.5329756329
25366,VGB,CYP,211284166.954187
25367,VGB,CZE,31830.7057971458
25368,VGB,DEU,36891.0018285656
25369,VGB,DMA,6884.25208730169
25370,VGB,DNK,22426.0330489995
25371,VGB,DOM,6794369.7129556
25372,VGB,ECU,2729.16069407385
25373,VGB,ESP,630984.947194859
25374,VGB,EST,13545.2991395866
25375,VGB,FIN,1948.4872032423
25376,VGB,FRA,9425940.29774164
25377,VGB,GBR,2531487.85806819
25378,VGB,GEO,181435.898255608
25379,VGB,GRC,1999558.36140107
25380,VGB,GRD,22146.6594163006
25381,VGB,GUY,40752.6766894924
25382,VGB,HRV,47355.9642589627
25383,VGB,HUN,11210.7139670807
25384,VGB,IDN,584145.413957085
25385,VGB,IND,5081122.10814031
25386,VGB,IRL,154111.553389447
25387,VGB,ISL,146.806539941328
25388,VGB,ITA,3210238.83729405
25389,VGB,JAM,108080.09477596
25390,VGB,JPN,10090.2602198975
25391,VGB,KGZ,6203.0016654935
25392,VGB,KOR,1346.8260489538
25393,VGB,LCA,10993.2063113249
25394,VGB,LKA,16385.2371513988
25395,VGB,LUX,21373.4857410762
25396,VGB,MEX,16598.5182839687
25397,VGB,MLT,14994952.5817061
25398,VGB,MNE,142.554010459615
25399,VGB,MOZ,481354.737179974
25400,VGB,MYS,1590399.3738669
25401,VGB,NGA,431988.75732255
25402,VGB,NLD,49731.2602870337
25403,VGB,NZL,9765.28904863148
25404,VGB,PAK,4555.68387142224
25405,VGB,PHL,41868.1357275219
25406,VGB,POL,308577.202500832
25407,VGB,PRT,17951362.5738598
25408,VGB,PRY,3777.91458366023
25409,VGB,RUS,15851.6724823778
25410,VGB,SAU,53649.6533787016
25411,VGB,SVK,8416.59554759198
25412,VGB,SVN,39171.0227917907
25413,VGB,SWE,472302.664291637
25414,VGB,SYC,88957794.6474484
25415,VGB,THA,287160.527804275
25416,VGB,TTO,22146.1382901427
25417,VGB,TZA,9627.33065070949
25418,VGB,UGA,38645.8556557026
25419,VGB,UKR,144159.784196414
25420,VGB,URY,4943.52176189795
25421,VGB,USA,4263584.15790577
25422,VGB,VCT,121975.938777869
25423,VGB,ZAF,693.089787963732
25424,VGB,ZWE,2112845.97734973
25425,VNM,AGO,9629645.59812796
25426,VNM,ALB,10525779.2518533
25427,VNM,AND,2339786.57569748
25428,VNM,ARE,2926774202.67863
25429,VNM,ARG,377338617.099081
25430,VNM,ARM,15961803.4536441
25431,VNM,AUS,2213873360.27599
25432,VNM,AUT,1441485330.59461
25433,VNM,AZE,40285387.5749155
25434,VNM,BEL,1157119511.94283
25435,VNM,BEN,3229438.53228885
25436,VNM,BFA,8211858.79150374
25437,VNM,BGD,346638485.490145
25438,VNM,BGR,38645496.9908745
25439,VNM,BHR,63006250.7084185
25440,VNM,BHS,266142.929718941
25441,VNM,BIH,37051156.4899124
25442,VNM,BLR,41471689.7531417
25443,VNM,BLZ,3126871.77722025
25444,VNM,BMU,1553251.69690064
25445,VNM,BOL,13346800.6056903
25446,VNM,BRA,1226805540.56003
25447,VNM,BRB,221635.405029906
25448,VNM,BRN,10564384.1040826
25449,VNM,BWA,238756.038211056
25450,VNM,CAF,119511.967782749
25451,VNM,CAN,3046633152.99181
25452,VNM,CHE,1441501774.11937
25453,VNM,CHL,509098889.591046
25454,VNM,CHN,39246036773.6937
25455,VNM,CIV,153048515.836972
25456,VNM,CMR,12338303.7728103
25457,VNM,COD,6237564.40468016
25458,VNM,COG,2543928.02166893
25459,VNM,COL,311359790.874047
25460,VNM,COM,3631722.09087168
25461,VNM,CPV,1242345.33504082
25462,VNM,CRI,58831686.2210095
25463,VNM,CUB,95635603.6225754
25464,VNM,CYP,20242415.3877516
25465,VNM,CZE,718756556.552378
25466,VNM,DEU,5853344313.5323
25467,VNM,DMA,36111.4836174121
25468,VNM,DNK,182711884.289122
25469,VNM,DOM,30939118.0809324
25470,VNM,DZA,74059811.843356
25471,VNM,ECU,89524899.0359964
25472,VNM,EGY,411929461.052539
25473,VNM,ESP,1407155638.18102
25474,VNM,EST,43180252.0737111
25475,VNM,ETH,15135360.7376824
25476,VNM,FIN,213585142.142655
25477,VNM,FJI,9799890.25012936
25478,VNM,FRA,2069452726.60133
25479,VNM,GAB,15771526.6916312
25480,VNM,GBR,2521141333.44204
25481,VNM,GEO,4502869.48074971
25482,VNM,GHA,181776385.979729
25483,VNM,GMB,247589.382147977
25484,VNM,GRC,129581278.670088
25485,VNM,GRD,37392.01811805
25486,VNM,GTM,102119961.905823
25487,VNM,GUY,1053979.07003416
25488,VNM,HKG,7630349331.98972
25489,VNM,HND,35682172.8568975
25490,VNM,HRV,25213118.2778448
25491,VNM,HUN,504328096.229432
25492,VNM,IDN,1565681908.59216
25493,VNM,IND,2782990959.35233
25494,VNM,IRL,166672246.532812
25495,VNM,IRN,16434445.5641113
25496,VNM,IRQ,149380007.745692
25497,VNM,ISL,20829481.5587857
25498,VNM,ISR,341697770.303682
25499,VNM,ITA,1635262005.45016
25500,VNM,JAM,7246398.74326587
25501,VNM,JOR,91312136.6153158
25502,VNM,JPN,11025755169.4248
25503,VNM,KAZ,131313207.230818
25504,VNM,KEN,45916981.769141
25505,VNM,KGZ,2400464.1209368
25506,VNM,KHM,2111059035.59353
25507,VNM,KIR,1298791.20384667
25508,VNM,KOR,10291786230.2062
25509,VNM,KWT,179819168.866589
25510,VNM,LAO,284626161.317328
25511,VNM,LBN,28641562.7473657
25512,VNM,LBR,658943.036482248
25513,VNM,LCA,681087.252306987
25514,VNM,LKA,125425948.759118
25515,VNM,LTU,52165708.243012
25516,VNM,LUX,82917464.7101506
25517,VNM,LVA,104988428.829611
25518,VNM,MAC,36218370.0087081
25519,VNM,MAR,134359889.729263
25520,VNM,MDA,22620331.5861316
25521,VNM,MDG,10426247.6965669
25522,VNM,MDV,6262756.51235961
25523,VNM,MEX,3303016053.44344
25524,VNM,MKD,29696899.3905506
25525,VNM,MLT,7041508.14843529
25526,VNM,MMR,316707264.273848
25527,VNM,MNE,12193344.9791842
25528,VNM,MNG,28032949.820144
25529,VNM,MOZ,36017144.5866679
25530,VNM,MRT,252077.537171549
25531,VNM,MUS,19896679.6841641
25532,VNM,MWI,2111412.96243558
25533,VNM,MYS,2143025146.47097
25534,VNM,NAM,1277027.74269766
25535,VNM,NER,6655440.88510523
25536,VNM,NGA,69879646.3565184
25537,VNM,NIC,21779829.6416146
25538,VNM,NLD,3498583754.00838
25539,VNM,NOR,432256915.872224
25540,VNM,NPL,31583109.9874418
25541,VNM,NZL,313145156.656729
25542,VNM,OMN,20748818.2892642
25543,VNM,PAK,219028865.809886
25544,VNM,PAN,154652465.863775
25545,VNM,PER,235909295.882008
25546,VNM,PHL,1782125712.30085
25547,VNM,PNG,34991271.8743149
25548,VNM,POL,1644546100.58055
25549,VNM,PRT,187861488.597906
25550,VNM,PRY,38101723.9285352
25551,VNM,PSE,7411339.848348
25552,VNM,PYF,7461521.95177826
25553,VNM,QAT,250033433.282759
25554,VNM,ROU,112110740.982638
25555,VNM,RUS,2023164064.14766
25556,VNM,RWA,2134023.17907302
25557,VNM,SAU,611825225.051467
25558,VNM,SEN,22142294.9332163
25559,VNM,SGP,2005938266.03296
25560,VNM,SLV,49807835.3698587
25561,VNM,SRB,112764437.293957
25562,VNM,SUR,470566.203417193
25563,VNM,SVK,2135803223.93357
25564,VNM,SVN,142019656.71757
25565,VNM,SWE,694341768.760892
25566,VNM,SWZ,416123.64808731
25567,VNM,SYC,1269868.29848994
25568,VNM,TGO,87260356.9385019
25569,VNM,THA,2718786223.93346
25570,VNM,TLS,10315355.2874664
25571,VNM,TTO,10037837.1944694
25572,VNM,TUN,29886259.6922005
25573,VNM,TUR,684443175.732113
25574,VNM,TZA,18968851.1230166
25575,VNM,UGA,24715664.8388799
25576,VNM,UKR,229969820.502778
25577,VNM,URY,30054673.6650184
25578,VNM,USA,41616034855.7013
25579,VNM,UZB,36462793.6849801
25580,VNM,VCT,251128.269866363
25581,VNM,VEN,11010807.5208473
25582,VNM,ZAF,440300562.380736
25583,VNM,ZMB,2871345.72620865
25584,VNM,ZWE,115508.568112101
25585,VUT,AUS,411763.163471072
25586,VUT,AUT,19272.6246501105
25587,VUT,BEL,1354.14432061156
25588,VUT,BIH,283.473625253436
25589,VUT,BRA,335.581239824731
25590,VUT,CAN,16506.9641199042
25591,VUT,CHL,14038.8186141902
25592,VUT,CHN,3969497.96348828
25593,VUT,CZE,3425.82934843429
25594,VUT,DEU,69352.5688489543
25595,VUT,DNK,41336.1634439966
25596,VUT,ESP,140528.294560316
25597,VUT,FIN,285.047006148352
25598,VUT,FJI,4589211.73207836
25599,VUT,FRA,33298.5056322694
25600,VUT,GBR,33855.1483881931
25601,VUT,HKG,76242.8984075322
25602,VUT,HRV,82.0198559333172
25603,VUT,IDN,7114372.79651264
25604,VUT,IND,7849.23119611042
25605,VUT,IRL,7619.14949634314
25606,VUT,JPN,21000553.024948
25607,VUT,KIR,3312122.48999251
25608,VUT,KOR,5619843.49053405
25609,VUT,MEX,37307.5316649858
25610,VUT,MOZ,1337.68833683333
25611,VUT,MYS,1623539.33211692
25612,VUT,NLD,163544.949591165
25613,VUT,NZL,295360.592432566
25614,VUT,PAK,141030.930741955
25615,VUT,PER,25.6712146649828
25616,VUT,PHL,2546600.99876169
25617,VUT,POL,143045.629474142
25618,VUT,PYF,2774.99428978732
25619,VUT,SAU,11894.879094501
25620,VUT,SGP,641242.136826182
25621,VUT,SRB,8.5020582369902
25622,VUT,SVN,6092.34487693371
25623,VUT,SWE,325.800872125756
25624,VUT,THA,43279964.8038576
25625,VUT,TTO,15069183.125949
25626,VUT,UKR,50.1671448089698
25627,VUT,URY,63967.1256036508
25628,VUT,USA,2752196.77080644
25629,VUT,VCT,6795.02998779949
25630,VUT,ZAF,3629.61668267992
25631,WLF,CAN,1984.22185413345
25632,WLF,CZE,124.030026045504
25633,WLF,DEU,4258.56644318273
25634,WLF,DNK,47.9316036137142
25635,WLF,DOM,230.890895663016
25636,WLF,FJI,3335.36244758198
25637,WLF,FRA,71743.8502468741
25638,WLF,IND,423.061417630487
25639,WLF,IRL,71.4042860428258
25640,WLF,LBN,655.15860532101
25641,WLF,NGA,35.0184775149444
25642,WLF,POL,1195.28936390627
25643,WLF,RWA,51.3274256977826
25644,WLF,SVK,1948.4872032423
25645,WLF,SYC,2371.50761094482
25646,WLF,USA,397958.840625237
25647,WLF,ZAF,13.5807877309099
25648,WSM,AUS,1114324.40935077
25649,WSM,AUT,1170.28681111557
25650,WSM,BEL,10936.0104649593
25651,WSM,BRA,942670.708237016
25652,WSM,CAN,55820.358377963
25653,WSM,CHE,14596.8732119023
25654,WSM,CHL,18991.5115963205
25655,WSM,CHN,287761.663331316
25656,WSM,COL,149.531199545747
25657,WSM,CRI,107.135936207532
25658,WSM,CZE,3290.29653771521
25659,WSM,DEU,147016.542780266
25660,WSM,DNK,1678.14175614893
25661,WSM,DOM,925.929155326237
25662,WSM,ESP,423.159941481821
25663,WSM,FJI,50911.5520202099
25664,WSM,FRA,1576.04103890198
25665,WSM,GBR,3198.957425712
25666,WSM,HKG,143.900836508569
25667,WSM,IDN,2464445.61001766
25668,WSM,IND,322007.979916208
25669,WSM,IRL,2974.99870823857
25670,WSM,ISR,656658.968539302
25671,WSM,ITA,2198.68827364582
25672,WSM,JPN,211272.434290362
25673,WSM,KOR,624007.063940678
25674,WSM,MEX,241824.542555785
25675,WSM,MKD,0.240058114926782
25676,WSM,MYS,9163.67040463416
25677,WSM,NLD,1768451.01133728
25678,WSM,NZL,2900233.15247635
25679,WSM,PAK,2544.9776057595
25680,WSM,PHL,819.698438260408
25681,WSM,PNG,770.225461500435
25682,WSM,PYF,12499.705515059
25683,WSM,RUS,1273.26824157165
25684,WSM,SAU,10551.6209092803
25685,WSM,SGP,150.409912270594
25686,WSM,SVK,110.248689764416
25687,WSM,SWE,380.101017480048
25688,WSM,THA,13458.1515422942
25689,WSM,USA,2658817.16482636
25690,WSM,ZAF,11492.6367168875
25691,YEM,ALB,313.490391919667
25692,YEM,ARE,62744090.5313718
25693,YEM,ARG,4300.14100784054
25694,YEM,ARM,0.800193716422607
25695,YEM,AUS,24279.5337572549
25696,YEM,AUT,8015928.69189174
25697,YEM,BEL,1348984.23542249
25698,YEM,BGR,1539468.5151728
25699,YEM,BHR,3480259.57027839
25700,YEM,BIH,2677.30314003894
25701,YEM,BRA,16457.4841414492
25702,YEM,CAN,251731.391374184
25703,YEM,CHE,5539.28248776998
25704,YEM,CHN,337091162.357208
25705,YEM,CIV,21701.1035530593
25706,YEM,CMR,16347.4324993875
25707,YEM,COM,151.499175967074
25708,YEM,CZE,22541.4569916248
25709,YEM,DEU,7107033.35272939
25710,YEM,DOM,1225.51168033341
25711,YEM,EGY,22843922.5195693
25712,YEM,ESP,3383343.21309715
25713,YEM,ETH,1358009.74137932
25714,YEM,FIN,125.100785262292
25715,YEM,FRA,890347.730529126
25716,YEM,GBR,314959.899168133
25717,YEM,GMB,2117.99823964498
25718,YEM,GRC,1522521.79309325
25719,YEM,HKG,5325556.78807619
25720,YEM,IDN,932265.189197086
25721,YEM,IND,6863490.07959144
25722,YEM,IRL,39939.6988782078
25723,YEM,ITA,3148857.78424471
25724,YEM,JOR,187163.658871466
25725,YEM,JPN,3241709.21486045
25726,YEM,KEN,35046.4977982881
25727,YEM,KOR,19977795.362708
25728,YEM,KWT,7582739.68200376
25729,YEM,LBN,112727.789922108
25730,YEM,LBR,42997.52413767
25731,YEM,LKA,302240.485464598
25732,YEM,LUX,17.3196928708946
25733,YEM,MAC,4816.9366172917
25734,YEM,MAR,439.567913637067
25735,YEM,MDV,6634.22105806291
25736,YEM,MEX,2212.53562590851
25737,YEM,MNE,441.842464275998
25738,YEM,MOZ,884.532133649259
25739,YEM,MYS,34114203.4795391
25740,YEM,NLD,1913513.03945513
25741,YEM,NOR,20663.4868596423
25742,YEM,NZL,470.264844962257
25743,YEM,OMN,128027663.705745
25744,YEM,PAK,12608357.1536983
25745,YEM,POL,651462.21047221
25746,YEM,PRT,261348.028436115
25747,YEM,QAT,1442322.99201347
25748,YEM,RUS,2229.68477749359
25749,YEM,SAU,89772927.1398531
25750,YEM,SEN,7300.65489296939
25751,YEM,SGP,14896968.1034467
25752,YEM,SVK,6.85465942330516
25753,YEM,SVN,5240.43364037656
25754,YEM,SWE,217.20058141717
25755,YEM,THA,22778947.2469064
25756,YEM,TTO,8477.10369582249
25757,YEM,TUR,3833753.60155542
25758,YEM,TZA,115452.219470833
25759,YEM,UKR,107988.252542158
25760,YEM,USA,2071258.42454766
25761,YEM,ZAF,3070.2522678783
25762,ZAF,ABW,691431.401490079
25763,ZAF,AFG,330755.039464808
25764,ZAF,AGO,195769764.380438
25765,ZAF,AIA,6925.50307362542
25766,ZAF,ALB,1046755.21923445
25767,ZAF,AND,574685.927939364
25768,ZAF,ARE,1846752894.76663
25769,ZAF,ARG,65260386.4141617
25770,ZAF,ARM,2726654.2472959
25771,ZAF,ATG,802113.237613557
25772,ZAF,AUS,379910407.358833
25773,ZAF,AUT,296553137.52362
25774,ZAF,AZE,4235515.5228567
25775,ZAF,BDI,7544099.06661666
25776,ZAF,BEL,1214931325.78109
25777,ZAF,BEN,11675239.4241123
25778,ZAF,BFA,32404178.5989032
25779,ZAF,BGD,106251057.115388
25780,ZAF,BGR,16308000.4359011
25781,ZAF,BHR,19099899.995733
25782,ZAF,BHS,3725424.267942
25783,ZAF,BIH,2864237.72945569
25784,ZAF,BLR,3813123.10718283
25785,ZAF,BLZ,314513.739658756
25786,ZAF,BMU,267543.237715174
25787,ZAF,BOL,3407317.31191261
25788,ZAF,BRA,313152511.123149
25789,ZAF,BRB,827207.824684549
25790,ZAF,BRN,21533075.7507282
25791,ZAF,BTN,96271.5875909678
25792,ZAF,BWA,1925626576.49336
25793,ZAF,CAF,474563.830690419
25794,ZAF,CAN,710848717.305526
25795,ZAF,CHE,1211151726.07898
25796,ZAF,CHL,28557235.7168956
25797,ZAF,CHN,10414790275.8753
25798,ZAF,CIV,54941841.1789507
25799,ZAF,CMR,29334553.1662735
25800,ZAF,COD,390678480.760928
25801,ZAF,COG,25950970.0781057
25802,ZAF,COK,78378.5994327898
25803,ZAF,COL,9704155.94410723
25804,ZAF,COM,2847727.2269792
25805,ZAF,CPV,30117392.2158585
25806,ZAF,CRI,3185191.70421105
25807,ZAF,CUB,3332127.73900139
25808,ZAF,CYM,422379.205975977
25809,ZAF,CYP,3870464.79035361
25810,ZAF,CZE,326965252.507002
25811,ZAF,DEU,4515186567.44014
25812,ZAF,DJI,21358304.9635087
25813,ZAF,DMA,169303.409638953
25814,ZAF,DNK,41446234.8163348
25815,ZAF,DOM,5655209.69722968
25816,ZAF,DZA,12911181.884601
25817,ZAF,ECU,2575172.47104107
25818,ZAF,EGY,41882762.8085467
25819,ZAF,ERI,5055437.52723954
25820,ZAF,ESP,460025308.126945
25821,ZAF,EST,12501698.9526442
25822,ZAF,ETH,81253642.7181291
25823,ZAF,FIN,98742985.1959725
25824,ZAF,FJI,1142179.46519511
25825,ZAF,FRA,282158303.372729
25826,ZAF,FRO,7282.34896134301
25827,ZAF,GAB,18515513.5749313
25828,ZAF,GBR,3847093738.17835
25829,ZAF,GEO,4231678.44895134
25830,ZAF,GHA,174819373.272033
25831,ZAF,GIB,10292128.6951125
25832,ZAF,GIN,36617613.1737515
25833,ZAF,GMB,1890807.64277586
25834,ZAF,GNB,286939.545807427
25835,ZAF,GNQ,1846348.60032374
25836,ZAF,GRC,34993452.93032
25837,ZAF,GRD,631059.833823931
25838,ZAF,GTM,2763240.44433522
25839,ZAF,GUY,5566520.00261574
25840,ZAF,HKG,914449692.581596
25841,ZAF,HND,1557180.85809913
25842,ZAF,HRV,3224954.30221545
25843,ZAF,HTI,616088.319916422
25844,ZAF,HUN,44543018.3975967
25845,ZAF,IDN,344524146.285304
25846,ZAF,IND,3337376092.99118
25847,ZAF,IRL,56510038.2794379
25848,ZAF,IRN,4207734.13734698
25849,ZAF,IRQ,28159290.9971889
25850,ZAF,ISL,4119883.01323998
25851,ZAF,ISR,94753548.0679735
25852,ZAF,ITA,747134865.133357
25853,ZAF,JAM,1915675.58347873
25854,ZAF,JOR,20246547.2240151
25855,ZAF,JPN,2880564516.39756
25856,ZAF,KAZ,7105174.22215822
25857,ZAF,KEN,228492312.294384
25858,ZAF,KGZ,10299441.3599129
25859,ZAF,KHM,5776914.35033283
25860,ZAF,KIR,4006.41990180617
25861,ZAF,KNA,24361.091501317
25862,ZAF,KOR,846242969.343863
25863,ZAF,KWT,62016688.9284669
25864,ZAF,LAO,141188.259829268
25865,ZAF,LBN,8090883.69701717
25866,ZAF,LBR,4931593.69726967
25867,ZAF,LBY,1747712.97142932
25868,ZAF,LCA,159761.416147252
25869,ZAF,LKA,114565854.481974
25870,ZAF,LSO,522162563.87256
25871,ZAF,LTU,19391253.173523
25872,ZAF,LUX,8227389.61931383
25873,ZAF,LVA,27099534.4129942
25874,ZAF,MAC,4224312.96386383
25875,ZAF,MAR,16579134.38288
25876,ZAF,MDA,1772249.53841095
25877,ZAF,MDG,78536166.1966405
25878,ZAF,MDV,4905720.74376636
25879,ZAF,MEX,253987474.042261
25880,ZAF,MHL,2806232.27609484
25881,ZAF,MKD,38415584.2049991
25882,ZAF,MLI,38617684.7428934
25883,ZAF,MLT,2199922.44642289
25884,ZAF,MMR,3150547.69535006
25885,ZAF,MNE,839905.200553012
25886,ZAF,MNG,1588554.84833142
25887,ZAF,MOZ,1543256773.20297
25888,ZAF,MRT,10060910.0956167
25889,ZAF,MUS,161875137.21345
25890,ZAF,MWI,274442351.545309
25891,ZAF,MYS,258254129.422669
25892,ZAF,NAM,1334967004.905
25893,ZAF,NCL,527916.576191611
25894,ZAF,NER,2986227.36154853
25895,ZAF,NGA,323830941.218773
25896,ZAF,NIC,1037119.04294233
25897,ZAF,NLD,1654945128.76013
25898,ZAF,NOR,122769582.507625
25899,ZAF,NPL,42882828.3413193
25900,ZAF,NZL,39031160.2529012
25901,ZAF,OMN,21367983.6040808
25902,ZAF,PAK,460895447.125204
25903,ZAF,PAN,8633459.34747875
25904,ZAF,PER,19685239.298715
25905,ZAF,PHL,27978810.3036758
25906,ZAF,PNG,3789344.27313842
25907,ZAF,POL,184867192.427005
25908,ZAF,PRK,228897.254028477
25909,ZAF,PRT,122553932.531089
25910,ZAF,PRY,712963.099032161
25911,ZAF,PSE,826973.43944295
25912,ZAF,PYF,2370705.97838008
25913,ZAF,QAT,46291607.8987224
25914,ZAF,ROU,43810397.3221258
25915,ZAF,RUS,346198336.654874
25916,ZAF,RWA,72911014.8821517
25917,ZAF,SAU,406039664.338364
25918,ZAF,SDN,7083724.08986202
25919,ZAF,SEN,47609133.2268553
25920,ZAF,SGP,253577890.684992
25921,ZAF,SHN,3483532.92771538
25922,ZAF,SLB,2025448.29101408
25923,ZAF,SLE,9946310.87614598
25924,ZAF,SLV,1138948.78959084
25925,ZAF,SOM,5888986.87262323
25926,ZAF,SRB,34144996.55664
25927,ZAF,STP,276590.668979834
25928,ZAF,SUR,4551847.40266338
25929,ZAF,SVK,32411550.5900657
25930,ZAF,SVN,67006311.4482548
25931,ZAF,SWE,72124126.6658165
25932,ZAF,SWZ,584676084.064371
25933,ZAF,SYC,23442449.5176196
25934,ZAF,SYR,431687.448379599
25935,ZAF,TCA,10820.1789236596
25936,ZAF,TCD,733846.153546257
25937,ZAF,TGO,15643988.4502927
25938,ZAF,THA,235158665.925823
25939,ZAF,TJK,243646.483623865
25940,ZAF,TKL,247595.413608115
25941,ZAF,TLS,163718.008986579
25942,ZAF,TON,10264.1253103597
25943,ZAF,TTO,2777229.55991696
25944,ZAF,TUN,3647963.04409383
25945,ZAF,TUR,444055407.00046
25946,ZAF,TUV,94655.2673009865
25947,ZAF,TZA,172956900.171179
25948,ZAF,UGA,110462894.620607
25949,ZAF,UKR,43101853.6094693
25950,ZAF,URY,5712055.54086419
25951,ZAF,USA,5721584884.29348
25952,ZAF,UZB,1258718.32122642
25953,ZAF,VCT,14311.4106051425
25954,ZAF,VEN,613509.068013303
25955,ZAF,VGB,22247451.9013416
25956,ZAF,VNM,357204285.079398
25957,ZAF,VUT,305309.03331986
25958,ZAF,WSM,89424.4129796377
25959,ZAF,YEM,16001244.0606988
25960,ZAF,ZMB,886145907.361747
25961,ZAF,ZWE,1266669088.9582
25962,ZMB,AGO,834264.534521614
25963,ZMB,ALB,20.8655512767922
25964,ZMB,ARE,329109069.937135
25965,ZMB,ARG,339245.897490374
25966,ZMB,ARM,12041.3150447274
25967,ZMB,AUS,3897903.12431504
25968,ZMB,AUT,904273.086675538
25969,ZMB,AZE,2778.65767664532
25970,ZMB,BDI,16423502.5369476
25971,ZMB,BEL,30731458.1966931
25972,ZMB,BGR,252745.176798362
25973,ZMB,BHR,10845542.6688903
25974,ZMB,BHS,2032.99216078619
25975,ZMB,BIH,1625.24845137232
25976,ZMB,BLR,1450.35111101598
25977,ZMB,BMU,45.2109449778773
25978,ZMB,BRA,298114.669658606
25979,ZMB,BWA,12033262.4948105
25980,ZMB,CAN,40013566.4040687
25981,ZMB,CHE,1765155882.94984
25982,ZMB,CHL,835.859350605708
25983,ZMB,CHN,1753446464.93303
25984,ZMB,CIV,20660.0845359843
25985,ZMB,CMR,19323.6094928735
25986,ZMB,COD,488752624.190066
25987,ZMB,COG,1104097.29049918
25988,ZMB,COL,470.671443394414
25989,ZMB,CRI,7183.55404438703
25990,ZMB,CUB,15.7638162135254
25991,ZMB,CYP,20281.7444448014
25992,ZMB,CZE,16039.3829246184
25993,ZMB,DEU,40145895.0881106
25994,ZMB,DNK,1358144.4449893
25995,ZMB,DOM,2164.95910825646
25996,ZMB,DZA,1147041.88032215
25997,ZMB,EGY,96641881.420256
25998,ZMB,ESP,3584157.97022078
25999,ZMB,EST,4261.22658716876
26000,ZMB,ETH,140987.436212499
26001,ZMB,FIN,340009.537357588
26002,ZMB,FRA,4723649.98231868
26003,ZMB,GAB,120695.339261491
26004,ZMB,GBR,9600950.48141588
26005,ZMB,GHA,866005.183517187
26006,ZMB,GIN,6256.3835885582
26007,ZMB,GMB,4540.49819516883
26008,ZMB,GRC,5597196.51149692
26009,ZMB,HKG,25359515.5182001
26010,ZMB,HRV,321159.248449432
26011,ZMB,HUN,72739.258222113
26012,ZMB,IDN,1999675.09516079
26013,ZMB,IND,171179012.139263
26014,ZMB,IRL,82171.1975711464
26015,ZMB,IRN,321125.740337557
26016,ZMB,ISL,1448.70771317087
26017,ZMB,ISR,67742.5795916331
26018,ZMB,ITA,13601467.354176
26019,ZMB,JAM,3165.56134095711
26020,ZMB,JOR,4801.86746924824
26021,ZMB,JPN,9290749.90791818
26022,ZMB,KAZ,99005.823013567
26023,ZMB,KEN,20074500.2626982
26024,ZMB,KOR,7583960.97766345
26025,ZMB,KWT,12090446.9389157
26026,ZMB,LBN,2364.57943372382
26027,ZMB,LBR,1319.67947712416
26028,ZMB,LKA,5548518.15810486
26029,ZMB,LSO,5520127.9547083
26030,ZMB,LTU,520.125915674695
26031,ZMB,LUX,54255605.4362616
26032,ZMB,LVA,9635.04351789366
26033,ZMB,MAC,15514.3493208567
26034,ZMB,MAR,2036.64254449629
26035,ZMB,MDG,1611153.07306577
26036,ZMB,MEX,410921.880807553
26037,ZMB,MLI,5548.36018536173
26038,ZMB,MNE,405.552678994088
26039,ZMB,MOZ,9327696.83278498
26040,ZMB,MRT,38389.8831881194
26041,ZMB,MUS,1407350.82320926
26042,ZMB,MWI,59343371.5263229
26043,ZMB,MYS,1394984.87657547
26044,ZMB,NAM,33025541.0576196
26045,ZMB,NER,4120.02940517956
26046,ZMB,NGA,290592.4136189
26047,ZMB,NIC,20480.1744821156
26048,ZMB,NLD,5722728.54215808
26049,ZMB,NOR,240949.26166174
26050,ZMB,NZL,17944.0025080843
26051,ZMB,OMN,21495.0076599418
26052,ZMB,PAK,14829604.4875972
26053,ZMB,PER,12772.7971269629
26054,ZMB,PHL,13219.4357523267
26055,ZMB,POL,5276575.38982093
26056,ZMB,PRK,1107.44759856491
26057,ZMB,PRT,222924.961714697
26058,ZMB,QAT,900274.701218766
26059,ZMB,ROU,103604.931397495
26060,ZMB,RUS,5837428.93012034
26061,ZMB,RWA,8747031.65684796
26062,ZMB,SAU,24240738.4264132
26063,ZMB,SDN,14774.6352457634
26064,ZMB,SEN,42120.251761513
26065,ZMB,SGP,459667715.431935
26066,ZMB,SHN,272.633501001274
26067,ZMB,SLE,4005.21861098939
26068,ZMB,SRB,37481.0736772349
26069,ZMB,SVK,103309.796449188
26070,ZMB,SVN,426.833330761274
26071,ZMB,SWE,814076.0891633
26072,ZMB,SWZ,1095707.76300441
26073,ZMB,SYC,441.969995149553
26074,ZMB,THA,28169429.530095
26075,ZMB,TKL,960.620053538521
26076,ZMB,TUN,2009.87756504517
26077,ZMB,TUR,2068118.66445285
26078,ZMB,TZA,29897007.5366129
26079,ZMB,UGA,71556278.3381706
26080,ZMB,UKR,266796.397915036
26081,ZMB,USA,20737771.8430642
26082,ZMB,VNM,3368553.44268736
26083,ZMB,ZAF,100010997.862238
26084,ZMB,ZWE,56383840.7596705
26085,ZWE,AGO,289776.367064713
26086,ZWE,ALB,57246.9437356012
26087,ZWE,ARE,731919584.901211
26088,ZWE,ARG,225273.360731354
26089,ZWE,ARM,7199576.70326298
26090,ZWE,AUS,216963.172943687
26091,ZWE,AUT,1004057.49867531
26092,ZWE,BDI,20504.2423086213
26093,ZWE,BEL,50561754.4838059
26094,ZWE,BFA,2091.65636262142
26095,ZWE,BGR,1056689.28314127
26096,ZWE,BIH,537738.4794458
26097,ZWE,BLR,55313.3906477127
26098,ZWE,BMU,78.2689478875863
26099,ZWE,BOL,720.714475538932
26100,ZWE,BRA,33242.0474644862
26101,ZWE,BRB,1320.20460425057
26102,ZWE,BWA,19864654.9043842
26103,ZWE,CAN,3171537.64474201
26104,ZWE,CHE,3014410.60384252
26105,ZWE,CHL,83112.0553404946
26106,ZWE,CHN,436467714.119352
26107,ZWE,CIV,45675.7374980614
26108,ZWE,CMR,423.542534102486
26109,ZWE,COD,19372266.4560872
26110,ZWE,COG,15453.0559825419
26111,ZWE,COL,640.285004617004
26112,ZWE,COM,3.7909177315521
26113,ZWE,CRI,4068.43491482892
26114,ZWE,CYP,43097.6883861232
26115,ZWE,CZE,1823434.92972407
26116,ZWE,DEU,14940015.6731998
26117,ZWE,DNK,386336.153924951
26118,ZWE,EGY,27919479.7085155
26119,ZWE,ESP,6125516.93395442
26120,ZWE,EST,228873.357243378
26121,ZWE,ETH,257599.811541877
26122,ZWE,FIN,172704.723552521
26123,ZWE,FRA,20109145.9614683
26124,ZWE,GAB,504.462123675722
26125,ZWE,GBR,8122785.10693086
26126,ZWE,GEO,486.512778374218
26127,ZWE,GHA,1560.47277002791
26128,ZWE,GIN,517.860367215073
26129,ZWE,GMB,110.606276331442
26130,ZWE,GRC,1777337.73419654
26131,ZWE,HKG,10267266.6443355
26132,ZWE,HND,10263.7847279091
26133,ZWE,HRV,973884.764751444
26134,ZWE,HUN,2647914.02531903
26135,ZWE,IDN,28795217.9452775
26136,ZWE,IND,1241630.15740568
26137,ZWE,IRL,329525.650345798
26138,ZWE,IRN,3353224.77181683
26139,ZWE,IRQ,1928.20179240992
26140,ZWE,ISL,103930.655250976
26141,ZWE,ISR,239557.993854018
26142,ZWE,ITA,42403873.381594
26143,ZWE,JOR,262846.785765643
26144,ZWE,JPN,16646544.8730772
26145,ZWE,KAZ,187137.788608614
26146,ZWE,KEN,26610986.4474278
26147,ZWE,KHM,121810.023611979
26148,ZWE,KOR,5689661.39253407
26149,ZWE,KWT,156303.839113119
26150,ZWE,LBN,5705.25116661427
26151,ZWE,LBY,22800.9198041749
26152,ZWE,LKA,19422.5329409451
26153,ZWE,LSO,1027615.0596524
26154,ZWE,LTU,112.527241371929
26155,ZWE,LUX,737834.793143685
26156,ZWE,MAR,4949.10311307
26157,ZWE,MDA,107040.913203707
26158,ZWE,MDG,487.813093163404
26159,ZWE,MEX,547238.979392456
26160,ZWE,MKD,314.926239519572
26161,ZWE,MLT,35535.4671713717
26162,ZWE,MNE,87441.7785097892
26163,ZWE,MOZ,203807508.83464
26164,ZWE,MUS,259425.434501294
26165,ZWE,MWI,15135046.8977059
26166,ZWE,MYS,949590.043317451
26167,ZWE,NAM,2886581.75865263
26168,ZWE,NGA,1618656.99616731
26169,ZWE,NLD,32893409.5353079
26170,ZWE,NOR,770542.458241196
26171,ZWE,NZL,118954.259768941
26172,ZWE,PAK,782637.150707898
26173,ZWE,PER,2584.43065682664
26174,ZWE,PHL,490419.724194651
26175,ZWE,POL,11775152.6102866
26176,ZWE,PRK,11628.0600010917
26177,ZWE,PRT,3177288.21437963
26178,ZWE,PSE,363615.311506463
26179,ZWE,PYF,1905.88889074855
26180,ZWE,QAT,67899.3900533929
26181,ZWE,ROU,2841836.19633781
26182,ZWE,RUS,22881609.323051
26183,ZWE,RWA,351449.361289192
26184,ZWE,SAU,961419.122982772
26185,ZWE,SDN,255370.041743801
26186,ZWE,SEN,2190.25023090614
26187,ZWE,SGP,5031706.24670721
26188,ZWE,SLV,236.812329164543
26189,ZWE,SRB,1150538.03019426
26190,ZWE,SUR,3618.94309874499
26191,ZWE,SVK,303213.364485872
26192,ZWE,SVN,1030746.35519806
26193,ZWE,SWE,656651.65776946
26194,ZWE,SWZ,4243430.51897364
26195,ZWE,SYC,132689.44287695
26196,ZWE,THA,1015179.89026069
26197,ZWE,TUR,6820131.06444152
26198,ZWE,TZA,2331310.03463787
26199,ZWE,UGA,101954996.969971
26200,ZWE,UKR,5124479.26934141
26201,ZWE,USA,18999989.648746
26202,ZWE,UZB,728826.934459028
26203,ZWE,VNM,4.57110660506414
26204,ZWE,ZAF,1304425335.1561
26205,ZWE,ZMB,31134628.1163523
