Index,Source,Target,Weight
1,ABW,AGO,343.957176360162
2,ABW,ARG,954969.008044008
3,ABW,AUT,357853.183319844
4,ABW,BEL,25732124.9630301
5,ABW,BGD,70.5728867830611
6,ABW,BGR,4692.06921058643
7,ABW,BHS,3945593.06530933
8,ABW,BMU,1925.3379792272
9,ABW,BRA,126878973.918587
10,ABW,BRB,8212.49146584243
11,ABW,CAN,55028148.5054428
12,ABW,CHE,324350.307940772
13,ABW,CHL,12.3331258455835
14,ABW,CHN,99943.5408106601
15,ABW,CIV,590307.604207483
16,ABW,COL,16317109.8761291
17,ABW,CRI,15558581.5262063
18,ABW,DEU,8059125.71874931
19,ABW,DMA,101.40570139702
20,ABW,DNK,6252207.57453177
21,ABW,DOM,29511387.3560854
22,ABW,ECU,55254436.0132839
23,ABW,ESP,99632.6336708715
24,ABW,FIN,4110.35677486974
25,ABW,FRA,65845696.2559347
26,ABW,FRO,1645.78712672731
27,ABW,GBR,26677508.3915974
28,ABW,GRC,18134513.1341714
29,ABW,GRD,2294.64658093662
30,ABW,GTM,20741339.2223797
31,ABW,GUY,38042.8970180185
32,ABW,HKG,93122.6370443943
33,ABW,IDN,75349.2323535923
34,ABW,IND,26167.4671760377
35,ABW,IRL,638.385889671776
36,ABW,ITA,3562986.95034918
37,ABW,JAM,660779.420339066
38,ABW,KNA,28212.0253717722
39,ABW,KOR,119793.706859127
40,ABW,LBN,49084.4705181061
41,ABW,LCA,3646.49420834419
42,ABW,LKA,13113.5386421457
43,ABW,MEX,27618494.3756272
44,ABW,MYS,68643.4377618854
45,ABW,NGA,10189.9026430843
46,ABW,NIC,4.11104194852783
47,ABW,NLD,26151651.9976617
48,ABW,NZL,587.193824981392
49,ABW,PAN,22466937.4323221
50,ABW,PER,14020976.4683545
51,ABW,POL,8310.47129894901
52,ABW,PRY,1.37034731617594
53,ABW,ROU,6675666.2795
54,ABW,RUS,491.269512849076
55,ABW,SAU,1675620.95814777
56,ABW,SDN,24072259.4580409
57,ABW,SLV,20635.2106189575
58,ABW,SUR,1354143.64433582
59,ABW,SVK,17399.985047144
60,ABW,SVN,76567.4711176727
61,ABW,SWE,451.529440679973
62,ABW,SYC,44158.0732868009
63,ABW,THA,103399.556742056
64,ABW,TTO,179063.283804711
65,ABW,TUR,11334301.6123799
66,ABW,URY,41.1104194852783
67,ABW,USA,897039132.652394
68,ABW,VCT,9903.50005400354
69,ABW,VEN,11935102.9862109
70,ABW,YEM,26415476.0591875
71,ABW,ZAF,2570.08639148798
72,ABW,ZWE,2242.21709261973
73,AFG,AGO,1561950.64827098
74,AFG,ALB,914.021659889354
75,AFG,ARE,4782191.47218206
76,AFG,AUS,111768.267801942
77,AFG,AUT,27809.1432608165
78,AFG,AZE,15485.6098464462
79,AFG,BEL,1762562.64362256
80,AFG,BEN,24238.7033285201
81,AFG,BGD,29341.1915603012
82,AFG,BGR,9657.52271074996
83,AFG,BHR,48244.4476132903
84,AFG,BIH,3452.59006310529
85,AFG,BLR,1172263.61162271
86,AFG,BRA,209125.963226978
87,AFG,BRB,2349.46047358366
88,AFG,BRN,15619.2187097734
89,AFG,CAN,874083.572533065
90,AFG,CHE,47673.1840758594
91,AFG,CHL,642.877888174201
92,AFG,CHN,2459897.44896793
93,AFG,CIV,12350.8780098909
94,AFG,CMR,466.603261157909
95,AFG,COL,56836.5252857134
96,AFG,CRI,1646.4723003854
97,AFG,CZE,257177.877042346
98,AFG,DEU,4032415.33186724
99,AFG,DNK,368621.372530355
100,AFG,DOM,546838.49564462
101,AFG,DZA,825212.191022624
102,AFG,EGY,607315.319798461
103,AFG,ESP,340900.84688978
104,AFG,EST,189.57384771978
105,AFG,ETH,3238.14167090228
106,AFG,FIN,3654459.35211946
107,AFG,FRA,2282379.23176221
108,AFG,GAB,1414.88360395166
109,AFG,GBR,1223362.4926956
110,AFG,GEO,7455.37457365522
111,AFG,GRC,24244.8698914429
112,AFG,GTM,15423.2590435602
113,AFG,HKG,172470.542866588
114,AFG,HRV,57044.1329041141
115,AFG,HUN,6166.56292279175
116,AFG,IDN,704589.424037211
117,AFG,IND,82578694.2093974
118,AFG,IRL,29040.8354096735
119,AFG,IRN,28281629.4230028
120,AFG,IRQ,4749043.45577742
121,AFG,ISR,753691.023896769
122,AFG,ITA,206067.798861541
123,AFG,JOR,940002.074656734
124,AFG,JPN,480412.936236672
125,AFG,KAZ,825008.694446172
126,AFG,KEN,29798.887563904
127,AFG,KGZ,448572.231171666
128,AFG,KHM,2733.15772211292
129,AFG,KNA,10651.0245149775
130,AFG,KOR,884524.933908667
131,AFG,LBN,37299.483598993
132,AFG,LKA,478327.95279511
133,AFG,LTU,451649.346070139
134,AFG,LUX,13103.2610372744
135,AFG,MDG,1046.95425681598
136,AFG,MEX,375157.244054856
137,AFG,MKD,5760.30975743823
138,AFG,MLT,351.49408659913
139,AFG,MNE,1633.45400088172
140,AFG,MOZ,66148.035299129
141,AFG,MUS,411.789368510871
142,AFG,MWI,2078.31259082655
143,AFG,MYS,17957.7164048276
144,AFG,NCL,2326.16456920866
145,AFG,NER,12607.8804824768
146,AFG,NGA,577413667.833796
147,AFG,NIC,389.178637793968
148,AFG,NLD,1166946.66403595
149,AFG,NOR,684709.129532651
150,AFG,NZL,40198.4533463632
151,AFG,PAK,130958509.526795
152,AFG,PER,4795.53043295771
153,AFG,PHL,143368.47691296
154,AFG,POL,257891.142820415
155,AFG,ROU,250.684486284646
156,AFG,RUS,17583793.8437047
157,AFG,SAU,1651193.83206328
158,AFG,SDN,4035330.32028956
159,AFG,SGP,506039.801396478
160,AFG,SLV,22480.2051350373
161,AFG,SRB,40390.9871442859
162,AFG,SVK,50556.2235356791
163,AFG,SVN,21150.6256515176
164,AFG,SWE,89708.416706142
165,AFG,SWZ,1987901.87112087
166,AFG,SYC,113049.166382229
167,AFG,SYR,1689407.33732216
168,AFG,THA,181892.365838956
169,AFG,TJK,4038259.37669744
170,AFG,TKM,3971912.64103746
171,AFG,TTO,41200.1772344878
172,AFG,TUN,169579.110029457
173,AFG,TUR,4143954.95036774
174,AFG,TZA,9984.35054565792
175,AFG,UGA,1363.49557959506
176,AFG,UKR,434972.219232278
177,AFG,USA,85035258.2885188
178,AFG,UZB,503826.005307196
179,AFG,VEN,704761.402625391
180,AFG,YEM,50695.998961929
181,AFG,ZAF,445826.740323707
182,AFG,ZWE,78.7949706801167
183,AGO,ARE,205762895.898518
184,AGO,AUS,15152.6154486155
185,AGO,AUT,94059.9546086587
186,AGO,AZE,1760.211127628
187,AGO,BEL,171202015.781872
188,AGO,BEN,50048.5098550359
189,AGO,BGD,55355.1798369272
190,AGO,BHS,74146023.5588757
191,AGO,BOL,6160.39635986895
192,AGO,BRA,132213904.57318
193,AGO,BRN,3654.03111858315
194,AGO,BWA,327837.095706326
195,AGO,CAN,1592933520.0271
196,AGO,CHE,23861169.902219
197,AGO,CHL,29094442.780026
198,AGO,CHN,10931302283.2851
199,AGO,CIV,23480727.2285656
200,AGO,CMR,10776.4112944076
201,AGO,COG,466273082.823813
202,AGO,COL,113522.312366648
203,AGO,CPV,21089.6451959478
204,AGO,CRI,7460.17078926184
205,AGO,CZE,8342.67446087914
206,AGO,DEU,240684257.939166
207,AGO,DNK,51813.5171982705
208,AGO,DOM,65445.793965218
209,AGO,DZA,31185.679047874
210,AGO,ECU,35049659.0232475
211,AGO,EGY,35787.7006807936
212,AGO,ESP,527023947.007199
213,AGO,ETH,22.1023318626018
214,AGO,FIN,1453.25332880459
215,AGO,FRA,2240874380.4127
216,AGO,FRO,17872.0696975667
217,AGO,GAB,1726077.83150303
218,AGO,GBR,289614300.862987
219,AGO,GHA,337054.051754925
220,AGO,GIN,58726800.8733353
221,AGO,GMB,11152.8134989992
222,AGO,GRC,126.071953088187
223,AGO,GTM,16936.8076542766
224,AGO,HKG,91539577.566065
225,AGO,HND,624430.272603841
226,AGO,HRV,10209.0875055108
227,AGO,IDN,1559460.04202383
228,AGO,IND,2507432183.42857
229,AGO,IRL,10910.8601806396
230,AGO,ISR,150658595.822368
231,AGO,ITA,25234102.7828594
232,AGO,JPN,62491941.807835
233,AGO,KAZ,12499.6230444989
234,AGO,KEN,60603.6100578811
235,AGO,KOR,110770241.110877
236,AGO,MAC,19826.9448280204
237,AGO,MDG,348.210734429572
238,AGO,MEX,171841.553448463
239,AGO,MLT,169.923067205817
240,AGO,MOZ,63170.9557547367
241,AGO,MRT,325.457487591787
242,AGO,MUS,12407.124600657
243,AGO,MYS,1107382.46241739
244,AGO,NAM,8255231.22828664
245,AGO,NCL,9858.96376622783
246,AGO,NGA,176488565.639294
247,AGO,NLD,850644992.391729
248,AGO,NOR,44494237.0088307
249,AGO,NZL,1479.28992781193
250,AGO,PAK,32901.3538877263
251,AGO,PER,151105559.26579
252,AGO,POL,1072048.74204345
253,AGO,PRT,199159478.584455
254,AGO,RUS,3227.85310325243
255,AGO,SAU,31611.8570632048
256,AGO,SDN,303605.172856326
257,AGO,SGP,12373974.5287314
258,AGO,SLV,3308390.24443776
259,AGO,STP,11475446.7007724
260,AGO,SVK,8126.84475858143
261,AGO,SWE,379226153.989974
262,AGO,SYC,45468.692644854
263,AGO,THA,435467.599787075
264,AGO,TTO,26433727.7150917
265,AGO,TUN,134365.980219342
266,AGO,TUR,6074.06447894987
267,AGO,TZA,155389.163570455
268,AGO,UGA,1264718.88952413
269,AGO,URY,56363260.7662516
270,AGO,USA,6648281743.15132
271,AGO,VEN,35544.0686869716
272,AGO,ZAF,974329392.091637
273,AGO,ZMB,3448.88395878869
274,AGO,ZWE,358.345823180009
275,AIA,ATG,14240.6493097004
276,AIA,AUS,9241.62230029056
277,AIA,AUT,832.485994576886
278,AIA,AZE,1467696.10434342
279,AIA,BEL,666.673969319596
280,AIA,BLR,2946.24672977828
281,AIA,BRB,44977.5396115268
282,AIA,CAN,185543.656262907
283,AIA,COL,52338.3602203659
284,AIA,CRI,511.824722591715
285,AIA,CZE,16491.4447765194
286,AIA,DEU,2277379.55794887
287,AIA,DMA,90677.9374323364
288,AIA,DNK,474.825345054964
289,AIA,DOM,30187.1953459785
290,AIA,ESP,1287.19532620405
291,AIA,FJI,11623.2859358044
292,AIA,FRA,101755.825136303
293,AIA,GBR,54190.3846181777
294,AIA,GRD,2563.2346549071
295,AIA,GUY,220654.010024308
296,AIA,IDN,3177.15025255392
297,AIA,IRL,561981.455626046
298,AIA,ISR,685.173658087972
299,AIA,ITA,1877.88764788363
300,AIA,JAM,8126.84475858143
301,AIA,JPN,18000.1971716291
302,AIA,KAZ,45933.3568645595
303,AIA,KNA,17769.2936488535
304,AIA,KOR,374.104817316033
305,AIA,LCA,60256.2270132305
306,AIA,LUX,4106.24573292121
307,AIA,MEX,518279.743624562
308,AIA,MOZ,61353.1900398293
309,AIA,MSR,13662.3627422742
310,AIA,MYS,417.955931433663
311,AIA,NCL,115.109174558779
312,AIA,NGA,1841.06161928238
313,AIA,NLD,1911.63450606544
314,AIA,NZL,86286.6594576506
315,AIA,PER,367.253080735153
316,AIA,POL,19336.9709785587
317,AIA,RUS,25247.2789532256
318,AIA,SVN,2411.81127646966
319,AIA,SYC,66858.3774411995
320,AIA,TTO,8683.89094260695
321,AIA,UKR,82546.9816318065
322,AIA,USA,4057901.9351275
323,AIA,VCT,8464.6353720188
324,AIA,ZAF,4014.43246273743
325,ALB,AGO,310335.704957785
326,ALB,AND,6313.87868514895
327,ALB,ARE,1870278.10923691
328,ALB,ARG,8896.97995027231
329,ALB,ARM,208514.103150306
330,ALB,AUS,155130.853101356
331,ALB,AUT,48619615.13495
332,ALB,BDI,116674.79636751
333,ALB,BEL,1812592.65378882
334,ALB,BEN,13684.9734729911
335,ALB,BFA,1331.6117085896
336,ALB,BGR,7007006.52423366
337,ALB,BHR,94118.1943695962
338,ALB,BIH,770996.454979097
339,ALB,BLR,7125.80604411491
340,ALB,BMU,13.7034731617594
341,ALB,BOL,91382.2959528509
342,ALB,BRA,773711.798186099
343,ALB,BRB,4150.09684703884
344,ALB,BRN,17.8145151102873
345,ALB,CAN,2386912.7509084
346,ALB,CHE,8759711.57443731
347,ALB,CHL,1506994.07848725
348,ALB,CHN,44070250.4680018
349,ALB,CIV,21520.0938986893
350,ALB,CMR,1122.99962560619
351,ALB,COG,6572.18572837982
352,ALB,COL,696746.926346736
353,ALB,CRI,26471.6842802288
354,ALB,CYP,92651.2375676298
355,ALB,CZE,1543577.71662935
356,ALB,DEU,33417858.9575777
357,ALB,DMA,10550.9891608967
358,ALB,DNK,352445.107636556
359,ALB,DOM,357332.869295629
360,ALB,DZA,770899.160319648
361,ALB,ECU,36325.1666571919
362,ALB,EGY,583556.923204261
363,ALB,ESP,21661743.3646519
364,ALB,EST,112031.977439467
365,ALB,FIN,511343.730683737
366,ALB,FRA,25624464.3113084
367,ALB,FRO,3274.44491200242
368,ALB,GAB,69593.0884519953
369,ALB,GBR,1905345.29705785
370,ALB,GEO,4730.43893543936
371,ALB,GRC,69368718.7452232
372,ALB,GRL,2363.06802243328
373,ALB,HKG,106989.181536779
374,ALB,HRV,2054630.93368206
375,ALB,HUN,1402550.47810608
376,ALB,IDN,631607.466672312
377,ALB,IND,184950.98104866
378,ALB,IRL,137260.666946175
379,ALB,IRN,17576.0746772726
380,ALB,IRQ,140655.874400589
381,ALB,ISL,39429.6885019885
382,ALB,ISR,172354.748518371
383,ALB,ITA,467989053.658685
384,ALB,JOR,524601.840967739
385,ALB,JPN,1124877.00142935
386,ALB,KAZ,789421.45981874
387,ALB,KEN,3863.00908429998
388,ALB,KNA,264740.138706663
389,ALB,KOR,1203870.67247031
390,ALB,KWT,5660.21958946473
391,ALB,LBN,312345.319296957
392,ALB,LKA,34913.7089215307
393,ALB,LTU,46049.1512127764
394,ALB,LUX,1399660.41561626
395,ALB,LVA,20404.4715378598
396,ALB,MAC,2394.6764536282
397,ALB,MAR,135150.892551317
398,ALB,MDA,26444.9625075634
399,ALB,MEX,672759.681750734
400,ALB,MKD,20737936.6499937
401,ALB,MLT,13092.298258745
402,ALB,MNE,9873882.05228538
403,ALB,MOZ,23627.5284255056
404,ALB,MUS,3475.20079382219
405,ALB,MWI,7613.59281925992
406,ALB,MYS,187287.42322274
407,ALB,NCL,19504.1533511322
408,ALB,NER,43371.4925569686
409,ALB,NGA,1738619106.93938
410,ALB,NIC,4132.28233192856
411,ALB,NLD,4768958.7133234
412,ALB,NOR,1272126.00252083
413,ALB,NZL,36483.4417722102
414,ALB,PAK,2065.11340547715
415,ALB,PAN,34724.6009918984
416,ALB,PER,45792.8962646515
417,ALB,POL,1137456.10461818
418,ALB,PRT,1075.72264319812
419,ALB,PYF,28040.0467835922
420,ALB,QAT,3035.31930532971
421,ALB,ROU,3248978.47340292
422,ALB,RUS,2891143.00867387
423,ALB,SAU,633519.786352036
424,ALB,SDN,66817.255373762
425,ALB,SGP,138609.945857539
426,ALB,SLV,28943.8730594492
427,ALB,SMR,170459.5581801
428,ALB,SRB,16134436.41232
429,ALB,SVK,41301616.5093941
430,ALB,SVN,1058090.38428088
431,ALB,SWE,764210.495069394
432,ALB,SWZ,89696.0835802964
433,ALB,SYC,55345.0666737339
434,ALB,SYR,13467.7734233772
435,ALB,THA,92298.3731337145
436,ALB,TJK,39052.8429900401
437,ALB,TON,59.6101082536535
438,ALB,TTO,22084.5173474915
439,ALB,TUN,602503.345197709
440,ALB,TUR,4121842.34090027
441,ALB,UKR,172736.390245926
442,ALB,URY,362524.01214703
443,ALB,USA,10828818.1719938
444,ALB,VCT,22.6107307169031
445,ALB,VEN,219143.202108225
446,ALB,YEM,2615.99302657988
447,ALB,ZAF,131066.869055648
448,ALB,ZWE,171.293414521993
449,AND,AGO,257330.6707681
450,AND,AND,5446942.12409954
451,AND,ARG,166576.189845723
452,AND,ARM,27250.7267294748
453,AND,AUS,17670.3038697749
454,AND,AUT,40625.0931687395
455,AND,AZE,148416.104660285
456,AND,BEL,638993.436580271
457,AND,BEN,226672.575436953
458,AND,BFA,18893.9246729396
459,AND,BGD,50952.939083712
460,AND,BGR,14533.9036353621
461,AND,BIH,38052.4894492317
462,AND,BLR,40082.6589981463
463,AND,BMU,257.625295441077
464,AND,BOL,12664.7498960981
465,AND,BRA,9729.4659448492
466,AND,BRB,1358.69936398845
467,AND,BWA,59324.3908382309
468,AND,CAN,118159.567684587
469,AND,CHE,1370114.62914614
470,AND,CHL,208737.323820853
471,AND,CHN,125149.024170742
472,AND,CIV,3944.7729124406
473,AND,CMR,404620.396526297
474,AND,COG,107456.469971595
475,AND,COM,16670.1346406804
476,AND,CPV,21629.464058688
477,AND,CRI,52610.3741626268
478,AND,CZE,484950.841374188
479,AND,DEU,470629.462163397
480,AND,DNK,158363.502420215
481,AND,DOM,3980.80413959847
482,AND,DZA,39972.2425779718
483,AND,EGY,117415.231336644
484,AND,ESP,49550901.4985143
485,AND,ETH,495701.839577618
486,AND,FIN,1918942.56830261
487,AND,FRA,10217207.8226199
488,AND,FRO,285.032241764596
489,AND,GAB,10170.0326069998
490,AND,GBR,106394.964681802
491,AND,GEO,59101.6956958791
492,AND,GHA,204462.671310032
493,AND,GIN,1003.18056732171
494,AND,GRC,26104.4311994936
495,AND,GTM,26111.9681097326
496,AND,GUY,48986.9353627036
497,AND,HKG,34927.4123946924
498,AND,HRV,1733.48935496257
499,AND,IDN,314659.15074032
500,AND,IND,26751.4735731617
501,AND,IRL,6204144.30464819
502,AND,IRN,5831.45819009408
503,AND,ISR,116797.505488285
504,AND,ITA,1129788.94081129
505,AND,JPN,53104.8564547587
506,AND,KAZ,267.217726654309
507,AND,KEN,12257.2764364595
508,AND,KOR,267174.560713849
509,AND,LBN,68996.9873694587
510,AND,LKA,21062.2382496242
511,AND,LUX,108747.337143432
512,AND,MAR,6431.81831208929
513,AND,MDA,18812.8131301214
514,AND,MDG,3902.51962329363
515,AND,MEX,544398.563470875
516,AND,MKD,2308.3774610447
517,AND,MLT,86088.1523157767
518,AND,MNE,10117.274235327
519,AND,MOZ,9717.13281900361
520,AND,MRT,339.170553184759
521,AND,MWI,28455.351092969
522,AND,MYS,315195.641714603
523,AND,NAM,7029.1965583245
524,AND,NCL,1777.3404690802
525,AND,NER,4922.97273336208
526,AND,NGA,58254061.1968955
527,AND,NIC,22177.735908848
528,AND,NLD,516037.120223963
529,AND,NOR,2706955.459763
530,AND,NZL,121.275737481571
531,AND,PAK,5906.8821063764
532,AND,PER,1260.03435722378
533,AND,POL,461358.941978903
534,AND,PRT,388918.90216366
535,AND,PYF,1000.35354080844
536,AND,ROU,10004.7002033031
537,AND,RUS,35613.4110018648
538,AND,RWA,2117.87177714992
539,AND,SAU,1098.62594306702
540,AND,SDN,677264.115469879
541,AND,SEN,1462.84576001782
542,AND,SLV,58077.1623766767
543,AND,SRB,13123.1310733589
544,AND,SVK,3046246.4548289
545,AND,SVN,220640.306551147
546,AND,SWE,168948.065090358
547,AND,SWZ,3843.83998086766
548,AND,SYC,367271.400223249
549,AND,SYR,780.4127965622
550,AND,THA,2343335.70625401
551,AND,TUN,24632.6781819207
552,AND,TUR,5260.07817314136
553,AND,TZA,262102.220123024
554,AND,UGA,49375.6693227935
555,AND,UKR,4352.61773620186
556,AND,URY,53418.8790791706
557,AND,USA,371134.589508221
558,AND,UZB,13989.3406302132
559,AND,VCT,20689.5037796244
560,AND,VNM,1.26346022551422
561,AND,YEM,57366.1645234154
562,AND,ZAF,57397.6825116875
563,AND,ZMB,166242.245797203
564,AND,ZWE,226712.294953913
565,ARE,ABW,87472.6950598009
566,ARE,AFG,772514357.183237
567,ARE,AGO,613716901.397019
568,ARE,AIA,285661.916356379
569,ARE,ALB,2422338.28455252
570,ARE,AND,899063.633759636
571,ARE,ARG,2885029.20412275
572,ARE,ARM,46217673.7850251
573,ARE,ATG,39630.4443838083
574,ARE,AUS,1189659132.0783
575,ARE,AUT,18603847.4975305
576,ARE,AZE,107205123.607556
577,ARE,BDI,11345650.1436788
578,ARE,BEL,885097893.936075
579,ARE,BEN,39689449.4837218
580,ARE,BFA,5175245.89343801
581,ARE,BGD,255316722.70554
582,ARE,BGR,9459415.0251187
583,ARE,BHR,872729372.019315
584,ARE,BHS,363173.556774897
585,ARE,BIH,488458.245329941
586,ARE,BLR,2038802.73700657
587,ARE,BLZ,96044.2175224814
588,ARE,BMU,33581.7313302077
589,ARE,BOL,365320.205845687
590,ARE,BRA,79890104.9782221
591,ARE,BRB,159468.002357053
592,ARE,BRN,2724031.89416085
593,ARE,BTN,775249.327874849
594,ARE,BWA,4459895.37584869
595,ARE,CAF,1717480.27244134
596,ARE,CAN,117726227.549008
597,ARE,CHE,2577500120.99224
598,ARE,CHL,2796378.6955447
599,ARE,CHN,1778182729.07701
600,ARE,CIV,23542510.0224891
601,ARE,CMR,67770847.1827533
602,ARE,COG,75181406.6029539
603,ARE,COK,10656.5059042422
604,ARE,COL,6382745.48952337
605,ARE,COM,36526268.9306101
606,ARE,CPV,69726.0121416644
607,ARE,CRI,3344854.0422812
608,ARE,CUB,838549.096277306
609,ARE,CYP,24827762.8813725
610,ARE,CZE,24295920.125186
611,ARE,DEU,450405951.50464
612,ARE,DJI,185710719.415264
613,ARE,DMA,11447.8814793338
614,ARE,DNK,31180575.8744686
615,ARE,DOM,1358985.76657753
616,ARE,DZA,202202051.823303
617,ARE,ECU,4417316.62921413
618,ARE,EGY,336296381.927596
619,ARE,ERI,34393736.113797
620,ARE,ESP,71990145.4462594
621,ARE,EST,2422409.54261297
622,ARE,ETH,211542104.777671
623,ARE,FIN,52268589.6719365
624,ARE,FJI,928859.095455249
625,ARE,FRA,554017179.965798
626,ARE,FRO,3022.98617948413
627,ARE,GAB,20730979.3966694
628,ARE,GBR,630844614.191433
629,ARE,GEO,75664209.42491
630,ARE,GHA,70868254.1842843
631,ARE,GIN,21232835.5277096
632,ARE,GMB,12709449.9403781
633,ARE,GNQ,10701164.8381027
634,ARE,GRC,30356314.7044834
635,ARE,GRD,16738.1072934311
636,ARE,GRL,36558.8999471755
637,ARE,GTM,408612.218258317
638,ARE,GUY,560841.36091767
639,ARE,HKG,1216879250.04495
640,ARE,HND,648567.570230964
641,ARE,HRV,2405182.22132766
642,ARE,HTI,1329582.909388
643,ARE,HUN,25321962.8819572
644,ARE,IDN,196669114.203607
645,ARE,IND,13522166191.8498
646,ARE,IRL,14784264.3709267
647,ARE,IRN,5217375101.06136
648,ARE,IRQ,2878166717.85235
649,ARE,ISL,393310.234952238
650,ARE,ISR,2808526.8245026
651,ARE,ITA,336942329.170392
652,ARE,JAM,918493.103182036
653,ARE,JOR,227225833.980997
654,ARE,JPN,15529692507.4647
655,ARE,KAZ,115506544.447656
656,ARE,KEN,796059903.895378
657,ARE,KGZ,12343515.8189347
658,ARE,KHM,2264971.70980483
659,ARE,KIR,118498.72864534
660,ARE,KNA,1796.52533150666
661,ARE,KOR,6378980907.0054
662,ARE,KWT,812706363.730651
663,ARE,LAO,95633.1133276287
664,ARE,LBN,405396388.582417
665,ARE,LBR,11756569.3416439
666,ARE,LBY,627969262.380057
667,ARE,LCA,396131.780076245
668,ARE,LKA,202457564.728356
669,ARE,LSO,15337.6123362992
670,ARE,LTU,8433503.13651626
671,ARE,LUX,12180985.7754997
672,ARE,LVA,3414372.44680446
673,ARE,MAC,7223984.57758233
674,ARE,MAR,123677860.747843
675,ARE,MDA,1007044.26157967
676,ARE,MDG,37719476.3900112
677,ARE,MDV,104083029.113951
678,ARE,MEX,31353556.8717105
679,ARE,MKD,938806.446623371
680,ARE,MLI,22083425.8658542
681,ARE,MLT,6794889.09281547
682,ARE,MMR,13367818.919788
683,ARE,MNE,3067039.4198309
684,ARE,MNG,308589.197303319
685,ARE,MOZ,51811358.2160739
686,ARE,MRT,53312246.1879361
687,ARE,MSR,103002.841194023
688,ARE,MUS,17342318.7765584
689,ARE,MWI,57992619.6609537
690,ARE,MYS,1190295454.91009
691,ARE,NAM,41124377.8430409
692,ARE,NCL,248243.897714537
693,ARE,NER,10439482.6294321
694,ARE,NGA,508337312.688479
695,ARE,NIC,398766.272791593
696,ARE,NLD,359511380.311867
697,ARE,NOR,19579168.1714637
698,ARE,NPL,202104367.300043
699,ARE,NZL,202825054.194003
700,ARE,OMN,2907687666.0922
701,ARE,PAK,2295050829.28385
702,ARE,PAN,2068286.44468775
703,ARE,PER,3903969.45075414
704,ARE,PHL,553331606.166294
705,ARE,PNG,6691247.66977211
706,ARE,POL,30200811.8020857
707,ARE,PRT,17156367.4419689
708,ARE,PRY,469870.169159672
709,ARE,PSE,3103612.71048041
710,ARE,PYF,79082.7436165137
711,ARE,QAT,1834370827.25309
712,ARE,ROU,33540169.9773828
713,ARE,RUS,173464389.998339
714,ARE,RWA,62306225.4878102
715,ARE,SAU,1937365693.02573
716,ARE,SDN,414602880.771963
717,ARE,SEN,75191729.4292867
718,ARE,SGP,3023388020.13113
719,ARE,SLB,29078.3102977289
720,ARE,SLE,10600852.673864
721,ARE,SLV,292181.302602667
722,ARE,SOM,175117133.693217
723,ARE,SRB,8289287.7849619
724,ARE,STP,899245.889952687
725,ARE,SUR,303355.840902843
726,ARE,SVK,1576180.33480215
727,ARE,SVN,3274575.78017111
728,ARE,SWE,14587926.152434
729,ARE,SWZ,1279058.20384059
730,ARE,SYC,380966190.512919
731,ARE,SYR,141609848.536482
732,ARE,TCD,27735513.8143447
733,ARE,TGO,13456509.1684382
734,ARE,THA,4567704505.38727
735,ARE,TJK,16913419.2514577
736,ARE,TKM,101000242.347936
737,ARE,TLS,7012.0672168723
738,ARE,TON,55540.8618982691
739,ARE,TTO,1298689.11431847
740,ARE,TUN,49342077.9990321
741,ARE,TUR,457597850.420723
742,ARE,TZA,432733142.975706
743,ARE,UGA,285410357.588507
744,ARE,UKR,41253456.3381407
745,ARE,URY,11699974.6826595
746,ARE,USA,1072566324.28029
747,ARE,UZB,13961279.3430462
748,ARE,VCT,23112.2778346235
749,ARE,VEN,5712585.35663142
750,ARE,VNM,95582657.8246207
751,ARE,VUT,191272.39321818
752,ARE,YEM,625005939.752372
753,ARE,ZAF,326673628.354126
754,ARE,ZMB,72671206.4501852
755,ARE,ZWE,13238536.112755
756,ARG,ABW,2766213.92524737
757,ARG,AFG,1687209.30022702
758,ARG,AGO,134670956.495946
759,ARG,ALB,8647904.25173686
760,ARG,AND,257082.259002839
761,ARG,ARE,179240730.078682
762,ARG,ARG,23316419.8446615
763,ARG,ARM,2101561.21821914
764,ARG,ATG,557188.700146403
765,ARG,AUS,218813050.495901
766,ARG,AUT,103340264.55438
767,ARG,AZE,13663191.1172268
768,ARG,BEL,312978312.86994
769,ARG,BEN,1947394.40445471
770,ARG,BFA,1692229.6464148
771,ARG,BGD,250148587.300404
772,ARG,BGR,16326754.3805404
773,ARG,BHR,2253782.13879459
774,ARG,BHS,8341034.15514168
775,ARG,BIH,11031075.2692984
776,ARG,BLR,69989050.3090043
777,ARG,BLZ,200294.96549998
778,ARG,BMU,365142.745868242
779,ARG,BOL,430599996.622197
780,ARG,BRA,8029959053.93803
781,ARG,BRB,2149762.49989197
782,ARG,BRN,455445.208135946
783,ARG,BWA,54417.1770990048
784,ARG,CAF,49314.0036935656
785,ARG,CAN,422077367.466584
786,ARG,CHE,648398503.630831
787,ARG,CHL,3184347597.505
788,ARG,CHN,2950369627.28661
789,ARG,CIV,15083232.1007275
790,ARG,CMR,34724424.9022683
791,ARG,COD,14182323.9020557
792,ARG,COG,50843224.966537
793,ARG,COL,714447076.381057
794,ARG,COM,594862.97373637
795,ARG,CPV,1497807.43109542
796,ARG,CRI,109340137.059284
797,ARG,CUB,35688344.3338079
798,ARG,CYP,31764765.2129593
799,ARG,CZE,29026844.1635753
800,ARG,DEU,1410110063.7404
801,ARG,DJI,105292.006385695
802,ARG,DMA,407191.168091443
803,ARG,DNK,341139642.24275
804,ARG,DOM,111332877.859738
805,ARG,DZA,553167339.892809
806,ARG,ECU,339356264.023395
807,ARG,EGY,405357498.125584
808,ARG,ESP,1311595229.11401
809,ARG,EST,8284188.48963937
810,ARG,ETH,1344038.20716061
811,ARG,FIN,20178882.9071499
812,ARG,FJI,236153.323343917
813,ARG,FRA,485308999.459786
814,ARG,FRO,1029696.78788971
815,ARG,GAB,8569199.72397961
816,ARG,GBR,659330567.195493
817,ARG,GEO,4254327.51942816
818,ARG,GHA,25135616.202167
819,ARG,GIN,1079007.36571499
820,ARG,GMB,2444570.79941016
821,ARG,GNB,1755877.40424059
822,ARG,GNQ,3745133.17850985
823,ARG,GRC,124736552.369268
824,ARG,GRD,621825.24235579
825,ARG,GRL,165832.957312544
826,ARG,GTM,88724859.5123879
827,ARG,GUY,700446.864100411
828,ARG,HKG,193238757.340533
829,ARG,HND,23379233.1397667
830,ARG,HRV,18844775.7960976
831,ARG,HTI,22071956.7439914
832,ARG,HUN,10586618.1911173
833,ARG,IDN,454998568.09449
834,ARG,IND,444219237.960299
835,ARG,IRL,103666964.526976
836,ARG,IRN,586075294.743557
837,ARG,IRQ,90480017.4842875
838,ARG,ISL,3376857.13350317
839,ARG,ISR,183105090.325436
840,ARG,ITA,1071289050.80446
841,ARG,JAM,8064910.54127954
842,ARG,JOR,82002269.9439739
843,ARG,JPN,433618109.846625
844,ARG,KAZ,28844083.6827116
845,ARG,KEN,17281217.0452511
846,ARG,KGZ,1188396.02540239
847,ARG,KHM,4500726.92965513
848,ARG,KNA,320857.916825042
849,ARG,KOR,460612447.333938
850,ARG,KWT,11156433.2714349
851,ARG,LBN,45362773.7045712
852,ARG,LBR,4973427.55119636
853,ARG,LBY,80517565.7739157
854,ARG,LCA,710033.813924378
855,ARG,LKA,812442.609556838
856,ARG,LTU,14881437.4182174
857,ARG,LUX,2282103.106778
858,ARG,LVA,17118438.9689518
859,ARG,MAC,3366126.76998963
860,ARG,MAR,129846868.846442
861,ARG,MDA,3337338.37242563
862,ARG,MDG,7733367.7242687
863,ARG,MDV,65068.2016139823
864,ARG,MEX,784251799.902215
865,ARG,MKD,10276172.6596738
866,ARG,MLI,1924035.46410318
867,ARG,MLT,2236441.7638557
868,ARG,MMR,333630.23898546
869,ARG,MNE,2130659.85830447
870,ARG,MNG,713099.280870663
871,ARG,MOZ,18231745.442817
872,ARG,MRT,808778.986007042
873,ARG,MSR,29724.8888088305
874,ARG,MUS,43662321.3678806
875,ARG,MWI,1899830.3342839
876,ARG,MYS,429804858.073375
877,ARG,NAM,2368737.83445396
878,ARG,NCL,256602.331169552
879,ARG,NER,8013308.05756797
880,ARG,NGA,64545146.2099609
881,ARG,NIC,17683959.3807806
882,ARG,NLD,1639033308.99908
883,ARG,NOR,26087190.1439024
884,ARG,NPL,57318091.3692167
885,ARG,NZL,38328798.7451552
886,ARG,OMN,30885779.2229026
887,ARG,PAK,58966864.4827459
888,ARG,PAN,57122069.3522006
889,ARG,PER,599397695.557072
890,ARG,PHL,350880079.188212
891,ARG,PNG,156873.249713873
892,ARG,POL,488807716.098728
893,ARG,PRT,119680912.886359
894,ARG,PRY,585953588.717018
895,ARG,PSE,2675920.41271799
896,ARG,PYF,2630972.97826665
897,ARG,QAT,14812677.5009337
898,ARG,ROU,32119377.4426555
899,ARG,RUS,792539544.676099
900,ARG,RWA,2526240.75875962
901,ARG,SAU,238883950.71971
902,ARG,SDN,19118941.1754228
903,ARG,SEN,67617095.5842256
904,ARG,SGP,37654496.0523264
905,ARG,SLE,3136153.57189589
906,ARG,SLV,30422015.3008286
907,ARG,SRB,16852384.6671689
908,ARG,STP,34775.3038425969
909,ARG,SUR,4614064.93030775
910,ARG,SVK,9996805.63241465
911,ARG,SVN,86795316.622421
912,ARG,SWE,36025018.1141826
913,ARG,SWZ,1147938.23519679
914,ARG,SYC,3583182.69332453
915,ARG,SYR,264433440.588656
916,ARG,TCD,714648.4585116
917,ARG,TGO,1834384.60198431
918,ARG,THA,302671701.171805
919,ARG,TJK,25899.5642757253
920,ARG,TKM,102439.628447075
921,ARG,TON,23008.8166122522
922,ARG,TTO,18895298.446124
923,ARG,TUN,110823424.290218
924,ARG,TUR,154726401.257549
925,ARG,TZA,26064663.7203782
926,ARG,UGA,17175844.8735474
927,ARG,UKR,38909598.5295593
928,ARG,URY,1115661519.87446
929,ARG,USA,2832125498.89501
930,ARG,UZB,2645220.47931293
931,ARG,VCT,386287.890130495
932,ARG,VEN,714338746.999845
933,ARG,VNM,402373895.042793
934,ARG,VUT,74903.8694758351
935,ARG,WSM,23084.1857146419
936,ARG,YEM,102466500.957945
937,ARG,ZAF,588046720.928896
938,ARG,ZMB,531695.471942044
939,ARG,ZWE,274720.378210372
940,ARM,AGO,30352.5078796391
941,ARM,ALB,285364.550988769
942,ARM,ARE,3034405.96884348
943,ARM,ARG,83598.0380233134
944,ARM,AUS,448353.660774736
945,ARM,AUT,5501131.17331426
946,ARM,BEL,32065404.3403078
947,ARM,BEN,25537.7925842549
948,ARM,BGR,41122645.7240332
949,ARM,BHR,11329.3464364846
950,ARM,BIH,57527.1803330661
951,ARM,BLR,3490822.7532266
952,ARM,BRA,67490.2904953233
953,ARM,CAN,23469830.9118811
954,ARM,CHE,17269216.2286297
955,ARM,CHL,2217.13973673371
956,ARM,CHN,16402109.7794569
957,ARM,CMR,313.809535404291
958,ARM,COL,608262.229793939
959,ARM,CYP,56954.3751549046
960,ARM,CZE,1057132.51150687
961,ARM,DEU,82535256.0103886
962,ARM,DNK,540484.851535877
963,ARM,DOM,92271.5273446169
964,ARM,DZA,260.365990073429
965,ARM,EGY,483148.834653417
966,ARM,ESP,8844739.95152678
967,ARM,EST,156207.788501929
968,ARM,FIN,40667.1121284954
969,ARM,FRA,4784438.15660693
970,ARM,GBR,1813051.03496609
971,ARM,GEO,33192630.8022107
972,ARM,GIN,7345.06161470306
973,ARM,GRC,143045.074946342
974,ARM,HKG,295374.252959776
975,ARM,HRV,398502.480933229
976,ARM,HUN,266532.552996221
977,ARM,IDN,63628.6517583395
978,ARM,IND,1967763.24696235
979,ARM,IRL,6941.0160788759
980,ARM,IRN,9605260.40480564
981,ARM,ISR,278322.336130941
982,ARM,ITA,5400388.43087499
983,ARM,JOR,21167.7549929698
984,ARM,JPN,1403863.95600863
985,ARM,KAZ,1654589.55271276
986,ARM,KEN,16575.7211364642
987,ARM,KGZ,131543.064748019
988,ARM,KOR,4456063.199579
989,ARM,KWT,1004.46458275697
990,ARM,LBN,133994.616096658
991,ARM,LKA,278.865678841804
992,ARM,LTU,276500.459374085
993,ARM,LUX,230005.260109893
994,ARM,LVA,608636.205798607
995,ARM,MAC,75158.8671302975
996,ARM,MDA,892250.266903609
997,ARM,MEX,319596.512120502
998,ARM,MKD,16522.6955470648
999,ARM,MLT,1509.4375687678
1000,ARM,MNG,42979.5732245423
1001,ARM,MOZ,93737.2378156992
1002,ARM,MYS,37503.6653491032
1003,ARM,NAM,91.8132701837882
1004,ARM,NLD,35735843.9976548
1005,ARM,NOR,38340.5720841221
1006,ARM,NZL,33573.5092463106
1007,ARM,PAK,103680.477941872
1008,ARM,PAN,1210649.09546977
1009,ARM,PER,309.698493455763
1010,ARM,PHL,129272.399245116
1011,ARM,POL,1979162.48111196
1012,ARM,ROU,55264.4080307037
1013,ARM,RUS,76099036.3873268
1014,ARM,RWA,64.4063238602693
1015,ARM,SAU,513284.142483442
1016,ARM,SDN,20828.0164308225
1017,ARM,SEN,84994.4219384967
1018,ARM,SGP,64528.9699450671
1019,ARM,SRB,257571.851895747
1020,ARM,SVK,295198.848503306
1021,ARM,SVN,210342.831643743
1022,ARM,SWE,899363.739821878
1023,ARM,SWZ,11940.5213394991
1024,ARM,SYC,83416.7355919941
1025,ARM,SYR,120321.975749513
1026,ARM,THA,2531354.89494359
1027,ARM,TJK,173201.623159768
1028,ARM,TKM,1880428.95698148
1029,ARM,TUR,720734.170942737
1030,ARM,TZA,28369.6153131325
1031,ARM,UGA,274.069463235189
1032,ARM,UKR,19333560.8692624
1033,ARM,USA,54199555.6675912
1034,ARM,UZB,1102622.56101465
1035,ARM,VEN,528.268890385826
1036,ARM,VNM,1948381.05452236
1037,ARM,YEM,141.145773566122
1038,ARM,ZAF,211504.88616786
1039,ARM,ZWE,6.85173658087972
1040,ATG,ABW,12430.420505032
1041,ATG,AGO,6737159.10107961
1042,ATG,AIA,3276666.24500194
1043,ATG,ALB,40663.6862602049
1044,ATG,ARE,6517.37183573279
1045,ATG,AUS,167154.965627142
1046,ATG,AUT,20141.364853154
1047,ATG,BEL,2613.25233194752
1048,ATG,BGD,76543.4900396397
1049,ATG,BGR,1789.67359492578
1050,ATG,BHS,134222.093751143
1051,ATG,BIH,1162.0545241172
1052,ATG,BLZ,23257.6819624746
1053,ATG,BMU,90619.697671399
1054,ATG,BOL,23.981078033079
1055,ATG,BRA,263628.101859586
1056,ATG,BRB,3849072.65209447
1057,ATG,CAN,268610.684701202
1058,ATG,CHE,275649.497671818
1059,ATG,CHL,4110.35677486974
1060,ATG,CHN,68975.746986058
1061,ATG,COG,115662.109700856
1062,ATG,COL,41109.7343116202
1063,ATG,COM,13997.0152603575
1064,ATG,CPV,13972.746409388
1065,ATG,CRI,19023.8466168125
1066,ATG,CYP,72358.4493360383
1067,ATG,CZE,460686.101446661
1068,ATG,DEU,798360.943831719
1069,ATG,DMA,3733645.55695834
1070,ATG,DNK,420870.660175169
1071,ATG,DOM,501897.220904469
1072,ATG,DZA,681.062616139444
1073,ATG,ECU,34625.9359851337
1074,ATG,ESP,360358.863387472
1075,ATG,EST,1115.54493620619
1076,ATG,ETH,53265.0788333133
1077,ATG,FIN,21452.7872347344
1078,ATG,FRA,1330437.32093964
1079,ATG,FRO,370.678949025593
1080,ATG,GBR,6841039.64972965
1081,ATG,GEO,55333.9394535265
1082,ATG,GHA,2233366.01930455
1083,ATG,GRC,84272.248902872
1084,ATG,GRD,198387.236483766
1085,ATG,GUY,41797.6486643405
1086,ATG,HRV,4439.24013075197
1087,ATG,IDN,316499.527185944
1088,ATG,IND,57741.6396880476
1089,ATG,IRL,732.041591822163
1090,ATG,ITA,2500147.60209267
1091,ATG,JAM,45025.501767593
1092,ATG,JPN,100221.721315844
1093,ATG,KEN,56966.0231070921
1094,ATG,KNA,41700702.758284
1095,ATG,KOR,4978904.14424546
1096,ATG,LCA,2968391.54240768
1097,ATG,MDA,10896.316684573
1098,ATG,MEX,70282.3731520318
1099,ATG,MLT,291081.639991855
1100,ATG,MOZ,28214.7660664046
1101,ATG,MSR,197742.488071505
1102,ATG,MUS,82.9060126286446
1103,ATG,MYS,77844.6348163487
1104,ATG,NCL,15780.2345194241
1105,ATG,NGA,920589062.420427
1106,ATG,NIC,8.90725755514363
1107,ATG,NLD,133863.747927963
1108,ATG,NZL,53797.7801120933
1109,ATG,PAK,1184.6652548341
1110,ATG,PAN,434304.174915642
1111,ATG,PER,173323.584070908
1112,ATG,PHL,446.733225073358
1113,ATG,POL,124800475.645699
1114,ATG,PRT,111074.186886299
1115,ATG,ROU,66532.1505035897
1116,ATG,SGP,3829521.90693459
1117,ATG,SLV,15293.706408289
1118,ATG,SRB,6992.19718078775
1119,ATG,SUR,10489582.5273115
1120,ATG,SVK,16925.1597020891
1121,ATG,SVN,19952.9420971798
1122,ATG,SWE,619747.110650809
1123,ATG,SYC,111335.479916332
1124,ATG,TGO,4661.96542074468
1125,ATG,THA,81939.9177707405
1126,ATG,TTO,140868.278234597
1127,ATG,TUN,27282.9298914049
1128,ATG,TZA,4182.30000896898
1129,ATG,UGA,271.328768602837
1130,ATG,URY,522.787501121122
1131,ATG,USA,7281631.66330556
1132,ATG,VCT,3141645.23876546
1133,ATG,VEN,10287.8824761909
1134,ATG,ZAF,48003.2664856433
1135,AUS,AFG,11088403.064097
1136,AUS,AGO,8608051.81108783
1137,AUS,AIA,15221.1328144243
1138,AUS,ALB,1087263.02312129
1139,AUS,AND,71435.6814344035
1140,AUS,ARE,1187587599.96599
1141,AUS,ARG,125598876.991481
1142,AUS,ARM,2256490.63026501
1143,AUS,ATG,313654.686157563
1144,AUS,AUS,463981894.999502
1145,AUS,AUT,49775336.5989455
1146,AUS,AZE,5786829.40387452
1147,AUS,BDI,230040.203966456
1148,AUS,BEL,668468529.573052
1149,AUS,BEN,462594.995258094
1150,AUS,BFA,9462856.98676802
1151,AUS,BGD,231903623.487375
1152,AUS,BGR,12119121.4459109
1153,AUS,BHR,416504874.086432
1154,AUS,BHS,2517208.7995987
1155,AUS,BIH,2782270.96992467
1156,AUS,BLR,4530505.26200929
1157,AUS,BLZ,191273.020152077
1158,AUS,BMU,1025169.84553073
1159,AUS,BOL,4660228.50552142
1160,AUS,BRA,648215287.509484
1161,AUS,BRB,4108397.86338127
1162,AUS,BRN,25026294.6894981
1163,AUS,BTN,210253.073894533
1164,AUS,BWA,7783733.77168901
1165,AUS,CAF,127224.415181091
1166,AUS,CAN,978960737.101602
1167,AUS,CHE,271415898.202669
1168,AUS,CHL,159711067.070937
1169,AUS,CHN,27022413262.4769
1170,AUS,CIV,10037366.021209
1171,AUS,CMR,1401018.42980659
1172,AUS,COD,1484242.36301259
1173,AUS,COG,5451891.85354943
1174,AUS,COK,6035332.29723181
1175,AUS,COL,36613082.7948834
1176,AUS,COM,200749.030083195
1177,AUS,CPV,11143.6643751428
1178,AUS,CRI,32306296.324671
1179,AUS,CUB,1530874.5970084
1180,AUS,CYM,203587.704548653
1181,AUS,CYP,5485424.25237625
1182,AUS,CZE,66604703.5422446
1183,AUS,DEU,1752092153.59421
1184,AUS,DJI,1462463.43311661
1185,AUS,DMA,59945.8433461166
1186,AUS,DNK,92045543.3687064
1187,AUS,DOM,6819530.05474692
1188,AUS,DZA,28274807.8340628
1189,AUS,ECU,2823952.82424079
1190,AUS,EGY,233826480.699449
1191,AUS,ERI,239089.292468823
1192,AUS,ESP,404385253.477123
1193,AUS,EST,3782034.1856645
1194,AUS,ETH,7897584.15205489
1195,AUS,FIN,206702593.75607
1196,AUS,FJI,217756246.182577
1197,AUS,FRA,965708030.097067
1198,AUS,FRO,421401.669760187
1199,AUS,FSM,2683932.7909949
1200,AUS,GAB,1776116.74892685
1201,AUS,GBR,4848867804.46369
1202,AUS,GEO,12267388.9144792
1203,AUS,GHA,67651659.8545815
1204,AUS,GIB,5182471.29358437
1205,AUS,GIN,10071921.2205508
1206,AUS,GMB,57547.7355428087
1207,AUS,GNB,20354.4538608194
1208,AUS,GNQ,265436.960316938
1209,AUS,GRC,36962517.93464
1210,AUS,GRD,218501.879564254
1211,AUS,GRL,289558.067290521
1212,AUS,GTM,14854130.507248
1213,AUS,GUY,1457040.9687865
1214,AUS,HKG,1546268429.89887
1215,AUS,HND,4358883.64930507
1216,AUS,HRV,8029338.38047259
1217,AUS,HTI,199320.443006081
1218,AUS,HUN,8044623.91961088
1219,AUS,IDN,2354267013.38695
1220,AUS,IND,8233765201.44131
1221,AUS,IRL,83614963.2056262
1222,AUS,IRN,320007865.718566
1223,AUS,IRQ,159082749.76432
1224,AUS,ISL,39920981.9959156
1225,AUS,ISR,122356256.340376
1226,AUS,ITA,652381202.971045
1227,AUS,JAM,14200043.1780275
1228,AUS,JOR,82114321.1884966
1229,AUS,JPN,23810798145.9318
1230,AUS,KAZ,29496349.1351752
1231,AUS,KEN,19381170.1608947
1232,AUS,KGZ,4971017.11026721
1233,AUS,KHM,22660494.87969
1234,AUS,KIR,13495434.5691278
1235,AUS,KNA,112571.976502879
1236,AUS,KOR,10110375016.8968
1237,AUS,KWT,262941105.639568
1238,AUS,LAO,5765336.87656762
1239,AUS,LBN,35351952.8449803
1240,AUS,LBR,1011319.06003248
1241,AUS,LBY,12431302.3235299
1242,AUS,LCA,994274.680113882
1243,AUS,LKA,97336714.7224518
1244,AUS,LSO,35580.3828908503
1245,AUS,LTU,2377710.86868028
1246,AUS,LUX,6159599.5029046
1247,AUS,LVA,3352578.00492882
1248,AUS,MAC,44865623.7806148
1249,AUS,MAR,35513260.6975696
1250,AUS,MDA,535871.57729597
1251,AUS,MDG,12746591.148862
1252,AUS,MDV,18260326.7767905
1253,AUS,MEX,539749389.557153
1254,AUS,MHL,3150932.76770085
1255,AUS,MKD,2145141.91484913
1256,AUS,MLI,11452953.8199247
1257,AUS,MLT,14374030.6953731
1258,AUS,MMR,31850424.2533461
1259,AUS,MNE,155162.371089628
1260,AUS,MNG,5279824.1927938
1261,AUS,MNP,693924.010875413
1262,AUS,MOZ,171756849.540156
1263,AUS,MRT,8377387.41391885
1264,AUS,MSR,546.768579154201
1265,AUS,MUS,72148380.5738578
1266,AUS,MWI,2819989.68867431
1267,AUS,MYS,1848018216.89541
1268,AUS,NAM,5437475.1146096
1269,AUS,NCL,178022529.684327
1270,AUS,NER,293438.637375678
1271,AUS,NGA,228213889.339816
1272,AUS,NIC,852694.506448532
1273,AUS,NIU,49772.3848708264
1274,AUS,NLD,1083795416.7923
1275,AUS,NOR,65273428.8445408
1276,AUS,NPL,32720596.8546388
1277,AUS,NRU,13250691.2236325
1278,AUS,NZL,4262877243.77608
1279,AUS,OMN,247206707.182349
1280,AUS,PAK,366354335.021971
1281,AUS,PAN,7609020.6554395
1282,AUS,PER,58824141.4394189
1283,AUS,PHL,626998540.54444
1284,AUS,PLW,583440.443682386
1285,AUS,PNG,984789529.966166
1286,AUS,POL,60280680.8610877
1287,AUS,PRT,14624695.9967953
1288,AUS,PRY,789767.472516075
1289,AUS,PSE,1487615.75933395
1290,AUS,PYF,43119062.2482032
1291,AUS,QAT,97637713.5659708
1292,AUS,ROU,17366202.559932
1293,AUS,RUS,401016170.68092
1294,AUS,RWA,1831977.58692345
1295,AUS,SAU,1131370729.29249
1296,AUS,SDN,183108043.690435
1297,AUS,SEN,12326749.6195213
1298,AUS,SGP,2879464758.10721
1299,AUS,SHN,9567.76496154044
1300,AUS,SLB,43029580.6239778
1301,AUS,SLE,1263845.29311007
1302,AUS,SLV,15435259.53815
1303,AUS,SOM,129435.470575741
1304,AUS,SRB,4897304.07260913
1305,AUS,STP,1823.93227783018
1306,AUS,SUR,1336365.44342941
1307,AUS,SVK,18580602.2960062
1308,AUS,SVN,12215543.8792927
1309,AUS,SWE,229364970.807799
1310,AUS,SWZ,254989.205585932
1311,AUS,SYC,12204223.7470715
1312,AUS,SYR,19010838.5949137
1313,AUS,TCA,33413.178610318
1314,AUS,TCD,193688.315536598
1315,AUS,TGO,1397804.2801765
1316,AUS,THA,2594936789.08115
1317,AUS,TJK,18740.8698960222
1318,AUS,TKM,2102892.5106368
1319,AUS,TLS,23242715.0290873
1320,AUS,TON,11950703.7052319
1321,AUS,TTO,42161650.5960681
1322,AUS,TUN,6832841.54691062
1323,AUS,TUR,424488415.459598
1324,AUS,TUV,1754143.91488563
1325,AUS,TZA,86150098.8662044
1326,AUS,UGA,2780777.29135003
1327,AUS,UKR,96743217.9849896
1328,AUS,URY,6382545.41881521
1329,AUS,USA,5632686099.10348
1330,AUS,UZB,1204335.90538415
1331,AUS,VCT,1388630.49006836
1332,AUS,VEN,27412226.2717281
1333,AUS,VGB,60161.6730484144
1334,AUS,VNM,745255930.472192
1335,AUS,VUT,56216397.9036824
1336,AUS,WLF,4027228.76597588
1337,AUS,WSM,37220181.5998059
1338,AUS,YEM,225448949.152399
1339,AUS,ZAF,805017766.321387
1340,AUS,ZMB,11910223.8599714
1341,AUS,ZWE,2521141.77861696
1342,AUT,ABW,369338.749350373
1343,AUT,AFG,7315784.14429296
1344,AUT,AGO,23904350.2313253
1345,AUT,AIA,61799.2380912446
1346,AUT,ALB,53804435.2038343
1347,AUT,AND,3725643.33980678
1348,AUT,ARE,409028849.74907
1349,AUT,ARG,95254759.0632852
1350,AUT,ARM,49903081.0609331
1351,AUT,ATG,311601.905877932
1352,AUT,AUS,573449501.766137
1353,AUT,AZE,42991419.191917
1354,AUT,BDI,223082.95064223
1355,AUT,BEL,1472690311.84132
1356,AUT,BEN,6525159.51953061
1357,AUT,BFA,1499526.53180356
1358,AUT,BGD,52765381.6844697
1359,AUT,BGR,563604919.109819
1360,AUT,BHR,20593745.964691
1361,AUT,BHS,8012116.54057655
1362,AUT,BIH,266007542.791753
1363,AUT,BLR,120840321.269808
1364,AUT,BLZ,1977535.193674
1365,AUT,BMU,781774.236620821
1366,AUT,BOL,5108732.90450094
1367,AUT,BRA,705353529.70071
1368,AUT,BRB,1162485.49834814
1369,AUT,BRN,2500369.97177753
1370,AUT,BTN,1816035.65142072
1371,AUT,BWA,7840336.65275731
1372,AUT,CAF,60488.5008833223
1373,AUT,CAN,711469599.435943
1374,AUT,CHE,4601250320.507
1375,AUT,CHL,79571306.0342763
1376,AUT,CHN,2333458539.4792
1377,AUT,CIV,6450668.8385479
1378,AUT,CMR,7796201.19157158
1379,AUT,COD,2227705.11454142
1380,AUT,COG,3730012.0810495
1381,AUT,COL,67597160.4566436
1382,AUT,CPV,277815.307623956
1383,AUT,CRI,29361446.6639816
1384,AUT,CUB,13008912.6245557
1385,AUT,CYM,653150.696829914
1386,AUT,CYP,67481829.9709932
1387,AUT,CZE,3277885852.05781
1388,AUT,DEU,27954656575.2011
1389,AUT,DJI,1394843.6447999
1390,AUT,DMA,364537.73752815
1391,AUT,DNK,515891050.107316
1392,AUT,DOM,8647624.50766539
1393,AUT,DZA,182524384.409823
1394,AUT,ECU,20410370.1978823
1395,AUT,EGY,198347927.385827
1396,AUT,ERI,25302.7780195307
1397,AUT,ESP,1682178865.54229
1398,AUT,EST,50983355.1620037
1399,AUT,ETH,11466705.237428
1400,AUT,FIN,417817062.492162
1401,AUT,FJI,348554.006432274
1402,AUT,FRA,3574872983.25352
1403,AUT,FRO,1383028.51023984
1404,AUT,GAB,14467300.644754
1405,AUT,GBR,2831575371.59459
1406,AUT,GEO,35578550.7364886
1407,AUT,GHA,10307530.5160102
1408,AUT,GIB,1526012.60473061
1409,AUT,GIN,14422902.0768835
1410,AUT,GMB,795785.352755061
1411,AUT,GNB,1148991.68832575
1412,AUT,GNQ,1813535.45274235
1413,AUT,GRC,600362068.573573
1414,AUT,GRD,231163.88876572
1415,AUT,GRL,1681033.02154175
1416,AUT,GTM,10097466.5500453
1417,AUT,GUY,264407.144308832
1418,AUT,HKG,419676216.121887
1419,AUT,HND,3137861.02465184
1420,AUT,HRV,1078551005.11485
1421,AUT,HTI,2203283.46984619
1422,AUT,HUN,3439662891.69814
1423,AUT,IDN,177663308.209212
1424,AUT,IND,544896546.315226
1425,AUT,IRL,222445843.971778
1426,AUT,IRN,310680220.550677
1427,AUT,IRQ,76348621.8550638
1428,AUT,ISL,13143249.8274814
1429,AUT,ISR,194429694.675033
1430,AUT,ITA,7414150692.83803
1431,AUT,JAM,8207136.14853081
1432,AUT,JOR,47886717.7612289
1433,AUT,JPN,927572359.195396
1434,AUT,KAZ,189884821.321413
1435,AUT,KEN,7522664.10826872
1436,AUT,KGZ,5528833.42948442
1437,AUT,KHM,709964.611384911
1438,AUT,KIR,2740.69463235189
1439,AUT,KNA,176820.710421789
1440,AUT,KOR,591103807.516169
1441,AUT,KWT,76192256.3190306
1442,AUT,LAO,1013952.18240051
1443,AUT,LBN,46780277.4125914
1444,AUT,LBR,2581980.32101873
1445,AUT,LBY,104840032.952484
1446,AUT,LCA,153314.457733765
1447,AUT,LKA,20559699.6856206
1448,AUT,LTU,102535728.848837
1449,AUT,LUX,94195982.8201725
1450,AUT,LVA,70322915.5625545
1451,AUT,MAC,6280137.99353007
1452,AUT,MAR,80657651.9593079
1453,AUT,MDA,37814291.567692
1454,AUT,MDG,2364510.31298356
1455,AUT,MDV,3033606.37118449
1456,AUT,MEX,318210019.372247
1457,AUT,MHL,108102.588731172
1458,AUT,MKD,85324457.0712982
1459,AUT,MLI,16511092.8163387
1460,AUT,MLT,30649460.0875334
1461,AUT,MMR,3592296.28681577
1462,AUT,MNE,50373279.428275
1463,AUT,MNG,2538253.22333321
1464,AUT,MOZ,4572069.95162988
1465,AUT,MRT,5380840.03037936
1466,AUT,MSR,29931.126079915
1467,AUT,MUS,7957104.63274232
1468,AUT,MWI,1405367.84709664
1469,AUT,MYS,240074889.424558
1470,AUT,NAM,8954646.22085797
1471,AUT,NCL,4643795.30050584
1472,AUT,NER,425070.08952559
1473,AUT,NGA,121826531.455966
1474,AUT,NIC,1899324.67612423
1475,AUT,NLD,1558269720.66045
1476,AUT,NOR,471747343.596592
1477,AUT,NPL,2083098.5288283
1478,AUT,NRU,960847.798030402
1479,AUT,NZL,70170070.4487765
1480,AUT,OMN,54803274.5108583
1481,AUT,PAK,129545987.031269
1482,AUT,PAN,14777378.0392426
1483,AUT,PER,50444941.0560007
1484,AUT,PHL,96403399.2575243
1485,AUT,PLW,3185.37233645098
1486,AUT,PNG,753057.238263038
1487,AUT,POL,2361578431.60469
1488,AUT,PRK,958249.619518933
1489,AUT,PRT,391074688.710354
1490,AUT,PRY,5167631.11732384
1491,AUT,PSE,1900342.62355423
1492,AUT,PYF,2522309.91748317
1493,AUT,QAT,80972060.6461879
1494,AUT,ROU,1784532834.51732
1495,AUT,RUS,2003444882.76087
1496,AUT,RWA,636178.945319075
1497,AUT,SAU,787891132.675485
1498,AUT,SDN,29162934.0407184
1499,AUT,SEN,9479000.02896148
1500,AUT,SGP,544063731.437293
1501,AUT,SLB,8804.48150643044
1502,AUT,SLE,1210519.59764839
1503,AUT,SLV,7295648.29508775
1504,AUT,SMR,13767079.2027871
1505,AUT,SOM,7615.02003598972
1506,AUT,SPM,1469.01232294061
1507,AUT,SRB,477271034.742958
1508,AUT,STP,13392.4043209875
1509,AUT,SUR,1505482.06123966
1510,AUT,SVK,1790789060.38184
1511,AUT,SVN,1963645892.50891
1512,AUT,SWE,940577971.338441
1513,AUT,SWZ,47873.7686642647
1514,AUT,SYC,1421867.7338978
1515,AUT,SYR,47479491.6492809
1516,AUT,TCA,61348.3938242227
1517,AUT,TCD,15331290.9241297
1518,AUT,TGO,1596406.66118891
1519,AUT,THA,159143654.850787
1520,AUT,TJK,2267415.03906957
1521,AUT,TKL,2436.47752816083
1522,AUT,TKM,30566008.6766729
1523,AUT,TLS,35511.8655250415
1524,AUT,TTO,24630841.916517
1525,AUT,TUN,69982260.9232263
1526,AUT,TUR,824698457.406221
1527,AUT,TZA,8071621.81726052
1528,AUT,UGA,5256406.32750767
1529,AUT,UKR,505799328.738394
1530,AUT,URY,12739563.322651
1531,AUT,USA,4222691198.92467
1532,AUT,UZB,57325480.9671191
1533,AUT,VAT,384792.841208547
1534,AUT,VCT,339080.79543555
1535,AUT,VEN,115063425.513629
1536,AUT,VGB,3262043.26879102
1537,AUT,VNM,105131764.137104
1538,AUT,WSM,8970.97870534581
1539,AUT,YEM,23473446.5732748
1540,AUT,ZAF,405402350.963589
1541,AUT,ZMB,6227990.64396658
1542,AUT,ZWE,690096.630821334
1543,AZE,AFG,39452806.2612124
1544,AZE,AGO,194193.973696267
1545,AZE,AIA,28640.2589080772
1546,AZE,ALB,9683333.20245014
1547,AZE,AND,2888.42835064052
1548,AZE,ARE,13844745.6924523
1549,AZE,ARG,79025.1890292343
1550,AZE,AUS,82796997.3886008
1551,AZE,AUT,35638585.6524102
1552,AZE,BEL,11708100.8422444
1553,AZE,BFA,113.784048704037
1554,AZE,BGR,88024800.456578
1555,AZE,BIH,5121.67309420759
1556,AZE,BLR,3542721.91713213
1557,AZE,BRA,79997.4504500611
1558,AZE,CAN,703014281.055327
1559,AZE,CHE,332499575.222459
1560,AZE,CHL,6694.2329714004
1561,AZE,CHN,88985862.0287897
1562,AZE,CIV,7412.99041633956
1563,AZE,CMR,10098.7745465586
1564,AZE,COL,62522.7814741855
1565,AZE,CUB,165812.025257289
1566,AZE,CYP,1979273.47924457
1567,AZE,CZE,471766159.780776
1568,AZE,DEU,1132858960.58032
1569,AZE,DNK,560937.970403461
1570,AZE,DZA,263689.082315156
1571,AZE,EGY,9806348.59584959
1572,AZE,ESP,338061501.587238
1573,AZE,EST,369119.206006848
1574,AZE,ETH,14306.1573928029
1575,AZE,FIN,201305.391093562
1576,AZE,FJI,343.957176360162
1577,AZE,FRA,1206166215.25839
1578,AZE,GAB,7039.47416319582
1579,AZE,GBR,426527023.607286
1580,AZE,GEO,270648830.35667
1581,AZE,GHA,475.510518713052
1582,AZE,GRC,123156754.317551
1583,AZE,HKG,4964877.26911708
1584,AZE,HRV,192956630.235078
1585,AZE,HUN,34570.4369188286
1586,AZE,IDN,518226775.58975
1587,AZE,IND,182852494.204645
1588,AZE,IRL,5940.43163454468
1589,AZE,IRN,61714988.4530725
1590,AZE,IRQ,32363057.4808544
1591,AZE,ISR,847009815.881869
1592,AZE,ITA,3103738349.64699
1593,AZE,JOR,181534.705189434
1594,AZE,JPN,92093432.8963648
1595,AZE,KAZ,99653319.7487828
1596,AZE,KGZ,3533294.6127705
1597,AZE,KOR,101544964.998547
1598,AZE,KWT,456769.64881703
1599,AZE,LBN,12051709.2652126
1600,AZE,LBY,88125580.5944251
1601,AZE,LTU,3716057.83432888
1602,AZE,LUX,35124351.174063
1603,AZE,LVA,2304354.12132441
1604,AZE,MAR,33783090.1648466
1605,AZE,MDA,2566350.82470409
1606,AZE,MDG,590.468269893394
1607,AZE,MEX,14555.1440187628
1608,AZE,MKD,114540.651715981
1609,AZE,MLT,57193474.0398046
1610,AZE,MNE,19265.7129181176
1611,AZE,MNG,356429.392458337
1612,AZE,MOZ,1798.58085248093
1613,AZE,MWI,9484.4615481901
1614,AZE,MYS,265543898.110451
1615,AZE,NER,399.456242665288
1616,AZE,NGA,74755.8719656882
1617,AZE,NLD,81228484.8322063
1618,AZE,NOR,1819621.84418059
1619,AZE,NZL,1187065.41815839
1620,AZE,OMN,20642.9119708744
1621,AZE,PAK,95923.626958658
1622,AZE,PAN,174034.109154345
1623,AZE,PER,9729.4659448492
1624,AZE,POL,7053642.18409776
1625,AZE,PRT,23494609.5320522
1626,AZE,PYF,1175.07282362087
1627,AZE,QAT,883.874018933484
1628,AZE,ROU,40211576.1211463
1629,AZE,RUS,510421819.934349
1630,AZE,RWA,7.53691023896769
1631,AZE,SAU,855535.236434965
1632,AZE,SDN,9071.90889622412
1633,AZE,SGP,3715373.34584445
1634,AZE,SLV,0.00685173658087972
1635,AZE,SRB,721273.402611653
1636,AZE,SVK,720460.101479502
1637,AZE,SVN,41421371.8465284
1638,AZE,SWE,2795995.68346982
1639,AZE,SWZ,369.110586522229
1640,AZE,SYC,47374.8258916187
1641,AZE,SYR,59429.9075815764
1642,AZE,THA,182902383.069038
1643,AZE,TJK,5545899.73496007
1644,AZE,TKM,25678567.678872
1645,AZE,TTO,13549.9942623477
1646,AZE,TUN,24053.0212671782
1647,AZE,TUR,96334869.5585897
1648,AZE,TZA,10642.8024310805
1649,AZE,UKR,193763433.180255
1650,AZE,USA,1389244742.08628
1651,AZE,UZB,3952999.1073796
1652,AZE,VEN,25970.1371625084
1653,AZE,VGB,36314.2038786625
1654,AZE,VNM,5160460.77499195
1655,AZE,ZAF,37436.5183306106
1656,AZE,ZMB,70157.8901166567
1657,BDI,AGO,46571.9387138975
1658,BDI,ALB,129702.003128737
1659,BDI,ARE,19803902.4378989
1660,BDI,AUS,47859.3800174448
1661,BDI,AUT,305501.119626316
1662,BDI,BEL,6938809.81969685
1663,BDI,BGR,3102.46632382234
1664,BDI,CAF,3767.08477216767
1665,BDI,CAN,149931.755383784
1666,BDI,CHE,14159770.725926
1667,BDI,CHN,663986.033058917
1668,BDI,CIV,3913.34468191776
1669,BDI,CMR,515.250590882155
1670,BDI,COD,4822690.03159066
1671,BDI,COL,9589.00534494116
1672,BDI,CRI,6400.20714019974
1673,BDI,CZE,65286.0868372543
1674,BDI,DEU,24102531.1469468
1675,BDI,DNK,404799.226851057
1676,BDI,DOM,10929.225575371
1677,BDI,EGY,567693.587397716
1678,BDI,ESP,141906.428009906
1679,BDI,FIN,1375389.50912581
1680,BDI,FRA,3020348.94607415
1681,BDI,FRO,152.10855209553
1682,BDI,GBR,382902.447085882
1683,BDI,GHA,191.163450606544
1684,BDI,GIN,8596.18871437169
1685,BDI,HKG,858249.209294651
1686,BDI,HRV,3924.6747135279
1687,BDI,IDN,57561.4390159705
1688,BDI,IND,506502.978789346
1689,BDI,IRL,2572.65784822679
1690,BDI,ISR,3746.52956242503
1691,BDI,ITA,1978646.32677702
1692,BDI,JPN,154022.927296228
1693,BDI,KEN,4979685.24221568
1694,BDI,LBN,110.998132610251
1695,BDI,LUX,46399.2749520594
1696,BDI,MDG,6074.06447894987
1697,BDI,MEX,69349.8518033741
1698,BDI,MLI,17787.7933376218
1699,BDI,MOZ,50145.8045144844
1700,BDI,MWI,10425.9778566312
1701,BDI,MYS,3277.18560663477
1702,BDI,NLD,682715.94017641
1703,BDI,NOR,65569.77819417
1704,BDI,OMN,1019635.01272069
1705,BDI,PAK,4716036.58514635
1706,BDI,PHL,309969.137050708
1707,BDI,POL,672130.692332609
1708,BDI,ROU,304131.162859125
1709,BDI,RUS,613368.829067668
1710,BDI,RWA,3242424.00626533
1711,BDI,SDN,156770.920398385
1712,BDI,SEN,72046.6953216083
1713,BDI,SGP,1684179.46231095
1714,BDI,SVK,3185.37233645098
1715,BDI,SVN,6065.84239505281
1716,BDI,SWE,6912701.96262907
1717,BDI,SWZ,935579.963867434
1718,BDI,SYC,5644.64490704274
1719,BDI,TCD,99040.4819293001
1720,BDI,THA,94218.9148973351
1721,BDI,TUN,2084.9834415617
1722,BDI,TZA,6494381.5188093
1723,BDI,UGA,4411850.3137699
1724,BDI,UKR,18676.4635721619
1725,BDI,USA,2902373.00492993
1726,BDI,VCT,392.604506084408
1727,BDI,ZAF,71740.422696443
1728,BDI,ZMB,16020.0452997549
1729,BEL,ABW,1970477.21982204
1730,BEL,AFG,15706708.5341747
1731,BEL,AGO,616757795.960405
1732,BEL,AIA,83816.6084202435
1733,BEL,ALB,12847503.5252252
1734,BEL,AND,8198877.06525622
1735,BEL,ARE,1394904405.9999
1736,BEL,ARG,207260265.503646
1737,BEL,ARM,45160132.910018
1738,BEL,ATG,817316.934960476
1739,BEL,AUS,1185508147.2462
1740,BEL,AUT,2549351536.7491
1741,BEL,AZE,39145255.1020011
1742,BEL,BDI,31890824.147748
1743,BEL,BEN,144468914.455179
1744,BEL,BFA,47290430.6629514
1745,BEL,BGD,57183534.2255467
1746,BEL,BGR,301981017.347159
1747,BEL,BHR,51765918.1842431
1748,BEL,BHS,2272305.808641
1749,BEL,BIH,38115411.6869485
1750,BEL,BLR,153834778.609717
1751,BEL,BLZ,3326776.4204862
1752,BEL,BMU,460771.062980264
1753,BEL,BOL,12082043.9585772
1754,BEL,BRA,1426487961.96516
1755,BEL,BRB,3180458.95614883
1756,BEL,BRN,4517105.32077806
1757,BEL,BTN,221611.197624657
1758,BEL,BWA,37069026.1242688
1759,BEL,CAF,8314813.92959397
1760,BEL,CAN,1912699621.53524
1761,BEL,CHE,3765267293.46927
1762,BEL,CHL,203929469.854481
1763,BEL,CHN,4166923819.30021
1764,BEL,CIV,126878816.328646
1765,BEL,CMR,162364383.518343
1766,BEL,COD,223630524.300433
1767,BEL,COG,124495508.276353
1768,BEL,COK,26083.875989751
1769,BEL,COL,149187440.276225
1770,BEL,COM,3348212.07837948
1771,BEL,CPV,11568464.5062471
1772,BEL,CRI,39525241.4499981
1773,BEL,CUB,16968823.0786244
1774,BEL,CYM,816608.465398013
1775,BEL,CYP,187400773.556519
1776,BEL,CZE,2275298814.3619
1777,BEL,DEU,49070373222.1995
1778,BEL,DJI,14828472.8092736
1779,BEL,DMA,299935.454001668
1780,BEL,DNK,2053595820.5964
1781,BEL,DOM,35909709.5540893
1782,BEL,DZA,929072891.56213
1783,BEL,ECU,133080061.371663
1784,BEL,EGY,704216655.993701
1785,BEL,ERI,2456281.10240054
1786,BEL,ESP,8278298959.55588
1787,BEL,EST,183159462.281073
1788,BEL,ETH,46361133.3900346
1789,BEL,FIN,1552876876.38758
1790,BEL,FJI,617205.116379303
1791,BEL,FRA,45424306419.7019
1792,BEL,FRO,5428777.52019383
1793,BEL,GAB,269015978.623434
1794,BEL,GBR,18133815762.3667
1795,BEL,GEO,26965336.8270607
1796,BEL,GHA,234272882.053809
1797,BEL,GIB,347327443.493421
1798,BEL,GIN,63707195.9554607
1799,BEL,GMB,13057525.0104233
1800,BEL,GNB,1306510.37162555
1801,BEL,GNQ,27802785.5344431
1802,BEL,GRC,1860643533.67714
1803,BEL,GRD,445131.289060748
1804,BEL,GRL,1867510.74079405
1805,BEL,GTM,27676513.5106468
1806,BEL,GUY,6404176.35120105
1807,BEL,HKG,1735602828.61001
1808,BEL,HND,11099284.9921348
1809,BEL,HRV,212283200.277507
1810,BEL,HTI,12327100.4284343
1811,BEL,HUN,1270666196.87633
1812,BEL,IDN,297600820.686045
1813,BEL,IND,4326209133.80481
1814,BEL,IRL,1374611507.45535
1815,BEL,IRN,406729192.493171
1816,BEL,IRQ,88520583.2083129
1817,BEL,ISL,52472992.0479646
1818,BEL,ISR,1759344382.95052
1819,BEL,ITA,11998075572.5437
1820,BEL,JAM,41373986.6066823
1821,BEL,JOR,148450899.834164
1822,BEL,JPN,2123090522.22214
1823,BEL,KAZ,107813949.735271
1824,BEL,KEN,90716814.1856963
1825,BEL,KGZ,11964692.2106355
1826,BEL,KHM,17165006.7966237
1827,BEL,KIR,54.8138926470377
1828,BEL,KNA,217402.861016681
1829,BEL,KOR,936778665.589828
1830,BEL,KWT,139724532.920971
1831,BEL,LAO,18889170.2529261
1832,BEL,LBN,211048013.742994
1833,BEL,LBR,10486478.6906404
1834,BEL,LBY,182084981.857717
1835,BEL,LCA,1008775.69541366
1836,BEL,LKA,221427322.366252
1837,BEL,LSO,997867.045603237
1838,BEL,LTU,372723567.516609
1839,BEL,LUX,4381277639.03871
1840,BEL,LVA,120204665.11199
1841,BEL,MAC,4897691.64588504
1842,BEL,MAR,500654662.586568
1843,BEL,MDA,22442091.6651325
1844,BEL,MDG,136656299.64428
1845,BEL,MDV,1557133.19228096
1846,BEL,MEX,675088889.861332
1847,BEL,MHL,366313.022476256
1848,BEL,MKD,23114394.0071699
1849,BEL,MLI,55833402.9581527
1850,BEL,MLT,69017566.5602794
1851,BEL,MMR,4982933.65052867
1852,BEL,MNE,6876723.49384287
1853,BEL,MNG,6229087.7597869
1854,BEL,MNP,994.872151543735
1855,BEL,MOZ,12585408.8420125
1856,BEL,MRT,61538262.9817891
1857,BEL,MSR,13632143.1580842
1858,BEL,MUS,38376066.8203057
1859,BEL,MWI,13630581.6473174
1860,BEL,MYS,322458586.636732
1861,BEL,NAM,13591876.8725457
1862,BEL,NCL,27428757.4565768
1863,BEL,NER,31746884.9211778
1864,BEL,NGA,1115214856.5371
1865,BEL,NIC,11104090.8001726
1866,BEL,NLD,30154409182.801
1867,BEL,NOR,1273791563.07415
1868,BEL,NPL,3764923.73445006
1869,BEL,NRU,2834.56342350994
1870,BEL,NZL,117074864.470252
1871,BEL,OMN,137231513.492197
1872,BEL,PAK,223879738.404047
1873,BEL,PAN,91348113.3242225
1874,BEL,PER,90347106.8129179
1875,BEL,PHL,160646722.360056
1876,BEL,PLW,19722.0385744042
1877,BEL,PNG,1233221.45646182
1878,BEL,POL,3945349444.96346
1879,BEL,PRK,3277279.47542593
1880,BEL,PRT,1616246572.92841
1881,BEL,PRY,8358211.45874995
1882,BEL,PSE,7968604.00502206
1883,BEL,PYF,17500411.6353837
1884,BEL,QAT,324289797.514332
1885,BEL,ROU,732411880.304425
1886,BEL,RUS,2158814729.91556
1887,BEL,RWA,34016983.7854661
1888,BEL,SAU,903838052.62184
1889,BEL,SDN,33994351.1291921
1890,BEL,SEN,103787261.571311
1891,BEL,SGP,699313188.784038
1892,BEL,SHN,573.490351819632
1893,BEL,SLB,21812.7946040353
1894,BEL,SLE,11497280.444561
1895,BEL,SLV,25158610.0134761
1896,BEL,SMR,8069409.39151855
1897,BEL,SOM,439351.849254776
1898,BEL,SPM,112778.213773964
1899,BEL,SRB,152655911.294377
1900,BEL,STP,1969368.60884325
1901,BEL,SUR,16015349.804676
1902,BEL,SVK,551861395.474625
1903,BEL,SVN,382691497.190377
1904,BEL,SWE,3389876392.93513
1905,BEL,SWZ,942720.158558369
1906,BEL,SYC,19408900.0802661
1907,BEL,SYR,163395402.006219
1908,BEL,TCA,156832.139294388
1909,BEL,TCD,22191851.1713783
1910,BEL,TGO,36447004.2370731
1911,BEL,THA,486056831.563733
1912,BEL,TJK,1429462.0438748
1913,BEL,TKL,74048.0875768833
1914,BEL,TKM,16459288.8915717
1915,BEL,TLS,434923.571902553
1916,BEL,TON,9216.9560485994
1917,BEL,TTO,17183052.9004305
1918,BEL,TUN,338096720.25051
1919,BEL,TUR,2832476649.02444
1920,BEL,TUV,1960.96700944778
1921,BEL,TZA,75188224.0808519
1922,BEL,UGA,38204603.4827165
1923,BEL,UKR,370324757.410302
1924,BEL,URY,35051206.8305411
1925,BEL,USA,13672323922.3022
1926,BEL,UZB,19529739.7910462
1927,BEL,VAT,66724.951519239
1928,BEL,VCT,369391.507722045
1929,BEL,VEN,195153781.400685
1930,BEL,VGB,6378073.29034887
1931,BEL,VNM,182447011.174483
1932,BEL,VUT,109437.307017127
1933,BEL,WLF,196077.516082351
1934,BEL,WSM,258853.811810029
1935,BEL,YEM,39549374.6365833
1936,BEL,ZAF,905781055.74832
1937,BEL,ZMB,13390430.0903864
1938,BEL,ZWE,8111919.6207873
1939,BEN,AGO,15717458.2236964
1940,BEN,ARE,188270.647422097
1941,BEN,AUT,30486.1167429662
1942,BEN,BEL,2964529.9036707
1943,BEN,BFA,3835545.84068285
1944,BEN,BGD,4571626.64427309
1945,BEN,BGR,290521.853113197
1946,BEN,BIH,6687.2949029386
1947,BEN,BLR,479.62156066158
1948,BEN,CAF,7610.90899404119
1949,BEN,CAN,1781.45151102873
1950,BEN,CHE,99758034.5792675
1951,BEN,CHN,64257029.3163876
1952,BEN,CIV,9109051.00845215
1953,BEN,CMR,11784397.6697672
1954,BEN,COD,74618.8372340706
1955,BEN,COG,5985561.96788196
1956,BEN,COL,489581.930129205
1957,BEN,CPV,2240683.67397292
1958,BEN,CRI,10751.7450427165
1959,BEN,CZE,1645.78712672731
1960,BEN,DEU,2498609.19812233
1961,BEN,DJI,350068.240216648
1962,BEN,DNK,2615079.00491999
1963,BEN,DZA,68056.9291105621
1964,BEN,ECU,55261.3110457692
1965,BEN,EGY,101501.24886364
1966,BEN,ESP,386986.218437644
1967,BEN,ETH,21795.7104840445
1968,BEN,FIN,195507.451598822
1969,BEN,FRA,2466871.83163361
1970,BEN,FRO,977.742810091536
1971,BEN,GAB,16773993.9489471
1972,BEN,GBR,858025.842682115
1973,BEN,GHA,958009.808738602
1974,BEN,GIN,14644.9017679723
1975,BEN,GMB,20541.5062694774
1976,BEN,GNQ,64893.4823311699
1977,BEN,GRC,60012.9903646093
1978,BEN,GTM,203800.108382661
1979,BEN,HKG,368105.436765814
1980,BEN,HRV,1199.73907531204
1981,BEN,IDN,6455367.73071777
1982,BEN,IND,80135975.4343851
1983,BEN,IRL,472.09972424309
1984,BEN,ISR,2724.25046455778
1985,BEN,ITA,1313515.81321314
1986,BEN,JPN,6202.19195301232
1987,BEN,KAZ,1232.62741090026
1988,BEN,KEN,548965.245902031
1989,BEN,KOR,1132304.96905668
1990,BEN,LBN,9704194.68481794
1991,BEN,LBR,9461.5630445368
1992,BEN,LBY,240474.713605477
1993,BEN,LUX,2925.69152003564
1994,BEN,MAR,2330836.08320951
1995,BEN,MDG,36055.6988202444
1996,BEN,MEX,10226.216846963
1997,BEN,MLI,3427099.54750344
1998,BEN,MOZ,35937.3583667141
1999,BEN,MUS,2842537.47454277
2000,BEN,MYS,3560220.56718604
2001,BEN,NCL,354.919954889569
2002,BEN,NER,6009821.22642022
2003,BEN,NGA,116300083.80116
2004,BEN,NLD,3034444.33856834
2005,BEN,NOR,1474.54921127162
2006,BEN,NZL,804.393874595279
2007,BEN,PAK,2421326.96823319
2008,BEN,PER,504816.081243133
2009,BEN,PRK,16237.2453493688
2010,BEN,PRT,9954444.77100336
2011,BEN,RWA,29407.6534051357
2012,BEN,SEN,1154687.53694544
2013,BEN,SGP,487514.076029096
2014,BEN,SVN,466555.984175501
2015,BEN,SWE,10198.1247269814
2016,BEN,SYC,6826.9730345291
2017,BEN,TCA,522185.233475663
2018,BEN,TCD,15681666.1221452
2019,BEN,TGO,7158618.32542708
2020,BEN,THA,6110504.75478162
2021,BEN,TUN,359683.282160597
2022,BEN,TUR,72159.7489751928
2023,BEN,TZA,9051.82919700019
2024,BEN,UGA,9724.66972924258
2025,BEN,UKR,3929.47092913452
2026,BEN,USA,324905.237623368
2027,BEN,VCT,4951.75002700177
2028,BEN,VEN,17574.0191562984
2029,BEN,VNM,12329630.7747536
2030,BEN,ZAF,2942058.26320639
2031,BFA,AGO,371.364122683681
2032,BFA,ARE,4100181.94604714
2033,BFA,ARG,73.313581415413
2034,BFA,AUS,353558.550459979
2035,BFA,AUT,427141.36949399
2036,BFA,BDI,37405.1593026272
2037,BFA,BEL,44090040.3387684
2038,BFA,BEN,9038062.60838175
2039,BFA,BFA,48561.6275179187
2040,BFA,BGD,3925222.85245437
2041,BFA,BGR,1395.01356786711
2042,BFA,BHR,537448.847056889
2043,BFA,BRA,855190.866784063
2044,BFA,BWA,8.22208389705566
2045,BFA,CAF,10297.4749074041
2046,BFA,CAN,8105152.84574002
2047,BFA,CHE,254113013.923161
2048,BFA,CHN,79600182.6520598
2049,BFA,CIV,14928950.1469557
2050,BFA,CMR,331407.281439195
2051,BFA,COD,41447.8702525813
2052,BFA,COG,250002.929658299
2053,BFA,CRI,1947.26353628602
2054,BFA,CZE,89787.8968504802
2055,BFA,DEU,5420992.0707473
2056,BFA,DNK,753087.615437169
2057,BFA,DZA,181798.240107676
2058,BFA,EGY,794428.873353725
2059,BFA,ERI,25925.8790552379
2060,BFA,ESP,2076854.89483175
2061,BFA,ETH,533913.955989495
2062,BFA,FIN,161644.11389514
2063,BFA,FRA,71384272.8973179
2064,BFA,GAB,60933.7911326717
2065,BFA,GBR,19064500.5133115
2066,BFA,GEO,5026.32295760075
2067,BFA,GHA,18358362.6680651
2068,BFA,GIN,10566253.189008
2069,BFA,GNB,1954.02345959671
2070,BFA,GNQ,26861.5021850457
2071,BFA,GTM,3649.92007663463
2072,BFA,HKG,756376.219462816
2073,BFA,HRV,881.133324301132
2074,BFA,IDN,7857030.90893663
2075,BFA,IND,3976249.79029316
2076,BFA,IRL,18885.9088263136
2077,BFA,ISL,7793.16518709259
2078,BFA,ISR,366941.18009356
2079,BFA,ITA,11011005.5674434
2080,BFA,JPN,13238068.9545032
2081,BFA,KEN,42964.4994040644
2082,BFA,KOR,6631679.65173628
2083,BFA,LBN,4552336.95027694
2084,BFA,LBY,1071055.92541288
2085,BFA,LUX,45086.4822231628
2086,BFA,MAR,4754252.41451428
2087,BFA,MDG,12071.4436369129
2088,BFA,MEX,313725.285080945
2089,BFA,MKD,725.756493856522
2090,BFA,MLI,46343689.8217762
2091,BFA,MRT,178947.520289308
2092,BFA,MUS,3591.27126702327
2093,BFA,MYS,14044346.3714845
2094,BFA,NCL,1029.13083444813
2095,BFA,NER,18302841.1260085
2096,BFA,NGA,362141.564655253
2097,BFA,NIC,10221.2486527682
2098,BFA,NLD,2368300.00848644
2099,BFA,NOR,68431.4916238817
2100,BFA,PAK,1594420.34275411
2101,BFA,PER,116362.357179422
2102,BFA,PHL,60214.0422414493
2103,BFA,POL,575082.695401029
2104,BFA,PRT,257125.803844331
2105,BFA,PSE,21960.8955754046
2106,BFA,PYF,1521.0855209553
2107,BFA,RUS,280474.991434017
2108,BFA,RWA,57931.432791338
2109,BFA,SAU,105555.674227627
2110,BFA,SDN,18073946.6125636
2111,BFA,SEN,2166313.89804874
2112,BFA,SGP,35629082.0286103
2113,BFA,SLE,1687329.61192516
2114,BFA,SRB,13.7034731617594
2115,BFA,SVK,11744.5616732859
2116,BFA,SVN,168841.177999696
2117,BFA,SWE,4114253.57123747
2118,BFA,SYC,12256.43367286
2119,BFA,SYR,828786.056823211
2120,BFA,TGO,3980275.24377419
2121,BFA,THA,15069708.0656395
2122,BFA,TUN,1211576.82060282
2123,BFA,TUR,3327375.94743703
2124,BFA,TZA,8218.65802876522
2125,BFA,UGA,314948.979197691
2126,BFA,UKR,193017.079681063
2127,BFA,USA,28159131.1630514
2128,BFA,VNM,3510574.93944196
2129,BFA,YEM,6955.197803251
2130,BFA,ZAF,3244515.52968946
2131,BFA,ZMB,1023.54392844008
2132,BGD,AFG,1888051.51392771
2133,BGD,AGO,927196.864160728
2134,BGD,ALB,335088.288529871
2135,BGD,AND,670585.08992782
2136,BGD,ARE,72421971.7858797
2137,BGD,ARG,4348109.97870529
2138,BGD,ARM,478702.742786084
2139,BGD,ATG,10535.2301667607
2140,BGD,AUS,85314370.6298775
2141,BGD,AUT,163094023.576493
2142,BGD,AZE,109236.551135307
2143,BGD,BDI,43093.997225443
2144,BGD,BEL,355114633.281042
2145,BGD,BEN,173483.9147069
2146,BGD,BFA,70144.100311614
2147,BGD,BGD,28498971.3035639
2148,BGD,BGR,8573528.65115141
2149,BGD,BHR,1973393.31891086
2150,BGD,BIH,3851304.26269887
2151,BGD,BLR,3152552.51822857
2152,BGD,BLZ,122906.45078782
2153,BGD,BMU,83514.4468370267
2154,BGD,BOL,201897.38113415
2155,BGD,BRA,56979797.1531406
2156,BGD,BRB,60903.0309464655
2157,BGD,BRN,37554.3681998017
2158,BGD,BTN,1659888.68578442
2159,BGD,BWA,11880.9112312454
2160,BGD,CAF,3340.22158317886
2161,BGD,CAN,486987663.274149
2162,BGD,CHE,87642688.0126643
2163,BGD,CHL,6319905.47264549
2164,BGD,CHN,96418767.7026752
2165,BGD,CIV,4017423.62671153
2166,BGD,CMR,1214525.80802724
2167,BGD,COG,28557185.0279023
2168,BGD,COL,2943945.23146076
2169,BGD,COM,12273.5157373298
2170,BGD,CRI,1267985.11235223
2171,BGD,CUB,40160.7687951684
2172,BGD,CYP,1322413.25222977
2173,BGD,CZE,73432274.0482036
2174,BGD,DEU,1951975544.4406
2175,BGD,DJI,268533.260077838
2176,BGD,DMA,8296.76782578725
2177,BGD,DNK,140572862.186044
2178,BGD,DOM,911340.552754525
2179,BGD,DZA,2915692.0956695
2180,BGD,ECU,244869.417448454
2181,BGD,EGY,11545324.8214661
2182,BGD,ESP,564417685.996994
2183,BGD,EST,4683455.8171615
2184,BGD,ETH,1942387.89877482
2185,BGD,FIN,61756705.2512451
2186,BGD,FJI,15286.2243119426
2187,BGD,FRA,894338025.298486
2188,BGD,FRO,556213.012857286
2189,BGD,FSM,679.00709516518
2190,BGD,GAB,246619.35097121
2191,BGD,GBR,1303747371.16475
2192,BGD,GEO,178195.168779913
2193,BGD,GHA,1401079.41026216
2194,BGD,GIN,453186.875758888
2195,BGD,GMB,225818.163885318
2196,BGD,GNB,536449.178689739
2197,BGD,GRC,32274312.4183115
2198,BGD,GRD,55698.4518396293
2199,BGD,GRL,267435.41317722
2200,BGD,GTM,1742662.45989705
2201,BGD,GUY,24579.2346365898
2202,BGD,HKG,84340079.0395017
2203,BGD,HND,1066387.83728033
2204,BGD,HRV,21248545.1893423
2205,BGD,HTI,124010.950724658
2206,BGD,HUN,9680602.78542265
2207,BGD,IDN,18734641.6674702
2208,BGD,IND,184997785.261244
2209,BGD,IRL,80437727.968928
2210,BGD,IRN,34306307.2698513
2211,BGD,ISL,1943848.63077411
2212,BGD,ISR,730395.119521778
2213,BGD,ITA,428515538.325134
2214,BGD,JAM,1093905.78173645
2215,BGD,JOR,3229919.58700523
2216,BGD,JPN,183563948.383563
2217,BGD,KAZ,1743044.10162461
2218,BGD,KEN,2424421.89764677
2219,BGD,KGZ,449190.257811261
2220,BGD,KHM,1180864.59655269
2221,BGD,KNA,41139.196778918
2222,BGD,KOR,83553015.2622405
2223,BGD,KWT,15417356.2724958
2224,BGD,LAO,38978.1590613085
2225,BGD,LBN,8642136.45988307
2226,BGD,LBR,904020.865175902
2227,BGD,LBY,1034946.58845798
2228,BGD,LCA,816.041826782774
2229,BGD,LKA,14585077.2003637
2230,BGD,LTU,672256.764285697
2231,BGD,LUX,10139580.063766
2232,BGD,LVA,420804.883503993
2233,BGD,MAC,202960.031349126
2234,BGD,MAR,5717494.93559012
2235,BGD,MDA,973710.563113688
2236,BGD,MDG,480401.288284484
2237,BGD,MDV,282841.741579689
2238,BGD,MEX,85766119.326128
2239,BGD,MHL,19245.842882033
2240,BGD,MKD,1729069.0667352
2241,BGD,MLI,168656.181112012
2242,BGD,MLT,230116.258242503
2243,BGD,MMR,8134694.79318215
2244,BGD,MNE,1230834.31143704
2245,BGD,MNG,1281589.92050723
2246,BGD,MOZ,240003.314128713
2247,BGD,MRT,579308.846524115
2248,BGD,MSR,1466.95680196635
2249,BGD,MUS,939438.861909786
2250,BGD,MWI,23411.6987232079
2251,BGD,MYS,23206981.8524707
2252,BGD,NAM,71617.0914379872
2253,BGD,NCL,1791907.26105115
2254,BGD,NER,118910.518013851
2255,BGD,NGA,13174269.0093303
2256,BGD,NIC,181176.359366254
2257,BGD,NLD,659218526.913749
2258,BGD,NOR,71144944.2963011
2259,BGD,NPL,3698476.963436
2260,BGD,NRU,9266.97372563982
2261,BGD,NZL,8108351.23637598
2262,BGD,OMN,1430622.04287794
2263,BGD,PAK,52152813.1382347
2264,BGD,PAN,4060158.21198359
2265,BGD,PER,3800776.13128317
2266,BGD,PHL,19677644.8027493
2267,BGD,PNG,896969.057886861
2268,BGD,POL,206699126.092187
2269,BGD,PRK,311404.575864402
2270,BGD,PRT,32311389.9056453
2271,BGD,PRY,141356.807052813
2272,BGD,PYF,531169.230480513
2273,BGD,QAT,7026401.0497995
2274,BGD,ROU,10388018.1396953
2275,BGD,RUS,85561408.6219538
2276,BGD,RWA,49972.4555789881
2277,BGD,SAU,59245975.4537573
2278,BGD,SDN,42718490.5428225
2279,BGD,SEN,1875877.3483708
2280,BGD,SGP,56133589.8708868
2281,BGD,SLB,33563.2316414393
2282,BGD,SLE,526081.130895551
2283,BGD,SLV,2790676.68721382
2284,BGD,SOM,659330.963225868
2285,BGD,SRB,8402782.69038223
2286,BGD,STP,25828.3062152842
2287,BGD,SUR,39768.8494627421
2288,BGD,SVK,84541768.1278438
2289,BGD,SVN,29261520.9376861
2290,BGD,SWE,143851343.456066
2291,BGD,SWZ,1537979.16266911
2292,BGD,SYC,59170.9119388191
2293,BGD,SYR,15492403.3432662
2294,BGD,TGO,1512571.84564905
2295,BGD,THA,24548053.0685839
2296,BGD,TJK,20087.2361341651
2297,BGD,TKL,23564.4924489615
2298,BGD,TLS,71515.6857365901
2299,BGD,TON,39.7400721691024
2300,BGD,TTO,952300.256645755
2301,BGD,TUN,3819263.4869257
2302,BGD,TUR,379105000.898577
2303,BGD,TZA,407081.540306149
2304,BGD,UGA,1604239.56644817
2305,BGD,UKR,12470023.5424695
2306,BGD,URY,2035093.89199534
2307,BGD,USA,2662924137.43639
2308,BGD,UZB,1739559.30839957
2309,BGD,VCT,54863.9103240782
2310,BGD,VEN,945899.364331897
2311,BGD,VNM,19247307.0981404
2312,BGD,VUT,35020.5960121924
2313,BGD,WSM,1171.64695533043
2314,BGD,YEM,666210.791926729
2315,BGD,ZAF,30571248.88481
2316,BGD,ZMB,68050.7625476393
2317,BGD,ZWE,103738.717702809
2318,BGR,ABW,5971.97360389476
2319,BGR,AFG,6169645.51907948
2320,BGR,AGO,2045749.02755226
2321,BGR,AIA,132.923689669067
2322,BGR,ALB,61662410.2820718
2323,BGR,AND,319913.087701964
2324,BGR,ARE,42920828.4906188
2325,BGR,ARG,4266726.42194492
2326,BGR,ARM,59651703.0909151
2327,BGR,ATG,1394104.34242283
2328,BGR,AUS,16328500.8881949
2329,BGR,AUT,225380159.087475
2330,BGR,AZE,15393917.1668263
2331,BGR,BDI,102393.036638325
2332,BGR,BEL,727368879.452591
2333,BGR,BEN,2482800.06366318
2334,BGR,BFA,203472.181529205
2335,BGR,BGD,2659343.9639271
2336,BGR,BGR,9557863.51700741
2337,BGR,BHR,400057.139963431
2338,BGR,BHS,1133887.72020686
2339,BGR,BIH,39003210.3805955
2340,BGR,BLR,25240838.3208396
2341,BGR,BLZ,698540.025809952
2342,BGR,BMU,74310.509087931
2343,BGR,BOL,69563.6259846975
2344,BGR,BRA,29186992.5433749
2345,BGR,BRB,389132.045985218
2346,BGR,BRN,2130.2049029955
2347,BGR,BWA,89580.2892320795
2348,BGR,CAF,3692.40084343608
2349,BGR,CAN,71882355.7345423
2350,BGR,CHE,85297416.6928817
2351,BGR,CHL,7415980.50185033
2352,BGR,CHN,109919384.240179
2353,BGR,CIV,980990.625044143
2354,BGR,CMR,1913973.0037605
2355,BGR,COD,326768.909973367
2356,BGR,COG,248258.971535015
2357,BGR,COL,3036117.53264139
2358,BGR,COM,3701818.5553665
2359,BGR,CPV,1343058.21972162
2360,BGR,CRI,534893.149312221
2361,BGR,CUB,5067062.698137
2362,BGR,CYM,10025.4609651432
2363,BGR,CYP,52094391.8062778
2364,BGR,CZE,98843960.4206873
2365,BGR,DEU,1266120680.14465
2366,BGR,DJI,19532430.4680015
2367,BGR,DMA,55581.2871440963
2368,BGR,DNK,33845493.0409306
2369,BGR,DOM,466536.114139416
2370,BGR,DZA,98651310.1432427
2371,BGR,ECU,320646.883338351
2372,BGR,EGY,100507119.440342
2373,BGR,ERI,7623.24211988677
2374,BGR,ESP,360096157.529356
2375,BGR,EST,4403242.47710334
2376,BGR,ETH,31188356.01656
2377,BGR,FIN,26718237.8545288
2378,BGR,FJI,62137.028704682
2379,BGR,FRA,507580268.4247
2380,BGR,FRO,72915.4955200639
2381,BGR,GAB,246089.711733508
2382,BGR,GBR,220414755.604988
2383,BGR,GEO,104407160.790514
2384,BGR,GHA,14805535.9358954
2385,BGR,GIB,73187068.8956626
2386,BGR,GIN,942820.19391245
2387,BGR,GMB,33391.9382269173
2388,BGR,GNB,50349.9862645946
2389,BGR,GNQ,151500.117887148
2390,BGR,GRC,1066291499.80848
2391,BGR,GRD,9641.07854295585
2392,BGR,GRL,25033.3060715413
2393,BGR,GTM,710006.406978054
2394,BGR,GUY,2489.92107349169
2395,BGR,HKG,18026490.7107582
2396,BGR,HND,3398936.85463505
2397,BGR,HRV,67220054.5787051
2398,BGR,HTI,164292.995257308
2399,BGR,HUN,129830118.269673
2400,BGR,IDN,15641447.1135891
2401,BGR,IND,21321727.2174153
2402,BGR,IRL,9949770.85615402
2403,BGR,IRN,24021887.6613284
2404,BGR,IRQ,13398022.7449838
2405,BGR,ISL,1010489.99990619
2406,BGR,ISR,37626824.6289709
2407,BGR,ITA,1063316441.16666
2408,BGR,JAM,98002.4438372969
2409,BGR,JOR,9202418.03392209
2410,BGR,JPN,39849518.383377
2411,BGR,KAZ,16914978.0215299
2412,BGR,KEN,16299498.8575953
2413,BGR,KGZ,1797150.8950565
2414,BGR,KHM,2273717.95155032
2415,BGR,KIR,222416.276672911
2416,BGR,KNA,580183.813285494
2417,BGR,KOR,27705738.2226852
2418,BGR,KWT,1586093.42728737
2419,BGR,LBN,31393312.7028737
2420,BGR,LBR,3224871.22749244
2421,BGR,LBY,6874487.08702287
2422,BGR,LCA,11645.2114928632
2423,BGR,LKA,5746966.00044696
2424,BGR,LTU,18481594.7024124
2425,BGR,LUX,12068453.539069
2426,BGR,LVA,11946822.1964589
2427,BGR,MAC,345006.025122142
2428,BGR,MAR,14889076.0835964
2429,BGR,MDA,35422927.9287007
2430,BGR,MDG,513154.099263832
2431,BGR,MDV,33170.6271353549
2432,BGR,MEX,17511438.8202369
2433,BGR,MHL,9697313.48576976
2434,BGR,MKD,232450697.653981
2435,BGR,MLI,4304681.6167347
2436,BGR,MLT,6114891.92171436
2437,BGR,MMR,81841.937937634
2438,BGR,MNE,9971156.15652412
2439,BGR,MNG,855589.365153954
2440,BGR,MOZ,928430.176745286
2441,BGR,MRT,4497584.72325913
2442,BGR,MUS,477213.860427059
2443,BGR,MWI,251344.993691043
2444,BGR,MYS,9123941.66899298
2445,BGR,NAM,66327772.1086396
2446,BGR,NCL,363421.589639125
2447,BGR,NER,727011.731998139
2448,BGR,NGA,27450574.071024
2449,BGR,NIC,31485.7851101166
2450,BGR,NLD,178965301.230909
2451,BGR,NOR,28258409.0460053
2452,BGR,NPL,620070.512617427
2453,BGR,NZL,2185103.07200249
2454,BGR,OMN,606488.315193149
2455,BGR,PAK,37271943.0438062
2456,BGR,PAN,4348180.55159208
2457,BGR,PER,2521399.32169157
2458,BGR,PHL,6920617.77390096
2459,BGR,POL,176636601.519166
2460,BGR,PRK,2249050.32951184
2461,BGR,PRT,40092964.009964
2462,BGR,PRY,778797.157076428
2463,BGR,PSE,1063994.69972673
2464,BGR,PYF,183956.108897117
2465,BGR,QAT,946265.247065316
2466,BGR,ROU,966748194.282931
2467,BGR,RUS,290270434.805925
2468,BGR,RWA,889759.660656459
2469,BGR,SAU,22367618.7698876
2470,BGR,SDN,11409442.6910317
2471,BGR,SEN,568110.368256326
2472,BGR,SGP,209791119.536645
2473,BGR,SLE,817423.822051138
2474,BGR,SLV,330833.908252071
2475,BGR,SMR,1261649.99670955
2476,BGR,SRB,409621964.159631
2477,BGR,SUR,187141.481233568
2478,BGR,SVK,90859380.3242557
2479,BGR,SVN,47715389.4028503
2480,BGR,SWE,70776969.1829909
2481,BGR,SWZ,4529.68305361958
2482,BGR,SYC,124376.573777261
2483,BGR,SYR,93963701.4131705
2484,BGR,TCA,11031.9810688744
2485,BGR,TCD,22179.7564859657
2486,BGR,TGO,903474.096596748
2487,BGR,THA,12318648.1261881
2488,BGR,TJK,754500.213986971
2489,BGR,TKM,2986408.86892076
2490,BGR,TLS,6285.09796564096
2491,BGR,TTO,74784.6492593279
2492,BGR,TUN,72095084.3408635
2493,BGR,TUR,824113145.068104
2494,BGR,TUV,447380.714180251
2495,BGR,TZA,13169446.7571247
2496,BGR,UGA,5589235.59848682
2497,BGR,UKR,103984151.703352
2498,BGR,URY,2003671.14286177
2499,BGR,USA,178968607.878983
2500,BGR,UZB,7269049.13424844
2501,BGR,VCT,1587470.62634012
2502,BGR,VEN,2290511.55791006
2503,BGR,VGB,1215387.07131545
2504,BGR,VNM,19777441.7163972
2505,BGR,VUT,52615.8555518915
2506,BGR,WSM,1272.36748306936
2507,BGR,YEM,9332372.180957
2508,BGR,ZAF,9335433.53686134
2509,BGR,ZMB,39252.2997826042
2510,BGR,ZWE,166319.053764274
2511,BHR,AFG,1597468.68035894
2512,BHR,AGO,2504159.66728042
2513,BHR,ALB,28660.8141178199
2514,BHR,ARE,427829488.713634
2515,BHR,ARM,84127.6772610154
2516,BHR,AUS,48392001.8160805
2517,BHR,AUT,3130209.69041198
2518,BHR,AZE,24686.1217272515
2519,BHR,BEL,6459743.93487198
2520,BHR,BGD,4585609.66828735
2521,BHR,BGR,50396.5780733446
2522,BHR,BIH,88411.3829713814
2523,BHR,BMU,61.6656292279175
2524,BHR,BOL,177979.339077615
2525,BHR,BRA,1058452.84114601
2526,BHR,BRN,37972.3241312354
2527,BHR,BWA,55316.1249384162
2528,BHR,CAN,2873947.89055049
2529,BHR,CHE,72178461.3034949
2530,BHR,CHL,200795.621891945
2531,BHR,CHN,144733969.773768
2532,BHR,CIV,42918.8209318006
2533,BHR,CMR,133201.185000592
2534,BHR,COL,385699.325958197
2535,BHR,CRI,5136.74691468552
2536,BHR,CYP,871760.148658488
2537,BHR,CZE,283628.320939174
2538,BHR,DEU,65494804.7946417
2539,BHR,DJI,353463.275692474
2540,BHR,DNK,1037719.48625227
2541,BHR,DOM,31866.0564903554
2542,BHR,DZA,17503853.9478419
2543,BHR,EGY,47676128.9522419
2544,BHR,ESP,32068074.6559575
2545,BHR,ETH,16104188.3762938
2546,BHR,FIN,29805438.509249
2547,BHR,FRA,120033188.070928
2548,BHR,FRO,2372.75637795865
2549,BHR,GAB,95903.7569225734
2550,BHR,GBR,12952063.0809704
2551,BHR,GHA,2931964.97004909
2552,BHR,GRC,13013419.0117049
2553,BHR,GUY,39028.861912007
2554,BHR,HKG,27448076.6130402
2555,BHR,HRV,130241.234797652
2556,BHR,HUN,506343.333327011
2557,BHR,IDN,58815829.5977726
2558,BHR,IND,369870940.859951
2559,BHR,IRL,306581.124604877
2560,BHR,IRN,10804946.0365724
2561,BHR,IRQ,19681929.878807
2562,BHR,ISR,685.173658087972
2563,BHR,ITA,34105991.1222077
2564,BHR,JOR,51716716.5490295
2565,BHR,JPN,358099850.632971
2566,BHR,KAZ,743822.467699328
2567,BHR,KEN,67083209.6401908
2568,BHR,KGZ,36999.3775367505
2569,BHR,KHM,54236.2912532696
2570,BHR,KNA,73.9987550735009
2571,BHR,KOR,217853098.219842
2572,BHR,KWT,66020020.8787201
2573,BHR,LBN,9074806.49562418
2574,BHR,LBR,1350283.37594615
2575,BHR,LBY,16343767.2424707
2576,BHR,LKA,1097683.14411349
2577,BHR,LTU,138695.5925648
2578,BHR,LUX,134166.594684838
2579,BHR,MAC,465585.778275648
2580,BHR,MAR,22281764.4550082
2581,BHR,MDG,75263085.8518878
2582,BHR,MDV,78344.811586753
2583,BHR,MEX,2041638.67077739
2584,BHR,MKD,4421.62431600253
2585,BHR,MLT,87306.8830345436
2586,BHR,MNE,2.74069463235189
2587,BHR,MOZ,10198541.3125655
2588,BHR,MRT,9209.41913836043
2589,BHR,MUS,513320.456687321
2590,BHR,MWI,24376.4883252933
2591,BHR,MYS,109581922.510098
2592,BHR,NAM,99762.6549649249
2593,BHR,NGA,15051076.1383551
2594,BHR,NIC,20884.0930985214
2595,BHR,NLD,55139911.2918555
2596,BHR,NOR,3755706.72290239
2597,BHR,NZL,7194516.62889528
2598,BHR,OMN,75542074.4796612
2599,BHR,PAK,92035791.9772045
2600,BHR,PER,9764827.07216946
2601,BHR,PHL,1185623.81278177
2602,BHR,POL,2690451.53317795
2603,BHR,PRK,633064.831043065
2604,BHR,PRT,10420739.7040151
2605,BHR,PRY,3798887.10750782
2606,BHR,PSE,61982.8646316122
2607,BHR,PYF,539.231668915234
2608,BHR,QAT,157523976.266301
2609,BHR,ROU,2415.59343506231
2610,BHR,RUS,611321.530177302
2611,BHR,RWA,3166939.10952744
2612,BHR,SAU,666955129.645019
2613,BHR,SDN,7064125.2684381
2614,BHR,SEN,108811.743467293
2615,BHR,SGP,206616461.945859
2616,BHR,SLV,1403186.72351324
2617,BHR,SRB,212832.067543576
2618,BHR,STP,27334.3179157615
2619,BHR,SVK,9730.83629216537
2620,BHR,SVN,143664.471933254
2621,BHR,SWE,5282064.02548209
2622,BHR,SWZ,235971.067150865
2623,BHR,SYC,840557.725336758
2624,BHR,SYR,35158818.1497595
2625,BHR,THA,32973839.0941891
2626,BHR,TTO,232937.118192852
2627,BHR,TUN,9460357.13889857
2628,BHR,TUR,16642154.2040051
2629,BHR,TZA,24947584.6803516
2630,BHR,UGA,12958954.5576235
2631,BHR,UKR,912214.171779318
2632,BHR,USA,344455354.479005
2633,BHR,VEN,1564670.10251993
2634,BHR,VNM,11273139.5857907
2635,BHR,YEM,8113568.83378232
2636,BHR,ZAF,102925879.062878
2637,BHR,ZMB,34.2394980419721
2638,BHR,ZWE,18098.8621783938
2639,BHS,ABW,2129255.93747905
2640,BHS,AGO,992040.328814857
2641,BHS,ALB,36708.1787320631
2642,BHS,AND,46725.4258353931
2643,BHS,ARE,647336.31316738
2644,BHS,ARG,2320128.87445457
2645,BHS,ARM,44444.4745055344
2646,BHS,ATG,27409.0018444931
2647,BHS,AUS,1562885.91031427
2648,BHS,AUT,973256.978152034
2649,BHS,BEL,7665255.59825341
2650,BHS,BGD,70.5728867830611
2651,BHS,BGR,240312.327448511
2652,BHS,BHR,55110.5728409898
2653,BHS,BIH,125849.956822966
2654,BHS,BLR,60295.2819117415
2655,BHS,BMU,118484.339998521
2656,BHS,BOL,184691.300232245
2657,BHS,BRA,1841409.00232703
2658,BHS,BRB,240590.507953694
2659,BHS,BWA,252.829079834462
2660,BHS,CAN,18673052.777692
2661,BHS,CHE,37276897.4845101
2662,BHS,CHL,149804.998257038
2663,BHS,CHN,1788225.13781258
2664,BHS,CIV,15611.2028631474
2665,BHS,COL,93865.3652897617
2666,BHS,CPV,1777.3404690802
2667,BHS,CRI,2603358.42432473
2668,BHS,CUB,1514.23378437442
2669,BHS,CYM,126030.842668702
2670,BHS,CYP,301.476409558708
2671,BHS,CZE,907992.816871838
2672,BHS,DEU,101971317.108967
2673,BHS,DMA,28914.3283713124
2674,BHS,DNK,95729.037639761
2675,BHS,DOM,120758331.139086
2676,BHS,DZA,186.367234999928
2677,BHS,ECU,10146659.9631751
2678,BHS,EGY,4489.94298145048
2679,BHS,ESP,1753997.02187542
2680,BHS,EST,599347.757360175
2681,BHS,ETH,1366.73165478221
2682,BHS,FIN,1123553.24592192
2683,BHS,FJI,1370.34731617594
2684,BHS,FRA,26246412.8849226
2685,BHS,GBR,13038588.1808611
2686,BHS,GEO,192.53379792272
2687,BHS,GHA,43973502.5771325
2688,BHS,GRC,459254.088501257
2689,BHS,GRD,2987.35714926356
2690,BHS,GRL,56246.5428039436
2691,BHS,GTM,41575581.8262333
2692,BHS,GUY,166306.035464771
2693,BHS,HKG,547428.40138694
2694,BHS,HND,10423926.4466989
2695,BHS,HRV,276871.823496768
2696,BHS,HTI,32307.308326164
2697,BHS,HUN,1725267.27106551
2698,BHS,IDN,255299.816045527
2699,BHS,IND,286247.054660386
2700,BHS,IRL,3652974.54996957
2701,BHS,ISL,1095655.71525921
2702,BHS,ISR,9592.4312132316
2703,BHS,ITA,2149657.36067931
2704,BHS,JAM,1630389.90428276
2705,BHS,JPN,43230215.9152338
2706,BHS,KAZ,286166.204168732
2707,BHS,KEN,39964.1239552971
2708,BHS,KNA,9293.01032464716
2709,BHS,KOR,151328.139298968
2710,BHS,LBN,62680.3714155457
2711,BHS,LCA,62511.8186956561
2712,BHS,LUX,16381.1318175672
2713,BHS,MAC,16997.3564504418
2714,BHS,MAR,16376420.219537
2715,BHS,MDA,27469.2971264049
2716,BHS,MDV,31949083.0935479
2717,BHS,MEX,2073446.48750681
2718,BHS,MKD,38252.7862647005
2719,BHS,MLT,61460.0771304911
2720,BHS,MNE,15319.1126475309
2721,BHS,MOZ,12768.2111184694
2722,BHS,MSR,1489910.11951229
2723,BHS,MUS,31018.4966753006
2724,BHS,MYS,1631906.87876176
2725,BHS,NCL,1217.55359042233
2726,BHS,NGA,9236538.31174755
2727,BHS,NLD,27446210.8851693
2728,BHS,NOR,610885.339719305
2729,BHS,NZL,62638.5758224024
2730,BHS,PAK,21993.3892509658
2731,BHS,PAN,1213264.4033227
2732,BHS,PER,304352.768575361
2733,BHS,PHL,30344.9709694001
2734,BHS,POL,217063748.703257
2735,BHS,PRT,169284.485356479
2736,BHS,PYF,4675.62504279232
2737,BHS,ROU,127.716369867598
2738,BHS,RUS,1018104.33476852
2739,BHS,SAU,522048.883917704
2740,BHS,SEN,14788.1030625127
2741,BHS,SGP,300358696.047873
2742,BHS,SLV,6392609.70171982
2743,BHS,SRB,40279.3038380176
2744,BHS,STP,151041.736709887
2745,BHS,SVK,309532.681430506
2746,BHS,SVN,242054.03888737
2747,BHS,SWE,361090.62885431
2748,BHS,SYC,33569.1981336539
2749,BHS,TCA,2581029.2999813
2750,BHS,THA,1310361.047584
2751,BHS,TTO,229342.697182522
2752,BHS,TUN,31257.6222819733
2753,BHS,TUR,2988445.89020626
2754,BHS,UKR,1075199.85569699
2755,BHS,URY,590205.163208688
2756,BHS,USA,578852534.571302
2757,BHS,VCT,3425.86829043986
2758,BHS,VEN,544119.012618375
2759,BHS,VGB,13319.7759132302
2760,BHS,VNM,2287140.50351226
2761,BHS,ZAF,14794783.5056791
2762,BIH,AFG,173835.408793499
2763,BIH,AGO,235600.38820184
2764,BIH,ALB,7519928.89502564
2765,BIH,AND,34266.4411257291
2766,BIH,ARE,2142740.15507022
2767,BIH,ARG,630311.11811121
2768,BIH,ARM,15421.203522586
2769,BIH,AUS,1468534.75690092
2770,BIH,AUT,173349618.614394
2771,BIH,AZE,381044.256125148
2772,BIH,BEL,19036536.0329603
2773,BIH,BGD,23182.8507214065
2774,BIH,BGR,5500415.16684156
2775,BIH,BHR,16045.3967251041
2776,BIH,BHS,8109.71541712923
2777,BIH,BLR,173691.522325301
2778,BIH,BMU,393.289679742496
2779,BIH,BOL,4878.43644558636
2780,BIH,BRA,1148988.26245746
2781,BIH,BWA,304.902277849147
2782,BIH,CAN,5077138.17677919
2783,BIH,CHE,51057980.3165388
2784,BIH,CHL,513929.850823998
2785,BIH,CHN,9292453.27846313
2786,BIH,CIV,4558.95298711944
2787,BIH,CMR,30080.4939373781
2788,BIH,COG,49623.7021870214
2789,BIH,COL,5873745.73792395
2790,BIH,CRI,5619.79434363754
2791,BIH,CYP,384823.674023161
2792,BIH,CZE,34525056.4971061
2793,BIH,DEU,397508132.939534
2794,BIH,DJI,316372.08488554
2795,BIH,DNK,3905538.49843116
2796,BIH,DOM,40430.0420427969
2797,BIH,DZA,4345909.20091552
2798,BIH,EGY,12595945.4425265
2799,BIH,ESP,18903044.3343287
2800,BIH,EST,242058.595292196
2801,BIH,ETH,123915.762974208
2802,BIH,FIN,1848612.91816817
2803,BIH,FRA,62321321.9190189
2804,BIH,FRO,7624.61246720295
2805,BIH,GBR,12052188.2015996
2806,BIH,GEO,69582.810847124
2807,BIH,GHA,284097.664894964
2808,BIH,GIB,105623.630436209
2809,BIH,GRC,7644231.72972864
2810,BIH,GRL,19342.6510681843
2811,BIH,HKG,1184788.58609256
2812,BIH,HRV,462345922.300253
2813,BIH,HUN,46666492.6787137
2814,BIH,IDN,44740.4695258284
2815,BIH,IND,15229803.0018937
2816,BIH,IRL,1101683.42568467
2817,BIH,IRN,6218921.1530482
2818,BIH,IRQ,730747.298782035
2819,BIH,ISL,2401614.52209
2820,BIH,ISR,277495.331525629
2821,BIH,ITA,343962750.933044
2822,BIH,JOR,504099.389596773
2823,BIH,JPN,2858437.61445236
2824,BIH,KAZ,192939.420728308
2825,BIH,KEN,46612.3639597247
2826,BIH,KGZ,1103020.64691
2827,BIH,KHM,13802.8233421822
2828,BIH,KOR,1126070.57394174
2829,BIH,KWT,93217.8761828686
2830,BIH,LBN,653700.891277359
2831,BIH,LBR,3407.36860167148
2832,BIH,LBY,9273900.83132309
2833,BIH,LCA,17866.588308302
2834,BIH,LTU,12212693.556875
2835,BIH,LUX,13054223.158565
2836,BIH,MAC,89332.4694568593
2837,BIH,MAR,9608578.0156581
2838,BIH,MDA,1186461.09499195
2839,BIH,MDG,11010.4344128485
2840,BIH,MEX,1578897.73353013
2841,BIH,MHL,63327.8605224389
2842,BIH,MKD,31890938.0304617
2843,BIH,MLT,104684.257350971
2844,BIH,MMR,324973.069815518
2845,BIH,MNE,112356499.665016
2846,BIH,MNG,95702.3158670955
2847,BIH,MOZ,861.948461874668
2848,BIH,MRT,8847.64744688998
2849,BIH,MUS,15396.5372708948
2850,BIH,MYS,111964.227468155
2851,BIH,NCL,25146.5584254866
2852,BIH,NER,108.942611635988
2853,BIH,NGA,3601.95792056847
2854,BIH,NLD,30365154.1298464
2855,BIH,NOR,5729724.99144749
2856,BIH,NPL,533.75027965053
2857,BIH,NZL,144168.074571948
2858,BIH,OMN,36088.7817451516
2859,BIH,PAK,68530.3841083008
2860,BIH,PER,85159.5487900959
2861,BIH,PHL,82997.1407251703
2862,BIH,POL,33202518.5432706
2863,BIH,PRT,2589539.84198842
2864,BIH,PRY,6072.0089579756
2865,BIH,PSE,166.924062104366
2866,BIH,PYF,9881.57449694473
2867,BIH,QAT,183325.749131676
2868,BIH,ROU,27427202.7975466
2869,BIH,RUS,15794891.0691442
2870,BIH,RWA,766.024149742352
2871,BIH,SAU,782443.651284773
2872,BIH,SDN,119536.081563686
2873,BIH,SGP,2791691.42254972
2874,BIH,SLE,18525.7253673826
2875,BIH,SLV,12377.2510291644
2876,BIH,SRB,360382615.617503
2877,BIH,SUR,65445.0471259307
2878,BIH,SVK,15783004.6765237
2879,BIH,SVN,227350655.492159
2880,BIH,SWE,16362693.1092544
2881,BIH,SYC,628239.607924461
2882,BIH,SYR,137484.2055373
2883,BIH,THA,54289.7347986004
2884,BIH,TJK,5364.22456917073
2885,BIH,TUN,511169.011400925
2886,BIH,TUR,35669310.8947599
2887,BIH,TZA,189221.668459523
2888,BIH,UKR,6610791.15297113
2889,BIH,URY,39723.6280013083
2890,BIH,USA,17867090.5405933
2891,BIH,VCT,11961.7617228998
2892,BIH,VGB,2747156.50512131
2893,BIH,YEM,30044.8649071576
2894,BIH,ZAF,924074.527800821
2895,BIH,ZWE,1085.31507441135
2896,BLR,AFG,9448750.29713056
2897,BLR,AGO,389173.156404703
2898,BLR,ALB,174652.820967598
2899,BLR,AND,539.613995816447
2900,BLR,ARE,15624426.0295749
2901,BLR,ARG,4133060.68920415
2902,BLR,ARM,16856452.543177
2903,BLR,AUS,8495947.80819342
2904,BLR,AUT,39920919.6451127
2905,BLR,AZE,93702666.6936067
2906,BLR,BEL,61282928.9070607
2907,BLR,BEN,922997.434810307
2908,BLR,BFA,265518.722089558
2909,BLR,BGD,15828950.3665141
2910,BLR,BGR,15248427.3922679
2911,BLR,BIH,5735446.17573353
2912,BLR,BLZ,1143554.83534882
2913,BLR,BMU,2124.03834007271
2914,BLR,BOL,184004.071053183
2915,BLR,BRA,368824624.499811
2916,BLR,BRB,1505.32652681927
2917,BLR,CAN,21331760.9004644
2918,BLR,CHE,5066440.86124669
2919,BLR,CHL,3356665.75097297
2920,BLR,CHN,362863863.762831
2921,BLR,CIV,5780399.04909336
2922,BLR,CMR,6390546.1916207
2923,BLR,COG,2817571.11678936
2924,BLR,COL,33621539.9197426
2925,BLR,CRI,257.625295441077
2926,BLR,CUB,10389425.2123195
2927,BLR,CYP,22673972.2455446
2928,BLR,CZE,49136255.2580107
2929,BLR,DEU,676563149.244146
2930,BLR,DMA,245703.273790347
2931,BLR,DNK,63908222.4808755
2932,BLR,DOM,4522.14614338061
2933,BLR,DZA,3173998.45372672
2934,BLR,ECU,6013700.67967232
2935,BLR,EGY,140655287.687071
2936,BLR,ERI,4415464.60481632
2937,BLR,ESP,130174469.065282
2938,BLR,EST,169319554.798521
2939,BLR,ETH,7938010.89841239
2940,BLR,FIN,57629433.5942782
2941,BLR,FRA,106240008.547983
2942,BLR,FRO,831.11564726071
2943,BLR,GBR,550650430.514099
2944,BLR,GEO,18579775.9765745
2945,BLR,GHA,11325989.08556
2946,BLR,GIN,287909.971128566
2947,BLR,GRC,3355158.36892518
2948,BLR,GUY,17.8145151102873
2949,BLR,HKG,3038251.16341267
2950,BLR,HRV,7060082.13131013
2951,BLR,HUN,71267652.8723623
2952,BLR,IDN,14369393.4400551
2953,BLR,IND,334193999.871335
2954,BLR,IRL,829676.782578725
2955,BLR,IRN,43251861.2362664
2956,BLR,IRQ,5703179.97782685
2957,BLR,ISL,1311902.00314104
2958,BLR,ISR,7454826.43472875
2959,BLR,ITA,128280678.892399
2960,BLR,JOR,6149981.72026602
2961,BLR,JPN,4313341.52659928
2962,BLR,KAZ,251502021.10483
2963,BLR,KGZ,49976866.7269989
2964,BLR,KHM,29750.2402341797
2965,BLR,KOR,5737503.75222877
2966,BLR,KWT,1594056.51554167
2967,BLR,LAO,178350.703200299
2968,BLR,LBN,100050868.467984
2969,BLR,LBY,6208289.9985693
2970,BLR,LKA,5734835.00083051
2971,BLR,LTU,248206213.163342
2972,BLR,LUX,1476857.56132572
2973,BLR,LVA,1134542814.74136
2974,BLR,MAR,178308182.707129
2975,BLR,MDA,116229913.111314
2976,BLR,MDG,125386.779430099
2977,BLR,MEX,11216808.7186646
2978,BLR,MKD,741230.092608742
2979,BLR,MLI,297091.298146945
2980,BLR,MLT,2140.48250786682
2981,BLR,MNE,88046.8705852786
2982,BLR,MNG,7265787.02246228
2983,BLR,MOZ,796308.825429841
2984,BLR,MUS,2891446.5406044
2985,BLR,MYS,46736191.283909
2986,BLR,NCL,8675.6688587099
2987,BLR,NGA,19156770.3064816
2988,BLR,NIC,918451.307588893
2989,BLR,NLD,2533773420.9219
2990,BLR,NOR,94976070.3826137
2991,BLR,NPL,5070.28506985099
2992,BLR,NZL,176158.147494418
2993,BLR,OMN,1883747.93818126
2994,BLR,PAK,77064153.5024207
2995,BLR,PAN,1014742.18762829
2996,BLR,PER,684319.931709994
2997,BLR,PHL,5284196.28590606
2998,BLR,POL,564056949.412443
2999,BLR,PRK,720460.101479502
3000,BLR,PRT,11261651.2790655
3001,BLR,PYF,11432.8076588559
3002,BLR,QAT,39808.5895349112
3003,BLR,ROU,45999270.5704676
3004,BLR,RUS,4603329286.846
3005,BLR,SAU,3363484.59921826
3006,BLR,SDN,16602785.4959587
3007,BLR,SEN,6169478.33670691
3008,BLR,SGP,4373531.97694133
3009,BLR,SLE,94965.0690109929
3010,BLR,SLV,3663067.43544853
3011,BLR,SRB,26791058.1109104
3012,BLR,SVK,61958663.6128349
3013,BLR,SVN,6618521.28218168
3014,BLR,SWE,49721133.8812015
3015,BLR,SYC,34738.3044650602
3016,BLR,SYR,43749817.3588448
3017,BLR,TGO,2579130.68377474
3018,BLR,THA,7217276.72746965
3019,BLR,TJK,23682068.2486894
3020,BLR,TKM,50075026.0756039
3021,BLR,TTO,77219.0712665144
3022,BLR,TUN,24602462.023599
3023,BLR,TUR,57370831.9263743
3024,BLR,TZA,122646.084797747
3025,BLR,UKR,1159885213.61284
3026,BLR,URY,164.441677941113
3027,BLR,USA,408633257.200662
3028,BLR,UZB,72952152.3107716
3029,BLR,VEN,158031741.334969
3030,BLR,VGB,1679566.18807105
3031,BLR,VNM,56321343.2121971
3032,BLR,YEM,56595.3441580665
3033,BLR,ZAF,4212721.71938809
3034,BLR,ZMB,80302.3527279103
3035,BLR,ZWE,101250.098459268
3036,BLZ,ABW,2309.33670416602
3037,BLZ,AGO,1266594.20982631
3038,BLZ,ALB,6542.03808742395
3039,BLZ,ARE,282323.065120516
3040,BLZ,ARM,20692.2444742567
3041,BLZ,ATG,87341.6281907453
3042,BLZ,AUS,1565551.23584423
3043,BLZ,AUT,242128.037642444
3044,BLZ,AZE,966677.940687073
3045,BLZ,BEL,855188.538563972
3046,BLZ,BGD,144222.888464595
3047,BLZ,BGR,71336.1702381711
3048,BLZ,BHR,2119.2421244661
3049,BLZ,BIH,10775.0409470914
3050,BLZ,BMU,24.666251691167
3051,BLZ,BOL,270.643594944749
3052,BLZ,BRA,212608.015757381
3053,BLZ,BRB,1011808.95919801
3054,BLZ,BRN,47869.6576223161
3055,BLZ,CAN,4140015.8870074
3056,BLZ,CHE,522264.812970182
3057,BLZ,CHL,91273.9905527169
3058,BLZ,CHN,256174.244945584
3059,BLZ,CIV,11129454.3846136
3060,BLZ,CMR,3370154.76477975
3061,BLZ,COL,24488.7917137222
3062,BLZ,CRI,29639129.7330896
3063,BLZ,CYM,79912.2545870672
3064,BLZ,CZE,6613.98132152319
3065,BLZ,DEU,2065748.54638437
3066,BLZ,DMA,38460.8529494521
3067,BLZ,DNK,213294.559762786
3068,BLZ,DOM,2081723.81901144
3069,BLZ,DZA,193.904145238896
3070,BLZ,ECU,11858.9856741866
3071,BLZ,ESP,3349326.28380119
3072,BLZ,ETH,30289.0457250796
3073,BLZ,FIN,21730.9677399181
3074,BLZ,FJI,60435.7425116495
3075,BLZ,FRA,719900.314600844
3076,BLZ,FRO,14000.1533557115
3077,BLZ,GBR,71987399.0228901
3078,BLZ,GEO,20211.9377399371
3079,BLZ,GHA,10349.5652347603
3080,BLZ,GRC,194020.624760771
3081,BLZ,GRD,113919.713088339
3082,BLZ,GTM,4575511.57891445
3083,BLZ,GUY,605291.316812469
3084,BLZ,HKG,114133.867541042
3085,BLZ,HND,307684.951016009
3086,BLZ,HRV,19472.6353628602
3087,BLZ,HUN,685.173658087972
3088,BLZ,IDN,4140420.13946567
3089,BLZ,IND,45038.5200670966
3090,BLZ,IRL,9917792.2968897
3091,BLZ,ISR,18956.689320715
3092,BLZ,ITA,193212.154788084
3093,BLZ,JAM,4735553.07162333
3094,BLZ,JPN,4395167.02036912
3095,BLZ,KAZ,120372.678600211
3096,BLZ,KEN,135554.756516124
3097,BLZ,KNA,1103.1056084436
3098,BLZ,KOR,663539.299833844
3099,BLZ,KWT,68713.1541815958
3100,BLZ,LBN,1460.79023904356
3101,BLZ,LCA,56471.1735618795
3102,BLZ,LTU,4307.68678839908
3103,BLZ,LUX,15712.4023272734
3104,BLZ,MDA,15.7589941360233
3105,BLZ,MEX,5844214.0680867
3106,BLZ,MKD,191.718441269595
3107,BLZ,MNE,6.16656292279175
3108,BLZ,MSR,45.9066350918941
3109,BLZ,MUS,90757.4175766746
3110,BLZ,MYS,84031.7529488831
3111,BLZ,NAM,762.615410793365
3112,BLZ,NCL,18782.6654891656
3113,BLZ,NGA,1081690602.36955
3114,BLZ,NIC,21606.005768156
3115,BLZ,NLD,4220698.06917854
3116,BLZ,NZL,15669.9215604719
3117,BLZ,PAK,1207282.83728759
3118,BLZ,PAN,1363350.19944829
3119,BLZ,PER,112.368479926427
3120,BLZ,POL,15902.8806042218
3121,BLZ,PRT,987353.11063377
3122,BLZ,RUS,518436.648392264
3123,BLZ,SAU,130970.982428067
3124,BLZ,SDN,1487.08651886731
3125,BLZ,SLV,2865804.94147025
3126,BLZ,SRB,39.7400721691024
3127,BLZ,SUR,8636.61396019888
3128,BLZ,SVK,12163.8879520358
3129,BLZ,SVN,3342.96227781121
3130,BLZ,SWE,6678.38764538346
3131,BLZ,SYC,25194.7473740336
3132,BLZ,THA,678658.341773213
3133,BLZ,TTO,4866003.28438669
3134,BLZ,TUR,607037.139293278
3135,BLZ,UKR,262440.69591012
3136,BLZ,URY,1160.68417680102
3137,BLZ,USA,90382072.987642
3138,BLZ,VCT,39930.5504460508
3139,BLZ,VEN,40318.3587365286
3140,BLZ,WSM,124.016432113923
3141,BLZ,YEM,246.66251691167
3142,BLZ,ZAF,106610.965677514
3143,BLZ,ZMB,563.558759645647
3144,BMU,AGO,602190.220835963
3145,BMU,AUS,414778.096007451
3146,BMU,AUT,3136.03983306865
3147,BMU,BEL,11486.9363778448
3148,BMU,BGD,5897.97484882126
3149,BMU,BHS,70579.0533459839
3150,BMU,BMU,2415028.85196804
3151,BMU,BOL,35.6290302205745
3152,BMU,BRA,27645419.6448691
3153,BMU,BRB,14231.0568784872
3154,BMU,CAN,6607561.24434691
3155,BMU,CHE,393387.672593902
3156,BMU,CHL,45644.1450634806
3157,BMU,CHN,2551.58670271961
3158,BMU,COL,1157.25830851058
3159,BMU,CRI,6772.25643654151
3160,BMU,CZE,4890.76957143194
3161,BMU,DEU,21272305.6866789
3162,BMU,DNK,24986.9129631522
3163,BMU,DOM,976.029875946316
3164,BMU,ECU,272053.682333094
3165,BMU,ESP,146393.493261993
3166,BMU,EST,1009.34301920255
3167,BMU,FIN,92088.0248206815
3168,BMU,FRA,48500.7025614152
3169,BMU,GBR,926263.657638412
3170,BMU,GRC,266387.296180706
3171,BMU,HRV,30471.7280961464
3172,BMU,HUN,10962.7785294075
3173,BMU,IND,44482137.8163458
3174,BMU,IRL,105207.566269246
3175,BMU,ISR,156219.594044058
3176,BMU,ITA,40450.5547717728
3177,BMU,JAM,120074.628058943
3178,BMU,JPN,26518.9612626369
3179,BMU,KAZ,51997.1437386381
3180,BMU,KEN,102429.350842203
3181,BMU,KNA,171.978588180081
3182,BMU,KOR,587.193824981392
3183,BMU,LCA,1174.38764996278
3184,BMU,LUX,151408.304616964
3185,BMU,MDV,1931016.69850543
3186,BMU,MEX,4180097.17565823
3187,BMU,MYS,91804.3629262331
3188,BMU,NGA,6393005.27987958
3189,BMU,NLD,20070.1067927129
3190,BMU,NOR,25557.2220536773
3191,BMU,NZL,11761.6910147381
3192,BMU,PAK,33759.8764813105
3193,BMU,PAN,27089.0257461661
3194,BMU,PHL,806202.047878973
3195,BMU,POL,8989.47839411419
3196,BMU,PRT,396789.546788009
3197,BMU,RUS,289171.375833106
3198,BMU,SAU,13173083.6589018
3199,BMU,SDN,191252.565662862
3200,BMU,SGP,1286.75612988921
3201,BMU,SLV,917.762708062515
3202,BMU,SVK,252.829079834462
3203,BMU,SWE,134111.780792191
3204,BMU,SYC,6143.66099327016
3205,BMU,THA,5287.48511946488
3206,BMU,TUR,369.993775367505
3207,BMU,TZA,184227.43766572
3208,BMU,UGA,438.511141176302
3209,BMU,URY,924.984438418762
3210,BMU,USA,9327908.27457456
3211,BMU,VCT,4977.10145235103
3212,BMU,ZAF,33227.4965489762
3213,BMU,ZMB,11686.9817345812
3214,BOL,AGO,84667.5941035888
3215,BOL,AND,8400.26262166778
3216,BOL,ARE,271459.527143746
3217,BOL,ARG,312473222.856268
3218,BOL,AUS,24719886.5712419
3219,BOL,AUT,3733528.39226281
3220,BOL,AZE,665.303622003421
3221,BOL,BEL,130008628.659447
3222,BOL,BGD,338475.787095458
3223,BOL,BGR,220103.390769196
3224,BOL,BHS,40571.4961445092
3225,BOL,BIH,40586.261636841
3226,BOL,BLR,201235.503380437
3227,BOL,BLZ,10974.8444375265
3228,BOL,BRA,1282651968.45456
3229,BOL,BRB,183306.564269249
3230,BOL,BRN,57.5545872793896
3231,BOL,CAN,55380239.720885
3232,BOL,CHE,114728713.508768
3233,BOL,CHL,57283003.496003
3234,BOL,CHN,89512601.5224981
3235,BOL,CMR,55830.0051819822
3236,BOL,COL,200872668.957216
3237,BOL,CRI,2202453.03937259
3238,BOL,CUB,405611.500222721
3239,BOL,CYP,33727.6733193804
3240,BOL,CZE,547739.470227712
3241,BOL,DEU,77408940.6837616
3242,BOL,DNK,836254.449696369
3243,BOL,DOM,7697946.94093355
3244,BOL,DZA,98351.0876014783
3245,BOL,ECU,24525367.8594903
3246,BOL,EGY,353371.393904925
3247,BOL,ESP,66357468.6655177
3248,BOL,EST,3501.19628241005
3249,BOL,ETH,76672.1862078383
3250,BOL,FIN,161889.406064736
3251,BOL,FRA,39459488.0747261
3252,BOL,FRO,2270.66550290354
3253,BOL,GBR,50952010.2623011
3254,BOL,GRC,204875.145852201
3255,BOL,GRD,485.102949926284
3256,BOL,GRL,3214.37573739784
3257,BOL,GTM,2263751.41551977
3258,BOL,HKG,2121978.7080565
3259,BOL,HND,111108.445569204
3260,BOL,HRV,172155.362983868
3261,BOL,IDN,734806.267532548
3262,BOL,IND,3144483.22805726
3263,BOL,IRL,291127.01904323
3264,BOL,IRN,228651.432330614
3265,BOL,ISL,93353.54056717
3266,BOL,ISR,2356146.22684586
3267,BOL,ITA,29299897.1895033
3268,BOL,JOR,51605.9027281333
3269,BOL,JPN,207979559.56289
3270,BOL,KAZ,553409.28224839
3271,BOL,KEN,881.133324301132
3272,BOL,KOR,339520674.834262
3273,BOL,LBN,148750.515997241
3274,BOL,LKA,713347.998908549
3275,BOL,LTU,204350.988003763
3276,BOL,LUX,35352.220062707
3277,BOL,LVA,45337.8402351534
3278,BOL,MAC,16252.8227724854
3279,BOL,MAR,179261.586764834
3280,BOL,MDA,4672.19917450188
3281,BOL,MEX,30643453.8552466
3282,BOL,MKD,20573.2572167932
3283,BOL,MLT,26982.1386555043
3284,BOL,MNE,5292.96650872958
3285,BOL,MOZ,10544.8225979739
3286,BOL,MUS,6607.8147586004
3287,BOL,MYS,2976241.06312815
3288,BOL,NCL,6363.89293632108
3289,BOL,NGA,3531985.93108355
3290,BOL,NIC,1226699.96673241
3291,BOL,NLD,50291125.6266951
3292,BOL,NOR,1230706.99657894
3293,BOL,NZL,743112.627789549
3294,BOL,PAK,21495.9531751939
3295,BOL,PAN,39851974.244468
3296,BOL,PER,201525136.50165
3297,BOL,PHL,386.437943161616
3298,BOL,POL,1168528.73001247
3299,BOL,PRK,240361.502361951
3300,BOL,PRT,668576.011394449
3301,BOL,PRY,14439948.5123231
3302,BOL,PYF,34554.0201579808
3303,BOL,ROU,1426739.53375133
3304,BOL,RUS,3938121.24656788
3305,BOL,SAU,192048.009799136
3306,BOL,SDN,141176.509086077
3307,BOL,SGP,127760.364868184
3308,BOL,SLV,785510.783203047
3309,BOL,SRB,235593.536465259
3310,BOL,SUR,491.954686507164
3311,BOL,SVK,143424.661152923
3312,BOL,SVN,180020.471405059
3313,BOL,SWE,573448.556226489
3314,BOL,SWZ,29692.8089781588
3315,BOL,SYC,3630.58995739265
3316,BOL,SYR,1717493.9759145
3317,BOL,THA,642982.719743889
3318,BOL,TTO,35217.2408520637
3319,BOL,TUN,17510.2980060962
3320,BOL,TUR,623378.531038676
3321,BOL,UKR,773489.116747221
3322,BOL,URY,2292466.35835658
3323,BOL,USA,358023720.987821
3324,BOL,VCT,6358.41154705638
3325,BOL,VEN,240617309.206504
3326,BOL,VGB,64370.0507668102
3327,BOL,VNM,94.5539648161401
3328,BOL,YEM,1682913.94656446
3329,BOL,ZAF,491453.139389443
3330,BRA,ABW,57727591.5725359
3331,BRA,AFG,6005066.80640675
3332,BRA,AGO,1087866852.27752
3333,BRA,AIA,527160.964580698
3334,BRA,ALB,33505505.7607454
3335,BRA,AND,1664799.68168224
3336,BRA,ARE,1212501096.57168
3337,BRA,ARG,8757274408.9948
3338,BRA,ARM,37477282.7373985
3339,BRA,ATG,4725954.47384717
3340,BRA,AUS,366008717.669837
3341,BRA,AUT,382183861.619531
3342,BRA,AZE,79164927.4561067
3343,BRA,BDI,234372.557006546
3344,BRA,BEL,2149818426.50663
3345,BRA,BEN,96611912.675501
3346,BRA,BFA,23366385.3916345
3347,BRA,BGD,512915334.058503
3348,BRA,BGR,140246563.3052
3349,BRA,BHR,194713039.334078
3350,BRA,BHS,51975877.3186383
3351,BRA,BIH,95528111.1497003
3352,BRA,BLR,80862482.1933972
3353,BRA,BLZ,2936022.56845229
3354,BRA,BMU,120077473.585145
3355,BRA,BOL,629825358.764919
3356,BRA,BRA,144247366.978704
3357,BRA,BRB,16340468.131307
3358,BRA,BRN,435181.882371652
3359,BRA,BWA,708863.537316363
3360,BRA,CAF,8302432.84159232
3361,BRA,CAN,1553572553.75785
3362,BRA,CHE,758867959.67237
3363,BRA,CHL,1972812659.23762
3364,BRA,CHN,19377384242.069
3365,BRA,CIV,80721903.0584463
3366,BRA,CMR,70577006.7322672
3367,BRA,COD,36837342.8738702
3368,BRA,COG,34131024.7742919
3369,BRA,COK,64811.2614921993
3370,BRA,COL,1470778870.55423
3371,BRA,COM,1196655.79385064
3372,BRA,CPV,22134362.3607701
3373,BRA,CRI,185739946.867997
3374,BRA,CUB,189827251.660314
3375,BRA,CYM,17747866.2130441
3376,BRA,CYP,11857455.6814081
3377,BRA,CZE,183026864.048892
3378,BRA,DEU,6818903470.4007
3379,BRA,DJI,17766481.010987
3380,BRA,DMA,2979564.66925012
3381,BRA,DNK,220797623.793391
3382,BRA,DOM,215191350.446096
3383,BRA,DZA,605484587.857248
3384,BRA,ECU,461437836.299764
3385,BRA,EGY,988867819.928663
3386,BRA,ERI,20037896.7790462
3387,BRA,ESP,2171343683.45743
3388,BRA,EST,21711516.6053046
3389,BRA,ETH,60011324.3018237
3390,BRA,FIN,445262341.541157
3391,BRA,FJI,2525803.61796576
3392,BRA,FRA,2723758352.28133
3393,BRA,FRO,2196653.72953053
3394,BRA,FSM,68113.1133505253
3395,BRA,GAB,31055319.9632072
3396,BRA,GBR,3464461830.69407
3397,BRA,GEO,61447677.5428006
3398,BRA,GHA,158814365.872099
3399,BRA,GIB,6275919.37931722
3400,BRA,GIN,41842075.324331
3401,BRA,GMB,41742640.8675483
3402,BRA,GNB,7934779.61944084
3403,BRA,GNQ,31125873.6651278
3404,BRA,GRC,165559233.176832
3405,BRA,GRD,5490855.62396392
3406,BRA,GRL,184762.051264179
3407,BRA,GTM,191233995.401207
3408,BRA,GUY,12663118.4976182
3409,BRA,HKG,1327956165.29275
3410,BRA,HND,66473597.6182904
3411,BRA,HRV,130524624.678158
3412,BRA,HTI,22662262.6277279
3413,BRA,HUN,72854515.064494
3414,BRA,IDN,789305200.922783
3415,BRA,IND,2339525053.34444
3416,BRA,IRL,327810567.019023
3417,BRA,IRN,834016358.034345
3418,BRA,IRQ,171263895.185282
3419,BRA,ISL,101280768.887725
3420,BRA,ISR,185296180.444863
3421,BRA,ITA,2308505094.31739
3422,BRA,JAM,149408855.514183
3423,BRA,JOR,126150284.1963
3424,BRA,JPN,4351649930.46533
3425,BRA,KAZ,138021597.514943
3426,BRA,KEN,61274957.5967225
3427,BRA,KGZ,4332040.60090216
3428,BRA,KHM,2446762.66994239
3429,BRA,KIR,64384.3983032105
3430,BRA,KNA,1023229.43373102
3431,BRA,KOR,2564949718.57205
3432,BRA,KWT,255712709.228801
3433,BRA,LAO,6215.21025251599
3434,BRA,LBN,248087325.256059
3435,BRA,LBR,9050917.91603494
3436,BRA,LBY,140036170.455879
3437,BRA,LCA,1667857467.83181
3438,BRA,LKA,62455410.4039067
3439,BRA,LSO,3863.12556382186
3440,BRA,LTU,120587295.545134
3441,BRA,LUX,28773384.7239754
3442,BRA,LVA,15587174.5081319
3443,BRA,MAC,16476608.2056427
3444,BRA,MAR,514182599.749477
3445,BRA,MDA,13384740.6536218
3446,BRA,MDG,15926622.6559984
3447,BRA,MDV,6059736.12741193
3448,BRA,MEX,2394870439.99427
3449,BRA,MHL,3405189.74943876
3450,BRA,MKD,42676669.6941781
3451,BRA,MLI,6509231.28750104
3452,BRA,MLT,10590654.549137
3453,BRA,MMR,5417870.92590439
3454,BRA,MNE,37240638.8297154
3455,BRA,MNG,1971699.56962806
3456,BRA,MOZ,74079876.8939239
3457,BRA,MRT,71609359.9384293
3458,BRA,MSR,42001.8304144508
3459,BRA,MUS,12604476.5397434
3460,BRA,MWI,3635819.17945527
3461,BRA,MYS,642986646.474123
3462,BRA,NAM,38585443.5570915
3463,BRA,NCL,3994834.44059514
3464,BRA,NER,16519313.5298885
3465,BRA,NGA,773335857.788553
3466,BRA,NIC,41562192.1626069
3467,BRA,NLD,4815784090.23652
3468,BRA,NOR,575503584.398507
3469,BRA,NPL,682306.891502532
3470,BRA,NZL,42319364.5538604
3471,BRA,OMN,98815304.4027851
3472,BRA,PAK,132947407.640415
3473,BRA,PAN,149449501.385928
3474,BRA,PER,1151555819.87298
3475,BRA,PHL,219479520.283471
3476,BRA,PNG,2758603.01625333
3477,BRA,POL,463983126.941739
3478,BRA,PRK,56613608.8322701
3479,BRA,PRT,874862052.454737
3480,BRA,PRY,1153758893.67969
3481,BRA,PSE,10785159.6163403
3482,BRA,PYF,5927280.41135134
3483,BRA,QAT,133562737.436492
3484,BRA,ROU,291862923.020629
3485,BRA,RUS,2404959539.88878
3486,BRA,RWA,309146.243487344
3487,BRA,SAU,1627908323.8282
3488,BRA,SDN,66619384.7582164
3489,BRA,SEN,117610602.438685
3490,BRA,SGP,888584089.026415
3491,BRA,SHN,29361.7467700439
3492,BRA,SLB,247983.531724463
3493,BRA,SLE,10357933.2606465
3494,BRA,SLV,135520779.713663
3495,BRA,SMR,21085.5341539992
3496,BRA,SOM,39912088.4418336
3497,BRA,SRB,78608857.644544
3498,BRA,STP,7338614.13058045
3499,BRA,SUR,27467237.4943887
3500,BRA,SVK,50205580.4347633
3501,BRA,SVN,193131844.898446
3502,BRA,SWE,332977340.432536
3503,BRA,SWZ,1261862.67598337
3504,BRA,SYC,37465061.9800329
3505,BRA,SYR,340982903.972247
3506,BRA,TCA,137640.425131344
3507,BRA,TCD,1565696.49265975
3508,BRA,TGO,45787713.6111017
3509,BRA,THA,908103024.314047
3510,BRA,TJK,8307895.73116826
3511,BRA,TKM,3480660.9427035
3512,BRA,TON,149996.846881303
3513,BRA,TTO,240785963.332095
3514,BRA,TUN,135481896.519671
3515,BRA,TUR,757726676.187697
3516,BRA,TUV,31398.0828818813
3517,BRA,TZA,37198895.3097701
3518,BRA,UGA,34240421.6560632
3519,BRA,UKR,257294068.106111
3520,BRA,URY,1000188781.89509
3521,BRA,USA,14400846092.9078
3522,BRA,UZB,8022002.22611544
3523,BRA,VAT,470.714303106437
3524,BRA,VCT,2618001.95574539
3525,BRA,VEN,2465485591.71443
3526,BRA,VGB,49172381.7243071
3527,BRA,VNM,255418845.098583
3528,BRA,VUT,8844.90675225763
3529,BRA,WSM,530018.823908583
3530,BRA,YEM,250605007.510655
3531,BRA,ZAF,862703059.383315
3532,BRA,ZMB,4066428.07922398
3533,BRA,ZWE,2626461.7949018
3534,BRB,ABW,560343.924841898
3535,BRB,AGO,14394.8133827702
3536,BRB,AIA,817443.006913564
3537,BRB,ALB,3151.79882720467
3538,BRB,AND,64.4063238602693
3539,BRB,ARE,441891.10283165
3540,BRB,ARG,47.962156066158
3541,BRB,ATG,6522020.73900291
3542,BRB,AUS,799485.975682395
3543,BRB,AUT,152118.144526743
3544,BRB,AZE,51.3880243565979
3545,BRB,BEL,102373.851775898
3546,BRB,BGD,6.85173658087972
3547,BRB,BGR,3987.02551641391
3548,BRB,BHR,4276.85397378512
3549,BRB,BHS,2117232.51012692
3550,BRB,BIH,11752.0985835249
3551,BRB,BLR,10072.0527738932
3552,BRB,BLZ,999288.78094377
3553,BRB,BMU,335777.573229908
3554,BRB,BOL,159063.064725123
3555,BRB,BRA,1042863.77007719
3556,BRB,CAN,6893924.09335551
3557,BRB,CHE,937410.794473654
3558,BRB,CHL,67916.7973940099
3559,BRB,CHN,1529854.37343151
3560,BRB,CMR,3425.86829043986
3561,BRB,COL,2262820.94969209
3562,BRB,COM,124.016432113923
3563,BRB,CPV,2159.66737029329
3564,BRB,CRI,178798.806772689
3565,BRB,CUB,16119.3954801776
3566,BRB,CYM,407958.562588501
3567,BRB,CZE,870256.192478985
3568,BRB,DEU,5149152.29277853
3569,BRB,DMA,3192803.7299466
3570,BRB,DNK,1086919.06594493
3571,BRB,DOM,3519222.67308545
3572,BRB,ECU,17.8145151102873
3573,BRB,EGY,106915.58634899
3574,BRB,ESP,3503283.77769824
3575,BRB,EST,4390.33928677423
3576,BRB,FIN,1020.22357689299
3577,BRB,FJI,3055.87451507235
3578,BRB,FRA,10982049.0385413
3579,BRB,GBR,22485182.2364897
3580,BRB,GHA,7101.13979242374
3581,BRB,GIN,685.173658087972
3582,BRB,GMB,739.987550735009
3583,BRB,GRC,435275.75116281
3584,BRB,GRD,7990195.77973334
3585,BRB,GRL,931.061928766002
3586,BRB,GTM,34753.3782855381
3587,BRB,GUY,8971905.06013155
3588,BRB,HKG,516225.592997614
3589,BRB,HND,67232.6651998822
3590,BRB,HRV,15766.5310462623
3591,BRB,HTI,2642041.95871306
3592,BRB,HUN,25351.425349255
3593,BRB,IDN,34130.5554303361
3594,BRB,IND,2443123.02747062
3595,BRB,IRL,24791.6384705971
3596,BRB,IRN,1054.48225979739
3597,BRB,ISR,28108.564149401
3598,BRB,ITA,1184983.26105816
3599,BRB,JAM,16956507.7672939
3600,BRB,JPN,55858.7824756219
3601,BRB,KAZ,8415.30286863647
3602,BRB,KGZ,878391.944495122
3603,BRB,KNA,3827331.40674969
3604,BRB,KOR,51495.5966209177
3605,BRB,LBN,6166.56292279175
3606,BRB,LBY,8.22208389705566
3607,BRB,LCA,20102055.0700422
3608,BRB,LKA,3353.23988268253
3609,BRB,LUX,43670.9134455531
3610,BRB,MAR,11185.3585625847
3611,BRB,MDG,114.004674621941
3612,BRB,MEX,367835.478344528
3613,BRB,MKD,7052.2732071289
3614,BRB,MLT,614.600771304911
3615,BRB,MSR,183112.66012401
3616,BRB,MUS,840.708078473941
3617,BRB,MYS,214166.100655873
3618,BRB,NAM,2380.9784618557
3619,BRB,NCL,1324.44068108405
3620,BRB,NGA,539624696.858639
3621,BRB,NIC,397987.230342347
3622,BRB,NLD,1187017.45600232
3623,BRB,NOR,12189.8478115934
3624,BRB,NZL,419556.497098956
3625,BRB,PAK,17629.5182226035
3626,BRB,PAN,785259.715019514
3627,BRB,PER,24103.0389442187
3628,BRB,PHL,5937.71492099036
3629,BRB,POL,187399.791702667
3630,BRB,PRT,58325.4076447386
3631,BRB,PRY,30932.1647943815
3632,BRB,PYF,293.93949931974
3633,BRB,ROU,9264.56876609993
3634,BRB,RUS,28060.6019933348
3635,BRB,SAU,7135.39847532814
3636,BRB,SDN,21.2403834007271
3637,BRB,SEN,27.4069463235189
3638,BRB,SGP,27250.7267294748
3639,BRB,SHN,2010.9846864882
3640,BRB,SLE,4476.23950828872
3641,BRB,SLV,396364.293757117
3642,BRB,SRB,504.972986010835
3643,BRB,SUR,2881410.11686073
3644,BRB,SVK,314150.751886019
3645,BRB,SVN,127210.711707929
3646,BRB,SWE,144392.126358143
3647,BRB,SYC,39328.2362087827
3648,BRB,TCA,109900.484409994
3649,BRB,THA,100585.548528289
3650,BRB,TTO,22069279.0853356
3651,BRB,TUN,24787.5274286486
3652,BRB,TUR,248887.275779481
3653,BRB,TZA,82.2208389705566
3654,BRB,UGA,43235.1429990091
3655,BRB,UKR,3672.53080735153
3656,BRB,URY,20555.2097426392
3657,BRB,USA,61676474.1565777
3658,BRB,VCT,9686138.98858001
3659,BRB,VEN,23702523.423078
3660,BRB,VGB,2283689.28379647
3661,BRB,VNM,424742.576517024
3662,BRB,VUT,25829.6765626004
3663,BRB,ZAF,265569.198832949
3664,BRB,ZWE,1712.93414521993
3665,BRN,AGO,112915.248505582
3666,BRN,AND,1091.35076916544
3667,BRN,ARE,435004.422394208
3668,BRN,ARG,4512.55371216738
3669,BRN,AUS,404528982.712355
3670,BRN,AUT,18028.9744652688
3671,BRN,BEL,17549.3529046072
3672,BRN,BFA,954970.962844454
3673,BRN,BGD,246250.727543159
3674,BRN,BGR,11158.7381956207
3675,BRN,BHR,1680.04580963171
3676,BRN,BMU,5029.17465036571
3677,BRN,BOL,5061.37781229585
3678,BRN,BRA,61203.8221823662
3679,BRN,BRB,766.024149742352
3680,BRN,BWA,3497.8115245391
3681,BRN,CAN,1154475.13311143
3682,BRN,CHE,1553942.03913436
3683,BRN,CHL,1288.11962546881
3684,BRN,CHN,198515705.17431
3685,BRN,CMR,145.25681551465
3686,BRN,COG,221.311091562415
3687,BRN,COL,15145.0785383765
3688,BRN,CRI,3958.9333964323
3689,BRN,CYP,444.677704099094
3690,BRN,CZE,183.626540367576
3691,BRN,DEU,2465867.11216625
3692,BRN,DNK,86075.6259709595
3693,BRN,DOM,95833.2587197191
3694,BRN,DZA,396462.033779443
3695,BRN,EGY,2204713.8102827
3696,BRN,ESP,12592.3715767259
3697,BRN,EST,36.1634656738831
3698,BRN,FIN,1654.69438428245
3699,BRN,FJI,49529.1482222052
3700,BRN,FRA,356621.92625626
3701,BRN,FRO,27014.3418174345
3702,BRN,GAB,35845.5450965303
3703,BRN,GBR,24473947.4264197
3704,BRN,GHA,17209.5067701956
3705,BRN,GRC,2505.68006762771
3706,BRN,HKG,1156061.99530356
3707,BRN,HRV,563.212746948313
3708,BRN,HUN,78.7949706801167
3709,BRN,IDN,528841365.995458
3710,BRN,IND,420269396.994292
3711,BRN,IRL,8498.75427949695
3712,BRN,IRN,6777.05265214813
3713,BRN,ITA,101444.145805801
3714,BRN,JOR,6147.37806036528
3715,BRN,JPN,2284815886.75035
3716,BRN,KHM,657339.163401806
3717,BRN,KOR,663945337.854669
3718,BRN,KWT,6578.35229130262
3719,BRN,LBN,9566831.06984446
3720,BRN,LKA,32242.2168286457
3721,BRN,LUX,45111.8336485121
3722,BRN,MAC,396.037911285087
3723,BRN,MAR,9992.57262955498
3724,BRN,MDV,2746.17602161659
3725,BRN,MEX,85421.2851274855
3726,BRN,MMR,52871.4253263583
3727,BRN,MUS,95938.0156054778
3728,BRN,MYS,77077991.2696195
3729,BRN,NCL,20.5552097426391
3730,BRN,NER,8744.87139817678
3731,BRN,NGA,5379133.94797072
3732,BRN,NIC,32.2031619301347
3733,BRN,NLD,2798808.32133628
3734,BRN,NOR,271706.984462101
3735,BRN,NPL,36777.38127153
3736,BRN,NRU,776.98692827176
3737,BRN,NZL,218413627.141571
3738,BRN,OMN,321052.506143939
3739,BRN,PAK,827867.924121373
3740,BRN,PER,1902.04207485221
3741,BRN,PHL,15637137.3712797
3742,BRN,PNG,128608.465970428
3743,BRN,POL,2213.79608928224
3744,BRN,QAT,80070.0788578185
3745,BRN,ROU,404.252458271903
3746,BRN,RUS,47457.1830801472
3747,BRN,SAU,127986.328288885
3748,BRN,SDN,1739.35992286507
3749,BRN,SGP,126141354.328015
3750,BRN,SLV,6731.2282378952
3751,BRN,SRB,89.0725755514363
3752,BRN,SVK,1912.31967972353
3753,BRN,SVN,1417.62429858401
3754,BRN,SWE,58752.9560073855
3755,BRN,SYC,273707.494213705
3756,BRN,THA,94372267.7247937
3757,BRN,TTO,2148.70459176388
3758,BRN,TUN,2886.63662152462
3759,BRN,TUR,446.733225073358
3760,BRN,USA,30683485.8113941
3761,BRN,VEN,98828.7632689509
3762,BRN,VNM,118443.229579035
3763,BRN,WSM,1569.04767702146
3764,BRN,YEM,544.02788452185
3765,BRN,ZAF,16910.7710552692
3766,BRN,ZWE,720.905464357259
3767,BTN,AGO,16.4441677941113
3768,BTN,ARE,18.4996887683752
3769,BTN,AUS,14627.7724265201
3770,BTN,AUT,7229.95244014428
3771,BTN,BEL,32649.895155208
3772,BTN,BFA,1467.42134970653
3773,BTN,BGD,10733745.5307185
3774,BTN,BGR,30.8328146139587
3775,BTN,BIH,1626.60226430084
3776,BTN,BLR,6920.25394668851
3777,BTN,CAN,8722.26066745988
3778,BTN,CHE,90907.1725572546
3779,BTN,CHN,35888.0258633318
3780,BTN,COL,78208.4620287934
3781,BTN,CRI,510.454375275539
3782,BTN,CZE,224.051786194767
3783,BTN,DEU,284314.393545101
3784,BTN,DNK,67578.6778972167
3785,BTN,EGY,37851.6013288959
3786,BTN,ESP,2121.73067519227
3787,BTN,FRA,59912.2698368703
3788,BTN,GBR,53193.4569456597
3789,BTN,HKG,9595265.77665511
3790,BTN,IDN,125967.121518499
3791,BTN,IND,317674215.627143
3792,BTN,ITA,368928.897652967
3793,BTN,JPN,246196.59882417
3794,BTN,KEN,6006.91746045725
3795,BTN,KOR,14606.5320431194
3796,BTN,LUX,8.90725755514363
3797,BTN,MDV,53294.8626470567
3798,BTN,MEX,10444.787243893
3799,BTN,MYS,64929.1113613905
3800,BTN,NCL,411.789368510871
3801,BTN,NGA,496484.369560783
3802,BTN,NLD,8601.6701036364
3803,BTN,NPL,3117644.2906963
3804,BTN,NZL,1734.85970227874
3805,BTN,PAK,125904.770715613
3806,BTN,POL,9377.97185825007
3807,BTN,PYF,1242.21984211349
3808,BTN,RUS,1229.88671626791
3809,BTN,RWA,32.2031619301347
3810,BTN,SDN,503462.872175667
3811,BTN,SGP,121536.788645303
3812,BTN,SLV,719.267899314429
3813,BTN,SRB,439.881488492478
3814,BTN,SVK,2274.09137119398
3815,BTN,SVN,333.679571488842
3816,BTN,SWE,811.930784834246
3817,BTN,SYC,4731.5139729089
3818,BTN,THA,75946.018609787
3819,BTN,USA,150719.019916927
3820,BTN,VCT,26.7217726654309
3821,BTN,ZAF,99318.6624344838
3822,BWA,AGO,586830.682942605
3823,BWA,AND,6603.01854299378
3824,BWA,ARE,13823.3785519248
3825,BWA,ARG,1492.3082273156
3826,BWA,ATG,1882.85721242575
3827,BWA,AUS,191158.654390938
3828,BWA,AUT,438550.881248471
3829,BWA,BEL,76965672.1221964
3830,BWA,BGD,8309.10095163283
3831,BWA,BGR,7527.31780775446
3832,BWA,BIH,35101.4465038468
3833,BWA,BLZ,683.803310771796
3834,BWA,BRA,196959.33458031
3835,BWA,BRB,7297.0994586369
3836,BWA,CAN,17235205.5785895
3837,BWA,CHE,21423583.7630794
3838,BWA,CHL,17564.4267250852
3839,BWA,CHN,55089912.7996775
3840,BWA,CIV,1026763.55945944
3841,BWA,CMR,443.307356782918
3842,BWA,COD,8020925.13312493
3843,BWA,COL,7260.78525475824
3844,BWA,CRI,409.048673878519
3845,BWA,CUB,29402.8571895291
3846,BWA,CYM,1942.4673206794
3847,BWA,CYP,2599.54885878576
3848,BWA,CZE,136720.236908532
3849,BWA,DEU,20096369.4990274
3850,BWA,DNK,19228.0283669228
3851,BWA,DOM,10270.0474058709
3852,BWA,DZA,31935.9442034804
3853,BWA,EGY,7724.64782128379
3854,BWA,ERI,8809.27772203705
3855,BWA,ESP,1205307.20071012
3856,BWA,ETH,178981.06296574
3857,BWA,FIN,20572242.4746056
3858,BWA,FRA,2901456.92774907
3859,BWA,GBR,1258277084.1208
3860,BWA,GHA,62212.3978070717
3861,BWA,GRC,12598317.5137308
3862,BWA,GRD,156.904767702146
3863,BWA,GUY,31200.752868352
3864,BWA,HKG,2254095.26315634
3865,BWA,HRV,94921.9030705333
3866,BWA,HTI,1460.10506538547
3867,BWA,HUN,77759.6732827458
3868,BWA,IDN,3923.98953986981
3869,BWA,IND,3454842.91409308
3870,BWA,IRL,2781.94893830536
3871,BWA,IRN,2114861.80926994
3872,BWA,ISR,75909201.4884433
3873,BWA,ITA,2773146.51231991
3874,BWA,JAM,502.232291378483
3875,BWA,JPN,12944328.1555443
3876,BWA,KAZ,583.082783032864
3877,BWA,KEN,221063.058698187
3878,BWA,KOR,543585.947512383
3879,BWA,KWT,7975.42138014399
3880,BWA,LAO,263.106684705781
3881,BWA,LBN,4028.82110955727
3882,BWA,LBY,50100.5830530506
3883,BWA,LKA,23499.4009514432
3884,BWA,LSO,296761.729617404
3885,BWA,LUX,32986.3154213292
3886,BWA,MAR,26576.5158499162
3887,BWA,MDG,177440.517827721
3888,BWA,MEX,55451.7893227176
3889,BWA,MLI,20169.4569731356
3890,BWA,MLT,148.68268380509
3891,BWA,MNG,19702.8537119777
3892,BWA,MOZ,4527037.5981257
3893,BWA,MUS,327394.473523201
3894,BWA,MWI,3061287.69735492
3895,BWA,MYS,14866.8980331928
3896,BWA,NAM,14749577.1180657
3897,BWA,NCL,65.0914975183573
3898,BWA,NGA,431896981.024454
3899,BWA,NLD,469263.790472264
3900,BWA,NOR,231239747.767275
3901,BWA,NZL,9972.70259347043
3902,BWA,PAK,46354.0534906255
3903,BWA,PER,3.42586829043986
3904,BWA,POL,168321.131193207
3905,BWA,PRT,126077.434477452
3906,BWA,ROU,4857.10698961008
3907,BWA,RUS,15189.6148261522
3908,BWA,RWA,7770.55445637569
3909,BWA,SAU,46813.8050152026
3910,BWA,SDN,26183.9113438318
3911,BWA,SEN,5112.08066299436
3912,BWA,SGP,6250.83928273657
3913,BWA,SLE,120794.060399935
3914,BWA,SRB,793.431096065871
3915,BWA,SVK,356615.074519679
3916,BWA,SVN,31734.5031480025
3917,BWA,SWE,1039405.01345116
3918,BWA,SWZ,1131875.36517306
3919,BWA,SYC,219493.723248229
3920,BWA,THA,25504748.7142463
3921,BWA,TTO,2709.86181773793
3922,BWA,TUN,438.511141176302
3923,BWA,TUR,127735.554730024
3924,BWA,TZA,643974.8512008
3925,BWA,UGA,158319.651306097
3926,BWA,UKR,1611.52844382291
3927,BWA,USA,90948263.1067038
3928,BWA,VEN,2556.38291832622
3929,BWA,VNM,1146.29552998118
3930,BWA,ZAF,347369936.593349
3931,BWA,ZMB,35548871.0691412
3932,BWA,ZWE,105690851.453457
3933,CAF,AGO,66329.6063185223
3934,CAF,ALB,22060.5362694584
3935,CAF,ARM,8.90725755514363
3936,CAF,AUT,25594.6619978762
3937,CAF,BEL,32256680.8445679
3938,CAF,BEN,10534.5449931026
3939,CAF,BFA,904.704668486674
3940,CAF,BGD,132012.40870381
3941,CAF,BGR,17153.3225302324
3942,CAF,BIH,2950.35777172681
3943,CAF,BOL,746.839287315889
3944,CAF,BRA,62894.8307705273
3945,CAF,BRB,26.0365990073429
3946,CAF,CAN,68566.0131385214
3947,CAF,CHE,564202.137710592
3948,CAF,CHN,10034627.2183411
3949,CAF,CIV,2898.96974737021
3950,CAF,CMR,780659.459079111
3951,CAF,COD,94926.0141124819
3952,CAF,COG,355454.390342878
3953,CAF,COL,9142.95729352589
3954,CAF,COM,244583.185467614
3955,CAF,CRI,35539.9576450231
3956,CAF,CYP,355.605128547657
3957,CAF,CZE,157355.611969167
3958,CAF,DEU,4691632.75496623
3959,CAF,DNK,136135.783778183
3960,CAF,DOM,6819.04009391576
3961,CAF,DZA,269454.818647966
3962,CAF,EGY,257443.446241179
3963,CAF,ESP,1334916.4169369
3964,CAF,EST,36059.4905712683
3965,CAF,ETH,11.94737307608
3966,CAF,FIN,507148.412375264
3967,CAF,FRA,6343112.98961859
3968,CAF,FRO,1904.78276948456
3969,CAF,GAB,170.608240863905
3970,CAF,GBR,226921.293474839
3971,CAF,HKG,33845.5231885715
3972,CAF,HRV,754.376197554857
3973,CAF,IDN,3096118.87505381
3974,CAF,IND,466765.647314876
3975,CAF,IRL,68844.4033068445
3976,CAF,ISR,80616.1622633146
3977,CAF,ITA,2215105.31979328
3978,CAF,JPN,996271.276153551
3979,CAF,KAZ,20.5552097426391
3980,CAF,KOR,388751.774604979
3981,CAF,LBN,602154.591805743
3982,CAF,LUX,396.715548032936
3983,CAF,MAR,7949328.32899378
3984,CAF,MDA,722.173035624722
3985,CAF,MDG,1709.00878533274
3986,CAF,MEX,1103442.02870972
3987,CAF,MKD,31.0246632382234
3988,CAF,MUS,70072.7100126569
3989,CAF,MWI,2752.98596260433
3990,CAF,MYS,275255.498837339
3991,CAF,NGA,46022.429440111
3992,CAF,NLD,35361.8124939202
3993,CAF,NZL,21526.1008161498
3994,CAF,PER,463.862566525557
3995,CAF,POL,51909.4415104028
3996,CAF,PRT,756540.661140757
3997,CAF,RUS,42454.0450287888
3998,CAF,RWA,1719.10070814272
3999,CAF,SAU,1579310.89324595
4000,CAF,SDN,1575037.29932843
4001,CAF,SEN,1629.3429589332
4002,CAF,SLV,588.673800082862
4003,CAF,SRB,37785.9568962355
4004,CAF,SVK,615.971118621087
4005,CAF,SVN,60397.3727867966
4006,CAF,SWE,861.26328821658
4007,CAF,SYC,49341.9347977375
4008,CAF,TCA,849327.563092688
4009,CAF,TCD,540508.83261391
4010,CAF,THA,1608.10257553247
4011,CAF,TUN,30115.4377939406
4012,CAF,TUR,2437866.37516577
4013,CAF,UKR,52.7583716727738
4014,CAF,USA,2381511.52696169
4015,CAF,VCT,3485.47839869351
4016,CAF,VEN,9.5924312132316
4017,CAF,VNM,27313.0775323608
4018,CAF,YEM,731.765466837954
4019,CAF,ZAF,153375.438189334
4020,CAN,ABW,3820158.32372316
4021,CAN,AFG,35958963.2625009
4022,CAN,AGO,82246793.348725
4023,CAN,AIA,1154218.19298965
4024,CAN,ALB,12926533.5104701
4025,CAN,AND,167407.096515018
4026,CAN,ARE,806673363.764551
4027,CAN,ARG,174121143.338263
4028,CAN,ARM,11951010.6630308
4029,CAN,ATG,12731143.9087405
4030,CAN,AUS,1086302185.60087
4031,CAN,AUT,307017265.045197
4032,CAN,AZE,18680896.6457298
4033,CAN,BDI,3214840.97031169
4034,CAN,BEL,1312126536.60432
4035,CAN,BEN,5494683.004018
4036,CAN,BFA,24803803.0437228
4037,CAN,BGD,377727695.643903
4038,CAN,BGR,46289201.1187139
4039,CAN,BHR,32754879.5186212
4040,CAN,BHS,90698931.8383939
4041,CAN,BIH,6273073.16794152
4042,CAN,BLR,27841414.9401125
4043,CAN,BLZ,4193761.06291189
4044,CAN,BMU,47711948.4607394
4045,CAN,BOL,33387068.6977293
4046,CAN,BRA,1195371433.77304
4047,CAN,BRB,34906718.0946972
4048,CAN,BRN,4809416.16231252
4049,CAN,BTN,451448.590188319
4050,CAN,BWA,5156663.54257882
4051,CAN,CAF,601507.10269885
4052,CAN,CAN,2002664107.50744
4053,CAN,CHE,869086904.858851
4054,CAN,CHL,507900994.407911
4055,CAN,CHN,8240015058.8702
4056,CAN,CIV,16178084.0298611
4057,CAN,CMR,31673220.5308495
4058,CAN,COD,11128156.1545656
4059,CAN,COG,18384680.3143442
4060,CAN,COK,47337.2776899818
4061,CAN,COL,462542995.373661
4062,CAN,COM,1899094.45777512
4063,CAN,CPV,2033084.96282982
4064,CAN,CRI,73722075.7838021
4065,CAN,CUB,191377894.887705
4066,CAN,CYM,4766898.39613353
4067,CAN,CYP,7508749.60162027
4068,CAN,CZE,137626617.511786
4069,CAN,DEU,3046180789.11406
4070,CAN,DJI,1635301.91423759
4071,CAN,DMA,2890739.44138926
4072,CAN,DNK,372496011.752327
4073,CAN,DOM,102953306.765167
4074,CAN,DZA,286980082.217102
4075,CAN,ECU,162003503.922975
4076,CAN,EGY,384882024.097057
4077,CAN,ERI,1440195.97440241
4078,CAN,ESP,781308316.631964
4079,CAN,EST,36836801.1550209
4080,CAN,ETH,7006852.51158397
4081,CAN,FIN,276253587.879207
4082,CAN,FJI,7726179.18440962
4083,CAN,FRA,2264288741.03557
4084,CAN,FRO,2645491.12290788
4085,CAN,GAB,20900925.7597796
4086,CAN,GBR,8815758476.82215
4087,CAN,GEO,10528348.2825388
4088,CAN,GHA,112136244.42606
4089,CAN,GIB,10370987.874354
4090,CAN,GIN,10487012.44092
4091,CAN,GMB,465024.621049674
4092,CAN,GNB,8827.77741080543
4093,CAN,GNQ,4985210.4825945
4094,CAN,GRC,96531948.7985601
4095,CAN,GRD,4917295.38443116
4096,CAN,GRL,7631342.24287269
4097,CAN,GTM,74784799.312359
4098,CAN,GUY,17811223.5360338
4099,CAN,HKG,899066956.166704
4100,CAN,HND,22009708.0319805
4101,CAN,HRV,71863971.8401221
4102,CAN,HTI,24822729.5956801
4103,CAN,HUN,183608040.678808
4104,CAN,IDN,680035078.333751
4105,CAN,IND,1577937978.58408
4106,CAN,IRL,368777154.538242
4107,CAN,IRN,256464876.426482
4108,CAN,IRQ,294960717.083611
4109,CAN,ISL,48850315.8463228
4110,CAN,ISR,211081702.361415
4111,CAN,ITA,1122795646.86755
4112,CAN,JAM,74532525.9083612
4113,CAN,JOR,39651168.8314445
4114,CAN,JPN,6297571072.4649
4115,CAN,KAZ,168499271.548095
4116,CAN,KEN,54475713.5401362
4117,CAN,KGZ,13199798.5798307
4118,CAN,KHM,4240225.27519739
4119,CAN,KIR,44759.6543882548
4120,CAN,KNA,4035591.9956465
4121,CAN,KOR,2421941923.92445
4122,CAN,KWT,64599639.4413359
4123,CAN,LAO,2067496.43945998
4124,CAN,LBN,135348416.468991
4125,CAN,LBR,2930199.96270586
4126,CAN,LBY,158528312.721584
4127,CAN,LCA,8760191.19599797
4128,CAN,LKA,201268991.92815
4129,CAN,LSO,123150.3726101
4130,CAN,LTU,25015210.6352312
4131,CAN,LUX,67820391.4047959
4132,CAN,LVA,14862987.0619524
4133,CAN,MAC,8988943.95866088
4134,CAN,MAR,269178835.257634
4135,CAN,MDA,4133916.4711031
4136,CAN,MDG,43120451.0020245
4137,CAN,MDV,10323081.2173542
4138,CAN,MEX,5004331299.09844
4139,CAN,MKD,15909307.3207309
4140,CAN,MLI,4285709.84331591
4141,CAN,MLT,80573555.42456
4142,CAN,MMR,92647.1265256813
4143,CAN,MNE,1769733.67112811
4144,CAN,MNG,2947528.68969256
4145,CAN,MOZ,5460017.32796069
4146,CAN,MRT,1762272.12999153
4147,CAN,MSR,284115.479410075
4148,CAN,MUS,7102907.54046161
4149,CAN,MWI,3803861.67587316
4150,CAN,MYS,475863551.699688
4151,CAN,NAM,6252503.56955206
4152,CAN,NCL,10645337.5736154
4153,CAN,NER,3343387.77065289
4154,CAN,NGA,134941676.145167
4155,CAN,NIC,16586359.1426797
4156,CAN,NLD,1658078927.69405
4157,CAN,NOR,1061856868.15575
4158,CAN,NPL,8204331.0475746
4159,CAN,NRU,31696.8185968077
4160,CAN,NZL,233076297.518019
4161,CAN,OMN,94292312.7551104
4162,CAN,PAK,276126896.529132
4163,CAN,PAN,51859886.3255816
4164,CAN,PER,280293746.557285
4165,CAN,PHL,314460231.123904
4166,CAN,PLW,49005.675547426
4167,CAN,PNG,22812347.1768374
4168,CAN,POL,150514686.743439
4169,CAN,PRK,14349602.8841149
4170,CAN,PRT,119642717.880788
4171,CAN,PRY,9097210.30389633
4172,CAN,PSE,1815450.47611733
4173,CAN,PYF,9279851.56454358
4174,CAN,QAT,134752826.526004
4175,CAN,ROU,78082932.1097344
4176,CAN,RUS,832582839.762414
4177,CAN,RWA,3198084.36332949
4178,CAN,SAU,892293452.028931
4179,CAN,SDN,67680182.2636204
4180,CAN,SEN,23260419.2312387
4181,CAN,SGP,662175879.623351
4182,CAN,SHN,50008.7697828668
4183,CAN,SLB,442687.959796006
4184,CAN,SLE,3366369.18031882
4185,CAN,SLV,41024176.1630545
4186,CAN,SOM,1736675.41247268
4187,CAN,SPM,12309002.9366032
4188,CAN,SRB,32748938.377832
4189,CAN,STP,79005.3189931497
4190,CAN,SUR,32728781.9391583
4191,CAN,SVK,37385786.7026184
4192,CAN,SVN,38521488.0774983
4193,CAN,SWE,313517266.35835
4194,CAN,SWZ,6646544.19962382
4195,CAN,SYC,2163357.53335956
4196,CAN,SYR,36939224.085786
4197,CAN,TCA,4678442.47687438
4198,CAN,TCD,7481932.58981637
4199,CAN,TGO,12068724.1826639
4200,CAN,THA,461242811.21042
4201,CAN,TJK,2154745.76790724
4202,CAN,TKM,4660683.46083039
4203,CAN,TLS,54635.7474959349
4204,CAN,TON,128496.097490502
4205,CAN,TTO,159453880.927959
4206,CAN,TUN,68459242.5273816
4207,CAN,TUR,642257638.146085
4208,CAN,TZA,24529776.0612544
4209,CAN,UGA,17918867.7435877
4210,CAN,UKR,93311392.7947664
4211,CAN,URY,18515901.3474729
4212,CAN,USA,162030491214.136
4213,CAN,UZB,9383598.50433029
4214,CAN,VCT,7298800.74482993
4215,CAN,VEN,369587217.299873
4216,CAN,VGB,2287352.22217261
4217,CAN,VNM,205701889.406349
4218,CAN,VUT,1218982.8626731
4219,CAN,WLF,17410.9478256734
4220,CAN,WSM,347951.053613157
4221,CAN,YEM,59894755.4278223
4222,CAN,ZAF,353050330.436002
4223,CAN,ZMB,9275001.39288174
4224,CAN,ZWE,6169484.35253163
4225,CHE,ABW,5203662.34448171
4226,CHE,AFG,5892201.79003757
4227,CHE,AGO,60580620.4261313
4228,CHE,AIA,137992.241934736
4229,CHE,ALB,70261761.0728755
4230,CHE,AND,12424649.4154374
4231,CHE,ARE,2264879569.00245
4232,CHE,ARG,274899954.689247
4233,CHE,ARM,84306886.4868093
4234,CHE,ATG,3452916.20576654
4235,CHE,AUS,1364780412.44249
4236,CHE,AUT,5562687555.71344
4237,CHE,AZE,65068232.3597799
4238,CHE,BDI,1540254.62438762
4239,CHE,BEL,2490124944.17296
4240,CHE,BEN,17871331.7655369
4241,CHE,BFA,6568250.57530554
4242,CHE,BGD,95985058.2584948
4243,CHE,BGR,179131556.563523
4244,CHE,BHR,189881215.451836
4245,CHE,BHS,68956018.9001409
4246,CHE,BIH,42792198.0990913
4247,CHE,BLR,126864904.562692
4248,CHE,BLZ,3696654.2918777
4249,CHE,BMU,37654201.4160055
4250,CHE,BOL,8058084.84129767
4251,CHE,BRA,1438849365.61279
4252,CHE,BRB,11736288.8865382
4253,CHE,BRN,3325097.74502389
4254,CHE,BTN,2746043.09792692
4255,CHE,BWA,3014971.01803182
4256,CHE,CAF,1021356.16894981
4257,CHE,CAN,2075678252.27528
4258,CHE,CHL,147696946.827267
4259,CHE,CHN,4761602854.7422
4260,CHE,CIV,18936793.234328
4261,CHE,CMR,9147417.08886639
4262,CHE,COD,5700834.67361668
4263,CHE,COG,3940031.15169563
4264,CHE,COK,1891.0792963228
4265,CHE,COL,256917225.334857
4266,CHE,COM,55432.6462558843
4267,CHE,CPV,2482572.5860087
4268,CHE,CRI,96891934.242304
4269,CHE,CUB,13673864.4400333
4270,CHE,CYM,19875114.8507006
4271,CHE,CYP,67589555.7142124
4272,CHE,CZE,940722072.831948
4273,CHE,DEU,27671506053.8958
4274,CHE,DJI,320193.835552845
4275,CHE,DMA,361866.234472487
4276,CHE,DNK,746092805.081474
4277,CHE,DOM,27402189.0655161
4278,CHE,DZA,390351362.22256
4279,CHE,ECU,52519106.4770421
4280,CHE,EGY,420885717.067061
4281,CHE,ERI,462836.84305971
4282,CHE,ESP,4137929358.62942
4283,CHE,EST,68720233.7795284
4284,CHE,ETH,19442213.3160208
4285,CHE,FIN,583154265.511659
4286,CHE,FJI,1653305.53727751
4287,CHE,FRA,10428453933.1913
4288,CHE,FRO,460813.073717936
4289,CHE,FSM,855414.645871141
4290,CHE,GAB,13828141.2885762
4291,CHE,GBR,12039667184.5976
4292,CHE,GEO,27011549.0496041
4293,CHE,GHA,34847526.6275486
4294,CHE,GIB,2140290.53042991
4295,CHE,GIN,3437123.79776673
4296,CHE,GMB,5569992.37091264
4297,CHE,GNB,114875.681079576
4298,CHE,GNQ,1602321.08637209
4299,CHE,GRC,938977832.861794
4300,CHE,GRD,367487.410126219
4301,CHE,GRL,3076034.99627057
4302,CHE,GTM,44969970.4981259
4303,CHE,GUY,855862.454133684
4304,CHE,HKG,3857815916.76796
4305,CHE,HND,16073271.6450361
4306,CHE,HRV,323227263.093704
4307,CHE,HTI,1121064.41427455
4308,CHE,HUN,630138683.502961
4309,CHE,IDN,301744230.238181
4310,CHE,IND,7990062424.81867
4311,CHE,IRL,430264414.377588
4312,CHE,IRN,478081910.419284
4313,CHE,IRQ,69847382.9565834
4314,CHE,ISL,67827508.9887562
4315,CHE,ISR,2254260390.00794
4316,CHE,ITA,10657183976.6694
4317,CHE,JAM,43353421.1017365
4318,CHE,JOR,127266517.125654
4319,CHE,JPN,4643694238.43411
4320,CHE,KAZ,108597633.761225
4321,CHE,KEN,47816525.1458261
4322,CHE,KGZ,9658779.31923889
4323,CHE,KHM,50423308.0221873
4324,CHE,KIR,1920013.4947302
4325,CHE,KNA,667385.179576692
4326,CHE,KOR,1197172118.66227
4327,CHE,KWT,206937535.46628
4328,CHE,LAO,1420000.48425613
4329,CHE,LBN,307230736.184489
4330,CHE,LBR,10777410.1248074
4331,CHE,LBY,98408107.2716273
4332,CHE,LCA,996951.653596032
4333,CHE,LKA,81797986.7881622
4334,CHE,LSO,248600.627898231
4335,CHE,LTU,55655548.1212953
4336,CHE,LUX,258308955.577962
4337,CHE,LVA,121632458.030353
4338,CHE,MAC,204225776.339646
4339,CHE,MAR,197662254.725357
4340,CHE,MDA,17111404.2910042
4341,CHE,MDG,5640813.57079596
4342,CHE,MDV,4171429.04370976
4343,CHE,MEX,844155867.525224
4344,CHE,MHL,80253.7321199587
4345,CHE,MKD,85251867.4991838
4346,CHE,MLI,4133132.38783125
4347,CHE,MLT,123518494.097744
4348,CHE,MMR,3964299.38463847
4349,CHE,MNE,52543612.21173
4350,CHE,MNG,3057651.27245865
4351,CHE,MNP,69847.1241226416
4352,CHE,MOZ,10956005.5877973
4353,CHE,MRT,883328.167116684
4354,CHE,MSR,8278.26813701887
4355,CHE,MUS,23650252.2098761
4356,CHE,MWI,23763416.6169862
4357,CHE,MYS,528578289.458393
4358,CHE,NAM,29093279.2866372
4359,CHE,NCL,8078326.24150491
4360,CHE,NER,12307600.2621086
4361,CHE,NGA,141048279.521139
4362,CHE,NIC,6523531.546919
4363,CHE,NIU,1458.32292870078
4364,CHE,NLD,3393751265.56083
4365,CHE,NOR,525302870.11297
4366,CHE,NPL,74035706.1956273
4367,CHE,NRU,10275.6363673999
4368,CHE,NZL,156406160.664592
4369,CHE,OMN,119500301.79526
4370,CHE,PAK,248608806.816188
4371,CHE,PAN,189685485.960121
4372,CHE,PER,78989929.9927891
4373,CHE,PHL,162846734.810858
4374,CHE,PLW,109131.034391962
4375,CHE,PNG,287290.265128334
4376,CHE,POL,1150245233.27719
4377,CHE,PRK,2043696.14997797
4378,CHE,PRT,639124394.5629
4379,CHE,PRY,179034706.581779
4380,CHE,PSE,17559850.1151729
4381,CHE,PYF,6213779.6099179
4382,CHE,QAT,373807475.257345
4383,CHE,ROU,467775960.511886
4384,CHE,RUS,1348722466.76184
4385,CHE,RWA,9411323.37123116
4386,CHE,SAU,1216804820.68358
4387,CHE,SDN,27581434.5890697
4388,CHE,SEN,13081136.7798547
4389,CHE,SGP,1929292387.73679
4390,CHE,SLB,937699.152548355
4391,CHE,SLE,5435018.78211917
4392,CHE,SLV,18779723.5864368
4393,CHE,SMR,1923500.99028014
4394,CHE,SRB,170499572.321732
4395,CHE,STP,47490.579129416
4396,CHE,SUR,1810376.11700491
4397,CHE,SVK,310760592.577343
4398,CHE,SVN,304577480.868962
4399,CHE,SWE,952071896.151863
4400,CHE,SWZ,755077.598865863
4401,CHE,SYC,153529361.98091
4402,CHE,SYR,131830221.904461
4403,CHE,TCA,1376947.21238258
4404,CHE,TCD,1442539.63488097
4405,CHE,TGO,10000164.2529661
4406,CHE,THA,1713989180.41487
4407,CHE,TJK,1544551.09351289
4408,CHE,TKL,5386.22412498462
4409,CHE,TKM,20189801.565292
4410,CHE,TLS,96131.5703121511
4411,CHE,TON,1680295.89801691
4412,CHE,TTO,16431946.351572
4413,CHE,TUN,131938852.487328
4414,CHE,TUR,1788734860.0017
4415,CHE,TZA,92217118.3896018
4416,CHE,UGA,12602638.9039924
4417,CHE,UKR,372219687.027663
4418,CHE,URY,74225147.7712576
4419,CHE,USA,12130381971.1037
4420,CHE,UZB,51623979.4948315
4421,CHE,VAT,3615446.60480672
4422,CHE,VCT,1956621.79843882
4423,CHE,VEN,235210597.018795
4424,CHE,VGB,72714115.4395602
4425,CHE,VNM,440945034.613122
4426,CHE,VUT,77755.8191809191
4427,CHE,WLF,7672.56708635887
4428,CHE,WSM,34832.1732562182
4429,CHE,YEM,294767850.29129
4430,CHE,ZAF,504649029.053555
4431,CHE,ZMB,11913597.339884
4432,CHE,ZWE,11410758.4348035
4433,CHL,ABW,1455902.89534041
4434,CHL,AGO,9534168.15638975
4435,CHL,AIA,36415.5753213766
4436,CHL,ALB,186729.691865057
4437,CHL,AND,47439.5816540446
4438,CHL,ARE,56224447.3238176
4439,CHL,ARG,493893335.875093
4440,CHL,ARM,338386.029346248
4441,CHL,ATG,973965.447714497
4442,CHL,AUS,448461132.414452
4443,CHL,AUT,64580544.3366587
4444,CHL,AZE,132358.523492019
4445,CHL,BEL,630535094.132272
4446,CHL,BEN,1100597.96877931
4447,CHL,BFA,3300406.26455345
4448,CHL,BGD,709970.092774175
4449,CHL,BGR,262573019.558958
4450,CHL,BHR,1900225.67948462
4451,CHL,BHS,1525812.54498522
4452,CHL,BIH,368689.204722505
4453,CHL,BLR,8636750.9949305
4454,CHL,BLZ,1145962.56984203
4455,CHL,BMU,463128.745537745
4456,CHL,BOL,826360620.105266
4457,CHL,BRA,1933331052.40125
4458,CHL,BRB,2474976.75083513
4459,CHL,BRN,35345.3683261261
4460,CHL,BWA,88230.383386819
4461,CHL,CAF,1830.81142135738
4462,CHL,CAN,1042751570.14998
4463,CHL,CHE,308478130.664306
4464,CHL,CHN,8926586910.69516
4465,CHL,CIV,7277141.39897767
4466,CHL,CMR,5482835.666296
4467,CHL,COD,593281.257198411
4468,CHL,COG,1814557.97850274
4469,CHL,COK,3930.15610279261
4470,CHL,COL,404083071.010498
4471,CHL,CPV,67856.6459985664
4472,CHL,CRI,118432795.75457
4473,CHL,CUB,25651758.4574926
4474,CHL,CYM,415314.600685207
4475,CHL,CYP,1817236.07566969
4476,CHL,CZE,27691602.4049452
4477,CHL,DEU,1482048820.80875
4478,CHL,DMA,334877.25504318
4479,CHL,DNK,107471125.150968
4480,CHL,DOM,38175312.1361695
4481,CHL,DZA,8546012.56214554
4482,CHL,ECU,341737595.349684
4483,CHL,EGY,15115239.9874799
4484,CHL,ESP,883620567.354196
4485,CHL,EST,7949193.11065753
4486,CHL,ETH,1264412.69706428
4487,CHL,FIN,115225869.910357
4488,CHL,FJI,1511280.68590806
4489,CHL,FRA,1017472396.36297
4490,CHL,FRO,35383616.7752416
4491,CHL,FSM,340743.026730071
4492,CHL,GAB,430202.896691742
4493,CHL,GBR,665406415.866649
4494,CHL,GEO,1179467.89745762
4495,CHL,GHA,10203303.2694892
4496,CHL,GIN,209806.087155206
4497,CHL,GNQ,1802332.78806351
4498,CHL,GRC,111146415.121807
4499,CHL,GRD,356184.100288742
4500,CHL,GRL,590019.001525786
4501,CHL,GTM,94666933.508191
4502,CHL,GUY,823932.286629315
4503,CHL,HKG,332596445.544268
4504,CHL,HND,44088080.0569326
4505,CHL,HRV,15382070.5142779
4506,CHL,HTI,6181663.88299828
4507,CHL,HUN,2622844.76316076
4508,CHL,IDN,129643094.638309
4509,CHL,IND,837442088.772062
4510,CHL,IRL,47513421.9037847
4511,CHL,IRN,8666528.53933495
4512,CHL,ISL,3143991.27337076
4513,CHL,ISR,28043351.3062574
4514,CHL,ITA,1020634609.4591
4515,CHL,JAM,8653405.51103765
4516,CHL,JOR,5017776.10138976
4517,CHL,JPN,3635029615.47933
4518,CHL,KAZ,3785877.71526171
4519,CHL,KEN,2023355.92854438
4520,CHL,KGZ,182538.484598533
4521,CHL,KHM,155377.462859896
4522,CHL,KIR,171132.124642879
4523,CHL,KNA,313460.782012324
4524,CHL,KOR,2220984340.42558
4525,CHL,KWT,5557814.53556562
4526,CHL,LAO,165887.586208303
4527,CHL,LBN,2182835.14719422
4528,CHL,LBR,816015.105010109
4529,CHL,LBY,2545096.60011029
4530,CHL,LCA,511108.627046437
4531,CHL,LKA,16989633.3305578
4532,CHL,LTU,6211488.38920526
4533,CHL,LUX,2643537.00763501
4534,CHL,LVA,4097807.89469096
4535,CHL,MAC,2876486.81798471
4536,CHL,MAR,8744489.60434068
4537,CHL,MDA,800485.644049545
4538,CHL,MDG,1651621.9689901
4539,CHL,MDV,31931.6276094344
4540,CHL,MEX,1130915942.53624
4541,CHL,MKD,389135.643146923
4542,CHL,MLT,4658745.39917634
4543,CHL,MNE,148400.392257958
4544,CHL,MNG,88678.3951459383
4545,CHL,MOZ,546611.427723982
4546,CHL,MRT,719696.948207387
4547,CHL,MSR,23697.4161386306
4548,CHL,MUS,986322.554638113
4549,CHL,MYS,109400426.859807
4550,CHL,NAM,58957.2501259756
4551,CHL,NCL,423314.674613569
4552,CHL,NER,57006.4483529192
4553,CHL,NGA,74936759.1817707
4554,CHL,NIC,10600865.6921635
4555,CHL,NLD,1402689400.18828
4556,CHL,NOR,95303751.4759261
4557,CHL,NPL,143541.825848456
4558,CHL,NZL,18930490.3355507
4559,CHL,OMN,19515108.5927514
4560,CHL,PAK,7779949.55757539
4561,CHL,PAN,80831175.2440932
4562,CHL,PER,935366639.047662
4563,CHL,PHL,105874185.639132
4564,CHL,POL,132469592.88269
4565,CHL,PRK,9310543.41838086
4566,CHL,PRT,34207392.1747014
4567,CHL,PRY,260324144.58731
4568,CHL,PSE,962400.201468922
4569,CHL,PYF,2316422.77013797
4570,CHL,QAT,3126178.01898
4571,CHL,ROU,4164816.92606058
4572,CHL,RUS,176600098.207357
4573,CHL,SAU,73987701.166875
4574,CHL,SDN,1368504.81021059
4575,CHL,SEN,629654.036573103
4576,CHL,SGP,131967318.110544
4577,CHL,SLE,119878.593023627
4578,CHL,SLV,45095609.894232
4579,CHL,SRB,4358217.66050941
4580,CHL,SUR,1000944.77030627
4581,CHL,SVK,5410537.51224187
4582,CHL,SVN,10567171.5923534
4583,CHL,SWE,159782279.866065
4584,CHL,SWZ,87513.022325795
4585,CHL,SYC,87862.7212574099
4586,CHL,SYR,4093145.21257857
4587,CHL,TCA,79346.9465790724
4588,CHL,TGO,38144.3321818828
4589,CHL,THA,109328987.228346
4590,CHL,TON,548012.580447826
4591,CHL,TTO,13884498.7829209
4592,CHL,TUN,977083.673032455
4593,CHL,TUR,144579529.933375
4594,CHL,TZA,1155952.36751827
4595,CHL,UGA,35808.5457189936
4596,CHL,UKR,21174042.8316301
4597,CHL,URY,97776950.0154364
4598,CHL,USA,4535996220.4093
4599,CHL,VCT,599841.445536038
4600,CHL,VEN,601463515.37659
4601,CHL,VGB,1772991.10317818
4602,CHL,VNM,100850229.056887
4603,CHL,VUT,51069.8297097818
4604,CHL,WSM,1106392.05759809
4605,CHL,YEM,2037622.86796734
4606,CHL,ZAF,69439020.3032376
4607,CHL,ZMB,443529.418139636
4608,CHN,ABW,11010512.5226456
4609,CHN,AFG,246706640.03973
4610,CHN,AGO,1634796946.73297
4611,CHN,ALB,225626272.095112
4612,CHN,AND,37784463.4752861
4613,CHN,ARE,12766358069.7369
4614,CHN,ARG,3304317797.63622
4615,CHN,ARM,195141126.928393
4616,CHN,ATG,338263289.39266
4617,CHN,AUS,20015102588.2861
4618,CHN,AUT,4273141311.67144
4619,CHN,AZE,379098915.186146
4620,CHN,BDI,23287622.6809857
4621,CHN,BEL,10135518314.5808
4622,CHN,BEN,1337912751.91661
4623,CHN,BFA,146794403.825487
4624,CHN,BGD,3042902033.81637
4625,CHN,BGR,868417388.506906
4626,CHN,BHR,560440764.546038
4627,CHN,BHS,289511916.048433
4628,CHN,BIH,258396716.018551
4629,CHN,BLR,740073882.615929
4630,CHN,BLZ,41458050.357241
4631,CHN,BMU,52371073.1514976
4632,CHN,BOL,284752932.778398
4633,CHN,BRA,11604786300.4795
4634,CHN,BRB,62730595.3298572
4635,CHN,BRN,96235901.7050681
4636,CHN,BTN,6892481.80280523
4637,CHN,BWA,113326643.899239
4638,CHN,CAF,11520765.4568656
4639,CHN,CAN,23893506493.4969
4640,CHN,CHE,3277327485.2598
4641,CHN,CHL,4180571259.41174
4642,CHN,CHN,59208591965.1272
4643,CHN,CIV,345918496.919217
4644,CHN,CMR,302878442.730702
4645,CHN,COD,220084055.853738
4646,CHN,COG,251210046.683562
4647,CHN,COK,4826957.97830689
4648,CHN,COL,2545536913.94336
4649,CHN,COM,7798583.58697256
4650,CHN,CPV,24258595.2901617
4651,CHN,CRI,479322853.038774
4652,CHN,CUB,666099645.111435
4653,CHN,CYM,12324933.2241537
4654,CHN,CYP,825401383.228616
4655,CHN,CZE,7225842761.69133
4656,CHN,DEU,54346711290.7979
4657,CHN,DJI,201853413.540511
4658,CHN,DMA,15294072.2910224
4659,CHN,DNK,3649815623.96597
4660,CHN,DOM,915559713.096
4661,CHN,DZA,3254970403.37478
4662,CHN,ECU,753885231.573938
4663,CHN,EGY,3499428161.63771
4664,CHN,ERI,27049419.9680339
4665,CHN,ESP,13816212778.7728
4666,CHN,EST,423839438.011633
4667,CHN,ETH,1309950715.62303
4668,CHN,FIN,3317548418.75306
4669,CHN,FJI,66155963.4435267
4670,CHN,FRA,28265183025.6536
4671,CHN,FRO,23230702.5645137
4672,CHN,FSM,4095905.09207335
4673,CHN,GAB,106003350.936827
4674,CHN,GBR,35698437827.7211
4675,CHN,GEO,131524366.35889
4676,CHN,GHA,1050851680.80277
4677,CHN,GIB,96605757.0753567
4678,CHN,GIN,192797090.974661
4679,CHN,GMB,114799853.596009
4680,CHN,GNB,15891673.9038701
4681,CHN,GNQ,245582559.895265
4682,CHN,GRC,2907169861.17392
4683,CHN,GRD,6545771.59868687
4684,CHN,GRL,12043128.0612462
4685,CHN,GTM,710012144.622267
4686,CHN,GUY,40581032.3914825
4687,CHN,HKG,113887455214.607
4688,CHN,HND,190235195.149082
4689,CHN,HRV,987674913.40507
4690,CHN,HTI,101054286.105391
4691,CHN,HUN,3661294432.81388
4692,CHN,IDN,10086183623.439
4693,CHN,IND,20975475182.0704
4694,CHN,IRL,2476245543.29172
4695,CHN,IRN,5425675818.52381
4696,CHN,IRQ,1259656708.6883
4697,CHN,ISL,122667689.00836
4698,CHN,ISR,2502700331.66505
4699,CHN,ITA,18476634102.0021
4700,CHN,JAM,156462903.321087
4701,CHN,JOR,1347037740.53095
4702,CHN,JPN,83984531281.2296
4703,CHN,KAZ,5308843386.99348
4704,CHN,KEN,875267752.684949
4705,CHN,KGZ,3581760607.86026
4706,CHN,KHM,621494247.979867
4707,CHN,KIR,2697273.12211788
4708,CHN,KNA,1803986.18746958
4709,CHN,KOR,37167709388.8559
4710,CHN,KWT,1057005681.06655
4711,CHN,LAO,258070650.781924
4712,CHN,LBN,986430013.848779
4713,CHN,LBR,1289151914.26864
4714,CHN,LBY,1372342212.29977
4715,CHN,LCA,5740748.73467347
4716,CHN,LKA,1075356334.28668
4717,CHN,LSO,34527404.5872324
4718,CHN,LTU,449278264.2566
4719,CHN,LUX,2089773520.75303
4720,CHN,LVA,309903179.493686
4721,CHN,MAC,1268629517.49249
4722,CHN,MAR,1752690602.87444
4723,CHN,MDA,168912343.561693
4724,CHN,MDG,270906080.176947
4725,CHN,MDV,27860514.1558317
4726,CHN,MEX,22287994713.7298
4727,CHN,MHL,928258999.125112
4728,CHN,MKD,198677910.376913
4729,CHN,MLI,114833092.74051
4730,CHN,MLT,865227050.031781
4731,CHN,MMR,1549343952.45376
4732,CHN,MNE,86560208.1889057
4733,CHN,MNG,724866161.390688
4734,CHN,MOZ,232365553.179011
4735,CHN,MRT,165661810.525185
4736,CHN,MSR,162044.940485121
4737,CHN,MUS,321247459.975222
4738,CHN,MWI,84100452.5475891
4739,CHN,MYS,13451287356.5287
4740,CHN,NAM,226597220.72321
4741,CHN,NCL,133970645.29623
4742,CHN,NER,341967053.156041
4743,CHN,NGA,4110721031.0009
4744,CHN,NIC,178458238.465241
4745,CHN,NLD,25133694195.5021
4746,CHN,NOR,3636871416.7518
4747,CHN,NPL,288722017.707748
4748,CHN,NRU,13700.7324671271
4749,CHN,NZL,2642170153.33415
4750,CHN,OMN,586951971.698386
4751,CHN,PAK,3778783157.93261
4752,CHN,PAN,4468947232.45263
4753,CHN,PER,2238121699.35238
4754,CHN,PHL,5882015441.39025
4755,CHN,PLW,1462909.48116802
4756,CHN,PNG,361889096.661936
4757,CHN,POL,9533776376.83275
4758,CHN,PRK,1293430187.23708
4759,CHN,PRT,1317942635.25652
4760,CHN,PRY,1406994735.07835
4761,CHN,PSE,108131335.465381
4762,CHN,PYF,98858525.1571373
4763,CHN,QAT,597753241.093109
4764,CHN,ROU,1813358327.57502
4765,CHN,RUS,15662987692.1246
4766,CHN,RWA,63037084.4698985
4767,CHN,SAU,7324632609.15202
4768,CHN,SDN,1168489705.94678
4769,CHN,SEN,273596108.272804
4770,CHN,SGP,20600680052.979
4771,CHN,SLB,16202200.2275655
4772,CHN,SLE,37452644.5778274
4773,CHN,SLV,449169343.330711
4774,CHN,SMR,669909.359333088
4775,CHN,SOM,46118045.4240972
4776,CHN,SRB,777888743.56293
4777,CHN,STP,1505960.99762666
4778,CHN,SUR,65888927.9730654
4779,CHN,SVK,2139191058.98255
4780,CHN,SVN,817093345.6665
4781,CHN,SWE,3123466058.47535
4782,CHN,SWZ,25901853.9945373
4783,CHN,SYC,33724901.3746627
4784,CHN,SYR,1514512093.00708
4785,CHN,TCA,278183.245878349
4786,CHN,TCD,102021310.743949
4787,CHN,TGO,774109998.505449
4788,CHN,THA,11667768131.8605
4789,CHN,TJK,834249828.217644
4790,CHN,TKM,627413172.013285
4791,CHN,TLS,15937303.7288042
4792,CHN,TON,5478275.83560142
4793,CHN,TTO,241752086.967293
4794,CHN,TUN,655461812.244897
4795,CHN,TUR,8685653729.98754
4796,CHN,TUV,4150997.16522557
4797,CHN,TZA,626284683.461504
4798,CHN,UGA,259825347.631952
4799,CHN,UKR,2469216550.02031
4800,CHN,URY,561577330.610074
4801,CHN,USA,212081962167.726
4802,CHN,UZB,1069240040.49966
4803,CHN,VAT,2137.74181323447
4804,CHN,VCT,56041053.0573201
4805,CHN,VEN,2764307071.19792
4806,CHN,VGB,10744496.5905875
4807,CHN,VNM,11424089825.7806
4808,CHN,VUT,32506003.2056203
4809,CHN,WLF,142180.385789835
4810,CHN,WSM,25513441.5124464
4811,CHN,YEM,800569805.985489
4812,CHN,ZAF,5704280653.12433
4813,CHN,ZMB,123143770.023901
4814,CHN,ZWE,107082130.824888
4815,CIV,AGO,94058153.2871116
4816,CIV,ALB,248472.745716338
4817,CIV,ARE,10131754.0102434
4818,CIV,ARG,829430.676422824
4819,CIV,ARM,1191613.60090077
4820,CIV,AUS,10131634.7900269
4821,CIV,AUT,22865696.8533771
4822,CIV,AZE,287.772936396948
4823,CIV,BDI,266265.626468371
4824,CIV,BEL,142034518.484591
4825,CIV,BEN,66084145.3180264
4826,CIV,BFA,261711090.264131
4827,CIV,BGD,8047179.70711329
4828,CIV,BGR,2188772.17694155
4829,CIV,BHR,1261621.48800399
4830,CIV,BHS,11689.2770663358
4831,CIV,BIH,323325.912341475
4832,CIV,BLR,1860383.51644046
4833,CIV,BLZ,379472.05116791
4834,CIV,BMU,202564.147601914
4835,CIV,BOL,1855.45026610223
4836,CIV,BRA,57144447.1238738
4837,CIV,BRB,30573.8189712015
4838,CIV,BWA,3182.43157111047
4839,CIV,CAF,1014485.82099685
4840,CIV,CAN,134549385.448618
4841,CIV,CHE,153862651.758475
4842,CIV,CHN,43001847.5349931
4843,CIV,CMR,76265439.5968604
4844,CIV,COD,45774816.3509506
4845,CIV,COG,67899219.9489853
4846,CIV,COL,471070.593408642
4847,CIV,COM,21390.9571638285
4848,CIV,CPV,1555245.53885293
4849,CIV,CRI,8557.94985768746
4850,CIV,CYP,10518770.9251461
4851,CIV,CZE,11445923.9381927
4852,CIV,DEU,889249121.059284
4853,CIV,DJI,103909.393775865
4854,CIV,DMA,27880.6623724214
4855,CIV,DNK,925683.315550012
4856,CIV,DOM,590676.531167465
4857,CIV,DZA,66952614.549513
4858,CIV,ECU,809497.670823573
4859,CIV,EGY,3449416.38599801
4860,CIV,ESP,153990646.420531
4861,CIV,EST,90861816.6798229
4862,CIV,ETH,34601.7562067398
4863,CIV,FIN,3720116.49269573
4864,CIV,FRA,772675719.872329
4865,CIV,FRO,5094.26614788407
4866,CIV,GAB,14891383.1160615
4867,CIV,GBR,184105824.822798
4868,CIV,GEO,803.023527279103
4869,CIV,GHA,387361750.424413
4870,CIV,GIB,20183820.3993983
4871,CIV,GIN,49251222.6064185
4872,CIV,GMB,24638889.682643
4873,CIV,GNB,4620056.63554265
4874,CIV,GNQ,77524170.4571063
4875,CIV,GRC,33824244.435446
4876,CIV,GRL,2665.59274768886
4877,CIV,GTM,11047.7400630105
4878,CIV,HKG,11891868.4304057
4879,CIV,HND,2189.74649388335
4880,CIV,HRV,1212316.1229799
4881,CIV,HTI,349223.976772063
4882,CIV,HUN,167867.546231553
4883,CIV,IDN,13612204.5635234
4884,CIV,IND,210572133.915679
4885,CIV,IRL,2617009.30150098
4886,CIV,IRN,355049.4643589
4887,CIV,ISL,5457.90493757281
4888,CIV,ISR,5567319.82022645
4889,CIV,ITA,229491577.317616
4890,CIV,JOR,541708.571689222
4891,CIV,JPN,9905238.33957411
4892,CIV,KAZ,4542852.09132803
4893,CIV,KEN,447671.469677581
4894,CIV,KHM,10853.1507441135
4895,CIV,KNA,95.924312132316
4896,CIV,KOR,509145.008414933
4897,CIV,KWT,112102.702434802
4898,CIV,LBN,5955237.5521223
4899,CIV,LBR,29758771.6191695
4900,CIV,LBY,2479736.15480179
4901,CIV,LKA,72156.0476670918
4902,CIV,LTU,1339658.60728575
4903,CIV,LUX,3094031.83609127
4904,CIV,LVA,517398.059420639
4905,CIV,MAR,12267221.4874996
4906,CIV,MDA,1143485.63280936
4907,CIV,MDG,163623.011214046
4908,CIV,MEX,27441973.086094
4909,CIV,MKD,269887.958027663
4910,CIV,MLI,182584015.474798
4911,CIV,MLT,241416567.100209
4912,CIV,MNE,16916.937618192
4913,CIV,MOZ,3802032.7397721
4914,CIV,MRT,6311061.13938359
4915,CIV,MUS,1452442.76836707
4916,CIV,MWI,28329.290787833
4917,CIV,MYS,92974099.6174047
4918,CIV,NCL,216020.18057466
4919,CIV,NER,42895168.7371234
4920,CIV,NGA,491259642.634073
4921,CIV,NIC,10583.7747204362
4922,CIV,NLD,982940600.688931
4923,CIV,NOR,657854.853874177
4924,CIV,NZL,194333.063948859
4925,CIV,OMN,77542.7932092303
4926,CIV,PAK,407377.535326443
4927,CIV,PAN,428307.665243051
4928,CIV,PER,324375.598385666
4929,CIV,PHL,278522.900164136
4930,CIV,POL,94457863.0440303
4931,CIV,PRK,117070.889777862
4932,CIV,PRT,11063544.7232856
4933,CIV,PRY,609.804555698295
4934,CIV,PSE,94880.3822320269
4935,CIV,PYF,93945.530607758
4936,CIV,QAT,437458.071744588
4937,CIV,ROU,2392524.72056886
4938,CIV,RUS,121525003.658383
4939,CIV,RWA,149490.503547976
4940,CIV,SAU,750194.985601657
4941,CIV,SDN,1163199.63224123
4942,CIV,SEN,126318486.107277
4943,CIV,SGP,13745654.5076723
4944,CIV,SLE,27650842.893723
4945,CIV,SLV,1440344.23913028
4946,CIV,SRB,6483836.01103767
4947,CIV,STP,28912.7997488812
4948,CIV,SVK,1688713.25640652
4949,CIV,SVN,1160366.92837903
4950,CIV,SWE,574892.902297738
4951,CIV,SYC,5087.14787875019
4952,CIV,SYR,1444219.40730632
4953,CIV,TCD,4164125.45223071
4954,CIV,TGO,47519682.9809322
4955,CIV,THA,1165536.5766476
4956,CIV,TTO,45100.8708699827
4957,CIV,TUN,18030458.5514122
4958,CIV,TUR,63433798.6126403
4959,CIV,TZA,477870.784375224
4960,CIV,UGA,1811135.93827753
4961,CIV,UKR,68122236.4377827
4962,CIV,USA,550744635.754985
4963,CIV,VCT,258837.614989926
4964,CIV,VEN,37811.3083215847
4965,CIV,VNM,49083923.749527
4966,CIV,VUT,323391.717104771
4967,CIV,YEM,33.5735092463106
4968,CIV,ZAF,18042738.2337125
4969,CIV,ZMB,561051.183702508
4970,CIV,ZWE,68587.6015901405
4971,CMR,AGO,2572405.70432061
4972,CMR,ALB,23717.2861747151
4973,CMR,AND,511.139548933627
4974,CMR,ARE,30860583.3319737
4975,CMR,ARM,38971.9924983857
4976,CMR,ATG,310.383667113851
4977,CMR,AUS,1199384.84053081
4978,CMR,AUT,5675020.02565309
4979,CMR,BDI,15539.7385654352
4980,CMR,BEL,127755589.892961
4981,CMR,BEN,2151158.19863349
4982,CMR,BFA,5665567.80769208
4983,CMR,BGD,4633678.71144417
4984,CMR,BGR,180296.596389269
4985,CMR,BIH,119430.56482034
4986,CMR,BLR,22062.5917904327
4987,CMR,BMU,32118.2003965318
4988,CMR,BOL,1575.21423994425
4989,CMR,BRA,2463799.51295074
4990,CMR,BRB,2746.17602161659
4991,CMR,BRN,1289.49682452156
4992,CMR,BWA,1227.83119529365
4993,CMR,CAF,13726381.2578439
4994,CMR,CAN,2743375.03170233
4995,CMR,CHE,1752094.51319731
4996,CMR,CHL,15441.4161454996
4997,CMR,CHN,272471476.563544
4998,CMR,CIV,22335497.4170071
4999,CMR,COD,3336305.13054923
5000,CMR,COG,37880887.0213899
5001,CMR,COL,171682.593159787
5002,CMR,COM,125741.01421133
5003,CMR,CRI,495725.197147622
5004,CMR,CYP,82760.0706394718
5005,CMR,CZE,11030543.5745398
5006,CMR,DEU,42412052.3276282
5007,CMR,DNK,987122.152297102
5008,CMR,DOM,2654544.65133555
5009,CMR,DZA,5349685.86931976
5010,CMR,EGY,911624.922433363
5011,CMR,ESP,364572601.041935
5012,CMR,EST,24115.522808269
5013,CMR,ETH,406647.133355184
5014,CMR,FIN,154743.044810878
5015,CMR,FJI,2137.05663957638
5016,CMR,FRA,191775982.153402
5017,CMR,FRO,54152.7000669828
5018,CMR,GAB,42899705.2719136
5019,CMR,GBR,117113749.445696
5020,CMR,GEO,16065.9519348468
5021,CMR,GHA,3418250.52970924
5022,CMR,GNQ,23132046.4650066
5023,CMR,GRC,41359659.6254917
5024,CMR,GRD,317.235403694731
5025,CMR,GRL,6297.36257412074
5026,CMR,GTM,10556.4705501614
5027,CMR,GUY,1227.14602163556
5028,CMR,HKG,4303608.63478614
5029,CMR,HND,127211.396881587
5030,CMR,HRV,596478.613222142
5031,CMR,HUN,3425.86829043986
5032,CMR,IDN,5643693.20083165
5033,CMR,IND,42076917.910467
5034,CMR,IRL,8270916.58955032
5035,CMR,ISR,337435.008308822
5036,CMR,ITA,347586248.439331
5037,CMR,JOR,114458.944757254
5038,CMR,JPN,3878708.46832775
5039,CMR,KEN,242373.329812039
5040,CMR,KOR,16002872.1071885
5041,CMR,KWT,132220.01632221
5042,CMR,LBN,944496.128680133
5043,CMR,LBR,430.974230937334
5044,CMR,LBY,105472.89223143
5045,CMR,LTU,128749.611743995
5046,CMR,LUX,2320171.35522137
5047,CMR,LVA,15525.3499186154
5048,CMR,MAR,2243698.72926732
5049,CMR,MDA,1965.0780513963
5050,CMR,MDG,869058.37463061
5051,CMR,MEX,1398551.80463748
5052,CMR,MKD,85958.4338684802
5053,CMR,MLI,990522.669162192
5054,CMR,MLT,460897.134933352
5055,CMR,MOZ,11031.2958952163
5056,CMR,MRT,4823.62255293932
5057,CMR,MUS,2651235.61885729
5058,CMR,MYS,30621313.8388328
5059,CMR,NAM,2170908.32932788
5060,CMR,NCL,53536.0437747037
5061,CMR,NER,5345263.0733568
5062,CMR,NGA,16811316.7284504
5063,CMR,NIC,1093.5371583084
5064,CMR,NLD,382491919.122076
5065,CMR,NOR,162820.522122221
5066,CMR,NZL,99374.161500789
5067,CMR,OMN,339154.794190623
5068,CMR,PAK,478314.934495606
5069,CMR,PER,11436.2335271463
5070,CMR,POL,6882255.58595827
5071,CMR,PRT,79813858.8535501
5072,CMR,PSE,45359.7452370024
5073,CMR,PYF,66300.8290248826
5074,CMR,QAT,76731.2276219558
5075,CMR,ROU,194542.124135415
5076,CMR,RUS,2155124.66894016
5077,CMR,RWA,81256.1144599687
5078,CMR,SAU,1985528.42956925
5079,CMR,SDN,226195.009397266
5080,CMR,SEN,16087484.8873995
5081,CMR,SGP,968254.525274333
5082,CMR,SLE,672534.944790881
5083,CMR,SLV,2777.08420533294
5084,CMR,SRB,241827.246406543
5085,CMR,STP,109696.302659884
5086,CMR,SVK,7313835.51040936
5087,CMR,SVN,3924822.02586439
5088,CMR,SWE,429229.093630184
5089,CMR,SWZ,1690.89347898656
5090,CMR,SYC,163730.533460689
5091,CMR,SYR,169192.672086295
5092,CMR,TCD,35917217.6870346
5093,CMR,TGO,25948234.2161803
5094,CMR,THA,6583652.79472158
5095,CMR,TTO,17238.2840638353
5096,CMR,TUN,3593503.56280132
5097,CMR,TUR,14499736.7657278
5098,CMR,TZA,5615527.76726863
5099,CMR,UGA,283312.455882795
5100,CMR,UKR,199796.638698453
5101,CMR,URY,112.368479926427
5102,CMR,USA,183390477.487155
5103,CMR,VCT,38.3697248529264
5104,CMR,VEN,106057.345361779
5105,CMR,VNM,35229236.1872958
5106,CMR,YEM,24338.7386826009
5107,CMR,ZAF,969901.682748377
5108,CMR,ZMB,1692.60024656885
5109,COD,AGO,950231.717371987
5110,COD,ARG,0.685173658087972
5111,COD,ARM,5762.31046451984
5112,COD,AUS,67730.1012756541
5113,COD,AUT,88281.1999763447
5114,COD,BDI,446806.538654773
5115,COD,BEL,160760665.369048
5116,COD,BEN,186498.103168623
5117,COD,BFA,885118.960970541
5118,COD,BGR,5427.94571937291
5119,COD,BIH,1537.52968874941
5120,COD,BLR,753.691023896769
5121,COD,BMU,6130.24871891308
5122,COD,BOL,1479.28992781193
5123,COD,BRA,3322286.47750475
5124,COD,BWA,190174.059844265
5125,COD,CAF,1298441.7666279
5126,COD,CAN,355913.456693797
5127,COD,CHE,491306.255286491
5128,COD,CHN,778663967.53938
5129,COD,CIV,914948.471685919
5130,COD,COG,9649800.80362331
5131,COD,CRI,240450.732527444
5132,COD,CYP,376907.86275127
5133,COD,CZE,667604.43514728
5134,COD,DEU,14979016.4672148
5135,COD,DNK,435503.228817296
5136,COD,DOM,160.529336353431
5137,COD,DZA,1072.29677490768
5138,COD,ECU,29604.298245007
5139,COD,EGY,112196.498597553
5140,COD,ESP,2483007.49450678
5141,COD,EST,109277.545075271
5142,COD,FIN,69833186.3200888
5143,COD,FRA,19509589.5189355
5144,COD,GAB,19440.43220093
5145,COD,GBR,36124436.8119711
5146,COD,GRC,933438.796185909
5147,COD,GTM,699830.89298179
5148,COD,HKG,725196.706977864
5149,COD,HRV,12505.7896074217
5150,COD,HUN,17814.5151102873
5151,COD,IND,94380823.4882622
5152,COD,IRL,58072.1147023376
5153,COD,ITA,9242116.94496885
5154,COD,JPN,3842613.52001968
5155,COD,KAZ,54969.4270674237
5156,COD,KEN,7804049.85582498
5157,COD,KOR,15654793.611275
5158,COD,LTU,44323.8839417109
5159,COD,LUX,1244.27536308776
5160,COD,MAR,4564071.47415614
5161,COD,MDG,1134138.42798905
5162,COD,MLT,24204.4446456157
5163,COD,MWI,41440.7485575791
5164,COD,MYS,9887.74105986752
5165,COD,NAM,2959667.22621925
5166,COD,NER,70733.2174190537
5167,COD,NIC,163.756504283025
5168,COD,NLD,11485012.4102129
5169,COD,NOR,13744844.7495731
5170,COD,NZL,46793.2498054599
5171,COD,PAK,59257.9289933963
5172,COD,PER,685.173658087972
5173,COD,POL,14178461.578145
5174,COD,PRT,17793261.0234134
5175,COD,PRY,1759.52595396991
5176,COD,ROU,190679.368565368
5177,COD,RUS,1906356.61337719
5178,COD,RWA,4107746.26323243
5179,COD,SAU,12975554.259838
5180,COD,SDN,371601.755296952
5181,COD,SEN,40029.2154528155
5182,COD,SGP,194426.932740017
5183,COD,SRB,18706.6112131178
5184,COD,SVK,24998.5609153396
5185,COD,SVN,1170421.17965611
5186,COD,SWE,82488.741870869
5187,COD,TGO,224412.918619214
5188,COD,TTO,680.377442481356
5189,COD,TUR,4232832.93660028
5190,COD,TZA,852059.350467485
5191,COD,UGA,2977681.12686404
5192,COD,UKR,481316.68029169
5193,COD,USA,232241193.474895
5194,COD,VCT,8143.28892637554
5195,COD,ZAF,6986184.78193803
5196,COD,ZMB,327966755.90701
5197,COD,ZWE,2445984.44284979
5198,COG,AGO,652938806.87615
5199,COG,ARE,68755060.0876981
5200,COG,ARG,119537.451911002
5201,COG,ATG,5660.21958946473
5202,COG,AUS,459315.754130485
5203,COG,AUT,297251.628782937
5204,COG,AZE,74615.4113657801
5205,COG,BEL,8138015.8299029
5206,COG,BEN,1775339.76199858
5207,COG,BFA,1342229.92219361
5208,COG,BGD,7728.07368957423
5209,COG,BGR,409417.982480229
5210,COG,BHR,22166.053012804
5211,COG,BIH,27321.984789916
5212,COG,BLR,11784.9869191131
5213,COG,BMU,119812.891721553
5214,COG,BOL,383.697248529264
5215,COG,BRA,137093680.533268
5216,COG,BRN,31251.4557190505
5217,COG,BWA,133.608863327154
5218,COG,CAF,514778.506231732
5219,COG,CAN,54508341.5097344
5220,COG,CHE,27648718.0708591
5221,COG,CHL,1740.49182974823
5222,COG,CHN,1229043747.80154
5223,COG,CIV,44135372.1131611
5224,COG,CMR,27417241.0577316
5225,COG,COD,7415002.77137336
5226,COG,COL,122552.901180247
5227,COG,CRI,7369898.47463509
5228,COG,CYP,49853.2353624808
5229,COG,CZE,464363.428469619
5230,COG,DEU,41693365.9187532
5231,COG,DNK,13552339.6117794
5232,COG,DOM,5516862.76050396
5233,COG,DZA,1476253.23815928
5234,COG,ECU,20438.0450471061
5235,COG,EGY,555625.133858646
5236,COG,ESP,70034919.259545
5237,COG,EST,2307.767656489
5238,COG,ETH,56559.518483006
5239,COG,FIN,84118.0848298022
5240,COG,FRA,735520059.523987
5241,COG,FRO,34823.2659986631
5242,COG,GAB,236504927.058301
5243,COG,GBR,35139609.9914286
5244,COG,GHA,11905162.2676998
5245,COG,GNQ,26744841.0921514
5246,COG,GRC,8696359.73283684
5247,COG,HKG,2327135.46028217
5248,COG,HRV,35597.5122323025
5249,COG,HUN,82906.0126286446
5250,COG,IDN,362541.82666214
5251,COG,IND,308321320.439605
5252,COG,IRL,8028887.53620557
5253,COG,ISR,118059.532330506
5254,COG,ITA,56598236.9612509
5255,COG,JOR,236212.248278512
5256,COG,JPN,1103293.34602592
5257,COG,KEN,360691.857785302
5258,COG,KOR,114332950.228789
5259,COG,KWT,83463.0588126701
5260,COG,LBN,10052756.9133341
5261,COG,LBY,5385.46495257146
5262,COG,LKA,3769.14029314193
5263,COG,LTU,5571.1470139133
5264,COG,LUX,214610.778359973
5265,COG,MAR,5054877.56980157
5266,COG,MDA,34771.1928006484
5267,COG,MDG,33282.9449124306
5268,COG,MEX,22381043.3773705
5269,COG,MKD,8654.50384441156
5270,COG,MLT,15293080.8447391
5271,COG,MNE,273.384289577101
5272,COG,MOZ,92603.9605852217
5273,COG,MRT,266722.346099511
5274,COG,MUS,425102.29268752
5275,COG,MWI,6438.84750864762
5276,COG,MYS,18603604.9460555
5277,COG,NAM,1170650.71283157
5278,COG,NER,116280.82151411
5279,COG,NGA,7551828.52502524
5280,COG,NLD,189588140.442288
5281,COG,NOR,5329428.90539288
5282,COG,NZL,645239.68177363
5283,COG,OMN,360948.797907085
5284,COG,PAK,241140.702401139
5285,COG,POL,2385550.62567612
5286,COG,PRK,55965.6695662836
5287,COG,PRT,147515748.789006
5288,COG,PSE,50282.8721344376
5289,COG,ROU,827920.977117718
5290,COG,RUS,2548236.20353156
5291,COG,RWA,10953.1860981943
5292,COG,SAU,3997552.52449677
5293,COG,SDN,881199.332561004
5294,COG,SEN,2970118.18002606
5295,COG,SGP,154980645.906161
5296,COG,SLV,5662489.3299832
5297,COG,SRB,125074.340242011
5298,COG,SVK,31610.4867158886
5299,COG,SVN,11496.5288090581
5300,COG,SWE,41555.0971893774
5301,COG,SYC,348434.049654084
5302,COG,TCD,6106702.04097923
5303,COG,TGO,2623523.08508226
5304,COG,THA,42995964.6339647
5305,COG,TTO,145931794.473879
5306,COG,TUN,1262087.82267707
5307,COG,TUR,5379443.64646418
5308,COG,TZA,1269050.55739056
5309,COG,UGA,325883.665607117
5310,COG,UKR,107435.914761852
5311,COG,USA,2184802428.7641
5312,COG,VCT,15.0738204779354
5313,COG,VEN,19169.1034323272
5314,COG,VNM,2920833.6387998
5315,COG,ZAF,26339940.4595989
5316,COG,ZMB,782.889699336188
5317,COG,ZWE,42733.7603229666
5318,COK,AGO,39964.8091289552
5319,COK,ALB,14082.3741946821
5320,COK,AUS,55894.4115058425
5321,COK,AUT,14730.5484752333
5322,COK,BEL,10584.562670143
5323,COK,BGR,82842.2914784424
5324,COK,BIH,140.460599908034
5325,COK,BRA,95.2391384742281
5326,COK,CAN,27980.4366753385
5327,COK,CHE,4157.10206251914
5328,COK,CHL,3468.34905724131
5329,COK,CHN,426068.387545424
5330,COK,COL,104826.773471853
5331,COK,CZE,30360.7299635361
5332,COK,DEU,38271.3469339245
5333,COK,ESP,608.926848242284
5334,COK,FJI,176668.601869693
5335,COK,FRA,956697.701183364
5336,COK,GBR,64121.2916185047
5337,COK,HRV,8285.11987359975
5338,COK,HUN,71258.0604411491
5339,COK,IDN,2040853.46176523
5340,COK,IRL,282244.086523296
5341,COK,JPN,5890411.21680963
5342,COK,KOR,58652.9206533046
5343,COK,LUX,55.4990663051257
5344,COK,MEX,4605.73732966735
5345,COK,MUS,415307.050071495
5346,COK,NGA,2301.4983175175
5347,COK,NLD,22937.558551811
5348,COK,NOR,8715.12869485284
5349,COK,NZL,2011636.28663704
5350,COK,PAK,777.672101929848
5351,COK,PHL,1367.60662154359
5352,COK,POL,259376.59931115
5353,COK,PYF,1220.29428505468
5354,COK,SRB,10730.5046593157
5355,COK,SVN,4.7962156066158
5356,COK,SWE,33031.536882763
5357,COK,SYC,5878.7228393763
5358,COK,THA,159477.594788266
5359,COK,TTO,5244.31917900534
5360,COK,TZA,97729.7447213779
5361,COK,USA,665034.348755792
5362,COK,YEM,132.238516010979
5363,COK,ZAF,19000.5507124375
5364,COL,ABW,28408914.8186394
5365,COL,AFG,1847394.67940409
5366,COL,AGO,8640145.34523267
5367,COL,AIA,50082.7685379403
5368,COL,ALB,956014.58304625
5369,COL,AND,381621.172345258
5370,COL,ARE,6376845.45915358
5371,COL,ARG,74537288.5504586
5372,COL,ARM,1028070.87079907
5373,COL,ATG,2023403.45904104
5374,COL,AUS,16865438.5957028
5375,COL,AUT,15358489.5776612
5376,COL,AZE,2041220.71484596
5377,COL,BEL,518332321.110389
5378,COL,BEN,224387.52128723
5379,COL,BFA,322176.190943203
5380,COL,BGD,291403.671611156
5381,COL,BGR,3456447.59080032
5382,COL,BHR,772090.677311063
5383,COL,BHS,1742701.51479556
5384,COL,BIH,4295026.14954493
5385,COL,BLR,4382576.26922809
5386,COL,BLZ,1039763.35927434
5387,COL,BMU,181018.084251236
5388,COL,BOL,67740089.7372417
5389,COL,BRA,422066562.277996
5390,COL,BRB,50563478.1543709
5391,COL,BRN,7171.7126792068
5392,COL,BWA,56.8694136213017
5393,COL,CAF,4953.80554797604
5394,COL,CAN,441947917.431378
5395,COL,CHE,711372071.132277
5396,COL,CHL,952263102.843779
5397,COL,CHN,667921367.019044
5398,COL,CIV,50395568.010893
5399,COL,CMR,1926842.62058036
5400,COL,COD,65790.374649607
5401,COL,COG,1129535.49713069
5402,COL,CRI,216589908.637923
5403,COL,CUB,24434504.7196182
5404,COL,CYM,220994.541332378
5405,COL,CYP,45815437.7928289
5406,COL,CZE,17082407.7417939
5407,COL,DEU,768191600.615514
5408,COL,DMA,1665228.92927555
5409,COL,DNK,120042990.165281
5410,COL,DOM,395714307.998004
5411,COL,DZA,264620.918490156
5412,COL,ECU,1053727599.25277
5413,COL,EGY,2142409.90136702
5414,COL,ERI,68.5173658087972
5415,COL,ESP,384032498.792162
5416,COL,EST,5940332.83935492
5417,COL,ETH,453099.131049886
5418,COL,FIN,26346247.4831216
5419,COL,FJI,148538.112163233
5420,COL,FRA,297259952.957709
5421,COL,FRO,436627.598790218
5422,COL,FSM,2859.91484885919
5423,COL,GAB,1980136.1128801
5424,COL,GBR,596822390.19783
5425,COL,GEO,500002.051121407
5426,COL,GHA,1571891.83287618
5427,COL,GIB,33611.1937975055
5428,COL,GIN,188574.17935263
5429,COL,GMB,19372.6000087793
5430,COL,GNQ,51334.580811267
5431,COL,GRC,12113359.8206201
5432,COL,GRD,1126195.27554751
5433,COL,GRL,252631.09205422
5434,COL,GTM,211331520.103022
5435,COL,GUY,11047176.1650898
5436,COL,HKG,43371878.9949118
5437,COL,HND,85838170.8176652
5438,COL,HRV,16543107.5555129
5439,COL,HTI,41916914.7874829
5440,COL,HUN,784088.068064184
5441,COL,IDN,14303979.2257438
5442,COL,IND,307734863.86148
5443,COL,IRL,68287543.490054
5444,COL,IRN,907314.494950331
5445,COL,IRQ,243512.773605439
5446,COL,ISL,466501.170282854
5447,COL,ISR,118519867.62304
5448,COL,ITA,421390805.836458
5449,COL,JAM,39371228.8003068
5450,COL,JOR,1837680.28727972
5451,COL,JPN,265672264.024946
5452,COL,KAZ,2175119.40663049
5453,COL,KEN,959208.177466598
5454,COL,KGZ,11721.950942569
5455,COL,KHM,37855.1594357023
5456,COL,KIR,137.034731617594
5457,COL,KNA,534307.325834555
5458,COL,KOR,85590486.0216557
5459,COL,KWT,939672.506127194
5460,COL,LBN,5073778.77033358
5461,COL,LBR,485009.766308784
5462,COL,LBY,6421507.13370872
5463,COL,LCA,5405932.46008586
5464,COL,LKA,19178032.6154394
5465,COL,LTU,8915056.88689365
5466,COL,LUX,5885109.34304334
5467,COL,LVA,896786.801693809
5468,COL,MAC,206760.449134586
5469,COL,MAR,84777144.663645
5470,COL,MDA,553877.941030522
5471,COL,MDG,100286.812813362
5472,COL,MEX,424175868.699246
5473,COL,MKD,723616.98429525
5474,COL,MLI,12361.2179655651
5475,COL,MLT,134778.454761511
5476,COL,MNE,74619.5224077286
5477,COL,MNG,26310.6684705781
5478,COL,MOZ,1810773.5177266
5479,COL,MRT,145450.034486231
5480,COL,MSR,39798.9971036979
5481,COL,MUS,89487.1056145795
5482,COL,MWI,209730.97156707
5483,COL,MYS,5269353.3689509
5484,COL,NCL,49638.7760074993
5485,COL,NER,38679.4233463822
5486,COL,NGA,6603404.98093695
5487,COL,NIC,12170279.2519184
5488,COL,NLD,921277881.88755
5489,COL,NOR,40091879.3053793
5490,COL,NPL,83.5911862867326
5491,COL,NZL,6172597.93237218
5492,COL,OMN,6819412.82838576
5493,COL,PAK,7862203.97005519
5494,COL,PAN,223779168.614513
5495,COL,PER,649013908.79601
5496,COL,PHL,5216619.66352981
5497,COL,PLW,1787.61807395152
5498,COL,POL,74802807.0464408
5499,COL,PRK,68762.6579783927
5500,COL,PRT,122373787.193592
5501,COL,PRY,5740952.23124992
5502,COL,PSE,632265.874706621
5503,COL,PYF,164689.025631683
5504,COL,QAT,90658.75256991
5505,COL,ROU,12736470.668014
5506,COL,RUS,80928913.8905908
5507,COL,RWA,140118.01307899
5508,COL,SAU,4046523.94136129
5509,COL,SDN,252999.688075325
5510,COL,SEN,785564.617297363
5511,COL,SGP,71617845.129011
5512,COL,SLV,65224095.4764693
5513,COL,SRB,1428371.24741112
5514,COL,STP,3988.39586373008
5515,COL,SUR,15581733.5441131
5516,COL,SVK,10247255.1041346
5517,COL,SVN,12154205.0778997
5518,COL,SWE,33333220.2147665
5519,COL,SYC,128172.857910041
5520,COL,SYR,10596291.4728221
5521,COL,TCA,643069.736798466
5522,COL,TGO,225335.801630024
5523,COL,THA,15757603.9186711
5524,COL,TON,878.39262966878
5525,COL,TTO,472669592.08178
5526,COL,TUN,10877503.1862692
5527,COL,TUR,262410743.543656
5528,COL,TZA,1431877.28101956
5529,COL,UGA,1882401.57194312
5530,COL,UKR,9730430.66935979
5531,COL,URY,8215340.41791276
5532,COL,USA,8991853014.84967
5533,COL,VCT,1970307.29675483
5534,COL,VEN,3026789016.61778
5535,COL,VGB,65984039.6692393
5536,COL,VNM,7855621.50672194
5537,COL,YEM,4920345.09238331
5538,COL,ZAF,23251355.0689158
5539,COL,ZMB,925829.942712842
5540,COL,ZWE,753555.359512467
5541,COM,ARE,1215568.64233484
5542,COM,ARG,9055.94023894872
5543,COM,AUS,2265.18411363883
5544,COM,AUT,16415.3905004716
5545,COM,BEL,132126.83270471
5546,COM,BGD,32667.0244966602
5547,COM,BGR,4707.82820472245
5548,COM,BIH,643.378064944605
5549,COM,BRA,11234.7924716685
5550,COM,CAN,53146.8651369097
5551,COM,CMR,5071.65541716717
5552,COM,COL,1086.00024806944
5553,COM,CRI,5858.23477665216
5554,COM,CZE,21925.5570588151
5555,COM,DEU,945795.811296256
5556,COM,DOM,59582.358720501
5557,COM,DZA,5732.84799722206
5558,COM,EGY,138688.32903885
5559,COM,ESP,23226.6477068052
5560,COM,FIN,182.2561930514
5561,COM,FRA,4521964.57236122
5562,COM,GBR,30159.2889080582
5563,COM,GRC,946969.605585831
5564,COM,HKG,13788.4346953623
5565,COM,HRV,4371.40793860126
5566,COM,IND,308155.482377749
5567,COM,IRL,95210.3241812108
5568,COM,JPN,12610.5046975872
5569,COM,KEN,12565.9231883501
5570,COM,KWT,972.672525021685
5571,COM,MDA,3871.83549136347
5572,COM,MDG,365783.566179921
5573,COM,MEX,35370.7197514754
5574,COM,MUS,282929.583583351
5575,COM,MYS,22607.9900222707
5576,COM,NLD,630781.832414316
5577,COM,NOR,8266.75996025763
5578,COM,NZL,5893.86380687273
5579,COM,PAK,49107.081248823
5580,COM,POL,117770.389046793
5581,COM,PYF,2883.21075323418
5582,COM,RUS,67397.7920514814
5583,COM,SAU,145452.090007205
5584,COM,SDN,55686.1748980237
5585,COM,SEN,291.801757506505
5586,COM,SGP,3772000.89316445
5587,COM,SLV,1283.83729010576
5588,COM,SVK,17076.5830805265
5589,COM,SVN,293.93949931974
5590,COM,SYC,15400.8189210842
5591,COM,SYR,9194.34531788249
5592,COM,THA,4061.02427148741
5593,COM,TUN,389.069010008674
5594,COM,TUR,5552141.66698525
5595,COM,TZA,32381.400264855
5596,COM,UKR,43372.1777306267
5597,COM,USA,783380.283675379
5598,COM,VEN,3877.39773111983
5599,COM,VNM,233441.406005204
5600,COM,YEM,114981.047084717
5601,COM,ZAF,134559.199190922
5602,CPV,AGO,779603.606471998
5603,CPV,AUS,168299.205636148
5604,CPV,AUT,10420.1209922019
5605,CPV,BEL,6275.50553442773
5606,CPV,BGR,5693.10792505296
5607,CPV,BIH,1145.61035632309
5608,CPV,BLZ,3782.07637180663
5609,CPV,BMU,1551.91833556926
5610,CPV,BOL,348.753391966778
5611,CPV,BRA,396408.590234112
5612,CPV,BRB,7.53691023896769
5613,CPV,CAN,782572.463932493
5614,CPV,CHE,28277.991836052
5615,CPV,CHL,10111.2858175553
5616,CPV,CIV,2181398.3380332
5617,CPV,COL,18287.284934368
5618,CPV,CRI,978.427983749624
5619,CPV,CZE,12643.5095126973
5620,CPV,DEU,6643996.03878939
5621,CPV,DNK,119959.518884384
5622,CPV,DOM,13598.8608476426
5623,CPV,DZA,1113610.00579575
5624,CPV,ESP,21886114.3520136
5625,CPV,EST,8997.70047801124
5626,CPV,ETH,22.6121010642192
5627,CPV,FRA,5887625.9858895
5628,CPV,FRO,6.85173658087972
5629,CPV,GBR,325503.394226878
5630,CPV,GIN,8279.63848433505
5631,CPV,GRC,5769332.12416793
5632,CPV,IDN,31937.9997244546
5633,CPV,IND,85882.4069993787
5634,CPV,IRL,792958.738031159
5635,CPV,ISL,4789.36387003492
5636,CPV,ITA,83597.3528496553
5637,CPV,JPN,40758.2402250211
5638,CPV,KHM,2010.9846864882
5639,CPV,KOR,37322.779503368
5640,CPV,LBN,1495.04892194795
5641,CPV,LVA,818.097347757038
5642,CPV,MAR,1227.14602163556
5643,CPV,MEX,740.672724393097
5644,CPV,MOZ,6670.1655614864
5645,CPV,MYS,67291.5901344778
5646,CPV,NER,10373.5291834519
5647,CPV,NGA,85294.5280007392
5648,CPV,NLD,15609289.8582941
5649,CPV,NZL,1325.81102840023
5650,CPV,PER,2862.65554349155
5651,CPV,POL,18343.4691743312
5652,CPV,PRT,21064950.8521366
5653,CPV,RUS,240.495953988878
5654,CPV,SDN,108.066274527293
5655,CPV,SEN,240856.355333032
5656,CPV,SGP,74681.8732106146
5657,CPV,SLV,1518642.30817008
5658,CPV,SRB,37.6845511948384
5659,CPV,STP,13528.753878947
5660,CPV,SVK,6165.19257547557
5661,CPV,SWE,49046.7859669113
5662,CPV,SYC,3040.59240180236
5663,CPV,THA,3862.3239106419
5664,CPV,TUR,818.097347757038
5665,CPV,UKR,230.903522775646
5666,CPV,USA,573833.623822334
5667,CPV,ZAF,56720.0457638385
5668,CPV,ZMB,55.4990663051257
5669,CRI,ABW,4104721.22153197
5670,CRI,AFG,18043.3631120886
5671,CRI,AGO,174401.36223508
5672,CRI,AIA,14760.0109425311
5673,CRI,ALB,70060.3768868113
5674,CRI,AND,21103.3486691095
5675,CRI,ARE,3309050.97795147
5676,CRI,ARG,20108824.5857841
5677,CRI,ARM,353803.121826886
5678,CRI,ATG,765195.089616066
5679,CRI,AUS,51087798.3889652
5680,CRI,AUT,66536922.0529446
5681,CRI,AZE,237565.466253236
5682,CRI,BEL,357582997.420903
5683,CRI,BEN,735.876508786482
5684,CRI,BGD,640991.605093485
5685,CRI,BGR,1917252.2448881
5686,CRI,BHR,288526.627420845
5687,CRI,BHS,9522577.07361588
5688,CRI,BIH,669263.240573511
5689,CRI,BLR,5624316.48978092
5690,CRI,BLZ,5351724.94612623
5691,CRI,BMU,933965.694728979
5692,CRI,BOL,950662.006429267
5693,CRI,BRA,212355663.558413
5694,CRI,BRB,5003079.81159743
5695,CRI,CAN,215948031.788463
5696,CRI,CHE,37296098.1079862
5697,CRI,CHL,116788087.409101
5698,CRI,CHN,1813276008.99602
5699,CRI,CIV,104332.763264372
5700,CRI,CMR,6971533.71360713
5701,CRI,COG,51471.6155428846
5702,CRI,COL,37209607.3147406
5703,CRI,CPV,4747.56827689156
5704,CRI,CUB,6903083.49481683
5705,CRI,CYM,649757.031701404
5706,CRI,CYP,160000.382289387
5707,CRI,CZE,44966538.4632726
5708,CRI,DEU,331538615.192983
5709,CRI,DMA,476733.553692739
5710,CRI,DNK,1885220.37637249
5711,CRI,DOM,142544990.148168
5712,CRI,DZA,1975134.34517606
5713,CRI,ECU,19219122.4797149
5714,CRI,EGY,98297.7536839328
5715,CRI,ESP,75098817.1172594
5716,CRI,EST,1718567.75951625
5717,CRI,ETH,104864.837609254
5718,CRI,FIN,20938998.1192649
5719,CRI,FJI,385.06759584544
5720,CRI,FRA,134333246.733
5721,CRI,FRO,226275.174715262
5722,CRI,GBR,268710506.966275
5723,CRI,GHA,277282.927691621
5724,CRI,GIB,171.293414521993
5725,CRI,GRC,8449525.23733699
5726,CRI,GRD,410288.153026
5727,CRI,GRL,5502.24595085597
5728,CRI,GTM,214740363.883579
5729,CRI,GUY,3557492.89085319
5730,CRI,HKG,427194559.525067
5731,CRI,HND,191574804.889782
5732,CRI,HRV,2710871.07853629
5733,CRI,HTI,7615829.22607992
5734,CRI,HUN,1341796.81501708
5735,CRI,IDN,4278636.11046981
5736,CRI,IND,63228035.5166711
5737,CRI,IRL,54671003.564893
5738,CRI,IRN,6582239.28146495
5739,CRI,IRQ,4254.9284167263
5740,CRI,ISL,2250902.35390965
5741,CRI,ISR,3607970.31941819
5742,CRI,ITA,104790800.484456
5743,CRI,JAM,35024263.7467842
5744,CRI,JOR,259939.12688444
5745,CRI,JPN,224157902.465063
5746,CRI,KAZ,720001.720302241
5747,CRI,KEN,112443.163855159
5748,CRI,KGZ,39145.341433882
5749,CRI,KHM,83913.2179060339
5750,CRI,KNA,285015.797596802
5751,CRI,KOR,94366362.2130346
5752,CRI,KWT,45464.6980824274
5753,CRI,LBN,3150472.33100261
5754,CRI,LBY,468453.915208404
5755,CRI,LCA,1209113.621302
5756,CRI,LKA,493783.415000601
5757,CRI,LTU,404032.517527657
5758,CRI,LUX,1387710.98701921
5759,CRI,LVA,112071.799732475
5760,CRI,MAC,55271.5886506405
5761,CRI,MAR,2378377.73655374
5762,CRI,MDA,396320.202832219
5763,CRI,MDG,1038.03809200328
5764,CRI,MDV,5658.84924214856
5765,CRI,MEX,632636720.152845
5766,CRI,MKD,467204.953257495
5767,CRI,MLT,9965.85085688955
5768,CRI,MMR,77125.8876490144
5769,CRI,MNE,110730.229709939
5770,CRI,MOZ,16230.3936127879
5771,CRI,MSR,11990.5390165395
5772,CRI,MUS,168414.999984365
5773,CRI,MYS,519482224.764853
5774,CRI,NCL,145440.442055018
5775,CRI,NER,2470.05103740714
5776,CRI,NGA,27313.0775323608
5777,CRI,NIC,227679879.379349
5778,CRI,NLD,1496609816.05844
5779,CRI,NOR,27088702.7189894
5780,CRI,NZL,2944940.78878596
5781,CRI,OMN,547745.636790635
5782,CRI,PAK,414173.087667359
5783,CRI,PAN,311913032.958465
5784,CRI,PER,15236780.8104277
5785,CRI,PHL,1689601.92664106
5786,CRI,PNG,31596.0980690687
5787,CRI,POL,32375165.1845664
5788,CRI,PRK,20160388.0145972
5789,CRI,PRT,47840249.968911
5790,CRI,PRY,240289.031544136
5791,CRI,PSE,740817.287127696
5792,CRI,PYF,89130.1301387157
5793,CRI,QAT,220572.474358996
5794,CRI,ROU,1327724.45120954
5795,CRI,RUS,39757300.860735
5796,CRI,SAU,10221469.2786861
5797,CRI,SEN,667.359142977684
5798,CRI,SGP,181613485.086293
5799,CRI,SLV,145476049.851706
5800,CRI,SRB,2648359.94501429
5801,CRI,STP,5519.07381589861
5802,CRI,SUR,9895458.17077857
5803,CRI,SVK,21496059.3771109
5804,CRI,SVN,3273528.83482155
5805,CRI,SWE,31688503.3292931
5806,CRI,SWZ,4.7962156066158
5807,CRI,SYC,7746.50760167143
5808,CRI,SYR,5082305.75650849
5809,CRI,TCA,50.0176770404219
5810,CRI,TGO,874.118516389627
5811,CRI,THA,22672407.9940832
5812,CRI,TTO,26074466.4999045
5813,CRI,TUN,781955.807640214
5814,CRI,TUR,41420296.8090588
5815,CRI,TZA,82825.8473106483
5816,CRI,UGA,19252.0094449558
5817,CRI,UKR,5682498.01095746
5818,CRI,URY,1662314.88570771
5819,CRI,USA,3976248206.85683
5820,CRI,VAT,76596.9335849705
5821,CRI,VCT,408187.410590303
5822,CRI,VEN,34394706.3196968
5823,CRI,VGB,50.0176770404219
5824,CRI,VNM,17110197.7001923
5825,CRI,WSM,249.403211544022
5826,CRI,YEM,587.87899863948
5827,CRI,ZAF,21410849.8106438
5828,CRI,ZMB,158218.2456047
5829,CUB,AGO,7901803.58162439
5830,CUB,ALB,88007.1305131095
5831,CUB,AND,1679930.20028038
5832,CUB,ARE,1450816.85127643
5833,CUB,ARG,2539727.71704542
5834,CUB,ARM,36036.7085471369
5835,CUB,AUS,3798968.64317313
5836,CUB,AUT,2821100.44630217
5837,CUB,AZE,5560.86940904198
5838,CUB,BEL,12136900.331991
5839,CUB,BFA,4496.61177666465
5840,CUB,BGR,7743294.82238866
5841,CUB,BHR,342110.633351615
5842,CUB,BHS,3119708.71892812
5843,CUB,BIH,9086.77305356268
5844,CUB,BLR,597197.360389476
5845,CUB,BLZ,25586.4570433206
5846,CUB,BMU,11070.3507937274
5847,CUB,BOL,1766909.38530947
5848,CUB,BRA,43516478.7288883
5849,CUB,BRB,129405.322934785
5850,CUB,BRN,172.663761838169
5851,CUB,BWA,245.977343253582
5852,CUB,CAN,301482030.038225
5853,CUB,CHE,19500658.9312173
5854,CUB,CHL,3690005.21870211
5855,CUB,CHN,393590678.586015
5856,CUB,CIV,198378.076397131
5857,CUB,CMR,148.68268380509
5858,CUB,COL,5648031.03526101
5859,CUB,CPV,17036.8430083574
5860,CUB,CRI,621175.697727923
5861,CUB,CYP,22864251.8221322
5862,CUB,CZE,3566246.66950892
5863,CUB,DEU,40652774.3660973
5864,CUB,DMA,130206.29094109
5865,CUB,DNK,19986109.2984469
5866,CUB,DOM,14154160.2513145
5867,CUB,DZA,1102557.46951713
5868,CUB,ECU,2172461.61801076
5869,CUB,EGY,93151.3471910155
5870,CUB,ESP,112926991.621538
5871,CUB,EST,28468406.8440648
5872,CUB,ETH,79449.6349255574
5873,CUB,FIN,5949885.66067898
5874,CUB,FRA,24363449.4705799
5875,CUB,FRO,20457.9150831907
5876,CUB,GBR,12843968.0291495
5877,CUB,GEO,135556.812037099
5878,CUB,GHA,1654299.72425539
5879,CUB,GRC,2146298.94705033
5880,CUB,GRD,12332.4406719254
5881,CUB,GRL,6128.33023267044
5882,CUB,GTM,1809899.23613888
5883,CUB,GUY,1317828.07010984
5884,CUB,HKG,13953083.2957482
5885,CUB,HRV,4819763.65489697
5886,CUB,HUN,144571.641856562
5887,CUB,IDN,870182.193723912
5888,CUB,IND,986200.593726974
5889,CUB,IRL,153270.01531478
5890,CUB,ISL,66731.8032558199
5891,CUB,ISR,992131.456911383
5892,CUB,ITA,21627197.1588995
5893,CUB,JAM,2736228.67044847
5894,CUB,JOR,48909.7512352937
5895,CUB,JPN,9385255.25423554
5896,CUB,KAZ,9003745.0800229
5897,CUB,KGZ,18757.9992374744
5898,CUB,KHM,8281.69400530931
5899,CUB,KNA,17254.0430579713
5900,CUB,KOR,5793063.1138158
5901,CUB,LBN,2562894.80877269
5902,CUB,LCA,207.607618400655
5903,CUB,LTU,24801.9160754684
5904,CUB,LUX,2093519.33499416
5905,CUB,LVA,3665.94217745535
5906,CUB,MAC,5489084.12048923
5907,CUB,MAR,2513205.47859718
5908,CUB,MDA,200185.817336247
5909,CUB,MDG,335.024567379669
5910,CUB,MEX,8974817.04817842
5911,CUB,MKD,990651.337923445
5912,CUB,MLT,78872.3953034807
5913,CUB,MNE,121806.061892931
5914,CUB,MUS,112557.58785606
5915,CUB,MYS,719918.129115955
5916,CUB,NAM,117.164695533043
5917,CUB,NCL,118084.198582197
5918,CUB,NER,4458.42499317843
5919,CUB,NGA,124194.577265026
5920,CUB,NIC,2044991.22548642
5921,CUB,NLD,65736094.5072397
5922,CUB,NOR,904884.861621841
5923,CUB,NZL,576837.425139392
5924,CUB,PAK,452032.35814501
5925,CUB,PAN,26717351.9249889
5926,CUB,PER,577585.634774024
5927,CUB,PHL,1954436.61931254
5928,CUB,POL,1762866.17555309
5929,CUB,PRT,18550736.9465974
5930,CUB,PRY,438541.973990916
5931,CUB,PYF,33126.7760212373
5932,CUB,ROU,530837.544764369
5933,CUB,RUS,47603544.3955987
5934,CUB,SAU,1212038.62764838
5935,CUB,SEN,297799.082535749
5936,CUB,SGP,2311486.09393145
5937,CUB,SLV,174098.481219522
5938,CUB,SRB,1108177.26386077
5939,CUB,SUR,182392.54260936
5940,CUB,SVK,895811.114404692
5941,CUB,SVN,566543.376100278
5942,CUB,SWE,703499.312747193
5943,CUB,SWZ,2343.0301188025
5944,CUB,SYC,16730.4066266878
5945,CUB,SYR,2559253.11077995
5946,CUB,THA,830595.600454221
5947,CUB,TON,857.152246268053
5948,CUB,TTO,889159.448531974
5949,CUB,TUN,567021.627313624
5950,CUB,TUR,1132269.34002646
5951,CUB,UKR,2329761.04573997
5952,CUB,URY,136186.486628881
5953,CUB,USA,19155.3999591654
5954,CUB,VCT,907805.76446318
5955,CUB,VEN,176479415.830264
5956,CUB,VNM,2432276.04328943
5957,CUB,YEM,13836.3968514285
5958,CUB,ZAF,2138253.63795706
5959,CYM,AGO,65590.3039414454
5960,CYM,AUS,554411.006136515
5961,CYM,AUT,4078.15361293961
5962,CYM,BEL,7785.62827685362
5963,CYM,BGR,213.774181323447
5964,CYM,BIH,1231.25706358409
5965,CYM,BLZ,3305.86012422575
5966,CYM,BMU,511364.28589348
5967,CYM,BOL,14.3886468198474
5968,CYM,BRA,231938.820173017
5969,CYM,BRB,151601.523588545
5970,CYM,CAN,388343.411104759
5971,CYM,CHE,16377887.4915189
5972,CYM,CHL,18690.9200511739
5973,CYM,COL,1344376.49383978
5974,CYM,CRI,8988198.48972088
5975,CYM,CZE,27488.4819888313
5976,CYM,DEU,1238384.52295224
5977,CYM,DNK,216226.417845744
5978,CYM,DOM,653.46382119166
5979,CYM,ESP,1593704.89606829
5980,CYM,FIN,240.495953988878
5981,CYM,FRA,86459386.2554653
5982,CYM,FRO,296.680193952092
5983,CYM,GBR,2148420.92986943
5984,CYM,GRC,5294966.53063754
5985,CYM,GRD,36849.3245056292
5986,CYM,GUY,13541.7721784507
5987,CYM,HRV,1997.28121332644
5988,CYM,HUN,1370.34731617594
5989,CYM,IND,983768.227240761
5990,CYM,IRL,126051.638374398
5991,CYM,ITA,9675408.16257424
5992,CYM,JAM,1374235.67668559
5993,CYM,KAZ,848.930162370997
5994,CYM,KNA,54029.368808527
5995,CYM,KOR,271.328768602837
5996,CYM,LCA,121872.523737766
5997,CYM,MEX,1073847.32289593
5998,CYM,MKD,343.182930126522
5999,CYM,MLT,22842.3194133368
6000,CYM,MUS,24.666251691167
6001,CYM,MYS,53616.8942663581
6002,CYM,NIC,1275.7933513598
6003,CYM,NLD,27715.9596433165
6004,CYM,NZL,3258.00074420831
6005,CYM,PAK,65732.8200623276
6006,CYM,PHL,16652.4605861701
6007,CYM,RUS,11427.3262695912
6008,CYM,SDN,169028.729214777
6009,CYM,SLV,1566.37549975491
6010,CYM,SVK,4944.2131167628
6011,CYM,SWE,631.73011275711
6012,CYM,SYC,315116.580896544
6013,CYM,THA,19935.1275820695
6014,CYM,TON,12131.6847901056
6015,CYM,TTO,192410.466664264
6016,CYM,TUN,190.478276948456
6017,CYM,USA,9590892.31319554
6018,CYM,VCT,3555.36611181849
6019,CYM,ZAF,13666.4737842227
6020,CYP,AFG,170642.499546809
6021,CYP,AGO,20755405.1524066
6022,CYP,ALB,1978017.55592929
6023,CYP,AND,45827.1549475559
6024,CYP,ARE,16820916.6965739
6025,CYP,ARG,39901.7731524111
6026,CYP,ARM,1164449.20605222
6027,CYP,ATG,103102.191374446
6028,CYP,AUS,6314797.50302445
6029,CYP,AUT,32636704.1919425
6030,CYP,AZE,1221406.32190175
6031,CYP,BDI,20571.6539104333
6032,CYP,BEL,34681490.5505052
6033,CYP,BEN,150368.896177644
6034,CYP,BFA,3300.41778985956
6035,CYP,BGD,381349.158402997
6036,CYP,BGR,12327667.7522232
6037,CYP,BHR,2428280.79568912
6038,CYP,BHS,26501.1467475266
6039,CYP,BIH,1907892.77271862
6040,CYP,BLR,16171468.6781923
6041,CYP,BLZ,22254.4780992485
6042,CYP,BMU,20.5552097426391
6043,CYP,BOL,4498.85023900562
6044,CYP,BRA,413270.713959657
6045,CYP,BRB,306430.900280342
6046,CYP,BRN,217197.308919255
6047,CYP,BWA,1712941.68213017
6048,CYP,CAN,1344198.34868867
6049,CYP,CHE,3565736.21513365
6050,CYP,CHL,87232.4389165924
6051,CYP,CHN,10960348.903616
6052,CYP,CIV,86532.7060034437
6053,CYP,CMR,190610.515464467
6054,CYP,COD,8108.34506981306
6055,CYP,COG,22218352.3181258
6056,CYP,COL,258687.314611114
6057,CYP,CPV,45252.9794220782
6058,CYP,CRI,30710.8537028191
6059,CYP,CZE,18143216.8951501
6060,CYP,DEU,156034132.614115
6061,CYP,DJI,242556.271178749
6062,CYP,DNK,11660911.5620646
6063,CYP,DOM,45527.5148034009
6064,CYP,DZA,2609855.92612438
6065,CYP,ECU,235891.587006527
6066,CYP,EGY,47441637.1092422
6067,CYP,ERI,282685.521985645
6068,CYP,ESP,8167044.68025494
6069,CYP,EST,1501880.56238544
6070,CYP,ETH,2419688.03284304
6071,CYP,FIN,3395312.28598377
6072,CYP,FRA,21166216.0929337
6073,CYP,FRO,4856.51088852754
6074,CYP,GAB,51971.1071396307
6075,CYP,GBR,84331049.1358618
6076,CYP,GEO,1019443.16409643
6077,CYP,GHA,21639961.6043035
6078,CYP,GIB,180441.853204784
6079,CYP,GIN,28236.6916234634
6080,CYP,GMB,894521.616209823
6081,CYP,GRC,636212399.608105
6082,CYP,GRD,37200.1334185703
6083,CYP,GUY,20595.6349884663
6084,CYP,HKG,11340267.4194209
6085,CYP,HRV,1605466.02729615
6086,CYP,HTI,11109.4056922384
6087,CYP,HUN,27585091.4746217
6088,CYP,IDN,2033890.72705174
6089,CYP,IND,98509330.5133347
6090,CYP,IRL,4204880.59204493
6091,CYP,IRN,4637035.37719515
6092,CYP,IRQ,6272379.77219954
6093,CYP,ISL,138095.380440315
6094,CYP,ISR,30166140.6446391
6095,CYP,ITA,41221100.9909191
6096,CYP,JAM,52006.0509961932
6097,CYP,JOR,11804950.1388152
6098,CYP,JPN,20022509.8342065
6099,CYP,KAZ,1705370.5132083
6100,CYP,KEN,1337400.05565313
6101,CYP,KGZ,4221065.07902262
6102,CYP,KHM,347885.962115638
6103,CYP,KNA,17766.5529542211
6104,CYP,KOR,42649739.5327963
6105,CYP,KWT,6593003.35963351
6106,CYP,LBN,31191494.1167102
6107,CYP,LBR,56507.6419298312
6108,CYP,LBY,14527410.2446044
6109,CYP,LCA,2460.45860619391
6110,CYP,LKA,915370.081648471
6111,CYP,LSO,92856.1044913981
6112,CYP,LTU,2858372.52295484
6113,CYP,LUX,977424.204340525
6114,CYP,LVA,15629597.5319234
6115,CYP,MAC,68387.2650345994
6116,CYP,MAR,1443549.78983096
6117,CYP,MDA,350634.193658229
6118,CYP,MDG,42253.5974751152
6119,CYP,MDV,223068.561995411
6120,CYP,MEX,199776.768662368
6121,CYP,MKD,813393.877256781
6122,CYP,MLI,60463.1494579731
6123,CYP,MLT,5531040.37383712
6124,CYP,MMR,248866.720569739
6125,CYP,MNE,787693.451853043
6126,CYP,MNG,341429.570735475
6127,CYP,MOZ,1836723.78485303
6128,CYP,MUS,1688372.72509845
6129,CYP,MWI,210287.244190036
6130,CYP,MYS,4096716.33768453
6131,CYP,NAM,587807.740579039
6132,CYP,NCL,1821.19158319783
6133,CYP,NGA,18707950.7276194
6134,CYP,NIC,41254.9911271349
6135,CYP,NLD,78994942.7232717
6136,CYP,NOR,8054675.22943744
6137,CYP,NPL,787652.341433557
6138,CYP,NZL,891356.115279804
6139,CYP,OMN,2006299.46901419
6140,CYP,PAK,2580549.67842064
6141,CYP,PAN,61123.6568643699
6142,CYP,PER,216525.838734328
6143,CYP,PHL,1658519.70881556
6144,CYP,POL,14754338.3898158
6145,CYP,PRT,1629096.98158994
6146,CYP,PSE,94562.1869000372
6147,CYP,PYF,82979.32621006
6148,CYP,QAT,3773090.31928081
6149,CYP,ROU,34456907.816391
6150,CYP,RUS,15621959.4044058
6151,CYP,RWA,4337197.21785293
6152,CYP,SAU,10741967.6146155
6153,CYP,SDN,8386791.42237611
6154,CYP,SEN,143885.783024816
6155,CYP,SGP,36622777.3169717
6156,CYP,SLE,97888.0198363962
6157,CYP,SLV,44056.2071487057
6158,CYP,SOM,98744.4869090061
6159,CYP,SRB,4450797.6400166
6160,CYP,SUR,24425.07056352
6161,CYP,SVK,5216253.78079639
6162,CYP,SVN,1110578.11235871
6163,CYP,SWE,14095521.9920071
6164,CYP,SWZ,776301.429841358
6165,CYP,SYC,391768.732626619
6166,CYP,SYR,18019789.7123821
6167,CYP,TGO,5202515.64469927
6168,CYP,THA,1309586.1161767
6169,CYP,TJK,967.465205220216
6170,CYP,TTO,71134.0440090351
6171,CYP,TUN,8618222.52886849
6172,CYP,TUR,29336348.0677122
6173,CYP,TZA,1198453.68952947
6174,CYP,UGA,1200762.03958356
6175,CYP,UKR,33643716.2503603
6176,CYP,URY,39632.4999047825
6177,CYP,USA,36689334.4009447
6178,CYP,UZB,35922.2845462362
6179,CYP,VCT,32727.319778572
6180,CYP,VEN,161215.880358835
6181,CYP,VGB,40484.1707617859
6182,CYP,VNM,8899617.18368229
6183,CYP,YEM,1861172.15132092
6184,CYP,ZAF,2436858.48471472
6185,CYP,ZMB,3566460.8376651
6186,CYP,ZWE,364342.983767575
6187,CZE,ABW,39379.6708249481
6188,CZE,AFG,20840757.9201683
6189,CZE,AGO,8073031.2194752
6190,CZE,AIA,81495.9252402995
6191,CZE,ALB,41907751.2749797
6192,CZE,AND,1295627.75841413
6193,CZE,ARE,370279649.002521
6194,CZE,ARG,187574667.890247
6195,CZE,ARM,15471213.6627162
6196,CZE,ATG,149062.955185329
6197,CZE,AUS,135491320.398164
6198,CZE,AUT,3641366738.68083
6199,CZE,AZE,60470063.5453568
6200,CZE,BDI,275173.277998368
6201,CZE,BEL,1967635501.13001
6202,CZE,BEN,2014740.12330818
6203,CZE,BFA,627465.980402635
6204,CZE,BGD,16866678.760024
6205,CZE,BGR,411811425.621272
6206,CZE,BHR,10012582.4410658
6207,CZE,BHS,14168.7060756012
6208,CZE,BIH,118029406.615107
6209,CZE,BLR,163279554.89963
6210,CZE,BLZ,966037.988490419
6211,CZE,BMU,45163.2216728687
6212,CZE,BOL,1404593.6659545
6213,CZE,BRA,237366444.545945
6214,CZE,BRB,330693.584686895
6215,CZE,BRN,62954.4408787809
6216,CZE,BTN,1383.36561567961
6217,CZE,BWA,95613.9284652022
6218,CZE,CAF,222532.071021128
6219,CZE,CAN,162186743.340226
6220,CZE,CHE,1247502019.8778
6221,CZE,CHL,71757470.8818161
6222,CZE,CHN,775513151.936375
6223,CZE,CIV,9951053.99251147
6224,CZE,CMR,5444353.57296314
6225,CZE,COD,1642916.93427358
6226,CZE,COG,1896838.86609269
6227,CZE,COL,13009167.5091565
6228,CZE,COM,41422.8586733664
6229,CZE,CPV,365557.961105043
6230,CZE,CRI,4665826.374308
6231,CZE,CUB,6311763.55406643
6232,CZE,CYP,39739413.7172169
6233,CZE,DEU,24966917425.8642
6234,CZE,DJI,4858.56640950181
6235,CZE,DMA,5481.38926470377
6236,CZE,DNK,588959716.883819
6237,CZE,DOM,4954816.17912172
6238,CZE,DZA,129978742.028544
6239,CZE,ECU,11937173.5810057
6240,CZE,EGY,145350722.675533
6241,CZE,ESP,1804751124.24873
6242,CZE,EST,79597309.7189114
6243,CZE,ETH,9345584.38460591
6244,CZE,FIN,507110963.523808
6245,CZE,FJI,331959.100433383
6246,CZE,FRA,4352022569.01101
6247,CZE,FRO,880605.740584404
6248,CZE,GAB,79215.6673061828
6249,CZE,GBR,3819287352.20938
6250,CZE,GEO,31352415.3723961
6251,CZE,GHA,7805383.20376362
6252,CZE,GIB,189458.053371563
6253,CZE,GIN,112048.5038281
6254,CZE,GMB,644353.752233723
6255,CZE,GNQ,11847499.4229824
6256,CZE,GRC,302262660.72001
6257,CZE,GRD,6361.15224168873
6258,CZE,GRL,672592.999554931
6259,CZE,GTM,3322970.28081552
6260,CZE,GUY,451375.961780562
6261,CZE,HKG,201397613.41242
6262,CZE,HND,2041914.7957616
6263,CZE,HRV,303460458.013175
6264,CZE,HTI,408458.054185247
6265,CZE,HUN,1977546578.5195
6266,CZE,IDN,35402646.7884213
6267,CZE,IND,414017011.27461
6268,CZE,IRL,148362478.173587
6269,CZE,IRN,53689024.5528659
6270,CZE,IRQ,100225008.093882
6271,CZE,ISL,9822648.8771755
6272,CZE,ISR,256126904.927199
6273,CZE,ITA,3384541901.47686
6274,CZE,JAM,979880.55190477
6275,CZE,JOR,17554695.2036193
6276,CZE,JPN,291398540.345631
6277,CZE,KAZ,122798829.876171
6278,CZE,KEN,13302179.2833432
6279,CZE,KGZ,3696435.83110856
6280,CZE,KHM,1304741.25324036
6281,CZE,KNA,76054.2760477649
6282,CZE,KOR,231052792.653277
6283,CZE,KWT,27911280.0425067
6284,CZE,LAO,44132.7204911043
6285,CZE,LBN,32186594.4310821
6286,CZE,LBR,59159.9491602897
6287,CZE,LBY,114994127.04985
6288,CZE,LCA,21717.9494404144
6289,CZE,LKA,3376643.35932184
6290,CZE,LSO,124064.394269989
6291,CZE,LTU,234553488.758916
6292,CZE,LUX,86151835.096254
6293,CZE,LVA,103613411.773871
6294,CZE,MAC,279951.22687526
6295,CZE,MAR,66524866.4224305
6296,CZE,MDA,25749505.0780411
6297,CZE,MDG,437050.350937258
6298,CZE,MDV,443114.137811337
6299,CZE,MEX,218203751.598363
6300,CZE,MKD,35556406.1225595
6301,CZE,MLI,25679732.4740907
6302,CZE,MLT,11892006.2482908
6303,CZE,MMR,175336.62427837
6304,CZE,MNE,19566995.4235311
6305,CZE,MNG,5996113.64221652
6306,CZE,MOZ,329863.83938695
6307,CZE,MRT,5553606.56826625
6308,CZE,MUS,2574641.42596695
6309,CZE,MWI,284808.189978401
6310,CZE,MYS,39629853.0789414
6311,CZE,NAM,4879689.628207
6312,CZE,NCL,2733348.20038987
6313,CZE,NER,341670.066689464
6314,CZE,NGA,18553444.0677205
6315,CZE,NIC,390505.819169684
6316,CZE,NLD,3594158076.30856
6317,CZE,NOR,459493686.251505
6318,CZE,NPL,1188034.25371092
6319,CZE,NZL,27850780.5788449
6320,CZE,OMN,7962301.67493892
6321,CZE,PAK,60625758.2963788
6322,CZE,PAN,4686339.7884575
6323,CZE,PER,14280054.3319507
6324,CZE,PHL,51320290.1442803
6325,CZE,PLW,246.66251691167
6326,CZE,PNG,416011.408592009
6327,CZE,POL,4506838018.86304
6328,CZE,PRK,29869.460450687
6329,CZE,PRT,274731797.314558
6330,CZE,PRY,1468288.77955767
6331,CZE,PSE,7540414.0752242
6332,CZE,PYF,71229.9683211675
6333,CZE,QAT,32285536.9331783
6334,CZE,ROU,881230860.354112
6335,CZE,RUS,1795337480.87949
6336,CZE,RWA,252428.938418138
6337,CZE,SAU,168873152.998798
6338,CZE,SDN,5130998.99286782
6339,CZE,SEN,13164175.0309994
6340,CZE,SGP,76137580.8314625
6341,CZE,SLE,13036.1140187817
6342,CZE,SLV,31198054.6544864
6343,CZE,SMR,1437415.53969788
6344,CZE,SOM,4487.88746047621
6345,CZE,SRB,198941548.139722
6346,CZE,SUR,995585.417321804
6347,CZE,SVK,6978981570.45541
6348,CZE,SVN,419440147.074903
6349,CZE,SWE,1199608697.04251
6350,CZE,SWZ,93396.0213339714
6351,CZE,SYC,2252672.84264215
6352,CZE,SYR,43159112.0188657
6353,CZE,TCA,39901.087978753
6354,CZE,TCD,735552.421646206
6355,CZE,TGO,4295222.10921114
6356,CZE,THA,67681859.5687354
6357,CZE,TJK,5189775.24477958
6358,CZE,TKL,21407.5657733006
6359,CZE,TKM,8884907.87559046
6360,CZE,TTO,1154887.6076536
6361,CZE,TUN,50994389.3493317
6362,CZE,TUR,704803688.1177
6363,CZE,TZA,4379029.81037383
6364,CZE,UGA,8119328.40355221
6365,CZE,UKR,521279143.38604
6366,CZE,URY,5369322.94636056
6367,CZE,USA,1355568713.0462
6368,CZE,UZB,35955247.5657531
6369,CZE,VCT,31672.8375187746
6370,CZE,VEN,11396587.3237684
6371,CZE,VGB,5290009.98439493
6372,CZE,VNM,28892979.0453
6373,CZE,VUT,114466.481667493
6374,CZE,WSM,87702.2282352604
6375,CZE,YEM,21049435.7798229
6376,CZE,ZAF,221927612.19031
6377,CZE,ZMB,1681206.74937828
6378,CZE,ZWE,324936.75561164
6379,DEU,ABW,5739910.00469135
6380,DEU,AFG,216218608.768769
6381,DEU,AGO,289763996.384197
6382,DEU,AIA,1038980.01530487
6383,DEU,ALB,201393425.631022
6384,DEU,AND,47548024.0265593
6385,DEU,ARE,6007676831.40633
6386,DEU,ARG,1366176365.38345
6387,DEU,ARM,138523065.858933
6388,DEU,ATG,30954034.6570995
6389,DEU,AUS,6080570567.11764
6390,DEU,AUT,43687996210.7027
6391,DEU,AZE,422885763.24113
6392,DEU,BDI,9783562.8772618
6393,DEU,BEL,40765521135.1965
6394,DEU,BEN,64494007.5024839
6395,DEU,BFA,52558340.6491852
6396,DEU,BGD,293374269.918978
6397,DEU,BGR,1823675376.08223
6398,DEU,BHR,292629659.115134
6399,DEU,BHS,38712858.6053988
6400,DEU,BIH,647278161.10867
6401,DEU,BLR,1633094988.98753
6402,DEU,BLZ,6765943.90764847
6403,DEU,BMU,11517655.6537023
6404,DEU,BOL,67219913.4329315
6405,DEU,BRA,6988339794.47967
6406,DEU,BRB,11737246.0741385
6407,DEU,BRN,39674757.3049715
6408,DEU,BTN,3149924.8772498
6409,DEU,BWA,37840208.2613092
6410,DEU,CAF,3112857.58598523
6411,DEU,CAN,6519969876.52435
6412,DEU,CHE,35773967155.0847
6413,DEU,CHL,1169975083.25816
6414,DEU,CHN,38208081472.8523
6415,DEU,CIV,139451992.150054
6416,DEU,CMR,120048788.104775
6417,DEU,COD,73966432.5878931
6418,DEU,COG,53362199.3394324
6419,DEU,COK,3109465.25351949
6420,DEU,COL,917032003.244499
6421,DEU,COM,578715.318268665
6422,DEU,CPV,18386084.2351696
6423,DEU,CRI,137687651.610287
6424,DEU,CUB,150882985.424527
6425,DEU,CYM,121244198.951108
6426,DEU,CYP,605764289.665838
6427,DEU,CZE,20937482431.4091
6428,DEU,DJI,9792343.37015329
6429,DEU,DMA,848644.250366255
6430,DEU,DNK,12228255264.2011
6431,DEU,DOM,185156052.285732
6432,DEU,DZA,1894774798.94739
6433,DEU,ECU,263307558.43747
6434,DEU,EGY,2611730297.77007
6435,DEU,ERI,12564729.857704
6436,DEU,ESP,29895371964.5188
6437,DEU,EST,808879201.571387
6438,DEU,ETH,132001803.627725
6439,DEU,FIN,6771824700.23371
6440,DEU,FJI,3217060.21901294
6441,DEU,FRA,77494609674.3315
6442,DEU,FRO,32720348.8217746
6443,DEU,FSM,204021.419474223
6444,DEU,GAB,44592151.5195362
6445,DEU,GBR,50781581757.8425
6446,DEU,GEO,207448585.483571
6447,DEU,GHA,203331882.596022
6448,DEU,GIB,37800224.5811274
6449,DEU,GIN,25810586.3918586
6450,DEU,GMB,11776387.5820258
6451,DEU,GNB,1416938.82756056
6452,DEU,GNQ,22247341.9237863
6453,DEU,GRC,6315144778.16247
6454,DEU,GRD,2110625.38054198
6455,DEU,GRL,13237150.7875427
6456,DEU,GTM,148219326.896724
6457,DEU,GUY,9191218.96571978
6458,DEU,HKG,4434913661.29808
6459,DEU,HND,54525874.5829129
6460,DEU,HRV,2208545316.66084
6461,DEU,HTI,8702510.86359333
6462,DEU,HUN,13154393491.8565
6463,DEU,IDN,1626222945.31199
6464,DEU,IND,7761495172.49956
6465,DEU,IRL,3491251671.51381
6466,DEU,IRN,3642063176.12109
6467,DEU,IRQ,587861775.520365
6468,DEU,ISL,216230845.636623
6469,DEU,ISR,2365538663.60939
6470,DEU,ITA,48348852289.3287
6471,DEU,JAM,54026171.7882384
6472,DEU,JOR,681217308.566366
6473,DEU,JPN,11481384761.0209
6474,DEU,KAZ,1399027713.24208
6475,DEU,KEN,201693990.074441
6476,DEU,KGZ,68975077.5713941
6477,DEU,KHM,16259211.3316734
6478,DEU,KIR,207596.611771012
6479,DEU,KNA,1047512.94125022
6480,DEU,KOR,8426004806.35046
6481,DEU,KWT,932349967.473147
6482,DEU,LAO,11383679.0652097
6483,DEU,LBN,847733138.638892
6484,DEU,LBR,72887930.7981169
6485,DEU,LBY,1098338921.29678
6486,DEU,LCA,4126221.97092277
6487,DEU,LKA,173675869.533082
6488,DEU,LSO,6276370.98070113
6489,DEU,LTU,1422683298.15854
6490,DEU,LUX,4103933281.12092
6491,DEU,LVA,773134485.877375
6492,DEU,MAC,92254000.8491056
6493,DEU,MAR,1265730483.75607
6494,DEU,MDA,234546521.81107
6495,DEU,MDG,63936382.1891274
6496,DEU,MDV,13031828.2575504
6497,DEU,MEX,6664832710.33386
6498,DEU,MHL,10890098.9658997
6499,DEU,MKD,395160231.353872
6500,DEU,MLI,68238967.8274389
6501,DEU,MLT,282599733.93391
6502,DEU,MMR,36566443.9969239
6503,DEU,MNE,106414196.136037
6504,DEU,MNG,37981676.6214853
6505,DEU,MNP,279265.7325559
6506,DEU,MOZ,89431172.9032366
6507,DEU,MRT,52242760.1522786
6508,DEU,MSR,491218.179638612
6509,DEU,MUS,74552488.8800304
6510,DEU,MWI,24593034.3499288
6511,DEU,MYS,3588075380.01186
6512,DEU,NAM,146544905.677652
6513,DEU,NCL,70828272.2458139
6514,DEU,NER,29032563.3080994
6515,DEU,NGA,1050214645.11015
6516,DEU,NIC,29041863.1701606
6517,DEU,NIU,1576801.90584508
6518,DEU,NLD,50210583483.0569
6519,DEU,NOR,6085610737.06282
6520,DEU,NPL,19858157.9140146
6521,DEU,NRU,992787.322266246
6522,DEU,NZL,733012313.65778
6523,DEU,OMN,527607494.994368
6524,DEU,PAK,870955182.663888
6525,DEU,PAN,244725557.647899
6526,DEU,PER,487973795.350511
6527,DEU,PHL,768802030.697763
6528,DEU,PLW,272918.849055641
6529,DEU,PNG,31139178.2130565
6530,DEU,POL,29466451210.9047
6531,DEU,PRK,24226305.8689791
6532,DEU,PRT,6494320548.63134
6533,DEU,PRY,94592435.2615208
6534,DEU,PSE,66657664.4032886
6535,DEU,PYF,44400237.6386472
6536,DEU,QAT,1045230627.87666
6537,DEU,ROU,6463599020.50532
6538,DEU,RUS,20276050163.6736
6539,DEU,RWA,29547220.2556169
6540,DEU,SAU,5157640359.7193
6541,DEU,SDN,215011870.522579
6542,DEU,SEN,109295088.946786
6543,DEU,SGP,5401365497.41868
6544,DEU,SHN,5294672.3184391
6545,DEU,SLB,894760.474598769
6546,DEU,SLE,10454314.6946069
6547,DEU,SLV,98573851.5935051
6548,DEU,SMR,31705691.0749479
6549,DEU,SOM,570919.357573047
6550,DEU,SPM,377938.738723026
6551,DEU,SRB,1346053388.78242
6552,DEU,STP,500256.752780849
6553,DEU,SUR,16421164.0107848
6554,DEU,SVK,6287389021.1555
6555,DEU,SVN,2913986464.0325
6556,DEU,SWE,14860091389.0038
6557,DEU,SWZ,3799239.55878202
6558,DEU,SYC,67069265.6388719
6559,DEU,SYR,628381582.240162
6560,DEU,TCA,810793.311600287
6561,DEU,TCD,16255201.6159461
6562,DEU,TGO,39627232.2876436
6563,DEU,THA,2380025848.47469
6564,DEU,TJK,24893695.9413808
6565,DEU,TKL,2466268.85072237
6566,DEU,TKM,246226672.970659
6567,DEU,TLS,2157276.95493464
6568,DEU,TON,1646762.91199626
6569,DEU,TTO,166598982.982001
6570,DEU,TUN,1192898603.39309
6571,DEU,TUR,11232169005.77
6572,DEU,TUV,333869.001450094
6573,DEU,TZA,155416784.976133
6574,DEU,UGA,65707726.2622738
6575,DEU,UKR,3655600386.14199
6576,DEU,URY,139590555.232774
6577,DEU,USA,52277265456.1058
6578,DEU,UZB,323640242.208718
6579,DEU,VAT,2057154.87088698
6580,DEU,VCT,4204176.44798377
6581,DEU,VEN,862265738.388783
6582,DEU,VGB,21895332.6886871
6583,DEU,VNM,1096326810.18001
6584,DEU,VUT,3272752.20829463
6585,DEU,WLF,104059.254273189
6586,DEU,WSM,457560.581084765
6587,DEU,YEM,193546299.995369
6588,DEU,ZAF,5566325306.36249
6589,DEU,ZMB,40313519.6797538
6590,DEU,ZWE,22782789.395032
6591,DJI,AGO,100327.923232847
6592,DJI,ARE,7839036.19315426
6593,DJI,AUS,96096.2907204961
6594,DJI,AUT,48682.2735808085
6595,DJI,BEL,857794.253985681
6596,DJI,BFA,21875.1666473047
6597,DJI,BGR,40.4252458271903
6598,DJI,BHR,1920.54176362058
6599,DJI,CAN,20579.8759943303
6600,DJI,CHE,64391.0061179691
6601,DJI,CHN,75079.9591059638
6602,DJI,CMR,18588.7613439267
6603,DJI,COG,1685.52719889641
6604,DJI,COL,499280.56325944
6605,DJI,CZE,94939.0324119855
6606,DJI,DEU,152005.506773569
6607,DJI,DNK,670002.542950588
6608,DJI,EGY,10745283.8119547
6609,DJI,ESP,124802.087174143
6610,DJI,ETH,88082506.4672358
6611,DJI,FRA,50037881.4412516
6612,DJI,FRO,4870.2143616893
6613,DJI,GBR,468960.943715389
6614,DJI,GHA,8426.95082082396
6615,DJI,GRC,39115.1937929261
6616,DJI,GRL,2746.8543435381
6617,DJI,HKG,12323.5334143703
6618,DJI,HRV,2744.12050064233
6619,DJI,IND,1684412.4213547
6620,DJI,IRL,23961.4608260743
6621,DJI,ISR,27032.1563325447
6622,DJI,ITA,1394396.85333507
6623,DJI,JOR,3790.38067654266
6624,DJI,JPN,2832506.53218836
6625,DJI,KEN,4901421.96629424
6626,DJI,KOR,446.733225073358
6627,DJI,LBN,133251.887851291
6628,DJI,MDG,308192.917525732
6629,DJI,MEX,178863.898270207
6630,DJI,MWI,2057.76491799415
6631,DJI,MYS,6929.16120424366
6632,DJI,NGA,25493.2562964792
6633,DJI,NLD,5792682.15726191
6634,DJI,NZL,615.285944962999
6635,DJI,OMN,2001873.24718294
6636,DJI,PAK,10407975.6039386
6637,DJI,POL,413398.156260062
6638,DJI,PRT,3791.06585020075
6639,DJI,QAT,15678802.781428
6640,DJI,RUS,4.11104194852783
6641,DJI,RWA,511.824722591715
6642,DJI,SAU,71225394.1018261
6643,DJI,SDN,5185919.08332082
6644,DJI,SEN,9499.24759573164
6645,DJI,SGP,266688.772590265
6646,DJI,SVK,907280.236267427
6647,DJI,SVN,4447.46221464902
6648,DJI,SWE,741494.247609145
6649,DJI,SYC,24152.3858362478
6650,DJI,THA,29457.6710821762
6651,DJI,TUN,15782.2900403983
6652,DJI,TUR,727347.467090602
6653,DJI,TZA,23310.978195469
6654,DJI,UGA,6478.31693722177
6655,DJI,UKR,3083.28146139587
6656,DJI,USA,2021907.72494544
6657,DJI,YEM,8426592.47500078
6658,DJI,ZAF,42567.0986823733
6659,DMA,AGO,11437.6038744625
6660,DMA,AIA,264824.415066608
6661,DMA,ARE,21394.5474737969
6662,DMA,ARG,29851.6459355768
6663,DMA,ARM,6016.50989167048
6664,DMA,ATG,4326337.21537223
6665,DMA,AUS,192265.20984875
6666,DMA,AUT,684984.550158339
6667,DMA,AZE,14200.2240638732
6668,DMA,BEL,2053403.78766042
6669,DMA,BGD,5046.30399181791
6670,DMA,BGR,9421.8229723677
6671,DMA,BHS,75982.3328136656
6672,DMA,BIH,2287.79484435574
6673,DMA,BLR,33916.0960753546
6674,DMA,BLZ,74786.7219096436
6675,DMA,BMU,687.914352720324
6676,DMA,BRA,15438.3328640382
6677,DMA,BRB,1736543.17395667
6678,DMA,CAN,235151.599455792
6679,DMA,CHE,96838.0638337841
6680,DMA,CHL,114498.289484222
6681,DMA,CHN,794771.980914749
6682,DMA,COL,728773.998646742
6683,DMA,CPV,42769.2249115093
6684,DMA,CRI,43926.4832200199
6685,DMA,CYP,14003.579224002
6686,DMA,CZE,29678.2970000805
6687,DMA,DEU,169592.013219786
6688,DMA,DNK,554.305489393169
6689,DMA,DOM,4224.61633409249
6690,DMA,DZA,3160.70608475981
6691,DMA,EGY,12435184.1262425
6692,DMA,ESP,244278.874494631
6693,DMA,ETH,54.940649773784
6694,DMA,FJI,12176.9062515394
6695,DMA,FRA,3643031.34067621
6696,DMA,FRO,3749.95543071547
6697,DMA,GBR,22044591.5932611
6698,DMA,GRD,489322.934486448
6699,DMA,GTM,83841.9598455927
6700,DMA,GUY,1113220.1419843
6701,DMA,HRV,338958.83452441
6702,DMA,HTI,2.74069463235189
6703,DMA,IDN,52506.9129402555
6704,DMA,IND,570059.687313586
6705,DMA,IRL,71242.1740047126
6706,DMA,ISR,36999.3775367505
6707,DMA,ITA,153160.113460023
6708,DMA,JAM,7637496.47266963
6709,DMA,JPN,861268.769605845
6710,DMA,KAZ,5057.26677034732
6711,DMA,KGZ,10080.2748577902
6712,DMA,KNA,1722306.63568891
6713,DMA,KOR,615714.178499304
6714,DMA,LBN,102495.812687038
6715,DMA,LCA,2181682.68510131
6716,DMA,LKA,834340.074495672
6717,DMA,MAC,27846.4735772301
6718,DMA,MDA,13473.9399863
6719,DMA,MEX,126635.851008793
6720,DMA,MNE,43635.9695889906
6721,DMA,MOZ,16880.6234143134
6722,DMA,MSR,204316.729320859
6723,DMA,MYS,25647.420369549
6724,DMA,NGA,1507.38204779354
6725,DMA,NIC,82409.9469001889
6726,DMA,NLD,48742.5688627202
6727,DMA,NZL,7915.12609823225
6728,DMA,PAK,27830.3836442172
6729,DMA,PAN,26205.8369008907
6730,DMA,PER,19770.6859041284
6731,DMA,POL,393541.823648672
6732,DMA,PRY,28263.4133961288
6733,DMA,RUS,4986.69388356426
6734,DMA,SAU,1755656.09314903
6735,DMA,SDN,403631.08867003
6736,DMA,SLV,9395.97822198462
6737,DMA,SRB,46687.0478884563
6738,DMA,SUR,433177.749421745
6739,DMA,SVK,152636.820985916
6740,DMA,SVN,629.674591782846
6741,DMA,SWE,4873.64022997974
6742,DMA,SYC,17340.7421919711
6743,DMA,THA,120952.335514953
6744,DMA,TTO,3133689.00224775
6745,DMA,TUR,339425.437785568
6746,DMA,URY,4967.50902113779
6747,DMA,USA,1954476.35938471
6748,DMA,VCT,512206.36431927
6749,DMA,VEN,393632.26657154
6750,DMA,VGB,340198.998845549
6751,DMA,VNM,10916218.9238195
6752,DMA,ZAF,28320.9679834082
6753,DMA,ZMB,323.737016536328
6754,DNK,ABW,35767631.2591745
6755,DNK,AFG,12075059.9834803
6756,DNK,AGO,17660677.1798787
6757,DNK,AIA,6883.25456915176
6758,DNK,ALB,4539670.83003353
6759,DNK,AND,1399494.72281122
6760,DNK,ARE,188171205.428404
6761,DNK,ARG,95956281.6500288
6762,DNK,ARM,4468663.54315124
6763,DNK,ATG,1966677.93188794
6764,DNK,AUS,624323137.480315
6765,DNK,AUT,436871305.467969
6766,DNK,AZE,6866243.76274241
6767,DNK,BDI,5679886.12897283
6768,DNK,BEL,1009845341.93685
6769,DNK,BEN,3594960.24199841
6770,DNK,BFA,5957557.56383206
6771,DNK,BGD,57232463.1616444
6772,DNK,BGR,176036057.77063
6773,DNK,BHR,14323285.3639078
6774,DNK,BHS,22090486.5804008
6775,DNK,BIH,18772442.0130132
6776,DNK,BLR,62936283.7768416
6777,DNK,BLZ,1350434.11415093
6778,DNK,BMU,1590514.85290301
6779,DNK,BOL,6810950.24853471
6780,DNK,BRA,247661438.439533
6781,DNK,BRB,5956367.40348449
6782,DNK,BRN,6849513.87753288
6783,DNK,BTN,817059.309665035
6784,DNK,BWA,3025992.03632216
6785,DNK,CAF,1456357.85064938
6786,DNK,CAN,967897281.210396
6787,DNK,CHE,642331944.566057
6788,DNK,CHL,105407723.576506
6789,DNK,CHN,1569495812.11183
6790,DNK,CIV,7020633.61629154
6791,DNK,CMR,2410978.10530143
6792,DNK,COD,3566461.81403756
6793,DNK,COG,1478281.35218723
6794,DNK,COK,38868.5312760145
6795,DNK,COL,35291349.9200961
6796,DNK,COM,192932.412772133
6797,DNK,CPV,769406.166918675
6798,DNK,CRI,10115255.0285566
6799,DNK,CUB,7545025.43577408
6800,DNK,CYM,9218935.51529761
6801,DNK,CYP,46947153.5125397
6802,DNK,CZE,498708546.030986
6803,DNK,DEU,9752136001.46775
6804,DNK,DJI,713583.013473273
6805,DNK,DMA,567695.153019524
6806,DNK,DOM,52132714.6912891
6807,DNK,DZA,132350505.589872
6808,DNK,ECU,9311697.06582419
6809,DNK,EGY,142900924.975428
6810,DNK,ERI,1393293.78198531
6811,DNK,ESP,1734210037.38234
6812,DNK,EST,163959186.873172
6813,DNK,ETH,19991486.4529282
6814,DNK,FIN,1344718518.82642
6815,DNK,FJI,1485720.96776674
6816,DNK,FRA,2335545649.6998
6817,DNK,FRO,239901461.694091
6818,DNK,FSM,2515.95767249903
6819,DNK,GAB,1702958.01675817
6820,DNK,GBR,5160626223.87517
6821,DNK,GEO,9827873.32631842
6822,DNK,GHA,101304105.217346
6823,DNK,GIB,28749103.5398801
6824,DNK,GIN,850551.283246033
6825,DNK,GMB,3359350.71426515
6826,DNK,GNB,113984.804585857
6827,DNK,GNQ,720454.620090238
6828,DNK,GRC,521123388.339736
6829,DNK,GRD,850363.545663717
6830,DNK,GRL,342008841.897448
6831,DNK,GTM,9107801.71830306
6832,DNK,GUY,1932455.56318742
6833,DNK,HKG,613045442.174871
6834,DNK,HND,5116639.12334162
6835,DNK,HRV,100637787.538328
6836,DNK,HTI,2984681.54612872
6837,DNK,HUN,378359060.559101
6838,DNK,IDN,79857348.1959763
6839,DNK,IND,413217171.74932
6840,DNK,IRL,760124814.4689
6841,DNK,IRN,80473923.6377638
6842,DNK,IRQ,35622706.752884
6843,DNK,ISL,199928635.348162
6844,DNK,ISR,137578759.502116
6845,DNK,ITA,2144409703.13965
6846,DNK,JAM,32316643.8172555
6847,DNK,JOR,27450820.0483672
6848,DNK,JPN,1496310963.17882
6849,DNK,KAZ,38908490.6037541
6850,DNK,KEN,51207827.7955627
6851,DNK,KGZ,1861225.59486625
6852,DNK,KHM,2040016.8647287
6853,DNK,KIR,20482.5813348818
6854,DNK,KNA,2436353.51172871
6855,DNK,KOR,401719391.813162
6856,DNK,KWT,37240283.2245869
6857,DNK,LAO,1535508.42645805
6858,DNK,LBN,60330038.0307217
6859,DNK,LBR,4944007.56466538
6860,DNK,LBY,22140439.1659437
6861,DNK,LCA,454337.967504476
6862,DNK,LKA,14045046.6189631
6863,DNK,LSO,100504.012862976
6864,DNK,LTU,277275290.060855
6865,DNK,LUX,34829914.9238412
6866,DNK,LVA,172183055.582515
6867,DNK,MAC,7568741.88740728
6868,DNK,MAR,54840759.2743217
6869,DNK,MDA,7900721.69241827
6870,DNK,MDG,4372174.03058319
6871,DNK,MDV,8889884.97704281
6872,DNK,MEX,254624448.592833
6873,DNK,MHL,20472578.4846474
6874,DNK,MKD,13355446.3073845
6875,DNK,MLI,1541544.8063858
6876,DNK,MLT,79912495.0830211
6877,DNK,MMR,1148973.87381064
6878,DNK,MNE,2000389.84621318
6879,DNK,MNG,1082333.19865135
6880,DNK,MNP,1809.54363101033
6881,DNK,MOZ,10933292.7662054
6882,DNK,MRT,37172806.6375647
6883,DNK,MSR,61677.2771801049
6884,DNK,MUS,7537424.11921125
6885,DNK,MWI,24134906.4244999
6886,DNK,MYS,110406185.735604
6887,DNK,NAM,4217251.4024417
6888,DNK,NCL,5557509.31742272
6889,DNK,NER,2512289.93790729
6890,DNK,NGA,51295963.7387235
6891,DNK,NIC,1991876.56351144
6892,DNK,NLD,2843473877.4002
6893,DNK,NOR,3923576600.09473
6894,DNK,NPL,3166692.44701053
6895,DNK,NRU,12096.7409335431
6896,DNK,NZL,170954585.18529
6897,DNK,OMN,89759321.6830696
6898,DNK,PAK,64350524.0027283
6899,DNK,PAN,167512330.281643
6900,DNK,PER,27532691.4487721
6901,DNK,PHL,63485047.5816882
6902,DNK,PNG,2874646.08250809
6903,DNK,POL,1407133519.05832
6904,DNK,PRK,2499767.70413207
6905,DNK,PRT,291824633.399428
6906,DNK,PRY,2154437.4397611
6907,DNK,PSE,3576748.12746608
6908,DNK,PYF,3354375.90060764
6909,DNK,QAT,50928783.9715698
6910,DNK,ROU,203330493.783275
6911,DNK,RUS,940879936.276818
6912,DNK,RWA,25723615.7913703
6913,DNK,SAU,287427067.586082
6914,DNK,SDN,6355670.16725037
6915,DNK,SEN,6843710.45664888
6916,DNK,SGP,662295508.888533
6917,DNK,SLB,139095.423597456
6918,DNK,SLE,1520457.90188449
6919,DNK,SLV,7280325.06454653
6920,DNK,SMR,1043944.288936
6921,DNK,SOM,48954.2875230694
6922,DNK,SPM,14556.514366079
6923,DNK,SRB,65000929.2087103
6924,DNK,STP,135887.065740297
6925,DNK,SUR,1891358.16200164
6926,DNK,SVK,188808696.481278
6927,DNK,SVN,62621389.6115366
6928,DNK,SWE,7711692404.27777
6929,DNK,SWZ,716757.031111862
6930,DNK,SYC,5366004.14536146
6931,DNK,SYR,27655273.8124197
6932,DNK,TCA,7415.63450148612
6933,DNK,TCD,2379551.2451259
6934,DNK,TGO,4904712.73204277
6935,DNK,THA,138178166.547553
6936,DNK,TJK,333301.355629578
6937,DNK,TKL,13984.3943615755
6938,DNK,TKM,1582479.82141461
6939,DNK,TLS,51032.4192280502
6940,DNK,TON,159304.24585277
6941,DNK,TTO,16865232.3584317
6942,DNK,TUN,21079525.8661915
6943,DNK,TUR,400890892.844101
6944,DNK,TZA,77389290.3287405
6945,DNK,UGA,24957530.6611724
6946,DNK,UKR,150311739.67626
6947,DNK,URY,30336337.7813082
6948,DNK,USA,3904965160.1879
6949,DNK,UZB,4103328.94865873
6950,DNK,VCT,1449632.87119525
6951,DNK,VEN,49237760.3095882
6952,DNK,VGB,842706.044860926
6953,DNK,VNM,128204115.532323
6954,DNK,VUT,884632.506172987
6955,DNK,WLF,56232.8872929379
6956,DNK,WSM,14684.6418401414
6957,DNK,YEM,22911154.6997229
6958,DNK,ZAF,155148617.598789
6959,DNK,ZMB,19519949.207611
6960,DNK,ZWE,12682109.0310917
6961,DOM,ABW,2176936.72698252
6962,DOM,AGO,37550.7573346236
6963,DOM,AIA,357355.404657243
6964,DOM,ALB,254199.427150637
6965,DOM,AND,315660.07777148
6966,DOM,ARE,4288910.97464649
6967,DOM,ARG,1548106.02933565
6968,DOM,ARM,46436.9595032542
6969,DOM,ATG,5482766.46375653
6970,DOM,AUS,11000454.8585185
6971,DOM,AUT,11829771.9249267
6972,DOM,AZE,8320.74890382033
6973,DOM,BDI,221596.671943106
6974,DOM,BEL,133597094.784403
6975,DOM,BEN,236047.121426913
6976,DOM,BFA,313808.483662726
6977,DOM,BGD,2277935.32080263
6978,DOM,BGR,418294.407220758
6979,DOM,BHR,159446.761973652
6980,DOM,BHS,3248014.33814167
6981,DOM,BIH,237888.183046195
6982,DOM,BLR,524637.46999796
6983,DOM,BLZ,258296.207209472
6984,DOM,BMU,3116130.74208558
6985,DOM,BOL,703256.935991512
6986,DOM,BRA,7772825.5638156
6987,DOM,BRB,5431351.71762727
6988,DOM,BRN,10459.861064371
6989,DOM,BWA,6283.72761832479
6990,DOM,CAF,1702329.03419178
6991,DOM,CAN,88887142.2081324
6992,DOM,CHE,6567149.70199288
6993,DOM,CHL,11496401.9751919
6994,DOM,CHN,75544386.0013842
6995,DOM,CIV,21448.5186028445
6996,DOM,COL,7100275.10326723
6997,DOM,CRI,17552492.3703086
6998,DOM,CUB,16791554.8401761
6999,DOM,CYM,125342.558322206
7000,DOM,CYP,189335.407286765
7001,DOM,CZE,10432205.4000096
7002,DOM,DEU,88608082.296262
7003,DOM,DMA,3834115.99631207
7004,DOM,DNK,405724.211289476
7005,DOM,DZA,631193.621782827
7006,DOM,ECU,5021705.22973207
7007,DOM,EGY,1344299.46593196
7008,DOM,ESP,113189270.676761
7009,DOM,EST,1685682.15091919
7010,DOM,FIN,2074858.63041613
7011,DOM,FRA,66170935.1731296
7012,DOM,FRO,979.7983310658
7013,DOM,GBR,109591869.176092
7014,DOM,GEO,2725809.71425149
7015,DOM,GHA,324520.85520118
7016,DOM,GIB,86862.410882542
7017,DOM,GIN,274499.416557375
7018,DOM,GRC,1862571.27593074
7019,DOM,GRD,1766676.42626572
7020,DOM,GRL,128.627650832855
7021,DOM,GTM,10382714.6215122
7022,DOM,GUY,10466481.8974291
7023,DOM,HKG,9187780.66906435
7024,DOM,HND,23935649.3874641
7025,DOM,HRV,847485.816299748
7026,DOM,HTI,466154292.603794
7027,DOM,HUN,84961.5336029085
7028,DOM,IDN,1314267.90778242
7029,DOM,IND,6295539.93613595
7030,DOM,IRL,5610658.30111658
7031,DOM,IRN,0.685173658087972
7032,DOM,IRQ,580881.320069427
7033,DOM,ISL,88871.8196696165
7034,DOM,ISR,493325.03382334
7035,DOM,ITA,16956577.7502462
7036,DOM,JAM,33334965.3520736
7037,DOM,JOR,148944.666804996
7038,DOM,JPN,32076120.4563203
7039,DOM,KAZ,90420.3121368954
7040,DOM,KGZ,8667.44677481284
7041,DOM,KHM,4064.17607031461
7042,DOM,KNA,2140300.93684743
7043,DOM,KOR,19949547.061704
7044,DOM,LBN,1472303.89719407
7045,DOM,LBR,113498.516285502
7046,DOM,LCA,4237918.98066427
7047,DOM,LKA,1183956.57012711
7048,DOM,LTU,15677.4584707109
7049,DOM,LUX,310347.352909973
7050,DOM,LVA,115554.647064322
7051,DOM,MAC,2353114.83358559
7052,DOM,MAR,411960.938050377
7053,DOM,MDA,36900.0273563277
7054,DOM,MDG,21062.3465070622
7055,DOM,MEX,83905590.5528721
7056,DOM,MKD,189129.656488978
7057,DOM,MLI,39691.9113126754
7058,DOM,MLT,39368.6600842626
7059,DOM,MOZ,34431.3466662368
7060,DOM,MSR,162671.189208614
7061,DOM,MUS,68957.9324709477
7062,DOM,MYS,4065867.07890277
7063,DOM,NAM,10233.7537572019
7064,DOM,NCL,12483.1788767048
7065,DOM,NGA,174246.478729669
7066,DOM,NIC,6711389.71979893
7067,DOM,NLD,97078317.9214717
7068,DOM,NOR,5705235.90031288
7069,DOM,NRU,9017.1045960083
7070,DOM,NZL,1264507.85603744
7071,DOM,PAK,134190.753908022
7072,DOM,PAN,35527738.2580048
7073,DOM,PER,9907121.19678654
7074,DOM,PHL,844989.969844461
7075,DOM,POL,9649817.2477911
7076,DOM,PRT,1202757.95044957
7077,DOM,PRY,125251.231525319
7078,DOM,PYF,28583.3894944559
7079,DOM,QAT,0.685173658087972
7080,DOM,ROU,108599.25056071
7081,DOM,RUS,6121945.09935072
7082,DOM,SAU,3246210.72126281
7083,DOM,SDN,111993.467254014
7084,DOM,SEN,32691.5537136198
7085,DOM,SGP,9410679.30799256
7086,DOM,SLV,6513019.5064547
7087,DOM,SRB,743201.7003651
7088,DOM,SUR,6896404.42199779
7089,DOM,SVK,1791312.53031593
7090,DOM,SVN,1007169.6483591
7091,DOM,SWE,4015354.25837764
7092,DOM,SWZ,7235.61197456008
7093,DOM,SYC,21464.8504021587
7094,DOM,SYR,54642.5992325157
7095,DOM,TCA,5359765.36307958
7096,DOM,THA,8183581.93368672
7097,DOM,TKM,1303.20029768332
7098,DOM,TTO,9078238.53047754
7099,DOM,TUN,354041.562259901
7100,DOM,TUR,5369098.20940071
7101,DOM,TZA,51534.6515194287
7102,DOM,UGA,172152.622289235
7103,DOM,UKR,1040640.3815567
7104,DOM,URY,580062.558103222
7105,DOM,USA,2343684495.275
7106,DOM,VCT,3366951.57792819
7107,DOM,VEN,16220272.2275106
7108,DOM,VGB,1633089.15961227
7109,DOM,VNM,12238903.833016
7110,DOM,ZAF,4540519.07502224
7111,DZA,AGO,880663.295171683
7112,DZA,ALB,4080666.82991747
7113,DZA,AND,394903.850901118
7114,DZA,ARE,31570993.3062364
7115,DZA,ARG,61288.7837159691
7116,DZA,AUS,84094005.771936
7117,DZA,AUT,42124292.8727081
7118,DZA,BEL,973261322.153026
7119,DZA,BEN,187225.072419854
7120,DZA,BFA,90292.0572205325
7121,DZA,BGD,1720023.63706017
7122,DZA,BGR,1189425.8414105
7123,DZA,BHR,30796.5004100801
7124,DZA,BIH,149615.205153748
7125,DZA,BLR,1027.76048713196
7126,DZA,BRA,1004383123.8311
7127,DZA,CAN,2268220085.22949
7128,DZA,CHE,125245096.923007
7129,DZA,CHL,29169.0485304432
7130,DZA,CHN,648598944.332768
7131,DZA,CIV,357275.741571538
7132,DZA,CMR,469969.519340095
7133,DZA,COD,240281.494633897
7134,DZA,COG,221793.453817709
7135,DZA,COL,18327.7101801952
7136,DZA,COM,50330.1162285101
7137,DZA,CPV,131344.364387174
7138,DZA,CRI,57779603.790095
7139,DZA,CUB,124864341.367543
7140,DZA,CYP,1218157.91358876
7141,DZA,CZE,5259924.00906829
7142,DZA,DEU,624042374.52204
7143,DZA,DNK,1649495.28656488
7144,DZA,DOM,14098716.2716011
7145,DZA,EGY,323930494.503551
7146,DZA,ESP,3701595238.08647
7147,DZA,ETH,311203.703503061
7148,DZA,FIN,132921.634148092
7149,DZA,FRA,3031444940.86238
7150,DZA,FRO,34.9438565624866
7151,DZA,GAB,169807.958031258
7152,DZA,GBR,782300983.740512
7153,DZA,GHA,3123368.91660963
7154,DZA,GIN,6830879.20955386
7155,DZA,GMB,842648.490273646
7156,DZA,GRC,147326953.983736
7157,DZA,GRL,34952.3253089005
7158,DZA,GTM,531.009585018178
7159,DZA,HKG,21444841.9609952
7160,DZA,HRV,812015.746367849
7161,DZA,HTI,20938.2218175103
7162,DZA,HUN,447418.398731446
7163,DZA,IDN,112573521.569478
7164,DZA,IND,425075042.645964
7165,DZA,IRL,24573744.8751882
7166,DZA,IRN,90.4429228676123
7167,DZA,ISL,68802459.716191
7168,DZA,ISR,46591.8087499821
7169,DZA,ITA,5772686651.79339
7170,DZA,JOR,1928462.37110808
7171,DZA,JPN,151337033.538223
7172,DZA,KAZ,59061.2841535251
7173,DZA,KEN,32256.6054754655
7174,DZA,KNA,29008.1971624705
7175,DZA,KOR,1000203035.5627
7176,DZA,KWT,3122365.82237419
7177,DZA,LBN,2908131.2043525
7178,DZA,LBR,969138.399293267
7179,DZA,LBY,8388006.92044556
7180,DZA,LTU,41.1104194852783
7181,DZA,LUX,24354.497676737
7182,DZA,MAR,490840717.807477
7183,DZA,MDA,275.439810551365
7184,DZA,MDG,98869.278957701
7185,DZA,MEX,11879806.0461349
7186,DZA,MKD,128708.049109895
7187,DZA,MLI,1821419.06085231
7188,DZA,MLT,101277255.317206
7189,DZA,MNE,1558.77007215014
7190,DZA,MOZ,78.1097970220288
7191,DZA,MRT,2078833.3228067
7192,DZA,MUS,78395.5144374515
7193,DZA,MYS,1877112.03130268
7194,DZA,NCL,32975.3526427998
7195,DZA,NER,42697566.7096518
7196,DZA,NGA,414456643.35989
7197,DZA,NLD,2237235719.79479
7198,DZA,NOR,567684.518439177
7199,DZA,OMN,801981.378145151
7200,DZA,PAK,3545973.06613976
7201,DZA,PAN,293374.231051817
7202,DZA,PER,17421.2254305448
7203,DZA,PHL,23114375.8363645
7204,DZA,POL,141441608.940954
7205,DZA,PRK,31433.7119121019
7206,DZA,PRT,657991008.842817
7207,DZA,PYF,13127.9272889655
7208,DZA,QAT,1114571.9896117
7209,DZA,ROU,50641609.87695
7210,DZA,RUS,4689035.94680208
7211,DZA,RWA,816.041826782774
7212,DZA,SAU,13090179.7017942
7213,DZA,SDN,7409549.74624258
7214,DZA,SEN,1024852.61012703
7215,DZA,SGP,7586312.63006315
7216,DZA,SLE,1747599.82127723
7217,DZA,SLV,994.762523758441
7218,DZA,SRB,53814.2242798874
7219,DZA,STP,20430.5081368671
7220,DZA,SVK,31089.0695620836
7221,DZA,SVN,61968573.9646254
7222,DZA,SWE,71477391.3808396
7223,DZA,SYC,15849.7399056478
7224,DZA,SYR,9447903.42248916
7225,DZA,TCD,19825.4997967755
7226,DZA,TGO,25306.2038878211
7227,DZA,THA,306798106.084094
7228,DZA,TJK,13003.2256831935
7229,DZA,TUN,343377526.98233
7230,DZA,TUR,1371955765.44935
7231,DZA,TZA,133487.587589673
7232,DZA,UGA,101119.983981597
7233,DZA,UKR,4224352.54223413
7234,DZA,URY,52562.4120065607
7235,DZA,USA,7640012314.54779
7236,DZA,VNM,5973.34395121094
7237,DZA,YEM,551287.299429292
7238,DZA,ZAF,365652.515069859
7239,DZA,ZWE,275.782397380409
7240,ECU,ABW,149954.366114501
7241,ECU,AFG,189409.406041839
7242,ECU,AGO,2186515.21491181
7243,ECU,ALB,8015353.30093736
7244,ECU,ARE,1652983.50565821
7245,ECU,ARG,94146669.5016526
7246,ECU,ARM,7554602.79316684
7247,ECU,ATG,140516.784147997
7248,ECU,AUS,9201908.94989412
7249,ECU,AUT,38357973.4395166
7250,ECU,AZE,4679048.85556178
7251,ECU,BEL,278639533.164911
7252,ECU,BFA,618.89749531478
7253,ECU,BGD,1470647.83246247
7254,ECU,BGR,18738016.8329099
7255,ECU,BHR,302527.465950214
7256,ECU,BHS,1115879.30095134
7257,ECU,BIH,13184954.9777019
7258,ECU,BLR,17404712.7453848
7259,ECU,BLZ,64215.1604096628
7260,ECU,BMU,3379.96165534796
7261,ECU,BOL,12643571.8635002
7262,ECU,BRA,30154031.5705797
7263,ECU,BRB,467174.010815096
7264,ECU,BRN,64908.5561516478
7265,ECU,BWA,14294.0928550313
7266,ECU,CAN,140897311.783184
7267,ECU,CHE,80211912.6163102
7268,ECU,CHL,643500210.042072
7269,ECU,CHN,522894910.314112
7270,ECU,CIV,34898.670730083
7271,ECU,CMR,93829.051085883
7272,ECU,COD,4364.55620202038
7273,ECU,COG,118295.232068888
7274,ECU,COL,475898673.016227
7275,ECU,CRI,9355792.78693776
7276,ECU,CUB,7061224.31579817
7277,ECU,CYM,189457.368197905
7278,ECU,CYP,623099.665359834
7279,ECU,CZE,16239248.797145
7280,ECU,DEU,381556217.194557
7281,ECU,DJI,7927.45922407783
7282,ECU,DMA,102826.066390236
7283,ECU,DNK,15477604.9625988
7284,ECU,DOM,38457879.5068095
7285,ECU,DZA,59277192.6507935
7286,ECU,EGY,1696479.69982095
7287,ECU,ESP,313078226.727657
7288,ECU,EST,1139391.43928108
7289,ECU,ETH,1958475.82696958
7290,ECU,FIN,12616556.8365091
7291,ECU,FRA,192158280.962495
7292,ECU,FRO,139290.32330002
7293,ECU,GBR,94570006.7869969
7294,ECU,GEO,4536059.96485541
7295,ECU,GHA,1134037.77323798
7296,ECU,GRC,32224327.6296067
7297,ECU,GRD,167439.312695248
7298,ECU,GRL,2499.86979500713
7299,ECU,GTM,153899923.55078
7300,ECU,GUY,165489.30846433
7301,ECU,HKG,9253185.97611811
7302,ECU,HND,85831899.4231728
7303,ECU,HRV,24264916.7023312
7304,ECU,HTI,566127.475689819
7305,ECU,HUN,63035.9765440934
7306,ECU,IDN,2534001.03561112
7307,ECU,IND,46211786.7729548
7308,ECU,IRL,1322692.1364083
7309,ECU,IRN,471489.234513734
7310,ECU,ISL,367298.987370245
7311,ECU,ISR,2693196.33885225
7312,ECU,ITA,396578151.529627
7313,ECU,JAM,3543117.26233285
7314,ECU,JOR,406815.69292681
7315,ECU,JPN,113147507.987027
7316,ECU,KAZ,21885259.940462
7317,ECU,KEN,320729.78935098
7318,ECU,KGZ,33030.1665354468
7319,ECU,KHM,10351.6036263931
7320,ECU,KOR,6887795.21498391
7321,ECU,KWT,444724.295907844
7322,ECU,LBN,254485.829739718
7323,ECU,LBY,13247818.9756578
7324,ECU,LCA,48146.4677801837
7325,ECU,LKA,1864823.44174487
7326,ECU,LTU,1534832.16005752
7327,ECU,LUX,2061919.8110568
7328,ECU,LVA,146769.562472186
7329,ECU,MAC,36645.2051063219
7330,ECU,MAR,2862010.65393351
7331,ECU,MDA,3897042.34507087
7332,ECU,MDG,15474.4052016155
7333,ECU,MDV,52785.0934454393
7334,ECU,MEX,70714861.6167535
7335,ECU,MKD,6958263.37982507
7336,ECU,MLT,148739.553218711
7337,ECU,MNE,13070907.1371395
7338,ECU,MOZ,37009.6551416218
7339,ECU,MRT,3442.99763189206
7340,ECU,MUS,338242.14287805
7341,ECU,MYS,1595379.58587543
7342,ECU,NAM,890.725755514363
7343,ECU,NCL,170168.359375412
7344,ECU,NER,16290.6888946996
7345,ECU,NGA,210858.082234625
7346,ECU,NIC,42000043.4815505
7347,ECU,NLD,208219932.747463
7348,ECU,NOR,27868929.9177666
7349,ECU,NZL,14853981.8245642
7350,ECU,OMN,151826.260548397
7351,ECU,PAK,357912.793428098
7352,ECU,PAN,1345568937.18598
7353,ECU,PER,700288641.743764
7354,ECU,PHL,2984324.57065286
7355,ECU,POL,104762360.98143
7356,ECU,PRK,67201.1472116102
7357,ECU,PRT,23240298.4215952
7358,ECU,PRY,1495517.58073009
7359,ECU,PSE,6806.03755340622
7360,ECU,PYF,109308.494369406
7361,ECU,QAT,530333.318617645
7362,ECU,ROU,23949756.840385
7363,ECU,RUS,555640914.093166
7364,ECU,RWA,502.232291378483
7365,ECU,SAU,16736290.2128898
7366,ECU,SDN,25022544.7909368
7367,ECU,SEN,138991.587585094
7368,ECU,SGP,5745900.55540864
7369,ECU,SLV,146984367.34654
7370,ECU,SRB,32368140.0990501
7371,ECU,SUR,181155.804156511
7372,ECU,SVK,8371768.98992253
7373,ECU,SVN,26572488.399154
7374,ECU,SWE,6823444.39018995
7375,ECU,SWZ,129270.343724141
7376,ECU,SYC,90787.9728959571
7377,ECU,SYR,42338717.2838331
7378,ECU,THA,2887674.65961663
7379,ECU,TTO,7831019.66135463
7380,ECU,TUN,18229667.311112
7381,ECU,TUR,53036418.5690942
7382,ECU,TZA,32321.0117993258
7383,ECU,UKR,93159900.8989631
7384,ECU,URY,5799590.76325641
7385,ECU,USA,3843957237.37646
7386,ECU,UZB,24026.2994945128
7387,ECU,VCT,81876.8817941964
7388,ECU,VEN,422613725.517177
7389,ECU,VNM,7644777.12796048
7390,ECU,YEM,15941.2503290747
7391,ECU,ZAF,2189033.91327894
7392,EGY,AFG,3446489.88802858
7393,EGY,AGO,29582878.6379918
7394,EGY,ALB,12135814.3317429
7395,EGY,AND,90939.4229961672
7396,EGY,ARE,398436907.172806
7397,EGY,ARG,36481052.5716645
7398,EGY,ARM,4180054.69489142
7399,EGY,ATG,1950.00423091837
7400,EGY,AUS,20773923.3408638
7401,EGY,AUT,56328228.5222872
7402,EGY,AZE,2983886.74468534
7403,EGY,BDI,9568240.47205915
7404,EGY,BEL,267534801.348467
7405,EGY,BEN,5508239.52181874
7406,EGY,BFA,4109309.04431117
7407,EGY,BGD,38759414.9639489
7408,EGY,BGR,27877383.3409569
7409,EGY,BHR,29056636.0849786
7410,EGY,BHS,294693.875517295
7411,EGY,BIH,4681567.55392892
7412,EGY,BLR,8890402.28315467
7413,EGY,BLZ,316.824299499878
7414,EGY,BMU,10352.4717414179
7415,EGY,BOL,84214.0091419345
7416,EGY,BRA,65255263.6150716
7417,EGY,BRB,97249.4379870582
7418,EGY,BRN,190700.273213677
7419,EGY,BTN,18046.7889803791
7420,EGY,BWA,97259.1256574099
7421,EGY,CAF,640296.839004184
7422,EGY,CAN,68789039.21975
7423,EGY,CHE,651952147.037242
7424,EGY,CHL,2035536.95474513
7425,EGY,CHN,670427958.549208
7426,EGY,CIV,17911618.1944958
7427,EGY,CMR,15793124.6914537
7428,EGY,COD,15112434.2054611
7429,EGY,COG,6659502.20384558
7430,EGY,COL,4068255.59427487
7431,EGY,COM,162945.660868786
7432,EGY,CPV,812477.798020397
7433,EGY,CRI,586470.281598451
7434,EGY,CUB,282673.301913453
7435,EGY,CYP,81075834.7969613
7436,EGY,CZE,24815296.1466635
7437,EGY,DEU,791172228.365375
7438,EGY,DJI,19364862.6126169
7439,EGY,DMA,33914.413974024
7440,EGY,DNK,12085179.3132366
7441,EGY,DOM,778465.244567804
7442,EGY,DZA,344569318.728382
7443,EGY,ECU,882221.008020879
7444,EGY,ERI,24977547.06885
7445,EGY,ESP,1371282472.81828
7446,EGY,EST,3859977.93770223
7447,EGY,ETH,48136255.5031948
7448,EGY,FIN,18962052.1749369
7449,EGY,FJI,61506.0433756912
7450,EGY,FRA,866042225.79906
7451,EGY,FRO,186751.617422116
7452,EGY,GAB,8005166.46033535
7453,EGY,GBR,625299077.598512
7454,EGY,GEO,6823178.43660869
7455,EGY,GHA,44008394.360497
7456,EGY,GIN,7826702.55068774
7457,EGY,GMB,4234739.69815129
7458,EGY,GNB,543494.823526899
7459,EGY,GRC,238887895.949633
7460,EGY,GRL,45042.8640680889
7461,EGY,GTM,1483904.41069817
7462,EGY,GUY,82309.911546108
7463,EGY,HKG,136074159.259374
7464,EGY,HRV,9860444.17435905
7465,EGY,HTI,2405639.55350405
7466,EGY,HUN,6644626.62397697
7467,EGY,IDN,65763730.0501062
7468,EGY,IND,1176382722.17624
7469,EGY,IRL,37447116.9057672
7470,EGY,IRN,60151222.6345244
7471,EGY,IRQ,266458446.899102
7472,EGY,ISL,1123488.1544244
7473,EGY,ISR,185563526.298991
7474,EGY,ITA,1378265543.77715
7475,EGY,JAM,138390.005113292
7476,EGY,JOR,649532777.230564
7477,EGY,JPN,207650057.371864
7478,EGY,KAZ,8824979.84675945
7479,EGY,KEN,85179707.2842905
7480,EGY,KGZ,1190932.53828463
7481,EGY,KHM,858.522593584229
7482,EGY,KNA,66.4618448345333
7483,EGY,KOR,317220134.59976
7484,EGY,KWT,136183692.726404
7485,EGY,LBN,309727110.875778
7486,EGY,LBR,2256840.97188952
7487,EGY,LBY,693533943.374851
7488,EGY,LCA,12476.3271401239
7489,EGY,LKA,13054445.1548302
7490,EGY,LTU,7828353.40056263
7491,EGY,LUX,1059973.24149331
7492,EGY,LVA,4411696.61767044
7493,EGY,MAC,127324.975378194
7494,EGY,MAR,260239186.657721
7495,EGY,MDA,4274250.99905804
7496,EGY,MDG,13836604.4371213
7497,EGY,MDV,1183912.93415752
7498,EGY,MEX,57632046.1614365
7499,EGY,MKD,2716231.52779861
7500,EGY,MLI,2461799.37456326
7501,EGY,MLT,20355494.0085611
7502,EGY,MNE,653606.337312543
7503,EGY,MOZ,14044229.2794174
7504,EGY,MRT,3638904.45751271
7505,EGY,MUS,17980306.5803348
7506,EGY,MWI,11416109.6451842
7507,EGY,MYS,24885042.7140149
7508,EGY,NAM,173582.375531915
7509,EGY,NCL,177466.144007707
7510,EGY,NER,1582948.48019674
7511,EGY,NGA,80231496.8644064
7512,EGY,NIC,30214.7879743634
7513,EGY,NLD,343030157.402027
7514,EGY,NOR,32820231.5356086
7515,EGY,NPL,3532797.86186838
7516,EGY,NZL,999075.006762446
7517,EGY,OMN,85665916.5738449
7518,EGY,PAK,99406517.4564449
7519,EGY,PAN,4338828.61633283
7520,EGY,PER,3185466.20524214
7521,EGY,PHL,8745229.54666995
7522,EGY,POL,31215034.6280812
7523,EGY,PRK,1687875.20406114
7524,EGY,PRT,51936675.7929645
7525,EGY,PRY,451674.752994554
7526,EGY,PSE,60390998.6498289
7527,EGY,PYF,286707.491358621
7528,EGY,QAT,189433334.448517
7529,EGY,ROU,39750869.1143661
7530,EGY,RUS,145394643.677364
7531,EGY,RWA,10982467.6796464
7532,EGY,SAU,956402848.347558
7533,EGY,SDN,386578614.443517
7534,EGY,SEN,15694209.5963038
7535,EGY,SGP,45185851.7611117
7536,EGY,SLE,2156470.90293979
7537,EGY,SLV,1019057.94576238
7538,EGY,SMR,8415.92158044972
7539,EGY,SOM,18428638.2004433
7540,EGY,SRB,5518024.81502808
7541,EGY,SUR,124720.311012877
7542,EGY,SVK,20629717.5817406
7543,EGY,SVN,16099641.6372124
7544,EGY,SWE,25710444.7056778
7545,EGY,SWZ,166114.317023501
7546,EGY,SYC,624857.708598008
7547,EGY,SYR,600325233.637714
7548,EGY,TCD,4499139.84478155
7549,EGY,TGO,3517981.94692192
7550,EGY,THA,45169092.8074098
7551,EGY,TJK,942979.89281833
7552,EGY,TKM,657.132926130721
7553,EGY,TTO,546655.525500617
7554,EGY,TUN,175227130.525377
7555,EGY,TUR,485001998.804036
7556,EGY,TZA,14420676.632842
7557,EGY,UGA,26566470.518915
7558,EGY,UKR,53250354.3945315
7559,EGY,URY,12360675.3080279
7560,EGY,USA,1486434849.51593
7561,EGY,UZB,65867.0099529169
7562,EGY,VCT,36.3142038786625
7563,EGY,VEN,3031962.63957874
7564,EGY,VNM,18162268.8633494
7565,EGY,WSM,169.237893547729
7566,EGY,YEM,151708657.72268
7567,EGY,ZAF,19949233.2706683
7568,EGY,ZMB,10652267.395327
7569,EGY,ZWE,2128104.5326091
7570,ERI,AGO,89755.69368855
7571,ERI,ARE,3690197.32495167
7572,ERI,AUS,2225.44404146973
7573,ERI,AUT,30076.3828954296
7574,ERI,BDI,279.550852499892
7575,ERI,BEL,3518.36673428173
7576,ERI,BEN,287.772936396948
7577,ERI,BFA,3433.02424412493
7578,ERI,BGR,6.16656292279175
7579,ERI,BRA,6179.58122229542
7580,ERI,BRB,26.7217726654309
7581,ERI,CAN,67488.234974349
7582,ERI,CHE,123635.064455831
7583,ERI,CHN,289303.614349117
7584,ERI,CMR,185.68206134184
7585,ERI,COL,13428.0333512081
7586,ERI,CRI,24.666251691167
7587,ERI,CZE,125664.274761624
7588,ERI,DEU,1841061.56652401
7589,ERI,DNK,6656.46208832465
7590,ERI,DOM,4154.43399629454
7591,ERI,EGY,324288.928028959
7592,ERI,FJI,1167.5359133819
7593,ERI,FRA,604830.880114234
7594,ERI,GBR,97774.9661828117
7595,ERI,HRV,648.859454209309
7596,ERI,IDN,4498.16506534753
7597,ERI,IND,64162.40203799
7598,ERI,IRL,1389.54108585996
7599,ERI,ISR,43165.9404595422
7600,ERI,ITA,2543160.30209323
7601,ERI,JOR,4139.81924216752
7602,ERI,JPN,219148.683497489
7603,ERI,KEN,208633.323366813
7604,ERI,KHM,748.894808290153
7605,ERI,KOR,8254.97223264388
7606,ERI,LBN,24927.3028548985
7607,ERI,LUX,4187.0962245756
7608,ERI,MDG,32390.2047463615
7609,ERI,MEX,3079.85559310543
7610,ERI,MOZ,435738.928555678
7611,ERI,MYS,33141.1646680571
7612,ERI,NGA,2043891.52176519
7613,ERI,NLD,54476.7872072585
7614,ERI,NZL,134.294036985242
7615,ERI,PAK,20148.901763393
7616,ERI,PER,53.4435453308618
7617,ERI,POL,41244.7135222635
7618,ERI,ROU,17.259524447236
7619,ERI,RUS,1325.81102840023
7620,ERI,RWA,124.016432113923
7621,ERI,SAU,3556994.0844301
7622,ERI,SDN,4170433.92489569
7623,ERI,SVK,15337.6123362992
7624,ERI,SVN,613.230423988735
7625,ERI,SWE,23374.6993456712
7626,ERI,SYC,6542.86577720292
7627,ERI,TGO,791.077524550339
7628,ERI,THA,101596.864847626
7629,ERI,TON,16176.950067457
7630,ERI,TUN,32595.081262561
7631,ERI,TZA,22502.4732789252
7632,ERI,UGA,373007.854289434
7633,ERI,UKR,13030.632629517
7634,ERI,USA,373830.062679139
7635,ERI,VEN,21295.1972933742
7636,ERI,YEM,47355.7773787502
7637,ERI,ZAF,52545.2826651085
7638,ERI,ZMB,750.130861569344
7639,ERI,ZWE,2508.42761399665
7640,ESP,ABW,4192319.3033712
7641,ESP,AFG,21020632.7990227
7642,ESP,AGO,340123990.435703
7643,ESP,AIA,112093.85752805
7644,ESP,ALB,56816309.8371437
7645,ESP,AND,744258452.259214
7646,ESP,ARE,880057235.40041
7647,ESP,ARG,578887763.991801
7648,ESP,ARM,12610839.0623324
7649,ESP,ATG,3956220.55684984
7650,ESP,AUS,899753869.48071
7651,ESP,AUT,1549527578.30895
7652,ESP,AZE,21103788.9849981
7653,ESP,BDI,1521565.59884162
7654,ESP,BEL,4917682610.32403
7655,ESP,BEN,40334925.9567155
7656,ESP,BFA,32171296.1847132
7657,ESP,BGD,55002730.6182487
7658,ESP,BGR,351032601.659196
7659,ESP,BHR,67098153.9326997
7660,ESP,BHS,24302940.8852011
7661,ESP,BIH,62133835.7954353
7662,ESP,BLR,118785953.442811
7663,ESP,BLZ,29712870.6107237
7664,ESP,BMU,8361742.24836782
7665,ESP,BOL,33452247.2123022
7666,ESP,BRA,1398989974.56217
7667,ESP,BRB,2659084.28311069
7668,ESP,BRN,2740167.04863516
7669,ESP,BTN,61974.706954039
7670,ESP,BWA,37318721.3760107
7671,ESP,CAF,1830237.08276058
7672,ESP,CAN,801225477.436207
7673,ESP,CHE,2550500245.63954
7674,ESP,CHL,717837438.307916
7675,ESP,CHN,2940938699.72668
7676,ESP,CIV,123638172.1884
7677,ESP,CMR,58178177.5290886
7678,ESP,COD,17495488.6229102
7679,ESP,COG,32948457.5088658
7680,ESP,COK,17956.4029269251
7681,ESP,COL,302556537.183354
7682,ESP,COM,1155275.07609794
7683,ESP,CPV,41195559.849206
7684,ESP,CRI,77259593.8070011
7685,ESP,CUB,448818427.977412
7686,ESP,CYM,38575178.6909688
7687,ESP,CYP,214939203.465546
7688,ESP,CZE,1362458939.25732
7689,ESP,DEU,18099595758.2032
7690,ESP,DJI,4768466.85456121
7691,ESP,DMA,1541442.03033709
7692,ESP,DNK,846444998.264994
7693,ESP,DOM,204900585.544361
7694,ESP,DZA,2035988399.90945
7695,ESP,ECU,176515421.466871
7696,ESP,EGY,800957350.03806
7697,ESP,ERI,820165.273800382
7698,ESP,EST,81125671.3387527
7699,ESP,ETH,28289216.3118639
7700,ESP,FIN,523962542.426755
7701,ESP,FJI,653339.890406254
7702,ESP,FRA,29564522411.5835
7703,ESP,FRO,3757345.71379161
7704,ESP,FSM,179722.138572244
7705,ESP,GAB,31501387.8846585
7706,ESP,GBR,10113486173.2781
7707,ESP,GEO,16146231.676844
7708,ESP,GHA,76481875.5757547
7709,ESP,GIB,883082833.967537
7710,ESP,GIN,30117702.823205
7711,ESP,GMB,10101205.6701398
7712,ESP,GNB,4015929.71860373
7713,ESP,GNQ,185851910.87895
7714,ESP,GRC,1767568505.92438
7715,ESP,GRD,414530.748316881
7716,ESP,GRL,1000788.85218863
7717,ESP,GTM,94002469.9090924
7718,ESP,GUY,1372321.66325659
7719,ESP,HKG,498863676.455168
7720,ESP,HND,41695508.9542181
7721,ESP,HRV,234353685.953655
7722,ESP,HTI,8454379.51867043
7723,ESP,HUN,789491347.531865
7724,ESP,IDN,189661140.136743
7725,ESP,IND,770838934.849395
7726,ESP,IRL,562187836.075814
7727,ESP,IRN,423864426.045541
7728,ESP,IRQ,49628846.2611831
7729,ESP,ISL,30198944.7038674
7730,ESP,ISR,603051484.12418
7731,ESP,ITA,12558490730.7626
7732,ESP,JAM,20232296.285655
7733,ESP,JOR,112626331.080458
7734,ESP,JPN,1609155205.76787
7735,ESP,KAZ,82566742.0401057
7736,ESP,KEN,41399088.498637
7737,ESP,KGZ,2173727.13375725
7738,ESP,KHM,1587835.23396537
7739,ESP,KIR,1231.94223724217
7740,ESP,KNA,1521191.93459096
7741,ESP,KOR,599983875.325039
7742,ESP,KWT,142772549.495224
7743,ESP,LAO,451326.560759814
7744,ESP,LBN,205183008.775019
7745,ESP,LBR,29061063.936838
7746,ESP,LBY,259611675.079011
7747,ESP,LCA,374999.99395963
7748,ESP,LKA,14945914.3149645
7749,ESP,LSO,99166.8046559472
7750,ESP,LTU,187835046.89862
7751,ESP,LUX,189495369.26096
7752,ESP,LVA,86781833.4634231
7753,ESP,MAC,11447284.4272303
7754,ESP,MAR,2949798327.61655
7755,ESP,MDA,21054202.5329622
7756,ESP,MDG,15142037.9953072
7757,ESP,MDV,980187.216449268
7758,ESP,MEX,2362483532.94625
7759,ESP,MHL,4737838.18401281
7760,ESP,MKD,33556603.1823984
7761,ESP,MLI,22253032.6342887
7762,ESP,MLT,154047424.538188
7763,ESP,MMR,3285248.5651163
7764,ESP,MNE,22436609.5906941
7765,ESP,MNG,1279312.37243493
7766,ESP,MNP,199063.461088705
7767,ESP,MOZ,16900247.4730547
7768,ESP,MRT,51289951.8393654
7769,ESP,MSR,54223.475079995
7770,ESP,MUS,60349331.1505861
7771,ESP,MWI,2130630.72129466
7772,ESP,MYS,341683017.364383
7773,ESP,NAM,16401552.0480992
7774,ESP,NCL,22354664.1915341
7775,ESP,NER,5864118.36285416
7776,ESP,NGA,208774956.594845
7777,ESP,NIC,35145367.5056775
7778,ESP,NLD,4614344721.09984
7779,ESP,NOR,1043332350.95576
7780,ESP,NPL,2693140.15461229
7781,ESP,NZL,96075044.8557061
7782,ESP,OMN,117210108.843101
7783,ESP,PAK,88448663.3194505
7784,ESP,PAN,155136508.693968
7785,ESP,PER,212692353.097782
7786,ESP,PHL,123796971.524988
7787,ESP,PNG,2607661.1360672
7788,ESP,POL,2320457539.86356
7789,ESP,PRK,1370585.89158817
7790,ESP,PRT,16113070253.6463
7791,ESP,PRY,29750064.1445496
7792,ESP,PSE,22944955.2947044
7793,ESP,PYF,18101436.3758272
7794,ESP,QAT,175416068.599089
7795,ESP,ROU,703700369.680614
7796,ESP,RUS,1560097657.77831
7797,ESP,RWA,16040291.4886408
7798,ESP,SAU,841612846.468918
7799,ESP,SDN,25677401.1446825
7800,ESP,SEN,128473024.267566
7801,ESP,SGP,541350724.759482
7802,ESP,SHN,1672645.2359324
7803,ESP,SLB,24969.1875206174
7804,ESP,SLE,10483615.8240634
7805,ESP,SLV,45668952.2828002
7806,ESP,SMR,6124622.83200528
7807,ESP,SOM,119812.486783921
7808,ESP,SPM,142503.45202136
7809,ESP,SRB,124236962.107515
7810,ESP,STP,1368471.07294484
7811,ESP,SUR,3727187.13472346
7812,ESP,SVK,420266876.925578
7813,ESP,SVN,490185166.610217
7814,ESP,SWE,1162245385.02869
7815,ESP,SWZ,453775.175454154
7816,ESP,SYC,46438973.2731716
7817,ESP,SYR,176621308.763093
7818,ESP,TCA,15749.9635472097
7819,ESP,TCD,3422684.13771252
7820,ESP,TGO,16331896.6506399
7821,ESP,THA,270221844.521597
7822,ESP,TJK,845781.124793634
7823,ESP,TKL,1306.00402829222
7824,ESP,TKM,16763453.0681532
7825,ESP,TLS,152709.713870705
7826,ESP,TON,507.199800399621
7827,ESP,TTO,20711124.4344054
7828,ESP,TUN,634276179.34729
7829,ESP,TUR,2717697336.68118
7830,ESP,TZA,21653425.266685
7831,ESP,UGA,14346257.8663161
7832,ESP,UKR,254989051.421859
7833,ESP,URY,88897799.808259
7834,ESP,USA,5611793822.29078
7835,ESP,UZB,9558007.26644088
7836,ESP,VAT,13430.7637682356
7837,ESP,VCT,6117436.18459585
7838,ESP,VEN,544554970.802502
7839,ESP,VGB,15460369.772094
7840,ESP,VNM,121947761.971987
7841,ESP,VUT,5894515.25491302
7842,ESP,WLF,66898.8307791467
7843,ESP,WSM,173501.867627089
7844,ESP,YEM,23134350.0811959
7845,ESP,ZAF,527344436.845309
7846,ESP,ZMB,3272750.19936546
7847,ESP,ZWE,851423.140689351
7848,EST,ABW,2433.55868837737
7849,EST,AFG,1118872.09837944
7850,EST,AGO,16864450.5752878
7851,EST,ALB,149978.347192534
7852,EST,AND,2728.68764916755
7853,EST,ARE,45116531.1031876
7854,EST,ARG,678231.478584224
7855,EST,ARM,2084345.01045056
7856,EST,ATG,190026.377514001
7857,EST,AUS,10498709.0404372
7858,EST,AUT,34977543.1253865
7859,EST,AZE,6489672.4024781
7860,EST,BEL,118473630.357399
7861,EST,BEN,910581.814056289
7862,EST,BFA,2447368.50871295
7863,EST,BGD,49195.0438430484
7864,EST,BGR,4310186.98707744
7865,EST,BHR,122226.635187739
7866,EST,BHS,42363.0608187313
7867,EST,BIH,1451595.20855202
7868,EST,BLR,50675835.1781938
7869,EST,BLZ,593815.041736744
7870,EST,BMU,87.0170545771724
7871,EST,BOL,144424.329520073
7872,EST,BRA,18889038.6995837
7873,EST,BRB,26729.994749328
7874,EST,CAN,126835733.719007
7875,EST,CHE,25517979.9252976
7876,EST,CHL,479186.030025817
7877,EST,CHN,54557229.2874505
7878,EST,CIV,275886.127190854
7879,EST,CMR,13316.32948973
7880,EST,COL,1743770.38570218
7881,EST,CRI,153210.311337735
7882,EST,CUB,1844070.61421577
7883,EST,CYP,3792272.18749839
7884,EST,CZE,29646067.8837722
7885,EST,DEU,377156942.882879
7886,EST,DJI,33208.8666772128
7887,EST,DMA,2849.56872662207
7888,EST,DNK,214915820.858611
7889,EST,DOM,533354.461679989
7890,EST,DZA,20745139.8806611
7891,EST,ECU,39706067.0004515
7892,EST,EGY,10128438.8043504
7893,EST,ESP,67409690.3099394
7894,EST,EST,10007214.2767481
7895,EST,ETH,10866.9569933239
7896,EST,FIN,1148555649.81872
7897,EST,FJI,3328.60103793769
7898,EST,FRA,143615032.097418
7899,EST,FRO,1060479.58482663
7900,EST,GBR,134546974.322515
7901,EST,GEO,1321571.17380398
7902,EST,GHA,492129.433196922
7903,EST,GIB,117645.50929587
7904,EST,GMB,18893.6430665661
7905,EST,GRC,7567665.18359541
7906,EST,GRL,253461.536231296
7907,EST,GTM,123314.129114383
7908,EST,HKG,8076404.85697769
7909,EST,HND,42585.5983711417
7910,EST,HRV,4015576.70274643
7911,EST,HUN,15667007.0920964
7912,EST,IDN,3800127.95700262
7913,EST,IND,22402581.8113125
7914,EST,IRL,17468716.3474648
7915,EST,IRN,2339184.99960241
7916,EST,IRQ,380162.485589344
7917,EST,ISL,17080770.8619248
7918,EST,ISR,7146605.42919408
7919,EST,ITA,74628517.0461656
7920,EST,JAM,86097.5515280183
7921,EST,JOR,637290.982166152
7922,EST,JPN,41957741.5450738
7923,EST,KAZ,42572893.7235835
7924,EST,KEN,589156.703625346
7925,EST,KGZ,2064074.68221149
7926,EST,KHM,111174.270202536
7927,EST,KOR,18093290.4078718
7928,EST,KWT,303796.030719481
7929,EST,LBN,1779016.40384788
7930,EST,LBR,189067.360499985
7931,EST,LBY,501327.814187651
7932,EST,LKA,3131564.71039342
7933,EST,LTU,329403274.561241
7934,EST,LUX,738046.453761646
7935,EST,LVA,588889180.557902
7936,EST,MAC,47720.7885712761
7937,EST,MAR,1917113.07035915
7938,EST,MDA,4801853.0373294
7939,EST,MDV,4809.61075163142
7940,EST,MEX,23148904.4776902
7941,EST,MHL,5108.40813218701
7942,EST,MKD,583217.974647341
7943,EST,MLT,2706599.91150387
7944,EST,MMR,37251.4940359805
7945,EST,MNE,139985.089389321
7946,EST,MNG,30544.6716837864
7947,EST,MOZ,1182278.10980932
7948,EST,MUS,34296.0591274473
7949,EST,MYS,3393115.61923594
7950,EST,NAM,103285.153296365
7951,EST,NCL,64851.0015643684
7952,EST,NER,156357.450984065
7953,EST,NGA,223674152.328859
7954,EST,NIC,18148.5989342344
7955,EST,NLD,330469600.047719
7956,EST,NOR,226347869.322443
7957,EST,NPL,27867.383021754
7958,EST,NZL,1431111.25686982
7959,EST,OMN,1056723.57246078
7960,EST,PAK,1040576.24245056
7961,EST,PAN,1021358.59446456
7962,EST,PER,517927.564364304
7963,EST,PHL,99186.3142906876
7964,EST,POL,108615946.173533
7965,EST,PRT,9477562.53462681
7966,EST,PRY,69403.3638660707
7967,EST,PSE,107080.66660878
7968,EST,PYF,7906.21884067711
7969,EST,QAT,109178.174339638
7970,EST,ROU,9487846.04569506
7971,EST,RUS,1226952315.53291
7972,EST,SAU,7569164.78892218
7973,EST,SDN,73962.6834210972
7974,EST,SEN,247603.260344225
7975,EST,SGP,8660301.68798199
7976,EST,SLE,36753.1603827166
7977,EST,SLV,65204.0646986446
7978,EST,SMR,17424.425191528
7979,EST,SRB,3492967.01789306
7980,EST,SVK,10634786.5501958
7981,EST,SVN,4977282.3450485
7982,EST,SWE,778498306.560656
7983,EST,SYC,388709.855680577
7984,EST,SYR,1542799.91434443
7985,EST,TGO,4659562.98195868
7986,EST,THA,3930426.06121389
7987,EST,TJK,895839.336707669
7988,EST,TKM,9156870.62852739
7989,EST,TTO,16614.7760349752
7990,EST,TUN,2312485.7622986
7991,EST,TUR,69895235.6465653
7992,EST,TZA,5223772.19134659
7993,EST,UGA,10326.2522010438
7994,EST,UKR,107741466.851547
7995,EST,URY,5721988.67991502
7996,EST,USA,354608226.898035
7997,EST,UZB,23994689.2887181
7998,EST,VCT,120095.608076353
7999,EST,VEN,407594.050202398
8000,EST,VGB,650748.375208609
8001,EST,VNM,1748934.53956319
8002,EST,YEM,170761.843094575
8003,EST,ZAF,3190813.98564352
8004,ETH,AFG,8349.3925885967
8005,ETH,AGO,1558806.38635401
8006,ETH,ALB,163793.463235316
8007,ETH,AND,9218.2948779273
8008,ETH,ARE,102330996.904279
8009,ETH,ARG,8985.36735216566
8010,ETH,ARM,315223.048660927
8011,ETH,AUS,4255941.10339296
8012,ETH,AUT,2581088.91008956
8013,ETH,BDI,490664.504508984
8014,ETH,BEL,44761728.4089179
8015,ETH,BFA,89906.4051715567
8016,ETH,BGD,689479.289355397
8017,ETH,BGR,498954.458967915
8018,ETH,BHR,247204.266593779
8019,ETH,BIH,207008.776623487
8020,ETH,BLR,79822.7311672487
8021,ETH,BMU,452.214614338061
8022,ETH,BOL,67.1367408877499
8023,ETH,BRA,85720.307245001
8024,ETH,BRB,935.262043290081
8025,ETH,BWA,42695.9113300939
8026,ETH,CAN,10097965.3564684
8027,ETH,CHE,75027319.2549452
8028,ETH,CHL,17392.8318341536
8029,ETH,CHN,147144851.954757
8030,ETH,CIV,45677.3280237418
8031,ETH,CMR,212288.724832712
8032,ETH,COG,70830.0468455883
8033,ETH,COL,27469.982300063
8034,ETH,CRI,1379.93974738917
8035,ETH,CUB,46340.9159709054
8036,ETH,CYP,403953.037383319
8037,ETH,CZE,2199885.00850208
8038,ETH,DEU,115438142.260224
8039,ETH,DJI,22250580.8314813
8040,ETH,DNK,1810851.62752362
8041,ETH,DOM,41542.6338805368
8042,ETH,DZA,744833.098845008
8043,ETH,ECU,79082.242069396
8044,ETH,EGY,5471006.97763062
8045,ETH,ESP,5085191.96215578
8046,ETH,EST,120593.722474047
8047,ETH,ETH,179031.2622138
8048,ETH,FIN,3420057.33264561
8049,ETH,FRA,23859424.0797382
8050,ETH,FRO,356.290302205745
8051,ETH,GBR,27864435.4046769
8052,ETH,GEO,2377.83694063337
8053,ETH,GHA,262776.431002583
8054,ETH,GIN,3464.84302363288
8055,ETH,GNB,25.2239830488506
8056,ETH,GRC,12800123.7667685
8057,ETH,GTM,205704.474566561
8058,ETH,HKG,2094392.93140822
8059,ETH,HRV,1177660.72452747
8060,ETH,HTI,29747.4680215591
8061,ETH,HUN,390548.985110144
8062,ETH,IDN,1214888.26489236
8063,ETH,IND,11844813.8128863
8064,ETH,IRL,147885.782304446
8065,ETH,IRN,248490.800727403
8066,ETH,IRQ,71420.0923633347
8067,ETH,ISL,95988.7184561763
8068,ETH,ISR,27097658.0318842
8069,ETH,ITA,41986616.7698992
8070,ETH,JAM,907.223366853805
8071,ETH,JOR,13850077.0286859
8072,ETH,JPN,7216599.0907218
8073,ETH,KAZ,4171.33723043957
8074,ETH,KEN,2821616.40741813
8075,ETH,KOR,10137865.0740998
8076,ETH,KWT,371525.88190675
8077,ETH,LBN,3008283.03795522
8078,ETH,LBR,224.643091061697
8079,ETH,LBY,152388.176261611
8080,ETH,LKA,58519.6639692377
8081,ETH,LSO,5952.1659186131
8082,ETH,LTU,107552.394283727
8083,ETH,LUX,4256.29876404248
8084,ETH,MAC,38285.9938912134
8085,ETH,MAR,1613236.24533226
8086,ETH,MDA,215.829702297711
8087,ETH,MDG,234341.28362527
8088,ETH,MEX,2824793.53231926
8089,ETH,MKD,247491.535927537
8090,ETH,MLI,35482.4729454568
8091,ETH,MNE,193.218971580808
8092,ETH,MOZ,28674.8958068409
8093,ETH,MUS,226427.968441016
8094,ETH,MWI,12013.4800009596
8095,ETH,MYS,1058376.1016963
8096,ETH,NAM,52735.0757683988
8097,ETH,NCL,64458.397058284
8098,ETH,NER,93112.467696961
8099,ETH,NGA,14921342.6172381
8100,ETH,NLD,72974796.6149977
8101,ETH,NOR,4159569.59896922
8102,ETH,NPL,22959.4841088698
8103,ETH,NZL,1356236.84986128
8104,ETH,OMN,251146.028167992
8105,ETH,PAK,6432532.23015268
8106,ETH,PAN,154802.395923489
8107,ETH,PER,14951.5019061462
8108,ETH,PHL,89466.8553071148
8109,ETH,POL,2131778.06171447
8110,ETH,PRK,482615.665401029
8111,ETH,PRT,13119514.0416179
8112,ETH,PSE,1961513.93424652
8113,ETH,PYF,65197.6994353609
8114,ETH,QAT,21022.7318216726
8115,ETH,ROU,1542099.81075233
8116,ETH,RUS,6331187.54209957
8117,ETH,RWA,142410.604138953
8118,ETH,SAU,75201384.2113028
8119,ETH,SDN,26575694.6083066
8120,ETH,SEN,52342.2979133789
8121,ETH,SGP,5321129.20639419
8122,ETH,SLE,3142.65518473749
8123,ETH,SOM,154192.892159026
8124,ETH,SRB,248651.576041099
8125,ETH,STP,27916.5647869315
8126,ETH,SUR,97.2699931968008
8127,ETH,SVK,3424772.01258692
8128,ETH,SVN,578964.889347755
8129,ETH,SWE,7795257.02227073
8130,ETH,SWZ,499616.455941845
8131,ETH,SYC,7167.00416582842
8132,ETH,SYR,3118461.01769674
8133,ETH,TCA,228379.557478605
8134,ETH,TCD,62729.5189220404
8135,ETH,TGO,246866.150522854
8136,ETH,THA,1245483.88951523
8137,ETH,TUN,1139635.40838034
8138,ETH,TUR,24059683.8958295
8139,ETH,TZA,230792.465718102
8140,ETH,UGA,477279.637098235
8141,ETH,UKR,285217.888196908
8142,ETH,USA,81849730.4176474
8143,ETH,VEN,18152.4448139772
8144,ETH,VNM,2974710.96620325
8145,ETH,YEM,14364130.6211874
8146,ETH,ZAF,3374506.98785593
8147,ETH,ZMB,73695.9117424944
8148,ETH,ZWE,50272.9213574012
8149,FIN,ABW,2094805.40595039
8150,FIN,AFG,4831635.65887066
8151,FIN,AGO,21472865.563611
8152,FIN,AIA,19608.2997471616
8153,FIN,ALB,7070586.52866228
8154,FIN,AND,427117.196567333
8155,FIN,ARE,342620584.124252
8156,FIN,ARG,75723550.259916
8157,FIN,ARM,20750133.4262813
8158,FIN,ATG,918519.139781044
8159,FIN,AUS,420980198.887887
8160,FIN,AUT,437355359.417024
8161,FIN,AZE,51585862.7689815
8162,FIN,BDI,157002.062361594
8163,FIN,BEL,1362947207.02438
8164,FIN,BEN,746215.779287029
8165,FIN,BFA,15365626.3464838
8166,FIN,BGD,48209203.6506655
8167,FIN,BGR,67193478.7480289
8168,FIN,BHR,6794169.66047448
8169,FIN,BHS,4070037.73095956
8170,FIN,BIH,9384108.95870556
8171,FIN,BLR,75906141.5028862
8172,FIN,BLZ,474325.853458218
8173,FIN,BMU,186799.579578182
8174,FIN,BOL,2484236.87282419
8175,FIN,BRA,771132553.078324
8176,FIN,BRB,272778.596063351
8177,FIN,BRN,3925666.15981116
8178,FIN,BTN,627254.558422479
8179,FIN,BWA,896235.922072707
8180,FIN,CAF,306543.953933926
8181,FIN,CAN,567018536.495252
8182,FIN,CHE,549562462.149918
8183,FIN,CHL,164760664.779546
8184,FIN,CHN,2242041333.92847
8185,FIN,CIV,33717719.8016494
8186,FIN,CMR,46942863.6402664
8187,FIN,COD,867172.225843931
8188,FIN,COG,2010640.72931184
8189,FIN,COK,54999.5747083796
8190,FIN,COL,89461683.6163435
8191,FIN,COM,299812.122743212
8192,FIN,CPV,209748.78608218
8193,FIN,CRI,5076880.55148375
8194,FIN,CUB,1957558.95567245
8195,FIN,CYM,582196.853492956
8196,FIN,CYP,197025527.151897
8197,FIN,CZE,299388473.018679
8198,FIN,DEU,5062164169.09517
8199,FIN,DJI,2488959.08967573
8200,FIN,DMA,6.16656292279175
8201,FIN,DNK,894413819.208544
8202,FIN,DOM,16893424.2725863
8203,FIN,DZA,177583425.182762
8204,FIN,ECU,34909566.3615939
8205,FIN,EGY,234942876.374676
8206,FIN,ERI,105154.971654077
8207,FIN,ESP,1031622653.73632
8208,FIN,EST,840726815.917969
8209,FIN,ETH,7432907.83012704
8210,FIN,FJI,132320.051676291
8211,FIN,FRA,1739102768.28393
8212,FIN,FRO,3858229.31286116
8213,FIN,FSM,6343.33772657844
8214,FIN,GAB,2714789.5866869
8215,FIN,GBR,3106160371.13807
8216,FIN,GEO,10523098.4819705
8217,FIN,GHA,39865323.9693218
8218,FIN,GIB,15659572.6975402
8219,FIN,GIN,8467541.19350275
8220,FIN,GMB,142502.417409136
8221,FIN,GNB,162897.981689441
8222,FIN,GNQ,988619.941913682
8223,FIN,GRC,394591658.375547
8224,FIN,GRD,2022898.48605503
8225,FIN,GRL,3480687.66447616
8226,FIN,GTM,9118772.03374271
8227,FIN,GUY,20943639.4856248
8228,FIN,HKG,207804537.30999
8229,FIN,HND,3792111.42520299
8230,FIN,HRV,65004463.3344387
8231,FIN,HTI,103378.316358655
8232,FIN,HUN,308516568.895561
8233,FIN,IDN,155560068.491513
8234,FIN,IND,861833391.755008
8235,FIN,IRL,185213144.722694
8236,FIN,IRN,72595407.7384305
8237,FIN,IRQ,31494373.076747
8238,FIN,ISL,37481571.2393245
8239,FIN,ISR,227637299.947541
8240,FIN,ITA,1381612852.73224
8241,FIN,JAM,1972992.49232088
8242,FIN,JOR,54768806.1648146
8243,FIN,JPN,790420884.264068
8244,FIN,KAZ,244601254.867325
8245,FIN,KEN,38135594.1622212
8246,FIN,KGZ,9473591.95327819
8247,FIN,KHM,929663.489329845
8248,FIN,KNA,41736.6682087707
8249,FIN,KOR,583008837.036162
8250,FIN,KWT,23617226.8395563
8251,FIN,LAO,279823.551615811
8252,FIN,LBN,30295321.9157877
8253,FIN,LBR,582104.355049114
8254,FIN,LBY,31633016.5961138
8255,FIN,LCA,898314.053777687
8256,FIN,LKA,10434278.7354989
8257,FIN,LTU,234900132.50119
8258,FIN,LUX,61279059.7314135
8259,FIN,LVA,229276047.450737
8260,FIN,MAC,39912241.6768112
8261,FIN,MAR,120716750.766526
8262,FIN,MDA,9117924.47392765
8263,FIN,MDG,29036958.3922137
8264,FIN,MDV,848068.213909122
8265,FIN,MEX,195775811.509964
8266,FIN,MHL,5443092.85343226
8267,FIN,MKD,22155080.5870295
8268,FIN,MLI,1881895.22860979
8269,FIN,MLT,24087849.3293925
8270,FIN,MMR,441627.996146944
8271,FIN,MNE,1508585.21273714
8272,FIN,MNG,2076233.77394791
8273,FIN,MNP,5743.12560209338
8274,FIN,MOZ,10418642.3874477
8275,FIN,MRT,11834971.0226443
8276,FIN,MUS,5050610.99343265
8277,FIN,MWI,7949320.90993341
8278,FIN,MYS,115629835.966039
8279,FIN,NAM,3308921.48013009
8280,FIN,NCL,4128531.00615053
8281,FIN,NER,445477.98693174
8282,FIN,NGA,58764545.719812
8283,FIN,NIC,1242069.10390871
8284,FIN,NIU,42358.1207166565
8285,FIN,NLD,2528125586.53148
8286,FIN,NOR,1364800934.33498
8287,FIN,NPL,678063.611037993
8288,FIN,NRU,4160.37445191016
8289,FIN,NZL,73016396.2484749
8290,FIN,OMN,19928611.5805811
8291,FIN,PAK,286329789.3796
8292,FIN,PAN,12307864.1779834
8293,FIN,PER,56007101.3322145
8294,FIN,PHL,92227524.1219472
8295,FIN,PNG,20260988.6369459
8296,FIN,POL,1364538642.75068
8297,FIN,PRK,307660.78699661
8298,FIN,PRT,363685460.977633
8299,FIN,PRY,4813975.9930071
8300,FIN,PSE,1529758.42171243
8301,FIN,PYF,1961434.98305625
8302,FIN,QAT,63692684.6625561
8303,FIN,ROU,144864587.662229
8304,FIN,RUS,3849918012.50209
8305,FIN,RWA,3133113.45637495
8306,FIN,SAU,463596754.090075
8307,FIN,SDN,7823840.72831542
8308,FIN,SEN,9232919.90965919
8309,FIN,SGP,302782321.77373
8310,FIN,SLB,44731.9171882281
8311,FIN,SLE,290576.667005844
8312,FIN,SLV,26041637.5551689
8313,FIN,SMR,2057158.53930675
8314,FIN,SOM,51270.1744874067
8315,FIN,SRB,33005472.8768094
8316,FIN,STP,1405.29117273843
8317,FIN,SUR,1329926.1813907
8318,FIN,SVK,97155416.4021744
8319,FIN,SVN,69960875.2830101
8320,FIN,SWE,4259170842.09412
8321,FIN,SWZ,356518.92615576
8322,FIN,SYC,3788460.85832242
8323,FIN,SYR,46164182.2775382
8324,FIN,TCA,2449.4958276645
8325,FIN,TCD,1374677.61369506
8326,FIN,TGO,64054173.9706661
8327,FIN,THA,154924945.398801
8328,FIN,TJK,2873732.0608482
8329,FIN,TKL,61605.3339460057
8330,FIN,TKM,4096503.24867686
8331,FIN,TTO,3832957.36765625
8332,FIN,TUN,65538920.7133044
8333,FIN,TUR,545370030.775432
8334,FIN,TZA,30592781.1521891
8335,FIN,UGA,6070278.89448893
8336,FIN,UKR,291579050.031028
8337,FIN,URY,26671769.3770373
8338,FIN,USA,3362115803.13525
8339,FIN,UZB,29006363.6377614
8340,FIN,VAT,24034.5215784099
8341,FIN,VCT,262973.761016112
8342,FIN,VEN,60158193.0514049
8343,FIN,VGB,3002004.1065525
8344,FIN,VNM,102242230.601353
8345,FIN,VUT,657599.529391879
8346,FIN,WSM,1564.93663507293
8347,FIN,YEM,24550519.693753
8348,FIN,ZAF,259015521.700595
8349,FIN,ZMB,10478857.932275
8350,FIN,ZWE,5470712.46395578
8351,FJI,AGO,6509.14975183573
8352,FJI,AIA,3722.54848439195
8353,FJI,AND,241.10438819726
8354,FJI,ARE,82205.7651500787
8355,FJI,AUS,86023507.5514834
8356,FJI,AUT,574956.623447941
8357,FJI,BEL,1196392.68716594
8358,FJI,BGD,11481.4549885801
8359,FJI,BGR,3436.83106896927
8360,FJI,BIH,6689.35042391287
8361,FJI,BMU,24486.7361927479
8362,FJI,BRA,17003.2694991111
8363,FJI,BRB,90710.8257679247
8364,FJI,BRN,1256.60848893334
8365,FJI,CAN,3836094.77783663
8366,FJI,CHE,34435.5652804496
8367,FJI,CHL,749.511464582432
8368,FJI,CHN,4943447.77778672
8369,FJI,CIV,620.767334227702
8370,FJI,COK,5081262.92220088
8371,FJI,CZE,123168.18712521
8372,FJI,DEU,1978416.5846236
8373,FJI,DMA,1514442.76234013
8374,FJI,DNK,28037.9912626179
8375,FJI,DOM,5450174.11565169
8376,FJI,ESP,10351.6036263931
8377,FJI,FIN,3557.42163279275
8378,FJI,FRA,164101.831806702
8379,FJI,FRO,2204.20365806901
8380,FJI,FSM,97336.4550416353
8381,FJI,GBR,84892065.9012359
8382,FJI,GHA,296.680193952092
8383,FJI,GRL,64.2624373920709
8384,FJI,GTM,79310.2212709989
8385,FJI,HKG,8768986.77024685
8386,FJI,HRV,1403.92082542225
8387,FJI,IDN,308852.989161683
8388,FJI,IND,818218.62349452
8389,FJI,IRL,51524.8343512556
8390,FJI,ISR,445362.877757182
8391,FJI,ITA,127902.767250239
8392,FJI,JPN,34644827.5932345
8393,FJI,KAZ,561.157225974049
8394,FJI,KEN,61317.5610096088
8395,FJI,KIR,11862170.3613494
8396,FJI,KNA,261.051163731517
8397,FJI,KOR,2794874.05419154
8398,FJI,LBN,54.1287189889498
8399,FJI,LKA,283632.431981123
8400,FJI,LUX,3584.14340545818
8401,FJI,MAC,63939.1135352504
8402,FJI,MEX,1103920.96509673
8403,FJI,MHL,275759.786649692
8404,FJI,MUS,41814.7780057927
8405,FJI,MYS,312927.716906332
8406,FJI,NAM,3773.25133509046
8407,FJI,NCL,2841255.51462848
8408,FJI,NIU,27898.2158363679
8409,FJI,NLD,2309770.41909159
8410,FJI,NOR,2760.38104189607
8411,FJI,NRU,564311.765495886
8412,FJI,NZL,28715370.3851715
8413,FJI,PAN,2133380.68290074
8414,FJI,PHL,32848.5955160535
8415,FJI,PLW,16900.4934503979
8416,FJI,PNG,4395265.00020222
8417,FJI,POL,18923.8112627317
8418,FJI,PRK,39980.5681230912
8419,FJI,PYF,2929177.68360799
8420,FJI,RUS,56176.0178793166
8421,FJI,SAU,54818.6888626444
8422,FJI,SDN,3319.66637343622
8423,FJI,SGP,70611438.7641071
8424,FJI,SLB,3572729.78266175
8425,FJI,SLE,6663.31382490552
8426,FJI,SLV,919.509900890639
8427,FJI,SMR,3599.21722593612
8428,FJI,SRB,63292.9166658764
8429,FJI,SVK,48457.5366209556
8430,FJI,SVN,50279.4133778115
8431,FJI,SWE,13182.7411816126
8432,FJI,SWZ,1072.67704628791
8433,FJI,SYC,16809.6510712876
8434,FJI,TGO,7726.70334225806
8435,FJI,THA,2234868.60513673
8436,FJI,TKL,18822.4055613347
8437,FJI,TLS,13928.8952952704
8438,FJI,TON,9206265.96918591
8439,FJI,TTO,15006.6734594428
8440,FJI,TUR,5706.81139821472
8441,FJI,TUV,3998191.10634611
8442,FJI,TZA,216736.187047361
8443,FJI,UKR,338423.713897443
8444,FJI,URY,9745.91011264331
8445,FJI,USA,114771413.407809
8446,FJI,VCT,4951.75002700177
8447,FJI,VNM,726362.187370272
8448,FJI,VUT,17290150.3394052
8449,FJI,WLF,1619305.16484221
8450,FJI,WSM,11102835.562031
8451,FJI,ZAF,1976943.20363341
8452,FRA,ABW,11514532.432098
8453,FRA,AFG,48574076.4381125
8454,FRA,AGO,515726527.578883
8455,FRA,AIA,638744.235494956
8456,FRA,ALB,65281640.0602133
8457,FRA,AND,218274443.705362
8458,FRA,ARE,3313751171.95129
8459,FRA,ARG,651935179.575604
8460,FRA,ARM,50106358.3818146
8461,FRA,ATG,5202291.31199188
8462,FRA,AUS,2381809910.49736
8463,FRA,AUT,2901838413.9422
8464,FRA,AZE,98052485.4954153
8465,FRA,BDI,12591696.6806727
8466,FRA,BEL,28005060573.7052
8467,FRA,BEN,266194545.182734
8468,FRA,BFA,209352966.056119
8469,FRA,BGD,108607965.969641
8470,FRA,BGR,632309628.526079
8471,FRA,BHR,556571893.115919
8472,FRA,BHS,18535959.8063134
8473,FRA,BIH,117301688.469068
8474,FRA,BLR,269491543.95604
8475,FRA,BLZ,1903952.62335803
8476,FRA,BMU,7946012.35639154
8477,FRA,BOL,29492946.5627892
8478,FRA,BRA,2562401755.75281
8479,FRA,BRB,15420879.4354457
8480,FRA,BRN,27676240.8115308
8481,FRA,BTN,2441733.49529202
8482,FRA,BWA,45812830.7070599
8483,FRA,CAF,32960538.5031383
8484,FRA,CAN,3392005444.00569
8485,FRA,CHE,11600594330.094
8486,FRA,CHL,521965795.224074
8487,FRA,CHN,8928583027.52026
8488,FRA,CIV,698890977.239014
8489,FRA,CMR,511971167.498353
8490,FRA,COD,157308156.841608
8491,FRA,COG,433852073.354957
8492,FRA,COK,331271.186080663
8493,FRA,COL,1037566248.53398
8494,FRA,COM,25595007.389121
8495,FRA,CPV,8031424.04908781
8496,FRA,CRI,52316301.7396174
8497,FRA,CUB,72692147.407216
8498,FRA,CYM,24732065.361721
8499,FRA,CYP,285965157.088107
8500,FRA,CZE,2778764090.81193
8501,FRA,DEU,50847099051.3836
8502,FRA,DJI,135352376.772735
8503,FRA,DMA,5178728.18989023
8504,FRA,DNK,2083190762.10993
8505,FRA,DOM,67742597.4166461
8506,FRA,DZA,4768509879.3559
8507,FRA,ECU,67621290.9025341
8508,FRA,EGY,1306421528.58317
8509,FRA,ERI,4174208.10806696
8510,FRA,ESP,25517629195.1797
8511,FRA,EST,208510334.057975
8512,FRA,ETH,95952530.3242507
8513,FRA,FIN,1873297929.22892
8514,FRA,FJI,4119971.81681369
8515,FRA,FRA,4522184917.35792
8516,FRA,FRO,10261105.8896328
8517,FRA,FSM,38077.1557009228
8518,FRA,GAB,564403521.211482
8519,FRA,GBR,23251330617.1235
8520,FRA,GEO,55241386.8809656
8521,FRA,GHA,334733427.499916
8522,FRA,GIB,150160122.393678
8523,FRA,GIN,95964905.9308631
8524,FRA,GMB,11616388.2925884
8525,FRA,GNB,5341273.30714576
8526,FRA,GNQ,112839749.220197
8527,FRA,GRC,2955835419.94334
8528,FRA,GRD,3580374.26516504
8529,FRA,GRL,2280821.83203738
8530,FRA,GTM,91512776.3132552
8531,FRA,GUY,3956216.68287798
8532,FRA,HKG,2257546062.1755
8533,FRA,HND,20982808.1229631
8534,FRA,HRV,432867309.570391
8535,FRA,HTI,27613553.5883787
8536,FRA,HUN,2318940098.15778
8537,FRA,IDN,1119679213.76381
8538,FRA,IND,3012859631.42334
8539,FRA,IRL,4037524320.63477
8540,FRA,IRN,1379378312.66787
8541,FRA,IRQ,392806802.236611
8542,FRA,ISL,47850979.7883967
8543,FRA,ISR,978850050.723006
8544,FRA,ITA,26877336849.0754
8545,FRA,JAM,16621286.5550744
8546,FRA,JOR,317240121.115367
8547,FRA,JPN,6276709465.39548
8548,FRA,KAZ,453919686.800728
8549,FRA,KEN,141692822.381303
8550,FRA,KGZ,14316293.8519006
8551,FRA,KHM,42920570.8653234
8552,FRA,KIR,3137588.32553593
8553,FRA,KNA,2494054.04099728
8554,FRA,KOR,2749986288.77339
8555,FRA,KWT,570484333.965791
8556,FRA,LAO,38413187.4735799
8557,FRA,LBN,1147564583.96444
8558,FRA,LBR,41952458.8561699
8559,FRA,LBY,683806711.288661
8560,FRA,LCA,6692623.49847755
8561,FRA,LKA,68436354.9865068
8562,FRA,LSO,529272.669794925
8563,FRA,LTU,313541511.228241
8564,FRA,LUX,1618231764.93771
8565,FRA,LVA,164145268.439403
8566,FRA,MAC,253553241.461927
8567,FRA,MAR,3493275969.946
8568,FRA,MDA,42009852.4276396
8569,FRA,MDG,228717228.947881
8570,FRA,MDV,10519476.6540139
8571,FRA,MEX,1717789568.05269
8572,FRA,MHL,9037613.21394219
8573,FRA,MKD,62895215.790161
8574,FRA,MLI,210630454.527108
8575,FRA,MLT,349796750.432236
8576,FRA,MMR,11717293.1320413
8577,FRA,MNE,26290183.8337223
8578,FRA,MNG,23748722.6273219
8579,FRA,MNP,614946.098828587
8580,FRA,MOZ,44350367.959117
8581,FRA,MRT,180922657.375179
8582,FRA,MSR,107568.153277863
8583,FRA,MUS,333105628.922408
8584,FRA,MWI,36818706.8355439
8585,FRA,MYS,1377001552.13505
8586,FRA,NAM,25039090.9927365
8587,FRA,NCL,575361065.699316
8588,FRA,NER,156461892.004767
8589,FRA,NGA,1344616057.27242
8590,FRA,NIC,12429116.6195606
8591,FRA,NLD,13092175343.3869
8592,FRA,NOR,1696180088.9433
8593,FRA,NPL,21393373.086147
8594,FRA,NRU,7615.70520964781
8595,FRA,NZL,580065234.39153
8596,FRA,OMN,576510996.075553
8597,FRA,PAK,332347893.318408
8598,FRA,PAN,718929080.940505
8599,FRA,PER,140951782.403829
8600,FRA,PHL,454574614.152854
8601,FRA,PLW,228462.934205537
8602,FRA,PNG,5376494.65903977
8603,FRA,POL,4918863243.33188
8604,FRA,PRK,1841982.49267885
8605,FRA,PRT,4126521404.82965
8606,FRA,PRY,29382234.832768
8607,FRA,PSE,26553707.1478633
8608,FRA,PYF,449126724.398641
8609,FRA,QAT,865752692.651536
8610,FRA,ROU,2300757732.87903
8611,FRA,RUS,5776070659.78289
8612,FRA,RWA,20207618.4051965
8613,FRA,SAU,2405928933.17267
8614,FRA,SDN,89401356.1312698
8615,FRA,SEN,654936999.370442
8616,FRA,SGP,5762393785.06253
8617,FRA,SHN,321752.068448847
8618,FRA,SLB,70442.7037880244
8619,FRA,SLE,24425544.0185178
8620,FRA,SLV,38836356.4117564
8621,FRA,SMR,10314149.978721
8622,FRA,SOM,8201819.20094405
8623,FRA,SPM,32502660.9285161
8624,FRA,SRB,357819863.324851
8625,FRA,STP,866255.463489409
8626,FRA,SUR,7350795.14787394
8627,FRA,SVK,1647045492.0015
8628,FRA,SVN,899644217.714338
8629,FRA,SWE,4162695445.47378
8630,FRA,SWZ,1282023.29764218
8631,FRA,SYC,61411856.0150964
8632,FRA,SYR,289232176.773177
8633,FRA,TCA,959544.597732719
8634,FRA,TCD,100723598.002094
8635,FRA,TGO,168830304.293742
8636,FRA,THA,1269756350.66471
8637,FRA,TJK,1800097.82695993
8638,FRA,TKL,190385.778504614
8639,FRA,TKM,168506648.812871
8640,FRA,TLS,124702.976119327
8641,FRA,TON,360780.930360854
8642,FRA,TTO,25100666.8642152
8643,FRA,TUN,2946751162.16227
8644,FRA,TUR,4859111311.66792
8645,FRA,TUV,17134.822841464
8646,FRA,TZA,92610308.0339902
8647,FRA,UGA,108686965.807245
8648,FRA,UKR,667019461.284951
8649,FRA,URY,83267125.8682296
8650,FRA,USA,23694918935.5315
8651,FRA,UZB,49633573.4839134
8652,FRA,VAT,371252.439377412
8653,FRA,VCT,23791558.9992519
8654,FRA,VEN,292673399.805295
8655,FRA,VGB,76943462.2180695
8656,FRA,VNM,592261577.649402
8657,FRA,VUT,16230388.1313986
8658,FRA,WLF,6550223.17194347
8659,FRA,WSM,140067.99540195
8660,FRA,YEM,243299703.097463
8661,FRA,ZAF,1365678094.08099
8662,FRA,ZMB,10798971.5744177
8663,FRA,ZWE,7326044.61982283
8664,FRO,AGO,6509.14975183573
8665,FRO,ATG,5889.7527649242
8666,FRO,AUS,6379.6519304571
8667,FRO,AUT,86779.2993178159
8668,FRO,BEL,1766503.76250388
8669,FRO,BGR,49267.4118848156
8670,FRO,BHS,92837.6048026297
8671,FRO,BLR,2814008.2137673
8672,FRO,BLZ,39287.1723811062
8673,FRO,BRA,47507.8859308457
8674,FRO,CAN,4948082.97758368
8675,FRO,CHE,442915.873906112
8676,FRO,CHL,216806.074760486
8677,FRO,CHN,12299426.2643841
8678,FRO,COL,12149.4993052159
8679,FRO,CYP,193264.8782159
8680,FRO,CZE,28958.8646590881
8681,FRO,DEU,45078145.7152648
8682,FRO,DNK,102181411.846767
8683,FRO,ESP,29219635.079765
8684,FRO,EST,1802563.76695539
8685,FRO,FIN,5213835.11778334
8686,FRO,FRA,56365782.890487
8687,FRO,GBR,109762430.139974
8688,FRO,GIB,143413.698374393
8689,FRO,GRC,1259392.34950615
8690,FRO,GRL,2529111.636387
8691,FRO,HRV,130470.082799453
8692,FRO,IND,51020.0861022046
8693,FRO,IRL,2871212.41694142
8694,FRO,ISL,10605616.0011351
8695,FRO,ISR,11259.4587233596
8696,FRO,ITA,16695146.2198953
8697,FRO,JPN,6981207.68048568
8698,FRO,KAZ,310318.575616333
8699,FRO,LBN,138.40507893377
8700,FRO,LTU,2685335.34147301
8701,FRO,LUX,465015.713792119
8702,FRO,LVA,280364.153632043
8703,FRO,MDA,138836.053164708
8704,FRO,MKD,23855.2527425077
8705,FRO,MNE,87.7022282352604
8706,FRO,NCL,1132.59205681942
8707,FRO,NGA,21347573.3381457
8708,FRO,NLD,10599050.6671433
8709,FRO,NOR,46568754.3234149
8710,FRO,NZL,1090568.98602157
8711,FRO,PAK,104.146396029372
8712,FRO,PAN,169424.260782729
8713,FRO,PER,15537659.0633829
8714,FRO,PHL,301046.120501428
8715,FRO,POL,13422964.4364855
8716,FRO,PRT,1270777.8801826
8717,FRO,PYF,1743.76695983389
8718,FRO,ROU,179998.271778537
8719,FRO,RUS,21008560.3749023
8720,FRO,SDN,520822.606696267
8721,FRO,SEN,21186.2546817382
8722,FRO,SRB,27008.8604281698
8723,FRO,SVK,125564.239407544
8724,FRO,SVN,257961.03053354
8725,FRO,SWE,4761937.73884898
8726,FRO,SYC,11067.9766670021
8727,FRO,THA,3340160.60272329
8728,FRO,TUR,417.270757775575
8729,FRO,UKR,6766044.65215729
8730,FRO,URY,40747.2774464917
8731,FRO,USA,58275204.2856368
8732,FRO,VCT,66.4618448345333
8733,FRO,VEN,753.691023896769
8734,FRO,VNM,356490.372913907
8735,FRO,ZAF,334582.630370202
8736,FSM,AGO,6509.14975183573
8737,FSM,AUS,55001.6302293538
8738,FSM,BRA,3234.01966617523
8739,FSM,CHN,2715928.34530664
8740,FSM,CZE,36.3142038786625
8741,FSM,DEU,24086.8016988693
8742,FSM,DOM,9431.1118716504
8743,FSM,ECU,4129741.70800437
8744,FSM,FRA,21872.7986871423
8745,FSM,FSM,54349.3449068541
8746,FSM,GBR,545976.518405452
8747,FSM,HKG,347301.508985289
8748,FSM,IDN,1976.7260035838
8749,FSM,IND,291.883978345476
8750,FSM,IRL,23486.4936500721
8751,FSM,JPN,4458838.83806792
8752,FSM,KNA,157491.961527127
8753,FSM,KOR,62322.7107660238
8754,FSM,MEX,61260.6915959875
8755,FSM,MHL,118197.252235782
8756,FSM,MNP,952614.066181159
8757,FSM,MYS,1249.07157869437
8758,FSM,NLD,18159.1574603055
8759,FSM,PHL,149729.629154648
8760,FSM,PLW,79910.433395484
8761,FSM,POL,5915.10419027346
8762,FSM,SVK,1488.19718536707
8763,FSM,SYC,21509.9382547292
8764,FSM,THA,19482976.003708
8765,FSM,USA,4028779.31396413
8766,FSM,VEN,100048.372380348
8767,GAB,AGO,14322493.9883327
8768,GAB,ALB,23757.7114205423
8769,GAB,ARE,3146351.69662287
8770,GAB,ARG,90090.743607355
8771,GAB,AUS,258732.536072548
8772,GAB,AUT,519197.191152741
8773,GAB,AZE,4568.7379521306
8774,GAB,BDI,8389.95144328721
8775,GAB,BEL,11419169.2771917
8776,GAB,BEN,17208145.330137
8777,GAB,BFA,28582.7043207978
8778,GAB,BGD,148141.3966152
8779,GAB,BGR,9172.41976082368
8780,GAB,BHR,1162.73969777529
8781,GAB,BIH,17015.6026249567
8782,GAB,BMU,1421.73534053254
8783,GAB,BRA,38121.0068150405
8784,GAB,BRB,1099.01854757311
8785,GAB,CAF,3790888.3902233
8786,GAB,CAN,1106153.94604843
8787,GAB,CHE,210848.489803412
8788,GAB,CHL,3180.05538886422
8789,GAB,CHN,489135957.446892
8790,GAB,CIV,2388396.58490791
8791,GAB,CMR,11624348.640148
8792,GAB,COD,1600543.05456278
8793,GAB,COG,143587462.525126
8794,GAB,COL,10086.441420713
8795,GAB,CYP,321797.975083939
8796,GAB,CZE,497656.701689772
8797,GAB,DEU,187861403.336006
8798,GAB,DMA,35344.683152468
8799,GAB,DNK,540739.736136685
8800,GAB,DOM,100208.017842682
8801,GAB,DZA,8302.24921505195
8802,GAB,EGY,244364.843233512
8803,GAB,ESP,216393124.452914
8804,GAB,ETH,5253.22643656048
8805,GAB,FIN,28624.4999139412
8806,GAB,FRA,222822999.867394
8807,GAB,GBR,77029792.7286413
8808,GAB,GHA,4643454.76919777
8809,GAB,GIN,12589734.343316
8810,GAB,GMB,9563917.02627661
8811,GAB,GNQ,10756644.0343718
8812,GAB,GRC,15912872.4916777
8813,GAB,GRD,880.448150643044
8814,GAB,HKG,23467662.3372532
8815,GAB,HND,47087.8744784378
8816,GAB,HRV,76588.0263274154
8817,GAB,HUN,2055.52097426391
8818,GAB,IDN,328295.476883587
8819,GAB,IND,115314906.856878
8820,GAB,IRL,40910130.8918933
8821,GAB,IRN,28.7772936396948
8822,GAB,ISL,34385493.4746902
8823,GAB,ISR,134411.201680775
8824,GAB,ITA,37835048.3034517
8825,GAB,JOR,68434.4597961685
8826,GAB,JPN,15159376.0570998
8827,GAB,KAZ,2759.87949477835
8828,GAB,KEN,2917.46943613858
8829,GAB,KNA,5835.62404593525
8830,GAB,KOR,144285061.807504
8831,GAB,KWT,38649.9608790844
8832,GAB,LBN,549276.314742803
8833,GAB,LBY,4749481.28174494
8834,GAB,LUX,53746.3920877367
8835,GAB,MAR,12872757.6415264
8836,GAB,MDG,51948.1524517375
8837,GAB,MEX,2068593.40248658
8838,GAB,MLI,309832.787492748
8839,GAB,MOZ,20193.4380511687
8840,GAB,MRT,3676838.49413993
8841,GAB,MUS,28.0921199816068
8842,GAB,MYS,210061689.818009
8843,GAB,NAM,111673.713837126
8844,GAB,NER,1366142.40543626
8845,GAB,NGA,47262294.3403616
8846,GAB,NLD,109152761.24866
8847,GAB,NOR,25955607.776223
8848,GAB,NZL,10842.1879655841
8849,GAB,PAK,39939.457703606
8850,GAB,PHL,90566.2541260681
8851,GAB,POL,1596415.56844646
8852,GAB,PRK,54372.6408112291
8853,GAB,PRT,4644729.87737547
8854,GAB,PSE,304313.944580373
8855,GAB,QAT,762298.17538967
8856,GAB,ROU,87890.6509912346
8857,GAB,RUS,559921.857868516
8858,GAB,RWA,14544.8664138915
8859,GAB,SAU,2206586.69205183
8860,GAB,SDN,1557471.71534504
8861,GAB,SEN,4091530.25826646
8862,GAB,SGP,27058753.4036044
8863,GAB,SRB,467699.539010849
8864,GAB,STP,2128857.16641005
8865,GAB,SVK,118380.193602491
8866,GAB,SWE,6710.5908073136
8867,GAB,SYC,493860.613516657
8868,GAB,SYR,54016.3505090233
8869,GAB,TCD,1731614.03466038
8870,GAB,TGO,106730.185894021
8871,GAB,THA,1398525.08286481
8872,GAB,TTO,331368367.686458
8873,GAB,TUN,1568762.64477969
8874,GAB,TUR,7937361.35378452
8875,GAB,TZA,57771.7873290035
8876,GAB,UGA,76442.0843382427
8877,GAB,UKR,19214481.113355
8878,GAB,USA,2165389613.17263
8879,GAB,VCT,113.053653584515
8880,GAB,VEN,14279.0190345533
8881,GAB,VNM,5814226.07259317
8882,GAB,ZAF,41207222.8752139
8883,GAB,ZMB,2922.18274573257
8884,GAB,ZWE,212328.225094101
8885,GBR,ABW,39915786.3240663
8886,GBR,AFG,142700832.73774
8887,GBR,AGO,683743874.012478
8888,GBR,AIA,615399.683790241
8889,GBR,ALB,38412976.4400932
8890,GBR,AND,18760110.9426886
8891,GBR,ARE,4312985630.27193
8892,GBR,ARG,257377362.612204
8893,GBR,ARM,16944072.5505733
8894,GBR,ATG,25782499.6155464
8895,GBR,AUS,3456193914.84585
8896,GBR,AUT,1623423709.44229
8897,GBR,AZE,291206284.04304
8898,GBR,BDI,2790582.12639727
8899,GBR,BEL,12884675427.4336
8900,GBR,BEN,82388390.6517318
8901,GBR,BFA,27784369.8513911
8902,GBR,BGD,123550596.932436
8903,GBR,BGR,230549172.88524
8904,GBR,BHR,259126372.520869
8905,GBR,BHS,20177132.9736272
8906,GBR,BIH,43388292.3298913
8907,GBR,BLR,176127862.81873
8908,GBR,BLZ,8925298.37283558
8909,GBR,BMU,31987874.8853742
8910,GBR,BOL,19610549.1722811
8911,GBR,BRA,1854895877.70682
8912,GBR,BRB,46010723.9333362
8913,GBR,BRN,65501891.1881267
8914,GBR,BTN,1015959.74121871
8915,GBR,BWA,197207720.308972
8916,GBR,CAF,855150.854012778
8917,GBR,CAN,5658114607.17444
8918,GBR,CHE,5526891371.22817
8919,GBR,CHL,711035960.579038
8920,GBR,CHN,5518123310.11178
8921,GBR,CIV,70927460.0174689
8922,GBR,CMR,31849408.8259848
8923,GBR,COD,13874413.7118475
8924,GBR,COG,206633278.848124
8925,GBR,COK,2230697.95307995
8926,GBR,COL,184734772.44533
8927,GBR,COM,190269.984156397
8928,GBR,CPV,5313512.81121467
8929,GBR,CRI,52584060.068288
8930,GBR,CUB,9539063.72217679
8931,GBR,CYM,10911586.4647172
8932,GBR,CYP,643170336.050467
8933,GBR,CZE,1561969363.10428
8934,GBR,DEU,30458425921.6188
8935,GBR,DJI,6730821.2447423
8936,GBR,DMA,8457293.05109873
8937,GBR,DNK,3216108668.33628
8938,GBR,DOM,101057444.056393
8939,GBR,DZA,497165835.059034
8940,GBR,ECU,76166392.3837851
8941,GBR,EGY,1021090529.17809
8942,GBR,ERI,3158196.9788239
8943,GBR,ESP,9769823729.16319
8944,GBR,EST,181658758.703146
8945,GBR,ETH,82912420.372695
8946,GBR,FIN,1441476396.10183
8947,GBR,FJI,6621252.38438282
8948,GBR,FRA,19872229300.0793
8949,GBR,FRO,17238053.8454862
8950,GBR,FSM,41758.5937658295
8951,GBR,GAB,49406881.723614
8952,GBR,GBR,2357839385.50896
8953,GBR,GEO,40398284.9289182
8954,GBR,GHA,278292183.008596
8955,GBR,GIB,385751016.829311
8956,GBR,GIN,91687246.8780297
8957,GBR,GMB,16744750.0520462
8958,GBR,GNB,548339.682352197
8959,GBR,GNQ,46809677.5290863
8960,GBR,GRC,1722499822.45733
8961,GBR,GRD,8144642.14435027
8962,GBR,GRL,1626141.6014953
8963,GBR,GTM,36500462.1710508
8964,GBR,GUY,28577042.0456874
8965,GBR,HKG,3829349244.5431
8966,GBR,HND,8385142.89455475
8967,GBR,HRV,251988889.747273
8968,GBR,HTI,6804656.92848518
8969,GBR,HUN,1038079202.42276
8970,GBR,IDN,578725911.738593
8971,GBR,IND,3159947571.48371
8972,GBR,IRL,16751148922.4126
8973,GBR,IRN,401512592.014504
8974,GBR,IRQ,175432576.682622
8975,GBR,ISL,133815760.420472
8976,GBR,ISR,1306679609.51909
8977,GBR,ITA,9381038492.70829
8978,GBR,JAM,52407099.5824399
8979,GBR,JOR,263418144.095538
8980,GBR,JPN,3898954505.10513
8981,GBR,KAZ,481203641.026752
8982,GBR,KEN,324241053.575122
8983,GBR,KGZ,7734872.66778344
8984,GBR,KHM,4633179.90502109
8985,GBR,KIR,1321027.14591945
8986,GBR,KNA,8579290.27644227
8987,GBR,KOR,2175735913.55491
8988,GBR,KWT,486051869.536101
8989,GBR,LAO,1253473.81944759
8990,GBR,LBN,367712025.125161
8991,GBR,LBR,16345813.1710138
8992,GBR,LBY,458686988.764147
8993,GBR,LCA,20917112.3022783
8994,GBR,LKA,149069910.383132
8995,GBR,LSO,2085801.53890945
8996,GBR,LTU,207152437.669551
8997,GBR,LUX,299027181.633943
8998,GBR,LVA,118477118.953338
8999,GBR,MAC,65123200.952991
9000,GBR,MAR,408216386.872076
9001,GBR,MDA,34621733.129915
9002,GBR,MDG,14060477.4149169
9003,GBR,MDV,7078183.0490095
9004,GBR,MEX,1259230525.87676
9005,GBR,MHL,27800601.2008211
9006,GBR,MKD,43551121.7256975
9007,GBR,MLI,6719731.02391249
9008,GBR,MLT,417796592.929127
9009,GBR,MMR,3902795.74827784
9010,GBR,MNE,17791566.5889569
9011,GBR,MNG,4472819.12138754
9012,GBR,MNP,53212.6418080861
9013,GBR,MOZ,19478096.8820888
9014,GBR,MRT,26310492.380948
9015,GBR,MSR,1141746.66206513
9016,GBR,MUS,63095136.4932537
9017,GBR,MWI,73748670.9048575
9018,GBR,MYS,1168675494.89521
9019,GBR,NAM,216707877.72733
9020,GBR,NCL,31758060.1035412
9021,GBR,NER,30123996.2981038
9022,GBR,NGA,1326436302.1216
9023,GBR,NIC,6685380.52773791
9024,GBR,NIU,89963.3013069507
9025,GBR,NLD,19006690600.8647
9026,GBR,NOR,2890385159.33104
9027,GBR,NPL,57522001.1053846
9028,GBR,NRU,39548.2235448377
9029,GBR,NZL,407444889.26738
9030,GBR,OMN,377279127.523774
9031,GBR,PAK,535292454.816681
9032,GBR,PAN,125864918.960138
9033,GBR,PER,98408520.9130203
9034,GBR,PHL,276871365.800765
9035,GBR,PLW,83487.7250643613
9036,GBR,PNG,15122207.4416695
9037,GBR,POL,3026835213.08133
9038,GBR,PRK,124447.40634486
9039,GBR,PRT,1625331645.38095
9040,GBR,PRY,19195266.1032876
9041,GBR,PSE,14506293.937931
9042,GBR,PYF,17296296.3471183
9043,GBR,QAT,835121872.028197
9044,GBR,ROU,822397014.402773
9045,GBR,RUS,4835496391.12289
9046,GBR,RWA,15313419.5396058
9047,GBR,SAU,2844152225.3583
9048,GBR,SDN,131947543.998772
9049,GBR,SEN,292541193.492446
9050,GBR,SGP,3094367441.00074
9051,GBR,SHN,10963698.7176304
9052,GBR,SLB,3574360.495968
9053,GBR,SLE,22252787.775834
9054,GBR,SLV,22967566.5886341
9055,GBR,SMR,10743852.5273489
9056,GBR,SOM,1231236.50837434
9057,GBR,SPM,2068.53927376759
9058,GBR,SRB,139327250.049149
9059,GBR,STP,157842.770440068
9060,GBR,SUR,12048458.8013787
9061,GBR,SVK,850474320.429715
9062,GBR,SVN,239097430.276361
9063,GBR,SWE,4699163521.253
9064,GBR,SWZ,9258721.26182794
9065,GBR,SYC,92177295.0674629
9066,GBR,SYR,157947028.519404
9067,GBR,TCA,3496924.22465187
9068,GBR,TCD,15568008.8305679
9069,GBR,TGO,20704126.0706616
9070,GBR,THA,1210892179.32467
9071,GBR,TJK,5415825.68253499
9072,GBR,TKL,13718170.8218991
9073,GBR,TKM,30606427.0707635
9074,GBR,TLS,183913.628130315
9075,GBR,TON,713364.443076343
9076,GBR,TTO,131224384.998253
9077,GBR,TUN,233838694.358415
9078,GBR,TUR,2425771491.05284
9079,GBR,TUV,1000.35354080844
9080,GBR,TZA,125523329.058766
9081,GBR,UGA,96143617.0354076
9082,GBR,UKR,626535211.728194
9083,GBR,URY,59073905.0523071
9084,GBR,USA,36145868413.6364
9085,GBR,UZB,47015752.4140138
9086,GBR,VAT,1014580.48664498
9087,GBR,VCT,14489646.2132652
9088,GBR,VEN,297716863.7523
9089,GBR,VGB,20655996.0470493
9090,GBR,VNM,271019700.469146
9091,GBR,VUT,5384283.02801126
9092,GBR,WSM,581139.630538526
9093,GBR,YEM,80085358.9155675
9094,GBR,ZAF,2312583363.23067
9095,GBR,ZMB,92069304.2271295
9096,GBR,ZWE,43961973.6492018
9097,GEO,AFG,172070.401450265
9098,GEO,AGO,2151012.25664432
9099,GEO,ALB,14405579.5164597
9100,GEO,AND,1234.98920449969
9101,GEO,ARE,11450774.2825183
9102,GEO,ARG,25563.8291832622
9103,GEO,ARM,60476221.2010221
9104,GEO,AUS,831063.574062695
9105,GEO,AUT,6644437.97579886
9106,GEO,AZE,113046716.886401
9107,GEO,BDI,60942.7710186346
9108,GEO,BEL,9740047.76682471
9109,GEO,BEN,17160.1742668133
9110,GEO,BGD,247273.691814684
9111,GEO,BGR,85449708.186344
9112,GEO,BIH,34123.7036937553
9113,GEO,BLR,9943103.09144103
9114,GEO,BOL,35138.4458813835
9115,GEO,BRA,536721.877805657
9116,GEO,BRB,12533.8817274033
9117,GEO,CAN,81174813.1240473
9118,GEO,CHE,1569471.79951581
9119,GEO,CHL,16600.4428872217
9120,GEO,CHN,12242798.0318904
9121,GEO,CIV,51367.0806533911
9122,GEO,CMR,4600.25594040264
9123,GEO,COL,2952627.06688239
9124,GEO,CPV,121327.810679586
9125,GEO,CYP,6330212.53998411
9126,GEO,CZE,7177601.06162441
9127,GEO,DEU,22478358.6886382
9128,GEO,DNK,450663.38117615
9129,GEO,DOM,452921.062638233
9130,GEO,DZA,208664.841355085
9131,GEO,ECU,27004.7493862212
9132,GEO,EGY,4223154.64559078
9133,GEO,ESP,66228475.6855717
9134,GEO,EST,1585745.88665278
9135,GEO,ETH,405373.455134907
9136,GEO,FIN,499212.73106729
9137,GEO,FJI,57523.7544647757
9138,GEO,FRA,8291694.11484911
9139,GEO,FRO,2225.44404146973
9140,GEO,FSM,359.030996838097
9141,GEO,GBR,89207636.297745
9142,GEO,GHA,2142890.893275
9143,GEO,GIB,175083.795198536
9144,GEO,GRC,14009104.4643808
9145,GEO,GRL,2867.62305251268
9146,GEO,GTM,21111.5707530066
9147,GEO,HKG,6171513.98764509
9148,GEO,HRV,330570.253428439
9149,GEO,HUN,241181.127646966
9150,GEO,IDN,5181398.99680946
9151,GEO,IND,5952792.85251025
9152,GEO,IRL,731487.312369369
9153,GEO,IRN,4402783.41075242
9154,GEO,IRQ,7321158.646467
9155,GEO,ISR,1446401.59222371
9156,GEO,ITA,32309138.6305569
9157,GEO,JOR,751159.992403792
9158,GEO,JPN,5200387.21439605
9159,GEO,KAZ,14015441.6355444
9160,GEO,KEN,432667.29504647
9161,GEO,KGZ,1732140.93320345
9162,GEO,KHM,1848.59852952135
9163,GEO,KOR,8988875.44129507
9164,GEO,KWT,150802.611103214
9165,GEO,LBN,34994149.6793375
9166,GEO,LBY,8653.74330165108
9167,GEO,LKA,89182.8885103885
9168,GEO,LTU,6772790.87199482
9169,GEO,LUX,64045.9225161151
9170,GEO,LVA,2360333.39021746
9171,GEO,MAR,7326829.21903044
9172,GEO,MDA,1093352.16142072
9173,GEO,MDG,3001.21547167204
9174,GEO,MEX,922153.9860372
9175,GEO,MKD,91397.5205115336
9176,GEO,MNE,8536.57860611804
9177,GEO,MNG,190748.235369743
9178,GEO,MOZ,79925.5072159619
9179,GEO,MUS,2864.02589080772
9180,GEO,MWI,112.289684955747
9181,GEO,MYS,3253556.02268829
9182,GEO,NCL,13084.0761748479
9183,GEO,NER,1889.70894900663
9184,GEO,NGA,25043993.4102601
9185,GEO,NIC,9541.04318887501
9186,GEO,NLD,6179968.34541224
9187,GEO,NOR,390622.298691559
9188,GEO,NZL,61973.957374057
9189,GEO,PAK,152978.722641301
9190,GEO,PAN,432186.303138492
9191,GEO,PER,102971.323205751
9192,GEO,PHL,136298.855108808
9193,GEO,POL,4773417.82349024
9194,GEO,PRK,263886.412328685
9195,GEO,PRT,743758.061375468
9196,GEO,PRY,51.3880243565979
9197,GEO,QAT,868.800198455548
9198,GEO,ROU,8361394.09039177
9199,GEO,RUS,35061716.7092826
9200,GEO,RWA,574197.451034779
9201,GEO,SAU,12025913.8473329
9202,GEO,SDN,870595.395235332
9203,GEO,SGP,845524.164116642
9204,GEO,SLE,112674.752551593
9205,GEO,SLV,15538.2517385971
9206,GEO,SRB,301442.150875803
9207,GEO,SVK,892165.305370006
9208,GEO,SVN,31658570.8328659
9209,GEO,SWE,148204.432591744
9210,GEO,SYC,345814.842477874
9211,GEO,SYR,2329804.21168043
9212,GEO,TGO,23851.2472173026
9213,GEO,THA,912332.021648509
9214,GEO,TJK,912007.249334576
9215,GEO,TKM,7309850.54041392
9216,GEO,TTO,14963.5075189832
9217,GEO,TUN,27470.667473721
9218,GEO,TUR,195607336.899872
9219,GEO,TZA,140758.650449302
9220,GEO,UGA,52138.9746858623
9221,GEO,UKR,67014972.5104082
9222,GEO,URY,1745.82248080815
9223,GEO,USA,49069905.0964825
9224,GEO,UZB,3978289.55227329
9225,GEO,VCT,4022.65454663448
9226,GEO,VEN,32186.7177623406
9227,GEO,VGB,129771.890841862
9228,GEO,VNM,1523395.24135671
9229,GEO,YEM,62433.023724976
9230,GEO,ZAF,802501.42495164
9231,GEO,ZWE,98222.8847583135
9232,GHA,AGO,17758586.4400985
9233,GHA,ALB,3442.99763189206
9234,GHA,ARE,76241687.4874197
9235,GHA,ARG,145213.64957419
9236,GHA,ARM,1265134.78993459
9237,GHA,ATG,5743.81077575147
9238,GHA,AUS,2836804.62654554
9239,GHA,AUT,14368822.0052243
9240,GHA,BDI,34902.0609693432
9241,GHA,BEL,85159718.7131631
9242,GHA,BEN,85935217.4442495
9243,GHA,BFA,142254885.406853
9244,GHA,BGD,181768.349406842
9245,GHA,BGR,1732225.2095634
9246,GHA,BIH,844331.276777911
9247,GHA,BLR,21330826.3235947
9248,GHA,BMU,144655.918216507
9249,GHA,BOL,454.270135312325
9250,GHA,BRA,13214698.3661995
9251,GHA,BRB,3515.62603964938
9252,GHA,BRN,633.785633731374
9253,GHA,BWA,101941.507197645
9254,GHA,CAF,53688.8375004573
9255,GHA,CAN,16508071.8856802
9256,GHA,CHE,707381635.570288
9257,GHA,CHL,113.677161613375
9258,GHA,CHN,54555197.1103427
9259,GHA,CIV,42990094.0660622
9260,GHA,CMR,1590632.01759854
9261,GHA,COD,56116.407771063
9262,GHA,COG,9754325.41551195
9263,GHA,COL,1693.74928279347
9264,GHA,CPV,1142866.23582245
9265,GHA,CUB,30034.5873022862
9266,GHA,CYP,134833.268654158
9267,GHA,CZE,1786308.02191725
9268,GHA,DEU,103307508.732062
9269,GHA,DJI,74586.6340721404
9270,GHA,DNK,7302771.32617855
9271,GHA,DOM,1832006.50536286
9272,GHA,DZA,142146.127106931
9273,GHA,ECU,12878.5240774215
9274,GHA,EGY,6402309.5900882
9275,GHA,ESP,59573419.2940426
9276,GHA,EST,63532107.2064567
9277,GHA,ETH,203023.964217988
9278,GHA,FIN,1116736.4531976
9279,GHA,FRA,173911608.326363
9280,GHA,FRO,4531.73857459384
9281,GHA,GAB,5746297.27095667
9282,GHA,GBR,288639689.296513
9283,GHA,GEO,144617.548491654
9284,GHA,GIN,3517828.87296014
9285,GHA,GMB,1538514.28329608
9286,GHA,GNB,543632.539321133
9287,GHA,GNQ,369913.610049508
9288,GHA,GRC,11289670.0854657
9289,GHA,GTM,160059.307223983
9290,GHA,HKG,1404551.87036135
9291,GHA,HRV,7747777.91363353
9292,GHA,HTI,10442.0465492607
9293,GHA,HUN,82906.0126286446
9294,GHA,IDN,23363603.6434521
9295,GHA,IND,91403257.4705728
9296,GHA,IRL,17634935.6625552
9297,GHA,IRN,3218053.74959446
9298,GHA,ISL,106595.206683378
9299,GHA,ISR,1343182.23615373
9300,GHA,ITA,48339863.4217367
9301,GHA,JAM,141597.303006802
9302,GHA,JOR,135981.619705113
9303,GHA,JPN,83697112.078752
9304,GHA,KAZ,13800661.6192909
9305,GHA,KEN,280732.091886436
9306,GHA,KOR,11358090.1566151
9307,GHA,KWT,12009.0387053079
9308,GHA,LBN,4901874.86608223
9309,GHA,LBR,15724914.2834437
9310,GHA,LBY,231279.683113937
9311,GHA,LKA,26087.9870316995
9312,GHA,LTU,615340.073681988
9313,GHA,LUX,1280481.30952844
9314,GHA,LVA,2418306.11568447
9315,GHA,MAC,2508.38239253521
9316,GHA,MAR,4561876.76906049
9317,GHA,MDA,2078.13170498082
9318,GHA,MDG,1100.58348420818
9319,GHA,MEX,930110.222554918
9320,GHA,MKD,809779.524544738
9321,GHA,MLI,6773251.30869306
9322,GHA,MLT,387386.22350441
9323,GHA,MNE,26118.8198463135
9324,GHA,MOZ,61257.265727697
9325,GHA,MRT,62013.6974462261
9326,GHA,MUS,40587.6319841572
9327,GHA,MWI,80272.5099892323
9328,GHA,MYS,66242612.5598495
9329,GHA,NAM,45892.9316187323
9330,GHA,NER,9042340.91218299
9331,GHA,NGA,54365238.1950271
9332,GHA,NLD,320117128.306301
9333,GHA,NOR,3652266.42367911
9334,GHA,NPL,53517.5440859353
9335,GHA,NZL,1989490.78883398
9336,GHA,OMN,406.307979246167
9337,GHA,PAK,626777.67755645
9338,GHA,PAN,6251.52445639465
9339,GHA,PER,130301.530079564
9340,GHA,PHL,32158.625642359
9341,GHA,POL,14176631.4793043
9342,GHA,PRT,5764386.54070385
9343,GHA,PYF,6973.01231836129
9344,GHA,QAT,274875.912630758
9345,GHA,ROU,632885.5690589
9346,GHA,RUS,62255937.8523485
9347,GHA,RWA,640081.009301886
9348,GHA,SAU,2422961.79258138
9349,GHA,SDN,521042.561143986
9350,GHA,SEN,9995797.7419636
9351,GHA,SGP,14141950.7294265
9352,GHA,SLE,6354383.41112048
9353,GHA,SLV,1970.88147228031
9354,GHA,SRB,12639373.8044971
9355,GHA,SVK,625378.552946634
9356,GHA,SVN,115028.324067125
9357,GHA,SWE,4158138.73026382
9358,GHA,SWZ,73816.7243025831
9359,GHA,SYC,5376.1918122829
9360,GHA,SYR,303275.675584847
9361,GHA,TCD,13517832.2108371
9362,GHA,TGO,34385096.7591422
9363,GHA,THA,14499304.4211496
9364,GHA,TTO,292563.670614299
9365,GHA,TUN,96310.0649018196
9366,GHA,TUR,69952573.033795
9367,GHA,TZA,149847.479023839
9368,GHA,UGA,1219890.03259641
9369,GHA,UKR,150012381.823652
9370,GHA,URY,337569.987519466
9371,GHA,USA,98924695.8031672
9372,GHA,VAT,141993.333381177
9373,GHA,VCT,44048.4441311595
9374,GHA,VEN,17915.9208116843
9375,GHA,VNM,14701678.6831498
9376,GHA,ZAF,1619561768.54372
9377,GHA,ZMB,79755.6396478224
9378,GHA,ZWE,16596.3517153092
9379,GIB,AGO,11258342.5754706
9380,GIB,ALB,6082.28656284692
9381,GIB,ARG,2.05552097426392
9382,GIB,AUT,68080.2250149371
9383,GIB,AZE,125841.049565411
9384,GIB,BEL,1610050.52424241
9385,GIB,BGD,24903.3217768654
9386,GIB,BGR,75817.2059620664
9387,GIB,BIH,106219.731518746
9388,GIB,BRA,4713.30959398716
9389,GIB,BRB,227.477654485207
9390,GIB,CAN,597.471429852711
9391,GIB,CHE,232059.114056647
9392,GIB,CHN,73.9987550735009
9393,GIB,CIV,8801.43522434658
9394,GIB,CMR,32253.8647808332
9395,GIB,COL,11036.092110823
9396,GIB,CRI,2232.9809517087
9397,GIB,CZE,3849.99078479631
9398,GIB,DEU,730271.11542279
9399,GIB,DNK,32512.8604235904
9400,GIB,DOM,36399.5765164603
9401,GIB,ECU,21724.8011769953
9402,GIB,EGY,177601.291771071
9403,GIB,ESP,20406646.6099894
9404,GIB,FIN,927.039959393026
9405,GIB,FRA,2734100.52106645
9406,GIB,FRO,291.198804687388
9407,GIB,GAB,4149.41167338076
9408,GIB,GBR,14513732.8080416
9409,GIB,GEO,69597.8846676019
9410,GIB,GRC,4624770.76871537
9411,GIB,HKG,278157.894453
9412,GIB,HRV,2311.09074873073
9413,GIB,HUN,80165.3179962927
9414,GIB,IND,2875.67384299522
9415,GIB,IRL,23372.7692114763
9416,GIB,ISR,2316572.13799543
9417,GIB,ITA,14380218.50142
9418,GIB,JPN,16214244.0696667
9419,GIB,KAZ,217545.377137563
9420,GIB,KOR,1778.71081639637
9421,GIB,LKA,8718.83479916944
9422,GIB,LTU,67.8321921507092
9423,GIB,LUX,102267.649858894
9424,GIB,MAR,3859244.73816693
9425,GIB,MEX,29454.9303875438
9426,GIB,MLT,4507.07232290268
9427,GIB,MOZ,150358.618572773
9428,GIB,MWI,24235.7104899816
9429,GIB,MYS,34511.511984233
9430,GIB,NLD,38608642.1668071
9431,GIB,NOR,523673.909597417
9432,GIB,NZL,30117.4933149149
9433,GIB,PAK,14872.3794224575
9434,GIB,PHL,337.105439779282
9435,GIB,POL,10890376.2289574
9436,GIB,PRT,340543.641195567
9437,GIB,PRY,36.3142038786625
9438,GIB,RUS,37376.2230486989
9439,GIB,SAU,90085.2622180903
9440,GIB,SDN,33937698.6997908
9441,GIB,SLV,2.23366612536679
9442,GIB,SRB,1626615.96777401
9443,GIB,SVK,3237.44553446567
9444,GIB,SVN,636357.775643836
9445,GIB,SWE,945459.482843405
9446,GIB,SYC,56172.7543971831
9447,GIB,THA,387.123116819704
9448,GIB,TUN,63403.9147984866
9449,GIB,TUR,6758372.07753402
9450,GIB,TZA,119414.805826204
9451,GIB,USA,635162.832784131
9452,GIB,VEN,2124.7235137308
9453,GIB,ZAF,599.526950826975
9454,GIB,ZWE,1766.69287043351
9455,GIN,AGO,301038.583591189
9456,GIN,ARE,4087963.24420245
9457,GIN,AUS,760359.133937281
9458,GIN,AUT,168548.608847693
9459,GIN,BDI,617.341465937262
9460,GIN,BEL,22651046.334945
9461,GIN,BEN,53187.975556395
9462,GIN,BFA,13898.9847244002
9463,GIN,BGD,112.368479926427
9464,GIN,BGR,519247.89400344
9465,GIN,BIH,12434.5315469805
9466,GIN,BLR,3905.48985110144
9467,GIN,BMU,30527.2271624515
9468,GIN,BOL,290.5136310293
9469,GIN,BRB,1712.93414521993
9470,GIN,BWA,1146.29552998118
9471,GIN,CAN,37802081.0879312
9472,GIN,CHE,185091438.491288
9473,GIN,CHN,4275181.46488573
9474,GIN,CIV,15564258.4606071
9475,GIN,COG,435583.394135292
9476,GIN,COL,4742.08688762685
9477,GIN,CPV,38423.8535719154
9478,GIN,CRI,17926.1984165556
9479,GIN,CZE,448566.749782401
9480,GIN,DEU,76247029.1540165
9481,GIN,DNK,5977.45499315947
9482,GIN,DOM,405452.89690952
9483,GIN,DZA,7697569.0731425
9484,GIN,EGY,921076.970471309
9485,GIN,ESP,150979379.327278
9486,GIN,EST,1729.5016442725
9487,GIN,ETH,263.452012229457
9488,GIN,FIN,1148.35105095544
9489,GIN,FRA,34001747.5788312
9490,GIN,GAB,12782.5997652892
9491,GIN,GBR,513280.031441494
9492,GIN,GHA,3815680.0286939
9493,GIN,GMB,428014.104644764
9494,GIN,GRC,127871.904287984
9495,GIN,GRD,35.6290302205745
9496,GIN,GTM,4712417.49788433
9497,GIN,HKG,2636378.99842897
9498,GIN,HRV,55710.0997918168
9499,GIN,HUN,685.173658087972
9500,GIN,IDN,348511.525665473
9501,GIN,IND,43606763.3766409
9502,GIN,IRL,66563724.6404726
9503,GIN,ISR,1053111.91248121
9504,GIN,ITA,4905046.65211022
9505,GIN,JPN,1020256.46522858
9506,GIN,KEN,1033645.44368128
9507,GIN,KOR,25417669.9940399
9508,GIN,LBN,320132.317921127
9509,GIN,LUX,5207.31980146858
9510,GIN,MAR,11579566.6511541
9511,GIN,MDG,10943.4031887041
9512,GIN,MEX,4096364.15842427
9513,GIN,MKD,47.5167931884008
9514,GIN,MNE,149.367857463178
9515,GIN,MRT,899755.659154305
9516,GIN,MUS,106325.248262091
9517,GIN,MWI,1714.83413177381
9518,GIN,MYS,833586.383471775
9519,GIN,NAM,3721.17813707577
9520,GIN,NER,395948.838709535
9521,GIN,NGA,101169.316484979
9522,GIN,NIC,178.830324760961
9523,GIN,NLD,809503.899737299
9524,GIN,NOR,63824.4641122162
9525,GIN,NZL,41444.0990567671
9526,GIN,PAK,23732.3599951931
9527,GIN,PER,26.7217726654309
9528,GIN,POL,1842240.11797429
9529,GIN,PRT,70812.0123897338
9530,GIN,ROU,7196724.40230811
9531,GIN,RUS,79306120.5066552
9532,GIN,RWA,6877.77317988706
9533,GIN,SDN,7403.51857569015
9534,GIN,SEN,1796108.06074889
9535,GIN,SGP,209729.601219754
9536,GIN,SRB,19512.3754350293
9537,GIN,SVK,5112.76583665244
9538,GIN,SVN,4520.09062240635
9539,GIN,SWE,175897.096330686
9540,GIN,SYC,231793.819612451
9541,GIN,TGO,262256.40406613
9542,GIN,THA,514074.832884876
9543,GIN,TUR,631859.610578489
9544,GIN,TZA,17232.8026745706
9545,GIN,UGA,21112.9411003228
9546,GIN,UKR,63536115.6299464
9547,GIN,USA,64882652.4763302
9548,GIN,VNM,2720165.45920826
9549,GIN,ZAF,791437.925894493
9550,GIN,ZMB,83367.0824273398
9551,GIN,ZWE,3230.76509129931
9552,GMB,ARE,173688.439043839
9553,GMB,ARG,1207.96115920909
9554,GMB,AUS,46589.0680553497
9555,GMB,AUT,31653.6526563481
9556,GMB,BEL,1370340.46443936
9557,GMB,BEN,63682.7804773284
9558,GMB,BGD,129847.259944252
9559,GMB,BGR,15.7589941360233
9560,GMB,BLR,616.656292279175
9561,GMB,BRA,21918.0201485761
9562,GMB,BRB,7504.02190337947
9563,GMB,BWA,61.6656292279175
9564,GMB,CAN,66302.8845458568
9565,GMB,CHE,30469.3478028582
9566,GMB,CHN,4549213.92874338
9567,GMB,CIV,75304.7810273502
9568,GMB,CMR,62850.2944827516
9569,GMB,COG,45882.654013861
9570,GMB,COL,1928.76384751764
9571,GMB,COM,227.152196997615
9572,GMB,CRI,956.502426690809
9573,GMB,CYP,2709.01425792287
9574,GMB,CZE,42985.7397874651
9575,GMB,DEU,80285.520066652
9576,GMB,DNK,300430.73246559
9577,GMB,DOM,1910.94248067077
9578,GMB,EGY,404709.955575145
9579,GMB,ESP,168797.130240739
9580,GMB,ETH,8692.90919829471
9581,GMB,FIN,2618.73372121223
9582,GMB,FJI,5446.44540814129
9583,GMB,FRA,5380709.84738433
9584,GMB,FSM,50888.5327598517
9585,GMB,GBR,3431900.67100897
9586,GMB,GHA,43022.0279547447
9587,GMB,GIN,688536.1930365
9588,GMB,GNB,870096.895084869
9589,GMB,GRC,45038.5200670966
9590,GMB,HKG,1564648.17696287
9591,GMB,HND,32.8883355882226
9592,GMB,HRV,2506.3652412858
9593,GMB,IDN,1972.61496163527
9594,GMB,IND,16574202.7916379
9595,GMB,IRL,29304.599861091
9596,GMB,ITA,11678.2615294347
9597,GMB,JPN,38139.6928710439
9598,GMB,KEN,35230.2591515673
9599,GMB,KOR,78556.0149965113
9600,GMB,LBN,179384.630250354
9601,GMB,LBR,1722.52931712779
9602,GMB,LBY,57739.5841670734
9603,GMB,LKA,92216.1522947439
9604,GMB,LSO,954317.261268003
9605,GMB,LUX,682.43296345562
9606,GMB,MAR,2342.68616162614
9607,GMB,MEX,80580.533233094
9608,GMB,MLI,6793.40706219303
9609,GMB,MNE,1.37034731617594
9610,GMB,MRT,446365.286818964
9611,GMB,MYS,163582.470173871
9612,GMB,NGA,332508.60970717
9613,GMB,NIC,43.8511141176302
9614,GMB,NLD,542854.867219203
9615,GMB,NOR,52595.9663309445
9616,GMB,NZL,1056.53778077165
9617,GMB,PAK,105181.693426743
9618,GMB,PLW,6220.6916417807
9619,GMB,POL,3641.01281907948
9620,GMB,PRT,1798.59866699604
9621,GMB,RUS,265.847379338133
9622,GMB,SEN,6540687.26344599
9623,GMB,SGP,884758.457535511
9624,GMB,SLE,15649.202594225
9625,GMB,SRB,1049.68604419077
9626,GMB,SVN,857.152246268053
9627,GMB,SWE,21718.3235452318
9628,GMB,SWZ,300.391779657954
9629,GMB,SYC,722.818469210641
9630,GMB,SYR,8165.11513325394
9631,GMB,TGO,2789.06241122363
9632,GMB,THA,485777.845979501
9633,GMB,TUN,5.39163151549425
9634,GMB,TUR,7460.85596291992
9635,GMB,TZA,1731.00148941005
9636,GMB,UGA,6603.01854299378
9637,GMB,USA,942682.474007174
9638,GMB,VCT,2761.24984209453
9639,GMB,ZAF,138264.948587565
9640,GMB,ZWE,293358.376133369
9641,GNB,AUT,4809.23390611947
9642,GNB,BEL,165276.219456664
9643,GNB,BGR,230168.331440518
9644,GNB,CAN,19651.4656876211
9645,GNB,CHN,1108051.19190768
9646,GNB,CIV,8335.42052736097
9647,GNB,CPV,127624.556597414
9648,GNB,DNK,949.650690109929
9649,GNB,DOM,17875.9066700519
9650,GNB,ESP,403216.747029643
9651,GNB,FRA,82736.0895614388
9652,GNB,GBR,13722.6580241859
9653,GNB,GHA,495852.639448026
9654,GNB,GMB,308181.094169088
9655,GNB,HKG,176186.924788057
9656,GNB,IND,58742112.4490726
9657,GNB,IRL,4302.41711779472
9658,GNB,ITA,187174.24486755
9659,GNB,KOR,215351.451084366
9660,GNB,MEX,11872.6891473484
9661,GNB,MNE,1304.5706449995
9662,GNB,MRT,135.664384301418
9663,GNB,MYS,2453.60686961303
9664,GNB,NGA,253122.334160123
9665,GNB,PAK,27637.1646726364
9666,GNB,POL,6.85173658087972
9667,GNB,PRT,1317703.36850407
9668,GNB,SDN,45652.9920257538
9669,GNB,SEN,578.971741084336
9670,GNB,SGP,96235.380973088
9671,GNB,SVK,729.70994586369
9672,GNB,SYC,578.577766230935
9673,GNB,TGO,5428613.26077208
9674,GNB,THA,148214.710196616
9675,GNB,UKR,91399.4252943031
9676,GNB,USA,30048.290775448
9677,GNB,VNM,4584281.80173798
9678,GNQ,AGO,51378899.8989931
9679,GNQ,ARE,633285.45696097
9680,GNQ,AUS,24532.6428278398
9681,GNQ,AUT,779.042449246024
9682,GNQ,BEL,3544466.36926562
9683,GNQ,BEN,1051951.91347807
9684,GNQ,BFA,2694349.96231451
9685,GNQ,BGR,3607.43930983317
9686,GNQ,BLR,1507.38204779354
9687,GNQ,BRA,183547626.17668
9688,GNQ,CAN,209613225.844275
9689,GNQ,CHE,125.934918356569
9690,GNQ,CHN,722907180.699675
9691,GNQ,CIV,4482414.60779012
9692,GNQ,CMR,5346934.21190888
9693,GNQ,COG,193130780.138581
9694,GNQ,CPV,199429.385617717
9695,GNQ,CYP,2293.96140727853
9696,GNQ,DEU,3455613.43503754
9697,GNQ,DNK,188637.215329174
9698,GNQ,DOM,15.1628930534868
9699,GNQ,DZA,2411.81127646966
9700,GNQ,ESP,437855466.585433
9701,GNQ,FRA,231264000.174077
9702,GNQ,FRO,119620.35792363
9703,GNQ,GAB,4871593.61626303
9704,GNQ,GBR,45033886.9228207
9705,GNQ,GHA,1926519.21861374
9706,GNQ,HRV,80.1653179962927
9707,GNQ,IND,96878397.2663411
9708,GNQ,ISR,2055.52097426391
9709,GNQ,ITA,311156202.990969
9710,GNQ,JPN,535266176.351373
9711,GNQ,KAZ,3426.55346409795
9712,GNQ,KOR,480051054.232242
9713,GNQ,LBN,9042.92193944505
9714,GNQ,MAR,18722856.6154596
9715,GNQ,MEX,12934654.8738394
9716,GNQ,MYS,2348.09012626748
9717,GNQ,NCL,6617.40718981363
9718,GNQ,NER,177341.442401935
9719,GNQ,NGA,1667201.54423719
9720,GNQ,NLD,197428101.61988
9721,GNQ,NOR,135460837.397591
9722,GNQ,PAK,7079.21423536492
9723,GNQ,PRT,152324683.274237
9724,GNQ,SEN,118885.85176216
9725,GNQ,SVK,7810.97970220288
9726,GNQ,SYC,2645.41095758988
9727,GNQ,TUR,20787.483612731
9728,GNQ,USA,1772587920.96116
9729,GNQ,ZAF,1916886.36215469
9730,GRC,ABW,11354.6978618339
9731,GRC,AFG,18522001.4485509
9732,GRC,AGO,36456884.4412227
9733,GRC,AIA,509560.223651734
9734,GRC,ALB,491276581.100533
9735,GRC,AND,111166.405094115
9736,GRC,ARE,169379994.453375
9737,GRC,ARG,5192093.87243855
9738,GRC,ARM,21095585.6515634
9739,GRC,ATG,9847572.06898845
9740,GRC,AUS,87406355.1758775
9741,GRC,AUT,139609066.085762
9742,GRC,AZE,7386705.78446799
9743,GRC,BDI,372639.91603504
9744,GRC,BEL,230272695.036597
9745,GRC,BEN,1144408.5617268
9746,GRC,BFA,9030449.03817322
9747,GRC,BGD,5603474.8774492
9748,GRC,BGR,991902231.378896
9749,GRC,BHR,3121975.27338907
9750,GRC,BHS,35315801.0272586
9751,GRC,BIH,73790205.3413204
9752,GRC,BLR,8972691.63949103
9753,GRC,BLZ,497000.990498982
9754,GRC,BMU,10509795.8353988
9755,GRC,BOL,100837.007260807
9756,GRC,BRA,26219621.9097177
9757,GRC,BRB,1474514.95258872
9758,GRC,BRN,507117.579560651
9759,GRC,BWA,227632.503731934
9760,GRC,CAN,84830722.988801
9761,GRC,CHE,275917868.545738
9762,GRC,CHL,5875460.72759015
9763,GRC,CHN,157312710.50574
9764,GRC,CIV,2174614.79130513
9765,GRC,CMR,79222553.3014465
9766,GRC,COD,174905.650047433
9767,GRC,COG,642594.911453411
9768,GRC,COK,57742.3248617057
9769,GRC,COL,2636872.32346279
9770,GRC,COM,546033.387819073
9771,GRC,CPV,21728.9122189438
9772,GRC,CRI,312092.490217123
9773,GRC,CUB,84833.406128846
9774,GRC,CYM,1789575.61509268
9775,GRC,CYP,1110882577.49576
9776,GRC,CZE,98850986.876551
9777,GRC,DEU,1665674956.08659
9778,GRC,DMA,177011.873872395
9779,GRC,DNK,134515675.589813
9780,GRC,DOM,3316544.72224997
9781,GRC,DZA,214840478.717805
9782,GRC,ECU,851062.422794967
9783,GRC,EGY,191380497.177259
9784,GRC,ERI,67338.1819432278
9785,GRC,ESP,364199513.199787
9786,GRC,EST,5220632.8695317
9787,GRC,ETH,4101922.81951861
9788,GRC,FIN,92342250.9696048
9789,GRC,FJI,7179.93476310386
9790,GRC,FRA,548201976.835568
9791,GRC,FRO,245516.906555347
9792,GRC,GAB,101135.057802075
9793,GRC,GBR,682679800.691814
9794,GRC,GEO,68381508.8906978
9795,GRC,GHA,1180182.16358923
9796,GRC,GIB,271348881.87557
9797,GRC,GIN,7728643.75405776
9798,GRC,GMB,96125.7531877939
9799,GRC,GNQ,9464.98891282724
9800,GRC,GRD,8540.68964806657
9801,GRC,GRL,110163.652760329
9802,GRC,GTM,963849.543826486
9803,GRC,GUY,9950.77703641161
9804,GRC,HKG,34465939.0287126
9805,GRC,HND,345922.254411558
9806,GRC,HRV,64662210.8701399
9807,GRC,HTI,114214.337761316
9808,GRC,HUN,70601946.3682479
9809,GRC,IDN,27469676.7126115
9810,GRC,IND,104646887.294485
9811,GRC,IRL,43900299.308676
9812,GRC,IRN,13522661.3147793
9813,GRC,IRQ,23602398.9964216
9814,GRC,ISL,1738460.289852
9815,GRC,ISR,146014228.401857
9816,GRC,ITA,1675556614.17472
9817,GRC,JAM,2725689.32923976
9818,GRC,JOR,15564071.8227285
9819,GRC,JPN,41101341.6194823
9820,GRC,KAZ,10489594.8604374
9821,GRC,KEN,2406253.83292891
9822,GRC,KGZ,740032.772196443
9823,GRC,KHM,2264060.42883957
9824,GRC,KNA,526908.820674522
9825,GRC,KOR,38421501.3707471
9826,GRC,KWT,8804582.91213183
9827,GRC,LBN,69809903.4340133
9828,GRC,LBR,70366056.1515887
9829,GRC,LBY,242351689.972396
9830,GRC,LCA,574928.531327959
9831,GRC,LKA,858596.592339302
9832,GRC,LTU,13596991.0087296
9833,GRC,LUX,5315675.90445325
9834,GRC,LVA,5925547.60717004
9835,GRC,MAC,383936.835942982
9836,GRC,MAR,132854411.106156
9837,GRC,MDA,36074219.0642226
9838,GRC,MDG,846056.837303302
9839,GRC,MDV,597370.709324972
9840,GRC,MEX,36110789.5230493
9841,GRC,MHL,50424422.160462
9842,GRC,MKD,388467528.2574
9843,GRC,MLI,115853.958325121
9844,GRC,MLT,153224182.678443
9845,GRC,MMR,512.509896249803
9846,GRC,MNE,95383592.9513891
9847,GRC,MNG,1200347.50952042
9848,GRC,MOZ,8739921.70367076
9849,GRC,MRT,4758580.38792435
9850,GRC,MUS,466708.092727596
9851,GRC,MWI,555591.762475629
9852,GRC,MYS,8236308.78737122
9853,GRC,NAM,23042749.837669
9854,GRC,NCL,1004636.56134515
9855,GRC,NER,16180884.3346018
9856,GRC,NGA,381720750.003335
9857,GRC,NIC,185053.071923716
9858,GRC,NLD,393785615.97313
9859,GRC,NOR,37029027.8546842
9860,GRC,NPL,240123.219518878
9861,GRC,NZL,9751962.93673886
9862,GRC,OMN,30856660.7127812
9863,GRC,PAK,32860795.0330358
9864,GRC,PAN,102430148.384341
9865,GRC,PER,5465475.42132102
9866,GRC,PHL,9418049.72103261
9867,GRC,POL,193381343.349128
9868,GRC,PRK,147945.436948987
9869,GRC,PRT,101066101.239951
9870,GRC,PRY,1649391.14016885
9871,GRC,PSE,2949074.49696427
9872,GRC,PYF,476136.767436545
9873,GRC,QAT,12700838.6778432
9874,GRC,ROU,576576496.587487
9875,GRC,RUS,234329391.066086
9876,GRC,RWA,515899.450336364
9877,GRC,SAU,52272321.1276784
9878,GRC,SDN,13815258.1779463
9879,GRC,SEN,9186636.42905534
9880,GRC,SGP,92578527.6242072
9881,GRC,SHN,4892127.58562227
9882,GRC,SLB,2030.89103677663
9883,GRC,SLE,1753842.43847607
9884,GRC,SLV,323500.042374941
9885,GRC,SMR,275647.418169765
9886,GRC,SRB,232825445.849362
9887,GRC,SUR,169851.123971718
9888,GRC,SVK,92012691.347322
9889,GRC,SVN,105514485.698344
9890,GRC,SWE,128771250.213291
9891,GRC,SWZ,1891.21427553345
9892,GRC,SYC,559777.971400318
9893,GRC,SYR,97469443.8228019
9894,GRC,TGO,18704521.4334606
9895,GRC,THA,16061254.3842469
9896,GRC,TJK,789788.027725818
9897,GRC,TKL,954.446905716545
9898,GRC,TKM,253020.928458726
9899,GRC,TON,31073.3105679476
9900,GRC,TTO,1898287.32320589
9901,GRC,TUN,87413379.5762202
9902,GRC,TUR,819390634.962236
9903,GRC,TZA,6185823.1543206
9904,GRC,UGA,645782.339310836
9905,GRC,UKR,58842850.7913266
9906,GRC,URY,2916487.58228654
9907,GRC,USA,832890016.131635
9908,GRC,UZB,30748221.7037839
9909,GRC,VCT,12383548.4602558
9910,GRC,VEN,2359414.67648836
9911,GRC,VNM,4488944.68343064
9912,GRC,VUT,917072.73818882
9913,GRC,YEM,2387421.1497627
9914,GRC,ZAF,39060955.4461519
9915,GRC,ZMB,1767701.28709793
9916,GRC,ZWE,122530.29044953
9917,GRD,ATG,1051229.05526879
9918,GRD,AUS,7174.45337383915
9919,GRD,AUT,462305.851974381
9920,GRD,BEL,120135.608514513
9921,GRD,BGR,44339.6429358469
9922,GRD,BLR,119973.907531204
9923,GRD,BMU,1077.77816417238
9924,GRD,BRA,10096.0338519263
9925,GRD,BRB,1244161.62426051
9926,GRD,CAN,306479.547610066
9927,GRD,CHE,399277.635021965
9928,GRD,CHL,25800.6450695335
9929,GRD,CHN,21415.7878571976
9930,GRD,CRI,412702.704997102
9931,GRD,CZE,9334.80591779053
9932,GRD,DEU,638914.661479627
9933,GRD,DMA,1858462.97467684
9934,GRD,DOM,489.159177982165
9935,GRD,DZA,3203.18685156127
9936,GRD,EGY,6471082.1892512
9937,GRD,ESP,401.112307396886
9938,GRD,EST,71.8747167334282
9939,GRD,FIN,63869.1477123284
9940,GRD,FRA,737018.693274514
9941,GRD,FRO,507.028506985099
9942,GRD,GBR,386239.242800771
9943,GRD,GUY,179642.255545795
9944,GRD,HRV,3460.81214700235
9945,GRD,IDN,3318.98119977813
9946,GRD,IND,34429.2911452625
9947,GRD,IRL,60787.1673957092
9948,GRD,JAM,253054.501967972
9949,GRD,JPN,4193.26278749839
9950,GRD,KNA,1510614.6971124
9951,GRD,KOR,593.360387904184
9952,GRD,LCA,3014403.69424292
9953,GRD,MEX,11278.6435857861
9954,GRD,MNE,86.3318809190844
9955,GRD,MSR,74058.3651817546
9956,GRD,MUS,11420.4745330103
9957,GRD,MYS,52615.1703782334
9958,GRD,NAM,2013.72538112055
9959,GRD,NLD,463529.572127726
9960,GRD,NOR,78597.4159296276
9961,GRD,PAK,751.635502922505
9962,GRD,POL,213885.864629716
9963,GRD,RUS,1609.47292284865
9964,GRD,SDN,39780.6947449431
9965,GRD,SRB,2426.8850969476
9966,GRD,SUR,54186.9587498872
9967,GRD,SVK,47461.2941220957
9968,GRD,SVN,1500.53031121266
9969,GRD,SWE,1534.10382045897
9970,GRD,SYC,5744.28902696481
9971,GRD,THA,13765.1387909874
9972,GRD,TTO,465825.589055979
9973,GRD,TZA,278.180505183716
9974,GRD,UGA,138.40507893377
9975,GRD,UKR,4718.10580959377
9976,GRD,USA,4234534.22279332
9977,GRD,VCT,548308.164363925
9978,GRD,VEN,121397.698392711
9979,GRD,YEM,84.9615336029085
9980,GRD,ZAF,500.176770404219
9981,GRL,AUS,131.320383309141
9982,GRL,AUT,749743.738452524
9983,GRL,BEL,1592.34358139645
9984,GRL,BGR,5519.07381589861
9985,GRL,BIH,2474.84725301375
9986,GRL,BRB,654.340843474013
9987,GRL,CAN,10489309.1430219
9988,GRL,CHN,30325930.6786155
9989,GRL,COL,52.7583716727738
9990,GRL,CZE,7169.65715823254
9991,GRL,DEU,13918960.3998742
9992,GRL,DNK,266903636.882879
9993,GRL,DOM,57499.423948177
9994,GRL,ESP,1297067.23701172
9995,GRL,EST,637769.130603449
9996,GRL,FIN,439936.302385125
9997,GRL,FRA,3899064.97770955
9998,GRL,FRO,1938114.09724968
9999,GRL,GBR,4401450.74798744
10000,GRL,HRV,19935.1275820695
10001,GRL,HUN,2740.69463235189
10002,GRL,IND,108632.913142532
10003,GRL,ISL,2470202.20041959
10004,GRL,JPN,60904284.1290862
10005,GRL,KAZ,8783.9262966878
10006,GRL,KOR,972936.316880048
10007,GRL,LBN,354.234781231481
10008,GRL,LTU,1784.19220566108
10009,GRL,LUX,89873.5435577412
10010,GRL,MDA,286.402589080772
10011,GRL,MEX,10120.0149299593
10012,GRL,MUS,272.699115919013
10013,GRL,MYS,64935.9630979713
10014,GRL,NCL,720.117514650458
10015,GRL,NLD,1784348.42525512
10016,GRL,NOR,7101497.21326248
10017,GRL,NZL,7433.44901659641
10018,GRL,POL,5593111.62587062
10019,GRL,PRT,9162003.21643797
10020,GRL,RUS,2015462.2963438
10021,GRL,RWA,4349.48238154244
10022,GRL,SDN,106244.736931398
10023,GRL,SVK,14414.6834188547
10024,GRL,SVN,3458.07145236999
10025,GRL,SWE,1516108.72097936
10026,GRL,SYC,3125.98079859426
10027,GRL,THA,4375577.22031072
10028,GRL,TUR,31960.6104551715
10029,GRL,UKR,431358.613359522
10030,GRL,USA,5387173.77567473
10031,GRL,ZAF,2825.6561659548
10032,GTM,ABW,216536.801512858
10033,GTM,AFG,569297.774205792
10034,GTM,AGO,93389.8547710486
10035,GTM,ALB,549942.988712123
10036,GTM,AND,3043.99840005672
10037,GTM,ARE,31671443.875554
10038,GTM,ARG,2112324.61121404
10039,GTM,ARM,192751.683145992
10040,GTM,ATG,231677.769009286
10041,GTM,AUS,3818278.89237903
10042,GTM,AUT,3173266.00308622
10043,GTM,AZE,630875.016031816
10044,GTM,BEL,30608807.3640517
10045,GTM,BGD,3831862.46015062
10046,GTM,BGR,122946.190859989
10047,GTM,BHR,595391.242626756
10048,GTM,BHS,713902.304397942
10049,GTM,BIH,66032.2409509121
10050,GTM,BLR,1262706.53449032
10051,GTM,BLZ,36588899.933208
10052,GTM,BMU,1593569.35707077
10053,GTM,BOL,1093345.30968414
10054,GTM,BRA,10531323.3065622
10055,GTM,BRB,2052026.58860767
10056,GTM,BRN,2784.54574646952
10057,GTM,CAN,160426479.454226
10058,GTM,CHE,15923256.5485544
10059,GTM,CHL,73811219.2261798
10060,GTM,CHN,20725737.1330114
10061,GTM,CIV,87356.1346874343
10062,GTM,CMR,42324.5472074102
10063,GTM,COL,24171987.9694321
10064,GTM,CRI,194415303.972692
10065,GTM,CUB,6624341.14723348
10066,GTM,CYM,245128.413091211
10067,GTM,CYP,1769.80355884123
10068,GTM,CZE,997328.49910798
10069,GTM,DEU,64992931.021065
10070,GTM,DMA,842838.968550595
10071,GTM,DNK,1389811.04428125
10072,GTM,DOM,82851466.2586265
10073,GTM,DZA,35572.8459806113
10074,GTM,ECU,6693427.89235215
10075,GTM,EGY,3550882.33539996
10076,GTM,ESP,46077313.8535716
10077,GTM,EST,566399.503335553
10078,GTM,ETH,43844.711854969
10079,GTM,FIN,13542601.238577
10080,GTM,FJI,19955.6827918122
10081,GTM,FRA,23693951.9006153
10082,GTM,FRO,5993.89916095358
10083,GTM,GBR,28271151.0622496
10084,GTM,GRC,1132607.1306399
10085,GTM,GRD,1211848.14937143
10086,GTM,GRL,621.246955788364
10087,GTM,GUY,2477215.89834976
10088,GTM,HKG,5058640.54353179
10089,GTM,HND,432913982.229633
10090,GTM,HRV,709080.052192319
10091,GTM,HTI,5641235.48292009
10092,GTM,HUN,26036.5990073429
10093,GTM,IDN,20647275.1567291
10094,GTM,IND,12723505.5928001
10095,GTM,IRL,1049552.69843413
10096,GTM,ISL,127495.058776036
10097,GTM,ISR,7059701.17475624
10098,GTM,ITA,47722623.3382049
10099,GTM,JAM,19143806.8208706
10100,GTM,JOR,10552914.4988759
10101,GTM,JPN,94663101.3319213
10102,GTM,KAZ,66586.5464403053
10103,GTM,KEN,2008221.38112513
10104,GTM,KHM,102.776048713196
10105,GTM,KNA,238100.586880203
10106,GTM,KOR,67665404.4381628
10107,GTM,KWT,4020657.26542116
10108,GTM,LBN,723049.372733417
10109,GTM,LCA,1079898.0914705
10110,GTM,LKA,403087.663053154
10111,GTM,LTU,7117.58396021785
10112,GTM,LUX,55601.1571801808
10113,GTM,LVA,196233.735676395
10114,GTM,MAC,12168.5279480483
10115,GTM,MAR,566515.427181591
10116,GTM,MDA,231315.312144157
10117,GTM,MEX,342223177.235998
10118,GTM,MKD,604461.11929791
10119,GTM,MLT,392.604506084408
10120,GTM,MNE,30210.6769324148
10121,GTM,MOZ,48077.9504143749
10122,GTM,MSR,24762.1760032993
10123,GTM,MUS,32309.3638471383
10124,GTM,MYS,25360043.4635264
10125,GTM,NAM,262.421511047693
10126,GTM,NCL,10340.6408478637
10127,GTM,NIC,193092903.053588
10128,GTM,NLD,91786438.7833375
10129,GTM,NOR,10310625.0973556
10130,GTM,NPL,1641724.04693485
10131,GTM,NZL,1219739.29439163
10132,GTM,OMN,772862.868023728
10133,GTM,PAK,21888039.0048192
10134,GTM,PAN,127471931.42438
10135,GTM,PER,19094104.3237129
10136,GTM,PHL,85747.4277887354
10137,GTM,POL,2900050.95140267
10138,GTM,PRK,15264446.752394
10139,GTM,PRT,2951034.723301
10140,GTM,PRY,302424.689901501
10141,GTM,PSE,1040886.0923674
10142,GTM,PYF,8522.18995929819
10143,GTM,QAT,510851.77599723
10144,GTM,ROU,2659239.8038276
10145,GTM,RUS,5914473.14533436
10146,GTM,RWA,668.044316635772
10147,GTM,SAU,59189338.3140061
10148,GTM,SDN,986847.571009144
10149,GTM,SGP,17901811.7157169
10150,GTM,SLV,559980762.247902
10151,GTM,SRB,166876.0999483
10152,GTM,SUR,3948688.67989657
10153,GTM,SVK,79627.4566746936
10154,GTM,SVN,141093.700368108
10155,GTM,SWE,4765653.43559679
10156,GTM,SYC,12402.3283850504
10157,GTM,SYR,26849684.9949647
10158,GTM,TGO,22447.3633912578
10159,GTM,THA,3646166.01016196
10160,GTM,TTO,12719921.4493946
10161,GTM,TUN,19846.0550065181
10162,GTM,TUR,1693054.51670416
10163,GTM,UGA,25574.1067881335
10164,GTM,UKR,3407308.99156323
10165,GTM,URY,662595.815706657
10166,GTM,USA,2315257390.46609
10167,GTM,VCT,1014532.52448891
10168,GTM,VEN,12518787.3517156
10169,GTM,VGB,29661321.8227014
10170,GTM,VNM,2048894.65981655
10171,GTM,WSM,18.4996887683752
10172,GTM,YEM,313005.141529696
10173,GTM,ZAF,3479330.33545949
10174,GUY,ABW,603633.196559896
10175,GUY,AGO,560339.81379995
10176,GUY,AIA,240031.406248694
10177,GUY,ARE,3058713.18953781
10178,GUY,ATG,2605227.578064
10179,GUY,AUS,781641.312931151
10180,GUY,AUT,52373.3040769284
10181,GUY,BEL,14669829.7560009
10182,GUY,BGD,355323.522174183
10183,GUY,BGR,290.5136310293
10184,GUY,BHR,18401.0237616106
10185,GUY,BHS,398033.822151097
10186,GUY,BIH,6706.47976536507
10187,GUY,BLR,3288.83355882226
10188,GUY,BLZ,292097.183832663
10189,GUY,BMU,28120.8972752465
10190,GUY,BRA,877052.42999356
10191,GUY,BRB,11687034.4929529
10192,GUY,CAN,183318694.583692
10193,GUY,CHE,197711.703219047
10194,GUY,CHL,537725.892914495
10195,GUY,CHN,8581186.83712786
10196,GUY,COL,608868.608481347
10197,GUY,CRI,115172.210535323
10198,GUY,CUB,148383.262916505
10199,GUY,CYM,160745.851229387
10200,GUY,CZE,913021.991522204
10201,GUY,DEU,6500049.78302269
10202,GUY,DMA,1736110.82937841
10203,GUY,DNK,26040.7100492915
10204,GUY,DOM,933320.946316718
10205,GUY,ECU,570703.06537853
10206,GUY,ESP,6844538.69936299
10207,GUY,EST,13862.447153909
10208,GUY,FIN,86209.2348342867
10209,GUY,FRA,12830972.3403766
10210,GUY,GBR,81824414.6213284
10211,GUY,GHA,21454.1575820506
10212,GUY,GRD,3194382.37005484
10213,GUY,GTM,128357.00723791
10214,GUY,HKG,3140024.80306409
10215,GUY,HRV,1220.29428505468
10216,GUY,HTI,8084301.64097709
10217,GUY,HUN,2055.52097426391
10218,GUY,IDN,63463.5249067403
10219,GUY,IND,4182891.99900957
10220,GUY,IRL,11016.9394515584
10221,GUY,ISL,13081.3354802156
10222,GUY,ISR,747524.460973977
10223,GUY,ITA,5032570.97533836
10224,GUY,JAM,31037262.2114483
10225,GUY,JOR,35515.2913933319
10226,GUY,JPN,5122204.10379261
10227,GUY,KAZ,1351.84762740757
10228,GUY,KNA,1123797.85291786
10229,GUY,KOR,793412.596377103
10230,GUY,KWT,17970.7347043313
10231,GUY,LAO,56.8694136213017
10232,GUY,LBN,123410.053426515
10233,GUY,LCA,3489923.80538719
10234,GUY,LUX,20199.6046140915
10235,GUY,MEX,1071223.79295911
10236,GUY,MOZ,5369.70595843543
10237,GUY,MSR,44333.4763729241
10238,GUY,MUS,366097.877947617
10239,GUY,MYS,422971.402610867
10240,GUY,NCL,6526.96426694602
10241,GUY,NGA,23.295904374991
10242,GUY,NIC,30574.5041448596
10243,GUY,NLD,28198826.1864228
10244,GUY,NOR,8213.47880108373
10245,GUY,NZL,825003.898230565
10246,GUY,PAK,46982.3577350922
10247,GUY,PAN,466510.077540409
10248,GUY,PER,253225.110208836
10249,GUY,PHL,7342.32092007071
10250,GUY,POL,1885034.00913749
10251,GUY,PRK,19234.8801035036
10252,GUY,PRT,21601746.7286974
10253,GUY,PYF,83751.5169227251
10254,GUY,RUS,170830.237129125
10255,GUY,SAU,272631.283726862
10256,GUY,SDN,66058.767449085
10257,GUY,SGP,4051211.21435627
10258,GUY,SLV,8428.32116814014
10259,GUY,SUR,4138039.16100381
10260,GUY,SVK,5905.51175906023
10261,GUY,SVN,16544.2031481922
10262,GUY,SWE,58245.9275004004
10263,GUY,SYC,2301.99575359327
10264,GUY,TCA,19651.4656876211
10265,GUY,THA,895169.106687064
10266,GUY,TTO,20851427.444372
10267,GUY,TUR,411746.88774407
10268,GUY,UGA,406.993152904255
10269,GUY,UKR,40145053.6521465
10270,GUY,URY,11699.3402118521
10271,GUY,USA,122596107.545952
10272,GUY,VCT,2143868.63608509
10273,GUY,VEN,1535509.11163171
10274,GUY,VGB,387814.457040715
10275,GUY,VNM,2949743.85612916
10276,GUY,ZAF,119751.226092325
10277,HKG,ABW,3809027.67764752
10278,HKG,AFG,2764943.61328528
10279,HKG,AGO,45077918.2376104
10280,HKG,ALB,7587302.70599908
10281,HKG,AND,458895.134929042
10282,HKG,ARE,1888553278.24548
10283,HKG,ARG,194469343.619105
10284,HKG,ARM,4070370.04018373
10285,HKG,AUS,3187736262.99601
10286,HKG,AUT,330716387.95141
10287,HKG,AZE,2028910.88490475
10288,HKG,BDI,2053545.61860765
10289,HKG,BEL,1279512468.49452
10290,HKG,BEN,16262333.6680333
10291,HKG,BFA,9025181.42308984
10292,HKG,BGD,788518386.548734
10293,HKG,BGR,26290618.2338215
10294,HKG,BHR,50330520.4809683
10295,HKG,BHS,1211204.08613282
10296,HKG,BIH,2072412.56045676
10297,HKG,BLR,25476973.1444947
10298,HKG,BLZ,2172915.24408284
10299,HKG,BMU,831739.15528957
10300,HKG,BOL,11929831.9452593
10301,HKG,BRA,808305103.46094
10302,HKG,BRB,2994804.98692697
10303,HKG,BRN,15508136.3008032
10304,HKG,BTN,1599576.27453122
10305,HKG,BWA,14519644.4863636
10306,HKG,CAF,1786241.56007242
10307,HKG,CAN,1993453085.7479
10308,HKG,CHE,2686540544.12307
10309,HKG,CHL,201748471.657864
10310,HKG,CHN,112564222158.262
10311,HKG,CIV,4264383.81320792
10312,HKG,CMR,24929231.618746
10313,HKG,COD,6817679.3390308
10314,HKG,COG,13835380.0537199
10315,HKG,COL,105883164.625462
10316,HKG,COM,4021280.77345002
10317,HKG,CPV,66435.1230618678
10318,HKG,CRI,36408768.8062572
10319,HKG,CUB,871270.934666613
10320,HKG,CYP,26603547.3210751
10321,HKG,CZE,404153528.102933
10322,HKG,DEU,7030183795.58597
10323,HKG,DJI,2421756.57211681
10324,HKG,DMA,150952.664134335
10325,HKG,DNK,455885764.520492
10326,HKG,DOM,25030138.5137199
10327,HKG,DZA,26592111.087548
10328,HKG,ECU,96364645.8354229
10329,HKG,EGY,154881680.108161
10330,HKG,ESP,1149246082.34222
10331,HKG,EST,44582334.1862363
10332,HKG,ETH,2362326.66453523
10333,HKG,FIN,468256687.970924
10334,HKG,FJI,20951464.8539739
10335,HKG,FRA,2536529573.75716
10336,HKG,FRO,640157.063577934
10337,HKG,FSM,3272623.72041922
10338,HKG,GAB,11219915.2960304
10339,HKG,GBR,8681671193.04376
10340,HKG,GEO,20397605.4126321
10341,HKG,GHA,46399843.6461956
10342,HKG,GIB,887137.501066957
10343,HKG,GIN,6896345.49706319
10344,HKG,GMB,6118410.9736223
10345,HKG,GNB,320505.737564785
10346,HKG,GNQ,996469.976514396
10347,HKG,GRC,165373306.508494
10348,HKG,GRD,164036.740309183
10349,HKG,GRL,389824.503039291
10350,HKG,GTM,31311034.3093159
10351,HKG,GUY,1520093.38949839
10352,HKG,HND,25602042.0033474
10353,HKG,HRV,22781274.5514431
10354,HKG,HTI,1120728.96010328
10355,HKG,HUN,665139865.499138
10356,HKG,IDN,1500677419.3674
10357,HKG,IND,4908585086.89577
10358,HKG,IRL,270990142.143998
10359,HKG,IRN,69028355.9898733
10360,HKG,IRQ,2518566.12861537
10361,HKG,ISL,4984976.15320343
10362,HKG,ISR,761608205.515975
10363,HKG,ITA,2431949723.1682
10364,HKG,JAM,12582702.406063
10365,HKG,JOR,71350774.7146932
10366,HKG,JPN,9674578901.0069
10367,HKG,KAZ,15585806.2163367
10368,HKG,KEN,81653206.16834
10369,HKG,KGZ,1196311.83667428
10370,HKG,KHM,332072963.962232
10371,HKG,KIR,449793.895804037
10372,HKG,KNA,508015.157052746
10373,HKG,KOR,4246644484.25865
10374,HKG,KWT,78967652.25647
10375,HKG,LAO,11488071.7105963
10376,HKG,LBN,42472341.2209807
10377,HKG,LBR,2736289.65090404
10378,HKG,LBY,4418800.71535755
10379,HKG,LCA,1899350.71272324
10380,HKG,LKA,353493857.733529
10381,HKG,LSO,18273839.7716753
10382,HKG,LTU,36320282.7393571
10383,HKG,LUX,61184498.9148608
10384,HKG,LVA,66326690.2194335
10385,HKG,MAC,1593307463.14343
10386,HKG,MAR,76825341.0201098
10387,HKG,MDA,2885136.77638707
10388,HKG,MDG,62514330.5361201
10389,HKG,MDV,5390139.89244059
10390,HKG,MEX,852736835.791955
10391,HKG,MHL,254348.109834443
10392,HKG,MKD,2400076.30722759
10393,HKG,MLI,8222253.13494921
10394,HKG,MLT,12148617.486718
10395,HKG,MMR,26630968.6560455
10396,HKG,MNE,1028031.1307269
10397,HKG,MNG,7667748.26002154
10398,HKG,MNP,6808265.05296867
10399,HKG,MOZ,7752268.54178864
10400,HKG,MRT,4617967.67946422
10401,HKG,MSR,10414.6396029372
10402,HKG,MUS,25475278.7100383
10403,HKG,MWI,20765177.0991183
10404,HKG,MYS,2106418504.72424
10405,HKG,NAM,14435683.3063015
10406,HKG,NCL,4529702.23848201
10407,HKG,NER,1121982.14272392
10408,HKG,NGA,289830204.56404
10409,HKG,NIC,20153034.0457249
10410,HKG,NLD,3293872592.4364
10411,HKG,NOR,209064532.612315
10412,HKG,NPL,17609725.6111423
10413,HKG,NZL,283517981.258449
10414,HKG,OMN,49458386.9126662
10415,HKG,PAK,85601055.5105054
10416,HKG,PAN,596290128.115365
10417,HKG,PER,94680558.1863821
10418,HKG,PHL,1394410014.15069
10419,HKG,PLW,448305.013445011
10420,HKG,PNG,9130173.32341329
10421,HKG,POL,367668794.778377
10422,HKG,PRK,17876535.6594701
10423,HKG,PRT,133719078.991447
10424,HKG,PRY,61813589.0535133
10425,HKG,PSE,2896209.4471788
10426,HKG,PYF,4902433.28261357
10427,HKG,QAT,33670747.7215191
10428,HKG,ROU,161568187.746566
10429,HKG,RUS,499201301.000325
10430,HKG,RWA,1087964.64094717
10431,HKG,SAU,392015890.524086
10432,HKG,SDN,7942037.66400097
10433,HKG,SEN,22590388.5961681
10434,HKG,SGP,3832068793.34602
10435,HKG,SLB,3265491.06263852
10436,HKG,SLE,6934342.48744612
10437,HKG,SLV,18395946.1931447
10438,HKG,SMR,1255634.8571652
10439,HKG,SOM,37056.2469503718
10440,HKG,SRB,14439074.915909
10441,HKG,STP,452879.917960065
10442,HKG,SUR,4015811.71731116
10443,HKG,SVK,92896886.7127012
10444,HKG,SVN,42195912.0196671
10445,HKG,SWE,717434928.225701
10446,HKG,SWZ,7643021.24233415
10447,HKG,SYC,7381662.00876697
10448,HKG,SYR,12766611.9231514
10449,HKG,TCD,5515734.27948909
10450,HKG,TGO,6251424.42104057
10451,HKG,THA,2600393215.41397
10452,HKG,TJK,2598858.88891207
10453,HKG,TKL,12955.9487007855
10454,HKG,TKM,5863881.29276846
10455,HKG,TON,1006829.80222469
10456,HKG,TTO,4705652.09318437
10457,HKG,TUN,39181599.4535207
10458,HKG,TUR,427045105.335723
10459,HKG,TUV,11571.2127377897
10460,HKG,TZA,21508115.007625
10461,HKG,UGA,25417829.6395022
10462,HKG,UKR,81131480.6863889
10463,HKG,URY,29287269.763757
10464,HKG,USA,25251612638.2433
10465,HKG,UZB,7959099.85843468
10466,HKG,VAT,5406.70533597218
10467,HKG,VCT,561241.502333994
10468,HKG,VEN,192057041.758297
10469,HKG,VNM,2274507297.64104
10470,HKG,VUT,1988461.65799953
10471,HKG,WSM,1587446.64526209
10472,HKG,YEM,3670173.12479405
10473,HKG,ZAF,410585020.272361
10474,HKG,ZMB,14878862.2800406
10475,HKG,ZWE,7256097.13899966
10476,HND,ABW,1432530.93668938
10477,HND,AGO,47916.2494310661
10478,HND,ALB,2038.39163281172
10479,HND,AND,7621.54357438837
10480,HND,ARE,415757.894338517
10481,HND,ARG,171922.403940118
10482,HND,ARM,81864.5486683509
10483,HND,AUS,7439846.48304197
10484,HND,AUT,4227128.18072304
10485,HND,BEL,80663144.6210497
10486,HND,BEN,1236.0532791907
10487,HND,BFA,17172.178509303
10488,HND,BGD,18306.4697967944
10489,HND,BGR,4453643.85139229
10490,HND,BHR,748.894808290153
10491,HND,BHS,2629627.29720217
10492,HND,BIH,124979.101103536
10493,HND,BLR,25968.0816415341
10494,HND,BLZ,7793113.34685362
10495,HND,BMU,91361.7407431082
10496,HND,BOL,29805.7393004849
10497,HND,BRA,3007179.9083657
10498,HND,BRB,3137976.81900006
10499,HND,CAN,83883526.5907343
10500,HND,CHE,11763480.1710269
10501,HND,CHL,2163926.40975196
10502,HND,CHN,35625545.4273495
10503,HND,CIV,19013.5279015217
10504,HND,COL,2670399.24090035
10505,HND,CRI,53817148.6010601
10506,HND,CYP,62614.5947443693
10507,HND,CZE,2903494.63420822
10508,HND,DEU,147127328.494565
10509,HND,DMA,11730.8582001242
10510,HND,DNK,1377373.08686598
10511,HND,DOM,23582128.133747
10512,HND,DZA,39106.286535371
10513,HND,ECU,992162.289725997
10514,HND,EGY,218013.357597774
10515,HND,ESP,31444763.8488535
10516,HND,EST,427877.972286854
10517,HND,ETH,16622.2478537167
10518,HND,FIN,12231748.2363065
10519,HND,FRA,38659704.0485024
10520,HND,FRO,3362.14714023768
10521,HND,FSM,1012.00149299593
10522,HND,GBR,75893086.204005
10523,HND,GEO,39779.8122412715
10524,HND,GHA,23424.0318490535
10525,HND,GRC,465203.451374435
10526,HND,GRD,778809.490202274
10527,HND,GRL,6277.4514276167
10528,HND,GTM,111802044.122591
10529,HND,GUY,2485693.55202129
10530,HND,HKG,2011016.88965013
10531,HND,HRV,1053777.90127687
10532,HND,HUN,531009.585018178
10533,HND,IDN,140028.255329781
10534,HND,IND,3689073.6401524
10535,HND,IRL,1531536.15067497
10536,HND,ISL,101245.370761027
10537,HND,ISR,1151580.95957967
10538,HND,ITA,23939366.0311219
10539,HND,JAM,3887342.34159332
10540,HND,JPN,19288253.7611214
10541,HND,KAZ,18087.8993998644
10542,HND,KGZ,32945.890175502
10543,HND,KNA,21821.4106627857
10544,HND,KOR,36339841.7066008
10545,HND,LBN,283290.530325737
10546,HND,LCA,2635076.48330494
10547,HND,LKA,748365.854226109
10548,HND,LTU,13377.3305005096
10549,HND,LUX,200128.947922625
10550,HND,LVA,5002.92153648241
10551,HND,MAC,30859.9646201605
10552,HND,MAR,6506442.01885255
10553,HND,MDA,16586.6839149936
10554,HND,MDG,75494.2534693686
10555,HND,MEX,120956012.841976
10556,HND,MKD,192100.36391835
10557,HND,MLT,582.397609374776
10558,HND,MNE,30295.6384660178
10559,HND,MUS,14851.1390390568
10560,HND,MYS,102704.105479097
10561,HND,NCL,14009.7457869248
10562,HND,NER,52944.0537341157
10563,HND,NGA,500592.670814679
10564,HND,NIC,82424073.8106713
10565,HND,NLD,38500644.4096456
10566,HND,NOR,7403363.04126976
10567,HND,NZL,1185471.01905601
10568,HND,PAK,679605.936942349
10569,HND,PAN,13651317.0577321
10570,HND,PER,557805.356438682
10571,HND,PHL,69101.1337654881
10572,HND,PLW,4196.68865578883
10573,HND,POL,28511784.7361438
10574,HND,PRT,7121236.62098912
10575,HND,PRY,33377.5495800975
10576,HND,PSE,148973.553726421
10577,HND,PYF,59244.9106938926
10578,HND,ROU,1322881.39713166
10579,HND,RUS,3795241.98364679
10580,HND,SAU,430143.115290074
10581,HND,SDN,262063.951118699
10582,HND,SGP,230526.677263698
10583,HND,SLV,230457560.137979
10584,HND,SRB,425166.699011381
10585,HND,SUR,850189.511554563
10586,HND,SVK,1180284.25446429
10587,HND,SVN,393135.515669426
10588,HND,SWE,13483807.1721501
10589,HND,SYC,7764.78255347995
10590,HND,SYR,2247288.74803689
10591,HND,TGO,12824.5556890686
10592,HND,THA,1389584.93697408
10593,HND,TTO,2670647.27376458
10594,HND,TUR,1368088.29862523
10595,HND,TZA,6901.75425792014
10596,HND,UGA,12609.936003451
10597,HND,UKR,166515.698604145
10598,HND,URY,105977.865217441
10599,HND,USA,2391010890.35177
10600,HND,VCT,216333.990110064
10601,HND,VEN,9841094.43722489
10602,HND,VNM,188831.804648071
10603,HND,WSM,54.1287189889498
10604,HND,YEM,772490.818727387
10605,HND,ZAF,763071.736449651
10606,HRV,ABW,62014.3826198842
10607,HRV,AFG,3936316.49915247
10608,HRV,AGO,61051.0284566125
10609,HRV,ALB,30759274.9252361
10610,HRV,AND,50563.9098137755
10611,HRV,ARE,116725443.719142
10612,HRV,ARG,392507.896598617
10613,HRV,ARM,756366.627031602
10614,HRV,ATG,274538.122017321
10615,HRV,AUS,23170842.3678749
10616,HRV,AUT,456834042.122591
10617,HRV,AZE,726956.918105492
10618,HRV,BEL,45484810.6699869
10619,HRV,BEN,30251.102178242
10620,HRV,BFA,18051.0302053227
10621,HRV,BGD,8568259.66572071
10622,HRV,BGR,36837057.8416285
10623,HRV,BHR,360404.084848905
10624,HRV,BHS,41658.5584117487
10625,HRV,BIH,923032066.912855
10626,HRV,BLR,16004149.9560609
10627,HRV,BLZ,2858195.74815105
10628,HRV,BMU,41758635.5614227
10629,HRV,BOL,122195.240530725
10630,HRV,BRA,10636151.4503814
10631,HRV,CAN,15336165.934707
10632,HRV,CHE,106481470.59683
10633,HRV,CHL,3255133.96597491
10634,HRV,CHN,51289383.3309112
10635,HRV,CIV,4683914.86021652
10636,HRV,CMR,201335.538734518
10637,HRV,COK,5419.72363547586
10638,HRV,COL,755922.634501161
10639,HRV,CRI,390233.805227423
10640,HRV,CUB,1832451.72709485
10641,HRV,CYM,118337.027662032
10642,HRV,CYP,79526954.032178
10643,HRV,CZE,76977298.8340005
10644,HRV,DEU,786936908.451207
10645,HRV,DJI,244992.748706909
10646,HRV,DNK,17830385.1025559
10647,HRV,DOM,41691.4255069535
10648,HRV,DZA,14297626.295586
10649,HRV,ECU,6701.68354975845
10650,HRV,EGY,66684594.7907777
10651,HRV,ESP,47643780.5334962
10652,HRV,EST,1852458.11273736
10653,HRV,ETH,81863.8634946928
10654,HRV,FIN,15801583.1602628
10655,HRV,FJI,306.272625165323
10656,HRV,FRA,143677097.628251
10657,HRV,FRO,86528.5257589557
10658,HRV,GAB,1673831.28455285
10659,HRV,GBR,152762402.354665
10660,HRV,GEO,3930177.34317601
10661,HRV,GHA,2289352.24408057
10662,HRV,GIB,2186229.49749638
10663,HRV,GIN,33731.7843613289
10664,HRV,GRC,40628037.3599483
10665,HRV,GRD,19894.7023362423
10666,HRV,GRL,19047.4919597531
10667,HRV,GTM,72700.3509914242
10668,HRV,HKG,3808288.37527045
10669,HRV,HTI,6454.33585918869
10670,HRV,HUN,164820578.974036
10671,HRV,IDN,4288275.13349179
10672,HRV,IND,21830088.3871654
10673,HRV,IRL,13456557.8452304
10674,HRV,IRN,4245434.65051984
10675,HRV,IRQ,5131988.3836301
10676,HRV,ISL,231463.994827962
10677,HRV,ISR,10359140.536632
10678,HRV,ITA,1366022937.18689
10679,HRV,JAM,27125.3399500447
10680,HRV,JOR,11536018.1076683
10681,HRV,JPN,77536115.5067585
10682,HRV,KAZ,7935266.09273809
10683,HRV,KEN,157811.252451796
10684,HRV,KGZ,464764.940233259
10685,HRV,KHM,13822.6933782667
10686,HRV,KNA,622588.5258109
10687,HRV,KOR,9043958.60718974
10688,HRV,KWT,295871.689035548
10689,HRV,LBN,12392117.9271975
10690,HRV,LBR,41828403.3691575
10691,HRV,LBY,50952399.8520431
10692,HRV,LKA,2684893.40446354
10693,HRV,LTU,7460010.45862584
10694,HRV,LUX,9182123.19016952
10695,HRV,LVA,6158065.82183629
10696,HRV,MAC,93859.9147333116
10697,HRV,MAR,2469855.76291458
10698,HRV,MDA,1512577.71964282
10699,HRV,MDG,636772.305706979
10700,HRV,MDV,8399.54387450044
10701,HRV,MEX,7337843.3102151
10702,HRV,MHL,346066.140879757
10703,HRV,MKD,83279928.338031
10704,HRV,MLT,149498260.398959
10705,HRV,MMR,362733.675286405
10706,HRV,MNE,116943662.621986
10707,HRV,MNG,14701.7711815936
10708,HRV,MOZ,30981.4972977638
10709,HRV,MRT,1654858.14078673
10710,HRV,MUS,4351027.44814143
10711,HRV,MYS,661563.944177576
10712,HRV,NAM,99172.7204453111
10713,HRV,NCL,70645.5151908184
10714,HRV,NER,7085.38079828772
10715,HRV,NGA,37329748.4046444
10716,HRV,NIC,667741.469878898
10717,HRV,NLD,95251688.1149496
10718,HRV,NOR,20341436.8775343
10719,HRV,NPL,45584.6034725928
10720,HRV,NZL,543895.646005839
10721,HRV,OMN,1025591.22733045
10722,HRV,PAK,1860870.67491136
10723,HRV,PAN,639177.950420526
10724,HRV,PER,777195.906237477
10725,HRV,PHL,7936770.73409125
10726,HRV,POL,112931565.231075
10727,HRV,PRK,35583.1235854826
10728,HRV,PRT,9263260.76958664
10729,HRV,PRY,6830.49619747899
10730,HRV,PSE,171965.297181461
10731,HRV,PYF,60381.6137926606
10732,HRV,QAT,67510685.3744299
10733,HRV,ROU,59332303.9088081
10734,HRV,RUS,105740396.360673
10735,HRV,SAU,15722309.9383693
10736,HRV,SDN,513123.126673792
10737,HRV,SEN,3677715.51642228
10738,HRV,SGP,31712376.1498882
10739,HRV,SLE,609.804555698295
10740,HRV,SLV,166882.910574461
10741,HRV,SMR,47778.5295257904
10742,HRV,SOM,17008.7508883758
10743,HRV,SRB,384912215.589127
10744,HRV,SUR,22793.6720836126
10745,HRV,SVK,57800207.6471673
10746,HRV,SVN,614158621.206436
10747,HRV,SWE,31170775.835637
10748,HRV,SYC,75834.3353035186
10749,HRV,SYR,25653475.9343391
10750,HRV,TGO,796.171790698223
10751,HRV,THA,1491910.14142025
10752,HRV,TJK,80290.0196020647
10753,HRV,TKM,208840.245811556
10754,HRV,TTO,637.211502021814
10755,HRV,TUN,6033271.29486829
10756,HRV,TUR,96292988.318739
10757,HRV,TZA,50308.1906714512
10758,HRV,UGA,5173047.41509102
10759,HRV,UKR,31379420.806956
10760,HRV,URY,59807.4382671829
10761,HRV,USA,179063122.103727
10762,HRV,UZB,1907509.76064375
10763,HRV,VCT,129249.103340741
10764,HRV,VEN,111219.443701814
10765,HRV,VGB,657199.387975556
10766,HRV,VNM,15624694.6176488
10767,HRV,VUT,2504.30972031154
10768,HRV,YEM,21434.287545966
10769,HRV,ZAF,26827951.2865302
10770,HRV,ZMB,8894.23925563996
10771,HTI,AGO,204457.875094425
10772,HTI,ARG,35673.5665083502
10773,HTI,AUS,1052025.22705948
10774,HTI,AUT,35612.5860527804
10775,HTI,BEL,3962856.01562485
10776,HTI,BGR,1445.03124490753
10777,HTI,BHS,62226.1012802334
10778,HTI,BIH,3875.34221014557
10779,HTI,BLR,68.5173658087972
10780,HTI,BMU,1589.60288676409
10781,HTI,BOL,13131.353157256
10782,HTI,BRA,717048.621835882
10783,HTI,BRB,70325.5390924913
10784,HTI,CAN,13087195.7705132
10785,HTI,CHE,662543.35058931
10786,HTI,CHL,67667.7497875944
10787,HTI,CHN,1975568.74527529
10788,HTI,CIV,21381.018719918
10789,HTI,COL,658277.166139728
10790,HTI,CRI,18281.8035451033
10791,HTI,CYP,126.071953088187
10792,HTI,CZE,12400.9580377342
10793,HTI,DEU,2481063.74796688
10794,HTI,DNK,30144.9002612384
10795,HTI,DOM,1115325.66008039
10796,HTI,DZA,212492.221409165
10797,HTI,ESP,816420.033734781
10798,HTI,EST,308.650177758889
10799,HTI,ETH,24777.4601720903
10800,HTI,FIN,48382.852692224
10801,HTI,FRA,4416403.97790155
10802,HTI,FRO,3062.04107799515
10803,HTI,GBR,4334860.77567885
10804,HTI,GRC,70807.9013477853
10805,HTI,GRD,958.557947665072
10806,HTI,GTM,25851.6021196592
10807,HTI,GUY,1108.61097878634
10808,HTI,HKG,651595.352626054
10809,HTI,HRV,14313.9628911158
10810,HTI,IDN,217531.673664402
10811,HTI,IND,1253610.85417921
10812,HTI,IRL,26729.0752462788
10813,HTI,ISL,16786.7546231553
10814,HTI,ITA,528220.5760505
10815,HTI,JAM,113290.038496556
10816,HTI,JPN,730628.078565528
10817,HTI,KAZ,96.609485790404
10818,HTI,KEN,243.23664862123
10819,HTI,KNA,4877.75127192827
10820,HTI,KOR,283797.558832722
10821,HTI,LBN,10455.7500224224
10822,HTI,LCA,261598.61748433
10823,HTI,LTU,220.625917904327
10824,HTI,LVA,1125.77663444242
10825,HTI,MAC,205.69940976288
10826,HTI,MDA,437.825967518214
10827,HTI,MEX,9208048.79104425
10828,HTI,MNE,10938.1122777164
10829,HTI,MUS,1319.64446547743
10830,HTI,MYS,195969.943818031
10831,HTI,NCL,19462.3577579888
10832,HTI,NGA,10167.2919123674
10833,HTI,NIC,2498.14315738874
10834,HTI,NLD,242755.656713252
10835,HTI,NOR,2170.25604400538
10836,HTI,NZL,446708.558821666
10837,HTI,PAN,141484.249353218
10838,HTI,PER,1365.55110056933
10839,HTI,PHL,5048.35951279218
10840,HTI,POL,170601.389127324
10841,HTI,PRT,661.877753712981
10842,HTI,PRY,166.497198915377
10843,HTI,PYF,270.643594944749
10844,HTI,ROU,6185.43945707207
10845,HTI,RUS,80599.0329218624
10846,HTI,RWA,2245.31407755428
10847,HTI,SAU,269707.647727801
10848,HTI,SLV,48112.4009459036
10849,HTI,SRB,1177.12834459514
10850,HTI,SUR,32261.4016910721
10851,HTI,SVK,68159.7051592753
10852,HTI,SVN,21693.9683623814
10853,HTI,SWE,23555.5851914064
10854,HTI,SYC,3552.86933900841
10855,HTI,TCA,9100.47652672444
10856,HTI,THA,752063.051285152
10857,HTI,TTO,102776.733886854
10858,HTI,TUR,79362.2944690136
10859,HTI,TZA,1540.95555703985
10860,HTI,UKR,11450.6221739662
10861,HTI,URY,127.442300404363
10862,HTI,USA,387807337.401234
10863,HTI,VCT,20998.5170994221
10864,HTI,VEN,34890.4130171557
10865,HTI,VNM,2257025.06571832
10866,HTI,ZAF,17345.8563281551
10867,HUN,ABW,84276.3599448205
10868,HUN,AFG,2286424.49703956
10869,HUN,AGO,2267924.80827119
10870,HUN,ALB,49568888.2943743
10871,HUN,AND,578805.611823675
10872,HUN,ARE,487929976.439555
10873,HUN,ARG,32495382.3287463
10874,HUN,ARM,9210997.093295
10875,HUN,ATG,104146.396029372
10876,HUN,AUS,242545727.726498
10877,HUN,AUT,2573051823.08019
10878,HUN,AZE,58731715.6239848
10879,HUN,BDI,210436.700434901
10880,HUN,BEL,992212307.403037
10881,HUN,BEN,2500198.67836301
10882,HUN,BFA,1276379.09741285
10883,HUN,BGD,3585859.08029803
10884,HUN,BGR,502228865.510193
10885,HUN,BHR,8936034.84878333
10886,HUN,BHS,89072.5755514363
10887,HUN,BIH,232861063.916804
10888,HUN,BLR,111346200.82856
10889,HUN,BLZ,93183.6174999642
10890,HUN,BMU,164994.61308319
10891,HUN,BOL,1060189.75636926
10892,HUN,BRA,106524368.634389
10893,HUN,BRB,528808.122054741
10894,HUN,BRN,211757.715247694
10895,HUN,BWA,710525.083437227
10896,HUN,CAF,84276.3599448205
10897,HUN,CAN,223406576.660634
10898,HUN,CHE,643700096.563907
10899,HUN,CHL,13711668.2847582
10900,HUN,CHN,1004756440.69871
10901,HUN,CIV,3721359.92255452
10902,HUN,CMR,2566268.60386512
10903,HUN,COD,393289.679742496
10904,HUN,COG,354919.954889569
10905,HUN,COK,2740.69463235189
10906,HUN,COL,8837823.42698031
10907,HUN,CPV,1266.88609380466
10908,HUN,CRI,1640990.91112069
10909,HUN,CUB,868115.02479746
10910,HUN,CYM,36314.2038786625
10911,HUN,CYP,32318271.1046935
10912,HUN,CZE,1852123062.81855
10913,HUN,DEU,14458525625.7148
10914,HUN,DJI,1296348.56110244
10915,HUN,DMA,7728.07368957423
10916,HUN,DNK,438550196.074813
10917,HUN,DOM,4112962.51838357
10918,HUN,DZA,42404387.0679189
10919,HUN,ECU,1617695.0067457
10920,HUN,EGY,91487127.5225383
10921,HUN,ESP,1912021629.18226
10922,HUN,EST,49068193.3956498
10923,HUN,ETH,2081973.24277819
10924,HUN,FIN,264562514.28754
10925,HUN,FJI,10438.6206809702
10926,HUN,FRA,3081469862.24389
10927,HUN,FRO,686020.532729368
10928,HUN,GAB,221996.265220503
10929,HUN,GBR,3333651272.08561
10930,HUN,GEO,18423634.4923275
10931,HUN,GHA,15765845.8726042
10932,HUN,GIB,318605.751010907
10933,HUN,GIN,178145.151102873
10934,HUN,GMB,1256554.36364022
10935,HUN,GRC,309609420.880212
10936,HUN,GRD,13212.8888225684
10937,HUN,GRL,490233.372688105
10938,HUN,GTM,928199.958396169
10939,HUN,GUY,685.173658087972
10940,HUN,HKG,123024300.657011
10941,HUN,HND,143201.294540386
10942,HUN,HRV,823783603.94551
10943,HUN,HTI,302846.756874883
10944,HUN,IDN,74272356.5631277
10945,HUN,IND,138383950.918849
10946,HUN,IRL,242607486.389976
10947,HUN,IRN,25801584.4426188
10948,HUN,IRQ,40260118.9755911
10949,HUN,ISL,9689991.03488578
10950,HUN,ISR,222231964.958885
10951,HUN,ITA,3234732246.77964
10952,HUN,JAM,8923356.39541407
10953,HUN,JOR,29093199.1213192
10954,HUN,JPN,440734626.306283
10955,HUN,KAZ,80850491.6543807
10956,HUN,KEN,5923744.23010195
10957,HUN,KGZ,6296745.91782846
10958,HUN,KHM,211718.660349183
10959,HUN,KNA,13780.2126114653
10960,HUN,KOR,208558846.360526
10961,HUN,KWT,20553839.395323
10962,HUN,LBN,23919245.2214785
10963,HUN,LBR,312439.188088115
10964,HUN,LBY,17147841.1409677
10965,HUN,LCA,6851.73658087972
10966,HUN,LKA,2366353.43012381
10967,HUN,LTU,129399156.371862
10968,HUN,LUX,58160965.9667975
10969,HUN,LVA,89048594.4734032
10970,HUN,MAC,933939.118898303
10971,HUN,MAR,43342030.0896708
10972,HUN,MDA,44367735.0558285
10973,HUN,MDG,2118556.95080801
10974,HUN,MDV,117849.869191131
10975,HUN,MEX,188848703.086
10976,HUN,MKD,100136074.608583
10977,HUN,MLI,343957.176360162
10978,HUN,MLT,6806393.84370843
10979,HUN,MMR,14388.6468198474
10980,HUN,MNE,26249688.0150083
10981,HUN,MNG,1652638.86330819
10982,HUN,MOZ,417270.757775575
10983,HUN,MRT,635155.98104755
10984,HUN,MUS,5367440.7743218
10985,HUN,MWI,269958.421286661
10986,HUN,MYS,35607858.3545396
10987,HUN,NAM,413744.854131054
10988,HUN,NCL,6224459.41172652
10989,HUN,NER,432344.57825351
10990,HUN,NGA,10438620.6809702
10991,HUN,NIC,268351.689058445
10992,HUN,NLD,2094555317.56519
10993,HUN,NOR,240841500.67083
10994,HUN,NPL,247347.690569758
10995,HUN,NZL,22146481.7124343
10996,HUN,OMN,9007292.90922448
10997,HUN,PAK,16619572.2505818
10998,HUN,PAN,733141.295543394
10999,HUN,PER,6719857.78103924
11000,HUN,PHL,9383797.88986479
11001,HUN,POL,2098087387.77263
11002,HUN,PRK,424122.494356454
11003,HUN,PRT,279262394.389837
11004,HUN,PRY,369386.026332781
11005,HUN,PSE,1575211.6582099
11006,HUN,PYF,1837197.23985076
11007,HUN,QAT,21348640.838705
11008,HUN,ROU,3154829240.38569
11009,HUN,RUS,2012984708.39616
11010,HUN,RWA,1014742.18762829
11011,HUN,SAU,337443159.134659
11012,HUN,SDN,8696224.06845254
11013,HUN,SEN,1695804.80376773
11014,HUN,SGP,210614831.197357
11015,HUN,SLB,20347.9529331514
11016,HUN,SLE,896207.144779067
11017,HUN,SLV,370507.491169393
11018,HUN,SMR,1557399.72483396
11019,HUN,SOM,6166.56292279175
11020,HUN,SRB,662140175.224028
11021,HUN,STP,685.173658087972
11022,HUN,SUR,209225.313407401
11023,HUN,SVK,2831965244.99847
11024,HUN,SVN,614604882.346859
11025,HUN,SWE,606096613.060772
11026,HUN,SWZ,677311.365045341
11027,HUN,SYC,521274.416372973
11028,HUN,SYR,47446220.3016178
11029,HUN,TGO,790005.227775431
11030,HUN,THA,42079322.8700068
11031,HUN,TJK,6660573.13027317
11032,HUN,TKM,13899432.8279726
11033,HUN,TLS,2740.69463235189
11034,HUN,TON,3425.86829043986
11035,HUN,TTO,2645230.75691781
11036,HUN,TUN,39991435.6624822
11037,HUN,TUR,738484964.902822
11038,HUN,TZA,10373965.6390721
11039,HUN,UGA,5756727.66955374
11040,HUN,UKR,859770979.989265
11041,HUN,URY,1810722.8148759
11042,HUN,USA,1553615000.26596
11043,HUN,UZB,22064647.311407
11044,HUN,VCT,29069.8627916984
11045,HUN,VEN,9302900.80640166
11046,HUN,VGB,36314.2038786625
11047,HUN,VNM,75673033.0912789
11048,HUN,WSM,5223.7639692627
11049,HUN,YEM,3819081.91590631
11050,HUN,ZAF,183314593.134175
11051,HUN,ZMB,227477.654485207
11052,HUN,ZWE,628304.24446667
11053,IDN,ABW,467553.597021677
11054,IDN,AFG,15080192.5929556
11055,IDN,AGO,102063222.816615
11056,IDN,AIA,131242.273512119
11057,IDN,ALB,3035085.66111231
11058,IDN,AND,2138194.31836244
11059,IDN,ARE,916843477.712476
11060,IDN,ARG,122636079.891992
11061,IDN,ARM,17605181.5394419
11062,IDN,ATG,945715.73779153
11063,IDN,AUS,2503843362.34255
11064,IDN,AUT,156357490.038963
11065,IDN,AZE,2630958.58961983
11066,IDN,BDI,1376711.20911226
11067,IDN,BEL,856963370.61229
11068,IDN,BEN,47073705.7723622
11069,IDN,BFA,5687883.45535483
11070,IDN,BGD,884392827.631172
11071,IDN,BGR,30940714.3912871
11072,IDN,BHR,22751938.1560984
11073,IDN,BHS,359185.846084825
11074,IDN,BIH,5304410.27916697
11075,IDN,BLR,30559635.8764791
11076,IDN,BLZ,286495.772698272
11077,IDN,BMU,750675.574627524
11078,IDN,BOL,6217348.67950288
11079,IDN,BRA,715824000.679177
11080,IDN,BRB,3284875.31059949
11081,IDN,BRN,51293392.2819847
11082,IDN,BTN,1251981.51122027
11083,IDN,BWA,331931.008313402
11084,IDN,CAF,1380634.51347848
11085,IDN,CAN,607894101.061269
11086,IDN,CHE,124126042.769875
11087,IDN,CHL,148610066.410129
11088,IDN,CHN,9362063896.398
11089,IDN,CIV,31628039.4946615
11090,IDN,CMR,31156061.0461559
11091,IDN,COG,16711496.5188982
11092,IDN,COK,398852.604672512
11093,IDN,COL,73216925.3378138
11094,IDN,COM,766077.593287683
11095,IDN,CPV,296434.901782496
11096,IDN,CRI,11188977.6498468
11097,IDN,CUB,4416202.53684608
11098,IDN,CYM,4248199.32623022
11099,IDN,CYP,11593148.5724534
11100,IDN,CZE,172694068.439413
11101,IDN,DEU,2632415886.25843
11102,IDN,DJI,34753351.5637654
11103,IDN,DMA,891396.540525631
11104,IDN,DNK,141593482.478485
11105,IDN,DOM,17011766.6500842
11106,IDN,DZA,160556406.194315
11107,IDN,ECU,25779433.4634264
11108,IDN,EGY,485660601.11865
11109,IDN,ERI,1724352.56423197
11110,IDN,ESP,1672406737.89341
11111,IDN,EST,14677115.371949
11112,IDN,ETH,59175136.1330863
11113,IDN,FIN,75424426.0515255
11114,IDN,FJI,29383089.9294933
11115,IDN,FRA,1154135572.00926
11116,IDN,FRO,535588.60057518
11117,IDN,FSM,439090.798091044
11118,IDN,GAB,7231757.87273334
11119,IDN,GBR,1458361823.95383
11120,IDN,GEO,15601974.2591466
11121,IDN,GHA,66008073.505644
11122,IDN,GIB,151829.686416688
11123,IDN,GIN,11481889.3886794
11124,IDN,GMB,12546911.6748591
11125,IDN,GNB,1182319.22022881
11126,IDN,GNQ,2516732.60390633
11127,IDN,GRC,130644101.149614
11128,IDN,GRD,206128.328472844
11129,IDN,GRL,138844.809684058
11130,IDN,GTM,13035363.0684525
11131,IDN,GUY,698446.157018794
11132,IDN,HKG,1696421101.02901
11133,IDN,HND,4136674.2950769
11134,IDN,HRV,29764051.9647795
11135,IDN,HTI,9325609.51695167
11136,IDN,HUN,34597967.1964106
11137,IDN,IDN,13965852.877214
11138,IDN,IND,5207071608.27372
11139,IDN,IRL,81990277.150736
11140,IDN,IRN,347374561.515541
11141,IDN,IRQ,27796501.1216511
11142,IDN,ISL,3353559.1736072
11143,IDN,ISR,62071937.2071636
11144,IDN,ITA,1530258703.76388
11145,IDN,JAM,6905154.77478523
11146,IDN,JOR,90302560.2475373
11147,IDN,JPN,14963619901.8518
11148,IDN,KAZ,23122601.3461299
11149,IDN,KEN,166598610.098163
11150,IDN,KGZ,964970.487931118
11151,IDN,KHM,137862065.106262
11152,IDN,KIR,647576.809121369
11153,IDN,KNA,459623.397102967
11154,IDN,KOR,6347540288.54283
11155,IDN,KWT,69541267.3978868
11156,IDN,LAO,3194998.34117346
11157,IDN,LBN,56457912.0257272
11158,IDN,LBR,5842954.03372948
11159,IDN,LBY,38479943.2579138
11160,IDN,LCA,834176.317991389
11161,IDN,LKA,168725145.211046
11162,IDN,LSO,976195.687971573
11163,IDN,LTU,22478804.6400802
11164,IDN,LUX,36044196.1248725
11165,IDN,LVA,5867943.00221361
11166,IDN,MAC,20462811.052545
11167,IDN,MAR,62970825.4796327
11168,IDN,MDA,3240763.14531813
11169,IDN,MDG,22827482.5855199
11170,IDN,MDV,13365096.7248444
11171,IDN,MEX,584881207.665751
11172,IDN,MHL,67954.1530618489
11173,IDN,MKD,37302173.4674434
11174,IDN,MLI,2751240.82529718
11175,IDN,MLT,2902745.73939993
11176,IDN,MMR,119745350.043033
11177,IDN,MNE,2498091.08419073
11178,IDN,MNG,2307338.73777904
11179,IDN,MNP,1223178.86615523
11180,IDN,MOZ,18747999.1279346
11181,IDN,MRT,11224475.126725
11182,IDN,MSR,20806.6684751574
11183,IDN,MUS,64489636.8660509
11184,IDN,MWI,12712304.958976
11185,IDN,MYS,4667282058.63295
11186,IDN,NAM,6157788.58892627
11187,IDN,NCL,11591099.218042
11188,IDN,NER,2539322.09423983
11189,IDN,NGA,142079079.438618
11190,IDN,NIC,5155633.72657072
11191,IDN,NLD,1993221265.46277
11192,IDN,NOR,84096485.3955346
11193,IDN,NPL,73348582.1413891
11194,IDN,NRU,32286.7531164214
11195,IDN,NZL,313517310.894638
11196,IDN,OMN,63620169.993626
11197,IDN,PAK,455835944.858639
11198,IDN,PAN,52573593.355487
11199,IDN,PER,44455215.2877986
11200,IDN,PHL,1648434732.9813
11201,IDN,PLW,114465.111320177
11202,IDN,PNG,60562080.3121171
11203,IDN,POL,332991685.228242
11204,IDN,PRK,5499012.61636345
11205,IDN,PRT,74004416.6634377
11206,IDN,PRY,9442076.70570078
11207,IDN,PSE,874523.479372982
11208,IDN,PYF,10479048.6674921
11209,IDN,QAT,50658593.276413
11210,IDN,ROU,42893200.980043
11211,IDN,RUS,438988509.885976
11212,IDN,RWA,1512809.30833925
11213,IDN,SAU,655194050.490358
11214,IDN,SDN,54866993.6055396
11215,IDN,SEN,13390990.8077309
11216,IDN,SGP,9925166518.12494
11217,IDN,SHN,3332.68467293989
11218,IDN,SLB,3039414.58828411
11219,IDN,SLE,5220153.78925823
11220,IDN,SLV,11651199.2117577
11221,IDN,SMR,98983.6125156788
11222,IDN,SOM,1777707.03698728
11223,IDN,SRB,21186016.9264788
11224,IDN,STP,304977.646951537
11225,IDN,SUR,3298428.73073013
11226,IDN,SVK,93164636.8192878
11227,IDN,SVN,68740436.4263135
11228,IDN,SWE,98887802.6275474
11229,IDN,SWZ,410564.27801021
11230,IDN,SYC,15589657.1259394
11231,IDN,SYR,61967787.385266
11232,IDN,TCA,76709.9872385551
11233,IDN,TCD,154102.407440566
11234,IDN,TGO,38413486.8944685
11235,IDN,THA,2603747811.25532
11236,IDN,TJK,269776.165093609
11237,IDN,TKL,262022.054805028
11238,IDN,TKM,230162.164877595
11239,IDN,TLS,111703342.801623
11240,IDN,TON,1724147.01213454
11241,IDN,TTO,5619880.67551846
11242,IDN,TUN,41435458.331765
11243,IDN,TUR,697429985.558915
11244,IDN,TUV,100173.759159778
11245,IDN,TZA,74919141.3115003
11246,IDN,UGA,29203931.4065501
11247,IDN,UKR,243023043.6778
11248,IDN,URY,8530334.61857188
11249,IDN,USA,9353299270.75809
11250,IDN,UZB,1909026.73512276
11251,IDN,VCT,510575.65101302
11252,IDN,VEN,57596512.3703544
11253,IDN,VGB,452839.492714238
11254,IDN,VNM,1059357671.88645
11255,IDN,VUT,2021904.29907715
11256,IDN,WLF,117154.417928172
11257,IDN,WSM,5245081.77728679
11258,IDN,YEM,70475421.5153717
11259,IDN,ZAF,472412047.63683
11260,IDN,ZMB,4390653.18880808
11261,IDN,ZWE,1945101.12822109
11262,IND,ABW,1638474.95344819
11263,IND,AFG,323127815.618622
11264,IND,AGO,802891501.166926
11265,IND,AIA,63044.1986279905
11266,IND,ALB,15019348.4869437
11267,IND,AND,3621274.62890644
11268,IND,ARE,17414356545.4376
11269,IND,ARG,252166832.772147
11270,IND,ARM,29703666.9251185
11271,IND,ATG,1348452.59193174
11272,IND,AUS,1142575365.90111
11273,IND,AUT,417387279.778217
11274,IND,AZE,37475115.533118
11275,IND,BDI,13325993.1790037
11276,IND,BEL,2547957290.57573
11277,IND,BEN,134268309.399555
11278,IND,BFA,65952095.2775298
11279,IND,BGD,1612043608.76708
11280,IND,BGR,70538445.15879
11281,IND,BHR,175822087.62964
11282,IND,BHS,341498505.372042
11283,IND,BIH,20457207.9839755
11284,IND,BLR,79433621.0468206
11285,IND,BLZ,1303223.76830698
11286,IND,BMU,797157.070418554
11287,IND,BOL,23375602.4045525
11288,IND,BRA,1576764899.61581
11289,IND,BRB,5274184.52841407
11290,IND,BRN,18433549.6403337
11291,IND,BTN,282364609.940101
11292,IND,BWA,20242658.8712448
11293,IND,CAF,1638335.8631956
11294,IND,CAN,1206855064.87315
11295,IND,CHE,514804021.149794
11296,IND,CHL,205180490.954359
11297,IND,CHN,9396669508.07691
11298,IND,CIV,87925801.8771289
11299,IND,CMR,77212306.5469881
11300,IND,COD,12102366.8944497
11301,IND,COG,134089563.351154
11302,IND,COK,125029.803954235
11303,IND,COL,345205251.696357
11304,IND,COM,13873081.7342562
11305,IND,CPV,405084.94426648
11306,IND,CRI,32651537.5164665
11307,IND,CUB,15256515.182128
11308,IND,CYM,540815.105239075
11309,IND,CYP,96777647.9613085
11310,IND,CZE,312939594.391695
11311,IND,DEU,4915072001.20158
11312,IND,DJI,170780672.351873
11313,IND,DMA,2054601.47121476
11314,IND,DNK,458914363.642583
11315,IND,DOM,48092071.6639526
11316,IND,DZA,551827536.247963
11317,IND,ECU,77178796.0737183
11318,IND,EGY,941518607.198731
11319,IND,ERI,4933120.84041202
11320,IND,ESP,1745486905.71539
11321,IND,EST,46546110.3391649
11322,IND,ETH,435817117.26415
11323,IND,FIN,221952316.126552
11324,IND,FJI,19230410.0305583
11325,IND,FRA,2762979140.9274
11326,IND,FRO,1972696.49730058
11327,IND,FSM,199153.945807166
11328,IND,GAB,21698243.1608342
11329,IND,GBR,5197475091.36997
11330,IND,GEO,28596955.9328861
11331,IND,GHA,262534052.191381
11332,IND,GIB,195360886.786794
11333,IND,GIN,52095529.1945503
11334,IND,GMB,23069142.0418049
11335,IND,GNB,23923631.0180639
11336,IND,GNQ,4958091.30920738
11337,IND,GRC,467479403.677284
11338,IND,GRD,600404.658282986
11339,IND,GRL,820707.126258539
11340,IND,GTM,75313861.6338409
11341,IND,GUY,13152231.0837916
11342,IND,HKG,4902902964.35998
11343,IND,HND,32104271.5012365
11344,IND,HRV,85336817.6040901
11345,IND,HTI,23668578.549709
11346,IND,HUN,276567878.40652
11347,IND,IDN,2057570112.84555
11348,IND,IRL,268471678.21109
11349,IND,IRN,1335463894.67079
11350,IND,IRQ,365191006.074849
11351,IND,ISL,20003352.3787263
11352,IND,ISR,1113316963.87392
11353,IND,ITA,2775676335.89489
11354,IND,JAM,15355050.0058976
11355,IND,JOR,203192955.449019
11356,IND,JPN,2554402632.16031
11357,IND,KAZ,107774315.179845
11358,IND,KEN,930635347.86856
11359,IND,KGZ,17277066.2632304
11360,IND,KHM,28478699.070542
11361,IND,KIR,1464339.43859245
11362,IND,KNA,937539.560529566
11363,IND,KOR,2837730274.23206
11364,IND,KWT,514475843.101398
11365,IND,LAO,18444448.6977129
11366,IND,LBN,217763263.046009
11367,IND,LBR,21425533.7673103
11368,IND,LBY,147619911.629203
11369,IND,LCA,1001236.72965371
11370,IND,LKA,1181675622.90829
11371,IND,LSO,8434606.95127944
11372,IND,LTU,35956511.7111523
11373,IND,LUX,34029095.6002201
11374,IND,LVA,25273734.8785117
11375,IND,MAC,27635107.0961412
11376,IND,MAR,271790212.620773
11377,IND,MDA,15862759.5754988
11378,IND,MDG,85637589.7325529
11379,IND,MDV,80138239.2481514
11380,IND,MEX,780780088.697833
11381,IND,MHL,93842.0693853867
11382,IND,MKD,21104146.6566104
11383,IND,MLI,26465097.7058536
11384,IND,MLT,325283330.151374
11385,IND,MMR,142641372.682518
11386,IND,MNE,4084473.65476181
11387,IND,MNG,6017602.74365513
11388,IND,MNP,71830.8656193106
11389,IND,MOZ,250803248.80515
11390,IND,MRT,22358118.1519446
11391,IND,MSR,160022.307846446
11392,IND,MUS,481831618.443384
11393,IND,MWI,67979944.0398033
11394,IND,MYS,2415040982.96766
11395,IND,NAM,87989356.4232451
11396,IND,NCL,5990558.9393704
11397,IND,NER,17948633.742816
11398,IND,NGA,1057458101.91815
11399,IND,NIC,34526964.0205702
11400,IND,NIU,3433.40520067883
11401,IND,NLD,4429592624.59493
11402,IND,NOR,230599793.351343
11403,IND,NPL,1460742890.80309
11404,IND,NRU,51624.4092686382
11405,IND,NZL,169935670.975258
11406,IND,OMN,721114226.493274
11407,IND,PAK,997456884.207338
11408,IND,PAN,73680068.4719984
11409,IND,PER,212922640.649439
11410,IND,PHL,477781711.799673
11411,IND,PLW,8109.03024347114
11412,IND,PNG,12348780.0081498
11413,IND,POL,550657091.772403
11414,IND,PRK,213221511.343576
11415,IND,PRT,255195006.401396
11416,IND,PRY,31372982.2300909
11417,IND,PSE,10354469.31383
11418,IND,PYF,2997090.0410767
11419,IND,QAT,395390698.988351
11420,IND,ROU,398484653.358709
11421,IND,RUS,1044516325.34931
11422,IND,RWA,37215849.9319395
11423,IND,SAU,2650135020.29926
11424,IND,SDN,338192854.178505
11425,IND,SEN,115512484.903271
11426,IND,SGP,4678050012.82889
11427,IND,SHN,8226.88011266228
11428,IND,SLB,1158603.33523423
11429,IND,SLE,26550129.1271696
11430,IND,SLV,23644529.242083
11431,IND,SOM,12752810.4701565
11432,IND,SPM,1093.5371583084
11433,IND,SRB,74564098.0253523
11434,IND,STP,830765.523521427
11435,IND,SUR,15566895.4233735
11436,IND,SVK,119792104.23794
11437,IND,SVN,159302480.160253
11438,IND,SWE,377639378.129723
11439,IND,SWZ,29435056.2404173
11440,IND,SYC,46202692.6301734
11441,IND,SYR,234795917.587795
11442,IND,TCA,203364.337936117
11443,IND,TCD,4203795.96214417
11444,IND,TGO,91294481.3561357
11445,IND,THA,1183664070.17765
11446,IND,TJK,10805083.071304
11447,IND,TKL,1913.00485338162
11448,IND,TKM,24586206.2785609
11449,IND,TLS,789833.249187251
11450,IND,TON,147569.961784355
11451,IND,TTO,135078808.171444
11452,IND,TUN,170055644.197615
11453,IND,TUR,1303615958.96817
11454,IND,TUV,4048393.09510056
11455,IND,TZA,607825723.470886
11456,IND,UGA,357032775.566512
11457,IND,UKR,326682996.048379
11458,IND,URY,32577265.3771034
11459,IND,USA,15103111551.0981
11460,IND,UZB,34848472.8523705
11461,IND,VCT,727328.967401834
11462,IND,VEN,152835650.159409
11463,IND,VGB,79318622.1852207
11464,IND,VNM,1256266198.09932
11465,IND,VUT,3216377.81482678
11466,IND,WLF,79983.7469768994
11467,IND,WSM,569181.294683917
11468,IND,YEM,504312453.938187
11469,IND,ZAF,1342702530.31671
11470,IND,ZMB,89485976.006454
11471,IND,ZWE,25486259.9882564
11472,IRL,ABW,4636.9003979845
11473,IRL,AFG,6523001.93851411
11474,IRL,AGO,18583652.0039583
11475,IRL,AIA,51403.4640598092
11476,IRL,ALB,7975613.91394191
11477,IRL,AND,1729870.0765371
11478,IRL,ARE,263417371.525925
11479,IRL,ARG,76044132.7369305
11480,IRL,ARM,1893517.82937194
11481,IRL,ATG,243746.417822847
11482,IRL,AUS,1289486455.10342
11483,IRL,AUT,529683016.187712
11484,IRL,AZE,6462583.2945111
11485,IRL,BDI,65009.308197375
11486,IRL,BEL,14746536659.2728
11487,IRL,BEN,5095793.18413824
11488,IRL,BFA,2147632.02914159
11489,IRL,BGD,1843652.26088361
11490,IRL,BGR,64104986.5409632
11491,IRL,BHR,27404911.9408371
11492,IRL,BHS,2333814.56187851
11493,IRL,BIH,18043507.6837305
11494,IRL,BLR,15863551.6362476
11495,IRL,BLZ,697539.122074696
11496,IRL,BMU,114363148.316341
11497,IRL,BOL,1380200.79855291
11498,IRL,BRA,352601197.732778
11499,IRL,BRB,2673270.8037014
11500,IRL,BRN,1257846.59773351
11501,IRL,BWA,2734838.45309621
11502,IRL,CAF,353707.975186856
11503,IRL,CAN,1323147575.44987
11504,IRL,CHE,2671812802.59328
11505,IRL,CHL,41557993.7329248
11506,IRL,CHN,2213804687.52647
11507,IRL,CIV,11658481.1277681
11508,IRL,CMR,13497900.5091233
11509,IRL,COD,14210258.7020543
11510,IRL,COG,6653166.77165267
11511,IRL,COK,655.026017132101
11512,IRL,COL,56034261.6160211
11513,IRL,COM,82840.1592180184
11514,IRL,CPV,256111.746830361
11515,IRL,CRI,37768691.2052253
11516,IRL,CUB,789934.049195135
11517,IRL,CYM,380545.996470639
11518,IRL,CYP,46413781.6960961
11519,IRL,CZE,549839343.178038
11520,IRL,DEU,13190537948.8679
11521,IRL,DJI,107130.369791112
11522,IRL,DMA,172378.044422746
11523,IRL,DNK,574502258.07349
11524,IRL,DOM,10154453.4476531
11525,IRL,DZA,78102807.5655426
11526,IRL,ECU,16893865.7656032
11527,IRL,EGY,150865537.803467
11528,IRL,ERI,50847.2654355988
11529,IRL,ESP,4077046354.89787
11530,IRL,EST,33942351.68327
11531,IRL,ETH,14636266.9032605
11532,IRL,FIN,404785029.367688
11533,IRL,FJI,2166916.72274039
11534,IRL,FRA,5748242069.92331
11535,IRL,FRO,7731409.11494181
11536,IRL,GAB,2211107.76110223
11537,IRL,GBR,13526886489.5299
11538,IRL,GEO,4649123.89604479
11539,IRL,GHA,19337829.7546666
11540,IRL,GIB,2817171.30905261
11541,IRL,GIN,266144.905036379
11542,IRL,GMB,148145.724172025
11543,IRL,GNQ,2439.81980526498
11544,IRL,GRC,459851187.881814
11545,IRL,GRD,157648.885479691
11546,IRL,GRL,253234.051725074
11547,IRL,GTM,8015720.55401809
11548,IRL,GUY,2192585.85352247
11549,IRL,HKG,781594827.324319
11550,IRL,HND,3139978.21125534
11551,IRL,HRV,74380247.4331985
11552,IRL,HTI,1432064.50335128
11553,IRL,HUN,267706255.472526
11554,IRL,IDN,127147885.394524
11555,IRL,IND,383881124.221385
11556,IRL,IRL,350527776.032114
11557,IRL,IRN,44100437.5400166
11558,IRL,IRQ,31891383.7050934
11559,IRL,ISL,37755496.8160915
11560,IRL,ISR,324234452.6121
11561,IRL,ITA,3004902775.58195
11562,IRL,JAM,3580881.97884568
11563,IRL,JOR,49868840.1925438
11564,IRL,JPN,3193350389.58315
11565,IRL,KAZ,45221270.2703555
11566,IRL,KEN,18747999.1279346
11567,IRL,KGZ,574546.889600404
11568,IRL,KHM,2196526.28723013
11569,IRL,KNA,119815.905115301
11570,IRL,KOR,441900483.544203
11571,IRL,KWT,55133071.8541418
11572,IRL,LAO,532501.968614596
11573,IRL,LBN,33301934.5003645
11574,IRL,LBR,1139617.70691889
11575,IRL,LBY,25221730.7062616
11576,IRL,LCA,261551.340501921
11577,IRL,LKA,8449829.45444118
11578,IRL,LSO,37386.6835949369
11579,IRL,LTU,19760659.7579896
11580,IRL,LUX,133703639.606156
11581,IRL,LVA,32043642.6240296
11582,IRL,MAC,9608849.42938824
11583,IRL,MAR,95907896.4615795
11584,IRL,MDA,2255945.91720683
11585,IRL,MDG,78495.4319416631
11586,IRL,MDV,225981.235215942
11587,IRL,MEX,557002336.337272
11588,IRL,MKD,19828079.9894784
11589,IRL,MLI,8487341.91673488
11590,IRL,MLT,19464695.6218983
11591,IRL,MMR,277018.494510713
11592,IRL,MNE,2300434.03864474
11593,IRL,MNG,331170.459386361
11594,IRL,MOZ,3863184.48875646
11595,IRL,MRT,345287.098430511
11596,IRL,MSR,79644.5860161458
11597,IRL,MUS,11653702.1648342
11598,IRL,MWI,4294880.42201511
11599,IRL,MYS,799124380.406012
11600,IRL,NAM,5905127.37663804
11601,IRL,NCL,4625292.87104283
11602,IRL,NER,1084935.34568865
11603,IRL,NGA,187972220.025724
11604,IRL,NIC,3108697.29306899
11605,IRL,NLD,3013720049.89244
11606,IRL,NOR,501735886.783006
11607,IRL,NPL,165787.359005598
11608,IRL,NRU,4609.18649386216
11609,IRL,NZL,111665209.461682
11610,IRL,OMN,30270398.0388011
11611,IRL,PAK,23787413.6938242
11612,IRL,PAN,16861380.312126
11613,IRL,PER,14345269.1607275
11614,IRL,PHL,127005426.143056
11615,IRL,PNG,8439102.66890448
11616,IRL,POL,678170423.444726
11617,IRL,PRK,55095.2091920545
11618,IRL,PRT,490798038.003209
11619,IRL,PRY,1363094.75300508
11620,IRL,PSE,7642702.25905246
11621,IRL,PYF,5919457.78369695
11622,IRL,QAT,25861357.310449
11623,IRL,ROU,277291906.967094
11624,IRL,RUS,458640405.862654
11625,IRL,RWA,1119288.73946263
11626,IRL,SAU,554789261.735851
11627,IRL,SDN,14312861.5601071
11628,IRL,SEN,15592052.9445775
11629,IRL,SGP,679529470.191759
11630,IRL,SLB,3290.36423677443
11631,IRL,SLE,1339937.1632661
11632,IRL,SLV,7025774.41737876
11633,IRL,SMR,642267.11478295
11634,IRL,SOM,175719.609631469
11635,IRL,SPM,4921.68940310048
11636,IRL,SRB,58106389.1442361
11637,IRL,STP,46800.0117842916
11638,IRL,SUR,293593.598305712
11639,IRL,SVK,97061858.6798571
11640,IRL,SVN,75492736.4948896
11641,IRL,SWE,1037097951.52354
11642,IRL,SWZ,492743.317276581
11643,IRL,SYC,7173346.19487331
11644,IRL,SYR,23897329.8358227
11645,IRL,TCA,11390.6057577333
11646,IRL,TCD,6311600.55741974
11647,IRL,TGO,3006517.78737534
11648,IRL,THA,154236100.089668
11649,IRL,TJK,1598.83217593854
11650,IRL,TKL,2690120.04205113
11651,IRL,TKM,794594.841598577
11652,IRL,TON,27740.1716248724
11653,IRL,TTO,18661855.6697715
11654,IRL,TUN,24547900.2748581
11655,IRL,TUR,558861959.310952
11656,IRL,TZA,11112856.9119542
11657,IRL,UGA,16573753.3177182
11658,IRL,UKR,69977614.7606508
11659,IRL,URY,7936154.73008429
11660,IRL,USA,19313586545.6361
11661,IRL,UZB,620411.945614031
11662,IRL,VCT,853890.134481896
11663,IRL,VEN,69872522.1397996
11664,IRL,VGB,65072.3818584703
11665,IRL,VNM,79533651.6046858
11666,IRL,WSM,560022.578396255
11667,IRL,YEM,5205508.2023166
11668,IRL,ZAF,356938615.576549
11669,IRL,ZMB,14629738.0026928
11670,IRL,ZWE,6954498.24711266
11671,IRN,AFG,121457363.314857
11672,IRN,ALB,886746.952081846
11673,IRN,AND,25198.1376132939
11674,IRN,ARE,570503540.068601
11675,IRN,ARG,5898781.29821683
11676,IRN,ARM,91745680.5431125
11677,IRN,AUS,26434739.031411
11678,IRN,AUT,60587796.2498524
11679,IRN,AZE,53901569.5326468
11680,IRN,BDI,2112534.95952707
11681,IRN,BEL,210438943.008284
11682,IRN,BEN,213304.152193999
11683,IRN,BFA,1290094.73035151
11684,IRN,BGD,94812048.4927584
11685,IRN,BGR,10590094.7622584
11686,IRN,BHR,10393844.5824142
11687,IRN,BHS,18415.4124084304
11688,IRN,BIH,842325.088307029
11689,IRN,BLR,5782523.08743344
11690,IRN,BLZ,78004.0987076638
11691,IRN,BMU,118918.05492409
11692,IRN,BOL,630507.077777423
11693,IRN,BRA,14052627.3803162
11694,IRN,BRB,40592.4281997638
11695,IRN,BRN,47252.3161563789
11696,IRN,BWA,15117.671592053
11697,IRN,CAN,14919354.928456
11698,IRN,CHE,28175235.8923894
11699,IRN,CHL,215961.651670438
11700,IRN,CHN,9103592201.14087
11701,IRN,CIV,5940607.62345428
11702,IRN,CMR,2687597.78489202
11703,IRN,COG,657622.140122596
11704,IRN,COL,290898.698625145
11705,IRN,CPV,5.48138926470377
11706,IRN,CRI,183510.060845701
11707,IRN,CYP,1024073.56767779
11708,IRN,CZE,19308974.7828893
11709,IRN,DEU,535356789.955109
11710,IRN,DNK,5705049.13156611
11711,IRN,DOM,186134.639098217
11712,IRN,DZA,20015593.0061281
11713,IRN,ECU,11918394.3413848
11714,IRN,EGY,23122315.5848633
11715,IRN,ESP,1897669031.00257
11716,IRN,EST,528583.898975132
11717,IRN,ETH,24898881.413735
11718,IRN,FIN,3082714.13760698
11719,IRN,FJI,100349.163616248
11720,IRN,FRA,973526130.809098
11721,IRN,FRO,44066.9438199279
11722,IRN,GAB,23439.1056695314
11723,IRN,GBR,222396669.743511
11724,IRN,GEO,20002114.9550998
11725,IRN,GHA,662226.507104947
11726,IRN,GRC,1121107614.47369
11727,IRN,GRD,118924.221487013
11728,IRN,GRL,18808.4006117634
11729,IRN,GTM,134848.342474636
11730,IRN,GUY,437554.638749611
11731,IRN,HKG,106980246.187104
11732,IRN,HRV,3795529.07140953
11733,IRN,HUN,1356643.84301418
11734,IRN,IDN,244070878.382767
11735,IRN,IND,7257131055.08693
11736,IRN,IRL,637429.523594644
11737,IRN,ISL,319451.255304987
11738,IRN,ISR,3425.86829043986
11739,IRN,ITA,1881152815.96637
11740,IRN,JOR,4659979.78748354
11741,IRN,JPN,6364649866.16086
11742,IRN,KAZ,16537509.0015526
11743,IRN,KEN,57392240.8624949
11744,IRN,KGZ,4232410.18445324
11745,IRN,KHM,180675.497422192
11746,IRN,KNA,235.699738382262
11747,IRN,KOR,3936836029.33803
11748,IRN,LBN,26090381.0284609
11749,IRN,LBY,2989715.5169947
11750,IRN,LKA,579923756.993914
11751,IRN,LTU,2441016.118472
11752,IRN,LUX,2003695.1239398
11753,IRN,LVA,274776.497358838
11754,IRN,MAC,2056.65014045244
11755,IRN,MAR,50536829.8919317
11756,IRN,MDA,467313.786241346
11757,IRN,MDG,722298.066799024
11758,IRN,MDV,14782.621673248
11759,IRN,MEX,7213874.15508359
11760,IRN,MKD,2675939.94564864
11761,IRN,MLT,133064.150268975
11762,IRN,MNE,153765.987174445
11763,IRN,MOZ,1793892.89431229
11764,IRN,MRT,6605.07406396805
11765,IRN,MUS,16018122.7024703
11766,IRN,MWI,83483.1898999184
11767,IRN,MYS,221632023.477995
11768,IRN,NCL,33569.3982043621
11769,IRN,NER,556546.007255117
11770,IRN,NIC,70610.5713342559
11771,IRN,NLD,1035509069.43947
11772,IRN,NOR,6717980.89580041
11773,IRN,NZL,46014498.5550186
11774,IRN,OMN,79996286.3400161
11775,IRN,PAK,654961299.054226
11776,IRN,PAN,144727.176276948
11777,IRN,PER,873956.13023266
11778,IRN,PHL,72657307.6970495
11779,IRN,POL,26744962.3678889
11780,IRN,PRT,148369624.534841
11781,IRN,PRY,10752.4302163745
11782,IRN,PYF,20916.9814341096
11783,IRN,ROU,15850944.2216832
11784,IRN,RUS,146627162.830826
11785,IRN,RWA,686707.076734773
11786,IRN,SAU,106696293.779024
11787,IRN,SDN,27068656.4322589
11788,IRN,SEN,12229814.6762433
11789,IRN,SGP,971105789.805759
11790,IRN,SLV,415604.271552637
11791,IRN,SRB,8403297.94097311
11792,IRN,SUR,33013.0371939947
11793,IRN,SVK,3303575.75524969
11794,IRN,SVN,6160899.27733399
11795,IRN,SWE,11600108.5664722
11796,IRN,SWZ,672.343781340274
11797,IRN,SYC,274810.632710484
11798,IRN,SYR,102504033.400588
11799,IRN,TGO,78793.1508588809
11800,IRN,THA,176284511.331484
11801,IRN,TTO,387111.468867516
11802,IRN,TUN,8362297.83444678
11803,IRN,TUR,2333691588.96588
11804,IRN,TZA,7652699.79096895
11805,IRN,UGA,5113459.23239443
11806,IRN,UKR,22743005.5471179
11807,IRN,URY,571217.630795754
11808,IRN,USA,47047883.6327098
11809,IRN,VCT,7480.04082534639
11810,IRN,VEN,53983927.406349
11811,IRN,VNM,57999563.03403
11812,IRN,YEM,8148204.36219867
11813,IRN,ZAF,1780823212.95082
11814,IRN,ZMB,310643.08071254
11815,IRN,ZWE,228203.253389122
11816,IRQ,AGO,36073609.2596669
11817,IRQ,ARE,532899667.386828
11818,IRQ,AUS,7214.19344600825
11819,IRQ,AUT,398032716.280813
11820,IRQ,AZE,88155.8131969146
11821,IRQ,BEL,55446.3079334529
11822,IRQ,BGD,1323760.30364157
11823,IRQ,BGR,29141.1208521395
11824,IRQ,BHR,53224.9749339317
11825,IRQ,BRA,502420938.186244
11826,IRQ,CAN,770626074.765786
11827,IRQ,CHE,1649703.99114631
11828,IRQ,CHL,2293.64622739581
11829,IRQ,CHN,2259778813.59404
11830,IRQ,COL,3185.37233645098
11831,IRQ,CRI,878.39262966878
11832,IRQ,CZE,4265.20602159762
11833,IRQ,DEU,80413757.5028645
11834,IRQ,DNK,99794.858126855
11835,IRQ,DOM,1505.01134693655
11836,IRQ,DZA,110182.775957127
11837,IRQ,EGY,1654137.57448334
11838,IRQ,ESP,771542457.970557
11839,IRQ,ETH,373491.419024498
11840,IRQ,FIN,3275.81525931859
11841,IRQ,FRA,797391104.499773
11842,IRQ,FRO,9945.980820805
11843,IRQ,GBR,665710.615156325
11844,IRQ,GEO,101999.746958582
11845,IRQ,GHA,3349.12884073401
11846,IRQ,GRC,466854776.074667
11847,IRQ,HKG,4586.55246724088
11848,IRQ,HRV,10494.8049209335
11849,IRQ,HUN,334364.74514693
11850,IRQ,IDN,470519.028613881
11851,IRQ,IND,3972427204.39916
11852,IRQ,IRL,45392.3129113187
11853,IRQ,ITA,2422216372.01259
11854,IRQ,JOR,86695781.4451106
11855,IRQ,JPN,963217562.94017
11856,IRQ,KAZ,1575.89941360234
11857,IRQ,KEN,55489.4738739125
11858,IRQ,KGZ,20135.8834638893
11859,IRQ,KOR,2612018809.01465
11860,IRQ,LBN,1139751.43637278
11861,IRQ,LKA,71726.0340496231
11862,IRQ,MAR,438733902.2721
11863,IRQ,MEX,75883.667806901
11864,IRQ,MKD,46264.2066688405
11865,IRQ,MYS,56828.3032018164
11866,IRQ,NLD,769662138.204905
11867,IRQ,NOR,14039.2185318274
11868,IRQ,NZL,16749.7552456186
11869,IRQ,PAK,17872017.6243686
11870,IRQ,PAN,1177.12834459514
11871,IRQ,PHL,5283182.91406574
11872,IRQ,POL,97408.3982757346
11873,IRQ,PRT,151334103.050488
11874,IRQ,ROU,7406.07632895579
11875,IRQ,SDN,52322.0085510156
11876,IRQ,SEN,373912.28351811
11877,IRQ,SGP,383949655.542125
11878,IRQ,SLV,280.612871669929
11879,IRQ,SVK,57.5545872793896
11880,IRQ,SVN,63155.1967606007
11881,IRQ,SWE,2119431.91756939
11882,IRQ,SYC,1894.94915714368
11883,IRQ,SYR,54269465.9914469
11884,IRQ,THA,12570218.5420126
11885,IRQ,TUN,2351.51599455792
11886,IRQ,TUR,82603275.499555
11887,IRQ,UGA,9343.02800168758
11888,IRQ,UKR,31673.5226924327
11889,IRQ,USA,6659373084.92524
11890,IRQ,VEN,236774.090678144
11891,IRQ,YEM,561998.619226181
11892,IRQ,ZAF,125280735.78821
11893,ISL,AGO,600575.951697508
11894,ISL,ALB,59321.6501435985
11895,ISL,AND,1684.84956214856
11896,ISL,ARE,2468477.87868817
11897,ISL,ARG,270476.412572175
11898,ISL,ARM,7129.91708606343
11899,ISL,ATG,7451.26353170669
11900,ISL,AUS,6462631.25666716
11901,ISL,AUT,8199325.85400227
11902,ISL,AZE,93014.3796064164
11903,ISL,BEL,63381645.2842515
11904,ISL,BEN,102584.200088931
11905,ISL,BFA,9823.33473600725
11906,ISL,BGD,7185418.89306319
11907,ISL,BGR,2456700.42867929
11908,ISL,BHR,61788.2753127152
11909,ISL,BHS,146952.620318418
11910,ISL,BIH,461704.26950258
11911,ISL,BLR,43924838.8032405
11912,ISL,BLZ,12178.646592631
11913,ISL,BMU,154443.623922294
11914,ISL,BOL,14908.0084526781
11915,ISL,BRA,3357256.37066624
11916,ISL,BRB,22155.7754079327
11917,ISL,BRN,35559.8276811076
11918,ISL,BWA,518942.306551933
11919,ISL,CAF,13398.5708839103
11920,ISL,CAN,19448908.4842542
11921,ISL,CHE,57115876.6526435
11922,ISL,CHL,4351752.87643711
11923,ISL,CHN,65091857.9197015
11924,ISL,CIV,78564.5426678598
11925,ISL,CMR,80037.8756958883
11926,ISL,COG,34064.7787591597
11927,ISL,COK,3168.92816865687
11928,ISL,COL,748563.869413297
11929,ISL,CPV,209.663139374919
11930,ISL,CRI,31707.096201679
11931,ISL,CUB,142054.999010405
11932,ISL,CYP,291388.597790678
11933,ISL,CZE,34445208.4145135
11934,ISL,DEU,449017179.864687
11935,ISL,DMA,96.609485790404
11936,ISL,DNK,74992640.574977
11937,ISL,DOM,108674.448369685
11938,ISL,DZA,37973.0093048935
11939,ISL,ECU,122203.462614622
11940,ISL,EGY,662184.026338146
11941,ISL,ESP,139047812.605908
11942,ISL,EST,1799396.89430771
11943,ISL,ETH,411953.397029096
11944,ISL,FIN,12933377.0249671
11945,ISL,FJI,17860.4217453792
11946,ISL,FRA,97575138.0261249
11947,ISL,FRO,17662412.7247547
11948,ISL,GAB,209511.715996482
11949,ISL,GBR,455354867.303954
11950,ISL,GEO,61532.0203645903
11951,ISL,GHA,143086.185365827
11952,ISL,GIB,15813.1228550123
11953,ISL,GRC,10325540.3056131
11954,ISL,GRD,41154.2705993959
11955,ISL,GRL,6662580.68909137
11956,ISL,GTM,50733.6835131239
11957,ISL,GUY,10666.0983354555
11958,ISL,HKG,6031193.16316331
11959,ISL,HRV,2224120.28596231
11960,ISL,HUN,3679382.54393241
11961,ISL,IDN,166109.390624899
11962,ISL,IND,6989928.57080582
11963,ISL,IRL,84516785.3259226
11964,ISL,IRN,69329.2965936314
11965,ISL,ISR,8154251.70490495
11966,ISL,ITA,28338735.9067098
11967,ISL,JOR,416182.016832873
11968,ISL,JPN,86696978.4434913
11969,ISL,KAZ,720403.917239539
11970,ISL,KEN,1001240.155522
11971,ISL,KGZ,4078.15361293961
11972,ISL,KHM,708.469562462963
11973,ISL,KNA,40251.211718036
11974,ISL,KOR,8268630.48434421
11975,ISL,KWT,3151.79882720467
11976,ISL,LBN,68285.0919387053
11977,ISL,LBR,1184863.95519495
11978,ISL,LBY,2085545.96913499
11979,ISL,LCA,1129.16618852898
11980,ISL,LKA,122633.066498243
11981,ISL,LTU,31818680.8429406
11982,ISL,LUX,11670979.5037965
11983,ISL,LVA,1865207.59257836
11984,ISL,MAC,95.5125227638052
11985,ISL,MAR,537018.722441287
11986,ISL,MDA,3100693.0943952
11987,ISL,MDG,1163.42487143338
11988,ISL,MEX,3841774.18228852
11989,ISL,MKD,60715.8963169686
11990,ISL,MLT,608614.409054196
11991,ISL,MNE,247628.611769574
11992,ISL,MNG,8053.53117716602
11993,ISL,MOZ,439362.812033305
11994,ISL,MRT,156683.456610583
11995,ISL,MUS,89261.6834810686
11996,ISL,MWI,150077.501413291
11997,ISL,MYS,828422.914784424
11998,ISL,NAM,355459.871732143
11999,ISL,NCL,210745.02858104
12000,ISL,NER,199.3855345036
12001,ISL,NGA,67875652.7158417
12002,ISL,NIC,26717.6616234824
12003,ISL,NLD,854592688.940168
12004,ISL,NOR,161318985.976078
12005,ISL,NPL,830829.244671629
12006,ISL,NZL,4154107.16845963
12007,ISL,OMN,132185.757639306
12008,ISL,PAK,667244.033803126
12009,ISL,PAN,250699.560105124
12010,ISL,PER,109598.322826778
12011,ISL,PHL,63020.2175499574
12012,ISL,POL,41884212.1339561
12013,ISL,PRT,48865909.7136073
12014,ISL,PYF,69438.9243789255
12015,ISL,QAT,513.195069907891
12016,ISL,ROU,1034046.7087824
12017,ISL,RUS,36957968.3815503
12018,ISL,RWA,152.10855209553
12019,ISL,SAU,466688.90786517
12020,ISL,SDN,215056.692802525
12021,ISL,SEN,96101.0869361027
12022,ISL,SGP,391062.86535371
12023,ISL,SLE,5620.47951729563
12024,ISL,SLV,68712.743077401
12025,ISL,SMR,83.5911862867326
12026,ISL,SRB,1422948.09790736
12027,ISL,SVK,11023151.2359427
12028,ISL,SVN,431059.877644595
12029,ISL,SWE,22204497.4215856
12030,ISL,SYC,70750.6454962208
12031,ISL,THA,2501101.05207071
12032,ISL,TTO,401433.653842529
12033,ISL,TUN,853944.948374543
12034,ISL,TUR,4756116.50344986
12035,ISL,TZA,108875.464617495
12036,ISL,UGA,6890.79147939073
12037,ISL,UKR,26515728.613318
12038,ISL,URY,1346987.69065075
12039,ISL,USA,130035292.836414
12040,ISL,VCT,51128.3435401825
12041,ISL,VEN,457069.754879273
12042,ISL,VGB,51849.1462284911
12043,ISL,VNM,6166902.76892616
12044,ISL,WSM,46.5918087499821
12045,ISL,YEM,61593.0008201601
12046,ISL,ZAF,2457619.93172845
12047,ISL,ZMB,5020.126247037
12048,ISL,ZWE,28535.3999314434
12049,ISR,ABW,1207275.98555101
12050,ISR,AFG,136349.557959506
12051,ISR,AGO,25264251.3899101
12052,ISR,ALB,13528068.7052889
12053,ISR,AND,100883.664161054
12054,ISR,ARE,13508883.8428624
12055,ISR,ARG,58848051.2593915
12056,ISR,ARM,7178998.81588691
12057,ISR,ATG,587193.824981392
12058,ISR,AUS,307875728.713846
12059,ISR,AUT,115931746.090524
12060,ISR,AZE,181244191.558405
12061,ISR,BDI,249446.377484481
12062,ISR,BEL,1625085289.82184
12063,ISR,BEN,13080650.3065575
12064,ISR,BFA,1399906.76500881
12065,ISR,BGD,130182.995036715
12066,ISR,BGR,57115408.0938967
12067,ISR,BHR,98665.0067646679
12068,ISR,BHS,152108.55209553
12069,ISR,BIH,4677031.01913872
12070,ISR,BLR,34540768.8994334
12071,ISR,BLZ,1314163.07621273
12072,ISR,BMU,6981234.40225834
12073,ISR,BOL,6587114.29204225
12074,ISR,BRA,490915278.067844
12075,ISR,BRB,1941007.90078767
12076,ISR,BRN,190108.283173089
12077,ISR,BTN,341432.311430108
12078,ISR,BWA,40932959.5078335
12079,ISR,CAF,311068.840771939
12080,ISR,CAN,570084108.273107
12081,ISR,CHE,645580898.255358
12082,ISR,CHL,48876382.608045
12083,ISR,CHN,1044287585.60495
12084,ISR,CIV,7482214.29828072
12085,ISR,CMR,16545573.4955083
12086,ISR,COD,139775.426249946
12087,ISR,COG,14039208.2542225
12088,ISR,COL,147235675.149005
12089,ISR,CPV,468340.86155482
12090,ISR,CRI,130388290.879193
12091,ISR,CUB,9199141.53348911
12092,ISR,CYM,154849.246727882
12093,ISR,CYP,388349577.667681
12094,ISR,CZE,152901742.010468
12095,ISR,DEU,1289161779.38184
12096,ISR,DJI,4947638.98505324
12097,ISR,DMA,446048.05141527
12098,ISR,DNK,93263782.8179604
12099,ISR,DOM,14244022.7224659
12100,ISR,DZA,22610.7307169031
12101,ISR,ECU,20420796.4854374
12102,ISR,EGY,92177782.569891
12103,ISR,ERI,478251.213345404
12104,ISR,ESP,684976316.401139
12105,ISR,EST,8874783.42758693
12106,ISR,ETH,15843941.9312092
12107,ISR,FIN,88749702.5388828
12108,ISR,FJI,1392958.04689285
12109,ISR,FRA,842957859.883746
12110,ISR,FRO,226208.02769677
12111,ISR,FSM,4693.43955790261
12112,ISR,GAB,2829364.32579237
12113,ISR,GBR,1144766680.07233
12114,ISR,GEO,48553105.3279594
12115,ISR,GHA,61804719.4805093
12116,ISR,GIB,1615639.48577144
12117,ISR,GIN,4958601.76358265
12118,ISR,GMB,126757.126746275
12119,ISR,GNB,3425.86829043986
12120,ISR,GNQ,13253314.0683956
12121,ISR,GRC,202429075.892827
12122,ISR,GRD,52566.5230485092
12123,ISR,GRL,621708.529874871
12124,ISR,GTM,20969548.6423318
12125,ISR,GUY,405622.805588079
12126,ISR,HKG,1969263092.0999
12127,ISR,HND,8328970.98771738
12128,ISR,HRV,25221737.734773
12129,ISR,HTI,1461475.41270164
12130,ISR,HUN,88375068.7675028
12131,ISR,IDN,9318716.6699513
12132,ISR,IND,1240674090.34085
12133,ISR,IRL,78893470.7285825
12134,ISR,IRQ,2364534.29406159
12135,ISR,ISL,4054191.0345953
12136,ISR,ITA,942448590.995783
12137,ISR,JAM,6488193.71550311
12138,ISR,JOR,158357335.857292
12139,ISR,JPN,560100090.036674
12140,ISR,KAZ,66908103.9194352
12141,ISR,KEN,45554455.8316369
12142,ISR,KGZ,1121621.74137977
12143,ISR,KHM,2710044.75910464
12144,ISR,KIR,2055.52097426391
12145,ISR,KNA,106917.238302679
12146,ISR,KOR,576289286.212922
12147,ISR,KWT,736561.68244457
12148,ISR,LAO,228848.001801383
12149,ISR,LBN,12333.1258455835
12150,ISR,LBR,527583.716727738
12151,ISR,LBY,53443.5453308618
12152,ISR,LCA,112588.420670674
12153,ISR,LKA,28829366.8377095
12154,ISR,LSO,24666.251691167
12155,ISR,LTU,13549994.2623477
12156,ISR,LUX,7473189.08876551
12157,ISR,LVA,17355448.7593683
12158,ISR,MAC,3861638.73698381
12159,ISR,MAR,12745600.3877524
12160,ISR,MDA,9244619.9350447
12161,ISR,MDG,788634.880459255
12162,ISR,MDV,1166372.48851047
12163,ISR,MEX,284954408.777732
12164,ISR,MKD,17833601.6777007
12165,ISR,MLI,1052426.73882312
12166,ISR,MLT,28083212.7240517
12167,ISR,MMR,3173039.2106054
12168,ISR,MNE,1170276.60801426
12169,ISR,MNG,1153147.26656206
12170,ISR,MOZ,2377552.59356526
12171,ISR,MRT,110312.958952163
12172,ISR,MSR,4803.75251685477
12173,ISR,MUS,5204304.35219934
12174,ISR,MWI,400826.589981463
12175,ISR,MYS,79969358.3300795
12176,ISR,NAM,2402475.78537821
12177,ISR,NCL,1139634.9568509
12178,ISR,NER,15409555.5703985
12179,ISR,NGA,144086538.906636
12180,ISR,NIC,4196943.54038964
12181,ISR,NLD,1237503651.36427
12182,ISR,NOR,67051272.5524325
12183,ISR,NPL,5426460.94805584
12184,ISR,NZL,50318795.1041575
12185,ISR,OMN,256254.948124901
12186,ISR,PAK,797542.138014399
12187,ISR,PAN,12871672.3408406
12188,ISR,PER,33766728.2178914
12189,ISR,PHL,124545839.077755
12190,ISR,PLW,711.895430753403
12191,ISR,PNG,1404605.99908034
12192,ISR,POL,202180570.258775
12193,ISR,PRK,876337.108694516
12194,ISR,PRT,78933061.9495151
12195,ISR,PRY,7709689.79515407
12196,ISR,PSE,1816483664.15278
12197,ISR,PYF,1051726.49134456
12198,ISR,QAT,1393643.22055093
12199,ISR,ROU,115373610.021315
12200,ISR,RUS,449543807.418834
12201,ISR,RWA,4280688.20557578
12202,ISR,SAU,157589.941360233
12203,ISR,SDN,174034.109154345
12204,ISR,SEN,3409324.77246532
12205,ISR,SGP,385589260.346936
12206,ISR,SLB,554428.28964204
12207,ISR,SLE,213089.007665359
12208,ISR,SLV,2720079.28491728
12209,ISR,SRB,35214849.5959969
12210,ISR,STP,2055.52097426391
12211,ISR,SUR,42568.4690296895
12212,ISR,SVK,27453559.3726523
12213,ISR,SVN,85154752.5744893
12214,ISR,SWE,82969048.6051887
12215,ISR,SWZ,204181.750110216
12216,ISR,SYC,136330.894514234
12217,ISR,SYR,5322428.97602736
12218,ISR,TCA,73313.581415413
12219,ISR,TCD,2302183.49117558
12220,ISR,TGO,4699606.1208254
12221,ISR,THA,229888095.41436
12222,ISR,TJK,524157.848437298
12223,ISR,TKM,2754398.10551365
12224,ISR,TON,59610.1082536535
12225,ISR,TTO,3863606.55572984
12226,ISR,TUN,90442.9228676123
12227,ISR,TUR,744075981.95282
12228,ISR,TZA,12346907.4285423
12229,ISR,UGA,9027162.94530903
12230,ISR,UKR,60444649.7692047
12231,ISR,URY,6657147.26198273
12232,ISR,USA,12991877974.103
12233,ISR,UZB,14078948.3263916
12234,ISR,VCT,4725.64271983274
12235,ISR,VEN,27726958.0508762
12236,ISR,VGB,1569047.67702146
12237,ISR,VNM,88664639.5995785
12238,ISR,VUT,58861.8986190215
12239,ISR,WSM,112260.222488449
12240,ISR,ZAF,176968022.758278
12241,ISR,ZMB,1798271.06765559
12242,ISR,ZWE,1694052.684541
12243,ITA,ABW,24885530.5672519
12244,ITA,AFG,34369360.7676562
12245,ITA,AGO,487679532.264913
12246,ITA,AIA,29101563.610339
12247,ITA,ALB,812912159.7499
12248,ITA,AND,34730602.6931318
12249,ITA,ARE,3589183957.58021
12250,ITA,ARG,582121784.496629
12251,ITA,ARM,77316512.5531257
12252,ITA,ATG,4119854.62745191
12253,ITA,AUS,2723756719.5125
12254,ITA,AUT,6651958343.01592
12255,ITA,AZE,196341052.435347
12256,ITA,BDI,8819954.09797738
12257,ITA,BEL,7899799623.39376
12258,ITA,BEN,38975290.0617421
12259,ITA,BFA,16576729.8121243
12260,ITA,BGD,163666579.174668
12261,ITA,BGR,1273920369.55531
12262,ITA,BHR,157770618.649385
12263,ITA,BHS,243463243.97554
12264,ITA,BIH,576406992.195645
12265,ITA,BLR,485759277.773366
12266,ITA,BLZ,3162905.19141104
12267,ITA,BMU,8267429.35710706
12268,ITA,BOL,33717929.7532468
12269,ITA,BRA,2605330971.45418
12270,ITA,BRB,9765263.52778966
12271,ITA,BRN,19666572.3964346
12272,ITA,BTN,2533745.46583665
12273,ITA,BWA,6804428.76565703
12274,ITA,CAF,4024106.26174842
12275,ITA,CAN,2679279314.87578
12276,ITA,CHE,12985379921.1264
12277,ITA,CHL,515817914.701199
12278,ITA,CHN,7550807122.94965
12279,ITA,CIV,105134674.466346
12280,ITA,CMR,79269208.1461731
12281,ITA,COD,83820028.5090941
12282,ITA,COG,201474786.59007
12283,ITA,COK,7243484.73568586
12284,ITA,COL,369267885.264785
12285,ITA,COM,556867.676417553
12286,ITA,CPV,21268636.3028742
12287,ITA,CRI,71345278.251608
12288,ITA,CUB,177634587.535582
12289,ITA,CYM,111855474.829823
12290,ITA,CYP,708160261.399006
12291,ITA,CZE,3149084535.73923
12292,ITA,DEU,35303621249.4936
12293,ITA,DJI,15132380.7329625
12294,ITA,DMA,669092.711812791
12295,ITA,DNK,1839378487.45059
12296,ITA,DOM,136445717.493811
12297,ITA,DZA,2507557927.86865
12298,ITA,ECU,165899460.952971
12299,ITA,EGY,2487662127.6903
12300,ITA,ERI,27279951.6751575
12301,ITA,ESP,15940578649.8728
12302,ITA,EST,198032467.589112
12303,ITA,ETH,281514965.99259
12304,ITA,FIN,1159118776.98856
12305,ITA,FJI,6768402.16068066
12306,ITA,FRA,32477877041.1322
12307,ITA,FRO,5532146.24412127
12308,ITA,FSM,1786.14358023931
12309,ITA,GAB,88221517.924857
12310,ITA,GBR,14290360715.3373
12311,ITA,GEO,88519589.7065086
12312,ITA,GHA,132302005.572484
12313,ITA,GIB,442700158.369504
12314,ITA,GIN,27640871.120225
12315,ITA,GMB,4777079.85538163
12316,ITA,GNB,2714521.11029623
12317,ITA,GNQ,60134040.8032886
12318,ITA,GRC,5862598648.31088
12319,ITA,GRD,566966.219375415
12320,ITA,GRL,2253312.52076934
12321,ITA,GTM,70545814.2014827
12322,ITA,GUY,6238092.49494286
12323,ITA,HKG,2581851460.47943
12324,ITA,HND,20832021.2715392
12325,ITA,HRV,2242482707.72519
12326,ITA,HTI,7193114.3483756
12327,ITA,HUN,2367914563.97657
12328,ITA,IDN,497523187.380409
12329,ITA,IND,2613886647.35342
12330,ITA,IRL,880018412.83675
12331,ITA,IRN,1924047199.67948
12332,ITA,IRQ,553256231.645551
12333,ITA,ISL,68080240.0887575
12334,ITA,ISR,1542113981.77155
12335,ITA,JAM,14451395.6901291
12336,ITA,JOR,382484476.769913
12337,ITA,JPN,4366179252.34444
12338,ITA,KAZ,1312335417.27537
12339,ITA,KEN,127896314.410799
12340,ITA,KGZ,7201034.92365993
12341,ITA,KHM,13151115.876646
12342,ITA,KIR,1217.55359042233
12343,ITA,KNA,736216.354920893
12344,ITA,KOR,2406955337.70114
12345,ITA,KWT,598531547.214317
12346,ITA,LAO,10461831.0880058
12347,ITA,LBN,839061583.562825
12348,ITA,LBR,155925951.226302
12349,ITA,LBY,2329876609.22303
12350,ITA,LCA,12519235.9164099
12351,ITA,LKA,130334874.951157
12352,ITA,LSO,316586.011860589
12353,ITA,LTU,485205102.466968
12354,ITA,LUX,412863097.463851
12355,ITA,LVA,218514878.24518
12356,ITA,MAC,146951785.96738
12357,ITA,MAR,1470298160.3506
12358,ITA,MDA,158616283.537893
12359,ITA,MDG,24863929.1658508
12360,ITA,MDV,8094112.29657456
12361,ITA,MEX,2156062595.62381
12362,ITA,MHL,84782037.2509822
12363,ITA,MKD,252492663.055874
12364,ITA,MLI,37340411.8081919
12365,ITA,MLT,1007136387.36098
12366,ITA,MMR,6499196.2519192
12367,ITA,MNE,115637422.495184
12368,ITA,MNG,9109957.63297723
12369,ITA,MNP,854175.956043715
12370,ITA,MOZ,38674328.3950606
12371,ITA,MRT,25033887.4941485
12372,ITA,MSR,128350.019836945
12373,ITA,MUS,58681243.676809
12374,ITA,MWI,7142528.85696194
12375,ITA,MYS,858733790.14225
12376,ITA,NAM,9751927.53450112
12377,ITA,NCL,63355492.8908959
12378,ITA,NER,16338658.1861642
12379,ITA,NGA,823134054.735201
12380,ITA,NIC,16552312.1784356
12381,ITA,NLD,6795770974.4378
12382,ITA,NOR,1457201322.89928
12383,ITA,NPL,4709952.78777558
12384,ITA,NZL,316990058.766764
12385,ITA,OMN,305761546.656455
12386,ITA,PAK,577701657.082258
12387,ITA,PAN,626301799.519494
12388,ITA,PER,263937513.265279
12389,ITA,PHL,212605464.783224
12390,ITA,PLW,17318.4493818316
12391,ITA,PNG,4407200.06892975
12392,ITA,POL,7570362294.66094
12393,ITA,PRK,26902669.2848367
12394,ITA,PRT,3705657103.03999
12395,ITA,PRY,37633403.335497
12396,ITA,PSE,27653869.4304724
12397,ITA,PYF,33646018.4338514
12398,ITA,QAT,1157718556.27698
12399,ITA,ROU,4353840360.54327
12400,ITA,RUS,6146749052.07336
12401,ITA,RWA,7338360.57658688
12402,ITA,SAU,2363934334.76619
12403,ITA,SDN,156803440.70048
12404,ITA,SEN,102304114.115804
12405,ITA,SGP,1875216240.06711
12406,ITA,SHN,3030.42305436902
12407,ITA,SLB,202694.802681601
12408,ITA,SLE,4744866.20275762
12409,ITA,SLV,52067369.0162692
12410,ITA,SOM,2181045.31669452
12411,ITA,SPM,110831.67172554
12412,ITA,SRB,1061873978.99751
12413,ITA,STP,189845.336819019
12414,ITA,SUR,7726661.81730851
12415,ITA,SVK,1535636812.70918
12416,ITA,SVN,2734492763.02659
12417,ITA,SWE,2613343476.3087
12418,ITA,SWZ,5382832.10975428
12419,ITA,SYC,62496990.5359712
12420,ITA,SYR,682708961.108527
12421,ITA,TCA,601350.193820105
12422,ITA,TCD,37083939.2180803
12423,ITA,TGO,68944302.8992464
12424,ITA,THA,1016719377.49444
12425,ITA,TJK,7263052.99114375
12426,ITA,TKL,68126.6962331232
12427,ITA,TKM,114428326.77747
12428,ITA,TON,48763.909281475
12429,ITA,TTO,95796932.1827146
12430,ITA,TUN,2430092338.77951
12431,ITA,TUR,5401866828.82592
12432,ITA,TUV,6379.08323632089
12433,ITA,TZA,83586686.9047988
12434,ITA,UGA,38804037.249926
12435,ITA,UKR,1130678850.90731
12436,ITA,URY,82170007.6984445
12437,ITA,USA,18688680815.2719
12438,ITA,UZB,95713384.1486648
12439,ITA,VAT,6561323.26544052
12440,ITA,VCT,34971518.5009831
12441,ITA,VEN,698120372.703367
12442,ITA,VGB,167743315.022164
12443,ITA,VNM,497575876.549543
12444,ITA,VUT,373614.9181505
12445,ITA,WLF,32138.1553941499
12446,ITA,WSM,190221.869891779
12447,ITA,YEM,109676876.978787
12448,ITA,ZAF,1101887574.54644
12449,ITA,ZMB,7998587.55716443
12450,ITA,ZWE,8649477.40428926
12451,JAM,ABW,1347204.20552671
12452,JAM,AGO,121708.767233483
12453,JAM,AIA,480651.376669686
12454,JAM,ALB,5303.2441136009
12455,JAM,AND,3363.34687931299
12456,JAM,ARE,753907.538772725
12457,JAM,ARG,9537.61732058457
12458,JAM,ARM,131.553342352891
12459,JAM,ATG,4037709.86742365
12460,JAM,AUS,881386.838554624
12461,JAM,AUT,2280392.22815375
12462,JAM,BEL,955703.514205478
12463,JAM,BEN,10762.0226475878
12464,JAM,BGD,1409102.10862472
12465,JAM,BGR,26039.3397019753
12466,JAM,BHR,2981.19058634077
12467,JAM,BHS,2111515.42112384
12468,JAM,BLR,103255.670273857
12469,JAM,BLZ,3003245.30206
12470,JAM,BMU,866913.915374832
12471,JAM,BOL,33438.5300356673
12472,JAM,BRA,1330824.44405646
12473,JAM,BRB,5911859.89300241
12474,JAM,BWA,2464.56964814243
12475,JAM,CAN,99234664.2550442
12476,JAM,CHE,823691.790675326
12477,JAM,CHL,573596.553736636
12478,JAM,CHN,14773412.2541096
12479,JAM,CIV,12960.5188090849
12480,JAM,CMR,33349.4574601158
12481,JAM,COL,367649.796283186
12482,JAM,CRI,496649.496412382
12483,JAM,CUB,2628730.40488373
12484,JAM,CYM,6093154.78741152
12485,JAM,CYP,40665.0566075211
12486,JAM,CZE,718331.952097481
12487,JAM,DEU,24842229.9819465
12488,JAM,DMA,1932814.59418426
12489,JAM,DNK,329049.167907484
12490,JAM,DOM,3999287.08614851
12491,JAM,ECU,14641.4758996819
12492,JAM,EGY,64949.6665711331
12493,JAM,ESP,939327.863777175
12494,JAM,EST,783137.033323284
12495,JAM,ETH,39712.065695828
12496,JAM,FIN,1390157.05697858
12497,JAM,FJI,8753.09348207384
12498,JAM,FRA,28337643.0547251
12499,JAM,FRO,94890.3850822613
12500,JAM,GBR,99859739.2760603
12501,JAM,GEO,8222152.41442147
12502,JAM,GHA,4894398.93629883
12503,JAM,GRC,36964.433680188
12504,JAM,GRD,1748933.16921587
12505,JAM,GRL,6448.18985147564
12506,JAM,GTM,850826.723056584
12507,JAM,GUY,4475865.4034714
12508,JAM,HKG,4834740.86588911
12509,JAM,HND,993819.724804912
12510,JAM,HRV,72931.2545141999
12511,JAM,HTI,4722089.4092419
12512,JAM,HUN,147312.336488914
12513,JAM,IDN,3025911.87100417
12514,JAM,IND,707824.814050702
12515,JAM,IRL,1823062.63897917
12516,JAM,ISL,33170011.1642363
12517,JAM,ISR,79634.9935849326
12518,JAM,ITA,176791.869406999
12519,JAM,JPN,25574987.9214578
12520,JAM,KAZ,4313.85335132187
12521,JAM,KEN,4515.29440679973
12522,JAM,KHM,568.008962554929
12523,JAM,KNA,3783619.38288465
12524,JAM,KOR,1325478.71917605
12525,JAM,KWT,76.7394497058528
12526,JAM,LBN,6963.41988714806
12527,JAM,LCA,8097652.24970494
12528,JAM,LUX,37307.7056828901
12529,JAM,MAC,28926.661497158
12530,JAM,MDA,6159.02601255278
12531,JAM,MDV,1146.29552998118
12532,JAM,MEX,3306177.35962945
12533,JAM,MKD,1031.85782560732
12534,JAM,MLT,553.620315735081
12535,JAM,MNE,70823.6603419213
12536,JAM,MOZ,541282.393673891
12537,JAM,MSR,448174.830449975
12538,JAM,MUS,309.698493455763
12539,JAM,MWI,14833.0737503876
12540,JAM,MYS,475232.338207869
12541,JAM,NAM,22.6107307169031
12542,JAM,NCL,13046.3916236531
12543,JAM,NER,7358.07991420673
12544,JAM,NGA,373671.102390463
12545,JAM,NIC,3810.25071262721
12546,JAM,NLD,35554127.721446
12547,JAM,NOR,42502857.6724171
12548,JAM,NZL,2346578.63317774
12549,JAM,PAK,282147.660664046
12550,JAM,PAN,4445844.51964228
12551,JAM,PER,708648.392787724
12552,JAM,PHL,47531.1818352207
12553,JAM,POL,305401.769445894
12554,JAM,PRK,20949.1845960397
12555,JAM,PRT,9842365.43436064
12556,JAM,PRY,190.478276948456
12557,JAM,PYF,7426.59728001553
12558,JAM,ROU,14357984.7299538
12559,JAM,RUS,6339955.02422846
12560,JAM,RWA,140509.932411417
12561,JAM,SAU,110915.911771281
12562,JAM,SDN,919468.90969137
12563,JAM,SGP,1230915.1619287
12564,JAM,SLV,2273325.94999705
12565,JAM,SRB,2154.18598102858
12566,JAM,SUR,4239369.49329844
12567,JAM,SVK,8186053.35507145
12568,JAM,SVN,7980.21759575061
12569,JAM,SWE,1408351.84346911
12570,JAM,SYC,215206.310748373
12571,JAM,TCA,1031858.51078098
12572,JAM,THA,810352.82989967
12573,JAM,TON,17876.1807395152
12574,JAM,TTO,15095245.1730501
12575,JAM,TUN,3024.35652680031
12576,JAM,TUR,11336.1981730655
12577,JAM,TZA,30742.3716910911
12578,JAM,UGA,4439.24013075197
12579,JAM,UKR,9717.8179926617
12580,JAM,URY,776.98692827176
12581,JAM,USA,444742819.57769
12582,JAM,VCT,1725376.89885081
12583,JAM,VEN,33224829.8530989
12584,JAM,VGB,354090.894763283
12585,JAM,VNM,5350481.3559368
12586,JAM,WSM,2015.09572843672
12587,JAM,YEM,11464.3256471279
12588,JAM,ZAF,318666.046292819
12589,JAM,ZMB,75942.4282998186
12590,JAM,ZWE,14501.1728897152
12591,JOR,AFG,567730.096876087
12592,JOR,AGO,2280023.6047257
12593,JOR,ALB,197639.026849134
12594,JOR,AND,5935.32572044461
12595,JOR,ARE,210334703.428637
12596,JOR,ARG,153332.957422533
12597,JOR,ARM,83312.3206078907
12598,JOR,AUS,2998774.88310193
12599,JOR,AUT,6482058.67056859
12600,JOR,AZE,1632009.65481048
12601,JOR,BDI,6309.76421733213
12602,JOR,BEL,15589131.3640994
12603,JOR,BEN,116639.852510948
12604,JOR,BFA,116790.699658339
12605,JOR,BGD,2648958.1016178
12606,JOR,BGR,4276265.40961282
12607,JOR,BHR,26941501.0058431
12608,JOR,BIH,573721.255342408
12609,JOR,BLR,45084.4267021885
12610,JOR,BLZ,71.833606313943
12611,JOR,BMU,1346.36623814286
12612,JOR,BOL,125675.922713812
12613,JOR,BRA,9007496.40580093
12614,JOR,BRB,6473.52072161516
12615,JOR,BRN,87763.2086908302
12616,JOR,BWA,19.8700360845512
12617,JOR,CAF,195736.984774281
12618,JOR,CAN,9999875.89557654
12619,JOR,CHE,216481050.674011
12620,JOR,CHL,371493.267640625
12621,JOR,CHN,76915238.5447455
12622,JOR,CIV,3084962.41917164
12623,JOR,CMR,331360.943829873
12624,JOR,COG,1336062.59667254
12625,JOR,COL,538101.817553047
12626,JOR,COM,151.778298392331
12627,JOR,CRI,268897.772463941
12628,JOR,CUB,49956.6965848521
12629,JOR,CYP,2083939.23690677
12630,JOR,CZE,814350.133020955
12631,JOR,DEU,30116321.9961577
12632,JOR,DJI,562897.567065592
12633,JOR,DNK,783685.871126886
12634,JOR,DOM,427248.845833998
12635,JOR,DZA,84865176.2610243
12636,JOR,ECU,483116.631491487
12637,JOR,EGY,78844764.305371
12638,JOR,ERI,927494.229528338
12639,JOR,ESP,10348574.4928355
12640,JOR,EST,18293.5816802858
12641,JOR,ETH,24608583.6178894
12642,JOR,FIN,676957.740753839
12643,JOR,FJI,1421.73534053254
12644,JOR,FRA,9566022.56492792
12645,JOR,FRO,2237.09199365723
12646,JOR,GAB,26514.8502206883
12647,JOR,GBR,16269166.2197518
12648,JOR,GEO,530632.73950623
12649,JOR,GHA,311071.581466571
12650,JOR,GIN,155026.706705326
12651,JOR,GRC,2167296.09380244
12652,JOR,GRD,372.049296341769
12653,JOR,GTM,334613.463184816
12654,JOR,GUY,7719.85160567718
12655,JOR,HKG,2424467.80428186
12656,JOR,HND,48467.8142258269
12657,JOR,HRV,63377.1930258212
12658,JOR,HTI,41021.3469097269
12659,JOR,HUN,5324085.04075896
12660,JOR,IDN,113081873.146797
12661,JOR,IND,541475574.275747
12662,JOR,IRL,838587.101489773
12663,JOR,IRN,6896309.18285931
12664,JOR,IRQ,872473100.627022
12665,JOR,ISL,24743.6763145309
12666,JOR,ISR,80299103.6344236
12667,JOR,ITA,41065540.2393094
12668,JOR,JAM,207269.827787218
12669,JOR,JPN,158935987.622278
12670,JOR,KAZ,285108.981214302
12671,JOR,KEN,4893568.50582523
12672,JOR,KGZ,31210.3452995652
12673,JOR,KHM,1015974.12986553
12674,JOR,KNA,797.542138014399
12675,JOR,KOR,21060930.253111
12676,JOR,KWT,52543612.8969037
12677,JOR,LBN,146261021.786938
12678,JOR,LBR,243969.099261726
12679,JOR,LBY,30343486.8832567
12680,JOR,LKA,1145649.4112216
12681,JOR,LTU,55859.46764928
12682,JOR,LUX,40168.9908790654
12683,JOR,LVA,192072.042950367
12684,JOR,MAR,10488419.9815179
12685,JOR,MDA,352574.605457934
12686,JOR,MDG,376442.629837429
12687,JOR,MDV,106005.272163764
12688,JOR,MEX,3150714.19730392
12689,JOR,MKD,60264.5107627568
12690,JOR,MLI,34058.6121962369
12691,JOR,MLT,40081.9738244883
12692,JOR,MNE,19443.1728955624
12693,JOR,MOZ,768047.467554686
12694,JOR,MRT,321337.538385704
12695,JOR,MUS,3002911.27647581
12696,JOR,MWI,81722.8581817266
12697,JOR,MYS,18966557.8769125
12698,JOR,NCL,1095.59267928267
12699,JOR,NER,81460.296210079
12700,JOR,NGA,1425061.1734689
12701,JOR,NIC,29628.2793230401
12702,JOR,NLD,22230289.413597
12703,JOR,NOR,1172332.25231978
12704,JOR,NPL,2618752.90607465
12705,JOR,NZL,371126.367424324
12706,JOR,OMN,27594679.1096194
12707,JOR,PAK,4629812.27649158
12708,JOR,PAN,2092155.1542409
12709,JOR,PER,387181.356580641
12710,JOR,PHL,3019851.50999838
12711,JOR,POL,510083.696326513
12712,JOR,PRT,1353318.69525148
12713,JOR,PRY,2422.77405499907
12714,JOR,PSE,34186421.749722
12715,JOR,PYF,55745.7288220374
12716,JOR,QAT,47722654.299147
12717,JOR,ROU,8401139.64395013
12718,JOR,RUS,11327830.1471793
12719,JOR,RWA,275818.026410629
12720,JOR,SAU,397067873.235182
12721,JOR,SDN,57020520.8976126
12722,JOR,SEN,35195.3152950048
12723,JOR,SGP,3256935.98434364
12724,JOR,SLE,9852.79720330503
12725,JOR,SLV,65908.4506261053
12726,JOR,SOM,322929.196793442
12727,JOR,SRB,61066.7874507486
12728,JOR,SVK,2400748.46258617
12729,JOR,SVN,132878.468207633
12730,JOR,SWE,2112753.529924
12731,JOR,SYC,4844.57858927194
12732,JOR,SYR,159568646.830516
12733,JOR,TCD,107875.111076686
12734,JOR,TGO,61336.2422693965
12735,JOR,THA,2630623.53970103
12736,JOR,TJK,6866.12522769956
12737,JOR,TTO,179442.184837633
12738,JOR,TUN,24284954.605962
12739,JOR,TUR,26888310.2895921
12740,JOR,TZA,1463369.2326926
12741,JOR,UGA,541059.712235012
12742,JOR,UKR,10270926.4836742
12743,JOR,URY,53459.3043249978
12744,JOR,USA,653865649.50553
12745,JOR,UZB,12578.418015179
12746,JOR,VCT,43.1659404595422
12747,JOR,VEN,467227.454360427
12748,JOR,VNM,1707319.1470919
12749,JOR,YEM,31682756.7778227
12750,JOR,ZAF,7951410.83964361
12751,JOR,ZMB,90651.215659671
12752,JPN,ABW,11047832.5614543
12753,JPN,AFG,230743988.311445
12754,JPN,AGO,783876580.307357
12755,JPN,AIA,402604.615624202
12756,JPN,ALB,16852749.179555
12757,JPN,AND,10804862.5803653
12758,JPN,ARE,5019384569.16285
12759,JPN,ARG,622831775.477821
12760,JPN,ARM,30360745.7225302
12761,JPN,ATG,16423808.5440349
12762,JPN,AUS,9233427715.1531
12763,JPN,AUT,1442264030.62874
12764,JPN,AZE,100178323.786688
12765,JPN,BDI,11873912.1823281
12766,JPN,BEL,6585585146.82355
12767,JPN,BEN,20571791.6303385
12768,JPN,BFA,54141151.4677165
12769,JPN,BGD,862763183.371812
12770,JPN,BGR,166338999.169461
12771,JPN,BHR,397584757.280065
12772,JPN,BHS,908429924.092189
12773,JPN,BIH,39022023.8788993
12774,JPN,BLR,140842721.25715
12775,JPN,BLZ,3475844.17188714
12776,JPN,BMU,5891051.16900628
12777,JPN,BOL,219021668.745448
12778,JPN,BRA,3825738952.17016
12779,JPN,BRB,28363237.0315493
12780,JPN,BRN,146676017.768169
12781,JPN,BTN,7899343.12301819
12782,JPN,BWA,20658510.6343744
12783,JPN,CAF,5667048.7153149
12784,JPN,CAN,7441380108.61122
12785,JPN,CHE,4455703180.26096
12786,JPN,CHL,1083207002.59423
12787,JPN,CHN,89714942865.3299
12788,JPN,CIV,100883535.353203
12789,JPN,CMR,94628861.1487057
12790,JPN,COD,20378201.9798087
12791,JPN,COG,4064604.98902458
12792,JPN,COK,484113.559164005
12793,JPN,COL,565532577.087052
12794,JPN,COM,4170471.17093575
12795,JPN,CPV,14445211.3311909
12796,JPN,CRI,450714984.345035
12797,JPN,CUB,35875815.383571
12798,JPN,CYM,130967600.410891
12799,JPN,CYP,160166575.956372
12800,JPN,CZE,2254728495.16975
12801,JPN,DEU,18675571978.9128
12802,JPN,DJI,67172178.7545199
12803,JPN,DMA,5760759.91653159
12804,JPN,DNK,282455892.885873
12805,JPN,DOM,106427119.499934
12806,JPN,DZA,817929029.36654
12807,JPN,ECU,383784427.969998
12808,JPN,EGY,986946873.832419
12809,JPN,ERI,797657.932362616
12810,JPN,ESP,3029910775.92923
12811,JPN,EST,187684769.192204
12812,JPN,ETH,244552909.159952
12813,JPN,FIN,820450440.336183
12814,JPN,FJI,25872416.3250446
12815,JPN,FRA,7377894282.67225
12816,JPN,FRO,5065894.47704996
12817,JPN,FSM,22217847.3451398
12818,JPN,GAB,36056169.5345475
12819,JPN,GBR,9852630908.23235
12820,JPN,GEO,74268751.1793388
12821,JPN,GHA,79845298.7320251
12822,JPN,GIB,49882362.7798598
12823,JPN,GIN,16406146.1374767
12824,JPN,GMB,3361898.42219979
12825,JPN,GNB,196006.25802191
12826,JPN,GNQ,8203190.91860754
12827,JPN,GRC,658827753.191679
12828,JPN,GRD,6830170.05481774
12829,JPN,GRL,5111672.98466779
12830,JPN,GTM,195803818.668412
12831,JPN,GUY,28881316.0192921
12832,JPN,HKG,21852890966.5066
12833,JPN,HND,64952089.3451881
12834,JPN,HRV,196786460.470159
12835,JPN,HTI,34689457.7498014
12836,JPN,HUN,1335880340.47949
12837,JPN,IDN,6744663647.14084
12838,JPN,IND,4583013889.93921
12839,JPN,IRL,625471989.272624
12840,JPN,IRN,1126376773.93849
12841,JPN,IRQ,218344297.159804
12842,JPN,ISL,84782349.72854
12843,JPN,ISR,1043933326.15747
12844,JPN,ITA,3726560121.83401
12845,JPN,JAM,80757262.1302456
12846,JPN,JOR,359810581.259707
12847,JPN,KAZ,435161564.917169
12848,JPN,KEN,433511381.716252
12849,JPN,KGZ,45253648.1515685
12850,JPN,KHM,81496804.3181029
12851,JPN,KIR,5265285.49294283
12852,JPN,KNA,5093390.49594903
12853,JPN,KOR,33866277803.0335
12854,JPN,KWT,843334743.080246
12855,JPN,LAO,52050206.327415
12856,JPN,LBN,459502079.569892
12857,JPN,LBR,1018536928.06482
12858,JPN,LBY,328125816.923066
12859,JPN,LCA,11191126.3544385
12860,JPN,LKA,151963250.058554
12861,JPN,LSO,13265556.1428841
12862,JPN,LTU,17956861.993276
12863,JPN,LUX,176131488.757729
12864,JPN,LVA,15004979.0249863
12865,JPN,MAC,262149494.21537
12866,JPN,MAR,344291754.792473
12867,JPN,MDA,21625912.1184445
12868,JPN,MDG,17038578.0873153
12869,JPN,MDV,8680693.92231832
12870,JPN,MEX,7809000242.3564
12871,JPN,MHL,570689410.552698
12872,JPN,MKD,37406876.6629943
12873,JPN,MLI,8313640.22711767
12874,JPN,MLT,139313015.566402
12875,JPN,MMR,138147041.163787
12876,JPN,MNE,18860706.0836481
12877,JPN,MNG,72990902.3070047
12878,JPN,MNP,6915433.06483021
12879,JPN,MOZ,97001739.4875755
12880,JPN,MRT,28731890.6072416
12881,JPN,MSR,1041687.32690625
12882,JPN,MUS,82354454.0004467
12883,JPN,MWI,14855133.0951401
12884,JPN,MYS,10572435778.1426
12885,JPN,NAM,11222229.8126474
12886,JPN,NCL,54647653.0734178
12887,JPN,NER,48230564.6246301
12888,JPN,NGA,663072480.742984
12889,JPN,NIC,54932555.1321874
12890,JPN,NIU,12200.2021559144
12891,JPN,NLD,9257000113.8209
12892,JPN,NOR,1161127555.7749
12893,JPN,NPL,54070147.6039618
12894,JPN,NRU,1070457.76880937
12895,JPN,NZL,1298470762.49194
12896,JPN,OMN,1837182804.61214
12897,JPN,PAK,883492739.662794
12898,JPN,PAN,8793749406.00167
12899,JPN,PER,634879438.107409
12900,JPN,PHL,5635040505.16052
12901,JPN,PLW,5137485.53188894
12902,JPN,PNG,107613254.148733
12903,JPN,POL,2026093900.29661
12904,JPN,PRK,1925980.67211849
12905,JPN,PRT,272424741.5535
12906,JPN,PRY,234483574.324019
12907,JPN,PSE,12821210.8233783
12908,JPN,PYF,31758674.7043125
12909,JPN,QAT,1120528037.72426
12910,JPN,ROU,191630779.857155
12911,JPN,RUS,4971418491.16268
12912,JPN,RWA,23994648.5825511
12913,JPN,SAU,4924290891.00072
12914,JPN,SDN,540873983.655175
12915,JPN,SEN,59813480.1284999
12916,JPN,SGP,14199419286.9865
12917,JPN,SHN,102626.680855733
12918,JPN,SLB,6068635.84805684
12919,JPN,SLE,16127624.4158113
12920,JPN,SLV,97614342.4980455
12921,JPN,SOM,1075261.52132622
12922,JPN,SRB,127282738.533215
12923,JPN,STP,3098607.42577998
12924,JPN,SUR,49856574.2137167
12925,JPN,SVK,498557797.548601
12926,JPN,SVN,184959636.162309
12927,JPN,SWE,1269594237.20686
12928,JPN,SWZ,3483336.54583833
12929,JPN,SYC,18161360.6526473
12930,JPN,SYR,191905120.25861
12931,JPN,TCA,644437.343420009
12932,JPN,TCD,8592676.51420033
12933,JPN,TGO,21020180.9030142
12934,JPN,THA,17145297105.5638
12935,JPN,TJK,6377934.20009628
12936,JPN,TKL,9850.05650867268
12937,JPN,TKM,18441526.4320611
12938,JPN,TLS,3957115.63071739
12939,JPN,TON,3575430.73722193
12940,JPN,TTO,96319460.0030193
12941,JPN,TUN,163008298.759435
12942,JPN,TUR,1906133282.39368
12943,JPN,TUV,39700835.0143983
12944,JPN,TZA,289244998.427841
12945,JPN,UGA,184974527.041421
12946,JPN,UKR,355950908.285948
12947,JPN,URY,50182718.2453139
12948,JPN,USA,67421794567.2279
12949,JPN,UZB,57892669.0916317
12950,JPN,VCT,6134472.81451519
12951,JPN,VEN,427863754.933449
12952,JPN,VGB,1887264.24939457
12953,JPN,VNM,5116939601.45316
12954,JPN,VUT,49452772.5997118
12955,JPN,WSM,7848175.7245795
12956,JPN,YEM,355381217.222062
12957,JPN,ZAF,2119723050.5974
12958,JPN,ZMB,45922619.0353938
12959,JPN,ZWE,10619625.6544235
12960,KAZ,AFG,279862396.851183
12961,KAZ,AGO,20296.89927354
12962,KAZ,ALB,1047321.50989671
12963,KAZ,AND,33579.4085915067
12964,KAZ,ARE,19263588.8797775
12965,KAZ,ARG,15541456.9809697
12966,KAZ,ARM,2201406.09402303
12967,KAZ,AUS,6012864.08263579
12968,KAZ,AUT,896774406.217161
12969,KAZ,AZE,62702947.8875797
12970,KAZ,BEL,16064626.808992
12971,KAZ,BFA,154658.303903193
12972,KAZ,BGD,834214.687716242
12973,KAZ,BGR,297231545.657845
12974,KAZ,BIH,135249.854238275
12975,KAZ,BLR,51294361.1175373
12976,KAZ,BLZ,760131.656282796
12977,KAZ,BOL,228515.007403552
12978,KAZ,BRA,9529049.90916383
12979,KAZ,CAN,1020169240.56638
12980,KAZ,CHE,1828193526.9739
12981,KAZ,CHL,640830.949000005
12982,KAZ,CHN,4286172217.00007
12983,KAZ,CIV,196.316641689024
12984,KAZ,COD,119372.325059403
12985,KAZ,COG,609668.206140335
12986,KAZ,COL,1743314.06004589
12987,KAZ,CRI,2732.47254845483
12988,KAZ,CYP,1539296.06643996
12989,KAZ,CZE,194359119.047555
12990,KAZ,DEU,2138675276.85724
12991,KAZ,DNK,35765402.3892648
12992,KAZ,DOM,965.622088079959
12993,KAZ,DZA,2784677.29981187
12994,KAZ,ECU,40079.918303514
12995,KAZ,EGY,24754178.2432024
12996,KAZ,ESP,397595913.96274
12997,KAZ,EST,76684542.2116324
12998,KAZ,ETH,3070414.63734384
12999,KAZ,FIN,309164356.052996
13000,KAZ,FRA,2316920762.57475
13001,KAZ,GAB,143454.123620221
13002,KAZ,GBR,846246128.174301
13003,KAZ,GEO,15936367.7815872
13004,KAZ,GHA,129029.162596494
13005,KAZ,GIN,161470.764959644
13006,KAZ,GRC,538867538.170859
13007,KAZ,GTM,89971.5233908477
13008,KAZ,HKG,4474586.86942541
13009,KAZ,HRV,74651226.7632357
13010,KAZ,HUN,40985717.8795063
13011,KAZ,IDN,23857341.8369912
13012,KAZ,IND,100487819.468741
13013,KAZ,IRL,228892.538089158
13014,KAZ,IRN,876339627.392883
13015,KAZ,IRQ,3202771.63632447
13016,KAZ,ISR,768418813.177681
13017,KAZ,ITA,4581588832.87678
13018,KAZ,JOR,20727771.4136023
13019,KAZ,JPN,226997150.420873
13020,KAZ,KEN,24252.4068016818
13021,KAZ,KGZ,267557287.071305
13022,KAZ,KOR,114019144.119253
13023,KAZ,KWT,41282.3980734584
13024,KAZ,LBN,2751984.92388986
13025,KAZ,LBY,2871962.94246301
13026,KAZ,LTU,83763384.8156569
13027,KAZ,LUX,510935.367183517
13028,KAZ,LVA,66611424.4106568
13029,KAZ,MAR,6941258.65501711
13030,KAZ,MDA,115134271.784701
13031,KAZ,MEX,2721702.30372335
13032,KAZ,MKD,1404307.46891751
13033,KAZ,MNE,8591.39249876508
13034,KAZ,MNG,21458962.7049147
13035,KAZ,MOZ,19217.0655883933
13036,KAZ,MYS,250627.616871025
13037,KAZ,NGA,1224200.46007944
13038,KAZ,NLD,1522765426.30433
13039,KAZ,NOR,19642296.1661449
13040,KAZ,NZL,3913679.04666291
13041,KAZ,OMN,40512.9480554256
13042,KAZ,PAK,15479850.96185
13043,KAZ,PER,137.034731617594
13044,KAZ,PHL,964.724510587864
13045,KAZ,POL,572663058.071036
13046,KAZ,PRT,187998965.103886
13047,KAZ,PYF,3217.57549838112
13048,KAZ,QAT,19249.2687503235
13049,KAZ,ROU,1307231332.44508
13050,KAZ,RUS,2524864930.05418
13051,KAZ,SAU,20950741.3105909
13052,KAZ,SDN,1560591.58165391
13053,KAZ,SEN,824263.91067983
13054,KAZ,SGP,1705850.13476896
13055,KAZ,SLV,9.80483504723887
13056,KAZ,SRB,13044344.3247627
13057,KAZ,SVK,716019414.947158
13058,KAZ,SVN,6400385.9705245
13059,KAZ,SWE,116398035.542146
13060,KAZ,SYC,4988804.90360483
13061,KAZ,SYR,34234980.0068707
13062,KAZ,TCD,13384.1822370904
13063,KAZ,THA,7787788.62939757
13064,KAZ,TJK,164679582.568327
13065,KAZ,TKM,74649252.7779267
13066,KAZ,TUN,14329826.7168215
13067,KAZ,TUR,657393015.310637
13068,KAZ,TZA,1872.57960755443
13069,KAZ,UKR,1393603579.82895
13070,KAZ,USA,1095059026.29768
13071,KAZ,UZB,611069119.738572
13072,KAZ,VEN,22823.1345509103
13073,KAZ,VGB,203611082.673867
13074,KAZ,VNM,56028793.9302296
13075,KAZ,YEM,568105.572040719
13076,KAZ,ZAF,321548.571872395
13077,KEN,AFG,67746993.5470206
13078,KEN,AGO,1741181.79962192
13079,KEN,AIA,53926.5927598138
13080,KEN,ALB,11203.2744833964
13081,KEN,AND,18.0735107530445
13082,KEN,ARE,95006195.1894723
13083,KEN,ARG,240239.699040753
13084,KEN,ARM,1177712.79772548
13085,KEN,ATG,29339.1360393269
13086,KEN,AUS,6735255.00348379
13087,KEN,AUT,3354828.11522198
13088,KEN,AZE,311762.236513924
13089,KEN,BDI,40757252.8897798
13090,KEN,BEL,44007385.0996986
13091,KEN,BEN,295770.968507809
13092,KEN,BFA,154766.015942939
13093,KEN,BGD,1799379.76496626
13094,KEN,BGR,253419.699527733
13095,KEN,BHR,815631.40776158
13096,KEN,BIH,104930.919867882
13097,KEN,BLR,496887.936845397
13098,KEN,BLZ,8929.86828586054
13099,KEN,BMU,11179.2934053633
13100,KEN,BOL,9648.61545319482
13101,KEN,BRA,1252182.26710209
13102,KEN,BRB,11340.9943886721
13103,KEN,BRN,4938.04655384001
13104,KEN,BWA,1195749.30910099
13105,KEN,CAF,580664.120019813
13106,KEN,CAN,10255923.9212567
13107,KEN,CHE,14160626.3440685
13108,KEN,CHL,762966.486924032
13109,KEN,CHN,22048964.371547
13110,KEN,CIV,686796.21029078
13111,KEN,CMR,325396.507136217
13112,KEN,COD,100392483.720781
13113,KEN,COG,269593.2237269
13114,KEN,COL,1315284.70549102
13115,KEN,COM,3880670.80568452
13116,KEN,CPV,128966.811793608
13117,KEN,CRI,54685.7651729753
13118,KEN,CYP,1169687.3586683
13119,KEN,CZE,3499946.5256577
13120,KEN,DEU,99001912.0028709
13121,KEN,DJI,6309890.97445888
13122,KEN,DMA,140193.38218138
13123,KEN,DNK,1513554.09210559
13124,KEN,DOM,185052.353176548
13125,KEN,DZA,34536.8634095823
13126,KEN,ECU,13971.3760620718
13127,KEN,EGY,142758766.838598
13128,KEN,ERI,4993930.68774098
13129,KEN,ESP,22463668.1097684
13130,KEN,EST,612797.250350355
13131,KEN,ETH,38289048.3953812
13132,KEN,FIN,18396924.3676142
13133,KEN,FJI,17591.8336714087
13134,KEN,FRA,64009331.5020785
13135,KEN,FRO,35896.2479472288
13136,KEN,FSM,8496.15336029085
13137,KEN,GAB,349515.305074571
13138,KEN,GBR,360333264.614432
13139,KEN,GEO,13839.1375460609
13140,KEN,GHA,5240043.01020521
13141,KEN,GIN,99437.1974773331
13142,KEN,GMB,822811.342524683
13143,KEN,GRC,1982249.18844165
13144,KEN,GRD,21676.1538472711
13145,KEN,GRL,1086.95263945418
13146,KEN,GTM,10159.0698284704
13147,KEN,GUY,84062.5857634971
13148,KEN,HKG,30446769.9604769
13149,KEN,HRV,746979.747915797
13150,KEN,HTI,10271.4383083968
13151,KEN,HUN,455215.674960487
13152,KEN,IDN,7246113.6312176
13153,KEN,IND,52967367.4530058
13154,KEN,IRL,11391039.3966046
13155,KEN,IRN,3361675.74076091
13156,KEN,IRQ,5735664.74613046
13157,KEN,ISL,182101.343804673
13158,KEN,ISR,16584628.3940194
13159,KEN,ITA,28221170.8176165
13160,KEN,JAM,4032.24697784771
13161,KEN,JOR,2040405.35819284
13162,KEN,JPN,29702122.5436932
13163,KEN,KAZ,25497397.4860686
13164,KEN,KGZ,452662.717910451
13165,KEN,KHM,17540.4456470521
13166,KEN,KNA,50.7028506985099
13167,KEN,KOR,3818236.41161223
13168,KEN,KWT,1811583.39299046
13169,KEN,LBN,1169360.53083339
13170,KEN,LBR,337094.477000753
13171,KEN,LBY,675070.087325806
13172,KEN,LKA,6298645.21920868
13173,KEN,LSO,146835.455622885
13174,KEN,LTU,17421.9106042029
13175,KEN,LUX,268990.270907783
13176,KEN,LVA,20416.8889400653
13177,KEN,MAC,80283.8441318844
13178,KEN,MAR,1825959.85331163
13179,KEN,MDA,354963.120830029
13180,KEN,MDG,6934148.30375003
13181,KEN,MDV,51775.8326470757
13182,KEN,MEX,507373.834508775
13183,KEN,MKD,44310.6600901098
13184,KEN,MLI,780288.094956428
13185,KEN,MLT,1111717.55615211
13186,KEN,MOZ,9984640.3741153
13187,KEN,MRT,258209.063397768
13188,KEN,MUS,23513593.6385968
13189,KEN,MWI,31773222.4265302
13190,KEN,MYS,16374236.2298722
13191,KEN,NAM,758274.150495719
13192,KEN,NCL,6694.83181317757
13193,KEN,NER,281144.566428605
13194,KEN,NGA,16537963.271688
13195,KEN,NIC,9443.74852942651
13196,KEN,NLD,318702646.899286
13197,KEN,NOR,23391465.2079791
13198,KEN,NPL,115740.219497878
13199,KEN,NRU,425062.552615351
13200,KEN,NZL,1711390.44896826
13201,KEN,OMN,3015798.70781079
13202,KEN,PAK,134506868.367612
13203,KEN,PAN,123815.676232103
13204,KEN,PER,71470.4642751563
13205,KEN,PHL,3761754.12110774
13206,KEN,POL,12602570.3866266
13207,KEN,PRK,59304.5208021463
13208,KEN,PRT,3924740.49019908
13209,KEN,PSE,52468.7576747576
13210,KEN,PYF,502.232291378483
13211,KEN,QAT,995377.124529746
13212,KEN,ROU,1979246.86709969
13213,KEN,RUS,46121858.4155044
13214,KEN,RWA,84893778.8353812
13215,KEN,SAU,12547324.1494013
13216,KEN,SDN,113151392.236494
13217,KEN,SEN,213706.349131296
13218,KEN,SGP,16291934.54041
13219,KEN,SLE,404977.37200216
13220,KEN,SLV,14790.7478328329
13221,KEN,SMR,159613.259172567
13222,KEN,SOM,99428040.1313927
13223,KEN,SRB,330085.835652171
13224,KEN,SUR,3780.10307167134
13225,KEN,SVK,689142.869089275
13226,KEN,SVN,119904.019818079
13227,KEN,SWE,22903835.6747073
13228,KEN,SWZ,25027.3382089793
13229,KEN,SYC,10074802.1558423
13230,KEN,SYR,1071234.75573764
13231,KEN,TCD,1100425.89426682
13232,KEN,TGO,173942.831004788
13233,KEN,THA,7806540.46207213
13234,KEN,TTO,4593.40420382176
13235,KEN,TUN,1077356.78237266
13236,KEN,TUR,5803036.50158293
13237,KEN,TUV,2659.84414069751
13238,KEN,TZA,266739279.481297
13239,KEN,UGA,409950034.899554
13240,KEN,UKR,3036936.3151628
13241,KEN,URY,4101.4495173146
13242,KEN,USA,200589647.042371
13243,KEN,VEN,45279.7011947436
13244,KEN,VNM,2370443.23168894
13245,KEN,YEM,29386886.4767328
13246,KEN,ZAF,31734900.5487242
13247,KEN,ZMB,60268176.5946213
13248,KEN,ZWE,8542986.07609901
13249,KGZ,AFG,12911657.0200057
13250,KGZ,AGO,869858.106583636
13251,KGZ,ALB,133175.833575243
13252,KGZ,ARE,69659801.7555623
13253,KGZ,ARG,158842.438807218
13254,KGZ,ARM,255110.708115894
13255,KGZ,AUS,49521.6113119662
13256,KGZ,AUT,503715.692348244
13257,KGZ,AZE,838320.248275505
13258,KGZ,BEL,8918979.5060862
13259,KGZ,BGD,272.013942260925
13260,KGZ,BGR,3126029.44592398
13261,KGZ,BHR,182694.704192577
13262,KGZ,BIH,199751.417237019
13263,KGZ,BLR,2229432.43733346
13264,KGZ,BRA,14657.2348938179
13265,KGZ,CAN,1505033.27249361
13266,KGZ,CHE,304783564.661147
13267,KGZ,CHL,58255.4171555649
13268,KGZ,CHN,33196957.6738615
13269,KGZ,COG,117849.869191131
13270,KGZ,COL,8202.8990346292
13271,KGZ,CZE,228615.727931291
13272,KGZ,DEU,5579681.31637252
13273,KGZ,DNK,45408.5138424641
13274,KGZ,DOM,425.869687184579
13275,KGZ,ECU,28775.2381187205
13276,KGZ,ESP,809981.400000315
13277,KGZ,EST,1393382.1693872
13278,KGZ,ETH,8470.8656560918
13279,KGZ,FIN,345585.834145437
13280,KGZ,FRA,16056539.7043056
13281,KGZ,FRO,6649.61035174377
13282,KGZ,GBR,4067495.73668805
13283,KGZ,GEO,729709.94586369
13284,KGZ,GRC,672388.31762805
13285,KGZ,HKG,245467.574051964
13286,KGZ,HND,33430.3079517702
13287,KGZ,HRV,20421.600879312
13288,KGZ,HUN,231588.696433734
13289,KGZ,IDN,1021315.05853032
13290,KGZ,IND,603090.539022691
13291,KGZ,IRL,118147.919732399
13292,KGZ,IRN,4356514.3187954
13293,KGZ,IRQ,1495257.21474001
13294,KGZ,ISR,67147.0184926212
13295,KGZ,ITA,1237139.96461243
13296,KGZ,JAM,16786.7546231553
13297,KGZ,JOR,47879.2500535294
13298,KGZ,JPN,148089.323417186
13299,KGZ,KAZ,81704060.4424169
13300,KGZ,KOR,820444.752709648
13301,KGZ,LBN,11136.8126385619
13302,KGZ,LTU,238608.985734504
13303,KGZ,LUX,539138.485297734
13304,KGZ,LVA,435992.442809171
13305,KGZ,MDA,1852591.03642703
13306,KGZ,MEX,161513.245726445
13307,KGZ,MKD,806107.123920381
13308,KGZ,MNE,146904.658162352
13309,KGZ,MNG,107133.753178635
13310,KGZ,MUS,1346935.61745274
13311,KGZ,MYS,62282.9706938547
13312,KGZ,NLD,1344712.9141059
13313,KGZ,NOR,19891.96164161
13314,KGZ,PAK,140104.994779487
13315,KGZ,POL,716355.911267555
13316,KGZ,PRT,50946.0873471311
13317,KGZ,ROU,303296.340422374
13318,KGZ,RUS,251458732.518286
13319,KGZ,RWA,180.200672077137
13320,KGZ,SAU,139552.744811068
13321,KGZ,SLV,59.8362155608226
13322,KGZ,SRB,4697375.88056832
13323,KGZ,SVK,3793.8065448331
13324,KGZ,SVN,32026.387126348
13325,KGZ,SWE,10740.097090529
13326,KGZ,SYC,26890.3253853205
13327,KGZ,SYR,57716.9734363565
13328,KGZ,THA,424400.674861638
13329,KGZ,TJK,10140141.220992
13330,KGZ,TKM,2892286.56350922
13331,KGZ,TUN,34724.6009918984
13332,KGZ,TUR,25805959.9615993
13333,KGZ,UKR,2749243.54408385
13334,KGZ,URY,188.422755974192
13335,KGZ,USA,4267858.32882808
13336,KGZ,UZB,114156696.842156
13337,KGZ,VEN,2194.61122685577
13338,KGZ,ZAF,30221.6397109443
13339,KHM,AFG,1243057.12432368
13340,KHM,AGO,167733.252194568
13341,KHM,ALB,10644.8579520547
13342,KHM,AND,47442.4717165344
13343,KHM,ARE,7650749.10156437
13344,KHM,ARG,4108673.30319182
13345,KHM,ARM,108874.779443837
13346,KHM,AUS,13995303.6965596
13347,KHM,AUT,28290928.5998903
13348,KHM,BEL,33223042.235025
13349,KHM,BEN,34928.7827420086
13350,KHM,BFA,317880.548137366
13351,KHM,BGD,265063.54067328
13352,KHM,BGR,1144426.37624191
13353,KHM,BHR,7015.49308516274
13354,KHM,BIH,356943.272701903
13355,KHM,BLR,231383.144336308
13356,KHM,BLZ,25702.234262196
13357,KHM,BMU,7374.52408200084
13358,KHM,BOL,68702.3626964809
13359,KHM,BRA,6594950.6231698
13360,KHM,BRB,73535.5776806335
13361,KHM,BRN,63113.4011674573
13362,KHM,CAN,175473509.64213
13363,KHM,CHE,20434966.0664798
13364,KHM,CHL,3328841.29476607
13365,KHM,CHN,25277530.0554038
13366,KHM,CIV,96088.0837104195
13367,KHM,CMR,17549.3529046072
13368,KHM,COG,22898.5036533
13369,KHM,COL,674397.246793564
13370,KHM,CRI,850743.131870298
13371,KHM,CYP,59027.7106442788
13372,KHM,CZE,8295359.79391988
13373,KHM,DEU,282759277.410201
13374,KHM,DNK,7945460.10642312
13375,KHM,DOM,144981.444906638
13376,KHM,DZA,729060.401235822
13377,KHM,ECU,264608.58536431
13378,KHM,EGY,434630.721144176
13379,KHM,ERI,123216.149281276
13380,KHM,ESP,110678656.339941
13381,KHM,EST,1094779.46722309
13382,KHM,ETH,18760.7399321068
13383,KHM,FIN,11649216.3328947
13384,KHM,FJI,42900.7782538622
13385,KHM,FRA,79156723.1867248
13386,KHM,FRO,41914.8133598736
13387,KHM,GBR,285638531.379429
13388,KHM,GEO,24497.0137976193
13389,KHM,GHA,13736.3614973477
13390,KHM,GIN,16744.2738563539
13391,KHM,GRC,5357295.40796649
13392,KHM,GRL,72420.5945868269
13393,KHM,GTM,430490.498334724
13394,KHM,GUY,67.8321921507092
13395,KHM,HKG,1130114215.35752
13396,KHM,HND,106499.967544904
13397,KHM,HRV,2573608.86926421
13398,KHM,HUN,74043.2913612767
13399,KHM,IDN,2851686.59839922
13400,KHM,IND,3307734.75935428
13401,KHM,IRL,18232693.5011635
13402,KHM,IRN,1505326.52681927
13403,KHM,IRQ,168928.195054273
13404,KHM,ISL,338009.869007958
13405,KHM,ISR,1246330.88406202
13406,KHM,ITA,29441770.8655271
13407,KHM,JAM,30732.7792598779
13408,KHM,JOR,81241.0406394908
13409,KHM,JPN,97723804.2657622
13410,KHM,KAZ,690707.12055069
13411,KHM,KEN,2256245.33809542
13412,KHM,KGZ,60106.8591557673
13413,KHM,KOR,12471865.9744361
13414,KHM,KWT,855.781898951877
13415,KHM,LAO,247033.881034353
13416,KHM,LBN,1413436.51718578
13417,KHM,LBY,73.313581415413
13418,KHM,LKA,376146.634817135
13419,KHM,LTU,123497.75565475
13420,KHM,LUX,8812421.29878036
13421,KHM,LVA,99011.7046356604
13422,KHM,MAC,3308971.95961417
13423,KHM,MAR,445218.438353841
13424,KHM,MDA,238785.76053829
13425,KHM,MDG,17659.8768970461
13426,KHM,MEX,20585476.6038115
13427,KHM,MKD,161458.424982062
13428,KHM,MLI,59933.5102202711
13429,KHM,MLT,35117.2054979828
13430,KHM,MMR,26621.052137692
13431,KHM,MNE,165061.760101683
13432,KHM,MOZ,40819.905854249
13433,KHM,MRT,146440.795595826
13434,KHM,MUS,63432.6920921263
13435,KHM,MYS,10305731.9351577
13436,KHM,NCL,102332.056182755
13437,KHM,NER,63843.111113321
13438,KHM,NGA,29067.8072707241
13439,KHM,NIC,249593.004647312
13440,KHM,NLD,99505218.7774134
13441,KHM,NOR,8504577.10518413
13442,KHM,NPL,115131.785289496
13443,KHM,NRU,17796.700595177
13444,KHM,NZL,1061135.29601742
13445,KHM,OMN,121.960911139659
13446,KHM,PAK,265839.157254236
13447,KHM,PAN,3366798.78420244
13448,KHM,PER,794523.948050522
13449,KHM,PHL,6834239.98634678
13450,KHM,PNG,34608.1214700234
13451,KHM,POL,41727270.3668764
13452,KHM,PRK,1639539.71331286
13453,KHM,PRT,42959.0180147997
13454,KHM,PRY,266393.462743629
13455,KHM,PYF,55187.3122906957
13456,KHM,QAT,36395.0543703169
13457,KHM,ROU,706965.715911245
13458,KHM,RUS,20070958.4635699
13459,KHM,RWA,156.219594044058
13460,KHM,SAU,923509.944706557
13461,KHM,SDN,30261.3797831134
13462,KHM,SEN,30355.2485742714
13463,KHM,SGP,330558855.564637
13464,KHM,SLE,22966.3358454507
13465,KHM,SLV,563895.049728773
13466,KHM,SOM,5369.70595843543
13467,KHM,SRB,1691841.75932935
13468,KHM,SUR,18074.1959267026
13469,KHM,SVK,6220373.72120334
13470,KHM,SVN,3984998.08755963
13471,KHM,SWE,9773441.7605726
13472,KHM,SWZ,252676.286108708
13473,KHM,SYC,39383.8880688136
13474,KHM,THA,53258575.1649507
13475,KHM,TTO,108460.249380694
13476,KHM,TUN,208447.641305471
13477,KHM,TUR,13710037.1254039
13478,KHM,TZA,13669.214478855
13479,KHM,UGA,1857.50578707649
13480,KHM,UKR,3221030.82913885
13481,KHM,URY,975992.191395121
13482,KHM,USA,1373547776.03635
13483,KHM,VEN,459697.39585804
13484,KHM,VNM,127601089.399625
13485,KHM,WSM,1064.75986466871
13486,KHM,ZAF,3506787.98463371
13487,KIR,AGO,1169.59143435617
13488,KIR,ARE,41275.5463368775
13489,KIR,AUS,915488.616691321
13490,KIR,BGD,576255.027530017
13491,KIR,BGR,9584.20912933455
13492,KIR,BIH,966.09485790404
13493,KIR,CAN,68397.4604186318
13494,KIR,CHN,18131.750513982
13495,KIR,CIV,528.878009767866
13496,KIR,CRI,1053.11191248121
13497,KIR,CZE,23981.078033079
13498,KIR,DEU,13449.3477333639
13499,KIR,DNK,79570.5872610723
13500,KIR,DOM,693.765735760395
13501,KIR,ECU,5101477.60063545
13502,KIR,ESP,13281.3246527119
13503,KIR,FJI,423470.209033955
13504,KIR,FRA,8559.18933683494
13505,KIR,GBR,180871.457088405
13506,KIR,GRL,945.567055107724
13507,KIR,HKG,929090.684151683
13508,KIR,IDN,150676.539150126
13509,KIR,JPN,4796253.291167
13510,KIR,KAZ,676.951574190916
13511,KIR,KOR,3569771.88797978
13512,KIR,MEX,57655.3078071286
13513,KIR,MHL,1.37034731617594
13514,KIR,MKD,4431.40174410344
13515,KIR,MYS,964.724510587864
13516,KIR,NZL,10687.3387188562
13517,KIR,PAK,10564.6926340584
13518,KIR,PHL,220828.729307121
13519,KIR,SDN,640.538020131831
13520,KIR,SVN,77.4246233639408
13521,KIR,SWE,902.373707701859
13522,KIR,SYC,31836.5357832967
13523,KIR,THA,6141439.66027063
13524,KIR,TUV,535.120626966706
13525,KIR,USA,940678.341057267
13526,KIR,ZAF,774.246233639408
13527,KNA,AIA,279197.302892319
13528,KNA,ARG,353132.336815618
13529,KNA,ATG,1031662.55111477
13530,KNA,AUS,14580.495444112
13531,KNA,AUT,32717.7273473587
13532,KNA,AZE,1178162.95681885
13533,KNA,BEL,114050.581257033
13534,KNA,BGD,1577.26976091851
13535,KNA,BGR,61.6656292279175
13536,KNA,BRA,88832.7647711055
13537,KNA,BRB,268801.848151808
13538,KNA,CAN,4236985.0889683
13539,KNA,CHE,7612.96451501545
13540,KNA,CHN,29723.5184615143
13541,KNA,COL,156.219594044058
13542,KNA,CRI,18011.8451238166
13543,KNA,CUB,3832.17626968603
13544,KNA,CYM,209.663139374919
13545,KNA,CZE,525015.000683566
13546,KNA,DEU,811036.901113342
13547,KNA,DMA,371154.459544306
13548,KNA,DNK,676327.380988398
13549,KNA,DOM,8629.07704995991
13550,KNA,DZA,23273.9788179322
13551,KNA,ESP,17084.5687795115
13552,KNA,FIN,7917.8667928646
13553,KNA,FRA,126677.646601937
13554,KNA,GBR,255074.393912016
13555,KNA,GRD,158857.512627696
13556,KNA,GUY,107211.862975657
13557,KNA,IRL,24730.7738093755
13558,KNA,ITA,1671.82372573465
13559,KNA,JAM,180336.336461438
13560,KNA,JPN,110701.452416299
13561,KNA,KOR,5144.96899858258
13562,KNA,LCA,3642492.10900729
13563,KNA,LUX,206.237271084479
13564,KNA,MEX,851579.728906823
13565,KNA,MSR,290924.735224153
13566,KNA,NCL,358.345823180009
13567,KNA,NLD,10513.3046097018
13568,KNA,NZL,103.461222371284
13569,KNA,PER,699.562304907819
13570,KNA,POL,9893.22244913222
13571,KNA,SDN,195838.044462981
13572,KNA,SLV,3901.61861993324
13573,KNA,SRB,10829.8548397385
13574,KNA,SVK,67926.0609418673
13575,KNA,SVN,485.788123584372
13576,KNA,SWE,52525.4126290239
13577,KNA,SYC,14595.4363409003
13578,KNA,TTO,138473.596299579
13579,KNA,TUR,2104630.11103371
13580,KNA,UKR,11983.0021063005
13581,KNA,URY,25376.7767746042
13582,KNA,USA,34703774.4533872
13583,KNA,VCT,379210.046242446
13584,KNA,VGB,75368.4172160188
13585,KNA,ZAF,92757.4394846334
13586,KNA,ZWE,10054.923432441
13587,KOR,ABW,7684432.92376964
13588,KOR,AFG,60717467.4201666
13589,KOR,AGO,304528003.793938
13590,KOR,AIA,169194.042433611
13591,KOR,ALB,16841700.0691447
13592,KOR,AND,1938237.8820931
13593,KOR,ARE,3410623784.98161
13594,KOR,ARG,422054401.130738
13595,KOR,ARM,60388656.6926921
13596,KOR,ATG,766003.59453261
13597,KOR,AUS,3626870672.39039
13598,KOR,AUT,495485188.352104
13599,KOR,AZE,102472529.115789
13600,KOR,BDI,503321.717494843
13601,KOR,BEL,1586830033.5061
13602,KOR,BEN,25015255.171519
13603,KOR,BFA,12422753.411798
13604,KOR,BGD,757186928.583017
13605,KOR,BGR,123071698.915157
13606,KOR,BHR,193650381.582192
13607,KOR,BHS,835038456.93154
13608,KOR,BIH,25056412.8679866
13609,KOR,BLR,81249331.2407537
13610,KOR,BLZ,3472869.14786372
13611,KOR,BMU,479392447.497573
13612,KOR,BOL,17396346.7750196
13613,KOR,BRA,3639101018.76139
13614,KOR,BRB,5265585.59900507
13615,KOR,BRN,41005889.3920004
13616,KOR,BTN,5429148.88431651
13617,KOR,BWA,4527644.66198677
13618,KOR,CAF,203460.262248249
13619,KOR,CAN,3573219192.61329
13620,KOR,CHE,344835748.163427
13621,KOR,CHL,1532034238.96001
13622,KOR,CHN,70265731413.043
13623,KOR,CIV,49018831.5668349
13624,KOR,CMR,22122996.7001297
13625,KOR,COD,12705866.4821463
13626,KOR,COG,22402907.9539738
13627,KOR,COK,181024.250814158
13628,KOR,COL,546102975.426136
13629,KOR,COM,79263.6294622489
13630,KOR,CPV,698975.111082838
13631,KOR,CRI,99723848.0992781
13632,KOR,CUB,33146263.7304206
13633,KOR,CYM,617166097.794996
13634,KOR,CYP,802270333.006108
13635,KOR,CZE,928472669.845214
13636,KOR,DEU,7571858413.51649
13637,KOR,DJI,28417854.9645302
13638,KOR,DMA,6927406.4745053
13639,KOR,DNK,344419863.16869
13640,KOR,DOM,58983351.8164805
13641,KOR,DZA,767201290.420073
13642,KOR,ECU,357877027.363145
13643,KOR,EGY,1047082007.44453
13644,KOR,ERI,8092030.39984032
13645,KOR,ESP,1739880784.94941
13646,KOR,EST,176165958.282271
13647,KOR,ETH,93400489.1972317
13648,KOR,FIN,483794594.381997
13649,KOR,FJI,30405064.8102564
13650,KOR,FRA,3014840664.42854
13651,KOR,FRO,1062424.10766829
13652,KOR,FSM,5473386.43637731
13653,KOR,GAB,7220452.50737489
13654,KOR,GBR,3114062448.78916
13655,KOR,GEO,20919680.3331488
13656,KOR,GHA,113993916.025162
13657,KOR,GIB,329354.755358991
13658,KOR,GIN,44679704.8999608
13659,KOR,GMB,953127.946424725
13660,KOR,GNB,813366.223647941
13661,KOR,GNQ,10806060.8141141
13662,KOR,GRC,2392854320.61639
13663,KOR,GRD,1330185.17703346
13664,KOR,GRL,811805.459720446
13665,KOR,GTM,226974000.458488
13666,KOR,GUY,28078336.3431271
13667,KOR,HKG,13471092732.09
13668,KOR,HND,55236613.2760897
13669,KOR,HRV,97247884.6983753
13670,KOR,HTI,10012143.9299246
13671,KOR,HUN,1390476347.90325
13672,KOR,IDN,4110959145.29125
13673,KOR,IND,5638809607.08394
13674,KOR,IRL,290743325.220569
13675,KOR,IRN,2735142968.25094
13676,KOR,IRQ,537522541.594858
13677,KOR,ISL,12045698.2367102
13678,KOR,ISR,594634810.908227
13679,KOR,ITA,2063540185.5016
13680,KOR,JAM,10822813.3100543
13681,KOR,JOR,697944692.121912
13682,KOR,JPN,15062591871.8967
13683,KOR,KAZ,256184910.358745
13684,KOR,KEN,112815779.790116
13685,KOR,KGZ,68581573.4322966
13686,KOR,KHM,187274015.744599
13687,KOR,KIR,92668.366909082
13688,KOR,KNA,655179.496031513
13689,KOR,KWT,509843372.351113
13690,KOR,LAO,38205249.6014761
13691,KOR,LBN,227107912.168572
13692,KOR,LBR,3346769702.86768
13693,KOR,LBY,846176964.004559
13694,KOR,LCA,2142659.98975223
13695,KOR,LKA,116700926.150135
13696,KOR,LSO,36943555.0684787
13697,KOR,LTU,54823763.2587562
13698,KOR,LUX,47261659.8695542
13699,KOR,LVA,52419236.0634456
13700,KOR,MAC,52372143.8908728
13701,KOR,MAR,334272043.854686
13702,KOR,MDA,12135582.7430465
13703,KOR,MDG,52367610.9368002
13704,KOR,MDV,1896242.76501015
13705,KOR,MEX,7500043524.75462
13706,KOR,MHL,6627136037.04667
13707,KOR,MKD,26416785.2616065
13708,KOR,MLI,94008440.512349
13709,KOR,MLT,1102976375.78443
13710,KOR,MMR,278285649.192592
13711,KOR,MNE,7967681.65850223
13712,KOR,MNG,114346792.792203
13713,KOR,MNP,4130863.33728266
13714,KOR,MOZ,24194020.4135815
13715,KOR,MRT,3886484.50417339
13716,KOR,MSR,35530.3652138099
13717,KOR,MUS,31038709.2982142
13718,KOR,MWI,12559534.3441298
13719,KOR,MYS,3901633799.95564
13720,KOR,NAM,5938214.41258711
13721,KOR,NCL,42054441.473787
13722,KOR,NER,4836144.78671454
13723,KOR,NGA,559456455.031607
13724,KOR,NIC,111706594.635804
13725,KOR,NLD,3102127847.35007
13726,KOR,NOR,1100624276.02191
13727,KOR,NPL,26147316.2187534
13728,KOR,NRU,52114.9936078292
13729,KOR,NZL,610325480.21224
13730,KOR,OMN,431601580.049721
13731,KOR,PAK,500049280.141659
13732,KOR,PAN,3067260297.20753
13733,KOR,PER,443574353.883654
13734,KOR,PHL,3129378691.92941
13735,KOR,PLW,1191701.30312901
13736,KOR,PNG,23504397.2377579
13737,KOR,POL,3070393411.34908
13738,KOR,PRT,295169609.40262
13739,KOR,PRY,80729891.498126
13740,KOR,PSE,34609460.0026712
13741,KOR,PYF,98430340.2681621
13742,KOR,QAT,897500166.822059
13743,KOR,ROU,343923870.164566
13744,KOR,RUS,3335356495.28648
13745,KOR,RWA,23308107.3178416
13746,KOR,SAU,2878245569.00727
13747,KOR,SDN,159547373.558779
13748,KOR,SEN,30615443.956104
13749,KOR,SGP,9658123310.68274
13750,KOR,SLB,1604745.9097815
13751,KOR,SLE,3931658.00345113
13752,KOR,SLV,51084189.1613521
13753,KOR,SMR,163180.958410231
13754,KOR,SOM,490512.395956889
13755,KOR,SRB,76253728.729287
13756,KOR,STP,61104.4720019434
13757,KOR,SUR,6369026.25736748
13758,KOR,SVK,2561167181.76355
13759,KOR,SVN,276027554.570793
13760,KOR,SWE,617995449.120087
13761,KOR,SWZ,5158468.28999423
13762,KOR,SYC,13190735.6446539
13763,KOR,SYR,657881318.70672
13764,KOR,TCA,233840.86224787
13765,KOR,TCD,3647393.1561836
13766,KOR,TGO,19135692.3092378
13767,KOR,THA,3715604265.12622
13768,KOR,TJK,18233079.4759293
13769,KOR,TKL,139745.27860899
13770,KOR,TKM,45401020.7833393
13771,KOR,TLS,1243543.59762092
13772,KOR,TON,136333.113791712
13773,KOR,TTO,38198331.4030503
13774,KOR,TUN,109397571.056
13775,KOR,TUR,2136517918.36184
13776,KOR,TUV,54607.6553759533
13777,KOR,TZA,51772386.9087491
13778,KOR,UGA,44646042.318139
13779,KOR,UKR,388932108.88592
13780,KOR,URY,44145440.7400668
13781,KOR,USA,27779593274.917
13782,KOR,UZB,787801109.078896
13783,KOR,VCT,463060.913345594
13784,KOR,VEN,242131647.137274
13785,KOR,VGB,495804566.979001
13786,KOR,VNM,4898633607.55636
13787,KOR,VUT,3194123.37441208
13788,KOR,WLF,458.381177260853
13789,KOR,WSM,2025600.12578887
13790,KOR,YEM,131938667.574031
13791,KOR,ZAF,777862717.241528
13792,KOR,ZMB,12996325.5062054
13793,KOR,ZWE,9447059.97371605
13794,KWT,AFG,4203125.17713291
13795,KWT,AGO,13913785.1605886
13796,KWT,ALB,57396.3121643713
13797,KWT,ARE,401434546.623806
13798,KWT,ARG,18690.1670453237
13799,KWT,ARM,54057.4609285086
13800,KWT,AUS,34739452.1309375
13801,KWT,AUT,437164.774938159
13802,KWT,AZE,2189715.66106873
13803,KWT,BEL,85667589.9837477
13804,KWT,BEN,89209.6102830539
13805,KWT,BFA,22463.8842985017
13806,KWT,BGD,584082145.812563
13807,KWT,BGR,361121.461668924
13808,KWT,BHR,98229255.5029864
13809,KWT,BIH,88393.5684562711
13810,KWT,BLR,95.2391384742281
13811,KWT,BOL,514.565417224067
13812,KWT,BRA,837398.004531718
13813,KWT,BRN,30711.5388764772
13814,KWT,BTN,901045.841152484
13815,KWT,CAF,1568.36250336337
13816,KWT,CAN,22465671.2314019
13817,KWT,CHE,23023971.1311132
13818,KWT,CHL,10436.565159996
13819,KWT,CHN,2398738685.17567
13820,KWT,CIV,3714148.52735773
13821,KWT,CMR,836022.175826278
13822,KWT,COG,472003.799930958
13823,KWT,COL,60510.4264403811
13824,KWT,COM,166374.552830579
13825,KWT,CRI,137.034731617594
13826,KWT,CYP,21439677.1219605
13827,KWT,CZE,1686874.93548187
13828,KWT,DEU,85659269.4150445
13829,KWT,DJI,1623554.61186967
13830,KWT,DNK,29647622.4605816
13831,KWT,DZA,4793189.19456803
13832,KWT,ECU,119.220216507307
13833,KWT,EGY,791338406.302143
13834,KWT,ERI,42854.1864451122
13835,KWT,ESP,217527171.075855
13836,KWT,ETH,2177474.70478364
13837,KWT,FIN,1127734.17558357
13838,KWT,FJI,2065.79857913523
13839,KWT,FRA,331293083.545602
13840,KWT,FRO,56.8694136213017
13841,KWT,GAB,510777.777242156
13842,KWT,GBR,736229015.559747
13843,KWT,GEO,381527.3035541
13844,KWT,GHA,1601457.07622267
13845,KWT,GIN,3942771.52018532
13846,KWT,GMB,19157.4554801397
13847,KWT,GNB,344017.471642074
13848,KWT,GNQ,14806.6027512811
13849,KWT,GRC,6737091.95406112
13850,KWT,HKG,56578488.2009038
13851,KWT,HRV,742204.772692582
13852,KWT,HUN,170608.240863905
13853,KWT,IDN,988193229.462898
13854,KWT,IND,5208818655.15986
13855,KWT,IRL,40128181.9949146
13856,KWT,IRN,63936130.9743167
13857,KWT,IRQ,89827065.4878184
13858,KWT,ITA,72491014.825141
13859,KWT,JOR,154351025.443098
13860,KWT,JPN,6142034362.91373
13861,KWT,KAZ,122589.900557784
13862,KWT,KEN,52575552.2669755
13863,KWT,KOR,5475574056.77733
13864,KWT,LBN,199119231.483779
13865,KWT,LBR,199282.758454887
13866,KWT,LBY,4377127.08312532
13867,KWT,LKA,18334929.8550304
13868,KWT,LTU,1034508.07731681
13869,KWT,LUX,104608.203074923
13870,KWT,MAR,19616198.6188851
13871,KWT,MDG,58855005.2204563
13872,KWT,MEX,2458779.93073159
13873,KWT,MKD,25298.3792046458
13874,KWT,MLI,11794.5793503263
13875,KWT,MLT,154105.148135198
13876,KWT,MMR,234573.998062024
13877,KWT,MNE,286.402589080772
13878,KWT,MNG,34025.7238606487
13879,KWT,MOZ,11005431.2747972
13880,KWT,MRT,710329.808944672
13881,KWT,MUS,300937.86306345
13882,KWT,MWI,135873.832296265
13883,KWT,MYS,198650482.943898
13884,KWT,NAM,2785768.7814492
13885,KWT,NER,281108.937398384
13886,KWT,NGA,1682335.65999704
13887,KWT,NLD,1124875598.87887
13888,KWT,NOR,2744864.16072387
13889,KWT,NPL,3125978.05789962
13890,KWT,NZL,77287004.1791929
13891,KWT,OMN,148350336.896366
13892,KWT,PAK,1236222702.76631
13893,KWT,PAN,16322.2068829717
13894,KWT,PER,17406.8367837249
13895,KWT,PHL,18182317.7002962
13896,KWT,POL,334952.62414557
13897,KWT,PRT,9129761.53404478
13898,KWT,QAT,100781182.737014
13899,KWT,ROU,240188.311016397
13900,KWT,RUS,1079239.63958508
13901,KWT,RWA,1265680.87334008
13902,KWT,SAU,302647892.757534
13903,KWT,SDN,12483629.0960934
13904,KWT,SEN,513791.170990427
13905,KWT,SGP,1893462460.48863
13906,KWT,SLE,8339.93376624679
13907,KWT,SLV,71.2923191240534
13908,KWT,SOM,142108.442555736
13909,KWT,SRB,286625.270519651
13910,KWT,SVK,30131.8819617347
13911,KWT,SVN,12649733.6302074
13912,KWT,SWE,792018.267982894
13913,KWT,SWZ,986.319813943481
13914,KWT,SYC,5238.93851026837
13915,KWT,SYR,62529412.5848485
13916,KWT,TCD,84695.6862235704
13917,KWT,TGO,330752.50962149
13918,KWT,THA,275292265.255832
13919,KWT,TJK,32886.9652409065
13920,KWT,TKM,51279.76691862
13921,KWT,TTO,5992.5288136374
13922,KWT,TUN,32378748.6427982
13923,KWT,TUR,157006987.389848
13924,KWT,TZA,34937939.4027753
13925,KWT,UGA,22711074.3991301
13926,KWT,UKR,778675.196165289
13927,KWT,USA,2719587136.32662
13928,KWT,UZB,238.440433014614
13929,KWT,VEN,16683.9785744421
13930,KWT,VNM,14804741.134452
13931,KWT,WSM,88.3874018933484
13932,KWT,YEM,272741991.345841
13933,KWT,ZAF,15876291.0700724
13934,KWT,ZMB,275062999.963403
13935,KWT,ZWE,55178259.8996563
13936,LAO,AGO,25018.4309514242
13937,LAO,AND,4015.31359606173
13938,LAO,ARE,49729.904104025
13939,LAO,ARG,121335.347589825
13940,LAO,ARM,1308.68168694803
13941,LAO,AUS,1126517.30716681
13942,LAO,AUT,2490517.85974788
13943,LAO,BEL,11236377.2783396
13944,LAO,BGR,78814.1555425432
13945,LAO,BIH,28886.2362513308
13946,LAO,BLR,1849.96887683752
13947,LAO,BMU,92.4984438418762
13948,LAO,BOL,5638.29403240592
13949,LAO,BRA,162174.4383065
13950,LAO,BRN,565.953441580665
13951,LAO,BTN,4366.61172299464
13952,LAO,CAN,4065317.56962899
13953,LAO,CHE,437411.900632464
13954,LAO,CHL,14716.2694561988
13955,LAO,CHN,251677428.301995
13956,LAO,COL,68495.4402517384
13957,LAO,CRI,4799.64147490624
13958,LAO,CZE,543063.160011262
13959,LAO,DEU,39321838.9307599
13960,LAO,DNK,3179123.55268922
13961,LAO,DOM,4079.53766372895
13962,LAO,ECU,20405.1567115179
13963,LAO,ESP,4282695.85620725
13964,LAO,EST,40323.1481003986
13965,LAO,FIN,203687.739902734
13966,LAO,FJI,3236.07518714949
13967,LAO,FRA,16280973.1322279
13968,LAO,FRO,13876.1369235976
13969,LAO,GBR,54472302.0604926
13970,LAO,GRC,225.422133510943
13971,LAO,GRL,302.367135314222
13972,LAO,HKG,1745077.69704181
13973,LAO,HRV,218867.077124015
13974,LAO,IDN,300515.796090068
13975,LAO,IND,132863.394387155
13976,LAO,IRL,1070457.93325105
13977,LAO,ISL,8061.75326106308
13978,LAO,ISR,3425.86829043986
13979,LAO,ITA,4902480.68429759
13980,LAO,JPN,18475146.5331162
13981,LAO,KAZ,50343.8197016718
13982,LAO,KHM,359509.933225101
13983,LAO,KOR,12010491.9586367
13984,LAO,LBN,64738.633084442
13985,LAO,LUX,113023.505943559
13986,LAO,LVA,9311.07218744802
13987,LAO,MAR,5680.56787676263
13988,LAO,MDA,3359.40644560533
13989,LAO,MEX,261310.159374274
13990,LAO,MKD,2346.39089559542
13991,LAO,MNE,2772.21262062393
13992,LAO,MUS,4369.352417627
13993,LAO,MYS,76329.7158583162
13994,LAO,NCL,26113.3384570488
13995,LAO,NGA,29507.0035855585
13996,LAO,NIC,918.132701837882
13997,LAO,NLD,9283965.34718674
13998,LAO,NOR,545628.711238307
13999,LAO,NZL,60859.865006006
14000,LAO,OMN,190715.347034155
14001,LAO,PAK,25956.4336893466
14002,LAO,PER,51685.3897242081
14003,LAO,PHL,25773.4923226371
14004,LAO,PLW,404321.66081137
14005,LAO,POL,9122358.9178428
14006,LAO,PRT,1147786.46786118
14007,LAO,PYF,960.613468639336
14008,LAO,ROU,61882.6579841168
14009,LAO,RUS,332832.011673787
14010,LAO,SDN,45756.3216947828
14011,LAO,SEN,47033.7457594488
14012,LAO,SGP,172752.83441372
14013,LAO,SLV,1627.08873759809
14014,LAO,SRB,46417.7746408277
14015,LAO,SVK,352019.614794883
14016,LAO,SVN,109784.690061778
14017,LAO,SWE,139706.908884137
14018,LAO,SYC,332678.987729685
14019,LAO,THA,317035348.06039
14020,LAO,TTO,384.382422187352
14021,LAO,TUN,1904.78276948456
14022,LAO,TUR,372585.787316052
14023,LAO,UKR,123449.108325026
14024,LAO,URY,8635.24361288271
14025,LAO,USA,31384375.9828513
14026,LAO,VCT,30.8328146139587
14027,LAO,VEN,76172.8110906141
14028,LAO,VNM,170273323.86879
14029,LAO,ZAF,54223.958127424
14030,LBN,ABW,19.8700360845512
14031,LBN,AFG,3618088.96400083
14032,LBN,AGO,58691065.6411977
14033,LBN,AIA,417185.796241972
14034,LBN,ALB,1229335.15147315
14035,LBN,AND,76484.5651050441
14036,LBN,ARE,228036822.652051
14037,LBN,ARG,1600145.65384109
14038,LBN,ARM,2862143.71876895
14039,LBN,ATG,7907.58918799328
14040,LBN,AUS,8244308.87500306
14041,LBN,AUT,1274769.01674096
14042,LBN,AZE,1262348.8738408
14043,LBN,BDI,1144664.13150127
14044,LBN,BEL,77967962.6489363
14045,LBN,BEN,3034236.73094994
14046,LBN,BFA,2222183.30003089
14047,LBN,BGD,1267164.27430984
14048,LBN,BGR,5782162.00091563
14049,LBN,BHR,15150658.592648
14050,LBN,BHS,46979.6170404599
14051,LBN,BIH,6043.23166433591
14052,LBN,BLR,584795.717178084
14053,LBN,BOL,60391.8913975319
14054,LBN,BRA,1007049.05779527
14055,LBN,BRB,93872.2170263426
14056,LBN,BRN,131499.213633902
14057,LBN,BWA,44981.6506534753
14058,LBN,CAF,3490504.83264925
14059,LBN,CAN,9398576.40049609
14060,LBN,CHE,674544046.525603
14061,LBN,CHL,66594.7404320823
14062,LBN,CHN,22123437.9519655
14063,LBN,CIV,12625519.5931306
14064,LBN,CMR,2635160.07449123
14065,LBN,COD,1528221.60460428
14066,LBN,COG,21345600.7231841
14067,LBN,COL,516646.28962368
14068,LBN,COM,438696.003769949
14069,LBN,CPV,478667.113755864
14070,LBN,CRI,754.376197554857
14071,LBN,CYP,15386682.4181705
14072,LBN,CZE,541582.499736134
14073,LBN,DEU,25215785.9429592
14074,LBN,DJI,479670.893164963
14075,LBN,DMA,51212.6199001274
14076,LBN,DNK,2660974.67723335
14077,LBN,DOM,59368.9271260066
14078,LBN,DZA,65541345.5428803
14079,LBN,ECU,11040.8883264296
14080,LBN,EGY,62582493.7404612
14081,LBN,ERI,136070.007107006
14082,LBN,ESP,23892887.2760255
14083,LBN,EST,274161.276505372
14084,LBN,ETH,4536242.22104846
14085,LBN,FIN,320182.335598167
14086,LBN,FJI,3425.86829043986
14087,LBN,FRA,74406675.2663646
14088,LBN,FRO,507.028506985099
14089,LBN,GAB,5350859.57179607
14090,LBN,GBR,31005208.4173756
14091,LBN,GEO,105114.54640825
14092,LBN,GHA,15765441.620146
14093,LBN,GIN,11459101.8831587
14094,LBN,GMB,3335993.87671157
14095,LBN,GNB,10122.0704509336
14096,LBN,GNQ,5651487.73636606
14097,LBN,GRC,11320321.3290603
14098,LBN,GRD,76.0542760477649
14099,LBN,GTM,28209.969850798
14100,LBN,GUY,652362.747123113
14101,LBN,HKG,3715670.02603841
14102,LBN,HND,3629.36486689199
14103,LBN,HRV,19860.4436533379
14104,LBN,HTI,532818.44347553
14105,LBN,HUN,1367606.62154359
14106,LBN,IDN,1317403.94761549
14107,LBN,IND,7603025.38593123
14108,LBN,IRL,528173.748542011
14109,LBN,IRN,33478229.6825906
14110,LBN,IRQ,185494042.153151
14111,LBN,ISL,77591.1205628562
14112,LBN,ITA,17719357.4519793
14113,LBN,JAM,73677.4086278577
14114,LBN,JOR,76708460.6716448
14115,LBN,JPN,1723403.59871551
14116,LBN,KAZ,804305.487193385
14117,LBN,KEN,682324.020843984
14118,LBN,KGZ,41824.370437006
14119,LBN,KHM,10642.8024310805
14120,LBN,KOR,10598673.8216313
14121,LBN,KWT,52963554.4615985
14122,LBN,LBR,9391266.28273795
14123,LBN,LBY,7483535.21100264
14124,LBN,LKA,238567.875315019
14125,LBN,LTU,214755.350001829
14126,LBN,LUX,704315.354573975
14127,LBN,LVA,168070.443966228
14128,LBN,MAC,65927.4093812246
14129,LBN,MAR,19306560.439211
14130,LBN,MDA,565663.613123293
14131,LBN,MDG,481490.029227186
14132,LBN,MDV,22275.680798098
14133,LBN,MEX,251882.169838984
14134,LBN,MKD,35745.7838119127
14135,LBN,MLI,1231628.42770677
14136,LBN,MLT,1496164.38466332
14137,LBN,MMR,45.2214614338061
14138,LBN,MNE,52595.3003421489
14139,LBN,MOZ,1198231.69326424
14140,LBN,MRT,1050700.7863784
14141,LBN,MUS,59565.5719658778
14142,LBN,MWI,346035.908962441
14143,LBN,MYS,750985.273120979
14144,LBN,NAM,216830.741012178
14145,LBN,NCL,20331.8431301025
14146,LBN,NER,2202368.76301265
14147,LBN,NGA,35630248.4593386
14148,LBN,NIC,47889.5276584007
14149,LBN,NLD,19355204.8199478
14150,LBN,NOR,593151.848449608
14151,LBN,NPL,165544.807530635
14152,LBN,NZL,736726.124122511
14153,LBN,OMN,9512402.92996693
14154,LBN,PAK,4764726.39563739
14155,LBN,PAN,753928.093982467
14156,LBN,PER,42759.6324802961
14157,LBN,PHL,275349.367628497
14158,LBN,POL,8776139.29806363
14159,LBN,PRT,322662.664240446
14160,LBN,PRY,325489.690753717
14161,LBN,PYF,93182.247152648
14162,LBN,QAT,54506634.7421521
14163,LBN,ROU,4918901.23278536
14164,LBN,RUS,9033011.58765447
14165,LBN,RWA,3274740.22184905
14166,LBN,SAU,166362895.285961
14167,LBN,SDN,18644137.764147
14168,LBN,SEN,6123401.77854781
14169,LBN,SGP,1187351.13557381
14170,LBN,SLE,5724112.7182551
14171,LBN,SOM,23489.8085202299
14172,LBN,SRB,571229.9639216
14173,LBN,STP,76930.6131564594
14174,LBN,SUR,107716.835961668
14175,LBN,SVK,50275.9875095211
14176,LBN,SVN,2723043.87374588
14177,LBN,SWE,7216874.53053235
14178,LBN,SYC,91280.1989112328
14179,LBN,SYR,154467917.439515
14180,LBN,TCD,360865.206720799
14181,LBN,TGO,5194798.30494023
14182,LBN,THA,2095620.07742986
14183,LBN,TKM,1035301.50841287
14184,LBN,TON,31713.2627646018
14185,LBN,TTO,240815.930087205
14186,LBN,TUN,6502450.12380695
14187,LBN,TUR,74547024.1829664
14188,LBN,TZA,1308624.13236075
14189,LBN,UGA,1691539.59774613
14190,LBN,UKR,2428165.0013409
14191,LBN,URY,2198746.93505599
14192,LBN,USA,54358472.7903271
14193,LBN,VCT,6470.09485332472
14194,LBN,VEN,1466323.70150627
14195,LBN,VNM,301308.542012476
14196,LBN,YEM,7928086.84314864
14197,LBN,ZAF,49488840.1410736
14198,LBN,ZMB,2626836.58489278
14199,LBN,ZWE,579060.813659888
14200,LBR,AGO,350542.380388045
14201,LBR,ARE,10364075.1573176
14202,LBR,ARM,30.8328146139587
14203,LBR,AUS,73711.6673107621
14204,LBR,AUT,64432.3604592767
14205,LBR,BEL,8175944.98809367
14206,LBR,BEN,1515935.75574111
14207,LBR,BFA,2910825.14753064
14208,LBR,BGD,46597.9753129049
14209,LBR,BGR,6546.83430303057
14210,LBR,BHS,1844.48748757282
14211,LBR,BIH,5627.33125387651
14212,LBR,BOL,127.442300404363
14213,LBR,BRA,205119.06767448
14214,LBR,BWA,108.942611635988
14215,LBR,CAN,17535996.8144901
14216,LBR,CHE,858475.59752302
14217,LBR,CHN,2712693.64046681
14218,LBR,CIV,7280180.687494
14219,LBR,CMR,53573.0431522404
14220,LBR,CYP,324.087140275611
14221,LBR,CZE,790710.271469604
14222,LBR,DEU,251410845.852598
14223,LBR,DNK,53863.5567832697
14224,LBR,DOM,323.915846861089
14225,LBR,DZA,27148.6358544197
14226,LBR,ECU,121850.598180707
14227,LBR,ESP,1841082.88707273
14228,LBR,FIN,2090571.71791706
14229,LBR,FRA,5018381.79490351
14230,LBR,FRO,305.587451507235
14231,LBR,GBR,3677041.30554272
14232,LBR,GHA,12223543.9669245
14233,LBR,GMB,15136.9551194862
14234,LBR,GRC,67747694.4796728
14235,LBR,HKG,498363.115731261
14236,LBR,HRV,43781.2264045052
14237,LBR,IDN,2412878.77702896
14238,LBR,IND,30881070.0243505
14239,LBR,IRL,12329.0716730486
14240,LBR,ISR,698877.131249731
14241,LBR,ITA,2951702.58878731
14242,LBR,JPN,619434.671462721
14243,LBR,KAZ,1080.51885880473
14244,LBR,KEN,12651.0464229363
14245,LBR,KOR,492739.210345674
14246,LBR,LBN,419514.016332155
14247,LBR,LUX,631518.394096761
14248,LBR,LVA,443.430002867715
14249,LBR,MEX,251218.236564297
14250,LBR,MLT,8678.40955334225
14251,LBR,MWI,3097.61597949673
14252,LBR,MYS,24006835.0812339
14253,LBR,NAM,3482.73770406116
14254,LBR,NCL,4718.79098325186
14255,LBR,NGA,7161.43507433548
14256,LBR,NIC,2.05552097426392
14257,LBR,NLD,2825138.85984294
14258,LBR,NOR,43973756.7032461
14259,LBR,NZL,16083.081276299
14260,LBR,PAK,3417.6462065428
14261,LBR,PER,8.90725755514363
14262,LBR,PHL,6877.77317988706
14263,LBR,POL,238443298.410852
14264,LBR,PRT,15773.3827828432
14265,LBR,RUS,17231.4323272544
14266,LBR,RWA,369642.966454564
14267,LBR,SAU,21927.6125797894
14268,LBR,SDN,29159.0497912507
14269,LBR,SEN,9544.46905716545
14270,LBR,SGP,100461.532096175
14271,LBR,SVN,3232126.53135793
14272,LBR,SWE,345657.777379536
14273,LBR,SYC,43646.4979674207
14274,LBR,TGO,724260.560375382
14275,LBR,THA,107621.596823194
14276,LBR,TUR,776106.480121117
14277,LBR,TZA,4879.80679290253
14278,LBR,UGA,374167.168118919
14279,LBR,UKR,1817436.14637785
14280,LBR,USA,58049299.1046969
14281,LBR,VCT,572778.456388879
14282,LBR,VEN,29462467.2977828
14283,LBR,VNM,2025363.05570317
14284,LBR,ZAF,127599916.382322
14285,LBR,ZWE,97.2261420826832
14286,LBY,AGO,57285.9992054191
14287,LBY,ALB,1280204.49937057
14288,LBY,AND,2148.88958865156
14289,LBY,ARE,510735522.582662
14290,LBY,ARG,10.2776048713196
14291,LBY,AUS,27371465.2908084
14292,LBY,AUT,336872637.6403
14293,LBY,AZE,45596.9365984383
14294,LBY,BEL,50330878.1416178
14295,LBY,BEN,145294.500065845
14296,LBY,BFA,181524.876373309
14297,LBY,BGD,12897.708939848
14298,LBY,BGR,5823952.11266973
14299,LBY,BHR,26025.6362288135
14300,LBY,BIH,147595.998383362
14301,LBY,BOL,73.9987550735009
14302,LBY,BRA,625137223.821477
14303,LBY,CAN,395252818.75244
14304,LBY,CHE,451898727.404088
14305,LBY,CHN,2174661745.57074
14306,LBY,COG,3940.43370766393
14307,LBY,COL,3746627.54225814
14308,LBY,CYP,4309824.53021231
14309,LBY,CZE,8937854.67001921
14310,LBY,DEU,2692214379.66093
14311,LBY,DNK,1434365.14657208
14312,LBY,DOM,552.784403872214
14313,LBY,DZA,4688703.6375779
14314,LBY,EGY,145243496.726757
14315,LBY,ESP,2050616564.38548
14316,LBY,ETH,30208318.261837
14317,LBY,FIN,2244019.0993405
14318,LBY,FRA,2242330663.57942
14319,LBY,GAB,1456.67919709503
14320,LBY,GBR,876605593.992438
14321,LBY,GHA,36493.7193770816
14322,LBY,GRC,834170795.491704
14323,LBY,HKG,94986.9945680517
14324,LBY,HRV,102760896.782921
14325,LBY,IDN,70595296.7578962
14326,LBY,IND,365943999.591962
14327,LBY,IRL,246759591.940758
14328,LBY,ITA,9789227442.43775
14329,LBY,JOR,922619.9041247
14330,LBY,JPN,1211028.68167635
14331,LBY,KEN,99.3501804227559
14332,LBY,KOR,21722829.2472073
14333,LBY,LBN,27955704.6469762
14334,LBY,LKA,2474.16207935567
14335,LBY,MAR,32285057.0533072
14336,LBY,MDG,5851.80853291295
14337,LBY,MEX,3443258.68305579
14338,LBY,MKD,384820.844255953
14339,LBY,MLI,1287.4413035473
14340,LBY,MLT,21716905.9209332
14341,LBY,MRT,52249.2876448145
14342,LBY,MYS,16066763.8656316
14343,LBY,NCL,3613.60587275596
14344,LBY,NER,1658836.25904559
14345,LBY,NGA,792383.465542655
14346,LBY,NLD,409619850.398895
14347,LBY,NOR,13930001.3224593
14348,LBY,NZL,781.783143878376
14349,LBY,OMN,4187.78139823368
14350,LBY,PAK,156642.346191098
14351,LBY,POL,390523.633684795
14352,LBY,PRT,318814855.048577
14353,LBY,ROU,43428445.2328928
14354,LBY,RUS,1041952.48911193
14355,LBY,SAU,1267661.02521196
14356,LBY,SDN,225987.427815464
14357,LBY,SEN,179357.908477688
14358,LBY,SGP,53578210.0467961
14359,LBY,SRB,81078390.0054919
14360,LBY,SVK,693.395741985027
14361,LBY,SVN,58690446.9293845
14362,LBY,SWE,87595063.6492671
14363,LBY,SYC,15.320482994847
14364,LBY,SYR,67350698.6956137
14365,LBY,TGO,137800.413180508
14366,LBY,THA,5768228.30940475
14367,LBY,TUN,390329151.938162
14368,LBY,TUR,244893025.792017
14369,LBY,TZA,330.93887685649
14370,LBY,UGA,1479.97510147002
14371,LBY,UKR,213019.805125892
14372,LBY,USA,1357522001.99964
14373,LBY,YEM,13331.4238654177
14374,LBY,ZAF,417926.468966365
14375,LCA,ABW,677.636747849004
14376,LCA,AIA,13334.8497337081
14377,LCA,AND,610.26156652824
14378,LCA,ARE,10204.2912899042
14379,LCA,ARG,3241.55657641419
14380,LCA,ATG,1565398.44211848
14381,LCA,AUS,3997.30312128523
14382,LCA,AUT,2408.38540817922
14383,LCA,BEL,3160.02091110173
14384,LCA,BGD,189.793103290368
14385,LCA,BHS,200315.315157625
14386,LCA,BLZ,539402.962329756
14387,LCA,BMU,2476.21760032993
14388,LCA,BOL,189.10792963228
14389,LCA,BRA,30697.8354033154
14390,LCA,BRB,5853621.50241225
14391,LCA,CAN,1379137.40903555
14392,LCA,CHE,91116.8535111447
14393,LCA,CHN,223284.391697708
14394,LCA,COL,3558.79198010893
14395,LCA,CRI,36186.0764046
14396,LCA,CUB,13699.3621198109
14397,LCA,CYM,6710.5908073136
14398,LCA,DEU,85953.2272338524
14399,LCA,DMA,2396205.07605939
14400,LCA,DNK,6793.49681994224
14401,LCA,DOM,670841.880681746
14402,LCA,ESP,39265646.3837513
14403,LCA,FIN,3638.27212444713
14404,LCA,FRA,2946101.47296276
14405,LCA,GBR,21601643.9526486
14406,LCA,GIN,4413.88870540271
14407,LCA,GRC,702.302999540171
14408,LCA,GRD,1636789.4262493
14409,LCA,GUY,1742641.90468731
14410,LCA,HKG,32414.1954168258
14411,LCA,HND,4826.36324757167
14412,LCA,HRV,626.248723492406
14413,LCA,HTI,1607.41740187438
14414,LCA,HUN,2055.52097426391
14415,LCA,IDN,76895.6692998969
14416,LCA,IND,17985815.3765458
14417,LCA,IRL,43386.3663067384
14418,LCA,ISR,28525.8349071765
14419,LCA,ITA,13721.9728505278
14420,LCA,JAM,880996.974743172
14421,LCA,JPN,47307.1300490259
14422,LCA,KNA,944523.535626456
14423,LCA,KOR,26030.4324444201
14424,LCA,MEX,214765.6276067
14425,LCA,MSR,18378.4130308937
14426,LCA,NLD,275250.702621732
14427,LCA,NZL,1175.07282362087
14428,LCA,PAK,8341.30411356297
14429,LCA,PAN,153890.003606558
14430,LCA,PER,5059544.2875868
14431,LCA,PHL,17122.4897156184
14432,LCA,POL,682.43296345562
14433,LCA,RUS,766.024149742352
14434,LCA,SLV,28082394.2635619
14435,LCA,STP,757.802065845297
14436,LCA,SUR,38279.2819300588
14437,LCA,SVK,225337.17197734
14438,LCA,SVN,639.267022996078
14439,LCA,SWE,52345.2119569468
14440,LCA,SYC,22427.3748201304
14441,LCA,TCA,3987.02551641391
14442,LCA,THA,60021.8976221644
14443,LCA,TTO,19354203.0960597
14444,LCA,TUR,5021.63774012674
14445,LCA,UKR,101890.119173288
14446,LCA,USA,105829299.698331
14447,LCA,VCT,4906098.96168434
14448,LCA,VEN,207291.753344277
14449,LCA,VGB,93032.1941215267
14450,LCA,VNM,13044.3361026788
14451,LCA,ZAF,208436.678526942
14452,LKA,ABW,27843.4019437209
14453,LKA,AFG,2310602.21991251
14454,LKA,AGO,2357855.90641621
14455,LKA,AIA,214.459354981535
14456,LKA,ALB,328218.737433881
14457,LKA,AND,189695.860704118
14458,LKA,ARE,156238186.916443
14459,LKA,ARG,4128526.89510858
14460,LKA,ARM,3166362.87848099
14461,LKA,ATG,48830.9562646136
14462,LKA,AUS,59409916.954928
14463,LKA,AUT,31261548.3270341
14464,LKA,AZE,10466388.0286379
14465,LKA,BDI,233.644217407998
14466,LKA,BEL,262479646.662235
14467,LKA,BEN,84925.9045726879
14468,LKA,BFA,279603.004492878
14469,LKA,BGD,23068618.5691301
14470,LKA,BGR,3002467.96911903
14471,LKA,BHR,10390857.9104386
14472,LKA,BHS,56129.4260705666
14473,LKA,BIH,551744.995432894
14474,LKA,BLR,7341498.711681
14475,LKA,BLZ,92380.593972685
14476,LKA,BMU,102066.893977075
14477,LKA,BOL,885296.439447674
14478,LKA,BRA,13046403.9567789
14479,LKA,BRB,165053.538017786
14480,LKA,BRN,252078.814678855
14481,LKA,BTN,98197.0331561938
14482,LKA,BWA,76218.0325520479
14483,LKA,CAF,46800.1015420408
14484,LKA,CAN,69725326.2828326
14485,LKA,CHE,52060901.5100019
14486,LKA,CHL,28084462.1436986
14487,LKA,CHN,48063988.630744
14488,LKA,CIV,1151934.50918724
14489,LKA,CMR,101041.189010917
14490,LKA,COG,906442.268883585
14491,LKA,COL,5109468.09583607
14492,LKA,CRI,413376.230703003
14493,LKA,CUB,30828.7035720102
14494,LKA,CYM,17739.8311815557
14495,LKA,CYP,2523627.50642767
14496,LKA,CZE,23783878.2025447
14497,LKA,DEU,348763677.465535
14498,LKA,DJI,113056.394279148
14499,LKA,DMA,1789943.55334707
14500,LKA,DNK,13411991.3803513
14501,LKA,DOM,156609.679166601
14502,LKA,DZA,1316642.03450769
14503,LKA,ECU,3588627.18187671
14504,LKA,EGY,11918440.2480199
14505,LKA,ERI,121959.540792343
14506,LKA,ESP,58094288.5396083
14507,LKA,EST,3380442.40744516
14508,LKA,ETH,710466.195502009
14509,LKA,FIN,13374621.3238655
14510,LKA,FJI,1731537.98038433
14511,LKA,FRA,162704174.153688
14512,LKA,FRO,96440.2478968563
14513,LKA,GAB,36298.4448845265
14514,LKA,GBR,1016462233.87608
14515,LKA,GEO,961946.131404317
14516,LKA,GHA,4173098.81191452
14517,LKA,GIN,1374012.31007306
14518,LKA,GMB,796586.320761366
14519,LKA,GRC,8687917.02302188
14520,LKA,GRD,17892.6249073093
14521,LKA,GRL,12914.2764389005
14522,LKA,GTM,1865566.16999024
14523,LKA,GUY,71292.3191240535
14524,LKA,HKG,66333254.8682516
14525,LKA,HND,884558.507417913
14526,LKA,HRV,5518511.28832532
14527,LKA,HTI,43802.4667879059
14528,LKA,HUN,3699695.88737374
14529,LKA,IDN,46725781.4405217
14530,LKA,IND,225287322.167846
14531,LKA,IRL,37243913.2437946
14532,LKA,IRN,99830330.2523079
14533,LKA,IRQ,25651876.7390212
14534,LKA,ISL,658430.64503914
14535,LKA,ISR,24224231.7756876
14536,LKA,ITA,305666242.676572
14537,LKA,JAM,1830253.00482604
14538,LKA,JOR,37074056.6692665
14539,LKA,JPN,125758101.072016
14540,LKA,KAZ,3602859.60910251
14541,LKA,KEN,2385691.77144969
14542,LKA,KGZ,2284321.01390923
14543,LKA,KHM,1491816.95780275
14544,LKA,KIR,19724.7792690365
14545,LKA,KNA,6753.75674777314
14546,LKA,KOR,50638398.4680145
14547,LKA,KWT,25193912.8325181
14548,LKA,LBN,10656564.8291768
14549,LKA,LBR,388225.561235568
14550,LKA,LBY,16812432.8763395
14551,LKA,LCA,57940.3400488932
14552,LKA,LTU,2837510.35541338
14553,LKA,LUX,1080701.11499778
14554,LKA,LVA,2430082.11723623
14555,LKA,MAC,594991.74116263
14556,LKA,MAR,1795163.23162581
14557,LKA,MDA,1444692.08394678
14558,LKA,MDG,620067.086749136
14559,LKA,MDV,43058328.4551502
14560,LKA,MEX,57326819.1112734
14561,LKA,MKD,1131758.68695082
14562,LKA,MLI,162267.621924
14563,LKA,MLT,923396.205879314
14564,LKA,MMR,13282.7765356934
14565,LKA,MNE,375308.667433293
14566,LKA,MNG,946554.390349029
14567,LKA,MOZ,69575.9591105431
14568,LKA,MRT,341155.50127224
14569,LKA,MSR,384.382422187352
14570,LKA,MUS,1527205.49206934
14571,LKA,MWI,128573.482373794
14572,LKA,MYS,32995853.0386498
14573,LKA,NAM,33563.9168150974
14574,LKA,NCL,290098.415792499
14575,LKA,NER,304511.728864037
14576,LKA,NGA,6221054.09864582
14577,LKA,NIC,622838.614196102
14578,LKA,NLD,107149562.190448
14579,LKA,NOR,17068888.0061707
14580,LKA,NPL,515153.296222706
14581,LKA,NRU,10897.6870318892
14582,LKA,NZL,15901546.5711095
14583,LKA,OMN,4556950.22451685
14584,LKA,PAK,38226161.7866946
14585,LKA,PAN,3417302.9345401
14586,LKA,PER,5087572.00124455
14587,LKA,PHL,14126031.4046545
14588,LKA,PLW,3271.70421737006
14589,LKA,PNG,793891.532764106
14590,LKA,POL,38558414.1414536
14591,LKA,PRK,27598.1097741254
14592,LKA,PRT,3313759.49132985
14593,LKA,PRY,346645.112620841
14594,LKA,PSE,1310248.54069899
14595,LKA,PYF,342856.787465273
14596,LKA,QAT,3885613.64845396
14597,LKA,ROU,3814559.76976293
14598,LKA,RUS,180732632.683192
14599,LKA,RWA,718887.62793419
14600,LKA,SAU,27470811.3601892
14601,LKA,SDN,530860.217160715
14602,LKA,SEN,114843.327179441
14603,LKA,SGP,60045841.70082
14604,LKA,SLE,439244.962164114
14605,LKA,SLV,1203640.78300455
14606,LKA,SRB,2260497.52581751
14607,LKA,STP,50500.0392957159
14608,LKA,SUR,84099.5851410338
14609,LKA,SVK,21929201.4975025
14610,LKA,SVN,4556731.65411992
14611,LKA,SWE,26715930.874822
14612,LKA,SWZ,138509.910503458
14613,LKA,SYC,6007924.68080846
14614,LKA,SYR,90390785.9484474
14615,LKA,TGO,972754.745860655
14616,LKA,THA,43021166.0062829
14617,LKA,TJK,315467.655656864
14618,LKA,TKM,288747.253338749
14619,LKA,TLS,11710.3029903815
14620,LKA,TTO,866589.828234556
14621,LKA,TUN,5872648.77489735
14622,LKA,TUR,77043497.5721503
14623,LKA,TZA,3380102.80112153
14624,LKA,UGA,1025110.23542247
14625,LKA,UKR,28742891.7554959
14626,LKA,URY,584412.019929555
14627,LKA,USA,1142539402.50615
14628,LKA,UZB,3323736.30496527
14629,LKA,VCT,40743.1664045431
14630,LKA,VEN,736888.510279478
14631,LKA,VNM,16656234.5226788
14632,LKA,WSM,39471.4840951319
14633,LKA,YEM,628332.336586652
14634,LKA,ZAF,13480639.6143287
14635,LKA,ZMB,66089.77840885
14636,LKA,ZWE,51166.0280913774
14637,LSO,AGO,3164.81712670834
14638,LSO,AUS,653202.084854271
14639,LSO,AUT,121.275737481571
14640,LSO,BEL,94465936.4452436
14641,LSO,BGD,114099.421805729
14642,LSO,BMU,29.4624672977828
14643,LSO,BRA,34648.5467158506
14644,LSO,BWA,24132.5014115165
14645,LSO,CAN,62023997.436406
14646,LSO,CHE,5721.91536633361
14647,LSO,CHL,53377.130077836
14648,LSO,CHN,1245767.99334669
14649,LSO,COL,377.530685606472
14650,LSO,CRI,2430.31096523804
14651,LSO,CZE,9654.78201611761
14652,LSO,DEU,648277.454000656
14653,LSO,DOM,29435.0815918427
14654,LSO,DZA,1256.60848893334
14655,LSO,EGY,658576.548658588
14656,LSO,ESP,248.773536952239
14657,LSO,FRA,74177.5853982619
14658,LSO,GBR,1771965.96690616
14659,LSO,GRC,46752.8245596327
14660,LSO,HKG,147828.107811776
14661,LSO,HRV,10062.46034268
14662,LSO,IDN,2190.50018490725
14663,LSO,IND,1977.41117724189
14664,LSO,IRL,184847.193683628
14665,LSO,JAM,241.866301305054
14666,LSO,JOR,155935.932834783
14667,LSO,JPN,864551.436601745
14668,LSO,KEN,1186057.52770734
14669,LSO,KOR,49083.785344448
14670,LSO,LBN,485.788123584372
14671,LSO,LUX,539.231668915234
14672,LSO,MDG,3492249.07100856
14673,LSO,MEX,316801.003595503
14674,LSO,MUS,277735.142305959
14675,LSO,MWI,11995.2434188759
14676,LSO,NAM,106347.858992808
14677,LSO,NCL,285.032241764596
14678,LSO,NLD,604995.006612293
14679,LSO,NZL,4718.10580959377
14680,LSO,PAK,2879.78488494375
14681,LSO,PER,1120.25893097383
14682,LSO,PHL,4762.64209736949
14683,LSO,POL,192065.139140588
14684,LSO,RUS,24087.1244156623
14685,LSO,SAU,480758.948934006
14686,LSO,SDN,295629.519202312
14687,LSO,SLV,266.52570125964
14688,LSO,SRB,1170.96178167234
14689,LSO,SVK,950039.868747723
14690,LSO,SWZ,437739.038851039
14691,LSO,SYC,5876.25484385987
14692,LSO,THA,97773.5958354955
14693,LSO,TUR,120657.025668318
14694,LSO,TZA,30043.4945598414
14695,LSO,USA,216438974.473477
14696,LSO,ZAF,207100802.462631
14697,LSO,ZWE,350766.569208972
14698,LTU,AFG,3539098.71882816
14699,LTU,AGO,1099116.52740621
14700,LTU,ALB,230730.17384015
14701,LTU,AND,40479.505414348
14702,LTU,ARE,51522081.3234974
14703,LTU,ARG,752281.621682082
14704,LTU,ARM,1683588.84261768
14705,LTU,ATG,50799.4601843003
14706,LTU,AUS,15381033.8465333
14707,LTU,AUT,51497826.1760011
14708,LTU,AZE,16848388.0492213
14709,LTU,BEL,196953376.31018
14710,LTU,BEN,915927.813006155
14711,LTU,BGD,2214759.44344551
14712,LTU,BGR,16797774.956272
14713,LTU,BHR,323950.790717651
14714,LTU,BHS,257335.466983706
14715,LTU,BIH,1003320.34274796
14716,LTU,BLR,533911570.214818
14717,LTU,BLZ,343793.419855879
14718,LTU,BMU,3361.46196657959
14719,LTU,BOL,175081.739677561
14720,LTU,BRA,2575589.02113609
14721,LTU,BRB,99703.7300303293
14722,LTU,BWA,607.749034724031
14723,LTU,CAN,92991772.3015678
14724,LTU,CHE,50469620.3259914
14725,LTU,CHL,1707832.95128119
14726,LTU,CHN,26114198.3499897
14727,LTU,CIV,1188206.82634466
14728,LTU,CMR,1259748.63980836
14729,LTU,COD,6206414.67826712
14730,LTU,COG,3647578.15307128
14731,LTU,COK,1880.11651779339
14732,LTU,COL,13417787.264325
14733,LTU,COM,14641.4758996819
14734,LTU,CPV,33646.1376540679
14735,LTU,CRI,92885.5669586959
14736,LTU,CUB,718799.925705955
14737,LTU,CYP,2987233.13283144
14738,LTU,CZE,77072039.8512253
14739,LTU,DEU,1094627565.59344
14740,LTU,DJI,6271.3944924792
14741,LTU,DMA,371423.047618276
14742,LTU,DNK,429789451.258499
14743,LTU,DOM,520678.009702985
14744,LTU,DZA,32822816.5423416
14745,LTU,ECU,13672398.4808442
14746,LTU,EGY,23700287.016258
14747,LTU,ESP,196981350.435035
14748,LTU,EST,794467778.199205
14749,LTU,ETH,16305562.3957513
14750,LTU,FIN,190314299.133082
14751,LTU,FRA,463750975.032559
14752,LTU,FRO,3388498.23395408
14753,LTU,GAB,83956.3838464934
14754,LTU,GBR,496513493.552294
14755,LTU,GEO,12151641.1580711
14756,LTU,GHA,4515601.36459856
14757,LTU,GIB,241973.873569374
14758,LTU,GIN,172476.024255853
14759,LTU,GMB,281413.839676234
14760,LTU,GNQ,128279.582614546
14761,LTU,GRC,16033169.8011755
14762,LTU,GRD,56669.34291314
14763,LTU,GRL,385412.217640249
14764,LTU,GTM,9976145.59110232
14765,LTU,HKG,9883904.77255589
14766,LTU,HND,72774.3497464977
14767,LTU,HRV,8798279.99965108
14768,LTU,HTI,23431.5687592925
14769,LTU,HUN,51075829.7755057
14770,LTU,IDN,2997025.63475284
14771,LTU,IND,100865223.397221
14772,LTU,IRL,37170810.7266987
14773,LTU,IRN,1212380.52930376
14774,LTU,IRQ,5140834.66072968
14775,LTU,ISL,13840251.6384289
14776,LTU,ISR,9399897.41530888
14777,LTU,ITA,225937354.639358
14778,LTU,JAM,8563.30037878347
14779,LTU,JOR,831393.142592235
14780,LTU,JPN,20039378.8096686
14781,LTU,KAZ,193728699.672006
14782,LTU,KEN,10961321.1650368
14783,LTU,KGZ,14096266.0905998
14784,LTU,KNA,5031.23017133998
14785,LTU,KOR,8417337.14922733
14786,LTU,KWT,843085.631067507
14787,LTU,LBN,1146789.54018866
14788,LTU,LBR,95381.6545951104
14789,LTU,LBY,27109391.8479791
14790,LTU,LKA,1804974.8930582
14791,LTU,LUX,12079515.6677788
14792,LTU,LVA,1136524496.60601
14793,LTU,MAC,978.380706767216
14794,LTU,MAR,27706869.8376844
14795,LTU,MDA,17760711.8487859
14796,LTU,MDG,8648.94708604447
14797,LTU,MEX,39290593.453181
14798,LTU,MHL,83459.6329443797
14799,LTU,MKD,14720402.4922217
14800,LTU,MLI,156514.218717035
14801,LTU,MLT,598649.243370965
14802,LTU,MNE,207652.839862089
14803,LTU,MNG,862460.28659726
14804,LTU,MOZ,971111.014254902
14805,LTU,MRT,3136156.31259052
14806,LTU,MUS,859840.86770239
14807,LTU,MYS,12726059.2350238
14808,LTU,NAM,142858.707711342
14809,LTU,NCL,74762.038528611
14810,LTU,NER,13798.0271265756
14811,LTU,NGA,79447303.2795989
14812,LTU,NIC,34166.1844605567
14813,LTU,NLD,575653488.90933
14814,LTU,NOR,337219114.833301
14815,LTU,NPL,3361.46196657959
14816,LTU,NZL,3964788.89051432
14817,LTU,OMN,574551.000642353
14818,LTU,PAK,48914056.1813875
14819,LTU,PAN,6008552.9699791
14820,LTU,PER,2102863.73334316
14821,LTU,PHL,418712.363152192
14822,LTU,PNG,64196.6607208944
14823,LTU,POL,817416991.55494
14824,LTU,PRT,39768698.7245373
14825,LTU,PRY,442709.200179407
14826,LTU,PSE,57854.9811145686
14827,LTU,PYF,56115.0374237468
14828,LTU,QAT,212623.774751517
14829,LTU,ROU,21650412.7636625
14830,LTU,RUS,1499791693.32407
14831,LTU,SAU,16650224.8645237
14832,LTU,SDN,43857.280680553
14833,LTU,SEN,2695813.70222615
14834,LTU,SGP,29631718.20963
14835,LTU,SLE,805233.212326437
14836,LTU,SLV,2868507.71448132
14837,LTU,SMR,83598.7231969715
14838,LTU,SRB,3638962.77949448
14839,LTU,SVK,24066286.9143725
14840,LTU,SVN,28714027.4448016
14841,LTU,SWE,407971212.94975
14842,LTU,SWZ,1674.59251248698
14843,LTU,SYC,4232.56092265802
14844,LTU,SYR,3573236.12599508
14845,LTU,TGO,841921.991051545
14846,LTU,THA,1276346.28650188
14847,LTU,TJK,20147470.4356212
14848,LTU,TKM,4371480.56700902
14849,LTU,TTO,1440.920202959
14850,LTU,TUN,8147674.72296096
14851,LTU,TUR,61795336.7124355
14852,LTU,TZA,9344346.9609794
14853,LTU,UGA,260261.8436774
14854,LTU,UKR,340753905.232241
14855,LTU,URY,8498674.11417896
14856,LTU,USA,424504073.733207
14857,LTU,UZB,12287367.2080017
14858,LTU,VCT,228199.827520831
14859,LTU,VEN,27400.094586938
14860,LTU,VGB,286801.360149779
14861,LTU,VNM,5461748.76179468
14862,LTU,VUT,2654.3627514328
14863,LTU,YEM,14479558.4014971
14864,LTU,ZAF,4601826.35842698
14865,LTU,ZMB,1132919.33823929
14866,LTU,ZWE,7335.46918348982
14867,LUX,ABW,37568.0716729635
14868,LUX,AFG,589979.055901519
14869,LUX,AGO,7597777.64088393
14870,LUX,ALB,339823.523680917
14871,LUX,AND,455413.49076214
14872,LUX,ARE,34272193.1585888
14873,LUX,ARG,5350283.34074961
14874,LUX,ARM,1831195.80377957
14875,LUX,AUS,23993509.1387577
14876,LUX,AUT,129760009.930631
14877,LUX,AZE,2213681.66528134
14878,LUX,BDI,43204.3101843951
14879,LUX,BEL,1778398510.81715
14880,LUX,BEN,3353896.96422064
14881,LUX,BFA,284558.786766857
14882,LUX,BGD,1952857.9792043
14883,LUX,BGR,9985045.31174723
14884,LUX,BHR,1092174.34790247
14885,LUX,BHS,696.821610275467
14886,LUX,BIH,4470834.85847372
14887,LUX,BLR,2690402.88584823
14888,LUX,BMU,307063.315566757
14889,LUX,BOL,43706.5424757736
14890,LUX,BRA,20011703.9604448
14891,LUX,BRB,97019.9048115987
14892,LUX,BRN,302258.877876244
14893,LUX,BWA,18873.7935856913
14894,LUX,CAF,44045.7034365272
14895,LUX,CAN,83307118.0843049
14896,LUX,CHE,213869939.044512
14897,LUX,CHL,6185127.4180254
14898,LUX,CHN,140244385.138141
14899,LUX,CIV,3570798.96329326
14900,LUX,CMR,1802315.04891751
14901,LUX,COD,225701.684363443
14902,LUX,COG,638240.632856262
14903,LUX,COL,7530893.72907602
14904,LUX,CPV,1098366.94742426
14905,LUX,CRI,580707.285960273
14906,LUX,CUB,266050.875914585
14907,LUX,CYM,171.978588180081
14908,LUX,CYP,6249495.65719306
14909,LUX,CZE,107368896.556007
14910,LUX,DEU,2518435624.24032
14911,LUX,DJI,39776.386372981
14912,LUX,DNK,153341026.712704
14913,LUX,DOM,399047.879165067
14914,LUX,DZA,20016126.0712341
14915,LUX,ECU,6873224.99714467
14916,LUX,EGY,13005123.6142264
14917,LUX,ERI,64484.4336572914
14918,LUX,ESP,240633514.776275
14919,LUX,EST,10985201.5910595
14920,LUX,ETH,10671932.5891541
14921,LUX,FIN,38084807.7203364
14922,LUX,FJI,15441.0735586705
14923,LUX,FRA,1488852314.16026
14924,LUX,FRO,13785.69400073
14925,LUX,GAB,1570592.05844679
14926,LUX,GBR,679298248.748406
14927,LUX,GEO,2165640.02907084
14928,LUX,GHA,1152172.2644466
14929,LUX,GIB,1013229.32419123
14930,LUX,GIN,2263814.45149632
14931,LUX,GMB,21277.3827782639
14932,LUX,GNB,125.386779430099
14933,LUX,GNQ,771071.824081486
14934,LUX,GRC,165700051.43739
14935,LUX,GRD,57225.7039235074
14936,LUX,GRL,8200.37759556743
14937,LUX,GTM,206274.955635674
14938,LUX,GUY,171885.404562581
14939,LUX,HKG,79008396.1080482
14940,LUX,HND,365315.40963008
14941,LUX,HRV,9508232.27791015
14942,LUX,HTI,34541.6596251889
14943,LUX,HUN,56289071.5329011
14944,LUX,IDN,4497304.48723298
14945,LUX,IND,32128002.4908844
14946,LUX,IRL,25628830.8908282
14947,LUX,IRN,5758911.31800207
14948,LUX,IRQ,728224.489372955
14949,LUX,ISL,2139604.11523715
14950,LUX,ISR,80122837.2294912
14951,LUX,ITA,984736246.972097
14952,LUX,JAM,3142705.20241453
14953,LUX,JOR,1552243.79305685
14954,LUX,JPN,29279675.2989308
14955,LUX,KAZ,10659187.67394
14956,LUX,KEN,899848.157598146
14957,LUX,KGZ,24163.3342261304
14958,LUX,KHM,3908916.40456554
14959,LUX,KOR,28987641.9527278
14960,LUX,KWT,4199440.99837337
14961,LUX,LAO,79631.5677166422
14962,LUX,LBN,3084823.10212657
14963,LUX,LBR,124.016432113923
14964,LUX,LBY,1620868.04595631
14965,LUX,LCA,457.010829944677
14966,LUX,LKA,481332.439285826
14967,LUX,LTU,8753363.44049513
14968,LUX,LVA,9273121.67787571
14969,LUX,MAC,65573.3801520906
14970,LUX,MAR,6642184.7883908
14971,LUX,MDA,434039.012709962
14972,LUX,MDG,1098470.40864664
14973,LUX,MDV,2724.93563821586
14974,LUX,MEX,45422106.3174933
14975,LUX,MKD,1029690.93650667
14976,LUX,MLI,77563.0284428746
14977,LUX,MLT,2995760.11900635
14978,LUX,MMR,78261.2204004662
14979,LUX,MNE,548941.949997657
14980,LUX,MNG,9806.20539455505
14981,LUX,MOZ,251715.672640069
14982,LUX,MRT,199174.501016909
14983,LUX,MUS,230362.235585757
14984,LUX,MWI,561697.82799028
14985,LUX,MYS,4544208.04999739
14986,LUX,NAM,93387.7992500744
14987,LUX,NCL,5312819.41547268
14988,LUX,NER,305150.995887033
14989,LUX,NGA,7036090.09049852
14990,LUX,NIC,152451.138924574
14991,LUX,NLD,683890110.626323
14992,LUX,NOR,39968075.776591
14993,LUX,NPL,68354.2944781722
14994,LUX,NZL,2438520.03083559
14995,LUX,OMN,1308363.08119702
14996,LUX,PAK,1457533.60864666
14997,LUX,PAN,1241440.11449059
14998,LUX,PER,1221918.14662435
14999,LUX,PHL,3235966.24453785
15000,LUX,PLW,67.1470184926212
15001,LUX,POL,140842141.600235
15002,LUX,PRT,93163713.2051967
15003,LUX,PRY,147795.383917866
15004,LUX,PSE,339756.271145681
15005,LUX,PYF,559801.267304693
15006,LUX,QAT,6427178.31607672
15007,LUX,ROU,46207206.2637192
15008,LUX,RUS,96352316.1354456
15009,LUX,RWA,75515.0443788496
15010,LUX,SAU,32577393.5045775
15011,LUX,SDN,287093.929301783
15012,LUX,SEN,310882.473536939
15013,LUX,SGP,16152696.290308
15014,LUX,SLB,651.872162783922
15015,LUX,SLE,155041.095352146
15016,LUX,SLV,176417.067768072
15017,LUX,SMR,86564.1547891763
15018,LUX,SRB,4324794.20429422
15019,LUX,SUR,586519.614101833
15020,LUX,SVK,35283458.7750759
15021,LUX,SVN,37520538.4356073
15022,LUX,SWE,316660404.590516
15023,LUX,SYC,1793747.44907402
15024,LUX,SYR,756508.457978827
15025,LUX,TCD,22424.3634819031
15026,LUX,TGO,37507.0357183274
15027,LUX,THA,9788221.64155122
15028,LUX,TJK,1265637.70739962
15029,LUX,TKM,3754117.86068835
15030,LUX,TTO,1541549.60260141
15031,LUX,TUN,3932633.69074025
15032,LUX,TUR,54443998.2218507
15033,LUX,TZA,1699496.51943751
15034,LUX,UGA,1400107.83401499
15035,LUX,UKR,11238805.5337839
15036,LUX,URY,449273.16382389
15037,LUX,USA,312496981.115828
15038,LUX,UZB,5515697.28011156
15039,LUX,VCT,7417.69002246038
15040,LUX,VEN,2744389.0887163
15041,LUX,VGB,25489202.1239443
15042,LUX,VNM,2573314.92976489
15043,LUX,YEM,182139.028355867
15044,LUX,ZAF,24508912.5233656
15045,LUX,ZMB,101226.27565635
15046,LUX,ZWE,13291.6837932486
15047,LVA,ABW,2302.20404638533
15048,LVA,AFG,324181.659981744
15049,LVA,AGO,82047.4900350603
15050,LVA,ALB,515798.729808625
15051,LVA,AND,1709.9070479985
15052,LVA,ARE,4331011.35769923
15053,LVA,ARG,35877570.798483
15054,LVA,ARM,1321350.37864818
15055,LVA,ATG,426351.158028944
15056,LVA,AUS,2294223.14361592
15057,LVA,AUT,35394535.3333482
15058,LVA,AZE,10801475.4545342
15059,LVA,BEL,115907022.284245
15060,LVA,BEN,283520.858302639
15061,LVA,BFA,1375418.52897093
15062,LVA,BGD,2567490.26849749
15063,LVA,BGR,6355904.36440292
15064,LVA,BHR,279033.042100224
15065,LVA,BHS,197915.952116176
15066,LVA,BIH,377829.032142761
15067,LVA,BLR,125349144.126446
15068,LVA,BLZ,924057.258683943
15069,LVA,BMU,15965.3876267019
15070,LVA,BOL,44451.9360466709
15071,LVA,BRA,17914290.7835517
15072,LVA,BRB,48824.1168611585
15073,LVA,BWA,1432.69811906195
15074,LVA,CAN,10376364.4320491
15075,LVA,CHE,23554652.1794734
15076,LVA,CHL,1319130.36255243
15077,LVA,CHN,17815453.1130252
15078,LVA,CIV,7888.65783982031
15079,LVA,CMR,1877561.51138895
15080,LVA,COD,239134.863368823
15081,LVA,COK,21872.3711387797
15082,LVA,COL,5006694.7878175
15083,LVA,COM,6981.15423694035
15084,LVA,CRI,3862354.74345651
15085,LVA,CUB,16861.8044346203
15086,LVA,CYM,95106.1565447981
15087,LVA,CYP,9659843.20002576
15088,LVA,CZE,37768611.2276449
15089,LVA,DEU,426963488.763735
15090,LVA,DJI,324146.300224771
15091,LVA,DMA,26827.508664347
15092,LVA,DNK,234900403.144785
15093,LVA,DOM,342836.297347027
15094,LVA,DZA,124444786.049628
15095,LVA,ECU,13573951.3593028
15096,LVA,EGY,20959623.0029465
15097,LVA,ESP,86163918.9888111
15098,LVA,EST,704921218.147142
15099,LVA,ETH,235393.423961504
15100,LVA,FIN,139376787.119349
15101,LVA,FRA,90883893.5547435
15102,LVA,FRO,293286.528823582
15103,LVA,GAB,81638.8846685386
15104,LVA,GBR,336307504.351588
15105,LVA,GEO,11482509.4708399
15106,LVA,GHA,337454.931103279
15107,LVA,GIB,67241.7478618938
15108,LVA,GIN,31486.3901184567
15109,LVA,GMB,12420.8157406929
15110,LVA,GNB,1674028.14385208
15111,LVA,GNQ,70308.4864904888
15112,LVA,GRC,5777482.55465934
15113,LVA,GRL,190078.998850942
15114,LVA,GTM,114210.913263373
15115,LVA,GUY,8487.28652798153
15116,LVA,HKG,4538603.4473241
15117,LVA,HND,218102.52472729
15118,LVA,HRV,1267637.06537431
15119,LVA,HTI,21104.9697899846
15120,LVA,HUN,18370922.2595637
15121,LVA,IDN,1643003.95132815
15122,LVA,IND,102381366.76058
15123,LVA,IRL,24500500.5771627
15124,LVA,IRN,6750247.33831409
15125,LVA,IRQ,1266449.17021085
15126,LVA,ISL,13480538.893801
15127,LVA,ISR,69016172.2318852
15128,LVA,ITA,79165839.8984413
15129,LVA,JOR,630035.521395891
15130,LVA,JPN,27144916.0466299
15131,LVA,KAZ,29956281.545598
15132,LVA,KEN,4835453.96105894
15133,LVA,KGZ,3147346.56877441
15134,LVA,KHM,206847.623779104
15135,LVA,KNA,72189.2409049579
15136,LVA,KOR,9009839.01453793
15137,LVA,KWT,171694.336351113
15138,LVA,LAO,9576.74758819797
15139,LVA,LBN,2425446.86605124
15140,LVA,LBR,486954.83660419
15141,LVA,LBY,23604302.9487606
15142,LVA,LKA,830923.798636445
15143,LVA,LTU,806145949.285717
15144,LVA,LUX,2401521.72011422
15145,LVA,MAC,32076.992682387
15146,LVA,MAR,55941631.8511108
15147,LVA,MDA,5952530.3295935
15148,LVA,MDG,182653.935674747
15149,LVA,MDV,8438.5473849871
15150,LVA,MEX,3126512.49335293
15151,LVA,MHL,358381.191159066
15152,LVA,MKD,471762.584544628
15153,LVA,MLI,4973.29599785401
15154,LVA,MLT,1126765.8847441
15155,LVA,MNE,75120.274038832
15156,LVA,MNG,147308.559126537
15157,LVA,MOZ,4714105.16488056
15158,LVA,MRT,4285329.4773817
15159,LVA,MUS,193118.936226727
15160,LVA,MYS,1279660.47148605
15161,LVA,NAM,78260.5352268081
15162,LVA,NCL,14335.0182776289
15163,LVA,NGA,15158292.1123728
15164,LVA,NIC,314911.294646496
15165,LVA,NLD,145246176.138087
15166,LVA,NOR,150753023.156814
15167,LVA,NPL,218320.993718519
15168,LVA,NZL,1447863.60481256
15169,LVA,OMN,327379.399702723
15170,LVA,PAK,1540123.78225553
15171,LVA,PAN,7384736.27197267
15172,LVA,PER,34697207.749048
15173,LVA,PHL,8270.34958505235
15174,LVA,POL,188085077.712791
15175,LVA,PRT,4458404.75383375
15176,LVA,PRY,244507.628627642
15177,LVA,PSE,15990.350558587
15178,LVA,PYF,14139.2436083034
15179,LVA,QAT,151305.162000344
15180,LVA,ROU,15213954.4555606
15181,LVA,RUS,430213002.312543
15182,LVA,SAU,39673656.2309029
15183,LVA,SDN,11496.2814613675
15184,LVA,SEN,152791.670232643
15185,LVA,SGP,206976219.911949
15186,LVA,SLE,811.362090698034
15187,LVA,SLV,90738.754131402
15188,LVA,SMR,685.214083333799
15189,LVA,SOM,82622.2671430099
15190,LVA,SRB,1719065.90406158
15191,LVA,SUR,13112.8534684876
15192,LVA,SVK,26564249.8710892
15193,LVA,SVN,3736188.37549376
15194,LVA,SWE,507660805.106819
15195,LVA,SYC,129978.839323203
15196,LVA,SYR,1819248.5684234
15197,LVA,TGO,104025.323103293
15198,LVA,THA,24347433.1635876
15199,LVA,TJK,1244213.64538533
15200,LVA,TKM,2911509.10911653
15201,LVA,TTO,18252.3006525597
15202,LVA,TUN,1488700.78800577
15203,LVA,TUR,34577227.6749539
15204,LVA,TZA,1660525.21211278
15205,LVA,UGA,119742.31883477
15206,LVA,UKR,75468715.6767844
15207,LVA,URY,13460037.8127774
15208,LVA,USA,104052683.457808
15209,LVA,UZB,18814306.2859086
15210,LVA,VCT,361450.795869073
15211,LVA,VEN,280090.966672479
15212,LVA,VGB,2019529.79893223
15213,LVA,VNM,4475288.53863932
15214,LVA,VUT,130128.517564334
15215,LVA,YEM,5074637.56425593
15216,LVA,ZAF,2600146.33021562
15217,LVA,ZMB,96644.7818262268
15218,LVA,ZWE,24509.0584653548
15219,MAC,AGO,36299.1300581846
15220,MAC,ALB,31483.0444154842
15221,MAC,AND,82717.297988692
15222,MAC,ARE,997203.11232855
15223,MAC,ARG,733559.382342997
15224,MAC,AUS,6645373.23784215
15225,MAC,AUT,2666887.04072899
15226,MAC,BEL,9636265.88318144
15227,MAC,BGD,438579.059700334
15228,MAC,BGR,243916.340890053
15229,MAC,BHR,117315.433737823
15230,MAC,BIH,8557.13381586068
15231,MAC,BLR,2809.21199816068
15232,MAC,BMU,8419.413910585
15233,MAC,BOL,5670.49719433605
15234,MAC,BRA,3951573.94617078
15235,MAC,BRB,13785.69400073
15236,MAC,BRN,35346.0534997842
15237,MAC,CAN,13466439.3902649
15238,MAC,CHE,894332.964605847
15239,MAC,CHL,797708.806506729
15240,MAC,CHN,168591045.76338
15241,MAC,CIV,4026.65322010308
15242,MAC,CMR,314.494709062379
15243,MAC,COL,747455.943608168
15244,MAC,CRI,94918.4772022429
15245,MAC,CYP,70621.5341127853
15246,MAC,CZE,2549143.37345487
15247,MAC,DEU,36648942.9554192
15248,MAC,DNK,568378.956330296
15249,MAC,DOM,10109.9038222869
15250,MAC,ECU,6671.53590880258
15251,MAC,ESP,3798619.48621388
15252,MAC,EST,98802.4937108999
15253,MAC,FIN,436546.063124906
15254,MAC,FJI,890.420168062856
15255,MAC,FRA,11719067.7318158
15256,MAC,FRO,12518.8079069253
15257,MAC,GBR,22543056.7998674
15258,MAC,GHA,945.539648161401
15259,MAC,GRC,222710.901345889
15260,MAC,GRL,2861.61407953125
15261,MAC,GTM,41067.2535448188
15262,MAC,HKG,224971177.560615
15263,MAC,HRV,207854.966091225
15264,MAC,HUN,6790756.12530989
15265,MAC,IDN,3723975.70112175
15266,MAC,IND,554133.60467378
15267,MAC,IRL,4309653.13607726
15268,MAC,ISL,69321.0745097344
15269,MAC,ISR,1904782.76948456
15270,MAC,ITA,9668373.49147839
15271,MAC,JPN,19206149.4016727
15272,MAC,KAZ,18074.8811003607
15273,MAC,KEN,13.7034731617594
15274,MAC,KHM,1524768.32936752
15275,MAC,KOR,3475167.9054866
15276,MAC,LBN,327073.812251216
15277,MAC,LKA,2500155.51242255
15278,MAC,LTU,115943.030900672
15279,MAC,LUX,116027.307260617
15280,MAC,LVA,51186.5278020537
15281,MAC,MAR,89543.7550874566
15282,MAC,MDA,7919.23714018078
15283,MAC,MDG,189.79241811671
15284,MAC,MEX,18104559.3973608
15285,MAC,MKD,6991.59422796863
15286,MAC,MLT,25697.4380465894
15287,MAC,MMR,502.792078257141
15288,MAC,MNE,8490.67197102615
15289,MAC,MOZ,1127.7958412128
15290,MAC,MRT,1003341.58313136
15291,MAC,MUS,43046.0350693768
15292,MAC,MYS,6183704.59736979
15293,MAC,NCL,53988.2583890417
15294,MAC,NGA,10451.6389804739
15295,MAC,NIC,19563.7634593859
15296,MAC,NLD,5396054.31145721
15297,MAC,NOR,1005269.49941906
15298,MAC,NZL,740265.731240193
15299,MAC,PAK,62559.0956780642
15300,MAC,PAN,1681451.04393503
15301,MAC,PER,339482.092739834
15302,MAC,PHL,10925813.4105537
15303,MAC,PLW,1213.4425484738
15304,MAC,POL,3680232.8444421
15305,MAC,PRT,334882.736432445
15306,MAC,PRY,208157.127674442
15307,MAC,PYF,7827.42386999699
15308,MAC,ROU,74295.599709131
15309,MAC,RUS,2775781.00503526
15310,MAC,SAU,408398.444076994
15311,MAC,SDN,279607.225162612
15312,MAC,SGP,15817098.9177502
15313,MAC,SLV,111027.204528564
15314,MAC,SRB,72820.9415552477
15315,MAC,SVK,1017338.99579244
15316,MAC,SVN,2457586.3582192
15317,MAC,SWE,3517946.72282933
15318,MAC,SYC,4433.23115777054
15319,MAC,THA,3958812.12069482
15320,MAC,TTO,239.125606672702
15321,MAC,TUN,104797.996178213
15322,MAC,TUR,3310289.08675163
15323,MAC,UGA,13740.4725392962
15324,MAC,UKR,58429.554040768
15325,MAC,URY,59788.2534047564
15326,MAC,USA,168619444.155987
15327,MAC,VCT,2291.90588630427
15328,MAC,VEN,10779.15198904
15329,MAC,VNM,15253728.4465665
15330,MAC,ZAF,842070.888879878
15331,MAR,AGO,23334908.5706514
15332,MAR,ALB,528210.650624889
15333,MAR,AND,1012984.81517512
15334,MAR,ARE,44633795.5241743
15335,MAR,ARG,40278299.3734348
15336,MAR,ARM,109340.012357679
15337,MAR,AUS,19013937.6353693
15338,MAR,AUT,64290828.2477674
15339,MAR,AZE,3501337.42270223
15340,MAR,BDI,17293.1657886745
15341,MAR,BEL,309977696.925218
15342,MAR,BEN,11796858.6771095
15343,MAR,BFA,13148222.6130248
15344,MAR,BGD,21236166.1568616
15345,MAR,BGR,21866877.4163891
15346,MAR,BHR,1861088.56013463
15347,MAR,BHS,31146.5597430392
15348,MAR,BIH,1286292.95249634
15349,MAR,BLR,11176210.123902
15350,MAR,BLZ,79.3328320017158
15351,MAR,BMU,28647.1106446581
15352,MAR,BOL,56872.154315934
15353,MAR,BRA,254456498.825763
15354,MAR,BRB,13602.0674603624
15355,MAR,BRN,43598.6694202179
15356,MAR,BWA,37400.88930039
15357,MAR,CAF,1070248.10566999
15358,MAR,CAN,83287187.7529384
15359,MAR,CHE,157367741.442217
15360,MAR,CHL,1020283.16302017
15361,MAR,CHN,256949510.032453
15362,MAR,CIV,41700275.7703934
15363,MAR,CMR,17771605.4247758
15364,MAR,COD,4498563.42805304
15365,MAR,COG,27889754.1164098
15366,MAR,COL,11660954.7280051
15367,MAR,COM,428213.387403219
15368,MAR,CPV,1090433.32163726
15369,MAR,CRI,1415735.27480867
15370,MAR,CUB,863608.889106948
15371,MAR,CYP,581371.21923496
15372,MAR,CZE,40720328.1961718
15373,MAR,DEU,427972410.288769
15374,MAR,DJI,627754.224053335
15375,MAR,DNK,8100484.46092728
15376,MAR,DOM,735278.893470161
15377,MAR,DZA,90206547.9310152
15378,MAR,ECU,78544.6335768767
15379,MAR,EGY,72741171.8345961
15380,MAR,ERI,2338.25171771099
15381,MAR,ESP,2291630875.16576
15382,MAR,EST,2966131.49709648
15383,MAR,ETH,14623391.6851459
15384,MAR,FIN,18900471.5072426
15385,MAR,FJI,225293.497638026
15386,MAR,FRA,2397070851.60875
15387,MAR,FRO,89352.1264039362
15388,MAR,GAB,14452049.5205182
15389,MAR,GBR,395150307.865932
15390,MAR,GEO,83855.1939747987
15391,MAR,GHA,43561043.108784
15392,MAR,GIB,14616104.4761691
15393,MAR,GIN,20361767.7107184
15394,MAR,GMB,11271656.6479983
15395,MAR,GNB,2517794.47713438
15396,MAR,GNQ,52632696.7764501
15397,MAR,GRC,70666978.0857349
15398,MAR,GRD,22824.5048982265
15399,MAR,GRL,37706.8056352531
15400,MAR,GTM,1231720.24097695
15401,MAR,GUY,97839.3725066719
15402,MAR,HKG,74666218.3628747
15403,MAR,HND,460703.230788113
15404,MAR,HRV,21358588.1898731
15405,MAR,HTI,564294.274382742
15406,MAR,HUN,2842248.10515175
15407,MAR,IDN,13272301.6008086
15408,MAR,IND,497867047.26211
15409,MAR,IRL,16373286.8121412
15410,MAR,IRN,9186036.87812344
15411,MAR,IRQ,2534796.38108239
15412,MAR,ISL,1570605.76191995
15413,MAR,ISR,2309035.22775646
15414,MAR,ITA,449505875.947497
15415,MAR,JAM,64028.7931746629
15416,MAR,JOR,26917758.4580008
15417,MAR,JPN,162257978.789936
15418,MAR,KAZ,1482826.79423498
15419,MAR,KEN,378708.499124726
15420,MAR,KGZ,101013.096890935
15421,MAR,KHM,8208.03304084925
15422,MAR,KOR,74637461.6244447
15423,MAR,KWT,5852031.41647806
15424,MAR,LAO,832.623714482161
15425,MAR,LBN,45444244.9635598
15426,MAR,LBR,1890868.11415343
15427,MAR,LBY,29621970.9531511
15428,MAR,LKA,1285463.00644052
15429,MAR,LTU,11728713.6065743
15430,MAR,LUX,3203216.31402857
15431,MAR,LVA,13952609.1665396
15432,MAR,MAC,206865.74456684
15433,MAR,MDA,503315.55093192
15434,MAR,MDG,1651752.5432193
15435,MAR,MEX,73281572.1576281
15436,MAR,MKD,1098833.96178962
15437,MAR,MLI,14262870.8576685
15438,MAR,MLT,29385709.4587011
15439,MAR,MNE,528699.179443105
15440,MAR,MNG,20518.2117354497
15441,MAR,MOZ,201589.613460063
15442,MAR,MRT,31479357.6570458
15443,MAR,MUS,3932535.78901694
15444,MAR,MYS,11963570.5813572
15445,MAR,NAM,9481157.6408108
15446,MAR,NCL,1994452.13129219
15447,MAR,NER,5481676.15787719
15448,MAR,NGA,19631505.1722995
15449,MAR,NIC,25627.5503334644
15450,MAR,NLD,251223299.99763
15451,MAR,NOR,41166608.2206659
15452,MAR,NZL,37336261.6654382
15453,MAR,OMN,1045770.07460857
15454,MAR,PAK,157617151.661717
15455,MAR,PAN,3137371.62223721
15456,MAR,PER,10339741.1408518
15457,MAR,PHL,961295.707013473
15458,MAR,POL,75987135.8810088
15459,MAR,PRT,118072809.146031
15460,MAR,PRY,2420716.20306402
15461,MAR,PSE,157040.454697178
15462,MAR,PYF,817387.507847259
15463,MAR,QAT,3538147.79714091
15464,MAR,ROU,34070449.7976412
15465,MAR,RUS,244979907.18221
15466,MAR,RWA,46777.3688504128
15467,MAR,SAU,29186865.1010745
15468,MAR,SDN,4319258.471166
15469,MAR,SEN,58862165.8141374
15470,MAR,SGP,146386190.117932
15471,MAR,SLE,2521381.02686972
15472,MAR,SLV,1457354.42888334
15473,MAR,SMR,3996.44117282335
15474,MAR,SRB,4393730.89638177
15475,MAR,SUR,102765.134581996
15476,MAR,SVK,36351556.1206332
15477,MAR,SVN,11482473.8418097
15478,MAR,SWE,20075218.8733759
15479,MAR,SWZ,893.558263416899
15480,MAR,SYC,295730.341820926
15481,MAR,SYR,37770073.8856673
15482,MAR,TCD,10747261.0504682
15483,MAR,TGO,15107766.8429274
15484,MAR,THA,35928786.8442514
15485,MAR,TTO,1471758.22763346
15486,MAR,TUN,62115532.5391029
15487,MAR,TUR,160830305.049309
15488,MAR,TZA,189262.937154123
15489,MAR,UGA,45402.6172379626
15490,MAR,UKR,2846731.42250392
15491,MAR,URY,14156452.4298999
15492,MAR,USA,356272180.047662
15493,MAR,VCT,3297.74081637741
15494,MAR,VEN,6208067.85910279
15495,MAR,VNM,1666854.7189239
15496,MAR,WLF,45351.848610593
15497,MAR,YEM,32423905.0476784
15498,MAR,ZAF,8641275.88176851
15499,MAR,ZWE,1474.72667124907
15500,MDA,AFG,485365.371437332
15501,MDA,AGO,65318.2899991844
15502,MDA,ALB,1277318.54792271
15503,MDA,AND,101244.36355575
15504,MDA,ARE,783774.943702437
15505,MDA,ARG,22344.1981639068
15506,MDA,ARM,1321514.98956401
15507,MDA,AUS,299492.831818543
15508,MDA,AUT,10556656.9173964
15509,MDA,AZE,2581680.21495649
15510,MDA,BEL,5141793.21867734
15511,MDA,BGD,33.5735092463106
15512,MDA,BGR,11140909.2918636
15513,MDA,BHR,2433.05165987039
15514,MDA,BIH,2469434.38111486
15515,MDA,BLR,57999333.5008545
15516,MDA,BMU,1370.34731617594
15517,MDA,BOL,3105.20701845469
15518,MDA,BRA,12090123.5263533
15519,MDA,CAN,1141938.5106894
15520,MDA,CHE,14799065.8410421
15521,MDA,CHN,2231988.82025179
15522,MDA,CIV,148331.008832645
15523,MDA,CMR,1324529.06848594
15524,MDA,COG,87482.2874910141
15525,MDA,COL,32331.9745778552
15526,MDA,COM,310.552219833741
15527,MDA,CYP,3203496.55005472
15528,MDA,CZE,6866347.90913844
15529,MDA,DEU,75761043.2934255
15530,MDA,DNK,124309.001265926
15531,MDA,DZA,610750.095346456
15532,MDA,ECU,4881.8623138768
15533,MDA,EGY,1637353.47216741
15534,MDA,ESP,3070760.83229736
15535,MDA,EST,1573625.92518396
15536,MDA,ETH,321702.242620431
15537,MDA,FIN,951398.568111711
15538,MDA,FRA,27729008.0904612
15539,MDA,FRO,3638.95729810522
15540,MDA,GAB,146606.607621083
15541,MDA,GBR,41322884.2997411
15542,MDA,GEO,5880117.16777051
15543,MDA,GHA,176893.338829546
15544,MDA,GIB,4438.55495709388
15545,MDA,GRC,14697721.1201007
15546,MDA,GRL,371.850595980923
15547,MDA,HKG,400947.180545287
15548,MDA,HRV,3139944.63774609
15549,MDA,HUN,9052544.51829924
15550,MDA,IDN,130899.001509417
15551,MDA,IND,710510.694790407
15552,MDA,IRL,563586.022020329
15553,MDA,IRN,583525.405215989
15554,MDA,IRQ,3777643.2982388
15555,MDA,ISL,15687.0509019241
15556,MDA,ISR,2690495.38429207
15557,MDA,ITA,136909328.137742
15558,MDA,JOR,3769706.93175717
15559,MDA,JPN,3391258.11344886
15560,MDA,KAZ,18982139.4110711
15561,MDA,KGZ,2019413.00765634
15562,MDA,KOR,4675272.1783584
15563,MDA,LBN,3792675.3231236
15564,MDA,LBR,9450.60026600739
15565,MDA,LTU,7167979.16794388
15566,MDA,LUX,163487.231035397
15567,MDA,LVA,1604718.33017141
15568,MDA,MAC,222685.456736922
15569,MDA,MAR,1408714.88821324
15570,MDA,MDG,40.6294275773005
15571,MDA,MEX,365814.901226826
15572,MDA,MKD,2037043.07401787
15573,MDA,MLI,4254.9284167263
15574,MDA,MNE,109743.579642292
15575,MDA,MNG,14350.2770949945
15576,MDA,MUS,25971.5075098246
15577,MDA,MYS,30721.1313076904
15578,MDA,NCL,9096.36548477591
15579,MDA,NER,1323.75550742596
15580,MDA,NLD,7973659.11349539
15581,MDA,NOR,794677.521503898
15582,MDA,NZL,43248.1612985128
15583,MDA,PAK,10048.7568695182
15584,MDA,PAN,3216426.4621565
15585,MDA,PER,22540.15783012
15586,MDA,POL,25687329.6796116
15587,MDA,PRT,1533489.90486132
15588,MDA,PYF,50699.4248302195
15589,MDA,ROU,164185696.377278
15590,MDA,RUS,241394226.932236
15591,MDA,SAU,1244381.56500476
15592,MDA,SDN,281602.262432208
15593,MDA,SEN,153831.078671963
15594,MDA,SGP,1558.08489849205
15595,MDA,SMR,2004202.15244678
15596,MDA,SRB,9990725.40137277
15597,MDA,SVK,9076642.07585419
15598,MDA,SVN,1866153.36381522
15599,MDA,SWE,5294969.95650583
15600,MDA,SYC,67644.8643022406
15601,MDA,SYR,9359481.76191291
15602,MDA,TGO,336223.310897656
15603,MDA,THA,34486.1605588838
15604,MDA,TJK,279088.360280683
15605,MDA,TKM,494206.167147641
15606,MDA,TUN,1684295.94183283
15607,MDA,TUR,59281344.1179878
15608,MDA,UGA,4666.71778523718
15609,MDA,UKR,55706393.0023265
15610,MDA,URY,2435.10718084465
15611,MDA,USA,11712176.9403364
15612,MDA,UZB,4516901.13902795
15613,MDA,VGB,161275.490467089
15614,MDA,VNM,45427.0135312325
15615,MDA,ZAF,1430528.85926044
15616,MDG,AGO,167979.229537821
15617,MDG,ALB,5773.95841670734
15618,MDG,AND,15577.2278421375
15619,MDG,ARE,53231856.1329799
15620,MDG,ARG,690818.1186833
15621,MDG,ARM,6875.7176589128
15622,MDG,AUS,924047.120854497
15623,MDG,AUT,4295390.66193103
15624,MDG,AZE,428.91870996307
15625,MDG,BDI,7301.95322883079
15626,MDG,BEL,12543406.1510199
15627,MDG,BEN,620304.253444321
15628,MDG,BFA,8933.8594224189
15629,MDG,BGD,449521.196688118
15630,MDG,BGR,10463931.5625386
15631,MDG,BHR,38961.7148935144
15632,MDG,BHS,153692.143953791
15633,MDG,BIH,73452.6716680048
15634,MDG,BLR,29942.0888584444
15635,MDG,BMU,920.873396470234
15636,MDG,BOL,658.451885422541
15637,MDG,BRA,128136.381320006
15638,MDG,BRB,3408.73894898766
15639,MDG,BRN,4889.39922411577
15640,MDG,BWA,54881.0396655304
15641,MDG,CAN,25032052.8889206
15642,MDG,CHE,4416377.98241297
15643,MDG,CHL,265585.61422345
15644,MDG,CHN,37562571.78401
15645,MDG,CIV,90958.0884969608
15646,MDG,CMR,67086.5663059418
15647,MDG,COD,52550.3632277832
15648,MDG,COL,22121.5167250283
15649,MDG,COM,2618837.36263527
15650,MDG,CRI,46771.3242484011
15651,MDG,CYP,72903.1623942183
15652,MDG,CZE,5268681.21359231
15653,MDG,DEU,59753429.5906188
15654,MDG,DJI,47042.653017004
15655,MDG,DNK,1600998.69504541
15656,MDG,DOM,10872.0985364542
15657,MDG,DZA,2792475.06388456
15658,MDG,EGY,336231.913938107
15659,MDG,ESP,25102109.8461057
15660,MDG,EST,255624.204662212
15661,MDG,ETH,15544.4333753404
15662,MDG,FIN,269050.566189694
15663,MDG,FJI,6352.93015779167
15664,MDG,FRA,269493855.731962
15665,MDG,FRO,8617.42909777242
15666,MDG,GAB,236017.934399426
15667,MDG,GBR,32690086.7568178
15668,MDG,GHA,14281.0128898984
15669,MDG,GIN,350398.758396879
15670,MDG,GRC,1383888.40318074
15671,MDG,GRL,4883.03396083213
15672,MDG,GUY,14343.9687011245
15673,MDG,HKG,9541956.52536124
15674,MDG,HRV,360186.199625633
15675,MDG,HTI,1619.60253020982
15676,MDG,HUN,23.4658274421969
15677,MDG,IDN,2699088.83231181
15678,MDG,IND,15520619.4796799
15679,MDG,IRL,735833.690229067
15680,MDG,IRN,36586.7042942207
15681,MDG,ISL,40719.8705001682
15682,MDG,ISR,1418994.64590019
15683,MDG,ITA,27029600.137364
15684,MDG,JOR,30329.2119752641
15685,MDG,JPN,24269521.7544872
15686,MDG,KAZ,60839.9949699214
15687,MDG,KEN,4241671.67678962
15688,MDG,KHM,215511.781720358
15689,MDG,KOR,1210454.50615088
15690,MDG,KWT,29272.256238561
15691,MDG,LBN,542884.329686501
15692,MDG,LKA,115124.701964219
15693,MDG,LTU,3227.16792959435
15694,MDG,LUX,845885.250634454
15695,MDG,LVA,92.6998848973541
15696,MDG,MAC,54404.3944992395
15697,MDG,MAR,3024175.51693814
15698,MDG,MDA,16694.9413529715
15699,MDG,MDV,2399.68027685321
15700,MDG,MEX,1526405.89441035
15701,MDG,MKD,29431.565965803
15702,MDG,MLI,43383.7818317001
15703,MDG,MLT,41553.6501026115
15704,MDG,MNE,17372.5781008205
15705,MDG,MOZ,474426.533560711
15706,MDG,MRT,287.208353302684
15707,MDG,MUS,13124848.2747657
15708,MDG,MWI,24011.7422949731
15709,MDG,MYS,1549071.4390199
15710,MDG,NAM,384159.740748474
15711,MDG,NCL,52923.9973307961
15712,MDG,NER,201213.157811926
15713,MDG,NGA,87026.2235710649
15714,MDG,NIC,766.024149742352
15715,MDG,NLD,13485356.349791
15716,MDG,NOR,671831.311184097
15717,MDG,NZL,119440.157251553
15718,MDG,PAK,460806.006836826
15719,MDG,PAN,270567.448170257
15720,MDG,PER,269081.209896379
15721,MDG,PHL,75759.1306428069
15722,MDG,POL,1526267.48933142
15723,MDG,PRT,1374536.13150123
15724,MDG,PYF,15374.611713836
15725,MDG,QAT,3268.36810682883
15726,MDG,ROU,238697.626650651
15727,MDG,RUS,1586902.61737757
15728,MDG,RWA,16624.8830316057
15729,MDG,SAU,987647.680492855
15730,MDG,SDN,145341.396091699
15731,MDG,SEN,254237.816745527
15732,MDG,SGP,25867450.8715444
15733,MDG,SLV,18176.8691993671
15734,MDG,SMR,3468.74919865764
15735,MDG,SRB,91853.0102559573
15736,MDG,SVK,395968.023571962
15737,MDG,SVN,187103.796682373
15738,MDG,SWE,141434.551652276
15739,MDG,SWZ,7325.02782211422
15740,MDG,SYC,2829729.34657732
15741,MDG,SYR,38831.0646100429
15742,MDG,TCD,20827.041428707
15743,MDG,THA,1028074.2151317
15744,MDG,TKM,18805.9593380196
15745,MDG,TTO,15135.4861071633
15746,MDG,TUN,194221.977428847
15747,MDG,TUR,1748297.32806117
15748,MDG,TZA,200733.271089059
15749,MDG,UGA,980684.945779365
15750,MDG,UKR,259763.037254312
15751,MDG,URY,21820.0403154695
15752,MDG,USA,182607529.548058
15753,MDG,VCT,49814.0413737172
15754,MDG,VEN,33932.5402431487
15755,MDG,VNM,3514452.42419013
15756,MDG,YEM,126784.533692598
15757,MDG,ZAF,12727441.9154658
15758,MDG,ZMB,341200.490459804
15759,MDG,ZWE,173256.162982952
15760,MDV,ARE,18772.3878842943
15761,MDV,AUS,213516.556028006
15762,MDV,AUT,11155.9975009884
15763,MDV,BEL,13178.630139664
15764,MDV,BGD,157.589941360233
15765,MDV,BHR,29894.1267023782
15766,MDV,BRA,5782.86567426248
15767,MDV,CAN,41097.4011857746
15768,MDV,CHE,278474.211038819
15769,MDV,CHN,87465.1581495619
15770,MDV,CZE,76481.8244104117
15771,MDV,DEU,3285929.76065613
15772,MDV,DNK,627419.685274079
15773,MDV,DZA,23567.918317252
15774,MDV,EGY,74330.4346230818
15775,MDV,ESP,2636577.83788007
15776,MDV,FIN,2528.9759720027
15777,MDV,FRA,14570139.7294437
15778,MDV,FRO,437.140793860126
15779,MDV,GBR,11315266.1178109
15780,MDV,GRC,4897.62130801282
15781,MDV,HKG,873020.86818937
15782,MDV,HRV,32774.59676098
15783,MDV,IND,1643531.53504488
15784,MDV,IRL,76070.2077056627
15785,MDV,IRN,3073350.55439555
15786,MDV,ITA,11514639.746737
15787,MDV,JPN,2087170.51587831
15788,MDV,KOR,17175.9332609493
15789,MDV,LBN,17262.9503155264
15790,MDV,LKA,11801116.5921982
15791,MDV,LUX,9285.47341440819
15792,MDV,MAR,1138.6818802925
15793,MDV,MDA,861.948461874668
15794,MDV,MEX,15906.3064725123
15795,MDV,MLT,50349.3010909365
15796,MDV,MUS,1451517.78392865
15797,MDV,MYS,266633.958697618
15798,MDV,NLD,1215689.23289867
15799,MDV,NZL,4228.89181771896
15800,MDV,PAK,4543.38652678134
15801,MDV,PHL,140916.925564321
15802,MDV,POL,111380.459511465
15803,MDV,PSE,3324.00420786558
15804,MDV,RUS,9007.29290922448
15805,MDV,SAU,255454.665292255
15806,MDV,SEN,25881.064586957
15807,MDV,SGP,1208551.77890237
15808,MDV,SLV,332.192744650791
15809,MDV,SRB,3904.80467744335
15810,MDV,SVK,334031.750749099
15811,MDV,SVN,3809.56553896912
15812,MDV,SWE,786709.542480028
15813,MDV,SYC,419081.387406833
15814,MDV,THA,12883937.6344941
15815,MDV,TUN,135814.43733254
15816,MDV,UKR,37285.7801258312
15817,MDV,USA,2102846.60400171
15818,MDV,ZAF,12093.3150652527
15819,MEX,ABW,71288352.6537468
15820,MEX,AFG,300690.515372881
15821,MEX,AGO,38792916.1962815
15822,MEX,AIA,416602.028285281
15823,MEX,ALB,2115206.45161996
15824,MEX,AND,448935.486264106
15825,MEX,ARE,257304882.201956
15826,MEX,ARG,797418358.652371
15827,MEX,ARM,1863237.94990006
15828,MEX,ATG,2609133.0679151
15829,MEX,AUS,687108186.301475
15830,MEX,AUT,142212162.088576
15831,MEX,AZE,7082298.88717364
15832,MEX,BEL,896597819.83613
15833,MEX,BEN,2501.56902567918
15834,MEX,BFA,278521.909403027
15835,MEX,BGD,11378356.9082476
15836,MEX,BGR,14064870.7484126
15837,MEX,BHR,8550193.00670425
15838,MEX,BHS,11502913.9423778
15839,MEX,BIH,4149509.65321386
15840,MEX,BLR,12047202.8780634
15841,MEX,BLZ,65724435.5922736
15842,MEX,BMU,2246069.82409915
15843,MEX,BOL,66244744.8202735
15844,MEX,BRA,1984737439.06176
15845,MEX,BRB,12543771.5239841
15846,MEX,BRN,417563.326927578
15847,MEX,BWA,3444.36797920823
15848,MEX,CAF,48817.9379651099
15849,MEX,CAN,9956671529.89308
15850,MEX,CHE,404110150.051209
15851,MEX,CHL,830018274.474912
15852,MEX,CHN,2659775225.93098
15853,MEX,CIV,1486032.01468196
15854,MEX,CMR,2857708.58968015
15855,MEX,COG,2483792.88029375
15856,MEX,COK,9253.27025247806
15857,MEX,COL,1706457443.92219
15858,MEX,COM,127906.162970888
15859,MEX,CPV,21123.2187051941
15860,MEX,CRI,513930719.624196
15861,MEX,CUB,171840805.924002
15862,MEX,CYM,10257512.1537961
15863,MEX,CYP,5388137.129838
15864,MEX,CZE,130157432.577879
15865,MEX,DEU,3068187366.53827
15866,MEX,DJI,24349.0162874723
15867,MEX,DMA,1515254.00795131
15868,MEX,DNK,57283448.3038901
15869,MEX,DOM,414172440.90111
15870,MEX,DZA,182142571.388853
15871,MEX,ECU,398357592.055969
15872,MEX,EGY,48914626.5877726
15873,MEX,ESP,1962997555.17347
15874,MEX,EST,5822184.17963497
15875,MEX,ETH,843543.677194849
15876,MEX,FIN,358254899.950407
15877,MEX,FJI,489104.364089518
15878,MEX,FRA,665186177.071861
15879,MEX,FRO,206060.496280693
15880,MEX,FSM,24242.1291968105
15881,MEX,GAB,1934258.94025551
15882,MEX,GBR,1226003925.53493
15883,MEX,GEO,2101863.37980235
15884,MEX,GHA,1257973.35486025
15885,MEX,GIB,151095.180255218
15886,MEX,GIN,1424600.73677067
15887,MEX,GMB,85308.9166475591
15888,MEX,GNB,2385.77467746232
15889,MEX,GNQ,80755.2525159064
15890,MEX,GRC,48641912.0561315
15891,MEX,GRD,1609397.55374626
15892,MEX,GRL,34389.8251425566
15893,MEX,GTM,821287044.909619
15894,MEX,GUY,4444280.95335452
15895,MEX,HKG,262534052.876555
15896,MEX,HND,268232793.614251
15897,MEX,HRV,20068246.5462312
15898,MEX,HTI,15786137.2904885
15899,MEX,HUN,119833446.931296
15900,MEX,IDN,95737008.2649255
15901,MEX,IND,761621617.105159
15902,MEX,IRL,167753469.949432
15903,MEX,IRN,6285395.33100857
15904,MEX,IRQ,916085.402947515
15905,MEX,ISL,2208194.10945371
15906,MEX,ISR,80629180.5628182
15907,MEX,ITA,478225578.154014
15908,MEX,JAM,77072307.068952
15909,MEX,JOR,15158829.2885207
15910,MEX,JPN,1917463771.69983
15911,MEX,KAZ,41998538.1550236
15912,MEX,KEN,7972656.01925995
15913,MEX,KGZ,526582.678013272
15914,MEX,KHM,143717.915478584
15915,MEX,KNA,491464.102167973
15916,MEX,KOR,665983521.879862
15917,MEX,KWT,3263719.88873237
15918,MEX,LAO,263131.350957472
15919,MEX,LBN,17374716.5278074
15920,MEX,LBR,1433410.0144927
15921,MEX,LBY,19502734.3564863
15922,MEX,LCA,4108258.08795502
15923,MEX,LKA,3504211.7316793
15924,MEX,LSO,5591.01704999785
15925,MEX,LTU,25048793.7369087
15926,MEX,LUX,9856657.4716947
15927,MEX,LVA,2452305.72483632
15928,MEX,MAC,821749.306910479
15929,MEX,MAR,68762172.5582073
15930,MEX,MDA,2436818.74464256
15931,MEX,MDG,1213845.43058475
15932,MEX,MDV,68866.1192007639
15933,MEX,MHL,647369.886676626
15934,MEX,MKD,2830784.51264043
15935,MEX,MLI,30997.2562918998
15936,MEX,MLT,3923894.985905
15937,MEX,MMR,15072.4501306192
15938,MEX,MNE,807740.947915039
15939,MEX,MNG,1377001.03756964
15940,MEX,MOZ,293994.998386045
15941,MEX,MRT,22764.2096163148
15942,MEX,MSR,56382.9403240592
15943,MEX,MUS,1566223.39120282
15944,MEX,MWI,29809.1651687753
15945,MEX,MYS,226076759.386658
15946,MEX,NAM,1357672.28867497
15947,MEX,NCL,2200527.0162197
15948,MEX,NER,110739.822141152
15949,MEX,NGA,19493859.9872667
15950,MEX,NIC,166921415.278525
15951,MEX,NIU,7013.43756418848
15952,MEX,NLD,1160575199.93071
15953,MEX,NOR,76050083.0275288
15954,MEX,NPL,68003.4855652312
15955,MEX,NZL,81279678.9524177
15956,MEX,OMN,3519878.22737148
15957,MEX,PAK,55232872.2279166
15958,MEX,PAN,528701323.351482
15959,MEX,PER,503309892.767852
15960,MEX,PHL,35189021.9749553
15961,MEX,PLW,882.503671617308
15962,MEX,PNG,774828.631248783
15963,MEX,POL,152600425.931545
15964,MEX,PRK,632633.856812128
15965,MEX,PRT,51185630.9097353
15966,MEX,PRY,63240289.1623723
15967,MEX,PSE,1099032.18732512
15968,MEX,PYF,2553423.65329694
15969,MEX,QAT,7800088.18173391
15970,MEX,ROU,42739790.029303
15971,MEX,RUS,177802121.651646
15972,MEX,RWA,17464.3913710043
15973,MEX,SAU,252134145.19244
15974,MEX,SDN,640278.67162464
15975,MEX,SEN,1045367.39462384
15976,MEX,SGP,410890807.109403
15977,MEX,SLB,8222083.89705566
15978,MEX,SLE,21763.8560755063
15979,MEX,SLV,393609431.64515
15980,MEX,SMR,8518.76409100775
15981,MEX,SRB,10675580.4537097
15982,MEX,STP,276941.711209893
15983,MEX,SUR,8269008.70020347
15984,MEX,SVK,26325978.6759681
15985,MEX,SVN,18150069.3169046
15986,MEX,SWE,46774790.5419374
15987,MEX,SWZ,2323337.54269539
15988,MEX,SYC,37796.9964142146
15989,MEX,SYR,6442448.78139453
15990,MEX,TCA,170116.286177398
15991,MEX,TGO,27073.9519256881
15992,MEX,THA,145541330.450303
15993,MEX,TKM,1265656.20708839
15994,MEX,TON,16560.6473159863
15995,MEX,TTO,90455057.293097
15996,MEX,TUN,28937847.6422999
15997,MEX,TUR,229688281.64632
15998,MEX,TZA,676278.733658674
15999,MEX,UGA,229619.50734039
16000,MEX,UKR,26311287.1823914
16001,MEX,URY,68321986.4846724
16002,MEX,USA,127064439856.972
16003,MEX,UZB,1839124.63335097
16004,MEX,VAT,77748.7105042164
16005,MEX,VCT,1463817.33626499
16006,MEX,VEN,1001104978.29617
16007,MEX,VGB,679426.42144393
16008,MEX,VNM,112084206.171902
16009,MEX,VUT,89580.2892320795
16010,MEX,WSM,319539.642706881
16011,MEX,YEM,972234.699054166
16012,MEX,ZAF,192030700.257011
16013,MEX,ZMB,707372.599436364
16014,MEX,ZWE,20866.9637570692
16015,MHL,AGO,189256.612316085
16016,MHL,AUS,525879.689840073
16017,MHL,AUT,3930793.99946829
16018,MHL,AZE,1259.34918356569
16019,MHL,BGD,4752675.56133894
16020,MHL,CHE,2562462.45186131
16021,MHL,CHN,8132722.86339417
16022,MHL,CZE,4126.80094266385
16023,MHL,DEU,113107996.499067
16024,MHL,DNK,4841.43706804961
16025,MHL,ECU,3920748.66846706
16026,MHL,ESP,11271.7192207975
16027,MHL,FRA,9231274.12253246
16028,MHL,FRO,21.9255570588151
16029,MHL,FSM,88836.190639396
16030,MHL,GBR,309519.663131002
16031,MHL,GHA,1842024.97344565
16032,MHL,GRC,38871628.260949
16033,MHL,HKG,431559.369241341
16034,MHL,HRV,2034.96576452128
16035,MHL,HUN,66461.8448345333
16036,MHL,IDN,92529001.2166796
16037,MHL,IND,1488.88235902516
16038,MHL,ITA,4337525.18992784
16039,MHL,JPN,13600621.7439438
16040,MHL,KHM,9136.7907306031
16041,MHL,KIR,436.455620202038
16042,MHL,KOR,27300808.1276654
16043,MHL,LBN,14670.2531933216
16044,MHL,LKA,17815.2002839454
16045,MHL,MEX,856068.986714615
16046,MHL,MKD,53510.2195795303
16047,MHL,NCL,4687.27299497981
16048,MHL,NLD,20070.1067927129
16049,MHL,NZL,4.11104194852783
16050,MHL,PAK,51373.635709778
16051,MHL,PER,5062.06298595393
16052,MHL,PHL,2834895.73273411
16053,MHL,PLW,13.7034731617594
16054,MHL,POL,139779098.09558
16055,MHL,PRT,44819.9496701666
16056,MHL,ROU,47962.156066158
16057,MHL,SGP,38685597.4462152
16058,MHL,SVN,544.713058179938
16059,MHL,SWE,26984.8793501367
16060,MHL,SYC,6908.0194858497
16061,MHL,THA,10967079.3644594
16062,MHL,TUR,2043242.66231098
16063,MHL,UKR,579.656914742424
16064,MHL,USA,11888619.4348989
16065,MHL,VNM,5359356.41033002
16066,MHL,ZAF,92877.3448747988
16067,MKD,AFG,36638.0649116309
16068,MKD,AGO,3499.18187185527
16069,MKD,ALB,57535540.5205657
16070,MKD,AND,31723.869252829
16071,MKD,ARE,212002.322243632
16072,MKD,ARG,2953622.6242076
16073,MKD,ARM,206205.067922549
16074,MKD,AUS,2954425.64773487
16075,MKD,AUT,29180627.9652649
16076,MKD,AZE,1304573.93383306
16077,MKD,BEL,26559417.3412787
16078,MKD,BGR,164150948.480382
16079,MKD,BHR,23022.5200854139
16080,MKD,BIH,59812614.7541697
16081,MKD,BLR,827895.331067696
16082,MKD,BOL,1544.38142533029
16083,MKD,BRA,1687273.70655088
16084,MKD,BRB,6509.16345530889
16085,MKD,CAN,5243136.56927148
16086,MKD,CHE,13304955.9406853
16087,MKD,CHL,15042.8300733801
16088,MKD,CHN,16507997.2017515
16089,MKD,COL,9892.53727547413
16090,MKD,CRI,10343.381542496
16091,MKD,CYP,353910.008917548
16092,MKD,CZE,8569932.1746201
16093,MKD,DEU,340630088.611839
16094,MKD,DNK,1526719.91634959
16095,MKD,DOM,2510.40776586852
16096,MKD,DZA,387531.925682802
16097,MKD,EGY,2499154.39833898
16098,MKD,ESP,37538494.1835082
16099,MKD,EST,231523.31716328
16100,MKD,ETH,90.6875298635497
16101,MKD,FIN,2319759.56585286
16102,MKD,FRA,17550547.1622933
16103,MKD,FRO,4492.68367608283
16104,MKD,GBR,29405592.5055483
16105,MKD,GEO,23376.7548666454
16106,MKD,GHA,15495.4009780203
16107,MKD,GRC,203338252.004606
16108,MKD,GRL,6543.32621390116
16109,MKD,GTM,273672.062513498
16110,MKD,HKG,286213.926514018
16111,MKD,HRV,121092926.297857
16112,MKD,HUN,2976394.37073415
16113,MKD,IDN,30555.3192824331
16114,MKD,IND,22976401.204078
16115,MKD,IRL,789941.694362812
16116,MKD,IRN,570315.257088053
16117,MKD,IRQ,1338522.58250891
16118,MKD,ISL,113860.788153743
16119,MKD,ISR,1164755.62941559
16120,MKD,ITA,172768006.515508
16121,MKD,JOR,875408.013214149
16122,MKD,JPN,10457961.0778171
16123,MKD,KAZ,411933.254979069
16124,MKD,KOR,3172837.71473603
16125,MKD,LBN,673777.164632994
16126,MKD,LBR,40797.4869721564
16127,MKD,LBY,1066612.68386796
16128,MKD,LTU,236901.12872609
16129,MKD,LUX,553827.238179824
16130,MKD,LVA,425792.440706366
16131,MKD,MAC,31353.9172730546
16132,MKD,MAR,86830.0528713651
16133,MKD,MDA,172535.634364106
16134,MKD,MDG,192308.698506002
16135,MKD,MEX,761600.668605736
16136,MKD,MLT,149416.271833858
16137,MKD,MNE,19583383.4070852
16138,MKD,MUS,417.955931433663
16139,MKD,MYS,61655.173477895
16140,MKD,NAM,3.06272625165323
16141,MKD,NCL,15580.8489849205
16142,MKD,NGA,477275.197172931
16143,MKD,NIC,1269.62678843701
16144,MKD,NLD,42262916.933143
16145,MKD,NOR,3909605.85576277
16146,MKD,NZL,174197.865658628
16147,MKD,OMN,24727.4034401513
16148,MKD,PAK,302372.596148277
16149,MKD,PAN,76832.8662823965
16150,MKD,PER,48602.1082628122
16151,MKD,POL,9347401.46514716
16152,MKD,PRK,137102.43362675
16153,MKD,PRT,21460279.6086856
16154,MKD,PYF,1070.9264275915
16155,MKD,QAT,18599.0595040077
16156,MKD,ROU,14625309.9946138
16157,MKD,RUS,29963873.9549033
16158,MKD,RWA,6.85173658087972
16159,MKD,SAU,368929.015502836
16160,MKD,SDN,20223.3164188769
16161,MKD,SGP,21040.2989890923
16162,MKD,SLV,9316.64881585119
16163,MKD,SRB,447008091.318188
16164,MKD,SUR,8744.87139817678
16165,MKD,SVK,17745159.7770946
16166,MKD,SVN,23777985.7090852
16167,MKD,SWE,7797061.76968614
16168,MKD,SYC,5152.84301426133
16169,MKD,SYR,47726.6139177171
16170,MKD,THA,107095.383453782
16171,MKD,TUN,23596.0104372336
16172,MKD,TUR,27951129.6465368
16173,MKD,UGA,16687.8429538737
16174,MKD,UKR,21462437.9057086
16175,MKD,URY,5924.69662148669
16176,MKD,USA,31747039.7704245
16177,MKD,VGB,64338.0874156604
16178,MKD,VNM,7911.61800910284
16179,MKD,ZAF,573800.290123868
16180,MLI,AGO,69283.3899585395
16181,MLI,ALB,4792.10456466727
16182,MLI,ARE,25063309.1408553
16183,MLI,ARG,452.214614338061
16184,MLI,AUS,1877154.51206948
16185,MLI,AUT,92793.068514854
16186,MLI,BDI,2625.58545779311
16187,MLI,BEL,4032513.51040071
16188,MLI,BEN,130827.743448975
16189,MLI,BFA,15532806.0838794
16190,MLI,BGD,4799354.3871435
16191,MLI,BGR,9078.55096966562
16192,MLI,BIH,9948.03634177926
16193,MLI,BLR,274.069463235189
16194,MLI,BOL,693.395741985027
16195,MLI,BRA,278.180505183716
16196,MLI,BRB,4465.9619034174
16197,MLI,BRN,74345.4529444935
16198,MLI,BWA,167.182372573465
16199,MLI,CAN,208877.930362751
16200,MLI,CHE,269016907.716859
16201,MLI,CHN,25384817.9726555
16202,MLI,CIV,589278.741961109
16203,MLI,CMR,24377.7935811119
16204,MLI,COG,1348.42175911713
16205,MLI,CPV,5345.72488040236
16206,MLI,CRI,1440.23502930092
16207,MLI,CZE,763579.450130295
16208,MLI,DEU,5731131.12812452
16209,MLI,DNK,104908.309137166
16210,MLI,DZA,1652.63886330819
16211,MLI,ESP,1078966.14429737
16212,MLI,EST,8956.54894810648
16213,MLI,ETH,230033.240546568
16214,MLI,FIN,963700.175969023
16215,MLI,FJI,1952.05975189263
16216,MLI,FRA,6698783.89483742
16217,MLI,FRO,3701.30810099122
16218,MLI,GAB,16174.8945464827
16219,MLI,GBR,457223.233778684
16220,MLI,GHA,1106845.9714431
16221,MLI,GMB,41978.7174514425
16222,MLI,GRC,34245.6646048949
16223,MLI,GRD,6797.60786189077
16224,MLI,HKG,326516.080893532
16225,MLI,HRV,3927.41540816025
16226,MLI,IDN,6004861.25430933
16227,MLI,IND,3011889.10691774
16228,MLI,IRL,6882.72013369845
16229,MLI,ISR,2740.69463235189
16230,MLI,ITA,1879188.05815418
16231,MLI,JPN,737142.02453297
16232,MLI,KEN,209465.124187732
16233,MLI,KHM,2698.21386555043
16234,MLI,KIR,31859.2047537745
16235,MLI,KNA,8376.24797012545
16236,MLI,KOR,6867114.61846184
16237,MLI,LBN,104259.449682956
16238,MLI,LCA,1029.13083444813
16239,MLI,LKA,809.190090201895
16240,MLI,LUX,47574.3477756802
16241,MLI,MAR,4628261.9998321
16242,MLI,MDA,239.81078033079
16243,MLI,MDG,4560.98589736299
16244,MLI,MEX,474099.060977391
16245,MLI,MKD,807.292159168991
16246,MLI,MRT,509034.010282323
16247,MLI,MUS,1148888.22710338
16248,MLI,MYS,3455862.45249632
16249,MLI,NCL,7297.78463229499
16250,MLI,NER,707271.193734967
16251,MLI,NGA,1306869.40262238
16252,MLI,NIC,165.812025257289
16253,MLI,NLD,1590335.33740459
16254,MLI,NOR,119313.088370793
16255,MLI,NZL,7823.99800170655
16256,MLI,OMN,356.290302205745
16257,MLI,PAK,2686888.6301559
16258,MLI,PER,113485.998162769
16259,MLI,PLW,200.755881819776
16260,MLI,POL,148709.405577755
16261,MLI,PRT,121895.819642141
16262,MLI,PYF,3819.15797018235
16263,MLI,ROU,45483.9172035367
16264,MLI,RUS,10038.4792646469
16265,MLI,RWA,133260.109935188
16266,MLI,SDN,612798.0060969
16267,MLI,SEN,1316110.33974902
16268,MLI,SRB,92135.3018030896
16269,MLI,SUR,22837.5231977302
16270,MLI,SVK,8629.762223618
16271,MLI,SVN,8932.60898049289
16272,MLI,SWE,112000.541672034
16273,MLI,SYC,42604.3584259002
16274,MLI,SYR,444315.932407623
16275,MLI,TGO,406285.169815089
16276,MLI,THA,8850400.47464818
16277,MLI,TTO,3463.5528416347
16278,MLI,TUN,4340.5751239873
16279,MLI,TUR,615616.883839855
16280,MLI,TZA,152034.553340456
16281,MLI,UGA,29073.2886599888
16282,MLI,UKR,4295.35366255349
16283,MLI,USA,2617385.98462677
16284,MLI,VCT,21.9255570588151
16285,MLI,VNM,9551945.6721225
16286,MLI,YEM,50311.6165397417
16287,MLI,ZAF,87365.8079691392
16288,MLI,ZMB,64540.6041937814
16289,MLI,ZWE,7331.3581415413
16290,MLT,AGO,6339922.82106653
16291,MLT,ALB,2456060.47648264
16292,MLT,AND,821.899376385768
16293,MLT,ARE,14794450.5112812
16294,MLT,ARG,998086.986347484
16295,MLT,ARM,40213.5271668411
16296,MLT,AUS,8295167.26012196
16297,MLT,AUT,9889884.96824368
16298,MLT,AZE,134398.183381272
16299,MLT,BEL,65295747.7858333
16300,MLT,BEN,981.168678381975
16301,MLT,BGD,642015.939712327
16302,MLT,BGR,7461110.84752073
16303,MLT,BHR,956902.568107132
16304,MLT,BHS,81510.3138871194
16305,MLT,BIH,286836.304006342
16306,MLT,BLR,227546.171851015
16307,MLT,BLZ,33328.1999473737
16308,MLT,BOL,26212.6886374715
16309,MLT,BRA,16132302.096375
16310,MLT,BRB,175522.306339712
16311,MLT,CAF,46181.3897287874
16312,MLT,CAN,13908970.4452932
16313,MLT,CHE,10220118.1162323
16314,MLT,CHL,556579.580764363
16315,MLT,CHN,274073110.414571
16316,MLT,CIV,319869.211236421
16317,MLT,CMR,499865.016389789
16318,MLT,COD,100336.830490403
16319,MLT,COG,270098.881886569
16320,MLT,COL,797318.086228204
16321,MLT,CPV,1001497.78081745
16322,MLT,CRI,243557.309893215
16323,MLT,CYM,20594.9498148083
16324,MLT,CYP,75187604.683865
16325,MLT,CZE,9067002.36765855
16326,MLT,DEU,304107866.08458
16327,MLT,DJI,2284911.6336025
16328,MLT,DNK,14605695.4460829
16329,MLT,DOM,1522676.81553582
16330,MLT,DZA,827169.046990123
16331,MLT,ECU,18819.6648667023
16332,MLT,EGY,242185937.638782
16333,MLT,ERI,34913.7089215307
16334,MLT,ESP,70137711.3495439
16335,MLT,EST,396345.95165829
16336,MLT,ETH,395811.688868743
16337,MLT,FIN,16624319.1336851
16338,MLT,FJI,23487.0678255976
16339,MLT,FRA,255737764.65913
16340,MLT,FRO,4969.56454211206
16341,MLT,GAB,68944.9141714441
16342,MLT,GBR,112404545.412268
16343,MLT,GEO,774305.158574004
16344,MLT,GHA,10968888.9080904
16345,MLT,GIB,455443.152614972
16346,MLT,GIN,94507.3730073901
16347,MLT,GMB,50211.5811856608
16348,MLT,GNB,23685.7681864431
16349,MLT,GRC,4560894.76926646
16350,MLT,GRD,10879.1873431208
16351,MLT,GRL,187.895172257464
16352,MLT,GTM,22071.4990479878
16353,MLT,GUY,92880.7707430893
16354,MLT,HKG,132381280.164725
16355,MLT,HRV,32991435.0389025
16356,MLT,HUN,9274009.08876107
16357,MLT,IDN,1246836.54222169
16358,MLT,IND,5937710.12477476
16359,MLT,IRL,8990888.48150253
16360,MLT,IRN,1808551.49955342
16361,MLT,IRQ,1806445.27572846
16362,MLT,ISL,3024069.43903757
16363,MLT,ISR,7120324.6548502
16364,MLT,ITA,214169996.32376
16365,MLT,JAM,1139395.83124423
16366,MLT,JOR,906760.874634596
16367,MLT,JPN,89924328.6292786
16368,MLT,KAZ,386037.801745293
16369,MLT,KEN,1144283.86012103
16370,MLT,KGZ,33205.5709919174
16371,MLT,KHM,777.672101929848
16372,MLT,KOR,81970040.7454447
16373,MLT,KWT,1921017.2741393
16374,MLT,LBN,39322258.7537896
16375,MLT,LBR,453850.123859917
16376,MLT,LBY,80324381.0610178
16377,MLT,LKA,279079.453023128
16378,MLT,LTU,1126293.25538061
16379,MLT,LUX,806713.872601565
16380,MLT,LVA,588796.540721624
16381,MLT,MAC,995.714915143183
16382,MLT,MAR,15754218.9189338
16383,MLT,MDA,678987.910302753
16384,MLT,MDG,44025.1482267845
16385,MLT,MDV,280973.273014083
16386,MLT,MEX,74598113.471608
16387,MLT,MKD,430859.806936434
16388,MLT,MLI,713084.892223843
16389,MLT,MMR,89.0725755514363
16390,MLT,MNE,159148.026258726
16391,MLT,MOZ,11926.1326926792
16392,MLT,MRT,695148.416202416
16393,MLT,MUS,180036.915572854
16394,MLT,MWI,4372411.0328367
16395,MLT,MYS,43904991.3778866
16396,MLT,NAM,107010.421920179
16397,MLT,NCL,63660.8549202696
16398,MLT,NER,164451.270372326
16399,MLT,NGA,2875931.46829066
16400,MLT,NIC,41.1104194852783
16401,MLT,NLD,38347727.3526335
16402,MLT,NOR,3378345.31150367
16403,MLT,NPL,94001.7148477212
16404,MLT,NZL,1223763.31928558
16405,MLT,OMN,2787607.10237385
16406,MLT,PAK,340051.68650906
16407,MLT,PAN,4224.78077577043
16408,MLT,PER,83421.2632195267
16409,MLT,PHL,1248161.66807643
16410,MLT,POL,16436295.1487799
16411,MLT,PRT,12716522.9880505
16412,MLT,PRY,1004.46458275697
16413,MLT,PSE,39218.6550152974
16414,MLT,PYF,214866.348134439
16415,MLT,QAT,4781073.95394572
16416,MLT,ROU,16935605.7911629
16417,MLT,RUS,4378904.4235944
16418,MLT,SAU,14969170.4792673
16419,MLT,SDN,1190470.73123908
16420,MLT,SEN,1832723.74103711
16421,MLT,SGP,259280133.711828
16422,MLT,SLE,37609.1820924488
16423,MLT,SLV,2260.11382856898
16424,MLT,SMR,2370.01568332629
16425,MLT,SRB,554433.616867232
16426,MLT,STP,24285.9803109282
16427,MLT,SUR,26571.0344606515
16428,MLT,SVK,2748502.87135946
16429,MLT,SVN,1728438.9399288
16430,MLT,SWE,29022517.2919245
16431,MLT,SWZ,2066.48375279332
16432,MLT,SYC,11928.8733873116
16433,MLT,SYR,68957761.8627069
16434,MLT,TCD,1259081.28066538
16435,MLT,TGO,2613467.51347554
16436,MLT,THA,25500605.4691358
16437,MLT,TKM,3926006.69111922
16438,MLT,TTO,249492.284119573
16439,MLT,TUN,183053823.576817
16440,MLT,TUR,92609887.3373642
16441,MLT,TZA,1076364.65091574
16442,MLT,UGA,2370735.11566729
16443,MLT,UKR,5276864.24259086
16444,MLT,URY,5543.05489393169
16445,MLT,USA,153016793.630439
16446,MLT,VEN,9282071.52719579
16447,MLT,VNM,140113.902037042
16448,MLT,YEM,3374102.73539765
16449,MLT,ZAF,11772346.150295
16450,MLT,ZMB,1963123.25094978
16451,MLT,ZWE,7149.86934298696
16452,MMR,ALB,348178.531267642
16453,MMR,AND,6894.62434083408
16454,MMR,ARE,32370392.9500379
16455,MMR,ARG,5252447.39411123
16456,MMR,ARM,8257.71292727624
16457,MMR,AUS,14456551.6404059
16458,MMR,AUT,6197956.20945802
16459,MMR,BEL,2151556.28452884
16460,MMR,BFA,5802788.8435087
16461,MMR,BGD,43540283.0321176
16462,MMR,BGR,217634.449713115
16463,MMR,BHR,1133785.62933181
16464,MMR,BIH,311690.978453483
16465,MMR,BLR,51182.4722591715
16466,MMR,BRA,941019.557538995
16467,MMR,BRN,44002.5374960676
16468,MMR,CAN,35913.377288681
16469,MMR,CHE,528996.601680129
16470,MMR,CHL,170443.991034588
16471,MMR,CHN,442705901.753417
16472,MMR,CIV,44109483.0669862
16473,MMR,COL,39367.3376991025
16474,MMR,CRI,55022.1854390965
16475,MMR,CYP,395499.364789829
16476,MMR,CZE,1378338.49655022
16477,MMR,DEU,56048900.1086747
16478,MMR,DNK,769421.925912811
16479,MMR,DOM,31730.5832695046
16480,MMR,DZA,223481.721711238
16481,MMR,EGY,48664.7331351614
16482,MMR,ESP,30921601.3891887
16483,MMR,EST,215708.179897713
16484,MMR,FIN,346624.557411098
16485,MMR,FJI,39011.7325705548
16486,MMR,FRA,6921315.96585855
16487,MMR,FRO,23234.9239194212
16488,MMR,GBR,37709692.9570483
16489,MMR,GRC,229384.492775665
16490,MMR,HKG,28902576.2727289
16491,MMR,HRV,821708.212935162
16492,MMR,HUN,148682.68380509
16493,MMR,IDN,19908989.5773608
16494,MMR,IND,809755151.547372
16495,MMR,IRL,144706.275739682
16496,MMR,ISL,68859.2674641831
16497,MMR,ISR,150738.204779354
16498,MMR,ITA,4731810.82371109
16499,MMR,JOR,348564.284037145
16500,MMR,JPN,233819882.230459
16501,MMR,KAZ,27267.1708972689
16502,MMR,KHM,41720.9092146347
16503,MMR,KOR,53683443.8134208
16504,MMR,LBN,592709.472929
16505,MMR,LKA,1926203.35355737
16506,MMR,LTU,41670.8915375943
16507,MMR,LUX,125206.578758022
16508,MMR,LVA,128864.168668585
16509,MMR,MAC,989983.136016868
16510,MMR,MAR,24052.5471270068
16511,MMR,MDA,41125.4933057562
16512,MMR,MDG,518649.487311544
16513,MMR,MDV,1891.76446998089
16514,MMR,MEX,5122545.32027433
16515,MMR,MKD,176011.444962484
16516,MMR,MLT,68946.2845187602
16517,MMR,MNE,27236.338082655
16518,MMR,MUS,882240.564932602
16519,MMR,MYS,98783624.0283561
16520,MMR,NCL,14089.225931263
16521,MMR,NER,288589.663397389
16522,MMR,NIC,471.399476764525
16523,MMR,NLD,6998813.90280391
16524,MMR,NOR,204770.269746225
16525,MMR,NZL,731976.500324645
16526,MMR,OMN,1697556.1076378
16527,MMR,PAK,29280506.414578
16528,MMR,PER,100353.959831855
16529,MMR,PHL,5887171.03058053
16530,MMR,POL,2869328.44974766
16531,MMR,PRT,115466.835208301
16532,MMR,PRY,16914.8820972178
16533,MMR,ROU,553867.663425651
16534,MMR,RUS,3151717.29153936
16535,MMR,SAU,6608377.97134735
16536,MMR,SGP,81064658.4402102
16537,MMR,SLV,17032.3619726335
16538,MMR,SRB,273987.242396218
16539,MMR,SVK,665841.48332502
16540,MMR,SVN,531607.056448031
16541,MMR,SWE,901417.205275168
16542,MMR,SYC,3633.57731454191
16543,MMR,SYR,141.145773566122
16544,MMR,TGO,109165.32938907
16545,MMR,THA,1905860941.62359
16546,MMR,TUN,611.174903014471
16547,MMR,TUR,12047087.0837152
16548,MMR,TZA,5845.90165080657
16549,MMR,UKR,108504.100494811
16550,MMR,URY,247468.966307239
16551,MMR,VEN,1338.8293279039
16552,MMR,VNM,44514562.2893675
16553,MMR,ZAF,3718675.19770278
16554,MNE,AFG,250095.922112349
16555,MNE,ALB,5832840.18536244
16556,MNE,ARM,1188084.27138796
16557,MNE,AUS,33089.0914700424
16558,MNE,AUT,1506583.82048187
16559,MNE,BEL,253512.197971575
16560,MNE,BGR,830857.33679161
16561,MNE,BIH,17983819.4656798
16562,MNE,BLR,5823.97609374776
16563,MNE,BOL,1769.11838518314
16564,MNE,BRA,9904.87040131972
16565,MNE,CAN,177699.103051457
16566,MNE,CHE,235483.276949852
16567,MNE,CHN,510207.712758627
16568,MNE,CYP,558918.078459417
16569,MNE,CZE,1002466.61636998
16570,MNE,DEU,3744740.98853383
16571,MNE,DNK,702009.745214509
16572,MNE,EGY,636977.172630748
16573,MNE,ESP,844427.645082573
16574,MNE,EST,190.608459943493
16575,MNE,FIN,976988.433893981
16576,MNE,FRA,3492040.30681702
16577,MNE,GBR,2114330.11451126
16578,MNE,GIB,33228.8668962924
16579,MNE,GRC,45816903.3792836
16580,MNE,HKG,13360.8863327154
16581,MNE,HRV,38863102.6451214
16582,MNE,HUN,12202257.6768887
16583,MNE,IRL,106319.963517667
16584,MNE,ISL,4352.90824983288
16585,MNE,ISR,621185.290159136
16586,MNE,ITA,42481503.6502245
16587,MNE,JPN,19064.9570362978
16588,MNE,KOR,460.436698235117
16589,MNE,LTU,72467.3919476743
16590,MNE,LUX,13619.1968018146
16591,MNE,MDA,243.921822279318
16592,MNE,MKD,1307834.12713297
16593,MNE,MLT,230853.505098606
16594,MNE,MYS,54289.0496249424
16595,MNE,NLD,4570881.17533309
16596,MNE,NOR,155448.10152335
16597,MNE,NZL,6502.98318891294
16598,MNE,PER,7370.41304005231
16599,MNE,POL,478928.164919595
16600,MNE,PRT,166.497198915377
16601,MNE,PYF,2395.36710867555
16602,MNE,ROU,1098131.16546504
16603,MNE,RUS,1545645.57072946
16604,MNE,SRB,122887684.566499
16605,MNE,SVK,488452.078767018
16606,MNE,SVN,23270051.4025241
16607,MNE,SWE,656657.415612008
16608,MNE,THA,8860.66574639365
16609,MNE,TKM,266846.362531625
16610,MNE,TUR,4005160.69279618
16611,MNE,UKR,635365.644186925
16612,MNE,USA,11546068.9200588
16613,MNE,VGB,58699.5124620546
16614,MNG,ARG,521.417153804946
16615,MNG,AUS,207214.328720913
16616,MNG,AUT,945140.191918736
16617,MNG,AZE,39274.8392552606
16618,MNG,BEL,727977.826856043
16619,MNG,BGR,69402.6101750468
16620,MNG,BIH,4602.99663503499
16621,MNG,BLR,30010.6062242532
16622,MNG,BOL,3436.14589531118
16623,MNG,BRA,46.5918087499821
16624,MNG,CAN,95736046.2811095
16625,MNG,CHE,101335496.169625
16626,MNG,CHL,8878.07532387201
16627,MNG,CHN,917227780.654519
16628,MNG,CRI,73.9987550735009
16629,MNG,CZE,287110.373469577
16630,MNG,DEU,10418683.2148905
16631,MNG,DNK,15858.3443164461
16632,MNG,DOM,491046.680671992
16633,MNG,DZA,2018.52159672716
16634,MNG,ESP,71169.7244272801
16635,MNG,EST,680.41170116426
16636,MNG,FIN,96269.6396559924
16637,MNG,FJI,839.337731157765
16638,MNG,FRA,2086475.06461536
16639,MNG,FRO,1387.47665762814
16640,MNG,GBR,18618135.4238226
16641,MNG,GRD,177.459977444785
16642,MNG,HKG,1012690.77769597
16643,MNG,HRV,1744.45213349198
16644,MNG,HUN,10277.6048713196
16645,MNG,IDN,263973.429383262
16646,MNG,IND,1274691.5921176
16647,MNG,IRL,16700.2959851095
16648,MNG,ISR,93868.7911580521
16649,MNG,ITA,16915765.9534222
16650,MNG,JPN,4981716.09693825
16651,MNG,KAZ,771818.663368802
16652,MNG,KEN,9238.88160565821
16653,MNG,KGZ,110874.801351796
16654,MNG,KOR,14716647.672058
16655,MNG,LBN,16137.895168946
16656,MNG,LKA,12420.1429001607
16657,MNG,LTU,70.5728867830611
16658,MNG,LUX,3091.50354529293
16659,MNG,MEX,1080825.1314299
16660,MNG,MNE,990.075935937119
16661,MNG,MYS,65593.7298097358
16662,MNG,NCL,10380.3809200328
16663,MNG,NLD,1516744.26065765
16664,MNG,NOR,216932.768851256
16665,MNG,NZL,48391.7599497792
16666,MNG,PER,2627.64097876737
16667,MNG,PHL,65868.4844466291
16668,MNG,POL,60698.1640226972
16669,MNG,ROU,109124.100434542
16670,MNG,RUS,43165940.4595422
16671,MNG,SAU,310455.61034795
16672,MNG,SDN,1520.78678524037
16673,MNG,SGP,459813.190206257
16674,MNG,SRB,1166.16556606573
16675,MNG,SVK,3459.44179968617
16676,MNG,SVN,6600.27784836143
16677,MNG,SWE,523540.506971361
16678,MNG,THA,24445.6257732627
16679,MNG,TUR,2015.78090209481
16680,MNG,TZA,6278.93140271817
16681,MNG,UGA,554.990663051257
16682,MNG,UKR,4467405.56431499
16683,MNG,URY,6962.04953983188
16684,MNG,USA,10947300.4564713
16685,MNG,ZAF,9325.2134865773
16686,MNG,ZWE,50.8946993227745
16687,MNP,AGO,620.082160569614
16688,MNP,AUS,8810.64806935323
16689,MNP,AUT,3027.09722143266
16690,MNP,BEL,152885.539023801
16691,MNP,BGR,839.337731157765
16692,MNP,CHE,28.9650312220109
16693,MNP,COL,2737.26876406145
16694,MNP,CRI,13429.4036985242
16695,MNP,CYP,918.81787549597
16696,MNP,CZE,1370.34731617594
16697,MNP,DEU,29385.0008788257
16698,MNP,DNK,3271.01904371198
16699,MNP,DOM,36824.9926186832
16700,MNP,ESP,89314.2178009552
16701,MNP,EST,39.2947092913452
16702,MNP,FIN,18695.6484345884
16703,MNP,FRA,19019.735574864
16704,MNP,FSM,1016599.0082417
16705,MNP,GBR,59151.0419027346
16706,MNP,HKG,471274.775158753
16707,MNP,HRV,50160.1931613042
16708,MNP,IND,52208.1772253292
16709,MNP,IRL,14137.1949390657
16710,MNP,ITA,40557.589174771
16711,MNP,JPN,449386.902651132
16712,MNP,KOR,107992.275772219
16713,MNP,MEX,19557.5968964631
16714,MNP,MOZ,689.2847000365
16715,MNP,MYS,2725.62081187395
16716,MNP,NGA,55.4990663051257
16717,MNP,NIC,11.6479521874955
16718,MNP,NLD,40140.8987590838
16719,MNP,NZL,4709.88372569672
16720,MNP,PAK,27430.9274015519
16721,MNP,PER,3328.57363099137
16722,MNP,PLW,211191.076632456
16723,MNP,POL,1205.90563823483
16724,MNP,PRT,199.3855345036
16725,MNP,RUS,3488.90426698395
16726,MNP,SDN,563.90888338493
16727,MNP,SGP,402218.17768104
16728,MNP,SLV,19606.5799612798
16729,MNP,SVK,318.605751010907
16730,MNP,SVN,422.066973382191
16731,MNP,SWE,1534.10382045897
16732,MNP,THA,5533.46246271846
16733,MNP,TUR,166534.883466572
16734,MNP,ZAF,113996.452538044
16735,MOZ,AFG,25657.6979744203
16736,MOZ,AGO,14463754.8710734
16737,MOZ,ARE,5847951.69039157
16738,MOZ,ARG,375436.109733697
16739,MOZ,ATG,510109.047751863
16740,MOZ,AUS,2045127.57504438
16741,MOZ,AUT,536930.855771374
16742,MOZ,BEL,201987130.661276
16743,MOZ,BGD,572488.627931508
16744,MOZ,BGR,1386653.76406478
16745,MOZ,BHR,549210.538071627
16746,MOZ,BIH,574.17552547772
16747,MOZ,BLR,171087.862424567
16748,MOZ,BOL,5984.30672974034
16749,MOZ,BRA,1535269.98602503
16750,MOZ,BWA,3266411.93603499
16751,MOZ,CAN,467332.285930114
16752,MOZ,CHE,37572479.9151528
16753,MOZ,CHN,121655576.517232
16754,MOZ,CMR,3.42586829043986
16755,MOZ,COG,286288.165079871
16756,MOZ,COL,190.478276948456
16757,MOZ,COM,79559.2161190427
16758,MOZ,CPV,7081.95492999728
16759,MOZ,CRI,210633.345274772
16760,MOZ,CYP,70015.1554253775
16761,MOZ,CZE,7123906.74273469
16762,MOZ,DEU,68827560.9325645
16763,MOZ,DNK,3837006.05880189
16764,MOZ,DOM,183983.55695386
16765,MOZ,EGY,8297.23100318012
16766,MOZ,ESP,126459573.506788
16767,MOZ,EST,42325.9586651458
16768,MOZ,ETH,18463.1875120879
16769,MOZ,FIN,3069340.23297476
16770,MOZ,FJI,15565.0899907845
16771,MOZ,FRA,18214339.2912069
16772,MOZ,GAB,63297.712881483
16773,MOZ,GBR,48951927.0998173
16774,MOZ,GHA,2236.40681999914
16775,MOZ,GRC,7106973.3609487
16776,MOZ,GTM,458805.984928868
16777,MOZ,HKG,7420451.95747613
16778,MOZ,HRV,236754.22064206
16779,MOZ,HUN,103009.692930604
16780,MOZ,IDN,8329665.75380669
16781,MOZ,IND,38720463.1929807
16782,MOZ,IRL,1487128.1753702
16783,MOZ,ISR,85582.3009371362
16784,MOZ,ITA,153595541.708916
16785,MOZ,JPN,20078859.2010213
16786,MOZ,KAZ,816012.364315477
16787,MOZ,KEN,6941073.63346318
16788,MOZ,KHM,125566.294928518
16789,MOZ,KOR,3095715.3077692
16790,MOZ,LBN,4302099.19721737
16791,MOZ,LSO,682444.625796454
16792,MOZ,LTU,4761180.62195679
16793,MOZ,LUX,13425801.05543
16794,MOZ,MAC,6528.33461426219
16795,MOZ,MAR,1547655.87024229
16796,MOZ,MDG,2694286.89002376
16797,MOZ,MEX,2558918.74603481
16798,MOZ,MKD,34622.3456751654
16799,MOZ,MNP,411339.209417507
16800,MOZ,MUS,5794770.56657176
16801,MOZ,MWI,177620893.432855
16802,MOZ,MYS,8020189.25661614
16803,MOZ,NAM,1121292.17285023
16804,MOZ,NGA,193.218971580808
16805,MOZ,NIC,1149.72139827162
16806,MOZ,NLD,612499515.674143
16807,MOZ,NOR,2254967.92499353
16808,MOZ,NZL,204805.943312734
16809,MOZ,OMN,23026.6311273625
16810,MOZ,PAK,289566.721033822
16811,MOZ,PAN,4552169.08273071
16812,MOZ,PER,217.885223271975
16813,MOZ,PHL,3815173.00018691
16814,MOZ,POL,16629414.0850066
16815,MOZ,PRK,157826.326272274
16816,MOZ,PRT,40988786.7723209
16817,MOZ,QAT,73697.9638376003
16818,MOZ,ROU,197103.755483962
16819,MOZ,RUS,24317087.880179
16820,MOZ,SDN,28570.4164164137
16821,MOZ,SGP,19443008.4538844
16822,MOZ,SHN,504549.548690137
16823,MOZ,SRB,341543.994736376
16824,MOZ,SVK,10631.154478893
16825,MOZ,SVN,16755759.4223844
16826,MOZ,SWE,933797.827182747
16827,MOZ,SWZ,3841897.7211546
16828,MOZ,SYC,1263.61027854534
16829,MOZ,TCD,614447.292405499
16830,MOZ,THA,5887827.42694498
16831,MOZ,TLS,1314.16307621273
16832,MOZ,TUN,11506704.3230543
16833,MOZ,TUR,45344338.4221267
16834,MOZ,TZA,6282107.18262341
16835,MOZ,UGA,26816.326630247
16836,MOZ,UKR,4474403.9280587
16837,MOZ,URY,10.2776048713196
16838,MOZ,USA,28387671.6945441
16839,MOZ,VEN,37106.9498010703
16840,MOZ,VNM,3790797.26212678
16841,MOZ,ZAF,315391424.606012
16842,MOZ,ZMB,25939873.4277834
16843,MOZ,ZWE,71649697.1161455
16844,MRT,AGO,35575928.5768991
16845,MRT,ALB,36514.9597604823
16846,MRT,AND,14483.3700225571
16847,MRT,ARE,1369171.55817866
16848,MRT,ARG,42313.5844288808
16849,MRT,ARM,224197.72818394
16850,MRT,AUS,9275.19580953687
16851,MRT,AUT,121596.398753556
16852,MRT,BDI,23257.5346501381
16853,MRT,BEL,15212111.8180419
16854,MRT,BEN,8149266.3813687
16855,MRT,BFA,1613661.91905978
16856,MRT,BGD,5995.95468192784
16857,MRT,BGR,6565.33399179895
16858,MRT,BHR,19649.4101666469
16859,MRT,BIH,4230.26216503514
16860,MRT,BLR,352590.36445207
16861,MRT,BRA,1425.16120882298
16862,MRT,BRB,842.078425790117
16863,MRT,BWA,1314.16307621273
16864,MRT,CAN,512561.969447818
16865,MRT,CHE,119021515.78332
16866,MRT,CHL,56729.21270221
16867,MRT,CHN,585089125.667819
16868,MRT,CIV,81062872.5590515
16869,MRT,CMR,67166478.1096846
16870,MRT,COG,2469528.24990602
16871,MRT,COL,6863.38453306721
16872,MRT,COM,145.207483011268
16873,MRT,CRI,2190.50018490725
16874,MRT,CYP,149287.006971523
16875,MRT,CZE,19040.9759582647
16876,MRT,DEU,67783739.3719341
16877,MRT,DNK,1028009.8903435
16878,MRT,DOM,109772.020515666
16879,MRT,DZA,39069.9723314923
16880,MRT,EGY,6605742.05963735
16881,MRT,ESP,79768002.9213089
16882,MRT,EST,13897.7061903542
16883,MRT,ETH,825.815829015399
16884,MRT,FIN,98029.1656099623
16885,MRT,FRA,52216102.6290323
16886,MRT,FRO,41.1104194852783
16887,MRT,GAB,591342.551481114
16888,MRT,GBR,3025972.16628608
16889,MRT,GHA,5660315.51377687
16890,MRT,GIN,61241.506733561
16891,MRT,GMB,46207.2612009431
16892,MRT,GRC,8353502.94537157
16893,MRT,GRD,1738.28557056918
16894,MRT,HKG,1576940.19238897
16895,MRT,HRV,75424.601455982
16896,MRT,IDN,58545.3483889848
16897,MRT,IND,1434784.47285083
16898,MRT,IRL,108460.659799715
16899,MRT,ISL,8801.74081179808
16900,MRT,ISR,16444.1677941113
16901,MRT,ITA,125727566.628604
16902,MRT,JOR,1956.17079384116
16903,MRT,JPN,97479825.5740693
16904,MRT,KAZ,262378.345107234
16905,MRT,KOR,3929047.49181382
16906,MRT,LBN,1059154.45897189
16907,MRT,LBR,695924.71795703
16908,MRT,LTU,446680.466701685
16909,MRT,LUX,10139.8849660439
16910,MRT,LVA,90417.6502372337
16911,MRT,MAR,564336.794204442
16912,MRT,MDA,5103.17340543921
16913,MRT,MEX,268272.208914106
16914,MRT,MKD,1371.49840792153
16915,MRT,MLI,764969.667482555
16916,MRT,MNE,21559.6743253961
16917,MRT,MOZ,267359.557601533
16918,MRT,MUS,239.125606672702
16919,MRT,MYS,219236.385725724
16920,MRT,NAM,6017.88023898666
16921,MRT,NCL,11708.2474694073
16922,MRT,NER,1511145.02152376
16923,MRT,NGA,4020170.10695026
16924,MRT,NIC,605.008340091679
16925,MRT,NLD,6247610.059286
16926,MRT,NOR,6427677.06357487
16927,MRT,NZL,4123.37507437341
16928,MRT,PAK,15878.2143525307
16929,MRT,PER,4219.29938650573
16930,MRT,POL,66606.4164763898
16931,MRT,PRT,6795960.70441672
16932,MRT,PYF,82.9060126286446
16933,MRT,RUS,21007635.3904639
16934,MRT,RWA,9724.66972924258
16935,MRT,SAU,141249.234788493
16936,MRT,SDN,1151.34594501494
16937,MRT,SEN,784546.449241444
16938,MRT,SRB,1212.07220115762
16939,MRT,SVK,198.015187187424
16940,MRT,SVN,3938.37818668966
16941,MRT,SWE,1941751.99938036
16942,MRT,SYC,772.644982800456
16943,MRT,SYR,13697.3065988366
16944,MRT,TGO,3313192.39570378
16945,MRT,THA,662866.459301602
16946,MRT,TUN,1493796.42450097
16947,MRT,TUR,453344.465700248
16948,MRT,TZA,524876.595604633
16949,MRT,UGA,28161.3225210737
16950,MRT,UKR,3622607.68427592
16951,MRT,URY,8.22208389705566
16952,MRT,USA,25123487.2580715
16953,MRT,VNM,1720057.89574307
16954,MRT,ZAF,175145.460827764
16955,MRT,ZMB,7523.35339296876
16956,MSR,AIA,328814.15334276
16957,MSR,ATG,63394.3223672734
16958,MSR,AUS,331695.993748678
16959,MSR,AUT,2034.96576452128
16960,MSR,BEL,17146.4707936515
16961,MSR,BGD,140.460599908034
16962,MSR,BRB,977.057636433448
16963,MSR,CAN,41559.2082313259
16964,MSR,CHN,91369.2776533472
16965,MSR,CZE,2127.46420836315
16966,MSR,DEU,32253.2268841575
16967,MSR,DMA,261042.94164762
16968,MSR,DNK,21036.886824275
16969,MSR,FIN,302.846756874884
16970,MSR,FRA,91124.6706574098
16971,MSR,GBR,288467.702486249
16972,MSR,HRV,5003.13805135837
16973,MSR,IDN,861840.889610349
16974,MSR,IND,1247.7012313782
16975,MSR,ITA,2848.84586841278
16976,MSR,KAZ,30.1476409558708
16977,MSR,KNA,250823.576537238
16978,MSR,KOR,45237.2204279422
16979,MSR,LBN,4474.86916097254
16980,MSR,LCA,9456.76682893019
16981,MSR,MEX,836625.813819053
16982,MSR,NIC,71.943234099237
16983,MSR,NLD,226508.133759012
16984,MSR,NZL,169280.37431453
16985,MSR,PAK,4927.76894896869
16986,MSR,PER,450.159093363797
16987,MSR,POL,1997.96638698453
16988,MSR,SDN,52660.2527494147
16989,MSR,SRB,335.735092463106
16990,MSR,SVN,45.2214614338061
16991,MSR,THA,7131.9726070377
16992,MSR,TTO,329264.312436123
16993,MSR,TUR,4078.8387865977
16994,MSR,USA,672201.265219392
16995,MSR,VCT,6856.53279648633
16996,MSR,VEN,3213.46445643259
16997,MSR,YEM,271.328768602837
16998,MSR,ZAF,1283.33026159877
16999,MUS,AGO,5586721.01116164
17000,MUS,ALB,3247.0379656789
17001,MUS,AND,157179.262658222
17002,MUS,ARE,3958454.4600453
17003,MUS,ARG,101116.558113307
17004,MUS,ARM,17251.987536997
17005,MUS,AUS,3792746.58118404
17006,MUS,AUT,9447817.09060824
17007,MUS,BDI,133702.732118313
17008,MUS,BEL,64147472.1039803
17009,MUS,BEN,3075533.51767021
17010,MUS,BFA,101678.487529993
17011,MUS,BGD,1470747.18264289
17012,MUS,BGR,609525.690019453
17013,MUS,BHR,127837.645605079
17014,MUS,BHS,62782.4622906008
17015,MUS,BIH,109717.543043285
17016,MUS,BLR,128470.060891495
17017,MUS,BLZ,177.415441157009
17018,MUS,BMU,2592.0119485468
17019,MUS,BOL,6692.09111854522
17020,MUS,BRA,521193.102018752
17021,MUS,BRB,942004.152085667
17022,MUS,BRN,18914.9040051765
17023,MUS,BWA,5147463.71587168
17024,MUS,CAN,5398826.52407783
17025,MUS,CHE,16332587.9490654
17026,MUS,CHL,392965.880375157
17027,MUS,CHN,4359113.18248053
17028,MUS,CIV,1153549.10309801
17029,MUS,CMR,1308380.89571213
17030,MUS,COG,399582.999792034
17031,MUS,COL,126426.873043076
17032,MUS,COM,2691198.60953536
17033,MUS,CPV,37670.8477216767
17034,MUS,CRI,100073.723805697
17035,MUS,CYP,61149.6934633772
17036,MUS,CZE,12766348.131293
17037,MUS,DEU,38899297.784318
17038,MUS,DJI,20190.6973565364
17039,MUS,DNK,1944356.34445475
17040,MUS,DOM,8705.70824222779
17041,MUS,DZA,27001.3235179308
17042,MUS,EGY,291956.431348777
17043,MUS,ERI,6749.64570582461
17044,MUS,ESP,54909018.7318584
17045,MUS,EST,147430.988011285
17046,MUS,ETH,454314.671600101
17047,MUS,FIN,1592153.78829316
17048,MUS,FJI,195740.410642572
17049,MUS,FRA,251025145.72019
17050,MUS,FRO,7066.88110951934
17051,MUS,GAB,59790.3089257307
17052,MUS,GBR,363159372.309827
17053,MUS,GEO,52352.0636935277
17054,MUS,GHA,2999727.95966033
17055,MUS,GIN,430.289057279246
17056,MUS,GMB,218159.977908868
17057,MUS,GRC,1498350.77380628
17058,MUS,GRL,8868.23006357894
17059,MUS,GUY,15866.5664003432
17060,MUS,HKG,8107633.85955596
17061,MUS,HRV,1150165.39080206
17062,MUS,HUN,147312.336488914
17063,MUS,IDN,6049806.59075892
17064,MUS,IND,7076875.73766987
17065,MUS,IRL,7320300.36436937
17066,MUS,IRN,5881.53068102715
17067,MUS,ISL,129466.988564013
17068,MUS,ISR,391483.561979776
17069,MUS,ITA,72671526.1542696
17070,MUS,JOR,10024.090617827
17071,MUS,JPN,6894073.46121297
17072,MUS,KAZ,100929.505704649
17073,MUS,KEN,11360189.5287034
17074,MUS,KGZ,4347.42686056818
17075,MUS,KOR,2515767.87939574
17076,MUS,KWT,27046.5449793646
17077,MUS,LBN,681524.423184995
17078,MUS,LBR,16838.1426475119
17079,MUS,LKA,1513617.12808214
17080,MUS,LSO,418484.200324049
17081,MUS,LTU,11.6479521874955
17082,MUS,LUX,222032.579424381
17083,MUS,LVA,22323.6429541642
17084,MUS,MAC,22307.6085202176
17085,MUS,MAR,642373.06113018
17086,MUS,MDA,41392.0258587525
17087,MUS,MDG,100591156.356074
17088,MUS,MDV,186204.848842961
17089,MUS,MEX,3748594.67583051
17090,MUS,MKD,100040.698435377
17091,MUS,MLI,147281.5036743
17092,MUS,MLT,903618.668238605
17093,MUS,MNE,77985.7805899149
17094,MUS,MOZ,20158300.9756346
17095,MUS,MRT,348.06821830869
17096,MUS,MWI,4914333.16013685
17097,MUS,MYS,16021233.390878
17098,MUS,NAM,1446844.89958049
17099,MUS,NCL,356691.813969385
17100,MUS,NER,6827.07032918855
17101,MUS,NGA,496332.261008688
17102,MUS,NIC,24514.8283127295
17103,MUS,NIU,2261.75824534839
17104,MUS,NLD,24462875.7052787
17105,MUS,NOR,1821738.81906542
17106,MUS,NZL,362946.76429407
17107,MUS,OMN,474129.208618347
17108,MUS,PAK,651646.740650411
17109,MUS,PAN,1687861.58554952
17110,MUS,PER,245747.810078122
17111,MUS,PHL,3625087.32774454
17112,MUS,POL,7773196.48600127
17113,MUS,PRT,30165948.1108412
17114,MUS,PRY,4189.83691920795
17115,MUS,PYF,45797.6924802581
17116,MUS,QAT,20827.2236849001
17117,MUS,ROU,3890531.82497172
17118,MUS,RUS,6189177.07937694
17119,MUS,RWA,1722634.83387114
17120,MUS,SAU,7773454.79647037
17121,MUS,SDN,263913.619204301
17122,MUS,SEN,1810934.53353625
17123,MUS,SGP,6951623.25227676
17124,MUS,SLE,13561.6422145352
17125,MUS,SLV,334285.532220319
17126,MUS,SRB,418405.405353368
17127,MUS,SVK,562779.032022743
17128,MUS,SVN,2001284.68301065
17129,MUS,SWE,1073975.45036999
17130,MUS,SWZ,369563.716528575
17131,MUS,SYC,95294147.1665423
17132,MUS,TGO,268177.65494929
17133,MUS,THA,4836863.53388187
17134,MUS,TTO,2761.24984209453
17135,MUS,TUN,1003443.67400642
17136,MUS,TUR,4658713.58656339
17137,MUS,TZA,2676470.56468467
17138,MUS,UGA,4981539.32213446
17139,MUS,UKR,322890.827068589
17140,MUS,URY,177890.266502064
17141,MUS,USA,121562157.885167
17142,MUS,VEN,477983.310445092
17143,MUS,VNM,1410922.61503425
17144,MUS,VUT,705877.550514416
17145,MUS,YEM,5469.74131251628
17146,MUS,ZAF,54990082.3125204
17147,MUS,ZMB,8350909.21500748
17148,MUS,ZWE,29703795.5664728
17149,MWI,AGO,72433.3847235024
17150,MWI,ALB,19615.3309992409
17151,MWI,AND,18827.0284280058
17152,MWI,ARE,1633197.43349441
17153,MWI,ARG,2820688.65693366
17154,MWI,ARM,211770.160056846
17155,MWI,AUS,2035091.47812854
17156,MWI,AUT,1141523.98062625
17157,MWI,BDI,3077404.98112988
17158,MWI,BEL,142732650.87387
17159,MWI,BGD,2533598.83867382
17160,MWI,BGR,1073327.97496657
17161,MWI,BHR,4755.79036078861
17162,MWI,BIH,1266800.4470974
17163,MWI,BLR,632552.321146815
17164,MWI,BOL,469.125385393331
17165,MWI,BRA,3361469.50348983
17166,MWI,BRN,32249.7537388847
17167,MWI,BWA,3159864.57091712
17168,MWI,CAN,7535793.49155171
17169,MWI,CHE,36028039.8129208
17170,MWI,CHL,191644.768657183
17171,MWI,CHN,21282789.5500617
17172,MWI,CIV,62550.2336419705
17173,MWI,CMR,3575.23614790304
17174,MWI,COD,3042088.27635857
17175,MWI,COG,662560.473764199
17176,MWI,COL,77146.4428587571
17177,MWI,CRI,362498.66072168
17178,MWI,CZE,1971083.59850944
17179,MWI,DEU,80038153.4913259
17180,MWI,DNK,3603667.73648837
17181,MWI,DOM,173411.53296166
17182,MWI,DZA,1000608.56792537
17183,MWI,ECU,72.8113491240345
17184,MWI,EGY,50141752.1795852
17185,MWI,ESP,5224277.84402487
17186,MWI,ETH,46947.4145637034
17187,MWI,FIN,1006371.42104743
17188,MWI,FJI,144755.953570588
17189,MWI,FRA,6953649.31078372
17190,MWI,FRO,1140.81414071647
17191,MWI,GAB,58955.0822365214
17192,MWI,GBR,34550185.9193384
17193,MWI,GEO,178191.016627545
17194,MWI,GHA,80554.9426821381
17195,MWI,GIN,1087.28631902567
17196,MWI,GMB,384878.880520314
17197,MWI,GRC,8692839.99575524
17198,MWI,GTM,487905.995361522
17199,MWI,HKG,202586.777517493
17200,MWI,HRV,1861221.95933482
17201,MWI,HUN,645433.585918869
17202,MWI,IDN,2936519.3193544
17203,MWI,IND,56821943.419922
17204,MWI,IRL,3451680.80682819
17205,MWI,ISL,127130.838273911
17206,MWI,ISR,452899.787996149
17207,MWI,ITA,2107247.68681144
17208,MWI,JOR,131046.313845905
17209,MWI,JPN,26264310.9912192
17210,MWI,KAZ,1802157.45897614
17211,MWI,KEN,9415021.43914592
17212,MWI,KOR,21417992.0608557
17213,MWI,LBN,953.076558400369
17214,MWI,LBR,4204.81618572107
17215,MWI,LBY,847916.105357027
17216,MWI,LCA,468.658782132173
17217,MWI,LKA,216262.732049623
17218,MWI,LTU,4452081.42454833
17219,MWI,LUX,520021.820260981
17220,MWI,LVA,103720.546897397
17221,MWI,MAR,1979878.41564143
17222,MWI,MDA,478.251213345404
17223,MWI,MDG,7.34643196201923
17224,MWI,MEX,4464945.79088246
17225,MWI,MKD,682298.011651923
17226,MWI,MMR,79403.0595609752
17227,MWI,MOZ,44517759.5474114
17228,MWI,MRT,98594.7990754446
17229,MWI,MUS,339154.794190623
17230,MWI,MYS,6519837.09055459
17231,MWI,NAM,5768334.51132175
17232,MWI,NCL,2432.3664862123
17233,MWI,NER,1146244.59211591
17234,MWI,NGA,12035.7604779733
17235,MWI,NIC,240.495953988878
17236,MWI,NLD,42767025.5040668
17237,MWI,NOR,154918.072421837
17238,MWI,NZL,351900.221914614
17239,MWI,PAK,7222874.59625623
17240,MWI,PHL,18392380.6624817
17241,MWI,POL,19148721.57152
17242,MWI,PRT,19639395.608165
17243,MWI,PYF,100.035354080844
17244,MWI,ROU,4235521.32507558
17245,MWI,RUS,48592783.7344993
17246,MWI,RWA,1560795.44548344
17247,MWI,SAU,336769.019513161
17248,MWI,SDN,956.162580556397
17249,MWI,SEN,139481.486750626
17250,MWI,SGP,715569.625162396
17251,MWI,SLE,1072.75104504299
17252,MWI,SLV,1946.58521436451
17253,MWI,SRB,1066770.8493552
17254,MWI,SUR,728.112120893029
17255,MWI,SVK,5781.4953269463
17256,MWI,SVN,628.30424446667
17257,MWI,SWE,1395084.82592755
17258,MWI,SWZ,7135813.18490678
17259,MWI,SYC,245528.325659532
17260,MWI,THA,2955625.38681019
17261,MWI,TTO,78136.0994684155
17262,MWI,TUN,2261447.86168128
17263,MWI,TUR,20589172.4305233
17264,MWI,TZA,8866531.83257525
17265,MWI,UGA,1960811.73196751
17266,MWI,UKR,15380848.1644719
17267,MWI,USA,47641580.4408801
17268,MWI,UZB,123412.200760759
17269,MWI,VGB,4620047.15273922
17270,MWI,VNM,395640.022719751
17271,MWI,ZAF,85292617.095258
17272,MWI,ZMB,15801884.0446823
17273,MWI,ZWE,24549240.3457207
17274,MYS,ABW,213882.438761425
17275,MYS,AFG,16082571.5070973
17276,MYS,AGO,75575819.282322
17277,MYS,AIA,276305.18488153
17278,MYS,ALB,3704884.70748644
17279,MYS,AND,545730.726744259
17280,MYS,ARE,1952908941.05065
17281,MYS,ARG,195164874.362209
17282,MYS,ARM,7153559.68830942
17283,MYS,ATG,419788.770969048
17284,MYS,AUS,4084680945.14481
17285,MYS,AUT,203299058.015842
17286,MYS,AZE,28349088.8806835
17287,MYS,BDI,912832.198418914
17288,MYS,BEL,445517025.386084
17289,MYS,BEN,204590732.322249
17290,MYS,BFA,14259081.1957391
17291,MYS,BGD,691501483.482931
17292,MYS,BGR,40146286.964731
17293,MYS,BHR,65407901.1212311
17294,MYS,BHS,1639500.65841435
17295,MYS,BIH,7380891.40080545
17296,MYS,BLR,34386741.8610952
17297,MYS,BLZ,1159606.39863685
17298,MYS,BMU,168033.35825681
17299,MYS,BOL,4364870.01155578
17300,MYS,BRA,871922820.53287
17301,MYS,BRB,2996052.00298469
17302,MYS,BRN,318262462.564037
17303,MYS,BTN,5297144.01252294
17304,MYS,BWA,4899286.28000198
17305,MYS,CAF,2093969.49408752
17306,MYS,CAN,1395064445.43709
17307,MYS,CHE,448013523.153061
17308,MYS,CHL,100963503.842733
17309,MYS,CHN,22152137701.0765
17310,MYS,CIV,18871444.1252177
17311,MYS,CMR,22669637.8369835
17312,MYS,COD,7464082.44567586
17313,MYS,COG,24280278.2957455
17314,MYS,COK,101914.100251321
17315,MYS,COL,73775993.4693044
17316,MYS,COM,2430413.3706078
17317,MYS,CPV,400542.928087015
17318,MYS,CRI,25453928.0136786
17319,MYS,CUB,1952222.1380496
17320,MYS,CYM,116511.725036885
17321,MYS,CYP,14433617.5077224
17322,MYS,CZE,514945127.44708
17323,MYS,DEU,3885543076.9622
17324,MYS,DJI,100468702.438506
17325,MYS,DMA,616547.349667539
17326,MYS,DNK,153537309.780884
17327,MYS,DOM,16998544.3442349
17328,MYS,DZA,105527543.052746
17329,MYS,ECU,8931620.96007792
17330,MYS,EGY,554697773.237982
17331,MYS,ERI,32097.6451867891
17332,MYS,ESP,451014098.234711
17333,MYS,EST,27075978.2308576
17334,MYS,ETH,146956985.940065
17335,MYS,FIN,305840422.418017
17336,MYS,FJI,21539413.7403265
17337,MYS,FRA,1260813036.53099
17338,MYS,FRO,718177.788024411
17339,MYS,FSM,109104.312619296
17340,MYS,GAB,7982215.56213759
17341,MYS,GBR,1939885298.56279
17342,MYS,GEO,4103842.14372864
17343,MYS,GHA,74336960.9021751
17344,MYS,GIB,1718.41553448463
17345,MYS,GIN,8157352.80088146
17346,MYS,GMB,14241729.8285592
17347,MYS,GNB,1987693.57832881
17348,MYS,GNQ,3241786.79476331
17349,MYS,GRC,103512017.035252
17350,MYS,GRD,207417.825297365
17351,MYS,GRL,232219.481006843
17352,MYS,GTM,27477883.0375144
17353,MYS,GUY,3822720.87320441
17354,MYS,HKG,6019145499.84854
17355,MYS,HND,10624919.3986044
17356,MYS,HRV,38996386.7361346
17357,MYS,HTI,30329219.5121743
17358,MYS,HUN,272220179.532009
17359,MYS,IDN,3897563403.87885
17360,MYS,IND,3419200897.77617
17361,MYS,IRL,272265458.956394
17362,MYS,IRN,467386647.608147
17363,MYS,IRQ,106285819.258763
17364,MYS,ISL,3464112.62851335
17365,MYS,ISR,46946043.5312136
17366,MYS,ITA,643961350.319785
17367,MYS,JAM,9898942.27882994
17368,MYS,JOR,102709216.189412
17369,MYS,JPN,11444355969.6642
17370,MYS,KAZ,47282626.1834917
17371,MYS,KEN,51998915.5977179
17372,MYS,KGZ,1198437.24536167
17373,MYS,KHM,105487526.170419
17374,MYS,KIR,682667.978020344
17375,MYS,KNA,208090.665829607
17376,MYS,KOR,5189545657.47541
17377,MYS,KWT,111695674.338042
17378,MYS,LAO,4695360.09966623
17379,MYS,LBN,85279819.3778211
17380,MYS,LBR,8216103.70136787
17381,MYS,LBY,105599550.69317
17382,MYS,LCA,228857.594232596
17383,MYS,LKA,229039334.489883
17384,MYS,LSO,587605.614349903
17385,MYS,LTU,8225206.91858923
17386,MYS,LUX,40252376.5132547
17387,MYS,LVA,17691604.5484575
17388,MYS,MAC,38217883.5788528
17389,MYS,MAR,56457524.838204
17390,MYS,MDA,5024435.30417272
17391,MYS,MDG,46387035.0098313
17392,MYS,MDV,49590698.0570849
17393,MYS,MEX,2765047803.53242
17394,MYS,MHL,815063.398799025
17395,MYS,MKD,9714244.3666719
17396,MYS,MLI,350547.176603652
17397,MYS,MLT,18006083.4985257
17398,MYS,MMR,144899330.954758
17399,MYS,MNE,2166423.86773569
17400,MYS,MNG,6686091.05282134
17401,MYS,MNP,284549.194335644
17402,MYS,MOZ,31705359.9716294
17403,MYS,MRT,48323431.0067264
17404,MYS,MSR,7187.47167334282
17405,MYS,MUS,91539221.2757628
17406,MYS,MWI,6662195.77771512
17407,MYS,NAM,6775980.35537322
17408,MYS,NCL,33910098.7503254
17409,MYS,NER,14405727.5139699
17410,MYS,NGA,166596640.90907
17411,MYS,NIC,7983418.72708119
17412,MYS,NLD,4118711676.93972
17413,MYS,NOR,196073200.792876
17414,MYS,NPL,43256007.2220715
17415,MYS,NRU,42190.2531704249
17416,MYS,NZL,472694555.698839
17417,MYS,OMN,315660035.975887
17418,MYS,PAK,1118764066.3636
17419,MYS,PAN,52514821.2146172
17420,MYS,PER,83646933.3859019
17421,MYS,PHL,1355127859.98146
17422,MYS,PLW,165613.324896444
17423,MYS,PNG,89054338.9693526
17424,MYS,POL,370109506.679745
17425,MYS,PRK,7525279.41612165
17426,MYS,PRT,86566539.8786801
17427,MYS,PRY,24034843.6100292
17428,MYS,PSE,3010996.529823
17429,MYS,PYF,5592943.07315073
17430,MYS,QAT,372961007.596083
17431,MYS,ROU,49641464.0807947
17432,MYS,RUS,779403699.52034
17433,MYS,RWA,2595190.46914667
17434,MYS,SAU,625616307.520817
17435,MYS,SDN,33531730.2158701
17436,MYS,SEN,9727639.95705039
17437,MYS,SGP,19548295275.5611
17438,MYS,SHN,44745.9509150931
17439,MYS,SLB,8081969.99501862
17440,MYS,SLE,33310719.7970085
17441,MYS,SLV,16420403.8133518
17442,MYS,SOM,7809452.450119
17443,MYS,SRB,41272761.791131
17444,MYS,STP,3567566.99914806
17445,MYS,SUR,2713318.51884298
17446,MYS,SVK,154635259.45755
17447,MYS,SVN,38620551.8553319
17448,MYS,SWE,201868490.786857
17449,MYS,SWZ,4084681.4603954
17450,MYS,SYC,49547436.2080722
17451,MYS,SYR,176768243.248921
17452,MYS,TCA,3455.33075773764
17453,MYS,TCD,192432.392221323
17454,MYS,TGO,73440130.9345409
17455,MYS,THA,5875583625.81885
17456,MYS,TJK,876324.77556867
17457,MYS,TKL,34322.4040546008
17458,MYS,TKM,141069052.616105
17459,MYS,TLS,5608547.90321369
17460,MYS,TON,412869.202196018
17461,MYS,TTO,16204498.1595541
17462,MYS,TUN,49171258.0395078
17463,MYS,TUR,658409438.914422
17464,MYS,TUV,748475.482011403
17465,MYS,TZA,46460315.7029111
17466,MYS,UGA,52683562.3572628
17467,MYS,UKR,322370468.508086
17468,MYS,URY,11933115.2974288
17469,MYS,USA,16367700002.0574
17470,MYS,UZB,25496189.5249094
17471,MYS,VAT,128256.971883829
17472,MYS,VCT,394355.809954481
17473,MYS,VEN,65844663.0140583
17474,MYS,VGB,4864917.28413862
17475,MYS,VNM,1716178299.28968
17476,MYS,VUT,1138383.82975123
17477,MYS,WLF,9840.46407745945
17478,MYS,WSM,1710918.36431783
17479,MYS,YEM,142535646.961206
17480,MYS,ZAF,593228052.093513
17481,MYS,ZMB,6751029.6798745
17482,MYS,ZWE,3020621.64519007
17483,NAM,AGO,563991630.43727
17484,NAM,AIA,6906.55047352676
17485,NAM,ALB,22114.6649884474
17486,NAM,AND,208995.095058284
17487,NAM,ARE,2000191.14585234
17488,NAM,ARG,13102.5758636163
17489,NAM,ARM,28220.2474556693
17490,NAM,ATG,98579.3600574069
17491,NAM,AUS,5418731.50401894
17492,NAM,AUT,1208299.63499619
17493,NAM,AZE,1469.6974965987
17494,NAM,BEL,38344323.4099001
17495,NAM,BEN,17253.3578843132
17496,NAM,BGD,22851.2266708919
17497,NAM,BGR,1629745.84104415
17498,NAM,BHS,6995830.65669659
17499,NAM,BIH,2511.8466305505
17500,NAM,BLR,136075.488496271
17501,NAM,BLZ,100460.161748858
17502,NAM,BOL,17844.6627512431
17503,NAM,BRA,37109.0053220445
17504,NAM,BRB,24173.6118310017
17505,NAM,BTN,55007.1116186185
17506,NAM,BWA,34618533.3689318
17507,NAM,CAF,1786493.7039786
17508,NAM,CAN,174292274.366628
17509,NAM,CHE,20483045.882622
17510,NAM,CHL,3457.79053117018
17511,NAM,CHN,214035244.820305
17512,NAM,CIV,19585.5142971619
17513,NAM,CMR,7663645.4401569
17514,NAM,COD,44806834.7611771
17515,NAM,COG,43842813.9239361
17516,NAM,COL,537184.370024867
17517,NAM,CRI,13139.575241153
17518,NAM,CUB,117061.234310672
17519,NAM,CYP,2047095.39379041
17520,NAM,CZE,1406301.11871045
17521,NAM,DEU,115522521.018002
17522,NAM,DJI,3998.6734686014
17523,NAM,DNK,3916717.10666287
17524,NAM,DOM,90994.4054415341
17525,NAM,DZA,89843.3959167853
17526,NAM,ECU,139954.941748365
17527,NAM,EGY,56273.1556339974
17528,NAM,ESP,199218048.599096
17529,NAM,EST,84012.9928941247
17530,NAM,ETH,203809.039621294
17531,NAM,FIN,500021.235983833
17532,NAM,FJI,364374.666197525
17533,NAM,FRA,101843009.373253
17534,NAM,FRO,7114.8432655855
17535,NAM,GAB,1423440.05259386
17536,NAM,GBR,417119703.705739
17537,NAM,GHA,24400864.0633534
17538,NAM,GIN,3113.42910235174
17539,NAM,GRC,1608641.12202773
17540,NAM,GRL,3473.5152666233
17541,NAM,GTM,960.613468639336
17542,NAM,GUY,128187.769344362
17543,NAM,HKG,1436103.43214265
17544,NAM,HRV,302323.284200104
17545,NAM,HUN,283185.698756049
17546,NAM,IDN,13602623.8213728
17547,NAM,IND,28611088.3247578
17548,NAM,IRL,1337822.80780017
17549,NAM,IRN,43434.5285335127
17550,NAM,IRQ,1960.96700944778
17551,NAM,ISL,14773.0292420348
17552,NAM,ISR,17318272.6070278
17553,NAM,ITA,48302044.6813365
17554,NAM,JAM,16364.002476115
17555,NAM,JOR,767971.413278638
17556,NAM,JPN,29144450.1109442
17557,NAM,KAZ,18418.8382767209
17558,NAM,KEN,85486636.9909939
17559,NAM,KHM,75475.3043066805
17560,NAM,KOR,4799053.5959076
17561,NAM,KWT,1824.61745148827
17562,NAM,LBN,58367.88841154
17563,NAM,LBR,166303.294770138
17564,NAM,LBY,945229.264494287
17565,NAM,LSO,1041775.02913449
17566,NAM,LTU,871328.489253893
17567,NAM,LUX,169028.230408354
17568,NAM,LVA,28962.9757010367
17569,NAM,MAC,13005.9663778259
17570,NAM,MAR,600074.404579788
17571,NAM,MDA,2145.96389713153
17572,NAM,MDG,14936.7857463178
17573,NAM,MEX,308881.081281664
17574,NAM,MHL,896042.703101126
17575,NAM,MLI,12246.1087910063
17576,NAM,MLT,2536224.42413162
17577,NAM,MMR,30146.9557822127
17578,NAM,MNE,1574.52906628616
17579,NAM,MOZ,10781058.8273304
17580,NAM,MRT,20304.436183779
17581,NAM,MUS,770993.029110806
17582,NAM,MWI,2154736.17547603
17583,NAM,MYS,169870894.657622
17584,NAM,NCL,14278.3338608952
17585,NAM,NER,38867.8461023564
17586,NAM,NGA,12286566.9251691
17587,NAM,NIC,145066.337237702
17588,NAM,NLD,97589425.952417
17589,NAM,NOR,14460340.5054783
17590,NAM,NZL,227906.57319517
17591,NAM,OMN,65.0914975183573
17592,NAM,PAK,65368.9928498829
17593,NAM,PAN,1382631.10951814
17594,NAM,PER,38863.7350604078
17595,NAM,PHL,327868.613694598
17596,NAM,POL,5151428.81583103
17597,NAM,PRT,39256527.3040746
17598,NAM,PSE,205128.943767588
17599,NAM,PYF,9314.93588170597
17600,NAM,ROU,113570.274522714
17601,NAM,RUS,5602595.11447222
17602,NAM,RWA,11066.9249254369
17603,NAM,SAU,803823.124938091
17604,NAM,SDN,49043.4758929691
17605,NAM,SEN,49776.495912775
17606,NAM,SGP,244315.11195906
17607,NAM,SHN,108588.376854756
17608,NAM,SLB,539.682513182256
17609,NAM,SLV,390.103622232387
17610,NAM,SOM,22325.0133014804
17611,NAM,SRB,365013.248046863
17612,NAM,SUR,13837.0820250866
17613,NAM,SVK,1329872.73784537
17614,NAM,SVN,142461.306989651
17615,NAM,SWE,19552990.4739597
17616,NAM,SWZ,3313455.95939931
17617,NAM,SYC,288357.3244358
17618,NAM,SYR,93567.3147484934
17619,NAM,TGO,8042.56839863661
17620,NAM,THA,1632426.92556825
17621,NAM,TLS,69.8877131249731
17622,NAM,TTO,1062.70434369444
17623,NAM,TUN,52.7583716727738
17624,NAM,TUR,96789.6864624811
17625,NAM,TZA,1379275.81411449
17626,NAM,UGA,52532.2643656048
17627,NAM,UKR,960087.255269925
17628,NAM,URY,757928.822972043
17629,NAM,USA,225618322.710331
17630,NAM,VAT,106900.794134885
17631,NAM,VCT,353444.776003706
17632,NAM,VEN,31596.7832427268
17633,NAM,VNM,6279049.25258736
17634,NAM,VUT,789050.780869715
17635,NAM,ZAF,1360521475.75987
17636,NAM,ZMB,42199562.6249174
17637,NAM,ZWE,7506487.15820127
17638,NCL,AGO,126126.766980834
17639,NCL,ARE,140638.745059137
17640,NCL,ARG,118953.683954311
17641,NCL,AUS,116661384.778327
17642,NCL,AUT,2937356.60156459
17643,NCL,BEL,34321696.9553856
17644,NCL,BGD,39419.4108971172
17645,NCL,BGR,155711.880363414
17646,NCL,BIH,17826.1630624748
17647,NCL,BOL,1662.23129452142
17648,NCL,BRA,2135094.98739328
17649,NCL,CAN,3478247.07590605
17650,NCL,CHE,3802650.7664117
17651,NCL,CHL,9118.21567273234
17652,NCL,CHN,166883201.773266
17653,NCL,CIV,713.265778069579
17654,NCL,CMR,262.421511047693
17655,NCL,COL,7787.68379782789
17656,NCL,CRI,54486.3796384717
17657,NCL,CZE,2288983.62065252
17658,NCL,DEU,49064878.6625267
17659,NCL,DNK,2443910.97717742
17660,NCL,DOM,19004.0697643455
17661,NCL,ESP,55472587.0839352
17662,NCL,FIN,3735412.61982255
17663,NCL,FJI,416440.327301972
17664,NCL,FRA,390738639.123182
17665,NCL,FRO,474.140171396876
17666,NCL,GBR,22071957.4291651
17667,NCL,GRD,189.10792963228
17668,NCL,GTM,6019.93575996092
17669,NCL,HKG,4101444.03592533
17670,NCL,HRV,43638.7102836229
17671,NCL,HUN,5489984.76824449
17672,NCL,IDN,3853811.31311381
17673,NCL,IND,7164151.7878898
17674,NCL,IRL,1651108.18535602
17675,NCL,ISR,761407.449634156
17676,NCL,ITA,60659675.0776278
17677,NCL,JPN,132084200.51453
17678,NCL,KEN,3180.57612084436
17679,NCL,KHM,21211.6061070874
17680,NCL,KOR,99789954.3389841
17681,NCL,LKA,138672.981834083
17682,NCL,LUX,2458277.01326655
17683,NCL,MAR,88438.1047440469
17684,NCL,MDG,398379.463484309
17685,NCL,MEX,1932184.23441882
17686,NCL,MHL,1159.31382948485
17687,NCL,MLI,4717.42063593568
17688,NCL,MUS,41296.7867202782
17689,NCL,MYS,10914099.681695
17690,NCL,NAM,13288.9430986162
17691,NCL,NGA,7786.31345051171
17692,NCL,NIC,1390.90252591858
17693,NCL,NLD,18561287.9357583
17694,NCL,NOR,2417997.02425488
17695,NCL,NZL,11623807.3529582
17696,NCL,PAK,123608.068613702
17697,NCL,PER,105115.231581908
17698,NCL,PHL,1086536.05387006
17699,NCL,PLW,53479.8595347405
17700,NCL,PNG,72555.0941759096
17701,NCL,POL,3722438.171433
17702,NCL,PRT,2560733.08588142
17703,NCL,PYF,1661563.93537844
17704,NCL,QAT,43610.6181636413
17705,NCL,ROU,4468035.23890677
17706,NCL,RUS,88941.7073827415
17707,NCL,SAU,24124.2793276194
17708,NCL,SDN,40.4252458271903
17709,NCL,SGP,8552523.96748906
17710,NCL,SLB,10342.0111951798
17711,NCL,SLV,5756.33575022132
17712,NCL,SRB,15479.4432835235
17713,NCL,SVK,1712003.67939225
17714,NCL,SVN,192815.404296194
17715,NCL,SWE,4906949.26219403
17716,NCL,SYC,5845.96126091483
17717,NCL,TGO,15029.2841901597
17718,NCL,THA,27544618.2666385
17719,NCL,TON,6985.34544420687
17720,NCL,TUN,280508.725273899
17721,NCL,TUR,2331905.63928978
17722,NCL,TZA,48338.3164044483
17723,NCL,UGA,1233.31258455835
17724,NCL,USA,70783909.3069737
17725,NCL,VCT,69.2025394668851
17726,NCL,VEN,63117.5122094059
17727,NCL,VNM,1059640.24709547
17728,NCL,VUT,1938399.44467133
17729,NCL,WLF,3247671.06613897
17730,NCL,WSM,522.787501121122
17731,NCL,YEM,32456.6761836272
17732,NCL,ZAF,17950750.9294195
17733,NER,AGO,43546.8970134391
17734,NER,AND,6202.80792413094
17735,NER,ARE,255749.289965232
17736,NER,ARG,95.2391384742281
17737,NER,ARM,2254.22133510943
17738,NER,AUS,1786488.22258933
17739,NER,AUT,77520.5476760731
17740,NER,BDI,4937.36138018192
17741,NER,BEL,860751.463493989
17742,NER,BEN,1701219.7311876
17743,NER,BFA,2063619.72690251
17744,NER,BGD,125677.978234786
17745,NER,BGR,35616.0119210709
17746,NER,BIH,196.644839871248
17747,NER,BOL,1537.52968874941
17748,NER,BRA,2189728.67936824
17749,NER,BWA,2499.51350470492
17750,NER,CAF,38934.3079471909
17751,NER,CAN,682398.704772715
17752,NER,CHE,44661538.6180648
17753,NER,CHN,2098795.17216144
17754,NER,CIV,7871223.59609026
17755,NER,CMR,2188161.68721219
17756,NER,COD,10254.3089669446
17757,NER,COG,4771.54935492463
17758,NER,COL,54000.5915148873
17759,NER,CZE,100608.844432664
17760,NER,DEU,2596788.29411733
17761,NER,DNK,15696.6433331373
17762,NER,DOM,33.5940644560533
17763,NER,DZA,124965.397630375
17764,NER,EGY,451075.855718319
17765,NER,ERI,1158.62865582676
17766,NER,ESP,9219517.22773333
17767,NER,ETH,6919.91341538045
17768,NER,FIN,48863.1594265437
17769,NER,FRA,208603775.937982
17770,NER,GAB,121362.754536148
17771,NER,GBR,322735.292648203
17772,NER,GHA,16504230.802153
17773,NER,GIN,815.356653124686
17774,NER,GNQ,1086.00024806944
17775,NER,GRC,658772.546694526
17776,NER,HKG,2274.77654485207
17777,NER,HRV,714.636125385754
17778,NER,HUN,13258.1102840023
17779,NER,IDN,129354.620084086
17780,NER,IND,214610.093186315
17781,NER,IRL,378232.323987564
17782,NER,ISR,1136.70309876794
17783,NER,ITA,619255.155964302
17784,NER,JPN,390108.418447993
17785,NER,KEN,17876.1807395152
17786,NER,KOR,88773.83983651
17787,NER,LBN,83511.0209687363
17788,NER,LBY,2686899.59293443
17789,NER,LUX,88311.3476173006
17790,NER,LVA,11955.4053668737
17791,NER,MAC,205.957035058322
17792,NER,MAR,60148.333402465
17793,NER,MDA,335.049918805018
17794,NER,MEX,234893.288986693
17795,NER,MKD,17.7871081639637
17796,NER,MLI,346849.979544609
17797,NER,MLT,143.201294540386
17798,NER,MRT,4681.79160571511
17799,NER,MUS,20412.0084480988
17800,NER,MWI,142899.174067589
17801,NER,MYS,1560922.20261019
17802,NER,NAM,857.837419926141
17803,NER,NCL,687.914352720324
17804,NER,NGA,95277412.9599425
17805,NER,NLD,530132.562735825
17806,NER,NOR,2119.58950751075
17807,NER,NRU,4889.39922411577
17808,NER,NZL,179165.374679766
17809,NER,PAK,34327.8854438655
17810,NER,PER,2595.43781683724
17811,NER,PHL,118969.442948447
17812,NER,POL,231381.773988992
17813,NER,PRK,2165811.32248536
17814,NER,PRT,114185.560467677
17815,NER,PRY,769277.354270954
17816,NER,PSE,4466.48400574486
17817,NER,RUS,270182.473072856
17818,NER,RWA,132770.895943313
17819,NER,SAU,40987.7734004806
17820,NER,SDN,132395.667441198
17821,NER,SEN,37320.7239823937
17822,NER,SGP,181577.871129893
17823,NER,SLV,10.5722295442974
17824,NER,SRB,29541.947442121
17825,NER,SVK,7481.41117266256
17826,NER,SVN,69377.2587496976
17827,NER,SWE,78607.9182714587
17828,NER,SYC,28000.386876741
17829,NER,TCD,4791.41939100919
17830,NER,TGO,728559.53929176
17831,NER,THA,2490101.27416377
17832,NER,TUN,274945.800343883
17833,NER,TUR,40519.7997920065
17834,NER,TZA,568441.99230684
17835,NER,UGA,242062.946144925
17836,NER,USA,73699151.2435498
17837,NER,VCT,168.552719889641
17838,NER,VEN,22559.3426925465
17839,NER,VNM,967880.420457017
17840,NER,ZAF,1057419.59926961
17841,NER,ZMB,169725.465178345
17842,NER,ZWE,50353.6382401922
17843,NGA,AFG,73160421.8069259
17844,NGA,AGO,50840025.8907274
17845,NGA,ALB,209722693.984107
17846,NGA,AND,87899633.6178921
17847,NGA,ARE,106204363.073595
17848,NGA,ARG,10507249.0449117
17849,NGA,ARM,149805.683430696
17850,NGA,ATG,242205834.315104
17851,NGA,AUS,139258621.000034
17852,NGA,AUT,164457475.304974
17853,NGA,AZE,10855.8914387458
17854,NGA,BDI,5250.48574192813
17855,NGA,BEL,204446562.87733
17856,NGA,BEN,33235463.7482724
17857,NGA,BFA,18527187.92674
17858,NGA,BGD,52205725.6739805
17859,NGA,BGR,17294088.0324183
17860,NGA,BHR,52524171.0943555
17861,NGA,BHS,8209230.03922993
17862,NGA,BIH,8938.77554341568
17863,NGA,BLR,67421.0879558564
17864,NGA,BLZ,381897764.617902
17865,NGA,BMU,270277.71221133
17866,NGA,BOL,12300384.8223318
17867,NGA,BRA,3328528965.20577
17868,NGA,BRB,775122719.430786
17869,NGA,BRN,164901.42946569
17870,NGA,BWA,142589642.071332
17871,NGA,CAF,4769092.32218673
17872,NGA,CAN,1203207468.90557
17873,NGA,CHE,151027628.985637
17874,NGA,CHL,6490833.00717476
17875,NGA,CHN,614275884.566976
17876,NGA,CIV,1030867400.91799
17877,NGA,CMR,336356096.86742
17878,NGA,COD,661109.674042264
17879,NGA,COG,80794027.1783913
17880,NGA,COL,30389167.4110414
17881,NGA,CPV,753029.146143056
17882,NGA,CRI,12272575.6790709
17883,NGA,CYP,451724.02999887
17884,NGA,CZE,417667.473323608
17885,NGA,DEU,1123879626.80161
17886,NGA,DNK,85724.1318843604
17887,NGA,DOM,2938027.38657585
17888,NGA,DZA,325217106.061799
17889,NGA,ECU,39321858.6123733
17890,NGA,EGY,984237.571196552
17891,NGA,ERI,5297695.5773177
17892,NGA,ESP,2669126778.35218
17893,NGA,EST,801229.509683185
17894,NGA,ETH,37893.579863406
17895,NGA,FIN,48802.864144632
17896,NGA,FRA,1859388749.80566
17897,NGA,FRO,52883.0732785458
17898,NGA,GAB,12019789.7651769
17899,NGA,GBR,720913828.272104
17900,NGA,GEO,27169.1910641623
17901,NGA,GHA,207973820.424999
17902,NGA,GIN,697509.524628188
17903,NGA,GMB,1907146.61860496
17904,NGA,GNB,165668.823962749
17905,NGA,GNQ,2302945831.83174
17906,NGA,GRC,4922633.57240132
17907,NGA,GRD,141.83094722421
17908,NGA,GTM,1770898.46634686
17909,NGA,HKG,22711001.0855486
17910,NGA,HND,695617.074984549
17911,NGA,HRV,108989.888618396
17912,NGA,HUN,30147.6409558708
17913,NGA,IDN,415917678.891104
17914,NGA,IND,3867858125.42529
17915,NGA,IRL,8632170.51789809
17916,NGA,ISL,174833.706813333
17917,NGA,ISR,1841302.80041003
17918,NGA,ITA,1425294192.80793
17919,NGA,JAM,382448.862124228
17920,NGA,JOR,127048.325550962
17921,NGA,JPN,366913523.744025
17922,NGA,KAZ,8983.3118311914
17923,NGA,KEN,1619301.73897392
17924,NGA,KGZ,9296.4361929376
17925,NGA,KHM,343.272002702074
17926,NGA,KNA,2811.26751913495
17927,NGA,KOR,157285736.589168
17928,NGA,LBN,2587289.73169525
17929,NGA,LBR,1200808.63139231
17930,NGA,LBY,371671.080482504
17931,NGA,LKA,400656.666914258
17932,NGA,LTU,88649.823404396
17933,NGA,LUX,128881.165086347
17934,NGA,LVA,121993.799475247
17935,NGA,MAR,8963900.3948545
17936,NGA,MDA,8635236.76114613
17937,NGA,MDG,17963.7938951749
17938,NGA,MEX,222970431.424099
17939,NGA,MKD,92336.9484106648
17940,NGA,MLI,1075840.49306731
17941,NGA,MLT,38218.301474489
17942,NGA,MOZ,355178.950532327
17943,NGA,MRT,2352871.26805362
17944,NGA,MUS,628.989418124758
17945,NGA,MWI,99229.8036331137
17946,NGA,MYS,23189979.2681453
17947,NGA,NAM,74341.3419025449
17948,NGA,NCL,6480.37245819604
17949,NGA,NER,56169586.8393618
17950,NGA,NIC,451762.399723723
17951,NGA,NIU,229093853.072683
17952,NGA,NLD,1210762313.56504
17953,NGA,NOR,2804417.83807504
17954,NGA,NZL,34502163.4748421
17955,NGA,OMN,299094.060749536
17956,NGA,PAK,12257198.3266625
17957,NGA,PAN,39383828.4587054
17958,NGA,PER,298585583.100264
17959,NGA,PHL,7011812.33227149
17960,NGA,POL,4602199.09289698
17961,NGA,PRT,1190236802.67461
17962,NGA,PRY,589.249345955656
17963,NGA,PYF,1728.00796569786
17964,NGA,QAT,2081569.9063971
17965,NGA,ROU,7733597.89534083
17966,NGA,RUS,3421756.56331767
17967,NGA,RWA,91455.6095342663
17968,NGA,SAU,3247893.74757785
17969,NGA,SDN,8109229.62900565
17970,NGA,SEN,284392011.387437
17971,NGA,SGP,22768835.2236805
17972,NGA,SLE,3137639.71356028
17973,NGA,SLV,2119733.09935427
17974,NGA,SRB,37417.3334681841
17975,NGA,STP,216466.913799733
17976,NGA,SVK,32401.8622909802
17977,NGA,SVN,131427.270399802
17978,NGA,SWE,85879862.2644126
17979,NGA,SWZ,1179002.29455001
17980,NGA,SYC,15347.2842476568
17981,NGA,SYR,31580754.2901695
17982,NGA,TCD,11127305.8540559
17983,NGA,TGO,23991173.9271555
17984,NGA,THA,35172665.5093894
17985,NGA,TTO,47828269.7074993
17986,NGA,TUN,19006483.6311429
17987,NGA,TUR,133397504.382976
17988,NGA,TZA,12695847.8729177
17989,NGA,UGA,618715.924295387
17990,NGA,UKR,2740054.68015523
17991,NGA,URY,2245760.1256057
17992,NGA,USA,13523536893.4007
17993,NGA,VCT,113.053653584515
17994,NGA,VEN,27243.8749928939
17995,NGA,VNM,22936236.8518246
17996,NGA,YEM,189408.720868181
17997,NGA,ZAF,1260010057.54
17998,NGA,ZMB,4213393.87474667
17999,NGA,ZWE,276483.172442691
18000,NIC,ABW,6935.32776716645
18001,NIC,AGO,68517.3658087972
18002,NIC,AND,14805.3111989356
18003,NIC,ARE,1773046.48576496
18004,NIC,ARG,15193.0406944427
18005,NIC,ARM,52221.8806984909
18006,NIC,AUS,5894435.24170358
18007,NIC,AUT,2930721.37985966
18008,NIC,BEL,14042476.5325716
18009,NIC,BGR,202287.93011926
18010,NIC,BHR,11012.1110327899
18011,NIC,BHS,48034.0993002573
18012,NIC,BIH,11349.2164725692
18013,NIC,BLR,16992.3067205817
18014,NIC,BLZ,286333.403670647
18015,NIC,BMU,339.160960753546
18016,NIC,BOL,184547.413764047
18017,NIC,BRA,267418.482536129
18018,NIC,BRB,41585.9300039914
18019,NIC,CAN,47383084.2897196
18020,NIC,CHE,3190818.32827416
18021,NIC,CHL,4318847.72257627
18022,NIC,CHN,2566868.8159896
18023,NIC,CIV,6191.07158454155
18024,NIC,COG,215.829702297711
18025,NIC,COL,4393665.11971059
18026,NIC,CRI,59513389.8252515
18027,NIC,CUB,1118957.10102347
18028,NIC,CYP,66576.2688354339
18029,NIC,CZE,134199.483020426
18030,NIC,DEU,17807437.3506756
18031,NIC,DMA,663.248101029157
18032,NIC,DNK,212826.586154312
18033,NIC,DOM,25448854.3849613
18034,NIC,ECU,597788.665256406
18035,NIC,EGY,12970650.8542939
18036,NIC,ESP,38026129.8600471
18037,NIC,EST,136148.336159599
18038,NIC,FIN,11259491.6116952
18039,NIC,FJI,150.738204779354
18040,NIC,FRA,22884657.6640174
18041,NIC,FRO,2.74069463235189
18042,NIC,GBR,12648582.5384618
18043,NIC,GHA,5201.83841220388
18044,NIC,GIN,10595.5254486724
18045,NIC,GRC,217239.104512398
18046,NIC,GTM,42299651.4225436
18047,NIC,HKG,1718588.19824647
18048,NIC,HND,72812244.6460056
18049,NIC,HRV,100118.945267131
18050,NIC,HTI,2849180.23315793
18051,NIC,IDN,27919.4562197687
18052,NIC,IND,234516.443474744
18053,NIC,IRL,1679681.874847
18054,NIC,ISL,538068.2440438
18055,NIC,ISR,183626.540367576
18056,NIC,ITA,7751638.19778219
18057,NIC,JAM,1366077.31393874
18058,NIC,JPN,7812378.82681269
18059,NIC,KNA,205.552097426392
18060,NIC,KOR,929875.893163852
18061,NIC,LBN,111444.865835325
18062,NIC,LCA,1374.45835812447
18063,NIC,LTU,4815.40046904227
18064,NIC,LUX,33381.660622046
18065,NIC,LVA,131456.047693442
18066,NIC,MAC,98106.1428149275
18067,NIC,MAR,9294.67050042071
18068,NIC,MDG,24414.7929586487
18069,NIC,MEX,72828612.07435
18070,NIC,MKD,6333.40270853617
18071,NIC,MLT,4664.66226426291
18072,NIC,MNE,12825.0805320907
18073,NIC,MOZ,907.169923308474
18074,NIC,MUS,35903.7848574678
18075,NIC,MYS,188391.923159578
18076,NIC,NCL,12004.2424897013
18077,NIC,NGA,19172.5293006176
18078,NIC,NLD,27559582.4593311
18079,NIC,NOR,654313.995629394
18080,NIC,NZL,437283.995154666
18081,NIC,PAK,1251.81227332672
18082,NIC,PAN,8251111.96425422
18083,NIC,PER,436163.736223692
18084,NIC,PHL,66450.1968823458
18085,NIC,POL,283834.558210258
18086,NIC,PRK,1058.59330174592
18087,NIC,PRT,2148209.89638274
18088,NIC,PRY,142736.061626544
18089,NIC,PSE,26318.5383752149
18090,NIC,PYF,159.645462334497
18091,NIC,ROU,860.516448929265
18092,NIC,RUS,5644857.9960504
18093,NIC,SAU,123524.477427416
18094,NIC,SDN,163.736634246941
18095,NIC,SLV,136591556.499327
18096,NIC,SRB,178.830324760961
18097,NIC,SUR,188509.773028769
18098,NIC,SVK,78151.5926151721
18099,NIC,SVN,174267.753371753
18100,NIC,SWE,6489158.4400137
18101,NIC,SWZ,21.0231833511132
18102,NIC,SYC,212.06398787286
18103,NIC,SYR,306334.975968209
18104,NIC,THA,141197.846764137
18105,NIC,TTO,646404.47699238
18106,NIC,TUN,43648.3027148362
18107,NIC,TUR,46858.3413029783
18108,NIC,TZA,244983.841449354
18109,NIC,UGA,33093.887685649
18110,NIC,UKR,158579.332122513
18111,NIC,URY,19827.5553177497
18112,NIC,USA,1146058216.65883
18113,NIC,VCT,309.698493455763
18114,NIC,VEN,81666321.0773294
18115,NIC,VNM,359306.436648649
18116,NIC,YEM,254.199427150637
18117,NIC,ZAF,219964.040150614
18118,NIC,ZMB,1992.91597195076
18119,NIU,AUS,23615.8804733181
18120,NIU,BGR,366.567907077065
18121,NIU,BIH,55.4990663051257
18122,NIU,BRA,6861.32901209295
18123,NIU,CAN,19833.0367070144
18124,NIU,COL,5061.37781229585
18125,NIU,CZE,306963.280212676
18126,NIU,DEU,46150.3767135013
18127,NIU,FJI,10796.9665041503
18128,NIU,FRA,494515.865641097
18129,NIU,FRO,11921.3364770726
18130,NIU,GBR,25576.1623091078
18131,NIU,HRV,4431.01804685491
18132,NIU,IRL,26470.0891959528
18133,NIU,JPN,2768.78675233349
18134,NIU,LKA,1257.97883624952
18135,NIU,MEX,2428.25544426377
18136,NIU,MKD,11619.2091525387
18137,NIU,MNE,1087.37059538561
18138,NIU,NCL,156.904767702146
18139,NIU,NGA,48748921.792878
18140,NIU,NZL,109756.597941796
18141,NIU,PAK,289.143283713124
18142,NIU,POL,91195.2435441929
18143,NIU,SDN,554138.725661701
18144,NIU,SRB,305.587451507235
18145,NIU,SVK,2043.18784841833
18146,NIU,SVN,911.96613891509
18147,NIU,SYC,17525.0525356495
18148,NIU,THA,656.396364448277
18149,NIU,TUR,19081.4012040919
18150,NIU,USA,15395.8520972367
18151,NIU,ZAF,82198.9134134978
18152,NLD,ABW,121813243.198041
18153,NLD,AFG,69968517.0248187
18154,NLD,AGO,863499125.65727
18155,NLD,AIA,355635.961362271
18156,NLD,ALB,42185887.9290493
18157,NLD,AND,11218152.6018334
18158,NLD,ARE,1895048545.00866
18159,NLD,ARG,278324374.522574
18160,NLD,ARM,37492830.6980479
18161,NLD,ATG,5496106.10970584
18162,NLD,AUS,1184612077.82133
18163,NLD,AUT,3899131075.72717
18164,NLD,AZE,79528624.4855564
18165,NLD,BDI,3619456.57062238
18166,NLD,BEL,43480805006.8455
18167,NLD,BEN,160835429.463098
18168,NLD,BFA,69612417.2789997
18169,NLD,BGD,67274478.6075407
18170,NLD,BGR,395184264.387253
18171,NLD,BHR,105014915.991801
18172,NLD,BHS,94312375.3249929
18173,NLD,BIH,84549593.4961928
18174,NLD,BLR,197822530.743416
18175,NLD,BLZ,8038092.49486342
18176,NLD,BMU,6901441.81873205
18177,NLD,BOL,15004589.1611749
18178,NLD,BRA,1059744642.20954
18179,NLD,BRB,10175778.4732965
18180,NLD,BRN,14049534.5064236
18181,NLD,BTN,607192.673713663
18182,NLD,BWA,13643553.3550123
18183,NLD,CAF,17861149.399804
18184,NLD,CAN,1329935277.07101
18185,NLD,CHE,4823880537.54737
18186,NLD,CHL,224448386.633625
18187,NLD,CHN,4386857183.54098
18188,NLD,CIV,180208988.029825
18189,NLD,CMR,69651121.290488
18190,NLD,COD,86030453.8420291
18191,NLD,COG,114155963.021168
18192,NLD,COK,17208.1364228794
18193,NLD,COL,215850981.73601
18194,NLD,COM,1201705.52371075
18195,NLD,CPV,73282050.4088414
18196,NLD,CRI,95944285.629623
18197,NLD,CUB,47886580.0413236
18198,NLD,CYM,155032444.349539
18199,NLD,CYP,310099304.971924
18200,NLD,CZE,3649160068.99477
18201,NLD,DEU,71889109188.4433
18202,NLD,DJI,19487323.4305686
18203,NLD,DMA,2540120.3215515
18204,NLD,DNK,3896472410.08516
18205,NLD,DOM,58573964.2707845
18206,NLD,DZA,338973698.681749
18207,NLD,ECU,107096387.233191
18208,NLD,EGY,867901002.583272
18209,NLD,ERI,1480861.03100993
18210,NLD,ESP,10049421844.942
18211,NLD,EST,252044594.365676
18212,NLD,ETH,67366998.6144828
18213,NLD,FIN,2760671374.64125
18214,NLD,FJI,1684491.21632538
18215,NLD,FRA,26274876005.1997
18216,NLD,FRO,9357926.41770905
18217,NLD,FSM,1912.31967972353
18218,NLD,GAB,70746957.2064193
18219,NLD,GBR,24739852515.8796
18220,NLD,GEO,71861618.9537802
18221,NLD,GHA,194845512.864653
18222,NLD,GIB,783066517.991089
18223,NLD,GIN,145059339.559132
18224,NLD,GMB,23993002.7954244
18225,NLD,GNB,17539929.7112875
18226,NLD,GNQ,35173548.6982347
18227,NLD,GRC,2604032816.09014
18228,NLD,GRD,3919250.87885048
18229,NLD,GRL,6632803.04191087
18230,NLD,GTM,53078674.5989358
18231,NLD,GUY,14424845.9145515
18232,NLD,HKG,1370304197.51247
18233,NLD,HND,46537471.0530274
18234,NLD,HRV,467654661.506592
18235,NLD,HTI,14815298.9753495
18236,NLD,HUN,2506582441.33541
18237,NLD,IDN,517715209.862801
18238,NLD,IND,1594105911.7662
18239,NLD,IRL,2486008520.87052
18240,NLD,IRN,525686427.702552
18241,NLD,IRQ,144765844.737516
18242,NLD,ISL,219367189.488095
18243,NLD,ISR,1291432440.10566
18244,NLD,ITA,16167695058.0118
18245,NLD,JAM,15435749.7593472
18246,NLD,JOR,209540354.885043
18247,NLD,JPN,2370914977.86358
18248,NLD,KAZ,312320117.924639
18249,NLD,KEN,256367674.950651
18250,NLD,KGZ,33940485.5168879
18251,NLD,KHM,4240186.90547254
18252,NLD,KIR,184214.419366216
18253,NLD,KNA,467140.43730585
18254,NLD,KOR,1652034429.14362
18255,NLD,KWT,294401607.841701
18256,NLD,LAO,786796.559534605
18257,NLD,LBN,253025460.882474
18258,NLD,LBR,37621892.0638063
18259,NLD,LBY,272811060.276445
18260,NLD,LCA,4256082.93434018
18261,NLD,LKA,48042971.6139558
18262,NLD,LSO,739952.606878447
18263,NLD,LTU,506886887.071362
18264,NLD,LUX,915739782.169513
18265,NLD,LVA,258974794.543273
18266,NLD,MAC,14254359.1734769
18267,NLD,MAR,682634717.635459
18268,NLD,MDA,43607475.9572453
18269,NLD,MDG,19043393.4763526
18270,NLD,MDV,6775248.58990638
18271,NLD,MEX,1487470575.83201
18272,NLD,MHL,633834.966234756
18273,NLD,MKD,78025775.5466848
18274,NLD,MLI,18338198.8185532
18275,NLD,MLT,235850727.3606
18276,NLD,MMR,3040114.15058901
18277,NLD,MNE,26055117.8809737
18278,NLD,MNG,4681584.68327037
18279,NLD,MNP,77436.9564897864
18280,NLD,MOZ,334472190.654123
18281,NLD,MRT,126888443.018542
18282,NLD,MSR,211389.776993301
18283,NLD,MUS,29355602.1326781
18284,NLD,MWI,13089235.6530839
18285,NLD,MYS,685802691.357211
18286,NLD,NAM,53453431.0164007
18287,NLD,NCL,9341079.36780398
18288,NLD,NER,76242815.9684346
18289,NLD,NGA,2267139412.89178
18290,NLD,NIC,7727435.10772489
18291,NLD,NIU,18163.9536759121
18292,NLD,NOR,2955555127.73294
18293,NLD,NPL,6710815.54427345
18294,NLD,NRU,63096.9569996632
18295,NLD,NZL,152495191.479747
18296,NLD,OMN,201948073.02207
18297,NLD,PAK,290183688.394942
18298,NLD,PAN,63539344.1682233
18299,NLD,PER,93538962.9476954
18300,NLD,PHL,263199327.721265
18301,NLD,PLW,6.85173658087972
18302,NLD,PNG,12163325.4244625
18303,NLD,POL,5685565324.44676
18304,NLD,PRK,3792494.43727786
18305,NLD,PRT,2632854369.20745
18306,NLD,PRY,60033884.050139
18307,NLD,PSE,15813304.1170184
18308,NLD,PYF,9777252.69645889
18309,NLD,QAT,306563976.763736
18310,NLD,ROU,1438040658.94001
18311,NLD,RUS,4224249310.54493
18312,NLD,RWA,15612993.221916
18313,NLD,SAU,1515819144.66589
18314,NLD,SDN,75536323.8171489
18315,NLD,SEN,168220612.791698
18316,NLD,SGP,2177911261.12437
18317,NLD,SHN,90821.1387268768
18318,NLD,SLB,209939.904996499
18319,NLD,SLE,20415610.4060193
18320,NLD,SLV,19746402.6645121
18321,NLD,SMR,43996572.3742003
18322,NLD,SOM,2610865.18692275
18323,NLD,SPM,351812.007176482
18324,NLD,SRB,280842506.936263
18325,NLD,STP,1409159.66321199
18326,NLD,SUR,179342833.286863
18327,NLD,SVK,850683248.377754
18328,NLD,SVN,505038507.112237
18329,NLD,SWE,5364471290.61258
18330,NLD,SWZ,7237001.50673869
18331,NLD,SYC,16442714.0385502
18332,NLD,SYR,183642979.053981
18333,NLD,TCA,377624.55439763
18334,NLD,TCD,23095308.1386336
18335,NLD,TGO,133352031.462809
18336,NLD,THA,672054546.243291
18337,NLD,TJK,3004742.06049022
18338,NLD,TKL,6799148.81744781
18339,NLD,TKM,63986757.7707392
18340,NLD,TLS,325999.459955334
18341,NLD,TON,223706.45867109
18342,NLD,TTO,42759494.0752171
18343,NLD,TUN,220936003.520899
18344,NLD,TUR,3329056111.7817
18345,NLD,TZA,84509108.6402574
18346,NLD,UGA,59832950.7083418
18347,NLD,UKR,668428397.58155
18348,NLD,URY,44057757.0115203
18349,NLD,USA,13279366407.2123
18350,NLD,UZB,43739405.4599365
18351,NLD,VAT,370932.463279085
18352,NLD,VCT,1325987.11803035
18353,NLD,VEN,346015673.728796
18354,NLD,VGB,27756817.233722
18355,NLD,VNM,403485305.641146
18356,NLD,VUT,1898019.42030558
18357,NLD,WLF,96557.4125923893
18358,NLD,WSM,170169.729722729
18359,NLD,YEM,205429711.02241
18360,NLD,ZAF,1382408796.70269
18361,NLD,ZMB,21241206.3970665
18362,NLD,ZWE,15109750.2993919
18363,NOR,ABW,85776.7600730381
18364,NOR,AFG,1398744.71870678
18365,NOR,AGO,99696099.9385283
18366,NOR,ALB,1075845.97445657
18367,NOR,AND,107506.098469997
18368,NOR,ARE,248037985.21097
18369,NOR,ARG,18485384.3979153
18370,NOR,ARM,747604.626291973
18371,NOR,ATG,13202607.0771927
18372,NOR,AUS,227883234.124854
18373,NOR,AUT,501678830.708211
18374,NOR,AZE,8361117.60295069
18375,NOR,BDI,80537.3316636042
18376,NOR,BEL,2969649027.23372
18377,NOR,BEN,12452750.3145491
18378,NOR,BFA,777199.928892023
18379,NOR,BGD,11439934.8352473
18380,NOR,BGR,19143798.5987867
18381,NOR,BHR,38434105.1401877
18382,NOR,BHS,31084500.6884671
18383,NOR,BIH,1936686.87983471
18384,NOR,BLR,63027822.9775622
18385,NOR,BLZ,310672.471236604
18386,NOR,BMU,42738150.0147643
18387,NOR,BOL,2682340.45563559
18388,NOR,BRA,357373628.906201
18389,NOR,BRB,813288.899745105
18390,NOR,BRN,2840073.59006828
18391,NOR,BTN,2762342.57759965
18392,NOR,BWA,570085.441621046
18393,NOR,CAN,2151277856.67597
18394,NOR,CHE,492000718.942195
18395,NOR,CHL,40934142.2258248
18396,NOR,CHN,2096285468.75409
18397,NOR,CIV,16281428.0786296
18398,NOR,CMR,18235217.9029162
18399,NOR,COD,13777855.0214063
18400,NOR,COG,20901031.477964
18401,NOR,COK,15150.6051491027
18402,NOR,COL,23702953.7121353
18403,NOR,COM,4130.87361488753
18404,NOR,CPV,430997.396658714
18405,NOR,CRI,1050311.60774061
18406,NOR,CUB,512331.331087248
18407,NOR,CYM,21926614.6305229
18408,NOR,CYP,14153427.753397
18409,NOR,CZE,681724918.974209
18410,NOR,DEU,9988697030.48077
18411,NOR,DJI,193830.514422077
18412,NOR,DMA,293860.162376696
18413,NOR,DNK,3198751598.63692
18414,NOR,DOM,29248695.1932207
18415,NOR,DZA,59340745.2482758
18416,NOR,ECU,11660291.479904
18417,NOR,EGY,89511155.3004214
18418,NOR,ERI,215645.957222301
18419,NOR,ESP,1828196126.71804
18420,NOR,EST,126102417.135486
18421,NOR,ETH,1816973.68567663
18422,NOR,FIN,967360815.984939
18423,NOR,FJI,153367.301752145
18424,NOR,FRA,6437983618.87362
18425,NOR,FRO,97272600.2825698
18426,NOR,GAB,11473653.5129218
18427,NOR,GBR,18491414883.9347
18428,NOR,GEO,3146997.81538245
18429,NOR,GHA,14085589.0294858
18430,NOR,GIB,1247406.35250579
18431,NOR,GIN,7985232.59347281
18432,NOR,GMB,827630.044845584
18433,NOR,GNQ,1588769.82179778
18434,NOR,GRC,170255752.073022
18435,NOR,GRD,5307948.73176704
18436,NOR,GRL,11104882.6690727
18437,NOR,GTM,27859818.019395
18438,NOR,GUY,1067255.38087029
18439,NOR,HKG,129069749.382289
18440,NOR,HND,12060478.0813746
18441,NOR,HRV,51412420.6498678
18442,NOR,HTI,908370.04128482
18443,NOR,HUN,57631826.7325169
18444,NOR,IDN,70810339.8808344
18445,NOR,IND,507305763.191018
18446,NOR,IRL,830473625.187323
18447,NOR,IRN,23940267.3661064
18448,NOR,IRQ,8776570.94102406
18449,NOR,ISL,320290876.012866
18450,NOR,ISR,57693774.6957728
18451,NOR,ITA,2413420300.49825
18452,NOR,JAM,14689752.5504571
18453,NOR,JOR,4695797.92563375
18454,NOR,JPN,1124905229.89889
18455,NOR,KAZ,258132564.470053
18456,NOR,KEN,24901111.6663252
18457,NOR,KGZ,1356844.98327843
18458,NOR,KHM,218274.606091519
18459,NOR,KNA,25114.3552635565
18460,NOR,KOR,1965553581.09988
18461,NOR,KWT,13629346.9883666
18462,NOR,LAO,340954.108178918
18463,NOR,LBN,7984612.29959358
18464,NOR,LBR,38494848.7168353
18465,NOR,LBY,15164566.2489302
18466,NOR,LCA,92517.868515083
18467,NOR,LKA,4070920.23463117
18468,NOR,LTU,131315163.40818
18469,NOR,LUX,27611366.2468444
18470,NOR,LVA,107952485.526839
18471,NOR,MAC,2538796.46326803
18472,NOR,MAR,42246348.6009193
18473,NOR,MDA,5264520.8391404
18474,NOR,MDG,139359.572431296
18475,NOR,MDV,1856095.69968815
18476,NOR,MEX,107879023.418274
18477,NOR,MHL,5312.97563506672
18478,NOR,MKD,2238138.07568798
18479,NOR,MLI,261055.17062707
18480,NOR,MLT,26851868.5995619
18481,NOR,MMR,42629.9825503653
18482,NOR,MNE,523154.069028199
18483,NOR,MNG,64964.8349455759
18484,NOR,MNP,10629.6566892764
18485,NOR,MOZ,2336626.88593543
18486,NOR,MRT,2361992.29979008
18487,NOR,MUS,1173718.9800826
18488,NOR,MWI,707119.733357152
18489,NOR,MYS,106617188.708339
18490,NOR,NAM,5271211.49893118
18491,NOR,NCL,3774442.16690822
18492,NOR,NER,872978.240795406
18493,NOR,NGA,129385799.045006
18494,NOR,NIC,3609468.10903477
18495,NOR,NLD,9112905734.62832
18496,NOR,NPL,279831.773699709
18497,NOR,NZL,14213687.7262546
18498,NOR,OMN,9677188.5650844
18499,NOR,PAK,12809035.1353655
18500,NOR,PAN,3629876.76492816
18501,NOR,PER,10528000.8994942
18502,NOR,PHL,21708273.1233902
18503,NOR,PNG,598183.382152878
18504,NOR,POL,1295718899.52896
18505,NOR,PRT,640094626.47674
18506,NOR,PRY,221921.581291771
18507,NOR,PSE,3198656.35383617
18508,NOR,PYF,264144.722797784
18509,NOR,QAT,63922004.8168401
18510,NOR,ROU,120178389.788203
18511,NOR,RUS,767811451.951247
18512,NOR,RWA,305633.358142327
18513,NOR,SAU,159184702.919469
18514,NOR,SDN,1788015.29858358
18515,NOR,SEN,2369024.23704304
18516,NOR,SGP,1026173381.018
18517,NOR,SLB,6699.15937000206
18518,NOR,SLE,1233905.61263703
18519,NOR,SLV,14801241.8361007
18520,NOR,SMR,4186373.64523199
18521,NOR,SOM,153681.649834044
18522,NOR,SRB,8207781.58211673
18523,NOR,SUR,222935.131962408
18524,NOR,SVK,45526927.6095759
18525,NOR,SVN,24721449.2810625
18526,NOR,SWE,7415711373.85951
18527,NOR,SYC,618542.689098718
18528,NOR,SYR,7814602.21533319
18529,NOR,TCA,2329.0100954107
18530,NOR,TCD,4593482.64387249
18531,NOR,TGO,7504528.39059926
18532,NOR,THA,117754730.773185
18533,NOR,TJK,80543.3241924179
18534,NOR,TKM,7544159.70857948
18535,NOR,TLS,40234.6161268634
18536,NOR,TON,26968.4653299835
18537,NOR,TTO,4237666.45511637
18538,NOR,TUN,8414478.60472579
18539,NOR,TUR,528776943.912604
18540,NOR,TZA,30352060.5263318
18541,NOR,UGA,3998793.37399157
18542,NOR,UKR,178021704.050069
18543,NOR,URY,3513711.0813659
18544,NOR,USA,4035421159.24281
18545,NOR,UZB,1659783.00048835
18546,NOR,VCT,992307.673298638
18547,NOR,VEN,31922732.0601267
18548,NOR,VGB,42427154.2217264
18549,NOR,VNM,66029260.440018
18550,NOR,VUT,118394.123868134
18551,NOR,WSM,596.786256194623
18552,NOR,YEM,2904218.17759116
18553,NOR,ZAF,75478026.1809628
18554,NOR,ZMB,757265.611185218
18555,NOR,ZWE,1394655.80444154
18556,NPL,AGO,10815.4661929186
18557,NPL,AND,4152.15236801311
18558,NPL,ARE,5095562.49644517
18559,NPL,ARG,83775.4980007582
18560,NPL,ARM,7070.99215146787
18561,NPL,AUS,3829655.51579792
18562,NPL,AUT,1499431.97783874
18563,NPL,BEL,3235914.17133984
18564,NPL,BGD,41685787.8980948
18565,NPL,BGR,215084.918531369
18566,NPL,BHR,90047.5776668955
18567,NPL,BIH,13173.1487503993
18568,NPL,BLR,12607.1953088187
18569,NPL,BMU,42894.6116909394
18570,NPL,BOL,972.261420826832
18571,NPL,BRA,649038.28453407
18572,NPL,BRN,9718.50316631979
18573,NPL,BTN,5230486.2080222
18574,NPL,BWA,48.647329724246
18575,NPL,CAN,8001422.35012111
18576,NPL,CHE,4217669.78660668
18577,NPL,CHL,143306.263144805
18578,NPL,CHN,16353722.1305491
18579,NPL,CIV,16849.5103636732
18580,NPL,COL,19415.0807755808
18581,NPL,CRI,75188.9017175998
18582,NPL,CYP,18965.6068558751
18583,NPL,CZE,779316.518709259
18584,NPL,DEU,26123149.9999461
18585,NPL,DNK,1905106.85662484
18586,NPL,DOM,1328.01043584269
18587,NPL,ECU,2596.12299049532
18588,NPL,EGY,2332300.9844905
18589,NPL,ESP,2436017.50941852
18590,NPL,EST,22735.4391744117
18591,NPL,ETH,127.442300404363
18592,NPL,FIN,347034.976432293
18593,NPL,FJI,1442.29055027518
18594,NPL,FRA,12051914.8173101
18595,NPL,FRO,2460.45860619391
18596,NPL,GBR,13273950.1286299
18597,NPL,GEO,27147.9506807616
18598,NPL,GHA,1408.03186737078
18599,NPL,GRC,280663.574520627
18600,NPL,GRL,843.709139096367
18601,NPL,GTM,1028.44566079005
18602,NPL,HKG,2685568.98569042
18603,NPL,HRV,601183.015558574
18604,NPL,HUN,223019.914665686
18605,NPL,IDN,8544.11551635701
18606,NPL,IND,385622420.696466
18607,NPL,IRL,409658.478434217
18608,NPL,ISL,53033.8114833252
18609,NPL,ISR,321346.445643259
18610,NPL,ITA,7535982.51383464
18611,NPL,JOR,28266.1540907612
18612,NPL,JPN,7870432.22051517
18613,NPL,KAZ,92943.1215459753
18614,NPL,KEN,2690.67695531147
18615,NPL,KHM,3815.73210189191
18616,NPL,KOR,728489.651578635
18617,NPL,KWT,517748.048865885
18618,NPL,LBN,298941.95219744
18619,NPL,LKA,3882169.28047476
18620,NPL,LTU,33653.6745643069
18621,NPL,LUX,134812.028270757
18622,NPL,LVA,8905.86870813869
18623,NPL,MAC,6358.22929086333
18624,NPL,MAR,85076.6427774673
18625,NPL,MDA,346.012697334426
18626,NPL,MDV,35463.2181953172
18627,NPL,MEX,694127.507451865
18628,NPL,MKD,10619.3489367641
18629,NPL,MLT,4383.05589078876
18630,NPL,MNE,6592.74093812246
18631,NPL,MUS,74866.1849246403
18632,NPL,MWI,60.2952819117415
18633,NPL,MYS,1736512.34114205
18634,NPL,NCL,42395.1200941932
18635,NPL,NGA,901.003360385683
18636,NPL,NLD,2745813.56475146
18637,NPL,NOR,591599.829393511
18638,NPL,NZL,431434.667635569
18639,NPL,OMN,40763.0364406277
18640,NPL,PAK,761105.973224597
18641,NPL,PER,21649.4320746056
18642,NPL,PHL,628953.789094537
18643,NPL,POL,244662.495003711
18644,NPL,PRT,428104.038483604
18645,NPL,PYF,2002.07742893305
18646,NPL,QAT,149232.878252535
18647,NPL,ROU,42488.8929610392
18648,NPL,RUS,488202.675555474
18649,NPL,RWA,12668.8609380466
18650,NPL,SAU,996936.579775554
18651,NPL,SDN,622784.485477113
18652,NPL,SGP,4506150.07915889
18653,NPL,SLV,5509.48138468538
18654,NPL,SRB,122848.896200541
18655,NPL,SVK,401247.286607529
18656,NPL,SVN,218394.992473592
18657,NPL,SWE,626786.584814005
18658,NPL,SYC,96268.9332419509
18659,NPL,THA,422362.968402485
18660,NPL,TUR,4181124.2509717
18661,NPL,TZA,1799.9511997971
18662,NPL,UGA,2098.00174106537
18663,NPL,UKR,114350.002145618
18664,NPL,USA,43224467.3082424
18665,NPL,YEM,71728.7747442555
18666,NPL,ZAF,634237.163172054
18667,NPL,ZMB,34396.4028096743
18668,NRU,AGO,202796.328973562
18669,NRU,AUS,332078.320649891
18670,NRU,AUT,34.2586829043986
18671,NRU,BEL,7.53691023896769
18672,NRU,BGD,2305.60935946602
18673,NRU,BGR,12806.5808433223
18674,NRU,BOL,67.8321921507092
18675,NRU,CAN,81664.4779601892
18676,NRU,COL,4826.36324757167
18677,NRU,CZE,18945.0516461324
18678,NRU,DEU,21928.947983249
18679,NRU,DOM,18538.2578787627
18680,NRU,ESP,172846.892312808
18681,NRU,FJI,4362.50068104612
18682,NRU,FRA,410828.069868574
18683,NRU,GBR,33929.7995485164
18684,NRU,GRC,2281.62828143295
18685,NRU,IDN,4697.55059985113
18686,NRU,IND,9785203.45158734
18687,NRU,IRL,97481.9468717147
18688,NRU,ITA,11947.7601991968
18689,NRU,JPN,90579.2724255718
18690,NRU,KOR,2588214.71613367
18691,NRU,LBN,4090.48673878519
18692,NRU,LUX,2598.17851146959
18693,NRU,MEX,4111.72712218592
18694,NRU,MOZ,6.16656292279175
18695,NRU,MUS,77.4246233639408
18696,NRU,MYS,8915.47963904069
18697,NRU,NZL,1719382.3145162
18698,NRU,PAK,805.764221911455
18699,NRU,SVK,332057.765440148
18700,NRU,SVN,6311.8197383064
18701,NRU,SYC,1189.35252782908
18702,NRU,THA,2823.60064498053
18703,NRU,TUR,4461.16568781078
18704,NRU,USA,87843.3740088265
18705,NRU,VEN,22771.0613528957
18706,NRU,ZAF,3842.45387455735
18707,NZL,ABW,392139.958344224
18708,NZL,AFG,262042.610014771
18709,NZL,AGO,11830751.7232578
18710,NZL,ALB,1006100.09227882
18711,NZL,AND,135955.115817671
18712,NZL,ARE,171656815.556422
18713,NZL,ARG,11264331.678416
18714,NZL,ARM,7248593.27468622
18715,NZL,ATG,636857.267240582
18716,NZL,AUS,3932705779.23117
18717,NZL,AUT,40924441.4289162
18718,NZL,AZE,18453253.864393
18719,NZL,BDI,5320.3734550531
18720,NZL,BEL,301880702.442225
18721,NZL,BEN,526874.561991617
18722,NZL,BFA,330443.940979397
18723,NZL,BGD,33934796.5200048
18724,NZL,BGR,3404999.27116182
18725,NZL,BHR,36718090.454201
18726,NZL,BHS,600241.586952361
18727,NZL,BIH,891147.822487745
18728,NZL,BLR,4494807.7144229
18729,NZL,BLZ,192781.14561329
18730,NZL,BMU,2171718.8897654
18731,NZL,BOL,632946.296000216
18732,NZL,BRA,37536178.8947005
18733,NZL,BRB,10950235.7404226
18734,NZL,BRN,6611541.41812674
18735,NZL,BTN,195643.115983123
18736,NZL,BWA,837794.720079751
18737,NZL,CAF,44279.3476539352
18738,NZL,CAN,273463647.760528
18739,NZL,CHE,58454616.5571629
18740,NZL,CHL,25812190.8664396
18741,NZL,CHN,1697225203.01963
18742,NZL,CIV,5070407.46310671
18743,NZL,CMR,5615206.42082299
18744,NZL,COD,5214551.12425605
18745,NZL,COG,1455443.8289895
18746,NZL,COK,42163756.819893
18747,NZL,COL,3779142.4582027
18748,NZL,COM,160177.134482443
18749,NZL,CPV,1020.90875055108
18750,NZL,CRI,1545313.94667895
18751,NZL,CUB,2167496.1645106
18752,NZL,CYM,9856654.04582641
18753,NZL,CYP,10657600.8117478
18754,NZL,CZE,10394925.7864467
18755,NZL,DEU,504133235.102147
18756,NZL,DJI,1172654.16060782
18757,NZL,DMA,92638.2192681261
18758,NZL,DNK,70856095.0925478
18759,NZL,DOM,8848361.47389598
18760,NZL,DZA,148778641.005558
18761,NZL,ECU,796547.265862855
18762,NZL,EGY,107099569.864833
18763,NZL,ERI,30307.9715918633
18764,NZL,ESP,116700697.302133
18765,NZL,EST,1438870.9307685
18766,NZL,ETH,3349162.42040981
18767,NZL,FIN,17857033.5616399
18768,NZL,FJI,156326442.079821
18769,NZL,FRA,317498001.295409
18770,NZL,FRO,1981735.99337174
18771,NZL,FSM,866367.146795678
18772,NZL,GAB,1106379.36818195
18773,NZL,GBR,874733381.637964
18774,NZL,GEO,5275726.16914477
18775,NZL,GHA,16036677.890305
18776,NZL,GIB,1675020.74602329
18777,NZL,GIN,416208.05343188
18778,NZL,GMB,671585.294100771
18779,NZL,GNQ,94211.3779870961
18780,NZL,GRC,34642867.9965724
18781,NZL,GRD,1180136.9421278
18782,NZL,GRL,564554.823999356
18783,NZL,GTM,22856800.5586005
18784,NZL,GUY,5421209.09196659
18785,NZL,HKG,341907280.661631
18786,NZL,HND,7353819.50440074
18787,NZL,HRV,3509497.84645144
18788,NZL,HTI,431007.804446581
18789,NZL,HUN,5599924.30755299
18790,NZL,IDN,414904091.906263
18791,NZL,IND,288779838.142407
18792,NZL,IRL,34323286.1074281
18793,NZL,IRN,91356355.9633293
18794,NZL,IRQ,704276.984849122
18795,NZL,ISL,1053324.31631522
18796,NZL,ISR,11007870.49302
18797,NZL,ITA,187318239.289655
18798,NZL,JAM,15797987.3689051
18799,NZL,JOR,31368590.9521162
18800,NZL,JPN,1454905819.67039
18801,NZL,KAZ,2593112.33744169
18802,NZL,KEN,18878056.0510182
18803,NZL,KGZ,861956.683958565
18804,NZL,KHM,1552933.76293054
18805,NZL,KIR,3042947.34366521
18806,NZL,KNA,76612.6925791066
18807,NZL,KOR,602515326.829468
18808,NZL,KWT,29089941.120575
18809,NZL,LAO,1682643.98814318
18810,NZL,LBN,13896355.7130741
18811,NZL,LBR,433049.621947683
18812,NZL,LBY,11032349.0071288
18813,NZL,LCA,1738256.10810189
18814,NZL,LKA,87404107.806279
18815,NZL,LTU,3541328.27391158
18816,NZL,LUX,1692021.96000143
18817,NZL,LVA,951024.463294395
18818,NZL,MAC,6885866.66833644
18819,NZL,MAR,26228218.2060044
18820,NZL,MDA,1239714.16204587
18821,NZL,MDG,2358719.69182866
18822,NZL,MDV,4394352.34888965
18823,NZL,MEX,224286085.438192
18824,NZL,MHL,1848248.40578206
18825,NZL,MKD,140475.906687556
18826,NZL,MLI,1361253.00621214
18827,NZL,MLT,4294068.96194458
18828,NZL,MMR,4020540.78589928
18829,NZL,MNE,293500.988178564
18830,NZL,MNG,1685947.21034882
18831,NZL,MNP,1646240.0265153
18832,NZL,MOZ,2415058.31443534
18833,NZL,MRT,196550.285906432
18834,NZL,MSR,25879.0090659827
18835,NZL,MUS,29297492.5547357
18836,NZL,MWI,92807.0933344614
18837,NZL,MYS,320392885.352256
18838,NZL,NAM,1331678.85560809
18839,NZL,NCL,76513533.5621344
18840,NZL,NER,388880.5872527
18841,NZL,NGA,89874123.2146559
18842,NZL,NIC,11000147.215546
18843,NZL,NIU,4031911.92792891
18844,NZL,NLD,287424457.074445
18845,NZL,NOR,19866069.4155441
18846,NZL,NPL,7854838.35323075
18847,NZL,NRU,67043.5572702499
18848,NZL,OMN,38993116.4022646
18849,NZL,PAK,43479103.1910133
18850,NZL,PAN,20622885.7151958
18851,NZL,PER,18207195.6706477
18852,NZL,PHL,245429904.57459
18853,NZL,PLW,187418.976565093
18854,NZL,PNG,66033290.6369563
18855,NZL,POL,11156635.397664
18856,NZL,PRT,17563651.1085042
18857,NZL,PRY,341137.001583472
18858,NZL,PSE,292331.167211032
18859,NZL,PYF,88170447.8210777
18860,NZL,QAT,10026614.7975834
18861,NZL,ROU,1206336.80431439
18862,NZL,RUS,82293139.1801317
18863,NZL,RWA,47827.8620291728
18864,NZL,SAU,237059588.837996
18865,NZL,SDN,35969334.7361634
18866,NZL,SEN,14093072.4961795
18867,NZL,SGP,473865810.049663
18868,NZL,SLB,9770922.37703181
18869,NZL,SLE,408895.880152765
18870,NZL,SLV,11306754.6713746
18871,NZL,SRB,1431486.04686079
18872,NZL,SUR,211906.397931499
18873,NZL,SVK,1440235.71447457
18874,NZL,SVN,3236854.22959874
18875,NZL,SWE,33945747.650582
18876,NZL,SWZ,82990.0854920129
18877,NZL,SYC,2952201.23213907
18878,NZL,SYR,31512953.6160071
18879,NZL,TCA,53834.0943159719
18880,NZL,TCD,48484.9435672791
18881,NZL,TGO,264291.349960615
18882,NZL,THA,213215836.73534
18883,NZL,TJK,1136270.06901603
18884,NZL,TKL,44446.5300265086
18885,NZL,TKM,127712.258825649
18886,NZL,TLS,140554.468699192
18887,NZL,TON,30166022.1095963
18888,NZL,TTO,19740576.6328974
18889,NZL,TUN,3314882.49095545
18890,NZL,TUR,23526965.487708
18891,NZL,TUV,1159819.48764452
18892,NZL,TZA,1712755.31489517
18893,NZL,UGA,664277.231863605
18894,NZL,UKR,4941854.74903166
18895,NZL,URY,3834168.75468375
18896,NZL,USA,1864494733.10827
18897,NZL,UZB,3450827.79645669
18898,NZL,VAT,19136.9002703971
18899,NZL,VCT,944533.12805767
18900,NZL,VEN,155956644.264119
18901,NZL,VGB,15780.9196930822
18902,NZL,VNM,171062430.833899
18903,NZL,VUT,25904413.2497036
18904,NZL,WLF,2356646.57490968
18905,NZL,WSM,49931051.9051772
18906,NZL,YEM,20573653.2471676
18907,NZL,ZAF,91055738.7615378
18908,NZL,ZMB,261901.464241204
18909,NZL,ZWE,336525.248429086
18910,OMN,AFG,3478701.34604136
18911,OMN,AGO,10754699.5115301
18912,OMN,ARE,2377504610.16881
18913,OMN,ARG,217030.126546681
18914,OMN,ARM,402440.173946261
18915,OMN,AUS,54844500.0395182
18916,OMN,AUT,2026036.58140907
18917,OMN,AZE,4734767.1774375
18918,OMN,BDI,63681.4101300123
18919,OMN,BEL,42985125.1866938
18920,OMN,BEN,2005717.75657847
18921,OMN,BGD,8302428.04537671
18922,OMN,BGR,2803549.72305025
18923,OMN,BHR,33709430.5707338
18924,OMN,BIH,163039.812636665
18925,OMN,BLR,1359521.57237815
18926,OMN,BMU,3151.79882720467
18927,OMN,BOL,979.113157407712
18928,OMN,BRA,21508907.0683737
18929,OMN,BRN,160574.557814865
18930,OMN,BWA,93487.8346041552
18931,OMN,CAN,7424259.46749413
18932,OMN,CHE,22234797.9905613
18933,OMN,CHL,189487.515838861
18934,OMN,CHN,3706723769.76899
18935,OMN,CIV,1464524.07165292
18936,OMN,CMR,333863.883202868
18937,OMN,COD,201.441055477864
18938,OMN,COG,2123368.2402351
18939,OMN,COL,1877632.07810917
18940,OMN,COM,1220149.71341282
18941,OMN,CPV,172.663761838169
18942,OMN,CRI,12149.4993052159
18943,OMN,CYP,1616066.34896043
18944,OMN,CZE,21414560.0260024
18945,OMN,DEU,21391055.1436616
18946,OMN,DJI,12695399.0841717
18947,OMN,DNK,1801139.97609388
18948,OMN,DOM,57032.6356901314
18949,OMN,DZA,4648205.0781693
18950,OMN,ECU,890890.197192304
18951,OMN,EGY,93314344.5228854
18952,OMN,ERI,1541921.65189775
18953,OMN,ESP,244466094.180901
18954,OMN,EST,25156.1508566999
18955,OMN,ETH,5256711.2482852
18956,OMN,FIN,2347871.55587055
18957,OMN,FJI,35128.1682765122
18958,OMN,FRA,42453483.8715628
18959,OMN,GAB,1135291.64103228
18960,OMN,GBR,92650296.8241972
18961,OMN,GEO,1463903.66814591
18962,OMN,GHA,2476782.18342419
18963,OMN,GIN,310976.342328097
18964,OMN,GMB,36266.9268962544
18965,OMN,GNQ,179658.014539931
18966,OMN,GRC,5914782.84382782
18967,OMN,GTM,65255.9391962984
18968,OMN,HKG,91379024.2486335
18969,OMN,HRV,622897.539130698
18970,OMN,HTI,15681.5695126594
18971,OMN,HUN,1874686.51655305
18972,OMN,IDN,66413922.4185393
18973,OMN,IND,1696280489.6909
18974,OMN,IRL,1558301.413368
18975,OMN,IRN,439129894.099975
18976,OMN,IRQ,123201627.710767
18977,OMN,ITA,48498920.4247305
18978,OMN,JOR,25272761.9319172
18979,OMN,JPN,2257225659.89916
18980,OMN,KAZ,11852223.6953549
18981,OMN,KEN,59193565.1503028
18982,OMN,KGZ,690425.514177216
18983,OMN,KHM,528259.297954613
18984,OMN,KOR,2825992950.04813
18985,OMN,KWT,34041399.2635984
18986,OMN,LBN,8225250.76970334
18987,OMN,LBR,699410.196355724
18988,OMN,LBY,58267207.6238733
18989,OMN,LKA,20947843.0260172
18990,OMN,LTU,542532.150426244
18991,OMN,LUX,27737.8852003754
18992,OMN,LVA,1184706.36525359
18993,OMN,MAC,25744.5985494756
18994,OMN,MAR,4729799.33062575
18995,OMN,MDG,189172.33595614
18996,OMN,MDV,509210.099912451
18997,OMN,MEX,603377.62678543
18998,OMN,MKD,5591.87351707046
18999,OMN,MLI,38551.2958723197
19000,OMN,MLT,2572091.89478521
19001,OMN,MMR,5825604.75153303
19002,OMN,MOZ,1336268.83394362
19003,OMN,MRT,301316.078922715
19004,OMN,MUS,1406077.75209791
19005,OMN,MWI,28106.3866675155
19006,OMN,MYS,106776909.941287
19007,OMN,NAM,414912.390044436
19008,OMN,NER,10692.1349344628
19009,OMN,NGA,9735794.89392896
19010,OMN,NLD,66896609.4461471
19011,OMN,NOR,217139.683073915
19012,OMN,NPL,1422473.95773596
19013,OMN,NZL,21868134.0248781
19014,OMN,PAK,183414722.357047
19015,OMN,PER,10520.1563462827
19016,OMN,PHL,57257639.1825372
19017,OMN,PNG,18431.1714025664
19018,OMN,POL,2943609.4963683
19019,OMN,PRT,1115189.33107764
19020,OMN,PRY,53985.5176944094
19021,OMN,PSE,687633.431520508
19022,OMN,QAT,230742293.191814
19023,OMN,ROU,22430016.8908664
19024,OMN,RUS,7303289.31746407
19025,OMN,RWA,365470.944050466
19026,OMN,SAU,385483041.300591
19027,OMN,SDN,25265236.6696304
19028,OMN,SEN,826281.061929241
19029,OMN,SGP,467179744.348267
19030,OMN,SLE,499428.560769587
19031,OMN,SLV,852.472510183312
19032,OMN,SOM,72802227.4071244
19033,OMN,SRB,1137218.34935883
19034,OMN,SUR,11992.5945375138
19035,OMN,SVK,168269.057995193
19036,OMN,SVN,852007.27726947
19037,OMN,SWE,4837325.34092742
19038,OMN,SWZ,3355.65374947998
19039,OMN,SYC,6201193.35762712
19040,OMN,SYR,32032329.6374846
19041,OMN,TCD,848183.323083681
19042,OMN,TGO,249795.834549795
19043,OMN,THA,1421656806.61302
19044,OMN,TJK,1771986.5221159
19045,OMN,TKM,3082410.60567644
19046,OMN,TTO,83896.7737382398
19047,OMN,TUN,4676401.34454693
19048,OMN,TUR,35891073.515763
19049,OMN,TZA,12700748.920094
19050,OMN,UGA,17884343.8984776
19051,OMN,UKR,6416916.47019953
19052,OMN,USA,662230644.183495
19053,OMN,UZB,1009299.85326209
19054,OMN,VEN,166232.721883355
19055,OMN,VNM,37680992.4028583
19056,OMN,YEM,109493356.27788
19057,OMN,ZAF,80233976.5078751
19058,OMN,ZMB,123484.777095319
19059,PAK,ABW,83431.540824398
19060,PAK,AFG,941334849.790195
19061,PAK,AGO,10274335.9077968
19062,PAK,AIA,48872.0666840988
19063,PAK,ALB,379413.542818898
19064,PAK,AND,222412.279369789
19065,PAK,ARE,1075551841.73828
19066,PAK,ARG,26004916.5773929
19067,PAK,ARM,1909694.09426574
19068,PAK,ATG,7543.07680189048
19069,PAK,AUS,93460266.642022
19070,PAK,AUT,57151237.1948254
19071,PAK,AZE,4075259.43940784
19072,PAK,BDI,1255583.46914084
19073,PAK,BEL,271646893.36194
19074,PAK,BEN,53848125.9873159
19075,PAK,BFA,9101546.66246163
19076,PAK,BGD,251718453.759947
19077,PAK,BGR,9618941.26723669
19078,PAK,BHR,51198375.1397757
19079,PAK,BHS,32816.3923541234
19080,PAK,BIH,4342536.09099675
19081,PAK,BLR,5857275.53353084
19082,PAK,BLZ,56562.6339676293
19083,PAK,BMU,101133.002281101
19084,PAK,BOL,455981.699110229
19085,PAK,BRA,31988808.0918965
19086,PAK,BRB,314408.37718146
19087,PAK,BRN,276416.18301414
19088,PAK,BWA,1595526.21303826
19089,PAK,CAF,202714.108134591
19090,PAK,CAN,146159021.354806
19091,PAK,CHE,39773600.0211168
19092,PAK,CHL,36875297.8761262
19093,PAK,CHN,863494137.593039
19094,PAK,CIV,28546368.8765358
19095,PAK,CMR,19870369.078949
19096,PAK,COD,4543187.8264205
19097,PAK,COG,1331874.8152743
19098,PAK,COL,23566593.8765709
19099,PAK,COM,19050881.8146309
19100,PAK,CPV,32859.5582945829
19101,PAK,CRI,1723014.42007772
19102,PAK,CUB,631615.003582551
19103,PAK,CYM,32621.1178615683
19104,PAK,CYP,3723200.76971445
19105,PAK,CZE,38699111.8114473
19106,PAK,DEU,637394874.490882
19107,PAK,DJI,62965650.3198273
19108,PAK,DMA,13332.7942127338
19109,PAK,DNK,56010438.8131031
19110,PAK,DOM,11511188.0994729
19111,PAK,DZA,16779765.1666692
19112,PAK,ECU,4590238.01634774
19113,PAK,EGY,68720356.7270896
19114,PAK,ERI,269948.14368179
19115,PAK,ESP,322079947.592975
19116,PAK,EST,12521975.5949297
19117,PAK,ETH,172605120.962183
19118,PAK,FIN,31128845.9484566
19119,PAK,FJI,972265.53186878
19120,PAK,FRA,426446433.481622
19121,PAK,FRO,200280.371301063
19122,PAK,FSM,573.490351819632
19123,PAK,GAB,669331.75793932
19124,PAK,GBR,783078146.758414
19125,PAK,GEO,1235120.75784204
19126,PAK,GHA,5313897.19363685
19127,PAK,GIN,21207288.8278678
19128,PAK,GMB,6487763.42644583
19129,PAK,GNB,1115492.17783452
19130,PAK,GNQ,1048096.44130401
19131,PAK,GRC,49868621.6221468
19132,PAK,GRD,339042.425710697
19133,PAK,GRL,306962.458004286
19134,PAK,GTM,17232108.5936549
19135,PAK,GUY,251276.476325234
19136,PAK,HKG,251168355.236814
19137,PAK,HND,6212040.63917368
19138,PAK,HRV,13122376.0119877
19139,PAK,HTI,2654453.87952933
19140,PAK,HUN,9497708.69569557
19141,PAK,IDN,52352771.4779165
19142,PAK,IND,186449250.971975
19143,PAK,IRL,43276317.3397153
19144,PAK,IRN,172773219.700396
19145,PAK,IRQ,61491197.0328678
19146,PAK,ISL,1476033.9825887
19147,PAK,ISR,1581380.80286704
19148,PAK,ITA,402858433.044427
19149,PAK,JAM,1007303.94239608
19150,PAK,JOR,21754062.8884113
19151,PAK,JPN,161839796.066022
19152,PAK,KAZ,10535929.7290656
19153,PAK,KEN,103359440.509548
19154,PAK,KGZ,1312916.06015501
19155,PAK,KHM,15949930.1089754
19156,PAK,KNA,7594.46482624708
19157,PAK,KOR,261827432.597795
19158,PAK,KWT,59674704.3706171
19159,PAK,LAO,116948.180657087
19160,PAK,LBN,13882261.6909273
19161,PAK,LBR,3003751.98455429
19162,PAK,LBY,7265199.14346364
19163,PAK,LCA,195506.081251506
19164,PAK,LKA,148657314.565225
19165,PAK,LSO,1465330.8848757
19166,PAK,LTU,12816799.523259
19167,PAK,LUX,2327284.14296598
19168,PAK,LVA,2670637.68133337
19169,PAK,MAC,118586.056768758
19170,PAK,MAR,11416738.1378515
19171,PAK,MDA,927038.58904571
19172,PAK,MDG,29190917.8600961
19173,PAK,MDV,2701361.55333569
19174,PAK,MEX,81506595.4496769
19175,PAK,MKD,2713434.25152557
19176,PAK,MLI,16927.9003967214
19177,PAK,MLT,1131418.35434311
19178,PAK,MMR,5609407.79615459
19179,PAK,MNE,284211.403722207
19180,PAK,MNG,14429.7572393327
19181,PAK,MOZ,39725474.5443168
19182,PAK,MRT,1533393.29537553
19183,PAK,MSR,4157.63375727781
19184,PAK,MUS,20812908.3516616
19185,PAK,MWI,7641374.41511381
19186,PAK,MYS,108432510.125146
19187,PAK,NAM,1179738.85623245
19188,PAK,NCL,779086.300360141
19189,PAK,NER,15134767.359996
19190,PAK,NGA,26264145.1791939
19191,PAK,NIC,11990448.5736166
19192,PAK,NLD,269522510.379517
19193,PAK,NOR,53468111.3320544
19194,PAK,NPL,2202139.91501084
19195,PAK,NZL,26544223.6154106
19196,PAK,OMN,128558439.38613
19197,PAK,PAN,7225602.27258908
19198,PAK,PER,10627134.565041
19199,PAK,PHL,42596310.3761123
19200,PAK,PNG,69289.5565214623
19201,PAK,POL,81670239.58548
19202,PAK,PRK,319636.252192671
19203,PAK,PRT,84695116.1590868
19204,PAK,PRY,4035918.13830775
19205,PAK,PSE,214377.271177296
19206,PAK,PYF,515901.505857338
19207,PAK,QAT,104098947.068375
19208,PAK,ROU,16740972.7855935
19209,PAK,RUS,101405701.39702
19210,PAK,RWA,3432687.13868515
19211,PAK,SAU,291693363.033796
19212,PAK,SDN,57933743.1969131
19213,PAK,SEN,8855389.90922637
19214,PAK,SGP,36714856.4345348
19215,PAK,SLB,21230.1057958558
19216,PAK,SLE,14972713.5122533
19217,PAK,SLV,9408642.84169772
19218,PAK,SMR,2452.92169595494
19219,PAK,SOM,44908893.4330703
19220,PAK,SRB,6067984.93308165
19221,PAK,SUR,211670.013019459
19222,PAK,SVK,20233311.7322011
19223,PAK,SVN,9345784.45531407
19224,PAK,SWE,59657261.9048031
19225,PAK,SWZ,723731.805696872
19226,PAK,SYC,8466764.28262876
19227,PAK,SYR,13428815.8195256
19228,PAK,TCD,259827.443578172
19229,PAK,TGO,13518691.4186043
19230,PAK,THA,77720371.7217179
19231,PAK,TJK,667836.023843714
19232,PAK,TKM,402540.209300341
19233,PAK,TON,4236.42872795793
19234,PAK,TTO,3102695.17182414
19235,PAK,TUN,15449366.900628
19236,PAK,TUR,424272530.258234
19237,PAK,TZA,27008345.1775789
19238,PAK,UGA,14387188.0851293
19239,PAK,UKR,18469555.5160662
19240,PAK,URY,4871407.24902803
19241,PAK,USA,2303003591.28594
19242,PAK,UZB,1447978.86198463
19243,PAK,VCT,43771.633973292
19244,PAK,VEN,16752443.8670529
19245,PAK,VGB,49163.2654887862
19246,PAK,VNM,62812618.1536406
19247,PAK,WSM,12531.826206429
19248,PAK,YEM,67021317.9036557
19249,PAK,ZAF,130911164.027021
19250,PAK,ZMB,1686843.65798955
19251,PAK,ZWE,2374103.42937045
19252,PAN,ABW,26263580.5960997
19253,PAN,AGO,17937319.4702
19254,PAN,ALB,504746.878703666
19255,PAN,AND,502.118552551241
19256,PAN,ARE,1441010.64588187
19257,PAN,ARG,30020944.1244064
19258,PAN,ARM,55899.2077214491
19259,PAN,ATG,6206199.53373848
19260,PAN,AUS,1141192.35657574
19261,PAN,AUT,3649936.52080242
19262,PAN,AZE,4065468.99300743
19263,PAN,BEL,8598817.72569778
19264,PAN,BEN,84431.8943652065
19265,PAN,BGD,1165065.8623445
19266,PAN,BGR,227669.503109471
19267,PAN,BHR,72.628407757325
19268,PAN,BHS,17595380.1302629
19269,PAN,BIH,60732.4227056016
19270,PAN,BLR,349918.187185527
19271,PAN,BLZ,29612507.3106045
19272,PAN,BMU,3587669.3091027
19273,PAN,BOL,23202313.0791645
19274,PAN,BRA,127483118.93987
19275,PAN,BRB,19604465.5153709
19276,PAN,CAN,24525316.9510875
19277,PAN,CHE,150568322.719791
19278,PAN,CHL,108341270.345314
19279,PAN,CHN,19738919.8829921
19280,PAN,CIV,261813.308428007
19281,PAN,CMR,811854.045384541
19282,PAN,COD,58575.4960299407
19283,PAN,COG,209.663139374919
19284,PAN,COL,892642151.977352
19285,PAN,CPV,195.95966621316
19286,PAN,CRI,309673473.654464
19287,PAN,CUB,132762512.158433
19288,PAN,CYP,51677.167640311
19289,PAN,CZE,7106852.77038488
19290,PAN,DEU,67590470.1668466
19291,PAN,DMA,8707129.97756832
19292,PAN,DNK,6983836.69181176
19293,PAN,DOM,291328844.48113
19294,PAN,DZA,2551375.66923292
19295,PAN,ECU,269989550.096295
19296,PAN,EGY,311451.515056197
19297,PAN,ESP,44984229.0592454
19298,PAN,EST,3384961.07290636
19299,PAN,ETH,130606.289841292
19300,PAN,FIN,23810547.9020121
19301,PAN,FRA,19743108.349564
19302,PAN,FRO,157338.482627715
19303,PAN,FSM,81672.7000440862
19304,PAN,GBR,14948122.6296645
19305,PAN,GEO,857814.809195424
19306,PAN,GHA,56379868.0053763
19307,PAN,GRC,307306816.69241
19308,PAN,GRD,1646786.79509446
19309,PAN,GRL,3647.40548930944
19310,PAN,GTM,243496731.634583
19311,PAN,GUY,22297471.3759462
19312,PAN,HKG,18232231.9161143
19313,PAN,HND,167837449.978622
19314,PAN,HRV,176933.764075373
19315,PAN,HTI,99884422.6570929
19316,PAN,HUN,86331.8809190844
19317,PAN,IDN,117461925.921443
19318,PAN,IND,267478440.027427
19319,PAN,IRL,644671.574831242
19320,PAN,ISL,2685315.47143693
19321,PAN,ISR,9716447.64534553
19322,PAN,ITA,52581118.4519618
19323,PAN,JAM,76868530.2564737
19324,PAN,JOR,151882.444788361
19325,PAN,JPN,292087149.46444
19326,PAN,KAZ,844979.451058462
19327,PAN,KEN,135163.522357356
19328,PAN,KHM,165949.059988907
19329,PAN,KNA,522272.935703898
19330,PAN,KOR,747211211.225451
19331,PAN,LBN,128909.257206329
19332,PAN,LCA,4711017.68810085
19333,PAN,LKA,12573266.8796175
19334,PAN,LTU,27444.6308747137
19335,PAN,LUX,13618.5116281565
19336,PAN,MAC,3536.36419075873
19337,PAN,MAR,17044.4244548842
19338,PAN,MDA,228663.004913699
19339,PAN,MEX,100405602.055639
19340,PAN,MKD,220821.672018443
19341,PAN,MLT,302518.558692659
19342,PAN,MNE,3112.74392869366
19343,PAN,MOZ,173096.106416422
19344,PAN,MSR,356.975475863833
19345,PAN,MUS,9883.63001791899
19346,PAN,MYS,3653654.95824486
19347,PAN,NAM,1581757.64837899
19348,PAN,NER,148.68268380509
19349,PAN,NGA,1481675.70248939
19350,PAN,NIC,194742391.488416
19351,PAN,NLD,42469018.128739
19352,PAN,NOR,8469173.53683714
19353,PAN,NZL,68026.0962959481
19354,PAN,OMN,7068.25145683552
19355,PAN,PAK,69793.159160157
19356,PAN,PER,99448861.1885147
19357,PAN,PHL,3293788.73471756
19358,PAN,POL,26540148.8876659
19359,PAN,PRT,3373225.02794164
19360,PAN,PRY,55776770.6146171
19361,PAN,ROU,522759.641960185
19362,PAN,RUS,4179559.31433663
19363,PAN,SAU,12558201.9663971
19364,PAN,SDN,1428.11156659471
19365,PAN,SEN,19811.7963236137
19366,PAN,SGP,14852455.257654
19367,PAN,SLV,137905298.19374
19368,PAN,SRB,481250.903620513
19369,PAN,SUR,12849032.8328301
19370,PAN,SVK,2633939.09503252
19371,PAN,SVN,255345.037506961
19372,PAN,SWE,33418838.1447338
19373,PAN,SYC,94452.3672661188
19374,PAN,SYR,249898.592098819
19375,PAN,TCA,601909.984809805
19376,PAN,TGO,167539.382308012
19377,PAN,THA,18027250.5683451
19378,PAN,TTO,88659761.163133
19379,PAN,TUN,21668.6169370321
19380,PAN,TUR,8241535.29203512
19381,PAN,TZA,126052.76822576
19382,PAN,UGA,114999.546773485
19383,PAN,UKR,18779843.9440416
19384,PAN,URY,49232361.1411625
19385,PAN,USA,1856913560.65099
19386,PAN,VCT,496626.200508007
19387,PAN,VEN,1224442903.29696
19388,PAN,VNM,8885707.47324945
19389,PAN,YEM,821941.171978912
19390,PAN,ZAF,580519.548377957
19391,PAN,ZMB,51227.2983754046
19392,PAN,ZWE,460719.620142015
19393,PER,ABW,2062023.95745283
19394,PER,AFG,3404.62790703913
19395,PER,AGO,850471.117928037
19396,PER,AIA,16535.295890637
19397,PER,ALB,192978.475626819
19398,PER,AND,159235.487991007
19399,PER,ARE,5142651.74127093
19400,PER,ARG,57537534.6773871
19401,PER,ARM,19713.8164905071
19402,PER,ATG,663820.22103366
19403,PER,AUS,84876970.8403746
19404,PER,AUT,20233336.3984528
19405,PER,AZE,14631.8834684686
19406,PER,BEL,261658815.471582
19407,PER,BEN,82710.7381360895
19408,PER,BFA,648241.910617143
19409,PER,BGD,535289.179686596
19410,PER,BGR,106760619.937566
19411,PER,BHR,247598.464128618
19412,PER,BHS,1888133.04959302
19413,PER,BIH,858236.190995148
19414,PER,BLR,992199.974277192
19415,PER,BLZ,1169943.96305499
19416,PER,BMU,124626.236669621
19417,PER,BOL,220621826.047241
19418,PER,BRA,348144964.610132
19419,PER,BRB,970359.37875198
19420,PER,BRN,2371.38603064247
19421,PER,CAN,1732916035.90416
19422,PER,CHE,2851895359.90624
19423,PER,CHL,515398852.18416
19424,PER,CHN,2962614930.99857
19425,PER,CIV,617855.346180829
19426,PER,CMR,17538.3901260778
19427,PER,COD,371458.676648497
19428,PER,COG,906146.959036949
19429,PER,COL,441104773.56055
19430,PER,CPV,942974.35798552
19431,PER,CRI,31612030.4121402
19432,PER,CUB,6397152.63603199
19433,PER,CYM,18222.1934368496
19434,PER,CYP,571116.225094358
19435,PER,CZE,9544810.95882083
19436,PER,DEU,805220229.363394
19437,PER,DJI,31367.2500672673
19438,PER,DMA,536176.479573819
19439,PER,DNK,55240061.0699372
19440,PER,DOM,56930369.2091787
19441,PER,DZA,17340484.5666757
19442,PER,ECU,456109198.280047
19443,PER,EGY,2089234.05406955
19444,PER,ESP,510230550.371583
19445,PER,EST,2367464.60365208
19446,PER,ETH,52.3411009149983
19447,PER,FIN,141256602.460839
19448,PER,FJI,30999.3118128741
19449,PER,FRA,202712384.237667
19450,PER,FRO,7451562.95259528
19451,PER,GAB,294620.561935879
19452,PER,GBR,185459567.640544
19453,PER,GEO,83145.1382353173
19454,PER,GHA,351444.754095747
19455,PER,GIN,558218.51615451
19456,PER,GMB,656933.540596218
19457,PER,GNB,57151.7051684339
19458,PER,GNQ,12847.0060891495
19459,PER,GRC,5950028.17679986
19460,PER,GRD,248831.776713176
19461,PER,GRL,13263.2764933842
19462,PER,GTM,55310696.9926968
19463,PER,GUY,1241090.67592496
19464,PER,HKG,44102165.1718219
19465,PER,HND,41411217.5729155
19466,PER,HRV,1345940.74530119
19467,PER,HTI,32978311.2226554
19468,PER,HUN,443992.530441006
19469,PER,IDN,29334837.2597961
19470,PER,IND,74010154.9928242
19471,PER,IRL,4872167.85482449
19472,PER,IRN,978774.681620616
19473,PER,IRQ,12089.2040233042
19474,PER,ISL,912171.691012517
19475,PER,ISR,4497290.78375981
19476,PER,ITA,441501760.398297
19477,PER,JAM,2833271.18599079
19478,PER,JOR,787936.688501664
19479,PER,JPN,1139458162.86225
19480,PER,KAZ,1135840.46513241
19481,PER,KEN,31768.7618309069
19482,PER,KNA,1259297.11036768
19483,PER,KOR,629924088.178007
19484,PER,KWT,1003091.49474616
19485,PER,LAO,48069.0431568197
19486,PER,LBN,2490956.37088906
19487,PER,LBR,801133.133156438
19488,PER,LBY,385702.06665283
19489,PER,LCA,1924251.29380547
19490,PER,LKA,714941.027663604
19491,PER,LTU,1319692.4276335
19492,PER,LUX,587410.339857348
19493,PER,LVA,130671.523854931
19494,PER,MAC,369289.618288046
19495,PER,MAR,6105306.0407613
19496,PER,MDA,137496.538663146
19497,PER,MDG,1513444.8726838
19498,PER,MEX,243488161.482467
19499,PER,MKD,83046.1032347772
19500,PER,MLI,352173.778867953
19501,PER,MLT,100453.310012278
19502,PER,MNE,43187.1808429429
19503,PER,MRT,463317.853467377
19504,PER,MSR,78105.6859800802
19505,PER,MUS,658327.183816769
19506,PER,MWI,1585.24997851426
19507,PER,MYS,7949869.19891292
19508,PER,NAM,38998362.7769646
19509,PER,NCL,1045187.19395177
19510,PER,NER,49387.317274981
19511,PER,NGA,4631086.69949563
19512,PER,NIC,12481890.0650539
19513,PER,NLD,319274749.774448
19514,PER,NOR,189747757.737818
19515,PER,NZL,11579364.9339736
19516,PER,OMN,237283.859879762
19517,PER,PAK,1874191.82117191
19518,PER,PAN,62592911.0536118
19519,PER,PHL,72202187.2612275
19520,PER,PNG,3954.13718082568
19521,PER,POL,20665349.3526558
19522,PER,PRK,2181007.78904809
19523,PER,PRT,13456064.4907341
19524,PER,PRY,2790493.73899538
19525,PER,PSE,1559.17912082401
19526,PER,PYF,80417.4619024691
19527,PER,QAT,2545738.06037417
19528,PER,ROU,5500549.17310561
19529,PER,RUS,20081425.8615445
19530,PER,RWA,1798.58085248093
19531,PER,SAU,4601653.00949148
19532,PER,SDN,6833.38763031612
19533,PER,SEN,1775432.94561608
19534,PER,SGP,13889897.266173
19535,PER,SLV,20789277.1644088
19536,PER,SRB,1791740.07867858
19537,PER,SUR,512886.741761751
19538,PER,SVK,20500011.4675699
19539,PER,SVN,1901363.06775704
19540,PER,SWE,128147836.053222
19541,PER,SWZ,398.085895349112
19542,PER,SYC,6366.94195909957
19543,PER,SYR,3232627.39330199
19544,PER,TGO,99031.574671745
19545,PER,THA,34318678.0802481
19546,PER,TLS,56728.2678477355
19547,PER,TTO,14713786.3868618
19548,PER,TUN,904653.280462317
19549,PER,TUR,47431182.1101701
19550,PER,TZA,111133.111820895
19551,PER,UKR,2243422.99825796
19552,PER,URY,10365167.3241286
19553,PER,USA,3154383896.97371
19554,PER,VCT,646868.339558906
19555,PER,VEN,420810446.428923
19556,PER,VGB,130955.870923038
19557,PER,VNM,53292032.1946751
19558,PER,VUT,278.180505183716
19559,PER,WSM,44253.3110549278
19560,PER,YEM,242730.990461561
19561,PER,ZAF,19349582.9700832
19562,PER,ZMB,133376.589457063
19563,PHL,ABW,102493.071992405
19564,PHL,AFG,77341.0321776541
19565,PHL,AGO,33223741.7973299
19566,PHL,ALB,277780.363767393
19567,PHL,AND,6887889.08377507
19568,PHL,ARE,151198242.70652
19569,PHL,ARG,39266330.0836008
19570,PHL,ARM,1236571.95564987
19571,PHL,ATG,423927.219863899
19572,PHL,AUS,258623156.320118
19573,PHL,AUT,89470457.2650353
19574,PHL,AZE,84852.5909912725
19575,PHL,BDI,596339.52296955
19576,PHL,BEL,337457745.796666
19577,PHL,BEN,15961.1203651593
19578,PHL,BFA,305702.72101243
19579,PHL,BGD,34460036.9428219
19580,PHL,BGR,12068225.3762408
19581,PHL,BHR,14093054.6816644
19582,PHL,BHS,1343683.09809779
19583,PHL,BIH,1681606.63522483
19584,PHL,BLR,3922687.70991945
19585,PHL,BLZ,72491.3730257074
19586,PHL,BMU,321632.848232339
19587,PHL,BOL,1168685.63478018
19588,PHL,BRA,208198914.360328
19589,PHL,BRB,555374.360299786
19590,PHL,BRN,4248672.78122796
19591,PHL,BTN,79077.262227249
19592,PHL,BWA,11188.8858365766
19593,PHL,CAF,1554.65903020161
19594,PHL,CAN,443926537.254953
19595,PHL,CHE,102217578.213466
19596,PHL,CHL,34268555.4078815
19597,PHL,CHN,8185502785.14884
19598,PHL,CIV,917522.198405053
19599,PHL,CMR,890672.99714269
19600,PHL,COG,116243.136962915
19601,PHL,COK,12370.8103967783
19602,PHL,COL,5727636.56637864
19603,PHL,CPV,9590.37569225734
19604,PHL,CRI,24763225.6893435
19605,PHL,CUB,771504.853833398
19606,PHL,CYM,156005.134689076
19607,PHL,CYP,2709229.40245151
19608,PHL,CZE,76437867.0943771
19609,PHL,DEU,1716769324.60576
19610,PHL,DJI,190075.3948375
19611,PHL,DMA,18433.2269235407
19612,PHL,DNK,39314179.8711871
19613,PHL,DOM,4003304.66150282
19614,PHL,DZA,3970216.15106003
19615,PHL,ECU,3457963.19493202
19616,PHL,EGY,14613189.875555
19617,PHL,ESP,121563552.399243
19618,PHL,EST,4579178.4707426
19619,PHL,ETH,2282099.07453102
19620,PHL,FIN,40233754.1784016
19621,PHL,FJI,1021113.61747485
19622,PHL,FRA,427024636.457862
19623,PHL,FRO,64972.9624755081
19624,PHL,FSM,3947115.5211776
19625,PHL,GAB,9660.9485790404
19626,PHL,GBR,1107503743.63626
19627,PHL,GEO,98168.9410362122
19628,PHL,GHA,7290804.76824004
19629,PHL,GMB,13828.1747675314
19630,PHL,GRC,12051018.6101653
19631,PHL,GRD,33936.6512850972
19632,PHL,GRL,30847.5184406613
19633,PHL,GTM,2511982.98010846
19634,PHL,GUY,442.62218312483
19635,PHL,HKG,3244500471.62798
19636,PHL,HND,712725.861227005
19637,PHL,HRV,6736594.51798535
19638,PHL,HTI,146949.879623785
19639,PHL,HUN,120994816.281755
19640,PHL,IDN,372758584.686753
19641,PHL,IND,234991855.328451
19642,PHL,IRL,41316555.9659473
19643,PHL,IRN,43428285.2311402
19644,PHL,IRQ,2816393.98844476
19645,PHL,ISL,1006412.53146691
19646,PHL,ISR,48624718.9935291
19647,PHL,ITA,206583224.215557
19648,PHL,JAM,1051182.46346004
19649,PHL,JOR,5289098.70342967
19650,PHL,JPN,4393694234.10967
19651,PHL,KAZ,5054988.56793418
19652,PHL,KEN,2961369.8827596
19653,PHL,KGZ,182865.312433441
19654,PHL,KHM,6144642.8471222
19655,PHL,KIR,615129.040195296
19656,PHL,KNA,11797.3200449587
19657,PHL,KOR,1816820154.70402
19658,PHL,KWT,18364467.0062569
19659,PHL,LAO,1074055.61568799
19660,PHL,LBN,6032164.73941047
19661,PHL,LBR,372.734469999857
19662,PHL,LBY,424693.244013642
19663,PHL,LCA,98002.4438372969
19664,PHL,LKA,6704985.40161678
19665,PHL,LTU,1284416.9470205
19666,PHL,LUX,4075691.7839861
19667,PHL,LVA,880124.748676426
19668,PHL,MAC,6746469.02149014
19669,PHL,MAR,4166606.23514312
19670,PHL,MDA,420788.439336198
19671,PHL,MDG,119208.217061033
19672,PHL,MDV,1230872.6811619
19673,PHL,MEX,732956876.257104
19674,PHL,MHL,202819313.123922
19675,PHL,MKD,9065275.37374987
19676,PHL,MLT,4685498.39520537
19677,PHL,MMR,5125325.75497886
19678,PHL,MNE,446426.952448192
19679,PHL,MNG,872588.523611117
19680,PHL,MOZ,355912.086346481
19681,PHL,MRT,8159170.56659636
19682,PHL,MSR,1594.39910237071
19683,PHL,MUS,2567869.85470407
19684,PHL,MWI,88510.0479781461
19685,PHL,MYS,931771103.372159
19686,PHL,NAM,38842.4946770071
19687,PHL,NCL,1544245.07577233
19688,PHL,NER,36445.7572210154
19689,PHL,NGA,3931488.76555759
19690,PHL,NIC,1032401.85349185
19691,PHL,NLD,2564963985.25796
19692,PHL,NOR,23949835.9745167
19693,PHL,NPL,1026592.95121858
19694,PHL,NZL,60221286.5825363
19695,PHL,OMN,2955681.57105015
19696,PHL,PAK,27361563.1611018
19697,PHL,PAN,5075038.80469081
19698,PHL,PER,9772979.26835339
19699,PHL,PLW,4723967.47023872
19700,PHL,PNG,5765359.48729833
19701,PHL,POL,106074291.761865
19702,PHL,PRT,10068173.3206411
19703,PHL,PRY,450881.266399422
19704,PHL,PSE,295878.958042887
19705,PHL,PYF,1459023.17617935
19706,PHL,QAT,8196507.04957289
19707,PHL,ROU,9496443.20735603
19708,PHL,RUS,113919338.298348
19709,PHL,RWA,11865.1522371094
19710,PHL,SAU,106857460.32688
19711,PHL,SDN,2353559.18240634
19712,PHL,SEN,1663370.05314116
19713,PHL,SGP,3533078668.6442
19714,PHL,SLB,383247.774609558
19715,PHL,SLE,4353226.17041024
19716,PHL,SLV,1456785.4675294
19717,PHL,SRB,4509044.93786431
19718,PHL,SUR,46559.6055880519
19719,PHL,SVK,14258746.1163578
19720,PHL,SVN,7527759.05959027
19721,PHL,SWE,83959702.1425196
19722,PHL,SWZ,56284.9604909526
19723,PHL,SYC,2107322.90106459
19724,PHL,SYR,1636220.04693943
19725,PHL,TCA,17883.0324760961
19726,PHL,TGO,3695747.21308249
19727,PHL,THA,1221757298.68224
19728,PHL,TLS,11514.3433241684
19729,PHL,TON,151839.964021559
19730,PHL,TTO,923771.681043946
19731,PHL,TUN,5832865.53678779
19732,PHL,TUR,67626206.3383572
19733,PHL,TUV,5943.19631025507
19734,PHL,TZA,392170.10598518
19735,PHL,UGA,407763.973269604
19736,PHL,UKR,15318165.7375354
19737,PHL,URY,3119193.46833724
19738,PHL,USA,4837959654.83004
19739,PHL,UZB,2679.71417678206
19740,PHL,VCT,9242.99264760674
19741,PHL,VEN,5156950.63034156
19742,PHL,VGB,97977.7775856057
19743,PHL,VNM,341513157.81072
19744,PHL,VUT,578177.624814612
19745,PHL,WSM,749264.116891862
19746,PHL,YEM,6825890.46014932
19747,PHL,ZAF,80886907.2639607
19748,PHL,ZMB,19670.511459795
19749,PHL,ZWE,153491.917711209
19750,PLW,BRA,21.2403834007271
19751,PLW,CZE,685.173658087972
19752,PLW,DEU,277.847510785886
19753,PLW,DOM,2785.38851006897
19754,PLW,FJI,657.081538106365
19755,PLW,FSM,122866.025541993
19756,PLW,IND,8389.26626962913
19757,PLW,IRL,79.3204988758702
19758,PLW,JPN,11721601.5040034
19759,PLW,KNA,1043.51948126798
19760,PLW,KOR,52228.7324350718
19761,PLW,MEX,153272.662140621
19762,PLW,MYS,999.668367150351
19763,PLW,PAK,24577.1791156155
19764,PLW,PHL,170589.056001478
19765,PLW,PLW,75985.7586819561
19766,PLW,SDN,120635.317311308
19767,PLW,THA,1112.03684707678
19768,PLW,USA,58662.5130845179
19769,PLW,ZAF,12.3331258455835
19770,PNG,AGO,5682521.30686184
19771,PNG,ARG,14033.7268649578
19772,PNG,ARM,8635.9287865408
19773,PNG,AUS,1600355296.42526
19774,PNG,AUT,566202.844792209
19775,PNG,BEL,27784239.253866
19776,PNG,BGD,116439.781802786
19777,PNG,BGR,6977.12336030982
19778,PNG,BOL,126.071953088187
19779,PNG,BRN,872.226066745988
19780,PNG,CAN,1222826.68689497
19781,PNG,CHE,3424008.96551672
19782,PNG,CHL,118469.081181155
19783,PNG,CHN,245103679.007328
19784,PNG,COL,1812.96949930077
19785,PNG,CZE,118615.893340873
19786,PNG,DEU,144528266.43933
19787,PNG,DNK,3003213.43805903
19788,PNG,DOM,3329.52602237611
19789,PNG,ECU,27526.1665400262
19790,PNG,ESP,82905030.1197665
19791,PNG,FIN,62687.9083257847
19792,PNG,FJI,1710071.48967644
19793,PNG,FRA,8671139.86082994
19794,PNG,GBR,57915693.6672381
19795,PNG,GHA,21397.2881684293
19796,PNG,GRC,14986187.4522396
19797,PNG,HKG,7537452.89650489
19798,PNG,HRV,20196.1787458011
19799,PNG,IDN,27614024.9878555
19800,PNG,IND,48400102.6242401
19801,PNG,IRL,315035.918142471
19802,PNG,ISL,3033.94895801354
19803,PNG,ISR,685.173658087972
19804,PNG,ITA,74610319.2181892
19805,PNG,JPN,468775150.655915
19806,PNG,KAZ,28269.5799590516
19807,PNG,KEN,338259.272219502
19808,PNG,KHM,5780.12497963013
19809,PNG,KIR,1990.42947674556
19810,PNG,KOR,146243030.497024
19811,PNG,LKA,379268.971177042
19812,PNG,MDA,2555.01257101005
19813,PNG,MEX,120556.305140579
19814,PNG,MKD,92.5806646808467
19815,PNG,MLT,143534.288938217
19816,PNG,MUS,7073.04767244213
19817,PNG,MWI,185.207235996785
19818,PNG,MYS,75800684.3696489
19819,PNG,NCL,865592.900562038
19820,PNG,NGA,5631.44229582504
19821,PNG,NLD,67155354.3153455
19822,PNG,NOR,4844.9944896824
19823,PNG,NZL,14230629.3301245
19824,PNG,PAK,175045.425473683
19825,PNG,PHL,172694474.062219
19826,PNG,POL,1404684.79405102
19827,PNG,PRT,522663.484689009
19828,PNG,PYF,193238.841616893
19829,PNG,ROU,48917.9185052981
19830,PNG,RUS,3344412.79044539
19831,PNG,SGP,65459925.6719161
19832,PNG,SLB,8512738.81089326
19833,PNG,SVK,38740.403801952
19834,PNG,SVN,33441.9559039577
19835,PNG,SWE,1196083.67384614
19836,PNG,SYC,10272.2043325465
19837,PNG,THA,62193926.2104233
19838,PNG,TON,282197.678341086
19839,PNG,TZA,217128.791553446
19840,PNG,UKR,113562.052438817
19841,PNG,URY,277437.776938349
19842,PNG,USA,73573001.8658382
19843,PNG,VNM,7318095.92021535
19844,PNG,WSM,90142.8168053697
19845,PNG,ZAF,685214.083333799
19846,POL,ABW,3285655.72339605
19847,POL,AFG,7073698.58741732
19848,POL,AGO,18612930.1595421
19849,POL,AIA,22871.0967069765
19850,POL,ALB,37014279.3786402
19851,POL,AND,4138065.84372158
19852,POL,ARE,367396689.022846
19853,POL,ARG,44915660.2081176
19854,POL,ARM,23227359.6022359
19855,POL,ATG,122453257.745499
19856,POL,AUS,210801990.493105
19857,POL,AUT,1775542590.53072
19858,POL,AZE,56795376.4965033
19859,POL,BDI,830318.105122695
19860,POL,BEL,2354279343.7721
19861,POL,BEN,12818513.1425779
19862,POL,BFA,1390503.32387534
19863,POL,BGD,17690419.8832027
19864,POL,BGR,375112607.046552
19865,POL,BHR,13919951.7235114
19866,POL,BHS,110452947.467421
19867,POL,BIH,115089589.554936
19868,POL,BLR,831658796.752602
19869,POL,BLZ,1831484.94706328
19870,POL,BMU,37925.7323224854
19871,POL,BOL,1208442.83629073
19872,POL,BRA,199329459.206248
19873,POL,BRB,396764.880536318
19874,POL,BRN,616347.278959377
19875,POL,BTN,67380.6627100292
19876,POL,BWA,844527.921617782
19877,POL,CAF,5264.18921508989
19878,POL,CAN,453762637.461384
19879,POL,CHE,794552543.087968
19880,POL,CHL,24605718.1942444
19881,POL,CHN,1031024782.56656
19882,POL,CIV,10852779.8452237
19883,POL,CMR,4701558.18057729
19884,POL,COD,1459128.69292269
19885,POL,COG,7167601.63725827
19886,POL,COL,15024916.2080893
19887,POL,COM,1772.54425347358
19888,POL,CPV,53148.2354842259
19889,POL,CRI,3260550.27539005
19890,POL,CUB,8359350.21736969
19891,POL,CYM,4060712.51747298
19892,POL,CYP,151989185.937033
19893,POL,CZE,5485281090.13661
19894,POL,DEU,24446711936.5821
19895,POL,DJI,951284.14411081
19896,POL,DMA,146559.330638675
19897,POL,DNK,1735587493.73837
19898,POL,DOM,2231534.43911834
19899,POL,DZA,150398455.939602
19900,POL,ECU,5459491.79976494
19901,POL,EGY,188806023.618838
19902,POL,ERI,54371.955637571
19903,POL,ESP,2456055873.486
19904,POL,EST,403706993.57822
19905,POL,ETH,4444131.90341764
19906,POL,FIN,856168782.257916
19907,POL,FJI,129162.771459822
19908,POL,FRA,6508404004.71523
19909,POL,FRO,15803347.4824324
19910,POL,GAB,1762927.84118232
19911,POL,GBR,6010043918.82188
19912,POL,GEO,31548536.7395926
19913,POL,GHA,16893365.5888328
19914,POL,GIB,17302353.2822558
19915,POL,GIN,6169872.31156031
19916,POL,GMB,555926.610268205
19917,POL,GNB,259319.729897529
19918,POL,GNQ,2126611.85233249
19919,POL,GRC,567076979.067592
19920,POL,GRD,2080.18722595508
19921,POL,GRL,1495598.09548665
19922,POL,GTM,3411031.54004762
19923,POL,GUY,643711.059342436
19924,POL,HKG,131196096.918605
19925,POL,HND,1769650.07994182
19926,POL,HRV,291876592.858615
19927,POL,HTI,154116.110913727
19928,POL,HUN,2534454693.20118
19929,POL,IDN,58020253.2229833
19930,POL,IND,233576030.295893
19931,POL,IRL,380183184.541669
19932,POL,IRN,99835963.7501247
19933,POL,IRQ,29802329.8763622
19934,POL,ISL,29101207.4310349
19935,POL,ISR,257458827.704629
19936,POL,ITA,6381997040.07796
19937,POL,JAM,693514.962201535
19938,POL,JOR,19671842.067039
19939,POL,JPN,255199306.551275
19940,POL,KAZ,305906237.458918
19941,POL,KEN,16610641.0119487
19942,POL,KGZ,18650453.0097536
19943,POL,KHM,4712950.56299032
19944,POL,KIR,341.901655385898
19945,POL,KNA,583450.721287257
19946,POL,KOR,168704250.155169
19947,POL,KWT,24922484.0285612
19948,POL,LAO,711414.438845425
19949,POL,LBN,29448022.466723
19950,POL,LBR,104707714.956329
19951,POL,LBY,24464886.0047915
19952,POL,LCA,25044.4675504315
19953,POL,LKA,7770367.40396703
19954,POL,LSO,11093.6466981023
19955,POL,LTU,1252432503.4848
19956,POL,LUX,119783965.74523
19957,POL,LVA,540135526.075979
19958,POL,MAC,559242.791848416
19959,POL,MAR,96769967.1646014
19960,POL,MDA,83568475.5206616
19961,POL,MDG,4519720.62863098
19962,POL,MDV,131131.960553166
19963,POL,MEX,167687798.459264
19964,POL,MHL,3028.46756874883
19965,POL,MKD,57012512.043869
19966,POL,MLI,1759051.12862486
19967,POL,MLT,17680179.2777089
19968,POL,MMR,416013.464112983
19969,POL,MNE,10554517.1200622
19970,POL,MNG,11703167.5919062
19971,POL,MOZ,6456198.84636503
19972,POL,MRT,4842760.82355703
19973,POL,MUS,3004139.10767111
19974,POL,MWI,786589.637089863
19975,POL,MYS,126292750.984679
19976,POL,NAM,182035.567133496
19977,POL,NCL,5299735.33929783
19978,POL,NER,1275385.67303324
19979,POL,NGA,70126166.5762872
19980,POL,NIC,605844.937128204
19981,POL,NLD,3940871569.26047
19982,POL,NOR,1751837420.96697
19983,POL,NPL,428224.629047427
19984,POL,NZL,18748313.6226437
19985,POL,OMN,15279867.9559166
19986,POL,PAK,43907160.6376881
19987,POL,PAN,25917293.1441284
19988,POL,PER,10941159.9301476
19989,POL,PHL,13129185.2678018
19990,POL,PNG,47778.5295257904
19991,POL,PRK,289856.549491194
19992,POL,PRT,365080039.460227
19993,POL,PRY,652568.299220539
19994,POL,PSE,3979407.39391159
19995,POL,PYF,3141118.34022239
19996,POL,QAT,17429893.5624932
19997,POL,ROU,1329000896.53104
19998,POL,RUS,3436249004.35429
19999,POL,RWA,638148.13441242
20000,POL,SAU,225435860.280009
20001,POL,SDN,8064478.88187495
20002,POL,SEN,5673260.49969912
20003,POL,SGP,105963412.849471
20004,POL,SLE,2022102.31426433
20005,POL,SLV,1081973.13989402
20006,POL,SMR,14237794.8762408
20007,POL,SRB,189342461.834749
20008,POL,STP,16525.7034594238
20009,POL,SUR,2655476.1586272
20010,POL,SVK,2145906784.48126
20011,POL,SVN,367529324.939579
20012,POL,SWE,2512608014.70423
20013,POL,SWZ,26445.7045506351
20014,POL,SYC,372768.728682761
20015,POL,SYR,45987321.1418705
20016,POL,TCA,23861.8578165717
20017,POL,TCD,581487.013583177
20018,POL,TGO,1746338.41657269
20019,POL,THA,64258114.631462
20020,POL,TJK,4119172.2191547
20021,POL,TKM,17896329.6412786
20022,POL,TON,694.080915643115
20023,POL,TTO,1464641.60017567
20024,POL,TUN,61087776.3754168
20025,POL,TUR,1245024295.5806
20026,POL,TZA,25169761.8314178
20027,POL,UGA,4758583.81379264
20028,POL,UKR,2352335845.26507
20029,POL,URY,4401379.489927
20030,POL,USA,1700930095.26403
20031,POL,UZB,47419527.306246
20032,POL,VAT,80574.3666701712
20033,POL,VCT,4440688.58786517
20034,POL,VEN,18640387.8087163
20035,POL,VGB,11704798.3052124
20036,POL,VNM,74133073.0915642
20037,POL,WSM,10866.1690436171
20038,POL,YEM,10330699.6632585
20039,POL,ZAF,248639637.575281
20040,POL,ZMB,165883.373075479
20041,POL,ZWE,241535.362428198
20042,PRK,AGO,1220263.45224006
20043,PRK,ALB,140601.060507942
20044,PRK,AND,15291.8536987175
20045,PRK,ARM,45878.5429719125
20046,PRK,AUS,2884560.54534062
20047,PRK,AUT,335289.729585349
20048,PRK,BDI,103254.299926541
20049,PRK,BEL,479634.578961084
20050,PRK,BEN,3575963.11715427
20051,PRK,BFA,33197.2570947501
20052,PRK,BGD,10028551.7835148
20053,PRK,BGR,5678367.09897285
20054,PRK,BIH,72039.8435850274
20055,PRK,BLR,2643468.4902692
20056,PRK,BLZ,11147.7891205645
20057,PRK,BMU,11560.9351329183
20058,PRK,BOL,560208.945631255
20059,PRK,BRA,69123234.0418297
20060,PRK,BRB,238852.222383125
20061,PRK,BTN,488586.372804003
20062,PRK,BWA,8.22208389705566
20063,PRK,CAF,17328.0418130448
20064,PRK,CAN,64045.237342457
20065,PRK,CHE,605087.564666243
20066,PRK,CHN,543360491.120189
20067,PRK,CIV,43064802.7083225
20068,PRK,CMR,10174.1436489483
20069,PRK,COG,168190.263024513
20070,PRK,COL,7215024.56165551
20071,PRK,CRI,994076.664926695
20072,PRK,CYP,26855.3815287581
20073,PRK,CZE,5054191.02579616
20074,PRK,DEU,24480375.1254678
20075,PRK,DMA,7837.70147486831
20076,PRK,DNK,192546.816222224
20077,PRK,DZA,6812654.27542238
20078,PRK,ECU,130969.5743962
20079,PRK,EGY,19655812.9678545
20080,PRK,ESP,3729333.08765781
20081,PRK,EST,164008.25078848
20082,PRK,ETH,4612533.90634288
20083,PRK,FIN,174400.677061422
20084,PRK,FJI,693804.790658906
20085,PRK,FRA,6811000.95138541
20086,PRK,FRO,45359.8665127399
20087,PRK,GAB,995901.282378183
20088,PRK,GBR,989517.519405777
20089,PRK,GEO,202742.200254573
20090,PRK,GHA,1483093.32678798
20091,PRK,GRC,812359.018370551
20092,PRK,GRL,936.700907972066
20093,PRK,GTM,893633.632519289
20094,PRK,GUY,805346.951153679
20095,PRK,HKG,16125647.004634
20096,PRK,HRV,354908.306937382
20097,PRK,HUN,8907.25755514363
20098,PRK,IDN,5237215.98369194
20099,PRK,IND,4482317.68380962
20100,PRK,IRL,790844.800521154
20101,PRK,ISR,6166.56292279175
20102,PRK,ITA,562006.302763583
20103,PRK,JAM,1345332.31109281
20104,PRK,KAZ,723748.249864666
20105,PRK,KEN,867364.759641854
20106,PRK,KHM,1013775.40759672
20107,PRK,KNA,234967.972915424
20108,PRK,LBN,4755590.97525411
20109,PRK,LCA,12736.0079565392
20110,PRK,LKA,274417.531453497
20111,PRK,LSO,29599.3718464053
20112,PRK,LTU,5914.41901661537
20113,PRK,LUX,1332864.20603658
20114,PRK,MAC,1321.5560999835
20115,PRK,MDA,401158.214031978
20116,PRK,MDG,18428.571168534
20117,PRK,MEX,8573871.23798045
20118,PRK,MKD,510912.701638907
20119,PRK,MNE,118088.309624146
20120,PRK,MOZ,542468.429276041
20121,PRK,MRT,425605.895326215
20122,PRK,MUS,256814.049829901
20123,PRK,MWI,77961.4665174839
20124,PRK,MYS,137039.527833201
20125,PRK,NAM,31468.6557686644
20126,PRK,NCL,403729.670770782
20127,PRK,NER,12291833.1699052
20128,PRK,NIC,2226544.43036462
20129,PRK,NLD,14703912.3492751
20130,PRK,PAK,6285367.23888859
20131,PRK,PER,13729310.3752323
20132,PRK,PLW,972.94659448492
20133,PRK,POL,33173974.8938483
20134,PRK,PRT,303361.322292108
20135,PRK,PSE,200931.596659913
20136,PRK,PYF,9847.31581404033
20137,PRK,ROU,4670.6506820346
20138,PRK,RUS,5344354.53308618
20139,PRK,RWA,428194.481406471
20140,PRK,SAU,34784753.7576893
20141,PRK,SDN,456728.143737518
20142,PRK,SEN,846717.736629031
20143,PRK,SGP,12740534.2137245
20144,PRK,SLV,863380.694075643
20145,PRK,SRB,479540.710169926
20146,PRK,SUR,1059447.71329755
20147,PRK,SVK,4099881.15481124
20148,PRK,SVN,1337876.93651915
20149,PRK,SWE,108931.648857458
20150,PRK,SYC,160603.418699691
20151,PRK,SYR,812480.294108033
20152,PRK,TGO,673948.159996975
20153,PRK,THA,9493084.45867714
20154,PRK,TON,60607.0359261715
20155,PRK,TTO,1274917.69942477
20156,PRK,TUN,878224.762122548
20157,PRK,TUR,1521553.49456377
20158,PRK,TZA,86909.4823128526
20159,PRK,UGA,610439.026505684
20160,PRK,UKR,514901.15231653
20161,PRK,URY,526023.576308272
20162,PRK,VCT,54845.4106353098
20163,PRK,VEN,44591038.6323887
20164,PRK,WSM,410140.155515853
20165,PRK,YEM,1311263.4212917
20166,PRK,ZAF,877469.700751335
20167,PRK,ZMB,62207.6180356328
20168,PRK,ZWE,89983.3768951326
20169,PRT,ABW,92420.3340448542
20170,PRT,AFG,9443.06335576843
20171,PRT,AGO,2537909070.88236
20172,PRT,AIA,31163.0683171571
20173,PRT,ALB,2666549.93528921
20174,PRT,AND,8929578.0428731
20175,PRT,ARE,62888386.712273
20176,PRT,ARG,45572012.7214517
20177,PRT,ARM,1264191.99098106
20178,PRT,ATG,42444680.0752301
20179,PRT,AUS,70244966.7813421
20180,PRT,AUT,317820370.705324
20181,PRT,AZE,1718265.48145351
20182,PRT,BDI,354579.4235815
20183,PRT,BEL,851175975.254974
20184,PRT,BEN,6298828.16057539
20185,PRT,BFA,5476661.56646297
20186,PRT,BGD,1716800.58017252
20187,PRT,BGR,36871503.5769415
20188,PRT,BHR,3174728.84884624
20189,PRT,BHS,90939.673769726
20190,PRT,BIH,8579147.76032139
20191,PRT,BLR,7451606.11853574
20192,PRT,BLZ,25989.3220249349
20193,PRT,BMU,660680.755332301
20194,PRT,BOL,1651428.16145435
20195,PRT,BRA,308944185.090401
20196,PRT,BRB,820387.198122368
20197,PRT,BRN,303257.861069736
20198,PRT,BWA,5719221.26351001
20199,PRT,CAF,400370.264325177
20200,PRT,CAN,193908948.991413
20201,PRT,CHE,294455307.659794
20202,PRT,CHL,43156987.9805256
20203,PRT,CHN,329520465.978547
20204,PRT,CIV,14295123.1629941
20205,PRT,CMR,16454628.3403494
20206,PRT,COD,3863384.55946462
20207,PRT,COG,4284231.92373541
20208,PRT,COL,8676989.18834903
20209,PRT,CPV,212868535.911528
20210,PRT,CRI,8238729.50590525
20211,PRT,CUB,10687516.8640073
20212,PRT,CYM,61375.8007705462
20213,PRT,CYP,31591001.7473999
20214,PRT,CZE,219104316.447607
20215,PRT,DEU,3909020074.76587
20216,PRT,DJI,768835.417261487
20217,PRT,DMA,305665.561304257
20218,PRT,DNK,245890939.429429
20219,PRT,DOM,6854049.72714942
20220,PRT,DZA,225421749.128521
20221,PRT,ECU,4732096.37051827
20222,PRT,EGY,55838713.0540028
20223,PRT,ERI,218310.716113648
20224,PRT,ESP,8244465111.72645
20225,PRT,EST,11279166.3732872
20226,PRT,ETH,2843089.72451119
20227,PRT,FIN,184050842.377431
20228,PRT,FJI,8799.68529082382
20229,PRT,FRA,3744200690.04952
20230,PRT,FRO,1817099.04093807
20231,PRT,GAB,3735324.23242066
20232,PRT,GBR,1696356987.95948
20233,PRT,GEO,1888654.46674683
20234,PRT,GHA,6804226.6394279
20235,PRT,GIB,81932225.3260812
20236,PRT,GIN,8567497.75261292
20237,PRT,GMB,1266174.88354756
20238,PRT,GNB,32013123.5346747
20239,PRT,GNQ,13332048.7437938
20240,PRT,GRC,108421622.715719
20241,PRT,GRD,161001.421003853
20242,PRT,GRL,655534.114509993
20243,PRT,GTM,3499211.33432257
20244,PRT,GUY,69876.7503464437
20245,PRT,HKG,71369932.855347
20246,PRT,HND,1769798.76262562
20247,PRT,HRV,22864545.0764579
20248,PRT,HTI,968819.108368598
20249,PRT,HUN,96816408.2351466
20250,PRT,IDN,8665003.4455481
20251,PRT,IND,43967220.9050351
20252,PRT,IRL,113540009.031889
20253,PRT,IRN,34389477.759512
20254,PRT,IRQ,681855.362061852
20255,PRT,ISL,6026430.52106594
20256,PRT,ISR,68538606.1921979
20257,PRT,ITA,1130906528.25017
20258,PRT,JAM,477278.951924577
20259,PRT,JOR,22374554.0976548
20260,PRT,JPN,153334110.569799
20261,PRT,KAZ,4618039.62269832
20262,PRT,KEN,5704698.32265317
20263,PRT,KGZ,384124.111718253
20264,PRT,KHM,148416.151252094
20265,PRT,KNA,68553.6800126758
20266,PRT,KOR,42955011.8044208
20267,PRT,KWT,10234964.4590558
20268,PRT,LAO,15955.6389758946
20269,PRT,LBN,31694874.7591397
20270,PRT,LBR,1190769.46695401
20271,PRT,LBY,33983752.8630488
20272,PRT,LCA,6224.11751007114
20273,PRT,LKA,2063699.20704685
20274,PRT,LTU,11046629.3965107
20275,PRT,LUX,51549789.0610568
20276,PRT,LVA,6932000.079465
20277,PRT,MAC,11849414.7135751
20278,PRT,MAR,261956254.860558
20279,PRT,MDA,2532588.8927018
20280,PRT,MDG,1500071.15030777
20281,PRT,MDV,242615.196113344
20282,PRT,MEX,203203984.00422
20283,PRT,MHL,85537.7646493605
20284,PRT,MKD,9292273.65333693
20285,PRT,MLI,2494868.02730308
20286,PRT,MLT,11023982.3515899
20287,PRT,MMR,62467.2824078804
20288,PRT,MNE,322369.409914784
20289,PRT,MNG,17023.8247088537
20290,PRT,MOZ,114523718.334195
20291,PRT,MRT,10595935.1825199
20292,PRT,MUS,2804304.78442146
20293,PRT,MWI,744739.036149704
20294,PRT,MYS,22706019.8730543
20295,PRT,NAM,6625449.07303861
20296,PRT,NCL,4332720.97834464
20297,PRT,NER,1597306.97937564
20298,PRT,NGA,42952877.4884759
20299,PRT,NIC,1582134.49389094
20300,PRT,NLD,1089921132.40229
20301,PRT,NOR,138310425.291946
20302,PRT,NZL,8808087.57539295
20303,PRT,OMN,4197599.93675408
20304,PRT,PAK,13413760.4987364
20305,PRT,PAN,4981215.23499419
20306,PRT,PER,8238428.02949569
20307,PRT,PHL,2381947.9825819
20308,PRT,PNG,2274.09137119398
20309,PRT,POL,279137785.282509
20310,PRT,PRY,1343254.86456149
20311,PRT,PSE,1295299.5033625
20312,PRT,PYF,1824104.25641836
20313,PRT,QAT,7284971.88488874
20314,PRT,ROU,167976085.275904
20315,PRT,RUS,165169459.123129
20316,PRT,RWA,53172.216562259
20317,PRT,SAU,72863921.1284723
20318,PRT,SDN,3714415.47307045
20319,PRT,SEN,38206717.2434517
20320,PRT,SGP,79567031.2097868
20321,PRT,SHN,5839.73508788378
20322,PRT,SLE,64983.9252540375
20323,PRT,SLV,5874133.79287695
20324,PRT,SMR,9861343.37434237
20325,PRT,SOM,30956.8310460726
20326,PRT,SPM,35363.8680148945
20327,PRT,SRB,10611537.2718883
20328,PRT,STP,40003725.6223873
20329,PRT,SUR,84592.2250011991
20330,PRT,SVK,59798966.7800743
20331,PRT,SVN,27512775.5060525
20332,PRT,SWE,348770223.942862
20333,PRT,SWZ,1055644.31432151
20334,PRT,SYC,845725.828538732
20335,PRT,SYR,17884600.1534258
20336,PRT,TCA,3598.53205227803
20337,PRT,TCD,182690.593150628
20338,PRT,TGO,1786200.44965293
20339,PRT,THA,22518252.8282709
20340,PRT,TJK,3347.75849341783
20341,PRT,TKM,493253.09058924
20342,PRT,TLS,8828211.81090466
20343,PRT,TTO,1347058.26353753
20344,PRT,TUN,123944865.725336
20345,PRT,TUR,286394139.519221
20346,PRT,TZA,835644.645140671
20347,PRT,UGA,214316.838860653
20348,PRT,UKR,28720536.5945534
20349,PRT,URY,3663227.51942201
20350,PRT,USA,1116367606.40294
20351,PRT,UZB,166889.803421462
20352,PRT,VCT,4745.51275591729
20353,PRT,VEN,117840834.491276
20354,PRT,VGB,2039402.2639574
20355,PRT,VNM,8786377.16286278
20356,PRT,YEM,933053.043416406
20357,PRT,ZAF,70031295.3760674
20358,PRT,ZMB,312698.86890453
20359,PRT,ZWE,741615.934450821
20360,PRY,ABW,2673485.26305638
20361,PRY,AGO,12752955.0417984
20362,PRY,ALB,1559364.1177117
20363,PRY,ARE,24394423.4309674
20364,PRY,ARG,478906144.808572
20365,PRY,ARM,91449.4429713435
20366,PRY,AUS,591435.735098614
20367,PRY,AUT,739212.619327712
20368,PRY,AZE,4230.26216503514
20369,PRY,BEL,5222854.05864476
20370,PRY,BGD,3904727.25281999
20371,PRY,BGR,27032.8415062028
20372,PRY,BHR,514259.144598901
20373,PRY,BIH,482253.997855954
20374,PRY,BLR,479.62156066158
20375,PRY,BLZ,36776.0109242138
20376,PRY,BOL,22867731.8191416
20377,PRY,BRA,1533498642.19581
20378,PRY,BRN,137.034731617594
20379,PRY,CAN,5649223.92259974
20380,PRY,CHE,4592663.44682101
20381,PRY,CHL,293581282.651109
20382,PRY,CHN,24081435.4187792
20383,PRY,CIV,2266554.71995065
20384,PRY,CMR,1795568.14390631
20385,PRY,COG,1447209.41196659
20386,PRY,COL,15331613.6409227
20387,PRY,COM,16492.836364219
20388,PRY,CPV,205471.246934737
20389,PRY,CRI,220025.705779842
20390,PRY,CUB,13728.1394134506
20391,PRY,CYM,1788925.38529115
20392,PRY,CYP,444523.540026024
20393,PRY,CZE,272734.059775575
20394,PRY,DEU,81394786.7566292
20395,PRY,DMA,21298.6231616646
20396,PRY,DNK,3561775.22621624
20397,PRY,DOM,1339692.42745752
20398,PRY,DZA,18537217.7851497
20399,PRY,ECU,14817216.0912449
20400,PRY,EGY,14071709.4666939
20401,PRY,ESP,37893623.7131497
20402,PRY,FIN,55092.7583258795
20403,PRY,FRA,19231899.5980909
20404,PRY,FRO,75404.7314198975
20405,PRY,GAB,2448385.8463384
20406,PRY,GBR,3814303.5148148
20407,PRY,GHA,726698.607636393
20408,PRY,GIN,11990.5390165395
20409,PRY,GNQ,523140.365555038
20410,PRY,GRC,41636486.227527
20411,PRY,GRL,616.896103059505
20412,PRY,GTM,780536.127820656
20413,PRY,HKG,4759588.96354905
20414,PRY,HND,93779.0334088426
20415,PRY,HRV,678884.449080382
20416,PRY,HUN,46986.4687770407
20417,PRY,IDN,10332247.4705521
20418,PRY,IND,46130134.6281205
20419,PRY,IRL,126655.721044878
20420,PRY,IRN,21239579.6920262
20421,PRY,ISL,17318.4493818316
20422,PRY,ISR,41138443.0878941
20423,PRY,ITA,99947501.7995775
20424,PRY,JOR,3906211.33896341
20425,PRY,JPN,30777501.9148886
20426,PRY,KAZ,5.48138926470377
20427,PRY,KOR,3748672.78562753
20428,PRY,KWT,1138219.38807329
20429,PRY,LBN,6221846.15939457
20430,PRY,LBY,2909085.65125822
20431,PRY,LTU,70652.3669273993
20432,PRY,LUX,97641.3573194845
20433,PRY,LVA,1961.98586267735
20434,PRY,MAC,1399.39045719498
20435,PRY,MAR,28846623.0808601
20436,PRY,MDG,1121574.46439736
20437,PRY,MEX,7247384.62835335
20438,PRY,MKD,4162.95070486458
20439,PRY,MLT,1233.31258455835
20440,PRY,MNE,14680.5307981929
20441,PRY,MOZ,2602854.13651238
20442,PRY,MRT,420527.388172467
20443,PRY,MUS,1125527.91640453
20444,PRY,MYS,12139472.4739035
20445,PRY,NCL,1630.02813259128
20446,PRY,NER,18088.5845735225
20447,PRY,NGA,4202.17004505353
20448,PRY,NIC,847182.284369215
20449,PRY,NLD,83009966.490876
20450,PRY,NOR,161950.370761311
20451,PRY,NZL,206614.801770086
20452,PRY,OMN,833293.129146113
20453,PRY,PAK,734299.239025563
20454,PRY,PAN,4545111.79405241
20455,PRY,PER,131571819.430928
20456,PRY,PHL,328501.714154671
20457,PRY,POL,22638414.4733845
20458,PRY,PRT,840001.664432453
20459,PRY,PSE,326718.207122668
20460,PRY,PYF,170908.346926147
20461,PRY,QAT,127990.439330833
20462,PRY,ROU,2783133.6035602
20463,PRY,RUS,244444108.233321
20464,PRY,SAU,22585430.6795782
20465,PRY,SEN,1907091.11953866
20466,PRY,SGP,620993.441534871
20467,PRY,SLV,1459991.65544158
20468,PRY,SRB,398824.51255253
20469,PRY,SUR,267368.464859088
20470,PRY,SVK,251667.025310344
20471,PRY,SVN,153705.691892533
20472,PRY,SWE,243858.101129116
20473,PRY,SYC,305790.948083688
20474,PRY,SYR,15358969.8843955
20475,PRY,THA,9047906.57780764
20476,PRY,TTO,321377.278457873
20477,PRY,TUN,4005762.96044164
20478,PRY,TUR,49350411.7662354
20479,PRY,TZA,1288863.03888783
20480,PRY,UGA,34806.821830869
20481,PRY,UKR,634922.336830142
20482,PRY,URY,43060079.7590203
20483,PRY,USA,43838278.7594932
20484,PRY,VEN,86766387.9054029
20485,PRY,VGB,3051300.29573096
20486,PRY,VNM,25137789.5730104
20487,PRY,YEM,514681.896745942
20488,PRY,ZAF,23473036.1542536
20489,PSE,AGO,28812.2374962573
20490,PSE,ARE,2348403.25062923
20491,PSE,AUS,42680.7614553399
20492,PSE,AUT,42813.761199285
20493,PSE,BEL,2577734.29985956
20494,PSE,BGR,14474.2935271084
20495,PSE,BHR,108078.897481596
20496,PSE,BLR,6409.74544269399
20497,PSE,BLZ,1227.08435600633
20498,PSE,CAN,1825864.1318109
20499,PSE,CHE,203065.184265259
20500,PSE,CHN,511758.26074688
20501,PSE,CIV,6922.00730607956
20502,PSE,COL,24678.5848170126
20503,PSE,CYP,75959.7220829487
20504,PSE,CZE,12531.826206429
20505,PSE,DEU,376439.464335128
20506,PSE,DZA,6089416.43676705
20507,PSE,EGY,1980671.13278654
20508,PSE,ESP,9898.02825717005
20509,PSE,FRA,615291.426352263
20510,PSE,GBR,703908.361421071
20511,PSE,GRC,54265.5022618348
20512,PSE,GRL,1206.6319223124
20513,PSE,HRV,1152.46209290397
20514,PSE,IDN,271204.752170723
20515,PSE,IRL,5391.87817801116
20516,PSE,IRQ,619054.801594246
20517,PSE,ISR,310722379.629816
20518,PSE,ITA,1523906.13698382
20519,PSE,JOR,21935684.6106553
20520,PSE,JPN,315266.048104187
20521,PSE,KAZ,49313.3185199075
20522,PSE,KOR,4723381.64676105
20523,PSE,KWT,590218.796108963
20524,PSE,LKA,13782.9533060976
20525,PSE,MAR,125982.080914976
20526,PSE,MEX,202.126229135952
20527,PSE,MYS,33867.0999922384
20528,PSE,NLD,949996.017633605
20529,PSE,NOR,33577.0796862429
20530,PSE,NZL,34175.3082329878
20531,PSE,OMN,67831.5295877818
20532,PSE,POL,8177.54760927994
20533,PSE,PRT,5744.49594940955
20534,PSE,QAT,158278.568293558
20535,PSE,RUS,25104.0776586852
20536,PSE,SAU,2855697.30351725
20537,PSE,SVN,171.293414521993
20538,PSE,SWE,38987.7514925218
20539,PSE,TUR,187811.581071178
20540,PSE,UKR,9895.96451411189
20541,PSE,USA,5057152.34634642
20542,PSE,VEN,2039.76198012789
20543,PSE,YEM,114410.982601188
20544,PYF,ARE,129490.969642046
20545,PYF,AUS,1635225.85996154
20546,PYF,AUT,220998.652374327
20547,PYF,BEL,1022198.2473756
20548,PYF,BGR,836587.4440942
20549,PYF,BRA,20669.6337435398
20550,PYF,CAN,648941.67504828
20551,PYF,CHE,185766.173260107
20552,PYF,CHL,87095.1643741944
20553,PYF,CHN,2280112.67730126
20554,PYF,CIV,5248.26577927592
20555,PYF,COK,95137.732772831
20556,PYF,CRI,1974.67048260953
20557,PYF,CZE,9175.16045545603
20558,PYF,DEU,3574375.5848623
20559,PYF,DNK,192008.954900625
20560,PYF,DOM,129105.525200688
20561,PYF,ESP,351104.907961335
20562,PYF,EST,165.291293277142
20563,PYF,FIN,36151.8177216957
20564,PYF,FJI,80170.7993855574
20565,PYF,FRA,17887170.9249909
20566,PYF,GAB,55260.6258721111
20567,PYF,GBR,412414.246887047
20568,PYF,HKG,37207351.7230582
20569,PYF,HRV,24584.7160258545
20570,PYF,IDN,103233.05954314
20571,PYF,IND,15787.771429663
20572,PYF,IRL,11278.7922684699
20573,PYF,ITA,1137336.5274262
20574,PYF,JPN,55983251.1223502
20575,PYF,KAZ,9918.57387448148
20576,PYF,KOR,290414.966022535
20577,PYF,LBN,56019.1131116145
20578,PYF,LKA,14472.2380061341
20579,PYF,LTU,6926.42050961131
20580,PYF,LUX,44001.8523224095
20581,PYF,MAR,968.835552536392
20582,PYF,MDG,11421.1597066684
20583,PYF,MEX,140719.595550791
20584,PYF,MNE,45.2214614338061
20585,PYF,MUS,3427.92381141412
20586,PYF,MYS,54934.4832108612
20587,PYF,NCL,2921725.73490263
20588,PYF,NGA,17481.5207124565
20589,PYF,NLD,1147832.37449627
20590,PYF,NOR,20317.4668164085
20591,PYF,NZL,1646272.91485089
20592,PYF,PAK,9472.52582306621
20593,PYF,PER,67959.6344511136
20594,PYF,PHL,63041.4579333581
20595,PYF,POL,6171.35913839836
20596,PYF,PRT,30945.1830938852
20597,PYF,PYF,326557.876486676
20598,PYF,SDN,19615.0014307113
20599,PYF,SGP,359741.521921534
20600,PYF,SLV,0.00685173658087972
20601,PYF,SRB,1936.9859314147
20602,PYF,SWE,33211.7375548402
20603,PYF,THA,444123.3986097
20604,PYF,TON,36458.090346861
20605,PYF,TUN,19040.9759582647
20606,PYF,UKR,15206.7441676044
20607,PYF,URY,3787.63998191031
20608,PYF,USA,20945630.6002752
20609,PYF,VEN,1660.17577354716
20610,PYF,VNM,146718.290927352
20611,PYF,VUT,14007.6902659505
20612,PYF,WLF,389489.70663474
20613,PYF,WSM,14585.2916597187
20614,PYF,ZAF,10873.7059538561
20615,QAT,AFG,1744773.47993762
20616,QAT,AGO,867018.061770861
20617,QAT,ARE,1805568770.06704
20618,QAT,ARG,129207.307747597
20619,QAT,ARM,632248.789216283
20620,QAT,AUS,215776330.695614
20621,QAT,AUT,1431133.86760053
20622,QAT,AZE,268327.707980411
20623,QAT,BEL,1141349511.43182
20624,QAT,BFA,279137.075442599
20625,QAT,BGD,46880947.9226533
20626,QAT,BGR,38838.3836350586
20627,QAT,BHR,50684915.5928358
20628,QAT,BIH,68437.885664459
20629,QAT,BLR,312096.601259071
20630,QAT,BOL,3558.10680645084
20631,QAT,BRA,18886396.6699581
20632,QAT,BRN,392161.883901283
20633,QAT,BTN,704461.296563148
20634,QAT,BWA,143052.611856581
20635,QAT,CAN,46355231.3041438
20636,QAT,CHE,97966432.4836009
20637,QAT,CHL,18537181.5881105
20638,QAT,CHN,942904475.06861
20639,QAT,CIV,2420804.60965078
20640,QAT,CMR,608787.072816034
20641,QAT,COD,92397.7233141372
20642,QAT,COG,986721.32570712
20643,QAT,COL,213558.351621149
20644,QAT,CRI,1269477.42057955
20645,QAT,CUB,23119.1295712043
20646,QAT,CYP,245598.442220659
20647,QAT,CZE,69806.1774596606
20648,QAT,DEU,69539507.4793283
20649,QAT,DJI,8464837.49824794
20650,QAT,DNK,15597558.3149203
20651,QAT,DOM,155650.517580943
20652,QAT,DZA,7909926.31534102
20653,QAT,ECU,169941.566894585
20654,QAT,EGY,26601157.4291892
20655,QAT,ERI,2607194.71163637
20656,QAT,ESP,994114117.20402
20657,QAT,EST,26.9341764994382
20658,QAT,ETH,24388309.2173676
20659,QAT,FIN,2256921.60449595
20660,QAT,FJI,161518.041942052
20661,QAT,FRA,75774997.8943809
20662,QAT,GAB,165444.772176554
20663,QAT,GBR,916245748.657328
20664,QAT,GEO,16903.2341450303
20665,QAT,GHA,1150002.31947143
20666,QAT,GIN,390657.92772178
20667,QAT,GRC,8043773.61910119
20668,QAT,HKG,23010486.3804569
20669,QAT,HRV,210480.551549018
20670,QAT,HUN,646803.933235045
20671,QAT,IDN,163531682.361639
20672,QAT,IND,2840951705.20262
20673,QAT,IRL,2799398.75397714
20674,QAT,IRN,20082224.7740298
20675,QAT,IRQ,5622210.95112962
20676,QAT,ISR,666673.969319596
20677,QAT,ITA,316978548.418687
20678,QAT,JOR,50345549.7651585
20679,QAT,JPN,10892486976.984
20680,QAT,KAZ,174897.427963536
20681,QAT,KEN,11699683.4838548
20682,QAT,KGZ,91691.9944463066
20683,QAT,KNA,1136.70309876794
20684,QAT,KOR,5746203065.74524
20685,QAT,KWT,98177457.7447823
20686,QAT,LBN,12518722.9453917
20687,QAT,LBY,7529375.3842497
20688,QAT,LKA,31521728.6350462
20689,QAT,LTU,2739772.3886081
20690,QAT,LUX,143617.880124504
20691,QAT,MAR,30589000.8874164
20692,QAT,MDA,19899.498551849
20693,QAT,MDG,152601.877814527
20694,QAT,MDV,56262.3497602357
20695,QAT,MEX,22413844.0107305
20696,QAT,MKD,547768.93269501
20697,QAT,MLT,2435664.91220233
20698,QAT,MMR,14418.1092871452
20699,QAT,MOZ,1929042.02802282
20700,QAT,MRT,4485404.3911393
20701,QAT,MUS,828462.654856593
20702,QAT,MWI,29062.5670625871
20703,QAT,MYS,224549032.477435
20704,QAT,NAM,7254.61869183544
20705,QAT,NCL,20089113.5099882
20706,QAT,NER,8187.82521415126
20707,QAT,NGA,15018090.5081075
20708,QAT,NLD,118201872.361758
20709,QAT,NOR,519791.921887962
20710,QAT,NPL,7570503.61825008
20711,QAT,NZL,411550113.406377
20712,QAT,OMN,109945350.2663
20713,QAT,PAK,137164866.650475
20714,QAT,PER,1012555.79848533
20715,QAT,PHL,428911965.798754
20716,QAT,POL,956668.923889724
20717,QAT,PRK,81155746.7966637
20718,QAT,PRT,657396.032815427
20719,QAT,PSE,806177.381627282
20720,QAT,ROU,54589.840860843
20721,QAT,RUS,4951708.23140863
20722,QAT,RWA,25542.5887998615
20723,QAT,SAU,246604920.528797
20724,QAT,SDN,21182055.9375614
20725,QAT,SEN,463549.442163811
20726,QAT,SGP,3168098855.7015
20727,QAT,SLV,114.602146051794
20728,QAT,SOM,774483.303725107
20729,QAT,SRB,1631950.72987588
20730,QAT,SVK,384104.241682168
20731,QAT,SVN,142727.154368989
20732,QAT,SWE,11882861.92065
20733,QAT,SWZ,230368.40214868
20734,QAT,SYC,139348.759020624
20735,QAT,SYR,33386511.6515452
20736,QAT,TGO,213654.991939754
20737,QAT,THA,1137766741.11438
20738,QAT,TKM,35550.2352498944
20739,QAT,TUN,6199801.38211925
20740,QAT,TUR,78946847.6435158
20741,QAT,TZA,10247061.885163
20742,QAT,UGA,3335093.74352173
20743,QAT,UKR,3034976.03332701
20744,QAT,URY,28508.7055657243
20745,QAT,USA,367207577.667346
20746,QAT,VEN,48240.3365713417
20747,QAT,VNM,82729000.0695985
20748,QAT,YEM,6903194.49294944
20749,QAT,ZAF,115627203.528845
20750,QAT,ZMB,11978.9438227237
20751,QAT,ZWE,350942.425880057
20752,ROU,ABW,1285.83114545079
20753,ROU,AFG,10855767.0454682
20754,ROU,AGO,470538.213476308
20755,ROU,ALB,29322061.4363983
20756,ROU,AND,1177254.65019244
20757,ROU,ARE,166296975.461452
20758,ROU,ARG,12972747.7885345
20759,ROU,ARM,49874683.3534999
20760,ROU,ATG,226498.47966217
20761,ROU,AUS,29712326.8349831
20762,ROU,AUT,649301985.058785
20763,ROU,AZE,13939877.238107
20764,ROU,BDI,42103.7979582474
20765,ROU,BEL,495186944.770009
20766,ROU,BEN,1704571.8131268
20767,ROU,BFA,2094351.01248382
20768,ROU,BGD,20678805.478127
20769,ROU,BGR,1062657251.11282
20770,ROU,BHR,3597458.3851558
20771,ROU,BHS,56298.5474845925
20772,ROU,BIH,50325635.8779598
20773,ROU,BLR,21172551.2085764
20774,ROU,BLZ,5862.20193213249
20775,ROU,BMU,132591.380444894
20776,ROU,BOL,247185.304412791
20777,ROU,BRA,55802696.9006654
20778,ROU,BRB,13682.2327783587
20779,ROU,BRN,158286.1805729
20780,ROU,BWA,81006.8071727369
20781,ROU,CAF,12423.2535885684
20782,ROU,CAN,72871246.3200509
20783,ROU,CHE,241630874.019125
20784,ROU,CHL,2979045.09041724
20785,ROU,CHN,296745484.835145
20786,ROU,CIV,3759840.22210274
20787,ROU,CMR,2371895.11467043
20788,ROU,COD,12063.7087114867
20789,ROU,COG,1157434.24740251
20790,ROU,COL,29094203.7708988
20791,ROU,COM,59084.9843103583
20792,ROU,CPV,54268.4944151997
20793,ROU,CRI,1042942.56504787
20794,ROU,CUB,105720.472881044
20795,ROU,CYP,62242125.0254709
20796,ROU,CZE,459129956.076095
20797,ROU,DEU,5409815350.83296
20798,ROU,DJI,111181.827667985
20799,ROU,DMA,149160.660948972
20800,ROU,DNK,71620687.2361965
20801,ROU,DOM,3318466.62750917
20802,ROU,DZA,155573581.486398
20803,ROU,ECU,10036262.5360143
20804,ROU,EGY,177931260.072034
20805,ROU,ESP,824838157.689475
20806,ROU,EST,18197486.0130733
20807,ROU,ETH,37540449.8082186
20808,ROU,FIN,71951998.1554976
20809,ROU,FJI,19878.2581684482
20810,ROU,FRA,2272286570.97909
20811,ROU,FRO,207328.067548156
20812,ROU,GAB,6796797.85644391
20813,ROU,GBR,921530511.437963
20814,ROU,GEO,124953784.204088
20815,ROU,GHA,2490284.9692215
20816,ROU,GIB,31778223.2774719
20817,ROU,GIN,261902.307004804
20818,ROU,GMB,8167.57148081818
20819,ROU,GNB,7889.90485587803
20820,ROU,GNQ,63217.5544152233
20821,ROU,GRC,517342848.346526
20822,ROU,GRD,2857.85932788493
20823,ROU,GRL,30399.2572783304
20824,ROU,GTM,437569.712570089
20825,ROU,GUY,42393.5921569357
20826,ROU,HKG,56486409.8370317
20827,ROU,HND,108678.134603966
20828,ROU,HRV,113162279.645921
20829,ROU,HUN,1239715532.39318
20830,ROU,IDN,11859714.0137852
20831,ROU,IND,176016332.566553
20832,ROU,IRL,71386807.5999714
20833,ROU,IRN,83251923.3515835
20834,ROU,IRQ,79629474.3261198
20835,ROU,ISL,2787634.50932018
20836,ROU,ISR,104041311.815601
20837,ROU,ITA,4300729656.65892
20838,ROU,JAM,57272.4601739353
20839,ROU,JOR,43808724.4789253
20840,ROU,JPN,150426167.788203
20841,ROU,KAZ,49564395.8710642
20842,ROU,KEN,16619438.6417185
20843,ROU,KGZ,19339719.2101013
20844,ROU,KHM,873445.80604038
20845,ROU,KNA,21255.0872274297
20846,ROU,KOR,136306607.095058
20847,ROU,KWT,11695352.1791304
20848,ROU,LBN,128907902.618007
20849,ROU,LBR,17975966.6629775
20850,ROU,LBY,28574639.5938831
20851,ROU,LKA,2979159.33421747
20852,ROU,LTU,27515247.5440935
20853,ROU,LUX,18964057.6919376
20854,ROU,LVA,20619454.8930998
20855,ROU,MAC,1331117.68878969
20856,ROU,MAR,110163503.396583
20857,ROU,MDA,355738253.219315
20858,ROU,MDG,588312.103760494
20859,ROU,MDV,5967.36238517583
20860,ROU,MEX,48064174.3128054
20861,ROU,MHL,139343.581848463
20862,ROU,MKD,79331724.9597847
20863,ROU,MLI,723145.139455608
20864,ROU,MLT,22514208.1933533
20865,ROU,MNE,18261756.7342149
20866,ROU,MNG,1285667.70412639
20867,ROU,MOZ,1890698.51106232
20868,ROU,MRT,1684272.55685588
20869,ROU,MUS,731749.885988969
20870,ROU,MWI,24958.1973351417
20871,ROU,MYS,8505685.49622217
20872,ROU,NAM,43291.3272389723
20873,ROU,NCL,4917293.32891019
20874,ROU,NER,1642640.67910637
20875,ROU,NGA,31425663.3347303
20876,ROU,NIC,129001.070476513
20877,ROU,NLD,916534103.792634
20878,ROU,NOR,382409921.081024
20879,ROU,NPL,97013.8410247246
20880,ROU,NZL,2142668.21183612
20881,ROU,OMN,14207475.8116874
20882,ROU,PAK,49159659.4198237
20883,ROU,PAN,70805054.5677154
20884,ROU,PER,2381976.07470188
20885,ROU,PHL,1111068.88854652
20886,ROU,POL,622283786.419385
20887,ROU,PRK,21474.651126164
20888,ROU,PRT,165568929.822959
20889,ROU,PRY,168107.357011884
20890,ROU,PSE,192593.325810135
20891,ROU,PYF,1473004.14467263
20892,ROU,QAT,8827571.39278991
20893,ROU,RUS,600384738.229224
20894,ROU,RWA,187578.060185028
20895,ROU,SAU,120480804.861692
20896,ROU,SDN,1955033.97426287
20897,ROU,SEN,2829255.23244253
20898,ROU,SGP,74638979.969271
20899,ROU,SLE,193787.179243724
20900,ROU,SLV,207376.009149012
20901,ROU,SMR,28315834.2718128
20902,ROU,SRB,395343050.587007
20903,ROU,SUR,46662.3816367651
20904,ROU,SVK,296001478.40517
20905,ROU,SVN,171507675.176614
20906,ROU,SWE,238260519.074009
20907,ROU,SYC,10578.3227936388
20908,ROU,SYR,144005224.792226
20909,ROU,TGO,496233.369894616
20910,ROU,THA,12874010.153362
20911,ROU,TJK,11222.5484183984
20912,ROU,TKM,11539893.1209951
20913,ROU,TTO,1847541.99174058
20914,ROU,TUN,67706501.6612034
20915,ROU,TUR,1547097010.40359
20916,ROU,TZA,5003586.80584573
20917,ROU,UGA,579113.57203156
20918,ROU,UKR,334446626.82494
20919,ROU,URY,277992.082427742
20920,ROU,USA,529115255.943195
20921,ROU,UZB,23405347.875978
20922,ROU,VCT,17650133.5083725
20923,ROU,VEN,3448524.2426182
20924,ROU,VGB,482341.686380716
20925,ROU,VNM,12307048.1361567
20926,ROU,VUT,15682.3917210491
20927,ROU,YEM,4774769.1572374
20928,ROU,ZAF,58434592.8078495
20929,ROU,ZMB,63146.2278374163
20930,ROU,ZWE,692287.898400738
20931,RUS,ABW,1314.84824987082
20932,RUS,AFG,230218349.117558
20933,RUS,AGO,91191754.6399259
20934,RUS,ALB,84014520.1462085
20935,RUS,AND,8565.48608275277
20936,RUS,ARE,435770446.54395
20937,RUS,ARG,139199554.234491
20938,RUS,ARM,540175177.708673
20939,RUS,AUS,206404098.537098
20940,RUS,AUT,1641932461.68782
20941,RUS,AZE,1005834930.07314
20942,RUS,BDI,415559.193977671
20943,RUS,BEL,3821773675.436
20944,RUS,BEN,182010.900881805
20945,RUS,BFA,9393820.83966848
20946,RUS,BGD,136229368.222273
20947,RUS,BGR,2499933105.73831
20948,RUS,BHR,1226535.5319062
20949,RUS,BHS,35189603.0022174
20950,RUS,BIH,401278899.149766
20951,RUS,BLR,11460420431.3463
20952,RUS,BLZ,12128173.2751079
20953,RUS,BMU,18754.573369184
20954,RUS,BOL,1675342.09246893
20955,RUS,BRA,1052787549.21595
20956,RUS,BRB,17240064.144999
20957,RUS,BRN,110746.673877733
20958,RUS,BTN,89502.1794350575
20959,RUS,BWA,325993.978566069
20960,RUS,CAF,230627.397791437
20961,RUS,CAN,924605317.445095
20962,RUS,CHE,4464064484.20922
20963,RUS,CHL,26536822.5847004
20964,RUS,CHN,14582518178.1564
20965,RUS,CIV,19817007.7195133
20966,RUS,CMR,16744798.6993759
20967,RUS,COD,1904581.32842908
20968,RUS,COG,3137177.22134107
20969,RUS,COL,111422812.150792
20970,RUS,CPV,115757.34883933
20971,RUS,CRI,13646004.2211873
20972,RUS,CUB,194589318.896984
20973,RUS,CYP,542657537.205674
20974,RUS,CZE,3696623295.30659
20975,RUS,DEU,15957225850.3006
20976,RUS,DJI,1837742.6380826
20977,RUS,DMA,105363.949619794
20978,RUS,DNK,1230571889.926
20979,RUS,DOM,8079954.87873497
20980,RUS,DZA,984594546.672415
20981,RUS,ECU,40806880.7030087
20982,RUS,EGY,1249756752.35246
20983,RUS,ERI,5023729.57530489
20984,RUS,ESP,4372724141.4463
20985,RUS,EST,795559360.248739
20986,RUS,ETH,113198710.966533
20987,RUS,FIN,6713060439.02472
20988,RUS,FRA,8865367569.05126
20989,RUS,FRO,1268397.5868944
20990,RUS,GAB,126690.66490144
20991,RUS,GBR,6216580599.83217
20992,RUS,GEO,231538110.747731
20993,RUS,GHA,21758611.7563273
20994,RUS,GIB,52995108.0789008
20995,RUS,GIN,2708737.44776501
20996,RUS,GMB,562642.56941113
20997,RUS,GNQ,807608.024225369
20998,RUS,GRC,2903029655.49381
20999,RUS,GRD,1412.14290931931
21000,RUS,GRL,53586.2464486318
21001,RUS,GTM,53651787.4200698
21002,RUS,GUY,193788.350890679
21003,RUS,HKG,551593113.67328
21004,RUS,HND,10720498.383213
21005,RUS,HRV,1376796733.85861
21006,RUS,HUN,3892185834.18234
21007,RUS,IDN,314326083.714082
21008,RUS,IND,4067876008.06829
21009,RUS,IRL,110312958.952163
21010,RUS,IRN,1950004230.91837
21011,RUS,IRQ,44070316.9298467
21012,RUS,ISL,16614263.525079
21013,RUS,ISR,717376820.018106
21014,RUS,ITA,17170451871.6846
21015,RUS,JAM,81234.874076568
21016,RUS,JOR,240218043.442116
21017,RUS,JPN,6062415147.5078
21018,RUS,KAZ,6267283450.53068
21019,RUS,KEN,43366081.7405907
21020,RUS,KGZ,746581213.916876
21021,RUS,KHM,19097670.6526032
21022,RUS,KNA,3234103.25736151
21023,RUS,KOR,3966305381.9459
21024,RUS,KWT,52715681.242833
21025,RUS,LAO,6902233.19430714
21026,RUS,LBN,284888160.707079
21027,RUS,LBR,131884.966403405
21028,RUS,LBY,130614859.308234
21029,RUS,LKA,18195844.3986542
21030,RUS,LTU,3756359439.19912
21031,RUS,LUX,9829417.0225701
21032,RUS,LVA,2495486776.11572
21033,RUS,MAC,928566.135069087
21034,RUS,MAR,644118329.227389
21035,RUS,MDA,476195692.37114
21036,RUS,MDG,945671.312501887
21037,RUS,MDV,51398.9871351273
21038,RUS,MEX,321195806.103486
21039,RUS,MHL,89657.7138554434
21040,RUS,MKD,339205723.724175
21041,RUS,MLI,823738.382484077
21042,RUS,MLT,306933542.305568
21043,RUS,MMR,31123478.2980191
21044,RUS,MNE,40711016.6861583
21045,RUS,MNG,448120907.283083
21046,RUS,MOZ,6571360.77929549
21047,RUS,MRT,63200625.1444793
21048,RUS,MUS,1084189.33409111
21049,RUS,MWI,758.174115141638
21050,RUS,MYS,179574760.459084
21051,RUS,NAM,1982546.55380926
21052,RUS,NCL,290826.755391046
21053,RUS,NER,2784515.59882856
21054,RUS,NGA,188047668.61785
21055,RUS,NIC,26594453.696285
21056,RUS,NLD,24864872684.2366
21057,RUS,NOR,770558722.752927
21058,RUS,NPL,9616842.58032196
21059,RUS,NZL,80548261.5537981
21060,RUS,OMN,66022335.3953371
21061,RUS,PAK,220411244.08999
21062,RUS,PAN,26321210.5524815
21063,RUS,PER,126490402.344654
21064,RUS,PHL,278777033.814616
21065,RUS,PLW,16161.8762469791
21066,RUS,PNG,1113566.15468163
21067,RUS,POL,8793796985.14566
21068,RUS,PRK,28626306.0317039
21069,RUS,PRT,506204853.564149
21070,RUS,PRY,8789620.08978651
21071,RUS,PSE,1721469.94889464
21072,RUS,PYF,101509.162619391
21073,RUS,QAT,1036064.79186798
21074,RUS,ROU,1437654628.68888
21075,RUS,RWA,2139658.24395614
21076,RUS,SAU,479504735.812182
21077,RUS,SDN,50725209.2853206
21078,RUS,SEN,18413831.7128012
21079,RUS,SGP,1644558351.36271
21080,RUS,SLB,194272.519263736
21081,RUS,SLE,24683.3810326192
21082,RUS,SLV,11912489.213323
21083,RUS,SMR,2149796.75857487
21084,RUS,SRB,1349744987.04084
21085,RUS,SUR,24953.3394539058
21086,RUS,SVK,3320697952.39615
21087,RUS,SVN,221835215.152169
21088,RUS,SWE,2819084622.91931
21089,RUS,SYC,1200965.53616002
21090,RUS,SYR,778357275.587936
21091,RUS,TCD,94525.8726961585
21092,RUS,TGO,4016563.35281408
21093,RUS,THA,1159285015.19183
21094,RUS,TJK,392185857.442406
21095,RUS,TKM,684488484.429884
21096,RUS,TLS,1062.01917003636
21097,RUS,TON,9866.50067646679
21098,RUS,TTO,415971397.876245
21099,RUS,TUN,471456625.043825
21100,RUS,TUR,13326686280.121
21101,RUS,TZA,44568438.1792766
21102,RUS,UGA,24753094.0264613
21103,RUS,UKR,9441693008.45225
21104,RUS,URY,175237681.0911
21105,RUS,USA,13013794077.1357
21106,RUS,UZB,1162739697.77529
21107,RUS,VCT,2205848.76002207
21108,RUS,VEN,91650582.5504118
21109,RUS,VGB,55033094.7740806
21110,RUS,VNM,969337788.938812
21111,RUS,YEM,87156826.5775541
21112,RUS,ZAF,291117294.373501
21113,RUS,ZMB,474984.305343641
21114,RUS,ZWE,1342209.28955924
21115,RWA,AGO,2481936.05968033
21116,RWA,AND,1627.97261161702
21117,RWA,ARE,1506389.91633663
21118,RWA,AUS,134348.850877889
21119,RWA,AUT,841330.901329143
21120,RWA,BDI,3688869.45840229
21121,RWA,BEL,20201468.9716152
21122,RWA,BEN,8228.93563363654
21123,RWA,BFA,92486.6081521064
21124,RWA,BGD,29308.303224713
21125,RWA,BGR,84509.3189885704
21126,RWA,BHR,15218.3921197919
21127,RWA,BLR,1233.31258455835
21128,RWA,BRA,605202.929410576
21129,RWA,BRB,99.3501804227559
21130,RWA,BWA,54.8138926470377
21131,RWA,CAN,189501.904485681
21132,RWA,CHE,8384848.26988177
21133,RWA,CHL,2054.15062694774
21134,RWA,CHN,17607605.6838442
21135,RWA,CIV,480.306734319668
21136,RWA,CMR,31922.2407303186
21137,RWA,COD,8692283.63474487
21138,RWA,COG,8906.57238148554
21139,RWA,COL,48334.2053624998
21140,RWA,CUB,1820.50640953974
21141,RWA,CZE,56332.2374733607
21142,RWA,DEU,10899955.2156931
21143,RWA,DNK,52297.9349745387
21144,RWA,DOM,1233.15499461699
21145,RWA,EGY,2410484.74874961
21146,RWA,ESP,261593.136095065
21147,RWA,EST,2796854.8227197
21148,RWA,ETH,29387.7833690512
21149,RWA,FIN,294604.802941743
21150,RWA,FRA,2331830.95536105
21151,RWA,GBR,4687579.95277864
21152,RWA,GHA,245289.428900862
21153,RWA,HKG,10938839.2469676
21154,RWA,HRV,72.628407757325
21155,RWA,IDN,2.05552097426392
21156,RWA,IND,992018.403257799
21157,RWA,IRL,64793.3270716989
21158,RWA,ISR,125978.769470687
21159,RWA,ITA,756816.100951308
21160,RWA,JPN,360562.359963924
21161,RWA,KAZ,4673745.61144818
21162,RWA,KEN,56937108.7787207
21163,RWA,KOR,23008.1314385941
21164,RWA,LBN,206.237271084479
21165,RWA,LBR,279.550852499892
21166,RWA,LUX,38498.537500647
21167,RWA,MAR,121066.785552453
21168,RWA,MDA,401.511763639551
21169,RWA,MDG,4537.90513751664
21170,RWA,MEX,799512.69745506
21171,RWA,MLI,43331.7524847995
21172,RWA,MNE,3976.0627378845
21173,RWA,MOZ,684.488484429884
21174,RWA,MYS,159833.199916814
21175,RWA,NER,377460.797893347
21176,RWA,NGA,27846.1426383533
21177,RWA,NLD,760776.404695057
21178,RWA,NOR,151144.0913768
21179,RWA,NZL,23543.9372392189
21180,RWA,OMN,534.435453308618
21181,RWA,PAK,10475785.8705323
21182,RWA,POL,701369.107844197
21183,RWA,PRT,255977.452793376
21184,RWA,ROU,1094765.84597077
21185,RWA,RUS,268055.008864492
21186,RWA,SDN,22005100.9462291
21187,RWA,SEN,139972.756263476
21188,RWA,SLV,271.554875910006
21189,RWA,SVK,9293.01032464716
21190,RWA,SVN,1687.58271987067
21191,RWA,SWE,481122.776146451
21192,RWA,SWZ,16163449.405698
21193,RWA,SYC,3760.63934356603
21194,RWA,TCD,823.578737021742
21195,RWA,TGO,21156.7922144404
21196,RWA,THA,15238980.9030438
21197,RWA,TUN,100973.356818766
21198,RWA,TUR,602.952819117415
21199,RWA,TZA,2778013.30081331
21200,RWA,UGA,3822529.02458015
21201,RWA,UKR,3604.69861520082
21202,RWA,USA,13555473.5960915
21203,RWA,ZAF,3800728.85430076
21204,RWA,ZMB,11592.7573382946
21205,RWA,ZWE,5221.70844828843
21206,SAU,ABW,199175.871364225
21207,SAU,AFG,30225390.3515486
21208,SAU,AGO,55476919.4369753
21209,SAU,ALB,1007679.41756072
21210,SAU,ARE,3200856662.96716
21211,SAU,ARG,1365808.72586477
21212,SAU,ARM,2050862.47856258
21213,SAU,AUS,298519572.78487
21214,SAU,AUT,113431064.364732
21215,SAU,AZE,2070335.11392544
21216,SAU,BDI,2986818.6027683
21217,SAU,BEL,673433127.291316
21218,SAU,BEN,5126500.14262882
21219,SAU,BFA,918121.770577341
21220,SAU,BGD,247918693.741199
21221,SAU,BGR,10016392.0066047
21222,SAU,BHR,892917937.115427
21223,SAU,BHS,21889.9280285945
21224,SAU,BIH,532379.247160696
21225,SAU,BLR,3990725.45416758
21226,SAU,BMU,35320.7020744349
21227,SAU,BOL,97815.3914286388
21228,SAU,BRA,1125544446.21903
21229,SAU,BRB,51890.9418216344
21230,SAU,BRN,10336690.8217248
21231,SAU,BTN,1050182.10991923
21232,SAU,BWA,91087.671279873
21233,SAU,CAF,221759.195134804
21234,SAU,CAN,924272989.721233
21235,SAU,CHE,195375927.878582
21236,SAU,CHL,5442855.72442163
21237,SAU,CHN,16183968686.3044
21238,SAU,CIV,15027158.7239177
21239,SAU,CMR,7917341.26466885
21240,SAU,COD,6312420.63560454
21241,SAU,COG,590767.00560832
21242,SAU,COL,6387694.49885574
21243,SAU,COM,1367925.3937918
21244,SAU,CPV,16288.6333737254
21245,SAU,CRI,1956494.19580778
21246,SAU,CUB,548008.058301683
21247,SAU,CYP,5501645.73873149
21248,SAU,CZE,4504340.53552788
21249,SAU,DEU,617696885.297417
21250,SAU,DJI,36655710.1888477
21251,SAU,DNK,4064773.54174447
21252,SAU,DOM,366939.859078747
21253,SAU,DZA,115974440.631506
21254,SAU,ECU,18343732.2810159
21255,SAU,EGY,1385177616.15014
21256,SAU,ERI,6215573.39455478
21257,SAU,ESP,2317763026.77579
21258,SAU,EST,8831811.93255982
21259,SAU,ETH,636967637.445108
21260,SAU,FIN,13825969.1935261
21261,SAU,FJI,57560.0686686543
21262,SAU,FRA,2148086145.79801
21263,SAU,FRO,17033.417140067
21264,SAU,FSM,77635.6568506319
21265,SAU,GAB,489997.145366006
21266,SAU,GBR,648986549.126669
21267,SAU,GEO,262831.24489523
21268,SAU,GHA,15937104.3432697
21269,SAU,GIN,4507410.11351612
21270,SAU,GMB,575417.745319834
21271,SAU,GNB,290175.840415863
21272,SAU,GRC,686654826.07678
21273,SAU,GRD,7807.55383391244
21274,SAU,GTM,5397989.92704131
21275,SAU,GUY,46663.0668104232
21276,SAU,HKG,317150492.178805
21277,SAU,HRV,17767262.7941309
21278,SAU,HTI,40748.6477938079
21279,SAU,HUN,1621120.87503614
21280,SAU,IDN,2148577289.92407
21281,SAU,IND,9931174319.45942
21282,SAU,IRL,4791353.71094749
21283,SAU,IRN,154389430.111807
21284,SAU,IRQ,467853130.963915
21285,SAU,ISL,744391.847009199
21286,SAU,ISR,180200.672077137
21287,SAU,ITA,1870079218.85959
21288,SAU,JOR,1668500017.52181
21289,SAU,JPN,19973486462.679
21290,SAU,KAZ,1896499.70513194
21291,SAU,KEN,244229043.87
21292,SAU,KGZ,122246.628555082
21293,SAU,KHM,52809.0745234723
21294,SAU,KOR,13523168441.2661
21295,SAU,KWT,871186180.740629
21296,SAU,LBN,212351254.465923
21297,SAU,LBR,812784.511212224
21298,SAU,LBY,107770711.851577
21299,SAU,LKA,33374604.0185413
21300,SAU,LSO,44431.1999510826
21301,SAU,LTU,2176270.49837607
21302,SAU,LUX,34871435.077174
21303,SAU,LVA,20466.1371670877
21304,SAU,MAC,18241494.74728
21305,SAU,MAR,981988775.341907
21306,SAU,MDA,352084.706292401
21307,SAU,MDG,10671585.5439
21308,SAU,MDV,879780.791500066
21309,SAU,MEX,260441694.910911
21310,SAU,MHL,78208.4620287934
21311,SAU,MKD,121700.942550307
21312,SAU,MLI,1474268.2900718
21313,SAU,MLT,74990530.2401101
21314,SAU,MMR,5406625.85582785
21315,SAU,MNE,68156.2792909848
21316,SAU,MNG,72361.1900306707
21317,SAU,MOZ,33776578.2744001
21318,SAU,MRT,7414284.70937968
21319,SAU,MUS,1826512.64182654
21320,SAU,MWI,2995871.67692584
21321,SAU,MYS,761449761.848237
21322,SAU,NAM,1048689.80169191
21323,SAU,NCL,664278.602210921
21324,SAU,NER,1816888.00745138
21325,SAU,NGA,157450913.458445
21326,SAU,NIC,56896.8205676252
21327,SAU,NLD,1352089995.25599
21328,SAU,NOR,25432979.2237426
21329,SAU,NPL,76830988.9065734
21330,SAU,NZL,118497722.81041
21331,SAU,OMN,431261926.449108
21332,SAU,PAK,2398181847.96961
21333,SAU,PAN,56595.3441580665
21334,SAU,PER,5105692.10380634
21335,SAU,PHL,1067838214.93529
21336,SAU,POL,92538551.8522997
21337,SAU,PRK,2383717.78614074
21338,SAU,PRT,386312033.594685
21339,SAU,PRY,95568.0218301103
21340,SAU,PSE,6764129.59178293
21341,SAU,PYF,21595.9885292748
21342,SAU,QAT,1236451197.90368
21343,SAU,ROU,24539550.454036
21344,SAU,RUS,19429193.2974164
21345,SAU,RWA,7864893.96183685
21346,SAU,SDN,427707705.063086
21347,SAU,SEN,10112952.8450654
21348,SAU,SGP,5554522422.0805
21349,SAU,SLE,2398518.90750275
21350,SAU,SLV,1591872.86709334
21351,SAU,SOM,9499055.06193372
21352,SAU,SRB,2222077.78328755
21353,SAU,STP,311007.175142711
21354,SAU,SVK,2022320.88466126
21355,SAU,SVN,3335754.25092813
21356,SAU,SWE,47759689.305714
21357,SAU,SYC,829221.593625537
21358,SAU,SYR,428273177.712145
21359,SAU,TCA,1582.75115018321
21360,SAU,TCD,922605.51547788
21361,SAU,TGO,5138952.89636924
21362,SAU,THA,2733319747.86854
21363,SAU,TKL,25399.3875053211
21364,SAU,TKM,1258280.99783273
21365,SAU,TON,29237.0451642718
21366,SAU,TTO,717285.006747923
21367,SAU,TUN,73802149.2885282
21368,SAU,TUR,531547090.734649
21369,SAU,TUV,1022011.19496694
21370,SAU,TZA,112853536.969719
21371,SAU,UGA,116117809.793593
21372,SAU,UKR,5687750.55222037
21373,SAU,URY,96440.2478968563
21374,SAU,USA,15925587572.3752
21375,SAU,UZB,159523.501423358
21376,SAU,VCT,8396.80317986809
21377,SAU,VEN,19808961.7601902
21378,SAU,VNM,241149396.569686
21379,SAU,VUT,1832.15436172724
21380,SAU,WSM,14692.1787503804
21381,SAU,YEM,404370959.05607
21382,SAU,ZAF,2195332775.6982
21383,SAU,ZMB,2454935.80366296
21384,SAU,ZWE,243961.486982385
21385,SDN,ABW,11605524.2530645
21386,SDN,AGO,903918.774300847
21387,SDN,ARE,435505776.97813
21388,SDN,ARG,130354.288451237
21389,SDN,ARM,6242.61719883951
21390,SDN,AUS,63837.6297240563
21391,SDN,AUT,373425.125047209
21392,SDN,BEL,1215445.31107639
21393,SDN,BEN,30029.7910866796
21394,SDN,BGD,2717686.87159224
21395,SDN,BGR,52395.7435142308
21396,SDN,BHR,34664.9908836448
21397,SDN,BIH,18713.4629496987
21398,SDN,BOL,2784.54574646952
21399,SDN,BRA,5911179.97736698
21400,SDN,BRB,1369.66214251786
21401,SDN,BWA,134612.642736253
21402,SDN,CAN,56119723.1811376
21403,SDN,CHE,540223.043940427
21404,SDN,CHL,38925.6473521527
21405,SDN,CHN,3904400676.51987
21406,SDN,CIV,97904.7223146594
21407,SDN,CMR,147.312336488914
21408,SDN,COL,33173.3678299872
21409,SDN,COM,116.565168582216
21410,SDN,CYP,31574.857685668
21411,SDN,CZE,161364.56304264
21412,SDN,DEU,14530153.3263817
21413,SDN,DJI,2377160.1836485
21414,SDN,DNK,228775.373393625
21415,SDN,DOM,8984.94254449765
21416,SDN,DZA,803331.170251584
21417,SDN,EGY,62359343.6188194
21418,SDN,ERI,13216091.6394262
21419,SDN,ESP,573748.333405376
21420,SDN,ETH,48791795.1730928
21421,SDN,FIN,690811.266946719
21422,SDN,FJI,3707.47466391401
21423,SDN,FRA,23497816.2352149
21424,SDN,GBR,19113816.0846824
21425,SDN,GHA,102260.112948656
21426,SDN,GRC,6824257.6913221
21427,SDN,GRD,38.3697248529264
21428,SDN,GTM,173686.040936036
21429,SDN,HKG,623253.144259245
21430,SDN,HRV,138158.416416859
21431,SDN,IDN,457519469.294932
21432,SDN,IND,258059644.837454
21433,SDN,IRL,1083438.77019979
21434,SDN,IRN,702.778510058884
21435,SDN,IRQ,18801759.6496735
21436,SDN,ISL,150521.689903398
21437,SDN,ITA,7788160.95687442
21438,SDN,JOR,10196664.5533986
21439,SDN,JPN,737592278.865472
21440,SDN,KAZ,227110.661085288
21441,SDN,KEN,1094135.09908221
21442,SDN,KGZ,2619.78751829837
21443,SDN,KOR,10029556.9332713
21444,SDN,KWT,986038.741320286
21445,SDN,LBN,14586655.1552982
21446,SDN,LBR,65.494379629313
21447,SDN,LBY,1409101.565282
21448,SDN,LVA,1013.00801309967
21449,SDN,MAR,55774.4855604673
21450,SDN,MDA,316.550230036643
21451,SDN,MDG,17465.2039869628
21452,SDN,MEX,8611762.02644637
21453,SDN,MKD,62487.2620717502
21454,SDN,MLI,196.483824061597
21455,SDN,MLT,32.7471898146565
21456,SDN,MNE,7004.53030663333
21457,SDN,MOZ,14618.865168965
21458,SDN,MRT,34450.20127496
21459,SDN,MWI,269825.958718864
21460,SDN,MYS,69002579.0716824
21461,SDN,NAM,6276.87588174391
21462,SDN,NCL,50417.1332830872
21463,SDN,NGA,320842.157830906
21464,SDN,NIC,141.145773566122
21465,SDN,NLD,29015020.1217577
21466,SDN,NOR,225445.123827866
21467,SDN,NZL,153.478899411706
21468,SDN,OMN,55765.2514750773
21469,SDN,PAK,14622163.29896
21470,SDN,PER,7097.7139241333
21471,SDN,PHL,100153.203950035
21472,SDN,POL,613479.827200279
21473,SDN,PRT,453900.826710616
21474,SDN,QAT,414840.374867103
21475,SDN,ROU,252.57145453902
21476,SDN,RUS,1471858.53431631
21477,SDN,RWA,4505.7019755865
21478,SDN,SAU,167141461.85675
21479,SDN,SEN,390170.084077221
21480,SDN,SGP,127272297.626109
21481,SDN,SLV,4513.70480391297
21482,SDN,SRB,174080.015789437
21483,SDN,SUR,436871.478131731
21484,SDN,SVK,506.343333327011
21485,SDN,SVN,48928.9360977202
21486,SDN,SWE,1716826.61677153
21487,SDN,SWZ,2368.0848639578
21488,SDN,SYC,18979.4007719597
21489,SDN,SYR,13349827.6298739
21490,SDN,THA,18439229.0447856
21491,SDN,TUN,8772366.7319022
21492,SDN,TUR,4975866.76941915
21493,SDN,TZA,441838.344459977
21494,SDN,UGA,283389.195332501
21495,SDN,UKR,132832.561572541
21496,SDN,URY,3658.82733418977
21497,SDN,USA,7353533.78698531
21498,SDN,VCT,3325.14776270093
21499,SDN,VEN,400427.818912456
21500,SDN,VNM,2133311.48036127
21501,SDN,YEM,27876745.4442812
21502,SDN,ZAF,176534.307832708
21503,SDN,ZWE,32092.3933306999
21504,SEN,ABW,43113.8672615275
21505,SEN,AFG,2647.51101485192
21506,SEN,AGO,2365499.70374584
21507,SEN,ALB,405735.859241664
21508,SEN,ARE,43932244.8453107
21509,SEN,ARG,26543.627514328
21510,SEN,ATG,24246.2402387591
21511,SEN,AUS,479984.702700367
21512,SEN,AUT,260448.2109124
21513,SEN,BDI,262755.87579284
21514,SEN,BEL,38185639.2462079
21515,SEN,BEN,10531776.8915239
21516,SEN,BFA,15780068.0222252
21517,SEN,BGD,314243.935503519
21518,SEN,BGR,29594.7058137938
21519,SEN,BHR,12805.2104960061
21520,SEN,BIH,4773.6048758989
21521,SEN,BLR,1164.79521874955
21522,SEN,BOL,8041.88322497852
21523,SEN,BRA,768501.737689998
21524,SEN,BRB,2995.57923316061
21525,SEN,BRN,16090.6181865379
21526,SEN,BWA,14048.1155117777
21527,SEN,CAF,487223.562398066
21528,SEN,CAN,682578.905444793
21529,SEN,CHE,112551173.92078
21530,SEN,CHL,98331.3271931791
21531,SEN,CHN,28760323.9437049
21532,SEN,CIV,40415462.2325265
21533,SEN,CMR,13320340.4963244
21534,SEN,COD,3577147.09723544
21535,SEN,COG,17959397.1358109
21536,SEN,COL,914532.11426463
21537,SEN,COM,1492.99340097369
21538,SEN,CPV,4168844.56867145
21539,SEN,CRI,74433.1551727287
21540,SEN,CYP,1236911.11661063
21541,SEN,CZE,678054.703780438
21542,SEN,DEU,6127116.35366634
21543,SEN,DJI,27074.6370993462
21544,SEN,DNK,123493.644612802
21545,SEN,DOM,4606.4704654815
21546,SEN,DZA,212622.404404201
21547,SEN,EGY,717379.560712739
21548,SEN,ESP,36247682.1160767
21549,SEN,EST,93308.140960585
21550,SEN,ETH,243978.552602687
21551,SEN,FIN,319939.784123204
21552,SEN,FJI,12712.0268785061
21553,SEN,FRA,82915130.9196864
21554,SEN,FRO,7216.93414064061
21555,SEN,FSM,271305.472698462
21556,SEN,GAB,4246087.62101599
21557,SEN,GBR,54677856.21344
21558,SEN,GEO,92398.4084877953
21559,SEN,GHA,7887187.45715005
21560,SEN,GIN,45403390.113849
21561,SEN,GMB,53478883.1622777
21562,SEN,GNB,40039873.329067
21563,SEN,GNQ,5413346.03906637
21564,SEN,GRC,19231589.2144238
21565,SEN,GRD,1240.16432113923
21566,SEN,GTM,53216.7528500347
21567,SEN,GUY,1874.63512852869
21568,SEN,HKG,4917300.18064677
21569,SEN,HND,568.008962554929
21570,SEN,HRV,140269.436457428
21571,SEN,HTI,19225.9728459485
21572,SEN,HUN,34560.8444876154
21573,SEN,IDN,826556.501739792
21574,SEN,IND,156274418.214309
21575,SEN,IRL,162289.609146688
21576,SEN,IRN,266127.615364291
21577,SEN,ISL,218701.950272416
21578,SEN,ISR,735876.508786482
21579,SEN,ITA,51191810.5300125
21580,SEN,JAM,7793.85036075068
21581,SEN,JOR,90264.0925428513
21582,SEN,JPN,6771089.58580179
21583,SEN,KAZ,7173.76820018106
21584,SEN,KEN,1167159.06786996
21585,SEN,KOR,4514813.41489176
21586,SEN,KWT,3354.61022999871
21587,SEN,LAO,135847.325668128
21588,SEN,LBN,12909736.4782421
21589,SEN,LBR,6390542.76575241
21590,SEN,LBY,152993.796461779
21591,SEN,LKA,1615.63948577144
21592,SEN,LUX,352992.561389368
21593,SEN,MAC,442218.615840216
21594,SEN,MAR,8604853.03675462
21595,SEN,MDA,1346.36623814286
21596,SEN,MDG,457616.154834999
21597,SEN,MEX,2149696.03804713
21598,SEN,MKD,748.579628407433
21599,SEN,MLI,284564293.507547
21600,SEN,MLT,198300.219429188
21601,SEN,MNE,14498.2746051415
21602,SEN,MOZ,284636.211390221
21603,SEN,MRT,49050544.1444259
21604,SEN,MUS,78286.5718258155
21605,SEN,MYS,2122781.04641012
21606,SEN,NAM,241853.28300555
21607,SEN,NCL,41447.5249250576
21608,SEN,NER,9210281.77199596
21609,SEN,NGA,11350773.872294
21610,SEN,NIC,2924.32117271946
21611,SEN,NLD,19829885.5933609
21612,SEN,NOR,816404.488514827
21613,SEN,NZL,10592.099580382
21614,SEN,PAK,1319073.03064659
21615,SEN,PAN,4863.36262510842
21616,SEN,PER,48434.9258902387
21617,SEN,PHL,36538.9408385154
21618,SEN,PNG,1159698.89708069
21619,SEN,POL,825672.627720859
21620,SEN,PRK,65403.2515327873
21621,SEN,PRT,13365971.0064321
21622,SEN,PSE,1262.48316787779
21623,SEN,PYF,174302.012054657
21624,SEN,ROU,357.372876585524
21625,SEN,RUS,227090.531368387
21626,SEN,RWA,174175.940101569
21627,SEN,SAU,493274.330972641
21628,SEN,SDN,3365906.00292595
21629,SEN,SGP,520720.332194671
21630,SEN,SLE,6414812.30189555
21631,SEN,SLV,13115.8339739003
21632,SEN,SRB,15279.3725753618
21633,SEN,STP,371475.120816291
21634,SEN,SVK,58987.9705721097
21635,SEN,SVN,102780.844928802
21636,SEN,SWE,95533.0779735478
21637,SEN,SYC,73738.0026454844
21638,SEN,TCD,21548175.0558924
21639,SEN,TGO,13520991.5465745
21640,SEN,THA,2852955.54001399
21641,SEN,TLS,102116.226480457
21642,SEN,TON,66006.8895255628
21643,SEN,TUN,735120.077067952
21644,SEN,TUR,1020468.86906259
21645,SEN,TZA,369299.694451862
21646,SEN,UGA,66382.3646901951
21647,SEN,UKR,84378.4508198756
21648,SEN,URY,79550.0320513297
21649,SEN,USA,5144608.59723843
21650,SEN,VCT,1148.35105095544
21651,SEN,VEN,2072.65031571611
21652,SEN,VNM,3485843.59625327
21653,SEN,ZAF,1185415.51998971
21654,SEN,ZMB,11710.3029903815
21655,SEN,ZWE,39436.4032038378
21656,SGP,AFG,4642534.58097496
21657,SGP,AGO,226251782.201401
21658,SGP,ALB,1073141.5940281
21659,SGP,AND,157934.016386463
21660,SGP,ARE,2549184559.24345
21661,SGP,ARG,74870230.8750913
21662,SGP,ARM,2621685.44933127
21663,SGP,ATG,195205198.887509
21664,SGP,AUS,7270029945.95134
21665,SGP,AUT,95410381.1858994
21666,SGP,AZE,3225768.80498453
21667,SGP,BDI,197338.235613233
21668,SGP,BEL,1812357361.0436
21669,SGP,BEN,24145634.8201947
21670,SGP,BFA,2182081.46370723
21671,SGP,BGD,1048261824.41056
21672,SGP,BGR,12899010.0846247
21673,SGP,BHR,56683245.0866626
21674,SGP,BHS,362774313.621239
21675,SGP,BIH,2812462.46199465
21676,SGP,BLR,8172682.87630752
21677,SGP,BLZ,162556.258179206
21678,SGP,BMU,94646472.8524132
21679,SGP,BOL,1689602.61181472
21680,SGP,BRA,817041138.859622
21681,SGP,BRB,842820.468861826
21682,SGP,BRN,594586808.326915
21683,SGP,BTN,10523430.1060211
21684,SGP,BWA,7324237.13171279
21685,SGP,CAF,528612.162388528
21686,SGP,CAN,1684524850.81508
21687,SGP,CHE,707286947.247714
21688,SGP,CHL,45383538.2355515
21689,SGP,CHN,18028165305.3262
21690,SGP,CIV,33937412.1786666
21691,SGP,CMR,20220128.3058459
21692,SGP,COD,15806434.8749357
21693,SGP,COG,313436332.275509
21694,SGP,COL,44073104.2162878
21695,SGP,COM,2220101.74245762
21696,SGP,CPV,329178.665728862
21697,SGP,CRI,20279998.0949159
21698,SGP,CUB,830263.291230048
21699,SGP,CYP,217729170.860304
21700,SGP,CZE,493919953.66649
21701,SGP,DEU,3135629447.99027
21702,SGP,DJI,7289436.47644484
21703,SGP,DMA,69888.3982986312
21704,SGP,DNK,1067047221.6871
21705,SGP,DOM,7161400.94857627
21706,SGP,DZA,30679957.8522286
21707,SGP,ECU,24536029.6412318
21708,SGP,EGY,217465302.947664
21709,SGP,ESP,331860220.905598
21710,SGP,EST,7190376.52188018
21711,SGP,ETH,7028141.78144003
21712,SGP,FIN,132247765.170189
21713,SGP,FJI,272483130.682295
21714,SGP,FRA,2691871012.24163
21715,SGP,FRO,198300.904602847
21716,SGP,FSM,5014698.98649129
21717,SGP,GAB,14622297.888992
21718,SGP,GBR,3388083329.10095
21719,SGP,GEO,18348181.7987515
21720,SGP,GHA,46472474.1094739
21721,SGP,GIN,6763208.71838646
21722,SGP,GMB,4005601.76443132
21723,SGP,GNB,163624.950940672
21724,SGP,GRC,363686613.439726
21725,SGP,GRD,5414.92741986924
21726,SGP,GRL,86395.5404036574
21727,SGP,GTM,6915398.12097364
21728,SGP,GUY,10194484.3993359
21729,SGP,HKG,21440635953.9777
21730,SGP,HND,7074075.43292926
21731,SGP,HRV,17059608.588321
21732,SGP,HUN,692067190.261995
21733,SGP,IDN,18081069299.6973
21734,SGP,IND,6417689174.79244
21735,SGP,IRL,794489533.148023
21736,SGP,IRN,386182949.618196
21737,SGP,IRQ,10373748.4390225
21738,SGP,ISL,2256087.0629804
21739,SGP,ISR,365871085.466789
21740,SGP,ITA,317442689.966686
21741,SGP,JAM,18261183.9290368
21742,SGP,JOR,23220551.0315955
21743,SGP,JPN,8416051480.46804
21744,SGP,KAZ,34857809.7138092
21745,SGP,KEN,234436595.392152
21746,SGP,KGZ,1222090.12521253
21747,SGP,KHM,764012529.899883
21748,SGP,KIR,825746.626475932
21749,SGP,KOR,8612326271.75002
21750,SGP,KWT,120460001.927413
21751,SGP,LAO,24992551.2571846
21752,SGP,LBN,31043451.3851018
21753,SGP,LBR,1125737068.40436
21754,SGP,LBY,40133778.434429
21755,SGP,LCA,399992.73363957
21756,SGP,LKA,757107725.248837
21757,SGP,LTU,4489245.47466655
21758,SGP,LUX,35542818.9302193
21759,SGP,LVA,5643564.38818393
21760,SGP,MAC,100039529.590782
21761,SGP,MAR,75205046.4645053
21762,SGP,MDA,1169471.528966
21763,SGP,MDG,82014608.5512087
21764,SGP,MDV,159113235.881062
21765,SGP,MEX,946577356.684875
21766,SGP,MHL,489403576.000136
21767,SGP,MKD,1506212.51802481
21768,SGP,MLT,414196491.143998
21769,SGP,MMR,610203617.280933
21770,SGP,MNE,426225.977486785
21771,SGP,MNG,34813920.2299668
21772,SGP,MNP,20791569.9884278
21773,SGP,MOZ,46060793.6835746
21774,SGP,MRT,6268404.39463531
21775,SGP,MSR,1247.7012313782
21776,SGP,MUS,83620459.6461007
21777,SGP,MWI,5906714.70817413
21778,SGP,MYS,21370459105.7911
21779,SGP,NAM,23431536.5561305
21780,SGP,NCL,228538671.246181
21781,SGP,NER,1248922.21083691
21782,SGP,NGA,374598188.941665
21783,SGP,NIC,1634523.556962
21784,SGP,NLD,3405168546.05474
21785,SGP,NOR,197136288.214422
21786,SGP,NPL,62350954.3093839
21787,SGP,NZL,933374790.003465
21788,SGP,OMN,122829543.470568
21789,SGP,PAK,548189656.042849
21790,SGP,PAN,4096825175.46459
21791,SGP,PER,22185206.3572422
21792,SGP,PHL,3456615232.92442
21793,SGP,PLW,9236096.37473808
21794,SGP,PNG,223744826.340422
21795,SGP,POL,261324468.54095
21796,SGP,PRK,37613568.5742078
21797,SGP,PRT,43265677.7630818
21798,SGP,PRY,16687118.7253171
21799,SGP,PSE,1670886.89258816
21800,SGP,PYF,130396247.800884
21801,SGP,QAT,170397692.480164
21802,SGP,ROU,23915743.9840857
21803,SGP,RUS,474926752.811882
21804,SGP,RWA,2467926.31389341
21805,SGP,SAU,510929720.6674
21806,SGP,SDN,60847740.8670334
21807,SGP,SEN,5399890.59876884
21808,SGP,SLB,46418436.5185814
21809,SGP,SLE,4004581.7210551
21810,SGP,SLV,8290137.24955973
21811,SGP,SOM,1088645.01838965
21812,SGP,SRB,7061305.16628982
21813,SGP,SUR,784271.009430893
21814,SGP,SVK,57582291.5910808
21815,SGP,SVN,13325861.6256613
21816,SGP,SWE,128649897.051186
21817,SGP,SWZ,1248464.51483331
21818,SGP,SYC,125085531.388235
21819,SGP,SYR,21274411.1801087
21820,SGP,TGO,1937516.00916354
21821,SGP,THA,6929191416.29094
21822,SGP,TON,18227735.8065699
21823,SGP,TTO,18073270.2570905
21824,SGP,TUN,36321599.6431279
21825,SGP,TUR,202183306.842365
21826,SGP,TZA,131581766.782096
21827,SGP,UGA,61449772.1186734
21828,SGP,UKR,136293097.594559
21829,SGP,URY,21437346.8463494
21830,SGP,USA,12133906985.0536
21831,SGP,VCT,63739586.8549732
21832,SGP,VEN,35303356.9032804
21833,SGP,VNM,4781919708.32818
21834,SGP,VUT,34771971.157924
21835,SGP,WSM,26668120.1421343
21836,SGP,YEM,48807032.7411678
21837,SGP,ZAF,578813301.52764
21838,SGP,ZMB,8685374.20448646
21839,SGP,ZWE,3372316.05601161
21840,SHN,AUS,10498.2307892239
21841,SHN,BFA,123.836916615504
21842,SHN,BIH,2071.96514205803
21843,SHN,CAN,12492.0861342599
21844,SHN,DNK,206046.792807531
21845,SHN,ESP,225558.261757811
21846,SHN,FJI,163789.392618613
21847,SHN,FRA,111266.035510564
21848,SHN,GBR,4752170.58835293
21849,SHN,GTM,1403.92082542225
21850,SHN,HRV,1269.62678843701
21851,SHN,IDN,234075.191638936
21852,SHN,IND,23985.8742486856
21853,SHN,IRL,14105.6577659312
21854,SHN,ITA,22146.6475244596
21855,SHN,JPN,2555678.55980571
21856,SHN,KHM,316537.896910797
21857,SHN,KOR,9745.91011264331
21858,SHN,LBN,490.584339190988
21859,SHN,MDA,295.309846635916
21860,SHN,MEX,50642.5554165982
21861,SHN,MKD,357.002882810157
21862,SHN,MNE,72.628407757325
21863,SHN,MYS,8842.85123128336
21864,SHN,NGA,41446.1545777414
21865,SHN,NIC,2820.85995034818
21866,SHN,NLD,2867.45175909816
21867,SHN,NZL,32036.6647312193
21868,SHN,PER,1490.93787999943
21869,SHN,POL,41032.3096882563
21870,SHN,RUS,2477.58794764611
21871,SHN,SAU,297116.649572294
21872,SHN,SDN,1428060.05181322
21873,SHN,SRB,147484.315077094
21874,SHN,SVK,35949.0063189016
21875,SHN,SVN,80566.1445862742
21876,SHN,SYC,5618.02728077334
21877,SHN,THA,1677.99028865744
21878,SHN,TUR,2024.00298599187
21879,SHN,TZA,212990.342658595
21880,SHN,USA,4269882.33181407
21881,SHN,VEN,215562.484571057
21882,SHN,YEM,67.8321921507092
21883,SHN,ZAF,35651.6409512914
21884,SLB,AUS,4933962.32410707
21885,SLB,AUT,13596.5860710977
21886,SLB,BEL,7875.38602606315
21887,SLB,BGD,9009.34843019874
21888,SLB,BLZ,1477.41940372535
21889,SLB,CAN,61518.3168914285
21890,SLB,CHE,8121257.60042948
21891,SLB,CHN,122033103.091796
21892,SLB,CRI,187.104481856031
21893,SLB,CZE,162219.659767934
21894,SLB,DEU,624758.751022091
21895,SLB,EGY,693.987732025615
21896,SLB,ESP,16131371.1029636
21897,SLB,FIN,424.807668014542
21898,SLB,FJI,1464787.54216484
21899,SLB,FRA,214923.902721719
21900,SLB,GBR,601875.726126901
21901,SLB,GTM,645.433585918869
21902,SLB,HKG,1695580.79172161
21903,SLB,IDN,5092924.57786153
21904,SLB,IND,839891.3514735
21905,SLB,IRL,1095.19527856098
21906,SLB,ITA,8218473.35870537
21907,SLB,JPN,4609146.06861633
21908,SLB,KIR,41930.1057507485
21909,SLB,KOR,8698626.97247145
21910,SLB,LBN,938.687911580521
21911,SLB,MEX,405076.037008925
21912,SLB,MYS,3663117.20646306
21913,SLB,NCL,537600.955608984
21914,SLB,NLD,955.81725303272
21915,SLB,NRU,142244.198068134
21916,SLB,NZL,1556387.03816731
21917,SLB,PAK,8840.7957103091
21918,SLB,PHL,10282034.2195982
21919,SLB,PNG,1030315.50518436
21920,SLB,POL,5449.18610277364
21921,SLB,RUS,13046.3916236531
21922,SLB,SAU,23206.8317994396
21923,SLB,SGP,4791571.54204205
21924,SLB,SRB,49.332503382334
21925,SLB,SVK,2861.97036983346
21926,SLB,SVN,9112.80965257002
21927,SLB,SYC,2906.19010737914
21928,SLB,THA,8042247.73736463
21929,SLB,TTO,12422.883594793
21930,SLB,TUN,148425.058509649
21931,SLB,USA,697310.824267342
21932,SLB,VEN,92275.0772293395
21933,SLB,VNM,4305253.73673921
21934,SLB,VUT,379509.46713103
21935,SLB,WSM,170.095045793997
21936,SLB,YEM,751.635502922505
21937,SLB,ZAF,9009.34843019874
21938,SLE,AGO,61111.3237385243
21939,SLE,ALB,59392.2230303816
21940,SLE,AND,828.365360197145
21941,SLE,ARE,553962.902564125
21942,SLE,ARG,447893.909250159
21943,SLE,ARM,223319.335554271
21944,SLE,AUS,3187016.06805673
21945,SLE,AUT,43154.2925073547
21946,SLE,BEL,43723316.2120973
21947,SLE,BGD,405648.842187087
21948,SLE,BGR,50466.4657864696
21949,SLE,BIH,15074.5056515935
21950,SLE,BMU,38195.6907437721
21951,SLE,BOL,894.151623804803
21952,SLE,BRA,153461.084896595
21953,SLE,BRB,11075.8321829921
21954,SLE,BWA,824.949084337918
21955,SLE,CAN,2434616.59650546
21956,SLE,CHE,764993.691726529
21957,SLE,CHL,179652.533150666
21958,SLE,CHN,7222600.52679299
21959,SLE,CIV,9723139.35002613
21960,SLE,CMR,24255.1474963142
21961,SLE,COL,2367.96016235203
21962,SLE,CYP,3217.57549838112
21963,SLE,CZE,2073415.6546922
21964,SLE,DEU,8026078.09604458
21965,SLE,DMA,5826.03161472202
21966,SLE,DNK,9103.90239501488
21967,SLE,DOM,24560.4129162021
21968,SLE,DZA,171856.627268941
21969,SLE,EGY,393916.84659869
21970,SLE,ESP,2060643.00022256
21971,SLE,EST,46381.5495095246
21972,SLE,ETH,107207.795784823
21973,SLE,FIN,471560.492574175
21974,SLE,FJI,324.772313933699
21975,SLE,FRA,20897086.0465997
21976,SLE,GBR,12416073.6538053
21977,SLE,GHA,848227.859371457
21978,SLE,GMB,33912.4639697931
21979,SLE,GRC,6665382.36417929
21980,SLE,GRD,13034.0584978075
21981,SLE,GRL,501.478600354586
21982,SLE,HKG,13120.3903787266
21983,SLE,HRV,1919.8565899625
21984,SLE,IDN,361084.462291387
21985,SLE,IND,2686835.87178422
21986,SLE,IRL,273392.690491323
21987,SLE,ISR,81535.6653124686
21988,SLE,ITA,2011994.35702041
21989,SLE,JPN,2956353.72640873
21990,SLE,KAZ,7257.3593864678
21991,SLE,KEN,107870.31486108
21992,SLE,KHM,2188.44466393298
21993,SLE,KIR,11092.2763507862
21994,SLE,KOR,450890.173656977
21995,SLE,LBN,452952.546367822
21996,SLE,LKA,10693.505281779
21997,SLE,LUX,224218.96856734
21998,SLE,MAR,166565.072903121
21999,SLE,MDA,92091.4506889719
22000,SLE,MEX,354762.364948209
22001,SLE,MKD,11193.750569549
22002,SLE,MLT,22823.1345509103
22003,SLE,MNE,1104.49993683781
22004,SLE,MSR,50.7028506985099
22005,SLE,MUS,441775.308483433
22006,SLE,MYS,1033934.58696499
22007,SLE,NCL,103161.116309041
22008,SLE,NER,51127.6583665244
22009,SLE,NGA,293276.936392369
22010,SLE,NIC,15.7589941360233
22011,SLE,NLD,10651615.8198445
22012,SLE,NZL,208822.431296445
22013,SLE,PAK,44739.0991785122
22014,SLE,PER,4741.40171396876
22015,SLE,PHL,480.991907977756
22016,SLE,PLW,470.029129448349
22017,SLE,POL,4927890.22470617
22018,SLE,PRT,2256770.86629117
22019,SLE,PSE,346541.377329006
22020,SLE,PYF,4355.64894446524
22021,SLE,ROU,2720594.80272589
22022,SLE,RUS,57304.4988941875
22023,SLE,SDN,6267639.6181868
22024,SLE,SEN,1092453.89875497
22025,SLE,SGP,379217.583152685
22026,SLE,SRB,467622.799561144
22027,SLE,SVK,225851.737394564
22028,SLE,SVN,2126533.05736181
22029,SLE,SWE,110285.55200584
22030,SLE,SYC,258484.13047385
22031,SLE,THA,259631.483911959
22032,SLE,TTO,12420.1429001607
22033,SLE,TUN,85215.7330300591
22034,SLE,TUR,1622537.12898741
22035,SLE,TZA,2885.26627420845
22036,SLE,UGA,16175.5797201408
22037,SLE,UKR,38305.3185290661
22038,SLE,URY,1224.40532700321
22039,SLE,USA,19534377.0463641
22040,SLE,VCT,2381.66363551379
22041,SLE,VEN,59792.3644467049
22042,SLE,VNM,1880193.2572431
22043,SLE,ZAF,252202.831110969
22044,SLE,ZWE,3965.09995935509
22045,SLV,ABW,208918.705047143
22046,SLV,AGO,27219.8939148609
22047,SLV,AIA,44618.5086146887
22048,SLV,AND,29408.9826420324
22049,SLV,ARE,175360.824611974
22050,SLV,ARG,175688.803538627
22051,SLV,ARM,81970.7505853545
22052,SLV,ATG,27986.6032382613
22053,SLV,AUS,2591576.86327391
22054,SLV,AUT,1936581.67895642
22055,SLV,BEL,11159382.2588593
22056,SLV,BEN,9754.81737019845
22057,SLV,BGD,499659.245036792
22058,SLV,BGR,289770.902783933
22059,SLV,BHR,608.434208382119
22060,SLV,BHS,662383.795569898
22061,SLV,BIH,33313.8284298953
22062,SLV,BLR,10962.7785294075
22063,SLV,BLZ,9120116.98167138
22064,SLV,BMU,14582.5509650863
22065,SLV,BOL,295807.810295404
22066,SLV,BRA,3855795.57602763
22067,SLV,BRB,493643.639574351
22068,SLV,CAN,39266410.2489188
22069,SLV,CHE,1675412.28645468
22070,SLV,CHL,5485339.98903461
22071,SLV,CHN,2379263.47218951
22072,SLV,CMR,318.605751010907
22073,SLV,COL,2269315.02562345
22074,SLV,CRI,93954850.867439
22075,SLV,CUB,2827330.98388942
22076,SLV,CYM,146202.910153474
22077,SLV,CYP,18444.7652479429
22078,SLV,CZE,2497329.85625659
22079,SLV,DEU,71485175.2941268
22080,SLV,DMA,67552.6412982093
22081,SLV,DNK,71467.723580524
22082,SLV,DOM,53553119.8370522
22083,SLV,DZA,199452.681522092
22084,SLV,ECU,1607427.67947925
22085,SLV,EGY,71791.6051687022
22086,SLV,ESP,57999580.9999685
22087,SLV,EST,69855.345521365
22088,SLV,ETH,12389.8917979824
22089,SLV,FIN,2630589.28101812
22090,SLV,FRA,9896967.60834733
22091,SLV,FRO,102.090875055108
22092,SLV,GBR,5274925.58483572
22093,SLV,GEO,41123.2664913675
22094,SLV,GIB,2470.16751692901
22095,SLV,GRC,121149.055723927
22096,SLV,GRD,92489.0843697067
22097,SLV,GRL,4351.70919593123
22098,SLV,GTM,371047500.380227
22099,SLV,GUY,494927.332977988
22100,SLV,HKG,23138761.8520295
22101,SLV,HND,355959787.615825
22102,SLV,HRV,6514.63114110044
22103,SLV,HTI,2376861.05464389
22104,SLV,HUN,36314.2038786625
22105,SLV,IDN,5064026.00848436
22106,SLV,IND,3645008.06667979
22107,SLV,IRL,788472.832778076
22108,SLV,ISL,167365.999113833
22109,SLV,ISR,264778.282324209
22110,SLV,ITA,8900062.38417389
22111,SLV,JAM,5326772.29184598
22112,SLV,JOR,40280.5371506022
22113,SLV,JPN,18692495.9505875
22114,SLV,KAZ,851.670857003349
22115,SLV,KHM,123512.94595475
22116,SLV,KNA,11580.1199953448
22117,SLV,KOR,2894299.60371668
22118,SLV,KWT,36988.3530925918
22119,SLV,LBN,118638.50407159
22120,SLV,LBY,1595988.4106328
22121,SLV,LCA,31813.2981186826
22122,SLV,LKA,183447.024869157
22123,SLV,LSO,199022.364372693
22124,SLV,LTU,1181.23938654366
22125,SLV,LUX,485.788123584372
22126,SLV,LVA,599.203548860358
22127,SLV,MAR,248999.041306589
22128,SLV,MDA,9635.59715369115
22129,SLV,MEX,48691118.4875607
22130,SLV,MKD,82220.8389705566
22131,SLV,MNE,90.4429228676123
22132,SLV,MSR,733.13581415413
22133,SLV,MUS,4378.94484884023
22134,SLV,MYS,295014.53678928
22135,SLV,NCL,25858.9060708544
22136,SLV,NGA,427048.18587649
22137,SLV,NIC,145961404.308327
22138,SLV,NLD,11460163.9023287
22139,SLV,NOR,964244.164113472
22140,SLV,NZL,424206.770716399
22141,SLV,PAK,192492.475099401
22142,SLV,PAN,75958235.8248048
22143,SLV,PER,1259080.59549172
22144,SLV,PHL,20394.5433715541
22145,SLV,POL,397794.011370766
22146,SLV,PRK,3366.75150722003
22147,SLV,PRT,2060006.12102976
22148,SLV,PRY,66824.3016996618
22149,SLV,PYF,16385.2428595158
22150,SLV,ROU,160929.354438496
22151,SLV,RUS,26765871.1272391
22152,SLV,SAU,162814.801607349
22153,SLV,SDN,293076.530634288
22154,SLV,SGP,713467.219125056
22155,SLV,SLV,2437090.64895703
22156,SLV,SRB,16859.3830309126
22157,SLV,SUR,154328.514747735
22158,SLV,SVK,213456.945919752
22159,SLV,SVN,769927.58407248
22160,SLV,SWE,2108437.45661003
22161,SLV,SYC,3219.57140924713
22162,SLV,TCA,2117.18660349183
22163,SLV,THA,2941406.66305754
22164,SLV,TTO,2382482.9045085
22165,SLV,TUN,149794.720652167
22166,SLV,TUR,243332.572933362
22167,SLV,TZA,31356.3009922111
22168,SLV,UKR,37578.3492778348
22169,SLV,URY,177611.119902022
22170,SLV,USA,1288881106.23202
22171,SLV,VCT,18104.3435676585
22172,SLV,VEN,9297481.08276618
22173,SLV,VNM,2438640.62139941
22174,SLV,ZAF,1591006.80758952
22175,SMR,ALB,157827.69661959
22176,SMR,AND,16972.8573811232
22177,SMR,ARE,171680.537638813
22178,SMR,ARG,219972.947408169
22179,SMR,ARM,4063.07979246167
22180,SMR,AUT,7417446.78581176
22181,SMR,AZE,29064.3814024337
22182,SMR,BEL,3699325.20842472
22183,SMR,BGR,656936.28129085
22184,SMR,BIH,299312.631146466
22185,SMR,BLR,76807.9670716616
22186,SMR,BOL,112023.837576409
22187,SMR,BRA,3369190.04026916
22188,SMR,CHE,479030.777211804
22189,SMR,CHL,37149.0468706232
22190,SMR,CHN,19433.5804643491
22191,SMR,COL,9113.49482622811
22192,SMR,CRI,6744.84949021799
22193,SMR,CYP,209423.328594589
22194,SMR,CZE,456537.374946938
22195,SMR,DEU,6157339.6706824
22196,SMR,DMA,384.382422187352
22197,SMR,DNK,173918.999979786
22198,SMR,DZA,19744.6493051211
22199,SMR,EGY,53905.9183298547
22200,SMR,ESP,4906382.40363805
22201,SMR,EST,26093.5026796471
22202,SMR,FIN,567641.024300535
22203,SMR,FRA,15327129.1793305
22204,SMR,FRO,13423.2371356015
22205,SMR,GBR,4305566.1759273
22206,SMR,GEO,24405.2005274355
22207,SMR,GRC,7345522.73657495
22208,SMR,HKG,98990.4642522597
22209,SMR,HRV,746845.453878812
22210,SMR,HUN,465918.087499821
22211,SMR,IDN,4198.74417676309
22212,SMR,IRL,70923.9361919561
22213,SMR,ISR,82220.8389705566
22214,SMR,KAZ,429684.734112813
22215,SMR,KOR,100619.122037535
22216,SMR,LBN,2422478.74515243
22217,SMR,LTU,57527.8655067242
22218,SMR,LUX,15443.8142533029
22219,SMR,LVA,21534.0645895778
22220,SMR,MAR,10177.2125417629
22221,SMR,MDA,9552.00596740441
22222,SMR,MEX,62058.91890766
22223,SMR,MKD,7525.16636246806
22224,SMR,MLT,243220.204453436
22225,SMR,MNE,103724.32905599
22226,SMR,MUS,4933.93551189148
22227,SMR,MYS,1580.69562920895
22228,SMR,NCL,5217.5974063399
22229,SMR,NLD,1465134.92520949
22230,SMR,NZL,20566.8576948266
22231,SMR,PER,20245.5112491834
22232,SMR,POL,4099666.0102826
22233,SMR,PRT,537567.382099738
22234,SMR,ROU,17880393.1871651
22235,SMR,RUS,740501.430978575
22236,SMR,SAU,6346344.95376379
22237,SMR,SRB,51504.5038784728
22238,SMR,SVK,307144.851232069
22239,SMR,SVN,4238204.01290604
22240,SMR,SWE,524713.524274008
22241,SMR,SYC,113196.65891939
22242,SMR,THA,9959.68429396676
22243,SMR,TUR,208029.00020038
22244,SMR,UKR,74082.3462597877
22245,SMR,USA,485076.228153619
22246,SMR,VCT,22903.2998689066
22247,SMR,ZAF,448735.302502291
22248,SOM,AGO,174291.049276128
22249,SOM,ARE,55193441.8542409
22250,SOM,ARG,8370.08140720266
22251,SOM,AUS,64191.8645052878
22252,SOM,AUT,93434.3910588243
22253,SOM,BEL,100.035354080844
22254,SOM,BGR,3382.01717632223
22255,SOM,BHR,245269.558864777
22256,SOM,BLR,10277.6048713196
22257,SOM,BRA,603.637992775503
22258,SOM,CAN,23946.1341765165
22259,SOM,CHE,38215.4936328381
22260,SOM,CHN,376998.990847796
22261,SOM,CIV,1351582.68582781
22262,SOM,CZE,229846.299821217
22263,SOM,DEU,186407.039478421
22264,SOM,DNK,1435.4388136943
22265,SOM,DZA,1042.1491339518
22266,SOM,EGY,200385.940117606
22267,SOM,ETH,159177.289340489
22268,SOM,FRA,353768.863143982
22269,SOM,GBR,15787.086256005
22270,SOM,GRD,5811.64296790218
22271,SOM,HKG,90464.163251013
22272,SOM,HRV,2829.76720790332
22273,SOM,IND,2576657.8920427
22274,SOM,IRL,15247.6812381542
22275,SOM,ITA,47457.5112783294
22276,SOM,JOR,604362.221332102
22277,SOM,JPN,55622.3975635815
22278,SOM,KEN,15035.4507530825
22279,SOM,LBN,1553607.28863644
22280,SOM,LKA,6422.81787091665
22281,SOM,LUX,694.080915643115
22282,SOM,LVA,5279.10955666841
22283,SOM,MAR,47611.5239280208
22284,SOM,MEX,2998.31992779296
22285,SOM,MYS,2885.26627420845
22286,SOM,NGA,64412.4904231921
22287,SOM,NZL,836.597036525414
22288,SOM,OMN,43433976.2835443
22289,SOM,PAK,3320640.00520437
22290,SOM,POL,78363.3112755213
22291,SOM,PYF,435.085272885862
22292,SOM,SAU,29190519.8173667
22293,SOM,SDN,217210.786285109
22294,SOM,SGP,51919.7191152741
22295,SOM,SVN,779.727622904112
22296,SOM,SWE,1263.46022551422
22297,SOM,SYC,26020.2356900405
22298,SOM,SYR,215520.688977913
22299,SOM,THA,143634.324292298
22300,SOM,TUN,1012.68666665402
22301,SOM,TUR,112130.724667071
22302,SOM,TZA,206387.324115601
22303,SOM,UGA,95.2391384742281
22304,SOM,USA,166834.304355156
22305,SOM,YEM,29357767.9666113
22306,SOM,ZAF,2716.02838066072
22307,SPM,BEL,2173809.35459622
22308,SPM,BRA,79.4801443382047
22309,SPM,CAN,184792.020759984
22310,SPM,CZE,19.8700360845512
22311,SPM,ESP,738863.834417757
22312,SPM,FRA,2222466.96192534
22313,SPM,IND,15716.5133692219
22314,SPM,LUX,8077.5122551991
22315,SPM,MEX,30440.2101078743
22316,SPM,NZL,32.2031619301347
22317,SPM,POL,552.249968418905
22318,SPM,PRT,106454.060909812
22319,SPM,PRY,5240.8933107149
22320,SPM,PYF,1003.09423544079
22321,SPM,SDN,515573.86883234
22322,SPM,SVK,48062.1914202389
22323,SPM,SVN,130679.745938828
22324,SPM,USA,546924.798748245
22325,SRB,AFG,2042147.0696317
22326,SRB,AGO,2600456.02870907
22327,SRB,ALB,83135652.6911947
22328,SRB,AND,5471.95647895288
22329,SRB,ARE,10345361.6943679
22330,SRB,ARG,279521.390032595
22331,SRB,ARM,614282.1655539
22332,SRB,AUS,2512311.86346435
22333,SRB,AUT,222745142.214278
22334,SRB,AZE,2886057.64978354
22335,SRB,BEL,77901565.8955993
22336,SRB,BEN,85615.1892727244
22337,SRB,BFA,13828.1747675314
22338,SRB,BGD,13135006.5032009
22339,SRB,BGR,144040073.855013
22340,SRB,BHR,1932228.08553293
22341,SRB,BHS,9830.87164624622
22342,SRB,BIH,695871176.431866
22343,SRB,BLR,19311414.0011121
22344,SRB,BLZ,225053.510082891
22345,SRB,BMU,374.789990974121
22346,SRB,BOL,5019.58221915248
22347,SRB,BRA,978926.790172712
22348,SRB,BRN,143209.516624283
22349,SRB,BWA,5976887.66937057
22350,SRB,CAN,6223866.05133862
22351,SRB,CHE,57505037.5759577
22352,SRB,CHL,1899186.2710453
22353,SRB,CHN,19625577.0861239
22354,SRB,CIV,3018453.75573588
22355,SRB,CMR,2565612.20750067
22356,SRB,COG,41618.1331659215
22357,SRB,COL,25902.3049703577
22358,SRB,COM,22161.9419708554
22359,SRB,CRI,22501.102931609
22360,SRB,CYP,8358065.51676077
22361,SRB,CZE,105266100.654856
22362,SRB,DEU,596426218.677682
22363,SRB,DNK,9226792.40163491
22364,SRB,DOM,3531.38503378541
22365,SRB,DZA,15017353.2612514
22366,SRB,ECU,709256.826996106
22367,SRB,EGY,24357936.1727779
22368,SRB,ESP,117897145.476718
22369,SRB,EST,1285397.32089744
22370,SRB,ETH,2639595.88875369
22371,SRB,FIN,7281874.21478053
22372,SRB,FRA,170847067.049689
22373,SRB,FRO,7195.69375723988
22374,SRB,GAB,333494.574601158
22375,SRB,GBR,73543133.7757349
22376,SRB,GEO,1017893.30128183
22377,SRB,GHA,328883.355882226
22378,SRB,GIN,37757.1796025958
22379,SRB,GMB,5556.07319343536
22380,SRB,GNQ,6326797.6344722
22381,SRB,GRC,98265739.6299323
22382,SRB,GRD,380.956553896912
22383,SRB,GTM,249082.550272037
22384,SRB,HKG,1505410.11800556
22385,SRB,HRV,193073749.023976
22386,SRB,HUN,219869486.185798
22387,SRB,IDN,2851579.71130855
22388,SRB,IND,5882014.41362976
22389,SRB,IRL,4495083.15423345
22390,SRB,IRN,19773500.5975158
22391,SRB,IRQ,133891284.372108
22392,SRB,ISL,695530.743103629
22393,SRB,ISR,6149700.7990662
22394,SRB,ITA,628290400.082749
22395,SRB,JOR,1274427.11508558
22396,SRB,JPN,2938302.14121275
22397,SRB,KAZ,11798677.3739754
22398,SRB,KEN,730488.303139278
22399,SRB,KGZ,144977.949835808
22400,SRB,KHM,162956.221450378
22401,SRB,KNA,440660.530941724
22402,SRB,KOR,504105.556159696
22403,SRB,KWT,509581.464035135
22404,SRB,LBN,2745502.49591069
22405,SRB,LBY,17862474.5256588
22406,SRB,LCA,34695.1385246006
22407,SRB,LKA,162677.355771537
22408,SRB,LSO,982.114903203795
22409,SRB,LTU,11900901.8578938
22410,SRB,LUX,830805.263593596
22411,SRB,LVA,3189564.91406482
22412,SRB,MAC,10915.4522144961
22413,SRB,MAR,504997.869462576
22414,SRB,MDA,4157912.62295665
22415,SRB,MDG,11.9083181775689
22416,SRB,MDV,162.386156966849
22417,SRB,MEX,2363294.12974045
22418,SRB,MHL,15683.6250336337
22419,SRB,MKD,294041594.991011
22420,SRB,MLI,216.514875955799
22421,SRB,MLT,2923913.4943929
22422,SRB,MMR,153428.881734665
22423,SRB,MNE,572917317.793469
22424,SRB,MNG,80713.4569227631
22425,SRB,MOZ,1457185.54042835
22426,SRB,MUS,189243.594016582
22427,SRB,MYS,1638095.36724161
22428,SRB,NAM,135980.934531455
22429,SRB,NCL,63234.6769049389
22430,SRB,NER,174785.744657267
22431,SRB,NGA,1186116.45264193
22432,SRB,NIC,24761.4908296412
22433,SRB,NLD,108447538.038989
22434,SRB,NOR,5154503.19003487
22435,SRB,NZL,233914.861002943
22436,SRB,OMN,174578.822212525
22437,SRB,PAK,3450714.7428031
22438,SRB,PAN,109800.449055914
22439,SRB,PER,874406.289326024
22440,SRB,PHL,328563.379783899
22441,SRB,POL,46211120.0989855
22442,SRB,PRK,17.1293414521993
22443,SRB,PRT,52380698.4710465
22444,SRB,PRY,96124.3828404777
22445,SRB,PYF,28365.5042711839
22446,SRB,QAT,249603.282252183
22447,SRB,ROU,330464877.145693
22448,SRB,RUS,245594353.104268
22449,SRB,RWA,741076.291677711
22450,SRB,SAU,2431568.94407429
22451,SRB,SDN,344863.661109812
22452,SRB,SEN,486886.456958287
22453,SRB,SGP,173276.3070885
22454,SRB,SLE,349215.199012329
22455,SRB,SUR,73164.8987316079
22456,SRB,SVK,84255383.3532782
22457,SRB,SVN,252586653.746278
22458,SRB,SWE,24842947.699983
22459,SRB,SWZ,14717.5301757296
22460,SRB,SYC,24943.8025217589
22461,SRB,SYR,5728017.52293254
22462,SRB,TCA,5961.01082536535
22463,SRB,TGO,5230.14225084584
22464,SRB,THA,5116949.50700873
22465,SRB,TJK,992.131456911383
22466,SRB,TKM,884097.38554602
22467,SRB,TTO,68520.1065034295
22468,SRB,TUN,2482828.84095682
22469,SRB,TUR,45272924.1420915
22470,SRB,TZA,687819.798755507
22471,SRB,UGA,1239529.85033184
22472,SRB,UKR,123575621.52995
22473,SRB,URY,46003.2445776845
22474,SRB,USA,47153538.0959606
22475,SRB,UZB,1589205.4860424
22476,SRB,VCT,3105.20701845469
22477,SRB,VEN,35167.2231750232
22478,SRB,VGB,135167.633399305
22479,SRB,VNM,2378990.77307359
22480,SRB,YEM,394276.329810142
22481,SRB,ZAF,1433666.26944083
22482,SRB,ZMB,3482.05253040307
22483,SRB,ZWE,26034.5434863687
22484,STP,AGO,1315592.3484635
22485,STP,ALB,2905.136310293
22486,STP,AUT,31865.3713166973
22487,STP,BEL,2225324.13607957
22488,STP,BGD,19.8700360845512
22489,STP,BGR,7486.89256192727
22490,STP,BHS,23992.0408116084
22491,STP,BIH,5400.53877304939
22492,STP,BLZ,6722.31070273519
22493,STP,CAN,25830.3617362584
22494,STP,CHN,2932.54325661652
22495,STP,CMR,28251.7654439413
22496,STP,COL,1057.90812808783
22497,STP,CPV,52.7583716727738
22498,STP,CZE,793.431096065871
22499,STP,DEU,173274.686652798
22500,STP,DOM,28818.8829955671
22501,STP,ESP,7230.2806383265
22502,STP,FRA,1714637.48693394
22503,STP,FRO,877.022282352604
22504,STP,GAB,17282.820351611
22505,STP,GRD,15.0738204779354
22506,STP,HKG,922.928917444498
22507,STP,IDN,25976.3037254312
22508,STP,IND,34025.7238606487
22509,STP,IRL,383.223108357867
22510,STP,ITA,163432.41714275
22511,STP,KOR,9206.67844372808
22512,STP,LBN,644.063238602693
22513,STP,LUX,127.442300404363
22514,STP,MEX,63124.3639459867
22515,STP,MOZ,3207.2978935098
22516,STP,MYS,8324.85994576886
22517,STP,NGA,23152.0179067926
22518,STP,NLD,2206781.28137073
22519,STP,NZL,21326.7152816462
22520,STP,PER,698.877131249731
22521,STP,POL,95047.9750236215
22522,STP,PRT,1407013.69931486
22523,STP,PYF,167669.531044366
22524,STP,RUS,1335.40345961346
22525,STP,SDN,28414.1790078545
22526,STP,SRB,47530.4966615626
22527,STP,SVN,32487.5089982412
22528,STP,SWE,83391.1155785709
22529,STP,SYC,2144.71962176844
22530,STP,THA,10229.6427152534
22531,STP,USA,155548.809032789
22532,STP,VCT,1196.99838067969
22533,STP,ZAF,1226796.58306993
22534,SUR,ABW,867436.017702295
22535,SUR,ARE,75628152.8463268
22536,SUR,ARG,2652481.26456769
22537,SUR,ATG,370865.316260593
22538,SUR,AUS,387524.628583344
22539,SUR,AUT,4099189.81459022
22540,SUR,BEL,150810116.495465
22541,SUR,BFA,16336.0590388172
22542,SUR,BGD,120493.954337693
22543,SUR,BGR,6869.55109599
22544,SUR,BHR,19197.1955523088
22545,SUR,BIH,18852.5532022905
22546,SUR,BLZ,637.25946417788
22547,SUR,BRA,7842324.34153943
22548,SUR,BRB,26973636.3355811
22549,SUR,CAN,322567161.995287
22550,SUR,CHE,107200576.109988
22551,SUR,CHL,33844.1528412554
22552,SUR,CHN,15469882.3702985
22553,SUR,CIV,23836.0096403203
22554,SUR,COL,24338.0535089428
22555,SUR,CRI,4727.698240807
22556,SUR,CUB,233801.807349359
22557,SUR,CYP,537.861321599058
22558,SUR,CZE,3557310.63466014
22559,SUR,DEU,32959025.7698842
22560,SUR,DMA,144356.497327922
22561,SUR,DNK,33548.8429946194
22562,SUR,DOM,88525.8069722821
22563,SUR,ECU,103822.994062754
22564,SUR,ESP,5694066.77831047
22565,SUR,EST,8845.15341477454
22566,SUR,ETH,80426.3225682155
22567,SUR,FIN,70384.4640270869
22568,SUR,FJI,695.451262959291
22569,SUR,FRA,47008458.0552498
22570,SUR,FRO,261.051163731517
22571,SUR,GBR,3195958.9546421
22572,SUR,GHA,5673.23788896841
22573,SUR,GMB,137.034731617594
22574,SUR,GRC,650.914975183573
22575,SUR,GRD,130450.897937027
22576,SUR,GUY,48895463.9941752
22577,SUR,HKG,1843468.63434324
22578,SUR,HND,6207.67334227702
22579,SUR,HRV,2078.13170498082
22580,SUR,HTI,651204.803640944
22581,SUR,HUN,8222.08389705566
22582,SUR,IDN,34058.6121962369
22583,SUR,IND,933506.62837806
22584,SUR,IRL,116366.899880775
22585,SUR,ISL,35102690.0940362
22586,SUR,ITA,702875.804718333
22587,SUR,JAM,14134213.7484794
22588,SUR,JPN,4406410.72009834
22589,SUR,KAZ,2264.49893998075
22590,SUR,KEN,7910.32988262563
22591,SUR,KNA,137976.160223807
22592,SUR,KOR,356869.27394683
22593,SUR,LBN,2663.27000898795
22594,SUR,LBR,100499.216647369
22595,SUR,LCA,912099.747778418
22596,SUR,LUX,4182.30000896898
22597,SUR,MAR,2.89143283713124
22598,SUR,MEX,53945.0924485822
22599,SUR,MKD,1114.33903056795
22600,SUR,MSR,34522.4747627625
22601,SUR,MUS,30848.5736080947
22602,SUR,MYS,44385.5495709388
22603,SUR,NAM,7361.50578249717
22604,SUR,NCL,25582.3288720306
22605,SUR,NGA,833641.88253808
22606,SUR,NIC,546.083405496113
22607,SUR,NLD,39526143.1385322
22608,SUR,NOR,49859005.5236651
22609,SUR,NZL,13723.343197844
22610,SUR,PAK,192757.164535257
22611,SUR,PAN,735774.417911427
22612,SUR,PER,51570.2805496493
22613,SUR,PHL,52347.267477921
22614,SUR,POL,1733825.77522869
22615,SUR,PRT,29150.0281096947
22616,SUR,PYF,1423.79086150681
22617,SUR,RUS,77989.8916318634
22618,SUR,SAU,201367.05672279
22619,SUR,SDN,882505.436624651
22620,SUR,SGP,273064.998652432
22621,SUR,SLE,1712.93414521993
22622,SUR,SLV,2.24051786194767
22623,SUR,SRB,146368.167188069
22624,SUR,SVK,1408270.3078038
22625,SUR,SVN,8378.98866475781
22626,SUR,SWE,363110.520798353
22627,SUR,SYC,7086.23863570764
22628,SUR,THA,354527.350383485
22629,SUR,TTO,42159216.8592345
22630,SUR,TUN,8468.74641396733
22631,SUR,TUR,51702.5190656603
22632,SUR,TZA,1562.88111409866
22633,SUR,UKR,2056584.36378127
22634,SUR,USA,101600516.13805
22635,SUR,VCT,184863.963994083
22636,SUR,VEN,2113187.24484957
22637,SUR,VNM,1287276.86186936
22638,SUR,YEM,499.491596746131
22639,SUR,ZAF,108728.837454664
22640,SVK,ABW,41892.8878028148
22641,SVK,AFG,789117.242714549
22642,SVK,AGO,620066.401575478
22643,SVK,ALB,49922262.4974912
22644,SVK,AND,535384.904613193
22645,SVK,ARE,46010902.0784873
22646,SVK,ARG,28410446.1817652
22647,SVK,ARM,4491921.76297504
22648,SVK,AUS,62570205.7689301
22649,SVK,AUT,2251929595.03515
22650,SVK,AZE,12271108.722269
22651,SVK,BDI,120254.82873102
22652,SVK,BEL,634789200.051465
22653,SVK,BEN,542180.656339644
22654,SVK,BFA,88693.331246511
22655,SVK,BGD,7680730.24532133
22656,SVK,BGR,243595230.144148
22657,SVK,BHR,2859497.57810142
22658,SVK,BHS,3413.53516459428
22659,SVK,BIH,42312754.6835808
22660,SVK,BLR,75793224.8840333
22661,SVK,BLZ,29160.9908882241
22662,SVK,BMU,4598.20041942838
22663,SVK,BOL,455523.317932968
22664,SVK,BRA,52893996.3170031
22665,SVK,BRB,95594.7436027757
22666,SVK,BRN,1532867.08200612
22667,SVK,BWA,25889.9718445121
22668,SVK,CAN,99776796.2640541
22669,SVK,CHE,385551828.624821
22670,SVK,CHL,66467076.4738885
22671,SVK,CHN,614870050.033929
22672,SVK,CIV,1861061.25527919
22673,SVK,CMR,5385295.71467791
22674,SVK,COD,291026.14092555
22675,SVK,COG,140118.01307899
22676,SVK,COL,13651389.0009662
22677,SVK,CPV,36608.8285516403
22678,SVK,CRI,1774205.79959445
22679,SVK,CUB,7049622.95541942
22680,SVK,CYM,136092.617837723
22681,SVK,CYP,46595143.490176
22682,SVK,CZE,5057253061.39277
22683,SVK,DEU,7527985297.08043
22684,SVK,DJI,15183.4482632295
22685,SVK,DNK,293553338.186736
22686,SVK,DOM,1182268.51737811
22687,SVK,DZA,18780787.4281687
22688,SVK,ECU,804220.525659783
22689,SVK,EGY,28602938.8692685
22690,SVK,ESP,906386475.877781
22691,SVK,EST,23310080.8029738
22692,SVK,ETH,1498205.1415156
22693,SVK,FIN,177683346.798016
22694,SVK,FJI,19897.4430308747
22695,SVK,FRA,2959784714.31675
22696,SVK,FRO,1144221.50931814
22697,SVK,GAB,462707.363738021
22698,SVK,GBR,1746865731.01617
22699,SVK,GEO,2157224.7262022
22700,SVK,GHA,2566550.89541225
22701,SVK,GIB,13766.5091383035
22702,SVK,GIN,1541369.40192933
22703,SVK,GMB,232354.035409819
22704,SVK,GNQ,418996.02504664
22705,SVK,GRC,247201506.02911
22706,SVK,GRD,282700.595806123
22707,SVK,GRL,321677.81617952
22708,SVK,GTM,2126764.64605824
22709,SVK,GUY,375574.514812631
22710,SVK,HKG,23943771.0125698
22711,SVK,HND,1103119.99709042
22712,SVK,HRV,182639690.914395
22713,SVK,HTI,114279.429258835
22714,SVK,HUN,2623289093.48181
22715,SVK,IDN,7306400.00587178
22716,SVK,IND,55123522.6231277
22717,SVK,IRL,29699506.5506666
22718,SVK,IRN,7583822.023816
22719,SVK,IRQ,4979592.74377183
22720,SVK,ISL,3210610.70814665
22721,SVK,ISR,41724335.0829251
22722,SVK,ITA,2280316461.65064
22723,SVK,JAM,158888.34544231
22724,SVK,JOR,2098007.22245463
22725,SVK,JPN,85823327.9007101
22726,SVK,KAZ,33765924.5091905
22727,SVK,KEN,3951243.69246758
22728,SVK,KGZ,1816993.52419472
22729,SVK,KHM,9300.54723488613
22730,SVK,KOR,51300542.7542805
22731,SVK,KWT,25931149.4110159
22732,SVK,LBN,12337272.5165622
22733,SVK,LBY,4402837.53947141
22734,SVK,LCA,55571.694712883
22735,SVK,LKA,2304622.02422472
22736,SVK,LTU,68169309.2384407
22737,SVK,LUX,34147340.1294383
22738,SVK,LVA,62312289.2746843
22739,SVK,MAC,1409830.59690595
22740,SVK,MAR,65167397.630332
22741,SVK,MDA,18310508.2103352
22742,SVK,MDG,630242.600745401
22743,SVK,MDV,528239.427918528
22744,SVK,MEX,39861141.6693128
22745,SVK,MKD,30211821.1724239
22746,SVK,MLI,295828.523095088
22747,SVK,MLT,7816223.33620822
22748,SVK,MNE,6723617.32890116
22749,SVK,MNG,776503.19566915
22750,SVK,MOZ,419123.467347045
22751,SVK,MRT,904172.973727998
22752,SVK,MUS,1076201.57958512
22753,SVK,MWI,459489.103065981
22754,SVK,MYS,16334383.1040495
22755,SVK,NAM,459180.774919842
22756,SVK,NCL,1893423.96058078
22757,SVK,NER,39278.9502972092
22758,SVK,NGA,9096753.29306639
22759,SVK,NIC,3246007.46449713
22760,SVK,NLD,1122661399.90748
22761,SVK,NOR,209356345.96433
22762,SVK,NPL,478560.226665202
22763,SVK,NZL,6222179.83896606
22764,SVK,OMN,4249797.83637454
22765,SVK,PAK,21296665.6205234
22766,SVK,PAN,345016.454835566
22767,SVK,PER,3713323.30625945
22768,SVK,PHL,50285147.5961561
22769,SVK,PNG,411.789368510871
22770,SVK,POL,2671989150.74491
22771,SVK,PRK,82355.8181811999
22772,SVK,PRT,131719790.904476
22773,SVK,PRY,1783671.47368093
22774,SVK,PSE,725973.428058757
22775,SVK,PYF,1087123.24769504
22776,SVK,QAT,6471716.65937341
22777,SVK,ROU,641151396.497809
22778,SVK,RUS,1354803992.09676
22779,SVK,RWA,486106.729335383
22780,SVK,SAU,34781281.9827637
22781,SVK,SDN,1528061.95914195
22782,SVK,SEN,9132484.41416202
22783,SVK,SGP,22227834.4363801
22784,SVK,SLV,375981.562779428
22785,SVK,SMR,7426567.81754823
22786,SVK,SRB,298882795.674148
22787,SVK,SUR,116223.952100488
22788,SVK,SVN,249127731.993398
22789,SVK,SWE,668294466.00143
22790,SVK,SWZ,2254.22133510943
22791,SVK,SYC,409237.781808151
22792,SVK,SYR,5431934.8004103
22793,SVK,TCA,224205.265094178
22794,SVK,TCD,69203.9098142013
22795,SVK,TGO,558352.810191495
22796,SVK,THA,13498159.5047661
22797,SVK,TJK,535287.124165621
22798,SVK,TKM,3832921.73862603
22799,SVK,TTO,975657.826649974
22800,SVK,TUN,16793228.1438769
22801,SVK,TUR,655401437.482841
22802,SVK,TZA,235349.614642979
22803,SVK,UGA,976142.244426242
22804,SVK,UKR,279630153.813906
22805,SVK,URY,1311510.76898227
22806,SVK,USA,439363471.170364
22807,SVK,UZB,4353958.62105073
22808,SVK,VCT,2614.6226792637
22809,SVK,VEN,4166082.6336557
22810,SVK,VGB,2053097.51503526
22811,SVK,VNM,8812359.63315113
22812,SVK,YEM,1969377.5161008
22813,SVK,ZAF,55792869.4548875
22814,SVK,ZMB,59098.9687047199
22815,SVK,ZWE,2138383.13577844
22816,SVN,AFG,193749.981165826
22817,SVN,AGO,920121.075793653
22818,SVN,ALB,38225680.1096129
22819,SVN,AND,372361.735529857
22820,SVN,ARE,22203421.0137688
22821,SVN,ARG,5728800.67642373
22822,SVN,ARM,7890775.0264238
22823,SVN,ATG,6246.04306712995
22824,SVN,AUS,23887113.3176088
22825,SVN,AUT,1196405443.7291
22826,SVN,AZE,6242678.86446874
22827,SVN,BDI,63314.1570492771
22828,SVN,BEL,170197734.825656
22829,SVN,BEN,5931.54835806757
22830,SVN,BFA,9049.08850236784
22831,SVN,BGD,1152679.29295358
22832,SVN,BGR,117957204.385365
22833,SVN,BHR,778543.642822936
22834,SVN,BHS,202008.379266761
22835,SVN,BIH,475897134.801365
22836,SVN,BLR,40852657.1551056
22837,SVN,BLZ,191861.642564136
22838,SVN,BMU,24760.120482325
22839,SVN,BOL,246998.252004133
22840,SVN,BRA,30670916.3006364
22841,SVN,BRB,30031.1614339958
22842,SVN,BWA,2341.2383896866
22843,SVN,CAN,52143817.4932777
22844,SVN,CHE,154503213.475337
22845,SVN,CHL,4440098.8863046
22846,SVN,CHN,86653258.882716
22847,SVN,CIV,393689.492960637
22848,SVN,CMR,296251.275242129
22849,SVN,COD,97901.0381358998
22850,SVN,COG,103302.947256265
22851,SVN,COL,7769373.9021628
22852,SVN,CRI,1161228.20468555
22853,SVN,CUB,69195.0025566462
22854,SVN,CYM,8193.30660341597
22855,SVN,CYP,9146568.15870402
22856,SVN,CZE,369240794.183518
22857,SVN,DEU,3022296422.69944
22858,SVN,DNK,126329727.066312
22859,SVN,DOM,470441.603990518
22860,SVN,DZA,84045346.7942596
22861,SVN,ECU,931359.294133612
22862,SVN,EGY,44610111.1263352
22863,SVN,ESP,181321224.94761
22864,SVN,EST,20172857.4900007
22865,SVN,ETH,389998.887957359
22866,SVN,FIN,52621765.1746925
22867,SVN,FJI,9825.39025698151
22868,SVN,FRA,1301585462.59143
22869,SVN,FRO,509179.267097837
22870,SVN,GAB,17148.5263146258
22871,SVN,GBR,362381368.583847
22872,SVN,GEO,6036081.87721376
22873,SVN,GHA,3640246.79492974
22874,SVN,GIB,22056.4252275099
22875,SVN,GRC,82174763.7827448
22876,SVN,GRL,182122.734926278
22877,SVN,GTM,654138.717244877
22878,SVN,GUY,54751.5418441517
22879,SVN,HKG,22988216.1810481
22880,SVN,HND,98338.864103418
22881,SVN,HRV,1184709054.5602
22882,SVN,HTI,12823.0250111164
22883,SVN,HUN,489600429.817973
22884,SVN,IDN,11397426.6614995
22885,SVN,IND,72949143.0280652
22886,SVN,IRL,15100673.8039432
22887,SVN,IRN,31815345.417573
22888,SVN,IRQ,1356086.79683016
22889,SVN,ISL,1756647.53943228
22890,SVN,ISR,83936513.8104089
22891,SVN,ITA,1780087325.47926
22892,SVN,JAM,787003.481979348
22893,SVN,JOR,5286700.59562637
22894,SVN,JPN,25829905.4106022
22895,SVN,KAZ,46048292.6901828
22896,SVN,KEN,709498.693297411
22897,SVN,KGZ,2990493.87427028
22898,SVN,KHM,187324.422600277
22899,SVN,KOR,35913077.1826188
22900,SVN,KWT,3225822.93370352
22901,SVN,LAO,16620.2574242399
22902,SVN,LBN,4047488.66587188
22903,SVN,LBR,41055.6055926313
22904,SVN,LBY,36782926.3819449
22905,SVN,LKA,4457449.99106297
22906,SVN,LTU,57923114.7831288
22907,SVN,LUX,16121558.5734162
22908,SVN,LVA,21610996.6772279
22909,SVN,MAC,955872.314958232
22910,SVN,MAR,6367353.02218401
22911,SVN,MDA,10640441.3226547
22912,SVN,MDG,159493.878625424
22913,SVN,MDV,14882.6570273288
22914,SVN,MEX,37365715.2254784
22915,SVN,MHL,6313.87525928066
22916,SVN,MKD,153695801.410778
22917,SVN,MLI,4148.72649972267
22918,SVN,MLT,3696339.90679643
22919,SVN,MMR,8378.30349109972
22920,SVN,MNE,83819558.0928416
22921,SVN,MNG,2388694.88759309
22922,SVN,MOZ,85665.2069497648
22923,SVN,MRT,901620.70185162
22924,SVN,MUS,10157649.4634771
22925,SVN,MYS,10634314.4998041
22926,SVN,NAM,9748.65080727566
22927,SVN,NCL,1390095.39134935
22928,SVN,NER,67030.5389707463
22929,SVN,NGA,3461359.60075516
22930,SVN,NIC,145223.242005404
22931,SVN,NLD,243535863.272543
22932,SVN,NOR,59112179.6373717
22933,SVN,NPL,6285.09796564096
22934,SVN,NZL,2850192.23465093
22935,SVN,OMN,2584770.34815447
22936,SVN,PAK,16600880.0280155
22937,SVN,PAN,1422543.84544909
22938,SVN,PER,1660741.04181508
22939,SVN,PHL,1386480.41512928
22940,SVN,PNG,181802.608089746
22941,SVN,POL,447946041.373108
22942,SVN,PRK,94958.9024480701
22943,SVN,PRT,43687900.2708844
22944,SVN,PRY,170855.588554475
22945,SVN,PSE,850132.678455145
22946,SVN,PYF,810398.736534762
22947,SVN,QAT,2629906.84805467
22948,SVN,ROU,252474440.581516
22949,SVN,RUS,539711639.914461
22950,SVN,RWA,165125.481251885
22951,SVN,SAU,31260019.0194293
22952,SVN,SDN,2182759.77809183
22953,SVN,SEN,390009.753441229
22954,SVN,SGP,12902807.3170378
22955,SVN,SLV,274014.375273078
22956,SVN,SMR,8794873.31622307
22957,SVN,SRB,614336310.031883
22958,SVN,SUR,63778.0196158027
22959,SVN,SVK,262238947.211669
22960,SVN,SVN,59190476.3874522
22961,SVN,SWE,137469091.291576
22962,SVN,SWZ,215056.14123773
22963,SVN,SYC,245723.231528659
22964,SVN,SYR,8779817.31026024
22965,SVN,TGO,8152.20440601458
22966,SVN,THA,14050705.4682053
22967,SVN,TJK,2431814.92141754
22968,SVN,TKM,2272411.32538435
22969,SVN,TON,10873.7059538561
22970,SVN,TTO,112386.979615196
22971,SVN,TUN,17176296.4029881
22972,SVN,TUR,171003828.616097
22973,SVN,TZA,282667.022296877
22974,SVN,UGA,2718120.21583886
22975,SVN,UKR,157074584.567434
22976,SVN,URY,1090144.17835355
22977,SVN,USA,274435402.152848
22978,SVN,UZB,15351842.7080041
22979,SVN,VAT,5116.19170494288
22980,SVN,VCT,27034.8970271771
22981,SVN,VEN,3042979.54682714
22982,SVN,VGB,238866.611029945
22983,SVN,VNM,6410760.87005527
22984,SVN,WSM,6323.46769049389
22985,SVN,YEM,11050691.7911295
22986,SVN,ZAF,20316933.0661288
22987,SVN,ZMB,98808.2080592083
22988,SVN,ZWE,21372.1559986506
22989,SWE,ABW,1532033.91083788
22990,SWE,AFG,10751794.3752198
22991,SWE,AGO,158489603.150597
22992,SWE,AIA,50974.8646407708
22993,SWE,ALB,14523412.9414831
22994,SWE,AND,1412883.23740135
22995,SWE,ARE,422246719.098959
22996,SWE,ARG,173901685.641446
22997,SWE,ARM,16436940.5823658
22998,SWE,ATG,2996881.74828464
22999,SWE,AUS,1183591032.03604
23000,SWE,AUT,1043204389.77266
23001,SWE,AZE,80847974.3263609
23002,SWE,BDI,2603111.07663416
23003,SWE,BEL,3943942170.21298
23004,SWE,BEN,20851273.9654726
23005,SWE,BFA,10303862.913657
23006,SWE,BGD,105580615.233955
23007,SWE,BGR,107719638.32193
23008,SWE,BHR,19634519.9727093
23009,SWE,BHS,3204653.12318958
23010,SWE,BIH,41393256.4306424
23011,SWE,BLR,103327544.990591
23012,SWE,BLZ,3141676.31139086
23013,SWE,BMU,1054317.13294579
23014,SWE,BOL,67024418.3144586
23015,SWE,BRA,787469379.511638
23016,SWE,BRB,9620952.93709683
23017,SWE,BRN,1666218.32003783
23018,SWE,BTN,6540798.60827647
23019,SWE,BWA,19810552.0482506
23020,SWE,CAF,620432.969482555
23021,SWE,CAN,1083891718.63511
23022,SWE,CHE,884247998.36402
23023,SWE,CHL,257381795.329481
23024,SWE,CHN,3736812026.03874
23025,SWE,CIV,21556151.7434735
23026,SWE,CMR,17505704.6018924
23027,SWE,COD,12030035.1668863
23028,SWE,COG,16152503.0713364
23029,SWE,COK,36384.7767654456
23030,SWE,COL,86359869.5778437
23031,SWE,COM,224793.144092818
23032,SWE,CPV,5781038.31611636
23033,SWE,CRI,26224144.7410348
23034,SWE,CUB,12431618.1885863
23035,SWE,CYM,770925.196918656
23036,SWE,CYP,85536307.2849897
23037,SWE,CZE,673276099.877529
23038,SWE,DEU,9702261062.23066
23039,SWE,DJI,2795504.41395698
23040,SWE,DMA,400052.343747824
23041,SWE,DNK,7155512843.65399
23042,SWE,DOM,36184689.8481306
23043,SWE,DZA,288176239.20453
23044,SWE,ECU,12558334.8900868
23045,SWE,EGY,530390921.167081
23046,SWE,ERI,1930554.89145988
23047,SWE,ESP,2156755338.3953
23048,SWE,EST,548162997.991333
23049,SWE,ETH,22607594.7620315
23050,SWE,FIN,5776651866.56044
23051,SWE,FJI,1836890.9672256
23052,SWE,FRA,4568997073.84531
23053,SWE,FRO,32410396.1288917
23054,SWE,FSM,15040.2469686891
23055,SWE,GAB,8541238.4721667
23056,SWE,GBR,6669790361.07641
23057,SWE,GEO,13881585.4245267
23058,SWE,GHA,135140699.222805
23059,SWE,GIB,31096383.1057101
23060,SWE,GIN,15440567.9005109
23061,SWE,GMB,2657980.46834751
23062,SWE,GNB,4474968.51115297
23063,SWE,GNQ,994547.379229801
23064,SWE,GRC,427567248.088432
23065,SWE,GRD,179222.244093387
23066,SWE,GRL,85802840.3861249
23067,SWE,GTM,37379456.3831914
23068,SWE,GUY,1473810.5940682
23069,SWE,HKG,299175157.903707
23070,SWE,HND,32742868.424395
23071,SWE,HRV,134060252.307235
23072,SWE,HTI,3458896.40145433
23073,SWE,HUN,448938113.905085
23074,SWE,IDN,488037658.33166
23075,SWE,IND,1148275183.04663
23076,SWE,IRL,418290208.476581
23077,SWE,IRN,324764108.979143
23078,SWE,IRQ,89400659.3096596
23079,SWE,ISL,217186187.180437
23080,SWE,ISR,358399951.898998
23081,SWE,ITA,2745025447.17711
23082,SWE,JAM,6160395.6746953
23083,SWE,JOR,57282599.3737277
23084,SWE,JPN,1160464745.82598
23085,SWE,KAZ,179677748.911631
23086,SWE,KEN,55363135.3882713
23087,SWE,KGZ,6667697.56596997
23088,SWE,KHM,2973465.25334582
23089,SWE,KNA,64419.342159773
23090,SWE,KOR,801308569.816071
23091,SWE,KWT,54029154.349172
23092,SWE,LAO,1307690.92583843
23093,SWE,LBN,61896399.8270034
23094,SWE,LBR,10197917.119363
23095,SWE,LBY,82619309.9335016
23096,SWE,LCA,943018.209099637
23097,SWE,LKA,22882607.6244324
23098,SWE,LSO,47282.4637973347
23099,SWE,LTU,340742912.30607
23100,SWE,LUX,96582903.7931648
23101,SWE,LVA,228799290.546326
23102,SWE,MAC,6001418.25667743
23103,SWE,MAR,291519485.313473
23104,SWE,MDA,10218149.6123127
23105,SWE,MDG,8601153.04898327
23106,SWE,MDV,4331230.7256383
23107,SWE,MEX,476678295.122388
23108,SWE,MHL,199936.414124702
23109,SWE,MKD,21665551.8400796
23110,SWE,MLI,1763221.09550798
23111,SWE,MLT,19075894.4634019
23112,SWE,MMR,10025809.7185352
23113,SWE,MNE,6278178.39686793
23114,SWE,MNG,11999414.0709327
23115,SWE,MNP,50164.3042032528
23116,SWE,MOZ,12501055.7426179
23117,SWE,MRT,10886435.7952497
23118,SWE,MSR,5704.07070358236
23119,SWE,MUS,6676375.97552331
23120,SWE,MWI,9376467.21689691
23121,SWE,MYS,359486520.15603
23122,SWE,NAM,73240777.6031992
23123,SWE,NCL,5363917.61137191
23124,SWE,NER,5684582.30922537
23125,SWE,NGA,193911812.33213
23126,SWE,NIC,8827349.86244278
23127,SWE,NLD,4194903302.21382
23128,SWE,NOR,9474848272.62384
23129,SWE,NPL,14145854.1637566
23130,SWE,NZL,98705668.3954072
23131,SWE,OMN,119633298.798511
23132,SWE,PAK,170435520.232653
23133,SWE,PAN,41555477.4607576
23134,SWE,PER,109005557.854782
23135,SWE,PHL,114412497.520146
23136,SWE,PLW,9816.48299942637
23137,SWE,PNG,10247900.5377205
23138,SWE,POL,2269040677.29453
23139,SWE,PRK,220920.542577305
23140,SWE,PRT,505549798.769723
23141,SWE,PRY,20730654.6243555
23142,SWE,PSE,21448525.3504347
23143,SWE,PYF,3126228.83145848
23144,SWE,QAT,96654200.9085045
23145,SWE,ROU,230454018.406823
23146,SWE,RUS,1395013567.86711
23147,SWE,RWA,37123227.4716655
23148,SWE,SAU,940178563.743105
23149,SWE,SDN,64385867.8465431
23150,SWE,SEN,10709893.2653331
23151,SWE,SGP,689668838.536865
23152,SWE,SHN,3782.84376630369
23153,SWE,SLB,144548.345952187
23154,SWE,SLE,5645495.89272608
23155,SWE,SLV,18115794.566678
23156,SWE,SMR,1976396.43505426
23157,SWE,SOM,322599.628263902
23158,SWE,SPM,2972.28332878562
23159,SWE,SRB,117896258.873652
23160,SWE,STP,23145.8513438698
23161,SWE,SUR,795242.010044198
23162,SWE,SVK,184102281.789812
23163,SWE,SVN,135075860.554367
23164,SWE,SWZ,3647909.79082527
23165,SWE,SYC,8160112.60911817
23166,SWE,SYR,102919969.440077
23167,SWE,TCA,290358.096608914
23168,SWE,TCD,7444020.56096704
23169,SWE,TGO,6929610.55688763
23170,SWE,THA,293130393.505898
23171,SWE,TJK,574141.266794816
23172,SWE,TKL,509386.874716238
23173,SWE,TKM,9372414.41470932
23174,SWE,TLS,22155.0902342746
23175,SWE,TON,8442.70981495999
23176,SWE,TTO,8315771.80236798
23177,SWE,TUN,105254047.765037
23178,SWE,TUR,1295659349.71599
23179,SWE,TZA,57597835.4406881
23180,SWE,UGA,27617670.1117165
23181,SWE,UKR,309204674.411732
23182,SWE,URY,25529330.6895775
23183,SWE,USA,5759357774.41698
23184,SWE,UZB,16831205.2642238
23185,SWE,VAT,95285.04510932
23186,SWE,VCT,1089291.82232289
23187,SWE,VEN,162210209.167668
23188,SWE,VGB,1361727.8315572
23189,SWE,VNM,293149731.847224
23190,SWE,VUT,55024.9261337288
23191,SWE,WSM,1017693.23057367
23192,SWE,YEM,77758455.0439817
23193,SWE,ZAF,756620815.495975
23194,SWE,ZMB,23512786.9185576
23195,SWE,ZWE,15803245.3915573
23196,SWZ,AGO,23334636.5567091
23197,SWZ,ALB,218064.738770394
23198,SWZ,AND,14723.0718602762
23199,SWZ,ARE,179632.663114582
23200,SWZ,ARM,341.21648172781
23201,SWZ,AUS,32198485.6199182
23202,SWZ,AUT,12577.0476678628
23203,SWZ,BEL,268301.671381404
23204,SWZ,BEN,114266.315035019
23205,SWZ,BGD,8722484.71924607
23206,SWZ,BGR,74000.8105944752
23207,SWZ,BIH,21624.7658229145
23208,SWZ,BLR,4864.7329724246
23209,SWZ,BMU,56667.2873921657
23210,SWZ,BOL,74135.1046314604
23211,SWZ,BRA,1075811.71577367
23212,SWZ,BRB,63383.359588744
23213,SWZ,BRN,34572.4924398029
23214,SWZ,BTN,29908.7394009842
23215,SWZ,BWA,3318988.54209905
23216,SWZ,CAF,68530.049058382
23217,SWZ,CAN,1154249.71097792
23218,SWZ,CHE,233042.951486427
23219,SWZ,CHL,7048.73222966391
23220,SWZ,CHN,26581241.224048
23221,SWZ,CIV,192814.108632807
23222,SWZ,CMR,699564.360428793
23223,SWZ,COD,495370.167564947
23224,SWZ,COG,9813.79095212374
23225,SWZ,COL,334292.801912831
23226,SWZ,CRI,568.694136213016
23227,SWZ,CYP,79433.5525294547
23228,SWZ,CZE,50053.3060706425
23229,SWZ,DEU,19861061.1900784
23230,SWZ,DMA,37516.6836486069
23231,SWZ,DNK,1159729.67987763
23232,SWZ,DOM,2446770.89476698
23233,SWZ,DZA,2472166.16848966
23234,SWZ,ECU,1106580.12406377
23235,SWZ,EGY,34209.5922673176
23236,SWZ,ESP,21375533.2566107
23237,SWZ,ETH,8587902.82778877
23238,SWZ,FIN,44535.6026020601
23239,SWZ,FJI,228757.558878515
23240,SWZ,FRA,15726545.6819236
23241,SWZ,FRO,30616.2997380029
23242,SWZ,GAB,64293.9553803429
23243,SWZ,GBR,16140729.7323695
23244,SWZ,GEO,30.7266126969551
23245,SWZ,GHA,2646.14066753575
23246,SWZ,GRC,1157477.56408117
23247,SWZ,GRD,3919.87849792129
23248,SWZ,GTM,53994.4249519645
23249,SWZ,GUY,21406.8805996425
23250,SWZ,HKG,399278.097514185
23251,SWZ,HRV,3318.29602612005
23252,SWZ,IDN,5734258.76978406
23253,SWZ,IND,20188448.6165905
23254,SWZ,IRL,997662.79876163
23255,SWZ,IRN,19570.091723292
23256,SWZ,ISR,48223.7354987799
23257,SWZ,ITA,18444742.8256349
23258,SWZ,JOR,30206.3007282606
23259,SWZ,JPN,3650335.97704508
23260,SWZ,KAZ,47551.0518713052
23261,SWZ,KEN,44748529.9087421
23262,SWZ,KHM,788024.390729899
23263,SWZ,KNA,35043.8919165674
23264,SWZ,KOR,20782726.4520229
23265,SWZ,KWT,43.6640617089722
23266,SWZ,LBN,289650.997393767
23267,SWZ,LKA,624163.740050844
23268,SWZ,LSO,696151.372032778
23269,SWZ,LTU,31972.258407359
23270,SWZ,LUX,3188.11303108333
23271,SWZ,MAC,11132.9263335732
23272,SWZ,MAR,785455.754851045
23273,SWZ,MDA,8222.76907071375
23274,SWZ,MDG,4236713.62659083
23275,SWZ,MEX,13389481.3701621
23276,SWZ,MKD,2449.11213041597
23277,SWZ,MLI,9001.05166237295
23278,SWZ,MLT,79653.493273701
23279,SWZ,MNE,1192.88733873116
23280,SWZ,MOZ,51973034.1973959
23281,SWZ,MRT,227348.286161649
23282,SWZ,MSR,13943.3476632404
23283,SWZ,MUS,6626256.8927815
23284,SWZ,MWI,3564876.99023706
23285,SWZ,MYS,2000333.66197322
23286,SWZ,NAM,11199183.9966576
23287,SWZ,NCL,64103.4771033945
23288,SWZ,NER,11581.490342661
23289,SWZ,NGA,24805484.4598797
23290,SWZ,NIC,24460.0144200825
23291,SWZ,NLD,14502253.408574
23292,SWZ,NOR,405175.29400573
23293,SWZ,NZL,19839180.6592065
23294,SWZ,PAK,19404538.0085038
23295,SWZ,PER,76102.9233774891
23296,SWZ,PHL,167305.703831921
23297,SWZ,POL,713642.623581527
23298,SWZ,PRT,45622054.8372662
23299,SWZ,PSE,11392.0021416485
23300,SWZ,ROU,20834482.3666717
23301,SWZ,RUS,425013.905285627
23302,SWZ,RWA,745076.335493629
23303,SWZ,SAU,485327.001712479
23304,SWZ,SDN,22549244.3030675
23305,SWZ,SGP,3301870.3580147
23306,SWZ,SRB,172409.562411018
23307,SWZ,SVK,238872.09241921
23308,SWZ,SVN,155472.754756742
23309,SWZ,SWE,112180.742344111
23310,SWZ,SYC,633919.436498846
23311,SWZ,TGO,247303.749012717
23312,SWZ,THA,14321521.0417382
23313,SWZ,TON,9970.64707249616
23314,SWZ,TTO,123299.740467563
23315,SWZ,TUN,605096.889194556
23316,SWZ,TUR,1297.03373476053
23317,SWZ,TZA,18394734.552603
23318,SWZ,UGA,12608976.7603297
23319,SWZ,UKR,18368.8205996804
23320,SWZ,URY,761.935718524541
23321,SWZ,USA,79213783.078623
23322,SWZ,VCT,45317.3857459384
23323,SWZ,VNM,2102202.54076311
23324,SWZ,WSM,6020.62093361901
23325,SWZ,YEM,2338296.93917243
23326,SWZ,ZAF,437458759.08545
23327,SWZ,ZMB,4496287.36064102
23328,SWZ,ZWE,5479878.94600168
23329,SYC,AGO,38730.1261970807
23330,SYC,ARE,1859252.81683329
23331,SYC,ARG,42941.8886733475
23332,SYC,AUS,1237100.22454026
23333,SYC,AUT,3803453.78993898
23334,SYC,BEL,430440.664969398
23335,SYC,BGD,1064463.18447476
23336,SYC,BGR,732850.781912365
23337,SYC,BHR,5315.3579838759
23338,SYC,BIH,25774.8626699533
23339,SYC,BLR,6920.25394668851
23340,SYC,BLZ,2590.99446566454
23341,SYC,BRA,79556.1986142525
23342,SYC,BWA,141.83094722421
23343,SYC,CAN,1941038.70276947
23344,SYC,CHE,19540192.4708054
23345,SYC,CHL,1051726.53930671
23346,SYC,CHN,347335.066050368
23347,SYC,CIV,115133.428335928
23348,SYC,CMR,107519.531984738
23349,SYC,COL,22290.0769818281
23350,SYC,CRI,1046.94534955842
23351,SYC,CUB,92698.2713133892
23352,SYC,CYP,186633.767552925
23353,SYC,CZE,65505.3424078425
23354,SYC,DEU,6004774.64972929
23355,SYC,DNK,1729900.4153415
23356,SYC,ESP,13260723.432873
23357,SYC,ETH,717.959217627481
23358,SYC,FIN,427584.676850773
23359,SYC,FRA,49196688.9450014
23360,SYC,GBR,69189285.4676431
23361,SYC,GEO,17848020.1021678
23362,SYC,GHA,326865.519459157
23363,SYC,GRC,133525.272140868
23364,SYC,GRD,46.5918087499821
23365,SYC,GTM,91546.737630792
23366,SYC,GUY,171701.778022213
23367,SYC,HKG,10779483.1697831
23368,SYC,HRV,39518.0759038819
23369,SYC,HUN,217200.049613887
23370,SYC,IDN,201099.838996136
23371,SYC,IND,682499.425300454
23372,SYC,IRL,135743.066218445
23373,SYC,IRN,1119.55251693235
23374,SYC,ISL,474094.971175826
23375,SYC,ITA,26314147.0205008
23376,SYC,JPN,19715182.7267813
23377,SYC,KAZ,137394.447788091
23378,SYC,KEN,2746670.71699773
23379,SYC,KGZ,33687.9332472113
23380,SYC,KNA,12979.9297788185
23381,SYC,KOR,1722740.35061448
23382,SYC,LBN,45605.8438559935
23383,SYC,LBY,1564670.54171625
23384,SYC,LKA,4050877.71430028
23385,SYC,LUX,1028311.31262434
23386,SYC,LVA,3701.3019344283
23387,SYC,MAR,73422.1807550463
23388,SYC,MDA,31276.8071443997
23389,SYC,MDG,12138810.8174608
23390,SYC,MDV,536488.918761908
23391,SYC,MEX,60016.4162328997
23392,SYC,MLT,376444.000184745
23393,SYC,MNE,137214.247116013
23394,SYC,MOZ,68711.9551276941
23395,SYC,MUS,9420322.70584834
23396,SYC,MYS,997566.939540995
23397,SYC,NAM,57380.5894844392
23398,SYC,NCL,18707.2963867759
23399,SYC,NER,73863.7724369893
23400,SYC,NGA,42626.708790627
23401,SYC,NIC,2089.3760898837
23402,SYC,NLD,7139344.29792662
23403,SYC,NOR,91004.9242275331
23404,SYC,NZL,140040.588455626
23405,SYC,OMN,169.827828067343
23406,SYC,PER,7491.00360387579
23407,SYC,PHL,21570.6597146562
23408,SYC,POL,294626.043325144
23409,SYC,PRT,17355.0582103832
23410,SYC,PYF,28262.7282224707
23411,SYC,QAT,12756.925623147
23412,SYC,RUS,618181.780040883
23413,SYC,RWA,161.700983308761
23414,SYC,SAU,18455.8376542576
23415,SYC,SDN,558060.517849649
23416,SYC,SGP,1088597.05623359
23417,SYC,SLE,1268.62917559084
23418,SYC,SLV,9329.43415631112
23419,SYC,SRB,144277.702357242
23420,SYC,SVK,66403.6050735958
23421,SYC,SVN,265362.961561865
23422,SYC,SWE,56186.157079109
23423,SYC,SWZ,236854.734932528
23424,SYC,SYC,54405.9053071556
23425,SYC,TGO,645107.769400281
23426,SYC,THA,59024876.0801701
23427,SYC,TTO,14598.3099592223
23428,SYC,TUR,502281.623881866
23429,SYC,TZA,4560989.32323128
23430,SYC,UGA,48254.7252181616
23431,SYC,UKR,152720.412172202
23432,SYC,USA,4433146.19623693
23433,SYC,VCT,1200.42424897013
23434,SYC,ZAF,2051215.84454361
23435,SYC,ZMB,503959.109882711
23436,SYC,ZWE,367981.310705915
23437,SYR,ABW,920114.909230731
23438,SYR,AFG,298173.187353065
23439,SYR,AGO,4678336.96013103
23440,SYR,ALB,1230721.25778346
23441,SYR,AND,10587.9885384334
23442,SYR,ARE,120011455.732841
23443,SYR,ARG,331336.277578181
23444,SYR,ARM,2116479.50427669
23445,SYR,ATG,81043.7106259615
23446,SYR,AUS,678765.914037533
23447,SYR,AUT,90979305.5844572
23448,SYR,AZE,3324150.83502841
23449,SYR,BEL,17536923.8544495
23450,SYR,BEN,454522.96439216
23451,SYR,BFA,262333.1236458
23452,SYR,BGD,5462336.64079332
23453,SYR,BGR,32878974.7457058
23454,SYR,BHR,11852668.373059
23455,SYR,BIH,1787713.99826365
23456,SYR,BLR,1552946.09605639
23457,SYR,BOL,496620.719118743
23458,SYR,BRA,2916057.97840292
23459,SYR,BRB,17316.3938608573
23460,SYR,BRN,19970.071438632
23461,SYR,CAN,3562406.956329
23462,SYR,CHE,3297245.05486606
23463,SYR,CHL,179875.899763203
23464,SYR,CHN,9303807.29115131
23465,SYR,CIV,1367893.70930633
23466,SYR,CMR,2755617.71462504
23467,SYR,COG,368021.160405869
23468,SYR,COL,610387.638481328
23469,SYR,COM,89084.527720728
23470,SYR,CRI,16461.9823092216
23471,SYR,CUB,30647.1325526169
23472,SYR,CYP,16955680.7626886
23473,SYR,CZE,2044640.41657348
23474,SYR,DEU,777129513.15393
23475,SYR,DJI,2509865.10833131
23476,SYR,DNK,463143.819358223
23477,SYR,DOM,468199.770595146
23478,SYR,DZA,134168194.56533
23479,SYR,ECU,501238.104400598
23480,SYR,EGY,250773195.718159
23481,SYR,ESP,235652557.324166
23482,SYR,EST,427607.84942389
23483,SYR,ETH,1297135.64337939
23484,SYR,FIN,237300.989221214
23485,SYR,FJI,477.566039687316
23486,SYR,FRA,466299727.171855
23487,SYR,FRO,950.335863768017
23488,SYR,GAB,1354427.99140393
23489,SYR,GBR,104173597.423598
23490,SYR,GEO,2058769.38257691
23491,SYR,GHA,3344579.97281796
23492,SYR,GIN,352217.62998207
23493,SYR,GMB,232277.981133771
23494,SYR,GNQ,63341.5639956006
23495,SYR,GRC,58199594.0021195
23496,SYR,GRD,18126.9542983754
23497,SYR,GTM,18518.8736308017
23498,SYR,HKG,2418521.86727697
23499,SYR,HND,370537.803252027
23500,SYR,HRV,1023878.29318523
23501,SYR,HUN,1331977.59132302
23502,SYR,IDN,1039810.63625675
23503,SYR,IND,107752205.311072
23504,SYR,IRL,235232.871329246
23505,SYR,IRN,6553464.72851989
23506,SYR,IRQ,1862391247.23725
23507,SYR,ISL,31465.2299003739
23508,SYR,ISR,14388.6468198474
23509,SYR,ITA,407954190.495389
23510,SYR,JOR,239729286.461071
23511,SYR,JPN,24804288.1466727
23512,SYR,KAZ,1010641.42328463
23513,SYR,KEN,1526679.96387359
23514,SYR,KGZ,1189341.56505055
23515,SYR,KHM,238518.542811636
23516,SYR,KOR,89586941.5831259
23517,SYR,KWT,96633655.9763667
23518,SYR,LBN,241357029.539512
23519,SYR,LBR,644952.594010892
23520,SYR,LBY,136035224.951427
23521,SYR,LCA,3648.54972931845
23522,SYR,LKA,259861.702261077
23523,SYR,LTU,41069.9942394511
23524,SYR,LUX,58731.7156239848
23525,SYR,LVA,4029.09586419417
23526,SYR,MAR,40766377.3473845
23527,SYR,MDA,1663559.16107079
23528,SYR,MDG,134741.943227618
23529,SYR,MEX,654680.004434766
23530,SYR,MKD,91829.981569309
23531,SYR,MLI,284556.046072225
23532,SYR,MLT,33752978.8380946
23533,SYR,MNE,43356.4187364907
23534,SYR,MOZ,159394.688775637
23535,SYR,MRT,3004779.05986776
23536,SYR,MUS,12580.4735361532
23537,SYR,MWI,204348.275401251
23538,SYR,MYS,947900.756587172
23539,SYR,NAM,6435.83617042032
23540,SYR,NCL,8235.10219655933
23541,SYR,NER,40169.6760527235
23542,SYR,NGA,78001427.9007446
23543,SYR,NLD,185130718.543345
23544,SYR,NOR,573882.02791541
23545,SYR,NZL,74848.37040953
23546,SYR,OMN,21521789.7034931
23547,SYR,PAK,896316.087390703
23548,SYR,PAN,238518.542811636
23549,SYR,PER,59769.06854233
23550,SYR,PHL,110965.244274663
23551,SYR,POL,17912341.4644944
23552,SYR,PRT,30364235.9971446
23553,SYR,PRY,386049.44969748
23554,SYR,PYF,3671.84563369344
23555,SYR,QAT,79591942.068474
23556,SYR,ROU,4469847.22175601
23557,SYR,RUS,26516220.5680045
23558,SYR,RWA,19219.8062830257
23559,SYR,SAU,406196729.654824
23560,SYR,SDN,67073815.9093384
23561,SYR,SEN,9691545.00874232
23562,SYR,SGP,155681.732722458
23563,SYR,SLE,312846.866414677
23564,SYR,SLV,94.1771193041917
23565,SYR,SOM,658899.303821272
23566,SYR,SRB,5241653.85347537
23567,SYR,SVK,833781.65796433
23568,SYR,SVN,517146.466394084
23569,SYR,SWE,2169881.93918806
23570,SYR,SYC,6778.32638997851
23571,SYR,TCD,28365.5042711839
23572,SYR,TGO,92138.0424977219
23573,SYR,THA,36384.7767654456
23574,SYR,TJK,830458.565722603
23575,SYR,TTO,78017.983751845
23576,SYR,TUN,19512433.6747902
23577,SYR,TUR,217888224.332597
23578,SYR,TZA,4860610.96769754
23579,SYR,UGA,179647.73693506
23580,SYR,UKR,11178087.4997251
23581,SYR,URY,117364.081067547
23582,SYR,USA,219664188.287799
23583,SYR,UZB,2528172.26330177
23584,SYR,VCT,27622.7760258166
23585,SYR,VEN,2714261.31779651
23586,SYR,VNM,528906.101887848
23587,SYR,YEM,62615358.0278244
23588,SYR,ZAF,269074.547267727
23589,SYR,ZMB,1117819.76482424
23590,SYR,ZWE,213422.00206319
23591,TCA,AUT,1518.34482632295
23592,TCA,BFA,1042.65205141684
23593,TCA,BGR,13.0182995036715
23594,TCA,BHS,7805.49831293817
23595,TCA,BLZ,15738.4697590953
23596,TCA,BMU,496.750902113779
23597,TCA,BRA,1040.09361297754
23598,TCA,BRB,17357.5042803426
23599,TCA,CAF,626922.249198307
23600,TCA,CAN,179152.356380262
23601,TCA,CHE,1275.71798225741
23602,TCA,COL,87.7022282352604
23603,TCA,COM,13341.5397693057
23604,TCA,CZE,6535.87152450116
23605,TCA,DEU,4747.27776326053
23606,TCA,DOM,133175.066180746
23607,TCA,ETH,1240719.35702374
23608,TCA,FRA,474544.423855148
23609,TCA,GBR,3126.44740185541
23610,TCA,GUY,7563.63201163312
23611,TCA,HRV,783.153491194552
23612,TCA,IND,2277580.27546096
23613,TCA,IRL,48650.1848428792
23614,TCA,ITA,29187.0528386568
23615,TCA,KHM,408.363500220431
23616,TCA,KOR,281598.836563917
23617,TCA,LCA,10574.2850652717
23618,TCA,LUX,1481.34544878619
23619,TCA,MEX,24623.0857507074
23620,TCA,MKD,301.359930036833
23621,TCA,MOZ,70159.727067234
23622,TCA,MUS,1538.2148624075
23623,TCA,MYS,47.962156066158
23624,TCA,NER,133027.150891438
23625,TCA,NGA,26572.4048079677
23626,TCA,NLD,229375.58551811
23627,TCA,PAK,1667.02751012804
23628,TCA,POL,2931770.3807302
23629,TCA,ROU,2302.08756686345
23630,TCA,RWA,12702.4344472929
23631,TCA,SDN,966064.635579156
23632,TCA,SRB,13394.4598419618
23633,TCA,SVK,1082169.44214707
23634,TCA,SVN,3575.23614790304
23635,TCA,SWE,2076.07618400655
23636,TCA,SYC,52201.0562155007
23637,TCA,TGO,28772.0726164202
23638,TCA,THA,41508.5053806274
23639,TCA,TTO,6504.35353622911
23640,TCA,TUN,100294.349723601
23641,TCA,UKR,335.735092463106
23642,TCA,USA,14093687.7821244
23643,TCA,VCT,103940.843931945
23644,TCA,VEN,16635.3312447179
23645,TCA,ZAF,9395.10119970227
23646,TCD,ARE,244334.296821487
23647,TCD,ARG,60007.5089753446
23648,TCD,AUT,2083.61309424552
23649,TCD,BDI,992.816630569471
23650,TCD,BEL,11886.3926205101
23651,TCD,BEN,261.051163731517
23652,TCD,BFA,1070523.9915286
23653,TCD,BGD,3591942.05203454
23654,TCD,BLR,2466.6251691167
23655,TCD,BRN,37927.7878434597
23656,TCD,CAF,123368.94300703
23657,TCD,CAN,133375.219109746
23658,TCD,CHL,2786.02572157099
23659,TCD,CHN,44787982.2079748
23660,TCD,CIV,7140.42970549948
23661,TCD,CMR,7597.89069453752
23662,TCD,COG,200436.590895107
23663,TCD,COL,22767.6354846052
23664,TCD,CYP,78.1097970220288
23665,TCD,CZE,237507.226492298
23666,TCD,DEU,3578931.90198636
23667,TCD,DNK,3375.16543974135
23668,TCD,DOM,86813.3044864668
23669,TCD,DZA,11897.3553990395
23670,TCD,ESP,552488.535609047
23671,TCD,ETH,498600.609939453
23672,TCD,FRA,76071706.8656266
23673,TCD,GAB,29526.8736216431
23674,TCD,GBR,606516.407313131
23675,TCD,GHA,66054.1665079709
23676,TCD,HKG,7843.8680377911
23677,TCD,HRV,4235.05838064175
23678,TCD,IDN,580932.022920126
23679,TCD,IND,2739753.20374567
23680,TCD,IRL,2014968.39576411
23681,TCD,ISR,2740.69463235189
23682,TCD,ITA,13787.4206383484
23683,TCD,JPN,334704.591281342
23684,TCD,KOR,3483.42287771925
23685,TCD,LTU,295.995020294004
23686,TCD,LUX,2404.27436623069
23687,TCD,MAR,7764.38104171631
23688,TCD,MDG,4401.51104326935
23689,TCD,MEX,46255.3884838609
23690,TCD,MKD,229.492065039985
23691,TCD,MUS,578921.723407296
23692,TCD,MYS,73514.3372972327
23693,TCD,NLD,41096.7160121165
23694,TCD,PAK,5090.15510593554
23695,TCD,POL,22782.7093050831
23696,TCD,PRT,2941182.61127135
23697,TCD,PYF,1494536.4120517
23698,TCD,SVK,46959.0618307172
23699,TCD,SVN,126805.088902341
23700,TCD,SWE,4241.91011722263
23701,TCD,SYC,1614.55280034971
23702,TCD,THA,1723159.67689323
23703,TCD,TTO,4502.96128095415
23704,TCD,TUN,48501.3877350733
23705,TCD,USA,1411398455.80667
23706,TCD,VCT,150.738204779354
23707,TCD,VNM,1630741.39836935
23708,TCD,ZAF,56219.1838197762
23709,TGO,AGO,33700763.8091327
23710,TGO,ALB,525902.865153885
23711,TGO,ARE,189942.544461413
23712,TGO,AUS,37839.4004415663
23713,TGO,AUT,54870.762060659
23714,TGO,BEL,46514582.1418053
23715,TGO,BEN,115635869.605272
23716,TGO,BFA,65365545.3945112
23717,TGO,BGD,912272.411540256
23718,TGO,BMU,128.127474062451
23719,TGO,BRA,126079.931250262
23720,TGO,BRB,1507.73217153282
23721,TGO,BRN,24409.9967430421
23722,TGO,BWA,67.1470184926212
23723,TGO,CAF,176363.014418186
23724,TGO,CAN,2632413.21329595
23725,TGO,CHE,216278632.164181
23726,TGO,CHN,24921490.5267569
23727,TGO,CIV,14714936.4803094
23728,TGO,CMR,1392690.32282286
23729,TGO,COD,2457131.36659603
23730,TGO,COG,1899756.43487901
23731,TGO,COL,5592.30791716969
23732,TGO,CZE,47727.8266750919
23733,TGO,DEU,107986683.382081
23734,TGO,DNK,76819.6150238491
23735,TGO,DZA,2750112.34428231
23736,TGO,EGY,13053.798350897
23737,TGO,ESP,8191389.14493381
23738,TGO,ETH,60717.2344611228
23739,TGO,FIN,3132.14393564876
23740,TGO,FRA,12196465.2187832
23741,TGO,FRO,52644.6328455312
23742,TGO,GAB,23114429.1997445
23743,TGO,GBR,885399.215496387
23744,TGO,GHA,84355080.5816956
23745,TGO,GIN,1829065.24121593
23746,TGO,GMB,597863.104578142
23747,TGO,GNB,6072.13023371309
23748,TGO,GNQ,1122885.1673466
23749,TGO,GRC,82962.0433897084
23750,TGO,HKG,4030192.82722077
23751,TGO,HRV,40843.201758624
23752,TGO,IDN,5195683.49723328
23753,TGO,IND,62971687.4150763
23754,TGO,IRL,17134.1691857942
23755,TGO,ITA,7273965.7629589
23756,TGO,JPN,449900.782894698
23757,TGO,KEN,128254.697107284
23758,TGO,KOR,12389702.6900528
23759,TGO,LBN,36054301.7511556
23760,TGO,LBR,372025.952475238
23761,TGO,LUX,1447.25394825437
23762,TGO,LVA,3528.94170452066
23763,TGO,MAR,2944233.59570202
23764,TGO,MEX,35674.9368556664
23765,TGO,MLI,17106990.4249095
23766,TGO,MOZ,109545.564455105
23767,TGO,MRT,40912.3830577075
23768,TGO,MUS,5059.54497276046
23769,TGO,MWI,282.337453767336
23770,TGO,MYS,1573242.13543699
23771,TGO,NCL,15843.2704959682
23772,TGO,NER,38153579.1862221
23773,TGO,NGA,46023926.0621916
23774,TGO,NIC,20372.9843824024
23775,TGO,NLD,26288320.8465459
23776,TGO,NOR,546274.121528321
23777,TGO,NZL,37671.5328953348
23778,TGO,PAK,183032.494806014
23779,TGO,PAN,73239.4305517874
23780,TGO,PHL,3570.03773535912
23781,TGO,POL,4691067.48669831
23782,TGO,PRK,11480.3093782238
23783,TGO,PRT,1014978.57254033
23784,TGO,PYF,193.904145238896
23785,TGO,RUS,2390830.57388535
23786,TGO,RWA,50447.100723371
23787,TGO,SEN,4872152.71796803
23788,TGO,SGP,19857.9359177493
23789,TGO,SRB,45587.3441672251
23790,TGO,STP,158088.062609663
23791,TGO,SVK,64486.4891782656
23792,TGO,SVN,20690.1889532825
23793,TGO,SWE,13627.4188857117
23794,TGO,SYC,4687.80674525947
23795,TGO,TCD,5316375.13855997
23796,TGO,TGO,2403685.91853792
23797,TGO,THA,1939820.49483821
23798,TGO,TON,245151.708995586
23799,TGO,TUN,45187.8365365355
23800,TGO,TUR,372803.672539324
23801,TGO,TZA,49038.8050641419
23802,TGO,UGA,106387.052981572
23803,TGO,UKR,56092.4266930299
23804,TGO,URY,11032.1866209719
23805,TGO,USA,4773454.13769412
23806,TGO,VNM,5757651.28364484
23807,TGO,ZAF,6497309.26585031
23808,TGO,ZMB,45035.9808135198
23809,THA,ABW,1356410.88397043
23810,THA,AFG,97183597.5947315
23811,THA,AGO,95225350.0395327
23812,THA,AIA,870.855719429812
23813,THA,ALB,13999945.7480931
23814,THA,AND,1414435.65180265
23815,THA,ARE,1685088343.79806
23816,THA,ARG,281739450.642725
23817,THA,ARM,10103956.5149347
23818,THA,ATG,2958301.67511868
23819,THA,AUS,6374679310.72565
23820,THA,AUT,354358748.331092
23821,THA,AZE,8708202.27434323
23822,THA,BDI,1384238.52692002
23823,THA,BEL,970613184.204277
23824,THA,BEN,244135313.483921
23825,THA,BFA,24479816.1080391
23826,THA,BGD,464170272.534015
23827,THA,BGR,38752741.7240132
23828,THA,BHR,94086986.0798175
23829,THA,BHS,1535224.7645636
23830,THA,BIH,16601756.3651242
23831,THA,BLR,26180416.9581756
23832,THA,BLZ,1805298.98019848
23833,THA,BMU,1218338.79943449
23834,THA,BOL,12740378.6793042
23835,THA,BRA,912417179.141778
23836,THA,BRB,7069237.42172951
23837,THA,BRN,80427329.7734928
23838,THA,BTN,4938315.82708764
23839,THA,BWA,4734954.91501981
23840,THA,CAF,3129388.16719593
23841,THA,CAN,1384771283.69787
23842,THA,CHE,2233171970.58766
23843,THA,CHL,141279667.467858
23844,THA,CHN,17058728734.9011
23845,THA,CIV,245349156.453362
23846,THA,CMR,116474040.48569
23847,THA,COD,150807.407318821
23848,THA,COG,38228727.0768704
23849,THA,COK,549901.878292638
23850,THA,COL,156091969.48746
23851,THA,COM,2922480.27143082
23852,THA,CPV,9183674.42333143
23853,THA,CRI,58759074.6081522
23854,THA,CUB,2134456.40554394
23855,THA,CYM,640278.339315415
23856,THA,CYP,33575093.3678081
23857,THA,CZE,798399488.961028
23858,THA,DEU,2919454039.29526
23859,THA,DJI,20748605.4890237
23860,THA,DMA,665434.490172115
23861,THA,DNK,372301839.019014
23862,THA,DOM,39850117.7198496
23863,THA,DZA,133908003.294539
23864,THA,ECU,136555332.738372
23865,THA,EGY,402315106.457755
23866,THA,ERI,27889.9937524709
23867,THA,ESP,856158291.711349
23868,THA,EST,27408786.843851
23869,THA,ETH,53032647.7234038
23870,THA,FIN,209289685.472578
23871,THA,FJI,37374452.5599664
23872,THA,FRA,1632929329.15304
23873,THA,FRO,1209320.54374674
23874,THA,FSM,1285831.83062445
23875,THA,GAB,29130423.2358158
23876,THA,GBR,2620736506.42555
23877,THA,GEO,13897194.3656316
23878,THA,GHA,137925378.578138
23879,THA,GIB,87713.1910137898
23880,THA,GIN,11456527.6857252
23881,THA,GMB,15453434.7766361
23882,THA,GNB,9683673.73375821
23883,THA,GNQ,2052885.79637491
23884,THA,GRC,186926525.127684
23885,THA,GRD,812483.719976323
23886,THA,GRL,1035420.39289429
23887,THA,GTM,50165544.3675739
23888,THA,GUY,4565155.17907245
23889,THA,HKG,6498457532.62491
23890,THA,HND,38269981.3828239
23891,THA,HRV,42285893.8206628
23892,THA,HTI,9373145.4950025
23893,THA,HUN,210271398.864019
23894,THA,IDN,3197881291.5607
23895,THA,IND,2207868497.80204
23896,THA,IRL,253299241.614215
23897,THA,IRN,585193073.363487
23898,THA,IRQ,197220804.385147
23899,THA,ISL,9008638.59028896
23900,THA,ISR,337575020.119984
23901,THA,ITA,958628554.79615
23902,THA,JAM,25744483.440301
23903,THA,JOR,147738329.507357
23904,THA,JPN,10980348181.2669
23905,THA,KAZ,66858935.1725572
23906,THA,KEN,84103420.7431718
23907,THA,KGZ,1437145.5812766
23908,THA,KHM,1082945175.20754
23909,THA,KIR,747406.611104786
23910,THA,KNA,663465.986252429
23911,THA,KOR,2219022818.68309
23912,THA,KWT,235037774.981842
23913,THA,LAO,1125478363.27523
23914,THA,LBN,125440897.186309
23915,THA,LBR,11909932.4467074
23916,THA,LBY,176575506.639595
23917,THA,LCA,4856917.88168045
23918,THA,LKA,224963543.355716
23919,THA,LSO,133164.870796713
23920,THA,LTU,75352285.4874128
23921,THA,LUX,10800220.3938525
23922,THA,LVA,10872551.4362422
23923,THA,MAC,41229259.3063889
23924,THA,MAR,124322890.874735
23925,THA,MDA,3673044.68759509
23926,THA,MDG,396204768.50439
23927,THA,MDV,34673334.2432793
23928,THA,MEX,1358864083.16172
23929,THA,MHL,1076172.80229148
23930,THA,MKD,14994691.1767688
23931,THA,MLI,4899175.28186936
23932,THA,MLT,10901850.1470357
23933,THA,MMR,1058364757.27605
23934,THA,MNE,3790781.50313264
23935,THA,MNG,2202365.33714435
23936,THA,MNP,804789.219795996
23937,THA,MOZ,122197620.824013
23938,THA,MRT,48691142.4686388
23939,THA,MSR,36312.8335313463
23940,THA,MUS,67357549.7470209
23941,THA,MWI,3182791.28728096
23942,THA,MYS,5250933955.1283
23943,THA,NAM,7401902.93620438
23944,THA,NCL,40554827.2397552
23945,THA,NER,27176051.0228271
23946,THA,NGA,545129748.595625
23947,THA,NIC,22225376.0332949
23948,THA,NIU,1788.30324760961
23949,THA,NLD,2253476634.93427
23950,THA,NOR,212337497.376552
23951,THA,NPL,58731044.8389735
23952,THA,NZL,462583683.040999
23953,THA,OMN,290595281.803787
23954,THA,PAK,466660809.578625
23955,THA,PAN,117489536.364343
23956,THA,PER,129940247.602085
23957,THA,PHL,2070607237.49548
23958,THA,PLW,603919.599148977
23959,THA,PNG,60329894.8294271
23960,THA,POL,496528282.34053
23961,THA,PRK,20846471.5833031
23962,THA,PRT,96816866.6163238
23963,THA,PRY,25665631.6002073
23964,THA,PSE,9772913.6506425
23965,THA,PYF,34030147.3417853
23966,THA,QAT,236413659.186349
23967,THA,ROU,56343958.9172748
23968,THA,RUS,638546944.536326
23969,THA,RWA,2230204.62804613
23970,THA,SAU,1392757517.80351
23971,THA,SDN,49535351.0993319
23972,THA,SEN,154279965.397844
23973,THA,SGP,5638884627.43294
23974,THA,SHN,69223.0946766278
23975,THA,SLB,4077678.78759455
23976,THA,SLE,9625534.69334847
23977,THA,SLV,23450894.9045272
23978,THA,SMR,29045.1965400072
23979,THA,SOM,11239617.4645687
23980,THA,SRB,44257709.8698128
23981,THA,STP,98745.8572563223
23982,THA,SUR,10685912.1873
23983,THA,SVK,140558311.153067
23984,THA,SVN,34347307.3763776
23985,THA,SWE,339729487.707386
23986,THA,SWZ,2764999.79752524
23987,THA,SYC,18566015.4380395
23988,THA,SYR,125829109.044072
23989,THA,TCA,14935.4153990016
23990,THA,TCD,1780504.60103325
23991,THA,TGO,63948708.7071582
23992,THA,THA,1412038818.42235
23993,THA,TJK,444049.399854627
23994,THA,TKL,22360.642331701
23995,THA,TKM,2425111.86752046
23996,THA,TLS,4601244.64599126
23997,THA,TON,1410834.91280602
23998,THA,TTO,49655440.8012113
23999,THA,TUN,83728108.6498702
24000,THA,TUR,655840997.624887
24001,THA,TUV,12162.5176047196
24002,THA,TZA,53379698.1087065
24003,THA,UGA,26835830.0984245
24004,THA,UKR,70938962.7354516
24005,THA,URY,13486669.1425199
24006,THA,USA,13610196232.5145
24007,THA,UZB,6096412.78815572
24008,THA,VAT,66507.0662959671
24009,THA,VCT,262248.162112197
24010,THA,VEN,62647287.805465
24011,THA,VGB,329930.301231785
24012,THA,VNM,3205468952.61252
24013,THA,VUT,4065155.18347202
24014,THA,WLF,324414.653284177
24015,THA,WSM,3711010.15998975
24016,THA,YEM,181653639.688526
24017,THA,ZAF,990106570.051372
24018,THA,ZMB,5329247.33300314
24019,THA,ZWE,9420903.15413866
24020,TJK,AFG,47172646.904111
24021,TJK,ARE,1110961.80960724
24022,TJK,ARG,3.42586829043986
24023,TJK,ARM,54.8138926470377
24024,TJK,AUS,1121183.23023859
24025,TJK,AUT,443745.867924094
24026,TJK,AZE,508995.64055747
24027,TJK,BEL,809659.434157685
24028,TJK,BGD,1630437.18126516
24029,TJK,BGR,14736905.516433
24030,TJK,BIH,404455.269674697
24031,TJK,BLR,7628038.33549339
24032,TJK,BRA,100878.117680292
24033,TJK,CAN,3262.11178615683
24034,TJK,CHE,5116452.02160046
24035,TJK,CHL,108.80557690437
24036,TJK,CHN,126746734.717403
24037,TJK,CZE,1554154.0572156
24038,TJK,DEU,1683039.84927966
24039,TJK,DNK,883.874018933484
24040,TJK,DZA,19457501.932274
24041,TJK,ESP,11626.1581837791
24042,TJK,EST,1216018.30810317
24043,TJK,FIN,28955.4387907977
24044,TJK,FRA,1448359.81853852
24045,TJK,FRO,1648.52782135966
24046,TJK,GBR,31896.2041313113
24047,TJK,GEO,147138.30237976
24048,TJK,GRC,25541919.3851975
24049,TJK,HKG,148375.040832608
24050,TJK,HRV,420774.050689379
24051,TJK,HUN,346697.870992514
24052,TJK,IDN,450307.090873944
24053,TJK,IND,12352860.9024574
24054,TJK,ISR,4796.2156066158
24055,TJK,ITA,23284526.9177158
24056,TJK,JPN,2614.6226792637
24057,TJK,KAZ,10135375.8382
24058,TJK,KGZ,2632337.84419356
24059,TJK,KOR,24361051.3627766
24060,TJK,LBN,35087.0578570269
24061,TJK,LTU,34.9438565624866
24062,TJK,LUX,74285.8428362398
24063,TJK,LVA,64000.1227681138
24064,TJK,MAR,7408.91500342125
24065,TJK,MDA,5475.90787543907
24066,TJK,MEX,15041.6173160052
24067,TJK,MKD,154534.025734742
24068,TJK,MNE,14226.9458365386
24069,TJK,MYS,510191.268590833
24070,TJK,NCL,207.607618400655
24071,TJK,NLD,5216376.42688119
24072,TJK,NOR,37935650.2940922
24073,TJK,NZL,28631.3516505221
24074,TJK,PAK,2496830.36465985
24075,TJK,POL,4725637.23844348
24076,TJK,PRT,28133.2304010921
24077,TJK,RUS,146733973.182038
24078,TJK,SDN,4297.6537905237
24079,TJK,SRB,2505767.76985595
24080,TJK,SVK,10836.7065763194
24081,TJK,SVN,1548331.45146917
24082,TJK,SWE,22923.1699049912
24083,TJK,SYC,563.44296529743
24084,TJK,THA,339606.323631303
24085,TJK,TUN,11054.5917995913
24086,TJK,TUR,73496280.2306475
24087,TJK,UKR,2722181.24011035
24088,TJK,USA,6178879.60446953
24089,TJK,VNM,4355146.0270002
24090,TJK,ZAF,34072.3156693987
24091,TKL,ALB,1018.16805591873
24092,TKL,AUT,98506.0464759915
24093,TKL,BEL,529395.315879723
24094,TKL,BGD,3084438.03453073
24095,TKL,BGR,792.745922407783
24096,TKL,BIH,1511.49308974207
24097,TKL,BMU,227.477654485207
24098,TKL,BRA,547249.571062179
24099,TKL,BRN,180.200672077137
24100,TKL,COL,11430.0669642235
24101,TKL,CZE,59042.0992910986
24102,TKL,DEU,114239.249990351
24103,TKL,DNK,80560.6631970094
24104,TKL,ESP,13098.4237112483
24105,TKL,FRA,1682304.14200876
24106,TKL,GBR,3629123.68576434
24107,TKL,GRD,17945.3832789821
24108,TKL,GTM,5223.07879560461
24109,TKL,HKG,326.827834907962
24110,TKL,IDN,41160.4371623187
24111,TKL,IND,9051.14402334211
24112,TKL,IRL,155693.588967438
24113,TKL,ITA,1424618.89455778
24114,TKL,JPN,33972.9654889759
24115,TKL,KIR,99.3501804227559
24116,TKL,KOR,380694.132385865
24117,TKL,LBN,34551.2520564021
24118,TKL,LKA,119501.822880781
24119,TKL,LUX,25007.4681728948
24120,TKL,MDA,742.728245367361
24121,TKL,MDG,4177.14339201821
24122,TKL,MEX,73599.2988308357
24123,TKL,MKD,2563.40594832162
24124,TKL,MNE,47.27698240807
24125,TKL,MOZ,11973.4096750873
24126,TKL,MUS,1327.86654937449
24127,TKL,MWI,37504.2073214668
24128,TKL,MYS,2966.11676586283
24129,TKL,NGA,1075054.59888148
24130,TKL,NIC,236.38491204035
24131,TKL,NLD,40140.8987590838
24132,TKL,NZL,123995.87690418
24133,TKL,PER,14523.6260304907
24134,TKL,POL,2818.11925571583
24135,TKL,SDN,8684.11842026144
24136,TKL,SRB,81.5356653124686
24137,TKL,SVK,9873.35241304767
24138,TKL,SVN,2904.45113663491
24139,TKL,SWE,63986.9975815195
24140,TKL,SYC,129929.848036303
24141,TKL,THA,47895.6942213235
24142,TKL,TTO,6042.54649067782
24143,TKL,TUR,434.400099227774
24144,TKL,TZA,36841.7875953902
24145,TKL,UGA,8.22208389705566
24146,TKL,USA,11756599.4892849
24147,TKL,YEM,13906.2845645535
24148,TKL,ZAF,864594.602542204
24149,TKL,ZMB,7510.61053327564
24150,TKL,ZWE,510.454375275539
24151,TKM,AFG,51839708.6465246
24152,TKM,ARE,4579858.32060136
24153,TKM,ARM,9813551.14134341
24154,TKM,AUS,2843.47068106508
24155,TKM,AUT,55641291.912377
24156,TKM,AZE,17932549.2911924
24157,TKM,BEL,293858.648828085
24158,TKM,BGD,16494077.8988874
24159,TKM,BGR,13932998.115135
24160,TKM,BLR,1266954.61117047
24161,TKM,BRA,372242.515313349
24162,TKM,CAN,241086.57368215
24163,TKM,CHE,976517.904587762
24164,TKM,CHL,93944.859137573
24165,TKM,CHN,26373209.7517411
24166,TKM,COL,44469.1407572255
24167,TKM,COM,17735.0479842486
24168,TKM,CZE,71185.4320333917
24169,TKM,DEU,36944588.9448259
24170,TKM,DNK,27178.0983217175
24171,TKM,DOM,3982.94873314828
24172,TKM,EGY,14307193.1252855
24173,TKM,ESP,9233736.95046916
24174,TKM,EST,14495.7942764992
24175,TKM,ETH,1052.53431108744
24176,TKM,FIN,6472.15037429898
24177,TKM,FRA,28122718.4668297
24178,TKM,FRO,70.5728867830611
24179,TKM,GBR,63979122.1954934
24180,TKM,GEO,50548146.7085975
24181,TKM,GRC,14488562.2685381
24182,TKM,HKG,277.495331525629
24183,TKM,HRV,31004.7932021388
24184,TKM,HUN,78130352.2317714
24185,TKM,IDN,61798.5529175865
24186,TKM,IND,5053926.54876414
24187,TKM,IRL,18917.4459994481
24188,TKM,ISR,509769.201617451
24189,TKM,ITA,42002716.9065182
24190,TKM,JPN,92165.4494440454
24191,TKM,KAZ,42061374.0608596
24192,TKM,KGZ,810378.866498677
24193,TKM,KOR,513304.012519527
24194,TKM,LBN,68361.8313884112
24195,TKM,LTU,139053.93838798
24196,TKM,LUX,735.191335128394
24197,TKM,LVA,179032.910056447
24198,TKM,MAR,41765.638721382
24199,TKM,MDA,9777.42810091536
24200,TKM,MEX,732873.392643082
24201,TKM,MNE,9.5924312132316
24202,TKM,MYS,7186.10132602665
24203,TKM,NCL,73.9987550735009
24204,TKM,NGA,323907.624777192
24205,TKM,NLD,208348.976298707
24206,TKM,NOR,1899.60080110844
24207,TKM,PAK,1538153.19677827
24208,TKM,PER,35644.1040410525
24209,TKM,POL,134023681.163234
24210,TKM,PRT,425555.877649175
24211,TKM,ROU,14314881.1745559
24212,TKM,RUS,30874933.6090687
24213,TKM,SLV,11806.6041480258
24214,TKM,SRB,633819.20724062
24215,TKM,SVK,67076.4456058382
24216,TKM,SWE,90.4429228676123
24217,TKM,SYR,1197464.29876719
24218,TKM,THA,117725.167585359
24219,TKM,TUR,224434970.248226
24220,TKM,UKR,492152372.810995
24221,TKM,USA,66171366.1473605
24222,TKM,ZAF,1015.42736128637
24223,TLS,AGO,291962.773316156
24224,TLS,AUS,2866602.82893579
24225,TLS,AUT,113.738827242603
24226,TLS,BEL,148794.367111358
24227,TLS,BGR,3830.12074871176
24228,TLS,BOL,975.687289117272
24229,TLS,CAN,2457848.09455659
24230,TLS,CHN,15597.9783263727
24231,TLS,CZE,2194.61122685577
24232,TLS,DEU,1986681.35483955
24233,TLS,DNK,170021.047038924
24234,TLS,ESP,72944.6044377541
24235,TLS,FIN,963.354163271688
24236,TLS,FRA,87491.1947485693
24237,TLS,GBR,26579.2565445486
24238,TLS,IDN,592598.47479639
24239,TLS,IND,117658.020566867
24240,TLS,JPN,34514245.8271288
24241,TLS,KOR,23579441.5678337
24242,TLS,LUX,552.249968418905
24243,TLS,MAC,85.8152599808861
24244,TLS,MEX,36.9993775367505
24245,TLS,MNE,958.557947665072
24246,TLS,MOZ,3209.35341448406
24247,TLS,MUS,718.747167334282
24248,TLS,MYS,90804.0093854246
24249,TLS,NGA,15647.9960034131
24250,TLS,NLD,45875.1171036221
24251,TLS,NZL,228660.949392725
24252,TLS,POL,27406.9463235189
24253,TLS,PRT,872159.604901153
24254,TLS,SDN,4984.8000635733
24255,TLS,SEN,412770.537189253
24256,TLS,SVN,17240.3395848095
24257,TLS,SWE,4873.64022997974
24258,TLS,SYC,230.887078607852
24259,TLS,THA,36073.7079246736
24260,TLS,USA,47325.6297377943
24261,TLS,VNM,2560258.94571003
24262,TLS,ZAF,6340.59703194609
24263,TLS,ZMB,1355.76750590549
24264,TON,AGO,7571.16892187209
24265,TON,ARE,29955.7923316061
24266,TON,AUS,512395.472248902
24267,TON,BEL,875.651935036428
24268,TON,BRA,543.342710863762
24269,TON,CAN,13529.4390526051
24270,TON,CHN,42309.4733869323
24271,TON,COK,1233.99775821644
24272,TON,DEU,27279.6609278822
24273,TON,FJI,136123.450652337
24274,TON,FRA,20921.7776497162
24275,TON,GBR,95279.5637200553
24276,TON,GHA,402.196937297639
24277,TON,GRD,336.420266121194
24278,TON,HKG,2851342.64122286
24279,TON,IDN,8949.73832194509
24280,TON,IND,3428.60898507221
24281,TON,IRL,1144.89023880844
24282,TON,ITA,81424.8151773685
24283,TON,JPN,1318139.13895061
24284,TON,KIR,3379.96165534796
24285,TON,KOR,172340.359871551
24286,TON,LUX,116.479521874955
24287,TON,MEX,715.321299043842
24288,TON,MYS,45.2214614338061
24289,TON,NCL,4061.7094451455
24290,TON,NZL,1374695.42821017
24291,TON,PHL,41981.2752047081
24292,TON,PNG,584.45313034904
24293,TON,POL,969.52072619448
24294,TON,SDN,8810.47540559139
24295,TON,SGP,127525.891590649
24296,TON,SVK,51.3880243565979
24297,TON,SVN,9528.71006302942
24298,TON,THA,2.05552097426392
24299,TON,TON,102904.861360916
24300,TON,USA,2636883.97141498
24301,TON,VCT,785.209012168816
24302,TON,VUT,71028.5272656896
24303,TON,WSM,234230.040885664
24304,TON,ZAF,1133.96240413559
24305,TTO,ABW,7070329.5885405
24306,TTO,AGO,151083.53230303
24307,TTO,AIA,2938199.36516403
24308,TTO,ALB,7025.77069003406
24309,TTO,ARE,295572.268146963
24310,TTO,ARG,159902629.248761
24311,TTO,ARM,2994.89405950252
24312,TTO,ATG,63574981.4205278
24313,TTO,AUS,7579924.75604879
24314,TTO,AUT,46538.3652046512
24315,TTO,AZE,180594.646930537
24316,TTO,BEL,62634476.428406
24317,TTO,BEN,1046079.97522826
24318,TTO,BFA,975358.14745092
24319,TTO,BGD,558762.544039031
24320,TTO,BGR,1608.78774919056
24321,TTO,BHS,30301687.864245
24322,TTO,BIH,1821.87675685592
24323,TTO,BLZ,4355915.29202135
24324,TTO,BMU,17863978.4818383
24325,TTO,BOL,104691.79426121
24326,TTO,BRA,131399099.48485
24327,TTO,BRB,188525416.228557
24328,TTO,BRN,36019.5792056847
24329,TTO,BWA,1289.49682452156
24330,TTO,CAN,189743606.345308
24331,TTO,CHE,165196.739312326
24332,TTO,CHL,42954010.3203435
24333,TTO,CHN,70785664.036712
24334,TTO,CIV,6135444.44420591
24335,TTO,CMR,2973215.85013428
24336,TTO,COL,120825279.652492
24337,TTO,CPV,19049.8832158199
24338,TTO,CRI,41089838.2389367
24339,TTO,CUB,1440724.24329279
24340,TTO,CYM,3157983.20464257
24341,TTO,CYP,47792.9181726103
24342,TTO,CZE,7883131.91426783
24343,TTO,DEU,59333432.0383289
24344,TTO,DMA,21426516.9915096
24345,TTO,DNK,407203.501217288
24346,TTO,DOM,242352676.582723
24347,TTO,DZA,1080.51885880473
24348,TTO,ECU,17307586.6386562
24349,TTO,EGY,95317.2482712501
24350,TTO,ESP,698340977.62618
24351,TTO,EST,29812.275857183
24352,TTO,ETH,49803.7068994323
24353,TTO,FIN,11827.4676859146
24354,TTO,FRA,247381402.484083
24355,TTO,FRO,10846.2990075326
24356,TTO,GAB,49533.2592641537
24357,TTO,GBR,358637968.894692
24358,TTO,GEO,1615.63948577144
24359,TTO,GHA,432329.504433032
24360,TTO,GNQ,12165.94347301
24361,TTO,GRC,32311272.7409497
24362,TTO,GRD,48567730.3596913
24363,TTO,GTM,11439042.7391445
24364,TTO,GUY,162180308.874403
24365,TTO,HKG,1901538.47221351
24366,TTO,HND,5033744.75866516
24367,TTO,HRV,10285.8269552166
24368,TTO,HTI,5462486.00865078
24369,TTO,HUN,31940623.2543914
24370,TTO,IDN,14374133.4714218
24371,TTO,IND,102748077.868952
24372,TTO,IRL,349447.607861631
24373,TTO,IRN,18710.7222550663
24374,TTO,ISL,1697.17515108391
24375,TTO,ISR,20281.140279404
24376,TTO,ITA,28787044.7084799
24377,TTO,JAM,375060313.22262
24378,TTO,JPN,37661474.546034
24379,TTO,KAZ,17197.8588180081
24380,TTO,KNA,15723855.0049683
24381,TTO,KOR,282989113.526286
24382,TTO,KWT,4703576.70217402
24383,TTO,LBN,41392.0258587525
24384,TTO,LBR,1847171.31279155
24385,TTO,LCA,85176719.9271413
24386,TTO,LUX,3180493.90000539
24387,TTO,MAC,619.329154719376
24388,TTO,MAR,24029122.6354063
24389,TTO,MDG,597750.518212992
24390,TTO,MEX,131467341.410848
24391,TTO,MKD,1889.35265870442
24392,TTO,MSR,1235609.28666026
24393,TTO,MUS,64875732.2223835
24394,TTO,MYS,669300.925124706
24395,TTO,NAM,19054.6794314265
24396,TTO,NCL,331.624050514578
24397,TTO,NGA,842257.941288536
24398,TTO,NIC,7090496.98999266
24399,TTO,NLD,240500004.735545
24400,TTO,NOR,2037170.653353
24401,TTO,NZL,123150.3726101
24402,TTO,PAK,217816.705906166
24403,TTO,PAN,34396656.3239278
24404,TTO,PER,42748388.7805668
24405,TTO,PHL,6183.69226424394
24406,TTO,POL,1275.7933513598
24407,TTO,PRK,14385856.107538
24408,TTO,PRT,90403369.8478518
24409,TTO,PRY,33407.0120473952
24410,TTO,PYF,11482.8253358963
24411,TTO,QAT,13449.2737346088
24412,TTO,ROU,13306.7576137265
24413,TTO,RUS,410758.867329107
24414,TTO,SAU,1410669.10078076
24415,TTO,SDN,84028.7539437817
24416,TTO,SEN,7786217.52619958
24417,TTO,SGP,1361624.37033483
24418,TTO,SLE,306.957798823411
24419,TTO,SLV,32439349.2586472
24420,TTO,SMR,181016.713903919
24421,TTO,SRB,616.656292279175
24422,TTO,SUR,189486968.385108
24423,TTO,SVK,8627.70670264374
24424,TTO,SVN,13990.5609244983
24425,TTO,SWE,256670.848535361
24426,TTO,SYC,7337.64323950694
24427,TTO,TCA,270425.709721477
24428,TTO,TGO,890026.135654868
24429,TTO,THA,339698.822075145
24430,TTO,TTO,340775.915065659
24431,TTO,TUN,218405.955252122
24432,TTO,TUR,11556608.9464412
24433,TTO,UGA,278.865678841804
24434,TTO,URY,147210.245613859
24435,TTO,USA,3853273139.35302
24436,TTO,VCT,58597964.9297104
24437,TTO,VEN,6497830.68300412
24438,TTO,VGB,3714095.49697212
24439,TTO,VNM,4769510.27811817
24440,TTO,ZAF,5019216.33641906
24441,TUN,AFG,26280.5208296222
24442,TUN,AGO,104285739.111043
24443,TUN,ALB,3314598.829061
24444,TUN,AND,986916.84823254
24445,TUN,ARE,37708345.9056365
24446,TUN,ARG,5776825.18329278
24447,TUN,ARM,186256.922040976
24448,TUN,AUS,8855163.8019192
24449,TUN,AUT,83773931.0086022
24450,TUN,AZE,780628.626264498
24451,TUN,BDI,131043.573151273
24452,TUN,BEL,605791310.641507
24453,TUN,BEN,3454659.97272637
24454,TUN,BFA,7023667.89207739
24455,TUN,BGD,21041404.8593764
24456,TUN,BGR,9423563.9986329
24457,TUN,BHR,10832346.1311593
24458,TUN,BHS,27466.5564317725
24459,TUN,BIH,1547244.08087378
24460,TUN,BLR,599321.398729549
24461,TUN,BMU,61663.5737069432
24462,TUN,BOL,130896.260814784
24463,TUN,BRA,78481904.5581315
24464,TUN,BRB,13832.28580948
24465,TUN,BWA,29945.5147267348
24466,TUN,CAF,260553.042482087
24467,TUN,CAN,32770376.0912462
24468,TUN,CHE,91361235.7701222
24469,TUN,CHL,470956.169407742
24470,TUN,CHN,73672426.0450161
24471,TUN,CIV,24680470.092888
24472,TUN,CMR,9990042.96840932
24473,TUN,COD,33350.827807432
24474,TUN,COG,9759621.12271531
24475,TUN,COL,2099879.80206219
24476,TUN,COM,402794.426542007
24477,TUN,CPV,20065.3105771063
24478,TUN,CRI,184395.305211951
24479,TUN,CUB,23409.6432022336
24480,TUN,CYP,1984789.12719218
24481,TUN,CZE,25951951.9684491
24482,TUN,DEU,1182802456.54301
24483,TUN,DJI,628333.02176031
24484,TUN,DNK,5469996.19711709
24485,TUN,DOM,1007919.33865401
24486,TUN,DZA,309179033.157926
24487,TUN,EGY,56092706.929056
24488,TUN,ERI,672698.701295164
24489,TUN,ESP,409123223.97091
24490,TUN,EST,3437160.63749881
24491,TUN,ETH,46268095.0293501
24492,TUN,FIN,10508069.882954
24493,TUN,FRA,2944574760.11055
24494,TUN,FRO,468498.45149618
24495,TUN,GAB,10279680.2623299
24496,TUN,GBR,470475394.01464
24497,TUN,GHA,7750250.02019191
24498,TUN,GIN,2893956.33171398
24499,TUN,GMB,1496607.6920201
24500,TUN,GNB,536932.22611869
24501,TUN,GNQ,1798523.29789365
24502,TUN,GRC,28187490.6734234
24503,TUN,GRD,3563.58819571554
24504,TUN,GRL,6058.01771187745
24505,TUN,HKG,5722518.31915272
24506,TUN,HND,44819.2644965085
24507,TUN,HRV,13717430.1491747
24508,TUN,HUN,2978643.11067999
24509,TUN,IDN,8178701.44172016
24510,TUN,IND,163286091.456328
24511,TUN,IRL,13702810.523463
24512,TUN,IRN,87562204.0909725
24513,TUN,IRQ,2841444.62255812
24514,TUN,ISL,3899639.83840868
24515,TUN,ISR,26036.5990073429
24516,TUN,ITA,2081797768.43401
24517,TUN,JAM,121742.340742729
24518,TUN,JOR,13103907.8412076
24519,TUN,JPN,98629657.2852999
24520,TUN,KAZ,2082057.064868
24521,TUN,KEN,1454092.66653575
24522,TUN,KGZ,7808.92418122861
24523,TUN,KOR,12952735.236329
24524,TUN,KWT,1349658.49756998
24525,TUN,LBN,15178488.9762922
24526,TUN,LBR,915056.957286725
24527,TUN,LBY,569956353.533515
24528,TUN,LKA,239481.896974908
24529,TUN,LTU,309092.799942013
24530,TUN,LUX,4888933.30602827
24531,TUN,LVA,144629.822007391
24532,TUN,MAC,768086.750616025
24533,TUN,MAR,155174178.300155
24534,TUN,MDA,347578.319143157
24535,TUN,MDG,2569361.68879121
24536,TUN,MDV,2905.136310293
24537,TUN,MEX,21308491.717862
24538,TUN,MKD,444658.615160979
24539,TUN,MLI,6420134.73087157
24540,TUN,MLT,4934893.38466549
24541,TUN,MNE,543244.731030655
24542,TUN,MOZ,8776329.09116692
24543,TUN,MRT,12016206.3069451
24544,TUN,MUS,1150634.04958419
24545,TUN,MWI,44327.4208081339
24546,TUN,MYS,6739292.7318509
24547,TUN,NCL,1386157.69833632
24548,TUN,NER,10022405.0906281
24549,TUN,NGA,7271208.11644507
24550,TUN,NIC,79021.7631609439
24551,TUN,NLD,170231836.603792
24552,TUN,NOR,29986432.6405143
24553,TUN,NZL,5826776.39848837
24554,TUN,OMN,963141.074264023
24555,TUN,PAK,1516079.64220931
24556,TUN,PAN,1551784.04153227
24557,TUN,PER,3354821.94865906
24558,TUN,PHL,51759.3884792816
24559,TUN,POL,80908194.9243439
24560,TUN,PRK,12380.4028279916
24561,TUN,PRT,32429557.6954138
24562,TUN,PRY,32791.7261024322
24563,TUN,PSE,65860.3596573915
24564,TUN,PYF,977650.996821352
24565,TUN,QAT,4471050.00300236
24566,TUN,ROU,45532838.6027242
24567,TUN,RUS,39842063.0088034
24568,TUN,RWA,3634315.24657167
24569,TUN,SAU,28278886.6728494
24570,TUN,SDN,959269.440213715
24571,TUN,SEN,30648209.6456074
24572,TUN,SGP,9262898.99789517
24573,TUN,SLE,544119.697792033
24574,TUN,SLV,96433.5057880607
24575,TUN,SRB,6592795.06684145
24576,TUN,STP,7337.52470446409
24577,TUN,SUR,68768.8245413155
24578,TUN,SVK,66081896.1710874
24579,TUN,SVN,9961446.56061536
24580,TUN,SWE,28649954.1153392
24581,TUN,SYC,3736571.93365204
24582,TUN,SYR,31157678.055989
24583,TUN,TCD,3511839.77001479
24584,TUN,TGO,5901572.01052622
24585,TUN,THA,4349730.41440667
24586,TUN,TTO,40045.6596206096
24587,TUN,TUR,161002295.970615
24588,TUN,TZA,457440.433828298
24589,TUN,UGA,65438.1953893498
24590,TUN,UKR,1970636.18011071
24591,TUN,URY,5235609.25146372
24592,TUN,USA,231704544.91067
24593,TUN,VCT,12944.985922256
24594,TUN,VEN,297768.934894794
24595,TUN,VNM,4172401.30513058
24596,TUN,YEM,1082823.09781688
24597,TUN,ZAF,3759022.33373295
24598,TUN,ZMB,80251.3401787183
24599,TUR,ABW,232845.304922668
24600,TUR,AFG,161154651.185227
24601,TUR,AGO,121520434.920431
24602,TUR,AIA,180557.647553
24603,TUR,ALB,200428688.787308
24604,TUR,AND,2301795.10391337
24605,TUR,ARE,1984654932.50537
24606,TUR,ARG,64286032.7173344
24607,TUR,ARM,121806649.086756
24608,TUR,ATG,2331788.47459425
24609,TUR,AUS,256613738.625786
24610,TUR,AUT,760396160.03659
24611,TUR,AZE,959548772.495818
24612,TUR,BDI,1420394.45568366
24613,TUR,BEL,2030671035.7371
24614,TUR,BEN,19586903.8293405
24615,TUR,BFA,8109678.41843687
24616,TUR,BGD,106055898.275013
24617,TUR,BGR,949338571.583113
24618,TUR,BHR,77855212.5272823
24619,TUR,BHS,4066245.29476204
24620,TUR,BIH,170099093.114795
24621,TUR,BLR,128547142.92803
24622,TUR,BLZ,1059391.52905759
24623,TUR,BMU,564315.876537834
24624,TUR,BOL,4930101.96527448
24625,TUR,BRA,292260246.941204
24626,TUR,BRB,3445243.63114327
24627,TUR,BRN,636579.771909057
24628,TUR,BTN,93097.2856190451
24629,TUR,BWA,285568.732738879
24630,TUR,CAF,413902.444072414
24631,TUR,CAN,380920510.336629
24632,TUR,CHE,3009711498.9316
24633,TUR,CHL,34111770.9888768
24634,TUR,CHN,1195960676.95243
24635,TUR,CIV,40782700.9246148
24636,TUR,CMR,34437657.1156277
24637,TUR,COD,9896456.4687984
24638,TUR,COG,27382717.2126216
24639,TUR,COK,39213.8587996908
24640,TUR,COL,33315224.1286368
24641,TUR,COM,1927426.38853705
24642,TUR,CPV,3366722.04475273
24643,TUR,CRI,7968625.82780307
24644,TUR,CUB,7173923.73460145
24645,TUR,CYM,35229496.5532859
24646,TUR,CYP,528190512.00073
24647,TUR,CZE,501329768.302924
24648,TUR,DEU,7973521178.92384
24649,TUR,DJI,28970337.2068192
24650,TUR,DMA,474535.516597593
24651,TUR,DNK,507222470.055273
24652,TUR,DOM,16682160.8087272
24653,TUR,DZA,1217689356.21233
24654,TUR,ECU,13234483.4407504
24655,TUR,EGY,1780787119.37286
24656,TUR,ERI,1848504.66073019
24657,TUR,ESP,2519870849.36411
24658,TUR,EST,115751147.914949
24659,TUR,ETH,177986245.163541
24660,TUR,FIN,241511531.403196
24661,TUR,FJI,213223.986876003
24662,TUR,FRA,4809346291.72874
24663,TUR,FRO,2366851.55137324
24664,TUR,GAB,9555680.55373274
24665,TUR,GBR,4976077430.17137
24666,TUR,GEO,539169088.579172
24667,TUR,GHA,49915323.7438558
24668,TUR,GIB,116163030.569853
24669,TUR,GIN,9230789.70475619
24670,TUR,GMB,14196933.1747934
24671,TUR,GNB,588515.524967843
24672,TUR,GNQ,13768707.8605723
24673,TUR,GRC,1255045648.24449
24674,TUR,GRD,359831.964844402
24675,TUR,GRL,1100711.35131625
24676,TUR,GTM,9825777.38009833
24677,TUR,GUY,2760933.97703815
24678,TUR,HKG,157023084.859771
24679,TUR,HND,4086072.16490613
24680,TUR,HRV,208589104.999615
24681,TUR,HTI,8064992.07694486
24682,TUR,HUN,305360873.485763
24683,TUR,IDN,402681787.418486
24684,TUR,IND,1077920576.83204
24685,TUR,IRL,239992222.856827
24686,TUR,IRN,1387165763.50665
24687,TUR,IRQ,3510423013.83123
24688,TUR,ISL,13101587.1580277
24689,TUR,ISR,1043133054.2876
24690,TUR,ITA,4226723741.5063
24691,TUR,JAM,14140650.2698234
24692,TUR,JOR,311995466.201269
24693,TUR,JPN,274336915.291234
24694,TUR,KAZ,434000858.129637
24695,TUR,KEN,48026628.1666895
24696,TUR,KGZ,95925994.9188203
24697,TUR,KHM,3811304.50971335
24698,TUR,KIR,6076.80517358222
24699,TUR,KNA,2221192.5389213
24700,TUR,KOR,297663440.077005
24701,TUR,KWT,144737764.265486
24702,TUR,LAO,270665.520501808
24703,TUR,LBN,471866051.933562
24704,TUR,LBR,121371426.093965
24705,TUR,LBY,1229967134.41499
24706,TUR,LCA,155602.25257812
24707,TUR,LKA,23029576.0037449
24708,TUR,LSO,422637.03786572
24709,TUR,LTU,103807124.070486
24710,TUR,LUX,24120199.8036591
24711,TUR,LVA,44503365.181447
24712,TUR,MAC,2351278.55721914
24713,TUR,MAR,489511588.609807
24714,TUR,MDA,118092695.420731
24715,TUR,MDG,14012157.1398201
24716,TUR,MDV,4549174.18867121
24717,TUR,MEX,154496478.218278
24718,TUR,MHL,74411532.4624268
24719,TUR,MKD,194221956.188464
24720,TUR,MLI,6077314.94278384
24721,TUR,MLT,455029844.216461
24722,TUR,MMR,7979920.91555665
24723,TUR,MNE,23516265.1306897
24724,TUR,MNG,3857158.38643357
24725,TUR,MNP,142.516120882298
24726,TUR,MOZ,16784000.2250498
24727,TUR,MRT,15630800.2001161
24728,TUR,MSR,21.2403834007271
24729,TUR,MUS,21679973.0052413
24730,TUR,MWI,3876246.08095771
24731,TUR,MYS,95314317.7835145
24732,TUR,NAM,1962879.3291275
24733,TUR,NCL,4887029.20843244
24734,TUR,NER,7540032.5753276
24735,TUR,NGA,220570026.233516
24736,TUR,NIC,2997943.08228102
24737,TUR,NLD,1457567666.57369
24738,TUR,NOR,378183864.510531
24739,TUR,NPL,3497112.64740785
24740,TUR,NZL,47640940.4886835
24741,TUR,OMN,75102647.261304
24742,TUR,PAK,111350078.226291
24743,TUR,PAN,65074225.6607842
24744,TUR,PER,78502999.6847167
24745,TUR,PHL,57645629.0440344
24746,TUR,PNG,1190451.54637666
24747,TUR,POL,1319515051.24724
24748,TUR,PRK,1684920.13503534
24749,TUR,PRT,280181160.192135
24750,TUR,PRY,5287914.03817484
24751,TUR,PSE,77978806.0935103
24752,TUR,PYF,2183612.13412249
24753,TUR,QAT,198262725.356271
24754,TUR,ROU,1508708684.4562
24755,TUR,RUS,2207583732.77801
24756,TUR,RWA,5804296.53594016
24757,TUR,SAU,1211535098.32326
24758,TUR,SDN,224731162.521109
24759,TUR,SEN,65274244.2957479
24760,TUR,SGP,297489107.232136
24761,TUR,SLB,113981.378717566
24762,TUR,SLE,10776847.7500278
24763,TUR,SLV,7462918.82210407
24764,TUR,SMR,454982.715916737
24765,TUR,SOM,2429657.99474188
24766,TUR,SRB,400516133.685942
24767,TUR,STP,310443.962395763
24768,TUR,SUR,2183712.16947657
24769,TUR,SVK,245864676.723114
24770,TUR,SVN,407680903.500471
24771,TUR,SWE,577129328.987774
24772,TUR,SWZ,74351.1844221434
24773,TUR,SYC,3809401.11099465
24774,TUR,SYR,974068092.209867
24775,TUR,TCA,517066.301076088
24776,TUR,TCD,3395408.2102959
24777,TUR,TGO,21768431.665195
24778,TUR,THA,90593482.9272405
24779,TUR,TJK,86581198.4839212
24780,TUR,TKM,647938177.245554
24781,TUR,TLS,48110.8387499631
24782,TUR,TON,17388.3370949565
24783,TUR,TTO,13328034.3113311
24784,TUR,TUN,442462793.917443
24785,TUR,TUV,39082.990630996
24786,TUR,TZA,52429304.0051776
24787,TUR,UGA,29105484.2850087
24788,TUR,UKR,688443012.844868
24789,TUR,URY,8471430.23918606
24790,TUR,USA,2642614515.85836
24791,TUR,UZB,191823630.499932
24792,TUR,VCT,27263027.6521585
24793,TUR,VEN,35235364.3804937
24794,TUR,VGB,133638666.32576
24795,TUR,VNM,129574815.712933
24796,TUR,VUT,892794.294788131
24797,TUR,WSM,17835.755493688
24798,TUR,YEM,259860806.053932
24799,TUR,ZAF,593890550.61456
24800,TUR,ZMB,2252267.61860763
24801,TUR,ZWE,857304.258895836
24802,TUV,ALB,145.25681551465
24803,TUV,AUS,407016.44880863
24804,TUV,BGR,1571.10319799572
24805,TUV,BIH,2.74069463235189
24806,TUV,CZE,220344.996704511
24807,TUV,DEU,1168.67809786994
24808,TUV,FJI,8851.75848883851
24809,TUV,FRA,30431.9880239773
24810,TUV,FRO,6973.01231836129
24811,TUV,HKG,0.685173658087972
24812,TUV,HRV,2298.75762288514
24813,TUV,IDN,253201.814304461
24814,TUV,IND,57720.3993046469
24815,TUV,ITA,12697.0037608789
24816,TUV,JPN,134782.565803459
24817,TUV,KIR,371.364122683681
24818,TUV,KNA,31663.2450875614
24819,TUV,KOR,539.231668915234
24820,TUV,MEX,13055.2988812082
24821,TUV,NGA,1044.88982858416
24822,TUV,NZL,2818.11925571583
24823,TUV,POL,14477.0342217408
24824,TUV,SDN,75076.45581305
24825,TUV,SVK,5443.01953985085
24826,TUV,SVN,7810.97970220288
24827,TUV,SWE,902.373707701859
24828,TUV,SYC,9198.32343614135
24829,TUV,USA,64280.9370808392
24830,TUV,VCT,706.414041488699
24831,TZA,AFG,73302.6186368836
24832,TZA,AGO,546318.420060838
24833,TZA,ALB,6351.5598104755
24834,TZA,AND,15768.5865672366
24835,TZA,ARE,296539923.830461
24836,TZA,ARG,298156.743185271
24837,TZA,ARM,15552.0716912808
24838,TZA,AUS,5016296.81146195
24839,TZA,AUT,3192878.41387533
24840,TZA,AZE,146517.535045532
24841,TZA,BDI,16877000.2160094
24842,TZA,BEL,55849310.6349725
24843,TZA,BEN,1886.28308071619
24844,TZA,BGD,1053700.47665351
24845,TZA,BGR,571811.676357317
24846,TZA,BHR,669201.574944283
24847,TZA,BIH,3512.20017135894
24848,TZA,BLR,216446.35858999
24849,TZA,BOL,840.022904815853
24850,TZA,BRA,55297.6252496478
24851,TZA,BRB,163234.401955562
24852,TZA,BWA,2385288.20416507
24853,TZA,CAF,43091.2565308106
24854,TZA,CAN,6113411.94661289
24855,TZA,CHE,469239188.687877
24856,TZA,CHL,400491.560617868
24857,TZA,CHN,265349839.115965
24858,TZA,CIV,110344.218629966
24859,TZA,CMR,1072481.0866217
24860,TZA,COD,58554519.4383983
24861,TZA,COG,11712365.3630924
24862,TZA,COL,42132.0134094875
24863,TZA,COM,2237071.68716552
24864,TZA,CRI,11808.2828234881
24865,TZA,CUB,694187.117560119
24866,TZA,CYP,1406205.87957198
24867,TZA,CZE,1677072.84112926
24868,TZA,DEU,74024424.7037746
24869,TZA,DJI,126423.447174786
24870,TZA,DNK,3914723.93649149
24871,TZA,DOM,684895.054145467
24872,TZA,DZA,6097540.58399694
24873,TZA,ECU,24007.1146320864
24874,TZA,EGY,1723984.27653901
24875,TZA,ERI,161370.044431905
24876,TZA,ESP,25495384.6048215
24877,TZA,EST,3846000.3128564
24878,TZA,ETH,1236632.02756517
24879,TZA,FIN,4661108.95367207
24880,TZA,FRA,26001056.9941769
24881,TZA,FRO,3283.35216955756
24882,TZA,GAB,33202.1451236269
24883,TZA,GBR,25153421.1248461
24884,TZA,GEO,50344.5048753299
24885,TZA,GHA,246570.018467828
24886,TZA,GIN,588688.188729682
24887,TZA,GMB,6098.04555698295
24888,TZA,GRC,8260102.81299565
24889,TZA,GTM,20385.9718490914
24890,TZA,HKG,59896773.949419
24891,TZA,HRV,152849.224819923
24892,TZA,HUN,1036667.7446871
24893,TZA,IDN,14730387.4594237
24894,TZA,IND,164824209.70925
24895,TZA,IRL,1331175.93814305
24896,TZA,IRN,194198.084738216
24897,TZA,ISL,339069.147483362
24898,TZA,ISR,8801065.91574487
24899,TZA,ITA,37699472.9067643
24900,TZA,JAM,71859.6429129503
24901,TZA,JOR,293256.381182626
24902,TZA,JPN,122239689.801446
24903,TZA,KAZ,1072805.17376198
24904,TZA,KEN,132172679.729694
24905,TZA,KHM,10365.3070995548
24906,TZA,KOR,7426171.10200019
24907,TZA,KWT,75661.6715416805
24908,TZA,LBN,84005.7163498758
24909,TZA,LBR,499.491596746131
24910,TZA,LBY,425376.362150755
24911,TZA,LKA,375331.963337668
24912,TZA,LTU,839391.859876754
24913,TZA,LUX,89552.882285756
24914,TZA,LVA,244944.101377185
24915,TZA,MAC,180049.054794554
24916,TZA,MAR,2238272.94047462
24917,TZA,MDA,2666.0107036203
24918,TZA,MDG,2455363.39861742
24919,TZA,MEX,978284.782455083
24920,TZA,MKD,324576.107604969
24921,TZA,MLI,9617.09746492277
24922,TZA,MLT,83252.7104996371
24923,TZA,MNG,250.08838520211
24924,TZA,MOZ,15129491.5228287
24925,TZA,MUS,1018328.38655472
24926,TZA,MWI,54609079.3038495
24927,TZA,MYS,6720538.84365537
24928,TZA,NAM,1553324.31191565
24929,TZA,NER,582735.399988213
24930,TZA,NGA,3518851.152058
24931,TZA,NIC,27.4069463235189
24932,TZA,NLD,124952506.773171
24933,TZA,NOR,2659796.29159509
24934,TZA,NPL,83696.7030300781
24935,TZA,NRU,10426.9727287828
24936,TZA,NZL,1480889.80830357
24937,TZA,OMN,3547103.6026756
24938,TZA,PAK,8702310.46605733
24939,TZA,PER,197762.358107589
24940,TZA,PHL,1091078.07004953
24941,TZA,PNG,210494.940195838
24942,TZA,POL,7566857.8092154
24943,TZA,PRK,332559.312557868
24944,TZA,PRT,9967537.75443576
24945,TZA,PSE,306673.90602544
24946,TZA,QAT,7251.87799720309
24947,TZA,ROU,3026215.2727517
24948,TZA,RUS,30529347.7749233
24949,TZA,RWA,37431487.1004393
24950,TZA,SAU,21830158.9600522
24951,TZA,SDN,3469916.73457102
24952,TZA,SEN,232974.802744046
24953,TZA,SGP,7823051.77688473
24954,TZA,SHN,4234839.12507117
24955,TZA,SLE,74955.2575001918
24956,TZA,SLV,22042.7217543481
24957,TZA,SOM,422296.50655765
24958,TZA,SRB,238800.834358768
24959,TZA,SUR,183202.41787322
24960,TZA,SVK,10845.6138338745
24961,TZA,SVN,151117.790985935
24962,TZA,SWE,4309439.46261647
24963,TZA,SWZ,14583906.238582
24964,TZA,SYC,424310.725948978
24965,TZA,SYR,300869.345697642
24966,TZA,THA,11856889.0427929
24967,TZA,TTO,211971.489429018
24968,TZA,TUN,2339905.04174796
24969,TZA,TUR,7590050.25236802
24970,TZA,UGA,35389900.5028599
24971,TZA,UKR,3127017.46633894
24972,TZA,URY,19.8700360845512
24973,TZA,USA,35066710.9400764
24974,TZA,VCT,1303.88547134141
24975,TZA,VEN,100409.45889816
24976,TZA,VNM,25548917.0637676
24977,TZA,YEM,205709.687367752
24978,TZA,ZAF,128716378.766056
24979,TZA,ZMB,31957788.9100475
24980,TZA,ZWE,4008145.99442447
24981,UGA,AFG,102.776048713196
24982,UGA,AGO,2074207.03026729
24983,UGA,ALB,106874.07236222
24984,UGA,AND,18735.8653876235
24985,UGA,ARE,58770075.0712328
24986,UGA,ARG,7886.34880459255
24987,UGA,ARM,67608.8255381725
24988,UGA,AUS,5130457.02050428
24989,UGA,AUT,706751.146928478
24990,UGA,BDI,38205010.4758694
24991,UGA,BEL,68471725.7062583
24992,UGA,BEN,68.5173658087972
24993,UGA,BGD,3509105.92711902
24994,UGA,BGR,1150033.8374597
24995,UGA,BHR,138779.183751086
24996,UGA,BIH,654982.851191641
24997,UGA,BLR,433509.37347226
24998,UGA,BMU,209.663139374919
24999,UGA,BRA,154598.473169021
25000,UGA,BRB,1281.9599142826
25001,UGA,BWA,642791.556293282
25002,UGA,CAF,380602.319115681
25003,UGA,CAN,1531704.34230834
25004,UGA,CHE,59291193.4893228
25005,UGA,CHL,8434.02866471201
25006,UGA,CHN,13774242.0082087
25007,UGA,CIV,110491.789276924
25008,UGA,CMR,554.305489393169
25009,UGA,COD,107302171.604488
25010,UGA,COG,5663755.77071413
25011,UGA,COL,68.5173658087972
25012,UGA,CRI,8564.67072609965
25013,UGA,CUB,6772.9416101996
25014,UGA,CYP,200883.32412018
25015,UGA,CZE,1244526.13664662
25016,UGA,DEU,64783789.1803088
25017,UGA,DJI,24916.3400763691
25018,UGA,DNK,5099684.50117223
25019,UGA,DOM,7525.28284198994
25020,UGA,DZA,6282641.61807672
25021,UGA,EGY,3259496.03431138
25022,UGA,ERI,152503.212122588
25023,UGA,ESP,32676335.9772112
25024,UGA,EST,1575945.83411767
25025,UGA,ETH,1668202.58295166
25026,UGA,FIN,1803686.766581
25027,UGA,FRA,32360336.6562581
25028,UGA,FRO,3661.56802882212
25029,UGA,FSM,206.237271084479
25030,UGA,GAB,335.735092463106
25031,UGA,GBR,35919397.224441
25032,UGA,GEO,7473.8742624236
25033,UGA,GHA,368858.442616053
25034,UGA,GMB,28718.3687050992
25035,UGA,GRC,2684303.46994393
25036,UGA,HKG,11092131.7791443
25037,UGA,HRV,234262.244047594
25038,UGA,HUN,742043.071709273
25039,UGA,IDN,3831062.17731797
25040,UGA,IND,13465638.4222586
25041,UGA,IRL,83384.8900907135
25042,UGA,IRN,25336.351528777
25043,UGA,ISL,20773.7801395692
25044,UGA,ISR,5450556.45008982
25045,UGA,ITA,52485858.4328203
25046,UGA,JAM,42151.1982719139
25047,UGA,JOR,569995.966163384
25048,UGA,JPN,4598460.78541845
25049,UGA,KAZ,10853.8359177716
25050,UGA,KEN,119202275.23507
25051,UGA,KOR,3033728.33209563
25052,UGA,KWT,1038.03809200328
25053,UGA,LBN,576483.190358161
25054,UGA,LBR,24168.130441737
25055,UGA,LBY,42917.9075953144
25056,UGA,LKA,91351.4631382369
25057,UGA,LSO,14914.1750156009
25058,UGA,LTU,10762.0226475878
25059,UGA,LUX,426766.579503016
25060,UGA,MAC,16373.3927810991
25061,UGA,MAR,2551431.59447724
25062,UGA,MDA,203.496576452128
25063,UGA,MDG,864.874838568362
25064,UGA,MEX,446397.489980894
25065,UGA,MKD,352805.104728252
25066,UGA,MLI,7488.94808290153
25067,UGA,MLT,186251.440651711
25068,UGA,MNE,896.892318437155
25069,UGA,MOZ,79054.6514965321
25070,UGA,MUS,306535.046676371
25071,UGA,MWI,264107.204058615
25072,UGA,MYS,3493412.02448051
25073,UGA,NAM,28776.6084660367
25074,UGA,NER,1358.69936398845
25075,UGA,NGA,292296.452887645
25076,UGA,NIC,29777.6471805032
25077,UGA,NLD,59536271.1995633
25078,UGA,NOR,1036642.32748508
25079,UGA,NPL,6851.73658087972
25080,UGA,NZL,95134.3069045406
25081,UGA,OMN,96545.7646402018
25082,UGA,PAK,8829234.77517618
25083,UGA,PER,63046.9393226228
25084,UGA,PHL,7945.27373918812
25085,UGA,POL,10693512.8186892
25086,UGA,PRK,277975.638259948
25087,UGA,PRT,15020550.9667137
25088,UGA,PRY,20240.0298599187
25089,UGA,PYF,908.54027062465
25090,UGA,ROU,3626070.10658102
25091,UGA,RUS,9698505.68793483
25092,UGA,RWA,98013355.2278019
25093,UGA,SAU,154771.13693086
25094,UGA,SDN,126516976.11981
25095,UGA,SEN,145918.693268363
25096,UGA,SGP,16088362.5948555
25097,UGA,SLE,167842.194806204
25098,UGA,SLV,44058.9683985478
25099,UGA,SOM,162876.056132382
25100,UGA,SRB,3631101.09694158
25101,UGA,SUR,507.028506985099
25102,UGA,SVK,19358.8965356176
25103,UGA,SVN,902300.394120443
25104,UGA,SWE,1459704.23879549
25105,UGA,SWZ,499627.261130433
25106,UGA,SYC,28084.9537503169
25107,UGA,SYR,1485107.73734276
25108,UGA,TCD,12812.7474062451
25109,UGA,THA,1216771.80727845
25110,UGA,TTO,11924.077171705
25111,UGA,TUN,734750.083292585
25112,UGA,TUR,7672402.64468093
25113,UGA,TZA,23133193.4457103
25114,UGA,UKR,4498046.53030469
25115,UGA,USA,25469400.6052255
25116,UGA,VCT,2515.95767249903
25117,UGA,VEN,1651.26851599201
25118,UGA,VNM,4512565.36011957
25119,UGA,YEM,4736.60549836215
25120,UGA,ZAF,15775042.2734431
25121,UGA,ZMB,41201.2186984481
25122,UGA,ZWE,617087.38984137
25123,UKR,ABW,143503.456123603
25124,UKR,AFG,20215225.2031486
25125,UKR,AGO,6167364.57597171
25126,UKR,ALB,52309544.5570013
25127,UKR,AND,39971.0147467765
25128,UKR,ARE,407221382.879417
25129,UKR,ARG,13725595.3636581
25130,UKR,ARM,138829039.04197
25131,UKR,ATG,3412.84999093619
25132,UKR,AUS,21402824.3715866
25133,UKR,AUT,379467139.157955
25134,UKR,AZE,374097074.168522
25135,UKR,BDI,695312.172706699
25136,UKR,BEL,236225945.585111
25137,UKR,BEN,9648926.52203559
25138,UKR,BFA,11086291.3753269
25139,UKR,BGD,315700383.111917
25140,UKR,BGR,343668382.515014
25141,UKR,BHR,1419276.25227366
25142,UKR,BHS,6268.65379784685
25143,UKR,BIH,29786923.7466601
25144,UKR,BLR,883902659.192392
25145,UKR,BLZ,3103598.2307055
25146,UKR,BMU,33343.9760708511
25147,UKR,BOL,326990.221064929
25148,UKR,BRA,119813808.483908
25149,UKR,BRB,100325.867711873
25150,UKR,BRN,283430.305751987
25151,UKR,BWA,96664.2996830511
25152,UKR,CAF,854908.302537814
25153,UKR,CAN,57042918.0912183
25154,UKR,CHE,310488141.708063
25155,UKR,CHL,24707343.9699945
25156,UKR,CHN,1488567459.37847
25157,UKR,CIV,19636716.3777208
25158,UKR,CMR,12086394.1261324
25159,UKR,COD,1489072.83730211
25160,UKR,COG,4934019.78825143
25161,UKR,COK,533.75027965053
25162,UKR,COL,28307850.3337241
25163,UKR,COM,64581.0431430818
25164,UKR,CPV,228523.229487449
25165,UKR,CRI,975367.998192603
25166,UKR,CUB,9334007.0053052
25167,UKR,CYM,884.559192591571
25168,UKR,CYP,89614892.5573339
25169,UKR,CZE,407476867.69235
25170,UKR,DEU,1191421991.15545
25171,UKR,DJI,28359152.0261998
25172,UKR,DMA,9993.25780321307
25173,UKR,DNK,113041391.031557
25174,UKR,DOM,8289997.48235556
25175,UKR,DZA,199551040.941406
25176,UKR,ECU,27485223.3029135
25177,UKR,EGY,952350552.527967
25178,UKR,ESP,556781101.696701
25179,UKR,EST,64029538.3215712
25180,UKR,ETH,65969241.2776091
25181,UKR,FIN,39449251.5802742
25182,UKR,FJI,14543.4960665753
25183,UKR,FRA,424283878.789533
25184,UKR,FRO,648128.373916129
25185,UKR,FSM,68058.2994578782
25186,UKR,GAB,438008.908884923
25187,UKR,GBR,237262039.839446
25188,UKR,GEO,282154963.244894
25189,UKR,GHA,39657936.9768391
25190,UKR,GIB,3942742.74289168
25191,UKR,GIN,4043068.61060356
25192,UKR,GMB,784555.356499
25193,UKR,GNQ,16517294.3231181
25194,UKR,GRC,194809600.857712
25195,UKR,GRD,18324.9694855628
25196,UKR,GRL,36850.7428151014
25197,UKR,GTM,2243643.62417586
25198,UKR,GUY,655727.634957983
25199,UKR,HKG,58039520.3062487
25200,UKR,HND,2800704.19684821
25201,UKR,HRV,23606342.8559975
25202,UKR,HTI,859814.145929724
25203,UKR,HUN,500327797.752282
25204,UKR,IDN,287069942.742361
25205,UKR,IND,1020917463.90449
25206,UKR,IRL,4606375.59085541
25207,UKR,IRN,517868048.124842
25208,UKR,IRQ,162052501.376438
25209,UKR,ISL,2141099.1641591
25210,UKR,ISR,269682410.726452
25211,UKR,ITA,1033629961.02727
25212,UKR,JAM,1199.73907531204
25213,UKR,JOR,325036817.00232
25214,UKR,JPN,143921668.309985
25215,UKR,KAZ,1460483943.80766
25216,UKR,KEN,90805955.9637873
25217,UKR,KGZ,58774077.1705697
25218,UKR,KHM,638508.535756574
25219,UKR,KNA,826374.245546741
25220,UKR,KOR,543308696.102679
25221,UKR,KWT,15217839.8698235
25222,UKR,LAO,9137360.79508663
25223,UKR,LBN,475578440.662952
25224,UKR,LBR,649711.810239971
25225,UKR,LBY,134175147.022438
25226,UKR,LCA,6557.11190790189
25227,UKR,LKA,17012965.3915467
25228,UKR,LTU,132581424.186468
25229,UKR,LUX,1671905.94657362
25230,UKR,LVA,121986336.563763
25231,UKR,MAC,57911.6161987988
25232,UKR,MAR,180075476.894872
25233,UKR,MDA,475199046.990169
25234,UKR,MDG,512246.45108931
25235,UKR,MDV,41097.4011857746
25236,UKR,MEX,101794318.192414
25237,UKR,MHL,86368.1951229631
25238,UKR,MKD,57872640.835246
25239,UKR,MLI,10296967.8788971
25240,UKR,MLT,21520942.8288517
25241,UKR,MMR,10163816.7115736
25242,UKR,MNE,2643724.74521733
25243,UKR,MNG,19573220.9113884
25244,UKR,MOZ,959358.230497719
25245,UKR,MRT,9378672.10572864
25246,UKR,MSR,11.6479521874955
25247,UKR,MUS,93454.946268567
25248,UKR,MWI,516077.566025
25249,UKR,MYS,93115082.3196402
25250,UKR,NAM,7102680.74798078
25251,UKR,NCL,298626.087141062
25252,UKR,NER,3815844.47037184
25253,UKR,NGA,132693598.077076
25254,UKR,NIC,1949392.37084169
25255,UKR,NLD,407587460.887329
25256,UKR,NOR,115816294.921126
25257,UKR,NPL,17956105.5615575
25258,UKR,NZL,2672587.00039063
25259,UKR,OMN,18236699.248365
25260,UKR,PAK,166328006.928465
25261,UKR,PAN,23900723.6071531
25262,UKR,PER,6263506.7733273
25263,UKR,PHL,144124061.756847
25264,UKR,POL,827709094.700865
25265,UKR,PRK,2501243.56819159
25266,UKR,PRT,58348098.5407735
25267,UKR,PRY,36589.6436892139
25268,UKR,PSE,4318958.19312517
25269,UKR,PYF,193194.305329117
25270,UKR,QAT,7991998.47162777
25271,UKR,ROU,223258872.603513
25272,UKR,RUS,6249468935.42039
25273,UKR,RWA,714863.60304024
25274,UKR,SAU,481140521.459022
25275,UKR,SDN,47280107.4851246
25276,UKR,SEN,38536941.4841828
25277,UKR,SGP,342149434.735872
25278,UKR,SLE,460512.752511165
25279,UKR,SLV,1608679.49175258
25280,UKR,SMR,1952636.66811274
25281,UKR,SOM,8741674.37788814
25282,UKR,SRB,175964078.222327
25283,UKR,SUR,115492.18663365
25284,UKR,SVK,297158880.25071
25285,UKR,SVN,17213229.31868
25286,UKR,SWE,55594073.1697298
25287,UKR,SWZ,178939.866214374
25288,UKR,SYC,260319.96969951
25289,UKR,SYR,1114954752.28336
25290,UKR,TCA,67092.8897736323
25291,UKR,TCD,30162929.2357037
25292,UKR,TGO,3939534.07465086
25293,UKR,THA,227908309.425219
25294,UKR,TJK,55076355.2685049
25295,UKR,TKM,222797998.565784
25296,UKR,TTO,1406114.75147545
25297,UKR,TUN,224346410.182571
25298,UKR,TUR,2162859688.92028
25299,UKR,TZA,16898550.2979036
25300,UKR,UGA,20253459.2636172
25301,UKR,URY,5469463.13201109
25302,UKR,USA,352072011.394864
25303,UKR,UZB,278298583.215736
25304,UKR,VCT,759615.720518256
25305,UKR,VEN,6046845.95538232
25306,UKR,VGB,259356708.034682
25307,UKR,VNM,229308125.375256
25308,UKR,YEM,11320404.9202466
25309,UKR,ZAF,20958423.4776454
25310,UKR,ZMB,422807.646106584
25311,UKR,ZWE,294116.109681849
25312,URY,ABW,1443560.17706362
25313,URY,AFG,52587.7634319099
25314,URY,AGO,8238491.75064589
25315,URY,ALB,494262.351387604
25316,URY,AND,12070.2137501966
25317,URY,ARE,5288518.36134127
25318,URY,ARG,238618817.976497
25319,URY,ARM,96673.2069406062
25320,URY,ATG,505525.235979254
25321,URY,AUS,10327345.0530285
25322,URY,AUT,5672264.25720026
25323,URY,AZE,663317.988742282
25324,URY,BEL,23014807.0855448
25325,URY,BEN,1339674.14702432
25326,URY,BFA,97044.558730164
25327,URY,BGD,710230.458764249
25328,URY,BGR,2322089.15629036
25329,URY,BHR,267809.716694897
25330,URY,BHS,1574700.35970068
25331,URY,BIH,95548.1517940257
25332,URY,BLR,554099.937295743
25333,URY,BLZ,146834.112682515
25334,URY,BMU,127283.340115686
25335,URY,BOL,12725613.872146
25336,URY,BRA,887173559.015887
25337,URY,BRB,1369759.4371773
25338,URY,BRN,241486.029924815
25339,URY,BWA,75855.5756869193
25340,URY,CAN,32855609.6387914
25341,URY,CHE,81872038.9580038
25342,URY,CHL,70281036.3131334
25343,URY,CHN,502754562.258666
25344,URY,CIV,10141131.296928
25345,URY,CMR,6312552.18894689
25346,URY,COG,7569368.28549863
25347,URY,COL,31135658.630139
25348,URY,COM,88842.3572023188
25349,URY,CPV,7206220.08014908
25350,URY,CRI,7617829.93316154
25351,URY,CUB,20540707.3569921
25352,URY,CYM,26931.4358048058
25353,URY,CYP,865520.957327939
25354,URY,CZE,7554112.8940013
25355,URY,DEU,232127142.583254
25356,URY,DMA,12004.2424897013
25357,URY,DNK,6856548.55548047
25358,URY,DOM,14495398.4249552
25359,URY,DZA,18365419.3976417
25360,URY,ECU,34689194.6431167
25361,URY,EGY,34968359.0576734
25362,URY,ESP,139077415.875707
25363,URY,EST,921434.402958003
25364,URY,ETH,99242.6341950351
25365,URY,FIN,10075559.4926753
25366,URY,FJI,4447.46221464902
25367,URY,FRA,37517563.4115839
25368,URY,FRO,780294.261519351
25369,URY,GAB,2446332.38088511
25370,URY,GBR,153914272.457528
25371,URY,GEO,917447.528179794
25372,URY,GHA,1416518.42829986
25373,URY,GIN,202766.181332606
25374,URY,GMB,1477986.72751425
25375,URY,GNB,2027435.02084523
25376,URY,GNQ,1061275.07144367
25377,URY,GRC,4384562.58766289
25378,URY,GRD,41451.6359670061
25379,URY,GRL,170450.726291647
25380,URY,GTM,42070672.5525735
25381,URY,GUY,1625799.24077357
25382,URY,HKG,54918360.3895128
25383,URY,HND,20777138.8608412
25384,URY,HRV,4766462.62568699
25385,URY,HTI,2547951.85646345
25386,URY,HUN,548824.100128465
25387,URY,IDN,3481254.98826506
25388,URY,IND,11157843.3588232
25389,URY,IRL,7028666.23391314
25390,URY,IRN,17388571.4243476
25391,URY,IRQ,83719556.9974436
25392,URY,ISL,102447.850530972
25393,URY,ISR,41271629.1990742
25394,URY,ITA,96138627.6871613
25395,URY,JAM,6901822.09011229
25396,URY,JOR,15563673.0516595
25397,URY,JPN,50191615.2252641
25398,URY,KAZ,258244.007254331
25399,URY,KEN,814158.28439669
25400,URY,KHM,127308.691541036
25401,URY,KNA,295.309846635916
25402,URY,KOR,30655774.6479664
25403,URY,KWT,2576265.28753662
25404,URY,LBN,39800054.3266524
25405,URY,LBR,540637.64526163
25406,URY,LBY,2093398.05925668
25407,URY,LCA,53821.7611901264
25408,URY,LKA,13977.5426249946
25409,URY,LTU,496351.445871114
25410,URY,LUX,186886.596632759
25411,URY,LVA,53750.5846653505
25412,URY,MAC,511643.517455055
25413,URY,MAR,13285933.3712322
25414,URY,MDA,533737.261351026
25415,URY,MDG,842324.760108847
25416,URY,MEX,179125409.870637
25417,URY,MKD,733304.264097971
25418,URY,MLI,135321.797472374
25419,URY,MLT,228594.48754789
25420,URY,MMR,77399.9571122496
25421,URY,MNE,253773.249135307
25422,URY,MOZ,2043355.71596456
25423,URY,MRT,361697.007541717
25424,URY,MSR,11286.8656696832
25425,URY,MUS,50861.1258135282
25426,URY,MYS,15779735.713001
25427,URY,NAM,811643.01189785
25428,URY,NCL,10874.3911275142
25429,URY,NER,1936685.1401788
25430,URY,NGA,27694674.723628
25431,URY,NIC,8508669.42750314
25432,URY,NLD,108117960.602191
25433,URY,NOR,32827593.7135464
25434,URY,NZL,2060242.5059418
25435,URY,OMN,3805424.34937964
25436,URY,PAK,10433769.651471
25437,URY,PAN,22040188.6673342
25438,URY,PER,56538225.3412336
25439,URY,PHL,34243383.6617871
25440,URY,POL,15646246.0698903
25441,URY,PRK,385021.689210348
25442,URY,PRT,15068204.10946
25443,URY,PRY,58905291.3519618
25444,URY,PSE,130653.592175126
25445,URY,PYF,3212341.45680698
25446,URY,QAT,853267.996800352
25447,URY,ROU,1857467.37624122
25448,URY,RUS,205398558.916872
25449,URY,SAU,7953184.7542444
25450,URY,SDN,869485.372113636
25451,URY,SEN,15112867.8395362
25452,URY,SGP,14020547.5496445
25453,URY,SHN,847735.219511291
25454,URY,SLE,687057.200474056
25455,URY,SLV,22309292.9853974
25456,URY,SRB,275672.084421456
25457,URY,SUR,136054.933286529
25458,URY,SVK,442187.097851944
25459,URY,SVN,894274.269889601
25460,URY,SWE,28499157.6707989
25461,URY,SWZ,162871.947831128
25462,URY,SYC,166272.507862159
25463,URY,SYR,14921261.0815728
25464,URY,TCA,2093.20552545875
25465,URY,TGO,821930.89437404
25466,URY,THA,26884125.9340622
25467,URY,TON,21163.6439510213
25468,URY,TTO,5776558.65073978
25469,URY,TUN,3756946.9427226
25470,URY,TUR,27546254.461334
25471,URY,TZA,41346.8043973187
25472,URY,UGA,910595.791598914
25473,URY,UKR,1486536.32441987
25474,URY,USA,174284106.41145
25475,URY,VCT,53011.8859262664
25476,URY,VEN,203436170.857257
25477,URY,VNM,20904078.2437805
25478,URY,YEM,33236216.068949
25479,URY,ZAF,20541102.0170191
25480,URY,ZMB,305090.945897291
25481,URY,ZWE,192665.173119922
25482,USA,ABW,371901788.730787
25483,USA,AFG,1035612693.73317
25484,USA,AGO,1334513202.51672
25485,USA,AIA,36269301.7081534
25486,USA,ALB,45624906.7575088
25487,USA,AND,6458694.93400145
25488,USA,ARE,8295110690.8144
25489,USA,ARG,3809371402.55001
25490,USA,ARM,71594635.556517
25491,USA,ATG,150155550.915031
25492,USA,AUS,13427347025.7731
25493,USA,AUT,2443281899.3719
25494,USA,AZE,181045969.448772
25495,USA,BDI,6401180.77196789
25496,USA,BEL,14820104364.0611
25497,USA,BEN,272930018.071441
25498,USA,BFA,97282659.931645
25499,USA,BGD,321079976.126239
25500,USA,BGR,301026240.872913
25501,USA,BHR,458105216.033148
25502,USA,BHS,1682315977.01336
25503,USA,BIH,150757443.770499
25504,USA,BLR,295791797.787015
25505,USA,BLZ,173200014.372019
25506,USA,BMU,553201071.67717
25507,USA,BOL,430673700.067424
25508,USA,BRA,17934642761.1949
25509,USA,BRB,364925168.287942
25510,USA,BRN,213354659.085031
25511,USA,BTN,1878951.03740099
25512,USA,BWA,70192844.2508241
25513,USA,CAF,22582072.6434799
25514,USA,CAN,140269318135.474
25515,USA,CHE,11976026524.581
25516,USA,CHL,6416879164.54937
25517,USA,CHN,53275746861.7829
25518,USA,CIV,156309991.785204
25519,USA,CMR,105271289.474969
25520,USA,COD,54715267.3803452
25521,USA,COG,189843881.510169
25522,USA,COK,1345465.91995614
25523,USA,COL,6513117713.76546
25524,USA,COM,1323340.29218916
25525,USA,CPV,8532647.07966793
25526,USA,CRI,3634912708.40909
25527,USA,CUB,365454331.329952
25528,USA,CYM,441027071.441855
25529,USA,CYP,110155438.898516
25530,USA,CZE,1508934482.06487
25531,USA,DEU,38223802989.8487
25532,USA,DJI,134768107.9541
25533,USA,DMA,58329276.1352122
25534,USA,DNK,1888880221.18956
25535,USA,DOM,3774541218.25083
25536,USA,DZA,1379753750.14795
25537,USA,ECU,2714907790.79087
25538,USA,EGY,3602359129.48535
25539,USA,ERI,4614697.34559416
25540,USA,ESP,8094738444.85707
25541,USA,EST,150196745.069589
25542,USA,ETH,324866519.684354
25543,USA,FIN,1433917119.73914
25544,USA,FJI,43471554.6328221
25545,USA,FRA,23791056460.6879
25546,USA,FRO,6939299.71886239
25547,USA,FSM,53333577.0142597
25548,USA,GAB,122227104.531694
25549,USA,GBR,35789843798.4793
25550,USA,GEO,249271401.946721
25551,USA,GHA,434576656.146338
25552,USA,GIB,1068791009.20214
25553,USA,GIN,64995222.3973121
25554,USA,GMB,23056582.1234785
25555,USA,GNB,1065777.34755097
25556,USA,GNQ,209567245.895602
25557,USA,GRC,1696304639.32165
25558,USA,GRD,61597522.2811299
25559,USA,GRL,11588907.8134279
25560,USA,GTM,2860198897.87676
25561,USA,GUY,234424453.429757
25562,USA,HKG,14468898667.7398
25563,USA,HND,2318649846.26309
25564,USA,HRV,371867754.784843
25565,USA,HTI,542440122.696705
25566,USA,HUN,1043522221.96261
25567,USA,IDN,4860878081.96297
25568,USA,IND,11279628250.9057
25569,USA,IRL,8585997256.85923
25570,USA,IRN,193091969.161892
25571,USA,IRQ,1216076029.87283
25572,USA,ISL,239492732.311137
25573,USA,ISR,6555609124.05451
25574,USA,ITA,9054791907.72053
25575,USA,JAM,1276400279.55648
25576,USA,JOR,817690365.566913
25577,USA,JPN,41514746341.0763
25578,USA,KAZ,954862929.458262
25579,USA,KEN,448361608.103996
25580,USA,KGZ,51050120.0043333
25581,USA,KHM,87170383.423553
25582,USA,KIR,3085302.72368723
25583,USA,KNA,133922596.123109
25584,USA,KOR,19979874383.9703
25585,USA,KWT,1337288462.10461
25586,USA,LAO,14009832.8039793
25587,USA,LBN,1212828095.01483
25588,USA,LBR,65077905.7285018
25589,USA,LBY,456364522.077171
25590,USA,LCA,168911855.718049
25591,USA,LKA,181286979.968178
25592,USA,LSO,11394739.4104125
25593,USA,LTU,279571181.602328
25594,USA,LUX,885324341.774552
25595,USA,LVA,197828619.881716
25596,USA,MAC,191594219.954799
25597,USA,MAR,1557995186.38294
25598,USA,MDA,30820960.4245001
25599,USA,MDG,113648770.072505
25600,USA,MDV,16662078.3688086
25601,USA,MEX,88385800869.9871
25602,USA,MHL,53169315.5369906
25603,USA,MKD,76255508.6048986
25604,USA,MLI,25217578.7306684
25605,USA,MLT,132139189.811634
25606,USA,MMR,4775800.85747307
25607,USA,MNE,25250958.3357695
25608,USA,MNG,27737750.9063384
25609,USA,MOZ,130067579.589531
25610,USA,MRT,38561827.6766182
25611,USA,MSR,13890113.0958753
25612,USA,MUS,55751155.3974094
25613,USA,MWI,41438282.4284757
25614,USA,MYS,9479704023.65478
25615,USA,NAM,138620842.859397
25616,USA,NCL,72562175.4456659
25617,USA,NER,54255709.0747398
25618,USA,NGA,2506370402.01379
25619,USA,NIC,489928879.45893
25620,USA,NIU,828794.278907108
25621,USA,NLD,22163130819.7806
25622,USA,NOR,2795954868.37389
25623,USA,NPL,33697605.8437425
25624,USA,NRU,2526381.21935952
25625,USA,NZL,1891694996.11265
25626,USA,OMN,788992937.824325
25627,USA,PAK,1233529543.42684
25628,USA,PAN,2985784960.75049
25629,USA,PER,3374604980.70733
25630,USA,PHL,3955404103.23369
25631,USA,PLW,24129648.3484042
25632,USA,PNG,149159143.289319
25633,USA,POL,2357903313.58161
25634,USA,PRK,618602.185468144
25635,USA,PRT,826029197.573917
25636,USA,PRY,926757223.168189
25637,USA,PSE,27650885.2045668
25638,USA,PYF,120921051.856072
25639,USA,QAT,1863797910.12765
25640,USA,ROU,484900723.56587
25641,USA,RUS,6306178852.94721
25642,USA,RWA,29696924.8163229
25643,USA,SAU,9222690833.58255
25644,USA,SDN,190894839.821122
25645,USA,SEN,120552836.106348
25646,USA,SGP,20018245277.7295
25647,USA,SHN,1986685.68787777
25648,USA,SLB,21322925.3901837
25649,USA,SLE,29143445.6463614
25650,USA,SLV,1618297493.57136
25651,USA,SMR,5566916.06657461
25652,USA,SOM,2808847.48577458
25653,USA,SPM,147521.314454631
25654,USA,SRB,245379971.17391
25655,USA,STP,2753116.14559936
25656,USA,SUR,266289226.589851
25657,USA,SVK,439769944.276462
25658,USA,SVN,490717982.312998
25659,USA,SWE,3126850457.31531
25660,USA,SWZ,9986251.90255912
25661,USA,SYC,29480153.2743148
25662,USA,SYR,322636933.22889
25663,USA,TCA,252893384.75262
25664,USA,TCD,42959536.6912588
25665,USA,TGO,85567474.4643488
25666,USA,THA,5780955405.99269
25667,USA,TJK,28228611.3705136
25668,USA,TKL,8898361.94554068
25669,USA,TKM,212538317.83736
25670,USA,TLS,1610233.46560912
25671,USA,TON,12826274.104603
25672,USA,TTO,1479505035.34119
25673,USA,TUN,524049484.11223
25674,USA,TUR,5875975370.432
25675,USA,TUV,103998.398519225
25676,USA,TZA,108342618.767073
25677,USA,UGA,81591769.3871139
25678,USA,UKR,883421528.194161
25679,USA,URY,510056151.660285
25680,USA,UZB,66746749.6339974
25681,USA,VAT,5037176.10834486
25682,USA,VCT,79968381.9576168
25683,USA,VEN,7225436213.21613
25684,USA,VGB,159649639.838291
25685,USA,VNM,2129236003.72182
25686,USA,VUT,3793383.1075124
25687,USA,WLF,366908.438385135
25688,USA,WSM,20920317.5446508
25689,USA,YEM,402985866.117598
25690,USA,ZAF,3391179585.01073
25691,USA,ZMB,40300344.1507102
25692,USA,ZWE,185271212.764724
25693,UZB,AFG,600121674.710459
25694,UZB,AND,86.8354835577791
25695,UZB,ARE,3772458.58916805
25696,UZB,ARM,2196674.96991393
25697,UZB,AUS,105392.041739776
25698,UZB,AUT,1797720.27436637
25699,UZB,AZE,8472730.01361545
25700,UZB,BEL,13422406.0199542
25701,UZB,BGD,203314544.310862
25702,UZB,BGR,3396201.64139197
25703,UZB,BIH,562184.986461181
25704,UZB,BLR,15788388.0859553
25705,UZB,BOL,1649.21299501775
25706,UZB,BRA,1549759.35337262
25707,UZB,BRB,1878.74617047722
25708,UZB,CAN,7147066.29755172
25709,UZB,CHE,1857270383.17006
25710,UZB,CHL,4994.47060458356
25711,UZB,CHN,239412505.327511
25712,UZB,COL,121.960911139659
25713,UZB,CRI,34.2586829043986
25714,UZB,CZE,6700424.88574854
25715,UZB,DEU,27336981.7777606
25716,UZB,DNK,100664.343498969
25717,UZB,DOM,20635.6011679426
25718,UZB,EGY,8377282.3240387
25719,UZB,ESP,2154454.31695865
25720,UZB,EST,2605942.02234076
25721,UZB,FIN,635168.314173395
25722,UZB,FRA,134004203.731656
25723,UZB,FRO,406.993152904255
25724,UZB,GBR,35655299.7786256
25725,UZB,GEO,2407424.79471058
25726,UZB,GRC,30308857.5214032
25727,UZB,GTM,37472.8325344893
25728,UZB,HKG,255837.677367126
25729,UZB,HRV,66535.1584159487
25730,UZB,HUN,5486870.65396848
25731,UZB,IDN,295923.077059905
25732,UZB,IND,18719667.1971727
25733,UZB,IRL,139247.500631563
25734,UZB,ISR,426178.015330718
25735,UZB,ITA,17438769.538445
25736,UZB,JOR,6294.6903968542
25737,UZB,JPN,72022842.3710493
25738,UZB,KAZ,208576457.37906
25739,UZB,KGZ,78399514.4812674
25740,UZB,KOR,32483785.7645831
25741,UZB,LBN,66398.1236843311
25742,UZB,LKA,101472.163241854
25743,UZB,LTU,3554014.26419108
25744,UZB,LUX,1534.78899411706
25745,UZB,LVA,2534664.41458032
25746,UZB,MAR,212639.248713412
25747,UZB,MDA,876316.553484773
25748,UZB,MEX,149485.022158711
25749,UZB,MKD,162343.676200048
25750,UZB,MYS,812389.851185165
25751,UZB,NLD,2172375.28612984
25752,UZB,NOR,212616.119306236
25753,UZB,NZL,22237.3110732451
25754,UZB,PAK,709328.085056547
25755,UZB,PER,1959.5966621316
25756,UZB,POL,19960640.0232284
25757,UZB,PRT,9058645.30455085
25758,UZB,ROU,537128.788737723
25759,UZB,RUS,579892757.682101
25760,UZB,SAU,1263567.79777854
25761,UZB,SDN,229582.26952242
25762,UZB,SRB,2536969.89307162
25763,UZB,SVK,2004809.21630785
25764,UZB,SVN,384503.012751176
25765,UZB,SWE,15974.138664663
25766,UZB,SYC,2514.80384005881
25767,UZB,SYR,883366.30525284
25768,UZB,THA,756602.326769985
25769,UZB,TUN,58805.0292054002
25770,UZB,TUR,283030737.140841
25771,UZB,UKR,1124213127.07959
25772,UZB,USA,61565855.610174
25773,UZB,VCT,3123.02153356498
25774,UZB,VEN,4939.41690115619
25775,UZB,VNM,4159568.00251459
25776,UZB,YEM,2056.206147922
25777,UZB,ZAF,318736.619179602
25778,VAT,AGO,12940.8748803075
25779,VAT,AUT,31655.0230036643
25780,VAT,BEL,1849.28370317944
25781,VAT,BGD,5789.03223718527
25782,VAT,BGR,381.641727555
25783,VAT,BMU,650914.975183573
25784,VAT,BRB,5375.18734770014
25785,VAT,CHE,3926.01217250849
25786,VAT,CIV,542.286858256648
25787,VAT,CZE,17587.0374558021
25788,VAT,DEU,1409680.85905471
25789,VAT,DNK,552.249968418905
25790,VAT,DOM,1327.05804445795
25791,VAT,ECU,43478.3796476303
25792,VAT,ESP,46598.5145445738
25793,VAT,ETH,33412.519473259
25794,VAT,FRA,2853.06311227831
25795,VAT,FRO,410.419021194695
25796,VAT,GBR,1516455.11737394
25797,VAT,HKG,21582.9702297711
25798,VAT,HRV,4903.78787093561
25799,VAT,IDN,11416.3634910618
25800,VAT,IRL,5950.94425398073
25801,VAT,ITA,60740.3392020472
25802,VAT,KHM,22925.9105996235
25803,VAT,KOR,6806767.94852575
25804,VAT,LBN,311.068840771939
25805,VAT,LUX,1415.56877760975
25806,VAT,MEX,27929.73382464
25807,VAT,MOZ,324890.848976548
25808,VAT,MYS,15136.1712808214
25809,VAT,NLD,36317.6297469529
25810,VAT,PAK,20988.2394945507
25811,VAT,POL,700.932652223995
25812,VAT,RUS,370.678949025593
25813,VAT,SDN,25577.9650010022
25814,VAT,SRB,3.42586829043986
25815,VAT,SYC,432581.06799712
25816,VAT,THA,56478.1794625334
25817,VAT,TTO,36743.1225886256
25818,VAT,TUR,304.217104191059
25819,VAT,UKR,3593.05066301332
25820,VAT,USA,129870.555848627
25821,VAT,VCT,580.342088400512
25822,VAT,ZAF,75120.384351791
25823,VCT,AGO,720153.828854337
25824,VCT,AIA,125872.567553683
25825,VCT,ATG,2647582.27291236
25826,VCT,AUS,1590.97323408027
25827,VCT,AUT,1569.73285067954
25828,VCT,BEL,1643.73160575304
25829,VCT,BGR,4367.29689665273
25830,VCT,BHS,58839.2878883046
25831,VCT,BMU,150.738204779354
25832,VCT,BRA,14428.3868920165
25833,VCT,BRB,3196470.77936469
25834,VCT,CAN,131699.284342063
25835,VCT,CHE,522963.073445139
25836,VCT,CHN,71164.8768236491
25837,VCT,CMR,24175959.2359543
25838,VCT,COL,247861.570813324
25839,VCT,CPV,16894.3268874751
25840,VCT,CRI,221.996265220503
25841,VCT,CZE,16725.7741675855
25842,VCT,DEU,133666.615929621
25843,VCT,DMA,1601624.25859525
25844,VCT,DNK,4972814.32077237
25845,VCT,DOM,197631.489938895
25846,VCT,ESP,919790.249970451
25847,VCT,FRA,1164013.43560567
25848,VCT,GBR,5004330.25352344
25849,VCT,GRC,70053386.0599778
25850,VCT,GRD,4239411.97406524
25851,VCT,GUY,399252.060915177
25852,VCT,HRV,144073.520607132
25853,VCT,IND,5013001.12616655
25854,VCT,IRL,61905.2988624747
25855,VCT,ISR,1370.34731617594
25856,VCT,ITA,3297054.20385464
25857,VCT,JAM,461065.002479584
25858,VCT,JPN,99274.8113203662
25859,VCT,KNA,1762079.59619361
25860,VCT,KOR,3229.9086242267
25861,VCT,LCA,8381381.29117185
25862,VCT,LUX,21006.7391833191
25863,VCT,MEX,53322.9547670383
25864,VCT,MLT,10236.4944518343
25865,VCT,MOZ,563.212746948313
25866,VCT,MSR,202305.059460713
25867,VCT,MYS,3211.40893545832
25868,VCT,NAM,25511.0708115895
25869,VCT,NIC,29470.6893816798
25870,VCT,NLD,61166.8228048294
25871,VCT,NZL,673.525705900476
25872,VCT,POL,18622058.7281888
25873,VCT,PRT,1353.21797472374
25874,VCT,SAU,3426160.1744182
25875,VCT,SDN,43588593.7175239
25876,VCT,SEN,31624.8753627084
25877,VCT,SGP,17034.1023137251
25878,VCT,SUR,433077.714067664
25879,VCT,SVK,1651.9536896501
25880,VCT,SWE,8444.08016227616
25881,VCT,SYC,1644.34346582972
25882,VCT,TCA,902555.278721252
25883,VCT,TTO,6916906.1881951
25884,VCT,TUR,2089963.96888234
25885,VCT,UKR,3793.8065448331
25886,VCT,USA,1963265.76707066
25887,VCT,VEN,23542.5668919027
25888,VCT,VGB,217610.468635082
25889,VCT,YEM,10372.1588361357
25890,VCT,ZAF,31720.7996748407
25891,VEN,ABW,10554009.4063815
25892,VEN,AGO,234911.103501803
25893,VEN,ALB,1064748.21671652
25894,VEN,AND,73096.6691387355
25895,VEN,ARE,2123527.20052378
25896,VEN,ARG,10618954.2767371
25897,VEN,ATG,691093.558493852
25898,VEN,AUS,2449902.8208174
25899,VEN,AUT,48892258.066629
25900,VEN,AZE,1020.90875055108
25901,VEN,BEL,349384700.012561
25902,VEN,BEN,202781.940326742
25903,VEN,BFA,1422259.67241509
25904,VEN,BGD,114543.906290857
25905,VEN,BGR,95126.7699943016
25906,VEN,BHR,145180.076064944
25907,VEN,BHS,33033225.8358302
25908,VEN,BIH,125925.325925356
25909,VEN,BLR,10894.2611635988
25910,VEN,BLZ,6912220.5596169
25911,VEN,BMU,60999287.567822
25912,VEN,BOL,211551941.154003
25913,VEN,BRA,443479250.409564
25914,VEN,BRB,316734.541750669
25915,VEN,BRN,38768.4959219336
25916,VEN,CAF,171.293414521993
25917,VEN,CAN,552708677.109175
25918,VEN,CHE,73003146.1211492
25919,VEN,CHL,99959735.6471859
25920,VEN,CHN,2974274006.29523
25921,VEN,CIV,87443065.980195
25922,VEN,CMR,19054.6794314265
25923,VEN,COG,62158.2690880827
25924,VEN,COL,386024164.048802
25925,VEN,CRI,99495159.742939
25926,VEN,CUB,14976419.6165699
25927,VEN,CYP,5401524.05276972
25928,VEN,CZE,841089.035027838
25929,VEN,DEU,762526169.444467
25930,VEN,DMA,11448807.8341196
25931,VEN,DNK,86784233.2533278
25932,VEN,DOM,572683892.930297
25933,VEN,DZA,1614972.12662846
25934,VEN,ECU,506531273.035556
25935,VEN,EGY,37114867.4883476
25936,VEN,ESP,949673288.035435
25937,VEN,EST,3421524.92665908
25938,VEN,ETH,170088.859361038
25939,VEN,FIN,326496.210857448
25940,VEN,FRA,224251388.92932
25941,VEN,FRO,2154.87115468667
25942,VEN,GAB,74557.1716048426
25943,VEN,GBR,424957929.338456
25944,VEN,GEO,156808.843390013
25945,VEN,GHA,2240.51786194767
25946,VEN,GNQ,13073.1133963185
25947,VEN,GRC,50624437.3695573
25948,VEN,GRD,5926144.39342623
25949,VEN,GTM,24015701.9135432
25950,VEN,GUY,55685511.6499227
25951,VEN,HKG,138312298.883555
25952,VEN,HND,30589819.8316388
25953,VEN,HRV,43486.6017315274
25954,VEN,HTI,4163054.16608695
25955,VEN,HUN,23981.078033079
25956,VEN,IDN,864967.337012204
25957,VEN,IND,1242242065.03592
25958,VEN,IRL,704629.849283038
25959,VEN,IRN,207013.572839093
25960,VEN,ISL,3885442.35503944
25961,VEN,ISR,3692983.92621911
25962,VEN,ITA,266714527.030649
25963,VEN,JAM,444297606.752964
25964,VEN,JOR,100698.602181873
25965,VEN,JPN,31915304.0322041
25966,VEN,KAZ,194521.486704833
25967,VEN,KHM,1813.65467295886
25968,VEN,KNA,509434.836872304
25969,VEN,KOR,20944090.3298918
25970,VEN,KWT,59613.534121944
25971,VEN,LBN,2105938.79272066
25972,VEN,LBY,30661.5211994367
25973,VEN,LCA,99542.7142206786
25974,VEN,LKA,28756.0532562941
25975,VEN,LTU,717132.213022169
25976,VEN,LUX,55879.3376853645
25977,VEN,MAR,96679222.3809418
25978,VEN,MDA,615.285944962999
25979,VEN,MEX,298148777.356322
25980,VEN,MKD,5469290.89990866
25981,VEN,MLT,2043.87302207642
25982,VEN,MNE,25688.5307890342
25983,VEN,MSR,540.60201623141
25984,VEN,MUS,328.883355882226
25985,VEN,MYS,48730144.6087781
25986,VEN,NCL,2234.35129902488
25987,VEN,NER,42946.6848889541
25988,VEN,NGA,1215187.68578095
25989,VEN,NIC,402729501.541688
25990,VEN,NLD,193701708.626093
25991,VEN,NOR,8306713.67094367
25992,VEN,NZL,321096.357258057
25993,VEN,OMN,131271.050805758
25994,VEN,PAK,667095.351119321
25995,VEN,PAN,45824231.3115568
25996,VEN,PER,175982993.126332
25997,VEN,PHL,7318795.48252025
25998,VEN,POL,1734939.18242308
25999,VEN,PRK,1622953.02939787
26000,VEN,PRT,117669293.729063
26001,VEN,PRY,247425541.371137
26002,VEN,PYF,2694.78799725999
26003,VEN,QAT,6807.88546676209
26004,VEN,ROU,244845.895436771
26005,VEN,RUS,4312412.43111891
26006,VEN,SAU,6400250.3061402
26007,VEN,SDN,70940.0268101427
26008,VEN,SEN,104301.2452761
26009,VEN,SGP,1650463652.77346
26010,VEN,SLV,67548949.8703125
26011,VEN,SRB,28587.5005364044
26012,VEN,STP,19047.8276948456
26013,VEN,SUR,2234325.94759953
26014,VEN,SVK,44019.6668375198
26015,VEN,SVN,63638321.6141761
26016,VEN,SWE,134705584.487452
26017,VEN,SWZ,65969.204974368
26018,VEN,SYC,31559.7838651901
26019,VEN,SYR,395313.682728488
26020,VEN,TGO,4347235.3661787
26021,VEN,THA,3243561.39453776
26022,VEN,TTO,44712846.7498026
26023,VEN,TUN,1298714.46574382
26024,VEN,TUR,82729251.528331
26025,VEN,TZA,101546.847170586
26026,VEN,UKR,152349.048049519
26027,VEN,URY,358767459.864334
26028,VEN,USA,19719480709.4552
26029,VEN,VCT,3715230.82972357
26030,VEN,VGB,15210.855209553
26031,VEN,VNM,96590.9861016356
26032,VEN,YEM,20512.0438021796
26033,VEN,ZAF,45512624.6094633
26034,VEN,ZMB,802.599404784746
26035,VGB,AGO,1482998.77282316
26036,VGB,ARM,43213.2174419503
26037,VGB,AUS,2077741.15599571
26038,VGB,AUT,20829.2792058743
26039,VGB,AZE,148873.162082038
26040,VGB,BEL,28296.3017317171
26041,VGB,BGD,443925.383422513
26042,VGB,BGR,24205.8149929319
26043,VGB,BHS,12394.1063011533
26044,VGB,BIH,9733.57698679773
26045,VGB,BLR,1096.27785294075
26046,VGB,BMU,4653.01431207542
26047,VGB,BRA,3306464.44739218
26048,VGB,BRB,10111.7928460623
26049,VGB,BWA,23.981078033079
26050,VGB,CAN,433892.385547131
26051,VGB,CHE,105706821.317323
26052,VGB,CHL,92208.3687219881
26053,VGB,CHN,137609.59231673
26054,VGB,COL,2432295.91332552
26055,VGB,CRI,255242.946631905
26056,VGB,CYP,1038.03809200328
26057,VGB,CZE,272081.089279417
26058,VGB,DEU,18417178.0228375
26059,VGB,DMA,40987.0882268225
26060,VGB,DNK,20360.6204237422
26061,VGB,DOM,127060.699787227
26062,VGB,ECU,64274.0853442584
26063,VGB,ESP,166581.602717622
26064,VGB,EST,36140.1492142984
26065,VGB,FIN,27321.2996162579
26066,VGB,FJI,22188.6637435209
26067,VGB,FRA,6164326.51597175
26068,VGB,FRO,15054.6356155089
26069,VGB,GBR,11444548.7946609
26070,VGB,GEO,308643.326022308
26071,VGB,GRC,1737798.41209828
26072,VGB,GRD,4835.9556787849
26073,VGB,GRL,2551.46337146115
26074,VGB,GTM,370093.125547927
26075,VGB,GUY,75864.4829444745
26076,VGB,HRV,206170.809239645
26077,VGB,HUN,7810294.52854479
26078,VGB,IDN,3911639.28468278
26079,VGB,IND,99781.8398273513
26080,VGB,IRL,6955.35059697675
26081,VGB,ISR,3414220.33825236
26082,VGB,ITA,2434218.94158434
26083,VGB,JAM,37496.8136125223
26084,VGB,JPN,50195.1370178667
26085,VGB,KAZ,853009.001157595
26086,VGB,KGZ,26329.1681593465
26087,VGB,KNA,35154.8900491777
26088,VGB,KOR,113503.812677879
26089,VGB,LCA,140623.671238659
26090,VGB,LKA,19598.7073159483
26091,VGB,LUX,30.8328146139587
26092,VGB,LVA,1418.21080723534
26093,VGB,MEX,298150.576622349
26094,VGB,MKD,9580.09808738602
26095,VGB,MLT,1050209.51686555
26096,VGB,MOZ,52854.2959849061
26097,VGB,MUS,16614.0908613171
26098,VGB,MYS,1283979.12105298
26099,VGB,NGA,26462.7770226736
26100,VGB,NLD,903165.08327695
26101,VGB,NZL,2964.74641854665
26102,VGB,PAK,165282.386019587
26103,VGB,PHL,154561.473791485
26104,VGB,POL,128032.234923976
26105,VGB,PRT,49379.780364742
26106,VGB,PRY,32674.5614068992
26107,VGB,PYF,318.605751010907
26108,VGB,ROU,20009.6059587037
26109,VGB,RUS,1433137.31537678
26110,VGB,SAU,1505865.75848819
26111,VGB,SDN,132429.474594661
26112,VGB,SLV,8.23578737021742
26113,VGB,SRB,62796.1657637626
26114,VGB,SVK,817987.034798086
26115,VGB,SVN,425569.581122336
26116,VGB,SWE,184019.830047319
26117,VGB,SYC,68600.4547627925
26118,VGB,THA,184747.484472208
26119,VGB,TTO,133203.240521566
26120,VGB,TUR,5964797.09499995
26121,VGB,UGA,9650618.21579741
26122,VGB,UKR,1961777.56988529
26123,VGB,URY,209646.695207125
26124,VGB,USA,4292201.17855263
26125,VGB,VCT,254313.851151538
26126,VGB,VEN,2182757.72257085
26127,VGB,ZAF,2286574.55007068
26128,VGB,ZMB,213363.761617079
26129,VGB,ZWE,126180.58051994
26130,VNM,AFG,1127053.11296743
26131,VNM,AGO,95583568.4204123
26132,VNM,ALB,3797368.07750784
26133,VNM,AND,3198253.76292402
26134,VNM,ARE,246717114.289441
26135,VNM,ARG,52151723.0269447
26136,VNM,ARM,5442723.54483055
26137,VNM,AUS,1755762878.14882
26138,VNM,AUT,201100631.742058
26139,VNM,AZE,3522124.22662269
26140,VNM,BEL,639269950.743119
26141,VNM,BEN,15874352.02862
26142,VNM,BFA,11692452.2234182
26143,VNM,BGD,40819679.0617682
26144,VNM,BGR,47732755.1292146
26145,VNM,BHR,4275008.11595023
26146,VNM,BIH,9743506.52345074
26147,VNM,BLR,22471092.3253847
26148,VNM,BLZ,178689.521574224
26149,VNM,BMU,407553.624956571
26150,VNM,BOL,2081802.1802672
26151,VNM,BRA,161054534.980655
26152,VNM,BRB,551395.556867269
26153,VNM,BRN,5268762.74925762
26154,VNM,BWA,457365.064725909
26155,VNM,CAF,348935.648159829
26156,VNM,CAN,634721830.351534
26157,VNM,CHE,1882904277.10778
26158,VNM,CHL,93850567.8135235
26159,VNM,CHN,3701978414.60301
26160,VNM,CIV,99938621.2391288
26161,VNM,CMR,45758788.3199519
26162,VNM,COD,9037440.55018035
26163,VNM,COG,20709477.2769313
26164,VNM,COL,42113658.2923609
26165,VNM,COM,227285.724325277
26166,VNM,CPV,2580404.42160513
26167,VNM,CRI,9566060.24947911
26168,VNM,CUB,164938810.484955
26169,VNM,CYP,8193202.45701994
26170,VNM,CZE,163673123.445052
26171,VNM,DEU,2226699348.49802
26172,VNM,DJI,53368.8614021302
26173,VNM,DMA,9682027.26145782
26174,VNM,DNK,149662755.520445
26175,VNM,DOM,16170806.7264398
26176,VNM,DZA,64573016.3336773
26177,VNM,ECU,34618788.9387062
26178,VNM,EGY,111456273.291558
26179,VNM,ESP,877618647.294146
26180,VNM,EST,16466949.2358451
26181,VNM,ETH,8302960.80695078
26182,VNM,FIN,91127394.9078744
26183,VNM,FJI,8864472.57123799
26184,VNM,FRA,1151180841.45925
26185,VNM,FRO,715986.602665846
26186,VNM,FSM,430894.065619338
26187,VNM,GAB,5993390.07692562
26188,VNM,GBR,1319554340.47514
26189,VNM,GEO,10400969.018111
26190,VNM,GHA,53098576.1530086
26191,VNM,GIN,21996591.06747
26192,VNM,GMB,9121636.05963351
26193,VNM,GNB,2542518.42935481
26194,VNM,GRC,68784151.1908732
26195,VNM,GRD,127973.995163039
26196,VNM,GRL,269831.883415485
26197,VNM,GTM,13824591.9944733
26198,VNM,GUY,551111.209799163
26199,VNM,HKG,876316286.267047
26200,VNM,HND,1961474.03795476
26201,VNM,HRV,35983953.6013324
26202,VNM,HUN,42789984.9881757
26203,VNM,IDN,516658130.794839
26204,VNM,IND,303467391.285422
26205,VNM,IRL,70379614.7619098
26206,VNM,IRN,18851271.2423763
26207,VNM,IRQ,61792467.2051554
26208,VNM,ISL,3542558.16062785
26209,VNM,ISR,52715075.5493192
26210,VNM,ITA,670664820.190691
26211,VNM,JAM,5612824.75718747
26212,VNM,JOR,33228427.6999775
26213,VNM,JPN,4766204215.86771
26214,VNM,KAZ,15059723.7150939
26215,VNM,KEN,28495905.8366176
26216,VNM,KGZ,833071.132880893
26217,VNM,KHM,799279989.870043
26218,VNM,KIR,2353921.63927147
26219,VNM,KNA,17946.7536262982
26220,VNM,KOR,1623840948.68208
26221,VNM,KWT,28027289.5352522
26222,VNM,LAO,117992799.842077
26223,VNM,LBN,34736911.5070133
26224,VNM,LBR,2164396.43888141
26225,VNM,LBY,3698978.51055372
26226,VNM,LCA,79891.9337067156
26227,VNM,LKA,18098223.5965444
26228,VNM,LTU,25864526.5503717
26229,VNM,LUX,16421931.1682117
26230,VNM,LVA,7021395.17105351
26231,VNM,MAC,9330010.19756447
26232,VNM,MAR,32340514.256187
26233,VNM,MDA,10859398.1575279
26234,VNM,MDG,5888930.67506954
26235,VNM,MDV,259814.425278668
26236,VNM,MEX,420369784.527633
26237,VNM,MHL,18945420.9547341
26238,VNM,MKD,4062610.87331355
26239,VNM,MLT,2269153.32464014
26240,VNM,MMR,23256179.3766424
26241,VNM,MNE,4047906.62180331
26242,VNM,MNG,6733611.27187803
26243,VNM,MOZ,28453370.9410971
26244,VNM,MRT,660527.276432889
26245,VNM,MUS,14810939.2153631
26246,VNM,MWI,2397682.37281703
26247,VNM,MYS,1414557355.08849
26248,VNM,NAM,976495.794033816
26249,VNM,NCL,5855056.94122595
26250,VNM,NER,10428654.1449397
26251,VNM,NGA,45825113.1300548
26252,VNM,NIC,2656619.71346254
26253,VNM,NLD,928844251.167947
26254,VNM,NOR,114805221.474609
26255,VNM,NPL,3213725.50759632
26256,VNM,NZL,66663242.7240707
26257,VNM,OMN,5925316.70364726
26258,VNM,PAK,75646778.6070483
26259,VNM,PAN,92707907.5957166
26260,VNM,PER,29327266.0908742
26261,VNM,PHL,1001626426.96797
26262,VNM,PLW,0.685173658087972
26263,VNM,PNG,20575179.1289041
26264,VNM,POL,286611765.74685
26265,VNM,PRT,63840361.5114311
26266,VNM,PRY,3470692.35115197
26267,VNM,PSE,2373026.979758
26268,VNM,PYF,1846794.4672796
26269,VNM,QAT,18009712.178219
26270,VNM,ROU,58760686.8491766
26271,VNM,RUS,475141712.343634
26272,VNM,RWA,5287869.50188707
26273,VNM,SAU,80480412.2323059
26274,VNM,SDN,13825543.7006844
26275,VNM,SEN,73420056.0315325
26276,VNM,SGP,1588697823.74978
26277,VNM,SLB,741031.275083201
26278,VNM,SLE,21590681.1741192
26279,VNM,SLV,6032314.0250471
26280,VNM,SRB,37789815.1091042
26281,VNM,SUR,272703.912134619
26282,VNM,SVK,98549847.5724321
26283,VNM,SVN,27396726.9584085
26284,VNM,SWE,153410897.981661
26285,VNM,SWZ,74022.233234069
26286,VNM,SYC,407625.900499895
26287,VNM,SYR,33834857.0902361
26288,VNM,TGO,12606640.3181556
26289,VNM,THA,949232935.619551
26290,VNM,TKM,7750432.27638496
26291,VNM,TLS,68114822.1736285
26292,VNM,TON,18309.2104914268
26293,VNM,TTO,6093509.70736641
26294,VNM,TUN,11460997.7586706
26295,VNM,TUR,312891308.148488
26296,VNM,TZA,19880940.6233196
26297,VNM,UGA,13412636.1287635
26298,VNM,UKR,88517155.9696751
26299,VNM,URY,6192404.24730653
26300,VNM,USA,8933505947.49525
26301,VNM,VCT,58329.5186866871
26302,VNM,VEN,37538553.0214257
26303,VNM,WSM,2620069.12467184
26304,VNM,YEM,11036538.844048
26305,VNM,ZAF,258920176.360204
26306,VNM,ZMB,2498836.7333314
26307,VNM,ZWE,106720.264579452
26308,VUT,AUS,1362156.0650935
26309,VUT,AUT,3046.96725751721
26310,VUT,BEL,949332.769532576
26311,VUT,BGD,561.157225974049
26312,VUT,BRA,66193.2567605628
26313,VUT,CAN,114321.910025636
26314,VUT,CHE,4730.10457069421
26315,VUT,CHL,25533.3046967944
26316,VUT,CHN,936818.072667599
26317,VUT,CZE,81.5356653124686
26318,VUT,DEU,508745.486395596
26319,VUT,DNK,309.013319797675
26320,VUT,ESP,564107.631022758
26321,VUT,FJI,1528461.41538461
26322,VUT,FRA,3018436.62639443
26323,VUT,GBR,532604.669294207
26324,VUT,HKG,643833.705427234
26325,VUT,HRV,3927.41540816025
26326,VUT,IDN,166966.542871167
26327,VUT,IND,383448.530491378
26328,VUT,IRL,911.280965257002
26329,VUT,JPN,17433394.1147124
26330,VUT,KIR,38204.5980013272
26331,VUT,KOR,1092873.91020737
26332,VUT,MEX,673706.591746211
26333,VUT,MYS,1226876.74838793
26334,VUT,NCL,2785302.8633617
26335,VUT,NLD,823827.455059628
26336,VUT,NZL,1777670.03760974
26337,VUT,PAK,18074.8811003607
26338,VUT,PER,102.776048713196
26339,VUT,PHL,3117653.88312751
26340,VUT,POL,17130405.5268903
26341,VUT,PYF,269.958421286661
26342,VUT,SAU,381719.837352022
26343,VUT,SDN,72895.4473388282
26344,VUT,SGP,1874497.40862341
26345,VUT,SLB,680507.625476393
26346,VUT,SVN,515.935764540243
26347,VUT,SWE,90.4429228676123
26348,VUT,SYC,22887.1215484919
26349,VUT,THA,75621610.1230657
26350,VUT,TON,53101.6436754759
26351,VUT,TZA,54665.2099632326
26352,VUT,USA,1348943.17627093
26353,VUT,VCT,212.403834007271
26354,VUT,WSM,2986.67197560547
26355,VUT,ZAF,1473.12336488914
26356,WLF,CAN,2668.06622459456
26357,WLF,DOM,65.9137059080629
26358,WLF,FRA,34235.3870000236
26359,WLF,IND,2879.09971128566
26360,WLF,KHM,550.194447444641
26361,WLF,MEX,994.872151543735
26362,WLF,NCL,13909.0252591858
26363,WLF,PAK,27.4069463235189
26364,WLF,POL,362241.035426239
26365,WLF,SDN,60361.0133614565
26366,WLF,SVK,295.995020294004
26367,WLF,SYC,64121.9685700789
26368,WLF,USA,23741.9524264063
26369,WLF,ZWE,31.0589219211278
26370,WSM,AND,88.7203962911791
26371,WSM,ARM,50.7028506985099
26372,WSM,AUS,21697047.5328008
26373,WSM,AUT,36494.4045507396
26374,WSM,BEL,16428.4087999753
26375,WSM,BEN,1610.84327016482
26376,WSM,BFA,1092.67863571482
26377,WSM,BIH,41.7955931433663
26378,WSM,BLZ,956.916956753952
26379,WSM,BRA,734365.01569674
26380,WSM,CAN,2766.04605770114
26381,WSM,CHE,35747.8043890304
26382,WSM,CHL,14330.9483460998
26383,WSM,CHN,5225446.0705933
26384,WSM,COK,8758.57487133854
26385,WSM,COL,1954.80044652498
26386,WSM,CZE,23308.2375008366
26387,WSM,DEU,6471.65088270224
26388,WSM,DZA,1103233.05074401
26389,WSM,ESP,307.688879116591
26390,WSM,FJI,88928.6890832378
26391,WSM,FRA,1902.04207485221
26392,WSM,GBR,587267.138562807
26393,WSM,HKG,151613.171540732
26394,WSM,IDN,472932.210237667
26395,WSM,IND,37572.8678885701
26396,WSM,IRL,85.0547172204084
26397,WSM,ITA,25.351425349255
26398,WSM,JPN,640900.476996959
26399,WSM,KIR,118075.9764983
26400,WSM,KOR,672356.799639778
26401,WSM,LUX,248.718037885934
26402,WSM,MEX,15012.1548487075
26403,WSM,MUS,1112.03684707678
26404,WSM,MYS,507519.776497948
26405,WSM,NCL,803.708700937191
26406,WSM,NGA,21872.7986871423
26407,WSM,NLD,199747.991368728
26408,WSM,NZL,5764137.82266596
26409,WSM,PAK,52978.3124170201
26410,WSM,PNG,17550.0380782653
26411,WSM,PSE,71666.4225710222
26412,WSM,RUS,41.7955931433663
26413,WSM,SAU,514.565417224067
26414,WSM,SGP,232744.584394929
26415,WSM,SLB,293.869611606615
26416,WSM,SYC,47562.6114360908
26417,WSM,THA,345246.673184683
26418,WSM,TKL,58043.1160976063
26419,WSM,TON,39307.0424171908
26420,WSM,TUR,30476.524311753
26421,WSM,TUV,50.7028506985099
26422,WSM,USA,3589282.8930675
26423,WSM,VUT,31333.676558021
26424,WSM,ZAF,185288.08648844
26425,YEM,ABW,6156.97049157851
26426,YEM,AGO,5670743.85685297
26427,YEM,ALB,71.2580604411491
26428,YEM,AND,3603.32826788464
26429,YEM,ARE,354182218.819475
26430,YEM,ARG,1216.18324310615
26431,YEM,AUS,60103.4332874769
26432,YEM,AUT,770234.541871303
26433,YEM,AZE,18244.1189939084
26434,YEM,BEL,3262004.21389251
26435,YEM,BFA,3205.19166968483
26436,YEM,BGD,216507.33904556
26437,YEM,BGR,183922.53538787
26438,YEM,BHR,452587.348808061
26439,YEM,BRA,4678049.18719463
26440,YEM,BRN,23670.6943659652
26441,YEM,CAF,425.49284167263
26442,YEM,CAN,415876.429381366
26443,YEM,CHE,12273542.4591025
26444,YEM,CHN,1081061245.01317
26445,YEM,CIV,46537.9602670193
26446,YEM,CMR,910641.698234006
26447,YEM,COL,1532373.07179864
26448,YEM,COM,57818.4079150471
26449,YEM,CUB,4263.15050062336
26450,YEM,CYP,2262.44341900648
26451,YEM,CZE,41371.4706490098
26452,YEM,DEU,12054368.4241797
26453,YEM,DJI,15223967.3778478
26454,YEM,DNK,22696.3774241641
26455,YEM,DOM,28763.1996175479
26456,YEM,DZA,322599.628263902
26457,YEM,EGY,49637887.2564143
26458,YEM,ERI,1783614.60426731
26459,YEM,ESP,10888093.9155023
26460,YEM,ETH,14978862.8821135
26461,YEM,FIN,18648.3714521803
26462,YEM,FRA,15847456.2218454
26463,YEM,FRO,78.7949706801167
26464,YEM,GBR,18628267.0867047
26465,YEM,GEO,2028.1140279404
26466,YEM,GHA,497656.016516114
26467,YEM,GIN,37380.3340906474
26468,YEM,GMB,16332.484487843
26469,YEM,GRC,467404.914337872
26470,YEM,GUY,20299.6399681723
26471,YEM,HKG,9351268.58527341
26472,YEM,HND,295353.697750033
26473,YEM,HUN,87017.0545771724
26474,YEM,IDN,1465749.5259808
26475,YEM,IND,863192594.721635
26476,YEM,IRL,124143.874414327
26477,YEM,IRN,3072.31868286647
26478,YEM,IRQ,9065701.22288184
26479,YEM,ITA,5119754.64496432
26480,YEM,JOR,9843345.23269171
26481,YEM,JPN,234246298.686223
26482,YEM,KAZ,558.416531341697
26483,YEM,KEN,752864.704465115
26484,YEM,KOR,36132167.6263554
26485,YEM,KWT,66262026.2702777
26486,YEM,LBN,1777123.26903058
26487,YEM,LBR,102861.010246799
26488,YEM,LBY,650175.672806496
26489,YEM,LKA,2902821.10850232
26490,YEM,LUX,515.250590882155
26491,YEM,MAC,5142.91347760832
26492,YEM,MAR,32871.8914204285
26493,YEM,MDG,11794.3621502767
26494,YEM,MDV,8684.57611626504
26495,YEM,MEX,9118600.05515452
26496,YEM,MNE,27.4069463235189
26497,YEM,MOZ,511957.646281384
26498,YEM,MRT,197295.069672773
26499,YEM,MUS,298434.923690455
26500,YEM,MYS,51738158.3734857
26501,YEM,NGA,67091.5194263161
26502,YEM,NLD,21356555.9648033
26503,YEM,NOR,78452.0638749744
26504,YEM,NZL,21975.5747358555
26505,YEM,OMN,11057070.0727126
26506,YEM,PAK,577363.638508804
26507,YEM,PAN,133824.007855794
26508,YEM,PHL,9842.51959843371
26509,YEM,POL,614356.849482631
26510,YEM,PRK,4372.77828591744
26511,YEM,PRT,244796.103867038
26512,YEM,QAT,1084375.70132611
26513,YEM,ROU,332460.647551104
26514,YEM,RUS,142568.194080313
26515,YEM,SAU,131363550.619948
26516,YEM,SDN,58113072.6508139
26517,YEM,SEN,6037.75027507121
26518,YEM,SGP,296264181.173152
26519,YEM,SHN,25.351425349255
26520,YEM,SLE,11654.1187504183
26521,YEM,SOM,28651594.4210766
26522,YEM,SRB,8.22208389705566
26523,YEM,SVK,5678.03410457502
26524,YEM,SVN,245371.649739832
26525,YEM,SWE,251242.902815988
26526,YEM,SWZ,5224.14629616391
26527,YEM,SYC,255354.922507326
26528,YEM,SYR,4865657.27168936
26529,YEM,TCD,14242.7048306747
26530,YEM,THA,787211952.916558
26531,YEM,TUN,1824964.83453292
26532,YEM,TUR,594299.075815764
26533,YEM,TZA,2386231.68829226
26534,YEM,UGA,85023.1992321364
26535,YEM,UKR,10917.5570679737
26536,YEM,USA,18170725.9323487
26537,YEM,VCT,384.382422187352
26538,YEM,VEN,1432.01294540386
26539,YEM,VNM,18133462.0777799
26540,YEM,ZAF,269771156.474169
26541,YEM,ZWE,5036.03323868317
26542,ZAF,ABW,134623.605514783
26543,ZAF,AFG,93871086.4898067
26544,ZAF,AGO,1004397454.23816
26545,ZAF,ALB,933595.015779953
26546,ZAF,AND,206366.563353761
26547,ZAF,ARE,462275619.371891
26548,ZAF,ARG,69026479.9843975
26549,ZAF,ARM,2008109.0126452
26550,ZAF,ATG,383900.745105716
26551,ZAF,AUS,507568510.159553
26552,ZAF,AUT,284861410.15712
26553,ZAF,AZE,19332445.4065471
26554,ZAF,BDI,6247193.47370188
26555,ZAF,BEL,1295315820.77316
26556,ZAF,BEN,20118705.4751074
26557,ZAF,BFA,56198660.030042
26558,ZAF,BGD,35166146.7672064
26559,ZAF,BGR,35161075.1117892
26560,ZAF,BHR,15731023.2917792
26561,ZAF,BHS,466102.399213846
26562,ZAF,BIH,2635588.30802753
26563,ZAF,BLR,6229941.48616488
26564,ZAF,BLZ,214461.783922153
26565,ZAF,BMU,276914.989437228
26566,ZAF,BOL,3413538.59046257
26567,ZAF,BRA,315799670.941537
26568,ZAF,BRB,1324399.57066456
26569,ZAF,BRN,865171.518762314
26570,ZAF,BTN,4912.00995483267
26571,ZAF,BWA,2463911039.35224
26572,ZAF,CAF,3075676.0337911
26573,ZAF,CAN,380288418.45218
26574,ZAF,CHE,1557615977.2884
26575,ZAF,CHL,49796384.2813659
26576,ZAF,CHN,5956387981.30497
26577,ZAF,CIV,67856778.8304428
26578,ZAF,CMR,61066072.1294495
26579,ZAF,COD,393164252.53782
26580,ZAF,COG,102534178.986022
26581,ZAF,COL,19141054.478286
26582,ZAF,COM,4219694.73170645
26583,ZAF,CPV,995557.325201823
26584,ZAF,CRI,1146649.76476241
26585,ZAF,CUB,93827.6807385669
26586,ZAF,CYM,68378.2755562053
26587,ZAF,CYP,6353835.95736767
26588,ZAF,CZE,123951644.148335
26589,ZAF,DEU,3524824105.89326
26590,ZAF,DJI,12786897.8596464
26591,ZAF,DMA,12011.0942262821
26592,ZAF,DNK,82441033.2290563
26593,ZAF,DOM,902557.574053007
26594,ZAF,DZA,137981542.262892
26595,ZAF,ECU,1562561.82317399
26596,ZAF,EGY,98418577.8919737
26597,ZAF,ERI,12262422.0906317
26598,ZAF,ESP,832551431.109358
26599,ZAF,EST,14297648.9200202
26600,ZAF,ETH,43247835.9143388
26601,ZAF,FIN,79571968.571167
26602,ZAF,FJI,4427960.80199252
26603,ZAF,FRA,801288267.435408
26604,ZAF,FRO,407066.466485671
26605,ZAF,FSM,10224.1613259887
26606,ZAF,GAB,30665167.0084714
26607,ZAF,GBR,8114041654.30925
26608,ZAF,GEO,4229653.73082676
26609,ZAF,GHA,233618598.079749
26610,ZAF,GIB,7874112.28823276
26611,ZAF,GIN,21898137.0941921
26612,ZAF,GMB,5116443.1636754
26613,ZAF,GNB,1131877.42069403
26614,ZAF,GNQ,7847351.46066882
26615,ZAF,GRC,47055202.6577255
26616,ZAF,GRD,116084.176674238
26617,ZAF,GRL,1060711.05019181
26618,ZAF,GTM,2126083.5834421
26619,ZAF,GUY,311395.668606847
26620,ZAF,HKG,660113212.287834
26621,ZAF,HND,703180.706996182
26622,ZAF,HRV,22403225.1893775
26623,ZAF,HTI,1180461.02926808
26624,ZAF,HUN,13246606.9034566
26625,ZAF,IDN,261720696.245338
26626,ZAF,IND,3450098049.51145
26627,ZAF,IRL,98765949.8374962
26628,ZAF,IRN,83880374.7919071
26629,ZAF,IRQ,74079726.8408928
26630,ZAF,ISL,3169190.59016792
26631,ZAF,ISR,394297753.13491
26632,ZAF,ITA,1564344816.9938
26633,ZAF,JAM,6823194.9869784
26634,ZAF,JOR,16092407.1749592
26635,ZAF,JPN,3417539591.46608
26636,ZAF,KAZ,18533424.6637785
26637,ZAF,KEN,626101740.724447
26638,ZAF,KGZ,570895.599176453
26639,ZAF,KHM,986889.87842701
26640,ZAF,KIR,4868.15884071504
26641,ZAF,KNA,63556.0233505822
26642,ZAF,KOR,802877429.070336
26643,ZAF,KWT,60020371.0552542
26644,ZAF,LAO,83448.6701658503
26645,ZAF,LBN,19413737.1500373
26646,ZAF,LBR,6287121.96862696
26647,ZAF,LBY,19644805.7996645
26648,ZAF,LCA,133911.710084029
26649,ZAF,LKA,16728857.4490469
26650,ZAF,LSO,527332869.270158
26651,ZAF,LTU,4658138.0406906
26652,ZAF,LUX,28393857.4423293
26653,ZAF,LVA,6997105.76487429
26654,ZAF,MAC,16098013.8886525
26655,ZAF,MAR,103741214.125496
26656,ZAF,MDA,741975.924690781
26657,ZAF,MDG,97438149.5437292
26658,ZAF,MDV,4100477.94106743
26659,ZAF,MEX,145373377.257364
26660,ZAF,MHL,44079.9621194316
26661,ZAF,MKD,3991805.97987812
26662,ZAF,MLI,53523957.9965487
26663,ZAF,MLT,8898788.12355601
26664,ZAF,MMR,1422754.19376212
26665,ZAF,MNE,387691.125782259
26666,ZAF,MNG,3632.10556152434
26667,ZAF,MOZ,1100834015.21556
26668,ZAF,MRT,25219408.1443355
26669,ZAF,MUS,220494787.999295
26670,ZAF,MWI,485583235.355814
26671,ZAF,MYS,384201050.553493
26672,ZAF,NAM,2971154507.92462
26673,ZAF,NCL,3018392.09010665
26674,ZAF,NER,10254855.7355237
26675,ZAF,NGA,464602572.575981
26676,ZAF,NIC,11639136.0580369
26677,ZAF,NIU,1324.44068108405
26678,ZAF,NLD,1395448540.77152
26679,ZAF,NOR,173880954.800455
26680,ZAF,NPL,2239474.3424664
26681,ZAF,NZL,57573700.8837556
26682,ZAF,OMN,21384905.0249066
26683,ZAF,PAK,182152055.562629
26684,ZAF,PAN,3540560.19424086
26685,ZAF,PER,22077392.226621
26686,ZAF,PHL,42589834.114696
26687,ZAF,PNG,6183137.95875455
26688,ZAF,POL,270826391.739816
26689,ZAF,PRK,63598391.06373
26690,ZAF,PRT,174385279.153804
26691,ZAF,PRY,1412233.35224218
26692,ZAF,PSE,353565.096609108
26693,ZAF,PYF,3463348.65988459
26694,ZAF,QAT,18011333.9842677
26695,ZAF,ROU,35559059.9988376
26696,ZAF,RUS,219207362.454742
26697,ZAF,RWA,25075147.5713197
26698,ZAF,SAU,272437113.734244
26699,ZAF,SDN,52090620.6104637
26700,ZAF,SEN,62093466.7338481
26701,ZAF,SGP,230666393.07984
26702,ZAF,SHN,5205139.57888855
26703,ZAF,SLB,442868.160468083
26704,ZAF,SLE,7243678.52403675
26705,ZAF,SLV,272620.129099708
26706,ZAF,SOM,3128067.15238313
26707,ZAF,SRB,9233457.77098079
26708,ZAF,STP,286371.0710925
26709,ZAF,SUR,562646.108333074
26710,ZAF,SVK,16998478.7648938
26711,ZAF,SVN,18271434.8121354
26712,ZAF,SWE,244105599.55789
26713,ZAF,SWZ,874366426.754397
26714,ZAF,SYC,128823356.512045
26715,ZAF,SYR,5126542.62339562
26716,ZAF,TCA,4731.12410909744
26717,ZAF,TCD,5003264.12331146
26718,ZAF,TGO,20713259.1114368
26719,ZAF,THA,275407359.35657
26720,ZAF,TJK,63095.5866523471
26721,ZAF,TKL,29247956.5547769
26722,ZAF,TKM,18519.5588044598
26723,ZAF,TLS,71733.5709598621
26724,ZAF,TON,3018479.10716123
26725,ZAF,TTO,4310768.69951316
26726,ZAF,TUN,9963767.2437953
26727,ZAF,TUR,755960987.096673
26728,ZAF,TUV,66833.2089572169
26729,ZAF,TZA,470457228.690617
26730,ZAF,UGA,168055509.921176
26731,ZAF,UKR,32369334.3567361
26732,ZAF,URY,6940413.12605678
26733,ZAF,USA,4088786003.47178
26734,ZAF,UZB,1252553.63122478
26735,ZAF,VAT,10912.7608523671
26736,ZAF,VCT,41431.0807572635
26737,ZAF,VEN,19312486.9830606
26738,ZAF,VGB,1664262.14924399
26739,ZAF,VNM,86987091.9331042
26740,ZAF,VUT,284107.942499836
26741,ZAF,WSM,466828.68329142
26742,ZAF,YEM,45960894.6790517
26743,ZAF,ZMB,1029281958.50572
26744,ZAF,ZWE,3124696358.57949
26745,ZMB,AGO,1322299.0899652
26746,ZMB,ALB,4744.8275822592
26747,ZMB,ARE,130505780.34704
26748,ZMB,ARG,14463.330748579
26749,ZMB,ARM,4093.23771102241
26750,ZMB,AUS,948234.837670424
26751,ZMB,AUT,886161.128604181
26752,ZMB,BDI,8043539.28971012
26753,ZMB,BEL,70848332.7601754
26754,ZMB,BGD,8877415.50163927
26755,ZMB,BGR,2616480.87022443
26756,ZMB,BHS,65613.0606141514
26757,ZMB,BIH,3331.31432562372
26758,ZMB,BLR,7536.91023896769
26759,ZMB,BOL,13030.632629517
26760,ZMB,BRA,1591250.7294118
26761,ZMB,BTN,303834.228465746
26762,ZMB,BWA,6802119.04525562
26763,ZMB,CAN,487831.31143279
26764,ZMB,CHE,1158598560.35835
26765,ZMB,CHL,77189.4566906645
26766,ZMB,CHN,871859043.198428
26767,ZMB,CIV,2865.08037306752
26768,ZMB,CMR,57558.6983213382
26769,ZMB,COD,194466019.233256
26770,ZMB,COG,202944.211374534
26771,ZMB,COL,103182.214861495
26772,ZMB,CRI,4435.12908880344
26773,ZMB,CYP,4840.61280413893
26774,ZMB,CZE,23217.1094043109
26775,ZMB,DEU,20191627.7956423
26776,ZMB,DMA,65326.1927921568
26777,ZMB,DNK,1681967.72174264
26778,ZMB,DOM,8736.20874761758
26779,ZMB,DZA,761.913107793825
26780,ZMB,EGY,133562793.109592
26781,ZMB,ESP,6914281.50374066
26782,ZMB,EST,127.03119620951
26783,ZMB,ETH,85935.2037407764
26784,ZMB,FIN,352813.045890949
26785,ZMB,FRA,5729723.60534118
26786,ZMB,FRO,3396.05775492377
26787,ZMB,GAB,1684.34390398889
26788,ZMB,GBR,58179453.4992148
26789,ZMB,GHA,115485.297897692
26790,ZMB,GIN,1749.00237175534
26791,ZMB,GMB,76.0385170536288
26792,ZMB,GRC,943843.843357633
26793,ZMB,GTM,1601.93601260968
26794,ZMB,HKG,1712186.05754621
26795,ZMB,HRV,1021199.94935577
26796,ZMB,HUN,26721.7726654309
26797,ZMB,IDN,1214608.71403986
26798,ZMB,IND,106041721.346854
26799,ZMB,IRL,408237.428952517
26800,ZMB,IRN,2200.46877645877
26801,ZMB,ISL,22842.2276000666
26802,ZMB,ISR,437140.793860126
26803,ZMB,ITA,45554577.0162463
26804,ZMB,JAM,6755.18327932928
26805,ZMB,JPN,16052942.5426006
26806,ZMB,KAZ,234097.117195995
26807,ZMB,KEN,16139975.1170463
26808,ZMB,KHM,551.564794760817
26809,ZMB,KOR,246250608.322942
26810,ZMB,KWT,18410510.5945448
26811,ZMB,LBN,7368.35751907805
26812,ZMB,LBY,3930.91596037943
26813,ZMB,LKA,9195.89106965514
26814,ZMB,LSO,277035.506002296
26815,ZMB,LTU,3778.04755069708
26816,ZMB,LUX,3086735.65819121
26817,ZMB,MAR,387403.442603611
26818,ZMB,MDG,1758020.16358053
26819,ZMB,MEX,36893.8607934049
26820,ZMB,MKD,156.959581594793
26821,ZMB,MLI,43858.4687716761
26822,ZMB,MNE,3561.53267474128
26823,ZMB,MOZ,2592757.4174868
26824,ZMB,MRT,60622.543461575
26825,ZMB,MUS,19605808.4790367
26826,ZMB,MWI,49902946.8340431
26827,ZMB,MYS,9587852.88284826
26828,ZMB,NAM,28715587.5852211
26829,ZMB,NCL,119.220216507307
26830,ZMB,NER,29847.7425012466
26831,ZMB,NGA,321967.970094379
26832,ZMB,NLD,28231485.7500635
26833,ZMB,NOR,427994.580621377
26834,ZMB,NZL,108078.714540229
26835,ZMB,OMN,65176.4590519602
26836,ZMB,PAK,31245406.3208232
26837,ZMB,PER,109769.210618494
26838,ZMB,PHL,1567874.28972503
26839,ZMB,POL,5361220.08268001
26840,ZMB,PRT,27310094.9714272
26841,ZMB,QAT,3332.8415777076
26842,ZMB,ROU,446293.925982474
26843,ZMB,RUS,9804600.71784781
26844,ZMB,RWA,4658130.50378036
26845,ZMB,SAU,197643762.084285
26846,ZMB,SDN,1061501.18834327
26847,ZMB,SEN,1033.57350044718
26848,ZMB,SGP,6090099.5980701
26849,ZMB,SLE,15434.8028493517
26850,ZMB,SLV,401.326766751868
26851,ZMB,SRB,11027.1848532678
26852,ZMB,STP,144181.387496125
26853,ZMB,SVK,16409.9091112069
26854,ZMB,SVN,5395.74255744278
26855,ZMB,SWE,2876028.61289708
26856,ZMB,SWZ,3076369.51929083
26857,ZMB,SYC,16485.24326974
26858,ZMB,THA,20882953.654728
26859,ZMB,TKL,16814.2040502456
26860,ZMB,TUR,1778932.12748794
26861,ZMB,TZA,21855434.6415091
26862,ZMB,UGA,981967.335297532
26863,ZMB,UKR,363474.348010798
26864,ZMB,USA,5941884.88787349
26865,ZMB,VEN,4996.64329025335
26866,ZMB,VNM,9005740.30571525
26867,ZMB,ZAF,205202764.524822
26868,ZMB,ZWE,55460656.3948377
26869,ZWE,AFG,121632.644440069
26870,ZWE,AGO,2199152.43453032
26871,ZWE,ALB,10661.9872935069
26872,ZWE,ARE,12447776.275823
26873,ZWE,ARG,15802.845250141
26874,ZWE,ARM,3559.47715376701
26875,ZWE,AUS,5704172.79445742
26876,ZWE,AUT,744652.212999272
26877,ZWE,BDI,126352.189114345
26878,ZWE,BEL,41809276.1716312
26879,ZWE,BEN,72.628407757325
26880,ZWE,BFA,17515.1010734394
26881,ZWE,BGD,9119953.95830291
26882,ZWE,BGR,6217504.21392327
26883,ZWE,BIH,1133272.4342619
26884,ZWE,BLR,565336.785288385
26885,ZWE,BMU,1747.19282812433
26886,ZWE,BOL,6851.73658087972
26887,ZWE,BRA,1456701.12265209
26888,ZWE,BRB,12278.3119529365
26889,ZWE,BWA,26279535.5499019
26890,ZWE,CAN,1700165.93410146
26891,ZWE,CHE,116182764.773001
26892,ZWE,CHL,66225.9463957901
26893,ZWE,CHN,96506587.7807797
26894,ZWE,CIV,63447.0807389462
26895,ZWE,CMR,49228.8023491823
26896,ZWE,COD,9951740.02195146
26897,ZWE,COG,6739169.23889146
26898,ZWE,COL,2286526.58791462
26899,ZWE,COM,3.42586829043986
26900,ZWE,CRI,10037.7940909888
26901,ZWE,CYP,5550.9343909997
26902,ZWE,CZE,1001081.19523333
26903,ZWE,DEU,25550778.3873423
26904,ZWE,DNK,2466839.13651699
26905,ZWE,DZA,6176949.4702747
26906,ZWE,ECU,2281.62828143295
26907,ZWE,EGY,213278.325258131
26908,ZWE,ERI,10418.0654712276
26909,ZWE,ESP,7092590.47643932
26910,ZWE,EST,8181.53531997001
26911,ZWE,ETH,135566.04817801
26912,ZWE,FIN,315963.72138532
26913,ZWE,FRA,8975457.00037508
26914,ZWE,FRO,1412.14290931931
26915,ZWE,GAB,3288.83355882226
26916,ZWE,GBR,59073713.8888564
26917,ZWE,GEO,106.201917003636
26918,ZWE,GHA,120310.327797325
26919,ZWE,GIB,2322.73870091822
26920,ZWE,GIN,5292.96650872958
26921,ZWE,GMB,208.077647530104
26922,ZWE,GNQ,4063.07979246167
26923,ZWE,GRC,658449.829901566
26924,ZWE,GRD,51111.8993723884
26925,ZWE,GRL,147.072525708583
26926,ZWE,GUY,9455.39648161401
26927,ZWE,HKG,5670149.7619589
26928,ZWE,HND,159043.194689038
26929,ZWE,HRV,62126.0659261526
26930,ZWE,HUN,459363.716286551
26931,ZWE,IDN,16362919.9017352
26932,ZWE,IND,12701207.3012713
26933,ZWE,IRL,6579456.93649627
26934,ZWE,IRN,2178052.3609913
26935,ZWE,ISL,25311.0001034278
26936,ZWE,ISR,236684.916011718
26937,ZWE,ITA,30936164.2222263
26938,ZWE,JAM,8279.63848433505
26939,ZWE,JOR,13806136.8419927
26940,ZWE,JPN,30883782.6268629
26941,ZWE,KAZ,3093.55906626719
26942,ZWE,KEN,5335744.64089865
26943,ZWE,KOR,3315408.70432486
26944,ZWE,KWT,3948.35431515142
26945,ZWE,LBN,137762.386042484
26946,ZWE,LBY,0
26947,ZWE,LKA,39045.9981051958
26948,ZWE,LSO,17552081.9855461
26949,ZWE,LTU,27591.9432112026
26950,ZWE,LUX,17346527.1131664
26951,ZWE,LVA,160218.676561333
26952,ZWE,MAR,2683.68338778336
26953,ZWE,MDA,3100.41080284807
26954,ZWE,MDG,27564.0271808511
26955,ZWE,MEX,928315.752744386
26956,ZWE,MKD,22379.2653517278
26957,ZWE,MOZ,66949046.857127
26958,ZWE,MUS,2793379.69044325
26959,ZWE,MWI,26813731.6028492
26960,ZWE,MYS,3007394.36772068
26961,ZWE,NAM,12628537.0739397
26962,ZWE,NCL,813.98630580851
26963,ZWE,NER,5168.95007661566
26964,ZWE,NGA,288210.762364466
26965,ZWE,NLD,128682283.266166
26966,ZWE,NOR,2511641.61425888
26967,ZWE,NPL,1993.855345036
26968,ZWE,NZL,1803328.79760333
26969,ZWE,OMN,75201.9200171034
26970,ZWE,PAK,1252139.15597553
26971,ZWE,PER,126.757126746275
26972,ZWE,PHL,225105.226990604
26973,ZWE,POL,5377117.48189497
26974,ZWE,PRK,8109.88671054375
26975,ZWE,PRT,25590400.9028965
26976,ZWE,PSE,12067.896492885
26977,ZWE,PYF,54.8138926470377
26978,ZWE,ROU,2186858.76783571
26979,ZWE,RUS,15070957.1372182
26980,ZWE,RWA,112299.962560619
26981,ZWE,SAU,486058.082005659
26982,ZWE,SDN,213504.819003243
26983,ZWE,SEN,2261.07307169031
26984,ZWE,SGP,15497208.5552029
26985,ZWE,SLE,78129.8726102108
26986,ZWE,SLV,1158.01199953448
26987,ZWE,SRB,729513.301023819
26988,ZWE,SUR,63239.4731205455
26989,ZWE,SVK,45838.8028997434
26990,ZWE,SVN,551525.739862306
26991,ZWE,SWE,1750308.99792131
26992,ZWE,SWZ,9151902.43090673
26993,ZWE,SYC,74105.9984544649
26994,ZWE,THA,14400354.3821432
26995,ZWE,TUR,2162152.49515117
26996,ZWE,TZA,449598.009451405
26997,ZWE,UGA,623563.527926359
26998,ZWE,UKR,2357070.01223038
26999,ZWE,USA,16263884.9011952
27000,ZWE,UZB,467770.797071291
27001,ZWE,VCT,694.080915643115
27002,ZWE,VNM,911651.404395248
27003,ZWE,YEM,369248.306427505
27004,ZWE,ZAF,494027033.438947
27005,ZWE,ZMB,47959378.4852018
