Index,Source,Target
1,VTBS,EHAM
2,KLAX,WSSS
3,RKSI,EDDF
4,VHHH,EGLL
5,RCTP,CYYZ
6,EDDF,RKSI
7,RKSI,EHAM
8,FAGM,EHAM
9,YSSY,OTHH
10,EGLL,VHHH
11,RKSI,PANC
12,YMML,OTHH
13,EDDF,EHAM
14,KSFO,RCTP
15,VHHH,CYYZ
16,KORD,VHHH
17,PANC,VHHH
18,KCVG,RKSI
19,KJFK,VHHH
20,RCTP,KLAX
21,KLAX,RKSI
22,EGLL,KLAX
23,VTBS,EHAM
24,CYVR,RKSI
25,EDDF,RKSI
26,KATL,RKSI
27,RCTP,KLAX
28,PANC,VHHH
29,EDDF,KATL
30,WSSS,LSZH
31,RCTP,KSFO
32,VHHH,EGLL
33,RJBB,EHAM
34,KLAX,RKSI
35,EDDF,RKSI
36,VHHH,LFPG
37,RCTP,KSEA
38,EHAM,VTBS
39,RCTP,KLAX
40,KIAH,EBLG
41,VHHH,EGLL
42,KJFK,RKSI
43,RCTP,KLAX
44,KCVG,EDDP
45,RCTP,EDDF
46,WMKK,LTBA
47,RCTP,CYVR
48,VHHH,LFPG
49,EDDF,KORD
50,KLAX,RKSI
51,VHHH,PANC
52,VHHH,EGLL
53,RKSI,OTHH
54,PANC,RCTP
55,VHHH,KLAX
56,LEMD,SAEZ
57,VHHH,EGLL
58,EHAM,VHHH
59,VHHH,CYYZ
60,VTBS,EDDF
61,EDDF,RKSI
62,WSSS,YBBN
63,RKSI,KLAX
64,KLAX,RCTP
65,VHHH,YSSY
66,VHHH,EHAM
67,PANC,RJBB
68,KATL,RKSI
69,SBGR,EHAM
70,RCTP,EHAM
71,VHHH,EDDF
72,VHHH,CYVR
73,VHHH,EGLL
74,KORD,VHHH
75,OBBI,VHHH
76,EDDP,67KY
77,KDTW,RKSI
78,RKSI,EDDF
79,KLAX,YSSY
80,VHHH,YSSY
81,KDFW,RKSI
82,PANC,RJBB
83,RKSI,PANC
84,LFPG,KORD
85,WSSS,LSZH
86,VHHH,OMDW
87,VHHH,OTHH
88,EDDF,WSSS
89,KLAX,VHHH
90,OTHH,VHHH
91,KJFK,RKSI
92,KDFW,EDDF
93,KDTW,RKSI
94,EGLL,VHHH
95,KJFK,RKSI
96,EGLL,RKSI
97,SBGR,EHAM
98,RCTP,PANC
99,UUEE,VTBS
100,KMDW,KSDL
101,VTBS,OTHH
102,PANC,VHHH
103,RCTP,YSSY
104,KSEA,RKSI
105,PANC,KDFW
106,KLAX,RKSI
107,EDDP,OBBI
108,KSFO,YSSY
109,RKSI,WSSS
110,EDDF,VOMM
111,OMDW,VHHH
112,KTEB,KOAK
113,KJFK,VHHH
114,EGLL,KMIA
115,LFPG,VTBS
116,RKSI,VTBS
117,KORD,PANC
118,EHAM,OTHH
119,PANC,KLCK
120,LSZH,OTHH
121,KORD,EDDF
122,PANC,VHHH
123,EGLL,VHHH
124,KSDF,KONT
125,KTEB,KSNA
126,KLAX,VHHH
127,KJFK,UUEE
128,LFPG,VHHH
129,KLAX,RKSI
130,PANC,KSEA
131,KLAX,VHHH
132,EDDK,KSDF
133,RJBB,KOAK
134,EDDK,VHHH
135,FAGM,OTHH
136,WSSS,YSSY
137,EHAM,SBGR
138,KLAX,EBLG
139,EGLL,CYYZ
140,KSFO,RKSI
141,KATL,KSTL
142,UAAA,VHHH
143,VIDP,VECC
144,KCVG,EDDP
145,KORD,PANC
146,EDDF,UAAA
147,RKSI,VTBS
148,KSDF,KOAK
149,KLAX,RCTP
150,KSFO,KEWR
151,KATL,KLAX
152,EDDM,OTHH
153,EGSS,KSDF
154,KSEA,RKSI
155,KSEA,KJFK
156,KMSP,KDTW
157,KFLL,60CO
158,OMDB,ZGSZ
159,KSDF,PANC
160,KSDF,KPDX
161,KJFK,RKSI
162,OTHH,YSSY
163,KLAX,EHAM
164,CYVR,CYUL
165,SPJC,KMIA
166,VABB,EGLL
167,OTHH,VHHH
168,EHAM,WSSS
169,YSSY,VHHH
170,CYYZ,VHHH
171,PAED,KSUU
172,KLAX,KBOS
173,KLAX,KEWR
174,UAAA,EDDF
175,KSDF,KSAN
176,KLAX,ELLX
177,KSDF,KLAX
178,YMML,YPPH
179,KLAX,KDCA
180,KSDF,KBFI
181,EDDF,SBGR
182,UAAA,UKBB
183,KCLT,KSMF
184,KMIA,SAEZ
185,KMSP,KLAX
186,KLAX,RJTT
187,KLAS,KATL
188,VHHH,PANC
189,VABB,VHHH
190,ELLX,OTHH
191,KCVG,PANC
192,PANC,VHHH
193,YBBN,OMDB
194,EHAM,SBKP
195,KBOS,60CO
196,KCLT,KSFO
197,KATL,KLAS
198,KORD,EIDW
199,PANC,VHHH
200,EGLL,LLBG
201,KCVG,KLAX
202,KFLL,KDFW
203,EDDF,OBBI
204,CYYZ,EDDF
205,KSTL,KPDX
206,KVNY,KTEB
207,KLAX,RKSI
208,ELLX,KORD
209,KORD,KHHR
210,PANC,RKSI
211,EGLL,VHHH
212,KCLT,KLAS
213,KCLT,KSEA
214,KORD,PANC
215,PANC,KCVG
216,KSDF,PANC
217,KHOU,KLAX
218,KLAX,KATL
219,EDDK,KSDF
220,KATL,EHAM
221,KSDF,KONT
222,EGLL,OMAA
223,KLAS,KMKE
224,KBWI,KLAS
225,KORD,KLAS
226,KLAX,RCTP
227,KDEN,KPHL
228,PANC,RJBB
229,KBNA,KLAS
230,KLAX,EDDF
231,YBCS,YBBN
232,OTHH,YSSY
233,LLBG,KEWR
234,KAUS,KSFO
235,OTHH,YMML
236,YMEN,YPAD
237,NZAA,YMML
238,KTPA,60CO
239,KFLL,KDAL
240,KONT,KSDF
241,KDCA,KPHX
242,LEMD,UUEE
243,LOWW,LLBG
244,VHHH,PANC
245,KSDF,PANC
246,KIAD,EBBR
247,KADW,ETAR
248,KORD,EDDF
249,RCTP,PANC
250,WSSS,YSSY
251,NZAA,VHHH
252,KJFK,KLAX
253,CYYZ,VHHH
254,LLBG,UUDD
255,KLAX,RKSI
256,ZGSZ,RJBB
257,KDTW,KLAS
258,KBLM,KOPF
259,KDFW,EGLL
260,KSFO,KBOS
261,SBGR,EDDF
262,NZAA,YBBN
263,KAPA,KAPF
264,KIAD,KSAN
265,EGLL,OTHH
266,KJFK,EIDW
267,KBOS,EIDW
268,KATL,KSMF
269,CYYZ,RKSI
270,KCMH,KLAS
271,KDCA,KLAX
272,KABE,KAFW
273,OMDB,RJBB
274,KATL,KPDX
275,VIDP,EHAM
276,KLAS,KSTL
277,KIAD,KIAH
278,YSSY,VHHH
279,YMMB,YSBK
280,KLGA,KDFW
281,KATL,KU42
282,ZGSZ,WSSS
283,VHHH,OMDB
284,KCVG,RKSI
285,KATL,EHAM
286,KIAD,OERK
287,KDEN,KSJC
288,KSEA,KJFK
289,KATL,LFPG
290,KMDW,KSAN
291,KDFW,KSEA
292,KDFW,KBUF
293,KBOS,KATL
294,LTBA,OMDW
295,KBFI,PANC
296,KDFW,LEMD
297,KFLL,KSDF
298,KATL,KPHX
299,CYYZ,CYVR
300,KATL,KSEA
301,KDAL,KDCA
302,KDFW,KSEA
303,KORD,OMDB
304,KDTW,EHAM
305,KIAD,KSFO
306,KPHL,KPHX
307,KSEA,KLAS
308,VOBL,OTHH
309,KPHL,KSTL
310,KPHX,KMSN
311,KTPA,KHOU
312,EDDF,RKSI
313,KIAD,EDDF
314,VOMM,OTHH
315,PANC,KLAX
316,YSSY,WSSS
317,KDTW,KSEA
318,KHOU,KFLL
319,MROC,KMIA
320,KLAX,KORD
321,KDFW,7PS7
322,KSAN,KSEA
323,KPHL,KDFW
324,KSEA,KLAX
325,KDTW,KLAX
326,WSSS,NZAA
327,KDEN,KSAN
328,KJFK,KATL
329,KPHL,KRSW
330,KDFW,KHHR
331,YMML,NZAA
332,KDEN,KSEA
333,KATL,KSAN
334,VABB,OTHH
335,KTPA,KDAL
336,KORD,KLAS
337,RCTP,PANC
338,PANC,KSDF
339,KSAN,KSEA
340,KAPF,KPTK
341,KCMH,KDAL
342,KSEA,KPHX
343,KORD,EGLL
344,PANC,KORD
345,KMDW,KLAS
346,KORL,KMKE
347,KDFW,KPHX
348,KIAH,EDDF
349,SPJC,KMIA
350,KU42,KSNA
351,KHOU,60CO
352,KDFW,KLAX
353,KLAS,KMDW
354,EDDK,UUWW
355,KORD,KBOS
356,KMIA,KORD
357,KIAG,KPGD
358,KPHX,KMIA
359,KTPA,KSTL
360,OMDB,EHAM
361,KLAS,KSEA
362,KMDW,KPHX
363,KOMA,KLAS
364,KDFW,KDTW
365,KLAX,LFPG
366,PANC,KSDF
367,KSTL,KLAS
368,KPHL,KBNA
369,KIAD,KLAX
370,KDFW,KMSN
371,KDFW,KORD
372,KMDW,60CO
373,KIAD,KDFW
374,KSFO,KJFK
375,KDFW,KU42
376,KLAS,KSEA
377,KMIA,KPHL
378,KEWR,EHAM
379,KLGA,KATL
380,KPHX,KMCI
381,KORD,KPHX
382,KAUS,KLAS
383,KFLL,KBWI
384,KPHL,KLAX
385,KDFW,KSMF
386,KPGD,KCVG
387,KMCI,KLAS
388,KIWA,KSJC
389,KIAH,KLAS
390,KBNA,KTEB
391,KORD,KIAH
392,KLAS,KBOS
393,KORD,PANC
394,WSSS,RCTP
395,KMKE,KISM
396,KPHL,KFLL
397,KPHX,KIAH
398,KSTL,KHOU
399,PANC,KLAX
400,KDEN,KLAX
401,SAEZ,SBKP
402,KORD,EDDF
403,KMSP,KATL
404,KPHX,KMSP
405,KIAH,KU42
406,KTPA,KBWI
407,KORD,KLAX
408,VIDP,KSFO
409,KPHX,KSEA
410,RJTT,RJFF
411,KSEA,PANC
412,KLAX,RCTP
413,KDFW,KONT
414,EDDP,EGNX
415,KPDX,60CO
416,KIAD,EGLL
417,KORD,EDDF
418,KDFW,9NC6
419,KCMH,KPWK
420,CYYZ,CYVR
421,KVIS,AZ19
422,KDCA,KDAL
423,KDFW,KIAD
424,RCTP,RJBB
425,KPHX,KBOS
426,KTPA,KBNA
427,MROC,KMIA
428,KDFW,KVPS
429,KORD,EHAM
430,KPHL,KMIA
431,KPHX,KSTL
432,KEWR,KSFO
433,LFPG,RJBB
434,CYVR,CYHM
435,KBWI,KHOU
436,KMHR,KLVK
437,KPHX,KDFW
438,KORD,KIAH
439,KDFW,KECP
440,KLAS,KCMH
441,KJFK,EHAM
442,KMSP,KDFW
443,KEWR,KATL
444,KPHL,EGLL
445,KORD,KORF
446,KORD,KU42
447,KORD,KABE
448,RJTT,RJOF
449,KPVU,KIWA
450,KLAS,KSFO
451,KSAT,KPHX
452,KORD,VT26
453,KPHX,KOMA
454,KMDW,KPHL
455,KBWI,KRSW
456,KORD,KLNK
457,KRDU,KIAH
458,KPHX,KDTW
459,KMSP,60CO
460,LHBP,OTHH
461,KDEN,KSNA
462,KLAX,EGLL
463,KPHX,KSAT
464,KORD,VA95
465,KORD,KSAN
466,KORD,KATL
467,KPHX,KSEA
468,KBNA,KMDW
469,VABB,VOBL
470,KORD,KBWI
471,KORD,KBUF
472,SPJC,SKBO
473,KBWI,KPHX
474,KAUS,KMDW
475,VHHH,PANC
476,KMSP,KSAT
477,KDVT,KCHD
478,KBFI,KOAK
479,KORD,KIAH
480,KHIO,KSJC
481,KBNA,KISM
482,KAUS,KPHX
483,KBWI,KFLL
484,KDEN,KPHL
485,KPHX,KFAT
486,KPDX,KBUR
487,PANC,KSEA
488,YMMB,YMNG
489,KSTL,60CO
490,SBGR,SBVT
491,KPDX,KSMF
492,KORD,KLAX
493,KDEN,KPHX
494,KSNA,KSDL
495,KSMF,KSAN
496,PANC,RKSI
497,KLAX,KBWI
498,KMSP,KSAN
499,KORD,KIAD
500,KORD,KLGA
501,YBBN,YMML
502,KORD,KRDU
503,LEBL,VHHH
504,KORD,KROC
505,LFPG,LFBO
506,RPLL,VHHH
507,KORD,KATL
508,KORD,KMDT
509,KRDU,KBNA
510,EBBR,EDDP
511,YMML,YPPH
512,KLAS,KATL
513,KORD,KTYS
514,OTHH,EGLL
515,KBOS,KPHL
516,YMML,YSSY
517,KORD,KDEN
518,EGSS,EGPH
519,VHHH,EBLG
520,KSCK,KIAH
521,KORD,KEWR
522,EDDP,EGGW
523,KORD,KBOS
524,KLAX,KSMF
525,YBBN,YPAD
526,PANC,KLAX
527,KLAS,KISM
528,YSLT,YMES
529,KPHX,KLAX
530,KMDT,KPIE
531,KORD,KMSP
532,KLAS,KBWI
533,EBBR,EGNX
534,KPDX,KLAS
535,YSSY,YBBN
536,KORD,KPHL
537,KPHX,KSMF
538,RCTP,VTBS
539,KSEA,KTUS
540,KJFK,EFHK
541,KOAK,KSEA
542,KSFO,EHAM
543,RJFF,RJTT
544,KRNM,KSNA
545,KSDL,KLNK
546,KDCA,KMIA
547,KMSP,KU42
548,KORD,KOMA
549,KORD,KCMH
550,KSEA,PANC
551,PANC,KCVG
552,OMDB,KJFK
553,VHHH,RCTP
554,KBOS,EGLL
555,KDTW,KBOS
556,KSEA,KSNA
557,PANC,KSDF
558,KORD,KSDF
559,NZAA,YSSY
560,EGMC,LEBL
561,VHHH,VIDP
562,EDDP,EBBR
563,KSEA,KU42
564,KORD,KPHX
565,KORD,KMCI
566,KDEN,KBWI
567,VABB,VIDP
568,KSEA,KONT
569,PANC,KSDF
570,KSDL,KBOI
571,KU42,KATL
572,KORD,KSYR
573,KLAS,KFLL
574,YSSY,YBBN
575,KDCA,KDEN
576,KBNA,KHOU
577,YPAD,YBBN
578,KBLI,KBFI
579,RPLL,VHHH
580,PANC,KSDF
581,OTHH,RKSI
582,KBOI,KSEA
583,KLAS,KSNA
584,KDFW,KPNS
585,KHVN,KPHL
586,KBNA,KFLL
587,EBBR,EDDP
588,KCRQ,KLGB
589,PANC,KSDF
590,EDDP,EGGW
591,KMCI,60CO
592,YSSY,YCMH
593,KSJC,KBUR
594,KSEA,KPHX
595,VHHH,RPLL
596,PANC,RCTP
597,KORD,KDFW
598,WSSS,YMML
599,UT13,UT08
600,EDDP,EGNX
601,KAPF,KSUS
602,KMKC,KHOU
603,PANC,KSEA
604,KDVT,KCHD
605,KABQ,KU42
606,KSTS,KLAX
607,KSEA,KOAK
608,YPPF,YPAD
609,KPDX,KLAX
610,EGNX,EDDP
611,VHHH,OMDB
612,KFHR,KRNT
613,KORD,KSFO
614,KDEN,KSLC
615,YBAF,YNAN
616,KDCA,KBOS
617,RCTP,RKSI
618,KRHV,CL04
619,VHHH,PANC
620,KHWD,KC83
621,KSEA,KORD
622,KDFW,KSTL
623,PANC,KSEA
624,KCVG,RKSI
625,KDFW,XA23
626,KMDW,KFLL
627,CYYZ,BIKF
628,KHEF,VA71
629,KDFW,KSGF
630,EDDP,EDDK
631,KATL,KDCU
632,OMDB,EGLL
633,UT08,KU14
634,KBWI,KBNA
635,KSEA,KFAT
636,LEMD,UUEE
637,KATL,KHFD
638,WSSS,VHHH
639,KBNA,KPHX
640,KMDW,KHOU
641,KATL,KISM
642,YSSY,WSSS
643,KSCK,KLAS
644,KLGB,KSMF
645,VIDP,VECC
646,KLAX,KSJC
647,KPHX,KORD
648,VECC,VOMM
649,KDFW,KHRO
650,EGSS,EIDW
651,KSLR,KADS
652,UAAA,UKBB
653,KSEA,KBUR
654,TA06,KADS
655,KATL,KU42
656,KJFK,RPLL
657,LIMC,EGMC
658,KDFW,KBOS
659,PANC,KSEA
660,KCGZ,KCHD
661,KAPA,KSDL
662,KORD,KBOI
663,KVIS,KOAK
664,YMMB,YMNG
665,KSLI,KCNO
666,KATL,KIAH
667,RCTP,WSSS
668,KWRI,ETAR
669,KDFW,KMKE
670,YCVG,YPPF
671,YSBK,YSCN
672,KATL,KCVG
673,KGVT,KADS
674,KONT,KPHX
675,EGNX,EGPH
676,KSEA,KLAS
677,KDFW,KTYS
678,KSBD,KSDF
679,KATL,7PS7
680,KVIS,KFCH
681,OMDB,VHHH
682,KATL,KIAD
683,KCLT,KFTY
684,LFPG,LFML
685,KMIA,KPHL
686,KEWR,EDDF
687,KSQL,KHHR
688,KATL,KRDU
689,WSSS,YSSY
690,KDFW,KRDU
691,PANC,KONT
692,KPWK,K10C
693,VIDP,VABB
694,MROC,KUTA
695,KLAS,KBNA
696,KHOU,KLAS
697,KPVD,KPHL
698,RCTP,WSSS
699,YSLT,YMES
700,KATL,KSRQ
701,KJFK,LFPG
702,YMML,YPPH
703,KSDF,KORD
704,CYVR,CYYZ
705,KMIA,EGLL
706,3OR8,KPDX
707,NZAA,NZMZ
708,KPAN,KDVT
709,KLAX,KPHX
710,MD35,KBWI
711,YSSY,YMML
712,KATL,SC32
713,KADS,TA06
714,KSDL,KPHX
715,KMIA,KPHX
716,KBLI,KPAE
717,RCTP,RKSI
718,KCNO,KSNA
719,KMDW,KDAL
720,KSAN,KPDX
721,KPHX,KBWI
722,KGLE,KDTO
723,KLGB,KSNA
724,KDUJ,7PS7
725,KDFW,KSDF
726,KMIA,KDCA
727,KPVU,UT99
728,KEWR,EGLL
729,KLAX,4AZ0
730,KATL,KDFW
731,KU42,KCOS
732,RJTT,RJOA
733,OTHH,RPLL
734,KRSW,KMDW
735,KMIA,KDFW
736,KAPA,KOAK
737,KATL,KISM
738,KORD,PA76
739,KMDW,KMCI
740,KPAE,KSFO
741,ESSA,EFHK
742,KBUR,KPHX
743,KATL,7PS7
744,KSEA,KSMF
745,KAUS,KHOU
746,KMIA,KORD
747,KDAL,KLAX
748,KDFW,KDCA
749,KPHX,KLAX
750,RCSS,RCWA
751,K9X1,KHOU
752,NZWU,NZWN
753,KJFK,RCTP
754,KATL,KMIA
755,KDFW,KMCI
756,KSNA,KLAS
757,KBUY,KMMU
758,KMIA,KLAX
759,EDDT,EDDV
760,RCTP,VHHH
761,KDFW,KSEA
762,KEWR,KLAX
763,KLGB,KLAS
764,YMMB,YKTN
765,KDFW,KMIA
766,KSAN,KSMF
767,YOLD,YPAD
768,KDFW,KCMI
769,KSEA,KSFO
770,KORD,EGLL
771,KPHX,KATL
772,KDEN,7PS7
773,WMKK,VHHH
774,KSJC,UT13
775,KCLT,KTYS
776,OTHH,YPPH
777,VMMC,RCTP
778,KJFK,KBUF
779,KBUR,KU42
780,KLAS,KLAX
781,NZAA,NZMZ
782,KRSW,KBWI
783,KSAN,KOAK
784,KATL,KPHL
785,KFUL,KRAL
786,KDFW,KBNA
787,KF70,KMYF
788,KSDF,KBUF
789,OBBI,OERK
790,PAMR,8AK6
791,RJTT,RJBB
792,KATL,KCMH
793,KDFW,KHOU
794,KSMF,KU42
795,CYYJ,CZBB
796,MMTJ,KSAN
797,KCRQ,KIWA
798,KDFW,KOMA
799,KMDW,KDCA
800,KBNA,KISM
801,KBFI,KS50
802,KLAX,KSNA
803,KMIA,KLAS
804,OTHH,VHHH
805,RCTP,VHHH
806,KDFW,KMSP
807,KSFO,EGLL
808,KMIA,KIAH
809,KATL,KDCA
810,KDPL,KRDU
811,KVIS,KOAK
812,KBWI,KMDW
813,KSJC,KSAN
814,KORL,KMDW
815,OMDB,EHAM
816,KLAS,KSEA
817,KTEB,KBNA
818,KMDW,KSEA
819,KSNA,KSFO
820,KJFK,EGLL
821,KLGB,KFUL
822,KDEN,KRDU
823,KDFW,KABQ
824,KCLT,KSAN
825,KIAH,KDCA
826,RCTP,YSSY
827,KBWI,KORD
828,KLAS,KOAK
829,KMDW,KATL
830,UAAA,UKBB
831,KATL,KSFO
832,LIPZ,LIRF
833,KSJC,KPDX
834,KDFW,17II
835,KDFW,KLAS
836,KSFO,KLAX
837,KBUR,KOAK
838,KSBP,KONT
839,YMML,YSSY
840,KCLT,KORD
841,KDAL,KHOU
842,KNOW,KSEA
843,KABQ,KPHX
844,KYKM,KBFI
845,KSAF,KPHX
846,KBLI,KSEA
847,KGEG,KSEA
848,KLVK,63CN
849,KCLT,KMIA
850,KSFO,KLAX
851,KATL,KHOU
852,YCNK,YSBK
853,KCLT,KPHL
854,KDVT,2AZ1
855,KIAH,KSAT
856,KDTW,KBUF
857,3OR8,KPDX
858,KSEA,KU42
859,89TA,KDWH
860,KLGB,KU42
861,KMIA,KBOS
862,RJOO,RJTK
863,KDVT,KCHD
864,YBAF,YWCK
865,KBWI,KRDU
866,WSSS,RKSI
867,KLAS,KLAX
868,KSEA,KSAN
869,KDEN,KCMH
870,YWLM,YSSY
871,KDFW,KSJC
872,KIAH,KRSW
873,KATL,KLAX
874,KBOI,UT13
875,KDFW,KDEN
876,KFLL,KBNA
877,KDFW,KISM
878,KSEA,KPSP
879,KLAX,KU42
880,KONT,KU42
881,KIAH,KMIA
882,KMSP,KCMH
883,MD35,KBWI
884,KHWO,KOPF
885,KDFW,KSAT
886,KATL,KSAT
887,KJFK,EGLL
888,KSEA,43OR
889,KDFW,49FD
890,KDFW,KSAF
891,KLAX,KOAK
892,KDFW,KBOS
893,KMYF,37CA
894,KCLT,KSYR
895,KDFW,KPHX
896,KIAH,KORD
897,CYOW,CYHM
898,78TA,KSAT
899,6PA3,KMDT
900,KCLT,7PS7
901,KATL,KMSP
902,CYYZ,KORD
903,UUDD,ULLP
904,OTHH,RPLL
905,KSFO,KSEA
906,EGSS,EGAA
907,KSEA,KLAX
908,KBWI,KORF
909,KIAH,KTYS
910,KMDW,KBWI
911,KDFW,KATL
912,KBUY,KOSU
913,KCLT,KLAX
914,KDWH,KSGR
915,KATL,KDEN
916,SBKP,SAEZ
917,KBWI,KBOS
918,KDFW,KSBP
919,KCLT,KCVG
920,KCWA,KMKE
921,KGEU,KPRC
922,KIAH,KEWR
923,YBAF,YNAN
924,WN51,KBVS
925,KBWI,KSDF
926,RCKH,RCWA
927,KCLT,KALB
928,EDDK,EGNX
929,KATL,KDEN
930,KDFW,KSFO
931,KLAX,RKSI
932,RCTP,RJFF
933,YSSY,NZAA
934,KFLL,KDCA
935,KLQK,4SC4
936,KLAS,KU42
937,KATL,KDNN
938,KDFW,KFAT
939,KCLT,KSFO
940,KDFW,KSPI
941,K43A,9NC0
942,KSAC,KSCK
943,KMIA,MROC
944,KDFW,KBOI
945,44MO,KMKC
946,KMDW,KOAK
947,KBFI,KBLI
948,KCLT,KW91
949,KHWD,KMOD
950,KDFW,KFLL
951,MD35,KBWI
952,KVIS,KOAK
953,KCRQ,KIWA
954,KSDM,KMYF
955,KBLI,KSEA
956,KDFW,KTUL
957,KLGB,KCRQ
958,KCMA,KVNY
959,KLVK,KMHR
960,KDFW,KPDX
961,KF70,KSMO
962,KCLT,KPNS
963,YSLT,YMES
964,KGEG,KSEA
965,EGSS,EGPH
966,EDDK,EKCH
967,KDFW,KPHL
968,KCLT,KBUF
969,KDFW,KU42
970,VT48,KSYR
971,KCLM,KPWT
972,KDTW,KSDF
973,KONT,KSFO
974,KECP,KIAH
975,YSLT,YMES
976,KIAH,KATL
977,KCLT,KSTL
978,RKSI,RJBB
979,KORL,KPHL
980,KIAH,KSFO
981,KPNE,KPHL
982,EDDP,LFPG
983,NZWN,NZCH
984,KDAL,KPHX
985,KDFW,KONT
986,KBWI,KATL
987,KDTW,KCMH
988,KEIK,0CD7
989,89TA,KDWH
990,KLAX,KMDW
991,KDFW,9CA0
992,KCLT,35MN
993,KJFK,EGLL
994,KDFW,KIAH
995,KIWA,KA39
996,KDTW,KDCA
997,KPWK,CYHM
998,KIAH,KXNA
999,KDEN,KABQ
1000,KSTL,KATL
1001,YWOL,YMEN
1002,KIAH,KBNA
1003,KCLT,KCMH
1004,KOAK,KSNA
1005,KEWR,LLBG
1006,KPHX,KOAK
1007,KU14,UT13
1008,OK13,KRVS
1009,KIAH,KFLL
1010,KDTW,KTYS
1011,KJFK,ELLX
1012,KCLT,KATL
1013,KCLT,KVPS
1014,KDFW,KSAN
1015,KDEN,KPUB
1016,KBWI,KJFK
1017,KPHL,KBOS
1018,KIAH,KIAD
1019,KPHX,KSAN
1020,KDFW,KLAX
1021,KORD,EDDF
1022,YPAD,YOLD
1023,KCLT,PA76
1024,KDTW,KLGA
1025,KSBP,KONT
1026,K06C,KUGN
1027,KCLT,KPHX
1028,K1O2,KSMF
1029,KDTW,KORD
1030,KDFW,KCVG
1031,KGEG,KSEA
1032,KLAF,KTYQ
1033,KIAH,KLAX
1034,KCLT,KDAY
1035,KMIA,KDCA
1036,KFFZ,KA39
1037,PANC,KORD
1038,KIAH,KPNS
1039,KIAH,KTUL
1040,KCLT,KDTW
1041,RCSS,RCWA
1042,KOFK,KOMA
1043,KLAS,KOMA
1044,KBWI,KBKL
1045,KSJC,KLAX
1046,RJOO,RJTT
1047,KDEN,KSNA
1048,3OR8,KPDX
1049,VIDP,VOBL
1050,KTYS,KORD
1051,CYCD,CYVR
1052,KSBA,KRAL
1053,YMML,YBBN
1054,KMIA,KATL
1055,RCQC,RCKH
1056,KSEA,93WA
1057,ZGSZ,RCTP
1058,KOMA,KORD
1059,KALB,KPVD
1060,KIAH,KDFW
1061,KDTW,KJFK
1062,KCLT,KSDF
1063,KIAH,KABQ
1064,KDEN,KEWR
1065,KSBP,KBUR
1066,KLAF,KTYQ
1067,KO69,KOAK
1068,KCLT,KBKL
1069,KIWA,KE67
1070,KDTW,KCVG
1071,64OR,KPDX
1072,KMSS,KBOS
1073,UNEE,UUDD
1074,KSEA,KBOI
1075,KBOI,UT13
1076,KBWI,KCMH
1077,PANC,VHHH
1078,YSSY,KSFO
1079,KDEN,KSFO
1080,KFCM,MN19
1081,KPHX,KABQ
1082,KPWK,CYHM
1083,KL70,KCMA
1084,KDTW,KBOS
1085,KCLT,KOMA
1086,KDEN,KIAH
1087,KSFO,KLAX
1088,EDDP,EGNX
1089,KLAX,RKSI
1090,KIAH,KDEN
1091,KDEN,KSMF
1092,RCQC,RCNN
1093,KCLT,KMDT
1094,KDAL,KISM
1095,PANC,RKSI
1096,KDTW,KRDU
1097,RCTP,PANC
1098,KMDW,KBOS
1099,KDEN,KSJC
1100,KIAH,KMCI
1101,KSTL,KBWI
1102,KLAS,KMDW
1103,KVNY,KWHP
1104,EGNX,EDDK
1105,KMIA,KLAX
1106,KCGZ,KFFZ
1107,KDTW,VT26
1108,KPDX,KSJC
1109,KPHX,KMKE
1110,EDDP,EKCH
1111,KLAX,KHOU
1112,KSBA,KVNY
1113,CYYJ,CYVR
1114,KDEN,KLAX
1115,KDEN,KSEA
1116,KCWA,KMKE
1117,KORD,KDCA
1118,OMDB,VGTJ
1119,EDDK,LIME
1120,PANC,KONT
1121,RKSI,KATL
1122,KDAL,KTUL
1123,KPHX,KAUS
1124,KSFO,KORD
1125,KDTW,KROC
1126,CYYZ,EGLL
1127,OR38,KPDX
1128,KGRB,KMKE
1129,KIND,KDEN
1130,KCLT,KMCI
1131,KDTW,KDAY
1132,KCLT,KBOS
1133,KPDK,8GA7
1134,KDEN,KTUS
1135,YSSY,YBTH
1136,KBWI,KPVD
1137,KDEN,KFAT
1138,KDTW,KALB
1139,KLAX,KSFO
1140,RCTP,VTBS
1141,KCLT,KSAT
1142,KMDW,KRSW
1143,KDEN,KIAD
1144,KPWK,KOSU
1145,KDBQ,15IA
1146,KSTL,KMCI
1147,KIAH,KUTA
1148,KCLT,KPVD
1149,RJTT,RJOO
1150,KDEN,KU42
1151,KRFD,KSCK
1152,KDEN,KCOS
1153,KDAL,KSTL
1154,KJFK,KBOS
1155,RCTP,WMKK
1156,KORL,KHOU
1157,KPRC,KSDL
1158,YSEN,YPJT
1159,KCLT,KFLL
1160,KDEN,KORD
1161,VTBS,VOBL
1162,KO69,KOAK
1163,KGEU,KDVT
1164,KPHL,KTEB
1165,EDDK,LFPG
1166,KDFW,KIAH
1167,EDDP,EDDK
1168,69TE,KAUS
1169,KLAS,KPHX
1170,KSNA,KPDX
1171,YSLT,YMES
1172,KMDW,KSTL
1173,KSFO,KSNA
1174,RPLL,RJBB
1175,YSSY,WSSS
1176,KDEN,KDFW
1177,KDEN,KLAS
1178,KBLI,KBFI
1179,KMYF,KSEE
1180,RJTT,RJFF
1181,KDTW,KBUF
1182,KPHX,KBNA
1183,KBNA,KDTW
1184,KDEN,KPSP
1185,KSFO,KTUS
1186,EDDK,EGNX
1187,EGSS,EGPH
1188,KVIS,KFCH
1189,KRIR,KSBD
1190,KORD,EGLL
1191,KMDW,KMSN
1192,KCLT,KDCA
1193,KDEN,KPHX
1194,EGNX,LIMC
1195,YSCH,YSSY
1196,KPHL,KSDF
1197,KPVD,05II
1198,WSSS,VIDP
1199,KSFO,KMIT
1200,KDAL,KOAK
1201,KBNA,KMKE
1202,KATW,KMSN
1203,KSJC,KLGB
1204,KCLT,KPHF
1205,SBKP,SSJC
1206,KMDW,KISM
1207,KONT,KPDX
1208,19WA,KHIO
1209,KLAX,KLAS
1210,KPHL,KHFD
1211,KDEN,KMCI
1212,PANC,KDFW
1213,SBGR,SSJC
1214,EGNX,EGAA
1215,KDEN,KSBP
1216,KCLT,KIAH
1217,EGNX,EDDP
1218,KSFO,KSEA
1219,KPIT,KDUJ
1220,NZTG,NZAA
1221,KSJC,KLAS
1222,KAUS,KPHX
1223,KJFK,EGLL
1224,KLAS,KSFO
1225,KDEN,KBUR
1226,KDFW,KORD
1227,KFAT,KPHX
1228,KBNA,KBOS
1229,KHOU,KATL
1230,KSTS,KSCK
1231,KMDW,KLAS
1232,KDVT,KFLG
1233,LIEE,LIRF
1234,EGNX,EKCH
1235,KLAX,KPHX
1236,KHOU,KBWI
1237,KSFO,KSAN
1238,KRAL,KEMT
1239,KLAS,KTUS
1240,KBNA,KPHL
1241,K47A,KJZP
1242,KMDW,KPVD
1243,NZCH,NZOM
1244,PANC,KORD
1245,KSFO,KLAS
1246,KSEZ,KPHX
1247,KSJC,KSEA
1248,KMSP,KLAX
1249,KRIV,2CN8
1250,KSNA,KSJC
1251,KDEN,KBOI
1252,SBKP,SBBR
1253,KWVI,KOAK
1254,KSAN,KPHX
1255,CYUL,LFPG
1256,KBNA,KRDU
1257,KBUR,KSMF
1258,KNSE,KNPA
1259,KLGB,KSJC
1260,KPHL,01FA
1261,KDEN,KMDW
1262,KDEN,KSNA
1263,KBWI,KSTL
1264,KDEN,KBNA
1265,CYVR,KSDF
1266,KSMF,KSEA
1267,SBKP,SBVT
1268,KCLT,CYYZ
1269,VOBL,VABB
1270,KMOD,KMHR
1271,KCNO,KSLI
1272,KORL,KLAS
1273,KSEZ,KPHX
1274,KCLT,KBWI
1275,VABB,VOBL
1276,KSFO,KFAT
1277,KSMF,KONT
1278,KMDW,KPHL
1279,KDEN,MO34
1280,KDVT,KPRC
1281,KORD,KMKE
1282,KCLT,KOAJ
1283,YMMB,YOLA
1284,KHOU,KLAX
1285,KSDF,KMQY
1286,KDAL,KLAS
1287,KMDW,KCMH
1288,YPAD,YOLD
1289,YMEN,YBSS
1290,KEMT,KMYF
1291,KBWI,KHFD
1292,KMDW,KSGS
1293,KFNL,KAPA
1294,KAPF,KCLW
1295,KMSP,KSEA
1296,KSAN,KSFO
1297,KDEN,KMSN
1298,KSJC,KBUR
1299,KDEN,KSAN
1300,KLAS,KPHX
1301,KMIA,EGLL
1302,KSFO,KSMF
1303,KDAL,KMDW
1304,KDTW,KIAD
1305,KHOU,KMDW
1306,KSAN,KOAK
1307,KLAS,K1L3
1308,KDEN,KMKE
1309,KSJC,KHIO
1310,EGNX,EGTU
1311,EDDK,KEWR
1312,KMSP,KRDU
1313,KORD,KLAX
1314,KEMT,KMYF
1315,KSFO,CA04
1316,KMDW,KLAX
1317,YPPF,YCVG
1318,KBUR,KLAS
1319,KSUS,KMO6
1320,KMQY,KM33
1321,KOMA,KSUS
1322,EDDK,ESMS
1323,RKSS,RKSW
1324,KLAS,KDAL
1325,YCES,YMMB
1326,KTCY,KRHV
1327,KRDU,KSDF
1328,SBCO,SBGR
1329,KMDW,KSDF
1330,RJFF,RJTT
1331,KMSP,KCVG
1332,KSFO,KPDX
1333,KDEN,KOMA
1334,KMSP,KMSN
1335,KCLT,KDAB
1336,KBFI,WN21
1337,K95F,KTUL
1338,YSLT,YMES
1339,KSTS,KOAK
1340,KAUS,KDEN
1341,KLAX,RKSI
1342,KBOS,KJFK
1343,KDEN,KSAF
1344,KLNC,KRBD
1345,KMSP,KBOS
1346,KPDK,KD73
1347,KSFO,KLAS
1348,KVNY,KHHR
1349,7TN3,1TN0
1350,KORL,KDFW
1351,KDTW,KSYR
1352,YPPF,YCVG
1353,KSFO,KLAX
1354,EBBR,EGNX
1355,KMSP,KORD
1356,OMDB,VHHH
1357,KPSP,KBFI
1358,YPEA,YGIG
1359,KSFO,KSBP
1360,SBGR,SBBR
1361,EDDP,EBBR
1362,KSJC,KIWA
1363,KLAX,KPAE
1364,KORD,KSDF
1365,KPDX,KLAX
1366,EBBR,EKCH
1367,KMSP,KPHL
1368,KPRC,KPHX
1369,YSEN,YPJT
1370,KCMA,KSBA
1371,YSSY,YMML
1372,KPDX,KONP
1373,KSBA,KVNY
1374,KSAT,KDFW
1375,KLCK,KIAD
1376,KSFO,KSAN
1377,YBBN,RCTP
1378,KOLS,KPHX
1379,23NJ,KPHL
1380,KTUS,KDMA
1381,KMSP,KOMA
1382,KTUS,KPHX
1383,YBUN,YPJT
1384,KDAL,KSAN
1385,KSFO,KSBA
1386,YMMB,YMNG
1387,VHHH,KJFK
1388,RJFF,RJTT
1389,KSAN,KLAS
1390,RKSI,PANC
1391,YSSY,YMML
1392,SBVT,SBGR
1393,KDEN,KSAN
1394,YSCH,YSBK
1395,KSMF,KSNA
1396,KSFO,KBOI
1397,KMSP,KMCI
1398,YMMB,YMNG
1399,RJTT,RJFF
1400,GOBD,SBKP
1401,KDFW,KSNA
1402,KSBA,KBUR
1403,PANC,RKSI
1404,KMSP,KDTW
1405,EDDK,EDDP
1406,RPLL,EGLL
1407,KSDF,CYYZ
1408,76WA,96WA
1409,KOXR,KONT
1410,KFWA,KPGD
1411,YPEA,YGIG
1412,RJBB,LFPG
1413,KSFO,KU42
1414,EBBR,LHBP
1415,KDTW,KORF
1416,KONT,KUTA
1417,KSMF,KPHX
1418,KPNE,KPHL
1419,SBKP,KMIA
1420,KNGU,EDFH
1421,KCVG,KPGD
1422,KABQ,KSAF
1423,KMSP,KMKE
1424,RJFF,RJTT
1425,KSTL,KOMA
1426,NZAA,SAEZ
1427,KABQ,KGNT
1428,VECC,VOMM
1429,WMKK,WBKK
1430,KPAN,KPHX
1431,VHHH,RCTP
1432,OMDB,SBGR
1433,YPPH,YMML
1434,KOAK,KPHX
1435,KHOU,KSAT
1436,KSFO,KSEA
1437,KDAL,KSAT
1438,PAEN,PANC
1439,KDEN,KU42
1440,YMMB,YMPC
1441,EBMB,LIMC
1442,YBCS,YYAK
1443,KOMA,KPHL
1444,KMSP,56WI
1445,WMKK,YSSY
1446,MN19,KFCM
1447,VTBS,WSSS
1448,KPHX,KTUS
1449,KLAX,KMSP
1450,LTBA,EDDF
1451,KLAX,RKSI
1452,KSFO,KBUR
1453,KATL,KMCI
1454,KPDX,KSEA
1455,EBLG,EGNX
1456,YPJT,YSEN
1457,YBBN,YSSY
1458,KTPA,KDFW
1459,PANC,KCVG
1460,YSBK,YSCB
1461,KPHX,KSTL
1462,KFAT,KSDF
1463,VOBL,VOMM
1464,EDDK,ESMS
1465,KMSP,KPHX
1466,EDDP,EGNX
1467,KMYF,KVNY
1468,WSSS,YSSY
1469,PANC,6AK3
1470,KSEA,KONT
1471,KMKE,KPTK
1472,RKSI,KJFK
1473,KCLT,KORF
1474,KPDX,KOAK
1475,EDDP,KJFK
1476,KSAN,KPHX
1477,WMKK,WBKK
1478,KORD,KPHL
1479,CZBB,CYPK
1480,EDDK,LEMD
1481,KOLS,KPHX
1482,KTPA,KSDF
1483,KIAH,SBGR
1484,NZCH,NZWN
1485,KCLE,KSDF
1486,KLAX,KDAL
1487,EBBR,LEMD
1488,RCQC,RCKH
1489,YCVG,YPPF
1490,LFPG,KEWR
1491,KSEA,KSJC
1492,YPAD,YOLD
1493,KMIA,KSDF
1494,KPHX,KSEA
1495,YPEA,YGIG
1496,KSNA,KOAK
1497,RCKH,RCWA
1498,KATL,SC32
1499,KMKE,KMSN
1500,YMEN,YSSY
1501,EGNX,LEMD
1502,YMMB,YCES
1503,EDDK,LEBL
1504,KFCH,KVIS
1505,EGAA,EGSS
1506,KATL,KRSW
1507,KATL,KBNA
1508,KC09,KARR
1509,KTYS,KSDF
1510,EDDK,LFPG
1511,RCTP,VTBS
1512,KATL,NC03
1513,KCLT,KSDF
1514,NZCH,NZAA
1515,CYYZ,CYUL
1516,LEZG,UUEE
1517,KLAX,KPHX
1518,VHHH,OTHH
1519,KTPA,KPHL
1520,KBWI,KSDF
1521,KATL,KBOS
1522,RCTP,RJBB
1523,KPUB,KDEN
1524,KATL,KSDF
1525,KDFW,KSDF
1526,RCTP,RPLL
1527,WSSS,YSSY
1528,OMDB,EDDL
1529,KMMU,KIAD
1530,RJOO,RJFF
1531,KDAL,KMKC
1532,KATL,KSDF
1533,CYMX,KSDF
1534,KSEA,KSAN
1535,KDFW,KPSP
1536,KATL,KPHL
1537,RKSI,RCTP
1538,EDDK,EGSS
1539,KATL,KCMH
1540,KSNA,KSMO
1541,KLAS,KMCI
1542,NZAA,YMML
1543,RCTP,WMKK
1544,RJBB,PANC
1545,KTUL,KAFW
1546,KOMA,KPHX
1547,KATL,KRDU
1548,EDDK,EGNX
1549,VTBS,VIDP
1550,KRAL,KFUL
1551,OMDB,KJFK
1552,KPHX,KDAL
1553,EBMB,LEBL
1554,NZCH,NZWN
1555,KATL,EGLL
1556,WSSS,RPLL
1557,OMDB,OBBI
1558,KPVD,KSDF
1559,KSMF,KPDX
1560,KCRQ,KSNA
1561,KATL,KBKL
1562,KATL,KISM
1563,KLAS,KHOU
1564,KCLT,KPHL
1565,KDEN,KABQ
1566,NZWN,NZWU
1567,KABQ,KUTA
1568,KSEA,KSMF
1569,KATL,KORF
1570,KPHL,3PA9
1571,KGYR,KSDL
1572,KBFI,WT77
1573,KMIA,KDFW
1574,KCLE,KPHL
1575,KSEA,KSJC
1576,EDDP,LEMD
1577,KPHX,KSFO
1578,KDEN,KTUS
1579,KDTO,KGLE
1580,KSAN,KONT
1581,YSLT,YMES
1582,EDDK,LPPR
1583,EDDP,LEBL
1584,KDEN,KSEA
1585,CYYZ,CYOW
1586,KSJC,KSNA
1587,KPHX,KSJC
1588,EDDK,ESSA
1589,YAMB,YBAF
1590,OEDF,OEAH
1591,VHHH,WSSS
1592,KDEN,KSJC
1593,KOSU,KSTL
1594,KFLL,KSDF
1595,KTUS,KDMA
1596,KLAS,KBUR
1597,RCKH,RCWA
1598,EDDP,LIMC
1599,YBBN,VHHH
1600,EBLG,ESSA
1601,KPHX,KSDF
1602,KSEA,KSFO
1603,KLAS,KSAT
1604,EDDV,EGNX
1605,KSMF,KSEA
1606,KBOI,KSDL
1607,KSYR,KBUF
1608,EDDK,LKPR
1609,OERK,OMDB
1610,VHHH,PANC
1611,KEFD,7XS0
1612,KOAK,KBUR
1613,KLAS,KONT
1614,KVIS,KSBP
1615,EDDK,LIME
1616,KDEN,KOMA
1617,EBLG,LFML
1618,RJBB,RJTT
1619,YBAF,YSPT
1620,YPPH,YMML
1621,YBBN,WSSS
1622,KLAX,KPDX
1623,EDDP,EGSS
1624,SKBO,KMIA
1625,KDEN,KSMF
1626,KRFD,KSDF
1627,KPDX,KSDF
1628,EBLG,LIPE
1629,RJBB,RCTP
1630,OTHH,FARA
1631,KSEA,KLAS
1632,KAUS,KUTA
1633,KMCI,4IA8
1634,EDDP,EHAM
1635,KJFK,EGLL
1636,YMEN,YPKL
1637,KMDT,8KY6
1638,KTUS,KRYN
1639,OTHH,EGLL
1640,KMIA,KPHL
1641,LFPG,OMDB
1642,EDDK,EIDW
1643,KDEN,KPDX
1644,YSBK,YKAT
1645,KSYR,KROC
1646,EDDK,EDDB
1647,KORD,KLAX
1648,LLBG,EGLL
1649,KDEN,KLAX
1650,KMIA,KSDF
1651,KSEA,CYVR
1652,KBOS,KSDF
1653,KSNA,KUTA
1654,EDDK,LOWW
1655,KMDT,KSDF
1656,YMUL,YPJT
1657,VIDP,VECC
1658,EDDK,EPKT
1659,KSEA,KPHX
1660,KDEN,KLAS
1661,KSYR,KSDF
1662,EDDP,EKCH
1663,KCGZ,KDVT
1664,KDEN,KMCI
1665,KMIA,KCVG
1666,KOAK,KLGB
1667,EDDK,LIPZ
1668,KFWA,KSDF
1669,NZTG,NZAA
1670,KDEN,KSAT
1671,KOPF,KHWO
1672,KIAD,KSDF
1673,EDDP,EBBR
1674,KRBD,KLNC
1675,KLAX,KPDX
1676,EBLG,EIDW
1677,KLAS,KBOI
1678,KPHL,KPTW
1679,KBOS,KMSS
1680,KSBD,KDFW
1681,KDEN,KHOU
1682,KSEA,KLAX
1683,KPHL,KSDF
1684,YGAD,YPJT
1685,KONT,KSDF
1686,LFPG,VIDP
1687,KLAX,KSDF
1688,VHHH,OTHH
1689,PANC,KBFI
1690,EBLG,EDDV
1691,KPHX,KSEZ
1692,KMKC,K4K3
1693,CYMX,CYYZ
1694,KMHR,KSDF
1695,EDDP,EGGW
1696,KPHL,KMIV
1697,KSAN,KUTA
1698,KLAS,KSDF
1699,KSNA,KSMF
1700,EDDP,LIPE
1701,KCHD,KDVT
1702,EDDK,EPWA
1703,KDFW,EGLL
1704,YPPF,YPAD
1705,KATL,KAFW
1706,KSJC,KSDF
1707,LLBG,KJFK
1708,LFPG,LSZM
1709,KLAX,KSFO
1710,KLAS,KUTA
1711,EDDP,LZIB
1712,KVIS,KSNA
1713,EDDK,LDZA
1714,RCTP,VHHH
1715,RKSI,EHAM
1716,KMSP,KDFW
1717,KPHX,KSMF
1718,KMIA,SKMA
1719,YPJT,YBUN
1720,OMDB,OERK
1721,RCTP,VMMC
1722,KOAK,UT13
1723,VECC,VIDP
1724,YCAB,YBAF
1725,KLAX,KSEA
1726,VABB,EGLL
1727,YBBN,YHBA
1728,KLGB,KSDF
1729,KDTW,KSDF
1730,YSBK,YSCH
1731,KBFI,KSDF
1732,RPLL,KJFK
1733,EDDP,EDDK
1734,CYVR,CYYZ
1735,LLBG,LIMC
1736,SBKP,KFLL
1737,KDFW,KSDF
1738,KSJC,KLAS
1739,KBOS,KPHL
1740,KPHX,KLAX
1741,YOLD,YPAD
1742,KSEA,KSAN
1743,RPLL,VHHH
1744,EDDP,LFPG
1745,KSBD,KSDF
1746,EBMB,LFML
1747,KSAN,KSMF
1748,YSLT,YMES
1749,CYVR,KCVG
1750,EDDP,LSZM
1751,KHOU,KEYQ
1752,EBLG,EFHK
1753,KPHX,KONT
1754,KEWR,KSDF
1755,SBGR,KATL
1756,EDDK,UUWW
1757,EBBR,LSZM
1758,EDDP,LFRS
1759,KBOS,KEWR
1760,KOAK,KSLC
1761,EBLG,EDDB
1762,KGLE,KDTO
1763,EDDP,EFHK
1764,KSAN,KSDF
1765,KHMT,KMYF
1766,SAEZ,SKMA
1767,KOAK,KSDF
1768,OBBI,VHHH
1769,KOMA,KSTL
1770,EBLG,LSZM
1771,PANC,VHHH
1772,68CA,KMHR
1773,KONT,KUTA
1774,EDDK,EDDM
1775,KLAS,KSMF
1776,EDDP,ESSA
1777,YMML,YSCB
1778,KSAN,KSJC
1779,KPIT,KPHL
1780,WSSS,VOBL
1781,KRIV,2CN8
1782,EBLG,LEBL
1783,KMSP,KPHL
1784,KDEN,KSTL
1785,YSLT,YMES
1786,KLAX,KUTA
1787,YPAD,YMEN
1788,KFUL,KWHP
1789,KDTW,KPHL
1790,RJOO,RJTT
1791,CT14,KPHL
1792,EBLG,EDDN
1793,SBBR,SBGR
1794,PANC,KLAX
1795,KSEA,KPDX
1796,VHHH,RCTP
1797,KPHX,KDFW
1798,KRDU,KPHL
1799,EDDK,KPHL
1800,K1O2,KMHR
1801,KMKE,KSDF
1802,EBLG,EPWA
1803,EGNX,KPHL
1804,CYHM,KSDF
1805,KONT,KSDF
1806,VHHH,EHAM
1807,KLAS,KPDX
1808,EDDK,LJLJ
1809,KOAK,KLAX
1810,NZAA,NZWN
1811,KOMA,KSDF
1812,RKSI,EHAM
1813,PANC,RKSI
1814,KMAN,KS67
1815,CYXE,CKA8
1816,KEWR,KSDF
1817,WBSB,VHHH
1818,YWVA,YSBK
1819,KPYM,KHYA
1820,RCSS,RCWA
1821,KRBD,28XS
1822,KLGB,KPSP
1823,YBBN,NZAA
1824,KSBD,KUTA
1825,KORD,KLAS
1826,KSFO,KCVG
1827,YMML,NZAA
1828,EBLG,EGSS
1829,VTBS,RKSI
1830,KF41,KADS
1831,KBUR,KSDF
1832,VABB,VOMM
1833,KORS,KRNT
1834,KBUF,KSDF
1835,KPHX,KONT
1836,KJFK,IS40
1837,KSJC,KPHX
1838,KMSP,KSDF
1839,KDFW,KUTA
1840,KABQ,NM74
1841,KSFO,KLAX
1842,EBLG,EGNX
1843,KLAS,KSJC
1844,KONT,KSMF
1845,EDDP,EPWA
1846,YKAT,YSBK
1847,KCRQ,KPHX
1848,RKSI,RCTP
1849,YMEN,YPKL
1850,KSJC,KBUR
1851,RCQC,RCNN
1852,PANC,KLAX
1853,KDEN,KMKE
1854,SBGR,KIAH
1855,KABQ,KDFW
1856,YMML,YPPH
1857,YBBN,YSCB
1858,YPJT,YBUN
1859,KDEN,KSGS
1860,KLAX,KPHX
1861,8GA7,KPDK
1862,KSMF,KSAN
1863,KATL,EDDF
1864,KAUS,KDAL
1865,RJTT,RJFF
1866,KLUK,KCMH
1867,KATL,KPHL
1868,ZGSZ,WMKK
1869,EDDP,LIME
1870,EDDK,LSZM
1871,KFCM,KAPA
1872,KLAS,KSAN
1873,EBLG,LROP
1874,KSBA,KSQL
1875,KBNA,KLAX
1876,KLZU,KAHN
1877,RCKH,RCWA
1878,VABB,VIDP
1879,KMCI,KDEN
1880,KMYF,KEMT
1881,EBLG,OMDB
1882,KMYF,KEMT
1883,RJBB,RKSI
1884,EDDP,EDDF
1885,RJFF,RJTT
1886,KSAT,KDFW
1887,KLAS,KABQ
1888,KONT,KAFW
1889,LLBG,EDDF
1890,EDDP,UUEE
1891,KATL,KDFW
1892,YPPH,YSSY
1893,KPHX,KSDF
1894,KVNY,KHHR
1895,KAUS,KSDF
1896,EBLG,LIMC
1897,KLAX,RCTP
1898,KABQ,KSDF
1899,KMSP,KCVG
1900,KPHX,KBUR
1901,KDFW,KSDF
1902,KMSP,4IL3
1903,KPDX,KBOI
1904,EBLG,LPPR
1905,EDDP,EDDM
1906,KONT,KDFW
1907,PANC,KORD
1908,KRDG,69PA
1909,KLAX,RKSI
1910,YPPF,YGAW
1911,KJFK,PANC
1912,KBWI,KEWR
1913,KORD,KDFW
1914,KDFW,KATL
1915,KVNY,KMYF
1916,EDDP,EKBI
1917,KT54,KAXH
1918,RKSI,KSFO
1919,KMIA,KCVG
1920,KSFO,VIDP
1921,WMKK,WBKK
1922,EDDK,OMDB
1923,KROC,71KY
1924,OTHH,EHAM
1925,YPAD,YBBN
1926,KSLI,KCNO
1927,YBUN,YPJT
1928,EDDP,LHBP
1929,RPLL,WSSS
1930,RKSI,RCTP
1931,VHHH,PANC
1932,KLNC,KRBD
1933,KLAS,KSLC
1934,KEWR,KCVG
1935,EDDP,LIPZ
1936,YSLT,YMES
1937,KORD,KPHL
1938,RCQC,RCKH
1939,KLAX,EGLL
1940,KSAT,KSDF
1941,CYMX,CYHM
1942,EDDP,EPKT
1943,KMAE,KFAT
1944,CYHM,CYMX
1945,KTUL,KSDF
1946,RKSI,VHHH
1947,KEWR,KSDF
1948,KORD,KSDF
1949,EDDP,EDDF
1950,RCTP,ZGSZ
1951,YBAF,YWSG
1952,YSSY,VHHH
1953,NZHN,NZAA
1954,ESMS,ENGM
1955,WMKK,WBKK
1956,CYHM,KPOV
1957,EDDP,LOWL
1958,RCTP,EHAM
1959,RCSS,RCWA
1960,KLAX,KAFW
1961,KIAH,KDFW
1962,KHWO,KFXE
1963,LFPG,LFRN
1964,28XS,KDAL
1965,KU77,UT08
1966,KOAK,KSAN
1967,YSLT,YMES
1968,KPHX,KLAS
1969,LLBG,LIMC
1970,KGSO,KSDF
1971,RJFF,RCTP
1972,VHHH,OTHH
1973,KBOS,KCVG
1974,KOAK,KLAS
1975,KAUS,KUTA
1976,EDDP,LIRA
1977,KIAD,KEWR
1978,KIAH,KSDF
1979,KMDT,KEWR
1980,KBWI,KEWR
1981,WSSS,YMML
1982,KOSU,KPWK
1983,YCAB,YBCM
1984,EDDP,KCVG
1985,KE25,KFFZ
1986,KIAD,KBUY
1987,KBUR,KLAS
1988,RCQC,RCKH
1989,OBBI,OMDB
1990,KSAN,KOAK
1991,RJTT,RJBB
1992,ESMS,EFHK
1993,EDDP,LSGG
1994,RJFF,RJTT
1995,KOAK,KPDX
1996,KBUF,KPHL
1997,WMKK,WBKK
1998,KRDG,KLUK
1999,KATL,KSDF
2000,KFFZ,KCGZ
2001,KLCK,KSDF
2002,KMLI,KSDF
2003,EDDP,EDDS
2004,KPHX,KUTA
2005,KBUR,KWHP
2006,CYCD,CYYJ
2007,NZAA,NZGB
2008,EDDK,LIMC
2009,KJFK,UUEE
2010,YBAF,YWSG
2011,KSGF,KSDF
2012,KATL,KAFW
2013,KPHX,KCVG
2014,KLAX,RKSI
2015,KBWI,KEWR
2016,EKCH,EFHK
2017,KJFK,KCVG
2018,KTUL,KUTA
2019,RJTT,RJOM
2020,KSTL,KSDF
2021,KDEN,KDFW
2022,KBUR,KVNY
2023,YSSY,YSCH
2024,VOBL,VOMM
2025,RKSI,KJFK
2026,NZAR,NZGB
2027,YOLD,YPAD
2028,KPHX,KLAX
2029,EDDP,LKMT
2030,RCTP,VHHH
2031,EKBI,EDTB
2032,KDFW,KSDF
2033,KIAH,KCVG
2034,VHHH,RJBB
2035,YSLT,YMES
2036,OMDB,VABB
2037,KPVU,UT08
2038,KPHX,KOAK
2039,YSBK,YSSY
2040,KONT,KOAK
2041,KSAT,KAFW
2042,VHHH,PANC
2043,KBWI,KCVG
2044,EGGW,EGNX
2045,SBKP,SKMA
2046,KAUS,KAFW
2047,EBLG,BIKF
2048,KORD,LFPG
2049,KIAH,KAFW
2050,KPHX,KONT
2051,KMYF,KF70
2052,LTBA,OMDW
2053,EDDP,UKBB
2054,OMDW,VHHH
2055,KDFW,KCVG
2056,RCSS,RCWA
2057,KSTL,IS40
2058,YSLT,YMES
2059,VHHH,PANC
2060,EDDK,EGNX
2061,KCNO,KSLI
2062,KPHX,KLAX
2063,KSEA,PANC
2064,YSTW,YWBH
2065,KPDX,KONT
2066,VTBS,RCTP
2067,KIWA,KP08
2068,YPAD,YPPF
2069,KLAS,KLAX
2070,EDDP,LIMC
2071,RKSI,PANC
2072,KCHD,AZ00
2073,EGMC,LIMC
2074,VOMM,VOBL
2075,CYVR,CYYJ
2076,EGNX,EGPH
2077,KSEA,KBOI
2078,YSCB,YSBK
2079,EGNX,EIDW
2080,EGNX,EGAA
2081,KATL,KBWI
2082,RKSI,KLAX
2083,YMMB,YPKL
2084,KMIA,SKMA
2085,YCVG,YPPF
2086,EBLG,OTHH
2087,EBBR,LFBD
2088,KLAX,KLAS
2089,KBWI,KMDW
2090,KSEA,KLAX
2091,KPDX,KPAE
2092,YSBK,YSCB
2093,KAUS,KAFW
2094,OMSJ,WSSS
2095,OMDB,VABB
2096,CYYZ,EGLL
2097,KDEN,KSDF
2098,CYYZ,KSDF
2099,KPIA,KSDF
2100,KSNA,KSEE
2101,EKCH,ESGG
2102,YSSY,NZAA
2103,KTUL,KAFW
2104,KFUL,KWHP
2105,UKBB,LHBP
2106,RJTT,RJOS
2107,VHHH,OMDB
2108,EDDV,ENGM
2109,YWLM,YSRI
2110,YBAF,YCHB
2111,LKPR,LHBP
2112,KFFZ,KIWA
2113,KSEA,KOAK
2114,EDDP,LJLJ
2115,KDEN,KAFW
2116,KMIA,KEWR
2117,KSEA,KPDX
2118,KPHX,00AZ
2119,KORD,KSDF
2120,KDFW,4MS7
2121,WSSS,EDDF
2122,LOWW,EVRA
2123,YSSY,YKEL
2124,KLAS,KSJC
2125,CYVR,CYXE
2126,RCNN,RCWA
2127,YCVG,YPPF
2128,OMDB,YMML
2129,NZAA,NZCH
2130,YBUN,YPJT
2131,OTHH,EBBR
2132,YSCH,YSWK
2133,KORD,EDDF
2134,UUDD,LLBG
2135,RKSI,EDDF
2136,EGNX,BIKF
2137,EDDP,EGNX
2138,KPDX,KOAK
2139,PANC,RKSI
2140,EBBR,LFBO
2141,WSSS,YPPH
2142,EDDM,RKSI
2143,9IN9,KSDF
2144,KFFZ,88AZ
2145,YSSY,VHHH
2146,EGNX,EINN
2147,KCVG,EDDP
2148,KJFK,KSDF
2149,EKCH,ENGM
2150,RKSI,ZGSZ
2151,LHBP,EHEH
2152,YSBK,YCNK
2153,KONT,KAFW
2154,SBGR,OMDB
2155,LIPZ,LIRA
2156,UUEE,EGLL
2157,YSCH,YKMP
2158,KLAX,KOAK
2159,NZWN,NZPN
2160,WSSS,RKSI
2161,YBAF,YNAN
2162,OMDB,LSZH
2163,LSZM,LSGG
2164,EGNX,EGAA
2165,RJTT,RJFF
2166,KSAN,KSFO
2167,KLAX,EGLL
2168,YMML,YMHB
2169,YMMB,YKTN
2170,VABB,OMDB
2171,LZIB,EDDP
2172,EDDP,VHHH
2173,LFPG,EGSS
2174,YBUN,YPJT
2175,SAEZ,KMIA
2176,LIME,LIPE
2177,KFAT,KSJC
2178,VHHH,EGLL
2179,RJFF,RJTL
2180,KDEN,KCOS
2181,EDDN,LHBP
2182,OTHH,WSSS
2183,KORS,KAWO
2184,LHBP,EGBB
2185,YSLT,YMES
2186,LKPR,EVRA
2187,ZGSZ,WSSS
2188,1ID3,ID27
2189,0CL3,KSDM
2190,RKSI,EDDF
2191,RCQC,RCKH
2192,VOMM,VIDP
2193,YPJT,YMUL
2194,EBLG,EDDM
2195,KDEN,KLAS
2196,EKCH,EKYT
2197,VIDP,VECC
2198,OTHH,LSZM
2199,PANC,6AK3
2200,KMYF,KF70
2201,ELLX,OTHH
2202,RJTT,RJFF
2203,YMMB,YMEN
2204,YSLT,YMES
2205,VHHH,WSSS
2206,RCTP,RJAA
2207,YSCB,YMML
2208,KPHL,KSDF
2209,OTHH,YMML
2210,SBGR,SKMA
2211,KPTK,KDPA
2212,EDDP,OBBI
2213,EIDW,BIKF
2214,KSFO,KLAX
2215,KDEN,KPHX
2216,YMMB,YMEN
2217,KGLE,KDTO
2218,KSEA,PANC
2219,LOWW,LLBG
2220,RCTP,VHHH
2221,EPGD,EETN
2222,KSDF,KDFW
2223,EDDF,LDZA
2224,YBCS,YBBN
2225,YSSY,YPAD
2226,EDDL,EDDT
2227,KAGC,KHEF
2228,PANC,RKSI
2229,LIEE,LIRF
2230,LFML,LIRA
2231,EFHK,ESSA
2232,KBUY,KIAD
2233,RCTP,VHHH
2234,UUWW,UUYY
2235,VGTJ,VABB
2236,LKPR,EVRA
2237,YBBN,YPAD
2238,KORD,KAFW
2239,KLAX,KOAK
2240,OTHH,SBGR
2241,YCVG,YPPF
2242,EGNX,LIMC
2243,EDDK,EDDT
2244,UAAA,LTBA
2245,WA35,KBLI
2246,OTHH,EGLL
2247,LEMD,EDDP
2248,YMMB,YTDN
2249,RPLL,RCTP
2250,KILN,KSEA
2251,YMML,VHHH
2252,SBGR,EGLL
2253,VOMM,VECC
2254,VIDP,OMDB
2255,EBBR,LSGG
2256,KSDF,KOSU
2257,KORH,KTEB
2258,KATL,KCVG
2259,ESSA,UUWW
2260,VHHH,WMKK
2261,KSTL,KOSU
2262,RJBB,RPLL
2263,KHOU,KDAL
2264,VHHH,EHAM
2265,OTHH,WMKK
2266,YSBK,YSRI
2267,EFHK,LSZH
2268,PANC,KORD
2269,YMMB,YTGG
2270,YBBN,YSSY
2271,VHHH,KLAX
2272,YMMB,YLED
2273,KSAT,KDAL
2274,55PA,KXLL
2275,RCQC,RCKH
2276,KLOU,KJVY
2277,OERK,OMDB
2278,KILN,KIAH
2279,EGNX,EGAA
2280,EKCH,ENZV
2281,RJTT,EDDF
2282,KORD,71KY
2283,EFHK,EDDT
2284,VTBS,RCTP
2285,KATL,KORD
2286,UUEE,EDDF
2287,PANC,RKSI
2288,NZGB,NZAA
2289,EDDH,EDDF
2290,YMMB,YMEN
2291,KSUS,KMKC
2292,VECC,VGTJ
2293,EGNX,EGPH
2294,EIDW,EINN
2295,EDDV,EHAM
2296,K1L3,KLAS
2297,KONT,KOAK
2298,YSLT,YMES
2299,EDDF,LEBL
2300,KMIA,SLVR
2301,YMEN,YMAY
2302,YBOA,YSPT
2303,YSCB,YSBK
2304,LIPZ,LIRA
2305,EKRK,EKEB
2306,VTBS,RCTP
2307,YPKL,YMMB
2308,WSSS,RCTP
2309,EDDM,EDDF
2310,OTHH,EGLL
2311,ENGM,ENZV
2312,ENGM,ENHD
2313,RKSI,VHHH
2314,KPWK,KCMH
2315,YHBA,YCDR
2316,YSBK,YSCH
2317,CYHM,KJFK
2318,YMPC,YMMB
2319,YPPF,YCVG
2320,YSBK,YWBN
2321,KSDF,IS40
2322,EDDH,EDDK
2323,ESSA,ESGG
2324,EIDW,CYYZ
2325,KHYA,KPYM
2326,VHHH,RJAA
2327,LEMD,LPPT
2328,EFHK,EGLL
2329,YPPH,YMML
2330,KEWR,KBWI
2331,ID27,1ID3
2332,LFPG,EDDP
2333,EBLG,KJFK
2334,YCVG,YPPF
2335,YPPF,YCVG
2336,RJBB,RCTP
2337,YARM,YSSY
2338,KRFD,KSDF
2339,RKSI,EHAM
2340,KPTK,KDPA
2341,KSDF,KPHL
2342,VHHH,RKSI
2343,WBKK,WMKK
2344,KILN,KATL
2345,RCTP,RKSI
2346,EDDP,RKSI
2347,KRFD,KSDF
2348,KLAX,RCTP
2349,KEWR,KLAX
2350,LPPR,LPPT
2351,KDFW,KSDF
2352,YMEN,YBNS
2353,VHHH,RJBB
2354,EDDH,EDDS
2355,YSLT,YMES
2356,RCTP,RPLL
2357,RJFF,RJTT
2358,LIMC,LIRF
2359,KLAX,KOAK
2360,RKSI,KLAX
2361,RJBB,RJTT
2362,LFPG,EIDW
2363,KFHR,KBLI
2364,YPPF,YPAD
2365,YMMB,YMNG
2366,VHHH,RCTP
2367,UMMS,LFPG
2368,NZAA,SAEZ
2369,EDDF,ESSA
2370,EIDW,EGLL
2371,PANC,RKSI
2372,ESSA,ENGM
2373,WMKK,WBKK
2374,YMML,YPPH
2375,ULLI,UUEE
2376,OMDB,EHAM
2377,KONT,KMSP
2378,ESSA,EKCH
2379,KLUK,KDPA
2380,CYYZ,RCTP
2381,EIDW,EGSS
2382,LLBG,KJFK
2383,KILN,KPHX
2384,YPAD,YOLD
2385,RCTP,RKSI
2386,KLAX,RKSI
2387,CYVR,KLAX
2388,RCKH,RCWA
2389,KHEF,KBWI
2390,KIAD,KFRG
2391,OTHH,EGLL
2392,RCTP,VTBD
2393,ENGM,ENBO
2394,EKYT,EKCH
2395,VHHH,VIDP
2396,VTBS,RKSI
2397,KP08,KIWA
2398,EFHK,EFTU
2399,KILN,KCVG
2400,EDWE,EDWR
2401,YMMB,YWON
2402,RJTT,RJOO
2403,EVRA,EDDL
2404,RCTP,WSSS
2405,KMKC,KDAL
2406,KU42,KPHX
2407,KBUR,KWHP
2408,CYHM,CYVR
2409,LFML,LFPG
2410,YMUL,YPJT
2411,KWHP,KLGB
2412,VOMM,VIDP
2413,KTEB,KHEF
2414,8CA5,KMYF
2415,OTHH,LFPG
2416,RCQC,RCKH
2417,KSDF,IS40
2418,KLAX,PANC
2419,KILN,KDEN
2420,OTHH,EHAM
2421,RCTP,VHHH
2422,KLAX,RPLL
2423,OMDB,EDDF
2424,RCKH,RCWA
2425,UAAA,EDDF
2426,OTHH,LIRF
2427,YBUN,YPJT
2428,YPJT,YBUN
2429,KCGZ,KCHD
2430,KOSU,KPWK
2431,YTDN,YMMB
2432,KOBI,KPHL
2433,YSSY,VHHH
2434,VOBL,VOMM
2435,KAFW,KOAK
2436,KIAD,KBUY
2437,CYHM,CYVR
2438,OTHH,EDDF
2439,KBWI,KCGS
2440,YSCB,YBBN
2441,KMCE,KSMF
2442,LEMD,LEBL
2443,PANC,RJBB
2444,KRFD,KOAK
2445,CYHM,CYMX
2446,KSJC,KMHR
2447,EBBR,KIAD
2448,SBGR,SAEZ
2449,EDDM,EDDL
2450,KDTO,KLUD
2451,EDDF,EGLL
2452,LFPG,EGLL
2453,KFFZ,KMZJ
2454,LFPG,EKCH
2455,OMDB,EGLL
2456,YPAD,YOLD
2457,KYKM,KBFI
2458,RKSI,KLAX
2459,CYVR,CYYZ
2460,KXLL,PS12
2461,OMDB,VABB
2462,KDTO,KGLE
2463,KBUR,KVNY
2464,SKBO,KMIA
2465,LDZA,LDSP
2466,OMDB,EGLL
2467,EDWE,EDWR
2468,RPLL,WSSS
2469,YBAF,YSPE
2470,VTBS,RCTP
2471,KSDF,KABQ
2472,KORD,PANC
2473,RKSI,PANC
2474,LPPR,LPPT
2475,KABQ,KGNT
2476,YMEN,YBLT
2477,YBBN,YHBA
2478,KSDF,KBFI
2479,LIMC,EDDK
2480,EGSS,VHHH
2481,LEMD,SPJC
2482,KGSO,KHEF
2483,LFBO,LFPG
2484,RPLL,RJBB
2485,EDDM,EDDT
2486,LGAV,LGIR
2487,YSCH,YKMP
2488,KAFW,KTUL
2489,OTHH,EDDF
2490,PANC,KORD
2491,WMKK,RCTP
2492,RJTT,RJFF
2493,KDEN,KOAK
2494,EDDM,LJLJ
2495,KF70,KMYF
2496,WSSS,VHHH
2497,EHMZ,EBOS
2498,ENGM,ENZV
2499,LHBP,LYBT
2500,RCSS,RCWA
2501,WBKK,WMKK
2502,YBBN,YSSY
2503,YCVG,YPPF
2504,NZAA,KHHR
2505,YMHB,YMML
2506,EDDT,EDDK
2507,EFHK,EFTP
2508,CYYZ,CYVR
2509,KLAX,SPJC
2510,KLAS,K1L3
2511,LFPG,EDDT
2512,EIDW,EGLL
2513,EDDT,EDDL
2514,OMDB,EBBR
2515,ESSA,EFHK
2516,ENHD,ENGM
2517,ENZV,ENGM
2518,EDDM,EDDH
2519,KLAX,KEWR
2520,KDAL,KMKC
2521,KJFK,RKSI
2522,LIRF,EDDM
2523,ENUL,ENZV
2524,WMKK,YMML
2525,LSGG,LSZM
2526,EGNX,EDDK
2527,LFPG,OTHH
2528,KAPA,KSUS
2529,KLAX,RCTP
2530,EGLL,LLBG
2531,YPJT,YDVE
2532,LFPG,EGCC
2533,EPWA,UKKK
2534,LOWW,EDDM
2535,RJTT,RJBB
2536,YMAY,YMEN
2537,VHHH,PANC
2538,ENVA,ENBO
2539,EGNX,EDDP
2540,KORD,OTHH
2541,FAOR,FACT
2542,RCTP,VHHH
2543,LIRA,LIPZ
2544,EDDF,EHAM
2545,RJFF,RJTT
2546,KCGZ,KDVT
2547,FAGM,EHAM
2548,KIWA,KFFZ
2549,YPJT,YBUN
2550,KATL,PANC
2551,LIRF,EBBR
2552,YMML,YSSY
2553,ENVA,ENGM
2554,LEBL,LEPA
2555,LSGG,LSZM
2556,RCTP,RJBB
2557,EDDF,KORD
2558,EDDH,EDDS
2559,KLAX,VHHH
2560,KLAX,KSFO
2561,ESGG,ESSA
2562,YSTW,YBBN
2563,KGLE,KDTO
2564,EDDF,LOWW
2565,EDDF,EKCH
2566,VOBL,EDDP
2567,EDDN,LSZH
2568,ESSB,ESSN
2569,EDDK,EDDH
2570,ESSA,EFMA
2571,PANC,KORD
2572,UUEE,ULLP
2573,KSDF,KOAK
2574,YMML,WBSB
2575,KHWD,KVNY
2576,OMDB,LFPG
2577,EIKY,EIDW
2578,KLAX,RKSI
2579,KPVD,KEWR
2580,VHHH,WBSB
2581,WSSS,VTBD
2582,KPHX,KPHL
2583,LIRF,EDDF
2584,EDDF,CYYZ
2585,VHHH,NZAA
2586,OMDW,VHHH
2587,KLAX,KATL
2588,EDDS,EDDP
2589,FAGM,EGLL
2590,EDDF,LFPG
2591,EDDK,EDDP
2592,SKBO,KMIA
2593,KMZJ,KFFZ
2594,YWLM,YSSY
2595,EDDF,EDDT
2596,KMIA,EHAM
2597,LIMC,LEMD
2598,YPJT,YBUN
2599,EKBI,EDDB
2600,ENVA,ENBO
2601,OTHH,LFPG
2602,EDDF,EDDH
2603,KSDF,KSGS
2604,KLAS,K61B
2605,KLAX,KMIA
2606,UUWW,UDYZ
2607,KPHL,KRSW
2608,KWRI,ETAR
2609,KSDF,KEWR
2610,RCTP,RKSI
2611,EHAM,EVRA
2612,KDAL,KMKC
2613,KBWI,KRDG
2614,KSDF,KONT
2615,LSZH,LSGG
2616,EPWA,EPGD
2617,VHHH,VHSK
2618,FAGM,EGLL
2619,NZAA,NZCH
2620,KLAX,KPHL
2621,KPHX,KMIA
2622,LIEE,LIMC
2623,KIND,KOMA
2624,KSFO,YSSY
2625,KMDW,KGYY
2626,EHEH,LHBP
2627,KBNA,KPHX
2628,EKBI,EGCC
2629,VHHH,YPPH
2630,EKCH,ENGM
2631,KSDF,KBOS
2632,YBBN,YSSY
2633,VHHH,RJAA
2634,SKBO,KMIA
2635,KSDF,KATL
2636,EVRA,LOWW
2637,YBBN,YMML
2638,RKSI,WSSS
2639,PANC,VHHH
2640,WSSS,VHHH
2641,YMML,YBBN
2642,RJFF,RJTT
2643,KEWR,KBWI
2644,DAAG,LFPG
2645,KSDF,KEWR
2646,KLAX,RCTP
2647,EDDF,EBBR
2648,UUWW,ULLP
2649,LIRF,LICP
2650,KLAX,VHHH
2651,KAPA,KMKC
2652,PANC,KCVG
2653,KPHL,KMIA
2654,RKSI,KSFO
2655,KSDF,KIAH
2656,LIRF,LICZ
2657,RCKH,RCWA
2658,LTBA,UKBB
2659,KLAX,RCTP
2660,VHHH,RJBB
2661,EDDF,LSGG
2662,VHHH,RJAA
2663,KLAX,RKSI
2664,KPHL,KALB
2665,KEWR,KALB
2666,LFBO,EDHI
2667,EDWE,EDWR
2668,YOLD,YPAD
2669,EGLL,LLBG
2670,LFML,EGSS
2671,OTHH,FARA
2672,EHAM,LPPT
2673,KLAX,NZAA
2674,VHHH,WSSS
2675,RPLL,RJBB
2676,WBKK,WMKK
2677,VECC,VIDP
2678,WMKK,RCTP
2679,EDDF,EDDM
2680,KFRG,KIAD
2681,ENGM,EKCH
2682,KPHL,KCLT
2683,YPJT,YDVE
2684,PANC,KSDF
2685,KPHL,KATL
2686,KDPA,KMKC
2687,RJTT,RJFF
2688,EHAM,VHHH
2689,KPWK,KOSU
2690,OTHH,LFPG
2691,KSDF,KOAK
2692,YHBA,YBMC
2693,RCTP,KLAX
2694,VHHH,RCTP
2695,KLAX,VHHH
2696,KPHL,KORD
2697,YPAD,YMML
2698,UUEE,EDDF
2699,EHAM,LKPR
2700,YOLD,YPAD
2701,LROP,EDDL
2702,VIDP,EDDP
2703,KDFW,KORD
2704,KCVG,KJFK
2705,KIND,KLAX
2706,ENZV,ENGM
2707,KAFW,KAUS
2708,LIRF,LIBD
2709,KSDF,KSAT
2710,KPHL,KSGS
2711,EGLL,OTHH
2712,KSDF,KJFK
2713,LIRF,LIMC
2714,KPHL,7PS7
2715,KLAX,KBNA
2716,EHAM,EGLL
2717,EDDF,LSZH
2718,PANC,KLAX
2719,YMML,OMDB
2720,LSZM,EDDH
2721,KPHL,KRDU
2722,KIND,KATL
2723,EGLL,KJFK
2724,KLAX,RCTP
2725,YPJT,YBUN
2726,ENVA,ENGM
2727,LEMD,SKBO
2728,LEMG,LEBL
2729,KONT,KDEN
2730,EHAM,LOWW
2731,EHAM,ENGM
2732,KSDF,KMIA
2733,KDFW,KDEN
2734,RJOO,RJTT
2735,KPHL,KBUF
2736,RJTT,RJBB
2737,EDNY,EDDL
2738,KSDF,KPHL
2739,PANC,RKSI
2740,EHAM,RKSI
2741,YPJT,YBUN
2742,OTHH,ELLX
2743,EHAM,EHEH
2744,RCTP,PANC
2745,EDDP,LFPG
2746,KRFD,KOAK
2747,YSSY,RCTP
2748,LDSR,LDZA
2749,KEDC,TA63
2750,RCQC,RCKH
2751,EPGD,EPWA
2752,KPHL,KBOS
2753,KDFW,KPHX
2754,EHAM,EDDS
2755,EHAM,EBBR
2756,YBUN,YPJT
2757,EDDT,EFHK
2758,KPHL,KHFD
2759,KAFW,KORD
2760,LIRF,EGLL
2761,NZAA,YSSY
2762,EHAM,EIDW
2763,LFML,DAAG
2764,KEWR,KMDT
2765,KDFW,KMIA
2766,EHAM,LFPG
2767,KRFD,KBFI
2768,EDFC,EDFU
2769,KPHL,KBKL
2770,EDDL,EDDM
2771,ENBO,ENGM
2772,KJFK,CYHM
2773,KSFO,KIAH
2774,WMKK,ZGSZ
2775,EDDF,LLBG
2776,YSCH,YSBK
2777,BIKF,KBOS
2778,KRFD,KMHR
2779,KDFW,KATL
2780,KONT,KABE
2781,EGSS,EIDW
2782,KSDF,PANC
2783,RCSS,RCWA
2784,LIRF,LIEE
2785,YBCS,YBBN
2786,OMDB,OERK
2787,ZGSZ,RKSI
2788,KEWR,KBWI
2789,ENGM,ENZV
2790,OTHH,LSZH
2791,EHAM,ESSA
2792,EHAM,LSGG
2793,YMML,OMDB
2794,YSTW,YSBK
2795,KSDF,KBUR
2796,KSDF,KBUR
2797,KIND,KMSP
2798,KEFD,KAXH
2799,ENVA,ENBO
2800,KMKE,KMKC
2801,VHHH,RKSI
2802,KSDF,KORD
2803,NZAA,YSSY
2804,KIND,KIAH
2805,RKSI,KLAX
2806,KDFW,KISM
2807,KIND,KSEA
2808,KSDF,KDFW
2809,KSFO,KORD
2810,NZAA,NZCH
2811,EDWE,EDWR
2812,KRFD,PANC
2813,KIND,KLAX
2814,EBLG,OTHH
2815,KSDF,KBFI
2816,KAFW,KTUL
2817,KSFO,RCTP
2818,EGBB,LHBP
2819,PANC,KORD
2820,KIND,KEWR
2821,KCCR,KMCC
2822,KSDF,KPHX
2823,YSBK,YSRI
2824,KDFW,KSGS
2825,KLAX,KORD
2826,EBBR,LSGG
2827,EHAM,LSZH
2828,VHHH,WSSS
2829,KSFO,VHHH
2830,KSDF,KPDX
2831,EDDN,EDWQ
2832,KLAX,KIAH
2833,EDDP,OBBI
2834,LFPG,LPPT
2835,RCKH,RCWA
2836,UUWW,LSGG
2837,EHAM,KEWR
2838,OMDB,EDDP
2839,EFHK,EETN
2840,EDDT,EDDM
2841,KSDF,KEWR
2842,KSFO,RKSI
2843,CYMX,4NY0
2844,EHAM,ESGG
2845,KDFW,KRIR
2846,UMMS,UUEE
2847,KSDF,KFAT
2848,KBFI,KYKM
2849,KEWR,KIAD
2850,NZAA,NZWN
2851,KSDF,KMHR
2852,EGPH,LFPG
2853,KSDF,KOAK
2854,RCTP,RKSI
2855,KSDF,KLAX
2856,LOWW,EGSS
2857,KORD,PANC
2858,LEBL,EDDF
2859,LFML,LFBD
2860,KLAX,NZAA
2861,KONT,KOAK
2862,KSFO,RCTP
2863,KSDF,KBOI
2864,CYVR,VHHH
2865,RKSI,KATL
2866,UWWW,UUEE
2867,KIND,KMIA
2868,EGLL,EIDW
2869,KSDF,PANC
2870,EVRA,EHAM
2871,LMML,EGLL
2872,LEPP,EGKB
2873,ESSA,EDDF
2874,KCVG,KMIA
2875,OTHH,EBBR
2876,RJTT,KLAX
2877,KEWR,KBOS
2878,KSDF,KONT
2879,KFDK,KDCA
2880,RJTT,RJFF
2881,KRFD,KPDX
2882,KLAS,KORD
2883,KSDF,KABQ
2884,KAFW,KAUS
2885,EDDH,EDDM
2886,EGLL,LFPG
2887,KSDF,KLAS
2888,PANC,KSDF
2889,EHAM,KORD
2890,EDDF,UAAA
2891,KIND,KATL
2892,EHAM,EDDF
2893,LSGG,LSZM
2894,KSDF,KSAN
2895,KLAX,KSFO
2896,KAFW,KSAT
2897,KIND,KJFK
2898,EDDF,KORD
2899,EHAM,EKBI
2900,CYYZ,CYMX
2901,LFKJ,LFML
2902,OERK,EGLL
2903,KJFK,PANC
2904,KSDF,KMIA
2905,VHHH,RCTP
2906,EHAM,EGPH
2907,LIMC,EGMC
2908,LEBL,LEMD
2909,LFPG,LFBD
2910,KRFD,KIAH
2911,RJBB,VHHH
2912,KORD,ELLX
2913,YMMB,YPKL
2914,KSDF,KJFK
2915,KRFD,KBWI
2916,KAFW,KSEA
2917,KSDF,CYMX
2918,KSDF,PANC
2919,LFPG,SBGR
2920,ENGM,ENZV
2921,KRFD,KDTW
2922,KAFW,KLAX
2923,EDDH,LEPA
2924,KAFW,KDEN
2925,LDZA,EDDM
2926,YMYB,YBBN
2927,VABB,OMDB
2928,KRFD,KPHX
2929,KSDF,KBOS
2930,YMML,YPPH
2931,BIKF,KBOS
2932,RJBB,RJTL
2933,EGCC,LFPG
2934,KC29,KC47
2935,KSDF,KATL
2936,KOAK,KLAX
2937,YSSY,YPPH
2938,KIND,KDEN
2939,RKSI,KLAX
2940,EGLL,EDDF
2941,KAFW,KIAH
2942,EIDW,LFPG
2943,ENGM,ENVA
2944,WMKJ,WMSA
2945,KRFD,KDFW
2946,KSDF,KMCO
2947,EKCH,LFPG
2948,LFPG,KATL
2949,VHHH,KJFK
2950,LFBO,EGNR
2951,KSDF,KEWR
2952,WBKK,WMKK
2953,KIND,KBOS
2954,EGLL,EGPH
2955,KIND,KMCI
2956,EHAM,EGBB
2957,ENGM,ENBO
2958,RKSI,RCTP
2959,LFPG,LFBO
2960,KIND,KDTW
2961,VHHH,RCTP
2962,KRFD,KJFK
2963,KSDF,KSWF
2964,WBKK,WMKK
2965,KDFW,KSAT
2966,ENGM,ENZV
2967,SBVT,SBKP
2968,OMDB,NZAA
2969,EBBR,EDDF
2970,LFPG,LFML
2971,NZAA,KSFO
2972,LIRF,LIMA
2973,KTPA,KIAH
2974,LSZH,EFHK
2975,EGLL,KDFW
2976,KRFD,KEWR
2977,KSDF,KMDT
2978,RCTP,RJFF
2979,ENBO,ENVA
2980,KIND,KMSP
2981,KSDF,KBUF
2982,KIND,KEWR
2983,KVNY,KHWD
2984,RJFF,RJTL
2985,KRFD,KMCI
2986,LEIB,LEPA
2987,KSDF,KBWI
2988,KIND,KLCK
2989,KDFW,KIAH
2990,ENGM,EKYT
2991,LIMC,ENGM
2992,EHAM,OMDB
2993,EBBR,EHAM
2994,KIND,KIAD
2995,KRFD,KSTL
2996,RKSI,CYVR
2997,KSDF,KPHL
2998,LOWW,EDDF
2999,EGLL,EIDW
3000,EGLF,UUWW
3001,KSDF,KDFW
3002,KLNK,KOLU
3003,KSDF,KPVD
3004,RKSI,VTBS
3005,NZAA,RCTP
3006,RCTP,KLAX
3007,SBGR,LSZH
3008,KSEA,RCTP
3009,KSDF,4IA2
3010,EGAA,EGNX
3011,EKCH,ESSA
3012,KSDF,KLCK
3013,YPPH,WSSS
3014,EDDH,EDDF
3015,YOLD,YPAD
3016,NZCH,NZPM
3017,EHAM,RCTP
3018,KSDF,KIAD
3019,EHAM,EDDH
3020,KIND,KORD
3021,YCBG,YMML
3022,ESCM,ESSU
3023,KIND,KBWI
3024,KSDF,KORD
3025,KORD,KSEA
3026,VHHH,WSSS
3027,LFMV,LFPB
3028,LIMC,EDDF
3029,KEWR,LFPG
3030,KSDF,9IL6
3031,KSDF,KRSW
3032,EDDT,EDDF
3033,PANC,RKSI
3034,KSDF,KSAT
3035,LFPG,EDDF
3036,KSDF,CYYZ
3037,EDDM,LIRF
3038,LFML,LFBD
3039,VHHH,KLAX
3040,LSZH,EDDF
3041,KIND,KFKA
3042,RJBB,OMDB
3043,VTBS,RCTP
3044,PANC,KCVG
3045,LFPG,KORD
3046,EKCH,EDDF
3047,KSDF,KOMA
3048,KSDF,KDTW
3049,KCVG,KEWR
3050,KMIA,TBPB
3051,PANC,RJBB
3052,EGLL,KJFK
3053,RPLL,RCTP
3054,KSEA,RCTP
3055,KSDF,KAKH
3056,KSDF,KIAH
3057,ENGM,ESSA
3058,KSDF,KSYR
3059,KCVG,EGNX
3060,KMKE,MI58
3061,EDDF,KIAH
3062,EHAM,EDDL
3063,EDDM,EDDF
3064,KOAK,KLAS
3065,KSDF,KSTL
3066,VABB,OMSJ
3067,EGLL,KLAX
3068,EDDF,RCTP
3069,RCKH,RCWA
3070,KPNS,KDFW
3071,KSDF,CYHM
3072,EETN,EPWA
3073,SBBR,SBKP
3074,OMDB,OBBI
3075,WMKK,VHHH
3076,EHAM,EDDF
3077,KSDF,KRDU
3078,SBCO,SBKP
3079,RCQC,RCKH
3080,LEMD,LIRF
3081,KONT,KDEN
3082,RJOA,RJTL
3083,LSGG,EDDF
3084,RJTT,RJOO
3085,KSDF,KMKE
3086,KDUJ,7PS7
3087,YMEN,YMAY
3088,KDWH,KHOU
3089,EGLL,KJFK
3090,KMKC,KDAL
3091,WSSS,ZGSZ
3092,ENGM,ENZV
3093,EETN,EFHK
3094,RKSI,VTBS
3095,KSDF,KTYS
3096,VHHH,RCTP
3097,KORD,EBBR
3098,EDDS,EHAM
3099,LSZB,LSZC
3100,LIMC,LIRF
3101,KSDF,CYVR
3102,UMMS,LKPR
3103,KSDF,KPHL
3104,EHAM,UKBB
3105,EPWA,EPKK
3106,KBOS,KJFK
3107,KMKC,KSUS
3108,CYOW,CYYZ
3109,KOAK,KSLC
3110,LIMC,EDDV
3111,LEMD,KDFW
3112,KSDF,KSGF
3113,EGLL,EFHK
3114,YSTW,YSSY
3115,LIBD,LIRF
3116,KSDF,KTUL
3117,CYVR,RCTP
3118,KOAK,KSEA
3119,OTHH,EDDF
3120,YSSY,YBBN
3121,LKPR,EHAM
3122,LEMD,LFBD
3123,EHAM,LSGG
3124,KBOS,KPYM
3125,EDDL,EDDH
3126,NZAA,KHHR
3127,KSDF,KMCI
3128,EDDB,EKBI
3129,RJOA,RJTL
3130,KMIA,KCVG
3131,VTBS,VHHH
3132,OMDB,LFPG
3133,KSDF,EDDK
3134,LIRA,EGSS
3135,EBBR,LIRF
3136,EGLL,KEWR
3137,CYVR,KTEB
3138,VIDP,EDDK
3139,VHHH,WMKK
3140,VGTJ,OMDB
3141,YLTV,YMMB
3142,SKBO,KMIA
3143,KOAK,KPHX
3144,ENZV,ENGM
3145,CYUL,CYYZ
3146,KOAK,KPDX
3147,EDDP,LEMD
3148,UMMS,ESSA
3149,RCQC,RCKH
3150,YBBN,YSSY
3151,KFFZ,88AZ
3152,EHAM,UUWW
3153,LOWW,ENGM
3154,RJBB,RJTK
3155,KLAX,CYVR
3156,KONT,PANC
3157,KBUY,KTYS
3158,PANC,KSEA
3159,KMIA,SPJC
3160,KRDU,KSDF
3161,VHHH,OMDB
3162,YPAD,YOLD
3163,EDDP,EGNX
3164,KDFW,KTUL
3165,LEMD,LEBL
3166,KIAD,KEWR
3167,LSZH,WSSS
3168,OMDB,LFPG
3169,EDDB,EKBI
3170,KCVG,PANC
3171,EDDF,LIRF
3172,KSDF,KDEC
3173,YMML,YSSY
3174,PANC,KORD
3175,KCVG,KPHX
3176,EGLL,EHAM
3177,KEWR,KIAH
3178,KONT,KBFI
3179,LEMH,LEPA
3180,VHHH,PANC
3181,PANC,KORD
3182,LFPG,UMMS
3183,OMDB,OBBI
3184,OMDB,YSSY
3185,LSZH,EHAM
3186,LFPG,EHAM
3187,KBUF,KSYR
3188,RKSI,WSSS
3189,KADS,KDFW
3190,NZAR,NZGB
3191,KATL,KSDF
3192,EDDF,RKSI
3193,YRTI,YPJT
3194,RCNN,RCWA
3195,KONT,KPHX
3196,YBCS,YBBN
3197,KDAL,KHOU
3198,RCTP,VHHH
3199,LIMC,LFPG
3200,YPPF,YCVG
3201,YPAD,YSSY
3202,LSGG,EHAM
3203,KCLT,KCVG
3204,WSSS,RJBB
3205,OTHH,LHBP
3206,KONT,KPDX
3207,KBOS,KPHL
3208,UDYZ,UUWW
3209,LILB,LIME
3210,PANC,KORD
3211,RJBB,RCTP
3212,EDDT,LFPG
3213,KCVG,KSEA
3214,VMMC,RCTP
3215,LHBP,UKBB
3216,ENBR,ENGM
3217,KOAK,KLAX
3218,NZAA,NZCH
3219,KONT,KBFI
3220,KCVG,KBWI
3221,ENGM,EHAM
3222,VHHH,RCTP
3223,LFBO,EGNR
3224,KCVG,KSFO
3225,KTPA,KCVG
3226,KDCA,KIAH
3227,KCVG,OBBI
3228,LOWW,EHAM
3229,SBGR,SBBR
3230,KCVG,KHHR
3231,EIDW,EHAM
3232,EDDF,EHAM
3233,EDDF,LSZH
3234,KCVG,CYHM
3235,KJFK,KBOS
3236,KBUY,KMMU
3237,KRDU,KDEN
3238,TXKF,KEWR
3239,KDCA,KMIA
3240,KCVG,KJFK
3241,EPPO,EPKO
3242,KMKC,KLUK
3243,NZCH,NZAA
3244,KIAD,KIAH
3245,KRDU,KDTW
3246,KPHL,KLGA
3247,KLNS,7PS7
3248,RJTT,RJFF
3249,KONT,KABQ
3250,YBBN,YSSY
3251,KVNY,KHHR
3252,VTBS,RCTP
3253,OMDB,OERK
3254,KMIA,MROC
3255,KPDK,0GA4
3256,KORF,KDTW
3257,KBOS,KDFW
3258,RJFF,RJTL
3259,KABE,KCLT
3260,KRSW,KATL
3261,RCSS,RCWA
3262,YPPH,WSSS
3263,KBWI,KEWR
3264,EKBI,EHAM
3265,SBKP,SAEZ
3266,EPKK,EPWA
3267,YBUN,YPJT
3268,RCTP,PANC
3269,KCVG,KMIA
3270,KCVG,PA76
3271,KSYR,KDTW
3272,EDDF,UUEE
3273,RKSI,RCTP
3274,EDDL,LEPA
3275,EHAM,VHHH
3276,KSUS,KDAL
3277,LPPR,EGSS
3278,EDDF,KORD
3279,KCLT,KDTW
3280,OMDB,VOMM
3281,KONT,KOAK
3282,KSEA,PANC
3283,YPAD,YMML
3284,ENUL,ENZV
3285,SKBO,KMIA
3286,RKSI,RPLL
3287,ESGG,EHAM
3288,LIRA,LIEE
3289,KCVG,KMDT
3290,RPLL,OTHH
3291,EGSS,LFML
3292,YLTV,YMMB
3293,KBOS,KCLT
3294,KDFW,KLAX
3295,KRDU,KATL
3296,KROC,KDTW
3297,LEPA,LEMH
3298,KONT,KMHR
3299,KCVG,KBOS
3300,EGLL,LLBG
3301,EDDL,EHAM
3302,VHHH,VIDP
3303,EGLL,KIAD
3304,LFNR,LFML
3305,KBOS,KATL
3306,EGLL,OTHH
3307,CYYZ,KAKH
3308,KCVG,KORD
3309,YMML,YSSY
3310,LEBL,LEMG
3311,KSDF,KBWI
3312,EGBB,EHAM
3313,KILG,KTEB
3314,OTHH,EGLL
3315,EGNX,EGJB
3316,LSGG,LEMG
3317,VHHH,VTBD
3318,KMDT,KCLT
3319,KCLT,KATL
3320,KCVG,KDTW
3321,KBOS,KBNA
3322,EDDF,LEBL
3323,KPHL,KATL
3324,LSZM,LYBE
3325,RCKH,RCWA
3326,EGLL,KBOS
3327,PANC,KORD
3328,KCVG,KIAH
3329,KSDF,KATL
3330,KPIT,KDUJ
3331,EHAM,VABB
3332,EDDH,EHAM
3333,EIDW,KORD
3334,CYYZ,KDTW
3335,EGPH,EGLL
3336,KFLL,KIAH
3337,VHHH,PANC
3338,YPPH,YMML
3339,RCQC,RCKH
3340,KLAX,PANC
3341,KBWI,KCLT
3342,RCTP,VMMC
3343,KMIA,TBPB
3344,KDCA,KATL
3345,K06C,KMDW
3346,RJBB,RKSI
3347,EDDM,LMML
3348,KBOS,KORD
3349,RCSS,RCWA
3350,KEWR,KSFO
3351,VHHH,RCTP
3352,ESSA,EHAM
3353,RKSI,VTBD
3354,RJTT,RJFF
3355,KDCA,KDTW
3356,LEPA,LEMH
3357,KMIA,KATL
3358,KCVG,KLAX
3359,ENVA,ENGM
3360,VHHH,VTBD
3361,KTPA,KSDF
3362,KIND,KDTW
3363,KORD,KIAH
3364,VHHH,CYVR
3365,KCLT,KIAH
3366,KMIA,KIAH
3367,UUEE,EDDF
3368,KRFD,KPDX
3369,KCVG,KISM
3370,VHHH,OTHH
3371,KDTW,KCLT
3372,KBUF,KAKH
3373,LSGG,LPPR
3374,KATL,K5A9
3375,KARB,36MI
3376,ENZV,ENGM
3377,EGPH,EHAM
3378,YSSY,RKSI
3379,EDXF,EDXK
3380,KGAI,3MD4
3381,KCVG,CYMX
3382,ENBO,ENGM
3383,WN61,MT54
3384,KMDT,KSDF
3385,YBBN,YSSY
3386,KSDF,KDTW
3387,KCVG,KPHL
3388,KMKE,WS25
3389,VHHH,PANC
3390,KRDU,KBWI
3391,KCMH,KLAS
3392,KPIT,KATL
3393,YHBA,YBBN
3394,LIMF,LIRF
3395,RKSI,VHHH
3396,KCVG,EGNX
3397,KMIA,SBKP
3398,KRSW,KIAH
3399,KJFK,KCVG
3400,KDTW,KBWI
3401,KSHD,KORD
3402,EDDK,LFPG
3403,LFPG,VHHH
3404,KMIA,SAEZ
3405,VHHH,OMDB
3406,RCTP,VHHH
3407,LIRA,LIEE
3408,KCVG,KDFW
3409,KPHL,KMIA
3410,VHHH,NZAA
3411,KCVG,KDTW
3412,KIAH,KSDF
3413,KPHL,KIAD
3414,EDHI,LFBO
3415,KCMH,KBWI
3416,KMSP,KCVG
3417,KBUF,KDTW
3418,ENVA,ENGM
3419,KBOS,KMDW
3420,KOAK,KMHR
3421,EDDF,LYBE
3422,VHHH,WMKK
3423,KEWR,KORD
3424,KPHL,KATL
3425,KCVG,KDEN
3426,LFPG,GOBD
3427,KDFW,KPHL
3428,RKSI,KLAX
3429,KCMH,KDTW
3430,KTYS,KIAH
3431,DAAG,LFML
3432,KSDF,KMKE
3433,UDYZ,UUWW
3434,EPWA,EPGD
3435,RPLL,OTHH
3436,KPIT,KLNS
3437,VHHH,KSFO
3438,KDCA,KFLL
3439,EGSS,LPPT
3440,RCKH,RCWA
3441,LFPG,LEBL
3442,KIAH,KORD
3443,RCQC,RCNN
3444,KORD,PANC
3445,UUDD,LOWW
3446,LIRA,LIML
3447,EDDH,EDDL
3448,ELLX,OMDW
3449,KABE,KORD
3450,OTHH,EDDF
3451,KDEN,KCVG
3452,KJFK,KRSW
3453,KCVG,KSTL
3454,OMDB,RKSI
3455,MA72,KBOS
3456,KBUF,KDFW
3457,KSYR,KORD
3458,KPHL,KCLT
3459,KTEB,KISP
3460,ENVA,ENZV
3461,EGLL,VHHH
3462,LFBO,LFRS
3463,KIAD,KDFW
3464,OTHH,EKCH
3465,KIAD,KATL
3466,KBWI,KORD
3467,KORD,KATL
3468,EIDW,KIAD
3469,KRDU,KORD
3470,KDCA,KMIA
3471,KCVG,KROC
3472,RCTP,VHHH
3473,KBNA,KIAH
3474,VABB,OMDB
3475,KBUF,KSDF
3476,RJFF,RJTL
3477,NZPM,NZCH
3478,LFPG,DAAG
3479,KPHL,KORD
3480,KDAY,KDTW
3481,LSZH,VHHH
3482,EDDF,LYBE
3483,KOAK,KSAN
3484,KDFW,KMIA
3485,KDCA,KCLT
3486,KSEA,KAFW
3487,KPHL,KBNA
3488,KORF,KORD
3489,OERK,OMDW
3490,KRSW,KBWI
3491,KCVG,KATL
3492,KBWI,KFLL
3493,KHOU,KATL
3494,LFPG,LSGG
3495,KDCA,KDFW
3496,KTPA,KBWI
3497,ZGSZ,RJBB
3498,KEWB,MA72
3499,KORF,KATL
3500,KCVG,KCLT
3501,KDFW,KORD
3502,KIND,KATL
3503,KLEB,KBOS
3504,KCMH,KATL
3505,YMML,YBBN
3506,KMDT,KORD
3507,KMIA,SBKP
3508,KATL,KORD
3509,KDCA,KORD
3510,KMSN,KATW
3511,KPHL,KDFW
3512,KTPA,KBNA
3513,EBBR,KORD
3514,KBWI,KMDW
3515,LPPT,EHAM
3516,PANC,KLAX
3517,KCMH,KAKH
3518,KORF,KBWI
3519,KFLL,KATL
3520,KBOS,KDCA
3521,OMDB,UAAA
3522,OMDB,VOBL
3523,KPHL,KMDW
3524,KDCA,KPHX
3525,KMDW,K06C
3526,KFLL,KBWI
3527,KCLT,KBWI
3528,KCVG,KMKE
3529,KTPA,KIAH
3530,KFLL,KMDW
3531,KBOS,KDFW
3532,KROC,KORD
3533,EDDF,KIAD
3534,KMVY,KBOS
3535,KEWR,KORD
3536,KVNC,KX49
3537,LSGG,EHAM
3538,RKSI,ZGSZ
3539,KABQ,KAEG
3540,KRSW,KSTL
3541,KRDU,KISO
3542,EGLL,CYYZ
3543,KATL,KIAH
3544,OMDB,VHHH
3545,82PA,KDFW
3546,KIAD,KORD
3547,KFLL,KBNA
3548,KPHX,KCVG
3549,KTEB,KMKE
3550,EGGW,ESSB
3551,KMKE,KOSH
3552,KMCI,KIAH
3553,KCMH,KATL
3554,KCHO,KCLT
3555,LFPG,LIRF
3556,RKSI,RCTP
3557,KIND,KDEN
3558,VHHH,WSSS
3559,KIAH,KL65
3560,EGSS,LOWW
3561,K8B1,KBOS
3562,RCTP,KLAX
3563,KORF,KCLT
3564,LFPG,EHAM
3565,KMKE,KCWA
3566,YPAD,YSSY
3567,KRDU,K2A5
3568,KPIT,KATL
3569,EDDF,KEWR
3570,KLAX,KUTA
3571,KDTW,KDFW
3572,KAUS,XS00
3573,KBWI,KSDF
3574,KBUF,KJFK
3575,LFPG,EBLG
3576,OERK,OMDB
3577,EGLL,KORD
3578,WSSS,VOBL
3579,WV28,KORD
3580,KCVG,CYVR
3581,UMMS,LOWW
3582,CYUL,CYYZ
3583,KMTN,KHFD
3584,LIRF,LICJ
3585,EDWE,EDWR
3586,KMKE,KBNA
3587,KABQ,KIAH
3588,EFMA,EFHK
3589,RJOO,RJTL
3590,KSTL,KCLT
3591,VHHH,RCTP
3592,LFPG,CYUL
3593,KMIA,KDFW
3594,KBFI,KAWO
3595,KLOM,KDXR
3596,KTPA,KDFW
3597,RCTP,VHHH
3598,KMKE,KC29
3599,KPDK,4GA9
3600,VHHH,PANC
3601,KBNA,KORD
3602,KIAD,KFRG
3603,KDUJ,KBWI
3604,KMIA,KSDF
3605,KPHF,KIAD
3606,EDDF,ENGM
3607,KXNA,KIAH
3608,KGRR,KDFW
3609,EIDW,EIKY
3610,OMDB,OERK
3611,KTYS,KORD
3612,EDDL,OMDB
3613,LIML,LIMC
3614,KFLL,KPHL
3615,KLAX,KUTA
3616,SBKP,SBBR
3617,BIKF,KORD
3618,CYOW,CYYZ
3619,LIRF,LIMC
3620,KJFK,KLAS
3621,KCMH,KBOS
3622,KDCA,KLAX
3623,KOPF,KHWO
3624,LIRF,LIPZ
3625,KSAT,4TS8
3626,YSSY,WSSS
3627,KSFO,RKSI
3628,KPIT,09PA
3629,KCPK,NC61
3630,YPAD,YPPF
3631,LIRF,LIPE
3632,RCQC,RCKH
3633,KTPA,KDFW
3634,LEMH,LEPA
3635,KSLK,KBOS
3636,29GA,6GA1
3637,KLAL,KX49
3638,LEBL,LEMD
3639,KSFF,KBOI
3640,KSRQ,KDFW
3641,KLAX,KUTA
3642,KOMA,KORD
3643,KDTW,KBNA
3644,SBKP,SSJC
3645,EGLL,LIRF
3646,KATL,KPHX
3647,KDTW,KORD
3648,KLAX,KSEA
3649,KRDU,KMDW
3650,KFAY,KATL
3651,KATL,KSDF
3652,LSZM,LSGG
3653,LKPR,UMMS
3654,KIAH,KMIA
3655,EDWE,EDWR
3656,ZGSZ,PANC
3657,LPPT,LFPG
3658,YBBN,YSSY
3659,KPDK,KBNA
3660,LEPA,LEMG
3661,KPHL,KMIA
3662,RCTP,NZAA
3663,KFWA,KDFW
3664,OMDB,VHHH
3665,KIAH,KSDF
3666,KGSO,KDFW
3667,OBBI,VHHH
3668,KMKE,KCWA
3669,4MI4,KORD
3670,KMSP,KMDW
3671,LFMV,LSGL
3672,LFPG,LIRF
3673,EDDF,EETN
3674,KCVG,KMIA
3675,KJFK,KBOS
3676,EDDF,LEMD
3677,KORL,KDFW
3678,EDDF,VHHH
3679,EHAM,OMDB
3680,EGLL,RKSI
3681,KMCI,35MN
3682,KONT,KSDF
3683,KGRR,5MI1
3684,KRDU,KISO
3685,KPDK,KGVL
3686,KSAT,KDEN
3687,EDDF,CYYZ
3688,YPPH,YMML
3689,LEPA,EDDH
3690,KMSP,KORD
3691,ESTA,ESSB
3692,EDDF,ESSA
3693,KMCI,KDFW
3694,KPHX,KLAX
3695,KBUF,KORD
3696,NZAA,VHHH
3697,KCLT,KDFW
3698,KORD,KDTW
3699,KLNS,14PS
3700,KRDU,KETC
3701,EDDF,LOWW
3702,KDAY,KORD
3703,EHAM,OTHH
3704,OMDB,OMDW
3705,LLBG,EDDF
3706,KTYS,KDTW
3707,EBLG,OTHH
3708,EDDF,LPPT
3709,OTHH,LEMD
3710,EDDF,RKSI
3711,EKBI,EKSB
3712,VOBL,LTBA
3713,KC29,KC47
3714,KSAT,83TE
3715,RCQC,RCKH
3716,KCLT,KMIA
3717,KTUL,KIAH
3718,KLNK,KORD
3719,KTPA,KSDF
3720,KEWR,KLDJ
3721,LFBD,LSZM
3722,7OH2,KORD
3723,RCTP,KSFO
3724,KOSH,KGRB
3725,RKSI,RPLL
3726,EGLL,KJFK
3727,KRDU,KBNA
3728,KSYR,KROC
3729,OBBI,OMDB
3730,KSAT,KDAL
3731,KTHV,KDMW
3732,KMIA,SBGR
3733,ESSA,UMMS
3734,KPHX,KSDF
3735,MROC,KMIA
3736,KGSO,KATL
3737,EPGD,LKPR
3738,YBBN,VHHH
3739,KMKE,KPHX
3740,KBOS,KSDF
3741,KMCI,KORD
3742,KCMH,KDFW
3743,EHAM,KSFO
3744,KOSU,OI01
3745,LFPB,LFST
3746,KK02,KSTL
3747,YWLM,YSSY
3748,KSDF,KORD
3749,KJFK,KCVG
3750,KDFW,XA09
3751,KTEB,KSTL
3752,CYUL,CYQB
3753,KLAS,KUTA
3754,KECP,KDFW
3755,KEWR,KIAD
3756,KRDU,KETC
3757,OMDB,VIDP
3758,KRSW,KDFW
3759,KONT,KUTA
3760,LEMD,EGMC
3761,NZAA,NZCH
3762,KDFW,86TE
3763,KOMA,35MN
3764,EGLL,UUEE
3765,LPPT,LPPD
3766,KMSP,KDEN
3767,KATW,KORD
3768,KEWR,KBOS
3769,KATL,KSTL
3770,KVPS,KDFW
3771,KRDU,NC48
3772,VHHH,YSSY
3773,KAUS,TS18
3774,KORL,KBNA
3775,KMDT,6PA3
3776,YSSY,RCTP
3777,KJFK,KSDF
3778,KPIE,FA40
3779,RJFF,RCTP
3780,KORD,KDFW
3781,KBMI,KDFW
3782,KDCA,KSEA
3783,PANC,KORD
3784,KMSN,KORD
3785,KIAD,KEWR
3786,KORD,KSEA
3787,KTUL,KSTL
3788,KEWR,KBWI
3789,ENGM,OTHH
3790,KCMI,KDFW
3791,KMIA,SKMA
3792,NC61,KCPK
3793,KORL,KHOU
3794,KDCA,KDEN
3795,EDDF,EFHK
3796,YMML,YSSY
3797,KC29,KMKE
3798,CYUL,CYYZ
3799,CYOW,CYYZ
3800,KMDW,KFLL
3801,EGLL,KMIA
3802,KJFK,KLAX
3803,KHOU,KDAL
3804,VHHH,RKSI
3805,KDAL,KHOU
3806,KHWO,KOPF
3807,EFHK,ESSA
3808,CYXE,CYVR
3809,KAUS,KATL
3810,KOMA,KMDW
3811,KBOS,KFLL
3812,EDDF,EGLL
3813,KMLI,KORD
3814,KDAL,KBWI
3815,YBBN,YPAC
3816,KROG,KSDL
3817,KHPN,KTTN
3818,KLCK,8OA7
3819,KORD,KSEA
3820,KAUS,KLAS
3821,SKBO,KMIA
3822,CYYZ,CYUL
3823,KEWR,KOAK
3824,CYYZ,CYOW
3825,KATL,KDFW
3826,KCVG,KORD
3827,KHOU,KDEN
3828,KRDU,KDCA
3829,KPDK,4GA9
3830,KMCI,KDEN
3831,KBOS,MA55
3832,KMSN,KDFW
3833,KCMH,KORD
3834,NZCH,NZAA
3835,KNSE,K12J
3836,KIAH,KSFO
3837,KBNA,KATL
3838,KEWR,KDFW
3839,KATL,KLGA
3840,RCTP,VMMC
3841,KLAX,KUTA
3842,KSAT,KMDW
3843,KJFK,KLAX
3844,PANC,VHHH
3845,KDAY,KDFW
3846,KOPF,KTEB
3847,KBUF,3NK5
3848,KBFD,7PS7
3849,KSYR,KSDF
3850,KCVG,KATL
3851,KSTL,KORD
3852,KBOS,35MN
3853,KAUS,KMDW
3854,KMKE,KSGS
3855,KORD,KSFO
3856,KNSE,0AL5
3857,KDAL,KATL
3858,KPIA,KORD
3859,KTPA,KDAL
3860,KMSP,KSDF
3861,EGJB,EGHI
3862,EPWA,EPGD
3863,SBGR,SBBR
3864,KFAM,KSTL
3865,KLAX,EDDP
3866,KCVG,KTUL
3867,KBFI,KPDX
3868,YSSY,NZAA
3869,LIRF,EGLL
3870,OTHH,ELLX
3871,VHHH,YMML
3872,KORL,KMDW
3873,KAUS,KDAL
3874,KOMA,KSTL
3875,KHOU,KMDW
3876,KMAN,ID44
3877,KIND,KORD
3878,LLBG,EBBR
3879,8NC6,KIGX
3880,KSAT,KDAL
3881,KSEA,PANC
3882,WSSS,VHHH
3883,ENVA,ENBO
3884,KCMH,KMDW
3885,KABQ,KSDF
3886,KBOS,KDFW
3887,5MD8,KDCA
3888,LIME,LMML
3889,KBWI,3MD5
3890,PANC,VHHH
3891,KMQY,KPDK
3892,KDPA,KLUK
3893,KMSP,MN41
3894,KMKE,KORD
3895,KFLL,KDAL
3896,LTBA,UAAA
3897,KPHL,LFPG
3898,KBOS,VG64
3899,UUEE,KJFK
3900,KSDF,KDFW
3901,KDFW,KSDF
3902,OMAA,RPLL
3903,KNDZ,FD82
3904,KTYS,KDFW
3905,KRDU,KMSP
3906,KDAL,K24A
3907,KMIA,KSDF
3908,KPHL,35MN
3909,ENVA,ENBO
3910,LFPG,LEMD
3911,KLNS,KBWI
3912,KHOU,KBNA
3913,PANC,KORD
3914,KSDF,PANC
3915,KIAH,KSDF
3916,KNSE,KGZH
3917,KATL,KPHX
3918,RKSI,VHHH
3919,KNGU,NC61
3920,KOPF,KHWO
3921,KTUL,KDAL
3922,EDDF,LFPG
3923,KE80,KAVQ
3924,KK52,KSTL
3925,KDFW,KIAH
3926,OMDB,WSSS
3927,UAAA,UKBB
3928,KSTL,KDFW
3929,KJFK,EGNX
3930,KAPA,KFCM
3931,KC15,KATL
3932,KPHL,KTEB
3933,UUEE,ULLP
3934,KDTW,KFLL
3935,KEWR,KPHL
3936,EDDF,LMML
3937,KMCI,KSTL
3938,EDDF,EDDH
3939,YSSY,WMKK
3940,KSAT,KATL
3941,KATL,KIAD
3942,49OH,KMDW
3943,KSTL,KOMA
3944,EHAM,EVRA
3945,KEWR,KDEN
3946,KDEN,KSDF
3947,KIAH,KATL
3948,WSSS,RCTP
3949,KPHX,KDFW
3950,KATL,KJFK
3951,KOAK,KSDF
3952,KLAF,KCFJ
3953,2PA6,KRDG
3954,KSPI,KDFW
3955,KDFW,KMIA
3956,KPDK,6GA0
3957,KSAT,KIAH
3958,KBNA,KSTL
3959,KMIA,MROC
3960,KPJC,98PA
3961,YPPH,YMML
3962,EGJB,EGHI
3963,KATL,KCMH
3964,KBWI,KBOS
3965,KEWR,KSDF
3966,KSAT,KUTA
3967,KDFW,KATL
3968,KOMA,38NE
3969,LEMD,EDDK
3970,KLAX,KEWR
3971,LFPG,LFML
3972,KMIA,MROC
3973,KMSP,KATL
3974,VHHH,PANC
3975,KBOS,KSYR
3976,KBWI,KMSP
3977,KSTL,5IL2
3978,KSAT,KSDF
3979,KPHL,KDFW
3980,KATL,KLAX
3981,KDFW,KLAX
3982,KOMA,50NE
3983,KNSE,K12J
3984,KFLL,KATL
3985,KATL,KRDU
3986,KBNA,KDFW
3987,KPHL,EGNX
3988,KX50,34FD
3989,KHYA,KBOS
3990,K2A5,KRDU
3991,RCTP,VHHH
3992,KPHX,KUTA
3993,KOMA,KDFW
3994,KATL,KDFW
3995,KEWR,KLAX
3996,EHAM,KDTW
3997,YBBN,YMML
3998,LFPG,KJFK
3999,KDFW,KORD
4000,KORL,KDEN
4001,KBWI,DE15
4002,RJTT,RJBB
4003,45OH,KI69
4004,KMHR,KSDF
4005,KMDW,KBWI
4006,KBOS,KBWI
4007,KDTW,KORD
4008,KJFK,KATL
4009,SBBR,SBGR
4010,KNSE,FD82
4011,LIRF,LIMC
4012,EFHK,EETN
4013,KATL,KBOS
4014,KSAT,KIAH
4015,KDTW,KSAT
4016,KMIA,KDCA
4017,CYYZ,CYEE
4018,KLAX,KSFO
4019,EKSB,EKOD
4020,KTPA,7PS7
4021,KDTW,KMIA
4022,EDDF,EHAM
4023,YSSY,NZAA
4024,KATL,KDCA
4025,KDTW,KPHX
4026,SBBR,SBGR
4027,KDAL,KMDW
4028,KAPA,KMKC
4029,KDTW,KATL
4030,KJFK,KSDF
4031,KFRG,KHWV
4032,KIAH,KAPA
4033,KBNA,KFLL
4034,VIDP,VHHH
4035,PANC,KSEA
4036,KDTW,KLAX
4037,KPHX,KSDF
4038,YMML,YSSY
4039,EDDF,EDDT
4040,KDCA,KPHL
4041,KSEE,KOXR
4042,KDTW,KMCI
4043,LSGG,LSZH
4044,KBWI,KATL
4045,CYYZ,CYYB
4046,KDTW,7PS7
4047,KTUL,OK25
4048,KAPA,KSDL
4049,KATL,KRSW
4050,LHBP,LOWW
4051,KTPA,KBUF
4052,KDTW,KSFO
4053,KAUS,KIAH
4054,EDDL,LSZH
4055,KDEN,KDTW
4056,KDAL,KOAK
4057,KNSE,KGZH
4058,KLAX,KPHX
4059,KBOS,KLAX
4060,YSSY,YBBN
4061,KSGR,87TE
4062,KPHX,KPHL
4063,EHAM,KATL
4064,KMIA,KPHL
4065,KMGY,77OH
4066,KDTW,KISM
4067,KPDX,KDFW
4068,ENGM,ENBO
4069,KNSE,0AL5
4070,YSSY,YMML
4071,KFFZ,KE63
4072,KPHL,KSDF
4073,KBOS,KRSW
4074,KABQ,KPHX
4075,LFPG,GMMN
4076,EDDF,UUEE
4077,EDDF,EBBR
4078,CYUL,CYVR
4079,KMKE,KISM
4080,KDTW,KCVG
4081,KPHL,KSDF
4082,CYYZ,CYVR
4083,NZAR,NZAA
4084,LLBG,EGLL
4085,KDTW,KSEA
4086,KBFI,KSDF
4087,KBWI,KBNA
4088,PANC,KSDF
4089,KATL,KMSP
4090,RCTP,PANC
4091,KORD,KLCK
4092,UUEE,EDDF
4093,KUES,KHXF
4094,CYVR,CAM3
4095,KMCI,KATL
4096,KABQ,KDAL
4097,EGSS,LIRA
4098,KAGC,KHEF
4099,LSZH,OMDB
4100,KSRQ,KATL
4101,KORD,WI87
4102,KCFJ,KLAF
4103,RJBB,VHHH
4104,RKSI,ZGSZ
4105,KGEG,KBFI
4106,RCTP,PANC
4107,EDDK,LFPG
4108,KNSE,KGZH
4109,OMSJ,VABB
4110,KDEN,KPHL
4111,EBBR,ENGM
4112,SBKP,SPJC
4113,PANC,KORD
4114,EDDF,LSZH
4115,LIRF,LICJ
4116,RKSI,VHHH
4117,KDEN,KSDF
4118,KDTW,KSGS
4119,KMCI,KDAL
4120,LFKJ,LFML
4121,KATL,KSEA
4122,KDTW,KATL
4123,KRDU,66NC
4124,EIKY,EIDW
4125,4GA9,KPDK
4126,LSZM,LSGG
4127,OBBI,OTBH
4128,KATL,KSFO
4129,KMIA,SKMA
4130,LEMH,LEPA
4131,KAPA,KBJC
4132,RKSI,VHHH
4133,KLAX,KSWF
4134,VHHH,VTBD
4135,KAUS,KMSP
4136,KDTW,KSTL
4137,KBNA,KIAD
4138,KDEN,KAUS
4139,KHOU,KTYS
4140,LIRF,LEMD
4141,EHMZ,EBOS
4142,KDLL,KMSN
4143,KBWI,KRDU
4144,KSTL,KDAL
4145,KDFW,4MS7
4146,KMIA,KJFK
4147,KMCI,KISM
4148,KAUS,KDEN
4149,KDTW,KLGA
4150,KFTY,KLZU
4151,KDTW,KBOS
4152,KCMH,KMDW
4153,KJST,7PS7
4154,WN51,KBLI
4155,KSEA,KDTW
4156,KONT,KSDF
4157,VIDP,VHHH
4158,KPSP,KU42
4159,KDTW,KLAS
4160,KGYR,AZ05
4161,KHOU,KLAS
4162,KGEG,KSEA
4163,OTHH,LFPG
4164,YSSY,YMML
4165,EFTU,EFMA
4166,KLAX,KEWR
4167,KSEA,KDFW
4168,KSFO,KORD
4169,EGSS,LPPR
4170,KMSN,56WI
4171,KONT,KPHL
4172,KDFW,KSGS
4173,VMMC,RCTP
4174,KMIA,KDFW
4175,LSZB,EBKT
4176,YSSY,NZAA
4177,RKSI,PANC
4178,EGLL,KSFO
4179,KNSE,KGZH
4180,KBWI,KL65
4181,KTPA,KAFW
4182,KDCA,KDFW
4183,EFHK,EGLL
4184,KPDX,KSEA
4185,KSBP,KDFW
4186,KONT,KU42
4187,NC61,KNGU
4188,KPHL,EDDK
4189,EPGD,EPWA
4190,EHAM,KJFK
4191,KSFO,KDFW
4192,KJFK,KFLL
4193,KPHX,KDTW
4194,EGLL,LMML
4195,OMDB,VOMM
4196,KPDX,KSEA
4197,KBOI,KLAS
4198,CYKZ,CYHU
4199,KPHL,EGSS
4200,KIAH,MROC
4201,KBOI,KPDX
4202,KBJC,KAPA
4203,KGEG,KSEA
4204,KDEN,KLAX
4205,KSYR,KROC
4206,KNSE,K12J
4207,KLAX,KU42
4208,LIMF,LIRF
4209,KMCE,KLAX
4210,KIAH,KUTA
4211,KCHD,KDVT
4212,KORD,KSDF
4213,KHIO,KSJC
4214,KDEN,KBNA
4215,EFHK,EHAM
4216,KSGF,KDFW
4217,KSMF,KDFW
4218,KBOI,KDFW
4219,KDEN,KSAN
4220,VHHH,RCTP
4221,KSEA,UT13
4222,KFAT,KDFW
4223,KATL,KMDW
4224,KBNA,KMDW
4225,KSJC,KDFW
4226,KDEN,KSTL
4227,KSBM,KENW
4228,KMDW,KDCA
4229,EHAM,LFPG
4230,WSSS,VHHH
4231,EDDF,EKCH
4232,KORD,KFLL
4233,SBSP,SSJC
4234,KBWI,KLAX
4235,KBWI,KDUJ
4236,KSMF,KLAX
4237,KPDX,KU42
4238,NZCH,NZPM
4239,KDEN,KBOS
4240,KNSE,K12J
4241,KIAH,KDFW
4242,RKSI,PANC
4243,KIND,KBWI
4244,KOMA,KSDF
4245,KNSE,K12J
4246,KOAK,KVIS
4247,KMDW,KDAL
4248,KCVG,KDFW
4249,PS66,PN38
4250,KIAH,KL65
4251,KBWI,KLNS
4252,KFAT,UT13
4253,KATL,02XS
4254,KBNA,KTEB
4255,KSAT,KDFW
4256,LIRF,LFPG
4257,KDFW,KONT
4258,EHAM,OTHH
4259,KCLT,KRSW
4260,OMDB,ZGSZ
4261,KCLT,KPHX
4262,PN14,KBTP
4263,KHEF,VA87
4264,KHWV,KFRG
4265,ENVA,ENGM
4266,KORD,KPHX
4267,KNSE,KNFD
4268,KLAX,KSFO
4269,YSSY,YBBN
4270,KMCI,KMDW
4271,KAPA,KHOU
4272,PN56,6PA1
4273,SDAA,SDNI
4274,PS82,KCDW
4275,KBWI,KFLL
4276,YMML,YBBN
4277,KS67,ID35
4278,KONT,KSDF
4279,KORD,KDCA
4280,KPDX,KSDF
4281,KBWI,KRSW
4282,KDTW,KDFW
4283,LDZA,EDDF
4284,KCLT,KLAS
4285,PANC,KORD
4286,KSAT,UT13
4287,KHWO,KOPF
4288,LIPD,LIPQ
4289,KDEN,KPUB
4290,KOMA,KPHX
4291,KGEG,KU42
4292,KHWO,KOPF
4293,KDTW,KIAH
4294,KPHX,KLAX
4295,KATL,KISM
4296,EFHK,LFPG
4297,OTHH,RKSI
4298,KDFW,KUTA
4299,RKSI,PANC
4300,4GA9,KPDK
4301,VT52,VT15
4302,LIPZ,LIRF
4303,WMKK,OTHH
4304,VHHH,OMDW
4305,KOAK,KSDF
4306,KHOU,KDAL
4307,LEPA,EDDL
4308,KLAS,KLAX
4309,KNSE,KNBJ
4310,EKOD,EKBI
4311,KCLT,KBOS
4312,KTEB,KBED
4313,KTYS,KATL
4314,KCLT,KIAH
4315,UUWW,UUBW
4316,KBWI,KLAS
4317,KATL,KFLL
4318,KOPF,KHWO
4319,LTAC,EDDL
4320,EGLL,OTHH
4321,RKSI,KLAX
4322,LIPE,LIRF
4323,EDFE,EDFC
4324,KBOS,21NH
4325,KIWA,KSJC
4326,KATL,KRSW
4327,KHBI,KBUY
4328,KOAK,KVIS
4329,KISP,KBDR
4330,KGEG,KOAK
4331,KSMF,KPHL
4332,KLAX,KSGS
4333,LSGG,LFPG
4334,KNSE,KGZH
4335,KLAS,KSDF
4336,KORD,KPHL
4337,IL38,KARR
4338,KCLT,55GE
4339,KBNA,KBWI
4340,KDVT,KCGZ
4341,KIAD,KEWR
4342,KTEB,KFRG
4343,EDDF,LIMC
4344,KADS,KHOU
4345,EGLL,OTHH
4346,KCLT,KSYR
4347,EFHK,ESSA
4348,KABQ,KGNT
4349,KCLT,KPHF
4350,KNSE,K12J
4351,KOMA,KSDF
4352,YSSY,YMML
4353,EIDW,KJFK
4354,KMNN,KOSU
4355,KGSO,KORD
4356,KBWI,KORF
4357,KSDL,KFFZ
4358,KPYM,KHYA
4359,KDAL,KLAS
4360,KABQ,NM49
4361,KATL,KLAS
4362,KMKE,KDCA
4363,KX50,KDAB
4364,KIAH,KSDF
4365,KCLT,KDFW
4366,KBWI,KCLT
4367,EHAM,CYYZ
4368,KFLL,FA37
4369,KORD,KLAX
4370,KPHX,KMDW
4371,KMYF,KPMD
4372,LIMC,LIRF
4373,KCLT,KMIA
4374,VHHH,PANC
4375,KBOS,KJFK
4376,KNSE,KGZH
4377,KCLT,KATL
4378,CYVR,CYHM
4379,KCLT,KABE
4380,KORD,KDFW
4381,KCLT,KRDU
4382,KSAN,KU42
4383,KEWR,TXKF
4384,KSJC,KDFW
4385,KPDX,KSDF
4386,KDCA,KTYS
4387,KNSE,KMVC
4388,VHHH,YSSY
4389,4GA9,KGVL
4390,LPPR,LSGG
4391,KONT,KUTA
4392,KEWR,KSDF
4393,KSAN,KDFW
4394,K12J,FD82
4395,34XS,TS87
4396,KABQ,NM01
4397,KPHX,KHHR
4398,KBWI,KEWR
4399,OTHH,EDDM
4400,KTPA,KDFW
4401,KDEN,KATL
4402,KA39,KCHD
4403,KSNA,KAJO
4404,KABQ,NM49
4405,KSDL,KSEZ
4406,KCLT,KTYS
4407,ESSB,ESSN
4408,KFAY,61NC
4409,KBOS,NH78
4410,LLBG,EDDF
4411,KAUS,KDFW
4412,KPHX,KABQ
4413,LFRZ,LFBO
4414,KMOD,KSAC
4415,KSAN,KSDF
4416,RKSI,VHHH
4417,KDFW,KSDF
4418,LFPG,EDDM
4419,KJFK,KDTW
4420,KOMA,KAKH
4421,KDAL,KAPA
4422,KORD,35MN
4423,KNSE,KGZH
4424,KRIR,KSBD
4425,KLAX,KORD
4426,KTUL,KDFW
4427,KHOU,KDFW
4428,KDEN,KATL
4429,EDDF,OTHH
4430,KSNA,KSBA
4431,KCLT,KSDF
4432,KMSP,KBNA
4433,KALB,KDTW
4434,2NJ3,KTTN
4435,KDEN,1CO7
4436,EFHK,VHHH
4437,KATL,KBWI
4438,KPVD,KMVY
4439,KNSE,0AL5
4440,KIWS,KSAT
4441,EDDF,OTHH
4442,KS67,KBOI
4443,KSAN,KMDW
4444,KSEA,KHHR
4445,KDCA,KBOS
4446,KORL,KDFW
4447,EGLL,KORD
4448,KIWA,AZ00
4449,LIEE,LIRF
4450,KXNA,KDFW
4451,KNSE,93FD
4452,KSAF,KDFW
4453,RKSI,VHHH
4454,OERK,OMDB
4455,KONT,KDFW
4456,SC86,4SC4
4457,KCLT,KHHR
4458,KSAN,KMSP
4459,LEMD,OMDB
4460,KFAT,KSDF
4461,KOAK,KSDF
4462,EHLE,EHMZ
4463,KFDK,KDMW
4464,KBWI,KCVG
4465,KORD,KMIA
4466,VTBS,OTHH
4467,KJFK,PANC
4468,RJBB,PANC
4469,KCVG,KMSP
4470,KLAX,KDFW
4471,KPDX,KSDF
4472,KONT,KSDF
4473,UUEE,UWGG
4474,KCLT,KPGV
4475,KMSP,KBOS
4476,KPHX,KSTL
4477,KPSP,KDFW
4478,KIWA,KRYN
4479,KBOS,KLEB
4480,KBFL,KSMO
4481,KCLT,KSTL
4482,KBNA,KSTL
4483,KFFZ,KA39
4484,KATL,KSAT
4485,KCLT,KIAD
4486,KONT,KPHX
4487,KLAX,KDFW
4488,KMHR,KSDF
4489,CYYJ,CYVR
4490,ENBR,ENZV
4491,KPDK,4GA9
4492,CPN8,CYXU
4493,KLQK,SC86
4494,KCLT,KPHL
4495,KORD,KSTL
4496,KCLT,CYUL
4497,LSZB,LSZC
4498,KATL,KSRQ
4499,KBLI,KBFI
4500,KBNA,KLAS
4501,OMDB,EDDK
4502,KPHX,KSEZ
4503,KNSE,AL97
4504,WMKK,VABB
4505,KATL,KBNA
4506,EDDM,EDDL
4507,KONT,KDFW
4508,LEBL,LLBG
4509,KLAX,KATL
4510,KPHX,KLAX
4511,KSEA,PANC
4512,WSSS,OTHH
4513,KSDL,KA39
4514,KPDX,KSMF
4515,KDEN,KISM
4516,LLBG,EGLL
4517,PANC,6AK3
4518,ESSA,ENGM
4519,KJNX,KRDU
4520,ULLI,UUWW
4521,KUGN,KAPF
4522,8AK2,PANC
4523,KMIC,KCBG
4524,KLGB,KLAS
4525,KCLT,KORD
4526,KNSE,0AL5
4527,KEWR,KSDF
4528,RKSI,PANC
4529,KPDX,KDFW
4530,KATL,KSTL
4531,KLGA,KDTW
4532,KHWO,KOPF
4533,KHOU,KATL
4534,K5C1,KIWS
4535,KBOI,UT13
4536,SBJD,SDCO
4537,KLAX,KAFW
4538,KBFI,KSDF
4539,KMGE,53GA
4540,KATL,KIAH
4541,KE63,KFFZ
4542,KABQ,KUTA
4543,KPIT,KBFD
4544,KCLT,KCVG
4545,KHEF,63PA
4546,KNSE,KGZH
4547,YSSY,YMML
4548,KPIT,KJST
4549,KMSP,KU42
4550,KXNA,KAKH
4551,KFMY,KPGD
4552,EFHK,EDDF
4553,SBKP,GOBD
4554,CYYC,CYVR
4555,KCLT,KBKL
4556,KJFK,KSMF
4557,KOPF,KFXE
4558,KIAD,KDTW
4559,WSSS,ZGSZ
4560,NZCH,NZAA
4561,KCLT,NC06
4562,KBOS,KCLT
4563,KPDK,KWDR
4564,KDEN,KEWR
4565,KLAS,KOAK
4566,LFPG,LLBG
4567,KMSP,KDCA
4568,KOAK,KVIS
4569,77OH,KMWO
4570,KATL,KHOU
4571,KSEA,KMSP
4572,KMSP,KORD
4573,EGCC,EKBI
4574,KPHX,KSGS
4575,KHEF,VA71
4576,KFLL,KHFD
4577,EFHK,EFOU
4578,KPDX,KOAK
4579,KOPF,KHWO
4580,KSLC,KOAK
4581,KCLT,KPLR
4582,KATL,KPHF
4583,KOWD,MA66
4584,LEMG,EDDF
4585,KDWH,7TA0
4586,LKPR,EGBB
4587,KBFI,KPDX
4588,WMKK,ZGSZ
4589,KAPA,KBJC
4590,KCLT,KSTL
4591,CYVR,CAM3
4592,KATL,KDTW
4593,KCLT,KECP
4594,PANC,KSEA
4595,CYOW,CYYZ
4596,KSDL,KA39
4597,KCLT,KMSN
4598,KATL,KVPS
4599,EDDS,EDDH
4600,KMSP,KIAH
4601,KCLT,KFLL
4602,KATL,86GA
4603,KBWI,KEWR
4604,KU42,KDFW
4605,KSDF,KDFW
4606,KSFO,KATL
4607,KFFZ,88AZ
4608,KMDW,KTEB
4609,LEBL,LFPG
4610,KMSP,KLGA
4611,WSSS,VHHH
4612,KHEF,VA71
4613,KCLT,KORF
4614,PANC,KSEA
4615,KLAS,KSDL
4616,ESSA,LFPG
4617,KMSP,KCVG
4618,KCLT,7PS7
4619,KPVD,MA72
4620,RKSI,PANC
4621,KFLL,KLAX
4622,KLAX,KSJC
4623,CYYJ,CYVR
4624,KCLT,KDCA
4625,KDFW,KLGA
4626,KMSN,KGRB
4627,SBCO,SBGR
4628,EDDM,EDDT
4629,KLAX,KUTA
4630,LEMD,LFPG
4631,KBOS,KDCA
4632,KORL,KMCI
4633,KATL,KMCI
4634,CYVR,CYYC
4635,KONT,KSBP
4636,KBUR,KOAK
4637,EPKK,EPWA
4638,KPHX,KDFW
4639,KSNA,KSMF
4640,KDTW,CYYZ
4641,KDFW,KMIA
4642,KSFO,KLAS
4643,ELLX,LIMC
4644,CYYJ,CYYC
4645,KCLT,KEWR
4646,OTHH,EGLL
4647,KSAN,KSFO
4648,KMSP,KDTW
4649,YSSY,YMML
4650,KBWI,KBUF
4651,KNSE,KGZH
4652,KDWH,9TS3
4653,YBBN,YSSY
4654,KLAS,KSTL
4655,KCLT,KXNA
4656,VTBS,VHHH
4657,KPHX,KSEA
4658,KDAL,KISM
4659,KONT,KSEA
4660,3IN3,K3HO
4661,KCLT,KHFD
4662,KATL,NC16
4663,KSNA,KSEA
4664,KDCA,KLGA
4665,VHHH,RCTP
4666,RCTP,VHHH
4667,KABQ,KDFW
4668,KPHX,KONT
4669,KBUR,9CA0
4670,KSDM,CA75
4671,KMSN,KAKH
4672,KSMF,KATL
4673,KDAL,KLAX
4674,KDTW,CYUL
4675,KHOU,KSAN
4676,KBNA,KFLL
4677,XS21,KSGR
4678,KFAT,KOAK
4679,KPDX,KLAX
4680,LLBG,LOWW
4681,KMSN,35MN
4682,KMSP,KRSW
4683,KPHX,KTUS
4684,KOAK,KMDW
4685,KNSE,K12J
4686,KLAS,KDFW
4687,KMDW,KMCI
4688,KDTW,KELM
4689,KGEG,KYKM
4690,KTUS,KRYN
4691,LFPG,OTHH
4692,YWSL,YMEN
4693,CYOO,CYHM
4694,CYYZ,CYUL
4695,KDFW,KSAT
4696,KSTL,KRSW
4697,KSDL,KPAN
4698,KATL,KBKL
4699,SBCO,SBKP
4700,KAUS,KSDL
4701,KDAL,KHOU
4702,CYYZ,CYOW
4703,KSTL,KDAL
4704,ENGM,ENZV
4705,KLAS,KSEA
4706,KMSP,KDFW
4707,KSAN,KSJC
4708,KPSP,KSEA
4709,KBUR,KSEA
4710,KSMF,KLAX
4711,KBNA,KDCA
4712,KMDW,KBNA
4713,EKCH,LFPG
4714,KLAS,KBWI
4715,K1B9,KPYM
4716,KONT,KOAK
4717,KDAL,KSAN
4718,KMTN,KHGR
4719,WMKK,ZGSZ
4720,KSAN,KSEA
4721,KATL,KHFD
4722,KBWI,KCVG
4723,KLAS,KMDW
4724,KMKE,KAKH
4725,KPUJ,KRYY
4726,5PA3,7PS7
4727,KCLT,KMDT
4728,YSSY,YBBN
4729,LPPT,EGSS
4730,KBWI,KSAT
4731,KDAL,KMCI
4732,KDTW,WS25
4733,KPHL,KMCO
4734,KLAX,KSEA
4735,KPHX,KLGF
4736,KAJO,KSNA
4737,KSAN,KUTA
4738,KSJC,KLAS
4739,LOWW,LFPG
4740,KSGR,93TS
4741,LEBL,LFPG
4742,EDDF,LIRF
4743,KDEN,KSFO
4744,KMSP,KJFK
4745,KDTW,KMDT
4746,KPDX,KLAS
4747,KPHX,KORD
4748,CYVR,CYXE
4749,KLAX,KLAS
4750,KMTO,KCPS
4751,KBNA,KDAL
4752,KNSE,KGZH
4753,VHHH,RCTP
4754,KFKL,98PA
4755,KEFT,KC77
4756,EDDM,EDDH
4757,EKCH,EKHK
4758,CYVR,KDFW
4759,KORD,KCWA
4760,KSEA,KMDW
4761,KNSE,1AL4
4762,ENGM,EDDF
4763,KMSP,KRSW
4764,KBNA,KLAX
4765,KCMH,KHOU
4766,KIAH,KLAS
4767,KAUS,KSTL
4768,KRSW,KBUF
4769,KSMF,KBUR
4770,KFLL,KHOU
4771,EGKR,EGLF
4772,OTHH,LIMC
4773,KUGN,KJVL
4774,KNSE,KGZH
4775,KMSP,KATL
4776,PANC,KCVG
4777,KATL,KSDF
4778,KSJC,KLAX
4779,KHOU,KLAX
4780,EDDP,KCVG
4781,KAUS,KSAT
4782,EDDS,EDDH
4783,KLAX,KSEA
4784,KAPF,KSDF
4785,KIXD,SN59
4786,KATL,KLGA
4787,KDAL,KSTL
4788,EDDF,OMDB
4789,SPJC,KMIA
4790,KBOS,KLGA
4791,WSSS,VHHH
4792,KBTL,KDTW
4793,KSTL,KTUL
4794,LOWW,UMMS
4795,KEMT,KBUR
4796,KIAH,KDEN
4797,YSSY,YBBN
4798,CYXE,CYYC
4799,KDFW,KSDF
4800,KDTW,KEWR
4801,KOAK,KVIS
4802,RKSI,PANC
4803,KOAK,CL77
4804,KLAX,KJFK
4805,KDTW,SC08
4806,KSFO,KLAX
4807,KPUJ,KRYY
4808,KMIA,KDFW
4809,KPHX,58AZ
4810,KVNY,KLAX
4811,KORD,KDEN
4812,KBOS,BIKF
4813,KORD,KLGA
4814,EETN,EFHK
4815,KDTW,KBNA
4816,KBUR,KSMF
4817,KRDU,KTDF
4818,KSAN,KSEA
4819,KSAT,KHOU
4820,64GA,GE25
4821,KLAX,KDAL
4822,KBOI,KSEA
4823,KPHX,KSAN
4824,KSNS,KUDD
4825,KSEA,KSFO
4826,KDTW,KBUF
4827,YGAD,YPJT
4828,KANP,MD09
4829,KSTL,KSMF
4830,KORD,KRSW
4831,KOAK,CA66
4832,KSAN,KATL
4833,8FL6,KNGS
4834,KHOU,KFLL
4835,KAEG,NM74
4836,KIAH,KSFO
4837,KORD,KALB
4838,LFBO,LFRS
4839,KSDL,KSNA
4840,KBOI,KSFO
4841,KIAH,KMCI
4842,EBLG,KJFK
4843,KPHX,KTUS
4844,LSZH,EDDL
4845,KSTL,KLAS
4846,KLUK,45OH
4847,KSJC,KSAN
4848,KGYR,1AZ0
4849,EGGW,LIMC
4850,KPHL,KSDF
4851,VTBS,OTHH
4852,KIWA,KCGZ
4853,PN14,KBTP
4854,KIAH,KBOS
4855,KPHX,KATL
4856,KLAX,KDTW
4857,RKSI,PANC
4858,KCVG,EDDP
4859,KORD,KSGS
4860,KATL,KDAB
4861,KSTL,02XS
4862,KFDK,KMRB
4863,KMSP,KSFO
4864,LEMD,LFPG
4865,KSTL,44IS
4866,KORD,KPHL
4867,KIAH,KABQ
4868,LIRF,LFPG
4869,ESSA,EKCH
4870,KLAS,KUTA
4871,KTEB,KMIA
4872,KCLT,KRDU
4873,4SC4,SC43
4874,KAUS,KADS
4875,KORD,KSTL
4876,KSTL,KSAN
4877,EHAM,ELLX
4878,KIAH,KEWR
4879,KTPA,KHFD
4880,KMDW,KU42
4881,KORD,KOMA
4882,KHOU,KPHX
4883,KBED,MA55
4884,KORD,KFLL
4885,KCLT,KSDF
4886,KPDK,KWDR
4887,KIWA,KRYN
4888,KSTL,KLAX
4889,KBWI,KDTW
4890,KCLT,KLGA
4891,EDDP,EDDK
4892,KMDW,KSAN
4893,KORD,KATL
4894,PANC,KLAX
4895,KFLL,KHOU
4896,VHHH,RJBB
4897,KRDU,KTDF
4898,KSEA,KOAK
4899,KORD,KIAH
4900,K12J,FD82
4901,KIAH,KSNA
4902,KORD,KRAC
4903,PANC,KCVG
4904,KMDW,KLAX
4905,KARR,IL38
4906,KMSP,KIAD
4907,KPSP,KLGB
4908,KIAH,KSAT
4909,KBNA,KECP
4910,SC32,0GA2
4911,KLAX,KSJC
4912,KBWI,KCLT
4913,KOSU,9OA9
4914,KBVI,1PA5
4915,KSAN,KDAL
4916,KORD,KCVG
4917,KPIT,KAKH
4918,KPHX,KSEA
4919,KJST,KBWI
4920,KAUS,KSGR
4921,KMIA,SBKP
4922,KIAH,KSAN
4923,KMSP,KFLL
4924,KIAH,KBNA
4925,EDDM,LFPG
4926,KABQ,KDFW
4927,EIDW,EGSS
4928,KBNA,KDFW
4929,OERK,OEDR
4930,KMIA,KDCA
4931,KSEA,KDFW
4932,KHYA,KPYM
4933,KSTL,KDFW
4934,ENBO,ENGM
4935,KSMF,KLAS
4936,KCGZ,KDVT
4937,KATL,KEWR
4938,KIAH,KLGA
4939,KGYL,KFCM
4940,KDEN,KPHX
4941,K12J,0AL5
4942,KPHX,KDFW
4943,KSPG,KX49
4944,KHEF,VA71
4945,KORD,KBNA
4946,KOAK,KSTS
4947,KVNC,KSRQ
4948,KECP,K54J
4949,KDTW,KORH
4950,NZPM,NZAA
4951,KBNA,KAKH
4952,KTUL,KDFW
4953,ULLI,UUEE
4954,EBLG,LTFJ
4955,KIAH,KATL
4956,KCMH,KMSP
4957,KTPA,KDCA
4958,ENVA,ENGM
4959,KMDW,KSAT
4960,KORD,KIAH
4961,EGLL,KJFK
4962,KORD,KEWR
4963,KPHX,KOAK
4964,KSNA,UT13
4965,KFFZ,KE63
4966,KSTL,KATL
4967,KIAH,KIAD
4968,KNSE,K12J
4969,KORD,KLAS
4970,KDEN,KMDW
4971,UT13,KU77
4972,KMAN,KS67
4973,EDDP,EDDF
4974,KOPF,KHWO
4975,OERK,OMDB
4976,UKKK,EPWA
4977,EDWE,EDWR
4978,OI34,7OA7
4979,CYVR,KSEA
4980,KPHL,KFLL
4981,7CO0,KEIK
4982,KMIA,KHHR
4983,YSSY,YMML
4984,KORD,KLAX
4985,KBOS,KDFW
4986,CYYC,CYYZ
4987,KFLL,KSEA
4988,KORD,KCMH
4989,KDFW,KF51
4990,KATL,KLAX
4991,KIAH,KUTA
4992,KFAT,KSEA
4993,KDEN,KSGS
4994,LIRF,OTHH
4995,KLAX,KMDW
4996,KORD,KSAT
4997,KIAH,KRDU
4998,KI69,KLOU
4999,KORD,KSFO
5000,KGYR,AZ05
5001,KSGF,KDFW
5002,KIAH,KDFW
5003,KPHL,KPHX
5004,KLNK,KOMA
5005,KRNT,KS50
5006,KFFZ,KA39
5007,KORD,KMSN
5008,KORD,KSRQ
5009,LEBL,ELLX
5010,2NJ3,KTTN
5011,EHAM,ENGM
5012,KORD,KIAD
5013,KHOU,KSAT
5014,KLAX,KSFO
5015,KIAH,KECP
5016,KPHL,KDFW
5017,KORD,7PS7
5018,KSNA,KSJC
5019,KJYO,01VA
5020,KIAH,KTUL
5021,KLAX,KVNY
5022,EIDW,EGKK
5023,KORD,KBUF
5024,KDVT,KAVQ
5025,KBWI,KATL
5026,KCMH,KAKH
5027,KLAS,KSEA
5028,KOAK,KVIS
5029,KMDW,KISM
5030,ESSA,EDDF
5031,KBNA,KSTL
5032,KIAH,KORD
5033,KCOS,KDFW
5034,KRFD,KDFW
5035,KMSP,7PS7
5036,YBBN,YMML
5037,KORD,PANC
5038,CYUL,CYQB
5039,KSEA,KORS
5040,CYVR,CYCD
5041,KPIE,FA40
5042,KGKY,KGPM
5043,KSEA,KBLI
5044,04CL,KMYF
5045,UT08,KPVU
5046,KMIA,SPJC
5047,KMDW,KPHX
5048,KONT,KSBP
5049,KSUS,KMO6
5050,EETN,EDDF
5051,KORD,KMCI
5052,KORD,KDAY
5053,LIEE,LIMC
5054,KPDX,KSFO
5055,KDVT,KCGZ
5056,KFRG,KHWV
5057,KDAL,KABQ
5058,KONT,CL46
5059,EDFC,EDFE
5060,KDEN,KDFW
5061,KLAX,KOAK
5062,EGLL,KDFW
5063,KORD,KMDT
5064,KBFI,KBLI
5065,KRSW,CYYZ
5066,KPDX,OR87
5067,CYVR,CYYC
5068,KBJC,KCOS
5069,KORD,KLNK
5070,KVNC,KSRQ
5071,KMSP,KISM
5072,KMDW,KABQ
5073,KRSW,KJFK
5074,KDAY,SC08
5075,KSEA,CYVR
5076,KORD,KBWI
5077,KIAH,KPHX
5078,KBWI,KABQ
5079,LSZH,OTHH
5080,KFTW,KAPA
5081,CYYJ,CYVR
5082,KSMF,KAKH
5083,KORD,KPSB
5084,RCTP,VHHH
5085,KSNA,KDFW
5086,KDEN,UT13
5087,RKSI,PANC
5088,KCVG,CYHM
5089,06TX,KDWH
5090,EHAM,LFPG
5091,KIAH,KXNA
5092,KMDW,KRSW
5093,KORL,KMDW
5094,KHWV,KFRG
5095,KPDX,OR87
5096,KORD,K8C4
5097,KSNA,KSFO
5098,KSEE,KL26
5099,KIAH,KDCA
5100,KF70,8CA5
5101,KPDX,KSNA
5102,KRDU,KSEA
5103,KPHX,KOAK
5104,KDMA,KLAS
5105,KONT,KSBA
5106,KOAK,KSEA
5107,RPLL,VHHH
5108,KDVT,KSEZ
5109,KIAH,KAGC
5110,KPHF,KCLT
5111,KTUL,KDFW
5112,KSRQ,KSTP
5113,KDEN,KPHX
5114,KSFO,KSEA
5115,KORD,KBOS
5116,K06C,K3CK
5117,KA39,KSDL
5118,KCLT,KJFK
5119,SPJC,KFLL
5120,KBOS,KMDW
5121,KIND,KATL
5122,KVIS,KFAT
5123,YMML,YBBN
5124,KOAK,KLAS
5125,KNSE,K12J
5126,EPWA,EPGD
5127,KBWI,KHOU
5128,LEZL,GMTT
5129,KAPA,KSDL
5130,KPHX,KCRQ
5131,64GA,GE25
5132,KORD,KDCA
5133,K61B,KSNA
5134,PANC,KORD
5135,KPGV,KCLT
5136,KLAS,KAKH
5137,KGAI,KTTN
5138,KBOS,KPHL
5139,OERK,OMDB
5140,KX50,KDAB
5141,7TA0,KDWH
5142,KRDU,KATL
5143,LIMC,LFPG
5144,KSEA,KVUO
5145,KORL,KDFW
5146,EPWA,KORD
5147,ENVA,ENNM
5148,KSMF,KSEA
5149,KORD,KHHR
5150,KSMF,K1O2
5151,KSEA,KSAN
5152,KBOS,BIKF
5153,KCMH,KATL
5154,KORD,KDTW
5155,KMDW,KDAL
5156,KORD,KSDF
5157,KVNY,KSDL
5158,LEMD,LPPR
5159,KIAD,KSEA
5160,KSAN,KSFO
5161,KDUJ,7PS7
5162,UMMS,UUEE
5163,PANC,KSEA
5164,KCGZ,KDVT
5165,KDEN,KSMF
5166,KTEB,KSDL
5167,KORD,KORF
5168,KA39,KGEU
5169,KORD,KROC
5170,KTPA,KSCK
5171,KATL,KLAX
5172,KDEN,KSEA
5173,KORD,KRDU
5174,KSAN,KSFO
5175,KDVT,AZ05
5176,KSMF,KSEA
5177,KLAX,KJFK
5178,KBFD,7PS7
5179,SBGR,SAEZ
5180,KORF,KBWI
5181,KSJC,KDFW
5182,CA75,KSDM
5183,KONT,KSDF
5184,KWDR,KPDK
5185,KSBA,KSFO
5186,KPDX,KLAX
5187,KCVG,KCLT
5188,KCOS,KDEN
5189,ELLX,EHAM
5190,KBOS,KBWI
5191,EHAM,KATL
5192,KLAX,KDFW
5193,KSJC,KSEA
5194,SBSP,SBBR
5195,KVNY,KSBA
5196,IL38,KARR
5197,LIRU,LIRV
5198,KNSE,KMVC
5199,KPAN,KSDL
5200,KEWR,KSEA
5201,KORD,KSYR
5202,KDCA,KBNA
5203,KPDX,KONP
5204,KATL,KIAD
5205,EHAM,OMDB
5206,LFML,LFPG
5207,KSDL,KGEU
5208,KOSU,75OI
5209,KSAT,KDAL
5210,KSEA,KHHR
5211,KBUR,KSFO
5212,KPDX,OG28
5213,KAUH,KOMA
5214,K47A,KLZU
5215,KORL,KSEA
5216,KPDK,KLZU
5217,PANC,KORD
5218,KBOS,KSEA
5219,KTUS,KLAX
5220,EGLL,OMDB
5221,KMIA,KDFW
5222,KTPA,KSEA
5223,KSEA,KSFO
5224,ESSA,EFHK
5225,CYUL,CYQB
5226,KCHD,KPAN
5227,KONT,KUTA
5228,LSZH,EGLL
5229,KSEA,KONT
5230,KPHL,KLGA
5231,KSNA,KVNY
5232,KNZY,KNUC
5233,KORD,KTYS
5234,KDEN,KOAK
5235,KSFO,KPDX
5236,KPTK,KDET
5237,KVNY,KHHR
5238,KDCA,KMDW
5239,YSBK,YBBN
5240,KMIA,SBKP
5241,KSRQ,KVNC
5242,KSFO,KSAN
5243,KSDL,KCGZ
5244,LEMD,LEPA
5245,KABQ,NM02
5246,KDEN,KLAS
5247,EGLL,KATL
5248,CYVR,CYYC
5249,KFLL,KTEB
5250,KPDK,KJZP
5251,KIAH,KDFW
5252,1FD0,KDTS
5253,KLAX,KPDX
5254,KLAS,KSFO
5255,KTPA,KHOU
5256,KSBP,KSFO
5257,KPHX,KTUS
5258,SKBO,KMIA
5259,KDEN,KSFO
5260,KSFO,KIAH
5261,KPHX,KBNA
5262,LLBG,EBLG
5263,OERK,OMDW
5264,KATL,KDAL
5265,KPDX,KONP
5266,KTPA,KATL
5267,KCGZ,KIWA
5268,KHOU,KECP
5269,KFAT,KSFO
5270,KDAL,KPHX
5271,KA39,KSDL
5272,KDWH,19TE
5273,KMDW,KFLL
5274,EGLL,VABB
5275,KLGB,KSMF
5276,KORD,KLGA
5277,KDFW,KHRO
5278,KDCA,KORD
5279,KMHR,KMOD
5280,KPHX,KMCI
5281,RCTP,ZGSZ
5282,KMDW,KATL
5283,KPHL,KORD
5284,LEMD,OTHH
5285,KSJC,KMDW
5286,ENZV,ENGM
5287,KLAX,KSFO
5288,KSBP,KL62
5289,KPHX,KCRQ
5290,KORL,KLAS
5291,KATL,KBWI
5292,KMRB,KFDK
5293,KDWH,89TA
5294,WSSS,VHHH
5295,KLAX,KPHL
5296,KLZU,KWDR
5297,KDEN,KMCI
5298,KATL,KECP
5299,OTHH,VHHH
5300,KLAX,KSMF
5301,KIXD,SN59
5302,LEMD,LSGG
5303,EFHK,EDDF
5304,LKPR,EDRY
5305,YBBN,YSSY
5306,KRDU,KCLT
5307,KATL,KCVG
5308,KLAX,KSJC
5309,KADS,KSGR
5310,KPRC,KDVT
5311,KTEB,KSWF
5312,0GA2,SC32
5313,KDFW,KUTA
5314,LIRF,LIMC
5315,KMDW,KBWI
5316,KATL,KLAS
5317,KSJC,KIWA
5318,KHWO,KOPF
5319,KMWC,WI77
5320,KCRQ,KSMO
5321,EKCH,EKYT
5322,KMCI,KDTW
5323,48AZ,KSDL
5324,KPHL,KDEN
5325,KRAL,KCNO
5326,ULLI,UUWW
5327,KNZY,KNUC
5328,ZGSZ,WMKK
5329,EGLL,KORD
5330,KGEU,KPRC
5331,KATL,KOMA
5332,ENVA,ENGM
5333,KSEA,KVUO
5334,KIWA,KP13
5335,VTBS,VHHH
5336,KATL,SC32
5337,EHMZ,EBOS
5338,KCPS,7IS2
5339,KA39,KCHD
5340,KDFW,KMCI
5341,SBGR,SSJC
5342,KPVU,KU77
5343,KSJC,KE16
5344,KAEG,NM74
5345,EGLL,EDDF
5346,KMDW,KOMA
5347,KFAT,KSLI
5348,UUEE,EFHK
5349,KATL,KDTW
5350,YMML,YBBN
5351,WA49,KSEA
5352,ENGM,EKCH
5353,EGLL,KJFK
5354,KMIA,KIAH
5355,KDEN,KRDU
5356,KNSE,K12J
5357,KDAL,KFLL
5358,KSEA,KSBP
5359,KPDX,KBUR
5360,KMHR,KRBL
5361,KMDW,7PS7
5362,KJVL,KMSN
5363,KATL,KEWR
5364,VHHH,RCTP
5365,KNKL,24FL
5366,KDFW,KORD
5367,KSEE,1CA6
5368,KSEA,KSNA
5369,KIAH,KDFW
5370,KAUS,KDAL
5371,EKCH,EDDF
5372,KSEA,WN21
5373,KPHX,KSAN
5374,KDFW,KTUL
5375,CYVR,CYCD
5376,KMDW,KDTW
5377,KBNA,KATL
5378,RKSI,VHHH
5379,KLGB,KSBA
5380,KRDU,KPGV
5381,EDDH,EDDK
5382,KFFZ,88AZ
5383,KONT,KBWI
5384,KTPA,KFLL
5385,KBOI,KSEA
5386,LFRS,LFBO
5387,KLAX,KDCA
5388,KTYS,KBNA
5389,KSAN,KDFW
5390,KPHX,KLAS
5391,KDCA,KDFW
5392,KMDW,KLDM
5393,RCTP,VHHH
5394,KWDR,KPDK
5395,KDWH,TS87
5396,KDFW,CYYC
5397,LEMD,LFPG
5398,KATL,KDTW
5399,KFRG,KDXR
5400,LLBG,LOWW
5401,KIWA,KCRQ
5402,KORD,KDTW
5403,KBOS,KDTW
5404,KSNA,KSBA
5405,LIRF,EGLL
5406,KRSW,KCMH
5407,UUWW,LSGG
5408,KFXE,KOPF
5409,KDFW,KCVG
5410,KHMT,KF70
5411,EBBR,EDDF
5412,KSBD,KSDF
5413,KDFW,KIAH
5414,KSAN,KSEA
5415,ZGSZ,VTBD
5416,KDFW,KBUR
5417,UT08,KU14
5418,KLAS,KSMF
5419,KATL,KHOU
5420,KBUR,KWHP
5421,KHWV,KFRG
5422,LOWW,EDDF
5423,ELLX,LSZH
5424,KDFW,KBOI
5425,KLAS,KATL
5426,KSEA,KSJC
5427,EDTQ,EDSP
5428,KDFW,KFAT
5429,KHPY,KEFD
5430,EDDL,EDDM
5431,LFPG,OTHH
5432,CYYJ,CYYC
5433,KDFW,KEWR
5434,KHWO,KFXE
5435,KCRQ,KCMA
5436,KOAK,KSEA
5437,KNKL,24FL
5438,KLOU,59KY
5439,KAUS,KDFW
5440,KIWA,AZ00
5441,RCTP,RJBB
5442,KBUF,KMDW
5443,KMDW,KCMH
5444,KNSE,1AL5
5445,KSMF,KSFO
5446,KRDU,KDFW
5447,KSFO,KIAD
5448,KDFW,KBWI
5449,KMDW,KBUF
5450,KDTW,KDFW
5451,EFOU,EFHK
5452,KDFW,KSJC
5453,KMIA,SKBO
5454,KCVG,EDDP
5455,KPHX,KSNA
5456,KCLT,KBWI
5457,KVPS,KATL
5458,KDFW,KLAX
5459,KATL,KBUF
5460,KIAD,KBOS
5461,KTKI,KADS
5462,KDCA,KBOS
5463,KSNA,KCRQ
5464,KSMO,KCMA
5465,EDDT,EDDF
5466,KPHX,KDCA
5467,88PA,KSEA
5468,KE63,KFFZ
5469,KDFW,KPHL
5470,KATL,KTUL
5471,KORF,KCLT
5472,KCGZ,KDVT
5473,KMHR,KSAC
5474,KHOU,KDAL
5475,KIWA,KP13
5476,KMDW,KLAS
5477,KDCA,KCLT
5478,LFPG,OTHH
5479,RCTP,ZGSZ
5480,GA77,KRYY
5481,KSAN,KIAD
5482,KORL,KSGS
5483,KDFW,KSMF
5484,KCLT,48MD
5485,KBUF,KBWI
5486,LPPD,LPPT
5487,EHAM,EDDF
5488,KATL,KPHL
5489,KBED,KLWM
5490,KFLL,KDFW
5491,KDFW,KHOU
5492,KADW,ETAR
5493,KDFW,KSNA
5494,EDDT,EDDM
5495,KMDW,KCVG
5496,KATL,KXNA
5497,KCLT,KATL
5498,SKBO,KMIA
5499,KSEA,93WA
5500,KSNA,KWHP
5501,KCDW,NK79
5502,CYYZ,CYYC
5503,KDFW,KPSP
5504,KJFK,KSEA
5505,KLAS,KOMA
5506,KPHX,KABE
5507,KMDT,KDTW
5508,KDFW,KSBA
5509,KATL,KFLL
5510,KMIA,SPJC
5511,KBOI,KAPA
5512,KDCA,KFLL
5513,3IN3,K3HO
5514,KDFW,KPDX
5515,K12J,KNSE
5516,KF70,KCRQ
5517,6NY1,KDTW
5518,KAUS,KBNA
5519,KATL,09MO
5520,KPDX,KATL
5521,KONT,KDFW
5522,KDFW,KTUS
5523,KCNO,KRAL
5524,06VA,KSHD
5525,KDTW,KLGA
5526,KDVT,KGEU
5527,KNSE,KGZH
5528,KPDX,KSEA
5529,KMIA,KLGA
5530,KPDK,KJZP
5531,KDCA,KMIA
5532,KBWI,KBKL
5533,KDFW,KISM
5534,KPHX,KSEZ
5535,SPJC,CYYZ
5536,KDAL,KUTA
5537,KRMN,KEZF
5538,KRDU,KBWI
5539,WSSS,YPAD
5540,PANC,40AK
5541,NC56,KRDU
5542,KSLK,KBOS
5543,KIAH,KATL
5544,KGEU,KGYR
5545,KORD,KDFW
5546,KVNY,KLGB
5547,PN14,KBTP
5548,KDFW,KSFO
5549,KSFO,KLAX
5550,KATL,KORD
5551,LFPB,EGCC
5552,KLAS,KBUR
5553,KSFO,KEWR
5554,LFPG,EDDF
5555,KTPA,KFLL
5556,KDFW,KSAN
5557,KSYR,KAKH
5558,KAUS,KSEA
5559,KLAX,KABQ
5560,KDFW,KSEA
5561,KIAD,KATL
5562,KDFW,KMIA
5563,KPDX,KSJC
5564,KSNA,KOAK
5565,LOWW,EDDF
5566,KDFW,KPHX
5567,EDDH,EDDF
5568,KLGA,KDCA
5569,KLAX,KATL
5570,KSTL,KSEA
5571,KDEN,KBWI
5572,EDDM,EDDF
5573,KJFK,KSEA
5574,KDFW,KBNA
5575,KDFW,KDEN
5576,LSZH,EDDF
5577,KMSP,KSAT
5578,KTUL,KWLD
5579,OMDW,VHHH
5580,KTYS,KRDU
5581,KONT,KSMF
5582,KDAL,KSAT
5583,KPAE,KPHX
5584,KABQ,KLAS
5585,KLAX,KIAD
5586,KDCA,KATL
5587,KBUR,KPHX
5588,KDFW,KONT
5589,KSDF,PANC
5590,KDFW,KATL
5591,KVIS,KOAK
5592,KPRC,KDVT
5593,KORL,KPHL
5594,KDFW,KIAD
5595,KPHX,KABQ
5596,CYVR,CYYZ
5597,KBNA,KSEA
5598,KSMF,KLGB
5599,SBGR,SBAE
5600,KSRQ,KVNC
5601,KDFW,KU42
5602,KLGA,KATL
5603,KSNA,KSMF
5604,KPHX,KDAL
5605,KORL,KBNA
5606,VTBS,RKSI
5607,ESSB,ESSN
5608,KTPA,KDFW
5609,KMSP,KBNA
5610,KLAX,KHOU
5611,KNSE,93FD
5612,KSRQ,KATL
5613,KLNK,KAPA
5614,KSAN,KPHX
5615,KCVG,KDFW
5616,CYVR,CAM3
5617,EGLL,LIRF
5618,KGYR,AZ05
5619,KSAT,KORD
5620,OMDB,OMDW
5621,LPPT,EDDF
5622,KDAL,KDCA
5623,KDTW,KSEA
5624,KFFZ,KTUS
5625,KAUS,KATL
5626,KVIS,KSNA
5627,KSMF,KSAN
5628,KOPF,KFXE
5629,KBNA,KLAX
5630,KSDF,KLUK
5631,CYYZ,KJFK
5632,KDFW,KABQ
5633,KTUL,KDAL
5634,KMSP,KLAS
5635,CYUL,CYYZ
5636,EBBR,OTHH
5637,KLAX,KDFW
5638,KDFW,7PS7
5639,KLAS,KVUO
5640,KONT,KDEN
5641,SC86,SC32
5642,KSDF,KMDW
5643,KMIA,KDTW
5644,SBSP,SBBR
5645,KOAK,KVUO
5646,KE63,KFFZ
5647,EVRA,LKPR
5648,KDEN,KU42
5649,KDFW,KLAS
5650,EDDH,EDDM
5651,KBUF,KDTW
5652,KFRG,49NY
5653,KDFW,KRDU
5654,KPHX,KABQ
5655,KHOU,KDAL
5656,KLAS,KBNA
5657,KONT,KATL
5658,KMSP,KLAX
5659,KTUS,KOLS
5660,KAPF,KCGF
5661,KPIT,KDUJ
5662,KDFW,TX45
5663,KPVU,KU77
5664,KHWO,KFXE
5665,KBOS,KDCA
5666,ENBR,ENZV
5667,KPRC,33AZ
5668,KOPF,KHWO
5669,EDDM,LOWW
5670,KLAS,KMCI
5671,KLAX,KEWR
5672,KDFW,KBOS
5673,KDAL,KATL
5674,KORD,KDEC
5675,CYYZ,CYYC
5676,KBWI,KROC
5677,KLAX,KPHX
5678,KBJC,CO10
5679,KRYY,KWDR
5680,VOMM,VIDP
5681,KBNA,KRDU
5682,VTBS,OMDB
5683,KLAL,KX49
5684,KFTY,KLZU
5685,KPHX,KHOU
5686,KSEA,KSJC
5687,KLGB,KSJC
5688,KIAD,KCLT
5689,ENGM,ENZV
5690,KVNY,KFAT
5691,KPUB,KDEN
5692,KPHX,KSNA
5693,EGLL,OMDB
5694,KSFO,KSEA
5695,EDDH,EDVE
5696,KLAX,KMCI
5697,RJBB,VHHH
5698,KJNX,KRDU
5699,EKCH,EGGW
5700,KSJC,KSNA
5701,KDET,KPTK
5702,KORL,KSTL
5703,KLGB,KCPM
5704,OTHH,VOMM
5705,KTYS,KDCA
5706,KLAS,KSAT
5707,KDAL,KHOU
5708,KDFW,KLAX
5709,CYCD,CYVR
5710,KMCI,KMDW
5711,KPHX,AZ00
5712,KPHX,KPHL
5713,KSMF,KSNA
5714,2WI0,KC29
5715,KSEA,KSJC
5716,KCOS,KSAT
5717,KFFZ,KE63
5718,KRSW,KDTW
5719,LHBP,EGGW
5720,KFRG,KISP
5721,LFPG,LIRF
5722,KPAO,CL77
5723,KLAX,KDFW
5724,KMCI,KBNA
5725,CYHM,CYYC
5726,OTHH,LEMD
5727,KSAN,KSMF
5728,KLZU,KPDK
5729,KCPS,27LL
5730,KMDW,KMCI
5731,EDDF,LDZA
5732,KRYY,GA77
5733,YBBN,YMML
5734,KBJC,K11V
5735,KLAX,KATL
5736,KLAS,KHOU
5737,KGEU,KGYR
5738,KPHX,KABQ
5739,KNUC,KNZY
5740,EGCK,EGNR
5741,KSEA,KSFO
5742,EHAM,EDDF
5743,KVIS,KOAK
5744,CYYZ,KIAH
5745,CYUL,CYBG
5746,KJFK,KORD
5747,KBJC,KBDU
5748,KDCA,KDAL
5749,KCVG,KMDW
5750,KNUC,KNZY
5751,MI45,KPTK
5752,KDFW,KSAF
5753,KSNA,KSDL
5754,KDTW,KBWI
5755,KTPA,KMDW
5756,KLAX,KSEA
5757,KSTL,KATL
5758,KMSP,KLNK
5759,KMDT,KPIE
5760,KPHX,KDFW
5761,KDWH,7TA0
5762,KDFW,KDCA
5763,EGGP,EDDB
5764,KX50,KDAB
5765,EIDW,EGPG
5766,KPIT,5PA3
5767,KFXE,KOPF
5768,EGKK,EIDW
5769,KDFW,XA09
5770,YMML,YBBN
5771,KLAS,KDAL
5772,KPIT,KBFD
5773,KSMF,KONT
5774,KTEB,KFLL
5775,KDTW,KATL
5776,2TS4,KFTW
5777,KCRQ,KF70
5778,WSSS,VHHH
5779,4GA9,KPDK
5780,KSJC,KSEA
5781,KPDK,KECP
5782,ENBO,ENVA
5783,KSEA,KBOI
5784,KCRQ,KF70
5785,RPLL,RKSI
5786,KVNC,5FL0
5787,KFUL,KAJO
5788,YBBN,YPAD
5789,KSET,0LL1
5790,RKSI,PANC
5791,KLAS,KDTW
5792,ENGM,ENHD
5793,KMKE,KATL
5794,KSEA,KATL
5795,KSTL,KMDW
5796,KORL,KJFK
5797,KSMO,KUDD
5798,KIWA,KLGB
5799,KMSP,KPDX
5800,KBWI,KALB
5801,OBBI,VHHH
5802,KPUJ,KRYY
5803,BIKF,EIDW
5804,KSEA,KSMF
5805,KOMA,KDFW
5806,NZKC,NZWP
5807,KTEB,KOPF
5808,EKCH,ENGM
5809,KDAL,KFLL
5810,KAPA,KLMO
5811,LHBP,OTHH
5812,KRDU,KBUY
5813,KMSP,KTOB
5814,KDTW,1MI8
5815,KUGN,KJVL
5816,KSDL,KHND
5817,KLVK,KHWD
5818,KOAK,KLAX
5819,SC80,4SC4
5820,KMIA,KBWI
5821,KCNO,KSDL
5822,KSAN,KDFW
5823,KMSP,KSEA
5824,KLVN,KFCM
5825,KOAK,KSAN
5826,KLVN,KFCM
5827,KHKY,KMRN
5828,KPHL,KCLT
5829,KDWA,KSAC
5830,KEWR,KBWI
5831,KIAH,KATL
5832,KCOS,KBJC
5833,KNSE,KGZH
5834,KA39,KFFZ
5835,KMYF,1CA6
5836,KBOS,NH78
5837,KPHF,KATL
5838,CYVR,CYCD
5839,KSEE,KRNM
5840,KATL,K9A4
5841,KIXD,SN59
5842,KDAB,KATL
5843,LFPG,OMDB
5844,KSFO,KLAS
5845,KCVG,KBWI
5846,MROC,KMIA
5847,LEMH,LEBL
5848,KLAX,KLAS
5849,KDTW,KORF
5850,CYYC,CYYZ
5851,KJFK,2NC1
5852,KCDW,KSMQ
5853,KSTL,KMDW
5854,CYKF,CYOO
5855,KNSE,FD82
5856,KSEA,KDFW
5857,WA67,KTTD
5858,SBGR,SBBR
5859,KMZJ,KAVQ
5860,ESCM,ESSU
5861,KSAC,63CN
5862,KLOU,3IN6
5863,KHHR,KCNO
5864,KSAT,KDTW
5865,KBOS,KDFW
5866,KPGV,KRDU
5867,KMCI,KATL
5868,GMMN,DAAG
5869,KJZP,KPDK
5870,KPHX,KSAT
5871,KCLT,KIAD
5872,RPLL,RKSI
5873,KOAK,KBUR
5874,KFMY,KFXE
5875,KDEN,KHOU
5876,LIMC,EDDF
5877,VHHH,RKSI
5878,EKYT,EKCH
5879,KDEN,KSAT
5880,KFUL,KAVX
5881,KXLL,7PN0
5882,EGLL,OERK
5883,KLAS,KSFO
5884,KABQ,KDFW
5885,KAPA,KPUB
5886,CYVR,KSEA
5887,KSAC,63CN
5888,KSDL,KPAN
5889,KPTK,KTEB
5890,KPDK,KECP
5891,KPHL,KBNA
5892,EHAM,EFHK
5893,KDTW,KATW
5894,KMTN,MD09
5895,KFLL,KLAS
5896,LIRF,EDDF
5897,KIWA,KCGZ
5898,YGYM,YCDR
5899,EFHK,EFKU
5900,KBWI,KORF
5901,LMML,EDDF
5902,KHIO,1OR3
5903,KPYM,KHYA
5904,EGSS,LFPG
5905,KBJC,CO10
5906,KDEN,KPHL
5907,KBNA,KMCI
5908,KE25,KDVT
5909,KRSW,KHFD
5910,SBSP,SBBR
5911,KRYY,KCZL
5912,KEIK,0CD7
5913,PANC,6AK3
5914,KPRB,KSBP
5915,KIAH,KDTW
5916,UUEE,EHAM
5917,KMOD,KMHR
5918,KCVG,KBWI
5919,ESMS,ESSA
5920,ZGSZ,WSSS
5921,KABQ,KDAL
5922,KDAL,KMDW
5923,KVNY,KOPF
5924,KLGB,KAPA
5925,LTBA,LEMD
5926,LEPA,LEIB
5927,K0L7,KHND
5928,5MD8,KDCA
5929,KDCA,KSGS
5930,KIGX,8NC6
5931,44IS,KSTL
5932,KDAL,KSEA
5933,KLQK,4SC4
5934,KTUL,KDFW
5935,KSJC,KLAX
5936,VTBS,RKSI
5937,KCBF,KOMA
5938,YSSY,YMML
5939,18AZ,42AZ
5940,EPKK,EPWA
5941,KSDF,KATL
5942,KLGB,KPOC
5943,LFBD,LFML
5944,KLNK,KOMA
5945,KPRC,KSEZ
5946,KPSP,KMSP
5947,KAGC,KPHL
5948,ENGM,ENZV
5949,GMMN,LFPG
5950,KLAX,KORD
5951,9OI5,KOSU
5952,PANC,KORD
5953,KBJC,CO10
5954,KCWI,KMLI
5955,KONT,KPHL
5956,KDEN,KDFW
5957,KLAS,KCMH
5958,KPRB,KSBP
5959,KFFZ,KA39
5960,CYVR,CYYZ
5961,KORD,KDFW
5962,SBKP,SSJC
5963,LIEE,LIRF
5964,AZ05,KGEU
5965,KSDL,KOMA
5966,EGNX,EHAM
5967,KORL,KMDW
5968,KORH,KDTW
5969,KORD,PANC
5970,18FD,KNKL
5971,1NK5,KCDW
5972,EGLL,CYYZ
5973,KLAS,KSNA
5974,KOPF,KVNC
5975,KS67,KU76
5976,KAFW,KABE
5977,KSTL,KDAL
5978,KSAC,KMHR
5979,KPDX,KSEA
5980,KDVT,KCGZ
5981,KSJC,KLAS
5982,KXNA,KAKH
5983,LEBL,LEMD
5984,EDDF,EHAM
5985,KMCI,KDFW
5986,KPHX,KHHR
5987,ENGM,ENHD
5988,KRSW,KBOS
5989,YMML,YPPH
5990,KVNC,KTPA
5991,KBNA,KTYS
5992,KECP,KATL
5993,KDFW,KSEA
5994,EDDF,EFHK
5995,KLGB,KSNA
5996,VHHH,RCTP
5997,KLGA,KBOS
5998,KPHX,KSEA
5999,KTEB,KOPF
6000,KLGA,KDTW
6001,KXNA,KDFW
6002,KORD,KMKE
6003,WSSS,RKSI
6004,KGSP,KATL
6005,CYUL,KDTW
6006,EBBR,LIMC
6007,VTBS,RKSI
6008,KSEA,KORD
6009,NZAA,YMML
6010,KEWR,KATL
6011,KATL,KDAL
6012,KDTW,KGRB
6013,KFLL,KJFK
6014,KOSU,9OI3
6015,KBOS,KSFO
6016,KPIT,KAKH
6017,KP13,KIWA
6018,KEWR,KSFO
6019,KCLT,KDFW
6020,KDAL,KBNA
6021,KLGA,KORD
6022,KRSW,KMDW
6023,KAUW,KEFT
6024,KCLT,KRDU
6025,RKSI,VHHH
6026,KTPA,CYYZ
6027,KSTL,KBOS
6028,KLEB,KBOS
6029,KSMF,KVUO
6030,KCLT,KSGS
6031,KGEU,KSDL
6032,KBOS,KDTW
6033,KPDK,KBNA
6034,KDEN,KDAL
6035,KSEE,KSNA
6036,KLGB,KBUR
6037,KCLT,KHHR
6038,KDCA,KDFW
6039,KLAX,KDFW
6040,KMIA,SPJC
6041,KBED,KBOS
6042,KDFW,CYVR
6043,KGSO,KATL
6044,KCLT,KPHL
6045,KAND,SC32
6046,KDVT,AZ05
6047,EDDF,ENGM
6048,KCLT,KW91
6049,KIAD,KPDK
6050,EDDP,EGNX
6051,KCLT,KCMH
6052,YMML,YSSY
6053,KSDL,KSEZ
6054,KBDN,3OR8
6055,KJFK,EBLG
6056,KSGF,KDFW
6057,EIDW,EGLL
6058,KCLT,NC06
6059,K47A,KJZP
6060,KDVT,KMYF
6061,KCLT,61NC
6062,YMML,YSSY
6063,KCLT,KDTW
6064,EKCH,ESSA
6065,KNSE,KGZH
6066,WA22,KBFI
6067,KSTL,KBWI
6068,KMSP,KSEA
6069,KGEG,KBOI
6070,EDDM,BIKF
6071,EIDW,EGSS
6072,KCGZ,KCHD
6073,KCLT,KLGA
6074,EHAM,EDDF
6075,KCNO,KRNM
6076,KJOT,KLOT
6077,KLAX,KMIA
6078,KSEA,PANC
6079,KABQ,KPHX
6080,KCLT,KDCA
6081,KCLT,KATL
6082,KLAS,KPHX
6083,EFHK,EKCH
6084,KBWI,KLAS
6085,KLGB,KOAK
6086,KDEN,KSEA
6087,KHEF,VA71
6088,KLAX,KMIA
6089,KSNA,KMHR
6090,KPSP,KMYF
6091,KCLT,KOMA
6092,KLCK,PANC
6093,KMSP,KDEN
6094,KPDK,KFTY
6095,KFLL,KBUF
6096,KEFT,KMSN
6097,KIAH,KIAD
6098,KGRR,KMDW
6099,KCLT,7PS7
6100,KNSE,K12J
6101,KDFW,KLAX
6102,KCMH,KMDW
6103,KNSE,0AL5
6104,KRDU,KSRQ
6105,KCLT,KIAH
6106,KDFW,KIAD
6107,KFRG,KHWV
6108,KDTW,KBNA
6109,KCLT,KVPS
6110,KIAD,KATL
6111,KDEN,KDTW
6112,KTPA,KFLL
6113,KNSE,KGZH
6114,EGLL,EFHK
6115,KLZU,4GA9
6116,EPGD,EPKK
6117,KCRQ,KSEE
6118,KDEN,KISM
6119,KSFO,KPSP
6120,KNSE,KGZH
6121,YMML,YMHB
6122,KTPA,KATL
6123,ENBR,ENZV
6124,KCLT,KMCI
6125,KSTL,KAKH
6126,KDFW,KDCA
6127,YSSY,YPAD
6128,KCRQ,KF70
6129,KCPM,KPOC
6130,KAUS,KMDW
6131,KDFW,KTUS
6132,KNSE,0AL5
6133,KCYO,KLCK
6134,KAPA,9CO2
6135,KSAT,KPHX
6136,KCRQ,KPHX
6137,KCLT,PA76
6138,KCLT,KDAB
6139,KNSE,K12J
6140,ZGSZ,RKSI
6141,KCRQ,KF70
6142,KMCI,KLAS
6143,KCLT,KPHX
6144,KSEA,KOAK
6145,KBWI,KMDW
6146,KFLL,KSTL
6147,PAMR,8AK6
6148,KCLT,KBWI
6149,KDEN,KABQ
6150,KWHP,KL70
6151,KDFW,KUTA
6152,PAMR,PABG
6153,KATL,KHOU
6154,KHIO,OR81
6155,EDDK,EDDH
6156,LFPG,EFHK
6157,KI12,1OH1
6158,KDEN,KDCA
6159,KFWA,KAKH
6160,KCLT,KIAD
6161,KDVT,KCHD
6162,KCRQ,KHHR
6163,KRMN,1VA9
6164,KPHX,KBNA
6165,KSFO,KSAN
6166,00AZ,KDVT
6167,KDEN,KISM
6168,KSAN,KPHX
6169,KIAH,KDFW
6170,KMKE,KHOU
6171,LLBG,EBLG
6172,KEWR,KDTW
6173,KCLT,KSTL
6174,KNSE,0AL5
6175,KAJO,KFUL
6176,KBNA,KDAL
6177,KDEN,KSMF
6178,KORL,KHOU
6179,KE63,KFFZ
6180,KDFW,KVPS
6181,LIMC,LIRF
6182,KOAK,KMCI
6183,KRSW,KIAD
6184,KPDX,KSFO
6185,YMML,YPPH
6186,EDDN,EDDH
6187,KDCA,KMDW
6188,YCDR,YBBN
6189,KIND,KATL
6190,KDEN,KAUS
6191,EGSS,EDDF
6192,KCHD,KPAN
6193,06VA,KFRR
6194,KSMF,KSEA
6195,KMIA,SKMA
6196,CYYZ,CYXU
6197,ENZV,ENGM
6198,KCBF,IA01
6199,KDFW,KPHX
6200,KMIA,KORD
6201,EIDW,EIKY
6202,UUEE,ULLP
6203,KDFW,KLGA
6204,PAMR,40AK
6205,LEMD,EGLL
6206,KLAX,KORD
6207,KDAL,KECP
6208,KDFW,KSFO
6209,KBFD,PN01
6210,KDEN,KSAN
6211,EGLF,LOWS
6212,KLOU,KJVY
6213,KCLT,KBOS
6214,KSAT,KATL
6215,KPDK,85GA
6216,KTPA,KLAS
6217,KBOI,KORD
6218,KMKE,KSTL
6219,KTUS,KIWA
6220,KAPA,KBJC
6221,KDFW,KBOS
6222,KBWI,KFLL
6223,KK52,KSTL
6224,KCVG,KBWI
6225,KCGZ,KIWA
6226,KFLL,KBOS
6227,KFRG,KTEB
6228,K0J9,KMLE
6229,KDFW,KIAH
6230,KDEN,KSJC
6231,ESPA,ESSA
6232,KLAX,KPHX
6233,KORD,KAKH
6234,0CL3,KSDM
6235,KDUJ,7PS7
6236,KSEA,KBFI
6237,KDFW,KCMH
6238,KVNY,KHHR
6239,NZAA,YMML
6240,KDEN,KLAS
6241,KLGB,KU42
6242,KSAN,KORD
6243,PANC,40AK
6244,VECC,VIDP
6245,KJFK,KORD
6246,2CD6,KAPA
6247,KMCI,KDFW
6248,KDFW,KCOS
6249,KCBF,IA01
6250,KDEN,KSFO
6251,KFLL,KBWI
6252,KDAL,KSTL
6253,KDEN,KISM
6254,CYYC,CYXX
6255,KORD,KHHR
6256,KDWH,7TA0
6257,K45G,KPTK
6258,KSNA,KSBP
6259,KCLT,17NC
6260,KBWI,KSTL
6261,KATL,KMIA
6262,KPHX,KLAS
6263,KCLT,KORD
6264,KATL,KMDW
6265,KLGB,KPOC
6266,KSAT,KDFW
6267,KCRQ,KSNA
6268,KDEN,KFLL
6269,KPHL,KSDF
6270,KPIT,KLGA
6271,KHEF,VA87
6272,EGLL,LSZH
6273,KCLT,KTYS
6274,KPDK,K49A
6275,KBWI,KATL
6276,RCTP,WSSS
6277,KDFW,KSPI
6278,KSNA,KU42
6279,EYKA,EPWA
6280,KAVX,KSNA
6281,KATL,KISM
6282,EGPF,EIDW
6283,PAED,KSUU
6284,KBWI,KMCI
6285,UUWW,ESSA
6286,KCLT,KSRQ
6287,KLGA,KATL
6288,KDEN,KPSP
6289,KDFW,KTUL
6290,KRYY,KAHN
6291,LIRF,LICZ
6292,KSEA,MT54
6293,KNSE,K12J
6294,KMDW,KISM
6295,KDEN,KIAH
6296,KDFW,KATL
6297,KLAX,KSFO
6298,ESSU,ESCM
6299,KNSE,KGZH
6300,KSNA,KLGB
6301,LYBE,LDZA
6302,KDEN,KLAS
6303,KBUR,KSBA
6304,KSFO,KLAS
6305,KJVL,KUGN
6306,KMDT,KCLT
6307,KMSP,KCMH
6308,LFPG,EDDK
6309,KPHX,KDTW
6310,KDEN,KFAT
6311,KDFW,KTYS
6312,KBWI,KBOS
6313,KBOS,KBWI
6314,KMCI,KDAL
6315,KDEN,KORD
6316,KCLT,KMDT
6317,KDEN,KHHR
6318,KDFW,KXNA
6319,KDFW,KSAN
6320,KSGR,4TA4
6321,KDEN,KOMA
6322,KMVY,KBED
6323,KOAK,KLAX
6324,KHOU,KCMH
6325,KPJC,32PN
6326,KMYF,KCRQ
6327,KDEN,KLAX
6328,KNSE,KGZH
6329,PANC,KPHX
6330,KCLT,KORF
6331,KDAL,KMCI
6332,KATL,KIAD
6333,KDFW,KORD
6334,KSJC,KSAN
6335,KPHX,KLAS
6336,KDEN,KBUR
6337,CYTZ,CBM2
6338,KPRB,KCMA
6339,KLVK,KSAC
6340,KSEA,KPHX
6341,KBWI,KBUF
6342,KSFO,KONT
6343,KMSP,KEWR
6344,KCLT,KBUF
6345,KAPA,KPUB
6346,KDFW,KBNA
6347,KDEN,KABQ
6348,K49A,KJZP
6349,KDAL,KHOU
6350,KSMO,KUDD
6351,45OH,KI69
6352,KDFW,KMCI
6353,LGAV,EDDM
6354,LPPT,LEMD
6355,OTHH,VABB
6356,KSFO,KIAH
6357,KLAX,KBOI
6358,KSEA,KRDU
6359,KCLT,KDAY
6360,KSAN,KOAK
6361,ENVA,ENGM
6362,KVIS,KSCK
6363,KDTW,KJFK
6364,KSFO,KPSP
6365,KDEN,KSNA
6366,KCLT,KDAY
6367,KDEN,KDCA
6368,KBWI,KCLT
6369,KSFO,KDFW
6370,KNSE,KNFJ
6371,KHOU,KADS
6372,KDFW,KISM
6373,KPAE,WA69
6374,KSEA,KDAL
6375,KSFO,KSAN
6376,KERV,KSAT
6377,KIAH,KDAL
6378,KF70,KCRQ
6379,KA39,KFFZ
6380,KSFO,35OR
6381,KRFD,KIAH
6382,KMIA,KPHX
6383,KPUB,KAPA
6384,KDFW,49FD
6385,KFLL,KIAD
6386,KMDW,KDAL
6387,EFKU,EFHK
6388,KCLT,KFLL
6389,ENHD,ENGM
6390,LIMC,EGLL
6391,KSFO,KBOI
6392,KDEN,KPHX
6393,KDEN,KMCI
6394,KHOU,KDFW
6395,KMDW,KSDF
6396,OMDB,OERK
6397,KIKK,KLOT
6398,KMSP,KATL
6399,VTBS,WSSS
6400,KLGB,KCRQ
6401,KPAE,WT77
6402,KVNY,KSBA
6403,KROC,KBWI
6404,KSFO,KORD
6405,KAPA,KFTG
6406,KDEN,KAUS
6407,KDFW,KPHL
6408,KMHR,KSAC
6409,CYYZ,CYUL
6410,KSMO,CL46
6411,KHYA,KBOS
6412,ENZV,ENGM
6413,KLVK,KSAC
6414,VOMM,VOBL
6415,KJYR,KLNK
6416,PANC,6AK3
6417,KTPA,KIAD
6418,KPDX,KPHX
6419,KAUS,KHOU
6420,KSFO,KVUO
6421,KFLL,KMDW
6422,KJNX,KRDU
6423,KPDK,85GA
6424,IA01,KCBF
6425,KONT,KLAS
6426,KDEN,KDFW
6427,KDTW,KMDW
6428,KDEN,KSEA
6429,KPHL,KBOS
6430,KBWI,KRSW
6431,KABQ,KAEG
6432,CYVR,CYCD
6433,KBUR,KOAK
6434,KSFO,KSEA
6435,KOMA,KSEA
6436,KPIT,KJST
6437,KSEA,KMKE
6438,KMDW,KHOU
6439,KDFW,KOMA
6440,KRVS,19OK
6441,KDEN,KBOI
6442,KDTW,KBOS
6443,KSQL,KHHR
6444,KPWK,K3CK
6445,KSEA,KOMA
6446,KDFW,KDTW
6447,KDEN,KLNK
6448,KSDF,KMHR
6449,KSTL,44IS
6450,KORF,KCLT
6451,EDDL,LTAC
6452,KDAL,KHOU
6453,KBNA,KTEB
6454,KDEN,KATL
6455,KAFW,KSEA
6456,KLAS,KSAN
6457,KSAT,KDAL
6458,KBJC,K11V
6459,KCLT,KOAJ
6460,KORF,KBWI
6461,VIDP,OMDB
6462,KBOI,ID63
6463,KDAY,KDFW
6464,CYYZ,CYOW
6465,UKBB,EDDP
6466,KMIA,KPHL
6467,K47A,KPDK
6468,KSDL,KHND
6469,KSFO,KTUS
6470,KDEN,KTUS
6471,KSFO,KEWR
6472,KSJC,KSAN
6473,EDDF,UUEE
6474,KDAL,KAPA
6475,KDTW,NH78
6476,KPHX,KORD
6477,KVNY,KOPF
6478,KI68,2OH9
6479,KMDW,KSTL
6480,KBDU,CO10
6481,KDEN,KU42
6482,KAUS,KATL
6483,KMIA,KDFW
6484,KLAX,KDFW
6485,LEPA,LEBL
6486,KBIE,KLNK
6487,KRNM,KF70
6488,KFLL,KORD
6489,KSFO,KBOS
6490,KLGA,KORD
6491,KDFW,KSDF
6492,KMDW,KLAS
6493,KPHX,KDTW
6494,KSDL,KAPA
6495,KSTL,KBNA
6496,KGEU,KDVT
6497,SBCO,SBGR
6498,MROC,KIAH
6499,KPWK,KAPF
6500,KSDL,KPAN
6501,KSEA,KPHL
6502,KDEN,KPHX
6503,KDFW,KHHR
6504,KCMA,KHHR
6505,KTPA,KBWI
6506,KBUR,KPHX
6507,EVRA,LKPR
6508,KMDW,KALB
6509,KBOS,KBNA
6510,KNSE,K12J
6511,KSNA,KPHX
6512,KEWR,KPDX
6513,KDTW,KRDU
6514,04CL,1CA6
6515,KBOS,K1B9
6516,KFDK,WV21
6517,KLNK,35MN
6518,KPAN,KCHD
6519,KTKI,KCOS
6520,ENZV,EKCH
6521,KTPA,KFLL
6522,ENBR,ENZV
6523,KFWA,KDFW
6524,KSEA,KLAS
6525,KMSP,KATW
6526,KMCI,KMDW
6527,KPHX,KMDW
6528,KMSP,KMCI
6529,WA09,KBFI
6530,KSEA,CYVR
6531,KBOS,KDFW
6532,KSAT,KDAL
6533,ENGM,ESSA
6534,KPGD,KFMY
6535,KRSW,KMSP
6536,KEDC,KDAL
6537,KFLL,KPHL
6538,KDTW,KATL
6539,KRDU,KMDW
6540,KNZY,KNUC
6541,KDFW,KISM
6542,KSTL,KFLL
6543,KLAS,KBWI
6544,KEWR,KATL
6545,KPHX,KSAN
6546,KSNA,KSJC
6547,IA01,KCBF
6548,KSFO,KBUR
6549,KTPA,KSGS
6550,KSDF,KOAK
6551,WA26,KYKM
6552,SDCO,SBJD
6553,SIQE,SDCO
6554,KGEU,KDVT
6555,VTBS,RKSI
6556,RKSI,ZGSZ
6557,KPHX,KDFW
6558,KBNA,KIAD
6559,KSTL,KDAL
6560,KSEA,UT13
6561,KIND,KDTW
6562,KMSP,KDEN
6563,KLAX,KVNY
6564,EDDF,UUDD
6565,KRYY,KVPC
6566,KHWO,KFXE
6567,KFLL,KORD
6568,KSNA,KLAS
6569,KABQ,KSEA
6570,KSEA,PANC
6571,KLAS,KJFK
6572,KAUS,KSDF
6573,KDTW,46MI
6574,KSDF,KVUO
6575,UAAA,LTBA
6576,KDFW,KDAY
6577,KABQ,KPHX
6578,YBBN,YMML
6579,KBNA,KDCA
6580,KSEA,KJFK
6581,KEMT,KHWD
6582,KSFO,KFAT
6583,PAMR,40AK
6584,KMDW,KPHL
6585,KMCI,KDEN
6586,KCLT,KHFD
6587,ENGM,ESMS
6588,KECP,KBNA
6589,KBWI,KORD
6590,KLAS,KMDW
6591,KPDK,KCTJ
6592,KLGA,KIAH
6593,CYYZ,CYYC
6594,KCGF,67OH
6595,CYYC,CYVR
6596,KMIA,SKMA
6597,KDAL,KISM
6598,77OH,KI69
6599,KPDK,KWDR
6600,KSNA,KCRQ
6601,KVCB,KLVK
6602,KONT,KU42
6603,KMKE,KSEA
6604,KSFO,KLAX
6605,EBBR,ENGM
6606,KDEN,KCOS
6607,EDDF,LEZG
6608,KGRB,KMSN
6609,KSMF,KSAN
6610,KSFO,KPHX
6611,LPPT,LPPR
6612,OI34,7OA7
6613,KSEA,KISM
6614,KOMA,KATL
6615,KWDR,KPDK
6616,KSMF,KPHX
6617,KORD,KIAD
6618,KSDF,KOAK
6619,KFME,KCGS
6620,KENW,WI95
6621,KBOS,KLEB
6622,KSJC,KU42
6623,KRDU,NC76
6624,KAPA,KLAA
6625,LFML,LFKJ
6626,KDEN,KMDW
6627,KORL,KORD
6628,KU77,UT08
6629,KSEA,CYVR
6630,KNSE,93FD
6631,KLOM,KOBI
6632,KLAS,XS89
6633,KCVG,KMIA
6634,KBUR,KVUO
6635,KLNS,KBWI
6636,KMYF,KSBA
6637,KLAS,KORD
6638,KSEA,KSMF
6639,KONT,KSEA
6640,KMTN,7MD1
6641,KORD,KDFW
6642,KMDW,KSGS
6643,KATL,KIAD
6644,KORD,KDCA
6645,CYVR,CYYC
6646,VOMM,OMDB
6647,KRSW,KSGS
6648,1TS3,K9X1
6649,KSFO,KSNA
6650,KNSE,K12J
6651,NZAA,YSSY
6652,KDEN,KSMF
6653,KBWI,KATL
6654,KSAT,KHDO
6655,KLAX,KU42
6656,EGJB,EGNX
6657,KPDX,KSAN
6658,VHHH,RKSI
6659,PAMR,40AK
6660,KFFZ,KMZJ
6661,KX50,KDAB
6662,KAPA,KBJC
6663,KTPA,KORD
6664,KSEA,KBOS
6665,KLAX,KVUO
6666,KBWI,KHOU
6667,KSAT,KORD
6668,KLGA,KDFW
6669,EPKK,EPWA
6670,KGVL,4GA9
6671,8FL6,KNGS
6672,KBOS,KIAD
6673,RCTP,VHHH
6674,KSEA,KEWR
6675,EHAM,UUEE
6676,KCVG,KORD
6677,KLAX,KLAS
6678,KORD,KPHX
6679,VOBL,VECC
6680,KMCI,KSEA
6681,KJVY,KLOU
6682,EBLG,OTHH
6683,KLGB,KSLI
6684,KTPA,KDTW
6685,LHBP,EDDN
6686,7PN0,KXLL
6687,KLAX,KPHX
6688,KDTW,KIAD
6689,PANC,KORD
6690,KPIT,KATL
6691,KSEA,KPDX
6692,KEUL,ID00
6693,KVNY,KFAT
6694,KDCA,KORD
6695,KIXD,SN59
6696,ENGM,EDDV
6697,ENHD,ENGM
6698,KBJC,KAPA
6699,KSEA,KDFW
6700,0FL0,KPGD
6701,KBOS,KORD
6702,UAAA,OMDB
6703,KORL,KMDW
6704,KJFK,KMIA
6705,KPDX,KDFW
6706,KBJC,KPUB
6707,KSEA,KLAX
6708,ENVA,ENGM
6709,KDCA,KBOS
6710,KSEE,KSBA
6711,KDAL,KTUL
6712,KBNA,KDFW
6713,KPUB,K4V1
6714,KSBA,KOXR
6715,KHWV,KFRG
6716,KSEA,KSMF
6717,23AZ,KFFZ
6718,KNSE,KGZH
6719,KPSP,CYYC
6720,KLZU,4GA9
6721,KSRQ,KORD
6722,KAUN,KSAC
6723,KOSU,OI01
6724,KCVG,KDFW
6725,KRSW,KORD
6726,IL38,KARR
6727,KHEF,VA87
6728,KOAK,KSEA
6729,KFXE,KOPF
6730,KPSP,KSNA
6731,KMDW,KBOS
6732,KMYF,KRNM
6733,KFUL,KLGB
6734,KRSW,KDTW
6735,KSEA,KIAD
6736,KCCR,KSTS
6737,RCTP,VHHH
6738,EGAA,EGNX
6739,87CO,KAPA
6740,EKCH,OTHH
6741,KLGA,KMSP
6742,KLZU,KAHN
6743,KSEA,KSAN
6744,KP13,KIWA
6745,KLGB,KTOA
6746,KAJO,KCNO
6747,LDZA,LDSP
6748,KPHL,KATL
6749,92PA,KBTP
6750,KLGA,KPHL
6751,KABQ,KDFW
6752,KCMH,KIAD
6753,KBJC,K11V
6754,KDFW,KPHL
6755,KAUS,KPHX
6756,KSEE,CA75
6757,KSAF,KDFW
6758,KSEA,KLAX
6759,KCLT,KROC
6760,KHOU,4FL9
6761,48AZ,KSDL
6762,KDEN,KDFW
6763,CYYZ,KATL
6764,KTYS,KIAD
6765,KSEA,KPHX
6766,KISP,KHPN
6767,KORD,KATL
6768,KLAS,KCLT
6769,KCMA,KOAK
6770,KSPI,KORD
6771,EINN,EIDW
6772,KSEA,KLAS
6773,ENVA,ENGM
6774,K12J,0AL5
6775,KECP,KPNS
6776,KIND,KIAD
6777,KDAL,KLAS
6778,KORD,KHHR
6779,KSAN,KSMF
6780,KLAX,PANC
6781,KHOU,KLAS
6782,EGAA,EGNX
6783,OI34,7OA7
6784,KFLL,KATL
6785,KLNS,14PS
6786,KSEA,KATL
6787,EGPD,EGNX
6788,KCVG,KABE
6789,KHHR,KSMX
6790,KCLT,KIAD
6791,KRDU,KORD
6792,LFPG,EGSS
6793,LHBP,LKPR
6794,YSSY,YBBN
6795,SC32,0GA2
6796,KPRC,KSDL
6797,YMML,YSSY
6798,KSFO,KDTW
6799,KPHX,KONT
6800,LLBG,LGAV
6801,KPDX,KLAS
6802,KMCC,KMYV
6803,KX50,KDAB
6804,KRDU,KCLT
6805,KCVG,KPHX
6806,0FL0,KPGD
6807,KJST,KBWI
6808,KSEA,KPDX
6809,KPAN,KSDL
6810,KPHX,KOMA
6811,KF70,KCRQ
6812,KLAS,KU42
6813,KONT,KIAH
6814,KATL,KGYH
6815,KXNA,KATL
6816,CYXU,CYYZ
6817,KLOU,59KY
6818,KDEN,KOMA
6819,KMCI,KPHX
6820,KSMF,KLGB
6821,KFLL,FA37
6822,45OH,KI69
6823,KBOS,KIAH
6824,6AK3,PANC
6825,VT48,KIAD
6826,KCVG,KBWI
6827,KBUR,KSJC
6828,KMDW,KRDU
6829,KAPA,CO18
6830,LKMT,EDDP
6831,KORF,KORD
6832,4SC4,SC32
6833,KLGB,KSNA
6834,LIRA,LIPZ
6835,KSDF,KIAD
6836,KRHV,KMOD
6837,KTUL,KATL
6838,KJFK,CYYZ
6839,4WA9,KPAE
6840,NK43,KORD
6841,KBWI,KABQ
6842,KCVG,KSEA
6843,ENBO,ENGM
6844,KSAT,KLAS
6845,KPHL,KORD
6846,KSMF,KSAN
6847,KEWR,KIAD
6848,KSEA,7PS7
6849,KONT,KVUO
6850,KMIA,KDFW
6851,LPPT,LPPR
6852,KBUR,KSFO
6853,EGLL,EIDW
6854,KNSE,KGZH
6855,KPHL,KDFW
6856,KDEN,KSAN
6857,YMML,YMHB
6858,KTUL,KDFW
6859,KBWI,KHFD
6860,ENGM,EKCH
6861,KMHR,KMOD
6862,KSMO,KVGT
6863,KPDK,KJZP
6864,KCOS,KBJC
6865,KPIE,KFXE
6866,KLAS,KISM
6867,KSDF,KBOI
6868,KATL,KORF
6869,KIAD,KDEN
6870,KFUL,KRIR
6871,KFLG,KDFW
6872,7CO0,0CD7
6873,KCRQ,KLGB
6874,KIAH,KORD
6875,KBOI,KOAK
6876,KOAK,KBUR
6877,KSMO,KVNY
6878,KSAN,KSJC
6879,PN14,KBTP
6880,KMDW,KISM
6881,KPDX,KSTL
6882,KEWR,KORD
6883,KDEN,KOAK
6884,KPWK,KMDW
6885,KTPA,KMDW
6886,KSDF,KJFK
6887,KSFO,KMDW
6888,KSNA,KCNO
6889,YSSY,YBBN
6890,KRFD,KSEA
6891,KSAN,KSEA
6892,KDVT,KFFZ
6893,KSYR,KIAD
6894,KCVG,KIAD
6895,KP13,KIWA
6896,KSEA,KMCI
6897,KBOS,KSTL
6898,KORD,KMIA
6899,KSFO,KDFW
6900,EGLL,LIRF
6901,24FL,KDTS
6902,EFHK,ESMS
6903,KDAY,KIAD
6904,KMWC,WI77
6905,KSJC,KLAS
6906,KSMF,KLAS
6907,KPHX,KLAX
6908,ULLI,UUEE
6909,LLBG,OTHH
6910,KLGA,KORD
6911,KPIT,KDUJ
6912,KF70,8CA5
6913,VHHH,RJBB
6914,KBUF,KIAD
6915,KNSE,KGZH
6916,KEWR,KIAH
6917,KLAX,KJFK
6918,KLOU,3IN6
6919,LSGG,LSZM
6920,KRDU,KDFW
6921,KATL,KDTW
6922,KPIT,KIAD
6923,KOWD,KBOS
6924,KSBA,KVNY
6925,KOMA,KMDW
6926,KLGB,KCNO
6927,KMDW,KGYY
6928,KMDT,KIAD
6929,LTFJ,EDDP
6930,KBOI,UT13
6931,KMRT,KOSU
6932,KCVG,KRIR
6933,EPWA,EDDK
6934,KSDL,KPAN
6935,KRDU,KHRJ
6936,KTEB,KMDW
6937,KCMA,KSBA
6938,KMCX,KLAF
6939,KSNA,KSEA
6940,KLGA,KORD
6941,KIAD,KORD
6942,KCRQ,KRNM
6943,KLAS,KDTW
6944,UUWW,EDDK
6945,KATL,KORD
6946,KRDU,KTEB
6947,KMSN,KDLL
6948,KDEN,KDAL
6949,KTOA,KLGB
6950,KLAX,KSAN
6951,OMDB,OERK
6952,45OH,KLUK
6953,KSEA,KDTW
6954,KATL,KSGS
6955,KHYA,KBOS
6956,KBWI,KDFW
6957,KPHL,KIAD
6958,KROC,KIAD
6959,KDCA,KORD
6960,KLAX,KSJC
6961,KDEN,KVUO
6962,KPSP,KSFO
6963,EGMC,LIMC
6964,KMDW,KVUO
6965,KMKE,KLAS
6966,KDAL,KCMH
6967,KPHX,KSNA
6968,KDEN,KORD
6969,KLZU,KVPC
6970,KORF,KDTW
6971,WSSS,VTBS
6972,KOMN,KDAB
6973,KDAL,KATL
6974,KPHX,KIWA
6975,KLZU,KPDK
6976,KHOU,KMKE
6977,KLGA,KIAD
6978,KIAD,KDFW
6979,VTBS,ZGSZ
6980,64CO,KPUB
6981,27XA,KAFW
6982,KLZU,4GA9
6983,KITH,KIAD
6984,EDDF,LIMC
6985,37CN,KOAK
6986,KBED,KSRQ
6987,KFXE,KOPF
6988,KATL,KLGA
6989,KLOU,64KY
6990,KDAL,KPHX
6991,KSDF,KBFI
6992,KLGB,KSJC
6993,KSEA,KDCA
6994,KATL,KECP
6995,4TA4,KSGR
6996,ESGG,EKCH
6997,LSGG,EDDP
6998,KAVP,KDTW
6999,KVNC,KFXE
7000,KLAS,KABQ
7001,IA01,KMLE
7002,KPAN,KCHD
7003,KSAT,KBWI
7004,KSDF,KOAK
7005,KSJC,KSTL
7006,EDDS,EDDP
7007,VHHH,RKSI
7008,KFHR,KBLI
7009,KSEA,KMDW
7010,KORF,KIAD
7011,KLAS,KTUS
7012,KSDF,KIAH
7013,KATL,KRDU
7014,KCMH,KDEN
7015,KAPA,KSNA
7016,KBNA,KECP
7017,KATL,KMDW
7018,KROC,KORD
7019,EGGW,LHBP
7020,KIXD,SN59
7021,KSBA,KOXR
7022,KJNX,NR02
7023,KMMU,4NY1
7024,KBUF,KORD
7025,KBNA,KPHL
7026,KSDL,KIWA
7027,KSDF,KEWR
7028,KDEN,KSTL
7029,KIAD,KBNA
7030,KMMU,KILG
7031,VHHH,RCTP
7032,KRDU,KIAD
7033,KA39,KSDL
7034,KBJC,KFNL
7035,KPIT,KPHL
7036,KSFO,KBUR
7037,KSAN,KPHX
7038,EGAA,EGNX
7039,LJLJ,EDDK
7040,KSNA,KPDX
7041,KBVS,KBFI
7042,ULLI,UUWW
7043,LTFJ,EBLG
7044,KTYS,KBNA
7045,KIAH,KDFW
7046,VABB,VOMM
7047,KSAT,UT13
7048,KBOS,KMSS
7049,88MN,KFCM
7050,KATL,KMKE
7051,KATL,KSTL
7052,CAP3,CYCD
7053,LJLJ,EDDM
7054,LFBD,LFPG
7055,EDDF,EDDT
7056,KSDF,KMHR
7057,KLAX,KDTW
7058,KFAT,KSFO
7059,KIWA,KMZJ
7060,VHHH,RKSI
7061,K11V,KBJC
7062,KSFO,KIAH
7063,KLGB,KSBA
7064,KDFW,KBOS
7065,KSBP,KOAK
7066,EGPH,EGNX
7067,KPHX,KMCI
7068,KMYF,CA84
7069,SAEZ,SBGR
7070,LDZA,EDDK
7071,EHAM,EDDP
7072,EGPH,LFPG
7073,KDMW,KLNS
7074,KLGB,KTOA
7075,KSDF,KMIA
7076,KATL,KRDU
7077,KDFW,KORD
7078,KIWA,KAVQ
7079,KMGW,WV65
7080,LTBA,EDDP
7081,KSFO,KLAX
7082,KSLK,KBOS
7083,KSQL,KO69
7084,KTPA,KDFW
7085,OMDB,OBBI
7086,EDDF,EDDM
7087,KDFW,KXNA
7088,KDWH,KADS
7089,LSGG,EGSS
7090,KRSW,KBWI
7091,KMCI,KBWI
7092,LHBP,EDDP
7093,KBUR,KDFW
7094,KABQ,KPHX
7095,KBWI,KDTW
7096,KDCA,KMIA
7097,KATL,KMCI
7098,EDDF,EDDH
7099,KONT,KBFI
7100,LZIB,EDDP
7101,KAUS,KDFW
7102,KTPA,KHFD
7103,KBOI,KDFW
7104,RPLL,WSSS
7105,KORL,KDFW
7106,KCPS,7IS2
7107,KBJC,KAPA
7108,KTYS,KADS
7109,CA84,KMYF
7110,KLGA,KMIA
7111,KMZJ,KFFZ
7112,KHWO,KOPF
7113,KMIA,KDCA
7114,KDFW,KDCA
7115,KJNX,KRDU
7116,KDFW,KSAT
7117,ESSA,EDDP
7118,KPDK,6GA0
7119,KDCA,KDFW
7120,KDFW,KTUL
7121,NZAA,NZCH
7122,SC32,0GA2
7123,LIRA,EDDP
7124,LFPG,LIMC
7125,KSDF,KRIR
7126,KPDX,KLAS
7127,KBOS,KFLL
7128,KIWA,KCRQ
7129,KSTL,KBNA
7130,OTHH,VOBL
7131,KLAS,KLAX
7132,VOMM,WSSS
7133,KONT,KOAK
7134,KDCA,KSTL
7135,UUEE,EDDP
7136,LIRF,LIMC
7137,KLAX,KSEA
7138,KSDF,KEWR
7139,KSGR,KADS
7140,EDDV,EDDH
7141,KSTL,KORD
7142,CYYJ,CYCD
7143,KLGA,KDTW
7144,9CO2,KFTG
7145,KL70,KWHP
7146,KBUF,KMDW
7147,KLOU,KJVY
7148,KDEN,KIAD
7149,ZGSZ,RKSI
7150,KIAD,KIAH
7151,KIXD,SN59
7152,KVNY,KWHP
7153,KLAX,KDFW
7154,SBBR,SBSP
7155,EGPH,EGNX
7156,KBNA,KBWI
7157,KPYM,KHYA
7158,KPSP,KDFW
7159,KPAE,KPDX
7160,KPOC,KEMT
7161,KDEN,KHOU
7162,KSEA,KATL
7163,KMIA,SKMA
7164,PAMR,8AK6
7165,KFLL,KSRQ
7166,KSDF,KMDW
7167,KPSP,KSNA
7168,EKRK,EKBI
7169,KLAX,KSMF
7170,KDFW,KIAH
7171,KGSO,KIAD
7172,KMDT,KORD
7173,SKBO,KMIA
7174,KDTW,KDCA
7175,VHHH,RPLL
7176,KU42,KU14
7177,EFHK,EDDP
7178,OMDB,VOBL
7179,KEIK,0CD7
7180,KAUS,KU42
7181,KCNO,KFUL
7182,KVNY,KSMO
7183,KLAX,KORD
7184,KIWA,KCRQ
7185,KDFW,KABQ
7186,KFNL,KBJC
7187,KCGZ,KCHD
7188,EPKT,EDDK
7189,KMDW,KCMH
7190,KSAN,KDFW
7191,EGSS,EIDW
7192,KSBA,KDFW
7193,LFBO,EBBR
7194,KPHX,KDCA
7195,KBNA,KORD
7196,KAUS,KDAL
7197,KCLT,KORD
7198,KEIK,0CD7
7199,KSFO,KATL
7200,KSNA,KDFW
7201,KFLL,KMSP
7202,KSEA,KSTL
7203,KCHD,KDVT
7204,KFFZ,KPAN
7205,KSEA,KBOI
7206,KDFW,KVUO
7207,KCRQ,KLGB
7208,KATL,KEWR
7209,EIDW,EGNX
7210,KLNK,KORD
7211,KDTW,KABE
7212,KDVT,AZ05
7213,EPWA,LKPR
7214,UT08,KPVU
7215,KOPF,KFXE
7216,KDTW,KCMH
7217,KVNY,KWHP
7218,KLAX,KSTL
7219,KMYF,KSEE
7220,KONT,KRDU
7221,KCWA,KORD
7222,KDFW,KMCI
7223,KPSP,KBUR
7224,VOBL,VABB
7225,KEWR,KORD
7226,KDAY,KORD
7227,KSDF,KMIA
7228,KDEC,62IS
7229,KPDK,KWDR
7230,KAPA,KCOS
7231,KDTW,KPHL
7232,KSEA,KDFW
7233,KLAX,KMDW
7234,KSAT,KDFW
7235,KRFD,KRIR
7236,KSBA,KSNA
7237,KDCA,KIAH
7238,KSFO,KSAN
7239,KLAX,KOAK
7240,KSEA,KSAN
7241,KFNL,KLMO
7242,EDDK,EDDM
7243,KATL,KORD
7244,KDTW,KSGS
7245,KDFW,KSFO
7246,KTYS,KORD
7247,KDFW,KPHL
7248,KSDF,KMIA
7249,KDAL,KISM
7250,55PA,KXLL
7251,KTTN,KAGC
7252,09PA,KORD
7253,CYXX,CYYC
7254,KRYY,KPWK
7255,KAVP,KAKH
7256,KNSE,KGZH
7257,KPHX,KPAE
7258,KTEB,KOPF
7259,KLNK,NE42
7260,KSJC,KSEA
7261,KBOI,KSEA
7262,KSAC,63CN
7263,KLZU,KWDR
7264,KPUB,CO80
7265,VHHH,VTBD
7266,ZGSZ,RCTP
7267,KRFD,KMHR
7268,KNSE,KGZH
7269,KDWH,7TA0
7270,KAPA,KPHX
7271,KSJC,KLAX
7272,KONT,KDFW
7273,KFAT,KDFW
7274,K9A1,GA82
7275,KEMT,KCNO
7276,KATL,KDCU
7277,KDFW,KHOU
7278,PANC,KSEA
7279,KSAN,KIAH
7280,KPUB,CO80
7281,CYVR,KSEA
7282,KLAX,KBNA
7283,KTUL,KDAL
7284,KSEA,KBNA
7285,LROP,EBLG
7286,KBWI,KISP
7287,KDAL,KATL
7288,KMIA,KTEB
7289,KMCI,KOAK
7290,KSDF,KORD
7291,VOBL,VIDP
7292,KBWI,KCVG
7293,KSMF,KDFW
7294,KDTW,KROC
7295,KMDW,KATL
7296,KPDX,KMDW
7297,KHOU,KDAL
7298,KSEA,KABQ
7299,KXLL,7PN0
7300,LIME,EDDP
7301,KDEN,KSEA
7302,KBJC,K11V
7303,KFNT,KORD
7304,KBUF,KATL
7305,EGSS,EGAA
7306,KATL,KVPS
7307,EPWA,EDDP
7308,KSTL,KORD
7309,KDFW,KFLL
7310,KBNA,KMSP
7311,KBOS,KBNA
7312,KDFW,KEWR
7313,KHOU,KFLL
7314,KDTW,KSYR
7315,LEMD,EDDP
7316,KCHD,KPHX
7317,KSEA,KMSP
7318,KNSE,K12J
7319,WSSS,VTBD
7320,KSTL,KDCA
7321,ZGSZ,WSSS
7322,KSNA,KIAH
7323,KATL,KISM
7324,KDAL,KSNA
7325,KSDF,KPHX
7326,SBMT,SDCO
7327,KPDK,KGVL
7328,KDEN,KSFO
7329,LIPE,EDDK
7330,KFRG,03NY
7331,KCLT,KBWI
7332,KEWR,KDFW
7333,LEBL,EDDP
7334,EGNX,EDDP
7335,KFTT,KORD
7336,KSDF,KIAH
7337,KORD,KIAH
7338,KDAL,KHOU
7339,1GA9,KD73
7340,CYOW,CYYZ
7341,NZAA,NZGB
7342,VHHH,WSSS
7343,KLAX,KMSP
7344,KMDW,KOMA
7345,KNUC,KNZY
7346,KCVG,KORD
7347,KRDU,KIAH
7348,KLAX,KIAH
7349,LPPR,EDDK
7350,KPUB,CO80
7351,YBBN,YMYB
7352,KDAL,KPHX
7353,KDFW,KMIA
7354,YMML,YSSY
7355,LOWL,EDDP
7356,KIWA,KLAS
7357,KDFW,KPDX
7358,KLGA,KCLT
7359,KLAX,KORD
7360,CYOW,CYYZ
7361,LFPG,EBLG
7362,KCMH,KMSP
7363,KBOS,KCMH
7364,KOAK,KVUO
7365,01VA,KJYO
7366,CYUL,CYYZ
7367,KPUB,KAPA
7368,KDAL,KSAT
7369,KATL,KSTL
7370,KPAO,KHWD
7371,KFTW,74XA
7372,EDDF,LFPG
7373,KIND,KMIA
7374,CYVR,KSEA
7375,KPIA,KORD
7376,KMOD,KWVI
7377,KCVG,KDFW
7378,KVPS,KDFW
7379,KAFW,KBUR
7380,KCOS,KU42
7381,ESSA,EDDK
7382,KSDF,KDFW
7383,KMSP,KORD
7384,KFXE,KOPF
7385,KSMF,KSTL
7386,87TE,KSGR
7387,KDAL,KABQ
7388,KSEA,KOAK
7389,KFHR,WN51
7390,KDFW,KORD
7391,LFPG,EDDK
7392,KDAL,KAPA
7393,KSPI,KDFW
7394,SBGR,SSJC
7395,CTF4,CNC3
7396,WSSS,VOMM
7397,EIDW,EDDK
7398,KSDF,KABQ
7399,KDEN,KU42
7400,KMKE,KPHX
7401,KHOU,KATL
7402,ZGSZ,WMKK
7403,KIND,KU42
7404,KBWI,KSDF
7405,KDFW,KCLE
7406,CYCD,CAM3
7407,KSDF,KDFW
7408,KDAL,KSTL
7409,KCLE,KORD
7410,KAVP,KFWQ
7411,KTPA,KMDW
7412,KCMH,KDTW
7413,KOAK,UT13
7414,KHEF,VA45
7415,KMTN,KBWI
7416,KORL,KIAH
7417,KDFW,KHHR
7418,KSFO,KONT
7419,KMKE,KORD
7420,KVNY,KHHR
7421,LFPG,ESSA
7422,KMDW,KLAS
7423,KOMA,KORD
7424,KOAK,KBOI
7425,KMCI,KLAX
7426,KHOU,KBWI
7427,KDAL,KTUL
7428,KAUS,KBOS
7429,PANC,40AK
7430,KCLT,KMIA
7431,KMTN,KBWI
7432,EDDF,UUEE
7433,KDVT,KCHD
7434,KBUR,KU42
7435,YBBN,YBCS
7436,NZWN,NZCH
7437,CYCD,CYVR
7438,KDFW,KCVG
7439,KSAT,KHOU
7440,KIAD,KATL
7441,KCLT,KPHL
7442,KSNA,KU42
7443,KOAK,KDAL
7444,KMCI,KORD
7445,KLAX,KPHX
7446,KTPA,KDCA
7447,KDUJ,KBWI
7448,KLEB,KBOS
7449,KMDW,KMCI
7450,KSDF,KSAT
7451,KCLT,KORD
7452,KDAL,KSTL
7453,KMIA,KPHL
7454,KBWI,KLNS
7455,KMKE,KORD
7456,VHHH,RCTP
7457,KCLT,KPHF
7458,KDTW,KORD
7459,KHOU,KSTL
7460,KOPF,KX49
7461,KMCE,KLAX
7462,KPDX,UT13
7463,KLAS,KVUO
7464,KDVT,KCGZ
7465,KCRQ,KSBA
7466,YSBK,YBCG
7467,KPHX,KBUR
7468,KSAN,KLAS
7469,LEMD,EBBR
7470,KCMH,KORD
7471,EDDF,EDDP
7472,KCLT,KIAH
7473,KSBA,KU42
7474,KLAS,KMDW
7475,KDFW,KOMA
7476,KPUB,CO80
7477,KBOS,KPYM
7478,KCLT,KATL
7479,KSFO,KSEA
7480,KLXT,KMKC
7481,XS89,17TE
7482,KSAN,KSTL
7483,LEBL,EBBR
7484,KMKE,KISM
7485,LFPG,LSZM
7486,KMOD,KRHV
7487,KDTW,7PS7
7488,KSAN,KSMF
7489,CO53,KBJC
7490,KHOU,KDFW
7491,KDFW,KRSW
7492,KSDL,KROG
7493,KTYS,KDFW
7494,KFNL,KBJC
7495,KSMF,KU42
7496,KBNA,KISM
7497,KCLT,KCMH
7498,KSDF,KMIA
7499,KPYM,KBVY
7500,KIND,KORD
7501,ZGSZ,WMKK
7502,KDFW,KSJC
7503,KCLT,KRDU
7504,KAUS,KORD
7505,KHEF,KABE
7506,YSSY,NZAA
7507,KRNM,KCRQ
7508,KSDF,KAKH
7509,EPKT,EDDP
7510,KCCB,8CA5
7511,KSAN,KFAT
7512,KLAS,KSTL
7513,KBNA,KDFW
7514,KRIR,KFUL
7515,KNSE,FD82
7516,PN14,KBTP
7517,KLAX,KVNY
7518,ESMS,EDDK
7519,KLAS,KDFW
7520,KDFW,TX03
7521,KCLT,KCVG
7522,KBWI,KFLL
7523,KSAN,KU42
7524,KI69,21OI
7525,KSFO,UT13
7526,KPUB,K4V1
7527,PAEN,PANC
7528,KMSP,KBWI
7529,KCLT,KDFW
7530,KRYY,KCZL
7531,EGLL,LEMD
7532,KPUB,CO80
7533,KFFZ,AZ00
7534,KATW,35MN
7535,KMSN,KORD
7536,LDSR,LDZA
7537,KFLL,KDTW
7538,LSZM,EDDP
7539,LIRA,EBLG
7540,KLAS,KIAH
7541,KMDW,KRSW
7542,KPHX,KOAK
7543,KMKE,KDFW
7544,KMCI,35MN
7545,K47A,4GA0
7546,KATL,KDAL
7547,KPHX,KLAS
7548,PANC,40AK
7549,KSDF,KDFW
7550,KORL,KMDW
7551,KCLT,KBWI
7552,KNSE,KGZH
7553,KDEN,KMSP
7554,KCEW,KNKL
7555,KLAS,KOAK
7556,KPIE,FD96
7557,KCLT,KCVG
7558,KMOD,KCCR
7559,LFPG,EDDK
7560,LFRS,EDDP
7561,KORD,KDFW
7562,KDEN,KPHX
7563,NC31,5NC3
7564,EKBI,EDDP
7565,KCLT,KORF
7566,KPDX,KSEA
7567,KSDF,KISM
7568,KNSE,KGZH
7569,KLAS,KATL
7570,44IS,KSTL
7571,KPSP,KHHR
7572,EGPH,EGSS
7573,KALB,KMDW
7574,KCLE,KBNA
7575,KCLT,NC06
7576,KFWN,KMMU
7577,YSBK,YSCH
7578,KLNR,KMSN
7579,KCLT,KFLL
7580,PN14,KBTP
7581,EGSS,EGPH
7582,LIPE,EDDP
7583,EKBI,ESMS
7584,KCOS,KDFW
7585,KCNO,KTOA
7586,KCLT,KROC
7587,KMCI,KDFW
7588,EDDF,EDDP
7589,KABQ,KMDW
7590,KSFO,KMSP
7591,KPHL,KCLT
7592,KCRQ,KMYF
7593,CO80,KPUB
7594,KAUS,KHOU
7595,3OR8,KSEA
7596,YPAD,YOLD
7597,KTPA,KBWI
7598,KPHX,KIAH
7599,LEBL,EDDK
7600,KBOS,KCLT
7601,KFLL,KEWR
7602,KDTW,KBWI
7603,KMSP,KDTW
7604,CYUL,CYYZ
7605,KBOI,KLAX
7606,KFAT,UT13
7607,KFFZ,KE63
7608,ESSA,EBLG
7609,EDDM,EDDP
7610,LPPR,EBLG
7611,LOWW,EDDK
7612,LEMD,EDDK
7613,KHYA,KPYM
7614,KFAT,KSNS
7615,KJVY,KLOU
7616,KILG,KMMU
7617,KCLT,KXNA
7618,KATL,KDFW
7619,KLAL,KX49
7620,KNSE,KGZH
7621,KSMO,KSBP
7622,LFML,EDDP
7623,KBNA,KIAH
7624,ZGSZ,RCTP
7625,KSTL,KPHX
7626,EGKR,EGKA
7627,OI34,7OA7
7628,KIND,KBOS
7629,KMDW,KMSP
7630,KLAS,KLAX
7631,LIMC,EDDP
7632,KDFW,KDTW
7633,KCLT,KBNA
7634,KIXD,SN59
7635,KSBP,KSEA
7636,KMZJ,KIWA
7637,KBOS,KCLT
7638,KGEG,KU42
7639,NZWN,NZCH
7640,CYYC,CYVR
7641,EGNX,EDDK
7642,KONT,KSJC
7643,KIND,KATL
7644,KEUL,08ID
7645,KTKI,KADS
7646,KBNA,KBKL
7647,YPJT,YBUN
7648,EHGG,EHDR
7649,LSZM,EBBR
7650,0GA2,SC32
7651,KDCA,KBNA
7652,KCLT,KTUL
7653,EIDW,EBLG
7654,SBCO,SBKP
7655,KSDF,KU42
7656,KPHL,KBNA
7657,KSJC,KSAN
7658,KORS,KRNT
7659,KSNA,KLAS
7660,KTPA,KMKE
7661,KPHX,KMDW
7662,KLAX,KSFO
7663,LFPG,LOWW
7664,KOPF,KX49
7665,KHWD,KPAO
7666,KSDF,KLUK
7667,KPDX,KMSP
7668,KLGB,KCRQ
7669,KLOT,IL78
7670,KPHX,KAUS
7671,KNSE,K12J
7672,KCLT,KBOS
7673,89TA,KDWH
7674,KFDK,KHGR
7675,KLGB,KBUR
7676,KABQ,KIAH
7677,LFPG,EHAM
7678,KLAX,KDFW
7679,KSAN,KDAL
7680,LIME,EDDK
7681,KPHX,KSJC
7682,KSEA,KPHX
7683,KCLT,KMSN
7684,KLNS,KMMU
7685,KBWI,KDAL
7686,8CL1,KCRQ
7687,LKPR,EDDK
7688,LIPZ,EDDP
7689,KCMH,KRSW
7690,KHOU,KSAT
7691,KPHX,KDAL
7692,KOMA,KDFW
7693,KSDF,KOMA
7694,YBBN,YMML
7695,KMSP,KMDW
7696,KSDL,KAPA
7697,LFNR,LFPG
7698,KNSE,K12J
7699,KATL,KIAH
7700,KHOU,KMDW
7701,KCLT,KPVD
7702,KHRO,KDFW
7703,KLAS,KMSP
7704,EGPD,EGNX
7705,CO80,KPUB
7706,KFFZ,AZ00
7707,KSMF,KLAX
7708,KIND,KEWR
7709,KTOA,KLGB
7710,LFBO,LFPG
7711,LIPZ,EDDK
7712,KDFW,KPHX
7713,KATL,KDCA
7714,KPAN,KFFZ
7715,KBWI,KMTN
7716,EDDB,EDDK
7717,KCVG,KCLT
7718,BIKF,EBLG
7719,KLAS,KPHX
7720,KDCA,KATL
7721,KFFZ,KMZJ
7722,KSDM,CA75
7723,KAPA,K9V7
7724,KBUR,KLAS
7725,KLGB,KSMF
7726,KMCI,KATL
7727,KBOS,KTEB
7728,KBWI,KMDW
7729,KSAT,KDAL
7730,KLAS,KSJC
7731,KHOU,KPHX
7732,KBOS,KJFK
7733,KRIV,2CN8
7734,KTYS,KATL
7735,KHOU,KATL
7736,EDDN,EBLG
7737,KNSE,KNPA
7738,KCLT,KDCA
7739,KRNT,KS50
7740,KADS,TA65
7741,KBOS,KMSP
7742,KMCC,KRBL
7743,CO80,KPUB
7744,KBMI,KATL
7745,OI34,7OA7
7746,LSZM,EDDP
7747,KEWR,KMSP
7748,KDEN,KBOI
7749,KSMF,KSEA
7750,BIKF,EBLG
7751,KBED,KFMH
7752,KPDX,KSEA
7753,82PA,KFLL
7754,KHOU,KFLL
7755,CYYC,CYVR
7756,KDEN,KSDF
7757,KIAD,KMSP
7758,KBOI,KSDL
7759,YPAD,YOLD
7760,KONT,KDEN
7761,KHHR,KUDD
7762,KABQ,KLAX
7763,KBOI,KSEA
7764,KDEN,KBUR
7765,LIME,EDDP
7766,LIMC,EBLG
7767,KBOS,KDCA
7768,KLAX,KDFW
7769,KECP,KATL
7770,KVNY,KCMA
7771,CYYZ,CYUL
7772,KLVK,KSAC
7773,KPRB,KSBP
7774,KXNA,KDFW
7775,KSDF,KIAH
7776,KSAN,KHOU
7777,LIPE,EDDP
7778,KECP,KIAH
7779,KDEN,KPRC
7780,LFPG,EKCH
7781,KRYY,KCZL
7782,KLAS,KIWA
7783,EDDV,EBLG
7784,KDFW,KABQ
7785,EGKA,EGKR
7786,KBED,KLWM
7787,KPHX,KABQ
7788,KMCI,KIAH
7789,KPDK,KVPC
7790,KSDF,KPHL
7791,KRDU,KSRQ
7792,KPIT,5PA3
7793,KAUS,KMDW
7794,KPDK,KCZL
7795,KMDW,KAPF
7796,TA33,KDWH
7797,KSEA,KMSP
7798,KGEG,KSEA
7799,KORF,KCLT
7800,KFFZ,KA39
7801,KPAE,WA09
7802,NZGB,NZAA
7803,KCLT,55GE
7804,KBOS,KTEB
7805,KRDU,KETC
7806,KSAC,KMOD
7807,KMIA,KATL
7808,KFMY,KPGD
7809,KGEG,KLAS
7810,KMDW,KISM
7811,LFPG,LEBL
7812,KDFW,KONT
7813,LSZM,EBLG
7814,KBOI,1ID4
7815,LZIB,EDDP
7816,KRYN,KSFO
7817,KMDT,KCLT
7818,EKCH,EDDP
7819,VTBS,VHHH
7820,7CO0,KEIK
7821,KTYS,KBNA
7822,CO80,KPUB
7823,SBSP,SDAA
7824,KMSS,KBOS
7825,KSMO,9CA0
7826,LIMC,EDDP
7827,KMDW,KBUF
7828,VIDP,VABB
7829,KFLL,KDAL
7830,KECP,KBNA
7831,SBGR,SSJC
7832,OI34,7OA7
7833,KAUS,KDEN
7834,KTEB,KRDU
7835,KIWA,KE67
7836,KCLW,KSPG
7837,4GA9,KPDK
7838,KSMF,KSAN
7839,KNSE,1AL5
7840,KSDF,KORD
7841,KSGF,KSUS
7842,KL70,KSMO
7843,KSDF,KPHL
7844,KBJC,K11V
7845,KK52,KSTL
7846,LFPG,LEMD
7847,1TN0,KBNA
7848,KPIE,FA40
7849,KECP,KBNA
7850,KHYA,KPYM
7851,SBBR,SBKP
7852,KSDF,KBOS
7853,KMDW,KDTW
7854,KDEN,KRIR
7855,KNSE,KGZH
7856,KLAS,KHOU
7857,KIAH,KMSP
7858,KPIE,KAPF
7859,KPHX,KDFW
7860,KDAL,KMCI
7861,EDDK,EDDP
7862,67TE,KSAT
7863,KRSW,KATL
7864,KFLL,KATL
7865,KSDF,KDFW
7866,KORF,KATL
7867,GA36,K47A
7868,KLAS,KBUR
7869,KPSP,KPHX
7870,KSFO,KLAS
7871,KMHR,KLHM
7872,LIBD,LIPX
7873,KFRG,KISP
7874,KLAX,KSFO
7875,KAPA,KBJC
7876,YSSY,YMML
7877,K47A,KPDK
7878,K9A1,KPDK
7879,KSJC,KHHR
7880,LEBL,EBLG
7881,KLNS,7PS7
7882,KIND,KATL
7883,KPDX,KSLC
7884,KNSE,0AL5
7885,KSTL,KCLT
7886,KMWC,WI77
7887,KTPA,KATL
7888,KFCM,1MN8
7889,KX50,KDAB
7890,YSSY,YSTW
7891,LFPG,EGSS
7892,KATL,09MO
7893,KBWI,KCLT
7894,KOAK,KPHX
7895,KMYF,KSDM
7896,LFML,EBLG
7897,ESGG,EBLG
7898,ID63,KBOI
7899,KPIT,KBFD
7900,KIND,KJFK
7901,KAUS,KDFW
7902,KMCI,KMDW
7903,KIAH,KDFW
7904,KIND,KDTW
7905,KPHX,KSNA
7906,EDDM,EBLG
7907,KDEN,KLAX
7908,YPAD,YOLD
7909,KTPA,KATL
7910,KA39,KCHD
7911,KSFO,KPHX
7912,KSTL,KBNA
7913,EDDH,EDDV
7914,KBOS,KDTW
7915,KDFW,KABQ
7916,KRHV,9CL2
7917,KATL,KBWI
7918,KRDU,KATL
7919,KLAX,KLAS
7920,KPSP,KSMO
7921,KSAT,KDFW
7922,KDVT,KCHD
7923,KSLI,KFAT
7924,ZGSZ,VTBD
7925,LFPG,EDDP
7926,KSDF,NH78
7927,KRDU,KATL
7928,K47A,4GA0
7929,CO80,KPUB
7930,EBBR,EDDP
7931,KABQ,KSAF
7932,KABE,KDTW
7933,KJFK,KDTW
7934,EGPH,EGSS
7935,KIAD,KHFD
7936,KTUL,KIAH
7937,KAUS,KDTW
7938,KNSE,93FD
7939,KIAD,KBKL
7940,KAPA,9CO2
7941,RJBB,RJTL
7942,KSMF,KLGB
7943,KDFW,KIAH
7944,KOAK,KSNA
7945,CYOW,CYUL
7946,KNSE,KGZH
7947,ESMS,EDDK
7948,KTEB,KPTK
7949,KDFW,KSDF
7950,KSEA,KSFO
7951,LFPG,EDDV
7952,KSDF,KSYR
7953,KF70,8CA5
7954,KDEN,KHOU
7955,KNSE,K33J
7956,KPDX,KSNA
7957,KATL,KFLL
7958,KCMH,KBWI
7959,35OR,KSFO
7960,KVNY,KCMA
7961,KATL,KJFK
7962,EGNX,EDDK
7963,KXLL,55PA
7964,KIAD,KTYS
7965,KBFI,KPWT
7966,KDFW,KCMH
7967,KMYF,KCRQ
7968,KADS,K21F
7969,KGXY,KLMO
7970,KNSE,KPNS
7971,KIAD,KBNA
7972,KSMO,KHND
7973,KXNA,KIAH
7974,KORL,KSTL
7975,KATL,KDTW
7976,KTUL,KDFW
7977,EHAM,EDDP
7978,KSJC,KSNA
7979,KBOS,NH78
7980,KLAS,KCRQ
7981,KLVK,63CN
7982,EGSS,EDDP
7983,KCPS,7IS2
7984,KSLC,KLAS
7985,KIAD,KDTW
7986,0WN1,WN45
7987,KIAD,0NC1
7988,VABB,VOMM
7989,LFPG,EDDK
7990,KBOS,KSLK
7991,KBNA,9TN9
7992,KECP,K54J
7993,KBNA,KBOS
7994,KIAD,KFLL
7995,KMYF,CA84
7996,EDDM,EDDK
7997,2OA7,KLUK
7998,KDFW,KHOU
7999,KCLT,KSRQ
8000,KORL,KHOU
8001,KDWH,KRBD
8002,EGLL,EBBR
8003,KDCA,KDTW
8004,KIAD,KBOS
8005,KDEN,KBNA
8006,CYCD,CYYJ
8007,KARB,KYIP
8008,KFFZ,KE63
8009,KEMT,KMYF
8010,KPDX,KONT
8011,KCHD,KSEZ
8012,KIAD,KLGA
8013,KNZY,KNUC
8014,KIAD,KATL
8015,KNSE,K33J
8016,KBOI,KSFO
8017,KMTN,KBWI
8018,EKCH,EDDP
8019,KCVG,KMSP
8020,KIAD,KALB
8021,EGNX,EDDP
8022,KSCK,KSBP
8023,CYYC,CYVR
8024,KMDW,KBWI
8025,NZCH,NZAA
8026,KONT,KSFO
8027,WA97,KYKM
8028,KIAD,KEWR
8029,EGSS,EDDK
8030,LIPE,EBLG
8031,KHOU,KDFW
8032,OI34,7OA7
8033,KFLL,KDCA
8034,KIAD,KCMH
8035,KWHP,KCMA
8036,EKCH,EBBR
8037,KLAX,KSFO
8038,VHHH,RCTP
8039,KCMA,KVNY
8040,KIAD,KSDF
8041,KDFW,KRDU
8042,KBOS,KMVY
8043,KLAS,KSFO
8044,KSEE,KMYF
8045,KDFW,KVPS
8046,KDFW,KBMI
8047,KDTS,KNPA
8048,EGAA,EGNX
8049,KPHX,KSFO
8050,KFUL,KSNA
8051,KAPA,KMDW
8052,TE71,KSGR
8053,KSTL,KDTW
8054,KDTW,CYYZ
8055,KAFF,KPUB
8056,KDFW,KXNA
8057,KLAS,KCRQ
8058,KIAD,KPHL
8059,CYYZ,KDTW
8060,KIAD,7PS7
8061,ESMS,EBLG
8062,K12J,0AL5
8063,KMDW,KDAL
8064,KIAD,KROC
8065,KORD,KPHL
8066,KSBD,KBNG
8067,KATL,KORD
8068,KPIE,FA40
8069,KDFW,KSRQ
8070,NZOM,NZWN
8071,KSNA,KPHX
8072,KPHL,KORD
8073,YSSY,YMML
8074,EGPH,EGNX
8075,KDAL,KHOU
8076,LIMC,EBBR
8077,KDFW,KORD
8078,KAUS,KBNA
8079,KBWI,KDUJ
8080,KDFW,KBNA
8081,EKCH,EDDK
8082,KPGV,KRDU
8083,LFPG,EBBR
8084,EGNX,EDDK
8085,KX50,KDAB
8086,YMEN,YSCB
8087,YBBN,YSCH
8088,OBBI,OERK
8089,KIAD,61NK
8090,KPHX,KTUS
8091,KCGZ,KDVT
8092,KDEN,KSNA
8093,KCMH,KMDW
8094,KPGV,KCLT
8095,KPSP,KSFO
8096,KANE,KMIC
8097,KSYR,KDTW
8098,KBOI,2ID6
8099,OI34,7OA7
8100,KISP,KBWI
8101,EGNX,EDDP
8102,KHEF,KCJR
8103,KIAD,0PA6
8104,KFFC,KPDK
8105,YBUN,YPJT
8106,KPHX,KLAX
8107,KMVY,KPVD
8108,KGSO,KCLT
8109,KLVN,KFCM
8110,KSMF,KLAS
8111,ENGM,ENBO
8112,KDFW,KCTK
8113,KHIO,1OR3
8114,KLAS,KSAN
8115,45OH,KI69
8116,KATL,KBWI
8117,KSNA,KSBA
8118,KNSE,AL69
8119,KIAD,PA33
8120,NC61,KCPK
8121,KBJC,0CO1
8122,YOLD,YPAD
8123,KMZJ,KFFZ
8124,WA09,KPAE
8125,KSAT,KHOU
8126,KLAX,KSFO
8127,KIAD,KORF
8128,KSAN,KSMF
8129,KIAD,KRDU
8130,EGSS,EBLG
8131,KSMO,KCMA
8132,KDFW,KTUL
8133,CYYZ,CYOW
8134,EGLL,EDDP
8135,KIND,KBWI
8136,KRDU,KDTW
8137,KMDW,KBNA
8138,EGAA,EGSS
8139,KBNA,KTYS
8140,KSGF,KDFW
8141,KIAD,KORD
8142,KATL,KTYS
8143,KTEB,KBUF
8144,KCRQ,KRNM
8145,KPHL,KDTW
8146,KDFW,KCOS
8147,KIAD,KCVG
8148,KDFW,KDAY
8149,KLZU,KWDR
8150,CYYZ,CYUL
8151,KFFZ,KTUS
8152,KDTW,02ME
8153,KDEN,KPHX
8154,KFUL,KAJO
8155,CYYC,CYYJ
8156,KSLC,KLAX
8157,KJFK,KATL
8158,KDFW,8TS2
8159,YBBN,YBUD
8160,KSTL,KDAL
8161,KSBP,KRIR
8162,KDTW,KMSP
8163,KBNA,KBWI
8164,KATL,9IL6
8165,KCOS,KDEN
8166,KISP,KHWV
8167,KPDX,KSFO
8168,KSEA,KBOI
8169,ETAR,EDDN
8170,LFPG,EDDP
8171,KCVG,KMDW
8172,KATL,KMDW
8173,KLAX,KSJC
8174,KRDU,KBWI
8175,KORD,KCVG
8176,KDFW,KMCI
8177,KSJC,KLGB
8178,KE25,KFFZ
8179,KPRC,AZ27
8180,KPHL,KDCA
8181,KSYR,KDTW
8182,KA39,KFFZ
8183,WN61,63WA
8184,KGXY,KBJC
8185,KPDK,4GA9
8186,KORL,KBNA
8187,KPHL,KMDW
8188,CYYZ,CYUL
8189,KSNA,KLGB
8190,KTPA,KBNA
8191,KBJC,KPUB
8192,KGRB,KDTW
8193,KATW,KDTW
8194,KSBA,KCMA
8195,KSNA,KFUL
8196,EBBR,EDDP
8197,KDEN,KLAS
8198,KJST,7PS7
8199,KIWA,KSJC
8200,RJTT,RJFF
8201,EDDP,LZIB
8202,EDDK,EGNX
8203,KDTW,KATL
8204,KLAX,KLAS
8205,KFUL,KCMA
8206,KAUS,KIAH
8207,KDFW,KIAH
8208,KLGA,KBED
8209,CYYZ,CYOW
8210,KLNS,KABE
8211,KDAL,KSAT
8212,KDTS,K79J
8213,KDEN,KMSP
8214,KRAL,KEMT
8215,NZCH,NZWN
8216,KBUR,KSFO
8217,KLAX,KPHX
8218,EGNX,EBBR
8219,KPHF,KCLT
8220,KBVY,KBED
8221,KSAN,KSFO
8222,KIAD,69VA
8223,KCPS,K3K6
8224,KIAD,KCLT
8225,KCHD,48AZ
8226,KCVG,KDTW
8227,KMCI,KDAL
8228,KSMO,KCMA
8229,EGPF,EGGW
8230,KFRG,KJFK
8231,KRHV,CL04
8232,KCNO,KRAL
8233,KRDU,KCLT
8234,KCRQ,CA84
8235,KPHX,KBUR
8236,EDDP,EGNX
8237,KOKB,KF70
8238,KMKE,KBWI
8239,KBNA,KDTW
8240,KPIE,FA40
8241,KFRG,KFOK
8242,KFNL,KLMO
8243,LFPG,EBLG
8244,K12J,FD82
8245,EGNX,EDDP
8246,KFAT,KSAN
8247,KDFW,1MU0
8248,KVGT,KU08
8249,KSAN,KSFO
8250,KLOU,64KY
8251,EGNX,LFPG
8252,7CO0,0CD7
8253,KROC,KDTW
8254,KFXE,KFMY
8255,KOAK,KSDL
8256,CA75,KSDM
8257,EGPH,EGNX
8258,KE63,KFFZ
8259,KSEA,KPDX
8260,KSAT,KDAL
8261,KDVT,KPRC
8262,KPVD,KBWI
8263,KLVN,KFCM
8264,KHWV,KISP
8265,KSDF,KBWI
8266,NZWN,NZMS
8267,SBCO,SBGR
8268,KAWO,KFHR
8269,KSNA,KVNY
8270,KLZU,4GA9
8271,OERK,OMDB
8272,KSAT,KIAH
8273,KPHL,KBOS
8274,KMDW,KATL
8275,KVNY,KHHR
8276,KLAS,KSMF
8277,KBOS,KSYR
8278,KIAD,KMDT
8279,KTEB,KPTK
8280,KCHD,KDVT
8281,KSEA,93WA
8282,RJTT,RJOO
8283,KLVN,KFCM
8284,KLAL,KOPF
8285,KOMA,KMDW
8286,KPRC,KDVT
8287,YSCN,YOAS
8288,KSNA,KCNO
8289,KPWT,KBFI
8290,KBFD,7PS7
8291,KBUR,KPHX
8292,KFFZ,KDVT
8293,EDDP,EKCH
8294,SDAA,SDNI
8295,KILG,KTEB
8296,KLAS,KSFO
8297,49OH,KMDW
8298,02GE,KRYY
8299,CA84,KMYF
8300,KE16,KRHV
8301,KPRB,KSBP
8302,YMMB,YMNG
8303,KBUR,KLAS
8304,KSBP,KVIS
8305,KONT,KPHX
8306,KORD,KMSP
8307,KORD,2IL3
8308,KOAK,KSAN
8309,KLAS,KPHX
8310,KPHX,KLAS
8311,KPRC,KP52
8312,EBBR,EGNX
8313,KSAC,KO61
8314,LIBD,LIRF
8315,KCNO,KAJO
8316,KSFO,KFAT
8317,KSTL,KK52
8318,24FL,KECP
8319,YSLT,YMES
8320,8FL6,KNGS
8321,KSTL,KATL
8322,KBUF,KBWI
8323,KOAK,KO69
8324,KORD,KLNK
8325,CYVR,CYCD
8326,EGPH,EGSS
8327,CYUL,CYYZ
8328,KAUN,KSAC
8329,KCMA,KOXR
8330,EDDK,LFPG
8331,KAHN,KLZU
8332,KLGB,KEMT
8333,KNUC,KNZY
8334,KBUR,KSJC
8335,KSNA,KSFO
8336,KVPC,KPDK
8337,KCVG,KCLT
8338,1TN0,KBNA
8339,KSAN,KSJC
8340,KSTL,44IS
8341,KCNO,KLGB
8342,KOAK,KLGB
8343,KTOA,KSNA
8344,KSJC,KSAN
8345,OBBI,OMDB
8346,KBOS,KMSS
8347,KORD,KROC
8348,K1L3,KLAS
8349,KORD,KCVG
8350,KSNA,KFUL
8351,KORD,KBUF
8352,1TN0,KM54
8353,KFUL,KRIR
8354,KLZU,KWDR
8355,KSDF,KBUF
8356,KMSP,KMDW
8357,KORD,4MI6
8358,KAPC,KSMF
8359,KRHV,KSTS
8360,KORD,KSDF
8361,KOAK,KO69
8362,YSBK,YSMB
8363,EGSS,EGPH
8364,KSTL,KMDW
8365,AZ46,KPRC
8366,KORD,KBNA
8367,KORD,KDAY
8368,KORD,KMSN
8369,KORD,KBKL
8370,LIMC,LIRF
8371,EDDP,EBBR
8372,KVIS,KSBP
8373,LFPG,LFBO
8374,KORD,KSTL
8375,KLGB,KWHP
8376,KCMA,KVNY
8377,KFAT,KSFO
8378,PANC,40AK
8379,KAJO,KFUL
8380,KSEA,KVUO
8381,NC61,KNGU
8382,KBOS,MA55
8383,KLVK,KSAC
8384,KRNM,KCRQ
8385,KORD,KCMH
8386,KPDK,KLZU
8387,YHBA,YBMC
8388,KPDK,67GA
8389,LOWW,LHBP
8390,EBLG,EDDN
8391,CYCD,CYVR
8392,KLAS,KPHX
8393,KHWV,KFRG
8394,KLAS,KLAX
8395,KBFI,KAWO
8396,CO53,KFNL
8397,KDCA,KRDU
8398,88AZ,KFFZ
8399,KHOU,KDAL
8400,GA16,KPDK
8401,KORD,KDTW
8402,KLGB,KSNA
8403,WMKK,WSSS
8404,KPUJ,KPDK
8405,KSBA,KCMA
8406,KJFK,KBOS
8407,KORD,K1G3
8408,CA66,KPAO
8409,KFTG,KAPA
8410,KFUL,CA42
8411,CYYJ,CYVR
8412,RCSS,RCWA
8413,KORD,K8C4
8414,ESSA,EFHK
8415,KORD,KATW
8416,KPIT,KJST
8417,45OH,KLUK
8418,MN15,KFCM
8419,KLOU,3IN6
8420,KFUL,KSNA
8421,KF70,KOKB
8422,KPIT,KBFD
8423,KMYF,KCRQ
8424,RCNN,RCWA
8425,KCRQ,KRNM
8426,RCKH,RCWA
8427,PAMR,PABG
8428,KBFI,KPWT
8429,KFNL,KAPA
8430,KRVS,KOKM
8431,KOXR,KSBP
8432,KBJC,K11V
8433,FD93,KNFJ
8434,KRVS,40OK
8435,5MI8,KDTW
8436,CYCD,CYVR
8437,KIAD,KMDT
8438,KTTN,KPHL
8439,KDFW,KGOP
8440,KTEB,KFRG
8441,KSAC,KTCY
8442,K47A,KPDK
8443,YSBK,YSSY
8444,KCNO,KSNA
8445,KFNT,KPTK
