Index,Source,Target
1,KJFK,EIDW
2,KORD,UUEE
3,YSSY,OMDB
4,KLAX,OTHH
5,SBKP,KMIA
6,WSSS,KSFO
7,VHHH,KJFK
8,KLAX,RCTP
9,YMML,OTHH
10,RCTP,KJFK
11,WSSS,KLAX
12,OTHH,KJFK
13,YSSY,OTHH
14,VHHH,EHAM
15,RCTP,KLAX
16,VHHH,EDDF
17,WSSS,EDDF
18,YMML,OTHH
19,EDDF,VHHH
20,KLAX,EGLL
21,ELLX,SBGR
22,KEWR,KLAX
23,LEMD,SKBO
24,RJBB,OMDB
25,WSSS,LFPG
26,ULLI,UUWW
27,RJBB,LFPG
28,RJBB,EHAM
29,RPLL,KLAX
30,EHAM,KATL
31,KIAD,KLAX
32,RCTP,EDDF
33,YMML,OMDB
34,RCTP,KLAX
35,RJTT,EDDF
36,VHHH,EGLL
37,EPWA,KEWR
38,WSSS,NZCH
39,VHHH,EGLL
40,RCTP,KSFO
41,KMIA,KFLL
42,RCTP,KSFO
43,KIAD,OMDB
44,PANC,VHHH
45,LSZH,KEWR
46,WSSS,LIMC
47,RCTP,LFPG
48,VHHH,PANC
49,EPWA,KORD
50,KSLC,KLAX
51,WMKK,NZAA
52,RCTP,KSEA
53,RCTP,KLAX
54,VHHH,YSSY
55,LPPT,SBGL
56,RCTP,KLAX
57,KMIA,KJFK
58,VHHH,KLAX
59,KMIA,LLBG
60,VHHH,YMML
61,EIDW,KSFO
62,VECC,VABB
63,EGLL,KHHR
64,RPLL,OMDB
65,VHHH,EHAM
66,KEWR,VIDP
67,OTHH,YMML
68,EGLL,VIDP
69,KMIA,SBKP
70,VHHH,EDDF
71,RCTP,NZAA
72,VHHH,CYVR
73,VHHH,KSFO
74,PANC,RJBB
75,OTHH,WSSS
76,EDDF,RJTT
77,UAAA,EDDF
78,OTHH,YSSY
79,EGLL,KLAX
80,RPLL,OTHH
81,LFPG,RJTT
82,KSJC,KJFK
83,KDEN,KLAX
84,VABB,OMSJ
85,SPJC,LEMD
86,KORD,VIDP
87,EDDF,KORD
88,VHHH,PANC
89,OMSJ,WSSS
90,VHHH,PANC
91,LPPT,KEWR
92,SBGR,LEMD
93,PANC,VHHH
94,OMDB,VHHH
95,VABB,KEWR
96,PANC,RCTP
97,KSUU,ETAR
98,WMKK,OMDB
99,OBBI,RPLL
100,EGLL,KJFK
101,VABB,EHAM
102,PANC,VHHH
103,GOBD,OMDB
104,VIDP,KEWR
105,EGCC,OMDB
106,EDDF,VOMM
107,SBGR,LFPG
108,KCLT,KDTW
109,LFPG,OTHH
110,EGLL,VHHH
111,KVNY,KTEB
112,EDDK,KSDF
113,EBLG,KJFK
114,KSFO,KJFK
115,KLAX,KPHL
116,KEWR,KSFO
117,EDDP,8KY6
118,PANC,RJBB
119,PANC,KSEA
120,KLAX,KBOS
121,EGLL,WSSS
122,KSAN,KBOS
123,KPHL,KOAK
124,EGLL,VIDP
125,SBGL,LPPT
126,LIMC,KJFK
127,KSFO,KJFK
128,KLAS,KEWR
129,EGLL,OTHH
130,KLAS,KPHL
131,KORD,PANC
132,KEWR,KLAX
133,TBPB,CYUL
134,KEWR,KLAX
135,KOAK,KTEB
136,PANC,KORD
137,EDDF,OTHH
138,RJBB,KOAK
139,KSEA,KJFK
140,WMKK,OTHH
141,ETAR,KBWI
142,UAAA,LTBA
143,EGLL,OMDB
144,KSAN,KJFK
145,KLAS,KBOS
146,KLAX,KJFK
147,KLAX,KEWR
148,KPHX,KPHL
149,EDDK,VHHH
150,KPHX,KEWR
151,VHHH,UUEE
152,OMDB,SBGR
153,EHAM,WSSS
154,LLBG,EGGW
155,KMIA,EDDF
156,KSFO,KMIA
157,PANC,KMSP
158,EDDF,SBGR
159,KBOS,KPHX
160,KIAD,KSJC
161,KLAS,KEWR
162,PANC,KMSP
163,LSGG,OMDB
164,KTEB,KWHP
165,EGLL,OMDB
166,KLAX,KBOS
167,KEWR,KSLC
168,EDDF,SBKP
169,KLAX,LLBG
170,LFPG,OMDB
171,KLAX,RCTP
172,KIAH,KLAX
173,KEWR,KPHX
174,EGSS,KSDF
175,KSEA,KCMH
176,KSLC,KJFK
177,CYYZ,CYVR
178,KSFO,EGLL
179,KPHL,KLAX
180,KMIA,KDAL
181,KLAX,KDCA
182,KONT,KRDU
183,PANC,VHHH
184,KPHX,KJFK
185,EHAM,RCTP
186,SKBO,LEMD
187,EGLL,WSSS
188,KJFK,KLAX
189,KDEN,KLAX
190,KPHL,KPHX
191,KLAX,KIAD
192,KSFO,KJFK
193,EDDF,OMDB
194,VOBL,LFPG
195,KLAX,LOWW
196,KORD,KSFO
197,KJFK,EDDF
198,KATL,PANC
199,KOAK,KHPN
200,KJFK,LLBG
201,CYYZ,CYVR
202,KSAN,KBWI
203,KMIA,SPJC
204,VIDP,KIAD
205,KJFK,KSEA
206,SBGR,LPPT
207,KDTW,KLAX
208,EDDF,WSSS
209,KPDX,KATL
210,KLAS,KDCA
211,KDEN,KSFO
212,KJFK,KPHX
213,KSEA,KDAL
214,KSFO,KEWR
215,KPHX,KJFK
216,KLAX,KDCA
217,KONT,KJFK
218,SKBO,KMIA
219,KIND,KLAX
220,CYVR,VHHH
221,KSAN,KEWR
222,KLAX,VHHH
223,KEWR,KLAS
224,KAUS,KLAX
225,OERK,RPLL
226,CYYZ,CYYC
227,KSDF,KOAK
228,KIAH,KDEN
229,KJFK,KSFO
230,CYHM,CYYC
231,KLAX,KATL
232,KPHX,KBOS
233,KIAH,KSEA
234,EDDK,KSDF
235,KATL,KSAN
236,CYVR,CYUL
237,LPPT,LPPD
238,VABB,EGLL
239,VHHH,OMDB
240,KPHX,KMIA
241,KLAX,KJFK
242,KSTL,KSEA
243,KIAD,SKBO
244,KSAN,KBOS
245,KLAX,KJFK
246,KORD,ELLX
247,EGLL,LLBG
248,KORD,KSEA
249,UAAA,LTBA
250,KEWR,LLBG
251,KDEN,KFLL
252,KORD,KSAN
253,KJFK,KLAX
254,KSEA,KORD
255,KSNA,KOAK
256,EGLL,OTHH
257,CYVR,CYOW
258,KSDF,KLAX
259,KATL,PANC
260,KIAH,EHAM
261,KEWR,KDEN
262,KPHX,KDCA
263,OTHH,VGZR
264,TLPL,KJFK
265,KSAN,KATL
266,KPHL,KDEN
267,KATL,SKBO
268,KSDF,KBFI
269,LLBG,KEWR
270,KORD,KSFO
271,KDFW,PANC
272,KBOS,KSJC
273,KLAX,YSSY
274,YBBN,YPPH
275,KDEN,KJFK
276,KMSP,KLAX
277,KMKE,KLAS
278,KORD,PANC
279,KDAL,KSEA
280,KBOS,KDFW
281,KLAX,YSSY
282,KDFW,EDDF
283,KSFO,KATL
284,KRFD,KPHX
285,KCLT,KHHR
286,OTHH,VGZR
287,KAUS,KSEA
288,SKBO,KFLL
289,KSDF,KRIR
290,KORD,KSFO
291,KRDU,KDEN
292,KFLL,KDEN
293,KCLT,KSEA
294,EHAM,VHHH
295,KLAX,KBOS
296,KSEA,KATL
297,KFLL,KORD
298,KSDF,KOAK
299,KIAH,KBOS
300,KSEA,KEWR
301,KFLL,SKBO
302,CYYZ,CYYC
303,KJFK,KMSP
304,KSTL,KHHR
305,KSDF,KBUR
306,KATL,LFPG
307,KLCK,PANC
308,KDTW,KPHX
309,YSSY,VHHH
310,EGLL,OBBI
311,CYVR,CYYZ
312,KLAX,KJFK
313,KDFW,EGLL
314,KPHL,KMIA
315,KHOU,KSJC
316,PANC,KSEA
317,KSFO,KORD
318,KATL,KLAX
319,KLAS,KFLL
320,KLGA,KDFW
321,KSEA,KDCA
322,KMDW,KSAN
323,KSAN,KEWR
324,KBOS,KSEA
325,KJFK,LFPG
326,KATL,KLAS
327,VABB,VIDP
328,KSEA,KJFK
329,KAPA,KTYS
330,GMMN,LFPG
331,OMDB,EHAM
332,LKPR,LEMG
333,CYYZ,CYVR
334,OMSJ,VGTJ
335,KAUS,KJFK
336,CYVR,EHAM
337,KBOS,KSAN
338,LLBG,KJFK
339,KIAD,KLAX
340,KFLL,KORD
341,KDFW,KPDX
342,VABB,LFPG
343,KLAX,KEWR
344,KSDF,KPDX
345,KJFK,KLAX
346,KLAX,RJTT
347,KORD,KLAX
348,VIDP,EDDF
349,KDCA,KPHX
350,GOBD,EBBR
351,KLAX,KOMA
352,KORD,PANC
353,KBOS,KHHR
354,KSDF,KLAX
355,KFLL,KORD
356,KCLT,KSFO
357,KDFW,KEWR
358,KDEN,KPHL
359,KMSP,PANC
360,KSEA,PANC
361,EPWA,LLBG
362,KSFO,EDDF
363,TJSJ,KJFK
364,KJFK,LIRF
365,KATL,KSFO
366,KSEA,KJFK
367,VABB,EHAM
368,KSJC,KTEB
369,KPDX,KDFW
370,LFPG,OTHH
371,KSFO,KIAD
372,LSZH,LLBG
373,CYVR,CYYZ
374,KCLT,KSAN
375,KLAX,KIAD
376,TJSJ,KEWR
377,KSAN,KORD
378,KORD,EHAM
379,KMSP,KLAS
380,KSEA,KORD
381,KLAX,KMIA
382,KMSP,KSFO
383,LSZH,SBGR
384,SKBO,EHAM
385,KRDU,KLAX
386,UUDD,OMDB
387,KMSP,KSEA
388,KLAX,KDFW
389,KFLL,KDTW
390,KEWR,KSFO
391,KLGA,KDEN
392,KSTL,KLAS
393,KSEA,EHAM
394,KJFK,KLAS
395,KCMH,KPHX
396,KDEN,KBOS
397,CYOW,CYYC
398,KSFO,KORD
399,KLAS,KATL
400,KDCA,KMIA
401,KDCA,KLAX
402,KDTW,KLAS
403,KMSP,KLAS
404,KSBA,KDFW
405,KLAX,KMSP
406,KAFW,KOAK
407,KMCI,KPHL
408,KDAL,KSDL
409,KSDF,KLAS
410,NK43,KFLL
411,NZAA,YBCG
412,KDFW,EDDF
413,KJFK,KMIA
414,KLAX,KTUL
415,KRFD,KSEA
416,KJFK,EIDW
417,CYYZ,KDFW
418,KDEN,KFLL
419,KLAX,KORD
420,KIAH,KLAS
421,KDFW,KLAX
422,KATL,KSLC
423,KLAS,KCLT
424,KGPI,KORD
425,KMSP,KLAS
426,KORD,KLAS
427,KDTW,KSEA
428,KBOS,KSJC
429,VHHH,YSSY
430,KORD,KBOI
431,KCMH,KMIA
432,KBWI,KPHX
433,KDEN,KRDU
434,KMIA,KORD
435,KLAX,KORD
436,KLAS,KORD
437,LFPG,SBGL
438,KTYS,KDEN
439,KSTL,KMIA
440,KSAN,KMSP
441,YPAD,YPPH
442,NZAA,YSSY
443,KPHX,KBWI
444,KDAL,KIAD
445,KDTW,KPHX
446,KCLT,KPHX
447,KDFW,KMIA
448,KAUS,KBWI
449,CYYZ,CYVR
450,CYYZ,EHAM
451,CYVR,KLAX
452,KLAX,EHAM
453,KRDU,KDFW
454,KAUS,KLAS
455,EGLL,VHHH
456,KJFK,KFLL
457,CYYZ,EDDF
458,SBGR,EDDF
459,KORF,KORD
460,KLAX,KSAT
461,KJFK,KLAX
462,KSDF,KONT
463,KLAX,KJFK
464,KEWR,KMIA
465,KJFK,KSAN
466,KSDF,PANC
467,KAUS,KSFO
468,KORD,EIDW
469,KMCI,KBWI
470,VHHH,UUEE
471,KPHL,KORD
472,KEWR,KMIA
473,KMIA,KORD
474,KLAS,KORD
475,KMKE,KMCO
476,KRDU,KSEA
477,KBOI,KDFW
478,VHHH,OMDB
479,CYYZ,CYVR
480,KGPI,KORD
481,KATL,KPHX
482,KMIA,KJFK
483,KSEA,KPHX
484,KFLL,KPHL
485,SKBO,KFLL
486,KAUS,KOAK
487,LFPG,SBGR
488,KIAD,KSEA
489,KDFW,KLGA
490,KPSP,KDFW
491,KSAT,KBWI
492,KSRQ,KDFW
493,KJFK,KSFO
494,KLAS,KATL
495,TJSJ,KATL
496,KBOS,EIDW
497,KORD,KPHX
498,KDEN,KBNA
499,KSAN,KDFW
500,VIDP,KSFO
501,KJFK,KBUR
502,KIAD,KDFW
503,KRDU,KMSP
504,KORD,EPWA
505,OMSJ,VIDP
506,KDAL,KBWI
507,KJFK,KSFO
508,KLAX,KDFW
509,KSFO,RCTP
510,KIAD,EDDM
511,KDEN,KFLL
512,KORD,OMDB
513,KGEG,KLAX
514,KLGA,KDAL
515,KFLL,KEWR
516,KBOS,KSFO
517,VECC,OTHH
518,KDEN,KLGA
519,WBSB,YMML
520,LLBG,KEWR
521,VIDP,OTHH
522,UUDD,ULLI
523,KIAD,KSAN
524,KLAX,KPHL
525,KBWI,KSEA
526,KEWR,LOWW
527,KMCI,KPHX
528,KSEA,EDDF
529,KSRQ,KORD
530,KPDX,KSAN
531,KLAX,KDTW
532,KPHX,KORD
533,KDFW,KSNA
534,KATL,LFPG
535,KATL,KLAX
536,OMDB,EDDF
537,KAUS,KSEA
538,KMSP,KPHX
539,KORD,EDDF
540,KGEG,KTUS
541,KBUR,KDFW
542,KBOS,EDDF
543,KDFW,KBOS
544,KPHX,KPDX
545,KATL,KDEN
546,KSEA,KSAN
547,KIAD,LSZH
548,KCLT,KMSP
549,KSAT,KMCO
550,KSEA,KDTW
551,VIDP,EGLL
552,KSEA,KLAX
553,KIND,KLAX
554,KLAX,EDDF
555,KAUS,KMDW
556,KEWR,KLAS
557,KJFK,LEMD
558,UKBB,OMDB
559,KIAD,KSAT
560,KLAX,KDTW
561,YSSY,WSSS
562,KJFK,LOWW
563,PANC,KSEA
564,LLBG,KJFK
565,KCLT,KORD
566,KJFK,KSFO
567,KEWR,KMIA
568,KDFW,KMCO
569,KBNA,KDEN
570,KATL,KPDX
571,KSEA,KLAX
572,KIAD,EDDF
573,KDEN,KEWR
574,CYVR,CYYZ
575,KLAX,KORD
576,PANC,KMIA
577,KGPI,KLAX
578,KPHX,KBNA
579,KLAS,KSEA
580,KATL,EDDF
581,LEMD,SBGR
582,UUDD,UAAA
583,KDEN,KSFO
584,OMDB,VECC
585,YMML,NZAA
586,KHOU,KPHX
587,KSDF,KBOS
588,KLAX,KMCO
589,KDEN,KORD
590,PANC,KBFI
591,KPHL,KDEN
592,CYUL,KLAX
593,KLGA,KATL
594,VHHH,PANC
595,KBOS,KLAX
596,KORD,LOWW
597,KATL,KPHX
598,KLAS,KBNA
599,KHOU,KHPN
600,KSTL,KLAS
601,KJFK,LLBG
602,KMIA,KJFK
603,KBOS,KMSP
604,KMCI,KPHX
605,YSSY,OTHH
606,KPNS,KMIA
607,KEWR,EKCH
608,KSAN,KBOI
609,KORD,KLAX
610,KMSP,EHAM
611,PANC,KORD
612,LLBG,LFPG
613,VIDP,KSFO
614,KJFK,KPHX
615,KOMA,KPHX
616,VECC,OMDB
617,KLAS,KMSP
618,OMDB,LEMD
619,SBGR,EHAM
620,KIAH,KSFO
621,OMDW,LSZM
622,KFLL,KSFO
623,KSNA,KORD
624,KORD,KSEA
625,KMIA,KPHL
626,KJFK,LIMC
627,KDFW,KSEA
628,KDEN,KSAN
629,KORD,KDFW
630,KSMF,KDFW
631,KPHX,KATL
632,KORD,EGLL
633,OTHH,LFPG
634,KDAL,KMKE
635,KLAX,RCTP
636,KIAH,KLAX
637,KPHX,KMDW
638,KSDF,KPHX
639,YMML,WSSS
640,KDFW,KLGA
641,LLBG,KJFK
642,KSEA,KPHX
643,UUDD,ULMM
644,KPHL,KMCO
645,KFLL,KLGA
646,EINN,KJFK
647,KLAX,KBOS
648,LPPT,SBGR
649,KORD,KLGA
650,KDFW,KLAX
651,KATL,KBOS
652,PANC,KSDF
653,KPHX,KMSP
654,KDEN,KSJC
655,KSFO,EDDF
656,KMDW,KFLL
657,KIAD,KLAS
658,KDCA,KMCO
659,KSNA,KPDX
660,KAUS,KDTW
661,KBNA,KPHL
662,PAED,KSUU
663,KDFW,KMIA
664,KIAD,LOWW
665,KIND,KDEN
666,KDAL,KLAX
667,KHPN,KOPF
668,KLAS,KDFW
669,KORD,KPHL
670,VIDP,EHAM
671,KHOU,KSAN
672,KPDX,PANC
673,KIAD,EDDF
674,KCLT,KMIA
675,KORD,KMCO
676,YMML,YBCG
677,KGPI,KLAX
678,KIAD,KMCI
679,KDEN,KBOS
680,OMDB,YSSY
681,KJFK,EPWA
682,KATL,KMSP
683,KMIA,KSFO
684,KMDW,KMIA
685,KEWR,LIRF
686,KTEB,KPWK
687,VIDP,OTHH
688,KFLL,KDEN
689,PANC,KSDF
690,KORD,KSAN
691,KJFK,VHHH
692,KSGF,KDEN
693,KSDF,KDEN
694,KLAS,KDAL
695,KSAN,KSEA
696,KIAD,KLAX
697,KMIA,SKBO
698,KDCA,KMSP
699,KDFW,KPHL
700,KBOI,KORD
701,KIAD,KPHX
702,KDEN,KSEA
703,KFLL,SPJC
704,KMSN,KDFW
705,CYUL,CYVR
706,SKBO,KMIA
707,KLAX,KSEA
708,KPHX,KSAT
709,KDFW,KSAN
710,KIAD,EBBR
711,KORD,KDEN
712,KLGA,KORD
713,KVPS,KDFW
714,KDEN,KMCO
715,KMIA,KLAS
716,KPHX,KJFK
717,KFLL,KMDW
718,KDCA,KORD
719,KLGA,KDTW
720,KATL,KMCI
721,KDAL,KLAS
722,KSDF,KLAS
723,KAUS,KLGB
724,KORD,LEMD
725,KDEN,KLAX
726,KORD,KFLL
727,KPHL,KMSP
728,KSFO,KORD
729,KIAD,KDEN
730,KAUS,KBNA
731,KBNA,4FL3
732,KBOS,KMIA
733,KCLT,KPHX
734,UUWW,OMDB
735,KSTS,KPHX
736,YSSY,YPAD
737,KDFW,LEMD
738,KDFW,KSEA
739,KIAH,KPHX
740,KLAS,KMDW
741,KPDX,KORD
742,KSEA,EGLL
743,OTHH,LIMC
744,KATL,KSEA
745,KPHL,KBNA
746,KCLT,KJFK
747,KATL,KEWR
748,KORD,KMCO
749,KSJC,KSNA
750,KLAS,KDAL
751,KPAE,KLAS
752,VECC,VIDP
753,KSDF,KDFW
754,KLAX,KPDX
755,KDFW,KATL
756,KDEN,KDAL
757,KSTL,KSAN
758,RCTP,RJBB
759,KAUS,KRDU
760,KDEN,KSEA
761,KEWR,KBNA
762,KORD,KPHX
763,KJFK,KPDX
764,KONT,KSEA
765,KDFW,KPNS
766,EGNX,EDDP
767,KDCA,KDAL
768,YBBN,YMML
769,KDEN,KSAN
770,KDFW,KFAT
771,KSDF,KORD
772,KDCA,KDTW
773,KATL,EGLL
774,KGEG,KSFO
775,KMSP,KDEN
776,OTHH,EKCH
777,KTEB,KMDW
778,KDFW,KSDF
779,KABQ,KSFO
780,KFLL,KBOS
781,CYUL,CYYC
782,KDCA,KLAX
783,CYYC,CYYZ
784,KSTL,KDEN
785,KPDX,KABQ
786,KBOS,KBNA
787,KFAT,KLAS
788,KCLT,KTUL
789,KAUS,KMSP
790,KOAK,KDAL
791,KDEN,KDCA
792,KMIA,KPDK
793,KFLL,KDFW
794,KATL,KDCA
795,KORD,KSNA
796,KSEA,KSAN
797,KBOI,KLAX
798,KCLT,KFLL
799,KOMA,KDFW
800,KJFK,SKBO
801,KIND,KEWR
802,KORD,KJFK
803,VOMM,OTHH
804,KSAT,KDEN
805,KSEA,KSNA
806,YMML,YBCG
807,KHND,KSNA
808,RJTT,RJFF
809,KBNA,KBOS
810,SBKP,KMIA
811,KDCA,KDEN
812,KFLL,KLGA
813,KDTW,KMCO
814,KJFK,KSEA
815,KOAK,KO69
816,KPHX,KSEA
817,KSLC,KSFO
818,KDFW,KONT
819,GMMN,UUDD
820,OTHH,KDFW
821,KMSP,KDCA
822,KAUS,KDEN
823,KDFW,49FD
824,KSNA,KSEA
825,TXKF,KJFK
826,KDEN,KPDX
827,KIAD,KFLL
828,YPPH,YBBN
829,KBNA,KORD
830,KTUL,KDEN
831,KMDW,KNUQ
832,KMSP,KBWI
833,KATL,KORD
834,KLAX,KPDX
835,KDTW,KCLT
836,VIDP,VABB
837,KBNA,KMSP
838,KEWR,KMSP
839,KSEA,KPHX
840,KLAX,KSEA
841,KIAD,EGLL
842,KIAD,KSFO
843,KORD,KMIA
844,KBOS,KSEA
845,KDEN,KSJC
846,OMDB,EHAM
847,NZCH,YBBN
848,KAUS,KDEN
849,KFLL,KATL
850,KDFW,KATL
851,KJFK,LFPG
852,KCLT,KJFK
853,KDEN,KATL
854,KRDU,KMIA
855,RJTT,RJFF
856,VOBL,OTHH
857,KSDF,KSAN
858,KATL,KPHL
859,KJFK,EHAM
860,KDEN,KPHX
861,KSEA,PANC
862,KDFW,KSFO
863,KBNA,KSJC
864,OTHH,VABB
865,OTHH,SBGR
866,KCLT,KORD
867,KORD,KPIT
868,KIAD,LFPG
869,KLAX,LFPG
870,KPHX,KDFW
871,KEWR,LPPT
872,KDEN,EDDM
873,KMIA,KDCA
874,KALB,KORD
875,KHOU,KDEN
876,KIAD,KMIA
877,KSUS,KAPA
878,KONT,KDFW
879,KORF,KDTW
880,VIDP,VOBL
881,RJBB,VHHH
882,PANC,KSEA
883,OMDB,LFPG
884,KSEA,KSJC
885,KSAT,KORD
886,KSTL,KDEN
887,KAUS,KATL
888,KIAD,KAUS
889,KMIA,KCMH
890,SSJC,SBGR
891,KDEN,KOKC
892,KSDF,PANC
893,KAUS,KORD
894,KLAS,KSBP
895,KLAX,RCTP
896,KSEA,KLAS
897,KEWR,KLAX
898,KIND,KMSP
899,KDFW,KPDX
900,KPHX,KPDX
901,LEZG,UUEE
902,KPHL,KLAX
903,KSAN,KSEA
904,KDEN,KMCI
905,KSFO,LFPG
906,KCLT,KHHR
907,KPDK,KADS
908,KDFW,KMCO
909,UUWW,ULLI
910,KDTW,KFLL
911,KBNA,KMCO
912,YPPH,WSSS
913,KHOU,KLAS
914,KHSV,KDFW
915,KDEN,KPHX
916,KPHL,KMCO
917,EDDP,LIMC
918,OMDB,VOMM
919,LIMC,EDDP
920,TJSJ,KMIA
921,NZCH,WSSS
922,KSAT,KLAX
923,OTHH,LTFJ
924,KMDW,KATL
925,KDFW,KORD
926,KORD,KJFK
927,KPHX,KSFO
928,UAAA,OMDB
929,KMCI,KDEN
930,KIAD,KSRQ
931,KSLC,KSFO
932,KORD,KPHX
933,KPHX,KDTW
934,KABQ,KDFW
935,YBCG,YMML
936,KBOS,KORD
937,KBNA,KORD
938,KPHL,KBNA
939,YSCB,YBBN
940,KJFK,EGLL
941,KLGA,KDEN
942,KCLT,EGLL
943,KATL,EHAM
944,KDEN,KMKE
945,EDDP,EGNX
946,SBBR,SBGR
947,KBOS,KDFW
948,KFLL,KATL
949,OTHH,EDDF
950,KSYR,KORD
951,KSEA,KSNA
952,KEWR,KSFO
953,PANC,KSDF
954,VHHH,VIDP
955,KROC,KORD
956,KDEN,KDFW
957,WSSS,RJAA
958,KDCA,XS39
959,YBBN,YSCB
960,KDAL,KBNA
961,KDTW,KMCO
962,KPHL,KMCO
963,KLAS,KMSP
964,KDFW,LFPG
965,KBNA,KSEA
966,KPHL,KMDW
967,KHOU,KUTA
968,VABB,OMDB
969,KCLT,KDTW
970,LEBL,LIRF
971,KJFK,KHHR
972,KMIA,KATL
973,KEWR,KLAX
974,KSRQ,KPHL
975,YPPH,YPAD
976,KSEA,PANC
977,KLAS,KSEA
978,KPDX,KSAN
979,KORD,KOMA
980,KPHL,KSAN
981,OTHH,LEBL
982,KPHX,KSTL
983,KTYS,KORD
984,VGZR,OTHH
985,KBOS,CYYZ
986,KMSP,KATL
987,KATL,KMCO
988,KSLC,KLAX
989,KLAS,KSTL
990,YBBN,YPPH
991,KEWR,VABB
992,KMDW,KLAS
993,OMDB,VHHH
994,KOMA,KDTW
995,KAUS,KPHX
996,KSAN,KSFO
997,YMML,YBCG
998,KIAD,EBBR
999,KMIA,UUEE
1000,KDEN,KSBA
1001,KCLT,KSYR
1002,OTHH,KJFK
1003,KATL,KPVD
1004,KEWR,KMCO
1005,KSBP,KSAC
1006,KBUR,KSLC
1007,KLAS,KOAK
1008,KBOS,KDCA
1009,RJTA,RJOI
1010,KBOI,KLAX
1011,KOAK,KSAN
1012,KPHL,KMKE
1013,KOKC,KPHX
1014,KOMA,KORD
1015,LFPG,LFML
1016,KPHX,KNYL
1017,KPHX,KSBP
1018,KMSP,KBNA
1019,KLGA,KMCI
1020,KABQ,KORD
1021,KDEN,EDDF
1022,KEWR,KORD
1023,KMDW,KMCI
1024,UUEE,UWLL
1025,KSTL,KDCA
1026,EDDP,EGGW
1027,KMDT,KORD
1028,RCTP,RJFF
1029,YMML,NZAA
1030,KFKR,KLAF
1031,KPHL,KDTW
1032,OR81,KIWA
1033,VABB,OTHH
1034,KDAL,KBNA
1035,KPVD,KCLT
1036,KLAS,KSEA
1037,KFLL,KDAL
1038,VHHH,OTHH
1039,CYYZ,KORD
1040,KORD,PANC
1041,CYUL,KORD
1042,NZHN,NZCH
1043,KSEA,KBOI
1044,KJFK,EGLL
1045,KLAX,KORD
1046,KSMF,KPHX
1047,KEWR,LFPG
1048,KSEA,CL36
1049,NZTG,NZCH
1050,LIMC,EDDP
1051,KSAN,KMDW
1052,YSDU,YSWG
1053,KCLT,KDAY
1054,CYYZ,KLAX
1055,NZCH,NZOI
1056,KLAX,KAUS
1057,KSDF,KPHL
1058,KSJC,KSAN
1059,KIAD,KMSP
1060,KPHX,KSFO
1061,KDAL,KBFI
1062,KCLT,KMDT
1063,KDAY,KORD
1064,KTEB,KMKE
1065,SBVT,SBKP
1066,KBUF,KATL
1067,KJFK,KSEA
1068,KFLL,KBKL
1069,KMIA,KDFW
1070,KCLT,KLGA
1071,KATL,KJFK
1072,KDEN,KMCO
1073,KATL,KPHX
1074,KEWR,KPDX
1075,LYBE,ULLI
1076,KLGA,KORD
1077,KPHL,KMCI
1078,KPIT,KBOS
1079,KCMH,KPHL
1080,KLAX,KPHX
1081,RPLL,VHHH
1082,KJFK,KLAS
1083,KMSP,KPDX
1084,KAPC,KCRQ
1085,KCLT,KSFO
1086,KDEN,KLAX
1087,YSSY,YGFN
1088,KATL,KDFW
1089,UAAA,OMSJ
1090,KPDX,KPHX
1091,KDEN,KSEA
1092,KBOS,KBNA
1093,KBOI,KSEA
1094,KSEA,KDFW
1095,OR81,KHIO
1096,KLAX,KSFO
1097,KPHX,KLAX
1098,KDFW,KDEN
1099,KSEA,KBUR
1100,KCLT,KSAT
1101,KORD,KAFW
1102,KSNA,KPHX
1103,KIAD,KBNA
1104,OMDB,RPLL
1105,WBKK,WMSA
1106,KJFK,KCLT
1107,KSDF,KORD
1108,KEWR,KORD
1109,KDFW,KORD
1110,KCLT,KECP
1111,KPHL,KBUF
1112,KSEA,KJFK
1113,KONT,KSFO
1114,CYYZ,LFPG
1115,KVNY,KBFI
1116,KCLT,KSDF
1117,KATL,KMCO
1118,VHHH,CYYZ
1119,KPVD,KMDW
1120,KPHX,KMCO
1121,KDEN,KORD
1122,KFLL,KSDF
1123,VIDP,VOBL
1124,UUEE,UWWW
1125,KPHL,KFLL
1126,KBLI,KIWA
1127,KMDW,KMSP
1128,KLAX,KDAL
1129,YBBN,YPPH
1130,YMML,YBBN
1131,KDFW,KJFK
1132,KSRQ,KEWR
1133,KHHR,KSQL
1134,KORD,KATL
1135,KPHX,KORD
1136,KMDT,KDTW
1137,KORD,EGLL
1138,KMCI,KATL
1139,EPKT,EDDK
1140,KMIA,KBWI
1141,KCMH,KIAD
1142,KDAL,KABQ
1143,PANC,KSEA
1144,KIND,KATL
1145,CYYZ,CYYC
1146,KEWR,KPHX
1147,YBMC,YMML
1148,KDFW,3KY4
1149,KDAY,KATL
1150,KLAX,KSFO
1151,KFLL,KPHL
1152,CYUL,EDDF
1153,KSEA,BIKF
1154,WN51,KBLI
1155,VIDP,OM11
1156,KATL,KJFK
1157,KFFZ,KE63
1158,KAUS,KPHX
1159,KDFW,KLAX
1160,OBBI,EGLL
1161,VOMM,OMSJ
1162,PANC,KLAX
1163,KPDX,KSFO
1164,NZNV,NZCH
1165,KSDF,KMDW
1166,KORD,KDAY
1167,KFLL,KDAL
1168,KSAT,KPHX
1169,KPHL,KDFW
1170,K39N,KEWB
1171,KSQL,KIZA
1172,KSMF,KSAN
1173,KJFK,KMCO
1174,SKBO,SPJC
1175,KBOI,KSFO
1176,KSTL,KPHX
1177,RJOO,RJFF
1178,KCLT,KBOS
1179,KSEA,KGPI
1180,KPDX,KSJC
1181,KCLT,KCMH
1182,KBOS,KCLT
1183,SBGL,SBGR
1184,KDEN,KOAK
1185,OTHH,RPLL
1186,KDFW,KMIA
1187,KLAX,KSLC
1188,KBNA,KTYS
1189,KCLT,KSEA
1190,KSEA,KEWR
1191,YMML,NZWN
1192,KSTL,KLAX
1193,KPHX,KLAX
1194,KEWR,KDEN
1195,YBBN,YMML
1196,KGPI,KLAX
1197,KDEN,KATL
1198,EDDP,EPKT
1199,KORD,ELLX
1200,KJFK,KMSP
1201,KFFC,64GA
1202,KBOI,KSAN
1203,NZAA,NZWN
1204,KAUS,KATL
1205,KFLL,KDFW
1206,SBGL,SBGR
1207,KSDF,KORD
1208,KCLT,KOMA
1209,KLAS,KABQ
1210,KBWI,KMSP
1211,VIDP,VEPI
1212,KSFO,KEWR
1213,KSDF,KPNS
1214,KORD,KCMH
1215,KBOI,KPHX
1216,CYYZ,KEWR
1217,KSEA,KLAS
1218,KMSP,KDFW
1219,KBWI,KDTW
1220,KIAD,KSDF
1221,PANC,KSDF
1222,KSLC,KSFO
1223,KATL,KMIA
1224,YBBN,YSCB
1225,KBNA,KBWI
1226,KLGA,KORD
1227,EGSS,LKPR
1228,KLAS,KLAX
1229,CYUL,CYYZ
1230,KDTW,KLAS
1231,KDFW,KLAS
1232,NZAA,NZCH
1233,YMML,YBCG
1234,KDEN,KBUR
1235,KPHL,KLAS
1236,KCLT,KBNA
1237,KBOS,KSEA
1238,KFLL,KRDU
1239,KSEA,KLAX
1240,YPPH,YMML
1241,KMVY,KTEB
1242,KJFK,EGLL
1243,KPHL,KPVD
1244,KTYS,KDTW
1245,CYYZ,KBOS
1246,KSYR,KATL
1247,OTHH,LIRF
1248,KONT,KPHX
1249,VIDP,OMSJ
1250,PANC,KSDF
1251,KEWR,KATL
1252,KMIA,KJFK
1253,KSEA,PANC
1254,KPHL,KDEN
1255,KORD,KBWI
1256,KORD,KHPN
1257,EBLG,EDDN
1258,KPHL,KALB
1259,KATL,KMIA
1260,KPNS,KATL
1261,KDTW,KORD
1262,KPHL,KSFO
1263,KCLT,KPHL
1264,KSEA,KLAX
1265,YCBG,YMML
1266,KGEG,KPHX
1267,KBOS,KATL
1268,KEWR,EHAM
1269,KRNM,KMYF
1270,CYYZ,CYUL
1271,KLAS,KSEA
1272,KOXR,KVNY
1273,SBVT,SBSP
1274,CYYJ,CYYC
1275,OTHH,VOMM
1276,KDFW,KJFK
1277,PANC,67KY
1278,CYXE,CYYC
1279,KAVP,KCLT
1280,KMSP,KPHX
1281,KROC,KATL
1282,KMCI,KLGA
1283,VHHH,EBLG
1284,KBWI,KMIA
1285,KOMA,KATL
1286,KLAX,KSEA
1287,KSEA,KONT
1288,SBVT,SBGR
1289,KBUR,KSJC
1290,KEWR,LSZH
1291,KPVD,KCLT
1292,YMML,KLAX
1293,YSSY,YPPH
1294,KORD,KSEA
1295,KHPN,KROC
1296,KLAX,KOAK
1297,KLAS,KPHX
1298,CYVR,CYYZ
1299,KSLC,KSAN
1300,KDTW,KMDW
1301,KLAX,KABQ
1302,SSJC,SBRJ
1303,KPHX,KHHR
1304,CYYZ,KDTW
1305,KSEA,KAFW
1306,RJFF,RJTT
1307,KBOS,KDCA
1308,YBBN,YSSY
1309,OMDB,VOBL
1310,SBKP,SBRJ
1311,KSAT,KLAS
1312,KCVG,KBWI
1313,KORD,KMIA
1314,KMIA,KLGA
1315,KDTW,KLGA
1316,EBLG,EDDV
1317,KLAX,KPHX
1318,KCMH,KDTW
1319,KIAD,KDTW
1320,KPDX,KSFO
1321,KDEN,KLAS
1322,EDDB,LHBP
1323,KBOS,KMIA
1324,KHOU,KHPN
1325,KMDW,KMCO
1326,SBBR,SBSP
1327,KPHX,KSAF
1328,OTHH,YPPH
1329,KATL,KEWR
1330,KTEB,KRDU
1331,KPVD,KBWI
1332,KRDU,KJFK
1333,KSEA,KSFO
1334,KRVS,K2K9
1335,KTYS,KDFW
1336,KORD,KLAX
1337,CYYZ,KIAD
1338,KSAT,KATL
1339,EBLG,EGSS
1340,KLAS,KTEB
1341,YMML,YBBN
1342,KFLL,KDTW
1343,KBFI,KORS
1344,KBWI,KMDW
1345,KSEA,KIZA
1346,KPIT,KMSP
1347,KDFW,KABQ
1348,RCTP,RPLL
1349,WMKK,VHHH
1350,KDFW,KMCO
1351,RJTT,RJFF
1352,SSJC,SBSP
1353,KBOS,KLAX
1354,KTEB,KBKV
1355,KPDX,KSNA
1356,KSMF,KBUR
1357,KSDF,KDFW
1358,KIAH,KSJC
1359,KATL,KFLL
1360,SBBR,SBRJ
1361,KORF,KDFW
1362,CYYZ,EDDF
1363,KCMH,KMSP
1364,KLAS,KHHR
1365,KSEA,KMDW
1366,KSTL,KLAS
1367,KBOI,KBFI
1368,KVIS,KOAK
1369,ULLI,ULMM
1370,KSNA,KFUL
1371,KMCI,KATL
1372,K3MY,KORD
1373,KSJC,KDFW
1374,KDTW,KMCO
1375,KPHL,KSTL
1376,KBOS,KHPN
1377,KSEA,KORD
1378,KPHL,KSYR
1379,KTEB,KCMH
1380,KSLC,KLAX
1381,KLAX,KBNA
1382,VIDP,VEPI
1383,KORD,EGLL
1384,KLAS,KLAX
1385,KPHL,KTYS
1386,KMCO,KMIA
1387,KBNA,KMSP
1388,KLAX,KATL
1389,KSFO,KSEA
1390,KEDC,KDAL
1391,KSNA,KOAK
1392,VOMM,WSSS
1393,NZHN,NZWN
1394,KVNY,KSJC
1395,YSSY,YSCB
1396,KGSO,KATL
1397,KDFW,KPDX
1398,KPHL,KBKL
1399,KBOS,KLAX
1400,KSJC,KBOI
1401,KDTW,EHAM
1402,KDCA,KPDX
1403,NZCH,NZHN
1404,KDEN,KOAK
1405,KSDF,KDTW
1406,KSEA,KRDU
1407,KMSP,CYYC
1408,KIAD,KSEA
1409,KBOS,KSTL
1410,KATL,KFLL
1411,CYUL,CNV9
1412,KFUL,KTOA
1413,OTHH,FACT
1414,KLGA,KCLT
1415,KLAX,KSFO
1416,KLAS,KSAN
1417,KBNA,KSTL
1418,EGNX,EGPH
1419,KMSP,KLAX
1420,KORF,KPHL
1421,KEWR,KBOS
1422,VOMM,VECC
1423,KBWI,KATL
1424,SKBO,KMIA
1425,KDEN,KRIR
1426,KDAL,KABQ
1427,KPDX,KPHX
1428,WSSS,VHHH
1429,KLAS,KDTW
1430,KATL,KTYS
1431,KVNY,KCMA
1432,KTUL,KORD
1433,CYUL,CYYC
1434,KORD,EHAM
1435,KRDU,KEWR
1436,KDFW,KLAS
1437,KRFD,KSCK
1438,KDCA,KORD
1439,KSAT,KDFW
1440,KSEA,KATL
1441,KEWR,KBFI
1442,SBRJ,SBSP
1443,SBGL,LPPT
1444,KSJC,KBUR
1445,KDFW,KDTW
1446,KLZU,KHOU
1447,KBWI,KSTL
1448,KATL,KSEA
1449,KMSP,KSFO
1450,KLAS,KFAT
1451,KBUY,KMMU
1452,KSEA,KLAX
1453,KORD,KBNA
1454,KMDW,KATL
1455,KLAX,KJFK
1456,KSMF,KLAS
1457,KPHL,EGLL
1458,KATL,KMDW
1459,KCMH,KPHX
1460,KORD,KSFO
1461,KDEN,KLAX
1462,KSJC,KPHX
1463,KPIT,KFLL
1464,SBBR,SBKP
1465,KBOS,KCMH
1466,KDAY,KIAD
1467,KFLL,KEWR
1468,KNUC,KNZY
1469,KIAH,KLAX
1470,YSSY,YBMC
1471,KATL,KLAX
1472,SSJC,SBGR
1473,KPDX,KLAS
1474,KBNA,KLGA
1475,NK43,KCLT
1476,KYKM,KSEA
1477,KLAX,KSFO
1478,KPHX,KDAL
1479,KMKE,KBNA
1480,KATL,KORD
1481,KORD,LFPG
1482,KSEA,KPDX
1483,YSSY,YSWG
1484,GOBD,LFPG
1485,KFLL,KORD
1486,CYWG,CYYC
1487,KAUS,KLAX
1488,PAEN,PANC
1489,KHOU,KMDW
1490,KEWR,KROC
1491,KSEA,KBOS
1492,KBOS,KMVY
1493,KBWI,KDFW
1494,KAPC,KSAN
1495,KBNA,KDCA
1496,KJFK,KLAX
1497,KLGA,KSTL
1498,KMCI,KLAS
1499,KMDW,KBWI
1500,KOAK,KSDL
1501,PANC,KONT
1502,KATL,KDTW
1503,KSNA,KSFO
1504,KMSP,KSNA
1505,YMML,YPAD
1506,KCLT,KCMI
1507,KLNK,NE42
1508,KAUS,KLAS
1509,KRAL,KEMT
1510,KSMF,KO37
1511,KBNA,KORD
1512,KBWI,KLAX
1513,KCOE,KSNA
1514,KJFK,LIMC
1515,KBVS,KRNT
1516,KORD,KHSV
1517,KOAK,PANC
1518,KNUC,KNZY
1519,KSMF,KSFO
1520,KDBQ,KORD
1521,SBBR,SBGL
1522,KLAX,KSFO
1523,KDTW,KLAX
1524,KMKE,KORD
1525,KLAX,KDFW
1526,KMAN,KS67
1527,KFAT,KDFW
1528,NZCH,NZAA
1529,KEWR,KSAN
1530,KABQ,KPHX
1531,FAOR,FACT
1532,KATL,KOKC
1533,KJFK,KLAS
1534,KORD,KMKE
1535,KATL,KORD
1536,KDTW,KIAD
1537,KSEA,KBLI
1538,KBOS,MA55
1539,SSJC,SBKP
1540,KDAL,KSFO
1541,KOAK,KSNA
1542,KDCA,KMDW
1543,KPHX,KSFO
1544,RCTP,YSSY
1545,KCLT,KDFW
1546,PAEN,PANC
1547,SBBR,SBSP
1548,KMSP,KORD
1549,KLAX,OTHH
1550,KSEA,KSAN
1551,KDTW,KLAX
1552,SPJC,LEMD
1553,KDEN,KPHX
1554,KIAH,KSNA
1555,YSCB,YMML
1556,KATL,KFLL
1557,YSSY,YBBN
1558,KPHX,KATL
1559,KSAN,KSFO
1560,KBOS,KFLL
1561,KSEA,KOAK
1562,KLGA,KMIA
1563,KOKC,KDFW
1564,SPST,SPJC
1565,YSSY,YPAD
1566,KSLC,KBOI
1567,KBOI,KSEA
1568,KSAT,KBNA
1569,KDTW,KATL
1570,KLAX,EGLL
1571,KPHL,EHAM
1572,SBBR,SBGR
1573,KDFW,KMCI
1574,KORD,EDDM
1575,KDEN,KSNA
1576,KORD,KSDF
1577,RJAA,RCTP
1578,KRNT,9WA7
1579,KFUL,KTOA
1580,KATL,KMSP
1581,KEWR,LIMC
1582,YPAD,YBBN
1583,KAUS,KSGR
1584,RCTP,RJBB
1585,YSSY,YBCG
1586,KHOU,KDFW
1587,KJFK,UUEE
1588,KIND,KDTW
1589,LFPG,LFBO
1590,YSSY,YMAY
1591,KOAK,KSJC
1592,KPHL,KMDT
1593,KROC,KJFK
1594,RJTT,RJOO
1595,KTUL,KDAL
1596,KRDU,KBWI
1597,YMML,YBMC
1598,3NK5,KBUF
1599,KSMO,9CA0
1600,KLGA,8KY6
1601,KDFW,KDEN
1602,KEMT,KCMA
1603,SBBR,SBVT
1604,KATL,KSAT
1605,EDDP,EBBR
1606,YSSY,YSCH
1607,CYVR,CYQQ
1608,KBWI,KSRQ
1609,KDEN,KMDW
1610,OMDB,VABB
1611,RCTP,WSSS
1612,SBSP,SBCO
1613,KCLT,KSTL
1614,KMCI,KDTW
1615,KJFK,KBED
1616,KATL,KBKL
1617,YMML,NZCH
1618,KLAS,KMKE
1619,SBBR,SBRJ
1620,LFPG,LFML
1621,KCLM,KPWT
1622,KVIS,KOAK
1623,KPHL,KPHX
1624,RCTP,PANC
1625,KATL,SBGR
1626,KDEN,KLGA
1627,KDAL,KMDW
1628,KCLT,KMIA
1629,CYYC,CYVR
1630,KONT,KDFW
1631,KSWF,KHPN
1632,KOKC,KORD
1633,KDTW,KATL
1634,NZCH,NZAA
1635,K61B,KLAS
1636,KSGF,KDFW
1637,KMYF,KEMT
1638,KIAD,KATL
1639,YMMB,YPKL
1640,KPSP,KFAT
1641,KEWR,EGLL
1642,KBOS,KMCO
1643,KBWI,KLAS
1644,KBNA,KORD
1645,KIND,KDTW
1646,KDEN,KMSP
1647,KMSN,KORD
1648,OMDB,VHHH
1649,KLAX,KPDX
1650,KSBP,KPRB
1651,KSBP,KSEA
1652,KMDW,KSRQ
1653,KLGB,KSNA
1654,KJFK,KDFW
1655,KBFI,KPWT
1656,KATL,KSTL
1657,KAUS,KDTW
1658,KSTL,KORD
1659,YSCB,YWLM
1660,KLAS,KSLC
1661,KSLC,KLAS
1662,KLAX,KSEA
1663,KJFK,KDTW
1664,KRDU,KMSP
1665,KMKE,KATL
1666,KRHV,KE16
1667,KPHL,KFLL
1668,KORD,KPHL
1669,KORD,KBNA
1670,KBNA,KCLT
1671,KLGA,KBNA
1672,KDCA,KTYS
1673,KDEN,KOMA
1674,YMMB,YRKE
1675,KATL,KATW
1676,KMSP,KORD
1677,KDAL,KSTL
1678,KORD,KDEN
1679,RJAA,RJFF
1680,KDCA,KSDF
1681,YSSY,KLAX
1682,VABB,VOBL
1683,VHHH,OMDB
1684,LEMD,LLBG
1685,KSFO,KDFW
1686,KDFW,KATL
1687,KATL,KOKC
1688,YMES,YSLT
1689,KLAX,KMCI
1690,KDEN,KABQ
1691,KLAS,KSCK
1692,KSJC,KLAX
1693,KDCA,KORF
1694,KIAD,KSEA
1695,3NK5,KBUF
1696,KTPA,KDFW
1697,KIAH,KSFO
1698,KSDF,KATL
1699,KEWR,KCLT
1700,KATL,KMCO
1701,KEMT,KSBA
1702,NZCH,NZWN
1703,LIMC,LEBL
1704,KBUR,KLAS
1705,KDEN,KSNA
1706,KATL,KCMH
1707,KMSN,KMSP
1708,KOKC,KATL
1709,KRDU,KMDW
1710,VHHH,RPLL
1711,KDFW,KTYS
1712,KDEN,KPDX
1713,YSSY,KLAX
1714,KSFO,KLAS
1715,KDAL,K9X1
1716,YSSY,YMHB
1717,KORD,KTYS
1718,KSLC,KOAK
1719,KHPN,KPWK
1720,KRDU,KDEN
1721,KSBP,KONT
1722,KIAH,KDFW
1723,KHOU,KTEB
1724,KORD,KBOS
1725,KATL,KSRQ
1726,KLAS,KSFO
1727,SBSP,SBBR
1728,9LL0,KSTL
1729,KDCA,KORD
1730,VOBL,VECC
1731,KLZU,KPNS
1732,KPDX,CL36
1733,KJFK,KBOS
1734,KLAX,KORD
1735,VOMM,VOBL
1736,CAP3,CYCD
1737,SBBR,SBCO
1738,KTUL,KATL
1739,KSNA,KVIS
1740,KIAD,KMDW
1741,KPHL,KATL
1742,KBOS,KPVC
1743,KSLC,KLAX
1744,KLAS,KSAN
1745,KORD,KMSP
1746,KDFW,KMDT
1747,KMOD,KCCR
1748,KFLL,KLAX
1749,PANC,KORD
1750,RJTT,RJBB
1751,CYUL,LFPG
1752,KMDW,KRDU
1753,EDDK,OMDB
1754,KBUR,KSLC
1755,LEMD,LEPA
1756,KDEN,KMSP
1757,KMSP,KSEA
1758,KLAS,KATL
1759,KATL,KPHX
1760,KFAT,KLAX
1761,KCPS,7IS2
1762,KIAH,KSAN
1763,KSTL,KLGA
1764,KRDU,KATL
1765,CYYJ,CYVR
1766,7CA6,KFCH
1767,KDFW,KORD
1768,KJFK,LFPG
1769,KCLT,KDFW
1770,KMSP,KDTW
1771,KCWA,KORD
1772,KDTW,KPHL
1773,KATL,KSAN
1774,KDAL,KATL
1775,SBGR,LPPT
1776,LTBA,OMDW
1777,KLAX,CL36
1778,SBBR,SBGL
1779,KDFW,KBUF
1780,KDEN,KSLC
1781,KHPN,KPOU
1782,EGSS,EGPH
1783,KSMF,KLAX
1784,KDTW,KBNA
1785,KBDR,KFRG
1786,CYYJ,CYYC
1787,KPIT,KATL
1788,KSNA,KMYF
1789,KDEN,KTYS
1790,KHOU,KDEN
1791,YMEN,YBSS
1792,KMKE,KMSP
1793,KEWR,KCMH
1794,KAUS,KADS
1795,KLAX,KDAL
1796,KSEA,KBOI
1797,KOAK,KBTF
1798,RJFF,RJTT
1799,YPAD,YMML
1800,KBWI,KATL
1801,KATL,KMSN
1802,KIAH,KLAS
1803,CYVR,KSFO
1804,KLDJ,KFRG
1805,KJFK,KBNA
1806,KBOS,KIAD
1807,KMSP,KDEN
1808,KSFO,KSAN
1809,KDTW,KMCI
1810,KRDU,KPHL
1811,KGEG,KSFO
1812,2OK4,KRVS
1813,KDCA,AL16
1814,KMKE,KDFW
1815,KORD,KROC
1816,KATL,KPHX
1817,KOAK,KMDW
1818,PANC,KBFI
1819,KDCA,KCLT
1820,KAFW,KABE
1821,KHOU,KDAL
1822,KMCI,KDEN
1823,CYVR,CYYC
1824,SBBR,SBGR
1825,YMEN,YBSS
1826,RJFF,RJOO
1827,KDTW,KPHL
1828,KDCA,KRDU
1829,KSFO,KDFW
1830,KEWR,EBBR
1831,KLGA,KSDF
1832,KRDU,KJFK
1833,KCVG,CYHM
1834,KLAS,KBUR
1835,KDCA,KMIA
1836,KORD,KDTW
1837,KRNM,KF70
1838,KMKE,KBWI
1839,KATL,KORD
1840,ULMM,UUEE
1841,KJFK,KORD
1842,KPHX,KSTL
1843,KAUS,KDEN
1844,KMDW,KSDF
1845,KPIT,KDUJ
1846,CYXX,CYYC
1847,KATL,KVPS
1848,KONT,KLAS
1849,K1G4,KLAS
1850,KIAH,KDEN
1851,EGSS,EGAA
1852,VIDP,VECC
1853,KDFW,KMCO
1854,KSTL,KATL
1855,LEMG,ESSA
1856,NZAR,NZAA
1857,KBWI,KMCI
1858,KDCA,KSTL
1859,KLGA,KDFW
1860,KVIS,KOAK
1861,KDEN,KORD
1862,OTHH,VIDP
1863,CYYZ,CYYC
1864,KATL,KDCA
1865,K61B,KU30
1866,KAUS,KSFO
1867,KMSP,KSAN
1868,KPHX,KNYL
1869,CYVR,CYYJ
1870,KBOS,KLAS
1871,KORD,KMDT
1872,KOKV,KJYO
1873,KLGA,KBNA
1874,KLAS,KDFW
1875,SBBR,SBKP
1876,KONT,KSJC
1877,KDFW,KCMH
1878,KABQ,KPHX
1879,NZRO,NZCH
1880,RJTT,RCSS
1881,KLAX,KSFO
1882,KBWI,KRDU
1883,1WA9,KBFI
1884,KJFK,LIRF
1885,KATL,KMKE
1886,KBLI,KSEA
1887,KPHX,KLGB
1888,KCLT,KEWR
1889,YMML,YSSY
1890,KIAH,KSAT
1891,KLGA,KDCA
1892,VABB,VOMM
1893,YMMB,YLED
1894,KSNS,KRHV
1895,KMCI,KMSP
1896,RJFF,RJTT
1897,CYVR,CYYC
1898,KTUS,KLAX
1899,KDEN,KSTL
1900,KBFI,KBLI
1901,NZTG,NZAA
1902,KEWR,KBUF
1903,6PA3,KMDT
1904,VECC,VOMM
1905,MMTJ,KSAN
1906,CYYC,CYWG
1907,K1G4,KLAS
1908,RCTP,YSSY
1909,KSJC,KOAK
1910,KBOS,KRDU
1911,KDAL,KLGA
1912,EDDP,LFPG
1913,KSBP,KONT
1914,KRDU,KDCA
1915,KLAS,KOAK
1916,KLGA,KMCO
1917,KORD,KMCO
1918,KDTW,KMIA
1919,KATL,KDAL
1920,KMDW,KBNA
1921,YMML,YSSY
1922,OERK,OMSJ
1923,KFLL,KLGA
1924,KHOU,KIWS
1925,KCLT,KPNS
1926,KSEA,KSJC
1927,KLXT,KMKC
1928,KJFK,KCLT
1929,RJTT,RJOO
1930,PANC,KSEA
1931,KDCA,KBOS
1932,KBUR,KPHX
1933,KDFW,KRDU
1934,KPDX,KLAX
1935,KDEN,KIAD
1936,RJOA,RJTT
1937,VIDP,OTHH
1938,KATL,KDCA
1939,SKBO,KMIA
1940,KGCM,KTUL
1941,KBNA,KLAS
1942,KLAX,KSJC
1943,KLGA,KCLT
1944,UUDD,ULLI
1945,KIAH,KLAX
1946,KSAN,KSFO
1947,KEWR,KBKL
1948,KMCI,KDEN
1949,KPHL,EDDF
1950,KPHX,KPHL
1951,KFLL,KBWI
1952,KBOI,KOAK
1953,KORD,EDDF
1954,YMML,YSSY
1955,KTPA,KSRQ
1956,RJBB,RJFF
1957,EGNX,EHAM
1958,KSBA,KSEE
1959,KTEB,KLUK
1960,EDDP,EGNX
1961,KPHX,KSAN
1962,KROC,KDTW
1963,KEWR,KLAS
1964,OMDW,VHHH
1965,KFAT,KLAX
1966,KIND,KORD
1967,YSSY,YBMC
1968,KLZU,KECP
1969,19OK,KRVS
1970,CYVR,CYYZ
1971,YSBK,YCNK
1972,KMIA,SBGR
1973,KTEB,KMDW
1974,KHGR,KGAI
1975,KCRQ,KMYF
1976,RJOO,RJTT
1977,KOAK,KAUN
1978,RJOA,RJTT
1979,KLAX,KBWI
1980,KDEN,KMKE
1981,KORD,KBOS
1982,KLAS,KMSP
1983,VHHH,PANC
1984,KTYS,KATL
1985,KORD,KMSP
1986,KPHX,KMSP
1987,KLAX,KMDW
1988,KDFW,KATL
1989,KOAK,KSNA
1990,KDEN,KMSN
1991,KHSV,KATL
1992,KORD,KEWR
1993,YBUN,YPJT
1994,KIAH,KSAT
1995,RCTP,WSSS
1996,KSAN,KDFW
1997,KAUS,KSAN
1998,CYUL,LFPG
1999,KPHX,KLAX
2000,KAUS,KBOS
2001,KLAX,KSJC
2002,YMML,YBCG
2003,KDEN,KIAD
2004,OTHH,VHHH
2005,VABB,OTHH
2006,OMDB,VIDP
2007,KSTL,KSLC
2008,KSBA,KOAK
2009,KLAX,KORD
2010,CYYC,CYVR
2011,KSEA,KBOS
2012,KSJC,KSLC
2013,KORD,KDEN
2014,KDEN,KFLL
2015,LZIB,EDDP
2016,NZNV,NZCH
2017,EDDK,EGNX
2018,KGEG,KSEA
2019,KBLI,KSEA
2020,KLGA,KORD
2021,CYYZ,CYYC
2022,KDFW,KVPS
2023,KBOS,8KY6
2024,KORD,KSYR
2025,YBBN,YPAD
2026,KDEN,2IS4
2027,KJFK,KRDU
2028,KGRI,KOMA
2029,WMKK,WBKK
2030,YMMB,YTDN
2031,KCLT,KSRQ
2032,KMSP,KDFW
2033,KLAX,KDFW
2034,KATL,KMIA
2035,KORD,KRDU
2036,KDFW,KPHX
2037,YMML,YBBN
2038,KSEA,KPHX
2039,RCTP,VHHH
2040,CYOW,CYUL
2041,YSCB,YMML
2042,KDAL,KDCA
2043,KLAS,KSEA
2044,RPLL,WSSS
2045,KCLT,KORD
2046,KSMF,KSEA
2047,KSJC,KSEA
2048,KDFW,KBWI
2049,KORD,KPVD
2050,KDEN,KBNA
2051,KBNA,KTPA
2052,KPDX,KOAK
2053,KLAS,KMDW
2054,KCLT,KLAX
2055,RJFF,RJTT
2056,KOAK,KBUR
2057,SPJC,SPST
2058,KSEA,KFAT
2059,KDEN,KSEA
2060,KBOS,EGLL
2061,CYOW,CYHM
2062,KJFK,KLAX
2063,KDEN,KLGA
2064,KAUS,KMDW
2065,KRDU,KDFW
2066,RCTP,RJFF
2067,VIDP,VECC
2068,KPHX,KCMH
2069,KSLC,KOAK
2070,KSTL,KBOS
2071,KSEA,KOAK
2072,KECP,KATL
2073,KORD,KIAD
2074,KMDW,KPHX
2075,SBRJ,SBSP
2076,KATL,KLAS
2077,KJFK,KBKL
2078,KSTL,KMSP
2079,KATL,KRDU
2080,KDEN,KOKC
2081,KE16,KRHV
2082,KPHX,KMCO
2083,KBOS,KORD
2084,KSLC,KSAN
2085,OERK,OEDF
2086,YMML,YSCB
2087,KLAX,KSAN
2088,CYWG,KMSP
2089,KMSP,KLAS
2090,KCGE,KFME
2091,KEWR,EDDF
2092,KPWT,KBFI
2093,KDEN,KAUS
2094,YCBG,YMML
2095,CYYC,CYYJ
2096,RJTT,RJFF
2097,KITH,KIAD
2098,RCTP,WSSS
2099,EGNX,EDDK
2100,KORD,KCMH
2101,KMSP,KORD
2102,YMMB,YPKL
2103,YMML,YPAD
2104,KDFW,CYYC
2105,WSSS,RJAA
2106,59IL,KDPA
2107,KDEN,KFLL
2108,YSTW,YSSY
2109,KMIA,KLAX
2110,KNYL,KPHX
2111,YBBN,YMML
2112,CYQG,CYHM
2113,KPHX,KDFW
2114,KPDX,KLAX
2115,KSNS,KPSP
2116,KDFW,KBTF
2117,KEWR,KSTL
2118,KATL,KDFW
2119,CYWG,CYYC
2120,KLGA,KMDW
2121,KORD,KLAX
2122,KMSP,KMIA
2123,KDFW,1MU0
2124,KJFK,KATL
2125,KPDX,KBFI
2126,KALB,KSDF
2127,YMES,YSLT
2128,VOBL,VECC
2129,NZCH,NZPM
2130,KTOA,KFUL
2131,KPHX,KCOS
2132,RPLL,RJTT
2133,KAUS,KLAX
2134,KSJC,KSNA
2135,KDEN,KFLL
2136,KTUL,KDEN
2137,KSAT,KDEN
2138,KCWA,KMKE
2139,KPSP,KOAK
2140,KCNO,KCRQ
2141,CYYZ,LLBG
2142,KJFK,LEMD
2143,YMML,YBCG
2144,KATL,KSGT
2145,KORD,KAFW
2146,KIAH,KSLC
2147,KAJO,KEMT
2148,WSSS,WBSB
2149,KPDX,KSEA
2150,RJTT,RJFF
2151,KORD,KBOS
2152,KBWI,KMIA
2153,KVNY,KLAS
2154,KATL,KGRB
2155,KORD,KPIT
2156,KDTW,KATL
2157,KATL,OTHH
2158,EHAM,SBKP
2159,KORD,KSLC
2160,KDEN,KORF
2161,KBNA,KSNA
2162,VABB,VIDP
2163,KDEN,KBOS
2164,KORD,KATW
2165,KSRQ,KBWI
2166,KLGA,KSTL
2167,KJFK,KMIA
2168,KPGV,KRDU
2169,KDFW,KLGA
2170,KLAS,KBWI
2171,KHOU,KMCI
2172,KORD,KIAH
2173,KSMF,KSNA
2174,KDEN,KJFX
2175,KSJC,KDAL
2176,KMCI,KMCO
2177,50NE,KOMA
2178,KATL,KBWI
2179,KDEN,KORD
2180,KCVG,KSEA
2181,KORD,KOKC
2182,KMDW,KCMH
2183,WSSS,RCTP
2184,KSFO,KWHP
2185,VT48,KSYR
2186,KCMH,KLAS
2187,KFLL,KBUF
2188,KJFK,KMCO
2189,KORD,KIAD
2190,VIDP,VEPI
2191,KDEN,KTUL
2192,KDEN,KMCI
2193,KBNA,KLGA
2194,KORD,KMSN
2195,EGNX,EGPH
2196,KTEB,KAGC
2197,PAEN,PANC
2198,KSAT,KSEA
2199,KATL,KABQ
2200,KCLT,KTYS
2201,MN15,KFCM
2202,KSTL,KLGA
2203,KPHX,KAUS
2204,KORD,KATL
2205,KATL,CYUL
2206,KJFK,EHAM
2207,KPAE,KAWO
2208,KORD,KSFO
2209,KEWR,KORD
2210,KCLT,KDCA
2211,KBNA,KMKE
2212,KSEA,KSFO
2213,KDFW,KPHL
2214,KVNY,KF70
2215,KDFW,KSBA
2216,KATL,KMCI
2217,RJTT,RJOA
2218,ZGSZ,ZUCK
2219,EKCH,EDDP
2220,KLAS,KSDF
2221,KO69,KOAK
2222,KBFI,KFHR
2223,KORD,PANC
2224,CYVR,CAM3
2225,KDEN,KDFW
2226,KCLT,KPHF
2227,KOMA,KBFI
2228,KORD,KATL
2229,CYVR,CYCD
2230,KCOS,KDEN
2231,KBOS,KMCO
2232,YLIL,YMNG
2233,KPHX,KBNA
2234,KLAX,KBFI
2235,KCLT,KCMH
2236,KOKM,KRVS
2237,KSMF,KSAN
2238,KIAH,KABQ
2239,KCMH,KMDW
2240,KTEB,KPWK
2241,KDTW,KFLL
2242,KPSP,KPHX
2243,KSTL,KMCO
2244,NZCH,NZWN
2245,KMSP,KEWR
2246,NE12,KOMA
2247,KPDX,KSEA
2248,KORD,KORF
2249,KDTW,KRDU
2250,KDFW,KABQ
2251,YSWG,YMAY
2252,KLAX,KOAK
2253,EDDP,EGNX
2254,VABB,VIDP
2255,KLAS,KSJC
2256,KDEN,KSAN
2257,KFLL,KMIA
2258,KATL,LFPG
2259,YSDU,YSBK
2260,KATL,KDFW
2261,KSAT,KBNA
2262,KHSD,KPWA
2263,YSCB,YBCG
2264,NZPM,NZAA
2265,KPHL,KMKE
2266,KLGA,KFLL
2267,KDEN,KMCO
2268,YARM,YSSY
2269,KBUR,KPHX
2270,KCVG,KDCA
2271,KPHX,KTUL
2272,KMYF,KRNM
2273,KJFK,KDEN
2274,KDEN,KMSP
2275,KHPN,KACY
2276,SBRJ,SBBR
2277,KLAS,KLAX
2278,KMIA,KDCA
2279,KDFW,KBUR
2280,KONT,KBFI
2281,K1O2,KSMF
2282,OERK,OBBI
2283,KPHL,KSDF
2284,KHWD,KMOD
2285,KPWK,KENW
2286,KDFW,KM99
2287,KPHX,KLGB
2288,RJTT,RJOA
2289,KDEN,KEWR
2290,KSJC,KSEA
2291,KBWI,KCLT
2292,KDEN,KLAX
2293,KEWR,KPVD
2294,KSNA,KSJC
2295,K1G4,K61B
2296,KSBP,KBUR
2297,RCTP,VHHH
2298,KDTW,KBUF
2299,KAUS,KRDU
2300,KDCA,KJFK
2301,PAEN,PANC
2302,KATL,EHAM
2303,KMIA,SPJC
2304,KPOC,KCNO
2305,KLAS,KLAX
2306,KGEG,KSEA
2307,KBWI,KALB
2308,KIAD,BIKF
2309,KJFK,KTEB
2310,KMSP,KORD
2311,OMSJ,OPMT
2312,50NE,KOMA
2313,VABB,VOMM
2314,YMMB,YLEG
2315,KPDX,KBFI
2316,KDFW,KHRU
2317,KDEN,KOMA
2318,KPHX,KSAT
2319,EBLG,LLBG
2320,KSMF,KLAX
2321,KCLT,KORF
2322,KLGA,KMIA
2323,VHHH,YSSY
2324,KRDU,KCLT
2325,KO69,KOAK
2326,KAWO,KRNT
2327,KDFW,KSBP
2328,RJBB,PANC
2329,KCWA,KDTW
2330,YMML,YBBN
2331,KDTW,KBOS
2332,KMSP,KTYS
2333,KORD,KATW
2334,KEWR,EDDF
2335,KSEA,K68S
2336,KJFK,KABQ
2337,KMIA,KBKL
2338,KPHX,KMSN
2339,KO69,KOAK
2340,KDEN,KCMH
2341,KDEN,KSAT
2342,KATL,KFLL
2343,OMDB,VHHH
2344,KSMO,KCRQ
2345,KCLT,KLGA
2346,EDDK,EKCH
2347,CYCD,CAP3
2348,KDEN,KTPA
2349,KMCO,KMIA
2350,KSLC,KLAS
2351,KLGA,KBOS
2352,KORD,KSTL
2353,SBGR,KORD
2354,KSLC,KSFO
2355,PANC,KSEA
2356,KLAX,KAUS
2357,KORD,KSYR
2358,KDEN,KDTW
2359,OMDB,EGLL
2360,KPHL,KCLT
2361,VOMM,VIDP
2362,OR81,KHIO
2363,KORD,8II3
2364,KMCO,KMIA
2365,KCLT,KATL
2366,KDEN,KPHL
2367,UUEE,EDDF
2368,KDFW,KDCA
2369,KMSP,KMCO
2370,KRHV,KE16
2371,YWLM,YSCB
2372,KLAS,KFAT
2373,KHSV,KDFW
2374,KSBP,KSAN
2375,KPHX,KSEA
2376,KTPA,67KY
2377,KBWI,KSDF
2378,EDDK,LFPG
2379,KLAX,KTUS
2380,KDEN,KBWI
2381,KSMF,KSEA
2382,YBBN,YMHB
2383,KDEN,KCOS
2384,GOBD,LFPG
2385,KORD,KALB
2386,KBNA,KLAS
2387,KLAS,KCOS
2388,KORD,KDFW
2389,LFPG,EGNX
2390,KDEN,3KY4
2391,KOKC,KDEN
2392,KCLT,KMDT
2393,KSLC,KBOI
2394,KRDU,KBNA
2395,RJOO,RJTT
2396,KMIA,KSTL
2397,KPNS,KATL
2398,RCTP,RJAA
2399,VECC,VIDP
2400,KMSP,KJFK
2401,OK21,KRVS
2402,KDEN,KMIA
2403,KSMF,CA60
2404,YSCB,YSSY
2405,KSFO,KAUS
2406,KJFK,KMIA
2407,KNYL,KPHX
2408,KBFI,KBLI
2409,KATL,KMIA
2410,KFLL,KMIA
2411,KORD,KPHL
2412,KMSN,KDTW
2413,KO69,KOAK
2414,KMVY,KTEB
2415,NZAA,NZWN
2416,KMKE,KORD
2417,KPWK,KOSU
2418,KDEN,KDAL
2419,YMML,YPPH
2420,SPST,SPJC
2421,KEWR,KMCO
2422,KAUS,KLAS
2423,OTHH,EGLL
2424,VHHH,EBLG
2425,EGNX,EDDK
2426,LIEE,LIRF
2427,KSEA,KLAX
2428,KDEN,KPHX
2429,KRHV,KE16
2430,YSSY,YBCG
2431,KSQL,KLHM
2432,KSTL,KFLL
2433,KIAD,KCLT
2434,KORD,KBNA
2435,KMSP,KGRB
2436,KJFK,KLAX
2437,YLTV,YMEN
2438,KIND,KLAX
2439,EDDP,EKCH
2440,KDEN,KRDU
2441,KORD,KBWI
2442,KATL,KLAS
2443,KBOI,KPDX
2444,KLGB,KBUR
2445,KDEN,KDTW
2446,KMIA,KJFK
2447,KSFO,KSNA
2448,KBWI,KFLL
2449,KDEN,KSAT
2450,LIMC,EGSS
2451,KCLT,KPLR
2452,KIAH,KDFW
2453,UAAA,VHHH
2454,KPHX,KSNA
2455,ULLI,UUEE
2456,KDFW,KSNA
2457,KJFK,KFLL
2458,KATL,KBWI
2459,KORD,KATL
2460,KORD,K8C4
2461,YSCB,YSSY
2462,EDDK,LIME
2463,KLAX,KSFO
2464,VOMM,VIDP
2465,KDEN,KATL
2466,KDAL,KMKC
2467,KLAS,KPHX
2468,EDDP,LIMC
2469,KMSP,KMKE
2470,KBWI,KDAL
2471,KMSN,KGRB
2472,SBGR,SBCO
2473,UNEE,UUDD
2474,KBOS,BIKF
2475,KDEN,KPHX
2476,KRHV,KCCR
2477,KMCI,KDAL
2478,KSYR,KDTW
2479,KORD,KMKE
2480,KSJC,KBUR
2481,KTPA,KJFK
2482,KIAH,KPHX
2483,KCLT,K3MY
2484,KGYR,13AZ
2485,KDTW,KTYS
2486,KBNA,KLAX
2487,KPHL,KRDU
2488,KCNO,KRNM
2489,RJTT,RJFF
2490,K1O2,KMHR
2491,KORD,KMCI
2492,KORF,KCLT
2493,KLAS,KMCO
2494,KMIA,KATL
2495,KLAX,KOKC
2496,KOAK,KTEB
2497,SKBO,EDDF
2498,VABB,VOBL
2499,KPRC,16AZ
2500,RCTP,RJBB
2501,KVNY,KWHP
2502,VIDP,VABB
2503,KDFW,OTHH
2504,SBBR,LPPT
2505,RJTT,RJOM
2506,KL70,KCMA
2507,KCLT,KECP
2508,KCWA,KMKE
2509,KDFW,KMSP
2510,KSLC,KBOI
2511,KRDU,KMCO
2512,LTAC,EDDL
2513,YBUN,YPJT
2514,KGRB,KMKE
2515,KSAN,KPHX
2516,KWVI,KPAO
2517,YSSY,KSFO
2518,KATL,KPLR
2519,VIDP,VAPO
2520,KMIA,MGGT
2521,KTEB,CYYZ
2522,KBLI,KBFI
2523,KBNA,KRDU
2524,KSNA,KPRB
2525,EGNX,EGAA
2526,KCLT,KROC
2527,K2K9,KRVS
2528,EDDN,EBLG
2529,KMIA,KMSP
2530,KNYL,KPHX
2531,YBAF,YAMB
2532,KJFK,KMCO
2533,KPHL,KBNA
2534,EGSS,LFPG
2535,KPHX,KBUR
2536,KCLT,KDFW
2537,KSFO,KLAX
2538,KFLL,KMIA
2539,KBWI,KSAT
2540,KRDU,KETC
2541,KCLT,KFTY
2542,KORD,KLGA
2543,KSBA,KPHX
2544,KOAK,KSEA
2545,KAPA,KCOS
2546,KLAS,KSFO
2547,PANC,KLCK
2548,KSTL,KBNA
2549,KPHX,KMKE
2550,KSNA,KOAK
2551,KPDX,KMSP
2552,KDAY,KDFW
2553,YMMB,YTDN
2554,WSSS,VHHH
2555,KPHL,KDEN
2556,WS78,KMSP
2557,KBFI,KPDX
2558,KSLC,KLAX
2559,KSMF,KSEA
2560,SN59,KLWC
2561,KPVD,KORD
2562,KLAS,KSNA
2563,VIDP,OTHH
2564,KATL,KPNS
2565,KEDU,00CL
2566,KPHX,4IL3
2567,RJTT,RJOO
2568,EDDP,LFPG
2569,KABQ,KLAS
2570,KSTL,KATL
2571,VIDP,VECC
2572,KDFW,KDCA
2573,EDDK,LTFJ
2574,KMDW,KPVD
2575,KCLM,KPWT
2576,KCLT,KHPN
2577,KONT,KPHX
2578,KDAL,KMCO
2579,LFPG,LIMC
2580,KMSP,KOMA
2581,KDFW,KSEA
2582,KSNA,KPHX
2583,KSFO,KPHX
2584,KLAS,KSDL
2585,KORD,KOMA
2586,KATL,KBNA
2587,KHOU,KOAK
2588,K95F,KTUL
2589,KDTW,KSAT
2590,VIDP,VOMM
2591,KFLL,KSTL
2592,CYYZ,CYVR
2593,EGNX,EKCH
2594,KMSP,KMCI
2595,2OK4,KRVS
2596,KAFW,KSEA
2597,EIDW,EGNX
2598,KCVG,KDTW
2599,KMCI,KPHX
2600,KLAS,KDAL
2601,KHYA,KBOS
2602,KBFI,KBOI
2603,KOMA,KLAX
2604,KLAX,KPHX
2605,KMKE,KSTL
2606,KRDU,KBOS
2607,KDEN,KMSP
2608,VABB,VECC
2609,KLGA,KBNA
2610,KNYL,KPHX
2611,LFML,LFPG
2612,KATL,KORD
2613,YBCG,YPAD
2614,KBNA,KDFW
2615,KAUS,KSJC
2616,KHOU,KBWI
2617,VHHH,RPLL
2618,KSJC,KLAX
2619,RJBB,VHHH
2620,KBWI,KOAK
2621,KDFW,KDEN
2622,KCVG,KORD
2623,KVNC,KSRQ
2624,RJAA,RCTP
2625,KTUL,KDFW
2626,KORD,KPHX
2627,KBFI,KCOE
2628,SPJC,EHAM
2629,KSEA,KSNA
2630,EGNX,EGTU
2631,YSSY,NZAA
2632,KOKC,KPHX
2633,KNSE,KGZH
2634,KBNA,KFLL
2635,YMML,YMHB
2636,KORD,AL18
2637,KSMO,KFUL
2638,KLAX,KMSP
2639,KPHX,KTUS
2640,YPPH,YBBN
2641,KTEB,KROC
2642,CYYZ,EGLL
2643,KBFI,WA09
2644,RJTT,RJFF
2645,KSQL,KHHR
2646,KPWT,KBFI
2647,KLAS,KPHX
2648,KDFW,KFLL
2649,CYVR,KSEA
2650,KMIA,KBOS
2651,KCNO,KAJO
2652,KMSP,KMCO
2653,KDEN,KBTF
2654,KFHR,KBFI
2655,IN93,KORD
2656,YSSY,YPPH
2657,VIDP,KJFK
2658,KJFK,GMMN
2659,EGNX,LIMC
2660,SBGR,SBCO
2661,EGSS,EBLG
2662,CYYC,CYVR
2663,KMSP,KRDU
2664,KTEB,KABE
2665,KSMX,KBUR
2666,KDFW,KTUS
2667,KGSO,KTEB
2668,KMDW,KGYY
2669,RJTT,RPLL
2670,KCLT,KPHL
2671,KSRQ,KATL
2672,KORD,K8C4
2673,CYBG,CYUL
2674,KCVG,KATL
2675,81CA,KAPC
2676,KLAX,KSJC
2677,KBOI,KLAS
2678,KPHL,KMIA
2679,KOAK,KMDW
2680,YBBN,YMML
2681,YSSY,YCMH
2682,KMKE,KMSP
2683,KOMA,KLAS
2684,KTPA,KATL
2685,UAII,UAAA
2686,59NC,KOSU
2687,KCLT,KMCO
2688,KDFW,KBTF
2689,KDTW,IA25
2690,KFHU,KPHX
2691,KPHL,KATL
2692,KCLT,KORD
2693,KEWB,KBED
2694,KPNS,KDFW
2695,KLGA,KRDU
2696,KLAX,KLAS
2697,KVNY,KLAS
2698,KSEA,KMSP
2699,KJFK,LFPG
2700,WMKK,WSSS
2701,PANC,RJAA
2702,KBNA,KDEN
2703,KPHL,KMDT
2704,KMSP,KBNA
2705,RCTP,KLAX
2706,KLAX,KPHX
2707,KHOU,KSAT
2708,KPHL,KCMH
2709,KSTL,KDEN
2710,KPHX,KCMH
2711,KSEA,KPSP
2712,KCVG,KMSP
2713,VIDP,VOBL
2714,KDFW,SBGR
2715,KFUL,KSNA
2716,KAWO,KPAE
2717,KBNA,KATL
2718,KSFO,KLAX
2719,KSFO,KMSP
2720,KDEN,KSDF
2721,KPHL,KCLT
2722,KORD,KFTT
2723,CYYZ,CYXE
2724,KMIA,KDTW
2725,KDEN,KPHL
2726,RCTP,VHHH
2727,KBOI,KMHR
2728,KTUL,KLAX
2729,KSTL,KMSP
2730,KLAX,KSEA
2731,KATL,KMSP
2732,KDCA,KBNA
2733,KCLT,KBOS
2734,KLAS,KPDX
2735,YBBN,YSCB
2736,LTAC,EDDL
2737,EGNX,EDKB
2738,NZGB,NZAA
2739,KSEA,PANC
2740,KORD,KSTL
2741,CYVR,CYYC
2742,KDEN,KBTF
2743,CYVR,CYCD
2744,KDEN,KIAD
2745,KDTW,KSFO
2746,EGNX,EDDP
2747,UAII,UAAA
2748,KSBA,KBUR
2749,KMSP,KDCA
2750,PANC,KLAX
2751,KDFW,KDTW
2752,VIDP,VIDN
2753,YPAD,YMML
2754,KSEA,KPDX
2755,KOMA,KFCM
2756,KSTS,KOAK
2757,YBCG,YMML
2758,KLAS,KHOU
2759,CYVR,KSDF
2760,KORD,KSAN
2761,KATL,KBUF
2762,EDDK,EGNX
2763,KRDU,KLAX
2764,KPDX,KSFO
2765,RJOO,RJTT
2766,KATL,KECP
2767,KBNA,KMCO
2768,KOKC,KDEN
2769,KDTW,KORD
2770,NZTG,NZCH
2771,KDAL,KMDW
2772,UNEE,UUWW
2773,KOAK,KSAN
2774,KPHX,KLAX
2775,KDTW,KDCA
2776,KORD,KDTW
2777,KMSP,KLGA
2778,KFLL,KBOS
2779,KDTW,KIAD
2780,KLGA,KORF
2781,PAEN,PANC
2782,KBLI,KSEA
2783,KLGA,KSYR
2784,KATL,KROC
2785,KPHL,KORF
2786,KMSP,KIAD
2787,GOBD,LPPT
2788,KDFW,KSAT
2789,KCLT,CYYZ
2790,CYCD,CYVR
2791,SPJC,LEMD
2792,KFLL,KMDW
2793,EDDK,KEWR
2794,KDTW,KALB
2795,RJAA,RJFF
2796,KDCA,KJFK
2797,KSAF,KPHX
2798,KMIA,KDAL
2799,KMSP,KSEA
2800,KLUK,KCMH
2801,KATL,KOMA
2802,KDFW,KCMI
2803,KDFW,KMSP
2804,KSFO,KBUR
2805,KATL,KJFK
2806,KOLS,KPHX
2807,KHOU,KATL
2808,KMSP,KCMH
2809,KATL,KCMH
2810,KMSP,KBWI
2811,SBGR,LEMD
2812,KSBA,KSQL
2813,PANC,KONT
2814,KSDF,KDFW
2815,KDFW,KDEN
2816,KLAS,K61B
2817,KORD,KBNA
2818,EDDV,EBLG
2819,YSCH,YSSY
2820,KDBQ,KPVB
2821,KLGA,KORD
2822,KBNA,KJFK
2823,KLAX,KSJC
2824,KCLT,KLAS
2825,KORD,KSNA
2826,KBUR,KLAS
2827,GGOV,LPPT
2828,CYYZ,CYUL
2829,KATL,KDEN
2830,KDAL,KFLL
2831,KEWR,EDDM
2832,KDFW,KSTL
2833,KJFK,OTHH
2834,KATL,KBOS
2835,KFCM,9MN6
2836,KLGA,KBKL
2837,KORD,KSNA
2838,KDEN,KATW
2839,KDTW,KJFK
2840,VIDP,VIDN
2841,RJFF,RJTT
2842,KLAX,KDFW
2843,KAPA,KFNL
2844,KCLT,KBWI
2845,KLAS,KBNA
2846,KDFW,KDAY
2847,KDTW,KLAX
2848,KMYF,KRNM
2849,KCLT,KPHX
2850,EDDP,EGNX
2851,KDVT,KPAN
2852,KORD,KLAX
2853,CYYC,CYYZ
2854,RCTP,PANC
2855,YSSY,YBBN
2856,KJFK,LEMD
2857,KMIA,KBNA
2858,KORD,KDTW
2859,KATL,KTYS
2860,KORD,KDCA
2861,KAUS,KPHX
2862,WMKK,YSSY
2863,WSSS,EGLL
2864,KRDU,KSDF
2865,KDFW,KTUL
2866,KSMF,KPHX
2867,KDFW,49FD
2868,KFLL,KBWI
2869,KSEA,KBNA
2870,KTUS,KPHX
2871,CYUL,CYJN
2872,KMSP,KORD
2873,VOBL,VABB
2874,UUEE,VHHH
2875,RCTP,RJAA
2876,KCLT,KLAS
2877,KDCA,KBOS
2878,KORD,NC63
2879,KDFW,KSAN
2880,CYYZ,CYYC
2881,KORD,KPIT
2882,TJSJ,KSDF
2883,KFLL,KEWR
2884,KBOS,KBKL
2885,KDTW,AL18
2886,KSNA,KLAS
2887,RJTT,RJOO
2888,KJFK,KPHX
2889,KECP,KPNS
2890,KC83,KSQL
2891,YMML,YBCG
2892,VHHH,VIDP
2893,KAFF,KAPA
2894,PAEN,PANC
2895,SPJC,SKBO
2896,KBNA,KDTW
2897,KRHV,KSBP
2898,KSMF,KNUQ
2899,KDAL,KPHX
2900,EDDK,LTFJ
2901,KMOD,KMHR
2902,NZCH,NZWN
2903,KJFK,KIAD
2904,KSEA,KTUS
2905,KORD,KGRB
2906,KTPA,KLAS
2907,NZWN,NZHN
2908,KHOU,KDAL
2909,KMSP,KATL
2910,1WA9,KBFI
2911,KORD,KOKC
2912,KCLT,KJFK
2913,KOXR,KONT
2914,KPDX,KBUR
2915,KSAN,KSNA
2916,ZGSZ,ZUCK
2917,KOAK,KLAS
2918,KLAX,KSEA
2919,KDTW,KCMH
2920,KORD,KLNK
2921,KRNM,KMYF
2922,YPMQ,YSSY
2923,KORD,KABE
2924,KSEA,KSTL
2925,KMIA,EGLL
2926,VOBL,VABB
2927,KMSP,KPHL
2928,KDFW,KBOS
2929,KLAS,KSAN
2930,KRDU,KBNA
2931,KBWI,KBNA
2932,KDFW,KSEA
2933,KDEN,KBWI
2934,KSMF,KLAS
2935,KJFK,KMIA
2936,KHOU,KCMH
2937,KIAD,OTHH
2938,KHYI,KEDC
2939,KFHR,KBLI
2940,KCLT,KERI
2941,KSDL,KPRC
2942,KLAX,KLAS
2943,KCLT,KDAB
2944,KLAS,KBWI
2945,KPHL,KISP
2946,RCTP,RJBB
2947,KE16,KRHV
2948,KCCR,KSTS
2949,KPHX,KMDW
2950,KOSU,KFTY
2951,KDEN,KAUS
2952,KMYF,KCMA
2953,KSAT,KDAL
2954,KFCM,KCFE
2955,KABQ,KDAL
2956,KATL,KABE
2957,KSFO,KLAX
2958,KMIA,KBOS
2959,KLAX,KSAT
2960,KDFW,KLAS
2961,KBNA,KRDU
2962,KMSP,KDEN
2963,YSBK,YOAS
2964,KOPF,KTEB
2965,KBWI,KMKE
2966,KDAL,KSAN
2967,CYYC,CYYZ
2968,CAT4,CZBB
2969,KMSP,KMSN
2970,KSFO,KLAX
2971,KOAK,KLAX
2972,YMMB,YLIL
2973,KPHL,KBKL
2974,RJTT,RJFF
2975,KDTW,KMCO
2976,KSEA,KBNA
2977,NZCH,NZRI
2978,CYYZ,EHAM
2979,1WA9,KBFI
2980,KCLT,KALB
2981,KORD,KPDX
2982,UNEE,UUEE
2983,KSAN,KPDX
2984,KLAX,KAUS
2985,YCBG,YMML
2986,YMML,YBCG
2987,RJFF,RJTT
2988,KGPI,KSEA
2989,KMIA,LFPG
2990,KDFW,KONT
2991,KDFW,KSDF
2992,VHHH,WSSS
2993,KSMF,KSAN
2994,KORD,KDFW
2995,RJAA,RCTP
2996,KNYL,KPHX
2997,KISP,KFOK
2998,KHOU,KSAT
2999,KSEA,KMCI
3000,KPHX,KLAX
3001,KBUR,KOAK
3002,KBOI,KBFI
3003,KDTW,KBOS
3004,CYYZ,CLC2
3005,KAUS,KDAL
3006,KLAS,KMKE
3007,KDTW,KMSP
3008,KFAT,KSDF
3009,KCLT,KABE
3010,KORD,KPDX
3011,KMIA,SKBO
3012,WN51,KBVS
3013,KMDW,KLAS
3014,KSMO,KSNA
3015,EDDK,ESMS
3016,KDFW,KMSN
3017,KSQL,KTRK
3018,YBCG,YPAD
3019,KMCI,KLAS
3020,KDTW,KROC
3021,KCLT,KMCO
3022,KPHL,KBOS
3023,KCLT,KOAJ
3024,KOLS,KPHX
3025,KORD,KLAS
3026,OBBI,VHHH
3027,KATL,KHPN
3028,KMSP,2IL3
3029,CYWG,CYYZ
3030,KDFW,KSAF
3031,KIGX,8NC6
3032,KDFW,KIAD
3033,KSEA,KLAX
3034,KEMT,KCPM
3035,KORD,KOMA
3036,KAUS,KORD
3037,VABB,VIDP
3038,KPSP,KSEA
3039,KMDW,KDAL
3040,KATL,KSYR
3041,KAPA,KPHX
3042,KDTW,KPIT
3043,YBCG,YMML
3044,KDEN,KLAX
3045,KFAT,KLAS
3046,TJSJ,KSDF
3047,KPHL,KSYR
3048,RJFF,RJTT
3049,KBNA,KLAX
3050,KMSP,KBOS
3051,KDEN,KHSV
3052,KDTW,KDAY
3053,KLAX,KSFO
3054,KLAS,KLGB
3055,KORD,IA84
3056,KPHX,KONT
3057,KCLT,KVPS
3058,KSBA,KSQL
3059,KSFO,KPHX
3060,EBMB,LEMD
3061,KMDW,KLGA
3062,KATL,KLAS
3063,KPHX,KLAX
3064,KORD,KSAT
3065,KJFK,KSYR
3066,KATL,KPHL
3067,KCEU,SC24
3068,LIPE,LEBL
3069,VIDP,VECC
3070,KLAS,KOAK
3071,EGNX,EBBR
3072,CYYZ,CYUL
3073,SKBO,KMIA
3074,KBNA,KORD
3075,KVNY,KOAK
3076,KATL,KFLL
3077,KDEN,KBOS
3078,KLNS,5PA3
3079,KDFW,KPDX
3080,UUWW,UMMS
3081,KMIA,SBGR
3082,KTOA,KPOC
3083,KIAH,MGGT
3084,KAUS,KLAS
3085,KBUR,KOAK
3086,YMMB,YMEN
3087,KDFW,KBNA
3088,KPDX,KSEA
3089,CYYZ,CYOW
3090,KPAN,KPHX
3091,KORD,KSAT
3092,KBWI,KSAN
3093,KMSP,KPHX
3094,KLGB,KFUL
3095,KSBA,KSFO
3096,KEWR,KALB
3097,KLAX,KLAS
3098,SBGR,SBGL
3099,KFLL,KDCA
3100,KDEN,KMCO
3101,KDTW,KCMH
3102,KMIA,EGLL
3103,YPPF,YCVG
3104,KHWD,KC83
3105,RPLL,RJFF
3106,KCOS,KDEN
3107,KCLT,KRDU
3108,KSNA,KSEA
3109,KSMF,KPHX
3110,KAUS,KBFI
3111,EDDK,EDDP
3112,KDEN,KTUS
3113,NZAA,NZCH
3114,KDFW,KHHR
3115,KORD,KLAS
3116,KDTW,KLGA
3117,KDEN,KLAX
3118,KDFW,KEWR
3119,KDEN,AL40
3120,KMDW,KOAK
3121,KSEA,KOMA
3122,KATL,KLGA
3123,KPHX,KMCI
3124,KFLL,KLGA
3125,RCTP,VHHH
3126,TJSJ,KMIA
3127,KIAH,KSAT
3128,KCMH,KORD
3129,KATL,KDTW
3130,KIAH,KDAL
3131,KSLC,KLAS
3132,SBKP,SBBR
3133,KIGX,KSOP
3134,OMDB,OBBI
3135,KDEN,KSFO
3136,YBBN,NZAA
3137,KATL,KIAD
3138,EDDK,LIMC
3139,NZCH,NZHN
3140,KEWR,KFLL
3141,KORD,KSAN
3142,KSTL,KDEN
3143,CYYZ,LEMD
3144,VECC,VIDP
3145,KORD,KCMH
3146,YMML,YBMC
3147,KMIA,LEBL
3148,ULMM,UUDD
3149,KFLL,KORD
3150,KCLT,KHSV
3151,VABB,VECC
3152,KSEA,KBLI
3153,KFTW,KAPA
3154,KDFW,KUTA
3155,KLAX,KBNA
3156,55PA,KXLL
3157,KPDX,KONT
3158,OR81,KHIO
3159,KDEN,KBNA
3160,CA07,KSAC
3161,KSEA,KDFW
3162,VIDP,VIDN
3163,YPAD,YSSY
3164,CYYZ,CYYC
3165,KDFW,KSFO
3166,KLAX,KHOU
3167,KAUS,KLAX
3168,KCLT,KPHL
3169,KGSO,KCLT
3170,KORS,KRNT
3171,KORD,KBUF
3172,KSTS,KSEA
3173,KPHX,KORD
3174,KPWT,KPAE
3175,YMML,YBBN
3176,KMKC,KAPA
3177,KSAT,KSDF
3178,KSEA,KPDX
3179,KLAX,KBFI
3180,KDTW,KMDT
3181,NZAA,NZWR
3182,VOBL,VECC
3183,KATL,KMCI
3184,KDEN,KPDX
3185,KORD,KSFO
3186,EBBR,LIMC
3187,KDTW,KGRB
3188,NZCH,NZRO
3189,KOAK,KSAC
3190,RJTT,KJFK
3191,KDFW,KPHX
3192,KSTL,MO81
3193,RPLL,RJAA
3194,KCLT,KEWR
3195,KSEA,KSFO
3196,KDTW,KATL
3197,YMAY,YSWG
3198,KMMU,KIAD
3199,KPWA,KDAL
3200,VOBL,VOMM
3201,KDAL,KPDX
3202,KXFL,KDAB
3203,KDTW,KSAN
3204,YLTV,YMMB
3205,KLGA,KBUF
3206,KSEA,KORD
3207,KDFW,KMCI
3208,KLAX,RCTP
3209,KPHX,KDAL
3210,YBCG,YSSY
3211,WMKK,YMML
3212,KMCI,KDFW
3213,KDTW,CYYZ
3214,KLAS,KSAN
3215,SBKP,SBCO
3216,KDTW,KPVD
3217,KORD,KTUL
3218,KATL,KSDF
3219,KMIA,KJFK
3220,KABQ,KPHX
3221,KDEN,KDAL
3222,KDFW,KHHR
3223,KATW,KMSN
3224,YSBK,YSCB
3225,KATL,KSFO
3226,KORD,KTUL
3227,KFLL,KBOS
3228,KLAX,KBNA
3229,KSFO,KPHX
3230,EPKT,EDDP
3231,KCLT,KPHL
3232,KPHX,PANC
3233,KDEN,KSNA
3234,KBNA,KATL
3235,KSMF,KLAX
3236,SBGR,SBBR
3237,VOMM,VABB
3238,UAAA,UAII
3239,KSAN,KDFW
3240,WSSS,RPLL
3241,KPOC,KCNO
3242,KMSP,KMDW
3243,KDAL,KBWI
3244,KORD,KBUF
3245,RJOO,RJTT
3246,VIDP,VABB
3247,KSAN,KPHX
3248,K47A,KPDK
3249,KATL,KDAB
3250,KDTW,KRDU
3251,KSLC,KSDF
3252,VOBL,EGLL
3253,YSBK,YSWG
3254,KCLT,KMSP
3255,KMIA,KORD
3256,KORD,KCOS
3257,KLAX,KDFW
3258,CYMX,KSDF
3259,KATL,KDEN
3260,KDTW,KMCI
3261,KATL,KLGA
3262,KPHL,KROC
3263,KSAN,KSJC
3264,CYYZ,CYVR
3265,KSMO,KEMT
3266,KMCO,KMIA
3267,KORD,KBOI
3268,KDEN,KPAE
3269,KPHX,KOKC
3270,KABQ,KLAX
3271,EDDP,LFPG
3272,EBLG,EGNX
3273,KATL,KMCO
3274,KATL,KDAL
3275,NZTG,NZAR
3276,NZCH,NZAA
3277,KBUF,KORD
3278,KLAX,EDDF
3279,KMIA,KSDF
3280,KMSN,KMDW
3281,KDAL,KOAK
3282,KIAD,KMSP
3283,SKBO,LEMD
3284,KSFO,KLAS
3285,KGEG,KLAS
3286,RJTT,RJFF
3287,KCMH,KORD
3288,KDTW,KMSN
3289,KSEA,PANC
3290,KATL,KPHL
3291,KCFE,KFCM
3292,KPHX,KSDF
3293,KDEN,KSBP
3294,WSSS,YMML
3295,KBOS,KLAX
3296,KSEA,KSJC
3297,YSSY,YMHB
3298,EDDK,EGSS
3299,EBMB,LHBP
3300,KSAN,KOAK
3301,KLAX,KDFW
3302,KATL,KMCO
3303,KCOS,KAPA
3304,KSNA,KOAK
3305,KMIA,KBWI
3306,KSBA,KOAK
3307,KTPA,KSDF
3308,KPNS,KDFW
3309,VABB,VIDP
3310,KFLL,KLAX
3311,KPDX,KSAN
3312,KPAE,KBFI
3313,KSJC,KPDX
3314,KORD,KABQ
3315,KATL,KLAX
3316,KPNS,KATL
3317,EGNX,LEMD
3318,KORD,KATW
3319,KCLT,KSGF
3320,KDEN,KPDX
3321,KSBD,KSDF
3322,YSCB,YBBN
3323,KLAX,KDAL
3324,YBMC,YSSY
3325,KSEE,KCRQ
3326,NZHN,NZCH
3327,KBWI,KSDF
3328,KMIA,KDCA
3329,EBMB,LEBL
3330,KDEN,KSJC
3331,KBOS,EGLL
3332,KORD,KFTT
3333,KTYS,KSDF
3334,LFML,LFKJ
3335,VOBL,VIDP
3336,VIDP,VABB
3337,KDAL,KMKC
3338,KIAH,KLAS
3339,KMIA,KLGA
3340,KDEN,KCOS
3341,KSAN,KPHX
3342,KSEA,KLAS
3343,WSSS,YSSY
3344,KATL,KSTL
3345,EDDP,EKCH
3346,KDTW,KEWR
3347,CYMX,CYYZ
3348,KDEN,KPSP
3349,KPHL,KDTW
3350,KFHR,KRNT
3351,KSAT,KUTA
3352,KBOS,KEWR
3353,KATL,KMDT
3354,EGAA,EGSS
3355,KEWR,BIKF
3356,KMIA,KDEN
3357,KRNT,KFHR
3358,YPJT,YMUL
3359,KSMF,KPDX
3360,CYVR,KSEA
3361,KDTW,KDFW
3362,EDDP,EGSS
3363,RJTT,LFPG
3364,KBOS,KPHL
3365,KATL,KPHX
3366,YMML,YWLM
3367,KLQK,4SC4
3368,KFLL,KLAS
3369,KCLT,KSAN
3370,KLGA,KDTW
3371,KSTS,KCCR
3372,KTEB,KBUF
3373,KCLT,KPVD
3374,KVNY,KHWD
3375,KABQ,KDFW
3376,WSSS,RJAA
3377,KLAX,KPHX
3378,KBOS,LPPD
3379,KORD,LSZH
3380,KDTW,NY34
3381,VAJJ,VIDP
3382,KATL,KFLL
3383,VECC,VOBL
3384,KMCO,KMIA
3385,KDFW,EGLL
3386,KOAK,KSNA
3387,YSCB,YMML
3388,YLVB,YMMB
3389,KORD,KDEN
3390,KEWR,LLBG
3391,KSTS,CL36
3392,EDDP,KJFK
3393,CYVR,CYYC
3394,VHHH,RCTP
3395,KDTW,KPHX
3396,KTEB,KDAL
3397,KSFO,KPSP
3398,KATL,KLAX
3399,KPHX,KONT
3400,KORD,OTHH
3401,KORD,KLAS
3402,VIDP,VOBL
3403,KDFW,KHSV
3404,KLGB,KPHX
3405,LTAC,EDDM
3406,KFLL,KJFK
3407,KONT,KSDF
3408,YSCB,YBBN
3409,KPVD,KSDF
3410,KCVG,KLAS
3411,KDEN,KPDX
3412,KSFO,KDFW
3413,KORD,KLAS
3414,YMEN,YRSY
3415,KPHX,KABQ
3416,NZCH,NZOI
3417,KBOS,KTEB
3418,CYVR,CYYC
3419,KSYR,KBUF
3420,KCLT,17NC
3421,EDDP,EBBR
3422,SBGR,SBVT
3423,KDTW,KSTL
3424,KMIA,KSEA
3425,VIDP,VECC
3426,KSNA,KPHX
3427,KPDX,KLAX
3428,KBUR,KSFO
3429,KSTL,KBWI
3430,KSFO,KPDX
3431,KATW,KMSP
3432,KPHX,KOKC
3433,KBWI,KBOS
3434,KDAL,KSAT
3435,KDFW,KECP
3436,KSFO,KSAN
3437,SBGR,KEWR
3438,KLAS,KMSP
3439,KSEA,KLAS
3440,KDTW,LFPG
3441,YPJT,YBUN
3442,KLAX,KAUS
3443,EDDK,EGNX
3444,NZTG,NZWN
3445,KORD,KMCI
3446,CYVR,CYCD
3447,KJFK,EGLL
3448,KSCK,KLAS
3449,KE63,KFFZ
3450,KABQ,KPDX
3451,KIAH,KLAX
3452,KDEN,KSFO
3453,KDEN,KPHX
3454,KSFO,KBFI
3455,YBCG,YMML
3456,KPDX,KSDF
3457,KMIA,KEWR
3458,KLAX,KAUS
3459,KDFW,KFLL
3460,EBLG,LIPE
3461,VABB,VECC
3462,KAUS,KBNA
3463,VIDP,VABB
3464,KATL,K9A4
3465,KOAK,KBUR
3466,KBUR,KSLC
3467,KCMH,KDFW
3468,KBUF,KDTW
3469,K61B,KLAS
3470,KATL,KMCO
3471,KORD,KLGA
3472,KE16,KRHV
3473,KMYF,KCRQ
3474,RCTP,KSFO
3475,KLAS,KBNA
3476,ULLI,UUEE
3477,KDFW,SC97
3478,K61B,KLAS
3479,KMIA,KBOS
3480,KSFO,KSEA
3481,KBNA,KDCA
3482,KSFO,KTUS
3483,LFPG,EGBB
3484,KSEA,KORD
3485,KATL,KRDU
3486,KDFW,KSJC
3487,EDDP,LEBL
3488,KORD,KSEA
3489,UUEE,EHAM
3490,KPRB,KRHV
3491,KDEN,KRDU
3492,KPDK,KWDR
3493,KSTS,KSAN
3494,KPHL,KMCO
3495,KCMH,KDEN
3496,RJFF,RCTP
3497,NZCH,NZPM
3498,KOKC,KSDF
3499,KSEA,KSAN
3500,KMIA,KMCI
3501,KDFW,KOKC
3502,KDFW,KATL
3503,KPNS,KDFW
3504,KFLL,KEWR
3505,KSTL,KFLL
3506,KORD,KDCA
3507,VOBL,VOMM
3508,KEWR,41IL
3509,KSMF,KLGB
3510,KBLI,KBFI
3511,KBFI,KFHR
3512,VIDP,VABB
3513,KRDU,KLAS
3514,WSSS,YPPH
3515,LLBG,EHAM
3516,KSEA,PANC
3517,KBOI,KLAX
3518,49OH,KORD
3519,KLAS,KTUS
3520,KDEN,KOAK
3521,KLGA,KDFW
3522,KBNA,KLAX
3523,KLGA,KFLL
3524,KLAX,KCOS
3525,EDDP,EGNX
3526,KFLL,KRDU
3527,KPDX,4IL3
3528,EDDK,LEMD
3529,KSJC,KLAX
3530,KJFK,KDCA
3531,KORD,KPIT
3532,KSMF,KSEA
3533,CYYZ,EGLL
3534,KLAS,KDFW
3535,NZPM,NZCH
3536,KORD,KPHX
3537,KDEN,KBTF
3538,EDDP,EHAM
3539,KDBQ,IA23
3540,RJBB,RCTP
3541,KFLL,KMIA
3542,KPWA,KHSD
3543,LEMD,LEPA
3544,KSNA,KDFW
3545,YSSY,YMML
3546,EBLG,ESSA
3547,KATL,LFPG
3548,KDTW,KATW
3549,KDAL,KLAX
3550,KDEN,KLAX
3551,KPHX,KRDU
3552,KLAS,KSAN
3553,CYJN,CYUL
3554,KLAX,KTUS
3555,KORD,KDAY
3556,KSJC,KLAS
3557,KBWI,KFDK
3558,KSDL,KSNA
3559,KJFK,EGLL
3560,KDEN,KDFW
3561,SBGR,SBGL
3562,EDDP,EGGW
3563,KATL,KSDF
3564,KCMH,KCLT
3565,WSSS,YSSY
3566,KPHL,EIDW
3567,KDEN,KORD
3568,KSAN,KSJC
3569,YSSY,YMML
3570,KDEN,KSAN
3571,KCLT,KPDX
3572,KLAX,EGLL
3573,KDTW,KSYR
3574,YBBN,YSSY
3575,PANC,KDFW
3576,KABQ,KUTA
3577,EBLG,EDDM
3578,KCVG,KMCO
3579,KCLT,KBWI
3580,KPHL,KLAS
3581,RJFF,RJTT
3582,KPDX,KSJC
3583,KBUF,KSYR
3584,KBOS,EHAM
3585,KATL,KFLL
3586,LFPG,LIMC
3587,KOSU,KSTL
3588,SBGR,KJFK
3589,YSBK,YSWG
3590,KMSP,KFLL
3591,KDEN,KATL
3592,KORD,KSPI
3593,KPHX,KSEA
3594,RJTT,RJFF
3595,KLAS,KSFO
3596,RJOO,RJTT
3597,KDAL,KSGR
3598,OMDB,SBGR
3599,KDCA,KDAY
3600,KSFO,KFAT
3601,KATL,KRDU
3602,KCPM,KLGB
3603,KDFW,KFLL
3604,KSBD,KDFW
3605,EDDK,ESSA
3606,KDCA,KBUF
3607,KJFK,SKBO
3608,CYYZ,EDDF
3609,ZGSZ,RCTP
3610,KSJC,KSLC
3611,KLAX,MGGT
3612,KONT,KSLC
3613,KLAS,KSTL
3614,NZAA,NZCH
3615,KDFW,KSAT
3616,KORD,KDTW
3617,KSYR,KSDF
3618,KFLL,KMCI
3619,WSSS,YBBN
3620,KSFO,KLAX
3621,KEWR,SBGR
3622,KCVG,KDFW
3623,KAUS,KDEN
3624,KCMH,KORD
3625,LEPA,LEMD
3626,YBBN,YMHB
3627,KATL,KDCA
3628,KSNA,KSEA
3629,KBWI,KATL
3630,KORD,KPVD
3631,KLAX,KSEA
3632,ULLI,UUWW
3633,KMIA,KSAN
3634,KRDU,KPHL
3635,KTPA,KMDW
3636,KDAL,KBUR
3637,EDDK,LEBL
3638,KOMA,KSTL
3639,KJFK,KROC
3640,KDFW,KMKE
3641,KLHM,KLVK
3642,KTYS,KPDK
3643,KPHX,KHHR
3644,KFLL,KBOS
3645,YBMC,YSSY
3646,RJBB,RJTT
3647,KDCA,KDTW
3648,KDTW,KCLT
3649,KSDF,KLAS
3650,KPDX,KPHX
3651,KIAD,KOPF
3652,LFPG,KEWR
3653,KSJC,KSDF
3654,KAUS,KSAN
3655,KSFO,KLAS
3656,KORD,KMSP
3657,KDEN,KSTL
3658,KPIT,KPHL
3659,CYUL,KEWR
3660,KSAN,KSEA
3661,KDFW,KSTL
3662,KEMT,KMYF
3663,EDDK,ESMS
3664,KMIA,KPHL
3665,EBBR,EIDW
3666,EDDP,LEMD
3667,KPHX,KMSP
3668,KCMH,KDEN
3669,WSSS,RCTP
3670,KATL,KMIA
3671,SBKP,SBVT
3672,KORD,KABE
3673,KBOS,KSDF
3674,NZAA,NZCH
3675,KSMF,KLAX
3676,KDFW,KTYS
3677,KAUS,02XS
3678,KHMT,KSBD
3679,KSAC,KOAK
3680,KMHR,KSJC
3681,KSNA,KOAK
3682,KTUL,KSDF
3683,KDFW,KLAS
3684,NZCH,NZWN
3685,KORD,KMSP
3686,KOAK,KSEA
3687,RJFF,RJTT
3688,KPHX,KSFO
3689,UWLL,UUEE
3690,KDEN,MT54
3691,ULLI,UUDD
3692,KATL,EGLL
3693,KORD,KCOS
3694,KHND,KCRQ
3695,KMSP,PANC
3696,CYXE,CYWG
3697,KHPN,KTEB
3698,KPDX,KLAX
3699,KIAD,KSDF
3700,KFLL,KSDF
3701,WMSA,WMKJ
3702,KMIA,KDEN
3703,KSFO,KMIT
3704,LLBG,EDDF
3705,KLAX,KSJC
3706,KDEN,KSAF
3707,KDCA,KLGA
3708,KGEG,KSEA
3709,KSMF,KSEA
3710,KMDT,KSDF
3711,ZGSZ,WSSS
3712,KHHR,KLGB
3713,KORD,KDFW
3714,KHOU,KPHX
3715,KPHX,KBWI
3716,KSEA,KPHX
3717,KDEN,KLAS
3718,KDTW,KBWI
3719,KDFW,KTUL
3720,KPHL,KSDF
3721,EDDP,EDDK
3722,KMIA,MGGT
3723,YMML,YBCG
3724,YBCG,YSSY
3725,LFPG,EKCH
3726,NZAA,NZWN
3727,KDVT,KPRC
3728,KPHX,KOAK
3729,KMKE,KLAS
3730,KMHR,KSDF
3731,CYVR,CYYC
3732,EDDK,LIPZ
3733,KBNA,KSRQ
3734,KDTW,KSYR
3735,KABQ,KAPA
3736,LFPG,ESSA
3737,KMIA,KDEN
3738,KPHX,KOMA
3739,SBKP,SBVT
3740,KDAL,KLAX
3741,KORD,KPHX
3742,KSFO,KSNA
3743,KDEN,KFAT
3744,EDDP,LIPE
3745,KVDF,KMCO
3746,KBOS,KPHL
3747,KORD,KORF
3748,KJFK,KROC
3749,KDFW,KOMA
3750,KMSN,KJVL
3751,KEMT,KSMO
3752,RCTP,VMMC
3753,SBGR,SBBR
3754,KSEA,KMSP
3755,KPHX,KLGB
3756,KDEN,KSDF
3757,KDCA,KBKL
3758,KDCA,KSYR
3759,LFPG,LEMD
3760,EDDK,LFPG
3761,KSLC,KLAS
3762,KDFW,KMIA
3763,KDEN,KBUR
3764,KTPA,KPHL
3765,WSSS,YSSY
3766,KEWR,KFLL
3767,KOMA,KMSP
3768,KPSP,KSMO
3769,YSSY,NZAA
3770,KORD,KFLL
3771,KLGB,KOAK
3772,KSAN,KSDF
3773,KPHX,KPDX
3774,KMSP,KLAS
3775,VECC,VIDP
3776,KSEA,KSNA
3777,KDFW,KOKC
3778,KFAT,KLAS
3779,EBLG,EFHK
3780,LFPG,EDDK
3781,KLAS,KCMH
3782,KSFO,KLAX
3783,RCTP,KLAX
3784,KEDC,KHYI
3785,KORD,KDEN
3786,NZCH,NZAA
3787,YMML,NZAA
3788,VIDP,VECC
3789,KSQL,KTCY
3790,EDDK,LIMC
3791,KDCA,KALB
3792,TJSJ,KEWR
3793,VIDN,VIDP
3794,KDFW,KBKL
3795,YBCG,NZAA
3796,KTEB,KCMH
3797,KLGA,KDCA
3798,KSEA,KSAN
3799,EDLP,LEPA
3800,KORD,KBWI
3801,KDWA,KSAC
3802,KDEN,KBFI
3803,CYYC,CYWG
3804,KORD,23MN
3805,KSFO,KIZA
3806,KDFW,KVPS
3807,EBLG,EDDE
3808,KFLL,KDEN
3809,KLAS,KSDF
3810,LFPG,EDDS
3811,KMIA,KJFK
3812,KORD,KMKE
3813,VIDP,OTHH
3814,KDTW,KRFD
3815,ULLI,UUDD
3816,KMSP,KOMA
3817,YWLM,YBBN
3818,KJFK,EHAM
3819,KOAK,KBTF
3820,ESGG,ESSA
3821,KBNA,KDAL
3822,KLAX,KSJC
3823,KSJC,KPDX
3824,KBFI,KSDF
3825,KISM,KIAD
3826,ZGSZ,WSSS
3827,KMDW,KSTL
3828,KPHX,KSAN
3829,KHOU,KSTL
3830,EDDK,LKPR
3831,KSBA,KSMO
3832,KFLL,KATL
3833,YPAD,YMML
3834,KORD,KLAX
3835,LFPG,LKPR
3836,KSFO,KSBP
3837,KMSP,KDFW
3838,KIAH,KLAX
3839,LLBG,LTFJ
3840,KORD,KCMH
3841,KBNA,KECP
3842,EBLG,LTFJ
3843,PANC,KORD
3844,KSAT,KDAL
3845,KBUR,KPHX
3846,KDEN,KORD
3847,KDCA,KBOS
3848,KPHL,KPVD
3849,RCTP,VHHH
3850,LIRF,LFPG
3851,EDDP,EDDF
3852,KATL,KHOU
3853,KMSP,KDFW
3854,KCMH,KBWI
3855,KORD,KALB
3856,KBNA,KSTL
3857,KSFF,KBOI
3858,KSFO,EGLL
3859,EDDK,LIME
3860,KATL,KEWR
3861,NZAA,NZGB
3862,KDFW,KORD
3863,KBUR,KSDF
3864,KGRB,KORD
3865,EDDP,LFRS
3866,KSAN,KDAL
3867,KWVI,KSCK
3868,NZAA,WSSS
3869,KORD,KMDT
3870,KOAK,KSDF
3871,VHHH,RCTP
3872,KFLL,KMIA
3873,EDDK,LPPR
3874,KAUS,KDAL
3875,KORD,KSYR
3876,KSBA,KSEA
3877,KRNM,KMYF
3878,KBNA,KPNS
3879,VOBL,VIDP
3880,KDFW,KPHX
3881,YMMB,YMEN
3882,KCLT,KSDF
3883,YSSY,YSDU
3884,KDFW,KDCA
3885,YMMB,YLOY
3886,YTYA,YMMB
3887,KDFW,TX45
3888,EBMB,LFML
3889,KFLL,KBNA
3890,KCRQ,KSJC
3891,SPST,SPJC
3892,KBNA,KPHX
3893,KDEN,KSEA
3894,KBUR,KSEA
3895,KSBD,KSDF
3896,KRAL,KTOA
3897,VOBL,VOMM
3898,KONT,KSJC
3899,KATL,KOKC
3900,KORD,AL18
3901,KFHR,KS50
3902,LLBG,EPWA
3903,KLAS,KSNA
3904,KHPN,KTEB
3905,KSMF,KLAS
3906,KOAK,KPSP
3907,KFLL,KLAX
3908,CYVR,CYYZ
3909,KORD,KEWR
3910,KDFW,KLAS
3911,KBWI,KORD
3912,KONT,KSEA
3913,KLAX,KSDF
3914,LFPG,EDDV
3915,CYHM,KSDF
3916,KMIA,OTHH
3917,KATL,KDAY
3918,RJTT,RJFF
3919,KORD,KCMI
3920,KMSP,KSEA
3921,VOBL,VIDP
3922,UUWW,UWKD
3923,KFLL,KBWI
3924,VHHH,RCTP
3925,KLAX,KSFO
3926,KOAK,KABQ
3927,KATL,KBWI
3928,KDTW,KSDF
3929,KBFI,KORS
3930,KMDW,KSAN
3931,KSTL,KDAL
3932,YPPH,YPAD
3933,EDDP,LHBP
3934,KPHX,KDAL
3935,EBLG,EIDW
3936,KDFW,KSEA
3937,KCLT,KBOS
3938,KMSP,KPHL
3939,KATL,KMSP
3940,KLAX,KABQ
3941,KONT,KSDF
3942,KORD,KEWR
3943,SKBO,LEMD
3944,KLAS,KBUR
3945,YMMB,YPKL
3946,OMDB,VABB
3947,LFPG,EGSS
3948,KPHX,KDFW
3949,KSAN,KMDW
3950,K1G4,KLAS
3951,EDDK,EIDW
3952,EDDP,LZIB
3953,ULMM,ULLI
3954,YPPF,YPAD
3955,KATL,KAFW
3956,YPAD,YSSY
3957,KSJC,KPHX
3958,EBLG,LSZM
3959,KIAD,EGLL
3960,KIAH,KSAN
3961,K1G4,KLAS
3962,KSNA,KSFO
3963,K1G4,KLAS
3964,K1G4,KLAS
3965,KPHX,KSNA
3966,KBNA,KFLL
3967,KOAK,KLAX
3968,KORD,KLGA
3969,KBED,KHPN
3970,KONT,KDFW
3971,KEWR,KSDF
3972,KDTW,KBNA
3973,KFLL,KJFK
3974,KDFW,KVPS
3975,KDFW,KDEN
3976,KLAX,KORD
3977,YWSL,YMEN
3978,VHHH,RPLL
3979,KORD,KPHX
3980,KORD,KBOS
3981,KVNY,KTRK
3982,KPHX,KDFW
3983,KBFI,KBOI
3984,EDDK,EDDM
3985,KDEN,KSEA
3986,EDDP,LIMC
3987,NZAA,NZPM
3988,KLMO,KBJC
3989,KSNA,KPAE
3990,YBBN,NZAA
3991,KJFK,BIKF
3992,SBGR,KMIA
3993,KDFW,KPSP
3994,KPHL,KORD
3995,KMSP,KLAX
3996,KDEN,KBWI
3997,EDDP,ESSA
3998,KBFI,KS50
3999,YBCG,YPAD
4000,KWVI,KPAO
4001,SBKP,SPJC
4002,VHHH,RJAK
4003,EBMB,LSZM
4004,KLNK,87NE
4005,KMIA,SBGR
4006,KATL,KRDU
4007,CYMX,CYYZ
4008,YSEN,YPJT
4009,KPHX,KBNA
4010,VIDP,EGLL
4011,NZCH,NZNV
4012,KRHV,KE16
4013,KSFO,KONT
4014,RCTP,PANC
4015,KSEA,CYVR
4016,EDDK,LFRN
4017,LFPG,LSZM
4018,KLAX,KMDW
4019,KHOU,KDEN
4020,RJOO,RJTT
4021,KMKE,KSDF
4022,SBGR,EDDF
4023,KBWI,KPHX
4024,KPHX,KPSP
4025,LEBL,LEPA
4026,KSTS,KDVO
4027,KSLC,KSDF
4028,KATL,KTYS
4029,KDFW,KSPI
4030,KCRQ,KCMA
4031,6FD7,KSRQ
4032,KSFO,KSNA
4033,KORD,KDEC
4034,YPAD,YMML
4035,KCLT,KIAD
4036,PAEN,PANC
4037,KATL,KSRQ
4038,KSNA,KPHX
4039,KMSP,KSTL
4040,EDDP,EDDF
4041,EBLG,LIMC
4042,KPHX,KSBP
4043,KEWR,KSDF
4044,KSEA,KSJC
4045,KORD,KBNA
4046,LLBG,LEMD
4047,YSSY,YBCG
4048,KATL,KSDF
4049,EDDK,LJLJ
4050,KORD,KMSN
4051,KHOU,KLAX
4052,KMSP,KATW
4053,LFPG,EPWA
4054,KIAG,KROC
4055,XS89,17TE
4056,KPHX,KSEA
4057,EDDP,ENGM
4058,KJFK,KSYR
4059,LTAC,LTFJ
4060,CYYZ,CYOW
4061,KONT,4IL3
4062,KMIA,KLAX
4063,KORD,KBWI
4064,KSTS,KO69
4065,KPDX,KSEA
4066,YSSY,YBMC
4067,KHOU,KMDW
4068,KDFW,KMCO
4069,KCLT,KMSP
4070,KAUS,KDFW
4071,KSEA,PANC
4072,KSMF,KSEA
4073,KBUR,KSJC
4074,KATL,KSDF
4075,KDAL,KABQ
4076,KRDG,KLUK
4077,KLAX,KLAS
4078,EDDP,EBBR
4079,VHHH,RCTP
4080,YBCG,YSSY
4081,KCLT,KOMA
4082,KOMA,KSDF
4083,KJFK,PANC
4084,KBLI,KSEA
4085,KATL,KBNA
4086,KPHX,KONT
4087,LTAC,LTFJ
4088,RJOA,RJTT
4089,UUWW,ULLI
4090,KMYF,1CA6
4091,EBLG,EDDV
4092,KATL,KTUL
4093,KATL,EHAM
4094,VIDP,VOBL
4095,KBNA,KHOU
4096,KSNA,KLAS
4097,KEWR,KLAS
4098,EDDP,LSGG
4099,KMDT,KRFD
4100,KAUS,KDFW
4101,LFPG,EINN
4102,KSFO,KLAX
4103,EGNX,KPHL
4104,KATL,KDTW
4105,KFHR,KBFI
4106,KMIA,KORD
4107,KMDW,KATL
4108,KORD,EGLL
4109,OMDB,LTFJ
4110,KIAH,KMIA
4111,KEWR,KMCO
4112,KSEA,KBUR
4113,KCLT,KMDT
4114,KDTW,KPHL
4115,WMKK,WSSS
4116,KDEN,KORD
4117,OEDF,OEAH
4118,KBWI,KEWR
4119,KMIA,KORD
4120,KATL,KSLC
4121,KORD,EGLL
4122,KSEA,KOAK
4123,KSMF,KONT
4124,EDDK,LOWW
4125,VIDN,VIDP
4126,KBWI,KORF
4127,KEWR,LSZH
4128,KMDW,KCMH
4129,KATL,KOMA
4130,KDEN,KMCI
4131,LFPG,VIDP
4132,EBLG,EGSS
4133,KATL,KMCO
4134,KSAN,KDAL
4135,KOAK,KSEA
4136,KCLT,KBUF
4137,KPDX,KLAS
4138,KATL,KDEN
4139,EDDP,EPWA
4140,KSLC,KORD
4141,KPHX,KSAN
4142,KHOU,KDFW
4143,KMIA,KLAS
4144,KMSP,4WI4
4145,NZWN,NZWU
4146,YBMC,YMML
4147,KSEA,EGLL
4148,KBWI,KEWR
4149,EDDK,EPWA
4150,KDFW,KSDF
4151,EETN,EFHK
4152,ULLI,UUEE
4153,KIAH,KHSV
4154,KPHX,KSBA
4155,UKBB,EHAM
4156,NZCH,NZHN
4157,KABQ,KSDF
4158,KATL,KDCA
4159,KBNA,KMDW
4160,RJTT,LFPG
4161,KATL,KHSV
4162,KCMA,KMYF
4163,KBWI,KCMH
4164,PAEN,PANC
4165,KSFO,KPDX
4166,KLAX,KSEA
4167,KBUF,KSDF
4168,KHSV,KSDF
4169,KPAN,KPHX
4170,RJBB,PANC
4171,KCLT,KBWI
4172,KMIA,KCMH
4173,KMDW,KSFO
4174,KJFK,KBOS
4175,KCLT,KMCI
4176,KATL,KORD
4177,KSAT,KDFW
4178,KLNK,K0J9
4179,KPHX,KSTL
4180,KORD,KLAX
4181,KATL,KVPS
4182,EVRA,UUWW
4183,KJFK,KPHX
4184,VECC,VOMM
4185,KDTW,46MI
4186,KPHL,3PA9
4187,KBWI,KEWR
4188,KPHX,KBUR
4189,EDDP,LSZM
4190,KATL,KMDW
4191,KCMH,KORD
4192,YMMB,YMEN
4193,KMDW,KOMA
4194,EETN,EVRA
4195,KDEN,KBTF
4196,KAUS,KSDF
4197,KPHX,KMCI
4198,PANC,VHHH
4199,CYVR,CYWG
4200,KLAX,PANC
4201,KCLT,KPNS
4202,KSEA,KSNA
4203,KSJC,KSEA
4204,EDDP,EDDM
4205,KBNA,KCMH
4206,KSMF,KSAN
4207,KORD,KDFW
4208,KPDX,KBFI
4209,KATL,KPHL
4210,KMIA,KORF
4211,KDAL,KTUL
4212,YSSY,YMHB
4213,KATL,KMIA
4214,UKKK,EPWA
4215,KCLT,KHSV
4216,EBLG,ESGG
4217,KDEN,KAUS
4218,KLAX,EGLL
4219,KDFW,KMIA
4220,KSEA,PANC
4221,KOAK,KBTF
4222,LLBG,UKBB
4223,LFPG,LOWW
4224,KMSP,KLAS
4225,KFLL,KLAS
4226,KSFO,KWHP
4227,KTUS,KLAX
4228,ULMM,ULLI
4229,KDEN,KDFW
4230,RJTT,RJOO
4231,YKMP,YSBK
4232,KATL,KOMA
4233,KSEA,KONT
4234,KDFW,KHSI
4235,SPJC,SBGR
4236,KMSN,KIND
4237,KDAL,KPIE
4238,KHOU,KLAS
4239,KPHX,KVNY
4240,EDDP,LIME
4241,KDFW,KUTA
4242,KORD,KDEN
4243,KMSP,KSDF
4244,EBLG,EPWA
4245,KPHX,PANC
4246,KLAX,KMCI
4247,KSBP,KPHX
4248,KCMH,KLAX
4249,KSTL,KOKC
4250,KATL,KDFW
4251,LFPG,LTBA
4252,KCLT,KMSN
4253,KLUK,KCMH
4254,EDDK,EDDB
4255,KORD,EDDM
4256,KATL,KBOS
4257,KLAX,KSLC
4258,VGTJ,OMSJ
4259,KCLT,KSAT
4260,KATL,KMDW
4261,KVIS,KL73
4262,KPHX,KSDF
4263,YBCG,YMML
4264,CYUL,GMMN
4265,KPDX,KSFO
4266,RPLL,RCTP
4267,KSAT,KSDF
4268,KSEA,KPDX
4269,KSMF,KSEA
4270,KOKC,KUTA
4271,KSJC,KSNA
4272,KOAK,KHOU
4273,KCLT,KMKE
4274,KDEN,KSTL
4275,NZHN,NZWN
4276,KATL,KCMH
4277,KSEA,KLAS
4278,KJFK,KBUF
4279,YBCG,YSCB
4280,KIAD,KEWR
4281,KFAT,KSEA
4282,YCBG,YMML
4283,KRDU,KDTW
4284,EBLG,LIPZ
4285,KATL,KBWI
4286,KMIA,KATL
4287,KMSP,KPDX
4288,KDTW,KBUF
4289,KMSP,4IL3
4290,KJFK,KBUF
4291,LROP,LOWW
4292,KBWI,KBKL
4293,KMDW,KMIA
4294,KBNA,KSAT
4295,KORD,KROC
4296,KMIA,KPHL
4297,KCLT,KDFW
4298,KMSP,KPHX
4299,VHHH,RCTP
4300,KSFO,KSAN
4301,KCLT,KRDU
4302,KPHX,KORD
4303,KMDT,KSDF
4304,EBLG,LFML
4305,KFLL,KMIA
4306,KBUR,KLGB
4307,KATL,CYYZ
4308,KDEN,KSAT
4309,KATL,KFLL
4310,KCLT,KTYS
4311,UAAA,UAII
4312,KBFI,KPWT
4313,KMIA,KDTW
4314,EDDP,EFHK
4315,YBCG,YMML
4316,KBNA,KMCI
4317,VECC,VOBL
4318,KCLT,OI45
4319,KSFO,KSEA
4320,KMSP,KBOI
4321,EBLG,EDDN
4322,KMDW,KDCA
4323,LFPG,EHAM
4324,KBNA,KLAS
4325,KLAX,KSLC
4326,KEWR,KSDF
4327,CYYZ,KSDF
4328,KMIA,KPNS
4329,KJFK,KSDF
4330,KSEA,KSAN
4331,KORD,KCWA
4332,YSCH,YMML
4333,KATL,KDFW
4334,KMDW,KSAT
4335,KTKI,KRVS
4336,KPDX,PANC
4337,KSEA,KPHX
4338,VHHH,RCTP
4339,CYVR,CYYC
4340,KRDG,KORH
4341,KDTW,KBWI
4342,KDEN,KMKE
4343,KATL,KLAS
4344,SPJC,KATL
4345,KMSP,KDEN
4346,KSEA,PANC
4347,OMDB,LFPG
4348,KMDW,KHOU
4349,KOAK,KLGB
4350,KDFW,KSDF
4351,KATL,KMKE
4352,KDEN,KMSP
4353,NZAA,NZCH
4354,EDDP,LHBP
4355,KSFO,KLAS
4356,KDFW,KSAT
4357,KHOU,KABQ
4358,ULLI,UUWW
4359,KPHX,KSEZ
4360,EDDP,UUEE
4361,EBLG,EGNX
4362,KATL,KLAS
4363,EDDK,LSZM
4364,LYBE,UUWW
4365,ZGSZ,RJBB
4366,RJFF,RJOO
4367,KPAE,WA09
4368,KMDW,KBNA
4369,KCLT,KCMH
4370,KPDX,KLAX
4371,KPHX,KCHD
4372,NZAA,NZWJ
4373,KATL,KPNS
4374,LROP,LIPH
4375,KDFW,KMSP
4376,KSEA,KLAS
4377,YMEN,YSCB
4378,RJTT,RJOO
4379,KDEN,KLAS
4380,KMIA,LEMD
4381,PANC,KMIA
4382,KLAX,KSJC
4383,EDDK,UUWW
4384,KORD,KMCI
4385,KHOU,KSAT
4386,KSEA,KLAX
4387,NZAA,NZPM
4388,UUWW,ULLI
4389,KPDX,KSNA
4390,KBWI,KDTW
4391,KPHL,KCLT
4392,KDFW,KSFO
4393,KORD,KSDF
4394,LFPG,EGNT
4395,KFHR,KBFI
4396,KCLT,KMIA
4397,VOMM,VECC
4398,KSEA,KLAX
4399,KATL,KSAT
4400,KJFK,LIMC
4401,KFLL,KDTW
4402,NZCH,NZWN
4403,KLAS,KSEA
4404,VHHH,VOMM
4405,KBUF,KPHL
4406,RJOO,RJTT
4407,KBWI,KFLL
4408,KGSO,KSDF
4409,YBBN,YSSY
4410,KPHX,KLAX
4411,KSMF,KPHX
4412,NZGB,NZAA
4413,YMML,YPAD
4414,KMKE,KMSN
4415,KDFW,KMCI
4416,KCLT,KDCA
4417,KONT,KAFW
4418,EDDK,KPHL
4419,KMIA,KBWI
4420,KHOU,KBNA
4421,NZAA,NZWR
4422,KDEN,KMCI
4423,UUEE,EHAM
4424,KPHX,KAUS
4425,NZAA,NZWN
4426,KAUS,KLAX
4427,KPWA,KADS
4428,KDFW,KSAN
4429,KPAE,KS50
4430,KLAS,KMCI
4431,EDDP,LIPZ
4432,LFPG,LEMD
4433,KDAL,KLAS
4434,RCTP,VHHH
4435,KFLL,KMIA
4436,KPDX,PANC
4437,KSMF,KLAX
4438,KPHX,KFAT
4439,KEWR,VIDP
4440,RCQC,RCKH
4441,KSTL,KHOU
4442,KOSU,KPWK
4443,KDFW,KUTA
4444,KPHX,18AZ
4445,RJTT,RJBB
4446,KPHX,KOMA
4447,UUEE,ULLI
4448,EBLG,LROP
4449,KCLT,KORF
4450,KATL,KDTW
4451,KMDW,KMSP
4452,EHAM,EDDF
4453,KLAS,KSNA
4454,KBWI,KALB
4455,KLAX,KPHX
4456,KOAK,KBUR
4457,YWLM,YBBN
4458,EDDK,LSZM
4459,RJFF,RJTT
4460,KSMF,KPDX
4461,CYVR,CYYC
4462,EDDP,EDDS
4463,KPHX,KMDW
4464,KIAH,KLAX
4465,KLAX,KAFW
4466,KDAL,KSTL
4467,UUEE,LFPG
4468,YMES,YSLT
4469,OBBI,OMDB
4470,KSAN,KFAT
4471,EBLG,LEBL
4472,KL70,KCMA
4473,KHOU,KOKC
4474,KCMH,KDTW
4475,KATL,KORF
4476,KIAG,KAGC
4477,CYYC,CYKA
4478,KLAS,KMCI
4479,KDAL,KATL
4480,KGEG,KSEA
4481,RJBB,EBLG
4482,KLCK,KSDF
4483,RJTT,RJFF
4484,YSWG,YSBK
4485,WSSS,YMML
4486,KLAX,KFAT
4487,KAUS,KAFW
4488,YMMB,YRSY
4489,KDEN,KPHX
4490,CYVR,KSFO
4491,KDEN,KOMA
4492,KMDW,KLAX
4493,KPHX,KSJC
4494,KORD,KDCA
4495,KDAL,KMCI
4496,KEWR,LLBG
4497,KBNA,KDAL
4498,EDDP,EKBI
4499,LLBG,EGLL
4500,KDEN,KCOS
4501,RJTT,RJOM
4502,KDEN,KSBA
4503,KLAS,KSNA
4504,KSAN,KSJC
4505,CYVR,CYYC
4506,EBLG,KJFK
4507,KORD,KMKE
4508,KDFW,KBMI
4509,KCLT,KMCO
4510,KMDW,KDTW
4511,KATL,KSDF
4512,VECC,VOBL
4513,OMSJ,VABB
4514,KJFK,CYYZ
4515,VOBL,VABB
4516,KSAN,KPHX
4517,RJBB,PANC
4518,YBBN,YPPH
4519,KORD,KBOS
4520,WMKJ,WMSA
4521,KDAL,KBNA
4522,KHOU,KDAL
4523,KMDW,KBWI
4524,KDFW,KBNA
4525,KSAN,KPAE
4526,VECC,VIDP
4527,YMES,YSLT
4528,CYMX,CYHM
4529,KFTY,KTEB
4530,RJFF,RCTP
4531,KDEN,KTUL
4532,KBUR,KHOU
4533,KOAK,KAFW
4534,KORD,EKCH
4535,KPHX,KOAK
4536,LLBG,EHAM
4537,ESMS,ENGM
4538,CYYC,CYCD
4539,KLAS,KBWI
4540,KMDT,KEWR
4541,LFPG,LEBL
4542,KSAN,KOAK
4543,KFLL,KCMH
4544,KOAK,KPDX
4545,KPHX,4IL3
4546,KCLT,NC48
4547,KDFW,KLAS
4548,KDEN,KOKC
4549,KSEA,KLAX
4550,KSTL,KSDF
4551,KDTW,KMKE
4552,KLAX,KPDX
4553,KLAS,KLAX
4554,PANC,KBFI
4555,KPDX,KONT
4556,KORD,KSTL
4557,KPHX,KNYL
4558,KSGF,KSDF
4559,KCLT,17NC
4560,YMML,YBMC
4561,YSCB,YBBN
4562,KLAX,KSFO
4563,KSEA,KDFW
4564,KSQL,KTRK
4565,EBLG,EGPH
4566,LFPG,LFBO
4567,KORD,KPHL
4568,KDEN,KDFW
4569,KBOS,KIAD
4570,EGNX,EINN
4571,VOMM,VOBL
4572,KPHX,KORD
4573,KMIA,KORD
4574,KATL,KSTL
4575,LROP,LLBG
4576,OMDB,EIDW
4577,KPDX,93WA
4578,KBOS,KMDW
4579,KDEN,KBOI
4580,KPHX,KTUS
4581,KSEA,6WA3
4582,EBLG,LPPR
4583,KATL,KPHL
4584,KSYR,KEWR
4585,KORD,KSEA
4586,OMDB,RJBB
4587,KSTS,KLAX
4588,YMMB,YRSY
4589,KDEN,KMDW
4590,KORD,KSDF
4591,KSLC,KOAK
4592,KSEA,KPDX
4593,KOAK,KSNA
4594,KLAS,KBNA
4595,KMIA,KEWR
4596,EHAM,LEIB
4597,KATL,KLAX
4598,KDEN,KCMH
4599,KLAX,KFAT
4600,KONT,KPHX
4601,SSJC,SBGR
4602,CYVR,CYYC
4603,UUEE,UWWE
4604,KDEN,KPHX
4605,KBNA,KDEN
4606,KSFO,LLBG
4607,KAUS,KAFW
4608,KCLT,KEWR
4609,KFLL,KDFW
4610,VIDP,VABB
4611,KDEN,KDFW
4612,KSLI,KCNO
4613,KORD,KATL
4614,KIAD,KORD
4615,LLBG,LTFJ
4616,EBLG,BIKF
4617,EHAM,EHLE
4618,KBOS,8KY6
4619,LIRF,LIMC
4620,YMMB,YCES
4621,KLAS,KMDW
4622,YWLM,YBBN
4623,KMSP,KSDF
4624,KSEA,KPDX
4625,KBWI,KBUF
4626,KBOS,KEWR
4627,KHOU,KTUL
4628,NZCH,NZAA
4629,KDEN,KDAL
4630,KORD,KCMH
4631,KDFW,KSDF
4632,YBBN,NZCH
4633,KLAS,KHOU
4634,KBOS,KDCA
4635,KMSP,67KY
4636,YMML,YBBN
4637,KSEA,KPHX
4638,KIAH,KAFW
4639,KCLT,KBNA
4640,YMES,YSLT
4641,EKCH,EFHK
4642,KORD,KBUF
4643,KSLC,KLAX
4644,NZWN,NZHN
4645,VABB,VOMM
4646,KDFW,KM99
4647,KDEN,KABQ
4648,SKBO,KMIA
4649,KDEN,KOKC
4650,KMDW,KSEA
4651,EDDP,LKMT
4652,KLGA,KMCO
4653,KORD,KGRB
4654,ZGSZ,ZUCK
4655,KEWR,LPPT
4656,EDDK,EDDS
4657,KMIA,KDFW
4658,OTHH,VHHH
4659,KDEN,KSNA
4660,KIAH,KSDF
4661,KDEN,KTUL
4662,KORD,KFAT
4663,KSEA,KSFO
4664,EDDP,LIRA
4665,9CL2,KRHV
4666,PAEN,PANC
4667,KORD,KCWA
4668,RJFF,RJTT
4669,KSNA,KOAK
4670,KBNA,KBWI
4671,KSTL,KPHX
4672,6CO4,KFNL
4673,KLAX,KBOI
4674,KSFO,LSZH
4675,KDEN,KMSP
4676,KDTW,KPHL
4677,KORD,KSTL
4678,SBBR,SBGR
4679,KFLL,KPHL
4680,NTAA,KLAX
4681,KDEN,KLAX
4682,KTPA,KLAS
4683,KPDX,KONT
4684,KCLT,KATL
4685,LMML,LICZ
4686,KSAN,KSFO
4687,KBWI,KROC
4688,KSFO,KLAX
4689,KSNA,KCNO
4690,KJFK,KFLL
4691,VAPO,VIDP
4692,KSJC,KLAS
4693,CL36,KO60
4694,KFCM,KAPA
4695,KE16,KRHV
4696,KBFI,KAWO
4697,KATL,KBKL
4698,NZRO,NZCH
4699,KSEA,KLAS
4700,EFHK,EDDF
4701,KSMF,KLAX
4702,NZWN,YMML
4703,KJFK,SPJC
4704,KSAN,KBOI
4705,KFLL,KORD
4706,KCLT,KORD
4707,KDFW,KFAT
4708,KAGC,KLBE
4709,KPHX,KDFW
4710,KMIA,SKBO
4711,RJAA,RJFF
4712,KATL,KTEB
4713,YPAD,YBBN
4714,KRAL,KSNA
4715,KORL,KHPN
4716,KLAS,KSEA
4717,KTEB,KMMU
4718,EDDP,UKBB
4719,EPGD,EPWA
4720,KLCK,KEWR
4721,KDEN,KBTF
4722,WSSS,VHHH
4723,KSEA,PANC
4724,KSNA,KSEA
4725,KILN,KSEA
4726,KDEN,KBNA
4727,KPHX,KONT
4728,KSAT,KAFW
4729,KEWR,KATL
4730,KDCA,KMIA
4731,VABB,VIDP
4732,KJFK,EGLL
4733,YBBN,YMML
4734,OMDB,EGCC
4735,KLAS,KPHX
4736,KFLL,KDFW
4737,KDFW,KSDF
4738,KATL,KAFW
4739,WA84,KRNT
4740,NZHN,NZCH
4741,KORD,EPWA
4742,NZAA,NZOI
4743,YMES,YSLT
4744,YSCB,YBCG
4745,KDPA,KMDW
4746,VABB,VOMM
4747,KOAK,KBOI
4748,EDDK,LIMC
4749,OMDB,EHAM
4750,KMDW,KFLL
4751,KLAX,SPJC
4752,KSDF,KOSU
4753,KCLT,KPHL
4754,KSTL,KOMA
4755,KLAS,KCOS
4756,KPDX,KPHX
4757,EGNX,EGAA
4758,EPKK,EPWA
4759,EGNX,EGPH
4760,YMML,YPAD
4761,RJFF,RJBB
4762,KDFW,03WA
4763,LFPG,LFRN
4764,WMKK,WBKK
4765,KFLL,KMIA
4766,KGEG,KBFI
4767,KCLT,KSTL
4768,RJTT,RJFF
4769,KSJC,KLAX
4770,NZAA,CYVR
4771,KLAS,KLAX
4772,KOKC,KDFW
4773,YMMB,YMEN
4774,VHHH,RCTP
4775,RJTT,RJFF
4776,KDEN,KSDF
4777,KSAN,KONT
4778,KBOS,KBWI
4779,KSJC,KSAN
4780,KPDX,KLAS
4781,LROP,LSZM
4782,KFLL,KATL
4783,KORD,KSDF
4784,KFHR,KBLI
4785,KCLT,KDTW
4786,KDEN,KAUS
4787,KMKE,KLAS
4788,KMDW,KSTL
4789,RJBB,LFPG
4790,YBCG,YMML
4791,KLAX,KFAT
4792,OMDB,LEMD
4793,KSJC,KSAN
4794,NZAA,YMML
4795,KORD,KDAY
4796,NZCH,YMML
4797,KOAK,KLAS
4798,KSAN,KPDX
4799,ESMS,EFHK
4800,KDFW,KTUL
4801,KDEN,KOAK
4802,LIMC,LSGG
4803,KSEA,KOAK
4804,KSJC,KLAX
4805,KLAX,KSEA
4806,KORD,KLAS
4807,YMML,YMHB
4808,NZWN,NZPN
4809,VABB,WSSS
4810,KDEN,KLAX
4811,KLAX,KPHX
4812,KSAN,KOAK
4813,KLAS,KPHX
4814,KBUR,KOAK
4815,UUWW,ULLI
4816,KTUL,KAFW
4817,KPDX,KSEA
4818,KEWR,EPWA
4819,YMML,YPPH
4820,KJFK,LLBG
4821,YSBK,YMND
4822,KORD,KTYS
4823,CYYC,CYWG
4824,KSJC,KSAN
4825,YMMB,YLOY
4826,KAUS,KAFW
4827,ULLI,UUWW
4828,LIRA,LHBP
4829,KSMF,KSNA
4830,YBBN,YPMQ
4831,KMCI,KLAX
4832,KSTL,KMCI
4833,KS50,KPAE
4834,KCNO,KCRQ
4835,CYYC,CYXE
4836,OMDB,LPPT
4837,KRNT,KPAE
4838,KLAX,KABQ
4839,KSMF,KSAN
4840,UUEE,UWSS
4841,LKPR,LHBP
4842,KDFW,KCOS
4843,VABB,VOMM
4844,YSSY,YSDU
4845,KSTL,KMDW
4846,KMIA,LEMD
4847,RPLL,VHHH
4848,KLAX,KLAS
4849,SKBO,KJFK
4850,UUEE,ULLI
4851,KDEN,KORD
4852,KPHX,KSEA
4853,KDFW,KHOU
4854,LOWG,LOWW
4855,EGBB,EGCC
4856,KFLL,KBWI
4857,KSFO,KPSP
4858,KDFW,KTUS
4859,KDEN,KPDX
4860,VHHH,RJBB
4861,FALA,FACT
4862,CYYC,CYXE
4863,EGNX,EGAA
4864,KPHX,KLAS
4865,NZOM,NZCH
4866,EKCH,EHAM
4867,LIRF,LIMC
4868,YBBN,YMEN
4869,KDEN,KSAN
4870,EDDL,LEPA
4871,WSSS,RCTP
4872,KSMF,KPHX
4873,EDDK,LEPA
4874,KSAC,KSCK
4875,KLAX,KLAS
4876,KORD,KY51
4877,YMML,YSSY
4878,KPHX,KBOI
4879,LOWS,LOWW
4880,EDDF,LEPA
4881,EDDB,LIRA
4882,LFBD,LFPG
4883,KPIA,KSDF
4884,YBMC,YMML
4885,LFRS,LFPG
4886,KMSP,KLAS
4887,EBOS,LEAL
4888,UAII,UAAA
4889,KSFO,VIDP
4890,FAOR,FACT
4891,VABB,VIDP
4892,KJFK,KBOS
4893,KDAL,KHOU
4894,LPPR,EHAM
4895,KLAX,KPDX
4896,VOBL,VIDP
4897,NZAA,NZWN
4898,YPPF,YCVG
4899,KDFW,9CA0
4900,EFHK,EHAM
4901,NZCH,NZWN
4902,VABB,VOBL
4903,KSNA,KLAS
4904,KSFO,KEWR
4905,LFBO,LFGC
4906,KCCR,KBLU
4907,EKCH,LEMG
4908,OMDB,EGLL
4909,KTCY,KSQL
4910,EDDH,EHAM
4911,NZAA,NZWN
4912,LLBG,LTFJ
4913,KDFW,KDEN
4914,YSBK,YSRI
4915,KFUL,KAJO
4916,EDDP,EPKT
4917,EDDK,EDDM
4918,KCHD,KPHX
4919,KMIA,KBOS
4920,KPHX,KABQ
4921,KSJC,KSNA
4922,EBMB,LEMG
4923,KMSP,KORD
4924,KSFO,KPDX
4925,CYHM,CYMX
4926,EGNX,EIDW
4927,KSAN,KSEA
4928,YMPC,YLED
4929,LIPE,EHAM
4930,KLAX,KMIA
4931,KMIA,KBWI
4932,YMML,YSSY
4933,KPHX,KLAX
4934,EDDM,EVRA
4935,KDEN,KOMA
4936,LEAL,EFHK
4937,KSLC,KSJC
4938,KDFW,KSAN
4939,KFLL,KMIA
4940,KSFO,KSEA
4941,LFMN,LFPO
4942,55PA,KXLL
4943,KJFK,LLBG
4944,KSJC,KSEA
4945,KBFI,KYKM
4946,NZCH,NZWN
4947,KSTL,KTUL
4948,ESSA,LEMG
4949,KMIA,KBWI
4950,RJTT,RJOO
4951,EDDK,EGNX
4952,KSEA,KBOI
4953,EHAM,LPPR
4954,PANC,KLAX
4955,KFLL,SBKP
4956,KDAL,KMDW
4957,ENZV,EKCH
4958,ESSA,LFPG
4959,KDEN,KLAX
4960,ULLI,UUEE
4961,VIDP,VABB
4962,EDDB,EHAM
4963,LFPO,LPFR
4964,KSFO,KSBP
4965,KSMF,KLAS
4966,NZCH,NZAA
4967,LFML,LFBD
4968,LYBE,EDDF
4969,KDFW,KSAN
4970,KDFW,KPNS
4971,UKBB,EDDF
4972,KMCO,KMIA
4973,LROP,EBBR
4974,NZTG,NZCH
4975,RJFF,RJTT
4976,NZWN,NZCH
4977,VOMM,OMDB
4978,EDDF,UUEE
4979,NZAA,NZGB
4980,KMIA,KLAX
4981,LKPR,EHAM
4982,LSZH,LPPT
4983,ENGM,EKCH
4984,KPDX,KOAK
4985,YMEN,YFSK
4986,VHHH,WSSS
4987,KDEN,KPHX
4988,EFHK,EFKU
4989,WBSB,RPLL
4990,KSMF,KBOI
4991,LEMG,LFPG
4992,KSEA,KOAK
4993,KLAX,KSFO
4994,OMDB,KORD
4995,CYYC,CYVR
4996,KPHX,KSAN
4997,RJFF,RJTT
4998,EDDH,LFPG
4999,KDTW,KFLL
5000,EGNX,BIKF
5001,KDFW,KSAT
5002,EDDV,ENGM
5003,YPPH,YBBN
5004,YSBK,YKAT
5005,EFHK,ESGG
5006,LROP,EGLL
5007,RJTT,RJFF
5008,LEPA,LEMD
5009,YBMC,YRED
5010,KMKE,KMSP
5011,LIMC,LFPG
5012,KSEA,KONT
5013,EGSS,EGNX
5014,LFRN,LFBO
5015,EPWA,EHAM
5016,KSFO,KSEA
5017,YMEN,YBUP
5018,KLAX,UUEE
5019,VECC,OMDB
5020,LIME,EGSS
5021,OTHH,EGLL
5022,ESSA,EKCH
5023,KLAS,KCRQ
5024,EKYT,EKCH
5025,KSEA,KPDX
5026,NZPM,NZCH
5027,NZAA,YBBN
5028,NZRO,NZWN
5029,KSNA,KSFO
5030,LHBP,EHAM
5031,KBUR,KLAS
5032,EDDS,EPKT
5033,LROP,EDDF
5034,LKPR,EGSS
5035,RJTT,WSSS
5036,48CN,KMOD
5037,KMIA,KATL
5038,EKCH,LEPA
5039,EDDV,EDDB
5040,KSJC,KSEA
5041,YMML,YPAD
5042,KLAX,KOAK
5043,KPDX,KBOS
5044,KDEN,KSJC
5045,LIME,LIBR
5046,KBFI,PANC
5047,KSAN,KJFK
5048,ENZV,EHAM
5049,VIDP,VOMM
5050,KPHX,KSJC
5051,KSFO,KSNA
5052,YSSY,VHHH
5053,YWLM,YMML
5054,LEMD,LFPG
5055,EDDP,VHHH
5056,OMDB,WSSS
5057,KOAK,KHPN
5058,KDEN,KSFO
5059,LEBL,LHBP
5060,NZAA,NZCH
5061,KMDW,KLAS
5062,RJTT,RJBB
5063,KSMF,KONT
5064,KLAS,KLAX
5065,YMMB,YMEN
5066,EKCH,LEMG
5067,VOMM,VECC
5068,SBGR,KATL
5069,KCNO,KSLI
5070,VABB,VOMM
5071,KAPA,KSUS
5072,LDZA,EHAM
5073,OMDB,EPWA
5074,LEBL,EDDH
5075,7PN0,KXLL
5076,KSAN,KLAS
5077,KDFW,OTHH
5078,LLBG,EDDM
5079,NZPM,NZAA
5080,KPDK,KCTJ
5081,KAPC,CA66
5082,EKRN,EKCH
5083,CYYC,CYYZ
5084,KVPS,KDFW
5085,ESSA,LEBL
5086,0CL3,KSDM
5087,LEMD,LEMG
5088,ELLX,LPPR
5089,EDDV,EHAM
5090,KCGZ,KCHD
5091,7CA6,KFCH
5092,LFPO,LICJ
5093,LPPR,LPPT
5094,KBUR,KSDL
5095,YSSY,YBMC
5096,EDDS,LEPA
5097,VABB,OMDB
5098,KORD,KAFW
5099,KDEN,KLAS
5100,OMDB,EHAM
5101,KLAS,KMKE
5102,LEBL,EBBR
5103,YBCG,YMML
5104,KPHX,KPDX
5105,KDFW,KPHX
5106,EDJA,LEPA
5107,EKCH,ENGM
5108,LFPG,GMMN
5109,EDDP,VHHH
5110,KSAN,KBOS
5111,KDEN,KBTF
5112,KSEA,KBLI
5113,ENZV,ENGM
5114,YMEN,YLIL
5115,LSGG,LKPR
5116,EDDS,EHAM
5117,VHSK,VHHH
5118,KDEN,KSAN
5119,VOBL,VOMM
5120,KLGB,KLAS
5121,KSAN,KSJC
5122,KLAS,KFAT
5123,LEBL,LFPG
5124,PANC,KDFW
5125,LIME,LPPT
5126,WMKK,RCTP
5127,KORD,KDFW
5128,YMML,YMHB
5129,EKYT,EKCH
5130,LHBP,LEBL
5131,YWLM,YBCG
5132,RJFF,RJTT
5133,YMES,YSLT
5134,KDEN,KBTF
5135,ESSA,LSZH
5136,EPGD,EHAM
5137,KPHX,KSNA
5138,KSFO,KLAX
5139,KDEN,KSFO
5140,SKBO,KEWR
5141,LEMG,LPPT
5142,PANC,VHHH
5143,KSEA,KGPI
5144,LIRF,LICJ
5145,LFBO,EHAM
5146,LFPO,LPPT
5147,KSFO,KBOS
5148,VIDP,VOTP
5149,KDAL,KATL
5150,EFHK,EETN
5151,RCTP,VHHH
5152,VECC,VABB
5153,KMDW,KPHX
5154,LPPT,EHAM
5155,PANC,KORD
5156,EDDH,LEPA
5157,ENGM,LFPG
5158,EVRA,EIDW
5159,EBMB,LSGG
5160,LIRA,LPPT
5161,ENZV,ENBR
5162,ZGSZ,ZUCK
5163,KDEN,KSEA
5164,KLAX,KOAK
5165,KSFO,KPAE
5166,KOAK,KPHX
5167,KORD,KRDU
5168,LFPO,LPPR
5169,ESGG,EHAM
5170,YMML,YBCG
5171,KJFK,LLBG
5172,EGSS,EIDW
5173,KDEN,KABQ
5174,LSGG,LYBE
5175,LTAC,LTFE
5176,VHHH,RJBB
5177,LIPZ,LIRA
5178,PANC,KATL
5179,NZAA,NZWR
5180,FAOR,FACT
5181,KLAX,KBOS
5182,KTIW,KPAE
5183,EDDF,LPPR
5184,NZCH,NZRI
5185,LMML,LFML
5186,LEMD,LEIB
5187,KSFO,KFLL
5188,OMDB,KBOS
5189,LIME,EKCH
5190,LSZM,LPFR
5191,UUDD,ULLI
5192,EBCI,LIME
5193,KMIA,KDFW
5194,KBWI,KMDW
5195,LKPR,EKCH
5196,ESSA,EDDF
5197,RJTT,RJOA
5198,VOMM,VECC
5199,KLAX,KDTW
5200,KONT,KOAK
5201,EDDC,EHAM
5202,LIPZ,EHAM
5203,KSEA,KBOS
5204,YMML,YMHB
5205,LIME,LIPE
5206,VHHH,OTHH
5207,OMDB,EBBR
5208,LTFJ,LTFE
5209,KSAN,KPHX
5210,LIPE,LICJ
5211,LYBE,UUWW
5212,ULLI,UUWW
5213,LOWW,LEMG
5214,LPMA,LPPT
5215,RCTP,RJAK
5216,VIDP,VOMM
5217,ENVA,ENGM
5218,LIEE,LIME
5219,KDFW,KORD
5220,EDDH,LEPA
5221,YMML,VHHH
5222,LEPA,LEMD
5223,KLAS,KFAT
5224,KFLL,KEWR
5225,EVRA,LFPG
5226,KLAX,KOAK
5227,YBCG,YSSY
5228,LFPG,EGSS
5229,LFPO,LFBO
5230,KSLC,KSAN
5231,KBFI,61WA
5232,EKCH,LFPG
5233,EFHK,ESSA
5234,KIWA,KBLI
5235,NZCH,NZWN
5236,KVNY,KLAS
5237,LEBL,LIME
5238,KONT,KPDX
5239,CYVR,CYYJ
5240,ENBR,ENGM
5241,NZAA,NZRO
5242,LEPA,LEMH
5243,UUWW,ULLI
5244,LIBD,LIMC
5245,VABB,VIDP
5246,YMES,YSLT
5247,KDEN,KHOU
5248,KBWI,KLAS
5249,KSTL,KOSU
5250,ENBR,ENGM
5251,KDFW,KONT
5252,KSJC,KOAK
5253,ENZV,ENGM
5254,LHBP,EHAM
5255,EBCI,EKCH
5256,ID27,1ID3
5257,ESGG,ESSA
5258,LFBO,EBMB
5259,ENGM,ENVA
5260,LSGG,EDDM
5261,SKBO,KJFK
5262,RJOO,RJTT
5263,KORD,67KY
5264,KFHR,KBLI
5265,LEBL,LFOB
5266,KLAX,KOAK
5267,KDFW,KOKC
5268,KSEA,KOAK
5269,EKAH,EKCH
5270,KONT,KOAK
5271,LEPA,LEBL
5272,KMIT,KPHX
5273,LYBE,UUWW
5274,EETN,EHAM
5275,LROP,LEMD
5276,YSCB,YSBK
5277,LEBL,LEZL
5278,NZNV,NZCH
5279,ESGG,EDDF
5280,EFHK,EDDM
5281,LFBD,EHAM
5282,LEMD,LIRA
5283,ESSA,LEAL
5284,OMDB,EDDF
5285,LIRA,LKPR
5286,VABB,OMDB
5287,KPHX,KBOI
5288,KORD,KSLC
5289,KEWR,KBWI
5290,LEZL,LEBL
5291,EKCH,LEAL
5292,LEVX,LEMD
5293,RJAA,RCTP
5294,KBUR,KVNY
5295,KLAS,KHHR
5296,KSFO,KBOI
5297,LHBP,EGSS
5298,LOWW,LIRF
5299,KVNY,KBFI
5300,LEBL,EHAM
5301,KMYF,1CA6
5302,EPKK,LMML
5303,WSSS,YMML
5304,LEMD,LEMH
5305,EFHK,EETN
5306,UAAA,OMDB
5307,OMDB,LSGG
5308,KCLT,KSYR
5309,LIME,LIPY
5310,KSEA,93WA
5311,KLAX,KSEA
5312,LEBL,EGSS
5313,EIDW,EINN
5314,ESSA,LKPR
5315,YMES,YSLT
5316,LIEA,LIML
5317,OMDB,LEBL
5318,YBBN,YHBA
5319,KLAS,KONT
5320,KBWI,KBOS
5321,KSMF,KSAN
5322,KMIA,KSTL
5323,RJTT,RJOO
5324,SPJC,LEMD
5325,LPPT,LFPG
5326,KSDF,KDFW
5327,KDEN,KBOI
5328,KDAL,TE85
5329,KIAD,KFRG
5330,LFML,LFBO
5331,LEMD,EDDP
5332,EDDB,LEPA
5333,KHYA,KPYM
5334,LIMF,LIRF
5335,EHAM,LFPG
5336,KTEB,KAGC
5337,VOMM,VIDP
5338,LEMG,EKCH
5339,LIML,EHAM
5340,ESSA,LEPA
5341,OMDB,EDDL
5342,EVRA,EETN
5343,KDFW,KPDX
5344,KMIA,EGLL
5345,LYBE,LFPG
5346,LIPE,LIBR
5347,KMSP,KMKE
5348,YSCB,YSBK
5349,YSSY,NZAA
5350,KPDX,KSEA
5351,LEPA,LEIB
5352,EDDG,LEPA
5353,KSAN,KJFK
5354,LIRF,EHAM
5355,KJFK,VHHH
5356,OMDB,LFPG
5357,EHAM,ESSA
5358,KSNA,KLAS
5359,EBMB,LFPG
5360,EFHK,EFOU
5361,EPGD,EETN
5362,EPKK,EHAM
5363,LEMD,GMTT
5364,KOSU,KPWK
5365,PANC,RJBB
5366,KFLL,KPHL
5367,LFBO,LFPG
5368,LEPA,LEIB
5369,KSLC,KBOI
5370,KBUY,KIAD
5371,CYYC,CYWG
5372,SKBO,KMIA
5373,EVRA,EHAM
5374,KLAS,KRDU
5375,OMDB,EKCH
5376,EDDN,LHBP
5377,LIBD,LIME
5378,PAEN,PANC
5379,YSSY,YPAD
5380,KSNA,KSJC
5381,EDDF,LOWW
5382,KLAX,KSFO
5383,KAGC,KHEF
5384,PANC,KDFW
5385,EBCI,LKPR
5386,KDEN,KMCI
5387,KSJC,KBOS
5388,EIDW,KORD
5389,KMIA,EHAM
5390,YBCG,YMML
5391,ESGG,EKBI
5392,LSGG,LFPB
5393,EFHK,EDDL
5394,VGTJ,OMDB
5395,KBWI,KPVD
5396,KILN,KSEA
5397,OMDB,OBBI
5398,UUDD,UWKD
5399,EVRA,LOWW
5400,LIPQ,LIRF
5401,VOBL,OMDB
5402,LEBL,LEIB
5403,KBUR,KJFK
5404,VIDP,OTHH
5405,YSSY,YSWG
5406,KYKM,KBFI
5407,KLAX,KS03
5408,UUWW,UWKD
5409,LFKF,LFML
5410,KSJC,KBUR
5411,EPKT,EDLW
5412,EFHK,EBBR
5413,EKBI,EDDF
5414,EDDH,EDDK
5415,KSLC,KSJC
5416,OMDB,LSZH
5417,LOWW,LLBG
5418,LEZL,LEBL
5419,EGGW,EKCH
5420,KMIA,KSDF
5421,LOWG,EDDM
5422,NZTG,NZAA
5423,KLAX,KFLL
5424,KSLC,KPSP
5425,RCTP,ZGSZ
5426,KDEN,KLAS
5427,LEBL,EDDF
5428,LHBP,LFOB
5429,EDDB,LFPG
5430,LEPA,EGLF
5431,VHHH,PANC
5432,EKCH,EDDF
5433,LTAC,LTFJ
5434,EVRA,EDDF
5435,VOBL,VIDP
5436,RJFF,RJTT
5437,LDZA,EBBR
5438,KDTW,KOMA
5439,LEMD,EHAM
5440,KLAX,KSJC
5441,UUWW,UWLL
5442,OMDB,KJFK
5443,KRFD,KSDF
5444,OMSJ,UKBB
5445,KMIA,KFXE
5446,SKBO,KMIA
5447,LFML,LFPG
5448,YBMC,YSSY
5449,YWVA,YSBK
5450,LEAL,LEBL
5451,KPHX,9CA0
5452,LIME,LEMD
5453,OTHH,SBGR
5454,EDDG,EDDM
5455,EDDH,LOWW
5456,KATL,KMKE
5457,KSMO,KFAT
5458,OMDB,EDDH
5459,NZCH,NZNV
5460,EPKK,EGSS
5461,EGNX,EGPH
5462,KDFW,KSFO
5463,ENGM,EHAM
5464,NZHN,NZCH
5465,KSEA,KBOI
5466,KLAS,KSEA
5467,RJAA,RCTP
5468,KSAT,KDAL
5469,NZAA,NZPM
5470,LFKJ,LFPO
5471,VECC,VIDP
5472,YSBK,YSSY
5473,EDDW,EDDM
5474,EDDB,EDDF
5475,KSMF,KSAN
5476,RCTP,VMMC
5477,YPAD,YMML
5478,KLAX,KTUS
5479,EFHK,LSZH
5480,KMIA,KDCA
5481,KEWR,LGAV
5482,KDFW,KSDF
5483,EDDL,LEPA
5484,OMDB,ESSA
5485,LPPR,LFOB
5486,NZCH,NZWN
5487,KSEA,KIAD
5488,YBBN,YSCB
5489,NZAA,NZAP
5490,NZGB,NZAA
5491,ENGM,LEMG
5492,ESSB,EBBR
5493,LPFR,LPPT
5494,YSBK,YSMB
5495,LOWW,EGLL
5496,YSSY,YSCH
5497,OMDB,EDDM
5498,YLIL,YTDN
5499,EDDM,EDDF
5500,NZAA,NZCH
5501,EGPH,EHAM
5502,KMIA,KEWR
5503,93OK,KRVS
5504,KLGB,KCPM
5505,LSGG,EDDF
5506,LLBG,LSZH
5507,LJLJ,EDDF
5508,LIPZ,LIRF
5509,LEIB,LEMD
5510,LFBO,LFPO
5511,FAOR,FACT
5512,YSBK,YSDU
5513,KSDF,KPHL
5514,KSEA,KFAT
5515,RJAA,RCTP
5516,KAJO,KFUL
5517,LEPA,EDDV
5518,OTBH,OMDW
5519,EDDS,LOWW
5520,NZAA,YSSY
5521,VIDP,VEPI
5522,EGNX,EGAA
5523,LFPO,LFRJ
5524,KDEN,KLAS
5525,LIMJ,LIRF
5526,EDDH,EDDM
5527,EIDW,EDDF
5528,LSGG,EGLF
5529,EDDF,EHAM
5530,KPHX,KLAX
5531,LIEE,LIML
5532,LFKJ,LFML
5533,KPWK,KOSU
5534,EDDL,EDDH
5535,VHHH,RCTP
5536,SKBO,LFPG
5537,RJOO,RJTT
5538,KORH,KTEB
5539,EDDS,EDSE
5540,OTHH,ESSA
5541,NZWN,NZCH
5542,ESSB,ESMS
5543,KLAX,KJFK
5544,KSFO,KLAS
5545,LIPH,LFOB
5546,KPHX,KBOS
5547,YSSY,YKEL
5548,LPPR,LFPO
5549,KREI,KHMT
5550,EPGD,EDDF
5551,ESSA,UUWW
5552,EDDK,LOWW
5553,EPWA,EDDM
5554,LEMG,EIDW
5555,KPDX,KOAK
5556,KTPF,KFXE
5557,YBBN,YMML
5558,KSFO,NZAA
5559,KGEG,KPDX
5560,4NC7,KIGX
5561,LROP,LOWW
5562,UUWW,UWLL
5563,EGLL,LPPT
5564,KSLC,KSFO
5565,EDDF,LFPG
5566,LSZH,EHAM
5567,KPHX,KOAK
5568,SPJC,KMIA
5569,EDDF,EDDM
5570,EHAM,EDDB
5571,KSJC,KSAN
5572,EFHK,EGLL
5573,RJFF,RJTT
5574,YSSY,YSCH
5575,KLAX,KSFO
5576,LFQQ,LFML
5577,EDDM,EDDH
5578,LPPT,EDDM
5579,LIMC,LEBL
5580,KIAH,SKBO
5581,YMML,YBBN
5582,OMDB,LKPR
5583,YBCG,YSSY
5584,KRHV,KWVI
5585,KMIA,KSDF
5586,LEMD,EBCI
5587,LOWW,EBBR
5588,YMUL,YPJT
5589,LEPA,LEBL
5590,EIDW,KIAD
5591,LEAL,EKCH
5592,YLIL,YMMB
5593,LEMG,LEBL
5594,VOBL,VABB
5595,EDDS,EDDH
5596,LHBP,EDDF
5597,KSEA,KJFK
5598,UUEE,UWWW
5599,OMDB,RCTP
5600,LMML,LIPH
5601,LSGG,LIMC
5602,KSLC,KLAS
5603,EDDB,EDDH
5604,EBMB,LEMG
5605,LIML,LIRF
5606,LPPR,LPMA
5607,LFPO,LEPA
5608,KATL,KECP
5609,LEPA,EDDB
5610,EVRA,LIMC
5611,KSEA,KBOS
5612,EDDM,EDDL
5613,KLAS,KRDU
5614,RJTT,RJAK
5615,EHAM,LEMG
5616,LFQQ,LFBD
5617,LEBL,LFPO
5618,LIPZ,EDDF
5619,KBNA,KPHL
5620,LIBD,LIRF
5621,EGAA,EGKK
5622,EPWA,EHAM
5623,YSSY,WSSS
5624,OTHH,ENGM
5625,PAEN,PANC
5626,KMOD,KOAK
5627,EDDH,EPWA
5628,EIDW,LFPG
5629,KLAS,KSFO
5630,KSAN,KSJC
5631,KLAX,KPDX
5632,EDDB,EDDK
5633,EGSS,EICK
5634,ULLI,UUWW
5635,KFFZ,KCGZ
5636,RCTP,VHHH
5637,EGPH,EGSS
5638,VECC,VABB
5639,YBNS,YMMB
5640,LEPA,LEBL
5641,OMDB,LOWW
5642,LIRF,LFPG
5643,EDLW,EDDM
5644,EDDL,LOWW
5645,WSSS,ZGSZ
5646,EDDH,EDDF
5647,LOWW,LFPG
5648,LIML,LFPG
5649,EPPO,EGSS
5650,EIDW,EHAM
5651,OTHH,KDFW
5652,EKCH,EPWA
5653,LEMG,LSGG
5654,KJFK,OTHH
5655,EHAM,EPWA
5656,LEPA,EDLW
5657,ULLI,UUWW
5658,KSLC,KLAX
5659,KLAX,NZAA
5660,YBUN,YPJT
5661,EGCC,EBBR
5662,KLAS,KBOS
5663,LOWW,EDDM
5664,LIML,LICJ
5665,EIDW,EINN
5666,LSGG,LMML
5667,VIDP,OMDB
5668,LIRF,EDDF
5669,LFBO,LSZM
5670,LEPA,LEMG
5671,EGGD,EPGD
5672,LPPT,LPPD
5673,LIPE,LIRF
5674,LIMC,LIEE
5675,KLAX,KLAS
5676,EHEH,LEAL
5677,NZCH,NZAA
5678,LEMD,EGSS
5679,VOBL,VOMM
5680,OTHH,EIDW
5681,EHAM,LKPR
5682,KLAS,KMIA
5683,KSUS,KMKC
5684,KSEA,KBOS
5685,LEBL,LEPA
5686,LYBE,LSZH
5687,LEPA,EDDN
5688,KLAX,KOAK
5689,YMES,YSLT
5690,LFPG,EPWA
5691,LFPO,LLBG
5692,ESGG,LFPG
5693,EGPF,EHAM
5694,EGNT,LFPG
5695,YBBN,YMYB
5696,LIML,EDDF
5697,KLAS,KBUR
5698,KSLC,KOAK
5699,WSSS,RCTP
5700,EKCH,ENZV
5701,LEMD,LEBL
5702,KMKC,KDAL
5703,KCLT,KSDF
5704,VMMC,RCTP
5705,LOWW,LIRF
5706,LMML,LOWW
5707,LFBO,EDDM
5708,LFPG,LPPR
5709,RPLL,OBBI
5710,UUWW,UWKD
5711,KBUR,KCRQ
5712,KSFO,KATL
5713,LEPA,EDDN
5714,KMIA,SPJC
5715,LIEE,LIRF
5716,LEAL,LEPA
5717,LIMC,EGSS
5718,NZAA,NZOI
5719,EGCC,EDDF
5720,YSSY,YPPH
5721,OTHH,EHAM
5722,KDAL,AL40
5723,KLAX,KLAS
5724,KLAS,KONT
5725,KSEA,KDTW
5726,LOWW,EDDN
5727,VECC,VOBL
5728,EHEH,LEPA
5729,EPWA,UKKK
5730,UUWW,UWSS
5731,LSZH,LOWW
5732,EHRD,LEAL
5733,KBUR,KPHX
5734,YSCB,YMML
5735,LTFJ,LLBG
5736,LOWW,EHAM
5737,EDJA,LPPT
5738,KSEA,KBOI
5739,CZBB,CYCW
5740,LFPG,DAAG
5741,LOWW,LHBP
5742,OTHH,LIRF
5743,ULLI,UUMO
5744,EDDL,LEAL
5745,NZHN,NZWN
5746,LEBL,LEIB
5747,KCOE,ID23
5748,CYYC,CYHM
5749,LPPR,LIME
5750,EBLG,OTHH
5751,WSSS,RCTP
5752,KHOU,KDAL
5753,LFML,LMML
5754,EIDW,LEBL
5755,LIEA,LIRF
5756,LIML,LIBD
5757,KILN,KDEN
5758,LFPG,LIML
5759,OTHH,EGPH
5760,YMML,YBMC
5761,KLAS,KPAE
5762,ESSA,LEPA
5763,LDZA,EDDF
5764,EDDC,EDDM
5765,LEBL,ESSA
5766,YMES,YSLT
5767,EDDL,EDDM
5768,KSAN,KDTW
5769,EPKK,EDDF
5770,EETN,EFHK
5771,LFBO,LPPT
5772,EKCH,ESSA
5773,KLUK,KDPA
5774,EDDN,EDDF
5775,EDDL,EPWA
5776,VECC,VIDP
5777,YMML,YBCG
5778,ESSA,EFHK
5779,LFPG,LIRF
5780,KPHX,KLAS
5781,EBMB,EHAM
5782,NZTG,NZWN
5783,LPPR,LEBL
5784,UUEE,ULLI
5785,LMML,EGLL
5786,KJFK,KORD
5787,RCSS,RCMQ
5788,OERK,OMSJ
5789,YBCG,YSPT
5790,EETN,EFHK
5791,EPWA,EYKA
5792,LPPT,EDDB
5793,EPPO,EDDF
5794,EDDF,EDDH
5795,LFPG,LIPE
5796,KPHL,KROC
5797,EDDF,LFPG
5798,LIMC,LIBD
5799,EGSS,LIRA
5800,OTHH,LEBL
5801,KSEA,KBWI
5802,LIPE,EDDM
5803,KLAS,KMCO
5804,YSSY,YSDU
5805,LEBL,LEMD
5806,KLAX,KJFK
5807,KSEA,KLAX
5808,LSGG,EHAM
5809,KBLI,KPAE
5810,RJBB,RJTT
5811,EPWA,EPSC
5812,RCTP,VHHH
5813,KSFO,KMIA
5814,KONT,KLAS
5815,UUEE,UWKD
5816,KMIA,KBNA
5817,EIDW,EGBB
5818,OTHH,KBOS
5819,LEAL,EDDB
5820,LOWW,EDDF
5821,NZPM,NZWN
5822,EDDF,LIRF
5823,LFPG,LFBD
5824,EKCH,ENCN
5825,VGZR,OTHH
5826,WSSS,RCTP
5827,EGSS,LPFR
5828,EBMB,LPPT
5829,EPWR,EDDF
5830,SPJC,KJFK
5831,LEMD,LFPG
5832,KLAX,SKBO
5833,YSSY,YMAY
5834,VIDP,VABB
5835,LIML,EGLL
5836,YPPH,YSCB
5837,EIDW,LIRF
5838,EHEH,LEMG
5839,EDDB,EBBR
5840,KISP,KDXR
5841,YSSY,YBCG
5842,KEWR,KLAX
5843,ULLI,UUEE
5844,PANC,KSEA
5845,SKBO,KJFK
5846,NZWN,NZCH
5847,KLAS,KLAX
5848,ESSA,EHAM
5849,LOWW,EKCH
5850,LFPG,LEBL
5851,YYEA,YMMB
5852,EFKU,EFHK
5853,NZAA,YBBN
5854,KMIA,KPHL
5855,KBWI,KISP
5856,KWRI,ETAR
5857,KORD,EDDF
5858,EGCC,LPFR
5859,OTHH,EGCC
5860,NZCH,NZAA
5861,KOPF,KFXE
5862,EDDK,EDDB
5863,EGCC,EHAM
5864,EIDW,LEMD
5865,KPTK,KDPA
5866,YKAT,YSBK
5867,LOWW,EDDL
5868,LEBL,LEMH
5869,KLAX,KLAS
5870,NZRO,NZAA
5871,LEIB,LEPA
5872,LEPA,LEIB
5873,CYWG,CYYZ
5874,YMML,YWLM
5875,EGLL,LFPG
5876,OTHH,EGLL
5877,CYHM,CYYC
5878,LPPT,EGSS
5879,LIMC,EPWA
5880,EGSS,EIDW
5881,VECC,VABB
5882,LFPG,LFBO
5883,LEMD,LEPA
5884,VABB,WSSS
5885,KMIA,KJFK
5886,PANC,RCTP
5887,EIDW,EBBR
5888,KSAN,KLAS
5889,EVRA,ULLI
5890,KFOK,KHPN
5891,LIRF,LEMD
5892,LFML,LMML
5893,RJTT,RJOA
5894,EDDF,EBBR
5895,CYYZ,CYYC
5896,EDDB,LIPE
5897,EPWA,UKKK
5898,LFPO,LPPT
5899,EDDF,EPWA
5900,OTHH,LEMD
5901,LFMN,LFPO
5902,LEMD,EDDM
5903,LEBL,EBBR
5904,KMIA,KRDU
5905,KLAX,KMCO
5906,KABQ,NM74
5907,ULLI,UUWW
5908,EKCH,EKRN
5909,EGLL,EHAM
5910,LKPR,EDDF
5911,KLAS,KOAK
5912,LFBD,LFPO
5913,LIMC,EDDM
5914,KSEA,KJFK
5915,KSFO,KLAX
5916,LOWW,LSGG
5917,RJTT,RJFF
5918,EFKU,EFHK
5919,KPHX,KPRC
5920,KLAX,PANC
5921,EIDW,EGCC
5922,RJAA,RCTP
5923,EPKT,EGSS
5924,LEMD,LFPO
5925,KFLL,KMIA
5926,KDEN,KMDW
5927,LKPR,LOWW
5928,UUWW,ULLI
5929,LEBL,EHAM
5930,KXLL,7PN0
5931,KLAS,KPDX
5932,YPAD,YMML
5933,RCTP,RJAA
5934,ULLI,ULMM
5935,NZAA,NZWN
5936,YMEN,YMAY
5937,KMIA,SKBO
5938,LEMD,LFML
5939,LOWW,LSZH
5940,KLAX,KBOS
5941,SPJC,KFLL
5942,EGSS,LIRP
5943,OTHH,KLAX
5944,SKBO,KMIA
5945,EKCH,EKYT
5946,KHOU,KPHX
5947,KSAN,KATL
5948,KJFK,CYHM
5949,LROP,LEMD
5950,LSGG,LFPB
5951,KSMF,KBUR
5952,KSEA,KATL
5953,KPHX,KONT
5954,KSFO,KJFK
5955,DAAG,LFPG
5956,ULLI,EDDL
5957,LEMD,LFBO
5958,EBLG,KJFK
5959,TJSJ,KEWR
5960,OTHH,KATL
5961,LFPG,EHAM
5962,YCBG,YMML
5963,KLAX,KSEA
5964,LPPR,EGSS
5965,KBNA,KBOS
5966,LSGG,LEMD
5967,KABQ,KJFK
5968,RJTT,RJOO
5969,LOWW,EDDH
5970,KSEA,KPDX
5971,YMML,WSSS
5972,LFPO,LFBO
5973,VGTJ,OEDR
5974,SBVT,SBKP
5975,KLAX,KPHX
5976,LEMD,LEBL
5977,LEBL,LIMC
5978,EIDW,LFPG
5979,LEMD,LEJR
5980,ESSA,EGLL
5981,LFPG,LFML
5982,UUEE,LIMC
5983,LPFR,EHEH
5984,LIPZ,EDDM
5985,EGPD,EGLL
5986,NZCH,NZWN
5987,KLAX,YMML
5988,OTHH,KJFK
5989,LEBL,EGLL
5990,ENBR,ENZV
5991,KLAS,KSJC
5992,LOWW,EBBR
5993,LOWW,LLBG
5994,KRFD,KSDF
5995,LEMD,LEMG
5996,VOMM,OTHH
5997,KSDF,KPHX
5998,LMML,LIRF
5999,LROP,EDDM
6000,KDFW,KHOU
6001,LFPO,LEMD
6002,LEMD,LEBL
6003,KONT,KPHX
6004,VIDP,OMDB
6005,VECC,VOMM
6006,KLAX,KFLL
6007,EGCC,LEMG
6008,LFPG,GMMN
6009,KPHX,KEWR
6010,LEMD,LPPT
6011,EDDP,VHHH
6012,OTHH,LKPR
6013,YMMB,YMEN
6014,ESSA,EBBR
6015,EGLL,EBBR
6016,SKBO,KDFW
6017,KMIA,KSDF
6018,ESGG,EPWA
6019,VIDP,OMDB
6020,YSSY,YSTW
6021,LHBP,EDDB
6022,LIML,LMML
6023,VHHH,PANC
6024,LEPA,EDDB
6025,KFHR,KHIO
6026,EGSS,EETN
6027,EDDP,UUDD
6028,EGNX,EDDP
6029,NZWN,NZHN
6030,EPWA,EBBR
6031,ENBR,ENZV
6032,KSEA,PANC
6033,YPPH,YSSY
6034,VAPO,VIDP
6035,LROP,LEBL
6036,EGLC,EGAC
6037,KFFZ,88AZ
6038,CYYC,CYQQ
6039,EBBR,LIRF
6040,KIAH,KIAD
6041,KEWR,KTEB
6042,ENGM,EDDM
6043,OTHH,KORD
6044,LLBG,LBWN
6045,OTHH,VOBL
6046,VOMM,VOBL
6047,EIDW,LIME
6048,CYVR,CYYZ
6049,KLAX,KPHL
6050,EDFM,EDDB
6051,LEMG,EDDF
6052,OTHH,LSZH
6053,EIDW,LIRA
6054,KLAX,KMCO
6055,KSAN,KMIA
6056,KPHX,KMSP
6057,UUWW,ULLI
6058,KSNA,KWHP
6059,RJTT,EDDF
6060,OTHH,LFPG
6061,KRDU,K2A5
6062,KSFO,KJFK
6063,LIML,LIRF
6064,KLAX,EGLL
6065,KDEN,KTUS
6066,ENGM,ENZV
6067,KLAX,KDTW
6068,OTHH,EDDM
6069,EGPH,EGLL
6070,YPPH,YMML
6071,KDFW,KSEA
6072,LIML,LEMD
6073,KPHX,KATL
6074,KLAS,KPHL
6075,TJSJ,KEWR
6076,OTHH,LDZA
6077,LEBL,EDDM
6078,YMML,YSCB
6079,KSDF,IS40
6080,EGAC,EGLL
6081,KPHX,KJFK
6082,VIDP,EGLL
6083,EGPH,EGGW
6084,ENVA,ENZV
6085,EDDF,EGBB
6086,EDDF,LSZH
6087,KPHX,KMCO
6088,KLAX,YSSY
6089,OTHH,RPLL
6090,RJAA,RCTP
6091,KJFK,EBLG
6092,LFBO,LPPR
6093,YBCG,YSCB
6094,KSEA,KYKM
6095,LEPA,LEMD
6096,YSSY,YWLM
6097,LEMD,LEAL
6098,EIKY,EGBW
6099,KLAX,KMCO
6100,ENBR,ENGM
6101,KSFO,KJFK
6102,KTEB,KHEF
6103,EGGD,EGNT
6104,YSCB,YWLM
6105,OTHH,EPWA
6106,ENGM,ENVA
6107,KLAX,YSSY
6108,EBMB,EPWA
6109,OBBI,OTBH
6110,EGPF,EGSS
6111,KBWI,KMTN
6112,KPHX,KJFK
6113,KDAL,KMCO
6114,YSSY,YMML
6115,KDEN,KPHL
6116,EDDF,LFPG
6117,OTHH,CYUL
6118,EIDW,EDDF
6119,LFPG,LFMD
6120,LDSR,EDDM
6121,NZAA,NZPM
6122,LPPR,LPPT
6123,EGGP,EGAA
6124,KSAN,KPHL
6125,LEMD,LOWW
6126,LFPO,GMMN
6127,EGPF,EGGW
6128,LTFJ,LSZH
6129,EDDB,EDDF
6130,EGSS,LIPM
6131,RJTT,RPLL
6132,KLAX,KFLL
6133,KSDF,KBFI
6134,YMML,WSSS
6135,EGBB,LPFR
6136,SBGR,OTHH
6137,LIRF,LIML
6138,UUEE,ULLI
6139,EDDN,ELLX
6140,YBBN,YSCB
6141,LROP,EDDF
6142,VOBL,VECC
6143,EGSS,EVRA
6144,OTHH,LOWW
6145,RJBB,RJAA
6146,KDEN,KOMA
6147,LTFJ,LTFE
6148,LPPT,LSGG
6149,YMAY,YMEN
6150,KRVS,93OK
6151,LEBL,LEMG
6152,EDDM,EDDF
6153,EKCH,EKYT
6154,KLAS,KDTW
6155,EGGW,EIDW
6156,CYHM,CYVR
6157,PANC,KMSP
6158,LEMD,EDDB
6159,KPDX,KJFK
6160,KMIA,EHAM
6161,KSMF,KORD
6162,EGLC,EGPH
6163,YBMC,YSBK
6164,EGMC,LEAL
6165,NZAA,NZWN
6166,EPWA,ENGM
6167,KSJC,KBUR
6168,YBBN,YSSY
6169,KPHX,KPHL
6170,LIML,EHAM
6171,EGCC,EDDB
6172,CYWG,CYHM
6173,EKCH,EGSS
6174,LFPO,LFBO
6175,LEMD,EGGW
6176,LIMC,EDDK
6177,YPAD,YPPH
6178,LTFJ,EHAM
6179,KMMU,KCLT
6180,LPPT,ESSA
6181,OTHH,UKBB
6182,YSSY,YBBN
6183,EGGD,EGPH
6184,KLAS,KJFK
6185,KLAX,YSSY
6186,CYHM,CYMX
6187,ID92,KBOI
6188,NZWN,NZCH
6189,LIMC,OTHH
6190,KTEB,KIAD
6191,LPPT,EGCC
6192,EGPF,EGLL
6193,VHHH,PANC
6194,NZAA,NZCH
6195,KIAH,32II
6196,YPPH,YPAD
6197,KLAX,KATL
6198,UUWW,ULMM
6199,KLAS,KSAT
6200,LHBP,LLBG
6201,KDEN,KJFK
6202,YPJT,YMUL
6203,LFBO,LFGC
6204,YSSY,NZAA
6205,ENGM,ENHD
6206,EDDB,LLBG
6207,KEWR,KMIA
6208,VOBL,VIDP
6209,KDEN,KPHX
6210,LPPT,LPMA
6211,KMDQ,KPDK
6212,UUEE,LJLJ
6213,OTHH,LIMC
6214,YBMC,YMML
6215,YBBN,YMML
6216,LHBP,LIRA
6217,LROP,LFPG
6218,EKCH,ENBR
6219,RJTT,RJFF
6220,RPLL,RJAK
6221,KLAS,KPHL
6222,LSGG,LEBL
6223,RJTT,RJOO
6224,RJOO,RJTT
6225,LPPT,LIMC
6226,LEMG,LEIB
6227,EETN,EPWA
6228,KSFO,KPHL
6229,EKCH,ENGM
6230,KLAX,KCVG
6231,YSSY,YMML
6232,ULLI,UUEE
6233,LPPD,LPPT
6234,KCOS,KAPA
6235,LFQQ,LFBD
6236,LFPG,EGLL
6237,NZTG,NZAA
6238,KSEA,KPDX
6239,LPPT,LEMG
6240,KLAS,KCLT
6241,EKCH,EKBI
6242,ENVA,ENJB
6243,LTFJ,LSZH
6244,LOWW,EPWA
6245,KPDX,KBOI
6246,KSAN,KORD
6247,EGKK,EGJJ
6248,YSWG,YSSY
6249,RJTT,RJOO
6250,YBBN,YPAD
6251,EKCH,EGLL
6252,LEBL,LEPA
6253,KSFO,KEWR
6254,LEMD,LIRA
6255,LEIB,LEMD
6256,LPPT,LPPR
6257,NZCH,NZHN
6258,EGSS,LEPA
6259,EGCC,LIRA
6260,KYIP,KJXN
6261,LIMC,EGGW
6262,YSSY,YSCB
6263,YBCG,YMML
6264,LSGG,LSZH
6265,VHHH,RPLL
6266,KLAS,KABQ
6267,EBMB,EHAM
6268,RJTT,RJFF
6269,EGLF,LIML
6270,LFPG,GOBD
6271,YWLM,YBBN
6272,RJAA,RJFF
6273,YBBN,YPAD
6274,CYHM,CYMX
6275,LPPT,LPMA
6276,KJFK,RCTP
6277,OTHH,KIAD
6278,KRFD,KSDF
6279,YGYM,YCDR
6280,RJFF,RJTT
6281,YWLM,YMML
6282,UUEE,UWKD
6283,LTFJ,LFPG
6284,ESMS,ESSB
6285,KMIA,SBGL
6286,VHHH,RCTP
6287,LEMD,EGLL
6288,KSEA,3WA2
6289,EGNX,EDDP
6290,LTFJ,EHAM
6291,KLAX,KFLL
6292,OTHH,EKCH
6293,LDZA,EHAM
6294,CYWG,CYMX
6295,LIMC,LICJ
6296,VECC,VIDP
6297,WSSS,VHHH
6298,UUEE,LOWW
6299,KSDF,KRDU
6300,YCBG,YMML
6301,KPAN,KPHX
6302,KCNO,KSNA
6303,NZCH,NZAA
6304,EKCH,ESSA
6305,KPDX,KATL
6306,KBUF,KIAD
6307,EDDV,LEPA
6308,LLBG,LFPG
6309,ULLI,UUWW
6310,LEMD,LEIB
6311,UUEE,EHAM
6312,EDDF,LFML
6313,OTHH,EGLL
6314,ENVA,ENNM
6315,RJTT,RJBB
6316,KJFK,PANC
6317,YMML,YBBN
6318,EGSS,LEMG
6319,LFPB,EBCI
6320,KSLC,KBOS
6321,RPLL,WSSS
6322,KSJC,KLAS
6323,YCBG,YMML
6324,CYYC,CYYZ
6325,YMML,WBSB
6326,EGLL,LIML
6327,RCSS,RJTT
6328,OTHH,EDDF
6329,LFBO,LFML
6330,ULMM,UUDD
6331,YMAY,YSSY
6332,LPPT,EIDW
6333,PANC,VHHH
6334,PAEN,PANC
6335,EGSS,LEPA
6336,KRIR,KSBD
6337,CYYC,CYYZ
6338,KLAX,KEWR
6339,LEPA,LEIB
6340,WSSS,VHHH
6341,YMML,YBBN
6342,EKCH,EPWA
6343,LEIB,LEBL
6344,EDDN,LFPB
6345,LFPG,SBGR
6346,KLAX,KJFK
6347,KSEA,KMCO
6348,EGLL,LEMG
6349,LEBL,LEPA
6350,LPPT,EBBR
6351,EBMB,LFPG
6352,UUEE,LIPZ
6353,NZWN,NZPM
6354,KSLC,KJFK
6355,PANC,KORD
6356,LPPR,LSZM
6357,KLAX,KATL
6358,YMEN,YBUP
6359,VHHH,WSSS
6360,LIME,EBCI
6361,EDDF,EGLL
6362,LFPO,GMMN
6363,WMKK,RCTP
6364,KLAS,KCMH
6365,KLAX,KSAN
6366,EHAM,LEBL
6367,KSJC,KPDX
6368,KFRG,KIAD
6369,EPWA,LFPG
6370,YSCH,YSSY
6371,YMMB,YYEA
6372,KPHX,KSFO
6373,EGLL,LEMD
6374,CYWG,CYHM
6375,EKCH,ESGG
6376,LIMC,LICJ
6377,RCTP,RJAA
6378,PANC,RCTP
6379,LROP,EBCI
6380,LIME,LEBL
6381,LEBL,LEIB
6382,VABB,VIDP
6383,LSMD,LSZB
6384,LIRF,EDDM
6385,KPHX,KONT
6386,EGCC,EGAA
6387,LFMN,LFPO
6388,SPJC,KMIA
6389,KLAX,KLAS
6390,RJFF,RJAA
6391,VHHH,RJBB
6392,EDDK,LEPA
6393,RJBB,RJTT
6394,LEPA,EDDM
6395,YLYK,YPPF
6396,EDDL,LEPA
6397,LTFJ,EDDB
6398,LIMF,LICZ
6399,LEBL,DAAG
6400,LPPR,LPPD
6401,EIDW,EGLL
6402,OERK,OMDB
6403,LFBO,LFPO
6404,LSGG,EBMB
6405,KSFO,KORD
6406,YSSY,YSWG
6407,EDDK,EDDH
6408,ZGSZ,ZUCK
6409,MMTJ,MMML
6410,ELLX,LFBD
6411,EGPH,LKPR
6412,YWLM,YSCB
6413,YSDU,YSBK
6414,YPAD,YSCB
6415,NZPM,NZAA
6416,ESSA,EFHK
6417,EGLL,EGAC
6418,NZAA,NZWN
6419,LFPO,LFML
6420,KDEN,KMCO
6421,LPPR,ELLX
6422,RJFF,RJTT
6423,EETN,EVRA
6424,KPDX,KEWR
6425,OTHH,EFHK
6426,RCTP,RJAA
6427,KMKC,KSTP
6428,RJOA,RJTT
6429,EHAM,LFPG
6430,LIME,LIEE
6431,EDDF,EGLL
6432,LFPB,LEMG
6433,NZPP,NZPM
6434,YHBA,YBBN
6435,ENZV,ENBR
6436,NZWN,NZHN
6437,ENGM,ENZV
6438,YSSY,YBCG
6439,EIDW,EGKK
6440,CYVR,CYUL
6441,RJOO,RJTT
6442,RJFF,RPLL
6443,RJTT,RJOS
6444,EKCH,BIKF
6445,LIME,LICJ
6446,EDDF,LIPZ
6447,LEAL,EGNT
6448,YPMQ,YBBN
6449,LLBG,UKBB
6450,LIMC,LICJ
6451,VHHH,RJAA
6452,KSDF,KOAK
6453,EGSS,LKPR
6454,YBBN,YSTW
6455,EFOU,EFHK
6456,EIDW,EGCC
6457,KORD,EBBR
6458,EKCH,LIMC
6459,LKPR,EBCI
6460,LPPT,EKCH
6461,VIDP,EDDP
6462,YMMB,YYEA
6463,UUWW,ULLI
6464,EDDH,EDDM
6465,KHOU,KIWS
6466,EHAM,LIML
6467,KSEA,KPHL
6468,ENGM,ENVA
6469,LIRA,EDDB
6470,EGNL,EGGD
6471,OMDB,UKBB
6472,EGNT,EGLL
6473,LEPA,LEBL
6474,KSDF,KDEN
6475,UUEE,EDDM
6476,OTHH,LEMD
6477,KSEA,PANC
6478,LEMD,LEBL
6479,VHHH,PANC
6480,KLAS,KORD
6481,LIME,LIBD
6482,KOSU,59NC
6483,ULLI,UWKD
6484,EGAC,EGLL
6485,EDDF,LKPR
6486,LEPA,LEMH
6487,EGSS,LPPT
6488,EBBR,LIML
6489,NZNV,NZCH
6490,OMDB,LHBP
6491,YSCH,YSSY
6492,KMIA,KATL
6493,EGNS,EGGP
6494,LTFJ,EBBR
6495,SBBR,SBGR
6496,LTFJ,ESSA
6497,PANC,KORD
6498,RCTP,WSSS
6499,KLAS,KEWR
6500,VIDP,VABB
6501,OTHH,LEZG
6502,LIML,LIRA
6503,KPWK,KOSU
6504,VOMM,VECC
6505,EKRN,EKCH
6506,YSDU,YSSY
6507,ESSA,ENGM
6508,KGSO,KHEF
6509,EKYT,EKCH
6510,EGGW,EGNX
6511,LTFJ,EGSS
6512,UUEE,ULLI
6513,EDDH,EDDP
6514,LEBL,LEPA
6515,OERK,LSGG
6516,EKCH,LFPG
6517,KLAS,KFLL
6518,LFML,LFKB
6519,KLAX,KDTW
6520,NZAA,NZOI
6521,KSFO,YSSY
6522,LEMD,EDDF
6523,LEMH,LEMD
6524,KSDF,KBOS
6525,LTFJ,EKCH
6526,KPHX,KORD
6527,KLAX,KMIA
6528,ENZV,ENBR
6529,LOWW,ENGM
6530,YSSY,YMML
6531,LSZH,LKPR
6532,LEPA,LEAL
6533,LEBL,LEPA
6534,RJTT,RJOM
6535,NZCH,NZAA
6536,EDFM,EDFC
6537,OBBI,OMDB
6538,LEIB,LEPA
6539,LEMD,LIRF
6540,EDDK,EDDB
6541,UUEE,LEBL
6542,LPPT,EGLL
6543,YMAY,YSSY
6544,YPAD,YSCB
6545,LEMH,LEBL
6546,KDAL,KMKC
6547,LEAL,EHAM
6548,LIPX,LICJ
6549,SKBO,KMIA
6550,FACT,FALA
6551,ID23,KCOE
6552,ENZV,ENBR
6553,KCPM,KLGB
6554,EGNL,EGNX
6555,LFML,LFKJ
6556,LFPG,EHAM
6557,UWLL,UUWW
6558,LEMD,LIMC
6559,KLAX,KRDU
6560,KSEA,KPDX
6561,KMIA,EHAM
6562,LPPT,LIRF
6563,EHAM,EGLL
6564,KLAS,KJFK
6565,KSEA,KDFW
6566,LEBL,LEZL
6567,LIMC,LIBD
6568,WSSS,VOMM
6569,LTFJ,EDDK
6570,EPWA,EPKT
6571,VOMM,VABB
6572,KDEN,KDTW
6573,LEMD,LEPA
6574,YPPH,YSSY
6575,KLAS,KCVG
6576,EIDW,EGLL
6577,KSDF,KMSP
6578,EHAM,EHEH
6579,LKPR,LIRA
6580,EPWA,LYBE
6581,LHBP,EDDM
6582,EGLL,LPPT
6583,YPAD,YMML
6584,LPPT,LFPO
6585,YMAY,YMEN
6586,LEBL,LEAL
6587,EDDM,LPPR
6588,LEIB,LEBL
6589,EDDV,EDDM
6590,EDDF,LOWL
6591,KLAS,KSEA
6592,EDLW,EPKT
6593,LTFJ,LTFE
6594,RPLL,RJTT
6595,YMML,YBBN
6596,VOBL,EDDP
6597,SBGR,SBCO
6598,EDDM,LOWW
6599,LEMG,LEMD
6600,EDDB,EDDF
6601,LEMD,EDDF
6602,KPHL,3PA9
6603,EFHK,EPWA
6604,KPHX,KORD
6605,FAOR,FACT
6606,NZCH,NZNV
6607,KLAS,KATL
6608,EGLL,EPWA
6609,KDEN,KMIA
6610,RCTP,RJBB
6611,YMML,YSCB
6612,EHAM,LEBL
6613,LEMD,LIML
6614,EGPH,EGLL
6615,LROP,LSZH
6616,KSEA,PANC
6617,LPFR,EDDB
6618,LOWW,EDDS
6619,LMML,EDDM
6620,LFML,LFPO
6621,LEBL,LEMH
6622,VOBL,VIDP
6623,KPDX,KDFW
6624,RPLL,RJAA
6625,LEPA,EDDK
6626,LFOB,LEBL
6627,LIPZ,LICZ
6628,LEMD,LEIB
6629,YPAD,WSSS
6630,UKKK,LHBP
6631,KSDF,KEWR
6632,YMML,YPAD
6633,LIRF,LIPZ
6634,EDDF,LIMC
6635,LPPT,LEMG
6636,LEZL,LEBL
6637,KSFO,KBOS
6638,LFML,LMML
6639,KLAX,KRDU
6640,EDDM,LEMD
6641,KPVD,KEWR
6642,EPSC,EPWA
6643,OTHH,ELLX
6644,LEIB,LEPA
6645,EGPH,EGKK
6646,EGSS,EKBI
6647,EDDF,EDDW
6648,NZAA,NZCH
6649,EDDF,EDDH
6650,LIRF,LSGG
6651,CYVR,CYYZ
6652,UUEE,LEMG
6653,NZCH,NZPM
6654,KMIA,KSDF
6655,LLBG,LROP
6656,NZAA,NZWN
6657,SKBO,KMIA
6658,EHAM,LHBP
6659,RJTT,RJFF
6660,UUDD,ULLI
6661,LFMN,LFPO
6662,KPHX,KATL
6663,VHHH,YPPH
6664,EDDM,EDLW
6665,LTFJ,OTHH
6666,OTHH,LTFJ
6667,KLAX,KORD
6668,UUEE,ULLI
6669,LSZM,LFBO
6670,EBMB,LEBL
6671,NZAA,NZWR
6672,VABB,OMDB
6673,EGCC,EIDW
6674,EDDH,EDDS
6675,LEMG,EGKB
6676,ESMS,ESSB
6677,LIMC,LICZ
6678,EDDL,EDDM
6679,EHAM,LPFR
6680,KSEA,KPDX
6681,EGSS,VHHH
6682,ESSA,EDDB
6683,LEMD,LSGG
6684,NZCH,NZOI
6685,EGLL,EGPH
6686,VOMM,VIDP
6687,LDZA,LSZH
6688,KPDX,KORD
6689,OMDB,OEDR
6690,WSSS,YPPH
6691,KAFW,KAUS
6692,KSFO,KIAD
6693,KPHX,KDTW
6694,LPPT,LEMD
6695,KHWD,KVNY
6696,EDDH,EDDM
6697,EDDF,LSGG
6698,KLAS,KDTW
6699,NZTG,NZWN
6700,ESSA,LSZH
6701,EHAM,LPPT
6702,LOWW,LIPZ
6703,LIPZ,EBBR
6704,KPDX,KORD
6705,KAPA,KMKC
6706,NZCH,NZWN
6707,YMML,YBCG
6708,UUWW,ULMM
6709,KSDF,KONT
6710,LEBL,LEMD
6711,EGGW,LFPB
6712,NZAA,NZCH
6713,EDDM,EDDH
6714,SPJC,KMIA
6715,EHAM,EDDM
6716,LIRF,LMML
6717,LTFJ,EDDL
6718,LTAC,LTFJ
6719,YBCG,YMML
6720,LEMD,EBBR
6721,WSSS,RJBB
6722,KLAX,KMSP
6723,KDEN,KSTL
6724,LEPA,EDDF
6725,LIRF,LSZH
6726,LEIB,EGLF
6727,EDDB,EHAM
6728,LTFJ,LIMC
6729,KLAS,KFLL
6730,EDDM,EDDF
6731,EGBB,EIDW
6732,KLAX,WSSS
6733,PANC,KSDF
6734,LTFJ,EBCI
6735,YSSY,YSCB
6736,LPPR,LFPO
6737,LHBP,EGGW
6738,RJTT,RJOO
6739,LEMD,LSZH
6740,EDDV,LEPA
6741,LPPT,LEBL
6742,LOWW,EDDF
6743,EGSS,LIME
6744,KDEN,KFLL
6745,YPPF,YPAD
6746,LLBG,EGLL
6747,EHAM,LHBP
6748,KLAS,KORD
6749,ESGG,EFHK
6750,ENZV,ENGM
6751,KLAX,RCTP
6752,LEMD,LEIB
6753,KMIA,SKBO
6754,LKPR,EHAM
6755,RJTT,RJFF
6756,RPLL,VTBD
6757,LIRF,EBMB
6758,YMML,YBMC
6759,LEBL,LEZL
6760,KSFO,KDFW
6761,EPWA,LIMC
6762,EDDF,LIML
6763,LIEE,LIMC
6764,LFOB,LROP
6765,LSZH,EDNY
6766,LFPG,LSGG
6767,YBBN,YSSY
6768,OTHH,VIDP
6769,LIRF,LOWW
6770,KSDF,KATL
6771,EDDF,SBKP
6772,KLAX,KATL
6773,LPPT,EDDB
6774,KSFO,KORD
6775,YSTW,YSBK
6776,EDDL,LEPA
6777,EKYT,EKCH
6778,LFPG,OTHH
6779,EDDF,EDDP
6780,LPFR,LFPO
6781,GMMN,LFPO
6782,LEZL,LEPA
6783,LLBG,LEMD
6784,KLAX,KJFK
6785,LIRF,LIBD
6786,LPPR,LPMA
6787,LOWW,EDDH
6788,YMES,YSLT
6789,LEBL,LEIB
6790,UUEE,EGLL
6791,EPPO,EPWA
6792,LFOB,LIPH
6793,UUDD,LEBL
6794,PANC,KORD
6795,LEMD,KJFK
6796,YBBN,YMML
6797,KSDF,KOAK
6798,ESSA,EKCH
6799,VHHH,RJAA
6800,EHAM,LPPR
6801,LIRF,LEMD
6802,EDDF,UUDD
6803,ZGSZ,ZUCK
6804,KLAS,KMCO
6805,NZCH,NZAA
6806,LIPH,LMML
6807,KSDF,KPNS
6808,NZHN,NZWN
6809,CYYC,CYUL
6810,KIND,KATL
6811,KEWR,KBWI
6812,YSSY,YBBN
6813,RJFF,RJTT
6814,YSWG,YSSY
6815,KLAX,KPHX
6816,EDDF,LMML
6817,LIML,LIBR
6818,KSEA,KORD
6819,LTFJ,EDDM
6820,ESNZ,ESSB
6821,EDDM,EDDL
6822,SBGR,SBBR
6823,LDZA,EDDF
6824,EGKK,EGAA
6825,LTFJ,EDDF
6826,ELLX,OMDW
6827,EGAA,EGGP
6828,KLAX,KBNA
6829,EHAM,ENBR
6830,VHHH,VABB
6831,LFBO,LEMD
6832,WSSS,ZGSZ
6833,EGSS,EGPH
6834,EDDM,LIRP
6835,EKCH,LKPR
6836,LTFJ,EDDL
6837,KDFW,KMIA
6838,LEBL,LFPB
6839,LEBL,LFPB
6840,KLAX,KORD
6841,EDDF,EDDM
6842,LFBD,LFPG
6843,EHAM,LIPZ
6844,KDEN,KBOS
6845,KLAS,KCLT
6846,LIRA,LEMD
6847,LOWW,EDDK
6848,LOWW,LKPR
6849,LIRF,EDDF
6850,PANC,KORD
6851,EIDW,EGSS
6852,LECU,LEMT
6853,UKBB,EHAM
6854,KLAX,KEWR
6855,LEPA,EDDL
6856,LEIB,EHAM
6857,EDDF,ESGG
6858,LTFJ,EDDM
6859,KDPA,MN24
6860,UUEE,LFPG
6861,OBBI,OMDB
6862,EDDF,LEMG
6863,EGLL,EGCC
6864,ENBR,ENGM
6865,YBCG,YSSY
6866,NZWN,NZHN
6867,LFPG,LEMD
6868,KDEN,KATL
6869,RPLL,WBSB
6870,LEAL,LEPA
6871,KISP,03NY
6872,LEPA,LEMD
6873,KSDF,KEWR
6874,UUEE,EDDF
6875,LIRF,LICJ
6876,LPPT,EDDH
6877,LEIB,LEMG
6878,EHAM,LEMG
6879,KLAX,KIAD
6880,EDDM,EIDW
6881,RJTT,RJBB
6882,LHBP,LEBL
6883,EGHH,EGJJ
6884,LIRF,LFPG
6885,OERK,VIDP
6886,KTUS,AZ19
6887,KDEN,KATL
6888,EGSS,LEBL
6889,EPWA,LSGG
6890,KLAS,KDTW
6891,KLAX,KSFO
6892,KSDF,KJFK
6893,ENHD,ENGM
6894,87CO,KAPA
6895,SBGL,SBGR
6896,LEPA,EDDS
6897,EDDF,LEMD
6898,YSCB,YBBN
6899,LIRF,LICZ
6900,EGLL,LLBG
6901,OMDB,VHHH
6902,EDDH,EDDF
6903,LFPG,LHBP
6904,EBMB,EDDF
6905,EDDF,LEPA
6906,BIKF,EDDM
6907,KLAX,NZAA
6908,UUEE,EDDH
6909,KLAS,K61B
6910,KPHX,KCVG
6911,LFBO,LFPO
6912,LSZH,EDDM
6913,KSDF,KSAT
6914,EDDH,LEBL
6915,LEMG,LEPA
6916,YWLM,YSCB
6917,LFPG,LIRF
6918,UUWW,UWWW
6919,KRFD,KMHR
6920,EFHK,EFOU
6921,KSEA,KDFW
6922,EHAM,LFBO
6923,EGLL,EHAM
6924,CYWG,CYVR
6925,LIRF,EHAM
6926,KPHL,KMCO
6927,NZCH,NZWN
6928,ESSA,EHAM
6929,EHAM,EGNV
6930,YMES,YSLT
6931,LFOB,LHBP
6932,RJOO,RJTT
6933,KSFO,RCTP
6934,LTFJ,LOWW
6935,EDDF,LPPR
6936,LFPG,LDZA
6937,RCTP,VHHH
6938,KRFD,KOAK
6939,KDPA,KMKC
6940,LIRF,LIEE
6941,EHAM,ENGM
6942,YBBN,YMML
6943,VABB,VOMM
6944,EHAM,LFBD
6945,LEBL,LEBZ
6946,EBMB,LSGG
6947,EGLL,LSGG
6948,KPHL,KATL
6949,LFPG,LFRS
6950,LEZL,LEMD
6951,ESSA,LIML
6952,LEVX,LEMD
6953,EHAM,EPKK
6954,KLAS,KRDU
6955,LFBO,LFPG
6956,KPHL,KMSP
6957,EGSS,EPPO
6958,YSCB,YMML
6959,UKBB,LEBL
6960,LFMN,LFPO
6961,KLAX,KBOS
6962,LEBL,LEMG
6963,FAOR,FACT
6964,KDFW,KATL
6965,VHHH,RPLL
6966,LHBP,LPPT
6967,KRFD,PANC
6968,LPPD,LPPT
6969,EGLL,LIRF
6970,ESSB,ESSN
6971,LFPG,EDDB
6972,KLAX,KLAS
6973,KCVG,CYHM
6974,LIBD,LIML
6975,KPHX,KJFK
6976,KDFW,KPHX
6977,EDDF,EDDS
6978,LOWW,EDDL
6979,RCTP,RJAA
6980,LIRF,EGLL
6981,LFML,LEMD
6982,KSDF,KMKE
6983,KLAX,RCTP
6984,YSCB,YSSY
6985,LFPG,EKCH
6986,EHAM,EPWA
6987,KRFD,KPDX
6988,VIDP,VABB
6989,KPHL,KCLT
6990,LFPG,LLBG
6991,NZAA,NZWN
6992,LEMG,LEMD
6993,UKBB,LIMC
6994,EGJJ,EGKK
6995,LPPR,EDDF
6996,LPPT,LPMA
6997,LIPE,LFPG
6998,KSDF,KSGF
6999,EICK,EGSS
7000,YSSY,YMML
7001,LEAL,EBBR
7002,EGSS,LHBP
7003,KCGZ,KFFZ
7004,LEMD,KORD
7005,EHAM,LOWW
7006,RJAA,RJFF
7007,LFOB,LPPR
7008,ELLX,KORD
7009,YMML,YPAD
7010,LPPR,ELLX
7011,TJSJ,KJFK
7012,ENGM,EDDF
7013,EIDW,LFBO
7014,EHAM,LEMD
7015,LTFJ,EDDH
7016,VIDP,VOBL
7017,WMKK,WBKK
7018,LPPT,EDDL
7019,YWLM,YSSY
7020,EHAM,EDDN
7021,KDFW,KM99
7022,KLAX,RPLL
7023,WSSS,VHHH
7024,LHBP,LSZH
7025,LIBD,LIMC
7026,KRFD,KDEN
7027,YWLM,YMML
7028,YPMQ,YSSY
7029,LEMG,EBBR
7030,KDFW,KDEN
7031,KTEB,KCLT
7032,UUWW,ULLI
7033,EFHK,ENGM
7034,UKBB,LLBG
7035,EGLL,KEWR
7036,EBMB,LEMD
7037,EHAM,EDDM
7038,KPHL,KRDU
7039,LPPR,EHAM
7040,KLAX,KJFK
7041,LTFJ,EDDB
7042,LEBL,LEMD
7043,KFFZ,KPAN
7044,OMDB,EDDP
7045,LFPG,LFRJ
7046,YPMQ,YSSY
7047,GMMN,LIPE
7048,KCHO,KIAD
7049,KRFD,KBFI
7050,RJOA,RJTT
7051,UUWW,ULLI
7052,RJTT,RJOO
7053,BIKF,LFPG
7054,RJTT,KSFO
7055,LEBL,LPPR
7056,KLAX,RCTP
7057,VHHH,RJBB
7058,EGLL,EIDW
7059,LPPT,EDDF
7060,EBMB,EKCH
7061,UUDD,ULLI
7062,LEIB,LEPA
7063,LFPO,LFKJ
7064,NZWN,NZCH
7065,EDDN,LEPA
7066,LTFJ,LFPO
7067,RCTP,RPLL
7068,EBMB,LIRA
7069,EDDF,EDDW
7070,KLAS,KCLT
7071,LIML,LFPG
7072,KPHL,KORD
7073,LEPA,LEIB
7074,KRFD,KPHX
7075,LPPT,LFML
7076,LFPG,LROP
7077,EDDF,EVRA
7078,LOWW,LSZH
7079,LFPG,LFBO
7080,LEBL,OTHH
7081,BIKF,ESSA
7082,EGNX,EGNL
7083,UUEE,ULLI
7084,EBMB,LFML
7085,EGLL,EGPD
7086,LOWW,EVRA
7087,KLAX,KOAK
7088,LSZH,EHAM
7089,LIML,LIEA
7090,ULLI,EVRA
7091,ESGG,EKCH
7092,PANC,KLAX
7093,VHHH,CYYZ
7094,UUEE,UWLL
7095,BIKF,EKCH
7096,YSCH,YSBK
7097,LPPR,LPPT
7098,EFHK,EFKU
7099,KSEA,KPHL
7100,LTBA,UAAA
7101,YMML,YBCG
7102,KEWR,KMDT
7103,EHAM,LSGG
7104,EGGW,EGPH
7105,ENZV,ENBR
7106,PANC,KORD
7107,KSDF,PANC
7108,LPPT,LEMD
7109,UUEE,EDDP
7110,ULLI,UUEE
7111,KPHX,KMCO
7112,KONT,KDFW
7113,EBMB,LIMC
7114,KDTW,KMCI
7115,VMMC,RCTP
7116,EDDF,KPHL
7117,EGSS,LIMC
7118,LFPO,LEBL
7119,KDFW,KMSP
7120,LIRF,LIML
7121,LKPR,LSZH
7122,EGLF,LEIB
7123,LFPG,LOWW
7124,EHAM,LSZH
7125,KONT,KDEN
7126,LFPG,LIQL
7127,KAFW,KORD
7128,YPAD,YSSY
7129,KPHL,KBOS
7130,ENZV,ENGM
7131,EKCH,EBCI
7132,LEBL,LHBP
7133,EHAM,LIRF
7134,EPWA,UUEE
7135,LIRF,LOWW
7136,EDDL,EDDS
7137,KDFW,KMCO
7138,ULMM,UUEE
7139,VHHH,PANC
7140,ENGM,ENVA
7141,LPPT,LSZH
7142,NZAA,YSSY
7143,KMIA,KCVG
7144,KSDF,KDFW
7145,PANC,KPDX
7146,EDDF,EIDW
7147,LIRF,OTHH
7148,EKCH,OTHH
7149,EDDF,LOWW
7150,LFPG,ESSA
7151,LPMA,LPPR
7152,LIPE,LROP
7153,LYBE,LSZH
7154,EDDF,ELLX
7155,EGSS,EPKK
7156,TJSJ,KEWR
7157,EDDF,LSZM
7158,LEMD,LIPM
7159,EGPH,EGLC
7160,EGGD,EGNL
7161,KSMF,KDFW
7162,KSDF,KDEN
7163,KDFW,KONT
7164,LEPA,EDDH
7165,KLAS,KMSP
7166,PANC,KORD
7167,LPPT,LSGG
7168,YSTW,YSBK
7169,GMMN,LFPG
7170,YMML,YMHB
7171,ENGM,ENHD
7172,EDDF,LEBL
7173,KORD,KATL
7174,YBBN,YSCB
7175,BIKF,EGLL
7176,RCQC,RCKH
7177,EDDM,LROP
7178,KSEA,KMIA
7179,EGPH,EGGD
7180,LEPA,EKCH
7181,EDDL,LOWW
7182,LMML,EPKK
7183,OMDB,OBBI
7184,EGCC,EGLL
7185,LFPO,LPPR
7186,KLAS,KMKE
7187,GMME,LFPO
7188,PANC,KLAX
7189,NZAA,YMML
7190,EDDF,ESSA
7191,KSDF,KBUR
7192,LHBP,LLBG
7193,EGGW,LROP
7194,EDDP,EGNX
7195,EKCH,ESSA
7196,LSZH,LFPB
7197,YBCG,YMML
7198,ENBR,EKCH
7199,LIRF,LIEA
7200,EBCI,LEMD
7201,LIME,LKPR
7202,KLAS,KPHX
7203,LEMG,EBCI
7204,EHAM,EGPD
7205,LTFJ,LSGG
7206,EDDH,EDDL
7207,EDDF,EDDL
7208,LKPR,LKMT
7209,UNEE,UUWW
7210,LSGG,LOWW
7211,LIML,LSGG
7212,LFPG,LFBD
7213,EGGW,LIMC
7214,LTFJ,EDDV
7215,LIRF,KEWR
7216,KSDF,KPHX
7217,VOBL,VIDP
7218,EHAM,LFPG
7219,EKCH,LIME
7220,PANC,KPHX
7221,EDDM,EDDN
7222,KPHL,KBUF
7223,ENVA,ENGM
7224,EHAM,KEWR
7225,EDDH,LOWW
7226,LEIB,LEBL
7227,KSDF,KORD
7228,KSEA,PANC
7229,LPFR,EGCC
7230,LIMC,LILG
7231,YMMB,YLED
7232,KDFW,KABQ
7233,VIDP,VOMM
7234,VOBL,VHHH
7235,EPGD,EGGD
7236,YBBN,YMML
7237,LFPG,LIMC
7238,KPHL,KALB
7239,LSZH,KEWR
7240,EDDH,LEPA
7241,UWWW,UUDD
7242,KLAX,MGGT
7243,LTBA,LLBG
7244,LIML,LIRF
7245,LFNR,LFMA
7246,ULLI,ULMM
7247,LFPG,EDDF
7248,EHAM,EGPH
7249,KLAS,KORD
7250,KSDF,KPHL
7251,EGGW,LEMD
7252,EDDF,UKBB
7253,LOWW,UUDD
7254,LIPX,EDDF
7255,LFPO,LFBO
7256,ESSA,EKCH
7257,EHAM,EPWA
7258,LFPG,LEMG
7259,RCTP,VHHH
7260,KLAX,MGGT
7261,VHHH,RJAA
7262,EDDF,LDZA
7263,UKKK,LOWW
7264,LEPA,EDDB
7265,EBMB,LEBL
7266,ESSB,ESTA
7267,KJFK,LIMC
7268,LTFJ,ENGM
7269,YSCB,YWLM
7270,EIDW,EKCH
7271,UWWW,UUEE
7272,LFPG,LJLJ
7273,KLAX,KBUF
7274,LOWW,LROP
7275,RJOO,RJTT
7276,KPHL,KDTW
7277,EDDP,LOWW
7278,EGBB,EDDF
7279,LFPG,LPPT
7280,LSGG,LEMG
7281,KONT,KOAK
7282,KPHL,0VA3
7283,RJTT,KLAX
7284,EGLL,LFPG
7285,EBMB,LPPT
7286,RCTP,WSSS
7287,LPPT,LIME
7288,VABB,VOBL
7289,K3C8,KISP
7290,LSZH,LOWW
7291,KSDF,KFAT
7292,EHAM,FACT
7293,EDDF,EVRA
7294,LFPO,LEPA
7295,EHAM,KSFO
7296,UKKK,EPWA
7297,RJOO,RJTT
7298,EGGW,EYKA
7299,LIML,LIBR
7300,LTFJ,UUDD
7301,UUEE,ULLI
7302,NZCH,NZAA
7303,LPPT,EDDM
7304,KSDF,KBFI
7305,EBBR,EGLL
7306,ESGG,ESSB
7307,NZAA,NZOI
7308,LSZH,LYBE
7309,ID27,1ID3
7310,KRFD,KBWI
7311,LEPA,EDLW
7312,KLAS,KDFW
7313,UKKK,LSGG
7314,EHAM,SKBO
7315,LFPG,LIPZ
7316,LEBL,LFPG
7317,YSWG,YSBK
7318,LPFR,LSZM
7319,KSDF,KOAK
7320,KIND,KLAX
7321,KLAS,KSFO
7322,KBOS,KPYM
7323,EDDM,ESSA
7324,EGSS,LEMD
7325,LFPG,LIMC
7326,EDLW,LEPA
7327,LFBO,LFPO
7328,KRFD,KEWR
7329,LEPA,LFPO
7330,LTFJ,LTFE
7331,EHAM,LKPR
7332,KSDF,KMHR
7333,YPJT,YBUN
7334,RCTP,RJAA
7335,RJFF,RJTT
7336,ENGM,EKCH
7337,LPFR,EDDM
7338,EDDK,EDDB
7339,EKCH,LOWW
7340,EGAA,EGCC
7341,LEMD,LIME
7342,KGSO,KORD
7343,LPPT,EHAM
7344,EBMB,EIDW
7345,KRHV,KWVI
7346,KSDF,KONT
7347,LEBL,LFPO
7348,YBMC,YMML
7349,RJTT,RJFF
7350,KLAS,KCVG
7351,EHAM,EDDF
7352,CYYZ,CYVR
7353,KLAX,KDFW
7354,NZAA,NZCH
7355,VIDP,EDDK
7356,EGSS,EPKT
7357,KSFO,VHHH
7358,LEMD,LEPA
7359,EBMB,LFBO
7360,KSDF,KABQ
7361,KLAS,KBOI
7362,EGNX,EDDP
7363,LIPZ,LIML
7364,LSZH,EDDF
7365,LEPA,LEMH
7366,EHAM,EIDW
7367,LFPG,EDDF
7368,EETN,EKCH
7369,KSDF,KLAX
7370,LSGG,EGLF
7371,OTHH,ELLX
7372,EGSS,EKCH
7373,EBMB,KEWR
7374,VHHH,RCTP
7375,EHAM,EFHK
7376,LIMC,LEBL
7377,VAPO,VOMM
7378,EDDF,ENGM
7379,EPWA,EDDF
7380,EHAM,UKBB
7381,LIRF,LMML
7382,KSDF,KBOI
7383,LEPA,LEBL
7384,KRFD,KDTW
7385,YBBN,YSSY
7386,NZCH,NZAA
7387,EDDH,LEIB
7388,EDDB,UKBB
7389,EHAM,EDDV
7390,YMML,YSSY
7391,RCTP,KLAX
7392,KCVG,EGNX
7393,NZCH,NZWN
7394,LFPG,LFML
7395,EHAM,EKCH
7396,ULLI,UUEE
7397,LSZH,LEPA
7398,LPPR,LFPG
7399,EBCI,LIPH
7400,YMMB,YMNG
7401,YSCB,YSSY
7402,EHAM,EDDS
7403,ESOW,ESKN
7404,KRFD,KDFW
7405,KSDF,PANC
7406,EDDP,EDDS
7407,VHSK,VHHH
7408,KLAX,KATL
7409,YMYB,YBBN
7410,EDDF,CYUL
7411,RJTT,RJOS
7412,LFPG,EVRA
7413,LPPT,LIRA
7414,LTAC,LTFJ
7415,LOWW,EDDF
7416,UUWW,ULLI
7417,KSDF,KMIA
7418,ULMM,ULLI
7419,LFPG,KEWR
7420,KRFD,KMSP
7421,LEMD,ELLX
7422,LKPR,UUEE
7423,EDDF,EGCC
7424,EDDK,LEMD
7425,SSJC,SBKP
7426,KSDF,EDDK
7427,EPWA,LHBP
7428,EGLL,KBOS
7429,KLAX,VHHH
7430,KMKC,KSUS
7431,KBUR,KPDX
7432,LIMC,KJFK
7433,KIND,KEWR
7434,YSDU,YSSY
7435,EBMB,LOWW
7436,KGKY,KHOU
7437,KPDX,KMSP
7438,LEPA,EDDL
7439,RJTT,RJOO
7440,EDDF,CYYZ
7441,LIRF,LFPG
7442,KRFD,K8C4
7443,WMKK,WBKK
7444,EHAM,EETN
7445,LPMA,LPPT
7446,CYWG,CYYC
7447,EDDM,LOWW
7448,EDDF,KSEA
7449,KBUF,KGVQ
7450,KEWR,KSYR
7451,KLAX,KMSP
7452,ENBR,ENGM
7453,LIRF,EBBR
7454,EDDF,KDFW
7455,EHAM,EKBI
7456,LKPR,EDDF
7457,EDDF,LEPA
7458,EPWA,ULLI
7459,KSDF,KEWR
7460,LFPG,ULLI
7461,LEAL,EHAM
7462,LEPA,EDDH
7463,CYUL,CNV9
7464,KSDF,KLAS
7465,LIME,LPPR
7466,EDDK,EDDB
7467,EBCI,LFMK
7468,OMDB,VOBL
7469,KRFD,KSTL
7470,LEZL,GMTT
7471,LFKJ,LFPO
7472,EDDF,EIDW
7473,LEMD,GMTT
7474,EDDN,LEPA
7475,EHAM,EKYT
7476,EGLL,EGNT
7477,CYMX,4NY0
7478,LEBL,LFPB
7479,KSDF,KBOS
7480,LFPG,EHAM
7481,KEWR,KBWI
7482,KGSO,KATL
7483,KSDF,KPDX
7484,EPWA,LOWW
7485,EDDB,EDXW
7486,LFPG,LOWW
7487,YSSY,VHHH
7488,LIRA,EGSS
7489,UUEE,EDDL
7490,EGNR,EDHI
7491,KRFD,KMCI
7492,LFPG,EGCC
7493,RJTT,RJOM
7494,KSDF,KMIA
7495,EHAM,LOWW
7496,EDDG,LEPA
7497,KLAX,RCTP
7498,KDFW,KSAT
7499,VHHH,RCTP
7500,KORD,PANC
7501,EPWA,EKCH
7502,EBCI,LPPT
7503,LIRF,EDDF
7504,SKBO,KJFK
7505,VIDP,VHHH
7506,KSDF,KJFK
7507,EDDF,KDFW
7508,LTFJ,EDDS
7509,EGSS,LPPR
7510,LEMG,EKCH
7511,CYMX,CYHM
7512,EHAM,SBGR
7513,ENGM,ENZV
7514,KSDF,KMCO
7515,YPPH,WSSS
7516,EGLL,LOWW
7517,KIND,KJFK
7518,SBVT,SBGR
7519,LSZH,LOWW
7520,LFML,LFPO
7521,LSZM,LIBR
7522,LIRA,LFOB
7523,VAPO,VOBL
7524,LOWL,EDDF
7525,EDDF,LLBG
7526,LEBL,EIDW
7527,KIND,KBOS
7528,KLAX,RJTT
7529,EDDF,OTHH
7530,KSDF,KTPA
7531,EGAC,EGPH
7532,KLAS,KATL
7533,EHAM,EGBB
7534,LOWW,ENGM
7535,LFML,LFPG
7536,KPHL,NJ64
7537,KIND,KBWI
7538,LFPO,LEMD
7539,LPPT,LFBO
7540,KGSO,KEWR
7541,EDDS,LEPA
7542,KTPA,KCVG
7543,LIBD,LIPZ
7544,YSSY,YSCB
7545,RJTT,RJFF
7546,EBMB,ESSA
7547,NZAA,NZWN
7548,GMMN,ELLX
7549,EHAM,EGLL
7550,LFPG,UUEE
7551,KIND,KDEN
7552,EDDH,LEPA
7553,LFMN,LFPO
7554,EHAM,EGNT
7555,YSCB,YBBN
7556,NZAA,NZCH
7557,EKBI,EGCC
7558,LEBL,LEPA
7559,UMMS,UUDD
7560,LEMG,LEBL
7561,UUEE,ULLI
7562,EDDM,LROP
7563,ESSA,EFHK
7564,EDDF,LIMA
7565,RJBB,RJTT
7566,EIDW,LEMG
7567,ELLX,LPPT
7568,LTFJ,LTFE
7569,LEMG,EKCH
7570,LIME,LIEA
7571,EDDB,EGCC
7572,KIND,KSEA
7573,LEBL,LEMH
7574,KCVG,KEWR
7575,EGCC,EIDW
7576,EGSS,LIPX
7577,EGLL,EGPH
7578,UUWW,ULLI
7579,UUEE,EDDB
7580,LFPG,EDDF
7581,CYWG,CYYC
7582,PANC,KORD
7583,EDDV,LEPA
7584,EHAM,KLAX
7585,CYVR,VHHH
7586,KIND,KDTW
7587,LFPG,KLAX
7588,EFHK,EETN
7589,EGAC,EGLL
7590,YSSY,YMAY
7591,YSCB,YMML
7592,LPMA,LPPT
7593,LFPG,EDDL
7594,EFOU,EFHK
7595,KEWR,KIAD
7596,LIPE,EGSS
7597,EDDB,LICZ
7598,LEBL,LEMD
7599,ULLI,UUWW
7600,PANC,KSEA
7601,LOWW,LMML
7602,EIDW,EPWR
7603,EGAA,EGGW
7604,VABB,VOMM
7605,CYYZ,CYMX
7606,KOAK,KLAX
7607,YSSY,YSCH
7608,RJFF,RJTT
7609,EGLL,LSZH
7610,LFPG,EDDV
7611,KGKY,KHOU
7612,YSCB,YPAD
7613,EGPF,EGLL
7614,LIRF,KJFK
7615,KLAS,KMIA
7616,KSDF,KSWF
7617,KMIA,KJFK
7618,RJTT,RJOO
7619,SBVT,SBKP
7620,ZGSZ,ZUCK
7621,LIME,EIDW
7622,KIND,KMSP
7623,EPWA,LKPR
7624,GMMN,LEBL
7625,EGLL,LDZA
7626,YSDU,YSBK
7627,LFPG,KJFK
7628,EBMB,EPWA
7629,LEIB,LEBL
7630,KSDF,KBUF
7631,LSZM,LSGG
7632,LOWW,KIAD
7633,LFNR,LFML
7634,LEAL,EDDL
7635,VECC,VIDP
7636,LEZL,LPPT
7637,RJFF,RJOO
7638,EPWA,UKBB
7639,EGSS,LPPT
7640,EDDP,EDDF
7641,SSJC,SBBR
7642,LFPG,KATL
7643,KEWR,KBOS
7644,RPLL,OERK
7645,KSDF,KRDU
7646,LEIB,LEPA
7647,LEAL,EHRD
7648,KAFW,KOAK
7649,LEMG,EHAM
7650,RJFF,RJAA
7651,EHAM,EGCC
7652,KLAX,KATL
7653,KJFK,KORD
7654,NZWN,NZCH
7655,KMIA,SKBO
7656,EKCH,EKYT
7657,RCTP,VHHH
7658,KSDF,KPVD
7659,SBBR,SBKP
7660,KMQY,KCMI
7661,PANC,KPDX
7662,LEAL,EGSS
7663,YSSY,YMAY
7664,YSCB,YPAD
7665,LFPG,EIDW
7666,UUEE,ULLI
7667,LFPB,LSGG
7668,EGLL,EDDF
7669,LPPT,LPFR
7670,EDDF,KATL
7671,EKCH,EKRN
7672,LTFJ,LSZM
7673,KSEA,PANC
7674,ENGM,EPWA
7675,LEAL,EBBR
7676,KONT,KDEN
7677,ULLI,UUDD
7678,LELL,LEIG
7679,LEMG,EBBR
7680,VECC,VIDP
7681,EGKK,EIDW
7682,LYBE,LDZA
7683,KPHL,KMIA
7684,LSGG,LFPB
7685,KAFW,KTUL
7686,LROP,LHBP
7687,LIPZ,EDDF
7688,LSZM,LEMG
7689,EDDL,LEBL
7690,EDDF,KLAX
7691,KSFO,RJTT
7692,YMML,YBBN
7693,RJFF,RJTT
7694,LPPT,LFPO
7695,LFPO,KEWR
7696,LSZH,EFHK
7697,EDDS,LEPA
7698,LEAL,EKCH
7699,EKCH,LEMG
7700,LEBL,LEZL
7701,EHAM,EVRA
7702,LPFR,EGSS
7703,UUWW,EVRA
7704,RJTT,RJOA
7705,KBWI,KCLT
7706,LIMC,KEWR
7707,LPPT,EDJA
7708,WSSS,VIDP
7709,EGGW,EIKY
7710,KAFW,KAUS
7711,LIRF,LFPG
7712,YBBN,NZAA
7713,LTAC,LTFJ
7714,KMKE,MI58
7715,LFPO,LFML
7716,VOBL,VABB
7717,LIML,EHAM
7718,EGLL,VIDP
7719,LFPG,EINN
7720,LSZH,LIQL
7721,UNEE,UUDD
7722,RCTP,RJFF
7723,SSJC,SBBR
7724,LEMG,LOWW
7725,LSGG,EDDF
7726,EDDF,LIRF
7727,KSDF,PANC
7728,KSDF,KPHL
7729,LIPZ,LOWW
7730,EDDF,KJFK
7731,EHAM,LEBL
7732,KEWR,LFPG
7733,EVRA,EGSS
7734,KOAK,KLAX
7735,LIMC,LILG
7736,VIDP,VAPO
7737,KMIA,EDDF
7738,LTFJ,LOWW
7739,KSDF,KIAD
7740,LEMG,LPPT
7741,EGLL,KJFK
7742,OMDB,LFPG
7743,LEBL,LIMC
7744,EHAM,ESSA
7745,SBRJ,SBGR
7746,LIPZ,LIRF
7747,KPHX,KLAX
7748,EDDM,ESGG
7749,LIRF,LIML
7750,SBGL,SBGR
7751,SBBR,SBGR
7752,KEWR,KPVD
7753,KSDF,KATL
7754,LIPE,LMML
7755,LKPR,LOWW
7756,LPPT,LPPD
7757,LIEE,LIML
7758,KSDF,CYYZ
7759,EDDW,LSZH
7760,LOWW,EDMO
7761,KMIA,EHAM
7762,LFNR,LFML
7763,YMML,YWLM
7764,RCTP,VHHH
7765,KSEA,KMSP
7766,PANC,KSEA
7767,LIMC,EDDF
7768,KAFW,KLAX
7769,EDNY,LSZH
7770,EFHK,EFOU
7771,KIND,KLCK
7772,RJTT,PANC
7773,VIDP,VOBL
7774,LLBG,KJFK
7775,EGLL,EHAM
7776,KSDF,KBWI
7777,EKBI,EGSS
7778,EGNV,EHAM
7779,EKCH,LEAL
7780,ULLI,UUEE
7781,LIBD,LIRF
7782,KIND,KORD
7783,RJOO,RJTT
7784,VIDP,VIDN
7785,VHHH,PANC
7786,NZAA,YSSY
7787,KSDF,KEWR
7788,RJFF,RJTT
7789,KIAD,KCLT
7790,KAFW,KAUS
7791,KSDF,KMDT
7792,LEMG,LEIB
7793,EPMO,LFOB
7794,LTBA,LKPR
7795,LSZH,LIRF
7796,EHAM,LEBL
7797,LIPX,LIRA
7798,KIND,KIAD
7799,LFML,LKPR
7800,YBBN,YPAD
7801,DAAG,LFPG
7802,LEZL,LEIB
7803,EETN,EGSS
7804,EGCC,CYYZ
7805,LEAL,EGMC
7806,KSDF,KLCK
7807,EGLL,OBBI
7808,LEIB,LEPA
7809,KSDF,KMCI
7810,EDDL,LIPZ
7811,EPWA,LDZA
7812,EDDS,EDDF
7813,ENBR,ENZV
7814,LIML,EDDF
7815,KCVG,KMIA
7816,KGVQ,KBUF
7817,LPPT,LPMA
7818,EDDF,KEWR
7819,EKCH,LEAL
7820,EGPF,EGGW
7821,EFHK,ESSA
7822,KFAT,KLAS
7823,LIRF,EHAM
7824,LOWW,KORD
7825,LSZM,LPPR
7826,UUEE,UWKD
7827,KSDF,CYMX
7828,LEAL,EGCC
7829,EGKK,EGPH
7830,TJSJ,KJFK
7831,YMML,YMAY
7832,EDDM,EKCH
7833,EDDL,LIRF
7834,KMDT,KCLT
7835,OMDB,OBBI
7836,KAFW,KSAT
7837,KLAS,KSTL
7838,KSDF,KORD
7839,EDDF,KSFO
7840,LIRF,LICZ
7841,RJTT,RJOA
7842,ENGM,ESSA
7843,NZAA,NZCH
7844,EPKK,EBCI
7845,YSSY,YSCB
7846,LTFJ,EDDF
7847,KSDF,9IL6
7848,OERK,OMDB
7849,LIML,EGLL
7850,LSGG,LPPT
7851,EHEH,LPFR
7852,LEPA,ESSA
7853,UUEE,LYBE
7854,KSDF,KOMA
7855,KIND,KATL
7856,EPMO,UKBB
7857,EDDM,LOWG
7858,KSDF,KPHL
7859,LEMD,EIDW
7860,LIMC,EVRA
7861,LMML,LIRF
7862,SSJC,SBGR
7863,EDDF,KMIA
7864,YMML,YBCG
7865,KSEA,RCTP
7866,EGNX,EGPH
7867,PANC,KLAX
7868,EHAM,KPHL
7869,LEPA,LEMH
7870,EDDM,EDDF
7871,KSDF,KSAT
7872,SBGL,SBBR
7873,WSSS,RPLL
7874,LEBL,ESSA
7875,RJTT,RJOO
7876,KSEA,RCTP
7877,LPFR,EGBB
7878,SBRJ,SBBR
7879,EDDM,LIBD
7880,SBKP,SBCO
7881,KSDF,4IA2
7882,LEMG,EHEH
7883,VECC,VOBL
7884,LOWW,KEWR
7885,YMML,YMHB
7886,RJAA,RCTP
7887,YBBN,YMML
7888,EDWE,EDWR
7889,YSSY,YSWG
7890,LMML,LIME
7891,LSZB,LSPG
7892,LEPA,LEMD
7893,EGPH,EGLL
7894,EDDM,EPGD
7895,RJTT,RJFF
7896,SBVT,SBBR
7897,EGGP,EGAA
7898,YPPH,WSSS
7899,LEMD,LPPT
7900,EGLL,EIDW
7901,KCHO,KCLT
7902,RJBB,VHHH
7903,VOTP,VIDP
7904,KSDF,KHSV
7905,LIRA,EIDW
7906,EDDP,LEMD
7907,GMMN,LEMD
7908,KLAS,KHHR
7909,EDDF,KORD
7910,EDDW,EDDF
7911,KPHL,3PA9
7912,LEMG,EGCC
7913,LEMD,LEMH
7914,LSGG,LFPG
7915,LSZM,EDDF
7916,LSZM,LHBP
7917,RCTP,VHHH
7918,EDDM,ESGG
7919,EGGP,LPFR
7920,KSDF,KSYR
7921,YBBN,YPPH
7922,EHAM,EDDL
7923,LEPA,LEBL
7924,EETN,EFHK
7925,EVRA,LSZH
7926,LEMH,LEPA
7927,KPHF,KCLT
7928,EGJJ,EGNX
7929,LEAL,LFPO
7930,OTHH,EBBR
7931,LSGG,LIRF
7932,LEMD,KDFW
7933,EDDM,LEPA
7934,KRDU,KATL
7935,EGNX,EDDK
7936,RJTT,RJFF
7937,YMML,YSSY
7938,LOWW,LEMD
7939,LEBL,EHAM
7940,KPHL,KDFW
7941,SBSP,SBRJ
7942,EGLL,KSEA
7943,KEWR,KFLL
7944,EVRA,EFHK
7945,KMSP,KDEN
7946,LFPG,EKCH
7947,LEBL,LEMH
7948,SBRJ,SBKP
7949,KBOS,KORD
7950,YBBN,YSSY
7951,LSZH,LEPA
7952,EGSS,LKPR
7953,LOWW,LIME
7954,EPWA,EPGD
7955,LEPA,LEIB
7956,YMML,YBBN
7957,SBSP,SBBR
7958,KPGV,KCLT
7959,RCTP,RJBB
7960,EDDM,LFPG
7961,EDDN,EHAM
7962,LIMC,KJFK
7963,LFQQ,LFBD
7964,SBRJ,SBBR
7965,KMKC,KDAL
7966,KSDF,KDFW
7967,LEMG,EBOS
7968,YBBN,NZAA
7969,EDDM,LOWW
7970,ELLX,EDDF
7971,EDDL,EDDF
7972,LEPA,LEMH
7973,KSDF,KSTL
7974,LELL,LEIG
7975,LKPR,EGPH
7976,KONT,KBFI
7977,LHBP,LHKE
7978,EGGD,LIRP
7979,YPAD,YMML
7980,EHAM,LIML
7981,EGHI,EGAC
7982,OTHH,EHAM
7983,KSDF,CYVR
7984,LEPA,EGLF
7985,KSEA,KBWI
7986,YMML,YBCG
7987,SBKP,SBBR
7988,OERK,OMDB
7989,NZCH,NZPM
7990,EVRA,EDDS
7991,RJTT,RJOO
7992,EDDM,EPWA
7993,KSGF,KSDF
7994,EDDF,LIQL
7995,EGLL,EGAC
7996,KSDF,KTYS
7997,UUWW,EVRA
7998,GMMN,LEMG
7999,EHAM,EDDH
8000,LEMG,ENGM
8001,EDDF,KATL
8002,LFPG,KATL
8003,OMDB,VABB
8004,LEBL,LEMH
8005,KPHL,0VA3
8006,LSGG,LIML
8007,EDDM,LIRF
8008,LEMD,LEBL
8009,LEPA,LEJR
8010,KDTW,KFLL
8011,GMMN,LFPG
8012,KPHL,KATL
8013,KSDF,CYHM
8014,VOMM,VABB
8015,KSFO,RCTP
8016,KONT,PANC
8017,EDDS,LEPA
8018,UUEE,ULLI
8019,LIRF,EIDW
8020,KFFZ,KAVQ
8021,KCVG,PANC
8022,VECC,VOMM
8023,EGAA,EGNT
8024,LLBG,LOWW
8025,KSDF,KDTW
8026,SSJC,SBGR
8027,KGSO,KATL
8028,YBBN,YPAC
8029,YSCB,YMML
8030,LPPD,LPPR
8031,LTFJ,LIME
8032,KPNS,KDFW
8033,EHAM,WSSS
8034,EDDB,ESSA
8035,EGLL,EKCH
8036,KGRR,KDTW
8037,KATL,KFLL
8038,LSGG,LFBD
8039,YMML,YBBN
8040,KBUF,KSYR
8041,EDDF,VIDP
8042,EHAM,KDTW
8043,DAAG,EDDF
8044,KSDF,KMKE
8045,EGLL,KATL
8046,KBWI,KATL
8047,EHAM,LSGG
8048,LIML,LIRA
8049,PANC,KORD
8050,EDDM,EBBR
8051,RJOO,RJTT
8052,KTPA,KBWI
8053,KSDF,KTUL
8054,VOBL,VOMM
8055,LEPA,EGBB
8056,KMKC,KHOU
8057,ULLI,UUDD
8058,WMKK,VHHH
8059,SBSP,SBBR
8060,KALB,KORD
8061,KCVG,KHHR
8062,YMML,YSSY
8063,KORF,KORD
8064,EGLL,OTHH
8065,EBMB,LPPR
8066,LEMD,KJFK
8067,YPAD,YMML
8068,LSZR,EDTY
8069,VOBL,VEPI
8070,LFPG,KORD
8071,LEPA,EGSS
8072,SBRJ,SBCO
8073,EDDS,EDDH
8074,LEMD,LSGG
8075,EDDB,LEPA
8076,VHHH,PANC
8077,EDDL,LOWS
8078,YPPH,YBBN
8079,RJTT,RJFF
8080,VIDP,VEPI
8081,ELLX,LPPR
8082,EDDF,LEMG
8083,UUWW,ULLI
8084,SBGR,SBBR
8085,EDDV,EHAM
8086,YBBN,YPAD
8087,EGLF,LFPB
8088,KS67,KMAN
8089,LSGG,EBMB
8090,EDDB,LPPT
8091,EGLL,EKCH
8092,ESSA,ESNZ
8093,EDDM,LPPT
8094,YMML,YCBG
8095,KFLL,KATL
8096,LEMD,LEPA
8097,LTFJ,EHAM
8098,LEBL,LPPT
8099,EDDB,LEPA
8100,RPLL,VHHH
8101,EDDF,RCTP
8102,KDCA,KCLT
8103,LIRA,EGCC
8104,KSDF,EDDK
8105,YMML,YSSY
8106,EPWA,EVRA
8107,KBOS,KDTW
8108,EDDL,LEPA
8109,EDDK,LEPA
8110,RJBB,RCTP
8111,LFPG,GOBD
8112,KPHX,KONT
8113,YBBN,YMML
8114,LFBO,EHAM
8115,EPWR,LSZH
8116,LEMD,GMTT
8117,KEWR,KORD
8118,KSDF,2IL3
8119,UMMS,UUDD
8120,SKBO,KMIA
8121,EGLL,KDFW
8122,KONT,KPHX
8123,EFHK,LEMG
8124,LIMF,LEMD
8125,LYBE,EPWA
8126,LHBP,EHAM
8127,YMHB,YMML
8128,KRDU,KCLT
8129,YPAD,YSSY
8130,UKBB,EPWA
8131,KBOS,KSDF
8132,ESSA,EKCH
8133,EHAM,KJFK
8134,KPHL,KMDW
8135,KONT,KOAK
8136,CNV9,CYYZ
8137,CYOW,CYYZ
8138,LIMC,LPPT
8139,LSZH,LTFJ
8140,LFBD,LFPG
8141,KRFD,KJFK
8142,RCTP,VHHH
8143,ENGM,ESSA
8144,EGLL,WSSS
8145,LEAL,ESSA
8146,KVNY,KHWD
8147,EGGW,EIDW
8148,LEMD,LFPO
8149,KONT,KPDX
8150,ESSB,ESMT
8151,LEMG,EGSS
8152,LIEE,LIRF
8153,TJSJ,KEWR
8154,KBOS,KCLT
8155,YCBG,YMML
8156,YMML,YSCB
8157,EHAM,KSEA
8158,LLBG,KEWR
8159,KTYS,KATL
8160,LFPG,DAAG
8161,KMKC,KLUK
8162,KRDU,KORD
8163,YBBN,YSCB
8164,NZAA,NZPM
8165,EDDM,LEPA
8166,EGCC,LPPT
8167,EDFE,EDVK
8168,KDCA,KDFW
8169,LEMD,EKCH
8170,EPKK,EHAM
8171,FAOR,FACT
8172,RJOA,RJTT
8173,RJTT,RJFF
8174,KCMH,KATL
8175,LOWW,LMML
8176,EGLL,VABB
8177,KOAK,KLAS
8178,LIMC,EKCH
8179,EDDM,EDDH
8180,NZAA,NZCH
8181,EDDS,ETAR
8182,LLBG,LTFJ
8183,EBMB,EFHK
8184,EDDF,KATL
8185,5MI8,KDTW
8186,ESGG,EDDF
8187,EHAM,LDZA
8188,KPHL,KORD
8189,EDDB,LEMD
8190,EDDM,UKBB
8191,KBUF,KJFK
8192,KBOS,KFLL
8193,KSDF,3KY9
8194,LKPR,LIME
8195,EGGP,EGNS
8196,YPAD,YBBN
8197,ENZV,ENGM
8198,42VT,KJFK
8199,RCTP,WSSS
8200,LIML,LEMD
8201,UUDD,ULMM
8202,LSZH,LDZA
8203,LIPZ,EHAM
8204,EHAM,LIMJ
8205,LFBD,EHAM
8206,KROC,KJFK
8207,EDDM,EDDG
8208,KBOS,KSTL
8209,EDDF,EHAM
8210,YBCG,YMML
8211,EGPD,ENZV
8212,LEMD,LEIB
8213,KPVD,KCLT
8214,KOAK,KBTF
8215,YPAD,YBBN
8216,LSGG,LEMD
8217,KTEB,KOAK
8218,EBMB,LPPT
8219,LROP,LIRF
8220,LIML,LIRA
8221,YMML,YPPH
8222,KBOS,KJFK
8223,EDDM,EBBR
8224,ENZV,ENBR
8225,RJBB,RJTT
8226,KSYR,KBUF
8227,EIDW,LPPT
8228,KSDF,KTEW
8229,KRDU,KSDF
8230,KOAK,KPHX
8231,KONT,KABQ
8232,EDDM,LSZH
8233,LFPG,KJFK
8234,KADS,KDFW
8235,EGLL,KPHL
8236,YPAD,YPPH
8237,KORF,KATL
8238,SBRJ,SBBR
8239,EDDM,EDDW
8240,KBOS,KMDW
8241,RJFF,RJTT
8242,LTFJ,LFML
8243,LOWW,EHAM
8244,EGLF,LFPB
8245,EGLL,EFHK
8246,KOAK,KSEA
8247,EDDM,EDDL
8248,EHAM,LLBG
8249,EKRN,EKCH
8250,ESTA,ESSB
8251,LPPT,EGSS
8252,KBOS,KBWI
8253,KCLT,KATL
8254,SBSP,SBRJ
8255,KRDU,KDEN
8256,UUDD,LOWW
8257,KIAD,KDEN
8258,EHAM,EICK
8259,EGPD,EGLL
8260,LFBO,LFPG
8261,VHHH,PANC
8262,KSYR,KJFK
8263,ENGM,EHAM
8264,KPHX,KBWI
8265,LSZH,EHAM
8266,KAVP,KORD
8267,EDDK,LIRA
8268,KRDU,KDFW
8269,RJTT,RJFF
8270,UMMS,UUWW
8271,EDDL,EDDS
8272,KJFK,KROC
8273,EGLL,LMML
8274,KPIT,KJFK
8275,YCBG,YMML
8276,EDDB,LPFR
8277,EDDM,EDDK
8278,EGPF,EGBB
8279,VIDP,VABB
8280,EDDF,LIRF
8281,LSZH,WSSS
8282,LFBO,EDHI
8283,CYYC,CYVR
8284,LPMA,LPPR
8285,CYOW,CYYZ
8286,ULLI,UUEE
8287,EBMB,GMTT
8288,LEMD,LROP
8289,KABE,KORD
8290,LDZA,LFPG
8291,KOAK,KPDX
8292,KIND,KDEN
8293,NZAA,RCTP
8294,KLNK,KOLU
8295,EKYT,EKCH
8296,PANC,KORD
8297,KSYR,KORD
8298,KBUY,KMMU
8299,SBGR,SBBR
8300,YSSY,YPPH
8301,KBOS,KHHR
8302,EIDW,EGLL
8303,LPMA,LPPT
8304,KBWI,KORD
8305,EHAM,EPWR
8306,LEPA,EDDV
8307,CYUL,CYYZ
8308,KBUF,KLGA
8309,UUWW,UWKD
8310,KAUS,KDFW
8311,KATL,KDFW
8312,LSZH,KIAD
8313,KPVD,KDTW
8314,KGRR,KMCO
8315,KPIT,KLGA
8316,SSJC,SBSP
8317,EDDM,EHAM
8318,LPPR,EHEH
8319,KLGA,KORD
8320,ULMM,UUWW
8321,LIPE,LIEA
8322,KBUF,KBWI
8323,YSCB,YPPH
8324,ESSA,LEBL
8325,EKYT,EHAM
8326,LSGG,EHAM
8327,EDWE,EDWR
8328,EGPH,EHAM
8329,KCLT,KJFK
8330,KDFW,CYVR
8331,LFPO,LPPT
8332,KBWI,KMIA
8333,KDTW,KDFW
8334,KPHL,KMCO
8335,EGLL,KJFK
8336,KBOS,KORD
8337,EHAM,LOWG
8338,ELLX,LEBL
8339,LIMC,LICZ
8340,KMDT,KORD
8341,RJFF,RJTT
8342,LEBL,LEMG
8343,LEPA,ESSA
8344,LSZH,LEMD
8345,LOWW,EGGW
8346,KBOS,KLGA
8347,LSGG,EGLL
8348,OMDB,OBBI
8349,KDCA,KATL
8350,EKBI,EHAM
8351,KDCA,KMIA
8352,EETN,EPWA
8353,LFPG,KDFW
8354,KSDF,KATL
8355,KPIT,KATL
8356,KGSO,KCLT
8357,KCMH,KDEN
8358,KORF,KDTW
8359,EKCH,ENGM
8360,ENVA,ENGM
8361,KDAB,KATL
8362,EBMB,LEMD
8363,KBOS,KSFO
8364,SBKP,SBVT
8365,DAAG,LEBL
8366,KSAT,KDFW
8367,EDDP,EGNX
8368,KLGA,KMSP
8369,LEIB,LEBL
8370,LPPT,KBOS
8371,KBOS,KDCA
8372,KEWR,CYYZ
8373,EGLL,EDDF
8374,EIDW,KPHL
8375,YSDU,YSSY
8376,SBGR,SBCO
8377,LOWW,LSZH
8378,LEPA,EDDL
8379,EDDB,LFPG
8380,LJLJ,UUEE
8381,EGPH,EGAC
8382,KPHL,KMSP
8383,EPWA,EFHK
8384,KGSO,KLGA
8385,LHBP,LKPR
8386,KLAX,KCVG
8387,KROC,KLGA
8388,ULMM,UUWW
8389,KORD,KDFW
8390,KPVD,KPHL
8391,KRDU,KDTW
8392,KLGA,KATL
8393,KIAD,KJFK
8394,KABE,KCLT
8395,SBSP,SBBR
8396,TJSJ,KJFK
8397,KFAY,KATL
8398,KBOS,KATL
8399,KEWR,KMCO
8400,KONT,KMHR
8401,KMDT,KDTW
8402,OERK,EGLL
8403,LKPR,EHAM
8404,RJFF,RJTT
8405,LEBL,LEMH
8406,KJFK,KLAX
8407,EKCH,ESSA
8408,LSZH,LEPA
8409,KIND,KMSP
8410,EDDS,EKCH
8411,KBUF,KPHL
8412,KDCA,KATL
8413,RJOO,RJTT
8414,LEPA,LEBL
8415,LFBO,LFPO
8416,KFLL,KDTW
8417,EHAM,UUEE
8418,KROC,KORD
8419,RCTP,VHHH
8420,ULLI,UUWW
8421,PANC,KPHX
8422,YPPH,YPAD
8423,LKPR,LFPG
8424,YBMC,YMML
8425,KDAY,KATL
8426,EDDM,EPKK
8427,KPIT,KBOS
8428,KJFK,KFLL
8429,KTPA,KATL
8430,KRDU,KBOS
8431,EPWA,EGLL
8432,KTUL,KDFW
8433,KATL,KLAS
8434,KBOS,KJFK
8435,EDDL,EFHK
8436,EDDF,EPWA
8437,KSRQ,KATL
8438,KEWR,KATL
8439,KFLL,KJFK
8440,UUEE,KLAX
8441,KPIT,KFLL
8442,KSGF,KDFW
8443,KOAK,KLAX
8444,LPPT,EGLL
8445,KCMH,KPHX
8446,LEBL,LEPA
8447,EDDF,EPKK
8448,KHOU,KDFW
8449,ENBR,ENGM
8450,EBMB,LIRF
8451,KDFW,KONT
8452,LEAL,EHEH
8453,KDCA,KORD
8454,KATL,KDFW
8455,EVRA,EDDH
8456,UWLL,UUEE
8457,KRDU,KLGA
8458,EDDM,KORD
8459,VHHH,RCTP
8460,EDDK,EDDH
8461,EDDB,LFPG
8462,KDCA,KJFK
8463,KDAY,KORD
8464,CYOW,CYHM
8465,LFPG,LGAV
8466,EGLL,KJFK
8467,LSGG,LOWW
8468,VIDP,VABB
8469,KEWR,KDTW
8470,KROC,KPHL
8471,KTEB,KCMH
8472,KTPA,KDTW
8473,KCLT,KDTW
8474,KFLL,KBWI
8475,LOWW,UUEE
8476,EHAM,CYYZ
8477,YSSY,YPAD
8478,OTHH,ELLX
8479,SBGR,SBVT
8480,RJTT,RJFF
8481,KSFO,KCVG
8482,CYYC,CYVR
8483,LEBL,LROP
8484,EDDL,LEPA
8485,LSZH,LTFJ
8486,KBWI,KDTW
8487,NK43,KCLT
8488,KPVD,KBWI
8489,KIND,KATL
8490,LFST,DTTA
8491,EDDM,EGLL
8492,EDDS,EHAM
8493,KFLL,KSTL
8494,EFHK,EFKU
8495,LHBP,LFPG
8496,KDCA,KHOU
8497,LIMC,LEMG
8498,KEWR,KCLT
8499,LFPO,LFBO
8500,EIDW,EHAM
8501,LEPA,LEIB
8502,KCVG,KDTW
8503,OTHH,EDDF
8504,KBOS,KPHL
8505,EGGW,EGPH
8506,KDAL,KTUL
8507,LEIG,LELL
8508,KPHL,KLAX
8509,LTFJ,EHAM
8510,KSDF,KMCO
8511,KATL,KBWI
8512,KDTW,KATL
8513,LIMC,EBBR
8514,EVRA,UKBB
8515,GMMN,LFPO
8516,OMDB,UAAA
8517,KBWI,KMSP
8518,SBGR,SBGL
8519,EGSS,LPFR
8520,KPHL,KFLL
8521,VECC,VIDP
8522,EKCH,EKYT
8523,KOAK,KMHR
8524,LFML,EBBR
8525,KCMH,KBOS
8526,EDDM,LMML
8527,KPIT,KPHL
8528,KLGA,KBNA
8529,EDDF,OBBI
8530,KPVD,KMDW
8531,LEPA,EDDK
8532,YPAD,YMML
8533,KBUF,KDTW
8534,LTAC,OTHH
8535,KDCA,KDTW
8536,LIML,LIRF
8537,KCLT,KEWR
8538,42VT,KPHL
8539,EGLL,KORD
8540,EDDF,LKPR
8541,LYBE,EDJA
8542,LFPO,LPPR
8543,KBWI,KATL
8544,UUDD,UWKD
8545,KSWF,KHPN
8546,VECC,VABB
8547,ULMM,ULLI
8548,KLGA,KMDW
8549,EGNT,EHAM
8550,KHGR,KOSH
8551,VOMM,VABB
8552,LFML,EBBR
8553,FAOR,FACT
8554,RCTP,VHHH
8555,KDTW,KMIA
8556,LFPO,LPPR
8557,KCMH,KPHL
8558,VABB,VIDP
8559,EDDF,EHAM
8560,LOWW,LIMC
8561,LPFR,LPPT
8562,KMSP,KATL
8563,KAGC,KHEF
8564,KLGA,KDTW
8565,LFPG,LROP
8566,KOKC,KDFW
8567,KPHL,KBNA
8568,KORF,KMIA
8569,KLAX,KMIA
8570,KMIA,SPJC
8571,KISP,KBWI
8572,LIMC,UUEE
8573,LFPG,WSSS
8574,KDTW,KMCO
8575,EGLL,OMDB
8576,EKCH,LFPG
8577,YPAD,YPPH
8578,KBNA,KORD
8579,LEMD,LIRF
8580,KBUF,KMDW
8581,EDDF,LEMD
8582,KDAY,KDFW
8583,KPVD,KORD
8584,LIEA,LIME
8585,LEAL,EFHK
8586,KDTW,KBWI
8587,EFHK,EFOU
8588,LFPG,LFBO
8589,KJFK,KATL
8590,KSYR,KPHL
8591,EDDB,EDDF
8592,KDEN,KCVG
8593,LDSR,LDZA
8594,KOAK,PANC
8595,EKCH,EHAM
8596,LROP,LIRA
8597,CYQG,CYYZ
8598,OMDB,EGLL
8599,RJBB,RCTP
8600,VIDN,VIDP
8601,KBWI,KBNA
8602,LIPH,EBCI
8603,LIML,LICR
8604,LOWW,LEPA
8605,LEBL,EHAM
8606,LIMC,LIRF
8607,KMSP,4IL3
8608,EGLL,LEMD
8609,SBSP,SBVT
8610,KFXE,KOPF
8611,LJLJ,LFPG
8612,RJFF,RJAA
8613,LFPG,LIRF
8614,KSYR,KDCA
8615,LEPA,EDDF
8616,KCLT,KSDF
8617,LOWW,LFPG
8618,KRDU,KMSP
8619,KATL,KDAL
8620,KBOS,KMIA
8621,KFLL,KDTW
8622,UWWW,UUEE
8623,KBNA,KDTW
8624,KBUF,KORD
8625,KPHL,KSRQ
8626,EDDM,EPPO
8627,KSTL,KCLT
8628,LFBD,GMMN
8629,LIRF,LPPT
8630,OTHH,EHAM
8631,RJTT,RJOO
8632,UKKK,EDLW
8633,KCLT,KCVG
8634,EGCC,LFPG
8635,KATL,KMDW
8636,LOWW,UKBB
8637,KFLL,KBNA
8638,EGLL,EBBR
8639,LEPA,EDDL
8640,KCMH,KORD
8641,KPHL,KDTW
8642,RJTT,RJFF
8643,VT25,KDTW
8644,KSDF,KLGA
8645,EGNT,EGLL
8646,KLGA,KFLL
8647,KMIA,KATL
8648,EDDB,LTFJ
8649,KBWI,KFLL
8650,LIRF,LEMD
8651,LFPG,VIDP
8652,KEWR,KORD
8653,LFPO,LIRF
8654,YMML,YSSY
8655,KFLL,KDEN
8656,EDDM,KLAX
8657,KCLT,KMSP
8658,CYOW,CYUL
8659,OMDB,VIDP
8660,KIAD,KDTW
8661,LPPR,EHAM
8662,LSZH,EDDK
8663,EGAA,EGGP
8664,EGGW,EGPE
8665,EIDW,EBCI
8666,LEMD,LSZH
8667,LSZB,LFPB
8668,UUEE,LLBG
8669,LPPT,LPMA
8670,KJFK,KBOS
8671,KCMH,KFLL
8672,LEBL,EPMO
8673,KSDF,KMSP
8674,LIRF,EGKK
8675,LROP,LOWW
8676,KRDU,KLAX
8677,YPAD,YMML
8678,VABB,VIDP
8679,LFML,LFPG
8680,91OI,KDCA
8681,KEWR,KMSP
8682,BIKF,EKCH
8683,KGSO,KORD
8684,EIDW,EKCH
8685,KLGA,KMCO
8686,KFXE,KOPF
8687,VAPO,VOMM
8688,EDDM,EDDL
8689,KSAT,KDTW
8690,PANC,KCVG
8691,KPNS,KATL
8692,NK43,KDCA
8693,KBUF,KDCA
8694,EGLL,LEBL
8695,EDDL,LFPG
8696,KCMH,KPDK
8697,EGCC,EDDF
8698,LPPT,LPPR
8699,LFBO,EBMB
8700,WMKK,RJBB
8701,OMDB,VABB
8702,KISP,KPHL
8703,KFLL,KEWR
8704,SBSP,SBCO
8705,KPHL,KORD
8706,KROC,KDCA
8707,LIPZ,LIBD
8708,KDCA,KMDW
8709,CYOW,CYYZ
8710,KMIA,SKBO
8711,EGPH,EGLL
8712,NZCH,NZAA
8713,KJFK,SKBO
8714,KATL,KDEN
8715,KACY,KFLL
8716,KDCA,KPHL
8717,LPPR,EDDM
8718,KMCI,KORD
8719,KAVP,KCLT
8720,KSTL,KORD
8721,LROP,LTFJ
8722,KBNA,KCLT
8723,KORF,KPHL
8724,EDDF,LFPG
8725,KBWI,KPHX
8726,RJTT,RJFF
8727,KRDU,KATL
8728,LSZH,LHBP
8729,WMKK,VHHH
8730,CYYZ,KDTW
8731,EDSB,LPPR
8732,EHEH,LEPA
8733,KDAY,KDCA
8734,KIND,KBOS
8735,KCVG,KMSP
8736,LPPT,KMIA
8737,KGRR,KMSP
8738,EIDW,EDDM
8739,LTFJ,LTFE
8740,EDDF,LJLJ
8741,KDTW,KORD
8742,LECU,LEMT
8743,KATL,KFLL
8744,KGRB,KATL
8745,LFOB,LIBD
8746,EPWA,EHAM
8747,KCMH,KBWI
8748,KDTW,KDCA
8749,EDDL,LGAV
8750,CYYZ,CYYC
8751,UUEE,ULLI
8752,KCHO,KPHL
8753,RJOO,RJTT
8754,LEMG,EGKB
8755,LSGG,LLBG
8756,WSSS,NZAA
8757,KALB,KORD
8758,KGRR,KORD
8759,YMML,YSCB
8760,KIND,KJFK
8761,LSZH,LEBL
8762,KJFK,KMSP
8763,KFLL,KATL
8764,KBNA,KDFW
8765,EDDF,ENGM
8766,KDTW,KMCI
8767,KLGA,KORD
8768,CYUL,CYYZ
8769,EKCH,WSSS
8770,KMDW,KBWI
8771,NZAA,NZCH
8772,EIKY,EGGW
8773,EPKT,EDLW
8774,KBWI,KDAL
8775,KORD,KDEN
8776,LEPA,LEMD
8777,LIRF,LFPG
8778,KLAS,KDFW
8779,KAUS,KIAD
8780,KDTW,KCLT
8781,KALB,KMDW
8782,KCMH,KCLT
8783,YBCG,YMML
8784,LROP,EDLW
8785,LSZH,LEMG
8786,KORD,KDTW
8787,KORF,KORD
8788,KEWR,KMIA
8789,EPWA,KJFK
8790,KDCA,KCLT
8791,VHHH,PANC
8792,LFPO,LPPR
8793,KTYS,KDFW
8794,LEPA,EDDV
8795,KPHF,KPHL
8796,EDDF,KPHL
8797,EVRA,EDDB
8798,EHAM,KORD
8799,LROP,EDDM
8800,KLGA,KDAL
8801,KHPN,KORD
8802,ENGM,EFHK
8803,KDTW,KBNA
8804,KORD,KFLL
8805,LEBL,LSZM
8806,LIMC,EDDP
8807,KDCA,KBNA
8808,KDCA,KORD
8809,LEMD,LEIB
8810,KMSN,KORD
8811,KBOS,KDFW
8812,LFPG,EKCH
8813,EGLL,LPPT
8814,KJFK,KCLT
8815,SKBO,KMIA
8816,EHAM,VABB
8817,KSTL,KPHX
8818,KPHL,KATL
8819,VABB,VOBL
8820,RJTT,RJOO
8821,KLAX,KOPF
8822,LPPT,LEMD
8823,CYYZ,KATL
8824,LIMC,LFPG
8825,UAAA,UAII
8826,EKAH,EKCH
8827,LKPR,EPWA
8828,KPIT,KDCA
8829,LFPG,EHAM
8830,LEMD,LFPG
8831,LEIB,EHAM
8832,LEMD,KJFK
8833,LSZH,LIPE
8834,EDDF,EPKT
8835,KPHL,KPHX
8836,KROC,KATL
8837,NZWN,NZWU
8838,KFLL,KATL
8839,VABB,VIDP
8840,KUNV,KPHL
8841,VIDP,VOMM
8842,LFMK,EBCI
8843,KSYR,KATL
8844,KPIT,KFLL
8845,KMKE,KMSP
8846,KLUK,KBKL
8847,KIND,KDCA
8848,KMCI,KDEN
8849,LPPR,LSGG
8850,KSDF,KDFW
8851,EKCH,EETN
8852,LFPG,LLBG
8853,KATL,KHPN
8854,EDDK,LDZA
8855,UKBB,LLBG
8856,LEBL,LEMG
8857,KMSN,KUES
8858,LHBP,EPWA
8859,LTFJ,EDDB
8860,EPWA,ESGG
8861,LPPT,UUEE
8862,KACK,KBOS
8863,LIPZ,LFPG
8864,LEMD,EGLL
8865,EDDF,WSSS
8866,EDDK,EGLL
8867,KMDT,KCLT
8868,KAUS,KDTW
8869,KOKC,KDEN
8870,VIDN,VOBL
8871,LEPA,EDDF
8872,KATL,K5A9
8873,YPPH,YMML
8874,KGSO,KATL
8875,KPIT,KLGA
8876,KORD,KFLL
8877,KPHL,KFLL
8878,LFPG,VABB
8879,KBWI,KFLL
8880,EPWA,EPKK
8881,EHAM,LFPG
8882,EGBB,EHAM
8883,EICK,EGLL
8884,PANC,KSEA
8885,LSZH,LPPR
8886,ESSB,ESGG
8887,LPPT,EHAM
8888,LFML,LPPT
8889,LEPA,LEIB
8890,KOMA,KMSP
8891,EHAM,LIRF
8892,KEWR,KMIA
8893,KDFW,KIAD
8894,LTFJ,LFPO
8895,LEMD,EDDM
8896,KBOS,KSEA
8897,YPAD,YSSY
8898,KSDF,KMDW
8899,EDDF,EPPO
8900,KORD,KMIA
8901,KORD,ELLX
8902,LSZH,LIRF
8903,EGLL,KEWR
8904,RJTT,RJFF
8905,EHAM,KATL
8906,KORF,KBWI
8907,EGTK,EGLF
8908,KHPN,KCLT
8909,KMIA,KDCA
8910,KHPN,KATL
8911,KMDW,KDAL
8912,KOMA,KATL
8913,KDFW,KFLL
8914,KPVD,KMVY
8915,KSTL,KCVG
8916,KEWR,KMCO
8917,LIRF,EHAM
8918,RPLL,RCTP
8919,VECC,VOBL
8920,KBOS,KLGA
8921,KFLL,SKBO
8922,KCDW,KJFK
8923,EGLL,WSSS
8924,EGCC,EHAM
8925,LEBL,LEIB
8926,LSZH,LPPT
8927,EDDF,LHBP
8928,LIPE,LEMD
8929,OTHH,EGLL
8930,LFPO,LEBL
8931,LIPZ,UUEE
8932,EDDK,LEPA
8933,EDDM,KIAD
8934,EPGD,EPWA
8935,LEPA,LFPO
8936,LLBG,KJFK
8937,KIAD,KATL
8938,UUEE,UWWW
8939,KDAY,KDTW
8940,EHAM,EGLL
8941,KLGA,KCLT
8942,EGLL,KSEA
8943,KJFK,KCVG
8944,KRDU,KMDW
8945,KIND,KDTW
8946,TJSJ,KATL
8947,LOWW,LROP
8948,CYYC,CYXE
8949,LMML,EDDF
8950,EDDF,LIPZ
8951,KBUF,KTEB
8952,KATW,KATL
8953,LEIB,LEPA
8954,KJFK,KMIA
8955,KPDK,KCTJ
8956,KATL,KMCO
8957,KCLT,KBNA
8958,SBGR,SBRJ
8959,VHHH,YBBN
8960,KIAD,KPDK
8961,KLGA,KFLL
8962,KRDU,KORD
8963,LDZA,LDSR
8964,RJTT,RJOA
8965,RCTP,VMMC
8966,KSAT,KDAL
8967,KCMH,KDTW
8968,VECC,VABB
8969,EKCH,KIAD
8970,ESSA,ENGM
8971,KMDT,KPHL
8972,KPVD,KATL
8973,4NY8,KMMU
8974,KMCO,KMIA
8975,KBWI,KCLT
8976,KDEN,KCVG
8977,KORF,KDCA
8978,LEMD,EBBR
8979,ULLI,UUEE
8980,KLEB,KBOS
8981,EGHS,EGHH
8982,KTUL,KLAS
8983,KIAD,KMDW
8984,WS78,KMSP
8985,ENVA,ENZV
8986,LSZM,LEPA
8987,KSAT,KATL
8988,EBMB,EHAM
8989,VIDP,VOBL
8990,EGHH,EGNV
8991,KSTL,KMIA
8992,LSZH,LEPA
8993,KLUK,KHPN
8994,KCMH,KORD
8995,LTBA,VOMM
8996,LFMN,LFPO
8997,KRDU,66NC
8998,KMIA,SKBO
8999,KBOS,KORD
9000,RPLL,OTHH
9001,ENBR,ENGM
9002,KFLL,KJFK
9003,EGLL,KJFK
9004,KTEB,KMKC
9005,LFML,LFPO
9006,KATL,KORD
9007,KHSV,KATL
9008,EKCH,KEWR
9009,EDDF,LOWW
9010,KAUS,KMIA
9011,YCBG,YMML
9012,KDFW,KATL
9013,KCPS,7IS9
9014,EGCC,EGPD
9015,LTAC,LOWW
9016,LTFJ,EDDL
9017,KOAK,KSAN
9018,KATW,KORD
9019,KATL,KMCO
9020,EDDB,LLBG
9021,VIDP,VAPO
9022,LEIB,LEZL
9023,KS67,KBOI
9024,EDDK,LFPG
9025,EDVK,EDFE
9026,KLUK,KPDK
9027,EHAM,SBGL
9028,LFPB,LFML
9029,KEWR,KMCO
9030,KHYA,KPYM
9031,EVRA,EDDF
9032,YSSY,YMML
9033,VOBL,VABB
9034,KSYR,KDTW
9035,SBSP,SBRJ
9036,KPHL,KMCO
9037,LEMD,SPJC
9038,KFRG,KTEB
9039,RJOA,RJTT
9040,EPKT,EPWA
9041,EGKK,UKBB
9042,EGCC,LPPR
9043,KRDU,KBNA
9044,KDFW,KDTW
9045,LFPG,LEBL
9046,LEBL,LFPO
9047,EBMB,LEBL
9048,KPNS,KMIA
9049,EDDF,EPGD
9050,EDDF,VOBL
9051,KMDW,KATL
9052,LEMD,EHAM
9053,SBKP,SBRJ
9054,KGSO,KTEB
9055,EFHK,EVRA
9056,YMML,YMHB
9057,LPFR,EGCC
9058,KVPS,KATL
9059,KDTW,KBNA
9060,YBBN,YSSY
9061,EGNT,EGAA
9062,CYUL,CYBG
9063,LSGG,LPPT
9064,RJFF,RJTT
9065,KAZO,KORD
9066,KAUS,KBWI
9067,VOBL,VABB
9068,VIDP,VOMM
9069,SBGR,SBGL
9070,KBUF,KJFK
9071,EHAM,LPPT
9072,EFOU,EFHK
9073,EDDM,LTFJ
9074,KCHO,KCLT
9075,UKBB,EDDB
9076,EGKK,LPPR
9077,ENVA,ENNM
9078,VHHH,PANC
9079,LEBL,LEPA
9080,ESSA,EGLL
9081,KRDU,KFLL
9082,ENBR,ENZV
9083,KHOU,KOAK
9084,KSTL,KMSP
9085,LIMC,LEBL
9086,KDCA,KDEN
9087,EKCH,LPPT
9088,KMIA,KDFW
9089,EIDW,EDDF
9090,KTEB,KIAD
9091,KAUS,KDEN
9092,KDFW,KORD
9093,LOWW,EDDM
9094,LROP,LYBE
9095,EDDL,EHAM
9096,LFOB,LIRA
9097,CYYZ,CYVR
9098,KABQ,KPHX
9099,EDDF,LDZA
9100,KCWA,KMSP
9101,EDDH,EHAM
9102,SBSP,SBCO
9103,KGSO,KCLT
9104,KABE,KORD
9105,ZGSZ,RJBB
9106,EDFC,EDFM
9107,KBNA,KATL
9108,UKBB,EPWA
9109,LPPR,LSGG
9110,KATW,KORD
9111,KPHL,KFLL
9112,KAVP,KORD
9113,KSTP,KMKC
9114,KSTL,KDFW
9115,LEMG,EHAM
9116,NZPM,NZCH
9117,KDCA,KBOS
9118,KBWI,KLAS
9119,KBWI,KATL
9120,KLGA,KDFW
9121,EDDF,LSZH
9122,EPPO,EPWA
9123,KORD,KDEN
9124,KSYR,KJFK
9125,KMLI,KORD
9126,KMCI,KDEN
9127,KROC,KBWI
9128,LFPG,EIDW
9129,SKBO,KMIA
9130,VIDP,VABB
9131,RJFF,RJTT
9132,EHAM,LTFJ
9133,KBUF,KFLL
9134,KECP,KATL
9135,KIAH,KDAL
9136,KABE,KDTW
9137,VHHH,VHSK
9138,KMSP,KPHX
9139,EDDF,LPPR
9140,KBMI,KATL
9141,LSZH,LSGG
9142,KCMH,KLGA
9143,KBNA,KDEN
9144,KSAT,KBWI
9145,KORF,KCLT
9146,KMDT,KORD
9147,EDDF,EPWR
9148,YMML,YBBN
9149,LLBG,LHBP
9150,LPPR,EDDF
9151,EHRD,LEMG
9152,YMEN,YMAY
9153,KMCI,KATL
9154,KSYR,KORD
9155,LEBL,EDDB
9156,KLGA,KBOS
9157,VABB,VOBL
9158,LEMD,LROP
9159,KTYS,KECP
9160,ELLX,LEMD
9161,LFPG,LSGG
9162,KMKE,KBNA
9163,KMIA,KDFW
9164,LPPT,LPPR
9165,RJTT,RJFF
9166,KORD,KMIA
9167,KDCA,KDFW
9168,KDCA,KATL
9169,KBNA,KDAL
9170,LTAC,LTFJ
9171,KSTL,KDEN
9172,KMSP,KDEN
9173,KTYS,KMSP
9174,ESSA,EDDM
9175,LEMG,EDDF
9176,KLGA,KDCA
9177,KPNS,KDCA
9178,KBUF,KORD
9179,KCMH,KMIA
9180,ENGM,ENZV
9181,KMDT,KATL
9182,EGLL,LIRF
9183,LIRF,EGLL
9184,KOKC,KATL
9185,EHAM,LIMC
9186,LFBO,EGNR
9187,KSYR,KLGA
9188,KBNA,KDCA
9189,LFPG,LFBD
9190,LFPG,EDDB
9191,KSRQ,KATL
9192,KSAT,KDEN
9193,LEMD,EDDF
9194,KABQ,KDFW
9195,KORF,KLGA
9196,KCHO,KORD
9197,KSTL,KATL
9198,KRDU,KISO
9199,LEBL,EDDF
9200,KMKE,KMCO
9201,ULLI,UUEE
9202,UUEE,UWLL
9203,KLGA,KFLL
9204,KMCI,KDFW
9205,EGLL,EHAM
9206,KHOU,KDAL
9207,EDDF,EBBR
9208,EGAC,EGLC
9209,KTUL,KDEN
9210,LIMC,LTFJ
9211,KABE,KATL
9212,KPHL,KCLT
9213,KORD,KLGA
9214,EHAM,KORD
9215,LSGG,LEPA
9216,K3MY,KORD
9217,LIML,ESSA
9218,KORD,KATL
9219,KMCI,KDCA
9220,KMKE,KATL
9221,KBOS,KDFW
9222,KFLL,KPHL
9223,LEMG,EHAM
9224,KDAL,KSAT
9225,KSTL,KDAL
9226,KPHF,KCLT
9227,EDDB,LPFR
9228,ESSA,EDDF
9229,KATL,KPHL
9230,LEPA,EGLF
9231,K4D0,KORD
9232,EBCI,LEMG
9233,KBNA,KMSP
9234,SBRJ,SBSP
9235,KIAD,KORD
9236,SBGR,SBCO
9237,KMSP,KLAX
9238,LSGG,LPPT
9239,KTTN,KMJX
9240,KFXE,KMIA
9241,KBOS,KCLT
9242,KAUS,KSEA
9243,KSTL,KLAS
9244,BIKF,KJFK
9245,KCHO,KATL
9246,KMCI,KDAL
9247,KBNA,KORD
9248,KFLL,KDFW
9249,LFPG,EKBI
9250,KCLT,KATL
9251,KORD,KMCO
9252,KPHL,KMCO
9253,KBOS,KJFK
9254,KMSP,KDEN
9255,KLGA,KDEN
9256,PANC,KORD
9257,EDDF,SKBO
9258,KCWA,KORD
9259,KBWI,KHOU
9260,ENGM,ENZV
9261,KEWR,KFLL
9262,LFPO,LFKF
9263,EGLL,EGPH
9264,KDTW,KBWI
9265,ULLI,EPWA
9266,YPPH,YMML
9267,EDDL,EDDH
9268,EDDF,LEMD
9269,KROC,KJFK
9270,KSDF,KMIA
9271,KTUL,KDAL
9272,KCLT,KLGA
9273,KBNA,KSEA
9274,KFLL,KLGA
9275,EHAM,CYYC
9276,EGGP,EGAA
9277,KDFW,KDEN
9278,KJFK,KLAX
9279,LSZH,EDDM
9280,YSBK,YSWG
9281,KLGA,KATL
9282,EDDF,LSGG
9283,KDCA,KMIA
9284,KAUS,KMSP
9285,KMCI,KPHX
9286,KSAT,KDEN
9287,LFPG,LTFJ
9288,RPLL,KLAX
9289,KRDU,KMIA
9290,KMKE,KLGA
9291,KFLL,KMDW
9292,KCLT,KORD
9293,KDTW,KJFK
9294,KPIT,KMSP
9295,KBOS,KPHX
9296,EPGD,EDDM
9297,KROC,KORD
9298,KDBQ,KORD
9299,KMDW,KBNA
9300,KBNA,KPHX
9301,KABQ,KGNT
9302,VOMM,VOBL
9303,KDTW,KMCO
9304,LOWW,LTFJ
9305,KORD,KDCA
9306,KRDU,KLAS
9307,KIAD,KSFO
9308,KAUS,KJFK
9309,KPIT,KEWR
9310,LFQQ,LFPG
9311,LROP,LIMC
9312,KBOS,KPHL
9313,KJFK,KATL
9314,ESNZ,ESSA
9315,KBWI,KATL
9316,KBNA,KMCO
9317,KMDW,KSTL
9318,KTEB,KBKL
9319,KDTW,KDCA
9320,SBBR,SBGR
9321,KLGA,KMCO
9322,EHAM,LEMG
9323,KMIA,KATL
9324,RJTT,RJFF
9325,KATL,KSTL
9326,KTPA,KATL
9327,LSZH,UKBB
9328,42VT,KCLT
9329,KBNA,KHOU
9330,KDTW,KMCO
9331,KJFK,EGNX
9332,KORD,KLGA
9333,EDDF,LPPT
9334,KHOU,KPHX
9335,KMDW,KMCO
9336,KAUS,KATL
9337,KLGA,KMCO
9338,KBUF,3NK5
9339,ESSA,LPPT
9340,LIRF,LIMJ
9341,LROP,EIDW
9342,KBNA,KBWI
9343,KMCI,KIAD
9344,KTUL,KATL
9345,KBOS,KFLL
9346,EDDF,ULLI
9347,KFLL,KDFW
9348,SBSP,SBRJ
9349,KATL,KFLL
9350,LEPA,LSZH
9351,KPHL,KDEN
9352,EDDL,EDDH
9353,KSAT,KLAX
9354,EGCC,EGLL
9355,VHHH,RCTP
9356,FAOR,FACT
9357,KEWR,KMIA
9358,KRDU,KFLL
9359,EFHK,EHAM
9360,NZAA,VHHH
9361,KPIT,KLNS
9362,KBMI,KORD
9363,LKPR,UKBB
9364,KBWI,KLAS
9365,UUWW,ULLI
9366,LFBO,LPPT
9367,RJAA,RCTP
9368,EBCI,LPPR
9369,KDTW,KLAS
9370,PANC,RCTP
9371,EDDF,LEPA
9372,KCMH,KLGA
9373,KFLL,KMSP
9374,YPPH,YMML
9375,KHOU,KBWI
9376,KTYS,KORD
9377,EDDK,LTFJ
9378,LIMC,KJFK
9379,YBCG,YSSY
9380,LFPG,LKPR
9381,RJOO,RJFF
9382,KDTW,KBOS
9383,VOBL,OTHH
9384,KBNA,KMIA
9385,KDAL,02XS
9386,LIME,LOWW
9387,YSSY,VHHH
9388,LSZH,LYBE
9389,LIML,LICZ
9390,LEPA,LSZH
9391,KAUS,KSEA
9392,KORD,KBOS
9393,KDTW,KRDU
9394,ESSA,LFPG
9395,KTEB,KMDW
9396,KFLL,KIAD
9397,YPAD,YSSY
9398,LFPG,LFML
9399,EDDF,LIMC
9400,LEZL,LEBL
9401,LFBD,LSGG
9402,LSGG,LSZH
9403,KRMN,1VA9
9404,KMDW,KHHR
9405,VECC,VIDP
9406,KORD,KPHX
9407,LIPZ,EDDL
9408,EHAM,KIAD
9409,EDDF,EDDH
9410,LTFJ,EDDH
9411,KCLT,KDTW
9412,LSZH,KJFK
9413,PANC,KORD
9414,KRDU,KJFK
9415,ESSA,EFHK
9416,UUEE,EPWA
9417,KBWI,KDFW
9418,KPHL,KDFW
9419,KBNA,KPHL
9420,KAUS,KDEN
9421,EDDG,EDDM
9422,KBOS,KATL
9423,KFLL,KMIA
9424,KBUF,3NK5
9425,LFPG,GMMN
9426,KMSN,KMSP
9427,LIML,LIBD
9428,LEMH,LEMD
9429,KSTL,KLGA
9430,LIMC,LEMD
9431,KCMH,KFLL
9432,LPPT,LPPR
9433,KDTW,KFLL
9434,EDDF,EKCH
9435,RJOA,RJTT
9436,EBCI,LTFJ
9437,LICJ,EDDM
9438,KATL,KMIA
9439,KMIA,KLGA
9440,KOMA,KMDW
9441,LEZL,EHAM
9442,KDCA,KFLL
9443,KSPI,KORD
9444,KCLT,KRDU
9445,KBUY,KOSU
9446,KMDW,KFLL
9447,KBOS,KMIA
9448,KSAT,KLAS
9449,KISP,KHFD
9450,KBNA,KDCA
9451,KMIA,KPHL
9452,KFDK,KLNS
9453,KMSP,KATL
9454,KDAL,KMCO
9455,KFLL,KBOS
9456,SBGR,SBRJ
9457,KCLT,KFLL
9458,EKCH,EDDM
9459,KOKC,KDFW
9460,EGKK,LEMG
9461,KATL,KLGA
9462,EDDM,LTFJ
9463,KCLT,NC48
9464,EGCC,LPFR
9465,VIDP,VOBL
9466,ESMT,ESSB
9467,FAOR,FACT
9468,KLAL,KX49
9469,KAUS,KPHX
9470,KIAH,KDEN
9471,KJFK,KSFO
9472,EDMO,EDDB
9473,EVRA,UUWW
9474,ESSA,ENGM
9475,KMCI,KMCO
9476,EDDH,UUEE
9477,LSZH,LPPT
9478,KCMH,KMIA
9479,EKCH,LTFJ
9480,RPLL,VHHH
9481,LEMD,OMDB
9482,KDTW,KCLT
9483,LROP,LFPG
9484,KDAL,KPHX
9485,VECC,VOMM
9486,LPPT,LFPO
9487,KBOS,KMCO
9488,KLGA,KROC
9489,KOKC,KDEN
9490,LTFJ,EBCI
9491,LIRF,KJFK
9492,KJFK,KLAS
9493,LTBA,LEMD
9494,EDDF,EDDM
9495,ENZV,ENBR
9496,EDDF,OBBI
9497,KFLL,KDAL
9498,LEBL,LFPB
9499,KTEB,KVNY
9500,KTYS,KATL
9501,EDDL,LPPT
9502,KGRR,KPHL
9503,LOWW,EPKK
9504,KMDW,KMSP
9505,KRDU,KEWR
9506,KACK,KPVD
9507,KORD,KPHL
9508,ULLI,UUWW
9509,KDAL,KATL
9510,LPPT,LEMD
9511,EDDB,LPPT
9512,KAUS,KLAX
9513,KJFK,KMCO
9514,KDTW,KORD
9515,KMIA,KBOS
9516,KIAH,KDEN
9517,GA04,KFFC
9518,KBNA,KRDU
9519,RJOO,RJTT
9520,LDZA,EPWA
9521,ESKN,EPGD
9522,KMKE,KPHL
9523,KHOU,KLAS
9524,NZAA,KLAX
9525,ENZV,EGPD
9526,KDTW,KATL
9527,KATL,KDTW
9528,KGRR,KMDW
9529,KSTL,KDCA
9530,EDLW,EDDG
9531,KSRQ,KBWI
9532,7OH2,KORD
9533,EGLL,KORD
9534,KLGA,KDCA
9535,LIRF,LIMA
9536,KDAL,K9X1
9537,UUWW,LIML
9538,EKCH,KLAX
9539,KCLT,KBNA
9540,KMDW,KHOU
9541,VAPO,VIDP
9542,KMKE,KORD
9543,BIKF,KEWR
9544,KBWI,KMIA
9545,LEPA,EDDF
9546,KPDK,K9A1
9547,KSGF,KATL
9548,KHYA,KBED
9549,KLGA,KCVG
9550,CYUL,KATL
9551,KMKE,KPHX
9552,KDAL,KLAS
9553,LSZH,LGAV
9554,KPIT,KATL
9555,KBNA,KSTL
9556,KIAD,KTEB
9557,KHOU,KDFW
9558,EDDF,EDDL
9559,LFPO,LFKJ
9560,KRDU,KCLT
9561,VHHH,WSSS
9562,WBKK,WMSA
9563,EDDL,LTFJ
9564,KBOS,KPHX
9565,KFLL,KACY
9566,KTYS,KPHL
9567,LLBG,EDDB
9568,KMIA,KIAD
9569,EDDH,LPPT
9570,LEMG,GMMN
9571,LEBL,LEMD
9572,KATL,KBOS
9573,LEMH,LEBL
9574,EHAM,LEIB
9575,VIDP,VECC
9576,KBNA,KORD
9577,UKBB,EDDF
9578,VOMM,VABB
9579,KDAL,KBWI
9580,EKCH,EKYT
9581,PA17,KCLT
9582,BIKF,KBOS
9583,KSAT,KDFW
9584,KMSN,KATW
9585,KSYR,KSDF
9586,LPMA,LPPT
9587,VHHH,RCTP
9588,KCLT,KLAX
9589,KFLL,KBKL
9590,LFML,LFBD
9591,ESGG,EDDM
9592,RJOO,RJTT
9593,KHPN,KMMU
9594,LEMG,LFPG
9595,LOWW,LDZA
9596,KMDW,KATL
9597,EGSS,LPPT
9598,KMSP,KDEN
9599,KBWI,KORD
9600,KBWI,KORD
9601,KDCA,KMSP
9602,EPWA,EDDM
9603,KMIA,KLGA
9604,LFPG,LEMD
9605,KHOU,KDFW
9606,KORF,KPHL
9607,LFPO,LIMC
9608,LROP,EPWA
9609,UKBB,LOWW
9610,VHHH,PANC
9611,PANC,KSDF
9612,KBOS,KMIA
9613,KDTW,KEWR
9614,KFLL,KATL
9615,EDDF,LIPX
9616,LFPG,UKBB
9617,KRDU,KSEA
9618,LIRF,LIPE
9619,KSDF,KMSP
9620,KLZU,0GA4
9621,KMVY,KPVD
9622,LKPR,EGGW
9623,KLDJ,K39N
9624,SBKP,SBVT
9625,CYUL,CNV9
9626,KCMH,KEWR
9627,KDCA,KORD
9628,KCLT,KMCO
9629,CYWG,CYVR
9630,EDDF,VABB
9631,KSAT,KSDF
9632,KCLT,KSFO
9633,KROC,KTEB
9634,KLAS,KBUR
9635,KJFK,KDTW
9636,LEPA,EDDH
9637,YBBN,YSSY
9638,LMML,LIPE
9639,EDDF,CYVR
9640,KSTL,KDTW
9641,LFPG,CYVR
9642,KORD,KBWI
9643,KGSO,KDFW
9644,VABB,VIDP
9645,VHHH,OTHH
9646,UKBB,EHAM
9647,KEWR,KDCA
9648,WSSS,RPLL
9649,EKCH,EVRA
9650,KBOI,KMSP
9651,LEMT,LECU
9652,EIDW,KORD
9653,KJFK,KSEA
9654,EDDF,CYYZ
9655,KBUF,KTEB
9656,EGLL,KCLT
9657,LIRF,LIPQ
9658,KBNA,KLGA
9659,KAUS,KDFW
9660,LHBP,LSZM
9661,KBOS,KPHL
9662,LIME,EPWR
9663,LIBD,EDDM
9664,KATL,KMSP
9665,EDDW,EDDM
9666,KFLL,KSTL
9667,KSGF,KDFW
9668,KDCA,KLGA
9669,ESSA,LTFJ
9670,KSTL,KMCO
9671,LEPA,LEMD
9672,EDDF,LEMG
9673,KRDU,KATL
9674,PANC,KORD
9675,EBAW,LEAL
9676,KDFW,KLAX
9677,KBUF,KSDF
9678,01LL,KSTL
9679,TJSJ,KATL
9680,3NK5,KIAD
9681,EDDF,EHAM
9682,EHAM,UUEE
9683,KCLT,KPVD
9684,KSAT,KATL
9685,EDDF,KIAD
9686,KIAH,KMSP
9687,EBCI,EPKK
9688,LLBG,LGAV
9689,KCMH,KMDW
9690,EDDF,LEBL
9691,VIDP,VOBL
9692,VHHH,RCTP
9693,KIAD,KDFW
9694,KDEN,KAUS
9695,EGLL,KSFO
9696,KMIA,KJFK
9697,KBOS,KBKL
9698,KOMA,KPHX
9699,KMDT,KDFW
9700,UUEE,KJFK
9701,KMSP,KMCO
9702,RJBB,RJAA
9703,KHOU,KDAL
9704,KDAL,KMCI
9705,UUDD,EDDF
9706,KMCI,KMDW
9707,OI34,KEDJ
9708,KORD,KPHX
9709,KDFW,KDEN
9710,LEIB,LEMD
9711,LPPT,LFPG
9712,KPDK,KHPN
9713,KRDU,KDCA
9714,KBOS,KLAX
9715,KUES,KHXF
9716,SBKP,SBBR
9717,KJYO,KOKV
9718,EVRA,EPWA
9719,VOMM,VIDP
9720,KDTW,KPHL
9721,LOWW,LLBG
9722,KCLT,KDTW
9723,KDAL,KMDW
9724,KOMA,KDTW
9725,LFMN,LFPO
9726,LEMD,UKBB
9727,KMIA,SBKP
9728,KBOS,KDFW
9729,KPVD,KEWR
9730,LKPR,LHBP
9731,KMDW,KPHX
9732,EDDS,LIML
9733,KSTL,KPHL
9734,KFLL,KPHL
9735,LPPT,GMMN
9736,LFPO,GMMN
9737,KCLT,KLAS
9738,KMCI,KBWI
9739,LDZA,EGLL
9740,KIND,KLGA
9741,LMML,LEBL
9742,WMKK,VABB
9743,LEPA,EDDV
9744,KBWI,KSEA
9745,KMKE,KCWA
9746,LIMC,UKBB
9747,LFPG,LEPA
9748,UMMS,UUWW
9749,EDDF,LPPT
9750,RJAA,RCTP
9751,LYBE,EDDM
9752,KLGA,KDEN
9753,KMDW,KLAS
9754,KAFW,3TX2
9755,KCLT,KPHX
9756,EIDW,EGPH
9757,LIRF,LIML
9758,KHVN,KPHL
9759,KBOS,KSEA
9760,KSWF,KLGA
9761,KFLL,KDFW
9762,KBED,KHPN
9763,KOKC,KORD
9764,LSZH,EPWA
9765,KSLK,KBOS
9766,KLGA,KDFW
9767,RJTT,RJBB
9768,KABQ,KSAF
9769,KIND,KLAX
9770,KBOS,KORD
9771,EGLL,KIAD
9772,KORD,KDTW
9773,UKKK,EETN
9774,ESSA,EHAM
9775,KPDK,30GA
9776,KATL,KORD
9777,LFPO,LPFR
9778,UUDD,ULLI
9779,EGPH,EGPD
9780,RCTP,KLAX
9781,LFPG,EDDM
9782,VAPO,VIDP
9783,EHAM,LTFJ
9784,LFPG,LPPT
9785,EDDF,EETN
9786,SBGR,SBCO
9787,LEZG,LEMG
9788,KSDF,KSAN
9789,LPPT,EBBR
9790,KEWR,KPHX
9791,LIRF,EDDM
9792,KFLL,KLAX
9793,EDDF,LTFJ
9794,KLGA,KORD
9795,VOMM,VIDP
9796,KDFW,KMSP
9797,KMSP,KMIA
9798,KLCK,8OA7
9799,WSSS,VABB
9800,LFST,LFBO
9801,KMIA,KORD
9802,LEMD,CYYZ
9803,KEWR,KCLT
9804,KMKE,KMSN
9805,KJFK,KSEA
9806,KIAD,KJFK
9807,KCLT,KPHL
9808,KDTW,KORD
9809,16MI,KORD
9810,KFLL,KORD
9811,KORD,KMIA
9812,EBMB,EDDB
9813,ZGSZ,PANC
9814,VHHH,YSSY
9815,LEPA,LEBL
9816,EKCH,EKYT
9817,KAUS,KATL
9818,KAPA,KTUL
9819,EDDK,EDDM
9820,GMMN,LIMC
9821,LFOB,EPMO
9822,KBUF,KDFW
9823,LLBG,KEWR
9824,KPYM,KBED
9825,KSTL,KMDW
9826,EDDF,KORD
9827,KSLC,KBOI
9828,KCLT,KBWI
9829,TJSJ,KJFK
9830,KATW,KDTW
9831,KMSN,KATL
9832,KHSV,KIAD
9833,KJFK,KMCO
9834,KLZU,KGVL
9835,KTUL,KORD
9836,VECC,VABB
9837,KBOS,KLAS
9838,KGRB,KMSP
9839,KMCI,KPHX
9840,SBRJ,SBSP
9841,VABB,VIDP
9842,KSDF,KORD
9843,KMIA,KBWI
9844,KMSP,KORD
9845,KBOS,KSDF
9846,KSTL,KIAD
9847,KHOU,KLAS
9848,LFPO,LFML
9849,KGAI,KN71
9850,EDDF,EDDN
9851,EDDL,EDDM
9852,KAUS,KLAS
9853,EBMB,EDDM
9854,KDTW,KPHX
9855,KCLT,KCVG
9856,EHAM,KJFK
9857,EKCH,EKRN
9858,GMMN,LIPE
9859,EGHI,EGJA
9860,EBAW,EHRD
9861,EGSS,LTFJ
9862,KBNA,KMDW
9863,KCLT,KATL
9864,KBOS,KRDU
9865,KDEN,KPHX
9866,KLGA,KORD
9867,RJFF,RJTT
9868,KEWR,KBOS
9869,KHOU,KDAL
9870,KMKE,KOSH
9871,ZGSZ,ZUCK
9872,KJFK,KSFO
9873,KLAX,EDDP
9874,KFLL,KDTW
9875,LEIB,LEPA
9876,KMSP,KMCO
9877,KMCI,KMSP
9878,KOKC,KATL
9879,CYOW,CYYZ
9880,KOMA,KATL
9881,SSJC,SBKP
9882,KAPC,KSAC
9883,LPMA,LPPT
9884,EGLF,LIML
9885,KMDW,KSAN
9886,EDDF,KSFO
9887,EDDL,LPFR
9888,KABQ,KLAS
9889,KOMA,38NE
9890,UUDD,UWKD
9891,KATL,KFLL
9892,CYYZ,KSFO
9893,KEWR,KMCO
9894,PANC,KORD
9895,SKBO,SPJC
9896,LHBP,LSZM
9897,EKYT,ENGM
9898,ENGM,EKCH
9899,LSGG,EBBR
9900,EETN,EFHK
9901,LROP,LFPG
9902,YPPH,NZAA
9903,KMDW,KLGA
9904,KJFK,KTEB
9905,KIAH,KDEN
9906,KBWI,KSDF
9907,KMKE,KLAS
9908,LPPT,LSZH
9909,LEPA,EDDS
9910,KLAX,KPHX
9911,KFCM,KSBM
9912,KBOS,KEWR
9913,ENGM,LOWW
9914,KFCM,9MN6
9915,KSBD,KSDF
9916,KTUL,KDAL
9917,KIAD,KSEA
9918,EFOU,EFHK
9919,KEWR,KSRQ
9920,SBBR,SBRJ
9921,EVRA,LIRF
9922,YBBN,YSSY
9923,LIRF,EDDL
9924,VABB,VECC
9925,KORF,KEWR
9926,ULLI,UUEE
9927,EHAM,UKBB
9928,KCLT,KORD
9929,KDFW,KTYS
9930,KPHL,KATL
9931,KJFK,KSDF
9932,EGLL,KORD
9933,LOWW,UUEE
9934,EDDV,LEBL
9935,SBRJ,SBVT
9936,KCTJ,KJZP
9937,EDDF,ESSA
9938,EGPF,EGLL
9939,KPHL,3PA9
9940,KOKC,KPHX
9941,EDDF,VHHH
9942,KATL,KDEN
9943,KDEN,KBWI
9944,LPPT,EGLL
9945,KCLT,KMIA
9946,KIND,KATL
9947,KEWR,KIAD
9948,RCTP,VHHH
9949,KPVD,KPHL
9950,KJFK,KSFO
9951,KCLT,9NR8
9952,LIME,LMML
9953,SBBR,SBRJ
9954,KBDR,KTEB
9955,KATL,KIAD
9956,LEBL,LEIB
9957,KLGA,KDEN
9958,UAAA,UUDD
9959,ENGM,EKCH
9960,KMSN,KDTW
9961,VAPO,VOBL
9962,KCLT,KHPN
9963,KDEN,KDAL
9964,EGLL,KATL
9965,ESSA,EKCH
9966,KMIA,KMSP
9967,RJAA,RCTP
9968,EGGW,LSGG
9969,KSTL,KORD
9970,LEZG,LEMG
9971,KLZU,GA50
9972,KLGA,KBOS
9973,KBNA,KIAD
9974,KHEF,KBED
9975,KCLT,KSAN
9976,CYUL,CYYC
9977,KATL,KEWR
9978,KROC,KEWR
9979,KDEN,KMKE
9980,KBOS,KPVC
9981,EICK,EHAM
9982,LEMD,LROP
9983,EDDF,RJTT
9984,LIMJ,EHAM
9985,KCHD,KSDL
9986,SBGR,SBVT
9987,LFPG,LIRF
9988,KOMA,KSEA
9989,VOMM,VIDP
9990,LIMC,EDDP
9991,KMSP,KBWI
9992,KSDF,KORD
9993,FAOR,WSSS
9994,KDAL,KOAK
9995,EGLL,KMIA
9996,KEWR,KDFW
9997,UUDD,ULLI
9998,KIAD,KPDK
9999,KDEN,KBNA
10000,LTFJ,LTFE
10001,KFRG,KISP
10002,PANC,KORD
10003,EDDF,KIAD
10004,KATW,KORD
10005,EDDB,LICJ
10006,KORD,KMSP
10007,KCLT,KMKE
10008,SBRJ,SBKP
10009,KDAL,KLAX
10010,LEPA,EDDB
10011,RJFF,RCTP
10012,ULLI,UUYY
10013,EGCC,LIME
10014,KMSP,KMDW
10015,KDCA,KBOS
10016,KCMH,KSDL
10017,UUDD,LOWW
10018,CYYZ,KHPN
10019,KGSO,KIAD
10020,LSZH,EGLL
10021,KBOI,KLAS
10022,KABQ,KLAX
10023,EDDM,UUEE
10024,KCLT,KMCI
10025,KIAD,KMSP
10026,VHHH,VIDP
10027,KMIA,KTEB
10028,LEZG,LEMG
10029,LKPR,EDDF
10030,KMCI,KATL
10031,KBNA,KFLL
10032,KMSN,KORD
10033,KMSP,KBOS
10034,KSYR,KIAD
10035,KCMH,KDCA
10036,KMMU,NK54
10037,KDEN,KSDF
10038,LSGG,LTFJ
10039,KHOU,KMDW
10040,EGLL,EGAC
10041,EGAC,EGLL
10042,KTPA,KLAX
10043,KOMA,KORD
10044,YMML,YPAD
10045,KLAX,KSEA
10046,KTUL,KDEN
10047,KCLT,KEWR
10048,KMKE,KCWA
10049,GMMN,EBBR
10050,LFPG,KBOS
10051,KDAY,KPHL
10052,LOWW,LTFJ
10053,KSPI,KDFW
10054,KTYS,KDCA
10055,KBOS,KMSP
10056,KROC,KBOS
10057,KSTL,KBNA
10058,KAUS,KPDX
10059,KOMA,KAPA
10060,LKPR,LIME
10061,KORD,KMCO
10062,VABB,VECC
10063,KMKE,KDTW
10064,KRDU,KPHL
10065,KPHL,KBOS
10066,KCMH,KORD
10067,EDDS,LTFJ
10068,EPPO,EDDM
10069,KTUL,KMKC
10070,KMSN,KDFW
10071,KSTL,KORD
10072,KDEN,KLAS
10073,YSSY,RCTP
10074,LIRF,EDDF
10075,KCVG,KEWR
10076,GMMN,LEMD
10077,KTYS,KSRQ
10078,MI18,1MI8
10079,KMIA,KSDF
10080,KSDF,KIAD
10081,LYBE,EDLW
10082,KORF,KATL
10083,KDFW,KBWI
10084,KCLT,KSTL
10085,EDDL,LEPA
10086,KJFK,KMIA
10087,KMKE,KDFW
10088,KAUS,KLAX
10089,KOMA,KATL
10090,LEBL,LIPZ
10091,KORD,KATL
10092,LEPA,LEMH
10093,KPHL,KABE
10094,EDDF,EKBI
10095,KDTW,KPHL
10096,EPWA,UKBB
10097,KCMH,KCLT
10098,KOPF,KFXE
10099,KFLL,KBWI
10100,KBWI,KMDW
10101,LEZG,LEMG
10102,KBNA,KMDW
10103,KCLT,KBKL
10104,KSAT,KORD
10105,KGRB,KORD
10106,EDDF,UUEE
10107,KORD,KSTL
10108,KRDU,66NC
10109,ESSA,ESTA
10110,KOMA,KHSI
10111,CYYZ,CYUL
10112,KEWR,KATL
10113,KMHT,KIAD
10114,KMSP,KDFW
10115,KLGA,KCLT
10116,KMVY,KTEB
10117,KDFW,KFLL
10118,IN93,KORD
10119,LEBL,KMIA
10120,KPHL,KBOS
10121,EHAM,OMDB
10122,EDDB,LTFJ
10123,SBBR,SBSP
10124,KFLL,KDCA
10125,KJFK,KSAN
10126,KRDU,KBNA
10127,KDAL,KSFO
10128,KMIA,KEWR
10129,RCTP,KSEA
10130,KDTW,KATL
10131,KSRQ,KATL
10132,KDTW,KLAS
10133,KBNA,KDFW
10134,KTYS,KDTW
10135,KMDW,KDCA
10136,EPKK,EDDM
10137,LPPT,LHBP
10138,KRDU,NC48
10139,KSDF,KPHL
10140,KSJC,KBOS
10141,KJFK,KMSP
10142,OTHH,EGLL
10143,KPNS,KATL
10144,LFPG,UKBB
10145,KMVY,KBOS
10146,KATL,KRDU
10147,ESSA,LEPA
10148,KMCI,KMIA
10149,KORD,KBNA
10150,KDFW,KBNA
10151,EDDS,EDDH
10152,KDEN,KBTF
10153,KATL,KSEA
10154,KCLT,KDCA
10155,KIAH,KLAX
10156,KHOU,KDEN
10157,EKCH,EGLL
10158,KDAY,KIAD
10159,EDVE,ETSI
10160,KAUS,KMIA
10161,LEPA,EDDM
10162,LIRF,LIPX
10163,KCMI,KDFW
10164,42VT,KPHL
10165,KDAL,KFLL
10166,YSSY,RCTP
10167,SBBR,SBGR
10168,KDFW,KPNS
10169,EDXF,EDXK
10170,KADS,KTEB
10171,KCLT,KLGA
10172,KDEN,KDFW
10173,LFPO,LFBO
10174,KPIT,KIAD
10175,KRDU,KEWR
10176,EDDF,LMML
10177,KIND,KEWR
10178,KTUL,OK25
10179,SBSP,SBCO
10180,KCLT,KMDT
10181,EHAM,LEMD
10182,IL38,KARR
10183,LEBL,EHAM
10184,6NY1,KDTW
10185,ESSA,EETN
10186,KDTW,KLAS
10187,KJFK,KORD
10188,KMCI,KORD
10189,LIEE,LIMC
10190,KDCA,KPHX
10191,EPKK,EIDW
10192,KEWR,KORD
10193,KPIE,KVNC
10194,KMCI,KLGA
10195,YMML,YSSY
10196,SBBR,SBSP
10197,KAUS,KORD
10198,LEMD,LEIB
10199,KLAS,AZ50
10200,EKCH,EKYT
10201,EDDF,KBOS
10202,KMSP,KORD
10203,KSTL,KATL
10204,SBGR,SBRJ
10205,ESSA,BIKF
10206,CYHU,CYYZ
10207,EDDH,LOWW
10208,CYYZ,CYYC
10209,KDTW,KEWR
10210,EIDW,KJFK
10211,EDDF,EDDC
10212,LFKJ,LFPO
10213,LEBL,LIRF
10214,KCLT,KATL
10215,VABB,VOMM
10216,KJFK,KMIA
10217,KMCI,KSEA
10218,KBOS,KMVY
10219,YSSY,RCTP
10220,VOBL,VIDP
10221,KFLL,KATL
10222,KDCA,KLGA
10223,RJBB,RJTT
10224,KCMH,KDFW
10225,KPIT,KPHL
10226,KSAT,KATL
10227,KBNA,KBOS
10228,KBTL,MI77
10229,KSEA,KORD
10230,KPYM,KFMH
10231,LLBG,UKBB
10232,KDTW,KCLT
10233,KMIC,KCBG
10234,KDFW,KATL
10235,KATL,KMIA
10236,KPIA,KORD
10237,EDDV,LTFJ
10238,KEWR,KCLT
10239,RJFF,RJTT
10240,KMKE,KORD
10241,EGSS,EGPH
10242,KCLT,KEWR
10243,KPVD,KIAD
10244,KDEN,KLAX
10245,KFFZ,KCHD
10246,TJSJ,KEWR
10247,KSGF,KORD
10248,RJTT,KLAX
10249,KSAT,KDFW
10250,KAUS,KTPA
10251,EDDH,LTFJ
10252,KORD,KDFW
10253,KDEN,KMCI
10254,KMIA,KPDK
10255,KDFW,KLAX
10256,KPHX,KPHL
10257,KFLL,KMIA
10258,KDFW,KSTL
10259,KBOS,KORD
10260,EHAM,OMDB
10261,KCLT,KDFW
10262,EDDB,EDDK
10263,KEWR,KFLL
10264,UUEE,LKPR
10265,KCMH,KPHL
10266,NK43,KIAD
10267,KLAX,KSFO
10268,KFFZ,KCGZ
10269,KONT,07KY
10270,LOWG,EHAM
10271,LFBO,LFPO
10272,EKCH,EPGD
10273,KSAT,KLAX
10274,KATL,KTPA
10275,VAPO,VIDP
10276,SBBR,SBSP
10277,KLGA,KBKL
10278,KDEN,KPHX
10279,CYUL,CYVR
10280,KLAS,KDFW
10281,KFLL,KEWR
10282,LYBE,EDDF
10283,KBWI,KPHX
10284,KBOS,KFLL
10285,KSDF,KATL
10286,KIND,KIAD
10287,VHHH,VOMM
10288,KDEN,KBOS
10289,KDCA,KATL
10290,KFDK,KHGR
10291,KPVD,KSDF
10292,KDTW,KDFW
10293,EGLL,LEMG
10294,KPHL,KIAD
10295,LIRA,EHEH
10296,KEWR,KSAN
10297,KATL,KEWR
10298,KUNV,KPHL
10299,KDCA,KSEA
10300,KCMH,KCLT
10301,KAUS,KATL
10302,KMCO,KMIA
10303,LEPA,EDDH
10304,KORD,KMIA
10305,KJFK,KLAX
10306,LMML,LICZ
10307,KMDT,KCLT
10308,KGRB,KDTW
10309,KDFW,KMCO
10310,EPKK,EPWA
10311,ESDF,ESSB
10312,KMVY,KBOS
10313,KMSP,KSEA
10314,KORD,KJFK
10315,KBNA,KLGA
10316,KJFK,KMCO
10317,KSDF,KDTW
10318,K9A1,KPDK
10319,KPHX,KDFW
10320,KOMA,50NE
10321,KIND,KORD
10322,KHSV,KDFW
10323,EKCH,ENZV
10324,KDFW,86TE
10325,KBNA,KEWR
10326,KSFF,KBOI
10327,KBOS,KLAX
10328,KJFK,KLAS
10329,KDEN,KCMH
10330,KLGA,KRDU
10331,KABQ,KHOU
10332,ENBR,ENGM
10333,SBBR,SBGL
10334,KSAT,KPHX
10335,KORD,KPDX
10336,KBNA,KATL
10337,LDSR,LDZA
10338,KBOS,KATL
10339,KOMA,KPHX
10340,LPPT,LFOB
10341,KMRB,KFDK
10342,KSTL,KBWI
10343,KBOI,KSEA
10344,LEMD,EDDK
10345,KAUS,KSFO
10346,KMKE,KHOU
10347,KORD,KPIT
10348,KDFW,KSAN
10349,KEWR,KDEN
10350,KSLC,KSFO
10351,KFLL,KLAX
10352,EGLL,KJFK
10353,EDDF,EFHK
10354,UUEE,ULMM
10355,KTYS,KDFW
10356,KBVY,MA36
10357,KONT,KSBA
10358,EDDL,LEIB
10359,LROP,EGLL
10360,KDFW,KORF
10361,KFDK,4MD8
10362,KORD,KBNA
10363,KDTW,KIAD
10364,LEBL,LPPR
10365,VIDP,VEPI
10366,KMIA,KATL
10367,YSSY,YSDU
10368,KATL,KHHR
10369,ENZV,ENGM
10370,KLGA,KIAD
10371,EDDM,LPPT
10372,KMCI,KATL
10373,YMEN,YBNS
10374,EPWA,UKBB
10375,KDFW,KMCO
10376,KMSP,KLAS
10377,KDEN,KORD
10378,KSTL,KLGA
10379,KFLL,6LL6
10380,EGLL,BIKF
10381,KDTW,KORD
10382,UUDD,LTFJ
10383,EKCH,BIKF
10384,KBWI,KFLL
10385,KJFK,KDCA
10386,KCLT,KBOS
10387,KORD,KSFO
10388,PANC,KSEA
10389,KATW,KMSP
10390,KDAY,KORD
10391,KCMH,KIAD
10392,CYYZ,CYOW
10393,LEPA,EDDS
10394,KFLL,KSFO
10395,KATL,KHSV
10396,KDEN,KPDX
10397,KIAH,KDEN
10398,KDFW,KOMA
10399,KBOS,TXKF
10400,KMIA,KJFK
10401,EDDV,LEPA
10402,KSTL,KMCO
10403,KDAL,KATL
10404,EHAM,LPPT
10405,K2W6,KDYL
10406,ESDF,ESSB
10407,LPPT,ELLX
10408,LPPR,LPPD
10409,KNSE,KMVC
10410,SBKP,SDBA
10411,KGRB,KORD
10412,KPHL,LFPG
10413,LHBP,EHEH
10414,KDFW,KLAX
10415,RCTP,PANC
10416,KIAH,KPHX
10417,EDDP,UUEE
10418,KAUS,KDAL
10419,LSZH,EDNY
10420,LTBA,LFPG
10421,EGLL,EGCC
10422,KDEN,KAUS
10423,KATL,KSTL
10424,WSSS,VOMM
10425,KCMH,KHOU
10426,KTEB,KBOS
10427,KBOS,KIAD
10428,KOKV,KJYO
10429,KPHX,KORD
10430,KDEN,KMDW
10431,KDFW,KSDF
10432,PANC,KORD
10433,KTYS,KEWR
10434,KDFW,KDEN
10435,KCLT,KJFK
10436,KUGN,KTYS
10437,KHWO,KOPF
10438,KSRQ,KBNA
10439,KHOU,KLAX
10440,VABB,VOBL
10441,KBWI,KBOS
10442,KPHL,KMSN
10443,KBNA,KLAX
10444,KCLT,KMSP
10445,UUEE,ULLI
10446,EDDH,LEPA
10447,KDFW,KLGA
10448,KATL,KMDW
10449,KFLL,KDEN
10450,KMIA,KTEB
10451,LKPR,LSGG
10452,EHGG,EHTE
10453,EDDL,LTFJ
10454,KAUS,KCVG
10455,KLGA,KMIA
10456,KDFW,KPHX
10457,RCTP,KSFO
10458,KDVT,KPAN
10459,EHAM,LEBL
10460,SSJC,SBGL
10461,KORD,KLGA
10462,MA72,KBOS
10463,NZAA,NZCH
10464,LEMG,LEBL
10465,LSZH,EDNY
10466,KATL,KAFW
10467,KCLT,KIAD
10468,KPHX,KSMX
10469,KPHL,KSDF
10470,VIDP,VABB
10471,KATL,KVPS
10472,KMSN,56WI
10473,LEBL,UUEE
10474,KDFW,KORD
10475,LIMC,LIBD
10476,RJFF,RJTT
10477,KBOS,KFLL
10478,KDTW,KSDF
10479,KEWR,KMIA
10480,KPHL,KCLT
10481,KUGN,KMDW
10482,KLGA,KCMH
10483,EHAM,LIRF
10484,LFBO,LFPG
10485,RCTP,ZUCK
10486,KJFK,KBOS
10487,SBMT,SDNI
10488,KTYS,KIAD
10489,KGEG,KBFI
10490,VHHH,WSSS
10491,KIAH,KSFO
10492,KATL,KDAL
10493,KTTN,KN14
10494,KATL,KBNA
10495,EGLL,EGPE
10496,KDFW,KDCA
10497,KDCA,KDAL
10498,KAUS,KPHX
10499,KPDK,KWDR
10500,KBOS,KDFW
10501,KLAX,KEWR
10502,KRDU,KMCO
10503,EDDM,BIKF
10504,KGRI,KDFW
10505,KATL,SC97
10506,LPPT,EBCI
10507,KJFK,KDEN
10508,LFPO,LEAL
10509,KEWR,KBWI
10510,SBBR,SBGR
10511,LTAC,LTFJ
10512,KDFW,KMCI
10513,KSTL,KCLT
10514,KLAS,KUTA
10515,KGRR,2MI9
10516,KTEB,KMDW
10517,KMTN,KJYO
10518,KBNA,KCLT
10519,SBRJ,SBSP
10520,KABQ,KATL
10521,KORD,KEWR
10522,KATL,KMCI
10523,KATL,KECP
10524,KTYS,KDFW
10525,KSFO,KORD
10526,KPHX,KSDF
10527,SBVT,SBGR
10528,KOSH,KGRB
10529,YSTW,YSSY
10530,KDEN,KLAS
10531,LSZH,LIPE
10532,PANC,KSEA
10533,NZCH,NZAA
10534,KDFW,KSFO
10535,LYBE,OMDB
10536,KLGA,KATL
10537,CYYZ,CYYB
10538,KORD,KHHR
10539,KCMH,KCLT
10540,KTUL,KIAD
10541,YMAY,YMEN
10542,KATL,KIAD
10543,KMKE,KBWI
10544,CYVR,CYYJ
10545,KDEN,KORD
10546,KSDF,KDFW
10547,ID92,ID00
10548,LIRA,EDDK
10549,KATL,KPHX
10550,EGNS,EGGP
10551,ULLI,LFPG
10552,KPHL,EGNX
10553,KLZU,4GA9
10554,LEMG,LEIB
10555,KDAL,KBNA
10556,CYYZ,CYOW
10557,KDFW,KLAS
10558,EHAM,KBOS
10559,LFPG,LPPR
10560,KLGA,KMIA
10561,CYUL,CYYZ
10562,LEPA,LSZM
10563,KGSO,KATL
10564,LSZH,EVRA
10565,EGGP,EIKN
10566,ESMT,ESSB
10567,KOMA,KDFW
10568,KPHL,KBUF
10569,PANC,VHHH
10570,KABQ,KBTF
10571,KSDF,KDCA
10572,LIEE,LIML
10573,KORF,KIAD
10574,LFPG,UUEE
10575,KADS,KF69
10576,LJLJ,EDDF
10577,VECC,VIDP
10578,KRDU,KTDF
10579,KDFW,KSAT
10580,KDFW,KDTW
10581,KBWI,KCLT
10582,KORD,KLAX
10583,LSZM,LTFJ
10584,EBAW,ELLX
10585,KAUS,KBNA
10586,KITH,KIAD
10587,KDEN,KMSP
10588,KRDU,KCLT
10589,06VA,KIAD
10590,LFPG,BIKF
10591,KATL,KORD
10592,KDFW,KMIA
10593,EGMC,LEMG
10594,KLGA,KCMH
10595,KFLL,KLGA
10596,EDDS,LTFJ
10597,EDDP,EDDK
10598,KMIA,KRDU
10599,KJFK,KDFW
10600,EDDF,CYUL
10601,EGCC,EKCH
10602,KDEN,07KY
10603,KAUS,KUTA
10604,KBMI,KDFW
10605,KATL,KSEA
10606,KPNS,KDFW
10607,KDFW,KOKC
10608,KMNN,KOSU
10609,KFLL,KBWI
10610,EGGP,EGJJ
10611,KRDU,KIAD
10612,EHAM,LFML
10613,KSAT,KIWS
10614,KMCI,KDFW
10615,CYYZ,CYYB
10616,SBRJ,SBGR
10617,KDAY,KVLL
10618,EDDS,EVRA
10619,KROC,KIAD
10620,LEMG,EKBI
10621,KJFK,TXKF
10622,KDEN,KMSP
10623,ENVA,ENGM
10624,KAPA,KFCM
10625,LFPG,KIAD
10626,KRDU,KCLT
10627,KECP,KDFW
10628,KSAF,KDFW
10629,SBBR,SBGR
10630,KDFW,KCVG
10631,EPWA,EDDF
10632,EDDM,LEPA
10633,EGLL,VABB
10634,KPHL,KMCO
10635,KDCA,KECP
10636,KMIA,KLAX
10637,KJFK,KRDU
10638,KADS,KF69
10639,KMVY,KBOS
10640,SBVT,SBSP
10641,KGAI,KFDK
10642,VECC,VABB
10643,KSMF,KPHL
10644,KDEN,KBNA
10645,KIND,KORD
10646,YSSY,YMML
10647,EDDF,VIDP
10648,EDDH,EVRA
10649,KMCI,KLAX
10650,KMDT,KIAD
10651,KRDU,KMIA
10652,KORD,KSDF
10653,KDFW,KSNA
10654,KMKE,KPHX
10655,KDCA,KBNA
10656,KJFK,KMVY
10657,KPHX,KUTA
10658,EBMB,EHAM
10659,LOWS,EDDL
10660,VIDP,VABB
10661,KHOU,KBNA
10662,KDFW,KEWR
10663,VHHH,WSSS
10664,KATL,KTYS
10665,KCWA,KORD
10666,KAUS,KSAN
10667,GMMN,LSGG
10668,KBOS,KDCA
10669,EGSS,EPMO
10670,KSAT,KBNA
10671,VOBL,VIDP
10672,KVPS,KDFW
10673,KSYR,KPHL
10674,KPWK,KSUS
10675,KFLL,KLAS
10676,KFTY,KPDK
10677,ESGG,ESSB
10678,LEBL,EDDL
10679,KEWR,KSDF
10680,LEPA,LEAL
10681,KLNK,KOMA
10682,EDDF,VIDP
10683,KDFW,KBKL
10684,KMSP,KPHX
10685,KATL,KDEN
10686,LEIB,LEBL
10687,KRDU,KLGA
10688,ENBR,ENZV
10689,LFPO,LTFJ
10690,KECP,KBNA
10691,YSSY,NZAA
10692,KAUS,KDFW
10693,KPHX,KSDF
10694,EDDB,UUEE
10695,KORD,KMSP
10696,VHHH,PANC
10697,KGRR,KORD
10698,KYKM,KBFI
10699,KLGA,KBNA
10700,KMDW,KDAL
10701,LIMC,OMDB
10702,KPHL,KCVG
10703,KIAH,KLAX
10704,KRDU,KDEN
10705,KATL,KSEA
10706,KPHL,KDEN
10707,VT25,KEWR
10708,ULLI,UUWW
10709,PANC,KDFW
10710,KIAD,KDEN
10711,LEMD,LEBL
10712,LPPR,EBBR
10713,KSAT,4TS8
10714,VIDP,VABB
10715,KEWR,KDFW
10716,KDFW,KPHL
10717,KATL,KSAT
10718,KAUS,KJFK
10719,KBUF,KIAD
10720,LDZA,LDSR
10721,YPMQ,YSSY
10722,EHAM,LIPZ
10723,KJFK,KFLL
10724,EDDP,LIMC
10725,LFPG,KATL
10726,MO46,KSTL
10727,KDCA,KHSV
10728,LEBL,LEMD
10729,LIRF,EGLL
10730,EDDB,EGSS
10731,KCMH,KSEA
10732,SBRJ,SBCO
10733,KONT,KPHL
10734,KFFZ,KDVT
10735,KPWK,KUES
10736,KFTY,KPDK
10737,K1L3,KLAS
10738,UAII,UAAA
10739,KOSU,9OI5
10740,KEWR,KATL
10741,KIAH,KDFW
10742,YSSY,YMML
10743,KSTL,KDFW
10744,KJFK,KCLT
10745,RJTT,RJBB
10746,KCTJ,KRYY
10747,KDCA,KMCO
10748,KDEN,KSAN
10749,KBWI,KSTL
10750,KTUL,KPHX
10751,KATL,KCMH
10752,KFLL,KJFK
10753,KATL,KMIA
10754,KLOM,KTEB
10755,KSAT,KPHX
10756,KDFW,KCMH
10757,KEWR,KIAD
10758,KDTW,KSEA
10759,EGAA,EGGW
10760,KABQ,KOAK
10761,KVNY,KHWD
10762,EHAM,OMDB
10763,KSDF,KATL
10764,KMSP,KLGA
10765,KCMH,KATL
10766,LFPG,EHAM
10767,KMSP,KBNA
10768,LOWW,LROP
10769,KIAH,KLAX
10770,KAUS,KDFW
10771,KRDU,KPHX
10772,KBUF,KATL
10773,UUEE,UWKS
10774,LIEE,LIPZ
10775,KATL,KDFW
10776,KS67,KMAN
10777,KOKC,KORD
10778,EGLL,OTHH
10779,LEMD,LIPE
10780,KBWI,KRDU
10781,KMSP,PANC
10782,LEPA,EDLW
10783,VIDP,VOMM
10784,KATL,KMSP
10785,GMMN,LFPG
10786,VHHH,RCTP
10787,KSLC,KLAX
10788,KDTW,KSAN
10789,KAUS,KBOS
10790,KSAT,KORD
10791,UUEE,EDDF
10792,EKCH,LEPA
10793,KAUS,KLAX
10794,KDFW,KVPS
10795,KFFZ,KE63
10796,ENZV,ENBR
10797,KMSP,KJFK
10798,EGKK,EGPH
10799,LFPO,LEMD
10800,KLAX,KDAL
10801,EHAM,LHBP
10802,KATL,KLGA
10803,KDEN,KATL
10804,KJFK,KBOS
10805,KMSP,KDFW
10806,KEWR,KLAX
10807,KTEB,KAGC
10808,EGLL,UUEE
10809,KATL,KSDF
10810,LSGG,LFPG
10811,4SC4,SC32
10812,KGAI,KDMW
10813,KSEA,KPHX
10814,KIND,KMSP
10815,ESTA,ESSA
10816,KDFW,KMSP
10817,KBNA,KJFK
10818,KDTW,KCMH
10819,LIPE,LICZ
10820,LEIB,LEBL
10821,RCTP,PANC
10822,KDFW,KFLL
10823,KATL,KMCO
10824,EGAA,EGNT
10825,CYUL,CNV9
10826,KSTL,KIAD
10827,KEWR,KSFO
10828,KDTW,WS25
10829,KHEF,KBED
10830,KDVT,KPAN
10831,44IS,KSTL
10832,KMDW,KBNA
10833,KORD,KSEA
10834,KDEN,KUTA
10835,KFFZ,KE63
10836,KBFI,KSDF
10837,KJFK,EGLL
10838,KMIA,KORD
10839,KLAS,KIWA
10840,KBNA,KSEA
10841,KPDK,KDAL
10842,KDTW,KMIA
10843,EBMB,ESSB
10844,KATL,KPHX
10845,KSYR,KSDF
10846,KPYM,KBED
10847,KMSP,KDCA
10848,CYUL,KORD
10849,ENZV,ENGM
10850,KBOS,KMCO
10851,KDEN,KBTF
10852,LFPG,OMDB
10853,KJFK,KATL
10854,ENGM,LTFJ
10855,IL38,KARR
10856,CYYZ,CYXE
10857,KIND,KLGA
10858,KPHL,KMSP
10859,LPPT,LPPD
10860,KFFZ,KA39
10861,KDTW,KMKE
10862,KAVP,KIAD
10863,KATL,KPHL
10864,KSFO,KPHX
10865,LFML,LIRA
10866,KDAL,KPIE
10867,KSAT,KHDO
10868,LFMN,LFPO
10869,VIDP,OTHH
10870,KMSP,KBOS
10871,KLGA,KSTL
10872,KDCA,KRDU
10873,KDFW,KATL
10874,KRDU,KTDF
10875,KMIA,KDFW
10876,LFPG,ENGM
10877,VT25,KJFK
10878,KEWR,KPHL
10879,KMSP,KPHL
10880,KIAH,KLAX
10881,ESGG,EPWA
10882,EDDF,EDDS
10883,KSTL,KOMA
10884,KPDX,KSEA
10885,KDTW,KMCO
10886,KIAD,KLAX
10887,EHAM,LIRF
10888,EDDF,LEPA
10889,UUEE,EHAM
10890,06VA,KSHD
10891,KAPA,KFNL
10892,KBED,KHPN
10893,LMML,LOWW
10894,KDCA,KSRQ
10895,LEBL,EGSS
10896,KDTW,KMSP
10897,KMSP,KCMH
10898,KDTW,KBUF
10899,KCPS,83LL
10900,LIRF,LEMG
10901,KRDU,KBWI
10902,KDFW,KJFK
10903,KLGA,KDFW
10904,KATL,KLAS
10905,KAUS,KORD
10906,LEBL,UKBB
10907,KIAD,KTEB
10908,KIAH,KORD
10909,KEWR,KDFW
10910,KATL,KBWI
10911,KDEN,KOAK
10912,LSZH,EDDF
10913,EKYT,EKCH
10914,WMLU,WBKK
10915,KDTW,KDAY
10916,EHAM,LDZA
10917,KBWI,KCLT
10918,KPVD,KORD
10919,KMKE,WS25
10920,KMSP,KFLL
10921,KRMN,1VA9
10922,KDEN,KMSP
10923,KMIA,MGGT
10924,KORD,KSEA
10925,YBBN,VHHH
10926,LFBD,EGSS
10927,UKBB,EDDM
10928,KMCI,KBNA
10929,LFPG,LKPR
10930,KJFK,KORD
10931,SBGL,SBGR
10932,SBBR,SBRJ
10933,KLAX,KBWI
10934,KBOS,KSFO
10935,LEAL,EKCH
10936,SSJC,SBSP
10937,KDEN,KDFW
10938,KATL,KBOS
10939,LEBL,LEPA
10940,EKRN,EKCH
10941,KOAK,KPHX
10942,KBWI,KMIA
10943,WMKK,WSSS
10944,KORD,KSFO
10945,LIME,LROP
10946,YSSY,NZAA
10947,LFPG,KJFK
10948,LEIB,LEMD
10949,EGGW,EICK
10950,KDTW,KMDW
10951,KDCA,KATL
10952,KHYA,KBOS
10953,KSAT,4TS8
10954,KMSP,KMCI
10955,KLAX,KAFW
10956,MN15,KFCM
10957,KBOI,KSJC
10958,KAUS,KLAX
10959,KBOS,KORD
10960,KPWK,KCMH
10961,LFBD,LFPG
10962,KORD,KSAN
10963,KBED,KMSN
10964,KEWR,KMCO
10965,KPHX,KUTA
10966,KJFK,KSAN
10967,KATL,K9A4
10968,LDZA,EDDK
10969,KDFW,KORF
10970,KDCA,KLAS
10971,KMSP,KEWR
10972,KORD,KCVG
10973,KAUS,KMDW
10974,KFHR,KBLI
10975,KDTW,KLAS
10976,KATL,KPNS
10977,KABQ,NM74
10978,EHAM,LFPG
10979,YSSY,NZAA
10980,EGSS,EIDW
10981,LEMD,LSZH
10982,KMIA,KORD
10983,KOAK,KLAS
10984,KATL,KDAY
10985,VIDP,VABB
10986,KATL,KORF
10987,KLAX,KLAS
10988,SSJC,SBGR
10989,LFMN,LFPO
10990,LEPA,EDDL
10991,EHAM,EPWA
10992,EETN,LFPG
10993,KFFZ,KCGZ
10994,KLZU,K47A
10995,LIPZ,EDDF
10996,FAOR,FACT
10997,EGBB,EHAM
10998,KVPS,KATL
10999,KBFI,WN13
11000,KRDU,KDEN
11001,EPKT,EDDF
11002,KAUS,KLAX
11003,KDFW,KATL
11004,KOMA,KAPA
11005,KPWK,KMDW
11006,KJFK,KDCA
11007,EHAM,ENGM
11008,KABQ,KORD
11009,EIDW,KBOS
11010,ESSA,ESMS
11011,KTEB,KMDW
11012,KAUS,KSJC
11013,KDTW,62IA
11014,KBNA,KMIA
11015,KATL,KEWR
11016,KMDW,KLAS
11017,EVRA,UUWW
11018,KLAX,KSWF
11019,KLGA,KMSP
11020,LEAL,EIDW
11021,KPHX,KNYL
11022,KMIA,KDCA
11023,KMDT,KPHL
11024,LIMC,LICZ
11025,KORD,KSDF
11026,KBOI,KOAK
11027,KPHL,KMKE
11028,EGLL,EICK
11029,LFPG,LICZ
11030,CYYZ,KORD
11031,KDFW,4MS7
11032,KCPS,7IS2
11033,LTAC,EDDS
11034,47PA,KIAD
11035,KEWR,KDFW
11036,ENBR,ENGM
11037,KATL,KSFO
11038,KATL,KPHL
11039,EDDB,EDFM
11040,KFAT,KSJC
11041,KDCA,KLAX
11042,KIAH,KOKC
11043,EDDL,LEIB
11044,KLAX,KDTW
11045,ENGM,ENHD
11046,KCHD,KSDL
11047,KPHL,KLAS
11048,KFTW,KMKC
11049,EGGD,EGPE
11050,MU65,KSTL
11051,LEZL,LEPA
11052,LEMD,LEBL
11053,KATL,KSRQ
11054,KDTW,KOMA
11055,KNSE,K12J
11056,LTFJ,LOWW
11057,CYXE,CYYC
11058,EGPH,EGLL
11059,KDCA,KEWR
11060,KORD,KAFW
11061,GMMN,LIRF
11062,KJFK,KRDU
11063,EHAM,OMDB
11064,KBDR,KEWR
11065,LFPG,CYUL
11066,LEPA,EDDK
11067,LPPR,LFML
11068,KRMN,1VA9
11069,KLAS,KMDW
11070,EPWR,EDDF
11071,KDEN,KSEA
11072,EHAM,KLAX
11073,EDDL,UUEE
11074,KAUS,KSJC
11075,KCMI,KORD
11076,VGZR,OTHH
11077,KEWR,KSEA
11078,ENVA,ENGM
11079,KORD,KFLL
11080,KROC,KDTW
11081,EIDW,EPPO
11082,EGLL,KMIA
11083,EKCH,LEMG
11084,CYPQ,CPS2
11085,KATL,KCVG
11086,EDDF,OMDB
11087,KHOU,KSTL
11088,UUEE,UWKD
11089,VAPO,VIDP
11090,KPHL,KDEN
11091,RJBB,VHHH
11092,KJFK,KFLL
11093,KMSP,KSDF
11094,KAUS,KSAN
11095,KATL,KFLL
11096,FALA,FACT
11097,KORD,KOKC
11098,KMDW,KPHX
11099,VIDP,VIDN
11100,KBWI,KSAT
11101,EHEH,LPFR
11102,KEWR,KATL
11103,KMIA,SKBO
11104,KPHL,KCMH
11105,KDTW,KMCI
11106,KDTW,KLGA
11107,KJFK,KPHX
11108,KLNK,KORD
11109,CYCD,CYYC
11110,CYVR,CYCD
11111,LPPT,SBGR
11112,KABQ,KLAX
11113,EGPD,ENBR
11114,ULLI,UUEE
11115,KLGA,KORD
11116,KSEA,KBNA
11117,KAUS,KSFO
11118,KIAH,KDAL
11119,KORD,PANC
11120,ENVA,ENGM
11121,KMDW,KBWI
11122,KATL,KORD
11123,LIML,LIRF
11124,UUDD,ULLI
11125,KDTW,KPHX
11126,LIBD,LIME
11127,KBWI,KFLL
11128,EHAM,ESSA
11129,KCLT,KBNA
11130,ESSA,ESGG
11131,KPDX,KLAX
11132,KLAS,KCLT
11133,KLGA,KBKL
11134,KLEB,KBED
11135,LIRF,LIML
11136,VOMM,VOBL
11137,KBOS,KDCA
11138,KORD,KSTL
11139,YBBN,YMML
11140,EGLL,UUDD
11141,SBRJ,SBSP
11142,LFPO,LFBO
11143,KSFO,KLAX
11144,LEMD,LEMH
11145,KMCX,KLAF
11146,LTFJ,LTFE
11147,LPPD,LPPR
11148,LEBL,UUDD
11149,NZCH,NZPM
11150,KIND,KBWI
11151,KPHL,KDAY
11152,KDFW,KDAY
11153,LIMC,LICZ
11154,KSDF,KBWI
11155,KBWI,KLAX
11156,KLAS,KSJC
11157,KDTW,KORD
11158,GMMN,LFPO
11159,EPGD,EDDH
11160,VIDP,OERK
11161,EDDF,EGLL
11162,EHEH,LPPR
11163,KDAY,KORD
11164,KPDX,KDFW
11165,KLGA,KCMH
11166,KEWR,KBOS
11167,EGLL,EDDM
11168,KCLT,KPHX
11169,LROP,OMDB
11170,LIBD,LIMJ
11171,KBOI,KLAX
11172,KMDW,KOAK
11173,KSLC,KLAX
11174,KABQ,NM01
11175,KTEB,KIAD
11176,PAEN,PANC
11177,KSMF,KDFW
11178,KGEG,KOAK
11179,SBRJ,SBGR
11180,KNSE,0AL5
11181,VOBL,VABB
11182,KSEA,PANC
11183,KBNA,KORD
11184,RCTP,VHHH
11185,CYUL,CNV9
11186,KAFW,KTUL
11187,KORD,KLSE
11188,FAOR,FACT
11189,LEMD,EGBB
11190,KSBA,KLAX
11191,EHAM,LFFI
11192,KMSP,KRDU
11193,KORD,KPNS
11194,KBUF,KROC
11195,KSAT,KDAL
11196,ENZV,ENGM
11197,EGLL,EGPH
11198,YMML,YBBN
11199,KTEB,KIAD
11200,KDFW,07KY
11201,LIMC,EHAM
11202,KCLT,KATL
11203,LSGG,LYBE
11204,4SC4,SC32
11205,KJFK,KSDF
11206,EBMB,LPPR
11207,KATL,KPDX
11208,KPDX,KOAK
11209,KFAT,KLAX
11210,VECC,VOBL
11211,KLAS,KLAX
11212,KDAL,KMDW
11213,KFLL,KLAX
11214,EDDH,EDDL
11215,KMIA,KRDU
11216,VT15,KBTV
11217,KDEN,KPHL
11218,KGEG,KSEA
11219,KDTW,KPDX
11220,UKBB,LOWW
11221,KABQ,NM49
11222,KDVT,KPAN
11223,LIPE,LIRF
11224,KOMA,KORD
11225,KBFI,KYKM
11226,KDFW,KLAX
11227,KBWI,KMCI
11228,KORD,KMSN
11229,KTUL,KORD
11230,KLAX,KSFO
11231,KHGR,KFDK
11232,KOKC,KATL
11233,LEBL,ELLX
11234,KFRG,KHWV
11235,KBOI,KSEA
11236,VHHH,RCTP
11237,KBNA,KLAS
11238,EDDL,LEPA
11239,LSGG,LFPB
11240,KORD,23MN
11241,KPDX,KPHX
11242,KORF,KIAD
11243,KDFW,KMSP
11244,UUWW,ULLI
11245,EHAM,RJBB
11246,EGPF,EGLL
11247,KPHL,KBUF
11248,SBSP,SBRJ
11249,4NJ8,KSMQ
11250,KSLC,KSDF
11251,KBWI,KFLL
11252,EDDH,EHAM
11253,KSEA,KATL
11254,KBLI,KPAE
11255,KJFK,KHHR
11256,KRDU,KCLT
11257,KMSP,KLAS
11258,KATL,KBKL
11259,KCHD,KDVT
11260,KPHX,KSAN
11261,KTKI,K2F7
11262,KCLT,KORF
11263,KAUS,KEWR
11264,KATL,KMIA
11265,KDTW,KPIT
11266,KFAT,KSLC
11267,CYYC,CYVR
11268,KLAS,KIWA
11269,KHGR,KFDK
11270,KSFO,KSEA
11271,KPDX,KONT
11272,KMKE,KATL
11273,TJSJ,KJFK
11274,SBRJ,SBVT
11275,KPHL,KSTL
11276,KBNA,KMSP
11277,KJFK,KSEA
11278,KATL,KBNA
11279,CYYZ,CYVR
11280,KSTL,KSEA
11281,KORD,KTUL
11282,KORD,KSEA
11283,KMSP,PANC
11284,LEMD,LEPA
11285,KDEN,KDAL
11286,EGPH,EIDW
11287,KONT,KSJC
11288,LIRA,LROP
11289,KBOI,KSFO
11290,KLAX,KMSP
11291,CYUL,KLGA
11292,KABQ,NM49
11293,KRDU,KATL
11294,EPKK,EPWA
11295,OR81,KSJC
11296,KATL,KMCI
11297,KCMH,KDEN
11298,EHAM,CYUL
11299,KBNA,KMCI
11300,KMIA,KBOS
11301,KSFO,KDFW
11302,KBED,KMMU
11303,KDFW,KABQ
11304,KSBP,KDFW
11305,KATL,KDAL
11306,KBWI,KBKL
11307,03OK,KRVS
11308,KPHX,KOAK
11309,KPWK,KAPA
11310,YSSY,YMML
11311,LPPR,LPPT
11312,KLAX,KSFO
11313,KFFZ,KAVQ
11314,KATL,KBKL
11315,KDVT,KPAN
11316,KBUF,KBWI
11317,KJFK,KLAX
11318,KORD,KATW
11319,KHOU,KDAL
11320,YBBN,YSSY
11321,UKBB,OMDB
11322,KBRY,KLOU
11323,KBOI,KSFO
11324,FD33,79FD
11325,LDZA,LOWW
11326,KORF,KCLT
11327,RJTT,CYVR
11328,KEWR,KBKL
11329,VHHH,OTHH
11330,KIND,KBOS
11331,KCLT,KIAD
11332,KHYA,KBOS
11333,CYYZ,KEWR
11334,KSFO,KMSP
11335,KABQ,KDAL
11336,CYPQ,CTN7
11337,KMSP,KMCO
11338,KATL,KMIA
11339,KATL,KLAX
11340,KJFK,KBUF
11341,KLAX,KATL
11342,KPDX,KSJC
11343,KLAS,KDAL
11344,KDEN,KOMA
11345,KCLT,KALB
11346,KONT,KSEA
11347,KCLT,KCMH
11348,KSMF,KSNA
11349,KECP,KATL
11350,KMIA,KEWR
11351,LROP,LOWW
11352,YSSY,YBBN
11353,KDTW,KCVG
11354,LFPG,CYYZ
11355,KOMA,KLAS
11356,UKBB,EVRA
11357,KFAT,KSMO
11358,KCJR,KEZF
11359,EHAM,LSGG
11360,LIMJ,LIRF
11361,EGLL,EGPD
11362,KLAS,KATL
11363,KBOS,KBNA
11364,ULMM,UUDD
11365,KORD,KDEN
11366,KPWK,KMKC
11367,KSEA,KPHX
11368,KMSP,KATL
11369,KLGA,KSTL
11370,KBNA,KLAX
11371,KSFO,KLAX
11372,LIRF,LSZH
11373,KHPN,KFRG
11374,KATL,KDCA
11375,LIME,LTFJ
11376,KIAD,KORF
11377,KDCA,KLGA
11378,ENBR,ENHD
11379,KAUS,KATL
11380,KCPS,7IS2
11381,EDDL,ESSA
11382,KLAS,KBNA
11383,LSGG,LEBL
11384,KORD,KATL
11385,KABQ,NM49
11386,LEMG,LEBL
11387,KPHX,KDFW
11388,KBOI,KPHX
11389,KPHL,KBKL
11390,KBOS,KLAX
11391,KMKE,KAIG
11392,KPDX,KSEA
11393,KLAX,KSDF
11394,LEMD,LPPR
11395,KSEA,KOAK
11396,KRLD,KSEA
11397,KEWR,KSEA
11398,KSFO,KLAX
11399,ENGM,EGLL
11400,KATL,KRDU
11401,KMCC,KPSP
11402,KORD,KLAX
11403,KLAS,KMCI
11404,KMSP,KSTL
11405,KPHX,KMSP
11406,LEMD,LSZH
11407,KDFW,KMCO
11408,KTYS,KDEN
11409,EDDB,LPPT
11410,KOAK,KBTF
11411,KSMF,KLAX
11412,LHBP,EDDF
11413,KMIA,KSFO
11414,LPPR,LFPO
11415,KBOS,KSFO
11416,KORD,KBOS
11417,LSGG,LFPB
11418,KATL,KMKE
11419,KJFK,KDFW
11420,KLZU,KWDR
11421,LFPG,LLBG
11422,KMOD,KHWD
11423,LIRF,LFPO
11424,EGGW,LFPB
11425,KBWI,KMKE
11426,KPDX,KLAX
11427,LEMD,EGKK
11428,LEMD,LEAL
11429,KLAX,KPDX
11430,CYYZ,CYUL
11431,EGCC,OMDB
11432,LFBD,LFML
11433,EDDB,LEMG
11434,KOAK,KSDF
11435,KDFW,KSEA
11436,KDEN,KATL
11437,EGLL,KBOS
11438,ULLI,UUWW
11439,KMIA,KLGA
11440,KLAS,KSAN
11441,KSEA,KSFO
11442,KEWR,KFLL
11443,KPHX,KLAX
11444,KONT,KAFW
11445,KBNA,KECP
11446,KNSE,K12J
11447,LFPO,LFBO
11448,KPHL,KMIA
11449,LPPR,LFPO
11450,KCLT,KMCO
11451,EGLL,CYYZ
11452,KHEF,KDAL
11453,KHSV,KORD
11454,CYYZ,CYYC
11455,EDDF,KEWR
11456,KMIA,KBNA
11457,KLAX,KLAS
11458,KPDX,KSDF
11459,KATL,KMDT
11460,KPUJ,KRYY
11461,KPDK,KECP
11462,KLGA,KDTW
11463,KBNA,KPHX
11464,KDTW,KMDW
11465,LEMD,EHAM
11466,KAUS,KPHL
11467,KBOS,KTEB
11468,KPHX,KBWI
11469,KSEA,KPDX
11470,LEBL,LEIB
11471,KPHX,58AZ
11472,KFFZ,KA39
11473,KNYL,KDFW
11474,KECP,KOCF
11475,KATL,KDEN
11476,LIMF,LIRF
11477,KOAK,KSDF
11478,KMIA,KATL
11479,KCOS,KAPA
11480,KCLT,KBNA
11481,KATW,KORD
11482,KSMF,KPHX
11483,LIMC,EDDF
11484,KATL,KOMA
11485,KBOS,KDTW
11486,EKCH,LEBL
11487,KLGA,KSDF
11488,LDZA,EDDF
11489,KLAX,KDTW
11490,WMKK,OTHH
11491,KOAK,KBUR
11492,KAUS,KSEA
11493,KLAS,KSTL
11494,KONT,KSDF
11495,EGNX,LEAL
11496,EDDF,OMDB
11497,KJFK,KPHX
11498,KABQ,NM49
11499,EGGW,EGNS
11500,KPHL,KDTW
11501,LEMD,EDDM
11502,KBWI,KHOU
11503,KMIA,KJFK
11504,EHAM,KATL
11505,LMML,EDDF
11506,KBNA,KLAX
11507,KDEN,KSNA
11508,KMCI,KORD
11509,EKCH,LFPG
11510,KSBA,KVNY
11511,KSAT,4TS8
11512,KCMH,KMSP
11513,KIAH,KDTW
11514,LSZH,EPWA
11515,KNSE,K12J
11516,CYXE,CYYC
11517,KABQ,NM49
11518,KLMO,CD20
11519,4SC4,SC52
11520,KLAX,KDFW
11521,KSLC,KLAX
11522,KBNA,KMIA
11523,CYYC,KDFW
11524,KPHX,KATL
11525,LEMD,LIMC
11526,KBOS,KCLT
11527,KAGC,KHEF
11528,LPPR,LFPO
11529,KONT,KDFW
11530,KMSP,KDTW
11531,EGLL,KMIA
11532,KMIA,KSDF
11533,CYVR,CYHM
11534,KLAS,KLAX
11535,KECP,KBNA
11536,KDEN,KDTW
11537,KATL,KDFW
11538,KIND,KDEN
11539,KRYY,4GA9
11540,LPPT,LPMA
11541,KDAL,KSAN
11542,KSTL,KORD
11543,KTDF,KRDU
11544,KLAX,KDFW
11545,KSFO,KSAN
11546,KEWR,TXKF
11547,KSMF,KBUR
11548,EIDW,OMDB
11549,ENGM,ENZV
11550,KPHX,KLAX
11551,KDTW,KLAX
11552,KNSE,K12J
11553,CYYJ,CYVR
11554,KORD,KSNA
11555,KRVS,K2K9
11556,KRYY,KVPC
11557,LDZA,EGLL
11558,KSEA,KLAX
11559,KMVY,KBOS
11560,EKCH,EIDW
11561,KBOS,KSAN
11562,KLAS,KSDF
11563,KONT,KMDW
11564,KFRG,KBDR
11565,KPHL,EGSS
11566,KPHX,KAUS
11567,KBWI,KVPS
11568,KFFC,64GA
11569,YBBN,VHHH
11570,KLAX,KORD
11571,VHHH,PANC
11572,KIND,KORD
11573,KEWR,KCLT
11574,KCLT,KLAS
11575,KBOS,KCLT
11576,KDFW,KPNS
11577,KABQ,KPHX
11578,LYBE,LSZH
11579,KFFZ,KAVQ
11580,KONT,KSFO
11581,EFHK,LSGG
11582,KSFO,KSAN
11583,4SC4,KLQK
11584,KMSP,KMDW
11585,KLAX,KMIA
11586,LROP,EIDW
11587,KPDX,KATL
11588,KPHX,KDAL
11589,KOAK,KDAL
11590,KBOS,KLAS
11591,KBNA,KOAK
11592,LIPE,LIBD
11593,KSMF,KLAX
11594,KMIA,KPHL
11595,CYVR,CYYJ
11596,LEAL,EHEH
11597,KDTW,KATL
11598,LIBD,LIML
11599,EKYT,EKCH
11600,KABQ,KPHX
11601,KCMH,KATL
11602,KBJC,CO07
11603,K0L7,KHND
11604,KRDG,7PA5
11605,EFHK,EFOU
11606,KPHX,KLAS
11607,KATL,KABE
11608,EHAM,ENBR
11609,KMDW,KMCI
11610,LSZH,LOWW
11611,KORD,KPHX
11612,WMKK,WBSB
11613,KMHR,KSDF
11614,VIDP,VHHH
11615,LEMD,LIRF
11616,LPPR,LPMA
11617,UWLL,UUEE
11618,KDEN,KATL
11619,LSZM,LEBL
11620,VOBL,VABB
11621,KORD,KDTW
11622,KMIA,SBKP
11623,KATL,KLGA
11624,KIND,KMSP
11625,EKYT,EKCH
11626,KMIA,KLAX
11627,KSDL,KFFZ
11628,LOWG,LOWW
11629,KLAX,KPHL
11630,KFAT,KSJC
11631,KPHL,KBNA
11632,1OK0,KRVS
11633,KEWR,KSAN
11634,LPPT,EDDM
11635,LSZH,LEMD
11636,EHAM,EPKK
11637,KOMA,7NE6
11638,KLAS,KBWI
11639,LIME,EDDH
11640,KSEA,KSAN
11641,KIAH,KMCO
11642,KPDK,KPUJ
11643,LEBL,LSZH
11644,ESSA,LEAL
11645,KFLL,KORD
11646,KPHL,KPHX
11647,WMKK,WSSS
11648,KLAX,KMDW
11649,LEMD,LPPT
11650,KBOS,KMSP
11651,YBBN,YMML
11652,LSGG,OMDB
11653,KCLT,KTYS
11654,KCXY,KLNS
11655,EFHK,EGLL
11656,KSFO,KPHX
11657,UUEE,ULLI
11658,KPDX,KMSP
11659,KDEN,KORD
11660,EGLL,VOBL
11661,KCLT,KSRQ
11662,KRDU,KMCO
11663,EKCH,ESSA
11664,VECC,VOBL
11665,KLAX,KSJC
11666,KBOS,KRDU
11667,EDDK,LEPA
11668,KPHX,KDTW
11669,LSZH,LEMD
11670,KEWR,KSFO
11671,RJBB,PANC
11672,KCOS,KAPA
11673,YSSY,YMML
11674,ENGM,ESSB
11675,KSFO,KATL
11676,KSMF,KLAX
11677,KRVS,OK25
11678,KBWI,KCLT
11679,VHHH,OMDW
11680,KLAS,KSFO
11681,ESSA,LEMG
11682,KPHX,KLAX
11683,KDFW,KLAX
11684,EFHK,ESSA
11685,EKBI,LFPG
11686,EIDW,LFPG
11687,KFFZ,KPHX
11688,LFPG,LEBL
11689,KSEA,KMSP
11690,KSAN,KLAX
11691,TLPC,TBPB
11692,LIPQ,LIRF
11693,KIWA,KSJC
11694,LEMD,EBBR
11695,KSGF,KDFW
11696,KATL,KORD
11697,EVRA,UUWW
11698,KORD,KCWA
11699,KSJC,KLAX
11700,CYVR,CYYC
11701,KBNA,KDCA
11702,KBFI,KSDF
11703,LSZH,OMDB
11704,KPSP,KOAK
11705,KHND,KSNA
11706,LIRF,LFPG
11707,KLAX,KPDX
11708,KFMH,MA44
11709,KDAL,KLGA
11710,VIDP,VOBL
11711,EGKK,EGAA
11712,KORD,KMCI
11713,KEUL,KBOI
11714,KATL,KMCO
11715,KVDF,KOPF
11716,YSWG,YSBK
11717,KDEN,KSNA
11718,KORD,KSRQ
11719,LHBP,LKPR
11720,LEPA,LEMH
11721,LEIB,LEBL
11722,KBNA,KATL
11723,WMKK,ZGSZ
11724,KLAS,KPDX
11725,EDDF,LOWS
11726,LKPR,LFPG
11727,KOPF,KSRQ
11728,KSAN,KLAS
11729,EFHK,LFPG
11730,KOMA,KPHL
11731,KDTW,KSFO
11732,LEMD,LEBL
11733,KPDX,KSDF
11734,KLAX,KSFO
11735,KORD,KOMA
11736,KSJC,KDFW
11737,VHHH,RCTP
11738,KLZU,KAHN
11739,KATL,KHPN
11740,SBBR,SBSP
11741,KMIA,KPHX
11742,KOKC,KSTL
11743,KBOS,KSLK
11744,YSSY,YMML
11745,EDDH,LEPA
11746,LEMD,LPPT
11747,KPHL,KSAN
11748,K39N,KMJX
11749,KPHX,AZ19
11750,KPSP,KSEA
11751,KBFI,PANC
11752,KDAL,KLAS
11753,LOWW,UKBB
11754,KO69,KC83
11755,EDDL,LIMC
11756,SSJC,SBGR
11757,KBOS,KDCA
11758,KLAS,KLGB
11759,EFHK,EETN
11760,KSAN,KDFW
11761,KOMA,KSDF
11762,VMMC,RCTP
11763,CYYC,CYYZ
11764,KFDK,WV22
11765,EBBR,LJLJ
11766,WN51,KBLI
11767,LFML,LFAS
11768,KCHD,KSEZ
11769,LEBL,LEMD
11770,KPHL,KDFW
11771,KYKM,7WA7
11772,KMIA,KMCI
11773,KDAL,KSNA
11774,CYVR,CYHM
11775,VIDP,OTHH
11776,K2W6,KCGE
11777,KMSP,KORD
11778,VAPO,VIDP
11779,KMPO,KLOM
11780,KOAK,KVIS
11781,LEPA,EDDL
11782,KPOU,KHPN
11783,KMCI,KLAS
11784,CYYC,CYVR
11785,EGSS,EHBK
11786,LEMD,EDDF
11787,KRVS,2OK4
11788,KCLT,KSYR
11789,KPDX,KPHX
11790,KSEA,KDTW
11791,KDCA,KCLT
11792,KLAS,KORD
11793,KCLT,KECP
11794,KNSE,K12J
11795,EVRA,EDDL
11796,LFBD,LEMD
11797,KCRQ,KSNA
11798,KSYR,KORD
11799,KBOS,KATL
11800,LFML,LFPO
11801,EHAM,CYUL
11802,KRYY,GA77
11803,KDFW,KBTF
11804,LYBE,ULLI
11805,EDDF,LIRF
11806,KLGA,KORD
11807,KBFL,KSMO
11808,EKCH,EDDF
11809,KFDK,KGAI
11810,KMCI,KMDW
11811,KSJC,KSAN
11812,KMSP,KMIA
11813,KVNY,KLAX
11814,KFAT,KVIS
11815,KTTN,KMJX
11816,KBNA,KPNS
11817,LEMD,OMDB
11818,LEBL,LFPG
11819,KSTL,KPDX
11820,KCLT,KORD
11821,SSJC,SBSP
11822,KDFW,KONT
11823,KSAN,KORD
11824,KPDX,KBFI
11825,KATL,KDTW
11826,KVPS,KCVG
11827,KLAX,KMCO
11828,EFKU,EFHK
11829,LFPG,ESGG
11830,EDDL,OMDB
11831,RPLL,WSSS
11832,EGAC,EGCC
11833,KIAD,KTEB
11834,UUMO,ULLI
11835,VABB,VOBL
11836,WSSS,OTHH
11837,OL23,KRVS
11838,KONT,KDEN
11839,KLGA,KMCI
11840,KEWR,KMCO
11841,KBWI,KPVD
11842,EKCH,ENGM
11843,EFHK,EHAM
11844,LTAC,EDDF
11845,KSLC,KOAK
11846,KLAS,KATL
11847,KOMA,KSTL
11848,EDDB,LFPG
11849,KOAK,KLAX
11850,KBOS,KCLT
11851,LEPA,LSZH
11852,KAPA,KSNA
11853,LPFR,EGSS
11854,KDTO,4TX8
11855,KPHL,KRDU
11856,KDTW,KSTL
11857,EGLL,KDFW
11858,KBNA,KSAN
11859,KSAN,KMSP
11860,LDZA,LDPL
11861,KJFK,KSFO
11862,KLAX,KAUS
11863,ESSB,ESSP
11864,WMKK,VOMM
11865,KLAS,KLAX
11866,KDAL,KSTL
11867,LEPA,LEZG
11868,KSDF,KSAN
11869,KNSE,K12J
11870,KCLT,KSAT
11871,KBJC,KGXY
11872,SBSP,SBBR
11873,EPGD,EKCH
11874,LEMD,LLBG
11875,KOKC,KDFW
11876,EDHI,EGNR
11877,LIPX,LIRF
11878,KORD,KFAT
11879,LEZL,LEBL
11880,LSGG,LPPR
11881,KRMN,VA42
11882,KMDW,KSEA
11883,KSJC,KPHX
11884,EPMO,LEBL
11885,KMIA,KATL
11886,CYOW,CYVR
11887,KPHX,KSJC
11888,KPHL,KORD
11889,KHPN,KTEB
11890,KSLC,KEWR
11891,VIDP,VABB
11892,KEWR,KDTW
11893,VABB,VIDP
11894,KCLT,KRDU
11895,EGLL,KORD
11896,CYXE,CYYZ
11897,KBOS,KDTW
11898,KSEA,KSJC
11899,LEPA,LOWW
11900,LSZR,EDMO
11901,KLAX,KMCO
11902,LFML,LFPG
11903,KFLL,KATL
11904,03OK,KRVS
11905,VOMM,OTHH
11906,EFHK,LIRF
11907,LEBL,EGLL
11908,KLOU,3IN6
11909,LIMC,LFPO
11910,KSAT,KDAL
11911,KPDX,PANC
11912,KORD,KSAT
11913,EGGP,EGNS
11914,KSFO,KSEA
11915,KSEA,KLAX
11916,KRVS,93OK
11917,KORD,KLGA
11918,EDDN,LEPA
11919,KHPN,KPWK
11920,EGJB,EGKK
11921,KLAS,KMSP
11922,KIND,KOMA
11923,KSDF,KDEN
11924,LFKJ,LFML
11925,ENVA,EKCH
11926,KRDU,KTDF
11927,KLAX,KATL
11928,KAPA,CO18
11929,KPHL,AL16
11930,KBNA,KFLL
11931,KSJC,KLAX
11932,KSAN,KOAK
11933,RJTT,YSSY
11934,LEPA,LSGG
11935,KTUL,KSTL
11936,KFAT,KLAS
11937,KU77,KPVU
11938,KPHL,KATL
11939,EFHK,ESSA
11940,KOAK,KVIS
11941,KSFO,KMDW
11942,CYYC,CYYZ
11943,KEWR,KLAS
11944,LTAC,LTFE
11945,KLAX,KDFW
11946,KDFW,KSNA
11947,KOMA,KORD
11948,KONT,KPHX
11949,EGLL,OMDB
11950,LPPR,EGCC
11951,UUWW,ULLI
11952,KDFW,KDCA
11953,KATL,KPNS
11954,SBSP,SDUL
11955,KJFK,KLAX
11956,KRDU,KDTW
11957,CYWG,CYYC
11958,EGAA,EGBB
11959,KPTK,KDET
11960,VIDP,VIAM
11961,KORD,KMIA
11962,KAUS,KDFW
11963,KLAX,KOAK
11964,LIEE,LIME
11965,LEBL,LEPA
11966,KSAN,KSJC
11967,KDAL,KMCO
11968,KCLT,KPNS
11969,LEPA,EDDM
11970,LYBE,OTHH
11971,LEMD,LEMH
11972,KDVT,KCHD
11973,KDFW,KBOI
11974,EPWA,OMDB
11975,KPHL,KATL
11976,7OH2,KORD
11977,KORD,KDFW
11978,CYYZ,CYYJ
11979,KDEN,KLAX
11980,LOWW,OMDB
11981,KPDX,KSAN
11982,KDVT,KCHD
11983,KIND,KORD
11984,KPSP,KSFO
11985,KBTL,MI77
11986,KSAN,KATL
11987,EFHK,EVRA
11988,KONT,KSDF
11989,KFLL,KATL
11990,KVNY,KSNA
11991,KJFK,KBWI
11992,NZCH,NZAA
11993,KBOI,KS78
11994,KMVY,KBOS
11995,LIBD,LIPX
11996,LEPA,EDDK
11997,KOAK,KMDW
11998,KTYS,KATL
11999,KIND,KBOS
12000,KIAH,KDFW
12001,EBMB,OMDB
12002,EDDF,LTFJ
12003,ESSA,EGLL
12004,KSMF,KLAS
12005,KMCO,KMIA
12006,LIRF,LEBL
12007,KCLT,KSEA
12008,KATL,KTUL
12009,KMIA,KATL
12010,EHAM,EDDB
12011,KDCA,KLAX
12012,VIDP,VABB
12013,KSTL,KDEN
12014,LTFJ,LTAE
12015,KBOS,KTEB
12016,KOAK,KSEA
12017,KSAC,KAPC
12018,KFFZ,KCHD
12019,LFPG,KORD
12020,LIML,EDDS
12021,KBWI,KSAN
12022,KBED,KMMU
12023,KONT,KUTA
12024,KATL,KROC
12025,KCLT,KABE
12026,EGLL,KSFO
12027,EDDL,EDLW
12028,KJFK,KSRQ
12029,ENZV,ENBR
12030,LFPO,LFML
12031,KTUL,KDFW
12032,KBUR,KSBP
12033,KFLL,KATL
12034,KFXE,KOPF
12035,KMIT,KPRB
12036,KPVU,UT99
12037,UUEE,UWSS
12038,SKBO,KMIA
12039,LIPE,LEBL
12040,KBOS,KBKL
12041,KRND,28TE
12042,EGCC,OTHH
12043,EETN,ESSA
12044,KATL,KDEN
12045,KMDW,KMSN
12046,KSTL,KLAS
12047,KDCA,KORD
12048,EDDF,LEPA
12049,EKCH,ENBR
12050,KDCA,KBOS
12051,LZKZ,LKHK
12052,KOAK,KSAN
12053,YMML,WSSS
12054,KPHL,EDDK
12055,EHAM,LKPR
12056,KMSP,KSDF
12057,LROP,EGLL
12058,UKKK,EDDB
12059,LEMG,LPPT
12060,LEBL,EHAM
12061,KSMF,KMDW
12062,SPJC,KMIA
12063,KGEG,KYKM
12064,KGEG,KYKM
12065,KSEA,KSNA
12066,KPHX,KSNA
12067,RCTP,VHHH
12068,KDAL,KOMA
12069,KSTL,KDAL
12070,KRAL,KL26
12071,KBWI,KORD
12072,KEWR,KFLL
12073,KATL,KMSN
12074,KTUL,KDFW
12075,KPDX,KMDW
12076,KDCA,KDTW
12077,K2K9,KRVS
12078,KJFK,KDFW
12079,03OK,KRVS
12080,KORD,KPHL
12081,KLAS,KDFW
12082,SBRJ,SBKP
12083,KSTL,KDEN
12084,UUWW,UUEE
12085,KDFW,KTYS
12086,KBNA,KMDW
12087,KMMU,KBED
12088,LPPR,EDTB
12089,KPDK,KLUK
12090,KEWR,KCLT
12091,KJFK,KBUF
12092,EDDM,OMDB
12093,KATL,KSEA
12094,KPDK,4GA9
12095,KLGA,KSRQ
12096,KPHL,KDTW
12097,KCLT,KPHL
12098,LYBE,UUEE
12099,KFFZ,KCHD
12100,KORD,KDCA
12101,EIDW,EGLL
12102,SSJC,SBKP
12103,GMMN,LFBO
12104,SPJC,SPST
12105,KLAS,KDTW
12106,KDAL,KDCA
12107,KMVY,KJFK
12108,KSLC,KSAN
12109,KCLT,KVPS
12110,LKPR,OMDB
12111,KDEN,KSJC
12112,KATL,KJFK
12113,KXFL,KDAB
12114,EDDH,EDDS
12115,KSMF,KPHX
12116,KIND,KLAX
12117,KOAK,CL36
12118,KORD,KSTL
12119,KS67,ID35
12120,EDDK,EDDM
12121,LLBG,EBBR
12122,ENGM,OTHH
12123,LSZM,LOWW
12124,KGEG,KLAX
12125,KORD,KMCO
12126,KEWR,KCLT
12127,KATL,KLAS
12128,LFPG,LIPE
12129,KBNA,KSTL
12130,LPMA,LPPT
12131,KCLT,KBWI
12132,EHAM,LIML
12133,KNSE,K12J
12134,35AZ,KTUS
12135,KSBA,KTOA
12136,KDMW,KGAI
12137,KDCA,KLGA
12138,EDDH,OMDB
12139,KOMA,50NE
12140,KBDR,KHPN
12141,KATL,KBUF
12142,EBMB,LOWW
12143,ESSB,ESGG
12144,KLAX,KBOS
12145,EGKK,LIRF
12146,KDEN,KCOS
12147,LLBG,LFPG
12148,EHAM,EDDM
12149,LFPG,EDDB
12150,KMDW,KLAX
12151,KSJC,KSNA
12152,GA36,K47A
12153,KNSE,0AL5
12154,KMIA,KJFK
12155,KGRR,KMDW
12156,KPRC,KDVT
12157,KBOS,KPVC
12158,KLAS,KPHL
12159,KCLT,KROC
12160,KATL,KSDF
12161,RJTT,RJBB
12162,EGGW,LKPR
12163,KSMF,KLGB
12164,LEBL,OMDB
12165,TJSJ,KEWR
12166,KBWI,KDTW
12167,KDEN,KDFW
12168,KIND,KATL
12169,KRAC,KMSN
12170,KDEN,KEWR
12171,KDTW,KORD
12172,34MI,KORD
12173,LEMD,LEPA
12174,EIKN,EGGP
12175,YSSY,YMML
12176,KDFW,KORD
12177,KORD,KLAS
12178,KNSE,K12J
12179,KPDX,KDFW
12180,LFPG,LROP
12181,KDCA,KDFW
12182,KORD,KMSP
12183,UUWW,ULLI
12184,KBOS,KROC
12185,SBBR,SBGR
12186,PANC,KSEA
12187,LIMC,LIBD
12188,KDVT,KTUS
12189,KCLT,KBKL
12190,KAUS,KDEN
12191,LEMD,LPPT
12192,KDAL,KPHX
12193,KHOU,KSAT
12194,KDTW,KORD
12195,EHRD,LEMG
12196,KSDL,KPAN
12197,KOAK,KAFW
12198,YSSY,YBBN
12199,KBOS,KIAD
12200,KSEA,KLAS
12201,LPPT,LPFR
12202,LHBP,EPWA
12203,KATL,KMDW
12204,KFTW,KDAL
12205,KPDK,KECP
12206,KSNA,KCRQ
12207,KDTW,KDFW
12208,VOMM,VECC
12209,EKCH,ENGM
12210,KDEN,KSFO
12211,KFFZ,KE51
12212,LFPO,LEBL
12213,WMKK,NZAA
12214,KPHL,KSDF
12215,LEBL,EGBB
12216,KDCA,KSYR
12217,KBOS,KROC
12218,KDFW,KDEN
12219,KSFO,KSNA
12220,KA39,KFFZ
12221,KBUR,KUTA
12222,LFPB,EGGW
12223,LEMG,LSZH
12224,KJYO,KOKV
12225,KJFK,KLAX
12226,LEAL,EGGW
12227,WSSS,RJTT
12228,KSMF,KSAN
12229,LFPG,OMDB
12230,KRDU,KORD
12231,KDFW,KMCI
12232,KLAS,KONT
12233,KIND,KLAX
12234,KDEN,KUTA
12235,CYVR,CYCD
12236,KDEN,KCOS
12237,KSEA,KPHX
12238,KBWI,KBNA
12239,ENZV,EKCH
12240,ESTA,ESSA
12241,KSNA,KORD
12242,KDTW,KATL
12243,KBNA,KDEN
12244,SBVT,SBKP
12245,YHBA,YBMC
12246,KIND,KSEA
12247,KSYR,KPHL
12248,KSEA,KBOI
12249,KSFO,KJFK
12250,KSAT,KDAL
12251,KDFW,OK79
12252,KPAE,KSFO
12253,VAPO,VOBL
12254,KOAK,KSNA
12255,KTDF,KRDU
12256,KDCA,KCMH
12257,KIND,KATL
12258,KNSE,K12J
12259,KTEB,CL36
12260,ESSA,LEMG
12261,KPWK,KCMH
12262,LSGG,LPPR
12263,KMDW,KSJC
12264,VOBL,VECC
12265,KMCI,KPHL
12266,KDTW,KGRB
12267,LEMD,LEIB
12268,KM54,KBNA
12269,LEMG,EHAM
12270,KCWA,KDTW
12271,CYUL,CYYZ
12272,KIND,KDTW
12273,CYXE,CKA8
12274,CYVR,CYYC
12275,KHOU,KDAL
12276,ULLI,UUDD
12277,KSJC,KLAX
12278,KSAT,KUTA
12279,SBSP,SBBR
12280,KDEN,KLAX
12281,KDAL,KABQ
12282,KFLL,KDAL
12283,KJFK,KSYR
12284,ENVA,ENGM
12285,EDDF,LEPA
12286,EIDW,EGGD
12287,LEMD,EGLL
12288,LFPO,LFCR
12289,KSFO,KPHX
12290,KPHX,KSEA
12291,KEWR,KSDF
12292,KLNS,KMMU
12293,ENGM,ENZV
12294,KMIA,KEWR
12295,KSBP,KSFO
12296,KDEN,KCOS
12297,KCLT,KLAX
12298,KDFW,KBOS
12299,KPVD,KCLT
12300,KGEG,KLAS
12301,KSEA,PANC
12302,KAPA,CO07
12303,LPPT,OMDB
12304,EGLL,KATL
12305,LIMC,LIEA
12306,CYYZ,CYXE
12307,CYVR,CYYC
12308,KMYF,KCMA
12309,LLBG,EGLL
12310,ENBR,ENGM
12311,KFFZ,KA39
12312,KGRR,KDTW
12313,KATL,KBOS
12314,LFPO,LPPR
12315,KMSP,KATL
12316,IN93,KORD
12317,LTBA,UKBB
12318,KCRQ,KLGB
12319,KMSP,KLAX
12320,KCLT,KDAY
12321,KFCM,1MN8
12322,PANC,KSEA
12323,KSFO,KLAX
12324,LSZM,LHBP
12325,OTHH,LFPG
12326,KBOI,KDFW
12327,KORD,KLGA
12328,CYYZ,CYVR
12329,KBOI,KLAX
12330,EGPF,EGLC
12331,LEMD,LEBL
12332,KSNA,KORD
12333,ULLI,UUEE
12334,KCLT,KBOS
12335,KORD,KTUL
12336,KATL,KLAX
12337,KSNS,KUDD
12338,KPDX,KORD
12339,CYVR,CYYJ
12340,KDFW,KPHL
12341,SBVT,SBKP
12342,KMSP,KSEA
12343,KMCI,KORD
12344,KBED,KLEB
12345,KATL,KLGA
12346,KPHF,KLUK
12347,KEWR,KRDU
12348,SBBR,SBKP
12349,ESSB,ESMS
12350,LIPX,LICZ
12351,LFPG,LIPZ
12352,K12J,KNSE
12353,GOBD,LFPG
12354,LEAL,LEPA
12355,KFRG,KIAD
12356,KFXE,KBED
12357,VHHH,RCTP
12358,KJWN,KM54
12359,KOAK,KSEA
12360,KJFK,KCLT
12361,VABB,VECC
12362,SBRJ,SBBR
12363,LTFJ,LTFE
12364,93OK,KRVS
12365,KSAN,KSFO
12366,KSEA,KMDW
12367,KDEN,KCVG
12368,KSFO,KLAS
12369,LFPG,KATL
12370,LFBO,LFPO
12371,KPHX,KUTA
12372,EDFE,EDFC
12373,KATL,KVPS
12374,KSNA,KDFW
12375,KLAS,KVUO
12376,KCLT,KSDF
12377,LEMD,LFML
12378,EDDN,EDDF
12379,KSFO,KJFK
12380,KDTW,CYYZ
12381,KBOS,KLGA
12382,09CL,KPAO
12383,LEMG,EFHK
12384,KDEN,KSAN
12385,KSMF,KSEA
12386,LPPR,EGSS
12387,KSAN,KEWR
12388,KMVY,KJFK
12389,RJTT,KLAX
12390,KDFW,41MO
12391,KORD,KTYS
12392,KONT,KUTA
12393,KBOI,KSEA
12394,LIRF,LIEE
12395,KLGB,KPHX
12396,KSEA,KLAX
12397,KORD,KEWR
12398,SSJC,SBGL
12399,KVPS,KDFW
12400,KIAD,KDAY
12401,KPHL,KTEB
12402,LEAL,ESSA
12403,KLAS,KMCI
12404,SBVT,SBGR
12405,KATL,KOKC
12406,KDEN,KPHX
12407,LFBO,EDHI
12408,KSFO,KBOS
12409,KLGA,KBOS
12410,KPHL,KSFO
12411,LEMD,LFBO
12412,EKCH,EKRN
12413,KFAT,KSAN
12414,KIND,KEWR
12415,KDFW,KONT
12416,KBJC,CO07
12417,KRDU,KTDF
12418,KSMF,KSFO
12419,KDTW,KCLT
12420,KBOS,KLGA
12421,EGPH,OTHH
12422,CYWG,CYYC
12423,LFPG,KORD
12424,KBUF,KORD
12425,KABE,KBKL
12426,KPHX,KMCI
12427,EPWA,EGLL
12428,CYYC,CYKA
12429,4OL3,KDFW
12430,KTUS,KPHX
12431,KSFO,KLAX
12432,KDFW,KBNA
12433,KLAS,KFAT
12434,KDEN,KBOI
12435,KLAX,KDFW
12436,KOAK,CL77
12437,KPHL,KBOS
12438,KCOE,KSZT
12439,MA55,KBOS
12440,KGEG,KSEA
12441,KORD,KSFO
12442,LEMD,LPPR
12443,KPVD,KMVY
12444,KONT,KSEA
12445,KEWR,KSTL
12446,KLGA,KCLT
12447,VABB,VECC
12448,KFNL,KAPA
12449,KBOS,KMCO
12450,KSBP,KPHX
12451,LEPA,EDDH
12452,KSAN,KDFW
12453,KRVS,OK13
12454,KLAX,KOAK
12455,KATL,KDFW
12456,KFAT,KSFO
12457,KDTW,KJFK
12458,KDAL,KBWI
12459,KDFW,KMIA
12460,LPPR,EBCI
12461,KMDW,KCMH
12462,KBOI,KSAN
12463,EHEH,LEMG
12464,KIAD,KORF
12465,PANC,KLAX
12466,KDFW,KSAF
12467,KBWI,KCLT
12468,KSFO,KPDX
12469,EDNY,LSZH
12470,KBED,KTEB
12471,KPOC,KBUR
12472,KTYS,KATL
12473,KDEN,KBTF
12474,KONT,CL46
12475,KATL,KTYS
12476,KEWR,KSFO
12477,KSNA,KSFO
12478,EIDW,OTHH
12479,KORF,KCLT
12480,LROP,EGSS
12481,KDCA,KBOS
12482,KFLL,KEWR
12483,EHAM,EIDW
12484,KSBA,KPHX
12485,KPHL,KCLT
12486,KSLC,KSFO
12487,KORD,NE42
12488,DAAG,LEMD
12489,KATL,KHSV
12490,KPHX,KPDX
12491,LSZH,OTHH
12492,KFLL,KDEN
12493,EFHK,EKCH
12494,KDFW,KM99
12495,KVGT,KU08
12496,KPDX,KDFW
12497,LEMD,LFBD
12498,KATL,KDTW
12499,KDCA,KALB
12500,KDTW,KATL
12501,KGEG,KSFO
12502,KORD,KMSP
12503,KFHR,KBFI
12504,KDEN,KPDX
12505,KMSP,KCVG
12506,LLBG,EDDF
12507,WMKK,RJBB
12508,KATL,KDAL
12509,KBOS,KMCO
12510,KSNA,KPDX
12511,KDEN,KSEA
12512,KSMQ,KN51
12513,KSFO,KORD
12514,LIRF,OMDB
12515,LKPR,OTHH
12516,KMCE,KLAX
12517,KLAS,KSEA
12518,ENGM,EPKK
12519,KEWR,KATL
12520,UKBB,OTHH
12521,CYYJ,CYVR
12522,KDEN,KAUS
12523,KBFI,KYKM
12524,KSAN,KIAD
12525,KPDX,KSEA
12526,KLAX,KJFK
12527,LEMD,LEMG
12528,K2K9,KRVS
12529,KORD,KLAS
12530,KDCA,KCVG
12531,KORD,KBOI
12532,LFPG,EGPH
12533,KMDT,KCLT
12534,KTUL,KWLD
12535,KDFW,KEWR
12536,KORD,KDEN
12537,KSMF,KATL
12538,KSAC,09CL
12539,KDTW,KFLL
12540,KATL,KLAS
12541,KDCA,KHPN
12542,KDTW,KATW
12543,KSFO,KORD
12544,KSNA,KLAS
12545,KHPN,KCLT
12546,KDEN,KATL
12547,ULLI,UUDD
12548,KLAS,KSFO
12549,EDDM,ENGM
12550,VABB,VIDP
12551,ENGM,LEAL
12552,KLGA,KDCA
12553,KBFI,KBLI
12554,KDFW,KMCO
12555,LEIB,LEBL
12556,KDEN,KSTL
12557,KCLT,KDTW
12558,KSTL,KBFI
12559,LEBL,OTHH
12560,KBOS,KBNA
12561,LFPG,LIMC
12562,KLAX,KORD
12563,LFPG,LPPR
12564,KBWI,KPHX
12565,KSAN,KSTL
12566,KORD,KFLL
12567,KDEN,KBNA
12568,LIRF,LICZ
12569,LEPA,EDDB
12570,KLAS,KSEA
12571,LFNR,LFMA
12572,EDDM,EDDL
12573,KDTW,KCLT
12574,KEWR,KDEN
12575,KSLC,KSFO
12576,KMSP,KIAD
12577,KAUS,KDEN
12578,KOAK,KBUR
12579,KCLT,KTUL
12580,KATL,KLAX
12581,KPHX,KATL
12582,1TN0,KBNA
12583,KF70,2CN8
12584,KNSE,K12J
12585,VIDP,VICG
12586,KDTW,KBNA
12587,KMSP,KOMA
12588,GMMN,LEMG
12589,KSNA,KPHX
12590,CYYZ,CYVR
12591,KDEN,KBOS
12592,KDAY,KORD
12593,KDTW,KBOS
12594,KONT,KATL
12595,KLAX,KORD
12596,KATL,KECP
12597,CYMX,CNV9
12598,KSAT,KDEN
12599,EDDM,LGAV
12600,LIMC,OTHH
12601,EGLL,KSEA
12602,KMDW,KBOS
12603,LIML,EBMB
12604,KDEN,KLAX
12605,KISP,KHWV
12606,EHRD,LPFR
12607,KDFW,KPHX
12608,KDAL,KBWI
12609,KOMA,NE38
12610,KOAK,KVIS
12611,UUDD,ULLI
12612,KORD,KDFW
12613,EDDF,DAAG
12614,KSLC,KBOI
12615,LEZL,LFPO
12616,KPYM,KHYA
12617,LIRF,EDDM
12618,KDFW,KSDF
12619,KHOU,KDAL
12620,KATL,KSAN
12621,EHAM,EPGD
12622,KLAX,KUTA
12623,KORD,KPHX
12624,KFTW,KDAL
12625,KCLT,KBWI
12626,KLGA,KDEN
12627,KSNA,KMSP
12628,KSTL,KCLT
12629,EDDM,EDDH
12630,KSMF,KSAN
12631,KPHL,KFLL
12632,LIBD,LIMA
12633,KBOI,KLAX
12634,KEWR,KLAS
12635,LIPE,EBCI
12636,KDEN,KBWI
12637,LFPG,KJFK
12638,KSEA,KSAN
12639,54OK,KRVS
12640,UUEE,EDDF
12641,LTBA,EDDF
12642,LTFJ,LTFE
12643,LOWW,UKKK
12644,KBNA,KIAD
12645,LIMC,KJFK
12646,KLAS,KPHX
12647,KATL,KPHL
12648,ENHD,ENGM
12649,KRVS,03OK
12650,EGJJ,EGGP
12651,KPRC,42AZ
12652,KA39,KFFZ
12653,KDEN,KTUS
12654,KMSP,KDEN
12655,KLGA,KATL
12656,EFKU,EFHK
12657,SBKP,SBCO
12658,KDFW,KLAX
12659,KDVT,KFUL
12660,EHAM,EGAC
12661,VHHH,RCTP
12662,KTEB,KIAD
12663,KLAX,KVNY
12664,EDDS,EDVE
12665,LPPR,LSZH
12666,KJFK,KRDU
12667,LEPA,EDDB
12668,KSEA,KORD
12669,KN71,KGAI
12670,KSMF,KORD
12671,KSAN,KPHX
12672,KDTW,KROC
12673,KPHX,KDAL
12674,KONT,KSBP
12675,KCNO,KAJO
12676,LEBL,LEIB
12677,KFRG,5CT7
12678,RJBB,OMDB
12679,KORD,KOMA
12680,KBNA,KORD
12681,KATL,KMCI
12682,OERK,LSGG
12683,KFTW,KMKC
12684,KTUS,KATL
12685,EGCC,EGLL
12686,LFPG,ESSA
12687,KO52,KSAC
12688,KDEN,KDFW
12689,KLAX,KSTL
12690,SSJC,SBGR
12691,EPWA,EPRJ
12692,CYYC,KMSP
12693,LPPT,LSGG
12694,EDDF,EGLL
12695,KCLT,KATL
12696,KPDX,KBOI
12697,KATL,KDTW
12698,EGLL,EGAC
12699,KPSP,KDFW
12700,KDTW,KSDF
12701,KBOS,KPHL
12702,KPDK,SC97
12703,KBDN,50OR
12704,KPHX,KSFO
12705,KDAY,KDTW
12706,LPFR,EDDB
12707,KFRG,KFOK
12708,KDFW,KSTL
12709,KNSE,KMVC
12710,ENHD,ENBR
12711,EHAM,EGLL
12712,KDEN,KPHX
12713,LEPA,LFPG
12714,KSAN,KUTA
12715,KLAX,KJFK
12716,KSEA,KPHX
12717,WMKK,VOBL
12718,KDEN,KMDW
12719,EKCH,KORD
12720,KHOU,KIWS
12721,KIAD,CYYZ
12722,KOAK,KLAX
12723,KATL,KORD
12724,EVRA,EDDM
12725,KDFW,KATL
12726,LEBL,LSGG
12727,VOBL,VIDP
12728,KDFW,KPDX
12729,LTFJ,EDDL
12730,KDTW,KFLL
12731,EDDF,EIDW
12732,KCLT,KFLL
12733,KSEA,KSNA
12734,GMMN,LIPE
12735,KMSP,KLAS
12736,KDVT,KPAN
12737,KJVL,KPWK
12738,EDDH,EDDM
12739,KPDK,4GA9
12740,LIBD,LIMC
12741,YMML,NZAA
12742,KTUL,KAFW
12743,KSNA,KPHX
12744,KBTL,MI77
12745,KLAX,KSFO
12746,KDCA,KORF
12747,KPHX,KPHL
12748,LIRA,LIPX
12749,KDEN,KORD
12750,EDDL,LEPA
12751,KLUK,KMDW
12752,LROP,EBBR
12753,LEPA,EDDF
12754,PANC,KMSP
12755,EGLL,KJFK
12756,KEWR,KDTW
12757,KHSV,KATL
12758,KONT,KPHL
12759,KDCA,KMSP
12760,KNSE,K12J
12761,KBUR,KSEA
12762,KCMH,KDTW
12763,LPPR,ELLX
12764,LEMD,EDDB
12765,LIMF,LICZ
12766,KMSP,KSAN
12767,KMSP,KJFK
12768,OMDW,VHHH
12769,KORD,CYUL
12770,VOBL,VOMM
12771,KDTW,KTYS
12772,KDEN,KLAS
12773,KSAN,KDAL
12774,KLAS,KCMA
12775,YSSY,YBBN
12776,KDEN,KMCO
12777,KDFW,KHHR
12778,KDTW,1MI8
12779,EDPD,EDNR
12780,KSEA,KLAX
12781,KAPA,KAPC
12782,KHOU,KTUL
12783,KPMD,KMYF
12784,KPDX,KLAX
12785,KLAX,KPDX
12786,WV22,KFDK
12787,KXLL,55PA
12788,KLAX,KPHX
12789,KPDX,KFAT
12790,KDCA,KJFK
12791,KBUR,KMDW
12792,KCRQ,KWHP
12793,KPHX,KDFW
12794,KBNA,KSRQ
12795,KATL,KDTW
12796,KLVK,KSQL
12797,KORD,KCMH
12798,KLZU,KFTY
12799,KSAN,KSEA
12800,EFHK,EDDH
12801,KDFW,KLGA
12802,KORD,KABQ
12803,UUEE,ULLI
12804,EGAC,EGLL
12805,LOWS,EDDF
12806,KMSP,KDEN
12807,KLAX,KBOS
12808,KLAX,KBOI
12809,KMKE,KDTW
12810,KCDW,K12N
12811,EDDM,LROP
12812,KSNA,KSFO
12813,KDAL,KSJC
12814,KMIT,95CA
12815,KDFW,KDEN
12816,KSAN,KORD
12817,KDTW,CYUL
12818,KMSP,KORD
12819,KHOU,KPHX
12820,KSJC,KWHP
12821,CYOW,CYYZ
12822,KORD,KDAY
12823,YSSY,YPEC
12824,KBUF,KPHL
12825,KTEB,KIAD
12826,ENGM,ENVA
12827,LFPG,EDDH
12828,KLAX,KDCA
12829,KLAX,KSJC
12830,LLBG,LFPG
12831,KLAS,KPDX
12832,EKCH,LEMD
12833,VIDN,VIDP
12834,KMIA,KSDF
12835,KORD,KSAT
12836,VGZR,OTHH
12837,KONT,KSBA
12838,KDFW,KSBP
12839,KBUR,KPHX
12840,KDEN,KORD
12841,KMCI,KDEN
12842,KSAN,KSEA
12843,SBRJ,SBBR
12844,KCLT,KHSV
12845,KSLC,KSAN
12846,KMDW,KDTW
12847,EHAM,EGNT
12848,KPDK,KGVL
12849,KSNA,KSEA
12850,EGSS,LPFR
12851,CYVR,CML2
12852,KDTW,KSYR
12853,LEIB,LEMG
12854,KLAX,KUTA
12855,EDDM,KEWR
12856,KLAS,KLAX
12857,KATL,KJFK
12858,EICK,EGGW
12859,KDTW,KMSP
12860,KORD,KBNA
12861,KPDX,KSEA
12862,ENBR,ENGM
12863,KTUS,KIWA
12864,KSAN,KMDW
12865,KORD,KDEN
12866,KAVQ,KFFZ
12867,KPAE,KSAN
12868,LEBL,LEMH
12869,KNSE,KGZH
12870,KATL,KMKE
12871,LEMD,KMIA
12872,KFLL,KRDU
12873,UUEE,LFPG
12874,KLAS,KATL
12875,KRDU,KATL
12876,KSEA,KORD
12877,KLAX,KPHX
12878,LYBE,ULLI
12879,KIAD,KSRQ
12880,KOAK,KPDX
12881,NZCH,NZAA
12882,KCRQ,KCMA
12883,SPJC,KMIA
12884,EDDF,LFBO
12885,KBWI,KHEF
12886,KCLT,KRDU
12887,KDFW,KLAS
12888,KORD,KCVG
12889,KGYY,KLOT
12890,KANE,KLVN
12891,KSLC,KSJC
12892,KROC,KTEB
12893,KSLC,KBOI
12894,KGEG,KLAX
12895,LROP,LEBL
12896,KLAS,KSCK
12897,EDDF,LEBL
12898,KDEC,KORD
12899,KFFZ,KCHD
12900,KFLL,KJFK
12901,LIMC,LICJ
12902,KORD,KPDX
12903,KLAX,KDTW
12904,KSNA,KWHP
12905,EDDM,LHBP
12906,KLOM,KPNE
12907,02GE,KRYY
12908,KSJC,KFAT
12909,EDDF,LHBP
12910,KORD,KSTL
12911,KBUF,KDTW
12912,EDNY,LSZH
12913,KOKC,KDEN
12914,KDTW,KPIT
12915,KPHX,KSNA
12916,KSEA,KBOS
12917,KIWA,KPVU
12918,KMCI,KDTW
12919,KORD,KMKE
12920,KMIA,KDFW
12921,KHPN,KDTW
12922,KLAS,KATL
12923,KBUR,KDAL
12924,KMKE,KMSP
12925,KGEG,KPHX
12926,EBMB,LIML
12927,KEUL,ID00
12928,KSJC,KBOI
12929,KORD,KMCI
12930,EDDM,LFBO
12931,EDDB,LEBL
12932,KDTW,KALB
12933,KLAX,KLAS
12934,KHOU,KSAN
12935,KPHL,KBUF
12936,KSEA,KPDX
12937,LPPR,EDDF
12938,KRDU,KLAS
12939,KOKC,KATL
12940,LDZA,OTHH
12941,KATL,KSRQ
12942,LIPE,LEBL
12943,KACK,KBOS
12944,VAPO,VIDP
12945,KIWA,KP08
12946,KPDX,KPHX
12947,SBBR,SBGR
12948,LFPG,EGLL
12949,NZPM,NZCH
12950,KGPI,KSEA
12951,KSGF,KDEN
12952,KFXE,KMIA
12953,LFBO,EDHI
12954,KLGA,KATL
12955,KBNA,KPHL
12956,EDDF,LFPG
12957,KL45,KPHX
12958,KORD,KATW
12959,KATL,KBNA
12960,EDDM,EPWA
12961,LIDB,LIPH
12962,KMKE,KPHL
12963,IL38,KARR
12964,KSEA,KSJC
12965,KLAX,KSFO
12966,KCMH,KORD
12967,UWWW,UUDD
12968,KSNA,KSJC
12969,KIAH,KPHX
12970,UKBB,EPWA
12971,KSLC,KLAS
12972,VOMM,VIDP
12973,KLAS,KEWR
12974,LEPA,EDDB
12975,SKBO,KATL
12976,KOPF,KFLL
12977,KONT,KPHX
12978,KSJC,KSEA
12979,EDDL,LHBP
12980,KDEN,MT54
12981,KHOU,KOKC
12982,KGEG,KSEA
12983,VIDP,VOBL
12984,KCLT,KMCO
12985,EDDM,EDDC
12986,EHAM,EGPH
12987,KLAX,KSEA
12988,EDLW,UKKK
12989,LFPG,OTHH
12990,KMDW,KDTW
12991,KDEN,KBOI
12992,KPHL,KDTW
12993,KECP,KATL
12994,KDCA,KBNA
12995,KLAX,KSUU
12996,KDFW,KHSV
12997,EETN,UKKK
12998,K12J,KNSE
12999,KIND,KMCI
13000,EGLL,LLBG
13001,EDDM,LIRF
13002,LEBL,LEMD
13003,ESMS,ESSA
13004,KPAN,KSDL
13005,KORD,KLAX
13006,KSDL,KPAN
13007,KPAE,KSNA
13008,KATL,KDEN
13009,LIME,LKPR
13010,KATW,KORD
13011,KMZJ,KRYN
13012,KLAX,KSEA
13013,KPHX,KBNA
13014,VHHH,RJBB
13015,KDCA,KATL
13016,KORD,PANC
13017,KBOS,KMCI
13018,KATL,KBKL
13019,EHAM,OMDB
13020,KTUS,KLAX
13021,KDEN,KBUR
13022,KRDU,KDCA
13023,KSEA,KJFK
13024,KECP,KDFW
13025,EDSB,EDDW
13026,KFLL,KDEN
13027,LEPA,LEBL
13028,KSMQ,KN51
13029,KIND,KIAD
13030,EDDM,EKCH
13031,KLAS,KJFK
13032,KSFO,KDTW
13033,KBDN,50OR
13034,CYVR,CYCD
13035,KHOU,KABQ
13036,KORD,K8C4
13037,KAUS,KAFW
13038,FAOR,FACT
13039,KDTW,KEWR
13040,KADS,KAFW
13041,KCRQ,KCMA
13042,EFHK,EKCH
13043,LEIB,EHAM
13044,KATL,KPHL
13045,EDDB,LEBL
13046,LPPT,LSZH
13047,KBOS,KBWI
13048,SBGR,SBBR
13049,LEMD,LFPO
13050,EDDF,LIML
13051,KSTL,MO81
13052,UUEE,EHAM
13053,EKCH,OTHH
13054,KATL,KSYR
13055,KFAT,KLAX
13056,KCMH,KDAL
13057,KDEN,KBTF
13058,KLGA,KTYS
13059,KLAX,KSJC
13060,EDDM,LEMD
13061,KBOI,KPDX
13062,KDCA,KPVD
13063,EGLL,OTHH
13064,KORD,KSAN
13065,KMZJ,KAVQ
13066,VABB,VOMM
13067,CYYZ,CYYC
13068,KSBA,KSQL
13069,KSEA,PANC
13070,LEMD,EDDH
13071,KSFO,KJFK
13072,KIAD,KMDT
13073,KDTW,KDCA
13074,EHAM,ENZV
13075,KORD,KORF
13076,EPWA,EPKK
13077,LEBL,LEMH
13078,KIAD,KHHR
13079,KDEN,KSEA
13080,LPCS,LSGG
13081,KDFW,KABQ
13082,KTOA,KNTD
13083,RCTP,VHHH
13084,LFML,LTFJ
13085,KHOU,KLAS
13086,KSJC,KLAS
13087,KTEB,TJIG
13088,KDTW,VT26
13089,KORD,KCOS
13090,KDFW,CYYC
13091,KBOS,KDCA
13092,KSNA,KOAK
13093,KU77,KU14
13094,KEWR,KMIA
13095,KDEN,KLAS
13096,KRDU,KPDK
13097,EBMB,LKPR
13098,LEMG,EGGW
13099,KMGJ,KMSV
13100,KPHX,KPRC
13101,KCLT,KDCA
13102,KDBQ,WI81
13103,EPWA,LFPG
13104,LEMD,OTHH
13105,KOKC,KPHX
13106,KIAD,KEWR
13107,LOWW,OTHH
13108,KDFW,KSNA
13109,KAPA,KMCC
13110,KORD,KBUF
13111,KATL,KORF
13112,LFPG,LFRJ
13113,EKCH,LEPA
13114,KCMH,KDTW
13115,KFLL,KEWR
13116,KDTW,KMCO
13117,KDEN,KBTF
13118,KSTL,KI63
13119,EDDL,LOWS
13120,VOMM,VABB
13121,KLAS,KORD
13122,KHOU,KSAT
13123,EDDM,LIPE
13124,KBNA,KHOU
13125,KABQ,KAPA
13126,LIME,LHBP
13127,KOAK,KLAS
13128,KMMU,4NY1
13129,KCPS,IL35
13130,KSLC,KSDF
13131,KORD,KSEA
13132,KPHX,KLAX
13133,LFMN,LFPO
13134,ENZV,ENGM
13135,KSEA,KLAS
13136,KORD,KRDU
13137,96WA,KPAE
13138,KONT,KSBP
13139,EHAM,LPPT
13140,KDTW,KPHL
13141,EDDM,LEBL
13142,KJFK,KMCO
13143,KPUJ,KPDK
13144,KMSN,KORD
13145,EDDB,LTFJ
13146,KBDN,KPDX
13147,KMDW,KSTL
13148,KHOU,KDAL
13149,KVPC,KFTY
13150,KLAX,CYUL
13151,EKCH,OMDB
13152,KVNY,KWHP
13153,KBOI,75DC
13154,EGPH,EGKR
13155,KORD,KDEN
13156,ESSA,OMDB
13157,KSEA,KSFO
13158,LOWW,EDDF
13159,KLAS,KLGB
13160,KSJC,KSAN
13161,KTYS,KORD
13162,KPHL,KBOS
13163,KDFW,KBTF
13164,KSNA,KSAN
13165,KFLL,KORD
13166,LFPG,KDTW
13167,KORD,KATL
13168,EHAM,EGCC
13169,KBDN,50OR
13170,KTEB,KIAD
13171,KCHD,KFFZ
13172,CYOW,CYHM
13173,KORD,KROC
13174,LSGG,LSZH
13175,KHOU,KLGB
13176,KADS,KABQ
13177,EPWA,LSGG
13178,KATL,KCMH
13179,KBOS,KMVY
13180,KRDU,KPHX
13181,K61B,K1G4
13182,SPJC,SKBO
13183,KIAD,KSYR
13184,CBR9,CYYC
13185,KSMF,KDAL
13186,KATL,KMIA
13187,KPNS,KDFW
13188,EDDM,ESSA
13189,KAZO,KORD
13190,KLAX,KFLL
13191,ULLI,ULMM
13192,KSEA,KSAN
13193,KSAT,KDFW
13194,LEPA,LEMH
13195,ESGG,ESSA
13196,KSJC,KBUR
13197,KBNA,KDFW
13198,LFPG,CYUL
13199,EKCH,EKYT
13200,KLAS,K61B
13201,LPPT,EHAM
13202,KMSP,KPHX
13203,LIRA,LFML
13204,EPWA,EBBR
13205,KATL,KBWI
13206,KSJC,KBUR
13207,KDEN,KAUS
13208,KPWA,KAPA
13209,KCGZ,KFFZ
13210,KFRG,KTEB
13211,KORD,KMCO
13212,KSLC,KORD
13213,KIAD,KFLL
13214,KPHX,KSFO
13215,KLGB,KPHX
13216,KPSP,KSFO
13217,KSAT,KDFW
13218,KFLL,KATL
13219,RPLL,VHHH
13220,K3MY,KORD
13221,KSEA,KSFO
13222,KPDX,KMSP
13223,CYYJ,CYVR
13224,ULLI,UUEE
13225,KSMF,KSEA
13226,KE45,KCPU
13227,KBNA,KATL
13228,KDTW,KIAD
13229,KMIA,KATL
13230,CYVR,KSEA
13231,EHRD,LEAL
13232,KDAL,KFLL
13233,KORD,KBOS
13234,KBOS,KJFK
13235,KDFW,KFAT
13236,KHOU,KDEN
13237,UAAA,VHHH
13238,KGSO,KATL
13239,KBDR,KFRG
13240,EDFC,EDFE
13241,KORD,23MN
13242,KNYL,KPHX
13243,KLAX,KJFK
13244,KFAT,KLAX
13245,KDCA,KCLT
13246,KATL,KDCA
13247,KLAS,KSTL
13248,KORD,KTYS
13249,KSLC,KOAK
13250,KSAN,KVUO
13251,KJFK,EBLG
13252,KOMA,KDFW
13253,KNSE,K12J
13254,KHOU,KMDW
13255,KSEA,KDFW
13256,KPHX,KSTL
13257,KLGB,KTOA
13258,KFLL,KMDW
13259,KSTL,KDFW
13260,KMIA,KPHX
13261,KORD,KPHL
13262,KONT,CL46
13263,KLAS,KMDW
13264,KCWA,KORD
13265,KPHL,KCVG
13266,KMKE,KORD
13267,KPAE,KBVS
13268,ESSA,EKCH
13269,KDAL,KLAX
13270,EDDM,LIRQ
13271,KLAX,KSBA
13272,KMDW,KMSP
13273,KVPS,KATL
13274,EGAA,EGGP
13275,KDCA,KMCI
13276,KBFI,KPAE
13277,KATL,KMCO
13278,LTFJ,EDDK
13279,KMKE,KBWI
13280,KDEN,KORD
13281,GMMN,LFBO
13282,EDDF,LKPR
13283,KIAD,KDTW
13284,K0L7,KHND
13285,KSLC,KORD
13286,KORD,KDFW
13287,CYYJ,CYVR
13288,KSMF,00CL
13289,LEIB,LEBL
13290,KDTW,KRDU
13291,KHND,KSNA
13292,KDFW,KTUL
13293,KTUL,KDEN
13294,LEMD,LSZH
13295,WN51,KFHR
13296,EDLV,LICJ
13297,KCMH,KORD
13298,SBRJ,SBKP
13299,19OK,KRVS
13300,EKCH,EKYT
13301,KATL,KEWR
13302,VOBL,VOMM
13303,KDEN,KLAS
13304,KFDK,KLNS
13305,KPHX,KNYL
13306,EGNT,EGAA
13307,LFPG,LFBD
13308,LIML,LIBD
13309,KORD,KDAY
13310,TJSJ,KMIA
13311,KMDW,KPHX
13312,EDDP,LIMC
13313,KE63,KFFZ
13314,KBDN,35OR
13315,EDDH,EPGD
13316,KATL,KMCO
13317,ULLI,UUWW
13318,LFPG,EHAM
13319,KJYO,KLNS
13320,EBCI,LEMG
13321,EFHK,OTHH
13322,KHWV,KFRG
13323,KSTL,KORD
13324,KLAX,PANC
13325,KNSE,KGZH
13326,EDDS,EDVE
13327,KE63,KFFZ
13328,KEWR,TXKF
13329,KSJC,KLAX
13330,KFLL,KDEN
13331,KSLC,KORD
13332,UKKK,EPWA
13333,KMIA,KJFK
13334,EHAM,LFPG
13335,KLAS,KBUR
13336,LFPO,LPPT
13337,EPWA,EPGD
13338,KDTW,KMDT
13339,KIAD,KHSV
13340,KPHL,KRDU
13341,KDEN,KBUR
13342,KMHR,KOAK
13343,KPHL,KTYS
13344,EDDM,LIPZ
13345,KSTP,KSDL
13346,KDEN,KSEA
13347,LFBO,LFPO
13348,LIRF,LEBL
13349,KDFW,KBNA
13350,KSNA,KDFW
13351,KPHL,KMCO
13352,KONT,KDFW
13353,KPGV,KCLT
13354,KSMF,KLAX
13355,EGLL,ESSA
13356,KC83,KO69
13357,ULLI,UUWW
13358,KLGA,KDCA
13359,EHAM,ESGG
13360,LEMD,EBBR
13361,KPHL,KATL
13362,LEPA,LEIB
13363,LHBP,EPWA
13364,CYWG,CYYZ
13365,KNSE,KGZH
13366,LFPB,LSGG
13367,KSEA,KOAK
13368,LIPZ,LEBL
13369,KATL,KIAD
13370,KORD,KPVD
13371,KDTW,KLAS
13372,KIAD,KSDF
13373,LROP,LIME
13374,KEWR,CYUL
13375,EDDM,EFHK
13376,KSLC,KLAX
13377,LSZM,LEPA
13378,VIDP,VABB
13379,KDVT,KPRC
13380,KPHX,KMDW
13381,KDEN,KTYS
13382,LEMD,LFPG
13383,KORD,KPIT
13384,EHAM,EDDN
13385,KBUR,KPHX
13386,KIND,KJFK
13387,KSQL,KIZA
13388,KLAX,KATL
13389,LEMG,LEMD
13390,KMSP,KEWR
13391,KCLT,OA14
13392,EHEH,LIRA
13393,KBNA,KORD
13394,KPHX,KPSP
13395,LPPT,LPPR
13396,KAGC,KHPN
13397,KMCI,KDEN
13398,EDDL,LEIB
13399,LIMC,UUWW
13400,CYYC,CYWG
13401,SBGL,SBBR
13402,KORD,KDTW
13403,EDDF,OTHH
13404,KBDU,KGXY
13405,KDEN,KBNA
13406,GMMN,EBBR
13407,LEMD,EDDF
13408,EDDK,EDDB
13409,KCLT,KRDU
13410,KEWR,KDFW
13411,KEWB,KHYA
13412,KAUS,KDFW
13413,KPHX,KORD
13414,KIND,KDTW
13415,KPDK,KDAL
13416,EBCI,LEAL
13417,KVIS,KFAT
13418,KLAS,KSAN
13419,SDCO,SBSP
13420,KIAD,KBKL
13421,KMIA,KLAS
13422,KPDX,KLAX
13423,KIAD,KSTL
13424,KATL,KLAX
13425,LEAL,LEPA
13426,KBOS,KTEB
13427,KAPA,CO18
13428,EDHI,LFBO
13429,KIAD,CYYZ
13430,KORD,KMDT
13431,KSJC,KDFW
13432,KDAL,KSAT
13433,LIRA,LIML
13434,KLAX,KPSP
13435,TBPB,TVSM
13436,KOAK,KBUR
13437,KSAT,KHYI
13438,EDDL,LOWW
13439,KLAS,KTUS
13440,LIMC,LFPG
13441,KSAN,KFAT
13442,LEMD,LIPZ
13443,KEWR,KFLL
13444,LPPR,LEBL
13445,KNSE,KMVC
13446,ULLI,UUDD
13447,KSEA,KGPI
13448,LIBD,LIML
13449,EHAM,EGGD
13450,SBRJ,SBSP
13451,SKBO,CYYZ
13452,EGGD,EGPH
13453,EKCH,EGCC
13454,KFLL,SKBO
13455,KDFW,KSDF
13456,KRDU,KBOS
13457,K61B,KU30
13458,8TN6,TN83
13459,LPPT,EGSS
13460,LIPZ,EHAM
13461,EGNR,EDHI
13462,LSGG,EHAM
13463,LEMD,EIDW
13464,KLGA,KDFW
13465,KVNY,KSNA
13466,KJNX,KRDU
13467,KJFK,KTEB
13468,KSQL,CL77
13469,LEIB,LEMD
13470,KDBQ,KGRB
13471,KTDF,KRDU
13472,EDDM,OTHH
13473,KSEA,KPDX
13474,VABB,OBBI
13475,EHAM,EDDF
13476,KIND,KLCK
13477,KPHL,KORD
13478,KORD,KLGA
13479,KMKE,KMCO
13480,KDEN,KPHX
13481,LEMD,LIRF
13482,CYVR,CYQQ
13483,KSJC,KWHP
13484,KIAD,KTYS
13485,UT99,KPVU
13486,KDEN,KDAL
13487,LFPG,LKPR
13488,KSNS,KPSP
13489,KDAL,AL40
13490,TJSJ,KEWR
13491,LFPO,LEBL
13492,KBOI,KORD
13493,VIDP,VECC
13494,KPHX,KSAN
13495,LEMD,LPPR
13496,KCPU,KMHR
13497,EHAM,EGBB
13498,LIMC,LICB
13499,KFLL,KEWR
13500,EIDW,LPFR
13501,KCLT,KMKE
13502,KORD,KSYR
13503,KBNA,KDEN
13504,KFLL,KBOS
13505,KMCI,KDFW
13506,KPHL,KORF
13507,KRFD,KDFW
13508,LEMG,EHAM
13509,KLAS,KOAK
13510,LEMD,EDDL
13511,ENGM,ENZV
13512,KSMF,KLAX
13513,VOBL,VIDP
13514,LPFR,LFPO
13515,PANC,KSEA
13516,KMOD,KSAC
13517,ENBR,ENZV
13518,GMMN,LFML
13519,KEWR,KCVG
13520,KDTW,KORF
13521,KIND,KORD
13522,EDDM,LPPT
13523,KPHL,KCLT
13524,KFRG,KBDR
13525,KLAS,KSNA
13526,KA39,KFFZ
13527,EGLL,OTHH
13528,K12N,KCDW
13529,KDAL,KLAX
13530,LEPA,EGLF
13531,LIME,EGCC
13532,LSGG,LKPR
13533,KSDF,KPHL
13534,KRVS,KMKO
13535,KPHL,KSDF
13536,KTEB,KOPF
13537,LIBD,LIPE
13538,KMIA,SBKP
13539,KDEN,KMSP
13540,KDCA,KFLL
13541,KSEA,6WA3
13542,KEWR,KFLL
13543,EHAM,EDDH
13544,KORD,KBNA
13545,KORD,KLGA
13546,KDTW,KABE
13547,KSTL,KDEN
13548,LFPO,LPPT
13549,KFLL,KEWR
13550,LEMD,EDDL
13551,LEIB,EHAM
13552,KPDX,KONP
13553,ESSA,OTHH
13554,LEAL,EBAW
13555,EVRA,ENGM
13556,KBUF,KJFK
13557,EGPH,EGLL
13558,KRVS,19OK
13559,MI77,MI89
13560,KAPA,CO18
13561,KADS,KF69
13562,EGCC,EHAM
13563,KDCA,KDFW
13564,EHEH,LHBP
13565,KSEA,KOAK
13566,KBJC,KFNL
13567,KBOS,KMVY
13568,KPHX,KSAN
13569,EDDL,EDDM
13570,KEWR,KCVG
13571,KSNA,KLAS
13572,KSAN,KPHX
13573,SBBR,SBRJ
13574,KORD,KGRB
13575,KBUF,KPHL
13576,KDTW,KLAX
13577,EDDW,EDDF
13578,48CN,KMOD
13579,EPWA,LSZH
13580,CYUL,CNV9
13581,KPHL,KMCI
13582,KATL,KPNS
13583,EDDM,LSGG
13584,KLAX,KLAS
13585,LPPR,EDDK
13586,LEMD,LSGG
13587,KMMU,KTEB
13588,KCMH,KCLT
13589,LEBL,LEIB
13590,KGOK,0OK5
13591,KLAS,KPHX
13592,KBFI,KFHR
13593,KSDF,KMDW
13594,KORF,KCLT
13595,KTEB,KHPN
13596,KSAN,KSFO
13597,KIND,KBWI
13598,KLGA,KMIA
13599,PAEN,PANC
13600,KMAN,KCOE
13601,KDCA,KBOS
13602,KMDW,KSAN
13603,ENGM,ENZV
13604,KDEN,KMSP
13605,KMSP,KOMA
13606,EDDM,EHAM
13607,EGCC,LPFR
13608,LEIB,LEMG
13609,KLGB,KOAK
13610,EDDF,LIPM
13611,KSMF,KSNA
13612,5OR5,KBDN
13613,KLAS,KCRQ
13614,KPHX,KABQ
13615,KNZY,KNUC
13616,LIMC,LICP
13617,KSEA,KATL
13618,EGSS,LFBD
13619,KTEB,KBOS
13620,LEBL,EDDF
13621,KTTD,WA63
13622,EDDK,LEPA
13623,KSMO,KCRQ
13624,EGPF,EGLL
13625,KLAX,KPDX
13626,KIND,KORD
13627,KLGA,CYUL
13628,EHAM,LEMG
13629,KBOS,KCVG
13630,KSEA,KLAS
13631,CYYZ,CYUL
13632,LEBL,LEMD
13633,KIAD,KDEN
13634,KORD,KBWI
13635,EGHI,EGAC
13636,KIWA,KP08
13637,KPDK,KTEB
13638,KMSP,KMSN
13639,LFPO,LPPT
13640,KPDX,KDFW
13641,KIND,KMKE
13642,EGGW,LEAL
13643,EBMB,EDDF
13644,EDDL,LEPA
13645,ENZV,ENBR
13646,EPWA,LOWW
13647,KBOS,KPHL
13648,EHAM,LTFJ
13649,KSEA,KMCI
13650,CYVR,CYYJ
13651,KATL,KDTW
13652,KIAD,KBOS
13653,KOAK,KRIR
13654,EDDH,EDDM
13655,KLAS,KLAX
13656,KCLT,KOAJ
13657,KBNA,KLGA
13658,LPPT,LFPG
13659,KMIA,KDEN
13660,EPKT,EPWA
13661,KPHL,KPVD
13662,KCMH,KBNA
13663,CYCD,CYVR
13664,1OK0,KRVS
13665,KRVS,KOKM
13666,KDEN,KDFW
13667,KSEA,KONT
13668,KSFF,KBOI
13669,KJFK,KATL
13670,LEPA,EDDH
13671,KIAH,KPHX
13672,KPOC,KBUR
13673,KOAK,KSJC
13674,KBNA,KDCA
13675,KPUJ,KRYY
13676,ESGG,ESSA
13677,LEBL,LEMH
13678,LYBE,UUEE
13679,KATL,KDCA
13680,KATL,KSFO
13681,KLAX,KIAD
13682,KBOS,CYUL
13683,KLZU,GA06
13684,KORD,KMCO
13685,LEZG,LEPA
13686,KMSP,KBOS
13687,KLGA,KFLL
13688,EHAM,EDDV
13689,KSMQ,KTEB
13690,EPWA,LHBP
13691,ENVA,EHAM
13692,KNZY,KNUC
13693,KRDU,KLGA
13694,KATL,KCVG
13695,EBBR,LEMG
13696,KIAD,KAUS
13697,KSDF,KATL
13698,LEAL,LEBL
13699,KCMH,KMSP
13700,KJFK,KBOS
13701,KCLT,KORD
13702,PANC,KPDX
13703,EVRA,EFHK
13704,KMZJ,KRYN
13705,KLAS,KEWR
13706,VECC,VOBL
13707,CYYZ,KEWR
13708,KORF,KPHL
13709,KPIT,KMSP
13710,RCTP,VHHH
13711,KRDU,KJFK
13712,KISP,KDXR
13713,EHAM,EBBR
13714,YPPH,YBBN
13715,LEMD,EDDF
13716,KEWR,KPHX
13717,KSTL,KEWR
13718,EKRN,EKCH
13719,LEPA,LEMD
13720,KBWI,KMSP
13721,KGRI,KOMA
13722,KATL,KIAD
13723,LIPE,EDDK
13724,KORD,KDCA
13725,KIAH,KSAN
13726,KATL,KMDW
13727,KSFO,KATL
13728,KGEG,KBOI
13729,KSMF,KSEA
13730,LEBL,LSGG
13731,EBMB,LPPT
13732,VIDP,VABB
13733,KPHX,KTUS
13734,KSDL,KPSP
13735,KBNA,KCLT
13736,KACK,KBOS
13737,KSAN,KBWI
13738,KSAT,KLAS
13739,KATL,KPNS
13740,KMHR,KMOD
13741,EPWA,KJFK
13742,KDFW,KSEA
13743,KPHL,KBKL
13744,KSTL,KATL
13745,KPHL,KSRQ
13746,KATL,KSAT
13747,LHBP,LIBD
13748,5WI4,KPCZ
13749,KSJC,KMDW
13750,KTUS,KPHX
13751,TJSJ,KMIA
13752,EHAM,LTFJ
13753,KU42,KU14
13754,KBJC,KCOS
13755,LEMD,LIML
13756,EKBI,EDDB
13757,LFPG,LIRF
13758,KLAS,KPHX
13759,LKPR,UKKK
13760,KSAN,KLAS
13761,LIML,LIRF
13762,UAAA,UKBB
13763,KMSP,KLGA
13764,KLGA,KRDU
13765,KSNA,KPRB
13766,KATL,KSTL
13767,KFLL,KBNA
13768,KPDX,KSFO
13769,KPHL,KALB
13770,KDCA,KCVG
13771,LEMG,EGKR
13772,KORD,KMKE
13773,KATL,KFLL
13774,KEWR,KRDU
13775,KSBA,KLAX
13776,KTEB,KOPF
13777,EDDS,LEPA
13778,UUWW,ULLI
13779,KECP,KDCA
13780,KPHL,KMDT
13781,SKBO,KIAD
13782,EGGP,LEPA
13783,KMDW,KSDL
13784,KIAD,KORD
13785,K1H0,6MO6
13786,KCMH,KATL
13787,KCLT,KRDU
13788,KBLI,KSEA
13789,KSAN,KDFW
13790,EFOU,EFHK
13791,KCLT,KPDK
13792,KDAL,KECP
13793,KBOS,CYYZ
13794,EPMO,EGSS
13795,LEMD,KJFK
13796,KBWI,KHOU
13797,LHBP,LEMD
13798,KIAD,KATL
13799,LPPT,EGCC
13800,KORD,KEWR
13801,KLAS,KSAN
13802,KPDX,KONT
13803,KPNS,KATL
13804,KPHX,KNYL
13805,KEWR,KCMH
13806,KPAN,KDVT
13807,KHOU,KIWS
13808,EDVE,EDDS
13809,LFPG,LFBO
13810,K5B2,KSCH
13811,KIAD,KPHL
13812,EDDF,LEMD
13813,KMSP,KSTL
13814,LIML,LICJ
13815,KORD,KCMH
13816,SBGR,SBRJ
13817,ENVA,ENGM
13818,CYYZ,KLGA
13819,KSFO,KDFW
13820,KHND,KAPA
13821,KBWI,KDAL
13822,KJFK,KSFO
13823,KPHX,KSJC
13824,KSDF,KORD
13825,KBUR,KLAS
13826,KLAS,KSTL
13827,LIME,LIBD
13828,KCLT,KLGA
13829,KBNA,KRDU
13830,0CL6,KCMA
13831,LIMJ,LIBD
13832,KDEN,KBWI
13833,EIDW,LPFR
13834,KWHP,KL70
13835,KSDL,KSNA
13836,KPHX,KLAS
13837,KDFW,KSJC
13838,EGPD,EGLL
13839,KMSP,KORD
13840,KVIS,KFAT
13841,KIWA,KATW
13842,KTEB,KMDW
13843,KORD,KFLL
13844,CYYC,CYXE
13845,LEIB,LEPA
13846,EPKT,EPWA
13847,KORD,KBUF
13848,KIAH,KSNA
13849,EDLP,LEPA
13850,LPPT,EDDF
13851,EVRA,EDDB
13852,KSDL,1AZ0
13853,KSEA,KBOS
13854,KSAT,KMDW
13855,KA39,KCHD
13856,KPHL,KBNA
13857,KLNK,NE42
13858,KMVY,KPVD
13859,LSZM,LSZH
13860,UUEE,ULMM
13861,KLAX,KJFK
13862,EGLL,EDDF
13863,KIAD,KATL
13864,KPWK,KUES
13865,KPAE,KPHX
13866,KSEA,PANC
13867,EDDB,LICZ
13868,KDEN,KSAN
13869,EHAM,EKCH
13870,KTUS,KLAX
13871,KORD,KLAX
13872,LEMD,EDDF
13873,KJFK,KFLL
13874,KSJC,KLAS
13875,KPHX,KTUS
13876,KCLT,KPHX
13877,KFFZ,KCGZ
13878,LEBL,LEZL
13879,EPWA,EHAM
13880,LFPO,LFKJ
13881,KLAX,KDFW
13882,KTEB,KFLL
13883,KBUF,KBWI
13884,KMSP,KEWR
13885,EDDM,EDDK
13886,KIAH,KSFO
13887,VECC,VIDP
13888,LFST,LFBO
13889,KDEN,KOMA
13890,KEWR,KMSP
13891,KIAD,KBNA
13892,ULLI,EDDF
13893,KSFO,KLAX
13894,KIAD,11NY
13895,LMML,EDDF
13896,KIAD,KPVD
13897,KBOS,KCLT
13898,KLGA,KORD
13899,KMKE,KOSH
13900,EGAA,EGSS
13901,KGEG,KYKM
13902,KJFK,KFLL
13903,KATL,KRDU
13904,KSJC,KDAL
13905,KCVG,KPHL
13906,LFML,LFKB
13907,KPHL,KROC
13908,KDCA,KBOS
13909,EDDM,EDDN
13910,LIML,LSGG
13911,LFPO,LPPT
13912,KHPN,KPVC
13913,ENZV,ENGM
13914,KAUS,KORD
13915,KFRG,KHWV
13916,KRDU,KJFK
13917,LEAL,EHAM
13918,LEBL,LEPA
13919,KDEN,KPDX
13920,KIAD,KRDU
13921,KIAD,KTEB
13922,KPDX,KBDN
13923,EGPE,EGGD
13924,KMSP,KPHL
13925,UUWW,UWLL
13926,KLAX,KAUS
13927,KSMF,KSNA
13928,KSEA,35OR
13929,LEMD,LEPA
13930,KPHL,KSYR
13931,KDTO,KDAL
13932,ESSA,EKCH
13933,TJSJ,KJFK
13934,KPHX,KSNA
13935,EPWA,EDDL
13936,KJFK,TXKF
13937,LFPO,LFKB
13938,KLAS,KSFO
13939,UKBB,LLBG
13940,KORD,KBFI
13941,EHAM,OTHH
13942,KBWI,KMIA
13943,EDDF,EDDM
13944,KCLT,KMCO
13945,KMSP,KDEN
13946,KGEG,KPAE
13947,KCLT,KDFW
13948,KPDX,KSEA
13949,CYYZ,KORD
13950,LEBL,EHAM
13951,KMIA,KEWR
13952,EGKK,EGJA
13953,KORD,KLGA
13954,KMSP,KMKE
13955,KDAY,KATL
13956,LHBP,EBLG
13957,KLAX,KEWR
13958,KP08,KIWA
13959,LEMG,EDDF
13960,EPWA,EHAM
13961,4OL3,KDFW
13962,KSTL,KLAX
13963,KBFI,KFHR
13964,ESSB,ENGM
13965,LFPO,LEMG
13966,KIAH,KLAS
13967,KLEB,KBOS
13968,LTBA,UAAA
13969,KTUS,KIWA
13970,KPDX,KSFO
13971,KORD,KDTW
13972,KATL,KPIM
13973,ULLI,UUDD
13974,LSGG,EHAM
13975,KATL,KABQ
13976,LIRF,OTHH
13977,LYBE,LFPG
13978,EBCI,LTFJ
13979,KAUS,KDEN
13980,SKBO,KMIA
13981,KMVY,KTEB
13982,KBOS,KORD
13983,KORD,KATL
13984,KCLT,KOAJ
13985,ENGM,EHAM
13986,LIML,EGLL
13987,IL38,KARR
13988,LHBP,EHAM
13989,KPIE,KCVG
13990,EDDC,EDDF
13991,KSNA,KATL
13992,EDSB,LEPA
13993,VABB,VIDP
13994,KATL,KPHX
13995,EDDM,EDDG
13996,KLAS,KATL
13997,EPWA,ENGM
13998,KORD,KHPN
13999,KSFO,KSEA
14000,EGCC,EGAC
14001,LTFJ,LTAC
14002,KBFI,KBVS
14003,KCLT,KSAN
14004,LPFR,LPPT
14005,KNZY,KNUC
14006,KBUR,KSJC
14007,EDDL,LTFJ
14008,KMDW,KABQ
14009,KFOK,KHPN
14010,LPPT,LSZM
14011,KBNA,KPHL
14012,KMMU,KILG
14013,73PA,KHGR
14014,LYBE,LSGG
14015,KBWI,KCMH
14016,KSNA,KPHX
14017,KSEA,KBOI
14018,EPWA,LIMC
14019,CYKA,CYYC
14020,VABB,OMDB
14021,KSDL,KSNA
14022,KPDX,KSNA
14023,KPHX,KEWR
14024,GMMN,LEMD
14025,KBOS,KBFI
14026,KLNS,KABE
14027,LSZH,EGLL
14028,KFTG,KAEG
14029,LEMD,EHAM
14030,VIDP,VOMM
14031,ESSA,EDDF
14032,KMDW,KOMA
14033,DE49,KMIV
14034,KMCI,KDAL
14035,KPDK,KJZP
14036,KCLT,KTYS
14037,KMSP,KDEN
14038,KBNA,KDEN
14039,KDFW,KBWI
14040,LEMG,EFHK
14041,KJFK,KLAX
14042,KLNK,KMLE
14043,LEMD,EDDM
14044,KBOS,KATL
14045,KAUS,KDAL
14046,KRVS,K2K9
14047,KCMH,KBNA
14048,KAJO,KRAL
14049,ENGM,EPGD
14050,EGPH,EGAA
14051,KLAX,CYVR
14052,UUWW,LHBP
14053,KMIA,KJFK
14054,KCLT,KBOS
14055,KSEA,KEWR
14056,KAUS,KPHX
14057,KHOU,KDFW
14058,EGNL,EGGD
14059,EPWA,EDDH
14060,EDDF,KJFK
14061,CYXX,CZBB
14062,CYVR,CYYC
14063,KEWR,KTYS
14064,KMSP,KMCI
14065,KLAX,KPHX
14066,LFQQ,LFBO
14067,KLAS,KPHX
14068,KDAY,KPHL
14069,EHAM,EGLC
14070,EDDF,LOWL
14071,VIDP,VOMM
14072,GMMN,LFPG
14073,LDZA,EHAM
14074,KATL,KLAX
14075,KORF,KATL
14076,LFML,LFKJ
14077,KBNA,KMSP
14078,KTUS,KIWA
14079,KMVY,KTEB
14080,42VT,KTEB
14081,KPHX,KSFO
14082,KFLL,KLGA
14083,LIPE,LEMD
14084,KSJC,KIWA
14085,KIAD,KLGA
14086,KBWI,KMDW
14087,KMIA,SBKP
14088,KCLT,KDAL
14089,VABB,VIDP
14090,CYBG,CYUL
14091,KCGZ,KFFZ
14092,KLAS,KOMA
14093,EGJJ,EGHH
14094,EKCH,LSGG
14095,EPWA,ESSA
14096,KMDW,KATL
14097,SBSP,SBGR
14098,KPHL,KATL
14099,KLAX,KLAS
14100,EGAA,EGKR
14101,KMCI,KMSP
14102,IL38,KJVL
14103,KLAX,KPHX
14104,YBBN,YMML
14105,KATL,KSDF
14106,LPPR,LFPG
14107,ESSB,ESTA
14108,KSEA,CYVR
14109,KCLT,KMCI
14110,KPHX,KBFI
14111,KDFW,KBUF
14112,KBNA,KMKE
14113,KMSN,KPHL
14114,KLAS,KDFW
14115,KMSP,KMCO
14116,LIRA,EBCI
14117,KATL,KDEN
14118,KFLL,KJFK
14119,KSNA,KSDL
14120,KBWI,KORF
14121,LFPO,LFBO
14122,EDDB,LEPA
14123,KORD,KBOS
14124,KCLT,KLAX
14125,KRVS,OK25
14126,KJFK,KMIA
14127,KIND,KMSP
14128,KIAD,0PA6
14129,KMSP,KSAT
14130,KLAX,KBOS
14131,LFPB,LIML
14132,KFAT,KSEA
14133,KPHX,KSAN
14134,LEPA,LEBL
14135,YMML,YBBN
14136,CYVR,CYYJ
14137,LIRF,LMML
14138,KDFW,KLAS
14139,EPWA,EDDF
14140,KIAH,KSAT
14141,EIDW,EPKK
14142,63PA,PA43
14143,ESSA,EFHK
14144,KORD,KMSP
14145,KCLT,KMSP
14146,KPHX,KTUS
14147,KPHL,KORD
14148,KPIT,KATL
14149,EDDP,LFPG
14150,KMVY,KBOS
14151,OI58,KHPN
14152,SBGR,SBRJ
14153,EDDH,LTFJ
14154,KSRQ,KORD
14155,SKBO,KFLL
14156,VOBL,VABB
14157,KSEA,KPHX
14158,KPHX,KBUR
14159,KRDU,KPHL
14160,KATL,KHOU
14161,KIAD,KCLT
14162,KSLC,KBOI
14163,SSJC,SBRJ
14164,KPIT,KPHL
14165,LEMD,EHAM
14166,EGLL,KJFK
14167,KORD,KOKC
14168,VECC,VABB
14169,KLAX,KBOS
14170,KONT,KDFW
14171,KLGA,KMCO
14172,KCLT,KSTL
14173,KPOC,KCCB
14174,LSGG,LPPR
14175,KIAH,KABQ
14176,KEEN,KFIT
14177,KBOI,KBFI
14178,EGKK,LPFR
14179,LFPO,LFML
14180,EDDF,VABB
14181,KIAD,KCVG
14182,VIDP,OMDB
14183,KDEN,KABQ
14184,KSMF,KPDX
14185,LIRA,LROP
14186,KATL,KPVD
14187,KHOU,KDCA
14188,LFOB,LPPT
14189,KDFW,KORF
14190,KSAN,KIAD
14191,KTUL,KORD
14192,KADS,KF69
14193,KBVY,MA36
14194,ENGM,ENHD
14195,KFLL,KLGA
14196,KPHX,KSBP
14197,EGLL,KORD
14198,KCLT,KSRQ
14199,LFQQ,LFML
14200,5MI8,KDTW
14201,KSRQ,KATL
14202,KIAD,KORF
14203,KAUS,KFLL
14204,KORD,CYYZ
14205,LOWW,EGLL
14206,KIAD,VT48
14207,KSEA,KMSP
14208,KSAN,KMDW
14209,KSTL,KFLL
14210,KTUS,KIWA
14211,KPHX,KLAX
14212,KATL,KMSP
14213,LROP,LLBG
14214,FAOR,FACT
14215,KSNA,KSDL
14216,EDDL,LSZH
14217,LOWW,EHAM
14218,VABB,VIDP
14219,KPAE,KBFI
14220,KAJO,KF70
14221,KLZU,4GA9
14222,KSEA,KMKE
14223,KFLL,KHPN
14224,LIEE,LIRF
14225,LEMD,LFPO
14226,KBWI,KATL
14227,KMIA,SKBO
14228,EGSS,LEBL
14229,KABQ,KPHX
14230,EGGD,EIDW
14231,KPHX,KBOI
14232,KDFW,KATL
14233,KIND,KDEN
14234,PANC,KORD
14235,KIAD,KFOK
14236,KHOU,KDAL
14237,KDTW,KPHL
14238,KBED,KOPF
14239,LOWW,LEPA
14240,KBWI,KROC
14241,KCMH,KLGA
14242,EHEH,LEBL
14243,KSEA,KORD
14244,LPPT,LEBL
14245,KLAX,KAUS
14246,KMSP,KATL
14247,KJFK,KATL
14248,KCLT,CYUL
14249,KVNY,KSJC
14250,KPIT,KBOS
14251,KATL,KTUS
14252,KVIS,KSCK
14253,LMML,LIML
14254,KBOS,KHHR
14255,LPCS,LPEV
14256,LTAC,LTFJ
14257,KFLL,KLGA
14258,LEMD,LEMH
14259,KS67,KMAN
14260,KBUR,KOAK
14261,KSEA,KPHL
14262,KLAX,KMCO
14263,KSFO,KLAS
14264,KUUU,KEWB
14265,KJFK,KMCO
14266,LIME,EBCI
14267,KPHX,KFAT
14268,KMDW,KMSP
14269,LOWW,EDDK
14270,KATL,KMIA
14271,KDTW,KBWI
14272,KIND,KLGA
14273,LEPA,EDDF
14274,KMCI,KDTW
14275,UUDD,OMDB
14276,LTFJ,OTHH
14277,KATL,KBOS
14278,KONT,MMTJ
14279,KOMA,KDTW
14280,KBNA,KEWR
14281,LPFR,EIDW
14282,KOAK,KSNA
14283,KAVQ,KFFZ
14284,KAUS,KORD
14285,EVRA,LOWW
14286,KLAX,KDAL
14287,EGLL,LPPT
14288,KHPN,KLKP
14289,KPDX,KLAS
14290,KABQ,KDFW
14291,EPWA,EDDM
14292,KJFK,TBPB
14293,KSFO,KSAN
14294,KDFW,KORD
14295,LFPG,LROP
14296,LROP,LIME
14297,KMSP,KPDX
14298,KTEB,KISP
14299,KDFW,KSAT
14300,FAOR,FACT
14301,KBOS,KFLL
14302,KSEA,KLAX
14303,KATL,KECP
14304,KCLT,KEWR
14305,KSDF,KDFW
14306,KCLT,KLAS
14307,KBUR,KOAK
14308,KPHX,KSAN
14309,KLGA,KORD
14310,KGRR,KMSP
14311,KIAD,4NY0
14312,KMSP,KDTW
14313,KATL,KEWR
14314,KBWI,KSRQ
14315,KBWI,KALB
14316,CYCD,CYVR
14317,KBNA,KLGA
14318,KCLT,KDTW
14319,LFML,LFFI
14320,KDFW,KMSN
14321,EVRA,EKCH
14322,K47A,KJZP
14323,KAVX,KSNA
14324,VABB,VHHH
14325,KIAD,CYUL
14326,EPWA,EKCH
14327,CYVR,CYYZ
14328,LOWW,LEBL
14329,KMSP,KGRB
14330,EBBR,EBMB
14331,KDAL,KPHX
14332,KSJC,KPHX
14333,KSNA,KDFW
14334,LFPG,LPPT
14335,KBOS,NH78
14336,KPDK,KWDR
14337,ESSB,EBBR
14338,ULLI,UUWW
14339,KRDU,KMCO
14340,KDTW,KBUF
14341,KBUR,KPDX
14342,ENBR,EKCH
14343,50OR,KBDN
14344,KSNA,KHHR
14345,KOKC,KORD
14346,KSAN,KSFO
14347,KMSP,KATW
14348,KSFO,KPHX
14349,KEWR,CYYZ
14350,KSMF,KSAN
14351,KBUU,WI69
14352,KPHX,KSNA
14353,LEPA,EDDM
14354,KLAX,KLAS
14355,LROP,EDDF
14356,KDFW,KTUL
14357,KIAD,KCLT
14358,KYKM,KBFI
14359,EDDF,LLBG
14360,CYVR,CYWG
14361,LSZH,LEBL
14362,KDFW,KTUS
14363,LEIB,LEMD
14364,SBSP,SBBR
14365,LTBA,EFHK
14366,KPTK,KDPA
14367,OL23,KRVS
14368,KATL,KDFW
14369,KBUR,TS53
14370,KBNA,KLGA
14371,KCLT,KBUF
14372,ENBR,ENGM
14373,KBLV,KFLL
14374,KPDX,KSEA
14375,KSEA,KBWI
14376,KPHX,KTUS
14377,KSFO,KLAX
14378,KDAL,KATL
14379,ENVA,ENGM
14380,KLAX,KMIA
14381,KBWI,KDTW
14382,CYVR,CML2
14383,KBWI,KBUF
14384,LOWW,EDDL
14385,KGXY,KBDU
14386,KACK,KBOS
14387,PAEN,PANC
14388,KDFW,CYVR
14389,EVRA,ESSA
14390,KLAX,KSFO
14391,KMCI,KMDW
14392,EDDH,LSZH
14393,YPPH,VHHH
14394,LEPA,LEMD
14395,RCTP,VHHH
14396,KPHX,KLAS
14397,KORD,KPNS
14398,KBJC,KCOS
14399,KVPS,KDCA
14400,FACT,FALA
14401,0CL3,KSDM
14402,KMVY,KTEB
14403,KLAX,KEWR
14404,KGAI,KLNS
14405,KPIT,KBOS
14406,LEMG,EGMC
14407,KEWR,KSRQ
14408,KBOS,KMSP
14409,VOBL,OMDB
14410,CYYC,CYWG
14411,KSFO,KAUS
14412,KGRR,KDFW
14413,KSNA,KSDL
14414,UUDD,ULLI
14415,KCLT,KPHL
14416,KABE,KCLT
14417,KSAT,KLAS
14418,CYOW,CYUL
14419,KTEB,KFRG
14420,KPHL,KMDW
14421,EDDM,EDDL
14422,KIAH,KLAS
14423,KJFK,KCLT
14424,KFLL,KDTW
14425,KLNS,KFDK
14426,LIRF,LFPO
14427,VIDP,VECC
14428,LOWW,EBBR
14429,KIAD,KDFW
14430,EIDW,EVRA
14431,KDTW,KMCO
14432,RCTP,RJBB
14433,VECC,VIDP
14434,K9A1,KPDK
14435,KPHX,9CA0
14436,ELLX,LOWW
14437,KBWI,KATL
14438,KAVQ,KMZJ
14439,KLAX,KSFO
14440,KCLT,KOMA
14441,KSEA,KRDU
14442,LIRF,LICJ
14443,SC86,4SC4
14444,KSTL,KMDW
14445,KSEA,KBLI
14446,LOWW,LEBL
14447,EPKK,EGGW
14448,KAUS,KDFW
14449,KOAK,KPHX
14450,KPHX,KABQ
14451,KSAF,KPHX
14452,KDFW,KMKE
14453,KATW,KORD
14454,KBWI,KDFW
14455,EDDB,EHAM
14456,LPPR,LPPD
14457,ESSB,ESTA
14458,KMIA,KRDU
14459,EIDW,LHBP
14460,KCHD,KFFZ
14461,KHOU,KATL
14462,KORD,KRDU
14463,KATL,KPHL
14464,LEIB,EDDL
14465,KVNY,KLAS
14466,LIRF,LIML
14467,LFML,LFPO
14468,LOWW,LIRF
14469,KCMH,KMDW
14470,KCLT,KERI
14471,KDFW,41MO
14472,KMCI,KORD
14473,KSEA,KJFK
14474,KPHX,KSBA
14475,KAUS,KSTL
14476,KSEA,KORS
14477,KATL,KDFW
14478,RCTP,ZGSZ
14479,KLAX,KIAD
14480,KMIA,SKBO
14481,LFBO,LEMD
14482,KBWI,KBOS
14483,KHSV,K3A1
14484,KBNA,KFLL
14485,KSMF,KIAD
14486,FAOR,FACT
14487,ULLI,UUEE
14488,EIDW,LPFR
14489,EGLL,EGPD
14490,KFFZ,KMZJ
14491,LOWW,LSGG
14492,LIPX,LIBD
14493,LPMA,LPPT
14494,KLGA,KCLT
14495,KSMF,KSEA
14496,KMCI,KATL
14497,KPHX,KPDX
14498,LIME,LIED
14499,KLAS,KIAD
14500,KSYR,KDCA
14501,KFLL,KBOS
14502,KJFK,KSFO
14503,KMYF,KCMA
14504,ENBR,ENZV
14505,KXNA,KORD
14506,KSFO,KPDX
14507,LIRF,LGAV
14508,EDDL,EDDC
14509,KPHL,KMCO
14510,LPFR,EDDL
14511,KMIA,KBOS
14512,KSTL,KBOS
14513,KORD,KLGA
14514,EVRA,UUEE
14515,EGTE,EGKB
14516,LOWW,EDDV
14517,KLAS,KSEA
14518,LOWW,LFPG
14519,KSEA,KFLL
14520,KMKO,KRVS
14521,KDEN,KBOS
14522,EPWA,OTHH
14523,KSLC,KJFK
14524,KLAX,KEWR
14525,KPHX,KAUS
14526,KIND,KATL
14527,KSFO,KONT
14528,KSNA,KPSP
14529,SDCO,SBJD
14530,KDEN,KMCO
14531,KBOI,ID63
14532,KPWK,KMDW
14533,LFBO,LFPO
14534,LFPO,LEMD
14535,LOWW,LIPZ
14536,KIAD,KDAY
14537,KORD,KBWI
14538,LIRF,LIBR
14539,LFPG,GOBD
14540,KJFK,KMIA
14541,LEMG,EHEH
14542,LEMD,LEMG
14543,KPHX,KLAS
14544,KDAY,KDFW
14545,KOAK,KLGB
14546,EGHQ,EGHC
14547,KDEN,KSBA
14548,LIML,LIBR
14549,KDEN,KFLL
14550,LEPA,LEAL
14551,LEMD,LEBL
14552,KORD,KSTL
14553,KMSP,KORD
14554,KCLT,KCVG
14555,KDFW,KSNA
14556,KLAX,KSFO
14557,EDDH,LIME
14558,LIMC,EDDL
14559,EGLL,KORD
14560,KIAD,KMCI
14561,EDDF,EGLL
14562,KPHX,KONT
14563,KFOK,KFRG
14564,LIRF,EHAM
14565,YMML,YBBN
14566,KAPA,KPHX
14567,KSEA,KIAD
14568,KDEN,KLAX
14569,KLAS,KONT
14570,VIDP,WSSS
14571,KSTL,KMCO
14572,KOAK,KWHP
14573,KFLL,KDFW
14574,KSFO,KMIA
14575,KPHL,KDFW
14576,KSFF,KBOI
14577,EPPO,EIDW
14578,ULLI,EFHK
14579,LPPT,LPFR
14580,KBJC,KCOS
14581,KDFW,KPHL
14582,KGRB,KDTW
14583,NK43,KDCA
14584,EDDK,EDDB
14585,KTEX,KAPA
14586,EGNX,LEMG
14587,LSZH,LFPB
14588,PANC,KSEA
14589,KSRQ,KDCA
14590,KSEA,KIAD
14591,K9A1,KPDK
14592,LEPA,EDDH
14593,K61B,K1G4
14594,EFHK,EDDF
14595,KFLL,KRDU
14596,CYVR,CAP3
14597,KSNA,KLAS
14598,KPHX,KSEA
14599,KDEN,KLGA
14600,KORD,KGRB
14601,KSFO,KMSP
14602,LSZR,LOWW
14603,KLAS,KSAT
14604,LFPO,LTFJ
14605,UUWW,UUYY
14606,EDLW,LEPA
14607,EDDB,EDDF
14608,EGPD,EGGW
14609,VECC,VIDP
14610,KBWI,KISP
14611,EDDM,EDDK
14612,LOWW,EKCH
14613,KPIT,KDCA
14614,KMDT,KATL
14615,YMML,YBBN
14616,LEPA,LEMG
14617,LSZH,ESSA
14618,KONT,KOAK
14619,1WA9,KBFI
14620,KDFW,KSEA
14621,CYYC,CYYZ
14622,KORD,KSFO
14623,LTFJ,LTFE
14624,KRDU,KTDF
14625,LOWW,EDDF
14626,TXKF,KBOS
14627,LPPT,LEMD
14628,KLAS,KBWI
14629,KRYY,KCZL
14630,KVNY,KLAS
14631,KHOU,KSAF
14632,KMDW,KPHL
14633,KATL,KMCO
14634,ENGM,LFPG
14635,LOWW,ESSA
14636,KSEA,KSTL
14637,KEWR,KATL
14638,KDFW,07KY
14639,LIEE,LIRF
14640,KOWD,KPYM
14641,KDAL,KBNA
14642,EDDS,EDDH
14643,KSTL,KMSP
14644,KPHX,KOAK
14645,LEZL,LEMD
14646,EGBW,EIKY
14647,PANC,KSEA
14648,KCLT,KDCA
14649,KPVU,KU77
14650,KFLL,KCMH
14651,KSGF,KORD
14652,KP08,KIWA
14653,KATL,KRDU
14654,LEPA,EDDV
14655,KSEA,KBOI
14656,0TS2,3TX2
14657,KDEN,KPHL
14658,KCLT,KMDT
14659,KEWR,KMCO
14660,KMSP,KSFO
14661,LIRF,LIBR
14662,KSLC,KLAS
14663,KORF,KLGA
14664,ESSA,EHAM
14665,LKPR,LHBP
14666,EGSS,LIPZ
14667,KORD,KMDT
14668,LFBD,LEMD
14669,LEIB,LEBL
14670,RCTP,VHHH
14671,KMMV,OR90
14672,4GA9,KPDK
14673,LEZG,OTHH
14674,EHAM,LEIB
14675,K2K9,KRVS
14676,UKBB,LOWW
14677,KRDU,KATL
14678,KSJC,KSNA
14679,KLAX,KOAK
14680,LFML,LFKJ
14681,KOPF,KTEB
14682,EKYT,EKCH
14683,LEMG,LPFR
14684,KDAL,KOMA
14685,KDFW,KSBA
14686,CYYC,CYXE
14687,KPHX,KLGB
14688,KSTL,KDTW
14689,KATL,KDCA
14690,KORD,KDEN
14691,KDFW,KMCI
14692,KBLI,KBFI
14693,LPPT,LPMA
14694,KOAK,KLAX
14695,KFAT,KLAS
14696,KDEN,KSFO
14697,YMML,YBCG
14698,LFPG,EHAM
14699,KLAX,KSTS
14700,KSTL,KMCO
14701,SKBO,KMIA
14702,EDDH,EGLL
14703,KSAN,KSJC
14704,KDEN,KEWR
14705,KPIT,KLGA
14706,EBMB,LHBP
14707,KPHX,KLAS
14708,CYVR,CYYJ
14709,KAPA,KHPN
14710,ELLX,LIRF
14711,EGBB,LPFR
14712,KBNA,KSTL
14713,LIML,LICJ
14714,KSEA,PANC
14715,KDFW,KMIA
14716,CYVR,CYYJ
14717,KSFO,KDFW
14718,EDDS,EDDH
14719,LIBD,LIMC
14720,CYYC,CYUL
14721,EDDF,LDZA
14722,LEBZ,LEBL
14723,LEMG,EGLL
14724,KBWI,KCVG
14725,LIMF,LICZ
14726,ULMM,UUEE
14727,LEBL,LEMD
14728,VHHH,OMDB
14729,KIWA,KFFZ
14730,LDZA,LSZH
14731,CYVR,KLAX
14732,LEMH,LEMD
14733,LLBG,LFPG
14734,KORD,KLAS
14735,KJFK,KBNA
14736,EGKK,EGPE
14737,IA54,IA80
14738,KSNA,KSJC
14739,SBSP,SBCO
14740,KATL,KLAX
14741,EPWA,LIRF
14742,UUWW,UWSS
14743,KPHX,KORD
14744,KLAS,KSAN
14745,KACK,KPVD
14746,KLGB,KPRB
14747,LFPG,GMMN
14748,KBNA,KDEN
14749,KDEN,KDCA
14750,EGLL,EIDW
14751,KMDW,KSAN
14752,LHBP,LPPT
14753,KSEA,KLAS
14754,KDFW,KOKC
14755,KOAK,KSEA
14756,LFPG,EDDF
14757,UUEE,ULLI
14758,LIRF,EVRA
14759,EGBB,LEMD
14760,KCLT,KMIA
14761,KHOU,KADS
14762,KSFO,KLAS
14763,KPHX,KONT
14764,CYHM,CYXX
14765,LOWW,EDDS
14766,KTEB,KMDW
14767,KAPA,KCOS
14768,LPPR,LEMD
14769,KDEN,KSTL
14770,KAVP,KCLT
14771,KSNA,KTEB
14772,DAAG,LEBL
14773,KSTL,KPHX
14774,KU77,KPVU
14775,LPPD,LPPT
14776,KSEA,KSJC
14777,KSLK,KBOS
14778,KSFO,KIAD
14779,KFLL,CYHM
14780,LEMH,LEBL
14781,KBLI,KLAS
14782,EKYT,EKCH
14783,KATL,KSRQ
14784,6CO4,KFNL
14785,KDTW,KDFW
14786,LOWW,EDDH
14787,EDDF,EDDH
14788,KJFK,KMVY
14789,LEBL,LEPA
14790,VOMM,VOBL
14791,LEMG,LEBL
14792,KNUC,KNZY
14793,EDSE,EDDS
14794,KDEN,KMIA
14795,LKPR,EHAM
14796,EDDL,EDDM
14797,KBFI,KAPC
14798,ELLX,OMDW
14799,EDLW,EDDM
14800,KPHX,KLGB
14801,KATL,KSEA
14802,KSEA,KSJC
14803,KLAS,KDFW
14804,KORD,KATW
14805,EGLC,EGAC
14806,KVNY,9CA0
14807,LROP,LEMD
14808,KOXR,KSMO
14809,EGLL,LIRF
14810,EGPF,LIRF
14811,LDZA,LDSP
14812,KBOS,KBUF
14813,KROC,KDTW
14814,CYUL,CNV9
14815,PANC,RJAA
14816,KSTL,KBNA
14817,KBDR,KFRG
14818,LYBE,LSZH
14819,KSNA,KSEA
14820,KMVY,KJFK
14821,EPKK,EHAM
14822,KDEN,KSFO
14823,6CO4,KFNL
14824,LSZH,EDDH
14825,WSSS,RJAA
14826,LOWW,LSZM
14827,ESGG,LFPG
14828,KBWI,KCLT
14829,KLAX,KVUO
14830,UAAA,UAII
14831,KSEA,KMCO
14832,YMML,YBBN
14833,KLGA,KCLT
14834,KCLT,KBNA
14835,LEMH,LEPA
14836,KSFO,KSEA
14837,LEBL,LEMH
14838,KATL,KBNA
14839,KBNA,KM33
14840,KSEA,KVUO
14841,LPCS,LSGG
14842,KIAD,KROC
14843,YBBN,YMML
14844,KORF,KDCA
14845,LIML,LFPO
14846,EPWA,EGGW
14847,EDDM,EDDH
14848,CYYC,CYYZ
14849,KDEN,KMCI
14850,LEBL,EDDB
14851,KDFW,KUTA
14852,KHPN,KDCA
14853,5MD8,KDCA
14854,LDZA,EDDF
14855,KSAN,KBOS
14856,KMLI,KORD
14857,LROP,LOWW
14858,EDDF,LLBG
14859,OEDF,OBBI
14860,KORD,KLAX
14861,KSYR,KJFK
14862,KCHD,KDVT
14863,KLAS,KSAN
14864,KDFW,KDEN
14865,49NY,KHPN
14866,KDEN,KBTF
14867,KMDW,KSDF
14868,LEMD,LEPA
14869,EGLL,KJFK
14870,KMMU,KTEB
14871,KLAX,KBWI
14872,LPPR,EBBR
14873,LFQQ,LFML
14874,KBOI,ID44
14875,KSFF,KCOE
14876,KCLT,CYYZ
14877,KSMF,K1O2
14878,ESSA,ENGM
14879,KCHD,KDVT
14880,KSFO,KFAT
14881,KORD,KDCA
14882,KLGA,KBNA
14883,LEBL,LEIB
14884,KLZU,KPDK
14885,KCWA,KMSP
14886,KTCY,KLVK
14887,EDDM,EHAM
14888,KSDF,KBOS
14889,KMVY,KBOS
14890,KBNA,KMIA
14891,KORD,KSDF
14892,KDEN,KLNK
14893,KLAS,KDAL
14894,MA52,KPYM
14895,KSJC,KLAX
14896,KORD,KSAN
14897,EDDP,EGNX
14898,SPST,SPJC
14899,KDET,KMTC
14900,EDDH,EDDM
14901,KBWI,KSDF
14902,KGPI,KMSP
14903,KSAN,KDFW
14904,KLAX,KMSP
14905,TXKF,KJFK
14906,KDFW,KBOS
14907,LEBL,LEZL
14908,KFTW,KDAL
14909,KTUS,KRYN
14910,CYVR,CYUL
14911,KGEG,KSEA
14912,KMVY,KBOS
14913,KORD,NE38
14914,LEMG,LEMD
14915,KSEA,KMSP
14916,LPPT,LPPD
14917,KMDW,KBNA
14918,K06C,K3CK
14919,KDEN,KIAD
14920,NK43,KCLT
14921,65CO,KFNL
14922,KMDT,KORD
14923,EKCH,LSZH
14924,KDEN,KSNA
14925,KDFW,KVPS
14926,KDCA,KATL
14927,KPHX,KIAD
14928,LOWW,LEBL
14929,CYVR,CYYJ
14930,CYOW,CYYZ
14931,KLGA,KBOS
14932,KECP,KBNA
14933,KCLT,KDFW
14934,YPPH,YMML
14935,FAOR,FACT
14936,KORD,KMSN
14937,KDFW,KCOS
14938,EGGP,EGAA
14939,CYYC,CYVR
14940,LEMD,LIMC
14941,KOMA,KMSP
14942,KMDW,KOAK
14943,KORD,KSRQ
14944,KIAD,KTEB
14945,3OK8,KRVS
14946,LEZL,LEPA
14947,EDDH,EDDL
14948,LOWW,EPWA
14949,UAII,UAAA
14950,KMCI,KDCA
14951,EDDM,EDDV
14952,LKPR,UKBB
14953,KDFW,KBNA
14954,KHOU,KDEN
14955,CYMX,KCVG
14956,VIDP,VOBL
14957,LOWW,LSZH
14958,KLGA,KDCA
14959,KSFO,KEWR
14960,KATL,KLAS
14961,KORD,KDFW
14962,LFPO,LPPR
14963,KSNS,KRHV
14964,KLNK,KOMA
14965,KTEB,KDAL
14966,EDDL,EDDH
14967,LEBL,LEPA
14968,KDEN,KMKE
14969,KDEN,KSFO
14970,KAUS,KBOS
14971,KFAT,KLAX
14972,KFLL,KBKL
14973,EDDF,LIQL
14974,KDFW,KFLL
14975,KLGB,KPOC
14976,KORD,KDTW
14977,KPHX,KSAT
14978,KATL,KEWR
14979,KBOS,KLGA
14980,KSTL,KDEN
14981,KCLT,KSFO
14982,KNSE,K12J
14983,LFPO,LPPR
14984,LOWW,LIPE
14985,KDEN,KDFW
14986,LIME,ESGG
14987,KORD,KEWR
14988,LEPA,EDDM
14989,LEIB,LEPA
14990,KDEN,KDAL
14991,KBUF,KDTW
14992,CYYZ,KDTW
14993,EGGP,LEBL
14994,KOAK,KPSP
14995,KLAX,KMCO
14996,KCRQ,KLAS
14997,OERK,OEDF
14998,KORD,KMIA
14999,KSAT,KDEN
15000,KHSV,KATL
15001,KATL,KECP
15002,KMIA,KX60
15003,KDFW,KMCO
15004,KCLT,KSDF
15005,KRAC,KPWK
15006,KAPA,KFNL
15007,KSEA,KONT
15008,61WA,KBFI
15009,EPGD,EPWA
15010,KMKE,KORD
15011,KTEB,KPWK
15012,KDEN,KCOS
15013,KDEN,KCVG
15014,ESKN,EPGD
15015,KCLT,KJFK
15016,LOWW,LTFJ
15017,KSNA,KSFO
15018,KNSE,K12J
15019,KOAK,KBNA
15020,KDFW,KBOS
15021,EDDM,EDDN
15022,KORD,KBWI
15023,KLGA,KATL
15024,ESSB,ESSN
15025,LFML,LEMD
15026,RPLL,OMDB
15027,LEBL,EGKR
15028,KSEA,PANC
15029,KDEN,KMCI
15030,KCLT,KDAY
15031,2OK4,KRVS
15032,KDFW,KLAS
15033,KDEN,KCMH
15034,KSFO,KORD
15035,PANC,RJAA
15036,KTYS,KATL
15037,LPMA,LPPR
15038,KPHX,KBOI
15039,KLAX,KPHX
15040,KORF,KBWI
15041,KPDX,KOAK
15042,LFPG,LFML
15043,KMOD,KMHR
15044,EHAM,EHLE
15045,KCOS,KBJC
15046,KSEA,KLAX
15047,KMSP,KPHL
15048,KDFW,TX45
15049,KIND,KDCA
15050,KO69,KAPC
15051,LOWW,EDDM
15052,KCMH,KPHL
15053,KSGF,KDFW
15054,SBKP,SBBR
15055,KTOA,KLGB
15056,KLAS,KOAK
15057,KDEN,KMCO
15058,KDEN,KLAS
15059,KCLT,KIAD
15060,KATW,KDTW
15061,KORD,KFLL
15062,KSBA,KVNY
15063,KIAD,KDEN
15064,KSDL,KSEZ
15065,CYVR,CYYZ
15066,LOWW,EDDH
15067,KNUC,KNZY
15068,KATL,KMIA
15069,KLGA,KORD
15070,KHOU,KDAL
15071,KLOU,3IN6
15072,EDDM,EDDF
15073,KDCA,KLGA
15074,KPHL,KMSP
15075,LEBL,LFPG
15076,KAPA,9CO8
15077,LFPG,LEMG
15078,KIAD,KBUF
15079,KPHX,KOMA
15080,KDTW,KBOS
15081,UKBB,LEMD
15082,KDEN,KMSP
15083,LPPR,LFOB
15084,KPHL,KDEN
15085,KBFI,KFHR
15086,KATL,KDAY
15087,KSMF,KONT
15088,LIML,EHAM
15089,CYYZ,CYYC
15090,KDEN,KAUS
15091,LSGG,LKPR
15092,KATL,KBWI
15093,K2K9,KRVS
15094,KSNA,KPAE
15095,LIPE,LFPG
15096,KFLL,KJFK
15097,KEWR,KORD
15098,LEMG,LIRF
15099,KOAK,KSNA
15100,KORD,KPIT
15101,CYYJ,CYVR
15102,KBUF,KEWR
15103,KECP,KATL
15104,K1G4,KLAS
15105,MA52,KBED
15106,KHGR,KMTN
15107,KBOS,KMCO
15108,KMQY,KJWN
15109,LLBG,LFPG
15110,KCLT,KATL
15111,KLAX,KMIA
15112,KATL,KPHL
15113,ESSA,EDDL
15114,KBNA,KPDK
15115,YMML,YPAD
15116,KVNY,KOAK
15117,KORD,KBOS
15118,KBOI,KPDX
15119,CYHM,CYYC
15120,KDTW,KMSN
15121,KDEN,KMCO
15122,EDDP,LSZM
15123,LIPZ,LFPG
15124,KPDK,KMDQ
15125,SBGR,SBCO
15126,K1G4,KLAS
15127,KAUS,KATL
15128,KSAN,KOAK
15129,K1G4,KLAS
15130,KOAK,KLAX
15131,KTEB,KSWF
15132,KFFZ,55AZ
15133,KSTL,KATL
15134,LSZH,LKPR
15135,KEWR,KATL
15136,KPHX,KNYL
15137,EGPH,LFPG
15138,KDEN,KTYS
15139,LEBL,LIPE
15140,KFLL,KDAL
15141,KSEA,KLAX
15142,KMKE,KORD
15143,KLGB,KEMT
15144,LPPR,EBBR
15145,KPDK,KTEB
15146,KFFZ,KA39
15147,KORF,KORD
15148,KHOU,KLGA
15149,LIML,EDDS
15150,KBNA,KPHL
15151,KROC,0NK3
15152,EGAC,EHAM
15153,LTFJ,LTFE
15154,KLAS,KFLL
15155,KDFW,KSFO
15156,KDFW,KPNS
15157,KSAC,KSCK
15158,KIAD,KSJC
15159,2OK4,KRVS
15160,KDEN,KJFX
15161,KAUS,KDEN
15162,LEPA,LEAL
15163,LKPR,EGSS
15164,LEBL,LIRF
15165,ULLI,UUWW
15166,KBOI,KSEA
15167,EDDF,EDDM
15168,KSEA,KPHL
15169,KSAT,78TA
15170,EIDW,EHAM
15171,EGLL,KIAD
15172,KRAL,KRNM
15173,KSCK,KLAS
15174,KLAX,KSDF
15175,EVRA,UUWW
15176,KPVD,KDCA
15177,KMKE,KDCA
15178,KORD,KJFK
15179,KSAC,KMOD
15180,KDFW,KRDU
15181,KFRG,KFOK
15182,ENZV,ENBR
15183,VOMM,VIDP
15184,KAWO,WN20
15185,KPAN,KPHX
15186,GMMN,LTFJ
15187,KAPA,KCOS
15188,KPIT,KEWR
15189,KJZP,KPDK
15190,KLAS,KSEA
15191,KBOS,KPHL
15192,SBKP,SBVT
15193,LEBL,EHAM
15194,KMCI,KOAK
15195,ENBR,ENGM
15196,KPHX,KBUR
15197,KS67,KMAN
15198,YPPH,YSSY
15199,KCLT,KORD
15200,KHOU,KADS
15201,KBOI,KSEA
15202,KSQL,KHHR
15203,LEIB,LEMG
15204,KTEB,KJFK
15205,EGLL,EHAM
15206,KJYO,KOKV
15207,KEWR,KMCO
15208,KMSP,KPHX
15209,EPWA,LHBP
15210,KSTL,KPHL
15211,KBTL,7MI7
15212,KSAN,KBNA
15213,KSFO,KPDX
15214,KPWK,KTEB
15215,KDCA,KATL
15216,LEMD,EGGW
15217,KDEN,KATL
15218,KDAL,KMCI
15219,KTTN,KSMQ
15220,KLAX,KSAT
15221,KDCA,KORD
15222,LSGG,LFPB
15223,KRDU,KORD
15224,SKBO,KMIA
15225,KLAS,KSNA
15226,SBGR,SBCO
15227,EGNT,EHAM
15228,KMSP,KDFW
15229,PANC,KSEA
15230,KFCM,KCFE
15231,KORD,KBOS
15232,KOAK,KAPC
15233,EKCH,EKRN
15234,EBMB,LIMC
15235,KPAN,KSDL
15236,LEBL,EGNM
15237,EDDK,EDDH
15238,KNSE,KGZH
15239,KPVD,KMVY
15240,KCOS,KBJC
15241,LPPR,LPPT
15242,KLGA,KMSP
15243,LFMN,LFPO
15244,KMSP,KLAX
15245,KIND,KMIA
15246,KLHM,KAUN
15247,KSBA,KSFO
15248,ELLX,EDDM
15249,KTEB,KOAK
15250,KDTW,KMSN
15251,OTHH,VGZR
15252,KDEN,KSFO
15253,KHSV,KDCA
15254,KBED,KOPF
15255,KABE,KATL
15256,KLAS,KBNA
15257,ENZV,EHAM
15258,SBKP,SBCO
15259,KLGB,KCRQ
15260,KOMA,KORD
15261,EBCI,LIPE
15262,KAUS,KDAL
15263,KLAX,KPHX
15264,LIRF,LICZ
15265,EKCH,EDDF
15266,KDAY,KORD
15267,KRDU,KBOS
15268,KFNL,KAPA
15269,LOWW,EBMB
15270,EGAA,EGGP
15271,KGRB,KORD
15272,KMIA,KORD
15273,LEBL,EBBR
15274,KJFK,KLAX
15275,KCMH,KDEN
15276,KDFW,KONT
15277,EBMB,EHAM
15278,CYYC,CYYJ
15279,KFRG,KHPN
15280,YBBN,YMML
15281,EGLL,LFPG
15282,KORD,KMSP
15283,KNUC,KNZY
15284,KATL,KTYS
15285,KSDF,KLGA
15286,LEMG,LPFR
15287,KEWR,KATL
15288,LFPG,CYUL
15289,KLAS,KBOI
15290,KSNA,KAVX
15291,KSEA,KSFO
15292,KPNS,KDCA
15293,KLAX,KBFI
15294,KPDX,KONP
15295,KSFO,KLAX
15296,LEMH,LEBL
15297,KHPN,KFRG
15298,KPHL,KBOS
15299,ULLI,UUWW
15300,KLDJ,KEWR
15301,CYVR,CYOW
15302,KLAL,KX49
15303,LKPR,EDDF
15304,KFRG,KHPN
15305,KBNA,KDAL
15306,KSDL,KPHX
15307,KCHD,KSDL
15308,KOKC,KDEN
15309,LFPO,LFBO
15310,KBUF,KORD
15311,KDEN,KBNA
15312,ENZV,EGPD
15313,KSTS,KBFI
15314,KJFK,KMIA
15315,KTYS,KDTW
15316,EDDH,EDDF
15317,KDEN,KBWI
15318,KRHV,KCCR
15319,KATL,KVPS
15320,KDAY,KORD
15321,KRDU,KTDF
15322,KORD,KDAY
15323,SBGR,SBRJ
15324,KMIA,KDFW
15325,KU42,KPVU
15326,KIAD,KBUF
15327,CYYC,CYCD
15328,KIND,KJFK
15329,KTEB,KBNA
15330,KBOS,KORD
15331,KLAX,KSAN
15332,KLGA,KOMA
15333,KSFO,KAUS
15334,SKBO,KMIA
15335,KIAD,KBOS
15336,KSGF,KDEN
15337,KSJC,KLAX
15338,KORD,KOMA
15339,KDEN,KSYR
15340,KSEA,KDFW
15341,KAPA,CO18
15342,CYVR,CYWG
15343,LROP,OTHH
15344,ULLI,UUEE
15345,KFLL,KBWI
15346,KORD,KATL
15347,KDCA,KMCO
15348,KPHX,KPSP
15349,EDDH,EHAM
15350,EGSS,LEMG
15351,KSAN,KPHL
15352,KTEB,KSRQ
15353,KDEN,KRDU
15354,KLAX,KAUS
15355,EGGD,EHAM
15356,CYYC,CYQQ
15357,KDEN,KSDF
15358,KORD,KALB
15359,KOAK,KBTF
15360,KMSP,KDEN
15361,KSEA,KPDX
15362,KSFO,KLAX
15363,YMML,YPPH
15364,KEWR,KMSP
15365,KJFK,GMMN
15366,CYYC,CYKF
15367,KLAS,KCRQ
15368,LEMD,GOBD
15369,KTUS,KPHX
15370,ULLI,UUMO
15371,KATL,KLGA
15372,KSFO,KJFK
15373,KMIA,KDTW
15374,KDTW,KMKE
15375,EGLL,KBOS
15376,KDEN,KMDW
15377,EHAM,LEIB
15378,KMKE,KATL
15379,EDDM,LIRF
15380,KEWR,KPDX
15381,KDTW,KMCO
15382,CYYC,CYVR
15383,KMSP,KSEA
15384,KFLL,KATL
15385,KIAD,KFRG
15386,KDEN,KOKC
15387,KATL,KFLL
15388,KSDF,KDTW
15389,KLAX,KSTL
15390,CYYZ,CYYC
15391,LFPO,LFML
15392,KNSE,K12J
15393,ENGM,EVRA
15394,KMSP,KSAN
15395,KSTL,KLGA
15396,KSEA,KSBP
15397,KSNA,KLAS
15398,LPPR,LSGG
15399,KMSN,KATL
15400,KMVY,KBED
15401,KLAS,KSJC
15402,KBNA,KDTW
15403,LEPA,LEIB
15404,KAPA,KBJC
15405,KSTS,KLGB
15406,KSFO,CYVR
15407,KRDU,KBOS
15408,KBMI,KORD
15409,KDFW,KEWR
15410,KLGA,KFLL
15411,KMDW,KLAS
15412,ENVA,ENGM
15413,KDEN,KAUS
15414,KDAL,KSAT
15415,KPHL,KRDU
15416,KGEG,KPDX
15417,KMDT,KPHL
15418,EGLL,LDZA
15419,KDEN,KMCO
15420,KBUF,KORD
15421,KTYS,KDFW
15422,KRDU,KTDF
15423,KLGB,KCMA
15424,KDFW,KPDX
15425,KSFO,KSAN
15426,KGEG,KSEA
15427,EHEH,LEAL
15428,KDTW,KCVG
15429,KNSE,KGZH
15430,KSAT,KATL
15431,KSAN,KONT
15432,KTUL,KDFW
15433,EDDB,LIMC
15434,EGLL,EGAC
15435,KSEA,KOAK
15436,KLGA,KDFW
15437,KORD,KMKE
15438,KATL,KMKE
15439,KSMF,KSEA
15440,KLAX,KPHL
15441,KADS,KF69
15442,KLGA,KRDU
15443,GA53,0GE4
15444,LIPZ,LICZ
15445,KEUL,ID00
15446,LEAL,EGBB
15447,KFTY,KLZU
15448,KSAC,KMOD
15449,KLEB,KHPN
15450,KMIA,KDCA
15451,KPHX,KMIA
15452,KGEG,KSAN
15453,KDEN,KORD
15454,EDDM,LIMC
15455,LIML,EBBR
15456,KMDW,KGYY
15457,KLAS,KBUR
15458,ENGM,ENZV
15459,LEPA,EDDK
15460,KLAX,CYYZ
15461,KTEB,KWHP
15462,KSDL,KSNA
15463,KBOI,KSDL
15464,KBOS,KMSP
15465,LFPG,LIRF
15466,KTYS,KIAD
15467,LIMC,LFPG
15468,LFMN,LFPO
15469,KBFI,4WA4
15470,KATL,KFLL
15471,KPHX,KPDX
15472,LFPB,LSGG
15473,SPJC,SPST
15474,LSZM,LSGG
15475,KJFK,KRDU
15476,KNSE,KGZH
15477,KSAC,KSQL
15478,KDFW,KIAD
15479,EGGD,LEMG
15480,KLAX,KABQ
15481,KLAS,KIWA
15482,BIKF,EIDW
15483,KORD,KMCO
15484,KSAF,KDFW
15485,KPHX,KABQ
15486,ENGM,LFPG
15487,EDDM,EDDW
15488,LEPA,EKCH
15489,KDFW,KSAN
15490,EGPH,EHAM
15491,KBOI,ID44
15492,KATL,SPJC
15493,KDTW,KATL
15494,EGLL,ENGM
15495,KBFI,KBLI
15496,KOAK,KSAN
15497,ULLI,UUDD
15498,ENBR,ENZV
15499,KSEA,35OR
15500,EDDM,LEPA
15501,KLAX,KAUS
15502,KHPN,KATL
15503,LIML,EGLF
15504,KPDX,KSEA
15505,GMMN,LEMD
15506,KPSP,KAPA
15507,KCMH,KLGA
15508,KDFW,KPHX
15509,LSGG,EGLF
15510,PANC,RJAA
15511,KORF,KIAD
15512,KJFK,KLAX
15513,LEAL,EGNX
15514,KATW,KORD
15515,LFBD,LFPG
15516,KATL,KEWR
15517,JY43,KCDW
15518,KCHO,KATL
15519,KIWA,KBUR
15520,KIAD,KDEN
15521,LFKF,LFML
15522,KTYS,KORD
15523,NZAA,NZCH
15524,KLAX,KSFO
15525,K61B,K1G4
15526,KTUL,KATL
15527,KDTW,KLAX
15528,KCGZ,KFFZ
15529,KMCI,KSTL
15530,EGCC,EHAM
15531,LSGG,LEBL
15532,KSEA,KTUS
15533,KORD,KPHL
15534,KBVS,KBFI
15535,ENGM,ENZV
15536,42VT,KDCA
15537,KLVK,KSBP
15538,ENZV,ENBR
15539,KORD,KSDF
15540,KLGA,KORD
15541,KPDX,KLAX
15542,KBWI,KSEA
15543,ULLI,LKPR
15544,ESMS,ESSB
15545,KDFW,KONT
15546,KNSE,K12J
15547,KMSP,4WI4
15548,LEPA,ESSA
15549,CYWG,CYYZ
15550,KBOS,KORD
15551,KCMH,KDCA
15552,KATL,KMSP
15553,EHAM,KJFK
15554,KORD,KSEA
15555,LEMG,GEML
15556,KLAS,KSNA
15557,KSFO,KLAS
15558,KBED,KTEB
15559,KLAX,KSEA
15560,KORD,KCWA
15561,EGLL,CYYZ
15562,75OK,0OK8
15563,KTDF,KRDU
15564,KDFW,KCMH
15565,EGSS,LKPR
15566,KBOS,KPHX
15567,KFLL,KCVG
15568,KMSP,KORD
15569,KEMT,KVNY
15570,EGLC,EGPH
15571,EGBB,EHAM
15572,KBNA,KBOS
15573,EGKK,EVRA
15574,KLAX,KDFW
15575,LFPG,EDDF
15576,LHBP,EDDF
15577,KPHX,KDTW
15578,KLAX,KOAK
15579,EDDB,EGSS
15580,LEPA,LEMH
15581,KALB,KBWI
15582,KBOS,KDCA
15583,EHAM,KBOS
15584,KMSP,KBOI
15585,KDTW,KCMH
15586,KX50,KDAB
15587,KDTW,KSEA
15588,KGRR,KMDW
15589,KMIA,KBOS
15590,KBNA,KORD
15591,KDCA,KMIA
15592,LIRF,GMMN
15593,KPVU,KIWA
15594,KEWR,KBNA
15595,VOBL,VIDP
15596,KMDW,KMCO
15597,KDFW,KMSP
15598,KSEA,KOMA
15599,LHBP,LIME
15600,KLAS,KLAX
15601,EGKK,LEMD
15602,LSZH,EDDS
15603,KLGB,KCMA
15604,KJFK,KDTW
15605,EGGD,EGNL
15606,KTEB,KCMH
15607,KORD,KEWR
15608,LLBG,EBLG
15609,LIML,LIRF
15610,KBOS,KRDU
15611,PANC,KORD
15612,LIEE,LIML
15613,KDFW,KATL
15614,KOMA,KATL
15615,KCLT,KMSP
15616,KLGA,KDTW
15617,KDTW,KSTL
15618,KMCI,KLAS
15619,KDTW,11NY
15620,EPGD,EHAM
15621,KJFK,KMVY
15622,ESSB,ESSP
15623,KPDX,KSAN
15624,KMZJ,KFFZ
15625,SBGR,SBRJ
15626,KMIA,KATL
15627,KLAS,KSJC
15628,EDDF,EHAM
15629,KSLC,KBOS
15630,KGEG,KSEA
15631,KSNA,KORD
15632,KRDU,KCLT
15633,LTFJ,LTFE
15634,1GA2,64GA
15635,ESGG,EHAM
15636,KDCA,KORD
15637,PAEN,PANC
15638,KBWI,KMSP
15639,KHSV,KDFW
15640,EBMB,EDDM
15641,KCLT,KBOS
15642,KCLT,KBOS
15643,KLNS,KCXY
15644,LIRF,LICZ
15645,KMKE,KLAS
15646,KLNK,KORD
15647,LSZH,LEMD
15648,SBKP,SDJN
15649,EIDW,EDDF
15650,KLAS,KONT
15651,EDDB,EDDK
15652,KFLL,KBWI
15653,EDDL,EVRA
15654,KHEF,KCJR
15655,LMML,EBCI
15656,KATL,KFLL
15657,KRHV,KE16
15658,KMYF,KSEE
15659,KLAX,KJFK
15660,KDFW,KMSP
15661,KMIA,KATL
15662,KDTW,KEWR
15663,KATL,KPHL
15664,KSJC,KBNA
15665,KFFZ,KE63
15666,KNSE,5AL7
15667,KSEA,KLAX
15668,EGPH,EGGD
15669,KLVK,KO27
15670,KLAS,KMDW
15671,KBTL,2MI3
15672,KSAT,KIAD
15673,SBSP,SBRJ
15674,KROC,KATL
15675,KMSP,KLNK
15676,KATL,KJFK
15677,LZTT,LZIB
15678,KLAX,KLAS
15679,KDEN,KSFO
15680,KBMI,KATL
15681,KEMT,KVNY
15682,KOAK,KVIS
15683,KBOS,KMSP
15684,KLOU,3IN6
15685,LPPR,LFPO
15686,LSGG,LSZH
15687,KLAS,KSNA
15688,KGEG,KSEA
15689,KDTW,KMCO
15690,KPHX,KMKE
15691,KDAB,KATL
15692,LEBL,LSZM
15693,LEMD,DAAG
15694,KACK,KPVD
15695,EGLL,EGPH
15696,UUEE,UUWW
15697,KEWR,KMCO
15698,SBGR,SBBR
15699,KSDL,KAPA
15700,KMDW,KATL
15701,78TA,KSAT
15702,LIRF,LEMD
15703,KDEN,KSAT
15704,LEPA,EDDF
15705,KIAD,KLGA
15706,KORD,KLGA
15707,KDEN,KFLL
15708,KDCU,AL18
15709,EBMB,LSGG
15710,KRDU,KMSP
15711,KLAS,KORD
15712,KNSE,KGZH
15713,LEBL,LKPR
15714,KCMH,KDFW
15715,KBOS,KSLK
15716,GMMN,LFPG
15717,UKBB,EVRA
15718,KSJC,KSNA
15719,42VT,KCLT
15720,KROC,KORD
15721,KDTW,KEWR
15722,YBBN,YPAD
15723,LFPG,LFBD
15724,CYUL,KORD
15725,EGSS,LIRA
15726,LEPA,LEAL
15727,KDFW,KDEN
15728,KFCM,KMGG
15729,EDDF,UUEE
15730,KSAN,KLAS
15731,ELLX,OTHH
15732,LFPO,LEBL
15733,ENHD,ENGM
15734,EIDW,LPPT
15735,KSBP,KFCH
15736,EGLC,EHAM
15737,KAUS,KJFK
15738,KPHX,KCMH
15739,LPFR,EHEH
15740,KLGB,KSJC
15741,CYYC,CYWG
15742,EGLL,LFPG
15743,UUDD,ULLI
15744,42VT,KDTW
15745,KJFK,KORD
15746,KMIA,KDAL
15747,KORD,KLAX
15748,LIMC,LEMD
15749,KPSP,KSNA
15750,KLAS,KMSP
15751,CYVR,CYCD
15752,KSFO,KPSP
15753,KTUL,KDAL
15754,KABQ,KGNT
15755,KSMF,KPDX
15756,KSDL,KGYR
15757,KPHL,KLOM
15758,KMCI,KORD
15759,KMSN,KMSP
15760,LEPA,LEBL
15761,KFFZ,KCGZ
15762,EIDW,LEMD
15763,YMML,YBBN
15764,KFXE,KCGF
15765,KOAK,KBOI
15766,KBOS,KATL
15767,KNSE,0AL5
15768,KPHX,KSAT
15769,KPDX,KDAL
15770,LFPG,GMMN
15771,DE07,KILG
15772,KLAX,KJFK
15773,KPHL,KPHX
15774,KOAK,KVIS
15775,EGAA,EGPH
15776,SBKP,SBGL
15777,KDEN,KORD
15778,OTHH,VOBL
15779,EDDK,LOWW
15780,KCOS,KBJC
15781,KORD,KSFO
15782,KMSP,KMCO
15783,PAEN,PANC
15784,KBNA,KCLT
15785,44IS,KSTL
15786,EGLL,EIDW
15787,EPGD,EIDW
15788,KSEA,KMCO
15789,KATL,KBOS
15790,LPPT,LPPD
15791,LFKJ,LFPO
15792,KBNA,KDFW
15793,KMDW,KDAL
15794,KLAX,KFAT
15795,KPVU,KU77
15796,KDCA,KLGA
15797,KPHX,KSJC
15798,KATL,KPNS
15799,KDTW,KORD
15800,KFLL,KCMH
15801,EGBB,LEBL
15802,KPHL,KDFW
15803,KATL,KSAN
15804,LEBL,LEIB
15805,EDDN,LSZM
15806,KPHX,KCOS
15807,KSAN,KORD
15808,KORD,KBWI
15809,KHOU,KBNA
15810,KLAX,KSJC
15811,KSEA,KVUO
15812,LEPA,LEMH
15813,KAUS,KDEN
15814,KHPN,KMMU
15815,KPDK,KILG
15816,KLAX,KDFW
15817,EIDW,EGGP
15818,KIAD,KMSP
15819,LHBP,EDDL
15820,KPDX,KBDN
15821,KORD,KOKC
15822,KMIA,KRDU
15823,KMKE,KORD
15824,KDTW,KFLL
15825,KFLL,KBOS
15826,SSJC,SBKP
15827,KPHX,KLAX
15828,KBOS,KPHL
15829,EHAM,EDDF
15830,LFPG,EHAM
15831,KPDX,KOAK
15832,LYBE,ESMS
15833,UWWW,UUEE
15834,KVPS,KDFW
15835,KORD,KBOI
15836,KDAL,KMCO
15837,KVNY,KOPF
15838,KAUS,KDTW
15839,UUEE,ULLI
15840,KCMH,KORD
15841,EKBI,LEMG
15842,EGSS,LPPR
15843,KU42,KPVU
15844,KHOU,KDAL
15845,KBOS,KSFO
15846,VIDP,VOBL
15847,KORD,KBNA
15848,CYUL,KDTW
15849,LSZB,LSGR
15850,KLAX,KABQ
15851,KFLL,KJFK
15852,KPHX,KEWR
15853,KATL,KBNA
15854,KBFI,WA22
15855,KDEN,KOMA
15856,EBLG,EPWA
15857,KDTW,KDAY
15858,KDTO,KTKI
15859,EGNX,EHAM
15860,EPKK,ENGM
15861,KCOS,KBJC
15862,KSJC,KLAX
15863,KGPM,KJWY
15864,KBOS,KDFW
15865,KMSP,KLAS
15866,KPHX,KSAN
15867,LEMD,LEIB
15868,KNSE,KGZH
15869,EHAM,LEBL
15870,KMIA,KBNA
15871,KDEN,KPHL
15872,KORD,KMCI
15873,KBWI,KRDG
15874,EGSS,LIBD
15875,LEMG,EGLL
15876,KSDF,KORD
15877,KMDW,KMCI
15878,OTHH,VIDP
15879,LPPT,EDDB
15880,KCPS,7IS2
15881,LHBP,EPWA
15882,KUES,KPWK
15883,KLAX,KSJC
15884,EDDH,EFHK
15885,UWKD,UUDD
15886,KFAT,KSAN
15887,KPNE,KLNS
15888,KDEN,KCOS
15889,KSTL,MO11
15890,KSEA,KIZA
15891,KBOS,KMDW
15892,KIND,KLGA
15893,KSBA,KSFO
15894,KLAS,KCLT
15895,KPHX,KMCO
15896,LEPA,LEBL
15897,LEBL,LEPA
15898,CNC3,CPV4
15899,KSFO,KLAS
15900,LFBO,EDDF
15901,KLAX,KMRY
15902,KLAS,KDTW
15903,LPPR,LFPG
15904,KBNA,KATL
15905,KSEA,6WA3
15906,KSAT,KDAL
15907,KOAK,KBUR
15908,SBKP,SBRJ
15909,KBUR,KLAS
15910,KDEN,KMKE
15911,KPHX,KTUS
15912,KMIA,KEWR
15913,KPHL,KFLL
15914,KBED,KTEB
15915,KLAS,KLAX
15916,KAUS,KLAS
15917,CYUL,CNV9
15918,KATL,KORD
15919,EDDF,LMML
15920,KEWR,KCVG
15921,CYYJ,CAM3
15922,KLAX,KORD
15923,LIML,EBMB
15924,KCDW,KSMQ
15925,KDEN,KOKC
15926,EDDB,LIME
15927,CYYJ,CYVR
15928,VOMM,VABB
15929,KDTW,KPHX
15930,KDCA,KMSP
15931,KSLC,KSFO
15932,KPHX,KSFO
15933,CZBB,CYPK
15934,KLGA,KDFW
15935,LPFR,LPPR
15936,KEWR,KORD
15937,LFPB,EGGW
15938,KNSE,KGZH
15939,KFRG,KBDR
15940,LEPA,LEMG
15941,KATL,KOMA
15942,KSTL,KRIR
15943,3OK8,KRVS
15944,LIRF,LIML
15945,KLAX,KATL
15946,KBOI,KSFO
15947,KRFD,KBFI
15948,KDTW,KBNA
15949,KPHX,KPHL
15950,KS67,KMAN
15951,KBJC,CO07
15952,KDCA,KBOS
15953,KREI,KSEE
15954,KMIA,KJFK
15955,KMRY,KCMA
15956,KVNY,KBUR
15957,KSAT,KORD
15958,KBNA,KLAS
15959,KDEN,KTUL
15960,LIMF,LICZ
15961,KPHX,KLAX
15962,KCLT,17NC
15963,KSAN,KLAS
15964,KSEA,KFAT
15965,KPDX,KBFI
15966,BIKF,KIAD
15967,ID63,KEUL
15968,LTFJ,LLBG
15969,KAUS,KMIA
15970,KCHO,KCLT
15971,LEBL,EKCH
15972,KCLM,KPWT
15973,LOWW,LIMC
15974,KLEB,KBOS
15975,KDTW,KMDW
15976,KFCM,KACQ
15977,KPHX,KATL
15978,EGSS,EPKK
15979,KAVQ,KGYR
15980,KMIA,KLGA
15981,KFLL,KLGA
15982,KSTL,KDFW
15983,KORD,KSNA
15984,LPPR,LPMA
15985,KAUS,KMDW
15986,EIDW,EGLL
15987,KBNA,KSJC
15988,KTKI,KADS
15989,LIBD,LIML
15990,KORD,KBNA
15991,3OH7,KI69
15992,KRDU,KEWR
15993,LFML,LFBO
15994,KDTW,KPVD
15995,CYVR,CYYC
15996,EHAM,LFPG
15997,KSEA,PANC
15998,VECC,VOMM
15999,KPHL,KORD
16000,LOWW,EPWA
16001,EDDS,EDFH
16002,EGGD,LEAL
16003,ULLI,UUWW
16004,EGCC,EKBI
16005,KFHR,KBFI
16006,KPHL,KSFO
16007,KMDT,KDTW
16008,KDEN,KDTW
16009,EGSS,EGAA
16010,EHAM,EFHK
16011,KCLT,KRDU
16012,KORD,KPHX
16013,KPHX,KSEA
16014,KMVY,KTEB
16015,KLAX,KAUS
16016,KTEB,KPDK
16017,KBUR,KSLC
16018,KATL,KMCO
16019,KDVT,KCHD
16020,KBOS,KRDU
16021,LEMG,EKCH
16022,KIAD,KTEB
16023,KSYR,KDTW
16024,OTHH,VOMM
16025,LTFJ,OMSJ
16026,KDTW,KLAS
16027,LFPG,EETN
16028,KLAX,KLAS
16029,LPPT,LPPR
16030,KDEN,KCMH
16031,KLAS,KBOS
16032,EGLL,EGNT
16033,LTAC,LTFJ
16034,KTYS,KPHL
16035,KPDX,KDCA
16036,KNSE,KGZH
16037,KSJC,KPDX
16038,KCLT,KMCO
16039,UKBB,LHBP
16040,KLAS,KMSP
16041,KPHX,KORD
16042,KSEA,PANC
16043,VABB,VOBL
16044,EKCH,ESSA
16045,KBUF,KATL
16046,EPKK,ENGM
16047,KBOI,KPHX
16048,KDTW,KORD
16049,LHBP,LFPO
16050,KORD,KMIA
16051,9CO6,KAPA
16052,BIKF,KJFK
16053,KTOA,KRIR
16054,KLAX,KBOI
16055,CYVR,CZBB
16056,KPHL,KFRG
16057,KSEA,KORD
16058,KORD,KPHX
16059,EGLL,EGCC
16060,KMYF,KSNA
16061,KLAX,KOKC
16062,KSAT,KHYI
16063,KCLT,KATL
16064,KMSP,KDAL
16065,EGPF,EGKR
16066,ELLX,LIMC
16067,ENGM,ENVA
16068,KBNA,KORD
16069,KONT,KLAS
16070,KSNA,KSLC
16071,EDDF,EHAM
16072,KBOS,KBWI
16073,KHPN,KPNE
16074,KPHL,KDTW
16075,KBJC,KGXY
16076,LTAC,LTFE
16077,16MI,KORD
16078,KDCA,KDTW
16079,LPPT,EDDH
16080,KIND,KATL
16081,KBOI,KSEA
16082,KLAS,KDFW
16083,KSAN,KSEA
16084,KAUS,KLAS
16085,KIAH,KLAS
16086,KROC,KPHL
16087,KIAD,KMDW
16088,EKCH,EHAM
16089,KHYI,7TS2
16090,EDDH,LEAL
16091,LEPA,EDDH
16092,LSGG,LKPR
16093,LEBL,EDDF
16094,KPHX,KBOS
16095,UUDD,ULLI
16096,KORD,KLAS
16097,RJBB,WSSS
16098,KACY,KPNE
16099,UWLL,UUWW
16100,KORF,KDTW
16101,EDDK,LIPE
16102,KSAN,KBOI
16103,EDDF,LIME
16104,EDHI,LFBO
16105,KCMH,KORD
16106,KLAS,KSDF
16107,KDEN,KBTF
16108,LIPE,EDDF
16109,LFRN,LFBO
16110,KCWA,KDTW
16111,KPHX,KAUS
16112,EGAC,EGHI
16113,KSMF,KSLC
16114,KDYL,K2W6
16115,KDTW,KLAS
16116,KBNA,KBWI
16117,KONT,KSLC
16118,ENBR,ENGM
16119,LFPG,EFHK
16120,KBFI,KBLI
16121,KSLC,KSJC
16122,KMIA,KJFK
16123,KPDK,K9A1
16124,CPN8,CYXU
16125,BIKF,KEWR
16126,KCLT,KDTW
16127,KLAS,KORD
16128,ESTA,ESSB
16129,LROP,LLBG
16130,LFPO,LFBO
16131,KAPA,KSDL
16132,KOAK,KMCI
16133,KDAL,KMDW
16134,KTPA,KOPF
16135,OBBI,OMDB
16136,KSJC,KSEA
16137,KRMN,KEZF
16138,CYYC,CYWG
16139,KSTL,KORD
16140,KLAS,KPDX
16141,KLAX,KABQ
16142,KORF,KBWI
16143,KADS,KF69
16144,KDEN,KOMA
16145,PANC,KORD
16146,KPHX,KMSP
16147,KBWI,KBUF
16148,KDTW,KPHL
16149,K12J,KNSE
16150,KPIT,KJFK
16151,KATL,KLAX
16152,IN93,KORD
16153,KORD,AL18
16154,KSTL,KPHX
16155,KLAX,KTUS
16156,KPDX,KSAN
16157,KOMA,KMDW
16158,KRDU,KCLT
16159,UUEE,ULLI
16160,KSEA,KPSP
16161,KFKR,KLAF
16162,KMDT,KORD
16163,KPHX,KMSP
16164,KDTW,KMCI
16165,KOKC,KATL
16166,VECC,VIDP
16167,LEPA,EDDF
16168,KMSP,KBOS
16169,CYXE,CYVR
16170,KPNS,KIAH
16171,KTEB,KDAL
16172,KATL,KMDW
16173,KORD,KMSN
16174,EDDM,EVRA
16175,ULLI,UUMO
16176,KSNA,KSDL
16177,EGLL,EGPD
16178,KCHD,KSEZ
16179,EGAC,EGHI
16180,KDEN,KFAT
16181,2CD6,KAPA
16182,KORD,KOMA
16183,KFFZ,KA39
16184,KORF,KATL
16185,KPDX,KLAX
16186,KSMO,KSNA
16187,KLAS,KSNA
16188,LFPG,GMMN
16189,KORD,KATL
16190,KNSE,KGZH
16191,UKKK,EDDB
16192,KAPA,KCOS
16193,LSGG,EFHK
16194,KMDW,KLUK
16195,LEBL,LIPE
16196,LMML,LIRF
16197,KHOU,KATL
16198,KTEB,KCLT
16199,EHAM,LEMD
16200,KLAX,KAUS
16201,KDTW,KDFW
16202,KSNA,KSDL
16203,BIKF,KORD
16204,KBOI,KORD
16205,LFPG,EPWA
16206,KABQ,KDFW
16207,KPUJ,KPDK
16208,KAFW,3TX2
16209,KRHV,9CL2
16210,KPDX,KLAS
16211,KSLC,KEWR
16212,EDDK,LEPA
16213,KBWI,KFLL
16214,KMVY,KJFK
16215,KM33,KBNA
16216,TJSJ,KMIA
16217,KIAD,KDTW
16218,KGRB,KORD
16219,KOKM,KRVS
16220,KPHX,KABQ
16221,VOMM,WSSS
16222,KBUR,KSJC
16223,KSNA,KMRY
16224,61WA,KBFI
16225,KSTL,KATL
16226,KIAH,KPHX
16227,KCFE,KFCM
16228,KGSO,KORD
16229,KDEN,KSTL
16230,KMIA,KHHR
16231,KSLC,KLAX
16232,KA39,KFFZ
16233,LICB,LIMC
16234,KRDU,KPHL
16235,KPHX,KDAL
16236,LIPE,LIBR
16237,KBUF,KPHL
16238,KBED,KHPN
16239,KOPF,KFLL
16240,KBOS,KCLT
16241,LPFR,LPPT
16242,ULMM,UUWW
16243,KHJO,KPTV
16244,KSRQ,KJFK
16245,KSYR,KPHL
16246,EDDF,ULLI
16247,LEBL,LEAL
16248,KPHX,KCOS
16249,KEWR,KDTW
16250,KLAS,KATL
16251,KNSE,KGZH
16252,KDCA,KMDW
16253,KPHX,KDCA
16254,LOWW,LDZA
16255,KORD,KSTL
16256,KCMH,KATL
16257,KATL,KMIA
16258,KDFW,KLGA
16259,KHYA,KBOS
16260,KABQ,KDAL
16261,KFNL,KBJC
16262,UUWW,ULLI
16263,KORD,KDEN
16264,KSEA,KABQ
16265,LEPA,EGLF
16266,KAUS,KBNA
16267,KPHX,KSTL
16268,KGPI,KSEA
16269,BIKF,KBOS
16270,KDEN,KATL
16271,KTUS,KLAX
16272,KFWS,KFTW
16273,EBCI,LIME
16274,KTYR,KTKI
16275,KDCA,KOMA
16276,LSZH,EDDF
16277,LFPO,GMMN
16278,KSNA,KPSP
16279,LFKJ,LFML
16280,EGLL,ESSA
16281,KORF,KDFW
16282,KPHX,KATL
16283,3IN6,KLOU
16284,KCLT,KDCA
16285,KABQ,KLAS
16286,VOBL,WSSS
16287,KISP,KTEB
16288,KCLT,KHSV
16289,KSBM,KMDW
16290,VOMM,VOBL
16291,KPVD,KPHL
16292,KMJX,KTTN
16293,LEPA,LSGG
16294,KGRR,KBWI
16295,KRDU,KEWR
16296,KORD,KCVG
16297,LFMN,LFPO
16298,KLAX,KRDU
16299,KDVT,KCHD
16300,ENGM,EVRA
16301,ULLI,ULMM
16302,KORD,KPHX
16303,KNSE,KGZH
16304,VIDP,WMKK
16305,48CN,KMAE
16306,EKCH,EFHK
16307,KSRQ,KATL
16308,LPPT,EKCH
16309,OMSJ,UKBB
16310,LROP,LFPG
16311,KLAX,KLAS
16312,CYOW,CYHM
16313,KSYR,KORD
16314,NK43,KORD
16315,KORF,KPHL
16316,KAUS,KEWR
16317,KCLT,KMCO
16318,KBFI,KBVS
16319,KISP,KHFD
16320,KDEN,KTUL
16321,CYVR,CYYJ
16322,KSLC,KBOI
16323,KDEN,KSAT
16324,KMCI,KDEN
16325,LFBO,LFPG
16326,KFHR,KBFI
16327,KLAS,KSAN
16328,KBWI,KORD
16329,EFHK,ESSA
16330,KSEA,KPSP
16331,KDFW,KJFK
16332,LEMD,LEPA
16333,SBRJ,SBGR
16334,03OK,KRVS
16335,GA53,KPDK
16336,KATL,KORD
16337,KMKE,KMSP
16338,KSLC,KSJC
16339,KE16,KRHV
16340,KPHX,KOKC
16341,CYYZ,CYUL
16342,2CD9,KLMO
16343,LPPT,EDDF
16344,KDAL,KLAS
16345,KDEN,KSJC
16346,KBNA,KECP
16347,SBBR,SBGR
16348,KDTW,46MI
16349,EFHK,EFOU
16350,LFPO,LEMD
16351,KPHL,KATL
16352,KPHX,KSFO
16353,KOAK,KSAN
16354,KSLC,KSAN
16355,KLAS,KOAK
16356,KROC,KBWI
16357,KSAN,KPHX
16358,KMSP,KDCA
16359,KCLT,KVPS
16360,ENBR,ENZV
16361,CYUL,CYVR
16362,KSSF,KRND
16363,LIMC,LIEE
16364,KSEA,KDAL
16365,EKCH,EKYT
16366,KPSP,KDVT
16367,KMIA,KDTW
16368,KSEE,KHMT
16369,2CD6,KAPA
16370,LPPT,EDDB
16371,KORD,VT26
16372,KFTG,KBJC
16373,KDEN,KORD
16374,LSZM,LSZH
16375,SBRJ,SBBR
16376,KCJR,KHEF
16377,KCLT,KROC
16378,EIDW,EGKR
16379,ELLX,LPPR
16380,ESSB,ESSN
16381,EGPF,EGGD
16382,LEPA,LEMD
16383,KLAS,KABQ
16384,KSEA,KIAD
16385,VIDP,VABB
16386,LOWW,EDDL
16387,EKCH,EDDH
16388,CYUL,KEWR
16389,KBNA,KBOS
16390,CYYJ,CYVR
16391,KDEN,KDCA
16392,KPAO,CA66
16393,KAUS,KDCA
16394,KCLT,KPNS
16395,KBUF,KJFK
16396,ELLX,EGLC
16397,KLAS,KBUR
16398,KDFW,KDTW
16399,KTYS,KEWR
16400,ULLI,UUWW
16401,KLAX,KSBA
16402,LSGG,LEMD
16403,KPTK,KTEB
16404,EDDH,EPWA
16405,EBMB,EGLL
16406,KORD,KTYS
16407,LEBL,LEMG
16408,KLNS,KLOM
16409,KBOS,KMVY
16410,KLAX,KBNA
16411,TXKF,KTEB
16412,KDEN,MT54
16413,KLGA,KMIA
16414,KPVU,KU42
16415,KATL,KTTN
16416,KOAK,KLAS
16417,EDDB,EHAM
16418,EGAA,EGKR
16419,LFPB,EGGW
16420,KRDU,KTDF
16421,KLAS,KABQ
16422,KDFW,KATL
16423,KMCI,KATL
16424,KNSE,K12J
16425,TJIG,02PR
16426,KSLC,KOAK
16427,KCLT,KORF
16428,EGLL,EFHK
16429,LSGG,LEBL
16430,KLQK,SC32
16431,LFBO,LFPO
16432,VABB,OMDB
16433,VECC,VABB
16434,LOWW,EDDK
16435,KMSN,KORD
16436,EFHK,EKCH
16437,KVNY,KWHP
16438,LEZL,LEBL
16439,KLAS,KDTW
16440,KCLT,KPHX
16441,KFFZ,KCGZ
16442,UUWW,UNEE
16443,KDEN,KEWR
16444,KLAX,KSJC
16445,KOKV,KJYO
16446,KSMF,KSEA
16447,KOAK,KPHX
16448,LEIB,LEMD
16449,KDEN,KLAX
16450,KHEF,KCJR
16451,KSEA,KBNA
16452,KBFI,KPWT
16453,KATL,KSEA
16454,KE63,KFFZ
16455,KJFK,KDFW
16456,KPDX,KSEA
16457,OMDB,VOMM
16458,KSJC,KSEA
16459,KSRQ,KOPF
16460,TJSJ,KJFK
16461,EDDF,LEMD
16462,KBFI,KPWT
16463,KLAX,KFLL
16464,OTHH,VABB
16465,KDFW,KTUS
16466,KYKM,KBFI
16467,KSEA,KTUS
16468,KE63,KGYR
16469,EGLL,EPWA
16470,KMDW,KGYY
16471,KVNY,KCMA
16472,65CO,KFNL
16473,KVNY,KWHP
16474,KORD,KCVG
16475,KDEN,KBUR
16476,KBOS,KDCA
16477,LEBL,LPPT
16478,EPGD,EGGW
16479,KCHD,KFFZ
16480,KMHR,KSJC
16481,KLAX,KCVG
16482,KCOS,KAPA
16483,KSEA,PANC
16484,EDDL,EDDM
16485,KDFW,KSNA
16486,KD73,KPDK
16487,GA53,KPDK
16488,KAZO,KORD
16489,CZBB,CBQ2
16490,KDFW,KM99
16491,LEBL,LMML
16492,KCLT,KBKL
16493,KAVX,KLGB
16494,KBNA,KMCO
16495,KORD,KCMI
16496,LEMG,EDDB
16497,KCLT,KBNA
16498,KLGA,KRDU
16499,KSMF,KLAX
16500,KAPC,KOAK
16501,KDFW,KPHX
16502,KDEN,KIAD
16503,LFPG,UUEE
16504,KSTL,KMSP
16505,4GA9,KJZP
16506,KSAN,KSJC
16507,OI34,7OA7
16508,KLAS,KSNA
16509,LIEE,LIME
16510,KATL,KPHX
16511,KSNA,KDFW
16512,KSLC,KSFO
16513,KISP,KBWI
16514,KBUR,KPHX
16515,KCLT,KMDT
16516,KAPA,KFNL
16517,KSFO,KSEA
16518,EBBR,LEBL
16519,KORD,KMSP
16520,KDFW,KTUL
16521,KPHX,KLAX
16522,KTUL,KDFW
16523,EIDW,EGSS
16524,KSAT,KDFW
16525,KPVU,KU42
16526,61WA,KBFI
16527,LPPT,EHAM
16528,3IN6,KLOU
16529,KSMF,KLAS
16530,KSEA,CYVR
16531,KHOU,KATL
16532,KDEN,CYYC
16533,CYYZ,CYOW
16534,KDCA,KDFW
16535,EBMB,ESSB
16536,KORD,KSEA
16537,LTFJ,LTFE
16538,KMCO,KMIA
16539,KAUS,KIAD
16540,LIPZ,LOWW
16541,SPJC,KMIA
16542,LEPA,LEIB
16543,KATL,KCVG
16544,LFBO,LFFI
16545,KDCA,KBNA
16546,KSTS,CL36
16547,EYKA,EPWA
16548,KDFW,KEWR
16549,VHHH,RJAA
16550,KTDF,KRDU
16551,ULMM,ULLI
16552,KLNS,KGAI
16553,EBMB,EPWA
16554,KPNS,KATL
16555,EGPD,EGLL
16556,KCLT,KBWI
16557,KPHL,KSDF
16558,KCRQ,KSAN
16559,ENGM,EETN
16560,KBOS,MA55
16561,KDEN,KLAX
16562,KJFK,KBUF
16563,LSGG,EPWA
16564,KLAX,KJFK
16565,LIML,LIRF
16566,KRBD,KLNC
16567,KIAD,KSFO
16568,KDFW,KFAT
16569,KPDX,KSJC
16570,LOWW,EGGW
16571,KTEB,KBKL
16572,KBTL,MI77
16573,ENZV,ENVA
16574,KPAO,KTVL
16575,KAUS,KDFW
16576,UUEE,ULLI
16577,LEAL,ENBR
16578,KPIT,KATL
16579,EBMB,LEMD
16580,LEBL,LEMD
16581,LEMG,EHRD
16582,KSGF,KDFW
16583,TJSJ,KJFK
16584,LEZL,LFFI
16585,KDFW,KBOI
16586,KBED,KPDK
16587,KDEN,KFAT
16588,KCLT,KPHL
16589,KSEA,KBOI
16590,KLGA,KBOS
16591,KPHX,KFLL
16592,KMIA,KBOS
16593,KSLC,KLAX
16594,LHBP,EGGW
16595,KL73,KTVL
16596,KIAH,KSAT
16597,KRDU,KCLT
16598,VABB,WSSS
16599,KIWA,KP08
16600,EDDL,EPWA
16601,KLGB,KCNO
16602,KGSO,KATL
16603,KLAS,KLAX
16604,KUES,KHXF
16605,LIMC,ELLX
16606,YMML,YMHB
16607,KOKC,KDFW
16608,KSEA,KSJC
16609,LSZH,EDDL
16610,LIBD,LIMC
16611,KSMF,KSAN
16612,KIAD,KHPN
16613,EDDM,EPWA
16614,LEMD,LEBL
16615,KMSP,KDEN
16616,KPAE,KPWT
16617,KDFW,KLAS
16618,KSEE,KCNO
16619,KLAS,KDFW
16620,KDAL,KATL
16621,LFMN,LFPO
16622,K12J,KNSE
16623,KMCI,KMSP
16624,CYUL,KLGA
16625,KBWI,KDTW
16626,LSZM,LFMN
16627,SBRJ,SBSP
16628,CYYC,CYYZ
16629,LIME,LICZ
16630,KSMF,KSNA
16631,EDDM,EDDH
16632,KLAS,KSFO
16633,EDDB,LEPA
16634,KNFG,2CA4
16635,KSYR,KATL
16636,LSZH,LEMD
16637,KVDF,KOPF
16638,KSEA,KATL
16639,LPPT,EDDL
16640,KHOU,KDFW
16641,EPGD,ENGM
16642,KDFW,KABQ
16643,KSAN,KDFW
16644,KATL,KSAT
16645,KLAS,KORD
16646,LEIB,LEPA
16647,KSNA,KOAK
16648,LEMD,LEBL
16649,KIAH,KABQ
16650,KLAX,KMCO
16651,EHAM,LEMG
16652,KATL,KLGA
16653,LEBL,LIMC
16654,KPHX,KSEZ
16655,EGLL,LIML
16656,KSMF,KPHX
16657,EDDM,LEMD
16658,LEPA,LEBL
16659,KBWI,KVPS
16660,PAEN,PANC
16661,KP08,KIWA
16662,KSBP,KPRB
16663,KCHD,KFFZ
16664,K33N,KMIV
16665,KDEN,KBTF
16666,KBOS,KDTW
16667,KLAS,KLAX
16668,KPHX,KDTW
16669,LSZH,EDDH
16670,KATL,KDAL
16671,ENZV,ENGM
16672,PANC,KSEA
16673,KGEG,KSEA
16674,KSFO,KLAX
16675,KLAX,KSEA
16676,KIND,KORD
16677,GMME,LFPO
16678,KSJC,KPHX
16679,EKCH,EVRA
16680,KDEN,KTEX
16681,KHOU,KMDW
16682,KLAX,TS53
16683,LEPA,EDDL
16684,KDXR,KBED
16685,KFTG,KAPA
16686,KDEN,KPDX
16687,KMCI,KBNA
16688,GMMN,LFPO
16689,KCLT,KFLL
16690,EDDV,LOWW
16691,KBFI,KPWT
16692,KORD,KATL
16693,ENZV,ENGM
16694,KBUR,KVNY
16695,KOAK,KPDX
16696,MA72,KBOS
16697,KLAX,KPDX
16698,KRDU,KDTW
16699,EDDN,LSZH
16700,KAPA,KLMO
16701,KDEN,KDTW
16702,KSAC,KEDU
16703,EGGW,LEMG
16704,LIEA,LIRF
16705,KIND,KMSP
16706,KONT,KSFO
16707,KSAF,KDAL
16708,KBNA,KCLT
16709,EKCH,EDDB
16710,LEBL,LFFI
16711,EDDM,EDDL
16712,VIDP,OBBI
16713,KIAH,KSFO
16714,GOBD,GBYD
16715,KSJC,KPDX
16716,KAUS,KIND
16717,EDDK,LOWW
16718,KPIT,KPHL
16719,KFDK,KDMW
16720,LSGG,LFFI
16721,KPHL,KMCI
16722,EDDB,EDDK
16723,KSFO,KSAN
16724,KDEN,KLGA
16725,KOAK,KSNA
16726,KMIA,KATL
16727,LEMD,LEJR
16728,LECU,LEMT
16729,KBNA,KRDU
16730,ESSA,LFPG
16731,KSAN,KSJC
16732,KSEA,KLAS
16733,KORD,KAKR
16734,KONT,KRFD
16735,KLAX,KATL
16736,EGSS,EDDF
16737,KGAI,KHPN
16738,KDFW,KATL
16739,LSZH,EPWA
16740,KDEN,KSTL
16741,LEPA,LEBL
16742,KSFO,KTUS
16743,KSLC,KORD
16744,KSBP,KPHX
16745,0TS2,KAFW
16746,LIEA,LIML
16747,KPVD,KORD
16748,EDDB,LEPA
16749,KLGA,CYYZ
16750,CYVR,CYYC
16751,KMKE,KDAL
16752,KBFI,KPWT
16753,LPFR,EGSS
16754,EDDF,UUDD
16755,KATL,KDTW
16756,LHBP,EKCH
16757,LIRF,EFHK
16758,KLGB,KPHX
16759,KBWI,KATL
16760,KOAK,CL77
16761,KSEA,KORD
16762,KDFW,KSEA
16763,KSMF,KSFO
16764,KPWK,K10C
16765,KDFW,KFLL
16766,KSNA,KPHX
16767,KMIA,SKBO
16768,KSFO,KWHP
16769,KFRG,KLDJ
16770,KEWR,KATL
16771,EKCH,EPWA
16772,KSEE,KHMT
16773,KBUR,KCRQ
16774,EGLL,LIML
16775,KATL,KTYS
16776,KPAO,CL77
16777,KPDX,KSFO
16778,KMYF,KSNA
16779,EDDH,EDDS
16780,LEIB,LEMD
16781,KPHL,KBOS
16782,KLGA,KMDW
16783,KDEN,CYYZ
16784,KMCI,KIAD
16785,KEWR,KFLL
16786,EDDS,LOWW
16787,KRVS,OK13
16788,KMIA,KLGA
16789,KBED,MA55
16790,KSMF,KPHX
16791,KDFW,KDEN
16792,KCLT,KMCO
16793,LIMF,EGSS
16794,KATL,KDEN
16795,KAPA,KBJC
16796,KPHL,KRDU
16797,KSRQ,KIAD
16798,KLAS,KSFO
16799,KLGB,KLAS
16800,LTFJ,LTAC
16801,KPWK,KAPA
16802,RJBB,RCTP
16803,KDEN,KTUS
16804,KPHX,KMCI
16805,KRDU,4NC7
16806,KDFW,KSAN
16807,EBMB,LEMD
16808,KTTD,KSPB
16809,KDFW,KIAD
16810,VOMM,VOBL
16811,KONT,KDEN
16812,KOAK,KSEA
16813,KHSV,KIAD
16814,LEBL,LFPO
16815,KABQ,KLAX
16816,KMDW,KATL
16817,KHWV,KFRG
16818,LEAL,EBCI
16819,KEWR,KMIA
16820,KSFO,KSBP
16821,LEMD,LPPT
16822,LFBD,EIDW
16823,KDTW,KATL
16824,KLGA,KBNA
16825,KDEN,KSFO
16826,KDFW,KDCA
16827,KSMF,KLAX
16828,KATL,KMSP
16829,LFPG,LFML
16830,KAPA,KBJC
16831,EDDM,EDLW
16832,KLAS,KSDL
16833,KORD,KMCO
16834,75OK,0OK8
16835,KPHL,KCVG
16836,KDCA,KECP
16837,KBOS,KCMH
16838,KF70,KAJO
16839,KBFI,KFHR
16840,KCGZ,KFFZ
16841,KORD,KDEN
16842,KTCY,KRHV
16843,KIAD,KATL
16844,KEWR,KPDX
16845,KSEA,KDAL
16846,OBBI,VGZR
16847,LFPO,LIML
16848,EDDM,LOWW
16849,KMSP,KCVG
16850,KBNA,KDEN
16851,KATW,KMSP
16852,EDDB,LEMD
16853,KSNA,KSTS
16854,ULLI,UUDD
16855,KSFO,KSNA
16856,CYYZ,CYYC
16857,ENBR,ENHD
16858,KATL,KCMH
16859,KDEN,KLNK
16860,KMSN,KDTW
16861,KPNS,KATL
16862,KMDW,KMIA
16863,EGPH,EGSS
16864,KMIA,SKBO
16865,EGSS,EDDF
16866,KLAX,KEWR
16867,KDTW,KSAT
16868,KJFK,KROC
16869,KMYF,KRNM
16870,KLGA,KATL
16871,LIPZ,LEMD
16872,LFPG,LHBP
16873,LHBP,LHKE
16874,EHAM,LFPB
16875,KSTL,KIAD
16876,KPDK,KJZP
16877,KMSP,KBNA
16878,KORD,KDCA
16879,EDDH,EDDK
16880,KATL,KFLL
16881,KLVK,KE16
16882,KDEN,KSEA
16883,KEWR,KMIA
16884,LEBL,EDDB
16885,KBOS,KBNA
16886,EDDF,LEMD
16887,LEMG,EHEH
16888,SPJC,KMIA
16889,KMSP,KMCI
16890,EPSC,EPWA
16891,KDFW,KVPS
16892,KBNA,KSEA
16893,CYYZ,CLC2
16894,KLAS,KFAT
16895,KRHV,KWVI
16896,KDFW,KPSP
16897,KONT,KSMF
16898,KSDF,KATL
16899,ENGM,ENVA
16900,EDDH,EDDM
16901,KCLT,KATL
16902,KSEA,KORD
16903,KATL,KSDF
16904,LEBL,ELLX
16905,EDDL,LOWW
16906,KDEN,KSNA
16907,KDFW,CYYZ
16908,KDTW,KORD
16909,KPHL,KROC
16910,KBUR,KSDL
16911,KLAS,KJFK
16912,KPHL,KBUF
16913,KCLT,KLGA
16914,ESSA,EVRA
16915,LPPT,LEMD
16916,KDFW,KBOS
16917,KPYM,KHYA
16918,LEMD,LEPA
16919,KSTL,KATL
16920,KBED,KOWD
16921,LIML,LEMD
16922,KATL,KBKL
16923,KLAS,KSNA
16924,CYYC,CYYZ
16925,EIDW,LEMD
16926,PANC,KLCK
16927,KPDX,KLAX
16928,NZTG,NZCH
16929,LEBL,LEMD
16930,KDEN,KCOS
16931,KAUS,KLAX
16932,KLNS,KPNE
16933,KSFO,KSAN
16934,KATL,KDEN
16935,LEPA,EDDS
16936,KORD,KIAD
16937,KSNA,KPHX
16938,LSZM,LOWW
16939,KMSP,KBWI
16940,KIND,KDTW
16941,LIPE,LOWW
16942,KORF,KORD
16943,NZAA,NZWN
16944,EBCI,LIRA
16945,KSRQ,KCMH
16946,KONT,KPHL
16947,LEMD,LIRF
16948,LSZH,LOWS
16949,KSAN,KORD
16950,KSLC,KLAS
16951,KFLL,KEWR
16952,KDEN,KOKC
16953,EDDS,LEPA
16954,KATL,KHSV
16955,KAUS,KATL
16956,KI69,45OH
16957,CYYC,CYVR
16958,KDFW,KCOS
16959,CYPK,CZBB
16960,KMIA,KDEN
16961,KSNA,KCRQ
16962,EDDK,LPPR
16963,LROP,LIRA
16964,KPHX,KMRY
16965,LIRF,LEMD
16966,LEMD,LPPR
16967,KDCA,KMCO
16968,KIAD,KCLT
16969,LEMD,LEMH
16970,LEIB,LEPA
16971,LEAL,EHRD
16972,KSTS,KLAX
16973,ENGM,ESSA
16974,KDTW,CYYZ
16975,KLGB,KCRQ
16976,KOKC,KDEN
16977,KDEN,KMIA
16978,KPHX,KMDW
16979,KMSP,KATL
16980,NZNV,NZCH
16981,KSBA,KPHX
16982,KMSP,KDTW
16983,EGLL,LEMD
16984,KMCI,KDFW
16985,KPAO,KRHV
16986,KSRQ,KLGA
16987,LIME,LROP
16988,OMDB,UAAA
16989,KMDT,KCLT
16990,KDFW,KOMA
16991,KSTL,KCLT
16992,EHAM,LIMC
16993,KMDW,KFLL
16994,LHBP,LFMN
16995,KSAN,KLAX
16996,KPHL,KMCO
16997,ENGM,ESSA
16998,ENBR,ENZV
16999,KDCA,KTYS
17000,TX91,KRBD
17001,KF70,KMYF
17002,KLAS,KPHX
17003,UUDD,EGLL
17004,KPYM,KOWD
17005,LEMD,LIML
17006,EGPD,ENZV
17007,KBOS,KLGA
17008,KSMF,KSEA
17009,UUEE,ULLI
17010,EGAC,EGLC
17011,KMSP,KRDU
17012,EHAM,EDDF
17013,K61B,KSMO
17014,KDFW,KPNS
17015,CZBB,CML2
17016,LPPT,LFPG
17017,LFPG,EPWA
17018,SBBR,SBRJ
17019,KVNY,KEMT
17020,02GE,KRYY
17021,EGGW,LSZH
17022,EINN,EGSS
17023,KDFW,KABQ
17024,KPHX,KSJC
17025,KTYR,KDFW
17026,EDDH,EDDL
17027,KSAN,KSFO
17028,KMSP,KJFK
17029,KDTW,KCLT
17030,KCMA,KLGB
17031,LSZH,LIPE
17032,KSNA,KFUL
17033,KSFO,KORD
17034,KDEN,KSAN
17035,LEMD,LSGG
17036,KBVY,MA36
17037,KPHX,KBUR
17038,KATL,KTUL
17039,EDDB,EDDF
17040,KDFW,KORD
17041,EBMB,LOWW
17042,KDEN,KPHL
17043,KBVY,MA36
17044,LPPT,LSZH
17045,ENGM,EPWA
17046,OTHH,VABB
17047,KDFW,KLAX
17048,KORD,CYUL
17049,EHAM,EPWA
17050,KBOS,KATL
17051,KATL,KBOS
17052,KMCI,KDAL
17053,LEBL,LEMG
17054,KDEN,KPHX
17055,LSGG,LOWW
17056,KLUK,KPDK
17057,KCLT,KPHL
17058,KFAT,KVIS
17059,KOAK,KLAX
17060,LSZH,LDZA
17061,KMSP,KCMH
17062,KDTW,KMSP
17063,KDCA,KRDU
17064,LEMD,LEAL
17065,EDDH,LEMD
17066,KLAX,KBNA
17067,KDFW,KBTF
17068,KSDF,KRIR
17069,KPHX,KBOS
17070,EGSS,ESGG
17071,KSDL,KCMA
17072,KONT,KPHX
17073,LPPT,LPMA
17074,KDEN,KLAS
17075,EGPF,EGGW
17076,KROC,KIAD
17077,KSEA,KLAX
17078,KTYS,KATL
17079,SBKP,SBRJ
17080,KDVT,KE63
17081,KDFW,KSPI
17082,SBRJ,SBGR
17083,EPWA,LOWW
17084,EDLW,EPKT
17085,LEPA,EDTB
17086,EDDL,LEMD
17087,KATL,KMCI
17088,KPHX,KDFW
17089,KDEN,KBOI
17090,ENBR,ENGM
17091,KDFW,KPHX
17092,KMSP,KMKE
17093,KEWR,KDFW
17094,OMDB,VIDP
17095,LPPD,LPPR
17096,KLAX,KDAL
17097,KSFO,KBOI
17098,NZTG,NZAA
17099,LIRF,LOWW
17100,KPHL,90VA
17101,EIDW,EHAM
17102,LIEE,LIRF
17103,SSJC,SBRJ
17104,YMML,YMHB
17105,KDEN,KSBA
17106,KSRQ,KORD
17107,LIMC,EPWA
17108,KDTW,11NY
17109,KEWR,KJFK
17110,EGGW,EGPH
17111,KDFW,KCMI
17112,KJFK,KMIA
17113,KPHX,KMCI
17114,KPDK,NC16
17115,LSGG,EKCH
17116,KLAX,KVUO
17117,KBFI,CYVR
17118,LEMD,LEIB
17119,KSMF,KSAN
17120,KMIA,KPHL
17121,KBOS,KJFK
17122,KIAD,KMMU
17123,KPHL,KATL
17124,KDEN,KORD
17125,KSAN,KPHX
17126,LPPT,LFPO
17127,KDEN,KOAK
17128,CYYJ,CAM3
17129,KSNA,KOAK
17130,KSFO,KORD
17131,ULLI,UUEE
17132,KGYL,KFCM
17133,3NK5,KIAD
17134,KFLL,KHPN
17135,KONT,KDFW
17136,CYYZ,CYUL
17137,EDDP,EPKT
17138,KPHL,KPVD
17139,KIAD,KTEB
17140,KDCA,KLGA
17141,KBDR,KFRG
17142,KSJC,KSTL
17143,KLGA,KDCA
17144,UUEE,ULLI
17145,KOMA,KDCA
17146,KDAY,KMDW
17147,KLAX,KSUS
17148,EDDK,LIPZ
17149,EDDM,EDDF
17150,NZCH,NZAA
17151,CBQ2,CZBB
17152,KDFW,60IN
17153,KBUF,KIAD
17154,KDEN,KSLC
17155,LEMG,LEPA
17156,TXKF,KEWR
17157,KFCM,1MN8
17158,KMIA,SKBO
17159,KPHX,KBFI
17160,VABB,OTHH
17161,KPSP,KMSP
17162,LFPB,LSGG
17163,KMSP,KLGA
17164,KLAX,KPHX
17165,KHPN,KTEB
17166,KSMF,KLAX
17167,EDDF,EPWA
17168,KSFO,KBNA
17169,KMVY,KBOS
17170,KPHX,KMDW
17171,KSEE,KMYF
17172,NZNV,NZWN
17173,KSFO,KIZA
17174,KCMH,KLAS
17175,NZAA,NZCH
17176,KNZY,KNUC
17177,KMIA,KLAX
17178,NZPM,NZAA
17179,KDEN,KSJC
17180,VOBL,VHHH
17181,CYYC,CYVR
17182,KSAC,KMHR
17183,KBUF,KBOS
17184,VHHH,RJAA
17185,KMSP,KMSN
17186,OMSJ,VOMM
17187,KHOU,KOMA
17188,KSMF,KORD
17189,KAUS,KORD
17190,KGRB,KMSP
17191,KMKE,KDTW
17192,KBTL,7MI7
17193,KMIV,K33N
17194,KSEA,KSAT
17195,ULLI,UUWW
17196,KLAS,KPHX
17197,LEZL,LEBL
17198,KIAD,KABE
17199,KSNA,KSEA
17200,MA72,KBOS
17201,EGGD,LPFR
17202,UUWW,UUEE
17203,KMSP,KMCO
17204,KDCA,KSTL
17205,EPMO,LIME
17206,KPWT,KBFI
17207,KHYI,TA55
17208,KDFW,KBNA
17209,KPHL,KMCO
17210,KPHX,KORD
17211,KBUR,KSJC
17212,EDDF,LOWW
17213,KTTN,KATL
17214,EGGP,EIDW
17215,KDEN,KPHX
17216,KFCM,KANE
17217,KECP,KATL
17218,WS78,KMSP
17219,KFOK,KHPN
17220,LEAL,EGGW
17221,KSFO,KSAN
17222,KRDU,KCLT
17223,ENGM,EKCH
17224,KPWT,KBFI
17225,OTHH,VIDP
17226,KMDW,KDTW
17227,KPDX,KBFI
17228,LFML,LFPG
17229,KLGA,KMCO
17230,LHBP,EDDB
17231,KPHX,KONT
17232,KBFI,4WA4
17233,KCLT,KDFW
17234,LEPA,EDDL
17235,EGKK,EGJJ
17236,KE16,KRHV
17237,KPHX,KLAS
17238,EDDK,EPKT
17239,KDFW,KPHL
17240,K1G4,KLAS
17241,KMSP,KEWR
17242,LFPO,LFCR
17243,LEBL,LSZH
17244,KMIA,KATL
17245,KNGU,KPVG
17246,EGKK,EGNS
17247,LTFJ,OTHH
17248,LIRF,LFPG
17249,KSNA,KOAK
17250,KBNA,KSAN
17251,NZHN,NZWN
17252,KPHL,KISP
17253,KSEA,CL36
17254,KTYS,KORD
17255,KMSP,KORD
17256,EDDH,LSZH
17257,LEMG,EBCI
17258,KFLL,KMSP
17259,KPHX,KHHR
17260,KCCR,KRHV
17261,EDDF,ESSA
17262,KLAS,KSNA
17263,KDTW,KMDW
17264,EKCH,LOWW
17265,KORD,KCMH
17266,KCNO,KCMA
17267,KATL,KIAD
17268,CYYZ,CYVR
17269,KISP,03NY
17270,KSAT,KPHX
17271,EDDM,ELLX
17272,KBUR,KSJC
17273,LFPO,LIRF
17274,LFPO,LIRF
17275,VT22,VT48
17276,ENVA,ENGM
17277,KCLT,4VA1
17278,KDTW,KBUF
17279,KPHX,KSEA
17280,KSFO,KLAS
17281,SBGL,SBCO
17282,LPPT,LPPR
17283,ENGM,ESMS
17284,KPDX,KLAS
17285,KSDF,KDFW
17286,KDEN,KPSP
17287,KMIA,KSTL
17288,LEAL,ESSA
17289,KMSP,KIAD
17290,KMVY,KJFK
17291,KLAX,KORD
17292,KVIS,KOAK
17293,LFPG,LTBA
17294,KATL,KSNA
17295,KBOI,KSEA
17296,EDDH,EDDF
17297,LDZA,LOWW
17298,KFFZ,KA39
17299,KLAS,KATL
17300,EGLL,ESSA
17301,KDTW,KIAD
17302,KORD,KSTL
17303,KPHX,KSFO
17304,KATL,KATW
17305,KLAX,KDFW
17306,KDFW,KMCI
17307,KPDX,KOAK
17308,KMVY,KBOS
17309,EVRA,ENGM
17310,KSDF,KORD
17311,KPHF,KPHL
17312,KDEN,KHHR
17313,KSDL,KFFZ
17314,CYYZ,CYOW
17315,KNSE,KGZH
17316,EDDM,LEMD
17317,KAPA,KBJC
17318,KFAT,KLAS
17319,KPHX,KATL
17320,KMSP,KBOS
17321,TJSJ,KIAD
17322,KHMT,KSEE
17323,KLAX,KATL
17324,LEMD,LFPO
17325,KAUS,KPHL
17326,KLAS,KCMH
17327,KVNY,9CA0
17328,KBOI,KPHX
17329,KATL,KHHR
17330,LEIB,LEPA
17331,KDFW,KSTL
17332,KNSE,KGZH
17333,KSAN,KPDX
17334,KONT,KDAL
17335,KBOS,KMCO
17336,KPSP,KPHX
17337,EHAM,LOWW
17338,KDTW,KEWR
17339,CYKA,CYYC
17340,KORD,KABQ
17341,LIME,EGSS
17342,KBNA,KPHX
17343,KLEB,KTEB
17344,KGYR,AZ05
17345,EGPH,EGBB
17346,CYYC,CYUL
17347,KBGM,KDTW
17348,LTFJ,OMDB
17349,KFAY,KATL
17350,GA53,0GE4
17351,KADS,KF69
17352,KSFO,KDAL
17353,KSFO,KSAN
17354,KPHX,KDAL
17355,LEMD,LEPA
17356,LPFR,EGCC
17357,KDEN,KSEA
17358,EKBI,EKSB
17359,LFPO,LEMD
17360,KFTW,K50F
17361,KONT,KSEA
17362,KBJC,KAPA
17363,KMSP,KMDW
17364,EGCC,LPPT
17365,EDDH,LEPA
17366,LEBL,LPPT
17367,KSJC,KTEB
17368,KDEN,KMSP
17369,KPDX,KORD
17370,KORD,KMSP
17371,EGLL,LEBL
17372,EDDL,EDDM
17373,VIDP,OMDB
17374,LTFJ,EGSS
17375,KPHL,KATL
17376,LFBO,LFPO
17377,KSDL,KSNA
17378,KMSP,KSTL
17379,CYUL,CYYZ
17380,KPHX,KSEA
17381,KEWR,KMCO
17382,KAUS,KJFK
17383,KMCI,KLGA
17384,KFLL,KORD
17385,KPHL,VG64
17386,KJFK,SKBO
17387,KORD,KCMI
17388,KATL,KOKC
17389,KJWY,KGPM
17390,KCLT,KLAS
17391,KSEA,KSFO
17392,LSZH,LOWW
17393,KDEN,KBTF
17394,KTEB,KAPA
17395,KAJO,KCNO
17396,EDDH,LOWW
17397,KMSN,KJVL
17398,KPHX,KPSP
17399,KDTW,KCVG
17400,KAUS,KABQ
17401,LEBL,LEPA
17402,KMIA,KPHX
17403,KONT,KVUO
17404,VOMM,VABB
17405,KRDU,KBWI
17406,KECP,KATL
17407,KPHL,KDAY
17408,KATL,KMKE
17409,KPWT,KBFI
17410,KCMH,KPWK
17411,KPSP,KSNA
17412,KPHX,KMDW
17413,KDAY,KATL
17414,KSDF,KPDX
17415,KLNK,KMSP
17416,KCJR,KHEF
17417,EBMB,LOWW
17418,TXKF,KJFK
17419,KSAN,KSFO
17420,KDTW,KFLL
17421,ESSB,ESMS
17422,KLAX,KSEA
17423,KPWK,KPTK
17424,KONT,KPHX
17425,KATL,KDFW
17426,KMIA,KCMH
17427,YMML,YPPH
17428,KDAL,KTUL
17429,KPHL,VT12
17430,KORD,KGRR
17431,KBUR,KPHX
17432,KBWI,KBOS
17433,SBGR,SBSP
17434,KMDW,KLAX
17435,KONT,KLAS
17436,LPMA,LPPT
17437,LZKZ,LKPR
17438,SSJC,SBSP
17439,LPPR,LSGG
17440,KLAX,KSFO
17441,CYXE,CYYZ
17442,KPDX,KSEA
17443,EGLL,EDDH
17444,KTYS,KDEN
17445,K1G4,KLAS
17446,KDEN,KJFK
17447,KMIA,SPJC
17448,KNZY,KNUC
17449,KSTL,KCLT
17450,KBNA,KIAD
17451,KSAN,KBFI
17452,KGEU,18AZ
17453,KSNA,KLAS
17454,KFRG,49NY
17455,EGPH,EGLC
17456,KORD,CYUL
17457,K1G4,KLAS
17458,KDEN,KPHX
17459,EDDF,EDDM
17460,KCLT,KIAD
17461,KSDF,KIAD
17462,KSEA,KGEG
17463,KDFW,KLGA
17464,KPWT,WA42
17465,KPWK,KENW
17466,LEPA,EKCH
17467,LFPG,EDDL
17468,KORD,KSAT
17469,LFPG,LIMC
17470,CYYJ,CYPK
17471,ENBR,ENGM
17472,IL38,KARR
17473,KDAL,KSAN
17474,K12J,KNSE
17475,KATL,KSLC
17476,LSZM,LPPT
17477,KPHX,KSNA
17478,KSNA,KSEA
17479,KATL,KIAD
17480,KDEN,KSBP
17481,KLAS,KSJC
17482,KLGA,KORF
17483,KRYY,KCZL
17484,KORL,KPHL
17485,KSYR,KROC
17486,LPPT,EHAM
17487,KDFW,KMCO
17488,EHAM,LEIB
17489,KBED,KFXE
17490,KPHX,KVUO
17491,KSDL,KGEU
17492,KATL,KBNA
17493,KMIA,KMSP
17494,NZWN,NZHN
17495,KTUS,KPHX
17496,CYWG,CYYC
17497,NZCH,NZNV
17498,KATL,KSRQ
17499,KPHL,KCLT
17500,SBVT,SBRJ
17501,KSEA,KSAN
17502,ENZV,EKCH
17503,KGYR,KGEU
17504,KDTW,AL18
17505,NZTG,NZWN
17506,CYYC,CYVR
17507,KBNA,KMIA
17508,KORD,KDFW
17509,KMDW,KSRQ
17510,KATL,KDCA
17511,KSAN,KSDF
17512,KDEN,KORD
17513,KSFO,KLAX
17514,KPHX,KSEA
17515,KMCI,KMDW
17516,KCMH,KDTW
17517,EDDF,EPWA
17518,KPRC,KPHX
17519,K1G4,KLAS
17520,EHAM,GMTT
17521,CYQQ,CYYC
17522,KI69,45OH
17523,KATL,KOKC
17524,KDTW,KCLT
17525,KBUR,KOAK
17526,LOWW,LROP
17527,KLNC,KRBD
17528,KPHX,KSAN
17529,KFLL,KATL
17530,KVIS,KFAT
17531,KSDF,KDAL
17532,KLAN,KDTW
17533,K1G4,KLAS
17534,LFMN,LFPO
17535,KDEN,KBFI
17536,UKBB,EDDP
17537,LEBL,EHEH
17538,LFBO,LFML
17539,KSFO,KEWR
17540,LPPT,EDDM
17541,NZCH,NZAA
17542,KMIA,KEWR
17543,UUEE,ULLI
17544,LHBP,EDDP
17545,KATL,KRDU
17546,LIRF,ELLX
17547,KPHL,KMSP
17548,LFPO,LFBO
17549,KCXY,KLNS
17550,KDEN,KATL
17551,PAEN,PANC
17552,LEMG,ESSA
17553,KSTL,KPHL
17554,K50F,KFTW
17555,KCLT,KCMH
17556,EGJJ,EGNX
17557,KFFZ,KA39
17558,LEIB,LEBL
17559,KATL,KCVG
17560,KSEA,KLAX
17561,KHPN,KMMU
17562,TXKF,KTEB
17563,KDAY,KDTW
17564,PAEN,PANC
17565,ENGM,EDDV
17566,KATL,KPHL
17567,LFML,LFPO
17568,KBOI,KU70
17569,OTHH,VIDP
17570,KVIS,KOAK
17571,KLAS,KMSP
17572,LPFR,EIDW
17573,KMCI,KBOS
17574,KCLT,KEWR
17575,KIND,KIAD
17576,LFBD,LFPG
17577,KBDN,35OR
17578,KFFC,64GA
17579,KORD,KBNA
17580,LSGG,LSZH
17581,LSZH,EKCH
17582,KDEN,KATL
17583,EHAM,EPWA
17584,EHAM,LFPG
17585,KF70,54CL
17586,KEWR,KLDJ
17587,KDBQ,KORD
17588,KLAS,KPHX
17589,KMSP,KPHL
17590,KATL,KDAY
17591,SBBR,SBGR
17592,LFPO,LFML
17593,LPPT,LFPO
17594,KSTL,KBNA
17595,EDDF,EKCH
17596,LIMC,LICZ
17597,KMKE,KDFW
17598,KABQ,KLAX
17599,KCLT,KATL
17600,KRNM,KSEE
17601,KOMA,KMSP
17602,KPWT,KBFI
17603,KATL,KPHL
17604,CYYC,CYVR
17605,KDAL,KSDL
17606,KORD,CYYZ
17607,KMSP,KDCA
17608,KATL,KDEN
17609,SBRJ,SBSP
17610,KJZP,KPDK
17611,45OH,KI69
17612,LFBD,LFML
17613,KMSN,KDTW
17614,KSBA,KLAX
17615,KLAS,KTUS
17616,UKBB,EVRA
17617,KRLD,KSEA
17618,EGLL,LSZH
17619,KCLT,KEWR
17620,LPPT,LFPO
17621,LIMC,EGGW
17622,KWDR,KPDK
17623,LEMD,LEIB
17624,KOMA,KLAS
17625,KPDX,KSFO
17626,KBOS,KCLT
17627,KBDN,50OR
17628,KDEN,KMSP
17629,KPRC,19AZ
17630,LFKJ,LFML
17631,KBNA,KATL
17632,KSJC,KLAX
17633,KCLT,KORD
17634,K61B,K0L7
17635,KPAO,KLVK
17636,EPKK,EPGD
17637,KSTL,KRDU
17638,KSNA,KDFW
17639,KBFI,KORS
17640,KORD,KLGA
17641,KSFO,KBOS
17642,KCCB,KPOC
17643,EINN,EIDW
17644,KSLC,KJFK
17645,KHHR,KLGB
17646,KOAK,KSEA
17647,KMSN,KDFW
17648,KEUL,08ID
17649,KEUL,08ID
17650,KRNM,KSEE
17651,LEBL,EDDP
17652,KCLT,KRDU
17653,KDEN,KBWI
17654,KPHL,KSTL
17655,EGAA,EGNX
17656,KPHX,KRDU
17657,KATL,KDFW
17658,KBNA,KDEN
17659,YMML,YPPH
17660,NZWN,NZCH
17661,LFPG,LIMC
17662,EGPE,EGKR
17663,KATL,KHPN
17664,KCOS,KBJC
17665,KMSP,KOMA
17666,KDFW,KSFO
17667,KMKC,KTEB
17668,KVPS,KATL
17669,KPHX,KORD
17670,KDAL,KSNA
17671,KMDW,KLUK
17672,KSFO,CYVR
17673,NZAA,NZWN
17674,KOAK,KMDW
17675,KSNA,KPDX
17676,KCLT,KCMH
17677,KECP,KDFW
17678,VHHH,RCTP
17679,KSAN,KBNA
17680,KLGA,KCMH
17681,KAPA,KMKC
17682,KDFW,KONT
17683,KRDU,KLGA
17684,OL23,KRVS
17685,KLAX,KMSP
17686,KPDX,KDAL
17687,KBOI,KORD
17688,KDEN,KSLC
17689,LEBL,LROP
17690,KSTL,KMKE
17691,LIBD,LIME
17692,KCMI,KORD
17693,UUEE,EVRA
17694,EDHI,LFBO
17695,KEMT,KVNY
17696,LEBL,LEMD
17697,LIME,LIBR
17698,CYYZ,CYQB
17699,KDEN,KLGA
17700,KBJC,KAPA
17701,LFPG,LOWW
17702,KLAS,KDFW
17703,EGLL,LOWW
17704,KSLC,KORD
17705,KBNA,KMCO
17706,NZAA,NZOI
17707,YMML,YPAD
17708,KBOI,KSJC
17709,KDFW,KC15
17710,KTEB,KPDK
17711,KMSP,KPHX
17712,KSAC,KSBP
17713,LEMG,LFPO
17714,LFBO,LFFI
17715,CYVR,CYYZ
17716,KSBA,KOXR
17717,KABQ,KORD
17718,KDAL,KOMA
17719,KTPA,KRFD
17720,KLAX,KSFO
17721,KPRC,KPHX
17722,EPGD,ESGG
17723,KATL,KBWI
17724,SBBR,SBKP
17725,KCLT,KDCA
17726,KSJC,KBOI
17727,KU77,KPVU
17728,KIND,KORD
17729,OERK,OBBI
17730,LEPA,LEBL
17731,KSEA,KBOI
17732,KRDU,KCLT
17733,KSAN,KPHX
17734,EINN,EIDW
17735,EHAM,UUEE
17736,OL23,KRVS
17737,KHOU,KLAX
17738,KMSN,KORD
17739,KSFO,KSEA
17740,KFLL,KDTW
17741,KPHX,KLAX
17742,ULMM,UUEE
17743,LTFJ,EDDK
17744,KDCA,KCLT
17745,SKBO,KMIA
17746,KSAN,KMCI
17747,KSEA,KPHX
17748,KLAS,KLAX
17749,KBOS,KPHL
17750,KSJC,KSAN
17751,KJFK,KMCO
17752,LEBL,LOWW
17753,KEWR,KDCA
17754,KPNS,KDFW
17755,KPDX,KMDW
17756,TJSJ,KMIA
17757,KSNA,KLAS
17758,KLAS,KORD
17759,LPPD,LPPT
17760,KTDF,KRDU
17761,EBMB,LIML
17762,EKCH,EKYT
17763,LFPG,EGSS
17764,KSTL,KORD
17765,KSJC,KLAS
17766,LFPO,GMMN
17767,KBUR,KPHX
17768,4WA9,KPWT
17769,KCHD,KDVT
17770,KSBP,KDFW
17771,KORD,KDCA
17772,KMCI,KPHX
17773,KSLC,KLAX
17774,EPKK,LIME
17775,KOAK,KLAX
17776,LIMC,LIRF
17777,KDCA,KATL
17778,3AZ2,KFFZ
17779,KMDW,KBNA
17780,KPHX,KLAS
17781,EGSS,EDDB
17782,KBOS,KMVY
17783,KPDX,KSJC
17784,CYVR,CYYZ
17785,KATL,KORD
17786,EGGD,EGAA
17787,KSEA,KONT
17788,KAUS,KDEN
17789,KSQL,CL77
17790,KLGA,KDFW
17791,LPPR,LFPO
17792,KRDU,KATL
17793,KSNA,KOAK
17794,KLAS,KBUR
17795,KHWV,KFRG
17796,KDAL,KSTL
17797,SBVT,SBKP
17798,KBOS,KJFK
17799,EHAM,EDDF
17800,KATL,KBWI
17801,KHOU,KDAL
17802,KSRQ,KPHL
17803,ESSA,LOWW
17804,KGXY,KBJC
17805,KSMO,KVGT
17806,LPPT,LFPO
17807,KLAX,KORD
17808,PANC,KSEA
17809,KMIA,KATL
17810,KDFW,KLAS
17811,LIPZ,EGSS
17812,KSEA,KBLI
17813,OL23,KRVS
17814,KLGB,KSNA
17815,PAEN,PANC
17816,5LL5,KLAS
17817,CYUL,KCLT
17818,KDEN,KMCI
17819,KSNA,KORD
17820,KMSP,KIAD
17821,LIMC,LEBL
17822,KATL,KGRB
17823,KCRQ,KSDL
17824,KAPA,KAPC
17825,LFOB,LPPR
17826,YMML,YPPH
17827,LEMD,LFPO
17828,KRDU,KFLL
17829,KLHM,KPAO
17830,LEIB,LEPA
17831,KLAX,KFLL
17832,ENVA,ENGM
17833,KATL,KEWR
17834,96WA,KPAE
17835,KDAL,KATL
17836,KPDX,KSEA
17837,EGAA,EGNX
17838,LSZH,LYBE
17839,KPVD,KIAD
17840,ENKJ,ENHA
17841,EHAM,LIPZ
17842,LSZM,EDDP
17843,KDFW,KJFK
17844,SPST,SPOL
17845,KPHX,KFAT
17846,KATL,KABE
17847,KIAH,KMIA
17848,ULLI,UUEE
17849,ESSA,LEAL
17850,EDDF,EDDM
17851,LEPA,LOWW
17852,CYCD,CYYC
17853,KPHL,KCLT
17854,KVPS,KDFW
17855,KLAX,KSFO
17856,KBNA,KDFW
17857,ESGG,LIME
17858,LFPG,EDDM
17859,KEWR,KTEB
17860,SKBO,SPJC
17861,KADS,KF69
17862,UUEE,LYBE
17863,KCLT,KHPN
17864,KSTL,KORD
17865,36AZ,KIWA
17866,KDFW,KDEN
17867,CYYZ,KIAD
17868,KABQ,KPHX
17869,NZPM,NZCH
17870,KADS,TS11
17871,KMDW,KSTP
17872,KBWI,KMSP
17873,KCLT,KPHX
17874,KCHD,KDVT
17875,KSDF,KDEN
17876,EHAM,LIRF
17877,VHHH,RPLL
17878,KFAT,KSJC
17879,LIMC,EGLL
17880,KRDU,KISO
17881,SSJC,SBGR
17882,KLAX,KMCI
17883,EDDF,LDZA
17884,KSTL,KDCA
17885,CYYJ,CYYC
17886,LFPG,LIQL
17887,KSAN,KSEA
17888,EHAM,LPPT
17889,KEWR,KBUF
17890,KSEE,1CA6
17891,KTEB,KPHL
17892,KSRQ,KBWI
17893,EBMB,GMTT
17894,LIRA,LIML
17895,KCMH,KEWR
17896,KCLT,KSDF
17897,KMCI,KPHL
17898,IA01,KMLE
17899,EGGW,EPKK
17900,KBOS,KMIA
17901,EGCC,EGPD
17902,KORD,KHSV
17903,LIEE,LIRA
17904,PAEN,PANC
17905,EHAM,UKBB
17906,EDDH,EKCH
17907,KGXY,KLMO
17908,KSMO,KCMA
17909,KGRR,KLAS
17910,KORD,KROC
17911,EHAM,LFBD
17912,KPHL,KMSP
17913,LOWW,ELLX
17914,NZRO,NZWN
17915,ENGM,EKCH
17916,KLGA,KIAD
17917,LEVX,LEMD
17918,KSMF,KATL
17919,EBMB,LIMC
17920,ESKN,EPWA
17921,LFPG,LYBE
17922,EHAM,LIPE
17923,KBNA,1TN0
17924,KRDU,KMCO
17925,EDDF,ESSA
17926,KATL,KMDW
17927,KAUS,KFLL
17928,LPPT,LFPG
17929,KJFK,KIAD
17930,42VT,KIAD
17931,EGGW,EPWR
17932,KCLT,KOMA
17933,KSPB,KTTD
17934,KSFO,KAUS
17935,LIMC,EDDB
17936,KORD,KPVD
17937,UUWW,ULLI
17938,EDDF,EVRA
17939,EGBB,EGAC
17940,KVNY,KSJC
17941,KPSP,KSFO
17942,KSEA,KSFO
17943,EHAM,LSGG
17944,KMCI,KDEN
17945,VOBL,VIDP
17946,OL23,KRVS
17947,KMSP,KPDX
17948,KAPA,KSUS
17949,KCLT,KSYR
17950,KSDF,KPDX
17951,LHBP,LOWW
17952,KPHX,KSNA
17953,KOMA,KLXT
17954,KFFZ,KE63
17955,NZCH,NZWN
17956,CYYZ,KORD
17957,KCOE,KSDL
17958,KSAN,KMSP
17959,KDFW,KCVG
17960,EHAM,LOWW
17961,KPWK,KDTW
17962,KLGA,KCLT
17963,KDTW,KDCA
17964,KPVD,KATL
17965,EBMB,EDDB
17966,KBOS,KDFW
17967,KGEG,KVUO
17968,KBWI,KRDU
17969,KAUS,KEWR
17970,LPPR,LEMD
17971,KSDL,KLAS
17972,KDCA,KMKE
17973,ID23,KCOE
17974,KATL,KMSN
17975,LPPT,LSGG
17976,LFPG,EGBB
17977,CYUL,KIAD
17978,KABQ,KDFW
17979,KTEB,KBNA
17980,KDFW,KHSV
17981,K33N,KMIV
17982,KLAS,KCLT
17983,LKPR,EGSS
17984,KSEA,KBOI
17985,KMKC,KTUL
17986,KMDT,KIAD
17987,LEPA,LEIB
17988,KMHR,KMOD
17989,KPHL,KIAD
17990,KCLT,KMSN
17991,EGAA,EGGW
17992,KSEA,KSJC
17993,KDEN,KSAN
17994,KCLT,KPVD
17995,LIRA,LIPZ
17996,KLAX,KCMH
17997,KMKC,KAPA
17998,KABQ,KBTF
17999,LFBD,LFML
18000,EHAM,EDDB
18001,KRDU,4NC7
18002,KPHX,KPAE
18003,KAVQ,AN01
18004,KDAL,KTUL
18005,EGGD,EGNT
18006,EHAM,LEMD
18007,KSAT,KATL
18008,KPDX,KORD
18009,KDFW,KDEN
18010,LFPG,LFRJ
18011,KBOS,KCLT
18012,LIMC,LOWW
18013,KLAX,KSFO
18014,KHSV,KPDK
18015,NZAA,NZWN
18016,KSLC,KLAS
18017,LFPB,LFML
18018,KVNY,KBFI
18019,KPHX,KORD
18020,KPHL,KOPF
18021,KCLT,KSTL
18022,KORD,KSYR
18023,LFBO,LFSS
18024,KMDW,KMSP
18025,KSJC,KSLC
18026,LIBR,LIPE
18027,LPPT,LFBO
18028,EDDF,LPPT
18029,VHHH,RJAA
18030,KITH,KIAD
18031,KBOS,KPVC
18032,CYVR,CYYC
18033,KFAT,KSMO
18034,KCLT,KMSP
18035,KJFK,KMIA
18036,KLAS,KORD
18037,KLAX,KLAS
18038,KSTL,KLAS
18039,TJSJ,KATL
18040,LFPG,EKCH
18041,KORD,KABE
18042,KSAT,KDAL
18043,EGGW,EPWA
18044,KBNA,KBOS
18045,VHHH,RCTP
18046,KATL,KPNS
18047,LIME,EDDB
18048,KFRG,KLDJ
18049,EHEH,LEMG
18050,KRDU,KEWR
18051,LIRF,EPWA
18052,ESSA,EKCH
18053,KATL,KMDT
18054,KDFW,KLAX
18055,KGEG,KSEA
18056,NZTG,NZAA
18057,KTTD,WA63
18058,EDDF,LEMD
18059,EDDF,LSZH
18060,LEPA,LEIB
18061,KSEA,KSFO
18062,LPPR,LFPO
18063,LPPT,EBBR
18064,NZAA,NZCH
18065,KBOS,KMDW
18066,EHAM,EGBB
18067,KATL,KECP
18068,K61B,K1G4
18069,KSAN,KMDW
18070,LFPG,EDDK
18071,KLAS,KMDW
18072,KOAK,KPDX
18073,KDFW,KSEA
18074,KATW,KIWA
18075,KSFO,KSEA
18076,LPFR,EGKR
18077,LEBL,LEIB
18078,KJFK,KATL
18079,KLGB,KHHR
18080,LFPG,LEMD
18081,K61B,K1G4
18082,KEWR,KCLT
18083,SSJC,SBKP
18084,KDCA,KORD
18085,KTYS,KBNA
18086,K61B,K1G4
18087,EVRA,UUWW
18088,EDDF,EHAM
18089,KTUL,KLAS
18090,KRDU,KHNZ
18091,LPPR,LPPT
18092,LPPT,LEMD
18093,KSDF,KOAK
18094,KMSP,KOMA
18095,EHAM,ESSA
18096,KSTL,44IS
18097,KORF,KJFK
18098,LIMC,ELLX
18099,KLGA,KIAD
18100,EDDF,EPWR
18101,KSEA,KPDX
18102,KEWR,KDEN
18103,KDAY,KIAD
18104,EPWA,LFPG
18105,KLAX,KPHX
18106,NZTE,NZCH
18107,KBWI,KORD
18108,KBNA,KPDK
18109,ENGM,ENZV
18110,KCLT,KLGA
18111,LFPG,EDDF
18112,KDEN,KCVG
18113,KEDU,KMCC
18114,KSEA,KOAK
18115,KATL,KEWR
18116,KTEX,KAPA
18117,KLAX,KDCA
18118,EHAM,LDZA
18119,KJNX,KRDU
18120,KDCA,KBOS
18121,KHMT,KSEE
18122,KFWS,K9F9
18123,KTEB,KHPN
18124,KPDX,KLAS
18125,KPHX,KEWR
18126,LPPR,LFBO
18127,LHBP,LKPR
18128,LFPB,LSZB
18129,KMHT,KIAD
18130,KRDU,KSTL
18131,VIDP,VHHH
18132,KBWI,KDAL
18133,LTFJ,LTFE
18134,LPPT,EGCC
18135,LEBL,LFPO
18136,EBMB,EKCH
18137,KORF,KATL
18138,LKTB,LKPR
18139,KLAX,KSFO
18140,ENVA,ENGM
18141,VOBL,VABB
18142,KCOS,KAPA
18143,LOWW,UUEE
18144,KEWR,KATL
18145,KSFO,KATL
18146,KLAS,KSEA
18147,LKMT,EDDP
18148,KOPF,KFXE
18149,CYVR,KBFI
18150,EHAM,EFHK
18151,LEMG,ESSA
18152,NZCH,NZAA
18153,KSAT,KDAL
18154,KHOU,KPHX
18155,EFHK,ESMS
18156,KCLT,KSRQ
18157,KMCI,KORD
18158,ESSA,ESGG
18159,KLAX,KORD
18160,KTEB,KBNA
18161,KSAN,KSFO
18162,KPHX,KSEA
18163,NZAA,NZCH
18164,KMDW,KRDU
18165,CYYZ,KIAD
18166,KSEA,KDFW
18167,EBMB,LPPR
18168,KTDF,KRDU
18169,LEAL,EGSS
18170,KCLT,KBOS
18171,LEIB,EHAM
18172,KATL,KMIA
18173,KTYS,KIAD
18174,KJFK,KFLL
18175,KAUS,KLAX
18176,EHAM,LIML
18177,TJSJ,KEWR
18178,LIME,EDDF
18179,EDDF,ESGG
18180,KA39,KCHD
18181,KORD,KMDT
18182,KDEN,KSEA
18183,KATL,KPHL
18184,EHAM,ENZV
18185,EGPD,EGNX
18186,KSAN,KLAS
18187,KJNX,KRDU
18188,NZCH,YSSY
18189,KHPN,KPWK
18190,KBWI,KLAS
18191,KOKB,KF70
18192,CYXE,CYYZ
18193,KRDG,KLNS
18194,KJFK,KCLT
18195,LFPG,LPPT
18196,KTEB,KROC
18197,KSTL,KDTW
18198,KATL,KVPS
18199,KFTY,KDAL
18200,LEBL,LOWW
18201,KBUF,KMDW
18202,EPWA,EDDK
18203,KOKC,KLAS
18204,KDCA,KJFK
18205,EHAM,EGPH
18206,EDDF,LPPR
18207,LPPT,LPPD
18208,UMMS,UUWW
18209,KCLT,KIAD
18210,KATL,KLAS
18211,KLAX,KLAS
18212,KBOS,KDCA
18213,KRDU,KBOS
18214,SBSP,SBCO
18215,KORD,KLGA
18216,YMML,YPAD
18217,LFPG,LIML
18218,EFOU,EFHK
18219,KCLT,KTYS
18220,KORD,KDEN
18221,KDFW,KMIA
18222,WA09,KBFI
18223,KGEG,KSEA
18224,CYVR,KSAN
18225,CYYZ,KDPA
18226,KFAT,KLAX
18227,KJFK,VG64
18228,KORF,KDFW
18229,CYOW,CYYZ
18230,KTPA,KEWR
18231,EDDF,LHBP
18232,KPDX,KLAX
18233,KSEA,KMSP
18234,KORD,KSYR
18235,KLAX,KSEA
18236,KSTL,KLAS
18237,KPHL,KMCO
18238,LPFR,EIDW
18239,LFPG,LSZM
18240,KBED,KLEB
18241,EHAM,EGLL
18242,LEBL,LEIB
18243,LFPG,LEBL
18244,KBOS,KFLL
18245,LTFJ,EKCH
18246,NK43,KIAD
18247,NZAA,NZWN
18248,KVNY,KFLL
18249,OI34,7OA7
18250,EBMB,LFBO
18251,KCLT,KJFK
18252,KORD,KDEN
18253,KFFZ,KA39
18254,KDFW,KATL
18255,OTHH,VOMM
18256,KEWR,KMSP
18257,K61B,KU30
18258,KRDU,KJFK
18259,KPHX,KTUL
18260,CYYJ,CYYZ
18261,CYYZ,CYVR
18262,KLAS,KONT
18263,KAUS,KORD
18264,LFML,LFKJ
18265,EDDF,LEBL
18266,EHAM,ENGM
18267,KRNT,KS50
18268,KSAT,KORD
18269,KTEX,KSNA
18270,KTKI,KGPM
18271,KORD,KBUF
18272,LPPT,LIRF
18273,SBKP,SBBR
18274,EGLC,ELLX
18275,SBGR,SBBR
18276,LFPG,LIPZ
18277,4TX4,TS00
18278,KDEN,KBTF
18279,KCLT,KBWI
18280,LHBP,EIDW
18281,KCLT,KECP
18282,LEBL,DAAG
18283,KORD,KDTW
18284,ULLI,UUEE
18285,KLAS,KOAK
18286,EPGD,ESGG
18287,KHND,K1L3
18288,LHBP,EDDB
18289,CA66,KPAO
18290,KOKC,KPWA
18291,KEWR,KMCO
18292,KSEA,KPDX
18293,KDCA,KPVD
18294,KDCA,KEWR
18295,EHAM,ENBR
18296,KDEN,KLAS
18297,KTEB,KFLL
18298,KORD,KDFW
18299,LEMG,LEPA
18300,EBMB,LEBL
18301,KATL,KLAS
18302,SBRJ,SBGR
18303,KA39,KCHD
18304,KNUC,KNZY
18305,KBWI,KATL
18306,KMDW,KPVD
18307,KDAL,KBNA
18308,KPDX,KATL
18309,LIME,EDDK
18310,80WA,KPAE
18311,KORD,K9G2
18312,KMCI,KSAN
18313,EHAM,LEMD
18314,KSEA,KMDW
18315,KDEN,KABQ
18316,KAUS,KMSP
18317,2OA4,KOSU
18318,KSNA,KAPC
18319,KCPU,KE45
18320,KORD,KRDU
18321,LFML,LFKB
18322,KAWO,96WA
18323,KSFO,KPHX
18324,KSMF,KDFW
18325,KGPI,KORD
18326,LFBD,LFPG
18327,CYYJ,CYCD
18328,KORD,KDTW
18329,EHAM,LSZH
18330,OBBI,VABB
18331,LEBL,LOWW
18332,KOXR,KSBP
18333,KORD,KDFW
18334,KATL,KMSP
18335,PAEN,PANC
18336,EFHK,LEMG
18337,KCMA,KVNY
18338,KSNA,KAPA
18339,KTEX,KDEN
18340,LEMG,ESSA
18341,KORD,KBUF
18342,KANE,KFCM
18343,KTDF,KRDU
18344,EHAM,EKCH
18345,LPPT,EIDW
18346,KLAS,KBLI
18347,KEWR,KRDU
18348,EDDF,EPKK
18349,KDAL,KPHX
18350,KAUS,KDAL
18351,KBOS,KDCA
18352,K1G4,KLAS
18353,KORF,KCLT
18354,EGCC,EGAA
18355,KSFO,KABQ
18356,SBSP,SBRJ
18357,K47A,4GA0
18358,KRFD,KPDX
18359,KIAD,CYUL
18360,KRNM,KMYF
18361,KLAS,KDFW
18362,LFPG,ESSA
18363,LPPD,LPPT
18364,LFPG,LIMC
18365,KORD,K8C4
18366,KSEA,KPHX
18367,KSAT,KDEN
18368,KFRG,5CT7
18369,KVNY,KPHX
18370,KHIO,19WA
18371,KSDF,KFAT
18372,KPNS,KATL
18373,KLZU,KGVL
18374,KE63,KDVT
18375,KBWI,KBNA
18376,EGKK,LEBL
18377,KSLC,KLAX
18378,LEMG,EGNX
18379,KSMO,97CA
18380,KDTW,KMCO
18381,KHWD,KOAK
18382,SBRJ,SBCO
18383,KSMF,KLAX
18384,KMCI,KMIA
18385,KORD,KMSN
18386,KTIW,KPAE
18387,KBOS,KIAD
18388,CYYC,CYWG
18389,KCLT,KLAX
18390,EDDF,EKCH
18391,KPDX,KDFW
18392,KLAS,KSEA
18393,KAVP,KCLT
18394,KLAX,KTUS
18395,EVRA,EIDW
18396,KORD,KGRB
18397,VOMM,VIDP
18398,VOBL,VECC
18399,KPHX,KSAN
18400,KORL,KOMA
18401,LEBL,LEMH
18402,KLGB,KCMA
18403,EHAM,LHBP
18404,EHAM,LEBL
18405,KATL,KLGA
18406,SBSP,SSBZ
18407,KOMA,KORD
18408,KGRB,WI81
18409,KEWR,KFLL
18410,KMDW,KHHR
18411,PANC,KSEA
18412,LSZM,LEBL
18413,KLAX,KMDW
18414,SBRJ,SBBR
18415,KSNA,KSJC
18416,KAUS,KOAK
18417,KTUL,KDEN
18418,KSEA,KLAS
18419,KORD,KSEA
18420,KCLT,KLGA
18421,ULLI,UUDD
18422,EDDB,EKCH
18423,EDDF,UUEE
18424,KABQ,KLAX
18425,EGKK,EIDW
18426,KLAS,KDTW
18427,KDTW,KPIT
18428,EDDF,UKBB
18429,KATL,KFLL
18430,KATL,KDTW
18431,EDDF,EETN
18432,KCLT,KABE
18433,SBKP,SBCO
18434,EHAM,EGCC
18435,KDCA,KROC
18436,CYYC,KDFW
18437,EHAM,LSGG
18438,KHYA,KBOS
18439,OMDB,OBBI
18440,KSEA,KLAS
18441,KCLT,KVPS
18442,CYXE,CYYC
18443,KSDF,KMCO
18444,EGPH,EGNX
18445,LEBL,GMTT
18446,EDDF,LKPR
18447,KMDW,KPHX
18448,KBOS,KRDU
18449,LTFJ,EDDK
18450,KSTL,KEWR
18451,KDCA,KCMH
18452,KSMF,KSEA
18453,KCMA,KCNO
18454,KORH,KTEB
18455,CYUL,CYYZ
18456,KSEA,KLAX
18457,EHAM,EBBR
18458,K47A,KLZU
18459,KORD,KLAX
18460,KVNY,KBUR
18461,KCMH,KTEB
18462,LSGG,LPPR
18463,KORD,KLGA
18464,LEPA,LEBL
18465,LTBA,EDDP
18466,KTEB,KDAL
18467,KMDW,KTEB
18468,EHAM,LLBG
18469,KSDF,KONT
18470,KLAS,KLAX
18471,KPWT,KPAE
18472,KSMF,KBUR
18473,KFHR,WN51
18474,KBWI,KBUF
18475,KTUL,KDFW
18476,EKCH,ESGG
18477,KONT,KPDX
18478,KATL,KSTL
18479,KHOU,KOKC
18480,EHAM,LKPR
18481,EBMB,LFML
18482,KPHX,KMSP
18483,OERK,OBBI
18484,KAUS,KLAS
18485,EDDF,LIMA
18486,KMDW,KSDF
18487,LFPG,LFBO
18488,LEPA,LEIB
18489,KDTW,KABE
18490,KRDU,KIAD
18491,KFOK,KHPN
18492,KBED,KHPN
18493,KPHL,KATL
18494,ESSA,LFPG
18495,KFFZ,KIWA
18496,ENVA,ENNM
18497,LEBL,LEPA
18498,KRVS,2OK4
18499,KADS,TX91
18500,KX50,KDAB
18501,KPHX,KABQ
18502,KATL,KCMH
18503,LPPT,LEMG
18504,KBOS,KMSP
18505,LFPG,EGLL
18506,KATL,KRDU
18507,KSJC,KLAX
18508,KORD,KOMA
18509,KSEA,KATL
18510,CYVR,CYYZ
18511,OMSJ,VIDP
18512,KOMA,KMDW
18513,KLAX,KATL
18514,KALB,KHPN
18515,EHAM,ELLX
18516,KFRG,KHWV
18517,LIMF,LIEE
18518,KHPN,KTTN
18519,KSBP,KSEA
18520,KMKC,KSUS
18521,KSFO,KDTW
18522,KLAS,KDAL
18523,UUWW,ULLI
18524,EDDK,LOWW
18525,EBMB,LPPT
18526,KDEN,KFAT
18527,ENZV,ENBR
18528,KSMF,KONT
18529,KEWR,KATL
18530,KCMA,KCNO
18531,KTEB,KPTK
18532,LEBL,LEMD
18533,LTFJ,LLBG
18534,KORD,KMDT
18535,ENVA,ENGM
18536,KSEA,KFAT
18537,KCHO,KIAD
18538,KAUS,KMIA
18539,CYOW,CYYZ
18540,KATL,KSAT
18541,KLAS,KSFO
18542,KSFO,KSNA
18543,KAUS,KLAX
18544,EHAM,ESGG
18545,LIME,LIEE
18546,KHPN,KLKP
18547,KSAN,KORD
18548,KBOS,KDTW
18549,KMLE,7NE6
18550,KLGB,KSNA
18551,EETN,ENGM
18552,NZHN,NZWN
18553,KLGA,KFLL
18554,KSRQ,KEWR
18555,ESSA,EDDP
18556,EHAM,EDDL
18557,KSEA,KORD
18558,KORD,CYYZ
18559,KLAX,KMDW
18560,KDCA,KBNA
18561,KSMF,KSJC
18562,KVNY,KEMT
18563,CYXE,CYVR
18564,KATL,KLAX
18565,KAUS,KSFO
18566,EDDB,LEBL
18567,KBNA,KEWR
18568,KCLT,KSTL
18569,KSEA,KGPI
18570,KDEN,KLAX
18571,KACK,KBOS
18572,EGKK,EGAA
18573,SPJC,SPST
18574,NZCH,NZWN
18575,KLAS,KBUR
18576,KSAC,KMOD
18577,KBOS,KLGA
18578,KORD,KORF
18579,KPDK,KTEB
18580,LEJR,LEMD
18581,EHAM,UUEE
18582,KHIO,18OR
18583,KPHX,KBUR
18584,KE16,KRHV
18585,CYXX,CYYC
18586,KHOU,KTUL
18587,LEBL,EGGP
18588,KPWK,K3CK
18589,LPPT,EGLL
18590,SBMT,SDCO
18591,KIAD,KJFK
18592,CO07,KBKF
18593,KBOS,KIAH
18594,LIPE,LEBL
18595,KLAS,KSAN
18596,CYVR,CYYJ
18597,UUDD,UNEE
18598,EHAM,EGPD
18599,KSEA,KDTW
18600,KSJC,KAPA
18601,KBNA,KPHL
18602,CYYZ,CYYC
18603,KORF,KIAD
18604,EDDF,LIQL
18605,EDDF,EFHK
18606,KMCI,KMCO
18607,LEZL,LEMD
18608,KDEN,KSEA
18609,KSDF,KBFI
18610,KATL,KORD
18611,EDDF,LFPG
18612,GMMN,LEMG
18613,KSAT,KDEN
18614,KORD,CYYZ
18615,KDEN,KSFO
18616,KORD,KIAD
18617,KONT,KSEA
18618,KDFW,KPHL
18619,KDFW,KSFO
18620,KPAE,KAWO
18621,KCRQ,KSNA
18622,KOAK,KLAS
18623,KORD,KPIT
18624,KEWR,KDTW
18625,EDDF,EDDH
18626,LSGG,EDDP
18627,EDDP,EGNX
18628,KSDF,KBOI
18629,LPPR,LEMD
18630,KSYR,KIAD
18631,EHAM,EDDB
18632,KTUS,KLAX
18633,WA09,KBFI
18634,KRDU,KMIA
18635,KCLT,KDAY
18636,LLBG,LROP
18637,LGAV,LIME
18638,KPHL,KMKE
18639,KJFK,KDCA
18640,VHHH,WSSS
18641,KBOS,KMCO
18642,LTAC,LTFJ
18643,KSFO,KLAX
18644,KIWA,KOAK
18645,CYYJ,CYYZ
18646,KLAS,KSNA
18647,EIDW,EGPF
18648,KBNA,KCLT
18649,KTYS,KORD
18650,KSJC,KDFW
18651,KDEN,KSNS
18652,KATW,KOJC
18653,LFPG,LFML
18654,EDDF,LFPG
18655,LFPO,LIQL
18656,KORD,KIAH
18657,KPDX,KBOI
18658,KOAK,KBTF
18659,KEWR,KCLT
18660,KLGA,KFLL
18661,EBBR,EGLL
18662,EHAM,LEBL
18663,KDEN,KMSP
18664,KBOS,KATL
18665,KSMF,KSEA
18666,VHHH,RCTP
18667,KDCA,KBUF
18668,NZPM,NZAA
18669,LSGG,LEPA
18670,KBNA,KLGA
18671,CYVR,KBFI
18672,K0J9,KLNK
18673,KDCA,KMSP
18674,LTFJ,LLBG
18675,KADS,KAPA
18676,KCLT,KMDT
18677,KLAS,KMKE
18678,LTAC,OTHH
18679,KDEN,KTUS
18680,KHOU,KBWI
18681,EGAA,EGNX
18682,KSJC,KSEA
18683,KJFK,KMIA
18684,KORD,KMCI
18685,EHAM,EKBI
18686,KFUL,KCRQ
18687,KDFW,KRDU
18688,KFAT,KSFO
18689,KATL,KORD
18690,KMIA,SKBO
18691,KEWR,KDFW
18692,KSNA,KSEE
18693,KLAS,KSJC
18694,EIDW,EGSS
18695,KCRQ,KL35
18696,KBNA,KDTW
18697,KIND,KEWR
18698,KPHL,AL16
18699,MA72,KBOS
18700,KABQ,KATL
18701,PAEN,PANC
18702,KDFW,KDAY
18703,EGLL,EIDW
18704,KYKM,KBFI
18705,KDEN,KEWR
18706,EDDF,EDDM
18707,KLGA,KDCA
18708,KMJX,KTTN
18709,KJFK,KMSP
18710,KFAT,KLAS
18711,KSNA,KAVX
18712,KOKC,KORD
18713,LFPO,LFKJ
18714,KLGA,KMCO
18715,EIDW,EGNX
18716,KBOS,KIAH
18717,SBGR,SBCO
18718,KDFW,KOKC
18719,KSFO,KAUS
18720,KEWR,KDTW
18721,KSEA,KGEG
18722,KORD,KPDX
18723,KDEN,KSAN
18724,EDDF,ENGM
18725,UUWW,ULLI
18726,KCGZ,KFFZ
18727,KPHL,KMIA
18728,LMML,EGSS
18729,EGPH,EGNX
18730,KIAH,KSFO
18731,KDAL,KLAS
18732,KATL,KSAN
18733,LFPG,LFBD
18734,KMCI,KSEA
18735,KORF,KPHL
18736,KDFW,KATL
18737,KSTL,KDEN
18738,LFBO,EBMB
18739,KSMF,KMDW
18740,LILB,LILV
18741,KORS,KAWO
18742,KDTW,KDFW
18743,EDDF,EIDW
18744,KORD,KLAS
18745,KLNK,KORD
18746,LPMA,LPPR
18747,EINN,EGNX
18748,KIAH,KSAT
18749,KATL,KDCA
18750,KDEN,KSLC
18751,NZAA,NZPM
18752,KPHL,KSWF
18753,VHHH,RCTP
18754,KSAN,KPHX
18755,KDEN,KDFW
18756,KOAK,KFAT
18757,KSMO,KCRQ
18758,CYWG,CYYC
18759,KORD,KTYS
18760,LPPT,LFBO
18761,KBOS,KMIA
18762,KDFW,KBNA
18763,KCLT,KMIA
18764,KLGA,CYUL
18765,KATL,KSAT
18766,LJLJ,EDDK
18767,KATL,KFLL
18768,KABQ,KPHX
18769,34MI,KORD
18770,KPHL,KATL
18771,KDEN,KPHX
18772,KDBQ,WI81
18773,LHBP,EDDP
18774,LEMD,LEIB
18775,KSNA,KSJC
18776,LIEE,LIMC
18777,KIAH,KSAN
18778,SBGR,SBBR
18779,KRAL,KRNM
18780,KSAN,KDTW
18781,KBFI,KPAE
18782,KRFD,KRIR
18783,KDCA,KBOS
18784,NZTG,NZWN
18785,LKPR,LEBL
18786,KBNA,KDTW
18787,LTFJ,EBLG
18788,KLAS,KOAK
18789,KORD,KHHR
18790,KBOS,KBNA
18791,KEWR,KATL
18792,KDFW,KORD
18793,KDEN,KAUS
18794,KIAH,KABQ
18795,ESMS,LYBE
18796,LEMH,LEMD
18797,KORD,KATL
18798,LEMD,LHBP
18799,KDAL,KHHR
18800,KPHL,KCMH
18801,KPHL,KBKL
18802,EHAM,EIDW
18803,KDFW,KSDF
18804,KPAE,80WA
18805,NK47,KMMU
18806,K1G4,KLAS
18807,KSFO,CYVR
18808,EDDV,EDDH
18809,KIAH,KPHX
18810,LEIB,LEMD
18811,KBWI,KROC
18812,KDFW,KHHR
18813,KMOD,KMHR
18814,KCLT,KDTW
18815,LIRF,LIBD
18816,EDDF,EGLL
18817,KLZU,KAHN
18818,KMKE,KATL
18819,KOKC,KORD
18820,KATL,KSDF
18821,KMSP,KSDF
18822,PAMR,8AK6
18823,KDFW,KTYS
18824,KBWI,KDFW
18825,EDDF,LYBE
18826,KEWR,CYYZ
18827,KFLL,KATL
18828,KDFW,KSNA
18829,KDEN,KATL
18830,LEAL,EGPH
18831,KDAL,KSDF
18832,KSFO,KLAS
18833,EHAM,EDDP
18834,KDXR,KISP
18835,KORD,KCVG
18836,LEBL,EDDP
18837,OMDB,OBBI
18838,03OK,KRVS
18839,KBFI,KPWT
18840,KSEA,KSAN
18841,KONT,KBFI
18842,LICJ,EGSS
18843,LTFJ,EDDP
18844,LEMG,LEBL
18845,KDEN,KMSN
18846,KCLT,KSDF
18847,LPPT,LEMD
18848,KRDU,KMCO
18849,KMYF,KRNM
18850,KTPA,KTTN
18851,KMMU,KIAD
18852,KSNA,KDFW
18853,KBFI,KAWO
18854,KATL,KMKE
18855,KDEN,KDAL
18856,KDAL,KFTW
18857,KSMF,KSEA
18858,KLAS,KLAX
18859,KC83,KSQL
18860,UUEE,UWWW
18861,SKBO,KFLL
18862,YBBN,YMYB
18863,3NK5,KFLL
18864,KSFO,KSEA
18865,KBOI,KLAX
18866,KRBD,TX91
18867,KLAS,KATL
18868,KEWR,KIAD
18869,GA53,KPDK
18870,KLAX,KORD
18871,LEBL,LIRF
18872,KBOS,KPHL
18873,KATL,KMCO
18874,LIEE,LIPE
18875,KAVX,KSNA
18876,KORD,KPIT
18877,LEPA,LEMD
18878,KJNX,KRDU
18879,KDEN,KSAT
18880,KPSP,KSLC
18881,CYYJ,CYVR
18882,K10C,KPWK
18883,KHOU,KDFW
18884,LIRA,EGSS
18885,KBWI,KCLT
18886,KSJC,KBOI
18887,EPKK,EGSS
18888,NZAA,NZWR
18889,KBUF,KDFW
18890,KPHL,KMDT
18891,KFLL,KORD
18892,PAEN,PANC
18893,KSRQ,KFXE
18894,CYYC,CYYZ
18895,LIRF,LIEA
18896,KSMF,KSTL
18897,UUEE,EDDP
18898,KCPS,7IS2
18899,GBYD,GOBD
18900,ENZV,ENGM
18901,KMSP,KSFO
18902,KDEN,KPHX
18903,SBRJ,SBSP
18904,KLAS,KSFO
18905,K2R4,KNGS
18906,KHYI,KEDC
18907,KEMT,KCMA
18908,KORD,KROC
18909,KREI,KSEE
18910,CYWG,CYYC
18911,KDEN,KSTL
18912,KMDW,KCVG
18913,KDAL,KECP
18914,KFHR,KBFI
18915,EDVE,EDDS
18916,KPHL,KDCA
18917,EGJJ,EGKR
18918,LPFR,EGBB
18919,KPWK,KTEB
18920,ULMM,ULLI
18921,PAMR,PABG
18922,KIAD,KPTK
18923,KSEA,KLAS
18924,KLAS,KONT
18925,KDEN,KMCI
18926,EPWA,EDDP
18927,KBED,KFMH
18928,KFUL,KCMA
18929,50OR,KBDN
18930,KDEN,KSBA
18931,KDFW,KEWR
18932,KLAS,KCMA
18933,KSNA,KLAS
18934,LIMC,ELLX
18935,KMSP,KLAX
18936,KSEA,PANC
18937,KORD,K1G3
18938,KTUL,KDAL
18939,PAMR,PABG
18940,KIAH,KLAS
18941,KTYS,KATL
18942,KBUR,KOAK
18943,KDEN,KBNA
18944,KSBA,KOAK
18945,KBFI,KBLI
18946,KRMN,1VA9
18947,KBJC,KFNL
18948,KSTL,KDEN
18949,KMIA,KBOS
18950,LEMG,EGGD
18951,OTHH,VIDP
18952,KLAX,KLAS
18953,KPHX,KMDW
18954,KSLC,KLAX
18955,KLGA,KCLT
18956,KRFD,KMHR
18957,KSDF,KDFW
18958,MN45,KFCM
18959,KMDW,KFLL
18960,KOKB,KF70
18961,VIDP,VABB
18962,KNUC,KNZY
18963,LKPR,LFPG
18964,KDAL,KCMH
18965,KATL,KOMA
18966,LIRF,LIMJ
18967,KSMF,KLAS
18968,EDDF,EGSS
18969,KSEA,KORD
18970,KISP,KPHL
18971,NZAA,NZGB
18972,ULLI,UUWW
18973,KSBA,KDFW
18974,KIAD,KORF
18975,KSAN,KATL
18976,KSBM,KBNA
18977,KBNA,KMCI
18978,ENGM,ENZV
18979,LPPR,EDDK
18980,KPHX,KSTL
18981,KDEN,KSJC
18982,SBSP,SBRJ
18983,KBUF,KDTW
18984,KSNA,KPHX
18985,KDEN,KOMA
18986,KABQ,KMDW
18987,LROP,EBLG
18988,KATL,KLGA
18989,KDFW,KTUL
18990,EIDW,EPGD
18991,LDZA,LDSR
18992,KORD,KDEN
18993,KLAS,KSCK
18994,KCLT,KFLL
18995,KMVY,KBOS
18996,EDDS,LSZH
18997,KSEA,KCMH
18998,LFPG,EGLL
18999,KPDX,KSEA
19000,KDFW,KMCO
19001,KIAD,KHPN
19002,KDFW,KDEN
19003,EGNX,EDDP
19004,LPPT,LIMC
19005,KSEA,KPDX
19006,LEPA,LEBL
19007,KAWO,KPAE
19008,KDEN,KRDU
19009,KBOI,KMHR
19010,KORD,KDAY
19011,KLGB,KCRQ
19012,KSJC,KSNA
19013,KWHP,KBUR
19014,LFPO,LHBP
19015,LEIB,EHAM
19016,EDDF,BIKF
19017,KMIA,KJFK
19018,EGPH,EGGW
19019,LIRA,EDDP
19020,KDCA,KLGA
19021,KDFW,KSAN
19022,KTOA,KSMX
19023,KLAX,KSLC
19024,KSDL,KAPA
19025,KTPA,KPNS
19026,SBRJ,SBSP
19027,KSAN,KATL
19028,6NY1,KDTW
19029,LEPA,LEMH
19030,EGNS,EGKR
19031,KSAT,KDFW
19032,KPHL,KMIA
19033,KDFW,KM99
19034,LIEE,LIMC
19035,KMCI,KDTW
19036,KAUS,KSAN
19037,ULLI,UUEE
19038,KCLT,KCVG
19039,KJFK,KDTW
19040,EGSS,EGPH
19041,LIRF,LIPE
19042,KPHL,KBNA
19043,KLAX,KSEA
19044,EKCH,ENGM
19045,KDFW,49FD
19046,YMML,YBBN
19047,KMCO,KMIA
19048,KSEA,KLAS
19049,LIML,LIEA
19050,KBNA,KPDK
19051,EDVE,EDDS
19052,KRDU,KORD
19053,KSJC,KWHP
19054,KBOI,KSEA
19055,KLAS,KLGB
19056,KORD,KDTW
19057,KFTW,KSDL
19058,KPTK,K6G0
19059,KVNY,KWHP
19060,KBLI,KSEA
19061,KDFW,KSTL
19062,LEPP,LEMD
19063,KPHL,KBOS
19064,KHSV,KATL
19065,EGPF,EGKR
19066,KBUR,KSFO
19067,KPDX,KMCC
19068,RCTP,WSSS
19069,KATL,KJFK
19070,LEMG,EGSS
19071,KBNA,KDCA
19072,KDFW,KSRQ
19073,KBOS,KFLL
19074,KAUS,KDFW
19075,LPPT,EIDW
19076,KMDW,KBUF
19077,KPHX,KOAK
19078,KPIT,KIAD
19079,LGAV,LGSA
19080,KORD,KPHX
19081,KDFW,KMSN
19082,KDTW,KORF
19083,KLAS,KMSP
19084,KSEA,KSTL
19085,KFLL,KMDW
19086,KOKC,KSEA
19087,KLAX,KOAK
19088,CYYZ,KDTW
19089,KA39,KFFZ
19090,SDCO,SBSP
19091,KBNA,KJFK
19092,KSAN,KDFW
19093,KORD,KCMH
19094,KE63,KFFZ
19095,KSAC,0CN2
19096,UUWW,EDDK
19097,KTUL,KORD
19098,LOWW,LOWI
19099,KDEN,KCOS
19100,LEMD,LPPT
19101,LIRF,LIPQ
19102,LIPE,EDDK
19103,ENGM,EPKK
19104,KTEB,KIAD
19105,KLAX,KSJC
19106,KIAD,KCMH
19107,EGBB,EGPH
19108,KDFW,KMIA
19109,NZAA,NZWN
19110,KMMV,OR90
19111,KDTW,KSTL
19112,SBGR,SBCO
19113,KDEN,KATL
19114,KRDU,KDFW
19115,LIRF,LIEE
19116,KSTL,KORD
19117,KLZU,4GA9
19118,KORD,KATL
19119,KOAK,KLAS
19120,KSFO,KPSP
19121,KCLT,KDAL
19122,LEIB,LEPA
19123,KPHL,3PA9
19124,KOAK,KHWD
19125,OI34,7OA7
19126,LEBL,LEMH
19127,KBOS,KFLL
19128,YMML,YBCG
19129,KAPA,CO18
19130,RJBB,RJAA
19131,NZCH,NZPM
19132,LEMD,LEBL
19133,KVNY,KCMA
19134,KVNY,KCMA
19135,RCTP,WSSS
19136,KRDU,KBOS
19137,LMML,LEBL
19138,LIML,LIEE
19139,NZHN,NZWN
19140,KBOI,KSAN
19141,KDEN,KLAX
19142,KATL,KSYR
19143,KBDL,TJIG
19144,KHOU,KHPN
19145,KDFW,KVPS
19146,KLAS,KTUL
19147,KSMF,KSAN
19148,KJFK,KBKL
19149,EHAM,EGNT
19150,KLGA,KBOS
19151,KLAX,KMSP
19152,EBCI,LMML
19153,KTUL,KHOU
19154,VHHH,WSSS
19155,KFFC,64GA
19156,KMSP,KBFI
19157,KDFW,KMSN
19158,KBOS,KPHL
19159,LIPO,EDDP
19160,NZAA,NZAP
19161,KLAS,KDTW
19162,KBDN,OG05
19163,KBID,KHPN
19164,KSDF,KDEN
19165,KSDF,KRIR
19166,KPHL,KATL
19167,KJFK,KMIA
19168,KMSP,KDFW
19169,KATL,KMCI
19170,5WI4,KGRB
19171,EPGD,EPKK
19172,KVNY,KDAL
19173,KDEN,KMSP
19174,KBOS,MA55
19175,CYWG,CYVR
19176,KDTW,KCVG
19177,KMIA,KEWR
19178,KGXY,KBJC
19179,KMDW,KORF
19180,KSRQ,KORD
19181,SKBO,KMIA
19182,KSNA,KSFO
19183,KOAK,KSTL
19184,KLGA,KBNA
19185,EKCH,LHBP
19186,KLGB,KSBA
19187,KSBA,KSEA
19188,KIAD,KPHL
19189,KBOI,KPDX
19190,EGSS,EGAA
19191,KAPA,KSJC
19192,LEMD,EDDP
19193,KDFW,KDCA
19194,KSAT,KPHX
19195,KDCA,KCLT
19196,KMIA,KEWR
19197,KRDU,KLGA
19198,KPDX,KSTL
19199,KRNT,KPDX
19200,KATL,KROC
19201,LEPA,LEMD
19202,LIMC,LEBL
19203,KJFK,KFLL
19204,KDEN,KDTW
19205,KDFW,KSAF
19206,LOWL,EDDP
19207,KPHL,KIAH
19208,KFLL,KBOS
19209,KSDF,KEWR
19210,LPPT,LEBL
19211,KDTW,KATL
19212,KAVP,KIAD
19213,KLAX,KSTL
19214,KMIV,JY04
19215,KLVK,KPAO
19216,CYUL,CNV9
19217,KBFI,KPWT
19218,KAUS,KMCI
19219,YSTW,YBBN
19220,YSCB,YMML
19221,LEAL,EHAM
19222,KPHL,KMDT
19223,KDEN,KGXY
19224,KLAS,KORD
19225,KATL,KMSP
19226,CYWG,CYVR
19227,LFLL,EDDK
19228,KDFW,KPDX
19229,KDFW,KLGA
19230,KPVD,KPHL
19231,KDCA,KDTW
19232,ESSA,EDDK
19233,LIMC,LIBD
19234,KFAT,KSLC
19235,KOAK,KLAS
19236,KLAX,KDFW
19237,KONT,KDFW
19238,CYUL,CYYZ
19239,KMIA,KIAD
19240,KSTS,KSNA
19241,KATL,KDAL
19242,TJSJ,KEWR
19243,KCGZ,KFFZ
19244,KSJC,KSAN
19245,KORD,KATW
19246,KDCA,KATL
19247,LPPD,LPPT
19248,KTPA,KATL
19249,KCRQ,KSEE
19250,KDEN,KLAS
19251,KPHX,KAUS
19252,KDFW,1MU0
19253,KATL,KMSP
19254,YMML,YBBN
19255,KBOS,KLGA
19256,KROC,KBUF
19257,KMSP,KORD
19258,KSTS,KO69
19259,KO60,KO69
19260,KJFK,KBUF
19261,KDTW,KBNA
19262,KBOI,20ID
19263,KFHR,KBLI
19264,KSDF,KATL
19265,KDFW,KOKC
19266,SBRJ,SBKP
19267,LGAV,LGSA
19268,LFPG,EDDP
19269,KFLL,KIAD
19270,KMKE,KSEA
19271,KTEB,KFLL
19272,KRLD,KSEA
19273,KDFW,KEWR
19274,KORD,KDFW
19275,KPHL,KCLT
19276,NZAA,NZCH
19277,KDFW,KTUS
19278,KOPF,KTEB
19279,KDTW,KPIT
19280,KPDK,KBNA
19281,KDEN,KIAD
19282,KMKE,KMSP
19283,KC83,KLVK
19284,KSAT,KLAX
19285,SBGR,SBBR
19286,YSCB,YBBN
19287,KDTW,62IA
19288,0GA7,KPDK
19289,KPHX,KMDW
19290,4OL3,KDFW
19291,KAFW,KAUS
19292,EKOD,EKBI
19293,LIRF,LIML
19294,LEMG,GMMN
19295,KSAN,KPDX
19296,KBTL,7MI7
19297,LGAV,LGRP
19298,KDFW,KABQ
19299,KOMA,KORD
19300,KAUS,KLAS
19301,LPPT,LEMD
19302,EGLL,EGPH
19303,LIBD,EGSS
19304,KORD,KLAS
19305,KCMA,KSMO
19306,KBUF,KMDW
19307,CYTR,CYBG
19308,KPHX,KAUS
19309,KSDF,KPHX
19310,ZGSZ,WSSS
19311,KDTW,KOMA
19312,LSZH,LJLJ
19313,KTUL,KPHX
19314,KSJC,KBFI
19315,NZCH,NZAA
19316,LIRF,LIPZ
19317,LEIB,LEMD
19318,KDEN,KSLC
19319,KSFO,KPHX
19320,KSLC,KSAN
19321,KDFW,KOMA
19322,KSEA,KSNA
19323,KLVK,KOAK
19324,SKBO,KMIA
19325,NZAA,NZWJ
19326,KPHX,KSAT
19327,KVNY,CYVR
19328,KDFW,KSAT
19329,KBFI,KFCM
19330,KORD,KSEA
19331,KDTW,KMSN
19332,KDTW,KSDF
19333,LFPG,EBLG
19334,KDEN,KOKC
19335,LIRF,LIBD
19336,SDCO,SBMT
19337,KORD,KDTW
19338,KFUL,KLGB
19339,KLGA,KATL
19340,LFPO,LEBL
19341,KSAT,KLAX
19342,KDFW,KBTF
19343,KAUS,KHHR
19344,KDEN,KSDF
19345,KATL,KBOS
19346,KMIA,KPNS
19347,KSTL,KBNA
19348,KBNA,KMDW
19349,KDAL,KSAT
19350,KIND,KDEN
19351,EGCC,EGBB
19352,KDTW,KRDU
19353,YBBN,YMML
19354,KOAK,KSNA
19355,KLAS,KSMX
19356,KTUS,KPHX
19357,KLGA,KCMH
19358,KATL,KMCO
19359,CYOW,CYYZ
19360,EHAM,EIDW
19361,KATL,KBKL
19362,KRYN,KTUS
19363,KTEB,KMDW
19364,KMSP,KSEA
19365,EDDB,UKKK
19366,LEPA,LEMD
19367,KPDX,KPHX
19368,KSMF,KLAX
19369,KMKE,KORD
19370,KCRQ,KLGB
19371,KLAX,KSJC
19372,KGHG,KBED
19373,KBNA,KLAS
19374,KAUS,KDEN
19375,KMSP,KLNK
19376,KFAT,KSEA
19377,KSJC,KDFW
19378,KDTW,KMIA
19379,KDEN,KGXY
19380,KSYR,KMDW
19381,EGNT,LFPG
19382,KOMA,KLGA
19383,NZAA,NZOI
19384,KFLL,KSDF
19385,LFML,EDDK
19386,KNZY,KNUC
19387,UUEE,ULLI
19388,KPDX,KLAS
19389,KATW,KORD
19390,KCLT,KPHF
19391,KAUS,KHHR
19392,KIAD,KPDK
19393,KATL,KJFK
19394,KMCC,25CL
19395,KONT,KABQ
19396,KSMF,KSNA
19397,KSFO,KONT
19398,KDTW,KALB
19399,KSDF,KDEN
19400,KMSP,KSTL
19401,KLAX,CYVR
19402,KSAN,KOAK
19403,KADS,KF69
19404,CYVR,CYWG
19405,CYYC,CYVR
19406,KDFW,KSEA
19407,KSJC,KSLC
19408,KSEA,KDFW
19409,KTEB,KAGC
19410,KIND,KBOS
19411,KLGA,KDCA
19412,KDFW,TA37
19413,SKBO,KMIA
19414,KMSN,KMSP
19415,LEPA,EDDK
19416,BIKF,EBLG
19417,EDDS,EDDP
19418,KORD,KLAS
19419,KAUS,KPHX
19420,EDDF,EGCC
19421,LFOB,EIDW
19422,LEBL,LEPA
19423,KJFK,KTEB
19424,KORF,KBWI
19425,KDTW,MI38
19426,KABQ,KPHX
19427,KBNA,KSTL
19428,KSYR,KTEB
19429,KSEA,KPHX
19430,LEAL,EGGD
19431,KFLL,KPHL
19432,KATL,KRDU
19433,KDFW,KORD
19434,KFFC,64GA
19435,KBOS,KMVY
19436,EKBI,EDDP
19437,WA67,KSPB
19438,KRDU,KISO
19439,KTEB,CYUL
19440,KSLC,KORD
19441,KDFW,KRDU
19442,KBED,MA55
19443,KLGA,KFLL
19444,KSAN,KOAK
19445,LFBO,LFPG
19446,KSNA,KSMO
19447,LOWW,LROP
19448,LIMC,EDDP
19449,KHYA,KBED
19450,LEVX,LEMD
19451,KLAX,KSFO
19452,EDDB,LHBP
19453,KALB,KPHL
19454,KDTW,KTYS
19455,KLAS,KOAK
19456,KDFW,KPHL
19457,KSDF,KLAS
19458,KSCK,KSNS
19459,KLGB,KTOA
19460,EDDK,EDDP
19461,KMKC,KPDK
19462,KMRY,KSNA
19463,KOMA,KDFW
19464,KBTL,7MI7
19465,KLAX,KAUS
19466,KALB,KTEB
19467,EGGW,EPGD
19468,CYOW,CYUL
19469,KLGA,KMCI
19470,KLAS,KLAX
19471,49NY,KHPN
19472,KORD,KORF
19473,EDDF,EDDP
19474,KDAL,KSJC
19475,KMIA,KPHL
19476,YSSY,YBBN
19477,KSEA,KGEG
19478,KFLL,KMCI
19479,KAPA,CO96
19480,CPM7,CYTZ
19481,NZAA,NZWJ
19482,KCMH,KDFW
19483,SBSP,SBRJ
19484,YSCB,YBBN
19485,KA39,KFFZ
19486,KDTW,1MI8
19487,KRDU,KBOS
19488,KLAX,KPDX
19489,SBJD,SBSP
19490,KATL,KIAD
19491,KMSP,KDFW
19492,LSZH,LEMD
19493,KATL,KBNA
19494,KDFW,KLAS
19495,KNYL,KMYF
19496,KIAD,KDFW
19497,KPAO,KLVK
19498,YCBG,YMML
19499,KSFO,KFAT
19500,KSBP,KVIS
19501,KDTW,KORD
19502,KTEB,KBED
19503,KGXY,KAPA
19504,KHOU,KSJC
19505,KRDU,KTDF
19506,44IS,KSTL
19507,KDAL,KMCO
19508,KSEA,PANC
19509,KMSP,KBNA
19510,KBUR,KPHX
19511,CO18,KAPA
19512,PAEN,PANC
19513,NZCH,NZRI
19514,KCMH,KPDK
19515,EGAA,EGGD
19516,KMIA,KRDU
19517,KOAK,KBTF
19518,KBWI,KORF
19519,KSAN,KSFO
19520,KCMI,KDFW
19521,KTUS,KPHX
19522,KSFO,KLAS
19523,YSCB,YMML
19524,KDEN,KBFI
19525,KDTW,KCMH
19526,KORD,KFLL
19527,WMKK,WBKK
19528,LEMG,LEBL
19529,KATL,KDFW
19530,KSFO,KAUS
19531,LIPZ,EDDK
19532,KMSP,KORD
19533,KEWR,KMIA
19534,KAEG,KABQ
19535,KHWD,KPAO
19536,LPMA,LPPT
19537,KSMF,KLAS
19538,KJFK,KATL
19539,KVNY,KSJC
19540,LPPR,LPPT
19541,KONT,KDFW
19542,KIAH,KLAS
19543,KPHL,NJ64
19544,EFHK,EDDP
19545,EKBI,ESMS
19546,KPDX,KLAS
19547,KLAX,KSBA
19548,KBFI,KPAE
19549,KATL,KSRQ
19550,KRHV,KE16
19551,KRDU,KPHL
19552,KMSP,KATL
19553,KPSP,KPHX
19554,KDEN,KSNA
19555,KITH,KDTW
19556,KSMF,KSAN
19557,KMIA,KLGA
19558,KDEN,KTUL
19559,KDTW,KMDT
19560,KSEA,KLAX
19561,KLAS,KDFW
19562,KBWI,KFLL
19563,EPKT,EDDP
19564,KIAD,KATL
19565,LEMD,LEPA
19566,SBKP,SBVT
19567,YCBG,YMML
19568,KSPI,KDFW
19569,EGNT,EGGD
19570,KORD,KBNA
19571,KSEA,KMSP
19572,KPDX,KMSP
19573,KDEN,KORD
19574,LEBL,LEZL
19575,KBNA,KMSP
19576,CYVR,KLAX
19577,KFWS,K9F9
19578,KVNY,KDAL
19579,KDFW,KABQ
19580,EPWA,EPPO
19581,KVPC,KPDK
19582,NZAA,NZPM
19583,NZNV,NZCH
19584,LIRF,LICZ
19585,KLGA,KSTL
19586,KTYS,KOPF
19587,KATL,KDAL
19588,KPHX,KSEA
19589,KLAS,KCMA
19590,KDTW,KDAY
19591,KSFO,KBOI
19592,KFLL,KJFK
19593,KDFW,KORD
19594,KSDF,KJFK
19595,KDEN,KLAS
19596,EDDF,EDDP
19597,KSJC,KSAN
19598,KMIV,K33N
19599,KECP,KDCA
19600,KAUS,KBNA
19601,KMTN,KTHV
19602,KIND,KATL
19603,EDDM,EDDP
19604,LIME,EDDP
19605,KVNY,KFUL
19606,KHHR,KCRQ
19607,KORD,KSTL
19608,KDFW,KBWI
19609,KSFO,KPDX
19610,KJFK,KSYR
19611,KDAB,KATL
19612,KIND,KBWI
19613,KATL,KLGA
19614,NZWN,NZCH
19615,KSTL,KMIA
19616,KSRQ,KBNA
19617,KPAE,KBVS
19618,KSFO,KBUR
19619,LFML,LPPR
19620,KPHX,KLAS
19621,KDFW,KSJC
19622,KMCI,KDTW
19623,KSJC,KBUR
19624,KMSP,KMKE
19625,KSEA,KSFO
19626,KPWT,KBFI
19627,KATL,KOKC
19628,KGPM,KTKI
19629,KLGA,KBOS
19630,KBUR,KLAS
19631,KMSP,KPDX
19632,KMSP,90WI
19633,KLAS,XS89
19634,KSFO,KMSP
19635,LFML,LFPG
19636,KFLL,KDCA
19637,KSNA,KAJO
19638,KHWD,KRHV
19639,NZCH,NZTG
19640,KPHX,KOKC
19641,KBUR,KLAS
19642,KATL,KDAY
19643,EGSS,LIME
19644,CA07,KSAC
19645,CYYZ,CYUL
19646,KIAD,KFOK
19647,LSZM,EDDP
19648,KDTW,KBWI
19649,EIDW,EDDK
19650,KORD,VA95
19651,LOWW,LFPG
19652,KPHX,KLAS
19653,KATL,KPHL
19654,KDTW,KMCI
19655,KONT,KDEN
19656,KSTL,KMSP
19657,KMIA,KORD
19658,KMSP,KPHL
19659,ESMS,EDDK
19660,EGSS,EGPH
19661,KLNK,KMLE
19662,KISP,KBWI
19663,KRDU,KCLT
19664,KPSP,KSEA
19665,KDFW,KONT
19666,KSJC,KDFW
19667,EHAM,LFPG
19668,KCMH,KMSP
19669,KSAT,KDEN
19670,RCTP,RJBB
19671,CYYC,CYVR
19672,KSFO,KSLC
19673,KMCI,KMSP
19674,LEPA,LEBL
19675,LIRF,UKBB
19676,KEWR,KMCO
19677,KPHX,KDFW
19678,KATL,KIAH
19679,KMIA,KEWR
19680,KSEA,KLAX
19681,SBGR,SBRJ
19682,KSDF,KABQ
19683,KCLT,KMCO
19684,KMSP,KSEA
19685,CYYZ,KBED
19686,KATL,KDCA
19687,LIME,LIBD
19688,KSAN,KSJC
19689,KDFW,KECP
19690,NZAA,NZRO
19691,4MI6,KORD
19692,KFOK,KHPN
19693,KGPI,KMSP
19694,KBNA,KORD
19695,KOZW,K45G
19696,KSDL,19AZ
19697,KSNA,KMYF
19698,LEIB,LEBL
19699,OMSJ,OPMT
19700,KORD,KTUL
19701,KMSP,KRDU
19702,KCMH,KATL
19703,KLGA,KBNA
19704,KOMA,KATL
19705,YBBN,YPAD
19706,KSDF,KMCO
19707,KBUR,KLAS
19708,SKBO,KMIA
19709,KCXY,KLNS
19710,ELLX,LEBL
19711,KVPS,KDFW
19712,CYVR,CYXE
19713,KAUS,KMSP
19714,KEWR,KHPN
19715,KPHX,KLAX
19716,KISP,03NY
19717,KATL,KBUF
19718,KSAN,KSTS
19719,KDCA,KCVG
19720,KLAX,KDFW
19721,KCMH,KCLT
19722,KATL,KVPS
19723,KLNK,KSWT
19724,KTUS,KLAX
19725,LZIB,EDDP
19726,KRMN,1VA9
19727,KORD,KFNT
19728,KSDF,KMSP
19729,LFPG,EDDK
19730,KDFW,KPNS
19731,KLAS,KMCI
19732,KHOU,KDAL
19733,KFLL,KALB
19734,KFUL,KSNA
19735,KATL,KTUL
19736,OMDB,VIDP
19737,KMCI,KMCO
19738,CYYC,CYYZ
19739,EVRA,EETN
19740,KDTW,KIAD
19741,KLGB,KSNA
19742,KO69,KAPC
19743,KU42,KCOS
19744,KPDX,KSEA
19745,KAUS,KLAS
19746,KCMH,KBOS
19747,KOAK,KSAN
19748,KMIA,KDCA
19749,KATL,KMDW
19750,LEIB,LEBL
19751,LFML,LFBD
19752,YLIL,YMMB
19753,KDCA,KMIA
19754,KIAD,CYYZ
19755,EGAA,EGCC
19756,KGPI,KLAX
19757,PAEN,PANC
19758,KBNA,KMDW
19759,KATL,KPNS
19760,K47A,4GA0
19761,KLGB,KLAS
19762,KDEN,KORD
19763,SBRJ,SBBR
19764,KTRL,KADS
19765,KLAX,KSEA
19766,LOWW,EDDK
19767,KLAS,KSFO
19768,KMSP,KMSN
19769,NZCH,NZRI
19770,KLAX,KLAS
19771,EGPH,EGSS
19772,LFML,EDDP
19773,KSTL,KDFW
19774,KPNS,KDFW
19775,LPPT,LHBP
19776,KCMH,KPWK
19777,KDFW,KMCO
19778,KADS,TA06
19779,KBNA,KSRQ
19780,KSFO,KDFW
19781,96WA,KAWO
19782,KONT,KSJC
19783,KCLT,KORD
19784,KLAX,KPHX
19785,KDTW,KSYR
19786,KABQ,KDFW
19787,KSFO,KLAX
19788,KPDX,KLAX
19789,KBNA,KLGA
19790,KATL,KCVG
19791,KPHL,KBWI
19792,KLGA,KBKL
19793,KFXE,KMIA
19794,KHOU,KMDW
19795,SBRJ,SBSP
19796,KMCI,KDFW
19797,KDEN,KORD
19798,CYWG,CYYC
19799,55AZ,KFFZ
19800,KOAK,KSNA
19801,KMSP,KOMA
19802,KPDX,KBOI
19803,KSJC,KSEA
19804,KPDX,KBFI
19805,KSEE,KSNA
19806,KLAS,KCOS
19807,ESGG,EBLG
19808,KSEA,KBOI
19809,KBNA,KMSP
19810,YSWG,YMML
19811,KRHV,KE16
19812,KPTK,KD95
19813,LFML,LFPG
19814,KHIO,OR28
19815,SBSP,SBBR
19816,KORD,KMKE
19817,KPHX,KSAT
19818,KX50,KDAB
19819,KFLL,KATL
19820,KDEN,KBTF
19821,KIND,KOMA
19822,KMDW,KLUK
19823,KTEB,KBUF
19824,KDAY,KATL
19825,SBGR,SBGL
19826,KOMA,KMDW
19827,KBOS,KMVY
19828,KBNA,KCMH
19829,KLAX,KPDX
19830,KMIA,KATL
19831,KLAS,KBUR
19832,KSEA,KLAX
19833,LIME,EPMO
19834,KPVD,KDTW
19835,CYVR,KSFO
19836,LIPZ,EDDP
19837,LFPG,LFFI
19838,KORD,KDAY
19839,SBSP,SBCO
19840,LEMH,LEBL
19841,EGGW,EBBR
19842,KBNA,KLGA
19843,KORD,KOKC
19844,KATL,KORD
19845,KSNA,KSDL
19846,KSEE,KSMO
19847,KBOS,KDCA
19848,KMIA,KBOS
19849,KLAS,KSLC
19850,EKCH,ENZV
19851,KPHX,KLAX
19852,LEBL,LEPA
19853,KADS,KPWA
19854,KDEN,KHHR
19855,KSEA,KSBP
19856,PAEN,PANC
19857,KLGA,KATL
19858,KATL,KMCO
19859,NZCH,NZWN
19860,KLAS,KSEA
19861,KFLL,KATL
19862,KDFW,KCLE
19863,KBNA,1TN0
19864,KORD,KSTL
19865,KTTN,KATL
19866,EVRA,ULLI
19867,KBOI,KSEA
19868,KSDF,KEWR
19869,K10C,K3CK
19870,KIAH,KLAX
19871,KBOS,KATL
19872,LOWW,UKKK
19873,GOBD,GBYD
19874,KFXE,KOPF
19875,LEBL,LFPG
19876,KATL,KHSV
19877,KGAI,KDMW
19878,KSEA,KPHX
19879,KWHP,KCMA
19880,NZCH,NZNV
19881,KSNA,KSJC
19882,KHPN,KBED
19883,16MI,KORD
19884,KATL,KBWI
19885,KPWT,KBFI
19886,KSMF,KSEA
19887,KCLT,6NC8
19888,KAPA,KCOS
19889,SBVT,SBRJ
19890,KRNV,KGLH
19891,KMSP,KDTW
19892,ESGG,EGSS
19893,KPDK,0GA4
19894,KDAL,KSDL
19895,KYIP,KPTK
19896,NZAA,NZWR
19897,YPAD,YBBN
19898,KSTS,KSEA
19899,KIND,KBOS
19900,KJFK,KROC
19901,KOAK,KPDX
19902,KMDT,KPHL
19903,LIME,EDDK
19904,K1G4,KLAS
19905,KMKE,KMCO
19906,KTEB,KIAD
19907,YSDU,YSSY
19908,LEMD,EDDK
19909,LIMC,EDDK
19910,KSBD,KTOA
19911,CZBB,CBQ2
19912,KDEN,KPDX
19913,LEBL,EDDK
19914,KPDK,0GA4
19915,KJFK,KRDU
19916,KAUS,KDFW
19917,40OK,KRVS
19918,LPPR,EBLG
19919,KDEN,KLAS
19920,KFLL,KLGA
19921,KMDW,KTEB
19922,EPKT,EBLG
19923,KRDU,KATL
19924,KSMO,KLGB
19925,NZGB,NZAA
19926,KBFI,KBLI
19927,KCNO,KCMA
19928,KMIA,KLGA
19929,KANE,KFCM
19930,KDTW,KMKE
19931,LIME,EPKK
19932,KSNA,KOAK
19933,KSDF,KRFD
19934,KCRQ,KRNM
19935,SBKP,SBCO
19936,KIAD,NK54
19937,KOAK,KSEA
19938,ULLI,UUEE
19939,CYYZ,KORD
19940,KBOI,KMSP
19941,KLNC,KRBD
19942,CYYJ,CYVR
19943,KPHX,KMSP
19944,KFLL,KEWR
19945,KAJO,KRAL
19946,KMSP,KDEN
19947,CYYC,CYVR
19948,KATL,KDEN
19949,SBRJ,SBBR
19950,KCRQ,KSDL
19951,KORD,KDCA
19952,EPWA,EPKK
19953,ENBR,ENZV
19954,KMSP,KGRB
19955,KLAS,KSNA
19956,NZCH,NZWN
19957,PAEN,PANC
19958,KMOD,KVIS
19959,KMIA,KATL
19960,EKCH,LFPG
19961,KSNA,KSLC
19962,KSTS,KRHV
19963,EGPD,EGNX
19964,KATL,7PS7
19965,KJFK,KMCO
19966,KMDW,KMCO
19967,KLAX,KSLC
19968,KBOI,KSEA
19969,KPHX,KDAL
19970,EDDV,EBLG
19971,EIDW,EBLG
19972,NZAA,NZGB
19973,KBNA,KATL
19974,YMEN,YWOL
19975,SBSP,SBBR
19976,82PA,KIAH
19977,EPWA,UKKK
19978,KPHL,KDTW
19979,KFLL,KDFW
19980,UUDD,ULLI
19981,KADS,KF69
19982,KPIT,KMSP
19983,KDFW,KDTW
19984,LEPA,LEBL
19985,KSEE,KCRQ
19986,KJFK,KFLL
19987,VIDP,VABB
19988,KDCA,KBOS
19989,EFHK,EETN
19990,KMSP,KDEN
19991,KCMH,KUGN
19992,KSFO,KPHX
19993,KMDW,KLGA
19994,LEBL,EPWA
19995,LIMC,LFPG
19996,KLAX,KPHX
19997,KPHX,KLAS
19998,KLUK,KBKL
19999,KIAD,KATL
20000,KRDU,KATL
20001,SPJC,SPST
20002,KLOU,3IN6
20003,KSEE,KF70
20004,KORF,KIAD
20005,EDDM,LFPG
20006,KCDW,MA72
20007,KDFW,KLAX
20008,EGNX,EDDK
20009,KATL,KDFW
20010,KTEB,KTTN
20011,KSEA,KBOI
20012,ESGG,EPGD
20013,KLAX,KBOI
20014,KBUR,KCMA
20015,KRMN,1VA9
20016,KDCA,KMCO
20017,KIND,KMSP
20018,YBBN,YMML
20019,SBGR,SBCO
20020,KCMH,KBWI
20021,EGGW,LHBP
20022,NZNE,NZWJ
20023,KCLT,KRDU
20024,KSFO,KPHX
20025,KOMA,KSEA
20026,KAUS,KATL
20027,SBSP,SBVT
20028,KCRQ,KRNM
20029,YMAY,YMML
20030,KHPN,KSWF
20031,KBFI,KPAE
20032,KPHX,KSLC
20033,EKCH,EDDP
20034,KSTL,5IL2
20035,LEBL,EBLG
20036,KDAL,KATL
20037,KIAD,KMMU
20038,KBWI,KSTL
20039,KMDW,KBED
20040,LLBG,LROP
20041,KMIA,KDFW
20042,KE16,KLVK
20043,CYVR,CYYJ
20044,SBGR,SBGL
20045,KRDU,KFLL
20046,KTHV,KMTN
20047,KDCA,KPHL
20048,KDFW,KONT
20049,KDCA,KATL
20050,KSEA,KPSP
20051,YBCG,YMML
20052,KSCK,KPAO
20053,EGGW,LIMC
20054,KDEN,7PS7
20055,73PA,KHGR
20056,UUWW,ULMM
20057,KLZU,K47A
20058,EKCH,ESSA
20059,KBFI,WA09
20060,KORD,KOMA
20061,KATL,KSTL
20062,KDFW,KHSV
20063,YSSY,YKEL
20064,KMSP,KMDW
20065,KDTW,KMSP
20066,NZAA,NZCH
20067,KMIA,KPHL
20068,EPWA,EPPO
20069,KCMH,KLGA
20070,KMVY,KTEB
20071,KIND,KDEN
20072,EKCH,EKYT
20073,KDAY,KORD
20074,KLAX,KSJC
20075,KSNA,KF70
20076,KATL,KDEN
20077,CYVR,KPDX
20078,KMSP,KMCI
20079,KSRQ,KATL
20080,KEWR,KRDU
20081,KPHX,KLAX
20082,KSEA,KPDX
20083,CYYC,CYYJ
20084,NZCH,NZAA
20085,KSFO,KWHP
20086,KABQ,KSEA
20087,KTUL,KATL
20088,KORD,KPHL
20089,KA39,KFFZ
20090,KTOA,KSBA
20091,EDDB,EDDK
20092,EPWA,EPBY
20093,KMSP,KMDW
20094,KFTY,KPDK
20095,LPPR,LPPD
20096,KDEN,KDTW
20097,KDCA,KDFW
20098,EGPF,EIDW
20099,CYVR,CYYC
20100,KATL,KRDU
20101,KSMF,KPHX
20102,KSFO,KGEG
20103,K9A1,KLZU
20104,KLAS,KLAX
20105,KTOA,KAVX
20106,KTEB,KCMH
20107,KOMA,KMSP
20108,KBNA,KDFW
20109,KRNM,KMYF
20110,KDEN,KLAX
20111,MA72,KBOS
20112,KBOS,K1B9
20113,KORD,KJFK
20114,KORF,KLGA
20115,KOAK,KBFI
20116,KMVY,KBED
20117,KPAE,KBVS
20118,EPWA,EPKT
20119,KIAD,KJFK
20120,SBGR,SBBR
20121,KBOS,KMCO
20122,KAUS,KLAX
20123,EGSS,LFPG
20124,WA49,KSEA
20125,KOMA,KMSP
20126,KDAL,KOMA
20127,CYYZ,CYOW
20128,KMLE,KOLU
20129,KLGB,KEMT
20130,KORD,KSRQ
20131,KECP,KATL
20132,KPHL,KIAD
20133,KSDF,KDTW
20134,KMDW,KDAL
20135,KCMH,KSUS
20136,KSMF,KPSP
20137,KPHX,KSAF
20138,CYVR,KLAX
20139,EPWA,EPGD
20140,KOPF,KFTY
20141,KSLC,KSFO
20142,WMKK,WBKK
20143,NZWN,NZCH
20144,KSDL,KBUR
20145,KLAS,KSNA
20146,59IL,KDPA
20147,YMML,YPAD
20148,KDEN,KDFW
20149,KOMA,KAPA
20150,KPNS,KPHL
20151,CYWG,CYYZ
20152,LEMD,LFPG
20153,KFLL,KJFK
20154,KPHL,KIAD
20155,KDCA,KDFW
20156,KSNA,KLAS
20157,YSCH,YSSY
20158,KSWF,KPHL
20159,KSDF,KMSP
20160,KALB,KBWI
20161,KMHR,KSJC
20162,KHOU,KDAL
20163,SSJC,SBGL
20164,KBNA,KDAL
20165,5PA3,KCXY
20166,KSMF,KPDX
20167,KRVS,40OK
20168,LPPT,LEBL
20169,KMOD,KSAC
20170,LIBD,LIRF
20171,KBJC,KAPA
20172,LTAC,UKBB
20173,KMVY,KBOS
20174,YMML,YSCB
20175,KBOS,KJFK
20176,KDAL,KPHX
20177,CNV9,CYYZ
20178,KPGV,KCLT
20179,KPIT,KDCA
20180,KMDW,KDCA
20181,KRVS,OK25
20182,KTEB,KLDJ
20183,KTYS,KDFW
20184,KORD,KMSP
20185,KCCR,KMCC
20186,KSLC,KSJC
20187,KNZY,KNUC
20188,CYVR,CYCD
20189,KPDK,KLUK
20190,KBFI,KPWT
20191,KBOS,MA55
20192,LIPE,EDDP
20193,KDFW,KMCI
20194,OMDB,OMDW
20195,KPSP,KSEA
20196,KLAS,KPDX
20197,KSTS,KPHX
20198,CZBB,CBQ2
20199,KSGF,KSUS
20200,KSDF,KOMA
20201,KLQK,4SC4
20202,KORF,KATL
20203,KLGA,KATL
20204,K1G4,KLAS
20205,KBWI,KISP
20206,KCRQ,KLGB
20207,KRDU,KHNZ
20208,KSDF,KMIA
20209,K1G4,KLAS
20210,CYCD,CYYJ
20211,KMCI,KLAS
20212,LKPR,EDDK
20213,KBFI,KFHR
20214,KSMF,KSLC
20215,KIAH,KLAS
20216,KMSP,KCMH
20217,CNV9,CYUL
20218,KORD,KATW
20219,KA39,KCHD
20220,KATL,KFLL
20221,KMIA,7PS7
20222,KONT,KDEN
20223,KLAX,KOMA
20224,YBBN,YMML
20225,VIDP,VOBL
20226,KBFI,KSNA
20227,KPHL,KATL
20228,KLGB,KCCR
20229,KVNY,KWHP
20230,KTMB,KFXE
20231,K1G4,KLAS
20232,KIND,KMKE
20233,NZPM,NZAA
20234,KHPN,KCLT
20235,KORD,CYUL
20236,KORD,73MU
20237,KO52,KSAC
20238,KLAS,KPSP
20239,WA67,KTTD
20240,KMSP,KBNA
20241,KDFW,KDTW
20242,KCMH,KSUS
20243,KSDF,KRDU
20244,KAWO,96WA
20245,CNV9,CYUL
20246,KPTK,KDET
20247,KATL,KSDF
20248,KDAL,KBNA
20249,EDDK,LIME
20250,KSAN,KLAS
20251,KMRY,KPHX
20252,SBKP,SBCO
20253,KDEN,KSAN
20254,KATL,KMIA
20255,KC83,KO69
20256,K1G4,KLAS
20257,EDDM,EDDK
20258,KSLC,KSAN
20259,KMDW,KPHL
20260,SBGR,SBVT
20261,K1G4,KLAS
20262,KORD,34MI
20263,EPWA,EPRJ
20264,KATW,KATL
20265,KMIA,KATL
20266,KSFO,KLAX
20267,KATL,KEWR
20268,KBNA,KORD
20269,WMKK,WBKK
20270,KACK,KBOS
20271,KSAN,KSEA
20272,KORD,KBNA
20273,LIPZ,EDDK
20274,KCPS,KJVY
20275,KNUC,KNZY
20276,KCMH,KMDW
20277,KSJC,KSNA
20278,KSEA,KSNA
20279,NZAA,NZCH
20280,KIAD,KCMH
20281,KLAX,KLAS
20282,KIND,KLGA
20283,KDCA,KCLT
20284,LSZM,EBLG
20285,YMML,YMHB
20286,PAMR,8AK6
20287,KORD,KMCI
20288,KDAY,KDTW
20289,KSFO,KSEA
20290,KOAK,KPHX
20291,KVNY,KSNA
20292,KSJC,KBFI
20293,KBUY,KIAD
20294,KSDF,KDFW
20295,KEWR,KCLT
20296,KMMV,74OR
20297,CYYC,CYXE
20298,LPFR,EGGD
20299,KMIA,KLGA
20300,KSAN,KPHX
20301,KSMF,KPDX
20302,YMML,YBBN
20303,KFLL,KATL
20304,LFBO,LFPG
20305,KJFK,KTEB
20306,KDFW,KLAS
20307,KCLT,KPDK
20308,EHAM,EDDP
20309,KSNA,KDFW
20310,KMKC,KLNK
20311,KMCI,KPHL
20312,KLBE,KFLL
20313,SBRJ,SBBR
20314,KNZY,KNUC
20315,KORD,KBNA
20316,KMIA,KJFK
20317,KDAL,KABQ
20318,KORD,KCWA
20319,LSZM,EDDK
20320,KFNL,KBKF
20321,KDPA,KMKC
20322,EGNX,EDDK
20323,KMDW,KPHL
20324,KBWI,KCLT
20325,KPIT,KATL
20326,KLGA,KMIA
20327,KHOU,KPHX
20328,KORD,KLNK
20329,KMSP,KTOB
20330,KFCM,KANE
20331,KPVD,KDCA
20332,OL23,KRVS
20333,KTEB,KFRG
20334,OI34,7OA7
20335,KPHX,58AZ
20336,KORD,KLGA
20337,KBOS,KJFK
20338,KLAS,KLAX
20339,NZTG,NZAA
20340,ULLI,UUYY
20341,KATL,KPHL
20342,KSEE,KRNM
20343,KMIA,KDFW
20344,LSZM,EDDP
20345,KBOI,KSJC
20346,KSDF,KPHL
20347,SBBR,SBSP
20348,KMCE,KLAX
20349,KNZY,KNUC
20350,ZGSZ,RCTP
20351,LEMG,GMMN
20352,KONT,KDEN
20353,KVPS,KATL
20354,KORD,KPHL
20355,KFLL,KBNA
20356,KSWF,KHPN
20357,KIAH,KSAT
20358,KHSV,KDFW
20359,KORD,CYYZ
20360,LIMC,EDDP
20361,KMDW,KMCI
20362,KSFO,KLAX
20363,KGPI,KLAX
20364,KSEA,KGEG
20365,KBUR,KLAS
20366,KMVY,KTEB
20367,VIDP,VEPI
20368,KBFI,KVNY
20369,KDEN,KMDW
20370,KORD,KDEN
20371,KLAS,KCRQ
20372,KSLC,KLAS
20373,EGSS,EIDW
20374,KJFK,KRDU
20375,KIAH,KDFW
20376,EDDM,EBLG
20377,LEMH,LEBL
20378,YSCB,YSSY
20379,KPDX,KLAX
20380,EDDK,EDDP
20381,KDTW,KATL
20382,KNYL,KPHX
20383,SBKP,SBGL
20384,KABE,KCLT
20385,KBUR,KSJC
20386,KORF,KORD
20387,KNYL,KPHX
20388,KBOS,KEWR
20389,KFLL,KATL
20390,KDCA,KBOS
20391,KYKM,KBFI
20392,KE16,KRHV
20393,KPHX,KHOU
20394,KPSP,KPHX
20395,KM54,KMQY
20396,KU77,KPVU
20397,EDDN,EBLG
20398,KPDK,KTEB
20399,VT25,KDTW
20400,KSBA,KLAX
20401,KPNS,KATL
20402,KVNY,KOAK
20403,KDFW,SC43
20404,KORD,KCMH
20405,KSKA,KBFI
20406,KPDX,KSEA
20407,KSLC,KBOI
20408,KJVL,KMSN
20409,KOAK,KLAS
20410,KBJC,KAPA
20411,KMHT,KDCA
20412,KMIA,KJFK
20413,KPDX,KFAT
20414,KLAS,KSEA
20415,KORD,KSDF
20416,EGNX,EDDP
20417,KMCI,KATL
20418,KBWI,KMIA
20419,LFPG,EDDP
20420,KBDU,CD20
20421,EGNX,EDDP
20422,KMSN,KORD
20423,KSDF,KBOS
20424,RCTP,VHHH
20425,KSJC,KPHX
20426,KSNA,KCNO
20427,VT25,KDCA
20428,KSLC,KOAK
20429,KMDW,KSTL
20430,KDAL,KBNA
20431,KIND,KATL
20432,KDFW,KMKE
20433,KVNY,KCMA
20434,KSFO,KLAS
20435,KSNA,KOAK
20436,EGPH,EGSS
20437,KFCM,KFBL
20438,KATL,KTYS
20439,KVPS,KDCA
20440,KTYS,KDCA
20441,KDAL,KOMA
20442,KSAT,KATL
20443,YSCB,YSSY
20444,K1G4,K61B
20445,KGSO,KLGA
20446,ESMS,EDDK
20447,KMDT,KATL
20448,KSLC,KLAS
20449,KLGA,KBNA
20450,NZAA,NZCH
20451,KFFZ,KA39
20452,OR81,KHIO
20453,KORD,KMSP
20454,CYYC,CYWG
20455,KDCA,KJFK
20456,KLAS,NV98
20457,38WA,KPAE
20458,KBOS,KPVC
20459,KGYL,KFCM
20460,KOAK,KBUR
20461,KSDF,KORD
20462,KBLI,KBFI
20463,KLAX,KLAS
20464,KATL,KDTW
20465,CYYC,CYYJ
20466,NZAA,NZWN
20467,KMSN,KJVL
20468,KORD,KRDU
20469,TJSJ,KMIA
20470,CYTZ,CYUL
20471,KHOU,KDFW
20472,KBUR,KOAK
20473,KLAX,KSFO
20474,KSMF,KSNA
20475,KBWI,KFLL
20476,KEWR,KMIA
20477,KATL,KTYS
20478,KHVN,KBOS
20479,OL23,KRVS
20480,KPHX,KONT
20481,KLAS,KSAN
20482,KMSP,KDEN
20483,KFNL,KBJC
20484,YMAY,YSWG
20485,KCRQ,KSEE
20486,KDEN,KLAS
20487,KLGB,KSFO
20488,KJNX,KIGX
20489,KGRB,KATL
20490,KSRQ,KATL
20491,KCBF,KRDK
20492,KOKC,KATL
20493,KMDW,KATL
20494,KSDF,KDFW
20495,KLAX,KABQ
20496,YMAY,YSSY
20497,KMDT,KCLT
20498,TA06,KADS
20499,KSLC,KLAS
20500,KMQY,KJWN
20501,KMCI,KBTF
20502,KSJC,KLAS
20503,KBOS,KDCA
20504,KLQK,SC32
20505,CYYJ,CYYC
20506,KLAX,KSNA
20507,KIND,KEWR
20508,KIAD,KCLT
20509,KMCI,KBNA
20510,SBBR,SBSP
20511,KORD,KSDF
20512,RJBB,RJTT
20513,KDCA,KSTL
20514,KPHX,KNYL
20515,KMDW,KDTW
20516,KPHL,KRDU
20517,KPAE,K0S9
20518,KDAL,KSDL
20519,KCRQ,KRNM
20520,KLZU,KD73
20521,NZCH,NZWN
20522,CYYZ,CYOW
20523,KDEN,KSAN
20524,KFHR,KRNT
20525,KGRR,KMSP
20526,KDEN,KSTL
20527,KSAT,KBNA
20528,KECP,KPNS
20529,KBWI,KATL
20530,KBNA,KATL
20531,KSAC,KEDU
20532,KBFI,KPWT
20533,KBTL,K9D9
20534,LPPR,LPFR
20535,YPMQ,YSSY
20536,KWHP,KLGB
20537,VABB,VIDP
20538,KCCR,KPAO
20539,KIND,KDCA
20540,LFPG,EDDK
20541,KBWI,KBKL
20542,KATL,KLGA
20543,LFBO,LPPR
20544,SBBR,SBKP
20545,NZRO,NZAA
20546,KTUL,KDFW
20547,NZCH,NZPM
20548,KJFK,KDTW
20549,KSFO,KLAX
20550,CYTZ,CYKZ
20551,YPAD,YMML
20552,KIAD,KEWR
20553,EKCH,EDDP
20554,KDFW,1MU0
20555,KLAS,KOMA
20556,KSRQ,KFXE
20557,KUAO,67OR
20558,KMIA,KBNA
20559,KIWA,KFFZ
20560,KIAD,KSYR
20561,KOKC,KDFW
20562,EDDK,LFPG
20563,EGBB,LFPG
20564,KMSP,KATW
20565,KPDK,KFTY
20566,YMMB,YMPC
20567,LIPE,EBLG
20568,KDMW,KGAI
20569,CYYC,CYVR
20570,KLGA,KBDR
20571,KAVX,KLGB
20572,KGPI,KSEA
20573,KORS,KRNT
20574,NZCH,NZRO
20575,KLAX,KPDX
20576,KIAD,KBOS
20577,KTUS,KIWA
20578,KSFO,KPDX
20579,PAEN,PANC
20580,KRHV,9CL2
20581,KOAK,KBUR
20582,LIRA,LIPZ
20583,CYYC,CYXX
20584,KMCE,KVIS
20585,MU65,KSTL
20586,KMDW,KSTL
20587,KD95,KPTK
20588,KADS,KF69
20589,EKCH,EGNX
20590,KLAX,KPHX
20591,KSAN,KLAS
20592,EGNX,EDDK
20593,KMSP,KATL
20594,RJTT,RJOO
20595,KDPA,KSTL
20596,KSEA,KSJC
20597,KPIT,KATL
20598,CYPK,CZBB
20599,KSJC,KBFI
20600,KCOS,KDEN
20601,CYOO,CSD7
20602,KBUF,KDCA
20603,SSJC,SBSP
20604,KPAE,KPWT
20605,SBSP,SBRJ
20606,KSAN,KPHX
20607,KPIT,KPHL
20608,KSTL,KATL
20609,KSEA,KBLI
20610,KIAD,KSTL
20611,KBUR,KVNY
20612,KTTD,OR40
20613,NZWN,NZHN
20614,KSEA,KSJC
20615,KFAT,KSJC
20616,KDEN,KPHX
20617,KATL,KFLL
20618,KDFW,KVPS
20619,KCLT,KRDU
20620,KSFO,KPDX
20621,4OL3,KDFW
20622,KBNA,KPHL
20623,KRDU,KATL
20624,WA09,KPAE
20625,KPWK,K3CK
20626,KORD,71KY
20627,RPLL,VHHH
20628,9CL2,KRHV
20629,KDFW,KPHX
20630,KRNM,KCRQ
20631,KLOU,6KY6
20632,KDFW,KTUL
20633,KABE,KDTW
20634,KSDL,KSNA
20635,SBSP,SBRJ
20636,KSFO,KSEA
20637,KBWI,KFLL
20638,KSEA,KPDX
20639,KSMF,KLAS
20640,KPTK,KYIP
20641,KRVS,KTIK
20642,KIAD,KPHL
20643,LIMC,EBLG
20644,KPHX,KBUR
20645,KSJC,KLAS
20646,KROC,KBWI
20647,KVNY,KEMT
20648,KBNA,KHOU
20649,CNV9,CYUL
20650,SC80,SC32
20651,KTEB,KBED
20652,EGSS,EDDP
20653,UUEE,ULLI
20654,KBFI,WA09
20655,KCMH,KORD
20656,KADS,KF69
20657,KDEN,KMCI
20658,KPHL,KBOS
20659,KSTL,KMDW
20660,KDCA,KDTW
20661,KLGB,KPHX
20662,KVNY,KSBA
20663,CBQ2,CZBB
20664,MI77,KBTL
20665,KDCA,KLGA
20666,KM33,KBNA
20667,KOAK,KSEA
20668,KC83,KLVK
20669,KSJC,KWHP
20670,KSEA,KYKM
20671,EGNX,LIMC
20672,KDEN,KMKE
20673,RJTT,RJAA
20674,KIND,KDTW
20675,KIWA,KA39
20676,SBBR,SBRJ
20677,TXKF,KJFK
20678,EGNX,EDDP
20679,KMYF,KTOA
20680,KSTL,KMCI
20681,KCRQ,KRNM
20682,KMDW,KCMH
20683,KSJC,KSEA
20684,KHSV,KIAH
20685,RPLL,VHHH
20686,KDAY,KDTW
20687,EGPH,EGNX
20688,SSJC,SBGR
20689,KLAS,KPHX
20690,LPPT,LFBO
20691,EGAA,EGSS
20692,SBGR,SBRJ
20693,KADS,KF69
20694,KBNA,KCLT
20695,KDEN,MT54
20696,KACK,KPVD
20697,KCLT,KBNA
20698,KF70,KOKB
20699,KMSP,KORD
20700,ESMS,EBLG
20701,KJFK,KBNA
20702,EGSS,EDDK
20703,KBUF,KORD
20704,KGSO,KDCA
20705,KBTL,7MI7
20706,KHWV,KFRG
20707,KSGF,KDFW
20708,EGLL,EDDP
20709,NZPM,NZAA
20710,KCOS,KAPA
20711,SSJC,SBKP
20712,KSNA,KLGB
20713,KPDK,KD73
20714,K3GM,6MI2
20715,KC29,KC47
20716,KVNY,KBUR
20717,KMIA,KATL
20718,OI34,7OA7
20719,KBNA,KMDW
20720,KSNA,KCNO
20721,KMDW,KTEB
20722,KMKE,KATL
20723,KIGX,KSOP
20724,KROC,KORD
20725,KBTL,MI77
20726,KEMT,KVNY
20727,K1G4,K61B
20728,KDTW,KMSN
20729,KPRB,33CL
20730,PAMR,PABG
20731,KOMN,KDAB
20732,NZGB,NZAA
20733,KLAX,KTUS
20734,KDAL,KSTL
20735,KMGJ,KHPN
20736,KTDF,KRDU
20737,KBLI,KSEA
20738,3NK5,KSYR
20739,KDFW,KBNA
20740,EDDS,EDDV
20741,KATL,KECP
20742,KLVK,KPAO
20743,88PA,KSTL
20744,KCLT,KATL
20745,WA35,KPAE
20746,EGAA,EGNX
20747,KMLI,KORD
20748,KIND,KORD
20749,KDTW,KBUF
20750,EKCH,EDDK
20751,KGYY,KDPA
20752,KDEN,KOMA
20753,KIAD,KMDT
20754,KTKI,KRVS
20755,KFAT,KSJC
20756,KLAS,KPDX
20757,KCMH,KDTW
20758,KDFW,KMSP
20759,KSJC,KLAX
20760,KDEN,KABQ
20761,9GE7,KPDK
20762,KDTW,KATW
20763,KSAN,KBOI
20764,KCDW,KSMQ
20765,KCMA,KFUL
20766,KFHR,KBFI
20767,KHEF,KCJR
20768,RJDC,RJTT
20769,KMDW,KBOS
20770,KMYF,KSDM
20771,KPIT,KPHL
20772,KDFW,KCOS
20773,KLGA,KRDU
20774,5MI8,KDTW
20775,KSMX,KLAS
20776,KIAD,KPVD
20777,KFAT,KSEA
20778,KSJC,KSBP
20779,KDEN,KCOS
20780,KCLT,KMCO
20781,KSDF,KSYR
20782,EGSS,EBLG
20783,KATL,KDTW
20784,KDCA,KRDU
20785,KBOS,KRDU
20786,KDEN,KBOI
20787,KSNA,KSJC
20788,KPDX,KSFO
20789,KMYF,KSNA
20790,KADS,TA06
20791,KFAT,KSJC
20792,KIAD,KDTW
20793,KLAS,KPHX
20794,SBBR,SBGR
20795,KGRB,KORD
20796,KOKC,KDFW
20797,KDTW,KORD
20798,KRDU,KMIA
20799,KORD,KIAD
20800,KSEA,KOAK
20801,KBUF,KORD
20802,K2K9,KRVS
20803,KDEN,KMSP
20804,KDTW,KCMH
20805,KATL,KMCO
20806,KSNA,KUDD
20807,KSFO,KLAS
20808,KIAD,KLEB
20809,KMDW,KBUF
20810,LPPT,LPMA
20811,04CL,KMYF
20812,KDEN,KCOS
20813,KISP,03NY
20814,KCWA,KORD
20815,KSNA,KLGB
20816,KCLT,KORF
20817,KDCA,KLGA
20818,KIND,KMSP
20819,KSJC,KLGB
20820,KSAT,KDFW
20821,KSEA,KSFO
20822,KATL,KEWR
20823,KGLH,KDFW
20824,TBPB,TVSM
20825,KDFW,07KY
20826,KOAK,KLAS
20827,KFFZ,KA39
20828,SSJC,SBRJ
20829,SBKP,SBRJ
20830,YMML,YBCG
20831,LPPT,LPFR
20832,K47A,KPDK
20833,YSSY,YBBN
20834,KLGB,KCNO
20835,NZWN,NZRI
20836,LFPG,EDDP
20837,KSDF,KPHL
20838,KANE,KMIC
20839,OMDB,OBBI
20840,KABQ,KLAX
20841,CNV9,CYUL
20842,CYUL,CYYZ
20843,KSMF,KBOI
20844,RJBB,RJFF
20845,KMCI,KORD
20846,KEWR,KDTW
20847,KCLT,KBKL
20848,EDDM,EDDV
20849,EDDK,EDDP
20850,KWHP,KCMA
20851,LPPT,LPPR
20852,EGNX,EBBR
20853,KISP,KFOK
20854,KTTD,WA63
20855,KORD,KSYR
20856,KNUC,KNZY
20857,YMML,YSSY
20858,SPST,SPJC
20859,KLAS,KSAN
20860,KATL,KORF
20861,CYVR,CML2
20862,KISP,KFOK
20863,KBUR,KWHP
20864,CYYZ,KORD
20865,KLAS,KOAK
20866,KCLT,KLGA
20867,EGNX,LFPG
20868,CYVR,CYYC
20869,CYUL,CYYZ
20870,KCNO,KSNA
20871,KBUR,KOAK
20872,KSFO,KLAX
20873,KTEB,KHPN
20874,EDDP,LZIB
20875,KCMA,KPOC
20876,K47A,KPDK
20877,KCLT,KATL
20878,KFRG,KTEB
20879,KDEN,KLAS
20880,KSAF,KDFW
20881,KFAT,KSNS
20882,KPHX,KSNA
20883,KTYS,KDFW
20884,KPAO,KRHV
20885,K1G4,K61B
20886,KONT,KPHX
20887,KSMO,KFAT
20888,KMYF,KF70
20889,KROC,KIAD
20890,KDEN,KPHX
20891,CYXE,CYYC
20892,KAJO,KSNA
20893,KMSN,KATL
20894,KSAN,KLAX
20895,LFRN,EBLG
20896,7OH2,KORD
20897,KCLT,KBNA
20898,KORD,KDCA
20899,KDVO,KO69
20900,KRNM,KSEE
20901,KSDF,KDFW
20902,KBUR,KPHX
20903,KORF,KBNA
20904,KSMF,KPHX
20905,KMVY,KPVD
20906,KSTL,KDFW
20907,KSEA,KSFO
20908,KCLT,KEWR
20909,RJTT,RJOA
20910,KRDK,KCBF
20911,KSDL,KLAS
20912,KDAY,KPHL
20913,KAPA,KSDL
20914,EDDK,EGNX
20915,KMDW,KATL
20916,KPDX,KPAE
20917,KMSN,KDTW
20918,KSTL,KPPQ
20919,KIAD,KABE
20920,GBYD,GOBD
20921,KSMO,KCMA
20922,RJFF,RJTT
20923,YSWG,YSSY
20924,KSAN,KSJC
20925,LFPG,EBLG
20926,KONT,KLAS
20927,KN51,KTTN
20928,KSFO,KCRQ
20929,KCLT,KBUF
20930,KSMO,KCMA
20931,CYYZ,CYOW
20932,KBNA,KCMH
20933,KIAD,KLGA
20934,KTYS,KDTW
20935,KPHX,KHHR
20936,KDAL,KTUL
20937,KBFI,KBVS
20938,NZPM,NZCH
20939,CYVR,CYYJ
20940,KSGF,KDFW
20941,EDDV,EDDM
20942,KCHD,KDVT
20943,KSLC,KLAX
20944,KLAS,KHHR
20945,NZWN,NZCH
20946,YMML,YSSY
20947,KRDU,KLGA
20948,KSAN,KVNY
20949,KPSP,KSFO
20950,KSTS,KSFO
20951,KDTW,KCLT
20952,LIMC,LFPG
20953,KEWR,CYUL
20954,KBTL,7MI7
20955,KCLT,KPNS
20956,KUYF,KOSU
20957,KDFW,KHSV
20958,KLGA,KDCA
20959,KATL,KHSV
20960,CYVR,CYYJ
20961,KORD,KRDU
20962,OBBI,OEDF
20963,NZRO,NZWN
20964,KMKE,KPWK
20965,LIMC,EDDK
20966,YMMB,YRKE
20967,KMDW,KCLT
20968,CYYZ,CYUL
20969,KMSN,KMSP
20970,RJTT,RJBB
20971,GMMN,GMTT
20972,KHPN,KSWF
20973,KBNA,KPNS
20974,KPHX,KNYL
20975,KIWA,KSJC
20976,OBBI,OMDB
20977,KMSP,KOMA
20978,KBID,KHPN
20979,KIND,KDTW
20980,KPTK,KYIP
20981,LIMC,EDDP
20982,KDTW,KMDW
20983,EGNX,EDDP
20984,KAUS,KDAL
20985,KDMA,KPHX
20986,KSDL,KCRQ
20987,KDAL,KMCI
20988,KMDW,KDTW
20989,KDEN,KMCI
20990,KLAX,KSLC
20991,KSJC,KSNA
20992,KJFK,KDCA
20993,KCLT,KATL
20994,KLAS,KSNA
20995,KPWK,KDPA
20996,EDDV,EDDS
20997,KOXR,KONT
20998,SBRJ,SBGR
20999,KPWT,KBFI
21000,RCTP,VHHH
21001,KVNY,KCMA
21002,OG02,KHIO
21003,KNUC,KNZY
21004,KCLT,KROC
21005,SSJC,SBGR
21006,KORD,KGRB
21007,KORD,KPIT
21008,KSDF,KATL
21009,KFNT,KORD
21010,LSZV,LSMD
21011,YPAD,YCVG
21012,KGRB,KDTW
21013,KATW,KORD
21014,KMDW,KOMA
21015,KMWC,WI77
21016,KRAL,KTOA
21017,EDDP,LIMC
21018,SBRJ,SBSP
21019,NZAA,NZWN
21020,EGTE,EGNX
21021,KCWA,KMSP
21022,RJTT,RJFF
21023,KCLT,KMCO
21024,EBBR,EDDP
21025,KLGB,KLAS
21026,KOMA,KMSP
21027,KMSN,KRAC
21028,KRDU,KISO
21029,KTUL,KOMA
21030,KCMH,KIAD
21031,KATL,KBNA
21032,KSKA,KSEA
21033,KWHP,KCMA
21034,KIAD,KBKL
21035,KAND,SC32
21036,KTEB,KFRG
21037,YMML,YMHB
21038,KGSO,KIAD
21039,UUEE,ULLI
21040,KOAK,KLAX
21041,KDAL,KBNA
21042,RJFF,RJTT
21043,KMKC,KPWK
21044,KBTL,MI77
21045,SBGL,SBKP
21046,KPHX,KABQ
21047,RJOO,RJTT
21048,KORF,KDTW
21049,KRNM,KCRQ
21050,KCRQ,KLAS
21051,YBBN,YSSY
21052,KNUC,KNZY
21053,KLAX,KPHX
21054,KVNY,KHHR
21055,KADS,KF69
21056,KTTA,KRDU
21057,CYYZ,KBOS
21058,KRNM,KSEE
21059,KMSP,KORD
21060,KCLT,KPHL
21061,SBRJ,SBGR
21062,KAWO,KRNT
21063,KSJC,KSAN
21064,EGPH,EGNX
21065,KSMO,KLGB
21066,EDDP,EKCH
21067,KLAX,KFAT
21068,KSEE,KMYF
21069,NZCH,NZWN
21070,00KS,KIXD
21071,KDFW,TA37
21072,CYYC,CYVR
21073,KLAS,KSAN
21074,KSEA,KGEG
21075,KAUS,KDFW
21076,SBSP,SBRJ
21077,KABQ,KPHX
21078,KPHX,KSBA
21079,KBDR,KFRG
21080,KARR,K06C
21081,KTUL,KPWA
21082,KSEA,KGEG
21083,KADS,KFTW
21084,NZTG,NZWN
21085,KLAS,KSNA
21086,YMML,YMHB
21087,KMYF,KRNM
21088,CYVR,CYGB
21089,RJTT,RJOO
21090,EGPH,EGSS
21091,RCTP,VHHH
21092,KSBD,KWHP
21093,KDAL,KSAT
21094,KMCI,KSTL
21095,KIAD,KCLT
21096,KBVS,KPWT
21097,KFTY,KPDK
21098,NZNV,NZCH
21099,KLAS,KSAN
21100,KSJC,KLAX
21101,KIND,KATL
21102,SPJC,SPST
21103,KPAE,KAWO
21104,KRHV,KE16
21105,KUNV,KHPN
21106,KSTL,KDTW
21107,KAVX,KLGB
21108,KPHX,KPSP
21109,KFUL,KRIR
21110,EKCH,EKYT
21111,KLGB,KSEE
21112,KFHR,KRNT
21113,KDTW,KROC
21114,KPHX,KSAN
21115,KPWT,KBFI
21116,NC56,KRDU
21117,KPHX,KSBP
21118,KIND,KDTW
21119,KBFI,KBOI
21120,RJBB,RJAA
21121,KLAX,KSFO
21122,KDEN,KSLC
21123,KCLT,KCMH
21124,KTIW,KBLI
21125,KCMA,KCNO
21126,KFAT,KVIS
21127,EBLG,EGNX
21128,KOAK,KSNA
21129,KCMA,KOXR
21130,KSBP,KPRB
21131,RJOA,RJTT
21132,KSMX,KVIS
21133,KBUR,KSTS
21134,CZBB,CYPK
21135,KUES,KPWK
21136,KMCO,KMIA
21137,KPHX,KLAX
21138,KLAX,KSJC
21139,KDTW,KORD
21140,KDEN,KOKC
21141,KECP,KBNA
21142,KBUR,KSBP
21143,LIPZ,LIRA
21144,PAEN,PANC
21145,KDFW,KPWA
21146,KSFO,KLAX
21147,KCNO,KCMA
21148,KEMT,KBUR
21149,KIAD,KALB
21150,KPHX,KBUR
21151,KSYR,KDTW
21152,LIMC,EDDP
21153,RJBB,RJTT
21154,KRDU,KEWR
21155,KBFI,KFHR
21156,KD73,KPDK
21157,YMML,YSCB
21158,KSNA,KLAS
21159,KSDM,KVNY
21160,WN18,KBFI
21161,KAPA,KCOS
21162,KAVX,KTOA
21163,KFHR,KBLI
21164,KPSP,KCRQ
21165,LIMC,LFPG
21166,KLAX,KSFO
21167,KCLT,KDCA
21168,KIAD,KTYS
21169,CYYZ,KBOS
21170,KLAS,KPHX
21171,KCRQ,KSNA
21172,KMSP,KSTL
21173,KSTL,KORD
21174,KDFW,TX45
21175,KAUN,KTRK
21176,KBNA,KDTW
21177,KSNA,KVNY
21178,KPHX,KABQ
21179,K5C1,TE13
21180,KJNX,KRDU
21181,KCVG,KORD
21182,YSSY,YSCB
21183,KLAS,KONT
21184,KSBD,KWHP
21185,LFPG,LFML
21186,KLGB,KSNA
21187,KE16,KRHV
21188,NZAA,NZPM
21189,KSTL,KORD
21190,EGNX,EIDW
21191,KA39,KFFZ
21192,KVPS,KATL
21193,38WA,KPAE
21194,KJFK,KDCA
21195,KCRQ,KSDL
21196,KSNA,KSFO
21197,EDDP,EHAM
21198,KDAL,KHOU
21199,KDLO,KSMO
21200,KSBA,KCRQ
21201,KSEA,6WA3
21202,KPHX,KPSP
21203,KSNA,KLAS
21204,KROC,KPHL
21205,59IL,KDPA
21206,KMKE,KDTW
21207,KLGB,KSNA
21208,KIAH,KDAL
21209,KGRB,KMSP
21210,ESSA,ESGG
21211,KBFI,KPDX
21212,YMML,YSDW
21213,KBNA,KATL
21214,KSDL,KSNA
21215,CYVR,CYYJ
21216,EDDP,EDDK
21217,KPHX,KLAS
21218,KLAF,IN29
21219,EGSS,EGPH
21220,KDTW,KORD
21221,KAWO,KPAE
21222,CYCD,CYVR
21223,KHSV,KATL
21224,LFPG,EGSS
21225,KCMA,KVNY
21226,KSMF,00CL
21227,KATL,SC32
21228,KMKE,KMSP
21229,KCOE,ID23
21230,KVIS,KL73
21231,KORF,KPHL
21232,KRHV,KE16
21233,KLAX,KSFO
21234,PAEN,PANC
21235,KOAK,KO69
21236,KBTL,7MI7
21237,KFCM,88MN
21238,YWLM,YSCB
21239,CYUL,KBOS
21240,KLAS,KBUR
21241,CYCD,CYVR
21242,59IL,KDPA
21243,KRDU,KISO
21244,KPNS,KDTS
21245,KLGB,KSMO
21246,KAVX,KLGB
21247,KCWA,KDTW
21248,KFKR,KLAF
21249,KMSP,4WI4
21250,YMML,YSWG
21251,KDAL,KHOU
21252,KYKM,KSFF
21253,KBFI,KPAE
21254,KRFD,KMSP
21255,KAFW,KAUS
21256,KSAN,KSBP
21257,KFFC,64GA
21258,KFTW,3XA8
21259,KRNM,KMYF
21260,KCVG,KDTW
21261,KLAS,KLAX
21262,KAWO,KPAE
21263,K1G4,KLAS
21264,KAUS,KHOU
21265,KATW,KDTW
21266,KBVS,KBFI
21267,RJOO,RJTT
21268,KCMA,KL70
21269,KFOK,KFRG
21270,KCRQ,KFUL
21271,KRMN,1VA9
21272,KCLT,17NC
21273,KSQL,KLVK
21274,KFHR,KRNT
21275,KHYI,XS80
21276,CYVR,CAP3
21277,KTUL,KDAL
21278,KBED,KLEB
21279,KCLT,KORF
21280,KADS,1TE8
21281,RJTT,RJOO
21282,KGSO,KCLT
21283,KPHX,KPSP
21284,KPRB,KSBP
21285,KCRQ,KSNA
21286,KBKF,KFNL
21287,CYVR,KBFI
21288,CAT4,CYVR
21289,K1G4,KLAS
21290,KRVS,OK13
21291,KLAS,KCMA
21292,YSSY,YSCB
21293,KSNA,KMYF
21294,KMSP,KOMA
21295,KSEE,KMYF
21296,KMSP,KMSN
21297,K10C,KC77
21298,KFHR,KBFI
21299,KOXR,KSBP
21300,KRVS,OK13
21301,KOAK,KO69
21302,YBBN,YPAC
21303,ENBR,ENZV
21304,KTKI,3TS9
21305,KLAS,KVNY
21306,KRMN,1VA9
21307,KVNY,KCMA
21308,K12N,KCDW
21309,KRNM,KMYF
21310,KSMF,KSFO
21311,KPDX,KSEA
21312,KHHR,KSNA
21313,KSEA,KPDX
21314,CYYJ,CYVR
21315,KMYF,KSDM
21316,PAMR,PABG
21317,KCCR,KRHV
21318,KRDU,KCLT
21319,KYKM,KSEA
21320,KRBD,KFTW
21321,KBLI,KSEA
21322,KSEE,KRNM
21323,KSEA,KPDX
21324,KRVS,19OK
21325,KTOA,KCMA
21326,PAMR,PABG
21327,KRNM,KCRQ
21328,KSNA,KMYF
21329,KUAO,KVUO
21330,KFTW,K50F
21331,PAEN,PANC
21332,NZTG,NZAA
21333,KBFI,WT77
21334,KPYM,KOWD
21335,KCBF,KOMA
21336,KSDL,KCHD
21337,KE16,KPAO
21338,KC83,KLVK
21339,KPAE,KBLI
21340,KCMA,KL70
21341,KWVI,KRHV
21342,KFHR,KBLI
21343,KLGB,KSMO
21344,KFCM,1MN8
21345,CYYJ,CYVR
21346,KJNX,KRDU
21347,KVNY,CL46
