Index,Source,Target
1,KJFK,EIDW
2,KORD,KLAX
3,KLAX,KBOS
4,KLAX,EDDF
5,WSSS,KSFO
6,VHHH,EDDF
7,VHHH,KJFK
8,YSSY,OMDB
9,RCTP,KJFK
10,YMML,OTHH
11,RPLL,YSSY
12,WSSS,KLAX
13,YSSY,OTHH
14,KJFK,VHHH
15,KSFO,EDDF
16,VHHH,EDDF
17,FACT,LOWW
18,YMML,OTHH
19,ELLX,SBGR
20,RPLL,KLAX
21,KLAX,RCTP
22,EFHK,KLAX
23,EGLL,KSFO
24,YPPH,OMDB
25,RCTP,KLAX
26,RJBB,LFPG
27,WSSS,LFPG
28,WSSS,LIMC
29,LEMD,SKBO
30,CYYZ,VHHH
31,EHAM,KATL
32,RCTP,EDDF
33,RJTT,EDDF
34,PANC,VHHH
35,KJFK,KIAD
36,SPJC,LEMD
37,EDDF,KIAD
38,EGLL,KLAX
39,EPWA,KEWR
40,KIAD,OMDB
41,RCTP,KSFO
42,RCTP,KSFO
43,WSSS,EGLL
44,RCTP,KSEA
45,EGLL,VHHH
46,KLAX,KEWR
47,RCTP,KLAX
48,KSLC,KLAX
49,RCTP,EHAM
50,WSSS,EHAM
51,RCTP,KLAX
52,VHHH,PANC
53,WSSS,EDDF
54,WSSS,EHAM
55,WSSS,NZCH
56,RPLL,OMDB
57,VHHH,YSSY
58,EGLL,KLAX
59,VHHH,EGLL
60,VHHH,KLAX
61,RPLL,OMDB
62,KLAX,YSSY
63,WSSS,LFPG
64,EDDF,RJTT
65,OTHH,WMKK
66,VHHH,YMML
67,OTHH,YMML
68,WSSS,UUDD
69,WSSS,EDDM
70,OMDW,VHHH
71,EGLL,SBGR
72,RCTP,NZAA
73,KMIA,KLAX
74,EDDF,KORD
75,VHHH,CYVR
76,OTHH,WSSS
77,RPLL,OTHH
78,OTHH,YSSY
79,PANC,RJBB
80,KORD,VIDP
81,VHHH,KSFO
82,KEWR,VIDP
83,LFPG,RJTT
84,WSSS,EGLL
85,FACT,OTHH
86,VABB,OMSJ
87,SPJC,LEMD
88,LFPG,CYVR
89,LFPG,CYUL
90,VHHH,PANC
91,WSSS,LSZH
92,LPPT,KEWR
93,KSFO,KEWR
94,WSSS,YSSY
95,EIDW,KPHL
96,WSSS,YBBN
97,VABB,KEWR
98,EDDK,KSDF
99,KDEN,KSFO
100,OBBI,RPLL
101,EGLL,KJFK
102,KORD,PANC
103,EDDF,VOMM
104,PANC,RCTP
105,LEBL,OTHH
106,VIDP,UUEE
107,SBGR,LFPG
108,PANC,VHHH
109,GOBD,OMDB
110,PANC,VHHH
111,LFPG,OTHH
112,FACT,EDDF
113,KMIA,KLAX
114,VIDP,KEWR
115,KLAX,KJFK
116,KORL,KLAS
117,KORD,PANC
118,KSFO,KPHL
119,KLAS,KBUF
120,KORD,PANC
121,EDDK,KSDF
122,KPHX,KIAD
123,KLAX,LLBG
124,KEWR,KSFO
125,KTEB,KOAK
126,KATL,EDDF
127,PANC,RJBB
128,EGLL,VIDP
129,EDDK,KSDF
130,EHAM,WSSS
131,PANC,VHHH
132,PANC,KSEA
133,KSAN,KEWR
134,KLAX,KJFK
135,KSFO,KMSP
136,KMIA,CYUL
137,KLAX,KBOS
138,EGLL,VIDP
139,SBGL,LPPT
140,KBFI,PANC
141,EDDF,SBKP
142,EGLL,WSSS
143,KSAT,MMTJ
144,VHHH,PANC
145,KEWR,KLAX
146,KLAX,KIAD
147,KPHX,KPHL
148,KSFO,KFLL
149,EGLL,OMDB
150,KLAX,KEWR
151,KPHX,KJFK
152,KSFO,KIAD
153,KSAN,KJFK
154,KSFO,KJFK
155,KDEN,KLAX
156,KIAH,KLAX
157,VHHH,UUEE
158,KDEN,KSFO
159,KBOS,KPHX
160,PANC,KMIA
161,KIAD,KBOI
162,KSFO,KMIA
163,PANC,KMSP
164,KLAS,KMIA
165,RJBB,KOAK
166,EHAM,RCTP
167,KCLT,KLAS
168,SBGR,LPPT
169,KLAX,RCTP
170,KDEN,KORD
171,KSAN,KBWI
172,KSEA,KEWR
173,EPWA,OMDB
174,EGLL,OMAD
175,UUEE,UNEE
176,KATL,KPDX
177,PANC,KMSP
178,KDFW,KORD
179,KVNY,KTEB
180,LFPG,OMDB
181,EDDF,WSSS
182,KSAN,KEWR
183,EGLL,OMDB
184,KLAX,VHHH
185,KORD,PANC
186,KJFK,EDDF
187,KDEN,KLAX
188,KSFO,KJFK
189,KLAX,KDCA
190,KPHX,KJFK
191,KMIA,UUEE
192,EDDF,OMDB
193,PANC,VHHH
194,KLAX,KDTW
195,KJFK,KSFO
196,KLGA,KDEN
197,KJFK,KLAX
198,KDTW,KLAX
199,SKBO,LEMD
200,KPHL,KPHX
201,KJFK,LLBG
202,KDCA,KPHX
203,LTFJ,OTHH
204,KLAX,KFLL
205,KLAX,KDCA
206,KPHL,KLAX
207,KSFO,KEWR
208,KLAS,KDCA
209,UUWW,UNEE
210,RCTP,WMKK
211,KLAX,KMIA
212,KSAN,KORD
213,KPHX,KJFK
214,KDEN,KEWR
215,EDDF,WSSS
216,KLAX,KIAD
217,KJFK,KPHX
218,KLAS,KEWR
219,KSEA,KCMH
220,KMIA,SBGR
221,KORD,KDFW
222,KFLL,KDEN
223,SBGR,LPPT
224,KORD,PANC
225,OTHH,VGZR
226,VOBL,LFPG
227,SKBO,EHAM
228,KLAX,KJFK
229,KATL,SKBO
230,KJFK,KSEA
231,VIDP,KIAD
232,KJFK,KLAX
233,LPPT,GOBD
234,KLAX,KBOS
235,KSDF,KBFI
236,KORD,KLAX
237,KIAD,SKBO
238,CYVR,CYUL
239,KSFO,KORD
240,KDFW,KIAD
241,LEMD,BIKF
242,KPHX,KDCA
243,KSAN,KORD
244,EGLL,LLBG
245,KORD,KSAN
246,KAUS,KSEA
247,KLAX,KATL
248,KLAS,KFLL
249,KSFO,KIAD
250,CYVR,CYOW
251,KLAX,KJFK
252,LEBL,LLBG
253,KPHX,KMIA
254,KMSP,KLAX
255,KMDW,KSAN
256,YBBN,YPPH
257,KORD,KSEA
258,KDTW,KPHX
259,KJFK,KSEA
260,SKBO,EHAM
261,KORD,OMDB
262,KSFO,KBOS
263,88PA,KLAS
264,KATL,KLAX
265,KLAS,KLAX
266,KLAX,KORD
267,KEWR,KLAS
268,ELLX,OMDW
269,KORD,KSFO
270,KCLT,KSEA
271,KSEA,EHAM
272,EGLL,WSSS
273,SKBO,KMIA
274,KSFO,KJFK
275,KORD,KPHL
276,CYVR,CYYZ
277,KSDF,KDEN
278,KBUR,KTEB
279,KSFO,EGLL
280,LIMC,KJFK
281,TJSJ,KEWR
282,KSEA,KATL
283,KJFK,LFPG
284,KLAS,KATL
285,KATL,KLAS
286,KLGA,KDEN
287,KSAN,KBOS
288,KEWR,KDEN
289,KPHX,MMUN
290,KATL,KDEN
291,KORD,KLAS
292,KMIA,SPJC
293,KPHX,KRDU
294,OTHH,VGZR
295,KORD,KLAX
296,SBKP,KMIA
297,KSEA,KJFK
298,KATL,KSFO
299,KRDU,KDEN
300,KLAX,KBOS
301,KORD,KSLC
302,KSFO,EDDM
303,LSZH,LLBG
304,KPHL,KDEN
305,KATL,LFPG
306,KORD,KSFO
307,KEWR,KSEA
308,KSFO,KDFW
309,KCLT,KSFO
310,KAUS,KSJC
311,EGLL,OBBI
312,VIDP,KJFK
313,KBOS,KSJC
314,OMDB,LFPG
315,KFLL,KSLC
316,KSEA,KDCA
317,KLAS,KMKE
318,VABB,EGLL
319,KDFW,PANC
320,CYUL,LSZH
321,KSFO,KATL
322,KDFW,EDDF
323,VHHH,YSSY
324,LSZH,SBGR
325,LKPR,LLBG
326,KBOS,KLAX
327,CYVR,CYYZ
328,UUDD,OMDB
329,KDAL,KPHX
330,GMMN,OERK
331,KDEN,KBOS
332,KDFW,KSFO
333,KMIA,KDEN
334,KSDF,KONT
335,CYVR,EHAM
336,KBOS,KSEA
337,KSEA,KJFK
338,KPHX,KORD
339,EPWA,LLBG
340,VABB,VIDP
341,KOMA,KSEA
342,KCLT,KLAX
343,OMDB,EHAM
344,KMSP,KMCO
345,OTHH,LIMC
346,KIAD,KLAX
347,KDTW,KSEA
348,CYUL,CYYC
349,KORD,KSAN
350,KMIA,SPJC
351,KMIA,KIAD
352,KORD,KSEA
353,LLBG,KJFK
354,VIDP,EDDF
355,KDEN,KFLL
356,KLAS,KORD
357,KFLL,KSFO
358,KDTW,KLAS
359,KORD,KLAX
360,KMIA,LPPT
361,LLBG,KEWR
362,KSNA,KTEB
363,KLAX,KEWR
364,SKBO,KMIA
365,KDFW,KPDX
366,KCLT,KSAN
367,KMCI,KLAX
368,KSEA,KAFW
369,KLAX,RJTT
370,KMSP,KSEA
371,KSDF,KLAS
372,KDEN,KMCO
373,KATL,KDEN
374,KCLT,KPHX
375,KSFO,KBOS
376,KJFK,KDFW
377,KDAL,KSEA
378,LLBG,KJFK
379,KLAX,KDFW
380,KBOI,KORD
381,KLAX,EHAM
382,CYOW,CYYC
383,KSDF,KONT
384,KJFK,LIRF
385,KORD,KPHX
386,OMAA,YMML
387,KSFO,EDDF
388,KLAX,KTUL
389,SKBO,SBGR
390,KORD,ELLX
391,LFPG,OTHH
392,KJFK,EIDW
393,KSFO,KJFK
394,KAUS,KSFO
395,KMSP,PANC
396,KPDX,KORD
397,EIDW,OTHH
398,CYYZ,CYVR
399,KMIA,SKBO
400,KJFK,KSAN
401,KGPI,KORD
402,TJSJ,KJFK
403,KLAS,KEWR
404,KSFO,KORD
405,KSNA,KDFW
406,KATL,KLAS
407,KMSP,KLAS
408,KLAX,KOMA
409,KAUS,KLGB
410,KATL,KPHX
411,KORD,KSFO
412,KLAS,KIAD
413,KABQ,KSEA
414,KDCA,KLAX
415,CYYZ,EDDF
416,KORD,KPDX
417,KRDU,KLAX
418,KBOS,LFPG
419,KLAX,KMSP
420,KDTW,KSAN
421,KORD,KLAS
422,KDFW,EGLL
423,KLAX,KORD
424,LTFJ,EDDV
425,KORD,ELLX
426,CYYZ,EHAM
427,KSEA,KORD
428,VABB,LFPG
429,KDAL,KPDX
430,KCMH,KPHX
431,KDFW,EDDF
432,KMIA,KLAS
433,KORD,EHAM
434,KBOS,KSFO
435,EGLL,VHHH
436,KBOS,KSAN
437,KSDF,KLAX
438,VIDP,EGLL
439,KATL,KSLC
440,KLAX,KJFK
441,KDCA,KHOU
442,KDEN,KRDU
443,SBGR,EDDF
444,KJFK,KSAN
445,KSAN,KMSP
446,KSTL,KMIA
447,KDEN,KHOU
448,OMSJ,VIDP
449,KPDX,KORD
450,KDFW,KSBP
451,SBGR,LEMD
452,KFLL,KMDW
453,KSNA,KORD
454,YPAD,YPPH
455,KBOS,EIDW
456,YPAD,YMML
457,KSEA,EDDF
458,KLAX,KJFK
459,KSTL,KLAX
460,EGSS,KSDF
461,CYYZ,CYVR
462,KMCI,KLAX
463,VOMM,WSSS
464,KAUS,KOAK
465,KMIA,KEWR
466,KATL,KPHX
467,VIDP,KSFO
468,KORD,EIDW
469,LFPG,SBGL
470,KDEN,KMCO
471,KATL,KPHX
472,KDFW,KEWR
473,KBFI,KLAS
474,KORD,EPWA
475,GOBD,EBBR
476,KSFO,KBKL
477,KSMF,KDFW
478,KMIA,KDFW
479,KSAT,KBWI
480,KFLL,KHPN
481,KBWI,KSEA
482,LEPA,ESSA
483,KJFK,LEMD
484,KEWR,KPHX
485,OMDB,EDDF
486,KONT,KDFW
487,KBOS,KBNA
488,KSAN,KDFW
489,KLGA,KORD
490,KDFW,KBOS
491,KIAD,KAUS
492,KLAS,KDAL
493,KMIA,LEMD
494,KPWA,KSAF
495,SBBR,SBSP
496,KORD,KBOI
497,LLBG,KEWR
498,KSEA,KPHX
499,KAUS,KORD
500,KEWR,LLBG
501,KSTL,KLAS
502,KFLL,KRDU
503,KTYS,KDEN
504,KLAS,KCLT
505,KJFK,KLAS
506,KBOS,EDDF
507,KMIA,EDDF
508,KPHX,KBNA
509,KSDF,PANC
510,PANC,KSEA
511,VHHH,OMDB
512,KATL,KSEA
513,KPHX,KSEE
514,KJFK,LOWW
515,KLAX,KPHL
516,KCLT,KMSP
517,KIAH,KSLC
518,KRDU,KDFW
519,KLAS,KMDW
520,KDEN,KLGA
521,KORD,PANC
522,KIAD,KPHX
523,KSDF,KONT
524,KBUR,KDFW
525,KLAS,KATL
526,KDCA,KMCI
527,KPHL,KDEN
528,KATL,KDEN
529,KMIA,SKBO
530,KEWR,KSFO
531,KORD,EDDF
532,KDCA,KDEN
533,KLAX,KORD
534,KPHX,KPDX
535,KDFW,KDCA
536,KPDX,KSAN
537,KATL,KLAX
538,KMIA,KPHL
539,KDTW,KPHX
540,TJSJ,KATL
541,LFPG,SBGR
542,KSLC,KSAN
543,KJFK,LIMC
544,KSAT,KORD
545,KMSP,KSFO
546,KSEA,KDTW
547,KRDU,KDEN
548,CYYZ,LPPT
549,KEWR,KDEN
550,KSTL,KSAN
551,KORD,KPHX
552,KVNY,KUGN
553,KBOS,KMIA
554,KMSP,KPHX
555,KDFW,KMSP
556,KDFW,KMIA
557,KMDW,KPHX
558,KBOS,KSEA
559,KLAX,KHOU
560,LLBG,KJFK
561,KORD,LOWW
562,PANC,KSEA
563,KATL,EHAM
564,KBWI,KPHX
565,KPHX,KMDW
566,KMIA,SPJC
567,KDEN,KIAD
568,KSAN,KMKC
569,KPDX,PANC
570,YSSY,WSSS
571,KSEA,KSAN
572,KDEN,KSFO
573,KMCI,KBWI
574,KLAS,KSEA
575,KDFW,KFLL
576,KIAH,KSEA
577,KDFW,KSNA
578,KMIA,KDAL
579,KMIA,SKBO
580,KBOI,KSAN
581,KDFW,LEMD
582,KDFW,KLAS
583,KSMO,KVGT
584,KDFW,KJFK
585,KEWR,EKCH
586,UUDD,ULMM
587,KDEN,KORD
588,KMSP,KBWI
589,KATL,LFPG
590,LEMD,SBGR
591,KCLT,KBOS
592,YSSY,OTHH
593,KLAS,KMSP
594,KGPI,KLAX
595,KDFW,KMCO
596,KIAD,KSEA
597,PANC,KSEA
598,KJFK,EPWA
599,KDEN,KFAT
600,KATL,PANC
601,KATL,KEWR
602,CYVR,KSFO
603,KPHX,KDAL
604,KBNA,KDEN
605,KAUS,KORD
606,KEWR,LOWW
607,KSTL,KPHX
608,KIAH,KSLC
609,KJFK,KLAX
610,KSAT,KMCO
611,KFLL,SPJC
612,KORD,KMDT
613,KATL,EGLL
614,KDFW,MMUN
615,NK43,KFLL
616,KBWI,KFLL
617,KORD,KSEA
618,KDFW,KMDT
619,KPDX,KABQ
620,KAUS,KSEA
621,KEWR,LIRF
622,KIAH,KCOS
623,KSEA,KPHX
624,KATL,KSEA
625,KORD,KDEN
626,KFLL,KDEN
627,KJFK,KLAX
628,KDEN,KPHL
629,KBUR,KBFI
630,LEMD,SKBO
631,KIAD,KSAN
632,KLAX,KMCO
633,KONT,KSEA
634,KEWR,KMIA
635,KIAH,KDEN
636,KORD,KPVD
637,OMDB,VECC
638,KBUF,KDFW
639,KDCA,KMCO
640,KDFW,KONT
641,KLAS,KORD
642,KAUS,KATL
643,KDEN,KFLL
644,KEWR,KSNA
645,KATL,EHAM
646,KMKE,KMCO
647,OTHH,VABB
648,LLBG,KJFK
649,KDTW,KMCO
650,VIDP,OTHH
651,KBOS,KLAX
652,KDEN,KSAN
653,KDFW,KPHL
654,KPHX,KORD
655,KMSP,EHAM
656,KMCI,KPHX
657,KHOU,KMDW
658,KCLT,KDFW
659,KDCA,KSEA
660,CYYZ,EPWA
661,KORD,KFLL
662,KDCA,KSFO
663,KIAD,KDEN
664,VHHH,EDDF
665,CYVR,CYYZ
666,KATL,KMSP
667,KMIA,LEBL
668,KAUS,KLAX
669,KIAH,KMSP
670,KDEN,KSAN
671,KAUS,KRDU
672,KIAD,LOWW
673,KLAX,KORD
674,KDFW,KCOS
675,KJFK,KPHX
676,SBGR,EHAM
677,KDFW,KORD
678,KEWR,KLAS
679,KBOS,KLAX
680,KSTL,KLAX
681,KSNA,KORD
682,TJSJ,KJFK
683,KPHX,KATL
684,KDEN,KMKE
685,KATL,KPDX
686,KFLL,KPHL
687,KLAX,EDDF
688,KLGA,KORD
689,OMDB,VOMM
690,KRDU,KSEA
691,EKCH,LIMC
692,KPHX,KMSP
693,KAUS,KPHX
694,KIAH,KSFO
695,KATL,KBOS
696,KFLL,KBOS
697,KBNA,KPHL
698,KJFK,KPHX
699,KDEN,KMCO
700,KLAX,KEWR
701,KORD,LEMD
702,KMIA,KLAX
703,KONT,KPDX
704,KAUS,KDTW
705,KIAH,KPHX
706,KMDW,KLAS
707,CYYZ,CYYC
708,KSFO,EDDF
709,KATL,EDDF
710,KDFW,LFPG
711,KORD,EGLL
712,KSEA,KLAX
713,VECC,VIDP
714,KDEN,KBOS
715,KLAX,TS53
716,KDFW,KSEA
717,KBWI,KMSP
718,KSEA,KSAN
719,OTHH,LIMC
720,KIAD,KDEN
721,KDFW,KJFK
722,KADS,KAPA
723,KDAL,KBWI
724,KSNA,KPDX
725,KLAX,KSEA
726,KRDU,KBOS
727,LPPT,SBGL
728,KDFW,KLAX
729,KIAH,KSAN
730,KABQ,KORD
731,KGPI,KLAX
732,OTHH,KDFW
733,KBWI,KLAS
734,KDAL,KLAS
735,YBBN,YMML
736,KJFK,LLBG
737,KDEN,KBNA
738,WBSB,YMML
739,EDDK,OMDB
740,KFLL,KEWR
741,KORD,KBOS
742,KSAT,KDEN
743,KIAD,KORD
744,KTVL,KPAO
745,KORD,KSAN
746,KSDF,KPHX
747,KLAX,LFPG
748,CYYZ,KSFO
749,KSTL,KDEN
750,KDEN,KSEA
751,KATL,KOMA
752,KDFW,KVPS
753,KMIA,KBWI
754,OMDB,YSSY
755,KIAD,KLAX
756,KSAN,KSEA
757,TXKF,KJFK
758,KPHX,KSFO
759,CYYZ,CYYC
760,KSAF,KDFW
761,LPPT,SBGR
762,UUDD,ULMM
763,KDEN,KSNA
764,KABQ,KSFO
765,KORD,EGLL
766,UAAA,VHHH
767,KDAL,KLAX
768,KATL,KDFW
769,VIDP,KSFO
770,KLAX,KPDX
771,KCLT,KMIA
772,KDEN,KDCA
773,KMCI,KATL
774,KORD,KLGA
775,KATL,MMUN
776,KVNY,KTEB
777,VHHH,OTHH
778,KSTL,KDEN
779,KLAS,KSEA
780,KDFW,KFAT
781,RPLL,OBBI
782,KORD,KSFO
783,YSSY,YPAD
784,CYUL,KSFO
785,KIAD,EDDF
786,KSEA,KPHX
787,KSTL,KPHL
788,KATL,KMCI
789,KSDF,KBWI
790,KDEN,KJFK
791,KMIA,KDEN
792,KFLL,KSEA
793,KBNA,KPHX
794,KORD,KMCO
795,KDCA,KORD
796,KPHX,KSFO
797,KDEN,KOAK
798,KORD,KJFK
799,SKBO,KMIA
800,KSTL,KSLC
801,KJFK,SKBO
802,KDFW,KATL
803,VIDP,VOBL
804,KLAX,KSEA
805,KDTW,EHAM
806,CYWG,CYVR
807,KBNA,KSJC
808,ZGSZ,ZUCK
809,KFLL,KSDF
810,KAUS,KMSP
811,RCTP,RJBB
812,KPHL,KMSP
813,KDEN,EDDM
814,KATL,KMIA
815,CYYZ,LFPG
816,KATL,KDFW
817,KPHX,KATL
818,KBWI,KATL
819,KPDX,KSJC
820,CYYZ,KLAX
821,OTHH,EKCH
822,KVNY,KTRK
823,KIAD,EDDM
824,KDEN,KSJC
825,KSEA,KDFW
826,KFLL,KPHL
827,VOBL,OTHH
828,OTHH,LFPG
829,CYVR,CYYZ
830,KIAD,KMSP
831,KSEA,KSJC
832,KPDX,KLAX
833,KDCA,KMSP
834,KOAK,KDAL
835,LTFJ,OTHH
836,KMIA,EGLL
837,KPVD,KCLT
838,KCLT,KLAS
839,KSFO,KDFW
840,KDAL,KBNA
841,SBVT,SBKP
842,KSTL,KDCA
843,YMML,YBCG
844,KDEN,KSEA
845,KFLL,KDTW
846,KSEA,PANC
847,KJFK,EGLL
848,KATL,KLGA
849,KCLT,KSYR
850,OTHH,SBGR
851,KFLL,KEWR
852,KSEA,KORD
853,KORD,KMIA
854,KBUR,KMDW
855,CYXE,CYYC
856,KAPA,KPHX
857,KRDU,KPHL
858,KPHL,KBNA
859,KATL,KDCA
860,KORF,KDTW
861,KMIA,KBOS
862,KBNA,KMCO
863,PANC,KSDF
864,KLAS,KSEA
865,KATL,KMIA
866,KCMH,KPHX
867,KDTW,KSEA
868,KIAD,KMIA
869,KSFO,LFPG
870,CYYC,CYYZ
871,OTHH,EGLL
872,KBUF,KATL
873,KMIA,KDCA
874,KIAH,KDEN
875,VABB,OTHH
876,KDAL,KBNA
877,KORD,KPHX
878,RCTP,RJFF
879,KPHL,KBNA
880,UUWW,UUYY
881,KIAD,EGLL
882,KFAT,KSEA
883,KCLT,KSAT
884,KFLL,KEWR
885,KADS,KOMA
886,KMSN,KDFW
887,KSEA,KOAK
888,OTHH,FACT
889,KCLT,KFLL
890,KBUF,KJFK
891,RJTT,RJFF
892,LEBL,LEZL
893,KCLT,KSEA
894,KIAH,KLAX
895,KLGB,KEMT
896,KMSP,KDEN
897,KOMA,KDTW
898,KSEA,CL36
899,KIAD,LFPG
900,KATL,KPHL
901,KPAE,KLAS
902,KORD,KMCO
903,KBNA,KORD
904,KSDF,KDFW
905,VOMM,OMDB
906,KSAN,KMDW
907,KONT,KSDF
908,KORD,KJFK
909,KFLL,KSTL
910,YMML,YBMC
911,KPHL,KMCO
912,KLZU,KHOU
913,KLAX,KDAL
914,KDFW,KSFO
915,WMKK,WBKK
916,KDFW,KBUF
917,KAUS,KDEN
918,KDCA,KMDW
919,KBOS,KMSP
920,KDEN,KPHX
921,KIAD,KFLL
922,KORD,KSEA
923,VIDP,VOBL
924,KPHL,KCVG
925,KIAD,KLAS
926,KAUS,KLAX
927,KIAH,KPDX
928,KIAD,EDDF
929,WN51,KBVS
930,CYYZ,KATL
931,KCMH,KPHL
932,KDEN,KAUS
933,KVNY,KTEB
934,KBNA,KDTW
935,KMSP,KATL
936,PANC,KMIA
937,KATL,KORD
938,SBBR,SBSP
939,KOPF,KTEB
940,KOKC,KORD
941,KPDX,KSFO
942,GMMN,UUDD
943,KDTW,KFLL
944,KSDF,KPHL
945,RJTT,RJFF
946,KPHL,KSDF
947,OR81,KHIO
948,CYYZ,EDDF
949,KSEA,KONT
950,KPHX,KDFW
951,SKBO,CYYZ
952,KIAD,KMCI
953,KGPI,KLAX
954,KIAD,KSFO
955,KPHX,KSEA
956,KMIA,KSTL
957,KNSE,FD82
958,KDEN,KFLL
959,KSEA,BIKF
960,KORD,KSEA
961,KIXD,SN59
962,KSDF,KEWR
963,KMDW,KFLL
964,KPDX,KSAN
965,KSEA,KGPI
966,KIND,KATL
967,KORD,KBOS
968,CYYZ,KMCO
969,KRDU,KMSP
970,KPHX,KDTW
971,KPHL,KDTW
972,NZCH,NZOI
973,KATL,KORD
974,KMIA,KSFO
975,EGNX,EDDP
976,KORF,KMDW
977,KDEN,KLAX
978,KIAH,KLAS
979,LIMC,EKCH
980,KMKE,KATL
981,KSGF,KDEN
982,KMSP,KDCA
983,CYUL,KLAX
984,KLAX,KMSP
985,KORD,KLGA
986,OTHH,KJFK
987,KSDF,KPNS
988,SBBR,SSJC
989,KCLT,KSFO
990,KSMF,KLAS
991,KDAY,KATL
992,KSAT,KLAS
993,KCLT,KPHL
994,KSAN,KHOU
995,KBOI,KSFO
996,KMIA,KBWI
997,KTYS,KDFW
998,KDEN,KBUR
999,OTHH,EDDF
1000,VHHH,VIDP
1001,KIND,KSEA
1002,KDFW,KSLC
1003,KSEA,KSNA
1004,KLAS,KBWI
1005,RPLL,RJAA
1006,YMML,YBCG
1007,KSTL,KMSP
1008,EHAM,SBKP
1009,VOBL,OMDB
1010,KIAD,KOPF
1011,KSEA,PANC
1012,KBOS,KSTL
1013,NZTG,NZCH
1014,KDFW,KMCO
1015,KNSE,FD82
1016,KBWI,KMSP
1017,VABB,OMDB
1018,KAUS,KATL
1019,KLAX,KABQ
1020,KCLT,EGLL
1021,KDTW,KLAX
1022,KPHL,KCMH
1023,KATL,OI45
1024,KDEN,KATL
1025,KBNA,KSEA
1026,KSLC,KLAX
1027,KPHX,KSFO
1028,CYYZ,KORD
1029,KDFW,KDTW
1030,EDDP,EGGW
1031,RCTP,VHHH
1032,KEWR,KDEN
1033,KCLT,KBWI
1034,KCMH,KLAS
1035,KSEA,KBOS
1036,KSFO,KBFI
1037,KDEN,KOKC
1038,KSBP,KOAK
1039,KLAX,KPHX
1040,RPLL,VHHH
1041,KCLT,KLGA
1042,KMSP,KOMA
1043,KCWA,KDTW
1044,KORD,PANC
1045,YSSY,NZCH
1046,KBOI,KSEA
1047,YBBN,YPPH
1048,KMIA,KBNA
1049,KPDX,KSJC
1050,KBWI,KMDW
1051,VOMM,OMSJ
1052,KIAD,KMSP
1053,KGRB,KMSP
1054,KOAK,KPHX
1055,OTHH,LEBL
1056,KIND,KIAD
1057,KPHL,KDEN
1058,KSFO,KSEA
1059,KATL,KPVD
1060,KDTW,KLAX
1061,KSEA,KEWR
1062,KDFW,KORD
1063,RJTT,KJFK
1064,UUDD,ULLI
1065,KORD,KHPN
1066,KCLT,KMDT
1067,KDAL,KPHX
1068,KBOS,KATL
1069,VGZR,OTHH
1070,KPWK,K10C
1071,KLAX,KPHX
1072,KBNA,KORD
1073,KPDX,KPHX
1074,VABB,OTHH
1075,OTHH,LTFJ
1076,KMKE,KMSP
1077,KATL,KIAD
1078,KORD,KSLC
1079,KDFW,KMCO
1080,KPHX,KORD
1081,KATL,KPHX
1082,KSEA,KBOI
1083,KSMF,KSAN
1084,KAUS,KDEN
1085,PANC,KORD
1086,VHHH,EBLG
1087,KLAX,KSLC
1088,SBBR,SBGR
1089,KBNA,KLAX
1090,KATL,KMIA
1091,YSCB,YBBN
1092,KBOS,KORD
1093,KSEA,KJFK
1094,KPNS,KDFW
1095,KLAX,KATL
1096,YBBN,YMML
1097,KHSV,KDFW
1098,KMDW,KMSP
1099,KBWI,KBOS
1100,YMML,YSWG
1101,KOAK,KSAN
1102,KSLC,KLAS
1103,KCLT,KMDW
1104,CYVR,CYYZ
1105,KSAN,KIAD
1106,KMCI,KDFW
1107,KDEN,KLAX
1108,KHHR,KSQL
1109,PANC,KLAX
1110,CYYC,CYVR
1111,KLAX,KORD
1112,KDCA,KLAX
1113,KBWI,KHOU
1114,KSEA,KRDU
1115,KEWR,CYYZ
1116,VIDP,OMSJ
1117,KSFO,KLAX
1118,KBUF,KMDW
1119,KBOS,KDCA
1120,KIAH,KDFW
1121,KATL,KFLL
1122,SBVT,SBSP
1123,YWLM,YBBN
1124,KLAS,KSTL
1125,KLAX,KSLC
1126,KBUR,KPHX
1127,NZCH,WSSS
1128,KDEN,KLAX
1129,KSFO,KSEA
1130,KATL,KDFW
1131,KLAS,KPDX
1132,KIAD,EBBR
1133,KSNA,KOAK
1134,KOMA,KATL
1135,KLAX,KPHX
1136,KBOI,KLAX
1137,KATL,KOMA
1138,LIPO,LIED
1139,KDEN,KBKL
1140,CYYZ,KIAD
1141,KSMF,KPDX
1142,EPKT,EDDK
1143,SKBO,SPJC
1144,KPHL,KLAX
1145,KMKE,KPHX
1146,OBBI,VHHH
1147,KMSP,KORD
1148,YSSY,YPAD
1149,YMML,KLAX
1150,KDTW,KORD
1151,KIAD,KMDW
1152,KORD,KSYR
1153,SBKP,KMIA
1154,SBBR,SBSP
1155,KLAS,KORD
1156,KNSE,FD82
1157,SBRJ,SBSP
1158,PANC,KSDF
1159,KMSP,KLGA
1160,KDEN,KPHX
1161,KSFO,KDFW
1162,SBCO,SBGR
1163,KOAK,KSNA
1164,KCLT,KATL
1165,KMCI,KDEN
1166,YBBN,YSSY
1167,EDDP,EPKT
1168,KLAS,KMSP
1169,KIAD,EBBR
1170,KCLT,KBOS
1171,KPHX,KSFO
1172,OTHH,LIRF
1173,KORD,KMDT
1174,KCMH,KDEN
1175,KLAS,KSCK
1176,KPIT,KBOS
1177,KSEA,KSAN
1178,KBOS,KLAS
1179,KDTW,KLAS
1180,KDEN,KOMA
1181,KPDK,KMMU
1182,KFLL,KIAD
1183,KSAT,KATL
1184,KLAX,KBNA
1185,KORD,KABE
1186,KPVD,KBWI
1187,KVIS,KOAK
1188,88PA,KMDW
1189,UAAA,OMDB
1190,KSEA,KLAX
1191,KATL,KFLL
1192,KSAN,KLAS
1193,WMKK,WBKK
1194,KBOS,KLAX
1195,VOBL,VABB
1196,SBGL,SBKP
1197,KORD,KDCA
1198,PANC,KSDF
1199,KPHX,KSTL
1200,KLAX,KSEA
1201,CAT4,CZBB
1202,KIAD,KSEA
1203,YBBN,YMML
1204,KBWI,KRDU
1205,KDAL,KSEA
1206,OMDB,VOBL
1207,KDTW,KMCO
1208,KSEA,KLAS
1209,KLAS,KFLL
1210,KFLL,KRDU
1211,ZGSZ,ZUCK
1212,KBOS,KRDU
1213,KPHX,KSLC
1214,KECP,KHOU
1215,YSSY,YPPH
1216,KATL,KSLC
1217,KLAX,KJFK
1218,KBOI,KPHX
1219,KBWI,KMCI
1220,KLAS,KPHX
1221,NZWN,NZCH
1222,KMCO,KMIA
1223,KROC,KATL
1224,KPHL,KBOS
1225,KBNA,KBWI
1226,KSEA,KBUR
1227,88PA,KMSP
1228,SBGL,SBGR
1229,OTHH,RPLC
1230,KADS,KHOU
1231,YCBG,YMML
1232,KIAD,KSAT
1233,KPHX,KBOS
1234,KCOS,KDFW
1235,KORF,KORD
1236,YMML,YBCG
1237,KPVD,KMDW
1238,KCMH,KMSP
1239,KFAT,KPDX
1240,KFLL,KDAL
1241,KORD,KMIA
1242,KBNA,KDFW
1243,EBBR,EDDP
1244,EBLG,EGSS
1245,LEBL,LIRF
1246,KORD,KBUF
1247,CYYZ,CYUL
1248,KSJC,KSAN
1249,KLAS,KSEA
1250,KDEN,CYYZ
1251,KDFW,KMIA
1252,KBWI,KLAX
1253,CYUL,CYVR
1254,KDTW,KMCO
1255,CYYC,CYYZ
1256,KLAS,KLAX
1257,KSTL,KPHX
1258,KMIA,KORD
1259,7OH2,KORD
1260,KSEA,KLAS
1261,KLAX,KOAK
1262,UAAA,OMSJ
1263,KFFZ,KAVQ
1264,KPNS,KATL
1265,PANC,KLAX
1266,VIDP,OMDB
1267,KORD,KMCO
1268,RJFF,RJTT
1269,KBWI,KALB
1270,KORD,EDDM
1271,KMSP,KORD
1272,KBOS,KPHL
1273,KDFW,SPJC
1274,YMML,NZAA
1275,OBBI,EGLL
1276,RCTP,RPLL
1277,KATL,KHOU
1278,KSTL,KLAS
1279,OR81,KHIO
1280,KBWI,KMKE
1281,PANC,KSDF
1282,KDTW,KATL
1283,KTYS,KATL
1284,KPSP,CYVR
1285,KCLT,KTUL
1286,KLAX,KSEA
1287,KIAD,KSEA
1288,KSFO,KPHX
1289,KDFW,KHSV
1290,KDTW,KLAX
1291,KMSP,KMDW
1292,YSSY,YSWG
1293,KLAS,KDFW
1294,KORD,KDEN
1295,MI56,MI77
1296,RJTT,RJFF
1297,KEWR,KMSP
1298,KOMA,KORD
1299,3OR8,KPDX
1300,KORD,KSTL
1301,KPDX,KSNA
1302,YMML,NZWN
1303,KOAK,KPDX
1304,KCLT,KMKE
1305,KDTW,KBUF
1306,CYXE,CYYC
1307,KORD,KROC
1308,KADS,KF69
1309,KSYR,KATL
1310,KATL,KMDW
1311,KGSO,KATL
1312,KDFW,KUTA
1313,KSFO,KONT
1314,KPIT,KFLL
1315,KORD,KOMA
1316,KBUF,KIAD
1317,KORF,KDFW
1318,KMCI,KDEN
1319,KATL,EGLL
1320,KIAD,KCVG
1321,YBBN,YSCB
1322,KBVI,32PN
1323,YSCB,YSSY
1324,PANC,KSDF
1325,SKBO,KMIA
1326,KMSP,KBNA
1327,KSEA,KAFW
1328,KBOS,KBNA
1329,WSSS,YPAD
1330,KLAS,KABQ
1331,KLAX,KMDW
1332,KMDW,KSDF
1333,KLAS,KMCI
1334,KFTT,KORD
1335,KPIA,KORD
1336,EGNX,EGPH
1337,KAPC,KSNA
1338,KEWR,CYUL
1339,YMML,WSSS
1340,KBWI,KMIA
1341,NZRO,NZWN
1342,KBOS,KMIA
1343,OR81,KHIO
1344,KSMF,KLAX
1345,KSAT,KDFW
1346,KMKE,KBNA
1347,KATL,KCVG
1348,OTHH,YPPH
1349,PANC,KSEA
1350,KORD,KPIT
1351,KPHX,KPHL
1352,KOKC,KDFW
1353,KSBA,KSEE
1354,YPPH,YMML
1355,KLAX,KSFO
1356,KSTL,KLGA
1357,KPHL,KRDU
1358,KDFW,KLAS
1359,KMSP,KMIA
1360,KBOI,KSEA
1361,KONT,KLAS
1362,KSAN,KSEA
1363,KSJC,KBUR
1364,KATL,KMCO
1365,KMDW,KHOU
1366,KPHX,KCOS
1367,KATL,KSDF
1368,KOMA,KSLC
1369,KLQK,4SC4
1370,KSEA,KLAS
1371,YPAD,YSSY
1372,SBGL,SBGR
1373,SBBR,SBGL
1374,KSFO,KBOI
1375,KMDW,KMSP
1376,KDEN,KOAK
1377,KORD,KATL
1378,KPDX,KPHX
1379,KSFO,KSAN
1380,KATL,KPHX
1381,KBWI,KSTL
1382,KF70,KCRQ
1383,KLAS,KLAX
1384,KBUR,KLAS
1385,OEDF,OERK
1386,KDFW,KDTW
1387,KBNA,KMDW
1388,KLAX,KSFO
1389,KPHX,KBUR
1390,KMSP,CYYC
1391,OTHH,VOMM
1392,KRDU,KMDW
1393,KBNA,KRDU
1394,RCTP,KLAX
1395,KBLI,KBFI
1396,KEWR,KORD
1397,SBCO,SBKP
1398,KPHL,EHAM
1399,KFLL,KLAX
1400,KAUS,KPHX
1401,NZCH,NZAA
1402,KLAS,KHOU
1403,KPHL,KMCO
1404,KDEN,KOKC
1405,KDCA,KBOS
1406,KCOS,KRIR
1407,YSSY,YBMC
1408,KCMH,KMDW
1409,KLAX,EGLL
1410,KPSB,7PS7
1411,OMDB,VABB
1412,KDAL,KSFO
1413,KBOS,KSFO
1414,KLAS,KLAX
1415,KPAN,KPHX
1416,CYVR,CYYZ
1417,KSEA,KSNA
1418,KSBP,KONT
1419,KMCI,KATL
1420,KEWR,KSAN
1421,KFLL,KORD
1422,YSSY,KLAX
1423,KBNA,KMSP
1424,KLAS,KPHX
1425,KMDW,KBWI
1426,KABQ,KDFW
1427,VT48,KIAD
1428,KPDX,KSEA
1429,KYKM,KGEG
1430,KMSP,KPHX
1431,KDEN,KOMA
1432,KCMH,KORD
1433,KMDT,KIAD
1434,SBGR,LPPT
1435,KMIA,KPHL
1436,KLGA,KATL
1437,KORD,KEWR
1438,KDCA,KPDX
1439,KBJC,KTUL
1440,KATL,KMSP
1441,RJOO,RJTT
1442,KSEA,KATL
1443,KMDW,KRDU
1444,KLAS,KLAX
1445,KORD,KPVD
1446,KBOS,KEWR
1447,KOAK,KSEA
1448,KGRB,KORD
1449,KATL,KOKC
1450,KIAH,KSLC
1451,KLGA,KORD
1452,PANC,KLAX
1453,KVIS,KOAK
1454,KATL,KCMH
1455,KPHX,KLAX
1456,KLAX,CL36
1457,KCLT,KSTL
1458,KJFK,KDTW
1459,KMIA,KSAN
1460,KLAS,KSJC
1461,LFPG,LFBO
1462,KTEB,KMDW
1463,KLGB,KCMA
1464,KDAL,KLAS
1465,KBNA,KBOS
1466,KATL,KLAX
1467,KSAN,KSFO
1468,KORD,KLAX
1469,KORD,KSTL
1470,KSEA,KGEG
1471,KFLL,KHPN
1472,KPHL,KDAY
1473,KDEN,KSLC
1474,KAUS,KDFW
1475,KLAS,KDFW
1476,KPWT,KRNT
1477,KMIA,KATL
1478,KATL,KTYS
1479,KPHL,EGLL
1480,KMSP,KLAX
1481,KORD,LFPG
1482,VABB,OMSJ
1483,3NK5,KBUF
1484,KPHX,KBUR
1485,KSMF,KPHX
1486,KSAT,KDFW
1487,NZPM,NZWU
1488,KTPA,KDFW
1489,KOKC,KATL
1490,KLAS,KSEA
1491,KLAX,KSLC
1492,KORD,KDFW
1493,KDEN,KSAT
1494,KBOS,KCMH
1495,KRVS,KMKC
1496,KSLC,KSAN
1497,KIAD,KATL
1498,KDFW,KLAX
1499,KATL,KSTL
1500,KMDW,KSTP
1501,KMSN,KORD
1502,KRDU,KPDK
1503,KTDF,KRDU
1504,KSDF,KATL
1505,KATL,SBGR
1506,KORD,KLAX
1507,KLAS,KTUL
1508,KSEA,KPDX
1509,KLGA,KDTW
1510,RJTT,RJOA
1511,KFAT,KLAX
1512,KEWR,KORD
1513,KATL,KSEA
1514,YSCB,YMML
1515,KMIA,KCMH
1516,KPHX,KSBP
1517,KCPS,7IS2
1518,KDTW,KIAD
1519,KSEA,CYVR
1520,KOAK,KSNA
1521,KLAS,KPHX
1522,KBWI,KDFW
1523,KBTL,KAZO
1524,KSNA,KMHR
1525,OMDB,LEBL
1526,OTHH,EGLL
1527,YSSY,KLAX
1528,KATL,KDTW
1529,KSBA,KOAK
1530,KORD,KBNA
1531,VIDP,EHAM
1532,KFCM,KPWK
1533,KCLT,KCMI
1534,KORD,EGLL
1535,54OK,KRVS
1536,KSJC,KAPC
1537,KPHX,KMCO
1538,VHHH,CYYZ
1539,KORD,KFLL
1540,KMSP,KSFO
1541,KATL,KDCA
1542,ZGSZ,ZUCK
1543,KIAH,KDEN
1544,KOAK,PANC
1545,KBNA,KLGA
1546,KSAT,KDEN
1547,EDDP,EBBR
1548,KAPA,KADS
1549,KBUY,KMMU
1550,KBOS,EHAM
1551,RCTP,YSSY
1552,KPHL,KFLL
1553,KPHX,KSNA
1554,96WA,KBLI
1555,SBBR,SBGR
1556,CYYC,CYVR
1557,KCVG,KORD
1558,KCRQ,KHHR
1559,KATL,KJFK
1560,KLAS,KDAL
1561,KCLM,KPWT
1562,KLGA,KCMH
1563,KATL,KSAT
1564,KMIA,KIAD
1565,YBBN,VHHH
1566,KAVP,KORD
1567,KRYY,KVPC
1568,KNSE,FD82
1569,KCOS,KAPA
1570,KTEB,KBLM
1571,KAUS,KDFW
1572,YMML,YPAD
1573,KDFW,KORD
1574,KPDX,KLAS
1575,KMRY,KLAX
1576,KDAY,KIAD
1577,KATL,KRDU
1578,KPHL,KMCI
1579,KLGA,KMDW
1580,KFLL,KDFW
1581,KBWI,KDAL
1582,KMIA,KLAX
1583,KAVQ,KFFZ
1584,KSNA,KSEA
1585,47PA,KIAD
1586,RJTT,RJOO
1587,KSMX,KCRQ
1588,KORD,KDEN
1589,KATL,KATW
1590,KCLT,KMIA
1591,53AK,PANC
1592,KDFW,KDEN
1593,KSFO,KVNY
1594,KMSP,KSNA
1595,KLAS,KATL
1596,KMDW,KPHX
1597,KDEN,KBOI
1598,KBNA,KDCA
1599,KAVP,KIAD
1600,KSAN,KORD
1601,KDFW,KATL
1602,KMYF,KSBP
1603,KOAK,KSNA
1604,KMCI,KDTW
1605,KDFW,KCMI
1606,KEWR,KLAX
1607,KLGA,KMSP
1608,KPIT,KIAD
1609,KFRG,03NY
1610,KSEA,KBOS
1611,KDAY,KDFW
1612,KSJC,KLAX
1613,KLAX,KSEA
1614,SBGL,SBGR
1615,SBSP,SBBR
1616,KATL,KCMH
1617,YBBN,NZCH
1618,KORD,KBNA
1619,KBWI,KMIA
1620,KMYF,KSBP
1621,YSCH,YSSY
1622,KBOS,KDFW
1623,KDEN,KLAX
1624,KIND,KORD
1625,KDFW,KSTL
1626,KTUL,KORD
1627,KBNA,KIAD
1628,KTDF,KRDU
1629,XA65,KT31
1630,KSQL,KLVK
1631,KDCA,KSDF
1632,KORD,KRDU
1633,KMDW,KSTL
1634,KCHO,KIAD
1635,KONT,KSLC
1636,KPHX,KSEA
1637,KPHL,KPVD
1638,KORD,KAKR
1639,KDTW,KATL
1640,KSEA,KORD
1641,KNYL,KPHX
1642,VHHH,RPLL
1643,KMDW,KOMA
1644,KDFW,KSAT
1645,KCLT,KIAD
1646,GOBD,LFPG
1647,KMIA,KATL
1648,YMML,YBMC
1649,KORD,KIAD
1650,KLAS,KLGB
1651,OMDB,LTFJ
1652,KATL,KLAS
1653,SBBR,SBRJ
1654,KORD,KHSV
1655,KE16,KRHV
1656,RJAA,RCTP
1657,LFML,LEMG
1658,KBLI,KSEA
1659,KSGF,KDFW
1660,LEZG,UUEE
1661,KSAT,KSEA
1662,KLZU,KPNS
1663,YMMB,YTDN
1664,KVIS,KOAK
1665,KSNA,KOAK
1666,KBOS,KLAX
1667,KOAK,KAPC
1668,KMSN,KMSP
1669,KCMH,KDEN
1670,KORD,ELLX
1671,CYUL,CYYC
1672,6NY2,KROC
1673,PANC,KBFI
1674,KPHL,KSYR
1675,KMIA,KORD
1676,KMIA,LFPG
1677,KECP,KSUS
1678,CAP3,CYCD
1679,KSNA,KVNY
1680,CYYZ,KTEB
1681,KBUR,KWHP
1682,KSAT,KPHX
1683,KLAS,KCRQ
1684,KSEA,KBLI
1685,KORD,KBWI
1686,KDFW,KPHX
1687,YMML,NZCH
1688,6PA3,KMDT
1689,KMSP,KSEA
1690,KLGB,KCRQ
1691,KPVD,KCLT
1692,KBNA,KSNA
1693,KDFW,KUTA
1694,KMMV,OR95
1695,KDEN,KSNA
1696,KSBP,KOAK
1697,KPIT,KJFK
1698,KNYL,KPHX
1699,YSSY,YMHB
1700,KORD,KMSP
1701,KCOS,KDEN
1702,SBBR,SSJC
1703,OMDB,VIDP
1704,VABB,VOBL
1705,KBOS,KDCA
1706,KMIA,KBOS
1707,YMML,YBBN
1708,KDFW,KSDF
1709,NTAA,NTTE
1710,KDTO,KGPM
1711,KSQL,KTRK
1712,KRVS,OK13
1713,KORD,KPHL
1714,KSFO,KSEA
1715,KSNA,KLGB
1716,KPAE,KRNT
1717,KSEA,KBOI
1718,KDEN,KMDW
1719,KLAS,KLAX
1720,KSDF,KIAD
1721,SBSP,SSJC
1722,KGAI,KDMW
1723,KAUS,KLAX
1724,KDEN,KPSP
1725,KDCA,KBOS
1726,KMCI,KLAS
1727,KSFO,KSNA
1728,KMIA,KDTW
1729,OTHH,VHHH
1730,KSLC,KSAN
1731,KRDU,KDFW
1732,KSYR,KIAD
1733,KBOS,KSEA
1734,SBBR,SBKP
1735,KSBP,KONT
1736,KDEN,KHOU
1737,YMMB,YOLA
1738,KOAK,KSTS
1739,KROC,KIAD
1740,EGSS,EGPH
1741,KIAH,KSFO
1742,KLAS,KSAN
1743,KPHX,KSAN
1744,KVPC,KFTY
1745,KORD,KALB
1746,KMIA,KBOS
1747,KORD,EDDF
1748,KRDU,KBNA
1749,KDEN,KSEA
1750,RJTT,RJBB
1751,KMDW,KBOS
1752,KTUL,KATL
1753,KLAS,KFAT
1754,YMMB,YLEG
1755,KRFD,KSCK
1756,SBBR,SBVT
1757,KDFW,KMCO
1758,KLAX,KSFO
1759,CYUL,EDDF
1760,MMTJ,KSAN
1761,KATL,KSAN
1762,KCMH,KORD
1763,KMIA,KDFW
1764,KSJC,KPHX
1765,KSFO,KORD
1766,YHBA,YBBN
1767,KPDX,CL36
1768,KBOI,KOAK
1769,CYXX,CYYC
1770,LZIB,EDDP
1771,KTEB,CYYZ
1772,3OR8,KPDX
1773,KSAT,KLAX
1774,KORD,KAFW
1775,KLVK,KOAK
1776,NZCH,NZAA
1777,KDEN,KMSP
1778,KRDU,KATL
1779,RJFF,RJTT
1780,KLGA,KDAL
1781,3NK5,KBUF
1782,KIAH,KLAX
1783,SPST,SPJC
1784,KBNA,KDTW
1785,KMHT,KIAD
1786,K10C,KPWK
1787,KSAN,KSFO
1788,KLAX,KDTW
1789,KATL,KMCI
1790,KMDW,KCMH
1791,KMYF,KSNA
1792,KAVP,KCLT
1793,KLGB,KCRQ
1794,KSEA,PANC
1795,KBOS,KCLT
1796,KDFW,TS53
1797,KPSP,KDFW
1798,KLAS,KSNA
1799,YCNK,YSBK
1800,VOMM,VOBL
1801,WSSS,VABB
1802,KONT,KPHX
1803,KLVK,KAPC
1804,KRDU,KMSP
1805,KLAX,KDAL
1806,KPIT,KDUJ
1807,KDAL,KMDW
1808,KSMO,02CL
1809,KSTL,KBOS
1810,KCMA,KWHP
1811,KCRQ,KSFO
1812,KBUR,KSLC
1813,KMSP,KDEN
1814,NK43,KCLT
1815,SBBR,SBRJ
1816,KEWR,KMIA
1817,KFLL,KORD
1818,KBNA,KCLT
1819,KPHL,KSTL
1820,KDFW,KTYS
1821,KMDW,KLAX
1822,KLAX,KTUS
1823,CYUL,CYYZ
1824,KDEN,KPDX
1825,KLAS,KMDW
1826,KMCI,KMSP
1827,KCMH,KDTW
1828,KCLT,KLAX
1829,KSJC,KFAT
1830,KMIA,EGLL
1831,KD95,KPTK
1832,KPHX,KAUS
1833,KMKE,KDFW
1834,CYVR,CYYJ
1835,ULMM,UUEE
1836,KDAL,KATL
1837,KDEN,KTUL
1838,YMMB,YMNG
1839,KLAS,KVNY
1840,KSEA,KMSP
1841,KDFW,KDTW
1842,KFLL,KHOU
1843,KSFO,RCTP
1844,KDEN,KCMH
1845,KBNA,KMKE
1846,EDDK,LTFJ
1847,KBOS,KMIA
1848,SBSP,SSJC
1849,KPIT,KATL
1850,KDTW,KCMH
1851,KLGA,KDEN
1852,KFLL,KBWI
1853,KPHX,KSTL
1854,KMIA,KATL
1855,KATL,KBOS
1856,KDEN,KDAL
1857,RCTP,YSSY
1858,RPLL,RJTT
1859,WSSL,WMSA
1860,EBBR,EDDP
1861,KLAS,KDAL
1862,YMML,YPPH
1863,KLAX,KDFW
1864,KATL,KMKE
1865,KPDX,KOAK
1866,KDEN,KABQ
1867,EGSS,EGAA
1868,KSFO,KSAN
1869,KCMH,KSTL
1870,KDTW,KBOS
1871,KLGA,KCLT
1872,KIAH,KLAX
1873,KDFW,KPHX
1874,KMIA,EHAM
1875,KBNA,KBKL
1876,KSNA,KDFW
1877,KMSP,KDTW
1878,KOAK,KBUR
1879,VIDP,VECC
1880,KMCI,KORD
1881,KGSO,KIAD
1882,KCHO,KCLT
1883,KRDU,KBWI
1884,KPRB,KRHV
1885,YMEN,YTDN
1886,VABB,VOMM
1887,KPHL,KALB
1888,CYYJ,CYYC
1889,KDEN,KDAL
1890,KATL,KBWI
1891,KORD,KATL
1892,SBBR,SBSP
1893,KLAS,KMCO
1894,KSLC,KLAS
1895,KSUS,6MO6
1896,RJOA,RJTT
1897,KPHL,KBKL
1898,KIND,KEWR
1899,EDDP,EGNX
1900,KCNO,KCMA
1901,KPUJ,KRYY
1902,KIAH,KBOI
1903,KEWR,KATL
1904,KLAX,KORD
1905,KDEN,KORD
1906,KSEA,KSJC
1907,KMIA,KJFK
1908,KBNA,KLAS
1909,KSNA,KVNY
1910,KPHX,KCMH
1911,WSSS,YMML
1912,KPHL,KLAS
1913,KPDX,KLAX
1914,RJFF,RJTT
1915,RCTP,RCKH
1916,KRDK,KCBF
1917,KNSE,FD82
1918,KPHL,KSAN
1919,KSTL,KATL
1920,KSMF,KPHX
1921,4NC7,KRDU
1922,KLAS,KDFW
1923,KBOS,KIAD
1924,KDAL,KHOU
1925,KLAX,KBWI
1926,KDFW,1MU0
1927,KSEA,KSFO
1928,KDEN,KOKC
1929,YSTW,YBBN
1930,OR81,KHIO
1931,KEWR,KORD
1932,KPHX,KMCO
1933,YSSY,YMML
1934,KSTL,KLGA
1935,KAUS,KSAN
1936,RJTT,RJOS
1937,KLAS,KSFO
1938,KDEN,KMSP
1939,KSNA,KSJC
1940,KLGA,KBOS
1941,CYVR,CYYZ
1942,KFAT,KSLC
1943,KMIA,KSTL
1944,RJBB,PANC
1945,KLAX,KOAK
1946,KORD,KPHL
1947,KBOI,KLAS
1948,SBBR,SBGR
1949,KDEN,KDTW
1950,KBLI,KSEA
1951,KSTL,KATL
1952,KPHL,KMSP
1953,VT48,KSYR
1954,UUDD,UAAA
1955,KATL,KBOS
1956,EDDK,LTFJ
1957,NZNV,NZCH
1958,KDCA,KTYS
1959,VOMM,OTHH
1960,KRDU,KLAX
1961,NZWN,NZPM
1962,RJFF,RJTT
1963,KDAL,KDCA
1964,KDFW,KCVG
1965,KPHL,KTYS
1966,KMDW,KBNA
1967,KFLL,KIAD
1968,CYUL,LFPG
1969,KORD,KEWR
1970,KJFK,KDTW
1971,KOWP,KRVS
1972,KPHX,KOAK
1973,KSEA,KOAK
1974,RCTP,YMML
1975,SBBR,SBKP
1976,KSMF,KSEA
1977,NZCH,NZAA
1978,KMIA,KDCA
1979,KDEN,KSTL
1980,CYVR,CYYC
1981,KDEN,KDFW
1982,KPHL,KIAD
1983,KLAS,KSFO
1984,YWLM,YSSY
1985,YMML,YSSY
1986,KLGB,KSLC
1987,KBNA,KDAL
1988,KDFW,KTUL
1989,KATL,KDCA
1990,KSTL,KBNA
1991,KOMA,KLAS
1992,KIAH,KLAS
1993,KORD,KSFO
1994,KADS,KTKI
1995,KLAX,KSFO
1996,KSFO,KPHX
1997,KCLT,KEWR
1998,KTUL,KDEN
1999,KSNA,KSLC
2000,YBBN,NZAA
2001,KFLL,KBOS
2002,CYVR,CYYC
2003,KNSE,FD82
2004,KMCI,KDAL
2005,CYXE,CYYC
2006,KDCA,KMIA
2007,KORD,KCWA
2008,CYYJ,CYVR
2009,KSJC,KSEA
2010,KSEA,KGEG
2011,KBFI,KAWO
2012,SBSP,SBRJ
2013,KMDW,KMIA
2014,KPHX,KHOU
2015,KCMH,KDFW
2016,KBWI,KDTW
2017,KDEN,KPDX
2018,KYKM,KBFI
2019,KIAH,KSAT
2020,KNSE,FD82
2021,KATL,KBWI
2022,KJFK,LFPG
2023,KRDU,KIAD
2024,KAUS,KLAS
2025,KPHL,KMDT
2026,EDDS,EHAM
2027,KMIA,KATL
2028,CYUL,KORD
2029,RJTT,RCSS
2030,KPHL,KFLL
2031,KVNY,KSBA
2032,KBNA,KLGA
2033,KLEB,KHPN
2034,KHIO,KPDX
2035,SBBR,SBGL
2036,KSLC,KLAX
2037,KBOS,KCVG
2038,00KS,SN59
2039,KPSP,KSLC
2040,KRNT,KBVS
2041,YPPH,YPAD
2042,EHAM,OMDB
2043,KDCA,KSTL
2044,KSNA,KPHX
2045,KLAS,KSEA
2046,KCMH,KCLT
2047,LIMC,LEBL
2048,KDFW,KLAS
2049,KOAK,KLAS
2050,KPHX,KTUL
2051,KTUS,KLAX
2052,KABQ,KLAS
2053,KATL,KMCO
2054,KDTW,KBWI
2055,PANC,KSEA
2056,RJOA,RJTT
2057,SBSP,SBRJ
2058,CYUL,LFPG
2059,WSSS,WBSB
2060,KBNA,KPHL
2061,KIAD,KEWR
2062,RCTP,RJFF
2063,KMMV,CL36
2064,KNYL,KPHX
2065,KCLT,KPNS
2066,KSFO,KSEA
2067,KBOI,22ID
2068,KMIA,KSFO
2069,EDDK,EGNX
2070,YBBN,YPAC
2071,SBRJ,SBSP
2072,KSJC,KSLC
2073,KATL,KOKC
2074,YBBN,YMHB
2075,KLAX,KMCI
2076,KATL,KLAS
2077,KDFW,CYYC
2078,KDEN,KLGA
2079,KOAK,KPHX
2080,RJAA,RJFF
2081,KPHX,KABQ
2082,KDCA,KORD
2083,KORF,KCLT
2084,KSTS,KBFI
2085,VECC,VOMM
2086,KEWR,EHAM
2087,KDEN,EDDF
2088,KMSP,KSAN
2089,YMMB,YCES
2090,KIND,KORD
2091,58KY,KJVY
2092,VOBL,OMAA
2093,KACK,KBOS
2094,YSSY,KLAX
2095,KPHL,KCLT
2096,KONT,KDFW
2097,KJFK,KSFO
2098,YSSY,YBMC
2099,RCTP,VHHH
2100,KPDX,KMSP
2101,KSEA,KSFO
2102,KDAL,KLGA
2103,NZCH,NZPM
2104,KSAT,KPHX
2105,YMML,YBBN
2106,KPHL,KPHX
2107,KATL,KVPS
2108,KIAH,KLAX
2109,KMIA,KSEA
2110,CYOW,CYHM
2111,YSCB,YSSY
2112,LEMD,LEPA
2113,KPHX,KBNA
2114,KSTL,KMCO
2115,KLGA,KDTW
2116,KEWR,LGAV
2117,KDEN,KMIA
2118,KDCA,KATL
2119,KONT,KPHX
2120,KAUS,KLAX
2121,SPJC,SPST
2122,KBFI,61WA
2123,KDEN,KHSV
2124,KBNA,KLAS
2125,61WA,KBLI
2126,KORD,KBOS
2127,KDFW,KSAT
2128,RJTT,RJOO
2129,TJSJ,KEWR
2130,19OK,KRVS
2131,KMIA,KSAT
2132,KPHL,KATL
2133,KACK,KBOS
2134,YPAD,YMML
2135,KDEN,KAUS
2136,KORD,KTYS
2137,KPHL,KMKE
2138,KPHX,KSLC
2139,KLAX,KPDX
2140,KAPA,CO18
2141,KSFO,KWHP
2142,KCLT,KORF
2143,KATL,KABQ
2144,KLAS,KMSP
2145,KSEA,KPHX
2146,KLGA,KDFW
2147,RJBB,RJFF
2148,KEWR,KDTW
2149,KBWI,KCLT
2150,KMCI,KDEN
2151,KBTL,MI56
2152,CYVR,CYYJ
2153,KMDW,KLAS
2154,KSTL,KFLL
2155,KDEN,KLGA
2156,KDEN,KMCI
2157,KPHX,KOKC
2158,KORD,KSAN
2159,RCTP,VHHH
2160,KJFK,EGLL
2161,KGRI,KOMA
2162,KSJC,KDAL
2163,KLAX,RCTP
2164,KCLT,KTYS
2165,SBSP,SBRJ
2166,KSMO,KCMA
2167,KDEN,KSNA
2168,KMIA,KDEN
2169,RJFF,RJTT
2170,OMDB,OERK
2171,K10C,KPWK
2172,KATL,OTHH
2173,KCLT,KMDT
2174,KRFD,KPDX
2175,PANC,KONT
2176,KSEA,KPHX
2177,VHHH,RCTP
2178,KSMF,KSNA
2179,KSAC,KOAK
2180,KORD,KBUF
2181,KBNA,KFLL
2182,CYWG,KMSP
2183,KPHX,KLAX
2184,CYYC,CYYZ
2185,SBRJ,SBBR
2186,KTVL,KPAO
2187,KFHR,96WA
2188,KMIA,KMSP
2189,KOAK,KSEA
2190,KATL,KGRB
2191,KBOS,KORD
2192,KDEN,KSAN
2193,KLAX,KSEA
2194,KDVT,KSMO
2195,KSEA,KFAT
2196,KDAL,KTYR
2197,NZWN,NZCH
2198,KORD,KDFW
2199,KHPN,KMDW
2200,KAWO,80WA
2201,RJTT,RJFF
2202,KHSV,KATL
2203,YSTW,YSSY
2204,CZBB,CBQ2
2205,KDEN,KTUL
2206,KSAT,KHOU
2207,KLAS,KLAX
2208,KGRB,KORD
2209,KPDK,KCTJ
2210,KECP,KATL
2211,KCLT,KSDF
2212,2OK4,KRVS
2213,KMIA,SKBO
2214,KORD,KAFW
2215,KDFW,KABQ
2216,KDEN,KFLL
2217,KSFO,KSLC
2218,KLGA,KMCI
2219,KDFW,KLGA
2220,YMML,YMHB
2221,RCTP,WSSS
2222,KTUL,41MO
2223,PANC,KLAX
2224,YSCH,YBCG
2225,KORD,KC75
2226,KSEA,KLAX
2227,KDFW,KMCO
2228,KLAS,KSNA
2229,KDEN,KBNA
2230,KORD,KORF
2231,KPWT,KBFI
2232,EGNX,EGPH
2233,KCMH,KIAD
2234,KO69,KOAK
2235,KABQ,KPHX
2236,KDAL,KATL
2237,SBBR,SSJC
2238,50NE,KOMA
2239,KMDW,KLGA
2240,KORD,KSAT
2241,KPDX,KSFO
2242,CYQG,CYHM
2243,YCBG,YMML
2244,KCWA,KMKE
2245,UAAA,EDDF
2246,NZTG,NZAA
2247,KBUF,KTEB
2248,KPIT,KATL
2249,KATL,CYUL
2250,KDFW,KBWI
2251,KSDF,KDFW
2252,KORS,KRNT
2253,KCLT,KDCA
2254,KMCI,KPHX
2255,KPSP,KPHX
2256,KIAD,KCLT
2257,KLAS,KLGB
2258,KDEN,KMSP
2259,KMCO,KMIA
2260,KAUS,KLAS
2261,KPDX,KSEA
2262,PANC,KONT
2263,KORD,KSEA
2264,KBWI,KATL
2265,YBBN,YPAD
2266,EDDK,LFPG
2267,KLGA,KCVG
2268,KSAN,KDFW
2269,KMIA,SPJC
2270,KPOC,KSMO
2271,OR40,0OR9
2272,KPHX,KTUS
2273,KCMH,KLAX
2274,EIDW,EGNX
2275,KTEB,CYYZ
2276,KRDU,KCLT
2277,KATL,KMSN
2278,SBGR,SBRJ
2279,KORD,KLAS
2280,KLAS,KCMH
2281,RJTT,RJFF
2282,KCLT,KDFW
2283,YMMB,YWON
2284,WS78,KMSP
2285,KSEA,KONT
2286,KDEN,KORF
2287,WSSS,RCTP
2288,SBSP,SBBR
2289,KFRG,KCDW
2290,KPDX,KSLC
2291,KBWI,KSDF
2292,KDAL,KFTW
2293,KDEN,KMCO
2294,KFRG,KCDW
2295,KORD,KOKC
2296,KCLT,KPVD
2297,KL73,KVIS
2298,KFLL,KBUF
2299,KBFI,KPWT
2300,VHHH,OMDB
2301,KPHX,KBNA
2302,KDEN,KSAT
2303,KLAX,OTHH
2304,KLAS,KOAK
2305,KATL,EHAM
2306,EBLG,LLBG
2307,KBUR,KPHX
2308,EDDV,EDDH
2309,KIAH,KSLC
2310,RCTP,RJBB
2311,KPDK,KCTJ
2312,KHOU,KATL
2313,RJTT,RJOA
2314,KMSP,KPDX
2315,KORD,KATL
2316,CYVR,CML2
2317,EDDK,EKCH
2318,KMYF,KCRQ
2319,KDEN,AL40
2320,YBCG,YPAD
2321,KCLT,KLAX
2322,KLAS,KVNY
2323,KPHX,KOKC
2324,VABB,VIDP
2325,KCLT,KPHF
2326,KBOS,EGLL
2327,KAUS,KLAS
2328,KLGA,KORD
2329,KPDX,KONT
2330,NZPM,NZAA
2331,KEWR,KMIA
2332,KIAD,KTEB
2333,KMIA,KPHX
2334,KMIA,OTHH
2335,SBKP,SBRJ
2336,KATL,KBWI
2337,KDEN,KSDF
2338,KPHX,KDFW
2339,KFHR,KBFI
2340,KSMF,KSLC
2341,KSFO,KLAS
2342,KBFI,KSNA
2343,KLAX,KSFO
2344,KVNY,KPOC
2345,KRDU,KCLT
2346,KAUS,KDTW
2347,KDEN,KORD
2348,KATL,KHOU
2349,KPHX,KSEA
2350,KFLL,KMDW
2351,KORD,LSZH
2352,KWVI,KPAO
2353,KEWR,KCVG
2354,KPVD,KIAD
2355,KDEN,KOMA
2356,KLAS,KMKE
2357,WMKK,WBKK
2358,KLAX,KPHX
2359,KBOS,KLGA
2360,SPJC,LEMD
2361,KDAL,KSAN
2362,OMSJ,OPMT
2363,KBNA,KCMH
2364,KSNA,KPOC
2365,KSEA,KGEG
2366,NZRO,NZCH
2367,KWVI,KRHV
2368,KMIA,KORF
2369,KDEN,KBOS
2370,KI69,KLUK
2371,KORD,KATL
2372,KA39,KFFZ
2373,KMSP,KLAS
2374,KLAX,KBOI
2375,PANC,KDFW
2376,YMMB,YRKE
2377,KTEB,CYUL
2378,KPHX,KSLC
2379,RCTP,RJAA
2380,KCLT,KORD
2381,KABQ,KPHX
2382,CYVR,CYQQ
2383,KDEN,KATL
2384,KBNA,KDFW
2385,KRDU,KORD
2386,KSJC,KBUR
2387,KPWK,KOSU
2388,OMDB,ZGSZ
2389,KLGB,KSNA
2390,KMDT,KEWR
2391,KSYR,KJFK
2392,KOMA,KORD
2393,KSAF,KPHX
2394,KCLT,KSAN
2395,KM33,KBNA
2396,2OK4,KRVS
2397,50NE,KOMA
2398,VECC,VIDP
2399,KMSP,KJFK
2400,KSMF,KSAN
2401,KSFO,KBUR
2402,KMCI,KBTF
2403,KO69,KOAK
2404,KCLT,KHPN
2405,SBGR,KORD
2406,OH64,KVES
2407,KPSP,KOAK
2408,KJFK,KLAS
2409,KLGA,KDCA
2410,KHOU,KBNA
2411,KLGB,KIWA
2412,KORD,KMSP
2413,KDEN,KATW
2414,EGNX,EGAA
2415,KDFW,KSAT
2416,KMSP,KEWR
2417,LFPG,EGNX
2418,KCLT,KMSP
2419,KDFW,OTHH
2420,KFLL,KIAD
2421,CYYZ,LLBG
2422,KLVK,KAPC
2423,KATL,KMIA
2424,KPHL,KBOS
2425,KSTS,CL36
2426,KATL,KDFW
2427,KLVK,KSQL
2428,KFFZ,88AZ
2429,KPWT,KRNT
2430,KAFW,KABE
2431,KSTL,KDFW
2432,KHPN,KFRG
2433,KBNA,KLAX
2434,YMML,YBBN
2435,KLAX,KDFW
2436,KSAN,KSFO
2437,KDEN,KIAD
2438,KJVY,KLOU
2439,VHHH,RCTP
2440,KSFO,KSEA
2441,KDFW,KCMH
2442,KSTS,CL36
2443,KMIA,KPHL
2444,6GA0,KPDK
2445,CYCD,CAP3
2446,KTYR,KDFW
2447,KATL,KBWI
2448,KFOK,KHPN
2449,KSTS,CL36
2450,KPHX,KMSP
2451,KSMF,KONT
2452,KECP,KDFW
2453,VABB,VIDP
2454,LIMC,UUEE
2455,KDFW,KBOI
2456,YSSY,NZAA
2457,KCLT,KTYS
2458,KBNA,KDEN
2459,KFLL,KACY
2460,OR81,KHIO
2461,VOMM,VIDP
2462,KALB,KSDF
2463,EGNX,EDDK
2464,NTTE,NTAA
2465,KSJC,KSEA
2466,KCLT,KPHL
2467,3OR8,KPDX
2468,61WA,KBFI
2469,KDEN,KMKE
2470,KPNS,KDFW
2471,KBED,KBVY
2472,KDFW,KOKC
2473,KPHX,KSLC
2474,KFLL,KDCA
2475,KSFO,KLAX
2476,KMSN,KDTW
2477,KSAN,KMDW
2478,KDVT,KMYF
2479,VABB,VOBL
2480,KBOS,KATL
2481,KMSP,KMCO
2482,EDDP,EGNX
2483,KATL,KRDU
2484,KSNA,KSEA
2485,KDFW,KLAX
2486,KSMF,KLAX
2487,KDEN,KLAS
2488,KMKE,KSTL
2489,K1G4,K61B
2490,KATL,KDFW
2491,KSJC,KPDX
2492,KPDX,KBFI
2493,RJTT,RJOO
2494,KAND,SC32
2495,RJBB,VHHH
2496,KMSP,KGRB
2497,KLGB,KPHX
2498,KPHL,KMIA
2499,VHHH,EBLG
2500,RJOO,RJTT
2501,KSFO,KAUS
2502,KRDU,KMCO
2503,KATL,KDTW
2504,EDDK,EGNX
2505,KBUR,KOAK
2506,YSWG,YMAY
2507,KDEN,KSLC
2508,KSNA,KOAK
2509,KJFK,KSEA
2510,NZAA,NZWN
2511,KLAS,KPHX
2512,KPDX,KSEA
2513,KDFW,KORF
2514,KDFW,KSEA
2515,KMSP,KORD
2516,KBNA,KSTL
2517,EKCH,EDDP
2518,KORD,KABQ
2519,KCLT,KDTW
2520,YBSS,YCAL
2521,KDEN,KBWI
2522,SBGL,SSJC
2523,KDCA,KEWR
2524,KTEB,KOMA
2525,YSCB,YBCG
2526,KOAK,KSLC
2527,KOKC,KDEN
2528,KORD,73MU
2529,KATL,KECP
2530,CL36,KO60
2531,KCLT,KIAD
2532,KBFI,PANC
2533,KSNA,KVNY
2534,KBOS,KATL
2535,EDDP,LIMC
2536,KMCI,KLAS
2537,KDTW,KBOS
2538,YMMB,YBUP
2539,KDFW,KMSN
2540,CYYZ,CYVR
2541,KBOI,KORD
2542,VHHH,YSSY
2543,EGSS,LFPG
2544,PANC,KSEA
2545,KBLI,KBFI
2546,EGNX,EGTU
2547,KDEN,KDFW
2548,KPHX,KMSN
2549,KLAX,KOKC
2550,KSTL,KORD
2551,KSFO,KLAX
2552,KBOS,KHPN
2553,EDDP,LFPG
2554,YTDN,YMMB
2555,KSBP,KBUR
2556,KFHR,KHIO
2557,KSEA,KPSP
2558,KLAX,KJFK
2559,KDEN,KIAD
2560,UNEE,UUDD
2561,KORD,K8C4
2562,KLGA,KMCO
2563,KJFK,EHAM
2564,CYYJ,CYVR
2565,KATL,KLAX
2566,KPDX,KLAX
2567,KORD,KMCI
2568,KCLT,KIAD
2569,VIDP,VOBL
2570,KATL,LFPG
2571,KCLT,KPHX
2572,LEMD,UUEE
2573,KSTL,KFLL
2574,KDFW,KBUR
2575,KDFW,KPHL
2576,SBRJ,SBVT
2577,KPHL,KSDF
2578,KMQY,KM33
2579,EDDP,EKCH
2580,KLGA,KMIA
2581,KSBA,KPHX
2582,KLGA,KBOS
2583,KMDW,KBUF
2584,KONT,KPHX
2585,KSEA,KBNA
2586,KVPS,KDFW
2587,KDFW,KDCA
2588,KDFW,KDEN
2589,RJTT,RJFF
2590,KORD,KSTL
2591,KMAE,KFAT
2592,KAUS,KDAL
2593,KSEA,7WA7
2594,KPHX,KCRQ
2595,SPST,SPJC
2596,KBOS,KJFK
2597,KCLT,KVPS
2598,2CD9,KAPA
2599,YSSY,YPPH
2600,KDEN,KMSN
2601,KHOU,KBWI
2602,KDEN,KLAX
2603,KLAX,KLAS
2604,VOMM,VIDP
2605,KPHL,0VA3
2606,YPPF,YLYK
2607,KDFW,KRDU
2608,KBOS,KMCO
2609,VOBL,VIDP
2610,ZGSZ,ZUCK
2611,KLAS,KSFO
2612,KCLT,KRDU
2613,KMCC,KAUN
2614,KORD,KSFO
2615,48CN,KTVL
2616,CYUL,CYVR
2617,LTAC,EDDL
2618,KPHL,KDEN
2619,KDEN,KATL
2620,KBOS,KRDU
2621,KMDW,KDTW
2622,CYYC,CYYZ
2623,PAEN,PANC
2624,KNYL,KPHX
2625,KLAS,KBUR
2626,KORD,KDCA
2627,KPHL,KBNA
2628,KLAX,KPHX
2629,KPIT,KLGA
2630,EDDP,EDDK
2631,KSEE,KTOA
2632,KTEB,KCMH
2633,KBOS,LFPG
2634,KDTW,KLAX
2635,KSLC,KLAS
2636,KDEN,KDFW
2637,KJFK,KPDX
2638,YPKL,YMMB
2639,KDTW,KSAT
2640,KSLC,KORD
2641,KAPC,KOAK
2642,KDFW,KFLL
2643,KMIA,KEWR
2644,KCLT,KCMH
2645,KOAK,KSAN
2646,KDFW,KMSP
2647,KPHX,18AZ
2648,KRDU,KBNA
2649,KDCA,KLGA
2650,KJFK,UUEE
2651,KMSP,KBNA
2652,EPKT,EDDP
2653,KFFZ,KPAN
2654,LTAC,EDDL
2655,KDAL,KPHX
2656,KBOS,EDDM
2657,KATL,KPHL
2658,EGGW,LEMD
2659,KDEN,KFLL
2660,KDEN,KMSP
2661,LFPG,LIMC
2662,KORD,KPIT
2663,KSEA,KSNA
2664,KDFW,KSNA
2665,KIAH,KDAL
2666,ULLI,UUEE
2667,YSSY,KSFO
2668,KDTW,KCLT
2669,WMKK,WSSS
2670,KSBP,KSAN
2671,KGPI,KSEA
2672,KDEN,KPHX
2673,KBUR,KOAK
2674,RJTT,RJOM
2675,KAUS,KSEA
2676,KMDW,KPVD
2677,KPHX,KOKC
2678,KBIE,KOMA
2679,KBWI,KLAS
2680,KATL,KRDU
2681,EDDP,LFPG
2682,KPNS,KATL
2683,KDFW,KIAD
2684,KORD,KTUL
2685,KTTD,KSPB
2686,LIEE,LIRF
2687,KLAX,KSJC
2688,KSEA,PANC
2689,KSJC,KLAX
2690,KIND,KATL
2691,EGSS,EBLG
2692,KDTW,KSDF
2693,KPHX,KBWI
2694,KCWA,KMKE
2695,KDFW,KONT
2696,CYYZ,EGLL
2697,KSFO,KCRQ
2698,VIDP,VABB
2699,KMSP,KMKE
2700,VOBL,VIDP
2701,YSSY,VHHH
2702,KORD,KBOS
2703,KAFW,KSEA
2704,KDEN,KSEA
2705,KDTW,KPIT
2706,KOAK,KDAL
2707,YCVG,YPPF
2708,RCTP,VHHH
2709,EGNX,EDDK
2710,KATL,KORD
2711,KJFK,KLAX
2712,KDCA,KCLT
2713,KSMF,KLAS
2714,KAUS,KSFO
2715,KBFI,KBLI
2716,KTEB,KDAL
2717,KCLT,KECP
2718,KMSP,KMCI
2719,KATL,KPNS
2720,KSNA,KPHX
2721,CYYJ,KBFI
2722,KFLL,KDEN
2723,KSMX,KBUR
2724,KBNA,KATL
2725,KLGA,KFLL
2726,KORD,KSEA
2727,KMIA,KLAS
2728,KHOU,KMKE
2729,KLAX,RCTP
2730,CYYZ,KHPN
2731,KDFW,KPDX
2732,KDEN,KSDF
2733,KDCA,KCVG
2734,KATL,KBNA
2735,YPJT,YBUN
2736,KMSP,KMCO
2737,KDFW,KVPS
2738,VIDP,OTHH
2739,KFLL,KLAS
2740,KLAX,KAUS
2741,UUEE,VHHH
2742,YMML,YMHB
2743,KRHV,KHWD
2744,KPHX,KORD
2745,EDDK,KEWR
2746,KIAD,KJFK
2747,RJTT,RJFF
2748,KORD,KBWI
2749,KDTW,KMSP
2750,KMIA,KBWI
2751,KCLT,KBKL
2752,LIMC,EDDK
2753,KSDM,KSNA
2754,KORD,KPHX
2755,KDTW,KLGA
2756,KLGB,KSNA
2757,KSAN,KPHX
2758,CYYZ,KHPN
2759,KDEN,KATL
2760,KDEN,KRDU
2761,KJFK,LFPG
2762,KDAL,KBUR
2763,VIDP,OTHH
2764,KLAS,KSLC
2765,KDTW,KPHX
2766,KSYR,KLGA
2767,KCLT,KPHL
2768,KMMU,KTEB
2769,KSTS,KOAK
2770,KDTW,IA25
2771,UAII,UAAA
2772,KCLT,CYYZ
2773,CYVR,CYYC
2774,KDCA,KRDU
2775,KPHX,KMDW
2776,KDEN,KBKL
2777,YMML,YPPH
2778,KFLL,KBOS
2779,KMIA,KSDF
2780,KFUL,KWHP
2781,KSEA,KBNA
2782,KIAH,KSNA
2783,KCRQ,KF70
2784,TJSJ,KSDF
2785,KPHL,KLGA
2786,KMSP,KTYS
2787,CYYZ,EHAM
2788,KDEN,KMSP
2789,KLAS,KMDW
2790,YPPF,YLYK
2791,GOBD,LFPG
2792,KDFW,KBOS
2793,YMAY,YMEN
2794,KATL,09MO
2795,YMAY,YMEN
2796,KORD,PANC
2797,KMCI,KDFW
2798,KFHR,KBFI
2799,KJFK,EGLL
2800,KSEA,CYVR
2801,KDTW,KATL
2802,KPHX,KLGB
2803,VABB,VIDP
2804,RCTP,RJBB
2805,KSBA,KVNY
2806,KATW,KORD
2807,KBWI,KBNA
2808,KDTW,KSFO
2809,CBQ2,CZBB
2810,KATL,KDEN
2811,KORD,KLAS
2812,KDEN,KTYS
2813,RJTT,RJOM
2814,EDDK,ESMS
2815,KLAS,KPHX
2816,KSTL,KDEN
2817,KBUF,KDTW
2818,KPHX,KORD
2819,OBBI,OERK
2820,KORD,KFAT
2821,KDFW,SBGR
2822,KTUS,AZ19
2823,KDCA,KORF
2824,KPAE,KHIO
2825,RCTP,PANC
2826,NZCH,YMML
2827,KDTW,KTYS
2828,EDDP,EGNX
2829,KMIA,KDTW
2830,KJFK,KLAX
2831,KSAN,KSJC
2832,KCLT,KBWI
2833,KORD,KOMA
2834,KSQL,KCCR
2835,KLGA,KMSP
2836,KPHX,KCRQ
2837,KLAS,KPHX
2838,KDTW,KJFK
2839,KDEN,KBWI
2840,LIMC,EGSS
2841,KMSP,KRDU
2842,KCLT,KROC
2843,CYCD,CYVR
2844,KPOC,KSNA
2845,WSSS,VHHH
2846,KMOD,KMHR
2847,LFML,LFPG
2848,KOMA,KLAX
2849,KORD,KMKE
2850,NZGB,NZAA
2851,CYVR,CYYC
2852,KBUF,KJFK
2853,KLAX,KSJC
2854,KSFO,KPHX
2855,SBSP,SBBR
2856,KONT,KSFO
2857,EGNX,EKCH
2858,KMIA,KDCA
2859,KJFK,KLAX
2860,KPHL,KCMH
2861,RJAA,RJFF
2862,KSFO,KMSP
2863,KPDX,KMSP
2864,KOMA,KMSP
2865,KDFW,KMDT
2866,GVNP,LPPT
2867,KSEA,KBOI
2868,KDTW,KDCA
2869,KSTL,KMSP
2870,NZCH,NZWN
2871,KATL,KROC
2872,KTOA,KSBA
2873,KATL,KFLL
2874,KIAH,KABQ
2875,KCRQ,KLGB
2876,SBGR,SSJC
2877,KIND,KEWR
2878,EGNX,EDDP
2879,KDEN,KOAK
2880,KLAS,KDFW
2881,KSEA,KORD
2882,KSNA,KWHP
2883,CYWG,CYYC
2884,KBLI,KSEA
2885,WA49,KSEA
2886,KMIA,EGLL
2887,KRDU,KSDF
2888,KDFW,KM99
2889,KDAL,KFLL
2890,KPHL,KALB
2891,CYVR,KSDF
2892,KBUR,KLAS
2893,KFLL,KRDU
2894,YMMB,YMNG
2895,CYFD,CYKF
2896,KATL,KMSP
2897,KMSP,KATL
2898,KORD,KCMH
2899,KSJC,KBUR
2900,KDTW,AL18
2901,KLAX,KMSP
2902,KIAH,KLAX
2903,VIDP,VOMM
2904,KORD,KBOI
2905,KOLS,KPHX
2906,KORD,KSNA
2907,KLAS,KORD
2908,KBOS,KBKL
2909,KPHL,KPVD
2910,KSEA,KTUS
2911,SPJC,EHAM
2912,YCVG,YPPF
2913,KDEN,KSLC
2914,KBUY,KOSU
2915,KAVQ,KFFZ
2916,KLAX,KDFW
2917,K61B,KLAS
2918,KMIA,SBGR
2919,KATL,KBOS
2920,EDDP,EDDK
2921,KDCA,KRDU
2922,KJFK,LIRF
2923,YSBK,YCNK
2924,KLVK,KCCR
2925,CYYZ,CYXE
2926,KSFO,KLAS
2927,6MO6,KSUS
2928,NZAA,NZCH
2929,KORD,K8C4
2930,KLAS,KPDX
2931,KCLT,KALB
2932,CYYZ,CYOW
2933,KORF,KIAD
2934,KPHL,KSYR
2935,KSEE,KRNM
2936,KBTL,MI77
2937,YHEC,YCDR
2938,KPHX,KDAL
2939,KDTW,KIAD
2940,KSEA,KMSP
2941,EDDK,LIMC
2942,KDEN,KLAX
2943,KFHR,KRNT
2944,KSNA,KOAK
2945,VIDP,VOBL
2946,KCMA,KLGB
2947,YMML,YBCG
2948,KORD,KPDX
2949,KDAL,KMDW
2950,KPHL,KCLT
2951,KJFK,LEMD
2952,OMDB,VABB
2953,KLAX,KPHX
2954,KATL,KBUF
2955,KDTW,KBWI
2956,KSQL,KHHR
2957,KCLT,KATL
2958,KVNY,KBFI
2959,KORD,KPDX
2960,KBNA,KFLL
2961,KPHX,KONT
2962,KATL,KDCA
2963,SPJC,SKBO
2964,KMIA,KJFK
2965,KDCA,KPHL
2966,KTUL,KLAX
2967,KA39,KCHD
2968,KPHX,KNYL
2969,KMDW,KCVG
2970,RPLL,RJBB
2971,KMKE,KMSP
2972,TN97,6TN9
2973,KORD,KLAX
2974,KDTW,07PN
2975,NZTG,NZCH
2976,CYVR,KSEA
2977,RCTP,VHHH
2978,KMSP,KIAD
2979,OMDB,OBBI
2980,EGNX,LIMC
2981,KBNA,KMCO
2982,KPVD,KORD
2983,UNEE,UUWW
2984,KCLT,KLAS
2985,KBOS,KLAX
2986,YSBK,YSCN
2987,KMIA,KRDU
2988,WSSS,EGLL
2989,KSNA,KLAS
2990,KSEA,KSTL
2991,OBBI,VHHH
2992,KSAN,KPDX
2993,KATL,CYYZ
2994,KMSP,LFPG
2995,KDTW,KBOS
2996,KORD,KSEA
2997,KECP,KPNS
2998,KCLT,KLAS
2999,KBNA,KLAX
3000,KIAH,KMCO
3001,KATL,KFLL
3002,KLAX,KDAL
3003,ZGSZ,ZUCK
3004,KTEB,KIAD
3005,KSAN,KLAS
3006,KPHL,KISP
3007,KBOS,KBWI
3008,KABQ,KPDX
3009,KPHL,KORD
3010,KLGA,KSDF
3011,KATL,KTYS
3012,KMSP,KBWI
3013,KBUR,KPHX
3014,YBBN,YSCB
3015,KFLL,KEWR
3016,SBKP,SBBR
3017,KLAS,KBWI
3018,EBBR,LIMC
3019,KBNA,KBOS
3020,KHQZ,KF46
3021,KAPC,KSTS
3022,KRVS,KOWP
3023,KSEA,KORD
3024,KORD,KDTW
3025,KCLT,KDAL
3026,KS50,KPAE
3027,KDTW,KPVD
3028,KGYR,AZ05
3029,KORD,KLAS
3030,KJFK,LIMC
3031,KPHX,KLAX
3032,RJOO,RJTT
3033,KIAH,KSFO
3034,KDFW,KBNA
3035,KLGB,KPHX
3036,KRYY,KJZP
3037,KMIA,KBKL
3038,KPAO,KC83
3039,KPHX,KIWA
3040,RJFF,RJTT
3041,KORD,KMKE
3042,KAPA,KSFO
3043,KEMT,KCNO
3044,ZGSZ,ZUCK
3045,RJTT,RJFF
3046,KHOU,KDCA
3047,KDAL,KOAK
3048,VHHH,UAAA
3049,KLAX,KBNA
3050,KBNA,KRDU
3051,KDTW,KMDT
3052,KAUS,KPHX
3053,KORD,KBOS
3054,CYYZ,CLC2
3055,KPDX,KBUR
3056,KCLT,KOAJ
3057,KMSP,KDFW
3058,YSSY,YBCG
3059,KATL,KLAS
3060,KDFW,KMIA
3061,KIAH,KPDX
3062,NZCH,NZHN
3063,LIMC,LHBP
3064,KTUS,KPHX
3065,YBCG,YMML
3066,KLAX,KAUS
3067,KORD,KSAT
3068,KPAO,KTCY
3069,KSEA,KDFW
3070,KORD,KGRB
3071,KATL,KROC
3072,KDAL,KLAS
3073,KABQ,KDAL
3074,VHHH,WSSS
3075,YWLM,YBBN
3076,KPDX,KLAX
3077,YSBK,YSDU
3078,EBBR,LHBP
3079,KLAS,KSAN
3080,KDTW,KALB
3081,KSFO,KLAS
3082,KORD,KPHX
3083,RJFF,RJTT
3084,KSMF,KSEA
3085,SBGR,SBGL
3086,KLAS,KPHX
3087,KDTW,KSTL
3088,KATL,KRDU
3089,KJFK,KLAS
3090,KMKC,KAPA
3091,KMIA,KORF
3092,KORD,BIKF
3093,KPHL,KBKL
3094,KPHX,KCMH
3095,KDTW,KABE
3096,EBBR,EKCH
3097,KMSP,KLGA
3098,KSEA,KMSP
3099,KMIA,KMCI
3100,KLAX,KLAS
3101,CYYC,CYVR
3102,KORD,KATW
3103,NZCH,NZAA
3104,EGNX,EBBR
3105,KBWI,KSAN
3106,KDEN,KMCO
3107,KORD,KPDX
3108,PAEN,PANC
3109,KSTS,KSEA
3110,KPHL,KROC
3111,KSFO,KDFW
3112,LTAC,EDDK
3113,KMIA,KORD
3114,KUAO,KS21
3115,KMSP,KDEN
3116,RJBB,LFPG
3117,KSMF,KLGB
3118,KFLL,KRDU
3119,KATL,KSYR
3120,CYYZ,EDDF
3121,KDTW,KGRB
3122,KDTW,KROC
3123,KPDX,PANC
3124,KLAS,KSNA
3125,KMSP,KBOS
3126,KORD,KMSP
3127,KOAK,KLAX
3128,CYYZ,CYYC
3129,RJTT,RJFF
3130,KBOS,LPPD
3131,KLAX,KLAS
3132,KFLL,KPHL
3133,KATL,9NC6
3134,KJFK,KDFW
3135,KACY,KFRG
3136,EDDK,EDDP
3137,KFAT,KLAS
3138,KSCK,KLAS
3139,KPHX,KSLC
3140,VOBL,VABB
3141,KDTW,KMCI
3142,KOMA,KPHX
3143,KATW,KMSN
3144,KDTW,KBNA
3145,KMQY,KM33
3146,KLGA,KCLT
3147,YMML,YBCG
3148,KFLL,KLAS
3149,KATL,KABE
3150,KORD,KSNA
3151,KLAX,LFPG
3152,EBMB,LEMD
3153,KMSP,KMSN
3154,LIRF,LEBL
3155,GMMN,EBBR
3156,KCLT,KMCO
3157,KDTW,KRDU
3158,KDFW,KSEA
3159,KDEN,KRDU
3160,KLAS,KOAK
3161,KSEA,KLAS
3162,2MI3,KBTL
3163,KBOI,KSEA
3164,KFLL,SBKP
3165,KDTW,KDFW
3166,KATL,KSTL
3167,KATL,KFLL
3168,KDTW,KDAY
3169,KORD,LFPG
3170,LTAC,EDDL
3171,RJBB,EHAM
3172,KBFI,KORS
3173,KPHL,3PA9
3174,EBLG,EGNX
3175,KPDX,KSEA
3176,KLAS,KDTW
3177,KGOK,0OK5
3178,KSEA,KLAX
3179,KDTW,KSEA
3180,KDEN,KSTL
3181,NZCH,NZRI
3182,KDEN,KDAL
3183,KDCA,KBNA
3184,CYYZ,CYUL
3185,KSAN,KLAX
3186,KATL,KSDF
3187,EDDK,EGSS
3188,OTHH,LTFJ
3189,KLAX,RCTP
3190,RPLL,RJAA
3191,KDTW,KSAN
3192,KORD,KOMA
3193,KROC,KHPN
3194,KOAK,KSNA
3195,KVGT,KHND
3196,KMKE,KLAS
3197,KBNA,KATL
3198,KDFW,KLAX
3199,YTDN,YMMB
3200,KPSP,KSEA
3201,KSJC,KPDX
3202,VECC,VIDP
3203,KFLL,KBOS
3204,KFHR,KRNT
3205,KCLT,KHSV
3206,KDTW,CYYZ
3207,KLAS,KDAL
3208,1WA9,KRNT
3209,KSNA,KPHX
3210,KIAH,KSAT
3211,KLGA,KBNA
3212,KPHL,KBUF
3213,SBGR,SBBR
3214,KLAX,KLAS
3215,YLVB,YMMB
3216,KBED,KTEB
3217,UNEE,UUEE
3218,KDTW,KCMH
3219,KOAK,KWHP
3220,KBFI,WT77
3221,KORD,KLAX
3222,SBGR,SSJC
3223,KSEA,KOMA
3224,KLAX,KLAS
3225,CAK3,CBQ2
3226,SBKP,SSJC
3227,VOBL,VEPI
3228,KDEN,KTUS
3229,KSMF,KPHX
3230,RJTT,KJFK
3231,VHHH,RPLL
3232,NZCH,NZRO
3233,KIAD,KTEB
3234,KSAN,KSJC
3235,KMKE,KMSN
3236,KATL,KHPN
3237,KMSP,KSAT
3238,KSEA,KLAS
3239,KDAL,KTUL
3240,YMMB,YWON
3241,KORD,KOKC
3242,KORD,KTUL
3243,NZAA,NZWR
3244,KLAX,KBNA
3245,VECC,VABB
3246,KATL,KMCI
3247,KSFO,35OR
3248,KATL,KMDT
3249,KSAN,KOAK
3250,KOKC,KDEN
3251,KDEN,KABQ
3252,VOBL,VABB
3253,WSSS,RPLL
3254,KDTW,KATW
3255,WMSA,WSSL
3256,KADS,KF69
3257,KPHL,KATL
3258,KSFO,KLAX
3259,KMDW,KOAK
3260,CYYZ,CYYC
3261,KSAN,KPHX
3262,VIDP,VECC
3263,KECP,KPDK
3264,KSTS,KSAN
3265,EDDV,LTFJ
3266,KATL,KIAD
3267,KFAT,KSDF
3268,NZNE,NZWJ
3269,KSJC,KSNA
3270,KMSP,KPHL
3271,CYBG,CYUL
3272,KBOS,KTEB
3273,KCLT,KABE
3274,KSEA,KSFO
3275,KORD,KDEN
3276,KDTW,KMSN
3277,CYYZ,BIKF
3278,EDDK,EGNX
3279,KSAN,KPHX
3280,KIAH,KPHX
3281,KSEA,KDFW
3282,KPHX,KMKE
3283,KAPA,KPVU
3284,KBWI,KFLL
3285,KPHL,EIDW
3286,VIDP,VABB
3287,KATL,KPHX
3288,KORD,KDAY
3289,KMSP,KMDW
3290,KLGA,KORD
3291,KFHR,KBLI
3292,CYYC,CYWG
3293,KORD,EIDW
3294,CYYZ,CYVR
3295,KPVD,KSDF
3296,KOKC,KPHX
3297,KVNY,KBFI
3298,KSJC,KLAS
3299,KCLT,KMCO
3300,KORD,KLGA
3301,KATL,KDTW
3302,KIAH,KLAS
3303,KJFK,KATL
3304,RJAA,RCTP
3305,KPHL,KBOS
3306,KOAK,KSEA
3307,KBNA,KRDU
3308,VHHH,VIDP
3309,KIAD,OTHH
3310,VAJJ,VIDP
3311,KABQ,KLAX
3312,CYYZ,CYUL
3313,KMIA,KBNA
3314,KVES,KI73
3315,KSEA,EDDF
3316,KPHX,PANC
3317,KATL,KMIA
3318,KIAH,KSEA
3319,KJFK,EHAM
3320,KFLL,KLAX
3321,KCYO,KLCK
3322,KSLC,KLAX
3323,KCLT,KPHL
3324,KDEN,KLGA
3325,KLAX,EDDF
3326,KLAX,KBOI
3327,KATL,KSFO
3328,EDDK,LEBL
3329,UAII,UAAA
3330,LTAC,LTFJ
3331,KSBA,KCRQ
3332,RJOO,RJTT
3333,CYMX,KSDF
3334,RJTT,RJOO
3335,YSWG,YNAR
3336,KUAO,67OR
3337,KORD,KBNA
3338,KSNA,KOAK
3339,KFLL,KBNA
3340,KAPA,KLMO
3341,VIDP,VABB
3342,KJFK,LFPG
3343,KPHX,KMCI
3344,KORD,KALB
3345,KLAX,KPHX
3346,KMSP,KCMH
3347,EGNX,EDDK
3348,KDEN,KORD
3349,KBWI,KBKL
3350,KATL,KDAL
3351,KSFO,KTUS
3352,EDDK,LFPG
3353,KHOU,KCMH
3354,KMIA,KEWR
3355,VIDP,VOMM
3356,CYYZ,CYOW
3357,KFLL,KDFW
3358,KPNS,KDFW
3359,EDDP,LFPG
3360,VABB,VIDP
3361,KLGB,KEMT
3362,SKBO,EDDF
3363,KORD,KSMF
3364,KBOS,KDCA
3365,EDDK,LEMD
3366,PANC,KSEA
3367,KBWI,KSDF
3368,KJFK,GMMN
3369,NZAA,NZCH
3370,KMIA,KATL
3371,YSSY,YMHB
3372,KDFW,EGLL
3373,RCTP,RJBB
3374,KDTW,KOMA
3375,KPAN,KPHX
3376,VOMM,VABB
3377,YTDN,YMMB
3378,LTAC,EDDM
3379,KORD,KDEN
3380,KIAH,KSAN
3381,RPLL,RJFF
3382,RJFF,RJTT
3383,YBMC,YMML
3384,CAK3,CZBB
3385,KMDW,KMIA
3386,KAUS,KLAX
3387,KSDF,KLAS
3388,EDDK,ESMS
3389,VOBL,EGLL
3390,KSEA,PANC
3391,RJAA,RJFF
3392,KATL,KRDU
3393,EBMB,LEBL
3394,SKBO,LEMD
3395,KSEA,KPDX
3396,SBKP,SDJN
3397,KPDX,KSAN
3398,LFML,LFKJ
3399,KSPB,KTTD
3400,KMIA,LEMD
3401,KJFK,KRDU
3402,KSEA,KMCI
3403,KSFO,KLAX
3404,NZCH,NZRI
3405,KORD,AL18
3406,KCLT,KSDF
3407,KSAN,KDAL
3408,KVNY,KHWD
3409,KDEN,KBNA
3410,KPHX,KSDF
3411,KBFI,KPWT
3412,KORD,71KY
3413,KLAS,KSNA
3414,KORD,KDTW
3415,KDFW,KSBA
3416,KBNA,KDCA
3417,KFLL,KBWI
3418,KTEB,KIAD
3419,YMMB,YMEN
3420,KABQ,KPHX
3421,KORD,K8C4
3422,UAAA,UAII
3423,YMML,YPAD
3424,KMIA,KPNS
3425,SBKP,SBVT
3426,KBUR,KSFO
3427,KFAT,KLAS
3428,KCCR,KPVF
3429,KBWI,KMDW
3430,VOBL,VOMM
3431,KHPN,KATL
3432,KORD,KSAN
3433,KAUS,KORD
3434,KDFW,KSAN
3435,KCOS,KDEN
3436,YSDU,YSWG
3437,SBGR,KEWR
3438,KMSP,KDCA
3439,KORD,KLAS
3440,YSSY,NZAA
3441,KDFW,KBTF
3442,KHND,KVGT
3443,KORD,KMDT
3444,KBOS,EGLL
3445,KAUS,KSAN
3446,KTYS,07KY
3447,YBMC,YSSY
3448,GMMN,LFPG
3449,KPHL,KTEB
3450,KCOS,KDEN
3451,KSBP,KPHX
3452,KDFW,KDEN
3453,EBLG,KJFK
3454,KMSP,KFLL
3455,KSEA,KBOI
3456,VIDP,VOBL
3457,KATL,K9A4
3458,KSAC,KSCK
3459,KDEN,KSJC
3460,KSMF,KPDX
3461,KORD,OTHH
3462,KPBG,VT48
3463,KCOS,KDFW
3464,KLAX,KAUS
3465,EGGW,LEMD
3466,KSFO,KLAX
3467,RJOO,RJFF
3468,YMEN,YBSS
3469,KDFW,KSMF
3470,RCTP,KSFO
3471,CYVR,KSEA
3472,KJFK,LIRF
3473,KPHX,KBUR
3474,CYYZ,EGLL
3475,GMMN,LIPE
3476,KAUS,KDEN
3477,EDDP,KJFK
3478,VABB,VIDP
3479,KPNS,KATL
3480,KONT,KSDF
3481,KDFW,KPHX
3482,KPHX,KOMA
3483,RPLL,WSSS
3484,KDEN,KLAS
3485,KSFO,KPSP
3486,LTBA,UAAA
3487,NZTE,NZCH
3488,YKEL,YSSY
3489,CYMX,CYYZ
3490,KLAS,KSFO
3491,KSFO,KS03
3492,NZCH,NZOI
3493,KMIA,KJFK
3494,KORD,KABE
3495,KBFI,KLAS
3496,EDDK,LIMC
3497,SBGR,SBVT
3498,KPHL,KHPN
3499,EDDP,EGSS
3500,KSMF,KSEA
3501,KDEN,KPDX
3502,CYYC,CYYZ
3503,KWHP,KSBA
3504,KMSP,KPHX
3505,KLAS,KMSP
3506,LFPG,LIMC
3507,KDMW,KGAI
3508,KORD,KDFW
3509,ZGSZ,ZUCK
3510,KSAT,MMTJ
3511,KORD,KBWI
3512,KBWI,KBUF
3513,EDDK,LIPZ
3514,KMIA,KBWI
3515,RJTT,LFPG
3516,CYYJ,CYVR
3517,KDEN,KPDX
3518,KJFK,KMCO
3519,KSEA,KSFO
3520,KLAX,KPHX
3521,YPAD,YMEN
3522,PAEN,PANC
3523,KATL,KJFK
3524,KDEN,KMCI
3525,EDDP,EKCH
3526,WSSS,YBBN
3527,KBTL,MI77
3528,EBLG,LTFJ
3529,KDAL,KMKC
3530,KORD,KATL
3531,KLAS,KSNA
3532,VIDP,VECC
3533,KDFW,KFLL
3534,VECC,VOBL
3535,KLAX,KHOU
3536,NZPM,NZCH
3537,KDEN,KPHL
3538,YMML,YWLM
3539,KMIA,KRDU
3540,KSFO,KPDX
3541,KSMF,KBUR
3542,EGNX,LEMD
3543,VOMM,VECC
3544,KORD,KEWR
3545,RJBB,PANC
3546,YSCB,YBBN
3547,KPHX,KSNA
3548,KBUF,KSYR
3549,RJFF,RCTP
3550,WSSS,YSSY
3551,KATL,KPIM
3552,VIDP,VABB
3553,CAM3,CZBB
3554,GOBD,LPPT
3555,KSNA,KSFO
3556,KVNY,KSAN
3557,KTUS,KLAX
3558,KORD,KFLL
3559,KMDW,KSMF
3560,RPLL,VHHH
3561,KJFK,KATL
3562,KIZA,KSBA
3563,KDEN,KDFW
3564,KPHX,KLAX
3565,KCLT,KDAY
3566,LLBG,EHAM
3567,KTYR,KDFW
3568,EDDK,LKPR
3569,GMMN,LFPO
3570,YPAD,YMML
3571,KATL,KLAX
3572,KTEB,KIAD
3573,VABB,VIDP
3574,KATW,KORD
3575,EDDP,EHAM
3576,KBOS,KFLL
3577,KHND,KCRQ
3578,NZCH,NZPM
3579,KAUS,KSJC
3580,KONT,KSEA
3581,KMSP,KORD
3582,KFLL,KLAX
3583,EBLG,ESSA
3584,EBBR,LLBG
3585,YSDU,YSSY
3586,KMDW,KDAL
3587,YMML,YSSY
3588,KMIA,KATL
3589,KPHX,KMSP
3590,KBUR,KLAS
3591,NZPM,NZWN
3592,KLAS,KORD
3593,KORD,KDEN
3594,SPST,SPJC
3595,KBNA,KPNS
3596,KMDW,KPHX
3597,KFLL,KBWI
3598,SBKP,SBVT
3599,KDFW,KTUS
3600,NZTG,NZWN
3601,LIMC,LGAV
3602,KPWT,KBFI
3603,KLAX,KMDW
3604,KPHX,KLGB
3605,EBLG,EDDE
3606,KBTL,MI77
3607,ULLI,UUEE
3608,LFPG,EDDK
3609,KDEN,KPHX
3610,KMDW,KFLL
3611,KLAS,KSTL
3612,KPDX,KPHX
3613,LLBG,EDDF
3614,KORD,KDCA
3615,YLVB,YMMB
3616,KFLL,KCMH
3617,KORD,EGLL
3618,KSEA,KGEG
3619,YMMB,YWON
3620,YPAD,YSSY
3621,YPMQ,YBBN
3622,KDCA,KDTW
3623,KTOA,KSNA
3624,KJFK,KBOS
3625,EDDK,EIDW
3626,KMDW,KSEA
3627,KDFW,KATL
3628,KRFD,KSDF
3629,KORD,KRDU
3630,KSTL,KBNA
3631,KOKC,KSDF
3632,KSEA,KPDX
3633,YBCG,YMML
3634,KOSU,KSTL
3635,KTUL,KSDF
3636,KBNA,KMCI
3637,EDDP,EGNX
3638,KORD,KSDF
3639,KSGR,KDAL
3640,KCLT,KRDU
3641,KLGA,KBDR
3642,KSFO,KGEG
3643,KDEN,KSFO
3644,KPHX,KPDX
3645,LLBG,LKPR
3646,KBWI,KORF
3647,KATL,EGLL
3648,RCTP,VMMC
3649,SBGR,KATL
3650,KDEN,KPAE
3651,EDDK,LPPR
3652,VABB,VECC
3653,KOAK,KLAX
3654,KMDW,KMCO
3655,KSEA,KLAS
3656,KOKC,KDFW
3657,KMIA,KDFW
3658,KLAX,KSJC
3659,KBNA,KHOU
3660,CYVR,CYYC
3661,RJFF,RJTT
3662,KSNA,KSFO
3663,KLAS,KSNA
3664,KPHX,KLAX
3665,KPDX,KSJC
3666,LTBA,OMDW
3667,RJBB,RCTP
3668,LLBG,EPWA
3669,KLAX,KTUS
3670,KOMA,KSTL
3671,EBBR,EIDW
3672,KJFK,KFLL
3673,KORD,KBOS
3674,KDFW,KCOS
3675,KORD,KDAY
3676,KBWI,KATL
3677,SBGR,LEMD
3678,EDDK,LIME
3679,NZCH,NZWN
3680,KBOI,KLAX
3681,KAVX,KTOA
3682,CYYC,CYVR
3683,KPHL,KLAS
3684,KORD,KSYR
3685,VOBL,VABB
3686,KDEN,KOKC
3687,EBLG,LIPE
3688,KBUR,KSJC
3689,KPDX,KSDF
3690,KSFO,KSEA
3691,KDEN,KLAX
3692,49NY,KHPN
3693,KLAS,KSAT
3694,KJFK,KCLT
3695,KBNA,KDAL
3696,KAUS,KDAL
3697,LLBG,LGAV
3698,RJTT,RJFF
3699,KLAX,MGGT
3700,KMDW,KOMA
3701,KORD,KBUF
3702,KDCA,KMIA
3703,KPHX,KBOI
3704,KDTW,KSYR
3705,KDCA,KDAY
3706,KTUL,KDFW
3707,EDDP,EBBR
3708,RJBB,RJTT
3709,KSNA,KLGB
3710,KDEN,KORD
3711,SBGR,KJFK
3712,KMIA,KPHL
3713,KORD,KPHX
3714,KBNA,KMDW
3715,KMDT,KSDF
3716,NZWN,NZWU
3717,KMDW,KATL
3718,CYQQ,CYVR
3719,KSFO,KONT
3720,KBOI,KGEG
3721,KSBD,KDFW
3722,KTUL,KDEN
3723,KSJC,KSDF
3724,KORD,KY51
3725,KUAO,K7S9
3726,EDDK,LIME
3727,KOAK,KHOU
3728,KMSP,KSDF
3729,KFLL,KSDF
3730,KDFW,KSAN
3731,KPHX,KSAN
3732,KDFW,KSDF
3733,KJFK,KPHX
3734,KSTL,KMDW
3735,KIGX,8NC6
3736,RJOO,RJTT
3737,YTDN,YMMB
3738,NZAA,NZWN
3739,KORD,KMCI
3740,KPHL,KMCO
3741,KLAS,KBNA
3742,KMHR,KSDF
3743,RJBB,RJAA
3744,KFRG,KACY
3745,KPIT,KPHL
3746,KSYR,KBUF
3747,11OA,KOSU
3748,YBCG,YMML
3749,KPHX,KDAL
3750,SBGR,SBGL
3751,KDTW,KFLL
3752,KDEN,KFAT
3753,KVNY,KSNA
3754,EGPH,EGNX
3755,KSAN,KSEA
3756,KORD,KORF
3757,KLAX,EGLL
3758,VHHH,EHAM
3759,KHOU,KMDW
3760,KMDW,KPHL
3761,KORD,KCMI
3762,KATL,KDCA
3763,KPHX,KOAK
3764,VIDP,VEPI
3765,NZCH,NZAA
3766,KDFW,KATL
3767,93OH,89OI
3768,EDDP,EDDK
3769,KLAS,KSDF
3770,KORD,KCMH
3771,KPHX,KMKE
3772,KFLL,KEWR
3773,YMEN,YFSK
3774,KMDW,KMSP
3775,KSKA,KSEA
3776,EDDK,ESSA
3777,KDFW,75TE
3778,LFPG,LEMD
3779,KBOS,KSDF
3780,YBMC,YSSY
3781,KDEN,KSBA
3782,KRDU,KPHL
3783,KSNA,KSEA
3784,NZCH,NZWN
3785,KBNA,KSAT
3786,KLAX,KSAT
3787,KDFW,KATL
3788,KLGA,KBKL
3789,KJFK,LEMD
3790,KDCA,KBUF
3791,KSYR,KSDF
3792,KMDW,KDAL
3793,KPHX,KSJC
3794,CYVR,CYYZ
3795,KSAN,KSNA
3796,KATL,LFPG
3797,EBLG,EFHK
3798,KORD,KTYS
3799,LFPG,EGSS
3800,KDFW,KSFO
3801,KSMF,KSEA
3802,KPHX,KSTL
3803,KDEN,KSDF
3804,SBCO,SBGR
3805,KFLL,KDTW
3806,KPHX,KSEA
3807,EDDP,LIPE
3808,KBNA,KPHX
3809,KORD,KSTL
3810,KOAK,KBTF
3811,KBUR,KLAS
3812,KSFO,KSNA
3813,MI56,MI77
3814,KSAT,KDAL
3815,KBOS,KPHL
3816,YBCG,YLIS
3817,NZAA,NZGB
3818,KTUL,KDAL
3819,KBWI,KROC
3820,KLAX,KDFW
3821,EBLG,ESGG
3822,KSMF,KLAS
3823,KBED,KHPN
3824,KPHX,KPSP
3825,KDTW,KORD
3826,KCLT,KPDX
3827,KPHX,PANC
3828,KORD,71KY
3829,LFPG,EDDS
3830,KSFO,KPHX
3831,KATL,KSDF
3832,KDFW,4OI7
3833,KIAD,KBKL
3834,KBNA,KJFK
3835,LEMD,LEPA
3836,KDAL,KLAX
3837,VHHH,RCTP
3838,KMDT,KRFD
3839,KSTL,KDAL
3840,KLAX,KBOI
3841,EFOU,EFHK
3842,KBOS,KLAS
3843,KSFO,KBOI
3844,KMSP,KOMA
3845,KDFW,KSJC
3846,EBLG,EDDV
3847,KORD,KDFW
3848,EDDP,LEBL
3849,KORD,KMKE
3850,KHOU,KTUL
3851,KLAX,KCOS
3852,KIAD,KFLL
3853,KATL,KPHL
3854,RJTT,RJOO
3855,LFPG,EGBB
3856,KDFW,KATL
3857,KPHX,KFAT
3858,KTYR,KDFW
3859,EDDK,EDDM
3860,KDTW,KRFD
3861,YMML,NZAA
3862,KORD,KMKE
3863,KHOU,KSTL
3864,KFAT,KSJC
3865,KMIA,KBOS
3866,KMDW,KSAN
3867,KSFO,KSNA
3868,LLBG,LTFJ
3869,LFPG,EKCH
3870,KDEN,KSAF
3871,KDEN,KPHL
3872,KATL,KORD
3873,VIDP,VABB
3874,KPHX,KSNA
3875,KLAX,KSEA
3876,EDDP,LEMD
3877,KPHX,KMSP
3878,KOKC,KDFW
3879,YMEN,YWOL
3880,EBMB,LFML
3881,KDFW,KDEN
3882,KORD,PANC
3883,KCLT,KSDF
3884,KMIA,KPHL
3885,KSEA,KSJC
3886,KSFO,KFAT
3887,YHBA,YCDR
3888,SBBR,SBGR
3889,EBLG,LIRA
3890,KORL,KMDW
3891,KPHX,KMCI
3892,KDEN,KSNA
3893,KIAD,KATL
3894,ZGSZ,WSSS
3895,KJFK,EGLL
3896,LFPG,EPWA
3897,RJTT,RJOA
3898,KOAK,KBUR
3899,KBNA,KM33
3900,KBOS,KPHL
3901,KLAX,KSFO
3902,KHSV,KDFW
3903,RCTP,KLAX
3904,KPHX,KVNY
3905,KSFO,KLAX
3906,KMSP,KLAS
3907,KDEN,KBWI
3908,KBWI,KCMH
3909,KSAN,KLAS
3910,LFPG,LKPR
3911,KDFW,KBNA
3912,KDVT,KFFZ
3913,KORD,EGLL
3914,NZAA,NZPM
3915,KLAS,KPHX
3916,KMIA,KSDF
3917,KLAX,KSDF
3918,KSFO,KIZA
3919,KOAK,KPSP
3920,KSTL,KOMA
3921,KADS,KF69
3922,KBFI,KSDF
3923,KHOU,KLAX
3924,CBQ2,CZBB
3925,KDCA,KSYR
3926,KPHX,KLAX
3927,EBLG,LIMC
3928,KIAD,KCLT
3929,KDEN,KBOI
3930,KBWI,KORD
3931,KDFW,KSAT
3932,KDAL,KBWI
3933,CYKF,CYFD
3934,KDFW,KDCA
3935,KSEA,KSNA
3936,VOBL,VOMM
3937,KORD,KPHX
3938,KAUS,KDFW
3939,PAEN,PANC
3940,KOKC,KDFW
3941,KMSP,PANC
3942,KOMA,KRDU
3943,KOAK,KABQ
3944,KADS,KF69
3945,KORD,KSTL
3946,KIAD,KCMH
3947,ULLI,UUDD
3948,KATL,KBWI
3949,KNYL,KPHX
3950,LFPG,EINN
3951,KHOU,KDEN
3952,KORD,KGRB
3953,KDEN,KAUS
3954,KBUR,KSDF
3955,VHHH,VHSK
3956,KIAD,KPHL
3957,KSEA,KSAN
3958,KCLT,KMSP
3959,KORD,KROC
3960,KDFW,KOMA
3961,KATL,KTUL
3962,EDDK,LOWW
3963,KORD,KDEC
3964,RCTP,VHHH
3965,YSSY,YSDU
3966,KDEN,KSEA
3967,WMKK,WBKK
3968,ULMM,ULLI
3969,KHOU,KPHX
3970,KDEN,KORD
3971,KMIA,KLAX
3972,KBFI,KSNA
3973,KCLT,KFTY
3974,KORD,KMSN
3975,KSEA,KSAN
3976,KLGA,KBNA
3977,KSTL,KMCI
3978,KOAK,KSDF
3979,ESSB,ESSN
3980,KEIK,KAPA
3981,CYHM,KSDF
3982,KDFW,KSFO
3983,PANC,VHHH
3984,KMDW,KSAT
3985,CYVR,CYYJ
3986,KDFW,KEWR
3987,KORD,KMCI
3988,LFPG,ESSA
3989,YSSY,YBTH
3990,KBUR,KPHX
3991,KHPN,KDCA
3992,KJFK,LFPG
3993,KSEA,KPDX
3994,KSTL,KHOU
3995,EBBR,LSZM
3996,KMVY,KTEB
3997,EDDP,LZIB
3998,VHHH,RCTP
3999,RJTT,RJFF
4000,KMSP,KSEA
4001,EBLG,EDDB
4002,KATL,KAFW
4003,KDFW,KDEN
4004,KDFW,KFLL
4005,KCLT,KMDT
4006,KPWT,KBFI
4007,KMSP,KDFW
4008,KAUS,KDFW
4009,KMDW,KDCA
4010,KORD,KDTW
4011,KOAK,KRFD
4012,KSFO,KMIT
4013,KLAX,KSEA
4014,KIAD,KSDF
4015,KORD,KSDF
4016,KSNA,KPAE
4017,KCLT,KOMA
4018,KBWI,KDTW
4019,KSBA,KSEA
4020,KADS,KF69
4021,KATL,KRDU
4022,KORD,EDDM
4023,KLGA,KBUF
4024,KIAH,KFLL
4025,KSTL,KTUL
4026,YSCH,YMML
4027,NZAA,NZGB
4028,KATL,KDTW
4029,KRDU,KBOS
4030,KDCA,KALB
4031,SBGR,SBBR
4032,KSBD,KSDF
4033,VIDN,VIDP
4034,04TX,KDFW
4035,KDFW,KHSV
4036,KLGB,KSDF
4037,KLAX,KABQ
4038,LFPG,EDDV
4039,YBBN,NZAA
4040,WN51,KBVS
4041,KSNA,KLAS
4042,LIRF,LFPG
4043,VOBL,VIDP
4044,KORD,KMSN
4045,EDDK,LSZM
4046,KSFO,KSAN
4047,KCLT,KIAD
4048,KHOU,KOKC
4049,KBNA,KBWI
4050,KSDM,KVNY
4051,OTHH,VHHH
4052,KLAX,KORD
4053,KPDX,KSEA
4054,KOAK,KPDX
4055,LFPG,LOWW
4056,KPHX,KDFW
4057,KATL,KDEN
4058,EDDP,ESSA
4059,ZGSZ,ZUCK
4060,KIAD,KMDT
4061,KDFW,KSPI
4062,KDFW,KPSP
4063,KONT,KDFW
4064,KDEN,KDTW
4065,VOBL,VIDP
4066,NZCH,NZNV
4067,KSNA,KPHX
4068,K1G4,KLAS
4069,KCLT,KMCI
4070,KBUR,KSEA
4071,KSMF,KLAX
4072,KPHX,KDFW
4073,EDDK,EPWA
4074,LEPA,LEMD
4075,KORD,KMKE
4076,KDFW,KHOU
4077,CYMX,CYYZ
4078,KONT,KSDF
4079,KL35,KSNA
4080,EDDP,ENGM
4081,KSJC,KPHX
4082,KRDU,KBUY
4083,KORD,KMSP
4084,YCBG,YMML
4085,KOKC,KDFW
4086,EBLG,LIPZ
4087,KCLT,KBUF
4088,KCLT,KMIA
4089,KPDX,KLAS
4090,KBOS,KJFK
4091,KDEN,KPSP
4092,OL05,OR41
4093,KLAS,KMCI
4094,KATL,KBOS
4095,KSEA,KSJC
4096,KLAX,KFAT
4097,KSMF,KSAN
4098,KBVS,KRNT
4099,OTHH,VOBL
4100,YSSY,YBCG
4101,KDFW,KMCI
4102,KATL,KOMA
4103,K1G4,KLAS
4104,KIAD,KDTW
4105,KONT,KPHX
4106,K9A1,KPDK
4107,KORD,KGRB
4108,KSNA,KLAS
4109,KMKE,KORD
4110,KLAX,KMRY
4111,RJOO,RJTT
4112,KIAD,LSZH
4113,KBOI,KBFI
4114,KRDU,KDCA
4115,LFPG,OMDB
4116,PANC,RCTP
4117,KORD,KIAD
4118,KVGT,NV98
4119,KVIS,KFCH
4120,KDFW,MMUN
4121,KATL,KBWI
4122,KORD,KBNA
4123,KCLT,KDCA
4124,KATL,KOKC
4125,KDEN,KSEA
4126,VOBL,VOMM
4127,KORD,KCWA
4128,K1G4,KLAS
4129,KBFI,PANC
4130,KSFO,KLAX
4131,KSEA,KLAX
4132,KOKC,KDEN
4133,KBWI,KPVD
4134,VIDP,VOBL
4135,KCLT,KCMH
4136,LTAC,LTFJ
4137,ZGSZ,WSSS
4138,YPPH,YPAD
4139,EDDP,LFRS
4140,KDTW,KPHL
4141,KSEA,KBOI
4142,KMDW,KBWI
4143,SBGR,EDDF
4144,YBMC,YMML
4145,KATL,KBNA
4146,LLBG,LEMD
4147,KORF,KORD
4148,KLAS,KSEA
4149,KMSP,KLAX
4150,KMIA,SKBO
4151,KLAX,KSJC
4152,KSEA,KBUR
4153,CYVR,CYWG
4154,YSSY,YMHB
4155,KATL,KDAY
4156,KDFW,KPHX
4157,KOAK,KSEA
4158,KONT,KSJC
4159,EDDP,EFHK
4160,OEDF,OEAH
4161,EBLG,EDDN
4162,EDDK,KPHL
4163,KDTW,KORF
4164,KORD,KSDF
4165,EDDK,UUWW
4166,KATL,KSAT
4167,KMDW,KLAS
4168,KATL,KHSV
4169,KORL,KHPN
4170,KDFW,KTYS
4171,YMEN,YKTN
4172,KOAK,KBOI
4173,KSAN,KSFO
4174,KLAX,PANC
4175,CYVR,KPDX
4176,EDDP,EDDM
4177,KSEA,KBOI
4178,VIDP,VABB
4179,KRDU,KLAS
4180,KDFW,KVPS
4181,RJTT,RJOO
4182,LFPG,VIDP
4183,EDDK,LJLJ
4184,KDEN,KCMH
4185,KMSP,KSTL
4186,KPHX,KSBP
4187,KOMA,KSDF
4188,SBGR,KMIA
4189,KMIA,KATL
4190,KSAN,KPHX
4191,KIAD,KRDU
4192,KHOU,KBNA
4193,EETN,EVRA
4194,KCLT,KBWI
4195,KATL,KMDW
4196,KDAL,KMCI
4197,KLAX,KSEA
4198,YPAD,YMML
4199,KMDW,KHOU
4200,PAEN,PANC
4201,KDEN,KDAL
4202,KLGB,KOAK
4203,VGTJ,OMSJ
4204,KCLT,KMCO
4205,LEBL,LEPA
4206,KBFI,4IL3
4207,KWHP,KLGB
4208,YSWG,YMAY
4209,KPHX,KSEA
4210,KSLC,KORD
4211,CYUL,LFPG
4212,EBLG,EIDW
4213,VHHH,RCTP
4214,EDDP,EPWA
4215,KJWY,KGPM
4216,LLBG,UKBB
4217,KLAX,KMCI
4218,LFPG,LSZM
4219,KORD,73MU
4220,KAWO,KFHR
4221,KBUF,KSDF
4222,KPHX,KSNA
4223,KADS,KHQZ
4224,KRDU,KJFK
4225,KSEA,CYVR
4226,KONT,KOAK
4227,KSBA,KTOA
4228,KJFK,KDCA
4229,KEWR,CYYZ
4230,YMMB,YCES
4231,KCLT,4IA2
4232,KMSP,KATW
4233,KBOS,KSFO
4234,EBLG,LEBL
4235,LFPG,LEBL
4236,KPHX,KMDW
4237,UKKK,EPWA
4238,KHPN,KRDU
4239,KLAS,KMDW
4240,KSMF,KSAN
4241,KCLT,KHSV
4242,KDEN,KPHX
4243,NZCH,NZHN
4244,KFNL,KBKF
4245,KTEB,KHPN
4246,EDDK,EDDB
4247,KONT,4IL3
4248,KBWI,KBOS
4249,YBCG,YSCB
4250,OK08,KDFW
4251,SBGR,LFPG
4252,CLC2,CYTZ
4253,KDTW,MI38
4254,KORD,KLAX
4255,KPDX,KBOI
4256,KSFO,EGLL
4257,KBOS,KEWR
4258,KBFI,KFHR
4259,KLAS,KOMA
4260,KSEA,KBLI
4261,LIME,LPPT
4262,KMSP,KPDX
4263,KPHX,KBOI
4264,KDEN,KBTF
4265,KLAS,KTUS
4266,VHHH,RCTP
4267,KCLT,KDFW
4268,EGNX,KPHL
4269,KSJC,KLAX
4270,RPLL,RCTP
4271,KSEA,KSFO
4272,ULMM,ULLI
4273,KPHX,KTUS
4274,KDEN,KMKE
4275,KSLI,KCNO
4276,KLAS,KCOS
4277,KJFK,KROC
4278,KIAH,KSJC
4279,EBLG,LSZM
4280,LFPG,EHAM
4281,KDTW,KLGA
4282,KPHL,KSDF
4283,KADS,KAPA
4284,KSBA,KVNY
4285,KAUS,KSDF
4286,KATL,KTYS
4287,KLUK,KCMH
4288,KSEA,KPHX
4289,KDAL,KPDX
4290,KMIA,SKBO
4291,KMSP,KBOI
4292,KSTL,KBWI
4293,KLAX,KFAT
4294,KCLT,KSAT
4295,EDDP,LSZM
4296,KSJC,KSEA
4297,KSEA,KLAX
4298,KDEN,KSAN
4299,KPHX,KONT
4300,KPHX,KMRY
4301,KORD,EPWA
4302,RJTT,RJFF
4303,KATL,KVPS
4304,LROP,EBCI
4305,KDEN,KORD
4306,KJFK,OTHH
4307,KLAX,KSFO
4308,KMIA,LEMD
4309,EDDF,LEPA
4310,KSAN,KFAT
4311,KMDW,KLAX
4312,KHOU,KDAL
4313,KPHX,KAUS
4314,EDDP,EDDF
4315,KDFW,KLAS
4316,UKBB,EHAM
4317,YCBG,YMML
4318,KDTW,KEWR
4319,KOKC,KDFW
4320,KCLT,KMSN
4321,KDEN,KOKC
4322,KATL,KMDW
4323,KDEN,KBUR
4324,KMDW,KBNA
4325,KBUR,KPHX
4326,KOAK,KSJC
4327,ULMM,UUDD
4328,KSFO,KLAS
4329,KCLT,KSTL
4330,KLGA,KIAD
4331,KSEA,KLAS
4332,YBBN,YMML
4333,KMSP,KDEN
4334,VECC,VOMM
4335,KATL,EHAM
4336,RJTT,LFPG
4337,KIAD,KDAY
4338,RCTP,VHHH
4339,KLAS,KFAT
4340,KSLC,KSDF
4341,KDFW,KSNA
4342,KDEN,KSEA
4343,ULLI,UUEE
4344,KBWI,KISP
4345,KJFK,KSYR
4346,KORD,07KY
4347,KSAT,KDFW
4348,EDDP,LIME
4349,KIAD,VT26
4350,KDEN,KOKC
4351,VHHH,RCTP
4352,KOKC,KDFW
4353,EDDP,LHBP
4354,KONT,KSDF
4355,KSEA,KONT
4356,KPDX,KSFO
4357,KSNA,KSEA
4358,CYUL,GMMN
4359,KPHX,KSBA
4360,SKBO,LEMD
4361,VECC,VOBL
4362,KJFK,KSYR
4363,YMMB,YMEN
4364,EBLG,EGSS
4365,KDTW,KBUF
4366,KCLT,KORF
4367,KLAS,KLAX
4368,CYVR,KSFO
4369,KIAD,KPVD
4370,CYHM,CYMX
4371,KLAX,KSFO
4372,KSAN,KSJC
4373,KOAK,KAFW
4374,KSEA,PANC
4375,KPHX,KONT
4376,LROP,LOWW
4377,YSSY,YMML
4378,KATL,KORD
4379,KSFO,KPDX
4380,KFLL,KLAX
4381,KLAS,KMKE
4382,UUEE,ULLI
4383,KJFK,LEBL
4384,KGSO,KSDF
4385,KDTW,KPHL
4386,NZCH,NZAA
4387,KPHX,KBNA
4388,EETN,EFHK
4389,KTTD,WA63
4390,KPDX,KONT
4391,EDDP,LIPZ
4392,KSNA,KLAS
4393,KSEA,KSAN
4394,KMIA,KDEN
4395,KDEN,KSMF
4396,KMDW,KSTL
4397,KATL,KPHL
4398,KSAN,KSEA
4399,KCLT,KRDU
4400,KSTL,KOKC
4401,RPLL,VHHH
4402,KPHX,KLGB
4403,KDEN,KDFW
4404,KMSP,KPHX
4405,EDDP,LSGG
4406,KBUF,KJFK
4407,KSFO,KSEA
4408,KCLT,KBKL
4409,NZAA,NZWN
4410,KLAX,KSEA
4411,KSAT,KDFW
4412,75TE,KDFW
4413,LROP,LLBG
4414,KEWR,LLBG
4415,KSEA,KBOI
4416,NZNV,NZBA
4417,SBGR,KMIA
4418,KMMU,KIAD
4419,KLGA,KMVY
4420,KDEN,KLAS
4421,KPHX,KSAT
4422,KATL,KDEN
4423,KPHX,KORD
4424,YWLM,YBBN
4425,EBLG,EGNX
4426,ULLI,UUWW
4427,CYYZ,KSDF
4428,KFLL,KPHL
4429,KMSP,KLAS
4430,KLGA,KRDU
4431,KLAX,KSFO
4432,KPDX,KSNA
4433,RJFF,RJOO
4434,KSEA,KLAS
4435,KTUL,KDFW
4436,CYVR,CYYC
4437,EDDP,UUEE
4438,EDDK,LSZM
4439,KDTW,KBWI
4440,KPHX,KABQ
4441,UUEE,EHAM
4442,KFLL,KDFW
4443,KMKC,KRVS
4444,KBOI,KLAX
4445,KLAX,KPHX
4446,KSFO,KSAN
4447,YMEN,YMAY
4448,KSNA,KLGB
4449,LFPG,LFBO
4450,KORD,KLGA
4451,EBLG,LFML
4452,KPHX,KSNA
4453,RCKH,RCTP
4454,NZCH,YSSY
4455,KATL,KOMA
4456,KLAX,KAFW
4457,KORD,KCMH
4458,KDEN,KSAT
4459,KIAD,KORD
4460,UUEE,VHHH
4461,KEWR,KMCO
4462,KRDG,KLUK
4463,CYVR,CYYC
4464,EBLG,EGPH
4465,ESMS,ENGM
4466,KSAN,KOAK
4467,KOAK,KLGB
4468,KSFO,KSEA
4469,KMKE,KSDF
4470,KLAX,KPDX
4471,KCRQ,KSEE
4472,LLBG,LIRF
4473,EDDP,EKBI
4474,PANC,KMIA
4475,EHAM,EDDF
4476,VOBL,VEPI
4477,KPHX,KOMA
4478,RCQC,RCKH
4479,OG02,KHIO
4480,KDFW,KHSI
4481,KAUS,KAFW
4482,KPDX,KLAX
4483,KMSP,4IL3
4484,KLAS,KBUR
4485,YBCG,YSSY
4486,EHAM,LPFR
4487,NZGB,NZAA
4488,OEDF,OERK
4489,KSEA,KPDX
4490,NZAA,NZCH
4491,KATL,KDFW
4492,KSFO,LSZH
4493,SPJC,KATL
4494,KSMF,KPDX
4495,RJFF,RJTT
4496,KLAX,EGLL
4497,KPHX,KSLC
4498,CYYC,CYWG
4499,KORD,KPHL
4500,KDAL,KMCO
4501,KAUS,KDFW
4502,KSEA,KOAK
4503,KONT,KAFW
4504,KBUF,KEWR
4505,EDDP,LGAV
4506,KIAD,KBNA
4507,KSJC,KSAN
4508,KEWR,KTEB
4509,KCLT,KDTW
4510,KATL,KCMH
4511,YBBN,YPPH
4512,KLAX,KLAS
4513,OMDB,LFPG
4514,KDFW,KSDF
4515,LLBG,EHAM
4516,KSMF,KLAX
4517,KDEN,KTUL
4518,KDAL,KBNA
4519,KATL,KPNS
4520,6KY6,KLOU
4521,LTAC,LTFE
4522,KPAO,KTVL
4523,OBBI,OMDB
4524,KSJC,KLAX
4525,KPDX,KLAS
4526,KATL,KEWR
4527,CYHM,KPOV
4528,KAUS,KDAL
4529,KPHX,KLAX
4530,KATL,KHOU
4531,KIAD,KORF
4532,KPWT,KBFI
4533,KSAT,KSDF
4534,YMML,YBCG
4535,EBLG,LROP
4536,RJTT,RJBB
4537,LLBG,LHBP
4538,KATL,KORF
4539,KCLT,KPNS
4540,KSAN,KOAK
4541,KSMF,KSAN
4542,KEMT,KCNO
4543,KPHX,KHOU
4544,KIAD,KSDF
4545,EDDP,EPKT
4546,YBBN,YMML
4547,RJFF,RCTP
4548,KATL,KLAX
4549,KORD,EKCH
4550,KVNY,KLAS
4551,EHAM,LEIB
4552,KIND,KEWR
4553,KPHX,KSFO
4554,KDEN,KLAX
4555,KSAN,KPAE
4556,KSDM,KSNA
4557,KSEA,KLAX
4558,LROP,LFPG
4559,KFAT,KSEA
4560,EDDK,LIMC
4561,LLBG,EGLL
4562,KSLC,KBOI
4563,KJFK,KROC
4564,KLAS,KSMF
4565,KDEN,KORD
4566,EDDB,EDDK
4567,VOMM,VECC
4568,KDTW,KJFK
4569,KSEA,KPHX
4570,KLAX,KBOI
4571,KL70,KVNY
4572,KOAK,KBUR
4573,KMDT,KSDF
4574,KDEN,KCOS
4575,EDDP,LIRA
4576,KSJC,KSAN
4577,KMDQ,KPDK
4578,KIAD,KEWR
4579,LFPG,LTBA
4580,KLAX,KSEA
4581,EBLG,KJFK
4582,KSEA,KLAS
4583,KDEN,KSMF
4584,KDAL,KSTL
4585,KSNA,KVNY
4586,KATL,KECP
4587,KGPH,KMKC
4588,KCLT,KTYS
4589,KBUF,KPHL
4590,KDFW,KDTW
4591,KJFK,KSDF
4592,VOBL,VABB
4593,CYMX,CYHM
4594,KATL,KMKE
4595,KSEA,PANC
4596,KORD,KLAS
4597,KLAX,KLAS
4598,KDAL,AL40
4599,KIAD,KBOS
4600,KLCK,KSDF
4601,KDEN,AL40
4602,YMMB,YPKL
4603,LFPG,LEMD
4604,KATL,KMIA
4605,KLAS,KSNA
4606,KFLL,KJFK
4607,KSLC,KOAK
4608,KPHX,KOAK
4609,KSAN,KSFO
4610,KDEN,KORD
4611,VABB,VIDP
4612,KIAD,KBUF
4613,KDEN,KSNA
4614,LROP,EGSS
4615,KLAS,KHOU
4616,KDVT,KE63
4617,KSEA,PANC
4618,RJBB,EBLG
4619,KCLT,KPHL
4620,KBNA,KDEN
4621,KDEN,KPHX
4622,EDDK,EDDS
4623,KOAK,KAPC
4624,KDFW,2IL3
4625,KDEN,KHOU
4626,PANC,KSEA
4627,KSTS,KLAX
4628,EDDP,LOWL
4629,KPHX,4IL3
4630,KRDG,KTEB
4631,KDEN,KSTL
4632,KLAS,KLAX
4633,ESMS,EFHK
4634,KSEA,KGEG
4635,KMIA,KDFW
4636,04TX,KDFW
4637,KPDX,KSEA
4638,KLAX,KABQ
4639,VHHH,WSSS
4640,KATL,KLAS
4641,LLBG,EDDB
4642,KDEN,KLAS
4643,KIAD,EDDF
4644,KLCK,KEWR
4645,KORD,KDAY
4646,YSSY,YSCB
4647,KSJC,KSNA
4648,LKPR,LHBP
4649,KBWI,KALB
4650,KPHX,KSDF
4651,KATL,KMSP
4652,KCLT,KBNA
4653,KTEB,KBKL
4654,YMML,YBBN
4655,KEWR,KPHX
4656,KSGF,KSDF
4657,KMIA,MGGT
4658,LTFJ,LTAC
4659,KDEN,KBTF
4660,UAAA,UAII
4661,KMLI,KSDF
4662,CYVR,CYYC
4663,RJFF,RJTT
4664,KSEA,PANC
4665,KLBE,93OH
4666,NZGB,NZAA
4667,KATL,OI45
4668,KIAD,EGLL
4669,KDFW,KLAS
4670,EBLG,EPWA
4671,KMSP,67KY
4672,YSWG,YNAR
4673,KSEA,KGEG
4674,EDDP,LKMT
4675,KDEN,KTUS
4676,WA49,KSEA
4677,KATL,KFLL
4678,KDEN,KMCI
4679,KSDM,KCRQ
4680,EDDP,UKBB
4681,OMDB,EIDW
4682,KSEA,KSMF
4683,KDFW,41MO
4684,YPPH,WSSS
4685,KPHX,KMDW
4686,KOAK,KSNA
4687,LROP,EDLW
4688,LGRP,LGAV
4689,KVNY,KBUR
4690,KSYR,KEWR
4691,VOMM,VOBL
4692,KCLT,KMKE
4693,KATL,KSLC
4694,RJTT,RJOM
4695,KSEA,KPHX
4696,KLAX,KLAS
4697,KONT,KSEA
4698,KLAS,KLAX
4699,KDEN,KSAT
4700,K2A5,KRDU
4701,KFLL,KORD
4702,KJFK,LIMC
4703,VABB,VOMM
4704,RJAA,RCTP
4705,EGNX,EINN
4706,KDEN,KOMA
4707,KM33,KBNA
4708,KOSU,KPWK
4709,KATL,KMCO
4710,KCLT,KATL
4711,KPDK,KBNA
4712,LFPG,LFRN
4713,KSFO,LLBG
4714,LIRF,LIMC
4715,KPHX,KSAN
4716,VIDP,VABB
4717,KBOI,KSEA
4718,KLAX,KDFW
4719,KSDM,CA75
4720,OMDB,RJBB
4721,KATL,KSTL
4722,KCLT,KORD
4723,KDEN,KDFW
4724,RJAA,RJFF
4725,EDDP,EDDS
4726,KSAT,KAFW
4727,KJFK,BIKF
4728,EETN,EDDF
4729,KDTW,KMKE
4730,KDEN,KMSP
4731,KDFW,KSDF
4732,YSBK,YCNK
4733,OMSJ,VABB
4734,KMDT,KEWR
4735,SKBO,KMIA
4736,KSFO,KSAN
4737,KMIA,KBWI
4738,KDEN,KTUL
4739,YMEN,YBSS
4740,KMKE,KSDF
4741,KDEN,KABQ
4742,OMDB,EGCC
4743,VAPO,VIDP
4744,KDFW,KMCI
4745,KSEA,KLAX
4746,KABQ,KSDF
4747,KTOA,KSEE
4748,KFBG,KIGX
4749,KJFK,KLAS
4750,KBOI,KSEA
4751,KSLC,KLAX
4752,LTAC,LTFJ
4753,KVNY,KPHX
4754,VIDP,OTHH
4755,CYHM,KPOV
4756,SKBO,SBGR
4757,EGNX,EGAA
4758,KSEA,KPDX
4759,KPYM,KFMH
4760,RJOO,RJTT
4761,KJFK,KBUF
4762,KSAN,KBOI
4763,YPAD,YPPH
4764,KDFW,KSAN
4765,YMML,YBMC
4766,PANC,KORD
4767,KSEA,KGEG
4768,KSNA,KOAK
4769,EKCH,ESGG
4770,SKBO,KMIA
4771,KSJC,KLAS
4772,KMSP,KSDF
4773,KSDF,KOSU
4774,KDFW,KMKE
4775,RCTP,VHHH
4776,KDEN,KAUS
4777,KATL,KSDF
4778,KBFI,KFHR
4779,YMMB,YTDN
4780,YMAY,YCOR
4781,KSNA,KLAS
4782,KSFO,KPSP
4783,KFLL,KATL
4784,KDEN,KSFO
4785,KLAS,KSFO
4786,NZWN,NZPN
4787,KSMF,KLAS
4788,EPKK,EPWA
4789,KOAK,KLAS
4790,KBFI,KPWT
4791,KDFW,KPNS
4792,KSEA,EGLL
4793,KDAL,KMDW
4794,NZAA,NZWN
4795,KPHX,KBUR
4796,KE16,KRHV
4797,YPAD,YBBN
4798,KSMF,KLAX
4799,CYYC,CYWG
4800,KBOS,KEWR
4801,YBBN,YPAD
4802,VABB,OBBI
4803,KORD,KSDF
4804,KLAS,KPHX
4805,NZRO,NZCH
4806,KSNA,KSJC
4807,KPHX,KABQ
4808,YMMB,YLEG
4809,KTUS,KPHX
4810,LIMC,LSGG
4811,EFHK,EDDF
4812,KSBD,KTOA
4813,KMSP,KMKE
4814,RJFF,RJBB
4815,KIAD,KROC
4816,KLAS,KONT
4817,KPHX,KBUR
4818,KL35,KHHR
4819,OEDF,OERK
4820,KSEA,KONT
4821,KFCM,KAPA
4822,KDEN,KBNA
4823,KSJC,KLAX
4824,KBLI,KSEA
4825,KBWI,KEWR
4826,NZAA,NZOI
4827,EKCH,EFHK
4828,KPHX,KLAS
4829,CYVR,CYYC
4830,NZCH,NZWN
4831,NZWN,NZHN
4832,LROP,EDDF
4833,KCLM,KPWT
4834,KNYL,KTUS
4835,KJFK,KSEA
4836,KEWR,KLAS
4837,KONT,KLAS
4838,EPGD,EPWA
4839,EDDF,LEPA
4840,KDEN,KSJC
4841,KDFW,KHOU
4842,KPDX,KPHX
4843,KIAD,KALB
4844,NZHN,NZCH
4845,KIND,KOMA
4846,KLAS,KBUR
4847,KDEN,KAUS
4848,KMIA,SBGL
4849,RJTT,RJFF
4850,KSMF,KSNA
4851,KBWI,KEWR
4852,EGNX,EGPH
4853,KLAX,SPJC
4854,KJFK,KPHX
4855,KSAN,KSJC
4856,KSNA,KSMF
4857,KSMF,KPHX
4858,EBLG,LPPR
4859,KDEN,KDFW
4860,YSBK,YKAT
4861,KLAS,KSEA
4862,KDFW,KM99
4863,RJTT,RJFF
4864,KRDG,KTTN
4865,KBUR,KLAS
4866,EFHK,EHAM
4867,KEWR,KLAX
4868,YMML,YPAD
4869,VABB,VIDP
4870,KATL,KDFW
4871,KDEN,KMDW
4872,YMMB,YWON
4873,KDFW,KSEA
4874,KBWI,KEWR
4875,KSJC,KHHR
4876,EDDK,LEPA
4877,YCES,YMMB
4878,KLAS,KSNA
4879,YMMB,YMEN
4880,LEBL,LPPT
4881,RJTT,WSSS
4882,KDEN,KSDF
4883,KDAL,KSAT
4884,OMDB,LPPT
4885,VHHH,PANC
4886,UUWW,ULLI
4887,KLGB,KSNA
4888,YSCB,YBBN
4889,KDFW,KSDF
4890,SKBO,KJFK
4891,KEWR,KFLL
4892,KIAD,KSYR
4893,YMML,YSCB
4894,EDDK,EDDM
4895,KMSP,KDEN
4896,KPHX,KLAS
4897,PAEN,PANC
4898,YMML,YPPH
4899,KTUL,KAFW
4900,KLAX,KSMF
4901,CYVR,CYYJ
4902,NZCH,NZWN
4903,KPHX,KDFW
4904,KSMF,KONT
4905,KTUS,AZ19
4906,UAII,UAAA
4907,KDFW,KOKC
4908,KORS,KRNT
4909,YWLM,YMML
4910,KPDX,KSEA
4911,KSEA,KOAK
4912,KJFK,LLBG
4913,UKBB,EDDF
4914,KCNO,KSLI
4915,KLAX,KLAS
4916,KSAN,KPDX
4917,RJFF,RJTT
4918,YBCG,YMML
4919,KDFW,KTYR
4920,LOWW,LLBG
4921,KIAD,KEWR
4922,VOBL,VIDP
4923,EPMO,LEMD
4924,KBWI,KEWR
4925,KSEA,KOAK
4926,LIPE,EHAM
4927,YMMB,YMNG
4928,KBKF,KFNL
4929,KCLT,KEWR
4930,KDAL,KATL
4931,KBOS,OTHH
4932,UUEE,ULLI
4933,VHHH,RCTP
4934,KLAX,KOAK
4935,CYYC,CYQQ
4936,KDFW,3KY4
4937,LEAL,EFHK
4938,KROC,KEWR
4939,UNEE,UUWW
4940,YMMB,YMEN
4941,KPHX,KLAS
4942,ELLX,LEMD
4943,RCTP,PANC
4944,EDDL,LEPA
4945,YMML,YMHB
4946,KDEN,KSEA
4947,KJFK,KMCO
4948,LOWW,LOWS
4949,YBBN,YPMQ
4950,LFKJ,LFPO
4951,OMDB,EGLL
4952,KOAK,KHWD
4953,LIPZ,LIRA
4954,NZOM,NZCH
4955,KORD,KLNK
4956,KBUY,KRDU
4957,LKPR,EHAM
4958,KLAS,KBOI
4959,KJFK,KIAD
4960,KORD,KATW
4961,KIAH,KLAS
4962,KDEN,KBTF
4963,KBOS,8KY6
4964,KPHX,KSEE
4965,LOWG,LOWW
4966,KLAS,KSJC
4967,KLAX,KTUS
4968,KCLT,KFLL
4969,NZAA,NZGB
4970,KSKA,KSEA
4971,YPAD,YMEN
4972,KSFO,VIDP
4973,EKBI,EHAM
4974,ULLI,UUWW
4975,KSEA,KGEG
4976,YBCG,YMML
4977,KLAX,KLAS
4978,KPDX,KLAS
4979,KPHX,KCRQ
4980,KBNA,KDFW
4981,NZAA,YMML
4982,VABB,VOMM
4983,SKBO,KMIA
4984,KORD,KSDF
4985,EDDL,LEPA
4986,KPHX,KSEA
4987,EGNX,EGAA
4988,VIDP,VEPI
4989,KPIT,KJFK
4990,KSFO,KSNA
4991,KDEN,KOAK
4992,EHAM,LEBL
4993,KPHX,9CA0
4994,VIDP,OMDB
4995,KPIA,KSDF
4996,ENZV,EKCH
4997,EBLG,BIKF
4998,KDEN,KBNA
4999,OEDF,OERK
5000,NZCH,NZAA
5001,NZPM,NZCH
5002,KMSP,KLAS
5003,VIDP,VABB
5004,KLGB,KLAS
5005,KSJC,KSEA
5006,RJFF,RJOO
5007,LIRA,LHBP
5008,KPDX,PANC
5009,VHHH,RJBB
5010,KATL,KBOS
5011,LSZM,LFMN
5012,KFFZ,KAVQ
5013,PANC,VHHH
5014,EDLW,EDDM
5015,KDAL,KHOU
5016,KDFW,KORD
5017,KDEN,KLAX
5018,EGNX,BIKF
5019,EDDH,LFPG
5020,EDDN,EHAM
5021,PANC,RJBB
5022,LKPR,EPWA
5023,KDFW,KSFO
5024,KATL,KAFW
5025,EDDL,LEPA
5026,LOWW,LEMG
5027,KPHX,KLGB
5028,KAPA,CO25
5029,KDFW,KECP
5030,KJFK,CYHM
5031,NZTG,NZCH
5032,RJBB,RCTP
5033,NZPM,NZAA
5034,KSQL,KLVK
5035,LFMN,LFPO
5036,EGSS,EDDB
5037,EDDK,EGNX
5038,LPMA,LPPT
5039,KSFO,KBOI
5040,EDDH,EHAM
5041,LPPR,LPPT
5042,ELLX,EHAM
5043,KDEN,KLAX
5044,KDFW,KFAT
5045,EDDB,LEPA
5046,YPAD,YMEN
5047,KLAX,KLAS
5048,LSZH,LPPT
5049,KSQL,KRHV
5050,RJTT,RJTL
5051,KDEN,KMCI
5052,EDDN,LHBP
5053,KDAL,KABQ
5054,YBBN,YSCH
5055,EDDM,LGAV
5056,EGSS,EIDW
5057,LFRS,LFPG
5058,EBOS,LEAL
5059,YSWG,YSBK
5060,KAUS,KBNA
5061,KJFK,LLBG
5062,ESSA,LEMG
5063,YMMB,YMNG
5064,EKCH,LEMG
5065,KORD,EBBR
5066,EFHK,EFKU
5067,EDDK,LEPA
5068,ELLX,LPPR
5069,LROP,EBBR
5070,KFLL,KORD
5071,EHAM,LEIB
5072,ESSA,EKCH
5073,KDEN,KSAN
5074,LLBG,LTFJ
5075,KCLT,KSYR
5076,KDFW,KSAT
5077,KMSN,KIND
5078,EKCH,ENGM
5079,OMDB,LEMD
5080,KMCC,KMHR
5081,EDDV,EHAM
5082,EDDW,EHAM
5083,KSEA,KLAX
5084,LIBD,LIRF
5085,EDDL,LEPA
5086,KORD,KAFW
5087,ESGG,EHAM
5088,RJFF,RJTT
5089,EDDB,EGSS
5090,YPAD,YMML
5091,LROP,LFPG
5092,RJOO,RJTT
5093,LIRF,LPPT
5094,KSJC,KSAN
5095,LLBG,LGAV
5096,KSMF,KBOI
5097,LFML,LFBD
5098,KSAN,KSEA
5099,EPKK,EDDM
5100,UUEE,ULMM
5101,KDEN,KPDX
5102,KSFO,KEWR
5103,KMCI,KLAX
5104,LEPA,LEMD
5105,LEMD,LFPG
5106,EDDB,EHAM
5107,KSEA,KBOI
5108,KLAX,KSEA
5109,KEWR,KSFO
5110,LHBP,EDLW
5111,LIBD,LIML
5112,EDDP,VHHH
5113,PANC,KORD
5114,KLAS,KMSP
5115,EKCH,LEPA
5116,YMMB,YOLA
5117,KDEN,KMDW
5118,KMIA,EHAM
5119,ENGM,ENZV
5120,EDDB,LIRA
5121,ESGG,EKBI
5122,KTEB,KOPF
5123,EPKT,EGGW
5124,ESSA,LEMG
5125,OMDB,OMDW
5126,EGSS,EGNX
5127,LEMG,LFPG
5128,RJTT,RJBB
5129,KPHX,KSNA
5130,LEBL,EDDP
5131,EDDP,VHHH
5132,LEMD,EHAM
5133,EDDV,ENGM
5134,EDDL,LEMG
5135,KDFW,KSAF
5136,KDEN,KPHX
5137,KAUS,KDFW
5138,LIME,LIBR
5139,EKCH,EHAM
5140,KPIT,KJFK
5141,KPHX,KLAS
5142,NZCH,NZWN
5143,LFPO,LPFR
5144,EPWA,EGGW
5145,EDJA,LEPA
5146,YCOR,YSWG
5147,EFHK,ESGG
5148,KIAD,KJFK
5149,KMKC,KLXT
5150,EDDF,LPPR
5151,EGNX,EIDW
5152,EBOS,LEMG
5153,LHBP,LLBG
5154,KDCA,KLGA
5155,KVIS,KFCH
5156,KIAD,KJFK
5157,KJFK,LLBG
5158,KPHX,KSNA
5159,LLBG,EDDM
5160,LFPG,EGSS
5161,EKCH,LEMG
5162,SBGL,SBGR
5163,KMIA,EHAM
5164,RJTT,RJOO
5165,SBBR,SBGL
5166,KLAX,KOAK
5167,OBBI,VHHH
5168,KBLI,KBFI
5169,LIME,EGSS
5170,KFFZ,KE63
5171,KSEA,KJFK
5172,LEBL,LIRF
5173,ESSA,LFPG
5174,CYYC,CYYZ
5175,OMDB,EHAM
5176,EIDW,EINN
5177,LHBP,EHAM
5178,KOAK,KBTF
5179,KMYV,KSAC
5180,KEWR,KSDF
5181,YMML,YBCG
5182,OMDB,KORD
5183,LIRA,EDDB
5184,KPHX,KBUR
5185,NZCH,YMML
5186,VOMM,VIDP
5187,NZAA,YBBN
5188,KSEA,KPDX
5189,KMIA,KORD
5190,EKYT,EKCH
5191,KLAX,KSJC
5192,LEBL,EHAM
5193,EKCH,LEPA
5194,KDFW,KSGF
5195,EDDS,EHAM
5196,KSMF,KSAN
5197,KSJC,KSEA
5198,RJTT,RJFF
5199,EDDV,EDDB
5200,KPHX,KHHR
5201,EPKK,EDDF
5202,YSBK,YCNK
5203,UWLL,UUEE
5204,YKAT,YSBK
5205,LFRN,LFBO
5206,VIDP,VECC
5207,OMDB,VHHH
5208,PAEN,PANC
5209,VECC,VABB
5210,YMML,YPAD
5211,KEWR,KRDU
5212,OMAA,EHAM
5213,KLAS,KLAX
5214,KAPA,KSUS
5215,KPHL,KLGA
5216,RJOA,RJTT
5217,LIME,LPPT
5218,OTHH,EGLL
5219,EDDS,EPKT
5220,LFPO,LICJ
5221,OMDB,EPWA
5222,VOMM,OMDB
5223,RJTT,RJFF
5224,LIRA,LKPR
5225,KDFW,KLAX
5226,WSSS,RCTP
5227,OEDF,OBBI
5228,KHWD,KE16
5229,LEBL,LFPG
5230,EDDS,EDDH
5231,LDZA,EHAM
5232,KLAX,UUEE
5233,KLAS,KPDX
5234,LPPT,EHAM
5235,VABB,VOMM
5236,NZNV,NZCH
5237,EDDH,LEPA
5238,KROC,KLGA
5239,KDFW,KDEN
5240,NZRO,NZWN
5241,YSSY,VHHH
5242,KDEN,KSAN
5243,KJFK,SPJC
5244,UAAA,OMDB
5245,KATL,KLGA
5246,LFBO,EHAM
5247,KGVT,KADS
5248,LEMD,LFPG
5249,NZCH,YBBN
5250,KSAN,KPHX
5251,RCQC,RCNN
5252,LOWW,LIRF
5253,LEBL,LHBP
5254,EPKT,EDDF
5255,KLAS,KONT
5256,ENZV,ENGM
5257,EDDS,LEPA
5258,VHHH,RJBB
5259,EGBB,EGCC
5260,EBLG,OTHH
5261,EKYT,EHAM
5262,KDEN,KSTL
5263,KPHX,KSJC
5264,KSEA,KGPI
5265,EFHK,ESSA
5266,LFBO,LFPO
5267,KDFW,KORD
5268,ESSA,EDDF
5269,NZCH,NZNV
5270,KDCA,KBKL
5271,KIAD,KJFK
5272,KLAX,KS03
5273,LOWW,LEMG
5274,LEBL,EDDH
5275,KLAS,KOAK
5276,YMML,YMHB
5277,YSBK,YKAT
5278,KOKC,KPHX
5279,YPPF,YLYK
5280,LFBD,EHAM
5281,LIRA,LFOB
5282,OMDB,KBOS
5283,KEWR,KLAX
5284,KONT,KPDX
5285,KSNA,KEWR
5286,KLAS,KABQ
5287,OMDB,LFPG
5288,ESSA,LEBL
5289,CYWG,CYYZ
5290,YSCB,YBCG
5291,EKYT,EKCH
5292,LEMG,LSGG
5293,KPIT,KJFK
5294,NZAA,NZRO
5295,KSTL,KOSU
5296,KBUR,KOAK
5297,ZGSZ,ZUCK
5298,EETN,EHAM
5299,EFHK,EETN
5300,EVRA,EIDW
5301,KDEN,KPHX
5302,KIAD,KJFK
5303,LSZM,EHAM
5304,EPMO,EGPH
5305,LEBL,LIME
5306,KSEA,KSFO
5307,KSJC,KPDX
5308,KLAX,KDTW
5309,YMMB,YMEN
5310,LIRA,LROP
5311,KPHX,KOAK
5312,KMDW,KSFO
5313,OMDB,EBBR
5314,KSFO,KFLL
5315,YBOA,YSPT
5316,LTAC,LTFE
5317,KCPS,91LS
5318,ENZV,ENGM
5319,KLAX,KPDX
5320,LEMG,LPPT
5321,VIDP,VOMM
5322,EBBR,LSGG
5323,KSNA,KSFO
5324,YWLM,YBCG
5325,LFPG,GMMN
5326,KAGC,KHEF
5327,EKAH,EKCH
5328,ESSA,LEPA
5329,KPHX,KSAN
5330,KDEN,KSFO
5331,OMDB,EDDF
5332,KLAS,KSFO
5333,EBMB,LEMG
5334,KU42,KU77
5335,KSFO,KLAX
5336,KE63,KDVT
5337,UUDD,ULLI
5338,YMMB,YCES
5339,LIRF,LICJ
5340,WMKK,RCTP
5341,EFHK,EDDM
5342,KS67,KU76
5343,EKCH,LFPG
5344,LFBD,LFPG
5345,ENBR,ENGM
5346,VECC,OMDB
5347,OMDB,EKCH
5348,LIMC,LEBL
5349,LFPO,LPPR
5350,YMML,VHHH
5351,LEBL,LEMH
5352,LEZL,LFPO
5353,EDDV,LEPA
5354,KSFO,KPDX
5355,VABB,OMDB
5356,KDEN,KLAS
5357,VHHH,VOMM
5358,EFHK,EETN
5359,LIRA,LPPT
5360,VOMM,VABB
5361,EDDS,LEPA
5362,KPHX,KLAX
5363,NZAA,NZWR
5364,KMSP,KSDF
5365,LEPA,LEMD
5366,KEWR,LFPG
5367,VIDP,VOTP
5368,KE16,KSJC
5369,ENGM,EHAM
5370,KSEA,KBLI
5371,LIPE,LIBR
5372,LOWS,EDDL
5373,EFHK,EFOU
5374,ESSA,EHAM
5375,LKPR,EKCH
5376,VHHH,PANC
5377,KSDF,KDFW
5378,KLAS,KRDU
5379,KLAX,KOAK
5380,EBCI,LIME
5381,ENVA,ENGM
5382,FAOR,FACT
5383,RCTP,VHHH
5384,RJBB,RCTP
5385,LROP,LIME
5386,RJOO,RJTT
5387,LEPA,LEBL
5388,KPDX,KOAK
5389,EGNX,EGPH
5390,KSFO,KSEA
5391,KMVY,KTEB
5392,EDDP,VHHH
5393,KDFW,KABQ
5394,KSJC,KBOS
5395,LSGG,EDDM
5396,SKBO,KJFK
5397,YCEM,YMEN
5398,EDDF,LGAV
5399,KONT,KOAK
5400,UKBB,EDDM
5401,LEPA,LEMH
5402,ENVA,ENGM
5403,KPHL,KLGA
5404,LIEE,LIRF
5405,ENBR,ENGM
5406,KPVU,KU14
5407,KSEA,KPDX
5408,ENZV,ENBR
5409,ULLI,UUWW
5410,YSSY,YSCH
5411,KMSP,KDFW
5412,YWOL,YBBN
5413,KOAK,KPHX
5414,UUEE,ULLI
5415,RJTT,RJOA
5416,KLAX,KPDX
5417,KPHX,KLAX
5418,EHAM,LFPG
5419,YMMB,YLOY
5420,LFBO,EBMB
5421,LEBL,LEPA
5422,KSAN,KIAD
5423,VHHH,WSSS
5424,EFHK,EBBR
5425,KDFW,KLAS
5426,KOSU,9OI5
5427,SKBO,KEWR
5428,KSEA,KBOI
5429,LIME,EKCH
5430,VABB,VIDP
5431,OMDB,OBBI
5432,VIDP,VOMM
5433,EPKT,EDLW
5434,KEWR,KBKL
5435,KLGA,KDCA
5436,LLBG,UKBB
5437,ENGM,LEMG
5438,EPKK,EHAM
5439,LPPT,LFPG
5440,RJTT,RJOO
5441,LSZH,EHAM
5442,ENHD,ENBR
5443,KSNA,KTOA
5444,LIML,EHAM
5445,LEBL,EGSS
5446,KSEA,KGEG
5447,KDEN,KBOI
5448,LIPE,LICJ
5449,LHBP,EDDF
5450,KJFK,KMIA
5451,EDDH,EDDM
5452,LOWW,EHAM
5453,ESSA,LEAL
5454,OMDB,EDDL
5455,KVNY,KSBA
5456,KORD,KAFW
5457,WSSS,YMML
5458,KPHX,KVNY
5459,LIRF,LFPG
5460,YSSY,YBCG
5461,KSFO,KBOS
5462,KLAX,KSJC
5463,OMDB,LSGG
5464,FAOR,FACT
5465,EVRA,EETN
5466,KPHX,KLAS
5467,LEBL,LIPZ
5468,KDFW,OK79
5469,VABB,OMDB
5470,LEPA,LEMG
5471,UUWW,ULLI
5472,EDDL,LEPA
5473,NZTG,NZAA
5474,EKCH,LEAL
5475,KSFO,KLAS
5476,KSLC,KBOI
5477,EDDL,EHAM
5478,LEMD,LIRA
5479,KSFO,KPAE
5480,KPHX,KCRQ
5481,KSMF,KSAN
5482,OMDB,RPLL
5483,ESGG,ESSA
5484,KABQ,NM74
5485,LKPR,EGSS
5486,KDFW,KONT
5487,KSJC,KPHX
5488,LIRF,EHAM
5489,KDEN,KOMA
5490,KLAX,KSMF
5491,KSLC,KSAN
5492,LFPG,LPPR
5493,LIBD,LIME
5494,KSEA,KBOS
5495,LEBL,LFPO
5496,EFHK,EDDL
5497,YTDN,YMMB
5498,KBWI,KJFK
5499,KHYA,KBOS
5500,LEPA,LEIB
5501,KLAX,EGLL
5502,OMDB,LKPR
5503,KILN,KSMF
5504,LFQQ,LFBO
5505,YSCB,YSSY
5506,EDDN,EDDF
5507,EDDW,EDDM
5508,LEMD,LEPA
5509,KORF,KJFK
5510,KSAN,KJFK
5511,KMIA,SKBO
5512,EPGD,EETN
5513,LOWW,EBBR
5514,OTHH,SBGR
5515,EBCI,EKCH
5516,KLAX,KPHX
5517,EDDB,LFPG
5518,LEBL,LIMC
5519,CYYC,CYXX
5520,EDDH,LOWW
5521,LIPZ,LIRF
5522,LROP,LOWW
5523,EIDW,KIAD
5524,KLAX,KSAT
5525,LTFJ,LTAC
5526,LEMD,LEIB
5527,EDDK,EDDP
5528,ENGM,EDDF
5529,KDFW,KPHX
5530,KPHL,KLGA
5531,EHAM,ESSA
5532,VOMM,VIDP
5533,CYYC,CYKA
5534,VABB,VOBL
5535,EBCI,LKPR
5536,KDFW,KDAY
5537,LEBL,EDDF
5538,EDDH,EDDK
5539,OMDB,ESSA
5540,ENGM,ENVA
5541,KSEA,KLAX
5542,EDDM,EHAM
5543,EPGD,EGSS
5544,EVRA,EDDM
5545,EKBI,LFPG
5546,LEMG,EKCH
5547,VABB,VOBL
5548,KSFO,KABQ
5549,6CO4,KGXY
5550,KSNA,KONT
5551,YMML,YBCG
5552,RPLL,OBBI
5553,LSZM,LPFR
5554,KPDX,KBOS
5555,KATL,KSDF
5556,ESGG,EDDF
5557,EKCH,EVRA
5558,YBBN,WSSS
5559,YSCH,YBCG
5560,RJFF,RJTT
5561,YMML,YPAD
5562,LFPO,LPPT
5563,CYYC,CYYJ
5564,KPHX,KONT
5565,KLAX,KBOS
5566,KOSU,KPWK
5567,EPKT,EDLW
5568,KDFW,KSAT
5569,LTAC,LTFJ
5570,EDDP,OBBI
5571,LIME,LEMD
5572,VIDP,VECC
5573,LMML,LIPH
5574,KLAX,KFLL
5575,EDDB,EDDK
5576,KIAD,KJFK
5577,KSFO,KLAX
5578,KSLC,KSFO
5579,KDFW,KBMI
5580,EVRA,EHAM
5581,YMEN,YTDN
5582,VOBL,OMDB
5583,KJFK,LIRF
5584,EFHK,LIMC
5585,KILN,KSEA
5586,KDAY,KORD
5587,LLBG,LSZH
5588,ENGM,EKCH
5589,PAEN,PANC
5590,KSEA,KJFK
5591,PANC,KSDF
5592,0WN1,WN45
5593,KDCA,KLGA
5594,EGPH,EGKR
5595,EHAM,LEMG
5596,LHBP,LFOB
5597,WMKK,VMMC
5598,RCTP,RJAA
5599,LSZM,LEPA
5600,EDDV,EDDM
5601,EPGD,EHEH
5602,KPHL,KLGA
5603,KSLC,KSJC
5604,EDDF,LSZM
5605,LOWW,LLBG
5606,KORD,LFPG
5607,UUWW,UWLL
5608,KLAX,KBOS
5609,KSEA,KPHL
5610,OMDB,EDDH
5611,KRDU,KJFK
5612,CYHM,OI32
5613,RJAA,RCTP
5614,NZGB,NZAA
5615,ENBO,ENGM
5616,KLAS,KMCO
5617,KJFK,EGLL
5618,LEZL,LEBL
5619,EKCH,EDDF
5620,LIPZ,LFPG
5621,KDEN,KABQ
5622,KLAX,KPVU
5623,LIME,LIPE
5624,KPDX,KSEA
5625,EIDW,BIKF
5626,KSFO,KBOI
5627,KSAN,KLAS
5628,LROP,EDDM
5629,KSEA,KMCO
5630,KSJC,KLAX
5631,YPKL,YMMB
5632,LEPA,EDLW
5633,KPHX,KSFO
5634,LEMD,GMTT
5635,LIMF,LIRF
5636,SKBO,KDFW
5637,LEIB,LEBL
5638,CYYC,CYCD
5639,KLAX,PANC
5640,NZCH,NZRI
5641,LEMD,EDDP
5642,VECC,VIDP
5643,EDDF,LOWW
5644,KAPC,KSTS
5645,NZAA,NZAP
5646,VIDP,VABB
5647,KSLC,KPSP
5648,KAPC,KLVK
5649,KSAN,KJFK
5650,LEPA,LEMG
5651,ESSB,EBBR
5652,KORD,67KY
5653,LOWW,EGSS
5654,KHWD,KOAK
5655,LFBO,LFPG
5656,KDFW,KHOU
5657,YBCG,YSSY
5658,NZAA,YSSY
5659,EHAM,LPPR
5660,KLAS,KSEA
5661,LIBD,LIRF
5662,EDDH,EDDF
5663,SPJC,KMIA
5664,KAVQ,KFFZ
5665,NZAA,NZPM
5666,LIME,LIPY
5667,LOWW,EGLL
5668,OMDB,LSZH
5669,LIEE,LIML
5670,EKCH,ENZV
5671,LEMD,LEMH
5672,VHHH,EGLL
5673,EFHK,LSZH
5674,EDFM,EDDB
5675,LPPR,LFOB
5676,EPWA,EDDM
5677,KSAN,KBOS
5678,EHAM,EPWA
5679,LIML,LIEE
5680,EDDL,EDDM
5681,KEWR,LEMD
5682,LEPA,LEBL
5683,EGBB,EHAM
5684,KSEA,KDTW
5685,OMDB,EDDM
5686,LEMD,EGSS
5687,EIDW,EDDF
5688,LIPE,LGAV
5689,LEMG,LEBL
5690,EDDM,EDDL
5691,LEBL,EBBR
5692,LIMJ,LIRF
5693,KBFI,PANC
5694,KLAX,KSAN
5695,KSMO,KHND
5696,EDDG,EDDM
5697,LSZH,EDDM
5698,KPHL,OTHH
5699,LROP,LEMD
5700,EIDW,EHAM
5701,EHAM,EDDB
5702,LEMD,LPPT
5703,OMDB,LEBL
5704,LSZR,LOWW
5705,CYYC,CYHM
5706,LOWW,LHBP
5707,RJAA,RCTP
5708,EKCH,EPWA
5709,KEWR,KSEA
5710,EGPH,EGSS
5711,LPFR,LPPT
5712,KLAS,KTEB
5713,ESSA,UUWW
5714,LLBG,LTFJ
5715,EDDH,LEPA
5716,KLAX,NZAA
5717,KPHX,KSEA
5718,LPPR,LFPO
5719,LIMC,OTHH
5720,EGSS,LEPA
5721,EFHK,EGLL
5722,EDDM,EDDV
5723,EVRA,ULLI
5724,RCTP,VMMC
5725,KEWR,EPWA
5726,KMMU,KCLT
5727,LEAL,LEBL
5728,KPHX,KPDX
5729,EDDV,LEPA
5730,EGLL,LPPT
5731,EGBB,EPKK
5732,OTHH,ENGM
5733,KLAX,KSEA
5734,KDFW,KTUL
5735,LLBG,LBWN
5736,EPPO,EGSS
5737,RJTT,RJFF
5738,LFPO,LEPA
5739,VECC,VABB
5740,YSBK,YKAT
5741,EVRA,EFHK
5742,LEMD,EHAM
5743,KEWR,KSDF
5744,EGSS,EICK
5745,LEAL,LFPO
5746,YSCB,YMML
5747,KDFW,KOKC
5748,KE16,KHWD
5749,EPWR,EDDF
5750,LPPR,LPMA
5751,LEBL,LEIB
5752,KLAX,KOAK
5753,EDDC,EDDM
5754,LKPR,EDDF
5755,KSJC,KSAN
5756,EDDF,LFPG
5757,LIEA,LIML
5758,LOWW,EDDM
5759,EIDW,KORD
5760,KSEA,KIAD
5761,VECC,VIDP
5762,LSGG,EDDF
5763,KEWR,LSZH
5764,LFML,LFPG
5765,EDDM,EDDH
5766,LIPQ,LIRF
5767,KSFO,KATL
5768,LJLJ,EDDF
5769,EKYT,EKCH
5770,KSUS,KMKC
5771,LIPE,LIRF
5772,YSSY,YSWG
5773,RCSS,RCMQ
5774,KEWR,KLAX
5775,KJFK,KORD
5776,LOWW,LLBG
5777,KLAS,KPAE
5778,KSFO,NZAA
5779,EGCC,EHAM
5780,CYVR,NTAA
5781,OTHH,LTAC
5782,KSEA,KBWI
5783,OMSJ,UKBB
5784,VIDP,EGLL
5785,LEMH,LEPA
5786,KPWK,KOSU
5787,KLAX,NZAA
5788,EDDB,LIME
5789,KMIA,SPJC
5790,CYYC,CYXE
5791,KPHX,KOKC
5792,LFBO,LPPT
5793,KSLC,KLAX
5794,PANC,KDFW
5795,EGGW,EYKA
5796,VOMM,VOBL
5797,KEWR,LPPT
5798,LEMG,EIDW
5799,KIAD,KEWR
5800,KSEA,KATL
5801,LEPA,LEBL
5802,NZAA,NZCH
5803,EGSS,EETN
5804,LOWW,LFPG
5805,ZUCK,ZGSZ
5806,VABB,VIDP
5807,LIMC,LIEE
5808,YSSY,WSSS
5809,OTHH,EGPH
5810,KLAS,KPHL
5811,EDDL,LOWW
5812,VHHH,OTHH
5813,EVRA,LIMC
5814,EGNT,EHAM
5815,OMDB,RCTP
5816,LFKF,LFML
5817,KPHL,KROC
5818,YPPH,YMML
5819,KATL,KMIA
5820,LEPA,EDDN
5821,ULLI,UUWW
5822,EHAM,LIRF
5823,EBMB,LEMG
5824,VIDP,VEPI
5825,LEMD,LEBL
5826,LFML,EDDM
5827,LFBO,LFPO
5828,OTHH,LGAV
5829,KEWR,EGLL
5830,LIEA,LIRF
5831,LPPT,EDDM
5832,EKCH,ENCN
5833,KJFK,VHHH
5834,EPKK,ENGM
5835,LFBO,LPPR
5836,EBCI,LFML
5837,KILN,KDEN
5838,KIAD,KFRG
5839,KHOU,KDAL
5840,KMIA,SBGR
5841,RJAA,RCTP
5842,LEAL,EKCH
5843,YBBN,YSCB
5844,RJTT,RJDC
5845,LEPA,EDDB
5846,EBMB,EHAM
5847,KEWR,KSDF
5848,RJFF,RJTT
5849,KBWI,KEWR
5850,LOWW,LEPA
5851,LPPR,LSZM
5852,EETN,EFHK
5853,VOBL,VABB
5854,LMML,LOWW
5855,EDDH,EPWA
5856,KLAX,KJFK
5857,KPHX,KBOS
5858,LSGG,LYBE
5859,KSLC,KOAK
5860,LSZH,EDDF
5861,EIDW,EHAM
5862,KLAS,KRDU
5863,EDDM,EGLL
5864,LEBL,LEMD
5865,KLAX,KJFK
5866,KSFO,KLAS
5867,KJFK,KCLT
5868,LTFJ,ESSA
5869,KRHV,KWVI
5870,EPWA,UKKK
5871,EDDF,ELLX
5872,LIMC,LIRA
5873,LEMD,LIRF
5874,LIML,EDDF
5875,LIPE,EDDB
5876,NZCH,NZWN
5877,LROP,LEMD
5878,RCTP,VHHH
5879,ULLI,UUEE
5880,YBBN,YMYB
5881,YMEN,YMAY
5882,LOWW,LIRF
5883,EGCC,EDDF
5884,PANC,KSEA
5885,OTHH,EIDW
5886,EIDW,LEBL
5887,KAUS,KAFW
5888,KEWR,KCLT
5889,LSZH,LYBE
5890,KPHL,KORD
5891,EGNX,EGAA
5892,PAEN,PANC
5893,VOMM,VABB
5894,LIPE,LIBD
5895,LFPG,EPWA
5896,EGLL,LFPG
5897,LIML,LIRF
5898,YSSY,YKEL
5899,EKCH,EGSS
5900,YCNK,YSBK
5901,EGSS,VHHH
5902,EHAM,LFPG
5903,EDDF,EPWA
5904,WA49,KPDX
5905,KSEA,KBOS
5906,KJFK,PANC
5907,LTFJ,LLBG
5908,EGCC,EBBR
5909,EIDW,LIRF
5910,VECC,VOBL
5911,OTHH,EGLL
5912,SPJC,KFLL
5913,YSSY,YSDU
5914,KLAS,KMCO
5915,KLAX,KEWR
5916,LEBL,EHAM
5917,EGNX,LEPA
5918,KBUY,KIAD
5919,EDDB,LEPA
5920,NZAA,NZOI
5921,KLAX,KPHX
5922,ESSA,LEPA
5923,YPPH,YSSY
5924,KSDF,KPHL
5925,KSEA,KBOS
5926,EPWA,EPSC
5927,LFML,LMML
5928,LEBL,LKPR
5929,EKCH,ESSA
5930,OTHH,KMIA
5931,RJFF,RJTT
5932,KBFI,KPDX
5933,KCVG,PANC
5934,EDDF,EDDM
5935,KLAS,KVNY
5936,OMDB,KJFK
5937,KLAX,KMIA
5938,OTHH,EHAM
5939,VMMC,VHSK
5940,LOWW,EHAM
5941,LEAL,EDDB
5942,KJFK,EGLL
5943,CYYC,CYVR
5944,ESSA,EFHK
5945,OTHH,KDFW
5946,KSLC,KLAS
5947,LIMC,LIBD
5948,EDJA,LPPT
5949,UUEE,OMDB
5950,LEBL,EDDM
5951,KSFO,KMIA
5952,EDDL,LEAL
5953,YPPF,YCVG
5954,EGGD,EPGD
5955,KSAN,KSJC
5956,EDDM,EDDK
5957,LTAC,LTFJ
5958,KEWR,KJFK
5959,LEBL,LIPZ
5960,KSNA,KVNY
5961,KMKE,KLAS
5962,SKBO,LFPG
5963,LEMD,EDDM
5964,NZWN,NZCH
5965,LPPR,LEBL
5966,LFBO,LSZM
5967,EGLL,EHAM
5968,KSMF,KSEA
5969,KLAX,SKBO
5970,LFBD,LFQQ
5971,ZGSZ,ZUCK
5972,EDDL,EPWA
5973,EBAW,ELLX
5974,RCTP,KLAX
5975,WSSS,RCTP
5976,LFPG,LPPR
5977,KLUK,KDPA
5978,CYYZ,CYYC
5979,KSEA,KPDX
5980,KSAN,KDTW
5981,LSZH,EDDH
5982,KLAX,KOAK
5983,LEMD,LFPO
5984,LEBL,EKCH
5985,LFML,LFRS
5986,RJBB,RJTT
5987,OTHH,KORD
5988,LFPG,LIRF
5989,LFBO,EDDM
5990,KJFK,KDEN
5991,SPJC,KJFK
5992,YPAD,YMML
5993,RJAA,RCTP
5994,VIDP,VABB
5995,LOWW,EKCH
5996,KEWR,LSZH
5997,LEMD,LEPA
5998,KSAN,KDFW
5999,NZTG,NZWN
6000,EDDL,LFPG
6001,CYHM,CYYC
6002,LIML,LIBD
6003,VOBL,VOMM
6004,LEBL,LEIB
6005,LPPR,LIME
6006,EIDW,EGBB
6007,EHRD,LPFR
6008,RCTP,PANC
6009,LEMD,LPPT
6010,KPHX,KATL
6011,LFPG,LFBD
6012,EDDM,LFPG
6013,YTYA,YMMB
6014,LPPT,LPPD
6015,KDFW,9CA0
6016,KDEN,KLAS
6017,YMML,YBMC
6018,EGLL,LMML
6019,EGSS,LIRP
6020,SKBO,KJFK
6021,LMML,LIRF
6022,RCTP,VHHH
6023,ENKJ,ENHA
6024,EDDF,LGAV
6025,LEBL,EGLL
6026,OTHH,LKPR
6027,LOWW,EDDF
6028,VMMC,RCTP
6029,LFPG,GMMN
6030,NZHN,NZWN
6031,CYKZ,CNA3
6032,YMML,YMHB
6033,ENVA,ENBO
6034,EDDF,LEPA
6035,EIDW,EGBB
6036,EDDF,LFBO
6037,UUEE,ULLI
6038,LSGG,LFPG
6039,EFHK,LOWW
6040,EDDF,EBBR
6041,YSSY,YMAY
6042,KFCH,KVIS
6043,EBMB,LPPT
6044,LEAL,LEPA
6045,KLAS,KSDF
6046,EFKU,EFHK
6047,OK25,KRVS
6048,EDDP,UUDD
6049,LFPG,EDDF
6050,OTHH,KBOS
6051,LIMC,EPWA
6052,LEBL,LIRF
6053,RJTT,EDDF
6054,EIDW,EGCC
6055,NZCH,NZAA
6056,LKPR,LOWW
6057,EDDF,EDDH
6058,WSSS,RCTP
6059,YPPH,YSCB
6060,LEMD,LFML
6061,LSGG,LSZM
6062,EETN,EFHK
6063,KFAT,KSAC
6064,PANC,KORD
6065,KLAS,KDTW
6066,LROP,EDDM
6067,LFOB,LIPH
6068,KEWR,LIMC
6069,EIDW,EGCC
6070,KCMA,KFUL
6071,LIML,EGLL
6072,EGSS,EKCH
6073,KPHX,KEWR
6074,LPPR,EGSS
6075,KLAS,KSAN
6076,LFPO,LFBO
6077,LEMD,EDDM
6078,KORD,KSEA
6079,LFPG,LKPR
6080,SPJC,KMIA
6081,YMML,WSSS
6082,VECC,VABB
6083,LEIB,LEPA
6084,LEZL,LEBL
6085,KSFO,KJFK
6086,LOWW,EDDH
6087,ULLI,ULMM
6088,KLAX,KFAT
6089,EIDW,EINN
6090,KBWI,KATL
6091,EGSS,LPFR
6092,KJFK,KMIA
6093,OTHH,LIRF
6094,LEBL,EDDB
6095,LFPG,EHAM
6096,LFML,LFPO
6097,KEWR,KMIA
6098,NZRO,NZAA
6099,EBMB,EPWA
6100,KPHX,KVNY
6101,LFPG,LGAV
6102,EKCH,EKYT
6103,LEMD,LSGG
6104,EGGW,LGAV
6105,LEPA,EDDH
6106,KSAN,KSMF
6107,LFPO,LLBG
6108,EGLL,EDDF
6109,YSCB,YMML
6110,KRDU,KJFK
6111,LFPG,LIML
6112,KLAS,KLGB
6113,LEMD,EBBR
6114,WSSS,RCTP
6115,KBOI,KSJC
6116,KEWR,LGAV
6117,LEPA,LEIB
6118,EIDW,LEMD
6119,ULLI,EDDL
6120,LFPO,LGAV
6121,YSSY,YBCG
6122,KO27,KRHV
6123,LPPT,EGSS
6124,KSEA,KFAT
6125,VOTP,VABB
6126,LFPG,LFBO
6127,LSZH,LSGG
6128,VIDP,VOBL
6129,RJTT,RJFF
6130,KMKC,KDAL
6131,EIDW,EGKR
6132,EBBR,LIRF
6133,LPFR,EHEH
6134,LEVX,LEMD
6135,LFPG,LEBL
6136,LIEE,LIRF
6137,EDDK,EPMO
6138,KEWR,KDFW
6139,LEMD,EDDF
6140,OTHH,ESSA
6141,OMAA,EHAM
6142,EDDM,EDDW
6143,SBKP,KMIA
6144,ENBR,ENZV
6145,LFPO,LPPR
6146,KLAS,KBOS
6147,KSEA,PANC
6148,LFMN,LFPO
6149,EIDW,EBBR
6150,EGSS,EIDW
6151,KSFO,KLAX
6152,YPPF,YPAD
6153,YSDU,YSSY
6154,LEBL,LSGG
6155,EBMB,LKPR
6156,LTFJ,LSZH
6157,KTEB,KOPF
6158,LMML,EGLL
6159,SBGR,EGLL
6160,LROP,LEBL
6161,OTHH,KATL
6162,LEMD,LEBL
6163,NZCH,NZAA
6164,LSGG,LEMD
6165,EKCH,EDDL
6166,KATL,67KY
6167,KDEN,KOMA
6168,LFPO,LEMD
6169,LOWW,LSGG
6170,KLAX,KMCO
6171,EHEH,LEMG
6172,EDDP,VHHH
6173,OTHH,LDZA
6174,UUWW,ULLI
6175,EGSS,LIRA
6176,LEMD,LPPR
6177,LPFR,LPPR
6178,LFPG,LPPT
6179,KLGA,KSYR
6180,EFHK,EFTU
6181,LSGG,EHAM
6182,EKCH,EDDM
6183,EGBB,LEPA
6184,ESSA,LIRF
6185,VHHH,PANC
6186,VIDP,VOBL
6187,EHEH,LGAV
6188,LEMD,EBCI
6189,LOWW,LSZH
6190,EGGW,EIDW
6191,RPLL,RCTP
6192,LEMD,LEMG
6193,KDEN,KBOS
6194,EGLL,EBBR
6195,OTHH,EPWA
6196,YMEN,YLIL
6197,EPKK,EPWA
6198,LEMD,LFBO
6199,EPWA,EBBR
6200,YTDN,YMMB
6201,EDDS,EDDF
6202,UUEE,LIMC
6203,EGLC,EGAC
6204,ULLI,UUWW
6205,EGNX,EDDP
6206,LIRF,LEMD
6207,KLAX,KMCI
6208,RJTT,RJTL
6209,LOWW,EDDL
6210,OTHH,EDDM
6211,LROP,LFPG
6212,LEMD,LFPO
6213,LEMD,LPPT
6214,CYHM,CYMX
6215,EPWA,UKKK
6216,KIAD,KEWR
6217,GMMN,LIMC
6218,KSFO,KJFK
6219,KLAX,KSAN
6220,KPHX,KJFK
6221,LFML,LFPB
6222,YCBG,YMML
6223,VABB,WSSS
6224,LPPR,LPPT
6225,LEMD,LOWW
6226,OTHH,CYUL
6227,KORD,67KY
6228,LDZA,EDDF
6229,KEWR,VIDP
6230,EGPF,EGKK
6231,SKBO,KMIA
6232,LEPA,LEBL
6233,KMDW,KSTP
6234,KPHX,KJFK
6235,LOWW,EBBR
6236,OTHH,LEMD
6237,LEMD,EGLL
6238,LIMC,EDDK
6239,KSAN,KMIA
6240,VECC,VOMM
6241,LEBL,EDDM
6242,EBMB,EDDM
6243,EPWA,LFPG
6244,YBRS,YMMB
6245,LEMD,EGKK
6246,EHAM,UUWW
6247,KTEB,KHEF
6248,LOWW,EDDS
6249,NZAA,NZWN
6250,VHHH,OMDB
6251,LEMG,EDDF
6252,NZWN,NZHN
6253,KEWR,KPHX
6254,CYHM,CYMX
6255,LFLC,LFPG
6256,EGPD,EGLL
6257,KSFO,KJFK
6258,KORD,EDDF
6259,YBBN,YMYB
6260,LFPG,EDDM
6261,KSAN,KATL
6262,RJBB,PANC
6263,ENGM,LEAL
6264,LFPO,LPPT
6265,EIDW,LFPG
6266,RJAA,RCTP
6267,LFPB,LSGG
6268,EKCH,LIRF
6269,KLAS,KATL
6270,KDEN,KMIA
6271,VOMM,VECC
6272,LEMD,LEIB
6273,LEMG,LSGG
6274,RJTT,RJOA
6275,OTHH,LSZH
6276,EDDK,LTFJ
6277,EIDW,LIME
6278,VIDP,OMDB
6279,LEMD,LIMC
6280,SBGR,OTHH
6281,LFPO,LICJ
6282,EGCC,LEMG
6283,VHHH,RCTP
6284,KFUL,KWHP
6285,ESGG,EPWA
6286,KSDF,KPHX
6287,YSBK,YSDU
6288,SBVT,SBKP
6289,LEMD,LEBL
6290,YMML,YSCB
6291,KLAS,KSFO
6292,LEPA,EDDB
6293,ESSA,ENGM
6294,RCTP,PANC
6295,EGPF,EGBB
6296,LFPG,LFML
6297,YMMB,YLOY
6298,OTHH,LFPG
6299,KSNA,KMYF
6300,NZCH,NZWN
6301,KE16,KSJC
6302,KSDF,KRFD
6303,EGJB,EGNX
6304,LEBL,LEMD
6305,EDDF,LSZH
6306,LEMD,LEAL
6307,CYHM,CYVR
6308,CYVR,CYYZ
6309,EIDW,LIRA
6310,KLAS,KPHX
6311,LIMC,OTHH
6312,KVNY,KLAS
6313,KLAX,KLAS
6314,LEMD,LEJR
6315,OTHH,LIMC
6316,KBFI,KBLI
6317,LEMD,LSZH
6318,SPJC,KJFK
6319,EGPH,EGAA
6320,KLAX,KPHL
6321,EGTK,EGLF
6322,EIDW,LEBL
6323,YMEN,YPAD
6324,LIPZ,LFPG
6325,YBCG,YMML
6326,YPPH,YBBN
6327,OTHH,KIAD
6328,NZAA,NZPM
6329,KBOS,KPYM
6330,RJAA,RCTP
6331,CYWG,CYMX
6332,KSAN,KSFO
6333,KSFO,KPHL
6334,ENBR,ENGM
6335,KEWR,KSTL
6336,EIDW,EDDB
6337,OTHH,UKBB
6338,EGSS,LIPE
6339,EHEH,LPFR
6340,SBGR,SBGL
6341,KRDU,KJFK
6342,EGPH,EGGW
6343,VHHH,RCTP
6344,LPPR,LSGG
6345,KSDF,KMKE
6346,PANC,KMSP
6347,LTFJ,LSZH
6348,LFRS,LFBO
6349,VOMM,OTHH
6350,KSAN,KEWR
6351,EHAM,LIMC
6352,OTHH,LEBL
6353,ENGM,ENZV
6354,EDDP,EDDS
6355,ESSB,ESSP
6356,YSCB,YWLM
6357,EIDW,EDDF
6358,VHHH,PANC
6359,NZAA,NZWN
6360,EGAA,EGNT
6361,LTFJ,EHAM
6362,LEMH,LEBL
6363,YSSY,YSCB
6364,EGMC,LEAL
6365,ENGM,EDDM
6366,RJBB,RPLL
6367,LHBP,LLBG
6368,LIML,LEMD
6369,OTHH,EDDF
6370,KLAX,KMCO
6371,EGNX,EDDP
6372,EKCH,EKYT
6373,EGSS,EVRA
6374,LIPZ,LSZH
6375,EDDM,EDLW
6376,UWWW,UUEE
6377,LFQQ,LFBD
6378,KLAX,KSBA
6379,ENVA,ENBO
6380,UUEE,ULLI
6381,PANC,KLAX
6382,EGPF,EGLL
6383,ENGM,ENVA
6384,LFPG,GMMN
6385,LSZH,EGGW
6386,LSGG,LFPB
6387,NZAA,NZCH
6388,YSSY,YBBN
6389,EGAC,EGLL
6390,EDDF,LFPG
6391,LPPT,ELLX
6392,ESMS,ESSB
6393,EGGP,EGAA
6394,EDDM,EDDF
6395,LIRF,LIBD
6396,EINN,EGSS
6397,YSBK,YSSY
6398,OMDB,LIMC
6399,LEPA,LEMD
6400,KSJC,KBUR
6401,EGGD,EGAA
6402,EDRZ,ETNL
6403,EDDF,EGBB
6404,CYVR,CYYZ
6405,YBMC,YCDR
6406,EDDB,EGGW
6407,EDDF,EGLL
6408,YPPH,YCUN
6409,KSEA,KYKM
6410,LEBL,LEMD
6411,KLAS,KCMH
6412,KLAX,KFLL
6413,YMML,YSSY
6414,LIML,LIRF
6415,OTHH,KLAX
6416,EDDF,LFML
6417,YPAD,YPPH
6418,LPPT,LPPR
6419,LSGG,LPPR
6420,KSDF,KBFI
6421,LTFJ,LFPG
6422,LEPA,LEBL
6423,EGAA,EGKR
6424,KLAX,YSSY
6425,KSEA,KPDX
6426,OTHH,LOWW
6427,KPHX,KPHL
6428,CYWG,CYHM
6429,LPPT,LPMA
6430,OMDB,VIDP
6431,KSEA,3WA2
6432,EDDM,EDDH
6433,LIRF,LIML
6434,YPPH,YMML
6435,LIML,EHAM
6436,EBMB,LFPG
6437,EPWA,ENGM
6438,ULLI,UUWW
6439,KLAS,KCLT
6440,LLBG,LFPG
6441,KPHX,KMCO
6442,KRHV,KSQL
6443,UUWW,ULLI
6444,LEMD,EDDB
6445,OTHH,EGLL
6446,LPPT,ESSA
6447,EDDF,LGAV
6448,EGKK,EGJJ
6449,CYWG,CYHM
6450,OMDB,UUDD
6451,LOWW,LDZA
6452,LTFJ,EHAM
6453,KLAS,KMIA
6454,LFBD,LFML
6455,KBFI,KYKM
6456,KPHX,KDTW
6457,RJAA,RJFF
6458,EKCH,EGLL
6459,LPPT,EPWA
6460,MA55,KBOS
6461,KGSO,KHEF
6462,EHAM,EDDF
6463,KSFO,KBOS
6464,RJFF,RJTT
6465,UUEE,LJLJ
6466,CYYZ,LEMD
6467,KLAS,KCLT
6468,RJTT,RJFF
6469,NZCH,NZAA
6470,KLAX,KBOS
6471,EFHK,EFOU
6472,EKCH,ENBR
6473,OTHH,KJFK
6474,LPPT,LIMC
6475,KDEN,KFLL
6476,NZWN,NZCH
6477,ENVA,ENBO
6478,EDDM,EDDL
6479,EGGD,EGPH
6480,KLAX,KMCO
6481,LIMC,LICJ
6482,YSSY,YWLM
6483,OMDB,KSEA
6484,LPPT,LPMA
6485,RJTT,RJOO
6486,ENGM,ENHD
6487,PANC,KDFW
6488,YMML,YBBN
6489,LFPG,EDDB
6490,YPPH,YPAD
6491,YMEN,YBLT
6492,VECC,VIDP
6493,KSAN,KORD
6494,KLAX,YSSY
6495,VABB,OMDB
6496,ESSA,LHBP
6497,YMML,YPAD
6498,EPWA,EYKA
6499,ENVA,ENBO
6500,KDFW,3KY4
6501,EDDH,EDDS
6502,EGCC,LIRA
6503,OTHH,EFHK
6504,LPPT,LEMG
6505,ESSA,EBBR
6506,YBBN,YMML
6507,EGLC,EGPH
6508,OMDB,KORD
6509,KLAX,YSSY
6510,PANC,KORD
6511,CYYC,CYYZ
6512,NZTG,NZAA
6513,KAVQ,KFFZ
6514,NZNV,NZCH
6515,EGSS,LEMG
6516,EGPH,LKPR
6517,VHHH,RJBB
6518,EDDK,LSZH
6519,YSSY,YMML
6520,LPPT,EGCC
6521,RJTT,RJOO
6522,KSEA,KEWR
6523,KSFO,KEWR
6524,EBLG,KJFK
6525,KEWR,KBWI
6526,YMAY,YSSY
6527,KLAS,KPHL
6528,UUEE,LOWW
6529,LEBL,LEPA
6530,LOWW,EPWA
6531,LHBP,LIRA
6532,LPPT,LPMA
6533,EGSS,EDDB
6534,EETN,EPWA
6535,LFPB,LSGG
6536,EKCH,LKPR
6537,LLBG,LEMD
6538,YSWG,YSSY
6539,EDDL,EDDH
6540,EHAM,LEBL
6541,ENVA,ENJB
6542,VOBL,VIDP
6543,KPHX,KEWR
6544,LTAC,LTFJ
6545,KLAS,KDTW
6546,ULLI,UUEE
6547,LPPR,ELLX
6548,KSDF,KRDU
6549,KSAN,KPHL
6550,YBMC,YMML
6551,SBGR,SBBR
6552,LFPG,SBGR
6553,LPPT,EBBR
6554,RJFF,RJTT
6555,LDZA,EHAM
6556,SPJC,KMIA
6557,LEPA,LEIB
6558,YPAD,YMML
6559,EKCH,ESGG
6560,YMAY,YMEN
6561,RCSS,RJTT
6562,ZGSZ,ZUCK
6563,LOWW,UUEE
6564,YMML,WBSB
6565,VIDP,EGLL
6566,EDDP,LJLJ
6567,KLAX,KSFO
6568,KEWR,LLBG
6569,RJTT,RJBB
6570,EHAM,LFPG
6571,ESKN,EPKK
6572,LEMD,LEPA
6573,RPLL,WSSS
6574,LIME,LEBL
6575,LOWW,ENGM
6576,YCBG,YMML
6577,EFOU,EFHK
6578,6CL8,KMCC
6579,LSZM,EDDF
6580,LEBL,LEMH
6581,OMDB,VIDP
6582,KPTK,KDPA
6583,ESSA,EFHK
6584,EGLL,LIML
6585,EKCH,ESSA
6586,EDDL,LTAC
6587,RJTT,RJFF
6588,KSDF,KPHL
6589,LFPO,GMMN
6590,LLBG,LPPT
6591,YSCH,YSSY
6592,OTHH,EGLL
6593,YBCG,YSCB
6594,EGSS,EKBI
6595,LGRP,LGAV
6596,WMKK,WSSS
6597,EDDK,EDDH
6598,KPHX,KBUR
6599,LFPO,LFBO
6600,EIDW,LIML
6601,LSZH,LSGG
6602,UUEE,EHAM
6603,YMML,YBBN
6604,EGNL,EGGD
6605,LFPO,LPPT
6606,LSZR,EDDL
6607,EDDH,EDDF
6608,LTFJ,EDDB
6609,LPPT,LEMG
6610,EHAM,KORD
6611,ENGM,ENVA
6612,CYVR,CYUL
6613,KDEN,KPHL
6614,LTFJ,EGSS
6615,EETN,EVRA
6616,LIML,LIBD
6617,KRFD,KSDF
6618,WSSS,VHHH
6619,LSZR,EDDL
6620,KLAX,KATL
6621,LEAL,EGNT
6622,RJBB,RJTT
6623,LEBL,LEPA
6624,LIRF,LEBL
6625,LPPR,LOWW
6626,LKPR,LIRA
6627,YSBK,YKAT
6628,LEIB,LEMD
6629,RJOO,RJTT
6630,NZPM,NZAA
6631,KLAX,WSSS
6632,PANC,KPDX
6633,PAEN,PANC
6634,EKCH,EHAM
6635,EDDM,LFPG
6636,KSJC,KE16
6637,ENZV,ENBR
6638,EDDF,LDZA
6639,EGCC,EGAA
6640,LTFJ,EBBR
6641,EHAM,LIML
6642,ENGM,ENZV
6643,KLGA,KBNA
6644,LDZA,EBBR
6645,LPPT,EKCH
6646,KEWR,BIKF
6647,LEMD,EHAM
6648,LFPO,LFKB
6649,LIME,EBCI
6650,ESSB,ESMS
6651,ESSA,EFMA
6652,UUWW,ULLI
6653,EDDB,LLBG
6654,LTBA,UAAA
6655,EDDK,EDDB
6656,YPMQ,YSSY
6657,EIDW,EGLL
6658,EDDF,LSZH
6659,KLAX,KRDU
6660,KORD,ELLX
6661,LEPA,EDDM
6662,EKCH,LIMC
6663,LFBO,LSGG
6664,KCVG,CYHM
6665,LKPR,EBCI
6666,WMKK,WBKK
6667,NZWN,NZHN
6668,KPWK,KOSU
6669,LFPO,LFML
6670,LEIB,LEBL
6671,KBUR,KOAK
6672,LEMD,EDDF
6673,RJFF,RPLL
6674,OMDB,LHBP
6675,EDDK,LEPA
6676,EKCH,BIKF
6677,LIME,LICJ
6678,VIDP,VABB
6679,KLAX,KDTW
6680,YWLM,YSCB
6681,ELLX,EDDF
6682,LIRF,EDDM
6683,EDDL,LTFJ
6684,KJFK,CYYZ
6685,GMMN,LIMC
6686,EKCH,EPWA
6687,YSTW,YSBK
6688,EGLL,LPPT
6689,88AZ,KFFZ
6690,KSDF,KDEN
6691,LFPG,EKCH
6692,ULMM,UUDD
6693,LFPO,LFKJ
6694,EGNT,EGLL
6695,VHHH,WSSS
6696,YMPC,YMMB
6697,VABB,VIDP
6698,SBGR,SBCO
6699,LPPT,LIRF
6700,UUEE,LIPZ
6701,EIDW,EGLL
6702,ENGM,ENBO
6703,GMMN,LFML
6704,EGLL,LEMD
6705,LFPO,LFCR
6706,KLAX,KJFK
6707,LEMD,EDDL
6708,KPHX,KONT
6709,KPHX,KORD
6710,EKCH,LFPG
6711,EDDB,EGSS
6712,EGLL,EGAC
6713,LIME,LIBD
6714,ULLI,UUWW
6715,YMAY,YMEN
6716,KDEN,KMCO
6717,OMDB,EHAM
6718,KEWR,KLAX
6719,RJTT,RJOM
6720,RPLL,RJTT
6721,ENZV,ENBR
6722,KLAX,KFLL
6723,NZCH,NZPM
6724,LHBP,EDDM
6725,EKRN,EKCH
6726,GMMN,LFPG
6727,SBBR,SBGR
6728,KSTS,KSFO
6729,EDDF,LIPZ
6730,VOBL,EDDP
6731,KPHX,KMIA
6732,LKPR,EDDM
6733,EHAM,EGLL
6734,LEBL,LEPA
6735,OTHH,LEZG
6736,LIME,LIED
6737,LLBG,LROP
6738,EDDH,EDDV
6739,KORD,OTHH
6740,LEMD,LEPA
6741,YPPH,YSSY
6742,RJOA,RJTT
6743,EGAC,EGLL
6744,UUEE,EDDM
6745,EICK,EGSS
6746,LEPA,EDDH
6747,KSMF,KORD
6748,EDDF,EGLL
6749,LFOB,LIME
6750,EGNS,EGKB
6751,GMMN,EBBR
6752,KGSO,KSDF
6753,YKEL,YSSY
6754,KDAL,KMKC
6755,OBBI,OMDB
6756,LEMD,LEBL
6757,LSGG,EBMB
6758,LFMN,LFPO
6759,LEBL,LEPA
6760,KSDF,KOAK
6761,NZTG,NZWN
6762,EGNL,EGNX
6763,YBCG,YSSY
6764,OTHH,ELLX
6765,LOWW,LIPE
6766,LPPT,EGLL
6767,KIAD,KBUY
6768,EKCH,ENGM
6769,EDDF,LKPR
6770,LFPG,EHAM
6771,LEMD,LOWW
6772,LIRF,LOWW
6773,EKYT,EKCH
6774,RJOO,RJTT
6775,KWVI,KOAK
6776,YSDU,YSSY
6777,LMML,EDDM
6778,EFHK,UUEE
6779,KSEA,PANC
6780,EBMB,LEBL
6781,EDLW,EPKT
6782,KSDF,KIAD
6783,WMKK,RCTP
6784,EGLL,EPWA
6785,RCTP,WSSS
6786,LEPA,EDDK
6787,LTBA,EDDF
6788,UUEE,EBBR
6789,LOWG,EDDF
6790,KSDF,KMSP
6791,ULLI,UUEE
6792,EHAM,LEMG
6793,LIRA,EDDB
6794,KSEA,KDFW
6795,LEBL,LEIB
6796,LFPG,LEPA
6797,KPHX,KORD
6798,LEMD,LIMC
6799,YMML,YPAD
6800,EFHK,EPWA
6801,KLAS,KORD
6802,UKBB,EHAM
6803,KAPA,KMKC
6804,RCQC,RCKH
6805,KEWR,KFLL
6806,KSEA,KPDX
6807,KPVD,KEWR
6808,LFML,LFKJ
6809,EHAM,LHBP
6810,LIMC,LICJ
6811,KFRG,KIAD
6812,EDDV,EDDM
6813,LPFR,EDDB
6814,NZAA,NZOI
6815,LPPD,LPPT
6816,EFHK,EVRA
6817,LIPZ,LEBL
6818,KEWR,KBKL
6819,UUEE,LEBL
6820,LFPG,LSGG
6821,RCTP,RJBB
6822,LEBL,EHAM
6823,LIMC,LICJ
6824,LEMD,LSZH
6825,NZCH,NZAA
6826,LEPA,EDDK
6827,EDDB,EDDF
6828,KLAX,KMIA
6829,LIRA,EDDB
6830,LTFJ,EKCH
6831,YCVG,YPPF
6832,EGPH,EGLL
6833,KSEA,PANC
6834,KPDX,KATL
6835,EDDM,EDDH
6836,ENGM,ENBO
6837,LPPT,LEBL
6838,UWLL,UUWW
6839,LEPA,LEAL
6840,KDEN,KDTW
6841,LEIB,LEPA
6842,LIPE,LIRF
6843,NZCH,NZAA
6844,UUEE,ULLI
6845,KPDX,KORD
6846,KRVS,K2K9
6847,EDDK,LIML
6848,CYYC,CYYZ
6849,ELLX,LIME
6850,EHAM,ELLX
6851,EDVE,ETSI
6852,KPIT,KPHL
6853,LTFJ,EDDK
6854,GMMN,LIPE
6855,LEMD,EDDF
6856,LEPA,LEMH
6857,VOBL,VIDP
6858,KSDF,KEWR
6859,EDLW,EPKT
6860,LFPG,LGAV
6861,YPAD,YSCB
6862,EDDM,EDDL
6863,LOWW,EDDH
6864,LIBD,LIPE
6865,YBCG,YMML
6866,YMML,YSCB
6867,LEPA,LEMD
6868,LFOB,LEBL
6869,LFOB,LEBL
6870,KSFO,KBOS
6871,ULLI,UUDD
6872,WSSS,RJBB
6873,LEMD,LIQL
6874,EBAW,EHRD
6875,LDZA,LFPG
6876,RJFF,RJTT
6877,KSEA,PANC
6878,KLAX,KFLL
6879,LEPA,EDDF
6880,EDDB,LIRA
6881,LPPT,LIME
6882,KLAS,KORD
6883,LFOB,LROP
6884,YMAY,YSSY
6885,LIMC,LICJ
6886,OTHH,LTFJ
6887,KPDX,KORD
6888,KBUR,KSLC
6889,EDDK,EDDM
6890,LOWW,LIPZ
6891,EGPH,EGLL
6892,KRDU,KEWR
6893,YPAD,WSSS
6894,KSFO,KORD
6895,VOMM,VIDP
6896,EDDF,LSGG
6897,NZCH,NZOI
6898,KSLC,KBOS
6899,UUDD,ULLI
6900,KPHX,KMCO
6901,LEMH,LEMD
6902,EGCC,EIDW
6903,KPDX,KORD
6904,RJTT,RJFF
6905,LEBL,LEAL
6906,ULLI,ULMM
6907,YSWG,YSSY
6908,LEIB,EHAM
6909,VOMM,VABB
6910,EGKK,EGPE
6911,LFMN,LFPO
6912,SBVT,SBGR
6913,EGBB,EIDW
6914,KLAX,KBNA
6915,KSEA,KORD
6916,LEPA,LEIB
6917,KPHX,KORD
6918,PANC,KATL
6919,EGSS,UKBB
6920,EHAM,EDDM
6921,LEAL,EBCI
6922,LEZL,LEPA
6923,LEIB,EHAM
6924,LEMD,LIRF
6925,UUWW,UAAA
6926,EHAM,EGSH
6927,EKCH,LIME
6928,KPDX,KDFW
6929,LTFJ,LTAC
6930,LOWW,EDDF
6931,LPPT,LFPO
6932,KLAX,KDFW
6933,KSEA,KORD
6934,KLAS,KMIA
6935,NZCH,NZNV
6936,CYYZ,CYVR
6937,EDDB,EHAM
6938,EGKK,EGPH
6939,ESSA,LSZH
6940,LTFJ,OTHH
6941,LIRF,LSGG
6942,LEMD,LIPZ
6943,KSFO,KDFW
6944,EDDH,EDDM
6945,EKCH,EBCI
6946,EGSS,LIME
6947,LEIB,LEBL
6948,EDDM,LOWW
6949,LDZA,LSZH
6950,LFPO,GMMN
6951,EDDL,EIDW
6952,UUEE,EGLL
6953,KPGV,KRWI
6954,KLAS,KFLL
6955,KSDF,KBOS
6956,LPPT,LEMD
6957,YSSY,YSCB
6958,LFPG,OTHH
6959,EDDM,LEBL
6960,LEMG,LEPA
6961,KHWD,KVNY
6962,ESGG,EFHK
6963,RJFF,RJTT
6964,LIRF,EHAM
6965,EDDF,LOWL
6966,LIEE,LIMC
6967,LTFJ,EDDM
6968,VHHH,YPPH
6969,EGGW,LFPB
6970,EDDF,UUDD
6971,EHAM,LPPT
6972,EDDF,EDDV
6973,NZCH,NZWN
6974,EDDF,LIMC
6975,LEMD,LLBG
6976,VOBL,OMDB
6977,KLAX,KORD
6978,RJTT,RJFF
6979,LPPR,LPMA
6980,VAPO,VOMM
6981,LPPT,EDDB
6982,LOWW,LOWS
6983,LEBL,LEMD
6984,EDDM,EDDF
6985,EDDL,EDDM
6986,KLAS,KCVG
6987,LROP,LIRA
6988,KLAX,KATL
6989,WIHP,WSSL
6990,KPHX,KCVG
6991,GMMN,LFPO
6992,KSFO,YSSY
6993,UUEE,LFPG
6994,KLAS,KJFK
6995,EHAM,EPKK
6996,EDDF,LIML
6997,ENGM,ENVA
6998,LEMD,LSGG
6999,EDDM,EBBR
7000,KLAX,KATL
7001,YBBN,YMML
7002,KJFK,RCTP
7003,LTAC,LTFJ
7004,LTFJ,LTAC
7005,WSSS,YPPH
7006,YMML,YBMC
7007,OBBI,OMDB
7008,LIEE,LIML
7009,EHAM,LIPZ
7010,NZAA,NZWR
7011,KLAS,KORD
7012,EGSS,LKPR
7013,LSZM,LFBO
7014,LTFJ,EBCI
7015,EPSC,EPWA
7016,EDXF,EDXK
7017,EGGW,EPWR
7018,LFPB,EGGW
7019,KDEN,KMIA
7020,LIME,EDDB
7021,KSDF,KATL
7022,YMML,YBCG
7023,EPWA,LYBE
7024,KLAS,KATL
7025,ESSA,EKCH
7026,LPPR,LFPO
7027,EGBB,EIDW
7028,YCBG,YMML
7029,LDZA,EDDF
7030,EBMB,EDDF
7031,EHAM,ENGM
7032,ZGSZ,ZUCK
7033,NTAA,KSFO
7034,LTFJ,EDDL
7035,EHEH,EPGD
7036,LIRF,LSZH
7037,KPHX,KATL
7038,KEWR,KFLL
7039,EDDM,LGAV
7040,EGLL,LLBG
7041,KLAX,RCTP
7042,YPAD,YBBN
7043,LOWW,LEBL
7044,UUWW,UMMS
7045,LFBD,LFPG
7046,KSEA,KORD
7047,YSTW,YSBK
7048,EDDF,SBKP
7049,CYWG,CYVR
7050,LIRF,EBBR
7051,LTFJ,EDDM
7052,KBFI,KAWO
7053,KSDF,KOAK
7054,EDDH,EDDP
7055,ENVA,ENGM
7056,LFOB,LIRA
7057,LLBG,LGAV
7058,KLAS,KDTW
7059,EKYT,EKCH
7060,36AZ,KIWA
7061,YMML,YBBN
7062,RJTT,RJFF
7063,LIPH,LMML
7064,VHHH,VABB
7065,LFPG,LIMA
7066,LIRF,LIBD
7067,LEBL,LEZL
7068,EGLL,EGCC
7069,EDDF,LEMG
7070,KLAX,KATL
7071,LPPR,LPFR
7072,LTFJ,LIMC
7073,EDDK,LIML
7074,LEPA,EDDM
7075,EFHK,ENGM
7076,LPFR,LFPO
7077,EDDP,EGNX
7078,KHEF,KDAA
7079,EDDW,EDDM
7080,EHAM,LPPR
7081,EPWA,LEBL
7082,LLBG,EGLL
7083,EGAA,EGPH
7084,LIMC,LEBL
7085,LIRF,LEMD
7086,YBCG,YMML
7087,LEMD,LEPA
7088,LEBL,LEMH
7089,LEPA,LEMD
7090,LOWW,EDDL
7091,KHEF,KDAA
7092,KLAX,MGGT
7093,LPPR,ELLX
7094,EGSS,EPGD
7095,LIRF,LIPZ
7096,RJFF,RJTT
7097,KSDF,KEWR
7098,NZWN,NZCH
7099,EGPH,EHAM
7100,EIDW,EGGW
7101,EGSS,EGPH
7102,EGCC,EIDW
7103,LIRA,LEMD
7104,UUDD,ULLI
7105,EDDF,LOWS
7106,LEBL,LEMG
7107,KIND,KLAX
7108,EDDF,EDDH
7109,EGGW,EPWA
7110,LSGG,LEMG
7111,EHAM,LFPB
7112,YWLM,YSCB
7113,LEPA,EDDL
7114,KDEN,KATL
7115,LIRF,LICJ
7116,YSCB,YSSY
7117,NZAR,NZAA
7118,LFPG,LHBP
7119,EHAM,LOWW
7120,LOWW,LKPR
7121,EBMB,LSGG
7122,EGSS,LEBL
7123,YPMQ,YSBK
7124,KLAS,KCVG
7125,YPAD,YMML
7126,LPPD,LPPT
7127,ENBR,ENGM
7128,LEPA,EDDL
7129,LIME,LROP
7130,WSSS,VHHH
7131,LEVX,LEMD
7132,LFRS,LFML
7133,EGNT,EGAA
7134,ESSA,EHAM
7135,EIDW,EGSS
7136,EVRA,EBMB
7137,EDDB,LIPE
7138,EHAM,EDDS
7139,LEMG,LEPA
7140,KLAX,KIAD
7141,LFBO,LEMD
7142,KLAS,KFLL
7143,EGAA,EGGP
7144,OMDB,LGAV
7145,KORD,KATL
7146,KPDX,KMSP
7147,LTFJ,EDDF
7148,YSSY,YMML
7149,KSDF,KPNS
7150,EHAM,LFBD
7151,KLAX,KORD
7152,LPPR,LEMD
7153,ESSA,EGLL
7154,LEMG,LEMD
7155,LEPA,EDDL
7156,YMML,YBBN
7157,LFPG,LIPZ
7158,EHAM,EPGD
7159,VIDP,VABB
7160,VHHH,RCTP
7161,KLAS,KDFW
7162,LEAL,EBOS
7163,UUEE,EDDF
7164,EDDF,LMML
7165,RJTT,RJBB
7166,EGNX,EGJB
7167,EDDM,LICJ
7168,LEIB,LEMD
7169,EDDF,EDDC
7170,LLBG,EGGW
7171,LIRF,LFPG
7172,LEBL,LEIB
7173,BIKF,EDDF
7174,KLAX,KSFO
7175,EGSS,EPPO
7176,LPPR,EDDF
7177,EDDS,LSZH
7178,KSDF,KJFK
7179,YSCB,YMML
7180,KIND,KATL
7181,EHAM,EKCH
7182,LTFJ,EDDH
7183,LFPG,LFRJ
7184,KDEN,KATL
7185,EDDF,EFHK
7186,LIRF,LMML
7187,EDDF,LPPR
7188,LEBL,LEPA
7189,LHBP,LEBL
7190,EGGW,EPKT
7191,YBCG,YMML
7192,EGLL,LIRF
7193,UUEE,ESSA
7194,LEPA,EDDL
7195,LIMC,LILG
7196,LPPT,EDDL
7197,EHAM,EBBR
7198,EHAM,EDDW
7199,LTFJ,EDDL
7200,ULLI,EVRA
7201,LFMN,LFPO
7202,CYYC,CYUL
7203,NZWN,NZHN
7204,LIBD,LIML
7205,LEBL,LEMH
7206,KLAX,KSFO
7207,YBCG,YSSY
7208,ULMM,UUEE
7209,LFPO,LEBL
7210,SKBO,KMIA
7211,GMMN,LFPG
7212,LEMD,LEIB
7213,KLAS,KCLT
7214,UKBB,LEBL
7215,EHAM,EDDM
7216,EPWA,UUEE
7217,LIRF,EGLL
7218,GMME,LFPO
7219,EDDH,EDDF
7220,YSCB,YBBN
7221,LKPR,LFPG
7222,UUEE,EBBR
7223,EGLL,LSGG
7224,PANC,KORD
7225,EBMB,LIRA
7226,EHAM,EGNM
7227,LROP,EBCI
7228,LEAL,EBBR
7229,SKBO,KMIA
7230,LEZL,LEMD
7231,LPPT,EDDH
7232,LIRF,LGAV
7233,EGSS,LHBP
7234,NZAA,NZWN
7235,EDDH,LEBL
7236,LIML,LSGG
7237,KPHX,KHHR
7238,VOBL,VECC
7239,EBMB,LIMC
7240,LFPG,LFBD
7241,KLAS,KRDU
7242,BIKF,EGLL
7243,VIDP,VOBL
7244,UUEE,EDDH
7245,KSEA,KGEG
7246,KLAX,VHHH
7247,LPPT,LEMD
7248,UKBB,LLBG
7249,LFMV,LFPB
7250,LTFJ,EDDB
7251,LFPG,LFFI
7252,EGLL,OTHH
7253,RJTT,KSFO
7254,LFBO,LFPO
7255,LPPR,LFPG
7256,LEPA,LSZM
7257,KEWR,LPPT
7258,VOBL,VHHH
7259,ESSA,LIML
7260,YPJT,YBUN
7261,LHBP,EBCI
7262,LIPE,LROP
7263,RJAA,RJFF
7264,KPDX,KJFK
7265,LIRF,LIML
7266,EDDF,EDDM
7267,LFBO,EGNR
7268,KONT,KDEN
7269,LTFJ,LOWW
7270,UKKK,EPWA
7271,VGTJ,OEDR
7272,LFBO,LFPG
7273,EGGD,EGNL
7274,KPHX,58AZ
7275,EHAM,LEMG
7276,LIRF,KJFK
7277,LFOB,LPPR
7278,EIDW,EGSS
7279,EDDF,EDDL
7280,LEPA,EDDS
7281,BIKF,EHAM
7282,LFPG,EHAM
7283,LTFJ,EDDS
7284,OTHH,VGZR
7285,YSSY,WSSS
7286,LOWW,LSZH
7287,EDDM,LEMD
7288,EKCH,EGSS
7289,LIPH,LFOB
7290,EGSS,LOWW
7291,LPPT,LFML
7292,EHAM,LIRF
7293,LEPA,LEIB
7294,ESGG,EKCH
7295,OMDB,EDDP
7296,KLAS,KATL
7297,EHAM,LFPG
7298,EDDH,EDDL
7299,RPLL,WBSB
7300,ULLI,UUEE
7301,KCVG,CYHM
7302,EGJJ,EGKR
7303,EDDF,EDDS
7304,KRFD,KOAK
7305,EHAM,ENZV
7306,LEGE,LFPB
7307,LFPG,LLBG
7308,KDFW,KMIA
7309,NZAA,YSSY
7310,LIRF,LIEA
7311,NZCH,NZAA
7312,EGSS,EPWR
7313,LPPT,EDDF
7314,EPMO,EDDK
7315,LIBD,LIMC
7316,ENHD,ENGM
7317,KRFD,PANC
7318,UUWW,ULLI
7319,EDDN,LEPA
7320,LTFJ,LFPO
7321,EKCH,EKYT
7322,LFOB,LHBP
7323,LROP,LGAV
7324,LIRF,LOWW
7325,EFHK,EKCH
7326,LEIB,LEPA
7327,UUEE,EFHK
7328,LFPG,LEMG
7329,KLAS,KMSP
7330,EHAM,LSZH
7331,ENGM,LIRF
7332,EGPH,EPMO
7333,KDFW,KDEN
7334,EGSS,EKCH
7335,ENZV,ENBR
7336,UUEE,ULLI
7337,ETNL,EDRZ
7338,WMSA,WSSL
7339,KSFO,KIAD
7340,KRFD,KBFI
7341,EDDF,EDDW
7342,KFFZ,88AZ
7343,LPMA,LPPR
7344,UUWW,ULLI
7345,KSDF,KSAT
7346,EDDF,LEBL
7347,EGLL,EHAM
7348,EPKK,EGBB
7349,UKBB,LOWW
7350,EKCH,OTHH
7351,RJOA,RJTT
7352,EHAM,LEMD
7353,LIML,LFPG
7354,KSFO,KSTS
7355,LEMD,LIPM
7356,WSSS,VHHH
7357,LPPR,LPPT
7358,KRFD,KMHR
7359,ENGM,ENVA
7360,RJTT,RJOO
7361,KLAS,KJFK
7362,EHAM,LKPR
7363,KDFW,KMCO
7364,KSMF,KDFW
7365,LEMD,LIML
7366,EHAM,LSGG
7367,KLAX,RCTP
7368,EGLL,EIDW
7369,ENZV,ENGM
7370,LIMC,LSGG
7371,YMML,YWLM
7372,BIKF,ESSA
7373,KSEA,KMIA
7374,EBMB,LFBO
7375,EGAA,EGGD
7376,LEMD,LEIB
7377,LFPG,LDZA
7378,LFPG,EPWA
7379,KDFW,KPHX
7380,YMML,YCBG
7381,LOWW,LROP
7382,VABB,VOMM
7383,UKBB,LIMC
7384,FAOR,FACT
7385,YSSY,YSTW
7386,EKCH,LOWW
7387,KLAX,KBUF
7388,LPPR,EGKR
7389,EGLL,EGPD
7390,UUEE,EDDP
7391,EHAM,EIDW
7392,EDDF,LOWW
7393,OTHH,LEMD
7394,EHAM,UKBB
7395,EBMB,LEBL
7396,EDDM,EDDH
7397,LPPT,LSZH
7398,ENVA,ENGM
7399,LFPG,LFML
7400,KSDF,KDEN
7401,LIRF,KEWR
7402,PANC,KLAX
7403,KPHL,KCLT
7404,LIPZ,LEBL
7405,EGGW,EGPH
7406,LFBO,EDDF
7407,EHAM,EDDF
7408,EDDS,LOWW
7409,EHAM,EIDW
7410,SBBR,SBSP
7411,KEWR,KBWI
7412,VHHH,RPLL
7413,LSZH,LOWW
7414,LFPG,LIRF
7415,KDFW,KTUL
7416,KPHL,KMSP
7417,LPPT,LSGG
7418,LIPQ,LIML
7419,LTFJ,LEBL
7420,LEBL,LEZL
7421,EGGW,EYKA
7422,KAPA,KCOS
7423,YMEN,YTYA
7424,LZIB,EIDW
7425,LECU,LEMT
7426,EDDM,EVRA
7427,EGSS,LEMD
7428,YBBN,YSCB
7429,LSGG,LIPZ
7430,EGHH,EGNV
7431,LFPG,LOWW
7432,EGNX,EGNL
7433,YSTW,YSBK
7434,EGCC,EGLL
7435,KSLC,KJFK
7436,KSDF,KBUR
7437,LEBL,LPPR
7438,VOBL,VIDP
7439,EHAM,KSFO
7440,KPHL,KRDU
7441,LEPA,LFPO
7442,KSDF,KORD
7443,VMMC,RCTP
7444,EHAM,ESGG
7445,LFPG,LIMC
7446,EBBR,LSGG
7447,LFPG,LEMD
7448,KMIA,SBKP
7449,LIRF,OTHH
7450,LTAC,EDDF
7451,KPHL,KATL
7452,EGPF,EGGD
7453,WMKK,ZGSZ
7454,EHAM,EPWA
7455,RCQC,RCKH
7456,KLAS,KORD
7457,YSWG,YSBK
7458,KSDF,KPHL
7459,KLAX,KDFW
7460,LGKO,LGAV
7461,LEBL,LEMD
7462,EBBR,EGLL
7463,EDDL,EDDM
7464,LSGG,LEBL
7465,EGPH,EGGD
7466,EDDF,UKBB
7467,KAPA,KFCM
7468,KRFD,KDEN
7469,KLAX,RCTP
7470,KDFW,KMSP
7471,LFPO,LPPR
7472,LFPG,EGCC
7473,EHAM,EETN
7474,ENGM,EPGD
7475,EDDM,LROP
7476,EGLL,EDDM
7477,ESSB,ESTA
7478,LEMH,LEMD
7479,LFPG,EDDF
7480,YSSY,YMML
7481,KRFD,KPHX
7482,LEMD,ELLX
7483,EDDL,EDVE
7484,KSDF,KDFW
7485,LPPT,LIME
7486,KJFK,EBBR
7487,EGKK,EIDW
7488,EKCH,ESSA
7489,EHAM,EGPD
7490,LFPG,LPPT
7491,EGAA,EGCC
7492,EDDM,LEBL
7493,EGLL,OTHH
7494,RCTP,WSSS
7495,LFPG,LFMD
7496,EDDF,LSZH
7497,KSEA,KMSP
7498,KSDF,KONT
7499,KLAX,VHHH
7500,LPPT,LPFR
7501,EGPF,EGGW
7502,KPHL,KORD
7503,RJOO,RJTT
7504,KLAS,KDFW
7505,LSZH,LFPB
7506,KDFW,KABQ
7507,LEMD,LEIB
7508,ESSA,EKCH
7509,LIMC,LIRA
7510,EDDH,LOWW
7511,YMML,YSSY
7512,KSNA,KFUL
7513,KSDF,EDDK
7514,RJTT,KLAX
7515,LEBL,LIQL
7516,LEMD,LIME
7517,EDDF,LDZA
7518,LSGG,EFHK
7519,EHAM,SKBO
7520,SBGL,SBGR
7521,KONT,KOAK
7522,EDDM,EFHK
7523,KLAX,KMSP
7524,YSDU,YSBK
7525,KPHL,KMIA
7526,LEMG,EBCI
7527,LTFJ,LSGG
7528,EDDF,ENGM
7529,EHAM,EDDN
7530,ENBR,EKCH
7531,KSDF,KPHX
7532,YSSY,YMML
7533,KLAX,KJFK
7534,KSDF,KMHR
7535,UWWW,UUEE
7536,KMKC,KSUS
7537,LPPR,LFPG
7538,EDDM,LSGG
7539,LIML,LIRF
7540,LSGG,LOWW
7541,EGLL,LIPZ
7542,EDDH,EDDM
7543,LEAL,EHAM
7544,LEPA,EDDV
7545,LFPO,LEMD
7546,KSFO,VHHH
7547,RJTT,RJOM
7548,KSDF,KONT
7549,KLAX,KORD
7550,KDFW,KONT
7551,KMIA,KJFK
7552,UUEE,LGAV
7553,LIRF,LMML
7554,EGSS,EINN
7555,LIMC,LSGG
7556,EHAM,SBGR
7557,LPPR,LFPO
7558,KLAX,KATL
7559,VHHH,PANC
7560,KAFW,KORD
7561,PANC,KORD
7562,EDDH,LEPA
7563,EGGW,LROP
7564,LIMC,KJFK
7565,KSDF,KPDX
7566,LPFR,EGCC
7567,LPPT,EHAM
7568,EDDF,ESSA
7569,KMIA,EHAM
7570,LEPA,LEMH
7571,KPHL,KMCO
7572,KLAX,KJFK
7573,EKCH,EKRN
7574,EHAM,KLAX
7575,KFAT,KDFW
7576,KSDF,KOAK
7577,NZAA,NZOI
7578,LIME,LIBR
7579,RJOO,RJTT
7580,LFPO,LFBO
7581,LIML,LIBR
7582,EGLL,KBOS
7583,LFPG,EDDM
7584,LSZH,EDDF
7585,EGPH,EGLC
7586,LIRF,LLBG
7587,EHAM,LSZM
7588,YSSY,WSSS
7589,RJFF,RJTT
7590,EETN,EKCH
7591,VABB,VOBL
7592,KSDF,KABQ
7593,EBMB,EGCC
7594,LEBL,LFPG
7595,YSCB,YWLM
7596,SBCO,SBSP
7597,LEPA,EDDH
7598,LFPG,LFBO
7599,LEMG,EDDL
7600,EGLL,LOWW
7601,LFPG,EDDL
7602,PANC,KLAX
7603,VIDP,VHHH
7604,KLAX,KMSP
7605,OMDB,EGLL
7606,EHAM,LEIB
7607,LFPO,LEPA
7608,EGBB,EDDF
7609,KONT,KBFI
7610,NZCH,NZWN
7611,KCVG,EGNX
7612,EHAM,EGCC
7613,LIML,LIEA
7614,EPGD,EGGD
7615,KPHL,KBUF
7616,LEPA,EDDB
7617,LOWW,UUDD
7618,KSDF,PANC
7619,RJTT,RJOO
7620,LFPG,GOBD
7621,VABB,VIDP
7622,CYVR,VHHH
7623,EKBI,LMML
7624,LFPG,LROP
7625,LTFJ,EDDS
7626,LSGG,LSZH
7627,EHAM,EGGD
7628,EDDK,LEMD
7629,EDLW,LEPA
7630,EDDL,LOWW
7631,EDDF,LJLJ
7632,LSZH,LEPA
7633,YBMC,YMML
7634,EHAM,EKYT
7635,KSDF,KFAT
7636,VHHH,RJBB
7637,KIND,KBOS
7638,LIRF,LEBL
7639,LEPA,EDDM
7640,OMDB,OBBI
7641,LJPZ,LJLJ
7642,EDDM,ESSA
7643,LSZM,LPPR
7644,YMML,YPAD
7645,NZCH,NZAA
7646,EPWA,LOWW
7647,KPHL,KBOS
7648,YSDU,YSBK
7649,EDDK,LOWW
7650,KSDF,KEWR
7651,UUWW,LIMC
7652,LPPD,LPPR
7653,LEMD,KMIA
7654,LIEE,LIPZ
7655,KLAX,KJFK
7656,KONT,KDFW
7657,EDLV,LICJ
7658,LIRF,KJFK
7659,VHHH,CYYZ
7660,EGKK,EGAA
7661,LEPA,LEBL
7662,LLBG,LTFJ
7663,KSDF,KBFI
7664,LFPG,EDDH
7665,YSSY,YBBN
7666,CYWG,CYYC
7667,EBCI,LEMD
7668,VABB,VECC
7669,KRFD,KPDX
7670,LEMG,EBBR
7671,NZAA,NZPM
7672,EDDF,LEPA
7673,LPPR,EHAM
7674,EDDF,EIDW
7675,LOWW,EDDF
7676,EGSS,LEPA
7677,LGRP,LGAV
7678,EHAM,FACT
7679,KSDF,KBOI
7680,LKPR,UUEE
7681,SBCO,SBKP
7682,KONT,KPHX
7683,YMMB,YCES
7684,GMMN,LEBL
7685,EGSS,LGAV
7686,PANC,KPHX
7687,KSFO,RCTP
7688,EHAM,LIMC
7689,EIDW,EVRA
7690,EDDF,EGPH
7691,EETN,EGSS
7692,LOWW,LPPT
7693,ULMM,ULLI
7694,KSDF,KLAX
7695,LEPA,LEMD
7696,KPHL,KBKL
7697,LFPG,ESSA
7698,EBMB,LOWW
7699,LPPT,LPPR
7700,KSDF,KLAS
7701,LEMG,LOWW
7702,LTFJ,UUDD
7703,PANC,KLAX
7704,LIRA,LFOB
7705,EGSS,LPPR
7706,VHHH,CYYZ
7707,KMIA,SKBO
7708,LIMC,LILG
7709,EHAM,EDDB
7710,EDDH,LSZH
7711,VAPO,VOMM
7712,CYYZ,CYMX
7713,EGAC,EGPH
7714,EBMB,EIDW
7715,EDDM,EIDW
7716,EHAM,EGGW
7717,EGSH,EHAM
7718,YSDU,YSSY
7719,KLAS,KSTL
7720,LSZM,LEBL
7721,EGLL,LDZA
7722,LOWW,ENGM
7723,EBCI,LIPH
7724,KJFK,LIMC
7725,LFPG,EBBR
7726,LEPA,EKCH
7727,KIND,KLAX
7728,KPHX,KJFK
7729,LEMD,LEPA
7730,ELLX,LPPT
7731,EHAM,EKBI
7732,KRFD,KBWI
7733,LLBG,LHBP
7734,EHAM,ELLX
7735,KCVG,KMIA
7736,VIDP,VOMM
7737,LIRF,EHAM
7738,VABB,VECC
7739,LIMF,LICZ
7740,LEPA,EGSS
7741,LFPG,EHAM
7742,WMKK,WBKK
7743,TJSJ,KMIA
7744,EDDF,KATL
7745,NZAA,YSSY
7746,EDDF,LEPA
7747,EDDH,LEIB
7748,VHHH,RCTP
7749,LFPO,LEAL
7750,LPMA,LPPT
7751,OTHH,VIDP
7752,LIRF,LIEE
7753,EPWA,EDDF
7754,LEPA,LOWW
7755,LFPG,LROP
7756,LKPR,EDDF
7757,KRFD,MI58
7758,KSFO,RCTP
7759,FAOR,FACT
7760,ENBR,ENGM
7761,LFPG,LEBL
7762,EPWA,LHBP
7763,RCTP,RJFF
7764,EDDF,VIDP
7765,LFPG,EDDF
7766,EDDH,LEPA
7767,KLAX,RCTP
7768,YBBN,YSSY
7769,LEMT,LECU
7770,EHAM,LEBL
7771,EHAM,ESSA
7772,EBCI,LFMK
7773,OTHH,ELLX
7774,EDDM,LROP
7775,KCVG,PANC
7776,RJTT,RJOM
7777,LEBL,OTHH
7778,LEPA,EKCH
7779,EHAM,EGLL
7780,LFPG,LOWW
7781,LFPG,UUEE
7782,LIRF,LFPG
7783,EPWA,ULLI
7784,KRFD,KJFK
7785,EDDF,KDFW
7786,EGKB,EGCC
7787,LEMG,LEIB
7788,KIND,KATL
7789,KSDF,KMIA
7790,PANC,KORD
7791,LIBD,LIPX
7792,EPWA,EKCH
7793,EIDW,EPWR
7794,ESSA,EDDB
7795,YPPH,WSSS
7796,EDDB,LEPA
7797,YSCB,YSSY
7798,LDZA,EDDF
7799,EHAM,LEBL
7800,LEMD,ESSA
7801,LEBL,LFPO
7802,EBCI,LPPT
7803,ELLX,EHAM
7804,LFBO,LFPO
7805,LFPG,LIMC
7806,ENGM,EKCH
7807,YBBN,YPAC
7808,EHAM,KBOS
7809,YBBN,YSSY
7810,SSJC,SBGL
7811,LIRF,EBBR
7812,UUEE,EDDB
7813,LEPA,LEMG
7814,EKBI,EGSS
7815,EDDF,KDFW
7816,KBLI,KBFI
7817,NZAA,NZCH
7818,LIPE,EGSS
7819,EIDW,LEMG
7820,LIME,LPPR
7821,YSSY,YMAY
7822,LFPG,LJLJ
7823,ESMS,ESSB
7824,EHAM,EFHK
7825,LEMG,LOWW
7826,LTFJ,LSZM
7827,LOWW,KEWR
7828,KRFD,KDFW
7829,KIND,KEWR
7830,EBMB,EKCH
7831,ENBO,ENGM
7832,EGLL,EGPH
7833,EGGW,LGAV
7834,EDDF,EIDW
7835,LEBL,EIDW
7836,LOWW,LMML
7837,KIND,KBWI
7838,OMDB,VHHH
7839,SSJC,SBBR
7840,EDDS,EDSE
7841,LEBL,LGAV
7842,ZGSZ,ZUCK
7843,YSCB,YMML
7844,EGSS,LPPT
7845,UUEE,EDDL
7846,LEZL,GMTT
7847,KIND,KMSP
7848,EGLL,EDDF
7849,LPPT,LFBO
7850,LTFJ,LHBP
7851,EDDM,EDDG
7852,KRFD,K8C4
7853,EDDF,OTHH
7854,KLAX,KRDU
7855,UAAA,LTBA
7856,VAPO,VOBL
7857,PANC,KORD
7858,RJBB,RJTT
7859,LEMG,LPPT
7860,KSDF,KJFK
7861,LEBL,LFML
7862,RJFF,RJTT
7863,EHAM,LOWW
7864,KIND,KSEA
7865,LIRF,LEMD
7866,EGLL,LEBL
7867,LFPL,LFAR
7868,YPAD,YMML
7869,LEPA,EDDF
7870,ULLI,UUEE
7871,KSDF,KSAN
7872,LFML,LFPO
7873,KSDF,CYMX
7874,LIMC,LEMD
7875,EHAM,EVRA
7876,LEBL,LIMC
7877,LFOB,LPPT
7878,EPWA,LKPR
7879,LOWW,LLBG
7880,EGLL,EGNT
7881,LTAC,LTFJ
7882,RJFF,RJTT
7883,EDDV,EDDF
7884,LFPG,EDDV
7885,EDDF,KSFO
7886,RJTT,RJFF
7887,UUWW,ULLI
7888,LTFJ,LOWW
7889,EGLL,WSSS
7890,KLAX,MGGT
7891,ESSA,EFHK
7892,LEPA,EDDV
7893,EGAC,EGLL
7894,LFPO,LFML
7895,KSDF,PANC
7896,KPHX,KLGB
7897,LIPE,LMML
7898,SBVT,SBKP
7899,RJTT,RJOM
7900,KRFD,KDTW
7901,EBMB,EPWA
7902,ENGM,ENVA
7903,VABB,VECC
7904,EDDF,CYYZ
7905,KGSO,KORD
7906,EDDM,LEMD
7907,LEMT,LECU
7908,KCVG,KEWR
7909,KBFI,PANC
7910,LEMG,EKCH
7911,LFPG,EGLL
7912,LIPE,LICZ
7913,SSJC,SBBR
7914,PANC,KSEA
7915,LFPO,LPFR
7916,KLAX,KMIA
7917,LPFR,LSZM
7918,LIEE,LIME
7919,KSEA,RCTP
7920,KSDF,KBUF
7921,KRFD,KMSP
7922,LFNR,LFPG
7923,LFPO,LEMG
7924,LEBL,LEMD
7925,LFPG,KSFO
7926,EDDL,LGAV
7927,LPMA,LPPT
7928,KSDF,KLCK
7929,KRFD,KSTL
7930,EGLL,LSZH
7931,LPPT,LPMA
7932,EDDF,CYUL
7933,LEMG,EHAM
7934,EVRA,UUWW
7935,KOAK,KLAX
7936,EDDF,KSEA
7937,LOWW,KIAD
7938,LTFJ,LTFE
7939,UUWW,ULLI
7940,YPAD,YMML
7941,KSDF,KSWF
7942,LEAL,EDDL
7943,EGPF,EGLL
7944,LEPA,EGNX
7945,LFPG,EIDW
7946,YSSY,YSWG
7947,LSGG,LFPG
7948,LOWL,EDDF
7949,EHAM,LEIB
7950,KIND,KJFK
7951,EDDB,LFPG
7952,LSZH,LIML
7953,YMML,YPAD
7954,LIBD,LIPZ
7955,EGLL,LIMC
7956,LSGG,LSZH
7957,KRFD,KEWR
7958,LIRA,EHEH
7959,UUWW,ULLI
7960,RJOA,RJTT
7961,LPPT,GMMN
7962,EHAM,EDDH
7963,LFMN,LFPO
7964,UUEE,ULLI
7965,LIPE,LFOB
7966,EKCH,EKYT
7967,EPWA,UKBB
7968,LIME,EIDW
7969,LKPR,LOWW
7970,KIND,KDTW
7971,EGLL,KJFK
7972,LEMD,EPMO
7973,EHAM,LIPE
7974,KAFW,KOAK
7975,KDFW,KSAT
7976,LPPT,EBBR
7977,LEZL,LEPA
7978,EDDF,LLBG
7979,RPLL,WSSS
7980,LFPG,LIPZ
7981,RJFF,RJTT
7982,KSFO,RJTT
7983,KIND,KDEN
7984,KSDF,KBOS
7985,EHAM,EGSH
7986,LSGG,EGWU
7987,LTAC,LTFJ
7988,EDDM,LEPA
7989,SBBR,SBKP
7990,LKPR,LEBL
7991,LPPT,LFPO
7992,LEBL,LIMC
7993,KSDF,KMCO
7994,EDDF,KLAX
7995,EHAM,LIML
7996,LIRA,LIML
7997,PANC,KLAX
7998,UUEE,ULLI
7999,LEBL,EDDN
8000,EDDL,LIPZ
8001,VECC,VOBL
8002,YSSY,WSSS
8003,EBBR,EHAM
8004,WMKK,WBKK
8005,LSGG,LPPR
8006,KAVX,KLGB
8007,VHHH,RCTP
8008,LIEE,LIRA
8009,LIPZ,LOWW
8010,EHAM,KDTW
8011,KIND,KIAD
8012,LSZM,LIBR
8013,YSCB,YPAD
8014,EDDM,ULLI
8015,KDPA,KMKC
8016,EGLL,EIDW
8017,KSDF,KPHL
8018,EDDK,EPKT
8019,KRFD,KMCI
8020,KIND,KORD
8021,UKBB,LLBG
8022,KPHL,KDTW
8023,EDDW,EHAM
8024,KSDF,KBWI
8025,EKCH,LEAL
8026,EPWA,LDZA
8027,ENBO,ENGM
8028,PANC,KPDX
8029,LFPO,LEMD
8030,EHAM,KEWR
8031,ENGM,ENZV
8032,KSDF,KPVD
8033,LPPR,LSGG
8034,VHHH,PANC
8035,YSSY,YSCB
8036,LSGG,LGAV
8037,LIMC,EVRA
8038,NZAA,NZCH
8039,LEAL,EGCC
8040,VIDP,VOBL
8041,EDDP,LOWS
8042,RJBB,VHHH
8043,LOWW,KORD
8044,EGJA,EGHI
8045,EBMB,LEMD
8046,EKCH,LEMG
8047,EHAM,KATL
8048,KSDF,KRDU
8049,LIEE,LIML
8050,LIPZ,LGAV
8051,LPPT,GOBD
8052,LIBD,LIRF
8053,EDDH,LEPA
8054,WSSS,VHHH
8055,LTFJ,EDDF
8056,NZCH,NZPM
8057,YBUN,YPJT
8058,KDVT,16AZ
8059,LIML,EHAM
8060,EGLL,EGAC
8061,CYYC,CYYZ
8062,YPPH,WSSS
8063,LPFR,EGSS
8064,VOMM,VOBL
8065,KLGB,KFAT
8066,LSZH,EFHK
8067,KSDF,KATL
8068,LOWW,LEMD
8069,EVRA,EGSS
8070,KMHR,25CL
8071,KSDF,KEWR
8072,EHAM,EKCH
8073,LFPG,EPKK
8074,EDDM,EKCH
8075,YMML,WSSS
8076,LLBG,KJFK
8077,EDDH,EVRA
8078,LIMC,EDDF
8079,RCTP,VHHH
8080,LFPG,KLAX
8081,KONT,KDEN
8082,TJSJ,KEWR
8083,ULLI,UUEE
8084,EGPH,EGBB
8085,RJTT,RJOA
8086,LIPZ,EDDF
8087,LEBL,ESSA
8088,EDDF,LEMD
8089,EDDB,EHAM
8090,EGLL,LGAV
8091,EDDF,KJFK
8092,NZAA,NZCH
8093,YPAD,YMML
8094,LFKJ,LFPO
8095,SBKP,SBBR
8096,LSGG,LIMC
8097,SBBR,SBGR
8098,EDDF,EDDH
8099,EPWA,LFMN
8100,EBMB,ESSA
8101,LEPA,EDDF
8102,LIMC,LGAV
8103,OMDB,VOBL
8104,LPPT,SBGR
8105,EDDB,LEPA
8106,EHAM,EDDL
8107,EDDH,LEIB
8108,LIRA,EGSS
8109,EKCH,LEAL
8110,SBRJ,SBGR
8111,RCTP,KLAX
8112,EDDM,EDDV
8113,KPAO,CL77
8114,VOBL,VABB
8115,EFHK,ESSA
8116,KSDF,CYYZ
8117,UKBB,OMDB
8118,LEAL,EKCH
8119,LEMD,LGAV
8120,LOWS,LIMC
8121,LEIB,LEBL
8122,LIPE,LOWW
8123,LEZL,LPPT
8124,EIDW,EPKK
8125,EKCH,EGGW
8126,LEMG,LEPA
8127,KSDF,KORD
8128,EDDM,LSGG
8129,UAAA,LTBA
8130,YMML,YBBN
8131,EGKK,LEMD
8132,EDDB,LEBL
8133,LEPA,EGBB
8134,LEAL,EGSS
8135,KSDF,KMIA
8136,EDDF,KMIA
8137,PANC,KORD
8138,KSDF,KPHL
8139,LIRF,LIML
8140,YMML,YMHB
8141,LROP,LHBP
8142,UUWW,ULLI
8143,EGLL,VIDP
8144,KMIA,CYYZ
8145,EIDW,BIKF
8146,LEIB,LEPA
8147,LLBG,LOWW
8148,VABB,EDDF
8149,ENGM,EKCH
8150,KSDF,KSAT
8151,EDDS,EDDF
8152,EDDC,EDDF
8153,LEPA,EDDL
8154,LPPT,LPFR
8155,LIML,EDDF
8156,KGSO,KEWR
8157,SBKP,SBBR
8158,LEBL,EGKR
8159,LKPR,EGPH
8160,LEMG,EKCH
8161,KAFW,KSAT
8162,ENGM,ESSA
8163,ENBR,ENZV
8164,KEWR,KCLT
8165,OMDB,OBBI
8166,RJTT,RJOA
8167,PANC,KORD
8168,EHAM,KJFK
8169,RJFF,RJTT
8170,RCTP,RJBB
8171,LEAL,EGMC
8172,EGLL,EKCH
8173,LPPT,EDJA
8174,LEPA,LEMH
8175,SSJC,SBGR
8176,EGNX,EDDK
8177,GMMN,LEMD
8178,LIRF,LFPG
8179,ENGM,EPWA
8180,EDDS,EHAM
8181,EGAA,EGSS
8182,LSGG,LIRF
8183,KIAD,KCLT
8184,LIML,EGLL
8185,SBGL,SBBR
8186,LSZH,LIRF
8187,KMDT,KCLT
8188,LFPG,KATL
8189,VECC,VIDP
8190,KSDF,KMCI
8191,EGNP,EHAM
8192,LPPT,LFPG
8193,EGLL,EKCH
8194,LOWS,EDDF
8195,KEWR,KMDT
8196,KAUS,KCVG
8197,GMMN,LEMG
8198,SSJC,SBSP
8199,EDDL,LEPA
8200,LEMD,EIDW
8201,KSDF,KIAD
8202,EHAM,RCTP
8203,ENVA,ENGM
8204,LEPA,LEIB
8205,KSDF,KSTL
8206,LFPG,EDDM
8207,YCBG,YMML
8208,EDDF,KEWR
8209,EHEH,LPFR
8210,KPGV,KCLT
8211,PANC,KSEA
8212,EDDB,EIDW
8213,LHBP,LGAV
8214,LIPZ,LIRF
8215,EHAM,KPHL
8216,KSDF,KDFW
8217,SBBR,SBSP
8218,LEMH,LEPA
8219,EETN,EVRA
8220,EGLL,EHAM
8221,LPPT,LPMA
8222,LEBL,EHAM
8223,VOBL,VIDP
8224,KJFK,KFLL
8225,LFPG,EPWA
8226,KSDF,KBKL
8227,EDDF,KORD
8228,ELLX,LPPT
8229,RJTT,RJFF
8230,LSGG,EGLF
8231,KAFW,KTUL
8232,KSDF,AL18
8233,LROP,LIPH
8234,LFPO,LEMD
8235,EGLL,OBBI
8236,EDDF,RCTP
8237,YBBN,YPAD
8238,LOWW,LGAV
8239,SBBR,SBRJ
8240,LMML,LIME
8241,EDDW,EDDF
8242,YTYA,YMEN
8243,ELLX,LPPR
8244,VABB,VIDP
8245,KSDF,KTYS
8246,KGSO,KCLT
8247,RJTT,RJOO
8248,LEPA,LEJR
8249,EDDF,LIRF
8250,EDDK,EDDB
8251,OTHH,EBBR
8252,EGLL,KORD
8253,LFOB,EPMO
8254,LPPT,LSZM
8255,EDDH,EDDF
8256,PANC,KORD
8257,EDDB,EDDF
8258,EDDL,LIRF
8259,LEMD,LPPT
8260,EVRA,LSZH
8261,LEMG,LFBD
8262,SBVT,SBBR
8263,KPHF,KCLT
8264,KSDF,KTUL
8265,KSDF,KDTW
8266,LFPG,KATL
8267,EPWA,EPGD
8268,LIEE,LIPH
8269,RJTT,RJFF
8270,KEWR,KFLL
8271,LEPA,ESSA
8272,ULLI,UUDD
8273,KGSO,KATL
8274,YBBN,YSSY
8275,LIRA,LIML
8276,EHAM,LEMD
8277,ENBO,ENVA
8278,KMCC,KAUN
8279,LSGG,LEPA
8280,SBRJ,SBBR
8281,NZAA,RCTP
8282,EKCH,LEBL
8283,EDHI,EGNR
8284,LIRF,EIDW
8285,PANC,KORD
8286,EGGP,LPFR
8287,EDDM,EPGD
8288,RJTT,RJOO
8289,WBKK,WMSA
8290,EDDL,LEBL
8291,VOTP,VIDP
8292,LFRS,LFPG
8293,KPHL,KDFW
8294,EDDP,LEMD
8295,YMML,YSSY
8296,LIEE,LIRF
8297,EHAM,LEMG
8298,LLBG,LIRF
8299,KSDF,EDDK
8300,EDDM,LOWW
8301,RCTP,VHHH
8302,LIME,EGPH
8303,VOMM,VECC
8304,EPWA,LJLJ
8305,KRDU,KORD
8306,EKCH,LFPG
8307,ENGM,ENBO
8308,KSEA,PANC
8309,OMDB,EHAM
8310,YMML,YBBN
8311,EGLL,VABB
8312,YPJT,YBUN
8313,LEMD,LEMH
8314,KIND,KLCK
8315,KEWR,KFLL
8316,LIMC,EFHK
8317,KSDF,CYVR
8318,SBGR,SBBR
8319,LEMG,EGCC
8320,LSZM,LHBP
8321,ENGM,KEWR
8322,EVRA,EDDS
8323,LSZH,LTFJ
8324,VHHH,VHSK
8325,EDDM,LFPG
8326,VABB,VIDP
8327,KSDF,KMDT
8328,LSGG,EDDF
8329,EDDL,EDDF
8330,EGLL,KATL
8331,EDDF,LEMG
8332,LFPG,EKCH
8333,KEWR,KSYR
8334,LEBL,KMIA
8335,OTHH,EHAM
8336,EPWA,EPPO
8337,LIMC,LPPT
8338,EDDM,LIRF
8339,LPPT,LFPO
8340,KONT,KSLC
8341,KVNY,KLAS
8342,PANC,KORD
8343,VOMM,VABB
8344,EHAM,EGPE
8345,VIDP,VECC
8346,LIRF,EKCH
8347,SBSP,SBBR
8348,LEBL,LPPT
8349,KSDF,KHSV
8350,KSDF,KOMA
8351,LMML,LIRF
8352,EGLL,KDFW
8353,KJFK,OTHH
8354,EGGW,ESSB
8355,EDDS,LEPA
8356,KAFW,KLAX
8357,LIAA,LIRU
8358,LIMC,LPPT
8359,RJAA,RCTP
8360,VOBL,VOMM
8361,EDDM,EDDF
8362,LSZH,LEMD
8363,LROP,EGLL
8364,KSLC,KJFK
8365,KPHL,KATL
8366,KSDF,KSYR
8367,LIEA,LIRF
8368,LIRA,EIDW
8369,LOWW,EFHK
8370,VOMM,VOBL
8371,LIBD,LIPE
8372,KALB,KORD
8373,UUEE,ULLI
8374,VIDP,EDDK
8375,EPKK,EBCI
8376,EDDK,LIRA
8377,EDDF,KATL
8378,LLBG,LOWW
8379,KSEA,KBWI
8380,KMIA,SBKP
8381,LEMG,ENGM
8382,KSDF,KMKE
8383,OMDB,VABB
8384,LFPG,KORD
8385,SBSP,SBBR
8386,LYBE,ULLI
8387,EKCH,LGAV
8388,KSDF,CYHM
8389,RCTP,VHHH
8390,KDAL,KAPA
8391,LEAL,EHAM
8392,KSEA,RCTP
8393,LIME,LIEA
8394,KEWR,KBWI
8395,LEMD,LEBL
8396,LFPG,KDFW
8397,YMML,YBCG
8398,EDDM,EDDH
8399,LEMD,KJFK
8400,EFHK,EFOU
8401,SBRJ,SBSP
8402,KFLL,KATL
8403,EHAM,EGNT
8404,EGGD,LEAL
8405,EGLL,KJFK
8406,RJTT,RJOS
8407,OMDB,LFPG
8408,LEPA,LFPG
8409,LMML,EGLL
8410,ELLX,OMDW
8411,KRDU,KATL
8412,EDDM,LEPA
8413,LPPT,LPPD
8414,SBKP,SSJC
8415,RCTP,KLAX
8416,ULMM,ULLI
8417,EHAM,LOWG
8418,RJTT,RJFF
8419,LEMD,LEBL
8420,KORF,KATL
8421,EGPF,EGBB
8422,LHBP,EHAM
8423,KEWR,KORD
8424,SBRJ,SSJC
8425,EDDM,ESGG
8426,KPIT,KATL
8427,EGLL,KPHL
8428,SKBO,KMIA
8429,EKCH,EHAM
8430,LEBL,LROP
8431,RJOA,RJTT
8432,ESSA,ESNZ
8433,LEMD,LEPA
8434,KDTW,KLAX
8435,RJBB,RCTP
8436,ENZV,EHAM
8437,KSGF,KSDF
8438,EHAM,WSSS
8439,EDDM,EPWA
8440,YCBG,YMML
8441,LFBD,LFPG
8442,KMIA,KDFW
8443,EFHK,LEMG
8444,YSSY,YWLM
8445,KONT,KPDX
8446,VIDP,VABB
8447,KDTW,KATL
8448,YBBN,YMML
8449,UUWW,ULMM
8450,KBOS,KCLT
8451,YBCG,YPPH
8452,EDDB,LEPA
8453,KPHL,NJ64
8454,LEBL,EIDW
8455,RJFF,RJTT
8456,YSSY,YKAT
8457,SBGR,SBBR
8458,SBRJ,SBGR
8459,LIRF,LICJ
8460,UMMS,UUWW
8461,KVNY,KHWD
8462,KCMH,KATL
8463,EHAM,LDZA
8464,LPFR,EHEH
8465,LEIB,LEMD
8466,YMML,YPPH
8467,SBBR,SBSP
8468,EBMB,KEWR
8469,LIML,LIRA
8470,LIMF,LEMD
8471,EDDF,EHAM
8472,LTAC,LTFE
8473,LIRF,ESSA
8474,YPPH,YBBN
8475,LIRA,LIML
8476,LEMG,LEBL
8477,EDDP,EGNX
8478,EDDM,EHAM
8479,EGGW,EDDB
8480,LTFJ,LTAC
8481,LPPR,LSZH
8482,EDDB,LLBG
8483,KBOS,KORD
8484,EDDL,LEMD
8485,LEBL,LEZL
8486,LSGG,EGGW
8487,EBMB,LPPT
8488,RJOO,RJTT
8489,FAOR,FACT
8490,LFQQ,LFBD
8491,SBGL,SBGR
8492,LFNR,EHAM
8493,KROC,KJFK
8494,KEWR,KIAD
8495,UMMS,UUDD
8496,LIMC,EKCH
8497,SBGR,SBBR
8498,EHAM,LLBG
8499,RJFF,RJTT
8500,LSGG,LEMD
8501,RJBB,RJTT
8502,LIRA,EGCC
8503,EBMB,LFPB
8504,KEWR,LFPG
8505,EDDM,LPPT
8506,SBKP,SBVT
8507,VOBL,VOMM
8508,UUDD,ULMM
8509,YSCB,YPPH
8510,KONT,KPHX
8511,KRDU,KDEN
8512,LSGG,EBMB
8513,OMDB,OBBI
8514,ESSB,ESMT
8515,EPGD,UKBB
8516,LEMG,ESSA
8517,LEIB,LIML
8518,EGLL,EFHK
8519,EDDM,LHBP
8520,EDLW,LHBP
8521,KBOS,KSTL
8522,ENGM,ESSA
8523,KPHX,KBWI
8524,LSGG,LFBD
8525,LEAL,ESSA
8526,YPAD,YSSY
8527,KDXR,KHPN
8528,LTFJ,LKPR
8529,YBCG,YMML
8530,KBOS,KDTW
8531,PANC,RJBB
8532,KDCA,KCLT
8533,LIRF,LICJ
8534,ESSA,EKCH
8535,KBWI,KATL
8536,EDDM,KSFO
8537,LEBL,LEMG
8538,LKPR,EHAM
8539,LEIB,LEMD
8540,EGGD,EHAM
8541,LFPG,GOBD
8542,KPHX,KONT
8543,KORF,KDTW
8544,KLAX,KEWR
8545,KDCA,KDFW
8546,RPLL,VHHH
8547,LSZH,LDZA
8548,EGGW,EGPE
8549,EDDN,EHAM
8550,LOWW,LMML
8551,EPWA,EVRA
8552,LEMD,LFPO
8553,GMMN,LFPG
8554,KTYS,KATL
8555,EIDW,EGLL
8556,5MI8,KDTW
8557,NZAA,NZCH
8558,LTFJ,EHAM
8559,OMDB,VHHH
8560,LHBP,ESGG
8561,EPKK,EHAM
8562,CYOW,CYYZ
8563,LEMD,LEJR
8564,YCBG,YMML
8565,EHAM,KSEA
8566,LIPZ,LFPO
8567,LEMD,LEIB
8568,LFPG,KJFK
8569,KPHL,KMDW
8570,KOAK,KLAX
8571,KONT,PANC
8572,EGPD,EGGW
8573,KEWR,KPVD
8574,KDTW,KLAS
8575,VOBL,VECC
8576,EDDM,LSZH
8577,YMML,YSSY
8578,SBGR,SSJC
8579,UUDD,LOWW
8580,LFBD,EHAM
8581,VHHH,RJBB
8582,KADS,KDFW
8583,KPHL,KORD
8584,LSZH,EHAM
8585,LPMA,LPPR
8586,LEMD,EKCH
8587,ENGM,EHAM
8588,YSBK,YSDU
8589,FACT,FALA
8590,EDDB,LEMD
8591,EKYT,EHAM
8592,YBBN,YMML
8593,EPPO,EIDW
8594,EGLL,EDDF
8595,ESMS,ESSA
8596,RJTT,RJFF
8597,LSZH,WSSS
8598,KONT,KOAK
8599,EBMB,LGAV
8600,YMML,YMHB
8601,LIPZ,LIBD
8602,EGLL,KJFK
8603,KBOS,KBWI
8604,KJVL,KPWK
8605,EPWA,ESKN
8606,KSYR,KJFK
8607,KORF,KORD
8608,KIAD,KDEN
8609,LROP,LIRF
8610,LFML,LFBD
8611,KPHL,KLAX
8612,LEMG,EGSS
8613,YWLM,YMML
8614,LOWW,EHAM
8615,LPPR,LPPT
8616,UUDD,ULLI
8617,LSZH,LEMD
8618,KRDU,KDFW
8619,EGCC,LFPG
8620,EDDS,EGKR
8621,EDDB,EBBR
8622,LEIB,LIML
8623,EHAM,EPWR
8624,EDDK,LEPA
8625,VHSK,VHHH
8626,LIML,LIBR
8627,EDDM,UKBB
8628,ESTA,ESSB
8629,EGPH,EGAA
8630,LSZH,LTFJ
8631,KMCI,KDTW
8632,LIME,LPPT
8633,LIEE,LIRF
8634,EPWA,EGLL
8635,KBOS,KMDW
8636,LSZM,EHAM
8637,KBWI,KFLL
8638,EGPD,EGLL
8639,EGLL,LMML
8640,KPHL,KDTW
8641,EDDM,EPPO
8642,KRDU,KCLT
8643,VHHH,PANC
8644,LTAC,OTHH
8645,KONT,KBFI
8646,LIML,EIDW
8647,EIDW,EHAM
8648,EKCH,ESSA
8649,SBVT,SBRJ
8650,KDTW,KDFW
8651,SBGR,SBGL
8652,EGPH,EGAC
8653,SBSP,SBRJ
8654,LSZH,LIML
8655,LFPO,LPPR
8656,EGCC,LPPT
8657,EHEH,LEBL
8658,CYYC,CYVR
8659,LHBP,LIBD
8660,EDDM,EPKK
8661,EGHI,EGJA
8662,EBMB,EFHK
8663,KPIT,KLGA
8664,KSDF,KORD
8665,LPPT,KBOS
8666,KBFI,KBLI
8667,EGPD,ENZV
8668,KIND,KDEN
8669,LIMC,LIRF
8670,KCMH,KDEN
8671,RJTT,RJFF
8672,OERK,EGLL
8673,KEWR,KMCO
8674,RJFF,RJTT
8675,EDDM,LGAV
8676,LEBL,LEPA
8677,LJLJ,UUEE
8678,EHAM,EICK
8679,09PA,KORD
8680,EDDK,EDDB
8681,EDDM,LIPE
8682,LEBL,LEMH
8683,KSDF,KMCO
8684,EGLL,KJFK
8685,KBOI,KSJC
8686,KDCA,KATL
8687,KGRR,KMCO
8688,LLBG,KEWR
8689,LOWW,EIDW
8690,EPGD,ENGM
8691,LOWW,UUEE
8692,KBWI,KMSP
8693,KFLL,KDTW
8694,OMDB,LFPG
8695,KPVD,KCLT
8696,KHOU,KDFW
8697,KCMH,KORD
8698,KDCA,KDTW
8699,KATL,KEWR
8700,ENBR,ENGM
8701,LPFR,EGBB
8702,YBMC,YMML
8703,KBOS,KLAX
8704,KIAD,KJFK
8705,EDDM,EDDL
8706,KRDU,KMIA
8707,RJFF,RJTT
8708,EDDL,LEPA
8709,LJLJ,EDDF
8710,KDAB,KATL
8711,KPHL,KMCO
8712,KIND,KMSP
8713,EGCC,EBBR
8714,LEBL,LEPA
8715,LFPG,KJFK
8716,YMML,YPAD
8717,KABE,KORD
8718,KCLT,KCVG
8719,KDEN,KJFK
8720,KDCA,KBNA
8721,LFQQ,LSGG
8722,LEPA,EDDK
8723,KONT,KMHR
8724,SBGR,SBVT
8725,KLGA,KBNA
8726,EDDM,LIPZ
8727,EBCI,LEAL
8728,LHBP,LIBD
8729,KPVD,KMVY
8730,KRDU,KSDF
8731,CYUL,CYYZ
8732,EGLL,EBBR
8733,LSGG,EHAM
8734,KAUS,KDFW
8735,KDFW,KATL
8736,KMDT,KDTW
8737,RCTP,VHHH
8738,7OH2,KORD
8739,KEWR,KBOS
8740,YBUN,YPJT
8741,SBRJ,SBBR
8742,KBWI,KMIA
8743,K4D0,KORD
8744,KAVP,KORD
8745,KDTW,KLGA
8746,LEBL,LEMD
8747,KBOS,KSFO
8748,KBUF,KBWI
8749,KGRR,KORD
8750,YPAD,YMML
8751,KCMH,KFLL
8752,UUEE,KLAX
8753,KALB,KCLT
8754,EDDL,EFHK
8755,KPHL,KFLL
8756,ZUCK,ZGSZ
8757,EKYT,EKCH
8758,KLGA,KMCO
8759,KBOS,KPHL
8760,KFAY,KATL
8761,KATL,KMIA
8762,KSAT,KDFW
8763,KDCA,KATL
8764,KPIT,KBOS
8765,EGLL,LEMD
8766,EDDF,LFPG
8767,KSDF,KATL
8768,KBOS,KLGA
8769,KFNT,KORD
8770,KSYR,KDTW
8771,EKBI,EHAM
8772,LEMD,LROP
8773,KDTW,KMIA
8774,EKCH,EFHK
8775,KLGA,KMDW
8776,KALB,KDTW
8777,KSGF,KDFW
8778,KATL,KBWI
8779,KPVD,KMDW
8780,SBRJ,SBSP
8781,KLAX,KCVG
8782,LOWW,LEMD
8783,PANC,KPHX
8784,LEBL,LEIB
8785,CYWG,CYYZ
8786,LSGG,EGLL
8787,KONT,KABQ
8788,KDTW,KORD
8789,KDAY,KATL
8790,UUEE,EFHK
8791,KAVP,KCLT
8792,KPDK,KBNA
8793,EDDM,EBBR
8794,LTFJ,EKCH
8795,KCLT,KATL
8796,KFLL,KBWI
8797,ULLI,UUEE
8798,LPPT,EGLL
8799,LEPA,LEIB
8800,LHBP,EHAM
8801,KBOS,KJFK
8802,KLGA,KORD
8803,KATL,KFLL
8804,KJFK,KLAX
8805,KBWI,KORD
8806,KDTW,KFLL
8807,LOWW,LEPA
8808,LFPG,LGAV
8809,EBCI,LHBP
8810,KPVD,KEWR
8811,EDDK,LEPA
8812,KROC,KORD
8813,KEWR,KDTW
8814,EDDM,EDDW
8815,LPPR,EHEH
8816,KDCA,KMIA
8817,LEIB,EDDL
8818,EPWA,EFHK
8819,KBUF,KSYR
8820,KLGA,KDTW
8821,KATL,KDFW
8822,KPHL,KMSP
8823,VIDP,VABB
8824,VECC,VOMM
8825,LEBL,EDDM
8826,KBUY,KMMU
8827,LFPG,LROP
8828,KBWI,KDTW
8829,RCTP,WSSS
8830,ESGG,EHAM
8831,KALB,KBWI
8832,KPIT,KFLL
8833,KOAK,KMHR
8834,KLGA,KATL
8835,KDCA,KHOU
8836,LEMD,LEBL
8837,KP19,KGYR
8838,KMIA,KATL
8839,KATL,KLAS
8840,KEWR,KCLT
8841,KCLT,KDTW
8842,EPGD,ESKN
8843,KBOS,KFLL
8844,KCMH,KPHL
8845,KPVD,KDTW
8846,LIPZ,LEMD
8847,LOWW,UKBB
8848,LEBL,EGBB
8849,EGSS,EPKK
8850,EDDM,EDDK
8851,KDCA,KJFK
8852,RJBB,RCTP
8853,EPKK,EPWA
8854,LSZH,EPWA
8855,LROP,LSZM
8856,KATL,KDCA
8857,KBOS,KSDF
8858,LFML,LFPG
8859,LEZL,LEIB
8860,KPIT,KJFK
8861,LSGG,LGAV
8862,EKCH,ENGM
8863,GMMN,LFPO
8864,LIPE,LPPT
8865,KDAY,KAKH
8866,EDDL,LFPG
8867,KORD,KDFW
8868,EDDF,EPKK
8869,KTYS,KORD
8870,EDDF,LOWW
8871,OMDB,UAAA
8872,LFBO,LFPO
8873,EBMB,LEMD
8874,EDDM,LIBD
8875,RJOO,RJTT
8876,KBOS,KMIA
8877,PANC,KORD
8878,KPVD,KBWI
8879,LSZH,LMML
8880,EIDW,LPFR
8881,EDDN,LEPA
8882,LROP,EDLW
8883,RJTT,RJFF
8884,KABE,KDTW
8885,YSSY,YPPH
8886,LEPA,LEIB
8887,KMIA,KATL
8888,LFBO,EBMB
8889,LTFJ,LFML
8890,KAVP,KORD
8891,KMDT,KORD
8892,SBSP,SSJC
8893,UUWW,LGAV
8894,KSYR,KORD
8895,EDDM,EHAM
8896,LIPE,LGAV
8897,LFPG,VIDP
8898,KLGB,KOKB
8899,KABE,KCLT
8900,LEMD,KDFW
8901,EDDK,LEPA
8902,KJFK,KORD
8903,LECU,LEMT
8904,KPDK,KLUK
8905,KIAD,KMSP
8906,KAUS,KHOU
8907,KPVD,KPHL
8908,LFPO,LFBO
8909,CYQG,CYYZ
8910,KORF,KMIA
8911,EDDH,EHAM
8912,KISP,KBWI
8913,LEPA,EGNX
8914,LIRF,LEMD
8915,KDCA,KDAL
8916,VHHH,RCTP
8917,VABB,VIDP
8918,KBOS,KATL
8919,EDFE,EDVK
8920,KATL,KMDW
8921,YWLM,YSSY
8922,KDAY,KORD
8923,LKPR,LFPG
8924,LFPG,WSSS
8925,KCLT,KJFK
8926,KBUF,KDTW
8927,SBSP,SBBR
8928,KSDF,KMCO
8929,EVRA,UKBB
8930,EDDM,LEPA
8931,LIPZ,EHAM
8932,KBNA,KORD
8933,EHAM,UUEE
8934,EGAA,EGBB
8935,KPHL,KBNA
8936,KOKC,KDFW
8937,KPHL,KMIA
8938,LIML,LIRF
8939,KEWR,KMIA
8940,KFLL,KATL
8941,LEMD,LEMH
8942,KTYS,KMSP
8943,LFPO,LEBL
8944,KBUF,KORD
8945,KBOS,KFLL
8946,LPPR,EHAM
8947,EDDM,KORD
8948,OMDB,LIMC
8949,LFPB,LIML
8950,LPFR,LPPT
8951,KDTW,KBWI
8952,KDCA,KORD
8953,SBSP,SBRJ
8954,LIRF,LOWW
8955,EPWA,EHAM
8956,EDDF,LHBP
8957,88PA,KORD
8958,KATL,KDFW
8959,CYYC,CYXE
8960,KRDU,KBOS
8961,LFBO,LFPG
8962,KSYR,KPHL
8963,EDDF,LEMD
8964,KBWI,KATL
8965,CYOW,CYYZ
8966,EFHK,EFOU
8967,KIAD,KDTW
8968,EDDK,LIPX
8969,LIMC,LSGG
8970,KSFO,KCVG
8971,OTHH,EDDF
8972,EPWA,LIRF
8973,VOMM,VABB
8974,LSGG,LMML
8975,LEPA,ESSA
8976,KFLL,KSTL
8977,RJTT,RJFF
8978,PANC,KCVG
8979,KBUF,KMDW
8980,KGSO,KORD
8981,KATL,KDAL
8982,KMSP,KATL
8983,KBOS,KORD
8984,CYOW,CYYZ
8985,KCMH,KBWI
8986,KPIT,KPHL
8987,EDDM,EGLL
8988,EPKT,LMML
8989,LFPO,LPPT
8990,KRDU,KLGA
8991,LTFJ,ESSA
8992,RCTP,VHHH
8993,LLBG,EHAM
8994,KALB,KPHL
8995,KPIT,KEWR
8996,EKCH,ENVA
8997,KDCA,KMDW
8998,LEBL,LPPT
8999,KEWR,KATL
9000,EDDM,LMML
9001,KHSV,KATL
9002,EDDF,LFPG
9003,EHAM,LIRF
9004,LEMH,LEPA
9005,KDAY,KDFW
9006,EDDL,LKPR
9007,FAOR,FACT
9008,EHEH,LEPA
9009,LIRF,LICJ
9010,EHAM,LGAV
9011,KRDU,KDTW
9012,EDDF,LIMA
9013,ESSA,LTFJ
9014,EFHK,UUEE
9015,EDDG,EDDM
9016,LTFJ,EHAM
9017,LHBP,LFPG
9018,KOAK,KLAS
9019,KBNA,KDTW
9020,KJFK,KATL
9021,KATL,KDEN
9022,EKCH,KIAD
9023,KIAD,KHPN
9024,LROP,LFPG
9025,LIMC,UUEE
9026,EHAM,LFPG
9027,LEBL,LOWW
9028,LOWW,LIMC
9029,KBWI,KBNA
9030,SBVT,SBRJ
9031,EGLL,LPPT
9032,IN93,KORD
9033,LFPG,LIRF
9034,LFPG,KJFK
9035,EVRA,EDDB
9036,EDDF,LKPR
9037,KALB,KDCA
9038,GMME,LFPO
9039,CYYC,CYVR
9040,EIDW,KPHL
9041,RJTT,RJOO
9042,EDDB,EHAM
9043,KRDU,KORD
9044,YMML,YSSY
9045,KCMH,KLGA
9046,KSAT,KDTW
9047,OTHH,EHAM
9048,LTAC,LTFE
9049,KJFK,KCLT
9050,KLGA,KORD
9051,SKBO,KMIA
9052,EHAM,EDDC
9053,BIKF,EKCH
9054,LEMD,EGLL
9055,EDDH,LFPG
9056,ENGM,EFHK
9057,CYYZ,KDTW
9058,KBUF,KPHL
9059,KHPN,KCLT
9060,UUEE,LLBG
9061,EKCH,WSSS
9062,KPHL,KFLL
9063,RJTT,RJOO
9064,KATL,KFLL
9065,KRDU,KDTW
9066,CYOW,CYUL
9067,LFPG,LGAV
9068,EGSS,EDDH
9069,EGNT,EGLL
9070,EGPH,EGLL
9071,EDDF,WSSS
9072,LROP,EDDM
9073,LDZA,LFPG
9074,LEMD,LIRF
9075,LPPT,LEBL
9076,LSZH,LEBL
9077,KSDF,KLGA
9078,KCMH,KPHX
9079,KMSN,KATL
9080,KALB,KATL
9081,KEWR,CYYZ
9082,KPHL,KPHX
9083,LIPE,LIEA
9084,EHAM,KORD
9085,KBWI,KFLL
9086,KGRR,KDCA
9087,ULLI,UUWW
9088,LTFJ,EDDB
9089,LEMG,LEMD
9090,LIRF,LPPT
9091,CYUL,CNV9
9092,EIDW,EKCH
9093,EDDM,LFPG
9094,EBMB,GMTT
9095,LLBG,LHBP
9096,KMKE,KMSP
9097,LSZH,LPPR
9098,KSYR,KDCA
9099,EDDF,ESGG
9100,LHBP,LLBG
9101,LFPO,LIRF
9102,EBMB,LIRF
9103,KFLL,KJFK
9104,KDEN,KCVG
9105,EDDS,LIML
9106,EHAM,CYYC
9107,KDTW,KDCA
9108,KMDW,KBWI
9109,EDDM,LKPR
9110,EPWA,KJFK
9111,KMSS,KBOS
9112,LEBL,LIME
9113,OTHH,ELLX
9114,LOWW,LFPG
9115,LFPG,EHAM
9116,KIND,KORD
9117,VIDP,VAPO
9118,LFPG,EIDW
9119,LTFJ,LTAC
9120,LSZH,LFPG
9121,LKPR,EPWA
9122,LIPH,EBCI
9123,KDFW,KMIA
9124,KHPN,KORD
9125,KJFK,SKBO
9126,EDDM,KCLT
9127,UKKK,EDLW
9128,KPVD,KATL
9129,KFLL,KIAD
9130,LFPO,LPPR
9131,EDDK,LDZA
9132,LIPX,LIBD
9133,EGPF,EGSS
9134,KMSP,4IL3
9135,KBNA,KDFW
9136,LSZH,LHBP
9137,KLGA,KDAL
9138,EHEH,LEPA
9139,LEBL,LFFI
9140,KAUS,KIAD
9141,KMVY,KBOS
9142,EBCI,EIDW
9143,KMCI,KMSP
9144,SBSP,SBVT
9145,KPHL,KORD
9146,KACY,KFLL
9147,KROC,KBWI
9148,KMDW,KDAL
9149,EDDM,KIAD
9150,EDDB,LTFJ
9151,CYYZ,KATL
9152,LEPA,EDDB
9153,KORD,KFLL
9154,KFLL,KBNA
9155,KBWI,KCLT
9156,KATL,KSRQ
9157,EHAM,LIMJ
9158,KRDU,KATL
9159,RCTP,VMMC
9160,K06C,KMDW
9161,EFHK,EDDF
9162,RJTT,RJFF
9163,KSTL,KCLT
9164,EDDF,LJLJ
9165,KNYL,KPHX
9166,LPPT,LEMD
9167,SBGR,SBRJ
9168,KBUF,KDCA
9169,KCHO,KPHL
9170,KLGA,KCLT
9171,KORD,KMIA
9172,KOKC,KDEN
9173,LFML,LEBL
9174,TJSJ,KMIA
9175,KORD,KDEN
9176,LFPG,LFBO
9177,YMML,YBCG
9178,SBSP,SBBR
9179,LEPA,LEMD
9180,KECP,KATL
9181,KPDK,KCTJ
9182,KBUF,KLGA
9183,KMKE,KATL
9184,LJPZ,LJLJ
9185,KBWI,KATL
9186,KPIT,KJFK
9187,SBGR,KMIA
9188,LSZH,LEPA
9189,CYYZ,CYXE
9190,EDDM,UUEE
9191,KJFK,KCVG
9192,KOAK,KPDX
9193,EDDL,EHAM
9194,LEZL,EHAM
9195,KHPN,KATL
9196,KGRB,KATL
9197,UUEE,ULLI
9198,KEWR,KATL
9199,LEPA,EDDH
9200,EKCH,EETN
9201,KSAT,KMIA
9202,SBJD,SBSP
9203,KIND,KDCA
9204,LSZH,LKPR
9205,KPHL,KATL
9206,KDAY,KDTW
9207,KTYS,KDFW
9208,KDCA,KPHL
9209,KATL,KMCO
9210,LIML,LSGG
9211,LEMD,KJFK
9212,ENZV,ENGM
9213,LEBL,LEIB
9214,KMCI,KDEN
9215,LTAC,LOWW
9216,NZPM,NZCH
9217,KJFK,KMSP
9218,KCMH,KMSP
9219,LMML,LIML
9220,VIDP,VOBL
9221,EHAM,EGLL
9222,EDDK,EGLL
9223,KLAS,KVNY
9224,KSTL,KPHX
9225,LHBP,EGSS
9226,LIPZ,LIBD
9227,KPHL,KCLT
9228,KPVD,KORD
9229,KMKC,KDAL
9230,KSYR,KATL
9231,LEPA,LEIB
9232,LEMT,LECU
9233,NZCH,NZAA
9234,KAUS,KDTW
9235,LIMC,LGAV
9236,LSZH,LIRF
9237,KRDU,KLGA
9238,NZAA,NZCH
9239,LIML,LICR
9240,KORD,KFLL
9241,LLBG,LFPG
9242,KOAK,KPHX
9243,LFMK,EBCI
9244,KJFK,KMIA
9245,KLAS,KSJC
9246,LEAL,EFHK
9247,KCMH,KDTW
9248,EKCH,KEWR
9249,KSDF,KMDW
9250,KMIA,KDCA
9251,VECC,VIDP
9252,KBWI,KDAL
9253,LTFJ,LTFE
9254,EDDF,VOBL
9255,EGPH,EDDF
9256,OERK,VABB
9257,LTBA,UMMS
9258,EHAM,LPPT
9259,OTHH,EGLL
9260,VABB,VOBL
9261,LFNR,LFPO
9262,PANC,KSEA
9263,LIML,LEMD
9264,LEMT,LECU
9265,EPMO,UKBB
9266,VIDP,VAPO
9267,KGSO,KATL
9268,WSSS,NZAA
9269,EGPE,EGGW
9270,KJFK,KBOS
9271,LEVX,LEMD
9272,KDFW,KONT
9273,EICK,EGLL
9274,LTFJ,LLBG
9275,KCMH,KORD
9276,KRDU,KMDW
9277,16MI,KORD
9278,KISP,KPHL
9279,KMSN,KORD
9280,SBSP,SBGL
9281,EGKK,MMUN
9282,LPPT,UUEE
9283,EDDM,KLAX
9284,EBMB,LEBL
9285,VABB,OMDB
9286,CYYZ,CYYC
9287,KROC,KDTW
9288,EKAH,EKCH
9289,KOAK,KLAX
9290,YPPH,YMML
9291,KTTN,KHOU
9292,KFLL,KEWR
9293,LTFJ,LFPO
9294,LYBE,LFPG
9295,EGLL,EGPH
9296,EPWA,EPKK
9297,LIMC,KJFK
9298,K06C,KMDW
9299,EHAM,ENGM
9300,KOMA,KATL
9301,KBNA,KCLT
9302,EDDF,EPKT
9303,CYUL,CYYZ
9304,KMIA,KPHL
9305,KMDT,KPHL
9306,EDDK,LEPA
9307,LEBL,LPPR
9308,KORF,KBWI
9309,KIND,KATL
9310,KFLL,KATL
9311,LSZH,LEMG
9312,LKTB,LKPR
9313,KSAT,KATL
9314,KALB,KMDW
9315,KBOS,KDFW
9316,EHAM,SPJC
9317,EDDF,EPPO
9318,KBWI,KPHX
9319,EDDF,LSGG
9320,EDDL,LGAV
9321,KSTL,KORD
9322,KDEN,KCVG
9323,LYBE,LSZM
9324,EGLL,WSSS
9325,KRDU,KFLL
9326,KROC,KDCA
9327,KIAH,KLAX
9328,LIMC,EDDP
9329,EDDM,KJFK
9330,YSSY,YMML
9331,88PA,KLAS
9332,KDFW,KATL
9333,KORD,KDTW
9334,EDDF,ULLI
9335,KMKE,KORD
9336,LSZH,LOWG
9337,LEMD,LGAV
9338,KSAT,KDEN
9339,LIPZ,UUEE
9340,PANC,KORD
9341,LEAL,EHAM
9342,KMCI,KORD
9343,KGSO,KMIA
9344,LFOB,LIBD
9345,EDDB,ESSA
9346,KPNE,KPHL
9347,YCBG,YMML
9348,LFMN,LFPO
9349,KRDU,KLAX
9350,LIEA,LIML
9351,KOMA,KMSP
9352,EGBB,EGPH
9353,LPPR,LSGG
9354,KLUK,KCGF
9355,LIMC,LEBL
9356,KFLL,SKBO
9357,LEBL,EDDF
9358,EHAM,LTFJ
9359,KDFW,KIAD
9360,KBOS,KLGA
9361,KBOS,KPYM
9362,EPPO,EPWA
9363,KROC,KPHL
9364,VIDP,VOBL
9365,UKBB,EGSS
9366,TJSJ,KEWR
9367,KIAD,KATL
9368,KPHF,KPHL
9369,LIRF,LFPG
9370,KCMH,KCLT
9371,KPHL,KMCO
9372,EHAM,CYYZ
9373,KTEB,KPDK
9374,BIKF,KJFK
9375,KSTL,KCVG
9376,KDTW,KCLT
9377,KDCA,KCLT
9378,EDDF,LOWW
9379,KSDF,KMSP
9380,CYUL,CNV9
9381,KORF,KDCA
9382,KBOS,KJFK
9383,LSGG,EDDM
9384,KAUS,KMIA
9385,KIWA,KCGZ
9386,KPIT,KFLL
9387,ENBR,ENZV
9388,KGSO,KLGA
9389,LEMD,LFPG
9390,KSAT,KDAL
9391,KDEN,KSDF
9392,ZGSZ,RJBB
9393,LPMA,LPPT
9394,EPWA,LFPG
9395,KMVY,KTEB
9396,SBKP,SBRJ
9397,LIMC,LIEA
9398,KBUF,KEWR
9399,LEMD,SPJC
9400,EDDF,LIPZ
9401,KIAH,KEWR
9402,EPGD,EPWA
9403,SBGR,SBGL
9404,EGCC,EHAM
9405,LEBL,LFBD
9406,KMKC,KLUK
9407,KDFW,KFLL
9408,YMML,YPAD
9409,KMVY,KBED
9410,LEPA,EDDB
9411,KATW,KATL
9412,KRDU,KBNA
9413,KBMI,KATL
9414,LIRF,LEBL
9415,ENBO,ENVA
9416,CYUL,CYBG
9417,VECC,VIDP
9418,SBGR,SBBR
9419,ESSA,UUEE
9420,LHBP,EPWA
9421,SPJC,KDFW
9422,KMCO,KMIA
9423,LIMC,EHAM
9424,KDFW,KDTW
9425,KIAD,KMDW
9426,LSZH,LOWW
9427,KABQ,KPHX
9428,LFLC,LFPB
9429,EDDF,EKCH
9430,EDDV,EDDM
9431,EGJB,EGHI
9432,LEPA,LEAL
9433,KMSP,KDEN
9434,KMDT,KCLT
9435,KLAS,KCMA
9436,YMML,YMHB
9437,KOMA,KIAD
9438,ULLI,UUEE
9439,KPIT,KLNS
9440,LIRF,EHAM
9441,KIND,KMIA
9442,KFLL,KACY
9443,KBOS,MA55
9444,EGGP,EGAA
9445,WMKK,VIDP
9446,KAUS,KBWI
9447,ESSA,ENGM
9448,KIAD,KFOK
9449,EHAM,LTFJ
9450,LIPE,LEMD
9451,KPHL,KFLL
9452,LSZH,LSGG
9453,KLEB,KBOS
9454,KDFW,KBTF
9455,KFLL,KATL
9456,KMCI,KPHX
9457,LMML,EDDF
9458,LFPG,LFBD
9459,EKCH,KLAX
9460,VIDP,VOMM
9461,LDSR,LDZA
9462,KDCA,KORD
9463,ESNZ,ESSA
9464,KIND,KBWI
9465,LLBG,LGAV
9466,KPIT,KDCA
9467,EHAM,LEMD
9468,LFMA,LFNE
9469,LOWW,EDDM
9470,LEPA,LFPO
9471,KDCA,KDEN
9472,KSYR,KJFK
9473,LJLJ,LFPG
9474,LSGG,LPPT
9475,SBBR,SBSP
9476,EGKK,UKBB
9477,LIMC,LFPG
9478,KCWA,KORD
9479,KTEB,KSUS
9480,EDDF,SKBO
9481,WS78,KMSP
9482,SBGL,SSJC
9483,CYYZ,CYYC
9484,LFOB,LIRA
9485,KEWR,KFLL
9486,KIND,KJFK
9487,LEMD,LROP
9488,YSSY,VHHH
9489,WMKK,WBKK
9490,KMDW,KBNA
9491,EGLL,EHAM
9492,EDDB,LPFR
9493,ENGM,ENVA
9494,LOWW,LTFJ
9495,EKCH,LPPT
9496,KAZO,KORD
9497,RJTT,RJFF
9498,KCVG,KDTW
9499,ENBO,ENVA
9500,KGYR,13AZ
9501,LOWW,LOWI
9502,KSTL,KLAS
9503,CYYZ,CYVR
9504,KACK,KPVD
9505,KPIA,KORD
9506,LFPG,LLBG
9507,KATL,KMCO
9508,EGLL,KJFK
9509,VECC,VOBL
9510,LROP,LIRA
9511,KMSP,KMDW
9512,UUEE,EPWA
9513,KFWA,KDTW
9514,LDZA,EPWA
9515,LIRF,LIMA
9516,KTEB,KIAD
9517,LMML,LIPE
9518,EDDH,LSZH
9519,KCMH,KBOS
9520,LEPA,EDDS
9521,KDCA,KDFW
9522,KSYR,KORD
9523,EGAC,EGLC
9524,EDDL,LEPA
9525,KDEC,KORD
9526,KBNA,KMCO
9527,KMSP,KDEN
9528,SBMT,SDVH
9529,VHHH,PANC
9530,EKCH,ENZV
9531,KPTK,KOPF
9532,EGJB,EGHI
9533,KBUF,KJFK
9534,KOAK,PANC
9535,KGSO,KORD
9536,KSTL,KATL
9537,LIRF,LICZ
9538,EGKK,LPPR
9539,LTFJ,EDDL
9540,LEBL,LFPG
9541,KDTW,KDCA
9542,KDCA,KBOS
9543,UKBB,EPWA
9544,LPPR,LSGG
9545,LOWW,LROP
9546,KORF,KORD
9547,LROP,LIMC
9548,KATL,KMCO
9549,KSYR,KBUF
9550,YPAD,YSSY
9551,KSDF,KDFW
9552,KCMH,KLAS
9553,EGNT,EHAM
9554,ENGM,ENZV
9555,KORD,KDCA
9556,KDTW,KBNA
9557,KFAT,KOAK
9558,KBNA,KSEA
9559,EKCH,LTFJ
9560,KATW,KORD
9561,EPKT,EPWA
9562,KSTL,KMIA
9563,KMCI,KDEN
9564,KISP,KFOK
9565,LTFJ,EBCI
9566,LFPG,CYVR
9567,MA72,KBOS
9568,LSZH,LPPT
9569,KABE,KORD
9570,RJTT,RJFF
9571,KLGA,KBOS
9572,LLBG,KJFK
9573,SBKP,SDBA
9574,KPNS,KDCA
9575,4NY8,KMMU
9576,KDBQ,KORD
9577,KBOS,KEWR
9578,KCMH,KEWR
9579,KAUS,KDEN
9580,KSYR,KLGA
9581,ESSA,EGLL
9582,KDAL,KMCO
9583,KDCA,KATL
9584,LEMD,EHAM
9585,EGLL,LFPG
9586,LFPG,LIML
9587,KSTL,KDEN
9588,LTFJ,EDDH
9589,SBGR,SKMA
9590,LIML,LICZ
9591,EGSS,EGAA
9592,LEMG,LFPO
9593,EGCC,EGPD
9594,KROC,KATL
9595,KDTW,KFLL
9596,KBNA,KDAL
9597,LPMA,LPPT
9598,88PA,KMDW
9599,LSZH,LGAV
9600,LIPZ,EGLL
9601,KMDW,KSTL
9602,UUDD,ULLI
9603,KBOS,KORD
9604,KDCA,KFLL
9605,EDDF,LIMC
9606,KSAT,KDEN
9607,KCMH,KMIA
9608,KDAL,KLAS
9609,KAUS,KSEA
9610,YBBN,YSSY
9611,VIDP,VOBL
9612,KBUF,KATL
9613,LIRF,EGLL
9614,EHAM,EDDH
9615,RJFF,RJTT
9616,KDCA,KMIA
9617,KSAT,KLAX
9618,EDDF,LSZH
9619,EGLL,LIRF
9620,KLGA,KMIA
9621,KISP,KFOK
9622,KFLL,KPHL
9623,KDFW,MMUN
9624,KMSP,KPHX
9625,KIAD,KDFW
9626,KPTK,KTEB
9627,KCLT,KEWR
9628,LSZH,EDDK
9629,SBSP,SBBR
9630,LSGG,EGLL
9631,KBED,MA55
9632,KTUL,KDEN
9633,EDDF,EDDH
9634,KIND,KBOS
9635,KDTW,KEWR
9636,KAUS,KDEN
9637,KMDW,KATL
9638,KMIA,KLGA
9639,KBUF,KFLL
9640,KBNA,KATL
9641,KDFW,KORD
9642,KMKE,KBNA
9643,KMCI,KDAL
9644,KALB,KORD
9645,KBOS,KRDU
9646,KAUS,KATL
9647,EHAM,LEMG
9648,KLGA,KDCA
9649,KFLL,KEWR
9650,RJTT,RJFF
9651,KDAL,KBWI
9652,EGSS,LPPT
9653,VABB,VOBL
9654,EDDM,LTFJ
9655,EDDL,LEPA
9656,LFPG,GMMN
9657,TJSJ,KATL
9658,KSAT,KDFW
9659,KBOS,KLAS
9660,VOMM,VOBL
9661,KJFK,02XS
9662,ESSA,EDDF
9663,KIND,KLGA
9664,KTUL,KLAS
9665,LIMC,LTFJ
9666,88PA,KMSP
9667,KBNA,KPHX
9668,KORD,KATL
9669,EDDF,EPWR
9670,UKBB,EHAM
9671,LEBL,LFPG
9672,KABQ,KDFW
9673,KBOS,02XS
9674,EBCI,LEMG
9675,NZAA,VHHH
9676,LFBO,LPPT
9677,KATL,KORD
9678,EHAM,EDDL
9679,KDAL,KPHX
9680,RJOA,RJTT
9681,KCWA,KMSP
9682,LEMG,EGCC
9683,KSDF,KATL
9684,KOKC,KATL
9685,KMKE,KLGA
9686,KEWR,KDCA
9687,KBOS,KCLT
9688,KSTL,KDAL
9689,SBGR,SSJC
9690,KCMH,KPHL
9691,KTYS,KORD
9692,KDTW,KLAS
9693,KMCI,KDFW
9694,KCLT,KMSP
9695,KTUL,KATL
9696,SKBO,KMIA
9697,KBDR,KHPN
9698,KMSP,KLAX
9699,KJFK,KSFO
9700,KIND,KORD
9701,KBNA,KDEN
9702,LPPT,KEWR
9703,KSDF,KMSP
9704,EGLL,KMIA
9705,KLGA,KDEN
9706,KMVY,KPVD
9707,KMIA,KEWR
9708,ENGM,EDDF
9709,LOWW,LEPA
9710,KDTW,KRDU
9711,VOBL,VABB
9712,KCLT,KATL
9713,KVPS,KATL
9714,ULLI,UUEE
9715,KPHL,KDEN
9716,KCMH,KLGA
9717,LSGG,LEPA
9718,KDFW,KDEN
9719,YPAD,YSSY
9720,KHOU,KPHX
9721,LFPG,LEBL
9722,KHPN,KBED
9723,ENBR,ENZV
9724,KBMI,KORD
9725,KRDU,KISO
9726,EIDW,EDDF
9727,KBUF,3NK5
9728,GMMN,LIMC
9729,SBSP,SBBR
9730,KLGA,KFLL
9731,KORD,KPHX
9732,KBOS,KDFW
9733,KMIA,KATL
9734,KMCI,KDCA
9735,EDDB,LFPB
9736,ENVA,ENZV
9737,GA53,KPDK
9738,EHAM,LPPT
9739,KDFW,KDEN
9740,KDTW,KORD
9741,LIRF,LIMJ
9742,KFLL,KDEN
9743,KCMH,KATL
9744,CYYZ,TLPL
9745,KBNA,KBWI
9746,LFPO,LFKF
9747,KBOS,KSEA
9748,KHOU,KBWI
9749,KORD,KDEN
9750,KORD,KMIA
9751,KDTW,KEWR
9752,KMVY,KTEB
9753,KTYS,KECP
9754,KLGA,KMCO
9755,SBSP,SBRJ
9756,KATL,KSTL
9757,YMML,YBBN
9758,SKBO,SPJC
9759,EDDF,LEMD
9760,LFML,LPPT
9761,RJAA,RCTP
9762,YPAD,YMML
9763,KFLL,KJFK
9764,KBUF,KFLL
9765,LIPZ,LFPG
9766,KBNA,KMSP
9767,KSDF,KMIA
9768,LEPA,LSZH
9769,YPPH,YMML
9770,KBOS,KPHX
9771,KSAT,KLAX
9772,KMCI,KATL
9773,SBKP,SSJC
9774,KAPA,KCOS
9775,ESSA,EHAM
9776,GMMN,EGKR
9777,KDTW,KBOS
9778,LIPE,EHAM
9779,EFHK,EHAM
9780,KFXE,KMIA
9781,LFPB,LHBP
9782,KRDU,KFLL
9783,KABE,KATL
9784,EKCH,EDDM
9785,EGCC,EGLL
9786,RJTT,RJFF
9787,EFOU,EFHK
9788,KDAL,KATL
9789,KBNA,KDCA
9790,KORD,KLGA
9791,KDTW,KATL
9792,RPLL,OTHH
9793,LPCS,LPEV
9794,KBOS,KDFW
9795,KLAX,KPHX
9796,KSAT,KBWI
9797,EDDF,LEPA
9798,LFPO,LEBL
9799,KMKE,KMCO
9800,EGLL,KIAD
9801,KHPN,CYYZ
9802,ENGM,ENZV
9803,KDAL,KSAT
9804,LPPR,EDDF
9805,KBWI,KATL
9806,SBSP,SBRJ
9807,UKBB,EDDF
9808,KBNA,KRDU
9809,EGAA,EGPH
9810,GMMN,LIRF
9811,LIEA,LIME
9812,KLGA,KMCO
9813,EPGD,EDDM
9814,LIRF,KJFK
9815,EDDF,LEBL
9816,KATL,KLGA
9817,VHHH,WMKK
9818,EGKR,EGKA
9819,KAUS,KPHX
9820,KLEB,KTEB
9821,KHOU,KOKC
9822,LIMC,LEBL
9823,LFPG,EDDB
9824,KSGF,KATL
9825,KHWV,KISP
9826,ULLI,UUWW
9827,KBNA,KHOU
9828,KDFW,KMSP
9829,LHBP,EDDF
9830,LEMD,EDDM
9831,KORF,KCLT
9832,KJFK,KSEA
9833,KMKE,KPHX
9834,KCLT,KFLL
9835,ESSA,LPPT
9836,KFLL,KDFW
9837,KBOS,KPHX
9838,UAAA,UAII
9839,EBCI,LPPR
9840,EHEH,LIRA
9841,LTAC,LTFJ
9842,LSZH,KORD
9843,KTUL,KDAL
9844,KDTW,KJFK
9845,KMDT,KATL
9846,KBWI,KHOU
9847,LEBL,LMML
9848,EDDF,LSGG
9849,LSGG,LSZM
9850,KPHL,KHPN
9851,VIDP,VOMM
9852,KCLT,KRDU
9853,LKPR,UKBB
9854,EDDF,LPPT
9855,KJFK,KMIA
9856,VHHH,RCTP
9857,LPPT,LEMD
9858,EDDM,LEPA
9859,KATL,K5A9
9860,EGSH,EHAM
9861,EDDB,LPPT
9862,KBNA,KORD
9863,KDCA,KLGA
9864,KGSO,KCLT
9865,KMIA,KJFK
9866,SBSP,SBRJ
9867,KGSO,KIAD
9868,KTTN,KMJX
9869,KAUS,KMSP
9870,LLBG,LGAV
9871,KDTW,KPHL
9872,KLGA,KATL
9873,KATL,KFLL
9874,KOMA,KMDW
9875,KBWI,KMIA
9876,KFLL,KPHL
9877,KDCA,KORD
9878,EIDW,LZIB
9879,KBNA,KPHL
9880,EGLL,LGAV
9881,KJFK,KPHX
9882,ENZV,EGPD
9883,KIND,KLAX
9884,LSGG,LFPB
9885,RJOA,RJTT
9886,KDTW,KBNA
9887,LTBA,LFPG
9888,KSTL,KDCA
9889,UUDD,EDDF
9890,KMDW,KLAX
9891,ESSB,ESGG
9892,LEMG,EHAM
9893,EHAM,KIAD
9894,LEMG,GMMN
9895,KATL,KLAX
9896,KLDJ,K39N
9897,EDDB,UKBB
9898,KDAL,KMDW
9899,KORD,KPHL
9900,KLGA,KDEN
9901,KIND,KATL
9902,YPPH,YMML
9903,KHPN,KMDW
9904,LIMF,LEBL
9905,KBWI,KSEA
9906,EDDF,ENGM
9907,KBOS,KRDU
9908,LEBL,LIML
9909,KPIT,KLGA
9910,KATL,KLGA
9911,SBGR,SBRJ
9912,ESMT,ESSB
9913,KFLL,KLAX
9914,KBNA,KDCA
9915,KPDK,4GA9
9916,KDTW,KBWI
9917,RJOO,RJTT
9918,KGRR,KMSP
9919,KTYS,KATL
9920,LFPG,UKBB
9921,KORD,KDFW
9922,KJFK,EGNX
9923,KFFZ,KAVQ
9924,KORD,KLAX
9925,ULLI,EPWA
9926,LSZH,LPPT
9927,KDAY,KORD
9928,ESSA,EDDM
9929,EBCI,LTFJ
9930,KDTW,KORD
9931,KBWI,KDFW
9932,KCLT,KDTW
9933,KBOS,KMIA
9934,KIAD,KORD
9935,YBUN,YPJT
9936,KPNS,KMIA
9937,KDAL,KMCI
9938,EDFM,EDGM
9939,KORD,KLGA
9940,EDDM,LTFJ
9941,EDDH,LPPT
9942,KROC,KJFK
9943,LPPR,LPPD
9944,KRDU,KMIA
9945,EGPE,EHAM
9946,BIKF,KEWR
9947,KCLT,KBWI
9948,VIDP,VECC
9949,KLAX,KSEA
9950,KFLL,KMIA
9951,KSTP,KMDW
9952,KMIA,KIAD
9953,KSAT,KLAS
9954,KMCI,KIAD
9955,EDMA,EDJA
9956,KBOS,KMCO
9957,KIAD,KSFO
9958,KGRR,KMDW
9959,KDAL,TE85
9960,LIME,LLBG
9961,KMDW,KFLL
9962,SBSP,SBBR
9963,LTFJ,LSZM
9964,LEBL,EBCI
9965,KDTW,KMDW
9966,ENBO,ENGM
9967,EDDF,LOWG
9968,RJAA,RCTP
9969,KBNA,KORD
9970,KRDU,KSEA
9971,EDDL,LPPT
9972,KMCI,KMCO
9973,EDDH,UUEE
9974,EIDW,EDDM
9975,KIND,KLGA
9976,KLGA,KDCA
9977,KBWI,KORD
9978,LIEE,LIML
9979,KATL,KPHL
9980,EGLL,KSFO
9981,EDDF,EDDN
9982,LIML,LIBD
9983,LFBO,EGNR
9984,NZAA,KLAX
9985,EHAM,UUEE
9986,KMDW,KATL
9987,LFPG,LFFI
9988,VT48,KEWR
9989,KBED,KPYM
9990,VAPO,VIDP
9991,ESSA,EFHK
9992,KHOU,KLAS
9993,LIMC,UKBB
9994,LEBL,EHAM
9995,KTUL,KDFW
9996,ZGSZ,ZUCK
9997,KBWI,KLAS
9998,KI68,KDAY
9999,LEMD,LEIB
10000,KRDU,KLAS
10001,LTFJ,LTFE
10002,EGLL,KCLT
10003,EFHK,EDDM
10004,LEMG,EDDF
10005,EGPF,EGLL
10006,KFLL,KORD
10007,LIRF,LICZ
10008,LPPT,LPPR
10009,LOWW,LIMC
10010,KORD,KBOS
10011,EHAM,KJFK
10012,LEAL,LSZM
10013,KMKE,KPHL
10014,KJFK,KLAX
10015,KORF,KDCA
10016,SBSP,SSJC
10017,VECC,VIDP
10018,LEBL,LEMD
10019,KECP,02XS
10020,LIPZ,EDDL
10021,KCLT,KORD
10022,KOKC,KDEN
10023,EDDF,KEWR
10024,SBKP,SBBR
10025,KORD,KEWR
10026,LIRF,LIPE
10027,YBCG,YSSY
10028,SBGR,SBBR
10029,KRDU,KATL
10030,LPPT,LFPG
10031,KPHL,KDFW
10032,KAUS,KLAX
10033,KEWR,KATL
10034,KGRR,KPHL
10035,KROC,KORD
10036,LSZH,EDDM
10037,KBNA,KSTL
10038,KFTY,KRDU
10039,EDDK,LTFJ
10040,LEMD,LEIB
10041,LEBL,EGNT
10042,KPIT,KATL
10043,KTUL,KOKC
10044,KMDW,KHOU
10045,LEMG,LFPG
10046,KOWP,KBVO
10047,EDDF,VABB
10048,KEWR,KFLL
10049,KFLL,KMDW
10050,EBCI,LIRA
10051,LSZH,KJFK
10052,EGLL,KORD
10053,SBGR,SBBR
10054,VOMM,VABB
10055,KJFK,KDTW
10056,EDDF,EGCC
10057,LPPT,LFPO
10058,EGCC,LPFR
10059,LSGG,LIMC
10060,KATL,KDTW
10061,KOAK,KSAN
10062,LFPG,LPPT
10063,KBOS,02XS
10064,LIPE,LIBD
10065,KBNA,KMIA
10066,KCLT,17NC
10067,KTYS,KDTW
10068,KAUS,KLAX
10069,TJSJ,KATL
10070,KCLT,KBNA
10071,LFBD,LEMG
10072,EDDF,EDDM
10073,KMIA,KLGA
10074,VHHH,PANC
10075,RJOO,RJTT
10076,KGRR,KMSP
10077,SBGR,SSJC
10078,RJAA,RCTP
10079,LYBE,EDDM
10080,KATL,KRDU
10081,LEIB,LEPA
10082,RJFF,RCTP
10083,KPHX,KONT
10084,KRDU,KJFK
10085,ENZV,ENBR
10086,KMCI,KBWI
10087,KCLT,KORF
10088,LTFJ,LIME
10089,KMDW,KMSP
10090,KCMH,KMDW
10091,LFPG,LIPZ
10092,KATL,KMCO
10093,LEPA,EDDF
10094,75TE,KDFW
10095,KJFK,KMSP
10096,KRDU,KCLT
10097,LEMH,LEBL
10098,GMMN,LIPE
10099,KAUS,KDFW
10100,LIML,ESSA
10101,ESSA,ENGM
10102,EDDH,EDDM
10103,KCLT,KPVD
10104,EIDW,EGPH
10105,KSLC,KBOI
10106,KATW,KDTW
10107,UUEE,KJFK
10108,KORD,KMIA
10109,KFLL,KLGA
10110,KMCI,KDTW
10111,KPHL,KMDW
10112,KSTL,KPHL
10113,KRDU,KISO
10114,KATL,KORD
10115,EDDL,LTFJ
10116,KLZU,KAHN
10117,EDDF,ESSA
10118,EGLF,LFPB
10119,KDFW,KMCO
10120,LJLJ,EPWA
10121,EHAM,SBGL
10122,LEPA,LEMG
10123,KLGA,KCVG
10124,VHHH,OTHH
10125,KDTW,KCLT
10126,KAUS,KSEA
10127,KGSO,KDTW
10128,KORD,KBWI
10129,LOWW,LSZH
10130,CYUL,KATL
10131,EDDF,EBBR
10132,KLOU,59KY
10133,KPVD,KSDF
10134,ESSA,LFPG
10135,KSTL,KIAD
10136,TJSJ,KMIA
10137,KEWR,KMCO
10138,KBWI,KORD
10139,KCLT,KHPN
10140,KMSP,KIAD
10141,KIND,KDTW
10142,KJFK,KTEB
10143,5PS9,KDYL
10144,LEPA,LEMD
10145,KDEN,KPHX
10146,KTUL,41MO
10147,KLGA,KORD
10148,EGKK,LEMG
10149,LEIB,LEMD
10150,WSSS,VABB
10151,LIMC,EGLL
10152,KFXE,KMIA
10153,KFLL,KMSP
10154,VHHH,WSSS
10155,KSAT,KATL
10156,KDTW,KMSP
10157,UKKK,EETN
10158,KSLK,KBOS
10159,EPWA,LPPT
10160,1AL8,KPHL
10161,KDCA,KMSP
10162,KOKC,KORD
10163,KATL,KFLL
10164,GMMN,EBBR
10165,01LL,KSTL
10166,KDEN,02XS
10167,59NC,KOSU
10168,KAPA,KFNL
10169,KMIA,KBWI
10170,KCLT,KLGA
10171,LOWW,LDZA
10172,CYOW,CYYC
10173,KOMA,KDTW
10174,LPFR,EGNM
10175,KVNY,KSJC
10176,LSZB,LFPB
10177,LFBO,LFBD
10178,LOWW,EDDM
10179,KMDW,KBNA
10180,KJFK,KLAX
10181,LPMA,LPPT
10182,LEPA,LEMD
10183,LDZA,EGLL
10184,EDDF,VIDP
10185,VECC,VOBL
10186,KMDT,KORD
10187,KMIA,KORD
10188,KSGF,KDFW
10189,LOWW,LIME
10190,KTEB,CYUL
10191,KEWR,KPHX
10192,KMKE,KLAS
10193,LEBL,EGLL
10194,KORD,KDTW
10195,EDDF,LPPT
10196,KFRG,KFOK
10197,KMDW,KPHX
10198,LIRU,LIRV
10199,LROP,EPWA
10200,KAUS,KLAS
10201,EDDF,LTFJ
10202,KLGA,KCLT
10203,LFPO,GMMN
10204,KRDU,KDCA
10205,KBOS,KEWR
10206,EDDS,LTFJ
10207,KBUF,KORD
10208,LIRF,EDDM
10209,EPKK,LFPG
10210,KGAI,KDMW
10211,KFLL,KDAL
10212,PANC,KORD
10213,LFBD,LFML
10214,KMSP,KATL
10215,LFPG,LIQL
10216,KCLT,KLAX
10217,EPWA,EDDM
10218,KOMA,KPHX
10219,KBOS,KLAX
10220,KSTL,KMSP
10221,KCLT,NC48
10222,KLZU,KWDR
10223,EDDF,KIAD
10224,KTEB,KMDW
10225,ZGSZ,PANC
10226,EHAM,UKBB
10227,LHBP,LTFJ
10228,KBOS,KSEA
10229,KBUF,K7N1
10230,KORF,KDFW
10231,LFPO,LPFR
10232,SBBR,SBKP
10233,EBAW,LEAL
10234,EDEW,EDFC
10235,KMCI,KMDW
10236,LFPG,LTFJ
10237,AL16,KDTW
10238,KIAD,KJFK
10239,EPPO,EDDM
10240,ENGM,ENVA
10241,LTAC,LTFJ
10242,KSDF,KORD
10243,KATL,KMIA
10244,KIAD,KSEA
10245,KMSP,KMIA
10246,EDDF,EHAM
10247,LLBG,EDDB
10248,KBUF,KDFW
10249,KJFK,KATL
10250,EHAM,LEIB
10251,KTEB,CYUL
10252,LPPT,GMMN
10253,KBNA,1TN0
10254,KSBD,KSDF
10255,UAAA,UAII
10256,VHHH,YSSY
10257,KHOU,KLAS
10258,LSGG,LPPT
10259,EDDF,RJTT
10260,KJFK,KMIA
10261,CYYZ,KPDK
10262,KBOS,KATL
10263,LEPA,LEBL
10264,KSTL,KMDW
10265,EGSS,LTFJ
10266,LFBD,LSGG
10267,LFMN,LFPO
10268,KCLT,KDTW
10269,YSSY,RCTP
10270,EHAM,EDDM
10271,KMSP,KMCO
10272,EIDW,KORD
10273,EVRA,EPWA
10274,KFTY,KTEB
10275,LFPO,LFML
10276,RJTT,RJBB
10277,KEWR,KBOS
10278,KCLT,KMCO
10279,KATL,KCMH
10280,KFLL,KDTW
10281,KTYR,KDFW
10282,KCLT,KMCI
10283,RPLL,VHHH
10284,EGNR,EDDW
10285,KDTW,KMCO
10286,KBUF,KROC
10287,LEPA,LEBL
10288,LIPZ,EDDM
10289,KGRB,KMSP
10290,LEBL,EPWA
10291,LFPG,KATL
10292,LEIB,LEPA
10293,LIPE,EDDM
10294,LFPG,LFML
10295,LLBG,LFML
10296,KOPF,KFXE
10297,KBOS,KMIA
10298,KDEN,KSDF
10299,KMIA,KEWR
10300,SBRJ,SBSP
10301,KATL,KFLL
10302,VHHH,RCTP
10303,KLGA,KMIA
10304,SBGR,SBVT
10305,EDDF,LGAV
10306,KBOI,KMSP
10307,KMDT,KDFW
10308,KSTL,KDTW
10309,KABQ,KSAF
10310,LOWW,LTFJ
10311,LIML,ELLX
10312,LIME,LMML
10313,EVRA,LIRF
10314,LPPT,EBCI
10315,KCLT,KPHX
10316,EDDF,KSFO
10317,EDDF,EETN
10318,KEWR,KMCO
10319,EKCH,EGLL
10320,KMIA,KMSP
10321,KLAX,KSFO
10322,EDDB,LTFJ
10323,KATL,KMCO
10324,KFLL,KORD
10325,KBNA,KORD
10326,KBDR,KHPN
10327,KATL,KDEN
10328,KSJC,KBOI
10329,KTYS,KPHL
10330,KPHL,KBOS
10331,KMKE,KDTW
10332,ESSA,EKCH
10333,VAPO,VOBL
10334,LIRF,LIML
10335,LOWW,ETSI
10336,KLGA,KMSP
10337,KMCI,KPHX
10338,KDEN,KBNA
10339,KATL,KLGA
10340,KOWD,KPYM
10341,KAPA,KPHX
10342,KATL,KMSP
10343,ENGM,EKCH
10344,RJFF,RJTT
10345,KAUS,KLAX
10346,SBSP,SBRJ
10347,RCTP,KLAX
10348,KBNA,KMDW
10349,KMCI,KLGA
10350,KRDU,NC99
10351,LPPR,LSGG
10352,EDDF,CYYZ
10353,KJFK,KMCO
10354,EKCH,EKYT
10355,LFPG,EDDM
10356,KDTW,KORD
10357,KEWR,KMIA
10358,KMDW,KLGA
10359,LIRF,ENGM
10360,LPFR,LFPO
10361,EDDK,EDDM
10362,KCLT,KDCA
10363,KBNA,02XS
10364,KTUL,KORD
10365,LEPA,EDDF
10366,EDDP,LIMC
10367,K1B9,KPYM
10368,EDDN,LEBL
10369,KMKE,56WI
10370,LEZL,LEBL
10371,KLGA,KBOS
10372,KDAL,KLAX
10373,EGLL,VHHH
10374,LEVX,LEMD
10375,KJFK,KPHX
10376,KABQ,KLAS
10377,KMSN,KDTW
10378,LHBP,EDDM
10379,EDDK,LFPG
10380,LYBE,EHAM
10381,KMSP,KMCO
10382,KFLL,KDTW
10383,EHAM,LPPT
10384,KATL,KEWR
10385,ULLI,UUEE
10386,KLNK,KOMA
10387,KOKC,KATL
10388,OERK,VGZR
10389,LIRF,LIPQ
10390,KMDW,KLAS
10391,EBCI,EPKK
10392,SPJC,KMIA
10393,ESSA,ESGG
10394,KMSN,KATW
10395,ENGM,EKCH
10396,LIEE,LIMC
10397,LPPT,EGLL
10398,KBOS,KFLL
10399,LHBP,LSZM
10400,LEMG,LFPO
10401,KJFK,KCVG
10402,LSZH,EGLL
10403,LEPA,EDDH
10404,KEWR,KCMH
10405,KVNY,KLGB
10406,KORD,KMSP
10407,EGLL,EGAC
10408,EDDL,EDDM
10409,KLGA,KDFW
10410,KFLL,KBWI
10411,LIRF,LIEA
10412,KSTL,KORD
10413,KMIA,KEWR
10414,LFPG,KLAX
10415,KCLT,KSTL
10416,LOWG,EHAM
10417,KSFF,KBOI
10418,KBOS,KCLT
10419,VOBL,OTHH
10420,KCLT,KHOU
10421,KOAK,KVNY
10422,KORD,KBNA
10423,EDDL,LEPA
10424,LEPA,LEBL
10425,KMSN,KORD
10426,KPVD,KPHL
10427,ULLI,UUYY
10428,CYYZ,CYUL
10429,KDAL,KOAK
10430,KCVG,KORD
10431,VHHH,YBBN
10432,KRDU,KDTW
10433,KBWI,KSDF
10434,KDAY,KHPN
10435,KCLT,KATL
10436,LPCS,LPEV
10437,KOMA,KATL
10438,KIND,KORD
10439,EPWA,UKKK
10440,KMIA,KSDF
10441,LFPG,KBOS
10442,KAUS,KMIA
10443,KFLL,KDFW
10444,LIBD,LHBP
10445,PANC,KSEA
10446,EFOU,EFHK
10447,ENGM,LOWW
10448,LIML,LSGG
10449,LROP,LGAV
10450,LEPA,EDDM
10451,FAOR,WSSS
10452,KGRR,KCMH
10453,EPKK,EDDM
10454,KTYS,KDCA
10455,KMKC,KPWK
10456,KBTL,MI56
10457,KORD,KMCO
10458,KPHF,KCLT
10459,KIAH,KSAN
10460,SBGL,KMIA
10461,SBGR,SBGL
10462,UUDD,ULLI
10463,KABQ,KBTF
10464,YPPH,NZAA
10465,EGCC,LIME
10466,KDEN,KMKE
10467,LIRF,EDDL
10468,KTUL,KPHX
10469,KSPI,KDFW
10470,KORD,KEWR
10471,LEPA,EGSS
10472,KCLT,KMIA
10473,KRDU,KLGA
10474,KCLT,KORD
10475,RCTP,VHHH
10476,KBNA,KFLL
10477,EDDW,EDDM
10478,KDAY,KPHL
10479,KGSO,KIAD
10480,KAFF,KAPA
10481,KMSP,KBOS
10482,KDFW,TA37
10483,LOWW,LPPT
10484,KLAX,KEWR
10485,GMMN,LEMD
10486,LFPG,GMMN
10487,EGLL,KMIA
10488,KJFK,KSFO
10489,SBCO,SBKP
10490,CYUL,CYYC
10491,KORF,KBWI
10492,EDDF,OBBI
10493,KFLL,KLAX
10494,KDCA,KBOS
10495,LIPE,LICZ
10496,EHAM,LLBG
10497,KMCI,KSEA
10498,EGKK,LEBL
10499,KMDW,KSAN
10500,LROP,LFPG
10501,KLGA,KBKL
10502,KBOS,KBKL
10503,KBOS,KPVC
10504,CYUL,CYTZ
10505,KMSP,KBWI
10506,KDEN,KLAS
10507,EETN,EFHK
10508,SBSP,SBRJ
10509,KHPN,CYYZ
10510,SBKP,SBRJ
10511,KCMI,KDFW
10512,KDFW,KBWI
10513,EGGW,LSGG
10514,KDAY,KDCA
10515,LEPA,LSZM
10516,LEBL,LEIB
10517,RCTP,KSFO
10518,KDTW,KLAS
10519,K33N,DE04
10520,KMMU,K3N6
10521,LKPR,EDDM
10522,KLUK,KTEB
10523,PANC,KORD
10524,KCLT,KSFO
10525,KABQ,KPHX
10526,KRDU,KBNA
10527,KATL,KSEA
10528,KORD,KJFK
10529,KTUL,KDEN
10530,LEMD,LEBL
10531,KAUS,KORD
10532,KMKE,KORD
10533,KHOU,KMDW
10534,SBRJ,SBVT
10535,KDEN,KDFW
10536,KSJC,KHIO
10537,CYUL,KIAD
10538,KBOI,KLAS
10539,SBSP,SBBR
10540,KBNA,KDFW
10541,VHHH,VOMM
10542,KMSP,KORD
10543,WSSS,VOBL
10544,KBOS,KORD
10545,KROC,KBOS
10546,KSYR,KIAD
10547,KSAT,KORD
10548,KEWR,KDFW
10549,LOWS,UUWW
10550,LEBL,LEMG
10551,KCLT,KLGA
10552,KTYS,KEWR
10553,KBOS,KPVC
10554,KBOS,KMVY
10555,KDEN,KLAX
10556,EDDF,KBOS
10557,KOKC,KPHX
10558,KLGA,KCMH
10559,LFPO,LFKJ
10560,CYUL,CYVR
10561,YBCG,YMML
10562,KEWB,MA72
10563,KSTL,KORD
10564,KDTW,KLAS
10565,VABB,VECC
10566,KPDK,KHPN
10567,KDCA,KSEA
10568,ESSA,ESTA
10569,VECC,VABB
10570,YBBN,VHHH
10571,KMKE,KATL
10572,EIDW,KORD
10573,KOMA,KATL
10574,TJSJ,KJFK
10575,KDEN,KBTF
10576,LEPA,LEMH
10577,EHAM,LEMD
10578,KAUS,KATL
10579,KMSP,KMDW
10580,KTYS,KIAD
10581,KDTW,KDFW
10582,KHOU,KDEN
10583,KSAT,KATL
10584,EGAC,EGLL
10585,SBBR,SBGR
10586,KCLT,KMKE
10587,KPVD,KIAD
10588,CYYZ,KBCT
10589,KJFK,KLAX
10590,EBMB,EDDM
10591,KSTL,KMCO
10592,KMJX,KTTN
10593,LKPR,EDDF
10594,EGKK,LEPA
10595,KMIA,KATL
10596,KBOS,MMUN
10597,KDEN,KCMH
10598,KAZO,KORD
10599,LIMC,LIBD
10600,KLAS,KDFW
10601,LTFJ,LTAC
10602,KCLT,61NC
10603,EDDF,LMML
10604,KEWR,KRDU
10605,KCLT,KSAN
10606,UWWW,UUDD
10607,KORF,KPHL
10608,KATW,KORD
10609,LEPA,EDDH
10610,UUDD,LOWW
10611,RJFF,RJBB
10612,KBVI,32PN
10613,KFLL,KBWI
10614,VT48,KIAD
10615,KMCI,KLAX
10616,KDTW,KATL
10617,KPHL,KATL
10618,LSZB,LSGR
10619,KE16,KSJC
10620,CYYZ,KIAD
10621,KMDW,KDCA
10622,EDDH,EDDF
10623,RCTP,KSEA
10624,KSDF,KIAD
10625,LFPG,KMIA
10626,KBUF,KPHL
10627,KMKE,56WI
10628,KOSU,KUYF
10629,CYUL,KLGA
10630,KORD,KDFW
10631,KIND,KIAD
10632,KDFW,KBNA
10633,VOMM,VIDP
10634,LEMH,LEBL
10635,LIRF,LIPX
10636,KROC,KEWR
10637,KJFK,KMVY
10638,KDEN,KDAL
10639,KAUS,KSDF
10640,LIMC,EDDP
10641,VABB,VOMM
10642,EKYT,EKCH
10643,SBBR,SBSP
10644,KCMH,KPHL
10645,CYYZ,CYUL
10646,SBSP,SBRJ
10647,KMDW,KOMA
10648,KBNA,KIAD
10649,KFLL,KDEN
10650,KCWA,KDTW
10651,EKCH,EPGD
10652,KDTW,KCLT
10653,LPPT,ELLX
10654,KDAL,KISM
10655,KORD,KMIA
10656,KRDU,KPHL
10657,KDFW,KMIA
10658,CYUL,CYYZ
10659,LTFJ,EDDF
10660,LIEE,LIML
10661,KEWR,KBOS
10662,EDDC,EHAM
10663,KTEB,KHPN
10664,EDDF,CYVR
10665,TJSJ,KMIA
10666,KDEN,KMDW
10667,KGSO,KATL
10668,KBOS,KSDF
10669,KORD,KDFW
10670,KMHT,KIAD
10671,KLNK,NE92
10672,KCLT,KLAS
10673,KDCA,KLGA
10674,WA49,KPDX
10675,KSDF,KPHL
10676,KORD,KIAD
10677,KCMH,KDFW
10678,KSAT,KDFW
10679,KBTL,7MI7
10680,EDDL,LTFJ
10681,SBRJ,SBSP
10682,RJFF,RJTT
10683,EGLL,KORD
10684,KDTW,KATL
10685,LHBP,LFPO
10686,LIEA,LIPE
10687,KPHL,KIAD
10688,EKCH,EKYT
10689,KHSV,KDFW
10690,KDFW,KFLL
10691,KSEA,KORD
10692,KSTL,KBNA
10693,KVNY,KBFI
10694,LMML,LFML
10695,KLGA,KRDU
10696,LFPG,LEMD
10697,ENGM,ENZV
10698,KJFK,KSFO
10699,EDDF,BIKF
10700,KSYR,KPHL
10701,KDTW,KIAD
10702,LEPA,EDDB
10703,ESSA,LEPA
10704,KSAT,KPHX
10705,TJSJ,KJFK
10706,KPWA,KADS
10707,LPPT,LIRF
10708,UKBB,EPGD
10709,KTEB,KPTK
10710,KDEN,KSEA
10711,KHOU,KDAL
10712,LEMD,ELLX
10713,VABB,VECC
10714,KDFW,KPDX
10715,KDFW,KORF
10716,ESSB,ESSN
10717,KATL,KECP
10718,KBNA,KMKC
10719,KSAT,KEFD
10720,LTFJ,EDDS
10721,KPIT,KPHL
10722,KEWR,KBNA
10723,LFPG,LIRF
10724,KOMA,KORD
10725,KDEN,KMCI
10726,LIRA,EDDK
10727,KCMH,KHOU
10728,LEIB,EHAM
10729,KFLL,KEWR
10730,KSTL,KEWR
10731,KDFW,KATL
10732,LHBP,LKPR
10733,KBOS,KIAD
10734,KLOU,6KY6
10735,KIAD,KPVD
10736,KDFW,KLAX
10737,UUEE,LKPR
10738,KDCA,KPHX
10739,KCLT,KPHL
10740,KMSP,KOMA
10741,KCLT,KBKL
10742,KJFK,KSFO
10743,KDAL,KFLL
10744,KGYL,KFCM
10745,ESGG,EDDM
10746,KECP,KATL
10747,EPKK,EPWA
10748,RJFF,RJTT
10749,CYYZ,CYYC
10750,LEMD,LFPO
10751,KFLL,KSTL
10752,KBOS,KMSP
10753,KFLL,KDCA
10754,KAUS,KSFO
10755,KABQ,KLAX
10756,KATL,KVPS
10757,KCLT,KCVG
10758,EDDF,UUEE
10759,KATL,KBNA
10760,LMML,LSZH
10761,KOMA,KSEA
10762,SBRJ,SBSP
10763,EDDV,LEBL
10764,KLDJ,K39N
10765,LFPG,UUEE
10766,KAFW,KLUD
10767,EICK,EHAM
10768,KDTW,KLGA
10769,KGRB,KORD
10770,MA72,KBOS
10771,EGLL,LIPE
10772,LEPA,EDDS
10773,KCLT,KMDT
10774,KATL,KDFW
10775,KRDU,KMDW
10776,KBNA,KLGA
10777,LPPT,SBGR
10778,KORD,KLAX
10779,KBOS,KPHL
10780,EDDB,UUEE
10781,VOBL,VIDP
10782,LIBD,LHBP
10783,EDDP,UUEE
10784,LOWW,EDDF
10785,KDTW,KORD
10786,KDFW,KLAX
10787,KCLT,KATL
10788,EHAM,OMDB
10789,KORF,KATL
10790,KDAL,KATL
10791,KTUS,KRYN
10792,KBWI,KMDW
10793,KATL,KIAD
10794,RJBB,RJTT
10795,KALB,KPHL
10796,KBOS,KMSS
10797,KIAH,KLAX
10798,LROP,LTFJ
10799,KMCO,KMIA
10800,KDFW,KDCA
10801,KTKI,TA06
10802,YSSY,NZAA
10803,KOMA,KPHX
10804,KRDU,KIAD
10805,KBOI,KSEA
10806,KCRQ,KVNY
10807,KCOS,KDEN
10808,KORD,KMCO
10809,KATL,KMCI
10810,KSLC,KSDF
10811,KEWR,KCLT
10812,KCLT,KBOS
10813,KJFK,KLAS
10814,KSGF,KORD
10815,KPNS,KATL
10816,VHHH,RCTP
10817,KDTW,KPHL
10818,KSAT,KBNA
10819,KJFK,MMUN
10820,KDEN,KBOS
10821,KDFW,KATL
10822,UUDD,UMMS
10823,KATW,KMSP
10824,KATL,KSDF
10825,OBBI,VOBL
10826,LFPB,EGGW
10827,KFLL,KATL
10828,KPHL,KFLL
10829,KDFW,KPHX
10830,KCLT,KMSP
10831,KORD,KBNA
10832,KGRB,KDTW
10833,EHAM,BIKF
10834,KMCI,KLAS
10835,SBKP,SDJN
10836,SBSP,SSJC
10837,KDAY,KIAD
10838,SBBR,SBSP
10839,KATL,KBOS
10840,KORD,KLGA
10841,YSSY,YMML
10842,LEMG,LEBL
10843,KDEN,KORD
10844,KJFK,KDEN
10845,KBTL,MI77
10846,KLOU,3IN6
10847,KDFW,KPNS
10848,WBKK,WBGM
10849,RCTP,PANC
10850,KIAD,KEWR
10851,KAUS,KSAN
10852,KSTL,KBWI
10853,LROP,LOWW
10854,EHAM,EFHK
10855,KOMA,KDFW
10856,OI34,7OA7
10857,UUEE,EHAM
10858,KCMH,KSEA
10859,KDAL,KATL
10860,WSSS,VOMM
10861,KATL,KPHL
10862,KDFW,KDEN
10863,KSTL,KATL
10864,SBBR,SSJC
10865,KATL,KAFW
10866,GOGG,GOBD
10867,LIBD,EDDM
10868,KPHX,KDFW
10869,KIAH,KLAX
10870,KMSN,56WI
10871,KCLT,KBOS
10872,SBVT,SBGR
10873,KDFW,KSTL
10874,KSLC,KSFO
10875,KIND,KBOS
10876,KMSP,KLAS
10877,KBUF,KIAD
10878,LEPA,EDDL
10879,CYXE,CYYC
10880,KMKE,KPHX
10881,KATL,KDEN
10882,KNSE,K12J
10883,KBNA,KLAS
10884,EGLL,BIKF
10885,EHAM,LEBL
10886,KDFW,MMUN
10887,KCLT,KBWI
10888,KSDF,KDTW
10889,KPHL,KSDF
10890,KHYA,KPYM
10891,KEWR,KCLT
10892,KBWI,KBOS
10893,KJFK,KSRQ
10894,CYUL,CYYZ
10895,KOSU,75OI
10896,KVPS,KATL
10897,KCMH,KIAD
10898,KORD,KPDX
10899,KPIA,KORD
10900,SBBR,SBGR
10901,KFLL,KDEN
10902,ENBR,ENGM
10903,KATL,KHOU
10904,VHHH,PANC
10905,KMSP,KORD
10906,KRDU,KMSP
10907,KDFW,KABQ
10908,MA72,KBOS
10909,KDEN,KPDX
10910,KEWR,KMCO
10911,SBRJ,SBBR
10912,KU42,KU77
10913,KIAH,KSFO
10914,KSEA,KPDX
10915,KFFZ,88AZ
10916,EDDH,EGSS
10917,YSSY,YMML
10918,EDDF,EGLL
10919,KBVI,32PN
10920,KCLT,KIAD
10921,KAUS,KPDX
10922,KPHX,KORD
10923,KATL,KMSP
10924,CYVR,CYYJ
10925,KHOU,KATL
10926,KFCH,KVIS
10927,KBWI,KMSP
10928,SBGR,SBKP
10929,KMKE,KHOU
10930,KMCI,KATL
10931,PANC,KSEA
10932,KDVT,26AZ
10933,KDEN,KBWI
10934,SBRJ,SBVT
10935,EGPH,LIME
10936,KDFW,KSDF
10937,ENGM,EPKK
10938,SBBR,SBRJ
10939,EGLL,VABB
10940,EDDS,LTFJ
10941,KBTL,MI77
10942,KDFW,KSEA
10943,KGEG,KSEA
10944,ENZV,ENVA
10945,VOMM,VIDP
10946,KMIA,SKBO
10947,KSFO,KORD
10948,KJFK,KBUF
10949,KAUS,KPHX
10950,KORD,KCMH
10951,KORD,02XS
10952,KORD,KBOS
10953,CYYZ,CYOW
10954,KDEN,02XS
10955,UUDD,LTFJ
10956,UAAA,UUDD
10957,KORD,KPHL
10958,KATL,KCMH
10959,KATL,KMCO
10960,EPKK,EIDW
10961,LEMD,LROP
10962,UUEE,ULLI
10963,KDCA,KMCO
10964,KDFW,KOMA
10965,ESSB,ESMS
10966,EDDV,LEPA
10967,KBOS,TXKF
10968,KATL,KSEA
10969,KJFK,KLAS
10970,9PS2,KAXQ
10971,KORD,KDEN
10972,4NJ8,KSMQ
10973,LFPG,LPPR
10974,ENGM,ENBO
10975,KBNA,1TN0
10976,KDFW,KORD
10977,KAVP,KIAD
10978,KMSP,KSEA
10979,KBWI,KCLT
10980,KHOU,KLAX
10981,KPHL,0VA3
10982,EHAM,LDZA
10983,KCPS,KTEB
10984,EHAM,LFML
10985,KCOS,KORD
10986,KDFW,KMCO
10987,KATL,02XS
10988,KDEN,KPHX
10989,LIMF,EDDF
10990,KATL,KBWI
10991,KMKE,KBWI
10992,KORD,KLAX
10993,RJFF,RJTT
10994,KLGA,KCMH
10995,97KS,KOJC
10996,LFPG,KIAD
10997,KAUS,KBNA
10998,KJFK,KBOS
10999,KABQ,KATL
11000,KDFW,KMCI
11001,KNSE,KNBJ
11002,CYYZ,CYUL
11003,ENVA,ENGM
11004,KDAL,KBNA
11005,LTAC,LTFJ
11006,KDFW,KRDU
11007,LIRF,EHAM
11008,LEMD,LEMH
11009,KDCA,KATL
11010,KLMO,CD20
11011,EDWI,EDWQ
11012,KATL,KPHX
11013,LTFJ,LSZH
11014,KJFK,KSDF
11015,EDDH,LTFJ
11016,LIPE,LEBL
11017,KCOS,KDFW
11018,KCMH,KCLT
11019,KEWR,KMSP
11020,4GA9,KPDK
11021,KDEN,KORD
11022,KORD,KLAS
11023,KAUS,KBNA
11024,KOMA,NE38
11025,LFPG,CYYZ
11026,KLCK,8OA7
11027,SBCO,SBRJ
11028,KORD,KMSP
11029,KORD,KFLL
11030,KBOS,KDFW
11031,CYYZ,CYXE
11032,KATL,KSEA
11033,LFBO,LFPO
11034,KEWR,KLDJ
11035,EHAM,OMDB
11036,CYUL,KORD
11037,LHBP,EHEH
11038,VECC,VABB
11039,KDFW,KLAS
11040,KMLI,KORD
11041,KBNA,KLAX
11042,KDEN,KLAX
11043,KECP,KDFW
11044,LSZM,LTFJ
11045,KBOS,KORD
11046,LEBL,LEPA
11047,KPHL,KBUF
11048,SBRJ,SBGR
11049,LFPO,LIPZ
11050,KORD,KBWI
11051,LMML,LICZ
11052,KFLL,KSFO
11053,KBMI,KDFW
11054,ULLI,UUDD
11055,K1B9,KPYM
11056,KORD,KMIA
11057,KBOS,KMIA
11058,KBNA,KCLT
11059,KCTJ,KVPC
11060,SBBR,SBGR
11061,KSTL,KPPQ
11062,KMDT,KIAD
11063,KMIA,KLAX
11064,ENZV,ENGM
11065,KALB,KEWR
11066,KORD,KSEA
11067,KMSP,KSAN
11068,TVSC,TBPB
11069,CYYZ,CYYJ
11070,KATL,KPDX
11071,KDEN,KATL
11072,EPKK,EDDF
11073,LEBL,EDDL
11074,CYWG,CYYC
11075,KSAT,KORD
11076,KJFK,EGLL
11077,ZGSZ,ZUCK
11078,EHAM,LHBP
11079,KATL,KIAD
11080,KMSP,KDTW
11081,KDFW,KATL
11082,KPHL,LFPG
11083,KEWR,KORD
11084,KONT,KUTA
11085,KORD,KSFO
11086,KDFW,KSAN
11087,KJYO,KLNS
11088,KPDX,KSEA
11089,KMKE,KDFW
11090,KPHL,KDEN
11091,KDEN,KBNA
11092,KOAK,KBTF
11093,CYYZ,CYOW
11094,KOMA,38NE
11095,LEMD,EDDK
11096,KMIA,KRDU
11097,KDFW,KORD
11098,KEWR,KPHL
11099,KPHL,KCLT
11100,VIDP,VABB
11101,KATL,KSAT
11102,SBGL,SBGR
11103,EDGM,EDFM
11104,KMCI,KATL
11105,LMML,LOWW
11106,KBNA,KATL
11107,KJVL,KDPA
11108,KBWI,KPHX
11109,KMSP,KLGA
11110,KLGB,KPHX
11111,KDFW,KSFO
11112,LEBL,UUEE
11113,06VA,KIAD
11114,KACK,KBOS
11115,LEPA,LEBL
11116,KATL,KSTL
11117,KPVU,KU77
11118,KTUL,KIAD
11119,EGLL,EGCC
11120,EHAM,LFBO
11121,KORD,KTYS
11122,KATL,KMIA
11123,KLGA,KDTW
11124,LIRF,LEMG
11125,LFPG,ENGM
11126,KDFW,KSNA
11127,KMCI,KMIA
11128,KDEN,KMSP
11129,LEIB,LEBL
11130,KISP,KTEB
11131,KJFK,KDFW
11132,KBOS,KLAX
11133,SDCO,SBGR
11134,KMDW,KBNA
11135,KGRI,KDFW
11136,VABB,VOBL
11137,KDEN,KSAN
11138,KONT,KSBA
11139,KPHX,KSDF
11140,EHAM,LIRF
11141,LEMD,LEIB
11142,ENBR,ENZV
11143,KAUS,KDFW
11144,LEBL,LTFJ
11145,KECP,KBNA
11146,KATL,KTYS
11147,KLGA,KSTL
11148,EGGW,EICK
11149,YSSY,NZAA
11150,LEMG,LEIB
11151,KDTW,KMSP
11152,CYYZ,CHD4
11153,LKPR,LSZH
11154,VHHH,PANC
11155,KATL,KEWR
11156,KLZU,4GA9
11157,KMDT,KCLT
11158,KMSP,KDCA
11159,VIDP,VECC
11160,KJFK,KSEA
11161,KDFW,KSAT
11162,KGRB,KORD
11163,KPHL,KMSP
11164,UUEE,EDDF
11165,KRDU,KDEN
11166,EDDL,EHAM
11167,EDDF,KSEA
11168,KORD,KEWR
11169,RCTP,PANC
11170,KATL,KHSV
11171,EDDM,LEPA
11172,KBNA,KSEA
11173,KCMH,KATL
11174,KATL,KPNS
11175,EHAM,EPKK
11176,EGKK,LMML
11177,LSZM,LPPT
11178,KJFK,TXKF
11179,RJTT,RJBB
11180,KDFW,KOKC
11181,FALA,FACT
11182,KORD,KATL
11183,KMDW,KDAL
11184,KTYS,KDFW
11185,KSAT,KPHX
11186,KATL,KMDW
11187,LEBL,UKBB
11188,KGEG,KSEA
11189,KBOS,KDCA
11190,KPTK,4MI0
11191,KROC,KIAD
11192,KPHX,KPHL
11193,LJLJ,EDDF
11194,VIDP,VABB
11195,KSDF,KDCA
11196,KOSH,KGRB
11197,EKCH,LEPA
11198,KPIT,KPSB
11199,KATL,KDCA
11200,CYUL,KJFK
11201,KORD,KPDX
11202,KMHR,KSDF
11203,LLBG,EBBR
11204,KDFW,KCVG
11205,KATL,KDAL
11206,LEAL,EGGD
11207,LIML,LICZ
11208,LFPO,LFBO
11209,EGSS,EPMO
11210,KMKE,KORD
11211,KIAD,KDEN
11212,KMSP,KBOS
11213,PANC,KORD
11214,EGNR,EDHI
11215,KMIA,MGGT
11216,KDMW,KGAI
11217,LSGG,LTFJ
11218,ULMM,UUWW
11219,LOWW,LIRF
11220,EDDF,KORD
11221,KPNS,KDFW
11222,KORD,KBNA
11223,KNSE,K12J
11224,KRDU,KMCO
11225,ENZV,ENGM
11226,KDFW,KVPS
11227,1TN0,KBNA
11228,LFPO,LTFJ
11229,8TN5,KBNA
11230,KORD,KSEA
11231,KSDF,KDFW
11232,KPHX,KPDX
11233,KDVT,KPAN
11234,SBBR,SBRJ
11235,LPPT,LPPD
11236,KBWI,KMIA
11237,KDFW,KPHL
11238,KJFK,KSAN
11239,SBGR,SBRJ
11240,KHPN,KVNY
11241,KMCI,KDFW
11242,KBOS,MA55
11243,KSTL,KDFW
11244,LIME,LEBL
11245,KMIA,KPHX
11246,19NC,KIGX
11247,SBBR,SBGR
11248,VIDP,VABB
11249,KMSP,KLAS
11250,KIND,KATL
11251,KNSE,K12J
11252,KATL,KOMA
11253,KDEN,KSAT
11254,LYBE,EDDF
11255,LEMG,EKBI
11256,KSYR,KSDF
11257,KBFI,KSDF
11258,KDTW,KMIA
11259,KDCA,KMCO
11260,KIAH,KLAX
11261,LFPG,EDDF
11262,KVNY,KLAS
11263,EDDF,CYUL
11264,NZAA,NZCH
11265,EDDS,EVRA
11266,KDFW,KLGA
11267,KDTW,KMDW
11268,KATL,02XS
11269,KORD,KSEA
11270,KJFK,PANC
11271,KAUS,KSJC
11272,KRDU,KMIA
11273,KSFO,KPHX
11274,LPPR,LFPO
11275,KDEN,KHOU
11276,KPHL,KCVG
11277,KORD,KMCO
11278,LDZA,EGLL
11279,KDTW,KMKE
11280,VIDP,VABB
11281,EDDF,LOWG
11282,LFPG,OMDB
11283,KFLL,KDFW
11284,KORD,KDCA
11285,KNSE,K12J
11286,KDFW,KLGA
11287,KEWR,KMIA
11288,EHGG,EHTE
11289,KORD,KSDF
11290,KORD,KROC
11291,KDTW,KMCI
11292,LSZH,EDDF
11293,EPWA,LSZH
11294,KABQ,KOAK
11295,KAUS,KSFO
11296,KMMU,KHPN
11297,KDEN,KSDF
11298,KATL,KORF
11299,KPHL,KMCO
11300,KPHX,KSAN
11301,KBOS,KHPN
11302,ESSA,BIKF
11303,K33N,KMIV
11304,KLGA,KATL
11305,KMTN,MD48
11306,VOBL,VIDP
11307,WMKK,WSSS
11308,KEWR,KSDF
11309,KPHL,KSDF
11310,KSTL,KORD
11311,KATL,KMDW
11312,KABQ,KDFW
11313,KTEB,KROC
11314,CYUL,CNV9
11315,KLAX,KEWR
11316,ULLI,UUWW
11317,KAUS,KLAX
11318,KDCA,KECP
11319,KNSE,K12J
11320,KMSP,KATL
11321,KBOS,KATL
11322,KORD,KDTW
11323,KHOU,KBNA
11324,KPHL,KMKE
11325,KPHX,KSDF
11326,KSAT,KSDF
11327,LIMC,OMDB
11328,SBVT,SBSP
11329,VHHH,WSSS
11330,KDTW,KMSN
11331,KOAK,KPHX
11332,KHND,KAPA
11333,KORD,KBUF
11334,EHAM,LFPG
11335,LEPA,EDLW
11336,EBBR,ESSB
11337,KDTW,KCMH
11338,KDEN,KMSP
11339,KDFW,KPHX
11340,KJFK,KBOS
11341,EHAM,ESSA
11342,EGKK,EGPH
11343,KATL,KMIA
11344,LHBP,LSZM
11345,KMCI,KBNA
11346,KEWR,KSEA
11347,KAUS,KLAX
11348,KMIA,KDCA
11349,KFLL,KLAS
11350,ESSA,ESNZ
11351,KCLT,KBWI
11352,LSZH,EVRA
11353,EPKT,EDDF
11354,KIAH,KLAX
11355,KORD,KATL
11356,KDAL,KFTW
11357,KSEA,KPHX
11358,KDCA,KBNA
11359,UKBB,LOWW
11360,KYKM,KSEA
11361,KDTW,KOMA
11362,EGLL,UUEE
11363,KBWI,KSTL
11364,KEWR,KMCO
11365,KMCO,KMIA
11366,CYWG,CYYC
11367,KDFW,KLAS
11368,KMSP,KPHX
11369,LEPA,LFFI
11370,KDFW,KDAY
11371,KBNA,KBOS
11372,KABQ,KORD
11373,LSZB,LSZG
11374,LFBD,LEBL
11375,LFBO,LFPG
11376,LIML,EDDK
11377,KATL,KSRQ
11378,KORD,KMSP
11379,EDDF,LEMG
11380,KMCI,KORD
11381,VHHH,PANC
11382,EGAA,EGGW
11383,KATL,KPHX
11384,LIRF,EGLL
11385,KDAY,KORD
11386,KEWR,KIAD
11387,KAUS,KDAL
11388,EGLL,OTHH
11389,KBOS,KORD
11390,SBGR,LIRF
11391,KLGA,KCLT
11392,KIND,KORD
11393,SBRJ,SBSP
11394,KSTJ,KSUS
11395,KATL,KMKE
11396,KBTL,MI77
11397,VIDP,OTHH
11398,EHAM,RJBB
11399,EINN,EGNX
11400,KSDF,KATL
11401,KEWR,KLAS
11402,KDTW,KBUF
11403,KPHX,KNYL
11404,KFLL,KORD
11405,KORD,KPIT
11406,EGLL,UUDD
11407,KPHL,KDTW
11408,LEBL,LIEE
11409,KRDU,KBWI
11410,45OH,KI69
11411,KDTW,KSEA
11412,KTTN,KSMQ
11413,EDDF,LEPA
11414,GMMN,LFPG
11415,KATL,KSAN
11416,KJFK,KMCO
11417,KFTG,9CO7
11418,KMSP,KDFW
11419,LFPO,LGAV
11420,ENGM,ENHD
11421,KORD,KCVG
11422,KBOI,ID44
11423,KNSE,KNBJ
11424,KBOS,KMCO
11425,LFPB,LIML
11426,CYYZ,KEWR
11427,KSAT,4TS8
11428,ESSA,EETN
11429,KDTW,KDFW
11430,KDFW,KEWR
11431,KFDK,KDMW
11432,KAUS,KEWR
11433,KOMA,KLAS
11434,KORD,4IL8
11435,EGPH,EGLL
11436,EDDB,LICZ
11437,LEAL,EIDW
11438,KPVD,KORD
11439,KSDF,KBWI
11440,KDCA,KRDU
11441,KDTW,KLAS
11442,KFRG,KTEB
11443,EGLL,EICK
11444,KDFW,KUTA
11445,KRDU,KATL
11446,LFMN,LFPO
11447,KEUL,ID00
11448,KNSE,0AL5
11449,KBOS,KBKL
11450,KOAK,KLAS
11451,YMML,NZAA
11452,LSZH,EDNY
11453,KDTW,KPHX
11454,LFPG,BIKF
11455,CYYZ,CYYB
11456,EKCH,LEMG
11457,KAPA,KCOS
11458,KATL,KDFW
11459,LEBL,LSZM
11460,KLMO,CD20
11461,VIDP,VOMM
11462,LEPA,EDDN
11463,SC32,KAND
11464,DE04,K33N
11465,KBOS,KTEB
11466,KADS,KASG
11467,KMSP,PANC
11468,KBOI,KSFO
11469,KLGA,KBNA
11470,LEAL,EIDW
11471,KATL,KCVG
11472,VHHH,OTHH
11473,KDCA,KLAS
11474,SBGL,SBGR
11475,KOKC,KORD
11476,EPWR,EDDF
11477,KDEN,KSEA
11478,LEBL,LFPO
11479,KNSE,K12J
11480,KDFW,KMSP
11481,KDEN,KOAK
11482,SBCO,SBGR
11483,LEZL,LEPA
11484,KORD,KSAN
11485,KLAX,KBWI
11486,KDTW,KSFO
11487,LSGG,EDDB
11488,KDTW,KDAY
11489,EHAM,ENGM
11490,LFBD,LFPG
11491,KTUL,KORD
11492,KCLT,KDFW
11493,ESSA,ESGG
11494,EGAA,EGNT
11495,LIMF,LIRF
11496,KTYS,KBNA
11497,UKBB,EDDM
11498,LIMC,OMAA
11499,YBBN,VHHH
11500,RPLL,YSSY
11501,KOAK,KSDF
11502,KEWR,KORD
11503,KMIA,KEWR
11504,LEMD,LEBL
11505,KABQ,NM02
11506,KATL,KDAY
11507,EGAA,EGGP
11508,EIDW,KBOS
11509,KLGA,KEWR
11510,EDDF,OMDB
11511,KRDU,KDEN
11512,KADS,KF69
11513,LDZA,EDDK
11514,CYYZ,KORD
11515,LROP,LOWW
11516,LIPZ,EDDF
11517,KORD,KHPN
11518,KPHL,KDEN
11519,KPHL,KTYS
11520,EDDB,EDDF
11521,EHAM,OMDB
11522,LSGG,EDDN
11523,LIRF,LICZ
11524,KDEN,KSEA
11525,KCLT,KBNA
11526,KDCA,KEWR
11527,KEWR,KMIA
11528,LFPG,CYUL
11529,KCPS,7IS2
11530,LFPO,LEMD
11531,KBOS,KLAS
11532,LEIB,LEMD
11533,KIAD,KLAX
11534,KTYS,KATL
11535,KBWI,KCLT
11536,KDCA,KHSV
11537,EKRN,EKCH
11538,EPKK,EGSS
11539,CYYZ,CYOW
11540,KPHL,KDFW
11541,KDTW,KSDF
11542,KDFW,KMCO
11543,KEWR,KPHX
11544,KGXY,KFNL
11545,KMDW,KPHX
11546,ZGSZ,ZUCK
11547,KPVD,KEWR
11548,KBNA,KLGA
11549,KSAT,4TS8
11550,EIDW,KJFK
11551,EDDM,EDDK
11552,EHAM,CYUL
11553,KORD,KALB
11554,KMDT,KPHL
11555,KSTL,KOMA
11556,EGPD,ENBR
11557,KMIA,KLAX
11558,ULLI,UUEE
11559,KORD,KFLL
11560,KPHL,KDAY
11561,KATL,KLAS
11562,LFRS,LEBL
11563,KAUS,KMDW
11564,KPHL,KCMH
11565,EGCC,LMML
11566,LEMD,LIPE
11567,KMCI,KHOU
11568,KBDR,KHPN
11569,KCLT,KORF
11570,KHPN,KLKP
11571,KCMI,KORD
11572,LEBL,UKBB
11573,KJFK,KCLT
11574,KMDW,KLAS
11575,KMSP,KMCI
11576,EGLL,EGPH
11577,KATL,KBKL
11578,KJFK,KFLL
11579,VECC,VOMM
11580,KLNK,KORD
11581,VGZR,OTHH
11582,KHOU,KSTL
11583,KLGA,KFLL
11584,KATL,KLAS
11585,KLAS,KCLT
11586,KORD,KSFO
11587,KAUS,KSAN
11588,KEWR,KOAK
11589,KDFW,KJFK
11590,ESGG,EDDF
11591,CYUL,CYYZ
11592,KBED,KHPN
11593,YSSY,YMML
11594,LOWW,LSZH
11595,KMSP,KMCO
11596,KLAX,KLAS
11597,KBWI,KMCI
11598,EIDW,LFPG
11599,KORD,KMCO
11600,EHAM,LFBD
11601,EGJA,EGHI
11602,KDTW,KSAT
11603,UAAA,UKBB
11604,KDEN,KDFW
11605,EGCC,EKCH
11606,KPWK,KPTK
11607,KGPH,KMKC
11608,KADS,KF69
11609,KSTL,KSEA
11610,KDCA,KCLT
11611,EGSS,EIDW
11612,KFLL,KORD
11613,KJFK,KSAN
11614,EKCH,BIKF
11615,KORD,KMSN
11616,YBBN,YMML
11617,KVPS,KDFW
11618,KMSP,KMKE
11619,EGLL,EDDM
11620,LIME,LMML
11621,75XS,XS40
11622,KLAX,EDDP
11623,PAEN,PANC
11624,LIRF,EDDF
11625,KATL,KSFO
11626,KBOI,KSEA
11627,KORD,KOKC
11628,KHSV,KORD
11629,KJFK,KORD
11630,KDTW,KSAN
11631,KMKC,KSTP
11632,CYQQ,CYYC
11633,KMDW,KSTL
11634,CYYC,KDFW
11635,KHOU,KUTA
11636,LKPR,LTFJ
11637,KFLL,KFXE
11638,EHAM,EPWA
11639,SBRJ,SSJC
11640,KATL,KDTW
11641,KBOS,KDCA
11642,SBGR,SKMA
11643,KMMU,KIAD
11644,KPHL,KBNA
11645,VOMM,VOBL
11646,EIDW,EPPO
11647,LSZH,KIAD
11648,SBSP,SSJC
11649,KDCA,KLAX
11650,KDEN,KBTF
11651,ENVA,ENGM
11652,LEMG,LKPR
11653,CYYZ,KBKL
11654,KAFW,3TX2
11655,KADS,KJWY
11656,KPDX,KOAK
11657,KDEN,KDTW
11658,KLGA,KSTL
11659,KATL,KMCI
11660,KSEA,KBNA
11661,ESSA,LEMD
11662,LHBP,LSZH
11663,EDDL,UUEE
11664,KMCI,KORD
11665,KPHL,KRDU
11666,KBNA,KORD
11667,KBOS,KSFO
11668,LPPR,LPPT
11669,KJFK,KATL
11670,KBOS,KSLK
11671,KLGA,KBKL
11672,KIND,KMSP
11673,KDFW,KMSP
11674,KPHL,KSAN
11675,KDTW,K8C4
11676,KATL,KBKL
11677,LFPG,KJFK
11678,ENGM,ENVA
11679,KBOI,KOAK
11680,KLAS,KSJC
11681,KSAT,KDAL
11682,KMIA,KDFW
11683,KORD,KSTL
11684,KATL,KMIA
11685,CYVR,CYCD
11686,KTYS,KDEN
11687,LHBP,EDDF
11688,KSFO,KSAN
11689,KMSP,KCMH
11690,KBOS,KMIA
11691,KLAX,KDTW
11692,KDTW,KSTL
11693,UUWW,UWLL
11694,SPJC,KMIA
11695,EDDB,LEMG
11696,EGLL,KBOS
11697,KCLT,KBNA
11698,KJNX,KRDU
11699,KSGF,KSUS
11700,KATL,KMKE
11701,KSEA,KATL
11702,KNSE,KMVC
11703,KSUS,KDAL
11704,LIMC,EDDF
11705,VAPO,VIDP
11706,KBNA,KLAX
11707,KORD,KCMY
11708,KPDX,KPHX
11709,KDCA,KSRQ
11710,KMIA,KBOS
11711,ENBR,ENGM
11712,LFRS,LFPG
11713,KBOI,KLAX
11714,KTUL,KDAL
11715,LLBG,UKBB
11716,KDAL,KHOU
11717,KABQ,NM49
11718,EPGD,EDDH
11719,UKBB,EVRA
11720,KMSP,KCVG
11721,KMDW,KOAK
11722,KIND,KEWR
11723,KMSP,KJFK
11724,KSLC,KLAX
11725,LFPG,LKPR
11726,KFLL,KLAX
11727,KVNY,KPHX
11728,LEPA,EDDK
11729,LFPG,LEMD
11730,EDDF,LTFJ
11731,KRDU,KPDK
11732,LTAC,EDDS
11733,KIAD,KLGA
11734,KCPS,83LL
11735,KDTW,KMCO
11736,KORD,KSEA
11737,KSFO,KLAX
11738,KBOS,KBNA
11739,LEBL,EHEH
11740,KBOI,KSFO
11741,EKYT,EKCH
11742,LPPT,LFML
11743,KABQ,NM01
11744,KPYM,K1B9
11745,EVRA,LFPG
11746,CYYZ,CYYB
11747,LEAL,EKCH
11748,CYVR,CYYZ
11749,EHEH,LPPR
11750,KATL,K9A4
11751,EGPH,EIDW
11752,KDVT,KPAN
11753,EHAM,ENBR
11754,KPHX,KSAN
11755,KLGA,KMCI
11756,KEWR,KSDF
11757,EDDL,LEIB
11758,KLOM,KLNS
11759,LSZH,LPPR
11760,KDAL,KLAS
11761,KOMA,KORD
11762,KLAS,KDTW
11763,KAPA,KOKC
11764,CYYJ,CYYC
11765,KPHL,EGSS
11766,LFLY,LFLB
11767,LEIB,LEMD
11768,KSGF,KORD
11769,KXNA,KORD
11770,KMKE,KMKC
11771,KDVT,KPAN
11772,LIMC,LICZ
11773,KPHL,EGNX
11774,SBRJ,SBGR
11775,KHOU,KDFW
11776,KBNA,KMSP
11777,ENBR,ENHD
11778,KIND,KDEN
11779,RJTT,CYVR
11780,KABQ,KDAL
11781,KATL,KLGA
11782,ENZV,EKCH
11783,LKHK,LKTC
11784,KSBA,KDFW
11785,KOKC,KATL
11786,KSLC,KLAX
11787,KMSP,KSTL
11788,EDDN,LOWW
11789,KLAS,KATL
11790,KHPN,KTEB
11791,KSMF,KSEA
11792,KEWR,KSAN
11793,06VA,KSHD
11794,KNSE,KGZH
11795,KLAX,KSWF
11796,KILN,KCVG
11797,KPHX,KATL
11798,KDVT,KMYF
11799,KBOS,KLAX
11800,KPDX,KSJC
11801,KDCA,KSTL
11802,KDEN,KOMA
11803,YSSY,YMML
11804,KNPA,18FD
11805,KCLT,KMCO
11806,KDPA,59IL
11807,KCPS,K1H3
11808,KLGA,KRDU
11809,LMML,LSZH
11810,KMSP,KSDF
11811,LEMG,EHAM
11812,KMIA,KSFO
11813,KSEA,PANC
11814,KSAT,KDFW
11815,KJYO,KOKV
11816,0TS2,KAFW
11817,CYOW,CYVR
11818,LIRF,LSZH
11819,CYVR,CYYJ
11820,LIME,ELLX
11821,KAPA,KDVT
11822,KCMH,KTEB
11823,KCLT,KALB
11824,KPWA,KRVS
11825,KMSP,PANC
11826,KBOS,KEWR
11827,KSAC,KTVL
11828,LIEE,LIRF
11829,YMML,YBBN
11830,KEWR,KFLL
11831,KORD,KLAX
11832,KDAL,KMDW
11833,KSFO,KLAX
11834,KSMF,KPHL
11835,LPPD,LPPR
11836,KSDF,KORD
11837,EIDW,LPFR
11838,CYYZ,KTEB
11839,KTUS,KPHX
11840,EDJA,LFPB
11841,KRDU,KCLT
11842,KLAX,KATL
11843,EGLL,LFML
11844,KJFK,EBLG
11845,KDTW,KCVG
11846,KCLT,KPHX
11847,KNSE,K12J
11848,KBNA,02XS
11849,EDDH,EHAM
11850,KMIA,KEWR
11851,KMSP,KORD
11852,KBWI,KSRQ
11853,KLAS,KDAL
11854,47PA,KIAD
11855,KABQ,KLAX
11856,KFFZ,KE63
11857,KCPS,2IL7
11858,KDTW,KPIT
11859,KATL,KLAX
11860,KPHX,KLAX
11861,KLGA,KORD
11862,LEPA,LSGG
11863,EETN,LFPG
11864,KISP,03NY
11865,KORD,KATW
11866,KMVY,KBOS
11867,KSEA,KLAX
11868,CYYC,CYVR
11869,KVGT,KU08
11870,KCLT,KCMH
11871,LIPE,LROP
11872,KCOS,KBTF
11873,KATL,KSYR
11874,KDTW,KATL
11875,KBWI,KFLL
11876,KMSP,KBNA
11877,KLGA,KDFW
11878,KBLI,KPAE
11879,KIAH,KATL
11880,EBBR,EDDF
11881,ENVA,ENGM
11882,KCLT,KPHF
11883,FAOR,FACT
11884,KDCA,KATL
11885,KSLC,KSDF
11886,LIML,LIRF
11887,LEBL,LPPT
11888,KHYA,KBOS
11889,YSSY,YBBN
11890,KBVY,NH78
11891,KDEN,KORD
11892,ESGG,ESSB
11893,KABQ,NM49
11894,YBBN,YSSY
11895,CYYC,CYYZ
11896,KDTW,KLGA
11897,KBNA,KDEN
11898,KCLT,KATL
11899,KONT,KSEA
11900,KLAS,KATL
11901,KNSE,KGZH
11902,KMSP,KDEN
11903,KSEA,KPHX
11904,LIMJ,EHAM
11905,KCLT,KIAD
11906,LEMD,LSZH
11907,LEMG,EHRD
11908,KORD,KCVG
11909,KONT,KSDF
11910,LGRP,LGAV
11911,WMKK,OTHH
11912,04WA,KLAX
11913,KBUF,KBWI
11914,KLAX,KDFW
11915,LSGG,LEBL
11916,KABQ,NM49
11917,LIML,LFPG
11918,KBWI,KFLL
11919,LEBL,LSZH
11920,KAUS,KORD
11921,KOKC,KDFW
11922,KPHX,KAUS
11923,KJFK,KLAX
11924,FAOR,FACT
11925,KBDR,KSNC
11926,KSFO,KMSP
11927,KPDX,KATL
11928,LIPE,LIRF
11929,KSRQ,KATL
11930,KCOS,KLAS
11931,KCLT,KVPS
11932,KONT,KSJC
11933,RJBB,VHHH
11934,ENGM,ENZV
11935,KLAX,KSFO
11936,KATL,KDAL
11937,KATL,KLGA
11938,KPHX,KSFO
11939,KHOU,KDFW
11940,EKCH,EDDF
11941,KNSE,0AL5
11942,EBCI,LFBD
11943,KLAS,KJFK
11944,KDTW,MMUN
11945,KADS,KFTW
11946,KORD,KDEN
11947,VIDP,VABB
11948,KMSP,KEWR
11949,KMVY,KBED
11950,KMIA,KATL
11951,EHAM,LIPE
11952,KCHD,KDVT
11953,KEEN,KBED
11954,KDFW,KSEA
11955,LFBD,LFGC
11956,KCLT,KEWR
11957,VOBL,VABB
11958,YMML,YSSY
11959,LPPR,LFPO
11960,LIRF,KJFK
11961,LDZA,LOWW
11962,KGAI,KDMW
11963,KIWA,KMZJ
11964,KBNA,KATL
11965,KEWR,KSAN
11966,SBBR,SBSP
11967,KJFK,KDCA
11968,LLBG,LEMD
11969,KSFO,KLAX
11970,LEMD,LEAL
11971,KORD,KLGA
11972,KLAX,KORD
11973,KFLL,KORD
11974,NZCH,NZPM
11975,KDTW,KBNA
11976,KBWI,KRDU
11977,KPDX,KSEA
11978,LFPB,EPWA
11979,KORD,KSDF
11980,LFPG,LFPO
11981,KSFO,KSEA
11982,EKCH,EIDW
11983,KOMA,KSDF
11984,EFHK,LFPG
11985,KPWA,KDAL
11986,KMSN,KUES
11987,KDCA,KLAX
11988,KBNA,KOAK
11989,KORD,KCWA
11990,KEWR,KSEA
11991,KPHL,KDEN
11992,LPPT,LIMC
11993,KJFK,KSEA
11994,CYYZ,CYYC
11995,KPHX,KLAX
11996,EGLL,CYYZ
11997,KABQ,KPHX
11998,LEBL,LEIB
11999,KATL,KHPN
12000,CYVR,CYHM
12001,KSEA,KPDX
12002,KLAS,KLAX
12003,KORD,MMUN
12004,KDTW,KORD
12005,KMSP,KDTW
12006,LOWW,UKBB
12007,KPHX,KBWI
12008,KRDU,66NC
12009,LEAL,LEPA
12010,K39N,KMJX
12011,KPDX,KLAX
12012,KORD,KLAS
12013,KORF,KCLT
12014,CYYJ,CYVR
12015,KAUS,KSEA
12016,KDEN,KDFW
12017,KSFO,KATL
12018,CYYZ,CYVR
12019,KEWR,KSFO
12020,LIBD,LIMJ
12021,KATL,KFLL
12022,KBWI,KLAX
12023,LEMD,LPPR
12024,KYKM,KBFI
12025,KMIA,KORD
12026,KABQ,NM49
12027,KCLT,KSAT
12028,KBNA,KMCI
12029,KPHX,KOAK
12030,KSEA,KMSP
12031,KLAX,KPDX
12032,KFTW,KDAL
12033,KSMF,KLAX
12034,EHAM,KATL
12035,KORD,KPNS
12036,KDEN,KSNA
12037,EGLL,EGPD
12038,LSZH,UKBB
12039,KDVT,KE63
12040,LPPR,LEBL
12041,KATL,KMCO
12042,KDFW,KLAX
12043,KSFO,KSAN
12044,KEWR,KDFW
12045,KBED,KPYM
12046,EFHK,LSGG
12047,KABQ,KGNT
12048,EKCH,LEBL
12049,KORD,KEWR
12050,KBWI,KHOU
12051,KDEN,MMUN
12052,KDAY,KORD
12053,KBNA,KECP
12054,KSMF,KSNA
12055,KMIA,KPHL
12056,KBDR,KEWR
12057,KPHX,KDTW
12058,EDDL,LPFR
12059,92KY,KLOU
12060,EGBB,LEBL
12061,EBMB,LGAV
12062,KMSP,KLAX
12063,LEPA,EDDL
12064,LIME,LIMB
12065,ESSA,LEMG
12066,KAPA,KHOU
12067,KBWI,KPVD
12068,EGGW,UUWW
12069,KIAD,KBOS
12070,KBNA,KLAX
12071,KLAS,KLAX
12072,KORD,KLGA
12073,KDEN,KATL
12074,KMAN,ID44
12075,KMIA,KPHX
12076,KMHR,KSDF
12077,CYXX,CYYC
12078,KORD,KAFW
12079,KLOT,KIKK
12080,KTMB,KFXE
12081,KSMF,KBUR
12082,KDFW,KBTF
12083,LEMG,EDDS
12084,KOAK,KBUR
12085,LPPT,LEBL
12086,LFML,LFQQ
12087,KSBA,KSFO
12088,KJFK,KDCA
12089,KTUS,KATL
12090,EFHK,EGLL
12091,KPDX,KSDF
12092,KPHX,KHOU
12093,KBNA,KMIA
12094,KBOS,KSFO
12095,KHYA,KPVC
12096,KEWR,TXKF
12097,KLGA,KSDF
12098,VABB,VIDP
12099,KOMA,7NE6
12100,KDAL,KSAN
12101,KBOS,KMSP
12102,KLAX,KDTW
12103,K39N,KMJX
12104,WMKK,WBSB
12105,KEUL,ID00
12106,LEBL,EGCC
12107,KIND,KJFK
12108,EDXW,EDXF
12109,KONT,KMDW
12110,EPWA,OMDB
12111,KPHX,KLAX
12112,KMSP,KFLL
12113,KCMH,KDEN
12114,LTAC,EDDF
12115,EFHK,EDDM
12116,LEPA,EDDL
12117,KFLL,KDFW
12118,K10C,K3CK
12119,VAPO,VIDP
12120,KSMF,KLAX
12121,KPHX,KDFW
12122,EHAM,LIPZ
12123,LOWG,EDDF
12124,ESSA,LEAL
12125,KJFK,KSDF
12126,KBWI,KDFW
12127,KMIA,KLGA
12128,LFPG,LLBG
12129,KVNY,KWHP
12130,KPHL,KBKL
12131,RJBB,PANC
12132,LSZM,LFBD
12133,KPHX,58AZ
12134,KDAL,KSTL
12135,KBOI,KPHX
12136,KPHL,KPHX
12137,LEMD,LEPA
12138,KLAS,KSAN
12139,KSEA,KOAK
12140,KOAK,KDAL
12141,KMSP,KPSP
12142,LIMC,LOWW
12143,GMMN,LFPO
12144,KDEN,KSNA
12145,KORD,KTUL
12146,KCLT,KPGV
12147,LFML,LFPB
12148,KJFK,KMIA
12149,EDDB,LPPT
12150,KBNA,KLAX
12151,KSMF,KORD
12152,KORD,KDEN
12153,KPHL,EDDK
12154,LEPA,EDDV
12155,LSGG,LSZH
12156,KVNY,KHWD
12157,EGKK,EGAA
12158,KSAC,KEDU
12159,KCLT,KTYS
12160,KMOD,KHWD
12161,KMSP,KORD
12162,KSEA,KLAX
12163,KABQ,NM49
12164,KNYL,KDFW
12165,KATW,KORD
12166,ULMM,UUDD
12167,KJFK,KDFW
12168,KAUS,KATL
12169,KBOS,KPSM
12170,KPHL,KSFO
12171,KATL,KRDU
12172,KATL,KMSN
12173,LIBD,LIML
12174,KORD,KPHX
12175,CYYZ,CNV9
12176,WMKK,WSSS
12177,KORD,KATL
12178,EDDF,OMDB
12179,LIMJ,LIRF
12180,LEBL,LIMC
12181,KONT,KSFO
12182,KSMF,KLAX
12183,KPHX,KDAL
12184,LEMD,EGKR
12185,KPDX,KLAX
12186,KOMA,7NE6
12187,KCOS,KORD
12188,KCLT,KECP
12189,LEPA,LEMH
12190,KMIA,KPHL
12191,EHAM,LOWW
12192,LIRF,LFPO
12193,KBOS,KSLK
12194,EVRA,EDDL
12195,EGLL,KMIA
12196,KLAX,KMSP
12197,KRDU,KTDF
12198,KJFK,PANC
12199,KSEA,KSAN
12200,LSZH,LEPA
12201,KLAS,KSDF
12202,KPHX,KLAS
12203,KFLL,KATL
12204,KCLT,9NR8
12205,LROP,LOWW
12206,KDEN,KPHL
12207,LIRA,LIML
12208,LEMD,EHAM
12209,VHHH,RCTP
12210,KTYS,KPDK
12211,KPDX,KSDF
12212,KPSP,KOAK
12213,KBOS,KSAN
12214,KSMF,KPHX
12215,EFHK,LIRF
12216,KORD,KMCI
12217,KRVS,KOWP
12218,K12J,KNSE
12219,LPPT,LFFI
12220,KLAX,KDAL
12221,BIKF,KORD
12222,KOKC,KSTL
12223,LOWG,LOWW
12224,OK08,KDFW
12225,KSEA,KDTW
12226,KDEN,MMUN
12227,KFLL,KEWR
12228,KMSP,KMDW
12229,KABQ,KPHX
12230,KNSE,KMVC
12231,KEWB,KLWM
12232,KCLT,KRDU
12233,KMIA,KDCA
12234,KORD,KBOS
12235,KSTL,KPDX
12236,CYYZ,KMKE
12237,KBOS,KDTW
12238,KLAX,KSJC
12239,LFPG,LIMC
12240,KATL,KROC
12241,ULLI,UUDD
12242,KFAT,KDFW
12243,K12J,KNSE
12244,CYVR,CYYC
12245,ENZV,ENGM
12246,LEMD,LPPT
12247,KMDW,KHOU
12248,KPHL,KATL
12249,KPDX,KMSP
12250,KHEF,KHWY
12251,KSGF,KDFW
12252,KMSP,KMIA
12253,LEMD,EDDF
12254,LIPQ,LIRF
12255,KBOS,KDTW
12256,KU77,KU14
12257,LLBG,LOWW
12258,KCHO,KIAD
12259,KPSP,KSFO
12260,EFHK,EFOU
12261,EHAM,LSGG
12262,KATL,KORD
12263,KORD,KPDX
12264,LFPG,LGAV
12265,KBVI,1PA5
12266,EKCH,ESSA
12267,LPPR,LPMA
12268,KBOS,KPYM
12269,KTUL,KDFW
12270,KMYF,KPMD
12271,WMKK,NZAA
12272,KSAN,KSEA
12273,KATL,KDEN
12274,SPJC,SPST
12275,KPHL,KORD
12276,KSJC,KLAX
12277,KPDX,KPHX
12278,KLAX,KPHL
12279,SBRJ,SBSP
12280,KMDW,KMCI
12281,KGEG,KYKM
12282,KMDW,K06C
12283,LSGG,OMDB
12284,KJFK,KDFW
12285,KMIA,KBNA
12286,EGNX,LEAL
12287,KATL,KDTW
12288,K1L3,KLAS
12289,LIRF,EDDF
12290,KFAT,KSJC
12291,LEPA,LOWW
12292,KIND,KMSP
12293,LSZH,OMDB
12294,KBFI,KSDF
12295,EHAM,OMDB
12296,KSLC,KLAX
12297,KMDW,KBWI
12298,EFHK,EVRA
12299,KEWR,KBOS
12300,KORD,KSNA
12301,KDFW,KJFK
12302,EKCH,EKYT
12303,KBNA,KPHX
12304,LEAL,EHEH
12305,KLAS,KPHX
12306,KPHL,KLAS
12307,KSEA,KSFO
12308,KSJC,KDFW
12309,KCLT,KSYR
12310,KHWO,KFXE
12311,KPSP,KSEA
12312,KSAN,KLAX
12313,KMSN,KORD
12314,LFPO,LFBO
12315,KOAK,KVIS
12316,KDCA,KDFW
12317,KPDX,KSFO
12318,KADG,KJXN
12319,LEMD,LEBL
12320,EKYT,EKCH
12321,KDAL,KPTK
12322,KPHX,KNYL
12323,LSGL,LSGP
12324,LEIB,LEBL
12325,YSSY,YMML
12326,LROP,EIDW
12327,KLAS,KBNA
12328,VHHH,PANC
12329,KMIA,MMUN
12330,KEWR,KMCO
12331,KSAN,KORD
12332,EFHK,EGCC
12333,EDDB,LFPG
12334,LIRA,LROP
12335,KSJC,KLAX
12336,KLAX,KMIA
12337,KFRG,KBDR
12338,KPHX,58AZ
12339,VOMM,OTHH
12340,KRVS,KPWA
12341,EDDH,OMDB
12342,KPWK,KUES
12343,VMMC,RCTP
12344,KPDX,KONT
12345,RCTP,VHHH
12346,KSMF,KLAX
12347,KMIA,KDEN
12348,KFLL,KATL
12349,LEBL,LIRF
12350,KMSP,KRDU
12351,KLAX,KATL
12352,KLAS,KBWI
12353,KCLT,KLAS
12354,EGLL,KEWR
12355,EDDL,OMDB
12356,LFPN,LFON
12357,LTFJ,LOWW
12358,KHOU,KDAL
12359,LIRF,EPWA
12360,LIBD,LIML
12361,K12J,KNSE
12362,KBNA,KSAN
12363,KSJC,KLAX
12364,KBOS,KCLT
12365,EHAM,EKCH
12366,EKCH,ENGM
12367,KMCI,KMDW
12368,KJFK,SKBO
12369,KDCA,KBOS
12370,KFFZ,KCHD
12371,KCOS,KAPA
12372,KCRQ,KSNA
12373,KLAS,KSFO
12374,LFBD,LSZH
12375,ENBO,ENGM
12376,LROP,LGAV
12377,KPSP,KDFW
12378,KFAT,KLAX
12379,KPDX,KSEA
12380,KLGA,KMKE
12381,KLAX,KMDW
12382,KMDW,KMCO
12383,KBWI,KMKE
12384,KONT,KSDF
12385,EFHK,EHAM
12386,LEMD,LIRF
12387,EHAM,CYUL
12388,KGSO,KCLT
12389,KBNA,KPNS
12390,KDTW,KLAX
12391,WMKK,VOMM
12392,KMVY,KBOS
12393,KMCO,KMIA
12394,KOMA,KSTL
12395,KPHL,KDTW
12396,LIME,LOWW
12397,KCLT,KSRQ
12398,KUYF,KOSU
12399,KEWR,KBFI
12400,UUEE,ULLI
12401,LIEE,LIML
12402,LIRF,LIML
12403,KLAX,KMCO
12404,KSAN,KLAX
12405,LIRA,LPPT
12406,KIND,KOMA
12407,LFPG,GMMN
12408,KBOS,KBNA
12409,KCOS,KLAX
12410,KSFO,KMDW
12411,KABQ,KPHX
12412,YMML,WSSS
12413,LEBL,EHAM
12414,EDDF,LICZ
12415,KBOI,KSEA
12416,KBWI,KSAN
12417,VECC,VOBL
12418,KTUL,KSTL
12419,EDDH,EDDL
12420,KDFW,KSNA
12421,YSSY,YMML
12422,KMIA,KATL
12423,KSAN,KSDF
12424,KORD,KSRQ
12425,KMSN,KMSP
12426,KORD,KDFW
12427,KSYR,KORD
12428,EGLL,VOBL
12429,KLAS,KMSP
12430,LPPT,LPMA
12431,KFAT,KSMO
12432,EIDW,LOWW
12433,KORD,KMSP
12434,VABB,VIDP
12435,KBNA,KDCA
12436,KLAX,KMCO
12437,KDTW,KMSP
12438,LIPE,EBLG
12439,LLBG,EGLL
12440,KIND,KBOS
12441,EHAM,LIML
12442,KONT,KPHX
12443,TLPC,TBPB
12444,KORD,MMUN
12445,LEPA,EDDG
12446,EFHK,ENGM
12447,KSFO,KSEA
12448,CYKA,CYYC
12449,TJSJ,KJFK
12450,KEWR,KDTW
12451,KLAS,KIWA
12452,KJNX,KRDU
12453,EDDS,EDDH
12454,KDAL,KPHX
12455,LPPD,LPPT
12456,RCTP,VHHH
12457,LFPG,LEPA
12458,KPHX,33AZ
12459,KSAN,KMSP
12460,KMSP,KPHL
12461,EIDW,EGLL
12462,KPHL,KSTL
12463,KATL,KORF
12464,KPDX,KSAN
12465,KDVT,KE63
12466,KMDW,K06C
12467,KLAX,KAFW
12468,KEWR,KDEN
12469,LEBL,LEIB
12470,KDFW,KSAT
12471,EKCH,LEMD
12472,KMIA,KJFK
12473,KLAS,KSTL
12474,KMSP,KORD
12475,KCLT,KDFW
12476,PAEN,PANC
12477,KRDU,KORD
12478,KAFW,KAPA
12479,EGLL,LSGG
12480,EPGD,EKCH
12481,LIRF,LIEE
12482,LEMD,LPPT
12483,KDAY,KPHL
12484,KBWI,KVPS
12485,KLOU,28II
12486,KAPA,CO07
12487,LEPA,LSZH
12488,LIPX,LIRF
12489,KPHX,KSJC
12490,EFHK,EETN
12491,LEMD,EBBR
12492,KLAS,KMDW
12493,KCLT,KCMH
12494,WSSS,OTHH
12495,KDFW,KHOU
12496,KPHL,KATL
12497,KDCA,KDTW
12498,LEBL,LFPG
12499,LSZB,LSZG
12500,KJFK,KFLL
12501,KRDU,KDTW
12502,KNSE,K12J
12503,LIBD,LIPH
12504,KSJC,KSAN
12505,LPPT,LOWW
12506,RJTT,YSSY
12507,EGAC,EGCC
12508,KLAX,KSDF
12509,EDDH,LEPA
12510,KHYA,KFMH
12511,KORD,KDTW
12512,KEWR,KMCO
12513,KBOI,75DC
12514,KDAL,02XS
12515,KIND,KEWR
12516,KDEN,KATL
12517,KLGA,KORD
12518,KDFW,KTUL
12519,SPJC,KMIA
12520,KBOS,KATL
12521,KRDU,KHNZ
12522,EDDB,LEPA
12523,LEPA,EDDM
12524,LFPG,KEWR
12525,LEMH,LEPA
12526,LEMD,EDDM
12527,K33N,14PS
12528,KORD,KDFW
12529,KEWR,KLAX
12530,KPDX,PANC
12531,KSJC,KLAX
12532,LEIB,LEBL
12533,KMDW,KMSP
12534,KFLL,KLAX
12535,VOBL,VABB
12536,KLAX,KOAK
12537,KSTL,KDEN
12538,KCLT,KABE
12539,KSFO,KPHX
12540,KBUR,9CA0
12541,KPHL,KORF
12542,LIRF,LFPG
12543,KMIA,KLAS
12544,KCLT,KPNS
12545,LEPA,EDDK
12546,KONT,KDEN
12547,KSMF,KMDW
12548,LIPE,LEBL
12549,LKPR,LHBP
12550,KEWR,KATL
12551,GMMN,EBBR
12552,EDDF,LEPA
12553,KBOS,KDCA
12554,KIAD,KLGA
12555,KDAL,KHOU
12556,KSBA,KLAX
12557,KBJC,KGXY
12558,EGPH,EIDW
12559,VABB,VIDP
12560,KIND,KLAX
12561,KCLT,KORD
12562,LPPT,LLBG
12563,KATL,KOKC
12564,KDFW,KSFO
12565,KFLL,3NK5
12566,VOMM,VECC
12567,KMSN,KPHX
12568,LEAL,EHRD
12569,LFPO,LFBO
12570,KPIE,KABE
12571,KT31,1TE8
12572,LEMD,SKBO
12573,LIML,LMML
12574,KOAK,KMDW
12575,KDFW,KCMH
12576,KBOI,KDFW
12577,KCMA,KVNY
12578,LLBG,EBBR
12579,KLAX,KSFO
12580,KLAS,KATL
12581,ZGSZ,ZUCK
12582,KATL,KPHL
12583,KRDU,KEWR
12584,KSMF,KLAS
12585,KBNA,KVNY
12586,KDAL,KDCA
12587,LIPZ,LICZ
12588,VABB,VOBL
12589,KMDW,KDTW
12590,LOWW,OMDB
12591,KADS,TA06
12592,KSTL,KORD
12593,KORD,KSDF
12594,KLAS,KLAX
12595,KSAN,KOAK
12596,KONT,KPHL
12597,UAAA,UAII
12598,KOAK,KSDF
12599,KDFW,KOKC
12600,LEPA,EDDK
12601,LIPZ,LFPG
12602,KIND,KMKE
12603,KDEN,KSJC
12604,KORD,KSAT
12605,KDFW,KATL
12606,KEWR,KSTL
12607,MA72,KBOS
12608,KBOS,KCLT
12609,KBTL,MI77
12610,KS67,KMAN
12611,KPDX,KORD
12612,LPPT,SBGR
12613,SBVT,SBKP
12614,KMDW,KSEA
12615,KDEN,KDAL
12616,KMIT,KAPC
12617,KFTT,KORD
12618,K12J,KNSE
12619,1PA5,32PN
12620,KEWR,KDTW
12621,KSLC,KOAK
12622,LIEE,LIME
12623,KORD,KPHL
12624,KTEB,KFLL
12625,KSMF,KSAN
12626,LEPA,EDDN
12627,EFHK,ESSA
12628,KBNA,KMDW
12629,CYUL,CYQB
12630,LFPG,EGPH
12631,KLAX,KPDX
12632,KSAN,KSJC
12633,KBED,KBOS
12634,KTYS,KMIA
12635,KCLT,KBKL
12636,EDDH,LEPA
12637,KDAL,KLGA
12638,KDEN,KLAX
12639,MD48,KMTN
12640,KFLL,KJFK
12641,KPHX,KSAN
12642,LPPT,EDDM
12643,KFRG,KHPN
12644,SBCO,SBGR
12645,LIPE,LIBD
12646,KMIA,KBWI
12647,CYVR,CYYJ
12648,KSFO,KBOI
12649,KDFW,KBOI
12650,LSZM,LFMN
12651,KSDF,KDEN
12652,KFAT,KLAS
12653,KEWR,KSFO
12654,EBCI,LEBL
12655,KOMA,14NE
12656,LEMD,LEPA
12657,KSBP,KPHX
12658,SKBO,KMIA
12659,LPFR,EGSS
12660,KVPS,KCVG
12661,OI34,7OA7
12662,KPNE,KPHL
12663,KDAL,KSAT
12664,LEBL,LPPT
12665,KLAS,KORD
12666,KONT,KSBP
12667,KLAX,KSFO
12668,CYXE,CYYZ
12669,VECC,VOMM
12670,RPLL,WSSS
12671,9LL0,KSTL
12672,KIAD,KEWR
12673,EDFZ,EDFE
12674,KFWS,3XA8
12675,EKCH,ENGM
12676,KAFW,3TX2
12677,EGJB,EGKK
12678,KSMF,KLGB
12679,KBOS,KPVC
12680,LEPA,LSGG
12681,KATL,KLAX
12682,KDEN,KCVG
12683,KATL,KPNS
12684,KDFW,KPHL
12685,LSZM,LSZH
12686,LSZH,LPPR
12687,KIWA,KCRQ
12688,KLDJ,NJ98
12689,KOAK,KHOU
12690,KIND,KLCK
12691,LOWW,LEBL
12692,LIML,LIEE
12693,LSMD,LSZB
12694,KMIA,SKBO
12695,KSAN,KEWR
12696,EHEH,LEMG
12697,KAPA,KGXY
12698,GMMN,LEMG
12699,KPHX,KSDF
12700,SBSP,SBRJ
12701,KDEN,KMSP
12702,LEMD,KEWR
12703,LIMC,LICZ
12704,LFPG,LIPZ
12705,CYVR,CYCD
12706,KORD,KOMA
12707,CYYC,CYYZ
12708,EHRD,LEMG
12709,KDCA,KFLL
12710,EFHK,ESSA
12711,KBWI,KSAT
12712,KOMA,KATL
12713,KHPN,KBNA
12714,ENGM,OTHH
12715,KDAL,KABQ
12716,UAII,UAAA
12717,LEZL,LEBL
12718,KLOM,KTEB
12719,KFLL,KDAL
12720,KDFW,KTYS
12721,KIND,KORD
12722,ELLX,LSGG
12723,KPHL,KBOS
12724,KEWR,KCLT
12725,KMDW,KSJC
12726,UUWW,ULLI
12727,LIMC,LSGG
12728,SBCO,SBKP
12729,LEMD,LFML
12730,KSEA,KSNA
12731,KONT,KDFW
12732,KJFK,KRDU
12733,KBUR,KSBP
12734,KDVT,KPSP
12735,EHAM,LSZH
12736,IN93,KORD
12737,SBRJ,SBKP
12738,9MI6,KPTK
12739,KOAK,KSDF
12740,K06C,KUGN
12741,KATL,KBWI
12742,LSZH,EDDL
12743,KMDT,6PA3
12744,KRDU,KTDF
12745,KBOS,KROC
12746,KEWR,KBOS
12747,KPHL,AL16
12748,KDTW,KORD
12749,KSMF,KPHX
12750,KORD,KFAT
12751,KOAK,KAFW
12752,KATL,KTUL
12753,KMIA,KMCI
12754,KJFK,KLAX
12755,KMSS,KBOS
12756,KSEA,KLAS
12757,SBKP,SKMA
12758,KADS,3TE0
12759,KNSE,K12J
12760,KBNA,KDTW
12761,KCOS,KAPA
12762,KPIE,KCVG
12763,SBVT,SBRJ
12764,LFPG,LEMG
12765,K12J,KNSE
12766,ESSA,LEMG
12767,KIKK,KLOT
12768,KJFK,KORD
12769,SBMT,SDCO
12770,KDVT,KPAN
12771,KFLL,KLAX
12772,KFDK,KLNS
12773,KLGA,KDTW
12774,KNSE,KGZH
12775,EPWA,EGLL
12776,UUWW,ULLI
12777,KATL,KSEA
12778,WSSS,RJTT
12779,LKPR,OTHH
12780,EDVE,EDDM
12781,KIAD,KHPN
12782,ENHD,ENGM
12783,KOAK,KSEA
12784,KSJC,KSNA
12785,KSMF,KSFO
12786,EGLL,KDFW
12787,KCLT,KDFW
12788,ENGM,ENZV
12789,KDEN,KSAN
12790,LRBS,LIRA
12791,KSTL,KDAL
12792,KSLC,KEWR
12793,KLDJ,KEWR
12794,KDFW,KMCI
12795,KRDU,KBOS
12796,KATL,KSDF
12797,LLBG,LTFJ
12798,KOMA,KORD
12799,GMTT,LFPG
12800,KSEA,KPHX
12801,LKPR,OMDB
12802,KNSE,KMVC
12803,93OK,KRVS
12804,KAPA,KGXY
12805,KBWI,KORD
12806,KPDX,KMDW
12807,49NY,KHPN
12808,SBVT,SBGR
12809,KIND,KATL
12810,KORD,09MO
12811,KBNA,KDEN
12812,KOAK,KSAN
12813,LEMD,LIMC
12814,SBGR,SSJC
12815,KADS,KF69
12816,LEBL,LEPA
12817,KSTL,KLAS
12818,VHHH,RCTP
12819,KDCA,KORD
12820,LPPR,LSZH
12821,KTEB,KSRQ
12822,KSAN,KPHX
12823,ESSA,OMDB
12824,CYYZ,CYVR
12825,KDEN,KPHX
12826,KCLT,KROC
12827,LFST,LFML
12828,KBNA,KSTL
12829,EBMB,LHBP
12830,KGRB,KORD
12831,LEMD,LPPR
12832,LFPO,LFML
12833,ENZV,ENBR
12834,KSFO,KLAX
12835,KDEN,KSFO
12836,EDXF,EDXK
12837,KONT,KAFW
12838,KDCA,KLGA
12839,KHOU,KTUL
12840,LYBE,OTHH
12841,LEMD,LEIB
12842,LIRA,LPPR
12843,LFKJ,LFML
12844,LEBL,LEPA
12845,KPHL,KMSP
12846,SBBR,SBKP
12847,KBNA,KMIA
12848,KDFW,KDEN
12849,LEPA,LEZG
12850,KDAL,TE85
12851,LIML,LICZ
12852,KORD,KLNK
12853,KJFK,KROC
12854,KMIA,KSDF
12855,EGHI,EGJA
12856,KBJC,KAPA
12857,EIDW,EGGD
12858,KBUR,KLAS
12859,LEBL,LEMG
12860,KLAX,KCMH
12861,KMHR,KMOD
12862,KMVY,KJFK
12863,KMIA,SKBO
12864,KMSP,KOMA
12865,CYYJ,CYVR
12866,LFNR,LFPG
12867,EGCC,EDDF
12868,KATL,KLAX
12869,KPDX,KFAT
12870,KORD,KMSP
12871,KSNA,KORD
12872,LPPR,LFML
12873,KOAK,KLAX
12874,EDDK,EDDH
12875,UUWW,ULMM
12876,34MI,KORD
12877,KDFW,KBOS
12878,KDCA,KDAY
12879,EDDL,LEPA
12880,KSFO,KSNA
12881,KDEN,KFAT
12882,KFAT,KSAN
12883,ESTA,ESSA
12884,LEPA,LEBL
12885,CYOW,CYYZ
12886,LTAC,LOWW
12887,SKBO,KIAD
12888,KEUL,ID95
12889,KOMA,14NE
12890,KLGA,KDCA
12891,LIME,LROP
12892,KEWR,KBOS
12893,EHAM,LHBP
12894,EKCH,LTFJ
12895,KDFW,KMIA
12896,KATL,KLAX
12897,EDDF,EGLL
12898,UUEE,LFPG
12899,KFFZ,55AZ
12900,LEMD,LFBO
12901,KDEN,KDFW
12902,KPDX,KMCC
12903,KCLT,KPHL
12904,KDFW,KORD
12905,KSTL,KDEN
12906,KBFI,KOAK
12907,KIND,KBWI
12908,LEMG,EHAM
12909,KMCI,KPHL
12910,KBOI,KSEA
12911,LIRA,EBCI
12912,KPVD,KCLT
12913,YSTW,YSSY
12914,KATL,KDEN
12915,EDDB,LEPA
12916,LPFR,EDDB
12917,KSNA,KDFW
12918,LIML,LIEA
12919,UUDD,ULLI
12920,KOAK,KSNA
12921,KDCA,KBOS
12922,KDEN,KBWI
12923,KSFO,KPHX
12924,KATL,MMUN
12925,KLGB,KSFO
12926,KSMF,KSAN
12927,KDEN,KLAX
12928,KBOI,KSJC
12929,KMIA,KDFW
12930,LFPG,LPFR
12931,KATL,KTYS
12932,KLAS,KONT
12933,KDTW,KLAS
12934,KSAN,KPHX
12935,KCLT,KDCA
12936,KEWR,KSDF
12937,KFTW,KDTS
12938,LEIB,LEBL
12939,MA55,KEWB
12940,KBUF,KTEB
12941,KTUL,KHOU
12942,SBCO,SBGR
12943,LIME,LIBD
12944,KLAX,KSEA
12945,EHAM,EPGD
12946,ENHD,ENBR
12947,LIMC,LIBD
12948,LEMD,LEMH
12949,KMVY,KJFK
12950,KDEN,MMUN
12951,PANC,KMSP
12952,VOBL,VIDP
12953,KLAS,KPDX
12954,KVNY,KLAX
12955,KONT,KPHL
12956,LFPG,EDDB
12957,KBUR,KSBP
12958,LIRF,EDDM
12959,KHPN,KCLT
12960,K17N,0NJ6
12961,1PA5,KBVI
12962,EGLL,KATL
12963,KMKE,KMSP
12964,EPGD,ESKN
12965,KDAL,AL40
12966,KATL,KSAN
12967,ENBO,ENGM
12968,LEMD,EGLL
12969,KBOI,KLAX
12970,KSJC,KSEA
12971,EDDF,LIRF
12972,EBBR,LOWW
12973,KORD,K8C4
12974,KSEA,KBOI
12975,ENBR,ENGM
12976,KBOS,MA55
12977,KHOU,KSAT
12978,KLAS,KSAN
12979,YMML,NZAA
12980,KPDX,KSEA
12981,SBKP,SSJC
12982,KPAE,KSFO
12983,KMMU,KBED
12984,KSFO,KLAS
12985,KHPN,03NY
12986,ENVA,EKCH
12987,KATL,KECP
12988,LFPG,MMUN
12989,KDFW,KDCA
12990,LFPG,KDTW
12991,KMCI,KDTW
12992,UUWW,EVRA
12993,KDEN,KBNA
12994,KROC,KTEB
12995,KLAX,KSTL
12996,KMDW,KBOS
12997,EDDM,OMDB
12998,KPHL,CYYZ
12999,KVPS,KDFW
13000,KLGA,KDEN
13001,ENGM,LEAL
13002,EFHK,EKCH
13003,EIDW,OTHH
13004,KMIA,KATL
13005,ELLX,KHSV
13006,KSJC,KMDW
13007,KTYS,KATL
13008,KPHX,KMCI
13009,KDTW,KCLT
13010,KGEG,KSEA
13011,EHAM,LSGG
13012,LEIB,EGLF
13013,SBSP,SBGL
13014,KMCO,KMIA
13015,KBWI,KPHX
13016,KDCA,KMIA
13017,KORD,KFLL
13018,KCLT,KBWI
13019,KBNA,KORD
13020,CYYZ,CYUL
13021,K12J,KNSE
13022,KLAS,KLAX
13023,CYYC,CYVR
13024,LFPG,KATL
13025,KCLT,KTUL
13026,KATL,KVPS
13027,KHSV,KATL
13028,EDDK,EGSS
13029,LEMD,LEPA
13030,LEMD,LPPT
13031,KDEN,KAUS
13032,ESNZ,ESSA
13033,KSAN,KSTL
13034,KSFO,KORD
13035,KSBP,KSEA
13036,KSJC,KFAT
13037,KDEN,KSAN
13038,K61B,KU30
13039,LSGG,LPPR
13040,CYYC,KMSP
13041,KATL,KBUF
13042,LPPR,EBCI
13043,KEWR,KLAS
13044,KPIT,KBOS
13045,UUEE,LSGG
13046,K12J,KNSE
13047,KRDU,KATL
13048,KLAS,KMCI
13049,KTEB,KCMH
13050,KMSP,KSEA
13051,KMCI,KORD
13052,KPHX,KORD
13053,KBWI,KDTW
13054,KDTW,KCLT
13055,KSNA,KSFO
13056,KIND,KDTW
13057,KLGA,KCLT
13058,KLGB,KPHX
13059,YSSY,YBBN
13060,KDEN,KEWR
13061,KDAL,KFLL
13062,KBED,KORE
13063,EPKT,BIKF
13064,KSTL,KPHX
13065,KOAK,KVIS
13066,WMKK,RJBB
13067,KCLT,KSEA
13068,KLAX,KORD
13069,EHAM,LKPR
13070,KLAS,KSEA
13071,KDFW,KECP
13072,KSBA,KPHX
13073,LEMD,LEMG
13074,KDEN,KPDX
13075,SBMT,SDNI
13076,KBOS,KMCO
13077,KSMF,KATL
13078,KFAT,KORD
13079,KIND,KORD
13080,EKCH,EKRN
13081,LFPO,LFBO
13082,KSEA,KLAX
13083,EGLL,KSEA
13084,KATL,KCMH
13085,KSAN,KMDW
13086,KSFO,KJFK
13087,EDDM,EDDL
13088,KMSP,KATL
13089,KRDU,KORD
13090,WSSS,VHHH
13091,KOAK,KSEA
13092,KECP,KBNA
13093,LSZH,EDDL
13094,KJFK,KSFO
13095,KORD,KMSN
13096,KLAX,KDFW
13097,CYUL,CYYZ
13098,EHAM,EGLL
13099,KAPA,KCOS
13100,KSNA,KPHX
13101,KDFW,02XS
13102,KDEN,KSTL
13103,KSFO,KVNY
13104,KBWI,KBNA
13105,KSMF,KSFO
13106,KDEN,KBOI
13107,ENHD,ENGM
13108,KMSP,KLAS
13109,LIBD,LIMC
13110,KORD,KDAY
13111,UKBB,EDDB
13112,KDTW,KATW
13113,KLAX,KORD
13114,KSFO,KBOS
13115,RJTT,KLAX
13116,LFPG,LEBL
13117,LIRF,LEBL
13118,KDTW,KATL
13119,KFAT,KPHX
13120,KCLT,KDTW
13121,KBOS,KLGA
13122,KFTW,86TE
13123,EGLL,EGAC
13124,CYUL,CYYZ
13125,KSNA,KORD
13126,UKBB,OTHH
13127,KATL,KDFW
13128,KBWI,KCLT
13129,KAUS,KORD
13130,CYYZ,CYUL
13131,EGGP,EGAA
13132,KDEN,KTUS
13133,KDTW,KJFK
13134,KONT,KDFW
13135,KLAX,KPHX
13136,KORD,KPIT
13137,EDDH,LEPA
13138,KPHX,KPDX
13139,LPPT,LSGG
13140,KBED,KIAD
13141,KCLT,KMIA
13142,KBUF,KORD
13143,KAPA,KTEX
13144,EICK,EGGW
13145,LFPG,UKBB
13146,KECP,KATL
13147,EHAM,EIDW
13148,KSEA,KSAN
13149,EGCC,EGLL
13150,SBBR,SBGR
13151,KSMF,KORD
13152,KMSP,KIAD
13153,KORD,KEWR
13154,KOAK,KMDW
13155,KLAS,KJFK
13156,KDTW,KFLL
13157,LFBO,EDHI
13158,KSLC,KSJC
13159,KMDT,KCLT
13160,KSFO,KORD
13161,PANC,KLCK
13162,LEIB,LEMG
13163,KSNA,KSJC
13164,KDTW,CYYZ
13165,KPHX,KDFW
13166,KSLC,KSAN
13167,LROP,EGSS
13168,KMKE,KORD
13169,KLAX,KDCA
13170,KSEA,KMDW
13171,EGAC,EGLL
13172,KPHX,KSFO
13173,KBUR,KSEA
13174,EHAM,ENZV
13175,KMSP,KDEN
13176,KATL,KDEN
13177,EDNY,LSZH
13178,ESSB,ESMS
13179,KDTW,KBOS
13180,EDDB,LEPA
13181,KAPA,CO18
13182,KAUS,KDEN
13183,EETN,ESSA
13184,LEBL,EBBR
13185,KCLT,KLAX
13186,KBNA,KTYS
13187,LFPO,LEMG
13188,RJBB,OMDB
13189,KSNA,KMSP
13190,KSFO,KLAX
13191,LFBO,LFPO
13192,KDEN,KATL
13193,LEMG,EFHK
13194,KATL,KHSV
13195,ULLI,UUDD
13196,KEWR,KSFO
13197,WMKK,ZGSZ
13198,KOPF,KTEB
13199,VABB,VECC
13200,LEPA,EDDL
13201,LEBL,LEIB
13202,KPDX,KDFW
13203,KORD,PANC
13204,KATL,KLGA
13205,PANC,KSEA
13206,KPAE,KSAN
13207,KNSE,KGZH
13208,KDTW,KROC
13209,KLAX,KDTW
13210,KMDW,KALB
13211,LEMD,LEBL
13212,EGSS,EHBK
13213,LIMC,LICZ
13214,KRDU,KPHX
13215,KAUS,KDEN
13216,UUEE,ULLI
13217,KSNA,KATL
13218,KDCA,KSYR
13219,LPPT,EGSS
13220,EPWA,EPGD
13221,KPHX,KSNA
13222,LHBP,LPPT
13223,KCLT,KJFK
13224,KSEA,KEWR
13225,KDFW,KLAX
13226,KBUR,KPHX
13227,KLAX,KLAS
13228,KTEB,KIAD
13229,SBCO,SBGL
13230,KLOU,28II
13231,KDEN,KBTF
13232,KDFW,KMCO
13233,KPHX,KDAL
13234,EHAM,EGAC
13235,KORD,23MN
13236,KCMH,KLGA
13237,SBRJ,SBSP
13238,KSLC,KSFO
13239,KJFK,KMIA
13240,VAPO,VOBL
13241,KSNA,KLAS
13242,KIND,KMCI
13243,KONT,4IL3
13244,KCLT,KBOS
13245,KDTW,KBUF
13246,KSAT,KDEN
13247,KLGA,KBOS
13248,LIMC,KJFK
13249,KSEA,KORD
13250,KDCA,KPVD
13251,KSTL,KCLT
13252,KDFW,KEWR
13253,KLAS,KPDX
13254,KCLT,KHSV
13255,RJBB,PANC
13256,KORD,KOKC
13257,SBJD,SBSP
13258,KATL,KORD
13259,KSAN,KDAL
13260,LPPR,ELLX
13261,VABB,VIDP
13262,LFKJ,LFPO
13263,LEMD,LFBD
13264,KDEN,KBOS
13265,KIGX,KRWI
13266,KLGA,KORF
13267,KTEB,KMQS
13268,KNEL,NJ20
13269,KRDU,KBOS
13270,KDEN,KBTF
13271,LIBD,LIMA
13272,KSLC,KBOI
13273,EDDM,EDDH
13274,LSGG,LFBO
13275,KGVT,K2F7
13276,KLAS,KBOS
13277,KBNA,KM33
13278,VHHH,RJBB
13279,KMPO,KCDW
13280,KSNA,KSEA
13281,LTFJ,LTAC
13282,KDTW,KALB
13283,KJFK,KBUF
13284,KPYM,KFMH
13285,KORD,KSTL
13286,KDFW,2MO1
13287,KAPA,9CO8
13288,KDEN,KMCO
13289,LIRF,OMDB
13290,KDCA,KCVG
13291,KBFI,KYKM
13292,KLAS,KSFO
13293,KPHX,KPHL
13294,KSLC,KSFO
13295,KLAX,KBOS
13296,KAUS,KDAL
13297,KCLT,KORF
13298,KCLT,KATL
13299,KDTW,CYUL
13300,KMSP,KDEN
13301,KJFK,KRDU
13302,KOPF,KTMB
13303,ENGM,EKBI
13304,KATL,KPHL
13305,EGLC,EGAC
13306,ESSB,ESSN
13307,KSTL,KSEA
13308,VHHH,RCTP
13309,KORD,KTUL
13310,KSNA,KPDX
13311,CYVR,CML2
13312,ENVA,ENGM
13313,KSEA,KPDX
13314,KLAS,KLAX
13315,KATL,KDTW
13316,KDCA,KMCI
13317,KCLT,KPDK
13318,KONT,KATL
13319,KDCA,KMSP
13320,KIAD,CYYZ
13321,EFHK,OTHH
13322,KBDN,50OR
13323,KLAX,KSEA
13324,LIPE,EBCI
13325,KBTP,PN85
13326,KMIT,KPHX
13327,LEMG,LEMD
13328,EPWA,EPKK
13329,KMSP,KSDF
13330,KJFK,KLAX
13331,KLGA,KFLL
13332,LSZH,OTHH
13333,LMML,EDDF
13334,KPDX,35OR
13335,KORD,KLAS
13336,KE63,KDVT
13337,KDCA,KHPN
13338,KGEG,KLAX
13339,KBJC,CO07
13340,KIND,KORD
13341,KSAN,KSFO
13342,KMDW,KOMA
13343,KEWR,KLAX
13344,KFLL,KBOS
13345,KVNY,KSNA
13346,KDCA,KALB
13347,KSEA,KORD
13348,KORD,KMSP
13349,LPPT,LPFR
13350,LSGG,LICZ
13351,KOAK,CL77
13352,KSTL,KSEA
13353,KABQ,KSAF
13354,KMDW,KSTL
13355,LEMD,LEPA
13356,KATL,KSAN
13357,KDTW,KPVD
13358,KORD,KDEN
13359,KLAX,KBOI
13360,KEWR,CYUL
13361,KSNA,KSEA
13362,KDFW,KSBP
13363,LSZM,LEPA
13364,KCLT,KFLL
13365,LKPR,LSZH
13366,KSBA,KSJC
13367,KBOS,KRDU
13368,KDEN,KSEA
13369,KORD,KATW
13370,CYYZ,CYVR
13371,KPDX,KLAX
13372,KOAK,KPDX
13373,KMCI,KDEN
13374,LEPA,LOWW
13375,KATL,KBWI
13376,KVNY,K36U
13377,KBOS,MA55
13378,KABQ,KSFO
13379,KORD,KMCO
13380,KDFW,KSDF
13381,KPHX,KLAX
13382,KAVQ,KGYR
13383,ENZV,EGPD
13384,KMSP,KJFK
13385,KORD,KSAT
13386,WMKK,YMML
13387,KLAX,KPHX
13388,KGPI,KSEA
13389,KBNA,KCMH
13390,LEMG,LSZH
13391,KGEG,KLAS
13392,KBFI,KBLI
13393,ENBR,ENGM
13394,KSEA,PANC
13395,KAPA,CO86
13396,KOAK,KVIS
13397,KRDU,KTDF
13398,KDEN,KDFW
13399,KLAX,KJFK
13400,KSJC,KMDW
13401,LROP,EBBR
13402,KPDX,KDFW
13403,KLGA,KDEN
13404,EHAM,EGFF
13405,CYVR,KPSP
13406,EDDF,LHBP
13407,LLBG,LFPG
13408,LEMD,EDDB
13409,KABQ,NM74
13410,KBUR,KMDW
13411,KSLC,KSDF
13412,KMCI,KDEN
13413,EHAM,ESGG
13414,KSNA,KPHX
13415,KORD,KOMA
13416,LIML,EDDS
13417,KDFW,KBNA
13418,KJFK,KMVY
13419,KDFW,KPHX
13420,KBDN,35OR
13421,KLGB,KVNY
13422,LIRF,LICZ
13423,KIND,KSEA
13424,KDCA,KCMH
13425,KLAX,KSJC
13426,KDAY,KDTW
13427,KBUR,KDAL
13428,KFBG,KIGX
13429,LOWS,LOWW
13430,KAGC,KHEF
13431,KSAN,KORD
13432,CYYZ,CYXE
13433,KRDU,KMCO
13434,KATL,KSLC
13435,KPHX,KORD
13436,KLVK,KSQL
13437,KORD,KMKE
13438,LFPG,LROP
13439,KDTW,KTYS
13440,KATL,KMCO
13441,KOAK,CL77
13442,KBOS,KLGA
13443,KSEA,KJFK
13444,KMDW,KDVN
13445,KRYN,KAVQ
13446,UUDD,ULLI
13447,KORD,KPHX
13448,KORD,KSFO
13449,KPMD,KMYF
13450,ENZV,ENBR
13451,KJFK,KMCO
13452,KGPH,KMKC
13453,KPHX,KMRY
13454,EFHK,EDDH
13455,KDTW,KEWR
13456,KDFW,KLGA
13457,KIAH,KPHX
13458,KDEN,KLAS
13459,KPDX,KMSP
13460,CYYZ,CYYC
13461,KIAD,KBKL
13462,KMZJ,KIWA
13463,KORF,KCLT
13464,ESGG,ESSA
13465,KNSE,K12J
13466,KFLL,KDEN
13467,LEBL,EDDL
13468,ESSA,OTHH
13469,VABB,VECC
13470,KDFW,KATL
13471,KPHX,KMDW
13472,EHAM,VABB
13473,KORD,KSTL
13474,KAPA,9CO8
13475,LFPB,LSZB
13476,KCMH,KDTW
13477,VOBL,VIDP
13478,KCVG,KDTW
13479,KDTW,KSYR
13480,KDTW,KGRB
13481,EDDL,LEPA
13482,KHOU,KDAL
13483,EGSS,LPFR
13484,KDEN,KBOI
13485,KVPS,KATL
13486,LEMD,EDDH
13487,KLGA,KATL
13488,LIMC,EBBR
13489,KAND,KLQK
13490,KGSO,KATL
13491,KATL,KDAL
13492,LFPO,LPPR
13493,EGAA,EGBB
13494,EHRD,LPFR
13495,KDTW,KPIT
13496,CYVR,CYCD
13497,KMDW,KCMH
13498,KMSP,KORD
13499,KMKE,KDTW
13500,2CD9,KLMO
13501,KFLL,KRDU
13502,KSMF,KSEA
13503,LEPA,EDDL
13504,KIAD,KLGA
13505,KCMH,KORD
13506,KFAT,KLAX
13507,KBOI,KPDX
13508,LFPG,ESSA
13509,KHYA,KBED
13510,KLGA,KORD
13511,KBUR,KSLC
13512,KEWR,KBUF
13513,KORD,KMCI
13514,KDFW,KPNS
13515,KLAX,KSJC
13516,KSEA,KPHX
13517,KONT,KPHX
13518,KSLC,KORD
13519,LEBL,LEMH
13520,ELLX,EBAW
13521,KPHX,KATL
13522,KOAK,CL77
13523,YBBN,YMML
13524,KLAS,KMCO
13525,KATL,KBKL
13526,LEBL,LEPA
13527,KAEG,KABQ
13528,KBNA,KATL
13529,KSLC,KOAK
13530,LFPG,LIMC
13531,KSNA,KOAK
13532,KBUF,KPHL
13533,KLAX,KDFW
13534,OI58,KHPN
13535,KORD,KSYR
13536,LIMC,KEWR
13537,KSEA,KSJC
13538,KDEN,KAUS
13539,KSAN,KDTW
13540,KPHL,KIAD
13541,KATW,KORD
13542,KATL,KBWI
13543,EGLL,OTHH
13544,KTEB,KOPF
13545,KSDF,KATL
13546,KORD,KMIA
13547,KDFW,KATL
13548,KSBA,KSQL
13549,LEIB,LEMD
13550,KIND,KIAD
13551,KATL,KSFO
13552,KOKC,KPHX
13553,KDFW,KPDX
13554,UUEE,EHAM
13555,EDDM,LIRQ
13556,KLGA,KATL
13557,KPHX,KTUS
13558,KMVY,KBED
13559,KDTW,KPHL
13560,KSJC,KBUR
13561,KLAS,KEWR
13562,EDDF,LSZH
13563,KBOS,KJFK
13564,CYYJ,CYVR
13565,ENGM,EDDF
13566,XS48,K76F
13567,KPHX,KBNA
13568,PANC,KORD
13569,LIPE,EKCH
13570,LFPG,KJFK
13571,KSNA,KPHX
13572,ESSA,EIDW
13573,KDFW,CYYC
13574,KPHL,KBOS
13575,TA06,KADS
13576,KPDX,KSEA
13577,EHAM,LFPG
13578,KCOS,KBJC
13579,KATL,KJFK
13580,KDTW,1MI8
13581,KORD,CYYZ
13582,KCMH,KDAL
13583,KMSP,MN41
13584,KCOE,ID23
13585,LIML,LIBD
13586,KGEG,KPHX
13587,KFLL,KBWI
13588,LLBG,EDDF
13589,KLAS,KSCK
13590,KATL,KORD
13591,SBKP,SBVT
13592,EGLL,OTHH
13593,KLAS,K61B
13594,KSFO,KMIA
13595,LEBL,LEMH
13596,KBNA,KHOU
13597,KSAN,KSFO
13598,KLGB,KPHX
13599,KMDW,KDTW
13600,LIRA,LEMD
13601,EETN,UKKK
13602,LOWW,LROP
13603,KATL,KMCI
13604,KPDX,KSEA
13605,KONT,CL46
13606,EHAM,OTHH
13607,KHKY,KMRN
13608,KE63,KDVT
13609,GOBD,LPPT
13610,VABB,VOMM
13611,KOKC,KDEN
13612,KMIA,KRDU
13613,EGPF,EGLL
13614,KSEA,KSFO
13615,KADS,KF69
13616,KORD,KSEA
13617,LEMD,OTHH
13618,KSMF,KSEA
13619,KMSP,KPHX
13620,KLAS,KSEA
13621,PANC,KLAX
13622,LFPB,EGGW
13623,KONT,KSDF
13624,LLBG,EGLL
13625,KGEG,KSEA
13626,PAEN,PANC
13627,KBUF,KJFK
13628,KBED,KPYM
13629,KSAN,KPDX
13630,KVNY,KSNA
13631,8FL6,KNGS
13632,KORD,KCMH
13633,KORD,KSAN
13634,VIDP,VOBL
13635,KSLC,KLAS
13636,LEAL,ESSA
13637,SBRJ,SBGR
13638,EGNT,LEBL
13639,KLDJ,KEWR
13640,KDFW,KLAX
13641,2OK4,KRVS
13642,KBOS,KORD
13643,KDTW,KBWI
13644,KBJC,KAPA
13645,EGLL,LLBG
13646,KATL,KBOS
13647,KORD,KBOI
13648,LIRF,OTHH
13649,KIWA,KPVU
13650,LTAC,LTFE
13651,LEBL,EKCH
13652,KAPA,KTEX
13653,KOJC,KMKC
13654,KORD,KORF
13655,KORD,KSNA
13656,EHAM,EGCC
13657,EBMB,LKPR
13658,KPHL,KMIA
13659,KJFK,KMSP
13660,KCHD,KPHX
13661,KBUF,KDTW
13662,EDDM,KEWR
13663,KPAE,KSNA
13664,KATL,KHOU
13665,VHHH,RCTP
13666,LIRA,EKCH
13667,LEPA,EDDK
13668,KSEA,KSNA
13669,KDCA,KATL
13670,KATL,KBNA
13671,KSGF,KDEN
13672,KI69,KHAO
13673,KFLL,KMDW
13674,KDEN,KPHX
13675,LDZA,OTHH
13676,KPHX,KSTL
13677,KORD,CYUL
13678,LSGG,LPPR
13679,LOWW,OTHH
13680,KMDW,KABQ
13681,KRDU,KLAS
13682,KLAX,KATL
13683,SBSP,SBBR
13684,LEBL,EDDB
13685,KAUS,KDFW
13686,KSAN,KSEA
13687,LFPG,OTHH
13688,KBUR,KHOU
13689,KBWI,KATL
13690,KBUR,KWHP
13691,KMMU,NK07
13692,KDFW,KLAX
13693,KGEG,KSEA
13694,KORD,KRDU
13695,KDEN,KBUR
13696,EHAM,EDDF
13697,KSEA,KSAN
13698,CYYZ,KTEB
13699,KDFW,KDEN
13700,KCMH,KDCA
13701,EDLW,UKKK
13702,UWKD,UUDD
13703,KBOS,KBWI
13704,KATL,KPHL
13705,KSLC,KORD
13706,LMML,LEBL
13707,KLGA,KRDU
13708,KMCE,KLAX
13709,KORD,KPDX
13710,KYIP,5MI7
13711,KCRQ,KPHX
13712,KSFO,KDTW
13713,KATL,KABE
13714,EGCC,EGJB
13715,KRDU,KDCA
13716,KBOS,KTEB
13717,ULLI,UUEE
13718,KIWA,KNYL
13719,KDEN,KSEA
13720,KLAS,KMDW
13721,EKCH,LEPA
13722,UMMS,LOWW
13723,KDTW,KIAD
13724,EDDF,LEBL
13725,KMSP,KSFO
13726,LEBL,OTHH
13727,KSNA,KSBA
13728,KSAT,KDFW
13729,KORD,KCMH
13730,KDEN,KMDW
13731,KSEA,KBOS
13732,KCLT,KMCO
13733,KPNS,KATL
13734,KLAX,KVNY
13735,LTFJ,LGAV
13736,KSJC,KLAS
13737,KMIA,KJFK
13738,UUWW,EVRA
13739,KHOU,KMKC
13740,SKBO,KATL
13741,EDDP,LIMC
13742,KLAX,KBOS
13743,KORD,KROC
13744,CYVR,KSEA
13745,EHAM,LTFJ
13746,KCOS,KAPA
13747,KAUS,KDFW
13748,KTUS,KLAX
13749,KIWA,KRYN
13750,KBOS,CYYZ
13751,LFPG,LEBL
13752,LEMD,EBBR
13753,K1B9,KPYM
13754,KATL,KJFK
13755,EGLL,EDDF
13756,KCLT,KLGA
13757,KPHL,KFLL
13758,KMKE,KPHL
13759,EETN,EDDF
13760,KSLC,KLAX
13761,KSEA,KSFO
13762,KIAD,KSYR
13763,RCTP,VHHH
13764,KOAK,KLAX
13765,KVNY,KDAL
13766,LROP,LEBL
13767,KDAL,KSJC
13768,EDDM,LEMD
13769,EPWA,LSGG
13770,KAZO,KORD
13771,KGEG,KSFO
13772,KSJC,KSAN
13773,KMDW,KMSP
13774,KNSE,K12J
13775,LFPG,LPPT
13776,KORD,KEWR
13777,LEMH,LEPA
13778,EHAM,EGNV
13779,LPPT,EHAM
13780,EBMB,LIML
13781,EIDW,EGSS
13782,KPNS,KDFW
13783,KIND,KLAX
13784,EDDB,EHAM
13785,KATL,2IL3
13786,TJSJ,KEWR
13787,KBOI,KSEA
13788,KLAX,KJFK
13789,KGAI,KFDK
13790,KFRG,KBDR
13791,ESSA,LTFJ
13792,KOPF,KTEB
13793,KDEN,MMUN
13794,KPDX,KPHX
13795,KDFW,KSNA
13796,KGYR,AZ05
13797,KPHL,KORD
13798,SBBR,SBKP
13799,KSFO,KBFI
13800,KBOS,KCVG
13801,LEMD,LIRF
13802,KSLC,KORD
13803,NZPM,NZCH
13804,KMSN,KDTW
13805,EGPH,EGKK
13806,VOMM,VABB
13807,KONT,KSBA
13808,KBNA,KDFW
13809,ENVA,ENGM
13810,KORD,KDFW
13811,KOAK,KLAS
13812,50OR,KBDN
13813,KORD,KSEA
13814,KPVD,KMVY
13815,KDTW,KRDU
13816,KPDX,93WA
13817,LEPA,LEIB
13818,KDFW,KBTF
13819,KSJC,KBUR
13820,KORD,KBOS
13821,KBOS,KDCA
13822,KSAN,KJFK
13823,KFLL,SKBO
13824,KPHL,KCLT
13825,KSLK,KBOS
13826,LFPG,LICZ
13827,KDTW,KMCO
13828,KISP,KHPN
13829,KAFW,69XA
13830,KPSP,KPHX
13831,EPWA,EBBR
13832,KSEA,KLAX
13833,KCOS,KDEN
13834,YBBN,YMML
13835,LEMD,LIPZ
13836,KEWR,KDEN
13837,LEBL,LESG
13838,KMSN,KORD
13839,KDEN,KBNA
13840,VOBL,VIDP
13841,EKCH,EKYT
13842,EPGD,ESGG
13843,KONT,KSBP
13844,KDAL,KLAX
13845,EDDB,LTFJ
13846,KDEN,KLAS
13847,KLAX,KSEA
13848,LGAV,LSZH
13849,LOWW,EDDF
13850,EPWA,LFPG
13851,KPHL,KCVG
13852,KPHL,KMDT
13853,KBOS,KMVY
13854,KSEA,KLAS
13855,KDTW,KMCO
13856,EGLL,KSEA
13857,KORD,23MN
13858,KDTW,KABE
13859,KLAS,KSTL
13860,LPPT,LSZH
13861,KEMT,KVNY
13862,KEWR,KORD
13863,KBNA,KSAT
13864,VOBL,VOMM
13865,LEPA,LEMH
13866,KDAL,KBWI
13867,EDDB,EGGW
13868,ULLI,UUWW
13869,KPVU,KU14
13870,LEBL,LEMH
13871,VAPO,VIDP
13872,KLAS,KBUR
13873,LEMG,EKBI
13874,KPDK,KADS
13875,KNSE,KGZH
13876,KSEA,KDFW
13877,KEWR,KCVG
13878,KORD,KMCO
13879,PN14,KBTP
13880,LROP,LEBL
13881,KUGN,K06C
13882,KABQ,KDFW
13883,KRDU,4NC7
13884,KOKC,KORD
13885,EHAM,EDDH
13886,NZCH,NZAA
13887,KBDR,KFRG
13888,LIRA,LFML
13889,KATL,KPNS
13890,LEMD,LFPO
13891,LFPO,LPPT
13892,KDAL,KLAX
13893,KBNA,KSTL
13894,GMMN,LFPO
13895,KLGA,KDFW
13896,KSFO,KBNA
13897,KBOS,KMCI
13898,EGPE,EGLL
13899,KLAX,KSUU
13900,KESN,KDMW
13901,KMSP,KMSN
13902,LFPG,LIPE
13903,KFFZ,KCHD
13904,EKCH,EKYT
13905,KIND,KDTW
13906,KDEN,KORD
13907,EHEH,LEAL
13908,KEWR,KFLL
13909,ESSA,LFPG
13910,KBOI,KORD
13911,KOWD,KPYM
13912,KCOS,KDFW
13913,KORD,KDCA
13914,SPJC,MMUN
13915,KSAN,KSEA
13916,KLAS,KCRQ
13917,KPHL,KDTW
13918,KSEA,KONT
13919,KORD,KLAX
13920,LEBL,LEZL
13921,EDDK,LEPA
13922,ULLI,UUWW
13923,KIAD,KDEN
13924,KDEN,KTYS
13925,KDEN,KSEA
13926,LTFJ,EDDK
13927,KIAD,KHSV
13928,KPHL,KORD
13929,EDDM,EPWA
13930,KIAD,KCVG
13931,KORD,KCVG
13932,KPHL,KBUF
13933,KHPN,KBNA
13934,KPHL,KMCI
13935,EDDF,LIML
13936,EHAM,EKBI
13937,KADS,KF69
13938,KLAS,KSTL
13939,KHND,KSBP
13940,KPAN,KDVT
13941,KIAD,KSRQ
13942,KECP,KTYS
13943,KLAX,KDCA
13944,KBFI,KCOE
13945,KIND,KORD
13946,KDTW,KDCA
13947,KMSP,KSJC
13948,KOAK,KVIS
13949,CYYJ,CYVR
13950,LEIB,LEBL
13951,KFTG,KAPA
13952,KDEN,KLNK
13953,VIDP,VABB
13954,KFFZ,KA39
13955,LFML,LFPO
13956,KATL,KPNS
13957,LEMD,LSZH
13958,KJFK,TBPB
13959,KORD,KDEN
13960,KLAS,KLGB
13961,KBOS,CYUL
13962,KMOD,KVIS
13963,KSEA,KRDU
13964,KPDX,KONP
13965,KDTW,KMSP
13966,KBFI,KYKM
13967,EHAM,EDDS
13968,KPAN,KDVT
13969,KPHX,KNYL
13970,EPWA,EHAM
13971,KLGA,KATL
13972,EDDF,OTHH
13973,NJ20,KNEL
13974,KATL,KDCA
13975,GMMN,LIPE
13976,KCNO,KSBD
13977,EDDM,LHBP
13978,KBWI,KHEF
13979,KDFW,KSAN
13980,EHAM,ELLX
13981,KS67,KMAN
13982,LIME,EGCC
13983,EHAM,EGBB
13984,KJFK,KPHX
13985,LEMD,KMIA
13986,KORD,KLGA
13987,KCLT,KSDF
13988,KSEA,KLAS
13989,KBNA,KSYR
13990,YSDU,YSSY
13991,KRVS,19OK
13992,KMDW,KBNA
13993,KLAX,KSFO
13994,LIRF,LIPE
13995,KPHX,KPSP
13996,RPLL,VHHH
13997,SBGR,SBBR
13998,KLAS,KOAK
13999,LEPA,LEIB
14000,LEMD,LEPA
14001,KCWA,KORD
14002,KORD,KPVD
14003,SBRJ,SBKP
14004,EGGD,EGPE
14005,KEMT,KVNY
14006,KIND,KORD
14007,KFLL,KFXE
14008,KHOU,KSAF
14009,LIMC,OTHH
14010,EDDM,LKPR
14011,EDDH,EPGD
14012,KDFW,CYVR
14013,KSEA,CYVR
14014,LTFJ,EDDL
14015,KLGA,KDTW
14016,KATL,KFLL
14017,LFPB,LSGG
14018,LPPT,LFPG
14019,EIDW,LPFR
14020,KIAD,KMCI
14021,KCHD,KGEU
14022,KMCI,KDFW
14023,GMMN,LFPO
14024,KBWI,KCLT
14025,KSTL,KDFW
14026,EBMB,LPPT
14027,KCLT,KATL
14028,KIAD,KLGA
14029,KIAD,KSAN
14030,KIAD,KLAX
14031,KRDU,KLGA
14032,LEMD,EDDF
14033,LSZM,LHBP
14034,KDEN,KHOU
14035,KSNA,KSJC
14036,KJFK,KLAX
14037,KATL,KECP
14038,KORD,KDAY
14039,KBOS,MA55
14040,LPFR,LFPO
14041,LFML,LMML
14042,KVPZ,IN61
14043,SBSP,SSJC
14044,6CO4,KFNL
14045,EHAM,EDDF
14046,ULLI,EDDF
14047,KORD,KSYR
14048,CYVR,KSAN
14049,EDDM,LIRF
14050,KDFW,KONT
14051,EDDB,LEBL
14052,K12J,KNSE
14053,KDTW,KMDT
14054,KNZY,KNUC
14055,KDFW,MMUN
14056,KPDX,KSFO
14057,KPGV,KCLT
14058,KLAS,KLAX
14059,KSDF,KORD
14060,KLNS,14PS
14061,KMVY,KBOS
14062,KBUF,KORD
14063,KDEN,KLAS
14064,LEAL,LEPA
14065,KATL,KLAS
14066,KLUK,KCLT
14067,KISP,KHWV
14068,KORD,KPHL
14069,KFLL,KBOS
14070,LEMD,EDDL
14071,EDDM,EFHK
14072,KLGB,KPHX
14073,GMMN,LEBL
14074,KPHL,KRDU
14075,KBNA,KDEN
14076,EPKK,EHAM
14077,LEPA,LEAL
14078,EGHI,EGAC
14079,LOWW,LEBL
14080,KIWA,KATW
14081,KATL,KIAD
14082,KORD,KDFW
14083,LEIB,EHAM
14084,LFPG,LFRJ
14085,UUEE,EDDF
14086,KSNA,KDFW
14087,KSDF,KPHL
14088,KPDK,KSAT
14089,EHAM,EDDL
14090,KSEA,KPHX
14091,KTUL,KDEN
14092,KBOS,KMVY
14093,LEMD,LPPR
14094,KPHL,KSDF
14095,KMSP,KSAN
14096,KATL,KBKL
14097,KDEN,KDAL
14098,KPHX,KSAN
14099,KIAD,KMSP
14100,EDML,EDPD
14101,KATL,KMIA
14102,KORD,KPIT
14103,KOAK,KBUR
14104,6CO4,KFNL
14105,KBNA,KORD
14106,KTUS,KPHX
14107,EDDM,LGAV
14108,KLAX,KLAS
14109,KEWR,KLAS
14110,LEMD,EDDM
14111,KCLT,KDAL
14112,KFTY,KPDK
14113,KORD,KDEN
14114,KRDU,KPHX
14115,EHAM,EBBR
14116,KSNA,KONT
14117,KSTL,KDEN
14118,KJFK,KMIA
14119,KATL,KEWR
14120,EDDF,EDDM
14121,LEMG,EHAM
14122,KFLL,KATL
14123,GMMN,LEMD
14124,KORD,KBNA
14125,KPHL,KATL
14126,ENGM,ENZV
14127,KPHF,KCLT
14128,KATL,KMSP
14129,EPWA,LIMC
14130,EDDK,EDDM
14131,VIDP,VECC
14132,KPDX,KBDN
14133,KCLT,KORD
14134,KSDF,KDFW
14135,LECU,LEZG
14136,KSEA,KOAK
14137,KSAN,KPHX
14138,KJFK,KFLL
14139,UWLL,UUWW
14140,KEWR,KMIA
14141,KDEN,KPDX
14142,EDDF,VABB
14143,KBNA,KCLT
14144,KLGA,CYUL
14145,KCGZ,KCHD
14146,KORD,KMDT
14147,KBWI,KMDW
14148,KOAK,KVIS
14149,KSTL,44IS
14150,KPIT,KDUJ
14151,LEMD,KJFK
14152,EHAM,LTFJ
14153,CAP3,CYCD
14154,KVIS,KFAT
14155,ELLX,LEMD
14156,KBLI,KPAE
14157,EDDB,LEBL
14158,LPPT,EHAM
14159,KDMW,KGAI
14160,KORD,KMKE
14161,EDDF,LOWW
14162,KCVG,KORD
14163,KPWK,KOPF
14164,UUEE,ULMM
14165,KHND,K1L3
14166,LEIB,LEBL
14167,EDDM,EDDC
14168,KSNA,KLAS
14169,KSDF,KMDW
14170,KLAS,KORD
14171,KDCA,KDFW
14172,LIMC,LFPG
14173,KATL,KMIA
14174,KLAX,KUTA
14175,KATL,CYYZ
14176,KLGB,KOAK
14177,LPPR,EDDK
14178,LEBL,EDDF
14179,LSZH,LOWW
14180,KLAF,IS52
14181,KIND,KDCA
14182,KSTL,KORD
14183,KROC,KORD
14184,KFTG,87CO
14185,KDFW,KONT
14186,K12J,KNSE
14187,KBOS,KHPN
14188,KORD,KLGA
14189,KRAL,KRNM
14190,EVRA,EFHK
14191,KPHX,KSAN
14192,KDAL,KLGA
14193,KIAD,KCLT
14194,SBBR,SBRJ
14195,VABB,VOBL
14196,PAEN,PANC
14197,EGGD,EGPH
14198,LEMD,LIPE
14199,EGPH,OTHH
14200,KEWR,KFLL
14201,KSEA,KORD
14202,KRFD,KDFW
14203,KCMH,KCLT
14204,LFPG,KORD
14205,EBCI,LEMG
14206,KDFW,KHSV
14207,KIAH,KSAN
14208,KORD,KTYS
14209,KFCM,KAPA
14210,50OR,KBDN
14211,KRDU,KIAD
14212,LFMN,LFPO
14213,KTEB,KBUF
14214,KBWI,KSDF
14215,KFLL,KEWR
14216,KATL,KCVG
14217,EGHI,EGJA
14218,EPWA,LSZH
14219,KORD,KDCA
14220,KORD,KPHX
14221,KEWR,KATL
14222,KFUL,KSNA
14223,KEUL,08ID
14224,KSEA,KSNA
14225,EDDM,ESGG
14226,EHAM,EKCH
14227,LFBO,EHAM
14228,KHEF,KCJR
14229,KATL,KRDU
14230,EDDL,LEPA
14231,KNFG,KNYL
14232,LEAL,LEBL
14233,CYCD,CYVR
14234,ENGM,EPKK
14235,EHEH,LOWS
14236,KORD,KATL
14237,EDDF,EDDP
14238,KDFW,KFAT
14239,KBWI,KORD
14240,KSMF,KLAX
14241,ULLI,UUDD
14242,UAAA,VHHH
14243,KBWI,KFDK
14244,KLAX,CYUL
14245,KORF,KPHL
14246,CYUL,CNV9
14247,KBUR,KPHX
14248,KSFO,KATL
14249,KPHX,KMSP
14250,EDDM,OTHH
14251,KLAX,KSFO
14252,KORD,KFLL
14253,KMVY,KTEB
14254,EVRA,ENGM
14255,KBOI,08ID
14256,CYYZ,KEWR
14257,EPWA,LHBP
14258,KSEA,KATL
14259,LFPO,LPPT
14260,LDZA,EHAM
14261,KEWR,KTYS
14262,KLAS,KCTK
14263,KBWI,KMIA
14264,LEBL,LEMD
14265,KMIA,SKBO
14266,EBMB,LEMG
14267,KCPS,7IS2
14268,KJFK,KLAX
14269,KSEA,6WA3
14270,KE63,KFFZ
14271,VIDP,VABB
14272,EDDL,EDDC
14273,KSNA,KSFO
14274,LHBP,EHAM
14275,KBNA,KDCA
14276,KLAS,KSNA
14277,LFPG,LGAV
14278,KORE,KBED
14279,KBED,KBVY
14280,CYYC,CYUL
14281,KFAT,KSFO
14282,KLAX,KPDX
14283,KIAD,KMIA
14284,EDDM,LROP
14285,KPNS,KATL
14286,EKCH,KORD
14287,KSMF,KSNA
14288,LIML,LEPA
14289,K1H8,KC16
14290,EBBR,EDDM
14291,EPWA,ENGM
14292,EGLL,ESSA
14293,KLAX,KBOS
14294,KAPC,KAPA
14295,KVIS,KFCH
14296,KPDX,KONT
14297,LEMG,EGGP
14298,LYBE,LFPG
14299,LPPR,EGCC
14300,YSSY,YMML
14301,KPHL,KBNA
14302,CYXE,CYVR
14303,EDDF,LIPE
14304,SBGR,SBBR
14305,LEBL,LEMH
14306,RCTP,VHHH
14307,KATL,KHOU
14308,LEAL,EBAW
14309,LOWW,LFLP
14310,KDVT,KMYF
14311,KMSP,KPDX
14312,KADS,KF69
14313,KPYM,KBED
14314,KDCA,KLGA
14315,KJFK,KSFO
14316,KLNS,KFDK
14317,KSJC,KLAX
14318,KHOU,KDAL
14319,KLAX,PANC
14320,KIAH,KSJC
14321,K36U,KDVT
14322,KIAD,KDAY
14323,TJSJ,KSDF
14324,KFRG,KDXR
14325,LEPA,LEIB
14326,EPWA,LOWW
14327,LIPE,EGLL
14328,KATL,KIAD
14329,KPHL,KLAX
14330,KPHL,KMIA
14331,KIAD,KMDT
14332,KSEA,PANC
14333,ESGG,ESSB
14334,KVNY,KFAT
14335,KIAD,KATL
14336,KIAD,06VA
14337,EDDM,ENGM
14338,LEMD,LSGG
14339,EDWQ,EDWI
14340,KATL,KSAT
14341,EGLL,EGPD
14342,KSMF,KSNA
14343,KSAF,KTEX
14344,KORD,KDTW
14345,KPDX,KLAX
14346,KMYF,KSDM
14347,KIAD,KEWR
14348,CYXE,CYYZ
14349,KSAN,KPHX
14350,SBGR,SBRJ
14351,KBNA,KLGA
14352,YMMB,YBUP
14353,KLAS,KDFW
14354,KRHV,KC83
14355,KDFW,KSDF
14356,KNSE,0AL5
14357,KFAT,KSEA
14358,KIAH,KPHX
14359,KSJC,KDAL
14360,EDDM,LFBO
14361,KLAX,KBOS
14362,KBOS,KPHL
14363,EDLP,LEPA
14364,KRDU,KCLT
14365,KDVT,KE63
14366,KBJC,KAPA
14367,EDDF,LEMD
14368,KJFK,KHPN
14369,KDCA,KBOS
14370,VIDP,OM11
14371,KEWR,KMCO
14372,LFPG,LIRF
14373,KSMF,KDAL
14374,KBOI,KSFO
14375,KBED,KBOS
14376,LIPE,EDDK
14377,PANC,KPDX
14378,TJSJ,KMIA
14379,EGGD,EGPH
14380,EDDM,LFPG
14381,SBSP,SBBR
14382,KU77,KPVU
14383,KPHX,KSEA
14384,KPHL,KROC
14385,EGPD,EGLL
14386,KDEN,KDFW
14387,OERK,OEDF
14388,KATL,KDTW
14389,KLAS,KATL
14390,KSAN,KDFW
14391,KCLT,KMKE
14392,LFMN,LFPO
14393,KSJC,KTEB
14394,KU42,KPVU
14395,EPMO,EGSS
14396,LEMD,LFPG
14397,EKRN,EKCH
14398,KSEA,KMCI
14399,KSFO,KDFW
14400,KLAX,KJFK
14401,KBUR,KLAS
14402,KORD,KGRB
14403,KCVG,KMSP
14404,EPWA,EHAM
14405,EFOU,EFHK
14406,KIAD,KLGA
14407,KPHX,KEWR
14408,CYVR,CYYZ
14409,KMSP,KSAT
14410,LEBL,LIMC
14411,EDDB,LOWS
14412,LPPT,ELLX
14413,KATL,KMDW
14414,KIAD,KLAS
14415,KDEN,KABQ
14416,KSNA,KTEB
14417,LSZM,LTFJ
14418,KEWR,KATL
14419,KSEA,PANC
14420,ENZV,ENGM
14421,KADS,KF69
14422,KLAX,KAUS
14423,KHOU,KATL
14424,KSAT,KMDW
14425,KBOS,KCLT
14426,KMDW,KSAN
14427,KOAK,KTEB
14428,KFTG,CD13
14429,KBNA,KRDU
14430,KPHX,KBOI
14431,KMSP,KMCI
14432,EGPH,EGLL
14433,KDEN,KORD
14434,KVNY,KOAK
14435,EDDM,EKCH
14436,LEMG,EGKR
14437,EDDH,EDDS
14438,KSTL,KDTW
14439,KIAH,KLAS
14440,LEMD,EBBR
14441,EPWA,EDDL
14442,EGNS,EGGP
14443,KSMF,KBOI
14444,KCLT,KTYS
14445,LFPO,LFBO
14446,UKBB,LLBG
14447,KMSP,KSTL
14448,KCPS,7IS2
14449,TE34,KFTW
14450,KDEN,KOMA
14451,KMIA,KBOS
14452,KNSE,K12J
14453,KSTL,KATL
14454,ENVA,ENBO
14455,EDDF,EDDH
14456,EGGW,LEAL
14457,EDDM,EPKK
14458,KJFK,KSFO
14459,KSFO,KSEA
14460,YPPH,YBBN
14461,KSEA,KORD
14462,KLAS,KPSP
14463,KEWR,KPDX
14464,KATL,KDEN
14465,ESSA,EGLL
14466,VOMM,VIDP
14467,KSTL,44IS
14468,KLGA,KMIA
14469,KMSP,KLGA
14470,EDDH,LTFJ
14471,KMIA,SKBO
14472,LSZH,EGLL
14473,KBNA,KSLC
14474,EGNR,EDHI
14475,LYBE,UUEE
14476,KCMH,KPHL
14477,VIDP,VOBG
14478,EDDM,EHAM
14479,KMSP,KDEN
14480,KLAX,KIAD
14481,VOBL,OMDB
14482,EHEH,LHBP
14483,EPWA,EDDF
14484,EGSS,UK61
14485,LPPT,EDDF
14486,KFLL,KHOU
14487,EDDS,LEPA
14488,KORF,KATL
14489,YMML,YSSY
14490,EDDF,LDZA
14491,KMDW,KORF
14492,K47A,K26A
14493,KBNA,KMKE
14494,KDCA,KBOS
14495,KSJC,KTRK
14496,KBLI,KSEA
14497,KLUK,KIAD
14498,LPPR,LFPG
14499,KMDW,KBUR
14500,KHPN,KPVC
14501,KDAL,KBNA
14502,KORD,KDEC
14503,KCLT,KRDU
14504,KMCI,KMSP
14505,KUGN,KTYS
14506,LFBD,EHAM
14507,EFHK,EHAM
14508,ENGM,ESMS
14509,KVNY,KTRK
14510,KDET,KTEB
14511,KATL,KPVD
14512,KBUF,KBWI
14513,KNSE,K12J
14514,KIAD,KSDF
14515,LEIB,LEPA
14516,GMMN,LFPG
14517,KLAS,KSFO
14518,KEWR,KCVG
14519,EDDL,ESSA
14520,KAUS,KDAL
14521,KPHL,KATL
14522,LEMD,EDDF
14523,LEPA,LEMD
14524,SBRJ,SBSP
14525,KEDU,KSAC
14526,KBOS,KATL
14527,LSZM,LEBL
14528,KLGA,KFLL
14529,KMSN,KDFW
14530,KBNA,KMDW
14531,KIAD,KEWR
14532,SBSP,SBBR
14533,K61B,K1G4
14534,KDEN,KMCI
14535,LFPG,LFBO
14536,UKKK,EPWA
14537,KLAS,KLAX
14538,LEAL,EHAM
14539,KDAY,KATL
14540,LEMG,EGGW
14541,KVNY,KTEB
14542,KNZY,KNUC
14543,KHOU,KDFW
14544,KSAN,KBWI
14545,LIRF,EDDF
14546,UUWW,ULLI
14547,KCPS,7IS2
14548,KPDK,KPUJ
14549,KCLT,KEWR
14550,LEPA,EDDH
14551,KBNA,KPHL
14552,KPAE,KPHX
14553,LEBL,EGKB
14554,KLAX,KEWR
14555,EDDM,EBBR
14556,EPWA,ESSA
14557,LOWW,LEPA
14558,KMSP,KDEN
14559,KIAH,KLAX
14560,KPHX,KSEZ
14561,EIDW,LHBP
14562,YMML,YBBN
14563,EHAM,EGLC
14564,LEMD,LEPA
14565,KECP,KDCA
14566,KSEA,KMKE
14567,KPDX,KSEA
14568,ESSB,ESTA
14569,KDCA,KCLT
14570,KPWA,KAPA
14571,KRDU,4NC7
14572,KLGA,KMIA
14573,KDFW,KBWI
14574,KSAN,KLAS
14575,KCLT,KOMA
14576,KATL,KSTL
14577,KDFW,KABQ
14578,UUDD,OMDB
14579,LFQQ,LFBO
14580,KDAY,KPHL
14581,LEBL,LEIB
14582,KCMH,KATL
14583,KMSP,KMKE
14584,EGAA,EGSS
14585,KSEA,KDCA
14586,LTFJ,LTAC
14587,KHOU,KFTW
14588,KPHX,KSJC
14589,KMIA,KLGA
14590,EGLL,KORD
14591,KCLT,KMSP
14592,KATL,KTUS
14593,ESSA,EFHK
14594,KJFK,KBOS
14595,EDDM,LEBL
14596,KPIT,KDCA
14597,EGGW,EKCH
14598,KPHX,KNYL
14599,KFLL,KDTW
14600,KBNA,KPHL
14601,EDDH,EDDN
14602,VIDP,VOMM
14603,EVRA,EKCH
14604,KBWI,KATL
14605,KIAD,KORD
14606,KDCA,KFLL
14607,KPDX,KSNA
14608,EHAM,KBOS
14609,KPHL,KLGA
14610,EDDL,LSZH
14611,KIAD,KRDU
14612,KSEA,KPDX
14613,KCLT,KBOS
14614,KSAN,KFAT
14615,EDDM,ESSA
14616,SKBO,CYYZ
14617,SKBO,KMIA
14618,MI56,MI35
14619,KDFW,KORF
14620,LEBL,EHAM
14621,KATL,KLAX
14622,SBRJ,SSJC
14623,KDCA,KORD
14624,EBCI,LTFJ
14625,KPHL,KSRQ
14626,KDEN,KSAN
14627,KIAD,KPVD
14628,KSEA,KBOS
14629,EIDW,LEMG
14630,SBSP,SBRJ
14631,KNYL,KSBA
14632,KMKE,KMSP
14633,KRYY,KVPC
14634,EDDP,LFPG
14635,KBWI,KDTW
14636,KM33,KBNA
14637,KIAD,KBNA
14638,EGLL,OTHH
14639,KIAH,KSFO
14640,VABB,VIDP
14641,KATL,KBOS
14642,EDHI,LFBO
14643,KORD,KHPN
14644,LHBP,LEMD
14645,KRDU,KPHL
14646,EGAA,EGKK
14647,KATL,KABQ
14648,KBWI,KORF
14649,KSNA,KPHX
14650,KAUS,KPHX
14651,LFBD,EBCI
14652,KCMH,KMSP
14653,KMCI,KDTW
14654,KIAD,KROC
14655,KLAX,KORD
14656,KMSP,KBOS
14657,KPHX,KPDX
14658,KSEA,KPHL
14659,UUWW,ULLI
14660,KGEG,KSAN
14661,KDTO,4TX8
14662,KBUR,KSJC
14663,KIAD,NK54
14664,LMML,EDDF
14665,LPPT,ELLX
14666,CO18,KAPA
14667,KORD,KMSP
14668,KLAS,KBUR
14669,KDFW,KPHL
14670,KEWR,KMSP
14671,EPKT,LEMG
14672,LOWS,LOWW
14673,KBWI,KCVG
14674,KIAD,KAUS
14675,KMIA,KEWR
14676,VABB,VHHH
14677,KMSP,KPHL
14678,EDDL,EDDH
14679,KSEA,KEWR
14680,KBNA,KDEN
14681,KPHX,KMRY
14682,KLAX,KRDU
14683,KSNA,KMRY
14684,SBBR,SBGR
14685,LIEE,LIRF
14686,SKBO,KMIA
14687,KIAD,KATL
14688,KBOS,KEWR
14689,KIAD,KEWR
14690,KIND,KDEN
14691,KLAS,KOMA
14692,KAUS,KDEN
14693,KLEB,KBOS
14694,EGCC,EGAC
14695,KIAH,KABQ
14696,KMIA,KLAX
14697,ESSA,EIDW
14698,KGEG,KBOI
14699,KPIE,KTYS
14700,KIAD,KFLL
14701,KCLT,KPDK
14702,KCHD,KFFZ
14703,KSRQ,KATL
14704,KPHX,KSNA
14705,LIRF,LLBG
14706,YBBN,YMML
14707,KDTW,KPHL
14708,KSEA,PANC
14709,KDAL,KOMA
14710,KSMF,KSEA
14711,ELLX,LSZH
14712,KDFW,KSDF
14713,KLAX,KIAD
14714,LEMD,EDDF
14715,LEBL,LSGG
14716,RCTP,RJBB
14717,KOKC,KHOU
14718,EDDM,LIPZ
14719,OK08,KDFW
14720,LEZG,LEPA
14721,KSTP,KMDW
14722,LEPA,EDDL
14723,KSMO,KFAT
14724,EGNL,EGGD
14725,KU77,KPVU
14726,KJFK,KMIA
14727,KLAX,KPHX
14728,KMCI,KDAL
14729,KM54,KMQY
14730,LFBO,LFPO
14731,KLZU,KPDK
14732,ENGM,ENHD
14733,EDDM,LSGG
14734,KPHX,KSBP
14735,KCLT,KSAN
14736,EDSB,LEPA
14737,KMSP,KGRB
14738,KBVI,32PN
14739,KPHL,KPVD
14740,KEWR,KLDJ
14741,KDFW,KSEA
14742,KIND,KATL
14743,KORD,KBWI
14744,KBWI,KBOS
14745,KSAT,KIAD
14746,KDFW,KBUF
14747,KIAD,3NK5
14748,KLAX,KSAT
14749,KSBP,KONT
14750,KIAH,KPDX
14751,KSEA,KBOI
14752,KLOU,59KY
14753,KTUL,KDFW
14754,KAPA,KGXY
14755,KOWD,KBED
14756,ENGM,EHAM
14757,LIRF,LMML
14758,LFPG,LFBD
14759,KCLT,KDTW
14760,KFTY,KCTJ
14761,EPWA,EDDM
14762,KLAS,KBOI
14763,KJFK,KFLL
14764,EDDW,LFBO
14765,KDEN,KSNA
14766,LIBD,LIPE
14767,KNSE,KGZH
14768,LSZH,LGAV
14769,LEMD,LIML
14770,KATL,KEWR
14771,KPHX,KSEA
14772,EKCH,ENBR
14773,KEWR,KPHL
14774,EDDM,UKBB
14775,CPN8,CLC2
14776,KMSP,KATW
14777,KLAS,KPHX
14778,KIND,KMSP
14779,CYVR,CYUL
14780,KSEA,KIAD
14781,KLAX,KSFO
14782,KIAD,KCMH
14783,KPHX,KONT
14784,LIPH,LIBD
14785,LIPE,EBBR
14786,KATL,KDFW
14787,LEAL,EHAM
14788,KBUR,KOAK
14789,KFRG,KBDR
14790,ESSA,EHAM
14791,KBOS,KLAX
14792,KAPA,KGXY
14793,KCLT,KSRQ
14794,KDFW,KMIA
14795,KMIA,KBOS
14796,LTFJ,OTHH
14797,KATL,KLGA
14798,KSEA,35OR
14799,LEMD,EDDF
14800,KAEG,NM61
14801,LEBL,LFPO
14802,KCLT,KPHX
14803,VOBL,VECC
14804,YSSY,YBBN
14805,TXKF,KBOS
14806,KIAD,KEWR
14807,KDTW,KFLL
14808,KPIT,KPHL
14809,KFAY,KATL
14810,KORD,KDTW
14811,KFUL,KWHP
14812,KATL,KMCO
14813,VIDP,VABB
14814,KSMF,KIAD
14815,82PA,KATL
14816,LEMG,EFHK
14817,LOWW,LFPG
14818,KSEA,KBWI
14819,KDFW,49FD
14820,KATL,KSDF
14821,KPHX,KAUS
14822,EDDN,LEPA
14823,KTEB,KHPN
14824,KSEA,KSTL
14825,ESSA,EKCH
14826,SBGR,SSJC
14827,KAUS,KORD
14828,KMAE,KFAT
14829,LROP,EDDF
14830,KBOS,KJFK
14831,KJFK,TXKF
14832,LEPA,LEBL
14833,KBWI,KDFW
14834,LEAL,LIMC
14835,LIPE,LEMD
14836,KGOK,0OK5
14837,KLAX,KPHX
14838,KVNY,KSNA
14839,EGPH,EGAA
14840,KSMF,KPDX
14841,KIAD,KDTW
14842,KSUS,KAPA
14843,LOWW,LEPA
14844,KDFW,KSBA
14845,LIML,EGLL
14846,KPIT,KBOS
14847,KBNA,KLGA
14848,KSEA,KORS
14849,KPHL,KSDF
14850,KIAD,KDFW
14851,KOAK,KSNA
14852,KLGA,KBNA
14853,KDAL,KATL
14854,VABB,VIDP
14855,KSAT,KLAS
14856,KMSP,KDTW
14857,ENGM,EPGD
14858,KAVQ,KFFZ
14859,KATL,KLAX
14860,KLAX,KEWR
14861,KPHX,KSAN
14862,LOWW,EDDK
14863,ENBR,ENZV
14864,KBNA,KDTW
14865,LOWW,EGLL
14866,KHIO,19WA
14867,EDDL,LTFJ
14868,WMKK,VHHH
14869,IN93,KORD
14870,KCMH,KLGA
14871,KEWR,CYYZ
14872,LSGG,LPPT
14873,KCLT,KPHL
14874,KPDX,KBOI
14875,EGSS,EDDP
14876,KMKC,KLUK
14877,KGEG,KBFI
14878,EDDB,EDFM
14879,KSJC,KPHX
14880,CYVR,CYWG
14881,KFLL,KBNA
14882,KCLT,KLAX
14883,KMIA,SKBO
14884,KPAE,KSNA
14885,KDFW,KMSN
14886,LPPT,LFPO
14887,KDCA,KBNA
14888,KONT,KDFW
14889,KSFO,KSNA
14890,KPHX,KBUR
14891,KTUS,KLAX
14892,KBWI,KCMH
14893,KJFK,KSFO
14894,LOWW,EBBR
14895,EGNL,EGNX
14896,LROP,LIRF
14897,KORD,CYYZ
14898,EDDM,EDDG
14899,LEMD,LFPO
14900,KORD,KBWI
14901,KCLT,KMCO
14902,KMSP,KTUL
14903,LFPG,CYUL
14904,LOWW,EHAM
14905,LEPA,EDDM
14906,EKCH,EHAM
14907,KSEA,KMSP
14908,KDAL,KOMA
14909,KADS,KTKI
14910,KPHL,KSYR
14911,KSJC,KHOU
14912,EDDF,LLBG
14913,KPHX,KSBA
14914,ENGM,LFPG
14915,KSAT,KHOU
14916,LIMJ,LIBD
14917,KABE,KCLT
14918,KMCI,KATL
14919,KBWI,KROC
14920,LIRF,LIML
14921,LSGG,LEMG
14922,ENVA,ENGM
14923,KBOI,08ID
14924,EPWA,EKCH
14925,KLAS,KSAT
14926,EVRA,ESSA
14927,KSEA,KJFK
14928,KSFO,KS03
14929,KDFW,KSAT
14930,LOWW,LSGG
14931,EDDM,EDDL
14932,KDEN,KLAX
14933,KSTL,KPDK
14934,KSAT,KDFW
14935,LFPG,LPPT
14936,ULLI,UUWW
14937,LOWW,EDDL
14938,LEPA,EGKR
14939,KPHX,KSAN
14940,KDAY,KDFW
14941,KPYM,KOWD
14942,KHOU,KDEN
14943,CYQS,CYKF
14944,KLGA,KCLT
14945,VOBL,VABB
14946,KBWI,KBUF
14947,KBOS,KMSP
14948,LFBO,LEMD
14949,CYYC,CYKF
14950,LLBG,UKBB
14951,CYMX,CYYZ
14952,KFLL,KATL
14953,LOWW,EDDF
14954,KCLT,KSTL
14955,LPPR,EDDB
14956,LFBD,LSZM
14957,KVNY,KMOD
14958,LIRF,GMMN
14959,KPHX,KTUS
14960,KFTW,KSAT
14961,KSEA,KPDX
14962,UUEE,ULLI
14963,LEMD,EHAM
14964,54OK,KRVS
14965,KJFK,KSYR
14966,LFML,LFKJ
14967,LOWW,LIPZ
14968,KSTL,KMSP
14969,KSAN,KBOS
14970,CYCD,CYVR
14971,KPDX,KLAS
14972,ENGM,ENBO
14973,KFFZ,KA39
14974,KSAT,KDFW
14975,KDAL,KSJC
14976,CYOW,CYUL
14977,LIME,LIED
14978,KCLT,KJFK
14979,UUDD,ULLI
14980,EGGP,LEBL
14981,KSFO,KDCA
14982,KFCM,KFBL
14983,KDFW,KTUS
14984,VECC,VABB
14985,KPHL,KMCO
14986,KPHX,KLAS
14987,LIRF,EHAM
14988,KLAX,KMCO
14989,LOWW,ESSA
14990,KJFK,KMCO
14991,KMSP,KMCO
14992,EHRD,LEBL
14993,KSLC,KBOI
14994,KATL,KRDU
14995,KBWI,KISP
14996,KLAX,KBOS
14997,KLAS,KBUR
14998,KDFW,KMCI
14999,KBUR,KOAK
15000,KSEA,KIAD
15001,KAUS,KFLL
15002,KBOS,KPVC
15003,49NY,KHPN
15004,OI34,7OA7
15005,KDAL,KECP
15006,KMSP,KEWR
15007,KSFO,KLAX
15008,LEMD,EDDB
15009,KLBE,KFLL
15010,KDFW,1MU0
15011,LSGG,EHAM
15012,KATL,KPHL
15013,KLAX,KSFO
15014,LSZH,LEMG
15015,KBNA,KM33
15016,EKCH,LSGG
15017,KORD,KTYS
15018,EDDL,LHBP
15019,KDFW,KLAX
15020,CYYC,CYYZ
15021,KBOI,KLAX
15022,KLGA,KDFW
15023,KSTL,KFLL
15024,KLAX,KDFW
15025,KCLT,KBUF
15026,EPWA,OTHH
15027,KAUN,KTVL
15028,KLAS,KSAN
15029,ULLI,UUEE
15030,LIRA,LROP
15031,KSFO,KAUS
15032,KORD,KBUF
15033,KF70,KMYF
15034,KFFZ,KA39
15035,KPHL,KMCO
15036,KEWR,KSRQ
15037,KRNM,KF70
15038,KBED,KTEB
15039,MA72,KBOS
15040,LIPE,EHAM
15041,EPKK,EGGW
15042,LIML,LIRF
15043,KPHL,KTYS
15044,LKPR,LGAV
15045,KBUR,KSBP
15046,PANC,KDFW
15047,EGLL,KJFK
15048,KIAH,KLAS
15049,KDTW,KMCO
15050,KLAS,KDAL
15051,KCLT,KDAY
15052,KLGA,KSRQ
15053,KOAK,KLGB
15054,EDDL,LOWW
15055,LOWW,EDDS
15056,KOMA,KDTW
15057,LFPG,LEPA
15058,LEBL,LEPA
15059,KDAL,KSNA
15060,KDFW,KSDF
15061,EDLW,LEPA
15062,VIDP,VECC
15063,KDFW,KLAX
15064,KPVU,KU42
15065,ESMS,ESSA
15066,KORD,KRDU
15067,KPHX,KLAS
15068,KLAX,KOAK
15069,KBWI,KEWR
15070,LTAC,LTFJ
15071,KFCM,1MN8
15072,ENBR,ENGM
15073,LOWW,EKCH
15074,EVRA,UUEE
15075,KOSU,OI01
15076,KIND,KLGA
15077,EGGD,EIDW
15078,KEWR,KDFW
15079,KIKK,KLAF
15080,ELLX,LOWW
15081,LSGG,LGAV
15082,KORD,KLAX
15083,LOWW,EDDH
15084,KDFW,KSTL
15085,LOWW,LEBL
15086,LKPR,UKBB
15087,KSBA,KSNA
15088,EGNX,LIMC
15089,KSFO,KORD
15090,EGLL,LPPT
15091,KCMH,KBNA
15092,KBOS,NH78
15093,KBOI,KPDX
15094,KMIA,KDFW
15095,KDAL,KPHX
15096,LEIB,LEMD
15097,RCTP,ZUCK
15098,KEWR,KATL
15099,KSTL,KMCO
15100,LOWW,LSZM
15101,KBWI,KDFW
15102,KDEN,KPHX
15103,LROP,OTHH
15104,LFST,LFBO
15105,CYVR,CYYC
15106,KDFW,KSEA
15107,ULLI,EFHK
15108,ENBR,ENZV
15109,KSNA,KDFW
15110,KSDM,KMYF
15111,KTEX,KAPA
15112,KPHX,KSNA
15113,KAUS,KSTL
15114,KSEA,KFLL
15115,KSLC,KLAX
15116,KNSE,KGZH
15117,KLAX,CYVR
15118,LIRF,LIBR
15119,KLAX,KAUS
15120,KOMA,KDFW
15121,CYYC,CYUL
15122,KTKI,K2F7
15123,LEBL,KJFK
15124,LIML,LFPO
15125,KPHL,KRDU
15126,EBCI,LEAL
15127,KDTW,MI38
15128,75OK,OK16
15129,KORD,KROC
15130,LEPA,EDDF
15131,KRAL,KRNM
15132,KSQL,KFAT
15133,EPGD,EPWA
15134,KLAX,KFLL
15135,K2A5,KTTA
15136,LSGG,LEPA
15137,CYCD,CAP3
15138,EIDW,LPFR
15139,KSAN,KATL
15140,KMDW,KLAS
15141,KPHX,KSFO
15142,KIAD,KSFO
15143,KLNK,KOMA
15144,LIML,LIBD
15145,KCOS,KGXY
15146,KLAS,KSEA
15147,LPMA,LPPT
15148,K61B,K1G4
15149,LPPR,LEMD
15150,LOWW,EDDM
15151,CYXE,CYYC
15152,YPPH,VHHH
15153,KLAX,KAUS
15154,KSYR,KDCA
15155,LEPP,LEMD
15156,KMDW,KATL
15157,CYYC,CYVR
15158,KPHX,KPSP
15159,KATL,KSRQ
15160,LSZH,ENGM
15161,ULMM,UUEE
15162,KMIA,KORD
15163,KRBD,KDTO
15164,KBFI,PANC
15165,KMCI,KMDW
15166,KFCH,KVIS
15167,LEZG,OTHH
15168,KMKE,KLAS
15169,KLAS,KIAD
15170,KSFO,KDFW
15171,VECC,VIDP
15172,KMSP,KOMA
15173,LFML,EGLL
15174,KISP,CYUL
15175,LEBL,LEIB
15176,KLAX,KDAL
15177,KSEA,KBLI
15178,KSTL,KBOS
15179,KSFO,KONT
15180,LPFR,LPPT
15181,KDEN,KSFO
15182,CYYC,CYXE
15183,KIAD,KSTL
15184,LEIB,LEBL
15185,KLAS,KSFO
15186,GMMN,LFBO
15187,LOWW,LIRF
15188,KMDW,KPHX
15189,LSGG,LPPR
15190,KGRR,KMSP
15191,KGRI,KOMA
15192,KAUS,KATL
15193,LFPG,GOBD
15194,LPPR,LPPD
15195,UUEE,ULLI
15196,KPHX,KNYL
15197,LSZH,EHAM
15198,ELLX,LIRF
15199,KSTL,KMDW
15200,KDEN,KFLL
15201,KMDW,KSDF
15202,KRDU,NC03
15203,LEMG,EHEH
15204,KMSP,KMDW
15205,KHOU,KATL
15206,KPDK,4GA9
15207,LOWW,EHAM
15208,KPHX,KSJC
15209,KSEA,KSJC
15210,KDFW,KOKC
15211,LIRF,LPPT
15212,KBNA,KMSP
15213,LOWW,EDDV
15214,KORD,KFLL
15215,KLGA,KORD
15216,UKBB,LOWW
15217,KMSP,KLNK
15218,KRVS,19OK
15219,EGKK,GMMN
15220,KGVT,KADS
15221,EDDB,EDDK
15222,LFML,LPPT
15223,YPPH,YMML
15224,UWWW,UUWW
15225,KAUS,KIND
15226,KPHX,KLGB
15227,LSZH,LMML
15228,KDFW,KHOU
15229,EGSS,EDDK
15230,LEZL,LEMD
15231,KSNA,KMRY
15232,KSAN,KSFO
15233,KLAX,KHOU
15234,KJFK,KCLT
15235,KVNY,KSAN
15236,KBNA,KEWR
15237,EDDM,EDDH
15238,EHAM,LIRF
15239,NK43,KCLT
15240,KMIA,KRDU
15241,KPIT,KDCA
15242,KSFO,KLAX
15243,KDEN,KSFO
15244,LPPT,LPFR
15245,KMMU,4NY1
15246,KGEG,KSEA
15247,KFDK,KFME
15248,LFPO,LHBP
15249,EDDF,EDDH
15250,KDFW,KOMA
15251,KSJC,KSNA
15252,LIEE,LIML
15253,KMDW,KMSP
15254,KBOS,KFLL
15255,KSMF,KSAN
15256,LSZH,EKCH
15257,KRVS,KMKO
15258,KBFI,PANC
15259,EGPD,ENZV
15260,KBNA,KDEN
15261,KLAX,KPDX
15262,KDEN,KMIA
15263,KFLL,KLGA
15264,EDDK,LEBL
15265,ENBO,ENGM
15266,OK50,KAFW
15267,KMSP,KATL
15268,KLGA,KMCO
15269,KPHL,DE12
15270,KORD,KGRB
15271,KAFW,3TX2
15272,KOMA,KATL
15273,LIME,LTFJ
15274,KPHX,KLAX
15275,KRHV,KSBP
15276,KLAS,KBWI
15277,KBOS,MA55
15278,LFBO,LFPO
15279,KBJC,KLMO
15280,YMML,YSSY
15281,LSGG,LFPB
15282,CYVR,KSEA
15283,KOAK,KPHX
15284,KSFO,KSAN
15285,KSEA,KMSP
15286,LEPA,LEBL
15287,KORD,KSRQ
15288,KNUC,KNZY
15289,YPPH,YBCG
15290,KIAD,KJFK
15291,CYYC,CYYZ
15292,KIAH,KSAT
15293,2NJ1,KABE
15294,LFPO,LTFJ
15295,KDEN,KSTL
15296,KDEN,KGXY
15297,KJFK,KMVY
15298,EGLL,LGAV
15299,KBLI,KLAS
15300,LFBO,LFPO
15301,LIRF,LGAV
15302,KDFW,KONT
15303,KBVY,KBED
15304,KTYS,KATL
15305,KLAX,KPHX
15306,KDCA,KJFK
15307,MI77,KBTL
15308,KPHX,KDAL
15309,LFMN,LFPO
15310,KADS,KF69
15311,KSEE,CA75
15312,KORD,KMKE
15313,KMOD,KLVK
15314,KCLT,KDCA
15315,PANC,KMIA
15316,EGAA,EGBB
15317,KFLL,KDFW
15318,LEPA,LEMD
15319,LFBD,LEMD
15320,KSTL,KBNA
15321,EDNY,EDDL
15322,EDDF,LDZA
15323,KBKF,K11V
15324,KFAT,KVIS
15325,KORF,KCLT
15326,LOWW,LSZH
15327,KSFO,KPDX
15328,KDFW,KONT
15329,KGXY,KBJC
15330,KEWR,KCVG
15331,LEMG,LEMD
15332,9PS2,KAXQ
15333,KJNX,KRDU
15334,KDEN,CYVR
15335,KIAD,KPHL
15336,EGNP,LEMG
15337,KLAX,KSTS
15338,KCLT,KCVG
15339,KSFO,KFAT
15340,KGKJ,1PA5
15341,MA72,KBOS
15342,KMIA,KATL
15343,LIEE,LIMC
15344,EHAM,BIKF
15345,KORD,KLGA
15346,EBCI,LGAV
15347,KSTL,KDCA
15348,KMVY,KBOS
15349,OEDF,OBBI
15350,KNSE,KGZH
15351,LIMC,LKPR
15352,CYYC,CYWG
15353,KCLT,KDFW
15354,KORD,KDTW
15355,KGXY,KAPA
15356,EDDB,EDDF
15357,KIAD,KBUF
15358,KIAD,KBOS
15359,KPHX,KLGB
15360,KFHR,KBFI
15361,KJFK,EBLG
15362,ENVA,EHAM
15363,ENGM,ESSB
15364,EGLL,EIDW
15365,KIND,KEWR
15366,LEIB,LEMG
15367,KLAX,KMIA
15368,KPHX,KOAK
15369,KORF,KDFW
15370,KORD,KPNS
15371,VECC,VIDP
15372,KFXE,KMIA
15373,LIME,ESGG
15374,KCLT,KMDT
15375,KDEN,KSAT
15376,KSEA,KMCO
15377,LOWW,LEBL
15378,KMOD,KSAC
15379,KFLL,KRDU
15380,ESSA,ESMS
15381,LIRF,LIBR
15382,KORD,KPIT
15383,LSZH,EDDN
15384,YMML,YPAD
15385,CYVR,CML2
15386,KAUS,KORD
15387,LEMD,LEBL
15388,EDDF,EGLL
15389,LFML,LFKJ
15390,KFRG,2NK3
15391,KMCI,KOAK
15392,KPVD,KDCA
15393,KSTL,KBWI
15394,LFPO,LPPR
15395,LPPR,EBBR
15396,KMIA,SKBO
15397,LIPZ,EHAM
15398,SBSP,SSJC
15399,KLAX,KLAS
15400,KORD,KSFO
15401,KLGA,KRDU
15402,KPHL,KPNE
15403,KSEA,KSJC
15404,KPIT,KEWR
15405,LIRF,EVRA
15406,CYYJ,CYCW
15407,PANC,KSEA
15408,KNSE,KGZH
15409,KPHX,KSEA
15410,KTKI,KADS
15411,KDFW,KBOS
15412,KBUR,KPDX
15413,KSNA,KSJC
15414,KIWA,KMZJ
15415,LSZH,LOWW
15416,KDFW,KSNA
15417,KSFO,KIAD
15418,KORD,KDEN
15419,KSLK,KBOS
15420,KEWR,KATL
15421,KSTL,KATL
15422,KSDF,KMQY
15423,KLAX,TS53
15424,KDVT,KPAN
15425,LFPO,LIRF
15426,KORD,KBNA
15427,KORD,KEWR
15428,KDEN,KLNK
15429,KDTW,KMCO
15430,KPHX,KONT
15431,KGEG,KYKM
15432,KSLC,KLAS
15433,KOAK,KSEA
15434,LPPT,LEMD
15435,EGFF,EHAM
15436,KTOA,KCMA
15437,KROC,KDTW
15438,KDFW,KBOS
15439,SN59,00KS
15440,EKYT,EKCH
15441,KCLT,KBNA
15442,KNSE,K12J
15443,EIDW,EVRA
15444,LEMD,LFPG
15445,ENGM,ENBO
15446,KORD,KBOS
15447,KAUS,KHOU
15448,KLAX,KATL
15449,LIMC,LEBL
15450,KAPA,CO86
15451,KDEN,KPHL
15452,KPHX,KSAT
15453,LEPA,EDDV
15454,KLGA,KMIA
15455,KSEA,KLAX
15456,KLGB,KCRQ
15457,KMIA,KEWR
15458,KWHP,KCMA
15459,KBUF,KJFK
15460,LIPZ,LFPG
15461,KORF,KDCA
15462,EDDL,EDDM
15463,LSZH,ESSA
15464,KONT,KOAK
15465,KCLT,KSDF
15466,LEBL,EHAM
15467,KTEB,KHPN
15468,KSFO,35OR
15469,KPHX,KTUS
15470,LFML,LFPO
15471,KORD,KSTL
15472,KDFW,9CA0
15473,KDAL,KHOU
15474,LPPT,LPMA
15475,KADS,KFTW
15476,KRDU,KJFK
15477,EKYT,EKCH
15478,EHAM,KJFK
15479,KSEA,KLAX
15480,KORD,IN30
15481,SKBO,KMIA
15482,KAVP,KCLT
15483,KNSE,0AL5
15484,KBUR,TS53
15485,KLAX,KMSN
15486,KSLC,KJFK
15487,KBWI,KCLT
15488,KPHX,KSNA
15489,LIBD,LIME
15490,KGXY,KFNL
15491,EGBB,LPFR
15492,LDZA,EDDF
15493,LLBG,LFPG
15494,LEMG,LIRF
15495,TXKF,KJFK
15496,LKTB,LKPR
15497,KSLC,KLAS
15498,LEPA,LEMG
15499,KLGA,KDCA
15500,LSZH,LSGG
15501,KIAD,KORF
15502,CYYC,CYVR
15503,LEBL,EDDK
15504,EDDP,EGNX
15505,SBSP,SBRJ
15506,EFTU,EPGD
15507,EGSS,LIPZ
15508,KPIT,KMSP
15509,KLAX,KSDF
15510,KDEN,KLAX
15511,EDDK,EDDB
15512,CYVR,KLAX
15513,KATL,MMUN
15514,EPRZ,EPWA
15515,KNSE,K12J
15516,LYBE,LSZH
15517,KDCA,KLGA
15518,KSEA,KATL
15519,KSBA,KSMO
15520,CYHM,CYYC
15521,ESSA,ENGM
15522,KORD,KLAX
15523,KHPN,KDCA
15524,KCXY,KLNS
15525,KLAS,KSNA
15526,KBJC,KGXY
15527,CO18,KAPA
15528,EETN,EVRA
15529,EDDS,LTFJ
15530,KMAN,KS67
15531,5AZ3,KPAN
15532,KFLL,KJFK
15533,KDFW,MMUN
15534,KSNA,KSEA
15535,LEBL,LEPA
15536,KORD,KMSN
15537,KDEN,KMCO
15538,KSTL,KLAX
15539,KDEN,KSDF
15540,KOAK,KPSP
15541,UUDD,ULLI
15542,LEPA,LSZH
15543,KSRQ,KJFK
15544,ELLX,OMDW
15545,LFPG,EDDF
15546,KECP,KATL
15547,LFNR,LFGC
15548,KADS,KF69
15549,KMDW,KPHL
15550,LFPB,EGGW
15551,KHOU,KLGA
15552,KADS,KF69
15553,KLGA,KBOS
15554,KDCA,KATL
15555,EGLL,LIRF
15556,KMSP,KMSN
15557,KCLT,KMIA
15558,KDFW,KMCO
15559,KLAS,KDFW
15560,LFPO,LFBO
15561,KLAX,KOAK
15562,LFPG,LEBL
15563,KAUS,KBOS
15564,KRDU,KDFW
15565,KATL,KDCA
15566,TXKF,KBOS
15567,KBED,K2B3
15568,KOMA,KMSP
15569,EKCH,LSZH
15570,KBOS,KDCA
15571,MA36,KLWM
15572,CYYC,CYYJ
15573,KOAK,KLAX
15574,KORD,KBOS
15575,KORD,KORF
15576,KSAT,KATL
15577,KHSV,KATL
15578,KBUF,KEWR
15579,KDFW,KDTW
15580,EDDK,LOWW
15581,KDEN,MMUN
15582,KAPA,KVNY
15583,LEZL,LEPA
15584,KSFO,KBOI
15585,KSNA,KVGT
15586,EDDH,LOWW
15587,KLGA,KATL
15588,KCMH,KDCA
15589,KPIT,KBOS
15590,KDFW,KCOS
15591,KPAO,KHAF
15592,ENGM,EVRA
15593,EDDS,EDDP
15594,EDDF,LTFJ
15595,EGLL,KJFK
15596,LIML,EHAM
15597,LSZH,LSGG
15598,UAII,UAAA
15599,KBUF,KDTW
15600,VIDP,VOBL
15601,KFLL,KPHL
15602,KSDF,KATL
15603,LEVX,LEMD
15604,KDEN,KDCA
15605,KDCA,KDTW
15606,LOWW,EPWA
15607,YBBN,YSSY
15608,KEEN,KBED
15609,WSSS,YPPH
15610,KCLT,KJFK
15611,KA39,KFFZ
15612,EHAM,EDDF
15613,LFPG,EHAM
15614,KPHX,KHOU
15615,LFPX,LFPN
15616,KLGA,KCLT
15617,LIBD,LIMC
15618,KECP,KBNA
15619,EDDS,LEBL
15620,LFRS,LFBO
15621,EDDH,EDDM
15622,KSNA,KSLC
15623,VHHH,OMDB
15624,KDEN,KPHX
15625,CYYZ,CYUL
15626,KSFO,KPDX
15627,KSAN,KSJC
15628,KCLT,KDAY
15629,KATL,KSFO
15630,KMVY,KJFK
15631,KBNA,KDEN
15632,KCLT,KIAD
15633,KSJC,KLAX
15634,LPFR,EGCC
15635,KORD,KDCA
15636,KBWI,KALB
15637,EPWA,ESGG
15638,KRDU,KATL
15639,LSZH,LTFJ
15640,CYUL,GMMN
15641,CYWG,CYVR
15642,EPGD,EHAM
15643,EGAC,EHAM
15644,KMDW,KDAL
15645,KCWA,KMSP
15646,LIML,EBBR
15647,KATL,KECP
15648,TJSJ,KEWR
15649,CYVR,CYYZ
15650,KSAN,KHOU
15651,CYOW,CYYZ
15652,KSTL,KDEN
15653,KACK,KPVD
15654,EBMB,EHAM
15655,KLAX,KMSP
15656,LIMF,LICZ
15657,KBFI,KFHR
15658,KMIA,SBKP
15659,KDEN,KSBA
15660,KORD,KMIA
15661,KSGF,KDFW
15662,KCMH,KDEN
15663,KCLT,CYUL
15664,EKBI,EKCH
15665,KPHL,KBNA
15666,EGLL,LDZA
15667,LEBL,LEZL
15668,KPHX,KIAD
15669,KDFW,KRDU
15670,KORD,KMCO
15671,LLBG,LIME
15672,KLAX,KEWR
15673,KSFO,KBOS
15674,KHGR,KFDK
15675,KSMF,KPDX
15676,KIND,KDCA
15677,LSZH,LEBL
15678,K47A,KCZL
15679,KATL,KHOU
15680,VIDP,VOMM
15681,CYYC,CYVR
15682,RCTP,VHHH
15683,YPPH,YSSY
15684,KOAK,KSLC
15685,KCLT,KORD
15686,EDDB,LFPG
15687,KDEN,KAUS
15688,LPPT,LPPD
15689,SBKP,SSJC
15690,KVPS,KATL
15691,KLAX,KLAS
15692,KDFW,KBNA
15693,KGAI,KFDK
15694,CYYZ,CYYC
15695,KIAD,KALB
15696,K12J,KNSE
15697,KMIA,KBNA
15698,KSNA,KHHR
15699,KDEN,KBWI
15700,KATL,KSRQ
15701,EDSE,EDDS
15702,KORD,MMUN
15703,LEZL,LFFI
15704,KLAS,KPDX
15705,LEMD,LEIB
15706,EKCH,EDDL
15707,KLAX,KPHX
15708,KNSE,KGZH
15709,UAAA,UAII
15710,TJSJ,KJFK
15711,KBNA,KORD
15712,KSNA,KSFO
15713,KPHX,KDFW
15714,EGAA,EGGP
15715,LSZH,EHAM
15716,KMSP,KDFW
15717,LEBL,LIPE
15718,KE63,KDVT
15719,K1G4,K61B
15720,KOAK,KSAN
15721,LIML,LIRF
15722,KDTW,KBOS
15723,KTYS,KORD
15724,KDCA,KMCO
15725,CYYC,CYQQ
15726,KDEN,KAUS
15727,LEIB,EHAM
15728,KLAS,KSEA
15729,KPHX,KLAS
15730,KA39,KFFZ
15731,KDEN,KOMA
15732,PANC,KSEA
15733,LKPR,EHAM
15734,KCLT,KATL
15735,KATW,KDTW
15736,EIDW,EHAM
15737,KIWA,KBUR
15738,KNSE,KGZH
15739,KMIA,KDAL
15740,KOKC,KDEN
15741,EDDF,EDDM
15742,LDZA,LSZH
15743,LEMD,LEBL
15744,KGKY,KJWY
15745,LEMG,EHAM
15746,LSZH,EDDH
15747,KGXY,KAPA
15748,ENZV,EHAM
15749,CYYC,CYXE
15750,KLAX,KPHL
15751,KBOS,KMSP
15752,LEBL,LEMD
15753,KMKE,KATL
15754,KSAN,KORD
15755,CYVR,CYOW
15756,KORD,KCMH
15757,LEBL,LEMH
15758,KFFZ,KA39
15759,KDCA,KCVG
15760,CYYZ,KDTW
15761,KMDW,KMCI
15762,EDDL,EHAM
15763,KSNA,KCMA
15764,KJFK,GMMN
15765,KPHX,KBUR
15766,LEMG,LPFR
15767,GMMN,LFPO
15768,KPYM,K1B9
15769,KLAX,KSJC
15770,KDFW,KMKE
15771,EPWA,EPSC
15772,SBSP,SBRJ
15773,LEPA,LFPG
15774,KBWI,KEWR
15775,KSTS,CL36
15776,KMCI,KDCA
15777,CYYC,CYVR
15778,KNSE,KGZH
15779,KPHL,KMDW
15780,KDAL,KMCI
15781,KVGT,KU08
15782,KLAS,KMDW
15783,ENZV,ENGM
15784,KPHX,KSEA
15785,KSAN,KDFW
15786,EGNV,EHAM
15787,KRYN,KAVQ
15788,KATL,KORF
15789,EKCH,EKRN
15790,KLGB,KCPM
15791,KNUC,KNZY
15792,LFML,LEMD
15793,KOKC,KHOU
15794,EDDF,LLBG
15795,KATL,KORD
15796,KMIA,SKBO
15797,KIND,KJFK
15798,K11V,KAPA
15799,KDEN,KORD
15800,KLOU,3IN6
15801,KFAT,KLAX
15802,KDEN,KMSP
15803,KDTW,KATL
15804,LKPR,EDDH
15805,LDZA,EPWA
15806,KLAX,KLAS
15807,KPHX,KFAT
15808,KSLC,KEWR
15809,KDCA,KMIA
15810,KSFO,KPHX
15811,KPHX,KOMA
15812,ENGM,EFHK
15813,KDFW,KDEN
15814,KORD,KBOS
15815,KDEN,KSFO
15816,KFLL,KEWR
15817,LEBL,LEIB
15818,KGRB,KDTW
15819,KSEA,KDFW
15820,EGGP,EGNS
15821,KLAX,KABQ
15822,KBOS,KRDU
15823,KSQL,KHHR
15824,KDEN,KTUL
15825,EGLL,KIAD
15826,KMIA,KJFK
15827,KDEN,KLAS
15828,KMKE,KDCA
15829,FAOR,FACT
15830,KLGB,KTOA
15831,EGLC,EGPH
15832,CYYC,CYXX
15833,KBNA,KMIA
15834,ELLX,EHAM
15835,EGPH,LFPG
15836,KATL,KVPS
15837,KORD,KPHX
15838,KSAN,KBNA
15839,EDDM,EDDF
15840,KPIT,KJFK
15841,ULLI,UUWW
15842,EHEH,LEAL
15843,KPVD,KMVY
15844,VOMM,VIDP
15845,LEBL,LEMD
15846,KHPN,KORD
15847,LPMA,LPPR
15848,KFLL,KCVG
15849,KMSP,KEWR
15850,KDEN,KLGA
15851,LFPO,LEBL
15852,KRDU,KCLT
15853,LSZH,LEPA
15854,KDFW,KSEA
15855,KSFO,KEWR
15856,KATL,KPHX
15857,EGCC,LEBL
15858,KCNO,KUDD
15859,SPST,SPJC
15860,ESGG,EHAM
15861,KDTW,KMSN
15862,KSWF,KROC
15863,EGLL,KJFK
15864,KBNA,KPHL
15865,KDEN,KBNA
15866,KFLL,KATL
15867,KMSP,KSFO
15868,KDCA,KATL
15869,EDDF,LGAV
15870,KSEA,PANC
15871,K61B,KU30
15872,EKCH,EDDF
15873,PANC,KSEA
15874,KDEN,KMSP
15875,LOWW,EBMB
15876,KMDT,KORD
15877,ESMS,ESSB
15878,KMSP,KPHX
15879,KBDR,KFRG
15880,EGGP,LEPA
15881,KBFI,KLAS
15882,NK07,KMMU
15883,KMYF,KRNM
15884,LOWW,LTFJ
15885,KHSD,OK42
15886,KMSP,KPHL
15887,LFMV,LFPB
15888,KDEN,KSFO
15889,KPHX,KMKE
15890,EPMO,EIDW
15891,KMDT,KPHL
15892,KMIA,KJFK
15893,KPYM,KHYA
15894,CYBG,CYUL
15895,KFFZ,KCHD
15896,KDEN,KORD
15897,KPHX,KVNY
15898,KDVT,AZ05
15899,EGSS,ELLX
15900,KFLL,KHPN
15901,ESGG,EPGD
15902,KOKC,KORD
15903,NK43,KDCA
15904,NZAA,NZCH
15905,KLAX,KJFK
15906,CYMX,KCVG
15907,KCNO,KSBD
15908,KMMU,KBED
15909,KTEX,KDEN
15910,KPVD,KSDF
15911,KDTW,KSFO
15912,KSFF,KBOI
15913,KIAD,KFOK
15914,KGPI,KMSP
15915,KSTL,KPHL
15916,KLAS,KSJC
15917,03OK,KRVS
15918,KAUS,KDTW
15919,KONT,MMTJ
15920,LEPA,LEIB
15921,KSRQ,KDCA
15922,KATL,KMIA
15923,KSEA,KMCO
15924,KVGT,KLSV
15925,5OI0,KLUK
15926,EDDM,LEPA
15927,EGLL,EHAM
15928,KATL,KDAY
15929,KFLL,KDAL
15930,KDEN,KIAD
15931,EGKB,LIML
15932,CYYC,CYKA
15933,KSYR,KATL
15934,KMIA,KORD
15935,LSZH,EDDF
15936,KLGA,KDFW
15937,EDDK,EDDB
15938,KNSE,KGZH
15939,LMML,EGKR
15940,CYUL,KBOS
15941,KSEA,KOAK
15942,KHPN,KATL
15943,KPHX,KABQ
15944,KSFO,CYYZ
15945,KSJC,KLAX
15946,KATL,KBWI
15947,KSCK,KLAS
15948,LHBP,EBBR
15949,KORF,KLGA
15950,KLAF,KTYQ
15951,KSNA,KLAS
15952,VOMM,VIDP
15953,KFLL,KSDF
15954,KSLC,KORD
15955,SBGR,SBRJ
15956,KATL,KMDW
15957,EDDV,LEPA
15958,KLAX,KSEA
15959,LIMC,UUWW
15960,BIKF,EIDW
15961,KECP,KDFW
15962,KDEN,KCMH
15963,EGLL,EGAC
15964,KORD,KMCO
15965,KAPA,CO86
15966,SBRJ,SBSP
15967,EBMB,LIMC
15968,KDFW,KSFO
15969,KO27,KO15
15970,LEMG,LEBL
15971,KMSP,4WI4
15972,EDDM,LIRF
15973,KSAN,KLAS
15974,KGEG,KPDX
15975,KDTW,KATL
15976,KSTL,KLGA
15977,KNSE,KGZH
15978,KORD,KSPI
15979,KMCO,KMIA
15980,KLAX,KABQ
15981,KSFO,MMUN
15982,KATL,KFLL
15983,KLVK,KOAK
15984,KMSN,KATL
15985,KOMA,KMDW
15986,KDTW,KMCI
15987,4NC7,KRDU
15988,8TE0,KRND
15989,EGLL,KBOS
15990,KSRQ,KBWI
15991,KDTW,KEWR
15992,KANE,KFCM
15993,LEIB,LEPA
15994,KFLL,KORD
15995,KDFW,KORD
15996,LEPA,LEMD
15997,KCLT,KMCI
15998,KDEN,KMKE
15999,KJFK,KBNA
16000,KLGA,KEWR
16001,KVIS,KOAK
16002,KLOU,64KY
16003,KLAX,KSTL
16004,KSEA,KONT
16005,KTOA,KCMA
16006,CYYC,CYCD
16007,EBCI,LIPE
16008,LIRF,LEMD
16009,ULLI,UUEE
16010,KTYS,KDTW
16011,YMML,YPPH
16012,LPPT,LOWW
16013,UUEE,LOWW
16014,KSFO,KSLC
16015,ENGM,LFPG
16016,KORD,KSTL
16017,KPHX,KMIA
16018,KORD,KBNA
16019,KNSE,KGZH
16020,LEMG,LIMC
16021,KDTW,KLAS
16022,LEMH,LEBL
16023,KDEN,KMSN
16024,KSAN,KOAK
16025,EDDL,LIMC
16026,EDDS,EHAM
16027,KDFW,KIAD
16028,LSZH,EHAM
16029,VT52,KBTV
16030,GMMN,LEMD
16031,CYVR,CYCD
16032,KEWR,KMSP
16033,KDTW,KMKE
16034,KCGZ,KFFZ
16035,KSEA,KLAX
16036,KMSP,KSEA
16037,KDFW,TX45
16038,KROC,KATL
16039,VECC,VIDP
16040,EGHQ,EGHC
16041,KTYR,KAPA
16042,VIDP,VABB
16043,KAUS,KMIA
16044,KBOI,KPDX
16045,KTYS,KDFW
16046,K61B,KVGT
16047,KDEN,KOKC
16048,KSAT,KBNA
16049,KIAD,KCLT
16050,KBNA,KDAL
16051,K45G,KPTK
16052,LFPG,EKCH
16053,75OK,0OK8
16054,KSGF,KDEN
16055,EDDB,LIMC
16056,KLAX,KDFW
16057,KSAN,KPHL
16058,KLAS,KBUR
16059,LTAC,LTFE
16060,KPAO,KTCY
16061,KMSP,KSAN
16062,WSSS,YMML
16063,KSMF,KO37
16064,KYKM,KBFI
16065,LROP,LEMD
16066,KVPS,KDFW
16067,KDEN,KBOS
16068,LSZH,EDDV
16069,KDAY,KORD
16070,KDFW,KLAS
16071,EDHD,EDVK
16072,KDFW,KMSP
16073,KLGA,KMSP
16074,LLBG,LMML
16075,LEMD,LEIB
16076,KDEN,KMDW
16077,KPHX,KAUS
16078,KSEA,PANC
16079,KBOS,KPHX
16080,KOAK,KSNA
16081,SPJC,SPST
16082,KLAX,KAUS
16083,KONT,CL46
16084,KSAN,KFAT
16085,KLVN,KFCM
16086,KCLT,KLGA
16087,VOBL,VOMM
16088,KATL,KMIA
16089,EDDP,EDDK
16090,UUEE,UWLL
16091,KSEA,35OR
16092,KSLC,KBOS
16093,ENGM,ENZV
16094,LEBL,LIRF
16095,KORD,KDFW
16096,LEMG,EDDF
16097,KLGA,KORD
16098,KDTW,KCVG
16099,KLAX,KSFO
16100,CYYZ,CYYC
16101,LSGG,LEPA
16102,LIRF,LIEE
16103,ENVA,ENNM
16104,EGCC,EHAM
16105,KCLT,KSFO
16106,KHOU,KDAL
16107,KOAK,KBNA
16108,KABQ,KAEG
16109,VHHH,OMDW
16110,KDFW,KVPS
16111,LIML,LICZ
16112,EGGD,LEMG
16113,KSFO,KLAX
16114,LEAL,LFPO
16115,KMCI,KSTL
16116,KLAS,KSDF
16117,KTUL,KDEN
16118,KFFZ,KCHD
16119,KLAX,KJFK
16120,KDCA,KORD
16121,KORD,KATL
16122,1TN0,KBNA
16123,LIME,LGAV
16124,KSEA,KSBP
16125,KDEN,KATL
16126,KBWI,KMSP
16127,KPHX,MMUN
16128,KDTW,KCMH
16129,KGXY,KAPA
16130,KALB,KBWI
16131,KMYF,KSEE
16132,LSZH,LEMG
16133,KDFW,KORD
16134,KPDX,KSEA
16135,ENVA,ENGM
16136,KATL,KDFW
16137,KSTL,KVIH
16138,KLAS,KCRQ
16139,KPHX,KSAT
16140,KORD,K8C4
16141,KATL,KFLL
16142,LEPA,EDLW
16143,KROC,KJFK
16144,KMIA,KEWR
16145,KSMF,KSEA
16146,KSFO,KPDX
16147,KECP,KHOU
16148,LPPT,LSGG
16149,KSAN,KLAS
16150,KDTW,KDAY
16151,KPIE,KSDF
16152,KATL,KMSP
16153,ENGM,ENZV
16154,KIAD,KEWR
16155,KBUF,KORD
16156,KSFO,KSAN
16157,KCRQ,KIWA
16158,LEAL,EGBB
16159,KMHT,KDCA
16160,KLAS,KMDW
16161,KDEN,KMCI
16162,KMCO,KMIA
16163,KDTW,KORD
16164,KLAX,KSEA
16165,LFPG,LEMG
16166,KSEA,KOMA
16167,KHOU,KDAL
16168,KSTL,KRIR
16169,KBOS,KORD
16170,LHBP,EDDF
16171,KFFZ,55AZ
16172,KBWI,KHOU
16173,KORD,KPHL
16174,LSGG,LEBL
16175,SKBO,MMUN
16176,KSJC,KBNA
16177,LEIB,EDDL
16178,6GA0,KPDK
16179,KAUS,KDEN
16180,KMIA,SPJC
16181,KPDX,KONP
16182,K1G4,KLAS
16183,KDEN,KDAL
16184,KBOI,KSEA
16185,KDEN,KSLC
16186,RCTP,VHHH
16187,EGLL,LGAV
16188,KVNY,KMRY
16189,KPRC,42AZ
16190,KORD,KCVG
16191,54OK,KRVS
16192,KDTW,KSEA
16193,EDDB,EDDF
16194,KLAX,KAUS
16195,KATL,KJFK
16196,LROP,LIME
16197,KPYM,KOWD
16198,KDEN,KSYR
16199,EKBI,EHAM
16200,KDFW,KEWR
16201,KSFO,KSEA
16202,KPOU,KCDW
16203,KBOS,KSFO
16204,EGLL,ESSA
16205,KHOU,MMUN
16206,LKPR,LFPG
16207,KSMO,KFUL
16208,LHBP,LEBL
16209,KSEA,KPHL
16210,SKBO,KFLL
16211,EHAM,LEBL
16212,KPHX,KDTW
16213,KCMH,KATL
16214,KORD,KDAY
16215,KMSP,KDEN
16216,LEPA,LEMH
16217,KDMW,38WV
16218,KDTW,KEWR
16219,KEWB,KHYA
16220,KLGA,KBNA
16221,LFPG,LIRF
16222,LIMC,ELLX
16223,11TE,KGPM
16224,KPDX,KOAK
16225,KSEA,KGPI
16226,ENZV,ENBR
16227,KSFO,KAUS
16228,LPPT,LGAV
16229,KMYF,KCRQ
16230,EGNX,EGNL
16231,EDDM,EDDV
16232,EGGD,EGNL
16233,KBOS,KPHL
16234,EDDF,EHAM
16235,EGPH,EGGD
16236,KCMH,KORD
16237,LFRS,LFBO
16238,KLGA,KBOS
16239,KLGA,KMMU
16240,EDDP,EDDF
16241,KMMU,KN51
16242,LSGG,LEPA
16243,KRDU,KJFK
16244,LFMN,LFPO
16245,KRBD,KLNC
16246,KNSE,K12J
16247,KACK,KBOS
16248,KBUR,KPHX
16249,KORD,KBOI
16250,ENZV,ENBR
16251,KLAS,KLAX
16252,LLBG,LFPG
16253,KSBA,KSQL
16254,EGBB,EHAM
16255,LEIB,LEBL
16256,KDFW,KPHX
16257,KBNA,KBOS
16258,KPAO,CL77
16259,EDDH,LSZH
16260,LEPA,EDDB
16261,KPVD,KDTW
16262,EDDM,EDDW
16263,KDTW,KFLL
16264,SBBR,SBCO
16265,KHPN,KMIA
16266,KATL,KLAS
16267,54OK,KRVS
16268,CYVR,CYYJ
16269,KVIS,KOAK
16270,KLAX,KBNA
16271,KSTL,KORD
16272,LIPZ,LGAV
16273,KSDF,KORD
16274,KCCR,KSNA
16275,KSFO,KLAS
16276,LMML,EBCI
16277,KCMH,KORD
16278,KDEN,KCVG
16279,VECC,VOMM
16280,KDEN,KBTF
16281,LFPO,LPPR
16282,EGKK,EVRA
16283,KGEG,KSEA
16284,CYYZ,CYUL
16285,KSNA,KORD
16286,KMSP,KORD
16287,ENBR,ENGM
16288,MN45,KFCM
16289,LFPG,LDZA
16290,KFAT,KPDX
16291,CYWG,CYYZ
16292,CYUL,KDTW
16293,TJSJ,KIAD
16294,KMIA,KBOS
16295,KLAX,KSAN
16296,KDFW,KPNS
16297,KSEA,PANC
16298,KPDX,KSAN
16299,KHUA,KMDQ
16300,EHAM,LLBG
16301,KAUS,KJFK
16302,KBNA,KBWI
16303,KFLL,KBWI
16304,ULLI,UUDD
16305,KPVU,KU77
16306,KDEN,KTYS
16307,KBOS,KSLK
16308,3IN6,KLOU
16309,PAEN,PANC
16310,LFPG,LSGG
16311,KTUL,KATL
16312,1TE8,KF69
16313,KSAN,KDFW
16314,KATL,KTYS
16315,EDDC,EDDL
16316,EDDG,LEPA
16317,KPHX,KMCO
16318,KORD,KSDF
16319,KPNS,KDCA
16320,KBMI,KATL
16321,KLGA,KORD
16322,KRDU,KHNZ
16323,SBCO,SBKP
16324,KOMA,KORD
16325,KJFK,KMVY
16326,KTUS,KPHX
16327,KATL,KLGA
16328,KCLT,CYYZ
16329,SBGR,SBRJ
16330,EBMB,LEBL
16331,EGLC,EHAM
16332,KLAS,KSNA
16333,KMZJ,KIWA
16334,KIAD,KLGA
16335,LFPG,CYUL
16336,KNSE,K12J
16337,KBED,KMMU
16338,LIBD,LIML
16339,KAUS,KMDW
16340,KMSP,KSDF
16341,KDEN,KMCO
16342,KLGB,KSJC
16343,LFPG,EGLL
16344,LEBL,LSZM
16345,KLAS,KMSP
16346,KLNK,KORD
16347,KSJC,KLAX
16348,KATL,KBNA
16349,KBUF,KROC
16350,KEWR,KMIA
16351,EHAM,LEIB
16352,KPHX,KTUS
16353,KFLL,KDTW
16354,LEPA,EDDL
16355,KATL,KPHL
16356,KNSE,K12J
16357,KHYA,KBED
16358,1GA9,KD73
16359,KDFW,KCMH
16360,KRHV,KE16
16361,KIAD,KMSP
16362,YSSY,YBBN
16363,KPWA,11OK
16364,KORD,AL18
16365,KIAD,KAUS
16366,KPHX,KPDX
16367,KDEN,KCVG
16368,UUEE,ULLI
16369,YMML,YSSY
16370,LEAL,EGNX
16371,KDTW,KMDW
16372,KCLT,KMSP
16373,KSEA,KPDX
16374,EGLL,EIDW
16375,KDFW,KDEN
16376,KFLL,KCMH
16377,KBFI,KFHR
16378,KDTW,KLAX
16379,KPHX,KATL
16380,KOKC,KATL
16381,LTFJ,EHAM
16382,KOAK,KBOI
16383,KIWA,KP08
16384,KTVL,KLVK
16385,KTUL,KDAL
16386,KMSP,KBOI
16387,GA53,KPDK
16388,KGEG,KSEA
16389,EDDL,EVRA
16390,KROC,KORD
16391,VOBL,VIDP
16392,KATL,KOMA
16393,KLAX,KLAS
16394,KCLT,KBOS
16395,KTEB,3PN9
16396,KMIA,KEWR
16397,LEPA,EKCH
16398,KBUR,KLAS
16399,KDEN,KCMH
16400,KSEA,KOAK
16401,KPHX,KMSP
16402,KSCK,KRHV
16403,EHAM,LEMG
16404,KCMA,KCNO
16405,KSMF,KONT
16406,0WN1,WN45
16407,KEWR,KLAX
16408,KBUR,KFAT
16409,KPAE,KAWO
16410,KSAT,KORD
16411,LIRF,EDDF
16412,EGAA,EGPH
16413,KPHX,KCMH
16414,KPSP,KSFO
16415,EDDM,EFHK
16416,KPIT,KEWR
16417,KFAT,KSAN
16418,KM54,KBNA
16419,KATL,KMKE
16420,EGKK,LEMD
16421,KCNO,KTOA
16422,KMIA,KATL
16423,LFPO,LFKJ
16424,ENVA,ENBO
16425,CYYC,CYYJ
16426,KDEN,KOMA
16427,SBGR,SBCO
16428,LSZH,LEMD
16429,EDDF,UUEE
16430,1OK0,KRVS
16431,LSGG,EDDF
16432,KADS,KHQZ
16433,KLAX,KRDU
16434,KORD,KHHR
16435,KAPA,KBJC
16436,KDTW,KMCO
16437,LIMC,LFPG
16438,KSEA,KTUS
16439,CO18,KAPA
16440,MA72,KBOS
16441,KBNA,KMDW
16442,LSZV,LSMD
16443,LEBL,LGAV
16444,KCLT,KATL
16445,KLGA,KLDJ
16446,KLAX,KABQ
16447,KPIT,KLGA
16448,KSUS,MO46
16449,KPHX,KNYL
16450,KMIA,KDTW
16451,KFLL,KJFK
16452,KRYN,KAVQ
16453,KORD,KATL
16454,CYUL,CYBG
16455,KTVL,KFAT
16456,KDCA,KBOS
16457,KJFK,KMVY
16458,KPHL,KFLL
16459,SBSP,SBRJ
16460,LTAC,LTFJ
16461,KVNY,KHHR
16462,LIPE,LROP
16463,LEPA,LEMD
16464,LFPG,EHAM
16465,KBNA,KATL
16466,KLAX,KAPC
16467,KIWA,KP08
16468,KPHL,KDTW
16469,KPHX,KCRQ
16470,EDDB,LIME
16471,SBGR,SBBR
16472,LPPR,LPMA
16473,KBOS,KATL
16474,KORF,KIAD
16475,LSZH,LGAV
16476,KATL,PANC
16477,KPVU,KIWA
16478,LIRF,LICZ
16479,KPDX,CYVR
16480,EIDW,LPPT
16481,KDFW,KEWR
16482,LEBL,LEPA
16483,KNSE,K12J
16484,KCLT,KMCO
16485,KMIA,KPHL
16486,KEWR,KDFW
16487,KSYR,KEWR
16488,LIMC,LICZ
16489,KABQ,KDAL
16490,KOWD,KSFZ
16491,KSFO,KLAX
16492,KIAD,KLGA
16493,KBWI,KDAL
16494,VOMM,VABB
16495,KMTN,3NJ6
16496,EDDM,EDDK
16497,KO15,KO27
16498,EGPH,EGBB
16499,EBCI,LFBO
16500,SBKP,SBRJ
16501,KSEA,KSFO
16502,EGCC,EFHK
16503,EVRA,UUWW
16504,LHBP,EPWA
16505,KORF,KBWI
16506,KCMH,KDFW
16507,KRAL,KEMT
16508,CYYJ,CYVR
16509,KSLC,KSFO
16510,KSLC,KFCM
16511,KNZY,KNUC
16512,LEBL,LEIB
16513,KDEN,KMIA
16514,BIKF,KEWR
16515,KNSE,KGZH
16516,KRDU,KHNZ
16517,KMCI,KORD
16518,UUDD,ULLI
16519,KMSP,KLAS
16520,KBOS,KMDW
16521,LIMF,LICZ
16522,KFLL,KEWR
16523,KDTW,KBNA
16524,EDDH,EDDM
16525,KBWI,KSEA
16526,KSJC,KPDX
16527,KDTW,KORD
16528,KVNY,KEMT
16529,KAUS,KLAS
16530,LIPE,LFPG
16531,KORD,KCMH
16532,KVIS,KFAT
16533,KABQ,KLAS
16534,KPHX,KPHL
16535,EGSS,LIBD
16536,KBOS,KBWI
16537,KRDU,KMSP
16538,KSEA,KDFW
16539,KNSE,K12J
16540,KPDX,KLAX
16541,KDEN,KATL
16542,KCGZ,KFFZ
16543,LEMD,GOBD
16544,KTUL,KORD
16545,KSFO,KPSP
16546,WSSS,YBBN
16547,EKCH,LIPE
16548,LEPA,LEAL
16549,KLAX,KSFO
16550,KATL,KBOS
16551,KORD,KCMI
16552,KATL,KBNA
16553,LPPT,CYUL
16554,ENHD,ENGM
16555,KJFK,KMIA
16556,KLVK,KSAC
16557,KFRG,KFOK
16558,KLAX,KORD
16559,KMSP,KORD
16560,EGSS,LPPT
16561,KHOU,KBNA
16562,KPHX,KOKC
16563,KDEN,KSAT
16564,EIDW,EGGP
16565,KDEN,KPHL
16566,EGKK,EGAA
16567,KSGF,KORD
16568,LPPR,LFPG
16569,LIPZ,LICZ
16570,LSGG,LFPB
16571,EDDM,LPPT
16572,KLAX,KFLL
16573,KLGA,KIAD
16574,LEPA,EDDF
16575,K12J,KPNS
16576,KPHX,KDFW
16577,KTYS,KPHL
16578,KATL,KTTN
16579,KDEN,KORD
16580,KOMA,KORD
16581,K12J,KNSE
16582,GMMN,LFPG
16583,KSFO,KLAS
16584,KFLL,KLGA
16585,KDEN,KDFW
16586,KDEN,KOKC
16587,KORD,PANC
16588,LFRS,LFPG
16589,CYYZ,CYVR
16590,KLAS,KDTW
16591,KLAX,KOKC
16592,KLUK,KTEB
16593,EDDL,EDDM
16594,EDDM,LEPA
16595,LEMD,LSZM
16596,KNYL,KPHX
16597,EGSS,LPFR
16598,KMKE,KORD
16599,LEBL,LEAL
16600,BIKF,KIAD
16601,KATL,KDFW
16602,KDEN,KDTW
16603,KBWI,MMUN
16604,KBNA,CYYZ
16605,KADS,TA06
16606,KSFO,KVNY
16607,KFNT,KORD
16608,KPHX,KABQ
16609,PANC,KSEA
16610,KSEA,7WA7
16611,KLAX,KAUS
16612,KSAT,KSLC
16613,KDEC,KORD
16614,KATL,KEWR
16615,KPDX,KDFW
16616,KDEN,KPHX
16617,EDDK,EDDH
16618,KLAN,KDTW
16619,KDTW,KPHL
16620,KLAS,KMCI
16621,KCVG,KORD
16622,ENBR,ENGM
16623,KSAN,KLAS
16624,KNSE,KGZH
16625,KDEN,KFLL
16626,EGSS,EPKK
16627,SBCO,SBGR
16628,KNFG,KAJO
16629,KAUS,KBNA
16630,EDLW,EDDM
16631,YBBN,YSSY
16632,KPHX,KSFO
16633,LMML,LOWW
16634,KMIA,KLGA
16635,KORD,KEWR
16636,KMDW,KMSN
16637,KCGZ,KFFZ
16638,KSTL,KORD
16639,CYUL,KFLL
16640,VIDP,VOBL
16641,KOAK,KMCI
16642,KSFO,KJFK
16643,KISP,KFOK
16644,BIKF,KORD
16645,KAUS,KEWR
16646,LSGG,LSZH
16647,EKBI,LEMG
16648,KLAS,KBNA
16649,EDDK,LIPE
16650,KBOS,KDCA
16651,KMCI,KMCO
16652,ULLI,UUWW
16653,KDFW,KSAF
16654,KPNS,KATL
16655,LPPR,LFPO
16656,KLAX,KMCO
16657,KDEN,KSAT
16658,KDAL,KMDW
16659,KIAD,KEWR
16660,KGPH,KMKC
16661,KLAS,KCRQ
16662,KVNY,KOXR
16663,KPHX,KSEZ
16664,LIRF,LIML
16665,KBMI,KORD
16666,EDDS,LOWW
16667,ENBR,ENHD
16668,UMMS,UAAA
16669,KJFK,KDTW
16670,KIAD,KMDW
16671,KSYR,KDTW
16672,EHAM,LEMD
16673,LPPT,LIRA
16674,KGXY,KBJC
16675,CYUL,KEWR
16676,KDEN,KHOU
16677,KLAX,CYYZ
16678,LROP,LIBD
16679,KATL,KPNS
16680,KMCI,KLGA
16681,KIAH,KSNA
16682,KCDW,KFRG
16683,EBMB,LEMD
16684,KTUL,KORD
16685,LEBL,LEMD
16686,KPHX,KCOS
16687,UKBB,LEBL
16688,KPHL,KORD
16689,EGSS,EGAA
16690,EGPE,EGGD
16691,KTUS,KPHX
16692,EPGD,EIDW
16693,KLAS,KMSP
16694,KRDU,KTDF
16695,KDEN,KMKE
16696,KLGA,KDFW
16697,KSEA,KPSP
16698,ELLX,OTHH
16699,KPDX,KDAL
16700,KAUS,KDEN
16701,PAEN,PANC
16702,KJFK,KORD
16703,KBNA,KBOS
16704,KIAD,KJFK
16705,KRDU,4NC7
16706,KA39,KFFZ
16707,KATL,KMCO
16708,LEZG,LEPA
16709,KONT,KLAS
16710,KORD,KCVG
16711,KSJC,KSLC
16712,KSEA,KGEG
16713,KORD,KSFO
16714,KHSV,KDCA
16715,KBVI,1PA5
16716,EGAC,EGHI
16717,LELL,LEMS
16718,LPPT,LPPD
16719,LEPA,LEBL
16720,KMIA,KDCA
16721,CYYJ,CML2
16722,EGPF,EGKK
16723,ESTA,ESSB
16724,KSMF,KSNA
16725,KSTS,CL36
16726,KPHX,KVNY
16727,4MD8,KFDK
16728,UWKD,UUDD
16729,KLNS,KLOM
16730,KAPA,2CD6
16731,KPOC,KCNO
16732,CYVR,CYYZ
16733,KFLL,KMCI
16734,KAPA,KBJC
16735,KLAX,KPHX
16736,KLAS,KFAT
16737,KATL,KDCA
16738,KORD,KJFK
16739,KSDF,KDAL
16740,KLGA,KDTW
16741,KPHX,MMUN
16742,EGGD,LEAL
16743,KMVY,KBOS
16744,KSEA,KFAT
16745,LEZL,LEBL
16746,LTAC,LTFE
16747,KTOA,KEMT
16748,VT52,VT15
16749,KBNA,KDFW
16750,KSNA,KSJC
16751,EGLL,EGPH
16752,KMSP,KDAL
16753,KPDX,KBOI
16754,KLAX,KBOI
16755,KIAH,KLAS
16756,KOKC,KDEN
16757,LFPG,EVRA
16758,KOMA,KMSP
16759,KATL,KDFW
16760,KPHX,KSEA
16761,CYVR,CML2
16762,KDFW,KATL
16763,KBOS,KLGA
16764,KMCI,KORD
16765,KPDK,KVPC
16766,TJSJ,KMIA
16767,CYUL,KORD
16768,KLGA,KMIA
16769,LFMN,LFPO
16770,EGNX,EHAM
16771,KMVY,KBOS
16772,KNSE,KGZH
16773,LPFR,EDDL
16774,KMSP,KORD
16775,KSEA,KABQ
16776,KMLI,KORD
16777,LFRN,LFBO
16778,KLAX,KSBA
16779,LEMG,EKCH
16780,CYVR,CYYC
16781,LPPT,LPPD
16782,UUWW,UAAA
16783,KRDU,KCLT
16784,LOWW,EPWA
16785,CYVR,CAP3
16786,EDDS,EDDH
16787,K50F,KFTW
16788,KVNY,KHHR
16789,EGPF,EGGD
16790,KDEN,MMUN
16791,KSEE,KMYF
16792,EFHK,EFOU
16793,KSAN,KLAX
16794,TVSA,TBPB
16795,KFLL,KLGA
16796,KDFW,KLAX
16797,KBOS,KCLT
16798,LFPG,EETN
16799,KLAX,KSJC
16800,KBOI,KSFO
16801,KSLC,KBOI
16802,KDAL,TE85
16803,KTEB,KMDW
16804,KLAX,KSNA
16805,EIDW,EGLL
16806,KMKE,KORD
16807,KIAD,KDEN
16808,KATW,KORD
16809,KCLT,KLAS
16810,KRDU,KFLL
16811,KSEE,KL26
16812,KATL,KLAX
16813,KBWI,KDTW
16814,KAPA,KBJC
16815,KLUK,KI69
16816,EDDH,LEAL
16817,KBOS,MA55
16818,KBOI,KPHX
16819,KLAX,KLAS
16820,K50F,KFTW
16821,KSBP,KVIS
16822,KHAF,KPAO
16823,KDEN,KFAT
16824,CYHM,CYXX
16825,KLAX,KFAT
16826,EHAM,EFHK
16827,KPHX,KBOS
16828,KMSP,KDEN
16829,LEBL,EBBR
16830,KEWR,KORD
16831,KCLT,KDTW
16832,LSZH,EDDL
16833,KPHX,KSJC
16834,LPPT,EDDH
16835,KIND,KORD
16836,LOWW,EDDF
16837,KLAX,KSJC
16838,KMIA,SPJC
16839,KMIA,KPHX
16840,KBLM,K39N
16841,KDTW,KDFW
16842,EKCH,EFHK
16843,EFHK,ESSA
16844,KEWR,KMCO
16845,KPHL,KATL
16846,KDTW,MI38
16847,ELLX,LIMC
16848,KCLT,KDCA
16849,KPHX,KEWR
16850,KSAN,KIAD
16851,KBOS,KDFW
16852,KDEN,KCOS
16853,LIEA,LIRF
16854,LFKJ,LFPO
16855,KVPS,KDCA
16856,KORD,KSDF
16857,KACK,KBOS
16858,LEPA,ESSA
16859,KSJC,KSEA
16860,LIML,EBMB
16861,KBUF,KSRQ
16862,KBWI,KDTW
16863,KNSE,KGZH
16864,KLAX,KTUS
16865,EHAM,EDDF
16866,LMML,EGCC
16867,KPHX,KABQ
16868,44IS,KSTL
16869,ESSB,ESSN
16870,KGRB,KORD
16871,LFBD,LPPT
16872,KSYR,KJFK
16873,LEBL,EKCH
16874,EGSS,EPMO
16875,EDDH,EFHK
16876,KMSP,KBOS
16877,KSAN,KSEA
16878,SPJC,SKBO
16879,KDAY,KORD
16880,KCLT,KPHL
16881,KBOI,KORD
16882,EDDP,EDDK
16883,LEMD,LEBL
16884,KC83,KRHV
16885,BIKF,KBOS
16886,KLAS,KORD
16887,KLHM,KAUN
16888,8MI9,KARB
16889,KMKE,KORD
16890,KPHX,KLAX
16891,EBMB,EGLL
16892,KMMU,KHPN
16893,KA39,KFFZ
16894,NK43,KORD
16895,KEWR,KDTW
16896,KBNA,KPDK
16897,LEMG,LFPG
16898,KBUF,KATL
16899,EGPD,EGLL
16900,LEBL,LFPG
16901,LPPR,LIRA
16902,KFFZ,KCGZ
16903,KLAX,KEWR
16904,KPHX,KCOS
16905,LFPG,LLBG
16906,LDZA,EDDF
16907,EKCH,ESSA
16908,EGLL,EGPD
16909,LFMV,LFPB
16910,KORD,KMCO
16911,LIMC,LEMD
16912,LFBD,LFPG
16913,KPHL,KPHX
16914,LEMD,LEMH
16915,KDCA,KMSP
16916,KMYF,KAVX
16917,EDDF,UUDD
16918,EDDF,LIMC
16919,KDTW,KSTL
16920,EDHI,LFBO
16921,KPHX,KDCA
16922,KFLL,KFXE
16923,CYYC,CYWG
16924,EGGW,LFPB
16925,ENBR,ENZV
16926,KBUR,KLAS
16927,KSTL,KPHX
16928,KBOI,KSEA
16929,KPVD,KPHL
16930,LPPT,EDDB
16931,KFTG,KAPA
16932,KCPM,KEMT
16933,KBNA,KORD
16934,LEBL,LFPO
16935,KRDU,KMIA
16936,LIEE,LIRA
16937,KPHX,KSTL
16938,KDEN,CYYC
16939,EKCH,EHAM
16940,SBGR,SBBR
16941,KSYR,KPHL
16942,CYYZ,CYUL
16943,LFBO,LFPO
16944,LFPG,EFHK
16945,KBOI,KSEA
16946,KOMA,KAPA
16947,KCLT,KBWI
16948,KCMH,KEWR
16949,VOMM,VOBL
16950,EGAA,EGPH
16951,KIND,KLGA
16952,KFTW,3XA8
16953,KLGA,KMIA
16954,KPDX,KLAS
16955,KSEA,KPSP
16956,KFHR,KBFI
16957,KBOS,KORD
16958,KBDR,KFRG
16959,EDDF,ULLI
16960,KSHD,KORD
16961,KXLL,KABE
16962,KVNY,KTRK
16963,KAUS,KDCA
16964,KMTN,3NJ6
16965,CYYZ,KORD
16966,K61B,K1G4
16967,LEPA,LFPG
16968,KE63,KDVT
16969,KRFD,KSEA
16970,KTUL,KPWA
16971,KLAS,KOAK
16972,KORD,KTYS
16973,KISP,KBWI
16974,LEMD,LEPA
16975,EDDF,LEMD
16976,KDTW,KMCO
16977,GOBD,GBYD
16978,KOAK,KBUR
16979,KSAT,4TS8
16980,KBWI,KBKL
16981,KDFW,KMSP
16982,KLAX,KJFK
16983,KLAS,KIWA
16984,KGSO,KLGA
16985,LFPG,EPWA
16986,KGRB,KORD
16987,LSZH,LEMD
16988,KMDW,KATL
16989,KFFZ,KA39
16990,LIML,LIBR
16991,KMYF,KAVX
16992,KBOS,KORD
16993,KATL,KPHX
16994,VECC,VIDP
16995,KCLT,KORF
16996,KGRR,KBWI
16997,LFBO,LFPG
16998,LMML,LIRF
16999,LEPA,EDDH
17000,KOAK,KSLC
17001,KNSE,KGZH
17002,KDEN,KSNA
17003,BIKF,KJFK
17004,KGSO,KDTW
17005,KMSN,KORD
17006,KIAH,KPHX
17007,KCLT,KVPS
17008,KTUL,KDAL
17009,KFCM,KANE
17010,KROC,KPHL
17011,KMIA,KDEN
17012,KORD,KOKC
17013,KFLL,KATL
17014,K3MY,KORD
17015,KDCA,KMDW
17016,KJNX,KRDU
17017,KPHX,KATL
17018,LPFR,LPPT
17019,KIAD,KDTW
17020,KBOS,KDTW
17021,LPPT,LPPR
17022,KSAN,KBOS
17023,LEMG,EHEH
17024,KSEA,KGEG
17025,LROP,LIRF
17026,KLAS,KFAT
17027,EKCH,LIRA
17028,KHSV,KDFW
17029,KLAX,KSEA
17030,EGNX,EGJB
17031,ESSA,EFHK
17032,LFPO,LFBO
17033,NTAA,NZAA
17034,LEPA,LEMD
17035,KCVG,KPHL
17036,ULLI,ULMM
17037,KDTW,KMDW
17038,KPHX,KMSP
17039,ENGM,EETN
17040,KDTW,KIAD
17041,KPVU,KU77
17042,KIAD,KLAX
17043,KLAS,KSLC
17044,KBOS,KPHL
17045,KAUS,KSTL
17046,LIEA,LIML
17047,KORD,KSEA
17048,SPJC,KMIA
17049,GMMN,LFPG
17050,KIAH,KLAX
17051,ELLX,LPPR
17052,88PA,KMDW
17053,KRDU,KJFK
17054,ENBO,ENGM
17055,PAMR,PABG
17056,OBBI,OMDB
17057,KNSE,K12J
17058,LEBL,LEMH
17059,KSDF,KORD
17060,49NY,KFRG
17061,LPPT,EKCH
17062,VABB,WSSS
17063,KCWA,KDTW
17064,KSBP,KPRB
17065,KLAS,KATL
17066,EKCH,EDDH
17067,KDEN,KTUL
17068,KORD,KDEN
17069,KONT,KSBA
17070,KABE,KATL
17071,LPFR,LFPG
17072,KOAK,KSAN
17073,KFLL,KATL
17074,KORF,KPHL
17075,VOBL,WSSS
17076,EDDL,EDDH
17077,PAMR,PABG
17078,EDDM,LEMD
17079,KDEN,KSJC
17080,KPHX,KTUS
17081,KPHL,KDFW
17082,KSLC,KSJC
17083,KIND,KATL
17084,KDAL,KLAS
17085,LFPG,GMMN
17086,KBED,MA55
17087,IN93,KORD
17088,LPPR,LEPA
17089,CYUL,KLGA
17090,LTFJ,LLBG
17091,KEWR,KMCO
17092,KDFW,KMCO
17093,KCLT,KRDU
17094,KSTL,KATL
17095,KDEN,KSTL
17096,KOAK,KLAS
17097,KORD,PANC
17098,ULMM,UUWW
17099,LIPZ,LOWW
17100,KBOI,KSJC
17101,YMML,YPAD
17102,KTOA,KCNO
17103,SBRJ,SBGR
17104,KMDT,KORD
17105,KLAS,KPHX
17106,EVRA,UUWW
17107,RCQC,RCKH
17108,ENGM,EVRA
17109,KPHL,KLGA
17110,KMCI,KDEN
17111,EPWA,EDDH
17112,KTEB,CYYZ
17113,KROC,KBWI
17114,CYUL,CYVR
17115,LROP,LLBG
17116,KLAS,KORD
17117,KDAL,KATL
17118,KRVS,K2K9
17119,KDEN,KORD
17120,KORD,KSNA
17121,GMME,LFPO
17122,EBMB,ESSB
17123,SBRJ,SBSP
17124,KMSN,KORD
17125,LGRP,LGAV
17126,KLGA,KDEN
17127,KRDU,KDTW
17128,KDCA,KOMA
17129,KDFW,KFLL
17130,KLGA,KOMA
17131,SBBR,SBRJ
17132,KSEA,KATL
17133,LEMD,LEPA
17134,KMIA,KBOS
17135,KCRQ,KRNM
17136,KIAD,KSTL
17137,KPHX,KSNA
17138,KIAH,KSFO
17139,KVNY,KTEB
17140,KCRQ,KRNM
17141,KLAS,KMDW
17142,OTHH,VOMM
17143,KP08,KIWA
17144,KDEN,KDCA
17145,KSBA,KCMA
17146,CYYZ,CYUL
17147,KCLT,KBKL
17148,KSEA,KLAS
17149,KSAT,KDEN
17150,KDEN,KLAX
17151,KBFI,KPWT
17152,LSGG,EFHK
17153,EPGD,ENGM
17154,KORD,KMIA
17155,VOMM,WSSS
17156,KDCA,KORD
17157,KSLC,KLAX
17158,LPPT,EDDB
17159,EHAM,LEIB
17160,KORD,KLAS
17161,KBNA,KLAS
17162,KBOS,KCMH
17163,LHBP,ESKN
17164,KATL,KMSP
17165,LYBE,LGAV
17166,KIAD,KMDW
17167,KPDX,KSJC
17168,KSFO,CYUL
17169,EFHK,EKCH
17170,1PA5,32PN
17171,KA39,KFFZ
17172,KCLT,KATL
17173,KSJC,KSEA
17174,KPRC,KDVT
17175,KCVG,KJFK
17176,KSNA,KOAK
17177,KMVY,KJFK
17178,ENBR,EKCH
17179,LEMG,EHEH
17180,KDEN,KSTL
17181,KDFW,MMUN
17182,KORD,KMSN
17183,KFTW,TX15
17184,ULLI,UUWW
17185,EDDK,LEPA
17186,UUWW,ULLI
17187,CYUL,KBOS
17188,0PA6,KPHL
17189,OBBI,OEDF
17190,KEWR,KMCO
17191,KSEA,PANC
17192,LOWW,LGAV
17193,KBOS,KMVY
17194,KDEN,KLGA
17195,EGNM,EGCC
17196,KLAS,KBOS
17197,KRDU,KPHL
17198,KMDW,KSRQ
17199,KBNA,KDEN
17200,EDDM,LOWW
17201,KIAD,KPDK
17202,KORD,KATL
17203,LEMG,EDDB
17204,KAEG,NM74
17205,KDEN,MT54
17206,KSLC,KPSP
17207,KMSP,KORD
17208,KSLC,KSFO
17209,KORF,KDTW
17210,LEBL,LFOB
17211,KPTK,KYIP
17212,KLAS,KDFW
17213,ENGM,ESSA
17214,KHQZ,KADS
17215,LPPT,EDDF
17216,KDPA,KRAC
17217,KADS,KF69
17218,UUEE,ULLI
17219,KSMF,KLAX
17220,KSEA,KBOI
17221,KBOS,KMVY
17222,KSPG,KOPF
17223,KSFO,KORD
17224,ULLI,UUWW
17225,KLGA,CYYZ
17226,KHWV,K3C8
17227,KBVI,32PN
17228,KSAN,KPHX
17229,ELLX,EGLC
17230,KRDU,KLGA
17231,CYVR,CYYJ
17232,EHAM,LEMG
17233,KCLT,KLGA
17234,KSNA,K61B
17235,KPHX,KMDW
17236,KMDW,KLAS
17237,LEPA,EDDL
17238,EGSS,EDDF
17239,KCLT,KHSV
17240,EDDK,EDDB
17241,EGLL,EGCC
17242,KSYR,KORD
17243,KSEA,KORD
17244,KSMF,KLAS
17245,LEZL,LIRA
17246,KATL,KDTW
17247,KSPI,KORD
17248,ULMM,ULLI
17249,CYUL,CNV9
17250,KSBP,KPHX
17251,KBJC,KGXY
17252,KU77,KPVU
17253,UKKK,LOWW
17254,KCLT,KROC
17255,KSEA,KDAL
17256,KBWI,KATL
17257,KBOS,MA55
17258,LPPT,EHAM
17259,KSFO,KSAN
17260,OK17,KAFW
17261,EPWA,EPKK
17262,KSAT,KDFW
17263,KFHR,KBFI
17264,KDEN,KABQ
17265,KSMF,KPHX
17266,KBFI,KSJC
17267,KSWF,KHPN
17268,KPAN,KFFZ
17269,KCLT,KPHX
17270,KSYR,KORD
17271,KFLL,KJFK
17272,KLAS,KDTW
17273,KPVD,KORD
17274,KSJC,KSBP
17275,KORD,KATL
17276,KFAT,KLAX
17277,KTUS,KIWA
17278,KDEN,KLAX
17279,OBBI,VGZR
17280,KCRQ,KRNM
17281,EGPH,EPKK
17282,EBMB,LGAV
17283,KHYA,KBOS
17284,SBRJ,SBBR
17285,KMDQ,KHUA
17286,KBWI,KVPS
17287,UUDD,ULMM
17288,KDEN,KMCO
17289,KDTW,KLAX
17290,LTFJ,LTFE
17291,LIPE,LEMD
17292,KDFW,KJFK
17293,KEWR,KIAD
17294,KNSE,KGZH
17295,EDDB,LEBL
17296,EGLL,EPWA
17297,KATL,KCVG
17298,KAUS,KIAD
17299,KDCA,KBNA
17300,KRNM,KCRQ
17301,KORD,KIAD
17302,KLAS,KABQ
17303,EGSS,EGAA
17304,KSFO,KSEA
17305,EDDL,LEBL
17306,OTHH,VIDP
17307,KBNA,KECP
17308,KSEA,KTUS
17309,KMKE,KORD
17310,OTHH,VOBL
17311,KCLT,KDFW
17312,EDDM,LEBL
17313,VABB,OTHH
17314,KAPA,KBJC
17315,KMCI,KMSP
17316,LEPA,LEBL
17317,KCRQ,KMYF
17318,KSTS,CL36
17319,KSLC,KSJC
17320,KVIS,KSNA
17321,KVNY,KDAL
17322,KFDK,KGAI
17323,KRYY,KWDR
17324,KAUS,KIND
17325,LEIB,LEPA
17326,KMIA,KBWI
17327,KSEA,KSJC
17328,KATL,KORD
17329,UKKK,EDDB
17330,KMCI,KMIA
17331,EGLL,LFPG
17332,LOWW,EDDK
17333,KDEN,KSEA
17334,KFLL,KDAL
17335,KPHL,KCVG
17336,K61B,K1G4
17337,KDEN,CYUL
17338,LEPA,LEIB
17339,KSTL,KMSP
17340,KPDX,KSEA
17341,KMAE,KFCH
17342,KSNA,KF70
17343,LIPZ,LEMD
17344,KBWI,KBUF
17345,VOMM,VOBL
17346,KMYF,KSEE
17347,KFLL,KALB
17348,EBMB,EPWA
17349,LEMG,LEPA
17350,KDFW,KSEA
17351,KCLT,KPNS
17352,4NC7,KRDU
17353,LFBO,LPPT
17354,LEMD,LEBL
17355,KBNA,KMIA
17356,SBRJ,SBSP
17357,KSNA,KONT
17358,KSAN,KPDX
17359,KDEN,KSFO
17360,EDDM,LIMC
17361,KVNY,KSNA
17362,KLAS,KCLT
17363,EPKK,ENGM
17364,LSGG,LEMD
17365,TJSJ,KJFK
17366,KIAH,KBOI
17367,KLWM,KEWB
17368,LEBL,LEMG
17369,KBWI,KORD
17370,KPHX,KCRQ
17371,EGLL,EFHK
17372,KDFW,KTUS
17373,KSTL,KLGA
17374,KTEB,KMIA
17375,KDEN,KDTW
17376,LEPA,EDDH
17377,KSEA,KLAX
17378,LEMG,LSZH
17379,KCLT,KBNA
17380,LFPG,UUEE
17381,KNSE,KGZH
17382,KMCI,KATL
17383,KONT,KDEN
17384,KLAS,KSAN
17385,KLAX,KDFW
17386,CYYZ,CYOW
17387,KANP,MD09
17388,4NJ8,KMMU
17389,LIPZ,LICZ
17390,LROP,EIDW
17391,KPHL,KBOS
17392,KPDK,KGVL
17393,LSZH,LEMD
17394,EDDF,LIRF
17395,KEWR,TXKF
17396,KDEN,KFAT
17397,KPHX,KDTW
17398,KGVL,4GA9
17399,KMSP,KDCA
17400,WMKK,OMDB
17401,EIDW,EGSS
17402,KEUL,ID00
17403,KSFO,CYVR
17404,KFLL,KMIA
17405,K12J,KNSE
17406,LEMG,EHAM
17407,KATL,KSDF
17408,K1G4,K61B
17409,LEBL,LMML
17410,KBNA,KCLT
17411,LSZM,LOWW
17412,KVNY,KFUL
17413,LIRF,EFHK
17414,KDEN,KPDX
17415,KDFW,KSAN
17416,KLAX,KMCO
17417,LFPG,EDDH
17418,KABQ,KDFW
17419,KUNV,KPHL
17420,03OK,KRVS
17421,KCLT,KJFK
17422,KDFW,KIAD
17423,KATL,KPHL
17424,KGYR,KGEU
17425,KMDT,KDTW
17426,KPHX,KSFO
17427,KDTW,KATL
17428,KAUS,KATL
17429,KADS,KHQZ
17430,LIEE,LIME
17431,LEAL,LIRF
17432,KMSN,KMSP
17433,KORD,PANC
17434,KSEA,KSAN
17435,KFHR,WN51
17436,KFFZ,KA39
17437,KDCA,KDFW
17438,LSGG,EPWA
17439,KRDU,NC99
17440,KSAN,KSJC
17441,OTHH,VIDP
17442,KFUL,KPOC
17443,KSFO,KBOS
17444,EYKA,EPWA
17445,KHBI,KTTA
17446,EPMO,LIRA
17447,KIAH,KSAT
17448,KJFK,KBOS
17449,KVNY,KCMA
17450,KSMF,KSEA
17451,PANC,KORD
17452,KDFW,KSJC
17453,LOWW,LPPT
17454,KPHX,KSAN
17455,KSFO,KPSP
17456,KSLC,KLAX
17457,KMKE,KDAL
17458,EDDM,EPWA
17459,ENZV,ENVA
17460,KBNA,KIAD
17461,LFBO,LFFI
17462,KDFW,CYYZ
17463,LLBG,EHAM
17464,KCLT,KLAS
17465,ESSA,EVRA
17466,KBOS,KBNA
17467,KSMF,KSNA
17468,LEPA,EDDL
17469,LTFJ,LTAC
17470,EGLL,LIML
17471,KIWA,KPVU
17472,LIBD,LIMC
17473,KNSE,KGZH
17474,KLGA,KMDW
17475,KORD,KLGA
17476,OTHH,VABB
17477,SBRJ,SBSP
17478,KDEN,KTEX
17479,KCMA,KL70
17480,KBUR,KSBP
17481,KJFK,KRDU
17482,KFAT,KPHX
17483,KORF,KBNA
17484,KEWR,KMCO
17485,KSLC,KSAN
17486,KDFW,KSNA
17487,ENZV,ENGM
17488,LEBL,EDDF
17489,KORD,KPIT
17490,EDDS,LOWW
17491,LEMD,LEJR
17492,EDDH,EHAM
17493,EKCH,EVRA
17494,KSEA,KBOI
17495,KBNA,KSEA
17496,KDEN,KIAD
17497,KLAS,KLAX
17498,LFPO,GMMN
17499,KOMA,KDCA
17500,KSAT,KDAL
17501,KMDW,KATL
17502,KHOU,KDFW
17503,KDFW,KBOS
17504,KLAX,KPDX
17505,GOGG,GOBD
17506,LPPT,EDDL
17507,LEMD,LEPA
17508,KAWO,KPAE
17509,KATL,KORD
17510,KSJC,KPDX
17511,KEWR,KRDU
17512,KCLT,KMCO
17513,ESSA,LFPG
17514,KSFO,KPHX
17515,SBRJ,SBSP
17516,EDDB,EDDF
17517,KIAD,KEWR
17518,KDFW,KPHX
17519,KLGA,KATL
17520,KDCA,KECP
17521,PAEN,PANC
17522,KPHX,KMCI
17523,CYVR,CYCD
17524,KOAK,KLAX
17525,LEMD,LPPT
17526,EDTQ,EDSP
17527,KWHP,KCMA
17528,KDEN,KPSP
17529,KFFZ,KCGZ
17530,KLAS,KSJC
17531,KEWR,KORD
17532,KSKA,KSEA
17533,KDFW,KBOI
17534,VECC,VABB
17535,ESMS,ESSA
17536,KRDU,KORD
17537,KDFW,KSAT
17538,KHOU,KOMA
17539,LSZM,LFMN
17540,LFPO,LIML
17541,KPHX,KSAN
17542,KCXY,KPHL
17543,KATL,KSEA
17544,ENVA,ENJB
17545,KJFK,KBUF
17546,KBOS,KFLL
17547,LSZH,EPWA
17548,61WA,KBFI
17549,KLAX,KSEA
17550,KSJC,KPHX
17551,KDFW,KPSP
17552,EIDW,ESSA
17553,KSAN,KMCI
17554,KDFW,KHSI
17555,LIML,LIRF
17556,KSEA,KDTW
17557,KSMF,KLAX
17558,KMCI,KBNA
17559,KFTW,KADS
17560,KEWR,KBNA
17561,KSAC,KAUN
17562,LEPA,LEBL
17563,LPPT,LFPG
17564,KSLC,KOAK
17565,KBOI,KPHX
17566,KDEN,KMSP
17567,KBNA,KVNY
17568,KPHX,KLAX
17569,KATL,KTYS
17570,KORF,KMDW
17571,KAUS,KLAS
17572,EDDH,EDDM
17573,EGSS,EDDF
17574,KDAL,KMKC
17575,LEAL,ENBR
17576,SBBR,SBGR
17577,K12J,KNSE
17578,VECC,VGZR
17579,KMSP,KBNA
17580,YSSY,YBCG
17581,KRYN,KAVQ
17582,KPHL,KRDU
17583,KSEA,KORD
17584,KPHL,KMCI
17585,KLGB,KTOA
17586,LIEE,LIML
17587,KDFW,KORD
17588,KLAX,KSEA
17589,KABE,KAFW
17590,KDFW,KBUR
17591,KOAK,KSNA
17592,KMSP,KJFK
17593,KDEN,KSAN
17594,LEIB,LEBL
17595,EDDL,EDDM
17596,KBED,KOPF
17597,KGRR,KMSP
17598,EGCC,LPPR
17599,ESSA,EDDL
17600,KSLC,KFCM
17601,KLGB,KPHX
17602,ENZV,ENGM
17603,KBNA,KPHX
17604,KCLT,KSDF
17605,KAPA,KTEX
17606,KHOU,KSRQ
17607,LTBA,UAAA
17608,KDCA,KOAJ
17609,KMIA,KORD
17610,KPHX,KFLL
17611,LEMD,LEMG
17612,KATL,KHSV
17613,KORF,KIAD
17614,KDFW,TX45
17615,KCCR,36CA
17616,ENBO,ENGM
17617,KDFW,KTUL
17618,KBFI,KYKM
17619,KSEA,KBNA
17620,KE16,KRHV
17621,KDEN,KLAS
17622,EKCH,EPWA
17623,KPRB,KSBP
17624,KLAX,KATL
17625,KBOS,KDCA
17626,KDEN,KORD
17627,KSBA,KPHX
17628,KMSP,KBWI
17629,KATL,KCMH
17630,LEPA,EDDB
17631,KNSE,KGZH
17632,EDDL,EPWA
17633,EHAM,LEIB
17634,KPHL,KRDU
17635,KMYF,KPAO
17636,CYYZ,KTEB
17637,EDDV,LOWW
17638,KMDW,KMIA
17639,KSEA,KLAX
17640,EIDW,LPFR
17641,VIDP,OBBI
17642,EDDH,LEMD
17643,KSAN,KSJC
17644,KSMF,KSAN
17645,KBOI,KDFW
17646,KPHX,KJFK
17647,LFPG,LTBA
17648,KPDX,KSFO
17649,LSGG,LFFI
17650,KRYN,KTUS
17651,KMSP,KATL
17652,EDDF,EPWA
17653,KAUS,KDFW
17654,KAUS,KJFK
17655,KA39,KFFZ
17656,KATL,KMCI
17657,KDFW,KCVG
17658,KSLC,KORD
17659,RJBB,RCTP
17660,KDCA,KLGA
17661,KPHL,KMSP
17662,KVNY,KSBA
17663,EVRA,EKCH
17664,KLAS,KSNA
17665,KSMF,KSEA
17666,KSFO,KTUS
17667,KMIA,KSTL
17668,KSEE,KSNA
17669,KDFW,KONT
17670,KATL,KOKC
17671,CYYZ,CYVR
17672,KDAL,KHOU
17673,KDTW,NY55
17674,ENGM,EPWA
17675,KDAY,KDCA
17676,KTYS,KORD
17677,EDDK,LOWW
17678,KONT,4IL3
17679,KLAX,KMIA
17680,KATL,KFLL
17681,KLGA,KDCA
17682,KPTK,KMIA
17683,KSMF,KSFO
17684,KMIA,KBOS
17685,SBRJ,SBKP
17686,KSAN,KDFW
17687,KSNA,KPHX
17688,KLOM,KLNS
17689,LEPA,EDDK
17690,KMDW,KPHX
17691,KRHV,KE16
17692,KPHX,KORD
17693,EKCH,EDDB
17694,KDEC,KPWK
17695,KRDU,KMCO
17696,KEWR,KMCO
17697,KTPA,KATL
17698,KDFW,KLAX
17699,LPFR,EGSS
17700,KTOA,KCNO
17701,KSDF,KONT
17702,KJFK,KMIA
17703,KLAS,KPHX
17704,LFPG,LFNR
17705,KJWY,KADS
17706,LEBL,ELLX
17707,KMIA,KCMH
17708,KORD,KMSP
17709,UUDD,EGLL
17710,KIAD,KFLL
17711,KRVS,OK13
17712,KATL,KORD
17713,KSNA,KCRQ
17714,LHBP,EGGW
17715,KSEA,KORD
17716,LEZL,LEBL
17717,LIRF,LEMD
17718,KORD,KBWI
17719,KBOS,KBUF
17720,KSTL,KCLT
17721,LIML,LIRA
17722,KDFW,KOKC
17723,EDDM,EDDF
17724,EPWA,EDDK
17725,EPGD,EGSS
17726,KDEN,KOAK
17727,LEMD,LEAL
17728,KSFO,KEWR
17729,KAPA,KGXY
17730,KDFW,KCMI
17731,KATL,KDFW
17732,EDDF,LEMD
17733,KDEN,KTUS
17734,KSFO,KPHX
17735,EGPF,EGLC
17736,KFMH,KPYM
17737,LSZH,ESGG
17738,KDTW,KPHX
17739,KONT,KPHL
17740,KCGZ,KFFZ
17741,KFLL,KATL
17742,KRVS,K2K9
17743,KMSP,KCMH
17744,LEBL,LEMD
17745,CYVR,CYYC
17746,EDDM,LEMD
17747,KSMF,KLAX
17748,KLNS,KJYO
17749,KBNA,KCLT
17750,ENBR,ENZV
17751,KU77,KPVU
17752,LFPO,LEMD
17753,KLGA,KORD
17754,KMHR,KSAC
17755,LEMD,LIRA
17756,KDEN,KPHX
17757,KRDU,KPDK
17758,OI34,7OA7
17759,KPHL,KMCO
17760,KSAN,KORD
17761,KDAL,KTUL
17762,KDAY,KORD
17763,EGLL,LEMD
17764,CYCW,CYYJ
17765,KROC,KORD
17766,EDDB,LEMD
17767,LHBP,EKCH
17768,KMSP,KDTW
17769,EDDK,LPPR
17770,KEWR,KMSP
17771,LEBL,EDDM
17772,ULLI,UUDD
17773,KPHL,KMCO
17774,LIPE,LIEE
17775,KPHL,KSDF
17776,KOAK,KSNA
17777,OTHH,VABB
17778,KDTW,KCLT
17779,KDXR,KISP
17780,KIAH,KABQ
17781,KPDX,KLAX
17782,KATW,KMSP
17783,EHAM,LPFR
17784,KSEA,KIAD
17785,KPHL,KDTW
17786,KAUS,KBWI
17787,KSMF,KLAX
17788,KJFK,KFLL
17789,KNUC,KNZY
17790,K2K9,KRVS
17791,KDEN,KPHX
17792,KMCI,KDAL
17793,LEMD,LEIB
17794,KAPA,KFTG
17795,CYCD,CAP3
17796,KPIT,KPHL
17797,KLNK,KORD
17798,KDEN,KBOI
17799,KRHV,KE16
17800,KPNS,KATL
17801,KBTL,MI77
17802,KEWR,KCLT
17803,KONT,KDAL
17804,KLUK,KPDK
17805,KDFW,KBTF
17806,KWHP,KCMA
17807,KSFO,KBNA
17808,EPSC,EPWA
17809,KHPN,KISP
17810,KBUR,KPHX
17811,KMIA,KEWR
17812,KSGF,KDFW
17813,KHSV,KIAD
17814,EIDW,EHAM
17815,CYWG,CYYC
17816,KDFW,KHOU
17817,KDEN,KLAS
17818,KCLT,KORD
17819,EGLL,LIML
17820,KCPS,1IS0
17821,KATL,KDEN
17822,KSMF,KPHX
17823,KMDT,KCLT
17824,KFLV,KK59
17825,KNSE,KGZH
17826,KDEN,KGXY
17827,KPHX,AZ19
17828,KPHL,KROC
17829,EDDL,LEMD
17830,KDFW,KABQ
17831,LEMG,LEBL
17832,LPPD,LPPR
17833,KDFW,KLGA
17834,UKBB,EDDP
17835,KLAF,KCFJ
17836,KMSP,KCVG
17837,EPGD,EGGW
17838,LPPT,LSZH
17839,KHPN,KORD
17840,EGGD,LPFR
17841,EBMB,LEMD
17842,KPHL,KIAD
17843,K7S9,OR25
17844,KCMH,KLAS
17845,KSFO,KSBP
17846,EGPH,EGSS
17847,KSRQ,KIAD
17848,SBRJ,SBGR
17849,CL36,KO60
17850,KIND,KMSP
17851,KLAS,KSNA
17852,LFPG,EKBI
17853,ENBR,ENHD
17854,KDFW,KVPS
17855,KMLI,KORD
17856,KNSE,K12J
17857,LTBA,VABB
17858,KDTW,KMSP
17859,KFCM,KFBL
17860,KDAL,KBUR
17861,KSNA,KAVX
17862,LIML,LEMD
17863,KABQ,KLAX
17864,EGLL,EGNT
17865,VOMM,WMKK
17866,KMAN,KS67
17867,SBCO,SBGR
17868,KDFW,KSPI
17869,KATL,KSAT
17870,KSTL,KATL
17871,KFUL,KRAL
17872,KLGA,KDCA
17873,KBOS,KMIA
17874,KPDX,KJFK
17875,KSBP,KPRB
17876,EPWA,LOWW
17877,KNZY,KNUC
17878,KMIA,KDFW
17879,NZAA,NZWN
17880,LFPO,LEBL
17881,LEMD,LSGG
17882,KSDF,KOAK
17883,EHRD,LEAL
17884,KSRQ,KORD
17885,ESSB,ESMS
17886,NZHN,NZWN
17887,KADS,KTKI
17888,KPHX,KBOS
17889,CYXE,CYYZ
17890,KONT,KSEA
17891,LEMD,LPPR
17892,EGKK,EGJJ
17893,KPHL,KBUF
17894,KMCI,KDFW
17895,SBRJ,SBCO
17896,KBOS,KPYM
17897,EBMB,LEMD
17898,KDEN,KBOS
17899,KSNA,KSBA
17900,KPHL,KSYR
17901,ENGM,ESSA
17902,KCJR,KHEF
17903,EDDL,LOWW
17904,SBBR,SBRJ
17905,KDFW,KBNA
17906,KPHX,KDAL
17907,KMDW,KFLL
17908,KFAY,KATL
17909,KMIA,KPHL
17910,KSLC,KLAS
17911,KDTW,KLGA
17912,KSFO,MMUN
17913,KRDU,KBWI
17914,KMKE,KMSP
17915,KBED,KHPN
17916,KLAS,KPHX
17917,KRBD,KFTW
17918,KATL,KBOS
17919,KLNK,KMSP
17920,LEMD,LIRF
17921,ENZV,ENBR
17922,KRHV,9CL2
17923,KIAD,KCLT
17924,KSFO,KLAX
17925,KCPS,7IS9
17926,KBJC,KLMO
17927,KSBP,KPRB
17928,EHAM,EPWA
17929,KDEN,KJFK
17930,EVRA,ENGM
17931,KDEN,KBTF
17932,KFRG,KBDR
17933,KPHX,KMSP
17934,KADS,KAPA
17935,EGPH,EGLC
17936,KATL,MMUN
17937,KCLT,KBOS
17938,KSDF,KATL
17939,KFLL,KMSP
17940,EDDB,EDDK
17941,YMML,YBBN
17942,KMIA,SPJC
17943,KDTW,KCLT
17944,1ID3,ID23
17945,KSEA,CL36
17946,EDDL,EKCH
17947,LEPA,EDDL
17948,KIND,KIAD
17949,KLAS,KATL
17950,KLGA,KORD
17951,KCLT,KCMH
17952,KPOC,KFUL
17953,KSJC,KSAN
17954,KISP,KFOK
17955,KPHX,KDFW
17956,LEAL,EHEH
17957,KTYS,KATL
17958,KDEN,KBUR
17959,KDTW,KBUF
17960,KCLT,KFLL
17961,LOWW,EDDL
17962,KSTS,KLAX
17963,KFTW,KADS
17964,LPPT,LPMA
17965,KMSP,7PS7
17966,LEBL,LOWW
17967,LIRF,LIEE
17968,KSAN,KLAX
17969,KDFW,KMCO
17970,OMDB,UAAA
17971,KSNA,KL35
17972,NZAA,NZCH
17973,KFFZ,KA39
17974,KPHX,KORD
17975,KATL,KRDU
17976,KDEN,KBTF
17977,KONT,KPDX
17978,EGPF,EGSS
17979,KATW,KOJC
17980,KORD,KDCA
17981,KECP,KATL
17982,KCMH,KIAD
17983,KMCI,KPHX
17984,KSMO,KLGB
17985,ULLI,UUEE
17986,YMML,YPPH
17987,KATL,KLAX
17988,KSFO,KPDX
17989,KBNA,KHPN
17990,KSNA,KSFO
17991,EDDH,LOWW
17992,LEPA,EDDS
17993,KLAX,KORD
17994,KSJC,KSTL
17995,KLGB,KLAS
17996,SC80,SC32
17997,KPHL,KMIA
17998,K12J,KNSE
17999,KSFO,KSAN
18000,SBBR,SBGR
18001,KPDX,KMDW
18002,KDTW,KORD
18003,KTYR,KDFW
18004,KATL,KEWR
18005,KMSP,KMKE
18006,PANC,KORD
18007,CYYC,CYVR
18008,KMIA,KMSP
18009,LEMD,LIML
18010,CYUL,CYYZ
18011,ENBR,ENZV
18012,KFDK,KFME
18013,EGGW,EGPH
18014,CYYZ,CNV9
18015,KOKB,KCRQ
18016,KLGB,KCNO
18017,KSNA,KOAK
18018,KFFZ,KCGZ
18019,OMDB,VABB
18020,KEWR,KIAD
18021,KMSP,KORD
18022,KABQ,KPHX
18023,KDFW,KATL
18024,KF70,54CL
18025,LHBP,EDDL
18026,KPHL,KCLT
18027,EGLL,LEBL
18028,EBMB,LOWW
18029,KJFK,KLAX
18030,WS78,KMSP
18031,EPKK,LIME
18032,KSNA,KCNO
18033,LSGG,LOWW
18034,KDTO,7TS4
18035,KDTW,KCVG
18036,KDEN,KSBP
18037,KDCA,KTYS
18038,EPMO,LIME
18039,KMSP,KMSN
18040,KATL,KIAD
18041,LEMD,LEMH
18042,EKCH,LOWW
18043,KSMF,KSAN
18044,KBUF,KPHL
18045,NZTG,NZAA
18046,GMMN,LEMG
18047,9CO2,KFTG
18048,KBOS,KJFK
18049,CYYZ,CYYJ
18050,KDFW,KMCI
18051,50OR,KBDN
18052,KSNA,KVNY
18053,K12J,KNSE
18054,KCMH,KMDW
18055,KMVY,KBOS
18056,LTFJ,LLBG
18057,KDEN,KSEA
18058,CO07,KBKF
18059,LROP,LIRA
18060,KDFW,KPNS
18061,KHYI,7TS2
18062,KCOS,KBJC
18063,LIRF,LOWW
18064,UUEE,VIDP
18065,KSNA,KSMO
18066,KPHL,KORD
18067,KATL,KSRQ
18068,KPHX,KSEA
18069,LFPB,EGGW
18070,KMCI,KBOS
18071,KMIA,KATL
18072,KYKM,96VE
18073,KATL,KBKL
18074,KPSP,KPHX
18075,LEPA,EDDH
18076,KMYF,KSDM
18077,LEMD,LFPO
18078,KPHX,KPSP
18079,LFPO,LFCR
18080,ULLI,UUWW
18081,KHOU,KMDW
18082,KMSP,KIAD
18083,KPDX,KEWR
18084,KBJC,KLMO
18085,LSZH,LOWW
18086,LPPT,LFPO
18087,KDFW,KLAS
18088,KATL,KDCA
18089,OMDB,VIDP
18090,LFBO,LFPO
18091,KDCA,KSTL
18092,KEWR,KATL
18093,EGGP,EIDW
18094,KBOS,KLGA
18095,KLAS,KBOS
18096,KCHD,KFFZ
18097,KONT,KPHX
18098,KORD,KGRB
18099,KATL,KDEN
18100,LFOB,LPPR
18101,KNSE,KGZH
18102,KPDX,KLAX
18103,KMGY,OI34
18104,KBNA,KSAN
18105,KORD,KOMA
18106,KOAK,KE16
18107,KDFW,KPHL
18108,KFLL,KDTW
18109,LFPG,EPWA
18110,KEWR,KMIA
18111,KSNA,KAPA
18112,LFMN,LFPO
18113,YMML,YMHB
18114,3NK5,KFLL
18115,ENBR,ENGM
18116,KPHL,7PS7
18117,KSFO,MMUN
18118,CYYZ,CYUL
18119,LFBD,GMMN
18120,KPSP,CYVR
18121,KLGA,KMCO
18122,KBFI,WA09
18123,TJSJ,KMIA
18124,KLAS,KCMH
18125,EBMB,LOWW
18126,KDCA,KMCO
18127,VGZR,OTHH
18128,KPDX,KPAE
18129,OI34,7OA7
18130,CYVR,CML2
18131,KBOS,KMCO
18132,KLGA,KCLT
18133,K12J,KNSE
18134,LOWW,EDDH
18135,MA72,KBOS
18136,KDFW,KMIA
18137,LEZL,EBCI
18138,KSAN,KPHX
18139,ENGM,EKCH
18140,KSNA,KSBP
18141,KIAD,KEWR
18142,KOMA,KDFW
18143,KBWI,KFLL
18144,KDAY,KDTW
18145,OMSJ,VOMM
18146,EHAM,LOWW
18147,KDEN,KTUS
18148,LIML,LICZ
18149,KLAX,KDAL
18150,EDDH,LSZH
18151,KATL,KLGA
18152,LEMD,LEPA
18153,CYYC,CYVR
18154,EGAA,EGGW
18155,NZWN,YMML
18156,KPHX,KLAX
18157,KVNY,KLAS
18158,LEAL,EGGW
18159,KSFO,KLAS
18160,PANC,KORD
18161,ENGM,ENBO
18162,LIRF,LFPG
18163,KDFW,KBTF
18164,KROC,KTEB
18165,KCOS,KAPA
18166,KSAN,KDVT
18167,KPHL,KALB
18168,KSFO,KMFR
18169,KADS,KF69
18170,KPHX,KLAS
18171,KORD,KSTL
18172,KJFK,KDTW
18173,EDDF,LOWW
18174,61OR,KBDN
18175,KPHL,KMSP
18176,KMSP,KRDU
18177,KDEN,KSEA
18178,KEWR,KSYR
18179,KORD,KATW
18180,KRFD,KDTW
18181,CO18,KAPA
18182,NZPM,NZAA
18183,KPHX,KMCI
18184,KDCA,KCLT
18185,KMVY,KJFK
18186,LIEE,LIRF
18187,KORD,KEWR
18188,KIND,KMIA
18189,KPHL,KMSN
18190,KAUS,KMIA
18191,ENVA,ENGM
18192,KBWI,KRDU
18193,KTEB,KBOS
18194,KSFO,KSAN
18195,EBMB,LPPT
18196,KMCI,KIAD
18197,KLAX,KFLL
18198,KDFW,KJFK
18199,KFUL,KCMA
18200,KDEN,KBWI
18201,LSZH,LDZA
18202,KORD,K8C4
18203,KLAS,KMSP
18204,KATL,KORF
18205,LOWW,LROP
18206,KPHX,KONT
18207,KDTW,AL16
18208,ENGM,ESMS
18209,NZNV,NZWN
18210,CYYZ,CYYC
18211,KSFO,KORD
18212,4GA9,KPDK
18213,KSYR,KHPN
18214,EPGD,EDDH
18215,SKBO,KMIA
18216,LFML,LFPG
18217,UUEE,ULLI
18218,LEBL,LEMH
18219,KDCA,KSDF
18220,K0L7,KHND
18221,KCRQ,3CA9
18222,KATL,KSYR
18223,YMML,YPPH
18224,LEPA,LFPG
18225,KSTL,KBNA
18226,CZBA,CSV8
18227,LOWW,EDDK
18228,KHRJ,KRDU
18229,KVIS,KMOD
18230,KVNY,KDAL
18231,KDFW,KDCA
18232,KPDX,KDCA
18233,KOAK,KLAX
18234,KDCA,KEWR
18235,EGPH,EGBB
18236,LEZL,LEBL
18237,KPHX,KSEA
18238,KSAT,KPHX
18239,KSMF,KSEA
18240,KLAX,KMSP
18241,KTEB,KMDW
18242,0NJ6,KCDW
18243,UUEE,EVRA
18244,KPHL,KMDT
18245,KDEN,KPHL
18246,KRNM,KSEE
18247,KEWR,KBOS
18248,EPRZ,EGSS
18249,KCMI,KORD
18250,KATL,KMSP
18251,KDFW,MMUN
18252,LIRF,LICZ
18253,KPHX,KSEA
18254,LTFJ,LTFE
18255,KORD,KOKC
18256,KSDF,KOAK
18257,KORD,KPDX
18258,37AZ,KIWA
18259,KLGA,KMCO
18260,KMSP,KDFW
18261,KSNA,KPHX
18262,KECP,KATL
18263,KRDU,KLGA
18264,KATL,KSAT
18265,KSBA,KLAX
18266,LHBP,EDDB
18267,KLAX,KPDX
18268,KLAS,KOAK
18269,KFXE,KSRQ
18270,KAPA,CO18
18271,LEMG,EBCI
18272,KDTW,CYYZ
18273,EDDH,LEPA
18274,UUEE,UWLL
18275,KLEB,KTEB
18276,KATL,KMIA
18277,KPDX,KOAK
18278,LEPA,LEZG
18279,KPAO,KTVL
18280,KORD,KATL
18281,CYYC,CYYZ
18282,KNSE,K12J
18283,KSRQ,KATL
18284,EGKK,EGPH
18285,CYYJ,CYYC
18286,KMKE,KDTW
18287,KDEN,KCVG
18288,KATL,KBWI
18289,KJFK,SKBO
18290,KSFO,KDFW
18291,KPHX,KSFO
18292,KHPN,KCLT
18293,KDCA,KORF
18294,KSAN,KSFO
18295,KORD,KDEN
18296,SBGR,SBKP
18297,KATL,KTUL
18298,EKCH,LEBL
18299,KEWR,KPDX
18300,EDDF,LMML
18301,KATL,KFLL
18302,KSDF,KDFW
18303,KNYL,KPHX
18304,KAUS,KORD
18305,KPHX,KATL
18306,KSNA,KDFW
18307,KORD,KMSP
18308,CYYC,CYUL
18309,KDEN,KATL
18310,KDEN,KSJC
18311,TLPL,KJFK
18312,KPHL,KBOS
18313,KPDX,KORD
18314,ENBR,ENGM
18315,KMSP,KLGA
18316,LPFR,EIDW
18317,KMSP,KEWR
18318,KLAX,KATL
18319,EGLL,ESSA
18320,K7S9,KLAS
18321,KPSP,KPHX
18322,KDAL,KSNA
18323,KATL,KLGA
18324,LIME,LHBP
18325,KSEA,KSFO
18326,KEWR,KDFW
18327,LEAL,ESSA
18328,LHBP,EDDB
18329,TXKF,KBOS
18330,KONT,KSFO
18331,KMKE,KATW
18332,KSFO,KLAS
18333,LEMD,ESSA
18334,KCHO,KIAD
18335,K1G4,KLAS
18336,LEIB,LEPA
18337,KPDX,KLAX
18338,KRDU,KIAD
18339,KSFO,KDAL
18340,KMIA,KLAX
18341,KTYS,KDEN
18342,LTFJ,OTHH
18343,KSDF,KPDX
18344,KPHL,KISP
18345,KAUS,KABQ
18346,KSEA,KGEG
18347,KDAL,KSAN
18348,KSTL,KORD
18349,KPHX,KPDX
18350,KSLC,KORD
18351,KORD,KDFW
18352,KLNC,KRBD
18353,KCMH,KDTW
18354,K1G4,KLAS
18355,KLAX,KPHX
18356,LEMT,LECU
18357,KPHX,KRDU
18358,KJFK,KLAX
18359,KDTO,KTUL
18360,CYKA,CYYC
18361,LIMC,LIBD
18362,EHAM,EPWA
18363,CYYZ,KBOS
18364,KSTL,KCLT
18365,KNFG,KAJO
18366,KMSP,KPDX
18367,SSJC,SBSP
18368,LFPG,LOWW
18369,KRDU,KATL
18370,KHWD,KCCR
18371,VOBL,VHHH
18372,KLAX,KJFK
18373,KBJC,CO10
18374,KCRQ,KHMT
18375,4NC7,KRDU
18376,KPHX,PANC
18377,KSQL,CL77
18378,KSDF,KPNS
18379,ENGM,EDDV
18380,1OK0,KRVS
18381,SBRJ,SBGR
18382,KMSN,KDTW
18383,KJFK,KMCO
18384,KORD,KSEA
18385,KATL,KFLL
18386,KWDR,KPDK
18387,CYYZ,KIAD
18388,KMSP,KSTL
18389,EGLL,LSZH
18390,KPHX,KSNA
18391,LEMG,LEPA
18392,KOAK,KMDW
18393,KDEN,KEWR
18394,KSEA,KSAT
18395,KLAN,KDTW
18396,KPDX,KDAL
18397,KBUR,KSJC
18398,KBGM,KDTW
18399,KLAS,KSJC
18400,KDTW,KJFK
18401,KDFW,KSRQ
18402,KORD,KPVD
18403,LIMC,EPWA
18404,YMML,YPAD
18405,KMDW,KALB
18406,KSTL,KMKE
18407,NZTG,NZWN
18408,KATL,KSNA
18409,KSEA,KBLI
18410,KBFI,4WA4
18411,KMSP,KPHX
18412,LPPT,LPPR
18413,KIAD,KEWR
18414,KLGA,KSTL
18415,KPHX,KSAN
18416,KLAS,KTUS
18417,EDDF,EKCH
18418,LEBL,EDDB
18419,KCLT,KIAD
18420,ELLX,LPPT
18421,KMSP,KBOS
18422,LPMA,LPPT
18423,KATL,KROC
18424,KVPS,KATL
18425,KBFI,4WA4
18426,KLAS,KLAX
18427,KFCM,KCFE
18428,KPHL,KATL
18429,KGPI,KSEA
18430,KDTW,KORD
18431,LEPA,LEBL
18432,KMAN,KS67
18433,KFLL,KLGA
18434,KMSP,KDAL
18435,LEBL,LFPG
18436,KCMH,KATL
18437,KPDX,KSEA
18438,KRNM,KCRQ
18439,KONT,KPHX
18440,CYQQ,CYYC
18441,LIMC,LICJ
18442,KBUR,KOAK
18443,CYVR,CYYZ
18444,SBRJ,SBSP
18445,KLZU,4GA9
18446,LSGG,EKCH
18447,KSAN,KSEA
18448,KDEN,KBTF
18449,KMIA,KRDU
18450,KPHX,KSNA
18451,KSEA,CYVR
18452,KORD,KDCA
18453,KAUS,KPHL
18454,LFPG,ESSA
18455,SBVT,SBSP
18456,KSNA,KSEA
18457,LEIB,LEBL
18458,CYXX,CYYC
18459,KTUL,KDEN
18460,LEBL,EDDB
18461,CO02,KBKF
18462,K12J,KNSE
18463,KJFK,KFLL
18464,KMSP,KMCO
18465,KDTW,KLAS
18466,SBSP,SBCO
18467,KDEN,KLAS
18468,LSGG,LFPG
18469,KATL,KSTL
18470,KSFO,KPHL
18471,KDTW,KBOS
18472,KLAX,KBNA
18473,WA49,KSEA
18474,KSTL,KIAD
18475,KORD,KPHX
18476,KLGB,KPHX
18477,LPPT,EDDM
18478,KMSP,KSDF
18479,KPHL,KATL
18480,LEMG,EBBR
18481,KATL,KHPN
18482,KATL,KATW
18483,KRDU,KEWR
18484,2OK4,KRVS
18485,LEPA,LOWW
18486,KLVK,KE16
18487,KLAX,KSNS
18488,KCRQ,KIWA
18489,LFBO,LFFI
18490,KPHX,KTUL
18491,KDFW,KHSV
18492,KSTL,KORD
18493,KORD,KBWI
18494,NTAA,NTTE
18495,NZTG,NZCH
18496,KVNY,KFLL
18497,KROC,KIAD
18498,EGAA,EGNX
18499,KBFI,KFHR
18500,KBNA,KORD
18501,KDAY,KATL
18502,KCRQ,KLAS
18503,LPPT,LFPG
18504,KFLL,KPHL
18505,KMDW,KMCO
18506,CYYZ,KLGA
18507,ENZV,EKCH
18508,KPDX,KLAS
18509,KBWI,KBUF
18510,KPHX,KLAX
18511,UUEE,ULLI
18512,KSTL,KPHL
18513,LEBL,EHRD
18514,KSJC,KBOI
18515,KOMA,KMSP
18516,LFMN,LFPO
18517,KNZY,KNUC
18518,KPHX,7PS7
18519,KORD,KSAT
18520,KMDW,KLAX
18521,KADS,KF69
18522,KDEN,KBTF
18523,KMMU,4NY1
18524,EGGD,EGNT
18525,KDFW,KFLL
18526,LSZH,EKCH
18527,EHAM,EGLL
18528,KFFZ,48AZ
18529,KMHT,KIAD
18530,KORD,KLAX
18531,KMCI,KMDW
18532,KSMO,KAVX
18533,KRDU,KISO
18534,KLAX,KMCI
18535,ESGG,EPWA
18536,CYCD,CYVR
18537,LPPD,LPPT
18538,KDET,KTEB
18539,KMIA,KIAD
18540,KPHX,KSJC
18541,LEMH,LEPA
18542,KSNA,KPDX
18543,LEBL,LEMH
18544,KJZP,KRYY
18545,KA39,KFFZ
18546,LSGG,LSZH
18547,NZWN,NZCH
18548,KORD,KMDT
18549,KCLT,KEWR
18550,LPPR,LFPO
18551,CYYJ,CAM3
18552,LFPO,GMMN
18553,KBFI,KFHR
18554,KDAL,KATL
18555,KORD,73MU
18556,LIPZ,EGSS
18557,EDDF,LDZA
18558,UWLL,UUEE
18559,KCHD,KFFZ
18560,EHAM,LSZH
18561,KTEB,KBOS
18562,LEMG,ESSA
18563,KVNY,KCMA
18564,KPRB,KSBP
18565,KBDR,KFRG
18566,KRVS,OK13
18567,LIRF,ELLX
18568,LEBL,EGGP
18569,LFPO,LPPT
18570,KSTL,KORD
18571,KCLT,KDCA
18572,LHBP,LIMC
18573,KAPC,KCCR
18574,LPPT,LFPO
18575,KDEN,KMSP
18576,KSNA,KOAK
18577,KLZU,KECP
18578,KSFO,KSEA
18579,KEWR,KBUF
18580,ESSA,LOWW
18581,KDVT,KFUL
18582,KLAX,KSFO
18583,KRDU,KTDF
18584,NZWN,NZHN
18585,KDEN,KFLL
18586,TJSJ,KJFK
18587,KOMA,KLAS
18588,KSAN,KBNA
18589,KNSE,KGZH
18590,EKCH,EKYT
18591,KSMF,KLAS
18592,KATL,KGRB
18593,KSMF,KLAS
18594,KORD,KALB
18595,KBNA,KMCO
18596,ENVA,ENGM
18597,EDMO,LEBL
18598,KSEA,KSAN
18599,KSFO,CYVR
18600,KLAX,KHOU
18601,KSNA,KDFW
18602,KIAD,KDEN
18603,KSJC,KLAS
18604,LIRF,LFPO
18605,KLAS,KFLL
18606,KABQ,KLAX
18607,LEMD,LEBL
18608,LIBD,LIME
18609,KVNY,KCMA
18610,EHAM,LOWW
18611,KRVS,KXNA
18612,KSNA,KLAS
18613,LHBP,EDDB
18614,LFPG,LSZH
18615,CYYZ,CYOW
18616,ULMM,UUEE
18617,KMIA,KLGA
18618,CYVR,CYYC
18619,EHAM,LEBL
18620,LFPO,LFBO
18621,KCLT,KPDK
18622,LIRA,LIPZ
18623,KPHX,KEWR
18624,KFHR,WN51
18625,LTAC,LTFJ
18626,SPST,SPJC
18627,KRNM,KCRQ
18628,KOAK,KSEA
18629,KATL,KDEN
18630,KPHL,KCLT
18631,NZAA,NZWN
18632,KHOU,KDAL
18633,KBOS,KCLT
18634,YMML,YPPH
18635,KORD,KLAX
18636,EDDH,EDDK
18637,PAEN,PANC
18638,EKBI,LEMG
18639,KSEA,KJFK
18640,KTDF,KRDU
18641,CYWG,CYYC
18642,LIMC,EDDL
18643,KCFJ,KLAF
18644,KCNO,KTOA
18645,KCLT,KMIA
18646,KNSE,K12J
18647,EBMB,LIMC
18648,KABQ,KBTF
18649,LFPO,LEMD
18650,ELLX,LPPT
18651,KOKC,KRVS
18652,NZPM,NZCH
18653,KPHL,KSTL
18654,NZCH,YSSY
18655,KPHX,KORD
18656,EHAM,EDDV
18657,LEBL,EDDP
18658,LEPA,EDDV
18659,KWHP,KSBA
18660,KSEA,6WA3
18661,KMIA,KSRQ
18662,KDAL,KSTL
18663,LIRF,LICJ
18664,KTUS,KPHX
18665,PAMR,8AK6
18666,KCLT,KPVD
18667,KMVY,KJFK
18668,PANC,KSEA
18669,KTOA,KLGB
18670,KLAS,KORD
18671,EINN,EIDW
18672,LEVX,LEMD
18673,CYVR,CYYZ
18674,EHAM,EDDW
18675,LTFJ,EDDK
18676,EGGW,LEMG
18677,KDVT,KCHD
18678,KSAN,KSFO
18679,KBFI,KORS
18680,LFPG,EDDL
18681,LIMC,LICP
18682,K61B,KU30
18683,NZAA,NZOI
18684,KLGA,KCMH
18685,KSEA,KBOI
18686,KPHF,KPHL
18687,KRVS,OK25
18688,EPGD,ESGG
18689,KMYF,KSNA
18690,LEPA,LOWW
18691,37AZ,KIWA
18692,LPPT,EBBR
18693,LHBP,EIDW
18694,KGPM,KGKY
18695,KSAT,KDEN
18696,KMIA,KDCA
18697,EGJJ,EGNX
18698,EHAM,EDDF
18699,KGRB,KMSP
18700,KAFW,3TX2
18701,EGLL,LFPG
18702,KLAX,TS53
18703,EDDF,EVRA
18704,KORD,KABQ
18705,KADS,KF69
18706,KATL,KPNS
18707,KJFK,KMIA
18708,KORD,KTUL
18709,KLAX,KSEA
18710,LEMD,LEIB
18711,KLGA,KDFW
18712,KBUF,KIAD
18713,KRVS,OK25
18714,KCDW,K12N
18715,KRHV,KC83
18716,KSNA,KPHX
18717,PAEN,PANC
18718,KBNA,KBOS
18719,KMIA,KPNS
18720,KCLT,KHPN
18721,KATL,KMSN
18722,EHAM,UKBB
18723,KMRY,KPHX
18724,KLGB,KCRQ
18725,LEBL,LOWW
18726,KATL,KBWI
18727,KDCA,KORD
18728,KDEN,KHOU
18729,KAUS,KDEN
18730,EPKK,EPGD
18731,CYXE,CYYC
18732,KHOU,KDAL
18733,KSEA,KLAX
18734,KPYM,KHYA
18735,KSAN,KDFW
18736,LEMD,LEMH
18737,KLAX,KSNA
18738,KSLC,KOAK
18739,KATL,KVPS
18740,KMIA,KJFK
18741,LEMG,LSGG
18742,KMSP,KMCI
18743,KSDF,KIAD
18744,KBNA,KATL
18745,KLGA,7PS7
18746,CYYZ,KORD
18747,LFPG,LIMC
18748,KSMF,KMDW
18749,EKCH,LFPG
18750,NC61,KCPK
18751,KLAS,KSNA
18752,KBOS,KJFK
18753,KCRQ,KSEE
18754,EGAA,EGNX
18755,LIPE,LICZ
18756,KPVU,KU77
18757,KSEA,KPDX
18758,KFAT,KVIS
18759,KADS,KF69
18760,KO69,KSAC
18761,LSGG,EHAM
18762,SSJC,SBKP
18763,KMTN,KHGR
18764,SKBO,KMIA
18765,KDEN,CYYZ
18766,EDDK,LEBL
18767,LEBL,LEMD
18768,KMDW,KDTW
18769,KBOI,KORD
18770,ULLI,UUEE
18771,KDFW,KPHL
18772,KSAT,KATL
18773,LPPR,LPMA
18774,KATL,KORD
18775,KPDK,KCTJ
18776,KSEA,KFAT
18777,KBUR,KPHX
18778,EHAM,LIRF
18779,KFNL,CO59
18780,EDDM,EDLW
18781,K61B,KU30
18782,KFLL,KIAD
18783,KORD,KOMA
18784,KMIA,KEWR
18785,3NJ6,KMTN
18786,KMSP,KMCO
18787,EDDH,EDDL
18788,LSZH,EDDH
18789,EINN,EIDW
18790,KPVD,KATL
18791,KBFI,KPAE
18792,LIME,LIBR
18793,KBNA,KLGA
18794,LIPE,LICJ
18795,KMSP,KIAD
18796,EFHK,ESSA
18797,EHAM,EDDB
18798,KMCI,KBOS
18799,ENGM,EKCH
18800,LPPT,LSGG
18801,KHPN,KISP
18802,EDDB,EDDG
18803,LPPR,LFPO
18804,EDDH,EKCH
18805,LZKZ,LKPR
18806,KE16,KRHV
18807,ESSA,LEAL
18808,KCLT,KSTL
18809,LIRF,LICZ
18810,KOKC,KDFW
18811,EDDF,EPWA
18812,LFPG,LIPZ
18813,EFOU,EFHK
18814,KCLT,KFLL
18815,KLAS,KLAX
18816,KSLC,KLAX
18817,KSFF,KBOI
18818,WA49,KPDX
18819,KMDW,KMSP
18820,KBNA,KDTW
18821,EHAM,ESSA
18822,EBMB,LIML
18823,KBWI,KBOS
18824,KTYS,KIAD
18825,KCLT,KPHX
18826,KSAN,KSEA
18827,KLAS,KDTW
18828,KUAO,KBFI
18829,CYUL,KCLT
18830,EGGW,EPKK
18831,KLGB,KCNO
18832,LEPA,EKCH
18833,KJFK,KIAD
18834,KATL,KBNA
18835,KLUK,08NC
18836,LPPT,LSGG
18837,KSEA,6WA3
18838,TXKF,KJFK
18839,KHOU,KDEN
18840,UUWW,ULLI
18841,KTOA,KCMA
18842,KCLT,4VA1
18843,KMDW,KISM
18844,VHHH,RCTP
18845,KSJC,KLAX
18846,KSFO,KPHX
18847,EGLL,LOWW
18848,KDEN,KSEA
18849,LEIB,LEPA
18850,EGPD,EGNX
18851,KNSE,K12J
18852,EHAM,LEMD
18853,EDDB,LEMD
18854,KSNA,KORD
18855,KORD,KBOS
18856,KCLT,KATL
18857,KSTL,KLAS
18858,KPAN,KPHX
18859,KORF,KEWR
18860,LIMC,LIRF
18861,ENBO,ENVA
18862,KEUL,ID00
18863,KPVD,KIAD
18864,EKCH,LEMD
18865,KDFW,KDEN
18866,KDFW,KDEN
18867,LEBL,LEIB
18868,LIME,LICJ
18869,KATL,KMDW
18870,KBNA,KATL
18871,KBOI,KPDX
18872,NZCH,NZAA
18873,LEBL,LSZH
18874,LFPG,EGSS
18875,LEMG,EIDW
18876,KMDW,KDCA
18877,KORD,KSTL
18878,LPPR,LSGG
18879,VOBL,VIDP
18880,KLAS,KBUR
18881,KA39,KCHD
18882,KDEN,KSAN
18883,KORD,KPHX
18884,KDCA,KATL
18885,KDCA,KMKE
18886,KCRQ,KPHX
18887,EHAM,LDZA
18888,KCLT,KDTW
18889,KPHX,KORD
18890,KMOD,KLVK
18891,ESGG,LIME
18892,KLAS,KPHL
18893,KBOS,KMVY
18894,EGGD,EGAA
18895,LOWW,EDDS
18896,EGBB,EGAC
18897,VT48,KIAD
18898,KBWI,KLAS
18899,KSFO,KLAX
18900,KATL,KCVG
18901,KMDW,KSAT
18902,KCNO,KVNY
18903,KSMF,KBUR
18904,NZNV,NZCH
18905,KLAS,KBUR
18906,K2K9,KRVS
18907,KDFW,MMUN
18908,KSAN,KSFO
18909,KMCI,KDEN
18910,ENGM,ENZV
18911,LTBA,LEMD
18912,KRNT,KPWT
18913,KORD,KBOI
18914,KMSP,KOMA
18915,KSEA,KDFW
18916,KAFW,4XS2
18917,LHBP,LOWW
18918,KLMO,KBJC
18919,KLGA,KIAD
18920,KFLL,KORD
18921,CYUL,CYYZ
18922,MA55,KEWB
18923,KDFW,KLAX
18924,KVNY,KSBA
18925,KBOS,MA55
18926,KDFW,KLGA
18927,KPDX,KATL
18928,KPAO,KSTS
18929,KMCI,KPHL
18930,KBOI,ID44
18931,KDTW,KEWR
18932,CYKA,CYYC
18933,CYCD,CYYC
18934,KLVK,KRHV
18935,LFPG,EDDM
18936,KSEA,KSFO
18937,EHAM,EFHK
18938,NZCH,NZAA
18939,KSTL,KMIA
18940,CYYZ,KCMH
18941,KSDF,KDEN
18942,KMSP,KDCA
18943,KFAT,KLAS
18944,EHAM,EPKK
18945,KPAO,KE16
18946,KCLT,KDFW
18947,KCLT,KLGA
18948,KLAS,KCLT
18949,KSLC,KLAS
18950,EFHK,ESMS
18951,NZRO,NZWN
18952,KBNA,KDEN
18953,KPOC,KCNO
18954,EDDM,EDDL
18955,LHBP,LKPR
18956,OR81,KHIO
18957,KGPI,KORD
18958,SBRJ,SBBR
18959,KSAT,KLAS
18960,KCMH,KEWR
18961,KATL,KMDT
18962,KDTW,07PN
18963,NZCH,NZNV
18964,KPHX,KPAE
18965,LOWW,ELLX
18966,LEPA,LEIB
18967,LFPG,ESSA
18968,LEAL,EBCI
18969,KLAS,KSEA
18970,TJSJ,KATL
18971,EHAM,LSGG
18972,KHWO,KFXE
18973,KABQ,KDFW
18974,KSNA,KCMA
18975,KE16,KLVK
18976,KSAC,KMHR
18977,KCGZ,KFFZ
18978,SBSP,SBRJ
18979,KORF,KCLT
18980,KIAD,KCLT
18981,KSLC,KLAX
18982,SBGL,SBSP
18983,KOKC,KLAS
18984,LFBO,EBCI
18985,KDVT,KCHD
18986,ENZV,ENBR
18987,KLGA,KCLT
18988,KBJC,KCOS
18989,KLAX,KSFO
18990,LPPT,LEMD
18991,EDDF,LPPT
18992,EDDF,LEBL
18993,KPDK,KTYS
18994,KAUS,KLAX
18995,KORD,KABE
18996,47PA,KIAD
18997,CYYC,KDFW
18998,EDDF,LGAV
18999,KBWI,KDAL
19000,LFPG,LIMC
19001,EHAM,LFPG
19002,LOWW,LKPR
19003,KMDW,KBNA
19004,KCLT,KCMH
19005,KSTL,KRDU
19006,KATL,KPHL
19007,KMSN,KORD
19008,EDDF,LEMD
19009,KBJC,KAPA
19010,KPVU,UT99
19011,KSNA,KAJO
19012,KTEX,KDEN
19013,EDDF,EPKK
19014,KDTW,KFLL
19015,EHAM,LIPZ
19016,LGRP,LGAV
19017,KDEN,KSBA
19018,KSAN,KMSP
19019,PANC,KSEA
19020,KSEA,KOAK
19021,CYUL,KTEB
19022,LFML,LFPO
19023,KSNA,KCNO
19024,KLAS,KOAK
19025,CYYZ,KEWR
19026,EDDK,EPKT
19027,KRNM,KCRQ
19028,KJFK,KMIA
19029,KCLT,KRDU
19030,CYCD,CYVR
19031,EDDF,EETN
19032,KLAS,KLAX
19033,LIRF,LICJ
19034,KBOS,KATL
19035,KPAO,KSTS
19036,LFML,LFBD
19037,KMDW,KBOS
19038,EDDF,LSZH
19039,LPPT,LFBO
19040,KISP,K3C8
19041,EBMB,LPPR
19042,KNUC,KNZY
19043,KMKE,KLGA
19044,KBOS,VG64
19045,KSAN,KLAS
19046,KBWI,KMSP
19047,KSEA,KMSP
19048,KOSU,OI01
19049,KSDF,KFAT
19050,EDDF,LJLJ
19051,KLNS,KLOM
19052,KBOS,KPVC
19053,KSAT,KORD
19054,KDCA,KBOS
19055,KPHX,KMSP
19056,KOPF,KFXE
19057,KDEN,KDFW
19058,NZRI,NZWN
19059,KMDW,KRDU
19060,EBBR,EKCH
19061,KDFW,KSEA
19062,LPPT,LHBP
19063,KSTL,KLAS
19064,KLAX,KSFO
19065,LFPG,EDDB
19066,KBWI,KRDU
19067,LPPR,LEMD
19068,KWWD,KN87
19069,KLGA,KHOU
19070,NZAA,NZCH
19071,LEMG,ESSA
19072,KSAT,KDAL
19073,EKBI,EKSB
19074,K12J,KNSE
19075,KDTW,KPVD
19076,KDEN,KSNA
19077,LFPO,GMMN
19078,EDDF,LIML
19079,KLAS,KLAX
19080,KOAK,KSEA
19081,KJFK,KORD
19082,LEPA,LEMD
19083,KSMF,KLAX
19084,OL23,KRVS
19085,KCLT,KORD
19086,LFPG,LSGG
19087,KDFW,KPDX
19088,KLVK,63CN
19089,EHAM,LHBP
19090,KDEN,KORD
19091,KSBA,KCMA
19092,KPDX,KORD
19093,KCLT,KSAT
19094,KBOS,KBNA
19095,CYYJ,CYYZ
19096,KLAS,KBUR
19097,KRDU,KMCO
19098,GA77,KRYY
19099,VOBL,VABB
19100,LPPR,LPPT
19101,EHAM,LPPT
19102,EFHK,LEMG
19103,KCLT,KVPS
19104,KHOU,KRDU
19105,KLAS,K1L3
19106,KPHL,KMSP
19107,NZAA,NZWN
19108,KATL,KIAD
19109,KOAK,KBTF
19110,KDTW,KMIA
19111,KBNA,KSRQ
19112,KTEB,KFTY
19113,KSAT,KDEN
19114,LEPA,LEBL
19115,KLEB,KHPN
19116,EHAM,EPGD
19117,EHAM,LGAV
19118,KBWI,KBNA
19119,ESSA,EKCH
19120,KDEN,KORD
19121,KMKE,KDFW
19122,KBOS,KDCA
19123,KCLT,KOMA
19124,KMDW,KDAL
19125,KEWR,KDEN
19126,LIMC,EDDB
19127,KLAX,KLAS
19128,CO18,KAPA
19129,EDDF,LSGG
19130,KSEA,KPHX
19131,ENZV,ENGM
19132,KATL,KBOS
19133,LFPG,LGAV
19134,LIPH,LICP
19135,LEPA,LSZH
19136,EHAM,EGBB
19137,KPHL,KATL
19138,LFBD,GMMN
19139,KJFK,KCLT
19140,KPHX,KABQ
19141,KTEB,KMIA
19142,LPPR,LFBO
19143,KPHX,KBUR
19144,KORD,CYYZ
19145,KPHX,CYYC
19146,NZCH,NZOM
19147,KSRQ,KPHL
19148,KA39,KFFZ
19149,KSAT,KDAL
19150,KEWR,KATL
19151,EDDF,ESGG
19152,EBMB,LFBO
19153,KRDU,KSTL
19154,KCLT,KECP
19155,KMSP,KOMA
19156,EHAM,LIML
19157,KSEA,KSAN
19158,EHEH,LEMG
19159,KCLT,KRDU
19160,KLAX,KATL
19161,KFDK,KHGR
19162,LIMC,ELLX
19163,CYYZ,CYYC
19164,KPDX,KLAX
19165,LFPG,EKCH
19166,EGAA,EGBB
19167,EHAM,ENGM
19168,KTUL,KOKC
19169,KBUF,KIAD
19170,EGLC,ELLX
19171,KPHX,KSEA
19172,KPHL,KPVD
19173,EDDF,EPGD
19174,KFLL,KEWR
19175,LEPA,LEMD
19176,KORD,KIAD
19177,KDTW,KDAY
19178,KSEA,KSJC
19179,KAUS,KDAL
19180,KLAX,KPHX
19181,KTEB,KMDW
19182,KSDF,KMCO
19183,YSSY,YMML
19184,EDDM,EDDH
19185,KLAS,KJFK
19186,KA39,KFFZ
19187,CYVR,CYYC
19188,EHAM,ENZV
19189,LPFR,EIDW
19190,KORD,KSYR
19191,KTEX,KAPA
19192,KFET,KMLE
19193,LKPR,LIRQ
19194,OTHH,VOMM
19195,ULLI,UUEE
19196,KATL,KABE
19197,KDAY,KIAD
19198,LFPG,LIML
19199,KSFO,KABQ
19200,KDAL,KMKC
19201,LEPA,LEIB
19202,KFAT,KLAS
19203,KPHX,KLAS
19204,KCVG,KEWR
19205,LFMN,LFPO
19206,KORD,KMCI
19207,EDDH,EDDS
19208,KDEN,KLAX
19209,KCLT,KJFK
19210,KSEA,KLAS
19211,NZWN,NZCH
19212,EDDF,ESSA
19213,KSMO,KSBA
19214,EDDF,LIPZ
19215,KSMF,KATL
19216,KBOS,KIAD
19217,KSTL,KDCA
19218,KVPS,KDFW
19219,KEWR,KBOS
19220,KLGB,KTOA
19221,KSPI,39IL
19222,EDSB,LIEE
19223,KLAS,KLAX
19224,KJFK,KMSP
19225,LEPA,LEBL
19226,KORD,KDFW
19227,LFPG,EDDK
19228,LIMC,LIEA
19229,LEBL,LOWW
19230,KCGZ,KFFZ
19231,KLGA,KMSP
19232,NZAA,NZCH
19233,KBOS,KRDU
19234,KCRQ,KVNY
19235,KPNS,KDFW
19236,KLNS,14PS
19237,LEMG,LEPA
19238,SBGL,SBBR
19239,KPRC,42AZ
19240,CYXE,CYYZ
19241,EHAM,ENBR
19242,KSFO,KSNA
19243,KVNY,KBNA
19244,KATL,KPHL
19245,KRDU,KBOS
19246,KEWR,KFLL
19247,KAUS,KDAL
19248,KSJC,KLAX
19249,EHAM,LFBD
19250,KFLL,KJFK
19251,KHYI,KEDC
19252,KORF,KATL
19253,KHOU,KBWI
19254,KTOA,KLGB
19255,KHND,KSNA
19256,KORD,KLAS
19257,KHQZ,KADS
19258,KPHL,KMKE
19259,KMIA,SKBO
19260,KCMA,KVNY
19261,KLAX,KLAS
19262,LIMC,EDDP
19263,KLAS,KMKE
19264,KFTW,TX15
19265,KTOA,KAVX
19266,LEAL,EGCC
19267,LFPG,LFRJ
19268,KBOS,KMIA
19269,KEWR,KLDJ
19270,LEMG,ESSA
19271,EHAM,EDDM
19272,KBWI,KROC
19273,KSEA,PANC
19274,KEWR,KMSP
19275,LEBL,LROP
19276,KPWT,KBFI
19277,NZCH,NZAA
19278,KMOD,KMCE
19279,EHAM,LEMG
19280,EDDF,LPPR
19281,KABQ,KLAX
19282,KLAS,KSEA
19283,KCLT,KBWI
19284,SBGR,SBBR
19285,EDDF,LHBP
19286,KSNA,KSEA
19287,KBNA,KDTW
19288,ESSA,LFPG
19289,KRNM,KF70
19290,KSEA,KPHX
19291,KFLL,KSDF
19292,KFRG,KCDW
19293,KLGA,KSTL
19294,KEWR,KCLT
19295,KDFW,KBTF
19296,EHAM,LIPE
19297,EHAM,EKCH
19298,KPOC,KEMT
19299,NZTG,NZAA
19300,KORD,KDFW
19301,LFPG,EGLL
19302,KPGV,KRWI
19303,KMMU,KRDU
19304,OL23,KRVS
19305,KPDX,KDFW
19306,SBKP,SBBR
19307,SBSP,SBRJ
19308,CYUL,CYYZ
19309,2OK4,KRVS
19310,KLGB,KVNY
19311,KEWR,KRDU
19312,KMSP,KOMA
19313,KLAX,KSEA
19314,KSTL,KCVG
19315,KCLT,KSRQ
19316,KBVI,32PN
19317,KORD,CYYZ
19318,EGCC,EGAA
19319,KDEN,KFAT
19320,KAUS,KLAX
19321,CYYJ,CYVR
19322,EHAM,EDDN
19323,EHAM,EDDN
19324,YSSY,YPAD
19325,KSAT,71TE
19326,KBWI,KATL
19327,ENVA,ENGM
19328,LFPG,EGCC
19329,EHAM,EGPH
19330,KATL,KMCO
19331,KDVO,KO69
19332,KDWA,KSAC
19333,1GA2,64GA
19334,LEBL,EDDK
19335,KLAS,KDAL
19336,LPMA,LPPR
19337,KATL,KDTW
19338,KPHL,KORF
19339,KSQL,KIZA
19340,LEBL,LFPO
19341,KOKC,KDEN
19342,EDDF,UKBB
19343,CYBG,CYUL
19344,KCNO,KCMA
19345,NZAA,NZCH
19346,KORD,KLGA
19347,KLAS,KMDW
19348,KMDW,KSDF
19349,KCLT,KIAD
19350,KAZO,KFCM
19351,KDAL,KSAT
19352,LPFR,LPPR
19353,KMYF,KRNM
19354,KEWR,KDTW
19355,KBUF,KMDW
19356,KORD,KMSP
19357,LPPD,LPPT
19358,GBYD,GOBD
19359,KMQY,KPDK
19360,KLGA,KFLL
19361,SKBO,KFLL
19362,LTFJ,EDDK
19363,KDEN,KATL
19364,KFLL,KDCA
19365,LEBL,LROP
19366,KFRG,KFOK
19367,LTAC,LTFJ
19368,00KS,SN59
19369,KBWI,KBUF
19370,KFAT,KSFO
19371,KDAL,KORL
19372,KATL,KPHL
19373,KBVY,KBED
19374,KLAX,KTUS
19375,KORS,KRNT
19376,KTUS,KLAX
19377,KAUS,KOAK
19378,KCLT,KBOS
19379,KMKE,CYYZ
19380,KLAS,KDTW
19381,EDDF,EDDM
19382,KPDX,KBOI
19383,LSZH,LSGG
19384,KVIS,KDLO
19385,EPWA,LFPG
19386,KSEA,KLAX
19387,KRDU,KCLT
19388,EDLW,LEPA
19389,KTUL,KHOU
19390,KCLT,KMSP
19391,UWWW,UUDD
19392,ESSA,EETN
19393,KJFK,KATL
19394,KLAX,KSFO
19395,LIML,LIEA
19396,OK25,KRVS
19397,LEBL,LEZL
19398,NZHN,NZWN
19399,OMSJ,VIDP
19400,LEPA,EDDS
19401,KVNY,KPHX
19402,KFTW,6TA7
19403,KBOS,KORD
19404,SBRJ,SBSP
19405,KSEA,KSNA
19406,LSZM,LEBL
19407,KLAS,KSNA
19408,EDDF,EBBR
19409,KPHX,KABQ
19410,KSMF,KSNA
19411,KDFW,KABQ
19412,KMIA,KATL
19413,KPDX,KSEA
19414,KYKM,7WA7
19415,KMCI,KSAN
19416,KJFK,KBUF
19417,ENBR,ENGM
19418,KC83,KRHV
19419,KSAN,KLAS
19420,KOAK,KPDX
19421,EETN,ENGM
19422,LPPT,EGLL
19423,SBSJ,SBRJ
19424,KAPA,KGXY
19425,YSSY,YBBN
19426,KMTN,KJYO
19427,K12J,KNSE
19428,LIMC,LIBD
19429,KCLT,KABE
19430,KPNS,KATL
19431,KORD,KLGA
19432,KTDF,KRDU
19433,SBMT,SDNI
19434,KLAX,KSJC
19435,KSMF,KDFW
19436,KBOI,KSEA
19437,KPDX,KORD
19438,EHAM,LSZH
19439,SBGL,SSJC
19440,LSZH,UKBB
19441,KSEA,KPDX
19442,KORF,KDFW
19443,EINN,EGNX
19444,KCHD,KFFZ
19445,KAUN,KWVI
19446,KLAS,KSFO
19447,KMDW,KCVG
19448,LFPG,LFRS
19449,OR81,KHIO
19450,LFBD,LFPG
19451,KMSN,KDFW
19452,KORD,KROC
19453,KCNO,KRAL
19454,LPPT,LEMG
19455,SSJC,SBRJ
19456,OMDB,OBBI
19457,KORD,KSRQ
19458,KTYS,KORD
19459,KLAX,KDTW
19460,KFLL,KATL
19461,EGCC,LPFR
19462,EHAM,LEBL
19463,KSEA,KORD
19464,LLBG,LGAV
19465,50OR,KBDN
19466,UUEE,LYBE
19467,KAUS,KORD
19468,KTUL,KDFW
19469,LFPG,LSZM
19470,KAPA,KFTG
19471,KDCA,KRDU
19472,KLGA,KMIA
19473,NZAA,NZPM
19474,ESSA,EKCH
19475,EVRA,EIDW
19476,KSNA,KCNO
19477,KSEA,KSTL
19478,EDDF,EGLL
19479,KSDF,KONT
19480,NZPM,NZAA
19481,EHAM,LLBG
19482,LFPG,LIMC
19483,KIAD,KHPN
19484,KCLT,KMDT
19485,KSFO,KATL
19486,KPAE,KPDX
19487,EDDF,EKCH
19488,KORD,KBWI
19489,SBRJ,SSJC
19490,LPPT,LFBD
19491,KATL,KRDU
19492,KORD,KRDU
19493,UUWW,ULLI
19494,KOAK,KSTL
19495,LEBL,LEIB
19496,KSDF,KMCO
19497,KDAL,KLAS
19498,KLGA,KMCO
19499,KFFZ,KAVQ
19500,KAVP,KCLT
19501,EDDF,EIDW
19502,KORD,KDTW
19503,KCLT,KMCO
19504,EHAM,EKYT
19505,KDCA,KJFK
19506,LFPG,LFBO
19507,CYOW,CYYZ
19508,EGPH,EGNX
19509,KMDW,KLAS
19510,KATL,KLGA
19511,EGAA,EGKR
19512,LEMD,LHBP
19513,KSMF,KMCE
19514,EDDF,EFHK
19515,EHAM,LKPR
19516,KGKY,KGPM
19517,LFPG,LIQL
19518,KMYF,KF70
19519,KATL,KLAS
19520,KANE,KFCM
19521,ULLI,UUDD
19522,KORD,KDCA
19523,K12J,KNSE
19524,KDEN,KBOS
19525,KDVT,KBXK
19526,KSEA,KMDW
19527,KAPA,KADS
19528,EDDB,LPPR
19529,KNSE,KGZH
19530,KFAT,KORD
19531,LEPA,LEMG
19532,KTYS,KATL
19533,ESSA,ESGG
19534,KPHX,KSAN
19535,KORD,KDTW
19536,VHHH,WSSS
19537,KCFE,KFCM
19538,KSNA,KPHX
19539,KDVT,KCHD
19540,KDAL,KHOU
19541,OTHH,VIDP
19542,KOAK,KLAS
19543,EKCH,ENGM
19544,ENVA,ENBO
19545,LKMT,EDDP
19546,KBNA,KPHL
19547,EHAM,EDDS
19548,KALB,KBWI
19549,KSFO,KDTW
19550,KFHR,WN51
19551,EGAA,EGNX
19552,KSEA,KLAS
19553,KSFO,KSNA
19554,SPJC,SPST
19555,KLGA,KRDU
19556,KCLT,KSDF
19557,KBOS,KMSP
19558,LTBA,EDDP
19559,KBFI,KPWT
19560,KAUS,KRDU
19561,KSTL,KDTW
19562,KDEN,KSDF
19563,KATL,KJFK
19564,KATL,KHHR
19565,KSDF,KBOI
19566,KMIA,KCVG
19567,KMSP,KMCO
19568,KCLT,KLGA
19569,EBMB,EGLL
19570,KPHX,KFAT
19571,KPOC,KCCB
19572,KEWR,MMUN
19573,ESGG,EKCH
19574,KAPA,KBJC
19575,KCMA,KVNY
19576,KATL,KECP
19577,KBNA,KMDW
19578,LEZL,LEMD
19579,KJFK,KATL
19580,KCRQ,KRNM
19581,LIML,LIEE
19582,KCCR,KAPC
19583,KDFW,KATL
19584,KCLT,KDAY
19585,KSEA,KATL
19586,KEWR,KLDJ
19587,KLAS,KSJC
19588,KORD,KMDT
19589,KCMA,KVNY
19590,KIAH,KSAN
19591,TLPL,KATL
19592,KONT,KDFW
19593,WA09,KBFI
19594,KJFK,KORD
19595,KORD,KLNK
19596,KSEA,KGPI
19597,KEWR,KDTW
19598,KMDW,AL18
19599,KCRQ,KRNM
19600,KCFE,KFCM
19601,KSTL,KBNA
19602,EHAM,ESSA
19603,KPHX,KOAK
19604,UUEE,EDDP
19605,KGSO,KDCA
19606,KCLT,KLAX
19607,KSRQ,KLGA
19608,KIAD,CYUL
19609,KBOS,KDFW
19610,KPUJ,KPDK
19611,KMCI,KDTW
19612,KATL,KEWR
19613,KORD,KRDU
19614,KLAX,KAUS
19615,KHEF,KDCA
19616,KSJC,KSEA
19617,KMHR,KLVK
19618,KSFO,KLAX
19619,KSEA,KDTW
19620,LEPA,EGGP
19621,LPPR,LIME
19622,CYUL,KTEB
19623,KSDF,KPDX
19624,KONT,KDFW
19625,KCLT,KPLR
19626,LEMG,LEMD
19627,KSNA,KPRB
19628,LIRF,LIBD
19629,KLAS,KBLI
19630,KMIA,KLGA
19631,NZCH,NZPM
19632,KDFW,KMSN
19633,NTTE,NTAA
19634,EDDF,LFPG
19635,SBGR,SSJC
19636,5OR5,KBDN
19637,KF70,KCRQ
19638,KTUL,KLAS
19639,LFPO,LEAL
19640,EDDF,EPWR
19641,ZGSZ,WSSS
19642,KBOS,KPHL
19643,KCLT,KSTL
19644,LPPR,LPPT
19645,KSAN,KPHX
19646,KDEN,KORD
19647,KSNA,KSJC
19648,KSLC,KJFK
19649,LTFJ,EBLG
19650,LFPG,LEMD
19651,KSMF,KSEA
19652,KATL,KDCA
19653,LSGG,EDDP
19654,KDFW,KORD
19655,KSTL,KDEN
19656,KDEN,KAUS
19657,KONT,KPDX
19658,KFLL,KJFK
19659,KIAD,KFOK
19660,KBOS,KATL
19661,KORF,KDCA
19662,KALB,KEWR
19663,CYYZ,CYUL
19664,KAUS,KSFO
19665,KHWV,KISP
19666,KORD,KATL
19667,KFOK,KHPN
19668,ESSA,EDDP
19669,EIDW,EGPF
19670,KATL,KSLC
19671,EHAM,EDDL
19672,LEPA,LEMD
19673,EDDF,EDDL
19674,KHOU,KDFW
19675,KSAN,KDFW
19676,EKSB,EKOD
19677,CYKZ,CYHU
19678,SBKP,SSJC
19679,KSDF,KOAK
19680,EDDF,EDDH
19681,KFHR,KBLI
19682,KSRQ,KORD
19683,KCLT,KMDW
19684,KSEA,KLAS
19685,KATL,KRDU
19686,KLAS,KPHX
19687,MA55,KBOS
19688,LEIB,LEMD
19689,EDDF,EKBI
19690,KBOS,KDTW
19691,LIME,EDDK
19692,KDAL,KPHX
19693,KCLT,KMCO
19694,LEMG,EGNM
19695,KORD,KHSV
19696,KORD,KSFO
19697,KFLL,KBNA
19698,KRHV,KWVI
19699,KSFO,KBUR
19700,LFMV,LFPB
19701,KOKC,KSEA
19702,KDEN,KLAS
19703,KSDF,KDEN
19704,KNUC,KNZY
19705,KATL,KSAT
19706,KDFW,KTYS
19707,KSNA,KAJO
19708,KSMF,KORD
19709,NZCH,NZWN
19710,KAPA,CO02
19711,PAEN,PANC
19712,KSYR,KIAD
19713,EHAM,EDDP
19714,KLAX,TS53
19715,KBNA,KIAD
19716,KJFK,KMIA
19717,LPPT,LEMD
19718,KIAD,KOMA
19719,KONT,KBFI
19720,KCRQ,KRNM
19721,KFAT,KDFW
19722,LEBL,LEPA
19723,KIAH,KSAT
19724,KFLL,KLGA
19725,KDEN,KSEA
19726,KOAK,KLAS
19727,ULMM,ULLI
19728,EGPH,EGNX
19729,KDVT,KE63
19730,UUWW,ULLI
19731,SKBO,KMIA
19732,KSEA,KGEG
19733,LPPR,LEMD
19734,KORD,KFLL
19735,KLHM,KAUN
19736,KATL,KCMH
19737,KCLT,KMSN
19738,KDFW,KHHR
19739,KSYR,KPHL
19740,KBOS,KPHL
19741,KJFK,KSYR
19742,KBUR,KSFO
19743,KDFW,KC15
19744,CYYZ,KRDU
19745,TJSJ,KMIA
19746,KAUS,KPHX
19747,EGJJ,EGKR
19748,KOPF,KHWO
19749,EDDF,LKPR
19750,KLAS,KOAK
19751,EIDW,EGNX
19752,KSDF,KMHR
19753,KABQ,KPHX
19754,KATL,KMIA
19755,KMIA,KJFK
19756,KRFD,KPDX
19757,KIAH,KPHX
19758,KSAT,KDFW
19759,LEAL,EGPH
19760,KTPA,CYYZ
19761,OEDF,OBBI
19762,KCHD,KPHX
19763,KAUS,KMSP
19764,SBKP,SPJC
19765,KDCA,KROC
19766,KPHL,KMIA
19767,KSBA,KDFW
19768,KBOI,KLAX
19769,KAPA,KLMO
19770,KORD,KSEA
19771,KSDF,KDFW
19772,EDDK,LOWW
19773,KDEN,KLGA
19774,KCLT,KCVG
19775,KSMF,KSTL
19776,KDFW,KORD
19777,KSNA,KDFW
19778,KMDW,KBUF
19779,KGYR,KAVQ
19780,KATL,KLGA
19781,KLGA,KFLL
19782,EPKK,EGSS
19783,KBNA,KJFK
19784,LEMH,LEBL
19785,EDDB,EKCH
19786,KDEN,MMUN
19787,KRHV,KE16
19788,CYYC,CYYZ
19789,LTFJ,EDDP
19790,KDAL,KLAX
19791,KATL,KMSP
19792,KDFW,KFLL
19793,KDEN,KMSP
19794,KDCA,KPVD
19795,LOWW,LMML
19796,LIME,EDDB
19797,LFOB,LEBL
19798,PAEN,PANC
19799,KLAS,KORD
19800,KPDX,KSTL
19801,KDFW,KSFO
19802,EGLL,EIDW
19803,KEWR,KMCO
19804,KSPB,KHIO
19805,KTEB,KBED
19806,LFBO,EBMB
19807,LPPT,LFBO
19808,KSLK,KBOS
19809,KDAL,KFLL
19810,K1L3,KVGT
19811,KHPN,KISP
19812,WMKK,WBKK
19813,KMKE,KATL
19814,LEMD,LEPA
19815,KAUS,KLAX
19816,KBOS,KMIA
19817,KSMF,KSEA
19818,KRDU,KJFK
19819,KSNA,KLAS
19820,KSGF,KORD
19821,KUES,KPWK
19822,KATL,KSDF
19823,KCHO,KIAD
19824,KLAX,KORD
19825,NZWN,NZCH
19826,EHAM,EGCC
19827,LIRF,LIMF
19828,KFAT,KSEA
19829,LIEE,LIPE
19830,KTEB,KPDK
19831,KBOI,KSEA
19832,KDCA,KBOS
19833,03OK,KRVS
19834,KLAS,KMSP
19835,VOMM,OMDB
19836,LEZG,LEPA
19837,KORD,KMCO
19838,KEWR,KROC
19839,KOKC,KORD
19840,KAUS,KMCI
19841,KJFK,KDCA
19842,KBWI,KCLT
19843,EGAC,EGLC
19844,KPDX,KORD
19845,CYYZ,KDTW
19846,KATL,KDAL
19847,LFRS,LSGG
19848,KHIO,KSJC
19849,KEWR,KDFW
19850,KSDF,KLAS
19851,KBOI,KSEA
19852,KATL,KMCO
19853,KIAH,KLAS
19854,KLAS,KORD
19855,KDEN,KSFO
19856,KISP,KHWV
19857,KORD,KCVG
19858,KATL,KSAN
19859,EDDP,EGNX
19860,UUWW,EDDK
19861,KAUS,KSAN
19862,CYOW,CYUL
19863,KAVX,KMYF
19864,LEMG,GMMN
19865,KJFK,KFOK
19866,KLAS,KSNA
19867,EGPF,EGGW
19868,PAEN,PANC
19869,KSDM,KMYF
19870,KSAN,KVNY
19871,KSGF,KDFW
19872,KMKE,KMCO
19873,EHAM,EIDW
19874,KL35,KHHR
19875,KMIA,KORD
19876,KBNA,KCLT
19877,KSLC,KBOI
19878,KORD,KMIA
19879,KHSV,KATL
19880,KLGA,KDAL
19881,KSNA,KFUL
19882,LIMC,LIBD
19883,KLAX,KORD
19884,KITH,KDTW
19885,KEWR,KORD
19886,EHAM,EGGD
19887,LOWW,UKBB
19888,KMDT,KPHL
19889,KRFD,KRIR
19890,KPHL,KPTW
19891,KBUF,KDFW
19892,CYVR,CYCD
19893,BIKF,EHAM
19894,EIDW,EPMO
19895,EBMB,LEBL
19896,LIME,LIED
19897,KSMO,KPHX
19898,KDFW,KSNA
19899,KORD,KMCI
19900,KBWI,KFLL
19901,EDDF,EGSS
19902,ELLX,LIMC
19903,KDEN,KBTF
19904,KSNA,KLAS
19905,VIDP,VABB
19906,KABQ,KATL
19907,KSMF,KONT
19908,KSAT,KPHX
19909,KDCA,KCLT
19910,KDFW,KDEN
19911,KRDU,KBOS
19912,LIRF,LIPQ
19913,SBSP,SSJC
19914,LSGG,LPPT
19915,KPSP,KSFO
19916,ENVA,ENNM
19917,KATL,KBUF
19918,NZAA,NZGB
19919,KNSE,KPNS
19920,UT99,KPVU
19921,K36U,KDVT
19922,NZTG,NZWN
19923,KDEN,KPHX
19924,KLAS,KATL
19925,LEMG,EGGD
19926,KEWR,KIAD
19927,EPMO,EGSS
19928,KSTS,KLGB
19929,KRDU,KDFW
19930,EFHK,EDDP
19931,KLAX,KLAS
19932,KSAN,KSJC
19933,LJLJ,EDDK
19934,KLGB,KIWA
19935,EDDS,EDDK
19936,EDDF,BIKF
19937,KBED,KPYM
19938,KDFW,KORF
19939,KFXE,KOPF
19940,LOWL,EDDP
19941,KBNA,KDCA
19942,KORD,KBNA
19943,KDFW,KBTF
19944,KPHL,KATL
19945,KLAS,KSNA
19946,KORD,KSTL
19947,KRHV,KAPC
19948,KECP,KSRQ
19949,LFPO,LFKJ
19950,KPHX,KLAX
19951,KCPS,7IS2
19952,KBUF,KBOS
19953,UUEE,UNEE
19954,KMSP,KSFO
19955,LIRF,LIPZ
19956,EHAM,EKBI
19957,KAUS,KDFW
19958,KDFW,KBMI
19959,KDCA,KBUF
19960,KSDF,KMHR
19961,KE63,KFFZ
19962,KAPA,KVNY
19963,KSJC,KSNA
19964,KSAN,KORD
19965,KPHL,KMDT
19966,KFNL,65CO
19967,KHYA,KGHG
19968,KBOS,KJFK
19969,KRDU,KTDF
19970,KMSN,KMSP
19971,EGSS,EGAA
19972,LPPT,GVNP
19973,KDFW,KABQ
19974,KBJC,KFNL
19975,KSFO,KMSP
19976,KPHL,KCLT
19977,KDTW,KIAD
19978,EKCH,ENGM
19979,SBRJ,SBVT
19980,KMCI,KSEA
19981,PAEN,PANC
19982,KCOS,KDEN
19983,KSNA,KSJC
19984,K1G4,K61B
19985,KAUS,KEWR
19986,KJFK,KMCO
19987,EDDP,EDDK
19988,KORD,KMCO
19989,LIRF,LIMJ
19990,KATL,KMKE
19991,KISP,KPHL
19992,KPAO,KLVK
19993,KFLL,KCMH
19994,KDCA,KMIA
19995,LIRA,EDDP
19996,KRDU,KEWR
19997,EGPH,EGGW
19998,KMIA,KDFW
19999,K2K9,KRVS
20000,2OK4,KRVS
20001,KRFD,KMHR
20002,EDDH,EPWA
20003,CYUL,CNV9
20004,KATL,KJFK
20005,KGXY,KBJC
20006,KDAL,KFLL
20007,KSNA,KPSP
20008,KBUR,KOAK
20009,LPPT,LFBO
20010,KSAN,KATL
20011,KSEA,KLAS
20012,KLAS,KTUL
20013,EGSS,EGPH
20014,RJBB,RCTP
20015,KADS,KF69
20016,KBNA,KMCI
20017,KIAD,KORD
20018,KCOE,WT21
20019,KDTW,KRDU
20020,KLAX,KSFO
20021,KDEN,KBTF
20022,KSAT,KDEN
20023,EDDB,LEPA
20024,KBOS,KFLL
20025,KSBP,KSEA
20026,LIEE,LIMC
20027,KDFW,KDCA
20028,YBCG,YSSY
20029,KPSP,KSFO
20030,KLGA,KFLL
20031,KLAS,KSFO
20032,KOKC,KORD
20033,ULLI,UUWW
20034,5LL5,KLAS
20035,KMCI,KBTF
20036,KPHL,KSDF
20037,LESL,LEBL
20038,KDEN,KLAS
20039,KMIA,KAGC
20040,K7N1,KDTW
20041,LFPG,LEPA
20042,LIPO,EDDP
20043,KDFW,KMCO
20044,KSDF,KATL
20045,KPDX,KLAS
20046,KIAH,KSFO
20047,KDFW,KLAS
20048,LROP,EBLG
20049,LPFR,EGBB
20050,KATL,KFLL
20051,KBUF,KJFK
20052,LEBL,LEMH
20053,KN47,KLOM
20054,EGSS,EIDW
20055,SKBO,KMIA
20056,LEMG,LEBL
20057,KDEN,KMCI
20058,KEWR,KFLL
20059,SBGR,SSJC
20060,LKPR,LFPG
20061,LOWW,LOWI
20062,LPPT,LIMC
20063,KJFK,KATL
20064,KLGA,KMCI
20065,KPSP,KSLC
20066,LIRF,LIBD
20067,LFPG,EGLL
20068,KDFW,KRDU
20069,KBOI,KPDX
20070,KMCI,KMCO
20071,KDFW,TX03
20072,EDDF,UUEE
20073,KAUS,KATL
20074,KDEN,KIAD
20075,KSEA,KSNA
20076,KDEN,KDFW
20077,KLAX,KOAK
20078,KBOS,MA55
20079,KSBA,KVNY
20080,KTEB,KSLK
20081,SBSP,SBBR
20082,KDTW,KDCA
20083,KATL,KSRQ
20084,KLAS,KDAL
20085,KSRQ,KEWR
20086,KTPA,KEWR
20087,VT52,KBTV
20088,ULLI,UUEE
20089,KSDF,KEWR
20090,KBOI,KSAN
20091,KHYA,KBOS
20092,LEBL,EDDP
20093,CYYZ,KTEB
20094,KATL,KDAL
20095,YMML,YBBN
20096,KADS,KF69
20097,KDCA,KMSP
20098,KONT,KSEA
20099,LIME,EDDF
20100,EIDW,EGSS
20101,ENGM,ENZV
20102,UKBB,LLBG
20103,KDTW,62IA
20104,K39N,KBLM
20105,KPHF,KFOK
20106,KTTN,KATL
20107,LFPG,EIDW
20108,LPPT,EIDW
20109,KMVY,KBOS
20110,KF70,KAVX
20111,LIPE,EDDK
20112,KPHX,KOAK
20113,LIMC,EDDF
20114,KBUF,KDTW
20115,KOSH,KDPA
20116,KDEN,KRDU
20117,KDAL,KCMH
20118,KTEB,KIAD
20119,KBOS,CYUL
20120,KDFW,KATL
20121,YSSY,YBBN
20122,KPHL,KSTL
20123,SBSP,SBRJ
20124,KLAX,KDFW
20125,KSMF,KSAN
20126,KNYL,KNFG
20127,KSAT,KLAX
20128,KLGA,KDCA
20129,KDEN,KOMA
20130,KVGT,KHND
20131,KSEA,KDFW
20132,SSJC,SBBR
20133,KDTW,KJFK
20134,KORD,KDEN
20135,EGPF,EGKR
20136,KTUL,KPHX
20137,KBOS,KLGA
20138,KPSP,KSLC
20139,KSFO,CYVR
20140,KATL,KPHL
20141,KPHX,KLAS
20142,NZNE,NZWJ
20143,KOMA,KATL
20144,LEIB,LEPA
20145,KATL,KTYS
20146,KSAN,KPDX
20147,NZAA,NZAP
20148,KIWA,KOAK
20149,KAXH,KHYI
20150,KDCA,KATL
20151,UUDD,UNEE
20152,KSEA,KPHX
20153,KBLI,KSEA
20154,KFTW,KADS
20155,KSNA,KPHX
20156,ESSB,ESSN
20157,YMML,YBCG
20158,KDTW,KBNA
20159,KATW,KIWA
20160,KIND,KORD
20161,KDEN,KSAN
20162,KLAX,KDFW
20163,LFPG,LFBD
20164,KDFW,KEWR
20165,KDFW,KPDX
20166,KAUS,KLAS
20167,KCMH,KBNA
20168,KLAS,KLAX
20169,KDEN,KBNA
20170,KCNO,KLGB
20171,KCPS,7IS9
20172,LIBD,EGSS
20173,LIMC,EGGW
20174,KPHX,KDAL
20175,KSEA,KORD
20176,LEPA,LEMH
20177,KOMA,KORD
20178,LEBL,LIMC
20179,KSMF,KLAS
20180,KLGA,KORD
20181,KFFZ,KCGZ
20182,KORD,KATL
20183,EBCI,LMML
20184,KRMN,1VA9
20185,NZCH,NZAA
20186,KLGA,KMVY
20187,KDAL,KSDF
20188,KCNO,KSNA
20189,LFPG,EBLG
20190,CYVR,KDFW
20191,KSLI,KCNO
20192,KDEN,KMCO
20193,KSFO,KGEG
20194,KSEA,KSFO
20195,TJSJ,KEWR
20196,KDEN,KLAX
20197,KLGA,KORF
20198,KGPM,KGKY
20199,KORD,KLAS
20200,KBUF,KAGC
20201,KDFW,MMUN
20202,LFML,LMML
20203,LFPO,LEBL
20204,SBRJ,SBMT
20205,LIRF,LIML
20206,KDEN,KATL
20207,CYUL,CYYZ
20208,KDEN,KMSP
20209,KL35,KSNA
20210,KLAX,KS03
20211,EGNX,EDDP
20212,KSAN,KOAK
20213,KMSP,KDFW
20214,EHAM,EIDW
20215,KSTS,KSNA
20216,LIPX,LICP
20217,KADS,KTUL
20218,VHHH,WSSS
20219,KPHX,KCRQ
20220,KLGA,CYUL
20221,KBOS,KJFK
20222,EGNT,EGGD
20223,KMYF,KAVX
20224,KDEN,KCOS
20225,KLAX,KSLC
20226,KSMF,KSAN
20227,KDEN,KMCO
20228,LEIB,EHAM
20229,KSEA,KGEG
20230,KAWO,80WA
20231,KLAS,KSMX
20232,SBSP,SBJD
20233,EPGD,EPKK
20234,KSDF,KDFW
20235,LEBL,LEZL
20236,2CO3,KAPA
20237,KPDX,KSEA
20238,YBBN,YSCB
20239,LEAL,EGGD
20240,LIRF,LIEE
20241,KORD,KDFW
20242,LFPG,LPPR
20243,KHOU,KTUL
20244,KBOS,KLGA
20245,KCRQ,KVNY
20246,CYYZ,KDTW
20247,KBUR,KBFI
20248,KFRG,KHPN
20249,KATL,KBOS
20250,KDFW,KOKC
20251,KFHR,KBFI
20252,KDEN,KLAX
20253,KCVG,KDTW
20254,KLAX,KLAS
20255,KPHL,KDFW
20256,KFZY,5NK5
20257,LFPG,EDDP
20258,LEBL,LEPA
20259,EDDS,EDDP
20260,KLAX,KLAS
20261,KJNX,KRDU
20262,KPHL,KCMH
20263,KIND,KBWI
20264,KDFW,KEWR
20265,KWHP,KSBA
20266,KBOS,KPHL
20267,LPPT,EGSS
20268,KMSP,KORD
20269,KSTL,KDEN
20270,NZHN,NZWN
20271,LEPA,LEMD
20272,KDFW,KSAN
20273,KVNY,KMRY
20274,KSAN,KAPC
20275,KPHX,KMDW
20276,KPHL,KBOS
20277,KPDK,KTEB
20278,KTEB,KPDK
20279,LPMA,LPPT
20280,KLAS,KDFW
20281,KLGB,KMCC
20282,KLGA,KMCO
20283,LHBP,EDDP
20284,EGCC,EGBB
20285,EGBB,EGPH
20286,KORD,KSAN
20287,KVNY,KPHX
20288,KOAK,KSNA
20289,EDDK,EDDP
20290,03OK,KRVS
20291,LFPO,GMMN
20292,KONT,KABQ
20293,KPHL,KCVG
20294,KHYA,KBOS
20295,KIND,KBOS
20296,LEBL,LEMG
20297,61WA,KBFI
20298,LIRF,LIPE
20299,KATL,KDAY
20300,KBNA,KLAS
20301,EIDW,EPGD
20302,EGLL,EGPH
20303,KMSP,KSEA
20304,KPHX,KSLC
20305,KSAF,KPHX
20306,KSTS,CL36
20307,CYXX,CYNJ
20308,KOAK,CL77
20309,LFML,EDDK
20310,LIMF,LIEE
20311,KPHL,KLOM
20312,KAJO,KSNA
20313,KMHT,KIAD
20314,KFLL,KBOS
20315,KLAS,KATL
20316,KDEN,KBOS
20317,KPHL,KATL
20318,KLAX,KPDX
20319,KRDU,KPHL
20320,LPPD,LPPT
20321,KMDW,KLGA
20322,KPHX,KOKC
20323,LPPR,EDDK
20324,LMML,LEBL
20325,YBBN,YSSY
20326,KBNA,KLGA
20327,KDEN,KSTL
20328,KTEB,CYYZ
20329,KSEA,KDAL
20330,KBOS,MA72
20331,KWHP,KFUL
20332,LOWW,LGAV
20333,KDFW,KSAF
20334,KONP,5OR3
20335,KLAS,KBUR
20336,LHBP,LIMC
20337,KBOS,KMVY
20338,4OL3,KDFW
20339,KLGA,KATL
20340,NZAA,NZCH
20341,EDDB,LHBP
20342,KSFO,KSEA
20343,KBUR,KLAS
20344,EDDH,EPGD
20345,KBNA,KMSP
20346,2OK4,KRVS
20347,KSNA,KLAS
20348,EKCH,LHBP
20349,KDEN,KIAD
20350,LFPG,LEBL
20351,KDCA,KJFK
20352,KSTL,KORD
20353,EGPH,EGKR
20354,KBUF,KPHL
20355,KPHX,KSAT
20356,KFLL,KORD
20357,SBKP,SBVT
20358,KORD,KBUF
20359,KSMO,KCMA
20360,KAUS,KEWR
20361,KBUR,KWHP
20362,LIRF,LIEA
20363,KDCA,KBNA
20364,KCLT,KMCI
20365,KBOS,KMVY
20366,KDFW,KDAY
20367,KLAS,KLAX
20368,LIME,EDDP
20369,LEBL,LHBP
20370,KMCO,KMIA
20371,KLAX,KPHX
20372,KMKE,KMSP
20373,03OK,KRVS
20374,KFTT,KORD
20375,LEPA,LEMD
20376,KDFW,KSJC
20377,KSAF,KDFW
20378,EKOD,EKBI
20379,KAUS,KMSP
20380,EHAM,UUEE
20381,LOWW,LROP
20382,WA04,KRNT
20383,KORD,KDEN
20384,KDEN,KRDU
20385,KSFO,KORD
20386,KDEN,KSJC
20387,LFOB,EIDW
20388,LEIB,LEMD
20389,KPHX,KNYL
20390,KPHL,KRDU
20391,NZAA,NZOI
20392,KDEN,KDTW
20393,LIBD,LIMC
20394,KEWR,KATL
20395,KSNA,KAPC
20396,KLAS,KLGB
20397,LIME,EPKK
20398,KPHX,KAUS
20399,LIRF,LICP
20400,KORD,KPHX
20401,LHBP,LIME
20402,KSAN,KSJC
20403,KDAL,KBNA
20404,KMYF,KSNA
20405,KBNA,KSTL
20406,CYYZ,CYOW
20407,ELLX,LEBL
20408,KDFW,KBNA
20409,KCPS,KH88
20410,KMDW,KHOU
20411,KSEA,KPHX
20412,KPHX,KPSP
20413,KAPC,KVNY
20414,VHHH,RCTP
20415,CYUL,CYYZ
20416,KOSU,KEOP
20417,BIKF,EBLG
20418,KORD,KDTW
20419,34MI,KORD
20420,KECP,KDCA
20421,YMML,YMHB
20422,KLAS,KSNA
20423,KEWR,KBKL
20424,KLGA,KIAD
20425,KALB,KPHL
20426,KSLC,KSAN
20427,LTFJ,LLBG
20428,KLAX,KFAT
20429,KSDF,KDEN
20430,KPHX,KSEA
20431,OI34,7OA7
20432,KDAL,KECP
20433,UUEE,ULLI
20434,KIND,KDTW
20435,KMSP,KSEA
20436,KSEA,KLAX
20437,KORD,KMSN
20438,KMDW,KCMH
20439,KSFO,KSNA
20440,KDEN,KOKC
20441,KLNK,KOMA
20442,KPDX,KSFO
20443,KBFI,KFHR
20444,KCMH,KDFW
20445,KPHL,KDCA
20446,KDEN,KEWR
20447,KLAX,CYVR
20448,KHOU,KDAL
20449,KMIA,KBNA
20450,LIRF,LICZ
20451,KLMO,KGXY
20452,ESMS,EDDK
20453,LIRA,EPMO
20454,KDFW,KSAT
20455,KSTS,CL36
20456,KLAX,KSAT
20457,KMSP,KPDX
20458,KCLT,KRDU
20459,KFCM,KFBL
20460,KDFW,KDTW
20461,KDEN,7PS7
20462,UUEE,ULMM
20463,KDTW,KMKE
20464,KSJC,KSLC
20465,KCRQ,KSAN
20466,KBUF,KEWR
20467,KORD,KCWA
20468,KBOS,KCLT
20469,KSDF,KABQ
20470,KLAX,KLAS
20471,KLAX,KSJC
20472,KDEN,KSNA
20473,YSDU,YSWG
20474,KPHX,KSFO
20475,SBBR,SBRJ
20476,LFPG,LIRF
20477,KMDW,KATL
20478,KDEN,KTUL
20479,KDFW,KLGA
20480,KSAN,KSTS
20481,KATL,KTUL
20482,KSAT,KLAX
20483,UUEE,ULLI
20484,KCLT,KORF
20485,KGPI,KLAX
20486,SBGR,SBBR
20487,LFRS,EDDP
20488,KSLC,KORD
20489,KSJC,KSAN
20490,KMSP,KOMA
20491,KDCA,KMCO
20492,KMIA,KATL
20493,KORD,KBOS
20494,KSMF,KLAX
20495,KPWK,KMDW
20496,KDEN,KDAL
20497,MA72,KBOS
20498,KSAT,KDTW
20499,KBWI,KPHL
20500,KAUS,KDEN
20501,NZAA,NZPM
20502,KAVX,KTOA
20503,KDTW,KORF
20504,KLGA,KBOS
20505,CYOW,CYYZ
20506,LPPT,LEMD
20507,KSRQ,KBNA
20508,EDDB,LHBP
20509,YCBG,YMML
20510,KUDD,KWHP
20511,LEMG,EGLL
20512,SBRJ,SSJC
20513,KOWD,K1B9
20514,KPHL,KBNA
20515,KORD,KDTW
20516,KSFO,KSLC
20517,KTEB,KMIA
20518,KPSP,KPHX
20519,KIND,KATL
20520,KSDF,KMIA
20521,KLGA,KBNA
20522,KPWT,KBFI
20523,EDDF,EDDP
20524,KCMH,KBOS
20525,KDTW,KORD
20526,KAUS,KHHR
20527,KTUS,KLAX
20528,KSBA,KSMO
20529,CYYC,KPDX
20530,KDFW,KMIA
20531,KSNA,KOAK
20532,KPHX,KLGB
20533,KSFO,KFAT
20534,KOMA,KORD
20535,EPWA,EDDP
20536,KDTW,KSYR
20537,CYVR,CYYC
20538,LEMD,LEPA
20539,LEMD,LEPA
20540,KSTL,KDFW
20541,KSEA,KSFO
20542,LFBO,LFPG
20543,KCLT,KBNA
20544,EIDW,EDDK
20545,SBBR,SBSP
20546,KDFW,KLAS
20547,KCMH,KBWI
20548,KCMI,KDFW
20549,KSTS,KCCR
20550,KLAX,KSEA
20551,KMSP,KATL
20552,KOAK,KSAN
20553,KOKC,KRVS
20554,KSEA,KGEG
20555,KATL,KHOU
20556,KCLT,KATL
20557,KSTL,KMCO
20558,EDDB,UKKK
20559,KDTW,KTYS
20560,KVNY,KCNO
20561,KMSP,KLNK
20562,KSFO,KLAS
20563,KDFW,KSFO
20564,KATL,KMCO
20565,EETN,EVRA
20566,KDAL,KHOU
20567,KMKE,KLAS
20568,KPSP,KSEA
20569,EKBI,ESMS
20570,EDDM,EDDP
20571,KCMI,KORD
20572,KAUS,KFLL
20573,KBNA,KEWR
20574,KEWR,7PS7
20575,KSFF,KCOE
20576,TXKF,KEWR
20577,KSJC,KBUR
20578,KSFO,KPHX
20579,KCMH,KMSP
20580,KSDF,KPHL
20581,YSCB,YBBN
20582,KJFK,KFLL
20583,KONT,KDEN
20584,KDFW,KECP
20585,KDCA,KLGA
20586,KATL,KOKC
20587,KLAX,KSJC
20588,KLGA,KCMH
20589,KLAS,KPDX
20590,KPHX,KABQ
20591,YCBG,YMML
20592,KCLT,KCMH
20593,EKBI,EDDP
20594,KTEB,KBUF
20595,KDFW,KTUS
20596,LEIB,LEBL
20597,KHWD,KRHV
20598,KGRR,KORD
20599,LIRA,EBLG
20600,KSMO,KCMA
20601,KSMF,KSLC
20602,CYVR,CYWG
20603,KMMU,NK54
20604,KPVD,KBWI
20605,KSGH,KLUK
20606,EGAA,EGGD
20607,KCLT,KMCO
20608,KDTW,KROC
20609,KCRQ,KHHR
20610,KDFW,KMCO
20611,KCMH,KFLL
20612,KSDF,KEWR
20613,KFDK,KLNS
20614,KLAS,KHOU
20615,KMSP,KPHL
20616,KPHX,KLAS
20617,KMIA,KORD
20618,KDFW,KOMA
20619,KATL,KVPS
20620,EGSS,EPGD
20621,KSEA,KLAX
20622,KISP,KBWI
20623,KDTW,KCVG
20624,KPDX,KSFO
20625,KCLT,KDFW
20626,KMSP,90WI
20627,KORF,KBWI
20628,KMIA,KPHL
20629,OR81,KHIO
20630,EVRA,EETN
20631,KRNM,KCRQ
20632,ESSA,EDDK
20633,KATL,KHSV
20634,KHOU,KOKC
20635,EGSS,EGPH
20636,PAEN,PANC
20637,YSDU,YSSY
20638,KPHL,KORF
20639,KSDF,KJFK
20640,KJFK,7PS7
20641,KSFO,KPDX
20642,KCRQ,KSBA
20643,KPDX,PANC
20644,KFLL,KDTW
20645,KIXD,SN59
20646,LSZM,EDDK
20647,KHND,KVGT
20648,KONT,KSLC
20649,TXKF,KTEB
20650,LSZM,EDDP
20651,EHAM,LFPG
20652,KDEN,KDTW
20653,KMDW,KTEB
20654,KSDF,KPHX
20655,KGKY,KGPM
20656,KGSO,KLGA
20657,LEPA,LEBL
20658,LEMG,EHAM
20659,LFNR,LFPG
20660,CYYC,CYVR
20661,KAUS,KSJC
20662,KLVK,KMHR
20663,KCMH,KATL
20664,KLGA,KMIA
20665,KRDU,KMIA
20666,KCLT,KEWR
20667,YSBK,YSCH
20668,KPOC,KCNO
20669,LFML,LFKJ
20670,KDCA,KMCO
20671,KATW,KORD
20672,KSEA,KHHR
20673,KMSP,KDEN
20674,KORD,KCMH
20675,SBRJ,SBBR
20676,KIND,KORD
20677,KSMF,KSEA
20678,NZAA,NZRO
20679,KCLT,OI45
20680,LOWW,LFPG
20681,K47A,4GA0
20682,CYCD,CYVR
20683,KBUR,KLAS
20684,KDFW,KONT
20685,KORD,CYYZ
20686,KFRG,49NY
20687,LEMG,GMMN
20688,KO70,KHWD
20689,CL36,KO60
20690,KO61,KMCC
20691,KAUS,KLAX
20692,KRDU,KIAD
20693,KLGA,KSTL
20694,KBNA,KDFW
20695,YPMQ,YSSY
20696,KPHX,KLAX
20697,KSFO,KSEA
20698,KSTL,KMSP
20699,YPAD,YMML
20700,KORD,KTYS
20701,KDTW,KATL
20702,KVNY,KCMA
20703,KFNL,KBJC
20704,KSEA,KMSP
20705,LEPA,EDDK
20706,YMAY,YSSY
20707,SBGR,SSJC
20708,KRDU,KCLT
20709,KMCE,KLAX
20710,KATL,KDFW
20711,KBOS,KMCO
20712,KMSP,KBNA
20713,KIND,KMSP
20714,SBSP,SBBR
20715,KDFW,KHHR
20716,KSEE,KCRQ
20717,KPDX,KSEA
20718,KPWA,KAPA
20719,KBOI,KSEA
20720,EPKK,EGPH
20721,KIAD,KEWR
20722,EDDF,EDDP
20723,KSEA,KBOI
20724,CL36,KO60
20725,KEWR,KMIA
20726,KIAD,69VA
20727,KSMF,KSNA
20728,SBBR,SBSP
20729,KDAL,KSJC
20730,YPAD,YMML
20731,KATL,KBNA
20732,KLAS,KMSP
20733,KDEN,KRDU
20734,KSEA,KPDX
20735,NZCH,NZPM
20736,KMDW,KMCO
20737,KPDX,KPHX
20738,KLAX,KPHX
20739,KMYF,KVNY
20740,KORD,KPHL
20741,PAEN,PANC
20742,KDTW,KDFW
20743,KRDU,4NC7
20744,KAUS,KADS
20745,LEMH,LEBL
20746,SKBO,KMIA
20747,KSRQ,KATL
20748,ZGSZ,RCTP
20749,KRVS,KGKY
20750,KROC,KPHL
20751,KVNY,KLAS
20752,KDTW,KMSP
20753,LFML,EDDP
20754,NZCH,NZHN
20755,KLGB,KCRQ
20756,KFLL,KHPN
20757,OR81,KHIO
20758,KBJC,9CO7
20759,KIND,KORD
20760,KLAS,KSEA
20761,KSEA,KSJC
20762,KBOS,KFLL
20763,SBGR,SBVT
20764,GA53,KPDK
20765,KGRR,KSGS
20766,KMIA,KJFK
20767,KRNM,KCRQ
20768,KATL,KHOU
20769,KATL,KBWI
20770,KLAS,KBNA
20771,EGAA,EGCC
20772,KORD,KLGA
20773,KLGA,KFLL
20774,KORD,KSDF
20775,KPHX,KSNA
20776,LEBL,LEPA
20777,LIMC,EDDK
20778,LEIB,EHAM
20779,KSPI,KDFW
20780,KMSP,KRDU
20781,KBOS,KBWI
20782,EKCH,LFPG
20783,KDTW,KSTL
20784,KSLC,KLAX
20785,KSNA,CYVR
20786,SBCO,SBRJ
20787,PAEN,PANC
20788,KPHX,KSAN
20789,KEWR,KLDJ
20790,KDFW,4OI7
20791,KMYF,KSMO
20792,ESGG,EBLG
20793,KATW,KORD
20794,EGPH,EGSS
20795,KIAD,CYYZ
20796,KSDF,KORD
20797,KDEN,KPDX
20798,KVGT,KHND
20799,KDTW,KMDW
20800,KABQ,KDFW
20801,LFML,LFPG
20802,KBOS,KORD
20803,KPVD,KPHL
20804,KLDJ,K39N
20805,KVNY,KSAN
20806,KPHF,KCLT
20807,KPHX,KSBA
20808,UUDD,ULLI
20809,KCMH,CYYZ
20810,KLAS,KSTL
20811,KEWR,CYYZ
20812,KMCI,KLAS
20813,KSFO,KBOI
20814,KPIT,KIAD
20815,KSEA,KGEG
20816,KSJC,KBOI
20817,NZNV,NZCH
20818,KPAO,KEDU
20819,KATL,KMCI
20820,EPKT,EDDP
20821,KMSP,KGRB
20822,KLAS,KPDX
20823,KMIA,KPHL
20824,KIAH,KRDU
20825,KMKE,KPHX
20826,KCMH,KCLT
20827,KSAT,KHOU
20828,KBUR,KLAS
20829,LEBL,LEPA
20830,KCLT,KMIA
20831,KRDU,KATL
20832,CYVR,CYYJ
20833,EFHK,EETN
20834,YPAD,YBBN
20835,KSFO,KLAX
20836,K61B,KU30
20837,KDEN,KSBA
20838,KATL,KDAL
20839,KMYF,KCRQ
20840,KPDX,KLAX
20841,KPHX,KDFW
20842,IN46,KLAF
20843,KLGA,KATL
20844,KSDF,KSAT
20845,KIAH,KLAS
20846,KLAS,KSEA
20847,SKBO,KMIA
20848,KJFK,KMIA
20849,KAPC,KRHV
20850,KSKA,KSEA
20851,K61B,K1G4
20852,KRMN,1VA9
20853,KMSP,KCVG
20854,KSNA,KSLC
20855,KATL,KMIA
20856,KE63,KDVT
20857,KORD,KBNA
20858,KSJC,KDFW
20859,KLGB,KCRQ
20860,KDCA,KPHL
20861,KGRB,KORD
20862,KSTL,KMCO
20863,KPHX,KLAX
20864,EGPD,EGNX
20865,LEPA,LEBL
20866,YSWG,YSSY
20867,UUWW,ULMM
20868,KLAX,KBOI
20869,SBRJ,SBBR
20870,KLGB,KCMA
20871,KMCI,KDFW
20872,LFPG,EDDK
20873,KGPI,KMSP
20874,KORD,KBUF
20875,LZIB,EDDP
20876,KOAK,KSNA
20877,KVNY,KTUS
20878,LPPR,LPFR
20879,SBBR,SBRJ
20880,KPHX,KVNY
20881,KGXY,KAPA
20882,KDAL,KSAT
20883,KSEA,KBOI
20884,K12N,KCDW
20885,ESSA,EBLG
20886,KLAS,KSNA
20887,KVIS,KSBP
20888,KMIA,KEWR
20889,KOMA,KMDW
20890,LEIB,LEBL
20891,KATL,KORD
20892,KDFW,KCMH
20893,KC83,KLVK
20894,KSBA,KBUR
20895,KAUS,KHHR
20896,LOWW,EDDK
20897,KDEN,KHHR
20898,KFLL,KEWR
20899,KDTW,KPHL
20900,KDFW,KDEN
20901,KRHV,KE16
20902,SBGR,SBRJ
20903,KMSP,KSTL
20904,KCHD,KDVT
20905,KATL,KDCA
20906,KSJC,KSEA
20907,KORD,56WI
20908,KBNA,KORD
20909,KLAS,KPHX
20910,KVNY,KCMA
20911,CYYC,CYYJ
20912,KOJC,KMKC
20913,LLBG,LROP
20914,NZAA,NZWN
20915,KMSP,KCMH
20916,KORD,K8C4
20917,KCLT,KFLL
20918,KMDW,KCLT
20919,LEBL,LEZL
20920,KDTW,KATW
20921,KE16,KRHV
20922,KVNY,KPHX
20923,KDFW,KABQ
20924,EDDM,LFPG
20925,KONT,KDEN
20926,KMCI,KDEN
20927,CYYJ,CAM3
20928,LIME,EDDK
20929,NZGB,NZAA
20930,KMDT,KIAD
20931,PN62,KATL
20932,EFHK,EFOU
20933,NZAA,NZWR
20934,KDTW,KPHL
20935,KDTW,KDAY
20936,KDEN,KBTF
20937,KMIA,KATL
20938,KEWR,KBOS
20939,KBOS,KCLT
20940,KFCM,88MN
20941,KAVX,KLGB
20942,KPDX,KBOI
20943,YBAF,YWCK
20944,KPHX,KMSP
20945,LEBL,LFPG
20946,KFLL,KDTW
20947,KDFW,KMSP
20948,KSTS,KPHX
20949,KOKC,KATL
20950,KEUL,ID00
20951,KDEN,KLAX
20952,KDTW,KBWI
20953,KLAX,KPDX
20954,KMIA,KATL
20955,KLAX,KLAS
20956,KDFW,KMKE
20957,KORD,KMSP
20958,KLGA,KFLL
20959,LIBD,LIRF
20960,KBFI,WA09
20961,KPSP,KBUR
20962,KBOS,KEWR
20963,LIME,EPMO
20964,KEWR,KTEB
20965,RCTP,VHHH
20966,KADS,86TE
20967,LPFR,EGGD
20968,KDTW,KFXE
20969,KIAH,KLAS
20970,KAUS,KBWI
20971,KRFD,KPHX
20972,KCLT,KPVD
20973,KLAX,KSJC
20974,KIND,KORD
20975,YSBK,YSWG
20976,SBGR,SBRJ
20977,KFLL,KLGA
20978,KSDF,KDCA
20979,LJLJ,EDDP
20980,KSLI,KCNO
20981,LFST,LFBD
20982,NZWN,NZCH
20983,SBSP,SBVT
20984,KDVT,55AZ
20985,K9A1,KPDK
20986,LIME,LIBD
20987,KDXR,2PA1
20988,KORD,KMDT
20989,KTEB,CYYZ
20990,KMSP,KORD
20991,EPWA,EPKK
20992,KDEN,KDFW
20993,KRNM,KCRQ
20994,KMLI,KORD
20995,LEBL,EBLG
20996,KLGA,KORD
20997,KCRQ,KRNM
20998,KGSO,KATL
20999,KPIT,KATL
21000,CYHU,CYYZ
21001,KFLL,KDFW
21002,KUGN,KIAD
21003,LEMD,EDDK
21004,KAPA,KBNA
21005,KDTW,KATL
21006,KRDU,KATL
21007,CYVR,CYXE
21008,KSDF,KDFW
21009,KSNS,KRHV
21010,KMCI,KLAS
21011,KORF,KATL
21012,KBOS,KORD
21013,NZCH,NZNV
21014,KALB,KBWI
21015,KBOI,KMSP
21016,LIPZ,EDDP
21017,KLAS,KSAT
21018,KPDX,KMSP
21019,NZAA,NZGB
21020,EKCH,EKYT
21021,KFLL,KATL
21022,KBNA,KMSP
21023,KHOU,KADS
21024,KSRQ,KTEB
21025,KSLC,KLAS
21026,CYNJ,CYYJ
21027,KMDW,KBWI
21028,KDTW,KMDT
21029,KMSP,KMDW
21030,EPWA,UKKK
21031,KDCA,KBOS
21032,EGPF,EIDW
21033,YSCB,YWLM
21034,EDDB,EDDK
21035,KATL,KDEN
21036,ULLI,UUEE
21037,KE16,KRHV
21038,KDTW,KFLL
21039,KJFK,KRDU
21040,LSZM,EDDP
21041,SBRJ,SBBR
21042,KOMA,KHOU
21043,LIPO,EDDP
21044,SBSP,SBRJ
21045,KPHL,KCLT
21046,LKPR,EDDK
21047,KALB,KORD
21048,KMSN,KORD
21049,EGGW,LROP
21050,LPPR,EBLG
21051,LIPZ,EDDK
21052,SBCO,SBSP
21053,KONT,KSJC
21054,LIMC,LHBP
21055,KMSP,KDEN
21056,KDTW,KOMA
21057,KSRQ,KTEB
21058,KPDX,KBOI
21059,LEBL,EDDK
21060,KROC,KBWI
21061,KSMF,KPDX
21062,KHOU,KDAL
21063,KVNY,KSMO
21064,EPWA,EPPO
21065,KGRR,KMSP
21066,CYYC,CYVR
21067,KORD,KDAY
21068,KGYR,KE63
21069,KDTW,KJFK
21070,EIDW,EBLG
21071,KISP,KPHL
21072,YBBN,YMML
21073,EDDM,EDDK
21074,PAEN,PANC
21075,KVGT,KLSV
21076,KDAL,AL40
21077,KTUL,KATL
21078,KPVD,KORD
21079,KBOS,KHPN
21080,KHSV,KDFW
21081,ENBR,ENZV
21082,KCCR,KSNA
21083,KMHR,KMOD
21084,KDTW,KSDF
21085,KBNA,KFLL
21086,NZWP,NZWJ
21087,KABQ,KSAF
21088,KPDX,KFAT
21089,49NY,KHPN
21090,KSDF,KPHL
21091,SBRJ,SBBR
21092,KDTW,KCMH
21093,KTYR,KTKI
21094,KA39,KCHD
21095,KATL,KORD
21096,KDPA,KC16
21097,KTUL,KORD
21098,EKCH,ENZV
21099,KPNS,KPHL
21100,KAPA,CO07
21101,KDFW,KATL
21102,KSNA,KCNO
21103,KABQ,KHOU
21104,KMYF,KF70
21105,SBGR,SSJC
21106,KORD,KMCO
21107,KADS,KF69
21108,EPWA,EPBY
21109,SPJC,SPST
21110,KDFW,KBTF
21111,KIAD,KATL
21112,LZIB,EIDW
21113,LEAL,EHAM
21114,KATL,KCMH
21115,EKCH,ESSA
21116,LSZM,EBLG
21117,KMSP,KDTW
21118,KBOS,KMIA
21119,KIND,KBOS
21120,CYYC,CYWG
21121,UUEE,UMMS
21122,KMDW,7PS7
21123,NZPM,NZAA
21124,KBUR,KOAK
21125,KORF,KPHL
21126,KDEN,KSAN
21127,KVPS,KDFW
21128,KRMN,1VA9
21129,UUWW,LYBE
21130,KDTW,KIAD
21131,KFLL,MMUN
21132,LIMC,EBLG
21133,VIDP,VABB
21134,KMIA,KLGA
21135,SBRJ,SBSP
21136,KIND,KDEN
21137,EGGW,EPGD
21138,KOJC,KMKC
21139,KSEA,KPDX
21140,KIAH,KBNA
21141,OI34,7OA7
21142,CYVR,KSEA
21143,KMSP,KORD
21144,KBUF,KBWI
21145,WN18,KBFI
21146,KLAX,KDFW
21147,KLAS,KBUR
21148,KBOS,KDCA
21149,KOMA,KMSP
21150,KE16,KLVK
21151,EGNX,EDDK
21152,K3N6,NJ75
21153,EPWA,EPKT
21154,KCMA,KTOA
21155,KRDU,KTDF
21156,KSDF,KDEN
21157,CYYJ,CAM3
21158,KDAY,KORD
21159,KFLL,KPHL
21160,KSMO,KNTD
21161,KJFK,KBOS
21162,CYQG,CYYZ
21163,NZCH,NZHR
21164,EDDV,EBLG
21165,KMSP,KLAS
21166,KDFW,KDTW
21167,KPDX,KSEA
21168,VT52,VT15
21169,KBOS,KEWR
21170,KDFW,KLAS
21171,OR81,KHIO
21172,KPHL,KORD
21173,KLAX,KSLC
21174,KSMF,KSNA
21175,KMSP,KMDW
21176,KPNS,KDFW
21177,KLAS,KPHX
21178,KMVY,KBOS
21179,KSTS,KSEA
21180,KRNM,KMYF
21181,KEWR,KCVG
21182,KPHL,KMCO
21183,KBOS,MA55
21184,KMSP,KMSN
21185,KSMO,KMYF
21186,KLAS,KOMA
21187,KPDK,KLUK
21188,KSRQ,KTEB
21189,KBOS,KATL
21190,KOAK,KPDX
21191,EPWA,EPGD
21192,KDTW,1MI8
21193,KDEN,KHOU
21194,KSMF,KPHX
21195,KPSP,KSEA
21196,SBRJ,SBSP
21197,KHPN,03NY
21198,KBOI,22ID
21199,SBKP,SSJC
21200,LPPR,LPPD
21201,YSSY,YSCB
21202,SBGR,SBBR
21203,KBOS,CYYZ
21204,KCVG,KORD
21205,KL35,KMYF
21206,MA72,KBOS
21207,EGGW,LHBP
21208,EGSS,LFPG
21209,K1G4,KLAS
21210,KSBA,KSMO
21211,KDAY,KPHL
21212,38WA,KPAE
21213,KIAH,KDTW
21214,NZCH,NZHR
21215,KSNA,KVNY
21216,KCMH,KDEN
21217,KBWI,KISP
21218,KDFW,KLAX
21219,KDCA,KLGA
21220,GA53,KPDK
21221,KSDF,KMSP
21222,KCRQ,KF70
21223,KDEN,KPHX
21224,CYVR,KSFO
21225,KGXY,KBJC
21226,CYYZ,CYUL
21227,KE16,KOAK
21228,77PA,KIDI
21229,03PS,KDTW
21230,KDEN,KDTW
21231,KPNS,KATL
21232,KDEC,34IL
21233,KSTL,KATL
21234,LEMD,EDDP
21235,KAUS,KBNA
21236,LTAC,UKBB
21237,KDTW,KGRB
21238,CYYC,CYVR
21239,KSEA,KONT
21240,SBVT,SBRJ
21241,KADS,KF69
21242,KUGN,KJVL
21243,YSSY,YKEL
21244,KMCI,KATL
21245,KIND,KLGA
21246,KTUL,KAPA
21247,KATL,KDFW
21248,KSFO,KPHX
21249,KBNA,KATL
21250,KLAX,CYVR
21251,KSDF,KMSP
21252,KOAK,KLAS
21253,KSDF,KMIA
21254,KEMT,KVNY
21255,4NC7,KRDU
21256,KFLL,KCLE
21257,LEPA,LEMG
21258,KMSP,KPHL
21259,NZCH,NZAA
21260,YPAD,YMML
21261,KCLT,KLGA
21262,KATL,KDTW
21263,KBUY,KIAD
21264,KEWR,KMCO
21265,KSEA,KLAX
21266,YSCB,YSSY
21267,KCHO,KPHL
21268,KBWI,KPVD
21269,KDCA,KHPN
21270,KFOK,KHPN
21271,KMSP,KMCI
21272,KSDF,KRDU
21273,KSEA,KSJC
21274,YMMB,YCES
21275,KPHL,KBKL
21276,KDAL,KATL
21277,LPMA,LPPR
21278,KEWR,CYUL
21279,KATL,MMUN
21280,KMYF,KPHX
21281,KNZY,KNUC
21282,KMSP,KMKE
21283,KSMF,KPHX
21284,KSTL,KLGA
21285,KSTS,KO60
21286,KDTW,KATW
21287,KADS,KF69
21288,LPPT,LPPD
21289,SBGR,SBVT
21290,KOAK,KPHX
21291,KCLT,KJFK
21292,KIAD,KATL
21293,SKBO,SPJC
21294,KBOI,KSJC
21295,NZAA,NZCH
21296,KCLT,KSYR
21297,KCMA,KSEE
21298,KBUR,KSJC
21299,KFLL,KATL
21300,KMSP,KBNA
21301,KBWI,KCLT
21302,YMML,YMHB
21303,KEWR,KIAD
21304,NZCH,NZWN
21305,KFCM,KPWK
21306,KSMF,KBOI
21307,KATL,KPNS
21308,LIPE,EDDP
21309,KMCI,KMSP
21310,KDCA,KSTL
21311,KNZY,KNUC
21312,KDCA,KATL
21313,LIMC,LFPG
21314,SBBR,SBSP
21315,KBWI,KEWR
21316,KHPN,KPOU
21317,KLGA,KBED
21318,KSDF,KDTW
21319,KJFK,KBED
21320,KADS,KHQZ
21321,KGPM,KINJ
21322,KSFO,KSBA
21323,KATL,KORD
21324,KSAN,KSEA
21325,KLGA,KBOS
21326,SBSP,SBRJ
21327,KDFW,KPHX
21328,RCTP,VHHH
21329,KDFW,KMCO
21330,SBGR,SBGL
21331,KOKB,KF70
21332,KMCI,KPHL
21333,KDEN,KLAS
21334,YWLM,YSCB
21335,LIMC,EDDP
21336,KDAL,KABQ
21337,UAII,UAAA
21338,KVPS,KATL
21339,KDFW,KHRU
21340,LIBD,LIMC
21341,KSAN,KPHX
21342,KSYR,KORD
21343,KPHX,KHOU
21344,KSRQ,KFXE
21345,KATL,7PS7
21346,KIAH,KDFW
21347,KRDU,KMIA
21348,KSEA,KPSP
21349,KLGA,KDTW
21350,KVNY,KSAN
21351,OR81,KHIO
21352,SBGR,SBGL
21353,EKCH,EDDP
21354,KDTW,KMCI
21355,TJSJ,KMIA
21356,OI34,7OA7
21357,KATL,KFLL
21358,KFUL,KSNA
21359,KRHV,KMCC
21360,KCLT,KEWR
21361,KPIT,KMSP
21362,KLGA,KORD
21363,KLGA,KATL
21364,KSEA,KGEG
21365,KEMT,KCNO
21366,KSJC,KPHX
21367,KAUS,KLGB
21368,KTEB,CYYZ
21369,KBWI,KMIA
21370,KDCA,KMIA
21371,KLAS,KSEA
21372,KSBP,KSFO
21373,KMHT,KDCA
21374,KHOU,KPHX
21375,KLAS,KLAX
21376,KSNA,KCNO
21377,LIMC,LICZ
21378,KATL,KPHL
21379,KDAL,KPHX
21380,YMML,YBBN
21381,KLAN,KDCA
21382,KABE,KORD
21383,KPHX,KCRQ
21384,KTOA,KEMT
21385,KAFW,KORD
21386,KSEA,KSNA
21387,CYYC,CYXE
21388,VIDP,VOBL
21389,KCMH,KLGA
21390,KDEN,KMSP
21391,YMML,YMHB
21392,LEMD,LFPG
21393,NZPM,NZCH
21394,KVNY,KLAS
21395,KLAX,KTUS
21396,KBOS,KPVC
21397,LESL,LEBL
21398,KPDX,KLAX
21399,KLAS,KSAN
21400,KAPA,KDPA
21401,SBKP,SSJC
21402,NZTG,NZAA
21403,CYOW,CYUL
21404,KORF,KLGA
21405,KSMF,KPDX
21406,KPIT,CYUL
21407,EDDK,LIME
21408,SBBR,SBSP
21409,EDDN,EBLG
21410,SBSP,SBGL
21411,KSTL,KPHL
21412,CYYC,CYYJ
21413,LFBO,LFPG
21414,EHAM,EDDP
21415,SBRJ,SBSP
21416,EGPH,EGSS
21417,KDTW,KCLT
21418,KSRQ,KDFW
21419,KBNA,KLGA
21420,SBKP,SBBR
21421,KSJC,KLAS
21422,KPHX,KBUR
21423,KSTL,KMIA
21424,LFML,EBLG
21425,YMMB,YSLE
21426,KDFW,KMSP
21427,ULLI,UUYY
21428,KDEN,KPHX
21429,KNZY,KNUC
21430,KSDF,KORD
21431,KSAT,KBNA
21432,KATL,KRDU
21433,KCRQ,KRNM
21434,KSMF,KPDX
21435,KAJO,KSNA
21436,KSLC,KLAS
21437,KDFW,KCVG
21438,CYTZ,CYUL
21439,KDEN,KMDW
21440,KCLT,KROC
21441,KTYR,KDFW
21442,KPVD,KDCA
21443,KBWI,KORD
21444,KLAX,KPHX
21445,KDEN,KSAN
21446,88PA,KSTL
21447,KFAT,KSFO
21448,KPHL,KATL
21449,KVNY,KL35
21450,KFAT,KSEA
21451,KGPI,KSEA
21452,KSDF,KLOU
21453,KPHX,KLAX
21454,CYYJ,CYVR
21455,KSLC,KLAS
21456,KECP,KATL
21457,KSTL,KCLT
21458,EKCH,EDDP
21459,KCMA,KLGB
21460,KDFW,KORD
21461,KCLT,KSRQ
21462,KRDU,KDCA
21463,KAVP,KORD
21464,KTEB,KLDJ
21465,KABQ,KPHX
21466,KBWI,KORD
21467,LPPT,LEBL
21468,96WA,KAWO
21469,KFHR,KRNT
21470,KPDK,KTYS
21471,KRDU,KMCO
21472,KCLT,KBOS
21473,KTTN,KMJX
21474,KPHX,KSAN
21475,KBOS,KJFK
21476,KSEA,KLAX
21477,SBSP,SSJC
21478,KMYV,KMCC
21479,KORD,KROC
21480,LEZL,LEBL
21481,KPAO,CA66
21482,LFPG,EDDP
21483,KIAD,KTEB
21484,KSLC,KSFO
21485,KOAK,KBTF
21486,KCLT,KLGA
21487,KSEA,KPDX
21488,CYYJ,CYPK
21489,KSLC,KLAS
21490,KOKB,KNFG
21491,KORD,KLNK
21492,KPDK,KDAL
21493,VIDP,VEPI
21494,KBWI,KSRQ
21495,KDCA,KATL
21496,KSAN,KLAX
21497,KSDF,KDEN
21498,KBWI,KORF
21499,KA39,KFFZ
21500,KTYS,KDCA
21501,KSLC,KSAN
21502,KPVD,KCLT
21503,KEWR,KDCA
21504,KI69,21OI
21505,KLNK,K0J9
21506,KDCA,KORD
21507,KCLT,KPHL
21508,KSMF,KSFO
21509,KSEE,KMYF
21510,PAEN,PANC
21511,KORD,KMCI
21512,KORD,K1G3
21513,EGNX,EDDK
21514,KBOS,KDCA
21515,KBNA,KCMH
21516,KDFW,KSGF
21517,KSDF,IS40
21518,KORD,KTUL
21519,KMDT,KATL
21520,KBWI,KFLL
21521,KMDW,KMCI
21522,EGNX,EDDP
21523,KORD,KBNA
21524,KSFO,KLAX
21525,KIAH,KSAT
21526,KAVQ,KFFZ
21527,KPNS,KMIA
21528,KCLT,KMKE
21529,KF70,KMYF
21530,YSSY,YSWG
21531,KSNA,KSFO
21532,EKCH,EGNX
21533,KSAN,KSNA
21534,EIDW,EGSS
21535,KSRQ,KBNA
21536,KMDW,KATL
21537,KCWA,KORD
21538,KSEA,KSBP
21539,KATW,KORD
21540,KLGA,KORD
21541,KDEN,KORD
21542,KSDF,KMSP
21543,KDFW,KSDF
21544,EGBB,LFPG
21545,KOPF,KFXE
21546,KSLC,KSJC
21547,KRDU,KATL
21548,KSMO,KFAT
21549,KSKA,KSEA
21550,KMSP,KATW
21551,KCLT,KCVG
21552,KDEN,KORD
21553,KSTL,KORD
21554,RPLL,VHHH
21555,KFLL,KBWI
21556,KSAN,KLAS
21557,KBWI,KATL
21558,KSLC,KLAX
21559,KIAH,KPHX
21560,KBNA,KHOU
21561,KSMF,KLAS
21562,KDFW,KVPS
21563,KSYR,KFZY
21564,KEWR,CYYZ
21565,KN87,KN12
21566,KSNA,KPHX
21567,KPHX,KONT
21568,KPIT,KJFK
21569,KCBF,IA01
21570,ENGM,ENBO
21571,ESMS,EDDK
21572,CYYZ,KBED
21573,KBUF,KJFK
21574,KMSP,KMDW
21575,KSRQ,KATL
21576,KATL,KEWR
21577,KMCI,KBWI
21578,NZRO,NZAA
21579,KFAT,KPHX
21580,KPVD,KDTW
21581,KAUS,KDFW
21582,KECP,KBNA
21583,RJTT,RJOO
21584,KLAS,KPDX
21585,LIMC,EDDP
21586,KPHX,KPDX
21587,KCLT,KBUF
21588,KHOU,KADS
21589,KSEA,KSFO
21590,KIAD,KCLT
21591,KMCO,KMIA
21592,OI34,7OA7
21593,KBUR,KPHX
21594,WA49,KPDX
21595,KSNA,KSJC
21596,KBNA,KCMH
21597,NZAA,NZCH
21598,VABB,VIDP
21599,KAUS,KMDW
21600,KAVX,KMYF
21601,KLAX,KABQ
21602,UUEE,ULLI
21603,KBUF,KDCA
21604,KSAT,KATL
21605,KLVN,KFCM
21606,KORD,KOMA
21607,KJFK,KBOS
21608,KLGB,KPHX
21609,KMIA,KDCA
21610,EGSS,EIDW
21611,KSFO,KSEA
21612,KONT,KDEN
21613,KTEB,CYYZ
21614,KORD,KDAY
21615,CYXX,CZBB
21616,LIPX,LICZ
21617,KBOS,MA72
21618,KMCI,KBNA
21619,KMDW,KMCI
21620,KBUF,KMDW
21621,RJBB,RJTT
21622,KBUR,KWHP
21623,KSNA,KLHM
21624,KCLT,KBNA
21625,CL46,KCMA
21626,KEMT,KCMA
21627,KCLT,KPHL
21628,KDFW,KDEN
21629,KLNS,KCXY
21630,KSJC,KPHX
21631,KMSN,KORD
21632,KEMT,KCMA
21633,LFPG,EDDK
21634,KSAN,KBOI
21635,KLAS,KSJC
21636,KLGA,KBNA
21637,KPYM,KBED
21638,KSEA,KYKM
21639,KPAO,KC83
21640,KSQL,KSMO
21641,KIND,KATL
21642,OR81,KHIO
21643,KGRB,KATL
21644,KMSN,KATL
21645,KJFK,KMCO
21646,CYUL,CNV9
21647,KPHL,KDAY
21648,KTUL,KHOU
21649,KSAN,KPHX
21650,KFAT,KLVK
21651,KOAK,KBUR
21652,EHRD,EDDH
21653,LTAC,UKBB
21654,KORD,KSTL
21655,KIND,KDCA
21656,KBNA,KDAL
21657,KORD,KOMA
21658,KFAT,KSFO
21659,KPHL,KSYR
21660,KSNA,KPHX
21661,KTYS,KATL
21662,KSNA,KMYF
21663,EGAA,EGNX
21664,SPST,SPOL
21665,KPIE,KCVG
21666,NZWN,NZHN
21667,EGSS,EDDK
21668,KFXE,KOPF
21669,KDEN,KPSP
21670,KSDF,KDFW
21671,KMIA,KATL
21672,KCLT,KVPS
21673,KDTW,KORD
21674,KSRQ,KBWI
21675,KMDW,KDCA
21676,OI34,7OA7
21677,LIMC,LFPG
21678,VT48,KTEB
21679,KTDF,KRDU
21680,KMCI,KORD
21681,KSFO,KLAS
21682,KORD,KDAY
21683,KATL,KCVG
21684,CYUL,KTEB
21685,LTBA,LLBG
21686,KCLT,KORD
21687,KORD,KDFW
21688,KIAH,KMCI
21689,LIPE,EBLG
21690,SBCO,SBSP
21691,EDDK,EDDP
21692,KORD,CYUL
21693,KEWR,KMCO
21694,SBBR,SBKP
21695,KLGA,KATL
21696,KMDW,KBUF
21697,KOAK,KWHP
21698,CYUL,CYYZ
21699,LFML,LPPR
21700,KSNA,KOAK
21701,KSLC,KLAS
21702,KVNY,KTUS
21703,KDFW,KHOU
21704,KBOS,KSLK
21705,KLAX,KSFO
21706,KSFO,KLAX
21707,KROC,KEWR
21708,KCMH,KORD
21709,KF70,KCRQ
21710,CYYC,CYXX
21711,CD28,CO07
21712,KAPA,KCOS
21713,KSBP,KFAT
21714,KIND,KORD
21715,KMSP,KDEN
21716,KATL,KMSP
21717,ESSA,EFHK
21718,NZCH,NZPM
21719,KORD,KCMH
21720,KDTO,KDAL
21721,KFHR,KBFI
21722,CYWG,CYYZ
21723,KORD,CYUL
21724,KSTL,KMCI
21725,NZWN,NZPM
21726,EGSS,EBLG
21727,KIWA,KNYL
21728,KFHR,KRNT
21729,KDEN,KPHX
21730,KPIE,KBNA
21731,KLGA,KDTW
21732,KSEA,KOAK
21733,OR81,KHIO
21734,SBCO,SBGR
21735,KCNO,KHND
21736,KHPN,KCLT
21737,KOAK,KLAS
21738,KDEN,KMKE
21739,KCLT,KDAY
21740,KSFO,KLAS
21741,KDTW,KCLT
21742,KLGA,CYYZ
21743,EGNX,EDDK
21744,KO27,KMOD
21745,EGPH,EGNX
21746,KBVS,WN51
21747,KLAX,KLAS
21748,KMIA,KBWI
21749,SBSJ,SBRJ
21750,KE16,KRHV
21751,KHOU,KATL
21752,NZGB,NZAA
21753,KSEA,KSFO
21754,RPLL,RCTP
21755,KBNA,KORD
21756,KMSP,KATL
21757,KDAL,KHOU
21758,KSLC,KOAK
21759,KCLT,KPNS
21760,KIND,KMKE
21761,KHWV,03NY
21762,EKCH,EDDK
21763,YMMB,YMPC
21764,KPDX,KSFO
21765,KSDF,KOMA
21766,KFCM,KANE
21767,KMDT,KORD
21768,KORD,KLGA
21769,KSYR,KTEB
21770,EGAA,EGSS
21771,KVNY,KCMA
21772,KVNY,KSAN
21773,KCRQ,KLGB
21774,KSTL,KVIH
21775,KSNA,KSEE
21776,KIAD,KBED
21777,KDEN,KFAT
21778,KDTW,KBUF
21779,KDTW,CYYZ
21780,KHND,K1L3
21781,KOAK,KBUR
21782,K1G4,K61B
21783,KSYR,KATL
21784,KACK,KPVD
21785,KFLL,KFXE
21786,KORD,KMSP
21787,KAUS,KATL
21788,88PA,KPHL
21789,KLAS,KOAK
21790,OR81,KHIO
21791,SBBR,SBRJ
21792,KIAD,KJFK
21793,KJFK,KROC
21794,ESMS,EBLG
21795,KATL,KTYS
21796,KSYR,KJFK
21797,KLAX,KSLC
21798,KOAK,KLAX
21799,KJFK,KDTW
21800,KDEN,KSAN
21801,KDEN,KMSN
21802,KRHV,KWVI
21803,KSTL,KBWI
21804,KORD,7PS7
21805,SBGR,SBRJ
21806,KHIO,OR81
21807,KIND,KORD
21808,KOAK,KSEA
21809,CYYJ,CYVR
21810,KDEN,KDFW
21811,KDFW,KSDF
21812,KORD,KATW
21813,KLAS,KLAX
21814,KPRB,KSNA
21815,KIWA,KNYL
21816,LPPT,LPFR
21817,KMOD,KMHR
21818,KPHL,NJ64
21819,OK08,KDFW
21820,KCLT,KATL
21821,TE34,KFTW
21822,KCRQ,KVNY
21823,CYVR,CYYJ
21824,KPAO,KHAF
21825,NZAA,NZGB
21826,YMML,YSSY
21827,K61B,KU30
21828,KPHX,KSNA
21829,KIAD,90VA
21830,CYYC,CYVR
21831,KATL,KSTL
21832,KMKE,KATL
21833,KSNA,KFUL
21834,KONT,KPHX
21835,KSJC,KSEA
21836,KDFW,KORD
21837,KAWO,96WA
21838,KDCA,KBOS
21839,KRMN,1VA9
21840,KFHR,KBFI
21841,KRNM,KMYF
21842,KEWR,KDTW
21843,KMIA,MMUN
21844,NZPM,NZAA
21845,KDVT,KE25
21846,EGNX,LIMC
21847,YMML,YSCB
21848,KOAK,KLVK
21849,KPIT,KLGA
21850,LFPG,EDDP
21851,EPKK,EPWA
21852,KORD,KLGA
21853,KIND,KATL
21854,KLNK,KORD
21855,KSFO,KPDX
21856,KDEN,KMCI
21857,KLAS,KPHX
21858,KSJC,KLAS
21859,KBWI,KCLT
21860,KTUS,KIWA
21861,KATL,KLGA
21862,CYVR,KSEA
21863,SBKP,SBRJ
21864,KVIS,KFAT
21865,KDTW,KATL
21866,TA19,KFTW
21867,KDCA,KCMH
21868,EDDS,EDDV
21869,KHSV,KORD
21870,KCGZ,KDVT
21871,KCLT,KTUL
21872,KSBP,KVGT
21873,KFHR,15WA
21874,CYYZ,CYUL
21875,KSFO,KLGB
21876,KSMF,KSAN
21877,KSAN,KPHX
21878,KORD,KOKC
21879,KIND,KORD
21880,EDDP,LIMC
21881,KMCI,KSTL
21882,CYVR,CYYJ
21883,KBMI,KDFW
21884,KLVK,KE16
21885,KCNO,KSNA
21886,KPHX,KSJC
21887,KROC,KATL
21888,KDTW,KLGA
21889,KMCO,KMIA
21890,KFFZ,KCGZ
21891,KBXK,KDVT
21892,RJFF,RJTT
21893,KEEN,KBED
21894,KDTW,KORD
21895,EDDK,LFPG
21896,KBOS,VG64
21897,KOWD,KBOS
21898,YMML,YSSY
21899,KSDF,KPHL
21900,KORD,KSPI
21901,KMIC,KFCM
21902,KMDW,KSDF
21903,KABE,KCLT
21904,KATL,KMCO
21905,KCMA,KCNO
21906,KAFW,K9X1
21907,KDCA,KLGA
21908,KSJC,KLAS
21909,KRDU,KORD
21910,KPGV,KCLT
21911,CYVR,CYYC
21912,NZCH,NZRO
21913,KSEA,KPDX
21914,KDTW,KBNA
21915,KSDF,KATL
21916,SBBR,SBGR
21917,KREI,KSBD
21918,KLGA,KDCA
21919,KDEN,KCOS
21920,EDDM,EDDV
21921,YBBN,YSSY
21922,EDDV,EDDM
21923,KCLT,KLGA
21924,OI58,KHPN
21925,KDCA,KBOS
21926,EGNX,EDDP
21927,RJTT,RJOA
21928,KSDF,KSYR
21929,OR81,KHIO
21930,LPPT,LPMA
21931,KMVY,KPVD
21932,RJTT,RJOA
21933,YMML,YPAD
21934,KNYL,KPHX
21935,EDDK,EGNX
21936,YSSY,YBBN
21937,KSTL,MO11
21938,KSFO,KGEG
21939,YBBN,YSSY
21940,KCRQ,KLGB
21941,KORD,KFTT
21942,KAUS,KHOU
21943,KONT,KOAK
21944,KIND,KMSP
21945,EDDP,LZIB
21946,KFTY,KTEB
21947,KDEN,KPHX
21948,NZWN,NZPM
21949,KMOD,KSAC
21950,KNYL,KPHX
21951,YSBK,YSCH
21952,KFCM,88MN
21953,KHOU,KSTL
21954,KJFK,KDCA
21955,KPHL,KBOS
21956,YSSY,YBBN
21957,SBCO,SBRJ
21958,KBOS,KRDU
21959,KCLT,KECP
21960,SBSP,SBRJ
21961,KSRQ,KOPF
21962,KCLT,KDCA
21963,KBUR,KOAK
21964,KAEG,KABQ
21965,CYYC,CYVR
21966,LIMC,LFPG
21967,KLQK,4SC4
21968,NZCH,NZNV
21969,KBOS,KTEB
21970,EDDK,EDDP
21971,KDEN,KOMA
21972,KHOU,KDAL
21973,EGSS,EDDP
21974,KRDU,KEWR
21975,SBBR,SBGL
21976,EGNX,EBBR
21977,CA66,KPAO
21978,KMDW,KOMA
21979,KCLT,KPDK
21980,KVNY,KEMT
21981,KSFO,KSEA
21982,LFRN,EBLG
21983,KCHO,KATL
21984,KEMT,KCMA
21985,KCMH,KATL
21986,KDTW,KATL
21987,CYUL,KTEB
21988,KCOS,KDEN
21989,KLGB,KLAS
21990,KPHX,16AZ
21991,KDAL,KMCI
21992,SBRJ,SBSP
21993,LFPG,EBLG
21994,CYOW,CYYZ
21995,KLAS,KONT
21996,KPWK,KMKC
21997,KSLC,KLAX
21998,CYUL,CYYZ
21999,KORD,KCVG
22000,KATL,KBNA
22001,KLAS,KLAX
22002,YMEN,YTDN
22003,KSJC,KSNA
22004,KSKA,KSEA
22005,KDTW,KMSN
22006,KCLT,KBNA
22007,EDDV,EDDS
22008,KHEF,KCJR
22009,KPHX,KABQ
22010,KSEA,KBLI
22011,KBJC,CO59
22012,KORD,KMKE
22013,KSBP,KVIS
22014,KLOM,KLNS
22015,KCLT,KIAD
22016,KDFW,KBNA
22017,KADS,KF69
22018,YSSY,YWLM
22019,KORD,34MI
22020,KNUC,KNZY
22021,EPKT,EDDP
22022,LPPT,LPPR
22023,KSFO,KLAS
22024,KHOU,KOKC
22025,KCLT,KATL
22026,KLGB,KWHP
22027,KATL,KDCA
22028,KSTL,KDAL
22029,KMVY,KBOS
22030,97IA,KCBF
22031,RJBB,RJFF
22032,RPLL,VHHH
22033,KSAN,KSJC
22034,KABQ,KAEG
22035,KLGA,KCMH
22036,KRDU,KPHL
22037,KABQ,KLAX
22038,RJTT,RJBB
22039,KSBD,KSNA
22040,SBCO,SBGL
22041,KORD,KMSP
22042,KPSP,KPHX
22043,KSNA,KPHX
22044,KDEN,KOKC
22045,SBCO,SBKP
22046,KSFO,KONT
22047,KORF,KPHL
22048,KORD,KATL
22049,KGRR,KDTW
22050,KORH,KTEB
22051,KOKC,KHOU
22052,KFNL,KBJC
22053,CYUL,KBOS
22054,EGTE,EGNX
22055,KLGA,KCLT
22056,YCBG,YMML
22057,KFHR,KBFI
22058,KSGF,KSUS
22059,KATL,KPNS
22060,KNUC,KNZY
22061,KDEN,KTUS
22062,KEWR,KBKL
22063,KPHX,KSFO
22064,KCLT,KJFK
22065,KTYS,KDTW
22066,KTUS,KIWA
22067,MA72,KBOS
22068,KCLT,KTYS
22069,KABQ,KAPA
22070,KDCA,KCVG
22071,KHSV,KATL
22072,KCLT,KPHL
22073,NZRO,NZWN
22074,KSMO,KSBA
22075,KPWK,KPTK
22076,KMDW,KATL
22077,KORD,KBNA
22078,KRDU,KATL
22079,OBBI,OEDF
22080,KDAY,KDTW
22081,KPDX,KSEA
22082,KALB,KDTW
22083,KBNA,KCLT
22084,KCMA,KSMO
22085,KRAL,KSNA
22086,KDEN,KABQ
22087,KCLT,KHSV
22088,KLVK,KOAK
22089,KORD,CYYZ
22090,YWLM,YSCB
22091,KOAK,KCCR
22092,KLNK,KMSP
22093,CYCD,CYVR
22094,KLGA,KHPN
22095,SBRJ,SBKP
22096,KORD,KMSN
22097,KLVK,KPAO
22098,KDAL,KHOU
22099,KOMA,KMSP
22100,YBBN,YMYB
22101,KGRB,KDTW
22102,KSMX,KLAS
22103,KATL,KORF
22104,KCMA,KSMO
22105,KIND,KDTW
22106,KMOD,KOAK
22107,KSNA,KVNY
22108,LIMC,EDDP
22109,KRDU,KCLT
22110,KCRQ,KCMA
22111,KPOU,KHPN
22112,KSJC,KSAN
22113,KMHR,KOAK
22114,KORF,KCLT
22115,SBSP,SBRJ
22116,CYVR,CYCD
22117,SBRJ,SBGR
22118,EGNX,LFPG
22119,MA55,KBOS
22120,KLAF,KMCX
22121,KPHX,KSAF
22122,KRDU,KLGA
22123,OG02,KHIO
22124,KDCA,KRDU
22125,KCMH,KCLT
22126,KCLT,KBWI
22127,ULLI,UUEE
22128,KLNS,KFDK
22129,KOKC,KDEN
22130,KDAL,KSTL
22131,KRDU,KDTW
22132,NZAA,NZWN
22133,KDTW,KORD
22134,LIMC,EDDK
22135,RJTT,RJFF
22136,RJOO,RJTT
22137,KORF,KATL
22138,KATL,KMIA
22139,KDFW,KHSV
22140,KSFO,KLAX
22141,KFFZ,KCGZ
22142,KJFK,KBOS
22143,KORD,KMSN
22144,SBRJ,SBGR
22145,KBDN,KHIO
22146,KDCA,KBNA
22147,KATL,KHSV
22148,KSJC,KLAX
22149,KMKE,KDTW
22150,KTTN,KMJX
22151,KATL,KMCO
22152,EGNX,EDDP
22153,EBBR,EDDP
22154,CYYZ,KORD
22155,OBBI,OMDB
22156,KCRQ,KLGB
22157,KDEN,KOKC
22158,EDDP,LIMC
22159,KPAE,KAWO
22160,KSEA,KPDX
22161,KCRQ,KVNY
22162,KDFW,KTUL
22163,KSJC,KLAX
22164,KORD,KMCI
22165,RJFF,RJTT
22166,SPJC,SPST
22167,KAVX,KMYF
22168,KLAX,KFAT
22169,KDAL,KTUL
22170,SBBR,SBSP
22171,KPHX,9CA0
22172,CYXE,CYYC
22173,KE16,KOAK
22174,KCLT,KSDF
22175,KSEE,CA76
22176,KCRQ,KOKB
22177,KEMT,KCMA
22178,KMSN,KMSP
22179,KCMA,KSMO
22180,KBNA,KDTW
22181,NZTG,NZWN
22182,KAPN,KDTW
22183,KSDF,KBWI
22184,KCUH,KHSD
22185,K1G4,K61B
22186,YSSY,YSWG
22187,KSNA,KCNO
22188,KDCA,KCLT
22189,KDAB,KATL
22190,KSDM,KVNY
22191,KFAT,KVIS
22192,UUEE,ULLI
22193,YMEN,YBUP
22194,KSNA,KLAS
22195,KMDT,KDTW
22196,YSSY,YSCB
22197,KSGF,KATL
22198,KDCA,KDTW
22199,KFXE,KMIA
22200,KFHR,KBLI
22201,NZWN,NZCH
22202,KVNY,KCMA
22203,KGRR,KMSP
22204,KSDF,KDTW
22205,KPHX,KLAS
22206,KCRQ,KRNM
22207,NZPM,NZCH
22208,06VA,KIAD
22209,KSEA,6WA3
22210,EDDP,EKCH
22211,KHHR,KLGB
22212,KDEN,KSLC
22213,KCWA,KMSP
22214,KPHL,KCMH
22215,EGPH,EGNX
22216,KORD,2IS5
22217,KDFW,KMCI
22218,KPHX,KSBP
22219,KLAX,KLAS
22220,KCLT,KATL
22221,SBSP,SBRJ
22222,RJBB,RJTT
22223,KATL,KECP
22224,KLAX,KSFO
22225,KSMF,KSJC
22226,KCCR,KLVK
22227,KPHX,KBUR
22228,KIAD,KBUF
22229,PAEN,PANC
22230,KDTW,KCMH
22231,KBED,KMMU
22232,RJTT,RJOM
22233,KLAX,KPHX
22234,KFHR,WN51
22235,EGPH,EGSS
22236,KC83,KPAO
22237,NZAA,NZPM
22238,KABQ,KPHX
22239,NZWN,NZRI
22240,CYYZ,KEWR
22241,KSTL,KDTW
22242,KSJC,KOAK
22243,KDAL,KHOU
22244,KF70,KMYF
22245,KCLT,KDAY
22246,KSMF,KBUR
22247,EDDP,EHAM
22248,KBOS,KLGA
22249,SBKP,SBGL
22250,KBOS,KMSS
22251,KSNA,KSBP
22252,KDCA,KCLT
22253,KLAX,KSJC
22254,RJTT,RJOO
22255,LEPA,LEBL
22256,KATL,KSDF
22257,SBRJ,SBSP
22258,KCMH,KDTW
22259,KPHX,KSAN
22260,YMML,YMHB
22261,KMKC,KGPH
22262,YSSY,YMAY
22263,KCNO,KSLI
22264,KLAX,KSBP
22265,CYVR,CAP3
22266,KLAS,KPHX
22267,KPHX,KTUS
22268,KBOS,KPHL
22269,KEDU,KMCC
22270,KVCB,KDVO
22271,KSNA,KCMA
22272,CYYZ,KBOS
22273,KORD,KATW
22274,KBNA,KATL
22275,KRDU,KEWR
22276,KTPA,KFLL
22277,NZNV,NZCH
22278,KORD,KSDF
22279,50OR,KBDN
22280,KHPN,KTEB
22281,YARM,YSSY
22282,LIMC,EDDP
22283,KORD,KBNA
22284,PAEN,PANC
22285,KBUR,KLAS
22286,KPHX,KHHR
22287,KLAS,KPHX
22288,KORD,KMKE
22289,KSMO,KLGB
22290,NZGB,NZAA
22291,KORD,KDTW
22292,5MI8,KDTW
22293,KSJC,KHHR
22294,KLAX,KPHX
22295,KPHX,KSNA
22296,KATL,KBNA
22297,KIAD,KSYR
22298,KSEA,KGPI
22299,KSNA,KSFO
22300,KPHL,KBUF
22301,EDDP,EDDK
22302,SBGL,SBGR
22303,YMML,YSCB
22304,KPHX,KLGB
22305,KTEB,KCDW
22306,KMDW,KDTW
22307,KPHL,KDCA
22308,EGSS,EGPH
22309,KMSP,KMSN
22310,KLAS,KHHR
22311,KLAX,KSFO
22312,KRIR,KRAL
22313,KAVP,KIAD
22314,KONT,KLAS
22315,KSAT,KDFW
22316,KCLT,KBWI
22317,KIAD,KRDU
22318,KSEA,KORS
22319,KHHR,KCRQ
22320,KOAK,KO69
22321,KSEA,KGEG
22322,KIXD,SN59
22323,KNUC,KNZY
22324,KCNO,KSLI
22325,KLAS,KSAN
22326,KOAK,KBUR
22327,KGSO,KDCA
22328,KPSP,KPHX
22329,KBNA,KATL
22330,KVNY,KSNA
22331,KDTW,KORD
22332,KTUL,KDAL
22333,KHAF,KPAO
22334,KCLT,KATL
22335,KSJC,KLGB
22336,KPHX,KSNA
22337,KLVK,KOAK
22338,KBWI,KCLT
22339,YSCB,YWLM
22340,KIAD,KPHL
22341,KSNS,KFAT
22342,CYVR,CYYJ
22343,KPHX,00AZ
22344,KPHX,KPSP
22345,KIAD,69VA
22346,KPGV,KRDU
22347,KRVS,19OK
22348,KMYF,KPMD
22349,KSKA,KSEA
22350,KATL,SC97
22351,K61B,K3L2
22352,KCNO,KSNA
22353,KSNA,KONT
22354,EGNX,EIDW
22355,KWVI,KRHV
22356,K5W8,5NC3
22357,EDDP,EPKT
22358,KLAS,KLAX
22359,KFLL,KFXE
22360,KFUL,KWHP
22361,KCNO,KSNA
22362,YMEN,YMAY
22363,KBNA,KTYS
22364,KGRB,KMSP
22365,KDFW,KOKC
22366,KVNY,KSBA
22367,KFWS,TE02
22368,YMUR,YLIS
22369,KBVS,KBLI
22370,KCLT,KTYS
22371,KAFW,3TX2
22372,KCRQ,KMYF
22373,KSEA,KGEG
22374,KJFK,KBOS
22375,CYCD,CYVR
22376,KRNT,KESW
22377,KPHX,KLAX
22378,KBFI,KFHR
22379,KGSO,KATL
22380,EBLG,EDDN
22381,KFNT,KORD
22382,KAUS,KDAL
22383,CYYZ,CYOW
22384,KPDX,KSEA
22385,KCMA,KVNY
22386,KCRQ,KSNA
22387,KPHX,KPSP
22388,KTEB,KFRG
22389,NZAA,NZOI
22390,EDDH,EDDV
22391,KFFZ,88AZ
22392,LFPG,EGSS
22393,KPHX,KLAS
22394,KAUS,KHOU
22395,KSAT,KDAL
22396,RJOO,RJTT
22397,K1G4,KLAS
22398,KYKM,KSEA
22399,KCLT,KRDU
22400,CYYJ,CYVR
22401,KOAK,KO69
22402,KSBA,KCRQ
22403,KORD,KSDF
22404,YSBK,YSCB
22405,20MO,KMKC
22406,KSTS,CL36
22407,YMMB,YOLA
22408,KSAN,KSBP
22409,YAMB,YBAF
22410,KF70,KCRQ
22411,ENBR,ENZV
22412,KORD,KCMI
22413,KHHR,KLGB
22414,KSBA,KSMO
22415,KFNL,KLMO
22416,KORD,KATW
22417,KIAH,KDAL
22418,NZTG,NZAR
22419,KBOS,KPVC
22420,KLAS,KONT
22421,KDPL,KRDU
22422,KAWO,KPAE
22423,KSRQ,KMIA
22424,KDLO,KSMO
22425,KTOA,KFUL
22426,KMKE,KORD
22427,9OI5,KOSU
22428,KIAD,90VA
22429,KPAO,CL36
22430,KGRR,KORD
22431,KCLT,KRDU
22432,KORS,WN51
22433,KAPC,KSTS
22434,KIAD,KMDT
22435,KIAD,69VA
22436,KRNT,KORS
22437,KSAN,KREI
22438,23NJ,KPHL
22439,KATL,KPIM
22440,KDAL,K9X1
22441,KPAE,KBLI
22442,PAMR,PABG
22443,KBDR,KTEB
22444,KCCR,KAPC
22445,KORD,KMKE
22446,KSMO,KCMA
22447,PAEN,PANC
22448,KDFW,TX45
22449,KCNO,KSNA
22450,96WA,KPAE
22451,CO18,KAPA
22452,5MD8,KDCA
22453,KPHX,KSEZ
22454,KMCE,KSNS
22455,KMYF,KRNM
22456,CYVR,CYCD
