Index,Source,Target
1,CYYZ,KJFK
2,WSSS,LIMC
3,KEWR,EGLL
4,KORD,EHAM
5,VHHH,LOWW
6,WSSS,LIMC
7,KLAX,VHHH
8,YBBN,OMDB
9,YSSY,RKSI
10,YSSY,OMAA
11,SBGR,KMIA
12,YMML,OMDB
13,YSSY,OMDB
14,YSSY,OTHH
15,RCTP,KLAX
16,KSFO,RKSI
17,YMML,OTHH
18,KSFO,WSSS
19,KLAX,EDDF
20,RCTP,LTBA
21,YMML,OMDB
22,RCTP,KSFO
23,EHAM,KSFO
24,VHHH,KLAX
25,RPLL,CYVR
26,LSZH,VTBS
27,EGLL,KLAX
28,OTHH,YMML
29,RPLL,KSFO
30,KLAX,RCTP
31,SBGR,LFPB
32,YPPH,OTHH
33,RCTP,KLAX
34,RJBB,OMDB
35,KIAH,KEWR
36,VHHH,PANC
37,VHHH,LTBW
38,WMKK,EGLL
39,WMKK,LTBW
40,VHHH,EDDF
41,WSSS,LTBW
42,KLAX,EBLG
43,VHHH,EGLL
44,RCTP,EDDF
45,PANC,VHHH
46,VHHH,EDDF
47,EGLL,KLAX
48,RCTP,KSFO
49,VTBS,EHAM
50,RCTP,KLAX
51,WSSS,EGLL
52,WSSS,LSZH
53,RCTP,KSFO
54,SPJC,LEMD
55,KSEA,RKSI
56,VHHH,EGLL
57,RPLL,OTHH
58,WSSS,EHAM
59,KLAX,KEWR
60,VHHH,YSSY
61,RCTP,KLAX
62,LIMC,RKSI
63,KLAX,RKSI
64,WSSS,EDDF
65,SBGR,EHAM
66,RCTP,EHAM
67,WSSS,EHAM
68,VHHH,EGLL
69,KATL,RKSI
70,WMKK,LTBA
71,UUEE,VHHH
72,CYYZ,VIDP
73,WSSS,LFPG
74,KATL,RKSI
75,OTHH,WMKK
76,KDFW,RKSI
77,RPLL,OMDB
78,RPLL,OMAA
79,CYYZ,RKSI
80,VTBS,EDDF
81,VIDP,LFPG
82,EGLL,KIAD
83,VTBS,EHAM
84,VHHH,EHAM
85,EDDF,SBKP
86,VHHH,EDDF
87,KDFW,RKSI
88,EDDF,KLAX
89,EDDF,RKSI
90,ELLX,KATL
91,KORD,VIDP
92,WSSS,YSSY
93,KJFK,RKSI
94,KSFO,KSTL
95,KLAX,RKSI
96,WSSS,OMDB
97,OTHH,VTBS
98,LFPG,CYVR
99,ZGSZ,PANC
100,KORD,RKSI
101,KSFO,RKSI
102,WSSS,LSZH
103,VHHH,OTHH
104,EDDF,RKSI
105,LEMD,SKBO
106,LIRF,KEWR
107,VHHH,YSSY
108,LIMC,KJFK
109,EGLL,VHHH
110,KLAX,YSSY
111,OBBI,RPLL
112,KLCK,PANC
113,KDFW,EDDF
114,KDTW,RKSI
115,KJFK,RKSI
116,LFPG,RJTT
117,VHHH,PANC
118,EBBR,VHHH
119,WSSS,YSSY
120,KJFK,RKSI
121,EDDF,VOBL
122,KLAX,RCTP
123,PANC,RKSI
124,KJFK,RKSI
125,OTHH,RKSI
126,PANC,RJBB
127,ZGSZ,PANC
128,WSSS,OTHH
129,SBGR,LFPG
130,71KY,OBBI
131,KSFO,RKSI
132,VIDP,KEWR
133,LPPT,CYYZ
134,SBGR,LPPT
135,WMKK,OTHH
136,VHHH,PANC
137,SBGR,EGLL
138,EGLL,RKSI
139,EDDF,KJFK
140,EDDF,KORD
141,ELLX,KORD
142,LIMC,RKSI
143,KEWR,KSEA
144,VOMM,VIDP
145,KSFO,KEWR
146,EHAM,KJFK
147,KEWR,KSFO
148,PANC,RKSI
149,KSFO,YSSY
150,PANC,KORD
151,KJFK,KSFO
152,KLAX,YSSY
153,KORD,PANC
154,MROC,LEMD
155,EDDF,KATL
156,PANC,KSEA
157,VHHH,PANC
158,EHAM,WSSS
159,VHHH,PANC
160,KIAD,OERK
161,EDDF,VIDP
162,KISM,KLAX
163,LFPG,RKSI
164,EDDF,OTHH
165,KJFK,KLAX
166,KSDF,PANC
167,EHAM,KORD
168,EDDF,WSSS
169,LSZH,OMDB
170,CYVR,RKSI
171,KLAX,KMIA
172,KLAX,KEWR
173,KLAX,KFLL
174,CYVR,VHHH
175,VIDP,LFPG
176,OTHH,VOMM
177,EHAM,RKSI
178,KFLL,KLAS
179,PANC,VHHH
180,EHAM,RKSI
181,EHAM,RCTP
182,KSAN,KJFK
183,SAEZ,EGLL
184,EDDF,SBGR
185,KLAX,RCTP
186,WMKK,OMAA
187,PANC,KMSP
188,PANC,VHHH
189,EHAM,VHHH
190,KSAN,KJFK
191,LFPG,WSSS
192,EHAM,KORD
193,EHAM,SAEZ
194,KLAX,RKSI
195,LFPG,KORD
196,KLAS,KJFK
197,EDDF,KORD
198,KSFO,KEWR
199,KDFW,RKSI
200,KLAS,KEWR
201,PANC,VHHH
202,KEWR,LLBG
203,KBOS,KLAX
204,OTHH,EGSS
205,KORD,PANC
206,KPHX,KJFK
207,PANC,RCTP
208,EDDF,OMDB
209,KATL,KLAX
210,KSAT,MMTJ
211,KJFK,KLAX
212,KSFO,KBOS
213,KPHL,KLAX
214,KJFK,EGNX
215,KORD,LEMD
216,KSMF,KATL
217,KATL,KSEA
218,KSEA,KJFK
219,PANC,RKSI
220,KDTW,KSFO
221,SBGR,LTBW
222,KDFW,PANC
223,LFPG,OMDB
224,KPDX,KATL
225,KPHX,KDCA
226,VOBL,WSSS
227,KLAX,VHHH
228,KJFK,KLAS
229,KSMF,KJFK
230,KSEA,RKSI
231,PANC,RKSI
232,KLAX,KJFK
233,KLAX,KDCA
234,KSTL,KSMF
235,KEWR,KLAX
236,CYVR,CYOW
237,KSFO,KATL
238,EGLL,RKSI
239,KSFO,KJFK
240,KJFK,EDDF
241,EGLL,OMDB
242,KDAL,KLAS
243,KEWR,LIMC
244,CYVR,EHAM
245,KLAX,KATL
246,EDDM,BIKF
247,KBOS,KSAN
248,KPHX,KPHL
249,KIAH,EHAM
250,KOPF,KLXV
251,KLAX,KATL
252,KLAX,KJFK
253,KDTW,KLAS
254,KLAX,KORD
255,EDDF,VTBS
256,LSZH,LLBG
257,KSEA,KATL
258,KISM,KLAX
259,KSAN,KMSP
260,SLVR,KMIA
261,KPHL,KSMF
262,VIDP,EGLL
263,KSTL,KSEA
264,KDTW,KSEA
265,VHHH,OMDB
266,KLAX,KMIA
267,KATL,KDFW
268,KSFO,RKSI
269,KSEA,EHAM
270,KLAX,KORD
271,KJFK,KU42
272,KMSP,KLAX
273,KPDX,KDFW
274,KSFO,NTAA
275,VIDP,KIAD
276,KORD,KPDX
277,KLAS,KDCA
278,SPJC,SAEZ
279,EGLL,WSSS
280,UUEE,UNEE
281,KLAX,KBNA
282,VIDP,VOBL
283,EGLL,VHHH
284,KPHL,KDEN
285,KEWR,KSFO
286,KATL,KLAS
287,CYVR,CYUL
288,KSEA,RKSI
289,RCTP,PANC
290,CYVR,CYYZ
291,KORD,EHAM
292,CYYZ,LSZH
293,KFLL,KPHX
294,KATL,KU42
295,KMIA,EDDF
296,KSDF,PANC
297,KLAX,EHAM
298,KSTL,KSEA
299,LHBP,OTHH
300,PANC,RKSI
301,CYYZ,EDDF
302,WMKK,OTHH
303,KPDX,KMSP
304,SAEZ,KMIA
305,KMIA,SAEZ
306,KCMH,KPHX
307,KLAX,KATL
308,LLBG,KJFK
309,KMSP,KSAN
310,CYYZ,EHAM
311,OTHH,VOMM
312,LLBG,KEWR
313,KHOU,KLAX
314,KATL,PANC
315,KLAX,EDDF
316,KLAS,KJFK
317,KJFK,OMDB
318,KBWI,KPHX
319,KDCA,KSEA
320,KLAS,35MN
321,KMDW,KPHX
322,YSSY,WSSS
323,KSFO,KSGS
324,CYVR,CYYZ
325,OMDB,EHAM
326,OTHH,VHHH
327,KLAX,KIAD
328,KJFK,KSFO
329,KMSP,KLAX
330,KBWI,TJIG
331,KIND,KLAX
332,KORD,PANC
333,KEWR,60CO
334,KSAT,KSEA
335,SPJC,EHAM
336,KJFK,LIRF
337,KSEA,KDCA
338,EGCC,LMML
339,KLGA,KDFW
340,KSEA,KDFW
341,OTHH,YMML
342,KBWI,KSAN
343,KSAN,KATL
344,VOBL,OMAA
345,OTHH,YSSY
346,KEWR,EDDF
347,ZGSZ,WSSS
348,KCMH,KSEA
349,VHHH,PANC
350,KATL,KPDX
351,KBNA,KOAK
352,TJSJ,KJFK
353,KBOS,KSEA
354,KLAS,KATL
355,LFPG,LTBW
356,KLAX,RJBB
357,LTAC,EDDK
358,KFLL,KSEA
359,KPHX,35MN
360,SKBO,KMIA
361,KRDU,KSEA
362,EHAM,LTBW
363,KEWR,KSEA
364,KSEA,KJFK
365,KMSP,KSEA
366,KRDU,60CO
367,KDCA,KLAX
368,VHHH,OMDB
369,EGLL,LTBW
370,KSEA,KJFK
371,OTHH,LFPG
372,KDFW,EDDF
373,RCTP,KLAX
374,KATL,KLAX
375,KSEA,KMSP
376,KIAD,60CO
377,KBNA,KSJC
378,KLAX,KEWR
379,EGCC,LGAV
380,KMSP,KLAS
381,KBOS,KSEA
382,KATL,KSEA
383,KSAN,KBOS
384,KHOU,KTEB
385,KDEN,KBWI
386,KIND,KSEA
387,KORD,LOWW
388,SBGR,EDDF
389,KPDX,KJFK
390,KORD,EDDF
391,KOMA,KSEA
392,VHHH,UUEE
393,LFPG,OTHH
394,KRDU,60CO
395,KIAD,KSEA
396,KBOS,LFPG
397,VOMM,WSSS
398,KTEB,KPIE
399,KABQ,KATL
400,KLGA,KDAL
401,KHOU,KLAS
402,CYVR,NTAA
403,KMDW,KOAK
404,EGLL,SBGR
405,KLAS,KIAH
406,KSDF,KPHX
407,ZGSZ,RKSI
408,KDCA,KDFW
409,KEWR,KSFO
410,KSFO,EGLL
411,KLAS,KHOU
412,KLGA,KMIA
413,KABE,KAFW
414,KSFO,KIAD
415,KAUS,KFLL
416,KLAX,KDFW
417,KBOS,KLAS
418,KDAL,KSNA
419,KSMF,KDFW
420,PANC,RJBB
421,VIDP,KORD
422,KEWR,EKCH
423,KDCA,KMSP
424,KMDW,KLAS
425,KMIA,KDFW
426,KIAD,KSAN
427,ZGSZ,RJBB
428,KRSW,KMDW
429,KFLL,KDFW
430,KLAS,KMKE
431,LEMG,EGGW
432,KONT,KDFW
433,VOBL,OTHH
434,VIDP,EHAM
435,KDTW,KSEA
436,PANC,KORD
437,KDFW,KMIA
438,ZGSZ,WMKK
439,KSEA,PANC
440,KEWR,KMSP
441,KIAD,KDFW
442,KSFO,KDTW
443,KIAD,KIAH
444,VIDP,EDDF
445,KEWR,LOWW
446,KATL,CYYC
447,KBWI,KSEA
448,KJFK,KSEA
449,KDAL,KSFO
450,KIAD,KSEA
451,KHOU,KSAN
452,KJFK,KPDX
453,OTHH,WMKK
454,KSDF,PANC
455,KCLE,KLAS
456,KDAL,KPDX
457,KJFK,KSFO
458,SKBO,KMIA
459,KDEN,KSFO
460,KDFW,KFLL
461,KBOS,EDDF
462,KSTL,KLAS
463,KLAX,RJTT
464,KDFW,KLAS
465,LFPG,RJBB
466,KSNA,KBFI
467,KJFK,KPHX
468,KORD,EIDW
469,EKCH,OTHH
470,OMDB,LFPG
471,KBOS,KFLL
472,KDAL,KLAS
473,KIAD,KDFW
474,KJFK,EHAM
475,KDFW,KSEA
476,KRFD,KPGD
477,OTHH,RKSI
478,KBNA,KSEA
479,KCLE,KPHX
480,KDEN,KFLL
481,KATL,KDEN
482,UUEE,EDDP
483,KIAD,60CO
484,KPHX,KBNA
485,KOPF,KPDK
486,PANC,RKSI
487,KLAX,KBOS
488,KMDW,KSFO
489,KJFK,KSEA
490,KATL,EDDM
491,KDAL,KSJC
492,PANC,KSEA
493,KDFW,KDCA
494,KSAN,KDFW
495,KIAD,EDDF
496,VIDP,EGLL
497,KPDX,KPHX
498,KPHX,KHOU
499,KDAL,KSMF
500,KIAH,MY52
501,KORD,KSFO
502,KJFK,KLAX
503,KPHX,KSTL
504,KLAX,KPHL
505,KIND,KLAX
506,KDFW,KFAT
507,KLAS,KDFW
508,KBUR,KSEA
509,KLAX,KCLE
510,KDFW,KSAN
511,OTHH,VIDP
512,KFLL,KEWR
513,KORD,EGLL
514,KAUS,60CO
515,KBNA,KSAN
516,KIAD,EBBR
517,KDFW,EGLL
518,KDEN,KSJC
519,KBOS,KLAS
520,KDFW,KSFO
521,KSFO,KEWR
522,KDCA,KU42
523,PANC,KSEA
524,KATL,KU42
525,KVNY,KTEB
526,LIMC,UUEE
527,KCRQ,KIWA
528,KRYN,KSJC
529,KAUS,KSAN
530,KIAD,KSEA
531,NTAA,KLAX
532,KBWI,KLAS
533,KSMF,60CO
534,KDFW,KPHX
535,KDEN,KLAX
536,NZCH,NZOM
537,KDCA,KDEN
538,KPHX,KCMH
539,KATL,LFPG
540,KATL,KLAS
541,KDFW,KLAX
542,KJFK,KMSP
543,KORD,KFLL
544,KLAS,KFLL
545,KDFW,KMSP
546,VHHH,OMDB
547,KLAS,KCMH
548,KPDX,60CO
549,SBGR,EHAM
550,KBOS,35MN
551,KDAL,KPHX
552,KRSW,KMDW
553,KSNA,KDFW
554,KDFW,KSNA
555,KTPA,KDAL
556,KPIE,KBLV
557,KCLT,KIAH
558,KABQ,KSEA
559,KDEN,KSMF
560,KMHR,KTOA
561,KIAD,LSZH
562,KLAS,KMCI
563,KLAX,SBGR
564,KORD,EDDF
565,KDFW,KBOS
566,KDEN,KSAN
567,KCMH,KDEN
568,SKBO,KMIA
569,CYYZ,CYVR
570,KLGA,KSGS
571,KDFW,LEMD
572,KMDW,60CO
573,KABQ,KSFO
574,PANC,VHHH
575,KTPA,KPHL
576,KPHX,KLAX
577,KATL,EHAM
578,KRSW,KEWR
579,KDFW,KSMF
580,OTHH,EGLL
581,KLAX,KATL
582,KLAS,KMDW
583,KATL,KDEN
584,KBOS,KATL
585,KRDU,KSGS
586,KIAD,EDDM
587,KDFW,LFPG
588,KLAX,KSEA
589,KPHL,KOMA
590,KSAT,KBNA
591,KDAL,KSDL
592,KTUL,KLAS
593,KATL,KEWR
594,KHOU,KMDW
595,KAPA,KTEB
596,KIAD,KMCI
597,KLAX,RCTP
598,VIDP,KSFO
599,KATL,TJIG
600,KATL,KSFO
601,CYYZ,EDDF
602,KSNA,KSEA
603,KEWR,KATL
604,KDAL,KMDW
605,KBFI,PANC
606,KORD,ELLX
607,KMKE,60CO
608,KDEN,KLAX
609,KFCM,KAPA
610,KATL,KEWR
611,KDFW,KU42
612,KAUS,KEWR
613,KIAD,KLAX
614,KEWR,EHAM
615,KPHX,KSEA
616,KSEA,KLAS
617,KDFW,KTPA
618,KMDW,KBOS
619,KPHL,KDFW
620,KIAH,KORD
621,OMDW,LSZM
622,KORD,EGLL
623,KIND,KLAX
624,KSAT,KDEN
625,KATL,KPHL
626,CYUL,EDDF
627,KJFK,KSFO
628,KSUS,KAPA
629,KHOU,KATL
630,KHOU,KPHX
631,KCLT,KLAX
632,KDFW,KPDX
633,KPHL,KMCI
634,KSAN,KSEA
635,KBOS,KSAN
636,KPHL,TJIG
637,VHHH,PANC
638,PANC,KSDF
639,KATL,KBUF
640,KATL,KLGA
641,VTBS,EKCH
642,KSEA,KSFO
643,KSFO,KPHX
644,KSTL,KEWR
645,CYYZ,KSFO
646,KLAS,KBWI
647,KTPA,KBWI
648,KISM,KSAN
649,KIAH,KSAN
650,KSEA,KATL
651,KDEN,KSFF
652,KBFI,KLAS
653,YSBK,YBCG
654,VECC,OTHH
655,KATL,KJFK
656,KSGF,KDEN
657,KPHL,KBNA
658,KBOS,KSFO
659,KHOU,KSAN
660,KTPA,KEWR
661,KPHL,KTPA
662,KLAX,KFLL
663,KFLL,KRDU
664,KEWR,KSAN
665,VHHH,VIDP
666,KSEA,KSFO
667,KORD,EDDF
668,KLAS,KFLL
669,KTPA,KORD
670,LEAL,EGGW
671,KPHL,KFLL
672,KLAX,OTHH
673,KJFK,EIDW
674,UUDD,ULMM
675,VIDP,VECC
676,LTBA,LIMC
677,ZGSZ,ZUCK
678,KCLT,KSTL
679,UUWW,UNEE
680,KSNA,KPDX
681,KLAX,KSEA
682,EHAM,SBKP
683,KLAX,KEWR
684,LFPG,LGAV
685,KAUS,KPDX
686,KMKE,KLAS
687,KATL,KLAX
688,LEMD,EDDP
689,KLAX,LFPG
690,KSEA,KDFW
691,CYUL,LSZH
692,KBNA,KFLL
693,KSFO,EDDF
694,KLAX,KDAL
695,KTPA,KIAH
696,KHPN,KVNY
697,KJFK,EGLL
698,KMCI,KDEN
699,KBNA,KDFW
700,KBUR,KPDX
701,KLAX,KDTW
702,RCTP,WMKK
703,OMDB,EGLL
704,VIDP,KJFK
705,LFPG,EFHK
706,KMDW,KHPN
707,YBBN,YPPH
708,KTPA,KDEN
709,UUWW,UUYY
710,KSEA,PANC
711,KLAX,KDFW
712,WMKK,RCTP
713,RPLL,VHHH
714,KDEN,KRDU
715,KBWI,KMKE
716,KFHR,KHIO
717,KEWR,KSFO
718,VOBL,OMDB
719,KSEA,KSAN
720,KATL,KFLL
721,KATL,EDDF
722,CYYZ,CYYC
723,RCTP,YSSY
724,PANC,KLAX
725,KORD,LFPG
726,KDCA,KSFO
727,KTEB,KFCM
728,KIWA,KCRQ
729,ZGSZ,ZUCK
730,KTPA,KSTL
731,KEWR,KFLL
732,KORD,KDFW
733,KTUL,KDEN
734,KEWR,KLAX
735,VIDP,VOMM
736,KTPA,KSTL
737,KDEN,KPHL
738,KPHX,KSMF
739,KIAH,KSEA
740,KLAX,KMIA
741,KLAS,KEWR
742,KSEA,KBOS
743,KDEN,KBOI
744,KTPA,KBWI
745,KBOI,KSEA
746,KEWR,KLAS
747,KATL,KBOS
748,KBNA,KPHX
749,KSEA,KPHX
750,ZGSZ,ZUCK
751,KPHL,KMKE
752,KDFW,KLAX
753,YPPH,YBBN
754,NZCH,NZOI
755,KDEN,KLAS
756,KPHL,KSFO
757,CYYZ,KLAX
758,KFLL,KEWR
759,KJFK,KLAX
760,KMIA,KEWR
761,KATL,KRSW
762,KBNA,60CO
763,KORD,KSGS
764,PANC,KORD
765,KHOU,KATL
766,KTPA,KMDW
767,KJFK,EHAM
768,KCLT,KSMF
769,LFPG,SBGR
770,KBWI,KORD
771,KSEA,KOAK
772,KMSP,60CO
773,KEWR,KDFW
774,KBNA,KBWI
775,OTHH,LFPG
776,KPHL,KSTL
777,KCLT,KCMI
778,KDAL,KATL
779,KEWR,KORD
780,KHOU,KATL
781,KTPA,KDEN
782,KAPA,KRDU
783,KBWI,KVPS
784,KOMA,KLAS
785,KPHL,KLAS
786,50TA,KIWS
787,KSEA,KLAX
788,KBOS,60CO
789,KEWR,LFPG
790,VHHH,PANC
791,KCLT,2MO1
792,PANC,KLAX
793,KSEA,KPHX
794,KECP,KHOU
795,KBWI,KSTL
796,KDTW,KSTL
797,KTPA,KBNA
798,KMSP,KLAS
799,KFFZ,KMYF
800,KCLT,KPHX
801,KAPA,KSDL
802,KDEN,KSAN
803,KDAL,KATL
804,KJFK,CYVR
805,KDEN,KTPA
806,KEWR,KSAN
807,KONT,KMSP
808,KSEA,KBUR
809,OTHH,EDDF
810,KMCI,KLAX
811,KMSP,KU42
812,KBOS,EIDW
813,KIAH,KPDX
814,KSTL,KSAN
815,KDAL,KTPA
816,KDCA,KORD
817,KPDX,KSFO
818,KSEA,KLAX
819,KLGA,KSTL
820,KDEN,KBUR
821,KSTL,KDAL
822,KLAS,KATL
823,KSJC,KSAN
824,KATL,KDFW
825,KDEN,KDFW
826,KEWR,KIAH
827,KJFK,EFHK
828,KPHL,KATL
829,KSEA,KIAD
830,KSAT,KDEN
831,KFFZ,KMYF
832,KTYS,KPIE
833,KDFW,KSTL
834,KDEN,KLAS
835,KATL,KFLL
836,KSEA,KLAS
837,KEWR,KATL
838,EDDM,EGKK
839,KSAN,KOAK
840,KDCA,KDAL
841,KIAD,EGLL
842,KJFK,KFLL
843,KECP,KDFW
844,WMKK,WBKK
845,KSEA,KSNA
846,KORD,KLGA
847,KDEN,KFAT
848,PANC,KSEA
849,VOBL,VIDP
850,KCMA,KLGB
851,KSAT,KATL
852,KMCI,KATL
853,YMES,YSLT
854,KCOS,KDFW
855,KSEA,KSAN
856,KTPA,KDFW
857,KBOS,KDCA
858,CYUL,EGLL
859,KJFK,EGLL
860,VOBL,VIDP
861,KDTW,KDFW
862,KDEN,KPHX
863,LPPT,SBGR
864,VHHH,RCTP
865,EDDM,EGKK
866,KJFK,KATL
867,YBBN,YPAD
868,KORD,KLAX
869,KSAT,KPHX
870,KPHL,46SC
871,KDFW,KATL
872,RJFF,RJTL
873,KRDU,KMDW
874,PANC,KSDF
875,KAUS,KPHX
876,YMML,WMKK
877,KPHX,KBOS
878,KBUR,KSMF
879,WSSS,YSSY
880,KOMA,KATL
881,KTPA,KEWR
882,KDVT,KMYF
883,VHHH,VTBD
884,KEWR,KMIA
885,KSAN,KSFO
886,VIDP,OMSJ
887,KDTW,KIAH
888,KCMH,KMSP
889,KPHL,KSGS
890,KABQ,KOAK
891,CYYZ,EGCC
892,KDTW,LFPG
893,KMSP,KEWR
894,VHHH,OMDB
895,KAPC,KSNA
896,EKRK,EKBI
897,PANC,KMIA
898,WBKK,WMKK
899,KPHX,60CO
900,KSTL,KRSW
901,KSEA,KBOI
902,OTHH,YPPH
903,KORD,KBNA
904,KEWR,KFLL
905,KPHL,KLAX
906,KBWI,KTPA
907,KSAN,KIAH
908,KSNA,KPHX
909,CYYZ,KIAH
910,KPHX,KSJC
911,KTPA,KBWI
912,KMSP,60CO
913,EPKT,EDDK
914,EGSS,LTFJ
915,KSEA,PANC
916,KHWD,KVNY
917,KORD,KSYR
918,KDTW,K8C4
919,KEWR,KCMH
920,KPHL,KCVG
921,KBNA,KU42
922,KDCA,KMDW
923,KORD,KBWI
924,KLGA,KRDU
925,KDFW,KLAX
926,KSEA,35MN
927,VOBL,VIDP
928,KPHL,KATL
929,KSTL,KSGS
930,VHHH,RCTP
931,KMDW,KRSW
932,KPDX,KPHX
933,KLAX,KORD
934,KIAH,KATL
935,KLGA,KBNA
936,KMCI,KMDW
937,KOAK,KLAS
938,KLAS,KPDX
939,KSTL,KBWI
940,KDTW,EHAM
941,CYUL,CYYZ
942,KBNA,KMDW
943,OTHH,RPLL
944,2KS9,26MO
945,KPHX,KJFK
946,KSEA,KSMF
947,WMKK,YMAV
948,RJFF,RJTL
949,KORD,KSEA
950,YSTW,YSSY
951,KORD,KTYS
952,KFLL,KPHL
953,KSEA,KBOI
954,KSTL,KDTW
955,KSFO,KSAN
956,KMSP,KATL
957,KMDW,KGYY
958,KPHL,KLAS
959,KMSP,KLAX
960,OTHH,LTBW
961,KTYR,KADS
962,KAPA,KADS
963,CYVR,RKSI
964,KBOS,EHAM
965,KORD,KATL
966,KSTL,KRDU
967,YBBN,YMHB
968,KPHX,KAUS
969,KDMA,KTUS
970,KDEN,KSNA
971,KDEN,KIAD
972,KMKE,KSEA
973,KMDW,KPHX
974,YSBK,YBBN
975,KSEA,KDAL
976,KSFO,KLAX
977,KLGA,KCMH
978,KPHL,KPVD
979,KCCR,KDVO
980,KORD,KDCA
981,KLAX,KAUS
982,KOAK,KLAS
983,KDEN,KMDW
984,KIAH,KDEN
985,KORD,KROC
986,KORD,KRDU
987,KSFO,KSEA
988,KEWR,EGLL
989,KCLT,KMCI
990,KDTW,KMCI
991,KTUL,KDEN
992,KMSP,KPDX
993,KSTL,KATL
994,YBBN,WSSS
995,LTBA,LEMD
996,KLAX,KATL
997,KDTW,KMSP
998,KATL,KSTL
999,LFPG,LTBW
1000,KLAX,KSFO
1001,KSJC,60CO
1002,KDTW,KATL
1003,KSKA,KSEA
1004,KBWI,KRSW
1005,KLAS,KVNY
1006,KBUR,KSJC
1007,KSAN,KPDX
1008,KPHX,KABQ
1009,KBNA,KRSW
1010,KORD,KIAD
1011,KMDW,KDAL
1012,NZHN,NZCH
1013,KTPA,7PS7
1014,KDTW,60CO
1015,KSNA,KSFO
1016,KORD,KDTW
1017,KCMA,KCRQ
1018,SKBO,KMIA
1019,KMCI,KDAL
1020,KLAS,KSEA
1021,KSTL,KFLL
1022,KDEN,KSEA
1023,KMSP,KCVG
1024,KDAL,KSEA
1025,KTPA,KATL
1026,KDTW,56WI
1027,KMCI,KDEN
1028,KMSP,KSEA
1029,KPUB,KBJC
1030,KORF,KATL
1031,KDTW,KTYS
1032,KIAD,KSFO
1033,KATL,KORF
1034,KPHX,35MN
1035,KLAS,KMDW
1036,OMDW,RCTP
1037,KDTW,KORD
1038,LFPG,LIMC
1039,KORD,KCVG
1040,KORD,KBUF
1041,RCTP,VHHH
1042,KATL,KDTW
1043,KHIO,KMMV
1044,KLAS,KSEA
1045,KTEB,KIAD
1046,KPHL,KPHX
1047,LFPG,LEMD
1048,KDTW,KLAS
1049,KIXD,SN59
1050,YSSY,YSCH
1051,KORD,KPHL
1052,35OR,KSAN
1053,KATL,KDTW
1054,OTHH,WSSS
1055,8CA5,KMYF
1056,WMKK,VOMM
1057,KMDW,KDCA
1058,KPHX,KMKE
1059,RCTP,VTBS
1060,OMAA,OBBI
1061,5NY4,90NY
1062,KFLL,KBOS
1063,KORD,KDAY
1064,KPHX,KMCI
1065,KDFW,OTHH
1066,PANC,KSEA
1067,LFPG,EDDK
1068,KORD,OI46
1069,KABQ,KPHX
1070,KDEN,KCMH
1071,UUWW,LTBW
1072,KMIA,KJFK
1073,WSSS,VHHH
1074,KORD,7PS7
1075,KFLL,KORD
1076,OMDW,EDDF
1077,KLAX,KU42
1078,KDCA,KBOS
1079,KJFK,KSEA
1080,CYUL,LFPG
1081,EGMC,LEBL
1082,KPHX,KIAH
1083,KORD,KEWR
1084,82PA,KATL
1085,RJOO,RJFF
1086,KDFW,KVPS
1087,KORD,KSFO
1088,KLAX,PANC
1089,KMCI,KPHX
1090,KSMO,KAVX
1091,KIAH,KBWI
1092,KPHL,KROC
1093,CYYZ,LFPG
1094,KEWR,KSTL
1095,KCLE,KDFW
1096,KDFW,KEWR
1097,CYYC,CYVR
1098,KPHX,KPHL
1099,KPDX,KSMF
1100,KBOI,KLAS
1101,KORD,KMCI
1102,KORD,KBOS
1103,KLAS,KSJC
1104,KFLL,KATL
1105,KATL,KORD
1106,KJFK,KORD
1107,KIAH,KU42
1108,KDFW,KPHL
1109,VTBS,VHHH
1110,KSFO,KORD
1111,KATL,KECP
1112,UUDD,ULMM
1113,KORD,KSTL
1114,KIAH,KDFW
1115,KDCA,KCLT
1116,KATL,KDAY
1117,KPHL,KRSW
1118,KDFW,KSTL
1119,KLUK,KCMH
1120,CYYZ,CYUL
1121,KSJC,KSEA
1122,KBWI,KMDW
1123,KSEA,6WA3
1124,KDEN,KLGA
1125,RJTT,RJOA
1126,KSTL,KMDW
1127,KPHL,KDAY
1128,KJFK,KCVG
1129,KPWK,KGRR
1130,KLGA,KDFW
1131,KLAS,KSAN
1132,KDFW,KTUL
1133,YSSY,VHHH
1134,KDFW,KDEN
1135,VHHH,RPLL
1136,LFPG,EKCH
1137,KFAT,KSFO
1138,KDAL,KLGA
1139,KPHX,KDTW
1140,KO69,KOAK
1141,KLAX,RCTP
1142,KORD,KBOS
1143,KBUR,KLAS
1144,KJFK,LFPG
1145,KWVI,KRHV
1146,KSNA,KSFO
1147,KBNA,KLGA
1148,KORD,KATL
1149,KDFW,KSDF
1150,KORD,KMDT
1151,KPHX,KAKH
1152,CYUL,CYYC
1153,KONT,KOAK
1154,KDEN,KSFF
1155,KSTL,KU42
1156,KDFW,KPHX
1157,KBOS,KFLL
1158,KSQL,KO69
1159,YSCN,YOAS
1160,KORD,KPVD
1161,KPHX,KORD
1162,KLAS,KSTL
1163,KFLL,KCMH
1164,KTPA,KHOU
1165,KOAK,KPDX
1166,KORD,KAKH
1167,KDFW,KCMH
1168,KJFK,KORD
1169,KONT,60CO
1170,KCMH,KLAS
1171,KDAL,KLAS
1172,KORD,KLGA
1173,KEWR,KDTW
1174,OMDB,UKBB
1175,KORD,KDTW
1176,KDEN,KDAL
1177,EDWI,EDWR
1178,KCVG,KATL
1179,KMIA,KDFW
1180,KORD,KU42
1181,YCVG,YPPF
1182,KSTL,KLAS
1183,KBFI,WN21
1184,KATL,KBWI
1185,KLGB,KOAK
1186,CYYZ,CYVR
1187,KMIA,KPHL
1188,KORD,KORF
1189,KTEB,KPNE
1190,YSSY,RPLL
1191,KFLL,KDFW
1192,KORD,KSGS
1193,KATL,KSDF
1194,KTPA,KMDW
1195,KDCA,KATL
1196,KLAX,KSMF
1197,CYYZ,CYOW
1198,MD48,KMTN
1199,KMIA,KBNA
1200,KBLI,KSEA
1201,KCMH,KATL
1202,EGSS,LKPR
1203,KJFK,EGLL
1204,LPPT,LPPR
1205,KCMA,0CA3
1206,KTPA,KSEA
1207,KEWR,KSGS
1208,KDCA,KBNA
1209,EGNX,EDDP
1210,KORD,EGLL
1211,KOMA,60CO
1212,KMIA,EGLL
1213,LFPG,RKSI
1214,WMKK,WBKK
1215,KMDW,KOMA
1216,NZCH,NZAA
1217,KP08,KIWA
1218,KSEA,KSFF
1219,KPSP,KSEA
1220,KSTL,KATL
1221,KPDX,KSEA
1222,KTPA,KJFK
1223,KHOU,KDCA
1224,KDFW,KMSN
1225,LFPG,VIDP
1226,RJBB,RJFF
1227,CZBB,CAK3
1228,KSBA,KCMA
1229,KATL,EDDF
1230,KORD,KCLE
1231,RJTK,RJFF
1232,KJFK,GMMN
1233,KSNA,KVGT
1234,KATL,35MN
1235,KOAK,60CO
1236,ZGSZ,ZUCK
1237,KDCA,KROC
1238,KLAS,KLAX
1239,NZRI,NZWN
1240,KDFW,KLGA
1241,KSEA,KGPI
1242,KDPA,59IL
1243,KSBA,KOAK
1244,CYUL,LFPG
1245,KCMA,KCRQ
1246,KSMF,60CO
1247,KJFK,KRDU
1248,KDFW,KSAN
1249,KORD,KBWI
1250,KEWR,60CO
1251,KDCA,KCMH
1252,KATL,KLAS
1253,KLGA,KDTW
1254,KGAI,KLNS
1255,KONT,KSEA
1256,KMDW,KLGA
1257,KLGB,KSNA
1258,LIMC,OTHH
1259,KDEN,KSNA
1260,KMIA,EHAM
1261,KSKA,KSEA
1262,VMMC,RCTP
1263,KLAX,OMDB
1264,KATL,KCVG
1265,KSEA,KPDX
1266,KN81,KN14
1267,KFHR,KBLI
1268,ZGSZ,ZUCK
1269,KSAN,KSJC
1270,KORD,KRDU
1271,KDFW,KORD
1272,KATL,KORD
1273,KCRQ,KMYF
1274,KPHL,KIAD
1275,KDFW,KBWI
1276,KBOS,KJFK
1277,KSMF,KBUR
1278,KSFO,KSMF
1279,KJFK,EGLL
1280,KPHX,KBUR
1281,KMIA,KCMH
1282,WMKK,WBKK
1283,KFLL,KATL
1284,KATL,KDNN
1285,KFMH,KBOS
1286,KORD,KIAH
1287,KSAN,KOAK
1288,KCRQ,KSJC
1289,KMDW,KOAK
1290,KDEN,KBWI
1291,KDFW,KBNA
1292,TJSJ,KMIA
1293,KTPA,KJFK
1294,KDFW,KBUR
1295,KATL,KDAL
1296,KSEA,KSFO
1297,KJFK,KIAD
1298,KAUS,KU42
1299,KSNA,KSJC
1300,KATL,SBGR
1301,KBNA,KPDK
1302,VHHH,EDDF
1303,KSJC,KSNA
1304,KSTS,KSAN
1305,KOMA,KSGS
1306,KPDX,KLAS
1307,7PN0,KXLL
1308,KDFW,KSFO
1309,KBWI,KDAL
1310,KDEN,KLGA
1311,KSNA,KSBP
1312,KDFW,KFLL
1313,RCTP,RPLL
1314,KAWO,WN20
1315,RJTT,RJOA
1316,KPHX,KLAS
1317,KFTW,KDAL
1318,KJFK,EGLL
1319,NZRO,NZCH
1320,OTHH,EGLL
1321,YMML,YSCB
1322,KMIA,KBOS
1323,KSJC,KBUR
1324,KEWR,KCVG
1325,ULMM,UUEE
1326,KO61,KAUN
1327,KATL,K9A4
1328,RJBB,VHHH
1329,KFLL,KEWR
1330,KRNM,KSEE
1331,KDEN,KCLE
1332,KMDW,KBNA
1333,CYYC,CYYZ
1334,KDTW,KFLL
1335,KN79,5PA3
1336,KATL,KPHL
1337,EDDK,LTFJ
1338,KMDW,KMCI
1339,VECC,VOBL
1340,KLAX,KS03
1341,KMSP,KMDW
1342,KSJC,KLGB
1343,KBUR,KOAK
1344,KDAL,KECP
1345,KDFW,KRDU
1346,KMIA,7PS7
1347,KPHX,KDAL
1348,KBNA,KMCI
1349,KBWI,KLAS
1350,KLAX,KSFO
1351,KFLL,KJFK
1352,KRDG,KTTN
1353,KDCA,KATL
1354,RCTP,WSSS
1355,KDFW,SC43
1356,KCMA,KWHP
1357,SBGR,KORD
1358,KATL,KLGA
1359,KDEN,35MN
1360,KDFW,KDEN
1361,KL70,KSMO
1362,01VA,KJYO
1363,KDEN,KCLE
1364,KSJC,KU42
1365,WSSS,YMML
1366,KSTL,KDAL
1367,KMDW,KOMA
1368,KLAS,KOAK
1369,KATL,KVPS
1370,KLAX,KPDX
1371,KSAT,KDAL
1372,KDCA,KORF
1373,KDFW,KRSW
1374,KHSV,KATL
1375,KBFI,WN13
1376,PANC,KSEA
1377,KLAS,KBUR
1378,EDDK,LTFJ
1379,KPHX,KABQ
1380,RCSS,RCWA
1381,KSNA,KU42
1382,KSTL,KBOS
1383,KBOS,KLGA
1384,KDFW,KPDX
1385,KORD,KDFW
1386,KWVI,KRHV
1387,KSBA,KSEE
1388,RCTP,VTBS
1389,KBWI,KBOS
1390,KPHX,KOAK
1391,KEWR,EIDW
1392,VIDP,VECC
1393,KLAX,KLAS
1394,KSMF,KU42
1395,VHHH,WMKK
1396,KDFW,KORF
1397,KDEN,KBOS
1398,KMSP,60CO
1399,KDFW,KBMI
1400,KPDX,KLAS
1401,LEMG,LRBS
1402,NTAA,NTTE
1403,CYUL,CYVR
1404,KA39,KFFZ
1405,RJFF,RJTL
1406,SKBO,KMIA
1407,CYUL,EBBR
1408,KBOI,ID44
1409,VHHH,VTBS
1410,KLAS,KBUR
1411,KAJO,KEMT
1412,KDFW,KONT
1413,KMCC,KMHR
1414,KLGA,KFLL
1415,KDEN,KBOS
1416,VIDP,VOMM
1417,CYYZ,EDDM
1418,KORD,KJFK
1419,CA66,KPAO
1420,KDFW,KLGA
1421,KDFW,KSBP
1422,KSNA,KSMF
1423,KLAS,KBNA
1424,RJFF,RJTL
1425,KIAH,KLGA
1426,KSAT,KDFW
1427,EKCH,ENGM
1428,KBWI,KBNA
1429,KPDX,KU42
1430,KCOS,KLAS
1431,KORD,CYYZ
1432,KPHL,60CO
1433,KLGA,KDCA
1434,KDEN,KBNA
1435,KSBD,KEMT
1436,KPHX,KLAX
1437,KBNA,KEWR
1438,KLOM,KLNS
1439,KPDX,KSEA
1440,RPLL,RJTL
1441,KMIA,KRDU
1442,KORD,KPHX
1443,KDFW,KU42
1444,KLVK,63CN
1445,KIGX,8NC6
1446,KBUR,KLAS
1447,KCLT,KATL
1448,KABQ,KLAX
1449,20AZ,KFFZ
1450,KSFO,KLAX
1451,KPDK,67GA
1452,KDFW,KIAH
1453,YMAY,YMEN
1454,RJAA,RJFF
1455,KBFI,KPAE
1456,KPHX,KSMF
1457,KORD,KEWR
1458,KLGA,KBOS
1459,KI73,57OI
1460,KMDW,KBWI
1461,KPDX,KSFO
1462,CYVR,CYYZ
1463,KMIA,KEWR
1464,KBNA,KECP
1465,61OR,KSEA
1466,KE25,KDVT
1467,KSNA,KOAK
1468,KORD,K29M
1469,KTPA,KEWR
1470,KLAF,2II0
1471,VOBL,VECC
1472,RJTT,RJBB
1473,KMIA,KDCA
1474,KBOI,KU42
1475,KDFW,EGLL
1476,KDEN,KLAX
1477,KDFW,CYYC
1478,KOAK,KPHX
1479,NZTG,NZAR
1480,KATL,KPHL
1481,KSTL,MO81
1482,KDEN,KIAH
1483,KORD,KCVG
1484,YCNK,YSBK
1485,KSFO,KLAX
1486,KBOS,MA72
1487,KBNA,KATL
1488,KDEN,KDTW
1489,KDFW,KHOU
1490,KTPA,KATL
1491,KMIA,KORD
1492,KCLT,KCVG
1493,NZCH,NZRO
1494,KORD,KPHL
1495,KJFK,KBOS
1496,KFAT,KU42
1497,KPHX,KSEA
1498,ZGSZ,ZUCK
1499,RCTP,RKSI
1500,KMIA,24FL
1501,KDFW,KBOS
1502,KORD,KBOS
1503,KDEN,KBWI
1504,KSMF,KPDX
1505,KLAS,KSNA
1506,KAUN,KPAO
1507,KATL,KSEA
1508,KVNY,KDAL
1509,KBNA,KMSP
1510,KCLT,KSTL
1511,WN51,KFHR
1512,KDFW,KLAS
1513,KMIA,KSAT
1514,WSSS,RKSI
1515,KATL,KMSN
1516,KMSP,KSNA
1517,KDFW,KCMI
1518,KRSW,KEWR
1519,KLGB,KU42
1520,VTBS,RKSI
1521,CA66,KPAO
1522,KSJC,KSEA
1523,CYUL,CYYZ
1524,WA22,KBFI
1525,KFFZ,KA39
1526,RCTP,RJFF
1527,KSFO,KPHX
1528,YHBA,YCDR
1529,KARB,36MI
1530,ZGSZ,RJAA
1531,KDFW,2MO1
1532,RJTT,RJOS
1533,PANC,KLAX
1534,KSJC,KPHX
1535,YSBK,YGDH
1536,KPDX,KFAT
1537,RJOA,RJTL
1538,VHHH,VIDP
1539,KSEA,PANC
1540,KMIA,KLAX
1541,KORD,KMKE
1542,KPHX,KBNA
1543,KATL,09MO
1544,KSBA,KSFO
1545,KPAO,KTCY
1546,RJTT,RJOM
1547,OTHH,VTBS
1548,KCRQ,KF70
1549,RJOO,RJTL
1550,KORD,KABE
1551,KBUR,KLAS
1552,KSEA,KU42
1553,RJFF,RJTL
1554,KPHX,KMCI
1555,KHOU,KFLL
1556,KLAS,KVNY
1557,KDFW,KMIA
1558,KDEN,KATL
1559,KDEN,KSAT
1560,KDFW,PANC
1561,KONT,KU42
1562,KATL,KFLL
1563,RCTP,WSSS
1564,KDFW,KDTW
1565,KORD,KCMH
1566,KSFO,KU42
1567,KSAN,KSNA
1568,RJBH,RJOA
1569,KMIA,LSZH
1570,KLAS,KU42
1571,KDAL,KLAS
1572,KDFW,KHSV
1573,KSBA,KSFO
1574,WN13,KPWT
1575,KORD,OTHH
1576,KVNY,KSNA
1577,KDFW,9CA0
1578,KSJC,KHIO
1579,GA53,KJZP
1580,KDEN,KLAX
1581,KATL,KU42
1582,KLAX,KHOU
1583,KIAD,OTHH
1584,TJSJ,KSDF
1585,KPDX,60CO
1586,KLAS,KPHX
1587,KBFI,WN13
1588,RJTT,RJOO
1589,KMIA,KORF
1590,KDFW,KTPA
1591,KPHX,KMKE
1592,CYJN,CYUL
1593,CYVR,KSEA
1594,KCLT,KMKE
1595,KDFW,KBOI
1596,KSAN,KSEA
1597,KBUR,KSJC
1598,KORD,LSZH
1599,KDEN,KIAD
1600,KMIA,KLAS
1601,OMDB,RKSI
1602,KSGF,18MO
1603,KLAS,KTUL
1604,KCLT,KDAY
1605,KDFW,KABQ
1606,KDFW,KAKH
1607,RCKH,RCWA
1608,KDEN,KTUL
1609,VHHH,VIDP
1610,KORD,LSZH
1611,KSNA,KSEA
1612,KCLT,KMSN
1613,KDEN,KMIA
1614,KEWR,LLBG
1615,WV21,KFDK
1616,EGSS,EIDW
1617,KJFK,EGLL
1618,KLAX,KSEA
1619,RCTP,YSSY
1620,YMHB,YMML
1621,KMIA,KJFK
1622,KDEN,KORD
1623,KDTW,KDFW
1624,KDFW,KORD
1625,YOAS,YSBK
1626,CYVR,CYYZ
1627,RJTT,RJFF
1628,KCHD,KSDL
1629,KPHX,KU42
1630,RJFF,RJTT
1631,KABQ,KLAS
1632,RJOI,RJTL
1633,OK90,KTKI
1634,KLAX,KOAK
1635,KDTW,KSAN
1636,KLAS,KDFW
1637,KDTW,KJFK
1638,VIDP,OERK
1639,RCQC,RCKH
1640,KPDX,KOAK
1641,KLAX,KBNA
1642,KSMF,KSEA
1643,KDFW,KSBA
1644,KORD,EDDF
1645,KPHX,KFAT
1646,VOMM,VOBL
1647,YBBN,YSSY
1648,KATL,LFPG
1649,KDTW,KSEA
1650,KMIA,KDEN
1651,KUAO,67OR
1652,KSAN,KSEA
1653,KSMF,KLAX
1654,CYYC,CYUL
1655,RCTP,VHHH
1656,KBDN,35OR
1657,KPDX,KBOI
1658,KAPA,0CD7
1659,VIDP,CYVR
1660,KDTW,KPHL
1661,RJOO,RJOM
1662,KSFO,KSAN
1663,KLAX,KBNA
1664,KIAH,KLAS
1665,KPHX,KSBA
1666,KBWI,KATL
1667,KMIA,KIAH
1668,KDEN,KRDU
1669,KFLL,KDTW
1670,CA66,KRHV
1671,KDFW,KATL
1672,KDFW,KSMF
1673,KBUR,KCRQ
1674,KMDW,KLAX
1675,KPHX,KATL
1676,KMIA,KSFO
1677,KDEN,KOMA
1678,KDFW,KMCI
1679,CYYZ,CYQY
1680,KLAS,KVNY
1681,KDTW,KLAX
1682,KDAL,KHOU
1683,KDEN,KPUB
1684,59IL,KDPA
1685,VIDP,VOMM
1686,RCSS,RCWA
1687,KLAX,KLAS
1688,73PA,KHGR
1689,KCLT,KLAS
1690,KDFW,KCOS
1691,CYYZ,CYVR
1692,WMKJ,WMKK
1693,KSAN,KPHX
1694,KSEA,KMCI
1695,KDEN,KPHX
1696,ESSB,ESSN
1697,VIDP,VOBL
1698,KDEN,KSTL
1699,KFLL,SBKP
1700,KJZP,KPDK
1701,KDFW,KECP
1702,PANC,KSEA
1703,KPDX,KLAX
1704,KDFW,KMSP
1705,OMDB,ZGSZ
1706,KLAX,KSFF
1707,KPHX,KBUR
1708,RJFF,RJTL
1709,KRNM,KSEE
1710,KSMF,KSNA
1711,KSFO,KIAH
1712,KSTS,KOAK
1713,KSEA,KOAK
1714,OTHH,VIDP
1715,KMDW,KSEA
1716,KDEN,KMSN
1717,SBGR,KEWR
1718,KORD,KLAX
1719,3OR8,KSEA
1720,KFLL,KLAS
1721,RJTT,RJOF
1722,KIWA,KP13
1723,KBWI,KHOU
1724,KCLT,KHSV
1725,KSEA,KFAT
1726,KATL,KRDU
1727,KDEN,KMKE
1728,KABE,KPIE
1729,KPHX,KSEA
1730,KBWI,KCVG
1731,KE16,KRHV
1732,RJOO,RJTL
1733,CYVR,CYYJ
1734,KFLL,KCLE
1735,KATL,KDCA
1736,WSSS,EFHK
1737,KDEN,7PS7
1738,KSEA,PANC
1739,KPHX,9CA0
1740,KMDW,KSAN
1741,KLAX,KDFW
1742,CYUL,EDDM
1743,YSSY,KLAX
1744,PANC,6AK3
1745,KBWI,KPVD
1746,K61B,KU42
1747,KLNS,KGAI
1748,KDTW,KBNA
1749,KDFW,KSEA
1750,KISM,KDEN
1751,KPHX,KLAX
1752,KDTW,KEWR
1753,KDEN,KCMH
1754,UNEE,UUDD
1755,KAUS,KLAX
1756,KMZJ,KFFZ
1757,KBDN,50OR
1758,KDTW,KCMH
1759,KORD,KATW
1760,WSSS,WMKK
1761,KDWH,7TA0
1762,KATL,KDEN
1763,KONT,KLAS
1764,KFFZ,KCGZ
1765,KORD,KAKH
1766,KLAX,KU42
1767,KBUR,60CO
1768,KFTW,8TA7
1769,KSFO,KLAS
1770,KC29,KC47
1771,KDFW,KU42
1772,KSAN,KLAS
1773,KLAX,KSBP
1774,KSEA,KSAN
1775,KSJC,KSAN
1776,KDTW,KSFO
1777,KJFK,KBOS
1778,KLAS,KDTW
1779,KCLT,KPDX
1780,RCKH,RCWA
1781,KDTW,KMKE
1782,KDFW,KSAF
1783,KMCI,KLAS
1784,KFLL,KLGA
1785,KPHX,KSBP
1786,KDEN,KEWR
1787,KMDW,KATL
1788,KPHX,KSFO
1789,KSEA,KLAS
1790,KDFW,KPSP
1791,KSFO,60CO
1792,KBOI,KBFI
1793,KIAD,KRDU
1794,CYYC,CYYZ
1795,KORD,EGLL
1796,KDEN,KDFW
1797,KLAX,KSFO
1798,KMMV,KHIO
1799,KDTW,KORF
1800,KDFW,KSJC
1801,KPHX,KBOI
1802,KDAL,KLAS
1803,KBOI,KLAX
1804,KSEA,KSNA
1805,RCTP,VTBD
1806,KSMO,KVNY
1807,KBWI,KSDF
1808,KLAX,KBOI
1809,WN51,WN18
1810,KDEN,KSEA
1811,OMAA,RPLL
1812,KEWR,LPPT
1813,YSSY,WSSS
1814,VOBL,VIDP
1815,KORD,KLGA
1816,KCLT,KSFO
1817,KSFO,KLAX
1818,KMIA,KATL
1819,KDEN,KMCI
1820,YPAD,YBBN
1821,ZGSZ,ZUCK
1822,KPDX,KSFO
1823,KATL,KRDU
1824,KPHX,KPSP
1825,KFFZ,KA39
1826,CYYZ,CYXE
1827,KATL,KDTW
1828,KSEA,KDFW
1829,KATL,SC32
1830,TJSJ,KJFK
1831,RCSS,RCWA
1832,8CA5,KHMT
1833,VHHH,PANC
1834,RPLL,RJBB
1835,KSBA,KSFO
1836,MN87,KFCM
1837,KBWI,KDTW
1838,KPHX,KDFW
1839,RCTP,PANC
1840,KORD,KBOI
1841,KATL,KSAT
1842,KLAX,KORD
1843,KATL,EHAM
1844,YCVG,YPPF
1845,KMIA,KLGA
1846,KDEN,KDAL
1847,KATL,KCMH
1848,RJTT,RJFF
1849,KPHX,KU42
1850,EDDP,LEBL
1851,CYYZ,EGLL
1852,KIAH,KLAX
1853,KCLT,KTYS
1854,KATL,KIAH
1855,KMDW,KGRR
1856,KDAL,KDCA
1857,KPHX,KPDX
1858,KATL,EGLL
1859,KEMT,KAJO
1860,KMSP,KAKH
1861,RJTT,RJFF
1862,KIAH,KEWR
1863,KIAD,KTEB
1864,VTBS,VOBL
1865,KPAE,WA42
1866,KPDX,KSEA
1867,KLAS,KBLI
1868,KSEA,KOMA
1869,KCLT,KATL
1870,KDEN,KPHL
1871,KATL,KPLR
1872,KDTW,KAKH
1873,KEZF,KRMN
1874,KRVS,K3F7
1875,KMIA,EGLL
1876,KSMF,KSFO
1877,KLAX,KIAH
1878,RCQC,RCKH
1879,NZNE,NZAR
1880,KIAH,35MN
1881,KATL,KDAL
1882,KPHX,KSJC
1883,KDEN,KSDF
1884,KDTW,KPHX
1885,RJTT,RJOO
1886,YAMB,YBAF
1887,KDAL,KBNA
1888,KATL,NC16
1889,KLAX,KSAN
1890,KORD,KDFW
1891,SBKP,SBBR
1892,KPHX,KSNA
1893,KDTW,KIAD
1894,KBWI,KRDU
1895,KORD,KDCA
1896,KBUR,KPHX
1897,KFHR,KS50
1898,KSEA,KSFO
1899,KOAK,KSNA
1900,KIAH,KCOS
1901,LEMG,EGSS
1902,CYUL,CNV9
1903,KPHX,KSMF
1904,KXFL,34FD
1905,KMDW,60CO
1906,KDTW,KCVG
1907,KSJC,KORD
1908,RJTT,RJFF
1909,KPHX,KSTL
1910,KSCK,KPAO
1911,KLAX,RCTP
1912,WA09,KPAE
1913,KORD,KMSN
1914,PANC,KORD
1915,KIAH,KBNA
1916,KPHX,KSEA
1917,EHGG,EHDR
1918,KDAL,KFLL
1919,KSJC,KLAX
1920,KPHX,KSNA
1921,WSSS,RKSI
1922,KDEN,KMKE
1923,KDTW,7PS7
1924,YBBN,NZAA
1925,KBWI,KBUF
1926,LTAC,EDDL
1927,KORD,KSTL
1928,KLAX,KDFW
1929,KHOU,KSTL
1930,KSEA,KSJC
1931,KSTL,60CO
1932,KATL,KCLE
1933,KXLL,7PN0
1934,KPHX,KLAX
1935,KSEA,35OR
1936,KORD,KU42
1937,KSJC,KIWA
1938,KSMF,KSAN
1939,WA46,KVUO
1940,KPTK,KDET
1941,KMSP,KSDF
1942,4GA9,KRYY
1943,KDTW,KDCA
1944,KATL,KPHX
1945,WMKK,WBKK
1946,KIAH,KCLE
1947,KLGB,KSJC
1948,KATL,KBOS
1949,KCRQ,KCMA
1950,KJFK,EGLL
1951,KPHX,KDAL
1952,RJTT,RJOS
1953,KSTL,KDCA
1954,KORD,KCWA
1955,KDTW,KDAY
1956,KPHX,KLAS
1957,KLAX,KSFO
1958,KORD,KSDF
1959,KDTW,KSYR
1960,KONT,KSJC
1961,KATL,KIAD
1962,RJTT,RJOM
1963,KSTL,KHOU
1964,KHOU,KTPA
1965,KPHX,KSNA
1966,KIAH,KDTW
1967,KMCI,KTPA
1968,KBWI,KCLE
1969,CYYC,CYVR
1970,KSAN,KSJC
1971,KDTW,KBWI
1972,KATL,7PS7
1973,KORD,KMKE
1974,KIAH,KABQ
1975,KOAK,KSAN
1976,OMDB,OBBI
1977,KSEA,KPSP
1978,KBWI,KORF
1979,KSNA,KVNY
1980,KJFK,LSZH
1981,KBNA,KDAL
1982,KSEA,CL36
1983,KLAS,KSEA
1984,KIAH,KSNA
1985,KATL,KPHL
1986,KORD,KLAS
1987,KPHX,KHOU
1988,KA39,KFFZ
1989,OBBI,OERK
1990,KFHR,KBLI
1991,KORD,K8C4
1992,RCTP,RJBB
1993,KLAX,KABQ
1994,KIAH,KIAD
1995,VOBL,VECC
1996,KBWI,KROC
1997,KLAS,KOMA
1998,KBJC,KCOS
1999,KMDW,7PS7
2000,KORD,KLAX
2001,SAEZ,KMIA
2002,KDTW,KBUF
2003,KIAH,KPHX
2004,KMSP,KLAS
2005,KATL,KTYS
2006,KJFK,OTHH
2007,KSKA,KSEA
2008,KBWI,KISP
2009,KORD,2MO1
2010,KBNA,KMKE
2011,KFHR,KRNT
2012,KDEN,KDTW
2013,KBWI,KDFW
2014,KDTW,KSDF
2015,KORD,60CO
2016,KDWH,8TA3
2017,KSEA,KSFO
2018,KATL,KHOU
2019,NZWN,NZPN
2020,KDTW,MI38
2021,VOBL,OTHH
2022,KSEA,KSFF
2023,KMIA,KBWI
2024,KJFK,EGLL
2025,KLAS,KSNA
2026,KATL,KOMA
2027,KSEA,KU42
2028,ZGSZ,ZUCK
2029,KBNA,KMDW
2030,KATL,KSFO
2031,KORD,KSMF
2032,KBWI,KCMH
2033,KIAH,KLAX
2034,KIAH,KORD
2035,OTHH,VIDP
2036,KSBP,KPRB
2037,PANC,RCTP
2038,KIWA,KP13
2039,RCTP,WMKK
2040,KLAS,KPAE
2041,KEMT,KAJO
2042,RJAA,RJFF
2043,KATL,KPDX
2044,VOBL,VIDP
2045,KMSP,KATL
2046,RJFF,RJTL
2047,KMSP,KCLE
2048,KBNA,KDEN
2049,KOAK,KLGB
2050,KSEA,KPHX
2051,KATL,KDFW
2052,KMIA,KMSP
2053,KLAX,KSEA
2054,KDEN,KOMA
2055,KSMF,KONT
2056,KABQ,KU42
2057,KBOI,KBFI
2058,KSEA,KORD
2059,KORD,KIAH
2060,KPIE,KTYS
2061,RJTT,RJOM
2062,KSEA,KPDX
2063,RCTP,VTBD
2064,KMSP,KLGA
2065,KORD,KMCI
2066,VOMM,VIDP
2067,KSJC,KLAX
2068,KFRG,03NY
2069,KDTW,KLGA
2070,KSEA,KOAK
2071,KLAX,60CO
2072,KIAH,KDEN
2073,KMDW,KMSP
2074,KMSP,KPHL
2075,KHOU,KBWI
2076,KDTW,KBOS
2077,KSJC,KPDX
2078,SLVR,LEMD
2079,KATL,KTUL
2080,KBLV,KPIE
2081,RJBB,PANC
2082,KIAH,KLAS
2083,KIAH,KLAS
2084,KORD,KBNA
2085,KDFW,KLAX
2086,CYYJ,CYVR
2087,KSEA,KORD
2088,KDVT,AZ00
2089,KDEN,KMCI
2090,KSTS,KLAX
2091,KDTW,KRDU
2092,KATL,KMKE
2093,NZCH,NZWN
2094,KDTW,CYYZ
2095,KORD,KOMA
2096,CYYZ,LPPT
2097,CYUL,GMMN
2098,KSTL,KTUL
2099,KIAH,KTYS
2100,RCTP,RJAA
2101,KOAK,KPHX
2102,KSEA,KSMF
2103,KDTW,KATL
2104,KBNA,KBWI
2105,KMDW,KRDU
2106,KLAX,60CO
2107,KLGA,KORD
2108,WMKK,YPPH
2109,KSTL,KMCI
2110,NTTE,NTAA
2111,KSTL,KPWK
2112,KDTW,35MN
2113,RJFF,RJTL
2114,KATL,KSMF
2115,RJTT,RJOO
2116,KORD,KLNK
2117,WA09,KPAE
2118,KBNA,KPHL
2119,6AK3,PANC
2120,KORD,KSFO
2121,KLNS,KGAI
2122,NZCH,NZWN
2123,KHOU,TE87
2124,KPHX,KSFO
2125,KONT,KSMF
2126,KATL,KSAN
2127,KDTW,KMDT
2128,KLAX,KMCI
2129,RJOO,RJTL
2130,KBFI,KVNY
2131,KBFI,WA04
2132,LTAC,LTBW
2133,KLAS,KHOU
2134,RJFF,RJOO
2135,KAPA,KBJC
2136,WSSS,VOMM
2137,KORD,KEWR
2138,KBNA,KBOS
2139,KMDW,KRSW
2140,KHOU,KLAX
2141,KORD,KTUL
2142,KSEA,KBUR
2143,KIAH,KU42
2144,KSTL,KLGA
2145,KBOI,KSEA
2146,KIAH,KDCA
2147,WSSS,RCTP
2148,KDTW,KABE
2149,PANC,PADK
2150,KC83,KPAO
2151,KSEA,KBOI
2152,KPSP,KLGB
2153,KIAH,KOMA
2154,KIAH,KSFO
2155,KSNA,KCMA
2156,KLAX,RKSI
2157,KMDW,KCMH
2158,KSMF,KSEA
2159,KSEA,KSNA
2160,KBNA,KLAX
2161,KDAL,KSAN
2162,KIAH,KTUL
2163,KPAE,KRNT
2164,VHHH,RKSI
2165,LEMD,KMIA
2166,KHIO,4OR8
2167,KSFO,LFPG
2168,KORD,KPHX
2169,KDTW,KATW
2170,KBNA,KDTW
2171,KIAH,K9M8
2172,KDEN,KU42
2173,CYYJ,CYVR
2174,BIKF,EDDM
2175,CYCD,CYVR
2176,YCBG,YDAR
2177,KIAH,KDFW
2178,38WA,KPAE
2179,KDEN,KMCI
2180,SKBO,KMIA
2181,KSFO,KSEA
2182,KHPN,KABE
2183,5OR5,KBDN
2184,KMSP,KMCI
2185,KLAX,KSEA
2186,RJFF,RJTL
2187,KORD,KDFW
2188,KMDW,KDTW
2189,KIAH,KCMH
2190,KEWR,TJIG
2191,KMSP,KBOS
2192,PANC,RKSI
2193,KSGR,KDAL
2194,KHOU,KBNA
2195,NZNE,NZAR
2196,KORD,EHAM
2197,KAPA,KSNA
2198,KDTW,KROC
2199,SBKP,KFLL
2200,KPGD,SC78
2201,UWWW,UUWW
2202,KSFO,KLAS
2203,KLAS,KSJC
2204,KMDW,KBUF
2205,KORD,KSGS
2206,KOAK,KSTS
2207,KIAH,KSTL
2208,NZAR,NZNE
2209,YSSY,RPLL
2210,KA39,KFFZ
2211,KBWI,KORF
2212,TA19,KFTW
2213,KLAS,KU42
2214,KIAH,KMCI
2215,KSJC,KLAS
2216,KSFO,KSEA
2217,KMSP,KCMH
2218,KORD,KLAS
2219,RJOA,RJTL
2220,RCTP,RPLL
2221,KDEN,KPSP
2222,KPAO,KAUN
2223,KMDW,KBOS
2224,KSAN,KSMF
2225,PANC,KDFW
2226,KIAH,KSAN
2227,RJTT,RJFF
2228,KYKM,96VE
2229,KMSP,KMKE
2230,KPOC,KCCB
2231,KBNA,KRDU
2232,KMDW,KPVD
2233,KDEN,35MN
2234,KSFO,KMIT
2235,VOBL,VEPI
2236,KDFW,KCLE
2237,KSEA,KLAS
2238,KORD,EDDF
2239,KLAS,KSAN
2240,KFFZ,KPAN
2241,KTPA,KIAH
2242,KMYF,KVNY
2243,KRDU,KFLL
2244,KPHL,KSDF
2245,KMSP,KBWI
2246,KSKA,KSEA
2247,KSMF,KLGB
2248,KHOU,KPHX
2249,PANC,VHHH
2250,KPDX,KSAN
2251,KPHX,KSAN
2252,YSSY,YSCH
2253,KDFW,KORD
2254,KSFO,KSBP
2255,KDEN,KBOI
2256,KDEN,CYYC
2257,KSNA,KSJC
2258,KAUS,41XS
2259,KIAH,KECP
2260,KORD,KBOS
2261,KATL,KDEN
2262,KDEN,KSAF
2263,KDWH,KSGR
2264,RCTP,VTBD
2265,CYYC,CYVR
2266,YSSY,YBCG
2267,RJTT,RJFF
2268,KLAX,KSEA
2269,KBOS,EGLL
2270,LIMC,OMAM
2271,KDEN,KSMF
2272,KPOC,KSMO
2273,CD28,CO07
2274,VOBL,VIDP
2275,VECC,VHHH
2276,KDMW,KGAI
2277,RPLL,VHHH
2278,KMDW,KSDF
2279,KIAH,KHSV
2280,KDEN,UT13
2281,CYUL,LFPG
2282,CYYZ,CYUL
2283,KBUR,KLAS
2284,VHHH,EFHK
2285,KMSP,KRDU
2286,KSEA,PANC
2287,CYYZ,OMDB
2288,KSFO,KSEA
2289,KSJC,KSBD
2290,KPHX,KLAX
2291,KLAS,KSFO
2292,KLAX,KOAK
2293,KWHP,KCMA
2294,4WA9,KPWT
2295,VECC,VOBL
2296,KDEN,KMDW
2297,WMKK,YMML
2298,YSSY,YSTW
2299,KIAH,KSEA
2300,KPWT,KBFI
2301,80WA,KPAE
2302,KLGB,KSMF
2303,KSFO,KS03
2304,UWWW,UUDD
2305,KATL,KDCA
2306,KPHX,KSEA
2307,KMDW,KPHL
2308,KSAN,KMSP
2309,KDFW,KMIA
2310,LTAC,EDDM
2311,OK21,KRVS
2312,KIAH,KDEN
2313,KORD,KSAN
2314,NZWN,NZCH
2315,KORD,KMKE
2316,WMKK,YSSY
2317,KDEN,KSNA
2318,KDFW,KTPA
2319,KMSP,KDTW
2320,KDEN,KPHX
2321,UUDD,EDDF
2322,KAPA,2CD6
2323,KSFO,KSNA
2324,KPDX,PANC
2325,KORD,KDCA
2326,KBUR,KSMF
2327,WSSS,WMKK
2328,KSFO,CYVR
2329,KDEN,KSAN
2330,NZRO,NZTO
2331,CYYZ,CYYC
2332,KGPI,KSEA
2333,KORD,KLAX
2334,KRVS,19OK
2335,KSFO,KBUR
2336,KSFO,60CO
2337,KDFW,KHOU
2338,KLAX,KLAS
2339,KORD,KAKH
2340,WSSS,RPLL
2341,KDEN,KIAH
2342,KSFO,KSBA
2343,KDEN,KSEA
2344,KFRG,KTEB
2345,KPRB,KSBP
2346,KORD,KPHL
2347,KSFO,KSMF
2348,KDAL,KHOU
2349,KBUR,KSFO
2350,VIDP,VIDN
2351,KRVS,19OK
2352,KSFO,KSAN
2353,CYYZ,CYQB
2354,KSJC,KBUR
2355,KSFO,KPSP
2356,KDET,KPTK
2357,KMSP,KDFW
2358,PANC,KSDF
2359,VHHH,WSSS
2360,RCQC,RCKH
2361,KSJC,KBOI
2362,KLZU,KGVL
2363,KORD,KATL
2364,KMSP,KDCA
2365,CYYZ,CYUL
2366,KDEN,KSJC
2367,KBUR,KOAK
2368,KDFW,KATL
2369,KMSP,KORD
2370,KAPA,K11V
2371,KLAS,KBOI
2372,KDFW,KDAY
2373,KDEN,KFAT
2374,KDEN,KU42
2375,KGEG,KPDX
2376,VTBS,RKSI
2377,YSSY,YPAD
2378,KBUR,KSJC
2379,KMDW,KDCA
2380,KSFO,KBOI
2381,KSEA,KSMF
2382,KDFW,KSDF
2383,KAJO,KEMT
2384,KSFO,KLAS
2385,VOMM,OTHH
2386,KDEN,KSFF
2387,KDEN,KSFO
2388,KF70,KCRQ
2389,KDFW,KPHL
2390,KLAX,KPHX
2391,KDEN,KPDX
2392,KSFO,KPDX
2393,KDEN,KLAS
2394,KMSP,KOMA
2395,KPDX,KSGS
2396,KSEA,KONT
2397,KSAN,KU42
2398,KSFO,KLAX
2399,KLAX,RCTP
2400,VOBL,VEPI
2401,KDFW,KDEN
2402,KLUK,KAPA
2403,KBOI,KSFO
2404,KPDK,KTYS
2405,KLAS,60CO
2406,KORD,KDFW
2407,KBUR,KLAS
2408,KSAN,KSFF
2409,RJOO,RJFF
2410,WSSS,VHHH
2411,KSFO,KONT
2412,KAUS,KSAN
2413,ULMM,ULLI
2414,WMKK,WMKJ
2415,KABQ,NM74
2416,KMIA,SKBO
2417,KORD,EGLL
2418,KAVX,KSNA
2419,OMDB,VIDP
2420,CYYZ,CYOW
2421,KSNA,KLAS
2422,KDFW,KBNA
2423,LTAC,EDDS
2424,KOAK,KO69
2425,KMSP,KPDX
2426,KSJC,KSNA
2427,KBOS,K1B9
2428,KMSP,KLAX
2429,KSEA,KBOI
2430,YPAD,YBBN
2431,VTBS,VIDP
2432,KDFW,KSAN
2433,RJTT,RJOA
2434,KDEN,KORD
2435,54OK,KRVS
2436,KORD,OMDB
2437,KLAX,KSFO
2438,KLAS,K1L3
2439,KOXR,KVNY
2440,KSMF,KPDX
2441,NZNE,NZAR
2442,KDFW,KTYS
2443,KMIA,KPHL
2444,KBNA,KDCA
2445,KSEA,KSFF
2446,VHHH,WSSS
2447,KSFO,KU42
2448,WSSS,YSSY
2449,KBOI,KSEA
2450,RCTP,PANC
2451,KLAX,KSFO
2452,KATL,KSEA
2453,KSJC,KSEA
2454,RCKH,RCWA
2455,KDAL,KSTL
2456,KDEN,KLAX
2457,KMIA,KLAX
2458,KSFO,KU42
2459,KSEA,KPDX
2460,KSBA,KSMO
2461,NZCH,NZRI
2462,ULMM,UUDD
2463,KJFK,EHAM
2464,KDEN,KIAH
2465,KDFW,KOMA
2466,KADS,TA06
2467,RCTP,WSSS
2468,KMSP,KSTL
2469,KDEN,KSBA
2470,KMSP,KSFO
2471,OMDW,EHAM
2472,RCSS,RCWA
2473,KSJC,KSAN
2474,KBOI,04WA
2475,KMIA,KPHX
2476,KDEN,KABQ
2477,VHHH,RCTP
2478,YBAF,YAMB
2479,KAPA,KHOU
2480,KLAS,KSEA
2481,KSJC,KSAN
2482,KATL,KJFK
2483,KDFW,KSPI
2484,RJBB,RJTL
2485,KBUR,KSEA
2486,KDEN,KCOS
2487,KPDX,KSNA
2488,KMIA,LEMD
2489,K1L3,KVGT
2490,RCQC,RCKH
2491,KSAN,KFAT
2492,KDAL,KABQ
2493,KDEN,KBNA
2494,KSFO,KPHX
2495,YSBK,YSCH
2496,KLAS,KBUR
2497,KDEN,MT54
2498,KMSP,KLAS
2499,KORD,KLAS
2500,KDFW,35MN
2501,RJFF,RJOO
2502,KSFO,KSAN
2503,KATL,KORF
2504,KBFI,WT77
2505,KLAS,KABQ
2506,RCTP,VMMC
2507,KIWA,KLAS
2508,KSEA,KSJC
2509,KATL,KSDF
2510,KCRQ,KMHR
2511,CYVR,CYYC
2512,KDEN,KPHX
2513,KSFO,KSNA
2514,ULLI,UUEE
2515,WBKK,WMKK
2516,CYYZ,EGLL
2517,KLAS,KLAX
2518,KDFW,8TS2
2519,KPHX,KSAN
2520,RJFF,RJTL
2521,KRNT,KPAE
2522,KSEA,PANC
2523,KLNS,KLOM
2524,19OK,KRVS
2525,KSFO,50OR
2526,KSFO,KLAX
2527,KDFW,KPHX
2528,KHWV,KFRG
2529,KATL,KBWI
2530,KDEN,KPDX
2531,KSEA,KLAX
2532,KCCR,KPAO
2533,KPAO,63CN
2534,KDFW,KMCI
2535,KATL,KMIA
2536,KDFW,TX03
2537,KEWR,VIDP
2538,CYYZ,KMIA
2539,KPDX,KU42
2540,KDFW,KLAX
2541,KATL,KGYH
2542,KTPA,KDTW
2543,KSAN,KPHX
2544,KPWT,KBFI
2545,KPHX,KSEA
2546,KTOA,KEMT
2547,KDEN,35OR
2548,VOBL,EGLL
2549,KATL,KRSW
2550,KLOU,64KY
2551,KJFK,LFPG
2552,KSFO,KFAT
2553,KSEA,KLAX
2554,ZGSZ,WSSS
2555,RJOO,RJTL
2556,KSAN,60CO
2557,UNEE,UUEE
2558,KATL,KDNN
2559,KORD,EDDM
2560,KDFW,KTUL
2561,KDEN,KABQ
2562,RJAA,RJFF
2563,RJTT,RJFF
2564,KSNA,KSMF
2565,RJBB,RKSI
2566,WSSS,YSSY
2567,KDEN,KBUR
2568,KATL,KMCI
2569,KIAH,KATL
2570,KMSP,KTOB
2571,KBOI,KS78
2572,KDEN,KSMF
2573,RCSS,RCWA
2574,KHQZ,KHOU
2575,RJTT,RJOO
2576,VTBS,VHHH
2577,KRNM,KF70
2578,KATL,KFLL
2579,KLAX,KIAH
2580,VHHH,RPLL
2581,KFAT,60CO
2582,KOKB,KF70
2583,KSTL,KLAX
2584,KSAN,KSEA
2585,KPDX,PANC
2586,OMDB,EHAM
2587,KCNO,KL35
2588,KDEN,KSEA
2589,CZBB,CYCW
2590,KLAX,KVNY
2591,KSFO,KPDX
2592,KDEN,KTUL
2593,KATL,KIAD
2594,RCQC,RCNN
2595,KBOS,OTHH
2596,KATL,KECP
2597,KOAK,KFAT
2598,KSEA,KONT
2599,KLAS,XS89
2600,KATL,KDTW
2601,KSAN,60CO
2602,KPVU,KU77
2603,KDEN,KLAX
2604,YSSY,WSSS
2605,WSSS,VHHH
2606,KATL,35MN
2607,KGPH,KMKC
2608,KPHX,KTPA
2609,KDEN,KSBP
2610,KFLL,KFXE
2611,YHBA,YBBN
2612,KLAS,KSNA
2613,KATL,KHSV
2614,PANC,KLAX
2615,KDEN,KLAS
2616,KOAK,KABQ
2617,KLAX,KSEA
2618,KDEN,KOAK
2619,RPLL,RJFF
2620,KOAK,KBOI
2621,KATL,KTPA
2622,PAMR,PABG
2623,KSEA,KLAS
2624,KDEN,KSJC
2625,KPHX,KBUR
2626,YSWG,YYNG
2627,KSNA,KSEA
2628,KATL,KSTL
2629,KORD,PANC
2630,KLAS,KDFW
2631,LLBG,LTFJ
2632,KATL,KPLR
2633,KDEN,KSNA
2634,KMDW,KSTL
2635,RPLC,RCTP
2636,KOKM,KRVS
2637,KOAK,KLAS
2638,KSJC,KLGB
2639,KPHX,KPDX
2640,KSAN,KSFO
2641,KATL,KLGA
2642,KPDK,K49A
2643,KBOS,LPPD
2644,KADS,TX03
2645,38WA,KPAE
2646,WMKK,RPLL
2647,VIDP,VOBL
2648,KSFO,KPSP
2649,64OR,KHIO
2650,YBBN,YHBA
2651,KDFW,KGOP
2652,KSTL,KOMA
2653,KPDX,KLAS
2654,KLAS,KSNA
2655,35OR,OG05
2656,KSAN,KSFO
2657,PANC,VHHH
2658,ID27,1ID3
2659,KMYF,KVNY
2660,88MN,KFCM
2661,KSEA,KPHX
2662,KATL,KBNA
2663,WMKK,WBKK
2664,YMMB,YMEN
2665,RJTT,RJFF
2666,KVNY,KMYF
2667,KATL,KVPS
2668,WN13,KBVS
2669,KPDX,KBOI
2670,KSEA,60CO
2671,YMHB,YBBN
2672,RJTT,RJOA
2673,OTHH,VHHH
2674,KHIO,19WA
2675,WMKK,WSSS
2676,EFHK,EVRA
2677,SBGR,KIAH
2678,LLBG,LTFJ
2679,CYUL,LFPG
2680,KATL,KBWI
2681,KMCC,KLHM
2682,EDDV,EGNX
2683,KDEN,KBOI
2684,KMIA,KORD
2685,KBOI,KS78
2686,ID23,KCOE
2687,KOAK,KBUR
2688,KSKA,KSEA
2689,KSEA,PANC
2690,VTBS,VHHH
2691,KLMO,KGXY
2692,KJFK,LFPG
2693,LEBL,LEPA
2694,KATL,KLAS
2695,KBFI,WT77
2696,YPAD,YBBN
2697,VHHH,RCTP
2698,KATL,KEWR
2699,YSSY,YSCB
2700,RCTP,PANC
2701,KIAD,EGLL
2702,UKKK,UMMS
2703,KSEA,KLAX
2704,KATL,KSLC
2705,KBFI,KSNA
2706,RCTP,VHHH
2707,KOAK,KLAX
2708,NZRO,NZCH
2709,YSBK,YSCH
2710,KHEF,63PA
2711,KCGZ,KFFZ
2712,KFFZ,AZ00
2713,KSNA,KOAK
2714,EDDV,LEPA
2715,KLAX,KSJC
2716,NZOM,NZWN
2717,OTHH,EGLL
2718,RCKH,RCWA
2719,KIAD,KFRG
2720,KSEA,KSAN
2721,KOAK,60CO
2722,KLAX,KBOI
2723,RJBB,PANC
2724,UWWW,UUEE
2725,KDFW,OK79
2726,KATL,KLAX
2727,KDEN,KSAN
2728,KATL,KRDU
2729,KLAS,KAVQ
2730,KPHX,KU42
2731,KLAX,KOAK
2732,KORD,KSEA
2733,VOBL,VECC
2734,KOAK,KSFF
2735,RCTP,KLAX
2736,YSSY,YBBN
2737,KSEA,KBOI
2738,KATL,EHAM
2739,RJOO,RJTL
2740,54OK,KRVS
2741,CYTZ,CBM2
2742,NZWN,NZCH
2743,KSEA,KSJC
2744,KOAK,KPDX
2745,LEMD,UUEE
2746,PANC,KORD
2747,KSEA,KSAN
2748,KSAN,KPDX
2749,KJFK,EGLL
2750,VHHH,CYYZ
2751,KSJC,60CO
2752,KSEA,CYVR
2753,KAPA,KLMO
2754,EETN,EVRA
2755,KSFO,EGLL
2756,RJTT,RJOO
2757,RCTP,VTBD
2758,ZGSZ,WMKK
2759,KDFW,KMKE
2760,KO69,KOAK
2761,EBLG,LLBG
2762,OMDB,EDDK
2763,KSEA,KPHX
2764,KOAK,KPHX
2765,KATL,24FL
2766,NZTG,NZAR
2767,KLOU,KJVY
2768,KATL,KORD
2769,KPHL,EDDK
2770,RJFF,RJAA
2771,KE16,KRHV
2772,RCTP,PANC
2773,WMKJ,WBKK
2774,KMIA,MROC
2775,RCTP,VMMC
2776,KSMF,KBUR
2777,KPHX,KABQ
2778,KSEA,KSFO
2779,RPLL,VHHH
2780,KMSP,KSEA
2781,UT08,KU14
2782,KLGB,KOAK
2783,KPHX,KOAK
2784,KJWN,KM54
2785,RCTP,WSSS
2786,93OK,KRVS
2787,RPLL,RCTP
2788,KSFO,KLAX
2789,RJFF,RJTL
2790,KSAN,KSJC
2791,YSCH,YSSY
2792,KOAK,KSLC
2793,KLAS,KSFO
2794,WBKK,WMKK
2795,KPHL,3PA9
2796,KSFO,KSAN
2797,KSJC,KPDX
2798,WA69,KS50
2799,KSNA,KPHX
2800,RJBB,PANC
2801,KSMF,KSNA
2802,KLAS,KSMF
2803,RJTT,RJFF
2804,KPHX,KSNA
2805,KSEA,KLAS
2806,KDEN,KSFO
2807,KLAX,KPDX
2808,CYXX,CZBB
2809,EETN,EFHK
2810,VOMM,OMAA
2811,KJFK,LTBW
2812,LLBG,UKBB
2813,KSFO,KBUR
2814,KSEA,KPDX
2815,KPHX,KSFO
2816,NZHN,NZWN
2817,KSAN,KSMF
2818,KSEA,KSFO
2819,VIDP,OTHH
2820,KORD,LTBW
2821,KOAK,KSEA
2822,KLAX,KSEA
2823,KLGB,KCPM
2824,RCTP,EHAM
2825,VHHH,RCTP
2826,KSMF,KSAN
2827,NZOM,NZWN
2828,PANC,KSEA
2829,KSEA,KLAS
2830,KDVT,KCGZ
2831,WN92,KCOE
2832,KDEN,KDFW
2833,KPOC,KTOA
2834,KLAX,PANC
2835,KLAS,KPDX
2836,WSSS,VOMM
2837,EDDF,LEPA
2838,UKBB,EDDF
2839,KLAX,KDFW
2840,KLAX,KPDX
2841,VIDP,OTHH
2842,ULMM,UUDD
2843,KJFK,KORD
2844,YSTW,YSSY
2845,ULLI,UUEE
2846,KSLR,KADS
2847,OR28,KTMK
2848,LGAV,EHAM
2849,KLAS,KOAK
2850,UUEE,ULLI
2851,EDDP,LIMC
2852,RCTP,VHHH
2853,YSSY,YWLM
2854,EHAM,LEMG
2855,KLAX,60CO
2856,KSFO,KSEA
2857,LROP,EBCI
2858,WMKK,WSSS
2859,RJTT,RJOM
2860,KCMA,KSMX
2861,VHHH,WSSS
2862,UKKK,EPKK
2863,EHAM,LEIB
2864,KPAE,WA69
2865,NZCH,NZWN
2866,RCKH,RCWA
2867,VOBL,VECC
2868,KFFZ,KPAN
2869,RJFF,RCTP
2870,VOMM,OTHH
2871,RJTT,RJOO
2872,CYYZ,EPWA
2873,NZWN,NZPN
2874,KDFW,KIAH
2875,KLAX,KSEA
2876,98OK,KTUL
2877,KSNA,60CO
2878,WMKK,WBKK
2879,KLAX,KPHX
2880,RJBB,RJFF
2881,KBFI,KSDF
2882,KFFZ,KAVQ
2883,YDAR,YCBG
2884,UNEE,UUWW
2885,RJFF,RJTT
2886,KBWI,KSTL
2887,OMDB,EIDW
2888,KN51,KTTN
2889,LROP,EDDF
2890,RJOO,RJTL
2891,RCKH,RCWA
2892,KABQ,KAPA
2893,RCNN,RCWA
2894,VECC,VOBL
2895,KMGW,WV65
2896,RJFF,RJTT
2897,RJTT,RJBB
2898,UKKK,EPWA
2899,RCSS,RCWA
2900,LTBA,EDDF
2901,RJBB,RKSI
2902,KFFZ,AZ00
2903,YMML,YPAD
2904,KPDX,KSEA
2905,KLAX,KSJC
2906,ZGSZ,ZUCK
2907,SKBO,KMIA
2908,KDEN,KORD
2909,EPGD,EPWA
2910,YPPF,YLYK
2911,LPPT,SBKP
2912,KJFK,OMDB
2913,KSFO,VIDP
2914,WSSS,RKSI
2915,VHHH,YMML
2916,KATL,EDDF
2917,VHHH,VHSK
2918,KLAX,OMDB
2919,EVRA,EDDF
2920,WSSS,VOBL
2921,KPDX,KLAX
2922,YBAF,YWSG
2923,KLAS,KSLC
2924,RJTT,RJFF
2925,KBDN,35OR
2926,KOAK,KSNA
2927,LGAV,LIRF
2928,OMDB,LEMD
2929,KPDX,KSMF
2930,KHSV,KPDK
2931,KDFW,EBBR
2932,EPPO,EPWA
2933,PANC,KSDF
2934,YSWG,YSSY
2935,KDEN,35MN
2936,KLAS,KSNA
2937,KSAN,KLAS
2938,KPDX,35OR
2939,KMIA,MGGT
2940,YWLM,YBBN
2941,KSJC,KSNA
2942,WBKK,WMLU
2943,KMYF,KTOA
2944,LTAC,LTFJ
2945,OMDB,EGCC
2946,VOMM,VIDP
2947,PANC,RCTP
2948,EFHK,EDDF
2949,KU14,UT08
2950,OBBI,LTBW
2951,LTAC,LTFJ
2952,RJTT,RJOM
2953,KSAN,KOAK
2954,KPHL,EDDK
2955,KSNA,KCRQ
2956,KRVS,03OK
2957,KLAX,KPHX
2958,LGRP,LGAV
2959,YBBN,YPAD
2960,LEBL,EGMC
2961,VOBL,VIDN
2962,VIDP,VOBL
2963,KLAX,KSFO
2964,KSEA,KSJC
2965,PANC,KSEA
2966,OMSJ,OPMT
2967,RJFF,RJBB
2968,KALB,KHPN
2969,LTFJ,LTAC
2970,KSEA,PANC
2971,EPKK,EPWA
2972,LROP,LSZM
2973,KLAS,KBUR
2974,KJFK,LLBG
2975,KLAX,EGLL
2976,KMIA,KSDF
2977,KRDU,KPGV
2978,KSEA,KLAX
2979,KSAN,KBOS
2980,VIDP,VOBL
2981,KSFO,KSEA
2982,YBBN,YPAC
2983,RJBH,RJOA
2984,KMIA,SBGR
2985,KBFI,KSDF
2986,4WA9,KPWT
2987,KPHL,KPTW
2988,EGNX,EDDP
2989,NZHN,NZCH
2990,OMDB,EGLL
2991,KIAD,KBUY
2992,KLAX,KSEA
2993,VTBS,RCTP
2994,KFFZ,KAVQ
2995,OMDB,LEMD
2996,YSCB,YSSY
2997,PANC,KORD
2998,NZWN,NZCH
2999,RJFF,RJAA
3000,VOMM,VIDP
3001,KSNA,KCMA
3002,IL78,KGYY
3003,KSNA,KCMA
3004,RJTT,RJFF
3005,EFHK,EKCH
3006,KOAK,KLAS
3007,YHBA,YBMC
3008,KPHX,00AZ
3009,KLAX,KSJC
3010,RJOA,RJTT
3011,YSSY,YBBN
3012,RJTT,RJFF
3013,VIDP,LOWW
3014,KRVS,2OK4
3015,KVGT,KU08
3016,KTOA,KPOC
3017,EDDB,LEMG
3018,CA66,KPAO
3019,YGYM,YCDR
3020,KLAS,KSEA
3021,OTHH,WSSS
3022,KORD,ELLX
3023,LEPA,LEIB
3024,ZGSZ,ZUCK
3025,VIDP,OMSJ
3026,KLAX,KSLC
3027,LTBA,EDDF
3028,LOWW,ELLX
3029,KPDK,KTEB
3030,LOWW,LEMD
3031,KLAX,KSFO
3032,YBCG,YSSY
3033,KMZJ,KFFZ
3034,LPPT,EHAM
3035,LEMD,EHAM
3036,EFHK,EHAM
3037,EDDK,LEPA
3038,LKPR,EGSS
3039,NZWN,NZPN
3040,EDDS,LPPT
3041,KSEA,KPDX
3042,LFPO,LPFR
3043,KE16,KRHV
3044,YSCH,YSBK
3045,LKPR,LIRA
3046,ULMM,ULLI
3047,LOWW,LIRF
3048,KATL,KORD
3049,VHHH,PANC
3050,RJAA,RJFF
3051,WBKK,WMKK
3052,OTHH,VHHH
3053,EDDK,LEPA
3054,EDDB,LPPR
3055,LOWW,LEMD
3056,VIDP,VECC
3057,EDDM,LEPA
3058,LROP,EGSS
3059,EDDK,LIMC
3060,LIPZ,EHAM
3061,LFKJ,LFPO
3062,PANC,KORD
3063,EPWA,LIRF
3064,LHBP,LIMC
3065,OMDB,RCTP
3066,EGNX,EDDK
3067,EKBI,EHAM
3068,KLAX,KLAS
3069,EDDL,LEPA
3070,KLAX,KSMF
3071,LEMD,LFPG
3072,EDDT,LFPG
3073,KMIA,SKMA
3074,LKPR,EHAM
3075,EBBR,LEMG
3076,KORD,ELLX
3077,EDDS,LEPA
3078,LIMC,LICZ
3079,OMAA,LSGG
3080,EPWA,EGGW
3081,RJAA,RCTP
3082,LSGG,EIDW
3083,LOWW,LIMC
3084,LIPE,EHAM
3085,EDDK,EGNX
3086,RJOO,RJTT
3087,NZCH,NZWN
3088,KPDX,KOAK
3089,KDEN,KSEA
3090,KPDX,KBDN
3091,KSEA,KSAN
3092,KSFO,KLAX
3093,LFBD,LFPG
3094,LSZM,LFBD
3095,RJFF,RJOO
3096,LSGG,LICZ
3097,EPKK,EGGW
3098,EKCH,EHAM
3099,KSEA,KBOI
3100,EDDT,LFPG
3101,EPGD,EDDH
3102,KOAK,KHWD
3103,RJTT,RJFF
3104,WMKK,RCTP
3105,LFBD,EHAM
3106,KSEA,KGEG
3107,EDDH,LEPA
3108,ESSA,LFPG
3109,LKPR,LEMG
3110,EDDT,EHAM
3111,LSGG,LPPR
3112,EDDK,LDZA
3113,LOWW,LEMG
3114,EDDL,LEIB
3115,LFML,LFPG
3116,RCSS,RCFG
3117,RCQC,RCKH
3118,LIPZ,LFPG
3119,ULLI,UUWW
3120,KLAX,KSNA
3121,EBBR,EHAM
3122,LEBL,LIRF
3123,EDDW,EHAM
3124,YSSY,VHHH
3125,VOBL,VIDP
3126,KDEN,KLAS
3127,UUEE,ULMM
3128,LSZM,LEAL
3129,RJFF,RJTT
3130,EDDM,LEPA
3131,LHBP,LEBL
3132,OMDB,LEBL
3133,ESSA,LEPA
3134,ENGM,EKCH
3135,EDLW,LEPA
3136,KCPM,KLGB
3137,KSEA,KLAX
3138,ELLX,EHAM
3139,OMDB,EHAM
3140,EPWA,LHBP
3141,EDDL,EDDS
3142,VHHH,VTBD
3143,NZRO,NZWN
3144,YSSY,VHHH
3145,LEPA,LSGG
3146,VOMM,WMKK
3147,RJTT,RJOF
3148,RCKH,RCWA
3149,LGAV,EDDF
3150,LROP,LEMD
3151,YWLM,YSSY
3152,EDDH,LEPA
3153,KSEA,KBOS
3154,LEPA,EDDH
3155,KDFW,KPHX
3156,RJOA,RJTT
3157,LIPE,LEMD
3158,LEBL,LFPG
3159,EDDB,LEBL
3160,KFRG,KIAD
3161,KPDX,KSEA
3162,EFHK,EETN
3163,KPHL,KLOM
3164,RCSS,RCWA
3165,KSEA,KBOI
3166,EDDL,LPFR
3167,LSGG,LFBD
3168,LEMD,EGSS
3169,KLAS,KOAK
3170,VIDP,VOBL
3171,OMDB,EBBR
3172,RJFF,RJTT
3173,LFRS,LFPG
3174,RJTT,RJOA
3175,VOMM,VIDP
3176,LHBP,EGGW
3177,VHHH,WSSS
3178,PANC,RKSI
3179,KJFK,EHAM
3180,KSEA,MT54
3181,KSAN,KEWR
3182,EDDB,EGSS
3183,KVNY,KWHP
3184,LEBL,EHAM
3185,EPKT,EDLW
3186,LEAL,EGSS
3187,LHBP,EDDF
3188,YSSY,RKSI
3189,EKCH,LFPG
3190,CYVR,CAM3
3191,KATL,KDFW
3192,VOMM,VIDP
3193,EDDT,LEMG
3194,VIDP,VOMM
3195,YCVG,YPPF
3196,LIRF,LIMC
3197,EPGD,EFTU
3198,LEPA,EDDG
3199,LOWW,LIMC
3200,LIPX,LICZ
3201,EDDB,LIRA
3202,VTBS,EHAM
3203,WBKK,WMKK
3204,RJBB,RCTP
3205,LKPR,LEMD
3206,EDDL,LEPA
3207,EKYT,EHAM
3208,EPKT,EGGW
3209,LEMG,EHEH
3210,ESSA,EKCH
3211,LIMC,LFPG
3212,LEMD,UKBB
3213,LEBL,EGSS
3214,LEMD,EDDP
3215,LSZM,EHAM
3216,RJTT,RJFF
3217,LEPA,LEMD
3218,KMYF,KVNY
3219,LHBP,EBCI
3220,KONT,KAFW
3221,ESSA,EDDF
3222,OTHH,LEMD
3223,OMDB,LFPG
3224,RJTT,RJBB
3225,UUDD,ULLI
3226,OMDB,LSGG
3227,OMDB,EDDF
3228,OTHH,EGLL
3229,ZGSZ,ZUCK
3230,LHBP,EHEH
3231,OMDB,UUEE
3232,EPGD,ENGM
3233,LIPE,LIBR
3234,LEPA,LEBL
3235,KLAX,KEWR
3236,KHYI,KSSF
3237,EPGD,EHAM
3238,LOWW,LIRF
3239,EFHK,EFOU
3240,OTHH,RPLL
3241,7PN0,KXLL
3242,RCTP,PANC
3243,ENGM,EHAM
3244,ENUL,EHAM
3245,EVRA,LFPG
3246,KDEN,KBTF
3247,KLAS,KBOS
3248,YPAD,VHHH
3249,LIME,EDDK
3250,PANC,RKSI
3251,YSSY,KSFO
3252,OTHH,LEBL
3253,ENGM,LEBL
3254,LHBP,LGAV
3255,CZBB,CYCW
3256,KPDX,KPHX
3257,YMAV,YSSY
3258,KSEA,KSFO
3259,LIPE,LICJ
3260,RJOO,RJTT
3261,EPWA,EBCI
3262,VECC,VOBL
3263,ESSA,EHAM
3264,LFBO,EHAM
3265,EBCI,LIRA
3266,KOFK,KOMA
3267,LIPZ,EDDF
3268,EDDL,LEPA
3269,YBBN,YSCB
3270,LHBP,EGCC
3271,RJBB,RCTP
3272,OMDB,EKCH
3273,KBDN,OG05
3274,UUEE,EHAM
3275,KBFI,KYKM
3276,LIME,EGSS
3277,LEZL,LEBL
3278,ESSA,LEMG
3279,EFHK,EDDL
3280,LHBP,EGSS
3281,EBCI,LIME
3282,ENGM,EDDF
3283,LOWW,ESSA
3284,LIMF,LIRF
3285,KCGZ,KDVT
3286,EPKK,EHAM
3287,LEBL,LFOB
3288,LSZM,EDDT
3289,OTHH,LHBP
3290,LIPE,EDDM
3291,EFHK,LFPG
3292,LIEE,LIRF
3293,EFHK,ESSA
3294,VTBS,LTBW
3295,EHAM,LEMG
3296,NZCH,NZWN
3297,LIMC,LEBL
3298,EBCI,EPKK
3299,NZTG,NZAR
3300,EDDL,LEAL
3301,YWSL,YBNS
3302,VHHH,OTHH
3303,NZAA,NZGB
3304,LZIB,EIDW
3305,OMDB,KIAD
3306,KSEA,KBOS
3307,KDEN,KSAN
3308,RJTT,RJFF
3309,NZCH,NZWN
3310,EKAH,EKCH
3311,EDDK,EGCC
3312,RJFF,RJAA
3313,KILN,KSEA
3314,LEMD,LIRA
3315,KSEA,PANC
3316,LIRA,EDFH
3317,NZWN,NZCH
3318,LEAL,EGNM
3319,LIME,LEMD
3320,LIML,LIEE
3321,LPPT,LFPG
3322,LLBG,LSZH
3323,LIEE,LIML
3324,LKPR,EBCI
3325,KSEA,KPDX
3326,EPMO,EGPH
3327,EKCH,EDDF
3328,KSMO,KPOC
3329,EBCI,LEMG
3330,RJTT,RJOO
3331,RPLL,OBBI
3332,KSEA,CYVR
3333,YSEN,YPJT
3334,EIDW,EHAM
3335,LEMD,LEIB
3336,LIRF,LFPG
3337,LEZL,LEBL
3338,KMIA,SAEZ
3339,LFPO,LPFR
3340,EFHK,LSZH
3341,OBBI,OMDB
3342,OMDB,WMKK
3343,KBFI,KBOI
3344,KMZJ,KFFZ
3345,EDDK,LOWK
3346,VIDP,VECC
3347,LEBL,LEIB
3348,LIRF,LEMG
3349,KLAX,EGLL
3350,LIMC,LEMG
3351,NZGB,NZAA
3352,OTHH,EGCC
3353,EPPO,EIDW
3354,UUDD,UWKD
3355,EFHK,EBBR
3356,LIRF,EHAM
3357,KSEA,KGEG
3358,EDDL,LEMG
3359,OMDB,KJFK
3360,LEPA,LEMD
3361,EDDT,LGAV
3362,EPKT,EDLW
3363,EVRA,EFHK
3364,LOWW,EGLL
3365,LFPO,LPPR
3366,EBCI,LOWW
3367,KCMA,KVNY
3368,KLAS,KPDX
3369,EFHK,EDDF
3370,LMML,LFPG
3371,KEWR,KSDF
3372,LTAC,LTBW
3373,EGKK,LGAV
3374,EPWA,EDDF
3375,KILN,KIAH
3376,EDDF,LEBL
3377,LSZM,LPPR
3378,LIPE,EGSS
3379,RCTP,WMKK
3380,WMKK,VHHH
3381,EGKK,LEAL
3382,EBCI,LFML
3383,LIEA,LIRF
3384,KHPN,KSWF
3385,LEBL,EDDF
3386,EPWA,LIRF
3387,LEPA,LFPO
3388,LEPA,LEBL
3389,LEMD,LEMH
3390,PANC,RJBB
3391,EDDT,EDDF
3392,RJTT,RJFF
3393,EDDF,LEPA
3394,LSZH,EHAM
3395,KLAS,KLAX
3396,KSAC,KTVL
3397,RCTP,RJAA
3398,KSEA,KBLI
3399,OTHH,ENGM
3400,LTFJ,EGSS
3401,EPMO,EHEH
3402,LIME,ESKN
3403,LIPZ,LIRF
3404,RJFF,RJAA
3405,EDDF,LPPR
3406,RPLL,RCTP
3407,KAVQ,KFFZ
3408,OMDB,LKPR
3409,OMDB,KLAX
3410,OTHH,LFPG
3411,WSSS,VHHH
3412,KSEA,35OR
3413,EGGP,LEPA
3414,YSSY,OMDB
3415,RJFF,RJTT
3416,LIRF,LFPO
3417,KMZJ,KFFZ
3418,EDDL,LEPA
3419,EPKK,EGSS
3420,EBBR,EDDF
3421,LIMC,EHAM
3422,LFBD,EIDW
3423,EVRA,EPWA
3424,VTBS,RCTP
3425,OMDB,EDDM
3426,EFHK,LIMC
3427,LIRF,LMML
3428,YPMQ,YSSY
3429,EGGW,LEMG
3430,EHEH,LEAL
3431,KJFK,OTHH
3432,EDDW,EDDF
3433,LIEA,LIML
3434,EDDV,EDDF
3435,OMDB,VIDP
3436,KSEA,KSMF
3437,OTHH,EKCH
3438,KILN,KPHX
3439,LIML,LIRF
3440,EGCC,EHAM
3441,UUEE,LTBW
3442,PANC,KMIA
3443,KO61,KAUN
3444,LSGG,EDDF
3445,OTHH,LTBW
3446,EHRD,LEAL
3447,EFHK,EGLL
3448,EFHK,EVRA
3449,LIMC,LICJ
3450,KVGT,NV98
3451,YSSY,YSWG
3452,KILN,KATL
3453,LFPO,LICJ
3454,UUDD,ULLI
3455,EGSS,EPMO
3456,EGNT,EHAM
3457,EGGW,LEAL
3458,LEMG,GEML
3459,EDDS,LEPA
3460,EPKT,UKBB
3461,VTBS,EGLL
3462,EGAA,LEMG
3463,EKYT,EKCH
3464,LEBL,LEZL
3465,LEIB,LEBL
3466,EGBB,LEMG
3467,ESSA,LEAL
3468,KORD,PANC
3469,EGSS,ESOW
3470,KMIA,SKBO
3471,RCSS,RCWA
3472,LIML,LIEE
3473,KSEA,KYKM
3474,KLAX,KATL
3475,PANC,RKSI
3476,KILN,KDEN
3477,OMDB,LSZH
3478,EGKK,LEPA
3479,LSZH,EGLL
3480,LEBL,LFPO
3481,KMDQ,KPDK
3482,RJFF,RJBB
3483,EGSS,LEPA
3484,LEBL,LIPZ
3485,LFPG,LPPT
3486,OTHH,KLAX
3487,LEMH,LEPA
3488,EDDF,LICZ
3489,WMLU,WBKK
3490,LEPA,EDDM
3491,LIMC,LIBD
3492,LOWW,LFPG
3493,EDDM,EHAM
3494,OTHH,EHAM
3495,LIML,EDDF
3496,LFPG,EPKK
3497,OMDB,SBGR
3498,EGNX,EGAA
3499,VHHH,RKSI
3500,RJOO,RJTT
3501,EDDM,EDDF
3502,RJFF,RJTT
3503,EGCC,EDDF
3504,0GA4,KLZU
3505,OTHH,EDDF
3506,KPWK,KOSU
3507,LPPR,ELLX
3508,LIMC,LIEE
3509,LFKF,LFML
3510,VOBL,VHHH
3511,RJBB,RJAA
3512,EGSS,LEMG
3513,LFPG,EDDF
3514,VHHH,RCTP
3515,KPVU,KU42
3516,LEMD,LEMG
3517,LEMD,LEPA
3518,EGGW,EYKA
3519,EKCH,EDDM
3520,LRSB,EDFH
3521,KILN,KAKH
3522,OTHH,KDFW
3523,LEMG,LEPA
3524,RJFF,RJTT
3525,LFPO,LFKF
3526,EGKK,LEPA
3527,LEPA,LSZM
3528,KDEN,KLAS
3529,EVRA,EDDF
3530,ULLI,UUWW
3531,LEBL,LEPA
3532,EPKT,EHEH
3533,KAPA,KFCM
3534,EGPF,EHAM
3535,OTHH,LIMC
3536,KFFZ,KAVQ
3537,WMKK,WBKK
3538,7OR7,KTTD
3539,OMDB,OPMT
3540,LIPE,LIRF
3541,KSBD,KEMT
3542,LFPG,LIPZ
3543,LGAV,EGLL
3544,KOAK,KVNY
3545,EETN,EFHK
3546,EFHK,LOWW
3547,EIDW,LEBL
3548,LMML,LOWW
3549,ULLI,UUEE
3550,KLAX,KJFK
3551,ENGM,LEAL
3552,EHAM,LJLJ
3553,EDDH,EDDF
3554,WSSS,YMML
3555,LOWW,EHAM
3556,OTHH,ELLX
3557,LEMD,ELLX
3558,EICK,EGSS
3559,RJBB,RJTT
3560,LEBL,EHAM
3561,LOWW,LGAV
3562,EDDK,KSDF
3563,RCSS,RCFG
3564,EGPH,LPPT
3565,LEIB,LEPA
3566,LFPO,LPPT
3567,LSGG,EHAM
3568,OTHH,EDDM
3569,WSSS,RCTP
3570,RJTT,RJOO
3571,KSFO,KPHL
3572,LEPA,EDDN
3573,LEBL,LEMG
3574,EGGP,LEMG
3575,EHEH,LPFR
3576,LIMC,EGSS
3577,EDDF,ESSA
3578,EDDH,EDDM
3579,KMIA,SKBO
3580,EGCC,LMML
3581,LFPO,LGAV
3582,KMSP,KBNA
3583,OMDB,LOWW
3584,OTHH,LKPR
3585,EIDW,LEMD
3586,OMDB,RPLL
3587,KSEA,KPHL
3588,LLBG,LFPG
3589,LYBE,LSZH
3590,EFHK,EGCC
3591,LTBA,LLBG
3592,EVRA,EETN
3593,LEBL,LIRF
3594,KMIA,SKMA
3595,LMML,EGGD
3596,KU42,KU77
3597,LPPT,ELLX
3598,UUEE,UWKD
3599,KSEA,KBWI
3600,KLAX,KJFK
3601,KMIA,EHAM
3602,KORD,KJFK
3603,EGSS,LFMK
3604,LOWW,EGSS
3605,NZHN,NZWN
3606,EGCC,EBCI
3607,LSGG,LFPG
3608,KVNY,KSNA
3609,EGNX,LIMC
3610,LIPE,LIEE
3611,LLBG,EDDF
3612,EGSS,LIPZ
3613,EPWA,UKKK
3614,LSZH,EDDH
3615,RJFF,RJTT
3616,LEPA,EDDV
3617,EIDW,KIAD
3618,LFPG,LIPE
3619,LIMC,LICZ
3620,RCSS,RCFG
3621,EDDF,LEBL
3622,LPPT,EDDM
3623,RCTP,RKSI
3624,WMKK,WBKK
3625,YPAD,YPPH
3626,LFPG,EDDH
3627,LSZH,EHAM
3628,EGKK,LEMP
3629,LPPR,LEMD
3630,LEMG,EIDW
3631,OTHH,LGAV
3632,EDDL,LGAV
3633,YHBA,YBBN
3634,EIDW,EGCC
3635,LIEE,LIRF
3636,LFPG,EHAM
3637,LOWW,LSGG
3638,LEMD,LPPT
3639,EHAM,LPFR
3640,EGLL,LFPG
3641,EPWA,EHAM
3642,LIRF,LIPE
3643,YPAD,YMML
3644,KLAX,PANC
3645,EGCC,LEMG
3646,KMYV,KSAC
3647,UUEE,ULLI
3648,OTHH,ESSA
3649,KSEA,KJFK
3650,LPPR,LEBL
3651,EGSS,EDDH
3652,KFBG,KIGX
3653,EGNP,EIDW
3654,EPWA,EDDL
3655,WMKK,WSSS
3656,LSZH,EDDT
3657,KHWD,KOAK
3658,KPHX,KSEZ
3659,NZTG,NZWN
3660,EKAH,ENGM
3661,LEMD,LEBL
3662,EIDW,EGKK
3663,LFPG,LFBO
3664,KLAX,VHHH
3665,EDDM,EDDL
3666,EPKK,EGGW
3667,KORD,EHAM
3668,FAGM,FACT
3669,LEMG,LPPT
3670,KSEA,KPDX
3671,LROP,LEMD
3672,LSGG,EHAM
3673,LSZH,EPKK
3674,EDDL,LEBL
3675,LEBL,LPPT
3676,LIME,LPPT
3677,LFPG,GMMN
3678,EGGW,LMML
3679,KSEA,KATL
3680,LPPR,LSGG
3681,LEMD,LFBO
3682,LFPO,LPPT
3683,LIRA,EPKK
3684,LOWW,EDDF
3685,RCTP,VHHH
3686,LFPG,LEBL
3687,EGCC,LEBL
3688,KSAN,KATL
3689,OTHH,KJFK
3690,LFPO,LEBL
3691,EDDF,LEMG
3692,LSZH,LSGG
3693,LEMD,EGBB
3694,KLAX,KPHL
3695,KPDX,KATL
3696,LPPR,EGSS
3697,EHAM,LEMG
3698,EGLL,EHAM
3699,EBBR,EGCC
3700,KSFO,KIAH
3701,LFPO,LIMC
3702,ULLI,ULMM
3703,LFPG,LFNR
3704,LEPA,EDDG
3705,KVNY,KLAS
3706,LHBP,LFPG
3707,LEBL,LEMD
3708,OTHH,LHBP
3709,LFPO,LPPT
3710,EGKK,LMML
3711,VHHH,UUEE
3712,YSSY,YMML
3713,LFPG,LKPR
3714,KSFO,KJFK
3715,EPWA,EGLL
3716,KPDK,KBNA
3717,LPFR,EHEH
3718,VMMC,RCTP
3719,OTHH,LIRF
3720,EGPH,LEBL
3721,OMDB,UKBB
3722,NZWN,NZCH
3723,KMDQ,KPDK
3724,LROP,LEBL
3725,EDDF,LIRF
3726,LEMD,LEIB
3727,VIDP,OTHH
3728,RCTP,VTBD
3729,EKBI,LFPG
3730,LSGG,LEMG
3731,LOWW,EDDT
3732,OMDB,LIRF
3733,EPWA,LSGG
3734,LEBL,LEIB
3735,LGAV,LGRP
3736,KSFO,KMIA
3737,LEBL,EGKK
3738,EHAM,LOIR
3739,LSZH,LFPG
3740,LPPT,LFOB
3741,LEAL,EHAM
3742,RCQC,RCNN
3743,NZCH,NZWN
3744,RCKH,RCWA
3745,KSFO,35OR
3746,NZWN,NZRI
3747,VOMM,VECC
3748,LFPG,LGAV
3749,LGAV,LIRF
3750,EDDF,LEPA
3751,PANC,KMSP
3752,KYKM,KBFI
3753,EPWA,EPGD
3754,KMIA,EHAM
3755,EGLL,EDDF
3756,YBNS,YMMB
3757,NZWN,NZPN
3758,YSSY,YSCH
3759,EDDH,LEIB
3760,RCTP,RPLL
3761,KPHL,KPTW
3762,KBOS,KMVY
3763,OTHH,KORD
3764,VOBL,VOTP
3765,EGGW,LPFR
3766,EGPH,EPKK
3767,LEMD,EGKK
3768,LGAV,EDDM
3769,LPPT,LSZH
3770,OTHH,EFHK
3771,EPKK,EPGD
3772,EGSS,LIRZ
3773,LFPG,LFBD
3774,LSZH,LKPR
3775,CYVR,CYYZ
3776,UUWW,ULLP
3777,PANC,VHHH
3778,EHRD,LPFR
3779,LGAV,EDDT
3780,LIML,LFPG
3781,RPLL,OMDB
3782,EIDW,EHAM
3783,EGSS,LEJR
3784,LTFJ,LTAC
3785,KSFO,KJFK
3786,LOWW,LSZH
3787,UUDD,ULLP
3788,KLAX,KEWR
3789,LDZA,EDDF
3790,WSSS,RCTP
3791,UUEE,UWKD
3792,PANC,KLAX
3793,EIDW,LIRA
3794,ENGM,LHBP
3795,EGSS,EETN
3796,LEBL,LIMC
3797,EGGW,LEMG
3798,KJFK,ELLX
3799,LTFJ,EGSS
3800,KABQ,KSAF
3801,LGAV,LEBL
3802,EDDH,EPGD
3803,LEZL,LPPT
3804,OMDB,CYYZ
3805,ULLI,EVRA
3806,EDDF,EGLL
3807,KDEN,KPHL
3808,EGGD,LEAL
3809,LSZH,LPPR
3810,VHHH,PANC
3811,EDDL,LTFJ
3812,EGSS,LOWS
3813,LEAL,LIRF
3814,EPWA,ENGM
3815,PANC,KMSP
3816,LPPT,EDDF
3817,OTHH,CYUL
3818,LTAC,LTFJ
3819,ZGSZ,RKSI
3820,EGGD,LPPT
3821,LEPA,EDDS
3822,UUWW,UWKD
3823,KLAS,KSNA
3824,LSZH,EDDF
3825,WBKK,WMKJ
3826,KDVT,KPAN
3827,LIML,LIMC
3828,EDDF,UKBB
3829,RCTP,VHHH
3830,LPFR,EGCC
3831,VOBL,VECC
3832,LEPA,EDDN
3833,OTHH,ENGM
3834,KLAS,K61B
3835,EKCH,BIKF
3836,LIMC,EDDK
3837,RCSS,RCFG
3838,RJTT,RJFF
3839,EHAM,LHBP
3840,EDDF,CYYZ
3841,LPMA,LPPT
3842,EHEH,LEMG
3843,EINN,EGSS
3844,LEBL,LIQL
3845,VHHH,WMKK
3846,ESMS,ESSA
3847,OTHH,KIAD
3848,LFPG,LPPT
3849,EDDF,ESGG
3850,EVRA,UUWW
3851,YMEN,YBNS
3852,VTBS,EGLL
3853,KSEA,KDTW
3854,LEPA,EDDG
3855,LEPA,EDDV
3856,LTFJ,LFPG
3857,EGGP,LPFR
3858,LFPG,DAAG
3859,EGGW,LEMG
3860,EFOU,EFHK
3861,KSEA,KGEG
3862,LFST,LFML
3863,OMDB,KORD
3864,KJFK,PANC
3865,YMEN,YBNS
3866,WMKK,WBKK
3867,EKCH,EGLL
3868,OMDB,LIMC
3869,OTHH,LOWW
3870,EGSS,UKBB
3871,EKCH,ENGM
3872,LEPA,LEMD
3873,KSEA,KPDX
3874,KMIA,SKMA
3875,KVGT,K61B
3876,VHHH,RCTP
3877,ENGM,ENVA
3878,EDDF,KORD
3879,LKPR,EKCH
3880,LFPG,LIML
3881,EHAM,LFPG
3882,KSFO,KEWR
3883,OEDF,OERK
3884,YSSY,YBBN
3885,PANC,KORD
3886,RCTP,KLAX
3887,EGGP,EGAA
3888,LHBP,EDLW
3889,ENGM,EGPH
3890,EDDF,EPKK
3891,GA53,K9A1
3892,PANC,KSDF
3893,EGGP,LEAL
3894,EFHK,EDDM
3895,LGAV,LGKO
3896,EKCH,ESSA
3897,RJTT,RJFF
3898,YBBN,YSSY
3899,LEPA,EDDF
3900,LTFJ,EHAM
3901,LEBL,LEPA
3902,LPPT,LSZM
3903,CYXX,CZBB
3904,VOBL,VOMM
3905,EIDW,EHAM
3906,ESSB,ESSN
3907,LMML,EGLL
3908,LFPG,LPPR
3909,LHBP,EPWA
3910,PANC,KSEA
3911,KLAX,KDTW
3912,YBBN,YSCB
3913,EDDT,LEPA
3914,EKCH,ENUL
3915,LPPT,LPMA
3916,LEMD,LPPR
3917,KSFO,RPLL
3918,EGCC,EHEH
3919,LPFR,EGSS
3920,EIDW,LFPG
3921,EKCH,EFHK
3922,KDEN,KEWR
3923,KSEA,KORD
3924,YCVG,YPPF
3925,LIRA,EGLF
3926,EGKK,ESSA
3927,KORD,71KY
3928,EKCH,EDDL
3929,RJFF,RJTT
3930,OTHH,LSZH
3931,LIRF,EGLL
3932,KJFK,EDDF
3933,RJTT,RJOM
3934,ENGM,LEAL
3935,ULLI,UUWW
3936,PANC,VHHH
3937,LIRA,LKPR
3938,RJTT,RJFF
3939,EKCH,LEMG
3940,RJFF,RJTT
3941,RJOA,RJTT
3942,RCSS,RCWA
3943,DAAG,LFPG
3944,PANC,RJBB
3945,LEMG,EGCC
3946,LTAC,LTFE
3947,KLAS,KMIA
3948,LEBL,LIRF
3949,KSFO,KDTW
3950,LIMC,EGGW
3951,RPLL,WSSS
3952,LGAV,EGLL
3953,YMML,YSCB
3954,LIML,LICZ
3955,LPPD,LPPT
3956,EGLL,LFML
3957,EPWA,EKCH
3958,YSSY,OMDB
3959,RJTT,RJOO
3960,EDDF,LOWG
3961,LEPA,LEIB
3962,KLAS,KATL
3963,OMDB,VIDP
3964,LDZA,EDDK
3965,LIMC,EGLL
3966,EDDF,EBBR
3967,LFPG,OTHH
3968,RJTT,RJOO
3969,KLAX,YMML
3970,KSEA,KDFW
3971,LFPG,EGLL
3972,RCKH,RCWA
3973,YPAD,YBBN
3974,VHHH,CYVR
3975,LIRF,LICJ
3976,RJFF,RJAA
3977,TJSJ,KEWR
3978,LLBG,LTBW
3979,LPPT,LIMC
3980,YCVG,YPPF
3981,PANC,KORD
3982,LMML,EBCI
3983,LSZH,LPPT
3984,EGSS,EVRA
3985,LEIB,LEBL
3986,EGLL,LIMC
3987,LFPO,LFKF
3988,EDDL,LEMG
3989,LFOB,LIME
3990,LYBE,LSZM
3991,LPPR,EBCI
3992,EGSS,LEMG
3993,LFBO,LFPG
3994,LEBL,LEPA
3995,LIRF,LIEE
3996,CYVR,NTAA
3997,LDZA,EHAM
3998,KLAX,KATL
3999,KPHX,KMIA
4000,EGNX,LEMG
4001,VOBL,VOMM
4002,KSEA,PANC
4003,EGNX,EDDP
4004,EIDW,LEMG
4005,LFBD,LSZM
4006,EGGW,LIMC
4007,ESSA,EFHK
4008,EKCH,EGKK
4009,EGSS,EPKT
4010,RJTT,RJBB
4011,EDDM,EDDV
4012,YPAD,YOLD
4013,KSFO,KJFK
4014,EGLL,LFBO
4015,UUWW,ULLP
4016,YSSY,VTBS
4017,VIDP,EGLL
4018,LIMC,LHBP
4019,WMKK,RCTP
4020,VHHH,PANC
4021,RJOO,RJTT
4022,WSSS,VHHH
4023,LIME,LIEE
4024,LFPB,LEMG
4025,EIDW,EPMO
4026,EDDF,LFPG
4027,KIAH,RCTP
4028,WBKK,WMKK
4029,LTFJ,EBBR
4030,EFHK,EVRA
4031,LSGG,LEPA
4032,LGAV,LSZH
4033,LEMD,LPPT
4034,PANC,KSDF
4035,EDDK,LIME
4036,LFBD,LSGG
4037,EBCI,LKPR
4038,YMML,OTHH
4039,KLAX,MGGT
4040,LFPG,LFLL
4041,RCTP,RJBB
4042,LTFJ,LTAB
4043,KSDF,PANC
4044,LFPO,LFKJ
4045,LPPT,LSGG
4046,EGGW,LPPT
4047,EBAW,LEAL
4048,LFPO,LFKJ
4049,LIRF,LSGG
4050,LIME,LICJ
4051,YWLM,YSCB
4052,LEMG,EBCI
4053,LEMH,LEBL
4054,EIDW,EGLL
4055,EDDF,LIPE
4056,KDEN,KRSW
4057,ULLI,UUEE
4058,LEPA,LEIB
4059,WMKJ,WMSA
4060,EVRA,EFHK
4061,PANC,KLAX
4062,KPHX,KATL
4063,VIDP,VOBL
4064,LIRF,LEBL
4065,EDDM,LPPR
4066,LEIB,LEMD
4067,LPPR,LPPT
4068,LGAV,EDDL
4069,YSWG,YSSY
4070,CJX4,CYXE
4071,EDDF,EKBI
4072,RJBB,RJTT
4073,RCTP,VHHH
4074,LFPG,LFML
4075,ZGSZ,ZUCK
4076,LIRF,LOWW
4077,LPFR,EGCC
4078,LEMD,LEPA
4079,CYYC,CYYZ
4080,LIME,EBCI
4081,EGGW,LFBD
4082,EKCH,ENZV
4083,KMIA,SLVR
4084,KLAS,KEWR
4085,VTBS,EGLL
4086,YPMQ,YSSY
4087,SAEZ,KMIA
4088,KOSU,59NC
4089,LIRF,EDDF
4090,RJTT,RJOS
4091,EHAM,EGLL
4092,PANC,6AK3
4093,LEPA,LEBL
4094,EGCC,EDDK
4095,EDLW,EPKT
4096,KLAX,KBOS
4097,CYVR,CYUL
4098,LEAL,EGNT
4099,LFKJ,LFLL
4100,LEMD,LGAV
4101,RCTP,VHHH
4102,EIDW,LPPT
4103,LIPX,LICJ
4104,EBBR,LEMG
4105,KLAX,KMIA
4106,NZTG,NZWN
4107,LIRF,LMML
4108,LFPG,EDDT
4109,EDDF,LKPR
4110,LOWK,EDDK
4111,LMML,EDDF
4112,VTBS,RPLL
4113,YPPF,YCVG
4114,LEMD,EHAM
4115,LIRF,LSZH
4116,YSSY,YSCB
4117,LEPA,EDDS
4118,EDDF,LKPR
4119,WMKK,WBKL
4120,EDDF,EDDT
4121,EKCH,EKYT
4122,VOBL,EDDP
4123,KLAX,KCVG
4124,LYBE,LGAV
4125,EFHK,LHBP
4126,KTEB,KRDU
4127,LEMD,LIRF
4128,LFPG,EGCC
4129,VTBS,RCTP
4130,EDDF,LSGG
4131,EGGW,EVRA
4132,EGSS,EDDB
4133,KLAS,KORD
4134,KMIA,CYYZ
4135,LEMD,LEPA
4136,KATL,EDDF
4137,EDDM,LMML
4138,ENGM,EKBI
4139,YBOA,YSPT
4140,ENUL,ENZV
4141,VOBL,VIDN
4142,NZCH,NZOI
4143,LIMC,LOWW
4144,LMML,LIRF
4145,EDLW,EPKT
4146,RJTT,RJOM
4147,LEPA,EDDM
4148,LIML,EHAM
4149,EGLL,BIKF
4150,KPHX,KAKH
4151,LPFR,LPPT
4152,RCNN,RCWA
4153,EGCC,EIDW
4154,EDDF,LEPA
4155,NZWN,NZCH
4156,VECC,VOBL
4157,KBFI,KYKM
4158,GMMN,LFPG
4159,EIDW,EHEH
4160,EDDW,EDDE
4161,LEMD,LSGG
4162,EDDT,EDDM
4163,LTAC,LTBW
4164,MROC,SPJC
4165,KMHR,KSDF
4166,LEMD,LIML
4167,EDDK,LOWS
4168,LEAL,EKCH
4169,YBBN,YPAC
4170,ENGM,EPGD
4171,EBBR,LEBL
4172,EDDF,LEMG
4173,EDFE,EDFC
4174,EHAM,LPPT
4175,OPMT,OMDB
4176,WSSS,ZGSZ
4177,EDDM,EFHK
4178,EPWA,LHBP
4179,LPPR,LPPD
4180,KMIA,EHAM
4181,LEPA,EDDK
4182,VGTJ,EGLL
4183,LMML,EDDM
4184,ESGG,ESSA
4185,LEBL,LEZL
4186,EPWA,LKPR
4187,LEMD,LIPZ
4188,LIRA,LIEE
4189,LEMH,LEBL
4190,KHOU,KAXH
4191,KSFO,KORD
4192,LEBL,LIMC
4193,LDZA,EDDF
4194,RJFF,RJTT
4195,UUWW,LTFJ
4196,ULLI,UUDD
4197,KDEN,KATL
4198,KORD,EDDF
4199,LEMH,LEMD
4200,LTAC,EDDS
4201,LICC,OBBI
4202,LPPT,LPPD
4203,UKBB,LLBG
4204,EIDW,EGCC
4205,LTFJ,LTAC
4206,EPKK,EBCI
4207,YPAD,YBBN
4208,EBCI,LHBP
4209,VECC,VOBL
4210,EDDK,EGNX
4211,KDEN,KTPA
4212,RJFF,RJBB
4213,LPPR,LSGG
4214,EKCH,EKYT
4215,OMDB,LGAV
4216,ENGM,ENBO
4217,LEMG,LEPA
4218,LIML,LICJ
4219,LEPA,EDDK
4220,KLAX,KORD
4221,EHAM,SPJC
4222,EGJB,EGCC
4223,OMDB,VECC
4224,LFOB,LEBL
4225,LIRF,LICP
4226,EDDF,LEPA
4227,LTFJ,EBLG
4228,LDZA,LFPG
4229,EIDW,LEBL
4230,KSEA,KAKH
4231,LOWW,EBCI
4232,LEMD,EDDM
4233,NTAA,KSFO
4234,KPDX,KSDF
4235,LIRF,LOWW
4236,KSNA,KLAS
4237,KSEA,KATL
4238,EGKK,LPFR
4239,LEMG,EDDF
4240,EIDW,LSGG
4241,EGSS,EIKN
4242,RJTT,RJFF
4243,UUEE,LTBW
4244,UUWW,ULLP
4245,LIRF,LICZ
4246,LTFJ,EGSS
4247,RJFF,RJTT
4248,EGLL,EGCC
4249,EGSS,LIPX
4250,UUDD,ULLP
4251,EHAM,ELLX
4252,LPFR,LFPO
4253,LEMD,EGLL
4254,WSSS,VHHH
4255,EIDW,EGNM
4256,EGCC,OTHH
4257,LGAV,LGRP
4258,LFPO,LICZ
4259,EDFH,LIRA
4260,LFML,LFKJ
4261,LEMD,LEMH
4262,LTFJ,EDDK
4263,EGSS,EICK
4264,LIRA,LPPT
4265,EHAM,EGSH
4266,EGKK,LEMG
4267,LECU,LEMT
4268,KLAX,RCTP
4269,SKBO,KMIA
4270,LFPO,LIQL
4271,KABQ,NM74
4272,LFOB,LROP
4273,LPPD,LPPT
4274,EGGP,LEMG
4275,RJFF,RJTT
4276,EGSS,LIME
4277,RJOO,RJTT
4278,RCTP,WSSS
4279,LEMG,LEBL
4280,EBCI,EGCC
4281,LEBL,LEZL
4282,LIML,LIRF
4283,EPWA,EDDH
4284,LEAL,LSZM
4285,RJBB,RJFF
4286,YSCB,YBBN
4287,LIRF,LICZ
4288,LYBE,LTBW
4289,NZCH,NZWN
4290,WSSS,VHHH
4291,LTFJ,EGCC
4292,KLAX,YSSY
4293,LEBL,LEIB
4294,LEPA,EDDL
4295,VHHH,EGLL
4296,RCKH,RCWA
4297,LGRP,LGAV
4298,ENGM,EKBI
4299,EDDF,EDDH
4300,RPLL,VHHH
4301,LEIB,EDDL
4302,RJTT,RJFF
4303,RCQC,RCKH
4304,EDDF,OMDB
4305,EDDF,KORD
4306,WMKK,WBKK
4307,LEPA,EDLW
4308,EPWA,EVRA
4309,EETN,EVRA
4310,EDDF,LSZH
4311,LDZA,LTBW
4312,LEPA,LEMD
4313,EDDF,LMML
4314,EHEH,EPMO
4315,KSFO,KATL
4316,LIEE,LIMC
4317,ULLI,UUYY
4318,RJTT,RJOO
4319,EDDF,EDDM
4320,EGLL,LIPE
4321,LEZL,LEBL
4322,KORD,EHAM
4323,EGLL,LGAV
4324,ULLI,UWKD
4325,KCVG,KSEA
4326,KORD,KDFW
4327,LIML,LIBD
4328,LEPA,EDDM
4329,EGKK,EPKK
4330,LTFJ,EBLG
4331,LIML,LIEE
4332,LIRA,EDDB
4333,ENGM,ENZV
4334,EGLL,LLBG
4335,LSZH,LPPR
4336,LDZA,LSZH
4337,KLAX,RJTE
4338,LEMG,LFPG
4339,RCTP,RKSI
4340,YMML,YBBN
4341,LEIB,LEBL
4342,LIEE,LIML
4343,LIMC,EGLL
4344,LSZH,UKBB
4345,EBBR,LSGG
4346,LTFJ,EDDL
4347,LEPA,LEMG
4348,KONT,KSDF
4349,EBCI,EPWA
4350,EGGW,LGAV
4351,LEMG,EHRD
4352,YSCH,YSSY
4353,OMDB,EDDK
4354,EGSS,LEBL
4355,LSZH,LEMG
4356,RJTT,RJFF
4357,KLAS,KBKL
4358,LTFJ,EDDF
4359,RCTP,KLAX
4360,OMDB,VOMM
4361,KTEB,KHPN
4362,KONT,67KY
4363,UKBB,LTBW
4364,LEMD,LEMG
4365,ENGM,EDDL
4366,LEMD,LFML
4367,LTFJ,EHAM
4368,KSFO,KIAH
4369,EBBR,LIMC
4370,EGSS,LEMD
4371,OMDB,EDDP
4372,LTFJ,EBCI
4373,YSSY,YBBN
4374,LFPG,OTHH
4375,KPDX,KTPA
4376,EGLL,EBBR
4377,VHHH,OTHH
4378,RJFF,RJTT
4379,LJPZ,LDPV
4380,LIRU,LIRV
4381,LEPA,EDDL
4382,LIRA,EBCI
4383,LEAL,LIMC
4384,LTFJ,EDDM
4385,YMEN,YBNS
4386,EGGW,EPWA
4387,KLAX,RKSI
4388,EGCC,LIME
4389,KONT,KABE
4390,EGAA,EGGP
4391,EDDF,LPPT
4392,EHAM,EDDV
4393,LTFJ,LFPO
4394,UUEE,EGLL
4395,KSDF,EDDK
4396,VHHH,RJTL
4397,LIMC,LEMD
4398,EGLL,OTHH
4399,LTFJ,LTFE
4400,RJFF,RJOO
4401,EHEH,LHBP
4402,KLAX,KMSP
4403,LSZH,LGAV
4404,EDDF,LGAV
4405,EDDH,EGSS
4406,LGKO,LGAV
4407,LIRF,LIBD
4408,LFBO,LEMD
4409,LEPA,EDDH
4410,EIDW,LFBD
4411,EHAM,EKCH
4412,EDDG,LEPA
4413,LEMD,LIPE
4414,LIRF,LIMC
4415,VHHH,WSSS
4416,LSZF,LSZV
4417,LEBL,LEIB
4418,EHAM,LEMG
4419,LIRF,LIML
4420,LEAL,EBBR
4421,LIBD,LIMC
4422,WMKK,WBKK
4423,EDDF,EFHK
4424,ESOW,EGSS
4425,EDDF,LPPR
4426,LIRA,LEMD
4427,RJTT,RJBB
4428,LFPG,LIRF
4429,LEZL,EBCI
4430,LEBL,LHBP
4431,VHHH,VECC
4432,LTFJ,LSGG
4433,EHAM,ENGM
4434,OMDB,EDDK
4435,LOWW,EPWA
4436,KSMF,KAKH
4437,CYVR,CYYZ
4438,EDDF,EDDC
4439,LIRF,EGLL
4440,RCSS,RCWA
4441,OERK,VIDP
4442,VOBL,VECC
4443,EGSS,LHBP
4444,WMKK,ZGSZ
4445,ZGSZ,ZUCK
4446,EIDW,LPFR
4447,LEMG,LEBL
4448,EGLL,LSZM
4449,VIDP,VIAM
4450,LIPZ,LEBL
4451,EDDL,EDDM
4452,EDDH,LEPA
4453,LEMD,LPPR
4454,LIRF,LIEE
4455,RJOO,RJOM
4456,LEIB,LEPA
4457,LFBO,LFPG
4458,LFBD,LFPG
4459,ULMM,UUEE
4460,EDDF,RKSI
4461,EDDF,EDDW
4462,LSZM,LPFR
4463,LPPD,LPPT
4464,EDDM,EKCH
4465,PANC,40AK
4466,LIRF,EPWA
4467,LTFJ,EDDL
4468,LEZL,LEMD
4469,KORD,LFPG
4470,LEMG,LFPO
4471,LFPG,LOWW
4472,LIRU,LIRV
4473,EHAM,LSGG
4474,EGLL,LIRF
4475,EDDF,LEMD
4476,LEMG,LPFR
4477,EHAM,LIRF
4478,LEMG,EDDS
4479,LIRF,LEBL
4480,VOBL,VOMM
4481,BIKF,EDDM
4482,UUWW,ULLP
4483,LIRF,EHAM
4484,LTFJ,LOWW
4485,WSSS,RPLL
4486,LEBL,EDDB
4487,LKPR,LKMT
4488,EHAM,UKBB
4489,LTFJ,EDDH
4490,ENBR,ENGM
4491,LEBL,LEMD
4492,EHAM,EGNV
4493,EDML,EDPD
4494,BIKF,EDDF
4495,ESSA,LOWW
4496,LEMD,LGAV
4497,LSZM,LEPA
4498,RJOA,RJTT
4499,LEMD,LOWW
4500,EPMO,EGSS
4501,ENVA,ENGM
4502,EHAM,EDDM
4503,KLAX,KAKH
4504,EDDH,LSZH
4505,EGLL,KORD
4506,LIRF,KJFK
4507,WSSS,WMKK
4508,NZWN,NZCH
4509,LFMK,EGSS
4510,VTBS,VHHH
4511,LEBL,EDDF
4512,LEIB,LEMD
4513,BIKF,LFPG
4514,EGSS,LIPE
4515,VOMM,OMAA
4516,VIDP,VIDN
4517,EGGW,EGPH
4518,RCKH,RCWA
4519,LIMC,LFPO
4520,KLAX,RCTP
4521,KSFO,KSEA
4522,LEPA,EDDL
4523,EFHK,EDDT
4524,LIRF,LIEA
4525,KPHX,KDFW
4526,UUEE,ULLP
4527,LEMG,EDDK
4528,EGLL,EGPD
4529,EGCC,LHBP
4530,LFML,LFPG
4531,EDDF,LEBL
4532,LOWW,LTBW
4533,LEAL,EBBR
4534,NTAA,KLAX
4535,OMDB,EDDK
4536,EPGD,EPWA
4537,KSFO,RCTP
4538,ENGM,EKCH
4539,LEPA,EDDF
4540,EDDF,EDDS
4541,LFPO,LEBL
4542,BIKF,EDDT
4543,EHAM,KIAH
4544,LTAC,EDDL
4545,LFPG,LFBD
4546,EDDF,EGCC
4547,ULLI,UUEE
4548,LTFJ,ENGM
4549,UUEE,UWLL
4550,EHAM,LFPG
4551,LIRF,LEMD
4552,LFPO,LIRF
4553,VHHH,VTBD
4554,EHAM,LSGG
4555,EGGW,EPKT
4556,VIDP,VOMM
4557,EGSS,EPKK
4558,VOMM,VIDP
4559,LEMD,LIME
4560,LEAL,EGKK
4561,PANC,KORD
4562,EHAM,EPWA
4563,ESKN,LIME
4564,EDDL,LEPA
4565,LEIB,LIML
4566,MD48,KMTN
4567,LFPO,LEPA
4568,EHEH,LEMG
4569,EGMC,LEMD
4570,VHHH,CYYZ
4571,KLAX,RCTP
4572,LTFJ,EDDS
4573,EGLL,EDDT
4574,WMKK,WBKK
4575,EDDH,LFPG
4576,RJTT,RJOS
4577,EGCC,CYYZ
4578,LPFR,LFPO
4579,EHAM,EGPE
4580,LEBL,LFPO
4581,EHAM,EGPH
4582,EBBR,LEMG
4583,BIKF,EBBR
4584,LPPT,EDDS
4585,EGKK,EIDW
4586,YMMB,YBUP
4587,EDDT,LSZH
4588,LEIB,LEPA
4589,LEMD,EBBR
4590,LFPG,EPWA
4591,ELLX,EGPH
4592,EGGW,LHBP
4593,YSCB,YMML
4594,EGSS,LIMC
4595,BIKF,EKCH
4596,VHHH,VOMM
4597,LIPZ,EGSS
4598,LIRF,LFPG
4599,LFPG,LGAV
4600,EDDT,LOWW
4601,LSZH,LOWW
4602,LEPA,EDDM
4603,KVNY,KLAS
4604,EGPF,EGSS
4605,ENGM,LEMG
4606,ENBR,EKCH
4607,KLAX,EDDF
4608,EBBR,OTHH
4609,EGGW,EPKK
4610,EPKK,LFPG
4611,UWWW,UUDD
4612,LEMG,LOWW
4613,LFPG,LIPZ
4614,OTHH,VHHH
4615,PANC,KDFW
4616,EDDF,EIDW
4617,EDDF,OTHH
4618,LTFJ,EDDS
4619,EGPH,EGGW
4620,EHAM,LOWW
4621,YCVG,YPPF
4622,KLAX,KIAH
4623,KMVY,KBOS
4624,LROP,LGAV
4625,LKPR,LSZH
4626,YMML,WSSS
4627,LEPA,EDDS
4628,KONT,KSDF
4629,LEMG,EBBR
4630,ENGM,EDDB
4631,LSZH,LMML
4632,PANC,KMIA
4633,EGGW,EYKA
4634,LEBL,LIPZ
4635,LHBP,LGAV
4636,LEMG,LIRF
4637,LFPG,EDDM
4638,EDDF,LSZH
4639,LEPA,EDDH
4640,KPHX,KPHL
4641,LIPE,LFPG
4642,LJLJ,EHAM
4643,EKYT,EKCH
4644,EGLL,EGPE
4645,KSFO,RCTP
4646,KBUY,KMMU
4647,EHAM,LSZH
4648,LIPZ,LFPG
4649,EPKK,LIRA
4650,EGSS,EINN
4651,LIRF,LEBL
4652,EDDF,LIMC
4653,WSSS,VTBD
4654,EGCC,EDDK
4655,KLAS,KORD
4656,EDFH,LRSB
4657,EHAM,LFBO
4658,EHAM,EIDW
4659,LFPG,ESSA
4660,BIKF,EGLL
4661,EHAM,KLAX
4662,RPLL,WMKK
4663,LEBL,LPPR
4664,EHAM,ESGG
4665,PANC,KSEA
4666,LGAV,LOWW
4667,LKPR,LFPG
4668,EDDM,LEPA
4669,LIRF,LICJ
4670,EGSS,LOWW
4671,VOBL,VECC
4672,VIDP,VOMM
4673,EGNX,LEAL
4674,LIML,LIEA
4675,EPKK,EPGD
4676,LEMD,LFPO
4677,LEPA,EGSS
4678,LEMD,SPJC
4679,ELLX,LIMC
4680,EDDF,CYUL
4681,LKPR,LTBW
4682,KCVG,KPHX
4683,EGNX,EDDP
4684,EGPF,EGLL
4685,LEMG,LIMC
4686,EGLL,EDDM
4687,RJAA,RJFF
4688,LPPT,LEBL
4689,LGAV,LSGG
4690,KABQ,NM74
4691,EHAM,EGGD
4692,LPPR,EDDF
4693,OMDB,VIDP
4694,EHAM,EDDN
4695,PANC,60CO
4696,EIKY,EIDW
4697,LEPA,EDDF
4698,UWWW,UUEE
4699,YPPH,WMKK
4700,RJTT,RJOO
4701,LSGG,LOWW
4702,RCQC,RCKH
4703,VIDP,EDDP
4704,VHHH,PANC
4705,EDDN,LEPA
4706,ULLI,UUDD
4707,LTFJ,ESSA
4708,LEMG,EDDB
4709,LEMD,LEPA
4710,UUDD,ULLP
4711,LEPA,EDDL
4712,LFPG,EKCH
4713,KSFO,RCTP
4714,LFPO,LPPR
4715,WSSS,VHHH
4716,YSCB,YPEC
4717,RJTT,RJFF
4718,LIMC,LEBL
4719,LPPR,LSZM
4720,LEMT,LECU
4721,LEBL,EGBB
4722,KIAH,KMIA
4723,LFPO,LPFR
4724,EDDS,LOWW
4725,LFPG,LSGG
4726,VHHH,CYVR
4727,LSGG,LSZH
4728,ELLX,LEMD
4729,LEPA,EGGP
4730,EPWA,LEMD
4731,VIDP,VOBL
4732,EGLL,LOWW
4733,EHAM,SBGR
4734,LSZH,LEPA
4735,LIRF,EPWA
4736,LFML,LFRS
4737,KC35,KMSN
4738,LFPG,LROP
4739,EBBR,LFPG
4740,RJOO,RJTT
4741,EHAM,LEBL
4742,EHAM,EKYT
4743,LPFR,EDDL
4744,LEAL,EDDL
4745,LTFJ,EKCH
4746,OMDB,VHHH
4747,LEMG,LKPR
4748,PANC,RCTP
4749,VTBS,VHHH
4750,KCVG,KBWI
4751,UUEE,UWKD
4752,ENGM,ENVA
4753,EDDL,EKCH
4754,LEMD,LOWW
4755,EHAM,LDZA
4756,LFPO,LEPA
4757,YCVG,YPPF
4758,YBUN,YPPH
4759,EGLL,LFPG
4760,RJOO,RJTT
4761,LFPG,LSZH
4762,RJTT,KLAX
4763,EBBR,EDDF
4764,ENZV,EKCH
4765,EDDF,LDZA
4766,EGLL,UUDD
4767,VIDP,LFPG
4768,ESSA,EDDF
4769,LPPR,EHEH
4770,LOWS,EGSS
4771,EKYT,EKCH
4772,LEAL,EGGW
4773,EHEH,EGCC
4774,LFPG,LIQL
4775,OMSJ,OPMT
4776,BIKF,EHAM
4777,LEMD,LKPR
4778,YSCB,YMML
4779,LSGG,EGKK
4780,LIML,LFPG
4781,LIRF,EDDF
4782,ESSA,EIDW
4783,LOWG,EDDF
4784,LEPA,LEMD
4785,LTAC,EDDF
4786,LEMG,EBCI
4787,PANC,KLAX
4788,EDDF,LOWW
4789,ESSA,ESNZ
4790,RJFF,RJTT
4791,LPPD,LPPT
4792,LFPG,LDZA
4793,EGLL,LDZA
4794,LEPA,EDDT
4795,LOWW,EDDK
4796,LTBA,OMDW
4797,LFML,LFAS
4798,EGBB,LEMD
4799,PANC,KSEA
4800,EGLL,LEMD
4801,EDDV,EDDM
4802,UUWW,ULLP
4803,EHAM,EGCC
4804,LSGG,LPPR
4805,LEMT,LECU
4806,KSEA,RCTP
4807,YSSY,YPAD
4808,ELLX,LPPR
4809,EGSH,EHAM
4810,OTHH,VOMM
4811,YOLD,YPAD
4812,VIDP,VOBL
4813,EDDN,LEPA
4814,YBBN,YSSY
4815,LPPR,EDDB
4816,EHAM,EDDT
4817,EGGW,LROP
4818,KBNA,KTYS
4819,EHAM,KDTW
4820,KVNY,KSBA
4821,EFHK,EKCH
4822,LEMG,EGGW
4823,LEBL,LFPG
4824,PANC,RJBB
4825,LEAL,EHRD
4826,EDDF,CYYZ
4827,EHAM,KSEA
4828,ESGG,EDDF
4829,EGLL,EGPH
4830,LOWW,KEWR
4831,EIDW,LZIB
4832,ESSV,ESSA
4833,KLAX,KDFW
4834,RJOO,RJFF
4835,YCVG,YPPF
4836,LEBL,LEMH
4837,EHAM,EGLL
4838,EHAM,LEBL
4839,VOMM,VIDP
4840,EIDW,EDDH
4841,RCSS,RCWA
4842,LSGG,EPWA
4843,EHAM,LIMC
4844,EGSS,LPPR
4845,LFBO,LFQQ
4846,KLAX,RCTP
4847,LFPG,LFBO
4848,LIRF,LICZ
4849,YSCB,YSSY
4850,EDDF,KEWR
4851,PANC,KORD
4852,ENGM,ENZV
4853,LEBL,LEMH
4854,LEAL,EHEH
4855,EDDL,EPWA
4856,EDDF,EVRA
4857,LEMG,EGSS
4858,EKCH,EKYT
4859,LOWW,KORD
4860,KOAK,KSDF
4861,LKPR,EGPH
4862,EDLW,LHBP
4863,LEBL,EDDL
4864,LFPG,EHAM
4865,EHAM,LEIB
4866,LTFJ,EDDM
4867,EDDF,KLAX
4868,ENZV,ENGM
4869,LFLL,LFPG
4870,EHAM,EDDH
4871,LEMD,LGAV
4872,EGGW,EPKK
4873,LTFJ,LSZH
4874,LEMG,EDDT
4875,RJBB,RJTT
4876,LEMP,EGKK
4877,EGLL,OMDB
4878,LPPT,LFPO
4879,PANC,KLAX
4880,ESSA,ESGG
4881,RJFF,RPLL
4882,EDDF,KORD
4883,LIPE,LROP
4884,VECC,VIDP
4885,LEBL,EGCC
4886,EIDW,LPFR
4887,EKCH,EDDK
4888,LEAL,EGNX
4889,EPKK,LSZH
4890,LFPG,LIML
4891,EKBI,EDDF
4892,VIDP,VIAM
4893,LIPX,LICZ
4894,EKCH,KORD
4895,LHBP,EDDB
4896,LFPG,DAAG
4897,LTFJ,UUDD
4898,EKBI,ENGM
4899,ELLX,EHAM
4900,EGCC,LFPG
4901,LEBL,EDDF
4902,RJFF,RJTT
4903,LIPE,LICZ
4904,EHAM,KBOS
4905,EHAM,EIDW
4906,LEPA,LEBL
4907,EDDV,LTBW
4908,EETN,EGPH
4909,RCTP,WMKK
4910,EGCC,EIDW
4911,LEZL,EHEH
4912,NZWP,NZKF
4913,LFOB,LPPT
4914,EGLL,EDDF
4915,LPPT,LFPG
4916,YMML,YSSY
4917,PANC,KCVG
4918,RCTP,VHHH
4919,EDDB,EGCC
4920,LEBL,LIPE
4921,KSAT,KHDO
4922,LOWW,LGAV
4923,LGAV,EDDT
4924,EGLF,LEIB
4925,VTBS,OTHH
4926,ENGM,ENBO
4927,LTFJ,EGSS
4928,RJTT,RJOM
4929,NZWN,NZCH
4930,EDDN,LEPA
4931,EDDK,LTBW
4932,LFML,LFPG
4933,LFPG,LOWW
4934,LHBP,ENGM
4935,EHAM,EPWA
4936,EGLL,LEMG
4937,EGPH,ENGM
4938,CYQY,CYYZ
4939,EDDF,KJFK
4940,RJTT,RJFF
4941,LFPG,EVRA
4942,LEBL,LEMH
4943,LIRZ,EGSS
4944,KLAX,RJTE
4945,EGMC,LIMC
4946,PANC,KCVG
4947,LPMA,LPPT
4948,LSZM,EGPH
4949,LEMG,EHRD
4950,LEMG,EGGP
4951,LKPR,EDDF
4952,EDDP,KCVG
4953,EGGW,LIMC
4954,LEPA,LOWW
4955,RPLL,RCTP
4956,LHBP,EHAM
4957,LEBL,EIDW
4958,LIRF,LGAV
4959,EGKK,LEBL
4960,UUDD,ULLP
4961,EKCH,EPWA
4962,LTAC,LTFJ
4963,LSGG,LPPT
4964,EGLL,EGNT
4965,LEMG,EHAM
4966,LEMG,LSGG
4967,RJTT,RJOO
4968,EFHK,ENGM
4969,KRFD,KIAH
4970,LTFJ,EDDB
4971,LFPG,KATL
4972,KORD,CYYZ
4973,EDPK,EDMY
4974,EDDL,LEPA
4975,LPPT,LEMD
4976,EDDB,LGAV
4977,LSZH,EFHK
4978,PANC,KLAX
4979,ELLX,LPPT
4980,VHHH,RJBB
4981,EGLL,OMAA
4982,LSZH,EDDF
4983,SKBO,KMIA
4984,LEBL,ENGM
4985,LPPT,LPFR
4986,EHAM,WSSS
4987,LMML,LIRF
4988,LEMG,EDDL
4989,LIMC,EDDV
4990,RCQC,RCKH
4991,LFPG,KLAX
4992,LFBD,EGGW
4993,EGLL,OTHH
4994,PANC,KPDX
4995,EPWA,LEMD
4996,EPGD,EHEH
4997,LOWW,KIAD
4998,EDDF,KDFW
4999,EKBI,ENGM
5000,EDDT,EDDF
5001,LPPT,LPPR
5002,LIMC,LTBW
5003,RJFF,RJOO
5004,EDDH,LTBW
5005,EHAM,KATL
5006,EBBR,KORD
5007,EGLL,EKCH
5008,ULLI,UUWW
5009,EDDF,KSEA
5010,EGAA,LEMG
5011,EGGP,EPKK
5012,RJOA,RJTL
5013,EIKN,EGSS
5014,LIMC,LIEE
5015,EHAM,RCTP
5016,LPPT,LPMA
5017,EDDF,KMIA
5018,KC29,KC47
5019,EDDB,EGPH
5020,PANC,KSEA
5021,ENBR,ENZV
5022,LEPA,LEMD
5023,EGLL,EHAM
5024,EHAM,KJFK
5025,RJFF,RJTT
5026,EDDG,LEPA
5027,ULLI,UUEE
5028,EPKK,EGPH
5029,NZCH,NZWN
5030,LEMG,EGBB
5031,WBKK,WMKK
5032,LFOB,LROP
5033,EGLL,EIDW
5034,ZGSZ,ZUCK
5035,LIMC,EDDL
5036,EDDT,LTBW
5037,EIDW,EKCH
5038,EDDL,LTBW
5039,SBBR,SBKP
5040,YSCB,YBBN
5041,EPKT,LICZ
5042,EDDM,LTBW
5043,OMDB,VOBL
5044,LEPA,EDDS
5045,EDDS,LEPA
5046,RJFF,RJTT
5047,LPPT,LFPO
5048,EDDV,LEPA
5049,EPKK,EDDF
5050,WSSS,VIDP
5051,KTPA,KIAH
5052,EBBR,KJFK
5053,LIPE,EDDF
5054,OTHH,EGLL
5055,EDDS,LDZA
5056,LSGG,LEPA
5057,LEPA,EKCH
5058,EFHK,ESSA
5059,UUWW,ULLP
5060,EDDF,KORD
5061,EGLL,EKCH
5062,LPPT,LFPO
5063,ELLX,LFPG
5064,LFKJ,LFPO
5065,LEMD,EIDW
5066,EGGW,EIKN
5067,EDDV,EHAM
5068,LTAC,LTFJ
5069,CYVR,RCTP
5070,LEMG,EGCC
5071,LFPG,EIDW
5072,LEAL,EGCC
5073,LFBO,EGLL
5074,LEPA,EDDF
5075,EGKK,EKCH
5076,LTFJ,LIME
5077,LEPA,ESSA
5078,EHEH,LPFR
5079,EGSS,EIDW
5080,LOWW,LMML
5081,OPMT,OMDB
5082,LFPG,KDTW
5083,LLBG,KEWR
5084,VHHH,WMKK
5085,EDDM,KATL
5086,LEIB,LEBL
5087,EGLL,KJFK
5088,LYBE,LTFJ
5089,EVRA,LSZH
5090,LTAC,LTBW
5091,EIDW,LEMG
5092,RJFF,RJBB
5093,EETN,EGSS
5094,EHAM,CYYZ
5095,RCQC,RCNN
5096,LSGG,LPPT
5097,LSZH,LIRF
5098,OMDB,YSSY
5099,KCVG,PANC
5100,LFLL,LTBW
5101,LPFR,EGGW
5102,LIPZ,EGGW
5103,LPPT,EBCI
5104,WSSS,RCTP
5105,EDDN,LEPA
5106,LEMD,LROP
5107,TJSJ,KMIA
5108,LSGG,LIRF
5109,EDDH,EDDF
5110,ENGM,EPWA
5111,KCVG,KLAX
5112,LIRF,LFPG
5113,LEMD,EDDK
5114,SBCO,SBKP
5115,EICK,EGKK
5116,VIDN,VIDP
5117,LPPT,EBBR
5118,LFPG,EFHK
5119,RCTP,PANC
5120,EGLL,KJFK
5121,LKPR,EPWA
5122,LEAL,EGGD
5123,EDDL,EDDM
5124,EPKT,EGSS
5125,EDDM,EDDF
5126,EHAM,KEWR
5127,RJOO,RJTT
5128,KMIA,SPJC
5129,EGGD,LMML
5130,LSZH,LPPT
5131,LTFJ,LSZM
5132,KONT,KSDF
5133,EGLL,VOBL
5134,EDDS,LTBW
5135,EDDM,LIMC
5136,LSZH,LTBW
5137,LEPA,LEMH
5138,RJBB,RJAA
5139,LTAC,LOWW
5140,LPPT,EGGD
5141,EHEH,EIDW
5142,UUEE,OMDW
5143,LSGG,LPPR
5144,LGAV,EBBR
5145,EVRA,EDDS
5146,ENGM,ENZV
5147,UUWW,LTBW
5148,YCVG,YPPF
5149,LPFR,EHEH
5150,EHAM,LDZA
5151,LFBO,LPPR
5152,EGNV,EHAM
5153,LFPG,LFML
5154,EGLL,KMIA
5155,LPPT,LIME
5156,EDDP,LEMD
5157,VHHH,RCTP
5158,EDDS,EDDF
5159,RJTT,RJOO
5160,KDFW,KATL
5161,LEMD,LEMG
5162,LFRS,LIMC
5163,EDDF,LTBW
5164,EDDC,EDDF
5165,LEBL,EGPH
5166,EDDF,KLAX
5167,LPPR,LOWW
5168,EDDF,RCTP
5169,UUEE,KLAX
5170,LLBG,LFPG
5171,EDDF,KJFK
5172,LHBP,EPWA
5173,EGLL,LKPR
5174,KMIA,KCVG
5175,EPWA,EVRA
5176,KDAL,K76F
5177,LFML,EGLL
5178,LSZM,LTBW
5179,WBKK,WMKK
5180,RJTT,RJFF
5181,EGLL,EPWA
5182,ESSA,ESTA
5183,LIMC,EGLL
5184,LIEE,LIRF
5185,LIML,LIEE
5186,EBBR,EGLL
5187,EDDM,LGAV
5188,RJOA,RJTT
5189,VIDP,EDDK
5190,EGLL,KJFK
5191,LIMF,EGSS
5192,LEMD,KDFW
5193,EBCI,LPPR
5194,LPPT,EGPH
5195,UKBB,LEMD
5196,EDDM,EDDT
5197,EDDK,LPPT
5198,PANC,KLAX
5199,LIMC,EGGW
5200,LEMD,LEPA
5201,LEMG,EDDF
5202,LPPT,LEBL
5203,EDDW,EDDF
5204,EGCC,LPFR
5205,ESSA,EGKK
5206,EHAM,EDDL
5207,EDDM,EDDK
5208,LEMD,LEIB
5209,LSZM,LHBP
5210,RJTT,RJFF
5211,EDDG,EDVK
5212,LFBO,LSZM
5213,UUWW,UWKD
5214,VOBL,OMDB
5215,PANC,KSEA
5216,EVRA,UUWW
5217,LSZM,LPPT
5218,EDDM,LOWW
5219,LEMG,EHAM
5220,LFPB,EDDB
5221,LPPT,EGLL
5222,YSSY,RKSI
5223,ULLI,UUDD
5224,WBKK,WMKK
5225,EGCC,EFHK
5226,LIMC,LIRF
5227,LIRA,EIDW
5228,LIEE,LIML
5229,PANC,KORD
5230,CYVR,RCTP
5231,RJTT,RJOO
5232,RCQC,RCKH
5233,LFPG,LTBW
5234,LTFJ,LOWW
5235,EVRA,EGSS
5236,RCTP,KLAX
5237,UWWW,UUEE
5238,LSGG,LTBW
5239,EPKK,LIME
5240,LIRF,LGAV
5241,EBCI,LFMK
5242,LIMC,EFHK
5243,ESSA,EGLL
5244,SBRJ,SBKP
5245,EDDN,LEPA
5246,KMIA,KJFK
5247,EGNX,EDDK
5248,LEMG,EGGW
5249,EDTM,EDSN
5250,YPJT,YBUN
5251,RJTT,RJBB
5252,LPPT,LIMC
5253,EDDT,LGAV
5254,LPPR,LFPG
5255,EKCH,LTBW
5256,LEAL,EGGP
5257,ELLX,LTBW
5258,KSEA,PANC
5259,LEMG,EGGW
5260,LEBL,LIEE
5261,LIBD,LIML
5262,EDDM,EDDL
5263,KHOU,KAXH
5264,OMDB,EKCH
5265,KMIA,KCVG
5266,EDDM,LIRQ
5267,LFPG,LFRN
5268,EDDH,EPWA
5269,LPPT,LSZH
5270,LIRA,EGSS
5271,ENVA,ENBO
5272,LMML,EGCC
5273,OTHH,EFHK
5274,VHHH,RCTP
5275,LEMD,LEBL
5276,LFPG,EDDF
5277,YWLM,YBBN
5278,EDDF,KATL
5279,LPPT,EHAM
5280,EDDM,LPPT
5281,LEMD,LEMH
5282,PANC,KDFW
5283,GMMN,LFPG
5284,EKRN,EKCH
5285,LSZH,LEPA
5286,LSGG,LEMD
5287,EGGW,EGPE
5288,RJTT,RJOA
5289,ENBO,ENGM
5290,EGPF,EHAM
5291,EIDW,KEWR
5292,EFHK,EFOU
5293,LEBL,LEMG
5294,LPFR,EGMC
5295,LFPG,KDFW
5296,SBKP,SKMA
5297,KC29,KMRJ
5298,LEAL,EHAM
5299,LSZH,LEBL
5300,ENBR,ENGM
5301,88AZ,KFFZ
5302,OMDB,YSSY
5303,LIMC,LICZ
5304,UUEE,ULLP
5305,RJFF,RJTL
5306,LEBL,EBCI
5307,LSGG,LPPT
5308,KSLC,KSDF
5309,LEAL,EGSS
5310,EGGW,LROP
5311,RJBB,RJTT
5312,KMCC,KAUN
5313,EGCC,EGLL
5314,LFPG,LGAV
5315,LSZH,LEPA
5316,EBBR,EFHK
5317,KMIA,KDFW
5318,ESSA,ENGM
5319,CNV9,CYYZ
5320,EBCI,LMML
5321,EKYT,EKCH
5322,EGLL,EFHK
5323,GMMN,LEMD
5324,KPHL,KDFW
5325,EDDM,EBBR
5326,VHHH,RKSI
5327,EKCH,ENGM
5328,EDDP,EGNX
5329,LEAL,EBAW
5330,TJSJ,KEWR
5331,LFPG,VOBL
5332,LEMG,ESSA
5333,EPMO,EIDW
5334,KTYS,KBNA
5335,EDDK,EGSS
5336,LMML,EDDM
5337,EHAM,LTBW
5338,EGCC,LEMG
5339,EGGW,EGPH
5340,KLAX,KCVG
5341,LIMC,LPPT
5342,LFLL,LFML
5343,EGLL,VIDP
5344,EKCH,EHAM
5345,LPPT,LFPG
5346,RPLL,VHHH
5347,LEMG,EHEH
5348,EGGW,EDDM
5349,KMIA,MROC
5350,EHAM,LIML
5351,EKCH,EDDB
5352,KONT,KSDF
5353,LEBL,LROP
5354,UUWW,LFPB
5355,NZAA,KLAX
5356,EDDH,LEPA
5357,WBKL,WMKK
5358,LFPG,KEWR
5359,OMDB,EDDK
5360,OMDB,WMKK
5361,EGKK,LTBW
5362,LIML,LEMD
5363,LSZH,EHAM
5364,EDDF,LJLJ
5365,LJPZ,LJBO
5366,LEMG,LEIB
5367,EGLL,KIAH
5368,RCTP,VHHH
5369,EFHK,EFKU
5370,LEMD,LEJR
5371,EBCI,LEMG
5372,LFBD,LFPG
5373,EGSS,LPFR
5374,YMEN,YMAY
5375,RJFF,RJTT
5376,EPGD,EICK
5377,LIRA,EKCH
5378,VECC,VOMM
5379,EGLL,KEWR
5380,EVRA,EDDH
5381,LEMD,LEIB
5382,EDDL,ENGM
5383,OMDB,OBBI
5384,EFTU,EPGD
5385,KCVG,OBBI
5386,EDDM,EHAM
5387,RCSS,RCFG
5388,LSGG,EBBR
5389,EDDF,EFHK
5390,EKYT,EHAM
5391,EGLL,LTBW
5392,EDDM,LSZH
5393,EGGP,EGAA
5394,LFBD,EGSS
5395,EKCH,EDDT
5396,YBBN,YHBA
5397,LEZL,LEPA
5398,LEAL,LEPA
5399,LKPR,ESSA
5400,UWWW,UUDD
5401,EGGW,EGPH
5402,EGSS,EGAA
5403,LEMD,ESSA
5404,EDDM,LGAV
5405,EGCC,LTBW
5406,SBGR,SSJC
5407,OBBI,EDDP
5408,EFHK,KJFK
5409,RJTT,RJFF
5410,EGLL,LGAV
5411,EVRA,EKBI
5412,LIRA,EHEH
5413,LKPR,EGLL
5414,LEMG,EGNX
5415,EGGD,EHAM
5416,EDDM,LDZA
5417,LPPT,LSGG
5418,VIDP,OM11
5419,SBGR,SBBR
5420,LEMH,LEBL
5421,KABE,KBNA
5422,EPWA,LIME
5423,LEMG,EGSS
5424,UKBB,EGSS
5425,EPGD,ENHD
5426,EHAM,LIMJ
5427,KBWI,67KY
5428,LSZH,LDZA
5429,EGPD,EGLL
5430,OTHH,EKCH
5431,EDDN,EHAM
5432,ENZV,ENGM
5433,KFLL,6LL6
5434,EDDP,KCVG
5435,EHAM,EDDP
5436,KPHX,KSDF
5437,LEPA,EDDT
5438,ULLI,UUEE
5439,KEWR,TJIG
5440,LPPT,LPPD
5441,LEBL,LTBW
5442,RJFF,RJTT
5443,YBBN,YPAD
5444,KBOS,KIAH
5445,EDDF,LIRF
5446,KOAK,KSDF
5447,PANC,KORD
5448,KCVG,CYMX
5449,LEIB,LEMD
5450,LSGG,EHAM
5451,EVRA,EGGW
5452,KCLT,67KY
5453,EGLL,LEMD
5454,LIRF,LIEE
5455,LTFJ,LTFE
5456,YBBN,YSSY
5457,KALB,KDTW
5458,VHHH,RCTP
5459,LEMH,LEBL
5460,RCTP,KLAX
5461,ESNZ,ESSA
5462,KLGA,KIAH
5463,LEBL,EGBB
5464,EHAM,LTBW
5465,EKCH,EKYT
5466,EGSS,EDDF
5467,KSDF,KATL
5468,OTHH,VTBS
5469,LFML,EBBR
5470,KBOS,KCLT
5471,RJTT,RJFF
5472,LSZH,LGAV
5473,LHBP,EFHK
5474,UUDD,EGSS
5475,EDDM,LEPA
5476,KCVG,KVPS
5477,KDCA,KATL
5478,ESGG,EHAM
5479,KDTW,KDFW
5480,CYUL,CYYZ
5481,EKCH,KSFO
5482,OBBI,EDDP
5483,KONT,KSDF
5484,KSYR,KDTW
5485,KTPA,KDFW
5486,KIND,KATL
5487,KDCA,KBNA
5488,SBGR,SBVT
5489,KCMH,KATL
5490,RJTT,RJFF
5491,KHOU,KAXH
5492,VT25,KCLT
5493,LPPT,LIRF
5494,KDAB,KATL
5495,KLGA,KDTW
5496,LEMG,EIDW
5497,RJAA,RJFF
5498,6NY1,KDTW
5499,CNV9,CYUL
5500,KBWI,KDTW
5501,ENGM,EHAM
5502,OTHH,LTBW
5503,LEBL,LGAV
5504,KMDT,KDTW
5505,UUDD,ULLP
5506,VT25,KDTW
5507,KSDF,KDFW
5508,LSZH,EDDM
5509,EGLL,KJFK
5510,LEMD,LEAL
5511,KORF,KATL
5512,KEWR,KIAH
5513,EDDM,LSZB
5514,LROP,EDLW
5515,KLGA,KATL
5516,RJFF,RJTL
5517,KALB,KCLT
5518,YSSY,KLAX
5519,KDTW,KTPA
5520,LSZM,EGLL
5521,EHAM,EIDW
5522,LIPZ,LEMD
5523,LSZH,LHBP
5524,KORD,KMIA
5525,LFPG,LFBY
5526,LFPO,LPPR
5527,OMDB,OERK
5528,KBWI,KTPA
5529,CYOW,CYYZ
5530,EDDM,LIRQ
5531,KEWR,KDTW
5532,KDAY,KDFW
5533,LEBL,LEMH
5534,LIMC,LIEA
5535,RJBB,RCTP
5536,KLGA,KMDW
5537,LFRS,LFML
5538,KSDF,KDTW
5539,LOWW,UKBB
5540,EHAM,EPWR
5541,KEWR,KFLL
5542,EHAM,LEMD
5543,LEMG,EDDL
5544,LPPT,EIDW
5545,LPPD,LPPT
5546,LEAL,ESSA
5547,KCLE,KATL
5548,KDTW,KATL
5549,VECC,VOMM
5550,KGSO,KATL
5551,KBOS,KORD
5552,KDAY,KATL
5553,LIPZ,LSGG
5554,LEBL,LEMG
5555,EHAM,EFHK
5556,EDDH,EHAM
5557,EDDM,LIRF
5558,ENGM,ENZV
5559,KEWR,KORD
5560,LEPA,LEZG
5561,KSRQ,KATL
5562,LPPR,LSZH
5563,KJFK,KMIA
5564,LEMD,CYYZ
5565,KDTW,KFLL
5566,KBOS,KATL
5567,TJSJ,KMIA
5568,VIDP,VIDN
5569,VIDN,VOBL
5570,LPPT,EDDT
5571,EFHK,EDDM
5572,EDDF,LIMC
5573,SKBO,KMIA
5574,EGLL,LTBW
5575,BIKF,EKCH
5576,LEBL,LEIB
5577,KBOS,KJFK
5578,OMDB,EGLL
5579,LPPD,LPPR
5580,VIDP,VOMM
5581,LEMD,LFPO
5582,EDDL,EFHK
5583,KMIA,KATL
5584,KGRR,KATL
5585,LSZH,EKCH
5586,LEPA,EDDF
5587,EPWA,EPKT
5588,EGCC,EHAM
5589,ENVA,EKCH
5590,YBBN,YPAD
5591,UKBB,LTBW
5592,LHBP,EGGW
5593,LPPT,EGGW
5594,KEWR,KMIA
5595,RCTP,VHHH
5596,EHAM,EICK
5597,LEBL,LEPA
5598,KCLT,KATL
5599,LSZH,EGLL
5600,EPWA,EPWS
5601,KLGB,KSJC
5602,LIME,EGCC
5603,EDDB,ENGM
5604,EGCC,EDDF
5605,EDXW,EDAZ
5606,KISP,KBWI
5607,UWLL,UUEE
5608,KPHL,KDTW
5609,KBOS,KBWI
5610,KLGA,KBNA
5611,PANC,KSDF
5612,WMKJ,WMSA
5613,RJFF,RJAA
5614,KATL,KDCA
5615,EDDT,EHAM
5616,LPFR,LPPT
5617,EDDM,LFPG
5618,KFAY,KATL
5619,KROC,KDTW
5620,EIDW,EGLL
5621,KPHL,KCLT
5622,KABE,KCLT
5623,LFPG,LMML
5624,LEBL,LEPA
5625,EGLL,WMKK
5626,LPPR,EDDM
5627,EPWA,EPKK
5628,LFKJ,LFPO
5629,LEAL,EGPH
5630,LEMD,LEPA
5631,KDCA,KDTW
5632,YBBN,YMML
5633,LEPA,LEMD
5634,KMSS,KBOS
5635,OMSJ,WSSS
5636,KBWI,KATL
5637,LEPA,EDDM
5638,VTBS,RCTP
5639,EDDM,EFHK
5640,KIAD,KATL
5641,KORF,KDTW
5642,EGLL,WSSS
5643,KLGA,KHOU
5644,KBUF,KAKH
5645,RJFF,RJOO
5646,EBCI,EIDW
5647,KRDU,KATL
5648,RCQC,RCKH
5649,LFPB,EGGW
5650,KPGD,KSDF
5651,RJTT,RJFF
5652,LSGG,LFPG
5653,KDCA,KDAL
5654,LFLL,LPPR
5655,LSZH,EHAM
5656,LPFR,EGKK
5657,SKBO,KMIA
5658,LIRF,LEMD
5659,KLGA,KDFW
5660,LEMD,LFPG
5661,YMML,YSCB
5662,LMML,EIDW
5663,KABE,KDTW
5664,LIPE,EGLL
5665,KATL,KORD
5666,KRDU,KDTW
5667,EDDK,EDDM
5668,EDDM,KLAX
5669,LGKN,LSZH
5670,PANC,KCVG
5671,KDTW,KBWI
5672,LFPG,ENGM
5673,EPWA,EHAM
5674,EHAM,LFPG
5675,VTBS,VHHH
5676,LSZH,KORD
5677,LEBL,LIRF
5678,KATL,KFLL
5679,ULLI,UUDD
5680,EKCH,EDDH
5681,LSZH,LIQL
5682,KBOS,KDTW
5683,KDCA,KMDW
5684,EDDT,EGLL
5685,LEMH,LEPA
5686,KTYS,KATL
5687,EGLL,LMML
5688,EDDM,LMML
5689,EHEH,LEPA
5690,EGKK,LSGG
5691,KBOS,KDFW
5692,LIMC,EGGD
5693,EDDM,LEMD
5694,KSDF,KDCA
5695,LEMG,EGKK
5696,KPHL,KORD
5697,KBOS,KJFK
5698,EGNT,EGLL
5699,LSZH,LEPA
5700,LROP,LFPG
5701,LIPZ,LEBL
5702,LTFJ,LTAC
5703,ENZV,ENGM
5704,LPFR,EDDM
5705,KJFK,TJIG
5706,LYBE,LTBW
5707,LSZH,LKPR
5708,KLGA,KFLL
5709,LFPG,EHAM
5710,KCLE,KDTW
5711,LOWW,LFPG
5712,LIMC,EBBR
5713,KMDT,KORD
5714,LEMD,LROP
5715,KBOS,KBNA
5716,KABE,KORD
5717,LIPE,EGCC
5718,EDDM,ESSA
5719,EBBR,LEMD
5720,ENGM,EKCH
5721,EHAM,EDDC
5722,ZGSZ,ZUCK
5723,EHAM,LEMG
5724,RJTT,RJOO
5725,EHAM,KORD
5726,LFPG,LFBO
5727,KBUF,KDTW
5728,WMKK,RCTP
5729,LSZH,EDDH
5730,KRDU,KMSP
5731,LEMG,LZIB
5732,RJTT,RJOO
5733,EHAM,LKPR
5734,LPPR,EIDW
5735,LFPG,LHBP
5736,LGAV,EHAM
5737,KPHL,KRSW
5738,KCVG,KDTW
5739,EDDM,LLBG
5740,ENGM,ENHD
5741,EDLW,LEPA
5742,LFPO,LIMC
5743,WBKK,WMKK
5744,KMIA,MGGT
5745,ENBO,ENGM
5746,LIRF,LIMC
5747,KPIT,KPHL
5748,ZGSZ,ZUCK
5749,EDDM,KIAD
5750,EHRD,LEMG
5751,KROC,KBWI
5752,LIPX,LICZ
5753,LOWW,EHEH
5754,ULLI,UUWW
5755,KJFK,KATL
5756,EKCH,KEWR
5757,EHAM,LPPT
5758,EIDW,EBBR
5759,KDFW,KMIA
5760,UUDD,ULLP
5761,LFPG,GMMN
5762,KALB,KBWI
5763,LPPR,LSZH
5764,LFLL,LPPR
5765,RCQC,RCNN
5766,LKPR,LFPG
5767,KIAD,KATL
5768,KDTW,KAKH
5769,LIMC,LPPR
5770,EPWA,EHEH
5771,CYOW,CYYZ
5772,LOWW,EHEH
5773,LIPE,LFOB
5774,KCVG,KLAS
5775,EHAM,LGAV
5776,EDDF,WSSS
5777,LFPG,EBBR
5778,5MI8,KDTW
5779,KCMH,KBWI
5780,EKCH,EBBR
5781,EDDM,LFPG
5782,OMDB,LFPG
5783,EKCH,EPGD
5784,EFHK,EETN
5785,EDDT,EFHK
5786,KGRR,KDTW
5787,EGKK,LEPA
5788,RCTP,RPLC
5789,EPWA,LOWW
5790,KMKE,KAKH
5791,LFML,EBBR
5792,KSAT,KMIA
5793,KBOS,KORD
5794,KPHL,KATL
5795,EDDM,EDDH
5796,KALB,KDCA
5797,LEMG,LSZH
5798,CYXU,CYYZ
5799,KIAD,KIAH
5800,CYYZ,CYUL
5801,LOWW,LROP
5802,LFBO,EHAM
5803,KCLE,KBWI
5804,KBOS,KMDW
5805,OMDB,EDDF
5806,EDDF,LMML
5807,LSGG,LHBP
5808,KPHL,KATL
5809,RJOO,RJTT
5810,EGLL,EDDP
5811,LPPR,LPPT
5812,LEBL,EIDW
5813,CYYZ,KDTW
5814,KLGA,KMIA
5815,KBNA,KDFW
5816,KCMH,KFLL
5817,ENBR,ENZV
5818,EDDM,KSFO
5819,KBWI,KMDW
5820,LPCS,LPEV
5821,KJFK,KCLT
5822,LIMJ,EDDM
5823,LIRF,LFPG
5824,LGKN,LSZH
5825,KPHL,KMIA
5826,KDTW,KDCA
5827,KDCA,KIAH
5828,LSZM,EDDH
5829,LMML,EDDF
5830,EGLL,KJFK
5831,KCLE,KDCA
5832,MROC,KMIA
5833,EHAM,KLAX
5834,KSDF,KBWI
5835,KJFK,KORL
5836,KLGA,KATL
5837,EDDM,VIDP
5838,KATL,KORD
5839,LOWW,EVRA
5840,EKCH,LFPG
5841,WBKK,WMKK
5842,LFBO,LFPG
5843,KPHL,KDCA
5844,LIPZ,EGPH
5845,EDDF,VOBL
5846,KORD,EDDF
5847,LEMG,EKCH
5848,PANC,KORD
5849,LEMD,EHAM
5850,LROP,LIBD
5851,EGPH,EGLL
5852,KPHL,KMDW
5853,LFPG,CYVR
5854,RJTT,RJFF
5855,KROC,KDCA
5856,LIEE,LIMC
5857,EDDM,LEBL
5858,KATL,KDFW
5859,KAUS,KMIA
5860,EDDL,EHAM
5861,LEMD,LGAV
5862,LEBL,EGKK
5863,LPPR,LSGG
5864,WMKK,WBKK
5865,LSZH,LOWW
5866,KLGA,KCLT
5867,LDZA,EDDS
5868,EHAM,LSZM
5869,KIAH,KORD
5870,PANC,KCVG
5871,KROC,KORD
5872,SBKP,SBVT
5873,LIPE,LEBL
5874,LLBG,LTBW
5875,EDDL,LGAV
5876,VGTJ,OERK
5877,KF69,KRBD
5878,LSZH,LIMC
5879,EDDB,LHBP
5880,KLGA,KORD
5881,KPHL,KFLL
5882,LSZH,ESSA
5883,EBAW,LSZA
5884,LEBL,EKCH
5885,LPPT,EHAM
5886,PANC,KCVG
5887,ESGG,ESSA
5888,KROC,KATL
5889,RJFF,RJTL
5890,KDAY,KAKH
5891,OMDB,VOBL
5892,EBBR,LTFJ
5893,EGCC,EGNS
5894,EIKN,EGGW
5895,KRSW,KATL
5896,LIEA,LIML
5897,LOWW,LIRF
5898,KATL,KBOS
5899,LIRF,EHAM
5900,KIND,KDTW
5901,EDDM,EGLL
5902,KDFW,KFLL
5903,EKCH,EFHK
5904,GMMN,EBBR
5905,KOAK,PANC
5906,KIAD,KPVD
5907,KLAX,KSEA
5908,EGLL,KJFK
5909,SKBO,KMIA
5910,PANC,KSEA
5911,LEZL,LFPG
5912,LPPT,LFBD
5913,KSYR,KATL
5914,KBUF,KBWI
5915,LEMG,EGGP
5916,LEMG,EDDF
5917,LEPA,LFPO
5918,ELLX,LIMC
5919,LEIB,LEZL
5920,EPWA,EPGD
5921,LGAV,EGLL
5922,EKCH,LEAL
5923,LDZA,LFPG
5924,LIME,ELLX
5925,KDCA,KFLL
5926,LFBD,LFLL
5927,OTHH,EDDM
5928,EFHK,EDDF
5929,LFPG,EKCH
5930,LSZH,LIPZ
5931,ESTA,ESSB
5932,KBOS,KPHX
5933,EPKT,EPWA
5934,ENGM,ENBO
5935,LSGG,EGLL
5936,KMDT,KCLT
5937,PANC,KLAX
5938,YSSY,YBBN
5939,KMVY,KBOS
5940,RPLL,OTHH
5941,KEWR,KATL
5942,VECC,VOBL
5943,KALB,KMDW
5944,RKSI,RCTP
5945,LOWW,EDDH
5946,VHHH,VOMM
5947,RJTT,RJOM
5948,EIDW,EGSS
5949,WMKJ,WMKK
5950,KTPA,KMIA
5951,RCTP,VMMC
5952,ESSA,EFHK
5953,EDDK,LKPR
5954,LPPT,LSZH
5955,LSZH,EDDT
5956,KJFK,KLGB
5957,EHAM,VHHH
5958,EGKK,LEAL
5959,LEMD,LIRF
5960,LMML,LSZH
5961,EGLL,EHAM
5962,YSSY,WSSS
5963,EGBB,LEBL
5964,KCVG,KDTW
5965,LFOB,LIBD
5966,YWLX,YSBK
5967,KDAY,KDTW
5968,EDDK,LEPA
5969,LEMD,LEIB
5970,EDDH,EIDW
5971,LFLL,EDDM
5972,KACK,KBOS
5973,LSZH,LSGG
5974,LEMG,LPFR
5975,LPPR,LFPO
5976,LIPZ,LFPG
5977,EHAM,LTFJ
5978,EBBR,LFPG
5979,LEMD,EDDF
5980,ESSA,ENGM
5981,EPWA,LFPG
5982,KATL,KPHX
5983,ENGM,EFHK
5984,VOBL,VOMM
5985,EGLL,ESSA
5986,WMKK,VIDP
5987,LEAL,EHAM
5988,7MI3,KDTW
5989,EHAM,OMDB
5990,EDDK,LOWW
5991,ENVA,ENGM
5992,LFPG,ELLX
5993,OMDB,EDDF
5994,EDSB,EGSS
5995,LOWW,LTFJ
5996,LPPT,LIPZ
5997,EGLL,EHAM
5998,CYUL,CYYZ
5999,ESMS,ESSB
6000,EKCH,EKRN
6001,KPHL,KTPA
6002,EDDK,EDDM
6003,KLZU,67GA
6004,KBWI,KSFO
6005,EDDM,RKSI
6006,LFPO,LFKJ
6007,KSDF,KMIA
6008,LFPG,EDDT
6009,EPKK,ENGM
6010,EGGP,EIKN
6011,EBBR,KIAD
6012,LPPT,LIRA
6013,EIDW,LPFR
6014,LDZA,EHAM
6015,KCMH,KIAH
6016,LIMC,EDDM
6017,LROP,LOWW
6018,VHHH,RKSI
6019,PANC,KORD
6020,RJTT,RJOA
6021,KSYR,KORD
6022,LEBL,LFPG
6023,EDDL,LIRF
6024,LFPO,LFKF
6025,CYUL,CNV9
6026,KMCI,KPHL
6027,EGLL,LFBO
6028,LEMD,LEIB
6029,LIMC,EHAM
6030,EHAM,LIRF
6031,TJSJ,KEWR
6032,PANC,KSDF
6033,EDDM,CYYZ
6034,BIKF,EGLL
6035,KBOS,KLAX
6036,LSZH,EDDF
6037,KDFW,KPHL
6038,KDCA,KLGA
6039,LFPG,LTFJ
6040,KPHL,KORD
6041,EIDW,LFLL
6042,KEWR,60CO
6043,KFLL,KLGA
6044,UUEE,UWLL
6045,YHBA,YBBN
6046,LEMD,LEPA
6047,KTPA,KPHL
6048,LFPO,LEMD
6049,LFPG,EGBB
6050,KIAD,KORD
6051,KPGV,KCLT
6052,KMSP,KCVG
6053,KORD,60CO
6054,RCTP,KLAX
6055,KPHX,KSDF
6056,KDTW,KIAD
6057,KALB,KORD
6058,KPHL,KDFW
6059,KLGA,KDFW
6060,KCMH,KMIA
6061,KCLE,60CO
6062,CYOW,CYYZ
6063,KAUS,KDFW
6064,KBOS,KLGA
6065,KTPA,KDCA
6066,KRDU,KCLT
6067,KDCA,KORD
6068,LGAV,LSZH
6069,KPIT,KLGA
6070,KBUF,KATL
6071,KCVG,KATL
6072,3PS9,KIAH
6073,LPPT,CYUL
6074,KPHL,KBOS
6075,KOMA,KATL
6076,EDDT,EDDM
6077,LIRF,EGLL
6078,KAUS,KDEN
6079,LSZH,LIMC
6080,KCLE,KIAH
6081,KMCI,KDEN
6082,KSGF,KATL
6083,LHBP,LFOB
6084,KIND,KMIA
6085,EDDF,EKCH
6086,LOWS,EDDT
6087,RCQC,RCKH
6088,KBWI,KLAS
6089,KFLL,KIAD
6090,KEWR,KDFW
6091,KATW,KSGS
6092,KCMH,KLAS
6093,VMMC,RCTP
6094,KDTW,60CO
6095,KMSN,KATL
6096,EDDM,LEPA
6097,KIAD,KJFK
6098,KDCA,KATL
6099,KMSP,KDCA
6100,KLGA,KBOS
6101,LFPG,LLBG
6102,RJOO,RJFF
6103,ESTA,ESSA
6104,LEPA,LSZH
6105,KBWI,KBOS
6106,LSZH,KIAD
6107,KFLL,KBWI
6108,KEWR,KORD
6109,EDDF,EPGD
6110,LPPT,LFPO
6111,KPHL,KBNA
6112,KIND,KATL
6113,LEIB,LEMD
6114,LGAV,LEMD
6115,KMDT,KORD
6116,VIDP,OMDB
6117,KIND,KLGA
6118,KBOS,KSEA
6119,UKBB,EHAM
6120,KDFW,KATL
6121,VECC,VIDP
6122,KRDU,KMDW
6123,BIKF,EKCH
6124,KORD,KMIA
6125,KDEN,KMIA
6126,KBNA,KAKH
6127,PN62,KMIA
6128,LTFJ,UUWW
6129,KFLL,KLAX
6130,EGLL,LIRF
6131,KBMI,KATL
6132,KSTL,KATL
6133,KDFW,KDTW
6134,RJTT,RJFF
6135,EKYT,EKCH
6136,WMKK,VHHH
6137,KBOS,KPHL
6138,KGSO,KCLT
6139,LOWW,EDDT
6140,KDTW,KEWR
6141,KMCI,KATL
6142,KRDU,KLGA
6143,KRSW,KDEN
6144,KMKE,KATL
6145,EGKK,LPFR
6146,KPIE,KIAG
6147,KDCA,KMIA
6148,KGRB,KSGS
6149,KCLE,KFLL
6150,TJSJ,KATL
6151,KLGA,KATL
6152,KDEN,KCVG
6153,KBOS,KORD
6154,RJTT,RJFF
6155,KJFK,KPHX
6156,EKCH,EKYT
6157,KSEA,KAFW
6158,VHHH,RJBB
6159,KTYS,KORD
6160,KTUL,KATL
6161,KRSW,KMDW
6162,CYYZ,CYVR
6163,EDDF,EGBB
6164,EGLF,LEIB
6165,KBUF,KORD
6166,KMCI,KDFW
6167,KJFK,KBOS
6168,EFHK,EHAM
6169,KBOS,KDCA
6170,EDDF,KIAD
6171,KATL,KDEN
6172,KBWI,KDFW
6173,LIRF,LICZ
6174,KSDF,KMSP
6175,LOWW,LSZH
6176,LSGG,EGPH
6177,KGSO,KORD
6178,KCMH,KLGA
6179,KSFO,KCVG
6180,LFPG,LFRS
6181,KOMA,KORD
6182,KRDU,KORD
6183,KFRG,KSUS
6184,RJFF,RJTL
6185,KDCA,KCLT
6186,LPFR,EIDW
6187,KPHL,KDEN
6188,KSGF,KORD
6189,KORF,KMIA
6190,ELLX,LIRF
6191,KBWI,KFLL
6192,LROP,LIMC
6193,LIML,LICZ
6194,KORD,KATL
6195,KTPA,KCMH
6196,KCLT,KORD
6197,KSTL,35MN
6198,LHBP,LGAV
6199,EDDM,LTFJ
6200,KJFK,KHHR
6201,EGGD,EDDK
6202,KDTW,KLAS
6203,LYBE,LGAV
6204,KBOS,KDFW
6205,KATL,KLAX
6206,KIAH,KDEN
6207,LFPG,LEMG
6208,KOMA,35MN
6209,KLGA,KDAL
6210,KIAD,KSFO
6211,KBWI,KCLT
6212,KCMH,KDTW
6213,EGSS,LTFJ
6214,LEBL,LIRF
6215,KTYS,KAKH
6216,KTPA,KDEN
6217,KMDW,KTPA
6218,KBOS,KSEA
6219,KJFK,KDTW
6220,LROP,EDDF
6221,LOWW,EDDM
6222,KLAX,KUTA
6223,EDDF,KORD
6224,EDDF,EGSS
6225,LPPT,ESSA
6226,KPHL,KDFW
6227,KDTW,KIAH
6228,KBWI,KBNA
6229,KORD,KIAH
6230,KLEB,KBOS
6231,EGCC,EHAM
6232,KDFW,KSEA
6233,KMIA,SKBO
6234,KMCI,KORD
6235,KOMA,KPHL
6236,KDCA,KLAX
6237,KMDW,KDCA
6238,LFPG,LIRF
6239,KSAT,KDAL
6240,ESSA,EHAM
6241,KTPA,KSEA
6242,KEWR,KSFO
6243,KDTW,KPHL
6244,KJFK,KSFO
6245,KORD,KSEA
6246,KBWI,KORD
6247,LEBL,LEJR
6248,EGCC,EDDB
6249,EDDL,LPFR
6250,ENGM,ESSA
6251,EKCH,ENGM
6252,KHSV,KAKH
6253,KHOU,KDFW
6254,KEWR,KFLL
6255,EGGW,EHAM
6256,YSSY,RCTP
6257,KPHL,KPHX
6258,KRDU,KATL
6259,KTPA,KLAS
6260,EHEH,LPPR
6261,KORD,KPHX
6262,KCMH,KAKH
6263,LFML,LFPG
6264,LPMA,LPPT
6265,KRDU,KBOS
6266,KRSW,KBWI
6267,KSTL,KDFW
6268,KAUS,KORD
6269,KBNA,KORD
6270,EDDF,ENGM
6271,LEMG,EHAM
6272,LPPT,EDDF
6273,ESGG,ESSA
6274,KROC,KORD
6275,KTPA,KIAD
6276,KIAH,KDTW
6277,LEBL,EHAM
6278,LTFJ,EDDL
6279,LFPG,LFNR
6280,KTYS,KATL
6281,KDFW,KDEN
6282,KBWI,KMIA
6283,LEMG,LSZH
6284,PANC,KLAX
6285,KSDF,KAKH
6286,KBNA,KDEN
6287,LSZH,EDDM
6288,KMSP,KDEN
6289,LIEE,LIML
6290,KMDW,KLGA
6291,LFPG,LIMC
6292,WS78,KMSP
6293,KTTN,KFLL
6294,KDCA,KTPA
6295,KJFK,KMIA
6296,LIRF,LIMA
6297,KTPA,KBWI
6298,ULLI,UUWW
6299,KMIA,SBKP
6300,KTUL,KDFW
6301,EGLL,EDDF
6302,KDFW,KLGA
6303,KBNA,KMIA
6304,RJOO,RJFF
6305,KPHX,KCVG
6306,EHAM,KJFK
6307,KTYS,KIAH
6308,KIND,KIAH
6309,EDDF,LIPZ
6310,KLUK,08NC
6311,EETN,EPWA
6312,KAUS,KDAL
6313,KCLE,KORD
6314,RJOA,RJTT
6315,KSAT,KATL
6316,LEMD,EGNX
6317,EGKK,EICK
6318,RJFF,RJAA
6319,VIDN,VIDP
6320,EFKU,EFHK
6321,LEPA,LSGG
6322,EETN,EDDT
6323,LDZA,EGLL
6324,KBNA,KORD
6325,KGRR,KMSP
6326,KCVG,KIAH
6327,VHHH,WSSS
6328,KTPA,KCVG
6329,LPPR,LSGG
6330,K1H2,KSPI
6331,KORF,KCLT
6332,VIDP,VOMM
6333,KRSW,KPHL
6334,LFPG,LFBO
6335,EHEH,EPGD
6336,LSZM,LFBO
6337,KDAL,KECP
6338,KDTW,KPHL
6339,LEPA,LEMD
6340,VTBS,WSSS
6341,KBOS,KORD
6342,KEWR,KRDU
6343,EDDF,LLBG
6344,KCLE,KORD
6345,KTPA,KATL
6346,KBNA,KATL
6347,LFPG,LPPT
6348,EGGD,EGPE
6349,KFLL,KAGC
6350,EVRA,EPWA
6351,KSTL,KBWI
6352,CYYZ,KPHL
6353,KDAL,KLGA
6354,KMCI,KIAH
6355,KPHL,KMSP
6356,WBKK,WMKK
6357,LFPG,LGAV
6358,LSZH,CYYZ
6359,KIAD,KDEN
6360,KATL,KLAX
6361,KFLL,KPHL
6362,EBBR,EDDP
6363,KORF,KDFW
6364,KBOS,KATL
6365,LDZA,EDDM
6366,KCVG,KORD
6367,EPMO,LGAV
6368,KDAL,KBWI
6369,LSZH,LHBP
6370,LOWW,LIPZ
6371,EGLL,KORD
6372,KATL,KBOS
6373,KSTL,KORD
6374,KDTW,KATL
6375,LFPG,GMTT
6376,LEAL,EGNX
6377,KMKE,KSGS
6378,KFLL,KORD
6379,OMDB,VIDP
6380,EDDB,EKCH
6381,EDDF,KEWR
6382,KJFK,KTPA
6383,RJOO,RJTT
6384,EHAM,EDDS
6385,KSDF,KORD
6386,EDDL,EDDM
6387,KAUS,KMSP
6388,KECP,KHOU
6389,KCLT,KIAH
6390,UUWW,ULLP
6391,LSZH,KJFK
6392,EGLL,LGAV
6393,KFLL,KDFW
6394,KJFK,KSEA
6395,KORD,KPHL
6396,KCLE,KSFO
6397,KDCA,KBOS
6398,ENVA,ENGM
6399,EKAH,EGSS
6400,EICK,EGLL
6401,SBKP,SBBR
6402,EGLF,LSGG
6403,KCMH,KRSW
6404,LEPA,LEIB
6405,KDFW,KLAX
6406,LPFR,LSZM
6407,EDDF,LEMD
6408,FAOR,WSSS
6409,KCMI,KORD
6410,KMSP,KMDW
6411,LFPG,LFCM
6412,KATL,KIAH
6413,KFLL,KATL
6414,KPHF,KCLT
6415,VHHH,RCTP
6416,KEWR,KLAX
6417,RJOO,RJOM
6418,EFOU,EFHK
6419,KONT,KSDF
6420,ENZV,ENGM
6421,EDDF,EDDV
6422,CYUL,CNV9
6423,LOWW,EBCI
6424,LFLL,LTFJ
6425,KDCA,KEWR
6426,LFPG,LGAV
6427,LEBL,LIRF
6428,KJFK,KLAX
6429,KRDU,KJFK
6430,EGSS,EIKY
6431,EDLW,EDDM
6432,EDDF,ESSA
6433,KAUS,KATL
6434,KORF,KDCA
6435,EHAM,LEIB
6436,NJ20,6NJ0
6437,KFLL,KPHL
6438,KMDW,KBWI
6439,KSAT,KDFW
6440,LEMG,LEIB
6441,EKCH,EIDW
6442,LSZH,KORD
6443,KMSP,KPHL
6444,EDDL,LEPA
6445,OTHH,LTFJ
6446,EIDW,EIKY
6447,RJOO,RJTT
6448,KATL,KSFO
6449,UUEE,KJFK
6450,KISP,KTPA
6451,KHOU,KLAS
6452,KJFK,KSEA
6453,KLGA,KDEN
6454,LIRF,LIMJ
6455,KDTW,KBNA
6456,LPPR,EDDF
6457,LEMD,LEBL
6458,KOMA,KIAH
6459,LSZH,LGAV
6460,KSAT,KSDF
6461,KBNA,KMDT
6462,EGKK,UKBB
6463,KORD,KLGA
6464,KRDU,KBNA
6465,LHBP,LSZM
6466,ENGM,ENVA
6467,KTEB,KHPN
6468,LSZM,LEMD
6469,KTPA,KOPF
6470,ENGM,EDDM
6471,KCLE,KPHL
6472,EDDF,CYYZ
6473,EDDF,OERK
6474,KCMH,KORD
6475,KSDF,KMDW
6476,KTYS,KORD
6477,EGNX,LEAL
6478,EDDF,CYVR
6479,EDDS,LEPA
6480,KSUS,CYYZ
6481,KRSW,KIAD
6482,EGAA,EGGP
6483,RCQC,RCKH
6484,KMIA,KDFW
6485,KLGA,KORD
6486,RCTP,KLAX
6487,KBUF,KMDW
6488,LGAV,EGGW
6489,LEMH,LEBL
6490,KDTW,KSTL
6491,KDEN,KIAH
6492,KBWI,KBOS
6493,7TN3,1TN0
6494,EDDK,EGLL
6495,EDDB,LGAV
6496,KISM,KDFW
6497,KHOU,KBWI
6498,KORF,KORD
6499,KIAH,KDFW
6500,ENGM,EGLL
6501,KMKE,KBNA
6502,EDDF,LEPA
6503,LSZH,WSSS
6504,KJFK,KSFO
6505,3PS9,KDFW
6506,KPHL,KATL
6507,ESSA,LFPG
6508,LPPR,LFBO
6509,KLGA,KDFW
6510,EKCH,EGLL
6511,KSDF,KATL
6512,EGSS,EDDK
6513,82PA,KAKH
6514,KFLL,KBWI
6515,KMIA,KPHX
6516,KOPF,KTPA
6517,KMSN,KMSP
6518,LHBP,EGGW
6519,KATL,KLGA
6520,EETN,EFHK
6521,KLGA,KORD
6522,KDFW,KLAS
6523,LEPA,LEMD
6524,KCVG,KMDW
6525,KCLE,KMDW
6526,KDCA,KDFW
6527,KIND,KIAD
6528,KIND,KORD
6529,KBOS,KBNA
6530,YSSY,WSSS
6531,KIAH,KU42
6532,KGAI,KDMW
6533,KGSO,KATL
6534,7OH2,KORD
6535,LEPA,EDDS
6536,VTBS,VHHH
6537,LFLL,LFPG
6538,RJTT,RJBB
6539,LROP,LSZH
6540,LJLJ,EDDF
6541,EBBR,EDDM
6542,KTPA,KDEN
6543,EDDM,EHAM
6544,KATL,KDCA
6545,EGKK,EGPE
6546,LSGG,LGAV
6547,KBJC,KFNL
6548,KJFK,KRDU
6549,ENGM,EKCH
6550,EDDF,KBOS
6551,LIRF,LICZ
6552,CYYZ,KAKH
6553,LSZH,LPPR
6554,LEMH,LEMD
6555,KMLI,KORD
6556,EDDT,EKCH
6557,LFKJ,LFLL
6558,LSZH,LEMG
6559,VECC,VOBL
6560,EDDM,LIBD
6561,LEBL,LEIB
6562,KSUS,CYYZ
6563,KECP,KATL
6564,KJFK,KMSP
6565,LIME,EPKK
6566,KGSO,KDFW
6567,KDTW,KDFW
6568,EGKK,LEMG
6569,KBWI,KMSP
6570,KBNA,KDCA
6571,KC29,KC47
6572,KLUK,KIAD
6573,EDDS,LEBL
6574,VOMM,VIDP
6575,WMSA,WMKJ
6576,KRDU,KDFW
6577,EDDL,LOWS
6578,KGRB,KORD
6579,SBKP,SSJC
6580,KFLL,KBNA
6581,KMDW,KBNA
6582,KDFW,KSEA
6583,LPFR,LFPO
6584,VHHH,RPLL
6585,LHBP,LKPR
6586,KLAX,KPHX
6587,KMCI,KDTW
6588,EDDH,LOWS
6589,LEJR,LEMD
6590,KCLT,KMIA
6591,KGSO,KSDF
6592,KSGF,KDFW
6593,EHAM,EGKK
6594,KDFW,KORD
6595,KOJC,SN89
6596,LEPA,LEBL
6597,KAPA,KHOU
6598,KDAY,KPHL
6599,VOBL,VIDP
6600,LEMD,LGAV
6601,EGLL,VHHH
6602,KCLT,KORD
6603,EIDW,EGCC
6604,KBWI,KSEA
6605,KLGA,VG64
6606,RPLL,OMDB
6607,LIEE,LIRF
6608,LEPA,LSZM
6609,KBNA,KDTW
6610,KLAX,KUTA
6611,KBOS,KATL
6612,LEBL,LEMD
6613,LPPT,KORD
6614,EHAM,LOWW
6615,LEVX,LEMD
6616,LTFJ,EGSS
6617,OMDB,OERK
6618,LPFR,LFPO
6619,KBWI,KBOS
6620,VTBS,VHHH
6621,KATL,KMIA
6622,EDDF,LPPT
6623,KLKP,KBOS
6624,EIDW,EGPH
6625,LEIB,LEMD
6626,EGPH,EHEH
6627,LIRF,LIPZ
6628,K39N,KBLM
6629,ENGM,ENBO
6630,EDDS,LTFJ
6631,KTUL,KSTL
6632,EDDF,VHHH
6633,LFPG,CYUL
6634,ULLI,EFHK
6635,KBOS,KORD
6636,KEWR,KFLL
6637,EDDF,RJTT
6638,LEMT,LECU
6639,KDCA,KORD
6640,KCMH,KORD
6641,YSSY,YMML
6642,KAPA,KTEX
6643,KVPS,KEWR
6644,LGAV,EDDF
6645,EIDW,ESSA
6646,KBWI,KORD
6647,KROC,KPHL
6648,KONT,KSDF
6649,LKPR,EGLL
6650,KBOS,KSEA
6651,KBNA,KIAH
6652,UUDD,UWKD
6653,KIND,KBWI
6654,KCMH,KMDW
6655,GMMN,LEBL
6656,KEWR,KORD
6657,KCVG,KDEN
6658,EHAM,VIDP
6659,LGAV,LOWW
6660,KDAL,KECP
6661,LEPA,EDDL
6662,PANC,KLAX
6663,RJFF,RJAA
6664,KORD,KLGA
6665,LEZL,LFBO
6666,KDFW,KUTA
6667,EKCH,EHAM
6668,EGAA,EGSS
6669,EFHK,EVRA
6670,KALB,KORD
6671,KDTW,KEWR
6672,LEMG,LEBL
6673,LEPA,LEBL
6674,EDDF,LHBP
6675,KIND,KEWR
6676,EGLL,LIRF
6677,KBOS,KTPA
6678,EVRA,EETN
6679,EDDS,LTAC
6680,EBCI,LTFJ
6681,KATL,KDTW
6682,KAUS,KBWI
6683,KRDU,KORD
6684,EDDF,EPWR
6685,VOBL,VIDP
6686,KJFK,KCVG
6687,EGGP,LEMD
6688,LGAV,EGLL
6689,LIMC,LGAV
6690,ENBO,ENGM
6691,PANC,KSDF
6692,LPFR,EIDW
6693,EDDF,KSFO
6694,KCMH,KBNA
6695,EDDF,UKBB
6696,KMKE,KORD
6697,LKPR,UKBB
6698,ULLI,UUEE
6699,KEWR,KLAX
6700,3NK5,KIAD
6701,KHOU,KPHX
6702,LIRF,LIML
6703,KMSP,KRSW
6704,KIAH,KATL
6705,LEMD,LEIB
6706,SBRJ,SBGR
6707,KHYA,KBED
6708,EGSS,LTFJ
6709,KMCI,KSTL
6710,KFLL,KATL
6711,OEDF,OERK
6712,KTUL,KAKH
6713,KDEC,KORD
6714,KTYS,KDTW
6715,PANC,VHHH
6716,LIME,EGSS
6717,KPHX,KAKH
6718,KMIA,KSDF
6719,LEZG,LEPA
6720,EPWA,RKSI
6721,KEWR,KTPA
6722,ENVA,ENGM
6723,KOMA,KSTL
6724,EIDW,EIDL
6725,KPHL,KTPA
6726,KMSP,KDTW
6727,KSAT,KHOU
6728,KBOS,60CO
6729,KBUF,KPHL
6730,OMDB,EDDK
6731,KIND,KDCA
6732,LIRF,LIEA
6733,EDDK,LTFJ
6734,LSZH,LFPB
6735,EGGW,LEBL
6736,KTPA,KEWR
6737,KLZU,KWDR
6738,RCTP,VHHH
6739,EGLL,EGAC
6740,LIMC,UKBB
6741,KATL,KRDU
6742,EIDW,EGKK
6743,KTYS,KATL
6744,KCLT,KATL
6745,KSPI,KORD
6746,LEBL,LPPT
6747,KIAH,KEWR
6748,LSGG,LTFJ
6749,EDDF,LTFJ
6750,KSTL,KPHL
6751,PANC,KATL
6752,EGLL,KDFW
6753,KBOS,KFLL
6754,KDCA,KMSP
6755,LSZB,LSGR
6756,LROP,LFPG
6757,LFML,LFPG
6758,KATL,KEWR
6759,EDDF,EDDT
6760,KAPF,KVNC
6761,KCMH,KEWR
6762,YBBN,RCTP
6763,LKPR,EGCC
6764,KMSN,KDFW
6765,KSAT,KORD
6766,KTPA,KFLL
6767,LGAV,LOWW
6768,KORF,KORD
6769,EBCI,LPPT
6770,LIMC,EGKK
6771,KCVG,KORD
6772,VIDP,VECC
6773,EGGD,EDDB
6774,KDAY,KORD
6775,KBUF,KJFK
6776,LOWW,EKCH
6777,EDDB,LFPB
6778,EGLL,KDFW
6779,EBBR,BIKF
6780,KSDF,KIAD
6781,RCTP,KSFO
6782,EIDW,LFPG
6783,LFPG,KATL
6784,LEPA,LEMH
6785,RPLL,VTBS
6786,KDTW,KSAN
6787,KHSV,KIAH
6788,EVRA,EDDB
6789,EGGW,LEMG
6790,EPKT,EPWA
6791,KCMI,KAKH
6792,KRSW,KORD
6793,KCMH,KDCA
6794,EDDF,LEBL
6795,KABQ,KDFW
6796,LFPO,LPPT
6797,KBNA,KLGA
6798,KMSN,KORD
6799,EDDH,ESSA
6800,LROP,LGAV
6801,KSTL,KMDW
6802,KDCA,KSEA
6803,KCLE,KEWR
6804,KCVG,EGNX
6805,KBOS,KFYJ
6806,KEWR,KCLT
6807,SBKP,SPJC
6808,VHHH,VHSK
6809,CYYZ,CYOW
6810,EGLL,KATL
6811,KHOU,KSTL
6812,EGGP,EGJJ
6813,KPHL,KBOS
6814,KMSN,KDTW
6815,KTUL,KIAH
6816,KSTL,KIAH
6817,KORD,KEWR
6818,EDDF,EGPH
6819,EBCI,LEBL
6820,KDCA,KBOS
6821,LKPR,ENGM
6822,KCMH,KBWI
6823,KMLI,KORD
6824,KBOS,KCLT
6825,LIME,LIED
6826,EHAM,LTFJ
6827,KMKE,KORD
6828,KPHL,KORD
6829,LEMG,EBBR
6830,LPPT,LFLL
6831,KDAL,KHOU
6832,EGMC,LEAL
6833,EIDW,EBBR
6834,RJFF,RJTT
6835,RCQC,RCKH
6836,KMDW,KRSW
6837,KCWA,KDTW
6838,ENBR,ENZV
6839,KCVG,KDTW
6840,LMML,LFLL
6841,KECP,KIAH
6842,KBNA,KPHL
6843,LEIB,LEPA
6844,KDFW,KDEN
6845,EDDT,LSZM
6846,KORD,KDFW
6847,KGLH,KDFW
6848,KDAL,KATL
6849,KORD,KDCA
6850,OTHH,EGCC
6851,KGPI,KMSP
6852,EGKK,LPPR
6853,KIAD,KDTW
6854,KHSV,KATL
6855,KJFK,TJIG
6856,EDDF,EDDW
6857,EPKK,EGGP
6858,KDCA,TJIG
6859,KDEN,KORD
6860,KAUS,KDEN
6861,EKCH,ENUL
6862,KORD,KEWR
6863,KCLE,KLAX
6864,ESPA,ESSA
6865,KMCO,KMIA
6866,LLBG,UKBB
6867,KPHL,KRDU
6868,KBNA,KIAD
6869,KLGA,60CO
6870,EDDL,LTFJ
6871,KTPA,KDFW
6872,KAUS,KMDW
6873,LEIB,LEPA
6874,KSKA,KSEA
6875,KDFW,KLAX
6876,K47A,KCZL
6877,EGGW,LLBG
6878,KIAH,KMSP
6879,KBOI,KSEA
6880,EGSS,LFBD
6881,KHOU,KDAL
6882,KBOS,60CO
6883,VIDP,OMDB
6884,KDAL,KDCA
6885,KCLE,KFLL
6886,EDXK,EDXW
6887,KCVG,KDFW
6888,KJFK,KDEN
6889,LTFJ,EDDS
6890,LFRS,LSGG
6891,KATL,KPHL
6892,1VA9,KTYS
6893,EPGD,EPWA
6894,LFML,EBCI
6895,RJBB,RJTT
6896,KMDW,KSTL
6897,KBNA,KHOU
6898,KMCI,KDCA
6899,KLGA,KMSP
6900,KDEN,KIAH
6901,KDFW,KLAS
6902,LEMG,EGLL
6903,EDDH,LTFJ
6904,UUDD,ULLP
6905,KTPA,KORD
6906,VOBL,VIDP
6907,KEWR,TJIG
6908,KJFK,KRSW
6909,PANC,VHHH
6910,KGRB,KORD
6911,KAUS,KDFW
6912,KMSP,KBOS
6913,KBOS,KSFO
6914,KMDW,KMSP
6915,KDCA,KSTL
6916,YSSY,WMKK
6917,KCVG,KLGA
6918,KIAD,KDFW
6919,KIAH,KLAX
6920,SBVT,SBGR
6921,KMKE,KDFW
6922,KDFW,KSAN
6923,KLGA,KSTL
6924,KRDU,KBWI
6925,KORD,KSFO
6926,KMCI,KAKH
6927,KATL,KEWR
6928,KSAT,KBWI
6929,KFLL,KLAS
6930,KISM,KDEN
6931,KDTW,KORD
6932,LEBL,LEIB
6933,KDEN,KORD
6934,KU42,KATL
6935,KJFK,KCLT
6936,KBNA,KDFW
6937,KORD,KIAD
6938,KTYS,KIAD
6939,KDEN,KSLC
6940,KMIA,KLGA
6941,EPGD,EKCH
6942,KBOS,KEWR
6943,EPKK,EPWA
6944,KMSP,KATL
6945,KPHL,KRSW
6946,KMKE,KDTW
6947,KDFW,KLAX
6948,KORD,KLAX
6949,KGRB,KDTW
6950,KFNL,KBJC
6951,EDDS,EDDT
6952,SBKP,SBRJ
6953,KLGA,KIAD
6954,KRDU,KSTL
6955,KATL,KMKE
6956,KSAT,KLAS
6957,KDEN,KMKE
6958,KDTW,KMDW
6959,EGSS,ENGM
6960,KORD,60CO
6961,KBNA,KMDW
6962,KIAH,KEWR
6963,KDEN,KPDX
6964,KIAD,KSEA
6965,KDFW,KATL
6966,KCLE,KDFW
6967,KBOS,KCLT
6968,KMCI,KPHX
6969,EHAM,RKSI
6970,KALB,KATL
6971,KFLL,KBOS
6972,LPPT,LSGG
6973,KOMA,60CO
6974,CYOW,CYVR
6975,KT31,KGLE
6976,LFPG,LGAV
6977,KMKE,KPHL
6978,ENHD,ENGM
6979,KORD,KLAX
6980,VIDP,VOMM
6981,LEBL,LFPO
6982,LEPA,LSZH
6983,TJSJ,KEWR
6984,KTPA,KEWR
6985,KBOS,KDCA
6986,EDDP,VHHH
6987,KRDU,KEWR
6988,KCVG,KEWR
6989,KSTL,KLGA
6990,RJFF,RJBB
6991,LEMD,EDDK
6992,KMSP,KSEA
6993,LEIB,EHAM
6994,KFFZ,KE51
6995,KATW,KDTW
6996,KDEN,KDAL
6997,KEWR,KMIA
6998,KLAX,KSFO
6999,EGGW,LSZH
7000,LEPA,LSZH
7001,KFLL,KSTL
7002,KBOI,KSEA
7003,KTPA,KCMH
7004,KJFK,KSFO
7005,KBOS,KIAD
7006,ESSV,ESSA
7007,KATL,KBWI
7008,KBLI,KSEA
7009,EHAM,BIKF
7010,KSTL,KDTW
7011,DAAG,LFPG
7012,LSZH,LTFJ
7013,KRSW,KBWI
7014,EIKN,EGGP
7015,KATL,KHSV
7016,KDTW,KPHX
7017,KJFK,KFLL
7018,EDDS,LTFJ
7019,KIND,KORD
7020,EDDF,EDDH
7021,KTPA,KMCI
7022,EDDB,LJLJ
7023,EGLL,KIAD
7024,KBOS,KPHL
7025,KMIA,KATL
7026,KORD,KPHX
7027,KU42,KLAX
7028,KATL,KDFW
7029,KSTL,KLAS
7030,EDDF,LPPR
7031,RJFF,RJTL
7032,KGRB,KATL
7033,ENGM,ENVA
7034,KIND,KDEN
7035,9NC9,KORD
7036,KORD,KSTL
7037,EGGD,EGAA
7038,KIAH,KSFO
7039,KEFD,KAPA
7040,EDDC,EHAM
7041,79FD,KRYY
7042,EDDT,BIKF
7043,KDAL,KATL
7044,YPJT,YMUL
7045,LIML,LICR
7046,KFFZ,KCGZ
7047,KDEN,KATL
7048,KATL,KBKL
7049,KDFW,KDCA
7050,KLGA,KMIA
7051,KORD,KBNA
7052,KBOS,KMSP
7053,KISM,KDFW
7054,KIND,KDTW
7055,KSTL,KDEN
7056,KFLL,14FA
7057,ESSA,ESMS
7058,WMKK,WMKJ
7059,KONT,4MS7
7060,KATL,KPHL
7061,KMKE,KBWI
7062,KBWI,KLAX
7063,KBOI,60CO
7064,KDTW,KPHL
7065,CYYZ,CYOW
7066,ELLX,KHSV
7067,EDDF,EDDN
7068,KIAH,KMIA
7069,KDAL,KECP
7070,3OR8,KSEA
7071,KATL,KRDU
7072,KEWR,KORD
7073,KJFK,KATL
7074,EGLL,CYVR
7075,LGAV,LIRF
7076,NJ81,KPHL
7077,KATL,KRSW
7078,KDFW,KSEA
7079,KBOS,KIAH
7080,EDDG,EHGG
7081,PANC,KORD
7082,KCMH,KPHL
7083,LYBE,OMDB
7084,KIAD,KATL
7085,KPHL,KDEN
7086,VECC,VIDP
7087,VHHH,PANC
7088,LSZH,EVRA
7089,CYYZ,KORD
7090,KMCI,KLGA
7091,EDDL,EGBB
7092,EDDF,KLAX
7093,KIAH,KORD
7094,KMKE,KAKH
7095,KLZU,KWDR
7096,KSEA,KPHX
7097,KORD,KDTW
7098,KATL,KCVG
7099,K29M,KORD
7100,KCLT,KMSP
7101,KBOS,KORD
7102,SBBR,SBGR
7103,KBNA,KPHX
7104,LTAC,LTFJ
7105,KDEN,KSDF
7106,KFLL,KMIA
7107,EDDF,LMML
7108,KORD,KATL
7109,KPHL,LFPG
7110,EGLL,KPHL
7111,EDDL,LOWS
7112,KALB,KPHL
7113,KEWR,KMSP
7114,KBNA,KEWR
7115,LIMJ,EHAM
7116,KFLL,KDTW
7117,KSEA,60CO
7118,KTPA,KMDW
7119,VHHH,VTBD
7120,EHAM,LEBL
7121,KTKI,3TS9
7122,KBOS,KDFW
7123,KMSP,KEWR
7124,KATL,KHOU
7125,YSSY,RCTP
7126,KJFK,KSFO
7127,EDDF,EGLL
7128,PANC,KLAX
7129,LIPX,LICZ
7130,LKPR,EHAM
7131,KDFW,KIAH
7132,LEZL,LFPO
7133,EDDK,LOWW
7134,KBNA,KORD
7135,KORF,KATL
7136,LPPR,LSGG
7137,KATL,KIAD
7138,EIDW,KORD
7139,EDDF,LIRF
7140,KDTW,60CO
7141,RCTP,PANC
7142,KBUF,KORD
7143,KPHX,KORD
7144,KOMA,KAKH
7145,KMDT,KATL
7146,KTYS,KDFW
7147,EDFH,EIKY
7148,KDEN,KBNA
7149,LEBL,EIDW
7150,LFPG,BIKF
7151,SKBO,KMIA
7152,EDDS,EVRA
7153,EDDF,EPKK
7154,KATL,KIAH
7155,EGLL,LIPZ
7156,WSSS,VOMM
7157,CYYZ,CYYC
7158,KMKE,KATL
7159,KBOS,KSTL
7160,LEMD,LEMH
7161,UUEE,ULMM
7162,KPIE,KFXE
7163,KDEN,KPHX
7164,KATL,KFLL
7165,KLAX,KUTA
7166,KCLE,KIAD
7167,LPPR,ELLX
7168,KORF,KBNA
7169,KRSW,KATL
7170,CYUL,CYVR
7171,KBWI,KATL
7172,KSDF,KPHL
7173,WSSS,VOBL
7174,KORD,KAKH
7175,SBBR,SBRJ
7176,KMSP,KBOS
7177,LIMC,EGMC
7178,KDEN,KOAK
7179,KSAT,KDTW
7180,EETN,EKCH
7181,LSZM,EHAM
7182,KPHL,KATL
7183,UUEE,ULLP
7184,KEWR,KTPA
7185,EDDL,OMAA
7186,KATL,KDEN
7187,LTFJ,EDDK
7188,KHOU,KATL
7189,LEPA,EGLF
7190,KORD,KPHL
7191,KMSN,KAKH
7192,KCLE,KLAS
7193,EICK,EHAM
7194,KDEN,KHOU
7195,KJFK,TXKF
7196,KMCI,KMDW
7197,EGLC,LEIB
7198,KHVN,KPHL
7199,ELLX,LOWW
7200,LEMD,EGMC
7201,KCVG,KORD
7202,EIDW,EDDK
7203,KDCA,KATL
7204,LEBL,LPPR
7205,EPKK,UKBB
7206,KATL,KSDF
7207,KDEN,KMDW
7208,KTYS,KPHL
7209,LTFJ,LTAC
7210,KEWR,KRSW
7211,KABQ,KOAK
7212,KMIA,SKMA
7213,KROC,KIAD
7214,LPPR,LSZM
7215,KATW,KATL
7216,KU77,UT08
7217,EDDL,LTAC
7218,KCMI,KDFW
7219,EKCH,LTFJ
7220,EIDW,EHAM
7221,EDDF,BIKF
7222,KORD,KATL
7223,0PA6,KPHL
7224,KBOS,K3B4
7225,LIRF,EDDM
7226,KDEN,KBWI
7227,EGLL,BIKF
7228,KATL,KMSP
7229,KDEN,KRDU
7230,EDDB,LOWS
7231,KPVU,UT08
7232,EGBB,LEMG
7233,KSDF,KDFW
7234,KEWR,KLAS
7235,EHEH,LIRA
7236,LEMG,LEBL
7237,KBMI,KDFW
7238,CYYZ,CYVR
7239,KSAT,KDEN
7240,KATL,KVPS
7241,KPDK,KGVL
7242,EGLL,CYUL
7243,EHAM,EPKK
7244,KSAF,KDFW
7245,KDTW,KCLT
7246,KATL,KCMH
7247,EDDL,ESSA
7248,LFPO,LTFJ
7249,KCLW,KSPG
7250,KPHX,KUTA
7251,KDEN,KSAN
7252,EGAC,EGLL
7253,KMCI,KATL
7254,KDFW,KLGA
7255,KDWH,89TA
7256,EKCH,ENGM
7257,LEPA,EDDN
7258,LEPA,EDDN
7259,EGPH,LFPG
7260,KBWI,KDAL
7261,EGSS,LIRA
7262,KISM,KDEN
7263,EKBI,EVRA
7264,MA66,KMVY
7265,KLAX,KUTA
7266,EGGW,LIPZ
7267,EDDF,LTFJ
7268,OTHH,EGLL
7269,VHHH,WSSS
7270,EDDL,LTFJ
7271,EIDW,EGBB
7272,KLOU,KJVY
7273,KDEN,KLAS
7274,KFLL,KATL
7275,KPIT,KPHL
7276,KRSW,KEWR
7277,KEWR,60CO
7278,KATL,KLGA
7279,EBBR,LPPT
7280,KBNA,KABE
7281,KDCA,KPHL
7282,OMDB,OBBI
7283,LEBL,LEPA
7284,KSFO,60CO
7285,KSLR,KADS
7286,KDFW,KPHX
7287,CNV9,CYUL
7288,ULLI,UUDD
7289,EDDF,EPWA
7290,LIRF,EGLL
7291,RCTP,VHHH
7292,LPPT,LSGG
7293,EDDM,EDDW
7294,KATL,SC32
7295,ESSA,ESGG
7296,KRSW,KMDW
7297,VHHH,WMKK
7298,EKCH,ENZV
7299,RJFF,RJTT
7300,KPHL,KTPA
7301,KLGA,KORD
7302,VOMM,VIDP
7303,VTBS,YSSY
7304,KORD,KBWI
7305,EGCC,LTFJ
7306,EGLL,LIPZ
7307,KDMA,KDFW
7308,LEBL,LIPE
7309,LROP,OMDB
7310,KDEN,KDTW
7311,KIAD,KDEN
7312,EHAM,LIRF
7313,KBOS,MA55
7314,KATL,KIAD
7315,EDDT,LEPA
7316,KSGF,KORD
7317,KATL,KMIA
7318,EGLL,EIDW
7319,KJFK,KSEA
7320,KPDX,60CO
7321,KCLE,KBNA
7322,LOWW,EPWA
7323,LPPR,EGCC
7324,KPHL,KDFW
7325,YSSY,WSSS
7326,EDDF,EDDM
7327,KLGA,KIAH
7328,EGCC,EINN
7329,KIAH,KDEN
7330,KCMH,KATL
7331,KBOI,KPDX
7332,KN14,KMJX
7333,KDCA,KMDW
7334,KN12,KOBI
7335,LSGG,OMAA
7336,KEWR,KATL
7337,KATL,KLAX
7338,KSMF,60CO
7339,EGLL,LGAV
7340,KHWV,KFRG
7341,KDTW,KIAD
7342,KDEN,KSTL
7343,EDDH,EVRA
7344,LIMC,LIBD
7345,KRSW,KSTL
7346,EDDM,LTFJ
7347,RJTT,RJBB
7348,KPDX,KSEA
7349,KFTY,KRDU
7350,KLGA,KDFW
7351,KATL,KJFK
7352,LFPG,LPPR
7353,EDDB,LTFJ
7354,KPHF,KPHL
7355,EDDS,LEPA
7356,UWWW,UUDD
7357,KAUS,KIAH
7358,EGGD,LFBD
7359,KPIE,KVNC
7360,ZGSZ,ZUCK
7361,KJFK,KORD
7362,KDAL,KSEA
7363,KCMH,KIAD
7364,KATL,KSEA
7365,KATL,KTPA
7366,LHBP,LSZH
7367,LFPO,LFKF
7368,KMIA,KEWR
7369,KSYR,KIAD
7370,KDTW,KLGA
7371,EIDW,EBCI
7372,LEIB,LEBL
7373,LIMC,OMAA
7374,EHAM,LFBO
7375,KORF,KIAD
7376,KC15,KDFW
7377,LFPG,LTBW
7378,SBKP,SSJC
7379,KPDX,KPHX
7380,EDDH,LSZH
7381,KDEN,KMSP
7382,KATW,KORD
7383,KFLL,KATL
7384,KDFW,KATL
7385,KYKM,KSEA
7386,KBUF,KIAD
7387,KEWR,KPHX
7388,KDMW,KGAI
7389,KJFK,KLAS
7390,LEBL,LSZH
7391,KORD,KLGA
7392,KFLL,KLGA
7393,KSDF,KORD
7394,KMDW,KLAS
7395,KDTW,KATL
7396,LEMG,ENGM
7397,KSAT,KPHX
7398,EDXW,EDXF
7399,KLZU,NC16
7400,LGAV,LIMC
7401,EGLL,LEMD
7402,KDVT,KPAN
7403,KMKE,KPHX
7404,EDDL,EDDV
7405,ESSA,LKPR
7406,KTPA,KDTW
7407,KIND,KATL
7408,KMIA,KDCA
7409,EDDH,EDDR
7410,GMMN,LFPG
7411,KATL,KORF
7412,KLGA,KDCA
7413,LFBO,LFPG
7414,KMSP,KSEA
7415,LIBD,LOWW
7416,KBOI,KMSP
7417,KATL,KORD
7418,KBWI,KLAX
7419,KSPI,KDFW
7420,KDFW,KMSP
7421,KPHL,KBOS
7422,KCLE,KAKH
7423,KDEN,KORD
7424,CYYZ,KFLL
7425,EGSS,LTFJ
7426,EDDM,LHBP
7427,ESSB,ENGM
7428,KDTW,KMIA
7429,KMSP,KDFW
7430,EDDL,EDDM
7431,KDCA,KLAS
7432,WSSS,VTBS
7433,EHAM,KATL
7434,KEWR,KIAD
7435,KBWI,KMDW
7436,EDDH,LHBP
7437,LSZH,LPPT
7438,LKPR,LSZH
7439,KPHL,TJIG
7440,KMIA,SAEZ
7441,ELLX,LIME
7442,LHBP,EHEH
7443,VTBS,OTHH
7444,LIMC,LPPT
7445,KTPA,KATL
7446,KFDK,WV22
7447,ULLI,UUWW
7448,KLAS,TS53
7449,KFLL,KBNA
7450,KMDT,KCLT
7451,EKCH,LIRA
7452,KLAX,60CO
7453,LGAV,LIRF
7454,EDDH,EDDM
7455,EGSS,EPLL
7456,EGLL,KSFO
7457,UUEE,OMDB
7458,KCDW,MA72
7459,EHAM,ENGM
7460,VOMM,VOBL
7461,SBCO,SBGR
7462,KBWI,KCLT
7463,LFPG,CYYZ
7464,KGLE,KT31
7465,KPHL,KRDU
7466,ENBR,ENGM
7467,EHAM,LFBD
7468,9NC9,KPHL
7469,UUWW,EVRA
7470,KPNS,KDFW
7471,KCLE,KATL
7472,KSYR,KPHL
7473,KLOM,KLNS
7474,VECC,VOBL
7475,KRDU,KATL
7476,KJFK,KATL
7477,ESSA,LTFJ
7478,LEMD,LEBL
7479,KIND,KORD
7480,KMIA,KJFK
7481,CYYZ,KORD
7482,LFPG,KJFK
7483,KDTW,KRSW
7484,KEWR,KLAX
7485,EDDF,LSZM
7486,UUDD,LTFJ
7487,9NC9,KPHL
7488,KBOS,KLAS
7489,LIMC,LFPO
7490,KDCA,KORD
7491,ESSA,ESGG
7492,EGLL,KMIA
7493,LEZL,LEIB
7494,LOWW,LEPA
7495,KMIA,KLAX
7496,CYYZ,TBPB
7497,EBBR,EIDW
7498,LIME,EPWA
7499,KDFW,KBWI
7500,KSTL,KDEN
7501,ENBO,ENGM
7502,KXNA,KORD
7503,KTKI,KSLR
7504,KTPA,KSTL
7505,LFPG,KJFK
7506,KRDU,KPHL
7507,EDDS,LHBP
7508,LMML,LICZ
7509,LEBL,OTHH
7510,KJYO,KOKV
7511,KABQ,60CO
7512,KBOS,KLAX
7513,LFPO,LFKJ
7514,EDDH,LSZM
7515,KIAD,KMSP
7516,KEWR,KORF
7517,EGKK,LSGG
7518,KCLE,KORD
7519,KCMH,KORD
7520,EGLL,LKPR
7521,KMIA,KORD
7522,LFPO,LGAV
7523,LIME,LICZ
7524,LFRS,LEBL
7525,EDDT,LTBW
7526,EDDF,LEMG
7527,KCLE,KMSP
7528,KONT,60CO
7529,KDEN,KATL
7530,LEPA,LFPO
7531,KEWR,KLAS
7532,KRDU,KIAD
7533,KATL,KSAT
7534,LFPG,LFBY
7535,KSTL,KDAL
7536,EDDF,EETN
7537,KACY,KPNE
7538,LEMD,LEPA
7539,KORD,ELLX
7540,KDCA,KRSW
7541,RJBB,RJTT
7542,LIMC,LFBO
7543,EGLL,LPPT
7544,VTBS,OBBI
7545,KCVG,KMSP
7546,LOWW,LPPT
7547,EGCC,EHAM
7548,KPHL,KCLT
7549,KIND,KMSP
7550,KMIA,KBNA
7551,VIDP,VIDN
7552,LFPG,UKBB
7553,KEWR,KBOS
7554,KIAD,KCLT
7555,LIRF,EBBR
7556,KMCI,KBWI
7557,KDCA,KECP
7558,EGSS,EIDW
7559,KPHL,KIAD
7560,KLAS,KUTA
7561,EHAM,ESSA
7562,LSGG,LPPT
7563,UKBB,OMDB
7564,KLZU,KD73
7565,DAAG,LFPG
7566,KMDT,KIAD
7567,KBWI,KSTL
7568,EBBR,EKCH
7569,KMIA,KRDU
7570,KEWR,KSFO
7571,VHHH,PANC
7572,KBOS,KATL
7573,EGBB,LEBL
7574,LEMD,OTHH
7575,LFPG,EHAM
7576,LPPT,LPPD
7577,KTYS,KAKH
7578,LIPE,LROP
7579,KSJC,KTEB
7580,K5B2,KSCH
7581,LEBL,LFLL
7582,KDTW,KMCI
7583,EDDM,EDDN
7584,KRDU,KDEN
7585,EIDW,KJFK
7586,KMIA,KORF
7587,KTPA,KFLL
7588,LEMD,EPWA
7589,EGSS,LPFR
7590,KJFK,KSAN
7591,LOWW,LTFJ
7592,KBOI,KLAX
7593,KDTW,KMSP
7594,LIMC,ELLX
7595,PANC,KLAX
7596,LEIB,LEMD
7597,LIRA,LGAV
7598,EDDL,EDDT
7599,KEWR,KBKL
7600,KFAT,60CO
7601,KVPS,KATL
7602,KATL,KTYS
7603,LFRN,LFBO
7604,KDAL,KLAS
7605,KTPA,KVNY
7606,LEMD,LEIB
7607,LOWW,EDDS
7608,EDDM,EPWA
7609,KBOS,KSFO
7610,KDTW,KDFW
7611,LEMG,EKCH
7612,UKBB,LOWW
7613,KDEN,KSEA
7614,ENBR,ENZV
7615,LEAL,EIDW
7616,KEWR,KATL
7617,KDTW,KRDU
7618,ENBO,ENVA
7619,KDAL,KORL
7620,LEIB,LEMD
7621,EGSS,EDJA
7622,LEMD,LEAL
7623,KBWI,KLAS
7624,KMIA,KTPA
7625,KECP,KBNA
7626,EDDM,EPKK
7627,KABQ,KAEG
7628,KDTW,KORD
7629,KEWR,TJIG
7630,KBOS,KMSP
7631,KMDW,KPHX
7632,KHST,14FA
7633,KDAY,KORD
7634,LEMD,LEMG
7635,CYYC,CYUL
7636,LIME,LICZ
7637,LSZM,LIRF
7638,EGCK,EGNR
7639,ENGM,EGKK
7640,EGGW,LROP
7641,KTPA,KDEN
7642,KBWI,TJIG
7643,KGPI,KSEA
7644,KCMH,KDFW
7645,KLGA,KSTL
7646,LEBL,LIMC
7647,WMKJ,WMSA
7648,KN12,KILG
7649,KMIA,KBOS
7650,KDTW,KSFO
7651,CYHU,CYYZ
7652,8MA4,MA52
7653,EIKY,EIDW
7654,LEMD,EGKK
7655,KXNA,KORD
7656,EGGD,LIMC
7657,EVRA,EGKK
7658,EGSS,LKTB
7659,KDTW,KSEA
7660,8MI9,KARB
7661,LIME,LTFJ
7662,KORF,KPHL
7663,KATL,KDAL
7664,LIPZ,EGKK
7665,KU42,KLAX
7666,KMZJ,KAVQ
7667,KBWI,KRSW
7668,EDDM,LEPA
7669,EKCH,LSZH
7670,KMIA,KATL
7671,VHHH,RCTP
7672,EHAM,LIPE
7673,KDVT,KPAN
7674,KDTW,KTEB
7675,KJFK,KBOS
7676,KMCI,KDAL
7677,EGGW,UKKK
7678,KSRQ,KATL
7679,LEPA,EDDM
7680,KDTW,KLAS
7681,EIDW,KBOS
7682,KJVY,KLOU
7683,KJFK,KSAN
7684,KDEN,KAKH
7685,KMSN,KORD
7686,LEMD,LPPT
7687,KJYO,3VA7
7688,KAPA,KFTG
7689,CYYZ,KIAH
7690,KSDF,60CO
7691,KDTW,KIAH
7692,KBNA,KBWI
7693,KLAX,KUTA
7694,KDAL,KMCI
7695,LEPA,LEMD
7696,KMKE,KMSP
7697,EGAA,EGBB
7698,KCVG,KATL
7699,EHEH,LOWW
7700,LEIB,LEPA
7701,KMIA,KPHL
7702,KONT,KUTA
7703,LROP,LOWW
7704,KTKI,TA06
7705,ENHD,EPGD
7706,KBOS,KSEA
7707,EHAM,OMDB
7708,EGGD,EGPH
7709,KJFK,KDTW
7710,KSAT,KIAH
7711,LPPT,LEBL
7712,KBUF,KGVQ
7713,KADS,KHQZ
7714,KTPA,KDAL
7715,LEMD,LPPR
7716,ULLI,UUEE
7717,KTUL,KORD
7718,PANC,KSEA
7719,LOWW,EHAM
7720,ENVA,ENBO
7721,KBJC,CO07
7722,LHBP,LSGG
7723,LEMD,LSZH
7724,KMIA,24FL
7725,LOWW,LSZH
7726,KLAX,KBOS
7727,KDEN,KDCA
7728,EGGW,LLBG
7729,KPHL,KBOS
7730,KGRR,KMDW
7731,EDDV,EDDF
7732,ENGM,ENBO
7733,KHOU,KDAL
7734,KIAD,PN64
7735,KEWR,KCLT
7736,KDTW,60CO
7737,KPDK,KPUJ
7738,KTUL,KHOU
7739,LPPR,LFLL
7740,KTPA,KBWI
7741,KORD,TJIG
7742,KACY,KRSW
7743,KDFW,KSEA
7744,EFHK,EFTU
7745,LEMD,EDDM
7746,ESKN,LHBP
7747,KFFZ,KMZJ
7748,LFBD,LPPT
7749,KLAS,KSTL
7750,EDDT,LEBL
7751,KSTL,KIAD
7752,YMAY,YMEN
7753,KMDW,KMCI
7754,KJFK,KORL
7755,KOAK,KSEA
7756,LTAC,LTBW
7757,KIWA,KMZJ
7758,VOMM,OMDB
7759,KIND,KATL
7760,KPHL,KMIV
7761,KDTW,KPDX
7762,KPHX,KBWI
7763,KDAY,KAKH
7764,KLGA,KDCA
7765,EDDM,EPGD
7766,EVRA,LOWW
7767,KOPF,FA37
7768,KJFK,KLAX
7769,RJBB,RKSI
7770,KFLL,KBWI
7771,KSTS,KSEA
7772,KHEF,KCGE
7773,KABQ,KDAL
7774,KFDK,KDMW
7775,WMKK,OTHH
7776,LEBL,LKPR
7777,KMDW,KTPA
7778,KDAL,KMDW
7779,LSZM,LTFJ
7780,KSFO,KPHX
7781,KTPA,KAFW
7782,LIML,LIEA
7783,UUEE,UWKD
7784,KPWK,KPTK
7785,LFRS,LFPG
7786,EFHK,EFOU
7787,KLGA,KMIA
7788,LFOB,LIPM
7789,KEWR,KCLT
7790,KIAH,KDFW
7791,KJFK,KSYR
7792,LSZH,LOWW
7793,KDTW,KORD
7794,KBWI,KRDU
7795,KPDX,K4S2
7796,KRDU,KMIA
7797,ENGM,EKCH
7798,KSFO,KAKH
7799,EDDM,LROP
7800,KSKA,KSEA
7801,KSEA,KLAX
7802,KPHX,KLAX
7803,VTBS,VHHH
7804,EHAM,LFPG
7805,LPPD,LPPR
7806,EFHK,ENGM
7807,KSBA,KDFW
7808,LPPT,LEMD
7809,KORF,KBWI
7810,KDAL,KHOU
7811,EDFE,EDVK
7812,LEMD,LEIB
7813,KATL,KLAS
7814,EDDT,LOWS
7815,KSKA,KSEA
7816,KLGA,KBOS
7817,LEPA,LSZH
7818,KEWR,KLAS
7819,KABQ,60CO
7820,KDPA,59IL
7821,KBNA,KLAX
7822,CYYZ,CYUL
7823,KMDT,KPHL
7824,SBBR,SBSP
7825,EHAM,EGCC
7826,ULLI,UUDD
7827,KSFO,KSEA
7828,KBWI,KMCI
7829,WSSS,OTHH
7830,EHAM,LPPT
7831,CYYZ,KDCA
7832,KBOI,60CO
7833,KPHX,KSEA
7834,EDDL,LOWW
7835,KMIA,KEWR
7836,KLAX,KDFW
7837,EIDW,EGPF
7838,KDTW,KLAX
7839,KLAS,TS53
7840,KSEA,KOAK
7841,KTPA,7PS7
7842,OMAA,VOMM
7843,KHPN,KFRG
7844,2GA9,KPDK
7845,EGKK,EKCH
7846,LSZM,EKCH
7847,KBOS,KRDU
7848,KPNE,FA37
7849,EGLL,UUEE
7850,KMTN,KTHV
7851,KEWR,KCLT
7852,KJFK,KLAX
7853,LIML,LIRF
7854,KFLL,KDFW
7855,KDTW,KCMH
7856,KSTL,KTPA
7857,KLAS,KDTW
7858,KSDF,KPGD
7859,KDFW,KATL
7860,EFHK,EETN
7861,KSMF,KSAN
7862,KATL,KMDW
7863,KSAT,KAFW
7864,LEMD,EHAM
7865,PANC,KSEA
7866,KFFZ,KCGZ
7867,CYUL,CYYZ
7868,LPPT,LPPR
7869,EKCH,EGLL
7870,KBOI,KSEA
7871,EHAM,LIMC
7872,KSTL,KORD
7873,KABQ,KLAX
7874,EDDT,LSZH
7875,KDVT,KCGZ
7876,LROP,EBBR
7877,KBOS,KBWI
7878,KAUS,KBNA
7879,KTPA,KPHL
7880,LEMD,LIPZ
7881,EDDH,LSZH
7882,EGLL,LSGG
7883,KHOU,KHPN
7884,LEPA,EDDL
7885,KDFW,KTUL
7886,KPHX,60CO
7887,KONT,UT13
7888,KDTW,KSTL
7889,OTHH,LFPG
7890,KLAS,60CO
7891,EDDK,EGGD
7892,LGAV,LEMD
7893,KGPI,60CO
7894,9NC9,KCLT
7895,RJBB,PANC
7896,KDCA,KDFW
7897,KEWR,KDCA
7898,LIMC,LICZ
7899,KATW,KORD
7900,LSGG,LSZH
7901,EDDM,LSGG
7902,ULLI,UWKD
7903,LIPZ,LKPR
7904,EGLL,OTHH
7905,KBOI,KPHX
7906,KSMF,KSEA
7907,KRDU,KDFW
7908,ZGSZ,ZUCK
7909,KLAX,KATL
7910,KBNA,KDEN
7911,KTPA,KHOU
7912,KBOS,KLAX
7913,LEPA,EDDB
7914,KMSP,KPHX
7915,EDDH,LOWW
7916,LPPR,LFPO
7917,EDDF,OMDB
7918,KSEA,KU42
7919,LPPT,EDDM
7920,EHAM,LSZH
7921,KEWR,KFLL
7922,KDTW,KSAN
7923,LIEE,LIMC
7924,MU65,KSTL
7925,ENBR,ENGM
7926,KPHX,KCVG
7927,KPSP,UT13
7928,LEMD,EGLL
7929,KBWI,KOAK
7930,LGAV,EDDM
7931,KLAS,KATL
7932,KSJC,KU42
7933,EGPF,EGLL
7934,KDEN,KIAH
7935,KMSP,KIAH
7936,KMKE,KDCA
7937,KJFK,KLAX
7938,KORD,KPHL
7939,EGLL,LSZH
7940,VHHH,OTHH
7941,KDTW,KPHX
7942,LOWW,EDDT
7943,KSDF,KAKH
7944,KPHX,60CO
7945,KDBQ,KORD
7946,KLAX,KOAK
7947,LPPT,EDDK
7948,KLAS,KBKL
7949,LEBL,LSZH
7950,KBWI,KPHX
7951,KORD,KSEA
7952,KOAK,KLAS
7953,LEMD,LIRF
7954,KSEA,KSFO
7955,LSGG,LOWW
7956,KDAL,KSGR
7957,EGLL,OMAA
7958,LFPG,EDDM
7959,EDDT,LOWW
7960,KATL,KBOS
7961,LEMD,EDDL
7962,LIBD,LIPZ
7963,EGPH,EIDW
7964,KPDX,KSEA
7965,KCLT,KSDF
7966,LIMF,LIRF
7967,KGSO,KATL
7968,KDTW,KBOS
7969,VA42,KRMN
7970,LPPR,LEMD
7971,EKCH,EDDF
7972,EDDP,OBBI
7973,VGTJ,OTHH
7974,EFHK,LFPG
7975,KMGW,KBWI
7976,KATL,KMCI
7977,KLAS,35OR
7978,LIPZ,LSZH
7979,KSDF,KATL
7980,EFHK,EKCH
7981,KPHX,60CO
7982,KDTW,KTPA
7983,LEBL,EDDS
7984,KSFO,KORD
7985,LEMD,EDDF
7986,EGLL,EPWA
7987,KLAS,KDAL
7988,KATL,KBWI
7989,LEPA,EDDH
7990,KGPI,KLAX
7991,EGSS,EDDF
7992,KCLE,60CO
7993,KDVT,AZ05
7994,LFBD,LFQQ
7995,LSGG,LSZH
7996,KBNA,KAKH
7997,KBOS,KRDU
7998,KPHX,KMDW
7999,LIMJ,LIRF
8000,EGCC,OMDB
8001,KORD,KATW
8002,KORF,KCLT
8003,ESSA,EFHK
8004,KDAL,KSTL
8005,KDTW,KMSN
8006,KRDU,KCLT
8007,KSFO,KMDW
8008,EBBR,LEBL
8009,KSMF,UT13
8010,EHAM,OMDB
8011,LEBL,UKBB
8012,LFPG,LOWW
8013,KLGA,7PS7
8014,KAUS,KATL
8015,KATL,KDEN
8016,KDTW,KBNA
8017,LIPZ,LOWW
8018,EDDM,LSZH
8019,KDCA,KLAX
8020,LSGG,OMDB
8021,KISM,KDFW
8022,KLAX,KUTA
8023,KFLL,KEWR
8024,KLAS,KLAX
8025,KJYO,3VA7
8026,KECP,KATL
8027,LIEE,LIML
8028,EGCC,OTHH
8029,KAUS,KSTL
8030,KCMI,KORD
8031,KIAH,KATL
8032,KDEN,KSNA
8033,KMDW,KBWI
8034,KSTL,KATL
8035,EFHK,EHAM
8036,LHBP,LSZH
8037,LEMD,LEBL
8038,KLAS,60CO
8039,KDTW,KCVG
8040,LIRF,LOWW
8041,EGLL,ESSA
8042,37MI,KPTK
8043,KMSP,KEWR
8044,KFCM,KBJC
8045,KBNA,KORD
8046,RCQC,RCKH
8047,KHOU,KMDW
8048,KSAT,KMDW
8049,VHHH,RCTP
8050,KEWR,KPHX
8051,EHEH,EPWA
8052,EFHK,EDDM
8053,KTEB,KHPN
8054,KCLE,KTPA
8055,EGSS,EKCH
8056,KLAS,KSEA
8057,82PA,KATL
8058,KORD,KMSP
8059,LPPR,LFLL
8060,KDTW,KMKE
8061,KGAI,KDMW
8062,KSMF,KPHX
8063,EDDM,LIRQ
8064,KU42,KATL
8065,KBOI,KSFO
8066,LFPO,LEMD
8067,KMDW,KHOU
8068,KMKE,KORD
8069,KLAX,KSEA
8070,EHAM,OTHH
8071,KPHX,KATL
8072,KLAS,KU42
8073,PANC,RKSI
8074,KMCI,KORD
8075,EIKY,EGSS
8076,KDTW,KBWI
8077,EGLL,KSFO
8078,YPAD,YBBN
8079,KLGA,KCLT
8080,KSFO,UT13
8081,KILG,KTTN
8082,EFHK,EGLL
8083,KDTW,KFLL
8084,EGCC,LIPZ
8085,EGAA,EGKK
8086,LEMD,LIMC
8087,KEWR,KDFW
8088,EGBB,LFPG
8089,KCLT,KHSV
8090,KPDX,KU42
8091,KLNS,KLOM
8092,EGKK,LSZM
8093,KAUS,KSEA
8094,EDDM,LEPA
8095,ENGM,LTFJ
8096,KBWI,KTPA
8097,LIRF,LFPG
8098,KMRY,KPHX
8099,EGLL,LFLL
8100,LFPO,LFKF
8101,KDAL,KECP
8102,VMMC,RCTP
8103,KDEN,KSEA
8104,ENGM,ESSA
8105,EDDK,LEPA
8106,EDDF,LSZH
8107,UWLL,UUEE
8108,KIWA,KSJC
8109,LFBO,EGLL
8110,8MA4,MA52
8111,KMSP,KCMH
8112,LPPT,EDDM
8113,KORD,KSEA
8114,EIDW,OMDB
8115,EFHK,LIRF
8116,EDDH,LEPA
8117,KATL,KSEA
8118,KDEN,KPDX
8119,LOWW,LROP
8120,EDDF,OMDB
8121,KDTW,KATW
8122,KMSP,KLAS
8123,3PS9,KAKH
8124,KU42,KPHX
8125,KORD,KBOS
8126,KCMH,60CO
8127,EHAM,EGLL
8128,K2K9,KMKO
8129,KFMH,MA44
8130,KBNA,KPHX
8131,KJFK,KFLL
8132,KMCI,KDEN
8133,KLAS,KSFO
8134,ULLI,LTBW
8135,LEBL,LSGG
8136,FL57,FA46
8137,EDDF,LSZH
8138,KCVG,KDEN
8139,KLUK,KMIA
8140,KLAX,KORD
8141,EDXF,EDXK
8142,KLGA,KDFW
8143,KSFO,KJFK
8144,LEAL,LIRF
8145,KATL,KDCA
8146,EGSS,EGPH
8147,KBVY,6MA2
8148,KMDW,KBOS
8149,KDVT,KPAN
8150,KFFZ,KPAN
8151,LSZH,LIMC
8152,LEBL,LEMD
8153,EDDL,LFPG
8154,KBOI,KOAK
8155,KORD,KSYR
8156,KHIO,KSJC
8157,EGLL,KORD
8158,KMIA,KCMH
8159,KDFW,KLGA
8160,ESSA,EDDM
8161,LSPV,LSZF
8162,KSFO,KMSP
8163,KORD,KBUF
8164,KPDK,67GA
8165,KATL,KRSW
8166,KLAX,KU42
8167,EFHK,ESSA
8168,KDEN,KSJC
8169,KMDW,KLGA
8170,KOXR,KVNY
8171,EFHK,OTHH
8172,KBOS,KBWI
8173,KCMH,KLAS
8174,EGLL,LSGG
8175,KSEA,KATL
8176,KORD,KRDU
8177,KBLV,KFLL
8178,LSGG,LSZH
8179,EETN,EVRA
8180,KLGA,KATL
8181,KHMZ,KCXY
8182,KBWI,KSAN
8183,LIRF,OMDB
8184,KORD,KDAY
8185,YMML,VHHH
8186,KPHX,KABQ
8187,KDTW,KIAD
8188,EDDM,LGAV
8189,KVNY,KPRB
8190,KFAT,KU42
8191,KPSP,KDFW
8192,EDDH,LEPA
8193,EDDF,OTHH
8194,LEJR,LEBL
8195,KSFO,60CO
8196,LEPA,LFPO
8197,LEMG,EHAM
8198,LEBL,LEIB
8199,KABQ,KPHX
8200,KLGA,KBKL
8201,EPWA,LJLJ
8202,LEIB,LEBL
8203,KDFW,KPHX
8204,KATL,KTPA
8205,EGLL,CYYZ
8206,EFHK,EFOU
8207,EDDF,KORD
8208,KSAN,KIAH
8209,KORD,KLGA
8210,KHPN,KPVC
8211,KLAX,KABQ
8212,UUWW,LSGG
8213,ENGM,OTHH
8214,KLAS,KBWI
8215,KSJC,KSEA
8216,KCGZ,KFFZ
8217,KBWI,KHOU
8218,EDDM,LOWW
8219,CYYC,CYYZ
8220,KORD,KFLL
8221,KFFZ,19AZ
8222,LOWW,OMDB
8223,KPDX,KOAK
8224,KSAN,KORD
8225,KEWR,KCMH
8226,KBNA,KATL
8227,LFPG,OTHH
8228,LIMC,LSZH
8229,KIAH,KUTA
8230,KORD,KCWA
8231,KAFW,TS02
8232,KMSP,KRSW
8233,KSAN,KSEA
8234,KHPN,KLKP
8235,KSJC,KPHX
8236,LSZH,OTHH
8237,LTBA,EFHK
8238,KDCA,KMCI
8239,EGLL,LEBL
8240,KFAT,KPHX
8241,KAUS,KDAL
8242,VOMM,VIDP
8243,KAPF,KVNC
8244,EGAA,EGGW
8245,KTPA,KDFW
8246,KSBP,KPHX
8247,ENBO,ENVA
8248,LEMD,OMDB
8249,LEIB,LEMG
8250,EKCH,OTHH
8251,KTYS,KATL
8252,KBDN,50OR
8253,KPHX,KDTW
8254,KSAN,KMSP
8255,KLAX,EDDP
8256,1OH4,1OH1
8257,KORD,KEWR
8258,RPLL,RCTP
8259,EBBR,EYVI
8260,KADS,TA06
8261,KHOU,KDFW
8262,KATL,KHOU
8263,VIDP,OERK
8264,KPAE,KBFI
8265,KFRG,03NY
8266,LROP,LEMD
8267,EFHK,EFKU
8268,YBBN,WSSS
8269,KMSN,60CO
8270,KLGA,KFLL
8271,LFML,LFPG
8272,LEPA,LSGG
8273,KIAH,KPHX
8274,LGAV,LYBE
8275,KSMF,KSEA
8276,KSAN,KDFW
8277,K43A,KBUY
8278,EDDT,EKCH
8279,KOMA,KORD
8280,LFPO,LGAV
8281,KPHL,KALB
8282,KORD,KBKL
8283,LFPG,LIRF
8284,WMKK,WBKK
8285,EGLL,KMIA
8286,KSGF,KDFW
8287,KSEA,KMSP
8288,KBNA,KM33
8289,KLAX,KSFO
8290,K61B,K0L7
8291,KDFW,KORD
8292,SBMT,SDCO
8293,KFFZ,AZ00
8294,KATL,KSTL
8295,EGKK,EGAA
8296,KLAS,KOAK
8297,EPGD,EDDF
8298,KSAN,60CO
8299,KPUJ,KPDK
8300,KPHL,KRSW
8301,LIRF,LICZ
8302,KDEN,KBWI
8303,KVNC,KAPF
8304,KDEN,KLAX
8305,LIME,EHEH
8306,EDDM,OMAA
8307,KMDW,KPHL
8308,KBOI,20ID
8309,KCLT,KORD
8310,LEBL,EDDM
8311,EHAM,EGKK
8312,YMML,WSSS
8313,ENBO,ENGM
8314,KRDU,KBNA
8315,KMSP,KATW
8316,KSAN,KSFO
8317,LFPG,ESGG
8318,KFTW,KDAL
8319,UWWW,UUEE
8320,EBBR,LHBP
8321,EDDL,LEPA
8322,EGLL,EKCH
8323,KVPC,KPUJ
8324,MROC,KMIA
8325,KC83,KSQL
8326,EDJA,LPPT
8327,KSJC,KSAN
8328,UUWW,ULMM
8329,KORD,KPHL
8330,LEPA,EDDK
8331,KCMH,KDCA
8332,LEBL,LEMG
8333,KMSP,KDFW
8334,ENGM,EPKK
8335,LIPZ,EDDF
8336,KONT,KOAK
8337,EBBR,OMDW
8338,LSZH,LPPR
8339,EKCH,ESSA
8340,EHEH,LPPT
8341,LSZH,LPPR
8342,KOAK,KLGB
8343,LFPG,EDDH
8344,KSAN,KSMF
8345,EIDW,EDDB
8346,KPDX,KSEA
8347,LPPT,LEMG
8348,EHAM,EGGW
8349,KORD,KCVG
8350,EGCK,EGNR
8351,KHPN,KPWK
8352,LOWS,EDDL
8353,KLAX,KMDW
8354,KPHX,KUTA
8355,KSAN,KUTA
8356,KDCA,KORD
8357,KATL,KDAL
8358,KSDL,KCRQ
8359,KSBA,KSFO
8360,KMCI,KSEA
8361,EDDM,LSZH
8362,LEMD,EPWA
8363,EICK,EPGD
8364,KBNA,KLAX
8365,KOMA,KPHX
8366,KSAT,KDFW
8367,KMKE,KORD
8368,KLGA,KCVG
8369,EFHK,LSZH
8370,KDFW,KIAH
8371,KORD,KMKE
8372,KLAX,60CO
8373,KATL,KOMA
8374,EPWA,UKBB
8375,KBOI,1ID4
8376,EGBB,EDDF
8377,EGKK,LEBL
8378,KPDX,60CO
8379,EVRA,EDDL
8380,EDDM,EDDH
8381,KLAS,KMDW
8382,KSFZ,KPYM
8383,LFPG,LJLJ
8384,EPWA,EGLL
8385,LEBL,LEPA
8386,KHOU,KTPA
8387,LEIB,LEPA
8388,EHAM,EDDM
8389,EDDT,LFPG
8390,KSBA,KPHX
8391,KCLT,KTPA
8392,KORD,7MI7
8393,KSAN,KDAL
8394,EGSS,EDLW
8395,KEWR,KSFO
8396,KBED,KTEB
8397,18AZ,57AZ
8398,KARB,KYIP
8399,RCTP,VMMC
8400,LOWS,EDDH
8401,EKCH,LFPG
8402,LEMH,LEPA
8403,LFPG,EIDW
8404,KMSP,7PS7
8405,KDFW,2MO1
8406,KAUS,KDFW
8407,EDDF,ESGG
8408,KRSW,KDFW
8409,EDDM,LKPR
8410,KLAS,KDTW
8411,LIRF,EDDM
8412,EIDW,EGGP
8413,UUDD,ULLP
8414,KATL,KOAK
8415,LHBP,LIRA
8416,EGLF,LSGG
8417,KSJC,KLAX
8418,KAUS,KPHX
8419,KABQ,KBWI
8420,KORD,KATW
8421,KPHX,KSTL
8422,KILG,KFRG
8423,KONT,KDFW
8424,KLAX,KDTW
8425,KTEB,KRDU
8426,EBBR,ENGM
8427,ESGG,ESSA
8428,EKCH,OMDB
8429,LLBG,EGLL
8430,KTPA,KDEN
8431,KBWI,KU42
8432,LSZV,LSMD
8433,LEBL,OMDB
8434,CYYZ,KBED
8435,KCLT,KIAH
8436,KAUS,KEWR
8437,KORD,KDFW
8438,EGLL,EDDK
8439,LEMD,LPPT
8440,EGKK,EHAM
8441,LEMD,LFBO
8442,RJTT,YSSY
8443,17CO,KBJC
8444,KDFW,KSBA
8445,KBNA,KPHL
8446,RJBB,RCTP
8447,KHOU,KFLL
8448,EBBR,OMAA
8449,LSZH,ENGM
8450,KORD,KGRR
8451,KMDW,KBNA
8452,KDFW,KHOU
8453,KPHX,KMSP
8454,KORD,KTYS
8455,KEWR,KDTW
8456,KATL,KSNA
8457,KSGS,KSFO
8458,LFPG,LIPZ
8459,KSGF,18MO
8460,KBOS,KCLT
8461,LFPB,LFLY
8462,KSTL,KFLL
8463,EHAM,LGAV
8464,LFPO,LFKJ
8465,KBNA,KFLL
8466,KMSP,KDTW
8467,KCLT,KDFW
8468,LIPE,LIRF
8469,EIDW,EGGD
8470,KATL,KECP
8471,KMSP,KPHX
8472,KSAN,KPHX
8473,EHEH,EPKT
8474,03OK,KRVS
8475,EDDM,KORD
8476,LTAC,LTFE
8477,KCLT,7PS7
8478,KTPA,KMDW
8479,ESSA,EFMA
8480,KMIA,KDFW
8481,LFPG,LROP
8482,KTEB,KRDU
8483,KMDW,KATL
8484,SPJC,KMIA
8485,KSEA,KPDX
8486,KATL,KTUL
8487,KSTL,KORD
8488,KSAN,60CO
8489,KORD,KBWI
8490,LEMD,LEBL
8491,KCWA,KORD
8492,KMCO,KMIA
8493,LEPA,EDLW
8494,KHEF,VA71
8495,KORD,KLGA
8496,ZGSZ,ZUCK
8497,KLAX,KSMF
8498,CYYZ,CYXE
8499,KTUL,KDFW
8500,LIME,LHBP
8501,KPIE,KCVG
8502,EKCH,EHAM
8503,LFPG,CYUL
8504,EGKK,EIDW
8505,LFBO,LFKJ
8506,KATL,KPHL
8507,LROP,LTFJ
8508,KADS,KECP
8509,KHOU,KSTL
8510,KCLT,KECP
8511,KORD,KCMH
8512,EGLL,EICK
8513,EIDW,LIPZ
8514,LIRF,LPPT
8515,LEAL,EGKK
8516,KLEE,KGNV
8517,KSTL,KHOU
8518,WBKK,WMKK
8519,KPDX,KATL
8520,KATL,NC16
8521,KBNA,KDAL
8522,KFTW,3XA8
8523,KORD,KSMF
8524,LEMD,EBBR
8525,LFPG,LKPR
8526,KSTL,KMDW
8527,EDDF,LOWW
8528,KBOS,KMDW
8529,KDFW,KATL
8530,KOKV,KJYO
8531,EGPF,LFPG
8532,KATL,KRDU
8533,EBCI,LOWW
8534,EGLL,OMDB
8535,EDDM,LEBL
8536,LSZH,EKCH
8537,LPPR,LIMC
8538,KPHL,KDTW
8539,LTAC,LOWW
8540,KDEN,KATL
8541,LROP,LGAV
8542,KMCI,KDCA
8543,LIMC,KJFK
8544,ENVA,ENGM
8545,KDFW,KORD
8546,KMDW,KOAK
8547,KORD,7PS7
8548,KDFW,KEWR
8549,KLAS,KCVG
8550,EDDM,LEMD
8551,KRDU,KJFK
8552,KONT,KDEN
8553,KBFL,KPHX
8554,CYTZ,CYKZ
8555,KSAN,KATL
8556,KEWR,KSEA
8557,KMCI,KHOU
8558,KJFK,KSEA
8559,KATL,KPDX
8560,RCQC,RCKH
8561,KDFW,KTUL
8562,KMIA,KLAS
8563,KOBI,KBLM
8564,LEAL,EGSS
8565,VHHH,VTBD
8566,KORD,KBNA
8567,KPIE,KSPG
8568,EDJA,LEPA
8569,LFPG,LEBL
8570,EGBB,EIDW
8571,KDFW,KEWR
8572,LIRF,LEBL
8573,EFHK,EFOU
8574,KFFC,64GA
8575,KCLT,KPHX
8576,KLAS,KSAN
8577,LEIB,LEBL
8578,KBED,KBVY
8579,LOWW,EIDW
8580,KOAK,KHWD
8581,EGCC,OMAA
8582,KORD,KLAS
8583,KMDW,KDCA
8584,VIDP,OTHH
8585,KMSP,KMSN
8586,KORD,KDCA
8587,KFLL,KBKL
8588,EKCH,EKYT
8589,KCMH,KPDK
8590,EGAC,EGLL
8591,EDDM,EDDL
8592,KDFW,KBOS
8593,EGJJ,EGGP
8594,KSEA,KMDW
8595,EHAM,EDDM
8596,KPIE,KPDK
8597,KATL,60CO
8598,KSAT,KDAL
8599,UUEE,EDDF
8600,ENGM,LFPG
8601,EFTU,EFMA
8602,KLAX,KPHX
8603,KBUR,KPHX
8604,LSZH,LEMG
8605,KEWR,CYUL
8606,LEPA,LEBL
8607,LFOB,LHBP
8608,KSTL,KLAS
8609,LFPG,LFPO
8610,KPDX,KSEA
8611,K2W6,MD82
8612,KBOI,1ID4
8613,EFHK,LOWW
8614,KMSP,KPDX
8615,EDDM,OMDB
8616,KDFW,KONT
8617,KBOS,BIKF
8618,KATL,KSMF
8619,KAUS,KPHX
8620,LIME,EDDB
8621,KORD,KMSP
8622,LSZM,EHAM
8623,LYBE,UUWW
8624,LEMD,LEIB
8625,KSDF,KMKE
8626,VIDP,VOBL
8627,KOAK,60CO
8628,KHOU,60CO
8629,EGLL,LOWW
8630,KPUB,KAPA
8631,ESSA,OTHH
8632,LGAV,EGSS
8633,LEMD,LEPA
8634,LFPO,LEPA
8635,KATL,2MO1
8636,KDEN,KIAD
8637,KPDX,KSFO
8638,KDVT,AZ05
8639,EDDF,LDZA
8640,FAOR,FACT
8641,KACY,KFRG
8642,KJYO,61VA
8643,KCLT,KVPS
8644,KDEN,KLAX
8645,LSZH,LGAV
8646,5TX0,KGLE
8647,VECC,VOBL
8648,KFLL,KJFK
8649,KBWI,KALB
8650,KATL,KDTW
8651,KLAX,KATL
8652,KORD,KBOI
8653,KSFO,KSAN
8654,KSTL,KK52
8655,EDDT,LEPA
8656,KPHX,KAKH
8657,KLGA,KCMH
8658,KSEA,KSAN
8659,SC32,0GA2
8660,KRDU,KDTW
8661,KT31,KGLE
8662,KBNA,60CO
8663,KORD,60CO
8664,KMDW,KOMA
8665,KHOU,KLGA
8666,KMSP,KPHX
8667,KBOS,KSAN
8668,KAPA,25CD
8669,KMSN,KORD
8670,KOSU,OH88
8671,KSFO,KLAX
8672,EDDL,EIDW
8673,EVRA,LOWW
8674,KATL,KSTL
8675,EFHK,EGLL
8676,KSNA,KPSP
8677,KBUR,KSFO
8678,KORD,KDEC
8679,EIDW,LIMC
8680,KLAX,ELLX
8681,KORD,KDTW
8682,KSMF,KPHX
8683,LOWW,LSZH
8684,KJFK,KORD
8685,KPHX,KPDX
8686,KLNS,KBWI
8687,KBWI,KBUF
8688,UUWW,UWKD
8689,KARB,36MI
8690,LIBD,EDDM
8691,KPDX,KSAN
8692,KSJC,KLAX
8693,KOPF,KLXV
8694,KDAL,KBNA
8695,KDCA,KLGA
8696,KBNA,KECP
8697,LFPG,LIPM
8698,KDFW,KDCA
8699,KSBP,KLAX
8700,KSAN,KSFO
8701,UUDD,EGLL
8702,KORD,KDCA
8703,VHHH,RPLL
8704,KATL,KBUF
8705,KHEF,KCGE
8706,KJWY,01TX
8707,LOWW,LSZH
8708,KDFW,KSEA
8709,KBOS,KTPA
8710,LKPR,OMDB
8711,KSTL,60CO
8712,KFTG,KAPA
8713,LPPT,LIRF
8714,KLAS,KAKH
8715,CYYZ,CYOW
8716,LFPG,OMDB
8717,KBNA,KHOU
8718,KORD,KPHX
8719,KFAT,KLAX
8720,KDCA,KBKL
8721,KDFW,KPHL
8722,KLGA,KRDU
8723,KRSW,KPHL
8724,KPHL,KSFO
8725,KABQ,KDFW
8726,LOWS,EDDL
8727,LFPO,LPPR
8728,KORD,KATW
8729,KATL,KEWR
8730,KSJC,KSEA
8731,KMDW,KDAL
8732,KOMA,KSEA
8733,LEMD,EHAM
8734,CYYZ,CYYC
8735,ELLX,ESSA
8736,EDDL,LEAL
8737,KDCA,KPVD
8738,PANC,KSEA
8739,KSMF,KLAX
8740,LSZH,OMDB
8741,CYOW,CYYZ
8742,EHAM,EGLL
8743,CYYZ,CYVR
8744,KORD,KDFW
8745,EETN,EFHK
8746,KSGF,KAKH
8747,KLGA,KMDW
8748,KLAX,KHOU
8749,KATW,KORD
8750,KSAT,KEWR
8751,KATL,KSFO
8752,KCMH,KSTL
8753,KHOU,KBNA
8754,KDAL,KHOU
8755,KFLL,KBWI
8756,EGAA,EGGD
8757,KJFK,TJIG
8758,LFKJ,LFML
8759,KPHX,KSAN
8760,LPPT,EHAM
8761,EBBR,EIDW
8762,KSFO,KDFW
8763,LKPR,OTHH
8764,EBBR,ESSB
8765,KSTL,KBOS
8766,KMDW,KSJC
8767,KEWR,KSAN
8768,KATL,KSRQ
8769,ULLI,LSZH
8770,KDEN,KSFO
8771,LTFJ,LTAC
8772,KORD,KBOS
8773,KMSP,KSEA
8774,EGLL,OTHH
8775,KPAE,KPHX
8776,EDDT,EDDS
8777,KMSP,KLAS
8778,KJFK,KIAD
8779,KLAS,KMSP
8780,EHAM,LFLL
8781,KSTL,KTPA
8782,KMKE,KPHX
8783,KLGA,KCLT
8784,LEBL,LEIB
8785,CYYZ,KHHR
8786,PANC,KMIA
8787,KPDX,KLAX
8788,KSAT,KPHX
8789,KORD,KTUL
8790,KSEA,KIAH
8791,EDDK,LEPA
8792,UUWW,ULLP
8793,SC86,SC32
8794,KONT,KSEA
8795,KDAL,KTYS
8796,KEWR,KSTL
8797,KORD,KSEA
8798,KDEN,KSMF
8799,KDTW,KCVG
8800,KPHX,KDFW
8801,LEMG,EHAM
8802,KOMA,KMDW
8803,KBUR,60CO
8804,ESSA,LEMG
8805,KHYA,KPVC
8806,KMDW,KSMF
8807,KSAN,KSFO
8808,EGPH,EGHI
8809,KLAS,KBNA
8810,8MI9,KARB
8811,KDFW,KMIA
8812,KSMF,60CO
8813,KJFK,KBNA
8814,KSJC,KLAS
8815,KSAT,KUTA
8816,EHEH,EGPH
8817,LSZM,LEPA
8818,KSEA,KSFO
8819,KFMH,MA44
8820,KDEN,KMDW
8821,EGKK,EGPE
8822,EDPK,EDME
8823,KSFO,KORD
8824,KDTW,KMSP
8825,CYYC,CYYZ
8826,KSTL,KORD
8827,KLAX,KPDX
8828,KBUR,KLAS
8829,CYVR,KSEA
8830,KFDK,WV61
8831,KBOS,KRSW
8832,KSAN,KPDX
8833,VIDN,VIDP
8834,KHSV,KATL
8835,KPHL,KBOS
8836,KATL,KMSP
8837,KFFZ,KCGZ
8838,KDTW,KDCA
8839,KAVQ,KMZJ
8840,VTBS,OTHH
8841,KBNA,KSTL
8842,ESSA,ENGM
8843,EDDM,OTHH
8844,KDCA,KALB
8845,KAPF,KSUS
8846,KLGB,KSJC
8847,LFBO,LFPG
8848,KSRQ,KVNC
8849,KSEA,60CO
8850,KMDW,KSFO
8851,KIAD,KPVD
8852,KLAX,KDFW
8853,EDDF,LIPE
8854,LEIB,LEMD
8855,KHOU,KSAN
8856,KLAS,TS53
8857,KTCY,CA54
8858,KTPA,KPHK
8859,LIPE,EBCI
8860,LIML,EHAM
8861,KUAO,KMMV
8862,KSAN,KSEA
8863,LIRF,ELLX
8864,KDEN,KTPA
8865,EGKR,EGKA
8866,KFLL,KFXE
8867,KLAS,KOMA
8868,KMIV,KN14
8869,LFST,LFBO
8870,KLZU,KFTY
8871,EKCH,EKYT
8872,KATL,KSEA
8873,KEWR,CYYZ
8874,KMKE,60CO
8875,KTYS,KDFW
8876,CYXE,CYYZ
8877,KDAL,KSAN
8878,KSGR,87TE
8879,KMSP,KATL
8880,KSTL,KATL
8881,KDTW,KDAY
8882,KPHX,KHHR
8883,LFPG,CYUL
8884,KJFK,KSMF
8885,KMDW,60CO
8886,KLAS,KSEA
8887,KBNA,KLAS
8888,EHRD,LPFR
8889,KSKA,KSEA
8890,KMIA,7PS7
8891,LSGG,LKPR
8892,KHEF,VA45
8893,LIMC,LICZ
8894,VOBL,VECC
8895,EHAM,EPGD
8896,KMDW,KSTL
8897,KPHL,KDTW
8898,EKCH,LIRF
8899,ESGG,ESSA
8900,KFFZ,KPAN
8901,LEPA,LEMH
8902,KDEN,KLAS
8903,KDFW,KLAX
8904,KMSP,KLAX
8905,EGBB,EDDL
8906,KLAX,KUTA
8907,KBJC,KCOS
8908,LFPO,LPPT
8909,KPSP,KPHX
8910,KDVT,KE25
8911,KLAS,KPHX
8912,KATL,KDFW
8913,EGSS,LPPT
8914,ENZV,EGPD
8915,EDDW,EDDM
8916,KDTW,KSDF
8917,KORD,KLAS
8918,KFFZ,88AZ
8919,KATL,KBKL
8920,KIWA,KCGZ
8921,KORD,KSLC
8922,KPHX,KLAS
8923,LSZH,LPPT
8924,LEAL,EGBB
8925,KSNA,KSMF
8926,KSTL,KRDU
8927,KEWR,KBUF
8928,KMIA,SKBO
8929,SBRJ,SBKP
8930,KHOU,KDAL
8931,KLAS,KOAK
8932,KSEA,KPHX
8933,LIMC,OTHH
8934,LFPG,LEBL
8935,KATL,KTPA
8936,CAK3,CZBB
8937,KFXE,KMIA
8938,EIDW,OMAA
8939,EINN,EGCC
8940,KATL,KMSN
8941,KOAK,KLAX
8942,KORD,KMKE
8943,LROP,EDDF
8944,KX50,KDAB
8945,KLAX,KORD
8946,KDCA,KTPA
8947,VHHH,VIDP
8948,KCLT,KCVG
8949,LPPT,EBBR
8950,KFLL,KEWR
8951,KDAL,KFLL
8952,ENGM,EKYT
8953,EDDF,EDDC
8954,KMSP,KSAT
8955,LOWW,OTHH
8956,EGLL,LFPG
8957,K2W6,MD82
8958,KSMF,KLAX
8959,KSEA,KLAX
8960,KEIK,KAPA
8961,LFPG,LFBD
8962,KBUF,KBWI
8963,KPDX,KLAX
8964,KAEG,KABQ
8965,KATL,KDFW
8966,KPHX,KSEA
8967,KOAK,KBUR
8968,ULLI,ULMM
8969,KORD,CYYC
8970,KSEA,KBOI
8971,KATL,KRSW
8972,LEMD,LIPE
8973,KMDW,KMSP
8974,KFLL,KBNA
8975,EDDM,KEWR
8976,LSGG,LGAV
8977,LPPT,EGLL
8978,KBOS,KDFW
8979,KDFW,KBNA
8980,EKCH,LOWW
8981,KCOS,KDEN
8982,EDDS,LEPA
8983,ESMS,ESSA
8984,ENGM,ENZV
8985,KDAL,KLXV
8986,KORD,KABQ
8987,KSMF,KORD
8988,KMIA,KORD
8989,KDFW,60CO
8990,LTFJ,LTFE
8991,LEMG,EHAM
8992,KDTW,KAKH
8993,KDCA,KBUF
8994,EVRA,EDDM
8995,LKPR,OTHH
8996,KSAN,KLAX
8997,KHPN,KBED
8998,ESSA,LEMD
8999,LEZL,EGCC
9000,KSAT,60CO
9001,KABE,KN47
9002,KDEN,KMCI
9003,LFPG,LICZ
9004,LHBP,OTHH
9005,KLAX,KSFO
9006,LEMG,EHAM
9007,KFTW,KDTO
9008,EKCH,EKGR
9009,KSFO,CYYZ
9010,LEMD,LKPR
9011,KTPA,KPHL
9012,KDTW,KBUF
9013,LIMC,LFPG
9014,KEWR,KBNA
9015,EDDF,EGLL
9016,KORD,KSTL
9017,KDFW,KPDX
9018,KLAS,KPHL
9019,LEBL,OMAA
9020,KORD,KDAY
9021,LEMD,EDDT
9022,EPWA,LDZA
9023,KBWI,KCMH
9024,LPPT,LSZH
9025,EGGW,LGAV
9026,KPHX,KSFO
9027,FA37,KOPF
9028,LEMD,LIPZ
9029,KATL,KFLL
9030,KDFW,KCOS
9031,4GA9,KGVL
9032,KPAN,KDVT
9033,KDAL,KLAX
9034,EDDF,LEPA
9035,KDEN,KSTL
9036,KORD,KLAX
9037,LSZM,EDDT
9038,KTEB,KVNY
9039,KHPN,KPWK
9040,EGLL,OMDB
9041,EGNS,EIDW
9042,LFML,LFBD
9043,KA39,KGEU
9044,KORD,PANC
9045,KAUS,KDEN
9046,KDFW,KABQ
9047,KATL,KHSV
9048,LEIB,LEPA
9049,KEWR,KCLT
9050,LEPA,EGBB
9051,KDAL,KPHX
9052,LIPZ,LIRF
9053,KMSP,KSAN
9054,KMSP,KLAX
9055,LFPG,EGLL
9056,KLGB,KOAK
9057,PANC,KSEA
9058,KLAS,KSAN
9059,SBVT,SBKP
9060,KDFW,KSNA
9061,KSFO,KAKH
9062,KONT,KSMF
9063,KIAG,KPIE
9064,KRDU,KBWI
9065,UT13,KU77
9066,KSNA,KPOC
9067,KSAN,KPHX
9068,KMDW,KLAS
9069,LFPG,LEPA
9070,KEWR,KIAH
9071,1CA6,04CL
9072,LIBD,LIMA
9073,KPGD,KCVG
9074,KORD,PANC
9075,LEMD,LSZM
9076,KSJC,KSTL
9077,KLAX,CYVR
9078,KBWI,KCLT
9079,KSTL,KDCA
9080,KSEA,KPDX
9081,ULLI,UUDD
9082,KDVT,KPAN
9083,KLAS,KLAX
9084,KDFW,KSAN
9085,LIRF,OTHH
9086,KSAN,KSEA
9087,KBNA,KPHL
9088,34XS,9TS3
9089,KMIA,SAEZ
9090,VOMM,OTHH
9091,KSLR,KADS
9092,9MI6,KPTK
9093,ENVA,ENGM
9094,EHAM,EGPH
9095,KSAC,KAUN
9096,KATL,KPLR
9097,EDSB,LEPA
9098,KHQZ,KADS
9099,LEBL,ELLX
9100,KDFW,KSTL
9101,EIDW,LIRF
9102,LEJR,LEPA
9103,KDMA,KPHX
9104,EHAM,EDDT
9105,KLAS,KBKL
9106,KDTW,7PS7
9107,KSAT,60CO
9108,KBED,MA55
9109,KCLT,TJIG
9110,KSTL,KRSW
9111,EDDL,LEPA
9112,LEMD,KORD
9113,LPFR,EGKK
9114,KSEA,PANC
9115,EKCH,LEBL
9116,KORD,KMSN
9117,KPHL,KXSA
9118,KOAK,KPHX
9119,EDDT,EETN
9120,KLAX,KEWR
9121,KSJC,KBUR
9122,EDDF,LIML
9123,KSGS,KMDW
9124,EBBR,EDDP
9125,KMSP,KBWI
9126,LIMC,LICB
9127,KDFW,KSAF
9128,KLAS,KOAK
9129,LSGG,LPPR
9130,LSZH,EGGW
9131,EPWA,EDDT
9132,EIDW,EHAM
9133,KCLT,KMSN
9134,KPAN,KDVT
9135,KLGA,KDEN
9136,9MI6,KPTK
9137,KORD,KSFO
9138,KDFW,KDAY
9139,ESSA,ESMS
9140,LGAV,EGLL
9141,KFFZ,KMZJ
9142,EGKK,LIMC
9143,KBOI,KSEA
9144,KSAN,KORD
9145,KDEN,KSFO
9146,LEBL,LEPA
9147,KPHL,EGSS
9148,KOAK,KMDW
9149,KORD,KROC
9150,KMDW,KSEA
9151,KLAX,KDFW
9152,KDFW,KSFO
9153,KEWR,KDTW
9154,LIMF,LEBL
9155,LFPG,EHAM
9156,KDCA,KFLL
9157,UUEE,ULLP
9158,VHHH,VIDP
9159,KSEA,KFLL
9160,KCVG,KDFW
9161,EDDT,LEPA
9162,LHBP,EDDF
9163,ESSA,EDDH
9164,KDFW,KLGA
9165,KMDW,KSAN
9166,LEMH,LEMD
9167,KBOI,60CO
9168,LSGG,LFBO
9169,EGPF,EIDW
9170,KORD,KBNA
9171,KCMH,KMSP
9172,DAAG,LFLL
9173,KLAS,KLAX
9174,KPAN,KFFZ
9175,EGLL,KATL
9176,ENGM,LSZH
9177,UUWW,ULLP
9178,LFPG,LROP
9179,KLAX,KSEA
9180,KPHX,KABE
9181,KCNO,KL35
9182,KDTW,KEWR
9183,KSMF,KLAS
9184,EGAA,LFPG
9185,KBUR,KSJC
9186,KDEN,KIAH
9187,KMIA,KEWR
9188,KDFW,KLAS
9189,EPWA,LEBL
9190,LEBL,LEMD
9191,EDDM,EDDL
9192,67CO,2CD9
9193,KSDF,KDFW
9194,KFDK,WV21
9195,KORD,KSAN
9196,KDFW,KMCI
9197,KLAS,KPDX
9198,LOWW,EHAM
9199,KDVT,AZ05
9200,KBUR,KPHX
9201,TA06,KTKI
9202,KRSW,KBWI
9203,EGKK,LIPX
9204,ESSA,ESGG
9205,KMDW,KLAX
9206,KDFW,CYVR
9207,EDDT,LPPT
9208,KBOS,KATL
9209,EHAM,EKCH
9210,EBBR,EDDT
9211,KORD,KMIA
9212,EGAA,EGNT
9213,KSAT,KBNA
9214,EGSS,LIME
9215,KLAX,KSMF
9216,PANC,KSEA
9217,KAPA,KLMO
9218,KORD,KMCI
9219,KJFK,KMVY
9220,LFPG,LFBO
9221,KDTW,VT26
9222,KBWI,KMDW
9223,KDEN,KCMH
9224,EHEH,LEPA
9225,KSEA,KORD
9226,RKSI,VHHH
9227,KORD,KLNK
9228,EKCH,EDDH
9229,KADS,KFTW
9230,EHAM,EGAC
9231,KFLL,KORD
9232,KRVS,K2K9
9233,KTPA,KMIA
9234,ELLX,LPPR
9235,EDDF,EDDS
9236,LTAC,LTFJ
9237,KISM,KLAX
9238,KDET,KPTK
9239,LROP,EIDW
9240,LFBO,LFPG
9241,SKBO,KMIA
9242,LKPR,EIDW
9243,ESSA,EDDT
9244,KDEN,KAKH
9245,KPHL,KIAH
9246,LEPA,EDDL
9247,EFHK,EDDH
9248,KDFW,KSJC
9249,KDAL,KIAD
9250,UUDD,ULMM
9251,KORD,KCOS
9252,ENGM,ENBO
9253,KSAN,KOAK
9254,GA00,KD73
9255,KOPF,4FL8
9256,KRNT,KESW
9257,LEBL,LEZL
9258,KDTW,KCMH
9259,KBOS,K3B4
9260,LEMD,LFPO
9261,KEWR,KLAS
9262,EBBR,LKPR
9263,KIND,KDTW
9264,KSTL,KPHL
9265,EGLL,EGAC
9266,KLAX,PANC
9267,KSAN,KSTL
9268,LJLJ,EDDB
9269,KDTW,KROC
9270,EIDW,LEMG
9271,KATL,SC32
9272,KDFW,KDEN
9273,VIDP,VOBL
9274,LIME,EKCH
9275,KHOU,KFLL
9276,KDAL,KSTL
9277,LEMD,LEMG
9278,KLGA,KORD
9279,KPDK,KBNA
9280,EKCH,ENGM
9281,KCLT,KBNA
9282,KTEB,KABE
9283,KSEA,KDTW
9284,KAUS,KLAX
9285,KLAS,KORD
9286,KIWA,KCRQ
9287,LPFR,EIDW
9288,KPHL,KBNA
9289,KORD,KIAH
9290,KSDF,KATL
9291,ENGM,EDDF
9292,VIDP,VIAM
9293,EGLL,VOBL
9294,KDTW,KPHL
9295,EFHK,EDDT
9296,KLAX,KSFO
9297,KLAS,KJFK
9298,KRHV,KE16
9299,KPTK,FA37
9300,OTHH,LIMC
9301,KORD,KSDF
9302,EHAM,EGFF
9303,KPDX,KSJC
9304,KDEN,KSEA
9305,EGSS,EKCH
9306,KEWR,TJIG
9307,59IL,KDPA
9308,KFLL,KSFO
9309,KMRB,KTHV
9310,LIPX,LICZ
9311,EGLL,KJFK
9312,KDTW,KSYR
9313,LEPA,EDDF
9314,EHEH,LEAL
9315,KOAK,KSEA
9316,KJFK,ELLX
9317,EDDF,OERK
9318,LEMD,KMIA
9319,KPHX,KJFK
9320,EIDW,EGSS
9321,LEBL,LSZH
9322,KPHL,KLAX
9323,KATL,KPHL
9324,UUDD,UWKD
9325,KSAT,KDFW
9326,LEMD,LSZH
9327,KORD,KOMA
9328,KBOI,20ID
9329,KSAN,KLAS
9330,KSGF,60CO
9331,KORD,KAKH
9332,KLAX,KEWR
9333,GA09,K47A
9334,KIAD,KSFO
9335,KCLT,KATL
9336,EPWA,LFPG
9337,EHAM,EGCC
9338,KEWR,KSRQ
9339,EHAM,LFPG
9340,KBNA,KLGA
9341,LFLB,EGKB
9342,KATL,KTYS
9343,KDCA,KCLT
9344,KPHX,KORD
9345,KBWI,KCLE
9346,LFPG,LPPT
9347,KDEN,KPHX
9348,KPHL,KCLT
9349,KSEA,KOAK
9350,EGLL,LPPT
9351,KIAD,KTPA
9352,LFPO,LPFR
9353,EBLG,LLBG
9354,KSAN,KDFW
9355,KSAT,KTPA
9356,EDDT,EDDL
9357,KIAH,KPDX
9358,KMIA,KORD
9359,KORD,KEWR
9360,LSZH,EDDM
9361,EKCH,LGAV
9362,KORF,KBWI
9363,KSTL,KAKH
9364,KJFK,KROC
9365,KEWR,KROC
9366,KLGA,KFLL
9367,KISM,KDFW
9368,KSMF,KATL
9369,KSAN,KSJC
9370,KDFW,KPHX
9371,KRDU,KTDF
9372,KLAX,KJFK
9373,EFHK,EDDL
9374,KVPS,KDFW
9375,KIAD,KATL
9376,KIAD,EGLL
9377,KIAD,KRSW
9378,KDTW,KBNA
9379,KDCA,KATL
9380,EGLL,EGPD
9381,KSFO,KIAH
9382,KPHL,KORF
9383,KEUL,ID95
9384,KMDW,KCMH
9385,ENGM,ENHD
9386,KORD,KMIA
9387,KDVT,KBXK
9388,KDEN,KSFO
9389,RCTP,OMDB
9390,OTHH,LTBW
9391,KFZY,KSYR
9392,KSFO,KDTW
9393,KJFK,KLAS
9394,VOBL,VECC
9395,KIAD,KBKL
9396,KSYR,KJFK
9397,KSEA,KBOS
9398,20AZ,KFFZ
9399,KADS,KECP
9400,KRVS,19OK
9401,EDDB,LEPA
9402,KDFW,KFAT
9403,KCLE,KDFW
9404,KISM,KSAN
9405,KATL,86GA
9406,KLAS,KSJC
9407,KIAH,KSAN
9408,KBOI,KSJC
9409,KBNA,KDFW
9410,LIPE,LICZ
9411,KSTL,KDFW
9412,KIAD,KLAX
9413,LIBD,LIMC
9414,EGLL,KJFK
9415,KLVN,KSTC
9416,KIWA,KATW
9417,KDFW,KORD
9418,LEIB,EHAM
9419,EGPD,EGGW
9420,KSFO,KATL
9421,VOMM,VIDP
9422,KTEB,KOPF
9423,LEMD,LIRF
9424,KFAT,KSEA
9425,LFPO,LPPT
9426,KHSV,KDFW
9427,LPPT,EHAM
9428,KDEN,KPHX
9429,KECP,KDFW
9430,KCLE,KEWR
9431,KDEN,KHOU
9432,EDDB,EGGD
9433,LGAV,EHAM
9434,KORF,KEWR
9435,KDFW,KSAN
9436,LSZH,EDDT
9437,KFRG,KFOK
9438,LFPG,EIDW
9439,KBOS,TJIG
9440,KMIA,KIAH
9441,KORD,60CO
9442,KFTW,KRKP
9443,LFBD,EGGD
9444,ULLI,UUEE
9445,1TN0,KM54
9446,KPHL,KRDU
9447,KLGB,KEMT
9448,EGLL,KSEA
9449,LEPA,LEIB
9450,KBJC,KFNL
9451,KIAH,KLAS
9452,KSEA,KLAX
9453,KFFZ,KA39
9454,GMMN,LFPG
9455,KORD,KTPA
9456,KPDK,KVPC
9457,KJFK,PANC
9458,KSAN,KDTW
9459,VHHH,OTHH
9460,KIAD,KHSV
9461,EFOU,EFHK
9462,KDFW,KSMF
9463,KECP,KBNA
9464,LHBP,LLBG
9465,EDDF,LKPR
9466,KPHL,KSDF
9467,EPWA,LKPR
9468,KBNA,KTYS
9469,KBJC,KBDU
9470,KFFZ,KMZJ
9471,EDDM,EDDL
9472,EGGW,LHBP
9473,KBWI,KPHX
9474,KVIS,KFAT
9475,KATL,KSDF
9476,LMML,EGBB
9477,KEWR,KSGS
9478,KDEN,KBUR
9479,KSJC,KDAL
9480,KCOS,TS53
9481,EPKK,EDDF
9482,KLAS,KBUR
9483,LEMD,LSGG
9484,KABQ,KLAX
9485,LFPO,LEAL
9486,KIAD,KSGS
9487,KIAH,KSEA
9488,KLAX,KSEA
9489,KROC,KPHL
9490,KPHL,KCMH
9491,ENGM,EGSS
9492,KBNA,KBOS
9493,EPKT,EDLW
9494,KBOS,KTEB
9495,LOWW,EDDM
9496,EIDW,EGPH
9497,EDDP,EHAM
9498,EGLL,ENGM
9499,KIAH,KDTW
9500,KLAS,KATL
9501,KIAH,KECP
9502,KSEA,KSFO
9503,KCVG,PANC
9504,ESSA,EDDF
9505,LSZM,LEMG
9506,KBDR,KFRG
9507,EDDL,LEPA
9508,EDDF,EHAM
9509,KSKA,KSEA
9510,KSAN,KSJC
9511,KRDU,KATL
9512,EPPO,EGGW
9513,UUDD,ULLP
9514,RPLL,YSSY
9515,LFPG,LFBY
9516,LFPO,LEBL
9517,KIAD,KCVG
9518,KATL,KCVG
9519,KPHL,CYUL
9520,KIAH,KEWR
9521,LEMG,EHAM
9522,KGRR,KDTW
9523,KBNA,KDCA
9524,EIDW,EGPF
9525,KEWR,KLAX
9526,KSEA,KPHX
9527,KSAN,KHOU
9528,VHHH,RCTP
9529,7OR7,OL03
9530,EHAM,LGAV
9531,KCLE,KDTW
9532,KORD,KPDX
9533,KATL,KBOS
9534,KDTW,KATL
9535,EDDL,LEPA
9536,KBOI,20ID
9537,KORD,KLAX
9538,KOAK,KSNA
9539,KMCI,KDFW
9540,EGLL,EDDT
9541,EKRN,EKCH
9542,4GA9,KGVL
9543,KLAX,KLAS
9544,KIAD,KRDU
9545,KSWI,KT31
9546,8MI9,KYIP
9547,LEIB,LEMD
9548,KRDU,KTDF
9549,LFPO,LICZ
9550,LTFJ,LTFE
9551,KFLL,KTPA
9552,LEAL,LEPA
9553,EGCC,LKPR
9554,KATL,KDAY
9555,ENGM,ENZV
9556,KEWR,KMIA
9557,KGKY,20TE
9558,KONT,KBWI
9559,KIAH,KPHX
9560,KSEA,KLAX
9561,KIAH,KVPS
9562,KBOS,KMVY
9563,KCMH,KMDW
9564,EDDF,LFLL
9565,KPHL,KPHX
9566,KSTL,KLGA
9567,LPPR,LEBL
9568,KLAX,KMCI
9569,KPHX,KDFW
9570,KSBP,3CA9
9571,KSEA,KPDX
9572,KRAC,KMWC
9573,LROP,EGLL
9574,KMDW,KBUF
9575,KDEN,KMSP
9576,WA67,19WA
9577,KIAH,KBOS
9578,KLAX,KAPC
9579,LEBL,EGGW
9580,EHAM,OMDB
9581,LMML,ELLX
9582,KBUR,KSEA
9583,ZGSZ,ZUCK
9584,LFBO,LFRS
9585,EDDF,LEPA
9586,LFPG,LGAV
9587,LIMC,OMDB
9588,KDTW,KMDT
9589,MD04,KHEF
9590,KPYM,KSFZ
9591,KTPA,KBWI
9592,EPWA,EDDL
9593,KSEA,KSFO
9594,KLAX,KLAS
9595,KIAH,KLAX
9596,EHAM,CYUL
9597,KPHL,KDFW
9598,KIAD,KIAH
9599,KCMH,KTPA
9600,KIAD,KBOS
9601,KABQ,KPHX
9602,EPKK,EDDM
9603,KCNO,KCMA
9604,KMSP,KEWR
9605,KLAX,KIAH
9606,KDAL,KMDW
9607,KMCI,60CO
9608,LHBP,EDDF
9609,UUDD,ULLP
9610,KDAY,KAKH
9611,KIAH,60CO
9612,EDDM,ENGM
9613,KAPA,KBJC
9614,VECC,OMDB
9615,LOWW,EGGD
9616,KOAK,KDAL
9617,KPHL,EGNX
9618,KORD,KJFK
9619,KLZU,KWDR
9620,KCMH,KDTW
9621,KPYM,KBVY
9622,KHPN,KPDK
9623,EPWA,LHBP
9624,KIAD,KSTL
9625,KFDK,KDMW
9626,KEWR,KTPA
9627,VTBS,RJTE
9628,LPFR,EDDL
9629,KMMU,6PA0
9630,ENGM,EETN
9631,LEMD,EGGP
9632,LMML,LIME
9633,CYTZ,CYFJ
9634,KSEA,KJFK
9635,KSTL,60CO
9636,KIAH,KMCI
9637,KORD,KPHX
9638,KPHL,KFLL
9639,KTYS,KATL
9640,KEWR,TJIG
9641,KMTN,DE25
9642,EGLL,EDDH
9643,LSGG,EGLF
9644,KPSP,KSEA
9645,CYVR,KSEA
9646,LIMC,LICZ
9647,KSEA,KPHL
9648,KIAH,KTYS
9649,EDDK,EIDW
9650,EPWA,EDDM
9651,KBOI,KORD
9652,KMCI,KPHX
9653,KBED,KTEB
9654,EPKK,EHAM
9655,LGAV,EPMO
9656,KEWR,CYYZ
9657,KRDU,KPHL
9658,KBOS,KORD
9659,68NY,KROC
9660,LHBP,EPWA
9661,KSEA,PANC
9662,KIAD,KSYR
9663,EHAM,EGPH
9664,EKCH,EETN
9665,KFCM,88MN
9666,KPNE,KLNS
9667,KPHL,KDTW
9668,KTPA,KCVG
9669,KTUL,60CO
9670,LEMD,LFLL
9671,KROC,8FA4
9672,KDAL,KLAS
9673,KLAS,60CO
9674,KEWR,KCVG
9675,KBOS,KPHL
9676,EGLL,EDDF
9677,KORD,KTPA
9678,EPWA,LOWW
9679,KORD,KSTL
9680,KHEF,KHWY
9681,LKPR,EGSS
9682,KDEN,KLAX
9683,LEMG,LFPG
9684,KSEA,KU42
9685,KATL,KU42
9686,KIAD,KDTW
9687,LEMG,LEMD
9688,KIAD,KSDF
9689,KIAH,KSFO
9690,50OR,KBDN
9691,LEIB,LEPA
9692,LHBP,EDDS
9693,EDDL,LEBL
9694,KLQK,SC32
9695,KLAX,CYYZ
9696,EVRA,UUWW
9697,LEPA,LEIB
9698,ELLX,OMDW
9699,KDAL,KTPA
9700,KLAS,KSTL
9701,KBLM,KOMA
9702,LEPA,LEZG
9703,KCMH,KATL
9704,EGLC,LEPA
9705,LMML,EGLL
9706,KIAD,KFLL
9707,KSAN,KPHL
9708,KORD,KSEA
9709,KSRQ,KIAD
9710,KSFO,KJFK
9711,KSEA,KSNA
9712,KPHX,KDAL
9713,EGLL,EKBI
9714,KIAD,VT48
9715,UUWW,UWLL
9716,KIAH,KIAD
9717,KSAN,KBOI
9718,LEMD,EDDF
9719,KMIA,KIAH
9720,KSJC,KORD
9721,KPHL,KPVD
9722,LPPR,LFPO
9723,KCMH,KPHL
9724,KIAD,0NC1
9725,KATL,KLGA
9726,EDDL,LEPA
9727,EDDF,LFPG
9728,KORD,KLAX
9729,LEMD,LPPT
9730,KIAH,KU42
9731,KCLE,KATL
9732,KMCI,KMDW
9733,KBWI,KLNS
9734,KSBD,KLGB
9735,KBOS,KMSS
9736,LPPT,LSGG
9737,EGPH,EGGD
9738,KHYA,KBOS
9739,LFPG,LHBP
9740,KIAH,KUTA
9741,KHSV,KAKH
9742,TA06,KTKI
9743,KHOU,KMDW
9744,LSGG,EGKK
9745,KDTW,KPIT
9746,EFMA,EFHK
9747,50OR,KBDN
9748,KMDW,KRSW
9749,KIAH,KTUL
9750,KSFO,KDFW
9751,RCTP,YBBN
9752,EGCC,EGAA
9753,KTEB,CYYZ
9754,KBDN,3OR8
9755,KRSW,KATL
9756,KIAD,KPHL
9757,KCLT,2MO1
9758,KSEA,KJFK
9759,KLAX,KJFK
9760,KPHX,KSAN
9761,EHAM,EKCH
9762,KSNA,KSEA
9763,KPHF,KCLT
9764,KGVT,KADS
9765,EDJA,EGSS
9766,EPWA,LIMC
9767,VIDP,WSSS
9768,KSAN,KORD
9769,EFHK,ESSA
9770,EBBR,LIRF
9771,KIAH,KDCA
9772,LFBO,EHAM
9773,KPHL,KDEN
9774,EDDK,EDDH
9775,EHAM,LEBL
9776,KLAS,KDAL
9777,OBBI,OMDB
9778,ULLI,UUWW
9779,LEIB,EHAM
9780,KORD,IA84
9781,KATL,KLAX
9782,KSFO,KSEA
9783,KBOS,KPHX
9784,KSEA,KEWR
9785,EGPF,EGGW
9786,KDCA,KLGA
9787,KRSW,KATL
9788,KE25,KDVT
9789,KPDX,KSFO
9790,KPHL,KTYS
9791,KATL,KJFK
9792,KBED,KCLT
9793,EPWA,EHAM
9794,KBNA,KRDU
9795,LIPE,LEBL
9796,KSMF,KPDX
9797,KSEA,KLAS
9798,KBDN,50OR
9799,KLAX,60CO
9800,KE25,KDVT
9801,KSNA,KORD
9802,KLAX,KSFO
9803,LEBL,LEIB
9804,LSGG,EGCC
9805,EGBB,EDDL
9806,EHAM,LEMG
9807,LPPT,LFPG
9808,EGSS,LTFJ
9809,KSAN,KIAH
9810,LEIB,LEBL
9811,KDEN,KEWR
9812,KIAD,KBUF
9813,LPPR,EDDB
9814,KTPA,KBNA
9815,KPDX,KLAS
9816,EKYT,EKCH
9817,KSFO,KBOS
9818,KPSP,KSFO
9819,KPHL,KSFO
9820,KEWR,KVPS
9821,CYOO,CSD7
9822,LEAL,EGMC
9823,LOWW,LGAV
9824,KLAX,KEWR
9825,LFPG,KJFK
9826,KJFK,KLAX
9827,KIAD,KTYS
9828,CYVR,CYYC
9829,KLVK,KCRQ
9830,KORD,KOMA
9831,KLAX,KSJC
9832,KSMF,KSEA
9833,SLCB,SLVR
9834,RCTP,PANC
9835,KDEN,KBWI
9836,KSAN,KEWR
9837,ELLX,LEMD
9838,LHBP,EDDH
9839,KTPA,KATL
9840,KEWR,KATL
9841,KDFW,KORD
9842,KGPM,9TS6
9843,KRVS,19OK
9844,LIPZ,LPPT
9845,EFKU,EFHK
9846,KIAD,KEWR
9847,KSNA,KLAS
9848,EDDM,LICJ
9849,KPNE,JY04
9850,KOAK,KSAN
9851,LEMG,EGKK
9852,ENVA,ENNM
9853,KBOI,1ID4
9854,EPGD,EDDM
9855,KBWI,KATL
9856,KABQ,KSAF
9857,KFLL,KFXE
9858,KPDX,KSEA
9859,LEMG,LSZH
9860,EBBR,EDDP
9861,LEBL,EDDS
9862,KSFO,KLAX
9863,KFFZ,KCHD
9864,KCVG,KMSP
9865,KORD,KSJC
9866,KLAS,KPHX
9867,LFPG,EGPH
9868,KIAD,KCLT
9869,KSFO,KEWR
9870,EDDF,LOWS
9871,KSEA,KORD
9872,KMDW,KATL
9873,CYHM,CYXX
9874,KIAH,KMIA
9875,LIME,LKPR
9876,LOWW,LEBL
9877,KONT,KSFO
9878,KPHL,KSAN
9879,LIEA,LIML
9880,KIAD,KPVD
9881,LEIB,LEMD
9882,EDDM,LIRF
9883,KPHX,KDFW
9884,KSNA,KPHX
9885,LIML,EGLL
9886,LKPR,EDDM
9887,ENGM,EDDF
9888,KN14,KMPO
9889,EPGD,EPKK
9890,KDEN,KPDX
9891,UUEE,ULMM
9892,KORD,KTUL
9893,KBOS,KLGA
9894,LGAV,EDDB
9895,ENVA,ENBO
9896,KCGZ,KFFZ
9897,KPDX,KBOI
9898,KSAN,KEWR
9899,LDZA,LOWW
9900,0GA2,SC32
9901,KSEA,KBOS
9902,EIDW,EGLL
9903,EPWA,EDDS
9904,KSFO,KLAS
9905,KLAX,KEWR
9906,KLGA,KDFW
9907,KDEN,KBNA
9908,KDAL,KAPA
9909,KPHX,KAKH
9910,EBBR,LPPT
9911,KTPA,KDFW
9912,LEMD,EGPH
9913,KSMF,KLGB
9914,KSNA,KOAK
9915,EGGD,EIDW
9916,EDDM,EDDT
9917,KBOS,KLGA
9918,KSFO,KBOS
9919,EGCC,LGAV
9920,EDDS,LEPA
9921,KAPF,KPWK
9922,KBOI,KLAX
9923,KAPA,KPUB
9924,KISP,KFOK
9925,KIAH,KORD
9926,KEWR,KORD
9927,LSZH,EIDW
9928,KMDW,KBKL
9929,KSDF,KAKH
9930,KLAX,KATL
9931,TJSJ,KJFK
9932,EDDB,LEBL
9933,KRDU,KEWR
9934,KDFW,KLAX
9935,KCOS,TS53
9936,KIAD,KTYS
9937,OK13,KRVS
9938,LEMD,EHAM
9939,KIAD,KBNA
9940,KMCI,60CO
9941,LEMD,LEPA
9942,KOAK,KAPA
9943,ELLX,LEBL
9944,EKCH,EDDS
9945,KORF,KCLT
9946,EGKK,LIRF
9947,KBOS,KATL
9948,KONT,KPHX
9949,KHOU,KCMH
9950,KPHL,DE12
9951,EDDM,UUWW
9952,KIAH,KATL
9953,KSEA,KDTW
9954,LFML,LPPT
9955,KCLT,KDTW
9956,KTPA,KJFK
9957,KSMF,KDFW
9958,KORD,KSNA
9959,KDFW,KSDF
9960,KIAD,KROC
9961,KDEN,KOAK
9962,ESSA,EDDL
9963,EPWA,EDDM
9964,LOWW,LEPA
9965,LIMC,LSGG
9966,KBUF,KGVQ
9967,LEBL,EDDB
9968,KSNA,KDFW
9969,KMRB,KFDK
9970,KATL,KSEA
9971,LEPA,LEBL
9972,KLGA,KATL
9973,KBVY,MA36
9974,PANC,KLAX
9975,KBOS,BIKF
9976,EGLL,EHAM
9977,EKCH,LIMC
9978,KORD,KCMY
9979,KJFK,KLAX
9980,0TX0,KFTW
9981,LFQQ,LFBD
9982,LFRN,LFLL
9983,EBBR,ESGG
9984,KMIA,KATL
9985,KPHL,KORD
9986,KCGZ,KCHD
9987,KLAX,KJFK
9988,ENVA,ENNM
9989,EPLL,EGSS
9990,UUWW,ULLP
9991,YSSY,YSWG
9992,EDSB,LEPA
9993,KLAS,KBOS
9994,KHOU,KTYS
9995,KSNA,KSEA
9996,EGPH,EGBB
9997,KTPA,KORD
9998,KORD,KRSW
9999,KTEB,KHPN
10000,KBWI,KSDF
10001,KSFO,KORD
10002,KSEA,KSNA
10003,KISP,KTEB
10004,LFPG,LEMD
10005,KSJC,KSEA
10006,LPPR,LPPT
10007,LFBD,EHAM
10008,ENGM,EFHK
10009,KSTL,KEWR
10010,KMSP,KBOS
10011,KSEA,KSJC
10012,KLZU,KWDR
10013,KORD,2MO1
10014,KPHX,KEWR
10015,KDAY,KPHL
10016,KIAH,KLGA
10017,CYVR,CYCD
10018,KFNT,KPTK
10019,KSFO,KLAX
10020,KLAS,KSNA
10021,KDTW,CYYZ
10022,KVNY,KSAN
10023,KPHL,KMSP
10024,KDFW,KORD
10025,KPDX,KSMF
10026,EPWA,LSZH
10027,KIAD,KATL
10028,EINN,KORD
10029,ESSA,LSZH
10030,LIML,LIRF
10031,ELLX,LPPR
10032,KOQN,KORF
10033,KBWI,KBOS
10034,KPHX,KLAS
10035,KORD,KU42
10036,KRDU,NC76
10037,EGPF,EGBB
10038,KRHV,KMOD
10039,KPIE,KRSW
10040,KSEA,KDCA
10041,KIWA,KP13
10042,KIAD,KMDT
10043,KSNA,KIAH
10044,LHBP,EDDM
10045,EGLL,LHBP
10046,KFLL,KLAX
10047,KFDK,KMRB
10048,KDTW,KORF
10049,LSZH,ESGG
10050,KATL,KSAT
10051,KPHL,KIAH
10052,KSMF,KSAN
10053,ENBO,ENGM
10054,KGPM,TE99
10055,KLAS,KSFO
10056,KIND,KATL
10057,KCHD,KHND
10058,KDEN,KATL
10059,KPDX,KPHX
10060,KDVT,KSDM
10061,LEMD,LIML
10062,LEPA,EDDS
10063,KHEF,VA71
10064,KMYF,KSMO
10065,KVNY,KL70
10066,K2K9,KRVS
10067,KSNA,KSFO
10068,TXKF,KJFK
10069,KDFW,KLAS
10070,KMSN,KMSP
10071,KSJC,KLAX
10072,KSEA,KORD
10073,KIAD,CYYZ
10074,61VA,KJYO
10075,LSZH,EDDM
10076,EDDF,EIDW
10077,KDWA,KSAC
10078,KHOU,KATL
10079,KMSN,KPWK
10080,LFML,LPPT
10081,KATL,KVPS
10082,LOWW,LEBL
10083,RCTP,VHHH
10084,KPHL,KBOS
10085,KSEA,KMCI
10086,LEBL,LEPA
10087,KDAL,KECP
10088,KSMF,KSJC
10089,KIAH,KDFW
10090,KOAK,KHOU
10091,KPDX,KSJC
10092,KMSP,KAKH
10093,LIRF,EGBB
10094,KORD,KBOI
10095,LEMG,EGGW
10096,KBUR,KSFO
10097,KFLL,KU42
10098,KORD,KBOS
10099,KDEN,KMCI
10100,OTHH,WSSS
10101,VTBS,RJTE
10102,KBUF,KPHL
10103,KAPA,KSDL
10104,LGAV,LGKO
10105,KIAH,KSNA
10106,KSEA,KATL
10107,VT25,1NK6
10108,EVRA,EDDT
10109,LOWW,ELLX
10110,KHPN,K3B4
10111,KOMA,KDFW
10112,KIAD,0NC1
10113,KIAD,7PS7
10114,KLAS,KSNA
10115,LPPR,LSZH
10116,KTTA,5NC3
10117,KSFO,KSEA
10118,KJVL,KPWK
10119,LKTB,EGSS
10120,KSJC,KSNA
10121,EFOU,EFHK
10122,KABE,KPIE
10123,LEAL,EHAM
10124,KORF,KATL
10125,EGLL,LEMG
10126,KBWI,KRSW
10127,KPHL,KDAY
10128,KLAX,KBNA
10129,KMIA,KDFW
10130,KIAD,KLGA
10131,KCLT,KORD
10132,KTEB,KTYS
10133,CYYC,CYHM
10134,KIAD,KORF
10135,KBOS,KCLT
10136,KONT,KSJC
10137,LPPD,LPPR
10138,K61B,K1G4
10139,FAOR,FACT
10140,KAVQ,KMZJ
10141,LGAV,LIMC
10142,KUYF,KOSU
10143,KLZU,KECP
10144,KLAS,KAKH
10145,KDAL,KABQ
10146,KORD,KPDX
10147,KATL,KBOS
10148,LYBE,EDDM
10149,KLAX,KBOS
10150,KPDX,KLAS
10151,KPDK,KWDR
10152,KSNA,KSFO
10153,EVRA,ENGM
10154,KLMO,CD20
10155,KSEA,KIAD
10156,KSAN,KBWI
10157,KATL,35MN
10158,K61B,K1G4
10159,KRDU,KOPF
10160,KMKE,KATL
10161,LOWW,EHAM
10162,KEWR,KLAX
10163,EDDL,LSZH
10164,KIAH,KCMH
10165,KALB,KPHL
10166,KLAX,KDCA
10167,KLAS,KBUR
10168,KA39,KSDL
10169,KIAH,KATL
10170,KMCI,KLAS
10171,ESSA,OTHH
10172,LSZH,EGLL
10173,EGSS,EHEH
10174,LPPT,LIMC
10175,KAUS,KSFO
10176,KSEA,KRDU
10177,VIDP,VOMM
10178,LEBL,EHAM
10179,LSZH,EHAM
10180,KAPC,KAPA
10181,KLZU,KWDR
10182,LFKJ,LFPO
10183,KDMA,KPHX
10184,KLAX,KSEA
10185,KPWK,KPTK
10186,KATL,KBNA
10187,EHAM,LOWW
10188,KFLL,KATL
10189,ENGM,BIKF
10190,EDDF,LTBW
10191,KIAD,4VG2
10192,LHBP,EIDW
10193,KPHX,KHOU
10194,FA37,KFXE
10195,EVRA,EKCH
10196,KHEF,VA87
10197,CYVR,CYYZ
10198,UUEE,ULLP
10199,KMZJ,KAVQ
10200,EKAH,EKCH
10201,KPAO,KTVL
10202,KLVK,KAUN
10203,KPHL,KBKL
10204,LIPZ,EGGW
10205,KSNA,KPDX
10206,UKBB,EDDF
10207,LKPR,LIRF
10208,KIAD,KPHX
10209,KLAS,KBWI
10210,KIAH,KBNA
10211,LEMD,LFPO
10212,KVNY,KTRK
10213,KSEA,35OR
10214,KPHL,KFLL
10215,LROP,LEBL
10216,KMIA,SKMA
10217,LSZH,ESSA
10218,KIAH,KFLL
10219,EHRD,LEAL
10220,LSGG,EGPH
10221,EPWA,CYYZ
10222,KLGA,KORD
10223,KBED,MA55
10224,KBED,MA55
10225,EGLL,KORD
10226,KEWR,KORD
10227,CYYZ,KIAD
10228,EGKK,EGAA
10229,KIAH,KCVG
10230,KATL,KDTW
10231,KBNA,KBOS
10232,KBJC,CO07
10233,EKCH,EDDT
10234,KBWI,KRDU
10235,CZBB,CYPK
10236,EKCH,LSZM
10237,LTFJ,LTFE
10238,KI73,57OI
10239,EHAM,KEWR
10240,LIRF,LIML
10241,KPDK,KGVL
10242,KLAS,KHOU
10243,KDEC,KORD
10244,CYVR,CYYC
10245,KPGV,KCLT
10246,LSZM,LKPR
10247,KPHL,KATL
10248,CZBB,CBQ2
10249,KSNA,KSJC
10250,KDFW,KORD
10251,KLGA,CYYZ
10252,KFUL,KRAL
10253,KIAH,KTPA
10254,KORD,KMCI
10255,EGAA,EGGW
10256,LSGG,LEMG
10257,LFPO,LEMG
10258,EPWA,EDDF
10259,ESSA,EFHK
10260,KMDW,KDTW
10261,LSZH,EPWA
10262,KATL,KEWR
10263,LKPR,EHAM
10264,EDDT,LOWW
10265,KSEA,KTPA
10266,KPHL,KB19
10267,KPHX,KPDX
10268,KCLT,KPHX
10269,EHAM,EDDN
10270,KDTW,KJFK
10271,KLAX,KPHL
10272,EDDS,EGLL
10273,VIDP,VECC
10274,LIRF,EDDF
10275,KATL,KPDX
10276,KBWI,KTPA
10277,KORD,KMSN
10278,EKYT,EKCH
10279,KCVG,PANC
10280,KDMW,KGAI
10281,KSDL,19AZ
10282,LFPG,LFNR
10283,EIDW,LEBL
10284,KIAH,KBKL
10285,KOAK,KSEA
10286,K61B,K1G4
10287,KRSW,KCMH
10288,KMIA,KJFK
10289,KBUR,KSMF
10290,KDFW,KOMA
10291,EGGD,EGAA
10292,KPHL,KDCA
10293,KPHX,KABQ
10294,EDDM,EKCH
10295,KTEB,KBED
10296,KLAX,KORD
10297,KATL,KLAX
10298,KSUS,KAPA
10299,KSJC,KIWA
10300,LHBP,LEMD
10301,LIRA,LEMD
10302,EBBR,LEMG
10303,KATL,SC32
10304,KDCA,KLGA
10305,KEWR,TJIG
10306,KDFW,SC97
10307,LFBO,LEMD
10308,KPHL,KMCI
10309,KTYS,KAKH
10310,KORD,KSAN
10311,ELLX,LPPR
10312,KDEN,KSAN
10313,KSAN,KSFO
10314,KBUR,KOAK
10315,KHND,K1L3
10316,CYOO,CYKF
10317,KATL,KECP
10318,KCLT,KTYS
10319,ULLI,UWKD
10320,VIDP,VOMM
10321,KBOI,KPDX
10322,KATL,KMCI
10323,KDPA,KTEB
10324,KSEA,KEWR
10325,KPHX,KBUR
10326,LFPG,EDDL
10327,KSFO,KVNY
10328,LTAC,LTFE
10329,KATL,9NC6
10330,KPHL,KBUF
10331,KLAX,KU42
10332,KDFW,KSEA
10333,KDAL,KATL
10334,LEMG,EBBR
10335,EGCC,LPPR
10336,KADS,1TE8
10337,KIAH,KABQ
10338,EFHK,ESGG
10339,LIMC,LEBL
10340,ENGM,EHAM
10341,KATL,KU42
10342,LEMD,EDDB
10343,KLGA,KATL
10344,KHOU,KBWI
10345,KORD,KMSP
10346,KIAH,KSDF
10347,LKPR,LOWW
10348,MN15,KFCM
10349,KFLL,KEWR
10350,KCGZ,KDVT
10351,KLAX,KSFO
10352,KMSP,KPHL
10353,KSDF,KBWI
10354,KSYR,KROC
10355,KSEA,KATL
10356,KIAD,KORD
10357,LOWW,EGLL
10358,KBUR,KOAK
10359,EKCH,EFHK
10360,KPHL,KTPA
10361,LIPZ,EGLL
10362,ENGM,LSZH
10363,KATL,KDEN
10364,KBNA,KDTW
10365,KBED,KLWM
10366,KDFW,KDCA
10367,KIAH,KRDU
10368,KVIS,KSMO
10369,KDVT,KPRC
10370,LSZH,EDDT
10371,KPHX,KSFO
10372,EHEH,LIME
10373,LSGG,LEMG
10374,KFAT,KSAN
10375,KGSO,KATL
10376,KIAH,KBWI
10377,KLAX,KPHX
10378,LOWW,EGGW
10379,GA00,KD73
10380,KMKE,KHOU
10381,KORD,KABQ
10382,ENBR,ENZV
10383,KPSP,KSFO
10384,LYBE,LFPG
10385,KCLT,KLAS
10386,KDFW,KRDU
10387,KORD,CYYZ
10388,EGAA,EGKK
10389,KATL,KPHX
10390,KIAH,KSAT
10391,LTAC,LTFE
10392,KBWI,KBNA
10393,ESSA,EKCH
10394,KJFK,PANC
10395,KDCA,KPHL
10396,KPDX,KORD
10397,KBOS,KMIA
10398,KIWA,37AZ
10399,KPHX,KOAK
10400,KPHL,KSYR
10401,EDDF,EDDH
10402,KSGS,KLGA
10403,EKYT,ENGM
10404,EKCH,EGKK
10405,KORD,KATL
10406,KVGT,KU08
10407,LFML,LPPR
10408,KDEN,KSTL
10409,CYVR,CYXE
10410,KSGF,KDFW
10411,KLAX,KSFO
10412,KLAS,KCVG
10413,LIPZ,LIBD
10414,EDDN,LEPA
10415,EGGP,EHAM
10416,EGLL,LSZH
10417,KSAN,KSMF
10418,LOWW,EDDL
10419,KORD,KBOS
10420,KADS,KLXY
10421,KGAI,KDMW
10422,EHAM,EDDS
10423,KIAD,KDTW
10424,KSFO,KBOI
10425,KATL,KSFO
10426,LIRF,LSZM
10427,KPHX,KSMF
10428,EKCH,EGSS
10429,LEMH,LEPA
10430,KMKC,KAPA
10431,LFBO,LFDB
10432,KCGZ,KIWA
10433,KBWI,KROC
10434,LSGG,LFBD
10435,KBNA,KEWR
10436,EGGP,EGAA
10437,EGSS,EDDF
10438,CYYC,CYUL
10439,KORD,KPHX
10440,LEBL,LEMD
10441,EDDW,EDDF
10442,KSEA,KBUR
10443,LSZH,LEPA
10444,LIRA,EGSS
10445,KFOK,KFRG
10446,KLAX,KDCA
10447,KPHL,KSTL
10448,LSZM,EGKK
10449,KCDW,K12N
10450,KMYF,KRNM
10451,KSAN,KDFW
10452,KMKE,KMSP
10453,LIRF,EGLL
10454,KSFO,KJFK
10455,KDCA,CYYZ
10456,KATL,KDEN
10457,KSNA,KPHX
10458,KATL,KORF
10459,LEJR,LEBL
10460,KMCI,KBNA
10461,KFAT,KMYF
10462,LEMG,EGCC
10463,LSZH,LHBP
10464,LSZH,EBBR
10465,K2W6,KCGE
10466,KHOU,KDFW
10467,KPUB,KDEN
10468,KCRQ,KHHR
10469,KORD,KLGA
10470,KE16,KSJC
10471,KSFO,KSNA
10472,KFTY,25GA
10473,KSEA,KIAD
10474,KLAS,KONT
10475,KRHV,63CN
10476,KAPA,KPVU
10477,KLAX,KMSP
10478,KLGA,KTPA
10479,KMTN,JY04
10480,EDDH,EDDM
10481,KIAH,KATL
10482,KPHL,KMKE
10483,LIPZ,EGLL
10484,KCLE,KPHL
10485,LIRF,LIMC
10486,KSBP,KSFO
10487,KCEU,SC24
10488,KPHX,KLAX
10489,KEWR,KLAS
10490,LOWW,EDDS
10491,KSFO,KPDX
10492,KTTN,KPNE
10493,KDFW,KATL
10494,KMIA,KBWI
10495,KDCA,KBOS
10496,CNV9,CYUL
10497,KITH,KPHL
10498,KJFK,KSEA
10499,KSDL,KPAN
10500,EGSS,LPPT
10501,KDAL,KOMA
10502,LEPA,LEIB
10503,EBCI,LEAL
10504,EKYT,EKCH
10505,KBWI,KDTW
10506,LOWW,EDDL
10507,KLAS,KORD
10508,RPLL,RJTE
10509,LEIB,EGLC
10510,KDPA,59IL
10511,KBDU,KBJC
10512,KPHL,KATL
10513,KDCA,KBNA
10514,LOWW,LFPG
10515,ENGM,ENBO
10516,KLAS,KSMF
10517,KDFW,KSRQ
10518,KTYR,KDFW
10519,KHWV,KISP
10520,KPIT,KPHL
10521,LIRF,EGLL
10522,KTDF,KRDU
10523,KSEA,KSJC
10524,KORD,KLAS
10525,LEMD,EGLL
10526,EBBR,LIRF
10527,KCMH,KPDK
10528,KEWR,KBNA
10529,SBSP,SDCO
10530,KPOC,KSNA
10531,KMCI,KDTW
10532,LYBE,EDDF
10533,KBOS,KORD
10534,2CO3,KEIK
10535,KHOU,KMCI
10536,ENZV,ENGM
10537,KDEN,KDAL
10538,EIDW,EDDM
10539,LGAV,LIRA
10540,EDDM,LIPZ
10541,KBUF,KORD
10542,LOWW,EDDM
10543,KLGB,KSMF
10544,KSDL,KLAS
10545,KDCA,KDFW
10546,KBED,CYYZ
10547,LIRF,EHAM
10548,KSFO,KLAX
10549,KPHX,KMDW
10550,KLAS,KIAH
10551,KFLL,KDFW
10552,LEAL,LEPA
10553,KSTS,KSFO
10554,EPWA,EPDR
10555,KCLE,KORD
10556,17CO,KBJC
10557,KATL,KPHL
10558,KSFO,KORD
10559,KDCA,KSRQ
10560,KDFW,KMSN
10561,EGNX,EDDP
10562,EDDS,EDDH
10563,EDLW,EGSS
10564,EHAM,EDDF
10565,KFLL,KJFK
10566,KORD,KDFW
10567,EHEH,LHBP
10568,KATL,KJFK
10569,TA06,KADS
10570,KLAX,KDFW
10571,KSEA,KBWI
10572,KBUR,KDFW
10573,SAEZ,SKMA
10574,LEMH,LEBL
10575,KTPA,KPHL
10576,KDFW,KVPS
10577,LOWW,EBMB
10578,KMDW,KSDF
10579,KTUL,KDFW
10580,LOWW,LSZM
10581,KATL,KHOU
10582,KMCI,KATL
10583,OMDB,VHHH
10584,KDCA,KDTW
10585,KSAT,KDFW
10586,KLAS,KFLL
10587,LOWW,EDDS
10588,EIDW,LPFR
10589,KDFW,KTYS
10590,KSFO,KSAN
10591,EGKK,EHAM
10592,LSGG,EGLL
10593,KPAE,WT77
10594,LGAV,LGRP
10595,KSFO,KSEA
10596,LEBL,LPPT
10597,LIRA,LHBP
10598,KORF,KDFW
10599,KMIA,KSDF
10600,KAUS,KORD
10601,KATL,KEWR
10602,KMRB,KFDK
10603,KLGA,KBOS
10604,KRDU,KBOS
10605,KSAN,KLAS
10606,LSZH,LSGG
10607,RPLL,OMDB
10608,KOAK,KPDX
10609,EGKK,LPFR
10610,KPDX,KMSP
10611,EHAM,CYYZ
10612,LROP,EDDM
10613,KSTL,KDAL
10614,KSGS,KSFO
10615,KLAS,KDFW
10616,ENGM,ESSA
10617,KPHL,KCVG
10618,UUWW,ULLP
10619,KAUS,KDFW
10620,KSEA,KIAD
10621,KTYR,KADS
10622,KBWI,KORF
10623,ENVA,ENGM
10624,KORD,KIAH
10625,KRSW,KMDW
10626,KDFW,KPHL
10627,KTPA,KBOS
10628,LJLJ,EPWA
10629,LSGG,LEBL
10630,VOMM,VIDP
10631,KSJC,KHIO
10632,KLGA,KDAL
10633,KLZU,0GA4
10634,KATL,KSYR
10635,LEIB,LEBL
10636,KHPN,KFRG
10637,ELLX,LOWW
10638,LIRF,LICZ
10639,KDCA,KIAH
10640,LEZL,LPPT
10641,LDZA,EBBR
10642,LIML,EDLN
10643,KDEN,KBNA
10644,LFML,LEBL
10645,KDVT,AZ05
10646,LPMA,LPPT
10647,KC47,KC35
10648,KDAL,KATL
10649,KDEN,KBOI
10650,KMIA,KLGA
10651,KFDK,KLNS
10652,EDDM,EGLL
10653,LIMC,EHAM
10654,EICK,LEMG
10655,LSZH,LIRF
10656,LOWW,EKCH
10657,LFPB,LSZM
10658,KSYR,KORD
10659,KLAX,KOAK
10660,KIAH,KDFW
10661,ESSA,EHAM
10662,KALB,KBWI
10663,LSZH,EGCC
10664,KORF,KPHL
10665,KBED,KLWM
10666,6TS1,KDFW
10667,KSFO,KIAD
10668,ULLI,UUDD
10669,EDDL,EDDM
10670,UKBB,EPWA
10671,KDCA,KSTL
10672,KLAX,KSJC
10673,KIAH,KSFO
10674,LIRF,LGAV
10675,KONT,KDFW
10676,KGSO,KCLT
10677,KDFW,KORD
10678,KORD,KMIA
10679,KPHL,KORD
10680,EDDS,LTFJ
10681,KSLK,KBOS
10682,EDDK,LEMD
10683,KMDQ,KPDK
10684,KCNO,KLGB
10685,KDPA,0IL8
10686,KSAN,KBOS
10687,KRHV,KE16
10688,KISP,03NY
10689,KBNA,KORD
10690,KSEA,KSFF
10691,KSTL,KDTW
10692,LFPG,LFLL
10693,KATL,KPHL
10694,KDFW,KCVG
10695,KDFW,KIAH
10696,KPHX,KSTL
10697,KMCI,KORD
10698,LEIB,EHAM
10699,KALB,KCLT
10700,LPPT,EGCC
10701,LPPR,LFPG
10702,KBFI,WT77
10703,KBOS,KMVY
10704,KLAX,KAVQ
10705,KIAH,KPHL
10706,KORD,KRSW
10707,KLAS,KIAH
10708,LOWW,LIPZ
10709,LEBL,LFPO
10710,LEMD,EKCH
10711,LEPA,LEBL
10712,KDFW,KDMA
10713,KRSW,KCVG
10714,KBNA,KDTW
10715,LOWW,LIPE
10716,ENBO,ENVA
10717,LSZH,EDDH
10718,KSFO,KBUR
10719,KATL,KMKE
10720,KIND,KBWI
10721,KSGR,KT15
10722,EGKA,EGKR
10723,ESGG,ESSA
10724,KRDU,KMIA
10725,UWWW,UUDD
10726,KSFO,KEWR
10727,EHAM,EHLE
10728,KPHL,KRSW
10729,KBNA,KSTL
10730,KBOS,KFLL
10731,LEZL,LFPO
10732,KFLL,KIAH
10733,EHAM,EKCH
10734,KROC,KAKH
10735,KORE,MA52
10736,KMSP,KMCI
10737,KDFW,KATL
10738,LSZH,EDDF
10739,CYCD,CYVR
10740,KIAD,KDEN
10741,EDDS,LEBL
10742,KATL,KSAN
10743,TA06,KTKI
10744,19OK,KRVS
10745,KCVG,KDTW
10746,KPDX,CYVR
10747,KORD,KSFO
10748,KRDU,KIAH
10749,UUEE,ULLP
10750,K3C8,KISP
10751,EGPD,ENZV
10752,EGGD,EHAM
10753,KATL,KCMH
10754,KDFW,KPHX
10755,KORD,7PS7
10756,KLAS,KU42
10757,KPHX,KORD
10758,LGAV,LSGG
10759,KHEF,VA71
10760,LSMD,LSZB
10761,KDFW,KBWI
10762,LHBP,LEMD
10763,KPHX,KORD
10764,KDAY,KDTW
10765,EETN,EDDF
10766,LMML,EDDF
10767,LIRA,EPMO
10768,KDEN,KSMF
10769,LEMD,LSZH
10770,LSZH,EGKB
10771,KBNA,KLAX
10772,KBFI,KYKM
10773,LFPG,LIRF
10774,KDFW,KSBP
10775,KORD,KMSP
10776,OMAA,VOMM
10777,KPDK,KGVL
10778,KPHL,KMDT
10779,KTPA,KISP
10780,KAUS,KU42
10781,KLGB,KBUR
10782,EPWA,EGGW
10783,KATL,KORD
10784,KMDW,KFLL
10785,LEIB,LEMD
10786,LGAV,LEMD
10787,RPLL,RKSI
10788,KSEA,PANC
10789,EDDM,LFBO
10790,LDZA,LSZH
10791,KATL,KSEA
10792,KMSP,CYYC
10793,KPHL,KMIA
10794,LHBP,LIME
10795,LIMC,LGAV
10796,EGLL,ESSA
10797,LOWW,EDDH
10798,KDFW,KMCI
10799,KCMH,KDFW
10800,ELLX,LSGG
10801,KRAL,KFUL
10802,LIPE,EHAM
10803,CYOW,CYUL
10804,WMKK,RCTP
10805,KBFI,WA09
10806,LEMD,LEIB
10807,KBWI,KTPA
10808,KPHL,7PS7
10809,LEMG,LIRF
10810,KSEA,KLAS
10811,KPDX,KORD
10812,KFFZ,88AZ
10813,LEMG,LPPT
10814,KMDW,KBWI
10815,EHAM,LOWW
10816,KATL,SC97
10817,LSZH,EDDL
10818,KLGA,KORD
10819,LOWW,LSGG
10820,KMDT,KPHL
10821,KCLT,KECP
10822,20AZ,KFFZ
10823,KD98,KPTK
10824,KDAL,KLAS
10825,KRNT,KPAE
10826,EHAM,EKYT
10827,KORD,KDTW
10828,EPWA,EPKK
10829,KECP,KATL
10830,KBWI,KCVG
10831,KDFW,KMIA
10832,KMIA,KLGA
10833,KDWH,89TA
10834,KPHX,KLAX
10835,GA00,KD73
10836,KATL,KLAS
10837,KSFO,KBUR
10838,KLMO,KGXY
10839,KBFI,KBOI
10840,KORD,KSRQ
10841,KSTS,KOAK
10842,VOBL,VIDP
10843,KSFO,KBOS
10844,LJLJ,LFPG
10845,LFPG,LPFR
10846,KISP,KPHL
10847,KRSW,KJFK
10848,KATL,KDAL
10849,LSZH,LOWW
10850,KLAX,KLAS
10851,UKBB,EDDF
10852,LIRF,EGKK
10853,KBWI,KDFW
10854,KMSP,KSEA
10855,EBCI,LHBP
10856,KAPA,KAEJ
10857,KPDX,KATL
10858,KSMF,KDAL
10859,LKPR,LEBL
10860,KSNS,KVIS
10861,EDDL,LOWW
10862,KATL,KMCI
10863,EHAM,LSZM
10864,KPHX,KDTW
10865,KBNA,KPHL
10866,KHPN,KPVC
10867,KDFW,KLAS
10868,LPPT,ELLX
10869,KMSP,KORD
10870,KORD,VT26
10871,KLAX,KIAD
10872,KBFI,4WA9
10873,KVNY,KSNA
10874,EDDS,LEPA
10875,KSPG,FD04
10876,KRSW,KPHL
10877,LFPG,EDDT
10878,KFLL,KATL
10879,KSFO,KLAS
10880,KBWI,KORD
10881,KATL,KIAH
10882,KDFW,KSNA
10883,LTBA,LLBG
10884,KDFW,KHOU
10885,KSTL,KU42
10886,LEPA,LEMD
10887,KSMF,KBUR
10888,EDDG,EDDB
10889,KCLT,KATL
10890,KMSP,KU42
10891,KORD,KBOS
10892,KONT,KATL
10893,KHPN,KOPF
10894,KBOI,KSEA
10895,KCMH,KEWR
10896,KLAX,KPHX
10897,KEWR,KCLT
10898,KCGZ,KCHD
10899,KATL,KDCA
10900,LOWW,LOWS
10901,KJFK,KU42
10902,KSFO,KSBA
10903,LPPT,EDDF
10904,KDFW,KBOS
10905,EGKK,ENGM
10906,LSGG,LEMD
10907,LFPO,LEPA
10908,LOWW,EDDT
10909,KORD,KDTW
10910,KDEN,KEWR
10911,KPHX,KSAT
10912,KCGZ,KFFZ
10913,KMCI,KSGS
10914,KSEA,KSAN
10915,KDAL,KFLL
10916,KMVY,KBOS
10917,EGPF,EHAM
10918,KPIT,KLGA
10919,KBOS,KSGS
10920,LYBE,LSZH
10921,ULMM,UUEE
10922,OMDB,OBBI
10923,EGSS,LEMP
10924,KATL,KMDW
10925,KTPA,KMDW
10926,EHAM,LPPT
10927,KDEN,KABQ
10928,KDTW,KORD
10929,EDDL,LTFJ
10930,EPWA,EPGD
10931,KDVT,AZ00
10932,KDEN,KLGA
10933,KLAS,KBUR
10934,KMSN,KDTW
10935,EDDH,LOWW
10936,KOAK,KLAS
10937,KORD,KFLL
10938,KLQK,4SC4
10939,KHWV,KISP
10940,KLAX,KSJC
10941,KSAT,KDAL
10942,KORD,KCMH
10943,KDVT,AZ05
10944,EDDB,LOWS
10945,LSGG,EGLL
10946,EHAM,KJFK
10947,CYYZ,CYUL
10948,LEPA,LOWW
10949,KTPA,KPHL
10950,LPPR,EDDK
10951,KLAS,KDAL
10952,KOAK,KABQ
10953,ESSB,ESSN
10954,LEBL,LEMD
10955,EGNT,EGAA
10956,KMDW,KRSW
10957,KBOI,1ID4
10958,KBXK,KDVT
10959,KABQ,NM74
10960,EGNX,LEMG
10961,KDFW,KSDF
10962,KRDU,KATL
10963,KSNA,KAPC
10964,KFLL,KLAS
10965,KSAN,KIAD
10966,LEPA,EDDM
10967,KHEF,VA87
10968,EDDT,EDDF
10969,EGLL,EDDM
10970,EDDM,LIRF
10971,MA72,KBOS
10972,KMSP,KSAN
10973,KOMA,KLAS
10974,KSTL,KSAN
10975,KBUF,KDCA
10976,KBOI,22ID
10977,KDFW,KTUL
10978,KLAS,KTUL
10979,EDDC,EDDF
10980,KMSP,KOMA
10981,ENHD,ENGM
10982,LROP,EPWA
10983,CYOW,CYYZ
10984,WN51,KBVS
10985,EGGW,LEBL
10986,KTEB,KPWK
10987,KCMH,KORD
10988,KSEA,KSMF
10989,KSTL,KMDW
10990,EIDW,EPKK
10991,EGPH,EGGW
10992,KBWI,KFLL
10993,OMDB,OERK
10994,KBED,KLWM
10995,KORD,KPVD
10996,KBOS,KLAX
10997,KBOI,22ID
10998,KRSW,KIAH
10999,KYIP,KPTK
11000,ENGM,ENZV
11001,LTAC,LTFJ
11002,LFBO,LSGG
11003,KMIA,KIAH
11004,KATL,TJIG
11005,CYYZ,CYOW
11006,EHAM,LSZM
11007,KSEA,KPDX
11008,KSFO,KPHL
11009,KDEN,KPHX
11010,KSTL,KMCI
11011,2VG7,KHWY
11012,KORD,KBKL
11013,KTPA,KDAL
11014,KGRB,KDTW
11015,KDFW,KABQ
11016,KPHL,KROC
11017,KDFW,KBKL
11018,EHAM,EDDW
11019,EGPF,EIDW
11020,KOAK,KSNA
11021,KBOS,KDCA
11022,KSYR,KFZY
11023,ELLX,EDDR
11024,KCGZ,KFFZ
11025,KEWR,KPHL
11026,LSGG,LEPA
11027,KISP,KBWI
11028,KDEN,KPHL
11029,EGKK,LFBD
11030,KMIA,KIAH
11031,LPPR,LPPD
11032,LIRA,LEPA
11033,KBNA,KBKL
11034,KLAS,KDFW
11035,LIRF,LIBR
11036,KSMF,KONT
11037,KLAN,KDTW
11038,KSJC,KLGB
11039,LFPO,LEBL
11040,KDEN,KHHR
11041,LPPT,LFPG
11042,KECP,FA55
11043,KSEA,KBOI
11044,LFML,LFBD
11045,KPHL,KLAS
11046,KSNA,K61B
11047,VHHH,OMDB
11048,EGJJ,EGHH
11049,EGGW,LEAL
11050,KSTL,KPHX
11051,KHWD,KCCR
11052,KMSP,KSMF
11053,ESSV,ESSA
11054,KORD,KIAH
11055,KLNK,KAPA
11056,KSNA,KSBA
11057,KSAN,KHOU
11058,KLAS,KSJC
11059,KLAX,KEWR
11060,KBWI,KPVD
11061,KSMF,KPHX
11062,EPWA,EDDF
11063,KDFW,KSAN
11064,KBUF,KDTW
11065,LIML,LICZ
11066,CYPK,CZBB
11067,KSFO,KLAS
11068,KORD,AL18
11069,KORD,KDCA
11070,KAWO,KFHR
11071,KMKE,KDTW
11072,EGLL,LGAV
11073,KSNA,KLAS
11074,KSJC,KSAN
11075,KDFW,KHSV
11076,KABQ,KMDW
11077,KSAT,KATL
11078,CBQ2,CZBB
11079,KPHL,KCLT
11080,KCLT,KMKE
11081,LEMG,LEBL
11082,KISP,K3C8
11083,KRSW,KDFW
11084,KBOS,KTPA
11085,EDDH,EKCH
11086,KORD,KLGA
11087,KPHX,KDFW
11088,LPPR,EDDF
11089,KBDN,5OR5
11090,KDAL,KHOU
11091,EHEH,LEBL
11092,LYBE,EDDT
11093,KIAH,KLAX
11094,LPPT,LEMD
11095,KDCA,KORD
11096,LFPO,LEMD
11097,KSTL,KTUL
11098,KDFW,KCOS
11099,CYYC,CKA8
11100,KSPG,KSRQ
11101,LOWW,LGAV
11102,LEPA,EDDT
11103,LEMG,LEMD
11104,KSEA,KPHX
11105,KORD,KPHL
11106,KCMH,KDTW
11107,EGLL,EKCH
11108,UUDD,ULLP
11109,KPHX,KOMA
11110,KMSP,KDFW
11111,KCMH,KDAL
11112,EDDP,EBBR
11113,LLBG,EBLG
11114,KATL,KRDU
11115,ESGG,LFPG
11116,KSJC,KSEA
11117,KTPA,KIAH
11118,KORD,KSFO
11119,KAUN,KSAC
11120,8MA4,MA52
11121,KFTW,KHOU
11122,LHBP,EGGW
11123,KDEN,KORD
11124,KLAS,KEWR
11125,LEIB,LEPA
11126,KHOU,KDAL
11127,LOWW,LIRF
11128,KCLE,KDTW
11129,KATL,KLAX
11130,EIDW,EDDT
11131,EGLL,LIRF
11132,KORD,KIAD
11133,KDFW,KLGA
11134,CYYZ,CYUL
11135,LFBD,LFPG
11136,KBOS,KSFO
11137,VOBL,VIDP
11138,LIMC,ESSA
11139,KIAH,KIAD
11140,KSEA,KSTL
11141,KSAN,KSJC
11142,KSUS,52MO
11143,LMML,LICZ
11144,KHSV,KATL
11145,KPDX,KSEA
11146,ULLI,UUDD
11147,LEBL,EDDM
11148,KABQ,KIAH
11149,KISM,KDFW
11150,KPHL,KMDW
11151,37CL,KHMT
11152,KLAX,35MN
11153,KOAK,KLGB
11154,KTEB,KFLL
11155,KGRB,KMSP
11156,EDDH,EGLL
11157,KFLL,KBWI
11158,LDZA,EDDF
11159,KBLM,K39N
11160,KCLE,KLGA
11161,LEMD,EGLL
11162,KSNA,KSGS
11163,KBOI,20ID
11164,LEMG,EGBB
11165,KBUF,KMDW
11166,KLGA,KMVY
11167,KMTN,JY04
11168,KORD,KORF
11169,KDFW,49FD
11170,LEPA,EDDH
11171,CYYZ,CYVR
11172,KMKE,KDFW
11173,KWHP,KL70
11174,KSEA,7PS7
11175,KHOU,KTPA
11176,KATL,KSTL
11177,EGBB,LPFR
11178,KRNM,8CA5
11179,CYVR,CYYZ
11180,KDFW,KDEN
11181,KDEN,KSTL
11182,KPHX,KIAH
11183,KORD,KMCI
11184,KMDW,KTEB
11185,KHND,K1L3
11186,KCLT,KPLR
11187,EPKK,EGGD
11188,KOAK,KBUR
11189,EGKK,LEMG
11190,KBOI,KSEA
11191,KSEA,KGEG
11192,KPHL,KBNA
11193,KJFK,KATL
11194,LEBL,LEPA
11195,KDFW,KSFO
11196,EDDH,EDDF
11197,KSTL,KPHX
11198,KBUR,KSJC
11199,KSNA,KLAS
11200,LEPA,EBAW
11201,KI69,KI54
11202,KYKM,7WA7
11203,KPAO,KE16
11204,KFNL,KBJC
11205,KORD,KCVG
11206,KMDW,KLAS
11207,EPGD,EHAM
11208,KCCR,KO08
11209,KDFW,KFLL
11210,EICK,EHAM
11211,LROP,LIME
11212,8MI9,KYIP
11213,KTPA,KDFW
11214,KBNA,KMDW
11215,LPFR,EGSS
11216,LIML,EDDF
11217,EGKK,LHBP
11218,LIPE,LICZ
11219,KMZJ,KAVQ
11220,KSEA,KSFO
11221,KORD,KLGA
11222,EKCH,LSGG
11223,EDDM,EDDS
11224,KOSU,OH88
11225,KLAS,KPHL
11226,EIDW,LEBL
11227,KPHX,KBOS
11228,KSGF,KORD
11229,LFPG,LKPR
11230,KDCA,KSYR
11231,KCOS,KIAH
11232,KCLT,KSDF
11233,LEBL,EGKK
11234,KDMW,KGAI
11235,KATL,KDFW
11236,KLAX,KLAS
11237,KORD,KMSN
11238,KDFW,9CA0
11239,KAUS,KDFW
11240,KTTN,KN14
11241,KBWI,KBUF
11242,KDEN,KDCA
11243,KSEA,KDTW
11244,LIPZ,LGAV
11245,KONT,KDEN
11246,CYYC,CYQQ
11247,KLAS,KABQ
11248,KMCI,KSTL
11249,EDDH,LFPG
11250,LEMD,LTBW
11251,EGFF,EHAM
11252,KTPA,KSTL
11253,EBCI,LIPE
11254,KDEN,KRDU
11255,KAUS,KBOS
11256,KPHX,KSGS
11257,EIDW,LEMG
11258,VOBL,VEPI
11259,KHOU,KLAS
11260,KTYS,KIAH
11261,LYBE,EDDL
11262,KLAX,KPDX
11263,EDDM,EHAM
11264,KDPA,KJVL
11265,KDFW,KDTW
11266,LEZL,EDDM
11267,CO18,KAPA
11268,KPHX,KIAH
11269,KBOS,KBUF
11270,LFPG,EGLL
11271,KALB,KHPN
11272,KROC,KORD
11273,KMDW,KHOU
11274,KDEN,KSJC
11275,KDAL,KLAS
11276,EBBR,EDDF
11277,KRSW,KBWI
11278,KDEN,KIAD
11279,KDEN,KSAT
11280,KORD,KLGA
11281,KDFW,KONT
11282,KDFW,KECP
11283,96WA,KAWO
11284,EDDB,LIME
11285,KSMF,KSFO
11286,KSNA,KDFW
11287,KTKI,KRVS
11288,LROP,LIME
11289,KIAH,KDMA
11290,KLHM,KAUN
11291,EDDM,LEPA
11292,KPHX,KSEA
11293,EGLL,EPKK
11294,KBNA,KSGS
11295,KMDT,KCLT
11296,LTAC,EDDK
11297,KSTL,KLAX
11298,KCLT,7PS7
11299,KBUR,KLAS
11300,KSAN,KDFW
11301,KORD,KMKE
11302,LHBP,EBBR
11303,EGPH,EIDW
11304,LHBP,EGKK
11305,CYYC,CYKF
11306,LEPA,EGLF
11307,KBOI,22ID
11308,KSEA,CYVR
11309,KHOU,KPHX
11310,KJYO,3VA7
11311,KBWI,KALB
11312,LOWW,EGSS
11313,EKCH,EKRN
11314,KPAO,KHWD
11315,KFRG,KACY
11316,LFML,LFPG
11317,LKPR,LEMG
11318,KC35,KC29
11319,KORD,CYUL
11320,KATL,KIAH
11321,CYVR,CYYJ
11322,EDDM,EBBR
11323,CYYC,CYVR
11324,KDEN,KSFO
11325,RCTP,VHHH
11326,LFPO,LFBO
11327,KDEN,KBKL
11328,KLAX,KLAS
11329,3VA7,VA87
11330,LEPA,EDDK
11331,EGLL,CYYZ
11332,KPHX,KMCI
11333,KMVY,KJFK
11334,KRDU,KDFW
11335,KIAD,KCMH
11336,LSZM,LOWW
11337,KBED,KLEB
11338,KTPA,KMDW
11339,KSAN,KSTL
11340,KORD,KATL
11341,KDEN,KMCI
11342,OMDB,WSSS
11343,KBUR,KCCR
11344,EDDS,EHAM
11345,KBID,KUUU
11346,KLAX,KORD
11347,KLAS,KSMF
11348,KTYS,KATL
11349,CYVR,CYYZ
11350,KPHX,KBNA
11351,EKCH,LSZH
11352,OI34,7OA7
11353,KDCA,KMDW
11354,EKCH,EGLL
11355,ENVA,ENBO
11356,ESSA,LPPT
11357,KHEF,VA87
11358,KFAT,KSFO
11359,KMGY,KSGH
11360,KRDU,KLGA
11361,KSNA,KSJC
11362,EDDM,EDDV
11363,EPMO,EGBB
11364,EDDN,EDDF
11365,KATL,KMIA
11366,KCNO,KL35
11367,KMKE,KSTL
11368,KIAH,KDEN
11369,KDFW,KPDX
11370,KBWI,KBOS
11371,KPIE,KFXE
11372,KDTW,KIAH
11373,KLAS,TS53
11374,KTPA,KEWR
11375,KSFO,KJFK
11376,KRSW,KDTW
11377,LIRA,LFOB
11378,CYYC,CYYZ
11379,KBFI,KFHR
11380,KLAX,KAUS
11381,LEBL,LGAV
11382,KTTD,6OR8
11383,KFAT,KLGB
11384,VTBS,RJAA
11385,KATL,KHOU
11386,KSDL,19AZ
11387,KIAD,KJFK
11388,CYYZ,CYVR
11389,KONT,KOAK
11390,KPDK,KJZP
11391,KDCA,KATL
11392,TJSJ,KMIA
11393,OH66,KLUK
11394,UUEE,UWKD
11395,KCMH,KBWI
11396,KRDU,KU42
11397,EGLL,KBOS
11398,KAUS,KPHX
11399,KDFW,KDTW
11400,KVNY,KCMA
11401,KDEN,KIAH
11402,KMDW,KMCI
11403,KOAK,KLAX
11404,KDEN,KLAS
11405,KATL,KFLL
11406,LFBO,LFKJ
11407,2CO3,KAPA
11408,KDAL,KMDW
11409,KDFW,KLAX
11410,LIRF,LICZ
11411,KMIA,KEWR
11412,EIDW,LFPG
11413,KSNA,KAVX
11414,ENZV,ENGM
11415,ESGG,EDDF
11416,KLAX,KDFW
11417,KSEA,KCMH
11418,KATW,KORD
11419,KRVS,19OK
11420,KBOI,1ID4
11421,KCWA,KORD
11422,KMSP,KPDX
11423,LOWW,LFPG
11424,KSKA,KSEA
11425,KORD,KPHL
11426,KSEA,KONT
11427,KRDU,KTDF
11428,WN51,KBVS
11429,K61B,KU30
11430,19OK,KRVS
11431,KLAS,KPHX
11432,EKCH,EKYT
11433,KBNA,KIAH
11434,KATL,KBKL
11435,KFRG,KDXR
11436,KSEA,CYVR
11437,KDEN,KLAS
11438,KDTW,KLAS
11439,EDDV,LEPA
11440,LIMC,LEMD
11441,KSAN,KAPC
11442,LROP,LIRA
11443,KDFW,KCMH
11444,ESGG,ESSB
11445,KLGB,KSMO
11446,16MI,KORD
11447,KTEB,KSLK
11448,KRDU,KOPF
11449,KTKI,KF00
11450,48AZ,KSDL
11451,EDDT,EHAM
11452,KCHD,KFFZ
11453,KDEN,KSTL
11454,KPHX,KPHL
11455,EGLL,EHAM
11456,KDAL,KLGA
11457,LPPR,EBBR
11458,KDFW,KTPA
11459,EDDS,EDDF
11460,EDDB,EIDW
11461,KLZU,KPDK
11462,KBVY,MA36
11463,KL70,KVNY
11464,LIRA,LROP
11465,KDEN,KFLL
11466,4GA9,KPDK
11467,ESSA,ESTA
11468,ENBR,EKCH
11469,SBJD,SSJC
11470,EGLL,LEMD
11471,KFLL,KHWO
11472,LEPA,EDLW
11473,BIKF,EKCH
11474,EDDM,EDDH
11475,CYYC,KLAX
11476,55AZ,KFFZ
11477,KVNY,KSBA
11478,KDEN,KMDW
11479,KLGA,KSTL
11480,KMTN,MD09
11481,KA39,KCHD
11482,LEPA,LEMH
11483,KDTW,KFLL
11484,KATL,KBOS
11485,KMVY,KBOS
11486,KSFO,KLAX
11487,KARB,8MI9
11488,KSBP,KVIS
11489,KLAS,KDTW
11490,KDAY,KORD
11491,KDMA,KLAS
11492,EDDB,LEPA
11493,LIEE,LIML
11494,KDEN,KDTW
11495,KAVQ,KFFZ
11496,KBWI,KMDW
11497,KATL,KIAD
11498,3PS9,KAKH
11499,EDDL,LKPR
11500,EPWA,EGLL
11501,EHAM,EIDW
11502,EGAC,EHAM
11503,KMHT,KDCA
11504,KPHX,KLAS
11505,EGPF,EGKK
11506,EGLL,KIAD
11507,KJYO,KOKV
11508,LEBL,EDDM
11509,KCLE,KMDW
11510,KFLL,KSTL
11511,KLAX,KSMF
11512,KGRB,KORD
11513,KBNA,KTPA
11514,EGKK,LEMD
11515,KVNY,KDAL
11516,EGGP,LEBL
11517,EGGD,LEMG
11518,OTHH,WMKK
11519,KBWI,KMKE
11520,KDEN,KBOS
11521,KIAH,KDEN
11522,KDAL,KOAK
11523,KDFW,KU42
11524,LFML,EGLL
11525,KANP,MD09
11526,KEFT,KC77
11527,KSDL,KDWH
11528,LFPG,LPPR
11529,50OR,KBDN
11530,KDEN,KAUS
11531,KDFW,KBOS
11532,KSEA,KBNA
11533,KLAS,KOAK
11534,KSJC,KSAN
11535,LSZM,LEBL
11536,LFRS,LFBO
11537,KPUB,KCOS
11538,EPGD,EPWA
11539,EGSS,EPMO
11540,KIND,KORD
11541,ESKN,LOWW
11542,KBWI,KRSW
11543,VIDP,VOBL
11544,KLEB,KBOS
11545,ULMM,UUWW
11546,KSEA,KGEG
11547,EDDL,EGLL
11548,YSWG,YSSY
11549,KATL,KBWI
11550,KLAX,KAUS
11551,KBOS,KPYM
11552,KPDK,KWDR
11553,KDEN,KTPA
11554,OTHH,LIMC
11555,CYYZ,KDFW
11556,8MA4,MA52
11557,EGNX,LEAL
11558,KLNK,KORD
11559,VTBS,RKSI
11560,KLAX,KLAS
11561,KSAN,KDFW
11562,UUDD,ULLP
11563,KSTL,KPDX
11564,KDFW,KRSW
11565,KMSP,KDTW
11566,KMCI,KDFW
11567,EGCC,EHAM
11568,KVGT,KU08
11569,KDCA,KCLT
11570,KSEA,35OR
11571,EDDK,LTFJ
11572,LEBL,LIRF
11573,KATL,KIAD
11574,LIPZ,EGCC
11575,KLAX,KSTL
11576,KBWI,KISP
11577,EHAM,LIMC
11578,KMSP,KORD
11579,KVNY,KSDL
11580,EFHK,EKCH
11581,LGKO,LGAV
11582,KFTT,KORD
11583,EGSS,LEMG
11584,KDEN,KBWI
11585,KAUS,KDEN
11586,LFBD,LFLL
11587,KSTL,KIAH
11588,KHEF,53VA
11589,LFBO,LFLL
11590,KIAH,KDTW
11591,EIDW,EDDL
11592,PANC,6AK3
11593,KROC,KJFK
11594,WSSS,RKSI
11595,KSJC,KLAS
11596,ULLI,UUEE
11597,KAUS,KUTA
11598,KVNY,KF70
11599,KSEA,KPDX
11600,EDDL,EKCH
11601,KATL,KDFW
11602,KBWI,KORD
11603,KLAX,KSEA
11604,KPDX,KDFW
11605,LGAV,EGLL
11606,EDDS,EDDT
11607,KLAS,KATL
11608,EBBR,LEBL
11609,KDBQ,KORD
11610,LFPO,LIPZ
11611,KBNA,KCMH
11612,EDDM,EHAM
11613,LFPG,LIRF
11614,KAUS,KMDW
11615,LDZA,EPWA
11616,KDTW,KLAX
11617,LEBL,EGLL
11618,CYYC,CYVR
11619,KSDF,KMDW
11620,KINJ,KGPM
11621,KDEN,KCMH
11622,KMIA,KDTW
11623,ENGM,EKCH
11624,LIPE,LFPG
11625,ULLI,UUWW
11626,KOMA,KORD
11627,KPDX,KBFI
11628,EGAA,EGCC
11629,KSTL,KOMA
11630,LSGG,EKCH
11631,KTUL,KORD
11632,KORD,KSTL
11633,KADS,KECP
11634,KMDW,KPHX
11635,KOMA,KFCM
11636,KMSP,KPHX
11637,KDEN,KOMA
11638,KSFO,KPDX
11639,KSRQ,KATL
11640,LEMD,LEPA
11641,KAUS,KDEN
11642,KMSN,KORD
11643,UWLL,UUWW
11644,KSEA,KATL
11645,KDEN,35MN
11646,KLNS,KFDK
11647,EDDM,LFPG
11648,KSGF,KATL
11649,EDDL,LHBP
11650,KIAD,KTEB
11651,EDDH,EHAM
11652,KDTW,KLAX
11653,KLAX,KPHX
11654,59IL,KDPA
11655,KLAS,KSAN
11656,CYYZ,KLGA
11657,KSNA,K61B
11658,KPDK,KVPC
11659,BIKF,ESSA
11660,EDDT,EPWA
11661,KDEN,KAKH
11662,KRDU,KCLT
11663,KLGA,KFLL
11664,KMDW,KBNA
11665,KPRC,KSDL
11666,KOAK,KLAX
11667,KORD,KTYS
11668,KLAS,KBNA
11669,KBNA,KAKH
11670,KCOS,KBJC
11671,KSJC,KBNA
11672,CYVR,KSFO
11673,LIEE,LIME
11674,KCLE,KEWR
11675,DAAG,LFPG
11676,KSAC,KEDU
11677,WA09,KBFI
11678,KSTL,KORD
11679,EDDH,LIMC
11680,KLGA,KORD
11681,LEMH,LEBL
11682,KTYS,KBNA
11683,EKCH,EDDF
11684,PANC,KSEA
11685,LEMG,EDDF
11686,KPHX,KMCI
11687,LIMC,EGGW
11688,LSZH,LEMD
11689,KHWD,KLVK
11690,KFLL,CYYZ
11691,KDAL,KSTL
11692,KROC,KEWR
11693,LTFJ,LTAC
11694,KMDW,KDMA
11695,KDEN,KCVG
11696,KBOS,KORD
11697,EGSS,LEPA
11698,KPDX,KU42
11699,KBWI,KCLT
11700,BIKF,ENGM
11701,KBNA,KORD
11702,KLAS,KATL
11703,KVNY,KUGN
11704,LEMD,EGSS
11705,KDEN,KGRR
11706,KLAX,KIAH
11707,KTPA,KBUF
11708,EHAM,OTHH
11709,KDWH,7TA0
11710,KIWS,16XS
11711,KADS,KRVS
11712,KLAS,KMDW
11713,LEPA,EDDL
11714,KPDX,KLAS
11715,KMKE,KORD
11716,KSEA,KLAX
11717,GA00,KD73
11718,CYYC,CYXE
11719,CYUL,CYJN
11720,VOBL,VIDP
11721,KOAK,KPSP
11722,LFBO,LFPG
11723,KHWD,KLVK
11724,KSDL,KCMA
11725,KJFK,KDEN
11726,EDDT,LSZH
11727,KF70,8CA5
11728,KCCR,KHWD
11729,KDEN,KDTW
11730,KBOS,KBWI
11731,ELLX,EDDM
11732,KBNA,KMKE
11733,KAFW,KABE
11734,KEUL,04ID
11735,KDTW,KJFK
11736,UUEE,ULLP
11737,KLGA,KATL
11738,KEMT,KCMA
11739,KSFO,KDCA
11740,KATL,KTPA
11741,LFPG,EGCC
11742,KVES,KI73
11743,KEWR,KATL
11744,KMAN,KS67
11745,VECC,VOBL
11746,LGAV,EDDM
11747,LOWS,EDDF
11748,KECP,KHOU
11749,KTUL,KATL
11750,KLAS,KOMA
11751,KJNX,KRDU
11752,KSTL,KPHL
11753,EDDH,EDDK
11754,CZBB,CYPK
11755,KTPA,KDTW
11756,KMDW,KLGA
11757,5TN4,KTYS
11758,KSEA,KGPI
11759,KMKC,KSTP
11760,EDDL,LIMC
11761,KTEB,KOAK
11762,KHPN,03NY
11763,LFPG,LDZA
11764,EDDM,EDDK
11765,KSJC,KE16
11766,LKPR,EDDF
11767,KDCA,KDAL
11768,KATL,KABQ
11769,KDTW,KIAD
11770,EGLC,EGPH
11771,KSTL,KMSP
11772,KIAD,KDFW
11773,KFZY,KSYR
11774,KHOU,KATL
11775,KDEN,KLGA
11776,KSEA,KPDX
11777,KMCI,KORD
11778,EDLW,LOWW
11779,KHPN,KPOU
11780,KSUS,KMO6
11781,KPHX,KOAK
11782,EGKK,LPPT
11783,LTFJ,LTAC
11784,KEDU,KSAC
11785,KMSP,KBOS
11786,KATL,KRSW
11787,EPGD,EIDW
11788,KDEN,KBNA
11789,LILB,LILV
11790,EGSS,LTFJ
11791,PANC,KLCK
11792,KDCA,KORD
11793,ENZV,ENVA
11794,EDDL,EGCC
11795,KDTW,KDFW
11796,KSAN,KOAK
11797,LIME,LIBD
11798,KSTL,9LL2
11799,LEAL,EGGP
11800,KE25,KDVT
11801,KEWR,KATL
11802,EDDR,EDDH
11803,KDFW,KU42
11804,KPAO,KTVL
11805,EBBR,LEMD
11806,LIRF,LFPG
11807,EGCC,EGAA
11808,LFKF,LFML
11809,KBED,KHPN
11810,KBAZ,KT82
11811,KMDW,KSTL
11812,KDEN,KLNK
11813,EGPD,EGLL
11814,ESSA,EKCH
11815,LIPZ,LFPG
11816,KATL,KDNN
11817,KBUF,KEWR
11818,LEPA,LFPG
11819,KDEN,KU42
11820,ULLI,UUWW
11821,KEWR,KIAD
11822,EGLL,EDDF
11823,LFPO,LEPA
11824,UKKK,EGGW
11825,KCHD,KFFZ
11826,EGSS,LIBD
11827,EGKK,EVRA
11828,KLAS,KATL
11829,EETN,ENGM
11830,KE16,KHWD
11831,KATL,KLAX
11832,KDTW,KATL
11833,EKCH,EKYT
11834,KPDK,KPLR
11835,LEIB,LEBL
11836,EGLL,EDDL
11837,KTPA,KBWI
11838,LSGG,LIRF
11839,KDVT,KCGZ
11840,KEWR,KIAH
11841,KMHR,KBLU
11842,KDFW,KBNA
11843,37AZ,KIWA
11844,EIDW,LPPT
11845,KPAE,WA42
11846,KBWI,KIAH
11847,KGPM,KJWY
11848,KISP,KGAI
11849,KATL,KLGA
11850,KDTW,KSEA
11851,CZBB,CYYJ
11852,EPKK,EGPH
11853,EFHK,OTHH
11854,EGAC,EGLL
11855,KSFO,KSAN
11856,KSDF,KORD
11857,EKCH,EGSS
11858,KRIV,KBWI
11859,KBNA,KECP
11860,KVAY,KN87
11861,KPHF,KCLT
11862,KDTW,KCMH
11863,KI69,KTZR
11864,EFHK,ENGM
11865,KATW,KDTW
11866,EGKK,LEMD
11867,LICB,LIMC
11868,EIDW,EVRA
11869,EGLL,ENGM
11870,KTPA,KBKL
11871,KBOS,KDFW
11872,KLAX,KATL
11873,ELLX,EDDT
11874,KDEN,KSNA
11875,KBWI,KDTW
11876,LEBL,EHAM
11877,ESSB,ESSN
11878,KLGA,KDTW
11879,LEPA,LFPO
11880,KMSP,KBNA
11881,EGLL,EIDW
11882,KFOK,KFRG
11883,KSEA,KSFO
11884,KSAN,KDAL
11885,KRDU,KISO
11886,LFPG,CYUL
11887,KSYR,KDTW
11888,KPNE,KTTN
11889,LEMG,GEML
11890,EBBR,LIMC
11891,KORF,KCLT
11892,KROC,0NK3
11893,CYVR,CYYZ
11894,KATL,KORD
11895,KIAH,KJFK
11896,KBOS,KTPA
11897,LEBL,LSGG
11898,LFPO,LFKJ
11899,KLAX,KMDW
11900,LIPZ,LEMD
11901,KSEA,KDFW
11902,EBBR,LTBW
11903,KATL,KSRQ
11904,EDDT,ESSA
11905,KPYM,KOQU
11906,KDEN,KPHX
11907,EGLL,LTBW
11908,KOAK,KMCI
11909,LEPA,LEBL
11910,KDTW,KRDU
11911,LFPG,LSGG
11912,KPHX,KDTW
11913,KORD,CYYZ
11914,LIME,LGAV
11915,KALB,KPHL
11916,KATL,KTYS
11917,EDDH,LTBW
11918,LEPA,LEAL
11919,KSEA,KLAS
11920,LEZL,LEBL
11921,ENVA,ENBO
11922,EGCC,LPFR
11923,KATL,K9A4
11924,KTPA,KBNA
11925,KSNA,KOAK
11926,LFPG,EHAM
11927,KRDU,KBOS
11928,KDFW,KLAS
11929,KLAX,KDFW
11930,WA04,KAWO
11931,EDDH,LSZH
11932,EDDK,LSZH
11933,KLAS,KCMH
11934,KSDF,KATL
11935,LEBL,LEPA
11936,KPNE,KTTN
11937,LEBL,EGSS
11938,EGGW,EPKK
11939,KRVS,19OK
11940,LEPA,EDDH
11941,KFLL,KMDW
11942,KPAE,KPWT
11943,CYYZ,KEWR
11944,OPMT,OMDB
11945,KMWC,WI77
11946,EDDL,EDDM
11947,EGAA,EGPH
11948,EDDF,LTBW
11949,KISP,K3C8
11950,KPHL,KORD
11951,KORD,KFLL
11952,KPDK,K9A1
11953,EHEH,EGSS
11954,EHAM,EFHK
11955,LEMD,EDDM
11956,KRVS,93OK
11957,KCVG,KORD
11958,LEBL,LSZH
11959,9CL2,KRHV
11960,EGBB,EGPH
11961,LIMC,EIDW
11962,KBUF,KATL
11963,EBBR,LEMD
11964,KATL,KCMH
11965,KIAD,KFLL
11966,KABE,KCLT
11967,KORD,KLAX
11968,LPPR,ELLX
11969,CYYZ,CYVR
11970,KIAH,MY52
11971,EDDM,LTBW
11972,KMKE,KUGN
11973,EVRA,EDDB
11974,LEPA,LEIB
11975,KSEA,PANC
11976,KLAX,KSEA
11977,KCLE,KATL
11978,KDTW,KBNA
11979,LFPG,LFBO
11980,KTTN,KRSW
11981,SBGR,SSJC
11982,KORD,KATL
11983,KSFO,KORD
11984,KSYR,KPHL
11985,KHND,KSNA
11986,KATL,KOMA
11987,KSEA,KLAX
11988,EKCH,LIME
11989,KLAX,KPHL
11990,KSMF,KLAS
11991,LEBL,LMML
11992,KIAH,KSTL
11993,KSNA,KCRQ
11994,EDDT,ESSA
11995,KDAY,KATL
11996,KDAY,KATL
11997,EGGD,LPFR
11998,KDTW,KBWI
11999,VIDP,OMDB
12000,LIPZ,LFPO
12001,KRSW,KATL
12002,KFLL,KORD
12003,EGKK,LEPA
12004,LIMC,LICZ
12005,EHAM,LTBW
12006,ESSB,EBBR
12007,KHPN,03NY
12008,KLAX,KSAN
12009,EDDM,LSGG
12010,KSEA,KSGS
12011,KSGH,KMGY
12012,EGLL,ESGG
12013,KMCI,KDAL
12014,KLAS,KAKH
12015,KPHX,KSEA
12016,KEWR,KDFW
12017,LIEE,LIPZ
12018,KPHL,35MN
12019,KFLL,KEWR
12020,EDLW,EPKT
12021,KCMH,KHPN
12022,KSEA,KSNA
12023,KMSN,KAKH
12024,KISP,KFOK
12025,KCLE,KBWI
12026,KDEN,KLAX
12027,EDDT,EBBR
12028,KF70,KPOC
12029,KLAS,KMDW
12030,EGLL,LFPG
12031,EGCC,LIRA
12032,EDDM,EFHK
12033,LIML,LEPA
12034,KPHX,KAUS
12035,LPPT,LFPO
12036,LEAL,LFPO
12037,EGGP,LEPA
12038,LEZG,LEPA
12039,LFPG,LFCM
12040,KAWO,96WA
12041,KRDU,KATL
12042,KLAX,KDTW
12043,KLAX,KMIA
12044,KDEN,KMSN
12045,LIRF,LEMD
12046,LOWW,LKPR
12047,KSTL,KLAS
12048,KLAS,KLAX
12049,LIPE,EGLL
12050,LKPR,EPWA
12051,KECP,KIAH
12052,EDDM,EDDL
12053,KDAL,KLAX
12054,KDEN,KDMA
12055,EHAM,LKPR
12056,KDTW,KMDW
12057,KBOI,KSEA
12058,KATL,KU42
12059,KC29,KC47
12060,ELLX,LEBL
12061,KBNA,KJFK
12062,KLAS,KPHL
12063,KSBA,KLAX
12064,KBOS,KCLT
12065,KSAF,KDFW
12066,EGLL,ELLX
12067,EDDT,EDDM
12068,LEPA,LFPG
12069,KLAX,KU42
12070,KAPF,KSRQ
12071,KATL,KCVG
12072,KSTL,KDFW
12073,LIRF,LFPO
12074,EIDW,LIME
12075,KDAL,KPHX
12076,KDFW,KLAX
12077,LPPT,LSGG
12078,KPHX,KPDX
12079,EGSS,LHBP
12080,KRDU,KSGS
12081,LEBL,EGKK
12082,KBOS,KDTW
12083,KORD,KDFW
12084,LKPR,LIME
12085,ULLI,UUDD
12086,UWWW,UUDD
12087,EGKK,EGPH
12088,EDDT,LFPO
12089,OBBI,OMDB
12090,KTCY,63CN
12091,KDEN,KAKH
12092,KDTW,KRSW
12093,KAUS,KATL
12094,KTPA,KATL
12095,EKCH,EKYT
12096,KBNA,KFLL
12097,KSEA,KYKM
12098,EHAM,LFPG
12099,KPIE,KBNA
12100,KUAO,K7S9
12101,KFLL,KBNA
12102,LOWW,EVRA
12103,KPHX,KMIA
12104,KLGA,KDFW
12105,EDDM,LPPT
12106,KLAX,KJFK
12107,2LL2,KORD
12108,KIND,KORD
12109,KSAN,KSFO
12110,KDEN,KTUL
12111,LIML,LIBD
12112,OR28,2OG5
12113,LGAV,LFPO
12114,KSEA,KBOI
12115,EDDF,EDDT
12116,KJZP,KPDK
12117,LPPT,LOWW
12118,LSZH,EDDL
12119,KBNA,KDFW
12120,EHAM,EGGW
12121,KPHX,KSEA
12122,KFAT,KSAN
12123,KAVX,KTOA
12124,ULLI,UUWW
12125,KAUN,KLVK
12126,LIPE,EDDF
12127,KLGA,KDCA
12128,KSFO,KLAX
12129,KDEN,KSEA
12130,KSUS,KDAL
12131,KATL,KDTW
12132,KBED,KPYM
12133,KOWD,KLWM
12134,LSZH,LEBL
12135,EHAM,EDDF
12136,KLAS,KVNY
12137,KDFW,KIAH
12138,KRDU,KORD
12139,LROP,LFPG
12140,KCLE,KORD
12141,KPHL,KMSN
12142,KSEA,KSJC
12143,KVPS,KIAH
12144,KPHX,KSJC
12145,KROC,KDTW
12146,LOWW,LIMC
12147,LPPR,LSZH
12148,LGAV,EGLL
12149,KUAO,KS21
12150,EDDT,LSZH
12151,KBUF,KBWI
12152,KSAT,KIAD
12153,KEMT,KCMA
12154,KRNM,KSDM
12155,KOAR,KSNS
12156,LEMD,LEPA
12157,LPPT,LFLL
12158,KORD,KU42
12159,KVNY,KOAK
12160,KSEA,KOMA
12161,EPGD,EGCN
12162,KPHL,KTEB
12163,KDEN,KOMA
12164,KPHX,KJFK
12165,EDDH,EGLL
12166,KDCA,KEWR
12167,KDPA,0IL8
12168,77OH,KI69
12169,KVNY,95CA
12170,LIPX,EDDF
12171,KLVK,4CA2
12172,LEBL,LFPG
12173,KLVK,KHWD
12174,KONT,KSMF
12175,CL36,KO60
12176,KPHX,KSAN
12177,EGAA,EGGP
12178,CL46,KCMA
12179,KCMH,KPHL
12180,KLAX,KJFK
12181,EGGW,LEBL
12182,KMDW,KDAL
12183,KRDU,KBWI
12184,KSAT,KHDO
12185,LHBP,EPWA
12186,KSFO,KSAN
12187,LIML,EBMB
12188,KDFW,KDEN
12189,KLAS,KSAN
12190,EFHK,ESSA
12191,80WA,KPAE
12192,KSMF,KLAX
12193,EGGD,LEMD
12194,KATL,KPHL
12195,KBNA,KMCI
12196,KRSW,KPHL
12197,KDTW,KORD
12198,KFRG,KHWV
12199,KDCA,KATL
12200,KPDX,KSEA
12201,KOMA,KATL
12202,MU65,KSTL
12203,KDEN,KATL
12204,KMSP,KDEN
12205,KPHL,KDTW
12206,KBOS,KATL
12207,LIML,LIRF
12208,EDDM,LIMC
12209,KSEA,KSAN
12210,EFHK,EFOU
12211,EGLL,EGPH
12212,VT25,KDTW
12213,KMMU,KHVN
12214,SKBO,KMIA
12215,EGKK,EDDT
12216,KATL,KEWR
12217,EIDW,EGLL
12218,LEMH,LEMD
12219,EDDL,EDDT
12220,KEWR,KFLL
12221,KLAX,KJFK
12222,96WA,KAWO
12223,KDEN,KDTW
12224,KBFI,WA09
12225,KTYS,KORD
12226,TJSJ,KJFK
12227,LIRF,LIML
12228,LEPA,LEAL
12229,KMDW,KPHX
12230,KJFK,KIAH
12231,KPDX,KSMF
12232,KEWR,KMIA
12233,EGGD,LEAL
12234,KDFW,KLAX
12235,KSNA,KVNY
12236,KLAS,KBUR
12237,ENGM,ENBO
12238,MA72,KBOS
12239,KBOS,KATL
12240,KOMA,KAKH
12241,KPHL,KBNA
12242,WSSS,RKSI
12243,KGSO,KPIE
12244,KECP,KADS
12245,KLAX,KPHX
12246,EDDL,EDDF
12247,KPHX,9CA0
12248,5XS0,KTKI
12249,KSJC,KBOI
12250,KDAL,KBNA
12251,KAUS,KIAD
12252,EGLL,EIDW
12253,EDDN,LTBW
12254,KIND,KDTW
12255,KSAT,KPHX
12256,KDFW,KDEN
12257,KLAS,KONT
12258,KU30,K61B
12259,LIPX,EGKK
12260,KDEN,KU42
12261,KPDX,35MN
12262,KATL,KSDF
12263,KAPA,KADS
12264,LSZH,EFHK
12265,EDLW,EDDM
12266,KFFZ,KP13
12267,LIRA,LIRV
12268,KORD,KIAD
12269,KLNK,KMLE
12270,EGGD,LSGG
12271,KDEN,KMSP
12272,49NY,KHPN
12273,LIEE,LIMC
12274,KMSN,KORD
12275,KDFW,KSNA
12276,KSAN,KPDX
12277,KDAL,KMCI
12278,KRDU,KSTL
12279,KSFO,KPSP
12280,KORD,KAKH
12281,KMSP,KLAX
12282,LEPA,LEMD
12283,KORF,KBWI
12284,KAWO,15WA
12285,EGAA,EGGD
12286,KABQ,KLAS
12287,LEMD,LEMH
12288,KTEB,KOPF
12289,EKCH,LEMG
12290,LEAL,EGCC
12291,KSAT,KHOU
12292,EDDT,LTBW
12293,KTYR,KTKI
12294,KPWT,KPAE
12295,KAUN,KWVI
12296,KTUL,KAKH
12297,EDDS,EKCH
12298,EGBB,EPKK
12299,KLAS,KEWR
12300,LTFJ,OTHH
12301,KJFK,KDTW
12302,KFOK,KFRG
12303,KSFO,KSAN
12304,KORD,KSJC
12305,KSDF,KPHL
12306,EGLL,EGAC
12307,KPDX,KSEA
12308,KSAN,KMKC
12309,KIND,KDEN
12310,4GA9,KPDK
12311,9CO6,KAPA
12312,EGGW,LPPT
12313,8MA4,MA52
12314,KDEN,KIAD
12315,LOWS,LTBW
12316,4WA9,KPWT
12317,EHAM,LEMG
12318,KARB,8MI9
12319,KPAO,KTVL
12320,LSZM,EDDT
12321,KFLL,KHOU
12322,KRDG,KTTN
12323,EDDF,EGLL
12324,LEAL,EBBR
12325,KHWV,K3C8
12326,KROC,KBWI
12327,KLAS,KBUR
12328,EDDM,EDDT
12329,KSQL,KLVK
12330,LIPZ,EIDW
12331,LIMC,LPPT
12332,KWHP,KCMA
12333,KLGB,KSJC
12334,KTCY,KRHV
12335,KHPN,KPWK
12336,EDDH,EFHK
12337,KDAY,KDFW
12338,KEWR,KCLT
12339,KDEN,KRDU
12340,LPPT,EDJA
12341,SBKP,SBVT
12342,KMCI,KIAH
12343,KPDX,KSAN
12344,LPPR,LSGG
12345,KIND,KATL
12346,EHAM,EGSS
12347,KSEA,KU42
12348,LOWW,LIMC
12349,EKCH,EHAM
12350,LFPG,DAAG
12351,KCLW,KPIE
12352,LIPE,LEMD
12353,KLAS,KLGB
12354,KEMT,KCMA
12355,KDTW,KTPA
12356,KSTS,CL36
12357,KOAK,KSEA
12358,KTPA,KMDW
12359,KPHX,KPSP
12360,EIDW,LFOB
12361,KDEN,7PS7
12362,KSJC,KPDX
12363,KBNA,KORD
12364,ULLI,UUWW
12365,KEWR,KORD
12366,LIPZ,EDDM
12367,KTUL,KIAH
12368,KSGF,KDFW
12369,EHAM,EGKK
12370,LFPG,EFHK
12371,EGPD,ENBR
12372,KLAX,KSJC
12373,KLAS,KMIA
12374,LFBD,LFML
12375,KBED,KIAD
12376,KONT,KPDX
12377,KAUS,KLAS
12378,LOWW,EGLL
12379,KPHX,4AZ0
12380,KTPA,KATL
12381,KDTW,KPHL
12382,KDEN,KBOS
12383,LIME,LMML
12384,LPPR,LFPO
12385,KMVY,KBOS
12386,EIDW,LOWW
12387,KOAK,KLAS
12388,LFPO,LEMD
12389,EHAM,LEMD
12390,KSJC,KPDX
12391,LOWW,EPWA
12392,WA09,KBFI
12393,UUWW,EVRA
12394,KSAT,KIAH
12395,GMMN,LTFJ
12396,KIND,KEWR
12397,KAPC,KSNA
12398,CYUL,KPHL
12399,RJBB,VHHH
12400,KMYF,KRNM
12401,KEWR,KATL
12402,KFAY,KATL
12403,KMMU,KRDU
12404,KATW,KORD
12405,KIAH,KU42
12406,EPGD,EGKK
12407,KO41,KMCC
12408,KTUL,KDAL
12409,KMSS,KBOS
12410,KRNT,KS50
12411,KALB,KDTW
12412,KSMF,KPDX
12413,KFLL,KBNA
12414,KFRG,KFOK
12415,LFBD,LSGG
12416,KMKE,KUGN
12417,EGSS,LIPZ
12418,KRHV,KE16
12419,LHBP,LSZM
12420,LEBL,LIPZ
12421,EGAA,EGBB
12422,KPHX,KLAX
12423,EGCC,LSGG
12424,ESSA,ELLX
12425,LPPR,EGSS
12426,KHOU,KLGA
12427,EDDL,LEMD
12428,EDDV,LTBW
12429,KSEA,KIAH
12430,ULLI,UUDD
12431,LEPA,EDDT
12432,KPNE,KTTN
12433,EGLL,OERK
12434,CYVR,CYYZ
12435,MROC,KMIA
12436,KEWR,KRSW
12437,EGGW,LSGG
12438,61VA,KJYO
12439,KTEB,KISP
12440,LIRF,EDDM
12441,ESMS,ESSA
12442,KLGA,KBNA
12443,KSMF,KPDX
12444,LFPG,EDDF
12445,KAPF,KNPA
12446,EGBB,LEPA
12447,LEAL,EDDL
12448,KDEN,KBKL
12449,LEBL,LIMC
12450,LIMC,EGLL
12451,KSNA,KU42
12452,KSFO,KSEA
12453,KDTW,KCVG
12454,EDDL,EVRA
12455,LSZH,LEMD
12456,EHAM,EGLL
12457,KPHX,KSTS
12458,KSAT,KDAL
12459,EGSS,LKPR
12460,KPAE,KPWT
12461,KC83,KOAK
12462,EDDS,EDDH
12463,LIMC,LTBW
12464,KEWR,KDTW
12465,KATW,KOJC
12466,LEPA,EDDL
12467,K5C1,KERV
12468,EDDT,EGLL
12469,VOMM,WSSS
12470,KSEA,KLAX
12471,KVNY,KSBA
12472,LIME,EDDH
12473,LSZH,LTBW
12474,KTUL,KORD
12475,CYYZ,CYYC
12476,EINN,EGKK
12477,KCLT,KPHX
12478,KOMA,KLAS
12479,KPHX,KLGB
12480,KPAO,KLVK
12481,KL08,KMYF
12482,KMYF,KAVX
12483,KIWS,6XA4
12484,KA39,KFFZ
12485,KTYS,KAKH
12486,KSNA,KTOA
12487,ESPA,ESSA
12488,LTFJ,LTAC
12489,KSNA,KSMF
12490,KFLL,KATL
12491,LEPA,LEMD
12492,KSMO,KMYF
12493,KCMA,KSMO
12494,KHIO,KBDN
12495,EDDF,LEMD
12496,KSJC,KU42
12497,UUWW,ULLP
12498,KCOS,KU42
12499,KRYY,SC75
12500,KVPS,KATL
12501,KDEN,KSJC
12502,KPHX,KFAT
12503,KCLE,KPHL
12504,KPHL,KDFW
12505,CYOO,CYKF
12506,UUDD,UWKD
12507,TJSJ,KEWR
12508,KLAX,KHOU
12509,EDDM,LOWW
12510,KSNA,KAPC
12511,EDDL,LTBW
12512,KPHL,KLAX
12513,LSGG,EGKK
12514,EGKK,LFPG
12515,EFHK,EETN
12516,EKCH,EPKK
12517,KLAS,KSEA
12518,KOKV,KJYO
12519,KJFK,KCLT
12520,LKPR,LSZM
12521,KPNS,KIAH
12522,RKSI,VHHH
12523,KPHX,KDTW
12524,KRNT,02WA
12525,01VA,KJYO
12526,KSFO,KDAL
12527,KFMY,KVNC
12528,KCLT,KORD
12529,EDDM,EVRA
12530,KSEE,KSBP
12531,KPHL,KRDU
12532,KSAN,KU42
12533,KONT,KU42
12534,KN14,NJ69
12535,LEPA,EDDH
12536,EDDS,LOWW
12537,KMKE,KORD
12538,EGLL,LIMC
12539,SBCO,SBGR
12540,LSZM,LFBD
12541,KPHX,KLAS
12542,KBNA,KPHL
12543,KIAH,61XS
12544,LFPG,GMMN
12545,KEWR,KBNA
12546,KDEN,KSFO
12547,EBLG,EGNX
12548,KLAX,KOAK
12549,KDFW,KBOI
12550,EKBI,EGLL
12551,LPPT,EGSS
12552,ENBO,ENGM
12553,KPHX,KBUR
12554,WN13,WA96
12555,KCLT,KSDF
12556,KYKM,KSDL
12557,KTYS,KPHL
12558,KPHL,KPVD
12559,KECP,KATL
12560,TA66,TX05
12561,KPHX,KSEA
12562,EGKK,EGAA
12563,KROC,KSWF
12564,KLAS,KSFO
12565,KBNA,KDTW
12566,KBOS,KPHL
12567,WA67,KTTD
12568,EBBR,LPPT
12569,LSGG,LEMD
12570,KATL,35MN
12571,KPHX,KSBA
12572,KBUR,KOAK
12573,KGSO,KATL
12574,KDTW,KFLL
12575,KSDL,KAPA
12576,KDEN,KPSP
12577,KMDT,KDTW
12578,KFLL,KBOS
12579,KFLL,KATL
12580,KMSP,KATL
12581,EGSS,EPKK
12582,KPDX,KU42
12583,KWHP,KCMA
12584,VOBL,OMDB
12585,KEWR,35MN
12586,KE16,KRHV
12587,LPPT,EHEH
12588,KLAS,KPHX
12589,LHBP,EGGW
12590,GA00,KD73
12591,KDAY,KPHL
12592,KBOS,MA55
12593,WA09,KBFI
12594,8TX7,KIWS
12595,LEBL,LFPO
12596,KTYS,KATL
12597,LIEE,LIML
12598,LEPA,LEIB
12599,LIPZ,LEMD
12600,6PA3,KMDT
12601,UKBB,LEBL
12602,KHQZ,KF41
12603,KMIA,SKBO
12604,KAUS,KJFK
12605,KFRG,03NY
12606,KLAS,KU42
12607,KLAX,KSEA
12608,KVUO,KKLS
12609,LEMD,LEBL
12610,61OR,KBDN
12611,KSJC,KLAX
12612,KPHX,KSMF
12613,KSAN,KVNY
12614,KSMO,KAVX
12615,LSZH,LPPT
12616,KPOU,KHPN
12617,KOMA,KORD
12618,KLGA,KDAL
12619,K47A,KJZP
12620,EGLL,OTHH
12621,EDDB,EHAM
12622,LFML,EDDF
12623,KDFW,KDEN
12624,KMDW,KBWI
12625,KDEN,KJFK
12626,EPWA,LDZA
12627,KSTL,KORD
12628,KCNO,8CA5
12629,LEPA,EDDF
12630,KDEN,KPDX
12631,LEMD,LEIB
12632,KOKM,KRVS
12633,KSNA,KOAK
12634,KSDF,KDTW
12635,KRVS,OK13
12636,KPDX,CL36
12637,LEZL,LEBL
12638,KPHX,KSNA
12639,KSAT,KDFW
12640,KDFW,KATL
12641,EGSS,EPRJ
12642,KDFW,KDMA
12643,KCMA,KCNO
12644,KATL,24FL
12645,LZIB,EGSS
12646,KAUS,KDAL
12647,EGPF,EGGD
12648,KPHL,KCLT
12649,LEMH,LEMD
12650,LFML,LFRS
12651,KDAL,KSNA
12652,CAT4,CML2
12653,KDEN,KLAX
12654,KDCA,KDFW
12655,KTEB,KBUF
12656,EIDW,LKPR
12657,EHAM,EGGP
12658,KBWI,KORF
12659,KORD,KJFK
12660,LEPA,EDDF
12661,KSNA,KSJC
12662,KONT,KLAS
12663,KMCI,KORD
12664,EDDK,LTBW
12665,EGLL,EFHK
12666,EGCC,EKBI
12667,KFUL,KPOC
12668,KABQ,KDAL
12669,KFLL,KEWR
12670,EICK,EGSS
12671,KSMF,KU42
12672,KDFW,KSMF
12673,ENZV,ENGM
12674,KDAL,KDCA
12675,ENBR,ENGM
12676,KOAK,KBOI
12677,ENGM,EFHK
12678,KDFW,KIAD
12679,KSAN,KLAS
12680,KMDW,KCMH
12681,LIRF,LPPT
12682,EDDH,EDDM
12683,KDEN,MT54
12684,LEZL,LEPA
12685,KDEN,KDFW
12686,CZBB,CAK3
12687,KADS,KTUL
12688,KAUS,KDCA
12689,LIMC,LFPG
12690,KSFO,UT13
12691,KSFO,KPHX
12692,KVNY,KOPF
12693,EGKK,LKPR
12694,UUEE,ULLP
12695,KSAN,KPHX
12696,KBUF,KPHL
12697,LEAL,LFPO
12698,KDFW,KORD
12699,KDEN,KCVG
12700,KSJC,KPHX
12701,LFLL,LFPG
12702,KBOI,KSAN
12703,OL05,OR41
12704,KDEN,KSEA
12705,KMIA,SPJC
12706,LFPG,LTBW
12707,LEPA,EDDK
12708,KFLL,KDTW
12709,SBBR,SBKP
12710,KECP,KBNA
12711,KBNA,KATL
12712,LIRF,EKCH
12713,KSAN,KSJC
12714,KTOA,KLGB
12715,KBOS,KMDW
12716,KRSW,KDCA
12717,54OK,KRVS
12718,KLAS,35MN
12719,KORF,KDTW
12720,KDEN,KLAS
12721,KSNA,KFFZ
12722,KPTK,K6G0
12723,LSMD,LSZF
12724,KMDW,KPHL
12725,KCRS,KGKY
12726,02GE,KRYY
12727,KAUS,KJFK
12728,KTPA,KPHL
12729,EDDM,EDDW
12730,KGRR,KPHL
12731,KOAK,KHOU
12732,KFHR,WA68
12733,KSMF,KPHX
12734,KPHL,CYYZ
12735,UUDD,ULLP
12736,KDFW,KTUL
12737,CYYZ,KJFK
12738,KDEN,KSMF
12739,KCJR,KHEF
12740,CYUL,KEWR
12741,KPDX,KSFO
12742,LEPA,LEMD
12743,KSAN,KSJC
12744,KMSP,KMDW
12745,KWHP,KL70
12746,KPGD,KFXE
12747,KDEN,KPAE
12748,LEMG,EGCC
12749,KFXE,KHWO
12750,KDFW,KCOS
12751,KHYA,KBOS
12752,KMCI,KMDW
12753,KPHL,KAGC
12754,KLGA,KMVY
12755,KBUR,KSFO
12756,LFPG,LFBY
12757,KTTN,KMJX
12758,KDFW,KTPA
12759,KBOS,KMVY
12760,KDEN,KSAN
12761,KLAX,KSFO
12762,KPHX,KSAN
12763,KSMF,KSAN
12764,KPHL,KBUF
12765,EDDM,LEMD
12766,KFWS,K9F9
12767,KJYO,01VA
12768,KDFW,KLGA
12769,EFHK,EFKU
12770,LEPA,EDDL
12771,KSNA,KDFW
12772,LSZH,EGLL
12773,LFPG,LFBO
12774,KSJC,KLAX
12775,ESSA,ESGG
12776,LIRF,LICZ
12777,EGLL,EPWA
12778,KFAT,KPDX
12779,GMMN,LIPE
12780,PANC,40AK
12781,KDFW,60IN
12782,EDDV,LOWW
12783,LGRP,LGAV
12784,KDEN,KPHL
12785,KROC,KPHL
12786,KHOU,KFLL
12787,KFAT,KLAS
12788,KLAS,KPDX
12789,KDEN,KTEX
12790,88AZ,KFFZ
12791,PANC,KLCK
12792,8CA5,KMYF
12793,KDFW,KPHX
12794,KPHX,KHOU
12795,EDDT,EVRA
12796,KPHL,KRSW
12797,RPLL,VHHH
12798,KPDX,KLAS
12799,K2W6,KCGE
12800,KAUS,KHOU
12801,EDDH,EDDF
12802,KDAL,KVNY
12803,EGPH,EDDH
12804,UUEE,ULLP
12805,EETN,ENGM
12806,EDDS,LTBW
12807,KYKM,WA26
12808,KPHX,KU42
12809,CYYC,CYUL
12810,LIPX,LIBD
12811,KECP,KPDK
12812,MA72,KBOS
12813,KDFW,KFAT
12814,KDFW,KEWR
12815,KPHL,KMSP
12816,KTDF,KRDU
12817,KSDL,KU42
12818,KRDU,KPHL
12819,EDDM,EPWA
12820,6NY1,KDTW
12821,KLAX,KSFO
12822,KMKC,KPWK
12823,EBBR,EPWA
12824,EKCH,EDDM
12825,KOAK,KSAN
12826,LEPA,LEBL
12827,KDEN,KAKH
12828,KSEA,KDTW
12829,KPHX,KONT
12830,KSGF,KORD
12831,EDDS,EDDF
12832,KLGA,KCLT
12833,CYUL,CYVR
12834,KMIA,SKBO
12835,KPHL,KCMH
12836,EHAM,LEBL
12837,LEPA,LEBL
12838,KDFW,KATL
12839,KAUS,KEWR
12840,KPHX,75DC
12841,KDFW,KSEA
12842,96WA,KFHR
12843,KLAX,KSFO
12844,KPSP,KDFW
12845,CYYJ,CYVR
12846,KDFW,KIAH
12847,KITH,KPHL
12848,K61B,KRNM
12849,LEBL,EDDL
12850,LEMD,LEPA
12851,KSFO,KPSP
12852,VTBS,OMAA
12853,KHPN,03NY
12854,KSAN,KSMF
12855,EDDL,LOWW
12856,KPHX,KSNA
12857,KSMF,KLGB
12858,KABQ,KPHX
12859,KPDK,KVPC
12860,KDEN,KSNA
12861,KPWK,KCMH
12862,OMDB,OERK
12863,EGGD,LFBO
12864,EPKK,EPWA
12865,KDEN,KDCA
12866,KSDF,KHOU
12867,KFLL,KDAL
12868,KFUL,KWHP
12869,LEAL,EHEH
12870,KDAL,KHOU
12871,EGAA,EHAM
12872,LSGG,EDDN
12873,KAUS,KATL
12874,KSFO,35OR
12875,KPHX,KSDF
12876,KPHL,KDCA
12877,EKCH,OTHH
12878,KDEN,KPHX
12879,KCLT,KECP
12880,EGSS,EDDW
12881,KABQ,KU42
12882,KDFW,KCVG
12883,LEIB,LEMG
12884,ENVA,ENGM
12885,KMIA,KDFW
12886,96WA,KBLI
12887,KONT,KDFW
12888,KAUS,KDFW
12889,KSBA,KVNY
12890,LEMD,LEMH
12891,EGLL,LPPT
12892,OR95,KMMV
12893,KMMK,KSNC
12894,TE85,KDWH
12895,83TE,TE97
12896,KATL,KBNA
12897,KDEN,KHOU
12898,KGEG,KSEA
12899,LEMH,LEBL
12900,LEZL,LIRF
12901,KAVX,KSNA
12902,LTFJ,EGSS
12903,KLVK,KPAO
12904,KAVQ,KMZJ
12905,KGRR,KORD
12906,ENZV,EKCH
12907,LIMF,LICZ
12908,KHOU,KAXH
12909,KMSP,KORD
12910,KDEN,KBUR
12911,VOBL,VIDP
12912,KMDW,KRSW
12913,KCLT,KBNA
12914,KBOS,KBNA
12915,LEMG,LEPA
12916,KATL,KVPS
12917,CYBW,CGB2
12918,LFPG,LFBY
12919,KDTO,KFTW
12920,KDTW,KIAH
12921,KPHX,KBOI
12922,KOAK,KLVK
12923,KDFW,KSNA
12924,EGGD,LIPZ
12925,CYXX,CZBB
12926,EDDL,EPWA
12927,KCOE,KSDL
12928,KEMT,KCPM
12929,LEMH,LEPA
12930,KCRQ,KFUL
12931,EPMO,LIME
12932,EHAM,LPPR
12933,KDEN,KL73
12934,EDDS,EDDV
12935,OR28,64OR
12936,KCMH,KAKH
12937,LSGG,LOWW
12938,KLAX,KDFW
12939,KSFO,KPDX
12940,KPHX,KSTL
12941,ENGM,ENZV
12942,KMIA,KLGA
12943,KATL,KDCA
12944,KDFW,KPHL
12945,KGEG,KSEA
12946,KLAS,KLAX
12947,KMMU,NK07
12948,KTEB,KOMA
12949,KFLL,KIAH
12950,KSTL,KORD
12951,KSNA,KSFO
12952,KSQL,KTCY
12953,EHAM,EGGD
12954,LIRF,LEMD
12955,KDFW,TX03
12956,KDFW,KBMI
12957,KJFK,KDFW
12958,KLQK,4SC4
12959,LTAC,LTBW
12960,KPHX,KU42
12961,LEMD,LPPR
12962,KCMH,KORD
12963,KTUL,KDFW
12964,LSGG,LFQQ
12965,KLAS,KSEA
12966,EGLL,LIRF
12967,EDDS,LIPE
12968,LEZL,LEPA
12969,KSFO,KSEA
12970,01VA,KJYO
12971,KPHX,KU42
12972,KPHL,KPHX
12973,PANC,KPHX
12974,VIDP,WMKK
12975,LHBP,LSZH
12976,CYYZ,KTEB
12977,EDDL,EDDH
12978,KDFW,KDAY
12979,EGCC,LEBL
12980,KLAX,KORD
12981,KEWR,KFLL
12982,KDTW,KBWI
12983,EIDW,EDDF
12984,KIAH,KIAD
12985,EGKK,LFBD
12986,ENGM,EIDW
12987,EBBR,LSZH
12988,EGGP,LEAL
12989,KHOU,KDFW
12990,KBFI,WT77
12991,EFHK,LEMG
12992,KUAO,K7S9
12993,KPHL,8FA4
12994,EDDS,EPWA
12995,KPIE,KTYS
12996,KHND,KSNA
12997,LEMG,LSZM
12998,ULLI,UUWW
12999,KCMH,KATL
13000,KMIA,KVNY
13001,60CO,PANC
13002,CYTZ,CBM2
13003,UUWW,ULLP
13004,LIEE,LIPZ
13005,KSQL,KLVK
13006,KGAI,KDMW
13007,KSFO,KSMF
13008,KLAS,KSJC
13009,EHAM,EGCC
13010,KDAL,KTYR
13011,KIAH,KDFW
13012,KSJC,KBUR
13013,EBBR,LOWW
13014,EGGD,LOWW
13015,KSTL,KBNA
13016,KEWR,KFLL
13017,KOMA,KMDW
13018,LSZM,EDDH
13019,LIPE,LOWW
13020,KSQL,KTCY
13021,KDEN,KFAT
13022,CYYC,CAM3
13023,LIRF,EFHK
13024,EDDS,EDDF
13025,KAFW,KSEA
13026,KORD,PANC
13027,KBOI,KSFO
13028,KLAX,KFLL
13029,SBCO,SBKP
13030,KSFO,KLAX
13031,KTOA,KSNA
13032,KDEN,KSEA
13033,KLAS,KFLL
13034,LFML,LFAS
13035,KDFW,KBOS
13036,KBWI,KBOS
13037,CYUL,KBOS
13038,KCLT,KHSV
13039,KMKE,KSDF
13040,KPAN,KSDL
13041,LEBL,EDDK
13042,KSGF,KAKH
13043,KSEA,KPDX
13044,ULMM,UUDD
13045,KATL,KMCI
13046,KPHL,0NC1
13047,KDFW,KMIA
13048,KBFI,WA09
13049,KBVY,KLWM
13050,KCMA,KVNY
13051,LEAL,LEPA
13052,KLGA,KDFW
13053,EDDV,EDDM
13054,LEPA,EDDL
13055,EPGD,EPWA
13056,KPIT,KPHL
13057,CZBB,CAK3
13058,LHBP,LIRF
13059,KBNA,KECP
13060,LSGG,LOWW
13061,LSZM,LOWW
13062,KLGB,KOAK
13063,LIRA,LGAV
13064,KPNS,KATL
13065,KFUL,KCMA
13066,EGLL,LSZH
13067,KMDT,KCLT
13068,KACY,KFRG
13069,CYUL,CYQB
13070,KMCI,35MN
13071,KAUS,KBNA
13072,KSDL,KFLG
13073,EDDS,LIME
13074,WN51,KFHR
13075,LFBD,LFLL
13076,KRNM,KMYF
13077,LROP,LGAV
13078,LPPT,LPMA
13079,KIAD,CYYZ
13080,KBFI,KS50
13081,KPHL,KROC
13082,KIAD,KCLT
13083,KORD,KSGS
13084,KMSP,KCMH
13085,KATL,KSEA
13086,KDAL,KSGR
13087,EGLL,EDDV
13088,ULLI,UUDD
13089,KBNA,KLAS
13090,KACY,KHPN
13091,KDFW,KSDF
13092,LKPR,LEMD
13093,KDEN,KSTL
13094,LIMC,EPWA
13095,OEDF,OERK
13096,KSEA,KORD
13097,KFAT,KSFO
13098,LEPA,EDDB
13099,KMDW,KHOU
13100,EHAM,LOWW
13101,KGEG,KPDX
13102,ESGG,OTHH
13103,KPAE,80WA
13104,KPHX,KU42
13105,KFFZ,KA39
13106,KATL,KDFW
13107,LOWW,EHAM
13108,LPFR,LFPO
13109,LIPZ,LICZ
13110,KDFW,KIAD
13111,KLAX,KLAS
13112,KLAS,KPDX
13113,EIDW,EIDL
13114,KSFO,KEWR
13115,KOAK,KO69
13116,KDEN,KBOI
13117,KPHL,KBOS
13118,LFBD,EGKK
13119,EHAM,EPWA
13120,KFLL,KBWI
13121,LEMD,LFPO
13122,KPHX,KSBP
13123,KATL,KEWR
13124,LHBP,LFPG
13125,KSNA,KPHX
13126,LIME,LOWW
13127,KPDK,KTEB
13128,EKCH,LSZH
13129,LICJ,EDDM
13130,LEPA,EDDT
13131,KATL,KECP
13132,KLGA,KBNA
13133,KDFW,KOMA
13134,ENBR,ENZV
13135,KLAX,KSFO
13136,TJSJ,KEWR
13137,KSYR,KAKH
13138,KHHR,KSQL
13139,KSWF,KPHL
13140,KBOI,KS75
13141,KGEG,KBOI
13142,LIMC,LIRF
13143,LEPA,EGLC
13144,KDFW,2MO1
13145,KEWR,01FL
13146,KMSP,KJFK
13147,KBWI,KRSW
13148,LIPE,LGAV
13149,EGKK,LFBO
13150,CYUL,CYYC
13151,KRAL,KSNA
13152,KJFK,KFLL
13153,KDFW,KONT
13154,KDEN,KPHL
13155,KLAS,KMDW
13156,LSZH,LDZA
13157,KSFO,CYVR
13158,KDFW,KORF
13159,KPDX,KLAX
13160,35OR,KSFO
13161,KCMH,KDEN
13162,KCOS,KDFW
13163,KLGA,KMDW
13164,KPDK,KECP
13165,KSFO,KLAS
13166,6PA3,8PA0
13167,KCLT,KCVG
13168,EGLL,LFPG
13169,KSAN,KDTW
13170,KSJC,KLAX
13171,KDTW,KMSP
13172,KTOA,KAVX
13173,EDDL,LOWW
13174,KMDW,KFLL
13175,KSMF,KSEA
13176,KDEN,KLAS
13177,EDDK,LEPA
13178,3NK5,KIAD
13179,LPPR,LFOB
13180,KPDX,KOAK
13181,KFDK,KFME
13182,LOWW,EDDH
13183,KMSP,KRDU
13184,KDFW,KSAN
13185,KBOS,KJFK
13186,ENGM,EVRA
13187,KDTW,CYUL
13188,KSFO,KORD
13189,KORF,KATL
13190,KSFO,KLAX
13191,EHAM,LEMG
13192,KEMT,KMYF
13193,EBBR,EDDM
13194,KSEA,PANC
13195,LEMG,LEMD
13196,KDFW,KFLL
13197,KLVK,KPAO
13198,KSBA,KSFO
13199,KPHX,KPAE
13200,KLAX,KPHX
13201,KDEN,KU42
13202,LOWW,LTBW
13203,KOMA,KDFW
13204,LLBG,EGGW
13205,KATL,KMSP
13206,KPDX,KSEA
13207,LPPT,LFBO
13208,EIDW,EIKY
13209,KU08,KVGT
13210,LEBL,EHAM
13211,EGLL,EDDK
13212,LFML,LFPG
13213,KRSW,KBWI
13214,6AK3,PANC
13215,CYYC,CYYZ
13216,LFBO,LFLL
13217,KSJC,KSNA
13218,KOAK,KSEA
13219,KBNA,KSTL
13220,KHPN,K3C8
13221,LSZH,EPWA
13222,KDAL,KHOU
13223,EDDH,LOWW
13224,KLAS,TS53
13225,VOBL,WSSS
13226,KSTL,KATL
13227,EDDL,LSZH
13228,EDDK,EPKT
13229,KPHX,KU42
13230,KCMH,KDTW
13231,KMDT,KPHL
13232,KCOE,ID13
13233,KMVY,KTEB
13234,KGXY,KFNL
13235,KMKO,KRVS
13236,KCVG,KDTW
13237,KBOI,KOAK
13238,EIDW,EHAM
13239,NTAA,NTTE
13240,KATL,KBUF
13241,KSAC,KAUN
13242,KRNM,KMYF
13243,KBFI,61WA
13244,KPHL,KATL
13245,EHAM,LPPT
13246,LSGG,LPPT
13247,KLAX,KU42
13248,CYYC,KPSP
13249,K2K9,KRVS
13250,KBOS,KSFO
13251,KSTL,KMCI
13252,EGGD,LPFR
13253,KDAL,KECP
13254,LIRF,LTBW
13255,KCMH,KMIA
13256,KLAS,KABQ
13257,KBUR,KLAS
13258,EBBR,LEMD
13259,KPWT,KBFI
13260,KBWI,KATL
13261,EGLL,LIML
13262,KDEN,KU42
13263,EDDH,EDDS
13264,LPPR,LEBL
13265,KCNO,KCMA
13266,EGPH,EGGW
13267,KDFW,KBNA
13268,KDCA,KMKE
13269,KRNT,4WA9
13270,KDFW,KDEN
13271,KCLE,KAKH
13272,KECP,KADS
13273,KSFO,KIAH
13274,KFHR,KS50
13275,NZWN,NZPN
13276,LIML,LEMD
13277,LIRF,EIDW
13278,LIPE,EKCH
13279,PANC,KSEA
13280,KAPA,KGXY
13281,KATL,2IL3
13282,LGAV,EHAM
13283,KCRQ,KCMA
13284,KLAS,KSFO
13285,KSDF,KAKH
13286,KCRQ,KAVX
13287,KHOU,KDAL
13288,CYYC,CAM3
13289,KTEB,CL36
13290,KCLE,KLAS
13291,ULLI,UUEE
13292,KLAX,KSEA
13293,KDFW,KSPI
13294,KBOI,KSEA
13295,KBWI,KFLL
13296,KPDK,KDAL
13297,KDTW,KSTL
13298,KBFI,4WA9
13299,LPPT,LFPG
13300,EDTD,EDDL
13301,KVNY,KCMA
13302,KMCC,KMYV
13303,EDXF,EDXK
13304,9MI6,KPTK
13305,KSEA,KABQ
13306,KDFW,KVPS
13307,KJVL,KDPA
13308,EGPH,EGSS
13309,LEBL,LOWW
13310,KMCI,KIAD
13311,KLAX,KDFW
13312,KCLT,KTPA
13313,SKBO,KMIA
13314,KU77,KU14
13315,KMYF,37CA
13316,KRHV,KE16
13317,KLGA,KHOU
13318,KLAS,KDTW
13319,LEMD,LEBL
13320,ESGG,LSZH
13321,LEPA,LEMD
13322,KALB,KBWI
13323,EDDP,EGNX
13324,KDCA,KATL
13325,KOKV,KJYO
13326,KSTL,KMDW
13327,KOMA,35MN
13328,KSFO,KATL
13329,KPDX,KONT
13330,KCCR,KBUR
13331,LIME,LICZ
13332,KSFO,KFAT
13333,LEPA,LOWW
13334,EKCH,EVRA
13335,KTPA,KDAL
13336,LEIB,LEPA
13337,KMDW,KBNA
13338,LFPO,LPPR
13339,LEBL,EPWA
13340,ELLX,LMML
13341,KATL,KHSV
13342,LPPD,LPPT
13343,KBOS,KJFK
13344,ESGG,EFHK
13345,KSEA,KOAK
13346,KLAS,KLAX
13347,KAJO,KFUL
13348,KDFW,KEWR
13349,KMCI,KOAK
13350,EHAM,LEIB
13351,EKCH,EDDM
13352,LMML,LIRF
13353,KYKM,KSEA
13354,KATL,KLGA
13355,KCRQ,KVGT
13356,LEZL,LEPA
13357,KONT,KPHX
13358,CYYZ,CYUL
13359,TJSJ,KMIA
13360,LFPO,LEBL
13361,CYYC,CYVR
13362,KBOS,KPHX
13363,KBUR,KPHX
13364,KLAX,KORD
13365,KMCI,KDEN
13366,KCGZ,KFFZ
13367,KMCC,KCRQ
13368,KATL,2MO1
13369,CYUL,CYYZ
13370,KFLL,KJFK
13371,KCCR,K2O3
13372,KDAY,KORD
13373,KFTY,KTEB
13374,EGSS,LFBO
13375,LEMD,LFPG
13376,KIAD,KDTW
13377,KSTL,KLAS
13378,KBNA,KTPA
13379,KBOS,KLEB
13380,EGCC,EHAM
13381,EETN,EFHK
13382,LFBO,LFPO
13383,KSDF,KONT
13384,KECP,KHOU
13385,EGLL,EDDS
13386,KLAX,KJFK
13387,KBNA,KDAL
13388,LHBP,EGLL
13389,KLVK,KRHV
13390,KATL,KFLL
13391,KLVK,KRHV
13392,KMCI,KDFW
13393,14TX,KHYI
13394,EHAM,LSZH
13395,KDFW,KMCI
13396,KMMV,KHIO
13397,KSAN,KORD
13398,KVNY,KL70
13399,KDEN,KPDX
13400,LEBL,LEMH
13401,KCHD,KFFZ
13402,LEPA,EDDS
13403,KATL,KBWI
13404,CYYZ,CYQB
13405,PANC,KLAX
13406,EGSS,LFML
13407,LSGG,EBBR
13408,KTPA,KDCA
13409,KSFO,KS03
13410,KMLI,KORD
13411,LPPT,LSZH
13412,ESTA,ESSA
13413,LOWW,EDDL
13414,SBRJ,SBGR
13415,KSFO,KONT
13416,KPNS,KPHL
13417,KAUS,KFLL
13418,UUEE,ULLP
13419,KCVG,KLAS
13420,KATL,NC16
13421,KAPA,KPUB
13422,KDFW,KSAF
13423,KIWA,KPVU
13424,KSTL,KK52
13425,KSBP,KPRB
13426,KMSP,KPHL
13427,LTAC,LTFJ
13428,ULLI,UUWW
13429,EGGW,LFPG
13430,KJFK,KPHX
13431,LEBL,ELLX
13432,KPDX,KORD
13433,KLAS,KSEA
13434,KRNM,KMYF
13435,KPOC,KAVX
13436,WA09,KPAE
13437,KDEN,KABQ
13438,EGGP,LEPA
13439,LEPA,LEBL
13440,EGKK,EGJJ
13441,03OK,KRVS
13442,KDFW,KLAX
13443,KTPA,KBWI
13444,KFLL,KHOU
13445,KJFK,KTPA
13446,OMDB,OERK
13447,KPHX,KLAS
13448,EDDK,EDDM
13449,KATL,KRDU
13450,KSAN,KSFO
13451,MA72,KBOS
13452,KMSP,KLAX
13453,KFUL,KCMA
13454,KDAL,KMDW
13455,KSRQ,KEWR
13456,KATL,KTUL
13457,KMSP,KIAD
13458,KDEN,KSAN
13459,CYOW,CYYC
13460,CYYZ,KBOS
13461,LPPR,ELLX
13462,CYYZ,CYVR
13463,KSMF,KSNA
13464,KLAS,KLAX
13465,EGPH,EGKK
13466,KATL,KGYH
13467,EKCH,LOWW
13468,KLGB,KSMF
13469,KN94,6PA5
13470,KDEN,KU42
13471,KLNS,5PA3
13472,KORD,KDCA
13473,KPSP,KBUR
13474,LOWW,EDDK
13475,KSJC,KSBP
13476,KCLE,KDTW
13477,KBOI,KBFI
13478,KSFO,KBKL
13479,KDWH,KADS
13480,KHSV,KIAD
13481,KBOS,KBKL
13482,KSFO,4AZ0
13483,LEZL,LEIB
13484,KBUR,KSJC
13485,LIMC,EKCH
13486,KDTW,KOMA
13487,KPHX,KSJC
13488,KSRQ,KDCA
13489,KLGA,7PS7
13490,EGLL,EGHQ
13491,KATL,KDFW
13492,CYYC,CYUL
13493,KCMA,KWHP
13494,KRNM,KSDM
13495,CYXE,CYYZ
13496,KDEN,KIAH
13497,KDAL,KBWI
13498,KORD,2MO1
13499,KBWI,KRDU
13500,KPHX,KEWR
13501,LOWW,LSZH
13502,KMSP,KEWR
13503,K4S9,OR40
13504,KSFO,KBUR
13505,KDTW,NY55
13506,KRSW,KIAD
13507,KATL,KJFK
13508,KPHX,KDFW
13509,LPPT,EGLL
13510,EGLL,EFHK
13511,KTPA,KIAD
13512,KBLV,KSRQ
13513,LEMD,LROP
13514,KVIS,KFAT
13515,EDDF,EPWA
13516,KLAX,KSEA
13517,KDAL,KHOU
13518,KLAS,KSMF
13519,K4S9,OR40
13520,KDTW,KDAY
13521,LIRF,LKPR
13522,LEMG,LFPO
13523,KDFW,KLAS
13524,LFBO,EDDM
13525,KPHX,KLAS
13526,WA68,61WA
13527,KAUS,KHOU
13528,EDDH,LSZH
13529,EGAA,EGCC
13530,KMDW,KBUF
13531,KLAS,KLAX
13532,KDAL,KDTO
13533,KDTW,KABE
13534,KMSP,KIAH
13535,KBUF,KBOS
13536,KSEA,KBOS
13537,KBNA,KAKH
13538,CYYZ,CYOW
13539,LSZH,EKCH
13540,EDDM,OTHH
13541,KVNY,KSJC
13542,KLVK,KSQL
13543,KMSP,KU42
13544,KRFD,KBWI
13545,KSBP,KFAT
13546,KMVY,KBOS
13547,KJYO,01VA
13548,KCVG,KMDW
13549,KECP,KDCA
13550,KATL,KDTW
13551,KHPN,KAPA
13552,EDDK,LTFJ
13553,KRSW,KBOS
13554,KRNT,KFHR
13555,LFPG,EPWA
13556,KDTW,KPIT
13557,EDDT,LSZH
13558,KSMO,KPOC
13559,KSNA,KSEE
13560,EGCC,LSZH
13561,LIRF,LSZH
13562,KCLE,KSTL
13563,KCRQ,KSDL
13564,EGGW,EHAM
13565,KDAL,KMCI
13566,LEMD,ELLX
13567,CYJN,CYUL
13568,LPPT,LFPO
13569,EHAM,EGGW
13570,CYVR,KSEA
13571,EGLL,LSGG
13572,KTPA,KDFW
13573,KDTW,KBOS
13574,KISP,KHPN
13575,KAVX,KSMO
13576,KCMH,KSUS
13577,EGSS,LGAV
13578,KSEA,KSBP
13579,KVNY,KTRK
13580,KRVS,K3F7
13581,K61B,KSNA
13582,KLAX,KATL
13583,KSMO,KCMA
13584,KPHX,KDAL
13585,EPGD,EGSS
13586,EPWA,LSZH
13587,KRSW,KMDW
13588,EKCH,EDDL
13589,LEPA,LSZH
13590,KISP,KTEB
13591,KBFI,KBOI
13592,KDTW,KMCI
13593,KORD,KPHX
13594,KSFO,KIAD
13595,KRHV,KMCC
13596,KRDG,KTTN
13597,11TX,KT31
13598,KPHL,KORD
13599,KTPA,KBKL
13600,KDFW,KDTW
13601,LEMG,LSGG
13602,06VA,KSHD
13603,EBLG,EGNX
13604,EDDH,EDDM
13605,KFRG,KTEB
13606,EDDT,LOWW
13607,KPHX,KAUS
13608,KIAD,KSDF
13609,KLVK,KWVI
13610,KDAL,KLAX
13611,EHAM,LKPR
13612,KORD,KMSN
13613,KPYM,KSFZ
13614,KS50,WA42
13615,LFPO,LFDT
13616,KIAG,KROC
13617,EGGW,BIKF
13618,KRHV,KSNS
13619,WA26,KYKM
13620,LHBP,EBCI
13621,LKPR,EDDL
13622,KSFO,KBWI
13623,KLAS,KATL
13624,KPHX,KLAX
13625,KVNY,KSAN
13626,KSAT,KLAS
13627,KMSP,KSEA
13628,EIDW,LSZH
13629,KORD,KRSW
13630,LEAL,EDDB
13631,KHIO,WT44
13632,KBNA,KAKH
13633,KEWR,KBKL
13634,KHOU,KBNA
13635,EKCH,ESSA
13636,KGEG,KSEA
13637,KSEA,KDAL
13638,KMIA,KLAX
13639,KDFW,KU42
13640,LOWW,EDDS
13641,KATL,KLAX
13642,EGKK,EGJJ
13643,LEBL,LIME
13644,KDTW,KORH
13645,KLAS,KONT
13646,KPHX,35MN
13647,KTEB,KBED
13648,EFHK,ESSA
13649,KMCI,KHOU
13650,KOAK,KSTL
13651,EGLL,LOWW
13652,VTBS,VHHH
13653,KSFO,KSNA
13654,K5B2,KSCH
13655,KTPA,KBOS
13656,LEMD,LSGG
13657,KDFW,KORD
13658,KDTW,KAKH
13659,KORD,KIAH
13660,LFBO,LFPG
13661,KVPS,KDFW
13662,CYYZ,KORD
13663,LEMG,EIDW
13664,KIAH,CYYZ
13665,EHAM,EDDH
13666,KAUS,KHOU
13667,OBBI,OMDB
13668,KSBP,KMYF
13669,LSZH,EDDK
13670,KPHX,KPDX
13671,KDTW,KORF
13672,KATL,KORF
13673,KRDU,KATL
13674,KSEA,35OR
13675,KVNY,KCMA
13676,KLAX,KPDX
13677,EDDF,UKBB
13678,KORD,IA84
13679,KPIT,KEWR
13680,EGGW,LEMG
13681,LKPR,LFPG
13682,KSAN,KSEA
13683,KTYS,KDFW
13684,KATL,KDAL
13685,LSGG,LFPO
13686,KDEN,KSEA
13687,KMSP,KDCA
13688,KCGZ,KDVT
13689,LFPG,LOWW
13690,KDTW,KLGA
13691,KMDW,IN60
13692,KDEN,KORD
13693,CYYZ,CHD4
13694,KPTK,KMIA
13695,LGAV,EKCH
13696,KSMF,KLAS
13697,KSFO,KBOS
13698,KAPA,KU42
13699,KBOS,KATL
13700,KSNA,KAPC
13701,KLAS,KSNA
13702,KFHR,KBLI
13703,KDTW,KMKE
13704,CYYZ,KIAD
13705,KATL,KTPA
13706,KL35,KMYF
13707,KHWD,KLVK
13708,KLAX,KSEA
13709,EPGD,EGGW
13710,KSYR,KATL
13711,LEMG,LSGG
13712,KLAX,KBOS
13713,MA55,KBOS
13714,KGRR,KBNA
13715,KPVU,UT08
13716,CYXE,CYYC
13717,WN80,KVUO
13718,KMSN,KDFW
13719,KLGB,KCNO
13720,KSNA,KCRQ
13721,KSAN,KORD
13722,EGPH,EGAA
13723,KRSW,KCMH
13724,KHIO,18OR
13725,KMKE,KDFW
13726,KA39,KFFZ
13727,KPHX,KSEA
13728,EHAM,EPGD
13729,KATL,KFLL
13730,KLAX,KSFO
13731,KORD,KOMA
13732,KLAS,KCOS
13733,KSAN,KLAS
13734,LEBL,LFPO
13735,KTEX,KSDL
13736,KAUS,KSAN
13737,EGGW,LOWW
13738,EIDW,EGKK
13739,KTCY,KRHV
13740,LEPA,EDDS
13741,KATL,KBOS
13742,LEPA,LIRA
13743,KPDK,KMIA
13744,EGGP,EGAA
13745,KMSP,KBOS
13746,KOAK,KLVK
13747,PANC,6AK3
13748,KSQL,KMHR
13749,KSNA,KORD
13750,KSAN,KHOU
13751,KPHL,KTPA
13752,KAWO,96WA
13753,KFLL,KIAD
13754,KPDX,KLAS
13755,LFML,LFQQ
13756,KSEA,MT54
13757,KLAX,KJFK
13758,KDFW,KDCA
13759,LIRF,EBMB
13760,EPMO,LIRA
13761,KORD,KTYS
13762,KATL,KTPA
13763,KATW,KIWA
13764,NZTG,NZCH
13765,KOAK,KLVK
13766,80WA,KPAE
13767,KMYF,KEMT
13768,KPHX,KEWR
13769,LIEE,LIML
13770,LEPA,LEMD
13771,KBOI,KORD
13772,UUWW,LYBE
13773,KATL,KPHL
13774,KSFO,KSBP
13775,KMDW,KBOS
13776,KFDK,KDMW
13777,EGCC,LFPG
13778,KPRB,KCMA
13779,LSZH,LYBT
13780,LEBL,LFBD
13781,KOAK,KBWI
13782,KSNA,KSBA
13783,KDEN,KLAX
13784,KPOC,KFUL
13785,EDDM,EGLL
13786,LEMD,LSGG
13787,KORD,KSNA
13788,KSEA,KBOI
13789,KDFW,KSTL
13790,KLAX,KSMF
13791,KSMO,KAVX
13792,ENGM,LSZH
13793,KDCA,KORD
13794,EDLP,EDDM
13795,KLGA,KORD
13796,KTZR,KI69
13797,LEPA,EDDL
13798,KMCI,KHOU
13799,KSMO,KFAT
13800,KT82,KBAZ
13801,KAVX,KLGB
13802,KDAL,KORL
13803,KPTK,KD95
13804,KMDW,KDCA
13805,EPGD,EPKK
13806,EHAM,LEBL
13807,KORD,KLAX
13808,KBNA,KIAD
13809,KDFW,KLAS
13810,KLAS,KDFW
13811,LLBG,LHBP
13812,KLGB,KCMA
13813,KLOU,64KY
13814,EGSS,LIRA
13815,EDDP,EBBR
13816,KSEA,KATL
13817,EDDM,EIDW
13818,KSFO,KSNA
13819,KOSU,KCGF
13820,KFTW,86TE
13821,KSRQ,KDFW
13822,KIAD,KSRQ
13823,KSDF,KDFW
13824,KORD,KORF
13825,LPPR,ELLX
13826,EDDM,ELLX
13827,KPHX,KORD
13828,EGPH,EGLC
13829,LEBL,LEAL
13830,KSNA,KSEA
13831,KATL,KU42
13832,KPDX,KSEA
13833,KLAS,KHOU
13834,SBRJ,SBKP
13835,KSEA,KPDX
13836,KMDW,KPVD
13837,EHAM,LIRF
13838,ESSA,LSZH
13839,KBMI,KSPI
13840,VHHH,RPLL
13841,KORD,KMCI
13842,KBWI,KSAT
13843,KFCM,KMCI
13844,LSGG,LSZH
13845,KBNA,KLAS
13846,KLAX,KPDX
13847,LIBD,LIME
13848,LFPO,LEMD
13849,KSTL,KDFW
13850,KHOU,KATL
13851,KRAL,KAJO
13852,KTTN,KPNE
13853,EDDT,LFPG
13854,ULMM,UUEE
13855,KHSV,KDFW
13856,NZHN,NZCH
13857,VTBS,OMDB
13858,KFRG,KDXR
13859,KMYF,KAVX
13860,KIND,KBWI
13861,KPOC,KEMT
13862,LOWW,LSZM
13863,UUEE,LTBW
13864,LIEE,LIPE
13865,KPHL,KSYR
13866,KATL,KSTL
13867,KPRC,KSDL
13868,KAPA,KPHX
13869,KAUS,KEWR
13870,KSAN,KLAX
13871,KGPI,KSEA
13872,KORD,KSTL
13873,KSTL,KIAD
13874,SBBR,SBGR
13875,KBJC,KFNL
13876,KATL,KFLL
13877,KMCI,KPHX
13878,EHAM,EDDS
13879,LFPG,LFBO
13880,EGPF,EHAM
13881,KTYS,KTKI
13882,KLNK,K0J9
13883,EIDW,EGGD
13884,VHHH,RCTP
13885,KJFK,CYYZ
13886,KDTW,KATL
13887,KBOS,KDFW
13888,LHBP,EDDL
13889,KSAT,KATL
13890,LSGG,EDDM
13891,KATL,KDAY
13892,KCMA,KWHP
13893,NZCH,NZWN
13894,KSEA,KBUR
13895,KHPN,03NY
13896,EHAM,EGLL
13897,EDDT,LEMD
13898,KDEN,KSDF
13899,KSTL,KMKE
13900,K52F,TS02
13901,KSJC,KSTL
13902,KMSP,KLGA
13903,KTTD,6OR8
13904,6PA3,5PA3
13905,LIRF,LFPG
13906,KMDW,KLAS
13907,KDAL,KCMH
13908,KORD,KBNA
13909,KDEN,KMDW
13910,KHOU,KOAK
13911,KSMF,KSTL
13912,KCHD,KFFZ
13913,LTFJ,LTAB
13914,KBFI,61WA
13915,KFLL,KPHL
13916,EGBB,LMML
13917,KSNA,KSEA
13918,LEAL,EBCI
13919,KSEA,KMKE
13920,LSZH,EDDH
13921,EGGW,EKCH
13922,KLGA,KATL
13923,KDMW,KGAI
13924,KOSU,KUYF
13925,KPHX,KMDW
13926,KMIA,KEWR
13927,KORD,KU42
13928,LEMD,LIRA
13929,KSJC,KDFW
13930,LIRF,LOWW
13931,KSEA,6WA3
13932,KSDL,KLAS
13933,KORD,KPHL
13934,KATL,KRDU
13935,KFAT,KU42
13936,KAUS,KATL
13937,LOWW,ELLX
13938,KSDF,KMIA
13939,KMSP,KMKE
13940,KLAS,KORD
13941,EDDH,EDDR
13942,LIBD,LIME
13943,KMSP,4WI4
13944,KMSP,KBNA
13945,CYCD,CYYC
13946,EDDT,EFHK
13947,EBBR,EGNX
13948,EHAM,EICK
13949,EHAM,LFBO
13950,KECP,KDFW
13951,KVNY,KLAS
13952,LIMC,LPPT
13953,KMSP,KDFW
13954,KSEA,KJFK
13955,LTFJ,EDDK
13956,KTOA,KFUL
13957,KESW,KBFI
13958,KORD,KEWR
13959,KATL,KMIA
13960,KPHX,KLAX
13961,KMVY,KBED
13962,KUAO,67OR
13963,LFLL,LFBD
13964,KADS,1TE8
13965,KEWR,KDFW
13966,KC83,KSQL
13967,KCNO,KCMA
13968,KATL,KCVG
13969,KMKE,KATL
13970,KLAX,35OR
13971,KSJC,KSEA
13972,KPHX,KBUR
13973,KTYS,KATL
13974,EDDL,EGLL
13975,KDEN,KSMF
13976,EGGD,LFPG
13977,CA75,KSDM
13978,NZRI,NZWN
13979,KBOS,KCLT
13980,EDDF,EKCH
13981,LFPO,LFKF
13982,LEBL,LEMD
13983,KSDF,KU42
13984,KBUR,KLAS
13985,KLAM,KE14
13986,LFPG,LEMG
13987,KLAX,TS53
13988,KSEA,KU42
13989,LROP,LIRA
13990,KSAN,KBWI
13991,EDDT,EDDS
13992,KBUF,KTEB
13993,KC83,KSQL
13994,LSZH,ESSA
13995,EGLL,EDDH
13996,LEMD,LEPA
13997,KBOS,KRDU
13998,KSYR,KAKH
13999,KRDU,KCLT
14000,KMDW,KSAN
14001,KLAX,KBWI
14002,EGPH,EGBB
14003,KBWI,KPVD
14004,EDDL,EDDM
14005,LSZH,EDDT
14006,KMSP,KCVG
14007,KSEA,KSNA
14008,KEMT,KSBA
14009,KBUR,KSEA
14010,KLAS,KBWI
14011,EDDF,LSZH
14012,NZTG,NZAR
14013,EFOU,EFHK
14014,KONT,KSJC
14015,CYYZ,CYUL
14016,LEMD,LEIB
14017,KMSP,KGRB
14018,KORD,KATW
14019,KPHL,KISP
14020,KMZJ,KFFZ
14021,ULLI,UUDD
14022,KOAK,KSNA
14023,CYYC,CYVR
14024,KDEN,KSTL
14025,CYYC,KORD
14026,VHHH,RJAA
14027,KWVI,KOAK
14028,KSTL,KDEN
14029,KDFW,KHSV
14030,LEAL,EHRD
14031,LSGG,EKCH
14032,KSBA,KCMA
14033,LEBL,LOWW
14034,4SC4,SC32
14035,KTYR,KADS
14036,KPNS,KHOU
14037,KRHV,KE16
14038,KLAS,KDAL
14039,EBBR,LDZA
14040,KATL,KMIA
14041,KCVG,KDFW
14042,LIRF,EGKK
14043,KMCI,KHOU
14044,KTTN,KPNE
14045,KJFK,KATL
14046,KSAN,KMSP
14047,KPAE,KHIO
14048,EDDM,EDDT
14049,KBNA,KEWR
14050,KLAS,35MN
14051,KHWD,KHAF
14052,KCLT,KSFO
14053,EGCC,EDDL
14054,KPAE,KAWO
14055,KDEN,KPHX
14056,EHAM,LPPR
14057,KLVK,KSQL
14058,LIPE,LIML
14059,29GA,6GA1
14060,LEBL,LEIB
14061,KGAI,KLNS
14062,LSGG,LEBL
14063,KBNA,35MN
14064,LPPT,LFPO
14065,KCMA,KAJO
14066,KLAS,KBWI
14067,KHPN,KGAI
14068,KSEA,KSFO
14069,LIML,LICZ
14070,EKCH,EFHK
14071,NZRO,NZWN
14072,LIME,LROP
14073,KMSP,KEWR
14074,EDDM,LEBL
14075,KPGD,KMDT
14076,LFOB,LIRA
14077,KPDX,35MN
14078,ENVA,ENGM
14079,LEBL,EGGW
14080,CYYZ,KIAD
14081,LSGG,LFPG
14082,KSAT,KHOU
14083,KUAO,OR95
14084,KSTL,KDAL
14085,EBBR,LEMG
14086,KSNA,KAVX
14087,KSUS,KMO6
14088,KMSP,KATW
14089,KSEA,KOAK
14090,KISP,KHFD
14091,EDDM,EDDK
14092,KGEG,KBFI
14093,KDTW,KEWR
14094,LGAV,EGGW
14095,KSBA,KSJC
14096,KPAE,KPWT
14097,EGSS,LOWW
14098,KORD,KSEA
14099,ENGM,ENZV
14100,EHAM,EDDM
14101,KLGB,KSNA
14102,KSEA,KLAX
14103,EBLG,EIDW
14104,KBWI,KBKL
14105,KORD,KDFW
14106,EGLL,LEMD
14107,KLAX,KMSP
14108,LIEE,LIRF
14109,KBUR,KU42
14110,KLAS,KORD
14111,KDWH,89TA
14112,KSNA,KSBA
14113,UKBB,LTBW
14114,KORD,KDTW
14115,LFPG,EDDM
14116,BIKF,ENGM
14117,EGPH,EGKK
14118,LIRA,LROP
14119,NZTG,NZWN
14120,KSFO,KDFW
14121,KDEN,KDFW
14122,KIND,KIAD
14123,KSEA,KFAT
14124,EHAM,EDDT
14125,KCMA,KL70
14126,LIMC,EDDM
14127,EDDB,LEBL
14128,KCLT,KORD
14129,KPHL,KBOS
14130,KBFI,WA09
14131,KORD,KCOS
14132,KDTW,KLAS
14133,KLAS,KDAL
14134,WA67,KTTD
14135,ESSA,EFHK
14136,EGLL,EDDL
14137,KAPA,KRDU
14138,KATL,KSAN
14139,KEMT,KSBA
14140,KLGB,KLAS
14141,EDDF,LDZA
14142,LPPR,LEMD
14143,KPHX,KHOU
14144,KHWV,03NY
14145,K61B,K1G4
14146,ENBR,ENGM
14147,LEIB,LEPA
14148,KPDX,KSTL
14149,KFRG,KTEB
14150,KPNS,KDFW
14151,EIDW,LHBP
14152,KAUS,KDTW
14153,EHAM,LIPZ
14154,KOSU,OI01
14155,KSEA,KPHX
14156,LPPT,EGSS
14157,LTAC,LTBW
14158,KHPN,KSWF
14159,KMCI,KPHL
14160,KSTL,KPHL
14161,96WA,KBFI
14162,KBNA,KDEN
14163,EGLL,EDDM
14164,KPHL,KATL
14165,KLAX,KBNA
14166,KCOS,TS53
14167,LEMG,EHAM
14168,LEAL,LEPA
14169,LFPG,LSGG
14170,KSDL,18AZ
14171,KARR,IL38
14172,KLAS,KSMF
14173,KSEA,KSJC
14174,KDVT,2AZ1
14175,ENGM,ENZV
14176,KCLT,KSTL
14177,EDDM,EDLW
14178,KAWO,KFHR
14179,KRHV,KE16
14180,LOWW,EDLW
14181,KSTL,KCMH
14182,EHAM,LFBD
14183,EGGW,EHAM
14184,KLAS,KOAK
14185,KPHX,KBWI
14186,KCMH,KRSW
14187,LEBL,LSZM
14188,EIDW,EGLL
14189,KIAH,KATL
14190,EDDP,LFPG
14191,LEMG,EGLL
14192,LFML,LFPG
14193,EGPF,EGSS
14194,KBOS,KRDU
14195,OTHH,VIDP
14196,KATL,K5A9
14197,UUWW,ULLP
14198,KSMF,KBUR
14199,KMDW,KOMA
14200,KLGA,CYYZ
14201,KRVS,K2K9
14202,LIMC,EDDH
14203,KMCI,KLAX
14204,EHAM,EPKK
14205,EGLL,EGAC
14206,CYOW,CYYZ
14207,KSTL,KBWI
14208,KBFI,KOAK
14209,EKCH,LSGG
14210,CYUL,KPHL
14211,KBOS,KMSS
14212,LPPT,LEMD
14213,KSEA,KSAN
14214,EHAM,LGAV
14215,KLNK,NE42
14216,KOAK,KATL
14217,EDDK,LPPR
14218,KMDW,KLGA
14219,LFPG,ESSA
14220,CYYC,KCVG
14221,KMSP,KTOB
14222,CAT4,CZBB
14223,KCTJ,KRYY
14224,KLAX,KCVG
14225,EFKU,EFHK
14226,KBNA,KPHL
14227,VHHH,RCTP
14228,KFLL,KPHL
14229,EDDM,LIPE
14230,LIMC,EBBR
14231,EGSS,EHAM
14232,42VT,KIAD
14233,KEWR,KATL
14234,ENBO,ENGM
14235,EDDF,UUEE
14236,KDAL,KATL
14237,KIND,KMIA
14238,LPFR,EIDW
14239,KMIA,KECP
14240,EHAM,LIMC
14241,EBBR,LPPT
14242,KORD,6MU4
14243,KIAD,KEWR
14244,LEPA,LEIB
14245,EDDF,EHAM
14246,KSDF,KIAD
14247,EGGW,LIMC
14248,KATL,KLGA
14249,KPDX,KLAX
14250,LEBL,LEIB
14251,KSNA,KSBA
14252,KDCA,KATL
14253,KAUS,KMDW
14254,KBWI,KBUF
14255,KF70,KFUL
14256,KTEB,KFRG
14257,EDDT,EIDW
14258,EGAA,EGNT
14259,EGLL,LIRF
14260,KFOK,KFRG
14261,KPVC,KLWM
14262,EDDP,LIRA
14263,K61B,KU30
14264,TJSJ,KJFK
14265,EHAM,LIPE
14266,KSFO,KATL
14267,KSEA,KPDX
14268,KPRB,KSBP
14269,KLAX,KSGS
14270,CYYJ,CYVR
14271,LEMD,LFPO
14272,EHAM,LPPT
14273,KTUL,KU42
14274,LFPG,LYBT
14275,KSMO,KSNA
14276,LFNR,LFKF
14277,KAUS,KORD
14278,LPPT,EBBR
14279,KBOS,KROC
14280,KCVG,KPHX
14281,CYUL,CYYZ
14282,KADS,KGVT
14283,ENZV,ENGM
14284,ENGM,EFHK
14285,KSDF,KPDX
14286,KSEA,PANC
14287,KPHX,KLAX
14288,KCMH,KMDW
14289,KEWR,KORF
14290,KBOI,UT13
14291,EGCC,LEMG
14292,LEBL,LEIB
14293,KEWR,KDTW
14294,LIMC,LICZ
14295,KVNY,KCMA
14296,CYYJ,CYYZ
14297,KSMF,KSAN
14298,KJFK,KIAD
14299,80WA,KPAE
14300,EDDP,EGNX
14301,EHAM,LSGG
14302,KLAX,KBWI
14303,LPPR,LPPD
14304,KSEA,KATL
14305,EGSS,EPWR
14306,EDDM,EDDL
14307,KISP,KFOK
14308,LIEE,LIMC
14309,LEMG,EICK
14310,LOWW,EDDT
14311,LKPR,EHAM
14312,KGAI,KHGR
14313,KMSP,KATL
14314,LFBO,LFPG
14315,KVNY,KSNA
14316,EGGW,EPWA
14317,KBOS,KBWI
14318,KEWR,KATL
14319,KATL,KIAD
14320,KDEN,KLAX
14321,KLAX,KPHX
14322,KABQ,KU42
14323,KPHX,KORD
14324,KLNK,NE42
14325,LIMC,EDDL
14326,KLAS,KSEA
14327,KLGA,KBOS
14328,KPAE,WA42
14329,KMCI,KATL
14330,KSYR,KIAD
14331,KPAO,CA66
14332,KPDX,KDFW
14333,LPPR,LFPG
14334,KLGB,KSNA
14335,KORD,KSYR
14336,KTTN,KSMQ
14337,EDDF,LPPT
14338,KBFI,KBLI
14339,KCVG,KIAH
14340,EHAM,ESSA
14341,KBOS,35MN
14342,KMKE,KLAS
14343,LIPZ,LFPO
14344,KLAX,KDTW
14345,CYYJ,CYVR
14346,KRDU,KIAD
14347,KPAO,CL36
14348,ENGM,EKCH
14349,KIND,KATL
14350,KFLL,KBOS
14351,ENBR,ENGM
14352,LEBL,EHEH
14353,LFPG,LGAV
14354,KATL,KMKE
14355,EGKK,EHAM
14356,LIME,LROP
14357,KORD,KBNA
14358,KE16,KRHV
14359,KABQ,KORD
14360,1WA9,WN51
14361,KRNT,KORS
14362,KBWI,KROC
14363,KSAN,KSTL
14364,NZWN,NZCH
14365,EHAM,ENGM
14366,LPFR,LFPG
14367,ESSA,LFPG
14368,LEPA,LEMD
14369,KUYF,KOSU
14370,KAUS,KPHX
14371,ELLX,LPPT
14372,KCLT,KEWR
14373,KDFW,KDEN
14374,KLAX,KJFK
14375,LEPA,LEBL
14376,KMSP,KPHL
14377,EDDP,EGSS
14378,KMCI,KATL
14379,LLBG,EGGW
14380,KBLI,96WA
14381,KPHX,KDFW
14382,KBWI,KDAL
14383,EDDM,EDDC
14384,LIRF,LEBL
14385,KFLL,KATL
14386,KSEE,KF70
14387,EDDT,EDDL
14388,KMDW,7PS7
14389,EHAM,EDDM
14390,KSAN,KDTW
14391,KLAS,KBUR
14392,EGKK,LEBL
14393,LIBD,LIML
14394,KDAL,KATL
14395,KCLT,KATL
14396,KDEN,KAUS
14397,KCLE,KATL
14398,KSEA,PANC
14399,ESSA,EDDT
14400,4WA9,KPAE
14401,KCVG,KATL
14402,LFKJ,LFPO
14403,EGGW,EIDW
14404,KOAK,KLVK
14405,KMSP,KSTL
14406,KSWF,KHPN
14407,KORD,KIAD
14408,KSDL,KSNA
14409,WA09,KPAE
14410,KSAN,KOAK
14411,KEWR,KRDU
14412,KJFK,KRDU
14413,LIRF,LSGG
14414,LEMG,ESSA
14415,LPFR,EGKK
14416,EGSS,EIDW
14417,LIMC,LOWW
14418,KSEA,KDFW
14419,KRFD,KSEA
14420,ZGSZ,RJBB
14421,KSJC,KWHP
14422,KBNA,KDFW
14423,KBOS,KLGA
14424,KPHL,KSGS
14425,CYYZ,CYYC
14426,KSAT,KORD
14427,LIME,LIED
14428,EGGD,EPKK
14429,KBWI,KABQ
14430,KJFK,KATL
14431,LFPB,LSGG
14432,KLAS,XS89
14433,KSAN,KSJC
14434,EDDB,EGSS
14435,KCRQ,KIWA
14436,EDDF,LEBL
14437,CYVR,CYYC
14438,LPPT,LPFR
14439,KOAK,KPHX
14440,KSTL,KLGA
14441,KPTK,4MI0
14442,LFPO,LIPZ
14443,KORD,KBUF
14444,EBBR,LIML
14445,EHAM,LSZH
14446,KMDW,KHHR
14447,GA00,KD73
14448,KDAB,KATL
14449,EDDH,EDDS
14450,KBUF,KIAD
14451,KACK,KBOS
14452,KFMY,KMKY
14453,LOWW,LIMC
14454,KTCY,KRHV
14455,KLAX,KLAS
14456,EDDF,LIML
14457,KCVG,KJFK
14458,KSTL,KFLL
14459,KHOU,KDAL
14460,KLAS,KLAX
14461,VIDP,OMDB
14462,OMDB,OBBI
14463,KORD,KPHL
14464,KUES,KPWK
14465,KHWD,KVCB
14466,ELLX,EGLL
14467,KLZU,K19A
14468,KSMF,KDFW
14469,LFML,LFBD
14470,EDDB,LEMD
14471,EDDT,EDDF
14472,EPMO,EGSS
14473,KSFO,KDTW
14474,NZHN,NZWN
14475,KTOA,KCMA
14476,KORD,KDCA
14477,KMDW,KMCI
14478,KLAS,KMDW
14479,LFPG,EGLL
14480,KSRQ,KATL
14481,ENVA,ENNM
14482,KSAN,KISM
14483,EGLL,EIDW
14484,KAJO,KRAL
14485,KIAH,KPHL
14486,KPAE,61WA
14487,KE16,KRHV
14488,KPAO,KE16
14489,LEMP,EGSS
14490,KSAF,KDAL
14491,KBLI,KBFI
14492,KFRG,KDXR
14493,KORD,KCLE
14494,KBWI,KSTL
14495,ESSA,EGLL
14496,EGCC,LPPT
14497,KCLT,35MN
14498,NK07,KMMU
14499,EDDF,LGAV
14500,KPHL,KDFW
14501,KSMF,KLAX
14502,LIMC,LICZ
14503,KMKE,KBWI
14504,EHAM,EGPH
14505,KIAD,KATL
14506,KSCK,KSFO
14507,KI69,45OH
14508,KHOU,KSAT
14509,EDDH,EDDL
14510,KPAE,KBVS
14511,EIDW,EGNT
14512,KORD,KBWI
14513,KBFI,61WA
14514,KTEB,CYYZ
14515,LGAV,LOWW
14516,KCMH,KATL
14517,LSZH,LEBL
14518,KTOA,KF70
14519,KSEA,KDTW
14520,KPWT,KBFI
14521,KHIO,WN80
14522,50OR,KBDN
14523,KCVG,KPHL
14524,KEWR,KMIA
14525,KPOC,KCCB
14526,EDDV,EDDS
14527,KSAN,KSJC
14528,KORD,KMIA
14529,KIAD,KATL
14530,LEPA,EDDM
14531,KLAX,KLAS
14532,KBWI,KLAS
14533,EDLW,LEPA
14534,KMDW,KSDF
14535,KCLT,35MN
14536,LFPG,EDDH
14537,KEWR,KSTL
14538,ELLX,ESSA
14539,KLGA,KORD
14540,KSEA,KSTL
14541,UUEE,LTBW
14542,KRHV,9CL2
14543,KSDM,KSNA
14544,KBOS,KMIA
14545,KDEN,KLAX
14546,KAPC,KRHV
14547,KSNA,KCNO
14548,KMDW,KABQ
14549,KEWR,KDCA
14550,KSNA,KRNM
14551,KDEN,KSDF
14552,KBWI,KMDW
14553,EDDF,LOWW
14554,KPHX,KLAX
14555,ESKN,EGSS
14556,KLAS,KEWR
14557,ESSA,EKCH
14558,EDDW,EDDM
14559,KBUR,KLAS
14560,KAVX,KLGB
14561,KHOU,TE87
14562,KORD,K8C4
14563,KGEG,KSEA
14564,KLVK,KOAK
14565,KLAS,KCMH
14566,EDDT,ELLX
14567,EDDF,LIPZ
14568,KROC,KIAD
14569,TXKF,KTEB
14570,KORD,KATL
14571,ULLI,UUEE
14572,KRVS,OK13
14573,KLGA,KSGS
14574,EGAA,EGKK
14575,KSDF,KSYR
14576,EFHK,ENGM
14577,LFPG,LPPT
14578,KEWR,KBNA
14579,LPFR,LPPR
14580,KPHX,KDTW
14581,EIDW,EGSS
14582,KSJC,KSAN
14583,EHAM,LKPR
14584,LMML,LEBL
14585,EGSS,LEMD
14586,KBNA,KLAX
14587,KSNA,KCRQ
14588,KSAT,KDFW
14589,KSEA,KLAX
14590,KORD,KMDT
14591,KLAS,KEWR
14592,LIME,LIEA
14593,KSNA,KFFZ
14594,EGGD,EGNT
14595,KSTL,KEWR
14596,LSZM,LPPR
14597,59IL,KDPA
14598,CL36,KO60
14599,KATL,KLGA
14600,KMIA,KATL
14601,LFOB,EIDW
14602,LEMD,LEIB
14603,KCLT,KBOS
14604,KAUS,KSEA
14605,EKCH,LEMD
14606,EHAM,EGCC
14607,KAVX,KTOA
14608,EGAC,EGLL
14609,LEPA,LEIB
14610,KBWI,KCVG
14611,NZCH,NZWN
14612,KMIA,KIAH
14613,EGBB,EPMO
14614,KFUL,KTOA
14615,VHHH,WSSS
14616,ENVA,ENGM
14617,KJFK,KMSP
14618,LIMC,EHAM
14619,KSEA,KU42
14620,LFPG,EDDT
14621,KLAS,KSFO
14622,LEMG,EGKK
14623,EHAM,EKCH
14624,LTFJ,EDDK
14625,KLAX,KMIA
14626,KLGA,KDCA
14627,KPHL,CYUL
14628,KGYY,KMDW
14629,KSYR,KDCA
14630,KATL,KBWI
14631,KHOU,KMKE
14632,KLOU,3IN6
14633,KRSW,KATL
14634,KORD,KCWA
14635,NTTE,NTAA
14636,KRDU,KDTW
14637,NZTG,NZAR
14638,KIAD,KORD
14639,KFRG,KHWV
14640,EGSS,EGAA
14641,KTEB,KIAD
14642,KIAD,KDTW
14643,LEBL,LEPA
14644,LEMD,EDDK
14645,KPAN,5AZ3
14646,KDTW,KIAD
14647,KCLT,KFLL
14648,KBWI,KU42
14649,YBAF,YGYM
14650,KRNT,KESW
14651,LIML,LIEA
14652,KLAS,KU42
14653,EDDT,UUWW
14654,KSEA,CYVR
14655,EGLL,LMML
14656,LEBL,LROP
14657,MA72,KBOS
14658,KPDX,KSNA
14659,KCLE,KATL
14660,KAUN,KPAO
14661,KTCY,KSQL
14662,KRHV,9CL2
14663,CBQ2,CZBB
14664,KSDF,KDFW
14665,KDCA,KPHX
14666,OMSJ,VIDP
14667,VHHH,RKSI
14668,KMKE,KMSN
14669,KLAS,KOAK
14670,LFPG,LEMD
14671,KAUS,KOAK
14672,EDDW,EGSS
14673,KSTL,KMDW
14674,LTAC,LTFJ
14675,KBWI,KATL
14676,KEWR,KTPA
14677,KFMH,KBOS
14678,KGPI,KORD
14679,LEAL,EGGW
14680,EDDT,EDDM
14681,KDEN,KBWI
14682,KDCA,KLGA
14683,KSMO,KCRQ
14684,KFTW,KADS
14685,KORD,K29M
14686,KPIT,KPHL
14687,CYXX,CYYC
14688,KBWI,KORF
14689,KTEX,KDEN
14690,KBUF,KPHL
14691,KPWT,KBFI
14692,KIGX,KSOP
14693,KIAH,KATL
14694,KAUS,KAPA
14695,KMSN,KATL
14696,KTYR,KADS
14697,KATL,KSRQ
14698,EDDB,LICZ
14699,EPKK,EIDW
14700,EHAM,EFHK
14701,KFCM,KADS
14702,EGKK,EINN
14703,KMDW,KDTW
14704,KLAS,KIAD
14705,LEMG,EGNX
14706,KSDF,KMIA
14707,KYKM,WA26
14708,KORD,KPIT
14709,NK07,KMMU
14710,KLAX,KPHX
14711,LFPO,EDDT
14712,KDWA,KSAC
14713,KSNA,KMYF
14714,EDDT,LSZM
14715,LIPE,EGGW
14716,VHHH,RPLL
14717,KATL,KCMH
14718,LEBL,LEPA
14719,KDEN,KBKL
14720,KSTL,KCLT
14721,LFRS,LFLL
14722,KBNA,KCMH
14723,KORD,KAKH
14724,EIDW,EGCC
14725,KDCA,KSDF
14726,EGKK,LIRF
14727,KATL,KTPA
14728,8NC6,KIGX
14729,KCRQ,KAVX
14730,KHPN,FA37
14731,KHOU,KPHX
14732,KMHR,25CL
14733,LSGG,EGGD
14734,KORD,KMKE
14735,KJFK,KMIA
14736,KPHL,KATL
14737,KORD,KMIA
14738,KDTW,KEWR
14739,EBLG,ESSA
14740,KLGA,KRDU
14741,KCLE,KAKH
14742,KLAS,KSEA
14743,KDFW,KDTW
14744,KDEN,KLAS
14745,EDDP,EDDS
14746,EPKK,EGLL
14747,KTYS,KIAD
14748,KDCA,KCVG
14749,KSDF,KATL
14750,LIME,EDDS
14751,EKBI,EGCC
14752,LFPG,EKCH
14753,KIAH,KBNA
14754,KCLT,KSDF
14755,KDAL,KPHX
14756,CYYZ,KORD
14757,LIPE,LIEA
14758,EDDB,LPPR
14759,LSZM,LHBP
14760,KORD,KEWR
14761,KATL,KSAT
14762,KORD,KSDF
14763,KRNT,KFHR
14764,KSJC,KLAS
14765,UWWW,UUWW
14766,KDFW,KPHL
14767,LPFR,EGBB
14768,UUEE,UWKD
14769,EDDF,EIDW
14770,KSDL,KLAS
14771,KORD,KROC
14772,KPHX,KABQ
14773,KDAL,KSTL
14774,EDDH,LEPA
14775,KATL,KCLE
14776,KATL,KECP
14777,KISM,KDFW
14778,EDDF,LIPX
14779,KPHL,KIAD
14780,LIME,LIED
14781,KJFK,35MN
14782,CYYC,35MN
14783,KORF,KBWI
14784,KAUS,KMIA
14785,CYYZ,CYUL
14786,KRVS,KH76
14787,LTFJ,OTHH
14788,KPAO,KHWD
14789,KDFW,KSRQ
14790,KCLT,KDAY
14791,KDCA,KORD
14792,KBOS,KCLT
14793,LFPG,EIDW
14794,KSNA,KFAT
14795,KLAX,KDAL
14796,LIMC,LOWW
14797,KATL,KDCA
14798,KBOI,KU42
14799,KBNA,KAKH
14800,LEBL,EBBR
14801,KATL,KGYH
14802,KJFK,KFLL
14803,KABQ,KORD
14804,KDEN,KSFO
14805,KTUL,KLAX
14806,MA55,KEWB
14807,KBFI,KFHR
14808,KDFW,KTPA
14809,KLAX,KSJC
14810,LEMD,LPPR
14811,KLAS,KHOU
14812,LEPA,LEAL
14813,KIAH,KMCI
14814,KATL,KPHL
14815,KACY,KFLL
14816,LSGG,EGGW
14817,ULLI,UUWW
14818,KABQ,KPHX
14819,KARB,MI52
14820,KEWR,KTPA
14821,EHAM,EDDB
14822,KDEN,KTPA
14823,OMDB,VIDP
14824,KBOI,KORD
14825,KDFW,KBOS
14826,EGGW,LEAL
14827,KBOS,KDTW
14828,KDAL,KLAS
14829,KAPA,KSDL
14830,KORD,KDFW
14831,KATL,KIAH
14832,KCLT,KPHX
14833,KSEA,PANC
14834,EGKK,LHBP
14835,KCMH,KIAD
14836,KPDX,KSFO
14837,KPRB,KSBP
14838,KSNA,KUDD
14839,KHND,KSNA
14840,KSDF,KAKH
14841,EGSS,EICK
14842,EDDF,EGLL
14843,LPPT,LFRS
14844,LFQQ,LSGG
14845,KPHL,KORD
14846,KCLE,KIAD
14847,KDAL,KBNA
14848,KBWI,KDFW
14849,KDFW,KLGA
14850,LEBL,LEMG
14851,KBNA,35MN
14852,KSTL,KAKH
14853,KRYY,KVPC
14854,KATL,KPHX
14855,EGCC,LFBD
14856,KBOS,KFLL
14857,LEPA,LEMD
14858,EDDP,LIMC
14859,KALB,KPHL
14860,LEIB,LEMD
14861,KIAH,KPHL
14862,KMCI,KU42
14863,CYVR,KCVG
14864,KCOS,KORD
14865,EDDF,EVRA
14866,ESSA,ESMS
14867,WA04,KRNT
14868,KLGA,KMIA
14869,KIAH,KECP
14870,KSRQ,KOPF
14871,LMML,LFML
14872,KBNA,KMDW
14873,ESSB,ESSN
14874,KSAN,KPHX
14875,KLVK,KOAK
14876,KORD,KBOS
14877,KSFO,KLAS
14878,KSFO,KSEA
14879,LFBD,LSZM
14880,KBOI,KSEA
14881,KIAH,KDCA
14882,KBOS,KORD
14883,KFLL,KLGA
14884,KCMA,KFUL
14885,KWVI,KE16
14886,KE16,KRHV
14887,KORD,OI45
14888,KORF,KIAD
14889,KPHF,KPHL
14890,KAVX,KCRQ
14891,LEMD,EGKK
14892,EDDM,EDDH
14893,KDAL,KPHX
14894,KDEN,KATL
14895,EGKK,LSGG
14896,KDCA,KDTW
14897,KSBA,KSNA
14898,KONT,KATL
14899,KGSO,KDFW
14900,LFPG,LIRF
14901,KDFW,KMKE
14902,KBWI,KDTW
14903,KDFW,KSEA
14904,KFUL,KCRQ
14905,KPHL,KCMH
14906,KLAS,KPHX
14907,KMCI,KSEA
14908,KORD,KMSN
14909,LPPT,LFLL
14910,NZCH,NZWN
14911,KBUR,KOAK
14912,LEMG,EIDW
14913,KRDU,KDFW
14914,KDTW,KSEA
14915,ELLX,LPPR
14916,KCDW,JY04
14917,LEMG,LEIB
14918,KDFW,KFLL
14919,KVNY,KCMA
14920,KSNA,KATL
14921,KLGA,KORD
14922,KCLE,KDFW
14923,VHHH,RCTP
14924,EGAA,EGGW
14925,LFPO,LIRF
14926,KORD,CYYZ
14927,KDCA,KBOS
14928,KDEN,KDAL
14929,KDTW,KDFW
14930,KPHL,KMDT
14931,CYYZ,CNV9
14932,KDFW,KBKL
14933,KPNE,KTTN
14934,EDDF,LEMD
14935,KTYS,KIAD
14936,LEZL,LEMD
14937,KBOS,KIAH
14938,CYYJ,CYYC
14939,KAWO,KPAE
14940,KFLL,KMDW
14941,KDAL,KTPA
14942,KLAS,KDFW
14943,EDDH,LIME
14944,50OR,KBDN
14945,KFTW,KADS
14946,KSJC,KMDW
14947,KWHP,KCMA
14948,LIMC,LIRF
14949,EGKK,EPKK
14950,KLOU,KJVY
14951,KORD,KSPI
14952,KIAH,KIAD
14953,KONT,KOAK
14954,NZWN,NZCH
14955,CYOW,CYUL
14956,LFPG,ENGM
14957,KOAK,KLAX
14958,LFPO,LIRF
14959,LEPA,EGSS
14960,ULLI,ULMM
14961,KDTW,KPHX
14962,LEMD,LHBP
14963,KLGA,KMDW
14964,K2K9,KRVS
14965,KLVK,KOAK
14966,LPPR,LEMD
14967,KSMF,KLAS
14968,KIAH,KORD
14969,CYYC,CYYZ
14970,KSLK,KBOS
14971,KATL,KLAS
14972,KSMO,KCMA
14973,KDFW,35MN
14974,KORD,KDTW
14975,EGSS,LEBL
14976,KPNE,KTTN
14977,KEWR,KIAD
14978,EHGG,EHDR
14979,KORD,KATL
14980,KMCI,KAKH
14981,LEAL,EGNX
14982,UUWW,ULLP
14983,EGGD,EGPH
14984,KMIA,KDFW
14985,KDTW,KPHL
14986,KFET,KMLE
14987,UUDD,UNEE
14988,LFPO,LEAL
14989,EGLL,LGAV
14990,KSDL,KCRQ
14991,KLVK,KPAO
14992,KVNY,KLAS
14993,KORD,KSFO
14994,LIRF,LIPZ
14995,KFDK,KW35
14996,EHAM,LEBL
14997,LEBL,LEMD
14998,KLGB,KVNY
14999,KPHL,KTYS
15000,KDEN,KLGA
15001,KIAH,KBOS
15002,KSDF,KMIA
15003,KORD,KLGA
15004,LIBD,LIPX
15005,KORD,KTUL
15006,KIAH,KVPS
15007,KSQL,CL77
15008,KOAK,KBNA
15009,EHAM,EBBR
15010,EHAM,EIDW
15011,EGCC,EGAA
15012,KTOA,KLGB
15013,KMDW,KDAL
15014,KDFW,KSGF
15015,LGAV,LGRP
15016,KONT,KSEA
15017,KORD,KATW
15018,KPOC,KAVX
15019,KLGA,KHPN
15020,LEMH,LEBL
15021,KPHL,KCVG
15022,EDDM,EDDH
15023,KSAN,KSNA
15024,KLAX,KDFW
15025,KFOK,KSWF
15026,KATL,KEWR
15027,EDDF,EPWA
15028,LFPG,LPPT
15029,KSDM,CA75
15030,KRHV,63CN
15031,KORD,KFLL
15032,LFLL,LFBO
15033,KSTL,KU42
15034,KPHX,KSFO
15035,KBOI,KPDX
15036,KSEA,KIAH
15037,KORD,KLAX
15038,EDDF,EDDH
15039,CYVR,CYYJ
15040,KLGB,KSJC
15041,KSNA,KCRQ
15042,KCMH,KATL
15043,KIAH,K9M8
15044,CYVR,CYYC
15045,KHND,NV98
15046,LEBL,LEZL
15047,OMDB,OBBI
15048,KOAK,KPSP
15049,KSFO,KLAS
15050,LIPE,EDDS
15051,KMYF,KAVX
15052,KECP,KPDK
15053,KDFW,KPHX
15054,KIAH,KHSV
15055,KBWI,K8A6
15056,LFPG,LFNO
15057,LIMC,LEBL
15058,KSFO,KPDX
15059,KMDW,KBKL
15060,KL70,KFUL
15061,LEMG,EGGD
15062,KDFW,KBNA
15063,KSDF,KOAK
15064,LEPA,LEBL
15065,KATL,KORD
15066,LEPA,EDDV
15067,KIAH,KORD
15068,KDTW,KPHL
15069,LIRF,LGAV
15070,LHBP,EGKK
15071,KOAK,KLAS
15072,KHOU,KLAX
15073,KSGF,KDFW
15074,KMSP,KSAN
15075,EGGW,EGPH
15076,02II,K5I4
15077,KORD,KOMA
15078,EDDF,EBBR
15079,LEAL,EHAM
15080,KDAY,KDTW
15081,LEMD,LEBL
15082,KSFO,KMDW
15083,EGJJ,EGKK
15084,KLAS,KSAN
15085,KORD,KCMH
15086,KMSN,KPHL
15087,KATL,KRSW
15088,WA46,KTTD
15089,CYHM,CYYC
15090,KSEA,CL36
15091,EFOU,EFHK
15092,KMDW,KRDU
15093,KPIE,KABE
15094,LIRF,LIBD
15095,LFPG,LFML
15096,KTEB,KIAD
15097,EDDF,UUEE
15098,KATL,KDAL
15099,KRNM,KMYF
15100,KSJC,KLGB
15101,KSTL,KTPA
15102,KDEN,KLAS
15103,KPDX,KSJC
15104,KAWO,KRNT
15105,LEIB,LEMD
15106,KHOU,KMDW
15107,KDFW,KIAH
15108,LEZL,EGSS
15109,KIAD,KDCA
15110,KLAS,KDTW
15111,KSAN,KSFO
15112,KORD,KJFK
15113,KBWI,KISP
15114,KROC,KIAG
15115,KATL,KDAB
15116,KSNA,KSMF
15117,KLGA,KIAD
15118,KCLT,KIAH
15119,KORD,KHSV
15120,KATL,KOMA
15121,KE16,KPAO
15122,EDDF,EDDT
15123,KORD,35MN
15124,KPAO,KTVL
15125,EDDF,EGBB
15126,KMYF,KF70
15127,CYYZ,KPHL
15128,KPHL,KDTW
15129,CYXU,CYYZ
15130,KSEA,KU42
15131,KL19,95CA
15132,EGJJ,EGKK
15133,BIKF,EBLG
15134,KMVY,KTEB
15135,KDEN,KOMA
15136,EGBB,EIDW
15137,KDFW,KRDU
15138,KCVG,KEWR
15139,GA36,K47A
15140,KORD,KRDU
15141,EGAA,EGPH
15142,EDDF,EFHK
15143,KBOI,1ID4
15144,WN51,KBVS
15145,KTCY,KRHV
15146,KATL,KHOU
15147,KIAH,KDFW
15148,LFPG,LIPZ
15149,KDFW,35MN
15150,KSEE,8CL1
15151,KDFW,KATL
15152,K0L7,KHND
15153,KSFO,KLAX
15154,LHBP,EGSS
15155,LEBL,EGGP
15156,KGLE,KADS
15157,PAMR,8AK6
15158,LICJ,EGSS
15159,KFLL,KTPA
15160,KLGA,KIAH
15161,EDDP,LHBP
15162,KIAH,TJIG
15163,LGAV,LIME
15164,MA55,KEWB
15165,KSMF,KSEA
15166,KSBD,KTOA
15167,KDEN,KOAK
15168,KATL,UT13
15169,KSDF,KABQ
15170,KONT,KIAH
15171,KORD,KCVG
15172,KLAS,KPHX
15173,EPKK,EKCH
15174,KATL,KJFK
15175,EDDF,EKCH
15176,KE16,KRHV
15177,KSJC,KPDX
15178,LSGG,LPPT
15179,KLAX,KORD
15180,KTEB,KSLK
15181,KIAH,KLAS
15182,KJFK,KMIA
15183,LIRF,LIMF
15184,KIAD,KRDU
15185,KATL,KORD
15186,EGAA,EGGP
15187,KFLL,KBOS
15188,KMKE,KPHL
15189,KPDX,93WA
15190,EGGP,LEAL
15191,EGSS,EGPH
15192,KPHL,KSDF
15193,KLAX,KSFO
15194,KAPA,KADS
15195,LEVX,LEMD
15196,LFPG,LEPA
15197,EBBR,LSGG
15198,KPOC,KEMT
15199,KDFW,KTYS
15200,KMSP,KMKE
15201,KIAH,KAGC
15202,KLAS,KLAX
15203,LFBD,EGKK
15204,LGAV,EGCC
15205,75TS,KGPM
15206,KEWR,CYUL
15207,KGSO,KATL
15208,KBNA,KORD
15209,LFRS,LSGG
15210,LEPA,LEMG
15211,KDEN,KU42
15212,KHOU,KECP
15213,EDDH,LSZM
15214,KATL,KTYS
15215,KAUS,KLAX
15216,KWHP,KCMA
15217,LIMC,LOWW
15218,KDFW,KPHL
15219,KLGB,KL70
15220,KMSP,KORD
15221,LFPG,LFRS
15222,KLVK,KOAK
15223,KPHX,KSEA
15224,KPNS,KATL
15225,KORD,KSEA
15226,KBNA,KPHL
15227,LPPT,EIDW
15228,KBOI,KSJC
15229,LGAV,LEBL
15230,KPDX,KSEA
15231,KSAN,KSMF
15232,KIAH,KSTL
15233,LFST,LFBO
15234,LTFJ,LLSD
15235,KCRQ,KHHR
15236,KMYF,KRNM
15237,CYYC,CYYZ
15238,EDDF,ESSA
15239,KATL,KFLL
15240,KDEN,KSFO
15241,KIAH,KLGA
15242,KPNE,KHPN
15243,KSTL,KPHX
15244,KLGA,KORD
15245,EDDH,EGPH
15246,KAPA,KFNL
15247,KATL,KDFW
15248,KDAL,KMCI
15249,LFPG,LFBO
15250,KATL,KPHL
15251,KJFK,KTPA
15252,ESGG,EGLL
15253,KRHV,KE16
15254,LIPZ,LEBL
15255,KONT,KDFW
15256,KIND,KBWI
15257,KPHX,KFLG
15258,KSQL,CA66
15259,4KS2,KMKC
15260,KBNA,KDTW
15261,KFLL,KDFW
15262,KPHL,KTPA
15263,KORD,KIAH
15264,KSMF,KMDW
15265,KOAK,KMDW
15266,LIRF,LIML
15267,KSBP,KFCH
15268,KSFO,KVNY
15269,KSDF,KONT
15270,KIAH,KLAX
15271,LSGG,LPPR
15272,KATL,KHSV
15273,KAPA,KCOS
15274,KPDX,KIAH
15275,LMML,EGSS
15276,KPHX,KOAK
15277,KECP,KADS
15278,LEMD,EGGD
15279,KBOS,KORD
15280,KACY,KPNE
15281,KDTW,KDCA
15282,KATL,KIAD
15283,KLAS,KU42
15284,EDDF,ENGM
15285,KPHL,KSTL
15286,CYYZ,CYYC
15287,KIAH,KRDU
15288,KSAN,KMDW
15289,KVGT,KLSV
15290,KATL,KMCI
15291,LFPG,LEBL
15292,KDTW,KBNA
15293,KMCI,KLAS
15294,KPDX,KMDW
15295,KDEN,KBOS
15296,KECP,KATL
15297,KHSV,KATL
15298,EDDF,LFPG
15299,CYVR,KDFW
15300,KGRR,KDTW
15301,EDDF,EDDP
15302,EIDW,EGGP
15303,KOMA,KDCA
15304,KAUS,KDFW
15305,KDFW,KMIA
15306,KORD,KSGF
15307,KPHL,KMIA
15308,KTOA,KEMT
15309,WA09,KBFI
15310,KBWI,KALB
15311,LEMG,EGSS
15312,KATL,KBNA
15313,WN51,KBLI
15314,KDEN,KPUB
15315,KHWD,KPAO
15316,EGNX,EIDW
15317,UUEE,UNEE
15318,KMMU,KTEB
15319,KLAS,KBFI
15320,KSAT,4TS8
15321,KORD,KSTL
15322,KDTW,KTYS
15323,KDFW,KTUL
15324,KOAK,KSAN
15325,LFPO,LEBL
15326,KDEN,KBOI
15327,KSNA,KIAH
15328,LFPG,LFML
15329,LIBD,EGSS
15330,KAUS,KDAL
15331,LDZA,LDSR
15332,KPHX,KSMF
15333,EGKK,LEBL
15334,KDFW,KHOU
15335,KSMO,KCMA
15336,KORD,KCWA
15337,KMDT,KIAD
15338,KSDF,KBUR
15339,KSEA,KPDX
15340,KBOS,KPHL
15341,KPHL,KBNA
15342,EGSS,LPPR
15343,KIAH,KDFW
15344,KBNA,KBWI
15345,LIPZ,EGSS
15346,KAUS,KORD
15347,PANC,40AK
15348,KSMF,KONT
15349,KORD,KSGF
15350,KSFO,KSAN
15351,KONT,KSMF
15352,KLZU,KGVL
15353,KIAH,KRSW
15354,KRVS,2OK4
15355,KCMH,KLGA
15356,ULLI,UUEE
15357,KPHX,KONT
15358,KACK,KBOS
15359,LTFJ,EDDV
15360,KEDU,KSAC
15361,KORD,KSYR
15362,YCDR,YBBN
15363,KPHL,KORF
15364,LFRS,LEBL
15365,LIME,EIDW
15366,NZHN,NZWN
15367,LPFR,EGGD
15368,KDFW,KSTL
15369,EGPF,EGGW
15370,LEPA,LEMH
15371,EDDV,EGLL
15372,SBGR,SBBR
15373,KLAS,KLAX
15374,KFDK,KMRB
15375,LIRF,LIEA
15376,LPPT,EHAM
15377,KSNA,KLAS
15378,KPHX,KU42
15379,LEMD,LEPA
15380,KPIE,KRSW
15381,KBOI,1ID4
15382,KORD,KLAS
15383,KDEN,KFLL
15384,LEBL,EGGW
15385,LFBO,EGGD
15386,EIDW,EPGD
15387,KLNS,KBWI
15388,KAVX,KSNA
15389,KMGJ,KHPN
15390,KLAS,KMCI
15391,KDFW,KCOS
15392,KE16,KRHV
15393,KSDF,KIAH
15394,KHYI,40XS
15395,KPHX,KSJC
15396,LIPE,LIBD
15397,KDTW,KSDF
15398,KFLL,KEWR
15399,KORD,KLGA
15400,KMDW,KLAS
15401,KMSP,KSFO
15402,54OK,KRVS
15403,WN51,WN18
15404,KJFK,TJIG
15405,LFPG,LFBD
15406,EDDF,LPPT
15407,LEBL,LEPA
15408,PANC,KSEA
15409,KSAN,KSFO
15410,KDAL,KHOU
15411,KMDW,KCMH
15412,ULLI,UUDD
15413,LIME,EPGD
15414,EDDF,BIKF
15415,EDDF,EDDV
15416,KBOS,KDCA
15417,KPHX,KDCA
15418,KDEN,KLGA
15419,KTPA,KBWI
15420,KORD,KSFO
15421,KRNM,KCRQ
15422,KDTW,KMSN
15423,KPSP,UT13
15424,LFPO,LPPT
15425,KSBA,KCMA
15426,EGGD,EIDW
15427,LEIB,LEZL
15428,KATL,KRDU
15429,KDFW,KSAN
15430,LFML,LFKJ
15431,KPAE,WA09
15432,KABQ,KPHX
15433,KHOU,KDAL
15434,KSEA,KMDW
15435,LOWW,LIME
15436,EHAM,EKBI
15437,KDTW,KDFW
15438,KDFW,KBWI
15439,EBLG,LIMC
15440,KORD,KSDF
15441,KBOS,KBNA
15442,KAUS,KBNA
15443,KRDU,KBNA
15444,KTPA,KMKE
15445,EDDF,LHBP
15446,KDEN,KBUR
15447,KRVS,93OK
15448,LIRA,EGCC
15449,KSTL,KSLC
15450,KSAN,KLAS
15451,CYYZ,CYUL
15452,LSGG,EGCC
15453,KORD,KALB
15454,LFPG,LIMC
15455,LEAL,LEBL
15456,KLAS,KSEA
15457,KPHX,KMCI
15458,KDTW,KMDT
15459,CYUL,CYYZ
15460,KSDF,KOAK
15461,KBUR,KLAS
15462,LIME,EPMO
15463,KSNA,KPHX
15464,EPKK,EGGW
15465,EBBR,EDDP
15466,KITH,KDTW
15467,LEMG,LKPR
15468,EDDF,EDDM
15469,KFLL,KATL
15470,KMDW,KBKL
15471,KORD,KCVG
15472,KOMA,KATL
15473,KDTW,KATL
15474,KPHL,KBNA
15475,KCCR,KO60
15476,KSAT,KDAL
15477,KARB,8MI9
15478,LFPO,LSGG
15479,KDEN,KSEA
15480,EGCN,EPGD
15481,KTPA,KATL
15482,KIAH,KMCO
15483,KSFO,KSEA
15484,KSFO,KIAH
15485,KEWR,KBKL
15486,KDEN,KLAS
15487,CYMX,CYHM
15488,KBOS,KDTW
15489,KDEN,KBOS
15490,KFLL,KHWO
15491,KDFW,KDCA
15492,KVNY,KSAN
15493,KMSP,KORD
15494,KAUS,KBWI
15495,KBNA,KATL
15496,KHOU,KSTL
15497,KATL,KMIA
15498,KSFO,KLAX
15499,KJFK,KATL
15500,KDTW,MI38
15501,EPKK,EGBB
15502,KMDW,KCVG
15503,KAUS,KSAF
15504,KORD,KSAN
15505,KEWR,KIAH
15506,KCRQ,CL46
15507,KSNA,KSJC
15508,KIAH,KFLL
15509,KMSP,KSTL
15510,KDCA,KPHL
15511,LTFJ,EDDK
15512,KSBA,KBUR
15513,KFLL,KDEN
15514,KATL,KIAH
15515,KPHL,KBKL
15516,KDEN,KPHX
15517,KBOS,KEWR
15518,EDDP,EHAM
15519,KSFO,KBOI
15520,KMVY,KBED
15521,03OK,KRVS
15522,KVPC,KFTY
15523,KSEA,KPHX
15524,ID63,KEUL
15525,LFBO,EGKK
15526,KCVG,KLGA
15527,KCLE,KTPA
15528,KIAD,KPWK
15529,SBRJ,SBBR
15530,82PA,KATL
15531,KDFW,KONT
15532,KADS,1TE8
15533,EDDF,EGCC
15534,ENZV,ENGM
15535,KTPA,KLGA
15536,KBNA,KDAL
15537,KDTW,KORD
15538,LFPG,LIMC
15539,KSDF,KSYR
15540,KSFO,KU42
15541,3OR8,KSEA
15542,LEMD,LEPA
15543,KPHX,KLAS
15544,KRNV,KGLH
15545,KTUL,KHOU
15546,KDTW,KBUF
15547,KDEN,KEWR
15548,KBOS,CYUL
15549,KL62,KSBP
15550,UUWW,LTBW
15551,KDFW,KSEA
15552,KJFK,KDTW
15553,KRHV,9CL2
15554,KSFO,KSBA
15555,KDCA,KMIA
15556,LFPO,LFKJ
15557,KBID,KHPN
15558,EHAM,EGCC
15559,KVNY,KLAS
15560,KBFI,KLAS
15561,KSDF,KMIA
15562,EHAM,EIDW
15563,LFBO,LPPT
15564,KORD,KCMH
15565,NZCH,NZWN
15566,KTPA,XS89
15567,KTUL,KLAS
15568,KBOS,KDCA
15569,KRHV,63CN
15570,KSEE,KSNA
15571,KCGZ,KCHD
15572,KIAH,KMIA
15573,K47A,KJZP
15574,UUWW,UWWW
15575,KIND,KLGA
15576,KFUL,KAJO
15577,KMMU,4NY1
15578,KORD,KRSW
15579,KSYR,KPHL
15580,KDTW,KSGS
15581,TJSJ,KEWR
15582,KMSP,KBKL
15583,KDFW,KLAS
15584,KSNA,KORD
15585,KLAS,KSDL
15586,KIAH,KSAN
15587,MA72,KBOS
15588,LFLL,LPPT
15589,KSFO,KDAL
15590,KOKV,KJYO
15591,EGSS,LZIB
15592,KDTW,KCMH
15593,KAPA,KSFO
15594,LEAL,EGGD
15595,KORD,KDTW
15596,KBWI,KIAH
15597,20AZ,KFFZ
15598,KSFO,KSAN
15599,KSJC,KBUR
15600,KIAH,KMIA
15601,LIRF,LHBP
15602,KRDU,KTEB
15603,EPKK,EGSS
15604,UUEE,ULLP
15605,KDFW,KCMH
15606,KDTW,KATW
15607,KDEN,KSEA
15608,KDEN,KATL
15609,KLOT,KGYY
15610,KBWI,KMCI
15611,KAPC,KVNY
15612,WA09,KPAE
15613,KSAN,KBNA
15614,KSFO,KSGS
15615,KSFO,KLAS
15616,KATL,KDFW
15617,KDWH,89TA
15618,KJFK,KORD
15619,KLAX,KU42
15620,VT25,KFRG
15621,LIRF,LIPE
15622,KPDX,KLAS
15623,KSDF,CYHM
15624,LFPG,EGGW
15625,KPHL,7PS7
15626,KBNA,KMIA
15627,KDEN,KBOI
15628,KACK,KBOS
15629,KIAH,KTUL
15630,KFLL,KORD
15631,KDEN,KSTL
15632,KDFW,KORD
15633,KPHX,KAUS
15634,KMVY,KBOS
15635,KORD,KOMA
15636,LFBD,LEBL
15637,2CD6,KAPA
15638,EGNT,EGAA
15639,KSNA,KOAK
15640,KSDM,KSNA
15641,KGEG,KU42
15642,KIWA,KPVU
15643,6MO6,KSUS
15644,KAPA,KU42
15645,ENGM,ENBO
15646,SBGR,SSJC
15647,KLGB,KSEA
15648,KPHL,KROC
15649,KIAH,KDTW
15650,KDEN,35MN
15651,KATL,K9A4
15652,KORD,KBKL
15653,KBOS,KIAD
15654,K4N1,KHPN
15655,EDDR,ELLX
15656,KSDF,KPHX
15657,KLAS,KIAH
15658,KTUL,KORD
15659,KSFO,KPDX
15660,KDTW,KSYR
15661,EGKK,EGPH
15662,KPHX,KSNA
15663,KSEA,KORD
15664,CYVR,KSEA
15665,KCLT,KATL
15666,LTFJ,LLSD
15667,EHAM,ESSA
15668,KMDW,KBNA
15669,KRDU,KPHL
15670,KRHV,KSNS
15671,KDFW,KBKL
15672,KJFK,KBOS
15673,KTYS,KPIE
15674,KDEN,KORD
15675,KPAO,KSQL
15676,KBWI,KHOU
15677,KATL,KSDF
15678,EIDW,EGPH
15679,KMDW,KMCI
15680,KCWA,35MN
15681,EVRA,EETN
15682,KCLE,KPHL
15683,CZBB,CAK3
15684,KSFO,KORD
15685,KORD,KBUF
15686,KDFW,KAGC
15687,KDTW,KROC
15688,KPDX,KBUR
15689,KMSP,KLGA
15690,59IL,KDPA
15691,KPHX,KATL
15692,KLNK,KORD
15693,KDAL,KOAK
15694,OI34,7OA7
15695,KAPA,KSNA
15696,KSDF,KEWR
15697,KPHL,KDAY
15698,KAUS,KU42
15699,KMCI,KDAL
15700,KDTW,KPHX
15701,KLAX,KSFO
15702,GA53,K9A1
15703,KTUL,KDAL
15704,LIME,LIBD
15705,KDEN,KLAX
15706,KATL,KORD
15707,KFHR,96WA
15708,KPHX,KDAL
15709,KDTW,KRDU
15710,KIAH,KSFO
15711,KGEG,KSEA
15712,KSEA,KLAS
15713,NZWN,NZCH
15714,KDEN,KMCI
15715,KBLI,KLAS
15716,KPHL,KBUF
15717,KBNA,KFLL
15718,KLGA,KDEN
15719,KBWI,KSDF
15720,KSJC,KSNA
15721,KORD,KDAY
15722,LEBL,EIDW
15723,KSFO,KLAX
15724,KMCI,KBWI
15725,KSDL,19AZ
15726,CYVR,KSFO
15727,KSTL,KORD
15728,RCTP,RJAA
15729,KWVI,KPAO
15730,ENGM,EGLL
15731,KPHL,KXSA
15732,KDTW,7PS7
15733,KIAD,KIAH
15734,KDEN,KIAD
15735,KMSP,KATL
15736,KATL,KFLL
15737,LEPA,LEMD
15738,KMIA,KORD
15739,EGPF,EGKK
15740,KOMA,KORD
15741,EGHQ,EGLL
15742,KVNY,KSGR
15743,KORD,KATL
15744,KSTL,KDCA
15745,CNV9,CYYZ
15746,CYVR,CYYC
15747,KHPN,KAPA
15748,KDFW,KSJC
15749,YBBN,YSCB
15750,ENGM,BIKF
15751,KMSP,KMCI
15752,KTYR,KDFW
15753,CL36,KPAO
15754,KIWS,XS89
15755,KDEN,KJFK
15756,KCLT,KATL
15757,KLAS,TS53
15758,KSMF,KSEA
15759,LEPA,EGGP
15760,KOAK,KPHX
15761,KATL,KEWR
15762,KDTW,KBWI
15763,KPRB,KTOA
15764,KSAF,KVNY
15765,KEWR,KDEN
15766,KPHL,KORD
15767,KDFW,KSFO
15768,KSDF,KBWI
15769,KSTS,KPHX
15770,KCOE,KSNA
15771,CYVR,KLAX
15772,37MI,KPTK
15773,KPDX,KSEA
15774,KABE,KDTW
15775,KRAL,KSNA
15776,KFCM,KFBL
15777,KBMI,KDFW
15778,KRVS,KMKC
15779,KTOA,KLGB
15780,KDAL,KFLL
15781,KCLT,KDFW
15782,WN51,KFHR
15783,KORD,7MI7
15784,KDTW,KATL
15785,KMSP,KCMH
15786,KSDL,19AZ
15787,KLAX,KSEA
15788,KPAO,KO69
15789,KPHL,KRDU
15790,KBOI,KPHX
15791,KLAS,KSTL
15792,KSRQ,KORD
15793,CZBB,CAK3
15794,KGPI,KSEA
15795,EVRA,EIDW
15796,EDDM,EKCH
15797,KDCA,KDEN
15798,KPDX,KSAN
15799,KMSP,KSEA
15800,KMSP,KDTW
15801,KRHV,KE16
15802,KDFW,KVPS
15803,KORH,KDTW
15804,KORD,KDFW
15805,KMKE,KBNA
15806,KBOI,KSEA
15807,KPHL,KIAH
15808,KSDL,KVNY
15809,KATL,KPHL
15810,GA00,KD73
15811,ENGM,EETN
15812,82PA,KTPA
15813,KCMA,KWHP
15814,KBUR,KLAS
15815,KLAS,KSNA
15816,KDEN,KCOS
15817,KBOS,KPYM
15818,KCLE,35MN
15819,EDDC,EDDM
15820,UUEE,ULLP
15821,KORD,KROC
15822,KSWF,KHPN
15823,KPAO,KTVL
15824,KSEA,KPSP
15825,KSDF,KEWR
15826,KBOS,KATL
15827,KMYF,1CA6
15828,ENBR,ENGM
15829,KSFO,KDFW
15830,LPFR,LPPT
15831,EBLG,LFML
15832,KCOS,KAPA
15833,KLAX,KBOI
15834,KMLE,KFET
15835,KFHR,KS50
15836,KDTW,KCVG
15837,KMVY,KBED
15838,KMYV,KSAC
15839,KHOU,KDAL
15840,KSEA,KSFO
15841,KLAX,KSFO
15842,KSJC,KDFW
15843,EVRA,EFHK
15844,KMSP,KORD
15845,KHWD,KC83
15846,KDFW,KATL
15847,KORD,KGRR
15848,KDEN,KSMF
15849,KLNS,KFDK
15850,KGPM,KJWY
15851,KIND,KMSP
15852,EPRZ,EGSS
15853,3OR8,K7S9
15854,KATL,KBWI
15855,KJFK,KBOS
15856,KLGB,KTOA
15857,KHOU,KECP
15858,LPPT,EGGW
15859,KAPA,KSFO
15860,KCLE,KRSW
15861,CYYC,CYVR
15862,KDEN,KBNA
15863,ENVA,ENGM
15864,KORD,KPHL
15865,WA09,KBFI
15866,KRNT,02WA
15867,KMKE,KPHX
15868,KSPI,KDFW
15869,KSFO,KSAN
15870,KPVU,KIWA
15871,EDDK,EGSS
15872,KGEG,KSEA
15873,KFLL,KDTW
15874,KSAN,KSEA
15875,KLAX,KIAH
15876,LIME,LEBL
15877,EGBB,EGPH
15878,LFBO,EGSS
15879,KOAK,KBUR
15880,LEIB,LEBL
15881,KMSP,KBNA
15882,KTPA,KFLL
15883,KAPA,CO86
15884,KDEN,KPHL
15885,KFME,KRJD
15886,KVNY,KLAS
15887,KCOS,KDFW
15888,CYXE,CYVR
15889,KDTW,KJFK
15890,KBNA,KECP
15891,KORD,KLGA
15892,SBRJ,SBBR
15893,KSEA,KONT
15894,YSWG,YSSY
15895,KHPN,KFRG
15896,CO02,KBKF
15897,EVRA,EFTU
15898,KCRQ,KMCC
15899,KOAK,KPDX
15900,KDFW,KMCI
15901,KCMA,KHHR
15902,KMCI,KORD
15903,EKCH,LIPE
15904,KPUJ,KRYY
15905,OR28,KTMK
15906,LEIB,LEBL
15907,KSMF,KPHX
15908,KCLT,7PS7
15909,KLVK,KOAK
15910,KMDW,KATL
15911,KTPA,KRDU
15912,KSNA,KSEA
15913,LEPA,LEAL
15914,KORD,KDAY
15915,EDDK,LEBL
15916,KSDF,KU42
15917,UUEE,ULMM
15918,KATL,KDTW
15919,KLAS,KSJC
15920,KMYF,KRNM
15921,KHYA,KBED
15922,EDDP,EDDM
15923,KMSP,KPHX
15924,KRDU,KMDW
15925,KLAX,KLAS
15926,KDFW,KLAS
15927,KATL,KVPS
15928,KBNA,KDCA
15929,KSFO,KLAX
15930,CYUL,KDTW
15931,KPNS,KDFW
15932,KATL,KLGA
15933,KDAY,KDFW
15934,CZBB,CYYJ
15935,LEIB,EHAM
15936,KDCA,KDFW
15937,KHOU,KTUL
15938,KHWD,KCCR
15939,KSDL,KSNA
15940,KMSP,KMSN
15941,KLAS,KDAL
15942,EGKK,EPGD
15943,KSDF,KDFW
15944,88AZ,KFFZ
15945,YSBK,YSWG
15946,KDFW,KECP
15947,KORD,7PS7
15948,KMCI,KBNA
15949,KDFW,KSNA
15950,KMKE,KBWI
15951,KCLT,KCVG
15952,KBED,KTEB
15953,LFOB,LPPR
15954,KSDM,KRNM
15955,KCRQ,KAJO
15956,KSMO,CL46
15957,KORF,KMIA
15958,KISM,KDFW
15959,KSJC,KPHX
15960,KPHL,KATL
15961,KSAF,KDFW
15962,LIPZ,EGGD
15963,NZWN,NZCH
15964,KMRB,KFDK
15965,EDDK,EGNX
15966,KGVT,KADS
15967,KEWB,KBED
15968,YPAD,YOLD
15969,KCMA,KSNA
15970,EKCH,BIKF
15971,KC83,KSQL
15972,KACK,KBOS
15973,KLZU,67GA
15974,NZWN,NZCH
15975,KDAL,KECP
15976,KLAS,KOAK
15977,KTPA,KBOS
15978,KDEN,KMCI
15979,KCLT,KDAY
15980,SBKP,SSJC
15981,KFTY,KLZU
15982,KDTW,KMDW
15983,KDFW,KORD
15984,KSEA,KBOI
15985,KPAO,KRHV
15986,KATL,KDCA
15987,KCLE,KIAH
15988,KTEB,KSWF
15989,KHOU,KMCI
15990,KCKB,KIAD
15991,CYVR,CYYJ
15992,KFLL,KBWI
15993,LPPR,LPPT
15994,KRDU,KDEN
15995,EGNT,EIDW
15996,KIAD,KFWQ
15997,KORD,KFLL
15998,KATL,86GA
15999,KMDW,KBKL
16000,KBUF,KMDW
16001,KPHX,KDFW
16002,KMKC,KTEB
16003,KSDL,KSMO
16004,KVIS,KSBP
16005,KTEB,KIAD
16006,KIAD,CYYZ
16007,YMAY,YSSY
16008,KCRQ,KCMA
16009,KPDX,KU42
16010,KPAE,78WA
16011,KDFW,KPHX
16012,NZCH,NZWN
16013,KBOI,KPDX
16014,KDEN,KOMA
16015,KSEA,UT13
16016,KE16,KHWD
16017,YBCG,YRED
16018,YBBN,YMYB
16019,KLAS,KMDW
16020,EGKK,EIDW
16021,KDCA,KIAH
16022,KATL,NC16
16023,KONT,KU42
16024,EIDW,ENGM
16025,CYYZ,KEWR
16026,KMSP,KMSN
16027,KROC,KPHL
16028,KTPA,KPHL
16029,KJVL,KDPA
16030,KPDX,KDFW
16031,KDAL,KABQ
16032,KATW,KSGS
16033,KBWI,KFLL
16034,KSEA,KLAX
16035,CYUL,KORD
16036,KLAX,KPDX
16037,KPRC,KSDL
16038,KATL,KORF
16039,KMMU,KHPN
16040,KDEN,KATL
16041,ULLI,UWKD
16042,KSEE,KCRQ
16043,KMSP,KU42
16044,KFLL,KDCA
16045,KSBA,KPHX
16046,KISM,KDEN
16047,KSJC,KBFI
16048,KBUR,KSBA
16049,YPAD,YSSY
16050,KSDF,KDFW
16051,KDEN,KMSN
16052,KMKE,KORD
16053,KFLL,KFXE
16054,KDFW,KABQ
16055,KSAN,KDFW
16056,LEPA,LEMD
16057,KSJC,KLAX
16058,KROC,KBWI
16059,KRDU,KATL
16060,KBWI,KBNA
16061,KSGF,KATL
16062,93OK,KRVS
16063,KSEA,KPDX
16064,ESSA,BIKF
16065,LFML,EGSS
16066,KATL,KBOS
16067,KHIO,WT44
16068,KHOU,KBNA
16069,KBED,KFMH
16070,YSBK,YSCH
16071,KMSP,KOMA
16072,KDTW,KORD
16073,KMKE,KISM
16074,MA55,KBOS
16075,KLAS,K61B
16076,KSEA,KSNA
16077,KHIO,WT44
16078,KSTL,KTUL
16079,KEWR,KOPF
16080,KDEN,KBNA
16081,KLGB,KCRQ
16082,KSJC,UT13
16083,KAPA,MT18
16084,LFPG,LFBO
16085,EFHK,EETN
16086,LIPZ,LGAV
16087,KPHL,KORD
16088,KAUS,KLAX
16089,KSNA,KU42
16090,KMDW,35MN
16091,AZ05,KGEU
16092,KDFW,KDTW
16093,KVNY,KCMA
16094,KDTW,KIAH
16095,KLAS,KORD
16096,KDAY,KATL
16097,NZCH,NZRI
16098,KLAX,KLAS
16099,KSAN,KU42
16100,KSTL,KHOU
16101,KSEA,KBOI
16102,LPFR,EGCC
16103,KDAL,KBMQ
16104,KHOU,FD37
16105,KSBP,KPHX
16106,KMIA,KFLL
16107,KMLI,KORD
16108,KLEB,KBOS
16109,LPPR,LPFR
16110,LIRF,LMML
16111,KBUR,KSMF
16112,KMSP,KIAH
16113,KLGB,KCMA
16114,CYYC,CAM3
16115,KORD,KBNA
16116,KDFW,KLGA
16117,KFTW,KADS
16118,KMSP,KBNA
16119,LPPT,LIMC
16120,KPWK,K3CK
16121,KLAS,KDAL
16122,KBLI,KBFI
16123,KSMF,KPDX
16124,EIDW,EGSS
16125,KCWA,KORD
16126,KSMF,KSGS
16127,KTEB,KFTY
16128,EGNT,EGGD
16129,KEWR,KRSW
16130,KVNY,KTOA
16131,KMDW,KSTL
16132,LFPG,EGGD
16133,KCRQ,KSNA
16134,KSEA,KPHX
16135,KLGA,KATL
16136,YSSY,YPAD
16137,KLAF,KIKK
16138,KCLT,KOMA
16139,KPHX,KU42
16140,KATW,KORD
16141,KMKC,K4K3
16142,KPAO,KCCR
16143,KTPA,KMDW
16144,KDEN,KHOU
16145,KDCA,KEWR
16146,KAPA,KMKC
16147,KBOI,KS78
16148,EGCC,EIDW
16149,KSTL,KPHX
16150,KDFW,KDTW
16151,KSNA,KSFO
16152,KMSS,KBOS
16153,LEIB,LEBL
16154,KLAS,KLGB
16155,KPHX,KMDW
16156,KSMF,KLAS
16157,KDEN,KBWI
16158,KGRB,KMSP
16159,EVRA,EVLA
16160,1WA9,KBFI
16161,LEBL,LEPA
16162,EFHK,EFOU
16163,PAMR,PABG
16164,KIAH,KPHX
16165,KWVI,KPAO
16166,KRDU,KCLT
16167,KBWI,KTPA
16168,KSJC,KSAN
16169,KMIA,CYYZ
16170,KDEN,KIAH
16171,KPHL,KATL
16172,VHHH,RKSI
16173,KCLE,KBOS
16174,KSAN,KIAH
16175,KSNA,KLAS
16176,8MI9,KARB
16177,KATL,SC32
16178,KHND,KSNA
16179,KECP,KPDK
16180,KBNA,KEWR
16181,CAT4,CYVR
16182,LFPG,LGAV
16183,KTCY,KSQL
16184,LEIB,LEMD
16185,KEWR,7PS7
16186,KBWI,KCMH
16187,KRDU,KIAH
16188,KDEN,35MN
16189,KBUF,KATL
16190,KSEA,KPHX
16191,KDFW,TX45
16192,KATL,35MN
16193,KSNA,KDFW
16194,KSJC,KLAS
16195,KMMU,NK07
16196,KMSN,KORD
16197,KFUL,KAVX
16198,KDAL,KPHX
16199,KSTL,KBNA
16200,KABQ,KATL
16201,KCRQ,KWHP
16202,KORF,KBWI
16203,KBUR,KPHX
16204,KUYF,KOSU
16205,ESSA,EKCH
16206,KTPA,KORD
16207,KFRG,03NY
16208,KOMA,KORD
16209,KDTW,KORD
16210,KECP,KSRQ
16211,KSEA,KSJC
16212,KDCA,KATL
16213,YPAD,YSCB
16214,KDFW,KLAX
16215,KFAT,KPHX
16216,LEBL,LPPR
16217,KPHX,KOMA
16218,KTUL,KSTL
16219,LOWW,LIMC
16220,KDAL,KSAN
16221,LEPA,LEBL
16222,KVNY,KSBA
16223,3OR8,KPDX
16224,KSAT,KSGS
16225,KSPI,KORD
16226,MN15,KFCM
16227,KFOK,KHPN
16228,KLGB,KPHX
16229,KPHX,KSAN
16230,KBNA,KHOU
16231,KMCI,KORD
16232,KTTN,KPNE
16233,KTPA,KDCA
16234,OL23,KRVS
16235,KSAN,KSEA
16236,KORF,KATL
16237,KDFW,KLAX
16238,CYCD,CYVR
16239,KSEA,KSJC
16240,CD28,CO07
16241,CA75,KSDM
16242,KCLT,KTYS
16243,YPAD,YBBN
16244,KLGA,KMCI
16245,KFDK,WV21
16246,KBWI,KATL
16247,KSNS,KVIS
16248,KRSW,KORD
16249,KSDL,KVNY
16250,KTPA,KDTW
16251,KPDX,35MN
16252,KOAK,KSFO
16253,OMDB,OPMT
16254,KDEN,KSNA
16255,KORF,KEWR
16256,KBFI,KAWO
16257,KJYO,KOKV
16258,KFAT,KLGB
16259,KSNA,KSFO
16260,KLAS,KMCI
16261,KBNA,KFLL
16262,KPDX,KBOI
16263,KFLL,KRSW
16264,KOAK,KSEA
16265,KATL,KTPA
16266,IA84,KORD
16267,LEBL,EHAM
16268,KPHX,KSTL
16269,EDDP,LHBP
16270,KTPA,KORD
16271,SBKP,SBBR
16272,KRNT,KFHR
16273,KRSW,KSTL
16274,EPWA,EPKK
16275,KACY,KHPN
16276,KSAN,KSGS
16277,KBFI,61WA
16278,KIXD,SN59
16279,KBNA,KSTL
16280,KGEG,KPHX
16281,LIEA,LIME
16282,KDEN,KSEA
16283,KOWD,21NH
16284,KMCI,KATL
16285,KLGA,KDCA
16286,KLAS,KIWA
16287,KMDT,KPHL
16288,KSGF,KORD
16289,KAVX,KSMO
16290,YWLM,YSCB
16291,KLAS,KFAT
16292,KSTL,KDAL
16293,LEBL,EGCC
16294,EIDW,EGGW
16295,KTPA,KHOU
16296,KBOS,KORD
16297,KDEN,KABQ
16298,KMSP,KORD
16299,KSNA,KPHX
16300,KMKE,KDTW
16301,KDCA,KSTL
16302,LIEA,LIPE
16303,NZCH,NZWN
16304,KCLT,KIAH
16305,KPHL,KMDT
16306,KEWR,NC05
16307,KLGA,KBOS
16308,YPAD,YOLD
16309,KCMA,KCRQ
16310,EBBR,EDDP
16311,KAVX,KCRQ
16312,KMSP,KMKE
16313,KCCR,KHWD
16314,KMCI,KDFW
16315,4SC4,KLQK
16316,KONT,KPDX
16317,EGAA,EGSS
16318,K47A,KJZP
16319,KBOS,KSTL
16320,KLAS,KSNA
16321,KCMH,KDEN
16322,KSNA,UT13
16323,KMVY,KTEB
16324,KIND,KORD
16325,KMDW,35MN
16326,EPWA,EPGD
16327,KPIT,KLGA
16328,KDCA,KMDW
16329,KTUL,KATL
16330,KTPA,KSTL
16331,KFLL,KATL
16332,KOAK,CL36
16333,KMCI,KPHX
16334,KSPG,KOPF
16335,KSBA,KVNY
16336,KRHV,KE16
16337,KOMA,KPHX
16338,KSAN,KBFI
16339,KOPF,4FL8
16340,KMIA,KIAH
16341,KLAS,35MN
16342,KORD,KBOS
16343,KDEN,KU42
16344,KLUK,KCMH
16345,EDDP,EDDK
16346,KWHP,KCMA
16347,KFHR,KBFI
16348,KIAH,KORD
16349,KROC,KBOS
16350,KBNA,KDFW
16351,KC15,KDFW
16352,KDFW,KDTW
16353,KSDF,KMDW
16354,KBWI,KBOS
16355,KOMA,KDTW
16356,KATL,KMDW
16357,KEWR,KATL
16358,KPAO,K1O2
16359,KBOS,K3B4
16360,KBOS,K3B4
16361,KCOS,KPHX
16362,KCLT,CYYZ
16363,KSTL,KDFW
16364,KDCA,KTPA
16365,EKCH,EGGW
16366,SBGR,SSJC
16367,K4N1,KMMU
16368,KIXD,SN59
16369,KTPA,KATL
16370,KSDF,KIAH
16371,KBUR,KPHX
16372,KSCK,KSNS
16373,KPDX,KSEA
16374,YSSY,YBBN
16375,KLGA,KORD
16376,KIGX,8NC6
16377,WA22,KBFI
16378,NZCH,NZHN
16379,KGEG,KSEA
16380,KCLT,KSRQ
16381,TJSJ,KMIA
16382,KIAH,KBWI
16383,KATL,KCVG
16384,KSMF,UT13
16385,EGSS,EIDW
16386,KEWR,KFLL
16387,KDCA,KMCI
16388,LTAC,UKBB
16389,KE16,KRHV
16390,KPHL,KRSW
16391,EKCH,ENGM
16392,KLAX,KFAT
16393,KCVG,KVPS
16394,KLAS,KPHX
16395,KSTL,KDTW
16396,KTPA,KIAH
16397,KSEA,KLAS
16398,KATL,KBOS
16399,3PS9,KBNA
16400,KSBA,KVNY
16401,KPHX,KMSP
16402,KGSO,KIAD
16403,EGSS,EPGD
16404,16MI,KORD
16405,KDCA,KHOU
16406,EKCH,ESSA
16407,EGGW,LROP
16408,EDDP,UUEE
16409,KSAT,KMDW
16410,KCLT,KAKH
16411,LPFR,EGGD
16412,KIAH,KDTW
16413,KDFW,KSAT
16414,KCRQ,KCMA
16415,KRSW,KCVG
16416,SBGR,SBBR
16417,KIXD,SN59
16418,EPWA,EPRJ
16419,KDEN,KSEA
16420,KMCI,KDTW
16421,CYVR,KSEA
16422,LEAL,EGGP
16423,KATL,KSTL
16424,KBNA,KMDW
16425,KSBA,KSFO
16426,KTPA,KHOU
16427,EKCH,EPGD
16428,CYOW,CYYZ
16429,KLAX,KPHX
16430,KOMA,KSTL
16431,KMCI,KISM
16432,KDFW,KATL
16433,EDDP,LIME
16434,KATL,KDEN
16435,KFLL,KJFK
16436,EPWA,EPPO
16437,KRSW,KBWI
16438,CYYZ,CYUL
16439,KDTW,KLGA
16440,KLGA,KDTW
16441,KHSV,KDFW
16442,KFLL,KRSW
16443,KONT,KPHX
16444,YBBN,YPAD
16445,KROC,KPHL
16446,KPDX,KPHX
16447,NZWN,NZPN
16448,4CA8,KHWD
16449,KOAK,KSJC
16450,KRVS,19OK
16451,LEPA,EDDK
16452,KPHX,KLAX
16453,KPUB,KAPA
16454,KCRQ,KSEE
16455,KSMF,KLAX
16456,KTPA,KDFW
16457,3OR8,61OR
16458,KMDW,KMCI
16459,KSTL,KK52
16460,YSBK,YSWG
16461,KSJC,KPHX
16462,KSBA,KSEA
16463,KSFO,KPHX
16464,KIAD,KJFK
16465,KSTL,KATL
16466,KLAX,KLAS
16467,KC83,KRHV
16468,KDEN,UT13
16469,GA00,KD73
16470,KDAL,KTUL
16471,CZBB,CYPK
16472,CYVR,CYCD
16473,EGPH,EGGD
16474,KORF,KPHL
16475,KCMH,KDFW
16476,KCVG,KATL
16477,KBOS,KTPA
16478,KFLL,KIAH
16479,KEWR,KORD
16480,KPHL,KBOS
16481,ULLI,UUYY
16482,KSBA,KSNA
16483,NZCH,NZRO
16484,KSBD,KSNA
16485,KTPA,KDAL
16486,KHGR,KGAI
16487,KBOI,20ID
16488,KOMA,KPHL
16489,KCLT,KLGA
16490,KCRQ,KMYF
16491,KPUB,KFTG
16492,KSNA,KSMO
16493,KMCI,KSTL
16494,KSAN,KPHX
16495,KFFZ,KMYF
16496,KOAK,KLAS
16497,KSEA,35MN
16498,KDCA,KOMA
16499,63CN,KHWD
16500,CYUL,CYYZ
16501,KLOU,3IN6
16502,KRSW,KATL
16503,7PN0,KXLL
16504,KL70,KLGB
16505,KLAX,KSEA
16506,KLAS,KDAL
16507,KOAK,KSNA
16508,KCMH,KIAH
16509,KIND,KIAH
16510,KSFO,KSNA
16511,KMKC,KGPH
16512,KUAO,K7S9
16513,EGPF,EGGD
16514,KFHR,KBFI
16515,KFLL,KHOU
16516,KFRG,KHWV
16517,KMDW,KTPA
16518,4WA9,KPWT
16519,KLOU,KJVY
16520,KIAD,KDFW
16521,KDTW,KBNA
16522,KSTS,KSFO
16523,KSJC,KPDX
16524,KAPC,KSNA
16525,KSRQ,KFXE
16526,KABQ,KDAL
16527,YSSY,YMML
16528,EGAA,EGCC
16529,YMML,YBBN
16530,KRDU,KBOS
16531,KCCB,KEMT
16532,KOAK,KO69
16533,KSAN,KLAS
16534,EIDW,EGNX
16535,CYUL,KTEB
16536,KRVS,19OK
16537,KSEA,KLAX
16538,EDDP,LFPG
16539,KACK,KBOS
16540,MA72,KBOS
16541,CO18,KAPA
16542,KLAS,35MN
16543,TA06,KADS
16544,KSPB,KTTD
16545,KBOS,ME45
16546,KAUS,KPHX
16547,58AK,PAMR
16548,KBFI,KBLI
16549,KFLL,KDAL
16550,KLOM,KOBI
16551,KAPA,KTEX
16552,KLAX,KSMF
16553,KBOS,KJFK
16554,YSSY,YBTH
16555,EGGP,EIDW
16556,KSMF,KU42
16557,SBGR,SBBR
16558,EDDP,LIMC
16559,KDAL,KAPA
16560,KDTW,KISM
16561,KFLL,KBWI
16562,KPHX,KIAH
16563,K2O3,KCCR
16564,UUDD,UWKD
16565,KSQL,CA66
16566,KSAC,KEDU
16567,CYYZ,KDTW
16568,NZCH,NZWN
16569,KMCI,KMDW
16570,KCMA,KVNY
16571,KCOS,KBJC
16572,KSNS,KRHV
16573,KSAN,KDAL
16574,KTRL,KADS
16575,KSMF,KPHX
16576,KRVS,19OK
16577,KPHL,KATL
16578,KSBP,KSEA
16579,LEIB,EHAM
16580,KPNE,KTTN
16581,KCMH,KHOU
16582,KFDK,KGAI
16583,KSDL,KAPC
16584,KLAS,KRYN
16585,KECP,KATL
16586,KMKC,KSUS
16587,KDEN,KDTW
16588,KPHX,KSFO
16589,SBCO,SBKP
16590,KMYF,KSBP
16591,KATL,KDTW
16592,KVNY,KCMA
16593,KOAK,KBUR
16594,KTPA,KPHL
16595,KBNA,KSGS
16596,KHPN,K3B4
16597,KRDU,KBOS
16598,KDAL,KMDW
16599,KPDX,KLAX
16600,KHSV,KPDK
16601,KMYF,KSNA
16602,KSMF,KSFO
16603,LEBL,LEPA
16604,EGSS,EDDB
16605,KLAS,KSAN
16606,61VA,KJYO
16607,KDEN,KATL
16608,KOAK,KSEA
16609,KSJC,KSAN
16610,EDDP,EGNX
16611,CA66,KOAK
16612,KBJC,CO07
16613,KATL,KDCA
16614,KBED,KBVY
16615,LPPR,EHAM
16616,OI34,7OA7
16617,KPAE,KBVS
16618,KAUS,KATL
16619,KSEA,KLAX
16620,KVNY,KSNA
16621,KFAT,KSEA
16622,LIPO,LIED
16623,KDEN,KSEA
16624,KFRG,KHWV
16625,LEMD,LEIB
16626,01VA,KJYO
16627,KAUS,KMDW
16628,KI17,1OI9
16629,KPDX,KBFI
16630,KCMA,KWHP
16631,KBED,KPYM
16632,KDEN,KTYS
16633,KCLE,KMDW
16634,LPPD,LPPT
16635,EIDW,EGBB
16636,KLGA,KATL
16637,CYYC,CYVR
16638,KPDK,KGVL
16639,KSFO,KSEA
16640,KLAS,KPDX
16641,KSMO,KSBA
16642,KFAT,KTVL
16643,KMDW,KDAL
16644,KSDL,KLAS
16645,SBBR,SBKP
16646,80WA,KPAE
16647,CZBB,CBQ2
16648,KTEB,KMMU
16649,KDCA,KORD
16650,KDFW,KORD
16651,22OR,K7S9
16652,WA96,KPAE
16653,KPAO,KTCY
16654,KMKC,61MU
16655,EKCH,EGPH
16656,KRSW,KPHL
16657,YSSY,YSCB
16658,KGRB,KORD
16659,EPWA,EPKT
16660,KLAS,KSDL
16661,LEPA,EGGP
16662,KAUS,KATL
16663,KSDM,KLAS
16664,EGNX,EDDP
16665,KDFW,KABQ
16666,KSJC,KSEA
16667,LIED,LIME
16668,KDTW,KATL
16669,KSYR,KMDW
16670,KSTL,KORD
16671,KFLL,KSTL
16672,5MI8,KDTW
16673,KTPA,KBNA
16674,KLOU,KJVY
16675,KORF,KDTW
16676,KGXY,KAPA
16677,KSEA,KBLI
16678,KPHX,KDAL
16679,KATL,OI45
16680,KTPA,KPHL
16681,KPDX,KSJC
16682,KSJC,KSEA
16683,KCWA,KORD
16684,35OR,KLAX
16685,KIND,KORD
16686,KAGC,KHEF
16687,KLAX,KSFO
16688,KPUB,KAPA
16689,KCRQ,KSNA
16690,KAUS,KSTL
16691,KUAO,KPAE
16692,KFLL,KATL
16693,RJBB,RJTT
16694,KEWR,35MN
16695,KSLC,KSAN
16696,KSTL,KIAH
16697,5OR5,KBDN
16698,KPHL,35MN
16699,KAPA,KMKC
16700,KOAK,KLGB
16701,KBUF,KORD
16702,KDFW,KDTW
16703,KLGA,KORD
16704,KIAD,KSYR
16705,KIAD,KSTL
16706,KDVT,AZ05
16707,KPHX,KLAX
16708,KCMH,KBWI
16709,KCMA,KOXR
16710,LIBD,LIPE
16711,KISP,KFOK
16712,KSNA,KCRQ
16713,KBFI,WA09
16714,KLAS,KSMF
16715,KRNM,KMYF
16716,KRSW,KTTN
16717,KRDU,KJFK
16718,KMOD,KCRQ
16719,KLGA,KMIA
16720,KSAT,KPHX
16721,KDEN,KPHX
16722,KACY,KFRG
16723,UUWW,UWKD
16724,KPAO,CA66
16725,KHSV,KATL
16726,KIND,KATL
16727,KCRQ,KHMT
16728,LIPE,LIRF
16729,KDAL,KTPA
16730,KC83,KRHV
16731,KSQL,CA66
16732,KOAK,KBOI
16733,KRNT,KPAE
16734,KSYR,KORD
16735,KLVK,KHWD
16736,KSEA,KOAK
16737,WA68,KBLI
16738,KRDG,KLNS
16739,KL35,8CA5
16740,CYPK,CZBB
16741,KPHL,KSTL
16742,KLAS,KU42
16743,EGGW,EPGD
16744,KIAH,KDFW
16745,KCMH,KPHL
16746,WA09,KBFI
16747,9WA7,KRNT
16748,NK07,KMMU
16749,KBOS,KDTW
16750,EBLG,LROP
16751,YPAD,YOLD
16752,ULLI,ULMM
16753,KIAD,KBOS
16754,KTYS,KDTW
16755,KORD,CYYZ
16756,KFRG,KFOK
16757,KMSP,KMDW
16758,KSNA,KAVX
16759,KDVO,KLGB
16760,KDCA,KMSP
16761,KBWI,KORD
16762,RCTP,RJFF
16763,KGSO,KATL
16764,CYYC,CJL5
16765,NZCH,NZWN
16766,KSEA,93WA
16767,VT48,KTEB
16768,KLAX,KLAS
16769,KSFO,KSEA
16770,NZTG,NZAR
16771,CA66,KPAO
16772,KBNA,KDEN
16773,KFMH,KBOS
16774,KGEG,KPDX
16775,KIAD,KBNA
16776,KRDU,KPDK
16777,KYKM,61WA
16778,KSMF,KLAS
16779,KDCA,KORD
16780,WA67,KUAO
16781,EDDP,EGGW
16782,EGPH,EIDW
16783,63CN,KPAO
16784,KHHR,KL70
16785,CYVR,KSFO
16786,KCMA,KVNY
16787,LPPT,LPPD
16788,KHPN,KTEB
16789,KRNM,KMYF
16790,KSNA,KVNY
16791,KSAN,KPHX
16792,1WA9,KBFI
16793,KDAL,KSTL
16794,KMSP,KATL
16795,KOAK,KSTS
16796,KDEN,KPHX
16797,KPDX,KOAK
16798,KC83,KRHV
16799,LFPG,EDDP
16800,KEMT,KCMA
16801,K2W6,KCGE
16802,KCMA,KWHP
16803,OR38,OR28
16804,KLAX,KOAK
16805,KCHD,KSEZ
16806,KDTW,KBOS
16807,KRVS,KMKO
16808,KMDT,KPGD
16809,RCTP,VHHH
16810,KSDF,CYHM
16811,CYYZ,CYUL
16812,KAPC,KCRQ
16813,KSNA,KEMT
16814,KDFW,KTUL
16815,KLAS,KOAK
16816,KATL,KLGA
16817,KROC,KORD
16818,KSTL,KHOU
16819,KDEN,KSFO
16820,KTPA,KCVG
16821,KPDX,KSEA
16822,KDEN,KDAL
16823,WA35,KPAE
16824,KRVS,KGCM
16825,KDFW,KBNA
16826,KCRQ,KSNA
16827,KHPN,KMMU
16828,KPAO,CA66
16829,KTPA,KATL
16830,KBED,KLWM
16831,KONT,KSJC
16832,KCRQ,KLGB
16833,KCMH,KMDW
16834,KBUF,KBWI
16835,KSEA,KPDX
16836,CZBB,CYCW
16837,KDFW,KTPA
16838,EDDP,ESSA
16839,SBVT,SBKP
16840,KPAE,KLAS
16841,LEMG,LEBL
16842,KTPA,KSTL
16843,KBOS,CYYZ
16844,KDFW,KCVG
16845,KMTN,KBWI
16846,KIAD,3NK5
16847,KMDT,KORD
16848,KORD,KDFW
16849,KMIA,KATL
16850,KDEN,KMDW
16851,KCOS,KORD
16852,MU65,KSTL
16853,KCLE,35MN
16854,KVNY,KSBP
16855,KPHL,KORD
16856,KDEN,KLAX
16857,KDFW,KORD
16858,KOAK,KLVK
16859,KTPA,KATL
16860,KMDW,KBNA
16861,CYYZ,CYOW
16862,KHSV,KORD
16863,KPWT,KBLI
16864,71KY,KMDW
16865,KOPF,KFXE
16866,KLAS,KDFW
16867,KDFW,KIAH
16868,21XS,KIWS
16869,KPDX,KLAX
16870,KCMH,KDTW
16871,KIAD,KALB
16872,KIAD,KBED
16873,NZWN,NZCH
16874,OEDF,OERK
16875,KHPN,KPOU
16876,KLAX,KSFO
16877,LFBD,EGCC
16878,KRDU,KDTW
16879,KSFO,KLAX
16880,LFRS,LFBO
16881,KBWI,KFLL
16882,KATL,KBNA
16883,KSNA,KSDL
16884,KHIO,K7S5
16885,KISP,KBWI
16886,KTEB,KHPN
16887,KEWR,KDTW
16888,KPAE,61WA
16889,KATL,KHOU
16890,KIND,KBWI
16891,KHOU,KDFW
16892,KSBD,KTOA
16893,KDFW,KTYS
16894,KE16,KRHV
16895,KBFI,KFHR
16896,KPAE,KBFI
16897,KBMI,KATL
16898,KTPA,KBWI
16899,KSPB,KTTD
16900,KPDX,KBFI
16901,KEWR,KORD
16902,KIAD,06VA
16903,KLAX,KLAS
16904,KFAY,KATL
16905,PAMR,PABG
16906,2LL2,KORD
16907,KIAH,KFLL
16908,KDFW,KSTL
16909,KMYF,KTOA
16910,KLAX,KPHX
16911,KGEG,KOAK
16912,KDTW,KEWR
16913,KCHD,KFFZ
16914,KDEN,KLAX
16915,KOMA,KSTL
16916,KATL,KORD
16917,KHPN,03NY
16918,KIAD,KPHL
16919,KMDW,KHOU
16920,SDCO,SBMT
16921,KMRB,KFDK
16922,4CA8,KHWD
16923,KTCY,KSQL
16924,NZTG,NZWN
16925,KSNA,KONT
16926,KATL,KBNA
16927,KDTW,KBOS
16928,KSGR,KDAL
16929,KTUL,KDFW
16930,KDTW,KCLT
16931,KIXD,SN59
16932,KIAD,KDTW
16933,17CO,KBJC
16934,KRYN,KSFO
16935,CYYJ,CYVR
16936,KDEN,KLAS
16937,KPHL,KDTW
16938,KATL,KTYS
16939,KAVX,KLGB
16940,PAMR,PABG
16941,KLAX,KSFO
16942,KLGA,KMDW
16943,KCMH,KORD
16944,KISP,KTEB
16945,KHWD,KC83
16946,KIAD,KROC
16947,KLVK,KRHV
16948,NZWN,NZRI
16949,KSMF,KSNA
16950,KDTW,KORD
16951,PANC,40AK
16952,CYXE,CJL5
16953,CNV9,CYYZ
16954,KPHL,KMDW
16955,KSNA,KLAS
16956,KSDF,KORD
16957,KSEA,KSFO
16958,KHWD,KE16
16959,KSFO,KSEA
16960,KRDU,KORD
16961,KIAD,KORF
16962,KCLE,KBWI
16963,KBNA,KHOU
16964,KDEN,KDFW
16965,KMDT,KDTW
16966,KECP,KBNA
16967,KABQ,KIAH
16968,KDAL,AL40
16969,KVNY,KSAN
16970,KATL,KIAH
16971,NZAA,NZGB
16972,KSMF,KLAX
16973,KORF,KORD
16974,KPWK,KMDW
16975,KLAS,KONT
16976,KPNS,KMIA
16977,KMKE,KATL
16978,KMVY,KBED
16979,KMDW,KBWI
16980,KIAD,KORD
16981,KCMA,KPOC
16982,KHOU,KDAL
16983,KPHX,KLAX
16984,KIAD,KBKL
16985,KALB,KORD
16986,KSAT,KBNA
16987,KLZU,KVPC
16988,KDFW,KVPS
16989,KIAD,KCMH
16990,KLAS,KPHX
16991,KHHR,KCRQ
16992,KSEA,93WA
16993,KECP,KIAH
16994,KDFW,KCOS
16995,KLDJ,KHPN
16996,KMKC,KDAL
16997,OEDF,OERK
16998,KATL,KAFW
16999,KHWV,KFRG
17000,54OK,KRVS
17001,KSMF,KSAN
17002,KDCA,KCMH
17003,KBOS,KPHL
17004,WA09,KPAE
17005,KSNA,KCRQ
17006,KSDF,KDTW
17007,CYYZ,KORD
17008,KRDU,KATL
17009,KSAN,KLAS
17010,KMAN,KS67
17011,KMCI,KIAH
17012,KIND,KIAD
17013,KIAH,KDEN
17014,RJFF,RJTT
17015,KBOI,KSEA
17016,KLVK,63CN
17017,K1G4,KLAS
17018,KSEA,KBOI
17019,RPLL,VHHH
17020,KORD,KDCA
17021,KJFK,KBUF
17022,KALB,KBWI
17023,K36U,KSDL
17024,KBWI,KATL
17025,7OH2,KORD
17026,KJYO,3VA7
17027,KBNA,KDAL
17028,LEIB,LEPA
17029,KRDU,KLGA
17030,KFLL,KATL
17031,KTPA,KHOU
17032,KSFO,KLAX
17033,KPHL,KORD
17034,KJNX,KRDU
17035,KATL,KIAH
17036,RJFF,RJTT
17037,KIAD,KBUF
17038,CYSN,CNQ3
17039,KALB,KDTW
17040,KBWI,KORD
17041,KGRB,KDTW
17042,KHIO,KKLS
17043,KDFW,KTYR
17044,KBNA,KATL
17045,KBUF,KMDW
17046,KSDF,KBWI
17047,KRDU,KTDF
17048,80WA,KPAE
17049,KPAE,WA09
17050,KVPS,KIAH
17051,KBFI,61WA
17052,KBLI,KBVS
17053,KATL,KSDF
17054,KSYR,KDTW
17055,KATL,KJFK
17056,ESSA,UUWW
17057,KAVX,KMYF
17058,WMKK,WSSS
17059,KIAD,KMDT
17060,CYUL,CYYZ
17061,KLAS,KBUR
17062,RJFF,RJTT
17063,KATL,KRSW
17064,KCLE,KORD
17065,KDAL,AL40
17066,EDDP,ENGM
17067,KATL,KMCI
17068,KLAX,KSJC
17069,KBLI,KBFI
17070,EDDK,EGNX
17071,KAUS,KBNA
17072,KATL,KDTW
17073,KRHV,KWVI
17074,KLGA,KCMH
17075,KLAX,KBOI
17076,KBNA,KTPA
17077,KIAD,KCVG
17078,LIRF,LFPG
17079,KIAD,KRDU
17080,RJAA,RJFF
17081,54OK,KRVS
17082,KEDU,KSAC
17083,KLVK,KAPC
17084,EDDP,EKCH
17085,KLAX,KABQ
17086,KMSN,KDTW
17087,KPHL,KORF
17088,KDAY,KCVG
17089,KLAS,KSFO
17090,KHSV,KIAH
17091,KSJC,KLAS
17092,KIAD,KSDF
17093,KROC,KDTW
17094,KSEA,KPDX
17095,KPAE,WA09
17096,KSTS,KSEA
17097,KBNA,KIAH
17098,KORS,KRNT
17099,KLGA,KATL
17100,CYCD,CYVR
17101,KORD,KRAC
17102,KADS,KGVT
17103,KATL,KROC
17104,KTTN,23PA
17105,KGPH,KMKC
17106,K9A1,KPDK
17107,RJBB,RJFF
17108,KCVG,KORD
17109,EGSS,EDDK
17110,KDAL,KHOU
17111,KFOK,KFRG
17112,KATW,KDTW
17113,KDFW,KATL
17114,KSFO,KLAS
17115,KLAS,KABQ
17116,KDEN,KTUL
17117,KATL,KDFW
17118,KIWA,KSJC
17119,KIAD,KEWR
17120,KATL,KIAD
17121,KONT,KDEN
17122,KLGB,KSMF
17123,NZCH,NZWN
17124,KCLE,KATL
17125,KCCR,KSNA
17126,KIND,KDTW
17127,KADS,KAFW
17128,KBNA,KDTW
17129,KPGV,KRWI
17130,EDDP,EPKT
17131,KJYO,61VA
17132,KSNA,KSFO
17133,KDAL,KBNA
17134,WV21,KFDK
17135,YMEN,YKTN
17136,KSMF,KLAX
17137,RCTP,VHHH
17138,KBUR,KSFO
17139,KFUL,KAVX
17140,KLAS,KPHX
17141,KLAF,KCFJ
17142,KDCA,KBNA
17143,2IN0,KATL
17144,4GA9,KPDK
17145,KPNS,KDFW
17146,KASH,KBOS
17147,KFCH,KVIS
17148,KMSN,KORD
17149,KIAD,KORF
17150,KTUL,KIAH
17151,KSEA,CYVR
17152,KPHX,KOAK
17153,KDFW,KOMA
17154,KLAS,KBUR
17155,KLVK,KPAO
17156,KSYR,KORD
17157,KBWI,KDTW
17158,KATL,KBKL
17159,KONT,KPHX
17160,KBED,KLWM
17161,KATL,KPHL
17162,KIAD,7PS7
17163,KJVY,KLOU
17164,KDCA,KORD
17165,KL70,KVNY
17166,KMDW,KBUF
17167,KEMT,KTOA
17168,EDDP,LIPZ
17169,KLAS,KSFO
17170,CYUL,CYYZ
17171,KAVX,KSMO
17172,KBDU,KGXY
17173,KIAD,KPVD
17174,KWVI,KPAO
17175,KMKC,KPDK
17176,KSNA,KPHX
17177,KATL,KORD
17178,KLOM,KLNS
17179,KDCA,KDTW
17180,49NY,KFRG
17181,KIAD,KATL
17182,KBUF,KDTW
17183,KPDX,KSFO
17184,KTYS,KATL
17185,KHWV,KFRG
17186,YRED,YBAF
17187,KBNA,KORD
17188,KLAS,KBUR
17189,RJTT,RJBB
17190,KOMN,KDAB
17191,KMO6,KCPS
17192,KBOS,KBWI
17193,KPVU,KIWA
17194,KRSW,KATL
17195,NZRO,NZWN
17196,KATL,1AL8
17197,KLVK,KSAC
17198,KLGB,KLAS
17199,KRYY,4GA9
17200,KPAE,61WA
17201,KGEG,KSEA
17202,KSBA,KSMO
17203,KLAS,KSNA
17204,KOAK,KSAC
17205,KSTL,KORD
17206,KRDU,KEWR
17207,KBOI,KOAK
17208,CZBB,CYYJ
17209,KLAX,KSJC
17210,25CL,KMHR
17211,CBQ2,CZBB
17212,KPHX,KBUR
17213,KPHL,CYYZ
17214,KSDL,KAPA
17215,KPDX,KOAK
17216,KATL,KMDT
17217,KDFW,KHSV
17218,KHAF,KHWD
17219,GA00,KD73
17220,KSBP,KSFO
17221,KIAD,KTYS
17222,KLVN,KFCM
17223,KFFC,64GA
17224,YMML,YMHB
17225,KORD,KATL
17226,KRDU,KBWI
17227,KHIO,KPAE
17228,WT44,KHIO
17229,CYYZ,CYOW
17230,KPHL,KBKL
17231,KBOI,KPDX
17232,KIAD,0PA6
17233,KPRB,KCMA
17234,KMYF,KTOA
17235,KORD,KDTW
17236,KATL,KSTL
17237,KTKI,KGLE
17238,KPDX,KSEA
17239,KSEA,KSMF
17240,KIAD,KLGA
17241,1WA9,KBFI
17242,WN51,KBVS
17243,KBWI,KATL
17244,KPAE,KPWT
17245,YMML,YSCB
17246,WT44,KHIO
17247,KTEB,KLOM
17248,KPHL,KDTW
17249,RJTT,RJFF
17250,KBFI,WT77
17251,LFML,LMML
17252,RJFF,RJOO
17253,RJTT,RJOM
17254,KPDX,KSJC
17255,KBWI,KBOS
17256,KSTL,KDFW
17257,KPSP,KPHX
17258,KRDU,KTDF
17259,KSBD,KTOA
17260,KBOS,KMVY
17261,RJBB,RJTT
17262,KIAD,KATL
17263,RJFF,RJTT
17264,KATL,KSRQ
17265,YSSY,YMAY
17266,KSTL,KMSP
17267,KBNA,KDFW
17268,KIND,KATL
17269,KDFW,KABQ
17270,KBUR,KSBP
17271,KMCI,KMSP
17272,KSAT,KIAH
17273,KDCA,KLGA
17274,KWVI,KLVK
17275,KORD,KDTW
17276,KEWR,KRDU
17277,KBFI,KPWT
17278,KIZA,KSBA
17279,SBVT,SBGR
17280,CYYC,CYVR
17281,KDWH,K9X1
17282,KLAS,KLAX
17283,KISP,KHWV
17284,KATL,KDCA
17285,KPHL,KMDT
17286,KBFI,4WA9
17287,KEWR,CYYZ
17288,KJVY,KLOU
17289,CAT4,CZBB
17290,KOAK,KBUR
17291,KTPA,KFLL
17292,KBUR,KSJC
17293,YSSY,YSWG
17294,KRDU,KATL
17295,RJTT,RJOO
17296,KCRQ,KSEE
17297,KPSP,KSMO
17298,KEWR,KBOS
17299,KSDF,KATL
17300,YOLD,YPAD
17301,KE16,KRHV
17302,WN13,KBFI
17303,RJTT,RJFF
17304,KSMF,KLGB
17305,KSAN,KFAT
17306,RJBB,RJAA
17307,KIXD,SN59
17308,KOAK,KLVK
17309,KRVS,40OK
17310,KFCM,88MN
17311,YCVG,YPPF
17312,KPSP,KSFO
17313,KBOS,KTEB
17314,KEMT,KCNO
17315,KOAK,KSAN
17316,KFFZ,KP13
17317,SBRJ,SBGR
17318,KDFW,1MU0
17319,RJTT,RJOM
17320,KFRG,KHWV
17321,KATL,KRDU
17322,KLAX,KSTS
17323,KVNY,KSNA
17324,KPNS,KIAH
17325,LIPE,LIRF
17326,KIXD,SN59
17327,RJOO,RJTT
17328,KAPA,KU42
17329,KSNA,KRNM
17330,KATL,KCMH
17331,RJOA,RJTT
17332,KSDL,KSNA
17333,KLAS,KLAX
17334,KO69,KOAK
17335,KLOU,59KY
17336,KSAN,KPHX
17337,KWVI,KPAO
17338,KVNY,KSJC
17339,61VA,KJYO
17340,KSFO,KBUR
17341,EDDK,LFPG
17342,KMSP,KORD
17343,KMKE,KORD
17344,RJOO,RJTT
17345,EGNX,EDDP
17346,61VA,KJYO
17347,KEWR,KDCA
17348,KRNT,KFHR
17349,KOAK,KLAX
17350,KTPA,KATL
17351,KORD,KSGS
17352,KLVN,KFCM
17353,KSMF,KONT
17354,KPHL,VT22
17355,KTVL,KFAT
17356,KSTL,KBKL
17357,KDAL,KMCI
17358,OBBI,OMDB
17359,KSNA,KLAS
17360,KDFW,KIAH
17361,KLGB,KSEE
17362,KOMA,35MN
17363,SBRJ,SBKP
17364,ESSB,ESSN
17365,KCMH,KORD
17366,KSDF,KORD
17367,KPHL,KRDU
17368,4CA2,KPAO
17369,KDFW,KMCI
17370,KHPN,03NY
17371,KBUF,KORD
17372,KCMH,KATL
17373,NZHN,NZWN
17374,KTEB,CYYZ
17375,KCOS,KBJC
17376,KDAY,KORD
17377,KATL,KTPA
17378,WA07,KPAE
17379,KBED,KBVY
17380,KBOS,KBWI
17381,KFUL,KPOC
17382,KCRQ,KSMO
17383,KLZU,KPDK
17384,KLAS,KLAX
17385,CA66,KPAO
17386,KRDU,KTDF
17387,KPHL,KFAF
17388,KONT,KSFO
17389,KDEN,KU42
17390,KBOS,KMSS
17391,WA09,KPAE
17392,KPHX,KBUR
17393,CYYZ,CYUL
17394,KESW,KS50
17395,24PA,KBOS
17396,KMSN,35MN
17397,CZBB,CYPK
17398,WA67,KUAO
17399,KCRQ,KSNA
17400,KSMO,KAVX
17401,KBLI,KSEA
17402,KDTW,KORD
17403,96WA,KBLI
17404,KVNY,KSBP
17405,KCLE,KDTW
17406,KWVI,KRHV
17407,KPAO,KHWD
17408,KPHX,KONT
17409,KSEA,35OR
17410,K3C8,KFRG
17411,KLNS,KLOM
17412,KXLL,7PN0
17413,CYYZ,KLGA
17414,KMCI,KMDW
17415,KATL,KTPA
17416,KVIS,KSNS
17417,KORD,35MN
17418,CZBB,CBQ2
17419,EGNX,EDDK
17420,KPNS,KATL
17421,KBOS,KPHL
17422,UUDD,ULLP
17423,KFAT,KLAS
17424,CYUL,CNV9
17425,KECP,KBNA
17426,KGHG,KBED
17427,KCRQ,KF70
17428,YSSY,YSWG
17429,YWSL,YBNS
17430,KORD,KATW
17431,KSAN,KSJC
17432,KLAX,KPHX
17433,KSJC,KSAN
17434,KBNA,KSTL
17435,49NY,KHPN
17436,WN51,KFHR
17437,KDTW,KCVG
17438,KSNA,KFAT
17439,OMSJ,OBBI
17440,KABQ,KPHX
17441,KAVX,KCRQ
17442,KORD,KMKE
17443,YSSY,YMAY
17444,KDCA,KPVD
17445,YSLT,YMES
17446,KPHL,KBOS
17447,KF70,KMYF
17448,KONT,KLAS
17449,YSLT,YMES
17450,KSNA,KLAS
17451,KI74,KI69
17452,KMSN,KORD
17453,KAUS,KDFW
17454,49NY,KHPN
17455,K1T7,9TX5
17456,RJOO,RJFF
17457,KHOU,KDAL
17458,KCLE,KORD
17459,KLAS,KVNY
17460,KBFI,4WA9
17461,KCRQ,KVNY
17462,KAUS,KDAL
17463,KSAT,KDFW
17464,1WA9,KBFI
17465,KMSN,KSGS
17466,OBBI,OERK
17467,4MD8,KFDK
17468,LPPT,LPFR
17469,WN61,6ID1
17470,KESW,KS50
17471,KSTL,KBNA
17472,KEWR,7PS7
17473,KAUS,KIAH
17474,KGCM,KRVS
17475,KORD,KCMH
17476,KK52,KSTL
17477,KSMO,KCMA
17478,KBUR,KSFO
17479,KHPN,KTEB
17480,KAVX,KLGB
17481,CYYC,CYXE
17482,KORD,KSTL
17483,KPHX,KSAN
17484,KBDU,9CO7
17485,KAPC,KLVK
17486,KSMO,KSBA
17487,KDAL,KHOU
17488,KBOS,KLGA
17489,7OI9,KOSU
17490,KORD,KMSN
17491,61WA,KBFI
17492,KBWI,KJFK
17493,KRKP,KT69
17494,KBVS,KBLI
17495,KSAT,KHOU
17496,CYVR,CYGB
17497,16MI,KORD
17498,KRVS,KOKM
17499,KSTL,KMDW
17500,KBFI,KFHR
17501,KCMA,KLGB
17502,KPRB,KSBP
17503,LIEE,LIRF
17504,K9A1,KPDK
17505,KDCA,KLGA
17506,KRVS,OK13
17507,KBFI,KFHR
17508,KHWV,03NY
17509,KAUS,KHOU
17510,YSCB,YSSY
17511,KBLI,KBVS
17512,NY96,KSYR
17513,KTDF,KRDU
17514,KHWV,KISP
17515,KOPF,KFXE
17516,KPHL,KALB
17517,RJTK,RJOO
17518,KPWT,KBFI
17519,KRYY,KVPC
17520,KUAO,KS21
17521,KBLI,KBVS
17522,WMSA,WMKJ
17523,GA00,KD73
17524,KJYO,61VA
17525,YPPF,YCVG
17526,KUAO,K7S9
17527,KSNA,KVNY
17528,KLAS,KONT
17529,KMKO,KRVS
17530,KPHL,90VA
17531,KATL,SC32
17532,KFOK,KHPN
17533,KCMA,KVNY
17534,KMSN,KJVL
17535,KMVY,KBOS
17536,CYYJ,CZBB
17537,PANC,40AK
17538,KPDX,KSEA
17539,KD98,KPTK
17540,K2W6,KCGE
17541,PAMR,PABG
17542,KE16,KPAO
17543,3OK8,KRVS
17544,KMIA,KFXE
17545,CA66,KPAO
17546,KPHX,KRYN
17547,KBOS,KPYM
17548,KMGW,WV65
17549,WA68,KBLI
17550,KFRG,49NY
17551,KAPC,KLVK
17552,PAMR,8AK6
17553,PANC,6AK3
17554,KMGW,WV65
17555,KSTL,44IS
17556,KSQL,CA66
17557,KCFJ,KLAF
17558,KSBP,KPRB
17559,03CO,KBJC
17560,49NY,KHPN
17561,KSEE,CA75
17562,KAWO,KPAE
