Index,Source,Target
1,KJFK,VHHH
2,KORD,EDDF
3,WSSS,LIMC
4,KORD,YSSY
5,RCTP,KJFK
6,YSSY,OMDB
7,YPPH,EGLL
8,WSSS,KSFO
9,KCVG,RKSI
10,YMML,OTHH
11,EHAM,SPJC
12,RCTP,CYYZ
13,KJFK,RKSI
14,YSSY,OTHH
15,EBLG,VHHH
16,EDDF,VHHH
17,RCTP,EHAM
18,VHHH,OMDB
19,OTHH,KJFK
20,KLAX,RKSI
21,KDFW,RKSI
22,SBKP,KMIA
23,OTHH,YMML
24,RPLL,KLAX
25,EDDF,KSFO
26,EDDF,RKSI
27,LEMD,SPJC
28,EGLL,VHHH
29,VHHH,EHAM
30,VHHH,KLAX
31,LFPG,RJBB
32,OMDB,LFPG
33,KLAX,RKSI
34,RCTP,KLAX
35,FAOR,WSSS
36,RKSI,KLAX
37,OMDB,YSSY
38,KJFK,VHHH
39,YPPH,OMDB
40,RCTP,OMDB
41,RKSI,KLAX
42,KSFO,WSSS
43,YPPH,OTHH
44,RKSI,KLAX
45,LEMD,SKBO
46,RJBB,OMDB
47,EGLL,KLAX
48,RKSI,OMDB
49,PANC,VHHH
50,VHHH,LTBW
51,EFHK,VHHH
52,VHHH,EBLG
53,UUEE,KLAX
54,RCTP,KLAX
55,KLAX,VHHH
56,LSZH,VHHH
57,WSSS,LIMC
58,RKSI,OTHH
59,KORD,KSFO
60,PANC,VHHH
61,WSSS,LTBW
62,KIAD,KDEN
63,KIAD,OMDB
64,RKSI,LTBW
65,RCTP,CYVR
66,EGLL,KLAX
67,RCTP,KSFO
68,RKSI,EHAM
69,RCTP,KSFO
70,RPLL,OMAA
71,WSSS,NZCH
72,RCTP,LTBA
73,RCTP,KLAX
74,VHHH,EDDF
75,WSSS,EGLL
76,RCTP,KLAX
77,RPLL,OMDB
78,VHHH,YSSY
79,RCTP,KSEA
80,RPLL,OTHH
81,VHHH,YMML
82,WSSS,EDDF
83,RCTP,CYVR
84,EGLL,KORD
85,RKSI,OTHH
86,VHHH,EDDF
87,VHHH,OMDW
88,LEMD,KMIA
89,RCTP,LFPG
90,VHHH,EGLL
91,RJTT,EDDF
92,FACT,OTHH
93,OMDB,RPLL
94,RKSI,PANC
95,WSSS,EHAM
96,VHHH,EGLL
97,FACT,EDDF
98,KEWR,VIDP
99,WSSS,LFPG
100,FACT,OMDB
101,EDDF,RKSI
102,RCTP,EHAM
103,VHHH,PANC
104,PANC,RKSI
105,KORD,RKSI
106,OTHH,WMKK
107,SPJC,KLAX
108,RKSI,UUEE
109,WSSS,EKCH
110,71KY,OBBI
111,RCTP,EDDF
112,KDFW,RKSI
113,EGLL,VIDP
114,KLAX,EBLG
115,KDEN,KSFO
116,WMKK,EGLL
117,VHHH,OTHH
118,SPJC,KLAX
119,WSSS,YBBN
120,KATL,RKSI
121,VHHH,UUEE
122,WSSS,EHAM
123,KSEA,RCTP
124,EDDP,VHHH
125,RKSI,EDDF
126,RCTP,PANC
127,VHHH,EDDF
128,WSSS,EGLL
129,EGLL,KIAD
130,UUEE,VHHH
131,KORD,RKSI
132,WSSS,OMDB
133,OTHH,YMML
134,OTHH,YPAD
135,WMKK,OMDB
136,OTHH,WSSS
137,EGLL,CYYZ
138,KDTW,RKSI
139,RKSI,KSFO
140,WSSS,LSZH
141,VHHH,EHAM
142,KORD,ELLX
143,VHHH,OMDB
144,VHHH,EGLL
145,OMDW,VHHH
146,KLAX,RKSI
147,KSFO,VIDP
148,VHHH,EGLL
149,EGLL,RPLL
150,OTHH,YSSY
151,KJFK,RKSI
152,WSSS,RKSI
153,KJFK,RKSI
154,EGLL,VHHH
155,EHAM,OMDB
156,WSSS,OMAA
157,EGLL,KJFK
158,WSSS,LTBW
159,RKSI,PANC
160,PANC,RKSI
161,EHAM,OTHH
162,PANC,RKSI
163,SBGR,KMIA
164,KJFK,PANC
165,LFPG,RJTT
166,EDDF,KORD
167,WMKK,OMAA
168,WSSS,OTHH
169,PANC,RJBB
170,KDFW,PANC
171,PANC,RJBB
172,EGLF,OMDB
173,EGLL,VIDP
174,CYYZ,VIDP
175,PANC,RKSI
176,WMKK,OTHH
177,EDDF,VOBL
178,VABB,KEWR
179,KLAX,RCTP
180,EGLL,VHHH
181,KFLL,KLAX
182,EDDK,KSDF
183,VIDP,LTBW
184,KORD,VIDP
185,KLAX,RKSI
186,KJFK,PANC
187,RCTP,EDDF
188,OTHH,RPLL
189,VIDP,KEWR
190,EDDF,KORD
191,ENGM,OTHH
192,EGLL,WSSS
193,KATL,RKSI
194,KSFO,RKSI
195,ESSA,OTHH
196,KMIA,UUEE
197,EBBR,OTHH
198,PANC,VHHH
199,KSFO,RCTP
200,OMDB,LIMC
201,KBWI,KLAX
202,CYYZ,CYVR
203,KLAX,YSSY
204,SPJC,LEMD
205,LFPG,RKSI
206,VHHH,PANC
207,EINN,KORD
208,SBGR,EGLL
209,KTPA,KPHX
210,RKSI,EHAM
211,KPHL,KLAS
212,KLAX,RKSI
213,EDDF,OMDB
214,RKSI,PANC
215,PANC,KPHX
216,KBWI,KOAK
217,KATL,KSFO
218,ELLX,OMDW
219,KORD,VHHH
220,KORD,PANC
221,RKSI,LOWW
222,UUEE,RKSI
223,KSFO,KMIA
224,LSZH,CYYZ
225,EDDF,VIDP
226,SBGL,LFPG
227,CYVR,YSSY
228,KBWI,KSAN
229,EDDF,SBGR
230,KSEA,KBOS
231,KLAX,KJFK
232,EHAM,KORD
233,RJBB,KOAK
234,EGLL,OMDB
235,SPJC,KMIA
236,LIRF,VIDP
237,VOBL,OBBI
238,OMDB,VHHH
239,LPPT,KEWR
240,SBGR,LFPG
241,KDTW,KLAS
242,VIDP,VHHH
243,PANC,KORD
244,CYYC,CYYZ
245,MROC,KIAD
246,KOAK,KHPN
247,PANC,RKSI
248,VABB,KEWR
249,CYVR,VHHH
250,YSSY,YPPH
251,WSSS,VIDP
252,KORD,KSNA
253,KSTL,KSEA
254,KEWR,KPHX
255,EHAM,RKSI
256,KSEA,KJFK
257,VGTJ,OMSJ
258,CYVR,CYYZ
259,KSEA,KATL
260,CYVR,CYYZ
261,VABB,VHHH
262,LFPG,RKSI
263,EGLL,RKSI
264,EGLL,OTHH
265,KEWR,KLAX
266,KORD,KSFO
267,KLAX,RJTT
268,UUDD,OMDB
269,KMSP,KSFO
270,KATL,KSMF
271,KDFW,KSEA
272,KORD,KLAX
273,KSEA,KDTW
274,VOBL,WSSS
275,KPHL,TJIG
276,KATL,SKMA
277,KLAX,RKSI
278,KORD,KSMF
279,KATL,KLAX
280,EDDK,VHHH
281,KLAX,NTAA
282,EGLL,WSSS
283,KORD,OMDB
284,EDDF,SBGR
285,KSAN,KJFK
286,KSEA,KORD
287,OMDW,VHHH
288,EHAM,WSSS
289,KSFO,KBOS
290,CYYC,CYYZ
291,VIDP,EDDM
292,KVNY,KTEB
293,SKBO,KMIA
294,EDDK,KSDF
295,KLAS,KMIA
296,VABB,EDDF
297,KLAX,KMDW
298,KATL,KPDX
299,KPHX,KMIA
300,RJTT,RCSS
301,KMSP,KSTL
302,KLAX,KATL
303,EGLL,SBGR
304,LSZH,SBGR
305,KOMA,KSEA
306,KSEA,KDFW
307,OERK,WMKK
308,MROC,KATL
309,SBGR,OMDB
310,KJFK,KLAX
311,KLAS,KATL
312,EHAM,CYYZ
313,KDEN,KFLL
314,UUWW,UNEE
315,TJSJ,KEWR
316,KLAX,KEWR
317,KATL,UT13
318,VHHH,YSSY
319,TBPB,CYYZ
320,TJSJ,KATL
321,EHAM,VHHH
322,EGLL,OMDB
323,KPHX,KATL
324,LFPG,RKSI
325,SBKP,KMIA
326,KJFK,EDDF
327,PANC,VHHH
328,ENGM,OTHH
329,CYVR,CYYZ
330,LFPG,OMDB
331,EDDF,RKSI
332,EGLL,VHHH
333,KLAS,KJFK
334,KSEA,KATL
335,SBGL,LPPT
336,VIDP,KIAD
337,VABB,EGLL
338,KSFO,KEWR
339,KSDF,PANC
340,CYHM,CYYC
341,VABB,EGLL
342,KATL,EHAM
343,KIAH,KLAX
344,EDDF,OTHH
345,EGLL,CYYZ
346,KOAK,KMDW
347,KDFW,9CA0
348,OTHH,LIMC
349,LFPG,OTHH
350,EGLL,OMDB
351,KEWR,MROC
352,LSZH,OMDB
353,CYVR,RKSI
354,KMSP,KLAS
355,KPHL,KDEN
356,KTUL,KLAX
357,KMSP,KLAX
358,PANC,RKSI
359,KDAL,KOAK
360,EGLL,OMSJ
361,EGSS,KSDF
362,VIDP,KJFK
363,VOMM,OTHH
364,KMIA,KORD
365,KLGA,KDEN
366,VIDP,EGLL
367,KLAX,KEWR
368,VHHH,EDDF
369,ZGSZ,PANC
370,KSFO,KJFK
371,KJFK,KSFO
372,KEWR,KDEN
373,CYHM,CYYC
374,KPSP,CYYC
375,OERK,RPLL
376,CYVR,CYOW
377,SKBO,KMIA
378,VIDP,KORD
379,CYVR,CYUL
380,OTHH,VOMM
381,KATL,KSAN
382,KSEA,KMSP
383,EDDF,UUDD
384,KEWR,EKCH
385,KBNA,KHOU
386,EGLL,SBGR
387,KEWR,LLBG
388,KRSW,KMDW
389,VABB,VIDP
390,KSAN,KFLL
391,VABB,OTHH
392,VOMM,OTHH
393,KIAH,KLAS
394,KMSP,PANC
395,KATL,KLAS
396,LPFR,EIDW
397,KLAS,KJFK
398,PANC,RJBB
399,KBNA,KLAS
400,KSNA,KSEA
401,KSEA,EHAM
402,VABB,OMAA
403,KJFK,LLBG
404,KDEN,KMIA
405,LTFJ,OTHH
406,KBNA,KLAX
407,KLGA,KMIA
408,VHHH,YMML
409,KLAX,EHAM
410,KPHX,CYYC
411,PANC,KORD
412,KRSW,KDEN
413,KORD,KMIA
414,KMSP,KSAT
415,KBWI,KLAS
416,KAUS,KSAN
417,KFLL,KDEN
418,KMDW,KFLL
419,KLAS,KMDW
420,KBWI,KSAT
421,VIDP,VHHH
422,KMSP,KSFO
423,YMML,VHHH
424,KLAS,KIAD
425,KCLE,KRSW
426,KLAX,KBNA
427,KPHX,KSEA
428,KISM,KDEN
429,SKBO,KFLL
430,VHHH,VIDP
431,KPHX,KIAD
432,KMSP,KPHX
433,KSMF,KJFK
434,KORD,PANC
435,KLAX,KFLL
436,CYVR,NTAA
437,05IN,KPHX
438,KATL,KSEA
439,SBBR,SBSP
440,KLAX,KPDX
441,EHAM,RCTP
442,KMDW,KTPA
443,PANC,KMIA
444,KVNY,KOPF
445,UUEE,OMDB
446,KMSP,KSAN
447,RKSI,EDDP
448,KMSP,KSEA
449,KDTW,KLAS
450,KLAS,KMCI
451,KFLL,KBOS
452,KMSP,KLAX
453,CYYZ,EDDF
454,VGZR,OTHH
455,OMDB,LFPG
456,KPDX,KSNA
457,KSAN,KIAD
458,VIDP,EGLL
459,KFLL,KLGA
460,KEWR,KFLL
461,KPHX,KMDW
462,KRIV,KBWI
463,KJFK,KORL
464,OMAA,YMML
465,KSEA,KPHX
466,KMDW,KPHX
467,KATL,KSEA
468,PANC,RJBB
469,KSEA,KDCA
470,SKBO,EHAM
471,KISM,KLAX
472,KDFW,KPHX
473,VIDP,OMSJ
474,KSEA,PANC
475,KTPA,KDEN
476,KLAS,KBFI
477,LPPT,LPPD
478,KLGA,KORD
479,NZAA,YSSY
480,KMIA,KJFK
481,KSDF,PANC
482,VHHH,PANC
483,WMKK,WBKL
484,EGSS,UKBB
485,SKBO,KMIA
486,KSEA,KLAX
487,CYVR,KLAX
488,KAUS,KSJC
489,KDEN,KBKL
490,KTPA,KMKE
491,KSTL,KFLL
492,KSAT,KSEA
493,YMML,WMKK
494,KLAX,EGLL
495,YPPH,YMML
496,VIDP,EDDF
497,UUEE,LEMD
498,VHHH,RKSI
499,KLAS,KORD
500,CYYZ,CYYC
501,KORD,EHAM
502,EGLL,OBBI
503,YMML,YPPH
504,KEWR,KMIA
505,KMDW,KRSW
506,KLAS,KMSP
507,KBOS,LFPG
508,KTUL,KLAS
509,VOBL,OTHH
510,KSAN,KHOU
511,KLAX,RCTP
512,KBNA,KPHX
513,KSTL,KDEN
514,CYYZ,CYVR
515,CYVR,RKSI
516,KIAH,KLAX
517,KTPA,KSTL
518,KSEA,KLAS
519,KLGA,KMDW
520,KSAN,KBOS
521,KSTL,KRSW
522,KAUS,KLGB
523,OMDB,EDDF
524,KATL,EDDF
525,LLBG,KEWR
526,CYYZ,CYVR
527,SKBO,KMIA
528,KORF,KMIA
529,CYVR,KSFO
530,ESSA,EBLG
531,KDEN,KBNA
532,KMSP,KLAS
533,KTPA,KLAS
534,VIDP,CYYZ
535,KLAX,KPDX
536,YSSY,WSSS
537,SBGR,EHAM
538,KDAL,KAPA
539,VIDP,EHAM
540,KONT,KSEA
541,KAUS,KMDW
542,KMDW,KOAK
543,KSAN,KVUO
544,KSBP,KSEA
545,KLAX,KJFK
546,ZGSZ,ZUCK
547,FACT,EHAM
548,KMIA,KLGA
549,KDAL,KPHX
550,KJFK,LIRF
551,KPDX,KLAX
552,KMIA,SKMA
553,WSSS,VHHH
554,KMDW,KHOU
555,KRDU,KMDW
556,KPDX,KLAS
557,KDEN,KRDU
558,KECP,KHOU
559,KOAK,KPHX
560,KLAX,KORD
561,KDAL,KLAX
562,KBWI,KPHX
563,KLAS,KPDX
564,KMCI,KLAS
565,KBOS,KSFO
566,KMDW,KDAL
567,KSFO,NTAA
568,SKBO,KMIA
569,RCTP,YSSY
570,KLGA,KMIA
571,KDAL,KSDL
572,VABB,OTHH
573,FAOR,EBBR
574,KDEN,KLAS
575,EFHK,WSSS
576,KDFW,KLAS
577,YSSY,YMHB
578,KDAL,KCMH
579,RKSI,PANC
580,WSSS,RPLL
581,KATL,KMDW
582,OTHH,VIDP
583,KBWI,KMCI
584,KPHX,KDAL
585,NZWN,NZNV
586,FAOR,FACT
587,KORD,EDDF
588,KTPA,KEWR
589,KPHX,KBNA
590,KLAX,RCTP
591,KLAS,XS89
592,KFLL,KORD
593,RCTP,KLAX
594,YSSY,YPPH
595,KTPA,KHOU
596,KBWI,KATL
597,KEWR,EKCH
598,KLAS,KMCI
599,LFPG,SBGR
600,KLAX,KTPA
601,ZGSZ,ZUCK
602,KMIA,KATL
603,KFLL,KHPN
604,KLAS,KBNA
605,PANC,KLAX
606,KDEN,KMSP
607,KBWI,KMDW
608,KFLL,KHOU
609,KMSP,KATL
610,KIAD,EDDF
611,KJFK,EHAM
612,KFLL,KACY
613,KCLE,KRSW
614,OTHH,LFPG
615,KMDW,KLAS
616,PANC,KSDF
617,NZHN,NZTE
618,KLAS,KOMA
619,KALB,KMDW
620,ELLX,OMDW
621,KMDW,KLAX
622,KLAX,KFLL
623,UUWW,OMDW
624,SBGR,EDDF
625,KIAD,KDEN
626,KTYS,KDEN
627,RJTT,RJFF
628,KLAS,KSFF
629,KOAK,KSEA
630,PANC,KDFW
631,KSTL,KPHX
632,EKCH,EGNX
633,VHHH,VIDP
634,KSEA,KPHX
635,KCVG,KDEN
636,KDEN,KSMF
637,KORD,EGLL
638,RJTT,RJFF
639,WMKK,WBKK
640,OMDB,KIAD
641,KLAS,KBOI
642,KSEA,KSJC
643,LIPE,EBLG
644,KLAS,KSEA
645,KBNA,KPHL
646,KFLL,KSTL
647,KLAS,KHOU
648,KPUB,KSDL
649,KATL,KMDW
650,KSMF,KSEA
651,KPHL,KMDW
652,SBGR,LPPT
653,KDTW,KATL
654,RKSI,RPLL
655,ENGM,ENBO
656,VABB,OMDB
657,KATL,KHOU
658,PANC,VHHH
659,KBNA,KDAL
660,KATL,KFLL
661,KPDX,KBUR
662,KATL,KDEN
663,KDAL,KSTL
664,KMKE,KLAS
665,LFPG,WSSS
666,LLBG,KJFK
667,KATL,KMIA
668,KORD,EIDW
669,PANC,KSDF
670,SBBR,SBGR
671,EDDP,LIMC
672,KPDX,KLAS
673,NZPM,NZCH
674,YPAD,YSSY
675,EGLL,VHHH
676,KATL,KSYR
677,KDAL,KFLL
678,VIDP,VOBL
679,KFLL,CYUL
680,OMDB,EHAM
681,NZRO,NZCH
682,KHOU,KDEN
683,KBUF,KMDW
684,EDDK,KSDF
685,UAAA,OMDB
686,KATL,KMSP
687,KLAX,KHOU
688,VHHH,EBLG
689,PANC,KORD
690,KBWI,KDAL
691,VIDP,OMDB
692,KSTL,KHOU
693,KIAD,KSFO
694,KHOU,KPHX
695,KJFK,LIRF
696,CYYZ,CYVR
697,KORD,PANC
698,ZGSZ,ZUCK
699,KPHX,KSMF
700,KDCA,KDEN
701,OTHH,KORD
702,KTPA,KDEN
703,KMCI,KHOU
704,KATL,KRSW
705,KBWI,KRSW
706,KATL,KORD
707,KBOS,KLAX
708,KCLT,KMDW
709,CYYZ,EDDF
710,KBNA,KDEN
711,KLAS,KSFO
712,LEMD,OMDB
713,OMDB,VIDP
714,KIWA,KSJC
715,KBWI,KFLL
716,KJFK,KSFO
717,PANC,KDFW
718,KMDW,KSAN
719,KDEN,KOAK
720,EGNX,EDDP
721,SBBR,SBRJ
722,VABB,OTHH
723,KBOS,EIDW
724,NZCH,NZRO
725,RPLC,RCTP
726,KBNA,KMCI
727,OMDB,EGLL
728,KORD,EGLL
729,KATL,EDDF
730,KDEN,KPDX
731,VIDP,KSFO
732,LKPR,EGPG
733,KDAL,AL40
734,OTHH,LTFJ
735,KMCI,KMDW
736,KATL,KDAL
737,KRSW,KCMH
738,KBNA,KDCA
739,KPHX,KHOU
740,VIDP,OMAA
741,SBBR,SBGR
742,YPPH,YPAD
743,KMSP,KRDU
744,KLAS,KBWI
745,CYYZ,EHAM
746,SBGR,EHAM
747,KBNA,KHOU
748,LIPE,EDDP
749,KFLL,KDFW
750,KATL,KU42
751,RJFF,RJTT
752,NZNV,NZCH
753,KRSW,KPHL
754,KLAS,KSTL
755,RCTP,WMKK
756,KSMF,KLAX
757,RKSI,VHHH
758,KLAX,RKSI
759,KATL,KLAS
760,SBBR,SBSP
761,KSFO,KLAX
762,KDEN,KATL
763,MROC,KMIA
764,KATL,KSEA
765,KJFK,KLAX
766,KBOI,KLAS
767,KATL,KBOS
768,KPHX,KSNA
769,LTBA,LIMC
770,KCMH,KFLL
771,SBGR,SBBR
772,OTHH,EDDF
773,EGAA,EGSS
774,LIMC,LFPG
775,KATL,KMKE
776,CYYC,CYVR
777,CYVR,CYYC
778,LLBG,LTBW
779,KDFW,KU42
780,KDEN,KDTW
781,EGSS,EDDP
782,KATL,KDEN
783,PANC,KORD
784,YBBN,YSCB
785,CYYZ,CYYC
786,OTHH,FACT
787,CYYZ,CYXE
788,KATL,KDAL
789,CYUL,EDDF
790,KPHX,KPDX
791,YBBN,YMML
792,KDEN,KLAS
793,KLAS,KBUR
794,LFPG,EDDP
795,RCTP,YSSY
796,CYYZ,CYUL
797,YKEL,YSSY
798,KDEN,KMDW
799,SBGR,LPPT
800,EDDK,EGNX
801,KATL,KROC
802,KSTL,KLAS
803,LIMC,EDDK
804,NZAA,NZCH
805,SKBO,KMIA
806,KCMH,KMDW
807,RJTT,RJFF
808,CYYC,CYXX
809,YBBN,YSCB
810,WMKK,VHHH
811,SBKP,SPJC
812,EGLL,EDDP
813,KDFW,OTHH
814,RJOO,RJFF
815,SBGL,SBGR
816,KATL,KSDF
817,MROC,LEMD
818,KPHX,KSAN
819,KJFK,EIDW
820,YBBN,YPAD
821,RCTP,VHHH
822,UUEE,VHHH
823,EDDP,LIMC
824,KATL,KATW
825,LLBG,EBLG
826,NZWN,NZCH
827,KPDX,KSFO
828,KMSP,EHAM
829,KEWR,KSFO
830,CYYC,CYYJ
831,RPLC,RCTP
832,KLAX,OTHH
833,ULMM,UUEE
834,KSAN,KSJC
835,RJBB,RJTT
836,KSDL,KAPA
837,LFRN,EBLG
838,KBWI,KATL
839,KOMA,KMDW
840,KATL,KIAD
841,RKSI,VHHH
842,KMDW,KSEA
843,KPHX,KSEA
844,EDDP,LZIB
845,CYYZ,RKSI
846,OMDB,VHHH
847,KLAX,LFPG
848,EGNX,EDDP
849,TXKF,KJFK
850,KATL,LFPG
851,KATL,KDFW
852,KTPA,KATL
853,OMDB,YMML
854,EDDV,EDDM
855,RKSI,KDFW
856,KATL,SBGR
857,YSSY,VIDP
858,EDDM,EDDV
859,VOBL,VABB
860,KHOU,KBNA
861,WSSS,YSSY
862,KBOI,KLAS
863,OMDB,VOMM
864,KATL,KMSN
865,YMMB,YLIL
866,KATL,EHAM
867,KORD,PANC
868,CYUL,LFPG
869,NZCH,NZAA
870,LFPG,EDDP
871,OTHH,EGLL
872,NZAA,NZCH
873,ZUCK,ZGSZ
874,YSSY,NZAA
875,KATL,KPHX
876,KLAS,KDFW
877,KSEA,KSFF
878,SBGL,SBBR
879,KATL,KVPS
880,KRDU,KCLT
881,KMIA,SBGR
882,KDEN,KDCA
883,KHOU,KSTL
884,SBVT,SBSP
885,CYUL,CYYZ
886,KAUS,KPDX
887,VABB,LFPG
888,EGNX,EDDP
889,RCTP,VHHH
890,KLAX,KSEA
891,KATL,KEWR
892,KTPA,KLGA
893,KSEA,KBOI
894,EDDS,EDDV
895,NZAA,NZWN
896,OMDB,VHHH
897,KLGB,KSMF
898,KEWR,KSFO
899,KOPF,KTEB
900,KSMF,KBOI
901,KLAX,RJTT
902,KHOU,KDAL
903,EDDP,EKCH
904,KFLL,KBWI
905,KPHX,KSMF
906,PANC,KSDF
907,SBRJ,SBSP
908,KLAS,KBNA
909,KLAX,EDDF
910,SBGL,SBGR
911,LFPG,EBLG
912,KATL,KFLL
913,KCHD,KTUS
914,OTHH,WMKK
915,KPSP,KOAK
916,KSEA,KFAT
917,KEWR,EHAM
918,KLAX,KEWR
919,KECP,KBNA
920,KGRR,KMDW
921,EGSS,EBLG
922,RCTP,RKSI
923,KMSP,KMDW
924,KLGA,KTPA
925,KJFK,LSZH
926,VHHH,OTHH
927,EDDP,EGNX
928,KSMF,KPHX
929,ZUCK,ZGSZ
930,LLBG,LIMC
931,EGTE,EGNX
932,CA66,KOAK
933,88PA,KMDW
934,KSAT,KPHX
935,OMDB,RJBB
936,SBSP,SBBR
937,KTPA,KMDW
938,KDEN,KDAL
939,CYYZ,KEWR
940,YBBN,YPPH
941,VHHH,RKSI
942,KOAK,KPDX
943,KBWI,KMIA
944,KSEA,KSFF
945,KATL,KLGA
946,KLGA,KDTW
947,KEWR,LPPT
948,KBWI,KBOS
949,KLAX,OMDB
950,KDAL,AL40
951,EGNX,LFPG
952,KSEA,PANC
953,KDEN,KSTL
954,YCBG,YMML
955,RKSI,WMKK
956,SBVT,SBGR
957,CYVR,CYYJ
958,KEWR,KLAX
959,VIDP,VOBL
960,LIMC,EBBR
961,KATL,KMIA
962,YMML,YMND
963,YMEN,YSSY
964,OMDB,RPLL
965,KMIA,KDCA
966,NZPM,NZAA
967,PANC,KSDF
968,KDAL,KTUL
969,KEWR,KLAS
970,SBBR,SBGL
971,KATL,KDFW
972,RKSI,EHAM
973,NZCH,NZWN
974,CYYZ,KLGA
975,KATL,KBUF
976,KBWI,KHOU
977,KSEA,KSFO
978,YMML,YPPH
979,KPHL,KLAS
980,KDAL,KORL
981,KSBA,KSMO
982,SBRJ,SBBR
983,WMKK,WBKK
984,YMMB,YLOY
985,KJFK,KSYR
986,KSJC,KPDX
987,RCTP,RPLL
988,KSFO,KPHX
989,KSMF,KLAS
990,KSEA,KJFK
991,KATL,KHOU
992,PANC,KSDF
993,YSSY,YBBN
994,KLAS,KDAL
995,KATL,KJFK
996,KSAN,KMDW
997,NZWN,NZCH
998,KAUS,KPHX
999,EGPH,EGNX
1000,KRHV,KSQL
1001,OTHH,WSSS
1002,KSJC,KLAX
1003,KSEA,KSMF
1004,RJBB,RJFF
1005,KPHL,EDDF
1006,KIAD,LFPG
1007,KTPA,KACY
1008,KMSP,KSEA
1009,RJOO,RJTT
1010,KSAT,KLAS
1011,KDTW,KFLL
1012,KATL,KSRQ
1013,KDEN,KATL
1014,EGNX,EDDP
1015,YHBA,YBBN
1016,OMDB,EGLL
1017,EBLG,EGNX
1018,KDAL,KABQ
1019,KEWR,KSEA
1020,KSEA,KPDX
1021,ZUCK,ZGSZ
1022,KJFK,EGLL
1023,KLAS,KFLL
1024,YBAF,YWCK
1025,KFLL,KBKL
1026,KEWR,LFPG
1027,KSEA,KPHX
1028,KE16,KRHV
1029,SBSP,SBRJ
1030,KSGF,18MO
1031,KSDF,KMDW
1032,PANC,KSDF
1033,KSEA,KPDX
1034,KFLL,KHPN
1035,YMML,YMHB
1036,KLAX,KPHX
1037,KMSP,KDEN
1038,MROC,KMIA
1039,KATL,9NC6
1040,KDEN,KPHX
1041,KLGA,KFLL
1042,RCTP,RKSI
1043,RJTK,RJFF
1044,KHQZ,KTKI
1045,35OR,3OR8
1046,EGPH,EGSS
1047,RKSI,KLAX
1048,YMEN,YPKL
1049,KSEA,CYVR
1050,KATL,KORD
1051,VABB,OMSJ
1052,RJTT,RCSS
1053,YBBN,YPPH
1054,WSSS,VHHH
1055,VHHH,EBLG
1056,YSSY,YPAD
1057,KSEA,KPSP
1058,YMML,YMAY
1059,KAVX,KTOA
1060,LIMC,EDDP
1061,PANC,KDFW
1062,KATL,KMIA
1063,EBBR,EDDP
1064,KPHX,KMKE
1065,KAUS,KLAS
1066,KHPN,KGAI
1067,OMDB,RKSI
1068,KSEA,KLAX
1069,YSCB,YBBN
1070,KCPS,7IS2
1071,EDDP,EDDK
1072,KSEA,KSFO
1073,KVNY,KOAK
1074,KDFW,KLAX
1075,YPAD,YSSY
1076,KPDX,KSAN
1077,KBLI,KSEA
1078,KPHX,KSAN
1079,EPKT,EDDK
1080,KPHL,EHAM
1081,KDAL,KMDW
1082,RJTT,RJOO
1083,KHIO,KSJC
1084,LPPT,SBGR
1085,OTHH,RPLL
1086,KMIA,KDEN
1087,KDXR,KBED
1088,KMDW,KPHX
1089,VHHH,OMDB
1090,KLAS,KLAX
1091,KDAL,KLAS
1092,NZWN,NZPM
1093,VABB,VOBL
1094,RJTT,RJOA
1095,CYYC,CYYZ
1096,RKSI,RPLC
1097,LEMD,SPOL
1098,VIDP,VABB
1099,K1G4,KLAS
1100,KATL,KRDU
1101,KLAS,KLAX
1102,KMIA,EHAM
1103,KORD,KDEN
1104,KAPA,KMKC
1105,VHHH,UAAA
1106,VABB,VOMM
1107,UAAA,LTBW
1108,WSSS,VOMM
1109,KSEA,KSAN
1110,KLAX,KATL
1111,KPSP,CYYC
1112,NZGB,NZAA
1113,CYHM,CYXX
1114,KSEA,KBUR
1115,CYYJ,CYVR
1116,KDAL,KHOU
1117,VHHH,RPLL
1118,KATL,KCMH
1119,RKSI,RJBB
1120,KPDX,KSMF
1121,SBBR,SBGL
1122,YPAD,WSSS
1123,EDDK,LIMC
1124,OMDB,VOBL
1125,KSFO,KPSP
1126,SBGL,EHAM
1127,SPJC,KMIA
1128,KBWI,KFLL
1129,PANC,6AK3
1130,K1G4,KLAS
1131,WSSS,YSSY
1132,KDTW,EHAM
1133,KPIT,KBFD
1134,RJFF,RJTT
1135,KPDX,KSEA
1136,VOBL,VABB
1137,RJTT,RJBB
1138,KBOS,KTEB
1139,EDDP,EPKT
1140,YBBN,YMHB
1141,KBWI,KCLT
1142,NZAA,NZPM
1143,CYUL,LSZH
1144,KPHX,KSMF
1145,KLAX,KSEA
1146,EBBR,EGNX
1147,KDAL,KHOU
1148,RCTP,WSSS
1149,KDFW,KMSP
1150,KPHX,KSJC
1151,ZUCK,ZGSZ
1152,KLAS,KSFO
1153,YLYK,YPPF
1154,SBBR,SBVT
1155,KORD,KLAX
1156,NZCH,NZOM
1157,KFDK,KGAI
1158,RKSI,RCTP
1159,KPDX,KLAS
1160,KDAL,KPHX
1161,RJDC,RJTT
1162,KMKE,KSEA
1163,KDEN,KHOU
1164,KEUL,KBOI
1165,CYQG,CYHM
1166,WSSS,YMML
1167,VABB,VOBL
1168,EDDV,EGNX
1169,OTHH,VHHH
1170,KMCI,KDEN
1171,KSFO,KPHX
1172,KMIA,EGLL
1173,YSBK,YPEC
1174,RCTP,VHHH
1175,RKSI,UUDD
1176,SBRJ,SBGR
1177,KSJC,KLGB
1178,KPHX,KSMF
1179,KDAL,KBNA
1180,RCKH,RCWA
1181,KTPA,KMIA
1182,WSSS,VABB
1183,RPLL,VHHH
1184,KCPM,KEMT
1185,CYYC,CYXE
1186,KSTL,KLAS
1187,KMIA,EGLL
1188,KSAN,KSFO
1189,KDAL,KATL
1190,YSSY,KLAX
1191,YSCB,YSSY
1192,KLGB,KPHX
1193,KLAS,KPHX
1194,YSBK,YSRI
1195,YMEN,YTDN
1196,KMDW,KFLL
1197,KONT,KSMF
1198,SBBR,SBGR
1199,KFTW,KGLE
1200,KTEB,KCMH
1201,KFLL,KLGA
1202,KSFO,EDDF
1203,90KS,2KS9
1204,RKSI,VHHH
1205,RJTT,RJFF
1206,PANC,40AK
1207,OMAA,VOMM
1208,YSCB,YMEN
1209,YCOR,YSWG
1210,9LL0,KSTL
1211,RJOO,RJTT
1212,YBBN,YSCB
1213,KSMF,KSNA
1214,EDDP,EBBR
1215,YSCH,YSSY
1216,KCOS,KPHX
1217,NZAA,NZGB
1218,SBBR,SBSP
1219,RJTT,RJFF
1220,VHHH,WSSS
1221,SBRJ,SBVT
1222,CYYZ,EGLL
1223,KSEA,KLAS
1224,RKSI,ZGSZ
1225,OMDW,EDDF
1226,NZCH,NZWN
1227,KMIA,MROC
1228,YTDN,YMMB
1229,RJOA,RJTT
1230,RJFF,RJTT
1231,NZAA,NZCH
1232,EDDP,EGGW
1233,KSEA,KLAS
1234,EDDK,EGNX
1235,RCTP,VHHH
1236,KBUR,KVNY
1237,KSAN,KSFO
1238,KDEN,KLAS
1239,YSSY,YMML
1240,KTPA,KMIA
1241,KSEA,KVUO
1242,KOAK,KSNA
1243,KATL,KPHL
1244,YMML,YSSY
1245,KCVG,KDEN
1246,KBOS,EGLL
1247,NZPM,NZDV
1248,VOBL,VABB
1249,RJOA,RJTT
1250,KORD,KFLL
1251,NZTG,NZCH
1252,KSAT,KHOU
1253,KDFW,PANC
1254,EDDK,LTFJ
1255,SBVT,SBRJ
1256,KAUS,KMDW
1257,KDEN,KSDF
1258,PANC,KORD
1259,KJFK,CYUL
1260,KBNA,KMSP
1261,KCLE,KFLL
1262,YPPH,YBBN
1263,YMML,YSSY
1264,KFLL,KU42
1265,KDEN,KIAD
1266,VIDP,VOBL
1267,KORD,PANC
1268,LIMC,RKSI
1269,KLGA,KATL
1270,KSNA,KSMF
1271,EGSS,EGPH
1272,KSAN,KSFF
1273,CYCD,CYVR
1274,KMDW,KLAS
1275,KLAX,KSMF
1276,RJFF,RJTT
1277,KJFK,ELLX
1278,YMEN,YSSY
1279,CYUL,CYYZ
1280,ZGSZ,ZUCK
1281,SBRJ,SBBR
1282,EBLG,EDDV
1283,YMML,YPAD
1284,KFHR,KBFI
1285,KATL,KSTL
1286,KORD,KDEN
1287,VABB,VOMM
1288,WSSS,RKSI
1289,KDEN,KBOS
1290,KMSP,CYYC
1291,OMDB,VABB
1292,EDDK,LTFJ
1293,KO60,KCCR
1294,RJTT,RJOO
1295,KDEN,KPHL
1296,CYYJ,CYVR
1297,KDEN,KSNA
1298,RCQC,RCKH
1299,KSEA,KLAS
1300,CYUL,CYYC
1301,KVGT,KHND
1302,K1F0,KGLE
1303,KBOS,EHAM
1304,NZWN,NZHN
1305,RCTP,WMKK
1306,KAUS,KHOU
1307,SBRJ,SBBR
1308,KLAS,KTUS
1309,YPEC,YSBK
1310,KTUL,KDEN
1311,KDTW,KLAX
1312,EBBR,EDDP
1313,YMMB,YLOY
1314,VHHH,PANC
1315,KMCI,KLAS
1316,KDEN,KOMA
1317,KEWR,EGLL
1318,NZAA,NZWN
1319,KFMY,KAPF
1320,NZCH,NZHN
1321,RCTP,RJFF
1322,RJTT,RJFF
1323,KDEN,KEYE
1324,KSJC,KLAS
1325,KLGB,KSJC
1326,LFPG,RKSI
1327,KMDW,KSJC
1328,EBLG,EGSS
1329,KDFW,KSAT
1330,KSFO,EGLL
1331,RJFF,RJTT
1332,VABB,VOBL
1333,KDEN,KMKE
1334,NZGB,NZAA
1335,WMKJ,WMSA
1336,KDEN,KAUS
1337,KPSP,KPHX
1338,YMML,YMHB
1339,KLAX,KDAL
1340,VHHH,VIDP
1341,EBLG,EDDN
1342,KTEB,KFRG
1343,VAJJ,VIDN
1344,NZNV,NZAA
1345,KSFO,KSAN
1346,YSSY,YSWG
1347,VIDP,VOMM
1348,RCTP,WSSS
1349,KJFK,LFPG
1350,KHOU,KDEN
1351,YSSY,KLAX
1352,KSNA,KOAK
1353,CYUL,LFPG
1354,RKSI,YSSY
1355,KSTS,KSEA
1356,EBBR,EDDP
1357,LIPO,LIED
1358,OMDB,FACT
1359,WT24,KLAS
1360,NZWU,NZWN
1361,EDDP,EHAM
1362,NZHN,NZCH
1363,RJTT,RJFF
1364,CYYC,CYVR
1365,YRED,YWSG
1366,RKSI,RJBB
1367,VOBL,VIDP
1368,YSWG,YSBK
1369,KORD,EGLL
1370,YSSY,NZAA
1371,NZCH,NZAA
1372,NZPM,NZWU
1373,RJTT,RJOA
1374,RCKH,RCWA
1375,YSSY,YCNK
1376,EGNX,EGPH
1377,NZTG,NZAA
1378,KPDX,KU42
1379,KLAS,KU42
1380,KPHX,KMDW
1381,KIAD,KORD
1382,RKSI,LHBP
1383,EDDP,EGNX
1384,KPHL,KLAX
1385,KORD,KFLL
1386,KDEN,KBWI
1387,CA66,KPAO
1388,OMDB,VIDP
1389,KBOS,KFLL
1390,KORD,KEWR
1391,KEWR,KLAS
1392,KPNE,KFRG
1393,KMIA,KLAX
1394,KONT,KPHX
1395,KDEN,KTUL
1396,ULLI,LTBW
1397,KOAK,KSAN
1398,KDVT,KPSP
1399,KABQ,NM74
1400,RCTP,WSSS
1401,KBOS,KBWI
1402,KC83,KPAO
1403,VHHH,PANC
1404,KPHL,KFLL
1405,KBUR,KOAK
1406,YSSY,YBCG
1407,RCQC,RCKH
1408,KRSW,KORD
1409,VOBL,VOMM
1410,KSNA,KVNY
1411,KORD,KJFK
1412,KDEN,7PS7
1413,KHOU,KDAL
1414,RCTP,RJBB
1415,KLAS,KLAX
1416,KABQ,KPHX
1417,KEWR,EDDF
1418,YPJT,YSEN
1419,OMDB,VIDP
1420,KPHX,KDAL
1421,KORD,EBBR
1422,KADS,KTKI
1423,VIDP,VOBL
1424,RJOO,RJTT
1425,KLAX,RCTP
1426,YSBK,YWBN
1427,KPHX,KLGB
1428,RJTT,RCSS
1429,KJFK,LEMD
1430,ZUCK,ZGSZ
1431,KOAK,KMCC
1432,YBMC,YSSY
1433,KGEG,KSFO
1434,KBUR,KPHX
1435,EGNX,EDDP
1436,WSSS,WMKK
1437,BIKF,EBLG
1438,LFPG,LFBO
1439,KJFK,EGLL
1440,OMDB,EHAM
1441,RCTP,WMKK
1442,NZCH,NZWN
1443,RKSI,KBOS
1444,CYUL,EGLL
1445,KSFO,RKSI
1446,SBRJ,SBGR
1447,KTEB,KBOS
1448,NZGB,NZAA
1449,YMMB,YBUP
1450,KATL,EGLL
1451,KPHX,KSEA
1452,KJFK,EHAM
1453,KORD,EGLL
1454,NTTE,NTAA
1455,YMAY,YSWG
1456,VIDP,VOMM
1457,NZCH,NZOI
1458,RKSI,EDDF
1459,KTEB,KBOS
1460,YYEA,YMMB
1461,RCTP,RJBB
1462,KPHX,KSAN
1463,KLAX,KPHX
1464,YMMB,YPKL
1465,SBGR,SBRJ
1466,CYTZ,CYUL
1467,PANC,KORD
1468,KDFW,KLAS
1469,KMTN,KBWI
1470,KORD,OMAA
1471,KDEN,KPDX
1472,KSNA,KSJC
1473,YPPF,YPAD
1474,VABB,VOBL
1475,VOBL,VOMM
1476,RJTT,RJOM
1477,KEWR,EDDF
1478,KMSP,KLAX
1479,RKSI,EDDF
1480,PANC,KSEA
1481,EBBR,EKCH
1482,KATL,KMCI
1483,YMML,YSSY
1484,RJTT,VHHH
1485,UAAA,VHHH
1486,KDFW,KFLL
1487,WMKK,WBKL
1488,KPHX,KHOU
1489,EDDP,EBBR
1490,OERK,OBBI
1491,RCTP,PANC
1492,KATL,KLGA
1493,KDFW,KLGA
1494,KPSP,KSNA
1495,RKSI,KATL
1496,RJTT,RJOO
1497,KMDW,KRSW
1498,VOBL,VIDP
1499,VABB,OTHH
1500,NZTG,NZWN
1501,KATL,KTPA
1502,KDTW,KLAX
1503,KTPA,KBWI
1504,KDAL,KBWI
1505,KBWI,KCMH
1506,VHHH,YSSY
1507,KJFK,LFPG
1508,RJTT,RJOM
1509,CYYC,CYKA
1510,KDEN,KCMH
1511,EDDP,LFPG
1512,KSAN,KSMF
1513,VIDP,VIDN
1514,RJTT,RPLL
1515,KPHX,KMCI
1516,KATL,TJIG
1517,KBWI,KBKL
1518,VABB,VIDP
1519,KONT,KLAS
1520,KCVG,KLAS
1521,KDEN,KPHX
1522,KDFW,KDEN
1523,YSSY,YMML
1524,EGSS,EGPH
1525,YSSY,YCNK
1526,CYYC,CYYZ
1527,NZCH,NZPM
1528,KSNA,KPHX
1529,UUEE,LFPG
1530,KLAS,KSAN
1531,KDEN,KMSP
1532,KSEA,KSMF
1533,VOBL,VABB
1534,YSSY,YKEL
1535,RKSI,RCTP
1536,KBOS,BIKF
1537,VHHH,RCTP
1538,KLAS,KU42
1539,KPHX,KLAX
1540,KDFW,KLAS
1541,KDEN,KBNA
1542,YPJT,YSEN
1543,OMDB,UKBB
1544,KDTW,KDFW
1545,NZAA,NZGB
1546,WMSA,WSSL
1547,KSNA,KSFO
1548,KBWI,KLAX
1549,CYVR,CYYC
1550,KBNA,KLGA
1551,NZNV,NZWN
1552,RJTT,RJFF
1553,UAII,UAAA
1554,PANC,RKSI
1555,CYYZ,LFPG
1556,KJFK,EGLL
1557,KLAX,KDFW
1558,OMDB,SBGR
1559,KORD,KATL
1560,KBWI,KALB
1561,VOMM,VABB
1562,KVNY,KHHR
1563,KBWI,KDTW
1564,KHOU,KPHX
1565,VIDP,VABB
1566,RPLL,RJBB
1567,NZCH,NZWN
1568,NZWP,NZKE
1569,KHOU,KSTL
1570,KBUR,KLAS
1571,RJFF,RJTT
1572,EDDK,EKCH
1573,KLAX,KFAT
1574,EBBR,EDDP
1575,KSFO,KLAS
1576,KDFW,KLAX
1577,YBBN,YMYB
1578,KLAX,KSFO
1579,YMEN,YBSS
1580,KDEN,KSEA
1581,SBKP,SBRJ
1582,KLAS,KLAX
1583,ZUCK,ZGSZ
1584,KRSW,KCLE
1585,YWOL,YMEN
1586,RCTP,YBBN
1587,KTKI,KGPM
1588,SBGR,SBGL
1589,VHHH,RPLL
1590,KBWI,KORF
1591,WSSS,NZAA
1592,WMKK,YSSY
1593,YMML,YSSY
1594,EDDK,EGNX
1595,KBWI,KPVD
1596,YSSY,YBBN
1597,SBBR,SBGR
1598,YMML,YSSY
1599,RJOO,RJTT
1600,VHHH,RCTP
1601,EGSS,EGAA
1602,YSWG,YSCB
1603,KCCR,KHWD
1604,CYYC,KSDF
1605,SBGR,SBBR
1606,KLAX,KSEA
1607,KJFK,LLBG
1608,KORD,EDDF
1609,VOBL,VIDP
1610,VABB,VIDP
1611,KDFW,KPHX
1612,KBWI,KBOS
1613,VOMM,VABB
1614,NZCH,NZAA
1615,LZIB,EDDP
1616,KBWI,KROC
1617,SBGR,SBVT
1618,ZGSZ,WSSS
1619,VOMM,VOBL
1620,KLAX,KLAS
1621,KBWI,KBUF
1622,KCOS,KAPA
1623,KSEA,KVUO
1624,KLAS,K1L3
1625,KSAN,KPHX
1626,RJTT,RJOO
1627,RKSI,KJFK
1628,LEZG,UAAA
1629,KJFK,EGLL
1630,VOBL,VAPO
1631,KLAX,KSFO
1632,LEMD,LEPA
1633,WSSS,VHHH
1634,YLVB,YMMB
1635,YMEN,YMAY
1636,KLAS,KPHX
1637,PANC,KLAX
1638,KJFK,OMAA
1639,RJTT,RJFF
1640,NZCH,NZAA
1641,OMDB,VIDP
1642,KBWI,KFLL
1643,KCPS,27LL
1644,KSNA,KSEA
1645,CYOW,CYHM
1646,KORD,KDFW
1647,EDDP,EGNX
1648,NZWN,NZCH
1649,VIDP,VAPO
1650,EDDK,LFPG
1651,UUEE,EHAM
1652,RJFF,RJTT
1653,WMKK,YSSY
1654,OMDB,KORD
1655,KORD,OTHH
1656,KSAN,KOAK
1657,KTEB,KOPF
1658,SBBR,SBGL
1659,RPLL,WSSS
1660,YPAD,YPPF
1661,YMEN,YTGG
1662,VHHH,PANC
1663,KATL,KORD
1664,VOBL,VABB
1665,KIAD,OTHH
1666,KLAX,KMDW
1667,VIDP,VABB
1668,KSJC,KSAN
1669,YSSY,WSSS
1670,OMDB,OBBI
1671,KEWR,VABB
1672,CYYJ,CYYC
1673,KLAS,KBWI
1674,KMIA,SKMA
1675,EDDP,EGNX
1676,RJFF,RJTT
1677,KDEN,KSAT
1678,YMML,NZAA
1679,KORD,RKSI
1680,NZAA,NZWN
1681,KLAX,RCTP
1682,EGNX,EGPH
1683,NZAA,NZPM
1684,UWWW,UUDD
1685,KLAS,KMDW
1686,KBNA,KCMH
1687,RJBB,RCTP
1688,KPDX,KLAX
1689,KATL,PANC
1690,KFLL,KBWI
1691,OTHH,VOMM
1692,YPPH,YMML
1693,KSJC,KHIO
1694,EKCH,EDDP
1695,LTAC,LTBW
1696,NZTG,NZWN
1697,CYVR,CYCD
1698,KPHL,KATL
1699,KSJC,KLAX
1700,YPKL,YMMB
1701,NZAA,NZCH
1702,CA35,KOAK
1703,KPIT,KDUJ
1704,LIMC,EDDP
1705,NZCH,NZRO
1706,KSMF,KPHX
1707,KEWR,LPPT
1708,RPLL,RJFF
1709,SBSP,SBBR
1710,KJFK,EBLG
1711,KSEA,KBOI
1712,KLGA,KFLL
1713,NZAA,NZOI
1714,YBBN,YSSY
1715,UUEE,LFPG
1716,KONT,KSJC
1717,RJTT,KJFK
1718,KMIA,KORD
1719,KORD,KSEA
1720,KTEB,KFRG
1721,VABB,VIDP
1722,RJTT,RJFF
1723,EGNX,EDDK
1724,CYXX,CYYC
1725,NZCH,NZNV
1726,KJFK,KATL
1727,KFLL,KLGA
1728,VHHH,WSSS
1729,KMCI,KLAX
1730,KDEN,KAUS
1731,KORD,KATL
1732,NZRO,NZCH
1733,SKBO,KMIA
1734,KSFO,KSEA
1735,PANC,VHHH
1736,VIDP,VABB
1737,KPDX,KLAS
1738,KOAK,KLAS
1739,KLAX,KOAK
1740,KRHV,KC83
1741,KSLC,KLAS
1742,KMIA,LFPG
1743,RJOO,RJFF
1744,VIDP,VOBL
1745,VHHH,RJBB
1746,KDFW,KMIA
1747,WSSS,RPLL
1748,KFLL,KPHL
1749,KSEA,KTUS
1750,YWLM,YMML
1751,RJTT,VHHH
1752,CYVR,CYYJ
1753,PANC,VHHH
1754,YSCB,YBBN
1755,YSSY,YSCB
1756,NZPM,NZAA
1757,KOAK,KLAX
1758,KDAL,KHOU
1759,VHHH,RJBB
1760,KDEN,EDDF
1761,KSEA,PANC
1762,UUWW,LTBW
1763,YSBK,YWBN
1764,CYVR,CYYC
1765,KMDW,KBWI
1766,KSFO,KMSP
1767,KFLL,KDEN
1768,RJOO,RJTT
1769,CYYC,CYVR
1770,RJBB,PANC
1771,OBBI,VHHH
1772,PANC,KORD
1773,KMIA,LSZH
1774,KDEN,KLAS
1775,YWLM,YBBN
1776,KOAK,KPHX
1777,YMMB,YTDN
1778,RCTP,RJBB
1779,KATL,EHAM
1780,EDDK,LIME
1781,KSEA,KOAK
1782,SBBR,SBGR
1783,KBUR,KPDX
1784,CYYZ,EGLL
1785,KMIA,SKMA
1786,WMKK,YMML
1787,KJFK,EGLL
1788,KDEN,KSTL
1789,UAAA,LTFJ
1790,KSMF,KLGB
1791,YSSY,YSTW
1792,LFPG,EGNX
1793,EDDP,EKCH
1794,KISM,KDEN
1795,KATL,SC32
1796,YMML,KLAX
1797,ULMM,UUDD
1798,KDEN,KMCI
1799,KLAX,KSJC
1800,KATL,KLAS
1801,KPDX,KSEA
1802,KJFK,KORD
1803,VIDP,VAPO
1804,KMHR,CL36
1805,RJTT,RJFF
1806,KPHX,KSTL
1807,KATL,LFPG
1808,YMML,VHHH
1809,KLAS,KSMF
1810,NZWN,NZCH
1811,EGNX,EGAA
1812,KATL,KTYS
1813,SBGR,KMIA
1814,EDDP,EDDK
1815,KMDW,KBNA
1816,KORD,KSFO
1817,NZAA,NZCH
1818,KBOS,EHAM
1819,KLAS,KSEA
1820,KMDW,KMCI
1821,KDEN,KDAL
1822,KATL,KPLR
1823,EPKT,EDDP
1824,KATL,KU42
1825,YMEN,YWOL
1826,KLAX,KSFO
1827,CYYZ,CYVR
1828,SBKP,SBBR
1829,KFLL,KPHL
1830,WMKJ,WBKK
1831,YWLM,YSSY
1832,KATL,KSGS
1833,UAAA,UAII
1834,KDEN,KSAN
1835,KMDW,KATL
1836,KACY,KFLL
1837,KATL,KHSV
1838,YBAF,YCHB
1839,RJTT,RJOA
1840,KATL,KDCA
1841,KLAS,KLAX
1842,NZGB,NZAA
1843,UUDD,EDDF
1844,KFLL,KCMH
1845,RCTP,RPLL
1846,VHHH,RCTP
1847,KSJC,KIWA
1848,VOBL,VIDP
1849,LIMC,EGSS
1850,KCLE,KPHX
1851,EDDP,LIMC
1852,KLAS,KMDW
1853,KTKI,KADS
1854,KEWR,EDDM
1855,WSSS,YSSY
1856,EDDK,EGNX
1857,KATL,KBNA
1858,KSAN,KPHX
1859,LFPG,LIMC
1860,KATL,EGLL
1861,YSWG,YMAY
1862,KONT,KLAS
1863,KBOI,KPDX
1864,KPDX,KSMF
1865,VABB,VIDP
1866,KPHX,KMDW
1867,KLAS,KSNA
1868,KLAX,KLAS
1869,EDDN,EBLG
1870,KORD,LSZH
1871,YMMB,YMEN
1872,KSFO,KPDX
1873,CYYC,CYHM
1874,KMDW,KCMH
1875,KLGB,KLAS
1876,CYYZ,CYOW
1877,KSEA,KLAX
1878,WBKK,WMKK
1879,KMSP,KLAS
1880,EDDV,EBLG
1881,EDDK,EDDP
1882,VIDP,VOMM
1883,YSWG,YSSY
1884,KDFW,EGLL
1885,KSEA,KLAX
1886,EGNX,EDDK
1887,NZAA,WSSS
1888,KBWI,KDFW
1889,KMDW,KLAX
1890,KFLL,KLAS
1891,YBAF,YGYM
1892,KHOU,KLAS
1893,RKSI,UUDD
1894,73PA,KHGR
1895,KPSP,KSFO
1896,KDEN,KHOU
1897,KOAK,KBUR
1898,OMDB,VHHH
1899,CYVR,CYYZ
1900,OMAA,EHAM
1901,KSEA,35OR
1902,YPJT,YBUN
1903,CYYZ,CYYC
1904,KSMF,KSEA
1905,EDDK,KEWR
1906,EDDP,LFPG
1907,KJFK,KLAX
1908,YMUL,YPJT
1909,KFOK,KFRG
1910,KMDW,KOMA
1911,CYYZ,SBGR
1912,KATL,KMIA
1913,VIDP,VAPO
1914,EGSS,EBLG
1915,KLAS,KSAN
1916,KISM,KDFW
1917,OMAA,OBBI
1918,KMDW,KHOU
1919,KATL,KLAS
1920,CYYZ,CYUL
1921,KMDW,KABQ
1922,CYVR,KSDF
1923,EGNX,EKCH
1924,KSMF,KPHX
1925,KJFK,LFPG
1926,KATL,KEWR
1927,KDAL,KHOU
1928,KATL,KFLL
1929,EBBR,EGNX
1930,KMIA,KLGA
1931,KOAK,KBOI
1932,KSMF,KVUO
1933,KMDW,KSTL
1934,VIDN,VIDP
1935,NZCH,NZPM
1936,KSFO,KSAN
1937,KSEE,CA75
1938,WSSS,VHHH
1939,KMDW,KLAS
1940,YPKL,YMMB
1941,RKSI,KJFK
1942,EDDP,EGNX
1943,OMDB,LTFJ
1944,RJFF,RJTT
1945,KOAK,KSEA
1946,KMIA,KSEA
1947,EDDK,LIMC
1948,RJBB,RJTT
1949,KMDW,KDTW
1950,KPHL,OTHH
1951,LTAC,EDDL
1952,RJOO,RJTT
1953,KATL,KLAX
1954,KAUS,KLAX
1955,KSTS,KVUO
1956,KMDW,KPHX
1957,KPHX,KLAS
1958,WSSS,RCTP
1959,KMDW,KMSP
1960,KHOU,KMDW
1961,YPJT,YSEN
1962,NZCH,NZAA
1963,VOBL,EGLL
1964,YSSY,YMEN
1965,KOAK,KAPC
1966,KMDW,KLGA
1967,ZGSZ,ZUCK
1968,RKSI,EDDF
1969,KMDW,KRDU
1970,KMIA,KDFW
1971,NZCH,NZWN
1972,3OR8,61OR
1973,KPHX,KSMF
1974,KONT,KDEN
1975,KTEB,KFLL
1976,KFLL,KEWR
1977,SBGR,SBGL
1978,RJTT,LFPG
1979,YSWG,YSSY
1980,KATL,KBOS
1981,KLAX,KMSP
1982,RJTT,RJOO
1983,RJFF,RJTT
1984,CYXE,CYYC
1985,KMDW,KDAL
1986,YCBG,YMML
1987,KMIA,SKMA
1988,VABB,VIDP
1989,YSSY,YWLM
1990,EGNX,LIMC
1991,EBBR,EKCH
1992,KOAK,KLGB
1993,KLGB,KOAK
1994,KSMF,KSNA
1995,KPHX,KORD
1996,NZAA,VHHH
1997,UWLL,UUEE
1998,CYYZ,CYOW
1999,EGNX,LIME
2000,KMIA,KPHL
2001,KATL,86GA
2002,YSSY,YMML
2003,YMMB,YMEN
2004,YMML,VHHH
2005,CYVR,CYYJ
2006,VOMM,EGLL
2007,YSWG,YCTM
2008,KOMA,KFCM
2009,NZAA,NZCH
2010,KJFK,PANC
2011,KSAN,KSJC
2012,EGNX,EDDP
2013,KMDW,KDCA
2014,OMDB,ZGSZ
2015,KCLT,KIAD
2016,SPJC,EHAM
2017,CYYZ,VIDP
2018,PANC,RCTP
2019,KFLL,KORD
2020,YSSY,WMKK
2021,KHOU,KLAS
2022,KMIA,KSAN
2023,KPHX,KSFO
2024,SBGR,KEWR
2025,EDDP,UUEE
2026,KFLL,KLAX
2027,KEWR,LSZH
2028,KMIA,NC03
2029,YCBG,YMML
2030,EBBR,LHBP
2031,EDDK,LEMD
2032,KHOU,KDEN
2033,KTPA,KORD
2034,KSEA,KPSP
2035,KDTW,KLAS
2036,KMIA,KLAS
2037,OMSJ,OPMT
2038,KSEA,KPDX
2039,NZAA,NZOI
2040,KORD,LFPG
2041,YSCB,YBCG
2042,VABB,OMDB
2043,KSNA,KOAK
2044,VIDP,VOMM
2045,KHOU,KBNA
2046,YMMB,YMEN
2047,LEMD,LEPA
2048,RJTT,RJOA
2049,ULLI,UUDD
2050,SBGR,KDFW
2051,VOMM,VOBL
2052,KJFK,EDDF
2053,KBNA,KECP
2054,KSMF,KPDX
2055,EDDK,EGNX
2056,KSEA,KSMF
2057,EDDP,LHBP
2058,KONT,KOAK
2059,UAAA,LTBW
2060,KIAH,KLAS
2061,SKBO,KMIA
2062,KCMA,KHND
2063,KMSP,67KY
2064,KSEA,KSFF
2065,EDDP,EGNX
2066,PANC,KORD
2067,KPHX,KSAN
2068,KLAS,KDTW
2069,CYMX,KSDF
2070,RKSI,ZGSZ
2071,KHOU,KSAT
2072,LTBA,UKBB
2073,RJTT,RJFF
2074,RJBB,EFHK
2075,RCTP,PANC
2076,YPAD,YMML
2077,KMIA,MROC
2078,EBBR,LEMD
2079,KBOS,EGLL
2080,KOAK,KSFF
2081,NZAA,NZWN
2082,PANC,KSEA
2083,YMML,YSSY
2084,KMIA,KTPA
2085,CYYZ,CHD4
2086,OTHH,LTBW
2087,VAPO,VIDP
2088,RJBB,LFPG
2089,KPDX,KOAK
2090,YBCG,YSSY
2091,KPHL,KDEN
2092,KSFO,KLAX
2093,KOPF,KMIA
2094,NZAA,NZGB
2095,EDDK,LFPG
2096,KSMF,KLAX
2097,KLAS,KMSP
2098,VHHH,EFHK
2099,KHOU,KDAL
2100,WMKK,WSSS
2101,KOWP,KRVS
2102,KMIA,KORD
2103,KH68,KRVS
2104,KLAX,KPHX
2105,YSCB,YMML
2106,VOMM,VIDP
2107,KORD,EGLL
2108,VOBL,VABB
2109,CYYC,CYVR
2110,KMIA,OI45
2111,VIDP,VIDN
2112,KFAT,KOAK
2113,VHHH,RCTP
2114,NZAA,NZPN
2115,CYYZ,CYXE
2116,RCKH,RCWA
2117,KOAK,KPSP
2118,VIDP,OMDB
2119,SBGR,SBVT
2120,YBCG,YRED
2121,YPAD,YBBN
2122,KSJC,KBUR
2123,YKEL,YSSY
2124,KMIA,EGLL
2125,EBLG,EGNX
2126,YMAY,YMML
2127,KMCC,KMYV
2128,KJFK,EHAM
2129,OMDW,EHAM
2130,EGAA,EGSS
2131,KLAS,KDAL
2132,KBUY,KIAD
2133,KBOI,KLAX
2134,KOAK,KPDX
2135,EGNX,LEMD
2136,EBBR,LIMC
2137,CYVR,CYHM
2138,RJOO,RJTT
2139,KSJC,KPHX
2140,YPAD,YPPH
2141,KEWR,VIDP
2142,KSEA,KMSP
2143,LFML,LFKJ
2144,KBOS,LPPD
2145,KMIA,KSTL
2146,CYYJ,CYVR
2147,SBGR,EDDF
2148,EDDK,ESMS
2149,NZWN,NZCH
2150,KMIA,KBOS
2151,KSDF,PANC
2152,KMIA,KMCI
2153,EDDK,LIPZ
2154,VOBL,VOMM
2155,KPHX,KSNA
2156,KLAX,KHOU
2157,KMIA,KBWI
2158,VIDP,VOBL
2159,KSMF,KSEA
2160,YSCB,YBBN
2161,YSCH,YSBK
2162,KMIA,KSDF
2163,RJBB,RKSI
2164,KATL,KLGA
2165,RPLL,WSSS
2166,EDDK,EGSS
2167,VOMM,VIDP
2168,PANC,RKSI
2169,3OR8,35OR
2170,KPHX,KCOS
2171,ZGSZ,RJBB
2172,KDEN,KLAS
2173,EDDP,LFPG
2174,NZHN,NZCH
2175,VABB,VOBL
2176,EDDK,LFNR
2177,KJFK,EGLL
2178,KBNA,KLAS
2179,KERV,KHYI
2180,VOBL,VOMM
2181,RJTT,LFPG
2182,KDEN,KSNA
2183,CYYZ,CYVR
2184,TJSJ,KEWR
2185,ZGSZ,ZUCK
2186,NZWN,NZHN
2187,WSSL,WMSA
2188,EDDK,LPPR
2189,YMML,YWLM
2190,CYVR,KLAX
2191,VIDP,VABB
2192,KHOU,KTUL
2193,KSNA,KSMF
2194,KVNY,KHHR
2195,KMIA,KEWR
2196,KATL,KDTW
2197,OMDB,LTBW
2198,RJTT,RJFF
2199,ULLI,UUEE
2200,KSJC,KBOI
2201,3OR8,35OR
2202,KMIA,KDEN
2203,VABB,VIDP
2204,KLAX,KOAK
2205,VOBL,VABB
2206,RJTT,RJOO
2207,SBGR,KORD
2208,RCTP,VHHH
2209,KSAN,35OR
2210,KONT,KSEA
2211,KHOU,KOMA
2212,EBLG,ESSA
2213,LFPG,LEMD
2214,KMIA,KJFK
2215,SKBO,SBGR
2216,KSJC,KSEA
2217,KSEA,PANC
2218,KPHX,KSJC
2219,YSBK,YPEC
2220,VIDP,LOWW
2221,LFPG,EDDK
2222,RJFF,RJTT
2223,EDDK,LKPR
2224,KFLL,KMSP
2225,KMIA,KCMH
2226,NZWN,NZMS
2227,VHHH,RCTP
2228,UMMS,UKKK
2229,KDEN,KBOI
2230,KSAN,KPDX
2231,VIDP,VIDN
2232,WBKK,WMKK
2233,EDDK,ESSA
2234,CYYC,CYYZ
2235,KTPA,KDTW
2236,KPHX,KBUR
2237,EDDP,EKCH
2238,NZAA,NZWN
2239,KORD,KDFW
2240,KHOU,KEYE
2241,KPTW,KPHL
2242,EKCH,EFHK
2243,KFLL,KDTW
2244,KMIA,KORF
2245,VHHH,RCTP
2246,KDEN,KSJC
2247,VAPO,VIDP
2248,KMIA,KSFO
2249,KDEN,KOAK
2250,KDEN,KSEA
2251,KPHX,KBNA
2252,EBLG,EDDM
2253,KSFO,KLAX
2254,LFPG,KEWR
2255,KPSP,KSEA
2256,KPHX,KOMA
2257,EDDP,LEMD
2258,RCTP,PANC
2259,KMIA,KBNA
2260,KPHX,KSAT
2261,VABB,VOMM
2262,VOMM,OTHH
2263,NZTG,NZCH
2264,KMIA,KRDU
2265,SKBO,SBGL
2266,VIDP,UAAA
2267,KLAX,LTBW
2268,EDDK,OMDB
2269,KJFK,EGLL
2270,NZAA,NZWJ
2271,KMIA,KLAX
2272,EBLG,LIPE
2273,LFPG,EDDV
2274,EDDP,EBBR
2275,KSJC,KSNA
2276,VIDP,OTHH
2277,KPHX,KDAL
2278,KDEN,KLAX
2279,VHHH,OMDW
2280,CYYZ,CYOW
2281,KMIA,KATL
2282,LFPG,EINN
2283,KPDX,KFAT
2284,EDDK,LIME
2285,RJFF,RJTT
2286,EBLG,ESGG
2287,YMUL,YPJT
2288,RKSI,EDDF
2289,KPHX,KABQ
2290,KDEN,KTUS
2291,KBUR,KSEA
2292,KSEA,KBOI
2293,YPMQ,YBBN
2294,KPHX,KOAK
2295,CYVR,CYYC
2296,VOBL,VIDP
2297,KDEN,KSFF
2298,RJOO,RJTT
2299,NZPM,NZCH
2300,RKSI,RCTP
2301,RCKH,RCWA
2302,LFPG,EGSS
2303,NZCH,NZAA
2304,RJFF,RJOO
2305,OTHH,WMKK
2306,SBGR,LEMD
2307,VABB,VOBL
2308,KMGW,KBWI
2309,KLAX,KLAS
2310,NZAA,NZGB
2311,LEMG,EGGP
2312,LFPG,EGBB
2313,RCTP,VMMC
2314,NZAA,NZCH
2315,VABB,OMDB
2316,KSFO,KSNA
2317,CYMX,CYYZ
2318,YSSY,NZAA
2319,KPHX,KSEA
2320,SKBO,KMIA
2321,KDEN,KSMF
2322,YSSY,YNAR
2323,EDDP,EDDK
2324,RPLL,RCTP
2325,YTYA,YMMB
2326,RJFF,RJTT
2327,WMKJ,WMKK
2328,SBGR,LPPR
2329,YSTW,YSSY
2330,YSSY,YMML
2331,EDDK,EIDW
2332,CYVR,CYYC
2333,EDDP,KJFK
2334,KMIA,KSDF
2335,RJBB,EBLG
2336,KDEN,KLAX
2337,RJTT,RJOM
2338,VIDP,WSSS
2339,KPHX,KHOU
2340,YSSY,YBBN
2341,OTHH,EGSS
2342,KPHX,KSFO
2343,LFPG,EDDS
2344,YSSY,YMML
2345,OMDB,VOMM
2346,VHHH,RJFF
2347,KJFK,EGLL
2348,EBLG,LTFJ
2349,KLAX,YSSY
2350,KDEN,KSFO
2351,RJBB,RKSI
2352,KSMF,KSAN
2353,RPLL,RJBB
2354,PANC,RJBB
2355,KORD,KLAS
2356,RJTT,RJBB
2357,VIDP,VOMM
2358,KPHX,KLGB
2359,EDDK,LOWW
2360,EDDP,EGGW
2361,KSBA,KCMA
2362,KDEN,KBUR
2363,KLGB,KSMF
2364,YMML,YMHB
2365,RCTP,WSSS
2366,NZRO,NZWN
2367,OBBI,OMDB
2368,YMMB,YWON
2369,YCNK,YSSY
2370,VIDP,VOBL
2371,KDEN,KLAS
2372,OMDB,EGCC
2373,LFPG,LTBW
2374,RKSI,VHHH
2375,NZAA,NZWN
2376,NZPM,NZAA
2377,EDDK,LDZA
2378,RJTT,RJFF
2379,VIDP,EGLL
2380,RCTP,KLAX
2381,NZGB,NZAA
2382,LFPG,LHBP
2383,WSSS,YMML
2384,LEZG,UUEE
2385,CYHM,KSDF
2386,YSSY,YSCB
2387,KPHX,KU42
2388,KDFW,EGLL
2389,EBLG,LSZM
2390,RCQC,RCKH
2391,KDEN,KPHX
2392,NZAA,YSSY
2393,KVNY,KLAS
2394,RJTT,RJOO
2395,EGAA,EGNX
2396,EDDP,EGSS
2397,ZGSZ,ZUCK
2398,KPHL,NJ64
2399,EDDK,EDDM
2400,KIAD,EGLL
2401,PANC,KMIA
2402,KDEN,KORD
2403,RKSI,PANC
2404,YMMB,YMAV
2405,CYYZ,EGLL
2406,KMIA,SKMA
2407,EDDK,LTBW
2408,VIDP,VIAM
2409,KLAS,KSNA
2410,YSSY,YMML
2411,VOBL,VIDP
2412,LFPG,ESSA
2413,EDDP,EDDF
2414,NZNV,NZCH
2415,NZTG,NZAA
2416,CYYZ,EDDF
2417,EBLG,EIDW
2418,LFPG,EKCH
2419,NZAA,NZWN
2420,YBBN,YPAD
2421,VAPO,VOMM
2422,EDDP,LFNR
2423,YTDN,YMMB
2424,KSMF,KBUR
2425,VHHH,RPLL
2426,LFPG,LIMC
2427,EBLG,EDDN
2428,YSCB,YBCG
2429,KDEN,KORD
2430,CYYZ,LTBW
2431,YMMB,YLED
2432,KDEN,KPDX
2433,KDFW,KORD
2434,EDDK,KSDF
2435,KCLE,KLAS
2436,KLAS,KSEA
2437,EBMB,LGAV
2438,KSAN,KLAS
2439,KFRG,KLDJ
2440,PANC,KLAX
2441,LFPG,EPWA
2442,EDDP,LFRS
2443,RJTT,RJFF
2444,SPJC,KMIA
2445,YMEN,YSCB
2446,EDDK,LSZM
2447,NZCH,NZWN
2448,VHHH,RCTP
2449,KSNA,KPHX
2450,KSEA,KSFF
2451,EDDP,LIPE
2452,CYXE,CYVR
2453,YBAF,YGYM
2454,KDFW,KIAD
2455,VIDP,VAPO
2456,KDEN,KABQ
2457,KPDX,KSAN
2458,OTHH,VABB
2459,RCTP,VHHH
2460,KORD,LFPG
2461,KSNA,KSBP
2462,EFOU,EFHK
2463,LFPG,OMDB
2464,VHHH,VOMM
2465,KPHL,3PA9
2466,RJFF,RJTT
2467,KORD,KLAS
2468,EBLG,EFHK
2469,PANC,KORD
2470,EDDK,LJLJ
2471,LFPG,EHAM
2472,NZCH,NZNV
2473,CYVR,CYYZ
2474,NZRO,NZCH
2475,KIAD,CYUL
2476,LLBG,LSZH
2477,OMDB,VABB
2478,RJTT,RJOM
2479,NZAA,NZPM
2480,CYMX,CYYZ
2481,LFPG,VIDP
2482,EDDP,EFHK
2483,LMML,LLBG
2484,PANC,RKSI
2485,OMDB,EIDW
2486,KSAN,KSEA
2487,KSFO,VIDP
2488,WMKK,WBKL
2489,UUEE,EHAM
2490,EDDK,EPWA
2491,LLBG,LTFJ
2492,SPJC,KMIA
2493,KLAS,K61B
2494,NZCH,NZWN
2495,ZGSZ,ZUCK
2496,KFLL,KDFW
2497,NZHN,NZCH
2498,NZAA,NZRO
2499,OMDB,LEMD
2500,LLBG,EDDF
2501,KEWR,LIRF
2502,LFPG,LSZM
2503,EDDP,ESSA
2504,EBLG,LIPZ
2505,EKCH,ESSA
2506,KSRQ,KOPF
2507,EETN,EVRA
2508,KIAD,KBUY
2509,VOBL,VABB
2510,KMIA,CYYZ
2511,LLBG,UKBB
2512,EBLG,LIMC
2513,KSEA,KPHX
2514,WMKK,WBKK
2515,KLAS,KPHX
2516,OERK,OMSJ
2517,WBKK,WBGR
2518,LLBG,LTFJ
2519,RJFF,RJBB
2520,LEPA,LEMD
2521,EDDP,EDDF
2522,RKSI,VHHH
2523,KORD,LTBW
2524,KSEA,KSNA
2525,EGNX,LFPG
2526,WSSS,RCTP
2527,YPPH,YMML
2528,KSFO,KPSP
2529,NZPM,NZCH
2530,KSAN,KFAT
2531,EBLG,EDDV
2532,RJTT,RJFF
2533,OMDB,RJBB
2534,NZKE,NZWP
2535,KLAS,KPHX
2536,LFPG,LTBA
2537,YMMB,YBUP
2538,EDDP,EDDM
2539,KO70,KPAO
2540,KSEA,KSFO
2541,KLAS,KPDX
2542,KHHR,KCRQ
2543,KLAX,KPHX
2544,EDDP,LIMC
2545,WSSS,VOBL
2546,KLAS,KSJC
2547,YMMB,YPKL
2548,RJOA,RJTT
2549,KSMF,KLAS
2550,EVRA,EETN
2551,YSCB,YPEC
2552,EDDP,EHAM
2553,EDDK,EDDB
2554,KLAS,KLGB
2555,PA22,KPJC
2556,EBLG,OMDB
2557,SKBO,KJFK
2558,KLAS,KSAN
2559,EDDP,EPWA
2560,NZGB,NZAA
2561,EDDK,LSZM
2562,YWOL,YBBN
2563,KLAS,KBUR
2564,OMDB,EGBB
2565,NZKF,NZAA
2566,KLAX,KSJC
2567,EBLG,EPWA
2568,YSSY,YSCB
2569,VOMM,VIDP
2570,KLAS,KLAX
2571,KDEN,UT13
2572,NZAA,NZAP
2573,VABB,VIDP
2574,OMDB,LPPT
2575,YWLM,YBCG
2576,KSFO,KLAX
2577,LFPG,LFBO
2578,KLAX,KSMF
2579,KLAS,KSNA
2580,KDEN,KMSP
2581,RPLL,VHHH
2582,KLAX,KBOI
2583,EDDP,LZIB
2584,KSFO,KSEA
2585,EDDP,ENGM
2586,KFMY,KPGD
2587,YSSY,YMHB
2588,VHHH,RJBB
2589,KLAS,KTUS
2590,RJTT,RJFF
2591,OMDB,EGLL
2592,RJBB,RCTP
2593,CYYZ,KSDF
2594,KFRG,KHPN
2595,EDDP,LIME
2596,UUEE,ULLP
2597,EETN,EFHK
2598,CYVR,CYYC
2599,OTHH,EGLL
2600,YSSY,YMML
2601,UAII,UAAA
2602,YPPH,YSCB
2603,VIDN,VIDP
2604,VABB,VOMM
2605,KSFO,KPDX
2606,VOBL,VIDP
2607,KDEN,KDFW
2608,EDDP,LSZM
2609,YMEN,YSSY
2610,KLAS,KOAK
2611,VABB,VOMM
2612,YMMB,YMEN
2613,RJFF,RJTT
2614,KFLL,MROC
2615,KLAX,RKSI
2616,EBLG,EGPH
2617,KMIA,LEMD
2618,KJFK,SPJC
2619,EDDP,LIPZ
2620,VOMM,OMDB
2621,YCAB,YWSG
2622,YMMB,YSBK
2623,KOAK,KLAS
2624,KPDX,KSFO
2625,EDDP,LGAV
2626,LLBG,LTFJ
2627,KSTS,KSFO
2628,RKSI,EDDF
2629,FACT,FALA
2630,CYHM,CYMX
2631,YMML,YSSY
2632,KLAX,EGLL
2633,EDDP,LSGG
2634,EBLG,EGSS
2635,RPLL,RKSI
2636,YBBN,YPPH
2637,VIDP,VOMM
2638,SBGR,KMIA
2639,NZPM,NZWU
2640,RCTP,RKSI
2641,EDDP,EBBR
2642,OMDB,LTBW
2643,LLBG,LTFJ
2644,OTHH,LTBW
2645,YPJT,YMUL
2646,KSFO,KLAX
2647,VIDP,VABB
2648,UKBB,EHAM
2649,EBLG,EGNX
2650,NZOM,NZCH
2651,EDDK,LIMC
2652,LTFJ,LTAC
2653,KLAS,KSMF
2654,EDDP,UUEE
2655,RJTT,RJOO
2656,RJFF,RCTP
2657,EBLG,LROP
2658,EDDK,LFRN
2659,KJFK,OMDB
2660,NZAA,NZCH
2661,EDDP,EPKT
2662,OMDB,VHHH
2663,KLDJ,KFRG
2664,KLAX,KDFW
2665,EBLG,LPPR
2666,EDDP,EKBI
2667,KTEB,CYUL
2668,YMMB,YMEN
2669,YSSY,YSWG
2670,SPJC,KFLL
2671,NZCH,NZAA
2672,KSEA,KLAS
2673,OMDB,ENGM
2674,LFPG,LFRN
2675,KLAX,KFAT
2676,YSSY,YMML
2677,RJFF,RJTT
2678,YBBN,YSTW
2679,KIAD,LTBW
2680,KLAS,KVNY
2681,NZAR,NZAA
2682,KFNL,KAPA
2683,LFPG,EGNX
2684,RKSI,UUEE
2685,CYVR,CYYC
2686,LIRF,LIMC
2687,VOMM,VIDP
2688,YMML,YPAD
2689,RJTT,RJFF
2690,KSEA,KPDX
2691,RJOA,RJTT
2692,UAAA,OMDB
2693,UUEE,LTBW
2694,EDDP,LIMC
2695,KCRQ,KVNY
2696,NZCH,NZWN
2697,VIDP,VHHH
2698,OMDB,LFPG
2699,EDDP,LOWL
2700,YMPC,YMMB
2701,VABB,VIDP
2702,VHHH,VHSK
2703,YMML,VHHH
2704,KSEA,KSFF
2705,KSFO,NZAA
2706,OMDB,EPWA
2707,KFCH,KVIS
2708,RJBB,PANC
2709,KMIA,MGGT
2710,KSKA,KSEA
2711,RJFF,RJTT
2712,ULLI,UUWW
2713,VOMM,OMDB
2714,YMMB,YLOY
2715,RJTT,RJOA
2716,EDDP,EDDS
2717,EDDP,LHBP
2718,YMPC,YCAL
2719,WSSS,RPLL
2720,YBBN,YSCB
2721,OMDB,EHAM
2722,NZHN,NZWN
2723,KLAS,KDFW
2724,YPPH,YBBN
2725,KLAX,KPDX
2726,VAPO,VIDP
2727,ULLI,UUEE
2728,RJTT,RJFF
2729,EDDK,EDDS
2730,UUDD,OMDB
2731,KJFK,CYHM
2732,KBOS,BIKF
2733,OTHH,LGAV
2734,OMDB,OMDW
2735,EDDP,OBBI
2736,VABB,OMDB
2737,KATL,SPJC
2738,YMML,YSCB
2739,NZRO,NZAA
2740,UUEE,UWSS
2741,FAOR,FACT
2742,CYMX,CYHM
2743,YMAY,YSSY
2744,OMDB,EDDL
2745,OTHH,SBGR
2746,LIMC,LSGG
2747,KLGB,KEMT
2748,PANC,RCTP
2749,EDDP,LIRA
2750,UUWW,ULLP
2751,KLAX,RKSI
2752,FAOR,FACT
2753,SBGR,OMDB
2754,YBBN,YSCB
2755,OTHH,LTFJ
2756,YMEN,YKTN
2757,OMDB,EKCH
2758,KD73,KPDK
2759,YSBK,YKEL
2760,YBCG,YSCB
2761,WBKL,WMKK
2762,EDDP,UKBB
2763,KLAX,NZAA
2764,LKPR,LHBP
2765,VIDP,VOBL
2766,LTFJ,LTAC
2767,CYYC,CYYJ
2768,VHHH,WSSS
2769,RJOO,RJTT
2770,VIDP,VAPO
2771,KPHL,KN14
2772,EKCH,ESGG
2773,YWLM,YBBN
2774,WMKK,WMKJ
2775,VABB,VIDP
2776,OMDB,OBBI
2777,VIDP,OMDB
2778,RCTP,VHHH
2779,RJFF,RJBB
2780,KORD,71KY
2781,YWVA,YSSY
2782,KJFK,LTBW
2783,YMMB,YLOY
2784,YPPH,YSSY
2785,YMML,YSSY
2786,EIDW,KORD
2787,OMAA,EHAM
2788,RJTT,RJOO
2789,YSSY,YSCH
2790,KMIA,SKMA
2791,YMML,YSSY
2792,LROP,EGSS
2793,EGNX,EGAA
2794,OTHH,EGCC
2795,VAPO,VIDP
2796,CYYC,CYXE
2797,RKSI,KLAX
2798,YWLM,YMML
2799,EVRA,EDDF
2800,SKBO,LEMD
2801,VHHH,PANC
2802,OMDB,LSZH
2803,VOMM,VOBL
2804,KPDX,PANC
2805,KPHX,KSNA
2806,OMDB,KLAX
2807,EBBR,LFBD
2808,KCRQ,KHHR
2809,VAPO,VIDP
2810,OMDB,EDDM
2811,NZAA,NZWN
2812,KORD,EHAM
2813,OTHH,LTAC
2814,EDDK,EDDM
2815,NZCH,NZWN
2816,EDDV,EDDB
2817,OMDB,LSGG
2818,CYYC,CYXE
2819,RPLL,VHHH
2820,LIMC,OMDB
2821,VHHH,WMKK
2822,KSEA,KPDX
2823,RKSI,KSEA
2824,NZWN,NZRI
2825,KPHL,KMIV
2826,OMDB,EBBR
2827,CYYC,CYCD
2828,VABB,VIDP
2829,57AZ,KPHX
2830,WBKK,WMKJ
2831,OMDB,WMKK
2832,KLAX,VHHH
2833,KJFK,OTHH
2834,EDDP,LJLJ
2835,CYVR,CYYC
2836,RJFF,RJTT
2837,YBBN,YPMQ
2838,YSCB,YWLM
2839,KLAX,RPLL
2840,YMML,YMHB
2841,EDDN,LHBP
2842,YSSY,VHHH
2843,KLAX,KSFO
2844,CYYC,CYQQ
2845,OTHH,KDFW
2846,KTUS,KDMA
2847,WMKK,RPLL
2848,KDFW,KLAS
2849,VGTJ,OMDB
2850,NZCH,NZWN
2851,EDDK,EGNX
2852,VABB,OMDB
2853,EGNX,EGPH
2854,YSSY,YMHB
2855,KLAX,SPJC
2856,OTHH,KPHL
2857,KEWR,LIMC
2858,RPLC,RKSI
2859,LIPZ,LIRA
2860,LFML,LFBD
2861,NZCH,NZWN
2862,LLBG,LTBW
2863,OMDB,LIPE
2864,YCBG,YMML
2865,WMKK,WSSS
2866,CYYC,CYKA
2867,EGNX,LEMD
2868,ZGSZ,ZUCK
2869,OTHH,EKCH
2870,KSEA,KLAX
2871,OMSJ,UKBB
2872,KSFO,KAVQ
2873,KDEN,KSFO
2874,OMDB,EDDF
2875,KLAS,KLAX
2876,VGTJ,OTHH
2877,EKCH,ESSA
2878,YSSY,YSTW
2879,OMDB,KJFK
2880,WMKK,WBKK
2881,NZAA,NZGB
2882,RJBB,RCTP
2883,RJOO,RJTK
2884,EKCH,ENGM
2885,EFHK,EHAM
2886,EGNX,EGAA
2887,ULLI,UWWE
2888,RCTP,VHHH
2889,YSSY,YMML
2890,RJTT,RJFF
2891,OTHH,KLAX
2892,RKSI,EHAM
2893,VOMM,WMKK
2894,EFHK,EFOU
2895,EKCH,ENGM
2896,OMDB,EDDH
2897,KLAX,EGLL
2898,NZPM,NZAA
2899,KDEN,KSAN
2900,RJBB,RJTT
2901,RCTP,KSFO
2902,RJFF,RJOO
2903,OTHH,KBOS
2904,VOBL,OMDB
2905,KSEA,KLAX
2906,EDDV,ENGM
2907,EDDH,LEPA
2908,EDDK,LPPT
2909,OMDB,LIMC
2910,EDDS,EPKT
2911,YSSY,YKEL
2912,NZWN,NZCH
2913,KDFW,KPHX
2914,ESMS,ESSA
2915,LFLL,LFBO
2916,KMIA,EHAM
2917,NZCH,NZAA
2918,OTHH,LFPG
2919,YSSY,YBTH
2920,KLAX,KSEA
2921,VIDP,EGBB
2922,RJTK,RJFF
2923,YCNK,YSSY
2924,EGNX,BIKF
2925,KDEN,KLAX
2926,ESSB,ESSN
2927,LSZM,EHAM
2928,YMEN,YKTN
2929,EPGD,ESGG
2930,VABB,VOBL
2931,LOWW,LIMC
2932,YSBK,YSCB
2933,YSSY,YMML
2934,ESNZ,ESSA
2935,KFXE,KMIA
2936,EBLG,OTHH
2937,VHHH,PANC
2938,VIDP,VAPO
2939,ENGM,EKCH
2940,OMDB,LYBE
2941,VABB,VOBL
2942,LEMD,LEIB
2943,KMIA,KORD
2944,EDDM,EVRA
2945,OTHH,KORD
2946,LOWW,LEPA
2947,EDDF,LPPR
2948,LIRF,EHAM
2949,EGNX,EINN
2950,VIDP,VABB
2951,NZCH,NZHN
2952,OMDB,LOWW
2953,NZHN,NZWN
2954,EIDW,KIAD
2955,OTHH,ENGM
2956,EDDS,EDDV
2957,RJTT,RJOO
2958,YMML,YSSY
2959,KCOS,KLAS
2960,EDDE,EKBI
2961,VHHH,RKSI
2962,NZAA,YSSY
2963,OTHH,LSZH
2964,KJFK,RCTP
2965,KLAS,KU08
2966,NZCH,NZOM
2967,LIME,LIEA
2968,KATL,PANC
2969,RCTP,VHHH
2970,YPAD,YPPH
2971,OTHH,ELLX
2972,VIDP,OMDB
2973,KSEA,KBOI
2974,ESSA,EKCH
2975,EGNX,EIDW
2976,NZNV,NZCH
2977,EDDP,VHHH
2978,KRHV,KE16
2979,EGGW,EGNX
2980,LFPG,EGSS
2981,OTHH,LTBW
2982,YSBK,YKAT
2983,LIME,LIPE
2984,KSEA,KPDX
2985,RJFF,RJTT
2986,KSAT,17TE
2987,EVRA,LFPG
2988,CYYZ,RCTP
2989,FAOR,FACT
2990,VIDP,OMDB
2991,EGBB,EGCC
2992,YPPH,YMML
2993,EGNX,EGAA
2994,RJTA,RJTJ
2995,KDEN,UT13
2996,OTHH,EDDM
2997,ESSA,LFPG
2998,YSBK,YKAT
2999,LHBP,EGGW
3000,ESGG,EETN
3001,NZWN,NZCH
3002,LROP,EDDF
3003,LKPR,EDDK
3004,LTAC,LTFJ
3005,OMDB,LIRF
3006,EPGD,ESKN
3007,ZGSZ,ZUCK
3008,KJYO,01VA
3009,OTHH,EGLL
3010,EPKT,EDLW
3011,ZGSZ,RKSI
3012,LMML,LFPG
3013,WSSS,VHHH
3014,VHHH,PANC
3015,OTHH,RPLL
3016,EETN,EHAM
3017,KOAK,KLAX
3018,EVRA,EDDB
3019,LSGG,LEPA
3020,OMDB,CYYZ
3021,YSSY,OMDB
3022,RCSS,RJTT
3023,VIDP,OMDB
3024,VAPO,VOBL
3025,OTHH,EHAM
3026,NZCH,NZOM
3027,OMDB,LKPR
3028,EDDB,EGSS
3029,WSSS,RCTP
3030,UAAA,VHHH
3031,PANC,KSEA
3032,ZGSZ,PANC
3033,EDDB,EHAM
3034,LEMG,ESKN
3035,OTHH,EBBR
3036,CYYC,CYYZ
3037,YSSY,YMML
3038,ELLX,LIMC
3039,EVRA,EHAM
3040,LPPT,LFPG
3041,LIBD,LIPZ
3042,OTHH,ESSA
3043,VOBL,VHHH
3044,EIDW,EINN
3045,KSEA,PANC
3046,VOMM,VABB
3047,KBFI,KYKM
3048,YCNK,YSBK
3049,KBOS,KHPN
3050,NZAA,NZPM
3051,OTHH,LIRF
3052,ESTA,ESSA
3053,EKBI,LEMG
3054,LYBE,EDDF
3055,ESGG,ESSA
3056,LFPG,GMMN
3057,KLAX,KJFK
3058,UMMS,UKBB
3059,RPLL,RCTP
3060,KVNY,KTUS
3061,OTHH,EFHK
3062,KSEA,CYVR
3063,EVRA,LSZH
3064,OTHH,KJFK
3065,RJFF,RJTT
3066,EBCI,LPPR
3067,EDDB,EDDK
3068,EDDB,LFPB
3069,UUWW,LHBP
3070,ENBO,ENGM
3071,YBCG,YSCB
3072,YSSY,YMAY
3073,YMML,YSSY
3074,LEBL,LFPG
3075,LOWW,EGSS
3076,EGNX,EGPH
3077,OTHH,LEMD
3078,ESSA,ENGM
3079,EDDK,LIRA
3080,NZWN,NZNV
3081,RKSI,KLAX
3082,RJTT,RJFF
3083,EDDL,EHAM
3084,LEMD,EDDP
3085,NZCH,NZPM
3086,KLAX,NZAA
3087,VOBL,VABB
3088,OTHH,LIMC
3089,WMKK,RCTP
3090,EPKK,EGSS
3091,NZWN,NZHN
3092,RKSI,WMKK
3093,OTHH,EDDF
3094,YMML,YSSY
3095,LIMC,OTHH
3096,KPDK,KCTJ
3097,EGSS,EDDK
3098,NZCH,NZOI
3099,EPWA,KORD
3100,EPGD,EHEH
3101,RJBB,VHHH
3102,VOBL,VABB
3103,LSGG,LSZH
3104,LOWW,EBBR
3105,RKSI,KLAX
3106,LIMC,OTHH
3107,LTAC,LTFJ
3108,OTHH,LHBP
3109,LHBP,EDDF
3110,EPMO,EHEH
3111,RJTT,RJOO
3112,LIME,EGSS
3113,RCKH,RCWA
3114,VABB,VIDP
3115,OMDB,EGLL
3116,KSEA,MT54
3117,EDDL,EDDM
3118,EDDP,RKSI
3119,NZWN,NZWU
3120,ENGM,EDDF
3121,YPAD,YSCB
3122,EDDH,LSZH
3123,EFHK,ESSA
3124,EDDV,EHAM
3125,LIME,LIPY
3126,NZTG,NZWN
3127,LOWW,ESSA
3128,KHHR,KCRQ
3129,KLAX,KLAS
3130,OTHH,LDZA
3131,LDZA,EDDF
3132,KPHX,KMIA
3133,VHHH,OTHH
3134,ESSA,EHAM
3135,RCTP,RKSI
3136,ESMS,EPGD
3137,RCSS,RCWA
3138,LOWW,EGLL
3139,LFBO,LPPR
3140,OTHH,LOWW
3141,RJTT,RJOA
3142,EDDN,EHAM
3143,LIPE,LIBR
3144,YSSY,YMEN
3145,LFKJ,LFPO
3146,ENGM,ESSA
3147,EKCH,EHAM
3148,EKAH,EKCH
3149,EDDK,EDDM
3150,YSWG,YSSY
3151,ESGG,EHAM
3152,EDDL,EGLL
3153,KPDX,KBOI
3154,LSZH,UUDD
3155,KLAX,KCLE
3156,LFPG,EDDB
3157,OTHH,KIAD
3158,LIEA,LIML
3159,EGSS,EIDW
3160,LFBO,LPPT
3161,UUEE,UWWW
3162,YSSY,YSCB
3163,RCTP,VHHH
3164,LHBP,LOWW
3165,EGNX,EGAA
3166,WBKK,WMSA
3167,WSSS,VHHH
3168,KDEN,KLAS
3169,CYBG,CYUL
3170,EDDH,EDDS
3171,YSSY,YPAD
3172,YBUN,YPJT
3173,EDDV,EDDF
3174,ENGM,EHAM
3175,PANC,RKSI
3176,KDEN,KPHX
3177,RKSI,VHHH
3178,UMMS,LOWW
3179,VABB,WSSS
3180,VOBL,VIDP
3181,EKYT,EKCH
3182,OTHH,LKPR
3183,NZAA,NZOI
3184,OMSJ,WSSS
3185,EGCC,EHAM
3186,LIEA,LIRF
3187,RPLL,OMDB
3188,LIPZ,LJLJ
3189,UMMS,ESSA
3190,EDDB,EDDF
3191,EGPH,EHAM
3192,LIME,ELLX
3193,KJFK,PANC
3194,KLAX,RKSI
3195,EGNT,EHAM
3196,LIEE,LIML
3197,UUWW,UWSS
3198,OMDB,KORD
3199,EKCH,ENZV
3200,RJOO,RJTT
3201,NZAA,NZRO
3202,KLAX,KBOS
3203,NZGB,NZAA
3204,KSDF,KPDX
3205,EDDM,EDDH
3206,NZAA,NZCH
3207,EFHK,LFPG
3208,LOWW,EDDM
3209,OMDB,RCTP
3210,FALA,FACT
3211,OTHH,VOBL
3212,EPMO,EGSS
3213,LPPT,LPPD
3214,EDDF,EHAM
3215,UUWW,ULLP
3216,LTAC,LTFJ
3217,EKBI,EDDF
3218,EGBB,EDDF
3219,KSDF,60CO
3220,RCKH,RCWA
3221,EFHK,ESGG
3222,OMDB,UKBB
3223,VHHH,RKSI
3224,VOMM,VABB
3225,KOPF,KPDK
3226,EIDW,EHAM
3227,RJTT,RJOA
3228,LIEE,LIRF
3229,UUEE,ULLP
3230,LMML,LOWW
3231,EPWA,EDDF
3232,RPLL,WSSS
3233,KHOU,KDAL
3234,RJFF,RJTT
3235,WA22,KBFI
3236,NZCH,NZNV
3237,EFHK,EGLL
3238,NZWN,NZCH
3239,RJTT,RJFF
3240,RJTT,RJOO
3241,OTHH,EHAM
3242,KLAX,KATL
3243,VHHH,WSSS
3244,OMDB,WSSS
3245,YSSY,YMML
3246,LFBO,LFPO
3247,VOBL,VIDP
3248,KSDF,KOAK
3249,RJOO,RJTT
3250,YSCB,YMML
3251,NZCH,NZWN
3252,OTHH,RKSI
3253,KJFK,PANC
3254,LOWW,LFPG
3255,YSCH,YSSY
3256,CYYC,CYHM
3257,EPGD,EETN
3258,KSMO,KSBA
3259,LTBA,UAAA
3260,EDDW,EHAM
3261,OMSJ,WSSS
3262,YSSY,YBBN
3263,KEWR,KLAX
3264,EGBB,EHAM
3265,LPPT,LFOB
3266,OTHH,ELLX
3267,YPMQ,YSBK
3268,WSSS,RPLL
3269,SBGR,OTHH
3270,GMMN,EBBR
3271,ENZV,ENGM
3272,LOWW,EHAM
3273,KLGB,KPOC
3274,EPWR,EDDF
3275,WMKK,RCTP
3276,YSWG,YSSY
3277,OTHH,LEZG
3278,YSCH,YSSY
3279,UUWW,OMDW
3280,EPKK,EDDF
3281,VIDP,VABB
3282,VHHH,UUEE
3283,RKSI,EDDF
3284,YBBN,YSSY
3285,KJFK,OTHH
3286,LFRS,EHAM
3287,EDDL,LSZH
3288,EPWA,EYKA
3289,WSSS,RCTP
3290,KLAX,KJFK
3291,YPAD,YMML
3292,EDDK,EDDM
3293,EHEH,LPFR
3294,NZCH,NZAA
3295,YMML,YSSY
3296,ULLI,ULMM
3297,EGGP,EPKK
3298,OMDB,EGLL
3299,RJTT,RJFF
3300,OTHH,EGLL
3301,VHHH,RPLL
3302,LFBD,LFPG
3303,EKBI,EHAM
3304,YMPC,YRKE
3305,YKAT,YSBK
3306,EKYT,EKCH
3307,LIMC,EHAM
3308,EGSS,EETN
3309,YSWG,YSBK
3310,KLAS,KEWR
3311,PANC,KSEA
3312,KBOS,KTEB
3313,EIDW,BIKF
3314,ESSA,UUWW
3315,VHHH,RCTP
3316,EGCC,EDDF
3317,LIML,LIRF
3318,ESGG,EPWA
3319,EBMB,EHAM
3320,RPLL,RJBB
3321,OTHH,VABB
3322,OMDW,UMMS
3323,CYHM,CYYC
3324,OMDB,VOBL
3325,LFML,LFPG
3326,LRSB,EDJA
3327,VHHH,RJTT
3328,RJTT,RJFF
3329,VABB,VOMM
3330,EDDB,UKBB
3331,KLAS,KTPA
3332,CYXE,CYYZ
3333,LPPT,EGSS
3334,YPPH,YBBN
3335,UUEE,ULLP
3336,LFBO,LFPG
3337,VHHH,RCTP
3338,EPWA,EBBR
3339,RKSI,RJBB
3340,KCPS,K3K6
3341,LFRS,LFPG
3342,WBKL,WMKK
3343,UUEE,LGAV
3344,LYBE,EDJA
3345,KPHL,NJ64
3346,KLAS,KATL
3347,LEMD,LPPT
3348,LHBP,EIDW
3349,WSSS,RPLL
3350,KORD,EDDF
3351,LSGG,EHAM
3352,VOMM,VIDP
3353,EPWA,EPSC
3354,EDDH,EDDF
3355,KDFW,KMIA
3356,KMIA,SPJC
3357,UUEE,ULMM
3358,VIDP,VOBL
3359,EIDW,EGBB
3360,ULLI,UUWW
3361,RJTT,RJOO
3362,RJFF,RJTT
3363,ESSA,ENGM
3364,UMMS,LTBW
3365,LIML,EDDF
3366,EGNP,EHAM
3367,UKBB,LHBP
3368,VMMC,RCTP
3369,SKBO,KDFW
3370,YBAF,YSPT
3371,NZAA,NZCH
3372,YWLM,YSCB
3373,VOMM,OMSJ
3374,LEMG,EKCH
3375,YBBN,YSTW
3376,RJOA,RJTT
3377,NZWN,NZHN
3378,LPPT,EPKK
3379,YSTW,YSSY
3380,ESSA,EDDF
3381,SKBO,KMIA
3382,WSSS,VHHH
3383,UUWW,EVRA
3384,KDFW,CYYC
3385,LOWW,ELLX
3386,LSZH,EHAM
3387,EBLG,BIKF
3388,KSMF,KATL
3389,LEIB,LEPA
3390,KLAX,KDTW
3391,GMMN,LFPO
3392,YPMQ,YSSY
3393,RJTT,RJBB
3394,KLGB,KPOC
3395,OMDB,VABB
3396,LEMD,LEPA
3397,ESSA,EFHK
3398,KLAS,KFLL
3399,RJOO,RJTT
3400,LSZM,LPPT
3401,LYBE,UUEE
3402,CYHM,CYVR
3403,EDDF,LSZH
3404,KLAX,RCTP
3405,ENGM,ENZV
3406,EGSS,EDDK
3407,LROP,LTBW
3408,EGLL,LFPG
3409,LIPZ,LIRF
3410,EIDW,EGPH
3411,YSSY,YPAD
3412,PANC,RJBB
3413,CYHM,CYVR
3414,KLAX,YSSY
3415,RJBB,RJFF
3416,VIDP,EDDP
3417,FAOR,FACT
3418,YCNK,YOAS
3419,SBVT,SBGR
3420,RCTP,RJBB
3421,KMIA,SBGR
3422,YMAY,YMEN
3423,VABB,VIDP
3424,VHHH,VHSK
3425,VIDP,VIDN
3426,KLAS,KPHL
3427,RJFF,RJTT
3428,LOWW,EDDF
3429,VOBL,VIDP
3430,EGLL,LPPT
3431,KLAX,RKSI
3432,EHAM,EGLL
3433,EDDM,EDDL
3434,LFML,LFPO
3435,OTHH,CYUL
3436,VOMM,VIDP
3437,OMDB,WMKK
3438,LFPG,EHAM
3439,NZWN,NZCH
3440,KLAX,KDTW
3441,ULLI,UUEE
3442,FAOR,FACT
3443,VABB,VOMM
3444,WSSS,WBSB
3445,EDDH,EGSS
3446,LEMD,LEJR
3447,WMKK,RCTP
3448,KVNY,KBUR
3449,RKSI,VHHH
3450,YSCB,YSSY
3451,YSTW,YSBK
3452,LEMD,LFPO
3453,RPLL,OEDR
3454,OMDB,UUDD
3455,KSDF,KBUF
3456,EDDM,EHAM
3457,KORD,KSEA
3458,LOWW,EKCH
3459,WSSS,RPLL
3460,SBGR,SBVT
3461,PANC,KORD
3462,LEMD,LFLL
3463,ENBR,ENZV
3464,KSAN,KMIA
3465,YARM,YSSY
3466,KVNY,KLAS
3467,KLAX,RCTP
3468,VOBL,VIDP
3469,KORD,PANC
3470,NZCH,NZAA
3471,ZGSZ,ZUCK
3472,PANC,RJBB
3473,KLAX,YSSY
3474,VHHH,OTHH
3475,LSGG,LSZH
3476,WSSS,VHHH
3477,LMML,LIRF
3478,KLAX,PANC
3479,LFBD,EBCI
3480,VIDP,VOBL
3481,WSSS,RJBB
3482,EKYT,EKCH
3483,NZAA,KLAX
3484,RKSI,ZGSZ
3485,KLAX,KIAD
3486,EBLG,VHHH
3487,KSFO,KEWR
3488,KLAX,RCTP
3489,RJTT,RJOM
3490,YPPH,YPAD
3491,GMME,LFPO
3492,LPPR,LFOB
3493,UMMS,LIRF
3494,ZUCK,ZGSZ
3495,WMKK,YPPH
3496,YSCH,YSBK
3497,KLAX,KFLL
3498,LEMD,LOWW
3499,EBAW,ELLX
3500,RPLL,RJTT
3501,YSTW,YBBN
3502,LPPR,EPKK
3503,KLAX,RKSI
3504,KSEA,KMIA
3505,EFHK,EFTU
3506,EIDW,EGLL
3507,OMDB,LGAV
3508,LTFJ,LTAC
3509,VOBL,VIDN
3510,EGLL,EHAM
3511,WBKK,WMKK
3512,KPHX,KEWR
3513,VOMM,VABB
3514,YSSY,WSSS
3515,YSCB,YBBN
3516,WMSA,WMKJ
3517,KJFK,CYYZ
3518,KDEN,KFLL
3519,YPAD,YBBN
3520,KPDX,KSEA
3521,LTAC,LTFJ
3522,NZWN,NZCH
3523,YPMQ,YSBK
3524,KPHX,KDTW
3525,CYYZ,CYYC
3526,OMDB,VOBL
3527,ESGG,EPGD
3528,RCTP,VHHH
3529,LSGG,EHAM
3530,KSEA,KBLI
3531,LSZH,EDMO
3532,UUEE,LTBW
3533,SKBO,KJFK
3534,VIDP,VOMM
3535,KLAX,KATL
3536,KORD,EDDF
3537,UUDD,ULLP
3538,LOWW,LSZH
3539,RJFF,RJTT
3540,EKCH,ESSA
3541,LTFJ,LOWW
3542,LEAL,EDDW
3543,EHAM,LIMC
3544,EFOU,EFHK
3545,EDDF,LEZG
3546,KSFO,KIAD
3547,SBGR,LTBW
3548,ESKN,EPGD
3549,PANC,KORD
3550,YCBG,YMML
3551,LDZA,EHAM
3552,LIEA,LIME
3553,CYYC,CYYZ
3554,LSZH,LSGG
3555,YSWG,YSBK
3556,EDDF,EGLL
3557,EHAM,LFPG
3558,EIDW,EHAM
3559,LIRA,EHEH
3560,LIMC,EDDK
3561,SBGR,SBBR
3562,OTHH,EBBR
3563,RJFF,RJTT
3564,LEBL,LEPA
3565,WSSS,ZGSZ
3566,KLAX,KEWR
3567,YMML,YSSY
3568,PANC,KLAX
3569,LPFR,LPPT
3570,KSFO,YSSY
3571,LIML,LIBD
3572,VABB,VOBL
3573,RJTT,RJFF
3574,VHHH,YPPH
3575,EPMO,LFOB
3576,ENGM,EGLL
3577,YSSY,YMML
3578,YBBN,YSCB
3579,LEPA,LEIB
3580,EIDW,LFPG
3581,KLAS,KPHL
3582,LMML,EGLL
3583,LEMD,EGLL
3584,LPPD,LPPT
3585,LIRF,LMML
3586,RJTT,RJFF
3587,KSEA,KPDX
3588,6OR8,KPDX
3589,KMSP,KFLL
3590,LIEE,LIRA
3591,RCSS,RJTT
3592,EKCH,ENGM
3593,NZWN,NZCH
3594,YSSY,YMAY
3595,OMDB,UUEE
3596,RKSI,RCTP
3597,YSSY,YMML
3598,RJTT,KLAX
3599,VOMM,OTHH
3600,RJOO,RJTT
3601,OBBI,OMDB
3602,PANC,KSDF
3603,KSEA,93WA
3604,UUEE,ULLP
3605,RCKH,RCWA
3606,LEIB,LEMD
3607,KLAX,KATL
3608,RCTP,PANC
3609,OBBI,OMDB
3610,UUDD,ULLP
3611,RJTT,RJOO
3612,YSCB,YBBN
3613,CYHM,CYYC
3614,UUEE,LFPG
3615,VHHH,RCTP
3616,LEMG,EHEH
3617,YMHB,YPPH
3618,ENGM,ENHD
3619,KSDF,KBOS
3620,UKBB,UMMS
3621,YSCB,YSSY
3622,RJFF,VHHH
3623,VHHH,WSSS
3624,KBFI,WA22
3625,RKSI,KLAX
3626,VOBL,VOMM
3627,ESOW,ESSX
3628,EDDM,EDDF
3629,LPPD,LPPT
3630,RJTT,RJFF
3631,YMAY,YCOR
3632,EDLW,EPKT
3633,NZCH,NZAA
3634,EGNX,EDDP
3635,EKBI,ESMS
3636,VHHH,RPLL
3637,RJFF,RJTT
3638,LIMC,LOWW
3639,LLBG,LFPG
3640,OMDB,VHHH
3641,EIDW,EDDB
3642,ELLX,RKSI
3643,YSSY,YMML
3644,KMIA,SKMA
3645,EDDM,EDDF
3646,LIML,LICZ
3647,LTAC,LTFJ
3648,LIPZ,LIBD
3649,ESSA,ESGG
3650,ZUCK,ZGSZ
3651,YPPH,YBBN
3652,KLAS,KBKL
3653,KLAX,KSFO
3654,KDAL,KHOU
3655,ULLI,UUDD
3656,YMML,YSSY
3657,YKAT,YSBK
3658,UUEE,EVRA
3659,YSCB,YMML
3660,SBGL,SBGR
3661,CYHM,CYVR
3662,LSZH,LSGG
3663,SKBO,KMIA
3664,KDFW,KATL
3665,LIML,LIRA
3666,ENGM,EKCH
3667,NZCH,NZWN
3668,LEMD,EHAM
3669,KLAX,RCTP
3670,LOWS,LOWW
3671,EIKY,EIDW
3672,VHHH,WMKK
3673,EIDW,EGCC
3674,ENBR,ENGM
3675,ESSA,EKCH
3676,RKSI,WSSS
3677,RCKH,RCWA
3678,LTAC,LTBW
3679,LTFJ,EDDL
3680,WSSS,YPPH
3681,LPPT,LIMC
3682,UWKD,UUDD
3683,KSFO,RCTP
3684,EGGW,UUWW
3685,EGKK,LEAL
3686,EDDK,EDDB
3687,KTEB,KBUF
3688,OERK,VIDP
3689,RJBB,VHHH
3690,RJFF,RJTT
3691,KLAS,KATL
3692,LFPG,LFPO
3693,KSDF,KDEN
3694,LIME,LICJ
3695,RPLL,VHHH
3696,RJTT,RJFF
3697,EIDW,EGLL
3698,KSFO,KMIA
3699,UMMS,EHAM
3700,YWLM,YBBN
3701,LEZL,LPPT
3702,EKRK,EKBI
3703,KLAS,KEWR
3704,LSZH,LJLJ
3705,YMHB,YSSY
3706,ENZV,ENBR
3707,ZGSZ,ZUCK
3708,NZAA,NZCH
3709,EDDM,LGAV
3710,LEAL,EKCH
3711,WSSS,VHHH
3712,ENGM,ENBO
3713,UUDD,LEAL
3714,YMML,YSSY
3715,LTFJ,EGCC
3716,VIDP,VABB
3717,VHHH,RJTT
3718,ENGM,ENZV
3719,RJOO,RJTT
3720,YMML,WBSB
3721,RKSI,WSSS
3722,YMML,YSSY
3723,UUEE,EHAM
3724,LHBP,EIDW
3725,EGSS,EGAA
3726,EVRA,EDDF
3727,RJTT,RJOO
3728,LFPG,OTHH
3729,LTFJ,EHAM
3730,LOWW,EDDF
3731,EDDM,EDDL
3732,EGCC,OTHH
3733,KPAN,KPHX
3734,ESSA,EFHK
3735,VOBL,EDDP
3736,UKBB,EDDM
3737,KPHX,KIWA
3738,LDZA,EDDF
3739,UUWW,ULLP
3740,VABB,OTHH
3741,EGSS,EDDB
3742,05IN,KLAX
3743,EDDM,EDDK
3744,RJTT,RJFF
3745,K1L3,KVGT
3746,KSDF,KABQ
3747,MROC,KFLL
3748,KSDF,KOAK
3749,ESSA,ESPA
3750,EKCH,EKYT
3751,LTFJ,EDDH
3752,LOWW,LGAV
3753,UUWW,ULLP
3754,NZWN,NZCH
3755,EDDG,EDDM
3756,KSEA,RCTP
3757,ESSA,EFMA
3758,KSFO,KORD
3759,SKBO,KMIA
3760,VHHH,OMDB
3761,KSEA,KATL
3762,KGPM,KTKI
3763,EGNX,LIMC
3764,KSFO,RCTP
3765,ENZV,ENGM
3766,VOMM,VOBL
3767,KLAS,KATL
3768,EDDL,EDDM
3769,LTFJ,LIME
3770,UAAA,LTBA
3771,EDDF,RKSI
3772,EDDV,EDDM
3773,YMML,YSCB
3774,LEMD,LIPZ
3775,LTFJ,EBBR
3776,KLAX,KBWI
3777,OMDB,EGLL
3778,LYBE,LTBW
3779,PANC,VHHH
3780,ENZV,ENBR
3781,UUWW,LTBW
3782,CYYZ,EHAM
3783,UUEE,UWLL
3784,YSSY,YSWG
3785,EDDS,EDDH
3786,LTFJ,EDDL
3787,ENUL,ENGM
3788,LEMD,LIRF
3789,YSSY,YMML
3790,RJTT,RJBB
3791,NZCH,NZAA
3792,PANC,KORD
3793,LIRF,LSGG
3794,LSGG,EGSS
3795,YMML,YSSY
3796,EGLL,OTHH
3797,VAPO,VIDP
3798,ENZV,ENVA
3799,EBMB,LPPT
3800,KLAS,KCMH
3801,EKCH,OMDB
3802,LTFJ,EBCI
3803,KSDF,02XS
3804,EFHK,ENGM
3805,EFMA,EFHK
3806,LFPG,OMAA
3807,KMIA,TBPB
3808,KSDF,KMHR
3809,VIDP,EGLL
3810,LIRF,EDDF
3811,LEPA,LEIB
3812,LSZH,EDDF
3813,KSFO,RKSI
3814,LTFJ,EDDM
3815,EGLL,OMAA
3816,BIKF,EKCH
3817,LFPB,LSGG
3818,YPPH,YPAD
3819,YPAD,YSSY
3820,KSDF,KPHX
3821,KEWR,KORD
3822,EDDF,EDDH
3823,UKBB,LTBW
3824,YSSY,YSWG
3825,EGPH,EGLL
3826,LIRF,LSZH
3827,EDDB,EDDK
3828,LTFJ,ESSA
3829,YSSY,YBTH
3830,KPHL,KLOM
3831,KCVG,OBBI
3832,KLAX,KORD
3833,CYYZ,CYVR
3834,KEWR,KDTW
3835,LTFJ,LFPO
3836,NZAA,NZPM
3837,VIDP,VOMM
3838,ENZV,ENBR
3839,EGCC,LHBP
3840,KDEN,KMIA
3841,YMEN,YSSY
3842,YSCB,YPAD
3843,UUEE,ULLP
3844,EIDW,EGBB
3845,LIRF,EHAM
3846,VOMM,VOBL
3847,LFML,LMML
3848,KLAX,YSSY
3849,EDDH,EDDM
3850,LSZH,EDDL
3851,EGLL,EDDL
3852,ELLX,LIME
3853,KVNY,KHHR
3854,LTFJ,EDDS
3855,KGSO,KMSP
3856,RJOA,RJTT
3857,EDDM,LOWW
3858,KMIA,KJFK
3859,KLAX,RJTE
3860,EGBB,EIDW
3861,CYHM,CYVR
3862,LFPG,LSGG
3863,RJTT,RJOM
3864,EDDF,EHAM
3865,LIRA,EDDK
3866,VIDP,OMDB
3867,OMDB,VOBL
3868,YMML,YSSY
3869,KLAX,RCTP
3870,EDDW,EDDM
3871,LSGG,LGAV
3872,EKCH,EKYT
3873,LTFJ,EHAM
3874,YSTW,YBBN
3875,CYYC,CYYZ
3876,KEWR,KATL
3877,VOMM,OMDB
3878,RJFF,RJTT
3879,FAOR,FACT
3880,YMML,YSSY
3881,LTFJ,EGSS
3882,EKCH,LGAV
3883,KSFO,KJFK
3884,KDEN,KPHL
3885,RJTT,RJOO
3886,UUEE,EGLL
3887,RCTP,RKSI
3888,KSDF,KSFF
3889,VAPO,VIDP
3890,LEIB,LEPA
3891,LTFJ,LFPG
3892,LGRP,LGAV
3893,ESSA,EDDB
3894,WSSS,RPLL
3895,LFBO,EDHI
3896,LROP,LTBW
3897,EBMB,EDDM
3898,LLBG,KIAD
3899,KSDF,KDEN
3900,RJBB,RPLL
3901,WMKJ,WMSA
3902,UUWW,LTFJ
3903,RJOO,RJTT
3904,LIMC,LEMD
3905,VHHH,RPLL
3906,PANC,KMSP
3907,LTFJ,EDDS
3908,RCTP,RKSI
3909,RJBB,RJTT
3910,RJOA,RJTT
3911,LMML,EDDM
3912,YBBN,YSSY
3913,EPSC,EPWA
3914,VABB,VIDP
3915,KRFD,PANC
3916,LTFJ,EKCH
3917,YSSY,WSSS
3918,RJOO,RJFF
3919,CYVR,CYYZ
3920,RJTT,RJFF
3921,ENGM,ESSA
3922,UKBB,LTBW
3923,RJOO,RJTT
3924,YSSY,YMML
3925,ENHD,ENGM
3926,LIRF,LICZ
3927,KGSO,KORD
3928,RCTP,KLAX
3929,KORD,PANC
3930,UUWW,OMAM
3931,RJFF,RJTT
3932,KLAX,KMIA
3933,ESSA,EDDF
3934,ULLI,UUEE
3935,ENZV,EGPD
3936,KPDK,KOPF
3937,LSZH,UKBB
3938,RCTP,RKSI
3939,YSSY,YMAY
3940,EDDH,EDDP
3941,KEWR,KSYR
3942,LPPR,EDDF
3943,UKBB,EHAM
3944,KLAX,MGGT
3945,LFPN,LFRM
3946,YSSY,YPEC
3947,LSZH,LGAV
3948,LIRF,LIBD
3949,LTFJ,LSZM
3950,YMMB,YKTN
3951,EBMB,LFPG
3952,RCTP,RPLL
3953,KGSO,KEWR
3954,KSDF,KOAK
3955,EGSS,LOWW
3956,LIRF,LICP
3957,LPPR,EBCI
3958,YSCB,YPPH
3959,EGLL,EGPD
3960,ZGSZ,ZUCK
3961,YMML,WSSS
3962,KABQ,KAPA
3963,EHAM,LSZM
3964,LTBA,VABB
3965,VOBL,VIDP
3966,LIRF,LFPG
3967,KSDF,KMIA
3968,KDFW,EBBR
3969,EHAM,ELLX
3970,EHAM,EGSH
3971,SBVT,SBGR
3972,EHAM,EPKK
3973,KSDF,KBUR
3974,20II,KEWR
3975,KLAS,KEWR
3976,LIRF,LIEA
3977,LTFJ,EDDF
3978,EDDL,EDDM
3979,WSSS,VIDP
3980,KAFW,KORD
3981,EGLL,EGNT
3982,EBBR,LIPZ
3983,KSDF,KPHX
3984,KLAS,KORD
3985,RCTP,RJFF
3986,EDDM,EDDH
3987,LFPG,LOWW
3988,LSZH,LPPR
3989,LTFJ,EDDB
3990,LPPR,LPMA
3991,EGPH,EIDW
3992,KOPF,KMIA
3993,EFHK,EDDH
3994,LFPG,LIRF
3995,ESSA,UMMS
3996,KSDF,KEWR
3997,LFBO,LFRS
3998,KGSO,KATL
3999,VABB,VIDP
4000,ENGM,ENZV
4001,PANC,RCTP
4002,OMDB,EDDK
4003,VIDP,VOBL
4004,EGPF,EGLL
4005,RCTP,VHHH
4006,SKBO,KMIA
4007,KAFW,KOAK
4008,EDDF,LDZA
4009,LIRF,LEMD
4010,KABQ,KAEG
4011,YBCG,YPAD
4012,LSZH,EDDF
4013,YSSY,YBBN
4014,KSDF,KBFI
4015,RJTT,RJOM
4016,KORD,PANC
4017,UUEE,EDDP
4018,LIRF,LIML
4019,VIDP,EDDK
4020,RJBB,RJTT
4021,EHAM,LIMF
4022,LSZH,EDDH
4023,UUWW,ULLP
4024,EBMB,LIMC
4025,LFPG,LIQL
4026,LIRF,KJFK
4027,KAFW,KU42
4028,OMDB,OPMT
4029,RJTT,RJFF
4030,YSBK,YSCH
4031,LJLJ,LTBW
4032,KSDF,KMHR
4033,LHBP,EDDB
4034,YSSY,VHHH
4035,EGLL,BIKF
4036,LSZH,LEMD
4037,RCTP,VHHH
4038,KSDF,KABQ
4039,KSEA,RKSI
4040,PANC,KSDF
4041,VHHH,UAAA
4042,LEPA,EDDH
4043,NZAA,KLAX
4044,KSDF,KFAT
4045,LEMD,LIPE
4046,05IN,KOAK
4047,LSZH,LEMG
4048,UMMS,EFHK
4049,ESGG,ESSA
4050,EBBR,EGLL
4051,ZGSZ,ZUCK
4052,FAOR,FACT
4053,EDDB,EDDF
4054,KSDF,KLAX
4055,LOWW,LEMD
4056,EDDF,LPPR
4057,VHHH,VIDP
4058,EDDF,EDDS
4059,EHEH,EPMO
4060,ESGG,EFHK
4061,YPAD,YSSY
4062,05IN,KPHX
4063,EHAM,KATL
4064,KSDF,KLAS
4065,OMDB,LTBW
4066,PANC,KSDF
4067,EBCI,LFBD
4068,KSDF,KBOI
4069,LFPG,EDDB
4070,LTFJ,LTAC
4071,KMYF,04CL
4072,RJTT,RJOO
4073,KSDF,KSAN
4074,LEIB,LEPA
4075,LKTB,LKPR
4076,EGLL,EGAC
4077,FALA,FACT
4078,EDDH,EDDF
4079,UMMS,LFPG
4080,LOWW,UMMS
4081,ENZV,ENGM
4082,RCTP,KLAX
4083,RJFF,RJTT
4084,EGSS,LIME
4085,WMSA,WMKJ
4086,ENGM,ENZV
4087,EHAM,EDDM
4088,LPPT,LEMD
4089,EPWA,LDZA
4090,LTFJ,UUDD
4091,VABB,OMDB
4092,20II,KMIA
4093,EKCH,EKYT
4094,KSDF,KBOS
4095,NTAA,KSFO
4096,EHAM,ESGG
4097,RJFF,RJOO
4098,UUWW,ULLP
4099,05IN,KSAN
4100,KSDF,KMIA
4101,NZAA,YMML
4102,EPWA,EPGD
4103,YGAD,YPJT
4104,EHAM,EGCC
4105,VHHH,PANC
4106,KEWR,KIAD
4107,EKYT,EKCH
4108,RJFF,RJTT
4109,05IN,KLAX
4110,LSZH,LEPA
4111,LROP,EBCI
4112,WMKK,WBKK
4113,UKBB,LIMC
4114,LTFJ,EDDM
4115,KSDF,KBUF
4116,EGJJ,EGHH
4117,20II,KBOS
4118,KSDF,KORD
4119,KPHX,KDFW
4120,EIDW,EGPH
4121,EBMB,EGCC
4122,EHAM,EGPH
4123,EHAM,LFPG
4124,YSSY,YMML
4125,KSDF,KJFK
4126,EHAM,UKBB
4127,NZAA,NZCH
4128,KSDF,KPDX
4129,RKSI,KSFO
4130,VOBL,VAPO
4131,WBKK,WMKK
4132,RJBB,VHHH
4133,RJFF,RJTT
4134,KLAS,K61B
4135,EGLL,EGCC
4136,LSZH,LOWW
4137,VIDP,VOBL
4138,ENUL,ENZV
4139,LTFJ,EDDF
4140,CYVR,RCTP
4141,EDDF,LOWW
4142,EHAM,EGNT
4143,OMDB,UUWW
4144,LFML,LFKJ
4145,EHAM,LEMG
4146,VHHH,WMKK
4147,EGSS,EPKK
4148,LIML,LIRF
4149,KSDF,KEWR
4150,KLAX,RKSI
4151,LTAC,LTBW
4152,RKSI,PANC
4153,LFPG,LEMD
4154,EHAM,LSZH
4155,TJSJ,KEWR
4156,ESSA,LOWW
4157,LSZH,EVRA
4158,VHHH,KLAX
4159,KAFW,KSAT
4160,EHAM,KLAX
4161,RJTT,RJOA
4162,LMML,EPKK
4163,EPGD,ESMS
4164,KSDF,KSWF
4165,LIRA,LFOB
4166,LPPT,EDDK
4167,EGLL,OTHH
4168,LTFJ,LOWW
4169,KSDF,PANC
4170,EHAM,LIPZ
4171,ELLX,ESSA
4172,VABB,VIDP
4173,ESOW,ESSX
4174,SBGL,SBBR
4175,LTAC,LTFJ
4176,20II,KIAD
4177,RPLL,WSSS
4178,OMDB,OPMT
4179,KAFW,KDEN
4180,EHAM,EFHK
4181,LFPG,LROP
4182,VOBL,VIDP
4183,EDDM,LEPA
4184,YMMB,YLOY
4185,KSDF,KATL
4186,EPWA,LHBP
4187,KSDF,CYMX
4188,GMMN,LEMD
4189,UKBB,EDDB
4190,VIDP,EGLL
4191,EHAM,EDDB
4192,RJTT,RJBB
4193,LMML,LIRF
4194,RJOO,RJTT
4195,EDDF,EDDM
4196,ZUCK,ZGSZ
4197,KIND,KATL
4198,KSDF,KDFW
4199,YMHB,YMML
4200,EGCC,EIDW
4201,VHHH,WSSS
4202,LIBD,LIML
4203,EDDH,EDLW
4204,KCVG,KLAX
4205,20II,KTYS
4206,PAMR,PANC
4207,KAFW,KTUL
4208,LFPG,EGLL
4209,KSDF,KRDU
4210,EDDM,LROP
4211,YPAD,YSSY
4212,FAOR,FACT
4213,EHAM,EKCH
4214,LOWW,KEWR
4215,LYBE,EGLL
4216,KLAS,KDFW
4217,SBGL,SBGR
4218,ENGM,ENZV
4219,LFPG,UUEE
4220,KSDF,KIAD
4221,RJFF,RJTT
4222,VOMM,VOBL
4223,RJTT,RJFF
4224,YBBN,YSSY
4225,EHAM,ESSA
4226,YSCB,YSSY
4227,KSDF,KBWI
4228,EPKK,EGGP
4229,KSDF,CYYZ
4230,UMMS,LTBW
4231,SBVT,SBBR
4232,ESSA,EFTU
4233,KCVG,KDFW
4234,YSSY,ZUCK
4235,UUDD,ULLP
4236,LFPG,LOWW
4237,ENGM,ENZV
4238,OMDB,LSGG
4239,EHAM,ENGM
4240,RJTT,RJOO
4241,EKCH,LOWW
4242,YPAD,YSSY
4243,RJOA,RJTT
4244,RCSS,RCWA
4245,EHAM,EDDL
4246,EHAM,LFBD
4247,LIPZ,LOWW
4248,KCVG,KEWR
4249,KVNY,KPHX
4250,RKSI,KSEA
4251,RJTT,RJOA
4252,LFPG,LFRS
4253,RJTT,RJOO
4254,EDDK,LEMD
4255,EHAM,KSFO
4256,EBLG,KJFK
4257,LIMC,EHAM
4258,UMMS,EDDM
4259,VHHH,RKSI
4260,EDDF,VABB
4261,KOAK,KLAX
4262,KAFW,KLAX
4263,LFPG,EKCH
4264,LFOB,LPPT
4265,KOAK,CN19
4266,ENBO,ENGM
4267,EKYT,EKCH
4268,GMMN,LTBW
4269,VIDP,CYVR
4270,EGLL,LOWW
4271,KSDF,KPHL
4272,KSDF,KLCK
4273,LFPG,EVRA
4274,VHHH,RCTP
4275,RJTT,RJFF
4276,ENUL,EKCH
4277,EGCC,LEMD
4278,SBRJ,SBBR
4279,LIRF,LMML
4280,EBMB,EPWA
4281,YSSY,YMML
4282,KSDF,KMDT
4283,RCKH,RCWA
4284,SBBR,SBGR
4285,PANC,KORD
4286,LEMD,LIMC
4287,EHAM,EKBI
4288,UMMS,LKPR
4289,VABB,VIDP
4290,EIDW,EPGD
4291,LFPG,LFBO
4292,UUDD,ULLP
4293,ESOW,ESKX
4294,EHAM,LOWW
4295,LFPO,LEMD
4296,EGGW,LIMC
4297,EDDF,LMML
4298,EDDF,RCTP
4299,LFPG,UUEE
4300,KSDF,KRSW
4301,KLAS,KMIA
4302,LOWW,LMML
4303,EHAM,EDDH
4304,LTFJ,EDDB
4305,UMMS,EDDB
4306,05IN,K8C4
4307,EDDF,KEWR
4308,KSDF,02XS
4309,KSDF,KTYS
4310,ESPA,ESSA
4311,UUWW,LOWS
4312,SKBO,KMIA
4313,LFPG,EHAM
4314,ULLI,UUEE
4315,EGLL,EGPH
4316,LFPG,LFBD
4317,05IN,KMSP
4318,EHAM,UUEE
4319,EDDF,OTHH
4320,LPPT,LPFR
4321,EGLL,LSGG
4322,LTFJ,LSGG
4323,LLBG,KEWR
4324,05IN,KSTL
4325,GMMN,LEMG
4326,VIDP,VAPO
4327,KSDF,EDDK
4328,EDDF,CYYZ
4329,EDDK,LDZA
4330,SBRJ,SBGR
4331,LFBO,LEGT
4332,RCTP,WSSS
4333,LFPG,KEWR
4334,20II,KBKL
4335,RKSI,CYVR
4336,KSDF,KSAT
4337,LTFJ,LSZH
4338,LFOB,LPPR
4339,EDDM,EDDW
4340,OMDB,UUWW
4341,LFPG,KLAX
4342,EHAM,EETN
4343,LPPT,EPWA
4344,EDDF,EGCC
4345,RJTT,RJOS
4346,YPAD,YSSY
4347,SBBR,SBRJ
4348,LPPD,LPPT
4349,UUWW,LTBW
4350,VHHH,PANC
4351,EHAM,EPWA
4352,WSSS,RCTP
4353,05IN,KMCI
4354,YSCB,YBBN
4355,SBGL,SBBR
4356,LROP,LOWW
4357,KSDF,KSYR
4358,SBGR,SBBR
4359,EHAM,KSEA
4360,EGAA,EGSS
4361,LFPG,LIPZ
4362,LPPT,LPPR
4363,VOBL,VIDP
4364,ZGSZ,ZUCK
4365,OMDB,LTBW
4366,RJOO,RJTT
4367,GMMN,LFPO
4368,EHAM,SBGR
4369,LFPG,EBBR
4370,KSDF,CYHM
4371,RKSI,RPLL
4372,20II,KRDU
4373,OTHH,ELLX
4374,KSDF,CYVR
4375,RJTT,RJFF
4376,VAPO,VIDP
4377,EGSS,EPMO
4378,EGGW,LHBP
4379,EDDF,KMIA
4380,LOWW,KIAD
4381,EHAM,EGLL
4382,UUWW,OMDW
4383,K7L8,8OA7
4384,RKSI,WSSS
4385,EDDP,OBBI
4386,WMKK,VHHH
4387,EDDF,KDFW
4388,ULLI,ULMM
4389,UUEE,LTBW
4390,RJTT,RJFF
4391,WBKK,WBKL
4392,EHAM,SBGL
4393,RJOA,RJTT
4394,VHHH,NZAA
4395,RCTP,RJBB
4396,20II,KABE
4397,NZPM,NZCH
4398,PANC,KORD
4399,KSDF,KMCI
4400,KSEA,KEWR
4401,KSDF,KMKE
4402,SBSP,SBBR
4403,UNEE,UUDD
4404,EBMB,EDDF
4405,EHAM,WSSS
4406,EDDM,LFBO
4407,EGJB,EGNX
4408,FACT,FALA
4409,EDDF,KLAX
4410,EHAM,KBOS
4411,KBOI,KPDX
4412,LROP,LTFJ
4413,KSDF,KDEC
4414,EDDF,KJFK
4415,KSDF,KHSV
4416,EPWA,EPGD
4417,PANC,RKSI
4418,OMDB,EDDF
4419,KSDF,KORD
4420,EGLL,OMDB
4421,LFPG,KJFK
4422,EHAM,EIDW
4423,OERK,OMSJ
4424,LSGG,LFPG
4425,EGBB,EIDW
4426,LSZH,WSSS
4427,EDDF,VHHH
4428,EHEH,LIRA
4429,VHHH,RCTP
4430,PANC,KSEA
4431,LFOB,EPMO
4432,20II,KBNA
4433,KSYR,KBUF
4434,YBBN,YSSY
4435,RPLL,VHHH
4436,ENUL,EPGD
4437,LTFJ,LKPR
4438,EHAM,KATL
4439,LFPG,EIDW
4440,EGLL,LLBG
4441,EPWA,LYBT
4442,ENGM,ENBO
4443,UKBB,LTBW
4444,EDDP,EBBR
4445,OMDB,EDDK
4446,LOWW,EDDM
4447,05IN,KORD
4448,CYYZ,CYMX
4449,KSDF,KDFW
4450,UMMS,UUDD
4451,EDDB,UUEE
4452,EHAM,EVRA
4453,KSDF,KPHL
4454,SBBR,SBRJ
4455,EGLL,EDDF
4456,LFPG,KATL
4457,EHAM,EDDP
4458,EDDF,EFHK
4459,EBLG,OTHH
4460,EPWA,UKBB
4461,RKSI,KDFW
4462,LIBD,LIMA
4463,RPLL,WMKK
4464,VHHH,VABB
4465,LSGG,EDDF
4466,EHAM,KDTW
4467,EDDM,EBBR
4468,EGPD,ENZV
4469,ELLX,EHAM
4470,YBBN,YPPH
4471,VOBL,VOMM
4472,KCVG,KLAX
4473,LOWW,LTFJ
4474,NZCH,NZRI
4475,EGMC,LIMC
4476,ENBR,ENZV
4477,LOWW,EDLW
4478,EGLL,EIDW
4479,WMKK,WMKJ
4480,EDDS,EDDF
4481,EPWA,EPWS
4482,LEMD,KJFK
4483,RJBB,RCTP
4484,ULLI,UUDD
4485,EGBB,EGCC
4486,EHAM,KJFK
4487,KPHL,KMIV
4488,RJFF,RJTT
4489,UUWW,LTBW
4490,EDDB,EDDF
4491,EPKK,ESKN
4492,EDDF,KORD
4493,KMCC,KAUN
4494,EGLL,EDDF
4495,LFPG,EFHK
4496,EETN,EGSS
4497,KMKE,MI58
4498,SBBR,SBRJ
4499,VHHH,RJBB
4500,EDDM,EDDG
4501,EPWA,EPPO
4502,EHAM,KEWR
4503,EGSH,EHAM
4504,RJTT,RJFF
4505,LPPT,LPPD
4506,EDDL,ESSA
4507,KSDF,KOMA
4508,YMMB,YLOY
4509,LIPE,LICJ
4510,EGLL,KJFK
4511,LPPR,EHEH
4512,EDDF,LIRF
4513,LSGG,LIRF
4514,EGSS,EDDK
4515,EHAM,RCTP
4516,LIEE,LIML
4517,KMIA,KJFK
4518,LKPR,LKMT
4519,VIDP,VAPO
4520,RJTT,YSSY
4521,KDEN,KU42
4522,05IN,LFPG
4523,KSDF,KLAS
4524,SBBR,SBSP
4525,EDDB,LIPE
4526,EIDW,LHBP
4527,OMDB,LFPG
4528,EFHK,ESSA
4529,KMIA,SKMA
4530,YSSY,OMAA
4531,UUWW,LSGG
4532,EGMC,LEMD
4533,LKPR,LEMG
4534,WSSS,VOBL
4535,KSDF,EDDK
4536,ULLI,UUWW
4537,EKYT,EKCH
4538,LTFJ,EDDB
4539,EGSS,LPPT
4540,RJBB,RJTT
4541,EGLL,LSZH
4542,TJSJ,KMIA
4543,KORD,KDFW
4544,EPWA,EPKT
4545,EHAM,EDDF
4546,OMDB,EDDP
4547,UAAA,UAII
4548,KORD,KMIA
4549,KSDF,KSTL
4550,LPFR,EHEH
4551,WBSB,WMKK
4552,LKPR,LKMT
4553,ENZV,ENBR
4554,EDDF,KIAD
4555,LIMC,OMAA
4556,LPPT,EGLL
4557,LEMG,LSGG
4558,KOAK,KLAX
4559,NZAA,KLAX
4560,EDDH,EDDF
4561,RJFF,RJTT
4562,UUEE,ULLP
4563,VIDP,VOMM
4564,OPMT,OMDB
4565,LFPO,GMMN
4566,ULMM,UUEE
4567,LSZH,LIRF
4568,SBSP,SBRJ
4569,LFPG,LEMD
4570,ELLX,EDDM
4571,KSDF,EDDK
4572,EGLL,KEWR
4573,KPIT,KEWR
4574,EDDL,EDDH
4575,RJTT,RJOO
4576,EDDM,EKCH
4577,ULLI,UUWW
4578,KSDF,KDTW
4579,LIEE,LIRF
4580,EDDM,LJLJ
4581,EGNT,EGLL
4582,LOWW,LGAV
4583,VHHH,PANC
4584,RJTT,RJOO
4585,SBGR,SBBR
4586,EKCH,ENGM
4587,VAPO,VOBL
4588,LIRA,LIML
4589,LSZM,EHAM
4590,EGLL,KCLT
4591,KSDF,KTUL
4592,YMAY,YSSY
4593,RJOO,RJTT
4594,LTAC,OTHH
4595,SBSP,SBBR
4596,EHAM,LFBO
4597,ZUCK,ZGSZ
4598,RJTT,RJFF
4599,RPLL,OTHH
4600,EDDF,KATL
4601,VABB,VIDP
4602,EDDH,EDDM
4603,LTFJ,OTHH
4604,LDZA,EDDM
4605,RJTT,RJFF
4606,71KY,EBBR
4607,VABB,VOMM
4608,LPPT,LSZM
4609,EGCC,EGLL
4610,EGLL,KEWR
4611,RCTP,VHHH
4612,LIBD,LIRF
4613,SKBO,KMIA
4614,VIDP,VABB
4615,OTHH,EDDF
4616,RJFF,RJTT
4617,RJTT,RJOO
4618,UMMS,EDDF
4619,LEZL,LEPA
4620,RKSI,VHHH
4621,EDDB,EIDW
4622,RJBB,RKSI
4623,KOAK,KSEA
4624,UWLL,UUEE
4625,FAOR,FACT
4626,VHHH,OMDB
4627,ESSA,ESMS
4628,ULLI,UUEE
4629,LFPG,LTBW
4630,KOAK,KU42
4631,SBSP,SBBR
4632,YMAY,YSSY
4633,RCQS,RCSS
4634,EDDM,EDDH
4635,EBCI,EPKK
4636,LEMD,LEMH
4637,ESMS,EPGD
4638,LFRM,LFPN
4639,EGLL,EFHK
4640,RKSI,VHHH
4641,UUDD,LOWW
4642,EHAM,LSZH
4643,EDDM,LDZA
4644,SBBR,SBGL
4645,EFHK,EFOU
4646,RJFF,RJOO
4647,EGSH,EHAM
4648,RJTT,RJOO
4649,LSGG,LFPB
4650,RCKH,RCWA
4651,LEAL,EGCC
4652,EGLL,ENGM
4653,RKSI,RPLL
4654,VIDN,VOBL
4655,SBRJ,SBSP
4656,LPPT,LKPR
4657,VABB,VIDP
4658,LPFR,EGSS
4659,RKSI,RCTP
4660,VIDP,VIDN
4661,KCLE,KDTW
4662,YSSY,RJTE
4663,RJFF,RJTT
4664,KOAK,KLAS
4665,ENZV,ENGM
4666,KGRR,KDCA
4667,K61B,KLAS
4668,WMKJ,WMSA
4669,VOBL,VIDP
4670,EGLL,VABB
4671,KSFO,RKSI
4672,VHHH,RCTP
4673,EDDP,LEMD
4674,KCVG,KPHX
4675,ENZV,ENGM
4676,EGPH,EIDW
4677,YSSY,YMEN
4678,EDDL,EHAM
4679,RCKH,RCWA
4680,RCTP,KLAX
4681,RJTT,RJOA
4682,KOAK,KPHX
4683,EGAC,EGLL
4684,KABQ,KPHX
4685,VAPO,VOBL
4686,UUEE,LTBW
4687,OMDB,UAAA
4688,RJFF,RJTT
4689,YFSK,YMEN
4690,EIDW,EGPF
4691,PANC,KSEA
4692,KCVG,CYMX
4693,ENUL,ENGM
4694,EDDF,LIRF
4695,EHAM,LDZA
4696,OMDB,UUDD
4697,UUEE,EDDP
4698,RJOO,RJTT
4699,RCTP,VMMC
4700,ULLI,LSZH
4701,LIMC,EDDB
4702,VIDP,LTBW
4703,LOWW,LEMD
4704,LEMD,LEMG
4705,KCVG,CYYC
4706,EDDF,EVRA
4707,LTAC,LTFJ
4708,LEMD,LEPA
4709,EDDM,LGAV
4710,KCVG,KSEA
4711,RKSI,KLAX
4712,SBGR,SBRJ
4713,LEMD,LFPO
4714,VIDP,OMDB
4715,EDDF,WSSS
4716,EGNX,EDDK
4717,BIKF,KBOS
4718,EDDF,LGAV
4719,EDDM,EDDL
4720,EDDB,ESSA
4721,SBGR,SBVT
4722,EHAM,EIDW
4723,EGNT,EHAM
4724,KMIA,KNGU
4725,EGPD,EGLL
4726,OMDB,EGCC
4727,RJTT,RJOM
4728,KLAX,RKSI
4729,EPKK,EHAM
4730,CYMX,CYHM
4731,LTBA,EFHK
4732,RPLL,WSSS
4733,KOAK,KPDX
4734,LFBD,LEMG
4735,EHEH,LEMG
4736,EKCH,LEMD
4737,LIRF,LFPG
4738,KBED,KDPA
4739,EDDF,LTBW
4740,LYBE,OTHH
4741,OTHH,EGLL
4742,EGCC,EHAM
4743,KCVG,OBBI
4744,EGLL,KORD
4745,RJTT,RJOA
4746,LIRF,UMMS
4747,GMMN,LEMD
4748,RJTT,RJFF
4749,PANC,KDFW
4750,OTHH,EDDM
4751,LKPR,UKBB
4752,BIKF,EBLG
4753,EDDM,EDDF
4754,TJSJ,KEWR
4755,LEBL,LIRF
4756,EBCI,LFMK
4757,KLCK,KSDF
4758,VABB,VOBL
4759,ENGM,EFHK
4760,EKCH,LEMG
4761,KMIA,SKMA
4762,EHAM,LPPR
4763,EDDP,EGNX
4764,EGLL,LIML
4765,VHHH,VOMM
4766,PANC,KPDX
4767,EDDB,LOWS
4768,EDDM,EHAM
4769,RJTT,RJOM
4770,EHAM,LTBW
4771,ESGG,EHAM
4772,LEZL,LEPA
4773,ENGM,ENZV
4774,EHAM,UUEE
4775,KOAK,KLAX
4776,OTHH,LTBW
4777,EHAM,LIMJ
4778,ZUCK,ZGSZ
4779,EKBI,EKRK
4780,KTUL,KORD
4781,EGLL,KJFK
4782,YSSY,YBBN
4783,RJBB,RPLL
4784,EHAM,VABB
4785,LPFR,LPPT
4786,WSSS,VABB
4787,EDDL,LGAV
4788,OMDB,EGLL
4789,LTAC,LTBW
4790,TJSJ,KJFK
4791,KATL,KSDF
4792,UAAA,UAII
4793,ELLX,EBAW
4794,LTFJ,LTAC
4795,LFNR,LFML
4796,EHAM,UUEE
4797,KSDF,PANC
4798,EBMB,LMML
4799,VAPO,VOBL
4800,KCVG,KATL
4801,YSSY,RCTP
4802,VIDP,VABB
4803,OMDB,OBBI
4804,LEAL,EGKK
4805,VABB,OMDB
4806,LFML,LFBD
4807,KLGA,KATL
4808,KEWR,CYYZ
4809,RJTT,RJFF
4810,VHHH,YBBN
4811,EDDK,LSZH
4812,OMDB,VHHH
4813,KPHL,KATL
4814,UUDD,LSZH
4815,NZAA,RKSI
4816,EGPH,EHAM
4817,LSZH,EHAM
4818,KDAY,KATL
4819,EDDF,LDZA
4820,WMKK,VOMM
4821,VIDP,VOBL
4822,RJOA,RJTT
4823,KSDF,KSAT
4824,EGLL,WSSS
4825,EDDL,LIRF
4826,KPIT,KATL
4827,LPPT,EDDF
4828,KLGA,KATL
4829,EGCC,EBBR
4830,KRSW,KORD
4831,LKPR,LSZH
4832,KMDT,KATL
4833,LYBE,ESMS
4834,KDTW,KPHX
4835,OERK,OMDB
4836,KBOS,KDFW
4837,KDCA,KLGA
4838,LFPO,LPPT
4839,KCVG,CYHM
4840,SBRJ,SBBR
4841,LEMD,LEAL
4842,KFLL,KORD
4843,KAVP,KORD
4844,KBOS,KBWI
4845,LTBA,LLBG
4846,KEWR,KMIA
4847,RJFF,RJTT
4848,LFPB,LEMG
4849,EGGW,UUWW
4850,VABB,VOMM
4851,LDZA,EPWA
4852,NZCH,NZAA
4853,KBOS,KATL
4854,VHHH,RPLL
4855,CYUL,CYYZ
4856,EPWA,LSGG
4857,YSSY,WSSS
4858,VABB,OMDB
4859,KTYS,KATL
4860,KMIA,KATL
4861,KBOS,KMDW
4862,KEWR,KFLL
4863,EDDH,EHAM
4864,PANC,KORD
4865,EGLF,UUWW
4866,VMMC,RCTP
4867,EGSS,LSGG
4868,KORD,KSEA
4869,VIDP,VOMM
4870,VHHH,YSSY
4871,OMDB,EDDF
4872,KCVG,KDTW
4873,TJSJ,FD37
4874,EGLL,KMIA
4875,RCTP,RKSI
4876,KBOS,KDCA
4877,KGSO,KATL
4878,EPKK,EHEH
4879,RJTT,RJFF
4880,KMIA,KATL
4881,LSZH,EDMO
4882,LHBP,EGCC
4883,KLGA,KMIA
4884,EHAM,UMMS
4885,PANC,KORD
4886,KDTW,KLAS
4887,LPPT,LFPO
4888,GMMN,LEMD
4889,KJFK,SKMA
4890,EPWA,EPRJ
4891,VHHH,OTHH
4892,KFLL,KATL
4893,KROC,KBWI
4894,KBOS,KSFO
4895,KLGA,CYYZ
4896,EHAM,EICK
4897,LOWW,EGSS
4898,ENGM,EPGD
4899,LSZH,EGLL
4900,20II,KDCA
4901,SBRJ,SBSP
4902,KTPA,KLAS
4903,KJFK,KMIA
4904,EPKK,LPPT
4905,KFLL,KLGA
4906,EGSS,LPPR
4907,KOAK,KC83
4908,EHAM,EPWR
4909,OMDB,LFPG
4910,KCVG,CYVR
4911,RJTT,RJFF
4912,KPVD,KBWI
4913,LHBP,EPWA
4914,LYBE,LTFJ
4915,LOWW,UKBB
4916,KISP,KBWI
4917,KATL,PANC
4918,EDDH,EFHK
4919,YSCH,YSBK
4920,PANC,KORD
4921,RJFF,RJTT
4922,KCVG,KBWI
4923,EGLL,EIDW
4924,LROP,LFPG
4925,VHHH,WSSS
4926,KDTW,KFLL
4927,20II,KDCA
4928,UMMS,LYBT
4929,LPMA,LPPR
4930,KLGA,KMDW
4931,OMDB,VOBL
4932,KRDU,KISO
4933,VABB,OTHH
4934,TJSJ,KATL
4935,KOAK,KSAN
4936,EGLL,KATL
4937,KCLT,KORD
4938,EKBI,EHAM
4939,KBFI,WA22
4940,WS17,KMWC
4941,KATL,KFLL
4942,KBOS,KRSW
4943,UUEE,EFHK
4944,YMEN,YBLT
4945,SBSP,SBRJ
4946,LTBA,UMMS
4947,EPKK,LPPR
4948,YSSY,WMKK
4949,EDDW,EDDM
4950,LIMC,LPPT
4951,EDDM,UKBB
4952,KCMH,KDCA
4953,KBWI,60CO
4954,KORD,KFLL
4955,RCTP,VHHH
4956,EHAM,EIDW
4957,KDTW,KDCA
4958,KEWR,KDFW
4959,KOAK,KLAX
4960,LYBE,LTBW
4961,KBOS,KMIA
4962,LPPT,SBGL
4963,03PS,KDTW
4964,KJFK,KATL
4965,KDCA,KMDW
4966,SBGR,SBBR
4967,EGLL,KJFK
4968,KTEB,KIAD
4969,KATL,KDTW
4970,EDWE,EDWR
4971,VABB,VOBL
4972,YSBK,YSWG
4973,RJOO,RJTT
4974,LFPB,LSGG
4975,EDDH,EDDR
4976,EHAM,LTBW
4977,UUEE,KJFK
4978,KLGA,KBNA
4979,LFBD,EHAM
4980,KBOS,KORD
4981,VHHH,RCTP
4982,LPPR,LPPT
4983,7MI3,KDTW
4984,ENUL,ENZV
4985,EDDF,VABB
4986,KATL,KPIM
4987,UKBB,OMSJ
4988,KCMH,KPHX
4989,PANC,RKSI
4990,KEWR,KORD
4991,KBOS,KJFK
4992,EDDB,LFPG
4993,EKCH,LEAL
4994,KSDF,KMSP
4995,CYYZ,CYYC
4996,KJFK,KFLL
4997,EDDF,VABB
4998,PANC,KLAX
4999,NK43,KDCA
5000,KBOS,KBNA
5001,KCMH,KBWI
5002,EGSS,EGAA
5003,KADS,KDFW
5004,KEWR,KSFO
5005,SBGL,SKMA
5006,KBOS,7PS7
5007,EPGD,EPWA
5008,LYBE,LSZH
5009,EGLL,KSFO
5010,OMDB,VHHH
5011,RKSI,KSFO
5012,KAUS,KDFW
5013,LROP,EDLW
5014,EHAM,LIRF
5015,KCLE,KBWI
5016,EDDB,EHAM
5017,SBSP,SBBR
5018,EDDF,KPHL
5019,KMIA,KPHX
5020,KOAK,KPHX
5021,CYXU,CYYZ
5022,SBGR,SBRJ
5023,KPIT,KDUJ
5024,RKSI,RCTP
5025,KDAY,KDTW
5026,VOBL,VOMM
5027,ZUCK,ZGSZ
5028,KCVG,KSTL
5029,LIPZ,EHAM
5030,VOMM,OTHH
5031,KFLL,KLAX
5032,KOPF,KTEB
5033,LFPG,LIRF
5034,KORF,KORD
5035,KBOS,01FA
5036,LHBP,EBLG
5037,OMDW,LHBP
5038,KPHL,KFLL
5039,KMCI,KMIA
5040,EHAM,EGPG
5041,EKCH,EHAM
5042,LSZH,LOWS
5043,KCVG,KISM
5044,KLGA,KORD
5045,EBMB,EDDM
5046,VOMM,VABB
5047,LDZA,EDDK
5048,KBOS,KJFK
5049,VHHH,RKSI
5050,VIDP,VABB
5051,RJOO,RJTT
5052,EGLL,LFPG
5053,ENBO,ENGM
5054,KBUF,3NK5
5055,RCTP,VHHH
5056,KCVG,KMIA
5057,VIDP,VAPO
5058,KLGA,KFLL
5059,KTPA,KFLL
5060,KORF,KATL
5061,EDDF,ESSA
5062,KFLL,KDTW
5063,KACY,KFLL
5064,PANC,KLAX
5065,KLAN,KDTW
5066,KBWI,KFLL
5067,KYKM,KBFI
5068,EDDP,EDDF
5069,LFPG,EDDL
5070,EDDF,VHHH
5071,NK43,KORD
5072,KATL,KIAD
5073,KPHL,KMIA
5074,KRDU,KORD
5075,RCTP,KLAX
5076,UUEE,UWWW
5077,EGLL,EBBR
5078,OBBI,VHHH
5079,EHAM,LEMD
5080,VHHH,RKSI
5081,PANC,VHHH
5082,EGLL,LEMD
5083,KLAS,K1L3
5084,KJVL,KMSN
5085,VABB,VIDP
5086,KGRR,KATL
5087,KCMH,KFLL
5088,KBWI,KPHX
5089,KEWR,KATL
5090,KSYR,KORD
5091,KRDU,KISO
5092,LIME,LTFJ
5093,FAOR,WSSS
5094,LPPR,LSGG
5095,ZUCK,ZGSZ
5096,KIAH,KLAX
5097,RKSI,RCTP
5098,KBUF,3NK5
5099,EFHK,EETN
5100,KPHL,KATL
5101,EGGW,LGAV
5102,20II,KRSW
5103,CYOW,CYYZ
5104,YTDN,YMMB
5105,PANC,KORD
5106,EDDH,LTFJ
5107,EHAM,VHHH
5108,EKOD,EKBI
5109,VOMM,VIDP
5110,EPKT,EPWA
5111,KPIT,KLNS
5112,KMCO,KMIA
5113,VHHH,RCTP
5114,WMKJ,WMKK
5115,KBWI,KSAN
5116,EDDG,EDDM
5117,UUEE,OMDB
5118,EGPH,EGLL
5119,EPPO,EPWA
5120,UUDD,EGSS
5121,KDCA,KPHL
5122,EDDH,OMDB
5123,FAOR,FACT
5124,EHAM,LFPG
5125,LIMC,EDDP
5126,YSSY,WSSS
5127,KATL,KORD
5128,LSGG,LGAV
5129,SPJC,SPST
5130,WMKK,VHHH
5131,LIRF,LFPG
5132,MROC,KMIA
5133,EDDK,EGLL
5134,KRDU,KBWI
5135,RJOA,RJTT
5136,UUEE,LTBW
5137,EDDF,EGSS
5138,LTFJ,LTFE
5139,KABE,KORD
5140,VOBL,VIDP
5141,EGLL,LMML
5142,RJFF,RCTP
5143,SBRJ,SBBR
5144,RJTT,RJBB
5145,EHAM,CYYC
5146,VIDP,OTHH
5147,ULLI,UUDD
5148,EKCH,KEWR
5149,KORD,KMIA
5150,KBOI,KU70
5151,KMDT,KDFW
5152,SBKP,SBBR
5153,KISM,KLAX
5154,VABB,VIDP
5155,LKPR,UMMS
5156,EDXY,EDXB
5157,EDDM,LMML
5158,KPHL,KFLL
5159,YSSY,YBBN
5160,RCTP,VHHH
5161,LOWW,LFPG
5162,VOBL,OTHH
5163,KBUF,KBWI
5164,EDDB,UMMS
5165,LSZH,KORD
5166,EGNX,EGAC
5167,KATL,K9A4
5168,KIAD,KSFO
5169,RPLL,VHHH
5170,WSSS,WMKK
5171,KDFW,KORD
5172,EGLL,EHAM
5173,50PA,KABE
5174,EKCH,LFPG
5175,LIRF,LEMD
5176,EHAM,KORD
5177,VIDP,VAPO
5178,KMSN,KATW
5179,RKSI,KLAX
5180,RPLL,VHHH
5181,KDCA,KBNA
5182,CYYC,CYVR
5183,KRDU,01FA
5184,KATL,KBOS
5185,KMKE,KPHX
5186,LSZM,EDDM
5187,LPEV,LPSO
5188,KCLE,KMIA
5189,LIPZ,LFPG
5190,EDDF,VOBL
5191,KCVG,K8C4
5192,EHAM,EDDF
5193,OERK,VIDP
5194,KCVG,KMDT
5195,LFPG,EHAM
5196,YPPH,YMML
5197,EICK,EGLL
5198,KDFW,KFLL
5199,LEBL,LEPA
5200,SBGR,SBBR
5201,VIDP,VABB
5202,EGLF,LSGG
5203,UUEE,LYBE
5204,GMMN,LTBW
5205,SBRJ,SBVT
5206,KATL,KU42
5207,EHAM,LPPT
5208,VGTJ,OMSJ
5209,ESSA,EHAM
5210,EHAM,VIDP
5211,KTEB,CYUL
5212,RKSI,KSFO
5213,KMVY,KBOS
5214,LYBE,OMDB
5215,OMDB,VIDP
5216,KCMH,KMIA
5217,PANC,VHHH
5218,KDCA,KDTW
5219,KATL,PANC
5220,EPWA,EHAM
5221,KIND,KEWR
5222,KSTL,KPHX
5223,EDDF,LHBP
5224,ULLI,UUDD
5225,EDDF,EGBB
5226,KMDT,KORD
5227,LROP,EDDM
5228,EDLW,LOWW
5229,LSGG,EGLL
5230,ESSA,EFHK
5231,EGKB,EBAW
5232,KIAD,KORD
5233,KGSO,KORD
5234,VHHH,PANC
5235,KDCA,KLAX
5236,YSSY,WMKK
5237,KCVG,KMSP
5238,RPLL,RCTP
5239,LFPG,GMMN
5240,09PA,KORD
5241,EETN,EPWA
5242,KBWI,KDFW
5243,VOBL,VIDP
5244,RKSI,VHHH
5245,KDFW,KATL
5246,LSGL,LSGP
5247,EBCI,LTFJ
5248,KDCA,KPHX
5249,KRDU,KMIA
5250,EHAM,KIAD
5251,KCMH,KATL
5252,KSTL,KORD
5253,LROP,EPWA
5254,EGCC,EDDF
5255,EDDF,LIPE
5256,KLGA,KMSP
5257,KHOU,KATL
5258,YMML,VHHH
5259,KATL,KDEN
5260,KPIT,KBOS
5261,OPMT,OMDB
5262,KDCA,KATL
5263,KFLL,KMDW
5264,KTPA,KLAX
5265,LEMG,GMMN
5266,LPPT,GMMN
5267,KBWI,KBOS
5268,LEBL,LEIB
5269,LYBE,EPWA
5270,KSPI,KORD
5271,EDDF,EKBI
5272,LFBO,EDDM
5273,KAUS,FD83
5274,KMIA,KPHL
5275,KBOS,KSEA
5276,KORL,KU42
5277,EDWE,EDWR
5278,KSRQ,KTEB
5279,KSYR,KJFK
5280,LEMD,LFPG
5281,KDCA,KATL
5282,KPHL,KMSP
5283,KRDU,KLAX
5284,KORD,KSEA
5285,RCTP,KSFO
5286,UUDD,UWWE
5287,EDDM,LTFJ
5288,VOMM,VIDP
5289,KCMH,KORD
5290,KBOS,02XS
5291,EDDS,LTFJ
5292,KBWI,KATL
5293,KDCA,KDEN
5294,20II,KATL
5295,KBUF,KJFK
5296,LSGG,EGLL
5297,EDDL,LTFJ
5298,KIAD,KATL
5299,KSRQ,KATL
5300,KRSW,KMSP
5301,KSTL,KMIA
5302,KLGA,KTPA
5303,ENZV,ENBR
5304,KMKE,KATL
5305,EKCH,EPGD
5306,SKBO,SPOL
5307,KTPA,KMSP
5308,EDDP,VHHH
5309,KBOS,KLAX
5310,EPKK,EPWA
5311,EGLF,EGHH
5312,VIDP,VOBL
5313,UAAA,LTBW
5314,LPPR,LSZH
5315,RCTP,VHHH
5316,EDDF,EDDH
5317,LTFJ,UUWW
5318,WBKK,WBGM
5319,KDCA,KDFW
5320,WMKK,YMML
5321,LIPE,LEMD
5322,KPHL,KBNA
5323,KBOS,KSRQ
5324,KATL,KRSW
5325,LIME,LMML
5326,KBWI,KORD
5327,EDDF,LJLJ
5328,KSDF,KDEN
5329,KIAD,KATL
5330,KFLL,KDTW
5331,KCMH,KDEN
5332,KLGA,KDAL
5333,ZGSZ,ZUCK
5334,KRDU,KMIA
5335,LDZA,EDDM
5336,KAUS,KMIA
5337,KMSP,KRSW
5338,KRSW,KDFW
5339,KEWR,KFLL
5340,KMSN,KATL
5341,KROC,KORD
5342,KORL,60CO
5343,KSDF,KATL
5344,EDDH,EDDM
5345,UKBB,EPWA
5346,KBOS,KEWR
5347,ENGM,EHAM
5348,KCMH,KCLT
5349,EDDK,LEPA
5350,KMIA,KJFK
5351,KPHL,KORD
5352,MA72,KBOS
5353,UUWW,EGGW
5354,LEPA,LEIB
5355,KMDW,KDTW
5356,KFLL,KACY
5357,KRDU,KMSP
5358,KDAB,KATL
5359,RCTP,WSSS
5360,RJTT,KLAX
5361,UUDD,ULLP
5362,KBOS,KLGA
5363,KORD,KATL
5364,KJFK,KTPA
5365,EDDL,LTFJ
5366,KTYS,KORD
5367,KTUL,KATL
5368,KDTW,KRSW
5369,SBBR,SBGR
5370,KSGF,KATL
5371,KATW,KATL
5372,EHAM,OMDB
5373,KMIA,KDFW
5374,KMCI,KATL
5375,KROC,KJFK
5376,ZGSZ,PANC
5377,EDDF,LSZH
5378,KBOS,KTPA
5379,KATL,KDTW
5380,KMIA,KBWI
5381,KRDU,KDFW
5382,KPHL,KDFW
5383,EDDF,EBBR
5384,88PA,KORD
5385,EDDF,EKCH
5386,RJFF,RJTT
5387,KFLL,KSEA
5388,KFLL,KLAX
5389,LEMD,EGNX
5390,OMDB,OBBI
5391,EDDF,OBBI
5392,KHSV,KORD
5393,ENZV,ENGM
5394,KSYR,KATL
5395,KTPA,KJFK
5396,EHAM,RKSI
5397,GMMN,LSGG
5398,EPKK,LMML
5399,UMMS,EPWA
5400,KMCI,KATL
5401,UKBB,EHAM
5402,KBMI,KATL
5403,CYYZ,KBED
5404,WSSS,VOBL
5405,KATL,KBWI
5406,ZUCK,ZGSZ
5407,KJFK,KU42
5408,KORL,KJFK
5409,ULLI,UUWW
5410,VGTJ,OTHH
5411,KDFW,KDEN
5412,SBGR,SBGL
5413,KFLL,KSFO
5414,LPPT,LSZH
5415,KFLL,KDFW
5416,EPWA,OMDB
5417,KTPA,KATL
5418,CYYC,EDDF
5419,EGLL,KORD
5420,KDCA,KMIA
5421,KSYR,KEWR
5422,KSTL,KPHX
5423,KLGA,KBOS
5424,KRDU,KMDW
5425,KSLK,KBOS
5426,YSSY,YMML
5427,KAUS,XS00
5428,KOMA,KATL
5429,KATL,KLAS
5430,EPGD,EDDH
5431,LFPO,LPPR
5432,ENZV,ENGM
5433,RCTP,KSEA
5434,SBBR,SBSP
5435,KCWA,KMSP
5436,LOWW,LLBG
5437,KORF,KDFW
5438,KMCI,KDTW
5439,KCMH,KATL
5440,KBWI,KMIA
5441,KFLL,KBNA
5442,KPIE,FD83
5443,CYYZ,CYUL
5444,WMKK,VABB
5445,RJBB,RJTT
5446,EGLL,LTBW
5447,RJFF,RJTT
5448,KBUF,KMDW
5449,SBGR,SBVT
5450,ESOW,EGSS
5451,EGCC,OMAF
5452,KCVG,KLGA
5453,EGLL,EIDW
5454,KORL,KSEA
5455,EFHK,EHAM
5456,KSTL,KATL
5457,KFLL,KATL
5458,EDDM,UMMS
5459,EFOU,EFHK
5460,LSZM,LTFJ
5461,KBOS,KSDF
5462,KJFK,KMIA
5463,LEMG,LSZH
5464,KATL,KORD
5465,KORD,KPHX
5466,KCLT,KMDW
5467,LEBL,EDDF
5468,KRDU,KU42
5469,VABB,VOBL
5470,UMMS,EFHK
5471,KMHR,07KY
5472,RPLC,RPLL
5473,LPPT,LIMC
5474,KRSW,KATL
5475,KJFK,KFLL
5476,KFLL,KATL
5477,EDDF,LIPZ
5478,RJFF,RJTT
5479,LOWW,ELLX
5480,LIRF,LIMF
5481,KRDU,8FA4
5482,KORL,KLAX
5483,EDDS,LTFJ
5484,KATL,KMDW
5485,TJSJ,KMIA
5486,EDDF,ENGM
5487,KJFK,KSEA
5488,KCMH,KEWR
5489,KISP,K3C8
5490,KTPA,KDFW
5491,KBNA,KEWR
5492,KBWI,KDAL
5493,OTHH,LFPG
5494,VOBL,VAPO
5495,KMDW,KATL
5496,88PA,KMDW
5497,KATL,KLAS
5498,OMDB,VOMM
5499,ESKN,EPKK
5500,EPWA,LTBW
5501,KMIA,KBWI
5502,KOMA,NE17
5503,KTPA,KLGA
5504,EGLL,KJFK
5505,KRDU,KEWR
5506,CYYC,CYHM
5507,KBNA,KDEN
5508,KBOS,KFLL
5509,KDCA,KORD
5510,LEMD,LEAL
5511,RJFF,RJBB
5512,SBGL,SBBR
5513,KHEF,VA71
5514,RCTP,NZAA
5515,EGLF,EGKB
5516,KCLT,KDTW
5517,KORL,KMSP
5518,EBBR,LTFJ
5519,KFLL,KDEN
5520,EDDF,LPPT
5521,EHAM,KPHL
5522,EPGD,ESKN
5523,KMMU,NK07
5524,EKCH,LTFJ
5525,LTBA,LFPG
5526,EVRA,EFHK
5527,KMKE,KOSH
5528,KFLL,KJFK
5529,LSZH,EGLL
5530,LFPG,KORD
5531,KDEN,KSDF
5532,RJFF,RJTT
5533,EDWQ,EDDN
5534,KORF,KMIA
5535,KDTW,KORD
5536,LHBP,EHEH
5537,9NC9,KDFW
5538,EHAM,UKBB
5539,KMIA,EHAM
5540,KMKE,KDFW
5541,LIML,EHAM
5542,LEMG,LEIB
5543,KBNA,KDTW
5544,LEMD,LIRF
5545,KDFW,KLAX
5546,EDDF,LSGG
5547,LEGT,LFBO
5548,LIME,EPGD
5549,KORD,KPHX
5550,LPPR,EDDF
5551,LOWW,LTFJ
5552,KVPS,KATL
5553,VIDP,VOMM
5554,OMDB,VHHH
5555,ENGM,ENBO
5556,YBBN,YMML
5557,EDDF,EDDM
5558,KORF,KBWI
5559,KBOS,KMSP
5560,LROP,LSZH
5561,ESTA,ESSB
5562,KIAH,KLAX
5563,KMKE,KOSH
5564,KFLL,KORD
5565,EKCH,BIKF
5566,EDDH,EGLL
5567,KSTL,KMCO
5568,KDAL,58FD
5569,UUDD,UMMS
5570,KBNA,KATL
5571,VIDP,VAPO
5572,SBBR,SBGL
5573,ZGSZ,ZUCK
5574,KBOS,60CO
5575,CYOW,CYYZ
5576,VAPO,VOBL
5577,KTPA,KHOU
5578,VOBL,VOTP
5579,CYYZ,KDTW
5580,FALA,FACT
5581,KBNA,KISM
5582,EBLG,KJFK
5583,EIDW,EGGD
5584,KOMA,KDTW
5585,KLNK,KORD
5586,KCMH,KDFW
5587,LMML,EDDF
5588,LIRF,LIMJ
5589,LEAL,EHAM
5590,KDCA,KMSP
5591,LEMG,LEMD
5592,KCLT,KMIA
5593,KBUF,KEWR
5594,LFBO,EHAM
5595,EDDL,EDDM
5596,WSSS,VOMM
5597,KTPA,KDEN
5598,EDDF,EETN
5599,NZCH,NZPM
5600,EKCH,EDDM
5601,KPNS,KATL
5602,KPIT,KATL
5603,KMSP,KIAD
5604,LIPE,EDDB
5605,EETN,EVRA
5606,KMCI,KORD
5607,KCLT,KATL
5608,ESSA,LTFJ
5609,KJFK,KMCO
5610,KOMA,KORD
5611,EDDF,KORD
5612,KMCI,KDEN
5613,KDTW,KDFW
5614,OTHH,EGCC
5615,36II,KORD
5616,LEMH,LEMD
5617,KORF,KDTW
5618,KMSP,KSAT
5619,ESSA,ELLX
5620,KRDU,KATL
5621,SBSP,SBRJ
5622,LIRF,LIPQ
5623,OMDB,WSSS
5624,WMKK,OTHH
5625,EPGD,EIDW
5626,KORL,KDFW
5627,EDDF,LGAV
5628,LEVX,LEMD
5629,KDTW,KBNA
5630,KEWR,KPHX
5631,UAII,UAAA
5632,KJFK,KMSP
5633,KDAL,KMDW
5634,EIDW,KORD
5635,KORF,KEWR
5636,OERK,VGZR
5637,VIDP,VOBL
5638,KORD,KSAN
5639,EHAM,KATL
5640,EDDF,ESSA
5641,LOWW,LIMC
5642,KTEB,KPHL
5643,LIRF,LIPE
5644,KMKE,56WI
5645,KSDF,KORD
5646,KGAI,KDMW
5647,KSYR,KSDF
5648,SBRJ,SBBR
5649,FAOR,FACT
5650,VHHH,VABB
5651,ULLI,UUWW
5652,VIDP,OMDB
5653,SBGR,SBRJ
5654,KBNA,KMIA
5655,EHAM,CYYZ
5656,EGCC,LTFJ
5657,ESMS,ESSA
5658,KCVG,KBOS
5659,VHHH,WSSS
5660,LFPG,LSZH
5661,KDTW,KMDW
5662,KPIT,KPSB
5663,KSTL,KATL
5664,KATL,KHOU
5665,KMSP,KDEN
5666,KLAX,EDDP
5667,KCLE,KMDW
5668,EETN,EFHK
5669,KGSO,KIAD
5670,LEBL,LSZH
5671,EDDL,LIRF
5672,ENGM,ENVA
5673,KJFK,KSAN
5674,KSTL,KORD
5675,KOMA,38NE
5676,SKBO,KMIA
5677,KDUJ,KBWI
5678,KTPA,KMDW
5679,RKSI,VHHH
5680,LFPG,LPPT
5681,KAUS,54TX
5682,LOWW,LROP
5683,KEWR,KMSP
5684,LEPA,LEZG
5685,LIME,EPMO
5686,KBNA,KMDW
5687,KIAD,KMSP
5688,MROC,KDFW
5689,KRDU,KBNA
5690,VIDP,VOMM
5691,LROP,OMDB
5692,KAUS,KMSP
5693,LIRF,LIML
5694,KMDW,KTEB
5695,ENGM,ENZV
5696,LEZL,LEMD
5697,UUEE,ULMM
5698,WSSS,OTHH
5699,LFPG,ESSA
5700,VT48,KEWR
5701,LIRF,LICZ
5702,KFTY,KTEB
5703,KPDK,KCTJ
5704,ENGM,ENBO
5705,RKSI,VHHH
5706,KBOS,KCLT
5707,KDEN,KMIA
5708,KBWI,DE15
5709,NZKE,NZWP
5710,LFPG,RKSI
5711,MROC,KMIA
5712,EDJA,LRSB
5713,LROP,LEMD
5714,SBGR,SBGL
5715,EDDM,EGGW
5716,EDDF,KEWR
5717,KATL,KLAX
5718,LIRF,LIPZ
5719,EGLL,KJFK
5720,KSDF,KDTW
5721,KBNA,KORD
5722,KBOS,KMIA
5723,EDDF,LTBW
5724,KBNA,KHOU
5725,EPRZ,EPWA
5726,KMIA,KLGA
5727,LROP,LFPG
5728,KHPN,KCLT
5729,KEWR,KLAS
5730,KAUS,KEWR
5731,KPHL,KMCO
5732,KOMA,NE38
5733,ULLI,UUEE
5734,KMSP,KPHX
5735,EDDF,LEMD
5736,KPIA,KDFW
5737,EDDF,CYUL
5738,LIRF,EDDF
5739,UMMS,UKKK
5740,VIDP,VOMM
5741,EIDW,EIKY
5742,KORL,KMDW
5743,KMCI,KHOU
5744,LFPG,KBOS
5745,SBSP,SBRJ
5746,KSDF,KMDW
5747,RJTT,RJBB
5748,LEMD,EGLL
5749,CYYZ,CYYC
5750,FAOR,FACT
5751,LEMG,EHAM
5752,KMKE,KAIG
5753,KLAX,KPHX
5754,KMIA,KORD
5755,VHHH,PANC
5756,EGKK,UKBB
5757,SBBR,SBSP
5758,KMCI,KPHX
5759,KFLL,KBOS
5760,KLGA,KATL
5761,EPKK,EBCI
5762,UUWW,UMMS
5763,OTHH,EGLL
5764,EHAM,LTFJ
5765,KFLL,KPHL
5766,EDDM,LTFJ
5767,EDDL,EGBB
5768,KMSP,KORD
5769,SBVT,SBGR
5770,UKBB,OMDB
5771,KHOU,KDEN
5772,ZGSZ,RJBB
5773,KATL,KMIA
5774,LEMD,EGCC
5775,KRDU,66NC
5776,UUWW,EVRA
5777,KCLT,KSGS
5778,KOPF,KTEB
5779,KCVG,KMKE
5780,KMSP,KLAS
5781,EDDF,EPWA
5782,SBBR,SBGR
5783,KSTL,KDEN
5784,VHHH,RCTP
5785,KMSP,KDEN
5786,KOMA,KPHX
5787,49OH,KORD
5788,RJBB,RJTT
5789,KRSW,KACY
5790,VAPO,VIDP
5791,CYYZ,CYYC
5792,EHAM,OMAF
5793,KCMI,KDFW
5794,LFMK,EBCI
5795,LIPZ,LEMD
5796,LFPO,LTFJ
5797,KEWR,KCLT
5798,KOMA,NE17
5799,LEAL,EBCI
5800,KFLL,KBWI
5801,KTPA,KBUF
5802,ESSA,EDDL
5803,KPIT,KEWR
5804,KMSP,KDFW
5805,KAUS,KATL
5806,KIAH,KPHX
5807,KDTW,KGRB
5808,KSRQ,KBOS
5809,KPHX,KSEA
5810,KMKE,5WI9
5811,EDDB,LTFJ
5812,KBUF,KATL
5813,EDDF,LTFJ
5814,RKSI,VHHH
5815,UUWW,ULLP
5816,KJFK,KROC
5817,KMSP,KDTW
5818,KCVG,KEWR
5819,EHAM,RKSI
5820,OMDW,UUWW
5821,KMSN,KORD
5822,VOBL,VIDP
5823,SBSP,SBBR
5824,KTPA,KEWR
5825,KPHL,KDEN
5826,IL38,KMDW
5827,LFPG,LTFJ
5828,KJFK,KSDF
5829,UUDD,LTFJ
5830,KORD,KSEA
5831,KSAT,KDEN
5832,VIDP,OERK
5833,KFLL,KDFW
5834,KJFK,KRSW
5835,KBUF,KJFK
5836,KTUL,60CO
5837,OBBI,OMDB
5838,LHBP,EDDF
5839,KPHL,60CO
5840,KORD,KIAD
5841,KCMH,KMDW
5842,KMIA,MGGT
5843,LEZL,EHAM
5844,KOMA,7NE6
5845,KLGA,KCLT
5846,EDDL,EDDC
5847,KDFW,KLAX
5848,KIND,KDEN
5849,KFLL,KBOS
5850,EHAM,LTFJ
5851,KMKE,KISM
5852,EDDR,ELLX
5853,KMSN,KDTW
5854,KRSW,KDTW
5855,KCWA,KDTW
5856,KHOU,KPHX
5857,KDEN,KPUB
5858,KDAL,KSEA
5859,LEAL,EBBR
5860,KSDF,KDFW
5861,WSSS,YSSY
5862,KLGA,KDEN
5863,KFLL,FD37
5864,KBOS,KEWR
5865,KMCI,KBWI
5866,KTPA,KORD
5867,CYXE,CYVR
5868,KGRB,KATL
5869,KAUS,54TX
5870,KPDK,KSRQ
5871,KSTL,KCLT
5872,KRDU,KDTW
5873,LTFJ,LTAC
5874,KRSW,KEWR
5875,KTUL,KDFW
5876,KORD,KPHX
5877,EGAA,EGBB
5878,KMKE,KORD
5879,KMIC,88MN
5880,KDTW,KISM
5881,CYOW,CYYC
5882,KFLL,KBKL
5883,KPHX,KATL
5884,KGRB,KDTW
5885,KSTL,KBNA
5886,KORL,KJFK
5887,KAUS,KDEN
5888,VHHH,UAAA
5889,KRSW,KMDW
5890,KTUL,KPHX
5891,KDFW,KMSP
5892,CYYZ,CYYB
5893,KDAL,KHOU
5894,KCLT,KEWR
5895,KSTL,KMDW
5896,KAUS,KDAL
5897,KJFK,KBOS
5898,KMKE,KRSW
5899,KDTW,KBNA
5900,KFLL,KMDW
5901,EPPO,EPWA
5902,NK43,KCLT
5903,KEWR,KBOS
5904,KBOS,KMCO
5905,KPHX,KDFW
5906,VAPO,VIDP
5907,KTYS,KATL
5908,KDAL,KPHX
5909,KPHL,LFPG
5910,KORL,KBNA
5911,KSAT,KPHX
5912,KECP,KBNA
5913,KRDU,KDEN
5914,KCMH,KDTW
5915,KLGA,KDFW
5916,KJFK,KMIA
5917,KAUS,KLAX
5918,KORD,60CO
5919,KTPA,KHOU
5920,KFLL,KRDU
5921,KK02,KSTL
5922,LPPD,LPPR
5923,KEWR,KMIA
5924,EDDM,LOWW
5925,EGLL,LGAV
5926,RCTP,VHHH
5927,RKSI,VHHH
5928,KCLE,KEWR
5929,KROC,KATL
5930,LTBA,EDDF
5931,KJFK,KSFO
5932,CYYZ,CYOW
5933,KLAS,KDFW
5934,KRSW,KEWR
5935,EDDF,EGLL
5936,LFPG,UKBB
5937,ELLX,LMML
5938,KTPA,KBWI
5939,KSTL,KDAL
5940,KMKE,KAIG
5941,GMMN,LFPO
5942,KTUL,OK25
5943,EDDP,UUEE
5944,KSKA,KSEA
5945,KSAT,KDAL
5946,CYUL,CYYC
5947,KDCA,KSEA
5948,KDTW,KEWR
5949,KAUS,KDEN
5950,KORD,KSFO
5951,KBOI,KSEA
5952,KEWR,KLAX
5953,UUEE,UWSS
5954,UNEE,UUEE
5955,RJTT,CYVR
5956,KATW,KDTW
5957,KPHL,KMCO
5958,KMKE,KDTW
5959,KIND,KDTW
5960,EDDK,LROP
5961,LEMD,EPMO
5962,EGSS,LTFJ
5963,KDTW,KMKE
5964,LTAC,LTFJ
5965,EDLN,EDDK
5966,VIDP,VABB
5967,KHEF,KCJR
5968,KATL,KDFW
5969,KORD,KMIA
5970,LFPG,CYYZ
5971,KBOS,KDFW
5972,KRSW,KBWI
5973,KLGA,KMIA
5974,KORL,KDEN
5975,KMDW,KDAL
5976,05IN,KDFW
5977,KAUS,KPHX
5978,KMKE,KAIG
5979,CYOW,CYVR
5980,KHPN,KSRQ
5981,KMSN,KDFW
5982,KGRR,KMDW
5983,EDDF,LTFJ
5984,KSTL,KHOU
5985,KEWR,KLAS
5986,KTPA,KDAL
5987,CYUL,CYVR
5988,KMSP,KISM
5989,KHOU,KDAL
5990,KFMY,KOPF
5991,KROC,KEWR
5992,KSMQ,KCDW
5993,VIDP,VIDN
5994,KLGA,KDCA
5995,KDFW,KLAX
5996,KTPA,60CO
5997,KIAH,KLAX
5998,EGJB,EGHI
5999,CYYZ,CYYC
6000,KFXE,KOPF
6001,KEWR,KIAD
6002,EHEH,LPPR
6003,KATL,KFLL
6004,KDAL,KATL
6005,KTPA,KATL
6006,EGAA,EGSS
6007,LTAC,LTFE
6008,KSDF,KMSP
6009,KATL,KBNA
6010,EDDK,LFPG
6011,SBSP,SBRJ
6012,LFPG,OMDB
6013,KFLL,KDEN
6014,KBFI,KYKM
6015,KBOS,KSFO
6016,KMSP,KSEA
6017,EGLL,LYBE
6018,KPHX,KBWI
6019,UUEE,ULLP
6020,KJFK,KRDU
6021,EIDW,EIDL
6022,RCTP,RPLC
6023,LEMG,LFBD
6024,KBED,KCLT
6025,KLNS,KBWI
6026,KBUF,KDTW
6027,KBNA,KSEA
6028,KDFW,KATL
6029,KMSP,KATL
6030,KEWR,KSDF
6031,KJFK,KSFO
6032,EKCH,ENZV
6033,KATL,KMIA
6034,ULLI,LTBW
6035,LFPG,UMMS
6036,EIDW,OMDB
6037,KOMA,50NE
6038,KCJR,61VA
6039,EDDF,EGCC
6040,KDFW,KBWI
6041,KTPA,KPNS
6042,EGSS,EHBK
6043,KMIA,KATL
6044,KTPA,KMCI
6045,KONT,KSBA
6046,KORL,KDEN
6047,KMKE,WN28
6048,LMML,LSZH
6049,LFPG,KATL
6050,KBWI,KCLT
6051,KMKC,KTEB
6052,LEIB,LEPA
6053,KRSW,KDEN
6054,KJFK,KSAN
6055,KEWR,KDEN
6056,VABB,VIDP
6057,KTUL,KDAL
6058,KBOS,KLAS
6059,KMKE,KAIG
6060,VHHH,VABB
6061,KDCA,KMCO
6062,KFLL,KBWI
6063,KDTW,KATL
6064,KATL,KMSP
6065,CYUL,CNV9
6066,LKPR,LTFJ
6067,LFPN,LFPT
6068,ULLI,UUWW
6069,KMSN,KRSW
6070,KEWR,KBWI
6071,KTPA,KDTW
6072,EKYT,ENGM
6073,KFLL,KATL
6074,KPDX,KBOI
6075,KCOE,KSDL
6076,KMMU,KBED
6077,EIDW,LEMD
6078,KSAT,KPHX
6079,KDEN,KORD
6080,KDAL,KBWI
6081,VHHH,VTBS
6082,EHEH,EPGD
6083,EDDL,LOWS
6084,KFLL,KDEN
6085,LIMJ,EHAM
6086,KSTL,KOMA
6087,LFML,LTFJ
6088,KABQ,KATL
6089,KORD,KDTW
6090,KBWI,KLAS
6091,EDDL,LFPG
6092,KAUS,KDTW
6093,KDEN,KLAS
6094,KDAL,KATL
6095,LIRF,EGLL
6096,KHOU,KLAS
6097,EDDF,OMDB
6098,LFPG,ENGM
6099,EDJA,LPPT
6100,KORF,KATL
6101,KDCA,KDAL
6102,KDEN,KPHX
6103,KBWI,KMDW
6104,KATL,KLAS
6105,KCVG,KMSP
6106,ZUCK,ZGSZ
6107,KMSP,KTPA
6108,RPLL,RCTP
6109,KDEN,KOAK
6110,KAUS,KPHX
6111,KHYA,KGHG
6112,KSTL,KU42
6113,EKCH,OMDB
6114,KMKE,KBWI
6115,LFPO,LEMD
6116,ULLI,UWWE
6117,EFHK,EDDF
6118,KJFK,KLAX
6119,LSGG,EGPH
6120,KATL,KPHX
6121,CYYZ,CYUL
6122,KDCA,KEWR
6123,LIEE,LIPZ
6124,EGCC,OMDB
6125,KFDK,WV22
6126,EDDF,OMDB
6127,RCTP,ZUCK
6128,KFLL,KDAL
6129,KMSP,KSDF
6130,KTPA,KEWR
6131,KORF,KDCA
6132,KDEN,KPDX
6133,3OR8,KSEA
6134,LFPG,CYUL
6135,KHPN,KRSW
6136,CYYZ,CYVR
6137,KEWR,KORD
6138,KPNS,KDFW
6139,EDDF,EPKK
6140,KRSW,KFLL
6141,KCMH,KLAS
6142,KSAF,KDFW
6143,SBBR,SBGR
6144,LPPT,LEMG
6145,KI69,45OH
6146,KFLL,KDTW
6147,KDEN,KHOU
6148,KTPA,KSEA
6149,KDEN,KPHX
6150,KSTL,44IS
6151,EGLL,EHAM
6152,KMIA,KDEN
6153,KBNA,KPHX
6154,KATL,KU42
6155,EIDW,KJFK
6156,EDDB,LPPT
6157,KJFK,EGLL
6158,KMKE,KSTL
6159,KOAK,KSDF
6160,KSGF,KDFW
6161,WMKK,WSSS
6162,KABE,KATL
6163,KABQ,NM01
6164,KORL,KBOS
6165,SBVT,SBJD
6166,LFPG,LPPR
6167,49OH,KRSW
6168,KBWI,KDAL
6169,KATL,KDAL
6170,EHAM,EPWA
6171,KMDW,KBWI
6172,KLAS,02XS
6173,KBNA,KLAX
6174,KHWV,K3C8
6175,YPJT,YBUN
6176,KPIE,KABE
6177,KHOU,KADS
6178,KCOS,KDFW
6179,KDVT,KFLG
6180,EIDW,EHAM
6181,KPHX,KSEA
6182,KCLE,KRSW
6183,LSGG,LSZH
6184,KMDW,KFLL
6185,KRSW,60CO
6186,KDAL,02XS
6187,LIRA,LIML
6188,KIND,KMSP
6189,KHOU,KLAS
6190,CYYC,CYUL
6191,KJFK,KBOS
6192,LSZH,LOWS
6193,KMIA,KORF
6194,YMEN,YKTN
6195,EDDL,OMDB
6196,KBFI,07KY
6197,KMCI,KSTL
6198,EGBB,OMDB
6199,KMSP,KBNA
6200,KDEN,KATL
6201,KATL,KTYS
6202,KEWR,KBOS
6203,KFLL,KJFK
6204,KMSP,KSFO
6205,KBNA,KATL
6206,KPHX,KPHL
6207,FAOR,FACT
6208,EICK,EHAM
6209,LSZH,LTFJ
6210,KMDW,KLAS
6211,LEIB,LEPA
6212,YMML,WSSS
6213,KMDT,6PA3
6214,VHHH,OMDB
6215,KORL,KDFW
6216,RKSI,WMKK
6217,SDCO,SBMT
6218,KATL,KSEA
6219,LOWW,LHBP
6220,UUWW,ULLP
6221,KEWR,KRSW
6222,KJFK,02XS
6223,KTPA,KPHX
6224,EPGD,EKCH
6225,KSDF,KATL
6226,YPPH,WSSS
6227,KCPS,MO84
6228,KOMA,KDFW
6229,LEMH,LEPA
6230,KTUL,KSTL
6231,LEMD,OMDB
6232,KSAT,3TA5
6233,RKSI,VHHH
6234,EGKK,EGPE
6235,WMKK,WBSB
6236,KDTW,KMSP
6237,KIAD,KDEN
6238,KSTL,KBWI
6239,KBNA,KU42
6240,SBBR,SBSP
6241,KJFK,02XS
6242,VOMM,VIDP
6243,CYUL,KEWR
6244,KTPA,KMIA
6245,KMSP,02XS
6246,VIDP,VOBL
6247,VHHH,NZAA
6248,KFRG,03NY
6249,EDDB,LTFJ
6250,KMDW,KPHX
6251,KEWR,KSEA
6252,KDEN,KSMF
6253,RKSI,PANC
6254,UUWW,LTBW
6255,KTUL,KHOU
6256,EHEH,EPKK
6257,KAUS,KSFO
6258,CNV9,CYYZ
6259,KEWR,KSRQ
6260,KCMH,KMSP
6261,YMML,YBBN
6262,UAAA,UAII
6263,RJTT,YSSY
6264,EHAM,OMDB
6265,KDCA,KMCO
6266,KMCI,KDFW
6267,KMDW,KHOU
6268,LPPT,EHEH
6269,KAND,SC32
6270,KFFZ,KPAN
6271,KBNA,KMSP
6272,KOMA,KSTL
6273,VOBL,VABB
6274,KABQ,KDFW
6275,KBWI,KBNA
6276,KOMA,7NE6
6277,KPHL,KMIA
6278,EGSS,EDDF
6279,KDAL,KFLL
6280,KIAD,KLAX
6281,KDTW,KRSW
6282,EHAM,LOWW
6283,UAII,UAAA
6284,KEWR,KIAD
6285,KBWI,KRSW
6286,EGLL,UUEE
6287,VABB,OMDB
6288,KSDF,KBWI
6289,KABQ,KGNT
6290,KMIA,MROC
6291,KAUS,KSEA
6292,KBNA,KLAX
6293,KPHX,KMDW
6294,CYYZ,KLGA
6295,KJFK,KFLL
6296,EDDK,EDDP
6297,KEWR,KMCO
6298,KPHL,KCLT
6299,EDDH,OMDB
6300,CYQG,CYKZ
6301,KHSV,KDFW
6302,KAUS,KDFW
6303,KTPA,KATL
6304,EDDM,EBBR
6305,ENUL,ENZV
6306,LFPO,GMMN
6307,KYKM,KSEA
6308,KDAL,KBNA
6309,EHAM,LIRF
6310,YBBN,WSSS
6311,EKCH,EKYT
6312,VIDP,VABB
6313,KHPN,03NY
6314,KEWR,KMIA
6315,VOMM,VOBL
6316,ESSA,ESGG
6317,KBWI,KLAS
6318,KOMA,50NE
6319,KBNA,KBWI
6320,KBOS,KATL
6321,KDCA,KRSW
6322,EHAM,ENGM
6323,KEWR,KATL
6324,KSTL,KDFW
6325,K3C8,KISP
6326,KDAL,KLAX
6327,RCTP,VMMC
6328,RKSI,PANC
6329,KLGA,KSYR
6330,KPHX,KDTW
6331,KOAK,KSDF
6332,KMIA,KLGA
6333,KBOS,KMVY
6334,KPDX,60CO
6335,EGPF,EHAM
6336,LSGG,LTFJ
6337,KLAX,KSFO
6338,CYYZ,KFLL
6339,VGZR,OTHH
6340,LFPG,KJFK
6341,VMMC,RCTP
6342,KBNA,KDFW
6343,EPWR,EDDF
6344,KMIA,KHHR
6345,KAUS,KBWI
6346,UKBB,LOWW
6347,KEWR,KDFW
6348,KJFK,KDFW
6349,KPIE,KCVG
6350,CYYC,CYVR
6351,ESMS,LYBE
6352,KGRB,KMSP
6353,UUEE,EDDF
6354,KMMU,4NY1
6355,OMDW,UUWW
6356,EDDM,UKBB
6357,KFAM,KSTL
6358,CYUL,KORD
6359,EHAM,OMDB
6360,KMIA,KTPA
6361,KRDU,KDEN
6362,KMDW,KU42
6363,KEWR,KRDU
6364,KTPA,KSTL
6365,KHPN,K3C8
6366,KSEA,KDFW
6367,3OR8,KPDX
6368,KJFK,KDEN
6369,KLOU,KJVY
6370,KMIA,MROC
6371,KBWI,KATL
6372,KMIA,KDCA
6373,KDTW,KISM
6374,PANC,KORD
6375,KPHL,KLAX
6376,EDDB,EHAM
6377,KBLI,KSEA
6378,EGSS,LPFR
6379,KABQ,KU42
6380,KORL,KSEA
6381,KBOS,KLAX
6382,KIAD,KDFW
6383,KMIA,KBOS
6384,KBWI,KMKE
6385,KGAI,3VA7
6386,KDAL,KHOU
6387,LFPG,EPWA
6388,KOMA,14NE
6389,CYYZ,KEWR
6390,ENGM,OTHH
6391,LSZH,OMDB
6392,CYYZ,CYYB
6393,KABQ,K0E0
6394,KCOS,KU42
6395,EFTU,EFMA
6396,KBWI,KMIA
6397,EHAM,LIMC
6398,KSEA,KPHX
6399,KMDT,KCLT
6400,KSTL,KPJY
6401,EGLL,LSZH
6402,LDZA,EDDF
6403,VABB,VOBL
6404,KHSV,KATL
6405,KEWR,KPHL
6406,KDTW,KFLL
6407,KMSP,KPSP
6408,KORD,KLAX
6409,EHAM,ESSA
6410,SDCO,SBGR
6411,WSSS,ZGSZ
6412,KMIA,KJFK
6413,LEBL,EDDL
6414,LPPT,OMDB
6415,KSAT,4TS8
6416,LIRF,LIMF
6417,KPHX,KTUS
6418,LEMD,EGMC
6419,EDDL,LEPA
6420,KTPA,KBNA
6421,EBMB,OMDB
6422,KBDR,KEWR
6423,LSZH,LOWW
6424,KATL,KLGA
6425,KPDK,KTYS
6426,EHAM,LSGG
6427,KDTW,KATL
6428,KORL,KBOS
6429,KEWR,KFLL
6430,LFPG,EHAM
6431,WMKK,ZGSZ
6432,KAPA,KLNK
6433,KDEN,KBNA
6434,SBBR,SBGR
6435,EHAM,ENGM
6436,KCDW,NK79
6437,KGRI,KDFW
6438,KORD,KU42
6439,KJFK,KSDF
6440,ENZV,ENGM
6441,KDTW,KSEA
6442,LEMD,LFFY
6443,EIKY,EIDW
6444,KEWR,KDCA
6445,VIDP,VOBL
6446,KVPS,KDFW
6447,KPHX,33AZ
6448,EGLL,CYUL
6449,KFLL,KLGA
6450,LIMC,EGMC
6451,KSDF,KHOU
6452,KFFZ,KA39
6453,KMIA,KORD
6454,KDTW,KSFO
6455,KORL,KHOU
6456,KLAX,KBOS
6457,KLOM,KMIV
6458,KMQS,KPHL
6459,KAUS,KMIA
6460,LEMD,EDDK
6461,ENUL,ENGM
6462,EGLL,OMDB
6463,EDDH,EPGD
6464,KJFK,KATL
6465,KFLL,KLGA
6466,YBBN,YPAD
6467,RPLL,VHHH
6468,LSGG,OMDB
6469,EGPG,EGPJ
6470,SBSP,SBGR
6471,KPHL,EGSS
6472,KMSN,KMSP
6473,UUEE,UUWW
6474,KDTW,KSAN
6475,KRYY,KAHN
6476,KBOS,KATL
6477,KATL,KMIA
6478,KDCA,KLGA
6479,KAUS,KHHR
6480,LIMC,UKBB
6481,KEWR,KCLT
6482,PANC,KORD
6483,KMSP,KBWI
6484,KLZU,KWDR
6485,KTPA,KSFO
6486,KSAT,KBWI
6487,SBVT,SBGR
6488,KBWI,KTPA
6489,CYQQ,CYYC
6490,EDDF,UMMS
6491,EDLW,EDDM
6492,KMIA,KDEN
6493,KHOU,KDFW
6494,KCMH,KRSW
6495,KLAX,KSEA
6496,KSEA,KDTW
6497,EDDH,EDDS
6498,KSET,KALN
6499,KCMH,KDEN
6500,KFFZ,KE95
6501,EHAM,LDZA
6502,KTPA,KEWR
6503,ESSA,LIML
6504,KCLE,KFLL
6505,KBOS,MA55
6506,EGLL,ESSA
6507,KABE,KDTW
6508,KMCI,KMDW
6509,CYYJ,CYYC
6510,KONT,KLAS
6511,EHAM,OMDB
6512,UKKK,LSGG
6513,KEWR,KLAS
6514,EDDH,EDDL
6515,KMCI,KBNA
6516,KFLL,KEWR
6517,KDAB,KATL
6518,KDFW,KSEA
6519,KHIO,KSJC
6520,EGCC,OTHH
6521,LIML,EGLF
6522,KRDU,KCLT
6523,KABQ,NM02
6524,KMIA,KPHL
6525,LEMG,EGSS
6526,KPHX,KBNA
6527,KSFO,KSEA
6528,PN14,KBTP
6529,KLAS,KDTW
6530,OI34,7OA7
6531,CYVR,CYYJ
6532,WMKK,VOMM
6533,CYYZ,CYUL
6534,KDCA,KLGA
6535,LKPR,UUEE
6536,CYYZ,CYOW
6537,KMCI,KSEA
6538,CYYZ,KMCO
6539,KEWR,KMCO
6540,LHBP,EDDN
6541,KATL,KFLL
6542,VIDP,VABB
6543,SBGL,SBGR
6544,ESSB,ESSN
6545,LFPG,OMDB
6546,LEMD,LEMG
6547,EVRA,EGKK
6548,KJFK,KDTW
6549,KORL,KMSP
6550,KBWI,KCLT
6551,VOBL,VABB
6552,UUWW,ULMM
6553,SPJC,SPST
6554,KMKE,KBNA
6555,KPNS,KATL
6556,EGGD,EGPH
6557,KSTL,KMSP
6558,KSEA,KPDX
6559,KMCI,KMSP
6560,RKSI,VHHH
6561,KLAS,KATL
6562,KPHL,KDCA
6563,LIRF,EDDL
6564,KDFW,KHOU
6565,KDFW,KATL
6566,KOAK,UT13
6567,KMSP,KLAS
6568,KCLE,KLGA
6569,KSNS,KUDD
6570,ENBO,ENGM
6571,ELLX,OMDW
6572,KBWI,KRDU
6573,KEWR,KDTW
6574,KTPA,KCMH
6575,EGLL,KORD
6576,KSEA,KOAK
6577,KRSW,KCMH
6578,EHAM,LFPG
6579,KMIA,KSFO
6580,LSGG,LEMG
6581,EIDW,EGLL
6582,EFHK,EGLL
6583,KLEB,KBOS
6584,KMCI,KDEN
6585,ULLI,UUMO
6586,KPDX,KPHX
6587,KSAT,KDFW
6588,KMKE,KLAS
6589,KLAS,KBWI
6590,KAUS,KATL
6591,KPHL,KATL
6592,KLGA,KDTW
6593,KBWI,KSDF
6594,KOMA,KMDW
6595,KPHX,KABQ
6596,KBOI,KLAX
6597,KEWR,KBNA
6598,KONT,UT13
6599,EDNY,EDDL
6600,KSFO,KLAX
6601,KMIA,KTPA
6602,EFHK,EETN
6603,KLAS,KSJC
6604,KSEA,KSFO
6605,KPDX,UT13
6606,KATL,KBNA
6607,KSMF,KPHX
6608,KIWA,KSJC
6609,KSDF,60CO
6610,YMML,WMKK
6611,CYXE,CYYC
6612,LJLJ,EDDF
6613,KSFO,KLAX
6614,KJFK,KTPA
6615,KOAK,KVIS
6616,RKSI,PANC
6617,KDFW,KU42
6618,ENGM,ENZV
6619,CYKA,CYYC
6620,LEMD,LEPA
6621,KRDU,KDFW
6622,KPHX,AZ19
6623,KSEA,PANC
6624,EIDW,KBOS
6625,LIMJ,LIRF
6626,KLAX,KDFW
6627,KABQ,KPHX
6628,LFPG,CYUL
6629,KBWI,KBOS
6630,PANC,KSEA
6631,KATW,KMSP
6632,KPHX,58AZ
6633,KDCA,KCLT
6634,KCLT,KMDW
6635,KSFO,UT13
6636,LEMD,LPPT
6637,LIPE,EDDF
6638,SKBO,KATL
6639,VOBL,VABB
6640,KDFW,KSDF
6641,ULLI,UUWW
6642,KLAX,KMSP
6643,KSEA,KSNA
6644,KMIA,KLAS
6645,KMCC,KAUN
6646,KMDW,KATL
6647,LROP,EBBR
6648,KBOI,KPDX
6649,KTMB,KFXE
6650,KRDU,KLGA
6651,LFPT,LFPN
6652,KSTL,KLAS
6653,LEMD,LIRF
6654,CYUL,CYYZ
6655,4II7,KLAF
6656,KMIA,KTEB
6657,ULLI,UUMO
6658,KLAX,KDTW
6659,KABQ,KPHX
6660,KSKA,KOAK
6661,ENZV,ENGM
6662,EGGD,EIDW
6663,KDAL,KTUL
6664,SBBR,SBSP
6665,WMKK,RKSI
6666,KDTW,KDFW
6667,CYYZ,KORD
6668,EHAM,KJFK
6669,SC32,KAND
6670,KSFO,KMSP
6671,KSYR,KDTW
6672,KORF,KCLT
6673,KBOS,KORD
6674,KROC,KDTW
6675,SBSP,SBRJ
6676,KSJC,UT13
6677,KMIA,KDFW
6678,LIMF,LIRF
6679,KPYM,KBED
6680,EVRA,UUEE
6681,KAUS,KSEA
6682,KLAX,KSJC
6683,KDCA,KUMP
6684,KEWR,KRSW
6685,KBFI,KSDF
6686,EGLL,OTHH
6687,VABB,VIDP
6688,EGLF,EGKB
6689,KSAT,KHOU
6690,88PA,KDFW
6691,KTUL,KDFW
6692,KSMF,KPHL
6693,KBVY,MA36
6694,KBWI,KEYE
6695,KBOS,KBJC
6696,EHAM,ENZV
6697,RJTT,KLAX
6698,LSZH,LYBE
6699,KOMA,35MN
6700,KABQ,KPHX
6701,EFHK,EFKU
6702,LFPB,LSGG
6703,KATL,KFLL
6704,KDEN,KISM
6705,KPHX,KU42
6706,VABB,VOBL
6707,VIDP,VOMM
6708,KPIE,KAPF
6709,LDZA,OTHH
6710,KDEN,KSEA
6711,KEWR,KSAN
6712,KLAS,KDFW
6713,EHAM,ESGG
6714,LEIB,LEMG
6715,VOBL,VOMM
6716,KORD,KATL
6717,KDEN,KMDW
6718,KBNA,KCLT
6719,KHPN,KDXR
6720,YBBN,NZAA
6721,KORL,KLAS
6722,KHYA,KPYM
6723,KDCA,KLAX
6724,KLAS,KSEA
6725,KFAT,KSEA
6726,KFMH,KBOS
6727,EGLL,EDDM
6728,CYYZ,KRSW
6729,KORL,KMKE
6730,KABQ,NM49
6731,VIDP,VABB
6732,KCDW,K12N
6733,KORD,KMSP
6734,LEMD,LPPR
6735,KBVI,1PA5
6736,SBRJ,SBSP
6737,RJBB,VHHH
6738,KAUS,KBNA
6739,RCTP,CYVR
6740,LSZH,LFPB
6741,KDAL,KHOU
6742,KAPF,KVNC
6743,OMDB,UKBB
6744,KMIA,KPHL
6745,UKBB,EDDM
6746,KDEN,KATL
6747,LOWW,OMDB
6748,LEMD,LSZH
6749,KORL,KDFW
6750,LROP,LGAV
6751,KBOI,KGEG
6752,KMCI,KPHX
6753,LPPR,EGSS
6754,OMDW,UUWW
6755,KJFK,KHHR
6756,KMSP,MN41
6757,KONT,CL46
6758,PANC,RKSI
6759,VAPO,VIDP
6760,LSZH,LEPA
6761,KBWI,KHOU
6762,KEWR,KBKL
6763,LEMD,ENGM
6764,KRDU,KBOS
6765,KPDK,KLUK
6766,KLAX,KSEA
6767,LHBP,EDDF
6768,KMIA,KEWR
6769,EFHK,EKCH
6770,KSAT,KBNA
6771,ELLX,EGLC
6772,KFLL,KPHX
6773,KDEN,KLAX
6774,KABQ,60CO
6775,KMHR,KSDF
6776,KPHX,KOAK
6777,ESKN,EPGD
6778,KDAL,KFTW
6779,KFRG,KHWV
6780,KDEN,KBWI
6781,KBWI,KLAX
6782,KBOI,KDFW
6783,PN14,KBTP
6784,KBWI,KLNS
6785,LSZH,EDDF
6786,KSAT,XS40
6787,KSEA,KLAX
6788,KLAX,KORD
6789,VOBL,VIDP
6790,KPYM,KHYA
6791,LPPR,EHAM
6792,RJBB,VHHH
6793,KEWR,KSFO
6794,KPDX,CO12
6795,KSFO,KMDW
6796,KMSP,KJFK
6797,TLPC,TBPB
6798,EFHK,EVRA
6799,KLAX,KLAS
6800,LIPE,LIRF
6801,VAPO,VOBL
6802,EGLL,EICK
6803,KSAT,KDEN
6804,KFMY,KAPF
6805,LIMC,OMDB
6806,PANC,KORD
6807,KEWR,KDTW
6808,KDEN,KSEA
6809,RJBB,PANC
6810,KMCI,KU42
6811,ENGM,OTHH
6812,UMMS,UKKK
6813,KBWI,KDUJ
6814,KSMF,KLAX
6815,KJFK,KLAX
6816,KJVY,KLOU
6817,KLAS,KU42
6818,KHPN,KDXR
6819,KBOS,KRDU
6820,KBDR,KTEB
6821,EDSB,LPPR
6822,LFPG,OTHH
6823,KBUR,KSBP
6824,KDAL,KMDW
6825,KRSW,KSTL
6826,KPIE,KMIA
6827,ESSA,EBBR
6828,WSSS,VCBI
6829,KEWR,KSTL
6830,KONT,KSDF
6831,KMSP,KRSW
6832,LIPZ,LIRF
6833,KTPA,KPHL
6834,1IS0,KCPS
6835,EPWA,UMMS
6836,KRDU,KMCO
6837,79OI,KMGY
6838,EDDB,EKCH
6839,EDLP,EDDW
6840,LIPQ,LIRF
6841,KFAT,UT13
6842,KFLL,KDFW
6843,KMSP,KLAX
6844,9LL0,KSTL
6845,KLAX,02XS
6846,UUEE,LFPG
6847,LEMD,EDDF
6848,EGLL,EGCC
6849,KJFK,KPHX
6850,PANC,KSEA
6851,KHOU,KBNA
6852,KMSP,KSEA
6853,KBOI,KOAK
6854,KMIA,KATL
6855,KATL,9NC6
6856,LIRF,OMDB
6857,LLBG,EBLG
6858,KISP,KHWV
6859,KPDX,KOAK
6860,LEZG,LEPA
6861,LEMD,OTHH
6862,KLAS,KOAK
6863,ELLX,LOWW
6864,KATL,KISM
6865,KLUK,KI69
6866,KBOS,KSLK
6867,KATL,KDEN
6868,LFPO,LPPT
6869,KHYA,KBOS
6870,UUEE,ULLI
6871,KBNA,KMIA
6872,KJFK,KLAS
6873,KLAX,KOAK
6874,KORD,KLAX
6875,EHAM,LSGG
6876,LEIB,LIML
6877,KMSP,KRSW
6878,EDDF,CYYZ
6879,KAUS,KHOU
6880,KFAT,KDFW
6881,KMCI,KLAS
6882,KDEN,KSTL
6883,LSZH,LSGG
6884,KMKE,KMSP
6885,KBOS,KRSW
6886,EIDW,LFOB
6887,KPDX,KATL
6888,PANC,KORD
6889,KCLT,KDFW
6890,KSKA,KSEA
6891,CYUL,KFLL
6892,EGLL,CYYZ
6893,UWKD,UUDD
6894,KOPF,KIAD
6895,KBOS,KBWI
6896,KFLL,KEWR
6897,LIME,LIBD
6898,KPHX,KABQ
6899,KPDX,KSDF
6900,EIDW,LEMG
6901,KOAK,KMDW
6902,EGGP,LEAL
6903,LSZH,LFPG
6904,LPPT,LFPO
6905,KPHL,KMIA
6906,KSEA,KMSP
6907,KMIV,KLOM
6908,KTYS,KDFW
6909,KDAB,KRSW
6910,KBNA,KFLL
6911,LEMD,EDDM
6912,KMSP,KISM
6913,LKPR,OMDB
6914,KVPS,KATL
6915,KJFK,KPHX
6916,EGLL,LPPT
6917,KSAN,KSEA
6918,KDEN,KLAX
6919,LTFJ,LTAC
6920,KSMF,KDFW
6921,KPHX,KMSP
6922,KPHL,KDFW
6923,KBOI,KMSP
6924,KLOM,KN47
6925,KTPA,KDFW
6926,KRSW,KDFW
6927,KSEA,UT13
6928,KRDU,KOPF
6929,CYYZ,CYXE
6930,KFLL,KEWR
6931,KDFW,KSEA
6932,EDDS,LSZH
6933,SPST,SPJC
6934,KRVS,K3F7
6935,LEMD,EHAM
6936,KPHL,TJIG
6937,KSAN,KDFW
6938,KRYY,KJZP
6939,LEMD,EGKK
6940,KTEB,KMIA
6941,KPHX,KSEA
6942,YPPH,WMKK
6943,LKPR,LPPT
6944,EBMB,LEMG
6945,KCMH,KDFW
6946,EKCH,EDDF
6947,LFPG,EDDB
6948,SBBR,SBGR
6949,KDTW,KPDX
6950,KARB,KYIP
6951,KMSP,KATL
6952,LEAL,UUDD
6953,KBWI,KBOS
6954,KORL,KPHX
6955,KLAS,KCLT
6956,KHPN,03NY
6957,KIAD,KOPF
6958,LEMD,LIMC
6959,GA04,KFFC
6960,KMDT,KDTW
6961,KJFK,KORD
6962,EFHK,ESSA
6963,KBNA,KEWR
6964,KMKE,KFNT
6965,KHEF,VA87
6966,RCTP,OMDB
6967,KDCA,KBOS
6968,LEMG,LKPR
6969,LIMC,LICJ
6970,KDAL,KLAS
6971,KPDX,KSAN
6972,KOAK,KLAS
6973,EKCH,EBBR
6974,KMSN,KRSW
6975,KSJC,KSEA
6976,KHHR,KSQL
6977,KHOU,KBWI
6978,KLAS,KDFW
6979,LTAC,LTFJ
6980,LKPR,LEMG
6981,KSAN,KMSP
6982,RJBB,WSSS
6983,KDEN,KHOU
6984,EFHK,UMMS
6985,KPDX,KLAS
6986,KOAK,KLAX
6987,KSAN,KSMF
6988,KBOS,KCLT
6989,KMSP,KPHX
6990,KPHX,AZ00
6991,KCNO,KHND
6992,9NC9,KCLT
6993,LIPE,EPMO
6994,KATL,KMDW
6995,LFPB,LIML
6996,VIDP,VOBL
6997,KLAX,KMIA
6998,KAUS,KU42
6999,KSRQ,KDFW
7000,WSSS,VHHH
7001,KFOK,KFRG
7002,EDDH,EDDL
7003,KBNA,KLAS
7004,KTEB,KU42
7005,KDFW,KEWR
7006,EVRA,EHAM
7007,LIME,LIED
7008,KTUL,KU42
7009,VHHH,RCTP
7010,KWDR,KLZU
7011,KORD,KDFW
7012,KMIA,SKMA
7013,KSTL,KATL
7014,KATL,KMDW
7015,KORL,KDFW
7016,KOAK,CL77
7017,KLZU,KWDR
7018,KAUS,KMDW
7019,KMCI,KDAL
7020,EDDF,LEMG
7021,KOAK,KVIS
7022,KBOI,KSFO
7023,KAFW,0TS2
7024,KRSW,KDAL
7025,KONT,KDFW
7026,KSAN,KDAL
7027,EIDW,LOWW
7028,KATL,KDEN
7029,KTPA,KMDW
7030,KOMA,KPHX
7031,KSDF,KMIA
7032,LFPG,LKPR
7033,EDDF,OTHH
7034,KPHX,KVNY
7035,KBOI,KPHX
7036,VHHH,RCTP
7037,KAUS,KEWR
7038,LPPT,LEMD
7039,KONT,KPHX
7040,KPSP,KLGB
7041,ESSA,ESMS
7042,KADS,KTKI
7043,LSZH,LSGG
7044,EVRA,EBMB
7045,LEAL,EGKK
7046,KSAN,KPHX
7047,EKCH,EKYT
7048,KPDX,KSEA
7049,YSWG,YSBK
7050,LEBL,EDDM
7051,KLAS,KBNA
7052,WV22,KFDK
7053,KBWI,KORF
7054,KSMF,KLAS
7055,LFPG,LFBO
7056,LFPO,LPPR
7057,EFHK,LSZH
7058,CYVR,CYYZ
7059,EGLL,LSGG
7060,KRDU,KFLL
7061,KFCM,KFBL
7062,OTHH,VHHH
7063,KSEA,KMDW
7064,KONT,KSMF
7065,UUEE,UWWW
7066,KBOI,KSEA
7067,KJFK,KDTW
7068,KMDW,KISM
7069,KABQ,NM49
7070,KATL,KLAX
7071,KBNA,KDEN
7072,KFDK,KMRB
7073,KSJC,KPHX
7074,ENGM,ENBO
7075,KSAN,KBNA
7076,KPHX,KSMF
7077,KDEN,KEWR
7078,KPIE,KRSW
7079,KATL,KJFK
7080,EDDM,EDDK
7081,KIAH,KDFW
7082,KPSP,KLAX
7083,EFHK,EFOU
7084,LHBP,OTHH
7085,EIDW,OTHH
7086,KLOU,KJVY
7087,ENBO,ENGM
7088,SKBO,KMIA
7089,LSGG,LPPR
7090,NK79,KCDW
7091,LYBE,EDDF
7092,VOBL,VIDP
7093,K5B2,KSCH
7094,ULLI,UUDD
7095,KLGA,KRSW
7096,RCTP,PANC
7097,KORD,KDEN
7098,KDEN,KU42
7099,ESSA,OTHH
7100,VIDP,OMDB
7101,LFPG,LIMC
7102,OERK,VIDP
7103,KAUS,KDFW
7104,SC32,KAND
7105,KBOS,KSAN
7106,KMDW,KBNA
7107,KSDL,KPHX
7108,VABB,VIDP
7109,KBNA,KATL
7110,KTPA,02XS
7111,KSMF,KLAX
7112,KBWI,KFLL
7113,WSSS,VHHH
7114,KPHL,KRSW
7115,KDEN,KLAS
7116,LFML,LFQQ
7117,ESDF,ESSA
7118,SBGL,SBGR
7119,KJFK,PANC
7120,KPWK,KMIA
7121,KMKE,KISM
7122,KIAD,KDTW
7123,KSEA,KPHX
7124,KBVY,MA36
7125,ENGM,EKCH
7126,KMSP,KFLL
7127,KATL,KPDX
7128,KLGA,KFLL
7129,EGLL,EDDH
7130,EETN,EFHK
7131,ESSA,EGLL
7132,KORD,KPHL
7133,KCLT,NC03
7134,EDDC,EDDL
7135,ZGSZ,ZUCK
7136,VABB,VIDP
7137,KDEN,KMSP
7138,KTUS,KPHX
7139,K7N1,KDTW
7140,PANC,RKSI
7141,KSMF,KPHX
7142,LSGG,EBBR
7143,LFPG,LFNR
7144,KATL,KDEN
7145,LEAL,EHEH
7146,KDEN,KSTL
7147,KJFK,KCLT
7148,EGGD,EGGW
7149,EPWA,LPPT
7150,KABQ,KMDW
7151,KDEN,KLAS
7152,KDAL,02XS
7153,UWWW,UUDD
7154,SBGR,SBBR
7155,KJFK,KSYR
7156,KDVT,KPAN
7157,LMML,LIME
7158,EBMB,LFPB
7159,GMMN,OTHH
7160,ULLI,ULMM
7161,KLAX,KSWF
7162,KHWO,KOPF
7163,KATL,KDFW
7164,KMSP,KMIA
7165,NZPM,NZAA
7166,EKCH,OTHH
7167,EDDM,LSZH
7168,ENZV,ENBR
7169,KTEB,KOPF
7170,KBOS,KDFW
7171,EGLL,LEBL
7172,KDEN,36II
7173,EHAM,OTHH
7174,KTUL,KWLD
7175,KATL,KPLR
7176,EGLL,EGPH
7177,KALN,K3LF
7178,EFHK,OTHH
7179,KLAX,KSFO
7180,KDFW,KLGA
7181,KACY,KFRG
7182,EDDF,EDDC
7183,KBWI,KEWR
7184,KSTL,KATL
7185,KDEN,KFLL
7186,KATL,MROC
7187,KFFZ,KCGZ
7188,KATL,KDTW
7189,EDDF,LPPT
7190,VIDP,VABB
7191,KRDG,KLNS
7192,EGLL,LTBW
7193,KPNE,KLNS
7194,KMSP,KU42
7195,KFFZ,KE95
7196,KORL,KSTL
7197,KPDX,KLAX
7198,RKSI,PANC
7199,KFLL,KATL
7200,KATL,KSTL
7201,KJFK,KLAS
7202,KCVG,KMDW
7203,KSEA,KATL
7204,KLAX,KMDW
7205,KMSP,KMDW
7206,LFML,LPPR
7207,KLAS,KATL
7208,KLGA,KCLT
7209,VABB,VOBL
7210,KPDK,30GA
7211,KRYY,KJZP
7212,KPHX,KMDW
7213,ENZV,EKCH
7214,KSTL,60CO
7215,KSNA,KCRQ
7216,RKSI,VHHH
7217,EIDW,EGSS
7218,EDDF,EGLL
7219,KN81,KN14
7220,KATL,KFLL
7221,KECP,KATL
7222,KRVS,KH76
7223,EVRA,EDDM
7224,KOAK,KVIS
7225,EDDF,CYYZ
7226,KLAS,KDAL
7227,ENUL,ENZV
7228,VOMM,VIDP
7229,KHWV,KISP
7230,KATL,KMDT
7231,EFHK,EHAM
7232,KDEN,KSFF
7233,KMVY,KJFK
7234,KATL,KJFK
7235,ESPA,ESSA
7236,EGBB,EDDL
7237,KTPA,KBOS
7238,KATL,KRIR
7239,KPVU,UT99
7240,KOPF,KTEB
7241,KPHX,KSDF
7242,KORD,KPHX
7243,KDEN,KLAX
7244,KHOU,KDEN
7245,KSTL,KORD
7246,KDCA,KDAL
7247,KPDX,K4S2
7248,LEMG,EHAM
7249,KSDL,19AZ
7250,KORD,KROC
7251,VIDP,OTHH
7252,KPIT,KBFD
7253,KLAX,KATL
7254,KFFZ,KAVQ
7255,KSEA,KLAS
7256,KMSP,KMCO
7257,EDFC,EDQT
7258,KORL,KLAX
7259,KSAN,KSEA
7260,KMRY,KPHX
7261,VABB,VOMM
7262,K12N,KCDW
7263,KDET,KPTK
7264,KPHX,KORD
7265,KFLL,KDCA
7266,ESOW,ESSX
7267,KTUS,KPHX
7268,KBOS,KBNA
7269,KSFO,KLAX
7270,VOMM,VABB
7271,CYYZ,KOPF
7272,KMSP,60CO
7273,KEWR,KCLT
7274,KATL,KLAS
7275,01VA,KJYO
7276,VIDP,VOBL
7277,EKYT,EKCH
7278,KORD,KRSW
7279,KMTN,KLUK
7280,KBUR,KSBP
7281,EBMB,LPPR
7282,KOAK,KBUR
7283,KIAD,KEWR
7284,KSNA,KMSP
7285,KLAX,KSFO
7286,KDEN,KSFO
7287,KEWR,KBUF
7288,KMSP,KPHX
7289,KDFW,KPHL
7290,ZUCK,ZGSZ
7291,KRSW,KATL
7292,KORL,KMSP
7293,ULLI,UUDD
7294,LTAC,LTBW
7295,LIML,LICZ
7296,UUEE,ULMM
7297,LTBA,LEMD
7298,KCMH,KDTW
7299,KPDX,KSJC
7300,KONT,KATL
7301,KBOS,KEWR
7302,KRDU,KMIA
7303,EHAM,EGLL
7304,KDTW,KCLT
7305,RKSI,ZGSZ
7306,KECP,KDFW
7307,SBBR,SBRJ
7308,KSFO,KPDX
7309,VIDP,VOBL
7310,KLGA,KDFW
7311,ENHD,ENBR
7312,EGLL,KATL
7313,KORD,KMDT
7314,KOPF,KHWO
7315,KORL,KPHL
7316,EGKK,LEBL
7317,KDVT,AZ05
7318,KMIT,KPHX
7319,KATL,KSEA
7320,KLAX,CYVR
7321,LFPB,LSGG
7322,KOAK,KSEA
7323,LEMD,LFBO
7324,KSNA,KDFW
7325,EDDF,LFPG
7326,KSAN,KSFO
7327,KBLI,KLAS
7328,PANC,6AK3
7329,KROC,KJFK
7330,KPWK,KAPF
7331,KDTW,KROC
7332,VABB,OMDB
7333,LEMD,LEJR
7334,KTPA,KBWI
7335,KLGA,KDCA
7336,LFBO,LFPO
7337,KBVS,KBFI
7338,UKBB,EDDF
7339,KRDU,KMDW
7340,KPHX,KDAL
7341,KDCA,KBNA
7342,KSMF,KSAN
7343,KSAN,KBOI
7344,KDFW,KPHX
7345,KATL,KMSP
7346,KEWR,KATL
7347,OBBI,OMDB
7348,KJFK,KPHX
7349,KDEN,KORD
7350,KABQ,KSFO
7351,TJSJ,KJFK
7352,KORL,KDEN
7353,ESGG,ESSA
7354,TLPC,TBPB
7355,KORD,KCMH
7356,KSJC,KLAX
7357,KPHX,KPDX
7358,KATL,NC16
7359,KLGA,KFLL
7360,KGSO,KATL
7361,KPAE,KLAX
7362,EPWA,EGLL
7363,KFLL,KFXE
7364,RCTP,VHHH
7365,EGNL,EGGD
7366,VAJJ,VIDP
7367,KLAS,KEWR
7368,KTPA,KCMH
7369,KSAN,KPDX
7370,KBNA,KISM
7371,KVPS,KDFW
7372,KDAL,KHOU
7373,KDEN,KEWR
7374,KBOS,KDCA
7375,KCPS,83LL
7376,KORD,KSRQ
7377,KPWK,KPTK
7378,KSFO,KSAN
7379,KATL,KSFO
7380,CYYZ,CYYC
7381,KORL,KBNA
7382,KPAE,KPHX
7383,VOBL,VIDP
7384,KORD,NE38
7385,KBED,KTEB
7386,KFFZ,AZ00
7387,KPHX,KATL
7388,KFLL,KBWI
7389,KAPA,CO07
7390,KSAN,KORD
7391,KLAS,KPDX
7392,KATL,KHOU
7393,KBWI,KRDU
7394,KJFK,KLAX
7395,KDEN,KIAD
7396,UUEE,EFHK
7397,LSGG,LEMD
7398,KSNA,KORD
7399,KATL,KBWI
7400,LTFJ,LTAC
7401,KOAK,KSNA
7402,KMDW,02XS
7403,LEMD,LPPT
7404,CYYC,CYVR
7405,LROP,EDDF
7406,EHEH,LHBP
7407,KPHX,KSTL
7408,KHWY,3VA3
7409,UUDD,OMDB
7410,SBRJ,SBSP
7411,KORD,KISM
7412,KLAX,KISM
7413,KSAN,KATL
7414,KSFO,KDTW
7415,KBUR,KSFO
7416,KATL,KBOS
7417,KDTW,KBUF
7418,KSEA,UT13
7419,KBOI,KLAX
7420,KPDX,KMDW
7421,KDAL,KSTL
7422,CYYC,CYYZ
7423,KDEN,KDAL
7424,KLAS,KDFW
7425,KATL,KORD
7426,KSDL,KSNA
7427,05IN,KDFW
7428,KSJC,KLAX
7429,CYFD,CYKF
7430,KOMA,KLAS
7431,KPHX,KLAS
7432,KATL,KISM
7433,KFAT,KLAX
7434,EGLL,KORD
7435,SKBO,KMIA
7436,EDDM,OTHH
7437,CYYJ,CYVR
7438,KTPA,KATL
7439,KBOI,KLAS
7440,KSFO,KORD
7441,KDTW,KATL
7442,KBOS,KLEB
7443,KEWR,KMIA
7444,KSEA,KPDX
7445,KSBP,KSAC
7446,KSNA,KUDD
7447,KPSP,KLAX
7448,LPPR,LFPO
7449,ULLI,UUWW
7450,KLAX,KJFK
7451,KORD,KBOS
7452,KMDW,KDCA
7453,CYYZ,CYVR
7454,KAUS,KDEN
7455,KSMF,KATL
7456,KDAL,KMCI
7457,KPTK,KTEB
7458,LEMD,LEPA
7459,KILG,KMMU
7460,KORD,KBNA
7461,KDTW,KLGA
7462,EFHK,EDDF
7463,KATL,KEWR
7464,KORD,KEWR
7465,LTFJ,LTAC
7466,KATL,KDEN
7467,KBOS,KMCO
7468,KBNA,KDAL
7469,KONT,KDEN
7470,LEBL,LEIB
7471,KVNY,KLAS
7472,LSZH,OTHH
7473,KAUS,KHOU
7474,KLAX,KORD
7475,KFLL,KLAX
7476,KDTW,KCMH
7477,KPDX,KSEA
7478,EDDH,EDDL
7479,KORD,KEYE
7480,KSBP,KPHX
7481,KBWI,KCLT
7482,CYYZ,CYYC
7483,KTEB,KOPF
7484,KSNA,KLAS
7485,KMDW,KHOU
7486,KMIA,SPJC
7487,KDTW,KPIT
7488,EGLL,KMIA
7489,KORD,KPIT
7490,LIMC,OTHH
7491,LEMD,LEAL
7492,KDVT,23AZ
7493,KSEA,KLAS
7494,KORD,KDEC
7495,KDAL,KISM
7496,KATL,KSAT
7497,KSAN,KHOU
7498,KLAX,KPHX
7499,KBOS,KFLL
7500,KOSU,75OI
7501,KLGB,KSMF
7502,LKPR,OTHH
7503,KMSP,KDEN
7504,KPHX,KHOU
7505,VOBL,VOMM
7506,KDTW,11NY
7507,KBNA,KSAT
7508,MROC,KEWR
7509,KSFO,KEWR
7510,KSEA,KLAX
7511,KMRB,KFDK
7512,KOAK,KHOU
7513,KORD,KSFO
7514,01LL,KSTL
7515,ENGM,EDDF
7516,KDAL,KSAN
7517,KCOS,KDEN
7518,CYYC,KMSP
7519,KFCM,88MN
7520,KLGB,KCMA
7521,KGAI,KDMW
7522,CYXE,CYYZ
7523,KLAS,KMSP
7524,KATL,KBWI
7525,KPHX,KSAN
7526,KMDW,KOMA
7527,EGGW,LSGG
7528,ENUL,ENGM
7529,ZGSZ,ZUCK
7530,KSNA,KPDX
7531,KATL,KBUF
7532,3OR8,KSEA
7533,KPDX,KORD
7534,KPOU,KHPN
7535,KMKE,KAPF
7536,KSFO,KFLL
7537,KSAN,KPHX
7538,KSFO,KLAX
7539,RPLC,ZGSZ
7540,KOAK,KBWI
7541,EHAM,CYUL
7542,KPSP,KDFW
7543,LOWW,LOWS
7544,KDEN,KMKE
7545,KORD,KBKL
7546,KTEB,KOPF
7547,KBED,MA55
7548,KATL,KLAS
7549,KJVY,KLOU
7550,KHPN,K3C8
7551,KLAS,KMDW
7552,LIRF,LIBD
7553,KDTW,KDAY
7554,KMDW,KMSP
7555,KEWR,KORF
7556,KBOI,KSEA
7557,CYVR,KSEA
7558,EGPF,EGKK
7559,KABQ,KDAL
7560,LSZH,ESGG
7561,KDAL,KATL
7562,KATL,KSYR
7563,KSNA,KSEA
7564,KBLM,KOPF
7565,KBNA,KLGA
7566,KDEN,KSMF
7567,KMDW,KSTL
7568,KTPA,KFLL
7569,EGLL,KATL
7570,LEMD,EGLL
7571,LOWW,OTHH
7572,KATL,KSRQ
7573,KEWR,KPVD
7574,KLGB,KPHX
7575,CYVR,CAM3
7576,LIPE,EDDB
7577,KDTW,KMSP
7578,KBUR,KPHX
7579,EKCH,EKGR
7580,KSEA,KOAK
7581,KPRC,KCHD
7582,LOWS,EDDL
7583,EDDF,EHAM
7584,KOAK,KPDX
7585,KATL,KMKE
7586,KORD,KLGA
7587,OMDB,VABB
7588,KFAT,KSAN
7589,KDAL,KTUL
7590,KJFK,KATL
7591,KAPF,KMDW
7592,KORD,KBOI
7593,KDTW,KRDU
7594,LPPT,LPPD
7595,EFHK,KJFK
7596,KCVG,KDTW
7597,KTPA,KEWR
7598,KBOS,KATL
7599,KSJC,KLAS
7600,PANC,KSEA
7601,KSKA,KSEA
7602,EPGD,EKCH
7603,KBED,KOPF
7604,KRSW,KEWR
7605,KATL,KSTL
7606,KDAL,KPHX
7607,UAAA,UAII
7608,KPHX,KSNA
7609,KATL,KRSW
7610,KSNA,KPHX
7611,KOAK,CL77
7612,KFAT,KPHX
7613,KORD,KDEN
7614,KMDT,KCLT
7615,KFLL,KORD
7616,EGHH,EGJJ
7617,KORL,KMDW
7618,KDEN,KATL
7619,KMDW,KPHX
7620,KSEA,KSMF
7621,KPDX,6OR8
7622,KSMF,KORD
7623,KRVS,K2K9
7624,KATL,KEWR
7625,KORD,KISM
7626,LEMD,LEIB
7627,KATL,OI45
7628,CYYZ,TXKF
7629,KPHX,KLAX
7630,KAND,SC32
7631,KSTL,MO81
7632,EDDF,VABB
7633,KOAK,KVIS
7634,KDAL,KMDW
7635,EGLL,KORD
7636,VOBL,VABB
7637,KFLL,KATL
7638,KORD,KOMA
7639,KDTW,KPHL
7640,KDVT,KE25
7641,KIAH,KDTW
7642,KONT,KPHL
7643,KHOU,KMIA
7644,CYVR,KSFO
7645,KDTW,KUMP
7646,KSNA,KATL
7647,KPHX,KDFW
7648,OMDB,VOBL
7649,KTPA,KORD
7650,KMMU,NK07
7651,EGKK,EGAA
7652,KDVT,23AZ
7653,VIDP,VABB
7654,KATL,KU42
7655,KATL,KRDU
7656,KPDK,KECP
7657,KGPH,KMKC
7658,KOAK,KPHX
7659,EHAM,EKCH
7660,KDTW,KDCA
7661,KBJC,KCOS
7662,YMML,YPAD
7663,SBVT,SBBR
7664,KORD,02XS
7665,KATL,KTPA
7666,ENGM,ENZV
7667,KMDW,KSEA
7668,KORD,KSAN
7669,LEMD,LPPR
7670,KRVS,26OK
7671,EDDM,EDDV
7672,EPGD,EPKK
7673,KDTW,KCLT
7674,KDEN,KSNA
7675,EDTQ,EDSP
7676,KEWR,KFLL
7677,KORD,KFLL
7678,KDEN,KPHX
7679,EHAM,ENGM
7680,EGLL,OTHH
7681,KLAS,KLAX
7682,EDDN,EHAM
7683,KFRG,03NY
7684,KRDU,KJFK
7685,KDTW,KSYR
7686,KORD,KDFW
7687,KDAL,02XS
7688,KCDW,MA72
7689,KPSP,KSEA
7690,KSEA,PANC
7691,KMDW,KBNA
7692,KORD,KBOS
7693,K50F,KGKY
7694,ENGM,ENZV
7695,KSAT,KDEN
7696,LSZH,EKCH
7697,35OR,KSFO
7698,KMIA,KEWR
7699,KATL,KSDF
7700,KCHD,KAVQ
7701,KSMF,KLGB
7702,LIBD,LIMJ
7703,KORD,KMSN
7704,KFLL,KJFK
7705,ELLX,OMDW
7706,KAUS,KLAS
7707,KBOS,KATL
7708,KDFW,KDTW
7709,65CO,KFNL
7710,EHAM,EGPD
7711,KMDW,KMCI
7712,KACY,KRSW
7713,KSKA,KLAX
7714,OTHH,LTFJ
7715,KJFK,KSEA
7716,UUMO,ULLI
7717,LIRA,EGCC
7718,LFPG,LFRS
7719,KATL,KDCA
7720,LEBL,LEPA
7721,KDTW,KLAX
7722,TBPB,TVSM
7723,KPHX,KSFO
7724,KSAN,KDFW
7725,TJIG,02PR
7726,KSFO,KJFK
7727,KSEA,KSFO
7728,KIAH,KDEN
7729,KORD,KMCI
7730,KLDJ,K39N
7731,KMCI,KDFW
7732,LEMD,EDDH
7733,KTPA,KMIA
7734,PANC,KSEA
7735,KATL,KRSW
7736,KTEB,KJFK
7737,ENZV,ENGM
7738,KMIA,KDCA
7739,KSAN,KDTW
7740,KPRB,KSBP
7741,VHHH,RCTP
7742,KATL,NC03
7743,KDFW,KDEN
7744,KDTW,VT26
7745,KMDW,KSMF
7746,KLAX,KPDX
7747,KU77,KU14
7748,EGKK,EGJJ
7749,LFBO,LFRS
7750,KATL,KVPS
7751,LSZH,EHAM
7752,KAPA,CO18
7753,KGKY,K06M
7754,KPNS,KDFW
7755,KPVU,UT99
7756,KONT,KDAL
7757,KOMA,KDFW
7758,KDCA,KLGA
7759,OERK,OMDB
7760,KORD,KCOS
7761,KDTW,KLAS
7762,KMIA,KPHX
7763,KORD,KSTL
7764,KSEA,KSTL
7765,KBOI,KSFO
7766,KSTL,KPPQ
7767,KSAN,KMDW
7768,KPHL,KCLT
7769,KATL,KIAD
7770,KLAX,KDFW
7771,KFLL,KBOS
7772,KBWI,60CO
7773,KDAL,KHOU
7774,LLBG,EGLL
7775,KATL,KSGF
7776,SBGR,SBRJ
7777,KBNA,KDTW
7778,EGBB,EDDF
7779,CYVR,KSEA
7780,KSAN,KLAS
7781,ETSI,ETNL
7782,LEMD,LFPO
7783,OMDB,OBBI
7784,KOSU,KUYF
7785,LOWW,EDDF
7786,KEWR,KMCO
7787,KORD,KSRQ
7788,KLAX,KBNA
7789,KMDW,KMIA
7790,EHAM,EGCC
7791,01VA,KJYO
7792,KFLL,KSFO
7793,LSZH,KEWR
7794,KDTW,KMDT
7795,KORD,KLAX
7796,KCOS,KDFW
7797,KCMH,KDAL
7798,RCTP,YBBN
7799,KORD,KMIA
7800,KPHX,KSEZ
7801,KDTW,KALB
7802,LIRF,OTHH
7803,VABB,VOMM
7804,EPWA,EPWS
7805,1OK0,KRVS
7806,KATL,KTUL
7807,LFPG,LFBD
7808,KORL,KORD
7809,KLAS,KPHX
7810,KRSW,KORD
7811,KSEA,KDFW
7812,SBBR,SBSP
7813,KDTW,KSDF
7814,KPSP,KPHX
7815,KSDL,KLAS
7816,KBUR,KSJC
7817,KSTL,KFLL
7818,KSEA,35OR
7819,KLAS,KSEA
7820,KORD,KLAS
7821,LFRZ,LFBO
7822,KEWR,KBOS
7823,LSZH,ESSA
7824,KOAK,KDAL
7825,LEZG,OTHH
7826,KDTW,KABE
7827,KABQ,KDFW
7828,35OR,KSFO
7829,LFPG,KJFK
7830,KBNA,02XS
7831,KFLL,KRDU
7832,KSAN,KOAK
7833,KMDW,KLAS
7834,ENGM,EKCH
7835,KORD,KMIA
7836,KSFO,KPHL
7837,KBED,KHPN
7838,KSEA,KBOI
7839,NK43,KPGD
7840,VIDP,VOBL
7841,EBMB,EDDM
7842,KDTW,KJFK
7843,KVNC,KFXE
7844,ULLI,UUEE
7845,KSTL,KCLT
7846,KCLT,KATL
7847,KFFZ,55AZ
7848,KTUS,KPHX
7849,KORD,KSGF
7850,KDEN,KHOU
7851,KONT,KPHX
7852,KHSV,KDFW
7853,KGYR,KE63
7854,KSEA,02XS
7855,UUWW,ULLI
7856,KEWR,VT26
7857,KSAN,KSFO
7858,LSZH,LSGG
7859,EGLL,KJFK
7860,LEMD,EDDF
7861,KORD,KLAS
7862,FAOR,FACT
7863,KJFK,KBUF
7864,KDTW,KORF
7865,KDEN,KSJC
7866,KIAD,KLAX
7867,KLAS,KSMF
7868,KDEN,KORF
7869,EDDF,LIML
7870,KAWO,KFHR
7871,30AZ,KPHX
7872,KPHL,KSDF
7873,ULLI,UUWW
7874,EPWA,EBBR
7875,KOAK,KVIS
7876,KEWR,KCMH
7877,KSNA,UT13
7878,KLAX,KLAS
7879,KSMF,KSEA
7880,EDDL,EDDH
7881,KSAN,KSJC
7882,KLAS,KDTW
7883,KDAL,02XS
7884,KATL,02XS
7885,UUEE,ULLI
7886,KBNA,KHOU
7887,LFPG,LSGG
7888,KMDW,KDAL
7889,KDTW,KEWR
7890,VIDP,VOMM
7891,KSTL,KRSW
7892,KRVS,3OK8
7893,CYVR,CYCD
7894,KDVT,KAVQ
7895,EBCI,LPPT
7896,KMIA,KORD
7897,EKCH,EKYT
7898,KFFZ,19AZ
7899,KLAS,KPHX
7900,KLAX,KEWR
7901,KRVS,OK13
7902,LMML,LIML
7903,KTHV,KFDK
7904,OTHH,EGSS
7905,KHEF,VA87
7906,EPWA,EPKK
7907,KATL,KFLL
7908,VABB,VOMM
7909,EHAM,LFPG
7910,KATL,KPHX
7911,KSTL,KMDW
7912,KEWR,KATL
7913,KFLL,KLAX
7914,KBNA,KPHX
7915,KLAS,KLAX
7916,KORD,KATL
7917,KIAD,KEWR
7918,KSEA,KORD
7919,88MN,KFCM
7920,KIND,KDTW
7921,VIDP,OMAA
7922,KLAS,KATL
7923,KORL,KLGA
7924,KSDF,EDDK
7925,KORD,KMSP
7926,EPWA,EPGD
7927,ZGSZ,ZUCK
7928,KSTL,KDFW
7929,KAPF,K2IS
7930,KSEA,KSFF
7931,KDTW,KTPA
7932,LMML,EBCI
7933,KTYS,KPDK
7934,LEMD,EBBR
7935,WSSS,RKSI
7936,KPHX,KLAX
7937,LSGG,LFPB
7938,KBED,KIAD
7939,KRVS,KADS
7940,VOBL,VOMM
7941,KSTL,KDCA
7942,KRDU,KETC
7943,KDTW,KBWI
7944,KEWR,KSFO
7945,ENUL,ENGM
7946,KLAS,KSFO
7947,KMDW,KLGA
7948,KGEG,KLAX
7949,KTYS,KATL
7950,LOWS,EDDB
7951,KLAX,KSTL
7952,KPVU,KU14
7953,KMCI,KEWR
7954,KPHL,KDEN
7955,KHSV,KATL
7956,KLGA,KDEN
7957,KORD,KORF
7958,KATL,KISM
7959,EPWA,LFPG
7960,KBNA,KATL
7961,KRSW,KDTW
7962,KHOU,02XS
7963,LEMG,LPPT
7964,KBOI,KSJC
7965,EHAM,EDDS
7966,CYYJ,CYVR
7967,CYYJ,CYVR
7968,KATL,KMCI
7969,KFLL,SKMA
7970,KORD,KBWI
7971,KSTL,KCLT
7972,KTKI,KADS
7973,UMMS,UKBB
7974,KIAD,KATL
7975,KSEA,KTPA
7976,KSAN,KSFO
7977,KDTW,KRSW
7978,KLGA,KSTL
7979,KORL,KBOS
7980,KORD,KDTW
7981,EPWA,LIMC
7982,LEMD,LSGG
7983,KDEN,KSFO
7984,KMCC,KMYV
7985,KORD,73MU
7986,KTUL,KDEN
7987,VABB,VIDP
7988,EDDH,LEIB
7989,KBOS,KLEB
7990,KONT,KSDF
7991,EGPF,EGLL
7992,KDTW,KIAD
7993,KORD,KFLL
7994,KTEB,KFRG
7995,VOMM,VIDP
7996,KLNS,14PS
7997,KSTL,60CO
7998,KPIE,KFXE
7999,EBLG,BIKF
8000,KADS,XA45
8001,UUEE,RKSI
8002,KBOS,KRSW
8003,KISP,03NY
8004,KCMA,KUDD
8005,KMDW,KRSW
8006,KLAX,KISM
8007,KSAT,KPHX
8008,KPHL,KIAH
8009,KBUR,KU42
8010,KFLL,KBNA
8011,CYYJ,CYVR
8012,KBWI,KSTL
8013,KEWR,KDEN
8014,KCMH,KCLT
8015,KPHX,KORD
8016,KORD,KPHX
8017,SBGR,KFLL
8018,EPWA,LSGG
8019,LSZH,LOWW
8020,EDDM,EDLW
8021,ESSA,LSZH
8022,GMMN,LFPG
8023,KHOU,02XS
8024,RPLL,RKSI
8025,KORD,CYYZ
8026,KMIA,TBPB
8027,PANC,KORD
8028,LIRA,LIML
8029,KDAL,KPHX
8030,EDDS,EDDH
8031,KSTL,KRDU
8032,RCTP,ZGSZ
8033,KBNA,KPHX
8034,KLAX,KBOS
8035,KPHX,AZ00
8036,KPHL,KOPF
8037,KSEA,KDFW
8038,KBOI,60CO
8039,KHOU,KDAL
8040,EHEH,LEAL
8041,KDEN,KISM
8042,VOBL,VIDP
8043,KRDU,KATL
8044,OBBI,EDDP
8045,KMTN,8MD0
8046,KSEA,KSJC
8047,KLAX,KMCI
8048,LPPR,LPPD
8049,VIDP,VABB
8050,LFML,LPPT
8051,KORD,KTYS
8052,KWDR,KLZU
8053,KRSW,KBOS
8054,KPDK,KECP
8055,KRVS,K3F7
8056,KDEN,KMSP
8057,KALN,6LL6
8058,KHPN,KOPF
8059,KPSP,KSFO
8060,KSKA,KSEA
8061,KMDW,KISM
8062,KPAN,KSDL
8063,EHAM,EDDF
8064,KBNA,60CO
8065,KLAS,KLAX
8066,KSEA,KSJC
8067,VOMM,VOBL
8068,KLAX,KSEA
8069,KAPA,KSDL
8070,LFPG,LROP
8071,KORD,KRSW
8072,3OH7,KI69
8073,LSGG,EBMB
8074,KDVT,KOAK
8075,EPWA,EHAM
8076,KMDW,KLAX
8077,KBNA,KSTL
8078,VIDP,WSSS
8079,KATL,KSMF
8080,KLAX,KDAL
8081,PANC,KLCK
8082,KSFO,KSEA
8083,KIAH,KSJC
8084,KMIA,KHHR
8085,KSNA,KSMF
8086,EHAM,EDDF
8087,VHHH,RJBB
8088,KTTN,KHEF
8089,KTMB,KFXE
8090,KRSW,KBOS
8091,KPDX,KSEA
8092,VIDP,VOBL
8093,LFBO,LFPO
8094,KBWI,KMIA
8095,KSEA,KORS
8096,WMKK,RKSI
8097,KDTW,KFLL
8098,KFFZ,KA39
8099,KATL,KHSV
8100,KTEB,KFLL
8101,LSZH,EGKB
8102,KOMA,KATL
8103,KIAH,KEWR
8104,KIAD,KSFO
8105,KLAX,KBOI
8106,KLAS,KORD
8107,KSBP,KLAX
8108,KMDW,60CO
8109,KPHX,KMDW
8110,CYBW,CFV2
8111,KDEN,KLAX
8112,KSGF,KDFW
8113,KSEA,KBLI
8114,LPPT,EHAM
8115,EBCI,LEAL
8116,SBRJ,SBSP
8117,LIRA,LIPZ
8118,PN14,KBTP
8119,KDAL,KBNA
8120,ESSA,ESPA
8121,KLAX,KJFK
8122,OMDB,RCTP
8123,KABQ,KMDW
8124,VAJJ,VOBL
8125,LSZH,LPPT
8126,KFAT,KLAX
8127,KJST,7PS7
8128,ENZV,ENBR
8129,UUEE,EHAM
8130,KPHF,KCLT
8131,KSRQ,KATL
8132,KRVS,KH76
8133,KPDX,KSEA
8134,EKYT,EKCH
8135,VOBL,VIDP
8136,EPWA,LOWW
8137,KORD,KU42
8138,GMMN,LTFJ
8139,KEWR,KUMP
8140,KFDK,WV22
8141,ESSA,EDDF
8142,KDEN,KDFW
8143,KSFO,KBOS
8144,KBWI,KRSW
8145,KMIA,KORD
8146,KMDW,KSFO
8147,KPSP,KU42
8148,KSEA,KSAN
8149,LSZH,EDDL
8150,KORD,KPSP
8151,EHAM,EDDV
8152,KPDX,KSMF
8153,EFHK,ENGM
8154,KFLL,KRDU
8155,KSEA,PANC
8156,WMKK,YSSY
8157,KHWO,KFXE
8158,KOAK,KLAX
8159,ELLX,LEMD
8160,KJFK,KTPA
8161,EGCC,EDDF
8162,KORD,KSTL
8163,KCDW,MA72
8164,KCLT,KBWI
8165,KBNA,KMCI
8166,KPHX,KSAN
8167,KBWI,KATL
8168,KATL,KPHL
8169,LSZH,EDDH
8170,EPWA,LSZH
8171,KDVT,KE25
8172,SBSP,SBGL
8173,KDEN,KDFW
8174,KLAS,KORD
8175,KDTW,KBWI
8176,EHAM,LPPT
8177,KONT,KSJC
8178,KSEA,KBOS
8179,LFPG,LFBO
8180,LEMD,EDDM
8181,K2K9,KRVS
8182,EDDF,LOWW
8183,EDDB,LGAV
8184,UUEE,ULLI
8185,LFBD,LFQQ
8186,KBOI,KORD
8187,KAVQ,KFFZ
8188,LIMC,LPPT
8189,EPWA,ENGM
8190,KSEA,KLAX
8191,LSZH,LKPR
8192,KCDW,KMMU
8193,19IN,4II7
8194,KOAK,KPSP
8195,ULLI,UUMO
8196,VABB,VIDP
8197,KRDU,KIAD
8198,RCTP,VHHH
8199,KBUF,KBWI
8200,EPWA,EHAM
8201,KPDX,KSEA
8202,KSEA,KJFK
8203,KEWR,KPHX
8204,EGAC,EGPH
8205,49OH,KATL
8206,KPTK,K6G0
8207,KOAK,KSNA
8208,NK07,KMMU
8209,KORF,KATL
8210,KFAT,KLAX
8211,KPDK,KGVL
8212,KH76,KRVS
8213,EGLC,ELLX
8214,KSEA,KPHL
8215,KBWI,KCMH
8216,KRDU,60CO
8217,KEWR,CYUL
8218,LPPT,ELLX
8219,KLAS,KSFO
8220,LIML,LIRF
8221,KBNA,KDCA
8222,KCVG,KMSP
8223,SBGL,SBGR
8224,EKCH,EDDB
8225,LOWW,EHAM
8226,KISP,KDXR
8227,KPRC,KSDL
8228,YMML,YBBN
8229,KDAL,KLAS
8230,KSFO,KSEA
8231,KSEA,KMCI
8232,UAAA,UUEE
8233,K61B,K1G4
8234,KS67,KMAN
8235,KDEN,KATL
8236,KORD,KSYR
8237,KHWO,KFXE
8238,KBUR,KPHX
8239,KSNA,KDFW
8240,KBOS,KDCA
8241,KSJC,KLAX
8242,EHAM,EDDN
8243,CYVR,CYYJ
8244,EGPH,EGGD
8245,9NC9,KCLT
8246,KSEA,KPDX
8247,KBWI,KSAT
8248,EKCH,EDDL
8249,LIRF,LMML
8250,KHOU,02XS
8251,KSAT,KORD
8252,KPDX,KSFO
8253,KSTL,KEWR
8254,LTFJ,LTFE
8255,KBUR,KVNY
8256,KOAK,KLAS
8257,KDTW,KISM
8258,SKBO,SPJC
8259,EIDW,EPGD
8260,KDEN,02XS
8261,LROP,OTHH
8262,KSJC,KLGB
8263,EHAM,EDDB
8264,KO52,KSAC
8265,KDEN,KBOI
8266,KAND,SC32
8267,KRSW,KORD
8268,KDFW,KLGA
8269,EKCH,ENBR
8270,LEMD,LIMC
8271,3OH7,KI69
8272,KSEA,KRDU
8273,KPDK,KWDR
8274,UAII,UAAA
8275,KHOU,KLAS
8276,KGEG,KSEA
8277,KDEN,KPHX
8278,KDCA,KMCO
8279,VABB,OMDB
8280,KMDW,KBWI
8281,LIPZ,EDDF
8282,KHOU,KPHX
8283,KLGB,KPHX
8284,KPHX,KSAT
8285,SBGR,SBBR
8286,KPDX,KDFW
8287,KSEA,KATL
8288,KSJC,KIWA
8289,KLAX,KORD
8290,KLAS,KSTL
8291,KMDW,KRDU
8292,KBED,KIAD
8293,EPWA,EDDL
8294,EPMO,EGPH
8295,KMIA,SKMA
8296,KJFK,TJIG
8297,OMSJ,VABB
8298,EETN,EDDF
8299,KATL,KMSN
8300,LEBL,EDDF
8301,KVIS,KFAT
8302,LSGG,LPPT
8303,KLAX,KSEA
8304,KPSP,KLAX
8305,KSEA,KSAN
8306,KAUS,KBNA
8307,KDEN,KSFO
8308,KHHR,KSQL
8309,KSNA,KSFO
8310,KBWI,02XS
8311,KPDX,UT13
8312,PANC,KORD
8313,KIAD,KCLT
8314,KHWV,KFRG
8315,KJFK,KMCO
8316,KEWR,CYYZ
8317,KORD,PANC
8318,EGCC,LEMG
8319,KSFO,KPSP
8320,VAJJ,VOBL
8321,KBOI,08ID
8322,LPPT,LFPG
8323,KCGZ,KTUS
8324,EPGD,ENGM
8325,KSEA,KSMF
8326,KRDU,KBOS
8327,ESSA,ENGM
8328,KSAN,KLAX
8329,LEMG,LFPG
8330,KPDK,KOPF
8331,KCLT,KSDF
8332,KLAX,KATL
8333,KFMY,KVNC
8334,KIAD,KDEN
8335,KPHX,KSAN
8336,KSJC,KDFW
8337,KBUR,KSMF
8338,KSEA,KIAD
8339,EHAM,EDDL
8340,SPJC,KATL
8341,KBNA,KLGA
8342,RJBB,VHHH
8343,EFOU,EFHK
8344,KPHL,KDFW
8345,KBWI,KPVD
8346,KBOI,KPDX
8347,KLGA,KTPA
8348,KDCA,KORF
8349,KISP,KDXR
8350,LPPT,EDDF
8351,KORL,KPHL
8352,KPDX,KATL
8353,KBOS,KBWI
8354,KIAD,TJIG
8355,KORF,KCLT
8356,LSZH,EBBR
8357,LTAC,LTBW
8358,KTPA,KPVD
8359,LEIB,LEPA
8360,KSJC,KPHX
8361,KEWR,KLAX
8362,KSFO,KATL
8363,KSEA,KORD
8364,KBNA,KSTL
8365,KLAS,KDFW
8366,LSGG,LFPB
8367,KFRG,KACY
8368,KLAX,KEWR
8369,EGLL,LEMD
8370,KPHL,KORD
8371,KSYR,KPHL
8372,KPIE,KMIA
8373,KIAD,KATL
8374,EPWA,ESSA
8375,KDVT,KFFZ
8376,YPPH,VHHH
8377,KDEN,KMCI
8378,KORD,KSEA
8379,KSEA,KDTW
8380,KBWI,KALB
8381,KDAL,02XS
8382,SPJC,KMIA
8383,LTAC,LTFJ
8384,KORF,KORD
8385,KPDX,KSNA
8386,KEWR,KLAS
8387,KDEN,KLAX
8388,KSNA,KSJC
8389,KCLT,02XS
8390,KSRQ,KORD
8391,KIAH,KSNA
8392,LIMC,LFPG
8393,KOPF,KHWO
8394,UUWW,UWWE
8395,CYYJ,CYVR
8396,KAUS,KDEN
8397,ESMS,ESSA
8398,KSFO,KDFW
8399,KABQ,KPHX
8400,KMDW,KLAS
8401,KORD,KPHL
8402,KLGA,KORD
8403,KCOS,KORD
8404,KTPA,KORD
8405,OERK,OMDB
8406,EPWA,EDDH
8407,VOMM,VABB
8408,KLNS,KPNE
8409,KDEN,KSNA
8410,KJFK,KMIA
8411,KMTN,KJYO
8412,KORD,KDCA
8413,LSZH,EDDL
8414,EDDS,EDDK
8415,KCLT,KMSP
8416,KFZY,KSYR
8417,KLAX,KU42
8418,KATL,KBNA
8419,KSMO,KSBA
8420,KORL,KPHL
8421,CYVR,CYCD
8422,ELLX,LPPR
8423,KSMF,KDFW
8424,KBWI,KISP
8425,UT08,KPVU
8426,KDEN,KTUS
8427,KTEB,KFRG
8428,LEZL,LFPO
8429,KDCA,KBOS
8430,VOBL,VIDP
8431,KVNY,KSNA
8432,KLAX,KPDX
8433,KATL,KISM
8434,KSNA,KSFO
8435,KLAS,KCOS
8436,KHPN,03NY
8437,KAUS,KATL
8438,KLGA,KSRQ
8439,KAFW,0TS2
8440,KMSP,KEYE
8441,KSMF,KSEA
8442,ULLI,UUEE
8443,KBNA,KSAT
8444,KATL,KTYS
8445,ENGM,ENZV
8446,LTBA,OMDW
8447,KCLT,KBNA
8448,KDEN,KSAN
8449,KMDW,KAPF
8450,KSBP,KDFW
8451,KCLT,KPHL
8452,ENZV,EHAM
8453,KLEB,KHPN
8454,LSGG,EBMB
8455,LDZA,EBBR
8456,KTYS,KBNA
8457,KSAN,KPHL
8458,UUWW,ULLI
8459,KDEN,KLAS
8460,KSNA,KPHX
8461,ENGM,ENHD
8462,KONT,KSBA
8463,KCOS,60CO
8464,KDAL,KAPA
8465,K61B,KU30
8466,KCLT,KORD
8467,KLAS,KIWA
8468,KATL,KGYH
8469,KLGA,CYYZ
8470,KBOS,KMCO
8471,VOBL,VIDP
8472,EGGD,EGNL
8473,KSYR,KJFK
8474,KDEN,KBUR
8475,KSJC,KSNA
8476,KIAD,KSAN
8477,KDFW,KDCA
8478,KHOU,60CO
8479,KMSP,KSMF
8480,LYBE,LFPG
8481,KAUS,KORD
8482,KFLL,KSTL
8483,KPAO,KE16
8484,LFOB,LEMD
8485,KBWI,KDFW
8486,KE25,KDVT
8487,EKCH,EKYT
8488,KRDU,KCLT
8489,KDEN,KSFF
8490,GA00,KD73
8491,KCLT,KPHX
8492,KPAE,KSAN
8493,KCLT,KRSW
8494,KCLE,KDFW
8495,KMIA,KATL
8496,VIDP,VOBL
8497,ESSA,LFPG
8498,KLHM,KLVK
8499,KCRQ,KL08
8500,LIMC,EHAM
8501,KDCA,KFLL
8502,KMSP,KBOI
8503,LIPX,LICP
8504,KPDX,KSEA
8505,KORL,KLGA
8506,KMDW,KCMH
8507,KOJC,17KS
8508,KRSW,KMKE
8509,LSZH,EDDM
8510,KIWA,KLGB
8511,EGAA,EGGP
8512,KSEA,KFLL
8513,KDEN,KU42
8514,ENZV,EGPD
8515,KDAL,KBWI
8516,KSBP,KSAC
8517,KBWI,KBUF
8518,KATL,KDAL
8519,KTYS,KBNA
8520,KSEA,KISM
8521,EGCC,EGLL
8522,KSMQ,KCDW
8523,KFDK,WV21
8524,KATL,KOMA
8525,KFFZ,KCGZ
8526,KSJC,KSEA
8527,KRSW,KMSP
8528,VOBL,OMDB
8529,KBNA,KDEN
8530,VHHH,VIDP
8531,VABB,VOMM
8532,TVSA,TBPB
8533,KCLT,KRDU
8534,KORL,KHOU
8535,KSEA,KBWI
8536,ESSA,EFHK
8537,KE25,KDVT
8538,LEMD,EDDF
8539,KRDU,KTEB
8540,KMSP,KDTW
8541,KORD,CYYZ
8542,KIAH,KLAX
8543,KATL,KDAY
8544,ENGM,ENZV
8545,KDCA,KDFW
8546,KMVY,KBED
8547,KLAX,KDCA
8548,KCLT,KOMA
8549,KMSP,KEWR
8550,RJBB,RCTP
8551,KONT,KSBP
8552,KDFW,KORD
8553,KSNA,KUDD
8554,KISP,03NY
8555,KRMN,VA42
8556,ELLX,LTBW
8557,KSMF,K1O2
8558,ULMM,UUEE
8559,KLAS,KMSP
8560,KSJC,KSAN
8561,KFLL,KEWR
8562,KMSP,KDCA
8563,KMKC,KGPH
8564,KLGA,KMIA
8565,EPWA,EDDM
8566,LFOB,EIDW
8567,KATL,KSAN
8568,KSAN,KSJC
8569,KTPA,KATL
8570,EDXW,EDAZ
8571,LSZM,LPPR
8572,KJYO,3VA7
8573,KSDL,KAPA
8574,EDDK,EDDH
8575,EKRK,EKBI
8576,KMSP,KSFO
8577,KMDW,KPHL
8578,KPHX,KLAX
8579,KAPA,KTEX
8580,KSMF,KSNA
8581,EKAH,EKCH
8582,KLGA,KORD
8583,KCGZ,KFFZ
8584,TN97,6TN9
8585,KRSW,KCMH
8586,KSEA,KBUR
8587,KPDX,KABQ
8588,KDFW,KEYE
8589,EDDC,EDDF
8590,KGKY,6TX7
8591,KPDK,KOPF
8592,KMDW,KPHX
8593,LOWW,ESKN
8594,KMSP,KBOS
8595,EDDS,EGLL
8596,KORL,KORD
8597,LFPO,LFBO
8598,KCLT,KHHR
8599,KIAH,KRIR
8600,EHAM,KJFK
8601,KAUS,KSAF
8602,KPHX,KOAK
8603,KHOU,KDFW
8604,KSNA,KPHX
8605,VGZR,OTHH
8606,KTPA,KMDW
8607,8MD0,KDMW
8608,KATL,KABE
8609,KAFW,0TS2
8610,KDMW,KGAI
8611,KSAN,KEWR
8612,KSJC,KSEA
8613,KIAH,KSAN
8614,KOCF,KSPG
8615,KOCF,KSPG
8616,KPDX,KSJC
8617,LIBD,LIME
8618,KBNA,KMDW
8619,ESSA,EKCH
8620,KMSP,KMKE
8621,KPHX,KSFO
8622,KLAX,KMSP
8623,KRYY,KVPC
8624,EDDP,UUDD
8625,KCLT,KSTL
8626,KSMF,KPDX
8627,OERK,OMDW
8628,KLGA,KMIA
8629,KATL,KLAX
8630,KSNA,KOAK
8631,ESGG,EHAM
8632,KTUS,KLAX
8633,KTPA,KJFK
8634,KN87,JY04
8635,KAPF,KPTK
8636,GA00,KD73
8637,KFFZ,KE95
8638,KMDW,KLAX
8639,KCRQ,KAVX
8640,ENBO,ENVA
8641,EFJO,EFHK
8642,KFLL,KATL
8643,K0L7,KHND
8644,ENZV,ENGM
8645,SBGR,SBBR
8646,KBOS,KCLT
8647,OTHH,VOBL
8648,60TA,KGKY
8649,KDTW,KJFK
8650,KATL,KABQ
8651,CYCD,CYVR
8652,KTUL,KDFW
8653,KSFO,KLAS
8654,KTEB,KCLT
8655,KCLT,K3G1
8656,KORD,KEWR
8657,KHOU,KATL
8658,KPDX,KBOI
8659,KCLT,NC31
8660,KSQL,KIZA
8661,KTPA,KMIA
8662,KMSP,KPHL
8663,KSAT,KDFW
8664,KDFW,KBWI
8665,KSNA,KVNY
8666,VABB,VIDP
8667,KORL,02XS
8668,1OK0,KRVS
8669,KHWV,03NY
8670,88MN,KFCM
8671,2OK4,KRVS
8672,KPHX,KPDX
8673,KGEU,AZ05
8674,EPWA,EDDF
8675,KCHD,KTUS
8676,KOAK,KLAS
8677,KCLT,KDFW
8678,KMIA,MROC
8679,K2W6,KDYL
8680,EDDF,UKBB
8681,KSDF,KISM
8682,EDDK,EDDB
8683,KTPA,KLGA
8684,KSTL,KDAL
8685,KVNY,KLAS
8686,KBUR,KCCR
8687,KCDW,KSMQ
8688,CYYC,CYYZ
8689,KCLT,KDAL
8690,KLAS,KCLT
8691,KJYO,61VA
8692,88PA,KDFW
8693,KSAT,KLAS
8694,LOWW,ELLX
8695,KCLT,KHPN
8696,MA72,KBOS
8697,K3C8,KISP
8698,KDFW,KFAT
8699,KIAH,KSAT
8700,KPHX,KSBP
8701,EDDB,LSZM
8702,KSMF,00CL
8703,UUWW,UWLL
8704,KLAS,KSAN
8705,LFPO,LFRJ
8706,KDEN,KTUS
8707,KATL,KDTW
8708,KFAT,KPSP
8709,OMDB,VIDP
8710,LIRF,LICZ
8711,KUYF,KOSU
8712,KLCK,OI01
8713,KLAX,KU42
8714,KORL,KJFK
8715,KMSP,KORD
8716,KDFW,KMSP
8717,LIPX,LICZ
8718,PANC,KATL
8719,KSRQ,KPDK
8720,EGCC,LTBW
8721,KPHX,KPSP
8722,KCRQ,KSMO
8723,EPMO,EBCI
8724,KBNA,KBWI
8725,LZKZ,LKPR
8726,KORD,KSAT
8727,YMML,YPPH
8728,LDZA,EHAM
8729,KLAX,KDCA
8730,KATL,KDEN
8731,KDEN,KDFW
8732,KDEN,KBWI
8733,KFAT,KPHX
8734,KEWR,KSYR
8735,EBMB,LSGG
8736,ENBO,ENGM
8737,EGLL,KJFK
8738,KIAH,02XS
8739,KTTN,KMJX
8740,KMDW,KLAS
8741,LIME,ESKN
8742,KHEF,VA87
8743,KPDK,KJZP
8744,KORD,K1G3
8745,KTPA,KATL
8746,KSRQ,KBOS
8747,KBOS,KMCO
8748,KDEN,KTUL
8749,KCLT,KW91
8750,KONT,KDFW
8751,KATL,KPHL
8752,KHOU,KDAL
8753,KRVS,KOKM
8754,KORF,KEWR
8755,01VA,KGAI
8756,KDFW,KMIA
8757,KJFK,KU42
8758,KPHL,KATL
8759,KDFW,KTUS
8760,KPDX,KSEA
8761,KPDK,0GA7
8762,KDEC,KORD
8763,KBUR,KLAS
8764,KDEN,KCMH
8765,EHAM,EGNM
8766,KLAF,KMCX
8767,KJFK,KFLL
8768,EDDL,EDDM
8769,KRDU,9NC0
8770,KDAL,KABQ
8771,KISP,KFOK
8772,KSFO,KLAX
8773,LIRF,EHAM
8774,EDDF,LSZH
8775,KPSP,KOAK
8776,KHWO,KOPF
8777,KS67,KMAN
8778,KCLT,KLGA
8779,LIML,LFPG
8780,TJSJ,FD37
8781,KLAS,KATL
8782,CYVR,CYYJ
8783,KMRT,KOSU
8784,KMCI,KATL
8785,KE25,KDVT
8786,KMSP,KMCI
8787,LPPR,LFPG
8788,KPHX,KL94
8789,KHEF,DE14
8790,KATL,KMDW
8791,ENZV,ENGM
8792,KFRG,KBDR
8793,KATL,KBOS
8794,KDFW,KSTL
8795,KHOU,KMDW
8796,KSEA,KRIR
8797,KORL,KBNA
8798,KJYO,61VA
8799,KFAT,KSFO
8800,KSAN,KLAS
8801,KARB,MI52
8802,LTAC,LTFJ
8803,KLAX,KOAK
8804,KLAS,KMDW
8805,ESSA,EHAM
8806,KDFW,KATL
8807,KTPA,KBKL
8808,KDFW,KPHX
8809,KSEA,KPHX
8810,KATL,KISM
8811,KMKE,KATL
8812,ENGM,ENHD
8813,PANC,KSEA
8814,LIBD,LIRF
8815,KSAN,KDFW
8816,KCLT,KMCI
8817,KPHX,KSAN
8818,KSFO,KORD
8819,LIEE,LIME
8820,KBWI,KBNA
8821,ELLX,LIRF
8822,6FD7,6FD6
8823,KHEF,VA87
8824,KMSP,90WI
8825,EBMB,EKCH
8826,KORD,KPHL
8827,EDDL,LOWW
8828,KATL,KRDU
8829,KORL,KMDW
8830,LYBE,EDDF
8831,KDFW,KTYS
8832,KMIA,KJFK
8833,KLAS,KSNA
8834,KCMH,KDFW
8835,KMKE,KPHX
8836,KSEA,KOAK
8837,KRVS,KADS
8838,EDDM,EDDL
8839,EGSS,EIDW
8840,ENUL,EHAM
8841,KMDW,KATL
8842,KVGT,KU08
8843,KPDK,6GA0
8844,KAUS,KDFW
8845,LPPR,ELLX
8846,KJFK,KLAX
8847,KDFW,KSBA
8848,KCLT,KDCA
8849,LIRF,LIML
8850,ENGM,LFPG
8851,KLGA,KMIA
8852,KBOI,KMSP
8853,EPWA,EKCH
8854,KATL,KPLR
8855,LFBO,LEMD
8856,KPHX,KSAN
8857,KVPS,KDCA
8858,KSEA,KATL
8859,KBOS,KSRQ
8860,LEMG,LSZM
8861,KMIA,MGGT
8862,KTPA,KPHL
8863,KAVQ,KCHD
8864,KDFW,KPHL
8865,LEMD,EIDW
8866,CYYC,CYYZ
8867,KCLT,KVPS
8868,93OK,KRVS
8869,KBNA,KTYS
8870,KDFW,KSBP
8871,EVRA,ESSA
8872,KDAL,KLGA
8873,KPHX,KSBA
8874,KFFZ,KE95
8875,KMSP,KLAX
8876,KATL,KHOU
8877,KONT,KOAK
8878,KRSW,KDCA
8879,KCLT,NC71
8880,KMSP,KPDX
8881,KDFW,KHSV
8882,KPHX,02XS
8883,KMSP,KBNA
8884,KPDK,67GA
8885,CYVR,CYYC
8886,KPHX,KRIR
8887,KBNA,1TN0
8888,4GA9,KPDK
8889,KTEB,KSWF
8890,KRSW,KJFK
8891,LPPT,LEMD
8892,KDFW,K08K
8893,UUWW,ULLI
8894,KSFO,KLAX
8895,KLAS,KONT
8896,KBUR,KDFW
8897,KEWR,KBOS
8898,KMSP,KDFW
8899,ENBO,ENVA
8900,KIAD,KORD
8901,KDFW,KM99
8902,KISP,KHFD
8903,LOWW,EDDF
8904,KBOS,KFLL
8905,KORD,KEWR
8906,KBWI,KBOS
8907,KDTW,KEWR
8908,KSFO,KSAF
8909,KPVU,KU42
8910,KCLT,KBOS
8911,KLEE,KGNV
8912,KPHX,KSNA
8913,KCLT,KSAN
8914,KEWR,KROC
8915,CYVR,CYYJ
8916,UNEE,UUWW
8917,UAAA,LTBW
8918,KDFW,02XS
8919,KJYO,01VA
8920,KDFW,KU42
8921,KORL,KDFW
8922,KATL,KSEA
8923,KFFZ,19AZ
8924,KMSP,KOMA
8925,KDCA,KORD
8926,KFOK,KHPN
8927,KSAT,02XS
8928,KCOS,KBJC
8929,LHBP,UUWW
8930,KDEN,VA95
8931,KWDR,KPDK
8932,KADS,KHQZ
8933,KLAX,KDFW
8934,KHEF,KDCA
8935,KLGB,KOAK
8936,KD98,KPTK
8937,KRYY,KJZP
8938,KLAX,KSFO
8939,EGLL,KJFK
8940,KCLT,KIAD
8941,WSSS,OMDB
8942,KMSP,KSNA
8943,KBUR,KOAK
8944,KPHX,KSEZ
8945,KRHV,KE16
8946,KHPN,KDTW
8947,CYXX,CZBB
8948,KF70,KCRQ
8949,KEWR,KORD
8950,EFHK,LTBW
8951,EFOU,EFHK
8952,KI69,KTZR
8953,LIRF,LICJ
8954,ULLI,UUEE
8955,KMRT,KOSU
8956,EDDM,EGLL
8957,KTPA,KDCA
8958,LEMD,LFPO
8959,LSZH,LMML
8960,VOBL,VIDP
8961,KATL,KMIA
8962,EGLL,LGAV
8963,KLGA,KDCA
8964,EIDW,EVRA
8965,KDEN,KTPA
8966,KPHX,KORD
8967,KMDW,KSDF
8968,KDEN,KDFW
8969,KDFW,KMSN
8970,KSFO,KIAD
8971,LIEE,LIRF
8972,05IN,KPHX
8973,CYVR,CYYZ
8974,PANC,6AK3
8975,LZKZ,LKPR
8976,KATL,KBWI
8977,KSNA,KDFW
8978,YBBN,YMML
8979,KCRQ,KVNY
8980,OI34,7OA7
8981,KCLT,KPVD
8982,ENUL,ENZV
8983,EDDF,EHAM
8984,VABB,WSSS
8985,KPHX,KRDU
8986,VHHH,VIDP
8987,KLAX,KEWR
8988,KLZU,KPDK
8989,KPHL,KFLL
8990,KDFW,KFLL
8991,KPHX,KFAT
8992,KSEA,KIAD
8993,KHWO,KOPF
8994,KDVT,KMYF
8995,KTPA,KBOS
8996,KFDK,WV21
8997,KEWR,KCLT
8998,KAPA,43CO
8999,KCLE,KEWR
9000,EBMB,EDDF
9001,KMSP,KMSN
9002,KFLL,KJFK
9003,KBNA,KBOS
9004,KTEB,KFTY
9005,KORL,KJFK
9006,KJFK,KLAX
9007,CYVR,CYUL
9008,KPHX,KSEA
9009,KIWA,AZ00
9010,EKYT,EKCH
9011,KLAS,KOAK
9012,LEMD,LEBZ
9013,KCLT,KTUL
9014,KBED,KHVN
9015,KSTS,KSEA
9016,LSGG,EHAM
9017,KLAX,KDAL
9018,KDFW,KDEN
9019,KATL,KHOU
9020,EGLL,LIRF
9021,KLGA,KATL
9022,ENBR,ENZV
9023,KDEN,KMSP
9024,SBKP,SBVT
9025,K52F,3TA7
9026,KOAK,KBNA
9027,LIMC,LFPG
9028,KSMQ,KCDW
9029,KIAH,KABQ
9030,LFML,LPFR
9031,KDEN,KLNK
9032,KDVO,4CL3
9033,EPWA,LFPG
9034,KDFW,KORF
9035,KSJC,KLAX
9036,KFDK,KLNS
9037,EKCH,LTBW
9038,KHPN,KACY
9039,KLAS,KBUR
9040,KBOI,KSEA
9041,KLAX,PANC
9042,KSAN,KIAD
9043,KDFW,75TE
9044,KCCR,KPAO
9045,LIRF,LGAV
9046,KPHX,KBUR
9047,KYIP,KY47
9048,KSRQ,KFXE
9049,KABE,KCLT
9050,LIMC,EDDB
9051,CYOW,CYUL
9052,KPWK,KMDW
9053,KPIE,KAPF
9054,KPIT,KFLL
9055,KMDW,KSAN
9056,KEUL,ID00
9057,LFPO,GMMN
9058,KFNT,KPGD
9059,KCLT,KORF
9060,KATL,KLAS
9061,KCPS,7IS2
9062,KCLT,KMSN
9063,LFPB,LSGG
9064,KSRQ,KEWR
9065,KSDF,KATL
9066,KDEN,KPDX
9067,KDFW,KDTW
9068,KPHX,KBUR
9069,KCDW,NK79
9070,LPPR,LEMD
9071,CYYC,CYVR
9072,KTEB,KCMH
9073,KMSP,KSAN
9074,KOAK,KSNA
9075,EGLL,KBOS
9076,CYCD,CYVR
9077,KIWA,37AZ
9078,KBWI,KFLL
9079,KSEA,KOMA
9080,KORD,KLAX
9081,KPHX,KSEA
9082,LEMD,LPPT
9083,LPPT,EDJA
9084,7MI3,KDTW
9085,KSTL,KDEN
9086,KCMH,KDTW
9087,KCVG,KDEN
9088,FAOR,FACT
9089,KMIA,SKMA
9090,KPHX,KSEA
9091,ULLI,UUWW
9092,PN14,KBTP
9093,KCLT,KSEA
9094,KSMF,KPHX
9095,KAHN,KLZU
9096,KDFW,KMCI
9097,KMSP,KBKL
9098,KDFW,KISM
9099,KCLT,KMIA
9100,ESSA,ESGG
9101,KFRG,KFOK
9102,KMDW,KDTW
9103,KLGB,KTOA
9104,KLAX,KIAD
9105,KORD,KFLL
9106,KRSW,KORD
9107,VOMM,VABB
9108,KPHX,KLGB
9109,KFLL,KMDW
9110,LEMD,LEPA
9111,KDFW,1MU0
9112,KBOS,KLEB
9113,KVNY,KSAN
9114,KAPA,CO86
9115,KDAY,KDTW
9116,KLAX,XS39
9117,KHOU,KSTL
9118,SBBR,SBSP
9119,5MI8,KDTW
9120,SBGR,SBBR
9121,KROC,KDTW
9122,KPHX,KDAL
9123,KHND,KSNA
9124,KPDX,KLAX
9125,KRSW,5OH9
9126,KSNA,KMYF
9127,KLAS,KEWR
9128,KPDK,KWDR
9129,KSMF,KLAS
9130,EGSS,EDDF
9131,KABE,KPIE
9132,KFFZ,KE95
9133,KEDU,KAPC
9134,KLAX,KPHX
9135,CYOW,CYYZ
9136,KSEA,KSJC
9137,K2W6,MD82
9138,KPAE,KSNA
9139,KDFW,KBNA
9140,KFOK,KFRG
9141,KSTL,KDEN
9142,KPHX,KABQ
9143,KBOS,KDCA
9144,KOAK,KLGB
9145,EHEH,LPPT
9146,LFML,EDDM
9147,KFAT,KPDX
9148,KHAF,KPAO
9149,KMSP,KSTL
9150,KCMH,KBNA
9151,KSFO,CYVR
9152,KDCA,KCLT
9153,KMCI,KISM
9154,KSFO,02XS
9155,KLGB,KEMT
9156,CYYC,CYQQ
9157,PANC,KORD
9158,LYBE,EKCH
9159,KLAX,KJFK
9160,KBNA,KATL
9161,KMDW,KAPF
9162,KDFW,KHHR
9163,KPAO,CA66
9164,KDAL,KLAS
9165,KCPS,7IS2
9166,VOMM,VIDP
9167,KCLT,KATL
9168,KMSP,KSAT
9169,KFLL,KLGA
9170,KPHX,KPSP
9171,YMEN,YRSY
9172,KRDU,KDEN
9173,KHEF,VA87
9174,ULLI,UUWW
9175,KLAS,KSAN
9176,KAFW,0TS2
9177,KSUS,52MO
9178,KSAT,KATL
9179,LFML,LFKJ
9180,CYYC,CYKF
9181,KFRG,K3C8
9182,KAPA,KFCM
9183,KDEN,KBOS
9184,LIEE,LIPE
9185,KCCB,KPOC
9186,LIPZ,LIRA
9187,KBNA,KDEN
9188,KRVS,OK13
9189,KSMF,KDAL
9190,KSFO,KDFW
9191,KBWI,KMSP
9192,KSKA,KSEA
9193,KU77,KU14
9194,KDAL,AL40
9195,EDDV,EDDM
9196,KFRG,03NY
9197,KTEB,KOPF
9198,OTHH,VIDP
9199,KBNA,KCMH
9200,KPHX,KSFO
9201,EBMB,ESSA
9202,KCMH,KDAL
9203,KDEN,KORD
9204,KSEA,KABQ
9205,KHOU,KLAS
9206,LEZL,EGSS
9207,KPHX,KCMH
9208,KRHV,KE16
9209,KDEN,KRIR
9210,SC86,SC43
9211,KBWI,KRSW
9212,EGPF,EGKK
9213,KDFW,KSAT
9214,KCLT,KSFO
9215,KSEA,KGEG
9216,SBGR,SBGL
9217,KEWR,KFLL
9218,EDDK,LTBW
9219,KCLT,KEWR
9220,KDFW,KSEA
9221,KSAN,KSJC
9222,KLAS,KDFW
9223,LFBO,LFPG
9224,KPHX,KSJC
9225,KCDW,NK79
9226,KORF,KEWR
9227,KTUL,KORD
9228,KDEN,KFLL
9229,LTBA,LIMC
9230,KDFW,KRSW
9231,EPKK,EPGD
9232,KSFO,KEWR
9233,UUWW,ULLI
9234,KSEA,KDAL
9235,KDVT,KPAN
9236,KSDL,KBOI
9237,KDEN,KSFO
9238,KMSP,KU42
9239,LKPR,LOWW
9240,KBUF,KDTW
9241,KFCM,54MN
9242,ULMM,UUWW
9243,EGJJ,EGKK
9244,KFFZ,KDVT
9245,KBOS,KFLL
9246,KDFW,KRIR
9247,EDDH,LTBW
9248,KEWR,KBNA
9249,KIWA,KCGZ
9250,KAPA,87CO
9251,KPDX,KLAS
9252,KLAS,KDAL
9253,KTUL,KDAL
9254,KSNA,KSDL
9255,KDEN,KIAD
9256,KBNA,KMKE
9257,KLAX,KLAS
9258,EDDB,EDDK
9259,49OH,KDTW
9260,KDEN,KABQ
9261,EDDF,EDDH
9262,EDVE,EDDM
9263,KRHV,KC83
9264,KDFW,KSAN
9265,KORD,KRSW
9266,KLAS,KSMF
9267,KPHX,KPDX
9268,EPWA,EPSC
9269,LSGG,LTBW
9270,KFLL,KLAS
9271,LSZH,EDDF
9272,KATL,KCMH
9273,KDTW,KATL
9274,EDDF,LDZA
9275,KSTL,02XS
9276,KDEN,KPHX
9277,UUWW,ESSA
9278,CYVR,CYCD
9279,KORD,KIAD
9280,KVIS,KOAK
9281,CYYC,CYVR
9282,KDEN,KDTW
9283,KSTL,KMDW
9284,KPIT,KFLL
9285,EDDL,LTBW
9286,EDDH,EDDS
9287,LFRS,LFPG
9288,EGKK,EGPH
9289,KMDT,KATL
9290,EKCH,LSZH
9291,LYBE,LSZH
9292,KBOS,KDFW
9293,KSAN,KSEA
9294,KPHX,KLAS
9295,KSTL,KSMF
9296,KMDW,KBKL
9297,KMSP,KSFF
9298,CYQG,CYKZ
9299,KPHX,KORD
9300,LFML,LFPG
9301,KSEA,KFAT
9302,KDEN,KBWI
9303,EGCC,EPKK
9304,KHOU,KBWI
9305,EDDL,LIMC
9306,KOAK,KPSP
9307,KMCI,KBNA
9308,KLAX,KSFO
9309,KDAL,02XS
9310,EDDH,EDDF
9311,KGYL,KFCM
9312,KDEN,KU42
9313,KORD,KDFW
9314,55AZ,KFFZ
9315,KMSP,KATL
9316,KRSW,KIAH
9317,KBOS,KMSP
9318,LEBL,LTBW
9319,LEMH,LEPA
9320,KMIA,KLGA
9321,KDFW,KIAD
9322,KDEN,KSAT
9323,NZNV,NZCH
9324,KSFO,KJFK
9325,KFFZ,KCGZ
9326,KSFO,KSAN
9327,KPHX,KMDW
9328,KDTW,KCLT
9329,KDAY,KORD
9330,LPPR,ELLX
9331,KMKE,KDFW
9332,KPIT,KOYM
9333,EDDH,LOWW
9334,KDFW,KHOU
9335,KLAX,KSJC
9336,KDAL,KRIR
9337,KBOS,KLAX
9338,VIDP,VOBL
9339,KBGM,KDTW
9340,EKCH,EKBI
9341,KDFW,KOMA
9342,LPPT,LPPD
9343,KPHX,KORD
9344,KRDU,KBOS
9345,RCTP,VHHH
9346,KDCA,KJFK
9347,KOAK,KSDL
9348,KMWC,WI62
9349,EIDW,EGKK
9350,KSEA,KDTW
9351,KRSW,KBWI
9352,KMSP,KMDW
9353,EGSS,ELLX
9354,ENGM,LTBW
9355,KVNY,KOXR
9356,KLAX,KSMF
9357,KDFW,KVPS
9358,KDEN,KSTL
9359,KORD,KHHR
9360,CYVR,CYYZ
9361,SBSP,SBVT
9362,KOPF,KTEB
9363,KBWI,KCLT
9364,KPDX,KSEA
9365,KSFO,KLAX
9366,KDFW,KTUL
9367,LFRS,LFBO
9368,KWVI,KLVK
9369,KAUS,KBOS
9370,KSRQ,KVNC
9371,EDDP,EGNX
9372,RKSI,VHHH
9373,KFRG,KHWV
9374,KDEN,KMDW
9375,KSLK,KBOS
9376,KTPA,KBWI
9377,KPHX,KLAS
9378,EKCH,EFHK
9379,KPGD,KAPF
9380,KFLL,SKBO
9381,2CD6,KAPA
9382,KBWI,KORF
9383,KDEN,KSMF
9384,OMDB,VIDP
9385,LFML,LEMG
9386,KU77,KU14
9387,KFRG,KFOK
9388,KDEN,02XS
9389,KDEN,KSTL
9390,KSFO,KBUR
9391,KPDK,KGVL
9392,KPHX,KTUS
9393,KSAN,KSMF
9394,4GA9,KJZP
9395,KMIA,MGGT
9396,KSEA,KPSP
9397,KPDX,KSEA
9398,KSMF,KSAN
9399,KBUF,KORD
9400,KSRQ,KFXE
9401,KORD,KMIA
9402,KGAI,KFDK
9403,EGAA,EGKK
9404,KDEN,KPHL
9405,KBNA,KPHL
9406,KLAS,KMSP
9407,KRVS,K3F7
9408,SBBR,SBGR
9409,KSEA,KISM
9410,CYYZ,CYYC
9411,49OH,KORD
9412,KJFK,KFLL
9413,KHOU,KBNA
9414,KMDW,KISM
9415,KOAK,KBOI
9416,LFPG,EDDF
9417,KSEA,KBOI
9418,ESSA,ESMS
9419,EDDM,EDDF
9420,KATL,KMKE
9421,EPGD,EPWA
9422,EGLL,EHAM
9423,KMIA,SPJC
9424,KBED,KTTN
9425,LIMC,LICZ
9426,KRSW,KEWR
9427,EKCH,ENGM
9428,KONT,KLAS
9429,KLAS,KIAD
9430,01VA,KJYO
9431,KSEA,KSMF
9432,NZCH,NZWN
9433,KATL,KBOS
9434,KFLL,KHOU
9435,KMCI,KMDW
9436,KBUF,KJFK
9437,KDFW,KABQ
9438,87CO,KAPA
9439,KORD,KLAX
9440,EDDF,EDDM
9441,KAUS,KMSP
9442,KATL,KMDW
9443,K3A1,KDCU
9444,KDEN,KCMH
9445,KOKM,KRVS
9446,KLAX,KMIA
9447,KU77,KPVU
9448,KTPA,KMSP
9449,KMIA,SKMA
9450,EDDL,EGCC
9451,KYIP,KPTK
9452,KDTW,KORD
9453,KGRR,KDTW
9454,SBBR,SBGR
9455,LFPO,LFBO
9456,KONT,KSDF
9457,KPHL,KCLT
9458,KSKA,KSEA
9459,KRHV,KE16
9460,KDFW,KSNA
9461,KPAO,KSTS
9462,KVIS,KOAK
9463,KFTY,KLZU
9464,KU08,KVGT
9465,KCRQ,KL35
9466,KSEA,CYVR
9467,GA00,KD73
9468,KSTL,KDEN
9469,KTOA,KCMA
9470,KDTW,KSAT
9471,UKBB,UMMS
9472,KPDX,KDFW
9473,KBNA,KCLT
9474,VOMM,VOBL
9475,KTPA,KMDW
9476,LEMD,LTBW
9477,EDDP,LIMC
9478,KDTO,KGLE
9479,KCLT,KORD
9480,KPNS,KHOU
9481,KPHX,KBOI
9482,LFPG,EHAM
9483,KPIT,KDUJ
9484,LTFJ,LTAC
9485,KDAL,KSAT
9486,KBNA,KISM
9487,EDDM,EDDK
9488,PN14,KBTP
9489,KSDL,KAPA
9490,KMDW,KBNA
9491,KCRQ,KF70
9492,KCDW,NK79
9493,KRSW,KHPN
9494,LPPT,EDDB
9495,KDFW,KMKE
9496,KLAX,KPHL
9497,ELLX,EDDF
9498,OBBI,OMDB
9499,EBMB,LTBW
9500,RCTP,RPLC
9501,KHWD,KPAO
9502,KDEN,KMKE
9503,KPDX,KSFO
9504,KIAH,KPHX
9505,LSGG,LIPZ
9506,KPHX,KMKE
9507,SKBO,KMIA
9508,KLAX,KSEA
9509,KSAN,KISM
9510,KCMH,KCLT
9511,CYUL,CYYZ
9512,KDTW,KDFW
9513,KORF,KBNA
9514,KDEN,KDCA
9515,RJBB,RCTP
9516,KDAY,KDFW
9517,KDFW,KRDU
9518,KSNA,KLAS
9519,KTPA,KMKE
9520,LTAC,LTFE
9521,KPHX,KEWR
9522,KSTL,KMKE
9523,KMSP,KDEN
9524,KPDK,KFFC
9525,KDEN,KMSN
9526,KONT,CL46
9527,KPHX,KDFW
9528,KDTW,KPHX
9529,KBOI,KLAX
9530,KSJC,KPDX
9531,KOPF,KFMY
9532,KECP,KHOU
9533,KOWD,MA66
9534,CYYC,KPHX
9535,KORD,KDEN
9536,KSDL,KSJC
9537,EDDV,LTBW
9538,KDAL,KSTL
9539,KSTL,KPHL
9540,KORF,KDCA
9541,EDDB,EDDF
9542,KMYF,KSBA
9543,KPHX,KCMH
9544,EKCH,EKYT
9545,CYUL,KTEB
9546,EHAM,ESSA
9547,ESSA,ESTA
9548,ELLX,EDDM
9549,KMSN,KUNU
9550,KLAS,KMSP
9551,PANC,KSEA
9552,KDEN,KLGA
9553,KCLT,KATL
9554,KJYO,KOKV
9555,KORL,KBOS
9556,EGPH,EGAC
9557,KSTL,KBNA
9558,KORD,KBOS
9559,KDTW,KSEA
9560,6GA0,KPDK
9561,UWKD,UUDD
9562,VOBL,VIDP
9563,KGRR,KATL
9564,KBLI,KSEA
9565,KFFZ,KMZJ
9566,KCNO,KAJO
9567,VT25,KEWR
9568,LEMD,LROP
9569,KA39,KFFZ
9570,EDVE,EDDS
9571,KAUS,KDAL
9572,EKYT,EKCH
9573,LPPR,EDTB
9574,KDEN,KTUL
9575,KRVS,2OK4
9576,KMYF,KSBA
9577,K61B,KVGT
9578,EGLC,EGAC
9579,EDDL,EGLL
9580,KAVQ,KCHD
9581,KSBA,KSMO
9582,KSEA,KLAX
9583,KATL,02XS
9584,KAPA,CO38
9585,KBWI,KRDU
9586,KMSP,KDEN
9587,CYQG,CYYZ
9588,KDEN,KPHX
9589,KBNA,KORD
9590,KRDU,KJFK
9591,KOPF,FA37
9592,KVNY,KSDL
9593,CYYC,KLAX
9594,EHAM,EDDF
9595,KORL,KDEN
9596,KCMA,KBOI
9597,LFBD,LFPG
9598,KPHX,KATL
9599,KSAN,KSTL
9600,KATL,KBWI
9601,KBFI,KSNA
9602,NZPM,NZPP
9603,KDTW,KMSN
9604,KLNS,KPNE
9605,VABB,VIDP
9606,KRSW,KMSP
9607,EPMO,LEMD
9608,KBUF,KEWR
9609,KBNA,KDTW
9610,CYYZ,CYVR
9611,LEIB,LEMD
9612,KOAK,KBUR
9613,KSYR,KHPN
9614,KLZU,KWDR
9615,KCOS,KAPA
9616,KDEN,KOAK
9617,KATL,KVPS
9618,KDTW,KATW
9619,KATL,KDFW
9620,KLAS,KBWI
9621,KDCA,KBOS
9622,KRSW,KMDW
9623,KAUS,0XS6
9624,OTHH,VOMM
9625,KMDW,KATL
9626,KTPA,KLAX
9627,KAUS,KDAL
9628,KPHL,KRDU
9629,NZCH,NZWN
9630,KORF,KCLT
9631,KFLL,KATL
9632,LIPE,EBCI
9633,KMIA,KEWR
9634,LPPR,LFPO
9635,KPHX,KIAD
9636,KDTW,OA16
9637,KDEN,KRDU
9638,KORD,KISM
9639,KSEA,KSAT
9640,SPJC,SPST
9641,LFPO,GMMN
9642,KGEU,KSDL
9643,KSKA,KSEA
9644,KLAS,KMDW
9645,KSEA,KLAX
9646,KSFO,KFLL
9647,LIRF,LEMD
9648,KSNA,KVNY
9649,KPNE,JY04
9650,KISP,03NY
9651,KMIA,KDFW
9652,KORD,KSFO
9653,KBVS,WN51
9654,KSAT,KDEN
9655,KPIT,KLNS
9656,EDDV,EDDS
9657,KDEN,KTYS
9658,LSGG,LFPG
9659,KHSV,KATL
9660,KATL,KDFW
9661,KDEN,KLAX
9662,KEWR,KLAX
9663,KCDW,KMQS
9664,EKCH,EHAM
9665,KLGB,KLAS
9666,KLGA,KFLL
9667,LTFJ,OMDB
9668,KSEA,KSFO
9669,KOAK,KPHX
9670,KE95,KFFZ
9671,EFHK,EDDM
9672,KPHX,KMSN
9673,KATL,KCLE
9674,TJSJ,KIAD
9675,SN57,KOJC
9676,KRVS,K2K9
9677,KSTS,CL36
9678,LSZM,LTBW
9679,LIEE,LIML
9680,KADS,KGLE
9681,KLAX,KSMF
9682,EDDM,EDDH
9683,KSAT,KPHX
9684,KPIT,KEWR
9685,KFAY,KATL
9686,LIMC,LTBW
9687,OMDB,OEDR
9688,KSEA,KSJC
9689,KDTW,KLAX
9690,KPHX,KPHL
9691,KDEN,KEYE
9692,KPDX,KPSP
9693,YPJT,YBUN
9694,KSMO,KSNA
9695,9NC9,KATL
9696,KBOS,BIKF
9697,KDAL,KATL
9698,KN87,KMJX
9699,KORL,KBOS
9700,KAUS,KSAT
9701,KISP,KFOK
9702,KBDN,OG05
9703,KDFW,KBOI
9704,KM54,KBNA
9705,VOBL,VABB
9706,KEUL,KBOI
9707,LSZH,LTBW
9708,VOMM,WSSS
9709,KRDU,KEWR
9710,KDEN,KATL
9711,KMYF,KAVX
9712,CYYJ,CYVR
9713,KPHX,KOMA
9714,KATL,KJFK
9715,KATW,KORD
9716,KATL,KPHX
9717,KLAX,02XS
9718,KMSP,KORD
9719,KPNS,KDFW
9720,KFLL,KDEN
9721,KSEA,KDFW
9722,NZPM,NZCH
9723,KMIA,KORD
9724,ENZV,ENGM
9725,KDFW,KFLL
9726,KOAK,KLAS
9727,KLNS,KFDK
9728,EDDF,EHAM
9729,VIDP,OBBI
9730,KSDF,KDFW
9731,KPAO,CA66
9732,KDFW,KATL
9733,KSEA,KSAN
9734,KMIA,KJFK
9735,NZWN,NZCH
9736,KORD,PANC
9737,KSEA,KSFF
9738,KLGA,KDFW
9739,KSDF,KBED
9740,KLAS,KSMF
9741,KATL,KORF
9742,EGAC,EGLL
9743,KBNA,KMCI
9744,KVNC,KAPF
9745,ELLX,LTBW
9746,16MI,KORD
9747,KLAX,KDFW
9748,KSJC,KSFF
9749,KDFW,KSRQ
9750,KFLL,KEWR
9751,KLAS,KIWA
9752,KBOS,KEWR
9753,KTPA,KEWR
9754,88MN,KFCM
9755,KPHX,KSAT
9756,KDFW,74XA
9757,KATL,KHSV
9758,EDDS,LTBW
9759,KMCI,KDEN
9760,VOBL,WSSS
9761,UUEE,ULLI
9762,LPPR,LPPD
9763,KPHX,KABQ
9764,EGGW,EYKA
9765,KLAS,KLAX
9766,KMIA,KCMH
9767,KSBP,KONT
9768,KHWD,KC83
9769,KVPS,KATL
9770,K3C8,KFRG
9771,KSEA,KPDX
9772,PANC,6AK3
9773,CYYC,CYXE
9774,LIMJ,LIBD
9775,KPHL,KDFW
9776,KFLL,KBOS
9777,KATL,KDNN
9778,EDDM,EDDW
9779,KLAX,KPDX
9780,KLAS,KU42
9781,KBNA,KDCA
9782,LOWW,LDZA
9783,KSRQ,KATL
9784,EDDS,EDDW
9785,KECP,KATL
9786,KDFW,KCOS
9787,KEWR,KMCO
9788,KSTL,KORD
9789,EGKK,LEAL
9790,KLAX,KAPC
9791,KTYS,KPIE
9792,KONT,KMDW
9793,KLAS,KSFO
9794,KDEN,KISM
9795,KMIA,KDCA
9796,KSEA,KTUS
9797,KPHX,KSTL
9798,KPDX,60CO
9799,KSAN,KPDX
9800,OTHH,VABB
9801,KAPA,CO18
9802,KLAS,KPHX
9803,KFLL,KDFW
9804,CYYC,CYVR
9805,KATL,KRSW
9806,KECP,KPDK
9807,KSMF,KSEA
9808,KJZP,KRYY
9809,SBSP,SBRJ
9810,KSAC,KSBP
9811,EGGP,EGAA
9812,KCMH,KORD
9813,KSUS,KDEC
9814,ESPA,ESSA
9815,KLAX,KATL
9816,LSZH,LEMD
9817,KAUS,60CO
9818,ULMM,ULLI
9819,KHPN,KDXR
9820,KPHX,02XS
9821,KSRQ,KPIE
9822,OERK,OMDB
9823,KSEA,KPDX
9824,KDEN,KDAL
9825,KPHL,KORD
9826,37AZ,KIWA
9827,KLAS,KVNY
9828,BIKF,EIDW
9829,FAOR,FACT
9830,KRSW,KPHL
9831,KA39,KFFZ
9832,ESSA,LTBW
9833,KABE,KDTW
9834,EGCC,LKPR
9835,ELLX,EDDB
9836,ENGM,ESSA
9837,WV21,KFDK
9838,KFLL,KBNA
9839,KE25,KSDL
9840,KMKE,KTEB
9841,KHPN,KLEB
9842,LTFJ,LTAC
9843,KATL,KEWR
9844,KOPF,KSRQ
9845,KILG,JY04
9846,LFML,LFPO
9847,KDFW,KU42
9848,KMSN,KUNU
9849,KCMA,KSBA
9850,EDDM,LTBW
9851,KPHX,KLAX
9852,YPMQ,YSSY
9853,KDTW,KFLL
9854,KRVS,K3F7
9855,KN14,KMJX
9856,KSTL,KOMA
9857,KLAS,KVNY
9858,ENZV,ENBR
9859,K2R2,KORD
9860,KATL,KMSP
9861,CYVR,CYYJ
9862,KLGA,KRDU
9863,KSEA,KEWR
9864,LIMC,LICJ
9865,LSGG,EHAM
9866,KLAX,KJFK
9867,3NK5,8FA4
9868,KTPA,KDTW
9869,EIDW,EPPO
9870,KPHX,KDTW
9871,EGLL,LTBW
9872,KOAK,KMCI
9873,EGCC,EHAM
9874,KLAX,KLAS
9875,KHPN,KDXR
9876,WSSS,RKSI
9877,KSAN,KORD
9878,KDCA,KFLL
9879,KMDW,KSAN
9880,LIMC,LEMD
9881,1OK0,KRVS
9882,RCTP,ZUCK
9883,EDDP,UUDD
9884,OMDB,UAAA
9885,LFPG,EHAM
9886,KLAX,KSFO
9887,LSGG,EDDF
9888,KSQL,KRHV
9889,KSEA,KLAX
9890,KMIA,KFOK
9891,KSNA,KUDD
9892,KPDK,KJZP
9893,KEWR,KRSW
9894,KTPA,KMDW
9895,KDEN,KPHX
9896,LIPZ,LTBW
9897,EGKK,LEMD
9898,KDTW,KISM
9899,KPHX,KTUS
9900,LEAL,EGGP
9901,ENZV,ENBR
9902,KDFW,KCLE
9903,KBOI,KSEA
9904,EHEH,LEAL
9905,KRVS,OK13
9906,KFRG,KHWV
9907,KLMO,KBDU
9908,KFLL,KRDU
9909,KATL,KCMH
9910,KAVX,KCRQ
9911,KPDK,KGVL
9912,KSJC,KLAX
9913,KDAL,KOMA
9914,KSEA,KPDX
9915,KPHL,KDTW
9916,KSFO,KDCA
9917,KRDU,KPHL
9918,KSNA,KFFZ
9919,LYBE,UUWW
9920,KBNA,KFLL
9921,LPPR,LSGG
9922,EGLL,EDDF
9923,VOMM,OMDB
9924,KATL,KLAX
9925,KPHX,KDFW
9926,KDTW,KSTL
9927,LTAC,LTBW
9928,VABB,VOBL
9929,42VT,KCLT
9930,UKBB,OMDB
9931,KSEA,KU42
9932,KSFO,KPHX
9933,ENUL,EKCH
9934,KPSP,KLAX
9935,ULLI,UUEE
9936,LIRF,LICJ
9937,EGNS,EGGP
9938,KBOI,KSAN
9939,PANC,KORD
9940,KLUK,KI69
9941,LFQQ,LFBD
9942,EDDB,LIME
9943,KMIA,KORF
9944,SBVT,SBRJ
9945,CYCD,CYVR
9946,KHEF,VA87
9947,KDTW,KMSP
9948,KLAX,KSAN
9949,KFFZ,KIWA
9950,KCWA,KORD
9951,EDDL,EKCH
9952,KSFO,KSNA
9953,ESSA,ESNZ
9954,KMDW,KDAL
9955,EGPD,ENZV
9956,KSDF,KATL
9957,LFPG,LTBA
9958,KLAX,KDFW
9959,KBNA,KTYS
9960,LGKO,LGAV
9961,NZRO,NZWN
9962,KPAO,KTCY
9963,KBWI,KLAS
9964,KHOU,FD83
9965,LEBL,EGLL
9966,CYYZ,CYYC
9967,KPHX,KDFW
9968,KTPA,KFLL
9969,KSEA,KSFO
9970,EDDB,LGAV
9971,KDTW,KRSW
9972,KHQZ,KADS
9973,KLAX,KPHX
9974,KPGD,KLCK
9975,KISP,KBWI
9976,KBNA,KDEN
9977,KGRB,KORD
9978,LSZM,LHBP
9979,KDCA,KPVD
9980,KROC,0NK3
9981,KSEA,KSNA
9982,WSSS,RCTP
9983,EDDF,LOWW
9984,KCVG,KORD
9985,K4D0,KORD
9986,KRSW,KDTW
9987,KDTW,02XS
9988,KDEN,KFLL
9989,KCLT,KRSW
9990,ENHD,ENGM
9991,KOSU,OH88
9992,KOAK,KSAN
9993,KSTL,KORD
9994,PANC,6AK3
9995,KDFW,9NC6
9996,KMCI,KDFW
9997,KBOI,KSEA
9998,KSEA,KBOI
9999,EDDN,LSZH
10000,KFLL,CYYZ
10001,KEMT,KCMA
10002,KATL,KFLL
10003,KMDW,KDTW
10004,KLAS,KLAX
10005,KBNA,KDAL
10006,KLVK,4CA2
10007,LOWW,EPWA
10008,KHOU,KPHX
10009,LEAL,EGPH
10010,KSMO,KCRQ
10011,KATL,KDEN
10012,CO07,KBKF
10013,KMSP,KDEN
10014,KPHX,KDAL
10015,KEWB,MA72
10016,KDTW,KBNA
10017,KLAX,KLAS
10018,KPHX,KLAS
10019,KFLL,KEWR
10020,KJZP,KRYY
10021,KEWR,KFLL
10022,KMDT,KDTW
10023,KSAN,KBWI
10024,KJFK,KIAD
10025,KPWK,KSUS
10026,KATL,KORD
10027,KATL,KECP
10028,VHHH,RKSI
10029,KBED,KEWB
10030,KSJC,02XS
10031,KOQN,KRDG
10032,KHPN,KDXR
10033,KSAT,KDFW
10034,ENHD,ENGM
10035,LFPO,LFBO
10036,EDDM,EDDG
10037,KDAL,58FD
10038,KC83,KRHV
10039,LMML,LIRF
10040,KDVT,KPRC
10041,KPHX,KORD
10042,KHWV,KFRG
10043,KCNO,8CA5
10044,9LL0,KSTL
10045,KMRB,KFDK
10046,KLZU,K47A
10047,CYYC,CYXX
10048,EKCH,EDDH
10049,KMDW,KCMH
10050,KSAT,KIAD
10051,KDTW,KBOS
10052,KRSW,CYYZ
10053,KSMF,KLAX
10054,MU65,KSTL
10055,KBOS,KSLK
10056,KFLL,KBKL
10057,KDFW,KDEN
10058,KMIA,KBWI
10059,KPDX,KDAL
10060,TJIG,02PR
10061,KPHX,KLAX
10062,KSNA,KPDX
10063,KLAX,KSJC
10064,KDCA,KMDW
10065,KS67,KMAN
10066,VIDP,OMSJ
10067,KHOU,KDEN
10068,1NK5,KCDW
10069,KCMH,KRSW
10070,KATL,KSRQ
10071,KLGA,KDTW
10072,KDTW,KEWR
10073,KBOS,KCLT
10074,VABB,OMDB
10075,LOWW,LSZH
10076,KPDX,KSEA
10077,KDFW,KLAS
10078,KLAS,KTUS
10079,KATL,KLGA
10080,KPHX,KMSP
10081,KPAE,80WA
10082,KRDU,KDTW
10083,KBFI,KFHR
10084,KCLT,KSRQ
10085,KDCA,KDTW
10086,KLAX,KU42
10087,KORF,KDTW
10088,LFPG,LTBW
10089,KFDK,KDMW
10090,KPDK,67GA
10091,KATL,KPHX
10092,KDAL,KHOU
10093,VABB,OTHH
10094,SBRJ,SBSP
10095,KSMF,KBUR
10096,WSSS,WMKK
10097,CYYZ,CYYC
10098,KSTS,CL36
10099,KMJX,KTTN
10100,LROP,LIME
10101,KTPA,KBUF
10102,KSYR,KDTW
10103,KDEN,KFAT
10104,NZCH,NZAA
10105,OMDB,VABB
10106,KPHX,KDTW
10107,KSGF,KMKC
10108,KRDU,KCLT
10109,SDCO,SBMT
10110,KSDL,KU42
10111,LSZH,LGAV
10112,KRMN,KEZF
10113,KDFW,KMSP
10114,VOMM,VIDP
10115,KMDW,KFLL
10116,KFLL,KATL
10117,CYYC,CYYJ
10118,KIAD,KATL
10119,KPHX,KMIA
10120,KCLE,KATL
10121,KSGF,KDFW
10122,KEWR,KDTW
10123,KDAL,KMDW
10124,K9A1,KWDR
10125,KCMA,KSDL
10126,KSAN,02XS
10127,KSEA,CYVR
10128,KE25,KDVT
10129,KMDW,KBWI
10130,KSTP,KMDW
10131,KHND,KMYF
10132,KCLT,KRDU
10133,ENGM,ENBO
10134,KDCA,KBNA
10135,KBUF,KATL
10136,KMLI,KORD
10137,EDDH,LSZH
10138,KPHX,KMCI
10139,KJFK,KCLT
10140,KONT,KSDF
10141,20II,KATL
10142,KLGA,KMIA
10143,KSYR,KEWR
10144,KCLT,KDTW
10145,KPHX,KMCI
10146,KSTL,KATL
10147,UUWW,ULLI
10148,KABQ,KLAS
10149,KSBA,KCRQ
10150,UT08,UT13
10151,KSEA,02XS
10152,KHOU,KDAL
10153,EDDS,EHAM
10154,KEWR,KATL
10155,KGEG,60CO
10156,GA00,KD73
10157,KVNY,KHHR
10158,KLAX,02XS
10159,EKCH,ESSA
10160,KCLT,KORD
10161,OTHH,VOBL
10162,ENGM,EKCH
10163,KPDX,KDFW
10164,KAPA,CO86
10165,7OH2,KORD
10166,KBWI,KCVG
10167,KTPA,KATL
10168,KLGA,KMCO
10169,EGNX,EHAM
10170,KBOI,KPDX
10171,KRSW,KPHL
10172,KLAX,KMIA
10173,CYOW,CYYZ
10174,KIAD,KCMH
10175,LEMG,EDDF
10176,EHAM,EFHK
10177,EGLL,EFHK
10178,LMML,OTHH
10179,OMDB,VABB
10180,PANC,6AK3
10181,EDDB,EBBR
10182,KDEN,KSJC
10183,KCLT,KSTL
10184,KTYS,KATL
10185,LSGG,LFPB
10186,KEWB,KOQU
10187,KTPA,KJFK
10188,KSNA,KAPC
10189,KLAS,KATL
10190,KBWI,KDTW
10191,KDFW,KMCO
10192,KCLT,KDCA
10193,KBNA,02XS
10194,KOKV,KJYO
10195,KORL,KHSV
10196,KJFK,KATL
10197,KPDX,KSMF
10198,ULLI,UUMO
10199,KLGB,KSJC
10200,KE16,KRHV
10201,KTCY,KSQL
10202,KMIA,MGGT
10203,KSAN,02XS
10204,KJYO,01VA
10205,KLAX,KMIA
10206,KCLT,KECP
10207,VABB,VOBL
10208,TJSJ,KJFK
10209,KDTW,KISM
10210,KTPA,KSTL
10211,0GA2,SC32
10212,EGLL,ESSA
10213,KOSU,9OI5
10214,EBMB,LSZH
10215,KAUS,KLGB
10216,KADS,KHQZ
10217,KRDU,KBWI
10218,EGKK,EVRA
10219,KSFO,KDFW
10220,OI34,7OA7
10221,KLAX,02XS
10222,KCMH,KFLL
10223,KORD,KJFK
10224,KSTP,KSDL
10225,ESGG,ESSA
10226,87CO,KAPA
10227,ENGM,ENZV
10228,EDDH,EDDK
10229,KSEA,KLAX
10230,KDEN,KSEA
10231,KPSP,KBOI
10232,KAPF,KSRQ
10233,KTPA,KBNA
10234,KTUL,KRVS
10235,KDCA,KORD
10236,KLAX,KTUS
10237,KDFW,NC03
10238,CYVR,CYCD
10239,KSEA,KSFF
10240,KORL,KBNA
10241,KFOK,KHPN
10242,EDDK,EDDS
10243,KFUL,KPSP
10244,EGLC,EGPH
10245,KDXR,KHPN
10246,KOAK,KSBP
10247,UUWW,UUEE
10248,KDXR,KISP
10249,KDEN,KATL
10250,KHWD,KC83
10251,KSJC,KMDW
10252,KSNA,KSDL
10253,LSZH,EFHK
10254,WMLU,WBKK
10255,KBNA,KVNY
10256,KMMU,KCDW
10257,KLAX,KPHL
10258,KBWI,KMDW
10259,KDCA,KDFW
10260,KFLL,KPHL
10261,KGSO,KCLT
10262,LIML,LIRF
10263,KSDL,19AZ
10264,KMDW,02XS
10265,CYCD,CYVR
10266,KMSN,KORD
10267,KDXR,KISP
10268,KLVK,KSBP
10269,KLAS,KCLT
10270,KTEB,CT08
10271,UUEE,UWLL
10272,EFHK,ESSA
10273,EBMB,EDDB
10274,KPHX,KSFO
10275,KSEA,KPHX
10276,KATL,K9A4
10277,KAUS,KFLL
10278,KFDK,4MD8
10279,KAPA,KAPF
10280,KLAS,KSAN
10281,NZAA,NZCH
10282,KGLE,KDTO
10283,KSNA,KSJC
10284,KGYR,KSDL
10285,KCLT,KJFK
10286,KSEA,KLAS
10287,KDCA,KATL
10288,SBBR,SBGR
10289,CYYC,CYVR
10290,KBUF,KBWI
10291,ULLI,UUEE
10292,LFBO,LFPG
10293,KTEB,KDAL
10294,ELLX,LIMC
10295,KU08,KVGT
10296,CA66,KPAO
10297,K11V,KLMO
10298,EDDH,EDDV
10299,KTYS,KBNA
10300,KLAS,KBLI
10301,KSEA,KPDX
10302,KDFW,KCMH
10303,KGLE,KADS
10304,EDDM,EVRA
10305,KEWR,KRSW
10306,KSGF,KATL
10307,EFHK,EFOU
10308,LIEA,LIRF
10309,NZAA,NZCH
10310,KCLT,02XS
10311,KCLT,KLGA
10312,SBGR,SPJC
10313,KOWD,KBED
10314,KSDL,KPSP
10315,KAUS,KSAT
10316,KSJC,KBNA
10317,EHAM,EVRA
10318,EDDB,EDDK
10319,KTPA,KATL
10320,KPHX,KMDW
10321,KCLT,KDFW
10322,KROC,KEWR
10323,LOWW,EDDF
10324,KHOU,KTUL
10325,KLAS,KSNA
10326,KRSW,KDAL
10327,LEMG,EIDW
10328,KU42,KU14
10329,ENUL,ENZV
10330,LFPO,LFBO
10331,KSEA,PANC
10332,KLGA,KCLT
10333,KDTW,KATL
10334,KSTL,KDEN
10335,KALB,KBWI
10336,VHHH,RKSI
10337,KCLT,KMDT
10338,EGGW,LROP
10339,KFFZ,KCGZ
10340,NZPN,NZAA
10341,KLAS,KPHX
10342,TJSJ,KEWR
10343,KE16,KRHV
10344,KBNA,KCLT
10345,LIMC,LICP
10346,KSEE,KTOA
10347,KDEN,KSTL
10348,KIWA,KFFZ
10349,KHOU,02XS
10350,KBWI,KROC
10351,SBGR,SBBR
10352,KIAD,KDTW
10353,KBJC,KGXY
10354,KRSW,KATL
10355,KCLT,KDAL
10356,EDDF,EFHK
10357,KOAK,KO69
10358,KLGA,KMDW
10359,KMCI,KDEN
10360,KTEB,CYHM
10361,KFLL,KDTW
10362,65CO,KFNL
10363,KEUL,ID00
10364,EDDF,LKPR
10365,KMIA,KPHL
10366,4GA9,KJZP
10367,KMCX,KLAF
10368,PN14,KBTP
10369,KMKE,KDTW
10370,KLAS,KABQ
10371,KFFZ,KCHD
10372,KSNA,KPRB
10373,KLAS,KSNA
10374,KCPS,KMO6
10375,EDDH,EPWA
10376,KIAD,KDEN
10377,WA67,6OR8
10378,KSYR,KATL
10379,KPHX,KMSP
10380,KORL,KMDW
10381,KDCA,KBOS
10382,KSNA,KAVX
10383,KRHV,KE16
10384,LSGG,LEMD
10385,KONT,KPDX
10386,KSEA,KBNA
10387,KTIW,KPAE
10388,NZOM,NZCH
10389,KSMO,KSBA
10390,KSMF,KPDX
10391,KRSW,KMSP
10392,YSCB,YSBK
10393,KCLT,KSDF
10394,KFRG,KFOK
10395,KF70,KCRQ
10396,KHPN,KN69
10397,LFBO,LFPO
10398,KCLT,KFLL
10399,EHAM,LEMD
10400,LFPO,LEMD
10401,KLAS,KMDW
10402,KEWR,01FA
10403,LSZM,EDDH
10404,KBWI,KATL
10405,KDEN,KSFF
10406,KLAX,KMDW
10407,K1H0,6MO6
10408,KF70,KAVX
10409,GA53,K9A1
10410,KMSP,KSEA
10411,KSEA,KATL
10412,KBWI,KPVD
10413,KMKE,KATL
10414,KDEN,KTUL
10415,KLEB,KBOS
10416,KMIA,KATL
10417,NZWN,NZCH
10418,KLAX,KMCI
10419,CYHM,CYUL
10420,SBBR,SBSP
10421,OERK,OEDF
10422,KMKE,KRSW
10423,UWLL,UUWW
10424,KCRQ,KAVX
10425,KATL,NC16
10426,KMSP,35MN
10427,K61B,K1G4
10428,KPSP,KMSP
10429,KSFO,KBOI
10430,KSNA,KOAK
10431,KDXR,KISP
10432,KDEN,KIAD
10433,KDEN,KSJC
10434,KORD,KFLL
10435,KSKA,KSEA
10436,KCLT,KATL
10437,KPAE,WN51
10438,EDDL,LSZH
10439,KMDW,KMSP
10440,AZ64,KSDL
10441,EDDM,LEMD
10442,KCLT,KBWI
10443,KLAS,KSNA
10444,KPHX,KSMF
10445,KDAL,KOAK
10446,KORL,KMSP
10447,KWHP,KRIR
10448,KLGB,KTOA
10449,KCLT,KCMH
10450,KPSP,KSFO
10451,NJ95,KN40
10452,ENGM,ESSA
10453,KSNA,KSMF
10454,KPHX,KSAT
10455,KDEN,02XS
10456,KDEN,KISM
10457,KCLT,28NR
10458,K1B6,KHYA
10459,KSFO,KORD
10460,KDEN,KSMF
10461,LIPE,LTBW
10462,LIML,LMML
10463,KORD,KATL
10464,KDTW,46MI
10465,KCLT,KVPS
10466,KVNY,KSDL
10467,KDEN,KBUR
10468,KATL,KSEA
10469,KI69,KTZR
10470,KDEN,KTUS
10471,ESSB,ESSN
10472,KDEN,KBNA
10473,CT39,KISP
10474,UUWW,LKPR
10475,KSAT,KDAL
10476,EHAM,LEMG
10477,KSAC,KAPC
10478,LTAC,EDDK
10479,KSTS,KBOI
10480,KSEA,KSAN
10481,KDEN,KMKE
10482,KCLT,KPHX
10483,8NC6,KIGX
10484,KIAH,KDEN
10485,UUDD,ULLI
10486,KDFW,KTUS
10487,NTAA,NTTE
10488,KBWI,KBNA
10489,KTOA,KCMA
10490,KDEN,KFAT
10491,EDDM,EDDL
10492,KLAS,KSFO
10493,KCLT,7PS7
10494,KSAC,KOAK
10495,KWDR,K47A
10496,KHWD,KO70
10497,CYVR,CAM3
10498,KDEN,KSAN
10499,LEMG,LKPR
10500,KEWR,KCLT
10501,KBED,KPYM
10502,LEMD,LEPA
10503,LIEE,LIRF
10504,LSZM,EDDB
10505,KSDL,KGEU
10506,KAVP,KCLT
10507,KDEN,KSNA
10508,KAPA,9CO2
10509,KMZJ,KFFZ
10510,KPDX,KSMF
10511,KEWR,01FA
10512,KPSP,KPHX
10513,GMMN,LFPG
10514,KDEN,KPHL
10515,EBMB,EPWA
10516,KLAX,KPDX
10517,KTUL,KATL
10518,EIDW,EHAM
10519,KAUS,KDFW
10520,KHWD,KPAO
10521,KEWR,KIAD
10522,OERK,OEDF
10523,KLDJ,KEWR
10524,KHOU,KSAT
10525,KSBP,KVIS
10526,KSAN,KSJC
10527,KJYO,01VA
10528,KJYO,01VA
10529,KSEA,KDTW
10530,LFST,LFBO
10531,KSAC,KTVL
10532,KBFD,7PS7
10533,KAPA,KSDL
10534,KDEN,KBWI
10535,KDFW,KDEN
10536,SBSP,SBST
10537,KCVG,KISM
10538,NK07,KCDW
10539,KSNA,KOAK
10540,KLAX,KSFO
10541,KMSN,KJVL
10542,KPJC,32PN
10543,KVNY,KSJC
10544,KCLT,KCVG
10545,LIRF,LTBW
10546,KSEA,KDFW
10547,KATL,KIAD
10548,KSDF,KDTW
10549,KDEN,KMCI
10550,KPHX,KDCA
10551,KLOU,KJVY
10552,KBOI,KLAS
10553,CYUL,CYVR
10554,EKCH,EKYT
10555,KSUS,KALN
10556,KCLT,KSAT
10557,KTUL,KDFW
10558,KJZP,KPDK
10559,KAUS,KIAD
10560,KCHD,KAVQ
10561,KJFK,KDEN
10562,KSMF,KDFW
10563,KFDK,KGAI
10564,LEMG,EDDK
10565,KDEN,36II
10566,KSEA,KSFO
10567,KSAT,KEFD
10568,KO61,KAUN
10569,EIDW,EGLL
10570,KLZU,K6A2
10571,KPNE,KTTN
10572,EDDL,EDDM
10573,KMDW,KOAK
10574,KBWI,KMIA
10575,NZAR,NZNE
10576,EGLF,LSGG
10577,KLAX,KDFW
10578,CYUL,KLGA
10579,KPIE,KMIA
10580,KE25,KFFZ
10581,EKYT,EKCH
10582,EGPD,ENBR
10583,KATL,KRDU
10584,KDEN,KSEA
10585,KPUJ,KRYY
10586,KLAS,KSJC
10587,KUGN,KAPF
10588,KDEN,KMSP
10589,KACY,KHPN
10590,KRDG,KOQN
10591,KPDK,KTPA
10592,KBOI,KLAS
10593,KCLT,KPHL
10594,KDEN,KCOS
10595,KJST,KBWI
10596,KUNU,KMSN
10597,KATL,KLGA
10598,KLAS,KSAT
10599,KCLT,KMCI
10600,LSZH,ESSA
10601,KDFW,KORD
10602,KPHX,KSJC
10603,EYKA,EPWA
10604,EGJJ,EGNX
10605,KBWI,KBUF
10606,KSMF,KMDW
10607,KBJC,KGXY
10608,KMYF,KF70
10609,KRHV,63CN
10610,KDEN,KOMA
10611,LPPR,LFOB
10612,KCOS,KPHX
10613,CYUL,KEWR
10614,KCLT,KLAS
10615,KSDF,KMDW
10616,KBFI,KORS
10617,KLAS,KDAL
10618,KATL,KRDU
10619,KLOU,KJVY
10620,KCVG,KMSP
10621,LKPR,LTBW
10622,KCLT,KHPN
10623,EDDH,EDDF
10624,KPHX,KMSP
10625,24FL,KECP
10626,KDFW,KEYE
10627,KDEN,CYYC
10628,KSEA,KEYE
10629,KMCI,KDAL
10630,EGCC,LIRA
10631,KSDL,KPSP
10632,KSFO,KDAL
10633,KCGZ,KCHD
10634,VOMM,WMKK
10635,KLZU,KPDK
10636,KFXE,KMIA
10637,K1G4,KLAS
10638,KAUS,KJFK
10639,UKBB,LTBW
10640,KBOS,KMIA
10641,EGLL,EDDS
10642,KHOU,KDFW
10643,KDEN,KLAS
10644,KDFW,KMSP
10645,KBWI,KBKL
10646,KDFW,KPDX
10647,KTEB,KABE
10648,KCLT,KBKL
10649,KOJC,KMKC
10650,KSFO,35OR
10651,KORL,KDFW
10652,KHPN,KCLT
10653,KPHX,KPAE
10654,KLGB,KVNY
10655,KAUS,KDEN
10656,UUWW,OMDW
10657,KDEN,KATL
10658,EDDM,EPWA
10659,NZHN,NZWN
10660,KDFW,02XS
10661,KCLT,KHSV
10662,KVIS,KSNS
10663,EGLL,EPWA
10664,ULLI,UUWW
10665,EIDW,EIKY
10666,ESSA,LHBP
10667,KCLT,KBOS
10668,KDEN,KPDX
10669,KMSP,KPHL
10670,KATL,KDAL
10671,KCLT,KBNA
10672,KDEN,KPHX
10673,EPWA,LTBW
10674,KVIS,KSNA
10675,CYYJ,CYVR
10676,KRSW,KCMH
10677,KRDU,KDFW
10678,KLAX,KFLL
10679,LPPD,LPPT
10680,K1G4,KLAS
10681,KGEG,KPDX
10682,KCLT,KDAY
10683,KDEN,KSBA
10684,KTUL,KDAL
10685,KEUL,04ID
10686,KBNA,KECP
10687,KBFI,KYKM
10688,CYVR,CYCD
10689,LEPA,LEIB
10690,KDEN,KOMA
10691,KDFW,KJFK
10692,KFFZ,KA39
10693,KLAS,KMKE
10694,KPNS,KATL
10695,KABQ,KDAL
10696,EGAC,EGCC
10697,KHPN,KTEB
10698,KDEN,KLAX
10699,KWDR,KPDK
10700,KMIA,02XS
10701,KMCI,KLAS
10702,KOAK,KLAX
10703,KLAX,KDTW
10704,KATL,KBKL
10705,KEWR,KMCO
10706,NZWN,NZCH
10707,KRSW,KBOS
10708,KMSP,KEWR
10709,KSEA,KCMH
10710,KATL,KDAL
10711,KLAS,KSEA
10712,KIAD,KOPF
10713,KSBA,KOXR
10714,ELLX,LSGG
10715,KFDK,KFME
10716,KPDK,0GA4
10717,KGRR,KMSP
10718,KDFW,KSNA
10719,KDEN,KABQ
10720,KBVS,KPWT
10721,KATL,KBOS
10722,KDTO,KGLE
10723,KPHX,KJFK
10724,EDDM,OTHH
10725,EDDL,EPWA
10726,EIDW,EIDL
10727,KFMY,KMKY
10728,EDDF,UUEE
10729,4II7,KLAF
10730,KAUS,KEWR
10731,KSRQ,KDFW
10732,KRSW,KMSN
10733,KLUK,KI69
10734,KLAX,KBOI
10735,KLAS,KLAX
10736,KDEN,KTEX
10737,KPDX,KSEA
10738,KLGA,KBNA
10739,LTAC,LTFJ
10740,KSQL,CA35
10741,KMSP,KCMH
10742,UUEE,ULLI
10743,EGGP,EGNS
10744,KN87,KN12
10745,KSJC,KPDX
10746,KDEN,KDCA
10747,KBWI,KDTW
10748,EBMB,LEMD
10749,KMKE,KMSP
10750,KAVX,KMYF
10751,KCMH,KLAS
10752,KOAK,KMDW
10753,KBOS,KHPN
10754,LEBZ,LEMD
10755,ENBR,ENZV
10756,EDDF,LEMD
10757,EDDK,EDDB
10758,KUNU,KMSN
10759,KDCA,KCLT
10760,KPTK,KVLL
10761,29GA,8GA8
10762,EDDF,LEMD
10763,KDEN,KIAD
10764,KPDX,02XS
10765,KLGA,KATL
10766,KSJC,KDAL
10767,KATL,KBWI
10768,KLAS,KBUR
10769,ULMM,UUEE
10770,KDFW,SC97
10771,KPHX,KLGB
10772,KMIV,K0W3
10773,LIMC,LIBD
10774,KSFO,KLAS
10775,KTOA,KCMA
10776,KMSP,KLGA
10777,KDFW,KSFO
10778,KDEN,KMSP
10779,LEIB,LEPA
10780,KF70,KCRQ
10781,KDEN,KSBP
10782,KSFO,KPSP
10783,KCRQ,KAVX
10784,ENUL,ENZV
10785,KCGZ,KFFZ
10786,KUDD,KCRQ
10787,KDEN,KMCI
10788,KDVT,KE25
10789,KORF,KBWI
10790,KLAX,KTPA
10791,KMDW,KBUF
10792,LSZH,EPWA
10793,KHOU,KDAL
10794,KTUS,KRYN
10795,KVIS,KSBP
10796,KCLT,KOAJ
10797,KPDK,KPUJ
10798,KCLT,KDAL
10799,KMCI,KPHL
10800,KMSP,KDCA
10801,KSAT,KATL
10802,KPHX,KEWR
10803,EDDB,EDDF
10804,KDFW,KM99
10805,KSFO,KLAX
10806,KLAX,KSFF
10807,ESSA,EVRA
10808,KOAK,KPSP
10809,KBNA,KRDU
10810,KTPA,KDFW
10811,KATL,KLAX
10812,KMSP,KATL
10813,LSGG,EPWA
10814,KVNY,KMYF
10815,KDAY,KATL
10816,KLAS,KSEA
10817,KPHX,KATL
10818,KMCI,KATL
10819,KSFO,KU42
10820,KVNY,KWHP
10821,KSAN,KLAS
10822,KDEN,KEWR
10823,LOWW,LTBW
10824,EHAM,EPWA
10825,KDFW,KSAT
10826,1NK5,KCDW
10827,KRSW,KLGA
10828,LYBE,LDZA
10829,KFMY,KAPF
10830,EDDH,EDDF
10831,KDFW,KIAD
10832,KFFZ,KAVQ
10833,KDTW,KPHX
10834,LIMC,LEMD
10835,LTFJ,LTAC
10836,KBFI,KBLI
10837,KSMF,KLAX
10838,KOAK,KSNA
10839,LEMD,LPPT
10840,EPSC,EPWA
10841,KPAE,80WA
10842,KSDL,KCHD
10843,CYOW,CYUL
10844,ESMS,ESSA
10845,KMDW,KRSW
10846,KMQS,KCDW
10847,KPHX,KBOS
10848,KBWI,KBOS
10849,KLAX,KISM
10850,KMSP,KDTW
10851,LMML,LTBW
10852,KATL,KMSP
10853,LIMC,EPWA
10854,KDFW,KTUL
10855,0NK3,KROC
10856,KSBP,KFAT
10857,KCLT,NC31
10858,KSOP,KFLL
10859,K1H0,KALN
10860,KRNT,KORS
10861,KRDU,KRSW
10862,LFPG,EPWA
10863,RKSI,ZGSZ
10864,KONT,KSFO
10865,KMDW,KAPF
10866,KOAK,KSEA
10867,KPDK,K49A
10868,KMDT,KCLT
10869,KFOK,KFRG
10870,PANC,6AK3
10871,ENGM,ENZV
10872,KEWR,KFLL
10873,KRSW,KSGS
10874,KORD,KLGA
10875,LPPT,EBCI
10876,KDFW,KLAX
10877,KATL,KMDW
10878,NZAR,NZNE
10879,KFDK,WV21
10880,KSFO,KORD
10881,35OR,KBDN
10882,KDEN,KBOI
10883,KIWA,KLAS
10884,KBOI,1ID4
10885,KTPA,KPHL
10886,KORL,KMSP
10887,ESTA,ESSA
10888,EDDS,EDDH
10889,TVSA,TBPB
10890,LYBE,EDDP
10891,KDFW,KSTL
10892,KLAS,KRIR
10893,KSFO,KLAS
10894,KATL,KLAX
10895,KECP,KPDK
10896,KSTL,KMSP
10897,KOPF,KHWO
10898,KSQL,KLVK
10899,KOAK,KSFF
10900,KC47,KC35
10901,KFLL,KATL
10902,KSEA,KGEG
10903,NZAA,NZPM
10904,KDFW,KSEA
10905,KDTW,CYUL
10906,KRYY,8GA7
10907,KTPA,KLAS
10908,KFRG,KFOK
10909,KONT,KSDF
10910,KDAL,KFLL
10911,CO18,KAPA
10912,KFMY,KFXE
10913,KBOS,KROC
10914,KSTL,KCLT
10915,KPDK,KILG
10916,ULLI,UWWE
10917,LIMC,EGLL
10918,KSFO,KBOI
10919,KSAN,KU42
10920,KGRR,KPIE
10921,KDCA,KHEF
10922,KAPA,9CO2
10923,KPHL,KSTL
10924,OERK,OMDB
10925,KORF,KCLT
10926,KJFK,SKMA
10927,KMSP,KEYE
10928,KSFO,KLAS
10929,KSAT,KDFW
10930,KLAS,KLAX
10931,KEMT,KHWD
10932,KFHR,WN51
10933,KIAD,KCLT
10934,NZHN,NZWN
10935,KDFW,KDAY
10936,KMSP,KIAD
10937,KFNL,KBJC
10938,KDEN,KU42
10939,LFML,LFRS
10940,KRHV,KE16
10941,KPHL,KATL
10942,KPDK,KGVL
10943,KATL,KMCI
10944,EGPH,EGKK
10945,KAUS,KTPA
10946,KORD,KMSP
10947,LEMD,LEMG
10948,OMDB,VIDP
10949,KMSN,KDTW
10950,EDDF,EPWA
10951,KMDW,KLAS
10952,KLAS,KSFO
10953,NZNE,NZAR
10954,KMCI,KMSP
10955,KPDX,KLAX
10956,KDTW,KMSP
10957,KMSP,KRSW
10958,VHHH,RKSI
10959,KHOU,KOMA
10960,KBOS,KRDU
10961,KLAX,KSFO
10962,KSFO,KPDX
10963,KPHL,KCLT
10964,LFML,LFKJ
10965,KSJC,KSEA
10966,UUWW,LTBW
10967,KSLC,KLAS
10968,KCMH,KDTW
10969,KDTW,KORF
10970,KMSN,KSGS
10971,KTPA,KHPN
10972,LEBL,LEMD
10973,KPDX,KOAK
10974,KMIA,KPHX
10975,KMSP,KLAS
10976,LEMD,EGLL
10977,KS67,KMAN
10978,KPHX,KABQ
10979,EDDV,EDDS
10980,KDAL,KSAT
10981,KLGA,KDFW
10982,KJFK,KPHX
10983,KSMF,KBOI
10984,20II,KPHL
10985,KRDU,KFLL
10986,KDEN,KORD
10987,LOWW,EDDL
10988,KSFO,KPHX
10989,EDDK,EDDM
10990,EDDB,EGGW
10991,KPDK,KGVL
10992,EGGD,EGAA
10993,KDEN,KSFO
10994,KONT,KSJC
10995,KDTW,3NK5
10996,LEMH,LEPA
10997,EGLL,LEMD
10998,KPHL,KRSW
10999,KCPS,MO84
11000,KDTW,II81
11001,KORD,KDFW
11002,KAPF,KVDF
11003,CYOW,CYYZ
11004,KLAX,KSEA
11005,KLAS,KMDW
11006,KSNA,KAVX
11007,KPDK,KGVL
11008,KPDX,KPHX
11009,KATL,KORF
11010,FA54,KPDK
11011,KAPA,KHND
11012,KLGA,KBNA
11013,KFAT,KSNS
11014,EKCH,EPWA
11015,1NK5,KCDW
11016,KLAS,KOAK
11017,JY04,KILG
11018,LYBE,EDDP
11019,KSMF,KSFO
11020,KATL,KDTW
11021,KDEN,KATL
11022,CYYC,CYVR
11023,KDFW,KCOS
11024,KSFO,KABQ
11025,KCMH,KTPA
11026,KDTW,KCMH
11027,KJYO,61VA
11028,KF70,KCRQ
11029,KBNA,KISM
11030,KMYF,04CL
11031,LFPG,LIML
11032,KSAF,KDAL
11033,UUWW,ESSA
11034,KHWV,KFRG
11035,KATL,KLAS
11036,KTPA,KEWR
11037,NZAA,NZRO
11038,NZAA,NZGB
11039,KEWR,KTPA
11040,SPJC,SBGR
11041,KCVG,KDTW
11042,KATL,KISM
11043,SKBO,MROC
11044,KDFW,KORD
11045,LFPO,LFKJ
11046,KSMO,KAVX
11047,KCLE,KFLL
11048,KJKJ,KMSP
11049,KDFW,KDEN
11050,K2R2,KDTW
11051,KDTW,KPIT
11052,KORL,02XS
11053,UKBB,EDDP
11054,ENGM,EPWA
11055,KATL,KTYS
11056,EBCI,EPMO
11057,KFLL,KMSP
11058,LYBE,LDZA
11059,CYYC,CYYZ
11060,KHOU,KDAL
11061,KLAS,KBOI
11062,EDDH,LEMD
11063,LEMD,LEPA
11064,KDAL,KRSW
11065,KBOI,KU42
11066,KSBP,KFCH
11067,KJVL,KDPA
11068,KFTG,KAPA
11069,KPDK,KWDR
11070,KPAO,KSCK
11071,KSFO,KLAX
11072,KSDL,KLAS
11073,KABQ,KLAS
11074,KSTL,KEWR
11075,EDDK,EPKT
11076,CYMX,CYYZ
11077,KMSP,KATW
11078,KEWR,KMIA
11079,KSFO,KSEA
11080,KDTW,KPHL
11081,KE16,KRHV
11082,KOAK,KAUN
11083,KSEA,KORD
11084,NZCH,NZAA
11085,KMSP,KORD
11086,KROC,KPHL
11087,VOBL,VIDP
11088,KDTW,KDAY
11089,KLAS,KSNA
11090,KTPA,KIAD
11091,KCMH,KCLT
11092,4GA9,KGVL
11093,4NJ8,KSMQ
11094,4GA9,KJZP
11095,KDFW,KEWR
11096,KRSW,KIAD
11097,KBOS,KEWR
11098,KATL,KJFK
11099,KTTN,KPNE
11100,KAPA,KFTG
11101,NZCH,NZWN
11102,KPAO,KDVO
11103,LEZL,EBCI
11104,KDTW,KLAS
11105,KPDX,KSAN
11106,KMSP,KPHL
11107,KE63,KFFZ
11108,UUWW,UWWE
11109,KLAS,KATL
11110,EDDM,LEMD
11111,05IN,KDFW
11112,KMKE,KBWI
11113,KMCI,KIAD
11114,KABE,KATL
11115,KSAN,KORD
11116,KATL,KDEN
11117,CYUL,CYYZ
11118,ESNZ,ESSA
11119,KDFW,KLGA
11120,KPHL,KDFW
11121,KPHX,KPHL
11122,LYBE,LTBW
11123,CYYC,CYUL
11124,KGRR,KDTW
11125,KSJC,KSAN
11126,ESKN,LOWW
11127,KTYS,KPHL
11128,KATL,KFLL
11129,CYVR,CML2
11130,LEMG,LEMD
11131,KDFW,KHSV
11132,KDAL,KATL
11133,KLAS,KTUS
11134,KUES,KPWK
11135,LPPD,LPPR
11136,KDAB,KATL
11137,NZAA,NZAP
11138,UUEE,LTBW
11139,KLZU,67GA
11140,KCMH,KPHX
11141,EDDF,LOWW
11142,KSFO,KIAD
11143,KCLE,KDTW
11144,KPHX,KLAX
11145,KDFW,KMIA
11146,KRDU,01FA
11147,KFLL,KCMH
11148,KBUR,KSJC
11149,KGYL,KFCM
11150,EDDF,EFHK
11151,EDDM,EDDF
11152,LIMC,LIBD
11153,KATL,KPHL
11154,KPDK,85GA
11155,KMCC,KMYV
11156,KOAK,KPHX
11157,KLNS,KBWI
11158,YSCB,YMML
11159,ENGM,EPGD
11160,KSAN,KLAX
11161,KBFI,KAWO
11162,KDFW,KABQ
11163,LOWW,EDDH
11164,KBUR,KLAS
11165,KSJC,KBUR
11166,KDEN,KISM
11167,UUWW,ULLI
11168,KDAL,KVNY
11169,NZCH,NZPM
11170,KGXY,KBJC
11171,EBMB,LOWW
11172,KBNA,KECP
11173,KADS,KRVS
11174,KTYS,KDFW
11175,OMDB,VOBL
11176,KSMF,KLAS
11177,KSAN,KSTS
11178,KOAK,KSEA
11179,KSNA,KSEA
11180,EGKK,EIDW
11181,KPTK,KOPF
11182,KDFW,KLAX
11183,SPJC,SPST
11184,KCLT,KDTW
11185,KISP,KPHL
11186,LEMD,LEPA
11187,KDFW,2IL3
11188,KGAI,KFDK
11189,KSFO,KTUS
11190,LTAC,LTFJ
11191,KAUS,KBNA
11192,KBUR,KDAL
11193,LIME,LIED
11194,KDEN,KLAS
11195,KDAL,KPHX
11196,EDDM,ELLX
11197,KHOU,KSAN
11198,KBOS,KBNA
11199,KDXR,KHPN
11200,3MD8,KFME
11201,ENUL,ENGM
11202,KLAS,KSFF
11203,K47A,KLZU
11204,KOJC,SN89
11205,KBFI,KBLI
11206,KLAX,KSEA
11207,KCOS,KDEN
11208,KONT,KSMF
11209,VOBL,VABB
11210,KSBA,KSMO
11211,KMDW,KOAK
11212,KTPA,KORD
11213,KFLL,KIAD
11214,KSAT,KLAS
11215,KDFW,KBMI
11216,KPDK,KGVL
11217,KFFZ,KMZJ
11218,EGAC,EGLC
11219,KMSP,KDFW
11220,KVNY,CL46
11221,KSNA,KCRQ
11222,KMKE,KPHL
11223,KLAS,KDFW
11224,KLAX,KLAS
11225,KPHL,01FA
11226,KFLL,CYUL
11227,KFFZ,KPAN
11228,KAUS,KJFK
11229,KSTL,KLGA
11230,KBOI,KLAX
11231,CYYZ,CYUL
11232,KORL,KBOS
11233,KSEA,KYKM
11234,KRDU,KATL
11235,KSNA,KLAS
11236,KAPA,CO07
11237,EGPH,EPMO
11238,KFFZ,KAVQ
11239,KBFI,KBLI
11240,KDTW,KTYS
11241,CYYC,CYYJ
11242,CYYZ,CYOW
11243,KSFO,KTUS
11244,2NJ1,59PA
11245,ENZV,ENGM
11246,KSAT,KBNA
11247,KRSW,KPHL
11248,TJSJ,KEWR
11249,KSTL,KPHL
11250,KPHL,KATL
11251,KATL,KEWR
11252,KHND,MT54
11253,KHSV,KDFW
11254,KMSP,KDTW
11255,KLGB,KPHX
11256,K10C,KRAC
11257,KBOI,KSEA
11258,KDFW,KEWR
11259,KPSP,KORD
11260,LEMG,LEPA
11261,MI45,KPTK
11262,MA36,KBVY
11263,KHPN,KTEB
11264,KLAX,KORD
11265,KEWR,KROC
11266,ENGM,EKCH
11267,SBBR,SBGR
11268,KATL,KDEN
11269,KFOK,KFRG
11270,71KS,KMKC
11271,KJFK,KMIA
11272,KSTL,KLGA
11273,KDAY,KPHL
11274,NTTE,NTAA
11275,LFPB,LSGG
11276,KSNA,KPHX
11277,EGCC,EDDL
11278,PANC,KSEA
11279,KDTW,KIAD
11280,K11V,KBJC
11281,KSEA,KSNA
11282,KSTL,KBNA
11283,KDFW,KSDF
11284,LEMH,LEPA
11285,KBOS,KPHL
11286,42VT,KPHL
11287,KDTW,KOMA
11288,KMSP,KIAD
11289,YSBK,YWBN
11290,KDEN,KSEA
11291,KEWR,KBUF
11292,KLZU,KWDR
11293,KORL,KLGA
11294,VHHH,RKSI
11295,2OA7,KLUK
11296,KPAO,KHAF
11297,68NY,KROC
11298,YBAF,YWCK
11299,KLAS,KBUR
11300,01VA,KJYO
11301,KRYN,KTUS
11302,KLAX,KBNA
11303,KDEN,KLAS
11304,KONT,KLAS
11305,CYXE,CYYZ
11306,KCDW,KSMQ
11307,KABQ,KU42
11308,KSEA,KSMF
11309,NZCH,NZOM
11310,KLGB,KTOA
11311,KTEB,KBNA
11312,MA72,KBOS
11313,EGLL,EDDM
11314,KMKE,KSTL
11315,KMKC,KGPH
11316,KDEN,KATL
11317,KIWA,KPVU
11318,KRDU,KATL
11319,KLOU,KJVY
11320,4II7,KLAF
11321,KLAX,KSEA
11322,KMIA,KEWR
11323,KBOS,KDCA
11324,KBDN,K6K5
11325,KBNA,KDCA
11326,NZPM,NZAA
11327,KSNA,KLAS
11328,NZAA,NZCH
11329,EGLL,EDDL
11330,KSAN,KSMF
11331,EBCI,LMML
11332,KMDW,KBED
11333,KFRG,KHWV
11334,37MN,KFCM
11335,KS67,KMAN
11336,KLAX,KBWI
11337,KDEN,KPAE
11338,KMSP,KDFW
11339,KSTL,KPPQ
11340,KSFO,KSAN
11341,KBNA,KDAL
11342,KFAY,KATL
11343,EGSS,EDDH
11344,20II,KATL
11345,KJYO,01VA
11346,KBOI,KSMF
11347,KABE,8FA4
11348,KMYF,KSNA
11349,KFLL,KJFK
11350,KLAS,KBWI
11351,KUNV,KPHL
11352,KEWR,KDCA
11353,EDDW,EDDM
11354,LDZA,LTBW
11355,LPPR,LSZM
11356,LFKJ,LFML
11357,KSEA,KMKE
11358,EDDH,EDDM
11359,KMSP,56WI
11360,KPSP,KBFI
11361,KHSV,KATL
11362,KLAX,KOAK
11363,SBVT,SBSP
11364,KAPA,KSDL
11365,KBFI,KPWT
11366,LFPO,LEMD
11367,KTKI,KSLR
11368,KE16,KRHV
11369,KSEA,KSBP
11370,LTFJ,EDDK
11371,KATL,KDTW
11372,KDCA,KRSW
11373,ZGSZ,RPLC
11374,ESSA,ENGM
11375,EDDW,EDDS
11376,68NY,KROC
11377,KHEF,VA71
11378,KSDL,KLAS
11379,KMSN,KDFW
11380,KRVS,2OK4
11381,OMDB,VIDP
11382,KSDF,KDTW
11383,KBOS,KLEB
11384,OTHH,VGZR
11385,PANC,6AK3
11386,KLAS,KORD
11387,KBNA,KLGA
11388,KAVQ,KDVT
11389,KONT,KSBP
11390,KPSP,KPDX
11391,KBUF,KPHL
11392,LPPR,ELLX
11393,EDDH,EKCH
11394,SBRJ,SBGR
11395,KLZU,KPDK
11396,KBOS,KATL
11397,KLAS,KSNA
11398,SBSP,SBGL
11399,KFLL,KLGA
11400,KVPC,19GA
11401,CYCD,CYVR
11402,VHHH,RPLL
11403,KDEN,KJFK
11404,KAPA,KFCM
11405,KSAN,KSEA
11406,KLAS,KU42
11407,KCMA,KTOA
11408,KSPG,KSRQ
11409,KBNA,KEWR
11410,KATL,KDFW
11411,YSWG,YSSY
11412,LPPT,LSGG
11413,KDEN,KCLE
11414,KSRQ,KPHK
11415,KAPA,KPUB
11416,KSFO,CYVR
11417,KBUR,KOAK
11418,KVPS,KDFW
11419,KLAX,KORD
11420,KF70,KAJO
11421,KSTL,KDAL
11422,KSEA,KPDX
11423,KLAX,KMSP
11424,LEAL,EHEH
11425,KATL,KMIA
11426,KORD,KMIA
11427,LIMC,EDDL
11428,KAPA,KFNL
11429,LIRF,ELLX
11430,KDFW,KLAS
11431,KFLL,KEWR
11432,KDEN,KRDU
11433,KSEA,PANC
11434,KMSP,KBWI
11435,CYQQ,CYYC
11436,KDAL,KMCI
11437,NZAA,NZOI
11438,KLAX,KSEA
11439,20II,KPIE
11440,EHAM,LFPG
11441,KLUK,KI69
11442,KATL,KMKE
11443,LSZH,EKCH
11444,KONT,KSJC
11445,KCMA,KOXR
11446,KDEN,KBOS
11447,KBOS,KFLL
11448,KBNA,KIAD
11449,KALB,KATL
11450,KORD,KPHX
11451,KDFW,KVPS
11452,KMDW,KBOS
11453,TJSJ,KATL
11454,KATL,KECP
11455,KATL,KMCI
11456,ELLX,LPPT
11457,KDTW,KMCI
11458,KBWI,KORF
11459,KDAL,02XS
11460,EDDF,LSGG
11461,KABQ,KPDX
11462,KPRB,33CL
11463,KIWA,KAVQ
11464,KCRQ,KAVX
11465,KONT,KPHL
11466,KPWK,KSUS
11467,KGEG,KSEA
11468,KDTW,CYYZ
11469,KATL,KOMA
11470,KDEN,KMDW
11471,KSFO,KSAN
11472,KJFK,KRSW
11473,SBKP,SBRJ
11474,KLAS,KPDX
11475,KCMH,KRSW
11476,KGRR,KDFW
11477,ENZV,EKCH
11478,24FL,KECP
11479,KPHL,KDFW
11480,KBFI,WA22
11481,KBNA,KISM
11482,KN14,KMJX
11483,KSAN,KATL
11484,TXKF,CYYZ
11485,KMDW,KDCA
11486,KAUS,KPHX
11487,KLAX,KPHX
11488,SBSP,SBRJ
11489,KTEB,KHPN
11490,ZGSZ,WSSS
11491,WV21,KFDK
11492,KSAN,KPAE
11493,KDEN,KDFW
11494,KMDW,KPHX
11495,KEWR,KATL
11496,KCMH,KPHL
11497,KSEA,KLAS
11498,KBNA,KTPA
11499,EBCI,LIPE
11500,ENZV,EKCH
11501,KCLT,KATL
11502,KCLE,KMDW
11503,KSLC,KSJC
11504,KMIA,KIAD
11505,KMSP,KRDU
11506,CYYZ,KPHL
11507,KJYO,90VA
11508,KMDW,KDTW
11509,LPPT,EHAM
11510,KCLT,KLGA
11511,KPHX,KCOS
11512,KCLE,KPHL
11513,KMCI,KDAL
11514,20II,KEWR
11515,KCMH,KEWR
11516,TXKF,CYYZ
11517,KLAX,KBNA
11518,KDAY,KIAD
11519,KORD,KDTW
11520,SPST,SPJC
11521,KPSP,KU42
11522,UT08,KU14
11523,CYVR,CYYZ
11524,ULLI,UUWW
11525,KMSN,KATL
11526,ELLX,LPPR
11527,RPLL,VHHH
11528,KSEA,KLAX
11529,KSFO,KMSP
11530,8AK2,PANC
11531,KLNS,14PS
11532,KVPS,KATL
11533,KIAD,KDEN
11534,KBNA,KBOS
11535,KCLT,KFLL
11536,KAPA,CO02
11537,KPAN,KDVT
11538,KSAN,KPHX
11539,KPDX,KSEA
11540,EHAM,LIPZ
11541,EDDF,UUDD
11542,KLAS,KDTW
11543,KLAX,KSJC
11544,KLUK,KDPA
11545,KATL,KU42
11546,LEMG,EGCC
11547,KSEA,PANC
11548,KPHX,KU42
11549,XA65,KT31
11550,KEUL,ID95
11551,KTTN,KRSW
11552,LEMD,ELLX
11553,KUYF,KOSU
11554,KDXR,KISP
11555,CYXE,CYYC
11556,KBNA,KDFW
11557,5MI8,KDTW
11558,KCLT,KORD
11559,KAPA,KBJC
11560,KORL,KHPN
11561,KRSW,KEWR
11562,SPJC,SKMA
11563,KDFW,KATL
11564,KATL,KORD
11565,KCRQ,KSMO
11566,KHQZ,KADS
11567,KOMA,KATL
11568,KDEN,KSAT
11569,KSTL,KK52
11570,EGAA,EGNX
11571,KRDU,KCLT
11572,CYUL,CYQB
11573,KTPA,KDFW
11574,KJZP,KPDK
11575,KFOK,KHPN
11576,KPHX,KMSP
11577,KDCA,KMIA
11578,UUWW,ULLI
11579,KCHD,KPAN
11580,KSAN,KFAT
11581,KOMA,KDFW
11582,KSKA,KSEA
11583,KBNA,KDEN
11584,EGLL,EGAC
11585,KMIA,KMSP
11586,EHAM,LFBD
11587,KBOS,KSDF
11588,KBUR,KSEA
11589,KPDX,KSEA
11590,KDVT,KFFZ
11591,KCOS,KU42
11592,CYCD,CYYC
11593,KPHL,KSDF
11594,UMMS,UKKK
11595,KPAO,KE16
11596,CYYZ,CNV9
11597,NK43,KIAD
11598,KCLT,KMIA
11599,KLAX,KATL
11600,KRHV,KE16
11601,LIMC,LIRF
11602,KSTL,KORD
11603,KATL,KFLL
11604,KRVS,OK13
11605,KI69,21OI
11606,EDDH,LEPA
11607,KFLL,KORD
11608,KRHV,KE16
11609,KRVS,40OK
11610,KRSW,KDTW
11611,KPHX,KSEA
11612,KCLT,KDFW
11613,KSFO,KSNA
11614,EHAM,EDDB
11615,KSFO,KU42
11616,KHWV,KFRG
11617,KMDW,KISM
11618,KEWR,KDFW
11619,KBUR,KPHX
11620,KDEN,KSTL
11621,KCMH,KDEN
11622,KLAS,KMSP
11623,KSTL,KDFW
11624,VABB,OMSJ
11625,KLAS,KLAX
11626,UUEE,LIMC
11627,KBUR,KVNY
11628,KABQ,KDFW
11629,8CA5,KMYF
11630,EGPD,EGNX
11631,KAPA,CO02
11632,LJLJ,EDDP
11633,KSJC,KSFF
11634,KRDU,KBNA
11635,VHHH,RKSI
11636,KBOS,KIAD
11637,KPHX,KORD
11638,KSFO,KLAS
11639,SBGR,SBRJ
11640,KCVG,KEWR
11641,EHAM,EDDM
11642,EHAM,ENGM
11643,KTPA,KLGA
11644,KCLT,KTYS
11645,KEWR,KDTW
11646,KFFZ,KPAN
11647,KSTS,KO69
11648,KCLT,KW91
11649,KCEU,SC24
11650,KSMF,KU42
11651,ESKN,LIME
11652,KFDK,8MD5
11653,KCMH,KMDW
11654,EDDB,LIMC
11655,KCHD,KPAN
11656,KSQL,KSAC
11657,NZCH,NZWN
11658,K3C8,KFRG
11659,20II,KIAD
11660,LTFJ,EDDK
11661,KSEA,CYVR
11662,EGBB,EGAC
11663,KBDU,KFNL
11664,KSDL,KSNA
11665,KJVY,KLOU
11666,UUDD,UNEE
11667,KFLL,KBWI
11668,VIDP,VABB
11669,NZWN,NZCH
11670,77OH,KI69
11671,LEBL,LIML
11672,KFRG,03NY
11673,KBOS,KCLT
11674,KOKV,KJYO
11675,KPDX,KTUS
11676,KCRQ,KCMA
11677,KDEN,KPHX
11678,ENGM,EDDV
11679,EGNX,EGTU
11680,KPHL,KRSW
11681,KCLT,KRDU
11682,UKKK,UMMS
11683,EDDB,ELLX
11684,KSEA,KMSP
11685,KDAL,KSJC
11686,KAUN,KWVI
11687,KFLL,KATL
11688,KBOS,KRSW
11689,KMSP,KBOS
11690,KSEA,KRIR
11691,KATL,KTUL
11692,KOMA,KATL
11693,EGCC,EGPD
11694,TJSJ,KMIA
11695,ZGSZ,RCTP
11696,KAPA,CO02
11697,KCLT,KDCA
11698,KSAN,KSEA
11699,KDPA,59IL
11700,KSBP,KVIS
11701,KCLT,KRSW
11702,LEBL,LEMD
11703,KSEA,KGEG
11704,KSTL,KIAD
11705,OI34,7OA7
11706,KEWR,KDFW
11707,EINN,EIDW
11708,YSSY,YMHB
11709,KBOI,22ID
11710,KBMI,KORD
11711,KCLT,KDTW
11712,ULLI,ULMM
11713,KSJC,KSTL
11714,EHAM,ESGG
11715,KBOI,KORD
11716,KFRG,KBDR
11717,KSEA,KSJC
11718,LIRA,LIML
11719,KOMA,KMSP
11720,KMDW,KSDF
11721,KMSP,KGRB
11722,LEVX,LEMD
11723,LMML,LICZ
11724,KCMY,KC29
11725,KGKY,KTKI
11726,LEIB,LEPA
11727,LSZH,LIMC
11728,KCRQ,KSBA
11729,EVRA,EBLG
11730,KGVL,K9A1
11731,NZAA,YSSY
11732,KFAT,KSEA
11733,KC83,KLVK
11734,KATL,KIAD
11735,KSEA,KSFO
11736,KTTN,KMJX
11737,KRSW,KORD
11738,EDDF,LSZH
11739,KCTJ,KJZP
11740,KCRQ,37CA
11741,KORL,KORD
11742,CYYZ,KBOS
11743,KPIT,KPHL
11744,KSAN,KLAS
11745,OMDB,VIDP
11746,KLAX,KSJC
11747,KSTL,KSAN
11748,LEBL,EDDP
11749,KTOA,KLGB
11750,UUEE,ULMM
11751,KMDW,KRDU
11752,KSMF,KSEA
11753,KMGY,KCMH
11754,KONT,KSEA
11755,PANC,6AK3
11756,KISP,KFOK
11757,KSEA,KSFO
11758,YMMB,YMPC
11759,KDAL,KABQ
11760,UUEE,ULLI
11761,KPWK,K3CK
11762,KRHV,KE16
11763,KSMF,KLAS
11764,LTBA,EDDP
11765,EGPH,EGLC
11766,LPPR,LEMD
11767,KGRR,KMDW
11768,ULLI,UUEE
11769,KSEA,UT13
11770,ESSA,UUWW
11771,KCLT,KRAC
11772,KSTL,MO81
11773,KRSW,KBOS
11774,KO69,KAPC
11775,KPNS,KMIA
11776,KLAS,KLGB
11777,KMSP,KATL
11778,KHSV,KIAD
11779,KROC,KIAD
11780,KSDL,KGYR
11781,KSAT,KDEN
11782,KPIE,KBNA
11783,KDTW,KLAS
11784,KSEA,KPDX
11785,KCLE,KIAD
11786,KJZP,KRYY
11787,NZAA,YMML
11788,IA01,KCBF
11789,KMKE,KISM
11790,LEBL,LPPT
11791,KEWR,KMSP
11792,KSQL,KHHR
11793,KCLT,KEWR
11794,ENZV,ENGM
11795,KSTL,KLAS
11796,4NC7,KRDU
11797,KO69,KOAK
11798,KLAS,KPDX
11799,LROP,LTBW
11800,KTPA,KDTW
11801,KSNA,KLAS
11802,01VA,KJYO
11803,KBUR,KSMO
11804,KSEA,KPHX
11805,KLAS,K61B
11806,KN14,3NJ9
11807,EHAM,LIRF
11808,KMIA,KATL
11809,KBNA,KPHL
11810,KSDM,KSNA
11811,LHBP,LSZM
11812,KBWI,KRSW
11813,KDAL,KBNA
11814,KSAN,KLAS
11815,KLAX,KORD
11816,KEWR,KMIA
11817,KCLT,KALB
11818,KGNV,KAPF
11819,KECP,KDFW
11820,KDFW,KDEN
11821,EHAM,ESSA
11822,KSNA,KSFO
11823,KSEA,KSNA
11824,LJLJ,LFPG
11825,KATL,86GA
11826,KLGA,KIAD
11827,KBWI,KDAL
11828,KWDR,KPDK
11829,KPTK,KOPF
11830,KECP,KATL
11831,KEWR,KPVD
11832,KDAL,KATL
11833,KBNA,KSTL
11834,NZGB,NZAA
11835,90KS,KMKC
11836,54OK,KRVS
11837,ESSA,EFHK
11838,KMCI,KBNA
11839,KLAS,KMCI
11840,PANC,6AK3
11841,KATL,KLGA
11842,NZCH,NZRI
11843,RKSI,VHHH
11844,KATL,KDFW
11845,KTPA,KMDW
11846,4GA9,KPDK
11847,KPHX,KDAL
11848,KRVS,26OK
11849,EHAM,EFHK
11850,KPIE,NC03
11851,NZAA,YBBN
11852,KSTL,KDEN
11853,LHBP,LKPR
11854,KBUF,KIAD
11855,KSEA,KBOI
11856,KBOS,KJFK
11857,KCLT,KMSP
11858,KPDX,UT13
11859,LFPG,LEMG
11860,KBNA,KISM
11861,KEWR,KBKL
11862,KMDW,KLAX
11863,KHOU,02XS
11864,KRDU,KHNZ
11865,KORF,KATL
11866,KATL,KISM
11867,KJFK,KRDU
11868,KSEA,KDFW
11869,KBOS,KMSS
11870,KLGA,KCLT
11871,ID92,KBOI
11872,KFRG,KFOK
11873,KCDW,NK79
11874,KLAS,KPHX
11875,KTPA,KORD
11876,KORD,KLNK
11877,80WA,KPAE
11878,LFPG,LEMD
11879,CYHM,CYYC
11880,KSJC,KDFW
11881,KTCY,KSQL
11882,KSYR,KPHL
11883,LIML,LIEA
11884,EHAM,LSZH
11885,KAUS,KMDW
11886,KLGA,KCLT
11887,LFBO,LFPO
11888,KHWV,KFRG
11889,KOAK,KLAX
11890,CYYZ,KEWR
11891,KPHL,KMSP
11892,KPHX,KBUR
11893,KLAS,KSEA
11894,KFFZ,KAVQ
11895,KBOS,KRDU
11896,KBNA,KDTW
11897,KSEA,KRIR
11898,KDEN,KLGA
11899,SBSP,SBRJ
11900,82PA,KATL
11901,KORD,7MI2
11902,KAPC,KSAC
11903,NZAA,NZCH
11904,9NC9,KCLT
11905,KSJC,KLAX
11906,EBMB,EDDB
11907,KSBA,KSMO
11908,YWLM,YBBN
11909,4GA9,KPDK
11910,KDEN,KDTW
11911,NZCH,NZHN
11912,KPDX,KLAX
11913,KBOS,KDCA
11914,KDFW,KBOS
11915,LIMC,EDDP
11916,KLUK,KAPA
11917,KCLT,KMCO
11918,KSMF,KPHX
11919,KEWR,KBOS
11920,KSEA,KLAS
11921,KPAE,KPWT
11922,KSQL,KTCY
11923,KDEN,KEWR
11924,EHAM,EKCH
11925,KCOS,KDFW
11926,YMEN,YTDN
11927,LFPG,LPPT
11928,KSJC,KLAS
11929,EKCH,EKYT
11930,KSAN,KOAK
11931,ID63,KEUL
11932,EDDP,EDDF
11933,KCCR,KSAC
11934,EDDF,EKCH
11935,OMDB,OBBI
11936,KCDW,NK07
11937,KORD,KDCA
11938,KRSW,KMKE
11939,KCOS,KORD
11940,KAUS,KORD
11941,KSDF,KRIR
11942,KHOU,TE87
11943,KPHL,KIAD
11944,KAPA,KFNL
11945,KFLL,KORD
11946,KMDW,KATL
11947,KISP,KFOK
11948,KHPN,03NY
11949,SBGR,SBBR
11950,KTYS,KIAD
11951,KFRG,KPHL
11952,KPNS,KPHL
11953,LPFR,LPPR
11954,KBJC,KAPA
11955,LTAC,LTBW
11956,EHAM,EGBB
11957,KEWR,KFLL
11958,MROC,KATL
11959,KORD,KLGA
11960,KJFK,KMSP
11961,EDDF,ENGM
11962,KCRQ,37CA
11963,LPPT,LFBO
11964,K10C,K3CK
11965,KBOS,KBWI
11966,LSGG,LFPB
11967,KSJC,KLAX
11968,KHOU,KMIA
11969,KLAX,KLAS
11970,KPHX,KOMA
11971,KSEA,KOAK
11972,KMIA,KBWI
11973,42VT,KIAD
11974,EHAM,UKBB
11975,KJFK,KIAD
11976,9NC9,KPHL
11977,KCLT,KSYR
11978,KDCA,KPVD
11979,KEWR,7PS7
11980,GMMN,LFPG
11981,KGLE,KDTO
11982,KORF,SC24
11983,KA39,KFFZ
11984,LPPD,LPPT
11985,KSEA,KU42
11986,EHAM,LSGG
11987,KSQL,KHAF
11988,KCMH,KATL
11989,CYYZ,KORD
11990,LIRA,LIPZ
11991,KLAS,KOAK
11992,KORD,KDAY
11993,ZGSZ,RJBB
11994,KDAL,KSTL
11995,KDEN,KDAL
11996,KSFO,KLAX
11997,NZCH,NZNV
11998,KPIT,KDUJ
11999,TBPB,TVSM
12000,KMKE,KATL
12001,EHAM,EGLL
12002,KSJC,KLAS
12003,KEWB,KBED
12004,KBFI,KPDX
12005,KSEA,KORD
12006,KFHR,KRNT
12007,5OR5,KBDN
12008,KDCA,KMSP
12009,5NJ2,KCDW
12010,KCLT,NC71
12011,ENGM,ENZV
12012,CYVR,CYYC
12013,KMDT,KPHL
12014,KEWR,KRDU
12015,KPIE,KFNT
12016,KLAX,02XS
12017,KDYL,K2W6
12018,KBWI,KORD
12019,KVNY,KLAS
12020,KMYF,KVNY
12021,KSEA,KLAX
12022,KHOU,KLAS
12023,KCGZ,KFFZ
12024,YMML,YSSY
12025,KLAS,KDTW
12026,SBRJ,SBBR
12027,8MO3,KMKC
12028,EGCC,EGAC
12029,EHAM,LPPT
12030,KDTO,K1F0
12031,KORD,KDFW
12032,KCDW,K12N
12033,KORL,KMCI
12034,KCLT,KSRQ
12035,KDCA,KDAY
12036,KTPA,KBWI
12037,KSDM,KMYF
12038,KCBF,KRDK
12039,LIMC,ELLX
12040,KJFK,KDTW
12041,KSDF,KCMH
12042,GA77,KRYY
12043,CYVR,CYYC
12044,KCMH,KPDK
12045,LTFJ,EDDV
12046,KBOS,KMSP
12047,KRDU,02XS
12048,KPHL,KORD
12049,KCLT,KBNA
12050,KDTW,KIAD
12051,EPWA,EDDK
12052,KORD,KCMH
12053,KPDX,KDFW
12054,KSJC,KWHP
12055,KMIA,FD37
12056,KSNA,KMYF
12057,KHOU,KATL
12058,KSBP,KL62
12059,KSDF,KCMH
12060,LKTB,LKPR
12061,KMDW,KSTL
12062,CYYJ,CYYC
12063,KCLT,NC03
12064,YSSY,YMML
12065,KDEN,KDTW
12066,KBOI,KLVK
12067,KATL,KPHL
12068,KPHX,KU42
12069,KSEA,KMSP
12070,KSYR,KORD
12071,KBUF,KBWI
12072,EHAM,EDDS
12073,KBWI,KDFW
12074,KPDX,KSEA
12075,KMZJ,KFFZ
12076,KORD,56WI
12077,KRDU,KPHL
12078,KEWR,KMCI
12079,KPHX,KOAK
12080,KFRG,KBDR
12081,KCLT,KABE
12082,KAFW,0TS2
12083,KDTW,07PN
12084,KTPA,KBOS
12085,KCOS,KDEN
12086,KLAX,KLAS
12087,NZWN,NZHN
12088,NZCH,NZAA
12089,KATL,KLGA
12090,ESSA,EKCH
12091,EHAM,EDDF
12092,KORD,KIAD
12093,RJBB,RKSI
12094,YSTW,YSBK
12095,KORL,KMDW
12096,KDCA,KMSP
12097,KFCM,KANE
12098,CYVR,CYYC
12099,LFPG,LEBL
12100,KORD,KMSN
12101,KMDW,KORF
12102,KCLT,KBWI
12103,KMDT,KIAD
12104,KSNA,KSTS
12105,KEWR,KIAD
12106,KAFW,0TS2
12107,NZME,NZAR
12108,EHAM,LSGG
12109,KFTG,9CO2
12110,KPHX,KLAX
12111,ELLX,LPPR
12112,KTPA,KATL
12113,KBOI,KSEA
12114,KATL,KBUF
12115,NZCH,NZWN
12116,KDEN,KGRR
12117,KORD,KTUL
12118,KCLT,KPHL
12119,KHOU,KMDW
12120,KSRQ,KLGA
12121,KJFK,KBOS
12122,KEWR,KALB
12123,KPIE,KMDT
12124,LFPG,ESSA
12125,KSDF,VA16
12126,KLVK,KSAC
12127,KBWI,KATL
12128,KLAS,KSAN
12129,KPHX,KATL
12130,KDEN,KCMH
12131,KMSP,KORD
12132,KATL,KRDU
12133,KTPA,KMIA
12134,CYYZ,KDCA
12135,KSEA,KSFF
12136,KBFI,KAWO
12137,KAVQ,KFFZ
12138,KJFK,KDCA
12139,KTEX,KDEN
12140,KFFZ,KE95
12141,OI34,7OA7
12142,KDBQ,KMDW
12143,CYXX,CYYC
12144,KAUS,KSTL
12145,KPDX,KBOI
12146,KBOI,KSEA
12147,YSSY,YMEN
12148,LFPG,EGCC
12149,KATL,KPHL
12150,KONT,KDEN
12151,KPHL,KBNA
12152,KJFK,KFLL
12153,KMYF,KAVX
12154,KORD,KATW
12155,KSFO,KSAN
12156,KBED,KMMU
12157,KORD,KEYE
12158,VHHH,RKSI
12159,KAUS,FD83
12160,KOMA,KLAS
12161,KFFZ,KMZJ
12162,KDTW,KEWR
12163,KMDW,KLGA
12164,KORD,KGRB
12165,KMGY,KLUK
12166,EBMB,EGLL
12167,47PA,KIAD
12168,KEWR,KMCO
12169,LKPR,EDDF
12170,SN57,KOJC
12171,KCVG,KMSP
12172,KBVY,KOWD
12173,KORD,KPHL
12174,KMYF,KVNY
12175,KSMF,KSAN
12176,KFLL,KDTW
12177,SKBO,KFLL
12178,EDVE,EDDS
12179,KATL,KORD
12180,KORD,KRDU
12181,LEAL,LEPA
12182,KDEN,KU42
12183,RCTP,VHHH
12184,KMGJ,KHPN
12185,KCLT,OI45
12186,KROC,KBWI
12187,KATL,NC16
12188,KEWR,KORD
12189,0GE0,KFTY
12190,LJLJ,EDDK
12191,KBWI,KFLL
12192,KORD,KSPI
12193,KCLT,KVPS
12194,KIAD,KDFW
12195,KAPC,KVNY
12196,OMAA,VIDP
12197,KSMF,KSNA
12198,KORS,KRNT
12199,KSPG,KSRQ
12200,KEWR,KUMP
12201,KCLT,KCMH
12202,3OR8,KPDX
12203,UUEE,EDDP
12204,KSFO,KDFW
12205,KGAI,KLNS
12206,KCLE,KATL
12207,EDDP,EDDK
12208,NZCH,NZOM
12209,ZGSZ,RKSI
12210,KPDX,KORD
12211,KATL,KFLL
12212,EVRA,EIDW
12213,KFTG,KAPA
12214,KSFO,KSBA
12215,YSSY,YMML
12216,KTPA,KJFK
12217,KGPH,KMKC
12218,KTUS,KLAX
12219,KFLL,KDFW
12220,LSGG,ELLX
12221,VABB,OMDB
12222,KSMF,KPDX
12223,KOPF,KX49
12224,LIME,EDDB
12225,KATL,KBWI
12226,SBBR,SBSP
12227,KIAD,KORD
12228,CYUL,CNV9
12229,KARB,36MI
12230,KORD,KBOS
12231,SBGR,SBVT
12232,KCLT,KSDF
12233,KC83,KRHV
12234,KEEN,KBED
12235,EHAM,ELLX
12236,KCLT,KORF
12237,KBOI,KMSP
12238,KJFK,KROC
12239,NZCH,NZRO
12240,KORD,KDFW
12241,KPSP,KSEA
12242,KRDU,KATL
12243,KORD,CYUL
12244,KPHL,NK01
12245,KTEB,KAGC
12246,KSFO,KLAX
12247,KDAL,KSMF
12248,KORF,KDFW
12249,VHHH,RJBB
12250,KLGA,KFLL
12251,KSRQ,KATL
12252,KRSW,KATL
12253,KVPS,KCVG
12254,KDEN,KBWI
12255,KEWR,01FA
12256,KSUS,KAPA
12257,KATL,KORF
12258,KDFW,KDTW
12259,KPAE,KS50
12260,KMCI,KSEA
12261,KORD,K8C4
12262,CYYZ,CYYB
12263,KFDK,WV21
12264,KDAL,KTUL
12265,KSFO,KSEA
12266,KCLE,KEWR
12267,KATL,9NC6
12268,KAUS,KSJC
12269,EGPH,EGNX
12270,KMDT,KCLT
12271,KTCY,KSQL
12272,EDDH,LSZM
12273,KHOU,KATL
12274,KATL,KSAT
12275,KPHL,KCLT
12276,KORD,KBNA
12277,KMIA,KORD
12278,KCLT,KIAD
12279,KLAS,KSAT
12280,KTKI,KSWI
12281,KDFW,KORD
12282,EIDW,EGCC
12283,YSCB,YSRI
12284,K4A7,GA53
12285,KFDK,KGAI
12286,KBOI,UT13
12287,KMDW,KSGS
12288,KCLT,NC06
12289,BIKF,EBLG
12290,KDEN,KMIA
12291,KHEF,VA87
12292,EPKK,EGCC
12293,EDDB,EDDF
12294,KBWI,KCLT
12295,KTEB,KMKC
12296,KPHX,KLAS
12297,CYYZ,KIAD
12298,KFMY,KAPF
12299,LIPE,LIBD
12300,KTKI,KGVT
12301,KJZP,57GA
12302,KCLT,KBOS
12303,KPHF,KCLT
12304,KDFW,KATL
12305,KAUS,KDFW
12306,ESSA,ESGG
12307,KSTL,KDTW
12308,KORD,KISM
12309,KPSP,CYYC
12310,KDEN,KLAX
12311,KSEA,KBOI
12312,KBNA,KCLT
12313,KSMX,KPRB
12314,KLAL,KSPG
12315,KLAS,KMDW
12316,KSDF,KPHX
12317,LTFJ,EDDP
12318,LIME,LIBR
12319,KBWI,KALB
12320,EDDF,EDDM
12321,KATL,KJFK
12322,CYOW,CYUL
12323,KE16,KPAO
12324,KLGA,KORD
12325,KSJC,KSEA
12326,KSPG,KSRQ
12327,KORL,KDFW
12328,KPVU,KU14
12329,KDCA,KBOS
12330,KPHX,KDAL
12331,KHOU,KDEN
12332,KDFW,KDTW
12333,KORD,KTYS
12334,KPDX,KLAS
12335,KBNA,KMSP
12336,KYKM,KSEA
12337,KMKC,KGPH
12338,OTHH,VABB
12339,KPIT,KEWR
12340,KIAD,KHPN
12341,KRSW,KEWR
12342,KHAF,KPAO
12343,LSGG,EDDN
12344,CYYZ,CYHU
12345,KFLL,KEWR
12346,EDDM,EDDL
12347,SBGR,SBBR
12348,KPSP,KPDX
12349,YPPF,YLYK
12350,KSTL,KU42
12351,KMIA,KLGA
12352,KHAF,KSTS
12353,KFLL,KDAL
12354,LDZA,EDDK
12355,KSBA,KBUR
12356,KATL,KCMH
12357,KHEF,VA87
12358,KDFW,KPHL
12359,KFTG,KAPA
12360,KBWI,KISP
12361,KPDX,KOAK
12362,KCRQ,KAPC
12363,KDFW,KTUS
12364,KLAX,KDFW
12365,OI34,7OA7
12366,KCLT,KIAD
12367,KGAI,KTTN
12368,KFAT,KDFW
12369,KATL,KDCA
12370,20II,KATL
12371,CYYC,CYYZ
12372,KSTL,KU42
12373,KMIA,KLGA
12374,KDVT,KFFZ
12375,KDTW,KCLT
12376,KDFW,1MU0
12377,SBVT,SBRJ
12378,KPAE,80WA
12379,KMSP,KDFW
12380,CYYZ,KORD
12381,KMKE,KDAL
12382,KATL,KDFW
12383,85GA,KPDK
12384,KORD,KPHL
12385,EDDF,EBBR
12386,KDCA,KCLT
12387,KORL,KPHL
12388,NZTG,NZAA
12389,CYYZ,CYUL
12390,YWLM,YBBN
12391,KSMF,KLAX
12392,KDEN,KLAX
12393,KISP,K3C8
12394,KATL,KSDF
12395,KATL,KSRQ
12396,KROC,KORD
12397,KBWI,KPVD
12398,KFFZ,KTUS
12399,EDDF,EDDH
12400,KCHD,KFFZ
12401,KSBP,KDFW
12402,KDEN,KRSW
12403,KDAY,KDFW
12404,KFOK,KFRG
12405,KORD,KSTL
12406,CYYC,CYYZ
12407,KDFW,KORD
12408,KRDG,PA43
12409,KTUL,KLAS
12410,KSTL,KCLT
12411,KORD,KEWR
12412,KDTW,KATL
12413,KLVN,KFCM
12414,LPPT,LPMA
12415,KLGA,CYUL
12416,KMKE,KDFW
12417,KLVK,KRHV
12418,KBOS,KATL
12419,KORD,KISM
12420,KEWR,KMSP
12421,48CN,KLVK
12422,KISP,KBWI
12423,LTFJ,LLBG
12424,KCBF,KRDK
12425,KSRQ,KORD
12426,KFLL,KATL
12427,KDFW,KBNA
12428,KDTW,KPHL
12429,VHHH,WSSS
12430,KTEB,KMIA
12431,EDDS,EDDP
12432,LFPG,EGLL
12433,KBWI,KMDW
12434,KAVQ,KCHD
12435,EDDF,EGLL
12436,KABQ,KSEA
12437,KCMH,KCLT
12438,KDFW,KLAX
12439,KSTL,KBNA
12440,KPNE,KLNS
12441,KCLE,KBNA
12442,KRDU,KDFW
12443,WT24,KLAS
12444,KDTW,KDFW
12445,KOAK,KDAL
12446,KMSP,KPHX
12447,KCLT,KORD
12448,KBVS,WN51
12449,KDFW,KTUL
12450,KSAT,KDFW
12451,KLHM,KVCB
12452,EHAM,EIDW
12453,KATL,KDAY
12454,KORD,KMKE
12455,KDEN,KPSP
12456,KFTG,KFNL
12457,KIAD,KEWR
12458,KLOU,64KY
12459,LIRF,LIPZ
12460,KDFW,KSAT
12461,KFLL,KMDW
12462,KATL,KHSV
12463,KLAX,KPSP
12464,EDDK,LEPA
12465,EHAM,EKBI
12466,KVGT,KU08
12467,KTUL,KPHX
12468,KORD,KMIA
12469,KMIA,KDFW
12470,KSFO,KPDX
12471,K2K9,KRVS
12472,KADS,KGLE
12473,KATL,KBKL
12474,CO97,KAPA
12475,KCLE,KMSP
12476,KDVT,KCGZ
12477,KOAK,KLAS
12478,KSEA,KGEG
12479,LSGG,EDDP
12480,KORS,KBVS
12481,KPHX,02XS
12482,LEVX,LEMD
12483,KRSW,KORD
12484,KDFW,KSDF
12485,KATL,KTPA
12486,KAPA,KSDL
12487,ESSA,ESPA
12488,KPSP,KDFW
12489,EGAA,EGNX
12490,KCMH,KIAD
12491,NZWN,NZCH
12492,KPAE,KPWT
12493,KUES,KHXF
12494,SBSP,SBBR
12495,KSAT,KDAL
12496,KMCI,KU42
12497,GA00,KD73
12498,KFFZ,KCGZ
12499,KSMF,KLGB
12500,KDCA,KORD
12501,KTYS,KORD
12502,KAPC,KAPA
12503,KATL,KTYS
12504,LSGG,LPPR
12505,KPSP,CYYC
12506,LFPG,EKCH
12507,EHAM,EGPH
12508,KD98,KPTK
12509,7OH2,KORD
12510,KBUR,KSNA
12511,KVNY,KHHR
12512,KJFK,KFLL
12513,KMVY,KBED
12514,YSCB,YSSY
12515,K12N,KCDW
12516,LPPT,LEMD
12517,KHOU,KATL
12518,KBOI,KSMF
12519,KSJC,KRIR
12520,KDFW,02XS
12521,KSAT,KBWI
12522,KSMF,KSAN
12523,KTZR,KI69
12524,KEWR,KMCO
12525,EPPO,EIDW
12526,KMDT,KORD
12527,KORD,KATL
12528,KTYS,KATL
12529,KDEN,KMSP
12530,KDFW,KM99
12531,EHAM,EGCC
12532,EDDM,LOWW
12533,KBOS,KPHL
12534,KDCA,KUMP
12535,LIRF,LIEA
12536,KDEN,KPHX
12537,KEWR,CYUL
12538,KORD,KPIT
12539,KATL,KBNA
12540,KCLE,KDFW
12541,YSSY,YSCB
12542,KDAL,KMDW
12543,KPDK,67GA
12544,SKBO,SPJC
12545,KMIA,KJFK
12546,LFBO,EBBR
12547,KFLL,KBWI
12548,KOMA,KORD
12549,KSEE,KMYF
12550,KLGB,KSMF
12551,KDEN,KATL
12552,KSEA,KPDX
12553,VHHH,RCTP
12554,KSNA,KCMA
12555,KEWR,KBNA
12556,KHOU,KPHX
12557,KATL,KOMA
12558,KSFO,KLAS
12559,KSLK,KBOS
12560,KORD,KBWI
12561,KPIT,KIAD
12562,SC86,SC43
12563,KDAL,KLAX
12564,KALN,K1H0
12565,KDPA,K3CK
12566,KDTW,KBNA
12567,KBNA,KDTW
12568,KBDR,KFRG
12569,KMIA,KDCA
12570,KTPA,KDFW
12571,KLOU,KJVY
12572,KSNA,KLAS
12573,KDAY,KDTW
12574,KPAN,KFFZ
12575,KWVI,KRHV
12576,KIAD,KATL
12577,KPHL,KORD
12578,KMVY,KBOS
12579,KOAK,02XS
12580,KATL,KMDW
12581,SC86,SC32
12582,KDFW,KBOS
12583,KEWR,KDTW
12584,KFLL,KJFK
12585,KRSW,KDFW
12586,KBJC,KLMO
12587,KORD,KFLL
12588,EGAA,EGGD
12589,KVNY,KSDL
12590,KORL,KBOS
12591,KCMH,KLGA
12592,ESSA,EDDP
12593,08ID,KMAN
12594,KPWT,KPAE
12595,KONT,KU42
12596,KORD,KRSW
12597,KDFW,KLAS
12598,KOZW,K45G
12599,KRSW,7PS7
12600,KDTW,KBNA
12601,KBOS,KDTW
12602,KRNT,KBVS
12603,KJFK,KMSP
12604,EHAM,EIDW
12605,KFAT,KVIS
12606,KPNS,KATL
12607,EGAA,EGNX
12608,KSNA,KMYF
12609,KDFW,K08K
12610,8MI9,KARB
12611,KOPF,KTEB
12612,KPHL,KHPN
12613,KDEN,02XS
12614,KOAK,KRIR
12615,KORD,KSTL
12616,KCOS,KU42
12617,KBED,KEWB
12618,TA06,KTKI
12619,EIDW,EGNX
12620,LIRA,EDDP
12621,RCTP,VHHH
12622,KORL,02XS
12623,KCCR,KHAF
12624,KAWO,KPAE
12625,OMDB,VABB
12626,CYXU,CHD4
12627,EHAM,EDDP
12628,KSEA,KLAS
12629,LEZL,LEMD
12630,KDEN,KSAN
12631,KDEN,KORD
12632,KVNY,KSMX
12633,KONT,KDFW
12634,NK79,KCDW
12635,SBGR,SBGL
12636,KMSP,KU42
12637,YBCG,YRED
12638,EINN,EGNX
12639,KSNA,KDFW
12640,96WA,KBLI
12641,LPPD,LPPT
12642,KEFT,KC77
12643,KLAX,KDFW
12644,KMIA,KLGA
12645,KABQ,KATL
12646,KORL,KJFK
12647,KRDU,KIAD
12648,KAPC,KEDU
12649,KSAN,KPHX
12650,KRSW,KMDW
12651,YSBK,YCNK
12652,KORF,KBWI
12653,KMDW,KMCI
12654,YSSY,YPAD
12655,LHBP,EDDP
12656,KTEB,KPHL
12657,KBDR,KFRG
12658,KLNK,KORD
12659,KORD,KRSW
12660,YPPF,YLYK
12661,KSGF,KORD
12662,KDTW,K8C4
12663,EHAM,EPWA
12664,KBWI,KATL
12665,KDTW,KCMH
12666,KDFW,KMIA
12667,LIBD,LIMC
12668,KSAN,KSFO
12669,35AZ,KTUS
12670,KVCB,KHAF
12671,SC86,SC32
12672,KRVS,OK13
12673,KDEN,KSFO
12674,GA00,KD73
12675,KTKI,KHQZ
12676,KDFW,KRIR
12677,KLGA,KATL
12678,KCLT,KATL
12679,KSJC,KSTS
12680,KDEN,KSAT
12681,KBNA,KATL
12682,EGPH,EGNX
12683,KTEX,KSDL
12684,KPHX,KTUL
12685,LTFJ,LLBG
12686,KSFO,KLAS
12687,KOMA,KMDW
12688,8GA7,KPDK
12689,KFDK,MD75
12690,KDEN,KLAS
12691,NZCH,NZPM
12692,KPNS,KDFW
12693,LFBD,EDDP
12694,KLAS,02XS
12695,LEMG,LEMD
12696,KTCY,KSQL
12697,EGLL,LIMC
12698,EGSS,EGAA
12699,PANC,6AK3
12700,KDAL,KBWI
12701,NZPM,NZAA
12702,KMDW,KCLT
12703,KDFW,KRSW
12704,KSJC,KSAN
12705,KCRQ,37CA
12706,SBSP,SBVT
12707,YBBN,YSCB
12708,KJFK,KATL
12709,KDEN,KLAX
12710,K12N,KCDW
12711,KDFW,4OI7
12712,KSNA,KVIS
12713,KDPA,5WI5
12714,KDFW,KDEN
12715,KDTW,6NY2
12716,KLAS,KTUL
12717,KPSP,KSFO
12718,ENGM,ESSA
12719,KPIA,KDFW
12720,KDAL,KLAS
12721,KCLT,KROC
12722,KHWV,KFRG
12723,KSAN,KDFW
12724,KRVS,26OK
12725,KFLL,KBOS
12726,KLAX,KSFO
12727,KPDX,KLAX
12728,LEPA,LEMD
12729,LKPR,EGCC
12730,KRVS,3OK8
12731,KLAS,KBUR
12732,KMSP,KMDW
12733,KDEN,KSAN
12734,KTYQ,K6I4
12735,KRDU,KATL
12736,EGLL,EIDW
12737,9NC9,KORD
12738,LOWL,EDDP
12739,KOWD,K1B9
12740,KSAT,KDAL
12741,KBNA,KMDW
12742,KIAH,KEWR
12743,KAVQ,KFFZ
12744,LIRF,LIML
12745,ULLI,UUDD
12746,LEBL,EDDP
12747,KBWI,KLNS
12748,KDEN,KPHX
12749,KDTW,KLGA
12750,KMYF,KL35
12751,MROC,KMIA
12752,KROC,KBOS
12753,KDFW,KOMA
12754,KATL,KMDW
12755,EPWA,EDDP
12756,KMDW,KATL
12757,3OR8,KSEA
12758,KRDU,KBNA
12759,LFML,LEMD
12760,KBWI,KBNA
12761,EGNX,EDDP
12762,KLAS,KDAL
12763,9NC9,KDFW
12764,KDEN,KABQ
12765,KMDW,KMSP
12766,KATL,KDTW
12767,KSAT,KATL
12768,KDEN,KD54
12769,KBNA,02XS
12770,KC35,KMSN
12771,KDFW,KSAN
12772,KDFW,KCMH
12773,KDEN,KDFW
12774,NZAA,NZGB
12775,KAPF,FL57
12776,KDTW,KUMP
12777,NZWN,NZRI
12778,KMIA,SKBO
12779,KPSP,KPHX
12780,LEMD,EDDP
12781,KSMF,KSEA
12782,LIPO,LIED
12783,KORL,KPHL
12784,KHSV,KISM
12785,EHAM,EGNT
12786,LIME,LROP
12787,KDFW,KRDU
12788,KMKE,KBNA
12789,KMTN,KBWI
12790,KDCA,KEWR
12791,KDEN,KMDW
12792,KTIW,KPAE
12793,KBUR,KLAS
12794,KORD,KLGA
12795,KBNA,KORD
12796,SBSP,SBRJ
12797,YSBK,YSMB
12798,KSMO,KSBA
12799,KSDF,KPHL
12800,KPHX,KBNA
12801,KATL,KSTL
12802,KDEN,KSEA
12803,UUDD,ULLI
12804,KAUS,KATL
12805,KDCA,KMIA
12806,KSTL,KORD
12807,KDFW,KPHX
12808,RCTP,VHHH
12809,KLGA,KBOS
12810,KEWR,KTEB
12811,WV21,KFDK
12812,KSJC,KRIR
12813,LIPZ,EDDP
12814,KTPA,KEWR
12815,KHAF,KPAO
12816,KFAT,KU42
12817,KSFO,KFAT
12818,KSAN,KSEA
12819,ENGM,EDDP
12820,LEBL,LEMD
12821,KSFO,KSEA
12822,KIWA,37AZ
12823,KDEN,KTYS
12824,CYOW,CYYZ
12825,KDTW,KSYR
12826,KCNO,KSNA
12827,SBBR,SBRJ
12828,KORL,KBOS
12829,KEMT,KCNO
12830,YSBK,YSCN
12831,KDUJ,KBWI
12832,KLAX,KLAS
12833,KLAS,KLAX
12834,KSFO,KPSP
12835,KTOA,KSEE
12836,KPDK,KOPF
12837,KIWA,37AZ
12838,KSEA,KPHX
12839,YBBN,YMHB
12840,KBNA,KMCI
12841,KPIT,KLGA
12842,KATL,KMIA
12843,KSAC,KSBP
12844,YMML,YSCB
12845,NZCH,NZWN
12846,KLOU,KJVY
12847,CYUL,CYYZ
12848,KHAF,CA66
12849,KRDK,KCBF
12850,K9A1,KPDK
12851,KDFW,KHSV
12852,YPPF,YLYK
12853,KLAX,KSEA
12854,LIPO,EDDP
12855,KHOU,KFLL
12856,NZAA,NZCH
12857,K3CK,K10C
12858,KORD,KDFW
12859,LPPR,EDDK
12860,KFNL,65CO
12861,KO41,KAUN
12862,KSDL,KA39
12863,KLGA,KFLL
12864,KDTW,KLGA
12865,KAVX,KCRQ
12866,LROP,EBLG
12867,KDFW,KATL
12868,KHOU,KDAL
12869,KEWR,KFLL
12870,KITH,KDTW
12871,KTZR,KI69
12872,KBUF,KEWR
12873,KBOS,KLGA
12874,LIBD,LIMC
12875,KPUJ,KPDK
12876,KPAN,KCHD
12877,K1G4,KLAS
12878,KSNA,KOAK
12879,KORF,KEWR
12880,KS50,KPAE
12881,KFLL,KPHL
12882,KSQL,KTCY
12883,KDTW,KMDT
12884,KORD,KRSW
12885,KDEN,KTUS
12886,KJFK,KORD
12887,EDDS,EDDV
12888,SBGR,SBGL
12889,SBSP,SBBR
12890,KAUS,02XS
12891,KLAX,KLAS
12892,KTOA,KLGB
12893,K1G4,KLAS
12894,KPIA,KORD
12895,YSSY,YMML
12896,KLAS,KOMA
12897,KPAE,80WA
12898,KATL,KBNA
12899,KLGA,KMIA
12900,KSNA,KU42
12901,K1G4,KLAS
12902,KIAD,KBED
12903,KAUS,KBWI
12904,KROC,KEWR
12905,KFLL,KEWR
12906,KSBD,KLGB
12907,LFOB,LPPR
12908,KMSP,KU42
12909,KHOU,KBWI
12910,KDEN,KBOI
12911,8CA5,KHMT
12912,KRSW,KTTN
12913,K1G4,KLAS
12914,KBED,KBOS
12915,KORL,KJFK
12916,KM54,KBNA
12917,KAVX,KCRQ
12918,ESGG,EKCH
12919,KSMF,KSFF
12920,EFHK,EDDP
12921,K43A,KBUY
12922,YMML,YSSY
12923,KLAS,KSFO
12924,KGYL,KFCM
12925,KDEN,KORD
12926,KMSP,KORD
12927,KDAL,KMDW
12928,KLAX,KFAT
12929,KCEU,SC24
12930,KDTW,KROC
12931,4CA8,KHWD
12932,KDFW,KMSN
12933,KFNT,KORD
12934,KATL,KDTW
12935,KDEN,KCOS
12936,KCWA,KMSP
12937,KMDW,KFLL
12938,KEWR,KRSW
12939,KS67,KMAN
12940,KSAN,KSJC
12941,NZCH,NZNV
12942,VABB,OMAA
12943,KATL,KIAD
12944,KCMH,KBNA
12945,KDEN,KOMA
12946,KIAH,KSAT
12947,LFPG,EBLG
12948,KSFO,KLAS
12949,SBGR,SBBR
12950,LIMC,EDDP
12951,KPHX,KSAN
12952,LIPE,EDDK
12953,KDTW,KGRB
12954,KOAK,KLVK
12955,LIME,EDDK
12956,KDEN,KPHX
12957,KAUS,KATL
12958,KBOS,KEWR
12959,KDEN,KBNA
12960,KDTW,KMDW
12961,KDFW,KABQ
12962,KSFO,KRIR
12963,VHHH,RCTP
12964,KLGA,KSTL
12965,KCLT,KRDU
12966,LHBP,EDDP
12967,K1G4,KLAS
12968,71KS,KMKC
12969,KOAK,KLAS
12970,KLGB,KU42
12971,KDEN,KATL
12972,KDAL,KDCA
12973,KEDC,KDAL
12974,KDTW,KPIT
12975,KDFW,KU42
12976,KDEN,KDFW
12977,KFLL,SC78
12978,KDEN,KSGF
12979,NZWN,NZCH
12980,KMCI,KBWI
12981,KIWA,37AZ
12982,01VA,KJYO
12983,KHOU,02XS
12984,KSYR,KBED
12985,SKBO,SPOL
12986,KPDX,KSEA
12987,KMSP,KBNA
12988,KDAL,KTUL
12989,K3C8,KISP
12990,EDDS,EDDP
12991,NY09,KHPN
12992,KSFO,KAVQ
12993,LFML,EDDK
12994,NZTG,NZAA
12995,KMSP,KCMH
12996,KDFW,KMCI
12997,KOAK,KPDX
12998,KMCI,KORD
12999,KDEN,KMCI
13000,KCLT,KPHL
13001,KCLT,KATL
13002,KDFW,KFLL
13003,KORF,KIAD
13004,KLUK,2OA7
13005,EIDW,EDDK
13006,KCRQ,KSJC
13007,KCCR,KSTS
13008,KVNY,KSNA
13009,KLAS,KVUO
13010,KBOS,KORD
13011,CYQG,CYYZ
13012,KDPA,KMDW
13013,KDTW,KCMH
13014,EPKT,EBLG
13015,KCMH,KMSP
13016,SC86,SC43
13017,KSKA,KSEA
13018,KVUO,KKLS
13019,KCRQ,37CA
13020,KCLT,KMCO
13021,KSTS,KO69
13022,9NC9,KCLT
13023,NZPM,NZCH
13024,KGRR,KSGS
13025,LFML,LFPG
13026,KMSP,KDFW
13027,LTAC,UKBB
13028,KMDW,02XS
13029,CYVR,KSEA
13030,KCLT,KORD
13031,KBOI,KSFO
13032,KSDM,KSNA
13033,KMKC,K4K3
13034,KRSW,KATL
13035,IL38,KARR
13036,LFPG,LIMC
13037,KHOU,KDFW
13038,KCLT,KDFW
13039,KPDX,KSFO
13040,NZCH,NZAA
13041,KWDR,KPDK
13042,LIEE,LIME
13043,KLAX,KABQ
13044,KPDK,85GA
13045,KAJO,KRAL
13046,YPPF,YCVG
13047,EDDM,EDDV
13048,KRVS,OK13
13049,KDEN,KFAT
13050,KEUL,ID00
13051,KDTW,KORD
13052,KSFO,KPHX
13053,KLAS,KLAX
13054,KMSP,KSTL
13055,KLGB,KSEE
13056,OG02,KHIO
13057,8CA5,KHMT
13058,KPUJ,KRYY
13059,KFLL,KATL
13060,KDFW,KDCA
13061,KSJC,KPHX
13062,KCLT,7PS7
13063,KCGZ,KDVT
13064,KHWD,CA35
13065,KSAT,KDTW
13066,KONT,KPHX
13067,KORL,KMDW
13068,KSMO,KSBA
13069,UUDD,UWWE
13070,KDPA,59IL
13071,KSQL,KCCR
13072,KDTW,KORD
13073,KHOU,FD83
13074,KSTL,KBWI
13075,KLMO,KGXY
13076,KMSP,KORD
13077,VT25,KDTW
13078,KSFO,KSEA
13079,KORD,KMSP
13080,KBOI,KS78
13081,KPDX,KSFO
13082,KSFO,KSAN
13083,KSDL,KPHX
13084,KSQL,KLVK
13085,KPHX,KSAT
13086,KSDF,KDFW
13087,KAVX,KLGB
13088,KHOU,KECP
13089,KDFW,KTYS
13090,KOPF,6FD5
13091,YWLX,YSBK
13092,KLAS,KPHX
13093,KJFK,KMIA
13094,KDEN,KABQ
13095,KCVG,KMDW
13096,KSDL,KCMA
13097,KATL,KDAL
13098,KITH,KOQN
13099,KA39,KGEU
13100,KAVQ,KCHD
13101,KMIA,KPHL
13102,KRDU,KCLT
13103,CYUL,KDTW
13104,SPST,SPOL
13105,KDEN,KU42
13106,KPHX,KCOS
13107,EVRA,EETN
13108,KRDK,KCBF
13109,KOAK,KSNA
13110,KPHX,KSNA
13111,SBGR,SBGL
13112,KPDX,KPHX
13113,KMCI,KMDW
13114,KORD,KISM
13115,KLAS,KSEA
13116,OI34,7OA7
13117,KATL,KFLL
13118,KDEN,KSMF
13119,KMZJ,KFFZ
13120,61OR,KBDN
13121,KMVY,KTEB
13122,KPUB,KAPA
13123,KPHX,KU42
13124,KCLT,KBOS
13125,KSFO,KSNA
13126,KBUR,KU42
13127,KDEN,KBNA
13128,EVRA,EYKT
13129,KLAX,KSFO
13130,LFPG,EDDK
13131,CYVR,CYCD
13132,59IL,KDPA
13133,KHPN,K3C8
13134,KFAT,KSAN
13135,KSTL,KDFW
13136,LPPT,LPPD
13137,KLAS,KSFO
13138,KVPS,KDFW
13139,KHOU,02XS
13140,KATL,KDCA
13141,KBUR,KSTS
13142,KMSP,KMCI
13143,KBMI,KDFW
13144,KPHL,KMIA
13145,KSDF,KATL
13146,KSNA,KSEA
13147,KDEN,KBNA
13148,LPPR,LPFR
13149,CYVR,CYCD
13150,KDEN,02XS
13151,LEZL,LEPA
13152,KPDX,KBDN
13153,KLGA,KORD
13154,KLAS,KSMF
13155,KSJC,KSNA
13156,KDTW,KMSP
13157,KAUS,KDAL
13158,KAVQ,KFFZ
13159,KIAD,KDTW
13160,KAVX,KLGB
13161,KDEN,KMSP
13162,MT54,KU42
13163,KFXE,KSRQ
13164,KCMH,KMIA
13165,KIAH,02XS
13166,KDFW,KBWI
13167,KHOU,KABQ
13168,KABQ,KAPA
13169,KPAE,WA09
13170,KSYR,KMSS
13171,KBDN,OG05
13172,KSNA,KU42
13173,KPAE,WN13
13174,KDEN,KSTL
13175,KSDL,KU42
13176,KSEA,KSAN
13177,KCLT,28NR
13178,KAUS,KDAL
13179,KMSP,KEWR
13180,KMZJ,KIWA
13181,KSTS,KSAN
13182,KLAX,KS03
13183,KORF,KATL
13184,KMCI,KDFW
13185,KATL,KPIM
13186,TJSJ,KMIA
13187,CYVR,CYCD
13188,KPVU,KIWA
13189,KDEN,KPSP
13190,KSMF,KLAX
13191,KLAX,KSJC
13192,ESSA,EDDK
13193,KEUL,ID00
13194,RJBB,RJTT
13195,VABB,VIDP
13196,KDAL,KPHX
13197,KRHV,KHAF
13198,KDEN,KOMA
13199,KORF,KDTW
13200,LFML,LFPG
13201,KCLE,KBOS
13202,KCRQ,KOKB
13203,KT67,K4T2
13204,KVNY,KMYF
13205,KATL,KISM
13206,KBOS,KCLT
13207,52MO,KSUS
13208,KMDW,KRSW
13209,KPVU,KU14
13210,KADS,KTUL
13211,KMVY,KTEB
13212,KMSP,KMSN
13213,KSEA,KBOI
13214,KDFW,KMKE
13215,LFPG,EDDK
13216,KSDF,KEWR
13217,KCOS,KDFW
13218,KLEB,KBOS
13219,KBMI,KATL
13220,3OR8,KPDX
13221,KBNA,KBWI
13222,CYVR,CYXE
13223,KPAE,80WA
13224,KSFO,UT13
13225,KMSP,KATL
13226,KHSV,KDFW
13227,KTCY,KSCK
13228,KECP,KATL
13229,KSEA,KORS
13230,WS78,KMSP
13231,KCLT,KDCA
13232,EGSS,EGPH
13233,KHOU,KSAT
13234,KPAO,CL77
13235,LEBL,EDDK
13236,GA53,0GE4
13237,EDDF,EDDP
13238,KRYY,KCZL
13239,KGRB,KORD
13240,KCBF,KRDK
13241,KU77,UT08
13242,WA09,KBFI
13243,KPHX,KSNA
13244,KCLT,KMIA
13245,KMSP,KMKE
13246,LFML,EDDP
13247,KBWI,KATL
13248,KEWR,KMCO
13249,KCVG,KDFW
13250,KSFO,KPHX
13251,KPAE,KAWO
13252,KBLI,96WA
13253,KMDW,KRDU
13254,EGPH,EGSS
13255,RJTT,RJOO
13256,KPNS,KDFW
13257,KATL,KLGA
13258,KDTW,KATL
13259,EDDM,EDDP
13260,SBGR,SBRJ
13261,KORD,KDEN
13262,YMML,YMHB
13263,KCVG,KORD
13264,KFLL,KHWO
13265,LFRS,EDDP
13266,KMIA,KBWI
13267,KFCM,88MN
13268,20II,KATL
13269,KPSP,KSFO
13270,KSYR,KIAD
13271,KS78,KEUL
13272,KSDF,KMDW
13273,KBOI,KPDX
13274,KDAL,KSAT
13275,KDEN,KSAT
13276,CYVR,CYYJ
13277,KLVN,MN46
13278,ESSB,ESSN
13279,KOAK,KU42
13280,YPPF,YCVG
13281,KCMH,KATL
13282,KPHL,KLOM
13283,GA53,K9A1
13284,KFWN,KCDW
13285,KSDF,KDFW
13286,KJVY,KLOU
13287,KATL,KORD
13288,KSNA,KSJC
13289,CYVR,CYYC
13290,KI69,21OI
13291,KSTL,KATL
13292,LEMD,EDDK
13293,KMYV,KMCC
13294,20MO,KMKC
13295,KORF,KMDW
13296,KBOS,KDCA
13297,KCWA,KORD
13298,KAUS,KDAL
13299,EPKT,EDDP
13300,KHEF,VA71
13301,KAPA,KBJC
13302,RJTT,RJOO
13303,KPAE,KBFI
13304,KTYS,KDTW
13305,RCTP,VHHH
13306,KO69,KSAC
13307,KCLT,KPLR
13308,KTTD,WA63
13309,LFBO,LFPG
13310,KDAL,KIAD
13311,KYKM,KBFI
13312,KMSP,KDEN
13313,KPAO,KHAF
13314,KAVX,KSNA
13315,KSJC,KSAN
13316,KGYR,AZ05
13317,KDEN,KLAS
13318,KATL,KRSW
13319,CYYZ,KDTW
13320,KCLT,KCMH
13321,KBJC,CD20
13322,KSEA,KU42
13323,KDTW,KMSP
13324,KRDU,KFLL
13325,KSNA,KPHX
13326,KSMF,UT13
13327,KCLT,KLGA
13328,KAPA,2CD6
13329,KPSP,KPHX
13330,KC83,9CL2
13331,KTUL,KDAL
13332,KMCI,KATL
13333,KSUS,KMO6
13334,KHIO,WA78
13335,KIAH,KDTW
13336,KC83,KOAK
13337,KSMF,KBOI
13338,EDDP,LFPG
13339,KDTW,KRDU
13340,KBFI,KAWO
13341,KAPC,CA35
13342,KCMH,KORD
13343,KTPA,KATL
13344,LSZM,EDDP
13345,KCLT,NC03
13346,KVNY,KWHP
13347,KCPS,91LS
13348,LIMC,EDDP
13349,KSMF,KRIR
13350,KCRQ,KCMA
13351,KMYF,37CA
13352,KATW,KMSP
13353,KATL,KPLR
13354,LOWW,EDDK
13355,WN80,OR28
13356,KCGZ,KFFZ
13357,KTCY,KRHV
13358,EDDM,EDDK
13359,KGRB,KMSP
13360,KMSS,KBOS
13361,KLAS,KSJC
13362,NZWN,NZCH
13363,KTEB,KSLK
13364,KHWD,KO69
13365,YMMB,YMNG
13366,KONT,KU42
13367,KORD,KDCA
13368,KPHX,KOAK
13369,KVUO,KKLS
13370,ESSA,EBLG
13371,KS50,KPAE
13372,KMSN,KORD
13373,KDCA,KBOS
13374,KCLT,NC48
13375,KDTW,KJFK
13376,KPHX,KLAX
13377,KSAN,KSMF
13378,KSPI,KORD
13379,KATL,KBWI
13380,KE16,KRHV
13381,KOAK,KSEA
13382,NZAA,NZPM
13383,NZHN,NZWN
13384,KLAS,KU42
13385,KORD,23MN
13386,OBBI,OERK
13387,KCMH,KMGY
13388,CYYJ,CYYC
13389,KDEN,KBUR
13390,KCLT,KSGF
13391,CYOW,CYUL
13392,LPPR,EBLG
13393,KCPS,7IS2
13394,KORL,KBNA
13395,KSEA,KOAK
13396,KGLE,KADS
13397,KCLT,KBWI
13398,KSDF,KPHL
13399,KLOM,KPNE
13400,KMDW,KDAL
13401,KOAK,KPDX
13402,KCLT,KMDT
13403,KTIW,KPAE
13404,KPHX,KLAS
13405,NZCH,NZOI
13406,K2W6,KLNS
13407,WA22,KAWO
13408,KFTG,KAPA
13409,RJTT,RJFF
13410,KBOS,KMVY
13411,KFLL,KATL
13412,KLHM,KAUN
13413,KDEN,KDFW
13414,YMEN,YSSY
13415,KRSW,KBWI
13416,KCLT,KTYS
13417,KDAY,KORD
13418,KMLI,KORD
13419,KATL,SC32
13420,KMSP,KDTW
13421,KPVD,KDCA
13422,KDAL,KECP
13423,KPAO,KHAF
13424,KCMH,KDTW
13425,KLAX,KBOI
13426,KORF,KPHL
13427,KPHX,KIWA
13428,KDTW,KCLT
13429,K1G4,K61B
13430,KDAL,KISM
13431,KDEN,KORD
13432,KHEF,VA87
13433,KSBA,KCMA
13434,KPHL,KMCO
13435,KPAO,KSTS
13436,KPHX,KSMF
13437,EKBI,EDDP
13438,KSNA,KSFO
13439,KJZP,KPDK
13440,LEBL,LEPA
13441,KEWR,KBOS
13442,KCLT,KDTW
13443,KOKB,KSEE
13444,KPDX,KSNA
13445,NZNV,NZCH
13446,SBRJ,SBSP
13447,KDCA,KSTL
13448,PANC,6AK3
13449,KSEA,KSJC
13450,EGCC,EIDW
13451,KPIT,KMSP
13452,KVDF,KAPF
13453,KATW,KORD
13454,KHOU,KDAL
13455,KGRR,KBWI
13456,96WA,KBFI
13457,KEFT,KC77
13458,KPAE,KPWT
13459,KPAN,KCHD
13460,KCMA,KSBA
13461,EGPD,EGNX
13462,KOAK,KLGB
13463,KMKE,KORD
13464,KCLT,KORF
13465,OI34,7OA7
13466,CYVR,KSFO
13467,TBPB,TVSM
13468,KBOI,KSEA
13469,KCLT,KSRQ
13470,KDTW,KMSN
13471,CYYC,CYVR
13472,EDDP,EGNX
13473,KRDU,KJFK
13474,FALA,FACT
13475,KOPF,KFXE
13476,KLGA,KMDW
13477,EKCH,ENGM
13478,KPAN,KFFZ
13479,KFOK,KFRG
13480,KPHL,KDTW
13481,KC83,KSQL
13482,KDEN,KLAX
13483,LEBL,EBLG
13484,KCLT,KEWR
13485,KSKA,KBOI
13486,KBNA,KDFW
13487,KIND,KBWI
13488,EPWA,EPKT
13489,KDAL,KATL
13490,EIDW,EBLG
13491,CYVR,KSEA
13492,KDCA,KBNA
13493,KO69,KHAF
13494,KRDU,KSTL
13495,KATW,KDTW
13496,KGEG,KU42
13497,KCLT,KFLL
13498,EKCH,ESSA
13499,KOAK,KSNA
13500,CYUL,CYBG
13501,LIPZ,EDDP
13502,KLNS,7PS7
13503,KAFW,K52F
13504,KDCA,KMDW
13505,KOXR,KSBP
13506,KBWI,KDTW
13507,KMYF,KSNA
13508,KDAL,KBNA
13509,KSEA,CL36
13510,KBUR,KCCR
13511,LIBD,LIPE
13512,MA72,KBOS
13513,KMDW,KSBM
13514,ENKJ,ENHA
13515,KCLW,KSPG
13516,KGYY,KMDW
13517,EDDV,EBLG
13518,KRHV,KE16
13519,KDEN,KRIR
13520,37AZ,KIWA
13521,EDDB,EDDK
13522,KTDF,KRDU
13523,KCCR,KSTS
13524,K06C,K3CK
13525,KORL,KBNA
13526,RJFF,RJTT
13527,37AZ,KIWA
13528,WBKK,WMLU
13529,LKPR,EDDK
13530,CYUL,CYRC
13531,KCGE,KFME
13532,KGSO,KATL
13533,K2R2,KORD
13534,CYVR,CAP3
13535,CYPK,CZBB
13536,KFMY,KVNC
13537,KSEA,KGEG
13538,KABE,KCLT
13539,KBWI,KORF
13540,KMSP,KOMA
13541,KABQ,KDFW
13542,KLAX,35OR
13543,KVIS,KFAT
13544,KDAL,02XS
13545,KVPC,KPDK
13546,CYYJ,CYYC
13547,KPAO,KTCY
13548,20II,KLGA
13549,CYVR,KPDX
13550,KDCA,KLGA
13551,KLAS,KPSP
13552,KBOS,CYYZ
13553,KAPC,KCRQ
13554,80WA,KPAE
13555,KBWI,KORF
13556,KDTW,KBOS
13557,KDAB,KATL
13558,KPDX,KSEA
13559,KPOC,KEMT
13560,KJFK,KBUF
13561,KLAS,KOAK
13562,KRHV,KE16
13563,KF70,KSMO
13564,KSTL,KDAL
13565,YMEN,YSSY
13566,KAUS,KDAL
13567,KILG,KTEB
13568,EFHK,EETN
13569,KAVP,KCLT
13570,KSAC,KSQL
13571,KDET,KPTK
13572,KABQ,KPHX
13573,KE25,KFFZ
13574,KPIA,KORD
13575,KCRQ,KVNY
13576,RJTT,RJOM
13577,SBGR,SBRJ
13578,KCOE,KMAN
13579,KPIT,KLNS
13580,KIAD,KCLT
13581,YSSY,YMML
13582,KBFI,96WA
13583,KDTW,KCLT
13584,KSEA,7WA7
13585,EPWA,EPGD
13586,54KS,KMKC
13587,KADS,KTKI
13588,KGVT,KTKI
13589,LIPE,EDDP
13590,RKSI,RJBB
13591,KWVI,KPAO
13592,KTPA,KATL
13593,RJTT,RJOA
13594,RJFF,RJTT
13595,SBSP,SBRJ
13596,KCLE,KORD
13597,KSMO,KSBP
13598,YSSY,YSWG
13599,KS67,KMAN
13600,KSAN,KU42
13601,KCLT,KDAY
13602,KMKC,SN57
13603,KPAO,KC83
13604,EPWA,EPRJ
13605,LSZM,EBLG
13606,KLAX,KSMF
13607,KLGA,KCLT
13608,YSCB,YBCG
13609,KMCE,KLAX
13610,LIMC,EBLG
13611,KE25,KFFZ
13612,KBUR,KOAK
13613,37AZ,KIWA
13614,KDCA,CYYZ
13615,KLMO,KBJC
13616,RJBB,RJFF
13617,NZCH,NZHN
13618,CYCD,CYVR
13619,RJFF,RJTT
13620,KDEN,KDAL
13621,KHAF,KPAO
13622,KATL,KSDF
13623,KRHV,KWVI
13624,EPWA,EPPO
13625,KDEN,KU42
13626,KHOU,KDAL
13627,YSSY,YKEL
13628,KSNA,KOAK
13629,KHHR,KCNO
13630,KBOS,KMVY
13631,KFAT,KVIS
13632,KPAO,KHAF
13633,KIAD,KJFK
13634,EDDK,EDDP
13635,KT31,1TE8
13636,KSMO,KSBP
13637,KCMH,KBWI
13638,KATL,KVPS
13639,KCLT,KMCO
13640,KCRQ,KVNY
13641,SBSP,SBRJ
13642,KCLT,KPHD
13643,KGRR,KATL
13644,KDTW,KBNA
13645,KDVO,KO69
13646,KSNA,KLAS
13647,KCLT,KSTL
13648,KLAX,KSFO
13649,EDDN,EBLG
13650,KJVY,KLOU
13651,KBFI,KPAE
13652,KMMU,KBED
13653,KATL,KFLL
13654,KDPA,KJVL
13655,EPWA,EPKK
13656,KCMA,KPOC
13657,KSJC,KBOI
13658,KPAN,KDVT
13659,LIPO,EDDP
13660,KUES,KHXF
13661,KBOS,KBWI
13662,KBWI,KCLT
13663,KMIA,KATL
13664,LSZM,EDDP
13665,YMMB,YMNG
13666,RJTT,RJOO
13667,KROC,KJFK
13668,KGPM,KINJ
13669,KCLT,KATL
13670,KLNR,KMSN
13671,RJFF,RJTT
13672,KLAS,KSNA
13673,KEWR,CYYZ
13674,KOAK,KSFO
13675,KDTW,KATL
13676,KCHD,AZ00
13677,KOMA,KDTW
13678,NZKF,NZAA
13679,RJTT,RJOS
13680,YSSY,YMEN
13681,RJOO,RJTT
13682,KPDX,KSJC
13683,KSNA,KPOC
13684,KBOS,KJFK
13685,ID92,ID95
13686,40AK,PANC
13687,KDAL,AL40
13688,KPHL,KISP
13689,KDTW,KBWI
13690,LIMC,EDDP
13691,RJOO,RJTT
13692,KBVS,KORS
13693,KVNY,KSDL
13694,KWHP,KL70
13695,KPIE,KFXE
13696,EGNX,EDDK
13697,YMMB,YKTN
13698,KBOS,KSLK
13699,KRDU,KLGA
13700,KCBF,97IA
13701,KCLT,KECP
13702,KL19,95CA
13703,KOAK,KHHR
13704,PAEN,PANC
13705,KSMF,KSEA
13706,KDEN,KMCI
13707,KFNL,KAPA
13708,K2W6,KLNS
13709,KRDK,KCBF
13710,KHSV,KATL
13711,KPWT,WA22
13712,88MN,KFCM
13713,KBOI,KHIO
13714,KAPA,2CD6
13715,KDCA,KJFK
13716,RJTT,RJOM
13717,KDVT,AZ00
13718,LFPG,EDDP
13719,KLGA,KDTW
13720,CYYZ,CYUL
13721,LIME,EDDK
13722,ID63,KBOI
13723,YSTW,YSBK
13724,KFNL,KAPA
13725,YSPT,YKBN
13726,KSMF,KPHX
13727,KSEA,KBLI
13728,KPGV,KRDU
13729,KIAD,CYYZ
13730,KORD,CYYZ
13731,KBUY,KIAD
13732,LIPZ,EDDK
13733,YMML,YWLM
13734,YBBN,YSSY
13735,KSDF,KBWI
13736,KJNX,KIGX
13737,KBNA,KISM
13738,KPAO,CL77
13739,KPHL,KCMH
13740,KLVN,KFCM
13741,EKCH,EDDP
13742,LIME,EDDP
13743,KPAO,KSQL
13744,KTYS,KATL
13745,KOKB,KCRQ
13746,KSTL,KBNA
13747,SBVT,SBGR
13748,EGPH,EGSS
13749,NZWN,NZPM
13750,NZAA,NZOI
13751,KCLE,KDTW
13752,KCRQ,KSEE
13753,EGLL,EDDP
13754,KCMA,3CA9
13755,KFAY,KATL
13756,KFAT,KSFO
13757,LFPG,EDDK
13758,KPAE,WA09
13759,KSAN,KSFO
13760,KEUL,ID00
13761,KDTW,KEWR
13762,KSTS,KSNA
13763,KMDW,KBNA
13764,KIAD,3NK5
13765,RJTT,RJOA
13766,OBBI,OMDB
13767,KLAS,KRIR
13768,KDCA,KBOS
13769,EGNX,EDDK
13770,KATL,KBWI
13771,SBSP,SBGL
13772,KPAO,CA66
13773,85GA,KPDK
13774,KVNY,KSBA
13775,YSCB,YMML
13776,KPDK,KLZU
13777,KSDL,KAPA
13778,KLAX,KOAK
13779,KRHV,KE16
13780,KPIT,KBOS
13781,MU65,KSTL
13782,KGYL,KFCM
13783,KGXY,KLMO
13784,LFML,EBLG
13785,KDCA,KCLT
13786,KTKI,KADS
13787,RJOO,RJTT
13788,KIAD,KEWR
13789,KIWA,KP08
13790,KBLI,KBFI
13791,RJTT,RJBB
13792,KLGB,KPHX
13793,KLAS,K61B
13794,KPAO,CA66
13795,KDAY,KDCA
13796,YMML,YSSY
13797,KPWT,WA22
13798,KIAD,KBOS
13799,KLNS,KPNE
13800,KPHX,KABQ
13801,KBWI,KCLT
13802,KSEE,1CA6
13803,KSNA,KPHX
13804,KLAX,KPHX
13805,KCLE,KBWI
13806,KVIS,KFAT
13807,KIAD,KBKL
13808,KDFW,KSAT
13809,RJOA,RJTT
13810,NZAA,NZCH
13811,KBOS,KJFK
13812,KIAD,KROC
13813,RJTT,RJOO
13814,KCMH,KCLT
13815,WA22,KBFI
13816,KPDX,KBOI
13817,KDTW,KBUF
13818,RJOO,RJTT
13819,KLAS,KABQ
13820,K61B,KVGT
13821,NZWN,NZPM
13822,KPHX,KPSP
13823,KBWI,KDUJ
13824,KPHL,KRDU
13825,KDFW,KM99
13826,KSBA,KSMO
13827,KLAS,KOAK
13828,KLNS,KGAI
13829,KLAN,KDTW
13830,PANC,6AK3
13831,KCGZ,KCHD
13832,KXNA,KDFW
13833,YSSY,YMML
13834,KLGB,KEMT
13835,KTUL,KDFW
13836,KBUR,KOAK
13837,KYIP,KIAD
13838,KLAS,KSNA
13839,KCLT,KDTW
13840,YMML,YSSY
13841,KPHL,KBOS
13842,KF70,KCRQ
13843,KBVI,1PA5
13844,KLAS,K61B
13845,NZPM,NZCH
13846,YSSY,YMML
13847,RJOA,RJTT
13848,KPUJ,KRYY
13849,KPHL,KORF
13850,KS67,KMAN
13851,MA55,KEWB
13852,KSTL,KMDW
13853,KMYF,KTOA
13854,KCLT,KBWI
13855,KPAO,CL77
13856,KTIW,KPAE
13857,YSSY,YSTW
13858,KHOU,KDFW
13859,KTUS,KLAX
13860,KSNA,KLGB
13861,KIAD,KRDU
13862,KSBA,KSMO
13863,YMML,YSSY
13864,XA65,KT31
13865,YSCB,YSBK
13866,KPWT,KPAE
13867,KBOI,1ID4
13868,LPPT,LPFR
13869,KEFT,KMSN
13870,KRDU,KATL
13871,KO60,KO69
13872,KPHX,KLAS
13873,KPHL,3PA9
13874,KORF,KBWI
13875,EHAM,EDDP
13876,KDFW,8TS2
13877,KIAD,KMDT
13878,EGSS,EBLG
13879,KRDU,KBWI
13880,KCHD,35AZ
13881,KPHL,KBKL
13882,ESSA,EFHK
13883,EGNX,EDDK
13884,KBUR,KLAS
13885,KCRQ,KSDL
13886,YBAF,YWCK
13887,KSMX,KLAS
13888,KATL,KTYS
13889,KLAX,KLAS
13890,KS67,KMAN
13891,KSDL,KLAS
13892,KLGB,KSJC
13893,KRDU,KEWR
13894,KATL,KBNA
13895,KITH,KISP
13896,KGRR,KMDW
13897,KBUR,KSBA
13898,KONT,KLAS
13899,KIAD,CYYZ
13900,KPHL,7PS7
13901,KLAS,KBUR
13902,KHIO,WN80
13903,KLCK,KORD
13904,YMMB,YMEN
13905,YMML,YSCB
13906,K61B,KU30
13907,CYVR,CML2
13908,EGAA,EGNX
13909,EGPH,EGNX
13910,KDFW,KSGF
13911,KC29,KC47
13912,KDTW,KCMH
13913,KPHL,DE12
13914,CYCD,CYVR
13915,KSAT,KDFW
13916,KGLE,KDTO
13917,KLAX,KSFO
13918,KPWK,KENW
13919,K2R2,KDTW
13920,KCRQ,KRNM
13921,KIAD,4VG2
13922,KSQL,KHAF
13923,KBNA,KATL
13924,YCNK,YSBK
13925,KPDX,KSEA
13926,KSAT,KDAL
13927,KBFI,KBVS
13928,KVNY,KUDD
13929,KRNM,KMYF
13930,KRHV,9CL2
13931,KHPN,KFRG
13932,KPHL,93OH
13933,KIAD,KORF
13934,KLEB,KHPN
13935,KHAF,KSQL
13936,KIAD,KLGA
13937,PANC,6AK3
13938,KSFO,KLAX
13939,KAUS,KDFW
13940,KHIO,KKLS
13941,KFLL,KPIE
13942,LFPG,EBLG
13943,KFCH,KMCE
13944,KPHL,KMDT
13945,YTDN,YMMB
13946,SBSP,SBGL
13947,KTUL,KDAL
13948,KCMH,KDTW
13949,KDCA,KLGA
13950,SC32,KAND
13951,KINJ,KGPM
13952,KC83,KSQL
13953,KPHL,KBUF
13954,EGSS,EDDK
13955,KPSP,KSNA
13956,KXLL,7PN0
13957,KPHF,KPHL
13958,KTCY,KLVK
13959,KMKE,KDTW
13960,KBVS,WN51
13961,KIAD,KBUF
13962,SBGL,SBGR
13963,KSTL,KPPQ
13964,RJOO,RJTT
13965,KVNY,KFAT
13966,KTKI,KRBD
13967,WA09,KPAE
13968,KSEE,CA75
13969,KSAN,KLAS
13970,97IA,KCBF
13971,RJBB,RJTT
13972,NZHN,NZTE
13973,KRNT,KORS
13974,KPRC,KDVT
13975,KATL,SC32
13976,KDTO,KTKI
13977,KWVI,KRHV
13978,KSDL,KPAN
13979,KBFI,KPDX
13980,KSNA,KSMO
13981,KHWO,KFXE
13982,KE16,KRHV
13983,KMGY,KSGH
13984,KC83,KLVK
13985,NZCH,NZWN
13986,EDDS,EDDV
13987,KO69,KAPC
13988,KATL,KHSV
13989,KIAD,7PS7
13990,EDDK,EDDP
13991,KRDU,KCLT
13992,YBBN,YPAC
13993,K0L7,KHND
13994,63CN,KPAO
13995,KSEA,KPDX
13996,KIAD,KGSO
13997,KMDW,KDTW
13998,KLAS,KLAX
13999,KTPA,KFLL
14000,KCLT,KTYS
14001,KVNY,KHHR
14002,KIAD,PN64
14003,KGRR,KDTW
14004,KPAE,KBFI
14005,KLGB,KSNA
14006,KS67,KMAN
14007,RCKH,RCWA
14008,KIAD,KPHL
14009,OG02,KHIO
14010,KATL,NC16
14011,KHWO,KFXE
14012,KVNY,KSBP
14013,KFAM,KSUS
14014,KCHD,KAVQ
14015,KWHP,KCNO
14016,KCHD,KPHX
14017,KIAD,90VA
14018,KRHV,KHAF
14019,KPOC,KSNA
14020,96WA,KBFI
14021,KLVK,KWVI
14022,KVNY,KHHR
14023,KMOD,KRHV
14024,KFLL,KHWO
14025,KMSP,MN41
14026,NZTG,NZAA
14027,KTKI,KDTO
14028,KF69,KRBD
14029,KTCY,KLVK
14030,KCNO,KRAL
14031,KTTA,KRDU
14032,KCLT,NC03
14033,KCNO,KRAL
