Index,Source,Target
1,KMIA,LEMD
2,VHHH,SBGR
3,WSSS,EHAM
4,VHHH,KLAX
5,WSSS,KSFO
6,RCTP,KJFK
7,RCTP,CYYZ
8,KLAX,VHHH
9,YSSY,OTHH
10,KSEA,RCTP
11,WSSS,KLAX
12,EHAM,WSSS
13,YMML,OTHH
14,OMDB,YSSY
15,WSSS,LIMC
16,RCTP,EHAM
17,ELLX,SBGR
18,RPLL,KLAX
19,KLAX,YSSY
20,RJTT,LFPG
21,RPLL,KSFO
22,LFPG,MMUN
23,YMML,WSSS
24,KMIA,SKBO
25,KEWR,KLAX
26,EGLL,SBGR
27,EGLL,KLAX
28,YPPH,OTHH
29,LEMD,SKBO
30,EPWA,KORD
31,LFPG,RJBB
32,PANC,VHHH
33,EHAM,KATL
34,EGLL,KLAX
35,KIAD,KLAX
36,WSSS,EGLL
37,EGLL,KORD
38,VHHH,EGLL
39,VHHH,EGLL
40,WSSS,NZCH
41,RCTP,EDDF
42,RCTP,KLAX
43,LFPG,VHHH
44,KLAX,KEWR
45,RCTP,KSEA
46,RJTT,EDDF
47,OTHH,VHHH
48,WSSS,EGLL
49,RCTP,KSFO
50,EDDF,SBKP
51,WSSS,LSZH
52,EPWA,KJFK
53,RCTP,KLAX
54,KJFK,OMDB
55,PANC,VHHH
56,RCTP,CYVR
57,VHHH,EGLL
58,SPJC,KIAD
59,WSSS,EHAM
60,VHHH,YSSY
61,KLAX,RCTP
62,WSSS,EDDF
63,KMIA,KJFK
64,EGLL,KLAX
65,RPLL,OMDB
66,EDDF,KORD
67,KMIA,LLBG
68,VHHH,PANC
69,EGLL,KIAD
70,WSSS,LFPG
71,OTHH,YMML
72,VECC,VABB
73,WSSS,EKCH
74,RCTP,NZAA
75,PANC,RJBB
76,OTHH,RPLL
77,OTHH,WMKK
78,EHAM,KORD
79,RPLL,OTHH
80,KJFK,KLAX
81,WSSS,YBBN
82,OTHH,YSSY
83,WSSS,OTHH
84,EDDF,VIDP
85,UUEE,KLAX
86,FACT,OTHH
87,OTHH,WSSS
88,WSSS,LSZH
89,KSFO,RJTT
90,SBGR,LEMD
91,LPPT,KEWR
92,PANC,RJBB
93,CYYZ,VHHH
94,VABB,KEWR
95,OBBI,RPLL
96,WSSS,YSSY
97,EDDF,VOBL
98,WMKK,OMDB
99,KIAH,OTHH
100,KJFK,EBBR
101,EGLL,VHHH
102,KVNY,KSDL
103,KDEN,KSFO
104,EBBR,OTHH
105,SBGR,LFPG
106,EGLL,KJFK
107,KLAX,KJFK
108,ZGSZ,PANC
109,EGGW,CYYZ
110,OMDB,SBGR
111,SBGL,LFPG
112,WSSS,YMML
113,KJFK,KLAX
114,KTEB,KVNY
115,ELLX,KATL
116,EGLL,OTHH
117,KSFO,EKCH
118,KJFK,KLAX
119,EHAM,OTHH
120,SBGR,LPPT
121,KEWR,KSFO
122,LFPG,WSSS
123,WSSS,VOBL
124,KEWR,KLAX
125,CYVR,YSSY
126,EDDP,VHHH
127,OTHH,VGZR
128,PANC,KSEA
129,KLAX,KPHL
130,KCLT,KLAX
131,KBOS,KPHX
132,KORD,PANC
133,KSAT,MMTJ
134,EDDK,KSDF
135,KLAX,KJFK
136,VHHH,PANC
137,OMDB,YSSY
138,EHAM,WSSS
139,KDEN,KSFO
140,KPHX,KJFK
141,VGTJ,OERK
142,KATL,KPDX
143,EHAM,VHHH
144,VIDP,KEWR
145,EDDF,SBGR
146,TLPL,KATL
147,PANC,KMSP
148,RJBB,KOAK
149,EDDK,KSDF
150,EGSS,KSDF
151,KJFK,LLBG
152,KATL,PANC
153,EGLL,OMDB
154,KPHX,KJFK
155,PANC,KMSP
156,KDEN,KLAX
157,KLAX,RCTP
158,KSNA,KIAD
159,PANC,KLAX
160,KORD,KSEA
161,LFPG,OMDB
162,KLAX,EDDF
163,LIMC,KJFK
164,KORD,PANC
165,KEWR,KPHX
166,KNUQ,KTEB
167,KATL,PANC
168,KLAS,KEWR
169,KLAX,KJFK
170,KIAH,KSEA
171,KDEN,KLAX
172,RCTP,PANC
173,EGLL,VABB
174,KLAX,KDCA
175,RCTP,KLAX
176,KSDF,KPDX
177,VIDP,LFPG
178,PANC,RCTP
179,KSAN,KEWR
180,EDDF,OMDB
181,KLAX,KBOS
182,EGLL,WSSS
183,EDDF,SBGR
184,KMIA,OTHH
185,KATL,KLAX
186,KJFK,EDDF
187,CYYZ,CYVR
188,KLAS,KBOS
189,KSJC,KSNA
190,KLAX,KBOS
191,KATL,SKBO
192,KDTW,KLAX
193,WSSS,OTHH
194,SKBO,LEMD
195,KLAX,LLBG
196,EDDK,VHHH
197,LPPT,GOBD
198,KMIA,KLAX
199,KCMH,KPHX
200,UUWW,UNEE
201,KSAN,KATL
202,KPDX,KBOS
203,KSNA,KDFW
204,SBGR,LPPT
205,KFLL,KDEN
206,KJFK,KLAX
207,KIAH,KDEN
208,EHAM,SBKP
209,CYVR,CYYZ
210,PANC,KLCK
211,KSAN,KATL
212,KLAX,KBOS
213,KSDF,KLAX
214,KJFK,KPHX
215,KIAH,KLAX
216,ELLX,OTHH
217,KLAX,KATL
218,KSDF,KLAS
219,KSTL,KSEA
220,KATL,EDDF
221,KSFO,KMIA
222,KPHX,KJFK
223,KLAX,KDTW
224,KSDF,KBFI
225,KDCA,KPHX
226,KPHX,KBOS
227,KDFW,KSEA
228,KMIA,LFPG
229,KSNA,KTEB
230,KJFK,KLAX
231,KLAX,KDCA
232,LIMC,OMDB
233,CYVR,CYUL
234,KDCA,KDEN
235,KLAS,KDCA
236,KLAX,KFLL
237,KDTW,KPHX
238,KORD,KSAN
239,VABB,EGLL
240,CYVR,KDFW
241,CYVR,CYOW
242,KPHL,KLAX
243,KJFK,KSFO
244,KORD,EDDF
245,KPHX,KMIA
246,KLGA,KDEN
247,KPHL,KPHX
248,KMIA,EHAM
249,LLBG,KEWR
250,KPHX,KATL
251,VABB,LSZH
252,EDDM,OMDB
253,KMIA,SPJC
254,KSFO,RJTT
255,KORD,KSFO
256,KLAX,KEWR
257,KJFK,KSEA
258,KEWR,LLBG
259,EGLL,LLBG
260,KORD,KLAX
261,KEWR,KLAS
262,EGLL,OTHH
263,KJFK,KSEA
264,KORD,KSEA
265,CYVR,CYYZ
266,KORD,PANC
267,KSTL,KLAX
268,KLAX,KMIA
269,KORD,ELLX
270,KPHX,MMUN
271,KAUS,KSEA
272,KSFO,KDAL
273,KRDU,KDEN
274,KATL,KLAX
275,KSAN,KJFK
276,KMIA,LPPT
277,SKBO,KJFK
278,KSDF,PANC
279,OMDB,EDDF
280,KPHX,KRDU
281,OTHH,VGZR
282,CYYZ,CYYC
283,KMSP,KPDX
284,KORD,ELLX
285,OMDB,LFPG
286,KLAX,KATL
287,KBOS,KDFW
288,KSAN,KORD
289,KLAX,KJFK
290,KSFO,EHAM
291,KRDU,KDEN
292,VIDP,KEWR
293,KTEB,KSJC
294,CYYZ,EHAM
295,KMIA,SPJC
296,KATL,LFPG
297,KJFK,KLAX
298,KORD,KSAN
299,EGLL,OBBI
300,KSFO,KJFK
301,PANC,RJBB
302,VHHH,RJAA
303,KJFK,LFPG
304,LFPG,LLBG
305,KSDF,KONT
306,KBNA,KSJC
307,KCMH,KLAS
308,KORD,KSFO
309,KATL,KSFO
310,KDTW,EDDF
311,KSEA,KJFK
312,KORD,PANC
313,CYYZ,EDDF
314,KPHX,KDCA
315,KPHX,KBWI
316,KSFO,EDDM
317,KPHL,KDEN
318,KJFK,EHAM
319,CYYZ,KDFW
320,OTHH,WMKK
321,KMIA,KDEN
322,VABB,VIDP
323,CYOW,CYYC
324,KBNA,KOAK
325,KSJC,KDFW
326,KSFO,KORD
327,KLAS,KLAX
328,KORD,KLAS
329,KLAX,EHAM
330,KATL,KLAS
331,KLAS,KORD
332,PANC,VHHH
333,CYUL,CYYC
334,KFLL,KSFO
335,KLAX,KJFK
336,KMSP,KSAN
337,KIAD,EKCH
338,KSAN,KJFK
339,KDTW,KSEA
340,KCLT,KLAX
341,KLAS,KEWR
342,FACT,EHAM
343,KSFO,KORD
344,LLBG,KJFK
345,KDCA,KHOU
346,VHHH,PANC
347,KLGA,KDFW
348,KDFW,PANC
349,KJFK,LIRF
350,KOPF,KVNY
351,KMSP,KMCO
352,VGTJ,OMSJ
353,KCLT,KSFO
354,KATL,KDEN
355,UUDD,OMDB
356,KCLT,KPHX
357,KORD,EDDF
358,KMSP,KLAS
359,KOMA,KSAN
360,KMIA,EDDF
361,KORF,KDFW
362,TJSJ,KJFK
363,KDTW,KLAS
364,KMSP,KSEA
365,KMIA,EDDF
366,KBOI,KORD
367,KBWI,KDFW
368,SBGR,LSZH
369,KMIA,KSFO
370,EPWA,LLBG
371,KSFO,EDDF
372,CYYC,EHAM
373,NZAA,YBCG
374,KTYS,KDEN
375,LPPT,LHBP
376,KSFO,KBOS
377,KCLT,KSAN
378,KMCI,KLAX
379,KMIA,KORD
380,KLAS,KIAD
381,OBBI,EDDP
382,KDEN,KBOS
383,KSJC,KDFW
384,KPDK,KSDL
385,OMDB,EHAM
386,KMKE,KLAS
387,VABB,EHAM
388,KDFW,EDDF
389,KORD,KLAX
390,KEWR,KSFO
391,KJFK,LIRF
392,KLGA,KDFW
393,KATL,KDEN
394,KDCA,KLAX
395,LFPG,OTHH
396,KBOS,LFPG
397,VABB,EDDF
398,KSNA,KDFW
399,KMSP,PANC
400,GOBD,EBBR
401,KCLT,KSEA
402,KSMF,KDFW
403,KGPI,KLAX
404,SBKP,LPPT
405,KDCA,KDFW
406,KEWR,KDFW
407,KDFW,KLGA
408,KLAX,RJTT
409,KDFW,KPHL
410,KOMA,KSEA
411,KRDU,KLAX
412,KLAS,KATL
413,KORD,KBOI
414,KBOS,KMCO
415,KONT,KDFW
416,KLAX,KORD
417,KLAX,KTUL
418,KMCI,KBWI
419,EGLL,VHHH
420,CYYZ,CYVR
421,KCLT,KPHX
422,KMSP,KMCO
423,KSJC,KBNA
424,KSEA,KDCA
425,KJFK,KLAS
426,KMSP,KSFO
427,KCMH,KPHX
428,KSFO,KJFK
429,NZCH,YSSY
430,KSEA,KEWR
431,OMDB,LSZH
432,KJFK,KSAN
433,CYYZ,CYVR
434,KORD,EHAM
435,OMDB,EDDF
436,KBOS,KLAX
437,KPDX,KDFW
438,KSFO,KJFK
439,KMDW,KSAT
440,KFLL,KLGA
441,KSEA,PANC
442,KMIA,KDFW
443,KJFK,EIDW
444,VIDP,EGLL
445,KBUF,KDFW
446,SBGR,EDDF
447,KPHX,KORD
448,KDFW,EDDF
449,CYVR,KORD
450,SKBO,KMIA
451,KABQ,KATL
452,KLAX,KMCI
453,PANC,KSDF
454,YPAD,YPPH
455,KSAN,KBOS
456,KLAX,KJFK
457,KSDF,KPHX
458,LLBG,KEWR
459,KDEN,KSLC
460,KSTL,KMIA
461,VIDP,KSFO
462,KEWR,EKCH
463,KMIA,KEWR
464,KSEA,KLAX
465,KLAX,KORD
466,KSAN,KORD
467,KONT,KDFW
468,KBOS,EIDW
469,KAUS,KSEA
470,VIDP,EDDF
471,KLAX,KOMA
472,NZAA,YBBN
473,KLAX,KOPF
474,KDCA,KSEA
475,KLAX,KMSP
476,KSEA,KDFW
477,KSAN,KIAD
478,KTUS,KPHX
479,KLAX,KDFW
480,KBNA,KOAK
481,VHHH,OMDB
482,KDCA,KDEN
483,KSTL,KLAX
484,KLGA,KORD
485,KMSP,KPHX
486,KLGA,KFLL
487,KSEA,KDFW
488,KPDX,KSAN
489,LFPG,RJBB
490,KFLL,KPHL
491,KEWR,KORD
492,KPHL,KORD
493,PANC,KSEA
494,KSEA,KDAL
495,KFLL,KDFW
496,KATL,KSLC
497,KPHL,KDFW
498,NK43,KORD
499,YSSY,WSSS
500,KSAN,KDFW
501,KPHX,KPDX
502,KORD,EIDW
503,KFLL,KEWR
504,KJFK,LIMC
505,KSAN,KMSP
506,KMDW,KOAK
507,KLAX,KDFW
508,KDEN,KBOS
509,KGPI,KLAX
510,UKBB,OMDB
511,KEWR,LIRF
512,KLAX,KJFK
513,KDEN,KIAD
514,KMSP,KDFW
515,KMDW,KMCO
516,KSEA,KPHX
517,KLGA,KORD
518,KPHX,KPHL
519,SBKP,SPJC
520,KORD,KPHX
521,KBOS,EDDF
522,KMIA,LEMD
523,KATL,LFPG
524,KDCA,KDFW
525,KPHX,KJFK
526,KLAS,KORD
527,KSFO,KDFW
528,KCLT,KMSP
529,KJFK,LEMD
530,KDEN,KBWI
531,KLAS,KATL
532,GMMN,GOBD
533,KMDW,KSFO
534,KLAX,KSDF
535,KLAS,KOMA
536,KIAD,KDEN
537,KLAX,KJFK
538,UUEE,LIMC
539,PANC,KSEA
540,KSDF,KSAN
541,KMIA,KDFW
542,VIDP,KORD
543,KSEA,KLAX
544,KOPF,KTEB
545,PANC,KSEA
546,RPLL,VHHH
547,KIAD,KLAX
548,KATL,KLAX
549,KAUS,KORD
550,KORD,KDEN
551,KSDF,PANC
552,KSEA,KSAN
553,KSFO,KDTW
554,LEMD,SBGR
555,KCMH,KDEN
556,KDFW,KSNA
557,YPPH,YSSY
558,KFLL,KSAN
559,KPSP,KDFW
560,KSEA,KORD
561,PANC,KLAX
562,KLAS,KSTL
563,KSFO,KEWR
564,KLAX,KDTW
565,KGPI,KORD
566,NK43,KORD
567,KSTL,KPHX
568,TJSJ,KEWR
569,KSJC,KTEB
570,KLAS,KSEA
571,KEWR,LOWW
572,LEMD,SBGR
573,KSFO,RCTP
574,KLAS,KMSP
575,KSEA,KJFK
576,KSTL,KLAS
577,KRDU,KSEA
578,KMIA,SPJC
579,KORD,KSLC
580,KJFK,KSAN
581,KIAD,EHAM
582,KORD,KDFW
583,KMSP,KSAT
584,KBOI,KSAN
585,UUDD,ULMM
586,LEMD,SPJC
587,KBWI,KLAX
588,LLBG,KJFK
589,KMSP,PANC
590,KATL,KPHL
591,VHHH,EBLG
592,SBGR,EHAM
593,KLAX,KDFW
594,PANC,VHHH
595,KMDW,KLAX
596,GOBD,LEMD
597,KDEN,KBUR
598,KLAX,EDDF
599,KONT,KSEA
600,KSFO,KJFK
601,KATL,KPHX
602,KCLT,KDFW
603,KSFO,EDDF
604,KATL,EGLL
605,KDEN,KFLL
606,KRDU,KPHX
607,KDFW,EGLL
608,CYYZ,CYYC
609,KDAL,KLAX
610,LFPG,SBGR
611,KORD,KDEN
612,KLAX,KPHL
613,KMDW,KLAS
614,KPTK,KOPF
615,VHHH,YSSY
616,KATL,EDDF
617,LIMC,UUWW
618,KSFO,KDFW
619,KBOS,KSFO
620,KDTW,KMCO
621,KSNA,KORD
622,KIWA,KHIO
623,KMIA,KDCA
624,EINN,KJFK
625,KDEN,KSFO
626,KJFK,KSAN
627,KHPN,KATL
628,KPHX,KMSP
629,KSAT,KORD
630,KPNS,KDFW
631,YMML,YBBN
632,PANC,KLAX
633,KPDX,KDFW
634,KDTW,KDFW
635,KSYR,KORD
636,LPPT,SBGR
637,KBOS,KLAX
638,KDEN,KSEA
639,KSNA,KPDX
640,KATL,KSEA
641,KDEN,KIAD
642,KGRB,KATL
643,KJFK,KFLL
644,KSFO,KEWR
645,KDEN,KSAN
646,KORD,KSNA
647,NZAA,NZNV
648,KLAX,KMCO
649,KPHL,KATL
650,KCLT,KBOS
651,KMIA,KLAX
652,KLAS,KSAT
653,KSTL,KPHX
654,KSJC,KSEA
655,KATL,KLGA
656,KATL,KDEN
657,KLAX,KMDW
658,KSFO,KPHL
659,KDEN,KSEA
660,KLAX,KEWR
661,KBFI,KAPC
662,KDEN,KIAD
663,KBOS,KLAX
664,KGPI,KSAN
665,KATL,KPDX
666,KATL,EHAM
667,EDDK,OMDB
668,OBBI,EGLL
669,KJFK,SKBO
670,KSAN,KMDW
671,KDEN,KORD
672,YPPH,WSSS
673,KPHX,KDAL
674,KDAL,KPDX
675,KSTL,KDEN
676,KFLL,KSDF
677,KJFK,LLBG
678,OTHH,KDFW
679,KDEN,KOAK
680,KLAX,KORD
681,KATL,KEWR
682,UAAA,UKBB
683,TJSJ,KATL
684,OMDB,YSSY
685,KAPC,KDPA
686,KLAS,KCLT
687,KATL,KMSP
688,KDEN,KMCO
689,KDAL,KPDX
690,KDEN,KPDX
691,KONT,KDFW
692,CYYZ,KSFO
693,EKCH,BIKF
694,KBOS,KLAX
695,KORD,KSAN
696,KTTN,KATL
697,CYXE,CYYZ
698,CYUL,KORD
699,KLAX,KMIA
700,KDTW,KPHX
701,KATL,KSAT
702,KDEN,KDAL
703,VHHH,OTHH
704,KDEN,KATL
705,KAUS,KDTW
706,OTHH,LEMD
707,KPNS,KPHL
708,KSEA,KDFW
709,KDEN,KAUS
710,VABB,OTHH
711,KDEN,KRDU
712,PANC,KORD
713,KABQ,KORD
714,KAUS,KDEN
715,KCLT,KBOS
716,KEWR,LSZH
717,KSEA,KSAN
718,KJFK,LFPG
719,KPVD,KORD
720,KBNA,KMIA
721,CYYZ,KLAX
722,KBOS,KMIA
723,VOMM,OTHH
724,KDCA,KHSV
725,KSFO,KDFW
726,LPPT,LLBG
727,KBNA,KSNA
728,VHHH,PANC
729,KSEA,KSNA
730,KLAX,KBOS
731,KMDT,KORD
732,KRDU,KFLL
733,KDEN,EDDF
734,KPHL,KMCO
735,KAUS,KBNA
736,YMML,YBBN
737,KATL,KBOS
738,KATL,KSEA
739,CYUL,KLAX
740,OTHH,LIMC
741,KOAK,KAPA
742,KBNA,KMSP
743,KMIA,SBKP
744,KLAX,KIAD
745,KSAN,KSEA
746,KPHX,KSFO
747,KLAX,KPDX
748,KDEN,KATL
749,PANC,KSDF
750,KEWR,EDDF
751,OTHH,YPAD
752,KABQ,KSFO
753,KORD,KBOS
754,KFLL,KDFW
755,KATL,KMCI
756,KDEN,KLAS
757,KLAX,KSEA
758,KORD,KDEN
759,KCLT,KLAX
760,KSEA,KATL
761,KLAS,KCTK
762,KATL,KBUF
763,OTHH,LIMC
764,KAUS,KLAS
765,KSAT,KDEN
766,KCLT,KSYR
767,KPHL,EGLL
768,KPHX,KSTL
769,KBOI,KDFW
770,KDEN,KDFW
771,VIDP,VOBL
772,KJFK,EGLL
773,KSEA,KMSP
774,KPHX,KSEA
775,KDFW,OMDB
776,KFAT,KPDX
777,KORD,KBWI
778,RPLL,RJAA
779,KPOC,KCNO
780,KBOS,KDFW
781,KLAX,RCTP
782,KBNA,KDEN
783,YSSY,YPAD
784,KDCA,KDFW
785,KFLL,KSEA
786,KOAK,KMDW
787,KRDU,KDFW
788,KDFW,KORD
789,CYUL,KIAD
790,KSRQ,KDFW
791,KLAX,LFPG
792,PANC,KSEA
793,KATL,KBOS
794,YBBN,YMML
795,KDEN,KDFW
796,KBOS,KSEA
797,KBWI,KCLT
798,KSFO,KORD
799,KSEA,PANC
800,CYUL,CYVR
801,KPHX,KDFW
802,VIDP,OTHH
803,KORD,KSFO
804,RJTT,RJFF
805,KPAE,KLAS
806,KDTW,KSEA
807,KMIA,KJFK
808,KFUL,KGYR
809,PANC,KSDF
810,KSEA,KLAX
811,WMKK,VHHH
812,KJFK,EGLL
813,VABB,OTHH
814,KIND,KDCA
815,KDEN,KLAX
816,KDFW,LEMD
817,KCLT,KLAS
818,KMKE,KBWI
819,KORD,KDFW
820,KDEN,KPDX
821,KMSP,KDEN
822,KMCC,KMHR
823,KBNA,KORD
824,KDEN,KSEA
825,KSTL,KSAN
826,KAUS,KMSP
827,KRDG,KLUK
828,KJFK,KPHX
829,KORD,KMCO
830,KRDU,KLGA
831,KSNA,KSEA
832,KDFW,KONT
833,KCLT,KSFO
834,KPHL,KMCO
835,YBBN,YSSY
836,KGPI,KLAX
837,VIDP,VOBL
838,KDEN,KPDX
839,KMDW,KDAL
840,VHHH,VIDP
841,KCLT,KSEA
842,KLAS,KDFW
843,KLAX,KAUS
844,KTUL,KDEN
845,YSCB,YPAD
846,SBBR,SBGR
847,KATL,KMIA
848,KATL,KORD
849,KSEA,KPHX
850,KMCI,KDEN
851,KCLT,KTUL
852,RJTT,RJFF
853,KDEN,KLAS
854,PANC,KSDF
855,KLAS,KJFK
856,UUWW,UUYY
857,KFLL,KDTW
858,KSFO,LFPG
859,KCMH,CYYZ
860,KVPS,KDCA
861,EDDP,EGNX
862,KORD,KRDU
863,EHAM,KORD
864,KDFW,KBWI
865,KDCA,KMCO
866,KMIA,KDEN
867,KAUS,KPDX
868,KGSO,KLGA
869,YSCB,YBBN
870,KFTY,KTEB
871,KSJC,KDAL
872,KSEA,CL36
873,KLAX,KSEA
874,KPHX,KEWR
875,KIAD,KBNA
876,KBJC,KFNL
877,WMKK,WBKK
878,KSTL,KDEN
879,KSMF,KSAN
880,KBOI,KLAS
881,KEWR,EHAM
882,KSEA,KSNA
883,KCLT,KFLL
884,KDFW,KSLC
885,CYYZ,EDDF
886,KIAD,KSDF
887,KMIA,KJFK
888,KBNA,KSEA
889,KOMA,KDTW
890,RCTP,RJBB
891,OMDB,KIAD
892,OTHH,LFPG
893,KSEA,KOAK
894,KOKC,KORD
895,KCLT,KMCO
896,KBOS,KPHX
897,KLZU,KHOU
898,KMSN,KPWK
899,KISP,KGAI
900,KSEA,KSJC
901,KSTL,KDAL
902,KCLT,EGLL
903,OTHH,EDDF
904,KRDU,KJFK
905,KAUS,KBWI
906,KOAK,KSNA
907,KATL,KDCA
908,KPVD,KMDW
909,KSNA,KAPC
910,KCMH,KCLT
911,KIAH,KTYS
912,KIAD,EDDF
913,KCLT,KSTL
914,KDEN,KDCA
915,KORD,EGLL
916,KPHL,KBUF
917,KLAX,KDAL
918,KBOI,KSFO
919,KLAS,KMSP
920,KISM,KHPN
921,KFLL,KATL
922,RCTP,VHHH
923,KMDW,KMCO
924,KBOS,KSEA
925,OMDB,YMML
926,LIMC,EDDP
927,KPHL,KFLL
928,KPHX,KSJC
929,KMIA,LEBL
930,UAAA,EDDF
931,KABE,KDTW
932,KSEA,BIKF
933,KTUL,KORD
934,KCLT,KPHL
935,KMCI,KSAN
936,KATL,KORF
937,KSDF,KMDT
938,KORD,EPWA
939,KDEN,KMDW
940,KRDU,KBOS
941,KEWR,VABB
942,KSEA,PANC
943,CYYZ,KORD
944,KSAN,KSEA
945,KPHX,KORD
946,KATL,KMCO
947,KPHX,KSAT
948,KIAD,LFPG
949,KSEA,KLAS
950,KCLT,KEWR
951,KPIT,CYUL
952,KDTW,KCLT
953,PANC,KORD
954,KPVD,KCLT
955,VABB,OMDB
956,KATL,KORD
957,KMIA,KBOS
958,KPHX,KSBP
959,KDEN,KPHL
960,KDTW,KLAX
961,EGNX,EDDP
962,KLGA,KRDU
963,KCLT,KMDT
964,KJFK,KLAS
965,KLAS,KDAL
966,KBOS,KATL
967,KRDU,KEWR
968,KATL,KMIA
969,KMSP,KATL
970,KSEA,KLAX
971,KEWR,KCLT
972,NZHN,NZCH
973,KOKC,KPHX
974,KSDF,KSAT
975,KMMU,KIAD
976,KJFK,EHAM
977,RCTP,KLAX
978,KATL,KDAL
979,KDTW,KSAN
980,CYVR,KORD
981,KCLT,KDAY
982,KORD,PANC
983,KDAY,KATL
984,OTHH,EDDM
985,YSCH,YSBK
986,KECP,KBNA
987,KMKE,KATL
988,UUEE,UWLL
989,KIAD,KSAN
990,YBBN,YSCB
991,KPHX,KSJC
992,KATL,KDFW
993,KDEN,KDAL
994,NZCH,YBBN
995,KLAS,KSEA
996,KORD,KATL
997,VGZR,OTHH
998,KIND,KSEA
999,KLAX,KEWR
1000,OTHH,LTFJ
1001,KDEN,KMSP
1002,KSNA,KSFO
1003,KBNA,KLGA
1004,KATL,KJFK
1005,KPDX,KSAN
1006,KLAX,KPHX
1007,KBOS,KSJC
1008,EKCH,KORD
1009,KPHL,KATL
1010,KJFK,KLAX
1011,YBBN,YPPH
1012,KDFW,KPDX
1013,YMML,YSSY
1014,KATL,KMCI
1015,PANC,KSDF
1016,KOAK,KSAN
1017,OK13,KRVS
1018,EDDP,EGGW
1019,NZTG,NZCH
1020,KDFW,KLGA
1021,LEBL,LIRF
1022,KCMH,KMSP
1023,KJFK,EGLL
1024,KORD,KDCA
1025,KCLT,KJFK
1026,KMSP,KBNA
1027,KFLL,KSDF
1028,KMDW,KMSP
1029,KORD,KSEA
1030,CYYZ,KEWR
1031,YWLM,YBBN
1032,KBNA,KLAX
1033,NZAA,YSSY
1034,KDEN,KLAX
1035,YMML,YWLM
1036,KBWI,KSEA
1037,KLAX,KSLC
1038,EDDP,EBBR
1039,KATL,KORD
1040,KPDX,KSJC
1041,YPPH,YMML
1042,KDFW,KSNA
1043,KEWR,KFLL
1044,OTHH,EGLL
1045,KJFK,EBBR
1046,KDFW,KDCA
1047,42VT,KDTW
1048,KLAS,KDTW
1049,KSEA,KSAN
1050,KLAX,KATL
1051,KSRQ,KATL
1052,SBGR,LPPT
1053,KBOI,KLAX
1054,KSJC,CYVR
1055,YSLT,YMES
1056,KATL,KBKL
1057,PANC,KBFI
1058,KFLL,KDEN
1059,KLGB,KPHX
1060,KONT,KDEN
1061,VOMM,OMSJ
1062,KDEN,KMSP
1063,KLAX,KORD
1064,KATL,KORD
1065,KBOI,KSEA
1066,KSNA,KSJC
1067,KVNY,KCMA
1068,KPHL,KALB
1069,KMIA,KDAL
1070,YSSY,YMML
1071,KBOS,KCLT
1072,KCLT,KSDF
1073,KPHX,KMDW
1074,KDCA,KORD
1075,KFKR,KLAF
1076,KDEN,KDTW
1077,KLAX,KPHX
1078,KATL,KEWR
1079,KDTW,KLAS
1080,KJFK,KMCO
1081,YWOL,YBBN
1082,KSMF,KPHX
1083,KIAH,KFLL
1084,KCLT,KALB
1085,KFLL,KBED
1086,KPHL,KATL
1087,NZCH,WSSS
1088,KPHX,KSFO
1089,KLAS,KPDX
1090,KMIA,KBWI
1091,KSDF,KEWR
1092,KPHL,KPVD
1093,KCLT,KDTW
1094,KBNA,KDEN
1095,YBBN,YSCB
1096,K2K9,KRVS
1097,KDEN,KLAX
1098,KSFO,35OR
1099,KMSP,KPDX
1100,KMDW,KSAN
1101,CYYZ,LSZH
1102,YSSY,YBBN
1103,KIAD,KATL
1104,KMKE,KATL
1105,KPHL,KDEN
1106,KSTL,KMSP
1107,KPHX,KLAX
1108,KFKR,KLAF
1109,KLAS,KDTW
1110,KIAD,KMDW
1111,OTHH,EBBR
1112,KATL,KSLC
1113,KORF,KATL
1114,KDFW,KORD
1115,KBOS,KMDW
1116,VABB,VIDP
1117,KATL,KMIA
1118,KIAH,SPJC
1119,KORD,EGLL
1120,KSJC,KLGB
1121,RJTT,RJOF
1122,KSEA,KRDU
1123,KBNA,KBOS
1124,EPKT,EDDK
1125,YSSY,YSCH
1126,KSTL,KSLC
1127,KSAN,KSFO
1128,KBWI,KMDW
1129,KIAD,EDDM
1130,KONT,KPHX
1131,EDDM,EDDV
1132,KDFW,KMIA
1133,KLAS,KDFW
1134,KIAD,KORD
1135,SKBO,SPJC
1136,KOKC,KHOU
1137,KBNA,KPHX
1138,KIAD,EGLL
1139,LIMC,EDDP
1140,KFLL,KBNA
1141,KPSP,KPHX
1142,KMIA,KBWI
1143,KORD,KATL
1144,NZCH,NZWN
1145,KPHF,KCLT
1146,SBRJ,SSJC
1147,KORF,KORD
1148,KPIT,KMSP
1149,KATL,KLAX
1150,CYVR,CYYZ
1151,RJOO,RJFF
1152,YBBN,YSSY
1153,RJTT,RJOO
1154,KSEA,KBOS
1155,KMSP,KDFW
1156,KSLC,KLAX
1157,KIAH,KMIA
1158,KBNA,KBOS
1159,KRDU,KDTW
1160,VABB,OTHH
1161,KSYR,KDTW
1162,OBBI,OERK
1163,KDFW,KLAX
1164,SBRJ,SBSP
1165,KSEA,KJFK
1166,KIAD,LSZH
1167,KHHR,KSQL
1168,KIAD,KAUS
1169,EBLG,EDDN
1170,KPHL,KDFW
1171,KBNA,KVNY
1172,KLAS,KSNA
1173,OTHH,LSZH
1174,YMML,YBCG
1175,KSNA,KOAK
1176,NZCH,NZAA
1177,KATL,KFLL
1178,KMIA,KPWK
1179,KBOS,KLAS
1180,KLAS,KEWR
1181,KPHX,KLAX
1182,KDTW,KFLL
1183,KIAD,KSAT
1184,KBOS,KSTL
1185,KSEA,KLAS
1186,KORD,EDDF
1187,KPHX,KSAN
1188,KJFK,KSFO
1189,KPNS,KATL
1190,SBGL,SBGR
1191,KPDK,KLUK
1192,KMSP,KORD
1193,KSJC,KLAS
1194,KDTW,KCLT
1195,KAUS,KLAX
1196,KSDF,KOAK
1197,KIND,KATL
1198,KPHX,KATL
1199,KBOS,KLGA
1200,OEDF,OERK
1201,KLGA,KMIA
1202,KSLC,KSAN
1203,NZAA,NZCH
1204,KSAT,KPHX
1205,KBNA,KORD
1206,KDFW,KJFK
1207,KMIA,KBNA
1208,KCLT,KORD
1209,KOKC,KDEN
1210,YMML,KLAX
1211,KIAD,KDFW
1212,OTHH,RPLL
1213,KSMF,KPDX
1214,YSSY,YBBN
1215,KIAD,KALB
1216,KFLL,KBOS
1217,KSEA,KBUR
1218,KLAS,KBNA
1219,KCLT,KJFK
1220,KPHX,KSFO
1221,KFLL,KSTL
1222,KLAS,KATL
1223,KLAX,KABQ
1224,KOMA,KATL
1225,PANC,KSEA
1226,KSEA,KOAK
1227,KCLT,KDCA
1228,KEWR,EBBR
1229,YSCB,YSSY
1230,PAMR,PABG
1231,KLAX,KSFO
1232,KORD,KBOS
1233,KSJC,KLGB
1234,KPHX,KOAK
1235,KDFW,KONT
1236,KBOS,KJFK
1237,KLAS,KLAX
1238,KRDU,KJFK
1239,KMIA,KDCA
1240,KDEN,KMCO
1241,KSEA,KLAX
1242,KIAD,KSTL
1243,KCVG,KMSP
1244,EDDP,EPKT
1245,ULLI,ULMM
1246,YSSY,YBBN
1247,KDFW,KSLC
1248,KLAX,KHOU
1249,KHPN,KDCA
1250,KFLL,KRDU
1251,KSAT,KMCO
1252,KORD,PANC
1253,SBGL,SBGR
1254,CYYJ,CYYC
1255,UAAA,OMDB
1256,KSEA,PANC
1257,KLAX,KOAK
1258,VECC,OTHH
1259,TJSJ,KMIA
1260,RJTT,RJFF
1261,EBBR,EDDP
1262,KMDT,KORD
1263,OMDB,VOMM
1264,KMIA,KSAT
1265,KLAX,KJFK
1266,EBLG,EDDV
1267,WSSS,VHHH
1268,NZCH,NZHN
1269,KCLT,KSAT
1270,KCVG,KATL
1271,YSSY,YMML
1272,YSSY,YPPH
1273,PANC,VHHH
1274,KDFW,KMCI
1275,KDCA,KORD
1276,KIAD,KROC
1277,KSNA,KLAS
1278,KPHX,KBNA
1279,KLAS,KSEA
1280,KMIA,KPHL
1281,KMDW,KATL
1282,KIAD,KDEN
1283,KORD,EGLL
1284,KLAS,KLAX
1285,OMDB,RPLL
1286,KIAD,KMIA
1287,YMMB,YTDN
1288,KDAL,KMDW
1289,KMSP,KPHX
1290,KLGA,KDCA
1291,RJFF,RJTT
1292,SBRJ,SBBR
1293,KSJC,KLAX
1294,KLGA,KMIA
1295,PANC,KSDF
1296,KSNA,KSDL
1297,KDCA,KFLL
1298,KDEN,KOMA
1299,KOAK,KSNA
1300,KPDX,KSNA
1301,KSFO,KATL
1302,KSDF,KLAX
1303,KCLT,KDAL
1304,KEWR,LFPG
1305,KABQ,KPHX
1306,VABB,VOMM
1307,KORD,KMIA
1308,KIAD,KMCI
1309,KBOS,EGLL
1310,KLAX,KSFO
1311,KSEA,KDTW
1312,RCTP,VHHH
1313,YMAV,YSSY
1314,EDDP,EBBR
1315,OTHH,ESSA
1316,KVIS,KOAK
1317,KORF,KDTW
1318,KJFK,KPDX
1319,CYXE,CYVR
1320,KSJC,KSAN
1321,KROC,KATL
1322,KWHP,KSBA
1323,KIAH,KPNS
1324,YBBN,YPPH
1325,CYUL,CYYC
1326,KBNA,KMSP
1327,KBUR,KDFW
1328,KSEA,KPHX
1329,KDAY,KDFW
1330,KOMA,KDFW
1331,KIAD,KBOS
1332,KLAX,KSEA
1333,YSSY,YPAD
1334,SBBR,SBSP
1335,KORD,KLAX
1336,YPAD,YSSY
1337,KAPA,KOAK
1338,KBOS,KSYR
1339,KEWR,KSEA
1340,KPHX,KCOS
1341,KJFK,LLBG
1342,KDEN,KDFW
1343,KDFW,KEWR
1344,CYVR,EDDF
1345,KBWI,KATL
1346,KBNA,KORD
1347,KDCA,KPDX
1348,KSMF,KLAX
1349,KORF,KMDW
1350,KLAS,KSFO
1351,KATL,KLAS
1352,KORD,EDDM
1353,KSAN,KDFW
1354,KBLV,KSRQ
1355,KIAD,EDDF
1356,KLAX,KSEA
1357,KIAD,KSEA
1358,KRFD,KSCK
1359,KSFO,KSEA
1360,YSSY,YPPH
1361,KATL,KDEN
1362,KATL,SBGR
1363,KPHL,KSAN
1364,KLAS,KSTL
1365,KEWR,KMSP
1366,KIAH,KSFO
1367,KMSP,KLAX
1368,KDFW,SPJC
1369,KSDF,KMDW
1370,KGSO,KATL
1371,KORD,KHPN
1372,KBUF,KMDW
1373,KSJC,KLAS
1374,SBRJ,SBSP
1375,KATL,KDFW
1376,SBVT,SBGR
1377,KJFK,LFPG
1378,KSEA,KLAX
1379,KSMO,KCNO
1380,LIMC,LEBL
1381,KORD,K9G2
1382,KORD,KSDF
1383,KPHX,KSAN
1384,KBOS,KDCA
1385,KBOI,KSEA
1386,KBNA,KSFO
1387,KAUS,KDEN
1388,KATL,KSDF
1389,YSSY,KLAX
1390,KEWR,KBOS
1391,KCLM,KPWT
1392,KSAN,KLAS
1393,KATL,KPVD
1394,KCMH,KATL
1395,GOBD,LFPG
1396,KTYS,KORD
1397,KSEA,KATL
1398,SBBR,SBRJ
1399,KDCA,KBNA
1400,KBOS,KDCA
1401,KIAD,KSRQ
1402,RCTP,RJAA
1403,KLAX,KBNA
1404,YSSY,NZCH
1405,KCLT,KMCO
1406,KONT,KDAL
1407,OMDB,VOBL
1408,KSFO,KSAN
1409,KJFK,KLAS
1410,KIAD,KCLT
1411,KATL,KSEA
1412,KSMO,KSBA
1413,NZCH,NZNV
1414,UUEE,UWKD
1415,OBBI,EGLL
1416,KEUL,ID00
1417,KLAX,KTUS
1418,KIND,KORD
1419,KOMA,KMSP
1420,KLAS,K1L3
1421,PANC,RCTP
1422,KOAK,KBUR
1423,KEMT,KMYF
1424,SBVT,SBSP
1425,KATL,KSRQ
1426,KMSP,KMIA
1427,KLAS,KFAT
1428,OTHH,VABB
1429,KIAD,KPVD
1430,KJFK,KSEA
1431,KTYS,KATL
1432,KBOS,KSEA
1433,KRDU,KDFW
1434,KLGA,KDFW
1435,RCTP,YSSY
1436,KEWR,KDFW
1437,KSAN,KBNA
1438,KMSP,KSNA
1439,KDFW,LFPG
1440,KSEA,KBOS
1441,KMIA,KORD
1442,KOAK,KC83
1443,YSSY,YBCG
1444,KIAD,KABE
1445,YPJT,YMUL
1446,KOAK,KSJC
1447,CYUL,KEWR
1448,KATL,KJFK
1449,KCNO,KSNA
1450,OMDB,VABB
1451,KEWR,KDEN
1452,KRDU,KORD
1453,KIAH,KECP
1454,RCTP,RPLL
1455,KIAD,KCLT
1456,KPDX,KLAS
1457,KGSO,KORD
1458,FAOR,FACT
1459,EPKT,EGSS
1460,KORD,KDTW
1461,SBGL,LPPT
1462,KEWR,EGLL
1463,KDEN,KSEA
1464,EHAM,EDDP
1465,KDEN,KPHX
1466,KSEA,KDAL
1467,SBGR,LPPT
1468,NZWN,NZCH
1469,KORD,KORF
1470,KIAD,KLAS
1471,PANC,KBFI
1472,KBUF,KDTW
1473,KMSP,KDCA
1474,KSNA,KVNY
1475,KBNA,KDFW
1476,KSEA,KSFO
1477,KSAT,KATL
1478,KONT,KPHX
1479,WA09,KPAE
1480,KRHV,KE16
1481,YWLM,YSSY
1482,KCLT,KBWI
1483,KDTW,KLAX
1484,KMCI,KATL
1485,KSBD,KSDF
1486,KMIA,KORD
1487,SBBR,SBSP
1488,KSDM,KVNY
1489,KIAH,SKBO
1490,KSBP,KONT
1491,KCOS,KBJC
1492,KECP,KIAH
1493,KBUR,KOAK
1494,KLGA,KDEN
1495,KLGA,KDAL
1496,KSEA,KEWR
1497,KORD,KDEN
1498,EGNX,EGPH
1499,KEWR,KPHX
1500,KLAX,KDFW
1501,KATL,LFPG
1502,YSSY,YPAD
1503,NZCH,NZAA
1504,KATL,KATW
1505,KCLT,KFTY
1506,KCVG,KORD
1507,KOAK,KLAS
1508,RJTT,RJOO
1509,KSAF,KPHX
1510,KCRQ,KSMO
1511,KBOS,CYYZ
1512,KADS,TA06
1513,OMDB,LEBL
1514,KCPS,7IS2
1515,KRMN,VA42
1516,KORD,KERI
1517,KSTL,KDCA
1518,KATL,KOKC
1519,KMCI,KDTW
1520,KPDX,KPHX
1521,KLAX,KBNA
1522,KATW,KDTW
1523,KJFK,VHHH
1524,SBBR,SBGL
1525,KSNA,KLAS
1526,KJFK,LIMC
1527,OTHH,VIDP
1528,KFLL,KMSP
1529,KORD,KBNA
1530,KDFW,KBUF
1531,KIAD,KSFO
1532,KBWI,KRDU
1533,YSSY,YBMC
1534,KATL,KMCO
1535,KMSP,KORD
1536,LFPG,LFBO
1537,KDEN,KLAX
1538,KBUY,KMMU
1539,KGRB,KORD
1540,VOBL,VIDP
1541,KMSP,KSEA
1542,SBBR,SBRJ
1543,KJFK,KORD
1544,KORD,KBNA
1545,KPHL,KLAS
1546,KMIA,KSAN
1547,KSNA,KTEB
1548,KRDU,KMDW
1549,KIND,KMSP
1550,KSEA,KDFW
1551,KABQ,KLAX
1552,KPAO,KSCK
1553,KLGA,KMSP
1554,KATL,KBWI
1555,YSSY,KLAX
1556,KMSP,KMDW
1557,KSJC,KSLC
1558,CYYC,CYVR
1559,KONT,KLAS
1560,KORD,KHSV
1561,KSDF,KATL
1562,KTEB,KHOU
1563,KMSP,CYYC
1564,KLAX,RCTP
1565,KLGB,KIWA
1566,KSEA,PANC
1567,KPHL,KATL
1568,SBBR,SBGR
1569,KHYA,KPYM
1570,KDTW,KATL
1571,SPST,SPJC
1572,KPHF,KCLT
1573,KFLL,KBOS
1574,KSNA,KSEA
1575,KAVX,KMYF
1576,KFAT,KLAX
1577,KDFW,KLAS
1578,KORD,KBNA
1579,KATL,KDTW
1580,KLAX,KPDX
1581,KLAS,KLAX
1582,6PA3,KMDT
1583,KCLT,KCMI
1584,UAAA,UAII
1585,OTHH,WSSS
1586,KSDF,KHOU
1587,KSJC,KLAX
1588,KDCA,KTYS
1589,KHWD,KPAO
1590,KIAD,KPHX
1591,KMCI,KATL
1592,YMES,YSLT
1593,KTEB,KIAD
1594,KATL,KMCO
1595,KMDW,KPHX
1596,YSSY,YBBN
1597,KBOS,KSAN
1598,VHHH,RJBB
1599,KORD,EHAM
1600,YPPH,YMML
1601,KDEN,KDAL
1602,KATL,KSAT
1603,YMMB,YMEN
1604,KSEA,KBLI
1605,SBSP,SSJC
1606,KIAH,KIAD
1607,KPHX,KVNY
1608,KDTW,EHAM
1609,KMSP,KMSN
1610,KSYR,KATL
1611,OTHH,VHHH
1612,KDEN,KJFK
1613,KCLT,KBWI
1614,YSSY,OMDB
1615,NZRO,NZCH
1616,KMDW,KSRQ
1617,RPLL,VHHH
1618,KATL,KMSP
1619,VOBL,VEPI
1620,KLAX,KMCI
1621,KATL,KLAS
1622,KOMA,KLAS
1623,KIAD,KLAX
1624,KDFW,KMSP
1625,KSEA,KORD
1626,KOAK,KPHX
1627,EDDP,EBBR
1628,KCLT,KDFW
1629,YPAD,YBBN
1630,KORD,KPIT
1631,KLGB,KVNY
1632,SBBR,SBVT
1633,KEWR,KMIA
1634,KDTW,KBUF
1635,KORD,KDEN
1636,KIAH,KORF
1637,KATL,KRDU
1638,KLAX,KSFO
1639,KIAD,KMDT
1640,WN51,KBVS
1641,KOSH,KENW
1642,YHBA,YBBN
1643,KAUS,KOAK
1644,KCMH,KORD
1645,KMSN,KMSP
1646,SBSP,SBBR
1647,LIRF,LMML
1648,KMIA,KCMH
1649,KLAX,KSNA
1650,KMDW,KHOU
1651,KMSP,KDEN
1652,KSFO,KJFK
1653,KSEA,KBOI
1654,KJFK,KRDU
1655,KLAS,KSJC
1656,KDEN,KSAN
1657,KRFD,KPDX
1658,KDFW,KCMI
1659,KSFO,KSNA
1660,KTUL,KORD
1661,EKCH,UUEE
1662,KCFJ,KLAF
1663,KFLL,KMDW
1664,VIDP,VOMM
1665,CAP3,CYCD
1666,KIAD,KBUF
1667,KFLL,KFXE
1668,RJTT,RJBB
1669,RJAA,RJFF
1670,KMSP,KDTW
1671,KLAX,KSFO
1672,KPHX,KPHL
1673,OTHH,UKBB
1674,KCVG,77OH
1675,WSSS,VABB
1676,PANC,KSEA
1677,KRDU,KORD
1678,KJFK,UUEE
1679,KSAN,KSFO
1680,KDFW,KSAT
1681,KATW,KMSP
1682,KMDW,KLAS
1683,KCMA,KVNY
1684,KMIA,KRDU
1685,SBBR,SBRJ
1686,KSMF,KDFW
1687,KSEA,67KY
1688,KRDK,KCBF
1689,KATL,KSAN
1690,RCTP,WSSS
1691,CYYJ,CYYC
1692,KBWI,KMSP
1693,KFLL,KBWI
1694,CYYC,CYWG
1695,KORD,KPHX
1696,KSLC,KLAS
1697,KAUS,KPHX
1698,YSCH,YSSY
1699,KSMO,KHHR
1700,ZGSZ,ZUCK
1701,KORD,KSEA
1702,YMPC,YRKE
1703,KCLT,KMIA
1704,KSMF,KLAS
1705,KLAS,KPDX
1706,KIAD,KATL
1707,KOMA,KSLC
1708,KSTL,KLAS
1709,KFNL,CO10
1710,KVIS,KOAK
1711,UAAA,UKBB
1712,KFLL,KLAX
1713,KTUL,KATL
1714,VABB,VOBL
1715,KIAH,KBWI
1716,KSLC,KLAX
1717,KIAD,KSEA
1718,KDEN,KORD
1719,KSAN,KLAS
1720,RCTP,WSSS
1721,KDEN,KSNA
1722,SBBR,SSJC
1723,KSBP,KSEA
1724,KONT,KSLC
1725,KLAS,KLAX
1726,6NY2,KROC
1727,KLAX,OMDB
1728,KORD,KMSP
1729,KJFK,KLAX
1730,KEWR,KSFO
1731,KMKE,KPHX
1732,KBNA,KCLT
1733,KRIR,KSBD
1734,KSMF,KONT
1735,KSMO,KCRQ
1736,KSFO,KDFW
1737,KMIA,LFPG
1738,KSEA,KBOI
1739,KLAS,KPHX
1740,VOMM,VOBL
1741,ULMM,UUEE
1742,KBOS,KSFO
1743,KPIT,KDUJ
1744,KORD,KROC
1745,WMKK,WBKK
1746,PANC,KONT
1747,KMSN,KORD
1748,KFLL,KJFK
1749,KCLT,KEWR
1750,KSTP,KSDL
1751,KPMD,KMYF
1752,KOAK,KSTS
1753,KJFK,LEMD
1754,KPHX,KMCO
1755,KSEA,KFAT
1756,KLAS,KBUR
1757,KBIE,KLNK
1758,KRDU,KMCO
1759,YSBK,YBBN
1760,RJBB,PANC
1761,KATL,KMCO
1762,SBBR,SSJC
1763,NZHN,NZWN
1764,KMIA,KJFK
1765,KAPC,KLVK
1766,KMCI,KMSP
1767,KMDW,KMCO
1768,KFLL,KBUF
1769,KORD,EBBR
1770,KTEB,KAGC
1771,VIDP,OTHH
1772,KCLT,KIAD
1773,KSLC,KLAX
1774,KATL,KMSN
1775,KCNO,KSNA
1776,KDTW,KBNA
1777,KSTL,KSLC
1778,KJFK,KSFO
1779,KMIA,KATL
1780,RCTP,YSSY
1781,KFAT,KDFW
1782,KSNA,KEMT
1783,KLAS,KHOU
1784,KE16,KRHV
1785,KMCI,KPHX
1786,KIAD,KBKL
1787,YSSY,YMHB
1788,KSTS,KO60
1789,KBOI,KOAK
1790,KSTL,KBNA
1791,KATL,KTYS
1792,KCLT,KLGA
1793,CYVR,CYYJ
1794,KBWI,KLAS
1795,YMMB,YSBK
1796,KDEN,KSDF
1797,KCCB,KPOC
1798,MA55,KBOS
1799,KMIA,LSZH
1800,KPHX,KONT
1801,KATL,KMIA
1802,KLAS,KCMH
1803,RJFF,RJTT
1804,KAUS,KDFW
1805,CYYC,CYYZ
1806,KFLL,KSEA
1807,KSMF,KSEA
1808,EDDP,LFPG
1809,KMIA,KLAS
1810,KOKB,CA84
1811,NZAA,NZPM
1812,KPHX,KMSP
1813,KIAD,KTYS
1814,YPMQ,YSSY
1815,KIAD,KSYR
1816,KSNA,KSLC
1817,KRDU,KATL
1818,KDEN,KMSP
1819,KMDW,KSTL
1820,KORD,KLAX
1821,YMMB,YMPC
1822,KIAH,KSAN
1823,KSBP,KONT
1824,VABB,VOMM
1825,KOAK,KDAL
1826,KMKE,KBNA
1827,KBLI,KSEA
1828,KBUR,KSLC
1829,KMCI,KDFW
1830,KLVK,KMHR
1831,SBBR,SBKP
1832,KDFW,OTHH
1833,KDAL,KSEA
1834,KATL,KPHL
1835,KPHX,KMCO
1836,YSSY,KLAX
1837,NZCH,YBCG
1838,YTDN,YMMB
1839,CYWG,CYXE
1840,ID35,KMAN
1841,KSEA,KMSP
1842,YPAD,WSSS
1843,KHSV,KDFW
1844,KMDW,KDTW
1845,YMML,YSSY
1846,KATL,KCMH
1847,KMIA,EGLL
1848,YARM,YSSY
1849,KPDX,KLAX
1850,KBOI,KPHX
1851,KDEN,KFLL
1852,KDEN,KPHX
1853,KLGA,KATL
1854,KOAK,KSLC
1855,KPIT,KATL
1856,KSJC,KPHX
1857,KFAT,KPDX
1858,OMDB,VIDP
1859,KATL,KOKC
1860,KPHX,KAUS
1861,KLAS,KSEA
1862,KMSP,KSAN
1863,CYVR,CYYC
1864,KATL,KFLL
1865,KDFW,KSGF
1866,KIAH,KVPS
1867,KAND,SC32
1868,KPVD,KCLT
1869,KMIA,KDFW
1870,KPHX,KNYL
1871,KAPA,KSDL
1872,YSSY,YBBN
1873,KCTZ,KRDU
1874,KMCI,KDEN
1875,KDEN,KMKE
1876,YSSY,YSCB
1877,KFAT,KSLC
1878,YMML,YSSY
1879,KAUS,KSFO
1880,KPHX,KFLL
1881,KLAS,KBWI
1882,KMIA,KBOS
1883,KBOS,KDTW
1884,KBUF,6NK4
1885,KSNA,KSLC
1886,KBWI,KBNA
1887,KATL,KDEN
1888,KORD,KCWA
1889,KSTL,KATL
1890,KJFK,KCLT
1891,KATL,KMCO
1892,KPHX,KATL
1893,KEWR,KSAN
1894,KMIA,KDTW
1895,RJFF,RJOO
1896,RJTT,RCSS
1897,YSSY,YMML
1898,EDDK,LTFJ
1899,RJOA,RJTT
1900,KSAT,KSEA
1901,KSAC,KAPC
1902,KSEA,KSFO
1903,KNYL,KPHX
1904,KDEN,KOKC
1905,KPSP,KSLC
1906,KTUS,KLAX
1907,KCVG,KLAS
1908,PANC,KORD
1909,RCTP,YSSY
1910,KSDF,KPHL
1911,KDAL,KLAS
1912,KMDW,KSDF
1913,KTEB,KTYS
1914,KSNA,KOAK
1915,KDCA,KBOS
1916,KLAX,KSFO
1917,KMSP,KSFO
1918,KSTL,MU65
1919,KDTW,KDFW
1920,NZCH,NZAA
1921,KPVD,KDCA
1922,KNYL,KPHX
1923,KBOI,KLAS
1924,SBSP,SBRJ
1925,KPDX,KLAX
1926,CYOW,CYHM
1927,KCLT,KBOS
1928,KLAS,KPHX
1929,KATL,KVPS
1930,KABQ,KDAL
1931,KCHO,KCLT
1932,KRDU,KMSP
1933,RCTP,VHHH
1934,KIAD,KFLL
1935,YPPF,YLYK
1936,KEWR,KORD
1937,RJOO,RJTT
1938,KSEA,KGEG
1939,KATL,VT26
1940,YMEN,YBLT
1941,SBBR,SBGR
1942,KPHX,KCMH
1943,PANC,KSEA
1944,RJTT,RJOS
1945,KRHV,KE16
1946,KDAL,KSEA
1947,KVIS,KOAK
1948,KAUH,KOMA
1949,KMIA,KSTL
1950,KBNA,KMCO
1951,YSSY,YMML
1952,KOKC,KATL
1953,RJBB,RJFF
1954,KIAD,KPHL
1955,KATL,KDAL
1956,CYUL,LFPG
1957,KDEN,KSEA
1958,KECP,KATL
1959,KFLL,KPHL
1960,KDEN,KSNA
1961,KJFK,KDTW
1962,KMSP,KOMA
1963,YPAD,YSSY
1964,KSEA,KSJC
1965,KIND,KATL
1966,KSNA,KCRQ
1967,KBOS,KLAX
1968,KATL,KMKE
1969,KLAS,KLGB
1970,KDEN,KHSV
1971,KMIA,KSFO
1972,KLGA,KBOS
1973,RJOA,RJTT
1974,KORD,KSEA
1975,KDAL,KATL
1976,KDCA,KRDU
1977,EBBR,EDDP
1978,CYTZ,CYUL
1979,KCVG,KMDW
1980,KPHX,KLAS
1981,KBOS,KRDU
1982,KSLC,KOAK
1983,KIAD,KDFW
1984,KDEN,KMCI
1985,KLAS,KDFW
1986,CYUL,EDDF
1987,RJFF,RJTT
1988,KLAX,KPHX
1989,KATL,KSFO
1990,KMDW,KPHX
1991,KDFW,KPHX
1992,KPHX,KABQ
1993,KMIA,KFLL
1994,YPPH,YSSY
1995,KBLI,KBVS
1996,KAUH,KOMA
1997,ULMM,UUWW
1998,EDDK,EGNX
1999,KORD,KATW
2000,50NE,KOMA
2001,YSSY,YBMC
2002,KBUR,KLAS
2003,YSSY,YSCH
2004,KRDU,KMSP
2005,YBBN,YSSY
2006,KATL,KSTL
2007,KSJC,KSLC
2008,KRHV,KHWD
2009,KDFW,KDTW
2010,KSMF,KSAN
2011,KDAL,KMDW
2012,KMIA,KLAX
2013,KCWA,KMKE
2014,KLAS,KLAX
2015,KCLT,KSRQ
2016,YSSY,NZWN
2017,KDEN,KSFO
2018,KLZU,KPNS
2019,KSJC,KSAN
2020,CYUL,LFPG
2021,KCVG,KDCA
2022,KORF,KBNA
2023,KRDU,KJFK
2024,KDEN,KRDU
2025,KBNA,KATL
2026,KSFO,KSLC
2027,KSAN,KSEA
2028,KBOS,KMDT
2029,KPSP,KPHX
2030,KLAX,KSJC
2031,EGNX,EDDK
2032,KORD,KDTW
2033,KDCA,KBOS
2034,KCRQ,KFUL
2035,KMDW,KRDU
2036,KLAS,KSAN
2037,YMEN,YBSS
2038,KCLT,KDAY
2039,WN51,KBVS
2040,KPHX,KDAL
2041,KIAH,KABQ
2042,KMCO,KMIA
2043,KATL,KMDW
2044,VOBL,VEPI
2045,KLAX,KORD
2046,YBBN,NZAA
2047,KFLL,KLAS
2048,KDEN,KFLL
2049,YSSY,YBBN
2050,KLAS,KSLC
2051,KLGA,KDFW
2052,KCLM,KPWT
2053,KIND,KDEN
2054,RCTP,WSSS
2055,OTHH,EHAM
2056,KSFO,KSDL
2057,SBRJ,SBSP
2058,KBLI,KSEA
2059,KMDW,KCMH
2060,KCLT,KLAX
2061,KJFK,KSFO
2062,KPHL,KMCO
2063,KLGB,KL70
2064,KSEA,KPHX
2065,KHSV,KATL
2066,YMMB,YLED
2067,KMIA,KBOS
2068,KLGA,KCLT
2069,KCMH,KATL
2070,KIAD,KPHL
2071,KCLT,KSRQ
2072,VIDP,VECC
2073,NZNV,NZCH
2074,CL46,KSNA
2075,KPHX,KTUS
2076,KIAH,KIAD
2077,KDFW,KEWR
2078,KBNA,KLAS
2079,CYQG,CYHM
2080,KSMX,KPRB
2081,YMUL,YPJT
2082,KATL,OTHH
2083,KMIA,KPHL
2084,SBRJ,SBBR
2085,CYWG,KMSP
2086,KDFW,KSBA
2087,KLAS,KFAT
2088,KSDL,KAPA
2089,VIDP,VABB
2090,RJTT,RJOO
2091,KORD,KSFO
2092,KLAX,KJFK
2093,KFAT,KLAX
2094,KBOS,KMSP
2095,WSSS,RJAA
2096,KSKA,KSEA
2097,KLAS,KVNY
2098,KMSP,KPHX
2099,KMIA,KMSP
2100,KMDT,6PA3
2101,KAUS,KMDW
2102,KSEA,OMDB
2103,KORD,KSTL
2104,KBNA,KLAX
2105,KSMF,KSEA
2106,YMML,YSCB
2107,KHPN,KSWF
2108,KATL,EHAM
2109,KPAO,KO61
2110,KBUR,KLAS
2111,KDEN,KOAK
2112,KABE,KCLT
2113,KFCM,KCFE
2114,KATL,KPHX
2115,KDEN,EDDF
2116,NZAA,YBCG
2117,RJTT,RJFF
2118,VOBL,VIDP
2119,KORD,KSAN
2120,KCVG,CYHM
2121,KF70,KCRQ
2122,KLAS,KORD
2123,XA65,KT31
2124,KDFW,KORD
2125,KLAX,KSEA
2126,KMSP,KLAS
2127,MGGT,KGKY
2128,KDCA,KMIA
2129,KSNA,KSJC
2130,KBOS,KDFW
2131,KPDX,KONT
2132,KDAL,KMCI
2133,KORD,KMSP
2134,KLAS,KDAL
2135,UUEE,EDDF
2136,KBNA,KSLC
2137,KPWK,KMDW
2138,KABQ,KPHX
2139,KLAX,KOAK
2140,YBBN,YPAD
2141,EGSS,EGAA
2142,KPHL,KRDU
2143,PANC,KSEA
2144,KPHX,KSAT
2145,YSCB,YSSY
2146,KATL,KDCA
2147,KDFW,KLAX
2148,KBOS,EGLL
2149,KDEN,KTUL
2150,KBNA,KORD
2151,KIAD,KSEA
2152,WS78,KMSP
2153,KSFO,KLAX
2154,KLAX,RJTT
2155,KCLT,KORF
2156,EDDK,LFPG
2157,KSAT,KDEN
2158,EIDW,EGNX
2159,KIAH,KSNA
2160,KLNS,KGAI
2161,KMIA,KLGA
2162,VHHH,RPLL
2163,OTHH,UUDD
2164,KSEA,KBOS
2165,KDEN,KMSN
2166,KATL,KSLC
2167,KLGB,KLAS
2168,6MO6,KSUS
2169,KEWR,KBKL
2170,KORD,KCMH
2171,KPDX,KSLC
2172,KIAD,KHSV
2173,KMIA,KATL
2174,KMCI,KMDW
2175,KPWT,61WA
2176,KORD,KBUF
2177,KPSP,KOAK
2178,PANC,RCTP
2179,KBUR,KSEA
2180,KPHX,KLAX
2181,EDDP,EGNX
2182,KDFW,KSFO
2183,KBOS,KMIA
2184,KJFK,LFPG
2185,KLAS,KBUR
2186,KATL,KBWI
2187,KBWI,KFLL
2188,KORD,KATL
2189,KATL,CYUL
2190,KTPA,KBOS
2191,KCMH,KDTW
2192,KFLL,KDFW
2193,RCTP,PANC
2194,VOMM,VIDP
2195,KMIA,KSEA
2196,EGNX,EDDK
2197,KPHL,KDAY
2198,KSEA,KLAX
2199,KSMF,KSLC
2200,KIAD,EBBR
2201,KPHX,KTUL
2202,EGSS,EGPH
2203,KPHL,EDDF
2204,YMMB,YPKL
2205,YSWG,YSSY
2206,KATL,KMIA
2207,KBWI,KCLT
2208,KSMO,CL46
2209,KPHX,KSEA
2210,KORD,KSEA
2211,KROC,KBWI
2212,KPHL,KBNA
2213,KDEN,KEWR
2214,KLAX,KBWI
2215,PANC,KSDF
2216,RJFF,RJTT
2217,YSBK,YSCB
2218,KBOS,KBNA
2219,KPDX,KSEA
2220,KEWR,EDDF
2221,KBNA,KMDW
2222,KSGF,KDFW
2223,PAEN,PANC
2224,KATL,KEWR
2225,KDEN,KDTW
2226,KAUS,KSFO
2227,RCTP,RJFF
2228,CYCD,CAP3
2229,KLAS,KSDF
2230,KRDU,KBNA
2231,YMEN,YBSS
2232,RJOO,RJOM
2233,RJTT,RJOA
2234,KIAH,KSEA
2235,KJFK,KSFO
2236,KORD,KOKC
2237,KPDX,KSFO
2238,KORD,KLAX
2239,KCLT,KDCA
2240,KSMX,KPRB
2241,LIRF,LIPE
2242,KPHX,KSEA
2243,NE12,KOMA
2244,KSDF,CYYZ
2245,K61B,KLAS
2246,KDEN,KSAT
2247,KFAT,KOAK
2248,KSBD,KTOA
2249,KSNA,KLAS
2250,KFLL,KATL
2251,KLAS,KDFW
2252,KORD,KBNA
2253,KIGX,KSOP
2254,KPHX,KOKC
2255,KONT,KOAK
2256,KJFK,KBNA
2257,KMIA,KBNA
2258,KOPF,KPDK
2259,KDFW,KLAS
2260,KIAH,KSAT
2261,KDEN,KCMH
2262,KPHX,KSLC
2263,EGNX,EGPH
2264,KATL,KOMA
2265,KLAX,KSFO
2266,YTDN,YMMB
2267,KMSP,KTYS
2268,KDEN,KDFW
2269,KYIP,KMKE
2270,KBUR,KLAS
2271,KMCO,KMIA
2272,VHHH,PANC
2273,KBVS,KBLI
2274,KORD,KLAS
2275,KDEN,KSTL
2276,KFLL,KBWI
2277,KEWR,KLAX
2278,KBJC,KLMO
2279,VECC,VIDP
2280,KBWI,KSTL
2281,KSEA,KGEG
2282,KLAX,KLAS
2283,YSTW,YSSY
2284,KMKE,KSTL
2285,VAJJ,VOMM
2286,KONT,KSEA
2287,KAVP,KCLT
2288,KMIA,KJFK
2289,KSDF,KDFW
2290,KO69,KOAK
2291,KSMF,KLAX
2292,KSJC,KSEA
2293,KPDX,KMCC
2294,KATL,KGRB
2295,UAII,UAAA
2296,KIWA,KLGB
2297,KMCI,KLAS
2298,KSTL,KMDW
2299,KMIA,KBOS
2300,EDDP,EGNX
2301,KSAN,KHWD
2302,KFLL,KBOS
2303,KCWA,KMKE
2304,KLAX,KBOI
2305,KNYL,KPHX
2306,VABB,VOBL
2307,KSEA,KBOI
2308,KLAS,KCOS
2309,KJFK,EHAM
2310,KIAH,KLAS
2311,KPHX,KBNA
2312,KLGB,KEMT
2313,KPDX,KPHX
2314,KRDU,KCLT
2315,KDFW,KMIA
2316,KPHX,KMSN
2317,KDEN,KBNA
2318,KBUR,KPHX
2319,38NE,KOMA
2320,KMIA,SBGR
2321,PANC,KONT
2322,KAUS,KLAX
2323,KLAX,CL36
2324,KOPF,KMIA
2325,RJTT,RJOA
2326,YMML,YSSY
2327,KABQ,KPDX
2328,OMDW,RCTP
2329,YSSY,YSCB
2330,KJFK,KMIA
2331,KLAS,KSFO
2332,KSFO,KSEA
2333,KEWR,KMIA
2334,KATL,KEWR
2335,KBWI,KMIA
2336,KBOS,KDCA
2337,YMML,YBMC
2338,SBGR,SSJC
2339,KCPM,KPOC
2340,KIAH,KPNS
2341,KE16,KRHV
2342,GOBD,GMMN
2343,KSNA,KMSP
2344,KORD,KSLC
2345,KSJC,KAPC
2346,KDEN,KSEA
2347,KFLL,KDAL
2348,KLAX,EDDM
2349,KDFW,KATL
2350,3OR8,KPDX
2351,KDAL,KABQ
2352,KBOS,KBNA
2353,KSAN,KPHX
2354,KDEN,KTPA
2355,KCRQ,KUDD
2356,KVNY,KHWD
2357,KDFW,KVPS
2358,KLAS,KLAX
2359,KAPC,KOAK
2360,KORD,KATL
2361,KATL,KABQ
2362,GMMN,LIMC
2363,KDEN,KATW
2364,KAUS,KLAX
2365,KORD,KPDX
2366,KDFW,KDTW
2367,YSSY,YBCG
2368,KMSP,KPHL
2369,KSAN,KDFW
2370,CA66,KPAO
2371,KSFO,KLAS
2372,KSTL,KATL
2373,VABB,VIDP
2374,EDDP,EKCH
2375,KPHL,EHAM
2376,KPVU,UT99
2377,KMDW,KATL
2378,KJFK,KFLL
2379,KSMF,KSEA
2380,KDEN,KLGA
2381,KPHL,KORD
2382,K1O2,KMHR
2383,KDFW,KORD
2384,KATL,KPHX
2385,KCLT,KJFK
2386,KEWR,KSEA
2387,VIDP,VOBL
2388,KCLT,KATL
2389,CYHM,KJFK
2390,WSSS,NZAA
2391,KSBA,KDFW
2392,KTYR,KDFW
2393,RJOO,RJTT
2394,YSSY,KSFO
2395,KLAS,KFLL
2396,KAFW,KSEA
2397,KSMF,KSNA
2398,KSEA,35OR
2399,KBJC,KLMO
2400,KORD,KJFK
2401,KBFI,WA09
2402,YPMQ,YSSY
2403,KSFO,KLAX
2404,KOAK,KLAS
2405,KJFK,KLAX
2406,KSBA,KVNY
2407,KBNA,KMKC
2408,KFHU,KPHX
2409,VHHH,WSSS
2410,KLGB,KPHX
2411,KLAS,KMDW
2412,YMMB,YOLA
2413,RJTT,RJAA
2414,YSCB,YSSY
2415,KERV,KEDC
2416,KDEN,KMCO
2417,KDFW,EGLL
2418,VABB,VIDP
2419,LIMC,EGSS
2420,KCLT,KLGA
2421,KCMH,KCLT
2422,KMKC,KGPH
2423,KLAS,KSEA
2424,KFLL,KPHX
2425,KSMF,KLGB
2426,YBBN,YMHB
2427,SPST,SPJC
2428,KDEN,KSLC
2429,YCBG,YMML
2430,KSBP,KBUR
2431,RCTP,VHHH
2432,KORD,KMCO
2433,KPDX,KSEA
2434,KORD,KABQ
2435,VIDP,VAPO
2436,KDEN,KORD
2437,RJTT,RJOM
2438,KTYS,KDFW
2439,KBOS,KORD
2440,KOAK,KSEA
2441,KPHX,KPDX
2442,KRDU,KMCO
2443,VABB,EGLL
2444,KPSP,KSFO
2445,9OK3,KRVS
2446,KIAD,KPHL
2447,CYVR,KSEA
2448,KLAS,KVNY
2449,KDAL,KATL
2450,KMSP,KGRB
2451,KIAH,KMKE
2452,KCMH,KDEN
2453,KSNA,KPHX
2454,KDTW,KCLT
2455,KSTL,KFLL
2456,BIKF,EDDF
2457,KDFW,CYYC
2458,KBOS,KIAD
2459,KPHL,KFLL
2460,KMSP,KMKE
2461,KPHX,KSTL
2462,RJTT,RJOO
2463,KO69,KOAK
2464,KORD,KSNA
2465,KPHL,EGLL
2466,KAUS,KDTW
2467,KMIA,KSTL
2468,KATL,KORD
2469,KPHL,KSDF
2470,KLAX,KLAS
2471,KSMF,KBUR
2472,KDEN,KATL
2473,KSKA,KSEA
2474,PANC,RJAA
2475,KPHX,KMKE
2476,EGNX,EGAA
2477,KDFW,KDEN
2478,UNEE,UUDD
2479,KPHL,KPHX
2480,KSNA,KOAK
2481,KPDX,CL36
2482,LFPG,EGNX
2483,KORD,73MU
2484,KDCA,KSDF
2485,KJFK,EGLL
2486,KDFW,KMSN
2487,KAUS,KATL
2488,KDTW,KTYS
2489,KEWR,KPDX
2490,KLAX,KDFW
2491,KPHL,KSFO
2492,KORD,KSNA
2493,KLAS,KSAT
2494,KSAN,KOAK
2495,KDEN,KOMA
2496,KIAD,VT26
2497,SPJC,LEMD
2498,ULLI,UUEE
2499,KOFK,KOMA
2500,KLAX,KOKC
2501,CYYZ,CYYC
2502,KLGA,KSTL
2503,KDFW,KSBP
2504,YMMB,YWON
2505,KORD,KPHX
2506,KDEN,KCOS
2507,KSTS,KOAK
2508,KMIA,KDTW
2509,KDEN,KBWI
2510,KLAS,KSNA
2511,KIAH,KPHX
2512,KATL,KCMH
2513,KDFW,KTYS
2514,KO69,KOAK
2515,48CN,KMAE
2516,50NE,KOMA
2517,KBUR,KPHX
2518,KEWR,EIDW
2519,TS11,KADS
2520,KSBP,KSAN
2521,KDCA,KRDU
2522,KBWI,KSRQ
2523,KCVG,KPHL
2524,KDEN,KBWI
2525,EGNX,EKCH
2526,KSTS,CL36
2527,CYYZ,EGLL
2528,KRDU,KBOS
2529,KSJC,KPDX
2530,KATL,KDCA
2531,KE16,KRHV
2532,KPHX,KDFW
2533,KDTW,KFLL
2534,RJTT,RJFF
2535,KSDM,KSNA
2536,KIAH,KSFO
2537,VIDP,VABB
2538,KMCI,KDAL
2539,EDDN,EBLG
2540,WSSS,VHHH
2541,EDDK,LTFJ
2542,KCLT,KRDU
2543,KBOS,KCMH
2544,KDEN,KIAD
2545,KMSN,KORD
2546,EDDK,EGNX
2547,KUAO,KKLS
2548,KBWI,KATL
2549,KSMF,KPHX
2550,KONT,KPHX
2551,KGPI,KSEA
2552,KNYL,KTUS
2553,KSAN,KBWI
2554,KSJC,KLAX
2555,VOMM,VIDP
2556,KEWR,KMCO
2557,KIAH,KLAX
2558,GOBD,LFPG
2559,KFLL,KDCA
2560,KTUL,KDEN
2561,CYVR,CYCD
2562,KPWK,KOSU
2563,KATL,KORD
2564,KMDW,KBUF
2565,KBNA,KPHL
2566,KJFK,KMIA
2567,RJTT,VHHH
2568,KSMF,KSFO
2569,KDFW,KONT
2570,KSFO,KMSP
2571,KIAH,KLAX
2572,KRDU,KMCO
2573,KPDX,KLAX
2574,KPHX,KORD
2575,KPHL,KCLT
2576,KBOS,KMCO
2577,KORD,KLAX
2578,EDDK,EKCH
2579,KLAS,KSNA
2580,KSDF,9IL6
2581,KCMH,KLAX
2582,KVNY,KBUR
2583,KSEA,KBNA
2584,OTHH,ELLX
2585,KORD,KIAD
2586,KSJC,KSAN
2587,KIAD,KDTW
2588,KORD,KOKC
2589,YMMB,YTDN
2590,KMIA,KSAT
2591,KLAX,KPHX
2592,VIDP,VECC
2593,KDEN,KORF
2594,KDTW,KPIT
2595,CYYC,CYYZ
2596,KORF,KCLT
2597,KPAO,CL77
2598,KAPA,KTEB
2599,TJSJ,KSDF
2600,EDDV,EBLG
2601,KSEA,KSJC
2602,YSSY,YPAD
2603,KCOE,KMAN
2604,KSMX,KBUR
2605,KJFK,GMMN
2606,KPHX,KSLC
2607,YSSY,NZAA
2608,KIAH,KDEN
2609,EDDK,LIME
2610,CYYZ,CYXE
2611,KDCA,KSTL
2612,KOAK,KDAL
2613,KATL,KPHL
2614,KPHL,KTYS
2615,KDFW,KPDX
2616,KBOS,8KY6
2617,KBWI,KLAX
2618,KPHL,KSTL
2619,KTEB,KSRQ
2620,KMIA,KIAD
2621,VECC,VIDP
2622,K1G4,K61B
2623,KSNA,KPHX
2624,NZGB,NZAA
2625,KSJC,KSNA
2626,K9A1,KPDK
2627,KLAS,KBNA
2628,K1L3,KLAS
2629,KCRQ,KF70
2630,KEWR,KPVD
2631,KMDW,KSDF
2632,VIDP,VOMM
2633,CYYZ,CYVR
2634,LFPG,LIMC
2635,KSEA,KPSP
2636,KBNA,KLAS
2637,KCLT,KMDT
2638,KMIA,KORD
2639,KIAD,KCLT
2640,KBOS,BIKF
2641,EGSS,EBLG
2642,KCPS,7IS2
2643,KPDX,KSFO
2644,KLAS,KBWI
2645,KCRQ,KSMO
2646,KORF,KDFW
2647,KATL,KLGA
2648,KMIA,KLAS
2649,KPNS,KATL
2650,KDTW,KSDF
2651,KORD,KPIT
2652,KBLI,KBFI
2653,KAUS,KSJC
2654,KCLT,CYYZ
2655,SPJC,EHAM
2656,KDFW,KATL
2657,KJFK,KMCO
2658,WN51,KBVS
2659,KSBA,KPHX
2660,KLGA,8KY6
2661,EDDP,LFPG
2662,YSCH,YSSY
2663,ID63,KEUL
2664,KSQL,KTRK
2665,EPKT,EDDP
2666,KDEN,KTYS
2667,KORD,KSGF
2668,KIAD,KCLT
2669,KPHX,KORD
2670,KVNY,KCNO
2671,KDTW,KSAT
2672,KDFW,KDAY
2673,KORD,KSTL
2674,KPHL,KATL
2675,YMEN,YBSS
2676,KHOU,KDFW
2677,KLAS,KVNY
2678,KMSP,KMCI
2679,KCLT,KROC
2680,KPWK,KMDW
2681,KGRB,KMKE
2682,KVNY,KBUR
2683,KIWA,KBLI
2684,KORD,KOMA
2685,KJFK,KORD
2686,KBKF,KFNL
2687,KMIA,KORD
2688,KFNL,KBJC
2689,KDTW,K8C4
2690,KDCA,KLAX
2691,KIAH,KSLC
2692,RJTT,RPLL
2693,LIEE,LIRF
2694,KF70,KFUL
2695,KPHX,KMSP
2696,KATL,KJFK
2697,KMSN,KDTW
2698,EDDP,LHBP
2699,VIDP,VIDN
2700,KDEN,KIAD
2701,CYVR,CYYJ
2702,KFLL,KLAX
2703,K61B,K1G4
2704,KBNA,KATL
2705,KLAS,KSLC
2706,KIAD,11NY
2707,KMSN,KPWK
2708,KPHL,KMCO
2709,KDEN,KFLL
2710,RJTT,RJOS
2711,KSTL,KMSP
2712,YSSY,YPPH
2713,SBGR,SBVT
2714,KMSP,KMCO
2715,EDDK,KEWR
2716,CYVR,KSDF
2717,KCLT,KBOS
2718,EDDP,EDDK
2719,KORD,KSAT
2720,KDFW,KJFK
2721,KLAX,KMSP
2722,VIDP,VIDN
2723,YNAR,YSSY
2724,KSNA,KPHX
2725,KBLI,KSEA
2726,KATL,KBNA
2727,KSMO,KVNY
2728,EGNX,EDDK
2729,KMIA,SBGR
2730,WSSS,EGLL
2731,KORD,KPDX
2732,VOBL,OTHH
2733,NZNV,NZAA
2734,SBGR,SSJC
2735,KPHX,KLAX
2736,KOMA,KPHX
2737,KMSP,KCMH
2738,KLUK,KMDW
2739,KPDX,KBFI
2740,KORD,KMCI
2741,KMGY,KIAD
2742,RJTT,RJFF
2743,KJFK,KMIA
2744,KSTL,KMCO
2745,KATL,KDFW
2746,SBGL,EHAM
2747,KCMH,KMDW
2748,KDTW,KORD
2749,KPHL,KDTW
2750,CYVR,CYYC
2751,KOAK,KBUR
2752,KMSP,KIAD
2753,KCLT,KDFW
2754,KBNA,KSTL
2755,KMIA,EGLL
2756,KECP,KPNS
2757,RPLL,RJBB
2758,KAUS,KBOS
2759,KSJC,KSEA
2760,KPHL,KBOS
2761,UNEE,UUWW
2762,KMKE,KMSP
2763,KJFK,KMSP
2764,SKBO,KMIA
2765,KLAS,KPHX
2766,KDAL,KSFO
2767,CYYZ,CYUL
2768,KPHX,KBWI
2769,KDFW,60IN
2770,KORD,KDFW
2771,KS67,KMAN
2772,KLAX,KAUS
2773,EGNX,EDDP
2774,KSBA,KBUR
2775,KCLT,KPHL
2776,KLAS,KOAK
2777,KORD,KLAS
2778,KBNA,KLAX
2779,KDEN,KPHX
2780,KSEA,KTUS
2781,KATW,KMSN
2782,KIAH,KLAS
2783,KMYF,KTOA
2784,WSSS,YBBN
2785,KSQL,KHHR
2786,KRDU,KBNA
2787,KSYR,KBOS
2788,KORD,KDCA
2789,KDAL,KBUR
2790,VOBL,VABB
2791,KMIA,KRDU
2792,KVNY,KSDL
2793,KSNA,KLAS
2794,KPAN,KPHX
2795,EDDK,ESMS
2796,KDTW,07PN
2797,KORD,KDTW
2798,KPHL,KSDF
2799,KBOI,KU70
2800,RJOO,RJTT
2801,RJAA,RJFF
2802,UNEE,UUEE
2803,NZCH,NZWN
2804,YPPH,YBBN
2805,KPVU,KIWA
2806,KPAE,KSJC
2807,KLGB,KEMT
2808,KIAH,KSFO
2809,KLAX,KSEA
2810,KORD,KSFO
2811,KCLT,KMCO
2812,KUDD,KWHP
2813,1WA9,KRNT
2814,KLAS,KPHX
2815,KDFW,KORF
2816,YSSY,YBBN
2817,EDDP,LIMC
2818,KORD,KATW
2819,KFAT,KLAS
2820,KMCO,KMIA
2821,KECP,KHOU
2822,KLAS,KMKE
2823,RCTP,RJAA
2824,KOMA,KLAX
2825,YCVG,YPPF
2826,KJFK,LFPG
2827,KCLT,KBWI
2828,KFLL,KMCI
2829,KMSP,KLGA
2830,EDDP,EDDK
2831,LIMC,LIEE
2832,YBBN,VHHH
2833,PAEN,PANC
2834,KBUR,KPHX
2835,YBBN,YMML
2836,KLAS,KPHX
2837,CYYZ,CYOW
2838,KSNA,KCRQ
2839,KDTW,KSFO
2840,KLGA,KFLL
2841,CYYC,CYVR
2842,KORD,KCWA
2843,KSTL,3KY4
2844,KPHX,KDTW
2845,KSMO,KSNA
2846,KCLT,KORD
2847,61WA,KBFI
2848,GOBD,LPPT
2849,KOXR,KONT
2850,KBOS,KORD
2851,KORD,KMCO
2852,KIAD,BIKF
2853,KSEA,KBOI
2854,KPDX,KMSP
2855,SPJC,SKBO
2856,RCTP,PANC
2857,KDFW,KATL
2858,KMOD,KMHR
2859,KJFK,KBUR
2860,KDTW,KROC
2861,KRHV,KFCH
2862,KIAH,KDFW
2863,KSEA,KONT
2864,KLAS,KSFO
2865,TJSJ,KEWR
2866,EBBR,EGNX
2867,EGNX,LIMC
2868,KLAX,KDAL
2869,KAUS,KLAS
2870,KCLT,NC48
2871,KATL,KSLC
2872,KORD,KEWR
2873,KSBA,KSQL
2874,KMIA,KORD
2875,KEWR,KMCO
2876,KMCI,KDEN
2877,YBBN,YSCB
2878,KMSP,LFPG
2879,KORD,KTUL
2880,CYYZ,EDDF
2881,RCTP,RJBB
2882,KDFW,KLAX
2883,KLAS,KMDW
2884,KPIT,KFLL
2885,KOAK,KPHX
2886,KDEN,KLAX
2887,KPHX,KHOU
2888,KLGA,KBOS
2889,KVNY,KDAL
2890,KORD,BIKF
2891,KRDU,KSDF
2892,CYXX,CZBB
2893,KPDX,KSEA
2894,NZMS,NZWN
2895,KAUS,KSLC
2896,KSEA,KSTL
2897,KMIA,KBWI
2898,UAAA,VHHH
2899,OTHH,LTFJ
2900,KLAX,KSFO
2901,KPHX,KSNA
2902,KFUL,KCRQ
2903,NZCH,NZNV
2904,KMKC,KAPA
2905,KOAK,KLAX
2906,KATL,KPLR
2907,KDFW,KDTW
2908,CYYZ,CNV9
2909,KMSP,KRDU
2910,KCLT,KSAN
2911,KCLT,KPHL
2912,NZWN,NZHN
2913,KPHL,KALB
2914,KMCI,KLGA
2915,KSNA,KMSP
2916,KHOU,KMKE
2917,SBGR,KJFK
2918,KMIA,KBKL
2919,RJTT,RJFF
2920,KORD,KFTT
2921,KHWD,KRHV
2922,RCTP,RJAA
2923,KSAN,KSJC
2924,YCAB,YWSG
2925,OMDB,OBBI
2926,NZCH,NZHN
2927,VHHH,EBLG
2928,KSMO,KCMA
2929,EGSS,LFPG
2930,KMKE,KMCO
2931,KCVG,KATL
2932,KOLS,KPHX
2933,KLAS,KSNA
2934,KORD,KDCA
2935,KATL,KBUF
2936,KORD,KFAT
2937,KSAN,KPHX
2938,KMIA,KORF
2939,KDEN,KTPA
2940,OMDB,KORD
2941,CYYZ,CHD4
2942,KBUR,KLAS
2943,KJFK,KSFO
2944,RJTT,RJOO
2945,KDTW,KLAX
2946,RCTP,YBBN
2947,KMSP,KBNA
2948,YSSY,YBBN
2949,KPHL,KBKL
2950,KLAX,KSJC
2951,KSEA,KBNA
2952,YBBN,YSSY
2953,KMIA,KSDF
2954,KIAD,OTHH
2955,KSEE,CA75
2956,KPHL,KMCI
2957,KDCA,KJFK
2958,KSFO,KVNY
2959,RJFF,RJTT
2960,KATL,KLAX
2961,KORD,KATL
2962,KFLL,KORD
2963,KSEA,KSFO
2964,KPHX,KABQ
2965,KC83,KOAK
2966,KDEN,KLGA
2967,RCTP,WMKK
2968,KDFW,KMSP
2969,KLAX,KDAL
2970,KMIA,KJFK
2971,KBWI,KMDW
2972,KHSV,KDCA
2973,KMKE,KPHL
2974,KDFW,KLAX
2975,KCLT,KPLR
2976,KORD,KDCA
2977,RJAA,RCTP
2978,KSLC,KSDF
2979,KDTW,KMSP
2980,KMSP,KLGA
2981,VOBL,VABB
2982,YWLM,YBBN
2983,KPHL,KLAX
2984,KPWT,KBFI
2985,RPLL,WSSS
2986,KLGA,KBOS
2987,KDEN,KSLC
2988,KBUF,KSYR
2989,KORD,KDAY
2990,KATL,KROC
2991,KSEA,KMSP
2992,RJBB,EHAM
2993,KTTN,KCLT
2994,KDTW,CYYZ
2995,KLAX,KPHX
2996,EDDK,EDDP
2997,KPDX,KSEA
2998,KDFW,KRDU
2999,RJFF,RJTT
3000,SBGR,SBGL
3001,KMRJ,KEFT
3002,IA01,KMLE
3003,KORD,KLAS
3004,KJFK,KABQ
3005,KEUL,ID00
3006,KTUS,KPHX
3007,EBBR,LIMC
3008,KSTS,KSEA
3009,YSBK,YSCN
3010,YSCB,YHAE
3011,KDEN,KPDX
3012,KAUS,KORD
3013,KPHL,KCMH
3014,KLGA,KMCO
3015,SBKP,KMIA
3016,KFLL,KPHL
3017,WBSB,WSSS
3018,YBBN,KLAX
3019,KDFW,KDEN
3020,1OK0,KRVS
3021,KDEN,KEWR
3022,KDTW,KSAN
3023,KDTW,KBWI
3024,KPHX,KIWA
3025,KORD,KDCA
3026,KMSP,KBWI
3027,KMDW,KSTL
3028,KDEN,KOAK
3029,KSEA,KBLI
3030,KALB,KCLT
3031,KLGA,KSTL
3032,KSTL,KBWI
3033,RJTT,RJFF
3034,KDTW,KGRB
3035,KORD,KBNA
3036,KFLL,KRDU
3037,KSFO,KLAX
3038,KDTW,KRDU
3039,KORD,KOMA
3040,KJFK,BIKF
3041,KLAS,KSAN
3042,KDTW,KMCO
3043,KCVG,KCLT
3044,KATL,KDEN
3045,KFAT,KSDF
3046,KSNA,KSEA
3047,KPSP,KSEA
3048,KMSP,KMSN
3049,KDFW,EGLL
3050,KORD,KCOS
3051,YSCB,YSSY
3052,KFLL,KJFK
3053,KDFW,KBUR
3054,KPHL,KSYR
3055,KDEN,KLAS
3056,KLAS,KMSP
3057,KEWR,KCLT
3058,KCRQ,KRNM
3059,KMSP,KDEN
3060,KMIA,KJFK
3061,KBOS,KTEB
3062,KATL,KFLL
3063,KSEA,KLAS
3064,PAEN,PANC
3065,KAUS,KDEN
3066,KAWO,KFHR
3067,KFHR,KBLI
3068,KDTW,KSTL
3069,KAFW,KABE
3070,LGAV,LYBE
3071,KCLT,KABE
3072,KJFK,KDEN
3073,KMDW,KCMH
3074,VHHH,RCTP
3075,KDFW,KDTW
3076,KPHX,KCMH
3077,YPJT,YBUN
3078,KSEA,KDFW
3079,KSAN,KPDX
3080,KDEN,KAUS
3081,KLAS,KMCI
3082,OMDB,OBBI
3083,YSSY,YBCG
3084,KTYR,KDFW
3085,KMCI,KLAS
3086,KMSP,KFLL
3087,KMDW,KALB
3088,KLAX,KLAS
3089,KDTW,KBNA
3090,KJFK,LEMD
3091,KOAK,KSEA
3092,KORD,KMKE
3093,KAUS,KMDW
3094,KSBA,KSMO
3095,KMIA,KMCI
3096,KATL,CYYZ
3097,KDFW,KSTL
3098,KLAX,KDFW
3099,SBKP,SDJN
3100,UWWW,UUWW
3101,KAUW,KRRL
3102,KMSP,KORD
3103,CYYZ,CYOW
3104,KDAL,KMCO
3105,KDTW,KDAY
3106,KSMF,KPDX
3107,KDEN,KPHL
3108,KMCI,KDFW
3109,KBNA,KBWI
3110,CZBB,CBQ2
3111,KPDX,KSAN
3112,VOBL,VEPI
3113,KLAS,KSNA
3114,KOAK,KBUR
3115,KSEA,KPDX
3116,SBGR,SBBR
3117,KDFW,KMCO
3118,KUAO,K7S9
3119,YSCB,YBCG
3120,KSAN,KLAS
3121,KDFW,KCMH
3122,VHHH,RPLL
3123,KSNA,KOAK
3124,KORD,KPHX
3125,KMSP,KMDW
3126,KDTW,KHSV
3127,KMIA,KPHX
3128,KDAL,KLAS
3129,EBBR,EGGW
3130,KDTW,KMSN
3131,KSNA,KLAS
3132,CZBB,CYPK
3133,KAUS,KSEA
3134,KATL,KTYS
3135,KFLL,KDEN
3136,KLAX,KBNA
3137,YSSY,YBCG
3138,KJFK,KSEA
3139,KDEN,KBOS
3140,KMDW,KMCI
3141,SBKP,SBBR
3142,KMKC,KTUL
3143,KDTW,KMCO
3144,KCVG,KLGA
3145,KSEA,PANC
3146,RJTT,VHHH
3147,KPHX,KBUR
3148,KSFO,KAUS
3149,VIDP,VABB
3150,KLAX,KATL
3151,KBNA,KDCA
3152,36AZ,KIWA
3153,KLGB,KOAK
3154,KDFW,KMSN
3155,KJFK,LSZH
3156,KATL,KSEA
3157,EBBR,EKCH
3158,KDTW,KSEA
3159,KSAN,KHOU
3160,YMMB,YMEN
3161,KPHX,PANC
3162,KSAT,KDFW
3163,ULMM,UUDD
3164,YPAD,YSSY
3165,KLAX,LFPG
3166,KMKE,KMSN
3167,KPHX,KLAX
3168,KMIA,SKBO
3169,KSTL,KLGA
3170,KDFW,49FD
3171,KBUF,KBWI
3172,KATL,EGLL
3173,KMSN,KPHL
3174,VIDP,VECC
3175,KDEN,KATL
3176,KGPH,KMKC
3177,KMSP,KJFK
3178,KBNA,KJFK
3179,KORD,KPHL
3180,KSAT,KDAL
3181,KSFO,KLAX
3182,KCLT,KPHX
3183,KJFK,KFLL
3184,KDFW,KBOS
3185,KSAN,KPHX
3186,KDTW,KCMH
3187,KORD,4IL8
3188,CYYZ,CYUL
3189,KORD,KEWR
3190,KMDW,KBWI
3191,EDDP,EGNX
3192,RPLL,RJAA
3193,EBBR,LEMD
3194,KLAX,KBOI
3195,KSTL,KDCA
3196,KDTW,KATW
3197,VECC,VIDP
3198,EDDK,LEMD
3199,KSAT,KPHX
3200,YMML,YBBN
3201,KPHX,KOMA
3202,VABB,VIDP
3203,KDFW,KSFO
3204,WN51,KBLI
3205,KJFK,KLAX
3206,YPEA,YGIG
3207,KTUL,KOKC
3208,KMSP,KBOS
3209,KEWR,KATL
3210,KCLT,KALB
3211,KDTW,KDCA
3212,KBUR,KWHP
3213,KMIA,KATL
3214,CYYZ,CYVR
3215,RJTT,KJFK
3216,KORD,KBWI
3217,KDFW,KLGA
3218,EDDP,EBBR
3219,NZPM,NZAA
3220,KPNS,KDFW
3221,KBWI,KFLL
3222,KFLL,KBNA
3223,KGOK,0OK5
3224,KSAN,KMSP
3225,KORD,KIAD
3226,KBWI,KSDF
3227,VHHH,WSSS
3228,YPEA,YGIG
3229,8CL1,KSEE
3230,KEWR,BIKF
3231,RJFF,RJTT
3232,KSDF,KLAS
3233,KMSP,KSAT
3234,KLAX,KLAS
3235,KORD,KRDU
3236,KSFO,KSAN
3237,KJFK,KMCO
3238,KBOS,EGLL
3239,KCLT,KLAS
3240,KMSP,KDCA
3241,KCLT,KMCO
3242,KLGA,KCLT
3243,KMIA,KATL
3244,CYYJ,CYVR
3245,KSPB,KHIO
3246,KFLL,KJFK
3247,KRDU,KDCA
3248,VOMM,VABB
3249,KBUR,KWHP
3250,KSAN,KDFW
3251,KMDW,KDAL
3252,KMIA,SKBO
3253,KLAX,KDFW
3254,NZAA,NZWR
3255,KSJC,KFAT
3256,EBBR,EGNX
3257,KATL,KSNA
3258,KSAT,KLAS
3259,YPJT,YDVE
3260,KABQ,KPHX
3261,KSEA,KGEG
3262,KMSP,KPHL
3263,KDTW,KDFW
3264,YPEA,YGIG
3265,KCLT,KBKL
3266,KORD,KDEN
3267,KC29,KC47
3268,KIAH,KSAN
3269,KDFW,KLAX
3270,YSWG,YSCB
3271,KDEN,KLAX
3272,KMSP,KMCO
3273,KSEA,KSAT
3274,KORD,KBWI
3275,KMDW,KPVD
3276,KCLT,KPHL
3277,KPHL,KOMA
3278,KSTL,KBOS
3279,KIAD,KMDW
3280,KLAS,KMCO
3281,KDEN,KPDX
3282,KORD,2IL3
3283,KHIO,KFHR
3284,KOLS,KPHX
3285,KMIA,KBNA
3286,VHHH,UAAA
3287,KATL,OI45
3288,EDDK,EGSS
3289,KDFW,KMSP
3290,WSSS,RPLL
3291,KJFK,KMCO
3292,KATL,KMCO
3293,EBLG,EGNX
3294,KSFO,KBOI
3295,KDEN,KPSP
3296,KORD,KBOS
3297,YMMB,YTDN
3298,KSFO,KLAX
3299,KSTL,KPHL
3300,YSSY,YMAY
3301,KPDX,PANC
3302,KIAH,KDFW
3303,RCTP,RPLL
3304,KDAL,KTUL
3305,KORD,KPIT
3306,EDDP,KJFK
3307,KATL,KLAS
3308,KSAN,KORD
3309,KMIA,KJFK
3310,CYOW,CYYC
3311,RJTT,RJFF
3312,KOPF,KLAS
3313,KDFW,KOKC
3314,SBGR,SBVT
3315,EDDK,ESMS
3316,KTOA,KFUL
3317,KMSP,KDTW
3318,KBNA,KATW
3319,KDEN,KSAN
3320,KLAS,KSNA
3321,KCLT,KCMH
3322,KTUS,KLAX
3323,KDEN,KDAL
3324,KOKB,KF70
3325,KSEA,EDDF
3326,KBUR,KLAS
3327,KAUS,KSAN
3328,KSAN,KDAL
3329,KATL,KDTW
3330,EDDK,LFPG
3331,KMDW,KPVD
3332,YMMB,YWON
3333,KVES,KI73
3334,NZAA,NZCH
3335,VIDP,VOMM
3336,KDEN,KSJC
3337,KSJC,KBUR
3338,KPOC,KLGB
3339,LEMD,UUEE
3340,KHOU,KDAL
3341,KATL,KMCI
3342,KORD,KFLL
3343,KJFK,KATL
3344,YBCG,YMML
3345,KDAL,KPHX
3346,KLAX,KSJC
3347,KIAH,KSAT
3348,KEWR,LLBG
3349,KPHL,KDFW
3350,KSEA,KLAS
3351,VOBL,VOMM
3352,KATL,KBKL
3353,LFML,LFKJ
3354,KMDW,KHPN
3355,KLAS,KSAN
3356,KCLT,KSDF
3357,KPDX,KSJC
3358,RJOO,RJFF
3359,KOKC,KPHX
3360,KDEN,KLAX
3361,KNYL,KPHX
3362,KDTW,KIAD
3363,CYYZ,EGLL
3364,KSMO,KCRQ
3365,KDEN,KMCO
3366,KLMO,KBJC
3367,KIAH,KLAX
3368,KORD,KMDT
3369,KSEA,KORD
3370,YSSY,YSWG
3371,KATL,KSRQ
3372,KLAX,KAUS
3373,KDEN,KFAT
3374,KDFW,KSDF
3375,KORD,KSAN
3376,KSNA,KVNY
3377,UAAA,UAII
3378,KDFW,KM99
3379,EDDK,EGNX
3380,KPHL,EIDW
3381,KORD,KSPI
3382,KAUS,KLAX
3383,KORD,KLAX
3384,VOMM,VIDP
3385,SBGR,SSJC
3386,KFUL,KF70
3387,KORD,KPVD
3388,YBBN,YSSY
3389,VIDP,VOBL
3390,KHOU,KDCA
3391,KVNY,KL70
3392,KSEA,KMCI
3393,KDFW,KIAD
3394,KBUR,KLAS
3395,PANC,KSEA
3396,KSFO,KS03
3397,RJFF,RJTT
3398,KIAH,KMIA
3399,KATL,KSDF
3400,LTAC,EDDM
3401,KSFO,KPSP
3402,K50R,TX05
3403,KORD,KCMI
3404,CYCD,CYVR
3405,KORD,VT26
3406,KFLL,KATL
3407,YSSY,NZAA
3408,KATL,KSFO
3409,KLAX,KBNA
3410,KDEN,KPAE
3411,KDEN,KCOS
3412,LIRF,LEBL
3413,NZCH,NZTG
3414,KDTW,KORF
3415,KOMA,KMSP
3416,KPHX,KSDF
3417,KAUN,KTRK
3418,KSJC,KLAX
3419,KSFO,KLAS
3420,KORD,KLGA
3421,SBGR,KEWR
3422,KORD,OTHH
3423,EBBR,LEBL
3424,KCLT,KECP
3425,YBCG,YSSY
3426,KSDL,KSNA
3427,KONT,KLAS
3428,VIDP,VECC
3429,KNJK,KSEE
3430,KDEN,KORD
3431,KABQ,KLAX
3432,KDEN,KSEA
3433,CYVR,KSEA
3434,KLAX,KSJC
3435,EGNX,LEMD
3436,KVNY,KSNA
3437,KORD,KPHL
3438,KLAS,KSFO
3439,RCTP,KSFO
3440,KJFK,KCMH
3441,KATL,KSYR
3442,KLGA,KROC
3443,KLAX,KPHX
3444,KAUS,KSAN
3445,RJTT,LFPG
3446,KBUF,KATL
3447,KDAL,KMKC
3448,KATL,KFLL
3449,KPVD,KSDF
3450,KDTW,KFLL
3451,EDDK,LKPR
3452,CYYC,CYWG
3453,VECC,VOBL
3454,KPHL,KTEB
3455,KDTW,KDCA
3456,YSSY,YMHB
3457,KLAX,KAUS
3458,WSSS,YSSY
3459,KATL,KHPN
3460,KJFK,OTHH
3461,EDDP,EHAM
3462,KSEA,EGLL
3463,KATL,KOMA
3464,YPEA,YGIG
3465,KDEN,KSBA
3466,KCLT,KHPN
3467,KTYS,KSDF
3468,KOKC,KSDF
3469,KABQ,KUTA
3470,KMIA,KEWR
3471,KATL,KMIA
3472,YSCB,YMML
3473,KSFO,KTUS
3474,KDFW,KEWR
3475,KUNV,KPHL
3476,KONT,KPHX
3477,KATL,KBOS
3478,NZTG,NZWN
3479,KDTW,KDCA
3480,KCLT,KMSP
3481,KLAS,KCOS
3482,KDEN,KBNA
3483,PANC,KLAX
3484,VIDP,VABB
3485,KLGA,KSYR
3486,YBMC,YSSY
3487,KPHX,KMSP
3488,KBOI,KGEG
3489,KMSP,KDCA
3490,EDDP,EGGW
3491,KATL,KDAB
3492,EBBR,LLBG
3493,EDDK,LEBL
3494,KTUL,KSDF
3495,KSJC,KLAS
3496,YBBN,NZCH
3497,KPDX,KSDF
3498,KDFW,KATL
3499,KATL,KLAX
3500,KS67,KMAN
3501,KBOS,KBNA
3502,KFLL,KSDF
3503,LFPG,LEMD
3504,YSSY,NZCH
3505,KATL,KLGA
3506,SBKP,SSJC
3507,KMSP,KEWR
3508,KDEN,KORD
3509,KORD,KSTL
3510,EBLG,LLBG
3511,YBCG,NZAA
3512,KOAK,KHOU
3513,EDDK,LIPZ
3514,KIAD,KSDF
3515,KBWI,KCMH
3516,KJFK,KCLT
3517,RJOO,RJTT
3518,LFPG,EGSS
3519,KORD,KMSP
3520,KATL,KTUS
3521,KBWI,KMSP
3522,VIDP,VABB
3523,SBKP,SBVT
3524,KDEN,KMCI
3525,KORD,KTYS
3526,KMIA,KDEN
3527,KCLT,KVPS
3528,KPHX,KLAS
3529,KPNS,KATL
3530,YSSY,YSCB
3531,KATL,KIAD
3532,YPMQ,YSSY
3533,KEFT,KMSN
3534,KBUR,KSLC
3535,VIDP,VECC
3536,KDEN,KDFW
3537,KLGA,KMCI
3538,EDDK,LIMC
3539,KDFW,KSLC
3540,KLAS,KDFW
3541,YSSY,YBBN
3542,LLBG,EHAM
3543,CA66,KSAC
3544,KSYR,KBUF
3545,KORD,71KY
3546,KIAD,KORF
3547,KMSP,KPHL
3548,KLAX,KS03
3549,KDFW,KFLL
3550,KORD,KPHL
3551,KPDX,KSLC
3552,KATL,KFLL
3553,KDTW,KOMA
3554,VIDP,VABB
3555,KOMA,KSTL
3556,YSSY,YPPH
3557,KDFW,KC15
3558,SBGR,KATL
3559,CYMX,CYYZ
3560,YSCB,YBBN
3561,KSEA,KSNA
3562,EBLG,EDDV
3563,KDEN,KPHL
3564,KATL,KPHX
3565,KRFD,KSDF
3566,KLGB,KSBA
3567,61WA,KBFI
3568,KFAT,KLAS
3569,KHOU,KOKC
3570,KDFW,KECP
3571,KLAX,EGLL
3572,KLAS,KBUR
3573,KATL,KPNS
3574,WSSS,YSSY
3575,RJBB,RJTT
3576,RJFF,RJTT
3577,KDFW,KBOI
3578,KJFK,KDCA
3579,KPHX,KLGB
3580,KSEA,KSJC
3581,KCLT,KSGF
3582,SBGR,LEMD
3583,YSCB,YPAD
3584,KIAH,KDEN
3585,EGAA,EGSS
3586,KPDX,KSFO
3587,KORD,KABE
3588,KDFW,07KY
3589,KDEN,KSDF
3590,KSBD,KDFW
3591,KDCA,KORF
3592,LFPG,EKCH
3593,OMDB,OERK
3594,KBNA,KECP
3595,EDDP,EKCH
3596,KATL,EGLL
3597,KBUF,KSYR
3598,KSNA,KSFO
3599,KBTL,MI77
3600,EDDK,ESSA
3601,KCLT,KHSV
3602,KPHX,KONT
3603,KOXR,KSMO
3604,YSSY,YSCH
3605,RJOO,RJTT
3606,KFLL,KACY
3607,EDDP,EGSS
3608,YMML,YSSY
3609,KBOI,KLAX
3610,KORD,KLNK
3611,KIND,KDEN
3612,KLAX,KSAT
3613,LFPG,LIMC
3614,KDFW,KTYS
3615,KEWR,KSFO
3616,EDDK,LIME
3617,KPHX,KMKE
3618,ULLI,UUEE
3619,KATL,LFPG
3620,YPPF,YPAD
3621,NZCH,NZPM
3622,KPDX,KLAX
3623,KSFO,KFAT
3624,KBWI,KMCI
3625,KYIP,KPTK
3626,YMML,YSSY
3627,KLAS,KSDF
3628,WSSS,YPPH
3629,KMIA,KDFW
3630,KSJC,KLAX
3631,KORD,K9G2
3632,VOBL,VOMM
3633,LFPG,EGBB
3634,KPHX,KSEA
3635,YSSY,YMML
3636,KLAX,KUTA
3637,KBOI,KSEA
3638,KVNY,KSDL
3639,KFBG,KIGX
3640,EDDP,LEMD
3641,KPTK,BIKF
3642,KIAH,KLGA
3643,KSEA,KBWI
3644,KDFW,KLAS
3645,GMMN,LFPO
3646,KDEN,KATL
3647,YPJT,YSEN
3648,KFAT,KSLC
3649,CBQ2,CZBB
3650,KPDX,4IL3
3651,KLGA,KDFW
3652,KLAS,AZ50
3653,KCLT,KPVD
3654,KBNA,KDTW
3655,YBBN,YPAC
3656,NZCH,NZWN
3657,OEDF,OERK
3658,KLAX,KLAS
3659,KIAH,KPHX
3660,YSCB,YSSY
3661,EDDP,LFPG
3662,LFPG,EDDK
3663,KORF,KPHL
3664,KORD,KMIA
3665,KDEN,KRDU
3666,KFAT,KSFO
3667,KMHR,KSDF
3668,KLAS,KSTL
3669,KAUS,KPHX
3670,KSNA,KVNY
3671,KDTW,KSYR
3672,KSEA,KBOI
3673,KBWI,KMDW
3674,KMIA,KPNS
3675,KORD,KEWR
3676,KLAX,KLAS
3677,KDEN,KSBP
3678,KONT,KSLC
3679,YMML,YSSY
3680,KIAD,KSDF
3681,KSFO,KSNA
3682,LFPG,EDDV
3683,KMIA,KDFW
3684,EDDK,EIDW
3685,NZAA,YSSY
3686,EDDP,EGNX
3687,YBCG,YMML
3688,KDFW,KSEA
3689,KLAX,KSLC
3690,CYYC,CYWG
3691,KORD,KDTW
3692,EBLG,LIRA
3693,SBCO,SBGR
3694,YPAD,YSSY
3695,KSAN,KUTA
3696,KSNA,KUDD
3697,UWLL,UUEE
3698,KDEN,KORD
3699,KORD,KDEN
3700,KJFK,EHAM
3701,LLBG,EPWA
3702,VHHH,PANC
3703,KSJC,KSDF
3704,KIAH,KSLC
3705,KDFW,KMSP
3706,KSYR,KSDF
3707,KATL,KDAL
3708,EDDP,LIMC
3709,OTHH,EHAM
3710,KDFW,KMCO
3711,KORD,KLAS
3712,LFPG,EDDS
3713,KMMU,KIAD
3714,KSEA,KLAX
3715,KSFO,KSEA
3716,YLIL,YMMB
3717,KSFO,KSAN
3718,EBLG,LTFJ
3719,KLAS,K61B
3720,KDBQ,KC74
3721,KORD,KBOI
3722,KAUS,KLAS
3723,KJFK,EGLL
3724,YBBN,YSSY
3725,MI56,MI77
3726,KSAT,KSDF
3727,KSNA,KSEA
3728,KDFW,KLAX
3729,PANC,98AK
3730,KBOS,KSDF
3731,VIDN,VIDP
3732,KATL,KTPA
3733,KORD,KSAT
3734,KPHX,KSJC
3735,EDDV,LTFJ
3736,KLAX,KSEA
3737,KSJC,KSNA
3738,LLBG,EDDF
3739,KSEA,KMSP
3740,KDEN,71MI
3741,UUWW,LIMC
3742,KDEN,KSEA
3743,KORD,KBUF
3744,KDFW,KORD
3745,KSFO,KGEG
3746,KSFO,KMIT
3747,KDCA,KCMH
3748,KLCK,KORD
3749,VOBL,VOMM
3750,KSAN,KPHX
3751,KMDW,KRDU
3752,K1G4,KLAS
3753,KMSP,KOMA
3754,LFPG,KEWR
3755,KDFW,KMCO
3756,KPIT,KDCA
3757,KOSU,KSTL
3758,YBMC,YSSY
3759,KLAX,KPDX
3760,KORD,KSEA
3761,KVNY,KMRY
3762,EBLG,ESSA
3763,KSEA,KORD
3764,KSAN,KSFO
3765,KSNA,KLAS
3766,5LL5,KLAS
3767,KOAK,KSNA
3768,00AZ,KDVT
3769,KEWR,KPHX
3770,KSFO,KPDX
3771,KDAL,KHOU
3772,KJFK,KPHX
3773,LFPG,ESSA
3774,KDEN,KPHX
3775,KSFO,KLAX
3776,EDDP,EDDK
3777,KBNA,KFLL
3778,KSYR,KROC
3779,KSAN,KUTA
3780,KATL,KMDT
3781,KCLT,KEWR
3782,RJTT,RJFF
3783,YPPH,YSSY
3784,KMSP,KLAS
3785,CYMX,KSDF
3786,KDFW,KCOS
3787,KORD,KSTL
3788,KDFW,KSAT
3789,KATL,KRDU
3790,KLAX,KSAT
3791,KMIA,KBWI
3792,KORD,KMKE
3793,EDDP,LIPE
3794,YMML,NZAA
3795,KPAE,KRNT
3796,KCPM,KLGB
3797,KNGU,NC61
3798,KPHX,KSAN
3799,KFXE,KMIA
3800,KAWO,KS36
3801,KPIT,KPHL
3802,KORD,KALB
3803,GOBD,GMMN
3804,LFPG,OMDB
3805,KMCI,KPHX
3806,KORS,KRNT
3807,KSFO,KPHX
3808,WMSA,WMKJ
3809,KPHL,KMIA
3810,KRDU,KLAS
3811,KOAK,KLAX
3812,KBNA,KECP
3813,KJFK,KORD
3814,KSLC,KLAS
3815,KORD,KY51
3816,KATL,KDCA
3817,KSAN,KSEA
3818,KRNM,KHHR
3819,KMSP,KSDF
3820,KSBA,KSEA
3821,KLAX,MGGT
3822,YPPF,YLYK
3823,KLAS,KDAL
3824,KPHL,KSDF
3825,EDDK,LPPR
3826,ULLI,UUDD
3827,KSNA,KSLC
3828,NZAA,NZPM
3829,K1O2,KMHR
3830,KORD,KBOS
3831,KBFI,KBLI
3832,KDTW,KABE
3833,KDEN,KSAN
3834,KCLT,KDAB
3835,KATL,KDCA
3836,KLAS,KSLC
3837,KLGA,KBNA
3838,RJBB,RCTP
3839,KBTL,K9D9
3840,KORD,KLAS
3841,RJTT,KJFK
3842,RCTP,KLAX
3843,KPHX,KSLC
3844,KMIA,KSDF
3845,KAUS,KDFW
3846,KSEA,KSAN
3847,EDDK,LOWW
3848,KLAS,KOAK
3849,KATL,KFLL
3850,KDTW,KPVD
3851,KCLT,KTYS
3852,KDFW,KOMA
3853,KBNA,KLGA
3854,KATL,KMDW
3855,KORD,KSEA
3856,KMSP,KDFW
3857,KBWI,KPHX
3858,KOAK,KSLC
3859,CYHM,KSDF
3860,KSMF,KSLC
3861,KSJC,KSLC
3862,KEWR,KDEN
3863,PAEN,PANC
3864,EBLG,EIDW
3865,KDEN,KPDX
3866,RPLL,RJAA
3867,KLAX,KJFK
3868,KBOS,KPHL
3869,LLBG,LTFJ
3870,KPIT,KDUJ
3871,KATL,KOKC
3872,YTDN,YMMB
3873,LFPG,EPWA
3874,KRDU,KPHL
3875,YSSY,YPPH
3876,EDDK,EDDM
3877,KMDT,KSDF
3878,KDFW,KSEA
3879,SBGR,KMIA
3880,KBWI,KDFW
3881,KDEN,KPHX
3882,KSFO,35OR
3883,KORD,KLGA
3884,KOAK,KRFD
3885,VOBL,VIDP
3886,KSNA,KSEA
3887,KDTW,KALB
3888,KATL,KHOU
3889,K1G4,KLAS
3890,EDDK,EPWA
3891,KHOU,KBWI
3892,KPWK,KSUS
3893,KDEN,KSFO
3894,KBNA,KSRQ
3895,KEWR,KATL
3896,KOAK,KBOI
3897,KORD,KCMH
3898,KMDW,KMIA
3899,KLGB,KSDF
3900,KLAX,KTUS
3901,KCLT,KLAS
3902,KDFW,KSAF
3903,KLAS,KUTA
3904,KBOS,KPHL
3905,WMKK,WSSS
3906,KDEN,KBOI
3907,KSFO,KSLC
3908,KSEA,CYVR
3909,EDDP,LSZM
3910,KSMF,KLAX
3911,NZAA,WSSS
3912,KCVG,KDFW
3913,KORD,KSTL
3914,KSFO,KLAS
3915,KSAN,KLAS
3916,KEWR,KLAS
3917,KMSP,KSEA
3918,KPHL,OTHH
3919,EBLG,LSZM
3920,YMMB,YLED
3921,KBUR,KSDF
3922,KSFO,EGLL
3923,KDEN,KABQ
3924,KORD,KLGA
3925,KSJC,KSLC
3926,VHHH,RCTP
3927,KPHX,KSAN
3928,1ID3,ID27
3929,VIDN,VIDP
3930,K61B,KLAS
3931,KSAN,KPHX
3932,NZCH,NZAA
3933,KMSP,KDFW
3934,KCLT,KORD
3935,KSFO,KONT
3936,KPHX,KLAX
3937,KDEN,KSEA
3938,KJFK,EGLL
3939,KDFW,KPHX
3940,KBNA,KBOS
3941,KATL,KTUL
3942,KDTW,KLAS
3943,KLAX,KBOI
3944,KSNA,KLAS
3945,KLAX,KSDF
3946,KS67,KMAN
3947,RJTT,RJFF
3948,KLUK,KCMH
3949,KORD,KROC
3950,KPHX,KPDX
3951,KSFO,KSBP
3952,KBOI,ID44
3953,LLBG,LEMD
3954,KSAN,KSDF
3955,KSEE,KCNO
3956,KSMF,KSEA
3957,KLAS,KSNA
3958,YPJT,YMUL
3959,KRHV,KHWD
3960,KMIA,KPHL
3961,KSEA,KSAN
3962,VHHH,RCTP
3963,LEMD,LEPA
3964,KLAX,KAUS
3965,KDFW,KFLL
3966,KORD,SBGR
3967,KEWR,VIDP
3968,KOAK,KSEA
3969,KSNA,KLAS
3970,ZGSZ,RCTP
3971,KATL,KMSP
3972,KDEN,KSNA
3973,WSSS,VOBL
3974,KORD,KPHL
3975,LFPG,VIDP
3976,KSFO,KPHX
3977,KLAS,KSJC
3978,KLAX,KSEA
3979,KFLL,KLGA
3980,KGPI,KSAN
3981,YSSY,YBCG
3982,KLAX,KORD
3983,EDDP,EFHK
3984,LFPG,LOWW
3985,CYYZ,LPPT
3986,KDEN,KSMF
3987,KDEN,KCMH
3988,KLAS,KSNA
3989,KPHX,KDFW
3990,KSEA,PANC
3991,EBLG,LIPZ
3992,KATL,KEWR
3993,VIDP,VOBL
3994,KORD,KLGA
3995,KDTW,KSDF
3996,KBNA,KRDU
3997,KBOS,KPHL
3998,KLAX,KABQ
3999,YBCG,YSSY
4000,KSMF,KSAN
4001,YBBN,NZAA
4002,KJFK,KLAX
4003,EDDP,LFRS
4004,KLGA,KBUF
4005,ID00,KMAN
4006,NZCH,NZNV
4007,KAUS,KLAS
4008,KATL,KDAY
4009,KOAK,KSDF
4010,KSEA,KOAK
4011,KDEN,35OR
4012,KLAS,KBUR
4013,KMDW,KSEA
4014,KSBD,KSDF
4015,KONT,KDFW
4016,KSMF,KSAN
4017,KSJC,KPHX
4018,KPHX,KSNA
4019,KBOS,KFLL
4020,LFPG,LSZM
4021,YPPH,YPAD
4022,KIAH,KDFW
4023,KMSN,KIND
4024,KVNY,KLAS
4025,KPHX,PANC
4026,KSRQ,KEWR
4027,EBLG,ESGG
4028,RCTP,VHHH
4029,KORD,KMSP
4030,EDDP,ESSA
4031,KDEN,KLAS
4032,KLAX,KSFO
4033,KLAX,OTHH
4034,KBWI,KROC
4035,KORD,KRDU
4036,KSFO,KLAX
4037,KSNA,KOAK
4038,LFPG,EHAM
4039,RJOA,RJTT
4040,KSEA,KPDX
4041,KBFI,4IL3
4042,KOAK,KSNA
4043,KEWR,KSDF
4044,KORD,VT26
4045,CYVR,CYHM
4046,KPHX,KMDW
4047,KMDW,KLAS
4048,KONT,KSDF
4049,KDEN,KOKC
4050,KDEN,KTUS
4051,KMSP,KPHL
4052,KBUR,KPHX
4053,KSEA,KBOI
4054,KBNA,KTPA
4055,KMIA,KPHL
4056,LFPG,LEBL
4057,KLAX,KPVU
4058,KSAN,KSFO
4059,EBLG,LIMC
4060,KSNA,KLAS
4061,EDDP,LZIB
4062,KORD,KTUL
4063,KDFW,KBWI
4064,KJFK,EPWA
4065,KLAS,KLAX
4066,KMSP,KSTL
4067,KDEN,KSLC
4068,KPHX,KSLC
4069,RJFF,RJAA
4070,KSTL,KDEN
4071,KATL,KDTW
4072,NZCH,NZWN
4073,VHHH,OMDB
4074,YPJT,YSEN
4075,KONT,KSJC
4076,CYVR,CYYJ
4077,YPAD,YSSY
4078,KRDU,KPHL
4079,KSNA,KPAE
4080,KPHX,KSBP
4081,KLAS,KBWI
4082,KEWR,KLAX
4083,KSEA,KORD
4084,KBNA,KSAT
4085,KDEN,KBUR
4086,KMIA,SKBO
4087,KMKE,KSDF
4088,KPDX,KLAS
4089,KSAN,KSEA
4090,EDDP,EDDM
4091,KHOU,KCMH
4092,KATL,KPHL
4093,KDFW,KTUL
4094,KSEA,KSMF
4095,LFPG,LKPR
4096,WSSS,YMML
4097,CYUL,GMMN
4098,KLAS,KSEA
4099,RJOO,RJTT
4100,KCLT,KOMA
4101,KPHX,KSLC
4102,CYVR,CYYC
4103,KMDW,KSAN
4104,KMSP,KATW
4105,EDDK,EIDW
4106,RJBB,PANC
4107,KSEA,35OR
4108,KORD,EGLL
4109,KBOI,KSEA
4110,KSNA,KSJC
4111,KLAS,KMDW
4112,KPHX,KDAL
4113,KOAK,KSLC
4114,KBNA,KDAL
4115,WBSB,VHHH
4116,KDAL,KSAN
4117,KSMF,KSNA
4118,KLAX,KFAT
4119,KDFW,KSDF
4120,LEMD,EDDF
4121,KDTW,KPHL
4122,KORD,EGLL
4123,KMDW,KMSP
4124,KCLT,KIAD
4125,KPHX,KPSP
4126,EBLG,EDDN
4127,KSFO,KSLC
4128,KATL,KSTL
4129,LTAC,LTFJ
4130,KBUR,KSEA
4131,KFLL,71MI
4132,KBLI,KSEA
4133,VHHH,RJAA
4134,KLAX,KSFO
4135,KOAK,KSNA
4136,KCLT,KMCI
4137,KATL,KBWI
4138,KDEN,KLAS
4139,LTBA,LLBG
4140,KSFO,KSNA
4141,KSAN,KSJC
4142,KBNA,KLAX
4143,KSEA,KGEG
4144,CYYZ,CYYC
4145,KCLT,OA14
4146,KBWI,KBUF
4147,KIAH,KSJC
4148,KORD,EDDF
4149,KJFK,PANC
4150,OMDB,LTFJ
4151,CYMX,CYYZ
4152,KPAO,KSTS
4153,KSTS,KSAN
4154,KCMH,KPHL
4155,YSWG,YSSY
4156,EDDP,LEBL
4157,KSEA,KOAK
4158,KSNA,KPHX
4159,KDFW,KSPI
4160,KONT,KRFD
4161,KCLT,KSYR
4162,YPAD,YMML
4163,KCLT,KPDX
4164,KSLC,KSDF
4165,KMIA,KEWR
4166,NZCH,NZHN
4167,KSEA,KSNA
4168,KBFI,KSDF
4169,KATL,KBNA
4170,YSSY,YMML
4171,KOAK,KSNA
4172,KMSP,PANC
4173,KPHX,KMRY
4174,LFPG,LTBA
4175,KORD,KBWI
4176,KDFW,KBTF
4177,KFLL,KLAX
4178,YPJT,YMUL
4179,EDDP,LSZM
4180,KCLT,KMCO
4181,KDFW,KBNA
4182,KSAN,KSMF
4183,KPHX,KSTL
4184,KMSP,KLAS
4185,KJFK,KPHX
4186,KSEA,KLAX
4187,LGAV,EHAM
4188,KATL,KSDF
4189,KONT,KUTA
4190,KAGC,KHPN
4191,VHHH,VIDP
4192,YBBN,YHBA
4193,EBLG,LEBL
4194,KSEA,KSJC
4195,KORD,KALB
4196,YSSY,YMHB
4197,KIND,KLAX
4198,KEWR,KSDF
4199,KMSP,KLAX
4200,KLAX,KMDW
4201,KCFE,KFCM
4202,YSBK,YSMB
4203,KBOS,KLAX
4204,KBWI,KISP
4205,EDDP,EBBR
4206,KHOU,KTYS
4207,KPWK,KMDW
4208,RJTT,RJOO
4209,KDFW,KTUS
4210,YSSY,YBCG
4211,RJAA,RCTP
4212,EGNX,KPHL
4213,KORD,KDCA
4214,KPHX,KVNY
4215,YBCG,YSSY
4216,KCLT,KCMH
4217,UKBB,EHAM
4218,KATL,KTYS
4219,KDFW,KSEA
4220,NZNV,NZCH
4221,KMSP,KLAS
4222,KSRQ,KEWR
4223,KJFK,KFLL
4224,KCLT,KBOS
4225,KORD,KMCI
4226,KBUR,KOAK
4227,SBKP,KFLL
4228,UKKK,EPWA
4229,KMIA,KPHL
4230,KFFZ,55AZ
4231,KLAS,KLAX
4232,KLAX,KFAT
4233,KCLT,KMSP
4234,SKBO,LEMD
4235,KATL,KSDF
4236,KSEA,KBUR
4237,KATL,KBWI
4238,KSAC,KO61
4239,KORD,KEWR
4240,KMSP,KSDF
4241,VHHH,RCTP
4242,KORD,KTYS
4243,KDEN,KSAF
4244,YMPC,YMMB
4245,YMUL,YPJT
4246,KDCA,KBUF
4247,EETN,EVRA
4248,KLAX,KMCI
4249,KATL,KPLR
4250,KORD,KPHX
4251,KLAS,KBNA
4252,KSAT,KSKF
4253,KABQ,KSDF
4254,KORD,KBOS
4255,WN51,KFHR
4256,KRNM,KCRQ
4257,VABB,VIDP
4258,KROC,KIAG
4259,KOAK,KABQ
4260,KMSP,4WI4
4261,KDFW,KSAN
4262,KDTW,KDFW
4263,YMMB,YMEN
4264,KSEA,KONT
4265,KSNA,KSJC
4266,KS67,KMAN
4267,KFLL,KBWI
4268,KFAT,KSEA
4269,SBKP,SBGL
4270,KORD,KLAX
4271,KLAX,KUTA
4272,CYVR,CYWG
4273,KS67,KMAN
4274,KCLT,KFLL
4275,KOMA,KSDF
4276,KLGA,KATL
4277,KDFW,KHSV
4278,KSEA,KPDX
4279,YPPH,YBBN
4280,KTPA,KEWR
4281,KBNA,KDCA
4282,KATL,KDEN
4283,EBLG,OMDB
4284,KDFW,KONT
4285,KSFO,KPDX
4286,KLAX,KPDX
4287,KATL,KVPS
4288,SBBR,SBGL
4289,SBGR,SBBR
4290,KBUF,KSDF
4291,ULLI,UUEE
4292,RCTP,VHHH
4293,KDMA,KAVQ
4294,VHHH,OTHH
4295,KPHX,KOAK
4296,UAAA,OMSJ
4297,KMDW,KMCO
4298,KABQ,KLAS
4299,KATL,KHSV
4300,KCLT,KSAT
4301,KSMF,KSEA
4302,KRNT,KFHR
4303,KFLL,KBOS
4304,KLGA,KORD
4305,KMSP,KBOI
4306,KCLT,KPNS
4307,KPDX,KSJC
4308,KDFW,KDCA
4309,KOSU,KPWK
4310,KMCI,KDEN
4311,KSEA,EGLL
4312,KATL,KMSP
4313,VHHH,RCTP
4314,KFUL,KCMA
4315,KPHX,KUTA
4316,YSTW,YSBK
4317,KPOC,KEMT
4318,EBLG,EFHK
4319,KBOS,KROC
4320,KORD,OMDB
4321,KBNA,KHPN
4322,KDTW,46MI
4323,KHOU,KDFW
4324,KPDX,KSEA
4325,KMSP,KPDX
4326,KDEN,KSNA
4327,WBKK,WBKL
4328,EDDP,EPWA
4329,KRDU,KLGA
4330,LFPG,EGNT
4331,KBWI,KBKL
4332,KPHX,KHOU
4333,KOAK,KPDX
4334,KSLC,KLAS
4335,KPHL,KMKE
4336,KDCA,KDAL
4337,KCLT,KPNS
4338,KORD,KMCI
4339,KATL,KRDU
4340,KMVY,KBED
4341,NZAA,NZGB
4342,EDDP,EDDF
4343,KDEN,KAUS
4344,KDFW,KSFO
4345,KPHX,KSDF
4346,KJFK,VT26
4347,NZNV,NZCH
4348,KABQ,KPHX
4349,UUEE,EHAM
4350,KGSO,KCLT
4351,KATL,KBOS
4352,KLGB,KCPM
4353,KORD,KDEN
4354,KDEN,KDFW
4355,KATL,KMDW
4356,YBBN,YMML
4357,KDEN,KORD
4358,KSFO,KSEA
4359,KCLT,KSTL
4360,OEDF,OEAH
4361,KLAX,KSJC
4362,KPHX,KABQ
4363,KORD,KGRB
4364,VHHH,RJFF
4365,KIAD,EGLL
4366,KMIA,KLGA
4367,KDTW,KLGA
4368,KDEN,KOKC
4369,KPHX,KSMF
4370,KSEA,KSNA
4371,KPDX,PANC
4372,KJFK,KSYR
4373,YSLT,YMES
4374,KATL,KORF
4375,KORD,KPHX
4376,EDDP,LSGG
4377,UUWW,ULLI
4378,KRNT,KPAE
4379,LOWW,EDDF
4380,KDCA,KROC
4381,EBLG,EGSS
4382,WSSS,YMML
4383,LEBL,LEPA
4384,KSJC,KLAX
4385,KDFW,KOKC
4386,KDEN,KSLC
4387,KLAS,KSJC
4388,KDEN,KTUL
4389,KJFK,KBUF
4390,KSEA,KSAN
4391,KCLT,KMIA
4392,KSAT,KSDF
4393,KLAX,PANC
4394,UUEE,ULLI
4395,KDTW,KBUF
4396,KOAK,KLGB
4397,KFLL,KATL
4398,KORD,KSDF
4399,KIAD,KTEB
4400,KLAX,KHOU
4401,WMKK,WBKK
4402,KSJC,KSEA
4403,RPLL,WSSS
4404,EDDP,LIME
4405,KSFO,KSEA
4406,KOKC,KDFW
4407,KPHX,KBNA
4408,KMDW,KHOU
4409,YPPH,YBBN
4410,KPDX,KLAX
4411,KDFW,KSDF
4412,KEWR,KDFW
4413,KOAK,KPSP
4414,LYBE,UUWW
4415,KATL,EHAM
4416,RJFF,RJOO
4417,KLAX,KLAS
4418,KPHX,KOMA
4419,NZTG,NZAA
4420,EBLG,EDDB
4421,KSAN,KFAT
4422,YWLM,YBBN
4423,KBFI,KAWO
4424,KDFW,KSNA
4425,EETN,EFHK
4426,OMDW,VHHH
4427,VECC,VOBL
4428,KSJC,KSAN
4429,KOKC,KUTA
4430,KDEN,KMCI
4431,EDDK,LSZM
4432,UUEE,LFPG
4433,KPHX,KSFO
4434,KPDX,KSFO
4435,KCLT,KMDT
4436,KBOS,KSFO
4437,LFPG,LFBO
4438,EDDP,EBBR
4439,KSJC,KE16
4440,KMDW,KPHX
4441,LTAC,LTFJ
4442,VABB,VIDP
4443,KSEA,KLAS
4444,KHSV,KSDF
4445,CYVR,CYYC
4446,KSFO,KLAX
4447,KDAL,KMDW
4448,RPLL,OMDB
4449,KJFK,KSDF
4450,KBOI,KLAX
4451,KDEN,KSTL
4452,CYHM,CYMX
4453,YSSY,YBMC
4454,KPHX,KONT
4455,KMDW,KFLL
4456,KLAS,KHOU
4457,KSEA,KGEG
4458,KBWI,KATL
4459,2CO3,KEIK
4460,ID27,1ID3
4461,OMDB,EHAM
4462,VOBL,VABB
4463,KSMF,KLAX
4464,EDDK,EDDB
4465,KBOI,KSEA
4466,RJOO,RJTT
4467,KORD,KDEC
4468,EDDP,EPKT
4469,KCLT,KORD
4470,KPHX,KMCI
4471,KILN,KSEA
4472,KBOS,KMCO
4473,KSEA,KPHX
4474,KEWR,EPWA
4475,KCRQ,KRNM
4476,KSFO,KSBA
4477,YLYK,YPPF
4478,RPLL,RCTP
4479,KRDG,KLUK
4480,KCLT,KDFW
4481,KBUR,KLAS
4482,YSSY,YBBN
4483,KORD,KORF
4484,EBLG,LROP
4485,SPJC,KATL
4486,KBWI,KBOS
4487,KPDX,KSNA
4488,KLAS,KLAX
4489,KMIV,K33N
4490,KATL,KMKE
4491,KPHX,KORD
4492,KMDW,KDAL
4493,KDAL,KOAK
4494,KEWR,SBGR
4495,KORD,KSDF
4496,KCLT,KDTW
4497,KSMF,KPDX
4498,KPWA,KAPA
4499,KDEN,KOMA
4500,KDFW,KTUL
4501,KDEN,KBOI
4502,KJFK,KSYR
4503,EDDP,UUEE
4504,KLAS,KMKE
4505,KATL,KLAS
4506,KSTL,KTUL
4507,KMDW,KPHL
4508,YMML,YBMC
4509,RJTT,PANC
4510,EBLG,EPWA
4511,KSMF,KBUR
4512,KDEN,KAUS
4513,KLGA,KORF
4514,YPJT,YBUN
4515,RCQC,RCKH
4516,KCLT,KRDU
4517,KMDW,KLAX
4518,YMAY,YSSY
4519,KATL,KLAS
4520,KBUR,KSFO
4521,EDDP,ENGM
4522,LJLJ,LIRA
4523,KEWR,KSFO
4524,KSEA,PANC
4525,KBOS,KFMH
4526,KSFO,KVNY
4527,KPVU,UT99
4528,KATL,KSRQ
4529,KSAN,KPAE
4530,NZAA,NZWN
4531,KJFK,KROC
4532,RJTT,RJOO
4533,KMIA,KATL
4534,KSTL,KOKC
4535,KDFW,KSJC
4536,YBBN,YMML
4537,KPHX,KLAX
4538,LFPG,LEMD
4539,KATL,KDFW
4540,EDDK,UUWW
4541,EBLG,EGPH
4542,KHWD,KC83
4543,LROP,LIPH
4544,KEWR,LLBG
4545,KJFK,KBOS
4546,KDFW,KVPS
4547,KMDW,KBNA
4548,KFLL,KLAS
4549,KDFW,KPDX
4550,KMSP,4IL3
4551,KIAD,KEWR
4552,KPHX,KSEA
4553,PAEN,PANC
4554,UUDD,OMDB
4555,YSBK,YCNK
4556,KLAX,KSEA
4557,CYYZ,KSDF
4558,KPDX,KBOI
4559,KDAL,KBWI
4560,KMDW,KSTL
4561,OBBI,OMDB
4562,RJFF,RJTT
4563,WSSS,YMML
4564,KPHX,KSLC
4565,KDEN,KLAS
4566,KIAH,KLAS
4567,CYVR,CYYC
4568,LIRF,LFPG
4569,ESMS,ENGM
4570,VHHH,RCTP
4571,KDEN,KDFW
4572,KSAT,KDFW
4573,KSEA,KLAX
4574,KATL,KPHL
4575,KDTW,KBWI
4576,EDDP,EDDF
4577,UUDD,EDDF
4578,VABB,VIDP
4579,EBLG,EGNX
4580,KLVK,KHWD
4581,KLAX,KSEA
4582,PANC,KLAX
4583,YBBN,YSSY
4584,KGSO,KSDF
4585,KLAS,KBUR
4586,KMIA,LEMD
4587,KSAC,KO61
4588,CYVR,KSFO
4589,KFLL,KEWR
4590,KSEA,PANC
4591,KEWR,LPPT
4592,KSNA,KPHX
4593,KSMF,KLAS
4594,RJTT,RJBB
4595,KSFO,KPSP
4596,KSLC,KSFO
4597,CYHM,OI32
4598,KLCK,KSDF
4599,KLAX,KBOI
4600,ULLI,UUWW
4601,KATL,KBWI
4602,YBCG,YPAD
4603,KJFK,KSFO
4604,YMEN,YMAY
4605,KDAL,KPHX
4606,KSEA,KONT
4607,KLAS,KSCK
4608,NZCH,NZAA
4609,KDTW,KPHL
4610,KBWI,71MI
4611,KHOU,KOKC
4612,KTEB,KMTN
4613,KPHL,KROC
4614,KLAX,KPHX
4615,KSFO,KPHX
4616,KSMF,KLAS
4617,KEWR,KSDF
4618,KSEA,KSMF
4619,KMDT,KEWR
4620,KATL,KPNS
4621,KMSP,KPHX
4622,KPHX,KFAT
4623,KSNA,KLAS
4624,YSWG,YSSY
4625,KCOS,KBJC
4626,KPHL,KORD
4627,KLAS,KLAX
4628,PANC,KSEA
4629,RJTT,RJFF
4630,KFLL,CYUL
4631,KJFK,VT26
4632,KLAX,KDFW
4633,CYYC,CYXE
4634,YBBN,YSSY
4635,KMSP,KDEN
4636,EGGW,EGNX
4637,KSTL,KSDF
4638,KDFW,KBNA
4639,KORD,AL18
4640,KDFW,KMIA
4641,YSSY,YBCG
4642,KDTW,KMDT
4643,KSLC,KBOI
4644,YWLM,YSCB
4645,YBMC,YMML
4646,EGNX,EBBR
4647,KDTW,KATL
4648,KDAL,KBNA
4649,KDEN,KSJC
4650,KOAK,KBUR
4651,KFLL,KCMH
4652,KORD,KPHL
4653,KCLT,KORF
4654,KDEN,KCOS
4655,EDDP,LKMT
4656,KSTL,KOMA
4657,KATL,KFLL
4658,KDAL,KHOU
4659,KBUF,KJFK
4660,PAEN,PANC
4661,KLAX,KSLC
4662,YMEN,YLIL
4663,KSAN,KLAS
4664,KHOU,KTUL
4665,EDDK,KPHL
4666,KATL,KCMH
4667,RJTT,RJOM
4668,KORD,KDAY
4669,KDTW,KJFK
4670,KDFW,KBMI
4671,KJFK,EFHK
4672,KCHD,KAVQ
4673,KCLT,KTYS
4674,KSAN,KPHX
4675,KPHX,KDFW
4676,NZNV,NZCH
4677,EDDP,LHBP
4678,RCTP,EHAM
4679,YBCG,YSSY
4680,KLAS,KPHX
4681,KSFO,KLAX
4682,KBWI,KSDF
4683,KLAX,KATL
4684,KDCA,KMIA
4685,VHHH,RPLL
4686,KPHX,KTUS
4687,KDTW,KMKE
4688,KMSP,KATL
4689,KSFO,KPHX
4690,KATL,KDFW
4691,KIAG,KAGC
4692,SBGR,EGLL
4693,KEWR,KMIA
4694,KSAN,KOAK
4695,KDAL,KPHX
4696,EDDK,LIMC
4697,CYVR,KBFI
4698,NZAA,NZCH
4699,KDEN,KDAL
4700,WMKK,WBKK
4701,KVPS,KDFW
4702,KSEA,KLAS
4703,OMDB,OERK
4704,KPHX,KSFO
4705,CYVR,CYYJ
4706,KSEA,67KY
4707,KBUR,KWHP
4708,KPHX,4IL3
4709,VABB,VOMM
4710,CYPK,CZBB
4711,KATL,KLAX
4712,KOAK,KLAS
4713,KCLT,KMKE
4714,KDEN,KDFW
4715,KLAS,KSLC
4716,KORD,EPWA
4717,SKBO,KMIA
4718,KSBD,KTOA
4719,ESMS,EFHK
4720,YSBK,YKAT
4721,KBUF,KPHL
4722,KLAX,KPDX
4723,EGNX,EINN
4724,KDFW,KSAN
4725,PANC,KLAX
4726,KUDD,KRAL
4727,KPHX,KMSP
4728,YSCB,YMAY
4729,VIDP,VABB
4730,LEPA,LSZH
4731,YBCG,YSSY
4732,KSTS,KLAX
4733,UMMS,UUWW
4734,KSMF,KPHX
4735,YMMB,YKTN
4736,VHHH,WSSS
4737,OMDB,ENGM
4738,KDFW,KSDF
4739,KMKE,KTEB
4740,EBLG,BIKF
4741,YSCB,YSSY
4742,KATL,KFLL
4743,LIMC,UUEE
4744,KSAN,KMCI
4745,KMIA,KEWR
4746,KCLT,KBWI
4747,CYYC,CYXX
4748,YSCH,YSSY
4749,KBNA,KOKC
4750,CYMX,CYHM
4751,VHHH,RCTP
4752,YMMB,YLIL
4753,KORD,EKCH
4754,KLAS,KLGB
4755,LFPG,LFRN
4756,EPPO,EPWA
4757,KIND,KLCK
4758,YSCB,YBBN
4759,KDAL,KATL
4760,KPHX,KBOI
4761,KIAD,KEWR
4762,KDFW,KSEA
4763,KFAT,KMYF
4764,EDDP,LOWL
4765,YMML,RPLL
4766,YSEN,YPJT
4767,KPHX,KDFW
4768,RPLL,VHHH
4769,YMUL,YPJT
4770,KJFK,SPJC
4771,KMIA,KLAX
4772,CYVR,CYXE
4773,KPHX,KMCI
4774,KDEN,KPHX
4775,KBNA,KMKE
4776,KDTW,KEWR
4777,EDDP,UKBB
4778,VGTJ,OMSJ
4779,KORD,KATL
4780,KSAT,KUTA
4781,KATL,KECP
4782,KSAN,KOAK
4783,KBOS,8KY6
4784,KFLL,KEWR
4785,YPJT,YDVE
4786,KPHX,KOAK
4787,EFHK,EETN
4788,KRDG,KORH
4789,VOMM,VOBL
4790,KIAH,KLAX
4791,KDTW,KMCI
4792,EPKT,EPWA
4793,KSMF,KSAN
4794,KBUR,KWHP
4795,KSFO,VIDP
4796,KATL,KSDF
4797,KORD,KDFW
4798,EPRZ,EPWA
4799,KLAS,KSAT
4800,KSTL,KMCI
4801,KSEA,KPHX
4802,00AZ,KDVT
4803,KMIA,MGGT
4804,YMMB,YBUP
4805,KSMF,KLAS
4806,KLAX,KLAS
4807,KSFO,LLBG
4808,RJFF,RJTT
4809,VHHH,RCTP
4810,YBBN,NZCH
4811,KDFW,KSLC
4812,KDCA,KBNA
4813,KORD,KMSN
4814,LIEE,LIMC
4815,OR28,KMMV
4816,KIND,KEWR
4817,KATL,KDFW
4818,KEWR,KMCO
4819,KDAL,KHOU
4820,YBCG,YSCB
4821,CYYC,CYYJ
4822,EDDP,EBBR
4823,KBWI,KEWR
4824,KLAS,KLAX
4825,KLAX,35OR
4826,KFLL,KDFW
4827,CYYC,CYWG
4828,RJFF,RCTP
4829,KPDX,KONT
4830,KSLC,KLAX
4831,KONT,KDEN
4832,KDEN,KTUL
4833,KBNA,KDEN
4834,RJAA,RJFF
4835,EETN,EDDF
4836,KMDW,KLUK
4837,NZAA,VHHH
4838,KVNY,KCMA
4839,KLAX,KSFO
4840,KDFW,KMCO
4841,KATL,KMCO
4842,YSWG,YNAR
4843,LIMC,LSGG
4844,KBFI,KBOI
4845,KBWI,KEWR
4846,KOPF,KTPA
4847,YMML,YPAD
4848,KSTL,KORD
4849,KDAL,KMCO
4850,KSDF,KOSU
4851,KDFW,1MU0
4852,KFCM,KAPA
4853,VHHH,YBBN
4854,KPHX,KLAS
4855,ZGSZ,ZUCK
4856,KDEN,KLAX
4857,KSMF,KLAX
4858,EPGD,EPWA
4859,SBBR,SBGR
4860,VAPO,VIDP
4861,KDFW,KDEN
4862,KSFO,KSAN
4863,KBNA,KPHX
4864,YMMB,YMNG
4865,EPKK,EPWA
4866,KSTL,KDAL
4867,KPDX,KLAS
4868,KDTW,KBOS
4869,KPHX,KSBA
4870,KATL,KORD
4871,KMIA,KORD
4872,NZWN,NZHN
4873,CYYC,CYVR
4874,LLBG,EGLL
4875,KLCK,KEWR
4876,KDAL,KLAX
4877,KDEN,KSAT
4878,KSMF,KONT
4879,KLAX,SPJC
4880,KBNA,KMDW
4881,KPDX,KSAN
4882,KPHX,KBUR
4883,KSTL,KHOU
4884,YPAD,YSSY
4885,KDCA,KMCI
4886,1WA9,KBFI
4887,KPHL,KPVD
4888,EDDK,EDDS
4889,KMDW,KDCA
4890,KSJC,KLAS
4891,SKBO,KJFK
4892,KOKC,KDEN
4893,KPDX,KOAK
4894,KPHX,KSAT
4895,LLBG,LTFJ
4896,VOMM,VIDP
4897,KCLT,KPLR
4898,KBNA,KBWI
4899,KEWR,KLAX
4900,NZOM,NZCH
4901,YRED,YWSG
4902,KATW,KBNA
4903,KCLT,KATL
4904,KSJC,KLAX
4905,KORD,KPIT
4906,KLAS,KSEA
4907,WMKJ,WMSA
4908,EDDP,LIPZ
4909,KSBA,KVNY
4910,KATL,KRDU
4911,RJFF,RJBB
4912,LLBG,LSZH
4913,KBWI,KMKE
4914,VABB,VIDP
4915,KMSP,KMKE
4916,RJTT,RJFF
4917,NZWN,NZPN
4918,KLAX,KABQ
4919,KDCA,KSYR
4920,KFFZ,KE63
4921,KPDX,KSEA
4922,KSFO,KFAT
4923,VHHH,RJBB
4924,EDDP,LIRA
4925,KLAS,KFAT
4926,EKCH,EFHK
4927,EDDP,EKBI
4928,KSEA,KPDX
4929,KDFW,KSEA
4930,RJAA,RCTP
4931,KDEN,KOMA
4932,KMDW,KOAK
4933,LIRF,LIMC
4934,UUWW,ULLI
4935,KCLT,KMSN
4936,SKBO,KMIA
4937,YSCB,YSBK
4938,KSAN,KLAS
4939,KBWI,KEWR
4940,KATL,KOMA
4941,OMDB,LEMD
4942,EDDV,ENGM
4943,KLAX,KLAS
4944,EGSS,EIDW
4945,KLAS,KOAK
4946,KJFK,CYHM
4947,KOAK,KLAS
4948,RJTT,RJFF
4949,EKCH,ESGG
4950,KPDX,KPHX
4951,YSSY,YBBN
4952,KDEN,KBTF
4953,KSMF,KPHX
4954,KMDW,KBWI
4955,RJFF,RJAA
4956,EDDF,LEPA
4957,YSCB,YBCG
4958,EBLG,LFML
4959,KBNA,KMCO
4960,NZCH,NZWN
4961,YPAD,YBBN
4962,NZGB,NZAA
4963,KLAS,KPDX
4964,KPHX,KSFO
4965,KDEN,KSDF
4966,NZCH,YSSY
4967,OTHH,VABB
4968,CYHM,OI32
4969,KCLT,KEWR
4970,KLGA,KDTW
4971,OMDB,OBBI
4972,KDFW,KUTA
4973,KAWO,KFHR
4974,EGNX,EGPH
4975,LPPR,EHAM
4976,YBBN,YPAD
4977,VOMM,VECC
4978,EDDV,EDDB
4979,KMIA,KDCA
4980,KABQ,NM74
4981,VHHH,RJBB
4982,KJFK,LLBG
4983,KCGZ,KFFZ
4984,LIPZ,EHAM
4985,SPJC,SKBO
4986,VOBL,VIDP
4987,VABB,OMDB
4988,KORD,KSDF
4989,ULLI,UUWW
4990,KDFW,KHOU
4991,KLAX,KMIA
4992,KSAN,KMDW
4993,KAUS,KAFW
4994,YSEN,YPJT
4995,KPHX,KIWA
4996,KSAT,KLAS
4997,YMML,YSCB
4998,EDDL,LEPA
4999,KPHX,KSEA
5000,KSFO,KBUR
5001,OTHH,VHHH
5002,KJFK,BIKF
5003,KLAS,KPHX
5004,UUWW,ULLI
5005,YSSY,YBCG
5006,EDDS,LEPA
5007,EPWA,EHAM
5008,EDDK,EDDM
5009,OMDB,EGLL
5010,KDCA,KALB
5011,KMDW,KOMA
5012,KPHL,KMCO
5013,KDFW,KABQ
5014,NZCH,NZWN
5015,KPIT,KBOS
5016,LROP,EDDM
5017,SBGR,EDDF
5018,KPHX,KOKC
5019,NZPM,NZCH
5020,EDDK,LEPA
5021,EDDL,LEIB
5022,KDFW,KSAN
5023,KSEA,KPDX
5024,KMDW,KBNA
5025,RJTT,WSSS
5026,KAUN,KSAC
5027,KSFO,KPDX
5028,KDCA,KBOS
5029,KAUS,KLAS
5030,1ID3,ID27
5031,KDEN,KMKE
5032,KSJC,KSEA
5033,NZAA,NZGB
5034,KFHR,KS50
5035,UAII,UAAA
5036,KATL,KMIA
5037,KBFI,PANC
5038,KSEA,KLAS
5039,KLAX,KTUS
5040,KDAL,KMCI
5041,LIRA,LFOB
5042,YMMB,YMAY
5043,EVRA,UUEE
5044,RJBB,PANC
5045,LGAV,LGSA
5046,KDEN,KSEA
5047,KLAX,KSMF
5048,KPHX,KLAX
5049,EDDH,LEPA
5050,EDDS,LHBP
5051,KDCA,KDAY
5052,SBGR,OTHH
5053,EGNX,BIKF
5054,YSSY,YMML
5055,KSFO,KSNA
5056,KDEN,KMSP
5057,LOWG,LOWW
5058,VABB,VOBL
5059,EDDK,EGNX
5060,YBUN,YPJT
5061,KSKA,KSEA
5062,EGBB,EGCC
5063,UUEE,ULLI
5064,KLAX,KFAT
5065,LIPZ,LFPG
5066,YMMB,YTGG
5067,OMDB,EGBB
5068,LIPE,EHAM
5069,RJFF,RJOO
5070,KBNA,KHOU
5071,FALA,FACT
5072,KLAX,KPHX
5073,EKCH,LEPA
5074,KDFW,PANC
5075,UUEE,VHHH
5076,KSLC,KORD
5077,KSAN,KSMF
5078,LPPR,LPPT
5079,KFFZ,88AZ
5080,UKBB,EDDF
5081,YHBA,YBBN
5082,KPDX,KOAK
5083,KDEN,KLAX
5084,KDCA,KLGA
5085,NZWN,YBBN
5086,KRNM,KCRQ
5087,KPHX,KLGB
5088,YMES,YWSL
5089,KJFK,OMDB
5090,KLAX,KOAK
5091,KSEA,KGEG
5092,EKCH,EHAM
5093,KFLL,SBKP
5094,NZPM,NZAA
5095,KSJC,KSEA
5096,LROP,LEMD
5097,KYKM,7WA7
5098,KSEA,KPHX
5099,KDFW,KSAT
5100,EETN,EFHK
5101,KMCI,KLAX
5102,KLAS,KSNA
5103,KDEN,KTUS
5104,EPMO,LFOB
5105,KSEA,KGEG
5106,RJFF,RJTT
5107,EDDB,EHAM
5108,NZAA,YBBN
5109,ESSA,LFPG
5110,OMDB,EHAM
5111,LEMD,EHAM
5112,KMSP,KLAS
5113,LHBP,LLBG
5114,KDFW,KDEN
5115,LFBD,LFPG
5116,KLAX,KMCO
5117,YMML,YSSY
5118,KSEA,PANC
5119,KLAS,KTUS
5120,EFHK,EHAM
5121,YSSY,YSCB
5122,KSJC,KSNA
5123,KFLL,KBWI
5124,KSDF,KIAD
5125,KSAN,KSEA
5126,KDEN,KSTL
5127,EDDP,LJLJ
5128,KMSN,KDFW
5129,LFMV,LFPB
5130,EDDB,LEPA
5131,LROP,LEMG
5132,EHAM,LEIB
5133,YSSY,YBBN
5134,EDDS,EPKT
5135,YBBN,YSSY
5136,KLAS,KFAT
5137,VIDP,VABB
5138,KORD,KLAX
5139,KLAX,EGLL
5140,YMML,YSSY
5141,LIME,LIBR
5142,YSBK,YSRI
5143,ESSA,LEAL
5144,KBFI,61WA
5145,KCLT,KBUF
5146,LEBL,EHAM
5147,KPDX,KBUR
5148,EDDH,EHAM
5149,RJTT,RJFF
5150,KCPM,KPOC
5151,KSMF,KSNA
5152,EKCH,EGLL
5153,LYBE,EDDF
5154,KPHX,KBUR
5155,KLAS,KPHX
5156,LFPO,LPPT
5157,LFML,LFBD
5158,LIPZ,LIRA
5159,LHBP,EDLW
5160,ELLX,EHAM
5161,KSEA,KBOI
5162,KLAX,KSFO
5163,KSFO,KSEA
5164,EGNX,EGAA
5165,ETAR,KBWI
5166,KOAK,KSNA
5167,LEPA,LEMD
5168,KJFK,KLAX
5169,KBNA,KBOS
5170,KMSN,07KY
5171,KSMF,KBOI
5172,KPHF,KPHL
5173,KSEA,CYYC
5174,KMYF,KEMT
5175,ESGG,EHAM
5176,LROP,EDDF
5177,KCLT,KPHL
5178,UUEE,ULMM
5179,RJTT,RJOO
5180,EDDL,EHAM
5181,LFRS,LFPG
5182,EPGD,ESKN
5183,EKCH,ENGM
5184,KLGB,KLAS
5185,ULLI,UUEE
5186,KHMT,KF70
5187,KDCA,KDTW
5188,KBOS,KLAS
5189,YSSY,YNAR
5190,EGSS,EGNX
5191,ESSA,LEMG
5192,KSAN,KFLL
5193,KORD,KEWR
5194,KHOU,KDEN
5195,EGNX,EIDW
5196,KLAX,KSJC
5197,PANC,RJAA
5198,KDFW,KMIA
5199,KSJC,KPDX
5200,KEWR,KORD
5201,NZNV,NZCH
5202,RPLL,OERK
5203,OMDB,GOBD
5204,LGAV,EDDF
5205,LHBP,EGGW
5206,OTHH,EGLL
5207,NZRO,NZWN
5208,KPDX,KSLC
5209,ESTA,ESSA
5210,LEMD,LFPG
5211,LFRN,LFBO
5212,LOWW,LEMG
5213,KDFW,KABQ
5214,LROP,LEBL
5215,NZAA,NZRO
5216,KBOS,KEWR
5217,KLAX,KOAK
5218,KDFW,KBOS
5219,KMMV,OR28
5220,YSSY,YMML
5221,KOAK,KSNA
5222,KSFO,KBOI
5223,KORD,KAFW
5224,EDDW,EHAM
5225,PANC,KSEA
5226,YSBK,YKAT
5227,KAVQ,KCHD
5228,LEBL,LFPG
5229,ENBR,ENGM
5230,KSEA,KJFK
5231,EPKT,EGGW
5232,EKCH,LEMG
5233,KLAX,KSEA
5234,KCLT,KPHL
5235,KSTS,KRHV
5236,KONT,KOAK
5237,OMDB,LMML
5238,LIRA,LPPT
5239,YSSY,YBBN
5240,YBCG,YSSY
5241,NZOI,NZCH
5242,KDEN,KSFO
5243,LFBD,EHAM
5244,KDFW,KPSP
5245,CYYZ,EDDF
5246,LIME,LICJ
5247,LDZA,EHAM
5248,EPGD,EHAM
5249,KLAS,KSAN
5250,YPPH,YBBN
5251,EHAM,LPPR
5252,LOWW,LEMD
5253,EPKT,EDLW
5254,ESMS,ESSA
5255,VIDP,VOMM
5256,ESSA,LEAL
5257,KSJC,KBUR
5258,EFHK,EETN
5259,NZCH,NZNV
5260,SBGR,OMDB
5261,LEBL,LIME
5262,YMML,YBBN
5263,LSGG,LIML
5264,KPVD,KBWI
5265,KDEN,KPDX
5266,KDFW,KFAT
5267,EPMO,EIDW
5268,VABB,OTHH
5269,KEWR,KORD
5270,LEBL,EBBR
5271,KSFO,KFLL
5272,KPHX,KONT
5273,EDDP,LIMC
5274,GMMN,LEBL
5275,RJTT,RJBB
5276,KLAX,KPDX
5277,LYBE,ULLI
5278,EIDW,EINN
5279,EDLW,LEPA
5280,KAUS,KDAL
5281,KLAX,KSNA
5282,PANC,RCTP
5283,YSSY,YPAD
5284,KBJC,KCOS
5285,KOKC,KLAS
5286,LLBG,LTFJ
5287,KSEA,KBLI
5288,LSGG,EBBR
5289,KSFO,KPAE
5290,KLAX,KLAS
5291,LEMG,EGNT
5292,KMIA,KBWI
5293,YMML,YBCG
5294,KSFO,KFAT
5295,EDDP,VHHH
5296,FAOR,FACT
5297,KDEN,KBWI
5298,KOSU,OI39
5299,KDEN,KBTF
5300,KPHX,KHHR
5301,KSEA,KFAT
5302,LEMD,LFPG
5303,LIEE,LIME
5304,KIAH,KDEN
5305,OMDB,LFPG
5306,KATL,KSAT
5307,KDFW,KDEN
5308,YMMB,YMEN
5309,KSFO,KLAX
5310,KLAX,KSEA
5311,KE63,KGYR
5312,LPMA,LPPT
5313,KPDK,K26A
5314,LFPG,EGSS
5315,KDFW,KTUL
5316,KPDX,KPHX
5317,KLGB,KCPM
5318,YMML,YMHB
5319,RJAA,RCTP
5320,EFHK,EFOU
5321,LSGG,EDDM
5322,LEPA,LEMD
5323,OMDB,EBBR
5324,KONT,KSEA
5325,ESSA,EDDF
5326,KOAK,KLAS
5327,LYBE,EKCH
5328,KLAX,KS03
5329,RJFF,RJTT
5330,KLAS,KOMA
5331,KDEN,KMDW
5332,LFBO,LFPO
5333,LHBP,EHAM
5334,KDTW,KJFK
5335,KDFW,KSEA
5336,LIMC,LLBG
5337,YMMB,YBUP
5338,KSFO,KLAX
5339,EDDL,EDDF
5340,EDDN,LHBP
5341,ESGG,EKBI
5342,KPHX,KBOI
5343,YMMB,YMNG
5344,EDDP,VHHH
5345,EFHK,ESSA
5346,KLAS,KPAE
5347,KDEN,KJFX
5348,LIPE,LIBR
5349,KDEN,KSFO
5350,OTHH,ELLX
5351,NZCH,YMML
5352,KCMA,KVNY
5353,KSAN,KSFO
5354,KDFW,KLAS
5355,ELLX,OTHH
5356,KLAX,KOAK
5357,EDDB,EGSS
5358,EDDN,EHAM
5359,LIBD,LIMC
5360,UUDD,ULLI
5361,OMDB,EKCH
5362,ESGG,ESSA
5363,YSSY,OMDB
5364,KDEN,KSAN
5365,KSAN,KLAS
5366,LIPE,LICJ
5367,VABB,VOMM
5368,LIME,LIPE
5369,WSSS,WBSB
5370,ENGM,ENZV
5371,ULLI,UUWW
5372,EETN,ESSA
5373,LIML,EHAM
5374,SBGR,OMDB
5375,KLAX,EGLL
5376,RJTT,RJOA
5377,KSEA,KLAX
5378,KORD,KATL
5379,ESGG,EDDF
5380,KALB,KEWR
5381,KIAH,KPHX
5382,ENGM,ENVA
5383,KBUR,KVNY
5384,ESSA,EDDM
5385,KLAS,KSNA
5386,VABB,VIDP
5387,LEMD,LEIB
5388,KSFO,KSAN
5389,NZAA,NZWR
5390,LFPG,GMMN
5391,KDEN,KBNA
5392,LEPA,LEBL
5393,KPHX,KMDW
5394,EBBR,LFPG
5395,KBOS,EINN
5396,LFBO,EBBR
5397,KSNA,KOAK
5398,EPWA,EDDF
5399,CYWG,CYYZ
5400,KDFW,KLAS
5401,KSQL,CA66
5402,KPHX,KLAS
5403,LEBL,EGSS
5404,VHHH,OMDB
5405,KSYR,KEWR
5406,KBOS,KEWR
5407,KSBP,KPHX
5408,88AZ,KFFZ
5409,EDDF,EBBR
5410,RJBB,RCKH
5411,LIRA,LROP
5412,VIDP,VOMM
5413,EVRA,EETN
5414,KOAK,KSAN
5415,EKCH,LFPG
5416,KPHX,KOAK
5417,LFBO,LFFW
5418,EBBR,LIPZ
5419,ENGM,EHAM
5420,EDDB,LIRA
5421,EPGD,EETN
5422,KSAN,KPDX
5423,KBNG,KHMT
5424,NZCH,NZAA
5425,YPKL,YMMB
5426,KLAS,KONT
5427,LEBL,EDDP
5428,KDAL,KLAS
5429,KPHX,KONT
5430,KSEA,KGPI
5431,EFHK,LFPG
5432,VHHH,RPLL
5433,UAAA,OMDB
5434,YGIG,YPEA
5435,YMMB,YMPC
5436,LPPT,EHAM
5437,LIME,LIPY
5438,KE63,KFFZ
5439,KLAX,ELLX
5440,EKYT,EHAM
5441,NZTG,NZAA
5442,ESSA,EHAM
5443,RJOO,RJTT
5444,KSFO,KEWR
5445,EFHK,EDDM
5446,NZAA,NZCH
5447,YSSY,YMML
5448,LEMG,EKBI
5449,OMDB,EDDL
5450,KLAX,KBOS
5451,YWLM,YBCG
5452,LROP,LIME
5453,LLBG,LHBP
5454,KEWR,KFLL
5455,NZAA,NZWN
5456,KFLL,KDFW
5457,LFPO,LPPR
5458,KDEN,KMDW
5459,KPHX,KSNA
5460,KLAX,KLAS
5461,KIAH,KDFW
5462,ENHD,ENBR
5463,KAGC,KHEF
5464,KSJC,KLAS
5465,KSAN,KSJC
5466,EDDF,LEPA
5467,LFQQ,LFBO
5468,YSSY,YSCB
5469,LOWW,LLBG
5470,KSEA,KPDX
5471,LIRF,EHAM
5472,KLGA,KSYR
5473,KDFW,KFLL
5474,ENZV,ENBR
5475,KLAX,KJFK
5476,LFML,LFBD
5477,KONT,KPDX
5478,YMEN,YBSS
5479,KMDW,KATL
5480,LIPZ,LJLJ
5481,OMDB,OBBI
5482,KSMF,KSAN
5483,KSMF,KSEA
5484,RJTT,RJAK
5485,LYBE,LFPG
5486,LEZL,LEBL
5487,EFHK,LIRF
5488,KBUR,KSJC
5489,VHHH,WSSS
5490,LROP,LOWW
5491,LIMF,LIRF
5492,LFRS,LFBO
5493,KLAS,KMCI
5494,KONT,KOAK
5495,VABB,OMDB
5496,EKCH,EBBR
5497,OMDB,EDDF
5498,EDDF,VIDP
5499,UUDD,UWKD
5500,VOBL,VHHH
5501,LFBD,LIPE
5502,VHHH,RJBB
5503,EIDW,CYYZ
5504,YWIO,YSBK
5505,VOMM,VABB
5506,VIDP,VOTP
5507,OTHH,SBGR
5508,LIEA,LIML
5509,KLAS,KRDU
5510,EKAH,EKCH
5511,KIAD,KFRG
5512,NZAA,YBBN
5513,KSMF,KLAS
5514,OMDB,KBOS
5515,LEMD,LIRA
5516,YPPH,YPAD
5517,AZ19,KTUS
5518,EBBR,LEMG
5519,EDDB,LFPG
5520,YMEN,YBLT
5521,KLAX,KOAK
5522,EDDK,EDDS
5523,KDFW,KSTL
5524,KSEA,KLAX
5525,SKBO,SPJC
5526,EGNX,EGPH
5527,KFLL,KLAX
5528,YKAT,YSBK
5529,KJFK,LLBG
5530,ESTA,ESSB
5531,EBBR,LSGG
5532,OMDB,LKPR
5533,LFPO,LFBO
5534,LOWW,EGLL
5535,VABB,OMDB
5536,YSSY,YPAD
5537,RCTP,VMMC
5538,LSGG,EDDF
5539,KOSU,KPWK
5540,LIMC,LFPG
5541,LIME,EGSS
5542,KSTL,KOSU
5543,LPPT,LFPG
5544,KLAX,KSEA
5545,UMMS,UUEE
5546,VIDP,VECC
5547,KSNA,KSFO
5548,KSAN,KJFK
5549,KATL,KSTL
5550,VHHH,RJBB
5551,OMDB,LSZH
5552,KDEN,KOAK
5553,KSDF,KDFW
5554,RCQC,RCNN
5555,YBUN,YPJT
5556,KMQY,07KY
5557,EVRA,EGKK
5558,EHAM,LFPG
5559,SBGL,SBKP
5560,LEBL,LEIB
5561,LGAV,LGRP
5562,KDEN,KPHX
5563,LOWW,LHBP
5564,VOMM,VIDP
5565,KORD,PANC
5566,VGTJ,OTHH
5567,LHBP,LFPG
5568,VIDP,OTHH
5569,EPKK,EGSS
5570,LROP,LLBG
5571,YSCB,YBBN
5572,KSLC,KSAN
5573,VECC,VIDP
5574,KDEN,KPDX
5575,EVRA,EDDF
5576,RCTP,RJAA
5577,KLAX,KSJC
5578,LIMC,EBBR
5579,SPJC,KMIA
5580,YPPF,YPAD
5581,KPHX,02XS
5582,KSFO,WSSS
5583,LIEA,LIRF
5584,VOMM,OMDB
5585,LFML,EGSS
5586,RJTT,RJOO
5587,EGBB,EHAM
5588,RPLL,VHHH
5589,LEBL,EDDF
5590,KSJC,KSAN
5591,KLAS,KLAX
5592,YSSY,YBCG
5593,KLUK,KCLT
5594,LFBO,LFPG
5595,VECC,VIDP
5596,LIPZ,LIRF
5597,YMES,YSLT
5598,CYYC,CYYZ
5599,KSDF,KMDW
5600,VOBL,VIDP
5601,LIBD,LIRF
5602,KORH,KTEB
5603,KSLC,KPSP
5604,PANC,KATL
5605,KILN,KSEA
5606,EDDB,EDDF
5607,SKBO,KEWR
5608,KDFW,KPHX
5609,KDEN,KSEA
5610,LIME,LIEA
5611,LTFJ,LTAC
5612,NZGB,NZAA
5613,EDDM,EDDF
5614,EDDW,EDDM
5615,EDDK,EDDH
5616,LIPE,LIRF
5617,KDFW,KOKC
5618,EDDP,OBBI
5619,YSSY,YSCH
5620,VABB,VIDP
5621,YTDN,YMMB
5622,EKBI,EDDF
5623,EFHK,LEMG
5624,YSSY,YSWG
5625,EVRA,EDDB
5626,ESGG,ESSB
5627,ESSB,EBBR
5628,LPFR,LPPT
5629,EIDW,EHAM
5630,EHAM,LEMG
5631,KFLL,KTPA
5632,RPLL,OBBI
5633,KIAH,KLAS
5634,EGPH,EHAM
5635,EDLW,EDDM
5636,KAPA,KSUS
5637,LSZH,EHAM
5638,LSGG,LFPB
5639,RJFF,RJTT
5640,VIDP,VOMM
5641,LIBD,LIMC
5642,YBAF,YSPE
5643,ENVA,ENGM
5644,LEMD,EDDP
5645,LFKJ,LFPO
5646,KPHL,KSYR
5647,EPWA,EDDM
5648,KDEN,KLAX
5649,LEBL,LEIB
5650,EDDS,LOWW
5651,KROC,KBUF
5652,ESSA,UUWW
5653,WSSS,RCTP
5654,YSBK,YPEC
5655,LFPO,LFBO
5656,ENBR,ENGM
5657,LSZH,EKCH
5658,EIDW,KIAD
5659,KPHX,KSFO
5660,KLAS,KOAK
5661,KPHL,KMSP
5662,LIEE,LIML
5663,KSEA,KDTW
5664,PANC,KMSP
5665,OMDB,KJFK
5666,YBBN,WSSS
5667,EDDH,LOWW
5668,KATL,KMCO
5669,LFPO,LEPA
5670,LPPR,LFPO
5671,LEBL,LFPO
5672,LFKJ,LFML
5673,EGCC,EHAM
5674,LIME,LEMD
5675,LEMD,LKPR
5676,EGSS,LHBP
5677,YMML,YWLM
5678,KLAS,KSFO
5679,EGNX,EGAA
5680,KPVU,KLAX
5681,LSZR,LOWW
5682,PAEN,PANC
5683,LEMG,LSGG
5684,NZAA,NZPM
5685,KSEA,KOAK
5686,LEZL,LEBL
5687,EDDH,EDDM
5688,EDDL,EDDH
5689,EHEH,LPPT
5690,EIDW,LFPG
5691,EDDK,LOWW
5692,EDDV,LEPA
5693,KSAN,KONT
5694,KDEN,KSTL
5695,WSSS,RCTP
5696,KDEN,KLAS
5697,ENVA,ENZV
5698,KLAS,KPHX
5699,LPPT,ELLX
5700,LEMD,LPPT
5701,PANC,KORD
5702,LEPA,LEZG
5703,UUWW,UWKD
5704,KCLT,KHSV
5705,KSLC,KSJC
5706,EGAA,EGSS
5707,KLAX,KPDX
5708,EKCH,ENZV
5709,EDDH,EBBR
5710,KPHX,KSLC
5711,YMML,YSSY
5712,LIPQ,LIRF
5713,KLAS,KMIA
5714,ESSA,EBBR
5715,LGAV,LEBL
5716,EVRA,ENGM
5717,KCLT,KDCA
5718,KSAN,KSJC
5719,LEPA,LEMH
5720,LIML,LIRF
5721,LEMH,LEPA
5722,EDDM,EDDH
5723,EDDS,EDVE
5724,EGNT,EHAM
5725,LIME,LDZA
5726,EPPO,EDDF
5727,KLAS,KBUR
5728,EHRD,LEAL
5729,LIEE,LIRF
5730,YMMB,YMEN
5731,ENZV,ENGM
5732,EGCC,LMML
5733,EKCH,EKYT
5734,NZAA,YSSY
5735,RJBB,LFPG
5736,KPWK,KOSU
5737,OTHH,ENGM
5738,VOBL,OMDB
5739,LEMD,LPPR
5740,EDDL,LEPA
5741,EGPF,EHAM
5742,KSLC,KSFO
5743,KDAL,KFLL
5744,LPPR,LPMA
5745,LIML,LFPG
5746,KSJC,KSAN
5747,LEBL,LFOB
5748,EDDM,EDDL
5749,ESGG,EKCH
5750,KLAX,KSFO
5751,LGAV,EDDM
5752,LJLJ,EDDF
5753,KDFW,KSAT
5754,EVRA,ESSA
5755,YBCG,YSSY
5756,KEWR,KLAX
5757,LEMD,EKCH
5758,LIRA,LPPT
5759,LKPR,EHAM
5760,EKYT,EKCH
5761,YPPF,YLYK
5762,KSLC,KLAS
5763,RJOO,RJTT
5764,LEAL,LEBL
5765,EIDW,EDDF
5766,RJFF,RJTT
5767,EPGD,LIME
5768,ULLI,UUWW
5769,EKCH,LEPA
5770,KLAS,KLAX
5771,CYXE,CYYC
5772,KDCA,KMSP
5773,KDFW,KLAX
5774,KSJC,KPDX
5775,EHEH,LEAL
5776,EDDG,EDDM
5777,KLAX,KBWI
5778,LHBP,UKKK
5779,EGSS,EPKT
5780,LEPA,LEBL
5781,LOWW,EDDM
5782,KPHX,KPDX
5783,PANC,KDFW
5784,KDEN,KMCI
5785,EDDL,LOWW
5786,KLAS,KSFO
5787,LFPG,LIRF
5788,EFHK,EGLL
5789,KPHX,KABQ
5790,LFBO,LPPT
5791,KDFW,KORD
5792,KHOU,KDAL
5793,LOWW,EHAM
5794,KSAN,KBOI
5795,KSEA,KBOI
5796,YMAY,YMMB
5797,VOBL,VABB
5798,KLAS,KRDU
5799,YSSY,YSCH
5800,KPHL,KCMH
5801,KCLT,KBNA
5802,EDDF,LFPG
5803,LPPT,LPPD
5804,OTHH,KDFW
5805,LFBO,LPPR
5806,EDDM,EHAM
5807,KPHX,KVNY
5808,UAAA,EHAM
5809,KILN,KDEN
5810,NZCH,NZWN
5811,PANC,KORD
5812,KLAS,KBOI
5813,KSLC,KLAS
5814,KORD,KDFW
5815,EBCI,EVRA
5816,EGCC,EDDF
5817,YMML,YBCG
5818,EKYT,EKCH
5819,KSEA,KPHL
5820,LFBO,LFPO
5821,KSCK,KLAS
5822,LFPG,EDDF
5823,FAOR,FACT
5824,EDDF,EHAM
5825,LROP,LEMD
5826,YWLM,YMML
5827,LEMG,LEBL
5828,KPHL,KROC
5829,LSGG,LIMC
5830,KLAX,KFLL
5831,CYHM,KJFK
5832,KLAS,KIWA
5833,LGAV,EGLL
5834,EGNT,EGLL
5835,LFNR,LFPG
5836,KPHX,KBOS
5837,KAUS,KDEN
5838,LIMC,LIBD
5839,KEWR,KLAS
5840,KBUY,KIAD
5841,RCTP,PANC
5842,YSBK,YKAT
5843,KLAX,KPHX
5844,KORD,EDDF
5845,LFML,LFPO
5846,LPPT,EDDM
5847,EPWA,UKKK
5848,LFPO,LEMD
5849,YSSY,YBBN
5850,VECC,VOBL
5851,YSLT,YMES
5852,EDDK,EDDB
5853,LEBL,LEPA
5854,KSEA,PANC
5855,EPKK,EDDF
5856,OTHH,EHAM
5857,LSZH,LEMG
5858,EGAA,EGKK
5859,SPJC,KMIA
5860,KSDF,KPHL
5861,KSNA,KDFW
5862,EGBB,EDDF
5863,VHHH,RCTP
5864,VOBL,VOMM
5865,CYYC,CYHM
5866,OMDB,KSFO
5867,YSSY,YMAY
5868,LEBL,EGLL
5869,KSEA,KSFO
5870,EDDK,LSZH
5871,LLBG,LGAV
5872,KPDX,KSEA
5873,YMMB,YMEN
5874,LDZA,EDDF
5875,EFHK,EHAM
5876,LEAL,EDDW
5877,OTHH,EGCC
5878,KSAN,KJFK
5879,LOWW,LFPG
5880,EIDW,KORD
5881,EDDF,LIMC
5882,EETN,EFHK
5883,KSFO,KBOS
5884,KSEA,KPDX
5885,YBBN,YSSY
5886,PAEN,PANC
5887,KPHL,KLAS
5888,YGIG,YPEA
5889,YBCG,YSSY
5890,LYBE,EHEH
5891,KLAX,71MI
5892,KDFW,KSLC
5893,KLGB,KBUR
5894,OTHH,EGLL
5895,YPPH,YSCB
5896,KPIT,5PA3
5897,KSEA,KJFK
5898,LSZH,LOWW
5899,KJFK,LLBG
5900,LEBL,EHAM
5901,LHBP,EDDF
5902,EGCC,LPFR
5903,NZOM,NZWN
5904,LTFJ,LLBG
5905,KLAX,KLAS
5906,YSSY,YPAD
5907,SKBO,KJFK
5908,LRBS,LRSB
5909,YBBN,YSCB
5910,LIMC,EDDM
5911,OMSJ,UUDD
5912,EIDW,LEBL
5913,LIPE,EDDB
5914,EDDF,EDDM
5915,EDDL,EDDM
5916,KSEA,KOAK
5917,KPHX,KIWA
5918,OTHH,LIRF
5919,EDDH,EDDF
5920,YBBN,YPAC
5921,KSFO,KATL
5922,LEMG,LEPA
5923,KSUS,KMKC
5924,LGAV,EBBR
5925,LIMJ,LIRF
5926,EKYT,EKCH
5927,LSZH,EDDH
5928,LIML,LICJ
5929,LEMD,EHAM
5930,OMSJ,UKBB
5931,KLAX,KOAK
5932,EIDW,BIKF
5933,KGYR,13AZ
5934,KLAS,KSAN
5935,OTHH,ESSA
5936,KSLC,KBOI
5937,VIDP,VABB
5938,ESMS,ESSB
5939,LEPA,EDDB
5940,LLBG,EHAM
5941,LGAV,LOWW
5942,KLAS,KSEA
5943,LEMD,EDDF
5944,LEIB,LEMD
5945,KFLL,KPHL
5946,EGGP,EPMO
5947,NZRO,NZAA
5948,YMMB,YMEN
5949,KSAT,KDAL
5950,KPHX,KSJC
5951,ULLI,UUEE
5952,KSEA,KBOS
5953,KBUR,KBFI
5954,LEBL,LEMD
5955,YLIL,YMMB
5956,LEAL,LEPA
5957,LEMD,EGSS
5958,KPHX,KSAN
5959,NZHN,NZWN
5960,LLBG,UUEE
5961,YBBN,YHBA
5962,KMIA,EHAM
5963,LEPA,EDLW
5964,NZTG,NZWN
5965,NZCH,NZAA
5966,LSGG,EHAM
5967,EGCC,LPFR
5968,LFBO,EDDM
5969,LTFJ,LSZH
5970,KEWR,KBWI
5971,KSLC,KOAK
5972,CYHM,CYYC
5973,VIDP,VOBL
5974,ESSA,EFHK
5975,OTHH,KMIA
5976,LEMD,LEBL
5977,YRTI,YPJT
5978,EDDL,LIMC
5979,LEBL,LEMG
5980,LFPG,LFBD
5981,ZGSZ,ZUCK
5982,LGAV,EDDF
5983,RJFF,RJTT
5984,KSLC,KLAX
5985,EKCH,ENCN
5986,LEPA,EDDB
5987,KSDF,IS40
5988,LSGG,LFPG
5989,YSSY,YKEL
5990,RJBB,RJTT
5991,EFHK,LPPT
5992,EIDW,LEMG
5993,LFPG,GMMN
5994,LFPG,LIPE
5995,LEMD,LFPO
5996,ZGSZ,WSSS
5997,LEBL,LIRF
5998,KSAN,KPDX
5999,LIML,EGLL
6000,NZCH,NZAA
6001,KSEA,KBOI
6002,EDDS,EDDH
6003,ELLX,LIMC
6004,NZWN,NZCH
6005,KDFW,KSDF
6006,EPWR,EDDF
6007,KFLL,KORD
6008,KORD,KCMH
6009,KNYL,KMYF
6010,KLAS,KSLC
6011,EGSS,LEMD
6012,KBWI,KBNA
6013,NZAA,NZAP
6014,UUEE,UWKD
6015,LFPG,EDDM
6016,LEPA,LEIB
6017,LEMD,EDDM
6018,YSCB,YSSY
6019,YSSY,YSTW
6020,EGLL,LFPG
6021,LFPO,LPPT
6022,KLAX,KSJC
6023,OTHH,LEMD
6024,LFPG,LIML
6025,ESGG,EPWA
6026,LIPZ,EDDM
6027,KSMF,KATL
6028,RJAA,RCTP
6029,FAOR,FACT
6030,LEMD,LIRF
6031,EKCH,EGCC
6032,EDDF,EDDH
6033,KPHX,KSFF
6034,EGLL,EHAM
6035,LMML,LIRF
6036,KSAN,KPHX
6037,EGSS,LIRA
6038,EPWA,EPSC
6039,LPPR,LPPT
6040,EPKK,LIME
6041,OTHH,LFPG
6042,KLAS,KMCO
6043,LOWW,EBBR
6044,KJFK,KBOS
6045,EIDW,EGCC
6046,EGPH,LEBL
6047,YBMC,YSSY
6048,EBBR,EGCC
6049,ESSA,ENGM
6050,CYYZ,CYYC
6051,EHRD,LEMG
6052,LOWW,EDDF
6053,EDDF,LEMD
6054,KDFW,KPHX
6055,VIDP,OMDB
6056,KBWI,KPHL
6057,UUEE,ULLI
6058,VOMM,VIDP
6059,EDDB,EDDK
6060,KFLL,KEWR
6061,OTHH,KATL
6062,RCTP,PANC
6063,LSZH,EBBR
6064,ULLI,ULMM
6065,EGSS,LIEE
6066,EIDW,EBBR
6067,LGAV,LGSA
6068,EPWA,EYKA
6069,KIAD,KABE
6070,OTHH,RPLL
6071,TJSJ,KEWR
6072,KBFI,CYVR
6073,LPPR,EGSS
6074,ENVA,ENGM
6075,LTBA,LLBG
6076,KLAX,KMCO
6077,KSEA,KMCO
6078,EBBR,LFBD
6079,SBVT,SBKP
6080,YSCB,YMML
6081,VABB,OMDB
6082,CYYZ,VHHH
6083,LEPA,LEIB
6084,EKCH,EKRN
6085,KMKC,KDAL
6086,LPPT,EGSS
6087,LEMD,LEPA
6088,EGNP,EPKK
6089,LFPG,DAAG
6090,TJSJ,KEWR
6091,KPTK,KDPA
6092,RCTP,VHHH
6093,LEAL,EGAC
6094,YMML,WSSS
6095,EGSS,EVRA
6096,KPHX,KEWR
6097,LEMD,EDDM
6098,KLAX,EDDP
6099,OTHH,KORD
6100,YSSY,YPAD
6101,RPLL,OEDR
6102,LEIB,LEPA
6103,RJTT,RJOA
6104,LEMD,EBBR
6105,KFFZ,KTUS
6106,SPJC,KJFK
6107,LOWW,EDDL
6108,LOWW,LSZH
6109,EDDL,LPFR
6110,YBBN,YSSY
6111,KLAS,KLAX
6112,NZWN,NZCH
6113,OMDB,KDFW
6114,KLAX,NZAA
6115,KPHX,KSAN
6116,LKPR,LOWW
6117,LSZH,LFPG
6118,KSLC,KLAX
6119,OTHH,LKPR
6120,NZAA,NZWN
6121,KSFO,KLAX
6122,RJTT,RJFF
6123,LSGG,LEMD
6124,KDAL,KSTL
6125,EPWA,EGLL
6126,KLGB,KEMT
6127,VABB,WSSS
6128,YPPH,YSSY
6129,EGSS,EIDW
6130,KLAX,KSFO
6131,KSEA,KPDX
6132,EGNX,EPWR
6133,LIML,LIBD
6134,OTHH,LEBL
6135,LTFJ,LTFE
6136,LOWW,LROP
6137,EBBR,EDDM
6138,LFPO,LEMD
6139,EGGW,LPFR
6140,OMDB,UKBB
6141,EGSS,EKCH
6142,LGAV,LIRF
6143,VHHH,RCTP
6144,KLAX,KSFO
6145,YSSY,YBCG
6146,LEBL,LIMC
6147,KPHX,KSEA
6148,EHEH,LEMG
6149,OTHH,CYUL
6150,KLAS,KABQ
6151,EGSS,LIRP
6152,KBNA,KLAS
6153,YSSY,YSWG
6154,LEMG,EDDK
6155,LEMD,LFBO
6156,KLAS,KMCO
6157,LGAV,LEBL
6158,KSAN,KMIA
6159,RJTT,RJOO
6160,YPJT,YSEN
6161,KLUK,KDPA
6162,OMDB,WSSS
6163,EIDW,LFPG
6164,LROP,LFPG
6165,LFPG,LFBO
6166,OTHH,LEZG
6167,KPHX,KLAS
6168,KFXE,KWDR
6169,EGNX,EDDP
6170,OTHH,LHBP
6171,LEMD,LEAL
6172,RCTP,VHHH
6173,LIRF,LEMD
6174,YPPH,YSSY
6175,EDDP,UUDD
6176,KLAS,KPHL
6177,CYHM,CYMX
6178,KLAX,71MI
6179,EDDM,LOWW
6180,KFAT,KLAS
6181,KTEB,KHEF
6182,LGAV,LSZH
6183,KSEA,KATL
6184,UUEE,OMDB
6185,EGPD,EGLL
6186,KSAN,KLAS
6187,LFPG,EHAM
6188,ENBR,ENZV
6189,KLAS,KDTW
6190,EGCC,EGLL
6191,KGYR,KSDL
6192,EFOU,EFHL
6193,LGAV,EDDM
6194,KDAL,KTUL
6195,KORD,KMKE
6196,RJAA,RCTP
6197,LEMD,LPPR
6198,EGPF,EGBB
6199,KFHR,KHIO
6200,KSAN,KSFO
6201,CYVR,CYYZ
6202,EIDW,EINN
6203,LEBL,LFPB
6204,KSDF,KPHX
6205,EHEH,LEPA
6206,EPWA,EBBR
6207,LIMC,EDDK
6208,LGAV,LSGG
6209,VHHH,VIDP
6210,UUWW,ULLI
6211,UUEE,LIMC
6212,KDEN,KOMA
6213,KSEA,KBOS
6214,ESSB,ESMS
6215,EPWA,EDDM
6216,KECP,KPNS
6217,LTFJ,EHAM
6218,KPHX,KJFK
6219,EGPH,EGLL
6220,OTHH,LIMC
6221,LIML,LEMD
6222,KTUS,AZ19
6223,ENBR,ENGM
6224,KLAS,KOAK
6225,LFMN,LFPO
6226,NZWN,NZHN
6227,KFUL,KAVX
6228,KDEN,KPHX
6229,EPWA,EDDL
6230,KLAX,KPHL
6231,WSSS,RJTT
6232,KPHX,KJFK
6233,KSAN,KATL
6234,LEMD,LPPT
6235,KSFO,KBOS
6236,OTHH,VOBL
6237,KSEA,KBWI
6238,EDVE,EDDM
6239,EGAC,EGLL
6240,LOWS,EHAM
6241,FAOR,FACT
6242,LGAV,EGSS
6243,ENBR,ENZV
6244,EPWA,LFPG
6245,NZAA,NZPM
6246,SBGR,SBGL
6247,LPPR,LFOB
6248,LFPO,LFBO
6249,LEMD,LEMG
6250,YMMB,YLIL
6251,YBMC,YMML
6252,KDEN,KBOS
6253,KSFO,KLAS
6254,LEBL,EDDM
6255,VIDP,VABB
6256,ESKN,EPGD
6257,OTHH,EKCH
6258,RCTP,VHHH
6259,YBBN,YSSY
6260,EPWA,LHBP
6261,LGAV,LGSO
6262,YPAD,YSCB
6263,YGIG,YPEA
6264,YBBN,YSCB
6265,KYIP,KGYY
6266,KLAX,YMML
6267,SKBO,KDFW
6268,UUWW,ULLI
6269,PANC,KMSP
6270,YBCG,YSSY
6271,EPWA,LSGG
6272,NZAA,NZWN
6273,LIML,LIRZ
6274,LPPR,LPMA
6275,VHHH,CYYZ
6276,RJBB,RJAA
6277,OMDB,KORD
6278,EDDS,EPKK
6279,YPAD,YPPH
6280,EDDM,EDDF
6281,EGPF,EGSS
6282,KLAX,KBOS
6283,YSCB,YBBN
6284,EGSS,LPFR
6285,EGLC,EGPH
6286,CYHM,CYMX
6287,EPWA,LIMC
6288,EVRA,UUWW
6289,YSSY,YBTH
6290,ENGM,ENZV
6291,YSSY,YSCB
6292,EGGD,EGPH
6293,LEMD,LEBL
6294,YSCB,YWLM
6295,KLAX,YSSY
6296,EINN,EGSS
6297,LTFJ,EHAM
6298,EDDF,LFPG
6299,KPHX,KNYL
6300,KDEN,KLAS
6301,KSEA,KYKM
6302,KCRQ,KVNY
6303,OTHH,EGLL
6304,LTFJ,LFPG
6305,EGLL,EBBR
6306,LEMD,EGKK
6307,LOWS,EDDK
6308,KLAX,KATL
6309,YSSY,YSCB
6310,EGGD,EGAA
6311,KBNA,KMCI
6312,KSEA,KPDX
6313,RJBB,RPLL
6314,EGNX,LEPA
6315,KBED,KHVN
6316,KPHX,KLAS
6317,EIDW,EHAM
6318,KDEN,KBOI
6319,EKCH,LSZH
6320,YBCG,YSCB
6321,EPWA,LSZH
6322,KLAX,KFLL
6323,EGPF,EGGW
6324,UWWW,UUEE
6325,EGGP,EGAA
6326,EGLC,EGAC
6327,KFLL,KATL
6328,OTHH,EDDF
6329,RJAA,RJFF
6330,VOBL,VIDP
6331,LHBP,LIMC
6332,OMDB,LIMC
6333,KLAX,KBOS
6334,ESSA,ESMS
6335,YSSY,YMML
6336,LIML,LIRF
6337,EIDW,EDDF
6338,CYWG,CYMX
6339,UUWW,LHBP
6340,KLAX,KSAN
6341,LLBG,LFPG
6342,EFHK,EFTU
6343,EPWA,EHAM
6344,LEMD,EGLL
6345,EGPF,EGLL
6346,LIBD,LIML
6347,LIMC,OTHH
6348,VOBL,VECC
6349,VAPO,VIDP
6350,KFFZ,88AZ
6351,KPHX,KLAS
6352,EPWA,LKPR
6353,EKCH,ENBR
6354,YPAD,YPPH
6355,LPPT,LPPR
6356,LIRF,LIML
6357,ULLI,UUWW
6358,KCPS,K3K6
6359,RJOO,RJTT
6360,KLAX,KMCO
6361,NZAA,NZWN
6362,KSEA,KGEG
6363,KPHX,KMCO
6364,EPWA,ESSA
6365,UUEE,ULLI
6366,YSCB,YSSY
6367,RJTT,RJOO
6368,KSAN,KORD
6369,EGJB,EGKK
6370,FAOR,FACT
6371,KLAS,KJFK
6372,EDJA,EDDW
6373,WSSS,VHHH
6374,CYHM,CYVR
6375,TJSJ,KJFK
6376,EGPH,EGKK
6377,YSSY,YMML
6378,KPHX,KPHL
6379,ESKN,EPMO
6380,VHHH,VHSK
6381,LEPA,LEMD
6382,LSGG,LFPB
6383,KLAX,KSBA
6384,LFML,LMML
6385,CYWG,CYHM
6386,ELLX,SBKP
6387,EHAM,LFPG
6388,EPWA,ENGM
6389,EKCH,ENZV
6390,YSCB,YMAY
6391,EDDS,EDSE
6392,EGKK,EGJJ
6393,KSLC,KJFK
6394,EGAA,EGCC
6395,KLAX,KMCO
6396,EGKB,LIML
6397,NZAR,NZNE
6398,LEBL,LEMD
6399,VHHH,RJAA
6400,ULLI,UUWW
6401,LDZA,LOWW
6402,LSGG,LFPB
6403,EDDP,EDDS
6404,KLAS,KBOS
6405,KPHX,KLAS
6406,KSFO,KEWR
6407,LEMD,LIMC
6408,KSAN,KPHL
6409,LPPT,LPMA
6410,EGKK,EDDS
6411,PANC,KLAX
6412,KSFO,KJFK
6413,ESSA,LEPA
6414,KSEA,6WA3
6415,EGGW,UKKK
6416,KDEN,KCOS
6417,KLAS,KONT
6418,EBBR,LFPG
6419,EPWA,EDDF
6420,YSSY,YBBN
6421,EDDH,LEPA
6422,RJTT,RJOO
6423,KTUL,KDAL
6424,KEMT,KCPM
6425,NZNV,NZCH
6426,LEMD,LEAL
6427,EKCH,ENGM
6428,KSLC,KBOS
6429,KLAS,KCMH
6430,NZCH,NZHN
6431,KSDF,KBFI
6432,EGNX,EDDP
6433,YBAF,YWSG
6434,YBBN,YSSY
6435,EPWA,EKCH
6436,YSSY,YPAD
6437,LPPT,LPMA
6438,RCSS,RJTT
6439,UUEE,EHAM
6440,YBBN,YPAD
6441,KLAX,YSSY
6442,YSWG,YSSY
6443,KSFO,KMIA
6444,VHHH,RPLL
6445,YPPH,YPAD
6446,ENGM,ENZV
6447,PANC,KORD
6448,LEPA,EDDM
6449,KPHL,KDEN
6450,K74S,KBFI
6451,UUEE,UWKD
6452,UUWW,UWLL
6453,EPWA,LOWW
6454,EDDF,EGLL
6455,KSEA,KIAD
6456,CYYZ,VHHH
6457,LSZH,LSZA
6458,RJFF,RJTT
6459,YMML,YSSY
6460,LEMD,LEBL
6461,YBBN,YSSY
6462,LPPT,LEMG
6463,LIPD,LIPQ
6464,RJTT,RJFF
6465,KLAS,KCLT
6466,EKYT,EKCH
6467,LEIB,LEMD
6468,LIML,LIRA
6469,KTOA,KLGB
6470,LEBL,LEPA
6471,KPHX,KFLL
6472,LSZH,EDDF
6473,KSEA,PANC
6474,LEMD,EIDW
6475,LDZA,EHAM
6476,EGPE,EGLL
6477,VIDP,OMDB
6478,LMML,LFOB
6479,EDDM,LHBP
6480,KPDX,KATL
6481,LEPA,LSZM
6482,RJTT,RJFF
6483,ULLI,UUEE
6484,UUWW,ULLI
6485,PANC,KORD
6486,EKCH,ESSA
6487,LIRF,LICJ
6488,OTHH,KJFK
6489,ENZV,ENGM
6490,KSDF,KRDU
6491,LIRA,LOWW
6492,KMDQ,KPDK
6493,VECC,VIDP
6494,EKCH,EBBR
6495,SPJC,KMIA
6496,ULLI,LFPG
6497,LEMD,LSZH
6498,RJTT,RJBB
6499,ENGM,ENHD
6500,EDDF,LFML
6501,LEPA,LEIB
6502,KSEA,KEWR
6503,EGCC,BIKF
6504,LEMD,LFML
6505,KJFK,SKBO
6506,KLAX,WSSS
6507,KSEA,KBOS
6508,OTHH,YSSY
6509,KPHX,KLAX
6510,LEIB,LEBL
6511,UUEE,LOWW
6512,EGLL,LIML
6513,EGPH,EGAA
6514,LEBL,DAAG
6515,YSCB,YSSY
6516,ESSA,EFHK
6517,KDEN,KABQ
6518,YWLM,YSSY
6519,KSEA,KSFO
6520,LPPT,LSGG
6521,VGTJ,OERK
6522,LTFJ,EGSS
6523,RJFF,RJAA
6524,YCBG,YMML
6525,KLAS,KPHL
6526,ESSA,ESGG
6527,KLAX,KATL
6528,EBBR,LSGG
6529,OTHH,KIAD
6530,LEMH,LEBL
6531,KLAX,RPLL
6532,EGSS,LEMG
6533,RJFF,RJTT
6534,RCTP,RPLL
6535,RJBB,RJTT
6536,ULMM,UUDD
6537,KLAX,KBWI
6538,KRFD,KSDF
6539,KSAN,KSJC
6540,EBBR,EHAM
6541,LFRZ,LFBO
6542,WBKK,WMSA
6543,VOBL,EDDP
6544,CYYC,CYYZ
6545,YBBN,YPAD
6546,KSFO,KORD
6547,EGSS,LIRZ
6548,EIDW,EGLL
6549,NZCH,NZAA
6550,PANC,KORD
6551,EFOU,EFHK
6552,LEMD,EDDH
6553,LIME,LEBL
6554,KLAX,YSSY
6555,EKCH,EKYT
6556,LPFR,EGBB
6557,CYVR,CYUL
6558,EGNL,EGGD
6559,VABB,VIDP
6560,YBBN,YSSY
6561,LEMD,LEIB
6562,NZTG,NZAA
6563,KFRG,KIAD
6564,KAUS,KSLC
6565,RCTP,RJBB
6566,YMAY,YSSY
6567,ESSB,ESGG
6568,EHAM,LIML
6569,VHHH,RJBB
6570,KSEA,KGEG
6571,EFHK,LHBP
6572,NZAA,NZCH
6573,YPMQ,YSSY
6574,EETN,EVRA
6575,YSSY,YSCB
6576,KLAX,KLAS
6577,KONT,KJFK
6578,LEMD,LFPO
6579,RCTP,RJAA
6580,YPAD,YSCB
6581,EIDW,EGLL
6582,KDEN,71MI
6583,UKKK,EPWA
6584,KEWR,KLAX
6585,NZWN,NZCH
6586,EDLW,LHBP
6587,EBBR,EDDH
6588,NZPM,NZAA
6589,YBBN,YSTW
6590,KLAX,KEWR
6591,UUWW,ULLI
6592,LIRF,EDDM
6593,RJOO,RJTT
6594,KPHX,KORD
6595,KLAX,KJFK
6596,EIDW,EGKK
6597,LTFJ,EBBR
6598,KATL,KDEN
6599,LLBG,LSGG
6600,KDEN,KFLL
6601,KSDF,KDEN
6602,EDDF,LIPZ
6603,EDDH,EDDL
6604,KPHX,9CA0
6605,LSMF,LSZN
6606,LFBO,LFPO
6607,ESSB,ESSN
6608,KIAD,KBUY
6609,KLAX,YBBN
6610,RJOA,RJTT
6611,KSEA,PANC
6612,KSLC,KJFK
6613,EPWA,EPKT
6614,ESSB,ESTA
6615,VIDP,EDDP
6616,LEBL,LEPA
6617,ENZV,ENVA
6618,KRFD,KRIR
6619,KPHX,KEWR
6620,RPLL,RJAA
6621,PANC,KORD
6622,LIME,LIEE
6623,LPPT,EGLL
6624,LHBP,EDDM
6625,UUEE,EDDM
6626,LFOB,LIRA
6627,LFPG,EBBR
6628,KPHX,71MI
6629,EFHK,UUEE
6630,LFBO,LFQQ
6631,KLAX,KRDU
6632,YMEN,YCEM
6633,LTFJ,EDDB
6634,LPPT,LPMA
6635,EGAC,EGLL
6636,LEPA,LEBL
6637,EDDB,EDDF
6638,NZCH,YBBN
6639,LEMD,LEBL
6640,EDDM,ELLX
6641,EGLF,LFPB
6642,KSFO,YSSY
6643,NZCH,NZPM
6644,EPWA,ULLI
6645,ULLI,UWKD
6646,ENZV,ENBR
6647,LEIB,LEPA
6648,YSCH,YSSY
6649,EGNL,EGNX
6650,LTFJ,ESSA
6651,GMMN,LFPG
6652,KLAX,KDTW
6653,LEMD,LEPA
6654,EDDL,OMDB
6655,VIDP,VABB
6656,LIEA,LIME
6657,EDDH,EDDK
6658,EGLL,LPPT
6659,RPLL,WSSS
6660,UUEE,EBBR
6661,ULLI,UWKD
6662,EGSS,LEPA
6663,LFBO,LFRS
6664,KSLC,KEWR
6665,KPWK,KOSU
6666,NZTG,NZWN
6667,LEMD,LIMC
6668,LIML,LIRA
6669,LEBL,LEPA
6670,YPPH,YSSY
6671,EDDP,EGNX
6672,NZWN,NZHN
6673,EGPH,LPPT
6674,KDEN,KHOU
6675,TJSJ,KEWR
6676,LEZG,LEPA
6677,KLAX,KDFW
6678,OBBI,OMDB
6679,KLAX,RPLL
6680,VHHH,PANC
6681,LIMC,LIBD
6682,EHAM,KJFK
6683,RPLL,RJTT
6684,KSFO,KJFK
6685,LFPG,EHAM
6686,UUEE,LEBL
6687,LEBL,LEZL
6688,ULLI,UUWW
6689,WMKK,YMML
6690,KDEN,KMCO
6691,KPHX,KORD
6692,ENZV,ENBR
6693,VOMM,VIDP
6694,YSCH,YSSY
6695,EGLL,EGPH
6696,NZCH,NZAA
6697,KDAL,KMKC
6698,KSDF,KBOS
6699,FAOR,FACT
6700,FACT,FALA
6701,EDDF,LIPE
6702,KLAS,KFLL
6703,KLNS,KBWI
6704,ENZV,ENBR
6705,EFHK,LKPR
6706,EBBR,LEBL
6707,SBGR,SSJC
6708,LTAC,LTFJ
6709,VHHH,WBSB
6710,KAPA,KMKC
6711,KDFW,KPHL
6712,KAFW,02XS
6713,YBUN,YPJT
6714,LEMD,LSZH
6715,KIWA,KCGZ
6716,VOBL,VIDP
6717,KMIA,KFXE
6718,LIPZ,EBBR
6719,YARM,YSSY
6720,KJFK,KBOS
6721,KSFO,KORD
6722,LEMD,LIML
6723,LHBP,LFPG
6724,LIMC,VIDP
6725,LROP,LIRA
6726,LFOB,EPMO
6727,EDDB,EDDK
6728,YMAY,YSSY
6729,LFML,LFKJ
6730,YBCG,YSSY
6731,LPPT,LFPO
6732,EHAM,LEBL
6733,LIRF,LMML
6734,UUEE,ULLI
6735,EDDV,EDDM
6736,ESMS,EKYT
6737,LEPA,LEAL
6738,YSTW,YSSY
6739,EDDF,LIMC
6740,LIPE,EDDF
6741,LTFJ,EKCH
6742,EGSS,VHHH
6743,ULLI,UUYY
6744,CYVR,CYYZ
6745,KSDF,KONT
6746,EGLL,BIKF
6747,EPWA,EDDH
6748,LSZH,EDNY
6749,LEMD,EBBR
6750,YSSY,NZAA
6751,KSMF,KORD
6752,OTHH,LTFJ
6753,EDWE,EDWR
6754,LEPA,EDDS
6755,VIDP,EDDK
6756,EGPF,EGKK
6757,LEBL,LEAL
6758,EHAM,LEIB
6759,ULLI,UUDD
6760,SKBO,KMIA
6761,WSSS,VHHH
6762,LIRF,EHAM
6763,90KS,KMKC
6764,YSSY,YMML
6765,KORD,KSEA
6766,LFBO,LFPO
6767,LEPA,LEMH
6768,LEMH,LEMD
6769,LFML,LFKB
6770,NZAA,NZPM
6771,FAOR,FACT
6772,KPHX,KATL
6773,LOWW,LROP
6774,RCTP,VHHH
6775,NZCH,NZWN
6776,LEMD,EDDF
6777,YSWG,YSSY
6778,LOWW,EDDS
6779,KSDF,KOAK
6780,YMPC,YMMB
6781,KSDF,KEWR
6782,LSZH,EGLC
6783,YSSY,YWLM
6784,EGSS,EICK
6785,EGCC,EIDW
6786,LFBO,LEGT
6787,LEIB,LEBL
6788,EDDF,LSGG
6789,EDDM,EDDK
6790,LROP,LSZH
6791,LOWS,LSZB
6792,VHHH,RJAA
6793,KOAK,KPHX
6794,KPVD,KEWR
6795,LPPT,LEMD
6796,WMKK,RCTP
6797,EGSS,EDDB
6798,EDDM,LPPR
6799,LEMD,LIRF
6800,RJTT,RJFF
6801,LEBL,LEMH
6802,YPPF,YCVG
6803,VHHH,RJTT
6804,EDDL,EDDM
6805,KLAX,KIAD
6806,EGSS,EGAA
6807,LIMC,LIBD
6808,NZAA,NZWR
6809,KSEA,KDFW
6810,EPSC,EPWA
6811,ULLI,ULMM
6812,RJTT,RJOM
6813,EGPH,EGLL
6814,LILB,LIME
6815,EBBR,OTHH
6816,LEPA,EDDK
6817,ESSA,EVRA
6818,KLAS,KFLL
6819,GMMN,LEBL
6820,EDDF,LIML
6821,EDDM,EDLW
6822,PANC,KSDF
6823,KSEA,02XS
6824,LIRF,LIPZ
6825,EDDF,EBBR
6826,EGSS,LFML
6827,LEMD,LSGG
6828,WSSS,RJBB
6829,YSSY,YBMC
6830,KPDX,KJFK
6831,EFHK,EKCH
6832,OMDB,OEDR
6833,KLAS,KORD
6834,LLBG,LBWN
6835,ENZV,ENVA
6836,UUEE,EGLL
6837,LTFJ,EDDK
6838,UUDD,ULLI
6839,EGLL,LEMD
6840,KHWD,KVNY
6841,YWLM,YMML
6842,LEZL,LEPA
6843,UKBB,EHAM
6844,SKBO,KMIA
6845,LIRF,LIBD
6846,KLAX,KMIA
6847,KSFO,KMSP
6848,KPDX,KORD
6849,LFMN,LFPO
6850,KDEN,KATL
6851,LEMD,EDDM
6852,EKCH,LEPA
6853,EDDM,EDDH
6854,YMML,YSSY
6855,KLAS,KJFK
6856,ESSA,EDDF
6857,LIRF,LFPG
6858,EHAM,LOWS
6859,YHBA,YBMC
6860,LIME,EHEH
6861,EDDM,EDDF
6862,KSFO,KDFW
6863,YBCG,YMML
6864,LSZH,EDDK
6865,LEZL,LFBO
6866,KJFK,CYHM
6867,EDDF,KORD
6868,LDZA,LSZH
6869,KDEN,KJFK
6870,LEMD,LIPZ
6871,LEIB,EHAM
6872,ESSA,LEMG
6873,EPWA,LEBL
6874,KORD,UUEE
6875,EDDM,LOWW
6876,GMMN,LFPG
6877,EDDF,EDDH
6878,KC29,KC47
6879,VHHH,YPPH
6880,LIRF,LEMD
6881,VABB,EGLL
6882,PANC,KPDX
6883,LSZH,LIBD
6884,ESSA,LSZH
6885,YBBN,YSSY
6886,OMDB,OERK
6887,KLAX,KMSP
6888,LTFJ,EBCI
6889,KSDF,KMSP
6890,LIML,LIEE
6891,ESGG,LSZH
6892,KDEN,KMIA
6893,KSFO,RPLL
6894,VHHH,RJAA
6895,EDDF,LEMG
6896,LIRF,LSGG
6897,LEBL,LEMD
6898,NZCH,NZNV
6899,EGSS,LIME
6900,KLAX,KBNA
6901,UAAA,LTBA
6902,EHAM,EGNM
6903,LTFJ,LTAC
6904,LOWW,EDDH
6905,KSDF,KATL
6906,LFML,LFPO
6907,RJTT,RJFF
6908,KSFO,KIAD
6909,KLAS,KMIA
6910,LYBE,LSZH
6911,KGSO,KSDF
6912,KPDK,KTYS
6913,KDFW,KMCI
6914,KABQ,KJFK
6915,YSSY,YSCB
6916,ZGSZ,ZUCK
6917,YSSY,YKEL
6918,ENZV,ENGM
6919,EKCH,EKYT
6920,EDDH,EDDM
6921,EGLL,LLBG
6922,KSEA,KGEG
6923,KORD,CYVR
6924,OBBI,OMDB
6925,WSSS,OMDB
6926,KLAX,KSFO
6927,EGLL,EKCH
6928,EDDM,EDDH
6929,NZAA,NZCH
6930,EGNX,EDDP
6931,OTHH,VOMM
6932,EDDF,EKCH
6933,LIRF,LIEE
6934,KSEA,PANC
6935,RJTT,RJOO
6936,KLAS,KMSP
6937,KIND,KATL
6938,KDEN,KATL
6939,LTFJ,LIMC
6940,KGSO,KHEF
6941,LEMH,LEPA
6942,UAAA,LTBA
6943,LIRF,LICJ
6944,KSEA,KPDX
6945,KDEN,KMIA
6946,LTFJ,OTHH
6947,LEMD,OTHH
6948,LFOB,LEMD
6949,EDDM,EDDL
6950,LFBO,LEMD
6951,ESSB,EBBR
6952,LFPG,OTHH
6953,LEIB,EDDL
6954,LFPG,LSGG
6955,NZCH,NZAA
6956,EGSS,LEBL
6957,LEAL,LEPA
6958,CYWG,CYVR
6959,EHAM,LIPZ
6960,EDDF,EFHK
6961,LDZA,EDDF
6962,LEPA,EDDL
6963,KSEA,KPHL
6964,SKBO,KMIA
6965,LTFJ,LTFE
6966,YSSY,YBBN
6967,LLBG,EGLL
6968,VOMM,VIDP
6969,LIRF,LSZH
6970,LFBD,LFPG
6971,YPAD,YSSY
6972,RJFF,RJTT
6973,LPPR,LFPO
6974,LEMD,LEIB
6975,VHHH,PANC
6976,LEPA,LEMG
6977,YMML,YBBN
6978,ENGM,EVRA
6979,LEIB,LIML
6980,LIRA,EDDB
6981,KLAX,KLAS
6982,YSSY,YBBN
6983,KBOI,2ID6
6984,LTFJ,LTAC
6985,KDPA,KMKC
6986,KPHX,KMCO
6987,BIKF,EDDM
6988,NZAA,NZWN
6989,LEPA,LEIB
6990,LEZL,LEPA
6991,EIDW,EGSS
6992,KSDF,KPNS
6993,PANC,KORD
6994,NZWN,NZHN
6995,OTHH,EBBR
6996,EDDF,EHAM
6997,LDZA,LFPG
6998,KPDX,02XS
6999,LEPA,LEMD
7000,YSCB,YSSY
7001,YBBN,YMML
7002,KSDF,KOAK
7003,LIRA,LIML
7004,YPAD,YBBN
7005,KLAS,KORD
7006,KLAX,KJFK
7007,LTFJ,EDDL
7008,LFPG,LFMD
7009,KSFO,KPHL
7010,YSSY,YSCB
7011,ENBR,ENGM
7012,EDDH,EDDF
7013,UKBB,LIMC
7014,EBBR,EDDF
7015,GMMN,LFPO
7016,YPMQ,YSSY
7017,VIDP,VABB
7018,KLAS,KATL
7019,LFPG,LEMD
7020,YSSY,YPAD
7021,KLAX,KEWR
7022,CYYZ,CYVR
7023,KSEA,KEWR
7024,EDDF,EDDM
7025,LIBD,LIME
7026,EDDF,LPPT
7027,KORD,KSEA
7028,LOWW,EDDK
7029,GMMN,LIMC
7030,EGAA,EGGP
7031,YBCG,YSSY
7032,EHAM,EPKK
7033,UUWW,ULMM
7034,EDDH,EDDS
7035,RJOO,RJTT
7036,KSDF,KEWR
7037,LPPR,LEMD
7038,EGLL,EGCC
7039,ESSA,EKCH
7040,LFPO,LIQL
7041,LFRN,LFBO
7042,EHAM,LPPR
7043,UUWW,UWKD
7044,EGKK,EGAA
7045,8NC6,KIGX
7046,ENVA,ENGM
7047,KPDX,KORD
7048,KMIA,TBPB
7049,EGGW,EPKT
7050,UUEE,UMMS
7051,EHAM,LFBD
7052,KDCA,22MD
7053,KPHX,KNYL
7054,CYYC,CYUL
7055,LEBL,LEZL
7056,EDDF,EDDW
7057,EDDF,EDDC
7058,KSEA,PANC
7059,LIBD,LIMC
7060,YMML,YSSY
7061,EGLL,OTHH
7062,LTFJ,EDDF
7063,UUEE,ENGM
7064,LIME,LROP
7065,GMME,LFPO
7066,KMMV,KHIO
7067,YSSY,YBMC
7068,RJFF,RJTT
7069,EDDF,EDDS
7070,LYBE,LSZH
7071,RJTT,RJBB
7072,LTFJ,EDDL
7073,KRFD,KPDX
7074,LIRF,EGLL
7075,LOWW,LSZH
7076,EHAM,EGLL
7077,NZAA,NZWN
7078,KLAX,MGGT
7079,YBBN,YSSY
7080,LSZM,EKRK
7081,EDDF,EDDL
7082,YSBK,YSMB
7083,LEBL,LEMG
7084,KSRQ,KIAD
7085,LEIB,EHAM
7086,LIRF,LIML
7087,KLAX,KDFW
7088,KRFD,KOAK
7089,BIKF,EFHK
7090,LTFJ,EDDM
7091,LFPG,LDZA
7092,VIDP,VECC
7093,LFOB,LEBL
7094,EDDF,LMML
7095,EKAH,EKCH
7096,EKCH,LYBE
7097,EHAM,LEMD
7098,ULMM,UUEE
7099,YWLM,YSCB
7100,EDDB,LICZ
7101,EGLL,LIRF
7102,EDDF,LPPR
7103,ENGM,EKYT
7104,KONT,KDEN
7105,KATL,KPDK
7106,LIPE,LFPG
7107,EDDM,EIDW
7108,VHHH,RJBB
7109,EHAM,EDDM
7110,LFPO,LEBL
7111,YSSY,YBBN
7112,RJAA,RJFF
7113,YSCB,YSSY
7114,KRFD,KBFI
7115,CYYC,CYYZ
7116,ESSA,OTHH
7117,UUEE,ULLI
7118,EHAM,EPGD
7119,LSGG,LFBD
7120,LIBD,LIML
7121,NZAA,YSSY
7122,EKYT,EKCH
7123,VHHH,RJTT
7124,KSDF,KJFK
7125,EGLL,LFPG
7126,EHAM,UKBB
7127,LTFJ,EDDH
7128,EVRA,EDDB
7129,FAOR,FACT
7130,EHAM,EDDS
7131,LFPG,UUEE
7132,ENHD,ENGM
7133,KC29,KMRJ
7134,KLAX,KLAS
7135,KCVG,CYHM
7136,LFPG,LHBP
7137,LEPA,LFPO
7138,YPAD,YSSY
7139,KRFD,KMHR
7140,UUEE,EDDH
7141,ENZV,ENGM
7142,EHAM,EGLC
7143,LFBD,LFPO
7144,EHAM,ELLX
7145,EKBI,EKRK
7146,YHBA,YBBN
7147,LFPO,LFKJ
7148,LPMA,LPPR
7149,KOPF,KTPA
7150,EDDB,LIPE
7151,YMML,YMHB
7152,LEPA,EDDF
7153,LFMN,LFPO
7154,KCPM,KLGB
7155,LFPG,EKCH
7156,LROP,LOWW
7157,LPPT,LEMD
7158,EGLL,EIDW
7159,LIRF,LIEA
7160,LFPG,LIRF
7161,LEBL,LEMD
7162,KSEA,KORD
7163,LFBO,EDHI
7164,LEIB,LEPA
7165,VIDP,VOBL
7166,GMMN,LIPE
7167,KAFW,KORD
7168,EGNX,EGNL
7169,KLAS,KSJC
7170,EIDW,EPMO
7171,LEPA,EDLW
7172,KGSO,KORD
7173,EKCH,LSZH
7174,LIME,EPGD
7175,LTFJ,LOWW
7176,RJOA,RJTT
7177,LFPG,LFML
7178,LEMG,LEBL
7179,UUWW,LFPB
7180,YPJT,YBUN
7181,LEPA,EGGP
7182,YSCB,YBBN
7183,EBBR,LSGG
7184,KDFW,KTPA
7185,VECC,VIDP
7186,LIRA,LEMD
7187,LIRF,UKBB
7188,KSDF,KBUF
7189,KLAX,KJFK
7190,EGCC,EGAA
7191,LFBO,LFPG
7192,LIMC,OTHH
7193,YSSY,RPLL
7194,EGLL,EGPD
7195,LEZL,LEMD
7196,ESMS,ESSB
7197,EDDM,EDDF
7198,LTFJ,EDDB
7199,OMDB,EDDP
7200,KBWI,KDUJ
7201,LPPR,EHAM
7202,EGGD,EGNL
7203,VABB,VOMM
7204,EDDM,OTHH
7205,LHBP,EPWA
7206,YSSY,YPPH
7207,ULLI,UUWW
7208,LOWS,EDDF
7209,KLAX,KORD
7210,KRFD,KPHX
7211,EGGW,LHBP
7212,LPPT,LPMA
7213,EDDF,CYYZ
7214,UUEE,EDDF
7215,KBFI,KAWO
7216,KPDX,KEWR
7217,LFPG,ESSA
7218,KDFW,KDEN
7219,EHAM,EPWA
7220,VECC,VIDP
7221,BIKF,EHAM
7222,EGSS,EPKK
7223,KSLC,KSJC
7224,LEPA,EDDB
7225,EKCH,EKYT
7226,YSSY,YMHB
7227,EBBR,LIMC
7228,EGPH,EGGD
7229,EGAA,EGGD
7230,EDDM,EDDH
7231,KRFD,KDEN
7232,LIME,EPKK
7233,KCOS,KAPA
7234,EGGW,LROP
7235,LSZH,CYYZ
7236,BIKF,EGLL
7237,UWWW,UUDD
7238,EHAM,EGPH
7239,KSLC,KBOS
7240,LIRF,KJFK
7241,LEAL,EBBR
7242,KLAS,KMSP
7243,KDFW,KMIA
7244,EGPH,EGLC
7245,WIHP,WSSL
7246,LFPG,LFBO
7247,LTFJ,ENGM
7248,YSSY,YBCG
7249,LHBP,EPWA
7250,KRFD,PANC
7251,EPKT,EPWA
7252,LIML,LIEA
7253,EDDL,LOWW
7254,KIND,KLAX
7255,EHAM,LIRF
7256,KLAS,KEWR
7257,LEPA,LEIB
7258,GMMN,LFBO
7259,KJFK,LIMC
7260,LIMC,EDDL
7261,KDFW,KPHX
7262,YSSY,WSSS
7263,ENZV,EKCH
7264,EDDF,EVRA
7265,YBBN,YSSY
7266,KSDF,KPHL
7267,EGJJ,EGKK
7268,KFLL,KLGA
7269,LIML,LFPG
7270,LEMG,LEMD
7271,LKPR,LIML
7272,LFPG,LFBD
7273,UUWW,ULLI
7274,LTFJ,LSGG
7275,EGPF,EGLC
7276,KONT,KDFW
7277,EDDM,ESSA
7278,LSGG,LSZH
7279,LPPT,LIRA
7280,EDDF,LEBL
7281,EKCH,EGSS
7282,EPKT,EGSS
7283,LFPB,LIML
7284,UUWW,ULLI
7285,KTUL,KDFW
7286,LFPG,EDDB
7287,KSDF,EDDK
7288,LSZH,LOWW
7289,LFBO,LFPO
7290,EHAM,LFPG
7291,LTFJ,EDDS
7292,EPWA,LSZH
7293,LFPG,LIPZ
7294,EGPF,EGGD
7295,OMDB,EGCC
7296,EGAC,EGLC
7297,EGNT,LEMG
7298,VMMC,RCTP
7299,LIML,LIBR
7300,LIRA,LIEE
7301,EDDF,LSZH
7302,RJTT,RJOO
7303,YBCG,YMML
7304,LFPG,LSZH
7305,KLAS,KSNA
7306,LOWW,UUDD
7307,KSDF,KBUR
7308,EDDH,LSZH
7309,LROP,LOWW
7310,UUWW,UMMS
7311,UUEE,UWLL
7312,EHAM,LSGG
7313,VABB,VIDP
7314,KEWR,KSYR
7315,EDHI,EGNR
7316,EBBR,LPPT
7317,FAOR,FACT
7318,KLAS,KATL
7319,KSDF,KDEN
7320,KSEA,KATL
7321,KPDX,KDFW
7322,EVRA,EBCI
7323,LKPR,EPWA
7324,LPPR,LPMA
7325,LPCS,LPEV
7326,EDDM,LROP
7327,UUEE,EDDP
7328,YSTW,YSBK
7329,VABB,VOBL
7330,LEPA,EKCH
7331,BIKF,EKCH
7332,LEBL,EBCI
7333,KSDF,KSAT
7334,LTFJ,LFPO
7335,YSSY,YPPH
7336,KSEA,KMSP
7337,LSGG,LEMG
7338,LEIB,LEBL
7339,YMML,YSSY
7340,EDDF,UKBB
7341,RCQC,RCKH
7342,LIMC,KJFK
7343,KDFW,KM99
7344,EBBR,EGLL
7345,EDDF,ELLX
7346,EHAM,LOWW
7347,YBBN,YMML
7348,UUEE,EDDV
7349,LFPO,LEMD
7350,LFPG,LPPT
7351,LEMD,LIPE
7352,KLAX,VHHH
7353,ENBR,EKCH
7354,KPHX,KEWR
7355,LHBP,EGSS
7356,EHAM,EDDW
7357,LFPG,LEMG
7358,KLAS,K61B
7359,KDFW,KMCO
7360,VIDP,VOMM
7361,ESMS,ESSA
7362,KSEA,KFLL
7363,EGNS,EGCC
7364,YMMB,YMNG
7365,KPDX,KMSP
7366,EGLL,LEMG
7367,UKKK,LHBP
7368,PANC,KPHX
7369,KSEA,PANC
7370,YSSY,NZAA
7371,LIBD,LIPX
7372,SBGR,EHAM
7373,KPHL,KMSP
7374,LFPG,LIMC
7375,LEPA,LEMH
7376,LPCS,LPEV
7377,EHAM,LSZH
7378,LHBP,EDDM
7379,RJOO,RJTT
7380,EGGW,LIMC
7381,YPPH,YSSY
7382,KEWR,KBWI
7383,KSFO,KJFK
7384,KMKC,90KS
7385,EDDF,EVRA
7386,KSDF,KBFI
7387,EBBR,LSZH
7388,LEBL,LFPO
7389,KPHL,KORD
7390,EDDM,ELLX
7391,RJTT,KLAX
7392,KSEA,KMIA
7393,LROP,EBCI
7394,KDFW,KATL
7395,KLAX,KDFW
7396,EDDH,LEPA
7397,KSDF,KPDX
7398,EHAM,SKBO
7399,RJOO,RJTT
7400,LEMH,LEPA
7401,LFPO,LPPR
7402,KLAX,KSLC
7403,YMML,YSSY
7404,LEBL,LEPA
7405,EBBR,ESSA
7406,LOWW,LDZA
7407,UUEE,LFPG
7408,OMSJ,UAAA
7409,EDDF,LDZA
7410,YSSY,YMML
7411,KPHL,KMIA
7412,OMDB,OBBI
7413,YBBN,YSSY
7414,NZCH,NZAA
7415,KSDF,KEWR
7416,LEPA,LEMD
7417,LEMD,LFPO
7418,ENGM,EKCH
7419,EGCC,EKCH
7420,EGSS,EINN
7421,EGGW,LEBL
7422,KLAX,KJFK
7423,EBBR,EIDW
7424,KSDF,KOAK
7425,KDFW,KMSP
7426,KEWR,KMDT
7427,KAFW,95TS
7428,KBOI,1ID4
7429,LTFJ,OMDB
7430,NZCH,NZWN
7431,LSGG,LEBL
7432,LEMD,LIME
7433,KORD,PANC
7434,EHAM,LLBG
7435,KSLC,KBOI
7436,KPHL,KATL
7437,EHAM,EGBB
7438,YSWG,YSBK
7439,LIMC,LEBL
7440,EDDF,CYYZ
7441,LIRF,LFPG
7442,KDFW,KABQ
7443,YBBN,YSCB
7444,LYBE,UUWW
7445,EDDM,EPWA
7446,VHHH,VHSK
7447,OMDB,EGLL
7448,KDFW,KONT
7449,YBBN,YSTW
7450,LIRF,LMML
7451,EHAM,EKCH
7452,VAPO,VOMM
7453,ESOW,ESSX
7454,LECU,LEMT
7455,WSSS,VOBL
7456,UUEE,ULLI
7457,LIME,LFBD
7458,VABB,OTHH
7459,KONT,KOAK
7460,LFPG,LOWW
7461,EDDG,EDVK
7462,LIML,LIRF
7463,EHAM,SBGR
7464,KSDF,KMIA
7465,LOWW,EDDF
7466,EDDF,ESSA
7467,YSSY,YBBN
7468,EDDB,LOWS
7469,YBBN,YPPH
7470,ESGG,ESSB
7471,KPHL,KBOS
7472,RJTT,RJFF
7473,RJFF,RJTT
7474,KABQ,KAEG
7475,KAPA,KFCM
7476,LFPO,LFBO
7477,EHAM,KLAX
7478,EDDF,KDFW
7479,YSSY,YMML
7480,LSZA,LSZH
7481,EPMO,EHEH
7482,KSDF,KRFD
7483,TJSJ,KMIA
7484,RJTT,RJOO
7485,EBLG,KJFK
7486,LEMD,KMIA
7487,LLBG,LTFJ
7488,LFPG,EDDF
7489,EDDF,EGPH
7490,KSDF,KMHR
7491,EGSS,LEMD
7492,KSFO,KBOS
7493,YBBN,YSSY
7494,EBBR,LFML
7495,LIML,LICZ
7496,EHAM,EIDW
7497,YSSY,YBBN
7498,EDDF,EGCC
7499,ESGG,ESSA
7500,ENVA,ENGM
7501,ESSA,EKCH
7502,RCTP,KLAX
7503,KSDF,KFAT
7504,LOWW,ENGM
7505,KDFW,KORD
7506,EDCX,ETNL
7507,LFPG,EDDF
7508,KAFW,02XS
7509,NZCH,NZAA
7510,ESTA,ESSB
7511,KBWI,KFDK
7512,EPMO,EGGP
7513,CYWG,CYYC
7514,LIRF,KJFK
7515,KEWR,KBOS
7516,NZAA,YSSY
7517,EGSS,LPPR
7518,KSDF,KLAX
7519,KTEB,KABE
7520,LPPD,LPPR
7521,KPHL,KRDU
7522,YBBN,YSSY
7523,LEPA,LEBL
7524,OMDB,VABB
7525,RCTP,RJAK
7526,KSDF,KPHX
7527,LIMC,LHBP
7528,KLAX,KATL
7529,PANC,KORD
7530,EGKK,EGPH
7531,KPHL,KMCO
7532,KSDF,KBOI
7533,EHAM,EFHK
7534,EBBR,LHBP
7535,LSZM,LPFR
7536,KIND,KEWR
7537,LEPA,EDDH
7538,EIDW,KEWR
7539,ULLI,EDDL
7540,KPHX,KJFK
7541,KRFD,KEWR
7542,KEWR,KIAD
7543,RCTP,VHHH
7544,KLAS,KCLT
7545,UWWW,UUEE
7546,LFPO,LHBP
7547,LTFJ,LTFE
7548,YPPH,WSSS
7549,KSDF,KDFW
7550,EBBR,LOWW
7551,EDDL,EPWA
7552,LIRA,EGSS
7553,LIRF,LEBL
7554,LEIB,LEMD
7555,OMSJ,OERK
7556,EHAM,EGCC
7557,LPPT,SBGR
7558,LOWW,EPWA
7559,KIND,KBWI
7560,EGKK,EVRA
7561,LFPG,EHAM
7562,LPMA,LPPT
7563,KLAS,KEWR
7564,EDDF,OTHH
7565,EHAM,EGNT
7566,RJTT,RJOS
7567,VHHH,RCTP
7568,ULLI,UUEE
7569,KMKC,KSUS
7570,KLAS,KCLT
7571,UUEE,EDDL
7572,YSSY,YBCG
7573,EDDF,KLAX
7574,KSDF,KBOS
7575,KRFD,KDFW
7576,LEMD,ESSA
7577,KSDF,KABQ
7578,LEMH,LEBL
7579,EDDF,KDFW
7580,EGLL,LOWW
7581,KFAT,KDFW
7582,UWWW,UUEE
7583,RJTT,RJOM
7584,VAPO,VOBL
7585,EDDF,LEPA
7586,NZAA,NZCH
7587,LEPA,EDDL
7588,LFPG,EBBR
7589,KSDF,KONT
7590,ULLI,UUEE
7591,LPFR,EGCC
7592,LLBG,LHBP
7593,KSMF,KDFW
7594,EKYT,EKCH
7595,ENBR,ENGM
7596,LIMC,UUEE
7597,KSDF,KORD
7598,KIND,KDEN
7599,EDDF,LLBG
7600,LEZL,GMTT
7601,KSDF,KLAS
7602,KPHL,KCLT
7603,LSZH,EKCH
7604,KRFD,KJFK
7605,ULMM,ULLI
7606,KLAX,KATL
7607,EPKK,EGNM
7608,LEBL,EIDW
7609,YSCB,YSSY
7610,RCTP,VHHH
7611,LEMD,LEPA
7612,EHAM,EGLL
7613,EGLF,KTEB
7614,KIND,KIAD
7615,YBBN,YPPH
7616,KSDF,PANC
7617,EGLL,KBOS
7618,UUEE,KMIA
7619,LEPA,EDDV
7620,YPAD,YSSY
7621,LTFJ,EDDS
7622,KSDF,KMIA
7623,LFML,LEMD
7624,EHAM,EDDB
7625,KOAK,KLAX
7626,KPHL,KBUF
7627,LIPE,EPMO
7628,LTFJ,UUDD
7629,LSGG,LFPB
7630,LFPG,LIMC
7631,KSDF,KBUF
7632,KCVG,EGNX
7633,KIND,KBOS
7634,YMYB,YBBN
7635,SBVT,SBGR
7636,KGSO,KATL
7637,EKCH,EPWA
7638,KSDF,KSAN
7639,EBBR,LFBO
7640,ESMS,ENGM
7641,LFOB,LPPR
7642,EDDF,LOWW
7643,KBFI,KYKM
7644,KIND,KATL
7645,EGLL,EGPH
7646,LFML,LFPG
7647,ESSA,ULLI
7648,EKBI,LEMG
7649,LEZL,LPPT
7650,EDDF,EIDW
7651,VIDP,VAPO
7652,LIPE,LKPR
7653,LEAL,EHEH
7654,KLAS,KTEB
7655,KFLL,KDAL
7656,UWLL,UUWW
7657,KSDF,KJFK
7658,LPMA,LPPR
7659,EHAM,LEBL
7660,LEMG,LPPT
7661,UUWW,EVRA
7662,EGAC,EGLL
7663,EGLL,EGNT
7664,LEPA,LEJR
7665,EHAM,EIDW
7666,UUDD,ULLI
7667,YSCB,YWLM
7668,OTHH,ELLX
7669,LMML,EGSS
7670,EDLW,LEPA
7671,EGLL,LEBL
7672,EHAM,LEBL
7673,LEBL,LROP
7674,LIEE,LIPH
7675,KSEA,KDFW
7676,EGHH,EGJJ
7677,RJBB,VHHH
7678,RJFF,RJAA
7679,EHAM,LKPR
7680,RCTP,WSSS
7681,EVRA,EGSS
7682,KSDF,CYMX
7683,EBBR,EKCH
7684,YMML,YBBN
7685,LTFJ,LSZM
7686,LEAL,EHRD
7687,EDDF,EIDW
7688,EGLL,KDFW
7689,KIND,KMSP
7690,ELLX,LPPT
7691,ENGM,ENZV
7692,KEWR,LFPG
7693,KRFD,KSTL
7694,WSSS,VHHH
7695,UUEE,EDDB
7696,SBCO,SBKP
7697,KGSO,KEWR
7698,KPDX,PANC
7699,LFPG,EDDV
7700,LOWW,KIAD
7701,BIKF,EBLG
7702,LEBL,LFPG
7703,EGAC,EGPH
7704,KRFD,KMSP
7705,KABQ,KAEG
7706,EGSS,ENGM
7707,YSCB,YMML
7708,KIND,KSEA
7709,YSSY,NZWN
7710,LSGG,LSZH
7711,NZWN,NZCH
7712,LIRF,LEMD
7713,RJBB,RJTT
7714,EDDF,KSFO
7715,YSCB,YWLM
7716,BIKF,LFPG
7717,LFPG,KDTW
7718,RJTT,RJFF
7719,YBBN,YSSY
7720,LEPA,LEAL
7721,LIPZ,EDDF
7722,PANC,KLAX
7723,KIND,KORD
7724,RCTP,KLAX
7725,YSSY,YPAD
7726,LEAL,EGKK
7727,EDDS,EDSE
7728,LTFJ,LOWW
7729,KBUR,KJFK
7730,PANC,KPDX
7731,KRFD,KMCI
7732,KAFW,KLAX
7733,EGGW,EGAC
7734,LTAC,LTFJ
7735,SBCO,SBGR
7736,LFPG,KLAX
7737,SBKP,KMIA
7738,EICK,EGSS
7739,LIME,LPPT
7740,LKPR,LEMD
7741,LPPT,LFPO
7742,KIND,KLCK
7743,EDDF,EPWA
7744,EPSY,EDLW
7745,KSDF,KSWF
7746,RJTT,RJOO
7747,EHAM,EPWA
7748,YSCB,YBBN
7749,LFPO,LFML
7750,EGLL,KJFK
7751,YSSY,YBBN
7752,LIMC,LIEE
7753,YSBK,YSSY
7754,YSSY,YMAY
7755,EPKK,EGHH
7756,RCTP,RJFF
7757,EDDH,LEPA
7758,EPWA,KORD
7759,NZAA,NZWN
7760,UUWW,ULLI
7761,LOWW,KJFK
7762,EKCH,LEMD
7763,RJFF,RJTT
7764,YKEL,YSSY
7765,UUEE,ULLI
7766,KAFW,KOAK
7767,KIND,KJFK
7768,RJTT,RJOF
7769,YSCB,YSSY
7770,LIMC,EPWA
7771,LEBL,LEMD
7772,EDDF,BIKF
7773,EGNP,EHAM
7774,WMSA,WMKJ
7775,RJBB,VHHH
7776,EHAM,EDDH
7777,EDDF,LEMD
7778,LFML,EDDF
7779,LFPG,EIDW
7780,YSSY,YSWG
7781,LIME,LEMG
7782,EGKK,EIDW
7783,EGLL,EGAC
7784,LPPT,LPFR
7785,KSDF,KATL
7786,KMCC,KAUN
7787,EGAA,LEMG
7788,LEMG,LOWW
7789,LFPB,LSGG
7790,KPHX,KMIA
7791,ULLI,LLBG
7792,LFPO,LPFR
7793,RJFF,RJOO
7794,YSCB,YPAD
7795,LSGG,EPWA
7796,LFPG,KSFO
7797,KSDF,PANC
7798,KLAX,RJTT
7799,EPWA,UKKK
7800,KOAK,KLAX
7801,LSZH,EPWA
7802,EDDM,ESGG
7803,LHBP,LLBG
7804,LIRP,EDDM
7805,LFMN,LFPO
7806,LEBL,LIPZ
7807,KSDF,KPHL
7808,LEMG,EKCH
7809,VIDP,VOBL
7810,SKBO,KMIA
7811,ULLI,UUWW
7812,SBVT,SBGR
7813,RJFF,RJTT
7814,KLAX,KMSP
7815,LEMG,LSGG
7816,EDDS,EDDF
7817,VHHH,VHSK
7818,EHAM,KDTW
7819,KSDF,KEWR
7820,KSDF,KBWI
7821,LPPT,EHEH
7822,LOWW,KORD
7823,KLAS,KDFW
7824,EBBR,LEMD
7825,EGLL,VIDP
7826,EGAA,EGBB
7827,EDDF,KSEA
7828,LEMD,EGSS
7829,ENGM,ENVA
7830,KLAX,KORD
7831,WSSS,VIDP
7832,EDDM,LEMD
7833,EDDK,LEMD
7834,KDFW,KSAT
7835,LIMC,EDDF
7836,KAFW,KSAT
7837,LSZH,LSGG
7838,KONT,KDEN
7839,LTAC,LTFJ
7840,EBBR,EPWA
7841,KSDF,KPVD
7842,EGLL,EIDW
7843,SBCO,SBGR
7844,LEMG,EHAM
7845,OMDB,OBBI
7846,LIME,EPWR
7847,YBBN,NZAA
7848,EGSS,LPPT
7849,RCTP,VHHH
7850,EDDK,LEPA
7851,EHAM,KLAX
7852,LSGG,EDDF
7853,ENBR,ENZV
7854,EFHK,EFOU
7855,PANC,KSDF
7856,LEMD,LOWW
7857,KSDF,KRDU
7858,DAAG,LFPG
7859,KLAS,KSTL
7860,KSDF,PANC
7861,VHHH,PANC
7862,NZAA,NZCH
7863,KSFO,KEWR
7864,LLBG,KJFK
7865,EDDS,LEPA
7866,EPWA,EPRJ
7867,YMML,YMAY
7868,YSSY,YSCB
7869,EDDF,LIRF
7870,KCVG,KEWR
7871,LSGG,LFPG
7872,LMML,LIRF
7873,EDDB,EDDF
7874,LFPG,KATL
7875,KAFW,02XS
7876,LTFJ,LTAC
7877,WMKK,VHHH
7878,PANC,KSEA
7879,LEPA,LEMH
7880,RJTT,RJOA
7881,EFHK,ESSA
7882,EDDC,EDDF
7883,LFPG,KJFK
7884,KMKE,MI58
7885,LIML,EHAM
7886,KSMF,KJFK
7887,EGGW,EGPE
7888,KSDF,KLCK
7889,YSSY,YSWG
7890,SBRJ,SBGR
7891,EDDF,OMDB
7892,KSDF,KSAT
7893,EDDB,LEPA
7894,LEAL,EGCC
7895,EKCH,EKRN
7896,KSDF,KIAD
7897,KLAX,KATL
7898,EDDF,CYUL
7899,LIML,EDDF
7900,YSSY,YMHB
7901,EGKK,LEMD
7902,KBWI,KCLT
7903,LFPG,EGLL
7904,LHBP,ESGG
7905,KAFW,KTUL
7906,SBCO,SBGR
7907,LEMT,LECU
7908,LFPB,LSZB
7909,OMDB,VOBL
7910,LIBD,LSZH
7911,EDDB,LEPA
7912,LPPD,LPPT
7913,KJWN,85GA
7914,EDDM,LEPA
7915,LIRF,EFHK
7916,EGLL,EDDF
7917,EPWA,EPGD
7918,LIEE,LIRF
7919,LFPG,EFHK
7920,NZAA,NZCH
7921,LPPT,LPMA
7922,VIDP,VAPO
7923,LPCS,LSGG
7924,LSZH,EDDV
7925,RJTT,RJOA
7926,LPFR,EGCC
7927,KRDU,KCLT
7928,YSSY,YMAV
7929,UUEE,ULLI
7930,SBGL,SBGR
7931,LIMC,LIEA
7932,LIBD,LIRF
7933,NZCH,NZPM
7934,LIML,LICJ
7935,LEIB,LEPA
7936,LFPG,VOBL
7937,KMKC,KDAL
7938,KSDF,KHSV
7939,UUEE,UWKD
7940,YSSY,YKEL
7941,EDDP,LEMD
7942,EDDV,LEPA
7943,RJFF,RJTT
7944,EGLC,EHAM
7945,LEMG,EIDW
7946,ENGM,EPWA
7947,EGLL,KSEA
7948,EGAA,EGGW
7949,EHAM,EDDL
7950,KSDF,KSYR
7951,CYWG,CYXE
7952,TJSJ,KJFK
7953,LOWW,EDLW
7954,PANC,KLCK
7955,EGSS,LIRA
7956,LEBL,ESSA
7957,EDDM,EKCH
7958,RJOO,RJTT
7959,LPFR,EGGW
7960,EGLL,KORD
7961,VOBL,VABB
7962,LOWW,LEMD
7963,LIML,EGLL
7964,LZIB,UKKK
7965,SBGL,SBGR
7966,KSDF,02XS
7967,LPPT,SBKP
7968,EDDB,EDDF
7969,EIDW,LEZL
7970,LHBP,ESMS
7971,LSZH,LIRF
7972,ULLI,EFHK
7973,LFPG,CYVR
7974,KPGV,KCLT
7975,EHAM,KORD
7976,KLAX,KVNY
7977,EDDL,EDDF
7978,LEMD,KDFW
7979,LEBL,EGPH
7980,KEWR,KCLT
7981,KSDF,9IL6
7982,LEPA,LEIB
7983,EDDM,LOWW
7984,YARM,YSSY
7985,KMDT,KCLT
7986,KSDF,KMDT
7987,VABB,VIDP
7988,EBBR,EHAM
7989,LEMG,EHAM
7990,ELLX,EHAM
7991,LIPE,EDDF
7992,KSDF,KOMA
7993,EGCC,EGLL
7994,YWLM,YBBN
7995,EDDF,KJFK
7996,LPPT,LPMA
7997,YSSY,YSCH
7998,KSDF,KPHL
7999,YBBN,NZWN
8000,EHAM,LEMD
8001,YSSY,YMAY
8002,YCBG,YMML
8003,KSDF,CYYZ
8004,RJTT,RJOO
8005,EHAM,EDDF
8006,ULLI,UUEE
8007,LIMC,UUWW
8008,KONT,KSLC
8009,SBKP,SSJC
8010,EGLL,EKCH
8011,LTFJ,EDDF
8012,EDNY,LSZH
8013,LPFR,EGSS
8014,EDDM,EDDF
8015,EPKK,LFOB
8016,LEPA,EGNX
8017,EHAM,WSSS
8018,RJTT,RJFF
8019,KEWR,KPVD
8020,EGKK,EGAA
8021,KSDF,KTUL
8022,LEMD,LROP
8023,LEAL,ESSA
8024,KRDU,KBWI
8025,YSWG,YSSY
8026,EBBR,LIPZ
8027,KIAD,KCLT
8028,EGNX,EDDK
8029,EDDH,EDDF
8030,EHAM,CYYZ
8031,LFPO,LEMD
8032,KPHF,KCLT
8033,EGLL,KJFK
8034,SBGL,SBKP
8035,EDDW,EDDF
8036,VABB,VIDP
8037,LIPZ,LIRF
8038,KSYR,KBUF
8039,LIEE,LIML
8040,YSSY,YSCB
8041,EDDH,EPWA
8042,LIMC,LIEA
8043,KSDF,KORD
8044,LSZH,LEMD
8045,EDDB,LIPH
8046,LEMD,LPPT
8047,LEBL,LEMG
8048,YBBN,YSSY
8049,ENGM,ESSA
8050,KEWR,KFLL
8051,VIDP,VECC
8052,YSSY,YBBN
8053,RJTT,RJFF
8054,EDNY,EDDL
8055,LEAL,ESSA
8056,CYYZ,CYMX
8057,LEMD,LEMH
8058,ESSB,ESMS
8059,YBBN,YBUD
8060,EDDM,LFPG
8061,EGLL,OBBI
8062,EBBR,KORD
8063,KCVG,KMIA
8064,GMMN,LEMG
8065,EGPH,EGLL
8066,KGSO,KCLT
8067,KBOS,KORD
8068,YSSY,YBCG
8069,LEPA,EKCH
8070,YBBN,YPPH
8071,RJBB,VHHH
8072,LOWS,EDDB
8073,EDDM,EDDH
8074,SBRJ,SBSP
8075,LSGG,LIRF
8076,LIMC,KJFK
8077,RJTT,RJOO
8078,EHAM,KPHL
8079,LSZH,LTFJ
8080,YSSY,YSTW
8081,LEMD,KJFK
8082,KSDF,KMCI
8083,EBBR,ENGM
8084,VIDP,VIDN
8085,ULLI,UUDD
8086,LMML,EGCC
8087,LFRS,LFPG
8088,YPJT,YBUN
8089,EBCI,LFBO
8090,EDDM,EPWA
8091,LPPR,LPPT
8092,KRDU,KATL
8093,SBVT,SBSP
8094,EGNS,EGGP
8095,LFPG,KMIA
8096,ELLX,EDDF
8097,EHAM,KATL
8098,LIME,LIBD
8099,KCVG,KCLT
8100,KSDF,KTYS
8101,LEMG,EHEH
8102,EPWA,EPKK
8103,EDDL,LEPA
8104,GMMN,LFPG
8105,KSDF,CYHM
8106,EGLL,EHAM
8107,VOTP,VIDP
8108,LLBG,LIMC
8109,LIAA,LIRU
8110,SBSP,SBRJ
8111,LFBD,GMMN
8112,OTHH,LFPG
8113,KSDF,KMSP
8114,EHAM,LDZA
8115,LEPA,EDDL
8116,LIRZ,EGSS
8117,YSSY,YSCH
8118,EBBR,KIAD
8119,UUDD,ULLI
8120,EDDM,UKBB
8121,YBBN,YPAD
8122,KOAK,KBTF
8123,LSGG,LPPT
8124,LHBP,EDDM
8125,EDDP,EGNX
8126,LEBL,LEZL
8127,UUWW,ULLI
8128,LTFJ,LTFE
8129,KONT,3KY4
8130,KSEA,KBWI
8131,RCTP,VHHH
8132,EDDM,LIRF
8133,VHHH,RCTP
8134,KLOM,CT52
8135,LEMD,LEBL
8136,ULLI,EFHK
8137,LEPA,LEIB
8138,EDDS,LEPA
8139,SBGR,SBKP
8140,KDTW,KFLL
8141,LFPB,LSGG
8142,EDDF,KORD
8143,YBMC,YSSY
8144,LIMC,LEMD
8145,VOBL,VOMM
8146,RJOO,RJTT
8147,EGLL,EGCC
8148,KONT,KBFI
8149,KATL,KFLL
8150,LIRF,LICP
8151,ULMM,ULLI
8152,LFPG,KATL
8153,EDDM,KSFO
8154,KJFK,CYYZ
8155,YBBN,YSSY
8156,LEPA,LEBL
8157,KONT,PANC
8158,LEBL,LEMH
8159,KVNY,KHWD
8160,LSGG,LEMD
8161,KMKC,KLUK
8162,LEGT,LFBO
8163,KPHL,KATL
8164,RJTT,RJOS
8165,EBCI,LFML
8166,KGSO,KATL
8167,RJAA,RCTP
8168,EGLL,VABB
8169,LROP,LIBD
8170,KEWR,KORD
8171,LIRA,EKCH
8172,RPLL,RCTP
8173,KGRR,KDTW
8174,EGLL,KPHL
8175,KSDF,KMKE
8176,KLNK,KOMA
8177,KLDJ,KEWR
8178,RJOA,RJTT
8179,UUEE,ULLI
8180,EDDM,LPPT
8181,LFPG,KJFK
8182,LSZB,EGTK
8183,VOBL,VOMM
8184,KCMH,KATL
8185,VHHH,PANC
8186,LHBP,EFHK
8187,LEBL,EDDN
8188,KORF,KORD
8189,LEPA,EKCH
8190,EDDM,EDDL
8191,LEMD,LEPA
8192,KSGF,KSDF
8193,KIGX,KRWI
8194,KOAK,KSEA
8195,LEMG,LFML
8196,RJFF,RJTT
8197,LTFJ,EHAM
8198,EDDM,LSZH
8199,LSZM,LEPA
8200,WBKK,WMSA
8201,YMML,YSSY
8202,LFBO,EGNR
8203,EDDM,EHAM
8204,LIME,LIBR
8205,KBWI,KATL
8206,LEMD,LROP
8207,EGLL,KATL
8208,LEBL,LIML
8209,YPAD,YSSY
8210,EKCH,EDDF
8211,KMIA,KDFW
8212,KOAK,KPHX
8213,YCBG,YMML
8214,LPPR,LFBO
8215,RJTT,RJFF
8216,VHHH,RCTP
8217,KSDF,CYVR
8218,KRDU,KORD
8219,OMDB,VHHH
8220,KONT,KPHX
8221,WMKK,VHHH
8222,NZAA,KLAX
8223,YSSY,WSSS
8224,ESSA,LEAL
8225,LIML,LEMD
8226,LSGG,EBBR
8227,KONT,KPDX
8228,KSDF,EDDK
8229,RJBB,RJTT
8230,YSSY,YBBN
8231,LFPG,EPWA
8232,SBRJ,SSJC
8233,CYOW,CYYZ
8234,UUWW,ULLI
8235,LEAL,EGSS
8236,VIDP,VHHH
8237,KMIA,TBPB
8238,LIPX,LICJ
8239,EGLL,EPWA
8240,KONT,KOAK
8241,LEBL,LEMG
8242,PANC,KPHX
8243,LEMD,LFPO
8244,UAAA,VHHH
8245,EDDS,EHAM
8246,EPGD,EHAM
8247,LIPZ,EHAM
8248,LEPA,LEMH
8249,VOBL,VECC
8250,CYYC,CYVR
8251,LEMD,LFBD
8252,KLAX,KORD
8253,EDDB,EBBR
8254,ENZV,ENBR
8255,KDCA,KCLT
8256,EDDM,EDDW
8257,LKPR,UKBB
8258,KBUF,KJFK
8259,EGPF,EHAM
8260,ULLI,EPWA
8261,EGLL,EFHK
8262,YSSY,YBBN
8263,EIDW,EGLL
8264,EDDF,KPHL
8265,EDSB,UUWW
8266,LTFJ,LFML
8267,KPHX,KBWI
8268,KCVG,KBWI
8269,LSZH,LDZA
8270,YBCG,YSSY
8271,EDDF,KATL
8272,FAOR,FACT
8273,KDCA,KDFW
8274,KFLL,KATL
8275,EGBB,LPFR
8276,EIDW,EVRA
8277,EDDM,EDDK
8278,KTUL,KHOU
8279,LEBL,LIQL
8280,YPAD,YBBN
8281,LSZH,WSSS
8282,KPTK,KTEB
8283,KBOS,KCLT
8284,YBBN,YSCB
8285,UUWW,EGGW
8286,YMML,NZAA
8287,EGLL,LEMD
8288,LEBL,LEMD
8289,5MD8,KDCA
8290,EDDH,LEMD
8291,LEMD,KORD
8292,SBKP,KMIA
8293,YCBG,YMML
8294,LOWW,LEPA
8295,KORF,KATL
8296,RPLL,VHHH
8297,LPPT,LSGG
8298,LFPG,EGLL
8299,RJTT,RJFF
8300,KBOS,KJFK
8301,KTYS,KATL
8302,EHAM,KSEA
8303,LSZH,KIAD
8304,YMML,YPPH
8305,LEPA,EGSS
8306,KROC,KJFK
8307,ENZV,ENGM
8308,LEBL,KMIA
8309,KOAK,KLAS
8310,KPVD,KCLT
8311,YKEL,YSSY
8312,KSDF,KMCO
8313,KBOS,KPHL
8314,KRDU,KDEN
8315,EHAM,KJFK
8316,EDDM,EHAM
8317,KABE,KORD
8318,LFPG,KDFW
8319,LIMC,LIEE
8320,KPHL,KORD
8321,DAAG,LEBL
8322,KTEB,KMDW
8323,ENGM,ENZV
8324,LSZH,LEMD
8325,KIND,KDEN
8326,KLDJ,KEWR
8327,KCLT,KATL
8328,EDDF,LEMG
8329,YSCB,YPPH
8330,EDDM,KORD
8331,LEBL,EHAM
8332,LEMD,LEIB
8333,OMDB,UUDD
8334,NZAA,NZCH
8335,KBOS,KMDW
8336,LFPO,LPPT
8337,KRDU,KDFW
8338,EDDF,EPWA
8339,EGPH,EHAM
8340,VECC,VIDP
8341,LEPA,EDDH
8342,WMKK,VHHH
8343,EVRA,UKBB
8344,LFLP,LFTW
8345,ENGM,EKCH
8346,SBSP,SBRJ
8347,EPWA,EPGD
8348,RJBB,RCTP
8349,KBOS,KBWI
8350,KSDF,KDFW
8351,EPKK,EHAM
8352,EDDM,EDDH
8353,LEBL,LEPA
8354,LFPO,LFBO
8355,LDZA,LFPG
8356,LEPA,LEIB
8357,LFBD,LFPG
8358,KBUY,KMMU
8359,KSDF,II75
8360,KOAK,KMHR
8361,EGPF,EGLL
8362,RJTT,RJFF
8363,KCVG,CYMX
8364,EGLF,LFPB
8365,OMDB,OBBI
8366,KBWI,KORD
8367,LIML,LIEE
8368,YPAD,YPPH
8369,KCVG,CYYC
8370,EGPD,EGLL
8371,BIKF,EGCC
8372,KOAK,PANC
8373,LKPR,EFHK
8374,LSGG,EHAM
8375,LEIB,LEMD
8376,LOWW,EDDF
8377,UKKK,EGGW
8378,KPHL,KMCO
8379,KRDU,KLAX
8380,LFNR,LFPG
8381,LFOB,LMML
8382,KONT,KABQ
8383,LFPG,GOBD
8384,YMML,YSSY
8385,LSZH,EHAM
8386,VIDP,VABB
8387,KFLL,KDTW
8388,KOAK,KPDX
8389,LFBD,EHAM
8390,KIAD,KJFK
8391,LPMA,LPPT
8392,KRDU,KMSP
8393,EIDW,KPHL
8394,KPIT,KATL
8395,LEMD,LEJR
8396,KSDF,KATL
8397,KCLT,KDTW
8398,KBUF,KLGA
8399,KPVD,KDTW
8400,KCMH,KPHL
8401,KRDU,KDTW
8402,KABE,KCLT
8403,KALB,KBWI
8404,YMML,OMDB
8405,LIPH,EHEH
8406,OMDB,OERK
8407,KTPA,KBWI
8408,SBCO,SBSP
8409,LOWW,UUEE
8410,LIPX,LIBD
8411,KPHL,KFLL
8412,ELLX,OTHH
8413,LEBL,EDDB
8414,LFPO,LPPR
8415,KPIT,KJFK
8416,WMKJ,WMSA
8417,UUDD,ULLI
8418,KPHX,KONT
8419,LEPA,LEBL
8420,CYUL,CYYZ
8421,KDCA,KATL
8422,KOAK,KLAX
8423,ULLI,UUEE
8424,KDAY,KORD
8425,KMDT,KORD
8426,EGJB,EGHI
8427,KROC,KLGA
8428,KEWR,KCLT
8429,KRDU,KMIA
8430,09PA,KORD
8431,EBBR,KIAD
8432,KBWI,KDTW
8433,LFRS,EHAM
8434,EHAM,UUEE
8435,KBUF,KPHL
8436,VABB,VIDP
8437,OMDB,UAAA
8438,KGSO,KLGA
8439,KAUS,KDFW
8440,KAVP,KCLT
8441,YPPH,YPAD
8442,RJFF,RJTT
8443,KMIA,KATL
8444,KDCA,KBNA
8445,KDAB,KATL
8446,YSSY,NZAA
8447,YSSY,YMML
8448,EGBB,EHAM
8449,KEWR,KDTW
8450,KDTW,KATL
8451,UUEE,EFHK
8452,KPIT,KLGA
8453,KFLL,KBWI
8454,KROC,KORD
8455,YBBN,YSSY
8456,LEBL,LEPA
8457,KORD,KMIA
8458,LIMC,LICJ
8459,KBOS,KPHL
8460,EFKU,EFHK
8461,KSRQ,KATL
8462,KEWR,KATL
8463,KATL,KBWI
8464,EGSS,EDJA
8465,LEMG,EHAM
8466,LFBO,LFPG
8467,EHAM,EFHK
8468,KCMH,KDEN
8469,KMDT,KDTW
8470,KPIT,KFLL
8471,KAVP,KORD
8472,CYXU,CYYZ
8473,KCVG,KPHL
8474,EKCH,ESSA
8475,UUDD,ULMM
8476,LEBL,LEMH
8477,KEWR,KMCO
8478,EVRA,UUWW
8479,EDDF,LFPG
8480,KTUL,KDFW
8481,LFPO,LPPR
8482,KPIT,KBOS
8483,RJFF,RJTT
8484,CYYC,CYVR
8485,EDDB,LEPA
8486,KORF,71MI
8487,RJOO,RJTT
8488,KLGA,KATL
8489,KDTW,KMCO
8490,CYWG,CYYZ
8491,EGLL,KDFW
8492,LFPG,WSSS
8493,KDAY,KATL
8494,KEWR,CYYZ
8495,LFBO,LFPO
8496,LEBL,LEIB
8497,KONT,KMHR
8498,KFLL,KJFK
8499,LTFJ,EHAM
8500,ENBR,ENGM
8501,KSAT,KDFW
8502,KBOS,KMIA
8503,YPAD,YMML
8504,SBSP,SSJC
8505,KBUF,KSYR
8506,EDDF,ESSA
8507,KALB,KCLT
8508,KSDF,PANC
8509,EKCH,EHAM
8510,EBBR,LEMD
8511,YPPH,YPAD
8512,KMIA,KATL
8513,RJBB,RJAA
8514,KBWI,KMIA
8515,KA39,KP19
8516,LFPB,LSGG
8517,EDDF,LEMD
8518,KRDU,KLGA
8519,KCMH,KPHX
8520,KPHL,KLAX
8521,KFLL,KSTL
8522,LTFJ,LTFE
8523,KBOS,KJFK
8524,EGLL,KLAX
8525,UUEE,VIDP
8526,KATL,KMIA
8527,YSSY,YMML
8528,KBWI,KMSP
8529,PANC,KSEA
8530,LEBL,LEIB
8531,YPAD,YPPH
8532,KSYR,KORD
8533,KRFD,KBWI
8534,KIAD,KMSP
8535,EDDB,LFPG
8536,EGNT,EHAM
8537,EKCH,EFHK
8538,EGCC,EHAM
8539,KLGA,KDTW
8540,LEMG,EGSS
8541,KDTW,KDFW
8542,LPPR,EBBR
8543,KJFK,KFLL
8544,KORF,KPHL
8545,EPKK,EPWA
8546,KTYS,KORD
8547,KPVD,KMDW
8548,LPPT,EGLL
8549,YSSY,YPPH
8550,ULLI,UUWW
8551,LHBP,LFPG
8552,KGRR,KDCA
8553,KATL,KLAS
8554,KBOS,KLGA
8555,UUEE,EHAM
8556,KLGA,KBNA
8557,EHAM,LIRF
8558,KROC,KPHL
8559,CYQG,CYYZ
8560,KCVG,KMIA
8561,RJTT,RJFF
8562,EGLL,EDDS
8563,OTHH,EDDF
8564,EGPH,EGSS
8565,KIND,KBWI
8566,KORD,KDFW
8567,YPPH,YPAD
8568,EDDM,EDDG
8569,KDCA,KDTW
8570,LFPO,LPPT
8571,TJSJ,KJFK
8572,KATL,KFLL
8573,LIPZ,LEMD
8574,LOWW,EDDM
8575,KRDU,KFLL
8576,KABE,KDTW
8577,LEMD,LROP
8578,KIND,KATL
8579,EDDF,LKPR
8580,KCMH,KBOS
8581,EDDM,EGLL
8582,KIAD,KDEN
8583,EIDW,EHAM
8584,KDCA,KORD
8585,KHYA,KPVC
8586,EPWA,EHAM
8587,EHAM,EHKD
8588,LFPG,LFBO
8589,KIND,KMSP
8590,LIRA,EHEH
8591,KADS,KDFW
8592,KBNA,KORD
8593,UWLL,UUEE
8594,LSZH,EGGW
8595,KOKC,KDFW
8596,EHAM,LEIB
8597,YSSY,YMML
8598,LEMD,LPPT
8599,EGPD,ENBR
8600,KDCA,KJFK
8601,UWWW,UUEE
8602,EDDF,EPKK
8603,YPMQ,YSBK
8604,KPIT,KPHL
8605,KIND,KDCA
8606,KBOS,KLAX
8607,KDUJ,KBWI
8608,KPVD,KBWI
8609,KCMH,KFLL
8610,LEMH,LEPA
8611,ENVA,ENGM
8612,LEMD,LIRF
8613,KSDF,KMCO
8614,KCLT,KMSP
8615,LIPX,LICJ
8616,KDAY,KDFW
8617,KBOS,KSFO
8618,KDCA,KDAL
8619,EPWA,EPKK
8620,LSGG,LEMG
8621,ZGSZ,ZUCK
8622,CYYC,CYXE
8623,YBCG,YSSY
8624,FAOR,FACT
8625,OBBI,OMDB
8626,KHPN,KAGC
8627,KMIA,SBKP
8628,KCMH,KBWI
8629,LFBD,LIME
8630,KFLL,71MI
8631,KBUF,KDTW
8632,KDTW,KMIA
8633,KDCA,KATL
8634,KFAY,KATL
8635,KISP,KBWI
8636,KJFK,KLAX
8637,KORF,KMIA
8638,EDDL,EHAM
8639,KCVG,KBWI
8640,YSSY,YBCG
8641,EGNT,EGLL
8642,LIML,LSGG
8643,TJSJ,KEWR
8644,KDCA,KMIA
8645,KPHL,KBNA
8646,KFLL,KDEN
8647,EGGP,EGNS
8648,KBOS,KORD
8649,KDTW,KLAX
8650,KBWI,KATL
8651,KBUF,KMDW
8652,OMDB,LIMC
8653,LPPR,LSGG
8654,LSZH,EGLL
8655,UUDD,WSSS
8656,KPHL,KDTW
8657,EGLL,KJFK
8658,KBED,KIAD
8659,KCVG,KMDW
8660,EHAM,OTHH
8661,KSYR,KPHL
8662,EDDM,LEMD
8663,RJFF,RJAA
8664,KBUF,KTEB
8665,EKCH,LFPG
8666,EDML,EDPD
8667,LPPR,LEMD
8668,KEWR,KMIA
8669,SBGR,SSJC
8670,KATL,KDAL
8671,LFPG,LIRF
8672,KOMA,KPHX
8673,LIRF,LEMD
8674,EDDS,EDDK
8675,KBOS,KATL
8676,EDDF,LHBP
8677,LFPB,LSGG
8678,LEAL,EHAM
8679,EDDF,LFPG
8680,KEWR,KORD
8681,LTAC,LTFJ
8682,KBUF,KORD
8683,LIML,LICR
8684,KATL,KMDW
8685,EGLL,LPPT
8686,EDDM,KIAD
8687,KALB,KPHL
8688,KPHL,KPHX
8689,KDCA,KMDW
8690,KCLT,KJFK
8691,KALB,KATL
8692,KBOS,KLAX
8693,LIMC,EBBR
8694,CYOW,CYYZ
8695,KPVD,KORD
8696,EGSS,LPFR
8697,EGCC,EDDF
8698,LEPA,LEIB
8699,EDDB,EHAM
8700,KPHL,KMCO
8701,KFLL,KBNA
8702,EGLL,EBBR
8703,KBNA,KDTW
8704,KLUK,KHPN
8705,KBWI,KFLL
8706,KGKY,KJWY
8707,EDDF,LIML
8708,CYYZ,KDTW
8709,LEMD,LKPR
8710,UKKK,EKBI
8711,LIPZ,LFPG
8712,KRDU,KATL
8713,LFPG,LFBY
8714,YMML,YSCB
8715,KEWR,KMSP
8716,SBRJ,SSJC
8717,KATL,KDEN
8718,KBOS,KFLL
8719,LPPR,EDDM
8720,KVNY,KOPF
8721,KHPN,KCLT
8722,EDDF,WSSS
8723,KROC,KBWI
8724,KMCI,KORD
8725,KBUF,KBWI
8726,LPMA,LPPT
8727,OMDB,EGLL
8728,LIRA,LKPR
8729,LROP,EDLW
8730,EDDB,LTFJ
8731,LPPT,EGPH
8732,ULLI,EFHK
8733,EDDV,LSZH
8734,VABB,VIDP
8735,LFPG,LROP
8736,RCTP,VMMC
8737,KSTL,KPHX
8738,LIMF,LICP
8739,KTEB,KHPN
8740,KPHL,KMIA
8741,SBGR,SBVT
8742,KORD,KFLL
8743,EGLL,KJFK
8744,KBOS,KSTL
8745,KLGA,CYYZ
8746,KMKE,KMSP
8747,EHAM,KORD
8748,LECU,LEMT
8749,LTFJ,LTAE
8750,LIRA,LIEE
8751,KDCA,KPHL
8752,EIDW,EDDM
8753,LROP,LOWW
8754,EDDF,ESGG
8755,NZCH,NZAA
8756,YMML,YSSY
8757,LEMD,KJFK
8758,KSTL,KORD
8759,LIRF,LFPG
8760,KTYS,KDFW
8761,LFPG,EKCH
8762,KDTW,KORD
8763,KSGF,KDFW
8764,NZAA,NZCH
8765,LFPO,LEPA
8766,EBCI,LEAL
8767,KIND,KMIA
8768,LKPR,EHAM
8769,EGPH,EGLL
8770,PANC,KDFW
8771,KHPN,KORD
8772,KHSV,KATL
8773,EDDF,EPGD
8774,OMSJ,OBBI
8775,KALB,KDCA
8776,KSAT,KDTW
8777,KPNS,KATL
8778,KPHF,KPHL
8779,LFPG,LFRN
8780,KAUS,KIAD
8781,KATL,KMCO
8782,EDDH,EHAM
8783,LFPG,LDZA
8784,YSSY,YBBN
8785,EPWA,KJFK
8786,KSEA,67KY
8787,KMDW,KDAL
8788,KSTL,KCLT
8789,RJTT,RJOO
8790,KCVG,KATL
8791,LPPR,EHAM
8792,KGSO,KTEB
8793,KPHL,KORD
8794,LSZH,LPPR
8795,KBOS,KDCA
8796,KIND,KJFK
8797,LPMA,LPPR
8798,KROC,KDCA
8799,KALB,KORD
8800,PANC,KORD
8801,LEMD,LFPG
8802,RJTT,RJOO
8803,KSYR,KDCA
8804,SKBO,KMIA
8805,RJOO,RJTT
8806,ENGM,EBBR
8807,EDDM,UUEE
8808,KDCA,KORD
8809,KDAY,KDCA
8810,VOMM,VABB
8811,KLGA,KORD
8812,LSZH,LEBL
8813,KCHO,KPHL
8814,KJFK,KCLT
8815,KGRR,KORD
8816,ULMM,UUWW
8817,LEPA,LEMD
8818,KORD,KDEN
8819,LFPG,KJFK
8820,KGSO,KIAD
8821,LPPT,LEMD
8822,LIMC,EDDP
8823,LIEE,LIMC
8824,YBBN,YPAC
8825,VABB,VIDP
8826,LOWW,LROP
8827,KORF,KORD
8828,RJTT,RJFF
8829,KIND,KBOS
8830,EDDB,LEBL
8831,KISP,KTEB
8832,KALB,KMDW
8833,YPPH,WSSS
8834,KFLL,KEWR
8835,LYBE,EHAM
8836,KLGA,KCLT
8837,LROP,EDDM
8838,LIMC,UUEE
8839,KCMH,KTEB
8840,KNYL,KP19
8841,CYUL,CYYZ
8842,RJTT,RJOM
8843,KGRB,KATL
8844,EICK,EGLL
8845,KCVG,CYHM
8846,KCLT,NC03
8847,KEWR,KFRG
8848,EPKK,EPWA
8849,LFPO,LEBL
8850,KCVG,KPHX
8851,KSDF,KDFW
8852,EBCI,LEBL
8853,KMDW,KBWI
8854,KORF,KPHL
8855,KDTW,KCLT
8856,KDFW,KFLL
8857,RCTP,VHHH
8858,LSZH,LEPA
8859,EHAM,SPJC
8860,KBNA,KCLT
8861,KOKC,KDEN
8862,KHPN,KATL
8863,EDDK,LEPA
8864,KFLL,SKBO
8865,SKBO,KMIA
8866,EVRA,LEBL
8867,VECC,VOBL
8868,KGSO,KATL
8869,TJSJ,KMIA
8870,EHEH,EPMO
8871,EGGP,LEPA
8872,KDTW,KBWI
8873,EDDK,EGLL
8874,KJFK,KMIA
8875,EBBR,LEBL
8876,VOMM,VABB
8877,LSZH,LIRF
8878,KROC,KATL
8879,KBID,KHPN
8880,YPAD,YSSY
8881,VHHH,RCTP
8882,LIMC,LFPG
8883,EFHK,EDDF
8884,EHAM,LTFJ
8885,EVRA,EDDF
8886,ESSB,ESSN
8887,LIPE,LEMD
8888,LTFJ,LFPO
8889,KPHL,KATL
8890,KACY,KFLL
8891,UUEE,ULLI
8892,KDFW,KMIA
8893,KDTW,KIAD
8894,LLBG,LOWW
8895,KJFK,KMSP
8896,LFPG,LHBP
8897,VOMM,VIDP
8898,LEBL,LEMD
8899,KBUF,KDCA
8900,CYYZ,KATL
8901,KCMH,KORD
8902,KMSN,KORD
8903,EDDF,LIPZ
8904,EKCH,KEWR
8905,KLGA,KFLL
8906,EHAM,LPPT
8907,KPWK,KMDW
8908,CYYZ,CYVR
8909,YBBN,YSSY
8910,LTBA,OMDW
8911,KORF,KBWI
8912,KIGX,8NC6
8913,EGLL,WSSS
8914,LFML,LFPO
8915,EPGD,EPWA
8916,KJFK,KATL
8917,KFLL,KATL
8918,KDTW,KDCA
8919,KMIA,KDCA
8920,KHVN,KPHL
8921,KCMH,KDFW
8922,LIRF,EHAM
8923,CYUL,CNV9
8924,VIDP,VOMM
8925,CYRQ,CYUL
8926,KEWR,KMCO
8927,KLUK,KBKL
8928,YPPH,YMML
8929,KPHL,KCLT
8930,PANC,KORD
8931,KOPF,KTEB
8932,KGSO,KORD
8933,EDDF,EPPO
8934,SPJC,KDFW
8935,KBWI,KCLT
8936,KAUS,KDTW
8937,KSDF,KMDW
8938,LFPG,EHAM
8939,KPIT,KLGA
8940,LSZH,LSGG
8941,KORD,71MI
8942,EIDW,LEMD
8943,VECC,VOBL
8944,LEBL,LEIB
8945,KSYR,KATL
8946,OTHH,EGLL
8947,KMVY,KBOS
8948,LEMG,EFHK
8949,LIPE,LICJ
8950,KPVD,KATL
8951,YPAD,YSSY
8952,KLNS,KBWI
8953,EDMO,EDDB
8954,LFBO,EBBR
8955,KPHL,KFLL
8956,NZAA,KSFO
8957,LFBD,LFML
8958,LOWW,LTFJ
8959,VOBL,VABB
8960,KBUF,KEWR
8961,ULLI,ESSA
8962,EDDF,EPKT
8963,16MI,KORD
8964,KMCO,KMIA
8965,LTFJ,EDDL
8966,KBWI,KFLL
8967,VECC,VOMM
8968,EDDL,LEPA
8969,MA72,KBOS
8970,EGPH,EDDF
8971,KOMA,KMSP
8972,KSTL,KMIA
8973,KBWI,KDAL
8974,EDDF,LPPR
8975,ENGM,LHBP
8976,LSZH,LFPB
8977,KHYA,KBED
8978,KCMH,KCLT
8979,OMDB,EDDF
8980,EGLL,EHAM
8981,KIND,KORD
8982,KDFW,KIAD
8983,NZPM,NZCH
8984,LFBD,GMMN
8985,LHBP,LIME
8986,KLUK,KPDK
8987,EDDF,LOWW
8988,SBKP,SBRJ
8989,EDDF,OMDB
8990,SBGR,SBRJ
8991,KFLL,KJFK
8992,LFPO,LPPR
8993,EKCH,EPGD
8994,KBNA,KDFW
8995,88PA,KLAS
8996,LEIB,EHAM
8997,LSZH,LPPT
8998,KBUF,KFLL
8999,KOMA,KATL
9000,RJTT,RJFF
9001,KRDU,KORD
9002,EDDF,SKBO
9003,EDVE,EDDM
9004,LTBA,UAAA
9005,ESSA,EDDM
9006,WS78,KMSP
9007,KMCI,KPHX
9008,VABB,VOBL
9009,EBBR,GOBD
9010,KDFW,KBTF
9011,BIKF,EGLL
9012,RJTT,RJFF
9013,LLBG,KJFK
9014,KBWI,KLAX
9015,UUMO,ULLI
9016,KOAK,KSAN
9017,EFOU,EFHK
9018,KMSP,KMDW
9019,KRDU,KMDW
9020,LEMD,SPJC
9021,LHBP,LYBT
9022,IL38,KMKC
9023,KDFW,KDTW
9024,KATL,KORD
9025,EGLL,EGPH
9026,KAUS,KDEN
9027,KORF,KDCA
9028,SBSP,SSJC
9029,KMCI,KDEN
9030,ENVA,ENZV
9031,OMDB,LFPG
9032,RJFF,RJTT
9033,EDDF,EDDH
9034,KJWY,KGKY
9035,KORD,KMCO
9036,LEPA,ESSA
9037,CYUL,CYYZ
9038,VIDP,VOMM
9039,LOWW,EDDM
9040,KRDU,KBOS
9041,KMSP,KDEN
9042,EGLL,LIRF
9043,LSZH,LEMG
9044,KPIT,KDCA
9045,KBWI,KPHX
9046,KALB,KORD
9047,LIRF,EGLL
9048,LPPR,LSGG
9049,EDDF,EKBI
9050,OMSJ,OERK
9051,LIPZ,LEBL
9052,EDVK,EDFE
9053,EPRZ,EPWA
9054,KORD,KFLL
9055,LSZH,VHHH
9056,KRDU,KEWR
9057,LOWW,LROP
9058,KSTL,KMSP
9059,KATW,KORD
9060,SBSP,SBRJ
9061,KSAT,KMIA
9062,LSGG,EGLL
9063,KAUS,KBWI
9064,EGSS,EDDF
9065,KROC,KDTW
9066,LPPT,EFHK
9067,EGPE,EGGW
9068,KBOS,KFYJ
9069,LFPG,LIQL
9070,KSTL,KDFW
9071,LFMN,LFPO
9072,KBNA,KSEA
9073,LTBA,LLBG
9074,KPHL,KPHX
9075,KMDW,KATL
9076,KATW,KATL
9077,KCVG,KSTL
9078,KCMH,KLGA
9079,KPHL,KBOS
9080,KLGA,KBOS
9081,SKBO,KMIA
9082,LFPG,LTFJ
9083,KBWI,KORD
9084,RJOA,RJTT
9085,KSAT,KDAL
9086,KLEB,KBOS
9087,KTUL,KATL
9088,KMCI,KATL
9089,KDTW,KBNA
9090,KTYS,KORD
9091,KPHL,KMCO
9092,PANC,KSEA
9093,EGHI,EGHS
9094,UKBB,EHAM
9095,LSZH,LHBP
9096,EDLW,EPKT
9097,KBOS,02XS
9098,KMIA,KLAX
9099,KBED,KMSN
9100,EGSS,EDDB
9101,KCVG,KMIA
9102,KROC,KORD
9103,LFPO,LFKB
9104,LMML,EDDF
9105,KSYR,KTEB
9106,LEZL,LEIB
9107,SBSP,SBRJ
9108,KATW,KORD
9109,KPVD,KMVY
9110,KORF,KLGA
9111,KSAT,KDEN
9112,KBWI,KMIA
9113,KMKE,KORD
9114,KDCA,KBOS
9115,KDAL,KABQ
9116,EGKK,LPPR
9117,LFPG,LEBL
9118,KCLT,KLGA
9119,KLAX,KDFW
9120,KSTL,KDEN
9121,LHBP,LFPO
9122,KGRR,KIWA
9123,KBED,KMSN
9124,YMAV,YSSY
9125,LOWW,LIBD
9126,EBBR,LTFJ
9127,KFLL,KPHL
9128,KIAD,KORD
9129,KBOS,KORD
9130,ESSA,ENGM
9131,KSTL,KATL
9132,KCMH,KMIA
9133,ULLI,UUEE
9134,LFPG,LSGG
9135,RPLL,OTHH
9136,KDFW,KATL
9137,KBUF,KJFK
9138,KEWR,KMIA
9139,KBWI,KATL
9140,EDHI,LFBO
9141,KGSO,KORD
9142,KLUK,KPDK
9143,EBLG,KJFK
9144,LOWS,EDDK
9145,KCHO,KORD
9146,KSTL,KHOU
9147,KRDU,KBNA
9148,KTYS,KMSP
9149,KBOS,KSEA
9150,KAUS,KATL
9151,KTUL,KDEN
9152,VOBL,VABB
9153,CYUL,CYQB
9154,OMDB,LSGG
9155,UUEE,UWLL
9156,KOKC,KATL
9157,SKBO,KMIA
9158,KBOS,KCLT
9159,KVPS,KATL
9160,KPHL,KFLL
9161,KJFK,02XS
9162,EGKK,EGKR
9163,KSYR,KORD
9164,KORD,KATL
9165,EDDF,EDDM
9166,KSAT,KDFW
9167,LFPG,LFRS
9168,WMKK,VIDP
9169,KEWR,KFLL
9170,KMCI,KDEN
9171,LIRF,LIMA
9172,LIMC,UKBB
9173,KMSP,KPHX
9174,KBNA,KDEN
9175,KCWA,KMSP
9176,KCMH,KLGA
9177,ENGM,UUEE
9178,EDDF,ENGM
9179,EKRK,EKBI
9180,SBSP,SBRJ
9181,KBMI,KATL
9182,KIND,KATL
9183,KDAL,KATL
9184,KSGF,KATL
9185,KLGA,KMCO
9186,KRDU,KLAS
9187,KAUS,KDEN
9188,KBNA,KATL
9189,KBOS,KATL
9190,EGKK,UKBB
9191,LEMD,EHAM
9192,SBGR,SBGL
9193,KSYR,KLGA
9194,KAUS,KMIA
9195,KJFK,KATL
9196,RJFF,RJTT
9197,KORD,KDEN
9198,KATL,KHOU
9199,LSZH,EDDM
9200,LEMG,EDDF
9201,KPNS,KMIA
9202,KCMH,KLAS
9203,KCLT,KORD
9204,KRDU,KFLL
9205,ENZV,ENBR
9206,KMLI,KORD
9207,KDAL,02XS
9208,KMCI,KDFW
9209,KBNA,KDCA
9210,KDCA,KDEN
9211,KBOS,KDFW
9212,KBWI,KLAS
9213,KSDF,KATL
9214,KEWR,KMIA
9215,KPIT,KMSP
9216,KAZO,KORD
9217,KSRQ,KATL
9218,KMDW,KSTL
9219,KLGA,KFLL
9220,KAUS,KSEA
9221,KMKE,KLGA
9222,KCLT,KATL
9223,KDTW,KDCA
9224,KMCI,KDCA
9225,KORD,KMIA
9226,KRDU,KSDF
9227,KATL,KMCO
9228,EDDF,LSZH
9229,KSTL,KDAL
9230,KROC,KJFK
9231,KBMI,KORD
9232,EDDH,EDHL
9233,KBNA,KMCO
9234,LEBL,EDDF
9235,KDAL,KHOU
9236,KFCM,KANE
9237,KIAD,KHSV
9238,KEWR,KSEA
9239,KAUS,KMSP
9240,KSAT,KDAL
9241,LHBP,EBCI
9242,LEMG,LEIB
9243,KMDT,KCLT
9244,KATL,KPHL
9245,KORD,KDCA
9246,RJTT,YSSY
9247,KCMH,KATL
9248,KBNA,KORD
9249,KDCA,KATL
9250,KLGA,KDEN
9251,EHAM,LTFJ
9252,KBOS,KRDU
9253,LPPR,EDDF
9254,EIDW,EDDF
9255,EHAM,EDDP
9256,KIAD,KTEB
9257,KJFK,KLAX
9258,SBGR,SSJC
9259,YMML,YBBN
9260,KIAD,KMDW
9261,KSTL,KLAS
9262,KATL,KORD
9263,LEBL,LEIB
9264,KBOS,KPHX
9265,LIMC,LTFJ
9266,KBWI,KHOU
9267,ENGM,ESSA
9268,KDAL,KMCO
9269,KCWA,KORD
9270,KMDT,KATL
9271,KMCI,KDAL
9272,VECC,VIDP
9273,KORD,KPHX
9274,KBNA,KMSP
9275,EPKT,EDLW
9276,KTEB,KCLT
9277,EPMO,EBCI
9278,KSAT,KDEN
9279,KCMH,KEWR
9280,EKCH,EDDM
9281,LFPB,LIML
9282,KMDT,KORD
9283,ULLI,UUEE
9284,KBNA,KDAL
9285,KDAL,KSAT
9286,KDTW,KMCO
9287,KDCA,KLGA
9288,KBOS,KATL
9289,KLGA,KBOS
9290,KMIA,KEWR
9291,RJTT,RJFF
9292,KSAT,KBWI
9293,KDFW,KDEN
9294,KMCI,KIAD
9295,KIAD,KDFW
9296,EGAA,EGKK
9297,UKBB,OMSJ
9298,ESSA,EDDF
9299,EKCH,KORD
9300,EFHK,EHAM
9301,KLGA,KATL
9302,KSAT,KATL
9303,VIDP,VOBL
9304,KCLT,KOAJ
9305,LPPT,EDDF
9306,KBNA,KORD
9307,KIAD,KSFO
9308,4NJ8,KSMQ
9309,KDAL,KLAS
9310,KDTW,KATL
9311,KJFK,KLAS
9312,ULLI,EFHK
9313,KMKE,KATL
9314,KDBQ,KORD
9315,ENGM,ENZV
9316,ESSA,EFHK
9317,KMIA,KDFW
9318,ENZV,ENGM
9319,UKBB,EDDF
9320,KEWR,KMCO
9321,KMDW,KMCO
9322,KTUL,KDAL
9323,KCLT,KORF
9324,EDDB,LIBD
9325,LIML,ELLX
9326,KRVS,KGCM
9327,EGSS,LIPZ
9328,YWLM,YSSY
9329,EDDF,LEBL
9330,LEBL,EPWA
9331,BIKF,KJFK
9332,KPHL,KDEN
9333,KFLL,KMDW
9334,PANC,KLAX
9335,KBNA,KPHX
9336,KDTW,KBWI
9337,KDAL,KBWI
9338,KSDF,KMSP
9339,EDDF,LSGG
9340,EDDF,LDZA
9341,LIRF,LIMJ
9342,VAPO,VIDP
9343,KATL,KFLL
9344,LEPA,EKCH
9345,ESGG,EDDM
9346,KBNA,KBWI
9347,EKCH,LTFJ
9348,EDDF,LEPA
9349,KJFK,KSFO
9350,KRYY,KPWK
9351,KIND,KLAX
9352,KDCA,KMIA
9353,LIML,LIRA
9354,KCMH,KFLL
9355,KAUS,KSEA
9356,KDTW,KBOS
9357,EGCC,EGLL
9358,KMIA,KBOS
9359,KATL,KORD
9360,LIMC,LEMD
9361,KORD,KBOS
9362,KMDW,KFLL
9363,GMMN,LEMG
9364,KCVG,KMIA
9365,KMSP,KDEN
9366,YPPH,YMML
9367,KBOS,KFLL
9368,LIRF,LICJ
9369,KLGA,KMCO
9370,EGLL,KORD
9371,KBNA,KHOU
9372,KABQ,KDFW
9373,KEWR,KFLL
9374,YBCG,YSSY
9375,KSDF,KMIA
9376,EDDF,ESSA
9377,KDCA,KFLL
9378,KBOS,KDFW
9379,KERI,KORD
9380,EPWA,LIME
9381,KATL,KSTL
9382,LIML,LSGG
9383,KBOS,KATL
9384,VHHH,PANC
9385,KBUF,KORD
9386,PANC,KATL
9387,KDTW,KJFK
9388,KJFK,KDTW
9389,KCLT,KORD
9390,LFPG,GMMN
9391,EGCC,EGPD
9392,KCLT,KOAJ
9393,KGSO,KMIA
9394,KIND,KEWR
9395,VOMM,VOBL
9396,KSAT,KLAS
9397,LPPT,LPPR
9398,KBWI,KDFW
9399,KCVG,KLGA
9400,KLGA,KMIA
9401,KORD,KLGA
9402,EDDF,KIAD
9403,LSGG,LFBO
9404,KDVT,KPRC
9405,KIWA,KCGZ
9406,LEMH,LEBL
9407,EDDF,LIPX
9408,KMIA,KATL
9409,LIRF,LIPE
9410,ENGM,EGLL
9411,VIDP,OMDB
9412,EDDL,LSZH
9413,KDTW,KEWR
9414,LIBD,LIPZ
9415,ULLI,UUWW
9416,KAUS,KPHX
9417,KSYR,KSDF
9418,LTAC,LTFJ
9419,KSTL,KDCA
9420,KFLL,KDFW
9421,EDDF,EPWR
9422,GMMN,GOBD
9423,ESSB,ESSN
9424,LPPT,LFPG
9425,KMKE,KPHL
9426,KBOS,KMIA
9427,RJOO,RJTT
9428,KDFW,KORD
9429,KALB,KEWR
9430,KDAL,K9X1
9431,KMSP,KATL
9432,ESSA,LFPG
9433,KMIA,KLGA
9434,KSUS,KDAL
9435,KDTW,KFLL
9436,EDDF,EBBR
9437,EDDF,EDDM
9438,KATL,KRDU
9439,KJFK,KIAD
9440,LROP,LFPG
9441,EGLL,KIAD
9442,KSPI,KORD
9443,LFPO,LFKJ
9444,LFPG,UKBB
9445,KBNA,KDCA
9446,KTUL,KDFW
9447,LSZH,KORD
9448,KMCI,KMCO
9449,KMDW,KBNA
9450,UUWW,ULLI
9451,EGKK,EGCC
9452,KAPA,KCOS
9453,SBRJ,SBSP
9454,EDDM,LTFJ
9455,LEMH,LEMD
9456,LYBE,EDDM
9457,KDAL,KMDW
9458,KCLT,KFLL
9459,SBGR,SBRJ
9460,KPIT,KEWR
9461,KAUS,KJFK
9462,EBBR,UUEE
9463,EDDF,KIAD
9464,KJYO,KLNS
9465,KFLL,KBOS
9466,KCLE,KATL
9467,LTFJ,EDDH
9468,KIAH,KDEN
9469,KATL,KDTW
9470,KORD,KLGA
9471,KMKE,KPHX
9472,KRDU,KMIA
9473,KDTW,KRDU
9474,KCVG,KTUL
9475,KMIA,KIAD
9476,RJOA,RJTT
9477,OMDB,LFPG
9478,KOMA,KMDW
9479,LPPT,LFPO
9480,KDCA,KORD
9481,LEBL,EHAM
9482,LIML,LIBD
9483,LPMA,LPPT
9484,KBNA,KMIA
9485,LFPG,LFML
9486,KPIT,KLNS
9487,KFLL,KDAL
9488,LIEE,LIRA
9489,KCLT,KMCO
9490,SBSP,SBRJ
9491,KBOS,KMCO
9492,KMSN,KMSP
9493,KDFW,KONT
9494,EDDF,EDDN
9495,KCVG,KFLL
9496,KJFK,KMCO
9497,LFPG,LFBD
9498,KBWI,KATL
9499,KATL,KLGA
9500,88PA,KMDW
9501,SBKP,SBVT
9502,KDTW,KORD
9503,LSZH,KSFO
9504,KPIT,KATL
9505,KDCA,KCLT
9506,KFLL,KLGA
9507,LFBO,EBCI
9508,ULLI,UUWW
9509,VIDP,VECC
9510,EDDF,CYVR
9511,RJOO,RJFF
9512,EPWA,EDDM
9513,KBOS,KDFW
9514,KPHF,KCLT
9515,KJVL,KPWK
9516,KOKC,KDEN
9517,KMIA,KBOS
9518,KDTW,KCLT
9519,LIRF,LIEE
9520,EDDF,KBOS
9521,KHSV,KDFW
9522,EGTK,EGLF
9523,EIDW,KORD
9524,YPAD,YMML
9525,KBNA,KRDU
9526,OTHH,LEZG
9527,KCVG,KMDT
9528,KMDW,KFLL
9529,KMKE,KBNA
9530,LIPH,EDDB
9531,KBOS,KPHX
9532,KSTL,KMCO
9533,KCLT,KBNA
9534,YSSY,NZAA
9535,LFBD,LEMD
9536,KDAY,KORD
9537,EDDH,UUEE
9538,YBBN,YSSY
9539,KFLL,KPHL
9540,7OH2,KORD
9541,KATL,KBOS
9542,KOKC,KDFW
9543,EHAM,ESSA
9544,RJOO,RJTT
9545,EDDF,LEMG
9546,KHOU,KATL
9547,LBWV,EDJA
9548,EDDL,EDDF
9549,KPWA,KRVS
9550,EBCI,LTFJ
9551,KDTW,KMDW
9552,LPPR,LPPD
9553,KCLT,KSFO
9554,WMKK,OMDB
9555,EDDH,EDDM
9556,ESSB,ESSN
9557,LEPA,LEBL
9558,KDAL,KMCI
9559,KLGA,KDCA
9560,EGLL,OERK
9561,EDDF,LIMC
9562,ENGM,EGSS
9563,EDXF,EDXK
9564,LFRS,LFML
9565,UUWW,ULLI
9566,KFLL,KORD
9567,KATL,K5A9
9568,BIKF,KEWR
9569,EDDS,EPKT
9570,EHAM,UKBB
9571,LEBL,LEMD
9572,UUEE,KJFK
9573,KMCI,KBWI
9574,EDDW,EDDM
9575,LEPA,EDDF
9576,EDDK,EDDM
9577,KCLT,KPHX
9578,EDDF,KORD
9579,UUWW,ULLI
9580,KSYR,KJFK
9581,CYWG,CYVR
9582,KMSP,KLAX
9583,KUES,KMSN
9584,LEIB,LEPA
9585,LFPG,LPPT
9586,KLGA,KDFW
9587,KRDU,KISO
9588,KECP,KATL
9589,KCVG,KCLT
9590,EHAM,UUEE
9591,KFLL,KTPF
9592,KBNA,KSTL
9593,KATL,KMIA
9594,EGPF,EGLL
9595,KORD,KPHL
9596,KMCI,KDTW
9597,EIDW,EGPH
9598,KLGA,KORD
9599,KAUS,KLAX
9600,KSTL,KIAD
9601,LIRF,LIML
9602,KBOI,KMSP
9603,LEMG,LFPG
9604,KSLC,KBOI
9605,KCLT,KRDU
9606,ESGG,LHBP
9607,LYBE,EDJA
9608,KTYS,KPHL
9609,KRDU,KSEA
9610,VOMM,VIDP
9611,KTYR,KDFW
9612,KCVG,KMCO
9613,KDFW,KMSP
9614,ENGM,ESSA
9615,KSRQ,KBWI
9616,97KS,KOJC
9617,VABB,VIDP
9618,LEBL,EGLL
9619,VAPO,VIDP
9620,KDTW,KPHL
9621,KSAT,KLAX
9622,EPKT,LHBP
9623,KEWR,KBWI
9624,KAUS,KDFW
9625,KCLT,KLAS
9626,EGKK,EGPE
9627,EDDF,EETN
9628,KBNA,KORD
9629,LFPG,VABB
9630,KBWI,KORD
9631,EDDF,LEMD
9632,KFNL,KAPA
9633,16MI,KORD
9634,KMSP,KDEN
9635,KLAX,EDDP
9636,KEWR,KPHX
9637,EGLL,LFPG
9638,KTEB,02XS
9639,01LL,KSTL
9640,KDEN,02XS
9641,CYUL,KATL
9642,EDDF,LJLJ
9643,LEPA,LEMD
9644,EGZJ,EGPE
9645,KOMA,KPHX
9646,EDDG,EDDM
9647,KATL,KABE
9648,KFLL,KIAD
9649,GMMN,LIRF
9650,KFNL,KAPA
9651,KBOS,KMCO
9652,KJFK,KSEA
9653,KGSO,KDFW
9654,KAUS,KLAS
9655,EGKK,LEAL
9656,KMDW,KLAX
9657,LEMD,EGLL
9658,KCLT,KHPN
9659,RCTP,KLAX
9660,KEWR,KLDJ
9661,KDCA,KMSP
9662,KSGF,KDFW
9663,LEIB,LEBL
9664,EDDF,LPPT
9665,VABB,VIDP
9666,KSFF,KBOI
9667,KORF,KDFW
9668,KFLL,KDFW
9669,KBOS,KORD
9670,EDDF,KSFO
9671,WSSS,RPLL
9672,VOMM,VABB
9673,LPPT,EBBR
9674,UUDD,LOWW
9675,KCMH,KMDW
9676,KAUS,XS00
9677,KBNA,KLGA
9678,KMDW,KATL
9679,KCLT,KLAX
9680,KTEB,KDAL
9681,VOBL,OTHH
9682,KDFW,KLAX
9683,FAOR,FACT
9684,EHAM,EDDP
9685,EHAM,KJFK
9686,SBGR,SSJC
9687,EGLL,VHHH
9688,VABB,OMDB
9689,KBOS,KLAX
9690,KORF,KCLT
9691,KIAH,KMSP
9692,EDDK,EGSS
9693,KATL,KDFW
9694,KLGA,KDEN
9695,KDTW,KLAS
9696,EDDF,CYYZ
9697,KIND,KLGA
9698,KSTL,KPHL
9699,KPVD,KPHL
9700,KAUS,KATL
9701,KDFW,KSFO
9702,LEPA,LEBL
9703,RJTT,RJBB
9704,KMCI,KMDW
9705,RCTP,VHHH
9706,YSSY,YBBN
9707,EDDF,LTFJ
9708,KTEB,KBOS
9709,KCMH,KEWR
9710,KBOS,KLGA
9711,KADS,KSAT
9712,KPVD,KEWR
9713,CYOW,CYTZ
9714,KCLT,KBWI
9715,KBUF,KDFW
9716,KFNT,KPTK
9717,UUDD,UWKD
9718,LEPA,LSZM
9719,KMKE,KLAS
9720,EDDS,EDDH
9721,UMMS,UUWW
9722,09PA,KORD
9723,LHBP,LOWW
9724,EBBR,LSZM
9725,KMSP,KMIA
9726,EDDL,EDDM
9727,VABB,OMDB
9728,KOSU,KHPN
9729,KSTL,KMDW
9730,KORD,71MI
9731,LFBO,LPPR
9732,KGRB,KMSP
9733,KBNA,KCLT
9734,KMIA,KORD
9735,KMCI,KPHX
9736,GMMN,LIMC
9737,KMSP,KMCO
9738,KHVN,KPHL
9739,KMKC,KTEB
9740,KOKC,KHOU
9741,LEZL,LEBL
9742,KSAT,KATL
9743,KLGA,KFLL
9744,KMDW,KPHX
9745,KBOS,KSEA
9746,KSTL,KORD
9747,KMIA,KJFK
9748,LIMC,ELLX
9749,KPHL,KMCO
9750,VOMM,VIDP
9751,KMCI,KMSP
9752,EGNR,EDHI
9753,LEMG,LEBL
9754,PANC,KLAX
9755,KJFK,KSEA
9756,KPYM,KHYA
9757,KECP,KDFW
9758,EDDW,EDDF
9759,UUEE,EDDF
9760,LPFR,LSZM
9761,LFPO,GMMN
9762,TJSJ,KJFK
9763,KSUS,KMKC
9764,VHHH,OTHH
9765,ENVA,EKCH
9766,KMIA,KBWI
9767,LFPG,EDDM
9768,KLAX,KSEA
9769,KJFK,KMCO
9770,KOKC,KORD
9771,LEPA,EDDH
9772,OMDB,VABB
9773,KMSP,KORD
9774,KCLT,KMIA
9775,KSLK,KBOS
9776,KMKE,56WI
9777,LOWS,UUWW
9778,KIND,KORD
9779,KRDG,KMKC
9780,KCLT,KEWR
9781,KOMA,KATL
9782,KBWI,KLAS
9783,KDAL,KTUL
9784,FAOR,FACT
9785,KMDW,KLAS
9786,EETN,EFHK
9787,KLAX,KUTA
9788,KTEB,KJHW
9789,KBWI,KPHL
9790,KBOS,KMIA
9791,LPPT,LPPD
9792,KFLL,KATL
9793,SBCO,SBKP
9794,LEIB,LEMD
9795,KJFK,KSFO
9796,VIDP,VECC
9797,KEWR,KMCO
9798,KSAT,KSEA
9799,LFML,EBCI
9800,KMSN,KJVL
9801,KPDK,KPLR
9802,KOKC,KATL
9803,KDEN,KDAL
9804,RJFF,RJTT
9805,ULLI,UUEE
9806,KMDW,KMSP
9807,KHWO,KFXE
9808,KJFK,EGNX
9809,UUDD,LOWW
9810,KATL,KMIA
9811,SBRJ,SBSP
9812,KBOS,KLAS
9813,EDDK,LTFJ
9814,KTYS,KDTW
9815,SBGR,SBVT
9816,KRDU,KATL
9817,KMKE,KORD
9818,EBBR,EDDM
9819,KMIA,KMSP
9820,KPHF,KIAD
9821,KCLT,KPHL
9822,KEWR,KSRQ
9823,EKCH,ENGM
9824,VOMM,VIDP
9825,KDAL,KOAK
9826,KCVG,CYHM
9827,LIEE,LIMC
9828,EGLL,KMIA
9829,LIRF,EDDM
9830,EDSP,EDTQ
9831,EGSS,LTFJ
9832,EHAM,EDDM
9833,KTYS,KATL
9834,VHHH,PANC
9835,YMML,WSSS
9836,KMSN,KATL
9837,KBNA,KMDW
9838,KTUL,KHOU
9839,KABQ,KLAS
9840,KSUS,KALN
9841,KFLL,KACY
9842,EDDF,LOWW
9843,GMMN,LIPE
9844,RJFF,RCTP
9845,LPPT,LIRF
9846,LEMG,LEBL
9847,KLGA,KDCA
9848,KDEN,KMKE
9849,VAPO,VIDP
9850,KBNA,KIAD
9851,KIAH,KDEN
9852,FAOR,WSSS
9853,KFLL,KLAX
9854,KBOS,KRDU
9855,KTUL,KDAL
9856,KORF,KEWR
9857,UUEE,UMMS
9858,KJFK,KSFO
9859,KBWI,KSEA
9860,KTYS,KDCA
9861,KATL,KDEN
9862,EDDS,LTFJ
9863,WSSS,NZAA
9864,KCLT,KSTL
9865,KLAX,KPHX
9866,EDDF,CYYZ
9867,KHOU,KDFW
9868,UUWW,UWKD
9869,KMVY,KPVD
9870,VABB,VOMM
9871,KTEB,KMKE
9872,KFTW,KHOU
9873,LLBG,KJFK
9874,KFLL,KSTL
9875,YBBN,VHHH
9876,OMDB,VHHH
9877,KIAH,KDFW
9878,UUDD,ULLI
9879,LEJR,LEMD
9880,EHAM,OBBI
9881,KMKE,KMSP
9882,KLAX,KSFO
9883,LEMG,GMMN
9884,KTEB,KROC
9885,KCLT,KATL
9886,KORF,KPHL
9887,EGHH,EPKK
9888,KJFK,KPHX
9889,KSBD,07KY
9890,KHOU,KDAL
9891,LOWW,LTFJ
9892,KEWR,KOAK
9893,KMVY,KBED
9894,KBOS,KEWR
9895,KDEN,KLAS
9896,EDDL,LPFR
9897,WSSS,VABB
9898,KMQS,KBLM
9899,LPFR,LFPO
9900,KSPI,KDFW
9901,EIDW,KJFK
9902,KBOS,KMVY
9903,KMKE,KDTW
9904,KDEN,KBNA
9905,LEBL,LFPO
9906,KPDK,KDAL
9907,KDEN,KSAN
9908,LEPA,LEMH
9909,WMKK,YPPH
9910,EDDL,LTFJ
9911,KMSP,KSEA
9912,KRDU,KDCA
9913,KMSN,71MI
9914,KHOU,KBWI
9915,KOPF,KTEB
9916,KJFK,KMIA
9917,0PA6,KPHL
9918,KORD,KMSP
9919,VABB,VECC
9920,KCLT,KMKE
9921,KMCI,KSEA
9922,KDAY,KPHL
9923,KSDF,KORD
9924,KEWR,KBOS
9925,LIRF,EDDF
9926,KBOS,KMSP
9927,KBNA,KFLL
9928,LEBL,LIPZ
9929,KIAH,KPHX
9930,KFLL,KMSP
9931,KMSP,KBWI
9932,KMCI,KATL
9933,EDDV,UUEE
9934,UWWW,UUDD
9935,KTUL,KPHX
9936,KCLT,KSAN
9937,KOPF,KFXE
9938,KROC,KBOS
9939,KATL,KFLL
9940,EGCC,LPFR
9941,KDCA,KLGA
9942,KBOS,KCLT
9943,EGLL,KMIA
9944,KMSP,KBOS
9945,KTUL,KDFW
9946,LEBL,LEIB
9947,KORD,EHAM
9948,IN93,KORD
9949,ESSA,EKCH
9950,KOKC,KPHX
9951,KCLT,KDCA
9952,KBOS,KSDF
9953,KPVD,KIAD
9954,LFBO,LFPO
9955,KFLL,KDCA
9956,KABQ,KLAX
9957,KSTL,KBNA
9958,LFPG,KIAD
9959,KOMA,NE38
9960,EHAM,LLBG
9961,KLGA,KDEN
9962,LSGG,LFPB
9963,EFHK,EPWA
9964,KATL,KIAD
9965,KMSN,KDFW
9966,KCWA,KDTW
9967,KBOI,KLAS
9968,KMKE,KCWA
9969,EDDL,LTFJ
9970,KPIT,KPHL
9971,OPMT,OMDB
9972,KSDF,KORD
9973,VAPO,VOBL
9974,KGRB,KORD
9975,KEWR,KDFW
9976,KFLL,KBWI
9977,K7N1,KDTW
9978,KPHL,KCLT
9979,EGAC,EGLL
9980,KBOS,KCLE
9981,EKCH,EGLL
9982,KBED,KCLT
9983,KMCI,KMIA
9984,LPPT,EGLL
9985,KOMA,KATL
9986,LFML,LEMG
9987,EHAM,EBBR
9988,EGLL,EGPH
9989,LYBE,OMDB
9990,KTUL,KDEN
9991,ENZV,EGPD
9992,KRVS,OK13
9993,LIRF,LIPX
9994,LFOB,EPKK
9995,LEPA,EDDK
9996,KATL,KEWR
9997,LFKJ,LFPO
9998,KRDU,KISO
9999,KCLT,KDFW
10000,TJSJ,KATL
10001,KFLL,71MI
10002,KBUF,KPHL
10003,KCMH,KIAD
10004,KJFK,KMSP
10005,CYUL,CYYC
10006,EDDF,RJTT
10007,LIML,LIRF
10008,KUES,KPWK
10009,KAUS,KORD
10010,LEBL,GMTT
10011,KPHL,KATL
10012,KBUF,KATL
10013,KORD,KATL
10014,KJFK,KSDF
10015,KSAT,KORD
10016,PANC,KSEA
10017,KIAD,KHSV
10018,ESSB,ESNZ
10019,KORD,KLAX
10020,KTUL,KMKC
10021,KDFW,KLGA
10022,KCMH,KPHL
10023,KMCI,KORD
10024,KPIT,KIAD
10025,KMHT,KIAD
10026,KDEN,KEWR
10027,KMDW,KSAN
10028,ZGSZ,PANC
10029,KSTL,KATL
10030,KJKJ,KMSP
10031,LEPA,EDDS
10032,KCVG,KMCO
10033,KCLT,KMDT
10034,LPPT,SBGR
10035,KFLL,KDFW
10036,KDAL,KATL
10037,SBRJ,SBVT
10038,KSDF,KPHL
10039,LSGG,LTFJ
10040,CYUL,CYYZ
10041,KATW,KORD
10042,KORD,KMCO
10043,EHAM,EKCH
10044,LKPR,EDDF
10045,KADS,TA06
10046,KSRQ,KATL
10047,LIRF,LIPQ
10048,KRDU,KPHL
10049,KTEB,KBOS
10050,KDCA,KBOS
10051,LSZM,EIDW
10052,KIND,KIAD
10053,KEWR,KATL
10054,KHOU,KLAS
10055,KMIA,KSDF
10056,KCMH,KHOU
10057,EDDH,LTFJ
10058,SBKP,SBGL
10059,KDTW,KPHL
10060,KSTL,KORD
10061,KOMA,KORD
10062,KAUS,KLAX
10063,KLNK,KMKC
10064,KDAY,KIAD
10065,KEWR,KPHL
10066,VECC,VABB
10067,KBNA,KBOS
10068,TJSJ,KMIA
10069,K3MY,KORD
10070,SBGR,SBRJ
10071,KDEN,KLAX
10072,EGLL,UUEE
10073,LKPR,LEMG
10074,KDTW,KLAS
10075,WSSS,VOBL
10076,KORF,KATL
10077,KMCI,KLGA
10078,KIND,KBOS
10079,KSYR,KIAD
10080,SBRJ,SBVT
10081,KBNA,KATL
10082,KOMA,7NE6
10083,KMSP,KSEA
10084,VHHH,WSSS
10085,KJFK,KBOS
10086,KPHL,KRDU
10087,YMML,YSSY
10088,LOWW,UUEE
10089,OMDB,VOBL
10090,LIRA,EGSS
10091,EGLL,LEMD
10092,KORD,KDFW
10093,EKCH,LEMD
10094,LFPG,LHBP
10095,KCMI,KDFW
10096,KAUS,KMIA
10097,KPNS,KATL
10098,KEWR,KDEN
10099,KDFW,KBNA
10100,YSSY,RCTP
10101,EDDN,EDDM
10102,KMDW,KLGA
10103,KFLL,KATL
10104,KDEN,KMKE
10105,KDTW,KLAS
10106,KJFK,02XS
10107,KCLT,KBOS
10108,KDFW,KECP
10109,KABQ,KBTF
10110,KSTL,KMCO
10111,KORD,KBNA
10112,EBBR,LKPR
10113,KBWI,KMDW
10114,KOMA,NE17
10115,KAUS,KPDX
10116,EDDF,UUEE
10117,KMCO,KMIA
10118,KCLT,KMCI
10119,EKCH,ENZV
10120,LFBO,LFPG
10121,LEMG,LIME
10122,KDAL,KFLL
10123,KDVT,KE25
10124,KATL,KDFW
10125,KMIA,KATL
10126,KCMH,KDCA
10127,UUWW,EVRA
10128,LIRF,EHAM
10129,KDEN,KCMH
10130,EHEH,LIPH
10131,KHSV,KDFW
10132,CYUL,CYTZ
10133,KROC,KEWR
10134,KSAT,KATL
10135,KDTW,KATL
10136,LKPR,LFPG
10137,KDFW,KLAX
10138,KBNA,KDFW
10139,KAUS,KDAL
10140,KEWR,KORD
10141,YMEN,YBLT
10142,EGLF,KTEB
10143,KSTL,KLGA
10144,KIND,KLGA
10145,KMDW,KDCA
10146,VOBL,VIDP
10147,KJFK,KSAN
10148,KPHL,KMCO
10149,KDEN,KBTF
10150,KSEA,KORD
10151,KSAT,KDFW
10152,OMDB,OERK
10153,KLOU,KJVY
10154,LPPT,LEMD
10155,KCLT,KLGA
10156,KDFW,KPNS
10157,EGLL,BIKF
10158,EGKK,LEAL
10159,KATL,KSEA
10160,EDDB,LIRA
10161,EDDK,LEPA
10162,KMSP,KSNA
10163,EDHL,EDDH
10164,KFTW,KSAT
10165,KIAD,KJFK
10166,KAUS,KATL
10167,KBTL,MI77
10168,VIDP,VEPI
10169,EDDM,BIKF
10170,KROC,KTEB
10171,KRDU,KEWR
10172,YHBA,YBBN
10173,GMMN,EBBR
10174,ESSB,ESSN
10175,ENBR,ENGM
10176,KCOS,KDEN
10177,KDFW,07KY
10178,CYYZ,CYOW
10179,KGRB,KDTW
10180,KMSP,KFLL
10181,EHAM,BIKF
10182,KAUS,KSFO
10183,KATL,KMCI
10184,KORD,KJFK
10185,ELLX,EDDM
10186,KDEN,KMCI
10187,KBED,KTEB
10188,RJFF,RJBB
10189,LFPG,KMIA
10190,KDCA,KSEA
10191,KGOK,0OK6
10192,KBWI,KLNS
10193,KFLL,KJFK
10194,LEIB,LEBL
10195,1PA5,KBVI
10196,ESSA,ESPA
10197,KPHX,KDFW
10198,KORD,KPIT
10199,KPHL,KIAD
10200,KHYA,KCQX
10201,KLAS,KDFW
10202,KDEN,KSDF
10203,KMCI,KLAX
10204,ESSB,ESTA
10205,LEMG,EGLL
10206,KJFK,KLAS
10207,CYUL,CYVR
10208,KDFW,KORD
10209,KAZO,KORD
10210,LSZM,LTFJ
10211,LFPG,OMDB
10212,KAUS,KPHX
10213,KDEN,KPHX
10214,KABQ,KATL
10215,KSYR,KPHL
10216,KBOI,KSEA
10217,KJFK,KLAX
10218,KSLC,KSDF
10219,KPVD,KPHL
10220,KCLE,KATL
10221,KDTW,KEWR
10222,KBOS,KFLL
10223,KORD,KMIA
10224,EPKK,UKKK
10225,KMCI,KATL
10226,KDFW,KSAT
10227,KSRQ,KBNA
10228,VABB,VOBL
10229,KDFW,KFLL
10230,SBGR,SBGL
10231,OBBI,OMSJ
10232,KATL,KHSV
10233,KORD,KIAD
10234,KEWR,KPDX
10235,KDEN,KPDX
10236,KRDU,KLGA
10237,LIEE,LIML
10238,KPHL,KMSP
10239,LPPT,LIME
10240,KFFZ,KCGZ
10241,OMDB,UUEE
10242,KCLT,KATL
10243,KMKE,KHOU
10244,EDDF,EGLL
10245,RJBB,RJTT
10246,LIME,LROP
10247,KLGA,KMIA
10248,KLCK,8OA7
10249,KORD,KPDX
10250,RJFF,RJTT
10251,KBVI,1PA5
10252,TJSJ,KEWR
10253,KDEN,KMCO
10254,KPHX,KORD
10255,KOMA,KPHX
10256,KCLT,KEWR
10257,KCMH,KMSP
10258,KSAT,KPHX
10259,KDFW,KSAN
10260,KAUS,KSAN
10261,KDEN,KDFW
10262,KJFK,KRDU
10263,LSGG,EGGW
10264,VECC,VIDP
10265,KMSP,KORD
10266,KFLL,KORD
10267,EPGD,EKCH
10268,NZCH,NZAA
10269,KLGA,KRDU
10270,LFPG,KATL
10271,KSDF,KIAD
10272,EDDP,UUEE
10273,KX50,KDAB
10274,KORD,KSFO
10275,KMKE,KDAY
10276,EKCH,EKYT
10277,TBPB,KMIA
10278,KONT,KSBA
10279,EPKK,EPWA
10280,KPHX,KPHL
10281,04TX,KDFW
10282,KDFW,KMCO
10283,LSZM,EHAM
10284,KDFW,KLAX
10285,KLGA,KCLE
10286,KDEN,KBOS
10287,KPHL,KBOS
10288,RCTP,VHHH
10289,KJFK,KMCO
10290,LOWW,EBBR
10291,SBSP,SSJC
10292,KDFW,KATL
10293,KBVI,1PA5
10294,KHOU,KDEN
10295,KBOS,KATL
10296,KDTW,KORD
10297,KDFW,KABQ
10298,KTEB,KOPF
10299,EDDK,LFPG
10300,EGGW,CYYZ
10301,KDEN,KATL
10302,SBKP,SBRJ
10303,KCVG,KEWR
10304,KATL,KCMH
10305,NZAA,WSSS
10306,KFLL,KBWI
10307,KLGA,VG64
10308,KSGF,KORD
10309,EGLL,EBBR
10310,SKBO,KMIA
10311,KDAL,KHOU
10312,EDDL,LEPA
10313,RPLL,WSSS
10314,YMMB,YMEN
10315,KORD,KEWR
10316,KFLL,KLAX
10317,SPJC,CYYZ
10318,KATL,KMDW
10319,EGSS,EGPH
10320,LEMG,EKCH
10321,KSUS,KMKC
10322,ESSA,ESGG
10323,PANC,KLAX
10324,KDFW,KLAS
10325,KORF,KIAD
10326,KDEN,KMDW
10327,KCLT,KJFK
10328,KLGA,KCLT
10329,KDTW,KDFW
10330,KCMH,KSEA
10331,KBOS,KPHL
10332,KJFK,KFLL
10333,KPTK,KDET
10334,LFBO,EGNR
10335,KBNA,KLAX
10336,KSAT,XS40
10337,LIEE,LIRA
10338,KTYS,KDFW
10339,CYUL,CNV9
10340,KDEN,KMSP
10341,EDDP,LOWS
10342,KATW,KMSP
10343,KMKE,KPHX
10344,KATL,KDFW
10345,UUEE,ULLI
10346,KCLT,KMSP
10347,KAUS,KBOS
10348,KDFW,KBNA
10349,KSAT,KBNA
10350,KSTL,KLGA
10351,EFHK,BIKF
10352,KJFK,KMVY
10353,KDEN,KPHL
10354,LIML,EDDF
10355,LEBL,UUEE
10356,CYYC,CYXE
10357,KSAF,KDFW
10358,KSFO,KORD
10359,CYYZ,CYYC
10360,KATL,KMSP
10361,KBOS,TXKF
10362,OTHH,VHHH
10363,KORD,KLAX
10364,KMKE,KBWI
10365,KOPF,KFLL
10366,KATL,KECP
10367,KTEB,KPHL
10368,KBUF,KPHL
10369,KAUS,KHOU
10370,KSMQ,KLDJ
10371,LEMD,LEBL
10372,KDFW,KRDU
10373,KSAT,XS40
10374,KIAD,KSEA
10375,ESSA,LTFJ
10376,KIAH,KDEN
10377,KCMH,KCLT
10378,KATL,KPHX
10379,KMIA,KJFK
10380,KRDU,KPHX
10381,KAUS,KDFW
10382,KMCI,KLAS
10383,EKCH,BIKF
10384,LEPA,EDDS
10385,KOMA,KDFW
10386,KDCA,KHSV
10387,KSTL,KBWI
10388,KDEN,KORD
10389,KBOS,KIAD
10390,KLGA,KATL
10391,EHAM,LFPB
10392,KSAT,KHOU
10393,CYYZ,CYXE
10394,KGSO,KATL
10395,KDFW,KSFO
10396,KROC,KIAD
10397,KATL,KIAD
10398,KRDU,KLGA
10399,KATL,KORD
10400,KDEN,KLAS
10401,RJFF,RJTT
10402,KDCA,KATL
10403,KPHL,LFPG
10404,EGLL,KCLT
10405,LEMG,ESSA
10406,KORD,KLGA
10407,KAUS,KBNA
10408,LEBL,LPPR
10409,KTEB,KCMH
10410,KDEN,KORD
10411,KGPI,KPAE
10412,KFLL,KDEN
10413,KMDT,KCLT
10414,KBNA,KLAS
10415,KBOS,KFLL
10416,KDEN,KSEA
10417,KTYS,KIAD
10418,EKCH,LIRA
10419,KDFW,KMCO
10420,KATL,02XS
10421,KEWR,CYYZ
10422,KRDU,KIAD
10423,KIAD,KDAY
10424,EDDS,LTFJ
10425,KDEN,KMSP
10426,LPPT,LPMA
10427,KPIT,KEWR
10428,KJFK,KDFW
10429,EHAM,LFML
10430,KSTL,KCLT
10431,UUEE,LFPG
10432,KDFW,KPHX
10433,KSTL,KCLT
10434,KPVD,KMDW
10435,KSAT,4TS8
10436,KBOS,KORD
10437,VIDP,VABB
10438,VOBL,VIDP
10439,EDDP,LIMC
10440,KORD,07KY
10441,CYVR,CYYJ
10442,LIMC,EDDP
10443,06VA,KIAD
10444,EPKK,EDDF
10445,KPHL,KBUF
10446,EDDB,UUEE
10447,KRDU,KMIA
10448,KDEN,71MI
10449,KBOS,KMIA
10450,KDEN,KSAT
10451,KIND,KORD
10452,ENGM,LSZH
10453,EHAM,LDZA
10454,KGRB,KORD
10455,KBWI,KMSP
10456,VHHH,PANC
10457,KJFK,KDEN
10458,ESSB,ESGG
10459,KADS,KAPA
10460,NZAA,NZCH
10461,KONT,KSDF
10462,YSSY,YMML
10463,KFRG,KHPN
10464,KRDU,KMCO
10465,EHAM,LIPZ
10466,CYXE,CYYC
10467,KCLT,71MI
10468,KBLM,KPWK
10469,LEPA,EDDH
10470,KORD,KSEA
10471,KDFW,KMIA
10472,KBMI,KDFW
10473,KBWI,KPHX
10474,ULLI,UUWW
10475,KSDF,KDCA
10476,KGRI,KDFW
10477,SBVT,SBGR
10478,KRVS,KOKM
10479,KATL,KDAL
10480,KPNS,KDCA
10481,EDDP,EDDK
10482,KORD,KBNA
10483,KMIA,02XS
10484,KOKC,KORD
10485,EPKT,EPWA
10486,KSKA,KSEA
10487,EGLC,ELLX
10488,EPWA,EPKK
10489,PANC,VHHH
10490,KCLT,KIAD
10491,KAUS,KSJC
10492,YBBN,YMML
10493,KLGA,KBNA
10494,KPHL,KDEN
10495,LIRF,EGLL
10496,LSZG,LSGL
10497,KHWV,KISP
10498,KIAD,KFOK
10499,ULLI,UUDD
10500,KATL,KBNA
10501,KORD,KMSP
10502,KECP,KBNA
10503,KPHL,EGNX
10504,KCWA,KORD
10505,SBRJ,SBGR
10506,KDTW,KDFW
10507,EGSS,LIPQ
10508,KLAX,KVNY
10509,KMDW,KDAL
10510,KBOS,0VA3
10511,UKBB,OMDB
10512,KATL,KVPS
10513,KATL,KMCO
10514,IA84,KORD
10515,LFPG,CYYZ
10516,KIND,KMSP
10517,KPHX,KUTA
10518,KSAT,KORD
10519,WSSS,VOMM
10520,KAUS,KJFK
10521,KAUS,KDFW
10522,KPHL,KCLT
10523,KATL,KSTL
10524,KEWR,KMIA
10525,KSLC,KLAX
10526,PANC,KSEA
10527,KRDU,KDEN
10528,KSAT,KSDF
10529,KCOS,KDFW
10530,KOPF,KTEB
10531,KHQZ,KADS
10532,KIND,KEWR
10533,KPHX,KSDF
10534,ENZV,ENBR
10535,KMDW,KHPN
10536,KFCM,88MN
10537,47PA,KIAD
10538,SBKP,SDBA
10539,KMIA,KPHX
10540,KORD,KATL
10541,LFPG,LEPA
10542,KDTW,WS25
10543,KMSP,KLAS
10544,KYKM,KSEA
10545,YSSY,YMML
10546,ENBR,ENZV
10547,UKBB,EVRA
10548,KEWR,KATL
10549,KBWI,KDUJ
10550,EDDB,LTFJ
10551,KDFW,KMCI
10552,EHAM,LEBL
10553,LFML,LFRS
10554,KJFK,KSAN
10555,KFFZ,KAVQ
10556,KDBQ,IA80
10557,YSSY,NZCH
10558,KIAH,KLAX
10559,KPIT,KFLL
10560,KIAD,KDEN
10561,KADS,TA06
10562,KGRB,WS72
10563,ESOW,ESSX
10564,KLGA,KEWR
10565,KMSP,KPHX
10566,KMDW,KLUK
10567,KAUS,KLAX
10568,ULLI,EFHK
10569,RJTT,RJBB
10570,KSTL,KPPQ
10571,KSAT,KPHX
10572,LPPT,LPPD
10573,PN14,KBTP
10574,KDTW,KSAN
10575,KBUF,KIAD
10576,ESSA,ESMS
10577,KLAX,KBOS
10578,EGLL,EIDW
10579,EDDV,LEBL
10580,EHAM,EPWA
10581,KBTL,MI77
10582,SBCO,SBSP
10583,OMSJ,OEDR
10584,KDFW,KPHL
10585,KAPA,KSDL
10586,CYYZ,CYYC
10587,LEZL,EIDW
10588,KTEB,KFRG
10589,MA72,KBOS
10590,ENZV,ENGM
10591,KMSP,KSDF
10592,KMDW,KPHL
10593,EDDB,LPFR
10594,KIAH,KSFO
10595,KOPF,KHWO
10596,KHPN,KAGC
10597,KPHL,KSDF
10598,KMKE,KMRJ
10599,KEWR,02XS
10600,LROP,OMDB
10601,KAPA,CO18
10602,KPVD,KMDW
10603,EBBR,ESSB
10604,KJFK,KDCA
10605,CYYZ,KORD
10606,KDCA,KMCO
10607,GMMN,LFPG
10608,EHAM,ELLX
10609,VIDP,VABB
10610,KCVG,KPHL
10611,KDEN,KSAN
10612,KATL,KMSP
10613,KBOS,KPVC
10614,EIDW,KBOS
10615,UKBB,EDDM
10616,LEPA,EDDV
10617,KBNA,KSEA
10618,VT48,KEWR
10619,KFLL,KLGA
10620,KSDF,KATL
10621,LEZL,LEBL
10622,EPGD,ESGG
10623,KDAL,KBNA
10624,KMSP,PANC
10625,KIWA,KCRQ
10626,KSFO,KPHX
10627,SDCO,SBGR
10628,LIML,LIRF
10629,KPDX,KSEA
10630,KEWR,EGLL
10631,OTHH,EGLL
10632,KCVG,KIAD
10633,UUEE,EBBR
10634,KDTW,KBUF
10635,KJFK,KCLT
10636,KBOS,MA55
10637,KMSP,KBOS
10638,KLNK,18NE
10639,KBWI,KSTL
10640,KOKC,KORD
10641,KPJC,98PA
10642,KATL,KPHL
10643,EDDF,EDDH
10644,LOWW,LKPR
10645,KPWA,KRVS
10646,KJFK,KDCA
10647,KFLL,KMIA
10648,LEPA,EDDV
10649,KATL,KMIA
10650,KMKC,KGPH
10651,VIDP,VOMM
10652,KMSP,KFLL
10653,CYUL,KLGA
10654,KDTW,KOMA
10655,KPHL,KMKE
10656,KEWR,KDFW
10657,YSSY,YMML
10658,KABQ,KORD
10659,KATL,KSEA
10660,WMKK,WSSS
10661,ULLI,UUWW
10662,KAGC,KHEF
10663,KMSP,KJFK
10664,KMCI,KDFW
10665,LFPG,EDDF
10666,KOAK,KPHX
10667,KCLT,KBWI
10668,KSDF,KDFW
10669,KMGJ,KHPN
10670,KATL,KEWR
10671,LEBL,LEMD
10672,EDJA,EGSS
10673,EHAM,LIRF
10674,KDTW,KMKE
10675,RCTP,PANC
10676,KAUS,KLAX
10677,CYUL,KORD
10678,KDEN,KSEA
10679,KSYR,07KY
10680,LSPV,LSZF
10681,KBWI,KMIA
10682,KCVG,KDCA
10683,KMIA,KSDF
10684,KDFW,KFLL
10685,KBOI,KU70
10686,KBVI,1PA5
10687,19OK,KRVS
10688,KDTW,KCMH
10689,UUDD,LTFJ
10690,EGKK,GMTT
10691,KMSP,KDCA
10692,KHOU,KBNA
10693,KBOS,KLEB
10694,LFPO,LEMD
10695,KTEB,KPWK
10696,KATL,KTYS
10697,KAUS,KLAX
10698,OMDB,RJBB
10699,LPFR,EDDM
10700,KDFW,KDAY
10701,KEWR,KIAD
10702,KDEN,KPHX
10703,PANC,KORD
10704,KDPA,KJVL
10705,EHAM,VIDP
10706,EDDH,LEPA
10707,LSZB,EGLF
10708,KDTW,KSEA
10709,ULLI,UUWW
10710,KJFK,KATL
10711,KFFZ,55AZ
10712,LFPG,KORD
10713,KDFW,KVPS
10714,KMIA,KLAX
10715,KIWA,KRYN
10716,KDTW,KMSP
10717,KPHL,KLAS
10718,KDFW,KSDF
10719,KEWR,KDFW
10720,KLGA,KEWR
10721,KFFZ,88AZ
10722,KRDU,KBWI
10723,KATL,KBWI
10724,KDEN,KSDF
10725,KPHL,KCLT
10726,LFMN,LFPO
10727,KIAH,KLAX
10728,LFRS,LFPG
10729,EDDH,EHAM
10730,KDTW,KMDW
10731,OMDB,WSSS
10732,LEMD,LEBL
10733,KSDF,KBWI
10734,KVPS,KDFW
10735,VHHH,WSSS
10736,KATL,KSRQ
10737,LFPG,LEMD
10738,KJFK,KRDU
10739,OBBI,OMDB
10740,KMSP,KDFW
10741,KPHL,KFLL
10742,LEBL,LEPA
10743,KDTW,K8C4
10744,KSJC,KTRK
10745,LHBP,EDDF
10746,KEWR,KCLT
10747,KE25,KDVT
10748,LIMC,LILG
10749,KCLT,KPHL
10750,KTTN,KAGC
10751,LSZH,EDDF
10752,KTUS,AZ19
10753,KDTW,KSDF
10754,EGLL,LSZH
10755,KMCI,KBNA
10756,KEWR,KSDF
10757,KMSP,KLGA
10758,EPKT,EDDF
10759,EDDL,UUEE
10760,KBOS,KSFO
10761,KMDW,KLAS
10762,EHAM,LFPG
10763,KIAH,KLAX
10764,KSAT,KHOU
10765,YBBN,YSSY
10766,KFLL,KLAS
10767,FAOR,FACT
10768,KDTW,KLAS
10769,KORD,KSAN
10770,KATL,KPHL
10771,CYYZ,CYYB
10772,KATL,KSAT
10773,KMSP,KOMA
10774,SBCO,SBRJ
10775,KMIA,KDCA
10776,KAUS,KORD
10777,LFPG,UUEE
10778,KJFK,KLAX
10779,KTYS,AL16
10780,CYYZ,CYVR
10781,VIDP,VABB
10782,KBOS,KTEB
10783,EDDF,OMDB
10784,KOAK,KLAS
10785,LFPO,LFKF
10786,KMDW,KPHX
10787,KMSP,KPHL
10788,KOMA,KLAS
10789,KEWR,KMIA
10790,KDTW,KLGA
10791,EHAM,LHBP
10792,KFFZ,KAVQ
10793,EDDS,EGLL
10794,KDTW,KMCO
10795,KATL,KLAS
10796,IL38,KMDW
10797,KRDU,66NC
10798,KPHX,KSDF
10799,EHAM,LFRS
10800,KAUS,02XS
10801,KORD,KOKC
10802,KPHL,KCMH
10803,KDTW,KMSN
10804,KSEA,KBNA
10805,CYVR,CAM3
10806,KBOS,KMSS
10807,EKCH,EKYT
10808,VOMM,VOBL
10809,EGSS,LEPA
10810,LEIB,LEPA
10811,KEWR,KSFO
10812,KFLL,KRDU
10813,KMSP,KMCI
10814,LSZH,EDNY
10815,KATL,1AL8
10816,KDEN,KOAK
10817,EHAM,LIPE
10818,KORD,KFLL
10819,CYYZ,KEWR
10820,KRDU,NC48
10821,LFPG,CYUL
10822,KSEA,KDFW
10823,KDFW,KOKC
10824,LSGG,LFPG
10825,KAPA,KFNL
10826,EGLL,EICK
10827,LEPA,LFPO
10828,KORD,KMIA
10829,KMSP,KSDF
10830,KATL,86GA
10831,KAUS,KMDW
10832,EDDH,EDDM
10833,KDEN,KSEA
10834,GMMN,LSGG
10835,KDTW,KPDX
10836,LEMT,LECU
10837,SBGL,SBGR
10838,EGAA,EGBB
10839,LFNR,LFML
10840,KORD,KCWA
10841,KDAL,KSEA
10842,LFPO,LEMG
10843,ENGM,LTFJ
10844,KONT,KAFW
10845,KIAD,KLAX
10846,KVPS,KATL
10847,KIND,KIAD
10848,KFFZ,KDVT
10849,KDTW,KDAY
10850,KROC,KOWD
10851,KDFW,KATL
10852,EHAM,ESSA
10853,KBOS,KLAX
10854,EDDS,LSZH
10855,RJTT,KLAX
10856,YSSY,YMML
10857,LEPA,EDDB
10858,FALA,FACT
10859,KATL,KDAY
10860,LEMD,EDDK
10861,KMIA,KDFW
10862,VIDP,VIDN
10863,SKBO,SPJC
10864,EIDW,KBOS
10865,LIPZ,EDDF
10866,KPHL,KDFW
10867,KMSP,KBNA
10868,LSZV,LSMD
10869,LPPR,LFPO
10870,KDTW,KORD
10871,LFML,LFBD
10872,KATL,KBOS
10873,UUWW,EVRA
10874,KRDU,KDEN
10875,KDTW,KMSP
10876,KSLC,KSDF
10877,SBCO,SBGR
10878,NZCH,NZPM
10879,KDFW,KDEN
10880,KBOI,KOAK
10881,KSTL,KDFW
10882,KATL,KSDF
10883,KEWR,KSAN
10884,LEPA,EDDL
10885,KLAS,KCLT
10886,LTFJ,LTFE
10887,EDDM,LEPA
10888,EHAM,KATL
10889,KLGA,KCLT
10890,LFOB,LPPR
10891,KDCA,KATL
10892,LIMJ,LIRF
10893,KDTW,KMCI
10894,YSSY,WSSS
10895,KCPS,6MO6
10896,KMSP,KORD
10897,KCMH,KBWI
10898,KDTW,02XS
10899,KEWR,KMCO
10900,KITH,KIAD
10901,KMDW,KBWI
10902,KMMU,K3N6
10903,KPHL,KMCO
10904,KLGA,KCLE
10905,KMSP,KCMH
10906,KIAH,KORD
10907,KADS,KSAT
10908,KSUS,KAPA
10909,KBOS,KORD
10910,KTUS,AZ19
10911,CYYZ,CYYC
10912,KBNA,KMIA
10913,KJFK,KFLL
10914,KDTW,KPHX
10915,KORD,KBNA
10916,ESGG,EDDF
10917,KEWR,KLAS
10918,CYYC,KDFW
10919,KOAK,07KY
10920,ENBR,ENGM
10921,KBFI,07KY
10922,KPIT,KJFK
10923,KMKE,KATL
10924,LEMG,EDDS
10925,KLAX,KDAL
10926,LFPG,LLBG
10927,EGLL,EDDM
10928,LTFJ,LTFE
10929,KMDW,KBNA
10930,KOMA,KAPA
10931,KCMI,KORD
10932,KIND,KBOS
10933,KTYS,KATL
10934,KATL,02XS
10935,KBOS,KTEB
10936,KMSP,KEWR
10937,KBOI,KSEA
10938,KHOU,KSTL
10939,KCLT,KRDU
10940,KBWI,KSAT
10941,KORD,KSTL
10942,KBWI,KSRQ
10943,LEBL,LEIB
10944,LPPR,LPPD
10945,KLAX,KSWF
10946,KRDU,KATL
10947,KABQ,KPHX
10948,LYBE,LSZH
10949,KCHD,KDVT
10950,CYYJ,CYYC
10951,KATL,KMKE
10952,LOWW,LKPR
10953,KTEB,KVNY
10954,KFFZ,KAVQ
10955,EGGP,EGAA
10956,KDAY,KORD
10957,KATL,KFLL
10958,KIND,KDEN
10959,KPHL,KRDU
10960,KORD,07KY
10961,KDCA,KRDU
10962,LEMD,LEPA
10963,RCTP,PANC
10964,LEPA,LOWW
10965,ENVA,ENGM
10966,KMIA,KSFO
10967,KHSV,KIAD
10968,EKRK,EKBI
10969,KTUS,KPHX
10970,KLAS,KDTW
10971,KBOI,KLAX
10972,KDCA,KBNA
10973,KTUL,KORD
10974,KFFZ,KCGZ
10975,KIND,KMKE
10976,KSAT,4TS8
10977,EKCH,LEPA
10978,KCOS,KBTF
10979,EGPH,EGLL
10980,KPHL,KCLE
10981,LTFJ,LTFE
10982,KBOS,KDCA
10983,KABQ,NM74
10984,KJFK,KRDU
10985,KAFW,0TS2
10986,KDTW,02XS
10987,EHAM,OMDB
10988,KSLC,KLAS
10989,LFPG,KJFK
10990,CYYC,CYVR
10991,KAUS,KSAN
10992,YBBN,WSSS
10993,LIMF,LIRF
10994,PAEN,PANC
10995,KATL,KPNS
10996,KCLT,KPHX
10997,RJBB,VHHH
10998,ENVA,ENGM
10999,OTHH,LFPG
11000,KBOS,KDCA
11001,KIND,KDEN
11002,KONT,KSJC
11003,KDVT,KPAN
11004,KDFW,74XA
11005,KJFK,EGLL
11006,KDFW,KOMA
11007,KSAT,KDAL
11008,VOMM,OTHH
11009,KORD,71KY
11010,KMDW,KLGA
11011,KATL,KMDW
11012,KAUS,KHOU
11013,KABQ,KLAX
11014,KLAX,KBWI
11015,LEIB,LEZL
11016,KDTW,KMIA
11017,SBRJ,SSJC
11018,KBNA,KTEB
11019,KDAL,KLAS
11020,KSMF,KLAX
11021,KOMA,KORD
11022,KJFK,KPHX
11023,KFLL,KATL
11024,KBJC,KAPA
11025,KJVL,KMSN
11026,KOKM,KRVS
11027,KTEB,KMKE
11028,KATL,KPDX
11029,KDEN,KTUL
11030,LTFJ,LTAC
11031,KLAX,KLAS
11032,KLGA,KMSP
11033,KORD,KPNS
11034,KHPN,KLEB
11035,KCLT,KBNA
11036,LEPA,LEIB
11037,KIAH,KDTW
11038,KEWR,KSEA
11039,LIME,LHBP
11040,YBBN,YSSY
11041,KDTW,KLGA
11042,LPCS,LSGG
11043,KPHX,KDTW
11044,KAUS,KSFO
11045,LFPO,DAAG
11046,KSEA,KGEG
11047,KTYS,KDEN
11048,KORD,KTUL
11049,KONT,KSEA
11050,KDAL,KSAT
11051,SBSP,SBRJ
11052,SBRJ,SBSP
11053,LEIB,LEMG
11054,KLAX,KEWR
11055,UUEE,UWKD
11056,KSRQ,KOPF
11057,LKPR,EDDM
11058,KIND,KLCK
11059,KATL,KMIA
11060,LPPT,SBGR
11061,KCPS,6MO6
11062,ULLI,UUEE
11063,KABQ,KDAL
11064,KPHL,KSDF
11065,KORD,KMSN
11066,KPHX,KSAN
11067,LIRU,LIRV
11068,KEWR,KBOS
11069,KCMH,KDEN
11070,KJFK,KORD
11071,KATL,02XS
11072,VECC,VOBL
11073,KATL,KRDU
11074,KBED,KHPN
11075,KLGA,KCMH
11076,KDFW,TA37
11077,EBBR,LEMD
11078,KTEB,KHPN
11079,KLOT,84IL
11080,KPWA,KDAL
11081,KLAS,KMDW
11082,KMIA,KLAX
11083,KDCA,KLAX
11084,KDAL,KSTL
11085,KOAK,KPDX
11086,LEAL,EKCH
11087,KPDX,KLAX
11088,LPPR,LFPO
11089,LEPA,EDDM
11090,KCPS,7IS2
11091,KSEA,KPHX
11092,KATL,KBNA
11093,YSSY,YMML
11094,KORD,KSEA
11095,PANC,VHHH
11096,KPDK,02XS
11097,KSFO,KLAX
11098,KMCI,KORD
11099,KDTW,KSFO
11100,KBNA,KLAX
11101,WMKK,OTHH
11102,ULLI,UWKD
11103,KDEN,KORD
11104,KORL,KLGA
11105,KBDR,KEWR
11106,ENBR,ENHD
11107,KNYL,KDFW
11108,KATL,KSFO
11109,KHSV,KORD
11110,LIPZ,LIBD
11111,KPIA,KDFW
11112,KAUS,KATL
11113,KVGT,KU08
11114,KADS,KF69
11115,KLAS,KBNA
11116,KHOU,KDFW
11117,EDDF,OMDB
11118,SBRJ,SBSP
11119,KBOS,KBNA
11120,KMIA,KORD
11121,KMSP,PANC
11122,KOMA,KSDF
11123,KDTW,KSTL
11124,KECP,KATL
11125,KEWR,KCLE
11126,KORD,KSEA
11127,LEAL,EHAM
11128,LFPG,BIKF
11129,KDFW,KMSP
11130,ESSA,LEMD
11131,CYVR,CYYZ
11132,KSFO,KSAN
11133,KPHX,KSEA
11134,EGLL,KMIA
11135,TA06,KADS
11136,KLAS,KSJC
11137,KPHL,KSTL
11138,EHAM,LEMG
11139,KSMF,KLAX
11140,LPPR,LPPT
11141,EPKK,EPWA
11142,KLAX,KDTW
11143,KBNA,KCLT
11144,KBID,KHPN
11145,KIND,KSEA
11146,KMSP,KATL
11147,KDTW,KBNA
11148,KATL,KPHX
11149,EGLD,EGHH
11150,KCLT,KSEA
11151,KBOS,KSFO
11152,KMDT,KIAD
11153,KSTL,KSEA
11154,KBOI,KSFO
11155,KPHL,EGSS
11156,KPHX,02XS
11157,LJPZ,LDPV
11158,KMIA,KBOS
11159,KS67,ID26
11160,KPDX,KPHX
11161,KPHL,KMKE
11162,KJFK,KDFW
11163,KFHR,KBFI
11164,KJFK,KHHR
11165,KSMF,KSNA
11166,KMSP,KMCO
11167,EKCH,LFPG
11168,KIND,KMSP
11169,KOAK,KBTF
11170,EPWR,EDDF
11171,WMKK,WSSS
11172,SBRJ,SBGR
11173,ESSA,ENGM
11174,LSGG,LPPR
11175,KPHL,KBNA
11176,KSBA,KLAX
11177,KPHX,KATL
11178,KDFW,KSEA
11179,KCMH,KPWK
11180,KDCA,KSRQ
11181,KATL,KDEN
11182,KORD,KATW
11183,KABQ,NM02
11184,KSFO,KMSP
11185,CYVR,CYYJ
11186,KDCA,KDFW
11187,KBWI,KLAX
11188,KLAX,KSDF
11189,EDLW,EPKT
11190,KPDX,KSEA
11191,KONT,KPHL
11192,KIND,KOMA
11193,KBNA,KMCI
11194,KBUF,KBWI
11195,KPHL,KDAY
11196,KLAS,KMCI
11197,KATL,KLGA
11198,TJSJ,KJFK
11199,KEWR,KSEA
11200,EKYT,EKCH
11201,KBOI,KPHX
11202,KORD,KBOS
11203,KPHX,KDFW
11204,EKBI,EKRK
11205,VHHH,ZUCK
11206,LEPA,LFPO
11207,KSEA,KPDX
11208,KDEN,KSNA
11209,KBWI,KSDF
11210,KATL,KDAL
11211,LIBD,LIMA
11212,KLAS,KDAL
11213,EGLL,EGPD
11214,EDHI,LFBO
11215,KBNA,KMDW
11216,KIAH,KLAX
11217,KHIO,KSJC
11218,CYYJ,CYVR
11219,LEMD,LEIB
11220,KCLT,KORF
11221,EGPH,EGAC
11222,KBWI,KRDU
11223,KPDX,KATL
11224,KORD,KMCI
11225,KSMF,KSEA
11226,KCLT,KATL
11227,EPWA,ULLI
11228,VIDP,VHHH
11229,KBWI,KPVD
11230,KDAL,KMDW
11231,MI47,KPTK
11232,LIRF,LSZH
11233,KUGN,KIAD
11234,KIND,KJFK
11235,KSEA,KMSP
11236,KTEB,KIAD
11237,KBNA,02XS
11238,KBWI,KFLL
11239,KATL,KLAX
11240,KSMF,KBUR
11241,KFAT,KSJC
11242,KHPN,KOSU
11243,KSBA,KDFW
11244,UWLL,UUEE
11245,LEAL,EHAM
11246,KDTW,KATL
11247,KEWR,KSTL
11248,KCLT,KVPS
11249,KIND,KATL
11250,KLGA,KORD
11251,KAUS,KSEA
11252,KHWV,KFRG
11253,KBOS,KLAS
11254,KMSP,KRDU
11255,KMIA,KLGA
11256,KBNA,KORD
11257,KSEA,KATL
11258,KDEN,KOMA
11259,KPHX,KLAX
11260,YMEN,YMAY
11261,KPDX,KOAK
11262,KIND,KMCI
11263,KONT,KDFW
11264,KLAS,KSFO
11265,KATL,KDCA
11266,CYVR,CYHM
11267,KCVG,KDCA
11268,EGLL,KDFW
11269,KJFK,KSEA
11270,KT31,1TE8
11271,KORD,KATL
11272,KPHL,KSDF
11273,GMMN,EBBR
11274,KCLT,KALB
11275,EKYT,ENGM
11276,KDEN,KDAL
11277,KSEA,KSAN
11278,KLAX,KSFO
11279,KBWI,KMCI
11280,KORD,K8C4
11281,VABB,OMDB
11282,ENGM,ENZV
11283,KDFW,KBWI
11284,KIAD,KDFW
11285,KDTW,KMCO
11286,KBNA,KMSP
11287,KPHX,KLAX
11288,EYKA,EGGD
11289,KEWR,KFLL
11290,VT48,KIAD
11291,KPDX,KSJC
11292,KLGA,KDFW
11293,ETAR,KWRI
11294,KLUK,KCGF
11295,KSMF,KPHL
11296,KCLT,KISM
11297,KSLC,KLAX
11298,LSGG,LSZH
11299,KADS,KHQZ
11300,KLAX,KATL
11301,LDZA,EDDF
11302,KORD,KLGA
11303,EGPH,EIDW
11304,KBOS,KMIA
11305,EGZJ,EGPE
11306,KJFK,KBOS
11307,KDTW,KLAX
11308,KTEB,KPTK
11309,KOAK,KBUR
11310,KLNK,KOMA
11311,EHAM,ENBR
11312,KPHX,KLAX
11313,KSKA,KSEA
11314,YMML,YBBN
11315,KEWR,TXKF
11316,LEPA,LEAL
11317,KIND,KORD
11318,KSFO,KLAX
11319,KATL,KDEN
11320,KPDX,KLAX
11321,UUEE,UMMS
11322,KLAS,KSTL
11323,KORD,KMSP
11324,KLAX,KPDX
11325,KCLT,KMCO
11326,KABQ,KPHX
11327,KAPA,KTEX
11328,KSTL,KORD
11329,KSAT,KDFW
11330,KDCA,KCLT
11331,YBBN,YMML
11332,KLAS,KLAX
11333,KS67,KMAN
11334,KMIA,KBNA
11335,KONT,KSFO
11336,KBNA,KECP
11337,KPHX,KOAK
11338,KCLT,KLAS
11339,LIEE,LIRF
11340,KBOS,KDTW
11341,KSFO,KSAN
11342,KBTL,K9D9
11343,KAUS,KPHL
11344,KABQ,NM49
11345,KJFK,KMIA
11346,KBJC,KLMO
11347,KSMF,KDFW
11348,KCOS,KORD
11349,KATL,KPNS
11350,KPHX,KLAS
11351,UUWW,EHAM
11352,KATL,II95
11353,KBNA,KSAT
11354,EGBB,OMDB
11355,CYUL,CNV9
11356,WMKK,NZAA
11357,EDDF,LTFJ
11358,KSEA,KOAK
11359,KRDU,KMCO
11360,KSBA,KVNY
11361,KSFO,KLAX
11362,KEWR,KSDF
11363,KLAS,KSAN
11364,KABQ,KOAK
11365,EFHK,LIMC
11366,LEPA,LEMH
11367,VOBL,VABB
11368,KMIA,KATL
11369,KPHX,KBWI
11370,KBOS,KSLK
11371,KMVY,KBOS
11372,KJWN,KTEB
11373,LIMC,EDDF
11374,KSJC,KPHX
11375,KBNA,KLAX
11376,KT31,1TE8
11377,LEMD,LEBL
11378,CYXE,CYYC
11379,RJAA,RCTP
11380,KSBP,KDFW
11381,6CO4,KFNL
11382,VIDP,VOBL
11383,RJBB,PANC
11384,KORD,KPDX
11385,KMSP,KSTL
11386,KCOS,KDEN
11387,LFBD,LFPG
11388,LEMG,ESKN
11389,KDAL,KPHX
11390,EGLL,CYYZ
11391,KPSP,KOAK
11392,EFHK,EGLL
11393,KLAX,KORD
11394,LIBD,LIML
11395,LEBL,LSZH
11396,KOAK,KDAL
11397,LPPR,LPMA
11398,KDCA,KLAX
11399,KABQ,KGNT
11400,KIND,KBWI
11401,KDFW,KLAX
11402,KBWI,KVPS
11403,KLGA,KSDF
11404,KBNA,KOAK
11405,KATL,KMKE
11406,KIAH,KMCO
11407,KLAS,KSDF
11408,EDDS,EDDK
11409,KBOS,KMSP
11410,CYYZ,CYUL
11411,KORD,KSFO
11412,KOAK,KSDF
11413,KMSP,KMDW
11414,KAPA,CO86
11415,KBWI,KCLT
11416,KORD,KSNA
11417,LOWG,LOWW
11418,KPHX,KTUS
11419,KATL,KMCO
11420,KEWR,KSAN
11421,UWWW,UUEE
11422,KLNK,KAPA
11423,EDDF,LOWW
11424,KDEN,KSNA
11425,KFTW,KADS
11426,88MN,KFCM
11427,KSLC,KLAX
11428,KI69,KLUK
11429,KDAL,K9X1
11430,EDDL,OMDB
11431,KLAX,KDFW
11432,EFHK,EDDM
11433,LEBL,EBBR
11434,KBOS,KRDU
11435,KMIA,KPHX
11436,CYYC,CYVR
11437,EPWA,LHBP
11438,KPDX,KSDF
11439,KPHL,KSFO
11440,KPHX,KMSP
11441,KSMF,KPHX
11442,KPHL,KDEN
11443,EGLF,LFPB
11444,KBNA,KMIA
11445,KDEN,KDFW
11446,KMSP,KATL
11447,KONT,KMDW
11448,KJFK,KLAX
11449,KHQZ,02XS
11450,KBOS,KBNA
11451,KT31,KADS
11452,KATL,KMDT
11453,KMIA,KPHL
11454,RPLL,VHHH
11455,LEPA,EDDB
11456,KORD,KPHX
11457,TVSA,TBPB
11458,LPPT,LFPO
11459,KFFZ,KA39
11460,KIAH,KDFW
11461,YSSY,YBBN
11462,NZCH,NZAA
11463,EGLL,VOBL
11464,KPHL,KORD
11465,KSQL,CL77
11466,LEBL,LEMH
11467,KPHX,KDAL
11468,KAPA,CO18
11469,LEAL,EGKK
11470,KFAT,KLAX
11471,KLAS,KATL
11472,KORD,KDEN
11473,KPDX,KSDF
11474,KSMF,KLAX
11475,KATL,KOMA
11476,KLAF,KCFJ
11477,KFXE,KMIA
11478,KBWI,KCLT
11479,LEPA,LSZH
11480,KSFO,KPHX
11481,KSEA,PANC
11482,KMHR,07KY
11483,YSSY,YBBN
11484,KONT,CL46
11485,KPRC,KSDL
11486,KORD,KY51
11487,KIWA,KSJC
11488,EVRA,EBBR
11489,LEBL,EVRA
11490,KBNA,KTYS
11491,KABQ,NM49
11492,KLAS,KPHX
11493,IL38,KARR
11494,KHWO,KOPF
11495,EHAM,EKCH
11496,SBBR,SBSP
11497,KSFO,KATL
11498,SPJC,KMIA
11499,KPDX,KMSP
11500,KOAK,KVIS
11501,KORD,KOMA
11502,KBOS,KDTW
11503,KATW,KORD
11504,LFBO,LEMD
11505,KMIA,KJFK
11506,KCLT,KMIA
11507,KATL,KABE
11508,KAFW,TA57
11509,KORD,71MI
11510,EGLL,OMDB
11511,EHAM,EDDB
11512,KVIS,KMOD
11513,LFPO,LTFJ
11514,KATL,KLGA
11515,KPHL,KSAN
11516,PANC,KSEA
11517,KPHL,KORF
11518,KLAS,KBWI
11519,KSAN,KSEA
11520,KBOS,KDCA
11521,KFCM,1MN8
11522,KPHL,KBOS
11523,KSJC,KLAX
11524,LEBL,EHAM
11525,KSEA,KLAX
11526,KABQ,NM49
11527,LSZH,OMDB
11528,EDDM,LFPG
11529,LROP,LOWW
11530,KBOI,KSEA
11531,4NJ8,KSMQ
11532,KDAL,KPHX
11533,KTEB,KOPF
11534,KHPN,KLEB
11535,KLUD,KAFW
11536,ULMM,UUDD
11537,VAPO,VIDP
11538,EPWA,ULLI
11539,KATL,KHPN
11540,KBNA,KATL
11541,KMQY,KM54
11542,LFPO,LFBO
11543,KBWI,02XS
11544,KPHL,KMIA
11545,KATL,KORD
11546,EHAM,LKPR
11547,LEAL,EBCI
11548,EDDL,LEPA
11549,KSLC,KLAX
11550,KIND,KLAX
11551,LFBO,LFPO
11552,LIRF,LSZH
11553,KBNA,KDEN
11554,KSJC,KDFW
11555,KCLT,KSAT
11556,KLGB,KPOC
11557,CYVR,CYYC
11558,KPDX,KSEA
11559,KJFK,KBUF
11560,KSGF,KORD
11561,KDTW,KIAD
11562,KSLC,KOAK
11563,KBNA,KMDW
11564,GMMN,LFPO
11565,KPSP,KSEA
11566,ESSA,OTHH
11567,KBOS,KATL
11568,CYYC,CYYZ
11569,LEBL,EBBR
11570,KRDU,KCLT
11571,EDDM,LSZH
11572,VABB,VOBL
11573,KSAN,KMSP
11574,KOMA,KSTL
11575,LFPO,LFML
11576,EDDF,LIRF
11577,KDEN,KLAX
11578,KADS,KF69
11579,YSSY,YMML
11580,KCLT,KABE
11581,LEMH,LEPA
11582,UUEE,ULLI
11583,KBNA,KDCA
11584,LIPX,LIRF
11585,KLGA,KMCI
11586,KHIO,KMMV
11587,EKYT,EKCH
11588,KIND,KIAD
11589,KLAX,KSJC
11590,KSJC,KSAN
11591,LOWW,EDDL
11592,KPHL,EDDK
11593,ULLI,UUDD
11594,KIWA,KP08
11595,KSGF,KDFW
11596,KCLT,KSYR
11597,KJFK,KSEA
11598,LYBE,OTHH
11599,KMIA,KMCI
11600,VABB,VIDP
11601,KAPA,KBJC
11602,KFAT,KSNS
11603,EPWA,LYBE
11604,KCMH,KORD
11605,KOKC,KSTL
11606,EVRA,EHAM
11607,LIRF,LIEE
11608,EGAC,EGCC
11609,KMKC,KSUS
11610,KPDX,KBOS
11611,KDAL,KECP
11612,KCLT,KTYS
11613,KBWI,KSAN
11614,KMSP,KMIA
11615,KLAX,KOAK
11616,KTUL,KSTL
11617,KCOS,KBJC
11618,KBFI,KSDF
11619,KLAX,KMIA
11620,KLAS,KSDL
11621,LOWL,EDDF
11622,KLGA,KSTL
11623,SBBR,SBSP
11624,KBNA,KPNS
11625,LEMD,OMDB
11626,EPWA,EVRA
11627,EFHK,LSZH
11628,KDFW,KPHL
11629,59IL,KDPA
11630,KBJC,KGXY
11631,KOAK,KLAX
11632,EGLL,LSGG
11633,LSZH,LEMG
11634,VIDP,VABB
11635,KMCI,KMDW
11636,LIRF,EBBR
11637,KAPA,KMDW
11638,SBSP,SBBR
11639,KCOS,KAPA
11640,KLAS,KORD
11641,SPJC,SPST
11642,KSJC,KLAX
11643,CYOW,CYVR
11644,KATL,KMSN
11645,KSAT,KUTA
11646,KSAN,KLAX
11647,LJLJ,EDDF
11648,KCLT,02XS
11649,KDAL,KSAN
11650,KLAX,KSEA
11651,LPFR,EGSS
11652,KMGY,9OI3
11653,EPWA,LDZA
11654,KLOU,KI69
11655,KATL,KMIA
11656,LEMD,SKBO
11657,KHOU,KDAL
11658,LEBL,LEPA
11659,KSFO,KSEA
11660,KBTL,MI77
11661,KONT,KPHX
11662,LPPT,EDDM
11663,LEIB,LEBL
11664,KLAX,KFLL
11665,KBOS,KCLT
11666,KOMA,50NE
11667,KPHL,KMSP
11668,KPDX,KSAN
11669,KCLT,KCMH
11670,KSAN,02XS
11671,LFPG,LEBL
11672,KORD,KDFW
11673,BIKF,EDDF
11674,EDDP,UUDD
11675,UUWW,ULLI
11676,KDFW,KSNA
11677,EGLL,KORD
11678,EIDW,EDDB
11679,KLAX,KSFO
11680,VIDP,VABB
11681,KBOS,MA55
11682,UAAA,UAII
11683,KLAX,KSFO
11684,KSMF,KLAS
11685,KSJC,02XS
11686,KSEA,KSFO
11687,KSTL,KPDX
11688,KSFO,KMDW
11689,KFLL,KDEN
11690,KEWR,KDTW
11691,RCTP,OMDB
11692,KSUS,KMO6
11693,LIEE,LIME
11694,KDCA,KLAS
11695,KCLT,KECP
11696,2CD6,KAPA
11697,KMSN,KORD
11698,EBBR,LOWW
11699,KMDW,71MI
11700,KDEN,KSJC
11701,KHEF,KBWI
11702,KLAS,KLAX
11703,EDDH,LEPA
11704,KORF,KCLT
11705,MA55,KBOS
11706,EIDW,EGLL
11707,KCHO,KCLT
11708,KLAX,KMSP
11709,KMVY,KBOS
11710,KAUS,KDFW
11711,KMDW,KMCI
11712,KDFW,KTUL
11713,KLAX,KOAK
11714,KCLT,KORD
11715,OMDB,UUDD
11716,LFML,LFPG
11717,KTYS,KTEB
11718,LFBD,LSGG
11719,KDCA,KLGA
11720,LROP,LEMD
11721,KDFW,KBTF
11722,KORD,KMIA
11723,KBTL,MI77
11724,KEWR,KSFO
11725,CYXE,CYYZ
11726,EGPD,ENZV
11727,KCVG,KFLL
11728,KDTW,KMSP
11729,WMKK,WSSS
11730,KJFK,KHHR
11731,KLAS,KATL
11732,KDAL,KLGA
11733,KLAX,KSLC
11734,KPHX,KNYL
11735,KMIA,KATL
11736,KBUR,KCRQ
11737,KBNA,KSAN
11738,LIRF,LFPG
11739,KPHL,KATL
11740,LEMD,KMIA
11741,EPWA,UKBB
11742,KPDX,KPHX
11743,KDEN,KATL
11744,EFHK,ENGM
11745,KONT,KSDF
11746,KMSN,KUES
11747,EKCH,ENGM
11748,KLAX,KMDW
11749,KBNA,KPHX
11750,KHOU,KDEN
11751,KFOK,KHPN
11752,KFFZ,88AZ
11753,LIPQ,LIRF
11754,KLGA,KMSP
11755,KRDU,KORD
11756,LROP,EGLL
11757,KOAK,KSEA
11758,EDDF,LEPA
11759,EHAM,LIML
11760,KDEN,KATL
11761,KOAK,KVIS
11762,KPHL,02XS
11763,KHPN,KBNA
11764,KATL,KSFO
11765,KORD,KFAT
11766,LEMG,GMMN
11767,KMDW,KHOU
11768,KLAX,KPHL
11769,KLAS,KATL
11770,KBNA,KM33
11771,KMIA,KDEN
11772,KPHX,KSJC
11773,KSMF,KMDW
11774,KEWR,KSTL
11775,LFPN,LFQB
11776,KI68,2OH9
11777,KONT,KSBP
11778,KDAL,KORL
11779,KOMA,KORD
11780,EFHK,EETN
11781,KORD,KLGA
11782,KATL,KBUF
11783,CYYJ,CYVR
11784,KDFW,KATL
11785,KPHL,AL16
11786,KLGA,KSTL
11787,KSEA,KSJC
11788,KEWR,KCLT
11789,KBFL,KSMO
11790,SBVT,SBRJ
11791,KABQ,NM49
11792,KSAN,KATL
11793,KRDU,KBOS
11794,KOAK,KMDW
11795,GMTT,LFPG
11796,LTBA,LKPR
11797,KSDL,KCRQ
11798,LFML,LFQQ
11799,EHAM,LEMG
11800,KSTL,KDEN
11801,LIRF,LEBL
11802,ESSA,EGLL
11803,EBCI,LHBP
11804,LEBL,LFPG
11805,CYVR,CYYJ
11806,KDCA,KBOS
11807,SKBO,KMIA
11808,KBNA,KSTL
11809,KCVG,KDEN
11810,KRYN,KAVQ
11811,EDDH,EDDS
11812,KMKE,KMSP
11813,KPDX,KONT
11814,EPWA,EPGD
11815,KABQ,NM01
11816,KBOS,KCLT
11817,KBVY,MA36
11818,LKPR,LEMD
11819,KVNY,KTEB
11820,KSNA,KSBA
11821,KORD,KLAX
11822,KBOS,KCLE
11823,FAOR,FACT
11824,KTKI,KHQZ
11825,KJFK,KSFO
11826,KMSP,KDFW
11827,EBCI,EPMO
11828,LEIB,LIML
11829,KCLT,KPNS
11830,KGPH,KMKC
11831,KBNA,KDEN
11832,EDDH,EDDP
11833,KONT,KDEN
11834,KPAE,KBLI
11835,LFPO,LPPR
11836,LFPG,KORD
11837,KPHX,AZ19
11838,KDAL,KSAT
11839,KLAX,KDTW
11840,KEWR,KCLT
11841,KDEN,KCOS
11842,EFHK,EBBR
11843,KTPA,KOPF
11844,ENZV,ENBR
11845,KADS,KGVT
11846,KLAS,KDFW
11847,EHAM,ELLX
11848,WMKK,WSSS
11849,KATL,KSEA
11850,KSMF,KLGB
11851,KOAK,KSDF
11852,KLAX,02XS
11853,KCLT,KDFW
11854,KSBA,KSFO
11855,KANE,KOJC
11856,KLMO,KBJC
11857,KHPN,KPOU
11858,KSAN,KSDF
11859,KSEA,KLAX
11860,KSRQ,KVNC
11861,KDFW,KORD
11862,IN93,KORD
11863,EPWA,EPKT
11864,KRNV,MS38
11865,KMIA,KDFW
11866,LKPR,LSZH
11867,KDFW,KONT
11868,KJFK,KBUF
11869,LTFJ,LTAE
11870,KMDW,KOSU
11871,1PA5,KBVI
11872,KDCA,KFLL
11873,KIND,KORD
11874,EGBB,LPFR
11875,KEWR,KPHX
11876,KBNA,KM33
11877,KRDU,KDTW
11878,KMKE,5WI9
11879,KFLL,KDAL
11880,SBRJ,SBGR
11881,KLAX,KUTA
11882,KDAL,KDCA
11883,KFAT,KLAS
11884,KBOS,KROC
11885,KSNS,KNYL
11886,KAUS,KMDW
11887,KHSD,KRVS
11888,KSMF,KPHX
11889,KDEN,KBTF
11890,EHAM,EPGD
11891,KSEA,KSNA
11892,KTEB,KATL
11893,KBNA,KMDW
11894,KDFW,KTUS
11895,KLAX,KBOS
11896,KEWR,KFLL
11897,KSAN,KSJC
11898,KATL,KDEN
11899,KBWI,KLAS
11900,KJNX,KRDU
11901,SBVT,SBKP
11902,KDFW,KDCA
11903,KDTW,KSAT
11904,KLGA,KSRQ
11905,KOAK,KSAN
11906,KBOS,KPVC
11907,LFPO,GMMN
11908,LIME,EPWA
11909,RJTT,YSSY
11910,YMML,YSSY
11911,KSEA,KPHX
11912,KTEB,KDAL
11913,KSMF,KSAN
11914,KPHL,KDTW
11915,KMKE,KDFW
11916,KONT,KSDF
11917,LIPE,LIRF
11918,KDFW,KOKC
11919,KSJC,KSNA
11920,LSGG,LPPR
11921,KPSP,KSFO
11922,KORD,KMDT
11923,KATL,KMCO
11924,KHPN,KPWK
11925,KORD,KSEA
11926,KOKB,KF70
11927,LPPT,EDDF
11928,EPKK,UKBB
11929,K47A,4GA0
11930,KDEC,34IL
11931,LIML,LIEE
11932,LFPG,LIPZ
11933,KSFO,KLAX
11934,WSSS,VHHH
11935,EDDF,LEPA
11936,KBWI,KORD
11937,KMIA,KEWR
11938,KSEA,KDTW
11939,LTFJ,LTFE
11940,KPHL,KMCO
11941,UUWW,ULLI
11942,VHHH,RCTP
11943,KDAL,KABQ
11944,EPWA,LHBP
11945,KEWR,KRDU
11946,KATL,KLAS
11947,LKPR,OMDB
11948,KHUA,KMDQ
11949,ENVA,ENGM
11950,EHRD,LPFR
11951,KMVY,KJFK
11952,KSMF,KSFO
11953,KDFW,KSAT
11954,KMDW,KOAK
11955,LEMD,LEPA
11956,KPSP,KDFW
11957,KTEB,KBED
11958,KMCI,KBTF
11959,KSJC,KPHX
11960,GMMN,LFBO
11961,KDEN,KSFO
11962,KFHR,KBFI
11963,KARB,36MI
11964,ESMS,ESSB
11965,ENBR,ENZV
11966,KORD,KDEN
11967,KATL,KTUL
11968,KONT,KDFW
11969,KSTL,KLAS
11970,LIEE,LIML
11971,KLAX,KDFW
11972,LLBG,EGLL
11973,EPWA,LKPR
11974,KBWI,KMKE
11975,LFPG,OMDB
11976,LIPZ,EGSS
11977,KJFK,KMIA
11978,KTUL,KLAX
11979,LPPT,LPFR
11980,SBGR,KMIA
11981,KDEN,KPHX
11982,KDFW,2MO1
11983,TA06,KADS
11984,EDDH,EHAM
11985,KSFO,KPDX
11986,KMDW,KBOS
11987,EKBI,UKKK
11988,KDCA,KDTW
11989,ESSA,LEBL
11990,KCRQ,KCMA
11991,VECC,VABB
11992,KDFW,KCOS
11993,KDEN,KBOI
11994,ENGM,OTHH
11995,KCLT,KDTW
11996,EPWA,EPPO
11997,KSAN,KORD
11998,KHPN,CYYZ
11999,KSFO,KSNA
12000,KDMW,KJYO
12001,KLAS,KLAX
12002,KIAH,KDEN
12003,LEBL,LEMG
12004,LEMG,EGPH
12005,KATL,KJFK
12006,KORD,KLAS
12007,KDVT,KCHD
12008,KPDX,KMDW
12009,KDEN,KLAX
12010,LYBE,UUEE
12011,KDEN,KATL
12012,SBGL,SBKP
12013,KSDF,KDEN
12014,KRVS,KMKO
12015,KLAX,KPDX
12016,KJNX,KRDU
12017,KSNA,KMSP
12018,ESTA,ESSB
12019,VHHH,VOMM
12020,CYUL,CYYZ
12021,KATL,KOKC
12022,ESSA,LEPA
12023,CYYJ,CYVR
12024,UUDD,EDDF
12025,KMSN,KAUW
12026,KDTW,KORD
12027,EHRD,LEMG
12028,WSSS,RJTT
12029,KDAL,02XS
12030,LPPT,LEMD
12031,KBUR,KSBP
12032,KJFK,KSRQ
12033,UWWW,UUDD
12034,EDDM,EDDS
12035,VOBL,VECC
12036,ENHD,ENBR
12037,KDFW,KMCI
12038,KFLL,KDFW
12039,KATL,KSDF
12040,KMDW,KSEA
12041,LEPA,EDDL
12042,KABQ,NM49
12043,KGRR,KDTW
12044,KLNK,KORD
12045,KLAS,KPHX
12046,KPTK,KD95
12047,KDTW,KATL
12048,KORD,KMSP
12049,LEMD,EGLL
12050,KORD,KDCA
12051,KSJC,KLAX
12052,LPPR,EIDW
12053,KHWY,3VA3
12054,EHEH,LEPA
12055,LEBL,LEIB
12056,34MI,KORD
12057,UUWW,UWKD
12058,KDTO,KTKI
12059,EDDB,EDDF
12060,KSNA,KORD
12061,KBOS,KPHL
12062,KPDX,KBOI
12063,RJTT,WSSS
12064,KDEN,KPDX
12065,KOAK,KSEA
12066,KJFK,KROC
12067,EDDM,ENGM
12068,ENZV,EGPD
12069,KSMF,KNUQ
12070,KCRQ,KF70
12071,KDTW,CYYZ
12072,KLAS,KMSP
12073,KBUF,KORD
12074,LSGL,LSZG
12075,LSZM,LEPA
12076,SBVT,SBGR
12077,EDLW,LEPA
12078,KAUS,KDEN
12079,LFPG,EDDB
12080,KBOS,KSAN
12081,KORD,ELLX
12082,SKBO,KIAD
12083,KPDX,KFAT
12084,KMCI,KPHL
12085,LFML,LTFJ
12086,KCLT,KPLR
12087,LPPR,LEBL
12088,KADS,KOMA
12089,KAPA,CO18
12090,KBVI,32PN
12091,KDEN,KORD
12092,KMIA,MGGT
12093,KMGY,77OH
12094,KDEN,02XS
12095,LKPR,OTHH
12096,KFAT,KSAN
12097,KAUS,KDEN
12098,KABE,KATL
12099,EBBR,LPPT
12100,CYYZ,CYVR
12101,KVNY,KSAN
12102,KAVQ,KFFZ
12103,KIAD,KLDJ
12104,KMSP,KLAX
12105,KDCA,KLGA
12106,KONT,KSEA
12107,KBFI,KORS
12108,LFPB,LIML
12109,KBOS,KLGA
12110,KDEN,KBWI
12111,LLBG,EDDF
12112,KSNA,KORD
12113,LEPA,EDDK
12114,EKCH,ESSA
12115,KDFW,KBOI
12116,UKBB,OTHH
12117,KCLT,KLAX
12118,MI77,MI56
12119,KPHX,KSEA
12120,LSGG,LIML
12121,KDEN,KSAN
12122,KMKE,KAIG
12123,KMIA,KRDU
12124,LFPG,KATL
12125,KONT,KPHL
12126,CYYZ,CYVR
12127,KBWI,KPHX
12128,EDDM,EDDL
12129,KSAN,KEWR
12130,KBTL,KAZO
12131,KMSP,KOMA
12132,KCLT,KROC
12133,KLAX,KSJC
12134,KRDU,KLGA
12135,KSAT,KLAS
12136,ESPA,ESSA
12137,KBJC,KCOS
12138,KSFO,KJFK
12139,CYVR,CYCD
12140,KORD,KSFO
12141,KSLC,KSFO
12142,KPHX,KMCI
12143,KSJC,KAPC
12144,KCGZ,KFFZ
12145,LFPG,LIMC
12146,KSNA,KATL
12147,KDCA,KORD
12148,KMSP,KSEA
12149,KOXR,KSNA
12150,EGGD,EGPH
12151,KSFO,KPHX
12152,KSEA,KMDW
12153,KSTL,KPHX
12154,KMCO,KMIA
12155,AZ19,KTUS
12156,KRVS,OK13
12157,KBWI,KDTW
12158,KLGA,KBOS
12159,KLAS,KPDX
12160,KCLT,KTUL
12161,EHAM,EIDW
12162,CYYC,KMSP
12163,CYWG,CYYC
12164,LPPR,LSZH
12165,KEIK,KGXY
12166,KSFO,KORD
12167,KMSP,67KY
12168,LPPT,EGLL
12169,CYYZ,CYYC
12170,KSBP,KLAX
12171,KONT,CL46
12172,KDFW,02XS
12173,KLGA,KCLT
12174,KSDL,KPRC
12175,KLAX,KJFK
12176,LEMD,LEMG
12177,KOMA,7NE6
12178,KSMF,KATL
12179,KBWI,KBNA
12180,KGSO,KCLT
12181,KCLT,KDCA
12182,LSZH,EGKB
12183,KBOI,KSEA
12184,KPDX,KORD
12185,KDTW,KGRB
12186,LTFJ,LTAC
12187,KLAS,KLAX
12188,ZUCK,ZGSZ
12189,KMKE,KAIG
12190,KDCA,KSYR
12191,KDFW,KDEN
12192,LFPG,EDDM
12193,KPDK,02XS
12194,KDTW,KATL
12195,KEWR,KSDF
12196,LEIB,LEBL
12197,KLAX,KSTL
12198,KATL,KECP
12199,LEMD,LEVX
12200,KMVY,KJFK
12201,KATL,KMCI
12202,KPDX,KDFW
12203,CYYZ,KBED
12204,KSFO,KBOS
12205,KLGA,KDCA
12206,KDCA,KCMH
12207,PANC,KSEA
12208,KORD,KDEN
12209,K61B,KU30
12210,PAEN,PANC
12211,LEBL,EDDB
12212,ULLI,UUEE
12213,KFLL,02XS
12214,KSFO,KLAS
12215,KDEN,KSEA
12216,KSMO,KSJC
12217,KORD,CYUL
12218,KMAN,KCOE
12219,ENBR,ENGM
12220,KFAT,KPHX
12221,KPVD,KMDW
12222,EGSS,EDDK
12223,KSBP,KSFO
12224,KATL,KROC
12225,EGCC,OTHH
12226,KSEA,KBOI
12227,KHPN,KCLT
12228,KIAH,KSEA
12229,KSTL,KDEN
12230,KTEB,KOAK
12231,KSLC,KSFO
12232,SBBR,SBKP
12233,VAPO,VOBL
12234,YSSY,YBBN
12235,KBUR,KSBP
12236,KSAN,KMDW
12237,GMMN,OTHH
12238,LYBE,UUEE
12239,KCOS,KFNL
12240,KOAK,KVIS
12241,LEMD,LEJR
12242,KSFO,KJFK
12243,KDEN,KDFW
12244,KORD,NE42
12245,KPHX,KDFW
12246,KATL,09MO
12247,KSEA,KLAX
12248,KLAX,KBOS
12249,KMKE,KORD
12250,KSTL,KDAL
12251,LEBL,LEIB
12252,KDTW,KMDW
12253,KBOI,KSAN
12254,KGYY,KPWK
12255,KDTW,KFLL
12256,LFPG,LIPE
12257,KLAS,KONT
12258,KTYS,KATL
12259,KSMF,KSAN
12260,KORD,KMSP
12261,KBOS,KLGA
12262,KMDW,KALB
12263,KSBA,KPHX
12264,KATL,KDTW
12265,ESGG,ESSB
12266,KFLL,KDEN
12267,LEMD,LEMH
12268,KIWA,KNYL
12269,KLAX,KORD
12270,KMSP,KATL
12271,EKCH,KORD
12272,KSNA,KSFO
12273,KDVT,KAVQ
12274,KCLT,KIAD
12275,K1H3,KSUS
12276,KLAS,KPDX
12277,KBUR,KSEA
12278,KDEN,KBOS
12279,RJTT,KSFO
12280,KDTW,KBOS
12281,KDTW,KATW
12282,LSZH,OTHH
12283,KOAK,KSNA
12284,KGEU,KGYR
12285,EHEH,LPFR
12286,KLAX,KPHX
12287,EGPH,EGLL
12288,VIDN,VIDP
12289,KDEN,KTUS
12290,KDTW,KCLT
12291,LFPG,KJFK
12292,KDEN,KBNA
12293,KORD,KTUL
12294,LEMD,LFML
12295,KLAS,KTUS
12296,KDFW,KLAX
12297,KSFO,KLAX
12298,KSAN,KSFO
12299,KMDW,02XS
12300,KSAT,KDEN
12301,KONT,KSBP
12302,KEWR,KMCO
12303,KATL,KTYS
12304,KBWI,KCLT
12305,EPWA,EGLL
12306,KSNA,KLAS
12307,KMDT,KCLT
12308,KHPN,KMMU
12309,KOAK,KAFW
12310,LSZF,LSPV
12311,KSUS,KMO6
12312,CYOW,CYUL
12313,KPHL,KORF
12314,KCLT,KBWI
12315,KSEA,KSAT
12316,KDCA,KALB
12317,KPDX,KSEA
12318,RJTT,KLAX
12319,EKCH,EDDM
12320,KCLT,OA14
12321,LIBD,EDDB
12322,KATL,KVPS
12323,KPHX,KATL
12324,KDFW,KSDF
12325,KORD,KMCI
12326,VHHH,OTHH
12327,KATL,KLAS
12328,KDTW,CYUL
12329,LEMD,LOWW
12330,KSAN,KDAL
12331,KPVD,KMVY
12332,PN14,KBTP
12333,KLAS,KSEA
12334,UUEE,EDDF
12335,KORD,PANC
12336,KLGB,KPHX
12337,KDEN,KSTL
12338,KBUR,KPHX
12339,KSJC,KMDW
12340,EKYT,EKCH
12341,KSNA,KPHX
12342,KDFW,CYYC
12343,KBFI,KBLI
12344,KCOS,KDEN
12345,KVNY,KNUQ
12346,KLAX,KORD
12347,KBOI,1ID4
12348,KDTW,KROC
12349,LIMC,OTHH
12350,KSFO,KORD
12351,KLAS,KATL
12352,KSUS,KMKC
12353,KDEN,KPDX
12354,KFFZ,KCGZ
12355,ULLI,UUDD
12356,KPHL,KMSN
12357,KSEA,KORD
12358,KATL,KDAL
12359,KONT,KATL
12360,KLAX,KBOI
12361,KOKC,KATL
12362,KSAN,KSTL
12363,KMSP,KIAD
12364,LEMD,KMIA
12365,ENGM,ENZV
12366,KSDL,KPRC
12367,KORD,KDEN
12368,KLAS,KSFO
12369,KCLT,KSRQ
12370,KSTL,KCLT
12371,KSNA,KPDX
12372,UUEE,ULLI
12373,EDDM,LIRQ
12374,KORD,KPHL
12375,KCPS,7IS2
12376,KMSP,KLAS
12377,KSEA,KSAN
12378,KDEN,KPHX
12379,EGLL,KATL
12380,VABB,VIDP
12381,KJFK,KCLT
12382,KDFW,KSTL
12383,EPWA,EPKK
12384,KSKA,KSEA
12385,EHAM,EGPD
12386,EGNR,EDHI
12387,KAVP,KORD
12388,UUDD,ULLI
12389,KSAC,09CL
12390,KDTW,KLAS
12391,KEWR,KDEN
12392,KSAN,KDFW
12393,KCVG,KLAX
12394,71KS,KMKC
12395,KMKE,KOSH
12396,UUWW,ULMM
12397,YBBN,YSSY
12398,KATL,KSAN
12399,KDCA,KMIA
12400,KDTW,KJFK
12401,KONT,KRFD
12402,KORD,KFLL
12403,KLAX,KJFK
12404,KSEA,KPHX
12405,ENGM,EDDF
12406,EDDM,KORD
12407,KORD,KBOI
12408,KDTW,KTYS
12409,KDEN,KLAX
12410,KSNA,KDTW
12411,KBUR,KMDW
12412,SBKP,SSJC
12413,KORD,KCMH
12414,CYYJ,CYVR
12415,KSAN,KSEA
12416,KDFW,KBNA
12417,KORD,KOMA
12418,LEMD,EDDB
12419,KRDU,KCLT
12420,KSLC,KBOI
12421,KROC,KTEB
12422,KJFK,KMIA
12423,KEWR,KDTW
12424,KHOU,02XS
12425,LTBA,EDDF
12426,EKCH,EKYT
12427,KATL,KJFK
12428,KATL,KDFW
12429,KSUS,KMO6
12430,EFHK,LOWW
12431,KBOI,KLAX
12432,KCLT,KFTY
12433,KSUS,52MO
12434,KDFW,KDEN
12435,KLAX,KDCA
12436,KRDU,KATL
12437,LEPA,LEBL
12438,NZPM,NZCH
12439,KPHX,KDAL
12440,KSAN,KSEA
12441,KMCE,KLAX
12442,LEBL,LEMD
12443,KLAX,KOAK
12444,KDFW,KONT
12445,KSMF,KORD
12446,EDDM,EDDH
12447,KEWR,KLAS
12448,KATL,KHSV
12449,KHOU,KOKC
12450,KPHX,KSFO
12451,ESMS,ESSA
12452,KDFW,KJFK
12453,KRDU,KMCO
12454,UMMS,UUEE
12455,KJFK,KMVY
12456,KATL,KPHL
12457,EHAM,ESGG
12458,KBJC,KFNL
12459,SBGR,SSJC
12460,KDFW,KABQ
12461,KMKE,KDTW
12462,KSMO,KCRQ
12463,PANC,KORD
12464,EDDF,EGBB
12465,KBOI,KLAX
12466,KHSV,KATL
12467,KDFW,KMIA
12468,KIND,KATL
12469,CHD4,CNC4
12470,KSNA,KSEA
12471,KORD,KSEA
12472,KPDX,KLAX
12473,KORD,KSRQ
12474,EPKT,EPWA
12475,KOAK,KPDX
12476,EGSS,EDDH
12477,KHWD,KVNY
12478,EVRA,EFHK
12479,KDCA,KHPN
12480,ENBR,ENGM
12481,KLGA,KCMH
12482,KTTD,KSPB
12483,LPPR,LFBD
12484,LEMD,LEIB
12485,KCLT,KBOS
12486,EDDM,EDDC
12487,KORD,CYYZ
12488,LEBL,ESGG
12489,KBED,KHPN
12490,KATL,KSYR
12491,IL38,KARR
12492,KMSP,KJFK
12493,KPHX,KSNA
12494,KDFW,KLGA
12495,KLAS,KORD
12496,KORD,KMKE
12497,KSEA,KLAX
12498,KDFW,KSDF
12499,ESGG,EPGD
12500,KVGT,KU08
12501,KDEN,KLAS
12502,KHYA,KBED
12503,KAEG,NM74
12504,KSGF,KDEN
12505,KDFW,KHSV
12506,EBLG,BIKF
12507,KSTL,KSEA
12508,KSNA,KSFO
12509,LPPT,LHBP
12510,LPPR,LPPD
12511,KPHX,KMDW
12512,KMIA,KPHL
12513,KORD,KBUF
12514,KSJC,KSEA
12515,PANC,KSEA
12516,KCVG,KCLT
12517,KLAS,KMCI
12518,KUNV,KPHL
12519,KEWR,KLAX
12520,KORD,KTYS
12521,KSEA,KORD
12522,ENVA,ENGM
12523,LTBA,UAAA
12524,KCMH,KPWK
12525,KDEN,KMDW
12526,KORD,KATW
12527,KDFW,KBOS
12528,LIPZ,LEBL
12529,LFPG,EDDH
12530,KPAE,KSAN
12531,CYVR,CYCD
12532,EGSS,LPFR
12533,KBUF,KPHL
12534,KLGA,KORD
12535,KJFK,KSYR
12536,KMSP,KSAN
12537,LEPA,EDDF
12538,KDFW,KLAX
12539,KMKC,KGPH
12540,KEIK,KGXY
12541,KOAK,KLAX
12542,KMDW,KSFO
12543,KORD,KLAS
12544,EGLL,OTHH
12545,KEWR,KATL
12546,KLAS,KCMA
12547,KPDX,KMSP
12548,KTUS,KATL
12549,KVNY,KSNA
12550,LOWW,EDDV
12551,KDAL,KFLL
12552,KDCA,KMSP
12553,PANC,KMSP
12554,KPHX,KLAX
12555,KCVG,KDTW
12556,KMSN,KATW
12557,KMOD,KO27
12558,KIAD,CYYZ
12559,KDVT,KE63
12560,KSAN,KORD
12561,KMIA,KLGA
12562,KJFK,KHHR
12563,KMSP,KDEN
12564,KMIT,KPHX
12565,KSAC,0CN2
12566,KDEN,KORD
12567,KMDW,KSJC
12568,KONT,KSBA
12569,KBNA,KORD
12570,KDFW,KLAS
12571,KORD,KBNA
12572,EHEH,LIME
12573,KTEB,KFLL
12574,KIAD,KFOK
12575,KSNA,KDFW
12576,LFPB,LFPN
12577,LEMD,OTHH
12578,KPMD,KMYF
12579,KSLC,KLAS
12580,6CO4,KFNL
12581,KORD,K8C4
12582,KLAX,KSEA
12583,KDTW,KALB
12584,KSAN,KPDX
12585,KLGA,KDEN
12586,KSUS,KMO6
12587,KMCI,KDEN
12588,KATL,KDEN
12589,EDDM,LIRF
12590,KGVT,KADS
12591,KDAL,KBWI
12592,KMSP,KDEN
12593,PANC,KORD
12594,KATL,KLGA
12595,KPDX,KDFW
12596,LFPG,KDTW
12597,KBNA,KTEB
12598,KORD,KPHX
12599,KSNA,KSEA
12600,KBTL,MI77
12601,KDTW,KORD
12602,KGXY,KBJC
12603,KDCA,KBOS
12604,OMDB,OERK
12605,54OK,KRVS
12606,EGPF,EGLL
12607,KSLC,KSAN
12608,KMIA,SKBO
12609,ENGM,ESSA
12610,KLAS,KMDW
12611,KMSP,KORD
12612,VOMM,VIDP
12613,KPOU,KHPN
12614,EDWE,EDWJ
12615,KDFW,KATL
12616,KPHL,KSDF
12617,KLAX,KDTW
12618,KDFW,KPHX
12619,KPHX,KSFO
12620,KM33,KBNA
12621,KBNA,KJFK
12622,KSDL,KSBA
12623,EVRA,EDDM
12624,KFOK,KFRG
12625,KORD,KDAY
12626,LFPG,CYUL
12627,LFBD,LPFR
12628,LEBL,LEZL
12629,KHOU,KLAS
12630,GMMN,LFML
12631,KATL,KPHL
12632,KLAX,KLAS
12633,EDDB,LEPA
12634,KLAX,KPHX
12635,KMSS,KBOS
12636,KLUK,KIAD
12637,VABB,VOMM
12638,KDCA,KMCI
12639,KPDX,KSEA
12640,SKBO,CYYZ
12641,VAPO,VIDP
12642,KCMH,KORD
12643,KHHR,KSQL
12644,KCLT,KHSV
12645,KDFW,KTYS
12646,KGPI,KSEA
12647,LOWW,LOWI
12648,KATL,KSRQ
12649,KSAT,02XS
12650,KHOU,KABQ
12651,KDTW,KMSP
12652,UKKK,EPKK
12653,KFLL,KORD
12654,KPHX,KPHL
12655,KDTW,KSYR
12656,EHAM,OTHH
12657,KBUF,KDTW
12658,KCVG,KORD
12659,EDDM,LFBO
12660,VHHH,RJBB
12661,LFPO,LEBL
12662,VOMM,VABB
12663,K1H8,KC16
12664,KSDL,KSJC
12665,KOMA,KHSI
12666,KSNA,KSJC
12667,KPHL,KCLT
12668,KFAT,KORD
12669,LIRF,OTHH
12670,LEBL,LEMH
12671,LEMG,LSZH
12672,KDCA,KBNA
12673,SBBR,SBGR
12674,KBOI,KPDX
12675,KDVT,KE63
12676,LIMC,KJFK
12677,KPHL,KRDU
12678,PANC,KLAX
12679,EGAA,EGNT
12680,KFAT,KSFO
12681,LFPG,LFBD
12682,KFLL,5AR3
12683,KORD,KSTL
12684,KDEN,02XS
12685,KSMF,KSEA
12686,KORD,KPDX
12687,KBUR,KDAL
12688,KSLC,KOAK
12689,KOAK,KVIS
12690,ESGG,ESSA
12691,KMRT,KLCK
12692,KORD,KABQ
12693,KSEA,KJFK
12694,KORD,71KY
12695,KDCA,KJFK
12696,KHPN,KDTW
12697,KOPF,KTEB
12698,ENZV,ENGM
12699,KMKE,KPHL
12700,KBWI,KBOS
12701,KATW,KORD
12702,EDDM,LKPR
12703,KOKC,KDFW
12704,KLAS,KJFK
12705,KSNA,KOAK
12706,KMDW,KLAX
12707,EDNP,EDME
12708,KMRT,KOSU
12709,EIDW,LEMG
12710,KCLT,KATL
12711,FAOR,FACT
12712,KPHX,KSTL
12713,KADS,KFTW
12714,EGAA,EGGP
12715,KATL,KORD
12716,KPTK,KDPA
12717,SBRJ,SBKP
12718,KBOI,KSEA
12719,6FD7,KSRQ
12720,KDAY,KDTW
12721,KLAS,KATL
12722,KSEA,KLAS
12723,KBWI,KATL
12724,UUEE,EHAM
12725,KORD,02XS
12726,OL23,KRVS
12727,KDTW,KFLL
12728,KDAL,02XS
12729,EGLL,LLBG
12730,LIML,EBBR
12731,KLAX,CYUL
12732,LFPG,LFBO
12733,VIDP,OTHH
12734,KRHV,KSTS
12735,EDDM,LEBL
12736,KBOS,KDCA
12737,KORD,KSAN
12738,EDDK,LFPG
12739,EHAM,LEIB
12740,KDEN,KBTF
12741,KADS,KRVS
12742,KSEA,KPDX
12743,K10C,K3CK
12744,KATL,KBOS
12745,KSJC,KBUR
12746,CYYJ,CYVR
12747,KSYR,KORD
12748,KSKA,KSEA
12749,KMDW,KBNA
12750,KHWO,KFXE
12751,KMIA,SBKP
12752,KDTW,KPHL
12753,KDAL,KVNY
12754,KSJC,KLAS
12755,KCLT,KPHL
12756,KSMF,KSEA
12757,LFPG,EGLL
12758,LEIG,LELL
12759,KVIS,KL73
12760,SKBO,KATL
12761,VECC,VABB
12762,RCTP,VHHH
12763,EHAM,EGCC
12764,KEWR,KMIA
12765,KRDU,KDCA
12766,EDDM,LEMD
12767,KPHL,KMDT
12768,KORD,KORF
12769,LHBP,EDDM
12770,LEPA,LEAL
12771,KSAT,KDFW
12772,KHPN,KTEB
12773,KCWA,KORD
12774,KSEA,KBOS
12775,KPAE,KSNA
12776,KSTL,KDEN
12777,KMQS,KTEB
12778,KLAX,KSJC
12779,UAII,UAAA
12780,KADS,KF69
12781,KORD,KDEN
12782,KOKC,KDEN
12783,KSLC,KSJC
12784,KMIA,KATL
12785,KCMH,KDTW
12786,LEBL,EKCH
12787,KATL,02XS
12788,EKCH,OTHH
12789,KDTW,KBUF
12790,KMDW,KDTW
12791,LFRS,LFML
12792,KBUR,KSJC
12793,EHAM,LTFJ
12794,EDDM,EFHK
12795,KDCA,KATL
12796,KATL,KBOS
12797,KBVY,MA36
12798,KSFO,KJFK
12799,KTUS,KLAX
12800,KSEA,PANC
12801,LEMD,EBBR
12802,KDEN,KSEA
12803,KSLC,KORD
12804,KORD,KSEA
12805,KDKK,K9G3
12806,LEMH,LEPA
12807,KBOS,VT17
12808,KOMA,KFCM
12809,KBNA,KPHL
12810,KPHL,KBUF
12811,SBRJ,SBBR
12812,LEBL,OTHH
12813,KDFW,KFAT
12814,SKBO,KFLL
12815,EDDM,EPWA
12816,LIML,LIBD
12817,CYYJ,CYVR
12818,KATL,KMIA
12819,KIWA,KNYL
12820,KCMH,KDAL
12821,KAPA,CO07
12822,KPHX,KORD
12823,LPPT,LSZH
12824,VOBL,VOMM
12825,EDDF,LIML
12826,LPMA,LPPT
12827,KEDC,KDAL
12828,KDTW,KDCA
12829,EGGW,LEMG
12830,KLAS,KBOS
12831,LIPE,LIML
12832,LFPO,LFML
12833,KACK,KBOS
12834,EBMB,LIMC
12835,KHOU,KPHX
12836,LFQB,LFPN
12837,KATL,KDTW
12838,LEMD,LIRF
12839,KIAD,KLAX
12840,KORD,KCMH
12841,UUWW,LHBP
12842,KLAS,KLGB
12843,LIPZ,LFBD
12844,WN51,KFHR
12845,KVPS,KATL
12846,LPPD,LPPT
12847,KONT,KPHX
12848,EDDF,LIPE
12849,KFLL,KRDU
12850,KPHL,KBOS
12851,KAZO,KORD
12852,KORD,KROC
12853,KDFW,KSNA
12854,KLGB,KPHX
12855,KATL,KLAX
12856,KORD,KATL
12857,UUDD,OTHH
12858,EGLL,ENGM
12859,LEAL,ESSA
12860,KRDU,KMDW
12861,KHOU,KTUL
12862,KFFZ,KCHD
12863,PAEN,PANC
12864,KOMA,14NE
12865,KFAT,KLAX
12866,KLAS,KSNA
12867,KCOS,KAPA
12868,KIAH,KPHX
12869,KJFK,KMCO
12870,EDDF,VIDP
12871,KADS,2TS0
12872,KSAF,KVNY
12873,KBOS,KSAN
12874,EGLL,EBBR
12875,LPPR,EDDF
12876,KPDX,KSEA
12877,CYWG,CYYZ
12878,KHOU,KDAL
12879,KSLC,KSFO
12880,KSUS,KMO6
12881,KDEN,KBUR
12882,VIDP,VABB
12883,KIAD,KATL
12884,LFMN,LFPO
12885,RPLL,VHHH
12886,KORD,KBOS
12887,EHAM,EGGD
12888,EDDM,LPPT
12889,KCOS,KDFW
12890,KSEA,CYVR
12891,KGSO,KCLT
12892,KCRQ,KLAS
12893,KDTW,KPIT
12894,LFPG,OTHH
12895,KFFZ,KCGZ
12896,KLAX,KFLL
12897,KSAT,KSDF
12898,KIAD,KSRQ
12899,KMDW,KOMA
12900,WA49,KSEA
12901,LPPT,EHAM
12902,KMCC,KBUR
12903,KLGA,KIAD
12904,KFLL,SKBO
12905,LEPA,EDDB
12906,LSZH,EDDH
12907,KTUL,KDEN
12908,UUEE,LPPT
12909,KORD,KLAX
12910,KBWI,KMDW
12911,KSFO,KDTW
12912,KGSO,KATL
12913,EHAM,EHLE
12914,SBMT,SBSP
12915,KIND,KORD
12916,KATL,KLAX
12917,KDEN,KLAS
12918,KOAK,KLAS
12919,RCTP,VHHH
12920,KFLL,KATL
12921,KATL,KIAD
12922,KSEA,KDFW
12923,KIAD,KFLL
12924,KORD,NC63
12925,KSNA,KCRQ
12926,ULLI,ULMM
12927,KMCI,KDEN
12928,KSLC,KORD
12929,KSDL,KCGZ
12930,KABQ,KDFW
12931,VOBL,VIDP
12932,KHQZ,KTKI
12933,KHOU,KDEN
12934,YMAY,YMEN
12935,KFKR,KLAF
12936,KNYL,KPHX
12937,KATL,KBNA
12938,37AZ,KIWA
12939,KSEA,KGEG
12940,EDDM,LHBP
12941,KORD,KLAS
12942,KBOI,KGEG
12943,KDEN,KBNA
12944,KMDW,KCMH
12945,KFRG,KFOK
12946,KLAX,KSEA
12947,KPHL,KFLL
12948,KLAS,KVNY
12949,KAPA,CO18
12950,KMDQ,KHUA
12951,KATL,KBWI
12952,EIDW,LPFR
12953,KATL,KSAN
12954,SBBR,SBKP
12955,KHOU,KMDW
12956,KDFW,KSJC
12957,KPIA,KORD
12958,LEPA,LEIB
12959,ULLI,UUEE
12960,KEWR,02XS
12961,CYVR,CML2
12962,EDDF,OTHH
12963,KSJC,KSAN
12964,KPHL,KRDU
12965,EGLL,EDDF
12966,KDEN,KSFF
12967,KMVY,KBOS
12968,KDFW,KSAN
12969,EVRA,UUWW
12970,KFLL,KJFK
12971,KOAK,CL77
12972,KLAS,KUTA
12973,KATL,KDCA
12974,KSTL,KORD
12975,KMSN,KORD
12976,KMMV,KHIO
12977,KDEN,KORD
12978,KCPS,K3K6
12979,EDDB,LOWS
12980,KSEA,KGPI
12981,4OL3,KDFW
12982,KI69,KLOU
12983,KORD,KCOS
12984,KEWR,KSFO
12985,KL08,KMYF
12986,KDTW,KIAD
12987,EHAM,LTFJ
12988,KSMF,KDAL
12989,KATL,KFLL
12990,KDAL,KSJC
12991,UKBB,LHBP
12992,EBCI,LICB
12993,KBNA,KDFW
12994,KSLC,KORD
12995,KDEN,KLAS
12996,KMSN,56WI
12997,KBED,KTEB
12998,KBOI,KORD
12999,EDDM,LIPE
13000,CYVR,KSEA
13001,KORD,KLGA
13002,KDFW,KEWR
13003,KCFJ,KLAF
13004,KSUS,KUBX
13005,KGOK,0OK5
13006,KFRG,KFOK
13007,EHAM,EDDH
13008,ULLI,EPWA
13009,KLAS,KBUR
13010,KMIA,KJFK
13011,KSEA,KMCI
13012,KAUS,KDFW
13013,KECP,KATL
13014,ESSA,EDDF
13015,KATL,KCMH
13016,EVRA,EGGW
13017,EPWA,LFPG
13018,KDEN,KMSP
13019,KLGB,KSBA
13020,KSEA,KGEG
13021,KORD,KBWI
13022,KPHL,KTYS
13023,KEWR,KCMH
13024,KDTW,KRDU
13025,LEMD,LSZH
13026,KOAK,KBUR
13027,KPHL,KATL
13028,KMSP,KPHX
13029,KBOS,KPYM
13030,KDEN,KBOI
13031,SBGR,SBBR
13032,KMDW,KPHX
13033,KORD,KDTW
13034,KLOU,3IN6
13035,KPNS,KDFW
13036,KBWI,KSDF
13037,KSLC,KSDF
13038,KLAX,KSFO
13039,KIAD,KMDT
13040,CYMX,CNV9
13041,KABQ,KDFW
13042,LROP,EGSS
13043,EDDM,LIPZ
13044,KIAD,KSDF
13045,KOSU,KPWK
13046,KDAL,KLAX
13047,KBNA,KATL
13048,KPTK,KTEB
13049,SBSP,SBBR
13050,KFNT,KPTK
13051,LEIB,LEBL
13052,EDDK,EDDN
13053,LEMD,LEBL
13054,KDFW,KBTF
13055,KIAD,KLDJ
13056,ESSA,ESGG
13057,KDBQ,KC74
13058,KCGZ,KFFZ
13059,KMSN,KGRB
13060,KORD,KDAY
13061,KFLL,KBOS
13062,EPWA,UUEE
13063,KONT,MMTJ
13064,EHAM,LFPG
13065,KPHL,KMIA
13066,LEMD,LIPE
13067,KPDX,KSNA
13068,KORD,KBNA
13069,KDEN,KMSP
13070,KDTW,KABE
13071,UUWW,UWLL
13072,KPAE,KHIO
13073,KLAX,PANC
13074,KECP,KDFW
13075,KATL,TXKF
13076,EHAM,LSZM
13077,LPPR,LEBL
13078,KLOU,3IN6
13079,KRDU,KJFK
13080,KFFZ,KCGZ
13081,LEMG,LKPR
13082,TXKF,KMIA
13083,KBOS,CYUL
13084,EDDL,LOWW
13085,KLVK,KMHR
13086,CYYC,CYVR
13087,KJFK,KDEN
13088,KIAD,KDEN
13089,EKCH,EKYT
13090,77OH,KI69
13091,KGRR,KPHL
13092,EDVE,EDDS
13093,KORD,KGRB
13094,KIND,KDTW
13095,EDDF,EDDV
13096,KIAD,KDTW
13097,KTEB,KMPO
13098,KDUJ,KBWI
13099,LEMD,EDDF
13100,KOPF,KLAS
13101,KPHL,KMCO
13102,KATL,KMCO
13103,KSFO,KSEA
13104,KFLL,KMDW
13105,KBOS,KMVY
13106,KDTW,KMDT
13107,KIAD,KSTL
13108,EHAM,EDDF
13109,KLGA,CYUL
13110,KORD,KSAT
13111,KOMA,7NE6
13112,OBBI,EDDP
13113,KRFD,KDFW
13114,KIAH,KSAN
13115,KDEN,KPDX
13116,KLAX,KLAS
13117,EDNY,EDDL
13118,KMCI,KDFW
13119,KPWK,KENW
13120,KLNS,KBWI
13121,KDAL,KBUR
13122,KBUR,KPHX
13123,SBSP,SSJC
13124,VIDP,VOBL
13125,KDEN,KDAL
13126,ESSA,EHAM
13127,KSUS,KMO6
13128,LEMD,LSGG
13129,KHOU,KSAT
13130,LEMG,EGAC
13131,LEAL,LEPA
13132,KDEC,KORD
13133,KMCI,KORD
13134,LFPG,LPPT
13135,KPGV,KCLT
13136,KORD,KDCA
13137,KMDW,KSTL
13138,EHAM,EDDL
13139,KDTW,KORF
13140,KDCA,KCLT
13141,KBJC,KFNL
13142,KEWR,CYUL
13143,KSEA,KPHL
13144,KLAS,KSTL
13145,KPDX,KLAX
13146,KSAN,KUTA
13147,KOAK,KVIS
13148,EIDW,EGBB
13149,KATL,KRDU
13150,KLAX,KDCA
13151,SBCO,SBKP
13152,KMSN,KDTW
13153,KATL,KSEA
13154,VIDP,VECC
13155,LEBL,EFHK
13156,EGCC,LEMG
13157,KORD,KPVD
13158,KHOU,KMDW
13159,LIRA,EPMO
13160,LDZA,EHAM
13161,KSMF,KLAX
13162,KTPA,KMDW
13163,KPHX,KPSP
13164,KAUS,KSTL
13165,KLAS,KSTL
13166,KIAD,KORF
13167,KMDW,KHPN
13168,CYCD,CYVR
13169,LROP,LIME
13170,LIMC,LFPG
13171,KPDX,KONP
13172,ENZV,ENBR
13173,KSEA,KPDX
13174,KAVQ,KFFZ
13175,SBRJ,SBSP
13176,63CL,60CL
13177,KEWR,TXKF
13178,KSDF,KMDW
13179,KPAE,80WA
13180,KPHL,KORD
13181,KIAD,KSFO
13182,KDAL,KBNA
13183,EBBR,EDDF
13184,PANC,KORD
13185,KIAD,KBKL
13186,KCLT,KMCO
13187,KORD,KSYR
13188,KTEB,KMKC
13189,KSDL,KIAD
13190,KMDW,KSAN
13191,ULLI,UUWW
13192,KATL,KBWI
13193,11OA,KOSU
13194,KBNA,KDEN
13195,KLAS,KFAT
13196,KORD,KMDT
13197,EDDM,LLBG
13198,KSLC,KLAX
13199,KF70,KCRQ
13200,KOWP,KBVO
13201,LHBP,OTHH
13202,KEWR,KDFW
13203,KD95,KPTK
13204,KBNA,KSTL
13205,KORD,KMKE
13206,KSEA,KSFO
13207,KCLT,KDAY
13208,KNZY,KNUC
13209,CAP3,CYCD
13210,KMKC,KTUL
13211,OBBI,OMDB
13212,KLGB,KOAK
13213,ENVA,ENGM
13214,KHND,KSNA
13215,CYOW,CYUL
13216,KSDF,KORD
13217,KFFZ,KIWA
13218,KBNA,KDFW
13219,KPHL,KCLE
13220,KILG,KTEB
13221,KHOU,KDCA
13222,EGCC,LPFR
13223,ULLI,EDDB
13224,KSAN,KFAT
13225,EGLL,OTHH
13226,KAUS,KLAS
13227,KDTW,KLAX
13228,KMKO,KRVS
13229,KSNA,KPHX
13230,LFPO,LPPT
13231,LIML,LIBR
13232,LSGG,LHBP
13233,KSEA,KGEG
13234,CYVR,CYYJ
13235,KEWR,KFLL
13236,PAEN,PANC
13237,KDEN,KPHX
13238,EPKK,LLBG
13239,KPHX,KSAN
13240,KMDW,KOMA
13241,KHSV,KPDK
13242,KSDF,KDFW
13243,KIAD,KHSV
13244,KSEA,KONT
13245,EHEH,LEAL
13246,KSMO,KSNA
13247,KRDU,KBOS
13248,CYOW,CYHM
13249,LEZG,OTHH
13250,LEMD,LIML
13251,KBOS,KPHL
13252,KBNA,KORD
13253,KCVG,KORD
13254,KGRR,KPHL
13255,KPWK,KCMH
13256,LIPZ,EHAM
13257,KATL,VA73
13258,RJBB,WSSS
13259,KSEA,6WA3
13260,KMDW,KMSP
13261,EPWA,ENGM
13262,KIAD,CYYZ
13263,KCDW,KJFK
13264,KFUL,KRIR
13265,KPHL,KMCO
13266,KDEN,KSEA
13267,LEBL,EDDF
13268,KSMF,KSNA
13269,KORD,KALB
13270,LEMD,LPPR
13271,KIAD,KATL
13272,KSDF,KATL
13273,KLAX,KATL
13274,KCVG,KDEN
13275,KCHD,KAVQ
13276,ULLI,LHBP
13277,VECC,VIDP
13278,6FD7,4FL8
13279,EDDH,EDDM
13280,KFAT,KSEA
13281,KAVQ,KFFZ
13282,KLGA,KATL
13283,KSEA,KSFO
13284,YSSY,YMML
13285,KIAD,KBOS
13286,OMDB,VECC
13287,KBOS,KMCI
13288,LEMD,LLBG
13289,KIAD,KLGA
13290,LIPQ,EGSS
13291,KSMF,KSNA
13292,KDFW,KSBP
13293,KLAX,KIAD
13294,KORD,KLAX
13295,VABB,VOBL
13296,KEWR,KFLL
13297,KIWA,KAVQ
13298,KLAS,KSNA
13299,EHAM,LKPR
13300,KPTK,4MI0
13301,KRDU,KLGA
13302,KAGC,KHPN
13303,EPWA,EHAM
13304,KPRC,KSDL
13305,KMSP,02XS
13306,UUEE,ULMM
13307,KSEA,KOAK
13308,KTEB,KMDW
13309,KPHL,KMCI
13310,KPHL,KALB
13311,KPHL,KROC
13312,KDFW,KSAF
13313,KTKI,KSWI
13314,KDCA,KDFW
13315,LIRF,LMML
13316,KMSN,KIND
13317,EHAM,LPFR
13318,KLAS,KOMA
13319,KSDL,KVNY
13320,EKCH,EKYT
13321,LSZH,EDMO
13322,LEBL,LEMH
13323,KMDW,KABQ
13324,LEPA,LEMD
13325,KPHX,KSAN
13326,KATL,KPNS
13327,KORD,KBUF
13328,KSBA,KSMO
13329,KPHL,KPVD
13330,SBBR,SBRJ
13331,K61B,K1G4
13332,EDDF,LOWW
13333,KTEB,KHPN
13334,KBED,KBVY
13335,KCVG,KATL
13336,KDAL,KECP
13337,KSEA,KBOS
13338,KGSO,KCLT
13339,KIAD,KLDJ
13340,YBBN,YPAC
13341,KORD,KDFW
13342,KLGA,KATL
13343,KDCA,KBOS
13344,KSNA,KLAS
13345,KBOS,CYYZ
13346,KA39,KFFZ
13347,KJFK,KBOS
13348,KLAX,KBOI
13349,KTEB,KPTK
13350,KMSP,KBOS
13351,03NY,KFRG
13352,ULLI,UUWW
13353,LPPT,LFPG
13354,LEBL,LEMG
13355,KEMT,KVNY
13356,KIAH,KSNA
13357,KPHL,KLAX
13358,EDDW,EDJA
13359,KSEA,PANC
13360,KSAN,KPHX
13361,KDAL,KLAX
13362,KA39,KCHD
13363,8OR6,KHIO
13364,KEWR,KFLL
13365,YMML,YBBN
13366,KGEU,AZ05
13367,KLGA,KDFW
13368,KSDF,KTYS
13369,KIAD,KALB
13370,KBWI,KMDW
13371,KHOU,KIWS
13372,KRDU,KPHX
13373,KCLT,KTYS
13374,KSJC,KLAX
13375,KORD,KOKC
13376,KLAX,KBOS
13377,EBBR,LEMG
13378,KRHV,KFCH
13379,PANC,KPDX
13380,KORD,KPIT
13381,LFPG,LIRF
13382,KRVS,93OK
13383,ENGM,ENHD
13384,LIML,EGLL
13385,KIAD,02XS
13386,EHAM,EDDH
13387,KDAL,KTUL
13388,KPDX,KONT
13389,VOBL,OMDB
13390,KLGA,KFLL
13391,LEBL,LEMD
13392,KEWR,KPHX
13393,ENVA,EHAM
13394,KYIP,5MI7
13395,KDEN,KBTF
13396,KAPA,KSDL
13397,KATL,1AR1
13398,KCPS,7IS2
13399,KPHL,KBNA
13400,KLGB,KSNA
13401,KGPH,KMKC
13402,KJFK,KATL
13403,KSNA,KDFW
13404,KPAE,WN51
13405,KORF,KCLT
13406,KLAS,KEWR
13407,SKBO,CYYZ
13408,KORD,KDTW
13409,LEPA,LEBL
13410,KACK,KBOS
13411,KSFO,KMIA
13412,KDCA,KFLL
13413,KRVS,K3F7
13414,KBWI,KDAL
13415,KPNS,KATL
13416,KLGB,KOAK
13417,LEMD,KJFK
13418,KATL,KSAT
13419,KLAS,KDFW
13420,KVNY,KSNA
13421,KAVQ,KDVT
13422,KPHL,KSRQ
13423,LEAL,EGBB
13424,KVPS,KDFW
13425,LFPO,LFKJ
13426,EPWA,LKPR
13427,KSEA,KDTW
13428,KTUS,KPHX
13429,LEZL,LFPG
13430,KSJC,KBUR
13431,LEBL,LEZL
13432,KIAD,KORD
13433,KSFO,KATL
13434,KCMH,KATL
13435,KIAD,TJIG
13436,KCVG,KMSP
13437,EDDM,EHAM
13438,KDCA,KPVD
13439,KSAT,KMDW
13440,KPIT,KMSP
13441,KSFO,KLAX
13442,KATL,KDTW
13443,KPHX,KSNA
13444,KHWD,KRHV
13445,KSAN,KLAS
13446,RCTP,ZUCK
13447,KBWI,KDTW
13448,KSEA,KMKE
13449,WA04,KBFI
13450,KSTL,KPPQ
13451,YSSY,YBBN
13452,KORD,KFLL
13453,KATL,KSFO
13454,KLAX,KORD
13455,CYVR,KLAX
13456,KSJC,KDAL
13457,KSMF,KLAX
13458,PANC,KORD
13459,KJFK,KHHR
13460,LLBG,ULLI
13461,LEIB,LEPA
13462,LEMD,LFPO
13463,LEPA,EDDH
13464,KBUR,KLAS
13465,KDFW,KTUS
13466,KBNA,KCLT
13467,KDFW,KBNA
13468,KIAD,KATL
13469,KSFO,KDFW
13470,VT52,KBTV
13471,KATL,KSTL
13472,CYVR,CYYJ
13473,KSEA,KLAS
13474,KIAH,KPHX
13475,KBOI,KSDL
13476,KIAD,KDAY
13477,KSBP,CA62
13478,LSZH,EDDM
13479,KLAX,02XS
13480,VIDP,WSSS
13481,KDTW,KPHL
13482,EHAM,LEMG
13483,LIEE,LIRF
13484,KBOS,KJFK
13485,LEAL,EHAM
13486,KLAS,KDFW
13487,VECC,VOBL
13488,KATL,KABQ
13489,KPWK,K3CK
13490,KORF,KPHL
13491,KMSP,KLGA
13492,LFPO,LPPT
13493,KCLT,KMSP
13494,KSMF,KBOI
13495,KIAD,KSYR
13496,KO27,KSAC
13497,KDFW,KSEA
13498,KLEB,KBOS
13499,SBKP,SBJD
13500,EGSS,EYKA
13501,VIDP,VOMM
13502,KSNA,KCNO
13503,EGBB,LMML
13504,EDHI,LFBO
13505,KRDU,KJFK
13506,KATL,KMDW
13507,KTEB,KROC
13508,EHAM,LIRF
13509,KBOS,KSEA
13510,KSFO,KSEA
13511,KMSP,KMSN
13512,LEMD,EDDL
13513,VHHH,RCTP
13514,EDDF,EDDM
13515,LROP,LEMG
13516,CYPQ,CYND
13517,KCPS,7IS2
13518,KIAH,KSFO
13519,EGLL,KORD
13520,KPHX,KNYL
13521,KLAX,02XS
13522,LEBL,EPMO
13523,ENGM,ESSA
13524,KVNY,KSBA
13525,VIDP,VABB
13526,PANC,KORD
13527,KAUS,02XS
13528,KATL,KGYH
13529,KFOK,KFRG
13530,KBED,KIAD
13531,KMSP,KDEN
13532,KORD,KATL
13533,KLGA,KORD
13534,KCMH,KCLT
13535,KSNA,KSTS
13536,KCRQ,KVNY
13537,KBFI,4WA4
13538,4OL3,KDFW
13539,KBUF,KJFK
13540,KSTL,KEWR
13541,KSGR,KAPA
13542,KTEB,KBNA
13543,LHBP,EHAM
13544,KPHL,KLAX
13545,KORD,KFLL
13546,KSDF,KTYS
13547,EDDL,LTFJ
13548,LEMD,LEPA
13549,KCLT,KORD
13550,LIRA,EPKK
13551,KMSP,KORD
13552,KSEA,KOAK
13553,KLAX,KMIA
13554,KSTL,KK52
13555,KAUS,KORD
13556,EDDP,LIMC
13557,KECP,02XS
13558,KNZY,KNUC
13559,KLAX,KPDX
13560,KFLL,KFXE
13561,KLGA,KRDU
13562,KLAS,02XS
13563,KCVG,KPHL
13564,YPPH,YBBN
13565,VOBL,VABB
13566,KFLV,KK59
13567,UKKK,EPWA
13568,KJFK,KFLL
13569,KCMH,KMSP
13570,KMIA,KEWR
13571,KPHX,KNYL
13572,KDAY,KATL
13573,KTUS,KLAX
13574,LFPO,LFBO
13575,KBLI,KSEA
13576,KBOS,KORD
13577,KATL,K5A9
13578,KSKA,KSEA
13579,KMSP,KSFO
13580,LEPA,LFPG
13581,KSTL,KATL
13582,KBWI,KORF
13583,KMSP,KRDU
13584,LFNR,LFKJ
13585,KORD,KPHL
13586,KD95,KPTK
13587,KU77,KPVU
13588,KPDX,KSNA
13589,KLAS,KSEA
13590,KCNO,KSNA
13591,KJFK,KSFO
13592,KECP,KDCA
13593,KPSP,KSFO
13594,EDDF,ELLX
13595,KCRQ,KSDL
13596,UUWW,ULLI
13597,KFOK,KFRG
13598,KMCI,KDAL
13599,KSEA,KSAN
13600,KPHX,KTUS
13601,KLGA,KDTW
13602,EBBR,OTHH
13603,KF70,KCRQ
13604,VIDP,VOMM
13605,KADS,KF69
13606,KLAS,KLAX
13607,EGPF,EGKK
13608,KORD,KLGA
13609,KMIA,SKBO
13610,EGBB,LEMG
13611,RCTP,VHHH
13612,KCLT,KSTL
13613,LIBD,LIMA
13614,KBWI,KMIA
13615,KDAY,KORD
13616,KMSP,02XS
13617,LFPO,LPPR
13618,KBOS,KATL
13619,LSGG,LFPB
13620,KPHX,KBOI
13621,KAUS,KDAL
13622,KLAX,KLAS
13623,LEIB,LEMD
13624,LPFR,EIDW
13625,KBUF,KBWI
13626,KLGA,KDCA
13627,KDCA,KBOS
13628,KORD,KMSP
13629,KLAS,KATL
13630,KADS,KF69
13631,KIND,KDEN
13632,ELLX,EHAM
13633,KSAN,KDFW
13634,VABB,VIDP
13635,KLAX,KDFW
13636,KVNY,KSNA
13637,KIAD,11NY
13638,KATL,KDEN
13639,KFLL,KBNA
13640,KDEN,KGXY
13641,KTUL,KORD
13642,KSDF,KPHL
13643,KMSN,KPHX
13644,KRQO,KPWA
13645,KATL,KDCA
13646,KLAS,KOMA
13647,KCMH,KPHL
13648,KCRQ,KAPC
13649,KBNA,KM33
13650,KPHL,KPHX
13651,EDSB,LEPA
13652,SBGR,SSJC
13653,LEBL,EHAM
13654,LEMD,EDDF
13655,KMCI,KMSP
13656,9CO6,KAPA
13657,KIAD,KPVD
13658,KCLT,KSRQ
13659,KHYI,TA55
13660,49NY,KHPN
13661,KORD,KBOS
13662,KI74,KI12
13663,CYCD,CYVR
13664,KBVI,1PA5
13665,EGLL,EGPD
13666,KFFZ,88AZ
13667,YMML,YSSY
13668,OK25,KRVS
13669,KOKC,KPHX
13670,KLAX,KDFW
13671,EHAM,LPPT
13672,KEWR,KSRQ
13673,EPRZ,EPGD
13674,EDDM,EDDG
13675,KIAH,KLAX
13676,KBUR,KSJC
13677,KMSP,KSTL
13678,KPHX,KFAT
13679,VHHH,WMKK
13680,LOWW,LROP
13681,KLAS,KVNY
13682,KMSP,KPHL
13683,KBNA,KLGA
13684,KPIT,KBOS
13685,KLOT,KC09
13686,KCLT,CYUL
13687,ENGM,ENZV
13688,OL23,KRVS
13689,KPOC,KLGB
13690,KATL,KPHX
13691,KSEA,KATL
13692,KMSP,KMCI
13693,KJFK,KMIA
13694,EGPD,EGLL
13695,UUWW,UWKD
13696,LPFR,LPPT
13697,KBNA,KDEN
13698,KCLT,KMCO
13699,LSZH,LSGG
13700,KBWI,KROC
13701,VIDP,VHHH
13702,KPHX,KSJC
13703,KSPI,39IL
13704,KSEA,KDCA
13705,KCLT,KDTW
13706,CYVR,CYYC
13707,KEDC,KHYI
13708,KHOU,KDAL
13709,LEPA,EDDK
13710,KLAX,KPHX
13711,EDDP,LFPG
13712,KATL,KLAX
13713,KBNA,KTEB
13714,KJVY,KLOU
13715,EVRA,EPWA
13716,KIAD,KPHL
13717,KOMA,KDFW
13718,LOWW,EDDK
13719,KTKI,3TS9
13720,KSJC,KIWA
13721,UMMS,UUWW
13722,KNYL,KMYF
13723,KBVI,1PA5
13724,KBWI,KCMH
13725,KE63,KDVT
13726,KORF,KATL
13727,58AZ,KCHD
13728,EDDH,LSZH
13729,MI45,KPTK
13730,KE63,KDVT
13731,KMSP,KMKE
13732,KDFW,KMIA
13733,KSRQ,KORD
13734,KOKB,CA84
13735,VECC,VHHH
13736,KPHX,KSFO
13737,FAOR,FACT
13738,EKCH,EKYT
13739,KJFK,KMIA
13740,KCLT,KOMA
13741,KRHV,KMHR
13742,KU42,KU77
13743,EGLL,KORD
13744,KBUR,KOAK
13745,KLAF,IS52
13746,KOMA,KDTW
13747,KBVI,32PN
13748,VIDP,OMDB
13749,LKPR,EHAM
13750,KIAH,KPDX
13751,LSZH,LEPA
13752,KHOU,KATL
13753,SBRJ,SSJC
13754,ENGM,ENZV
13755,KATL,KSDF
13756,LPPR,LPMA
13757,KCLT,KPHL
13758,LIML,LFPO
13759,KPDX,KSFO
13760,KPIT,KDUJ
13761,KBNA,KMSP
13762,KPHX,KLAX
13763,KCLT,KMKE
13764,KATL,KLGA
13765,CYVR,KBFI
13766,LIRF,LIBR
13767,KPHF,KCLT
13768,SKBO,KFLL
13769,LFBO,LFPO
13770,LYBE,EPWA
13771,KLAX,KBOS
13772,KSAN,KBWI
13773,CYVR,CML2
13774,KBOI,08ID
13775,KMIA,KHHR
13776,EGNL,EGGD
13777,KFLL,KLGA
13778,KDFW,KMSN
13779,KAUS,KORD
13780,KATL,KMSP
13781,KBNA,KRDU
13782,LIPE,EHAM
13783,KDEN,KSAN
13784,KEWR,CYYZ
13785,KDTW,KBWI
13786,EDDS,EDDH
13787,KGRR,KMSP
13788,KIAD,KMIA
13789,LFPO,LPPT
13790,KONT,KDFW
13791,5MI8,KDTW
13792,KPHX,KONT
13793,KSEA,KSJC
13794,KPDX,KDFW
13795,LPPT,EDDF
13796,KDFW,KMIA
13797,KDAL,KPHX
13798,KCLT,KPHX
13799,KSAT,KLAS
13800,VABB,VIDP
13801,KPHL,KDFW
13802,KHOU,KOMA
13803,KCPM,KPOC
13804,YSSY,YBBN
13805,KTUL,KDFW
13806,KMIA,KBOS
13807,KLAS,KHHR
13808,LFPB,LSGG
13809,KPHL,KORD
13810,KIAD,KDFW
13811,UUWW,ULLI
13812,KFLL,KIAD
13813,ENBR,ENGM
13814,KIND,KDEN
13815,KDEN,KSNA
13816,KMDW,KMSP
13817,KORF,KIAD
13818,KCRQ,KOKB
13819,KADS,TX03
13820,KATL,KPVD
13821,KVNY,KSBA
13822,EDDL,LSZH
13823,KPDX,KSFO
13824,KPIE,KSDF
13825,KTEB,KFRG
13826,KMSP,KPDX
13827,KPHL,KMSP
13828,KSAF,02XS
13829,KPHX,KSAN
13830,KSNA,KPHX
13831,KTOA,KNTD
13832,KIND,KMSP
13833,KBWI,KBUF
13834,KDFW,KPNS
13835,LOWW,LFPG
13836,KCLT,KLAX
13837,KLNK,NE42
13838,EKCH,OMDB
13839,KBNA,KORD
13840,KIAH,KSAT
13841,1PA5,32PN
13842,KRDU,KPHL
13843,KMGW,WV65
13844,LEMH,LEBL
13845,UUWW,LSGG
13846,LROP,EPWA
13847,KI74,KI12
13848,UUEE,ULLI
13849,LEAL,EGKK
13850,LFNR,LFPO
13851,CYYZ,CYOW
13852,KSTL,KFLL
13853,KBOS,KLAX
13854,CYYC,CYHM
13855,KBWI,KISP
13856,KUNI,4OI9
13857,KPHL,KATL
13858,KDFW,KBWI
13859,KCLT,KSAN
13860,KSMF,KPDX
13861,KLAS,KBUR
13862,CYVR,CYYZ
13863,LOWW,LEPA
13864,ENZV,ENGM
13865,KMCC,25CL
13866,KMKE,KLAS
13867,KEWR,KRDU
13868,LEMG,EDDF
13869,KSEA,KLAS
13870,KTYS,KBNA
13871,KLGA,KORD
13872,GMMN,LFPG
13873,KORD,CYYZ
13874,KPHX,KSBP
13875,EDDM,EDDL
13876,KDEN,KHHR
13877,KCMH,KBNA
13878,KATL,KIAD
13879,KFAY,KATL
13880,LIRF,LPPT
13881,KOAK,KSNA
13882,KMDW,KATL
13883,KJFK,KSFO
13884,CO18,KAPA
13885,VHHH,RCTP
13886,EDLP,LEPA
13887,KSRQ,KATL
13888,LOWW,EGLL
13889,KBOS,KCLT
13890,KCLT,KMCI
13891,EGLL,KJFK
13892,LEIB,LEBL
13893,KMCI,02XS
13894,KLAX,KPHX
13895,KBNA,KRDU
13896,KIAD,KCLT
13897,EKCH,EHAM
13898,KSEA,PANC
13899,KSNA,KTOA
13900,OMDB,OBBI
13901,VECC,VIDP
13902,KDEN,KABQ
13903,KSTL,44IS
13904,KPRC,KDVT
13905,KMIA,KLGA
13906,KCMH,KLGA
13907,KTUL,KDEN
13908,KLOT,KIKK
13909,KORD,02XS
13910,KMYF,KRNM
13911,KMCI,KDTW
13912,KCRQ,KRNM
13913,KADS,KF69
13914,LDZA,EBBR
13915,KLAX,CYVR
13916,PANC,98AK
13917,KATL,KDEN
13918,LTFJ,OTHH
13919,KSEA,KPHX
13920,KDFW,KBUF
13921,KDAY,KDFW
13922,KNZY,KNUC
13923,EGNL,EGNX
13924,OMDB,UKBB
13925,KBNA,KM33
13926,KSDL,KCRQ
13927,EGLL,LPPT
13928,EKYT,EKCH
13929,LROP,OTHH
13930,LEBL,EVRA
13931,KLAS,KIAD
13932,KSEA,PANC
13933,CYYC,CYXE
13934,KATL,KTUS
13935,LEZL,LFPO
13936,KABQ,KPHX
13937,KDFW,KLAS
13938,KSTL,KDTW
13939,EIDW,OTHH
13940,KIND,KLGA
13941,KJFK,KATL
13942,KHPN,KMDW
13943,KTUL,KORD
13944,KLAS,KBOI
13945,KORD,KBWI
13946,ENBR,ENHD
13947,KPHX,KPSP
13948,KSAN,KIAD
13949,KPHL,KMDW
13950,YBBN,YMML
13951,KFCM,88MN
13952,LEMD,LFPG
13953,OMDB,EDDK
13954,KBOS,KFLL
13955,EDDL,EDDM
13956,KNSE,K12J
13957,KSEA,KORS
13958,ENVA,ENGM
13959,KLAS,KOAK
13960,KMSP,KGRB
13961,KMIA,SKBO
13962,KTKI,KGVT
13963,KSAN,KSFO
13964,EDDB,EHAM
13965,KMDW,KMCO
13966,KGRR,KDTW
13967,EPWA,EGGW
13968,KOKC,KDFW
13969,KDFW,KSTL
13970,CYVR,CYWG
13971,KSMF,KIAD
13972,LEPA,EDDL
13973,KCLT,KBUF
13974,KIAD,KMCI
13975,KLAS,KDAL
13976,KSAN,02XS
13977,EDDF,LLBG
13978,KATL,KEWR
13979,KPHX,KSBA
13980,UUDD,ULLI
13981,YBBN,YSSY
13982,KPRC,19AZ
13983,LOWW,LIPZ
13984,VIDP,VEPI
13985,KBVY,MA36
13986,YSSY,YMML
13987,VECC,VIDP
13988,LSGG,LPPR
13989,KMSP,KATW
13990,KBNA,KLGA
13991,KSFO,KLAS
13992,KCOS,KBJC
13993,KOWP,KRVS
13994,KCLT,KRDU
13995,KSAN,KOMA
13996,LIME,LIED
13997,KCLT,KDAL
13998,KBOS,KPSM
13999,LEAL,LFPO
14000,LOWW,EDDF
14001,KSEA,KBOI
14002,LIRF,LIML
14003,KLGA,KBNA
14004,KDFW,KBOS
14005,EDDK,EDDB
14006,KDEN,KPHX
14007,LIRA,LIML
14008,KHOU,KDEN
14009,EBBR,LFPB
14010,KOAK,KLAX
14011,52MO,KSUS
14012,LEMG,LEPA
14013,LOWW,EDDH
14014,KMSP,KDTW
14015,KBNA,KDCA
14016,KFTW,K50F
14017,KATL,KBOS
14018,PAED,KSUU
14019,KDFW,KOMA
14020,LSZH,EDDM
14021,KTEB,KBUF
14022,KIAD,CYUL
14023,KDFW,KATL
14024,KSEE,1CA6
14025,KABE,KCLT
14026,KSFO,KONT
14027,KMIA,KRDU
14028,KLOT,KC09
14029,KSMF,KSAN
14030,KPIT,KATL
14031,KMCI,KORD
14032,KPHX,KLGB
14033,KDEN,KDFW
14034,KPVD,KPHL
14035,KSAN,KLAS
14036,LFMN,LFPO
14037,KFLL,KBOS
14038,KBWI,KRDU
14039,KDFW,KSAT
14040,KPAE,KPHX
14041,LEPA,LEMD
14042,KDEN,KMCI
14043,KATL,KRDU
14044,RCTP,RJBB
14045,KBOI,KSFO
14046,KSEA,PANC
14047,KDFW,KLGA
14048,76MI,K9D9
14049,ESSB,ESMS
14050,KIAH,KABQ
14051,LHBP,EPWA
14052,LOWW,EDDM
14053,KPWK,K3CK
14054,KPHX,KTUS
14055,SBSP,SBBR
14056,KORF,KLGA
14057,KBOS,KMIA
14058,KSNA,KF70
14059,LSZH,EGLL
14060,ENBR,ENZV
14061,KORD,KDTW
14062,KCLT,KLGA
14063,LEBL,LFPB
14064,KBWI,KALB
14065,KPDX,KSEA
14066,KBVY,MA36
14067,KJFK,KCLT
14068,KAVP,KCLT
14069,KCGZ,KFFZ
14070,KMDW,KHLB
14071,OI34,7OA7
14072,EDDH,LTFJ
14073,CYVR,CYCD
14074,LOWW,LIRF
14075,KDFW,KSGF
14076,LIRF,EHAM
14077,KAPA,KGXY
14078,KLAX,KIAD
14079,LFQQ,LFML
14080,KAPA,KFTG
14081,KORD,KSRQ
14082,KHOU,KATL
14083,KDAL,KLGA
14084,EGPD,ENZV
14085,KMYF,KSNA
14086,KBVO,KRVS
14087,ULMM,UUEE
14088,PAEN,PANC
14089,KPHX,KSJC
14090,KBOS,KMSP
14091,LOWW,EDDL
14092,EGLL,LEMD
14093,LLBG,EBLG
14094,KLOU,3IN6
14095,KMSP,KDAL
14096,EGGP,LEMG
14097,KLAX,KOAK
14098,KOAK,KLGB
14099,YMML,YSSY
14100,KMCI,KATL
14101,KFLL,KLGA
14102,KFLL,KDTW
14103,KLAX,KDAL
14104,KORD,KSAN
14105,ULLI,UUEE
14106,KLAS,KSAT
14107,KATL,KMIA
14108,KSYR,KDCA
14109,KSEA,KBLI
14110,KMIA,KDFW
14111,KBWI,KATL
14112,KSFO,KLAX
14113,LFPO,LEPA
14114,KBNA,KPDK
14115,KIND,KATL
14116,LOWW,EDDS
14117,GMMN,LEMD
14118,KLAS,KSAN
14119,KBOS,KPVC
14120,LPPT,LPMA
14121,KPHX,KLAS
14122,KMDW,KBUR
14123,KORD,KPIT
14124,ID00,KMAN
14125,KMSP,KORD
14126,KPDX,KLAS
14127,MA36,KBVY
14128,ESSB,ESGG
14129,KSAT,KDFW
14130,KFLL,KLGA
14131,KBWI,KHOU
14132,KBXK,KDVT
14133,KORD,KMIA
14134,LKPR,EPWA
14135,KATL,KFLL
14136,KBNA,KMKE
14137,KMIA,SBKP
14138,LEIB,LEBL
14139,KDFW,02XS
14140,KSFO,KMSP
14141,KSFO,KSAN
14142,KPHX,KRYN
14143,LEBL,EGKB
14144,MA72,KBOS
14145,LPPD,LPPR
14146,KSEA,KBWI
14147,KORD,NE38
14148,2CN8,KRIV
14149,KDFW,KMKE
14150,KATL,KDFW
14151,KIAH,KLAS
14152,LEMH,LEPA
14153,KMCI,KMDW
14154,KIAD,KRDU
14155,RCTP,VHHH
14156,KSGF,KDFW
14157,UKKK,LZIB
14158,ESSB,ESTA
14159,KMIA,KBOS
14160,KMSP,KMDW
14161,CYYC,CYWG
14162,KSJC,KHIO
14163,KSEA,KORD
14164,KOAK,KPHX
14165,KSTL,KMSP
14166,EDDF,EDDH
14167,KPHX,KSAN
14168,KDFW,KSBA
14169,KORD,KMDT
14170,LPFR,EDDL
14171,KORD,KSTL
14172,KFFZ,KCGZ
14173,KBFI,KFHR
14174,KBNA,KDTW
14175,KAUS,02XS
14176,KMVY,KJFK
14177,KTUL,KWLD
14178,OL23,KRVS
14179,KDFW,KBNA
14180,MN15,KFCM
14181,KATL,KLAX
14182,ESSA,ESGG
14183,LEBL,LEIB
14184,KCLT,KDCA
14185,KPHX,KLAS
14186,OTHH,VECC
14187,LPPT,EHAM
14188,KORD,KMSN
14189,KOAK,KTEB
14190,ULLI,UWKD
14191,LTFJ,LTFE
14192,KLGA,KMIA
14193,KMDT,KATL
14194,KPWA,KSAF
14195,KDVT,KPAN
14196,LFQQ,LFBO
14197,LIMC,EIDW
14198,LROP,EDDF
14199,EIDW,LEMD
14200,UUWW,UUYY
14201,FACT,FALA
14202,KCLT,KLAS
14203,EPWA,LHBP
14204,KSLC,KBOI
14205,KSEA,KRDU
14206,LFPG,EDDF
14207,KSJC,KSNA
14208,KPVU,KU77
14209,LEMH,LEBL
14210,KBNA,KPHL
14211,KIWA,KP08
14212,KIAD,KCLT
14213,KORD,KDTW
14214,KPRC,KDVT
14215,KSGF,KORD
14216,LFPO,LEBL
14217,KSTL,KBOS
14218,KJFK,KMVY
14219,KLAX,KLAS
14220,KDFW,KTUL
14221,KPHX,KSNA
14222,KAUS,KFLL
14223,KPHL,KSYR
14224,EDDF,LOWS
14225,KDEN,KMIA
14226,KORF,KCLT
14227,LOWW,LIMJ
14228,KCLT,KMDT
14229,LIRF,GMMN
14230,KLAS,KSEA
14231,LSZH,LYBE
14232,KRDU,KATL
14233,KAFW,K4T2
14234,CYVR,CYUL
14235,KPIT,KPHL
14236,KSFO,KPDX
14237,KJFK,KBNA
14238,KPHX,KPDX
14239,EPKK,EGGW
14240,KLAX,KSFO
14241,KATL,KDCA
14242,LDZA,EDDF
14243,CYHM,CYXX
14244,KSTL,KMDW
14245,KORD,KGRB
14246,KCLT,KBNA
14247,KSYR,KJFK
14248,88AZ,KFFZ
14249,KMIA,KDAL
14250,KWHP,KL70
14251,KCRQ,KMHR
14252,KALB,KCLT
14253,LEMT,LECU
14254,KDTW,KSDF
14255,KSTL,KLAX
14256,KSNA,KSJC
14257,KHOU,KOKC
14258,OMDB,UUWW
14259,KDAL,KATL
14260,YMML,YBBN
14261,KSEA,KJFK
14262,UAII,UAAA
14263,KORD,KLAX
14264,KJFK,KMIA
14265,KATL,KMCO
14266,KPHX,KSEA
14267,LIRF,LFPO
14268,LLBG,LFPG
14269,KPAO,KHWD
14270,KSLC,KJFK
14271,KDEN,KSFO
14272,KPIT,KBOS
14273,KSEA,35OR
14274,OMDB,OERK
14275,KDAL,KVNY
14276,KSMF,02XS
14277,KSKA,KSEA
14278,KSFO,KDFW
14279,KSAN,KSFO
14280,KDFW,KOKC
14281,KMIA,KDCA
14282,KGPM,KGKY
14283,EGLL,EIDW
14284,KOMA,KORD
14285,KPHX,KABQ
14286,KORD,KLGA
14287,KJFK,KMVY
14288,EDLW,EDDM
14289,KDEN,KOMA
14290,KLAX,KSFO
14291,LEPA,EGSS
14292,LOWW,EDDF
14293,LFPO,LTFJ
14294,LDZA,EPWA
14295,LOWW,LSZH
14296,KDEN,KSBA
14297,KSJC,KLAX
14298,KFFZ,KAVQ
14299,KUBX,KSUS
14300,KPIT,KDCA
14301,EGNT,EGAA
14302,KN12,KILG
14303,KRDU,KPHL
14304,KONT,KOAK
14305,KORD,KRDU
14306,KSEA,KSTL
14307,KPDX,KSEA
14308,KMYF,KVNY
14309,LEBL,ELLX
14310,KBOS,KMVY
14311,UKBB,EPWA
14312,CYCD,CAP3
14313,KMIA,KORD
14314,KSTL,KVIH
14315,EGNR,EDHI
14316,KPHX,KLGB
14317,KRVS,OK25
14318,ESSA,EHAM
14319,KMDW,KLAS
14320,CYYC,CYXE
14321,LEMG,LFPO
14322,KDAY,KPHL
14323,KSAN,KSJC
14324,EKYT,EKCH
14325,KDFW,KORD
14326,CYOW,CYYZ
14327,CYYZ,KIAD
14328,KTEB,KDAL
14329,SPST,SPJC
14330,KIAD,KCMH
14331,KDFW,KSEA
14332,LSZH,LKPR
14333,EPWA,EDDL
14334,KAUS,KSTL
14335,YPPH,VHHH
14336,LFPG,GOBD
14337,KORD,KSFO
14338,KDAL,KOMA
14339,EDDB,EDDF
14340,SBGR,SBRJ
14341,KCLT,KMIA
14342,CYVR,CYYZ
14343,KBWI,KCLT
14344,KCLT,KSFO
14345,CYHM,CYYC
14346,SBSP,SSJC
14347,OMDB,VABB
14348,KMIA,SKBO
14349,KDEN,KDCA
14350,KPHX,KOAK
14351,KLAX,KPHX
14352,KO69,KAPC
14353,KSNA,KUDD
14354,KTEB,KSWF
14355,EDDM,EDDH
14356,YMML,YPAD
14357,KAUS,KPHX
14358,KLAS,KSFO
14359,KPDX,KONP
14360,LEPA,EDDM
14361,KSLC,KLAS
14362,CYYZ,KDTW
14363,LFML,LFKJ
14364,KAUS,KATL
14365,EGLL,KJFK
14366,KLAX,KSAT
14367,KDEN,KBTF
14368,KRDU,KFLL
14369,KDEN,KBOS
14370,EGPH,EGGD
14371,KSEA,KIAD
14372,KORD,KDEN
14373,LEMG,EBBR
14374,KPHX,KDAL
14375,KLGA,KBOS
14376,KDFW,KLAS
14377,EDDK,LEPA
14378,ULLI,EPWA
14379,SKBO,KMIA
14380,PANC,KSEA
14381,KNUC,KNZY
14382,OEDF,OBBI
14383,KMDW,KSDF
14384,KMCI,KDCA
14385,KFLL,KDFW
14386,KPHX,KOMA
14387,KCLT,KIAD
14388,KORD,KATW
14389,KVPZ,IN61
14390,EPKT,EDDK
14391,PAMR,PABG
14392,KDEN,KDAL
14393,EGGP,LEAL
14394,KSJC,02XS
14395,KDCA,KMCO
14396,LFPG,LLBG
14397,KSEA,KLAX
14398,KEWR,KORD
14399,LLBG,LOWW
14400,KHOU,KSAN
14401,KDFW,KBOS
14402,KORD,KDFW
14403,KMIA,KATL
14404,KFLL,KRDU
14405,KORF,KORD
14406,KCMH,KDCA
14407,KPDX,PANC
14408,KDFW,KDEN
14409,EDDL,EDDM
14410,KDFW,75TE
14411,KORD,KBWI
14412,NK43,KDCA
14413,KMKE,KDTW
14414,KUAO,7OR7
14415,KFUL,KAVX
14416,KDTW,KDFW
14417,KBLI,KLAS
14418,KSFO,CYYZ
14419,OMDB,WSSS
14420,YPPH,YMML
14421,EDSE,EDDS
14422,KWHP,KCMA
14423,K61B,K1G4
14424,CYYC,CYYZ
14425,LEMG,LEMD
14426,KIAD,KROC
14427,KHOU,KPWA
14428,KPHL,KFLL
14429,KBNA,KLGA
14430,KCMH,KHPN
14431,KLAX,KMSP
14432,KSEA,KMSP
14433,KLAX,KSTS
14434,KMDW,KOAK
14435,KDFW,KABQ
14436,KCLT,KDAY
14437,KORD,KBOS
14438,LPMA,LPPR
14439,LIMC,LPPR
14440,KFLL,KPHL
14441,KEWR,KATL
14442,EGPH,EGAA
14443,LL22,KJVL
14444,LEPA,EDDB
14445,KORD,KSDF
14446,KLGA,KCLT
14447,LFPO,LFBO
14448,KSEA,KSJC
14449,VIDP,OTHH
14450,KAUS,KSAF
14451,EDDB,EDDK
14452,KSLK,KBOS
14453,KDEN,KLGA
14454,KSYR,KJFK
14455,KDFW,KONT
14456,KDFW,KPHL
14457,LEBL,EGKK
14458,KSNA,KSEA
14459,LOWW,LIMC
14460,LFMN,LFPO
14461,KSJC,KPHX
14462,LEMG,LEMD
14463,EGLL,LIRF
14464,KMSP,KOMA
14465,KSMF,KPDX
14466,KPHX,KIAD
14467,KRDU,KDFW
14468,EDDF,LLBG
14469,EHAM,KJFK
14470,KATL,KSEA
14471,KSEA,KLAS
14472,KDEN,KDFW
14473,KOAK,KVIS
14474,KAVQ,KCHD
14475,KADS,KSGR
14476,KEWR,KSAN
14477,KLAS,KBWI
14478,KROC,KDTW
14479,KLGA,KDCA
14480,FAOR,FACT
14481,KORD,KPHL
14482,LIPZ,LFPG
14483,KLAX,KFAT
14484,LFQQ,LFML
14485,EDDM,EDDF
14486,KAUS,KMIA
14487,KDEN,KFLL
14488,KLAX,02XS
14489,KBWI,KBOS
14490,KMDW,KMCI
14491,EPGD,EHAM
14492,EDDP,EGNX
14493,KOAK,KOMA
14494,KHOU,KFLL
14495,KCLT,KFLL
14496,KPHL,KBOS
14497,KMSP,KATL
14498,KORD,KORF
14499,KEWR,KDFW
14500,KORD,KBOS
14501,LEMH,LEMD
14502,KSFO,KIAD
14503,KLGA,KCLT
14504,EDDF,LDZA
14505,KLVK,KEDU
14506,KLAX,KSFO
14507,KJFK,02XS
14508,MMTJ,MMES
14509,LEIB,LEPA
14510,LROP,LIRA
14511,KGRB,KDTW
14512,KYKM,WA26
14513,KIND,KDCA
14514,KDCA,KATL
14515,KDEN,KSFO
14516,LEBL,LEPA
14517,KSEA,KFLL
14518,LEMD,LPPT
14519,KATL,KBNA
14520,KBOI,1ID4
14521,KFAT,KLAX
14522,EBMB,LEBL
14523,KDFW,KSNA
14524,KCWA,KMSP
14525,KCNO,KLGB
14526,KDEN,KSTL
14527,KVNY,KTEB
14528,KDFW,KRDU
14529,EHAM,EDDF
14530,KDEN,KLAX
14531,KORD,KDCA
14532,K50F,KFTW
14533,KSYR,KJFK
14534,KLAS,KSNA
14535,KDAL,KMCI
14536,KSFO,KFAT
14537,EDDH,EDDF
14538,LEBL,LSZH
14539,KDFW,KFLL
14540,KATL,KBWI
14541,KORD,KJFK
14542,KAUS,KJFK
14543,KBFI,KFHR
14544,KRNM,KCRQ
14545,LPPT,EBBR
14546,KMIA,KDTW
14547,KMDT,KORD
14548,KSDL,KVNY
14549,KEWR,KATL
14550,KLAX,KJFK
14551,KCLT,KJFK
14552,CYUL,CYJN
14553,KLAS,TS53
14554,KOMA,KMSP
14555,KBVY,MA36
14556,LTAC,LTFE
14557,KBNA,KMIA
14558,KDFW,KVPS
14559,CYYC,CAM3
14560,EKCH,ENGM
14561,KIAH,KBNA
14562,KDEN,KORD
14563,KSRQ,KDCA
14564,LEBL,LIRF
14565,CYWG,CYHM
14566,LIMC,LEMG
14567,KLGA,KRDU
14568,LPPR,LSZM
14569,KOAK,KPSP
14570,KSNA,KSTS
14571,ESSA,EKCH
14572,KJFK,KORL
14573,KATL,KDAY
14574,KSEA,KSNA
14575,KSAT,KDEN
14576,KORD,KFLL
14577,KHOU,KLGA
14578,KOMA,KATL
14579,UUEE,ULLI
14580,KBUR,KDFW
14581,KLAX,KJFK
14582,KECP,KATL
14583,LSGG,LFPB
14584,KOAK,KE16
14585,EBMB,EHAM
14586,KORD,KIAD
14587,KLOT,KC09
14588,VOBL,VIDP
14589,LOWG,LOWW
14590,KLAS,KBNA
14591,KPHL,KMSP
14592,KSNA,KSFO
14593,KTYS,KATL
14594,LSZH,LOWW
14595,EDDL,EDDH
14596,KOAK,KPSP
14597,KNSE,K12J
14598,KSMF,KONT
14599,KTEB,02XS
14600,KMMV,OR90
14601,KCLT,KSDF
14602,KDFW,KECP
14603,KORD,KSDF
14604,LEPA,EDDH
14605,CYYC,CYQQ
14606,KPHX,KSAT
14607,KDEN,KMDW
14608,KSFO,KORD
14609,KMDT,KPHL
14610,LEZL,LEPA
14611,KLAX,KPDX
14612,KCVG,KDFW
14613,KCRQ,KIWA
14614,KDTW,11NY
14615,KSEA,KPDX
14616,KORF,KDCA
14617,KDCA,KLGA
14618,EDDV,EDDF
14619,LEMD,EBBR
14620,KDEN,KLAS
14621,KRDU,KBOS
14622,SKBO,KMIA
14623,KC83,KLVK
14624,KBOS,KLGA
14625,VABB,VECC
14626,KMIA,KBNA
14627,KLGA,KBOS
14628,EDDK,LEBL
14629,EDDK,EDDH
14630,KIAD,KBNA
14631,KDEN,KMSP
14632,VOBL,VIDP
14633,KLOU,3IN6
14634,KATW,KDTW
14635,KORD,KCMH
14636,KCLT,KDFW
14637,LSZH,EDDV
14638,LOWW,EBMB
14639,KSTL,KDEN
14640,KORD,KATL
14641,KMIA,SBKP
14642,KDFW,KUTA
14643,PANC,KSEA
14644,LKPR,EDRY
14645,KCLT,KLGA
14646,CYYZ,CYYC
14647,KDAY,KORD
14648,KSFO,KSEA
14649,LEBL,LFPG
14650,KORD,KOMA
14651,KADS,TS11
14652,KFRG,KHWV
14653,EGKK,EGHQ
14654,KATL,KPNS
14655,KSEA,KMSP
14656,KDEN,KPDX
14657,KDFW,KSDF
14658,EGNT,EGHI
14659,KOAK,KSLC
14660,KSRQ,KBWI
14661,KMVY,KBOS
14662,KIAD,KBUF
14663,9MI6,KPTK
14664,KSAN,KORD
14665,EDDF,EDDM
14666,03OK,KRVS
14667,EDDM,EDDV
14668,KSDL,KGEU
14669,KPVU,KU77
14670,KDFW,KLAX
14671,KLAS,KSEA
14672,KORD,KHPN
14673,LEAL,LEPA
14674,KIAD,KPDK
14675,KIND,KJFK
14676,KFLL,KJFK
14677,KPHX,KONT
14678,KCLT,KORD
14679,KDTW,KBOS
14680,KDEN,VA95
14681,KSEA,KSJC
14682,KBUF,KDTW
14683,KLNK,KORD
14684,CYYC,CYVR
14685,KATL,KECP
14686,KD98,KPTK
14687,KPHX,9CA0
14688,KSFO,KPDX
14689,KLNK,NE42
14690,KIKK,KLAF
14691,EDDB,LFPG
14692,KSJC,KTEB
14693,KSEA,KSFO
14694,KAUS,KDEN
14695,KSAN,KBNA
14696,FAOR,FACT
14697,LIPE,LPPT
14698,KHPN,KISP
14699,KLAX,KPHX
14700,KDFW,KSLC
14701,KSBA,KSQL
14702,KOPF,KPDK
14703,KDWA,KSAC
14704,KHYA,KBOS
14705,KCLT,02XS
14706,KBOI,KPDX
14707,KOAK,KBNA
14708,76MI,K9D9
14709,KSEE,KHMT
14710,KSTL,KPHL
14711,KIAD,0PA6
14712,KFRG,KHWV
14713,KRDU,KORD
14714,KPHX,KBOI
14715,KCLT,CYYZ
14716,KATL,SPJC
14717,KLAF,II26
14718,KSQL,KSMX
14719,KBOS,KORD
14720,KSEA,KONT
14721,KTUL,KDFW
14722,LEMG,LEPA
14723,EDDM,LEPA
14724,K1G4,KLAS
14725,LFPG,LEMG
14726,SBKP,SSJC
14727,EDDK,LOWS
14728,KORD,KDAY
14729,KDEN,KTUL
14730,LEAL,EHAM
14731,LIMC,EGGW
14732,EGSS,LPPR
14733,KDEN,KSFO
14734,EDDH,EDDM
14735,KOAK,KSAN
14736,KSAN,KPHX
14737,KPHX,KMKE
14738,KLCK,KORD
14739,EDDP,LSZM
14740,KDAL,KDCA
14741,KHPN,KDCA
14742,LIME,EVRA
14743,KLAX,KSEA
14744,CYYC,CYVR
14745,FAOR,FACT
14746,KDFW,KDTW
14747,KCMH,KORD
14748,KFLL,KHPN
14749,KMKE,KORD
14750,KIWA,KBUR
14751,KEWR,KATL
14752,ULLI,EPWA
14753,LFPG,LFML
14754,KHSV,KATL
14755,KI12,KI74
14756,KDEN,KBNA
14757,KRNM,KMYF
14758,KFFZ,KA39
14759,KORD,KPHX
14760,LIML,LIBD
14761,KDFW,KPNS
14762,LEIB,LEMD
14763,2OK4,KRVS
14764,EKYT,EKCH
14765,EGKK,LEAL
14766,KPDK,KFTY
14767,KABE,KATL
14768,CYYJ,CYVR
14769,KBOI,KSEA
14770,KNSE,K12J
14771,KDEN,02XS
14772,KBWI,KMSP
14773,KSEA,KBUR
14774,KVNY,KCMA
14775,SBGR,SSJC
14776,KHSV,KDCA
14777,LPPR,ELLX
14778,KDEN,KIAD
14779,KDCA,KATL
14780,CYYC,CYCD
14781,KNUC,KNZY
14782,KPHN,KPTK
14783,LEPA,LEIB
14784,LFML,LEMD
14785,YPPH,YSSY
14786,KSAN,KSJC
14787,KMKE,KDCA
14788,LL80,KJVL
14789,KSFO,KBOI
14790,ESGG,EHAM
14791,KAUS,KBOS
14792,KLAX,KPHL
14793,ULLI,UUWW
14794,MI77,MI56
14795,KBNA,KPHL
14796,KSEA,KPDX
14797,GMMN,LEMD
14798,KATL,KMIA
14799,KSNA,KAPA
14800,KPDX,KSEA
14801,KVNY,KBNA
14802,KMDT,KPHL
14803,KDTW,KMDW
14804,EDDM,LHBP
14805,LEMG,LEBL
14806,KPHX,KBNA
14807,KLAX,KSEA
14808,KOAK,KSNA
14809,KPDK,KCTJ
14810,KMDW,KDAL
14811,KATL,KORF
14812,KDCA,KORD
14813,KMSP,KPHX
14814,KLAX,KSTL
14815,KDEN,KCMH
14816,KBOS,KBUF
14817,KSFO,02XS
14818,KCVG,KMIA
14819,EIDW,EHAM
14820,LEAL,LIMC
14821,7OI9,KOSU
14822,KATL,KLAS
14823,EGSS,LEMG
14824,KDFW,KCOS
14825,KCMH,KDEN
14826,EGLC,EGPH
14827,KNFG,KNYL
14828,KSDF,KATL
14829,KDEN,KRDU
14830,EGGD,EHAM
14831,KABQ,KDFW
14832,KORD,KBNA
14833,KDEN,02XS
14834,KTEB,KPWK
14835,KPHX,KSEA
14836,53CN,KEDU
14837,PANC,KSEA
14838,VT52,KPBG
14839,CYYC,CYKA
14840,KLAX,KSAN
14841,OMDW,UUWW
14842,SBGR,SSJC
14843,KATL,KTYS
14844,LFPG,EHAM
14845,KBUF,KORD
14846,KJFK,KLAX
14847,KMIA,SPJC
14848,CYYC,CYXE
14849,TX61,02XS
14850,KPHL,KRDU
14851,LIPE,LFPG
14852,KLAS,KMDW
14853,KFLL,KATL
14854,KARB,8MI9
14855,KBOS,KRDU
14856,KMSP,KDTW
14857,KDTW,KMCI
14858,KTYS,KDTW
14859,KDEN,AL40
14860,KSEA,KATL
14861,KPHX,KMIA
14862,ENBR,ENZV
14863,KCNO,KFUL
14864,KMDW,KPHL
14865,KOAK,KSEA
14866,LYBE,LSZH
14867,KIAD,KDEN
14868,KDAL,02XS
14869,KSAN,KPHL
14870,KPWA,KLAS
14871,ENVA,ENGM
14872,KDFW,49FD
14873,SBKP,SBVT
14874,LPPR,LFPO
14875,EGLL,CYYZ
14876,SC32,KAND
14877,PANC,KORD
14878,LJLJ,EDDM
14879,KGRB,KORD
14880,KLAS,KPWA
14881,LEMG,GMMN
14882,KSQL,KCCR
14883,KPTK,KD95
14884,KTOA,KSNA
14885,KLGA,KMSP
14886,KSFO,KJFK
14887,KCVG,KORD
14888,LPPR,LSGG
14889,KSNA,KLGB
14890,KRDU,KBOS
14891,KATL,KTTN
14892,KBMI,KORD
14893,KPDK,KLZU
14894,YSCB,YSSY
14895,LOWW,EPWA
14896,KDEN,NE42
14897,KDTW,KMSN
14898,ENHD,ENGM
14899,LSZM,LEBL
14900,CYYC,CYYZ
14901,KCLT,02XS
14902,KMIA,KATL
14903,ENGM,LFPG
14904,YSCB,YSBK
14905,VOMM,VIDP
14906,KSFO,CYVR
14907,KSEA,KIAD
14908,KATL,KSRQ
14909,KIKK,KLOT
14910,KEWR,KMSP
14911,KDEN,KPHL
14912,EDDH,EHAM
14913,KLAS,KSDF
14914,KBOS,02XS
14915,KATL,KORD
14916,KDFW,KIAD
14917,KLOU,3IN6
14918,EDDB,LIME
14919,KFFZ,KAVQ
14920,KORS,WN51
14921,KSNA,KLAS
14922,KSJC,KLAX
14923,KRVS,OK25
14924,EGLL,EGPH
14925,EDDM,EKCH
14926,KTYS,KORD
14927,KDEN,KSFO
14928,KLVK,63CN
14929,EPKK,EPWA
14930,KMSP,KLNK
14931,SBGR,SBRJ
14932,KDFW,KSAN
14933,EGLL,KBOS
14934,KOMA,KORD
14935,KATL,KFLL
14936,KBUF,KORD
14937,KSFO,KLAX
14938,KSKA,KSEA
14939,KORD,KSTL
14940,KCGZ,KFFZ
14941,KPHX,KBUR
14942,KBOS,KORD
14943,KBED,KMMU
14944,OMDB,OPMT
14945,EGCC,EHAM
14946,ULLI,UUDD
14947,EDDV,LEPA
14948,KRIR,KFUL
14949,KU77,KPVU
14950,KMIA,KDAL
14951,3IN6,KLOU
14952,KU77,KPVU
14953,KLAX,KMIA
14954,EDFH,LIBD
14955,CYYZ,KORD
14956,KMSP,KLAX
14957,UUEE,UWKD
14958,KSJC,KBNA
14959,KVIS,KOAK
14960,KNSE,0AL5
14961,KDTW,KSEA
14962,KPHX,KLAS
14963,KDEN,KMKE
14964,KAUS,KDTW
14965,KDAY,KORD
14966,KBWI,KSEA
14967,LEMD,LEBL
14968,KIAD,KDEN
14969,ENGM,EFHK
14970,KSEA,KSBP
14971,KSGF,KDEN
14972,KSNA,KLGB
14973,KIWA,KP08
14974,KEMT,KCNO
14975,LFBD,LPPR
14976,EGCK,EGNR
14977,KDEN,KATL
14978,KSNA,KVNY
14979,EGBB,EIDW
14980,KLGA,KBDR
14981,LIMC,LFPG
14982,KSFO,KSAN
14983,KBUF,KATL
14984,KORD,K8C4
14985,LPPR,ELLX
14986,KBOI,KSEA
14987,LTFJ,LTFE
14988,KPHX,KSNA
14989,KMSP,KBNA
14990,KLAX,KSJC
14991,KSQL,KHHR
14992,KLAS,KLAX
14993,YBBN,YMML
14994,VOMM,VABB
14995,KPAE,KAWO
14996,KSAT,KLAS
14997,LEMH,LEBL
14998,KSEA,PANC
14999,KS50,KVUO
15000,KDEN,KOKC
15001,KMSP,KDEN
15002,RCTP,VHHH
15003,KMKE,KATL
15004,KCMH,KLGA
15005,KDEN,KSYR
15006,KSNA,KFAT
15007,KHSV,KDFW
15008,KDTW,KMKE
15009,KSAC,KEDU
15010,UAAA,UAII
15011,KMIA,KATL
15012,KGVQ,20NY
15013,KBNA,02XS
15014,KORD,KBNA
15015,KSAT,KATL
15016,LFBD,LFPG
15017,KSEA,KDFW
15018,EBMB,LIRF
15019,KDEN,07KY
15020,EDDM,LIMC
15021,KDEN,KMSN
15022,KLGA,KDTW
15023,KSAN,KOAK
15024,KMCI,KSTL
15025,SBSP,SIHW
15026,KVNY,KCMA
15027,KOAK,KLAX
15028,KMSP,KSEA
15029,KEWR,KMSP
15030,KLAX,KABQ
15031,KBUF,KPHL
15032,ULLI,UUWW
15033,KSAC,KEDU
15034,EGNX,EGNL
15035,BIKF,EIDW
15036,KDFW,KTEB
15037,KLAS,KSJC
15038,KMDW,02XS
15039,KORD,71KY
15040,KDEN,KBWI
15041,KECP,KHOU
15042,KLAX,KSEA
15043,KPHX,KABQ
15044,KDTW,67KY
15045,LEPA,EDLW
15046,KATL,KMKE
15047,KIND,KMIA
15048,KLAS,KSNA
15049,KORD,AL18
15050,KBUR,KPHX
15051,KLAX,KJFK
15052,LEMG,LFPO
15053,TXKF,KBOS
15054,KORD,PANC
15055,OL23,KRVS
15056,KDEN,KTYS
15057,ULLI,UUEE
15058,KDAL,KPHX
15059,KSEA,02XS
15060,KBMI,KATL
15061,KDTW,KORD
15062,KPNS,KDCA
15063,KSTL,KDFW
15064,KPYM,KBED
15065,KJFK,KLAX
15066,KMYF,KTOA
15067,KLGA,KATL
15068,EDDM,EDDW
15069,KLAX,KDFW
15070,KHOU,KDAL
15071,ENBR,ENGM
15072,CO18,KAPA
15073,KDTW,KATL
15074,KDEN,KYKM
15075,KSAN,KLAS
15076,KBTL,MI56
15077,KVPS,KATL
15078,LEMD,EGLL
15079,KATL,KLAS
15080,KONT,KSBP
15081,KLGB,KCNO
15082,EDDB,EIDW
15083,LFPO,LFML
15084,KORD,KMKE
15085,KSFO,KLGB
15086,KDCA,KORD
15087,KCLT,KMSP
15088,KLAX,02XS
15089,KVNY,KL70
15090,LIML,EHAM
15091,KIAH,KLAS
15092,OMDW,VHHH
15093,0CL6,KCMA
15094,KORD,KCWA
15095,KBNA,KBOS
15096,KSTL,KATL
15097,KDTW,KLAX
15098,KTUL,KATL
15099,CYVR,CYYJ
15100,KCLT,KATL
15101,KFOK,KSWF
15102,ELLX,EDDF
15103,LFKF,LFML
15104,CZBB,CYNJ
15105,TJSJ,KIAD
15106,KATL,KDTS
15107,LFML,LFPO
15108,KSNA,KSAN
15109,KDFW,KMSP
15110,EBBR,EVRA
15111,EGSS,EPWR
15112,KORD,KPHL
15113,KHGR,KFME
15114,EGLL,LFPG
15115,KHPN,KATL
15116,KVNY,KWHP
15117,KSTL,KBNA
15118,KSFO,KLAX
15119,KBOI,KSEA
15120,KPDX,KLAX
15121,KSEA,KLAX
15122,KBFI,KPDX
15123,KCRQ,KL08
15124,KGKY,66TE
15125,LEBL,LEMD
15126,KDFW,KTUS
15127,LFBO,LFPG
15128,KPHX,KDTW
15129,ENHD,ENBR
15130,KHOU,KTUL
15131,KSEE,CA75
15132,OTHH,VOMM
15133,KFAT,KPDX
15134,KDTW,KSTL
15135,ENZV,ENBR
15136,KDFW,KORD
15137,KATL,KBNA
15138,KATW,KORD
15139,KMSP,KSAN
15140,UWLL,UUWW
15141,YSSY,YPPH
15142,KDTW,KLAS
15143,KVNY,KMYF
15144,EGBB,EDDF
15145,KSFO,KLAS
15146,KLAS,KDAL
15147,CO59,KFNL
15148,LPPT,LPPD
15149,KM33,KBNA
15150,KBOS,KDCA
15151,KDTW,KDAY
15152,KORD,KPHL
15153,KFXE,KMIA
15154,KLAX,KJFK
15155,KMSP,KORD
15156,KMHR,KSCK
15157,KDFW,KPDX
15158,KBNA,KBWI
15159,KATL,KLGA
15160,KOMA,KATL
15161,KOAK,KBUR
15162,KSAT,KIAD
15163,KFLL,KDAL
15164,KDEN,KCMH
15165,KLAS,KORD
15166,KEWR,KDEN
15167,6NA2,KORD
15168,KCLT,KBOS
15169,KSLC,KBOS
15170,KBOS,KATL
15171,EHAM,LEBL
15172,EFHK,EFKU
15173,KSFO,KBFI
15174,SBKP,SDJN
15175,61WA,KBFI
15176,KSBA,KSFO
15177,KORD,KCMH
15178,ENVA,ENNM
15179,PANC,KSEA
15180,KSJC,KBOS
15181,PN14,24PA
15182,LFMN,LFPO
15183,KSEA,KGEG
15184,KDTO,KGPM
15185,KTUS,KPHX
15186,KSQL,KHHR
15187,OEDF,OERK
15188,KOWD,KBED
15189,KDEN,KOMA
15190,KDCA,KMIA
15191,KSDF,KBOI
15192,KLAS,KMSP
15193,KSAT,KLAX
15194,KLAX,CYYZ
15195,KORD,KBOI
15196,KCHD,KFFZ
15197,KMHR,KSAC
15198,KBNA,KTYS
15199,KVNY,KSBA
15200,LIEE,LIML
15201,LEBL,LIME
15202,CYVR,CYCD
15203,KATL,KMSP
15204,WA49,KPDX
15205,ELLX,OMDW
15206,UUEE,ULLI
15207,KEWR,KBNA
15208,KDEN,KPHL
15209,KMCI,KOAK
15210,KPHX,02XS
15211,RPLL,WSSS
15212,OMDB,OERK
15213,KLAS,KLAX
15214,ENZV,ENGM
15215,LTBA,LEMD
15216,EGSS,EPMO
15217,KADS,KF69
15218,KSDL,KCMA
15219,SBSP,SBRJ
15220,KORD,KBWI
15221,KPDX,KOAK
15222,KMAN,KS67
15223,KFLL,KBOS
15224,KDTW,KFLL
15225,KBWI,KDFW
15226,KRYN,KSDL
15227,KPHX,KPDX
15228,KAPA,KFNL
15229,ULLI,UUDD
15230,KFXE,KHWO
15231,KATL,K9A4
15232,LEZL,LEBL
15233,KLAX,KOAK
15234,KLAX,KABQ
15235,KSFO,KORD
15236,KORD,77LL
15237,CYUL,CYJN
15238,EHAM,EVRA
15239,KSEA,KPDX
15240,KPHX,KSAT
15241,KAUS,KMDW
15242,KORD,KJFK
15243,KDEN,KORD
15244,LDZA,EDDM
15245,KSMO,KSBP
15246,KDEN,KMKE
15247,KEWR,KMIA
15248,LPFR,LFBD
15249,KFLL,KJFK
15250,PAEN,PANC
15251,KBOS,KMSP
15252,KBNA,KORD
15253,KPHX,KCMH
15254,SBGR,SBRJ
15255,KM33,KBNA
15256,KNSE,K12J
15257,KVIS,KOAK
15258,KOSU,OH24
15259,KPIT,KTEB
15260,KORD,KMCO
15261,KTEB,KJFK
15262,KSTL,KORD
15263,EFHK,ESSA
15264,KATL,KFLL
15265,KLAS,KPSP
15266,EGGD,EGNL
15267,LTAC,EDDK
15268,CYYC,CYXE
15269,KLAX,KDFW
15270,IL38,KARR
15271,KSMO,KCMA
15272,KROC,KATL
15273,KOAK,KVNY
15274,LEPA,EDDF
15275,KLGA,KDFW
15276,KSLC,KSFO
15277,KCCB,KEMT
15278,KTUL,KDAL
15279,KATL,KMIA
15280,KFHR,WN51
15281,KANE,KFCM
15282,KATL,KMDW
15283,EDDM,EFHK
15284,KROC,KJFK
15285,KLAX,KATL
15286,16MI,KORD
15287,KBOS,KBWI
15288,KRHV,KC83
15289,KPDX,KDAL
15290,KARB,36MI
15291,KBNA,KDAL
15292,KFCM,KFBL
15293,KTYS,KDFW
15294,KDFW,KDEN
15295,KSEA,KLAX
15296,KPIT,KLGA
15297,KSKA,KSEA
15298,KSJC,KPDX
15299,KATL,KDFW
15300,KFCM,MN19
15301,KMIA,KLGA
15302,FAOR,FACT
15303,LEPA,LEMH
15304,CYPK,CAM3
15305,EGAC,EGLL
15306,KDEN,KOKC
15307,KORD,KCMI
15308,KDFW,KBTF
15309,OTHH,VIDP
15310,KOAK,02XS
15311,KBOS,KDFW
15312,KATL,KPNS
15313,KBUF,KJFK
15314,KHSV,AL18
15315,KP08,KIWA
15316,LEBL,LEMD
15317,KL70,KWHP
15318,LIML,LIRF
15319,KGEU,KP19
15320,KSTL,KLGA
15321,KCVG,KPHX
15322,KLAX,KBNA
15323,KLAS,KDTW
15324,KBUR,KPDX
15325,YMML,YSSY
15326,KFNL,KBJC
15327,KMGE,SC32
15328,KOKC,KDEN
15329,LFPG,LIRF
15330,KONT,KDEN
15331,KFCH,KRHV
15332,KCCR,KSAC
15333,KJFK,KRDU
15334,LMML,LIRF
15335,KLGA,KORD
15336,KHOU,KDFW
15337,KCGZ,KFFZ
15338,KPHX,KTUS
15339,KROC,KORD
15340,KFAT,KSAN
15341,KSEA,KSFO
15342,KORD,KOKC
15343,KFLL,KMCI
15344,KOSU,69OI
15345,EKCH,LEMG
15346,KORD,KMCI
15347,KHND,KVGT
15348,FAOR,FACT
15349,KMSN,KMSP
15350,KDFW,KCMH
15351,EETN,EGSS
15352,KBOS,KPYM
15353,KJFK,KMVY
15354,KBWI,KDUJ
15355,KDEN,KMIA
15356,KGVQ,KROC
15357,LFKJ,LFPO
15358,KNUQ,KTRK
15359,KORD,KPIT
15360,EGAA,EGBB
15361,ENZV,ENGM
15362,KSEA,KORD
15363,KORD,KSFO
15364,KCMH,KDFW
15365,BIKF,KIAD
15366,KC09,KLOT
15367,KMSP,KBOI
15368,KSAT,MMTJ
15369,LPFR,EDDB
15370,OK25,KRVS
15371,OBBI,OERK
15372,KRHV,KE16
15373,KDEN,KPHX
15374,SBKP,SBRJ
15375,KORD,KHHR
15376,LFPG,EHAM
15377,YBBN,YPAD
15378,GMMN,LFPG
15379,VOMM,VABB
15380,KORD,KTYS
15381,KLGB,KSJC
15382,EGSS,LPPT
15383,KPHX,02XS
15384,KDTW,KPHX
15385,KLAX,KLAS
15386,KATL,KPHL
15387,CNF4,CYOO
15388,KHOU,KMDW
15389,KMIA,KBOS
15390,LIRF,LIML
15391,KPHX,KCOS
15392,CYUL,KDTW
15393,KRDU,KRWI
15394,KLAS,KBOS
15395,KBOS,KMVY
15396,LEBL,LEPA
15397,KDTW,KBNA
15398,KLAX,KSJC
15399,KSJC,KLAX
15400,ENVA,ENGM
15401,KBNA,KATL
15402,KPHX,KSJC
15403,LEMG,EHRD
15404,OTHH,VIDP
15405,LPPT,LSGG
15406,KPDX,KDCA
15407,LFMN,LFPO
15408,KPSP,KPHX
15409,KIAH,KJFK
15410,KDEN,KFLL
15411,KBUR,KLAS
15412,KPHL,KDTW
15413,VIDP,VOBL
15414,KVPS,KDFW
15415,KLGA,KOMA
15416,LIBD,LIML
15417,KSDF,KDAL
15418,KALB,KORD
15419,KORD,KSNA
15420,KLAX,KSJC
15421,KMSN,KPHL
15422,KPHX,KLAS
15423,KLAX,KRDU
15424,KBNA,AL16
15425,KRDU,KMSP
15426,LEBL,LPPT
15427,KIAD,KBUF
15428,KVIS,KFAT
15429,KACK,KBOS
15430,MA72,KBOS
15431,KDCA,KLGA
15432,KBOS,KBWI
15433,KPHX,KNYL
15434,KMIA,KPHL
15435,KLGA,KFLL
15436,KPVD,KDCA
15437,OTHH,VOBL
15438,KHOU,KBNA
15439,CYUL,KTEB
15440,KSJC,KLAX
15441,KLAX,02XS
15442,KDEN,KPHX
15443,LEPA,EDDL
15444,KCVG,KMIA
15445,KATL,KOMA
15446,RCTP,WSSS
15447,KOMA,KMDW
15448,KFXE,KHWO
15449,LFPO,LFBO
15450,KBOS,KMDW
15451,KPAE,KSFO
15452,KSEA,PANC
15453,ELLX,ESSA
15454,LIEE,EBCI
15455,KPTK,KD95
15456,KSDF,KLGA
15457,KORD,02XS
15458,KCMH,KORD
15459,KFKR,KLAF
15460,KAVX,KFUL
15461,KGXY,7CO0
15462,KUAO,K7S9
15463,KLAX,02XS
15464,SBCO,SBKP
15465,KSFO,KLAX
15466,KDEN,KSAT
15467,KBWI,KLNS
15468,KIAD,KMSP
15469,SBSP,SBRJ
15470,KABQ,KDFW
15471,KORF,KORD
15472,PAEN,PANC
15473,KSNA,KF70
15474,KSEA,KGEG
15475,EGLL,EGCC
15476,KIND,KLGA
15477,KORD,KSLC
15478,KSMF,KSJC
15479,ESMS,LHBP
15480,KMYF,KCRQ
15481,KLAX,KORD
15482,KSJC,KSNA
15483,KRDU,KMIA
15484,K12J,KNSE
15485,KDCA,KMSP
15486,KMSP,KDAL
15487,OG02,KHIO
15488,KCLT,KPHL
15489,EGNX,EHAM
15490,KALB,KBWI
15491,KGSO,KCLT
15492,EPWA,EPKT
15493,LPPT,LFML
15494,KPDX,KSEA
15495,KFAT,KLAS
15496,KMSP,02XS
15497,EKCH,EKYT
15498,K12J,KNSE
15499,LTAC,LTFJ
15500,KLAX,KABQ
15501,KSEA,6WA3
15502,YMML,YBBN
15503,LFPG,GMMN
15504,KDFW,KSFO
15505,KBNA,KTYS
15506,KPDX,KMCC
15507,KFHR,KBLI
15508,KFLL,KLGA
15509,KSAN,KLAS
15510,KDEN,KBTF
15511,KFKR,KLAF
15512,K12J,KNSE
15513,KMSP,KPHL
15514,KBWI,KORD
15515,KLAS,KORD
15516,KSYR,KDTW
15517,KBWI,KFLL
15518,KDCA,KBOS
15519,KORD,KOMA
15520,KATL,KJFK
15521,KDTW,KORD
15522,KDEN,KDFW
15523,KCRQ,KRNM
15524,EPGD,EGSS
15525,KLNS,5PA3
15526,KPWA,KDAL
15527,ENBR,ENGM
15528,KDEN,KTUL
15529,KMDT,KDTW
15530,KLAX,KOKC
15531,2MI3,MI77
15532,KRFD,KSEA
15533,UWWW,UUEE
15534,KSTL,KRIR
15535,UUWW,ULLI
15536,KSAN,KBOI
15537,KFLL,KEWR
15538,KMDW,KTEB
15539,CYVR,CYYJ
15540,CYXE,CYVR
15541,KDCA,KDTW
15542,TLPC,TBPB
15543,LEBL,LIMC
15544,EGGD,LPFR
15545,KSAF,KDFW
15546,LSZH,EFHK
15547,KDTW,KLAS
15548,KTEB,KOPF
15549,KLAX,KLAS
15550,KIND,KATL
15551,KABQ,KDFW
15552,KPHX,KPHL
15553,KBNA,KDFW
15554,KMCI,KLAX
15555,ULLI,UUWW
15556,KHOU,KMKE
15557,KCLT,KRDU
15558,KDAL,KMDW
15559,EBBR,EDDF
15560,LFPO,GMMN
15561,EKCH,EKYT
15562,44IS,KSTL
15563,VIDP,OMSJ
15564,KSEA,KPSP
15565,KORF,KATL
15566,KMKE,KORD
15567,EGLL,ESSA
15568,KIAH,KMSP
15569,KATL,KMCI
15570,KPHL,KDTW
15571,KJFK,KMIA
15572,KCNO,KSNA
15573,KLAX,KTUS
15574,CYVR,CAM3
15575,KSJC,KSEA
15576,KPHL,KORD
15577,KCLT,KVPS
15578,KGPI,KSEA
15579,KORD,KLAS
15580,KONT,KSLC
15581,KORD,KATL
15582,KATL,KBOS
15583,KRDU,KFLL
15584,KLAS,KBUR
15585,KBNA,KCLT
15586,OL23,KRVS
15587,EDDB,LEPA
15588,KDTW,KORD
15589,KPIT,KBFD
15590,KPDX,KLAX
15591,LPPT,LPPR
15592,KBOS,KRDU
15593,KWHP,KCMA
15594,KLGB,KSNA
15595,KLAX,KJFK
15596,EGLL,EGPD
15597,KJFK,KORD
15598,KBOI,KSFO
15599,KORD,KMSN
15600,KROC,KPHL
15601,KCLT,KDTW
15602,LOWW,EDDF
15603,PANC,KSEA
15604,KEWR,KFLL
15605,KPHX,KSFO
15606,CL36,KMHR
15607,KFLL,KATL
15608,KABE,KDTW
15609,TLPC,TBPB
15610,KMSP,KBOS
15611,OBBI,OMDB
15612,KONT,KLAS
15613,KCVG,KDEN
15614,3IN6,KLOU
15615,CYJN,CYUL
15616,KOAK,KMCI
15617,KSTL,KATL
15618,LTFJ,LLBG
15619,KPDX,KLAS
15620,KCMH,KATL
15621,LEPA,EDLW
15622,KPHL,KATL
15623,KBOI,KPHX
15624,LIMC,EFHK
15625,KPHX,KABQ
15626,KABQ,NM49
15627,KSAN,KSEA
15628,KSYR,KATL
15629,CYUL,KORD
15630,UUDD,ULLI
15631,KMSP,KLAS
15632,LEMD,LEPA
15633,KJFK,KDFW
15634,KATL,KLAX
15635,KMIA,KPHX
15636,LFPO,LFBO
15637,KIAH,02XS
15638,IN93,KORD
15639,KIND,KORD
15640,KLUK,KSUS
15641,KMIT,KL19
15642,KPHX,KOKC
15643,SC86,4SC4
15644,LFKJ,LFML
15645,EBMB,EGLL
15646,KMOD,KCCR
15647,KOKC,KATL
15648,LPPT,LPPD
15649,LEPA,EDDF
15650,LFRN,LFBO
15651,ULMM,UUWW
15652,KLZU,KPDK
15653,KLAX,KFLL
15654,KMDW,KMIA
15655,KPHX,KATL
15656,KDTW,KMDW
15657,KBNA,KORD
15658,KSLC,KPSP
15659,KFLL,KMIA
15660,ELLX,LIMC
15661,2OK4,KRVS
15662,KSNA,KLAS
15663,KMCI,KDFW
15664,KDAL,KLAS
15665,KORF,KDTW
15666,KCOE,KSDL
15667,KBUF,KPHL
15668,KSAT,KDAL
15669,KPHX,KMSP
15670,KORD,KDFW
15671,KPHX,KLAX
15672,LPFR,EGBB
15673,KBVI,1PA5
15674,LOWW,LLBG
15675,KLUK,KSGH
15676,LIEA,LIML
15677,KAUH,KOMA
15678,KDFW,KLGA
15679,CYXE,CYWG
15680,KBNA,KBOS
15681,KIAH,KLAS
15682,KCOS,KAPA
15683,KLAX,KSLC
15684,KMCO,KMIA
15685,ENGM,ENZV
15686,LIME,EGSS
15687,KSEA,KDAL
15688,KCLT,KATL
15689,BIKF,KBOS
15690,KFXE,KRDU
15691,KLGB,KSNA
15692,KPHX,KSEA
15693,KORD,KDEN
15694,KLAS,KCLT
15695,LIMF,LICZ
15696,KIWA,KFFZ
15697,EDDM,EVRA
15698,KORD,KLGA
15699,KSEA,KGEG
15700,LFPB,LSGG
15701,KLAX,KSFO
15702,KOAK,KLAS
15703,KSUS,KTEB
15704,EGLF,LIML
15705,KSRQ,KATL
15706,UAAA,UUDD
15707,KAPA,CO86
15708,KDAL,02XS
15709,SPJC,SKBO
15710,EKCH,LEAL
15711,YSSY,YBBN
15712,KPHL,KCLT
15713,EPRZ,EPWA
15714,VOBL,WSSS
15715,KLGA,KMIA
15716,KOAK,KSLC
15717,KBUR,KLAS
15718,ELLX,LSZH
15719,LROP,LIPX
15720,KBOI,KSEA
15721,K61B,K1G4
15722,KBUF,3GE3
15723,KBOS,KDCA
15724,KMSN,KORD
15725,KMVY,KJFK
15726,KIAD,KATL
15727,KMDW,KGRB
15728,TJSJ,KMIA
15729,GMME,LFPO
15730,KFHR,KRNT
15731,ULLI,ULMM
15732,SBJD,SBSP
15733,KSLC,KSFO
15734,KMDT,KORD
15735,KPHX,KBOS
15736,EBMB,EFHK
15737,KDTW,KDFW
15738,KDEN,KSTL
15739,VOMM,WSSS
15740,KORF,KBWI
15741,LEBL,LFPO
15742,RPLL,VHHH
15743,EVRA,LEBL
15744,KORD,KCMH
15745,WV21,KDAA
15746,KDEN,KSFO
15747,SBRJ,SBSP
15748,OTHH,VABB
15749,KAUS,KBNA
15750,KEDU,KSAC
15751,KEIK,KGXY
15752,KLAS,KATL
15753,LEPA,LEMH
15754,KPHX,KSTL
15755,YPPH,YMML
15756,EGBB,EPKT
15757,KDAL,KSAT
15758,VABB,OMDB
15759,KFKR,KLAF
15760,KSEA,KPSP
15761,KMOD,KVIS
15762,KTKI,KGKY
15763,KMDW,KSRQ
15764,KPVD,KPHL
15765,KPVU,UT99
15766,KMIA,KJFK
15767,KPHX,KDCA
15768,VECC,VIDP
15769,LEZL,LEBL
15770,KSLC,KBOI
15771,KBWI,KBUF
15772,KORD,KMIA
15773,KABQ,KDAL
15774,EGAA,EGPH
15775,KDFW,KSAT
15776,KBOI,KORD
15777,KDCA,KMDW
15778,KBVI,32PN
15779,LEPA,LEMD
15780,KBNA,KPHL
15781,LTAC,LTFE
15782,KLAX,KMIA
15783,K12J,KNSE
15784,CYYZ,CYUL
15785,KLAS,KFAT
15786,GMMN,LFPO
15787,LOWW,EDDL
15788,PAMR,PABG
15789,KDTW,KMDW
15790,KSAN,KPHX
15791,KBFI,WA22
15792,EFHK,ESSA
15793,KSFO,KPSP
15794,KSEA,KLAX
15795,KABQ,KLAS
15796,KSAC,KMHR
15797,6XS7,KFTW
15798,KDEN,KDTW
15799,KMYF,KRNM
15800,CYYJ,CYVR
15801,KORD,KPNS
15802,EPGD,EGPH
15803,EGPD,EGLL
15804,KLAS,KORD
15805,KAPA,KGXY
15806,KHYA,KBOS
15807,LJPO,LJLJ
15808,KDFW,CYYZ
15809,EGLL,EFHK
15810,LSZM,LEMG
15811,KPAO,KDVO
15812,KROC,KBWI
15813,LIEA,LIRF
15814,KA39,KCHD
15815,KSDF,KORD
15816,KBFI,K74S
15817,KMQY,KM33
15818,KSLC,KSJC
15819,GMME,LFPO
15820,UUWW,ULLI
15821,KLEB,KBOS
15822,KTEB,KBOS
15823,KBVY,KBED
15824,KEWR,KMIA
15825,KORD,KMSP
15826,KCLT,KBWI
15827,KPIT,KJFK
15828,LIMC,LYBE
15829,KLAS,KABQ
15830,KGRB,KORD
15831,25CL,KLHM
15832,LPPT,LPMA
15833,PAMR,PABG
15834,KFXE,KHPN
15835,KATL,KORD
15836,KDAL,KATL
15837,KMSP,KDCA
15838,KCLT,KHSV
15839,KSAC,KO27
15840,LIPZ,LOWW
15841,K12J,KNSE
15842,KMDW,KLAS
15843,KPAE,KAWO
15844,ENBR,ENZV
15845,KLAS,KDTW
15846,KPHX,KATL
15847,KATL,02XS
15848,KSEA,KFAT
15849,KLAX,KSBA
15850,PAMR,PABG
15851,KSNA,KOAK
15852,KOKC,KDEN
15853,KDEN,KORD
15854,LEBL,LIRF
15855,EHAM,LSGG
15856,LFPO,LFML
15857,LOWW,EFHK
15858,K2K9,KRVS
15859,CYUL,CYVR
15860,ENZV,EKCH
15861,ULMM,ULLI
15862,KSEA,KIAD
15863,KATL,KSEA
15864,PAMR,PABG
15865,KMSP,4WI4
15866,VOMM,VOBL
15867,KFUL,KF70
15868,KLGB,KEMT
15869,KPDX,KSJC
15870,LEPA,EDDH
15871,KIAH,KSFO
15872,EGLL,EPWA
15873,KSEA,KTUS
15874,KDEN,KLGA
15875,KMCI,KATL
15876,SBRJ,SBGR
15877,KFTG,CO18
15878,KFLL,KALB
15879,LSGG,LKPR
15880,KDFW,KSJC
15881,KMDW,KBUR
15882,LFPB,LSZM
15883,KBVI,1PA5
15884,KADS,KGVT
15885,KMKE,KMSP
15886,KBUR,KPMD
15887,KA39,KCHD
15888,EPGD,EPWA
15889,KDFW,KPHX
15890,KAUS,KDEN
15891,LFPG,LKPR
15892,LHBP,LSGG
15893,KORD,KATL
15894,KCLT,KBNA
15895,VOMM,VOBL
15896,KIAD,KDTW
15897,KDEN,KSJC
15898,KSDL,KAPA
15899,PN14,KBTP
15900,KATL,KTEB
15901,KSEA,KLAX
15902,KCLT,KORF
15903,GOBD,GBYD
15904,KPHL,KATL
15905,VOBL,VEPI
15906,KLAX,KSDF
15907,UUDD,ULMM
15908,KDEN,KSBA
15909,KRHV,KE16
15910,KPHX,KLAX
15911,EBMB,ESSB
15912,LPPD,LPPR
15913,LFPB,LSGG
15914,KM54,KMQY
15915,LSGG,LEMD
15916,KDFW,KPHX
15917,KORD,KMCO
15918,KSAN,KPDX
15919,KJFK,02XS
15920,LFBO,LFPO
15921,KMCI,KDEN
15922,LEBL,LEMG
15923,KBOS,KDTW
15924,KCLT,KPNS
15925,EGAA,EGKK
15926,K61B,KU30
15927,KLVN,KFCM
15928,KSYR,KORD
15929,KDFW,KATL
15930,ULLI,UUWW
15931,KPDX,KSFO
15932,KBNA,KSAN
15933,KDFW,KSNA
15934,KLAX,KSNA
15935,KUAO,K7S9
15936,KECP,KBNA
15937,LIPE,LEMD
15938,CYJN,CYUL
15939,KDEN,KDCA
15940,CYYZ,CYOW
15941,KOAK,KSFO
15942,KSCK,KRHV
15943,KDCA,KOMA
15944,KCVG,KJFK
15945,EIDW,EGLL
15946,KSEA,KOMA
15947,KSTL,KPHX
15948,KH68,KRVS
15949,KPHL,KDFW
15950,KHWV,KFRG
15951,SBBR,SBGR
15952,KGRR,KMSP
15953,KSFO,KTEB
15954,KORD,KPHX
15955,OBBI,VGZR
15956,LEPA,EDDG
15957,KLAX,KBWI
15958,KCLT,KATL
15959,KSEA,PANC
15960,KOPF,KTEB
15961,KCWA,KDTW
15962,KSLC,KSJC
15963,KDEN,KSFO
15964,LFMN,LFPO
15965,GMMN,LFPO
15966,KLNK,KMSP
15967,KIAH,KPHX
15968,KSTS,KSNA
15969,KD95,KPTK
15970,KBNG,KEMT
15971,KHPN,KAGC
15972,LFPG,GMMN
15973,ENZV,ENVA
15974,LIML,LIRF
15975,LEIB,LEMD
15976,KCLT,KORD
15977,EPKK,EPWA
15978,CAK3,CZBB
15979,KEWR,KMCO
15980,KDEN,KTUS
15981,LSZH,EDDH
15982,KPHX,KSFO
15983,KDEN,KSTL
15984,VIDP,WMKK
15985,KH68,KRVS
15986,KLAS,KDFW
15987,KSAN,KSJC
15988,KFLL,KFXE
15989,KATL,KPHL
15990,ESMS,ESSB
15991,KMIA,KDEN
15992,KFTG,KAPA
15993,KPDX,CYVR
15994,KSNA,KRNM
15995,LFPG,EDDF
15996,KPOC,KCNO
15997,YMML,YPAD
15998,EDDH,EDDS
15999,EGLL,EIDW
16000,LEBL,LIRF
16001,LEPA,LEIB
16002,KPHX,KFLL
16003,KCLT,KPHX
16004,KISM,KIAD
16005,EDDK,EGNX
16006,KLAX,KSJC
16007,KLGA,KRDU
16008,LSZH,EDDF
16009,75OK,OK16
16010,EGSS,LKPR
16011,KLUK,KTEB
16012,KJFK,KDTW
16013,KCLT,KDCA
16014,KDFW,1MU0
16015,KBVI,32PN
16016,KPHX,KLAX
16017,KCGZ,KFFZ
16018,KBOI,KLAS
16019,YSSY,YPAD
16020,KDEN,KFAT
16021,EIDW,EGSS
16022,KTUL,KDFW
16023,KDFW,KTUS
16024,OBBI,OEDF
16025,II26,KLAF
16026,KSEA,KLAS
16027,PAEN,PANC
16028,EGLL,LPPT
16029,KLAS,KBUR
16030,KSLC,KSAN
16031,KPIT,KATL
16032,UUEE,ULLI
16033,CYYJ,CYVR
16034,KSMF,KLAS
16035,KLDJ,KEWR
16036,KPAO,KHAF
16037,LIEE,LIRF
16038,KLHM,KAUN
16039,KSEE,KRNM
16040,K61B,K1G4
16041,KSEA,KABQ
16042,LSZH,EDDL
16043,EGCC,LEBL
16044,KMSP,KDEN
16045,KFAT,KPHX
16046,K12J,KNSE
16047,KMIA,KDFW
16048,KMDW,KATL
16049,KSNA,KCRQ
16050,LHBP,LFMN
16051,KBNA,KSEA
16052,KSEA,KBNA
16053,LEIB,LEPA
16054,LEMD,LEBL
16055,KDEN,CYYC
16056,KSMF,KSNA
16057,EDDM,EDDH
16058,KSBP,KVIS
16059,KPVD,KORD
16060,EDDF,LPPT
16061,KLAX,KBOI
16062,37MN,KFCM
16063,KEWR,KATL
16064,KSGR,KDAL
16065,KDEN,KABQ
16066,KOKM,KRVS
16067,EKYT,EKCH
16068,KSFO,KSEA
16069,KSEA,KPDX
16070,KPNS,KATL
16071,KCLT,KDFW
16072,KOAK,KPHX
16073,LEPA,LEMG
16074,KORD,KMSP
16075,KHIO,OR28
16076,MI56,MI35
16077,KDEN,KSEA
16078,KSEA,KBOI
16079,KAUS,KFLL
16080,KSMF,KSEA
16081,KLAX,KATL
16082,KCVG,KMCO
16083,KFNL,KAPA
16084,KBNA,KDEN
16085,LEMD,LEBL
16086,KBWI,KDTW
16087,SBRJ,SBSP
16088,EFHK,EKCH
16089,EGPH,LEMG
16090,KPHL,KMCI
16091,04TX,KDFW
16092,KAPA,25CD
16093,KDPA,59IL
16094,LOWW,LEMD
16095,KORD,KSEA
16096,LEPA,LEIB
16097,LSZH,LEMD
16098,KDEN,KHHR
16099,SPJC,KMIA
16100,KRNT,KS50
16101,KPHL,KBKL
16102,KIAD,KTEB
16103,EDDM,LOWW
16104,CYVR,CYYC
16105,EDDS,LOWW
16106,KMDW,02XS
16107,KSNA,KDFW
16108,KHOU,KATL
16109,0PA6,KPHL
16110,LEMG,LEPA
16111,EDDK,LOWW
16112,KJVL,KSBM
16113,EYKA,EPWA
16114,KFAT,KSLC
16115,KMCI,KMSP
16116,KAPC,KVNY
16117,KDEN,KSNA
16118,EGLL,LIML
16119,KLOU,64KY
16120,KRDU,KCLT
16121,KSTL,KMSP
16122,KSAN,KHHR
16123,KHPN,KAPA
16124,KSEA,KSAN
16125,ENZV,ENGM
16126,KIAD,KMDW
16127,KLAS,KOAK
16128,KPHX,KDTW
16129,KATL,KPHX
16130,WA67,19WA
16131,SBRJ,SBBR
16132,EDDL,EDDM
16133,KBNA,KM33
16134,KCNO,KRAL
16135,KORD,KDCA
16136,KIAH,KABQ
16137,K5C1,TE13
16138,KBJC,KCOS
16139,KGSO,KATL
16140,KUAO,K7S9
16141,LEBL,EHAM
16142,KDFW,KSAT
16143,KSEA,KBOI
16144,KSFO,KSAN
16145,KDEN,KTEX
16146,LEPA,LEBL
16147,KLAX,KSAT
16148,KPAN,KPHX
16149,KFAT,KLAX
16150,KSFF,KCOE
16151,KDEN,KSJC
16152,KAUS,KLAS
16153,LFPO,LIML
16154,LEMG,EHRD
16155,CPN8,CLC2
16156,KBOI,KSJC
16157,KATL,KDAL
16158,OTHH,VABB
16159,KHOU,KTUL
16160,KOKC,KDFW
16161,LSZH,LSGG
16162,KIAH,KLAX
16163,LIMC,LIBD
16164,KBLI,KPAE
16165,KDEN,KSAN
16166,KSEA,KDTW
16167,KSJC,KHIO
16168,KRDU,KPHL
16169,KORD,KIAD
16170,KSMF,KSEA
16171,KVNY,KSNA
16172,KMCI,KMIA
16173,KOAK,KLAX
16174,KCLT,KLAS
16175,KEWR,KPDX
16176,KFLL,KDEN
16177,EDDM,EDDL
16178,CYUL,KLGA
16179,KATL,KDEN
16180,KTYS,KORD
16181,KDEN,KFAT
16182,KSEA,KATL
16183,LPFR,EGSS
16184,KLAX,KDFW
16185,KVIS,KL73
16186,KSLC,KOAK
16187,KMYF,KRNM
16188,KAUS,KIAD
16189,KPDK,KTEB
16190,KSJC,KPDX
16191,LEPA,LEIB
16192,KDEN,KBUR
16193,KIAD,KFAF
16194,KLAX,KSEA
16195,KDEN,KATL
16196,KTYS,KBNA
16197,KSFO,KLAS
16198,KFUL,KCRQ
16199,CYYZ,KLAX
16200,KAUS,KLAS
16201,KGSO,KDTW
16202,KLAS,KLAX
16203,KBOS,KCLT
16204,KSEA,02XS
16205,EDDB,LEMD
16206,LIEE,LIME
16207,KBOI,1ID4
16208,KDFW,KRDU
16209,KBNA,KCLT
16210,KMIA,KBOS
16211,KDFW,KLAX
16212,KPHX,KMCI
16213,KCLT,KLGA
16214,LEPA,EDDB
16215,VABB,OTHH
16216,KOAK,KBOI
16217,KSJC,KPHX
16218,KFFZ,KA39
16219,KSEA,CYVR
16220,KFXE,KOPF
16221,KSMF,KPHX
16222,KMDW,KATL
16223,LHBP,EPWA
16224,ULLI,UUWW
16225,CYNJ,CZBB
16226,KPSP,KMYF
16227,LEIB,EHAM
16228,KCRQ,KMYF
16229,KDFW,KMSP
16230,KIAH,KDFW
16231,KLAX,KLAS
16232,KTUS,KPHX
16233,KU77,KU14
16234,KDFW,KFLL
16235,KSAT,KDFW
16236,KABE,KAFW
16237,LEMD,LEPA
16238,KSKA,KSEA
16239,KSEA,35OR
16240,KATL,KSDF
16241,KBRY,KLOU
16242,KVNY,KTOA
16243,KAUS,KDCA
16244,KMCI,KIAD
16245,KBOS,KPSM
16246,EBMB,LEMD
16247,EGLL,LEMD
16248,KDTW,KPVD
16249,KDCA,KDFW
16250,KLAS,KSAN
16251,KPTK,KD95
16252,CYYC,CYYZ
16253,EFHK,EFOU
16254,VOBL,OBBI
16255,KATL,KTYS
16256,UAAA,LTBA
16257,KCLT,KFLL
16258,KHIO,KSPB
16259,LIRF,LEMD
16260,EDDK,EDDB
16261,KSEA,PANC
16262,EDDF,LEMD
16263,KBNA,KPHX
16264,KHPN,KLUK
16265,KVNY,KUDD
16266,KAUS,KDFW
16267,KSBA,KPHX
16268,KDEN,CYYZ
16269,KSDF,KATL
16270,KISP,KBWI
16271,KARB,8MI9
16272,KLAX,KPDX
16273,KLAS,KLAX
16274,KDCA,KBNA
16275,KPAN,KDVT
16276,KJFK,KMIA
16277,KDTW,KCMH
16278,EDDH,EDDK
16279,KSNA,KPHX
16280,LEIB,LEBL
16281,KBOS,KFLL
16282,KSBP,KPHX
16283,LIML,LEMD
16284,6FD7,KSRQ
16285,LFPO,LEMD
16286,KPOU,KHPN
16287,KSTL,KMDW
16288,KSMF,KLAX
16289,KDFW,KATL
16290,KCLT,KCMH
16291,KABQ,KLAX
16292,KDFW,KDEN
16293,KSLC,KLAX
16294,KLGA,KATL
16295,KMDW,KGYY
16296,KDEN,KLAS
16297,KSFO,KBOS
16298,KTVL,KAUN
16299,KMIA,KSTL
16300,KRDU,02XS
16301,KSEA,KORD
16302,KDFW,KORD
16303,KSMF,KSEA
16304,KDFW,KBUR
16305,EGLL,LIML
16306,KSLC,KORD
16307,EPMO,LIRA
16308,KSFO,KTUS
16309,KDEN,KLAX
16310,KBED,KOWD
16311,KSTL,KCLT
16312,KOAK,KSNA
16313,KAUS,KIND
16314,KSAN,KDFW
16315,KSMF,KPHX
16316,LSGG,LFPB
16317,KCLT,KSDF
16318,KSRQ,KLGA
16319,KDTO,K1F0
16320,KSEA,KORD
16321,KSLC,KLAS
16322,KDFW,KFAT
16323,EFHK,EFKU
16324,KLGB,KPHX
16325,KPHX,KDAL
16326,KSGF,KDFW
16327,LPFR,EHEH
16328,KSTL,KDFW
16329,KSQL,KLVK
16330,KSAT,KMDW
16331,EDDH,EDDL
16332,KHPN,KTTN
16333,LEPA,LEBL
16334,KEMT,KCCB
16335,KBOS,KCMH
16336,KLGA,KBNA
16337,KTIW,KBLI
16338,PANC,98AK
16339,KATL,KSAT
16340,KLAS,KPHX
16341,KFFZ,KIWA
16342,KCRQ,KLAS
16343,KONT,KSFO
16344,KMDW,KPHX
16345,ESGG,LEBL
16346,KPHX,KSTS
16347,KDFW,KJFK
16348,KJFK,KBUF
16349,KMVY,KBOS
16350,KLAS,KMDW
16351,KOAK,KSEA
16352,KSNA,KORD
16353,KSMF,KLAX
16354,KMSP,KDTW
16355,KBWI,KCLE
16356,EDDM,EDDF
16357,KFLL,KMSP
16358,LTFJ,LTFE
16359,KMDT,KCLT
16360,KPHL,KSDF
16361,KDFW,02XS
16362,KLGA,KMDW
16363,ENGM,EKCH
16364,KMIA,KORD
16365,KDFW,KPSP
16366,KDEN,KPHX
16367,KOAK,KBWI
16368,LEMD,LEIB
16369,KRDU,02XS
16370,KDFW,KDCA
16371,KDTW,KORD
16372,KSEA,KSJC
16373,KSDL,KIWA
16374,KCVG,KDTW
16375,OMSJ,UAAA
16376,KCMA,KSBA
16377,KATL,KMSP
16378,KROC,KIAD
16379,KLAS,KJFK
16380,KDEN,KSFO
16381,KBOS,KMCO
16382,EIDW,EHAM
16383,YSSY,YBCG
16384,KORD,KDEN
16385,KMCI,KDAL
16386,EDDM,EDLW
16387,LFPO,GMMN
16388,KMVY,KBOS
16389,KBOI,KDFW
16390,LIBD,LIMA
16391,LSZH,LHBP
16392,EDDL,LOWW
16393,LTAC,LTFJ
16394,KSLC,KLAX
16395,LPPR,LFPO
16396,KABQ,NM74
16397,MN45,KFCM
16398,KSUS,KAPA
16399,LEMD,LEVX
16400,KDFW,KCMI
16401,VABB,WSSS
16402,ENBR,ENHD
16403,KPHX,KSJC
16404,KSEA,KLAX
16405,KLAX,KSEA
16406,KSBA,KVNY
16407,KFAT,KSFO
16408,KLVK,63CN
16409,OMDB,UAAA
16410,KMSP,KBWI
16411,KPHL,KRDU
16412,EDDH,LOWW
16413,OG02,KHIO
16414,KIAD,KTEB
16415,KCVG,KCLT
16416,KBOI,KPHX
16417,KBFI,WA09
16418,KCLT,KDCA
16419,KMNN,KOSU
16420,KTEB,KCDW
16421,KSRQ,KIAD
16422,LEMH,LEBL
16423,KLAX,KSJC
16424,KBGM,KDTW
16425,KSAN,KORD
16426,K12J,KNSE
16427,KSFO,KPHX
16428,KIAD,KCLT
16429,KSNA,KSTS
16430,KONT,KRFD
16431,KMSP,KCMH
16432,LSZH,LOWW
16433,KSEA,KTUS
16434,EDDP,LIMC
16435,VIDP,UUEE
16436,8MI9,KYIP
16437,KBUF,KIAD
16438,EDDH,EDDM
16439,KHGR,KBWI
16440,KDFW,KOKC
16441,KMIA,KATL
16442,KATL,KDTW
16443,KATW,KMSP
16444,KBFL,KSMO
16445,SBRJ,SBGR
16446,KDAL,KTUL
16447,LEMD,LPPT
16448,KATL,KTUL
16449,KNZY,KNUC
16450,KAUS,KMIA
16451,CYYC,CYUL
16452,EGAC,EGLC
16453,KPHX,KSEA
16454,KSFO,KLAX
16455,ENZV,ENBR
16456,KSAN,KMCI
16457,KSGH,KLUK
16458,KTYS,KATL
16459,SBBR,SBRJ
16460,KPHL,KPHX
16461,KDEN,KOAK
16462,KBUR,KLGB
16463,UUEE,UWKD
16464,KPDX,KLAX
16465,KSTS,KOAK
16466,LEMD,LEAL
16467,KMSP,KATL
16468,KFXE,KOPF
16469,KIND,KMSP
16470,KCVG,KIAD
16471,KDFW,KMCO
16472,KMCI,KLGA
16473,KEWR,KCLT
16474,KLGB,KCNO
16475,KONT,KPHL
16476,KLAS,KFAT
16477,KEMT,KCNO
16478,ULLI,UUDD
16479,KDAL,KSAN
16480,EDDK,EPKT
16481,ESSB,ESMS
16482,KSTL,KATL
16483,KDTW,KATL
16484,SBCO,SBGR
16485,KMIA,KPHL
16486,KARB,36MI
16487,LPPT,LFPG
16488,EDDF,LOWW
16489,KCGZ,KCHD
16490,EGLL,LEBL
16491,KCYO,KLCK
16492,KLAS,KPHX
16493,EDDB,LEPA
16494,ENBR,ENZV
16495,KSTL,KIAD
16496,EDDM,LSZH
16497,LIMC,EGLL
16498,KFTW,7XS1
16499,KVNY,KCMA
16500,KPHL,KMSP
16501,KL70,KCMA
16502,LEMD,LIRF
16503,KSMF,KORD
16504,KMDW,KDTW
16505,KDEN,KIAD
16506,KOMA,KDFW
16507,KSTS,KLAX
16508,KMIA,02XS
16509,KPHL,VG42
16510,KFNL,KBKF
16511,KRNM,KCRQ
16512,KORD,CYUL
16513,KSTL,KLGA
16514,KCPS,7IS2
16515,KPHX,KLAS
16516,KATL,KCMH
16517,EDDH,LOWW
16518,SBRJ,SBKP
16519,KEWR,KFLL
16520,CYYZ,CYYC
16521,KDCA,KECP
16522,KBOS,MA55
16523,KRNM,KMYF
16524,K1G4,KLAS
16525,KSNA,KOAK
16526,LTFJ,OMDB
16527,KSFO,KSNA
16528,KSRQ,KJFK
16529,UUEE,ULLI
16530,KLGA,KDCA
16531,EFKU,EFHK
16532,KDEN,KDTW
16533,6CL8,KMCC
16534,LEPA,LSZH
16535,KATL,KRDU
16536,KPOC,KEMT
16537,TXKF,KTEB
16538,NZAA,NZWN
16539,KDTW,56WI
16540,KLAS,KSNA
16541,KMSP,KMCI
16542,KBOS,KBNA
16543,KPHL,KSDF
16544,EDDH,EDDF
16545,KSJC,KSTL
16546,KLAF,KCFJ
16547,KLOU,3IN6
16548,EGCC,EBBR
16549,KF70,KPOC
16550,NZTG,NZAA
16551,CYYZ,CYVR
16552,KDFW,KABQ
16553,KCPS,7IS2
16554,LEMD,LSGG
16555,SBBR,SBGR
16556,EDDK,EPKT
16557,KMCI,KPHX
16558,KSNA,KPHX
16559,2PN7,0PN0
16560,KWHP,KSBA
16561,KDTW,CYYZ
16562,ENGM,ESSA
16563,KPDX,KDAL
16564,KDCA,KTYS
16565,KCCR,KBUR
16566,KMSP,KRDU
16567,KHOU,KMDW
16568,KONT,KDFW
16569,KPHX,KBOS
16570,KDFW,KSRQ
16571,KMSP,KLGA
16572,EPGD,ENGM
16573,LFPO,LFCR
16574,KVNY,KCNO
16575,KMKE,KDAL
16576,KAVQ,KFFZ
16577,KLAS,KVNY
16578,KATL,KDEN
16579,KDEN,KORD
16580,KMIA,KCMH
16581,KBOS,KPHL
16582,SBMT,SDNI
16583,KSDF,KORD
16584,KMCI,KBNA
16585,KL26,KF70
16586,KPHL,KCLT
16587,KSAN,KSJC
16588,KSJC,KSAN
16589,KDEN,KPSP
16590,KSTL,44IS
16591,UUEE,EPWA
16592,KSMF,KSAN
16593,NZHN,NZWN
16594,KSNA,KCMA
16595,KPWK,KCMH
16596,KDFW,KBTF
16597,KDTW,KCLT
16598,EGLL,LSZH
16599,KHAF,KPAO
16600,KPHX,KORD
16601,KHHR,KLGB
16602,KPRC,42AZ
16603,KDFW,KBOS
16604,KPDX,KLAS
16605,KDEN,KMSP
16606,KLAX,KBNA
16607,CYYZ,CYUL
16608,KSFO,02XS
16609,OMDB,VABB
16610,KLGA,KORD
16611,KATL,KIAD
16612,KMIA,KBOS
16613,KALN,KSET
16614,64OR,KVUO
16615,NZCH,NZAA
16616,8OR6,KTTD
16617,KHMT,KSEE
16618,GOBD,GGOV
16619,NZNV,NZWN
16620,KMSP,KDFW
16621,KDEN,KPDX
16622,KDFW,KVPS
16623,LEMD,LIML
16624,KADS,KGVT
16625,NZAA,NZCH
16626,KLAS,KCMA
16627,KDTW,KMSP
16628,KATL,KBOS
16629,KSAT,KHDO
16630,KSEA,KPHL
16631,KTYS,KATL
16632,KDEN,KLGA
16633,GOGG,GOBD
16634,KADS,KSAT
16635,KPDX,KMDW
16636,KSTL,KDFW
16637,KBOS,KLGA
16638,KATL,KSRQ
16639,KRDU,KDTW
16640,KPWK,KTEB
16641,KPHX,KBUR
16642,KCOS,KBJC
16643,KSMF,KSAN
16644,KSQL,KTRK
16645,KSMO,KOXR
16646,KATL,KSNA
16647,KPHL,KATL
16648,LFPG,EPWA
16649,KLGA,KMIA
16650,MA72,KBOS
16651,KPHL,KPVD
16652,KAUS,KSGR
16653,KECP,KATL
16654,LIRF,LOWW
16655,KSEA,KBOI
16656,CYUL,CYYZ
16657,LOWW,LSZH
16658,KAWO,KPAE
16659,KJFK,SKBO
16660,KSFO,KPHX
16661,KSDF,KDFW
16662,KDBQ,KORD
16663,KORD,KPVD
16664,KBJC,CO07
16665,KDFW,KONT
16666,KMIA,KDCA
16667,KCMH,KMDW
16668,CYKA,CYYC
16669,KPHX,KSEA
16670,SBRJ,SBSP
16671,KDAL,KSNA
16672,KMKE,KSDL
16673,KCMA,KSMO
16674,KNSE,K12J
16675,KSNA,KSEA
16676,KLGA,KBDR
16677,KATL,KATW
16678,KSAN,KPHX
16679,KADS,KF69
16680,KSFO,KORD
16681,KPSP,KPHX
16682,OTHH,VIDP
16683,KVNY,CL46
16684,KATL,KFLL
16685,EDDH,EDDF
16686,KPHX,KONT
16687,KDTW,KBUF
16688,LEMD,LFPO
16689,KMSP,KMKE
16690,LFBO,LFPO
16691,KONT,KPHX
16692,KGRR,KDTW
16693,EPWA,LOWW
16694,KATL,KMCI
16695,9PS2,KAXQ
16696,KBNA,KMIA
16697,KRVS,OK13
16698,KPHX,KVNY
16699,KDCA,KLGA
16700,KCVG,KDCA
16701,CYYZ,CYOW
16702,KLAX,KPHX
16703,KDFW,KSPI
16704,ULLI,UUEE
16705,KDTW,KIAD
16706,KADS,KF69
16707,KIAH,KDAL
16708,KOMA,KAPA
16709,KATL,KDCA
16710,KFLL,KORD
16711,KSEA,KDFW
16712,KBOS,MA55
16713,KSFO,KSAN
16714,KFFZ,KCGZ
16715,KAUS,KATL
16716,CYYC,CYVR
16717,EDDM,LJLJ
16718,KVNY,KLAS
16719,KFTW,TX15
16720,KMSP,KMSN
16721,KGRB,KMSP
16722,KDFW,KABQ
16723,KORD,KSTL
16724,KHPN,KISP
16725,KLGB,KL70
16726,KMSP,KORD
16727,KDFW,KBNA
16728,KBFI,KAWO
16729,KMLE,KHNR
16730,KSDF,KPDX
16731,KADS,KF69
16732,KORD,KDEN
16733,NZWN,NZCH
16734,KPHX,KFAT
16735,KSDL,KHND
16736,KPHL,KORD
16737,KLAS,KATL
16738,KJFK,KHHR
16739,KSNA,KAPC
16740,KPDX,KSEA
16741,KCVG,KATL
16742,37AZ,KIWA
16743,LEMD,LEPA
16744,KFLL,14FA
16745,KOPF,KFXE
16746,KDTW,KBOS
16747,KMIA,KJFK
16748,KLAX,KPDX
16749,KPHL,KROC
16750,EYKA,EGSS
16751,KSTL,KBNA
16752,KDFW,KATL
16753,KPHL,KATL
16754,LFPG,ESGG
16755,LIRF,LFPG
16756,KPHX,KDFW
16757,KMGY,77OH
16758,KSJC,KSEA
16759,NZNV,NZCH
16760,KPDK,KDAL
16761,KMKC,KPDK
16762,KECP,KATL
16763,KCVG,KVPS
16764,SBVT,SBRJ
16765,KORD,KABQ
16766,KOMA,KDCA
16767,KDFW,KLAS
16768,PANC,KORD
16769,KVNY,KOPF
16770,KADS,KHQZ
16771,KDEN,KBTF
16772,KBOS,KATL
16773,KCMI,KORD
16774,KSMF,KSEA
16775,KSEA,KPHX
16776,OR38,OR28
16777,KMDW,KDTW
16778,CYYJ,CYYC
16779,LEBL,LFPO
16780,KLGA,KCMH
16781,LHBP,LPPT
16782,KMVY,KBOS
16783,KSRQ,KORD
16784,KDWA,KSAC
16785,KDTW,KPIT
16786,KBWI,KATL
16787,KOSU,KUYF
16788,KPHX,KMCI
16789,KRDU,KBWI
16790,KPDX,KORD
16791,WN51,KBLI
16792,LPPT,LPPR
16793,KFAY,KATL
16794,KCVG,KMIA
16795,KIAD,KLGA
16796,KMSP,KBOS
16797,KPHX,KSNA
16798,KIND,KORD
16799,KDFW,KDEN
16800,KDFW,KUTA
16801,KAPA,KMKC
16802,KDAY,KDTW
16803,KSMF,KSEA
16804,ESSB,ESSN
16805,KBOS,KJFK
16806,TJSJ,KMIA
16807,KDTW,NY34
16808,37CN,KOAK
16809,KORD,KPHX
16810,KBUF,KBOS
16811,NZPM,NZAA
16812,CYXE,CYYZ
16813,KMIA,KBWI
16814,KATL,KIAD
16815,KDFW,KMCI
16816,KMKE,KDTW
16817,KDFW,KLGA
16818,LPFR,EGCC
16819,KPHL,KDTW
16820,EDDM,EDDV
16821,EDDL,LEMD
16822,ENGM,EPWA
16823,LEAL,EHEH
16824,LIPE,LIBR
16825,KABQ,KLAX
16826,KFHR,WA68
16827,KPDK,KBNA
16828,KDFW,KPHX
16829,KTOA,KSNA
16830,KONT,KSEA
16831,LEMG,EIDW
16832,KMMU,KCLT
16833,TJIG,KFLL
16834,KNSE,KGZH
16835,KLAX,KORD
16836,KJFK,KFLL
16837,LFPG,LOWW
16838,KSEE,KF70
16839,KPNS,KATL
16840,KDEN,KORD
16841,LPMA,LPPT
16842,KE16,KRHV
16843,KMSP,KPDX
16844,KLAN,KDTW
16845,KDAY,KATL
16846,KBOI,KU70
16847,KLAS,KTUS
16848,LPFR,EIDW
16849,KRHV,KE16
16850,KRDU,KATL
16851,KLAX,KDFW
16852,KMSP,KJFK
16853,KMSP,KEWR
16854,TJSJ,KMIA
16855,KPHX,KSEA
16856,KMQY,KSUS
16857,KSTL,KCLT
16858,KRVS,2OK4
16859,KPDK,KHPN
16860,KLGB,KLAS
16861,KSNA,KOAK
16862,KDFW,KMIA
16863,SBBR,SBSP
16864,KDTW,KFLL
16865,KSJC,KAPC
16866,KRHV,KWVI
16867,KJFK,TXKF
16868,KDPA,KJVL
16869,LKPR,LEMG
16870,EHAM,EHEH
16871,KSAT,17TE
16872,KFLL,KATL
16873,KDFW,KSEA
16874,KBOS,KDCA
16875,KORD,KDTW
16876,KTEB,KOPF
16877,KPHX,KSFO
16878,KCRQ,KRNM
16879,KLNK,KMSP
16880,KBED,KTEB
16881,LSZB,LSZG
16882,KONT,KDAL
16883,KRNT,KPAE
16884,EDDB,EDDF
16885,EGGW,EGPH
16886,KAUS,KORD
16887,KLAX,KFLL
16888,ULLI,UUEE
16889,KATL,KMDW
16890,KAUS,KJFK
16891,KPAO,CA66
16892,KSEA,KGEG
16893,KLAX,KSFO
16894,WA49,KSEA
16895,KPAE,KBLI
16896,KDEN,KSEA
16897,KMSN,KDTW
16898,K1G4,KLAS
16899,KNYL,KPHX
16900,KMSP,KIAD
16901,KLAX,KJFK
16902,KPHX,KPDX
16903,LEMH,LEPA
16904,LFBD,LFML
16905,LEBL,LEMD
16906,KHOU,02XS
16907,KMIA,SPJC
16908,KDTW,KLGA
16909,KORD,CYYZ
16910,K1G4,KLAS
16911,KSJC,KSAN
16912,LHBP,EDDS
16913,K5C1,TE13
16914,UKBB,EDDP
16915,KPHX,KATL
16916,KMSP,KSTL
16917,KDFW,KOMA
16918,KLAS,KDFW
16919,KORD,KDFW
16920,NZHN,NZCH
16921,SBCO,SBRJ
16922,KHMT,KF70
16923,KSAN,KSFO
16924,KHPN,KTTN
16925,KPHL,KATL
16926,LEMG,EGCC
16927,KFLL,KIAD
16928,KSDL,KRYN
16929,KDEN,KJFK
16930,KSNA,KLAS
16931,KHOU,KLAX
16932,KORD,KABE
16933,KPDX,KSEA
16934,KLAS,KSNA
16935,KONT,KPDX
16936,KMIA,KMSP
16937,KSAT,KDAL
16938,KMSP,KSJC
16939,KLAX,KSEA
16940,1TN0,KM54
16941,KORD,KALB
16942,KHEF,KCJR
16943,KMDW,KBNA
16944,KLGA,KORF
16945,KDFW,KPHL
16946,EDSP,EDTQ
16947,LEMH,LEPA
16948,KBFI,4WA4
16949,KPHX,KTUL
16950,KWHP,KCMA
16951,CYVR,CYYZ
16952,KSWF,KPHL
16953,LFPO,LFBO
16954,KLOM,KTEB
16955,KAPC,KSAN
16956,LPPD,LPPT
16957,EPMO,LEBL
16958,NZCH,NZAA
16959,LEMD,LEIB
16960,KPDX,KOAK
16961,YMML,YMHB
16962,KEWR,KBUF
16963,KLAX,KATL
16964,KBNA,KATL
16965,KBUR,KPHX
16966,CYUL,CYYZ
16967,LPPR,LSGG
16968,KCLT,KFAF
16969,KORF,KIAD
16970,KSAN,KMDW
16971,KD95,KPTK
16972,KSJC,KMDW
16973,EPKK,LIRA
16974,KSBD,KEMT
16975,KOMA,KMSP
16976,KSEA,KSFO
16977,KORD,KSAT
16978,KLAS,KMSP
16979,KOPF,KIAD
16980,88MN,KFCM
16981,KBDN,KHIO
16982,EDDH,LEPA
16983,KE16,KRHV
16984,KATL,KOKC
16985,KAFW,KORD
16986,KSNA,KSBA
16987,NZCH,NZNV
16988,KCGF,KAGC
16989,KPHX,KORD
16990,LFBD,LFML
16991,KPHL,KALB
16992,KTUL,KDEN
16993,EHAM,LEBL
16994,KORD,KALB
16995,LIMC,LICJ
16996,KPRC,KCMA
16997,KMYV,KMCC
16998,KOMA,KLAS
16999,LHBP,EDDP
17000,KSEA,6WA3
17001,LEIB,LEPA
17002,KDFW,KHSV
17003,CYVR,CYYJ
17004,CYQQ,CYYC
17005,LSZM,EDDP
17006,KNSE,KMVC
17007,KSTL,02XS
17008,KDCA,KSTL
17009,KATL,KDFW
17010,KEWR,KDFW
17011,KPAE,80WA
17012,YMML,YPPH
17013,KBNA,KDEN
17014,KSJC,KMDW
17015,LFPO,LEAL
17016,LFNR,LFPO
17017,KPHX,KORD
17018,KBWI,KLAS
17019,MI77,7MI7
17020,KTUL,KADS
17021,KCVG,KORD
17022,KA39,KFFZ
17023,KSAN,KBNA
17024,LIMC,LOWW
17025,EGGW,LIMC
17026,KMIA,KRDU
17027,KSEA,KFAT
17028,KMKE,KORD
17029,UUEE,ULLI
17030,KSTL,KMKE
17031,KSFO,KLAS
17032,KTUS,KPHX
17033,KFLL,KDTW
17034,KPDX,KSFO
17035,KLAS,KSJC
17036,KTPA,FA24
17037,CYYZ,KBOS
17038,NZAA,NZOI
17039,SBRJ,SBSP
17040,LEMG,EGBB
17041,KSNA,KPDX
17042,KDTW,AL18
17043,KPHX,KORD
17044,KONT,KLAS
17045,KORD,KBNA
17046,EGAA,EGNX
17047,LIMF,LEMD
17048,KATL,KBNA
17049,ENVA,ENJB
17050,KUAO,K7S9
17051,OMDB,OPMT
17052,KMSN,KORD
17053,KMDW,KLAX
17054,KSLC,KORD
17055,KATL,KORF
17056,KDFW,KSLC
17057,KSEA,KSAN
17058,YMML,YPAD
17059,KPIT,KIAD
17060,CYYZ,KIAD
17061,CYUL,KCLT
17062,KATL,KHSV
17063,KBOS,KMIA
17064,KBNA,02XS
17065,LIMC,LIRF
17066,KORF,KPHL
17067,EPWA,EBBR
17068,KBFI,KS50
17069,LFPO,LIRF
17070,KSTL,KPHL
17071,LEPA,ESSA
17072,KATL,KPHL
17073,KLAS,KORD
17074,KLAX,KSFO
17075,KDFW,KPHL
17076,LEIB,EDDL
17077,KMSP,KPHL
17078,KECP,KDFW
17079,KRDU,KCLT
17080,CYYZ,KORD
17081,EBMB,LFPG
17082,WMKK,WSSS
17083,KSTL,KORD
17084,KLAX,KLAS
17085,KMCI,KMDW
17086,VHHH,RPLL
17087,KPHL,KTEB
17088,LIPE,LIEE
17089,KBUR,KOAK
17090,CYYJ,CAM3
17091,EGGW,LSZM
17092,EIDW,LIMC
17093,LPPT,LFPO
17094,KONT,KPHX
17095,CYYJ,CYVR
17096,OMDB,OERK
17097,KORD,KDCA
17098,KSNA,KDFW
17099,KSTL,KLAS
17100,KCRQ,KFUL
17101,KFLL,KATL
17102,CYYZ,KLGA
17103,KATL,KPHL
17104,KAUS,KDFW
17105,LFMN,LFPO
17106,KEDU,KSAC
17107,KPHX,KSEZ
17108,KSJC,KLAX
17109,EINN,EIDW
17110,KFNL,KAPA
17111,KJVL,KDPA
17112,KCLT,KRDU
17113,EHAM,LPPR
17114,KLAX,KPDX
17115,ULMM,UUEE
17116,LEMG,EBBR
17117,KBUR,KSJC
17118,KSTL,KMIA
17119,KATL,1AR1
17120,KMIA,02XS
17121,LPPR,LFPO
17122,EPWA,LFPG
17123,KATL,KHPN
17124,KPHX,KSAN
17125,KDEN,KSEA
17126,KSFO,KLAX
17127,KSTL,KRDU
17128,KLAS,KPHX
17129,PAMR,PABG
17130,KPSP,KPHX
17131,KLAX,KSNS
17132,KTYS,KPDK
17133,EHAM,EPKK
17134,LPPT,LFPO
17135,KPHL,KMIA
17136,CYCD,CYVR
17137,KPHX,KLAX
17138,KDAL,KATL
17139,EGAA,EGPH
17140,EGPH,EGBB
17141,KATL,KLGA
17142,PAEN,PANC
17143,KSQL,KLVK
17144,KONT,KDEN
17145,NZCH,YBBN
17146,KEWB,KBED
17147,KDEN,KATL
17148,EBBR,LDZA
17149,SBVT,SBKP
17150,KDFW,KTUL
17151,KHYA,KBOS
17152,KCLT,KIAD
17153,KBNA,KBOS
17154,KPWK,KDPA
17155,KVPS,KATL
17156,EPGD,ESGG
17157,KATL,KLAX
17158,LEBL,EDDP
17159,NZPM,NZCH
17160,EGLL,LOWW
17161,KPHX,KRDU
17162,KSBA,KLAX
17163,1TN0,KBNA
17164,EHAM,LOWW
17165,KATL,KBWI
17166,KHSV,KIAD
17167,KDBQ,KPVB
17168,KEMT,KCPM
17169,KSDF,KIAD
17170,ENZV,EKCH
17171,KATL,KDNN
17172,KMSP,KDCA
17173,KLVK,KSQL
17174,KIND,KIAD
17175,KLAX,KDAL
17176,KCMA,KVNY
17177,KMIA,KDFW
17178,KMHR,KSTS
17179,KORD,KRDU
17180,NZTG,NZWN
17181,KCRQ,KSNA
17182,KSAN,KSEA
17183,KLAS,KSFO
17184,KDEN,KSBP
17185,KABQ,KORD
17186,KATL,KMIA
17187,KDEN,KORD
17188,CYXE,CYYC
17189,LIME,LIBR
17190,ESSA,EFHK
17191,LEBL,LEPA
17192,KHPN,KORD
17193,EPWA,EDDH
17194,KFCM,KANE
17195,KSRQ,KCMH
17196,KLGA,KSRQ
17197,KATL,KDAY
17198,KBNA,KDFW
17199,NZAA,NZCH
17200,EHAM,EPWA
17201,89LL,KLOT
17202,KMKE,KDFW
17203,KLAX,KPHL
17204,KPHL,KORD
17205,KMSP,KOMA
17206,KPHX,KMDW
17207,KABQ,02XS
17208,KJFK,KMIA
17209,EINN,EIDW
17210,KAUS,KDAL
17211,KBWI,02XS
17212,KCLT,KATL
17213,LTFJ,EDDK
17214,KORD,KBOS
17215,UUWW,UUBW
17216,EPWA,ESGG
17217,KCMH,KORD
17218,LEMD,LEMH
17219,KSEA,KONT
17220,KBOI,KORD
17221,KLAS,KSNA
17222,EHAM,EGLL
17223,KATL,KORD
17224,NZCH,YSSY
17225,KSAN,KDFW
17226,LFPG,LIPZ
17227,KPVU,UT99
17228,KBFI,KORS
17229,KSEA,KBOI
17230,KCLT,KCMH
17231,KSLC,KSDL
17232,EGBB,EGAC
17233,KORD,KORF
17234,KSMO,KCNO
17235,EHAM,LIRF
17236,KDEN,KMSP
17237,EDDF,LDZA
17238,KDFW,KSFO
17239,CYCD,CYYC
17240,KONT,KRDU
17241,KBNA,KDTW
17242,EGLL,EGAC
17243,KAUS,KDEN
17244,KOMA,KLAS
17245,KBVI,32PN
17246,KVPC,KFTY
17247,LFPG,LTBA
17248,KDAL,KPHX
17249,LPPT,LFPO
17250,KLAF,3IN2
17251,ENGM,EDDV
17252,KCVG,KMDW
17253,LEPA,LOWW
17254,LIRA,LROP
17255,KRDU,KLGA
17256,KSDF,KDEN
17257,WS78,KMSP
17258,KSEA,KPDX
17259,KCNO,KLGB
17260,KLAX,KMCI
17261,EHAM,LIPZ
17262,KMVY,KJFK
17263,KLGA,KCLT
17264,KAUS,KBWI
17265,KCVG,KDEN
17266,LFKJ,LFML
17267,EGGW,EPWA
17268,KPHX,KSNA
17269,KPNS,KDFW
17270,KNSE,KGZH
17271,LEBL,LEAL
17272,LFPG,EGSS
17273,KUAO,K7S9
17274,KATL,KABE
17275,KOAK,KMDW
17276,CYYJ,CYYC
17277,KSTL,KDEN
17278,KSFO,KBOS
17279,KSMF,KBUR
17280,KDEN,KBOS
17281,EPWA,LIMC
17282,KHOU,KPHX
17283,KSRQ,KPHL
17284,CYWG,CYYC
17285,LIRA,LIPZ
17286,49NY,KHPN
17287,KSDF,KDFW
17288,KMIA,KHHR
17289,CZBB,CYCW
17290,KATL,KSAT
17291,KDUJ,KBWI
17292,KU77,KPVU
17293,KSJC,KLGB
17294,KPVD,KIAD
17295,KCLT,KDAL
17296,KSAT,KDEN
17297,KRNM,KMYF
17298,ENGM,ENZV
17299,EPWA,EDDL
17300,PANC,KSEA
17301,KSDF,KPDX
17302,KFXE,KOPF
17303,SBRJ,SBGR
17304,EIDW,LPFR
17305,KSNA,KORD
17306,KMDW,KBOS
17307,KDEN,KBWI
17308,EDDF,ESSA
17309,KBWI,KMDW
17310,EHAM,LFPG
17311,KMSP,KPHX
17312,KSAN,KMSP
17313,KSFO,KABQ
17314,KLAS,KBOS
17315,KSEA,KPHX
17316,KRNT,KPAE
17317,KCLT,KDCA
17318,KD95,KPTK
17319,CYYC,KDFW
17320,KATL,KGRB
17321,EHAM,EPGD
17322,KMDW,KFLL
17323,LFPG,LFBY
17324,KVNY,KOAK
17325,KHOU,KDAL
17326,KOAK,KLAX
17327,KAVQ,KFFZ
17328,CPN8,CYXU
17329,LEIB,LEPA
17330,KBFL,KPHX
17331,LEPA,LEIB
17332,KLAS,KBUR
17333,KFFZ,KCGZ
17334,LILB,LILO
17335,KDCA,KCLT
17336,EGGD,EGNT
17337,KISP,KTEB
17338,EHAM,LFBD
17339,KDFW,KDEN
17340,KGPI,KORD
17341,NZCH,NZWN
17342,ENGM,ESMS
17343,KCLT,KMIA
17344,KLAS,KCMH
17345,LFPB,EGGW
17346,UUWW,ULLI
17347,KCVB,K5C1
17348,KMDW,KDCA
17349,KSDL,KVNY
17350,KDEN,KPHL
17351,KCVG,KMIA
17352,KATL,KVPS
17353,KMIA,KLGA
17354,KDFW,KSTL
17355,KSFO,KSAN
17356,EHAM,EDDH
17357,KRHV,KE16
17358,KDCA,KMKE
17359,KORD,KHSV
17360,KHOU,02XS
17361,KCRQ,KSMO
17362,EHAM,LDZA
17363,LHBP,EDDB
17364,KPHL,KMSP
17365,EPWA,EHAM
17366,KSEA,KBLI
17367,EGJJ,EGNX
17368,80WA,KPAE
17369,KLAX,KORD
17370,PAMR,8AK6
17371,CYYJ,CYVR
17372,KMDT,KIAD
17373,WA49,KPDX
17374,KMIA,SKBO
17375,KSJC,KLAS
17376,KCLT,KHPN
17377,EDDF,EPWA
17378,KSFO,CYVR
17379,CYUL,CYYZ
17380,KBUU,WI69
17381,KLAS,KPDX
17382,SBVT,SBGL
17383,KC83,KLVK
17384,CYYZ,CYVR
17385,KSYR,KPHL
17386,KSFO,KDAL
17387,KPHN,KPTK
17388,EBMB,LIMC
17389,KORD,KATL
17390,KCLT,KLGA
17391,KFAT,KLAS
17392,KSAN,KSEA
17393,KSTL,KDTW
17394,EHAM,ESSA
17395,LFPG,EDDK
17396,KPHL,KIAD
17397,KSJC,KBOI
17398,KBOS,KATL
17399,KCFJ,KLAF
17400,KLAS,KCLT
17401,CYVR,CYYZ
17402,KHYI,1XA5
17403,KTYS,AL16
17404,KMDW,KMSP
17405,KMCI,KBOS
17406,KATL,KDEN
17407,KCLT,KSTL
17408,KSEA,KSFO
17409,EGPD,EGNX
17410,KDTW,KDCA
17411,KMIA,KPNS
17412,2OK4,KRVS
17413,KC16,KCPS
17414,LPPT,LFBO
17415,KLZU,KWDR
17416,GA53,K9A1
17417,KLAS,KMKE
17418,EPWA,ESSA
17419,KLAX,KPHX
17420,KGXY,KAPA
17421,KCRQ,KF70
17422,KSLC,KLAX
17423,KDFW,OK79
17424,KADS,KTKI
17425,KOAK,KPDX
17426,KABQ,KDFW
17427,LEBL,LEIB
17428,KCLT,KSRQ
17429,KATL,KDNN
17430,KTEB,KFTY
17431,KDTW,07PN
17432,KLAS,KLAX
17433,KCLT,KSTL
17434,KIND,KDTW
17435,KMSP,KSDF
17436,KLAX,KBFI
17437,KMHT,KIAD
17438,KEWR,KATL
17439,KSJC,KLAX
17440,KPVD,KATL
17441,KLAX,KCMH
17442,KHOU,KBWI
17443,KPDX,KORD
17444,KBWI,KORD
17445,OR28,64OR
17446,KMCI,KPHL
17447,0CL3,KSDM
17448,KCLT,KEWR
17449,KATL,KPNS
17450,KSLC,KLAX
17451,KORD,KSYR
17452,KATL,KCMH
17453,LFBO,LFSS
17454,KSNA,KCRQ
17455,KTYS,07KY
17456,KJFK,KMIA
17457,WMKK,WBKK
17458,KDCA,KORD
17459,EGGW,EPKK
17460,LEBL,EDDK
17461,EHAM,EDDB
17462,KLAX,KMSP
17463,KLGA,KCLT
17464,KORD,KLGA
17465,LFNR,LFKF
17466,SBCO,SBKP
17467,KMIA,KDAL
17468,KSEA,KGEG
17469,KPHX,KLAX
17470,KMDW,KPVD
17471,YMML,YPPH
17472,KEWR,KDTW
17473,KLAX,KSFO
17474,KCLT,KPHX
17475,EKCH,EKYT
17476,GA77,KRYY
17477,KTYS,KIAD
17478,KFLL,KORD
17479,KABQ,KBTF
17480,KPIT,KATL
17481,LEMG,EHAM
17482,KDAL,KPHX
17483,LSZH,LEBL
17484,LMML,EGBB
17485,KSLC,KJFK
17486,EHAM,LSGG
17487,KTUL,KLAS
17488,SBBR,SBSP
17489,EGPH,EGLC
17490,EBAW,EHRD
17491,NZCH,NZWN
17492,EDDF,EPWR
17493,KSNA,KCRQ
17494,KC29,KMRJ
17495,EFHK,ESMS
17496,KCLT,KORD
17497,CO48,KBJC
17498,KBWI,TJIG
17499,KHOU,KDEN
17500,KATL,KMDT
17501,LEAL,EGSS
17502,KPOC,KAVX
17503,KGSO,KIAD
17504,LPPR,LIMC
17505,KJFK,KIAD
17506,EBMB,LEMD
17507,KDEN,KSEA
17508,KCCR,KSAC
17509,KDEN,KTUS
17510,KGRB,KMSN
17511,KAUS,KMSP
17512,KLAS,KJFK
17513,KORS,KAWO
17514,TXKF,KATL
17515,KSKA,KSEA
17516,NZAA,NZWN
17517,LEPA,LEBL
17518,LFPG,EKCH
17519,NZRO,NZWN
17520,LKMT,EDDP
17521,EPWA,EKCH
17522,KEMT,KCMA
17523,KCVG,KABE
17524,KPRC,KPHX
17525,KTEX,KDEN
17526,LFBO,LFPO
17527,LHBP,LOWW
17528,KATL,KSTL
17529,KEWR,KDEN
17530,EDDF,LEBL
17531,KCLT,KOMA
17532,EGPH,LHBP
17533,KPWK,KSPI
17534,CYYZ,KIAD
17535,KSEA,KSFO
17536,KLAS,KVNY
17537,VOBL,VIDP
17538,LFML,LFKJ
17539,KIAD,KFLL
17540,KBOS,KDFW
17541,KA39,KFFZ
17542,EDDF,EHAM
17543,KCVG,KPHX
17544,LFPG,LEMD
17545,1PA5,KBVI
17546,KCLT,KABE
17547,KTYS,KORD
17548,KOXR,KVNY
17549,KCGZ,KFFZ
17550,EHAM,LHBP
17551,LFPG,ESSA
17552,KSNA,KLAS
17553,KEWR,KCLT
17554,KSEA,KPDX
17555,KDEN,KLAX
17556,LPPR,EGSS
17557,KLAX,KLAS
17558,KDFW,KSEA
17559,KLGA,KDFW
17560,KATL,KGRR
17561,EGKK,LEBL
17562,KITH,KIAD
17563,ENZV,ENBR
17564,LOWW,LKPR
17565,EFHK,LEBL
17566,KPHL,KMIA
17567,KLAS,KSEA
17568,SBSP,SSJC
17569,KTCY,KHWD
17570,KCLT,KECP
17571,KLAX,KSFO
17572,KCVG,KSEA
17573,KSFO,KPHL
17574,KSAT,KORD
17575,EHAM,LEMD
17576,TJSJ,KATL
17577,KSRQ,KMIA
17578,LPPR,LPPT
17579,KCGZ,KFFZ
17580,KMIA,KIAD
17581,KSBP,KDFW
17582,KNUC,KNZY
17583,KORD,KMDT
17584,LEMD,EIDW
17585,KLAS,KPHL
17586,KLGA,KORD
17587,LIME,EDDB
17588,KFAT,KVIS
17589,KLAF,KCFJ
17590,KOAK,KSEA
17591,CYVR,CYYJ
17592,KDAL,KSTL
17593,EHAM,LSZH
17594,KDEN,KDFW
17595,KCLT,KROC
17596,KDAY,KIAD
17597,KGKY,K50F
17598,KSMO,KEMT
17599,KLAS,KSEA
17600,KSDF,KOAK
17601,KCOS,KORD
17602,NZCH,NZAA
17603,KMCI,KORD
17604,EDDF,LKPR
17605,OMDB,OERK
17606,LPPR,LFBO
17607,KSRQ,KORD
17608,LFPG,LIMC
17609,KCLT,KBWI
17610,LEBL,EDDK
17611,KHOU,KSAT
17612,KSFO,KIAD
17613,KORD,KSRQ
17614,UUWW,LHBP
17615,KCLT,02XS
17616,KRNM,KCRQ
17617,KOXR,KSBP
17618,KRFD,KPDX
17619,KSTL,KLAS
17620,KEWR,KBNA
17621,SBBR,SBRJ
17622,KSEA,6WA3
17623,KORD,KROC
17624,EBMB,LFBO
17625,KLAS,KORD
17626,KBLI,KPWT
17627,VT48,KIAD
17628,KTYS,KPDK
17629,EDDF,EPKK
17630,KSAT,KDAL
17631,KSAN,KSFO
17632,KSDF,KDEN
17633,KROC,KTEB
17634,KATL,KPHL
17635,KCVG,02XS
17636,KLAX,KJFK
17637,EDDB,LEPA
17638,KORD,KLGA
17639,OMDB,OBBI
17640,KSEA,KLAX
17641,KJFK,KCLT
17642,LEMG,ESSA
17643,KSMF,KMDW
17644,KLAS,KBUR
17645,KCLT,KDFW
17646,KATL,KLAS
17647,EHAM,LKPR
17648,KATL,KMIA
17649,KU77,KPVU
17650,KPHX,KMDW
17651,KPHL,KBNA
17652,KDEN,KLAX
17653,LFPG,EGLL
17654,KBUF,KAGC
17655,KDFW,KBOI
17656,NZAA,NZWN
17657,KPHX,KBUR
17658,KSEA,KOAK
17659,KPHL,KSTL
17660,KABQ,KSAN
17661,LEBL,LEMD
17662,LFPO,LEMG
17663,KATL,KBWI
17664,LIME,LEBL
17665,LIMC,ELLX
17666,KDEN,KATL
17667,KHOU,KOMA
17668,LIPE,LIBD
17669,LPFR,LPPR
17670,KEWR,KMSP
17671,KBOS,KJFK
17672,KCDW,MA72
17673,OEDF,OERK
17674,LDZA,LDSR
17675,EHAM,EDDM
17676,KORD,KMIA
17677,ENVA,ENGM
17678,KSDL,KLAS
17679,KDCA,KATL
17680,KSEA,KSAT
17681,NZTG,NZAA
17682,SBGR,SBBR
17683,KSNA,KSDL
17684,KPDX,KLAX
17685,KSAN,KSFO
17686,KSMF,KATL
17687,KBJC,KCOS
17688,KCMH,KDTW
17689,KWVI,KPAO
17690,ULLI,UUEE
17691,KPHX,KSNA
17692,KCNO,KL35
17693,LTAC,LTFJ
17694,KPIT,KPHL
17695,KDAL,KLAX
17696,LEPA,EDDK
17697,EDDF,ESGG
17698,KCLT,KMSN
17699,KU77,KPVU
17700,KSFO,KSTL
17701,KLAS,KSAN
17702,EPWA,LFPG
17703,KSTL,KDCA
17704,LIRF,LIBD
17705,KFLL,KPHL
17706,LSZH,EGGW
17707,K12J,KNSE
17708,75OK,0OK8
17709,KATL,KLGA
17710,KTUS,KLAX
17711,KACY,KFLL
17712,KORF,KATL
17713,KFAT,KSFO
17714,LTFJ,LLBG
17715,EDDF,EKCH
17716,KBOS,KIAD
17717,VOBL,VABB
17718,KORD,KRDU
17719,KBUF,KMDW
17720,LEPA,LEBL
17721,KDCA,KPVD
17722,KSAT,KDEN
17723,KSMF,KONT
17724,KCLT,KIAD
17725,LEAL,EGGP
17726,LFPG,LIMC
17727,KORD,02XS
17728,KBTL,7MI7
17729,EHAM,EGBB
17730,KMKC,KSUS
17731,KSEA,PANC
17732,LEBL,LEMH
17733,KBWI,KBNA
17734,KSDL,KBOI
17735,KLAS,KOAK
17736,KDEN,KORD
17737,KPHL,KMDT
17738,KPHX,KMSP
17739,KDCA,KDTW
17740,LEMG,EGGP
17741,KDCA,KBOS
17742,KBUF,KPNE
17743,KSFO,KSBA
17744,LFPG,LIML
17745,KBWI,KATL
17746,K61B,KU30
17747,EDDF,EIDW
17748,KUAO,67OR
17749,KDFW,KHHR
17750,SKBO,KFLL
17751,LSGG,LSZH
17752,KSEA,KSAN
17753,ESSA,EETN
17754,KTEB,KHPN
17755,KDEN,KSAN
17756,KORD,KSYR
17757,KLAS,KDTW
17758,KDTW,KMIA
17759,KRNM,KSEE
17760,KPAO,KE16
17761,KABQ,KLAX
17762,NZAA,NZCH
17763,3IN6,KLOU
17764,KLAX,KMIA
17765,KYIP,KPTK
17766,KVPS,KDFW
17767,KLVK,KSQL
17768,LIPE,EDDP
17769,KAUS,KORD
17770,KSEA,KSJC
17771,KDEN,KMCI
17772,KPIT,KBFD
17773,KRVS,K2K9
17774,KORD,62IA
17775,KPDX,KBOI
17776,KLAS,KBLI
17777,EPWA,EDDK
17778,EVRA,LIME
17779,KSFO,KSEA
17780,KSMF,KDFW
17781,KTEB,KMIA
17782,VHHH,RCTP
17783,ENBR,ENGM
17784,KSLC,KLAS
17785,LEMG,LIMC
17786,KPHX,KPAE
17787,KFLL,KJFK
17788,LIML,LIEA
17789,KMDW,KRDU
17790,EGPF,EGLC
17791,KSJC,KLAX
17792,KSDF,KFAT
17793,LEBL,EGKB
17794,KRDU,KBOS
17795,ESSA,LFPG
17796,LEAL,EGNM
17797,KORD,KSAN
17798,OMDB,OERK
17799,KPVU,KU14
17800,OL23,KRVS
17801,KAUS,KMSP
17802,KDAL,KLAS
17803,KRHV,KMCC
17804,EDDM,LDZA
17805,LIRF,LIEE
17806,KORF,KCLT
17807,SBRJ,SSJC
17808,UUEE,UWKD
17809,LEZL,EGSS
17810,ZGSZ,WSSS
17811,KFLL,KDTW
17812,KPDX,KATL
17813,KSTL,KORD
17814,KORD,KLAS
17815,KPHF,KPHL
17816,KSLC,KLAS
17817,KEWR,KMIA
17818,CYUL,KIAD
17819,KBUR,KSJC
17820,CYPQ,CTN7
17821,KSJC,KDFW
17822,LIBD,LOWW
17823,KLAX,KLAS
17824,KSFO,KTUS
17825,KMIA,SKBO
17826,KLAS,KLGB
17827,KSBM,KBNA
17828,KAUS,KABQ
17829,KOMA,KORD
17830,KBWI,KRDU
17831,PANC,KSEA
17832,KORD,KBUF
17833,KBVI,1PA5
17834,KDEN,KPHX
17835,KDFW,KATL
17836,EHAM,EKCH
17837,KRDU,KSTL
17838,KSCK,KSFO
17839,KAUS,KDAL
17840,OMSJ,VIDP
17841,LSZM,LPPR
17842,NZAA,YSSY
17843,EGCC,EGPD
17844,KPNS,KATL
17845,KATL,KLAS
17846,KBOS,KMSP
17847,KORD,KDFW
17848,KIAD,KORD
17849,KRYN,KSDL
17850,EDLW,LEPA
17851,EHAM,EGPH
17852,KLAS,KDAL
17853,KDEN,KSNA
17854,KLGA,KMCI
17855,SBCO,SBGR
17856,KDEN,02XS
17857,KEWR,KDTW
17858,EDDF,EDDM
17859,MA72,KBOS
17860,LFPG,LEBL
17861,IL38,KARR
17862,KSEA,KLAS
17863,KAVP,KCLT
17864,KATL,KMSN
17865,EPMO,EGSS
17866,KPSP,KSFO
17867,KAUS,KHHR
17868,KCLT,KLGA
17869,KATL,KFLL
17870,KHOU,KDAL
17871,KTTN,KATL
17872,KLNK,NE42
17873,KUYF,KOSU
17874,EDDF,LSZH
17875,KCLT,KPGV
17876,KBWI,KORD
17877,LTFJ,EDDK
17878,KATL,KLAX
17879,GBYD,GOBD
17880,KLAX,KSEA
17881,KLAX,CYYZ
17882,KDAL,KBNA
17883,ENVA,ENNM
17884,LFPG,LSZM
17885,KATL,SC32
17886,KRFD,KMHR
17887,KLGA,KHOU
17888,KORD,KMSN
17889,8MI9,KARB
17890,KCMH,KIAD
17891,KDTW,KABE
17892,KBKF,KFNL
17893,NZAA,NZPM
17894,KDEN,VA95
17895,OG02,KHIO
17896,KBVI,32PN
17897,KSDL,KSBA
17898,LFPG,LFRS
17899,KSDF,KDTW
17900,KSGF,KDFW
17901,KORD,KPIT
17902,LSGG,LPPR
17903,KIWA,KLAS
17904,KBOS,KTEB
17905,KORD,KBOS
17906,KAUS,KLAX
17907,KJFK,KMSP
17908,KSJC,KSTL
17909,KDCA,KBUF
17910,KBUR,KLAS
17911,ELLX,LPPR
17912,KPHX,KSEA
17913,KOAK,KC83
17914,KSNA,KHHR
17915,LKTB,LKPR
17916,KSEA,KLAX
17917,KCRQ,KSEE
17918,EBMB,LPPT
17919,KLGB,02XS
17920,SBKP,SBBR
17921,KADS,KF69
17922,KHOU,KBUR
17923,KLAX,KSFO
17924,KMSN,KDFW
17925,KCLT,KLAX
17926,KBOS,KDTW
17927,KLAS,KDFW
17928,CYYZ,CYYC
17929,UUWW,ULLI
17930,KLGA,KATL
17931,KFLL,02XS
17932,KMKC,KGPH
17933,CYOW,CYYZ
17934,KSAT,KATL
17935,KSEE,KPSP
17936,KIAH,KLAS
17937,KSDF,KBFI
17938,EHAM,ESGG
17939,KAUS,KSAN
17940,KCLT,KSAT
17941,KMYF,KRNM
17942,KLAX,KMDW
17943,KPDX,KORD
17944,LFPO,LFKB
17945,LEBL,LEPA
17946,KBOS,KRDU
17947,LLBG,EPKK
17948,KORD,KFLL
17949,34MI,KORD
17950,EBMB,EGLL
17951,KTEB,KMDW
17952,KATL,02XS
17953,CYVR,CAP3
17954,LPPT,EGLL
17955,KCLT,KBOS
17956,KORD,CYYZ
17957,KSEA,KLAS
17958,KMKC,KGPH
17959,KORD,KATL
17960,LFBD,EDDP
17961,EHAM,EGCC
17962,KAPA,KSJC
17963,KSDF,KONT
17964,KLAS,KSFO
17965,KA39,KCHD
17966,KDAL,KFLL
17967,KSFO,KATL
17968,KSBP,KSEA
17969,UT99,KPVU
17970,KILG,KTEB
17971,KSEA,KMSP
17972,KBWI,KMIA
17973,KDCA,KROC
17974,EHAM,EBBR
17975,KBOS,KBNA
17976,ULLI,UUDD
17977,EDDF,ENGM
17978,KBWI,KDAL
17979,KE16,KRHV
17980,LIME,LIED
17981,KMDW,AL18
17982,KDCA,KCMH
17983,ESSA,ENGM
17984,61WA,KBFI
17985,KATL,KCMH
17986,YMML,YPPH
17987,KSEA,KATL
17988,KMMU,KSTL
17989,KFAT,KLGB
17990,KBDR,KHPN
17991,KLAS,KPHX
17992,CYMX,CNV9
17993,KFUL,KCRQ
17994,KECP,KBNA
17995,KBOS,KFLL
17996,KABQ,KPHX
17997,KMDW,KLAS
17998,KDCA,KDFW
17999,KMCI,KDTW
18000,KRDU,KIAD
18001,KSEA,KORD
18002,LTAC,LTFJ
18003,LIBD,LIME
18004,KSQL,KTCY
18005,EDDF,EFHK
18006,LIMC,LEBL
18007,EDDF,UUEE
18008,KFUL,KRIR
18009,KC83,KRHV
18010,KPHL,KISP
18011,KCVG,KATL
18012,KDAL,KSDF
18013,KFLL,KACY
18014,LTFJ,LLBG
18015,KCLT,KVPS
18016,KSMF,KSNA
18017,LFPO,GMMN
18018,KCLT,KFLL
18019,KSEA,KPHX
18020,KDTW,KPHL
18021,KPHX,KSAN
18022,KOKC,KLAS
18023,KATL,KDTW
18024,KBOS,KCLT
18025,KPDK,KPHL
18026,KORD,KDTW
18027,KDFW,KSAN
18028,KSFO,KPHX
18029,KDEN,KLAS
18030,KDFW,KORD
18031,KDTW,KCLT
18032,KPAE,KPWT
18033,KSDF,KBOI
18034,ESGG,EKCH
18035,LFRS,LSGG
18036,KLAX,KSFO
18037,LFPG,LFBO
18038,KVNY,KSBA
18039,KJVL,KDPA
18040,KCLT,KMSP
18041,CZBB,CBQ2
18042,KDEN,KPHX
18043,KMSP,KORD
18044,KAPA,KFNL
18045,KSGF,KORD
18046,LPPT,LEBL
18047,KIAD,CYUL
18048,EHAM,LIML
18049,KU77,KPVU
18050,KLOU,3IN6
18051,KBJC,CO07
18052,EBCI,LIEE
18053,KCLT,KPLR
18054,KLAS,KBFI
18055,KEWR,KDCA
18056,KORD,KMDT
18057,KJFK,KORD
18058,KBWI,KCLT
18059,KSJC,KSEA
18060,ENGM,EKCH
18061,KO69,KSAC
18062,KOPF,KFXE
18063,KDEN,KSLC
18064,EINN,EGNX
18065,KDFW,KFLL
18066,EHAM,ELLX
18067,KDEN,KATL
18068,KFUL,KCRQ
18069,KA39,KCHD
18070,EGSS,LIME
18071,LFPG,LFML
18072,KOSU,KUYF
18073,EDDF,LHBP
18074,OTHH,VIDP
18075,LEPA,LEIB
18076,KRFD,KRIR
18077,KCMH,KLAS
18078,KATL,KRDU
18079,KSEA,KSNA
18080,EIDW,EGSS
18081,KMIA,KEWR
18082,KLAS,KORD
18083,KSFO,KBOI
18084,KBOS,KLGA
18085,KCVG,KCLT
18086,KIAH,KSAN
18087,KSNA,KSEA
18088,KDCA,KBOS
18089,KRDU,KTEB
18090,KFFZ,KAVQ
18091,KORD,KIAD
18092,KJFK,KDCA
18093,YMML,YPPH
18094,KDEN,KLAS
18095,KDEN,KIAD
18096,KBFI,KPDX
18097,KAPA,KBJC
18098,RPLL,WSSS
18099,KSMF,KLAX
18100,KWHP,KEMT
18101,KFLL,KDCA
18102,NZHN,NZWN
18103,KORD,KTYS
18104,KPDK,0GA4
18105,LFPG,LFBD
18106,NZPM,NZAA
18107,EBMB,LEMG
18108,EFOU,EFHK
18109,KCVB,K5C1
18110,KSEA,KMDW
18111,LSGG,EDDP
18112,KPOC,KCCB
18113,KLGA,KFLL
18114,KDEN,KSEA
18115,KMCI,KBTF
18116,KDEN,KDAL
18117,UUWW,ULLI
18118,KDFW,KSDF
18119,LMML,EGSS
18120,KSLC,KLAX
18121,KPWK,02XS
18122,KPHX,KJFK
18123,KCLT,KDAY
18124,KOAK,KBFI
18125,SBGR,SSJC
18126,EDDF,EGLL
18127,KIAH,KPHX
18128,EDDF,UKBB
18129,KTEB,KMDW
18130,KL35,KHHR
18131,LSZH,LLBG
18132,KBNA,KCLT
18133,LFML,LPPT
18134,EDDF,EDDH
18135,LPPT,EHAM
18136,KLAS,KSEA
18137,KDFW,KPHX
18138,KBWI,KBUF
18139,KORD,CYYZ
18140,KDEN,2IS4
18141,KSAN,KLAS
18142,EDDP,EGNX
18143,KCLT,KSDF
18144,KDCA,KJFK
18145,KLGA,KDCA
18146,LEPA,LEMG
18147,NZTG,NZWN
18148,LIRF,LIPE
18149,LFPO,LFKJ
18150,KBLI,KPAE
18151,KSMF,KLAX
18152,KMSN,KMDW
18153,EHAM,UUEE
18154,KLNK,NE42
18155,KMDW,KSDF
18156,KJFK,KATL
18157,KMQY,KM33
18158,KABQ,KMDW
18159,KAUS,KOAK
18160,KBUR,KSEA
18161,CYVR,CYCD
18162,KDEN,02XS
18163,KORD,KLAS
18164,KBNA,KPHL
18165,KUAO,K7S9
18166,KLNK,KORD
18167,KHHR,KSQL
18168,KSMF,KSEA
18169,KORD,KROC
18170,KONT,KSEA
18171,KGRB,5WI4
18172,KLAX,KATL
18173,KTPA,KBOS
18174,KOAK,KLAS
18175,KPAN,KFFZ
18176,KAPA,KTEX
18177,KENW,KOSH
18178,KOKC,KORD
18179,KDEN,KBNA
18180,KLGA,KORD
18181,KBNA,KM33
18182,KSAT,KDFW
18183,KATL,KDCA
18184,KLOU,3IN6
18185,KLAS,KLAX
18186,KBOI,1ID4
18187,LIML,LIEE
18188,KDTW,KDFW
18189,KSBP,KPHX
18190,NZAA,NZWN
18191,KSYR,KIAD
18192,KHOU,KSAT
18193,LPMA,LPPT
18194,KSDL,KPRC
18195,KDCA,KCLT
18196,KADS,KHQZ
18197,2OK4,KRVS
18198,KBLI,WN35
18199,KLAS,KATL
18200,KWVI,KRHV
18201,UUEE,EDDP
18202,ESSA,EDDP
18203,LFRS,LEBL
18204,KMIA,KJFK
18205,KFAT,KORD
18206,KBUR,KVNY
18207,KBNA,KIAD
18208,SPJC,SPST
18209,KAFW,KLUD
18210,LEMD,LEIB
18211,KORD,71KY
18212,KIAH,KSAT
18213,KSAT,KPHX
18214,KCBF,97IA
18215,KHOU,KDFW
18216,KORD,KGRB
18217,96WA,KBFI
18218,KSFO,02XS
18219,KONT,KPDX
18220,KDEN,KSFO
18221,KPIT,CYUL
18222,KGPM,KINJ
18223,KMKE,KMCO
18224,KORF,KDFW
18225,KEWR,KRDU
18226,KORD,KBUF
18227,KSJC,KBOI
18228,KDCA,KBNA
18229,LTFJ,EBLG
18230,KORD,KBNA
18231,KAUS,KDAL
18232,KSFO,KLAS
18233,KSNA,KSJC
18234,KBOI,KSEA
18235,KDEN,KSAT
18236,EGPH,EGNX
18237,KDFW,KBNA
18238,KORD,KORF
18239,LIRF,LIMA
18240,KAPA,KPVU
18241,KLAX,KSAN
18242,KVNY,KSMO
18243,KLGA,KMIA
18244,KBTL,KJYM
18245,EGSS,EPGD
18246,KSEA,KDTW
18247,KORD,KSEA
18248,WMKK,VHHH
18249,KDFW,KATL
18250,KDEN,KBTF
18251,LEPA,LEMD
18252,KDTO,KFTW
18253,TLPL,KATL
18254,KBNA,KLGA
18255,LIRF,LIPQ
18256,CLC2,CYTZ
18257,KHMT,KF70
18258,KORD,KLAX
18259,CYYC,CYYZ
18260,LPPD,LPPT
18261,KSNA,KHHR
18262,KDFW,KLAX
18263,KMIA,KDFW
18264,KEMT,KSMO
18265,KSEA,KGEG
18266,KORD,KPDX
18267,KLAS,KLAX
18268,KATL,KSAT
18269,CYUL,CYYZ
18270,KI74,KEDJ
18271,VIDP,VABB
18272,KONT,KBFI
18273,EIDW,EGNX
18274,KDEN,KDFW
18275,KSFO,KDTW
18276,LTFJ,EDDP
18277,KJFK,KCLE
18278,KSLC,KSDL
18279,KOKC,KORD
18280,LIRF,LIBD
18281,KORF,KPHL
18282,KORD,KSTL
18283,ULLI,UUDD
18284,OMDB,OBBI
18285,KATL,KLGA
18286,KSNA,KPHX
18287,KSEA,KGPI
18288,KPHL,KCMH
18289,KORD,KSEA
18290,KLAS,KDTW
18291,KBNA,KDTW
18292,KSMF,KSTL
18293,KHOU,KOKC
18294,KBWI,KSTL
18295,KONT,KRDU
18296,EHAM,EGPD
18297,LEIB,LEMD
18298,KUAO,KBDN
18299,KSFO,KLAX
18300,NZCH,NZAA
18301,KOAK,KLAS
18302,KFHR,KRNT
18303,KPHL,KCLT
18304,KTEB,KOPF
18305,KSDF,KLAS
18306,KORD,KATL
18307,KCOS,KDEN
18308,LFPO,LEBL
18309,KDFW,KPNS
18310,KCNO,KCMA
18311,KDEN,KSNA
18312,ELLX,LPPR
18313,2OK4,KRVS
18314,KBNA,KMDW
18315,KCLT,KJFK
18316,KLGA,KDAL
18317,NZCH,NZWN
18318,LIRF,LIEA
18319,KPWK,K10C
18320,KDEN,KMIA
18321,KMSP,KSFO
18322,KOAR,KHWD
18323,LEBL,LEZL
18324,KTEB,KPTK
18325,KEWR,KIAD
18326,KCMA,KVNY
18327,EGPH,EGNX
18328,KATL,KDAL
18329,KAUS,KSFO
18330,OBBI,OMDB
18331,LKPR,EGSS
18332,KCMA,KSMX
18333,KSDL,KSNA
18334,KORD,KMSP
18335,KUAO,67OR
18336,KDFW,KSFO
18337,KCRQ,KRNM
18338,KSEA,PANC
18339,KDEN,KMSP
18340,LFBO,EBMB
18341,LPPT,LIPE
18342,KIAH,KLAS
18343,KPDX,KSEA
18344,OK17,KAFW
18345,KOKC,KDFW
18346,LEZL,LEMD
18347,KHSV,KPDK
18348,KTEB,KRDU
18349,KATL,KMKE
18350,KSFO,CYVR
18351,KDFW,2MO1
18352,EDDF,LFPG
18353,KMKC,KSUS
18354,KORD,KSLC
18355,PAEN,PANC
18356,ELLX,EDDB
18357,KDEN,KATL
18358,KMCI,KSEA
18359,KCFJ,KLAF
18360,KFHR,KBFI
18361,SBRJ,SBVT
18362,KFLL,KATL
18363,KLGA,KFLL
18364,KPHL,KSTL
18365,KSGF,KORD
18366,KBWI,KROC
18367,KABQ,KATL
18368,KLAS,KBNA
18369,KDFW,KDEN
18370,KBWI,KDFW
18371,KSDF,KDFW
18372,KTYS,KATL
18373,KOMA,KIAD
18374,KROC,KIAG
18375,KCOS,KORD
18376,KBOI,KSEA
18377,KMKE,KSEA
18378,KPHL,KCLE
18379,KDEN,KRDU
18380,KATL,KSDF
18381,KLAS,KMDW
18382,LIBD,LIMC
18383,KSLC,KVNY
18384,EHAM,EDDP
18385,LIRF,LIMJ
18386,KDEN,KSAN
18387,KBOS,KATL
18388,KVNY,KSAN
18389,KSAN,KPHX
18390,KORD,KDEN
18391,KFUL,KCMA
18392,UUEE,UNEE
18393,KSAT,KPHX
18394,CYVR,CYYZ
18395,KLGA,KCMH
18396,K12J,KNSE
18397,KSJC,KDAL
18398,KEWR,KATL
18399,KSYR,KFZY
18400,KPHL,KDCA
18401,LEMH,LEMD
18402,KDFW,KSAF
18403,KRDU,KJFK
18404,KSEA,KPDX
18405,KSNA,KCRQ
18406,KIZA,KSBA
18407,KITH,KDTW
18408,KTUL,KPHX
18409,KPHX,KBWI
18410,KMYV,KMCC
18411,KSAN,KORD
18412,KSBA,KOAK
18413,KEWR,CYYZ
18414,KFLL,KJFK
18415,KBOS,KPHL
18416,KDEN,KSTL
18417,KSEA,KCMH
18418,TJSJ,KMIA
18419,KBKF,KFNL
18420,KORD,07KY
18421,KCLT,KSYR
18422,KDFW,KDAY
18423,KSFO,KBUR
18424,EHAM,EIDW
18425,LPPT,LEMD
18426,KIWA,KPVU
18427,KCGZ,KFFZ
18428,KPDX,KSTL
18429,KSBA,KDFW
18430,KMIA,KORD
18431,LEMG,LEBL
18432,YBBN,YMYB
18433,KGPI,KCRQ
18434,KDFW,49FD
18435,KPHL,KMSP
18436,KSAN,KDTW
18437,KAUS,KDFW
18438,ULLI,UUWW
18439,CYHM,CYUL
18440,KJYO,61VA
18441,KLGA,CYUL
18442,KTOA,KPOC
18443,SBSP,SBRJ
18444,KDFW,KIAD
18445,KADS,KOMA
18446,KPHL,AL16
18447,CYVR,CAP3
18448,LEIB,LEPA
18449,KLAX,KOAK
18450,KFLL,KDFW
18451,KJFK,KBUF
18452,KSTL,KBNA
18453,KABE,KTEB
18454,KHWD,KPAO
18455,KMKE,KATL
18456,KDEN,KSNS
18457,KFLL,KBOS
18458,KDEN,KPHX
18459,KLAS,02XS
18460,KDFW,KLAS
18461,KMIA,KJFK
18462,MN15,KFCM
18463,KDAL,KHHR
18464,KAUS,KATL
18465,KSTL,KDEN
18466,KORD,KOMA
18467,CYYZ,KDTW
18468,KORD,KPIT
18469,KSDF,KDEN
18470,OEDF,OBBI
18471,KBUF,KDFW
18472,KOAK,KBFI
18473,LIRF,LIPZ
18474,6CO4,KFNL
18475,KORD,KCMH
18476,SKBO,KMIA
18477,KSMF,KSEA
18478,KOKC,KSEA
18479,KHOU,02XS
18480,KSNA,KLAS
18481,KDFW,KABQ
18482,LSGG,LPPT
18483,KBUF,KDTW
18484,KBOS,KHPN
18485,KSEA,KORD
18486,PAMR,PABG
18487,KBUR,KOAK
18488,KLGA,KMDW
18489,LIRF,LIEE
18490,LEMG,EGSS
18491,WSSS,VHHH
18492,KDEN,KMCI
18493,LEBL,EDDP
18494,KAUS,02XS
18495,KDAL,KCMH
18496,KJWN,KM54
18497,3IN6,KLOU
18498,PAMR,PABG
18499,ULLI,UUEE
18500,KBOI,KGEG
18501,KORD,KDTW
18502,KEWR,KDFW
18503,EPWA,EDDP
18504,KBNA,KLAS
18505,K61B,K1G4
18506,CYWG,CYVR
18507,KSEA,KSTL
18508,KSMF,KLAS
18509,KBJC,CO07
18510,KMKE,KDAL
18511,KFLL,KLGA
18512,KHWV,KISP
18513,EGSS,EGAA
18514,KBUF,KJFK
18515,KDTW,KRDU
18516,XA99,K52F
18517,KDEN,KOKC
18518,KSJC,KSNA
18519,KSDF,KMIA
18520,KOAK,KLVK
18521,KORD,KSFO
18522,KBUR,KCRQ
18523,NZRO,NZAA
18524,KGXY,KAPA
18525,LKPR,LFPG
18526,KBTL,MI77
18527,KBOI,KSAN
18528,KDCA,KMSP
18529,KLAX,KSEA
18530,KATL,KMSP
18531,KVIS,KFAT
18532,KRDU,KDFW
18533,KSAN,KDFW
18534,LHBP,EDDP
18535,KDEN,KTUL
18536,KMKE,KORD
18537,KLAS,KMSP
18538,KHMT,KF70
18539,KSEA,KSNA
18540,KAUS,KPHX
18541,KLOT,KBMI
18542,KORF,KIAD
18543,YBBN,YSSY
18544,KSNA,KDFW
18545,SBRJ,SBSP
18546,UUWW,EDDK
18547,NZHN,NZWN
18548,KMIA,KATL
18549,KSDF,KRIR
18550,KRDU,KFLL
18551,KBOI,KLAX
18552,LIPE,EDDK
18553,61WA,KBFI
18554,KCVG,KDTW
18555,KRYY,KVPC
18556,KPHL,KSDF
18557,KDCA,KMIA
18558,LPPT,GOBD
18559,KDFW,KSNA
18560,KDTW,KMIA
18561,KPDX,KLAS
18562,KSNA,KLAS
18563,CYHM,CYYC
18564,KDEN,KMSP
18565,KI68,2OH9
18566,KSEA,KLAS
18567,KBWI,KSRQ
18568,NZCH,NZPM
18569,93OK,KRVS
18570,EGSS,LIME
18571,KPIT,KMSP
18572,KMIA,KJFK
18573,EPKT,EGBB
18574,KIAD,KDFW
18575,KRAL,KTOA
18576,KBNA,KJFK
18577,KLAS,KDFW
18578,KPHL,KDTW
18579,KBOS,KORD
18580,KORF,KBWI
18581,KTEB,CYYZ
18582,KRHV,KE16
18583,KSTL,KORD
18584,KDEN,KORD
18585,KDEN,KSJC
18586,EGLL,EGPH
18587,KF70,KMYF
18588,LIRF,LICZ
18589,KSLC,KJFK
18590,SBGR,SSJC
18591,KEWR,KFLL
18592,KHQZ,KADS
18593,KPDX,KSEA
18594,KHWD,KLVK
18595,KDFW,KPDX
18596,LPFR,EGGD
18597,KATL,KBUF
18598,NZWN,NZHN
18599,LPPT,EGSS
18600,CBQ2,CZBB
18601,NZAA,NZAP
18602,KRNM,KMYF
18603,KJFK,KDFW
18604,LIMC,LICP
18605,KRDU,KBOS
18606,KATL,KSRQ
18607,KPHX,KLAS
18608,KBNA,KSRQ
18609,KORD,KLGA
18610,KGKY,16TX
18611,KCLT,KDTW
18612,KAUS,KDEN
18613,KPIT,KDUJ
18614,KLAS,02XS
18615,KLGA,KBNA
18616,YBBN,YSCB
18617,KSAN,KATL
18618,LIPZ,LICZ
18619,CYYZ,CYUL
18620,KPHX,KSAN
18621,KIXD,KAPA
18622,KORD,KDAY
18623,KDTW,KSTL
18624,KSMF,KLAS
18625,LEMD,EDDP
18626,KDEN,KIAD
18627,KMSP,KDFW
18628,KFLL,KCMH
18629,KUAO,KBDN
18630,NZAA,NZWN
18631,KDFW,02XS
18632,KDEN,KSBA
18633,EGLL,EGNT
18634,KMCO,KMIA
18635,LEPA,LEMH
18636,KBNA,KORD
18637,KPVD,KDTW
18638,KLAX,KFAT
18639,EFHK,EDDP
18640,PAEN,PANC
18641,KDTW,KBNA
18642,KMIA,KBWI
18643,KOMA,KORD
18644,KDFW,KBTF
18645,LOWW,LROP
18646,KPHL,KBNA
18647,KTUS,AZ19
18648,LTBA,EDDP
18649,KDAL,KECP
18650,LIRA,EDDP
18651,KBFI,WA04
18652,KNZY,KNUC
18653,KDEN,KD54
18654,KSAN,KATL
18655,KDTW,KORF
18656,KWVI,KLVK
18657,LEPA,LEBL
18658,44IS,KSTL
18659,KEWR,CYUL
18660,KSFO,KSEA
18661,KDFW,KORF
18662,LIPO,EDDP
18663,EDDS,EDDK
18664,KMIA,KLGA
18665,KDTW,KATL
18666,IL38,KARR
18667,CYUL,CYYZ
18668,KFNL,KAPA
18669,EDDF,LFPG
18670,BIKF,EBLG
18671,KORD,KLGA
18672,EGKK,EGAA
18673,KSDF,KMIA
18674,KONT,KABQ
18675,KLAX,KSFO
18676,NZCH,NZAA
18677,EHAM,EIDW
18678,KJYO,01VA
18679,EFHK,EFOU
18680,KLGA,KBOS
18681,EGPH,EGGW
18682,KPHX,02XS
18683,LIRF,LEBL
18684,KTUL,KORD
18685,VHHH,WSSS
18686,KIND,KORD
18687,KBOI,KPDX
18688,KORD,KPHX
18689,KSMO,KAVX
18690,KBJC,KAPA
18691,KMCI,KSAN
18692,KADS,KTUL
18693,KORD,KPHL
18694,KHSV,KATL
18695,KPVD,KPHL
18696,KLAX,02XS
18697,KPHL,KMDT
18698,KPRB,KSBP
18699,YBBN,YPAD
18700,KLGA,KATL
18701,LPPR,LEPA
18702,KSNA,KAVX
18703,KSBA,KSEA
18704,KSTL,KORD
18705,KONT,KDFW
18706,KDEN,KOMA
18707,KLAS,KSDL
18708,LFPG,EDDP
18709,KDFW,KLGA
18710,KDTW,KSDF
18711,KTUL,KDFW
18712,IL38,KARR
18713,KORD,KDTW
18714,KLAX,KDFW
18715,KDCU,K1M4
18716,KATL,KMCI
18717,PAMR,PABG
18718,KDTW,KMSN
18719,LIRF,LICP
18720,MA72,KBOS
18721,KOAK,KSNA
18722,KDAY,KORD
18723,YSSY,YBBN
18724,LEPA,LEMD
18725,KSMF,KSAN
18726,KMDW,KORF
18727,KDTW,KLGA
18728,KSEA,KLAX
18729,KDEN,KATL
18730,KSLC,KSAN
18731,KDFW,KTYR
18732,KDFW,KSAN
18733,KTEB,CYUL
18734,KATL,KROC
18735,KORD,KDFW
18736,UUEE,ULLI
18737,KLGA,KIAD
18738,KHOU,KATL
18739,KSUS,KMKC
18740,KSFO,KSBP
18741,KDEN,KSLC
18742,NZCH,NZAA
18743,OTHH,VIDP
18744,YBBN,YSSY
18745,EGPH,EPGD
18746,KPHL,KORF
18747,KPHX,KOAK
18748,KPHL,KRDU
18749,LIRF,LIML
18750,EGLL,EIDW
18751,LPPR,EDDK
18752,LEPA,LEMD
18753,KDFW,KSEA
18754,KDTW,K8C4
18755,KSAN,KOAK
18756,KSDF,KATL
18757,KBNA,KDCA
18758,KBOI,1ID4
18759,KORD,8II3
18760,KCPM,KLGB
18761,LEPP,LEMD
18762,KOAK,KSTL
18763,KSEE,KTOA
18764,EGCC,EGBB
18765,KDEN,KLAX
18766,KORD,KCMH
18767,KPHF,KCLT
18768,KM54,KBNA
18769,KTCY,KSQL
18770,KDEN,KATL
18771,KSNA,KLAS
18772,KGPI,KAPA
18773,KPIT,KDCA
18774,LFPG,EBLG
18775,KDFW,KOKC
18776,KIAD,KMIA
18777,KDFW,KDCA
18778,KORD,KDEN
18779,KMCI,KDFW
18780,KIND,KBOS
18781,KLGA,KBNA
18782,KCVG,KDEN
18783,KLAS,KLGB
18784,SBGR,SBVT
18785,KTEB,KSUS
18786,KDFW,KHSV
18787,KPTK,KDPA
18788,LIRF,LEBL
18789,KGSO,KDCA
18790,KMMU,KBED
18791,KORD,KOKC
18792,KRDU,KLGA
18793,YSCB,YMML
18794,KMSP,KLAX
18795,KFCM,KPWK
18796,KBLI,KSEA
18797,KLGA,KDCA
18798,KDTW,KOMA
18799,KJFK,KMIA
18800,KSAN,KORD
18801,YMML,YPAD
18802,KEWR,KORD
18803,KSEA,KDFW
18804,KSDF,KSAT
18805,KLAX,KPHX
18806,KMDW,KLGA
18807,KSNA,KSDL
18808,KSJC,KSLC
18809,KHOU,KTUL
18810,KMSN,KPWK
18811,KATL,KORD
18812,K61B,KPVU
18813,KMIA,KATL
18814,KFZY,KSYR
18815,KEDC,KDAL
18816,NZAA,NZOI
18817,KAUS,KLAS
18818,KDFW,KMIA
18819,KPHL,KBOS
18820,YSTW,YBBN
18821,KSTS,KSNA
18822,KATL,KDFW
18823,KSEA,02XS
18824,KPHL,KIAD
18825,KPHX,KOKC
18826,KRDU,KBNA
18827,KEWR,KATL
18828,KDTW,67KY
18829,KORD,K8C4
18830,KPAO,KCCR
18831,YSSY,YBBN
18832,KGRI,KDFW
18833,KCNO,KSMO
18834,CYOW,CYYZ
18835,KSDF,KABQ
18836,KMDW,KBUF
18837,KHOU,KSJC
18838,EDFB,EDDM
18839,KATL,KBOS
18840,KHWD,KMOD
18841,KPAO,KHAF
18842,KSNA,KLGB
18843,LEIB,LEMD
18844,ID92,KBOI
18845,KBWI,KFLL
18846,SBJD,SDCO
18847,KLBE,KFLL
18848,KLGA,KSTL
18849,KDFW,KABQ
18850,KORD,KMCI
18851,KPHL,KDFW
18852,KDTW,KORD
18853,KCNO,KLGB
18854,KFAT,KSEA
18855,KMSP,KSTL
18856,KMKE,KMSP
18857,KBNA,KMCI
18858,KDTW,KDAY
18859,KMDW,KCMH
18860,LFML,EDDK
18861,KPHX,02XS
18862,KDAL,KSJC
18863,KATL,KSYR
18864,LIRF,LICP
18865,ENGM,EPGD
18866,KLAX,35OR
18867,ESSA,EDDK
18868,NZNV,NZCH
18869,KDEN,KJFK
18870,KMKE,KORD
18871,KTEX,KAPA
18872,KORF,KIAD
18873,KORD,KSDF
18874,KMSP,KPDX
18875,KORD,CYUL
18876,KCHO,KPHL
18877,LEMD,EBBR
18878,KBNA,KSTL
18879,KSAT,KLAX
18880,KLAS,KSFO
18881,KDTW,46MI
18882,KJFK,KATL
18883,KRHV,KO22
18884,KDFW,KTUL
18885,KTEB,KAGC
18886,KMIA,KATL
18887,KCJR,KHEF
18888,KAUS,KMCI
18889,EHAM,LEBL
18890,KSFO,KGEG
18891,CYQG,CYYZ
18892,KROC,KPHL
18893,EGAA,EGNX
18894,KDEN,KBOI
18895,KCLT,KMDT
18896,KAPC,KVNY
18897,YBCG,YSSY
18898,KFKR,KLAF
18899,KDTW,KBWI
18900,KORD,KCWA
18901,SKBO,KMIA
18902,KUYF,KOSU
18903,KSAN,KSJC
18904,KDFW,KORD
18905,UUEE,ULMM
18906,PANC,KSEA
18907,KCVG,KORD
18908,KATL,KJFK
18909,SBSP,SBRJ
18910,KMKE,KLAS
18911,KGPH,KMKC
18912,KTUL,KOKC
18913,KORD,NE42
18914,KLAX,KSJC
18915,KPHL,KBUF
18916,KIND,KBWI
18917,EGBB,EGPH
18918,KAFW,KOAK
18919,KTEB,KPTK
18920,KCLT,KBNA
18921,KDFW,KOMA
18922,KMSP,KBNA
18923,KDEN,KLAS
18924,KF70,KFUL
18925,KDAL,KIAD
18926,KVNY,KOAK
18927,KCNO,KRAL
18928,KORD,KMKE
18929,KSDF,KPHX
18930,EDDF,EDDP
18931,KPHL,KMIA
18932,CYOW,CYUL
18933,EGNT,EGGD
18934,KLAX,KPDX
18935,KORD,K29M
18936,KLAS,KOAK
18937,KBWI,KORF
18938,KDEN,KBTF
18939,KMDQ,K3M2
18940,KBOI,KSEA
18941,KIND,KMSP
18942,LEBL,EBBR
18943,KMSP,KSEA
18944,KPSP,KCRQ
18945,KRVS,OK25
18946,KDEN,KORF
18947,KCVG,CYMX
18948,YBCG,NZAA
18949,KCMH,KDFW
18950,KBOS,KMIA
18951,KDFW,KMCI
18952,KCLT,KATL
18953,KPDX,KPHX
18954,KAUS,KMSP
18955,KDPA,59IL
18956,KLGB,KSBA
18957,KSAN,02XS
18958,KLAS,KBOI
18959,KABQ,KPHX
18960,KRVS,KTUL
18961,LIEE,LIPE
18962,KATL,KOMA
18963,LFRS,EDDP
18964,KAPA,KMKC
18965,KMIA,KORD
18966,KDFW,KTUS
18967,EKBI,EDDP
18968,KDTW,KCMH
18969,KATL,KFLL
18970,KSEA,KLAX
18971,KMDW,KDAL
18972,KAUS,KDAL
18973,KPHX,KMDW
18974,KCNO,KCRQ
18975,KLAS,KTUL
18976,KCMI,KDFW
18977,KRDU,KPHL
18978,KBOS,KFLL
18979,KMSP,KORD
18980,KGKY,6TX7
18981,KHYA,KBOS
18982,KATL,KDCA
18983,YSSY,YMHB
18984,KPAO,KCCR
18985,KSTL,KMCO
18986,KDFW,KLAS
18987,KCMH,KMSP
18988,KTEB,CYYZ
18989,KDTW,KALB
18990,KMKC,90KS
18991,KSDF,KDEN
18992,KDCA,KBKL
18993,LFBO,LFPG
18994,KTUS,KLAX
18995,PAEN,PANC
18996,KSAT,KDAL
18997,LEIB,LEBL
18998,KMSN,KMSP
18999,SKBO,KMIA
19000,KDFW,KDTW
19001,WA49,KSEA
19002,KSBP,KFAT
19003,KHOU,KDAL
19004,KRDU,KCLT
19005,KSJC,KFAT
19006,KMSP,KSEA
19007,LFNR,LFPG
19008,KBFI,KSJC
19009,KPHX,KSAT
19010,LEMD,LEPA
19011,KSMF,KLAX
19012,KSEA,PANC
19013,YSSY,YMML
19014,EDDK,EDDP
19015,KSAC,KO69
19016,80WA,KPAE
19017,KSDL,KMKC
19018,KDTW,KGRB
19019,KBUR,KPHX
19020,LROP,EBLG
19021,KBVI,32PN
19022,EDDG,LEPA
19023,KIAH,KABQ
19024,KOAK,KBTF
19025,KPHL,KORF
19026,EGSS,EGPH
19027,KDCA,KDEN
19028,KATL,KMIA
19029,KATL,KJFK
19030,KSDF,KMCO
19031,KIND,KATL
19032,KCPS,1IS0
19033,NZAA,NZPM
19034,KE16,KPAO
19035,97IA,KCBF
19036,KJFK,KBNA
19037,KATW,KORD
19038,KDAL,02XS
19039,SBRJ,SSJC
19040,KDTW,KSYR
19041,KLAX,KSJC
19042,SBGR,SBBR
19043,KSEA,KPHX
19044,LHBP,EDDK
19045,KCMH,KBWI
19046,LFOB,EIDW
19047,KOMA,KATL
19048,KFKR,KLAF
19049,SBSP,SBRJ
19050,KSNA,KONT
19051,CYVR,CYXE
19052,KFLL,KATL
19053,KBVI,32PN
19054,KO41,KMCC
19055,KDTW,KMDT
19056,NZWN,NZCH
19057,LIMC,EDDP
19058,KCLT,KCMH
19059,KCVG,KMSP
19060,KBNA,KPWA
19061,YSCB,YBBN
19062,KSNA,KTOA
19063,KBWI,KBOS
19064,KLAX,KSTL
19065,KDAL,KSAT
19066,KSEA,KPHX
19067,ESMS,EDDK
19068,KDFW,KBTF
19069,CYVR,CYYJ
19070,KSNA,KPRB
19071,KSMO,KLGB
19072,KAUS,KSAT
19073,KBOS,KIAD
19074,1TN0,KBNA
19075,EHAM,EGNT
19076,KMIA,KFXE
19077,YPAD,YSSY
19078,KMSP,KIAD
19079,KANE,KFCM
19080,CYWG,CYYZ
19081,KDFW,KPHL
19082,KFCM,88MN
19083,KLVK,KOAK
19084,KATL,KDEN
19085,CYCD,CYVR
19086,KMDT,KPHL
19087,KDFW,KSJC
19088,KPHX,KLAX
19089,KSMO,KSBA
19090,KLGA,KORD
19091,LOWW,LFPG
19092,KCMH,KATL
19093,EIDW,EDDK
19094,KPWK,KCMH
19095,KTEB,KPWK
19096,YPMQ,YSSY
19097,KATL,KMIA
19098,KLNK,NE42
19099,LSZM,EDDK
19100,KSJC,KDFW
19101,KOSH,KENW
19102,KADS,KGVT
19103,NZAA,NZWN
19104,LOWL,EDDP
19105,KDAL,KSAT
19106,KCLT,KRDU
19107,KSAT,KDTW
19108,KORD,KATW
19109,LEAL,LEBL
19110,KLAS,KSFO
19111,YSTW,YSSY
19112,KMDW,KPHL
19113,KMSP,KATW
19114,KPDX,KMSP
19115,KSNA,KVNY
19116,LIME,EDDP
19117,LHBP,EDDM
19118,KDCA,KLGA
19119,KIAH,KLAS
19120,PAEN,PANC
19121,KAUS,KSJC
19122,YSCH,YSSY
19123,KHUA,KFYM
19124,EDDF,EDDP
19125,KFLL,KORD
19126,KMSP,KATL
19127,KORD,KMSP
19128,KSTL,KVIH
19129,KSJC,KSNA
19130,YMAY,YSSY
19131,TX95,KGPM
19132,KFTW,7XS1
19133,9TX5,86TX
19134,KPSP,KSEA
19135,YSCB,YBBN
19136,KMDW,KBWI
19137,KPHX,KSAT
19138,KATL,KDFW
19139,KBNA,KLGA
19140,KDTW,KTYS
19141,KATL,KDTS
19142,KLGA,KDFW
19143,KCLT,KBNA
19144,KRLD,KSEA
19145,KSTL,KMSP
19146,KMSP,KGRB
19147,KLAX,KSEA
19148,KIWA,KFFZ
19149,KPHX,KLAS
19150,LEBL,LEPA
19151,KBUR,KSFO
19152,KDTW,KJFK
19153,KLAS,KSAT
19154,KATL,KIAD
19155,KMSP,KRDU
19156,KIND,KATL
19157,KLAX,KDFW
19158,KCMH,KORD
19159,KPHX,KDAL
19160,LIBD,LIRF
19161,EGPH,EGSS
19162,KATL,KFLL
19163,KMSP,KOMA
19164,KSFO,KSNA
19165,KFOK,KSWF
19166,KC83,KLVK
19167,KSDF,KDFW
19168,KJFK,KSYR
19169,KBUR,KLAS
19170,KBNA,KMSP
19171,KCLT,KMCI
19172,KIAH,KLAS
19173,YPAD,YPPH
19174,LEPA,LEBL
19175,KPDX,KSEA
19176,KATL,KOAJ
19177,KRBD,KFTW
19178,KMOD,KVIS
19179,KVPS,KDFW
19180,KCLT,KRDU
19181,LIRA,EBLG
19182,NZAA,NZRO
19183,KPHL,KMKE
19184,KSJC,KSAN
19185,KATL,KOKC
19186,TJSJ,KEWR
19187,KCMH,KCLT
19188,KFLL,KORD
19189,KOKV,KJYO
19190,KPHX,KDFW
19191,KSDF,KMIA
19192,KTEB,KIAD
19193,KMCI,KMSP
19194,KSAC,KMOD
19195,KRNM,KCRQ
19196,LEBL,EGCC
19197,NZCH,NZOI
19198,KOKB,KNFG
19199,KPIT,KEWR
19200,KSMF,KSEA
19201,ESGG,EBLG
19202,KONT,KDEN
19203,KAVX,KLGB
19204,KSEE,KCRQ
19205,KSEA,KMSP
19206,KNYL,KNFG
19207,KLAX,KBOI
19208,KCMH,KBOS
19209,KPHX,KBUR
19210,YSCB,YSSY
19211,KSPI,KDFW
19212,EPKT,EDDP
19213,KPHL,KMDW
19214,KSFO,KONT
19215,KSLC,KORD
19216,PAEN,PANC
19217,KDTW,02XS
19218,KOMA,KLGA
19219,KTEB,KOPF
19220,UUDD,ULLI
19221,KDFW,KONT
19222,KCVG,KBWI
19223,9LL0,KSTL
19224,NZCH,NZWN
19225,KPHX,KLAX
19226,EVRA,EETN
19227,KPDK,02XS
19228,KSDL,KOMA
19229,KLAX,KSJC
19230,KRDU,KTDF
19231,KABQ,KDFW
19232,PAEN,PANC
19233,KIND,KMKE
19234,KORD,KATW
19235,LFML,LFPG
19236,CYVR,CYWG
19237,KPHX,KABQ
19238,KMSP,KMKE
19239,KSJC,KBUR
19240,KBNA,KDFW
19241,WN51,KFHR
19242,KBOS,KLGA
19243,71KS,KMKC
19244,KCMA,KCRQ
19245,KCLT,KPHL
19246,KDTW,KMCI
19247,NZCH,NZHN
19248,KDEN,KDTW
19249,KATL,KDAL
19250,KPIT,KPHL
19251,KIAG,KROC
19252,KORD,KDEN
19253,KSRQ,KATL
19254,KPHL,KBOS
19255,LEMH,LEBL
19256,KCOS,KAPA
19257,LIMC,EDDK
19258,KLGA,KBOS
19259,KVNY,CYVR
19260,KLUK,KBKL
19261,SBGR,SBRJ
19262,KORD,KJFK
19263,NZNE,NZWJ
19264,SBMT,SDNI
19265,KMSP,KCMH
19266,KRFD,KPHX
19267,KPWK,KOSU
19268,KSLC,KORD
19269,KMCI,KDEN
19270,KMDW,KCLT
19271,CYVR,CYYC
19272,PN14,KBTP
19273,KCRQ,KHHR
19274,KCGZ,KFFZ
19275,KOPF,KMIA
19276,KONT,KSJC
19277,KBOS,KORD
19278,KPDX,KLAX
19279,YSTW,YBBN
19280,YSCB,YSSY
19281,KGPI,KMSP
19282,KTEB,KSLK
19283,KMCC,KLHM
19284,YPAD,YSSY
19285,KSFO,02XS
19286,K9F9,KFTW
19287,KLAF,KMCX
19288,SBRJ,SBBR
19289,KDTW,KPIT
19290,KDEN,KLAX
19291,KECP,KDCA
19292,KCLT,KMIA
19293,LOWW,EDDK
19294,KSFO,KFAT
19295,KBWI,KORD
19296,KEDC,KHYI
19297,KBDR,KLGA
19298,KPAE,WN20
19299,VIDP,VABB
19300,KADS,KF69
19301,KSEA,KGEG
19302,KMYF,KVNY
19303,EGNT,LFPG
19304,LFPG,EDDK
19305,KATL,KTUL
19306,YSBK,YSCH
19307,KDFW,KVPS
19308,SBSP,SBBR
19309,KMSP,KMDW
19310,KC83,KLVK
19311,KFFZ,KA39
19312,KBFI,KS50
19313,LEBL,LEPA
19314,KTEB,KRDU
19315,KBOS,KPVC
19316,KDEN,KMDW
19317,LIPE,EBBR
19318,KSEA,KSJC
19319,KDFW,KTYS
19320,KDEN,KSLC
19321,KDAY,KATL
19322,KATL,KPHL
19323,CYHU,CZBM
19324,KPDX,KBOI
19325,CYYC,CYVR
19326,KLOT,KC09
19327,KMSP,KDEN
19328,KPDK,KLUK
19329,KFLL,KATL
19330,KOMA,KMSP
19331,KIND,KDEN
19332,KORD,KDAY
19333,CYUL,CYBG
19334,KDTW,KPHL
19335,KSEA,KBOI
19336,KBUR,KSBA
19337,KPWK,K3CK
19338,KLAS,KSDL
19339,ESSA,EBLG
19340,SBGR,SBRJ
19341,KDEN,KPHX
19342,LIPZ,EDDP
19343,KMSP,KPHL
19344,KSDF,KLDJ
19345,KSJC,KSEA
19346,KSAT,KHHR
19347,KFXE,KMIA
19348,KDEN,35OR
19349,CYVR,KSFO
19350,KSTS,KO60
19351,YMAY,YSSY
19352,KDFW,KCMH
19353,KBNA,KLGA
19354,SBRJ,SBSP
19355,EHAM,LFPG
19356,KAUS,KADS
19357,EKCH,LFPG
19358,LSZM,EDDP
19359,KSEA,KPDX
19360,KVNY,KLAS
19361,LIRF,LICJ
19362,LEMH,LEMD
19363,KSFO,KLAS
19364,KDCA,KJFK
19365,KPHX,KNYL
19366,KCVG,KDFW
19367,KSFO,KBOI
19368,EGGW,LFPB
19369,SBVT,SBRJ
19370,KLAS,KLAX
19371,KMSP,KMDW
19372,KSDF,KMSP
19373,LEBL,LFPG
19374,KFRG,KTEB
19375,KSNA,KPHX
19376,KIAD,CYYZ
19377,KSFO,KPDX
19378,KE16,KRHV
19379,KWVI,KRHV
19380,KMQY,KM54
19381,KAPA,KMKC
19382,EGNX,EGAA
19383,KCMH,KATL
19384,KMSP,KORD
19385,KDEN,KDFW
19386,NZCH,NZWN
19387,LFML,EDDP
19388,YPAD,YBBN
19389,KSEA,35OR
19390,KATL,KPHL
19391,LPPR,LPFR
19392,KBOI,KSEA
19393,KSJC,KPHX
19394,KOMA,KMDW
19395,YSWG,YSSY
19396,K1G4,KLAS
19397,LEPA,LEBL
19398,4SC4,SC43
19399,KPHX,KATL
19400,KFLL,KATL
19401,KBUR,KCRQ
19402,KSDF,KMSP
19403,KATL,KBNA
19404,KATL,KPNS
19405,TE57,K5C1
19406,EIDW,EBLG
19407,KDFW,KMKE
19408,KBUF,KJHW
19409,KIND,KBOS
19410,KPHL,KATL
19411,KADS,KFTW
19412,KLGA,KMSP
19413,KMCI,KDFW
19414,LIMC,EDDP
19415,ULLI,UWKD
19416,KSDF,KJFK
19417,KATL,KDFW
19418,KCLT,KFLL
19419,LZIB,EDDP
19420,KBUR,KLAS
19421,YPAD,YBBN
19422,EINN,EDDM
19423,KCLT,KROC
19424,KSTS,KSEA
19425,KPOC,KTOA
19426,KRHV,KE16
19427,WA67,KSPB
19428,KJFK,KRDU
19429,LEBL,EBLG
19430,KATL,KMDW
19431,KPHX,KSEA
19432,KDTW,KMDW
19433,EFHK,EETN
19434,SBRJ,SBBR
19435,PN14,KBTP
19436,KDCA,KATL
19437,KPIT,KATL
19438,KSMO,KCRQ
19439,KHIO,KSPB
19440,KSEA,KSBP
19441,LIME,EDDK
19442,KSFO,KMSP
19443,SPJC,SPST
19444,NZCH,NZNV
19445,KATL,KORD
19446,SBRJ,SBSP
19447,KDFW,KONT
19448,KLAX,KSEA
19449,KBJC,KAPA
19450,KHAF,KPAO
19451,IN93,KORD
19452,KHIO,KFHR
19453,KPHX,KMSP
19454,RCTP,RJBB
19455,ENBR,ENZV
19456,EGNX,EDDK
19457,LEBL,EDDK
19458,KATL,KBWI
19459,YWLM,YBBN
19460,KRDU,KATL
19461,KDEN,KORD
19462,ULLI,UUEE
19463,KMSN,KORD
19464,KJFK,KFLL
19465,KBWI,KFLL
19466,KMSP,KMSN
19467,KTEB,KLOM
19468,KLGA,KFLL
19469,KLAX,KLAS
19470,KPHL,KBUF
19471,KHOU,KDFW
19472,KAPA,KLMO
19473,KLAS,KSEA
19474,YMAY,YMML
19475,KDCA,KPHL
19476,KHSV,KDFW
19477,KMSP,KDFW
19478,KMCE,KLAX
19479,KDFW,SC43
19480,EDDM,EDDP
19481,LIBD,LIPE
19482,SBRJ,SBBR
19483,KLGA,CYYZ
19484,YSCH,YSSY
19485,LIPZ,EDDK
19486,KCLT,KPVD
19487,NK43,KORD
19488,KLAX,KSAT
19489,YKEL,YSSY
19490,CYYC,CYVR
19491,SBGR,SSJC
19492,KDFW,KCTK
19493,KAUS,KATL
19494,KE16,KSJC
19495,KVNY,KSAN
19496,KATL,KDAY
19497,KOAK,KSAN
19498,KTUL,KATL
19499,OR28,KMMV
19500,KMSP,KDEN
19501,LEMD,EDDK
19502,KSFO,KLAX
19503,KSTL,KDFW
19504,KLAX,KPHX
19505,KCLT,KPHL
19506,KPAO,KTCY
19507,KLGA,KMKE
19508,KLAS,KSAT
19509,KSBP,KBUR
19510,WA09,KPAE
19511,K1G4,KLAS
19512,KMDW,KDTW
19513,CYYZ,KORD
19514,OL23,KRVS
19515,KPHX,KPSP
19516,KCMH,KLGA
19517,KJFK,KROC
19518,KBNA,KATL
19519,ENBR,ENZV
19520,KATL,KHSV
19521,KBWI,KLNS
19522,KHOU,KDAL
19523,KMCI,KLAS
19524,SBSP,SBRJ
19525,KPHL,KCLT
19526,KCNO,KCRQ
19527,KDCA,KORD
19528,KBOI,KMSP
19529,KORD,KMSP
19530,KORF,KATL
19531,KSDF,KTYS
19532,KPVD,KORD
19533,OK29,KGLE
19534,KPIT,KJFK
19535,KEWR,KLDJ
19536,KMLI,KORD
19537,KBNA,KFLL
19538,EDDM,LFPG
19539,KCLT,KORF
19540,03PS,KDTW
19541,KBDR,KHPN
19542,KNUC,KNZY
19543,EPWA,EPGD
19544,KMSP,KMCI
19545,KSDF,KPHL
19546,KLAS,KBUR
19547,KSNA,KLAS
19548,SBRJ,SBBR
19549,KHOU,KPHX
19550,KAVP,KORD
19551,KDTW,KMSP
19552,KSEA,KPDX
19553,KBOS,KDCA
19554,YPAD,YSSY
19555,KAPA,KOKC
19556,KORD,KOMA
19557,4GA9,KGVL
19558,LIPO,EDDP
19559,KCLT,KMKE
19560,KMDW,KATL
19561,LKPR,EDDK
19562,KDEN,KDTW
19563,KLAX,KSJC
19564,KEWR,KFLL
19565,YSSY,YPAD
19566,25CD,KCOS
19567,KIAD,KATL
19568,KDAL,KUTA
19569,YSBK,YSWG
19570,K1G4,KLAS
19571,KOUN,KPWA
19572,EPWA,UKKK
19573,CYVR,CYYJ
19574,KSMF,KSNA
19575,KPVD,KBWI
19576,KPHL,KMDW
19577,KLAS,KPHX
19578,KFLL,KBWI
19579,KSAN,KLAS
19580,KLGA,KBNA
19581,KABE,KORD
19582,XA99,K52F
19583,KJVL,LL22
19584,KCLT,KORD
19585,YSCB,YWLM
19586,KBJC,KBDU
19587,SBKP,SSJC
19588,KDEN,KRDU
19589,NZPM,NZAA
19590,K1G4,KLAS
19591,KATW,KATL
19592,KLAS,KSEA
19593,KADS,KPWA
19594,KOAK,KPDX
19595,KSTS,KPHX
19596,PAEN,PANC
19597,KRYY,KCZL
19598,KLAX,KSFO
19599,KPHX,KLAX
19600,SBSP,SBBR
19601,KBNA,KORD
19602,KPDK,KLUK
19603,KBOS,KORD
19604,KCLT,KLGA
19605,KPWK,KMDW
19606,CYYZ,KDFW
19607,KMOD,KHWD
19608,NZAA,NZCH
19609,KFXE,KOPF
19610,KFDK,WV61
19611,LFRN,EBLG
19612,KFWS,KCRS
19613,KDCA,KATL
19614,KLAS,KPHX
19615,KORF,KLGA
19616,KDPA,KPDK
19617,KLGB,KLAS
19618,KCMH,KTEB
19619,KBUR,KOAK
19620,KHOU,KDAL
19621,KAUS,KLAX
19622,KSDF,KDTW
19623,KSMF,KBOI
19624,KLUK,3OH7
19625,RCTP,VHHH
19626,KIAD,KATL
19627,YSWG,YSSY
19628,KSRQ,KATL
19629,KDAL,KTUL
19630,SBGR,SBGL
19631,KMDW,KGRB
19632,SBSP,SBVT
19633,KATL,VA73
19634,KATL,02XS
19635,02II,K5I4
19636,LSZM,EBLG
19637,CYVR,KSEA
19638,KEDU,KSAC
19639,K1H8,KC16
19640,EGPD,EGNX
19641,EKCH,EDDP
19642,KCMH,KHPN
19643,EDDM,EDDK
19644,KONT,KDEN
19645,EGSS,LFPG
19646,KMIA,KBNA
19647,KBFI,KPAE
19648,KEWR,KORF
19649,YMML,YWLM
19650,KATL,02XS
19651,KSAT,KLAX
19652,KAUS,KFLL
19653,SBVT,SBSP
19654,CYVR,KPDX
19655,KVNY,KSMX
19656,KRVS,OK13
19657,KABE,KCLT
19658,NZCH,NZAA
19659,KDAL,KATL
19660,KFLL,KBNA
19661,UUWW,UWKD
19662,KPHX,KSNA
19663,KDXR,KTEB
19664,KPHL,KATL
19665,KMDW,02XS
19666,KSYR,KTEB
19667,KATL,KDEN
19668,KBOI,KSJC
19669,KSAT,KDAL
19670,KGRB,KORD
19671,KDFW,KLAX
19672,YBBN,YSSY
19673,LIMC,EDDP
19674,YMML,YSSY
19675,KSDF,KPHL
19676,KSFO,KPHX
19677,KLAS,KOMA
19678,KONT,KDEN
19679,KMCI,KDEN
19680,KSMF,KPHX
19681,KDEN,KABQ
19682,KMHT,KDCA
19683,KATL,KRDU
19684,KFLL,KTEB
19685,KLAX,KOMA
19686,KAPC,KSTS
19687,KCLT,KSRQ
19688,CNV9,CYUL
19689,KDAB,KATL
19690,KDCA,KMCI
19691,KVNY,KLAS
19692,0WN1,WN45
19693,KDCA,KDFW
19694,KLAS,KPHX
19695,KSAN,KSJC
19696,YMML,YSSY
19697,KSEA,KBOI
19698,KDFW,KMSN
19699,KECP,KATL
19700,YSSY,YKEL
19701,KPWK,K10C
19702,YWLM,YSSY
19703,LEMD,LFPG
19704,KPSP,KSEA
19705,KHOU,KDAL
19706,KBOS,KDCA
19707,KDCA,KATL
19708,SBGR,SBBR
19709,KSDF,KLDJ
19710,KMIA,KLGA
19711,KORD,CYYZ
19712,KCVG,KATL
19713,KAPA,02XS
19714,KAND,SC32
19715,KATL,KTYS
19716,KSFO,KSDL
19717,KDEN,KLAS
19718,KSMF,KPHX
19719,KMSP,KMDW
19720,KORD,KMSN
19721,CYVR,KLAX
19722,KSDF,KDFW
19723,KGAI,KDMW
19724,KSEA,KPDX
19725,KTEX,KAPA
19726,KPDX,35OR
19727,KSDF,KPHL
19728,6CO4,KFNL
19729,KFYM,KHUA
19730,KMSP,KDTW
19731,KATL,KSTL
19732,YMML,YSCB
19733,KCLT,KBNA
19734,KSDF,KRFD
19735,KMSP,KBNA
19736,KOAK,KLAS
19737,KLAX,KABQ
19738,KCLT,KPNS
19739,YBMC,YSSY
19740,KCRQ,KVNY
19741,KOMA,KDTW
19742,KIND,KLGA
19743,EDDV,EBLG
19744,KONT,KDAL
19745,KATL,KDTW
19746,KISP,KHPN
19747,YSSY,YSTW
19748,KSFO,KPHX
19749,SBGR,SBVT
19750,KSYR,KORD
19751,KPAE,KPHX
19752,EDDK,EDDP
19753,KSDF,KDEN
19754,KHOU,02XS
19755,KCMH,KPHL
19756,NZAA,NZWR
19757,KBUF,KBWI
19758,NZWN,NZCH
19759,KMCI,KPHL
19760,KOAK,KPHX
19761,VHHH,RPLL
19762,KPHX,KLAS
19763,KMSP,KMKE
19764,CYUL,KTEB
19765,KGKY,KINJ
19766,KLAS,KPHX
19767,KCLT,KALB
19768,KROC,KORD
19769,KHSV,KORD
19770,KORD,CYYZ
19771,KSTL,KPHL
19772,KBUY,KIAD
19773,61OH,KPOV
19774,KEWR,CYYZ
19775,KSMF,KPDX
19776,CO59,KBJC
19777,KLGA,AL16
19778,YSSY,YMML
19779,SBKP,SBGL
19780,KATL,KSDF
19781,KSEA,KPSP
19782,KDCA,KSTL
19783,KPNS,KMIA
19784,KDTW,KROC
19785,KPGV,KCLT
19786,YBCG,YSSY
19787,KLOU,3IN6
19788,KTOA,KAVX
19789,KHHR,KCNO
19790,LIMC,EBLG
19791,KDEN,KMSP
19792,KDTW,KMDW
19793,KPHL,KBOS
19794,KSFO,KLAX
19795,KPSP,KHHR
19796,KBDR,KBED
19797,SBBR,SBSP
19798,ULLI,UUYY
19799,KSAT,KATL
19800,LFML,EBLG
19801,KSTL,KATL
19802,KVPS,KATL
19803,KGVT,KADS
19804,LPPT,LPPD
19805,KTCY,KLVK
19806,KISP,KBWI
19807,KBWI,KCLT
19808,KSLC,KSJC
19809,KLGB,KSNA
19810,CYYZ,KTEB
19811,KLAX,KLAS
19812,KATL,KBNA
19813,KLAS,KPDX
19814,KDTW,KCLT
19815,KSDF,KBOS
19816,KHPN,KCLT
19817,KDFW,KDTW
19818,KORF,KORD
19819,NZTG,NZAA
19820,RCTP,VHHH
19821,KDEN,KSEA
19822,LEMH,LEBL
19823,YSTW,YSBK
19824,KDTW,KIAD
19825,OL03,KHIO
19826,KSDF,KORD
19827,KRIR,KFUL
19828,KLAS,KSNA
19829,KPDX,KABQ
19830,NZAA,NZOI
19831,KGVT,KADS
19832,KFXE,KOPF
19833,LFBO,LFPG
19834,KRHV,KWVI
19835,CYYJ,CYVR
19836,KCLT,KVPS
19837,KMCX,KLAF
19838,KSEA,KBFI
19839,1OK0,KRVS
19840,KCLT,KATL
19841,YSSY,YBBN
19842,KTEB,KBED
19843,KRDU,KORD
19844,KLZU,4GA9
19845,KSFO,KLAX
19846,KLOU,3IN6
19847,7XS1,KFTW
19848,KLGA,KATL
19849,LIME,LIBD
19850,EGSS,EIDW
19851,KPNE,KBOS
19852,KSDF,KDFW
19853,KDEN,KLAS
19854,KCBF,97IA
19855,KMYF,KONT
19856,KRDU,KMIA
19857,K10C,KPWK
19858,CYVR,CYWG
19859,YBCG,YRED
19860,KDCA,KBOS
19861,KDCA,22MD
19862,YWLM,YSCB
19863,KDTW,KATL
19864,SKBO,SPJC
19865,NZAA,NZWJ
19866,KMGY,KSGH
19867,KSLC,KOAK
19868,KIND,KBOS
19869,KPOC,KSNA
19870,KWVI,KOAK
19871,KSAC,KAPC
19872,KPWK,KDPA
19873,KSMX,KVIS
19874,KSLC,KLAS
19875,KIAD,KTYS
19876,KDAL,KABQ
19877,KATL,NC03
19878,KBWI,KISP
19879,KSLC,KSJC
19880,KSDL,KCRQ
19881,SBBR,SBSP
19882,KSTL,KMIA
19883,KLUK,KDTS
19884,KPHL,KORD
19885,KMCI,KATL
19886,KCRQ,KSNA
19887,EDDB,EDDK
19888,KMSP,KPHL
19889,KSAN,KSEA
19890,KDTW,KDCA
19891,KSNA,KWHP
19892,KBOS,KATL
19893,KSEA,KONT
19894,KPDX,KFAT
19895,KTYR,KDFW
19896,KSAT,KBNA
19897,KSJC,KLAS
19898,KMDW,KATL
19899,CYYC,CYXE
19900,KIAH,KSAT
19901,KATL,KPHL
19902,KMDT,KORD
19903,KTOA,KSEE
19904,KSAN,KPHX
19905,KSNA,KPSP
19906,KSKA,KSEA
19907,KSHD,KORD
19908,KLAS,KSFO
19909,KPHX,KIWA
19910,NZPP,NZOM
19911,KLGA,KCLT
19912,EPWA,EPKK
19913,KIAD,KJFK
19914,KBED,KOWD
19915,87CO,KFTG
19916,KFAT,KPHX
19917,KBOS,CYYZ
19918,KDWA,KSAC
19919,KSLC,KSAN
19920,EGPH,EGSS
19921,KLGB,KLAS
19922,KMAE,KFCH
19923,LSZM,EDDP
19924,NZCH,NZAA
19925,KSEA,KGEG
19926,KTYS,KDCA
19927,KSNA,KOAK
19928,YWLM,YMML
19929,LTAC,UKBB
19930,LFPG,EDDP
19931,KLOU,KJVY
19932,KCGZ,KCHD
19933,KHPN,KISP
19934,KJFK,KATL
19935,KLAS,KBUR
19936,KHEF,KCJR
19937,KSEA,KLAS
19938,KDEN,KSAN
19939,KA39,KFFZ
19940,KLGA,KSTL
19941,TJSJ,KMIA
19942,KATL,KTYS
19943,KMAE,KFAT
19944,KBNA,KCMH
19945,KSFO,KGEG
19946,KSDF,KOMA
19947,KBOS,KRDU
19948,KCVG,KCLT
19949,KSJC,KPHX
19950,RJTT,RJFF
19951,KBVI,1PA5
19952,KARB,36MI
19953,CYBW,CGB2
19954,KSNA,KCNO
19955,KSLC,KLAS
19956,KMSP,02XS
19957,KBFI,CYYJ
19958,LTAC,UKBB
19959,KDEN,KPDX
19960,KATL,86GA
19961,EGNX,EDDK
19962,KLAX,KPHX
19963,KDEN,KSTL
19964,KSFO,KSEA
19965,KLGA,KATL
19966,KAUS,KBNA
19967,KPDX,KLAX
19968,KIND,KMSP
19969,KSLC,KBOI
19970,KBUF,KORD
19971,EDDM,EBLG
19972,KCRQ,KRNM
19973,NZCH,NZRO
19974,K1H3,KSUS
19975,KRHV,KWVI
19976,KRHV,KE16
19977,KBFI,KPWT
19978,EHAM,EDDP
19979,KI68,2OH9
19980,KDEN,KSAN
19981,KLAS,KSAN
19982,ESMS,EDDK
19983,KDCA,KCLT
19984,KTDF,KRDU
19985,KAUS,KBNA
19986,KMSP,KDEN
19987,VIDP,VEPI
19988,KPRC,KP52
19989,KSMF,KPHX
19990,KFCM,KACQ
19991,KLAS,KSNA
19992,KIAD,KCLT
19993,KPHL,KSYR
19994,KBMI,KLOT
19995,KOPF,KTEB
19996,KFRG,49NY
19997,KMDT,KATL
19998,KHHR,KPHX
19999,KJFK,KBOS
20000,KSBA,KSNA
20001,KPAO,KE16
20002,KVIS,KSBP
20003,KGRB,KATL
20004,KSEA,KSFO
20005,KLOU,3IN6
20006,KLAS,KSNA
20007,KATL,KPHL
20008,KISP,KPHL
20009,KREI,KSEE
20010,KIAD,KSTL
20011,00KS,SN59
20012,KSQL,KSMX
20013,KSMF,KLAS
20014,KDFW,KORD
20015,KPDX,KSEA
20016,KPHL,KATL
20017,KBFI,KAWO
20018,KVNY,KSNA
20019,KSDF,KMSP
20020,KPHL,KORD
20021,GA53,KPDK
20022,KBNA,KDAL
20023,KHSV,KPTK
20024,KABE,KATL
20025,KSLC,KLAX
20026,88MN,KFCM
20027,KATL,KORD
20028,PAEN,PANC
20029,KMMV,OR28
20030,KDAL,KPHX
20031,KATL,KFLL
20032,NK43,KORD
20033,KIAD,KORD
20034,KEWR,KORD
20035,KSAN,KVNY
20036,KDCA,KBOS
20037,KBUF,KORD
20038,KCGF,KDAY
20039,YSSY,YMML
20040,KCMH,KORD
20041,KSFO,KLAS
20042,KOKC,KATL
20043,VIDP,VECC
20044,KLAX,KLAS
20045,KMIA,KDCA
20046,KPIT,KBFD
20047,KPNS,KATL
20048,KDAL,KMKE
20049,KRDU,KATL
20050,KLEB,KBOS
20051,KIAD,KORF
20052,KLAX,KSFO
20053,KMCI,KBNA
20054,KORD,KBNA
20055,KMDW,KMCI
20056,KROC,KBWI
20057,LIPE,EDDP
20058,KLNK,NE42
20059,RJTT,RJOO
20060,KGPI,KSEA
20061,EGNX,EDDP
20062,KADS,XA45
20063,KSBA,KSNA
20064,KSTL,KATL
20065,KOKV,KJYO
20066,KLAX,KSLC
20067,KCMH,KTEB
20068,KSGF,KDFW
20069,KSNA,KLAS
20070,KMQY,9TN9
20071,NZAA,NZWN
20072,KLNK,NE42
20073,IL38,KARR
20074,KEWR,KORD
20075,KIND,KDCA
20076,KBVI,32PN
20077,KLAX,KTUS
20078,KMDW,KMMU
20079,KSQL,KLHM
20080,YSSY,YSCB
20081,KLAS,KLAX
20082,KSNA,KSBA
20083,KL73,KVIS
20084,KSGF,KMKC
20085,CYVR,CYCD
20086,KCRQ,KLAS
20087,KSMF,KPDX
20088,YSSY,YBCG
20089,KSDF,KSYR
20090,RPLL,VHHH
20091,EGLL,EBBR
20092,KBNA,KORD
20093,YCAB,YBAF
20094,KSEA,KSJC
20095,KSNA,KPHX
20096,KHOU,KSTL
20097,RJBB,RJTT
20098,EGBB,LFPG
20099,KCBF,KOMA
20100,VABB,VIDP
20101,KSDL,KAPA
20102,KBTL,MI77
20103,KSEA,35OR
20104,KORD,KBNA
20105,KSDF,KRDU
20106,KDAL,KSTL
20107,KAUS,02XS
20108,KDEN,KORD
20109,KIAD,KLDJ
20110,WA49,KPDX
20111,KBUR,KPHX
20112,SBKP,SBBR
20113,KSBA,KOAK
20114,KLEB,KBOS
20115,UUDD,ULLI
20116,OL23,KRVS
20117,KLGA,KATL
20118,KORD,KTYS
20119,KUAO,K7S9
20120,52MO,KSUS
20121,KGRR,KMSP
20122,EGAA,EGNX
20123,KDCA,KLGA
20124,KORD,KPHL
20125,UUEE,ULLI
20126,KSFO,KSEA
20127,KEWR,KRDU
20128,SBBR,SBKP
20129,KIAD,KPHL
20130,KADS,KF69
20131,KSTL,KPWK
20132,KCWA,KORD
20133,KDEN,KPSP
20134,KLGA,KBKL
20135,KBNA,KATL
20136,KCLT,KORD
20137,KLGB,KSMO
20138,KDEN,KBNA
20139,KTEB,CYUL
20140,KMCI,KBWI
20141,KIAD,KBOS
20142,KFHR,KBFI
20143,KDFW,1MU0
20144,LFPG,EDDK
20145,KOAK,KLAS
20146,KDFW,KPHX
20147,KLGB,KL70
20148,KCWA,KORD
20149,KLAS,KBUR
20150,KDEN,KDFW
20151,EKCH,EBBR
20152,PAMR,PABG
20153,KSEA,KBLI
20154,KSMF,KSAN
20155,6PA3,KLNS
20156,KGRR,KMSP
20157,KDFW,KDEN
20158,SBBR,SBRJ
20159,KPHL,KATL
20160,SBCO,SBKP
20161,KSYR,KORD
20162,ESMS,EBLG
20163,KPDK,4GA9
20164,KFHR,KBLI
20165,KOAK,KBUR
20166,KADS,KF69
20167,KOJC,SN47
20168,KIAD,KPVD
20169,KDTW,KMKE
20170,EGNX,EDDK
20171,KOUN,KRVS
20172,NZRO,NZAA
20173,KSFF,KBOI
20174,KIAD,KLGA
20175,KOMA,KORD
20176,KDFW,02XS
20177,KHOU,KDAL
20178,LIMC,LFPG
20179,KADS,KF69
20180,KATL,KLGA
20181,KDAL,02XS
20182,KORD,71KY
20183,KRVS,OK13
20184,KCLT,KPVD
20185,SBSP,SBRJ
20186,KSFO,KPDX
20187,KDCA,KDTW
20188,KBOS,ME45
20189,KMSP,KATL
20190,EGLL,EDDP
20191,CYYC,CYVR
20192,KDFW,KTUL
20193,KCRQ,KRNM
20194,EGSS,EDDK
20195,KSAN,KPHX
20196,KSNA,KLAS
20197,KCRS,KFWS
20198,KOAK,KLAS
20199,EGNX,LIMC
20200,KAVX,KSNA
20201,SBCO,SBSP
20202,KLAX,KPDX
20203,CYYZ,KORD
20204,KIAD,KROC
20205,OEDF,OERK
20206,KBOS,KDCA
20207,KSEA,KSFO
20208,PAMR,PABG
20209,EGAA,EGSS
20210,KSDF,KBWI
20211,KSLC,KSDL
20212,KSTL,KCLT
20213,KATL,SC32
20214,CYYJ,CYPK
20215,KATL,KORD
20216,KMIA,KBWI
20217,LIMC,EDDP
20218,KBVI,KUCP
20219,KRDU,KORD
20220,KOMA,KAPA
20221,KCLT,KFTY
20222,KAUS,KDFW
20223,KBTL,7MI7
20224,KTYS,KORD
20225,KORD,KSTL
20226,KHOU,KDFW
20227,KATW,KORD
20228,SBGR,SBRJ
20229,KAVX,KLGB
20230,OK08,KDFW
20231,KBOS,KDTW
20232,KCLT,KLGA
20233,KFAY,KATL
20234,KLGB,KSNA
20235,KSMO,KCMA
20236,KCRQ,KPHX
20237,KSTL,KCPS
20238,KHQZ,KADS
20239,KDAY,KDTW
20240,KORD,KSYR
20241,KSAN,KBOI
20242,KDFW,KBNA
20243,KPHL,KSWF
20244,KCMH,KDTW
20245,KSLC,KPSP
20246,KPDX,KSFO
20247,KIAD,KDTW
20248,KDTW,KBUF
20249,KJYR,KLNK
20250,LPPT,LPPR
20251,KEWR,KCLT
20252,EDDK,LFPG
20253,KIAD,KBKL
20254,KORD,KRDU
20255,KOAK,KSEA
20256,KHPN,KABE
20257,KFLL,KATL
20258,KLGB,KPHX
20259,KCRQ,KHMT
20260,KDTW,KATW
20261,7OH2,KORD
20262,KAUS,KPHX
20263,KE16,KRHV
20264,KDEN,KOMA
20265,OBBI,OERK
20266,KPHX,KSAF
20267,KDFW,KPNS
20268,KC83,KOAK
20269,KATL,KORD
20270,KORD,KTUL
20271,EGNX,EDDP
20272,LFPG,EDDP
20273,KM54,KMQY
20274,5MI8,KDTW
20275,ZGSZ,ZUCK
20276,KCLT,KTUL
20277,KGRR,KMDW
20278,PAEN,PANC
20279,EGSS,EBLG
20280,KHPN,KATL
20281,KDEN,KMKE
20282,KCMA,KFUL
20283,KDFW,KABQ
20284,YMMB,YMPC
20285,CPN8,CYXU
20286,KECP,KBNA
20287,KDEN,KABQ
20288,RJTT,RJOM
20289,SBKP,SBRJ
20290,KSJC,KLAX
20291,KIAD,KRDU
20292,KIAD,KBUF
20293,KIND,KORD
20294,KSEA,KYKM
20295,KLOT,89LL
20296,KLAF,KCFJ
20297,KDFW,KSAT
20298,KCOS,KAPA
20299,KDEN,KSAN
20300,KDEN,KMCI
20301,EKCH,EDDK
20302,KDFW,KSDF
20303,EGPH,EGNX
20304,KRHV,KSNS
20305,KSNA,KVNY
20306,EDDM,EDDK
20307,KORD,KMKE
20308,KONT,KPHX
20309,KPVU,KIWA
20310,YSWG,YSBK
20311,KMDT,KORD
20312,KVCB,KDVO
20313,SPST,SPJC
20314,KSAN,KLAS
20315,KBUR,KPHX
20316,KIAD,KLGA
20317,KDTW,KATL
20318,KAUN,KTRK
20319,KSFO,KLAX
20320,UUDD,UWKD
20321,KLAS,KSAN
20322,NZRO,NZTO
20323,KDEN,KPHX
20324,TXKF,KJFK
20325,KSTL,KMDW
20326,KLAX,KPDX
20327,RJFF,RJTT
20328,KLGB,KTOA
20329,KNZY,KNUC
20330,KBWI,KBKL
20331,KHOU,KATL
20332,KDTW,KMSN
20333,KIND,KDTW
20334,KRNM,KMYF
20335,YSSY,YBTH
20336,KLGA,KDTW
20337,KORD,KDCA
20338,KDTW,KCMH
20339,KIAD,KATL
20340,KIND,KORD
20341,YBCG,YLIS
20342,YSSY,YBBN
20343,KLAF,KCFJ
20344,KMKE,KATL
20345,KSNA,KCRQ
20346,KFAT,KSEA
20347,RJTT,RJOA
20348,KCRQ,KHMT
20349,KORD,KLGA
20350,KDFW,KVPS
20351,KCWA,KMSP
20352,KLAS,KOAK
20353,KIAD,0PA6
20354,KDEN,KD54
20355,KDTW,KBOS
20356,3IN6,KLOU
20357,16MI,KORD
20358,SBBR,SBGR
20359,KMSN,KATL
20360,PAEN,PANC
20361,KLAX,KLAS
20362,PN14,KBTP
20363,CYPQ,CTN7
20364,KCVG,KBOS
20365,KLAS,KPHX
20366,KBOS,KRDU
20367,KTUL,KDFW
20368,KD73,KPDK
20369,KBJC,CO07
20370,KCGZ,KFFZ
20371,KDCA,KRDU
20372,KDFW,KSTL
20373,MA72,KBOS
20374,KORD,KY51
20375,KIAD,KORF
20376,KVGT,KPHX
20377,KCJR,KHEF
20378,KMDT,KCLT
20379,NZAA,NZGB
20380,KROC,KIAG
20381,RJFF,RJTT
20382,RJTT,RJOA
20383,KIAD,KALB
20384,LPPT,LPMA
20385,KPHX,KSNA
20386,KDVT,KCHD
20387,KCLT,KDCA
20388,KDEN,NE42
20389,KMHR,KOAK
20390,KSAF,KDFW
20391,KDTW,KLGA
20392,KPDK,KOPF
20393,KSDL,KHND
20394,KSNS,KRHV
20395,KONT,KOAK
20396,YPMQ,YSBK
20397,KSAT,KDAL
20398,KMVY,KPVD
20399,KCLT,KBWI
20400,EGNX,EDDP
20401,LFPG,EBLG
20402,KSDF,KPHL
20403,KABQ,KHHR
20404,KC83,KLVK
20405,4SC4,KLQK
20406,KSTL,KDAL
20407,KSNA,KSDL
20408,NZCH,NZWN
20409,EDDP,LZIB
20410,YWLM,YBBN
20411,YBBN,YSSY
20412,KAUS,KATL
20413,KCLT,KBNA
20414,KBOS,KJFK
20415,KATL,KORF
20416,NZPM,NZAA
20417,KIAD,KBOS
20418,KATL,KDTW
20419,KSTL,02XS
20420,LIML,LIRA
20421,KAVQ,KFFZ
20422,KBNA,KORD
20423,KMDW,KOMA
20424,KBWI,KATL
20425,KLAS,KSFO
20426,KBED,KHPN
20427,KROC,KORD
20428,KDEN,KTUS
20429,KSJC,KSEA
20430,KHOU,KUTA
20431,KMIA,KATL
20432,KSDF,KORD
20433,KBFI,KCOE
20434,EGNX,EDDK
20435,LPPT,LPFR
20436,RJTT,RJOO
20437,KPHX,KABQ
20438,K45G,KPTK
20439,KRHV,KSNS
20440,KORD,KMSN
20441,KDFW,KATL
20442,KCLT,KATL
20443,KPTW,KPHL
20444,KIAD,KDTW
20445,CYVR,CYYC
20446,KUNV,KHPN
20447,EKCH,EDDP
20448,RJOO,RJTT
20449,KFHR,96WA
20450,KDAL,02XS
20451,LFPG,EDDP
20452,KSJC,KSAN
20453,KVNY,KEMT
20454,CYVR,CYYJ
20455,KPOC,KTOA
20456,KDEN,KPHX
20457,KIAD,KMDT
20458,KBUR,KOAK
20459,KORD,KGRB
20460,KHOU,KFTW
20461,KORD,KLGA
20462,97IA,KCBF
20463,KSTL,KMCI
20464,KDAL,02XS
20465,KDCA,KLGA
20466,KLOU,3IN6
20467,KSDF,KLOU
20468,EBBR,EDDP
20469,YSSY,YSCB
20470,KLAS,KPHX
20471,9NC9,KPHL
20472,KSJC,KLGB
20473,EDDS,EDDV
20474,KLGA,KBOS
20475,KSGF,KORD
20476,KRNM,KSEE
20477,KFAT,KLAS
20478,KBOS,KPVC
20479,KNYL,KPHX
20480,KDAL,KTUL
20481,KPWT,KBFI
20482,KRDU,KATL
20483,KECP,KATL
20484,NZWN,NZCH
20485,KSNA,KPHX
20486,YBCG,YLIS
20487,KSJC,KSNA
20488,CYYZ,CYUL
20489,YSSY,YBBN
20490,KSDL,KSNA
20491,KLAS,KHHR
20492,KDTW,KCLT
20493,EDDM,EDDV
20494,LIMC,LFPG
20495,KCMH,KPHL
20496,KCVG,KPHL
20497,KCLT,KJFK
20498,KSTL,KBWI
20499,CYXE,CYYC
20500,EDDK,EDDP
20501,KCLT,KHSV
20502,KGLH,KDFW
20503,KSTL,KPPQ
20504,KO61,KMCC
20505,KMSN,KDTW
20506,KCMH,KCLT
20507,NZCH,NZNV
20508,KDTW,KCLT
20509,KOPF,KSRQ
20510,KMDW,KOMA
20511,KBNA,KPHL
20512,KGRB,KDTW
20513,KHHR,KPHX
20514,KSEA,KPDX
20515,KC83,KOAK
20516,KADS,KGVT
20517,KBFI,96WA
20518,KBUF,KJFK
20519,KSKA,KSEA
20520,KSAT,4TE9
20521,KCMH,KATL
20522,KEWR,KDTW
20523,NZRO,NZWN
20524,KSTS,KO60
20525,KPIT,KLNS
20526,EDDV,EDDS
20527,KPHX,KTUS
20528,KSQL,KHAF
20529,KRDU,KBOS
20530,KBNA,KIAD
20531,CYUL,CYYZ
20532,KLAS,KPHX
20533,WV22,KFDK
20534,KSFO,KLAX
20535,KRDU,KLGA
20536,KCLT,KORD
20537,KDTW,KORD
20538,KUAO,67OR
20539,KIAD,KABE
20540,EGTE,EGNX
20541,KFHR,KBFI
20542,KORF,KDTW
20543,KTYS,KBNA
20544,KIAD,KDAY
20545,KPWK,KSPI
20546,KPHX,KSJC
20547,KSDF,KATL
20548,EGAA,EGNX
20549,KBNA,KDFW
20550,KBOI,ID44
20551,KSNA,KSJC
20552,KDTW,KORD
20553,KOAK,KLAX
20554,EDDP,LIMC
20555,KBUR,KSJC
20556,KPSP,KPHX
20557,YPAD,YMML
20558,KBWI,KPVD
20559,RJTT,RJFF
20560,KDTW,KPHL
20561,SBRJ,SBGR
20562,KPWT,KRNT
20563,3IN6,KLOU
20564,KORD,KBWI
20565,LIMC,EDDP
20566,KMKE,KBWI
20567,KSMF,KNUQ
20568,KIAD,NC03
20569,KSDF,KDTW
20570,KOUN,KRVS
20571,KATL,KHSV
20572,KCLT,KTYS
20573,SBVT,SBGR
20574,KPNS,KDFW
20575,KDTW,KORD
20576,CZBB,CYPK
20577,KLNK,KMSP
20578,KLGA,KDCA
20579,KCLT,KCMH
20580,KBLI,KBVS
20581,YBBN,YSSY
20582,KI69,21OI
20583,EDDP,LIMC
20584,KPSP,KSFO
20585,KMDW,KATL
20586,CYUL,KIAD
20587,KLGA,KRDU
20588,KSYR,KDTW
20589,KMSN,KMSP
20590,EBBR,EGGW
20591,CYUL,KBOS
20592,KATW,KDTW
20593,KMDW,KBUF
20594,KDMW,KGAI
20595,YWLM,YSCB
20596,KDEN,KOKC
20597,OBBI,OEDF
20598,NZAA,NZCH
20599,KRDU,KPHL
20600,RJTT,RJBB
20601,KCRQ,KPHX
20602,KTYS,KATL
20603,PAEN,PANC
20604,KATL,KMIA
20605,KMSP,KCMH
20606,KEIK,KGXY
20607,LIMC,EBBR
20608,KABE,KDTW
20609,KBNA,KCLT
20610,KJFK,KDTW
20611,NZPM,NZCH
20612,KBOS,KPHL
20613,KOMA,KMSP
20614,KCLT,KDAY
20615,KLAS,KIWA
20616,KRDU,KCLT
20617,YSSY,YMAY
20618,KSNA,KPHX
20619,EDDP,EKCH
20620,KDTW,KPHL
20621,KBWI,KDTW
20622,KDEN,KLAS
20623,EGNX,LFPG
20624,UUEE,ULLI
20625,EDDK,EGNX
20626,KOSU,75OI
20627,KORD,KCMH
20628,YMMB,YLEG
20629,WA09,KPAE
20630,KORF,KPHL
20631,KCRQ,KWHP
20632,KLAX,KSFO
20633,CYXE,CYYC
20634,KTYS,KDTW
20635,KCLT,KIAD
20636,KBUF,KGVQ
20637,2OK4,KRVS
20638,KOMA,7NE6
20639,KFNL,KAPA
20640,EGNX,EBBR
20641,KMSP,KORD
20642,KMKE,KTEB
20643,KPSP,KPHX
20644,K1G4,K61B
20645,KCLT,KSDF
20646,KBOS,KLGA
20647,KDEN,KSLC
20648,KAPA,KBJC
20649,CYCD,CYVR
20650,KCLT,KORF
20651,KOMA,KDFW
20652,SBCO,SBGR
20653,SBRJ,SBGR
20654,KSNA,KLAS
20655,KDAY,KORD
20656,YSSY,YSCH
20657,K6I4,KCFJ
20658,KDTW,KORD
20659,KRDU,KDTW
20660,KSLC,KLAS
20661,KMSN,KORD
20662,KBOS,KPHL
20663,KDTW,KBNA
20664,KBUF,KDCA
20665,KPRC,KSDL
20666,CYUL,CYYZ
20667,KLAS,KABQ
20668,KGRR,KDTW
20669,KCLT,KBUF
20670,KCLT,KPHL
20671,KSNA,KPHX
20672,OBBI,OMDB
20673,KIAD,KCLT
20674,YSSY,YBCG
20675,KDAL,KBNA
20676,KSEE,KRNM
20677,2LL2,KORD
20678,KMCI,KSTL
20679,KPDX,CYVR
20680,YMES,YSLT
20681,KIAD,KDTW
20682,KIAD,KTYS
20683,KHIO,KPAE
20684,KLAX,KPHX
20685,KSDF,KIAD
20686,KCRQ,KRNM
20687,KATL,KBNA
20688,KIAD,KSYR
20689,KMOD,KSAC
20690,KBOS,KDCA
20691,KSEA,KGEG
20692,KAVX,KSMO
20693,KLVK,KHWD
20694,KLAX,KSFO
20695,EGPH,EGNX
20696,YMML,YSSY
20697,SBRJ,SBSP
20698,RJOO,RJTT
20699,KCLT,KJFK
20700,NZTG,NZWN
20701,4GA9,KPDK
20702,KDEN,KMCI
20703,KJVY,KLOU
20704,KHUA,KFYM
20705,KPHX,KSBA
20706,YBBN,YHBA
20707,KATL,KPNS
20708,KCLT,KATL
20709,KLZU,4GA9
20710,KIND,KATL
20711,KPHF,KCLT
20712,YPAD,YCVG
20713,KBWI,KMTN
20714,SPJC,SPST
20715,KAVX,KSNA
20716,KLVK,63CN
20717,34MI,KORD
20718,KFLL,KMIA
20719,KSDF,KORD
20720,KPHX,KLAS
20721,KSGF,KATL
20722,KORD,KMCI
20723,KSUS,KFAM
20724,KIND,KDTW
20725,6NC3,KRDU
20726,KMCI,KDFW
20727,KCRQ,KF70
20728,KHSV,KATL
20729,KAJO,KSNA
20730,KHOU,02XS
20731,KCMH,KORD
20732,KSEA,KPDX
20733,KORD,KBUF
20734,CYYC,CYVR
20735,KMDT,KDTW
20736,NZCH,NZWN
20737,EGPH,EGSS
20738,CYYZ,KIAD
20739,YSSY,YKEL
20740,KCLT,KDAY
20741,0WN1,WN45
20742,KSEA,KGEG
20743,KH04,KTUL
20744,KATL,KDCA
20745,CYYZ,KORD
20746,KJFK,KDCA
20747,KDEN,KOKC
20748,YMEN,YBLT
20749,KPHX,9CA0
20750,KSBA,KBUR
20751,KBUF,KPHL
20752,KSTL,KORD
20753,KBOS,KBWI
20754,KCWA,KDTW
20755,KSDF,KIAD
20756,KCVG,KDCA
20757,CYYZ,KLGA
20758,KMIA,KFLL
20759,KMKC,KLUK
20760,KIAD,KCMH
20761,KPVD,KDCA
20762,NZFI,NZDV
20763,SBSP,SBRJ
20764,KAVX,KFUL
20765,KBUR,KLAS
20766,KSTL,KDTW
20767,KPHX,KHHR
20768,KCLT,KOAJ
20769,YSSY,YSWG
20770,KPHL,KBOS
20771,KORF,KCLT
20772,NZPP,NZOM
20773,KMDW,KDTW
20774,KLAS,KONT
20775,KPHL,KDAY
20776,EDDP,EHAM
20777,KSYR,KJFK
20778,KCVG,KORD
20779,RJFF,RJTT
20780,KIAD,NK54
20781,KSEA,KGPI
20782,KPHX,KPSP
20783,KJFK,KDCA
20784,KBUR,KLAS
20785,KMYF,KRNM
20786,KAUS,KDAL
20787,KCRQ,KLAS
20788,RJTT,RJOM
20789,RJBB,RJTT
20790,KLAS,KSNA
20791,KCLT,OA14
20792,KLNS,KMMU
20793,KSJC,KLAX
20794,KPHX,KONT
20795,KOAK,KSNA
20796,KCLT,NC03
20797,CYYZ,KBOS
20798,YMML,YSCB
20799,KFAT,KVIS
20800,KOSU,75OI
20801,KPIT,KLGA
20802,KPHX,KBUR
20803,KORD,KDTW
20804,LIMC,EDDP
20805,KCRQ,KF70
20806,NZNV,NZCH
20807,KRVS,3OK8
20808,KBNA,KDTW
20809,KPHL,KDCA
20810,EGNX,EIDW
20811,KMKE,KORD
20812,KABQ,KPHX
20813,MN15,KFCM
20814,KPHL,KBUF
20815,KBOI,20ID
20816,KBFI,KPDX
20817,KSEA,35OR
20818,KPHL,PS06
20819,KROC,KDTW
20820,KLAX,KFAT
20821,KBNA,KATL
20822,KCCR,KMOD
20823,YSBK,YKAT
20824,KSMX,KCRQ
20825,LFPG,LFNR
20826,SBRJ,SBSP
20827,KFCM,9MN6
20828,KAWO,80WA
20829,YKEL,YSSY
20830,KTEB,CYUL
20831,KJYO,01VA
20832,KHPN,KTEB
20833,KMSP,KSTL
20834,KSBP,KPRB
20835,KBOI,KPDX
20836,KLAX,KSJC
20837,KMDW,KMCI
20838,KSAN,KSBP
20839,KDFW,KTUL
20840,KFOK,KFRG
20841,KVNY,KNUQ
20842,OH96,KI69
20843,RJTT,RJOO
20844,KCLT,KW91
20845,KE16,KPAO
20846,KPHX,KSNA
20847,CYXE,CYYC
20848,EGSS,EGPH
20849,KPSP,KPHX
20850,KBOS,KMVY
20851,KLAS,KHHR
20852,KOAK,KBUR
20853,KORD,KBNA
20854,YSSY,YSWG
20855,KLAX,KPHX
20856,KRNM,KSNA
20857,KPHX,KSAN
20858,KLVN,KFCM
20859,KDFW,75TE
20860,CYCD,CYVR
20861,2CD6,KAPA
20862,KPHL,NC63
20863,KCVG,KDTW
20864,KONT,KSFO
20865,KLAX,KPHX
20866,CYYJ,CZBB
20867,KHMT,KF70
20868,KPDK,KLUK
20869,KFCM,88MN
20870,CZBB,CYPK
20871,KMYF,KCRQ
20872,KVPS,KATL
20873,KWHP,KSBA
20874,KSEA,6WA3
20875,KOAK,KO69
20876,KFTW,KHOU
20877,KGRB,KMSP
20878,KLAS,KCRQ
20879,KFCM,KMGG
20880,KPHX,KSEZ
20881,KBTL,7MI7
20882,KPHX,KONT
20883,EDDP,EPKT
20884,KSDF,KMDW
20885,KCLT,KRDU
20886,KFAT,KSFO
20887,KLAS,KBUR
20888,KRVS,KPWA
20889,KMKE,KMSP
20890,CYCD,CYVR
20891,KSNA,KPOC
20892,KM37,KRNV
20893,KPAE,KS50
20894,KLAS,KSCK
20895,LFPG,EGSS
20896,KSWI,KT31
20897,KMKE,KORD
20898,KSAN,KVNY
20899,K1H0,6MO6
20900,KNUC,KNZY
20901,KPTK,KVLL
20902,KMSP,4WI4
20903,KTEB,KHPN
20904,KBED,KBOS
20905,KDAL,KSAT
20906,WA09,KBFI
20907,KLGA,KDCA
20908,KJVY,KLOU
20909,KORD,KMKE
20910,KPDX,KSEA
20911,RJOO,RJTT
20912,KUNV,KPHL
20913,KPHX,KLAS
20914,KL70,KVNY
20915,EBLG,EGNX
20916,KORD,KATW
20917,KLAS,KSAN
20918,KMYF,KPMD
20919,KHOU,KDFW
20920,YSCB,YSSY
20921,NZCH,NZWN
20922,CYVR,CAP3
20923,KCNO,KFUL
20924,KSEA,CYVR
20925,KLAS,KLAX
20926,KGYR,13AZ
20927,KTIW,KPAE
20928,KLNK,KMKC
20929,KSAT,KDAL
20930,KORD,KMSN
20931,KJFK,KBED
20932,KBOS,KHPN
20933,KUAO,KMMV
20934,KPTK,KFNT
20935,KSEE,KCRQ
20936,KGVQ,KBUF
20937,KMSP,KMKE
20938,EDDP,EDDK
20939,CYYJ,CYVR
20940,PAEN,PANC
20941,KBWI,KMTN
20942,KLNS,5PA3
20943,MI56,MI35
20944,KPHX,KPSP
20945,KSNA,KLAS
20946,KLOU,64KY
20947,WN51,KBLI
20948,KVNY,KEMT
20949,KTYS,KBNA
20950,KUES,KHXF
20951,KCRQ,KSNA
20952,KOAK,KO69
20953,YSSY,YSTW
20954,NZAA,NZWN
20955,KSEE,KHMT
20956,KBFI,4WA4
20957,KEMT,KCMA
20958,NZWP,NZKE
20959,KMSP,KMSN
20960,KSEE,KRNM
20961,KAUS,KSAT
20962,KBOS,KMVY
20963,KLVK,KWVI
20964,KPAO,CL77
20965,KVNY,KCMA
20966,YSSY,YSCB
20967,KLNS,14PS
20968,WA04,KBFI
20969,YSBK,YKAT
20970,KCNO,KFUL
20971,KSBA,KSFO
20972,CYVR,CYCD
20973,KMOD,KVIS
20974,KLOU,3IN6
20975,KFRG,KTEB
20976,KSBA,KSJC
20977,KCCR,KPAO
20978,KLZU,KWDR
20979,KBFI,KFHR
20980,KCPM,KEMT
20981,KCLT,KATL
20982,KBFI,KPWT
20983,KLOU,3IN6
20984,KFLL,KMIA
20985,KTYS,KATL
20986,KAJO,KCNO
20987,K1G4,KLAS
20988,XA65,KT31
20989,CYYJ,CYPK
20990,PAEN,PANC
20991,KSDL,KCHD
20992,KPDX,KSEA
20993,PAMR,PABG
20994,KOKV,KJYO
20995,MA55,KBOS
20996,KAPA,CO18
20997,KBLI,KSEA
20998,CYYJ,CYVR
20999,KHAF,KSQL
21000,NZTG,NZAA
21001,KVUO,WN80
21002,KLUK,45OH
21003,KHWD,KHAF
21004,KFYM,KHUA
21005,ENBR,ENZV
21006,KBFI,KS50
21007,KDPL,KRDU
21008,KPHL,KMDT
21009,KTHV,KDMW
21010,KMKC,KGPH
21011,PAMR,PABG
21012,KBFI,KFHR
21013,PANC,98AK
21014,KSNA,KCNO
21015,K47A,KPDK
21016,IL38,KARR
21017,CYUL,CNV9
21018,PAEN,PANC
21019,KCRQ,KSNA
21020,KLOU,3IN6
21021,KOKV,KJYO
21022,KPAO,KC83
21023,CYPK,CZBB
21024,KSUS,KMO6
21025,K61B,KU30
21026,89LL,KLOT
21027,KFTW,TX15
21028,KEGI,K79J
