Index,Source,Target
1,KLAX,LFPG
2,KEWR,ESSA
3,YSSY,OMAA
4,SBGR,KMIA
5,RCTP,KJFK
6,VHHH,CYYZ
7,WSSS,KSFO
8,YSSY,OMDB
9,YPPH,EGLL
10,OMDB,SBGR
11,YMML,OTHH
12,YSSY,OTHH
13,YMML,OMDB
14,RCTP,CYYZ
15,RCTP,LTBA
16,LIMC,WSSS
17,RCTP,EHAM
18,PANC,VHHH
19,OTHH,KJFK
20,VHHH,OMDB
21,71KY,OBBI
22,EDDF,KSFO
23,VHHH,EHAM
24,KSEA,RCTP
25,OMDB,EDDF
26,KLAX,VHHH
27,RCTP,KLAX
28,VHHH,KLAX
29,RPLL,LTBW
30,KSFO,WSSS
31,KJFK,VHHH
32,MROC,KORD
33,RJBB,OMDB
34,LFPG,KLAX
35,EGLL,KLAX
36,YPPH,OTHH
37,RPLL,KSFO
38,RCTP,KLAX
39,RCTP,EDDF
40,VHHH,LTBW
41,VHHH,PANC
42,RCTP,KLAX
43,RJTT,LFPG
44,VHHH,OTHH
45,RPLL,OTHH
46,LPPR,SBGL
47,EGLL,KLAX
48,LSZH,KORD
49,RCTP,KSFO
50,VHHH,OMDB
51,CYYZ,RKSI
52,RCTP,KSEA
53,LSZH,VHHH
54,RCTP,KLAX
55,RPLL,OMAA
56,EHAM,RKSI
57,RKSI,LTBW
58,WSSS,EHAM
59,WSSS,NZAA
60,VHHH,YSSY
61,RCTP,CYVR
62,WSSS,EGLL
63,VHHH,EDDF
64,WSSS,EDDF
65,RCTP,KLAX
66,RCTP,NZAA
67,FACT,EDDF
68,RCTP,PANC
69,VHHH,YMML
70,WSSS,LFPG
71,RJTT,EDDF
72,KHPN,KMIA
73,FACT,OMDB
74,EDDF,KLAX
75,UUEE,RKSI
76,KEWR,VIDP
77,CYYZ,RKSI
78,EHAM,KJFK
79,EDDF,RKSI
80,KDFW,KLGA
81,OMDB,RPLL
82,KJFK,RKSI
83,PANC,RKSI
84,CYYC,CYYZ
85,KDEN,KEWR
86,KATL,RKSI
87,MROC,KIAD
88,ELLX,KATL
89,KATL,RKSI
90,OTHH,WMKK
91,KDEN,KEWR
92,PANC,RCTP
93,KDEN,KEWR
94,WMKK,LTBW
95,KORD,RKSI
96,EGLL,KIAD
97,EDDF,RKSI
98,KDFW,RKSI
99,SPJC,KLAX
100,WSSS,YSSY
101,EGLL,CYYZ
102,OTHH,YMML
103,OTHH,YPAD
104,WSSS,EHAM
105,VHHH,PANC
106,KDFW,RKSI
107,WMKK,OMDB
108,OTHH,WSSS
109,LFPG,CYUL
110,KLAX,KBWI
111,KMIA,KPHX
112,WSSS,LSZH
113,KDTW,RKSI
114,OTHH,YSSY
115,OBBI,RPLL
116,VHHH,PANC
117,CYVR,RKSI
118,WSSS,OMAA
119,EGLL,OMDB
120,KOAK,KHOU
121,EDDF,KJFK
122,PANC,RKSI
123,WSSS,OTHH
124,KSEA,RKSI
125,LFPG,RJTT
126,PANC,KSAN
127,KMIA,KDFW
128,VHHH,PANC
129,CYYZ,VIDP
130,LFPG,RJTT
131,KJFK,LTBW
132,KLAX,YSSY
133,LEBL,OMDB
134,WMKK,OMAA
135,KPTK,KMIA
136,KSFO,VIDP
137,RCTP,EHAM
138,EDDF,VABB
139,EDDF,VHHH
140,ZGSZ,PANC
141,WMKK,OTHH
142,KBOS,KSFO
143,KSFO,RKSI
144,EDDF,RKSI
145,KSEA,RKSI
146,KVNY,KDAL
147,KORD,PANC
148,VIDP,KEWR
149,KORD,PANC
150,KORD,VIDP
151,KCLT,KCMH
152,KBWI,KOAK
153,PANC,RKSI
154,ELLX,OTHH
155,KJFK,RKSI
156,CYUL,CYVR
157,KDEN,KLAX
158,LEMD,KMIA
159,EGLL,WSSS
160,LFPG,KORD
161,VHHH,PANC
162,KBOS,KPHX
163,OMDB,UUDD
164,KEWR,KSFO
165,KATL,KPDX
166,KHPN,KAPA
167,SBGR,EGLL
168,EDDF,OMDB
169,EDDF,RKSI
170,OMDB,WMKK
171,PANC,RJBB
172,KJFK,SKBO
173,PANC,KORD
174,VHHH,PANC
175,KSFO,KMIA
176,KDTW,KLAX
177,KDFW,RKSI
178,EDDF,VIDP
179,KSFO,KORD
180,EGLL,OMDB
181,KSAN,KPHL
182,KEWR,KLAX
183,KOPF,KTEB
184,VABB,VHHH
185,KOPF,KVNY
186,71KY,OBBI
187,EHAM,KORD
188,KATL,PANC
189,EDDF,KATL
190,SBGR,LFPG
191,KSFO,VHHH
192,TLPL,CYYZ
193,LEMG,ESSA
194,LPPT,KEWR
195,SBGL,LFPG
196,KPHL,KPHX
197,PANC,RKSI
198,KLAX,KPHL
199,WSSS,OMDB
200,KPHL,KLAS
201,CYVR,VHHH
202,KORD,KSEA
203,KSEA,KRDU
204,KORD,KLAX
205,VOMM,OMSJ
206,LSGG,OMDB
207,KSFO,RKSI
208,VABB,KEWR
209,LPPT,KMIA
210,KJFK,KLAX
211,KCLT,KLAX
212,KFLL,KSAN
213,PANC,VHHH
214,EGLL,OMAD
215,KRDU,KPHX
216,KPHL,KPHX
217,PANC,KSEA
218,KSTL,KSEA
219,EHAM,RCTP
220,KATL,KLAX
221,KEWR,KSEA
222,MROC,KEWR
223,EPWA,RKSI
224,KCLT,KPHX
225,KJFK,KSFO
226,KLAX,RCTP
227,SKBO,KJFK
228,SBGR,LTBW
229,KEWR,KDEN
230,EDDF,SBGR
231,EHAM,RKSI
232,KIAD,KCMH
233,EDDF,KATL
234,EDDF,OTHH
235,EHAM,WSSS
236,KATL,SKMA
237,KCLT,KLAS
238,LTFJ,OMDB
239,EHAM,RKSI
240,EDDF,VTBS
241,LFPG,WSSS
242,VHHH,UUEE
243,KSJC,KEWR
244,CYVR,RKSI
245,LFPG,RKSI
246,KLAX,KDTW
247,KATL,KSLC
248,KPHL,KSFO
249,CYVR,CYYZ
250,KATL,KPHX
251,EGLL,WSSS
252,KPHX,KPHL
253,TJSJ,KJFK
254,VABB,EDDF
255,KDFW,KSEA
256,CYVR,CYYZ
257,KSEA,KATL
258,KLAX,SBGR
259,EPWA,LPPT
260,KIAH,KSFO
261,KLAS,KBWI
262,KATL,KLAS
263,KLAX,RJTT
264,KPHX,KBWI
265,EGLL,OMDB
266,KEWR,MROC
267,KORD,KSAN
268,KSEA,KJFK
269,KADS,KTYS
270,KORD,MROC
271,KSFO,KATL
272,KORD,KSMF
273,KORD,KLAX
274,KIAD,KCMA
275,OMDB,UUEE
276,EDDF,KATL
277,LFPG,OMDB
278,KORD,KSFO
279,KSMF,KMDW
280,KPHL,KPHX
281,SBSP,SBBR
282,LKPR,OMDB
283,EHAM,SBGL
284,VHHH,VIDP
285,KLAX,KORD
286,UAAA,EDDF
287,KBOS,KLAX
288,VOBL,WSSS
289,KSAN,KJFK
290,KPHL,KLAX
291,KMSP,KSFO
292,KPHX,KMIA
293,MROC,KDFW
294,OTHH,EGSS
295,KLAS,KSTL
296,KLAX,KORD
297,CYYC,CYYZ
298,KLAS,KATL
299,KLAX,KBOS
300,KSLC,KEWR
301,KMSP,KPSP
302,EHAM,KORD
303,KLAX,KORD
304,TJSJ,KEWR
305,EBLG,KJFK
306,VOMM,OMAA
307,UUDD,OMDB
308,PANC,KATL
309,KMIA,KLAX
310,PANC,VHHH
311,KPSP,KATL
312,EDDF,SBGR
313,CYVR,CYYZ
314,UUDD,UNEE
315,KDEN,KFLL
316,KORD,KSEA
317,EDDP,KCVG
318,KLAX,KATL
319,KMDW,KLAS
320,TJSJ,KATL
321,KPHX,KBOS
322,TBPB,KMIA
323,KDFW,KSFO
324,EGLL,OMDB
325,KBOS,KRSW
326,KDAL,KLAS
327,KONT,KATL
328,KSTL,KSMF
329,KBOS,KLAX
330,KSAN,KDTW
331,LFPG,OMDB
332,KLAX,KDCA
333,KDEN,KLGA
334,EGLL,OTHH
335,EGCC,OMDB
336,VHHH,YSSY
337,KDFW,KSEA
338,KLGA,KDEN
339,KSAN,KORD
340,KEWR,SKMA
341,EHAM,VHHH
342,KSFO,KORD
343,KSEA,KDTW
344,KSAN,KJFK
345,LSZH,SBGR
346,ZGSZ,WSSS
347,VIDP,KJFK
348,KLAX,KJFK
349,KMSP,KLAX
350,YBBN,YPPH
351,VABB,EGLL
352,KDFW,KSNA
353,OTHH,LIMC
354,KLAS,KJFK
355,VOBL,OMAA
356,KSFO,KBOS
357,NZAA,YMML
358,KBOS,EDDF
359,WSSS,VOMM
360,LFPG,OTHH
361,KORD,KPDX
362,OTHH,VOMM
363,KMIA,KBOS
364,TJSJ,KATL
365,KIAH,KSFO
366,KSBA,KDFW
367,KLAX,KDAL
368,VABB,EHAM
369,KSFO,KJFK
370,KATL,PANC
371,KIAH,KSFO
372,KORD,KPHX
373,KPHL,KSMF
374,RJTT,RCTP
375,KDCA,KDEN
376,KMSP,KLAX
377,KSFO,KJFK
378,KPDX,KSTL
379,KDTW,KSAN
380,VIDP,KIAD
381,KLAX,KDFW
382,EHAM,OMDB
383,KDTW,KSEA
384,KSFO,KEWR
385,KDEN,KEWR
386,KORD,KLAS
387,KMCI,KMIA
388,KLAS,KORD
389,EGLL,OTHH
390,TJSJ,FD37
391,KATL,KSLC
392,KIAD,KDEN
393,LEMD,UUEE
394,MROC,CYUL
395,KDEN,KPHL
396,KSEA,KSTL
397,KLGA,KFLL
398,KSNA,KATL
399,VABB,OTHH
400,KSFO,KORD
401,KBOS,KTPA
402,KMIA,KORD
403,KLAS,KDTW
404,PANC,KSDF
405,CYYZ,CYVR
406,KATL,KSFO
407,KSAN,KSTL
408,KLAX,KOMA
409,TJSJ,KATL
410,KCLT,KSMF
411,OTHH,LIMC
412,VABB,OMAA
413,UUWW,UNEE
414,KDFW,TS53
415,LTFJ,OTHH
416,PANC,KORD
417,KAPF,KPTK
418,KLAS,KHOU
419,RKSI,OTHH
420,KMKE,KPHX
421,KLAX,RJBB
422,FACT,LOWW
423,KPHX,KORD
424,KMCI,KPHX
425,KATL,KLAX
426,KSAT,KDTW
427,KPHX,KSEA
428,KLAX,KDAL
429,KDAL,KDCA
430,KAPA,KVNY
431,TJSJ,KMIA
432,KDFW,KPHL
433,KMDW,KLAX
434,CYVR,CYOW
435,KLAS,KCLT
436,KOPF,KTEB
437,KEWR,KRSW
438,LFPG,OMDB
439,KSLC,KORD
440,KLAX,RKSI
441,KPSP,CYYC
442,KATL,KDEN
443,KCLT,KLAS
444,KAPF,KSUS
445,KTYS,KDEN
446,KDFW,KBOS
447,KRSW,KDTW
448,PANC,RJBB
449,KPHX,KATL
450,KDEN,KIAD
451,KDFW,KLAX
452,KFLL,KEWR
453,ULLI,OMDB
454,VIDP,KORD
455,KMSP,KPHX
456,UUDD,ULMM
457,KPHX,CYYC
458,KATL,EHAM
459,KSMF,KSTL
460,KFLL,SPJC
461,KAPF,KHPN
462,KPSP,KSEA
463,KJFK,KLAX
464,KDFW,KSFO
465,KIAH,EHAM
466,KLAX,CYVR
467,CYVR,EDDF
468,KDEN,KMDW
469,KLGA,KRSW
470,ZGSZ,WMKK
471,WSSS,VOMM
472,KDEN,KSEA
473,KRDU,KDEN
474,CYVR,CYYZ
475,UKBB,OMDB
476,LPPT,SBGR
477,KCLT,KHHR
478,KSTL,KPHX
479,KMDW,KSAN
480,CYVR,CYUL
481,KDFW,KLAS
482,KRSW,KLGA
483,KLAX,KMDW
484,KFLL,KBOS
485,KIAH,KDTW
486,KOPF,KTEB
487,KMCI,KRSW
488,ZGSZ,RKSI
489,CYVR,NTAA
490,KDTW,KLAX
491,KDFW,KLGA
492,LPPT,CYYZ
493,CYYZ,CYYC
494,KPHL,KDFW
495,KIAH,KIAD
496,KTPA,KDEN
497,KPHX,KMDW
498,KLAS,KMKE
499,KSEA,KBOS
500,KDEN,KSMF
501,KLAX,KSEA
502,VHHH,OMDB
503,KLAX,EHAM
504,KCLT,KPHX
505,KPSP,KMSP
506,KDTW,KPHX
507,KBOS,KMDW
508,KABQ,KSEA
509,EGLL,KJFK
510,YBMC,YARL
511,KCLT,KPHL
512,KSEA,KSNA
513,ELLX,KATL
514,KATL,KSAN
515,KFLL,KBOS
516,VHHH,PANC
517,OTHH,LHBP
518,CYYZ,KRSW
519,KBOS,KORD
520,KTPA,KBOS
521,TBPB,CYYZ
522,KJFK,KSMF
523,VECC,OTHH
524,KDTW,KPHX
525,KDEN,KOAK
526,KORL,KSTL
527,KMIA,KBWI
528,KIAH,KPHX
529,KPDX,KMDW
530,KATL,KSLC
531,KDTW,KLAS
532,PANC,RKSI
533,KSTL,KLAX
534,KFLL,KPHL
535,KORD,ELLX
536,KMIA,KSAN
537,KPHX,KRDU
538,CYVR,CYYZ
539,KFLL,KDEN
540,PANC,KORD
541,KMSN,KPHX
542,KSTL,KRSW
543,VOMM,OTHH
544,EGLL,OMDB
545,KSEA,KPHX
546,KPHX,KSTL
547,KSLC,KJFK
548,SBGR,KATL
549,KPDX,KMSP
550,PANC,KMIA
551,CYVR,RKSI
552,KDTW,KLAS
553,KORD,KMIA
554,KATL,KSEA
555,KMCI,KBWI
556,ELLX,KATL
557,KFLL,KJFK
558,KSAN,KMDW
559,OTHH,VABB
560,KBOS,KRSW
561,KCLT,KSEA
562,KCMA,KSBA
563,CYVR,KLAX
564,KPHX,KDCA
565,KFLL,KDFW
566,KTPA,KJFK
567,OMDB,LFPG
568,KBOS,KSEA
569,KSRQ,KEWR
570,KSAN,KMSP
571,LLBG,KEWR
572,KPHX,KMSP
573,UUEE,EDDP
574,KBFI,KUDD
575,KDFW,KDTW
576,KLAS,KMSP
577,KSEA,KMSP
578,KMSP,KSAN
579,KPHX,KBOS
580,NZAA,YSSY
581,OMDB,EDDF
582,KPHX,KSEA
583,KRSW,KORD
584,KJFK,SKMA
585,KFLL,KLGA
586,KORL,KPHX
587,LTBA,LIMC
588,VHHH,VECC
589,YBCG,YMML
590,KDEN,KBWI
591,PANC,RKSI
592,KORD,KDEN
593,KLAX,KHOU
594,KIAD,KMSP
595,KATL,KDEN
596,KFLL,KEWR
597,KDFW,KMIA
598,KCLE,KLAS
599,VOBL,EDDF
600,KLAX,KMSP
601,KLAS,KMCI
602,KDCA,KMIA
603,KMSP,KISM
604,KDAL,FD83
605,KPSP,CYYC
606,KSEA,KATL
607,KSAN,KSEA
608,KMSP,KMIA
609,KLAS,TS53
610,KATL,KPHX
611,VHHH,UUEE
612,KDFW,EGLL
613,KDFW,KLAX
614,KLAX,KPDX
615,VOMM,OMSJ
616,KIAD,KSEA
617,OTHH,VIDP
618,KTPA,KORD
619,KRSW,KMSP
620,KSMF,KATL
621,KMCI,KPHX
622,KPHL,KDEN
623,KLAX,EGLL
624,KORL,KORD
625,RJTT,RJFF
626,KLAX,CYVR
627,KORF,KORD
628,KSDL,KOMA
629,88PA,KLAS
630,KDCA,KSEA
631,KOMA,KPHX
632,KMSP,KLAS
633,KLAX,KEWR
634,YSSY,WSSS
635,KAUS,KDTW
636,KMCI,KISM
637,KATL,KLAS
638,KSAN,KDAL
639,KMSP,KSEA
640,SBBR,LPPT
641,KORD,KISM
642,VHHH,OMDB
643,PANC,RKSI
644,FACT,EHAM
645,KLAS,KBOS
646,KONT,KSEA
647,OMAA,RPLL
648,EDDP,KJFK
649,VOBL,OTHH
650,KATL,KPDX
651,KPHX,KMDW
652,KABE,KAFW
653,KSAN,KHOU
654,KORD,KRSW
655,KTPA,KDFW
656,KDEN,KDTW
657,KRDU,KSEA
658,LLBG,KJFK
659,KDCA,KRSW
660,YSSY,YPPH
661,KATL,KMSP
662,CYYZ,KRSW
663,KLAX,KJFK
664,KPHX,KSTL
665,LPPT,LPPD
666,KDEN,KHOU
667,RCTP,YSSY
668,RJAA,RJFF
669,KFLL,KORD
670,KSAT,KPHX
671,KDEN,KLAX
672,KDAL,KAPA
673,KRSW,CYYZ
674,KPWK,KAPF
675,KDCA,KMCO
676,KBWI,KSEA
677,RCTP,PANC
678,KLAX,RCTP
679,KDTW,KFXE
680,KPHX,KORD
681,KORD,KDEN
682,KATL,KRIR
683,KDAL,KORL
684,KPWK,KAPF
685,KOPF,KTEB
686,KLAX,KIAD
687,KDEN,KSEA
688,RCTP,YSSY
689,KSYR,KORD
690,KMDW,KDAL
691,KRYY,KOPF
692,KPHX,KPDX
693,KMCI,KPHL
694,KORD,KRSW
695,KPAE,KPSP
696,LROP,OMDB
697,KSEA,KPSP
698,KDEN,KSFO
699,KEWR,KORD
700,KFLL,CYYZ
701,KIAD,EKCH
702,KBWI,KMSP
703,OMDB,EHAM
704,KSQL,KSMO
705,SKBO,KMIA
706,KSFO,KMSP
707,KPHL,KMIA
708,KDFW,KORD
709,CYYZ,CYVR
710,KCOS,KORD
711,KDTW,KSEA
712,YMML,YBBN
713,SBCO,SBGL
714,KBFI,KVNY
715,KSLC,KSJC
716,KCMH,KDEN
717,KSLC,KOAK
718,KECP,KDCA
719,KDFW,KDTW
720,LLBG,ULLI
721,KMIA,KLGA
722,VABB,OTHH
723,KATL,KLGA
724,KORD,EDDF
725,KORL,KMCI
726,OTHH,LFPG
727,VIDP,EDDF
728,KSNA,KSTS
729,KLAX,KMIA
730,KIAD,KMCI
731,KOMA,KPHX
732,YBBN,YMML
733,KJFK,KDTW
734,KCMH,KDAL
735,KTPA,KCVG
736,KEWR,KMSP
737,KSEA,KLAS
738,KDFW,EDDF
739,KSUS,KAPF
740,KBWI,KDAL
741,KPHL,KATL
742,KSTL,KPHX
743,KSBP,KSEA
744,KHND,KMYF
745,KLAS,KDFW
746,KLGA,KATL
747,KSAN,KPDX
748,VABB,OTHH
749,KSAT,KSEA
750,KONT,KDAL
751,KFLL,KATL
752,NZWN,NZNV
753,KSMF,KSEA
754,LFPG,SBGR
755,KSAN,KATL
756,KMSP,KLAS
757,KBUR,KDAL
758,VIDP,OMSJ
759,TJSJ,KMIA
760,KRDU,KLAS
761,KATL,KPHL
762,KORL,KPHL
763,KLAS,KATL
764,KLAX,RKSI
765,KAPF,CYYZ
766,KEWR,KRSW
767,KOAK,KPHX
768,SBGR,LPPT
769,KTEB,KOPF
770,KLAS,KATL
771,VIDP,VOBL
772,KSRQ,CYYZ
773,KLAX,KATL
774,KRSW,KORD
775,KCLT,KHPN
776,KVNY,KSDM
777,KDFW,KPHL
778,KDAL,KSFO
779,KSAN,KBOS
780,KPHX,KJFK
781,KORD,KISM
782,KOPF,KTEB
783,OTHH,LFPG
784,KECP,KTYS
785,KIAD,KSRQ
786,KAUS,KATL
787,KLAX,KORD
788,KORD,LOWW
789,KMCI,KABQ
790,KDTW,KATL
791,KJFK,KSEA
792,KBMI,KDFW
793,RPLL,VHHH
794,KDFW,KMSP
795,OMDB,LIMC
796,KBLI,KLAS
797,KDAL,KATL
798,YMML,YBMC
799,KROC,KORD
800,YSSY,YPAD
801,RJTT,RJFF
802,KBUF,KSRQ
803,KSEA,KSAN
804,KAUS,KSLC
805,KAPF,KSUS
806,WSSS,YMML
807,KSRQ,KORD
808,KDCA,KORD
809,KORD,PANC
810,KPDX,KSNA
811,CYYZ,EDDF
812,KDEN,KMSP
813,KCLT,KMIA
814,KDFW,KSBA
815,KMDW,KRSW
816,KDEN,KTUS
817,KBOS,KMSP
818,SBGR,EDDF
819,KSDF,KPHL
820,EGLL,LIMC
821,KRSW,7PS7
822,VIDP,CYYZ
823,OMDB,KIAD
824,KCLT,KORD
825,KRSW,KBWI
826,KDTW,KRSW
827,KMSP,KATL
828,KORD,KATL
829,KOMA,KDTW
830,KSEA,KRIR
831,KDFW,KMIA
832,SBGL,LPPT
833,RJTT,RJFF
834,KCLT,KMIA
835,OMDB,EGLL
836,KDEN,KTUS
837,LEBL,LIMF
838,SBCO,SBGR
839,KTYS,KORD
840,KATL,KDFW
841,KSLC,KRIR
842,KABQ,KSFO
843,KDFW,KOMA
844,KPSP,KDFW
845,KRDU,KORD
846,KDEN,KSFO
847,KDFW,KRSW
848,KRSW,KDAL
849,KFLL,KFXE
850,VABB,OMDB
851,KLAS,KHOU
852,KDCA,KMSP
853,KDEN,KDFW
854,KDFW,KIAD
855,KLAX,RCTP
856,KCMH,KPHX
857,KLGA,KDFW
858,KMDW,KPHX
859,NZRO,NZCH
860,KATL,KMIA
861,KRDU,KLAX
862,KMKE,KLAS
863,KDFW,KSMF
864,KSEA,KLAS
865,KIAH,KMSP
866,KADS,KTRL
867,KSLC,KPSP
868,KORD,KIAD
869,KATL,KORF
870,KMIA,KTEB
871,KDEN,KPSP
872,KLGA,KCLT
873,KDFW,KLAS
874,YMML,YPPH
875,KMCI,KLAS
876,KFTW,KSDL
877,VHHH,RKSI
878,KFLL,KRDU
879,KBOS,KMCO
880,KSJC,KSEA
881,KJFK,EHAM
882,KSAN,KDFW
883,VIDP,OMDB
884,KSEA,KLAX
885,KDFW,KPHX
886,KTPA,KBWI
887,KCMA,KCRQ
888,KIAH,KDTW
889,LLBG,KJFK
890,KPVU,KIWA
891,KBOS,KHHR
892,KFLL,KORD
893,PANC,KLAX
894,VHHH,PANC
895,KTPA,KSTL
896,KIAH,KSFO
897,KIAD,KDFW
898,KJFK,SBGR
899,KMCI,KATL
900,KLAS,KSFO
901,KSNA,KDFW
902,KDFW,KLGA
903,KDEN,KPHX
904,KBOS,KMIA
905,KDEN,KTUL
906,OMDW,EDDF
907,KSLC,KSFO
908,KDAL,AL40
909,KORF,KATL
910,KATL,KJFK
911,KIAD,KOPF
912,KSFO,KSNA
913,KPHL,KDTW
914,KSFO,KIAD
915,KIAD,KMSP
916,KBWI,KATL
917,KIAH,KPSP
918,RJFF,RJTT
919,KATL,KORD
920,KSAN,KBWI
921,KDFW,KSTL
922,KDFW,KSBP
923,VIDP,LFPG
924,KMDW,KMCI
925,KORD,KDCA
926,KDEN,KPDX
927,KCLT,KEWR
928,KDAL,KPDX
929,KCMH,KLAS
930,KMSP,KPHX
931,YSSY,RKSI
932,KORD,KDEN
933,PANC,KSEA
934,CYYC,CYVR
935,SBVT,SBSP
936,KLAS,KSEA
937,KBOS,KSLK
938,KATL,KSYR
939,CYUL,KPHL
940,KIAH,KBOS
941,SBBR,SBSP
942,KMIA,KDTW
943,KIAD,KSTL
944,KFLL,KORD
945,KTPA,KDTW
946,MROC,KLAX
947,NZAA,NZCH
948,KCOS,TS53
949,KIAD,KATL
950,KDFW,KMCI
951,KRDU,KDTW
952,KDEN,KPHX
953,KDEN,KHOU
954,CYVR,KSFO
955,KSQL,KHHR
956,KDFW,KSRQ
957,KATL,KMDW
958,KPHX,KHOU
959,KLAS,KSEA
960,KIAD,KDEN
961,KSAT,KLAS
962,KDFW,KORD
963,CYUL,CYVR
964,KDEN,KLAS
965,KDEN,KSEA
966,KORL,KMSP
967,KSFO,KSEA
968,KIAD,CYYZ
969,UUDD,ULMM
970,VIDP,VOBL
971,KATL,KOMA
972,KDFW,KBOS
973,KIAD,KSAN
974,KDAY,KPHL
975,KDEN,KSTL
976,KSDF,KBWI
977,ELLX,KORD
978,KRSW,KIAD
979,UUEE,VHHH
980,KEWR,KSLC
981,OMDB,VOMM
982,NZPM,NZCH
983,VHHH,OMDB
984,KDEN,KORD
985,KRSW,KDFW
986,KSAT,KDEN
987,KLAS,KMDW
988,RCTP,WMKK
989,KIAD,KDAY
990,KAPF,KHPN
991,KORD,EHAM
992,KDAY,KATL
993,KSRQ,KTEB
994,KDTW,KPHL
995,KSTL,KDEN
996,NZNV,NZCH
997,KFLL,KPHX
998,KJFK,KPHX
999,KRDU,KBOS
1000,KMCI,KDTW
1001,KPHL,KLAX
1002,UUWW,ULLI
1003,KLAX,TS53
1004,KDTW,KATW
1005,KPHX,KDAL
1006,KIND,KBWI
1007,VIDP,VECC
1008,YMML,YWLM
1009,UUEE,OMDB
1010,KPGD,KTYS
1011,KSEA,KSFO
1012,SBGL,LEMD
1013,KDEN,KMDW
1014,KFLL,KACY
1015,KDEN,KSLC
1016,KDFW,KATL
1017,OTHH,KORD
1018,YSSY,YBMC
1019,KEWR,KDTW
1020,YSCH,YSSY
1021,YMMB,YPKL
1022,KORD,KSEA
1023,KIAD,KSEA
1024,KRSW,KMCI
1025,KATL,KSLC
1026,KPIT,KATL
1027,NZCH,NZRO
1028,KMCI,KHOU
1029,KJFK,KLAX
1030,KDEN,KBOI
1031,RJFF,RJTT
1032,KIAD,EDDF
1033,KIAD,KRSW
1034,LEMD,SPJC
1035,KMSP,KPHX
1036,PANC,KSDF
1037,WMKK,WBKK
1038,YBBN,YMML
1039,KORL,KMKE
1040,KPHX,KMSP
1041,KBFI,KUDD
1042,KPDX,KBUR
1043,KSDL,KSTP
1044,KDEN,KLAX
1045,KJFK,KFLL
1046,KDAL,KLAX
1047,KFLL,KHOU
1048,KDCA,KDEN
1049,OMDB,EHAM
1050,PANC,KORD
1051,KAUS,KMCI
1052,EDDP,EGNX
1053,KIND,KATL
1054,KATL,KLAX
1055,KTUL,KATL
1056,KFLL,KBWI
1057,KIAD,EDDM
1058,KDAL,KMCI
1059,KDFW,KLGA
1060,KMDT,KDTW
1061,KRSW,KDEN
1062,KSMF,KDFW
1063,KABQ,KPHX
1064,OTHH,KJFK
1065,RJOO,RJFF
1066,KCRQ,KCMA
1067,CYUL,CYYZ
1068,KBOI,KPHX
1069,KIAD,KSFO
1070,KATL,KSMF
1071,KMKE,KATL
1072,KDFW,KDAY
1073,KATL,KMIA
1074,KDEN,KIAD
1075,KPHX,KSNA
1076,KLAS,KDFW
1077,SPST,SPJC
1078,KDTW,KDFW
1079,KORF,KCLT
1080,KSEA,KOAK
1081,KSDF,KATL
1082,SBBR,SBGR
1083,KLAX,KSJC
1084,MROC,LEMD
1085,KDFW,KRDU
1086,KBUR,KSFO
1087,OTHH,LIMC
1088,YBBN,YSCB
1089,NZAA,NZPN
1090,KDEN,KMSN
1091,KCLT,KMSP
1092,PANC,KORD
1093,KIAD,KDTW
1094,YPAD,YMML
1095,KDAL,KOMA
1096,KSYR,KRSW
1097,KIAD,KMIA
1098,KPDK,KTEB
1099,KIAD,KBUF
1100,KSTL,KPHL
1101,KTPA,KPHL
1102,KLAX,OTHH
1103,SBGR,EHAM
1104,OMDB,RPLL
1105,KAJO,KTOA
1106,VOBL,OMDB
1107,NZAA,YSSY
1108,KPAE,KLAS
1109,KCLT,KMCI
1110,KDFW,KLAX
1111,NZWN,NZMZ
1112,KATL,KDTW
1113,KCLT,KCMH
1114,KIAH,KORD
1115,KIAD,KHSV
1116,KLGA,KBKL
1117,KLAX,KBOS
1118,KPHX,KBUR
1119,RJTT,RJFF
1120,NZCH,NZAA
1121,KCLT,KSDF
1122,YMML,YBBN
1123,KFLL,KPHL
1124,YBBN,YMML
1125,KDTW,KATL
1126,RJBB,RJTT
1127,KTPA,KMSP
1128,KIWA,KSJC
1129,KBOI,KSEA
1130,KCRQ,KSDL
1131,KORL,KLAS
1132,KDAL,KCMH
1133,KJFK,KSEA
1134,KOAK,KBUR
1135,KDFW,KPDX
1136,KMDW,KATL
1137,OTHH,LTFJ
1138,KBOS,KLAX
1139,KLAS,KMCI
1140,YSSY,YBBN
1141,KSMF,KPDX
1142,NZCH,NZWN
1143,KSEA,KSFO
1144,YMML,YSCB
1145,KIAD,LOWW
1146,KIAD,KLAS
1147,KJFK,KPHX
1148,KBOS,CYYZ
1149,CYUL,LFPG
1150,KATL,KORD
1151,KSLC,KLAS
1152,KSAN,KSJC
1153,KDFW,KCOS
1154,KHOU,KMDW
1155,KSNA,KSEA
1156,KPRB,KCMA
1157,KPHX,KSEA
1158,LFPG,LLBG
1159,PANC,KSEA
1160,KDFW,KABQ
1161,KTPA,KDTW
1162,KOAK,KSEA
1163,KIAD,KSDF
1164,NK43,KCLT
1165,KRDU,KPHL
1166,KATL,KATW
1167,KDFW,KMKE
1168,KSAN,KSJC
1169,KDEN,KPDX
1170,OTHH,EGLL
1171,KDFW,KTUS
1172,KDEN,KATL
1173,KPHX,KSEA
1174,KDAL,KPHX
1175,KATL,KBWI
1176,YBBN,YSSY
1177,OMDB,VHHH
1178,VOBL,VABB
1179,KDFW,KHSV
1180,KTPA,KHPN
1181,YCNK,YSBK
1182,KIAD,CYYZ
1183,NZAA,NZCH
1184,KRHV,KAPC
1185,YBCG,YMML
1186,SBGR,SBBR
1187,KGLH,KDFW
1188,KPDX,KSJC
1189,KMSN,KDFW
1190,KIAD,KSMF
1191,KDAL,KSDL
1192,KCLT,KMDT
1193,KCLT,KORF
1194,KDFW,KSEA
1195,KSTL,KHOU
1196,KATL,KLAS
1197,KATL,KJFK
1198,KABQ,KDAL
1199,KFLL,KDFW
1200,KLAS,KSJC
1201,KSRQ,KORD
1202,KLAX,KSFO
1203,RCTP,RKSI
1204,KSEA,KBOI
1205,KMIA,KDFW
1206,KDFW,KSFO
1207,KSUS,KOPF
1208,VOBL,VABB
1209,KGRB,KDTW
1210,KEWR,KLAX
1211,KSAN,KLAS
1212,35OR,KSFO
1213,OTHH,EDDF
1214,KMSP,KDEN
1215,KMCI,KDAL
1216,KCLT,KPDX
1217,KMKE,KISM
1218,YMML,YSSY
1219,KDFW,KVPS
1220,CYYC,CYYJ
1221,KBOS,KBUF
1222,KRNM,KSNA
1223,KDEN,KMCI
1224,KATL,EHAM
1225,KATL,KDFW
1226,YSSY,YBBN
1227,KDEN,KATL
1228,KPDX,KSFO
1229,KSRQ,KTTN
1230,YBBN,YMHB
1231,KSEA,KBOI
1232,KSDL,KRAL
1233,KIAD,EDDF
1234,KORD,KJFK
1235,KJFK,KMSP
1236,KDFW,KDEN
1237,KMKE,KDTW
1238,KRDU,KATL
1239,KSFO,KPHX
1240,KTPA,KCVG
1241,OTHH,LTFJ
1242,SBGL,SBGR
1243,KCLT,KDFW
1244,KEWR,EDDF
1245,KIAD,KLAX
1246,KHWD,KVNY
1247,KSYR,KDTW
1248,KBOI,KLAS
1249,YMML,YMHB
1250,CYYZ,EDDF
1251,KSAN,KMIA
1252,KDTW,KBUF
1253,KDFW,KDCA
1254,KATL,KHOU
1255,KSMF,KBOI
1256,OTHH,YPPH
1257,KDEN,KATL
1258,KCLE,KPHL
1259,KMIA,KATL
1260,KDFW,KSNA
1261,KSEA,KGEG
1262,VIDP,LFPG
1263,UAAA,OMDB
1264,KLAX,EDDF
1265,KEWR,KSYR
1266,YPAD,YSSY
1267,KDEN,KLAS
1268,KTPA,KBOS
1269,NZWN,NZCH
1270,KLAX,KSMF
1271,KATL,SBGR
1272,OTHH,FACT
1273,KIAH,KDEN
1274,KDAY,KORD
1275,KCMH,KATL
1276,KTPA,KDCA
1277,SBBR,SBSP
1278,KVNY,KOAK
1279,KPHX,KMSP
1280,KDFW,KCMI
1281,KRSW,KLGA
1282,KCLT,KBWI
1283,KDAL,KSTL
1284,KDTW,KBWI
1285,KATL,KMSN
1286,KLAS,KSNA
1287,KBWI,KATL
1288,KDEN,KORD
1289,KPDX,KSNA
1290,KIAH,KSAT
1291,KDFW,KATL
1292,CYVR,EHAM
1293,KCLT,KMIA
1294,KIND,KORD
1295,RKSI,EHAM
1296,49OH,KPHL
1297,KMSP,KDEN
1298,KSEA,KLAS
1299,KLAS,KDAL
1300,KLAS,KCRQ
1301,KDEN,KPHX
1302,OBBI,EGLL
1303,KPDX,KATL
1304,KABQ,KHOU
1305,KIAD,KORD
1306,KSNA,KSLC
1307,RJTT,RJOA
1308,KORD,KDTW
1309,KORL,KDEN
1310,SBCO,SBGR
1311,KMIA,SBGR
1312,SBBR,SBRJ
1313,KTPA,KLGA
1314,KPHL,KMSP
1315,OTHH,LTBW
1316,KSNA,KMSP
1317,KPHX,KCRQ
1318,KEWR,KMCI
1319,KSEA,KSFO
1320,YBBN,YPPH
1321,KSDF,KDTW
1322,KCLT,KPHL
1323,KDAL,KOPF
1324,KFLL,KMDW
1325,RJTT,RJOO
1326,KIAD,EBBR
1327,UUEE,ULLI
1328,KRDU,KTTN
1329,KMSP,KDFW
1330,OTHH,WMKK
1331,YBBN,YSSY
1332,KTYS,KDFW
1333,KORD,KSTL
1334,KUAO,67OR
1335,KSEA,KSNA
1336,KMSN,KDTW
1337,KNGU,KMIA
1338,KPSP,KBOI
1339,KIAD,KPHX
1340,KDAL,KLAX
1341,KLAX,KEWR
1342,LPPT,LPPR
1343,CYYC,CYXX
1344,SBBR,SBSP
1345,KMYF,KL65
1346,RJAA,RJFF
1347,KMDW,KATL
1348,RCTP,RKSI
1349,KDFW,KSAN
1350,KSEA,KSJC
1351,KSJC,KSAN
1352,KEWR,KROC
1353,KRDU,KBWI
1354,KIAD,KBOS
1355,KDEN,KSMF
1356,KLAS,KBUR
1357,KATL,KFXE
1358,KLGA,KMSP
1359,YSSY,YMML
1360,KMDW,KDTW
1361,KBOS,KSLC
1362,KOMA,KDFW
1363,KORF,KPHL
1364,KFLL,KLGA
1365,KCLE,KORD
1366,WSSS,ZGSZ
1367,LFPG,ESSA
1368,KPSP,KPHX
1369,KSEA,KSMF
1370,KEWR,KSFO
1371,KHIO,KSJC
1372,KPHL,KATL
1373,KIAH,KLAS
1374,KTEX,KSDL
1375,KATL,KHOU
1376,KLAX,KBOI
1377,YBCG,YPPH
1378,KRDU,KCLT
1379,KRSW,KMDW
1380,KLVK,KMHR
1381,KTEX,KAPA
1382,KMDT,KPHL
1383,UUEE,RKSI
1384,KSAF,KDFW
1385,KATL,KLGA
1386,KSTL,KDTW
1387,OTHH,RKSI
1388,NZPM,NZAA
1389,KPDX,KPHX
1390,KIAH,KDTW
1391,YMML,YBCG
1392,KPSP,KSFO
1393,KSEA,FD83
1394,KIND,KSEA
1395,KORD,KDFW
1396,OMDB,EGLL
1397,VHHH,VIDP
1398,KMCI,KDFW
1399,KATL,KRDU
1400,KLAX,KSLC
1401,KAPF,KTEB
1402,SBGL,SBGR
1403,KBOS,KPHL
1404,OTHH,WSSS
1405,KSEA,KGEG
1406,YBBN,YPPH
1407,KLAX,RJTT
1408,KSTL,KDFW
1409,KDFW,KLAX
1410,VECC,VOMM
1411,KDEN,KMSP
1412,KPWK,KOSU
1413,KEWR,LOWW
1414,EGSS,LTFJ
1415,KATL,KROC
1416,KSRQ,KORD
1417,KLAX,KPHX
1418,WMKK,WBKK
1419,KSLC,KSFO
1420,KIAD,KTYS
1421,KFLL,KBKL
1422,KDEN,KSAN
1423,RCTP,RPLL
1424,YBBN,YMML
1425,KFRG,KLNS
1426,VIDP,KSFO
1427,KDFW,KTYS
1428,OMDB,RKSI
1429,KMIA,KDCA
1430,RJOO,RJTT
1431,KCLT,KATL
1432,KEWR,KORF
1433,KATL,KSEA
1434,RJTT,RJFF
1435,KRDU,KMIA
1436,KOSU,KAPF
1437,KIAD,KCMH
1438,KTUL,KDEN
1439,KATL,KEWR
1440,KSEA,KPDX
1441,KDTW,KORD
1442,VIDP,VOMM
1443,KSMF,KLAS
1444,KSNA,KLAS
1445,KSGF,KDEN
1446,KATL,KDEN
1447,KSAT,KPHX
1448,KEWR,EHAM
1449,KVNY,KSNA
1450,KCLT,KSGT
1451,KATL,KBOS
1452,KMYF,KSNA
1453,KPGD,KSPI
1454,KIAH,OTHH
1455,KPIE,KCVG
1456,KIXD,SN59
1457,YSCB,YBBN
1458,SKBO,SPJC
1459,VHHH,RPLL
1460,KSTL,KORD
1461,RJTT,RJOO
1462,RJAA,RKSI
1463,KSDF,KDFW
1464,KMCI,KMDW
1465,KMIA,TXKF
1466,KIAD,EGLL
1467,KPHX,KDTW
1468,YMML,YPPH
1469,CYYC,CYYZ
1470,KLAS,KMSP
1471,VIDP,VABB
1472,KPIT,KPHL
1473,KLGA,KATL
1474,KCLT,KTUL
1475,KATL,KPHX
1476,KSAT,KDEN
1477,VABB,VOBL
1478,KEWR,KSTL
1479,KCLT,KLGA
1480,KFLL,KATL
1481,NZNV,NZBA
1482,KORD,KSFO
1483,KSYR,KPHL
1484,KCLT,KLAX
1485,KJFK,CYYZ
1486,KCNO,KRAL
1487,KSTL,KRSW
1488,OMDB,VOBL
1489,KABQ,KDFW
1490,KMAE,KFAT
1491,4NC7,KIGX
1492,KMIA,KHPN
1493,KATL,KMKE
1494,KCRQ,KLGB
1495,KDAL,KAPA
1496,KIAD,LFPG
1497,KLAS,KBUF
1498,KSAN,KVNY
1499,KSTL,KDEN
1500,VECC,VOBL
1501,KDFW,KDEN
1502,KMSP,KPHX
1503,KATL,KSLC
1504,KSLC,KSDL
1505,NZKF,NZAA
1506,KCLT,KHSV
1507,YPPH,YMML
1508,KSEA,KRIR
1509,KSBA,KSEE
1510,KLAX,KSEA
1511,CYYZ,CYVR
1512,OMSJ,VIDP
1513,KMIA,SKBO
1514,YKAT,YSBK
1515,VABB,VOBL
1516,TVSA,TBPB
1517,KMCI,KSAN
1518,KSFO,KLAX
1519,KCLT,KPHX
1520,KATL,KCVG
1521,KJFK,KPSP
1522,KLAX,KSEA
1523,SKBO,EDDF
1524,KIWA,KBLV
1525,RJTT,RJOA
1526,KIAD,LSZH
1527,OTHH,RPLL
1528,KFLL,KATL
1529,KLAS,KSTL
1530,KMSP,KDEN
1531,KVNY,KSBA
1532,KOAK,KMCC
1533,KBOI,KSFO
1534,RJTT,RJFF
1535,YSSY,YMML
1536,KCLT,KVPS
1537,KRDU,KBOS
1538,KSEA,KPSP
1539,KTUL,KHOU
1540,KATL,LFPG
1541,KLAX,KMCI
1542,KLGB,KLAS
1543,KLAS,KSMF
1544,KSMO,KAVX
1545,KMIA,EGLL
1546,KF70,KOKB
1547,SBBR,SSJC
1548,WSSS,VHHH
1549,KFLL,KSEA
1550,KBOS,KMSS
1551,KSMO,KFUL
1552,KPHX,KLAX
1553,RCTP,YSSY
1554,KDFW,KISM
1555,KRSW,KATL
1556,CYYZ,CYUL
1557,KSEA,KBOS
1558,KLAX,KPDX
1559,SBBR,SSJC
1560,KMSN,KMSP
1561,KHOU,KOAK
1562,KATL,KSAT
1563,OMDB,LTFJ
1564,KLAS,KATW
1565,KSEA,KFAT
1566,KMIA,MGGT
1567,KATL,KECP
1568,KBLI,KSEA
1569,LFPG,VIDP
1570,KDEN,KDCA
1571,KFLL,KDEN
1572,KIWA,KP13
1573,KLAX,LFPG
1574,KATL,KBWI
1575,LEMD,LPPR
1576,KTEB,KPHL
1577,04CL,KMYF
1578,YSCN,YWOL
1579,KVNY,KSBA
1580,YBOA,YSPT
1581,SBBR,SBGR
1582,NZAA,NZPM
1583,KDEN,KORD
1584,KBUR,KLAS
1585,KSEA,KOAK
1586,KLGA,KCMH
1587,KECP,KATL
1588,KGYR,13AZ
1589,KPHX,KDAL
1590,KOPF,KVNY
1591,KORD,KMSP
1592,KPWK,KAPF
1593,KBOS,KIAD
1594,RCTP,RKSI
1595,VECC,VABB
1596,VOBL,VECC
1597,KATL,KSFO
1598,23NJ,KPHL
1599,YSSY,YMML
1600,KDTW,KDCA
1601,UUWW,UUYY
1602,KFLL,KSLC
1603,KMKE,KMSP
1604,KDAL,KABQ
1605,KSTL,KMSP
1606,KEWR,KSEA
1607,KLAX,KPHX
1608,KSJC,KSAN
1609,KSEA,KLAX
1610,KDCA,KPHL
1611,EDDV,EGNX
1612,YPPH,YBBN
1613,WSSS,VABB
1614,KSFO,KPSP
1615,KDAL,KRIR
1616,KEWR,KSAN
1617,TJSJ,KSDF
1618,NZAR,NZGB
1619,KIND,KORD
1620,KTCY,KRHV
1621,KMDT,KATL
1622,KCLT,KTYS
1623,SBBR,SBRJ
1624,KFLL,KDTW
1625,KPSP,KSEA
1626,KLGB,KSJC
1627,RJTT,RCSS
1628,KPDX,KLAS
1629,KEWR,KBKL
1630,SBCO,SBGR
1631,KMSP,KATL
1632,KHSV,KDFW
1633,KSLC,KSAN
1634,KBWI,KMIA
1635,PANC,KDFW
1636,KCLT,KSAT
1637,ULMM,UUEE
1638,KDAL,KBWI
1639,SBBR,SBGR
1640,KCLE,KEWR
1641,KSEA,KBUR
1642,KSJC,KPDX
1643,KATL,KBKL
1644,KORD,KPIT
1645,KPDX,KSLC
1646,KONT,KSFO
1647,SBBR,SBSP
1648,KTEB,KLEB
1649,KEWR,KLAS
1650,WS78,KMSP
1651,KATL,KLGA
1652,KLUK,KAPF
1653,KSDL,KSNA
1654,KTPA,KMIA
1655,RJTT,RJBB
1656,KDAL,KPHX
1657,KIAG,KPGD
1658,KIAD,KSAT
1659,KCLT,KRSW
1660,PANC,KSDF
1661,KCLT,KPLR
1662,KRSW,KEWR
1663,KPDX,KOAK
1664,YMML,YSCB
1665,KJFK,KSEA
1666,KEWR,KSEA
1667,KOMA,KLAS
1668,KMCI,KMSP
1669,KGRR,KMSP
1670,KSEA,KPHX
1671,WMKK,WMKJ
1672,OMDB,RPLL
1673,RJAA,RJFF
1674,KPHX,KSFO
1675,KDCA,KLGA
1676,KFLL,KSLC
1677,KATL,KBUF
1678,KLAX,KORD
1679,KPDX,KSEA
1680,KBOI,KPDX
1681,KEWR,KPDX
1682,KCLE,KATL
1683,KSBA,KSNA
1684,KMCI,KSTL
1685,KDTW,KFXE
1686,RJFF,RJTT
1687,KAPF,KHPN
1688,TJSJ,KJFK
1689,CYYJ,CYVR
1690,KIAH,KSEA
1691,KCMH,KPWK
1692,KSGF,KDFW
1693,KPHX,KMCI
1694,KMIA,KEWR
1695,KDAL,KSAN
1696,KFLL,KATL
1697,KATL,KCMH
1698,KHHR,KUDD
1699,KPDX,KPHX
1700,KSEA,KSAN
1701,KJFK,KABQ
1702,RPLL,VHHH
1703,KDFW,OTHH
1704,KLAX,KDFW
1705,KDEN,KSNA
1706,RCTP,WSSS
1707,KATL,KMKE
1708,KSLC,KBOI
1709,KORD,KDAY
1710,YPJT,YBUN
1711,KLUK,KAPF
1712,RJFF,RJTT
1713,KMIA,KDTW
1714,KRSW,KSTL
1715,KRDU,KLGA
1716,YBCG,YMML
1717,KORD,KATW
1718,CYYZ,EHAM
1719,KATL,KMSP
1720,KATL,KEWR
1721,RJTT,RJFF
1722,KLGA,KMIA
1723,KEWR,KDEN
1724,KC29,KMRJ
1725,KSRQ,KLGA
1726,KVNY,KSBA
1727,KLAS,KPHX
1728,KJFK,KDCA
1729,KSFO,KPDX
1730,OMDB,VABB
1731,KPDX,KPSP
1732,KTPA,KMIA
1733,KE16,KRHV
1734,YSSY,YKAT
1735,VIDP,VOMM
1736,KLGA,KDTW
1737,YSSY,NZAA
1738,KVNY,KSBA
1739,KMSP,KSFO
1740,VOBL,VABB
1741,KCLT,KSAN
1742,VAJJ,VOMM
1743,RJTT,RJOM
1744,KFLL,KSFO
1745,KORD,KMSN
1746,KRDU,KDEN
1747,KABQ,KLAX
1748,KSDL,KCMA
1749,KMDW,KPHX
1750,KHOU,KDAL
1751,KFFZ,KTUS
1752,KORL,KLAX
1753,RJAA,RCTP
1754,VIDP,OMDB
1755,EPKT,EDDK
1756,KJFK,KPHX
1757,KPSP,KDVT
1758,KBUR,KOAK
1759,YSBK,YCNK
1760,EDDK,LTFJ
1761,KIAD,KATL
1762,CYYZ,CYVR
1763,KSEA,KLAS
1764,K1G4,KLAS
1765,KLAS,KVNY
1766,UUEE,VIDP
1767,YBBN,YMHB
1768,CL46,KSMO
1769,KMDW,KBWI
1770,KATL,KTYS
1771,KRSW,KMSP
1772,OMDB,FACT
1773,EDDV,LTFJ
1774,KDAL,KBUR
1775,KATW,KDTW
1776,KOMA,KMSP
1777,KRNM,KMYF
1778,KORD,KMKE
1779,KCLE,KEWR
1780,KCLT,KDCA
1781,KJFK,TXKF
1782,KSEA,KBOI
1783,KDCA,KLAX
1784,KFLL,KDFW
1785,KORL,KORD
1786,YPPH,YBBN
1787,KORD,KBUF
1788,KPHF,KPHL
1789,KBWI,KPHX
1790,CYYZ,KEWR
1791,KSRQ,KIAD
1792,KCLT,KEWR
1793,KOPF,KFRG
1794,8TX7,KIWS
1795,KIXD,SN59
1796,KOAK,KBUR
1797,KPHX,KSJC
1798,KCLT,KATL
1799,KORL,KMCI
1800,LPPT,SBGR
1801,KLAS,KTUS
1802,KORD,KATL
1803,NZCH,NZWN
1804,RJFF,RJOO
1805,KORD,KGRB
1806,KMIA,EGLL
1807,KOSU,OI01
1808,KSEA,KLAS
1809,KCRQ,KSBA
1810,KDEN,KDAL
1811,YBBN,YSCB
1812,KCLT,KDAY
1813,RCTP,VHHH
1814,OMDB,VABB
1815,MROC,KMIA
1816,KMDW,KLAS
1817,KPHX,58AZ
1818,KLAX,KSTS
1819,KMSP,KORD
1820,RJOO,RJTT
1821,KDAL,KLGA
1822,KTKI,KRVS
1823,KORD,KROC
1824,KRHV,KAPC
1825,KSMF,KLAX
1826,KDTW,KLAS
1827,KFFZ,KCHD
1828,KSGF,KATL
1829,SBBR,SBGR
1830,01VA,KGAI
1831,KLAS,KPHX
1832,KOPF,KFRG
1833,KOMA,KATL
1834,CYYZ,KLGA
1835,KFLL,KCVG
1836,KMKE,KSEA
1837,SBRJ,SBBR
1838,KLNK,NE37
1839,KBWI,KATL
1840,KMCC,KLHM
1841,KCLT,KIAD
1842,KSNA,KSFO
1843,KLAX,KMCI
1844,KRSW,KHPN
1845,KSEA,PANC
1846,KATL,KVPS
1847,OMDB,LSZH
1848,NZAA,NZKE
1849,KE16,KRHV
1850,KHOU,KDEN
1851,KSDL,KBUR
1852,KAPF,KLUK
1853,KFLL,KBOS
1854,KMIA,KRDU
1855,CYYZ,CYYC
1856,KBWI,KMDW
1857,KSFO,KSLC
1858,YSSY,YBCG
1859,KCLT,KRDU
1860,KDTW,KSEA
1861,KABQ,KPHX
1862,KORD,EDDF
1863,RJTT,RJFF
1864,KEWR,LFPG
1865,YPMQ,YSSY
1866,EDDK,LTFJ
1867,TJSJ,KEWR
1868,KMSP,KLAX
1869,KSAT,KATL
1870,KPDX,KSAN
1871,0CL3,KSDM
1872,KORL,KLAX
1873,KMIA,KLGA
1874,YSSY,KLAX
1875,KAUS,KLAX
1876,KLAS,KBOI
1877,KMKE,KRSW
1878,KDAL,KSNA
1879,KLAX,KBOS
1880,KDFW,KDEN
1881,YPAD,YBBN
1882,KDTW,KLAS
1883,KROC,KDTW
1884,KMSP,KDEN
1885,YMML,YPAD
1886,KBOI,KPHX
1887,CYYZ,KLAX
1888,KLGA,KMCO
1889,KORD,KMIA
1890,KBOS,KBWI
1891,KTRL,KADS
1892,KLGB,KSJC
1893,NZCH,NZAA
1894,KABQ,KSAF
1895,NZAA,CYVR
1896,KORL,KBOS
1897,KLAX,KSEA
1898,KSBA,KCMA
1899,NZTG,NZCH
1900,NZGB,NZAA
1901,VHHH,RCTP
1902,KIND,KORD
1903,KLGA,KDTW
1904,KORD,CYYZ
1905,KSTL,44IS
1906,KMIA,KEWR
1907,LFPG,EDDK
1908,WSSS,RKSI
1909,KDTW,EHAM
1910,RJTT,RJFF
1911,KOMA,KMDW
1912,RJOA,RJTT
1913,KPHX,KLAS
1914,KBWI,KSDF
1915,KLAS,KBUR
1916,VOBL,VIDP
1917,KFLL,KEWR
1918,KORD,KLGA
1919,VABB,VOBL
1920,KSEA,KPDX
1921,KORD,EDDF
1922,KLAX,KATL
1923,KMSP,KSEA
1924,KEWR,KPHX
1925,LFPG,LEMD
1926,SBBR,SBGL
1927,KDFW,KLAS
1928,KDEN,KBKL
1929,KPDX,KLAX
1930,KJFK,LFPG
1931,KAPA,KADS
1932,KLAX,KVNY
1933,YSBK,YSWG
1934,RJTT,RJOO
1935,KMSP,KMDW
1936,KMIA,KOMA
1937,KDTW,KISM
1938,KRSW,KPHL
1939,KBOI,KOAK
1940,KBWI,KATL
1941,KEWR,KDFW
1942,CYYZ,LFPG
1943,KSNA,KCRQ
1944,KORD,KRSW
1945,YBCG,YSSY
1946,KDFW,KSLC
1947,KLAS,KRDU
1948,KORD,KSYR
1949,KSRQ,KATL
1950,KLAX,RCTP
1951,KPDK,KJZP
1952,RJFF,RJTT
1953,EGBB,EGCC
1954,CYXX,CYYC
1955,KORD,KMDT
1956,KORD,KJFK
1957,GA53,K9A1
1958,YPPH,YPAD
1959,KIND,KMSP
1960,VHHH,RKSI
1961,KBWI,KLAX
1962,YWVA,YSSY
1963,KORD,KDEN
1964,KLAX,KFAT
1965,YBBN,YMML
1966,VOMM,VIDP
1967,KDEN,KSLC
1968,PANC,KSEA
1969,KEWR,KLAX
1970,KFLL,KSDF
1971,KDFW,KATL
1972,VECC,VOBL
1973,KF70,KCRQ
1974,VIDP,VOBL
1975,KSMF,KSFO
1976,ZGSZ,ZUCK
1977,SBRJ,SSJC
1978,VABB,VECC
1979,KDEN,KHOU
1980,KC83,KSQL
1981,KLGA,KRDU
1982,RCTP,RJFF
1983,UNEE,UUEE
1984,KMDW,KISM
1985,KAVX,KLGB
1986,KHPN,KPNE
1987,KIXD,SN59
1988,KDTW,62IA
1989,KBWI,KRSW
1990,KDEN,KPHX
1991,KORD,KSDF
1992,KSFO,KMSP
1993,KDEN,KMDW
1994,KSFO,KLAX
1995,CYUL,CYYZ
1996,KATL,KDFW
1997,EKCH,OTHH
1998,VHHH,OTHH
1999,KOAK,KSJC
2000,VOMM,VABB
2001,KSTL,KLAS
2002,LFPG,EKCH
2003,KDEN,KLAX
2004,YMML,YSSY
2005,KLGA,KATL
2006,KBWI,KRDU
2007,ULLI,LTBW
2008,KPHX,KATL
2009,KDAL,KATL
2010,VIDP,VOMM
2011,KSFO,KSAN
2012,KRSW,KORD
2013,CYYZ,CYUL
2014,KPIT,KMSP
2015,KMSP,KRSW
2016,KORD,KORF
2017,YSSY,KLAX
2018,KMSP,KJFK
2019,KCOS,KDEN
2020,RJTT,RJFF
2021,KORL,KPHL
2022,KLAS,KSFO
2023,VOMM,VABB
2024,KAPA,CO02
2025,OMDB,VIDP
2026,VIDP,VECC
2027,KSFO,KSAN
2028,OTHH,VOMM
2029,KFLL,KHPN
2030,KEWR,KBOS
2031,RCTP,VHHH
2032,KBWI,KATL
2033,YMEN,YBBN
2034,KAPF,KPTK
2035,KSEA,KLAS
2036,KATL,KSTL
2037,KMIA,KDTW
2038,KPHX,KSLC
2039,YBBN,YSSY
2040,WMKK,RPLL
2041,VIDP,OTHH
2042,MROC,KMIA
2043,KIND,KATL
2044,KPAO,KLVK
2045,KMSP,KSEA
2046,RCQC,RCKH
2047,KDFW,KCOS
2048,KBLM,KOPF
2049,KBWI,KSTL
2050,RJOO,RJOM
2051,KMKE,KORD
2052,KMRY,KPHX
2053,LFPG,LIMC
2054,KSFO,KBOI
2055,RCTP,RJBB
2056,KMSP,KSMF
2057,ETAR,EDDN
2058,LIMF,LEBL
2059,SBBR,SBGR
2060,KRSW,KBOS
2061,YSTW,YSSY
2062,KAVX,KSNA
2063,KSMO,KMYF
2064,KFAT,KPHX
2065,KONT,KLAS
2066,YBCG,YPAD
2067,KMIA,KATL
2068,OMDB,UKBB
2069,KSJC,KPHX
2070,KDEN,KSAN
2071,RCTP,WSSS
2072,RJFF,RJTT
2073,KLAS,KLAX
2074,KMRY,KLAX
2075,KSAT,KLAS
2076,KDFW,KLGA
2077,KSFO,KORD
2078,WMKK,WBKK
2079,KSNA,KPHX
2080,KMSP,KMIA
2081,KCLE,KMSP
2082,KORD,KBWI
2083,KRSW,KMSP
2084,KATL,KPDX
2085,KATL,KGYH
2086,KORD,KPDX
2087,KSMF,KPHX
2088,RCQC,RCNN
2089,KPHX,KSFO
2090,KSKA,KSEA
2091,KFLL,CYUL
2092,KDTW,KPHX
2093,PANC,6AK3
2094,KEWR,EDDF
2095,RJOO,RJTT
2096,KDEN,KPSP
2097,KPHX,KMDW
2098,KADS,TX03
2099,RJFR,RJTT
2100,KRSW,KDEN
2101,WSSS,WMKK
2102,KDAL,KMDW
2103,KFLL,KDAL
2104,KMSP,CYYC
2105,KSNA,KVIS
2106,KMDW,KSMF
2107,KDFW,KLAS
2108,KDTW,KCLT
2109,KTCY,KLVK
2110,KORL,KBOS
2111,KSFO,KLAX
2112,KRSW,KBKL
2113,KLAX,KDAL
2114,KSLC,KORD
2115,KPDX,KSJC
2116,KMDW,KLGA
2117,KORD,KLAX
2118,KMIA,KCMH
2119,KSRQ,KSTP
2120,VECC,VOMM
2121,KEWR,EGLL
2122,KHSV,KATL
2123,RCQC,RCKH
2124,KDTW,KISM
2125,KRSW,KATL
2126,KDAL,KHOU
2127,KATL,KSDF
2128,KBUR,KPHX
2129,KPOC,KEMT
2130,RKSI,VHHH
2131,KORD,VIDP
2132,KABQ,KLAS
2133,KTUL,KDEN
2134,KATL,2MO1
2135,KMIA,KSDF
2136,RJTT,RJFF
2137,KLGA,KCVG
2138,KEWR,KDFW
2139,VABB,VIDP
2140,KFLL,KBOS
2141,KMYF,KCMA
2142,KSTL,KPDX
2143,NZKE,NZWP
2144,KDEN,KOAK
2145,KLAS,KOAK
2146,KPHX,KLAX
2147,VOMM,VOBL
2148,YWLM,YMML
2149,KJFK,KSFO
2150,KSEA,KSJC
2151,KPSP,KOAK
2152,KDTW,KMKE
2153,RJTT,RJOA
2154,KSAT,KHOU
2155,KIAH,KDFW
2156,KBWI,KSAN
2157,KPHL,CYYZ
2158,KATL,KSAN
2159,KATL,KFXE
2160,VOBL,LFPG
2161,KMIA,OTHH
2162,KMDW,KHOU
2163,KBOI,KLAX
2164,NZAA,NZCH
2165,KLAX,KSAT
2166,KPHX,KSAN
2167,EGNX,EDDP
2168,VIDP,VECC
2169,KFLL,KDCA
2170,KCMH,KCLT
2171,KORD,KSAN
2172,KBOS,EHAM
2173,YKEL,YSSY
2174,KSBA,KVNY
2175,KAEG,KABQ
2176,KJFK,LFPG
2177,KDTW,KATL
2178,KLAX,KLAS
2179,VOMM,VIDP
2180,KPHX,KORD
2181,KRSW,KATL
2182,KSFO,KBOI
2183,RCTP,WMKK
2184,KORD,KRDU
2185,VIDP,CYVR
2186,KLAS,KBWI
2187,KFLL,KSFO
2188,YSCB,YSSY
2189,KDTW,56WI
2190,KAVX,KSMO
2191,KBWI,KLAX
2192,KMIA,KBOS
2193,KSTL,KMDW
2194,KATL,KABQ
2195,KSBP,KSFO
2196,KLGB,KPHX
2197,CYUL,LFPG
2198,KSAN,KLAS
2199,KSFO,LFPG
2200,KBOS,KBWI
2201,KSEA,KDAL
2202,KJFK,KLAS
2203,KATL,KHSV
2204,KFLL,SC78
2205,RJTT,RJOS
2206,OERK,OBBI
2207,KIAD,KCLT
2208,KTPA,KACY
2209,KSAN,KPHX
2210,KMIA,KORD
2211,KPNS,KATL
2212,KPHL,KMCO
2213,KSBA,KPHX
2214,KDTW,II81
2215,KLGA,KCLT
2216,KSMF,KSEA
2217,KDTS,KAPF
2218,KMSP,KSNA
2219,VECC,VOBL
2220,KDEN,KPHX
2221,RJTT,RJOO
2222,KVNY,KLAS
2223,YSSY,YSWG
2224,KSLC,KRIR
2225,KMSP,KDFW
2226,YSCB,YMML
2227,KATL,KRSW
2228,KDFW,KORF
2229,KLAS,KLAX
2230,KSTL,KATL
2231,VOBL,VOMM
2232,YPPH,YMML
2233,KBFL,KPHX
2234,KFLL,KLGA
2235,KFAT,KLAS
2236,KCMH,KMSP
2237,KSDF,KPGD
2238,KBWI,KATL
2239,KSMO,KCRQ
2240,KORD,KIAD
2241,KPHX,KSMF
2242,KMIA,KDEN
2243,KSRQ,KBOS
2244,YBMC,YSSY
2245,KLAS,KLAX
2246,KSEA,KPHX
2247,KORD,KPMP
2248,OTHH,VHHH
2249,RJTT,RPLL
2250,KSTL,KDAL
2251,KORF,KCLT
2252,KMIA,KATL
2253,KFLL,KATL
2254,YMML,YBBN
2255,YSSY,NZAA
2256,VIDP,VIDN
2257,CYYC,CYXX
2258,KCLT,KOMA
2259,CYVR,CYCD
2260,KORD,KSEA
2261,TBPB,CYYZ
2262,KBUR,KDAL
2263,KSLC,KLAS
2264,KORD,KCMH
2265,KDTW,KMSP
2266,NZTG,NZWN
2267,NZWN,NZCH
2268,KLAX,KSFO
2269,KDEN,KSAN
2270,KORD,KY51
2271,NZNV,NZAA
2272,KMIA,KJFK
2273,KFLL,KSAN
2274,KEWR,KMIA
2275,KBUF,KBWI
2276,KSBA,KVNY
2277,KORD,KEWR
2278,WMKK,WBKL
2279,KBWI,KHOU
2280,KC83,KLVK
2281,KSNA,KOAK
2282,KISP,KHPN
2283,KSJC,KWHP
2284,KSLC,KBOI
2285,KDFW,KTUL
2286,KPDX,KSFO
2287,KJFK,EGLL
2288,KAUS,KHOU
2289,KORD,KDTW
2290,KFLL,KLGA
2291,KORD,KLGA
2292,KDFW,SKMA
2293,KBOS,KPHL
2294,KMDW,KRIR
2295,YMML,YSSY
2296,KEWR,EDDF
2297,YPPH,YSSY
2298,KATW,KMSP
2299,KDTW,KMCI
2300,KSTL,KDEN
2301,KORD,KSFO
2302,KATL,KDEN
2303,KDFW,KMDT
2304,OMDB,OBBI
2305,KTYR,KDFW
2306,KLAS,KATL
2307,KTPA,KLAX
2308,KDTW,KGRB
2309,KSEA,MT54
2310,VOBL,VABB
2311,KSJC,KLAX
2312,KORD,KGRB
2313,KDEN,KRDU
2314,RJTT,RJOM
2315,KDFW,SC97
2316,KCMA,KTOA
2317,KPHL,KMCO
2318,KSDL,KOMA
2319,KBWI,KMTN
2320,KORD,KDCA
2321,KJFK,KLAX
2322,KBUR,KSJC
2323,NZAA,NZCH
2324,KFRG,2NK3
2325,KLAX,KPHX
2326,KSNA,KSFO
2327,KSTL,KCLT
2328,KBOS,KRDU
2329,YYEA,YMMB
2330,KSFO,EGLL
2331,KOMA,KSLC
2332,NZCH,NZWN
2333,KOAK,KSAN
2334,KORD,EDDF
2335,KDEN,KDTW
2336,KPWK,KAPF
2337,KLAS,KDTW
2338,KORD,KPHL
2339,KJFK,KATL
2340,KFLL,KLAS
2341,YSBK,YSSY
2342,KDTW,KTYS
2343,KMDW,KDAL
2344,RKSI,EHAM
2345,KCHD,KPAN
2346,RJTT,RJOM
2347,KMSP,PANC
2348,KDFW,KJFK
2349,KPHX,KLAX
2350,KCMA,KWHP
2351,KLAX,KATL
2352,KAPA,KLAM
2353,KSFO,KLAX
2354,KSLC,KSAN
2355,KAUS,KDAL
2356,KDEN,KCOS
2357,VHHH,RCTP
2358,KATL,24FL
2359,WSSS,WBSB
2360,YMML,YBBN
2361,KMDW,KSJC
2362,KPDX,KSEA
2363,KMIA,KDEN
2364,KSBA,KBUR
2365,KPHL,KMIV
2366,KLAS,KORD
2367,KSAT,KDFW
2368,YSSY,KLAX
2369,KBOI,KSEA
2370,KFLL,CYYZ
2371,KBED,KFMH
2372,KLMO,KBJC
2373,KORD,KISM
2374,KAPF,KSUS
2375,KTPA,KDTW
2376,KATL,KRSW
2377,VOBL,VIDP
2378,KMDW,KRDU
2379,KDEN,KBWI
2380,KLAS,KMSP
2381,KORD,OI45
2382,KSFO,KSAN
2383,YBCG,YSSY
2384,KMDW,KOAK
2385,KCPS,7IS2
2386,KMIA,KDTW
2387,VABB,OMDB
2388,KLAS,KSEA
2389,KGSO,KCLT
2390,KORD,KATL
2391,KOPF,KTMB
2392,KBOS,KTEB
2393,KSAN,KSMF
2394,KIAD,3NK5
2395,SBGR,SSJC
2396,KDTW,KSFO
2397,KSLC,KSFO
2398,KSLC,KBOI
2399,OMDB,VIDP
2400,KDFW,KDEN
2401,VECC,VOMM
2402,RJFF,RJTT
2403,KMIA,SKMA
2404,KRSW,KDCA
2405,KDEN,KLGA
2406,YSCH,YSBK
2407,SBRJ,SBVT
2408,KJFK,EGLL
2409,KDEN,KSAT
2410,KLAS,KLAX
2411,KSTS,KSNA
2412,KATL,KLAS
2413,KMCI,KPHX
2414,YPAD,YSSY
2415,SBRJ,SBGR
2416,KMDW,KPHL
2417,KLAX,KLAS
2418,KBWI,KMCI
2419,NZCH,NZAA
2420,KDTW,KOMA
2421,KFLL,KBOS
2422,RJTT,RJOA
2423,KSAN,KDAL
2424,KSTL,KSLC
2425,KBOS,KSFO
2426,KSBA,KVNY
2427,RPLL,RJBB
2428,KJFK,EHAM
2429,CYVR,KSEA
2430,KLAX,KSFO
2431,KMDW,KFLL
2432,SBGR,SBVT
2433,KORD,KSTL
2434,KPHX,KCOS
2435,RJTT,RJFF
2436,KDFW,KPMP
2437,KDEN,KHSV
2438,KDAL,KLAX
2439,YPAD,YSSY
2440,SBGL,SBGR
2441,KE16,KRHV
2442,KDFW,KSDF
2443,SBGR,KORD
2444,KEWR,KALB
2445,RJBB,RJFF
2446,KDFW,KSNA
2447,KDEN,KBOS
2448,KFLL,KPHX
2449,KORD,KMSP
2450,NZCH,NZPM
2451,KATL,KSLC
2452,KPHX,KBWI
2453,KPDX,KSMF
2454,KMDW,KLAX
2455,KMCI,KATL
2456,RJAA,RJFF
2457,WSSS,RKSI
2458,KLAS,K1L3
2459,NZAA,NZGB
2460,KEWR,KFLL
2461,KLGB,KSLC
2462,KDEN,KMSP
2463,OMDB,KORD
2464,KWVI,KOAK
2465,KSNA,KPAE
2466,KSAT,KSLC
2467,KONT,KPHX
2468,KORD,KMCI
2469,KTPA,KORD
2470,KATL,KORF
2471,KLAX,KSAN
2472,KJFK,KDCA
2473,ENZV,ENGM
2474,KDEN,KORF
2475,KDFW,KRSW
2476,KPSP,KPHX
2477,KORD,KLGA
2478,KMCI,KDEN
2479,KFNL,KBJC
2480,KAPA,KVNY
2481,KATL,KSNA
2482,KFLL,KSTL
2483,NZPN,NZAA
2484,LIMC,EFHK
2485,KDFW,KBKL
2486,KLAS,KATL
2487,KPGD,KCVG
2488,KPHX,KLAS
2489,KDFW,KSMF
2490,YSSY,YMML
2491,CYYC,CYYZ
2492,RJFF,RJTT
2493,YBBN,YSSY
2494,KDEN,KSTL
2495,KJFK,GMMN
2496,KSAN,KPHX
2497,KOXR,KVNY
2498,VHHH,WSSS
2499,LPPT,EPWA
2500,KMSP,KRSW
2501,KEWR,KCMH
2502,11MA,KBOS
2503,VOMM,VABB
2504,KORD,KATW
2505,CYVR,CYYC
2506,KDFW,1MU0
2507,KAUS,KLAS
2508,VABB,VIDP
2509,PANC,VHHH
2510,KFLL,KJFK
2511,YMML,YBMC
2512,VOBL,VOMM
2513,KDEN,KLGA
2514,KSRQ,KATL
2515,KSJC,KSEA
2516,KDFW,KVPS
2517,YWLM,YSCB
2518,KLAS,KSLC
2519,KAUS,KBOS
2520,KATL,EDDF
2521,VIDP,VABB
2522,KORD,KDEC
2523,YBMC,YSSY
2524,KATL,KTUS
2525,KDAL,KSAT
2526,VIDP,VIDN
2527,SBKP,SSJC
2528,KAUS,FD83
2529,KONT,KSLC
2530,PANC,KSEA
2531,KORD,KDEN
2532,KDEN,KPHL
2533,YCBG,YMML
2534,KDFW,KSFO
2535,KDFW,MROC
2536,KEWR,KLAS
2537,KL65,KSEE
2538,VHHH,UUEE
2539,KOAK,KRIR
2540,KMDW,KSEA
2541,KJFK,KMIA
2542,WSSS,VHHH
2543,KABQ,KPHX
2544,KORL,KDEN
2545,KORD,KPHX
2546,KTPA,KLAS
2547,KLGA,KORD
2548,ZGSZ,WSSS
2549,KDFW,KBWI
2550,KATL,KMIA
2551,OMDB,OBBI
2552,KSFO,KLAS
2553,KOAK,KMHR
2554,KORD,KCWA
2555,OMSJ,VOMM
2556,KATL,KORD
2557,KMDW,KRSW
2558,KAPF,KPTK
2559,KDEN,KRSW
2560,KDEN,KSEA
2561,KPSP,KSLC
2562,CYUL,CYVR
2563,VOMM,VABB
2564,YPAD,YMML
2565,KORL,KMSP
2566,VOBL,VECC
2567,KDFW,KTUL
2568,KFLL,KMDW
2569,KATL,KLAX
2570,KDEN,KSDF
2571,RPLL,WSSS
2572,WSSS,EGLL
2573,KORL,KLGA
2574,KSFO,KLAX
2575,KSMF,KSLC
2576,KVGT,KPHX
2577,KPDX,KSLC
2578,KSBP,KPHX
2579,KORD,KSYR
2580,RJOO,RJTT
2581,KDFW,KEWR
2582,KDEN,KOMA
2583,KDTW,KLAX
2584,KMSP,KISM
2585,NZCH,NZNV
2586,KCLT,17NC
2587,KORD,KDCA
2588,KEWR,SBGR
2589,KDFW,KBOS
2590,KORD,KLAX
2591,KCMA,KCNO
2592,KCLT,KSFO
2593,KDCA,KCLT
2594,KATL,KDAY
2595,KHOU,KMIA
2596,KORL,KLAS
2597,KBUR,KLAS
2598,VIDP,VAPO
2599,YWLM,YBBN
2600,KEWR,EIDW
2601,KORD,KATL
2602,KORD,EGLL
2603,KMIA,KLAX
2604,RCQC,RCKH
2605,KATL,KDEN
2606,KCLT,KCMH
2607,NZNV,NZWN
2608,KRSW,KDTW
2609,KSJC,KSLC
2610,KSNA,KSMF
2611,KFXE,KSRQ
2612,KDEN,KRIR
2613,KDEN,KMSN
2614,KPHX,KOAK
2615,KBWI,KPVD
2616,NZCH,NZAA
2617,TJSJ,FD37
2618,KSQL,KCCR
2619,KMSP,KSAN
2620,YMML,YBCG
2621,OMDB,ZGSZ
2622,YBBN,YPAD
2623,KJFK,KROC
2624,KTPA,KBWI
2625,KDEN,KPMP
2626,KC83,KPAO
2627,KDFW,KLGA
2628,KEWR,LPPT
2629,KLAX,RKSI
2630,KORD,KMIA
2631,KLGA,KFLL
2632,KORD,KOMA
2633,NZAA,NZNV
2634,KDEN,KCMH
2635,KATL,KGRB
2636,KPHX,KSAT
2637,VOBL,VABB
2638,KSEA,KPDX
2639,KJFK,EBBR
2640,KOAK,KSLC
2641,KRSW,KMDW
2642,KTEB,KABE
2643,KLAX,KLAS
2644,KDFW,KEWR
2645,KATL,KBOS
2646,KLAS,KBUR
2647,KORD,KABE
2648,YBCG,YPAD
2649,RJTT,RJOO
2650,KDFW,KBUR
2651,KIAD,OTHH
2652,KEWR,KPHX
2653,KBUR,KOAK
2654,KDFW,KTPA
2655,RCTP,VHHH
2656,KTPA,KEWR
2657,KATL,KSRQ
2658,KDEN,KATL
2659,YMML,YBCG
2660,KATL,KDAL
2661,KTUS,KPHX
2662,KLAX,KDFW
2663,KFLL,KDCA
2664,KDTW,KATW
2665,KEWR,EPWA
2666,KDFW,KDCA
2667,KILG,KEVY
2668,KATL,KBWI
2669,KDAL,KPHX
2670,KUAO,67OR
2671,KDEN,KIAD
2672,KCLT,KMIA
2673,KFLL,KMCI
2674,VOMM,VABB
2675,KPHL,KRSW
2676,KDCA,KCMH
2677,KORL,KLAX
2678,KJFK,KSYR
2679,NZAA,NZPM
2680,KORD,KSLC
2681,KCLT,KDAY
2682,KDFW,KPHX
2683,KDFW,KATL
2684,KDTW,KDFW
2685,KLAX,KPHX
2686,KATL,KMCI
2687,RPLL,RJFF
2688,KGSO,KCLT
2689,KPDX,KLAS
2690,KATL,KVPS
2691,KADS,27XA
2692,KBED,KTEB
2693,KBUR,KSLC
2694,KSJC,KSAN
2695,KDFW,KHOU
2696,KBWI,KLAS
2697,WSSS,VHHH
2698,KORD,OTHH
2699,KDEN,KLAX
2700,VIDP,VABB
2701,KSBA,KSJC
2702,KBUF,KSRQ
2703,KCLT,KDFW
2704,KDFW,KDTW
2705,KATL,KMSP
2706,PANC,KSEA
2707,KSJC,KLGB
2708,CYUL,GMMN
2709,KATL,KRSW
2710,KDFW,KECP
2711,KFLL,KATL
2712,KTPA,KDEN
2713,WSSS,RPLL
2714,RCTP,RPLL
2715,KIAD,KHOU
2716,KORD,KMKE
2717,KORD,KBWI
2718,CYVR,CYYC
2719,KDFW,KCMH
2720,RJFF,RJTT
2721,VHHH,RPLL
2722,KFLL,KBWI
2723,VAJJ,VOBL
2724,KSNA,KSEA
2725,KCLT,CYYZ
2726,KDFW,KSBA
2727,KSEA,KPSP
2728,VIDP,VABB
2729,KORD,KDFW
2730,KPDX,KSEA
2731,KSKA,KSEA
2732,YWLM,YBBN
2733,CYUL,CYYC
2734,KDEN,KCMH
2735,SBKP,SBBR
2736,TE34,KFTW
2737,VABB,VIDP
2738,KEWR,01FA
2739,KFLL,KCMH
2740,VOBL,VIDP
2741,KDEN,KSTL
2742,KPHL,KFLL
2743,ULMM,UUDD
2744,VHHH,RPLL
2745,KSMO,KHHR
2746,KATL,KSTL
2747,KCLT,KMDT
2748,PANC,KLAX
2749,NZKF,NZAA
2750,KORD,KDTW
2751,KORD,KPIT
2752,KATL,LFPG
2753,KDEN,KOMA
2754,KPDX,KLAX
2755,KAPC,KRHV
2756,KCLT,KTYS
2757,NZAA,NZWR
2758,KORD,2MO1
2759,WMKJ,WMKK
2760,WT24,KLAS
2761,KAUS,KLAX
2762,RJTT,RJFF
2763,KPHL,KDEN
2764,KSRQ,KEWR
2765,RCTP,YBBN
2766,KMDW,KHOU
2767,KORL,KJFK
2768,KLAX,KSLC
2769,KMIA,SKMA
2770,KSNA,KVNY
2771,KDEN,KTUL
2772,KMCI,KLAS
2773,PAEN,PANC
2774,KCLT,KDCA
2775,RJFF,RJTT
2776,KTPA,KBOS
2777,RJOA,RJTT
2778,KPDX,KLAS
2779,KDEN,KORD
2780,VECC,VIDP
2781,KATL,KIAD
2782,KDFW,KFAT
2783,KJFK,KFLL
2784,CYVR,CYYJ
2785,KFLL,KHOU
2786,KABQ,KAEG
2787,RJTT,RJFF
2788,KORL,KJFK
2789,KHOU,KDAL
2790,YSCN,YWOL
2791,KORD,KBKL
2792,YBBN,YPAD
2793,KCLT,KABE
2794,KBUF,KBOS
2795,KRSW,KHPN
2796,KLAX,RCTP
2797,KMIA,LFPG
2798,KPHX,KSEA
2799,KDFW,KPSP
2800,CYYJ,CYYC
2801,NZRO,NZCH
2802,KATL,KMDT
2803,KSMF,KPHX
2804,YWLM,YMML
2805,KDEN,KMCI
2806,KCLT,KPLR
2807,KLGA,KMCO
2808,WMKK,YMML
2809,KBOS,KFLL
2810,KDFW,KBOI
2811,RCTP,VHHH
2812,KDFW,KMIA
2813,KPHX,KMDW
2814,KBUF,KBWI
2815,RJTT,KJFK
2816,KHOU,KBWI
2817,KAUS,KATL
2818,KSNA,KSLC
2819,KDTW,KDFW
2820,KFLL,KDTW
2821,KCLT,KSYR
2822,KJFK,KBUF
2823,KRSW,KORD
2824,VIDP,OMDB
2825,KLAX,KSLC
2826,KORD,KSPI
2827,KORL,KDEN
2828,KCLT,KALB
2829,KN14,KMIV
2830,TJSJ,KEWR
2831,KSJC,KHIO
2832,KATL,KCMH
2833,KEWR,EBBR
2834,KLAS,K61B
2835,KHOU,KADS
2836,KJFK,KSYR
2837,OMDB,VHHH
2838,KSEA,KBOI
2839,KRSW,KBWI
2840,KORD,EGLL
2841,KDFW,KPHL
2842,KDEN,KHOU
2843,KATL,SC32
2844,KRDU,KCLT
2845,CYXX,CYYC
2846,YBMC,YMML
2847,VIDP,VOBL
2848,KCLT,KBWI
2849,KCLT,KDTW
2850,KMCI,KLAX
2851,KORD,KMIA
2852,KOAK,KLAX
2853,KPHX,PANC
2854,KCLT,KORD
2855,KORD,KSLC
2856,KRDU,KMSP
2857,KRVS,KMKO
2858,KDTW,KSTL
2859,OTHH,VIDP
2860,KMIA,KBWI
2861,PANC,VHHH
2862,YHEC,YCDR
2863,KAUS,FD83
2864,CYVR,CYYZ
2865,KDEN,KSEA
2866,KPHX,KOMA
2867,KPDX,KSLC
2868,KEWR,LLBG
2869,KSFO,KPHX
2870,0PA4,63PA
2871,KDFW,KSJC
2872,KATL,KPHL
2873,KLAS,KOAK
2874,UAAA,UAII
2875,KFLL,KDEN
2876,NZAA,NZGB
2877,VOBL,VIDP
2878,KORD,KEWR
2879,KDEN,KRDU
2880,KDEN,EDDF
2881,YSSY,YBBN
2882,SBGR,SBGL
2883,NZCH,NZMZ
2884,KDEN,KMKE
2885,KIAH,KSLC
2886,KDFW,KORD
2887,KE25,KSDL
2888,KORD,KFNT
2889,RJOO,RJTT
2890,KCLT,KSRQ
2891,KDEN,KBWI
2892,SKBO,KMIA
2893,KLXT,KMKC
2894,KORD,KSTL
2895,KSAN,KSJC
2896,RCTP,WMKK
2897,KATL,KTYS
2898,RJAA,RJFF
2899,KSFO,KLAS
2900,NZPM,NZAA
2901,KLAS,KVNY
2902,KORL,KORD
2903,NZAA,NZCH
2904,KIAD,KPWK
2905,KDEN,KEWR
2906,KFLL,KBOS
2907,KSKA,KSEA
2908,VIDP,VECC
2909,KORL,KBOS
2910,KTPA,KBOS
2911,KPDX,PANC
2912,RJTT,RJFF
2913,KORD,KRDU
2914,OTHH,ELLX
2915,KDAL,KLAS
2916,RJTT,RJFF
2917,KDEN,KDAL
2918,KDFW,KSAN
2919,VIDP,OMSJ
2920,KCLT,KBKL
2921,YMML,YMHB
2922,KATL,KDNN
2923,KBWI,KBKL
2924,RJTT,RJOO
2925,KORL,KMCI
2926,KMDW,KSAN
2927,KSTL,KDTW
2928,YWLM,YSSY
2929,KDFW,KSLC
2930,KCOS,TS53
2931,KPSP,KPAE
2932,VECC,VOBL
2933,KSEA,KGEG
2934,KATL,KPHL
2935,WSSS,YSSY
2936,KDFW,KMSP
2937,KLGA,KDFW
2938,KDEN,KMCI
2939,KDFW,KRIR
2940,KBOS,EGLL
2941,KPHX,KORD
2942,OMDB,LTFJ
2943,KRSW,KBKL
2944,KSTL,KBWI
2945,VIDP,VAPO
2946,YBBN,YMYB
2947,KEWR,VABB
2948,KDEN,KSDF
2949,KATL,KSEA
2950,KLAS,KSEA
2951,KTEB,KBED
2952,RCQC,RCKH
2953,KSAN,KSNA
2954,YSCB,YBCG
2955,YBBN,YSCB
2956,VOBL,VECC
2957,KDTW,KRSW
2958,NZWN,NZCH
2959,YTDN,YMMB
2960,KBUF,KDTW
2961,KDEN,AL40
2962,VHHH,PANC
2963,YSSY,YSTW
2964,KFAT,KSLC
2965,NZCH,NZPM
2966,KOAK,KSEA
2967,LTBA,EFHK
2968,KATL,KPHX
2969,KCLT,KLGA
2970,KSLC,KLAX
2971,JY04,KN87
2972,KPHX,KORD
2973,KRSW,KLGA
2974,KCLT,KMSN
2975,KLAS,KPHX
2976,KSJC,KIWA
2977,KBUF,KRSW
2978,KMCI,KDAL
2979,YSCB,YBBN
2980,KFLL,KLGA
2981,NZGB,NZAA
2982,KEWR,KSAN
2983,KORD,6MU4
2984,KDFW,KSEA
2985,KSFO,KPDX
2986,KDFW,SBGR
2987,KPHL,KSAN
2988,CYYZ,EGLL
2989,CYYC,CYVR
2990,KSEA,KDFW
2991,LIMC,RKSI
2992,KAPF,KFTW
2993,NZCH,NZRO
2994,KRSW,KMDW
2995,KLAS,KSAN
2996,KJFK,EGLL
2997,KORD,KDTW
2998,KMIA,SBGR
2999,KDEN,KATL
3000,KPHX,KSEA
3001,KBOI,KSEA
3002,KFLL,SKMA
3003,KORD,KBOS
3004,KLEB,KHPN
3005,KRSW,KBWI
3006,KDTW,KMKE
3007,VIDP,VAPO
3008,KFMH,KBOS
3009,KTPA,KHOU
3010,KDEN,KFXE
3011,KATL,NC16
3012,KORD,KCOS
3013,KDEN,KATL
3014,KCLT,KMSP
3015,KLAS,KOMA
3016,SKBO,KMIA
3017,KTEB,KFRG
3018,KFLL,KCMH
3019,VIDP,VECC
3020,KORD,KMSN
3021,KSEA,KTUS
3022,KPSP,KSNA
3023,KAPF,KSUS
3024,KBUR,KSMF
3025,KSTL,KATL
3026,KPHL,KMCI
3027,RJTT,RJOA
3028,KATL,KORD
3029,KEWR,EDDM
3030,KOAK,KPHX
3031,KDEN,KTUL
3032,KBWI,8KY6
3033,KDTW,OA16
3034,KRSW,KATL
3035,KFBG,KIGX
3036,KTPA,KMSP
3037,KSTL,KTUL
3038,KPHX,KTUS
3039,KCLT,KCMI
3040,OTHH,RPLC
3041,KSFO,KMSP
3042,KBWI,KBOS
3043,KSMF,KSEA
3044,KPHX,KSBP
3045,KMDW,KDCA
3046,KTKI,5TX4
3047,KSTS,KSEA
3048,KPSP,KSEA
3049,KDFW,KPDX
3050,KCLT,KORF
3051,KATL,KIAD
3052,KORD,KSDF
3053,KDTW,KROC
3054,LFPG,LTBW
3055,KBWI,KBUF
3056,KDCA,KALB
3057,YBBN,YMHB
3058,KONT,KSEA
3059,KFAT,KLAX
3060,KEWR,KLAS
3061,KMIA,KSTL
3062,KIAH,KRDU
3063,KDFW,KLAX
3064,KCLT,KSDF
3065,KSMF,KLAS
3066,KPHL,CYYZ
3067,KBUR,KPDX
3068,KDTW,CYYZ
3069,KPHX,KDFW
3070,KBWI,KISP
3071,KTEB,KFRG
3072,KCLT,KRSW
3073,CYUL,LFPG
3074,KSEA,KLAX
3075,KRSW,KEWR
3076,KSEA,PANC
3077,SPJC,EHAM
3078,KSFO,KSEA
3079,KORD,KGRB
3080,KDFW,KLAS
3081,KCLT,KSTL
3082,KBWI,KROC
3083,KBOI,KSAN
3084,KLAS,KBLI
3085,KBOS,KTPA
3086,VIDN,VIDP
3087,KDTW,KRSW
3088,KLAX,KMSP
3089,KIAH,KSFO
3090,KFLL,KBKL
3091,KDTW,KORD
3092,KRSW,KMKE
3093,KSNA,KSDL
3094,KLAS,KLAX
3095,KATL,KDCA
3096,KDAL,KSMF
3097,SBGR,SBBR
3098,KPHL,KATL
3099,KLAX,KDTW
3100,KMIA,KATL
3101,KORD,KTYS
3102,KMDW,KPMP
3103,KDTW,KCMH
3104,KSEA,35OR
3105,KLAS,KSEA
3106,YSWG,YSCB
3107,KORD,OMDB
3108,KJFK,KDEN
3109,KIAH,KSNA
3110,KCLT,KHPN
3111,VAJJ,VIDP
3112,KPHX,KHOU
3113,KLAX,KSEA
3114,KDEN,KLAX
3115,RJTT,RJFF
3116,KDTW,KSYR
3117,KSRQ,KLCK
3118,KPHL,KMCO
3119,KORD,KSFO
3120,RJTT,LFPG
3121,KRSW,KORD
3122,KBWI,KDAL
3123,KDTW,KSDF
3124,KATL,KDAL
3125,RCTP,VMMC
3126,KCLT,NC06
3127,KORD,KSAN
3128,KMIA,KLGA
3129,KATL,KRDU
3130,RJFF,RJTT
3131,KSEA,KORD
3132,KFLL,KJFK
3133,KORL,KMSP
3134,KDFW,KLAS
3135,KDEN,KISM
3136,VABB,VIDP
3137,KDTW,KRDU
3138,KCLT,KOAJ
3139,KMIA,KPHL
3140,KAUS,KDEN
3141,KSEA,KSFO
3142,KLAX,KSEA
3143,KTPA,KBUF
3144,KCLT,KMKE
3145,KLAS,KMKE
3146,SBGR,KEWR
3147,KPHL,KDTW
3148,KORL,KMDW
3149,KCLT,KPHF
3150,KSJC,KSNA
3151,KSMF,KSAN
3152,KMIA,KPHX
3153,KORD,KOMA
3154,KPHX,KSFO
3155,KPHL,KFLL
3156,KFLL,KBWI
3157,KEWR,KDEN
3158,YPPH,YMML
3159,KORD,KATW
3160,KSEA,KORD
3161,KLBE,KFLL
3162,KMSP,KIAD
3163,WMKJ,WMAE
3164,KDAL,FD83
3165,KLAX,KSLC
3166,KPHX,KDAL
3167,KIAH,KRIR
3168,WSSS,YSSY
3169,KSNA,KFAT
3170,KATL,KOMA
3171,KATL,KRSW
3172,KLAX,KDFW
3173,SBGR,SBGL
3174,KRSW,KCMH
3175,KDEN,KMSP
3176,KORD,EGLL
3177,KPHX,KSNA
3178,KMIA,KORD
3179,KATL,KTUL
3180,KORD,KMCI
3181,KBWI,KCMH
3182,KDAL,KOAK
3183,KCLT,NC48
3184,KPHX,KBOI
3185,KADS,KFTW
3186,KDTW,KBWI
3187,KLAX,KPDX
3188,YSSY,YSCB
3189,KRSW,CYYZ
3190,RJBB,RJTT
3191,KMDW,KSFO
3192,KPHX,KPDX
3193,KSFO,LSZH
3194,KORD,KCWA
3195,VHHH,WSSS
3196,NZAA,VHHH
3197,KBOS,KJFK
3198,KDTW,KMSN
3199,KMDW,KBOS
3200,RJTT,VHHH
3201,KORD,KATL
3202,RJOO,RJTT
3203,VOBL,VABB
3204,VECC,VIDP
3205,UUWW,LTBW
3206,KDFW,KLAX
3207,KPSP,KSFO
3208,KBOI,KPDX
3209,KIAH,KSEA
3210,KIAH,KTYS
3211,KDEN,KORD
3212,KPHX,KATL
3213,KMDW,KLAS
3214,KATL,KBKL
3215,KDAL,KMCI
3216,KTPA,XS89
3217,KFLL,KPHL
3218,KPHL,KORD
3219,KJVL,KPWK
3220,KPHX,KRIR
3221,RCTP,RJBB
3222,KFLL,KXFL
3223,KATL,KMCI
3224,YMML,NZAA
3225,KDTW,KALB
3226,SBKP,KMIA
3227,KDFW,KLAX
3228,RJFF,RJTT
3229,KPDX,KPHX
3230,KORD,KLAS
3231,LTBA,EDDF
3232,KMKE,KISM
3233,KPHL,KCLT
3234,YBBN,YMHB
3235,KFLL,KEWR
3236,KPHX,KSLC
3237,KMIA,KRDU
3238,KATL,KMDW
3239,KBWI,KALB
3240,KDAL,KSJC
3241,YBCG,YSSY
3242,VOMM,OMSJ
3243,KPHX,KBUR
3244,KMIA,KSAN
3245,KATL,KSAT
3246,OEDF,OERK
3247,KMDW,KPHX
3248,VOBL,VIDP
3249,KDTW,KATL
3250,KORD,KEWR
3251,KMIA,KDCA
3252,YBCG,YMML
3253,KPHL,KORF
3254,KPHX,KSFO
3255,KLAS,KMDW
3256,KMKE,KLAS
3257,KHOU,KMDW
3258,KMIA,KBKL
3259,NZAA,NZCH
3260,KPHL,KDCA
3261,VABB,OTHH
3262,CYYC,CYXX
3263,KJFK,OTHH
3264,KBWI,KMDW
3265,KDEN,KMCI
3266,KLAS,KPAE
3267,KPHX,KFAT
3268,KMIA,KSFO
3269,KATL,KSFO
3270,PANC,RJBB
3271,VHHH,PANC
3272,KSEA,KPHX
3273,NZCH,NZWN
3274,KPHL,KMIA
3275,YPAD,YMML
3276,KLAS,KDAL
3277,RJFF,RJTT
3278,KPHL,IN58
3279,YMML,YPPH
3280,KPHX,KABQ
3281,KEWR,KCLT
3282,KIAH,KPHX
3283,OMDB,VIDP
3284,KORD,2MO1
3285,KPHL,KALB
3286,VABB,VIDP
3287,KSDL,KCRQ
3288,KDFW,EGLL
3289,KFLL,KORD
3290,KSBA,KSNA
3291,SKBO,KMIA
3292,KPHX,KSJC
3293,KDTW,KSAT
3294,KORD,KLNK
3295,KPDX,KLAX
3296,KATL,KFLL
3297,75TE,KFTW
3298,KDFW,KPHX
3299,KDVT,KPRC
3300,KPHX,KMSP
3301,WSSS,YPPH
3302,KDTW,KLAS
3303,KEWR,KPHX
3304,KPIE,KTYS
3305,YSSY,YSWG
3306,KIAH,KLAS
3307,KHYA,KBOS
3308,KBOI,KSFO
3309,KSEA,KPSP
3310,KORD,KDEN
3311,KATL,KSEA
3312,RJTT,RJOA
3313,KPHX,KPSP
3314,KSFO,KRIR
3315,VIDP,VECC
3316,KMSP,KPSP
3317,RCTP,VHHH
3318,KHOU,KSAT
3319,RJTT,RJOO
3320,ZGSZ,WMKK
3321,KIAH,KLAS
3322,YBAF,YAMB
3323,KORD,KPDX
3324,KPHL,KRDU
3325,YMML,YBBN
3326,KATL,KHOU
3327,WMKK,WSSS
3328,KACY,KFLL
3329,PANC,KSEA
3330,KATL,KBWI
3331,KDTW,KLAX
3332,KORD,KMSP
3333,YWLM,YBBN
3334,KSAN,KOAK
3335,KSEA,KPDX
3336,YSSY,YMML
3337,CYYZ,CYUL
3338,KATL,KFLL
3339,OBBI,OERK
3340,KORD,PANC
3341,KCLT,KIAD
3342,KSAT,KDAL
3343,KDTW,KFXE
3344,KFLL,KORD
3345,KMIA,KDEN
3346,KBWI,KDTW
3347,UAAA,LTBW
3348,KDFW,KLAS
3349,TX03,KADS
3350,KPHL,KLAS
3351,YPJT,YBUN
3352,KLAS,KSMO
3353,KDTW,KPHL
3354,KDAL,KSTL
3355,RKSI,VHHH
3356,KATL,KLAS
3357,KSAN,35OR
3358,KBWI,KCLT
3359,KPHL,KDAY
3360,YBBN,YSSY
3361,KSJC,KLAX
3362,KTPA,KDAL
3363,KFLL,KBWI
3364,VOMM,VIDP
3365,RJFF,RJTT
3366,RJTT,WSSS
3367,KHOU,KDEN
3368,CYYZ,CYQY
3369,KSDM,KSNA
3370,CYYC,CYVR
3371,YPAD,YBBN
3372,KPDX,KSNA
3373,KMIA,KORF
3374,YMML,NZAA
3375,VIDP,VOMM
3376,KDEN,KSBP
3377,KDTW,KIAD
3378,UKKK,UMMS
3379,KMSP,KRDU
3380,WMKK,RCTP
3381,KPSP,KSLC
3382,TJSJ,KJFK
3383,SBGR,LEMD
3384,KSFO,KSEA
3385,NZCH,NZAA
3386,KPHX,KLAX
3387,KPHL,KTYS
3388,KFRG,KFOK
3389,KDTW,KLAS
3390,VIDN,VIDP
3391,KMSP,KEWR
3392,YSWG,YSSY
3393,KPHX,KJFK
3394,YSSY,YBCG
3395,WSSS,RCTP
3396,KBOI,KSMF
3397,KSAN,KMDW
3398,VHHH,RCTP
3399,UWLL,UUEE
3400,KPHL,KBKL
3401,KTEB,KBED
3402,KMSP,KATW
3403,KORL,KSTL
3404,KSFO,KSBP
3405,KDTW,KSAN
3406,KMIA,KSEA
3407,KHOU,KABQ
3408,YSPT,YKBN
3409,NZGB,NZAA
3410,RJTT,RJFF
3411,CYYJ,CYVR
3412,KMKO,KRVS
3413,YSCN,YWOL
3414,KSEA,KLAS
3415,KLAX,KOAK
3416,KHOU,KTUL
3417,KDTW,KDCA
3418,KFAT,KSEA
3419,KLAS,KDFW
3420,KATL,KFLL
3421,KMSP,KSTL
3422,UUDD,EDDF
3423,KSFO,KBOI
3424,KORF,KATL
3425,RCKH,RCWA
3426,KPHX,KSBA
3427,KMIA,24FL
3428,RJFF,RJAA
3429,VIDP,VABB
3430,KBWI,KRSW
3431,KPHL,KSYR
3432,KORD,KSAT
3433,KDTW,KMDT
3434,KCLE,KLAS
3435,KATL,KLAX
3436,KDEN,KTUS
3437,KSFO,KSMF
3438,KDEN,KPHL
3439,RPLL,VHHH
3440,KSFO,KBUR
3441,RCTP,PANC
3442,KDAL,KHOU
3443,KFLL,KATL
3444,KORL,KPHL
3445,SBGR,KATL
3446,KORD,KPHX
3447,YBBN,YPAD
3448,YRTI,YPJT
3449,KMDW,KDAL
3450,KDEN,KMSP
3451,EDDP,KCVG
3452,KRSW,KDCA
3453,SBGL,KMIA
3454,YSBK,YSCB
3455,KHOU,KOMA
3456,WMKJ,WBKK
3457,KSEA,KSMF
3458,KDTW,KORF
3459,KDEN,KHOU
3460,KMDW,KSMF
3461,KBFI,CYYJ
3462,CYYZ,OMDB
3463,KPHL,KMDT
3464,63PA,0PA4
3465,KFLL,KBKL
3466,KMIA,KATL
3467,KHOU,KSTL
3468,VIDP,OMDB
3469,KDEN,KBOI
3470,KPHX,KSNA
3471,KLAS,KSMF
3472,RJOO,RJTT
3473,TJSJ,FD37
3474,KSEA,KRIR
3475,KDFW,KTUL
3476,KPHL,KBOS
3477,KATL,KSRQ
3478,CYYZ,CYVR
3479,NZAR,NZNE
3480,SKBO,LEMD
3481,KSMF,KLAX
3482,KPHX,4IL3
3483,KDEN,KLAS
3484,KMSP,KBOS
3485,VIDP,VABB
3486,KHOU,KPHX
3487,KSFO,KPDX
3488,KLAX,KSFO
3489,KSAN,KSEA
3490,SBGR,SBGL
3491,NZWP,NZKF
3492,KDEN,KPHX
3493,UNEE,UUWW
3494,VIDP,VIDN
3495,KBOS,EGLL
3496,YSSY,YSCH
3497,KDFW,KSDF
3498,OTHH,LIMC
3499,KTPA,KATL
3500,NZAA,NZMZ
3501,KIAH,KLAX
3502,KDTW,0NC1
3503,KDAL,KABQ
3504,YMML,YSSY
3505,YHBA,YBBN
3506,KMSP,KSDF
3507,KMIA,EGLL
3508,KDEN,KLAX
3509,KFLL,KLAX
3510,KSFO,35OR
3511,KORD,LFPG
3512,KDEN,CYYC
3513,KTUS,KPHX
3514,RJBB,RKSI
3515,KDFW,1MU0
3516,KSTS,KLAX
3517,KPHL,KISP
3518,KORD,LFPG
3519,KLAS,KSAN
3520,KSAT,KDAL
3521,KSJC,KSEA
3522,KMSP,KGRB
3523,KDFW,KATL
3524,KTPA,KDTW
3525,KLAX,KMDW
3526,KHOU,KDAL
3527,KSNA,KPDX
3528,KDEN,KPDX
3529,VOMM,VIDP
3530,KMSP,KCMH
3531,YMML,YMHB
3532,KDTW,LFPG
3533,KPHL,KDFW
3534,KLAS,KSTL
3535,KSFO,KLAS
3536,KCLT,KW91
3537,KSEA,KGEG
3538,KOAK,KLAS
3539,KSLC,KLAX
3540,KATL,KDTW
3541,KEWR,VIDP
3542,KDEN,KABQ
3543,KSJC,KPHX
3544,KMDW,KBWI
3545,KORD,KLAX
3546,KA39,KFFZ
3547,KDEN,KMCI
3548,KMIA,KMSP
3549,KMSP,KPHL
3550,ESSA,EFHK
3551,KMCI,KLAX
3552,KATL,KMIA
3553,KDEN,KRIR
3554,KPHL,KATL
3555,KDEN,KPAE
3556,KSEA,KLAX
3557,KMIA,KBOS
3558,KLAX,KLAS
3559,KJFK,KORD
3560,WMKK,WBKK
3561,EGNX,LFPG
3562,KDEN,KORD
3563,KDFW,KTYS
3564,ULMM,UUDD
3565,KONT,KSMF
3566,KMDW,KDTW
3567,KOAK,KBOI
3568,YWOL,YMEN
3569,KDCA,KJFK
3570,OTHH,ELLX
3571,KDEN,KRIR
3572,KPHX,KORD
3573,VOBL,VOMM
3574,KSFO,KFAT
3575,WBKK,WMKK
3576,VABB,VOBL
3577,KPHX,KSAN
3578,KSFO,KSEA
3579,NZWN,NZHN
3580,KTPA,KMDW
3581,KDEN,KPSP
3582,YMML,YBBN
3583,RCTP,VHHH
3584,KSLC,KLAS
3585,KORD,KBOI
3586,KDFW,KHSV
3587,KDEN,KMSP
3588,KDEN,KPHX
3589,RJAA,RCTP
3590,SBGR,SBVT
3591,KAGC,KHEF
3592,KSLC,KSAN
3593,RPLL,RCTP
3594,KSAN,KSJC
3595,PANC,6AK3
3596,KMIA,KBWI
3597,KDFW,KMCI
3598,KLAS,KMCI
3599,KMSP,KDTW
3600,KATL,KLGA
3601,KSAN,KMSP
3602,RJTT,RJOO
3603,KDFW,KDAY
3604,KPDX,KSEA
3605,WSSS,YSSY
3606,KIGX,KSOP
3607,YSSY,NZAA
3608,KJFK,LFPG
3609,KMDW,KATL
3610,KLAX,KTUS
3611,KSJC,KBUR
3612,CYYZ,CYOW
3613,KDFW,CYYC
3614,NZAA,NZWR
3615,KATL,KHOU
3616,KHOU,KDAL
3617,KOAK,KPSP
3618,NZHN,NZCH
3619,KFLL,KBOS
3620,VAJJ,VOBL
3621,RJTT,RJFF
3622,KMIA,KDFW
3623,KORD,KDTW
3624,KATL,KCMH
3625,KLAX,KDFW
3626,RCQC,RCKH
3627,LPPR,EGSS
3628,ULLI,UUEE
3629,SBGR,KMIA
3630,YPPH,YBBN
3631,LYBE,EHAM
3632,KSDL,KPHX
3633,KOAK,KPDX
3634,KJFK,EGLL
3635,KLAS,KHOU
3636,KRSW,KJFK
3637,KPDX,KBOI
3638,KATL,EGLL
3639,KSJC,KLAS
3640,VHHH,RCTP
3641,KTCY,KLVK
3642,KDEN,KSEA
3643,KOAK,KLGB
3644,VOMM,OBBI
3645,KDFW,KBMI
3646,KBOI,KGEG
3647,KORD,KCMH
3648,KMDW,KSTL
3649,KATL,KABE
3650,KDEN,KFAT
3651,KHYI,KEDC
3652,KMIA,SKMA
3653,KJFK,EHAM
3654,KPHX,KSEA
3655,KATL,KLAS
3656,KORD,KDFW
3657,KLAS,KMSP
3658,KSMF,KLAX
3659,VHHH,WSSS
3660,KDEN,KLAX
3661,KMIA,KLAX
3662,KMSP,KORD
3663,NZWN,NZMZ
3664,KPHX,KLAS
3665,KDFW,KSMF
3666,KORL,KDEN
3667,KLAX,KPHX
3668,RJBB,RKSI
3669,KLAS,KPDX
3670,VECC,VABB
3671,SKBO,SBGR
3672,KLAX,KABQ
3673,KDFW,KABQ
3674,KMSP,KMSN
3675,VABB,VOMM
3676,KMDW,KOMA
3677,KDEN,KDAL
3678,KDEN,KSNA
3679,KDFW,KMSN
3680,KDTW,KABE
3681,NZKF,NZWP
3682,KPHX,KMSP
3683,KLAX,KSJC
3684,KAPF,KPTK
3685,KLAX,KDFW
3686,KDEN,KSFO
3687,WBKK,WMKK
3688,NZCH,NZWN
3689,VOMM,OMAA
3690,KSFO,KPSP
3691,KSFO,CYVR
3692,KOAK,KSLC
3693,KORL,KDFW
3694,YSSY,KSFO
3695,KATL,KEWR
3696,KMIA,SKMA
3697,KDFW,KSTL
3698,KSLC,KLAS
3699,VIDP,VABB
3700,KDEN,KSLC
3701,KPDX,KLAS
3702,KSBA,KSJC
3703,KLAS,KSEA
3704,KSDM,KSTS
3705,KATL,KBWI
3706,KATL,CYYZ
3707,KCMA,KCRQ
3708,VIDP,VOMM
3709,SBGR,LEMD
3710,KPHX,KMDW
3711,KLAX,KSLC
3712,YSTW,YSSY
3713,KRBD,28XS
3714,KSFO,KSNA
3715,WMKK,WSSS
3716,KMSP,KLAS
3717,PANC,KSEA
3718,KDFW,KSAN
3719,KPHX,KTUL
3720,CYYZ,CYXE
3721,KDTW,KLAX
3722,KSNA,KSEA
3723,YMML,YBBN
3724,KMIA,SKMA
3725,KSEA,KGEG
3726,KMIA,KLGA
3727,KDFW,KMIA
3728,NZNV,NZCH
3729,KDFW,KSAF
3730,KSFO,KONT
3731,UNEE,UUDD
3732,KLGB,KOAK
3733,KDEN,KLAX
3734,VOBL,EGLL
3735,SBGR,KDFW
3736,RCQC,RCKH
3737,YSCB,YBBN
3738,KPHX,KSTL
3739,NZCH,NZAA
3740,KDEN,KMDW
3741,KDTW,KDAY
3742,KJFK,KBOS
3743,KMSP,KPDX
3744,KDEN,KSAN
3745,KSEA,KPDX
3746,VECC,VOBL
3747,NZAA,NZGB
3748,RJOA,RJTT
3749,KCLT,KRDU
3750,KDEN,CYVR
3751,KSNA,KSJC
3752,KPDX,KLAX
3753,KIAD,KFRG
3754,KATL,KHSV
3755,KDEN,KPUB
3756,RJFF,RJTT
3757,KBLV,KIWA
3758,KPDX,KSEA
3759,KLAS,KLAX
3760,KCLT,KBOS
3761,KDEN,KSLC
3762,KPHX,KSEA
3763,NZPM,NZCH
3764,61WA,KBFI
3765,KSFO,KSNA
3766,EGNX,EDDP
3767,CYYZ,CNV9
3768,KPHX,KSLC
3769,KSEA,KSJC
3770,KFLL,KDTW
3771,YSSY,YMML
3772,KOAK,KSEA
3773,KLGB,KSMF
3774,RJOO,RJTT
3775,KSJC,KSLC
3776,CYYZ,CYYC
3777,KPSP,KSEA
3778,RJFF,RJTT
3779,KLAX,KSLC
3780,KSFO,KIZA
3781,KORD,KDFW
3782,VHHH,RPLL
3783,KDFW,KSAT
3784,36AZ,KIWA
3785,KMSP,KBKL
3786,KFLL,KATL
3787,KPHX,KBUR
3788,CYYZ,CYXE
3789,KDFW,KPHL
3790,KSAN,KFAT
3791,KDEN,KLAS
3792,YSSY,YWLM
3793,KLAX,KSFO
3794,YSBK,YKEL
3795,KPHX,KLAS
3796,KSFO,KLAX
3797,KLAS,KSNA
3798,KSPI,KPGD
3799,KMSP,KDCA
3800,KORL,KJFK
3801,VOBL,VOMM
3802,VABB,VIDP
3803,YMML,YPAD
3804,VIDP,VAPO
3805,CYYZ,SBGR
3806,OBBI,OMDB
3807,KDFW,EDDF
3808,KLAX,KSBP
3809,WSSS,YMML
3810,KMIA,KLAX
3811,KDEN,KSEA
3812,RJBB,EBLG
3813,KATL,KDCA
3814,YPMQ,YBBN
3815,KATL,KJFK
3816,RJTT,RJFF
3817,KONT,KSEA
3818,KSNA,KSLC
3819,KORL,KLGA
3820,KPHX,KLGB
3821,KATL,KPHX
3822,WMKK,WSSS
3823,KLAX,KHOU
3824,KDFW,KDTW
3825,YSSY,YBBN
3826,KDFW,KLAX
3827,KATL,KTYS
3828,CYYZ,VIDP
3829,KGPI,KSEA
3830,KPHL,KMCO
3831,KFLL,KRDU
3832,VIDP,VOBL
3833,KBOI,KLAX
3834,ZUCK,ZGSZ
3835,KATL,EHAM
3836,OMDB,VOBL
3837,CYUL,CNV9
3838,YMML,YMHB
3839,KMDW,KMCI
3840,VIDP,OTHH
3841,KSFO,KSAN
3842,KDTW,KJFK
3843,KPHX,KLAX
3844,VOBL,VIDP
3845,NZAA,NZCH
3846,KATL,KBOS
3847,KPHL,KSTL
3848,YCNK,YSBK
3849,RJFF,RJTT
3850,RJTT,RJOM
3851,KLAX,KSLC
3852,KPSP,KPDX
3853,VABB,VECC
3854,KMIA,SBGR
3855,KCLT,KPHL
3856,KATL,KLAS
3857,KPHX,KMCI
3858,VHHH,RCTP
3859,KCLT,KBKL
3860,KATL,KPHL
3861,KPHX,KBOI
3862,YSBK,YPEC
3863,KPHX,KDAL
3864,KCLT,KORF
3865,YSCB,YMML
3866,NZPM,NZAA
3867,KDEN,MT54
3868,KDEN,KSMF
3869,KSFO,KTUS
3870,KMIA,KEWR
3871,KMSP,KPHX
3872,KMYF,KSEE
3873,KPHX,KSLC
3874,KDFW,KORD
3875,RJTT,RJOO
3876,SBGR,KMIA
3877,KATL,KBKL
3878,LTBA,LFPG
3879,KCLT,KLAS
3880,KONT,KSLC
3881,KMIA,KJFK
3882,KPHL,KLAX
3883,VOMM,OTHH
3884,KJFK,EGLL
3885,KDEN,KSBA
3886,KPHX,KOAK
3887,KDFW,KPHX
3888,OBBI,OMDB
3889,KSFO,KSAN
3890,YPPH,YBBN
3891,VHHH,VHSK
3892,KSEA,KLAS
3893,KOAK,KSAN
3894,KPHX,KSMF
3895,KATL,KEWR
3896,OMDB,EGCC
3897,RJTT,RJBB
3898,KCLT,KBOS
3899,RCTP,RJBB
3900,KSFO,KLAX
3901,KSMF,KPDX
3902,08TX,KADS
3903,KPHX,KLAX
3904,KDFW,XA09
3905,KMSP,KOMA
3906,KLAS,KABQ
3907,KATL,KBWI
3908,VABB,VIDP
3909,KPHX,KMCI
3910,KDEN,KSJC
3911,KPHL,KCMH
3912,KRVS,19OK
3913,KATL,KDTW
3914,KSMF,KBUR
3915,KDFW,KGOP
3916,KSEA,KLAX
3917,KSBD,KEMT
3918,KLAX,KLAS
3919,KSAN,KPDX
3920,YSEN,YPJT
3921,KDTW,KLGA
3922,KPHL,KMSP
3923,KORD,KLAS
3924,KDFW,KOMA
3925,KDEN,KBUR
3926,KSAN,KSFO
3927,CYUL,LFPG
3928,KPHX,KTUS
3929,YBBN,YPAD
3930,KDFW,TX03
3931,KMIA,KMCI
3932,RJFF,RCTP
3933,KCLT,KATL
3934,KBUR,KSEA
3935,KPHX,KABQ
3936,KTPA,KFLL
3937,KATL,KECP
3938,KDFW,KLAS
3939,KDEN,KSAT
3940,KSBD,KLGB
3941,KPHX,KSAT
3942,RKSI,RCTP
3943,KMSP,KSEA
3944,KSTP,KMDW
3945,PANC,KORD
3946,KATL,KSDF
3947,CYYZ,CYYC
3948,KCLT,KTYS
3949,KSFO,35OR
3950,KSFO,KPHX
3951,KPHX,KMSN
3952,VIDP,VAPO
3953,NZCH,NZNV
3954,OMDB,EGPG
3955,KBWI,KDFW
3956,KPHX,KDFW
3957,KSEA,CYVR
3958,KDEN,KABQ
3959,KCLT,KCMH
3960,PANC,40AK
3961,KSAN,KLAS
3962,KSLC,KLAX
3963,OEDF,OEAH
3964,KORD,OMAA
3965,KPHX,KPDX
3966,KLAX,KPSP
3967,KPHL,KSDF
3968,KDFW,KTUS
3969,KSAN,KSFO
3970,KCLT,KSDF
3971,KSFO,KPSP
3972,LLBG,LTFJ
3973,KMSP,KDEN
3974,KSMF,KSEA
3975,YSSY,YBBN
3976,YMML,YBCG
3977,28XS,KDAL
3978,KLAX,KSLC
3979,VOBL,VECC
3980,RCTP,KLAX
3981,KDEN,KPDX
3982,YSSY,YMML
3983,KLAS,KSLC
3984,KVNY,KHWD
3985,KFLL,KEWR
3986,KATL,24FL
3987,KMSP,KSFO
3988,KMSP,KMCI
3989,VHHH,RPLL
3990,EBLG,LLBG
3991,KLAS,KSMF
3992,KCLT,KMIA
3993,RCTP,VHHH
3994,NZSL,NZWP
3995,KPHX,CYYC
3996,KATL,KRSW
3997,KCLT,KTPA
3998,KPDX,KSAN
3999,KSJC,KPDX
4000,KLAS,KSEA
4001,KPHX,KOMA
4002,KSEA,KPDX
4003,NZAA,NZGB
4004,KSFO,KLAX
4005,RJFF,RJBB
4006,KMSP,4WI4
4007,KDEN,KLAX
4008,LIRF,LIMC
4009,KATL,KEGI
4010,YSSY,YMHB
4011,KCLT,KSTL
4012,0PN0,PN14
4013,KCLT,KEWR
4014,NZCH,NZWN
4015,KLAS,KLGB
4016,KCLT,28NR
4017,KDFW,KSLC
4018,KPHX,KSAN
4019,KATL,KSTL
4020,YCBG,YMML
4021,KDEN,KSFO
4022,OMDB,EGBB
4023,KCLT,17NC
4024,KHEF,63PA
4025,KSFO,VIDP
4026,KATL,86GA
4027,KDTW,KBOS
4028,KLAS,KSFO
4029,LEBL,EGMC
4030,KCLT,KRDU
4031,KATL,KLAS
4032,RJOO,RJTT
4033,KAJO,KFUL
4034,YSSY,YPAD
4035,KCOS,KLAS
4036,KDEN,KPHX
4037,KSEA,KSJC
4038,OMDB,LEMD
4039,RKSI,VHHH
4040,YSCB,YBCG
4041,KATL,K9A4
4042,NZCH,NZAA
4043,KSEA,KBOI
4044,KSAN,KSFO
4045,KCPM,KPOC
4046,KRSW,KDTW
4047,KDEN,KDFW
4048,KLAX,KSEA
4049,KONT,KSJC
4050,VOBL,VABB
4051,57AZ,KPHX
4052,KCOS,KFNL
4053,VHHH,RCTP
4054,KMCI,KDEN
4055,KMSP,KLAS
4056,YBBN,YMML
4057,KSJC,KSAN
4058,KATL,KSLC
4059,WMKK,WBKL
4060,NZAA,NZCH
4061,KAUS,FD83
4062,KLAX,KOAK
4063,KLAS,KSLC
4064,KSEA,KSAN
4065,OMDB,UUWW
4066,KBWI,KSTL
4067,KATL,KORD
4068,RJTT,RJFF
4069,KSFO,KSLC
4070,KBFI,KAWO
4071,KSAN,KSEA
4072,KATL,KLAX
4073,SKBO,KJFK
4074,RJTT,RJOO
4075,KLAS,KPDX
4076,KSTL,KLAS
4077,RJOO,RJFF
4078,CYYZ,EGLL
4079,KTEB,KBED
4080,KSDM,KVNY
4081,KLAX,KSMF
4082,KDEN,KSNA
4083,KSEA,KSAN
4084,NZWN,NZHN
4085,RJTT,RJOM
4086,RCTP,VHHH
4087,OMDB,EIDW
4088,KATL,KISM
4089,KFLL,KATL
4090,CYVR,CYCD
4091,YMML,YMHB
4092,KSEA,KSNA
4093,KLGA,KMCO
4094,KOAK,KSNA
4095,KMSP,KLAX
4096,KJNX,KIGX
4097,KLAS,KDFW
4098,OMDB,EDDK
4099,KSEA,KPDX
4100,NZTG,NZAA
4101,KLAX,KPDX
4102,YMEN,YPAD
4103,KMDW,KMSP
4104,KOAK,KPHX
4105,KCLT,KDCA
4106,KBUR,KLAS
4107,YBCG,YMML
4108,VIDP,VOBG
4109,KSJC,KSEA
4110,KDEN,KTUS
4111,OMDB,RJBB
4112,RJBB,RCTP
4113,RJFF,RJTT
4114,KATL,KPLR
4115,KSDM,KVNY
4116,KLAX,KPHX
4117,KMSP,KSEA
4118,KMIV,KN14
4119,KDEN,KSLC
4120,KORD,KLAS
4121,KSEA,KGEG
4122,OMDB,LPPT
4123,WBSB,WSSS
4124,KSLC,KLAX
4125,KPDX,KFAT
4126,RJTT,RJFF
4127,KATW,KLAS
4128,WSSS,VOBL
4129,RJOA,RJTT
4130,KSEA,KLAX
4131,NZTG,NZAA
4132,KSMF,KSLC
4133,KCLT,KDTW
4134,NZKF,NZWP
4135,UUWW,ULLI
4136,KSNA,KLAS
4137,VIDP,OMDB
4138,KPHX,KSMF
4139,PANC,KSEA
4140,VABB,VOMM
4141,OMDB,VABB
4142,KSAN,KPHX
4143,SKBO,KIAD
4144,KORD,LTBW
4145,EETN,EVRA
4146,KLAS,KSJC
4147,KLGA,KMIA
4148,KILN,KRIR
4149,OMAA,EHAM
4150,NZGB,NZAA
4151,KAVP,KORD
4152,RJFF,RJTT
4153,KPHX,KLAX
4154,VABB,VECC
4155,CYYC,CYVR
4156,KL35,KMYF
4157,YBCG,YSCB
4158,KSJC,KSAN
4159,KDEN,KSJC
4160,OTHH,EGLL
4161,KIAD,EGLL
4162,NZAA,NZAP
4163,KSFO,KSEA
4164,KSTL,KPWK
4165,YBCG,YMML
4166,KATL,KFXE
4167,YPAD,YPPH
4168,RJTT,RJFF
4169,KAUS,KLAX
4170,KBUR,KOAK
4171,KSFO,KSLC
4172,KSFO,KSAN
4173,KLAX,KFAT
4174,KDEN,KSAN
4175,KSMF,KSNA
4176,OMAA,LSGG
4177,KSBA,KSEA
4178,YSWG,YSSY
4179,OMDB,EGLL
4180,YBBN,YMYB
4181,KLAX,PANC
4182,KEWR,LIRF
4183,RCQC,RCKH
4184,KSMF,KLGB
4185,NZWN,NZCH
4186,KDTW,KPIT
4187,FAOR,FACT
4188,KPDX,KSJC
4189,RJTT,RJOS
4190,VOMM,VIDP
4191,KMDW,KPHX
4192,VABB,VOMM
4193,RKSI,EDDF
4194,ZGSZ,ZUCK
4195,KPHX,KMSP
4196,VOBL,VOMM
4197,KORL,KPHL
4198,KSMF,KLAS
4199,KLAS,KSAT
4200,KDEN,KBOI
4201,KSEA,KSFO
4202,VECC,VIDP
4203,VHHH,RJBB
4204,RJBB,VHHH
4205,KJFK,OMDB
4206,KMSP,KPDX
4207,KSEA,KPHX
4208,RJFF,RJTT
4209,YSSY,YBCG
4210,KBFI,KSDF
4211,KGEG,KPDX
4212,KDFW,KORD
4213,NZRO,NZCH
4214,RJFF,RJOO
4215,KSTS,KO60
4216,VOBL,VECC
4217,RJOO,RJTT
4218,KSAN,KSMF
4219,EDDF,KORD
4220,YPPH,YSCB
4221,KTKI,KGPM
4222,KSDF,KLOU
4223,WBKK,WMKK
4224,8AK2,PANC
4225,YBMC,YMML
4226,KDEN,KSMF
4227,KFUL,KAJO
4228,KSNA,KLAS
4229,KRHV,KHAF
4230,KORL,KMCI
4231,YPPH,YMML
4232,ULLI,UUWW
4233,KCLT,KLAX
4234,CYYZ,LTBW
4235,KFLL,KTEB
4236,YBBN,YPPH
4237,NZKF,NZWP
4238,NZCH,NZAA
4239,VOMM,VOBL
4240,KMSP,KBOI
4241,KLAS,KOAK
4242,YMML,YSSY
4243,KLAX,LFPG
4244,FAOR,FACT
4245,YSCN,YWOL
4246,NZTG,NZCH
4247,VIDP,VABB
4248,NZCH,NZWN
4249,KLAS,KSAN
4250,UAII,UAAA
4251,KLAX,NZAA
4252,OMDB,ENGM
4253,KMIA,SBGL
4254,KSDM,KVNY
4255,WBKL,WMKK
4256,KLAX,KSJC
4257,KCLT,KROC
4258,KOAK,KLAX
4259,VAPO,VIDP
4260,KMIA,MGGT
4261,KORD,KBOS
4262,KLAS,KTUS
4263,VIDP,VOMM
4264,VOBL,VOTP
4265,KBOI,KSEA
4266,KSNA,KOAK
4267,KLAX,KLAS
4268,KDFW,KCOS
4269,PANC,RJBB
4270,KTUL,KATL
4271,EBLG,KJFK
4272,RJFF,RJTT
4273,KLAX,KFAT
4274,KSJC,KLAX
4275,KSFO,KBUR
4276,KATL,KRDU
4277,RJTT,RJOO
4278,KLAX,EGLL
4279,RJTT,RJBB
4280,CYYZ,CLC2
4281,KPDX,KSFO
4282,KATL,KMSP
4283,UUEE,ULLI
4284,KSAN,KLAS
4285,KJFK,KORD
4286,NZKF,NZAA
4287,VHHH,RCTP
4288,RJTT,RJFF
4289,VOBL,VABB
4290,KMIA,KCVG
4291,YSCH,YSSY
4292,KSAN,KVNY
4293,ULLI,UUEE
4294,NZGB,NZAA
4295,RJOA,RJTT
4296,YSWG,YSBK
4297,LKPR,UUWW
4298,RCTP,EHAM
4299,KCLT,KRSW
4300,OMDB,EPWA
4301,KJFK,CYHM
4302,YSCB,YSBK
4303,VOMM,OMDB
4304,VABB,VIDP
4305,KSEA,KLAS
4306,NZWN,NZCH
4307,YSSY,YBCG
4308,KMIA,KCVG
4309,OMDB,LFPG
4310,KPHX,KSEA
4311,KFLL,KLAX
4312,RJTT,RJBB
4313,LROP,LFPG
4314,VABB,VIDP
4315,OMDB,EHAM
4316,KJFK,VHHH
4317,YBBN,YSSY
4318,NZAA,NZCH
4319,KXNA,KLAS
4320,KFLL,KTPA
4321,KSLC,KBOI
4322,UAAA,OMDB
4323,KLAX,KSEA
4324,KTUS,KDMA
4325,YSSY,YSWG
4326,RJAA,RKSI
4327,KATL,SPJC
4328,YPPH,YBBN
4329,OMDB,KBOS
4330,RJFF,RJTT
4331,RJTT,RJOA
4332,SBGL,SBGR
4333,VOMM,VOBL
4334,PANC,KORD
4335,KSEA,KLAS
4336,OEDF,OEAH
4337,RJTT,RJFF
4338,YPPH,YSSY
4339,OMDB,ULLI
4340,WSSS,WMKK
4341,KSEA,PANC
4342,KSFO,NZAA
4343,NZWP,NZSL
4344,KDTW,KBUF
4345,KDEN,KATL
4346,YSCB,YBCG
4347,KPHL,EDDK
4348,OMDB,LTFJ
4349,VECC,VIDP
4350,KSFO,KLAS
4351,KLAS,KPHX
4352,YCBG,YMML
4353,ZUCK,ZGSZ
4354,YMML,YBBN
4355,VOMM,VOBL
4356,NZHN,NZWN
4357,VABB,VIDP
4358,YMML,VHHH
4359,KBWI,KORF
4360,KLAX,KPSP
4361,KSMF,KSAN
4362,OMDB,OBBI
4363,KLAS,KLAX
4364,RJTT,RJOA
4365,KBFI,KSDF
4366,KSAN,KOAK
4367,RKSI,PANC
4368,KJFK,KBOS
4369,YPAD,YMML
4370,KLAX,VHHH
4371,NZTG,NZWN
4372,OTHH,SBGR
4373,OMDB,EKCH
4374,CYVR,CYYC
4375,YBBN,YSCB
4376,KLAS,KBUR
4377,NZPN,NZAA
4378,VOMM,VOBL
4379,VIDP,VAPO
4380,KISP,KTEB
4381,KJFK,KRDU
4382,VECC,VOBL
4383,OMDB,ESSA
4384,KLAX,RKSI
4385,UUEE,LTBW
4386,SPJC,KFLL
4387,FAOR,FACT
4388,KMSP,KMSN
4389,CYYZ,CYUL
4390,VIDP,LFPG
4391,OTHH,EGCC
4392,OMDB,KJFK
4393,RJOO,RJTT
4394,NZWN,NZRI
4395,KLAX,KSFO
4396,KCLE,KFLL
4397,KMDW,KCMH
4398,VHHH,WSSS
4399,LLBG,LTFJ
4400,KSFO,KPDX
4401,KMSP,KLGA
4402,VIDP,VOBL
4403,KOSU,9OI5
4404,YSSY,NZAA
4405,KTPA,KJFK
4406,OTHH,EIDW
4407,UAAA,VIDP
4408,SPJC,KMIA
4409,KSNA,KVNY
4410,KJFK,KLAX
4411,RJFF,RJBB
4412,KSMF,KLAS
4413,KPHX,KRIR
4414,SBGR,OMDB
4415,KATL,KDFW
4416,KSJC,KE16
4417,VABB,VOBL
4418,VIDP,VOMM
4419,VAPO,VIDP
4420,KMKC,KGPH
4421,UKBB,EVRA
4422,YSSY,YMHB
4423,KSEA,KPHX
4424,WMKK,RCTP
4425,RJTT,RJOO
4426,LKPR,UUWW
4427,YBBN,YSTW
4428,YMML,YPAD
4429,VOMM,VOBL
4430,KMSP,KLAS
4431,OMDB,LSZH
4432,YPPH,YPAD
4433,VOMM,VECC
4434,KSAN,KBOI
4435,KFLL,KMSP
4436,RCQC,RCKH
4437,KDEN,KOAK
4438,KPOC,KTOA
4439,KJFK,SPJC
4440,CYVR,CYYC
4441,OMDB,KLAX
4442,SBGR,EDDF
4443,OMDB,LSGG
4444,YPAD,YBBN
4445,KORD,LSZH
4446,ULMM,ULLI
4447,KMIA,KLAS
4448,KEWR,KBKL
4449,KSKA,KSEA
4450,KSJC,KRIR
4451,KSMF,KRIR
4452,VOBL,VIDN
4453,KJFK,LTBW
4454,YBBN,YMML
4455,KSEA,KPDX
4456,RJTT,RJFF
4457,NZAA,NZGB
4458,YSSY,VHHH
4459,WMKK,RPLL
4460,KBFI,KFHR
4461,FAOR,FACT
4462,YPAD,YPPH
4463,SPJC,KFLL
4464,SKBO,KJFK
4465,KJFK,LLBG
4466,UKBB,EDDF
4467,CYHM,CYVR
4468,KLCK,KSRQ
4469,KLAS,KLAX
4470,KLAX,RPLL
4471,KSFO,WSSS
4472,ZGSZ,RKSI
4473,NZAA,NZCH
4474,KSJC,KLAX
4475,KAUS,KADS
4476,KSAN,KPHX
4477,VHHH,WMKK
4478,KBFI,KYKM
4479,RJFF,RJTT
4480,OTHH,EKCH
4481,KLAS,KSNA
4482,KGEU,KSDL
4483,OMDB,EDDF
4484,NZAA,NZWN
4485,RJTT,RJFF
4486,EDDS,LEPA
4487,YSSY,YSCH
4488,KMIA,SPJC
4489,OTHH,ELLX
4490,VIDP,VECC
4491,LROP,EIDW
4492,CYYZ,CYOW
4493,KIAD,KPHL
4494,YPPH,YPAD
4495,EDDL,LEAL
4496,KBUR,KLAS
4497,RCTP,KSFO
4498,CYYC,CYCD
4499,ESSA,LFPG
4500,KSFO,KJFK
4501,KMIA,KSDF
4502,OTHH,LTBW
4503,KFRG,KIAD
4504,KLAS,KDFW
4505,YSSY,YSTW
4506,LFRS,LFPG
4507,YMEN,YTGG
4508,CYYC,CYYJ
4509,KVGT,K61B
4510,KDEN,KPHX
4511,YMML,YPPH
4512,YBAF,YBBN
4513,EFHK,LIMC
4514,VABB,OERK
4515,YSSY,YKEL
4516,OMDB,LIPE
4517,VOMM,VOBL
4518,NZCH,NZWN
4519,OTHH,EGPH
4520,KDEN,KSFO
4521,YMEN,YWOL
4522,WBKK,WMLU
4523,NZAA,NZPN
4524,YSSY,WSSS
4525,VABB,OMDB
4526,KLGA,KDCA
4527,OTHH,KBOS
4528,KDEN,KSLC
4529,KLAS,KSFO
4530,OMSJ,UKBB
4531,OMDB,LIMC
4532,YSSY,YMML
4533,KLAX,KPDX
4534,NZCH,NZAA
4535,VOMM,VOBL
4536,VHHH,VHSK
4537,LROP,LIME
4538,ZGSZ,ZUCK
4539,YCBG,YMML
4540,CYYC,CYXE
4541,OMDB,RKSI
4542,RKSI,PANC
4543,KSJC,KLGB
4544,YHBA,YBBN
4545,OTHH,ENGM
4546,RPLL,RCTP
4547,KSEA,KLAX
4548,OMDB,LIRF
4549,UUEE,EHAM
4550,KLAS,KLAX
4551,YWLM,YBCG
4552,73PA,KHGR
4553,OTHH,LSZH
4554,RJFF,RJTT
4555,YSSY,YBBN
4556,PANC,RKSI
4557,VOMM,VIDP
4558,ESSA,EKCH
4559,EKCH,LFPG
4560,NZAA,YSSY
4561,SPJC,KMIA
4562,LFBO,EHAM
4563,KLAX,KBOS
4564,NZNV,NZCH
4565,YMML,YBBN
4566,OMDB,EGLL
4567,KEWR,KSDF
4568,RJBB,RJTT
4569,KSEA,KRIR
4570,CYYC,CYXX
4571,KMSP,KPHX
4572,OTHH,KORD
4573,ULLI,UUEE
4574,LFBD,EHAM
4575,VIDP,VABB
4576,UUDD,ULLI
4577,YMML,YSCB
4578,ELLX,LPPT
4579,RJOO,RJTT
4580,KLAX,EGLL
4581,CYVR,CAM3
4582,KPDX,PANC
4583,EDDB,EHAM
4584,VHHH,RCTP
4585,YTYA,YTDN
4586,KATL,KDFW
4587,OMDB,LFPG
4588,YMML,YSSY
4589,NZWN,NZHN
4590,LEMG,LSZB
4591,RJTT,RJFF
4592,RJBB,RCTP
4593,KRBD,TX91
4594,KSLC,KSJC
4595,KLAX,KSFO
4596,LIMC,OTHH
4597,OEDF,OERK
4598,KLAX,KJFK
4599,VIDP,VABB
4600,RJAA,RCTP
4601,NZAA,NZCH
4602,OTHH,KPHL
4603,YSSY,YBBN
4604,EFHK,EHAM
4605,KATL,KDFW
4606,OMDB,EPKK
4607,VIDP,VABB
4608,WMKJ,WMSA
4609,OTHH,LFPG
4610,VHHH,PANC
4611,VIDP,OMDB
4612,YBBN,YSCH
4613,KSEA,KSMF
4614,EDDH,LEPA
4615,OMDB,LOWW
4616,KLAX,NZAA
4617,KDEN,KSAN
4618,LIMC,OTHH
4619,OTHH,RPLL
4620,30AZ,KPHX
4621,KMIA,EHAM
4622,RKSI,RCTP
4623,OMDB,UUEE
4624,LSZM,LEPA
4625,EETN,EDDF
4626,LFPO,LPFR
4627,KLAX,KSEA
4628,FAOR,FACT
4629,KRHV,KWVI
4630,CYYC,CYVR
4631,ESGG,EKCH
4632,RJTT,RJOO
4633,OTHH,KLAX
4634,EFHK,EFOU
4635,LSZM,EHAM
4636,RCTP,VHHH
4637,YBBN,YMML
4638,EDDL,LEIB
4639,KRFD,KRIR
4640,OMDB,LKPR
4641,KSFO,KBOS
4642,PANC,KLAX
4643,OTHH,EGLL
4644,KBOS,KTEB
4645,WBKK,WMKJ
4646,LKPR,EHAM
4647,YBBN,YPAD
4648,LFBD,LFPG
4649,ENGM,EKCH
4650,UUWW,ULLI
4651,KDEN,KLAX
4652,RJAA,RCTP
4653,RPLL,OBBI
4654,KLAX,KJFK
4655,OTHH,EDDM
4656,KLAX,KSEA
4657,VHHH,RCTP
4658,ULLI,LLBG
4659,CYYC,CYQQ
4660,EPGD,ENGM
4661,WMKK,WBKK
4662,VABB,VOBL
4663,KSEA,KPDX
4664,KPDX,KLAX
4665,WMSA,WMKJ
4666,OTHH,KDFW
4667,CYYZ,VHHH
4668,LIBD,LIME
4669,RJFF,RJTT
4670,YPPH,YMML
4671,KAPA,KHPN
4672,NZCH,NZHN
4673,KTOA,KPOC
4674,OTHH,EHAM
4675,YPAD,YBBN
4676,UMMS,UKBB
4677,LEMD,EHAM
4678,KMHR,KSDF
4679,LIRF,LIBR
4680,LSZM,LPFR
4681,YPAD,YBBN
4682,OTHH,EBBR
4683,VIDP,VECC
4684,KLAX,KLAS
4685,CYYC,CYKA
4686,YMML,YPAD
4687,KIGX,8NC6
4688,KLAX,KRDU
4689,VIDP,OMDB
4690,VOMM,VOBL
4691,RJTT,RJFF
4692,OTHH,LIRF
4693,VECC,VIDP
4694,KLAX,KSLC
4695,KPWK,KOSU
4696,NZHN,NZWN
4697,KSEA,KGEG
4698,KTEB,KBOS
4699,LIME,EGSS
4700,LOWW,LHBP
4701,LMML,LFPG
4702,LEBL,LIME
4703,KLAX,KPHX
4704,EFHK,EDDF
4705,YMML,YSSY
4706,OTHH,ESSA
4707,NZAA,NZGB
4708,RCTP,RKSI
4709,KPHX,KJFK
4710,VABB,VIDP
4711,KSMF,KJFK
4712,KPHL,KBOS
4713,LHBP,LKPR
4714,RCQC,RCNN
4715,LEBL,EBBR
4716,RJFF,RJTT
4717,ZUCK,ZGSZ
4718,NZAA,YSSY
4719,LYBE,EDDF
4720,EIDW,KIAD
4721,LIRA,EGPH
4722,OTHH,EFHK
4723,RCTP,RPLL
4724,EVRA,LSZH
4725,KSEA,CYVR
4726,LEBL,LIQL
4727,LEMD,EPMO
4728,ESSA,EDDF
4729,KSEA,KGPI
4730,NZAA,NZCH
4731,WSSS,RCTP
4732,RPLL,WMKK
4733,KBWI,KMIA
4734,VECC,VABB
4735,LFBO,LFGC
4736,RJOO,RJTT
4737,EVRA,ENGM
4738,CYYZ,RCTP
4739,LEPA,EDDH
4740,KSEA,KPDX
4741,NZRO,NZAA
4742,ESSA,LSZH
4743,EFHK,LFPG
4744,LEBL,EHAM
4745,YCBG,YMML
4746,VOBL,VABB
4747,NZCH,NZWN
4748,EDDL,LPFR
4749,EBCI,LPPR
4750,VMMC,RCTP
4751,KBUR,KVNY
4752,YPAD,YMML
4753,LIRA,EPMO
4754,EPGD,EGGW
4755,KSEA,KBOI
4756,OMDB,VABB
4757,YPAD,YPPH
4758,YSSY,YPAD
4759,LFPO,LEMD
4760,KMIA,LEMD
4761,YSWG,YSBK
4762,OTHH,LIMC
4763,EFHK,EDDF
4764,NZTG,NZWN
4765,KFLL,MROC
4766,VABB,EDDF
4767,YRTI,YPJT
4768,KJFK,RCTP
4769,LEBL,LFPG
4770,ESSA,EHAM
4771,EVRA,EETN
4772,YMUL,YPJT
4773,RJFF,RJOO
4774,RPLL,OTHH
4775,NZCH,NZOI
4776,NZAA,NZPM
4777,OTHH,LEMD
4778,KSEA,KSFO
4779,LFBD,LFGC
4780,KLAX,KSMF
4781,YBCG,YSCB
4782,EPGD,ESKN
4783,LHBP,EDDF
4784,EVRA,LFPG
4785,VOBL,OMDB
4786,RJTT,RJOO
4787,KSEA,KBOS
4788,YSWG,YSSY
4789,KSMF,KPAO
4790,ESSA,ENGM
4791,NZCH,NZAA
4792,KSLC,KLAS
4793,LEAL,EHAM
4794,KSAN,KIAD
4795,EPWA,EBCI
4796,YSWG,YSBK
4797,KDFW,KPHX
4798,LEMD,UKBB
4799,VABB,OMDB
4800,EHAM,ENGM
4801,NZCH,NZPM
4802,NZGB,NZAA
4803,RJFF,RJTT
4804,YBBN,YMML
4805,LEBL,EBBR
4806,OTHH,EPWA
4807,EPKT,EGGW
4808,EVRA,EDDB
4809,RJAA,RKSI
4810,LSGG,LEMG
4811,KLAX,KPDX
4812,VAPO,VIDP
4813,UUDD,LOWW
4814,NZWN,NZCH
4815,VOMM,OTHH
4816,UUWW,ULLI
4817,OTHH,LOWW
4818,YPAD,YSCB
4819,EDDB,EDDF
4820,KPOC,KEMT
4821,EDDH,EDDM
4822,EGSS,LEMG
4823,VECC,VIDP
4824,OMDB,KORD
4825,OTHH,KJFK
4826,YMML,YBCG
4827,EKYT,EHAM
4828,EFHK,LIRF
4829,NZWN,NZCH
4830,VIDN,VIDP
4831,WMKK,OMDB
4832,RJTT,RJOA
4833,KSEA,KGEG
4834,OTHH,KIAD
4835,RCTP,VHHH
4836,KLAS,KEWR
4837,EVRA,EHAM
4838,NZAA,YSSY
4839,KBKF,KFNL
4840,LEBL,LEIB
4841,KSLC,KLAX
4842,OTHH,EDDF
4843,KTUS,KDMA
4844,EHAM,ESSA
4845,OMDB,UKBB
4846,EVRA,UUWW
4847,EPKK,LFOB
4848,UAAA,VHHH
4849,EDDN,EHAM
4850,RJBB,RPLL
4851,LSZM,LPPR
4852,LEMD,EDDP
4853,NZAA,NZOI
4854,OMDB,CYYZ
4855,YBCG,YMML
4856,VHSK,VHHH
4857,SBGR,OTHH
4858,EDDP,LIMC
4859,KLAX,KCVG
4860,KPDX,KBOI
4861,VOMM,OMDB
4862,KPSP,KSNA
4863,KORD,ELLX
4864,LKPR,LEMG
4865,1IL4,KCPS
4866,OMDB,EGLL
4867,UMMS,LOWW
4868,EHEH,LEAL
4869,RCQC,RCKH
4870,UUWW,EVRA
4871,VHHH,OTHH
4872,LFML,LFPG
4873,EKCH,EDDF
4874,OTHH,LKPR
4875,VOMM,WSSS
4876,KSFO,RPLL
4877,CYVR,CAM3
4878,ULLI,ULMM
4879,PANC,RKSI
4880,EVRA,LOWW
4881,VIDP,OTHH
4882,KSEA,KBOI
4883,WSSS,RCTP
4884,YSSY,YPPH
4885,ESSA,LEMG
4886,YBBN,YMML
4887,VOBL,VIDP
4888,NZCH,NZNV
4889,NZAA,NZCH
4890,KSLC,KRIR
4891,LTFJ,EHAM
4892,OTHH,CYUL
4893,EKCH,EHAM
4894,LEAL,EKCH
4895,KSLC,KPSP
4896,WSSS,ZGSZ
4897,ZGSZ,ZUCK
4898,RPLL,WSSS
4899,LFPO,LPPT
4900,EGLL,LPPT
4901,UUEE,EKCH
4902,LSZH,EKCH
4903,YBCG,YSSY
4904,ULLI,UUWW
4905,ESGG,EHAM
4906,KLAX,KSJC
4907,OMDB,EGLL
4908,LIMC,LIBD
4909,RJAA,RJFF
4910,EIDW,EHAM
4911,LROP,LEMD
4912,EBMB,LIRF
4913,TJSJ,KJFK
4914,KILN,KPHX
4915,YPAD,YBBN
4916,UUWW,ULLI
4917,YSSY,YMML
4918,WBKK,WMKK
4919,KDEN,KLAS
4920,LEMH,LEMD
4921,OTHH,LTFJ
4922,RJTT,RJOM
4923,OMDB,EDDL
4924,YPJT,YDVE
4925,UUEE,UWWW
4926,KSLC,KSFO
4927,OEDF,OERK
4928,EBMB,EDDF
4929,ELLX,EHAM
4930,KVES,KI73
4931,RJAA,RKSI
4932,KLAS,K61B
4933,LTBA,LEMD
4934,RJBB,RJTT
4935,KLAX,KFAT
4936,LIML,LIBD
4937,ENGM,EDDF
4938,EBBR,LPPT
4939,LYBE,UUWW
4940,RJTT,RJFF
4941,VHHH,RKSI
4942,EDDF,EHAM
4943,EDDW,EHAM
4944,KSLC,KOAK
4945,RJTT,RJOO
4946,NZAA,NZWR
4947,CYVR,CYXE
4948,LFPG,EDDB
4949,LEBL,LEMG
4950,VHHH,PANC
4951,LEMH,LEPA
4952,KDTO,KFTW
4953,EVRA,EDDF
4954,KSEA,KPDX
4955,LEBL,LEPA
4956,RJOO,RJTT
4957,YPPH,YBCG
4958,LSZH,EHAM
4959,EPWA,ESKN
4960,KSEA,KJFK
4961,VHHH,WSSS
4962,LEZL,LEPA
4963,KAUS,KCVG
4964,KABQ,KJFK
4965,KDFW,KDEN
4966,KILN,KATL
4967,RJTT,RJOA
4968,LOWW,EHAM
4969,WMLU,WBKK
4970,LFPO,LEPA
4971,KDEN,KBOI
4972,VABB,VOMM
4973,LPPT,LFOB
4974,LIML,LICJ
4975,EDDH,EDDF
4976,KILN,KRIR
4977,VOBL,VECC
4978,YBCG,YSSY
4979,LEBL,LIPE
4980,YSSY,YCBG
4981,UUEE,ULLI
4982,OMDB,WSSS
4983,LFPO,LFBO
4984,VABB,WSSS
4985,VHHH,RCTP
4986,VOMM,VOBL
4987,ESSA,LEAL
4988,KILN,KSEA
4989,VIDP,VOBL
4990,EDDM,EDDF
4991,EPWA,EDDF
4992,EVRA,UUWW
4993,VOMM,VABB
4994,KLAX,RCTP
4995,EGGD,LEMG
4996,UUEE,ULLI
4997,LIME,LIBR
4998,EDDV,EDDF
4999,RJTT,RJOO
5000,EGNX,LEMG
5001,LFBO,LFPG
5002,YSCB,YMML
5003,RJFF,RJTT
5004,RJTT,RJFF
5005,NZGB,NZAA
5006,KLAS,KTPA
5007,YSCH,YSSY
5008,KJFK,OTHH
5009,LEBL,LEIB
5010,YMML,YPPH
5011,EPGD,ESKN
5012,LPPR,ELLX
5013,EGKK,LPFR
5014,LIMC,LICJ
5015,LIML,LIRF
5016,LFPO,LPPT
5017,NZPM,NZAA
5018,OTHH,EGLL
5019,SKBO,KDFW
5020,EKBI,EHAM
5021,KILN,KDEN
5022,LFST,LFML
5023,WSSS,VHHH
5024,WMKK,VHHH
5025,OMDB,EDDH
5026,YSSY,YPAD
5027,KLAS,KISM
5028,EGSS,LPPT
5029,EIDW,LIME
5030,LFPG,EHAM
5031,VIDP,OTHH
5032,SKBO,KFLL
5033,KDMA,KTUS
5034,EGLL,LFPG
5035,KLAX,MGGT
5036,RJFF,RJTT
5037,KLGB,KPSP
5038,LEMD,LPPT
5039,VHHH,PANC
5040,VOMM,VIDP
5041,LEBL,EKCH
5042,EPKT,EDLW
5043,LTFJ,LOWW
5044,YWLM,YBBN
5045,KCLE,KDTW
5046,RJTT,RPLL
5047,WSSS,VHHH
5048,KLAX,SPJC
5049,VECC,VOBL
5050,RJBB,RJTT
5051,EHEH,LPPT
5052,VABB,VIDP
5053,KSAN,KMIA
5054,LPPT,LFRS
5055,LIME,EVRA
5056,YKEL,YSSY
5057,EPKT,EHEH
5058,YMML,YBCG
5059,KSFO,KBOS
5060,EGCC,LFPG
5061,KMDQ,KPDK
5062,KWHP,KLGB
5063,LSGG,EHAM
5064,VOMM,VIDP
5065,EFHK,LOWW
5066,LFML,LFPO
5067,KLAS,KATL
5068,KSAN,KEWR
5069,SBVT,SBGR
5070,EHEH,LEMG
5071,KLAX,KPMP
5072,YBBN,YMML
5073,RJBB,RJFF
5074,RJTT,RJBB
5075,KHUA,AL29
5076,LFLB,LFPB
5077,LPPR,LFPG
5078,OMDB,EDDM
5079,VABB,VOMM
5080,WBKL,WMKK
5081,UUEE,EHAM
5082,KORD,ELLX
5083,EHAM,EIDW
5084,LEBL,LEMD
5085,LFBD,LSGG
5086,KRFD,KRIR
5087,KPHX,KJFK
5088,OMDB,EHAM
5089,PANC,KLAX
5090,KLAX,YSSY
5091,KSEA,KISM
5092,KSAN,KATL
5093,OMAA,OMDW
5094,RJOA,RJTT
5095,ULLI,UUEE
5096,LFPG,EDDF
5097,UUEE,ULMM
5098,EDDF,LSZM
5099,YBBN,YSSY
5100,YMML,YBMC
5101,LEMD,LEIB
5102,KBOS,KHPN
5103,KSLC,KSAN
5104,OMDB,VIDP
5105,RJOO,RJTT
5106,LSGG,LPPR
5107,YSTW,YSSY
5108,LEPA,LEMD
5109,KFLL,KDFW
5110,YMML,YPAD
5111,NZWN,NZCH
5112,KSDF,PANC
5113,YRTI,YPJT
5114,LSGG,LFPG
5115,FAOR,FACT
5116,ZGSZ,ZUCK
5117,EPMO,EHEH
5118,OMDB,VECC
5119,EHAM,LEMG
5120,KRDU,KCLT
5121,KLAX,KATL
5122,VIDP,OMDB
5123,LGAV,LFPO
5124,YBBN,YSTW
5125,LFPG,GMMN
5126,FAOR,FACT
5127,RJFF,RJTT
5128,KLAX,KIAD
5129,YBCG,YSCB
5130,EBLG,LLBG
5131,LKPR,LIME
5132,KSAN,KDTW
5133,KLAX,KSAN
5134,EGMC,LEAL
5135,SBGR,SBGL
5136,VIDP,VOBL
5137,EDDM,EDDL
5138,YPAD,YMML
5139,WMKJ,WMSA
5140,LSGG,LSZH
5141,RPLL,VHHH
5142,KLAX,KRDU
5143,KTEB,KBOS
5144,KFHR,KBLI
5145,PANC,VHHH
5146,LSZH,EDDF
5147,LEMD,LEJR
5148,KVGT,NV98
5149,RJFF,RPLL
5150,1IS0,KCPS
5151,CYVR,KBFI
5152,KSFO,KDTW
5153,UUEE,EHAM
5154,EIDW,LHBP
5155,EDDF,UUEE
5156,RPLL,RJTT
5157,EGCC,LIMC
5158,LPPT,ELLX
5159,WMKK,RCTP
5160,LIMC,LICJ
5161,KPDX,KATL
5162,LFPO,LPPT
5163,KLAX,KCLE
5164,YSCB,YMML
5165,KSAN,KPHL
5166,VOBL,VIDP
5167,RCQC,RCKH
5168,EGPH,LFPG
5169,RCTP,RJBB
5170,LTFJ,LLBG
5171,ULLI,UUYY
5172,RJTT,RJFF
5173,EDDM,LJLJ
5174,WMKK,WBKK
5175,UMMS,LIRF
5176,KSFO,KEWR
5177,KPDX,KSEA
5178,EIDW,EHAM
5179,KLAX,RKSI
5180,GMME,LFPO
5181,KCPS,83LL
5182,CYHM,CYVR
5183,VOMM,VABB
5184,OMSJ,VIDP
5185,KDEN,KPHL
5186,WSSS,RJBB
5187,RCTP,VHHH
5188,LOWW,EDDF
5189,OMDB,WMKK
5190,KLAX,YSSY
5191,KSEA,KJFK
5192,RJBB,PANC
5193,EGGD,LPFR
5194,VIDP,VOMM
5195,LFPG,LKPR
5196,RJFF,RJTT
5197,UUWW,UMMS
5198,KPHX,KJFK
5199,LGAV,EDDF
5200,YSTW,YBBN
5201,KLAS,KPHL
5202,ULLI,EDDB
5203,YPAD,YBBN
5204,NZCH,NZAA
5205,KLAS,KDTW
5206,LPPR,LFPO
5207,KIND,KDTW
5208,RCTP,WSSS
5209,KLAS,KDTW
5210,EIDW,EHAM
5211,KPHX,KFLL
5212,KLAX,MGGT
5213,ELLX,LFPG
5214,ZGSZ,WSSS
5215,EHAM,LFPG
5216,KSAN,KFLL
5217,EDDM,LSZH
5218,LOWW,EHEH
5219,KLAX,KLAS
5220,YSSY,YSCH
5221,KLAX,YSSY
5222,LIMC,ELLX
5223,EGKK,LFLS
5224,YSCB,YWLM
5225,ULLI,UWWE
5226,KLAX,KDTW
5227,LTFJ,EDDK
5228,KSLC,KBOI
5229,OMDW,VHHH
5230,YSSY,YMML
5231,PANC,RCTP
5232,KLAS,KATL
5233,RCKH,RCTP
5234,RJOA,RJTT
5235,KLAX,KBOS
5236,FAOR,FACT
5237,KPHX,KATL
5238,LTBA,LLBG
5239,YSSY,YMML
5240,KCVG,KBWI
5241,KLAX,KPMP
5242,OMSJ,OPMT
5243,NZNV,NZAA
5244,KPAN,KPHX
5245,SKBO,KMIA
5246,RCTP,RCKH
5247,RJTT,RJFF
5248,PANC,KORD
5249,OMDB,OEDR
5250,LFML,EBLG
5251,RJFF,RJTT
5252,KVNY,KTEB
5253,LIMC,KJFK
5254,CYYC,CYHM
5255,LEMD,LOWW
5256,VHHH,CYYZ
5257,EKCH,ESSA
5258,LTBA,OMDW
5259,LLBG,EGLL
5260,YSSY,YBBN
5261,SKBO,KMIA
5262,NZAA,NZCH
5263,LDZA,EHAM
5264,KTUS,KDMA
5265,UUEE,UNEE
5266,LEMD,EDDB
5267,ZGSZ,ZUCK
5268,VAPO,VIDP
5269,ENGM,ENZV
5270,LOWW,EDDK
5271,RKSI,VHHH
5272,KPDX,KEWR
5273,LPPD,LPPT
5274,KSFO,KIAD
5275,LPPR,LPPT
5276,EDDM,EDDF
5277,EFHK,EDDM
5278,LTFJ,OTHH
5279,UUEE,LTBW
5280,ESSA,ESNP
5281,KORD,SBGR
5282,EGAC,EGLL
5283,YSSY,YSCH
5284,RJOO,RJTT
5285,KLAX,KMIA
5286,EIDW,EGLL
5287,RJTT,RJFF
5288,VOBL,OMSJ
5289,OBBI,OMDB
5290,UUEE,ULLI
5291,KLAS,KBWI
5292,EKCH,ENGM
5293,YWOL,YBBN
5294,LEPA,EGSS
5295,EGGW,LLBG
5296,EGLL,LIRF
5297,RCTP,PANC
5298,VIDP,VABB
5299,LIMC,LPPR
5300,KSEA,KYKM
5301,LEBL,LMML
5302,LEMG,EGBB
5303,KLAX,RCTP
5304,CYYZ,CYOO
5305,EBBR,LPPT
5306,KPSP,KJFK
5307,VOBL,VOMM
5308,EIDW,EDDF
5309,OTHH,EBBR
5310,KABQ,KAEG
5311,ZGSZ,ZUCK
5312,EDDF,LSGG
5313,LEMD,EGLL
5314,KSEA,KGEG
5315,KLAX,KATL
5316,EIDW,LFPG
5317,VIDP,VOBL
5318,PANC,KSDF
5319,EKCH,ENBR
5320,EDDL,LEMG
5321,KLAX,KSEA
5322,EGGD,LPPT
5323,KTEB,KBOS
5324,VECC,VOBL
5325,EDDM,EDDH
5326,VOBL,VIDP
5327,KLAS,KEWR
5328,LEBL,LEAL
5329,RCSS,RCFG
5330,RKSI,RJBB
5331,KLAX,RKSI
5332,KSEA,KPDX
5333,GMMN,LFPO
5334,LTFJ,EGSS
5335,EFHK,ESSA
5336,LIRU,LIRV
5337,EHAM,EKCH
5338,EDDB,LIPE
5339,KPHX,KDTW
5340,VOBL,EDDP
5341,KSEA,KEWR
5342,LEMG,EKCH
5343,KDEN,KFXE
5344,NZCH,NZWN
5345,KSEA,KBLI
5346,EETN,ENGM
5347,KLAX,KSTL
5348,LTFJ,EDDK
5349,YBBN,YSSY
5350,RJTT,RJFF
5351,LFPG,LPFR
5352,EDDB,UKBB
5353,KSLC,KLAX
5354,CYYC,CYYZ
5355,YSCB,YBBN
5356,71KY,OBBI
5357,VABB,VOBL
5358,VHHH,RKSI
5359,YMML,YWLM
5360,NZWN,NZCH
5361,NZCH,NZAA
5362,RCTP,PANC
5363,YPPH,YBBN
5364,KSEA,KMIA
5365,EGGP,LEAL
5366,KDEN,KRSW
5367,EGLL,LPPT
5368,LEAL,EGNT
5369,YMML,WSSS
5370,WMKK,RCTP
5371,UUWW,ULLI
5372,LIMC,LPPT
5373,KFTW,3XA1
5374,RJTT,RJOO
5375,UKBB,UMMS
5376,KPDX,KBOI
5377,PANC,KSDF
5378,KLAX,KEWR
5379,RJFF,RJTT
5380,EGNX,EDDP
5381,KORD,KJFK
5382,GMMN,LFPO
5383,OMDW,LIML
5384,NZCH,NZAA
5385,LTFJ,LEMD
5386,EDDF,LFPG
5387,ESKN,EPGD
5388,EGPH,LPPT
5389,SBGL,SBGR
5390,UUDD,ULLI
5391,KSLC,KBOS
5392,EGCC,OTHH
5393,KLAX,KEWR
5394,KLAX,RCTP
5395,LIRF,LICP
5396,EGKK,LEAL
5397,KMSN,KDLL
5398,LTFJ,EDDH
5399,RJAA,RJFF
5400,EIDW,EPPO
5401,VIDP,VABB
5402,NZCH,NZAA
5403,RCTP,RKSI
5404,KMTO,KCPS
5405,UUDD,ULLI
5406,KSMF,KIAD
5407,ZGSZ,ZUCK
5408,LTFJ,LFLL
5409,RCSS,RJTT
5410,UUWW,LTFJ
5411,KMIA,SPJC
5412,KLAS,KFLL
5413,LFPB,EBCI
5414,KLAX,RCTP
5415,YBBN,YPPH
5416,LEMG,EHEH
5417,KORD,CYYZ
5418,KSFO,YSSY
5419,EIDW,EGLL
5420,VAPO,VIDP
5421,VECC,VHHH
5422,KLAX,KSFO
5423,YPPH,YBBN
5424,ULLI,UWWE
5425,PANC,KLAX
5426,VOMM,VOBL
5427,KONT,KSDF
5428,EDJA,LPPT
5429,EGAA,EGCC
5430,UMMS,EHAM
5431,GMMN,LFPO
5432,VIDP,LOWW
5433,LEPA,EDDS
5434,YBCG,YPAD
5435,KSMF,KORD
5436,WBKK,WMKK
5437,KLAX,KCVG
5438,EIDW,EGCC
5439,LFBO,LFPO
5440,KDEN,KTPA
5441,YMML,YBCG
5442,LFPG,OTHH
5443,LLBG,LFPG
5444,YPAD,YMML
5445,VHHH,WMKK
5446,KMHR,KSDF
5447,KSFO,RCTP
5448,KORL,KBOS
5449,OMDB,VHHH
5450,LEPA,LSZM
5451,LFPG,LSGG
5452,VIDP,VECC
5453,RJTT,RJFF
5454,EGLL,LFBO
5455,LTFJ,EDDL
5456,RKSI,WSSS
5457,RJOO,RJTT
5458,ULLI,UUDD
5459,TJSJ,FD37
5460,KSFO,KMIA
5461,LFPO,LFBO
5462,LFST,LFBO
5463,LDZA,EDDF
5464,EKCH,BIKF
5465,VTBD,VIDP
5466,PANC,KSDF
5467,EGLL,LIMC
5468,KIWA,KLAS
5469,LEMD,EGCC
5470,KHAF,KRHV
5471,SKBO,KMIA
5472,FAOR,FACT
5473,RJTT,RJOO
5474,EGGD,LPFR
5475,UUDD,LTFJ
5476,LFPG,LFBD
5477,NZAA,NZCH
5478,LPPR,EDDK
5479,KMGW,WV65
5480,KLAX,KEWR
5481,EDDF,LTBW
5482,EKCH,EKRN
5483,YMML,YCBG
5484,LFST,LFBD
5485,ULLI,LTBW
5486,LDZA,LTBW
5487,ENZV,ENVA
5488,RJFF,RJTT
5489,YSSY,YMML
5490,PANC,KMSP
5491,LTFJ,LIME
5492,LEMD,LIRF
5493,LROP,LTBW
5494,RJAA,RJFF
5495,VOBL,VABB
5496,EGSS,LIRZ
5497,LIMC,LICB
5498,YMML,YSSY
5499,LTFJ,EHAM
5500,KPHX,KEWR
5501,KORD,ELLX
5502,EKCH,EGCC
5503,VOBL,VABB
5504,KBUR,KOAK
5505,UUWW,OMDW
5506,LEPA,LEMH
5507,LIRF,LSZH
5508,KSFO,KEWR
5509,KATL,RKSI
5510,RJTT,KLAX
5511,ESKN,EPGD
5512,EHAM,OMDW
5513,UKBB,LTBW
5514,LTFJ,EDDM
5515,EGGW,LPPT
5516,UUEE,LIMC
5517,RCQC,RCKU
5518,WSSS,VHHH
5519,BIKF,ESSA
5520,WMKK,ZGSZ
5521,RJTT,RJFF
5522,LTFJ,LIRF
5523,KAPC,KC83
5524,VOBL,VOMM
5525,VHHH,RJTT
5526,UUWW,EVRA
5527,EBCI,LEMG
5528,VOMM,VABB
5529,VABB,OMDB
5530,LDZA,LFPG
5531,FAOR,FACT
5532,KLAS,K1L3
5533,KSEA,KDTW
5534,KLAS,KMSP
5535,FAOR,FACT
5536,WMKK,WBKK
5537,SKBO,KMIA
5538,UUWW,ULLI
5539,RCTP,RKSI
5540,WBKK,WMLU
5541,LYBE,LTBW
5542,KDFW,KATL
5543,RPLL,VHHH
5544,LIMC,EKCH
5545,KSEA,KATL
5546,YMML,YPAD
5547,LFPG,OMAA
5548,CYVR,CYUL
5549,RJOA,RJTT
5550,KSFO,KATL
5551,ENZV,ENBR
5552,EFHK,EKCH
5553,LIME,LROP
5554,UKBB,LLBG
5555,VOBL,VABB
5556,VIDP,VOMM
5557,YMML,YBBN
5558,YBBN,YMML
5559,EDDF,LIMC
5560,LEPA,LEIB
5561,LEBL,EDDL
5562,OMDB,EDDP
5563,LSZH,LPPR
5564,LIME,LIBD
5565,LTFJ,EGCC
5566,ENBR,ENGM
5567,LEMD,EBBR
5568,RJTT,RJBB
5569,RCTP,KLAX
5570,EGAA,EGBB
5571,LIRF,LSGG
5572,EDDF,LOWS
5573,KPHL,KSDF
5574,KJFK,EBLG
5575,EDDF,EHAM
5576,LPPT,LPPR
5577,LIME,EDDH
5578,LEBL,LEIB
5579,GMMN,LFPO
5580,UKBB,EHAM
5581,KSEA,RCTP
5582,LTFJ,ENGM
5583,YPPH,YMML
5584,KLAX,KORD
5585,EGLL,ESGG
5586,RCTP,VHHH
5587,KDEN,KISM
5588,KLAS,KCMH
5589,EPWA,LKPR
5590,FAOR,FACT
5591,KPDX,KMSP
5592,RJTT,RJOM
5593,LTFJ,EHAM
5594,YMML,YPPH
5595,KLAX,MROC
5596,EHAM,LIRF
5597,EGLL,EPKK
5598,YSCB,YPAD
5599,EDDF,LEPA
5600,LEMD,LPPR
5601,KSFO,KPMP
5602,LFBO,LSZM
5603,VABB,VOMM
5604,RCQC,RCKH
5605,LTFJ,LFPO
5606,EGLL,OTHH
5607,LFRS,LSGG
5608,UUWW,LOWS
5609,YMML,YPPH
5610,KSEA,KMSP
5611,KLAX,KSFO
5612,KSFO,RCTP
5613,RJOO,RJTT
5614,KORD,LFPG
5615,VABB,VIDP
5616,EGLL,OMAA
5617,KLAX,KPHL
5618,YBBN,YSSY
5619,LIMC,LEMD
5620,KPDX,KSDF
5621,RJFF,RJTT
5622,LFPO,LPPR
5623,LTFJ,EBBR
5624,RJTT,RJFF
5625,KLAS,KATL
5626,LIBD,LIML
5627,LIML,LIBR
5628,LEMD,LIML
5629,EGSS,LIME
5630,7PN0,KXLL
5631,EDDB,LEMG
5632,EDDF,EDDH
5633,LIRF,LFPG
5634,LTFJ,EDDS
5635,LKPR,OTHH
5636,LEIB,LEMD
5637,EGLL,LFPG
5638,PANC,KORD
5639,KTHV,KFDK
5640,EIDW,LZIB
5641,KAPA,KSUS
5642,LJLJ,EDDM
5643,YSSY,YSCH
5644,OMDB,OPMT
5645,RKSI,WSSS
5646,VIDP,EDDP
5647,UUWW,EVRA
5648,LIBD,LIMC
5649,KLAS,KDTW
5650,EDDF,EDDV
5651,LTFJ,EKCH
5652,LIRF,EHAM
5653,EHAM,CYYZ
5654,KMIA,KJFK
5655,ESKN,EPWA
5656,KRSW,KTTN
5657,RJOO,RJTT
5658,OMDB,VOBL
5659,RJOA,RJTT
5660,KLAS,KISM
5661,VECC,VOBL
5662,RJTT,RJOO
5663,EGPH,EGLL
5664,ESSA,EDDF
5665,LLBG,LTBW
5666,RJTT,RJFF
5667,YSTW,YBBN
5668,LEIB,EDDL
5669,VOBL,VECC
5670,KPHX,KEWR
5671,EBBR,EDDM
5672,KLAX,RJTE
5673,LEMG,EIDW
5674,LHBP,LTBW
5675,UUEE,ULLI
5676,EGLL,LOIR
5677,KLAS,KMSP
5678,VHHH,VHSK
5679,KYKM,KBFI
5680,KLAX,MROC
5681,EGNM,LFPB
5682,LEAL,EDDL
5683,EDDM,LROP
5684,UUEE,UWLL
5685,YBBN,YPAD
5686,CYVR,CYYZ
5687,LIRF,LIBD
5688,LYBE,UUWW
5689,LTFJ,LSZM
5690,KLAX,KDFW
5691,LFPG,LFNR
5692,VOBL,VECC
5693,RJOO,RJFF
5694,VHHH,RKSI
5695,RJBB,VHHH
5696,LFML,LFAS
5697,EHAM,LPPR
5698,KPHX,KMIA
5699,KPDX,KSDF
5700,LSZH,EDDM
5701,KLAX,KORD
5702,LEMG,LFPG
5703,LPPT,LEMD
5704,EDDF,LPPT
5705,EGKK,LOIR
5706,YPAD,YPPH
5707,LIRF,LICJ
5708,LEBL,LEPA
5709,KSFO,KMSP
5710,UUWW,OMDW
5711,EPMO,LIRA
5712,LFPG,LFFI
5713,ENGM,EPGD
5714,LPFR,LFFI
5715,EPGD,EFTU
5716,KLAX,RCTP
5717,RJFF,RJTT
5718,VAPO,VECC
5719,EDDL,EDDM
5720,LIMC,EBBR
5721,EDDF,EDDM
5722,RJAA,RCTP
5723,LFPG,ESSA
5724,YBBN,YSSY
5725,WSSS,VIDP
5726,LIRF,EGLL
5727,EDDF,KORD
5728,KDEN,KMIA
5729,ENGM,EVRA
5730,UUDD,LEBL
5731,RCTP,VHHH
5732,KLAX,YSSY
5733,EKCH,LSZH
5734,ESSA,ESMS
5735,ENZV,ENGM
5736,RJTT,RJOM
5737,YBCG,YMML
5738,YPAD,YSSY
5739,LEBL,LEZL
5740,LTFJ,LYBT
5741,RCTP,RJFF
5742,EHAM,EPGD
5743,ENGM,ENVA
5744,LSGG,LFBD
5745,KLAS,KEWR
5746,UUEE,EGLL
5747,LFPG,EDDH
5748,ZGSZ,ZUCK
5749,KSAN,KEWR
5750,KLAX,MGGT
5751,LIME,LKPR
5752,LEMG,LSGG
5753,LROP,LTFJ
5754,EBMB,LFBO
5755,LOWW,EVRA
5756,SBGR,SBGL
5757,YMML,YBBN
5758,LMML,LTBW
5759,EGLL,EGPD
5760,EBCI,EPWA
5761,LFNR,LFPG
5762,RCTP,WMKK
5763,RJTT,RJOM
5764,LEPA,LFPO
5765,YSCH,YSSY
5766,EBMB,LIMC
5767,YMML,YBBN
5768,LSZH,ESSA
5769,EGLL,EHAM
5770,LFPG,EDDM
5771,VIDP,VABB
5772,RJAA,RJFF
5773,LIMC,OTHH
5774,KMIA,EHAM
5775,EHAM,ELLX
5776,RJBB,RJTT
5777,LFPG,LFNR
5778,EGGW,EPGD
5779,EDDB,LFPG
5780,LTFJ,EDDF
5781,KRDU,KISO
5782,EBBR,LSGG
5783,KATL,EDDF
5784,YBCG,YSSY
5785,UUWW,OMDB
5786,ESSA,EHAM
5787,VIDP,VOMM
5788,ULLI,UUEE
5789,EDDF,EDDL
5790,LPPR,EBCI
5791,RJTT,RJFF
5792,EHAM,EPGD
5793,KONT,KABE
5794,SBVT,SBJD
5795,LTFJ,EDDS
5796,YPAD,YMML
5797,RCTP,KLAX
5798,EBCI,EBKT
5799,FAOR,FACT
5800,EBBR,LFPG
5801,VIDP,VOBL
5802,EHAM,LKPR
5803,EDDF,ESGG
5804,KORD,EHAM
5805,RJTT,RJOO
5806,YBBN,YMML
5807,KLAS,KJFK
5808,KAUS,KDFW
5809,LIRF,LIML
5810,LFPG,OTHH
5811,LIPE,LEBL
5812,EBMB,LSGG
5813,VOMM,VABB
5814,KDEN,KMIA
5815,KLAX,MGGT
5816,LTFJ,LSGG
5817,CYYC,CYYZ
5818,YPAD,YPPH
5819,KPHX,58AZ
5820,UUEE,LKPR
5821,WMKJ,WMKK
5822,LSZH,UKBB
5823,VABB,OMDB
5824,LEPA,EDDH
5825,EDDF,LSZH
5826,VOMM,VOBL
5827,VECC,VOBL
5828,LTFJ,UUDD
5829,OBBI,EDDP
5830,VABB,VIDP
5831,VIDP,VAPO
5832,LEPA,EDDN
5833,YMHB,YSSY
5834,LEIB,LEPA
5835,EPKT,EPWA
5836,YMML,YPAD
5837,ULLI,ULMM
5838,LEPA,LEMD
5839,KAFW,KSEA
5840,UUEE,EDDM
5841,EKCH,LSZH
5842,EHAM,KLAX
5843,LTFJ,ESSA
5844,PANC,KSDF
5845,RJAA,RJFF
5846,KLAX,KDTW
5847,KSFO,KORD
5848,LFPG,LIRF
5849,EBMB,EGLL
5850,LSZM,LOWW
5851,YPAD,YBBN
5852,VOBL,VIDP
5853,LSZH,LSGG
5854,EDDF,UKBB
5855,LTFJ,EDDM
5856,KSEA,KMSP
5857,YPPH,WSSS
5858,NZAA,RCTP
5859,LFPG,LFRJ
5860,VIDP,VOBL
5861,RJFF,RJTT
5862,LPFR,LSZM
5863,KLAX,KJFK
5864,KLAS,KATL
5865,LEPA,EDDK
5866,KSFO,KSEA
5867,EHAM,LIMF
5868,EGGD,EIDW
5869,WBKK,WMKK
5870,EGGW,EPKT
5871,LFPG,LIQL
5872,ULMM,ULLI
5873,RCTP,RCKH
5874,VOBL,OMDB
5875,LEBL,LEMD
5876,LSZH,LEMG
5877,LOWW,UMMS
5878,LLBG,LFPG
5879,EHAM,EGCC
5880,KPDX,KMSP
5881,NZAA,KLAX
5882,LFPG,LROP
5883,LFPG,LEBL
5884,LKPR,LTBW
5885,UMMS,LFPG
5886,LJLJ,EBBR
5887,EDDF,LPPR
5888,EDLW,EPKT
5889,EGLL,EKCH
5890,RPLL,RCTP
5891,KJFK,KCVG
5892,EDDF,EDDS
5893,LFPG,UUEE
5894,SKBO,KMIA
5895,LGAV,EDDF
5896,LFST,LFBD
5897,YSSY,YMML
5898,FAOR,FACT
5899,RJFF,RJOO
5900,PANC,KLAX
5901,LPPT,ELLX
5902,LSZH,EPKK
5903,OMDW,UMMS
5904,UKBB,OMDB
5905,UUEE,EDDF
5906,EHAM,LSZH
5907,ESSA,EKCH
5908,LEMD,LFPO
5909,RKSI,CYVR
5910,EHAM,ESGG
5911,PANC,KORD
5912,KLAX,KMIA
5913,LEBL,EGLL
5914,KSDF,EDDK
5915,EDDF,KMIA
5916,EHAM,LIRF
5917,LSZH,EDDF
5918,LEAL,EGBB
5919,RJFF,RJTT
5920,YMML,YSCB
5921,RJTT,RJOA
5922,VOBL,VECC
5923,EHAM,KATL
5924,EGKK,LEMG
5925,EIDW,EHAM
5926,LFPG,LFBO
5927,YSCB,YPPH
5928,YMML,YBCG
5929,EGPF,EGLL
5930,YPPH,YPAD
5931,ENGM,ENBO
5932,LTFJ,EDDB
5933,EDDF,KSEA
5934,EDDK,LFPB
5935,YSCB,YBBN
5936,EHAM,UKBB
5937,KLAS,KORD
5938,LSZH,LIRF
5939,RCQC,RCKH
5940,LIML,LIRF
5941,ZGSZ,ZUCK
5942,EHAM,LEMG
5943,YBOG,YSTW
5944,GMMN,EBBR
5945,LPPT,LEMD
5946,LEBL,LFPO
5947,ELLX,LPPR
5948,LFPO,LFRJ
5949,LIRF,EBBR
5950,EHAM,EGBB
5951,RCTP,KLAX
5952,OBBI,VOMM
5953,EKCH,EHAM
5954,BIKF,EHAM
5955,KLAS,KDFW
5956,LIPE,LOWW
5957,RJFF,RJTT
5958,LSZH,EVRA
5959,VHHH,RCTP
5960,EIKY,EIDW
5961,OMSJ,VIDP
5962,KPHX,KMSP
5963,YMML,YCBG
5964,EDDK,LOWW
5965,LEMH,LEPA
5966,VOMM,VOBL
5967,EGKK,EPKK
5968,LSZH,EIDW
5969,EDDF,LOWW
5970,LIRF,LMML
5971,YSCB,YBBN
5972,LPPR,LSZM
5973,EHEH,EPMO
5974,EGLL,LIPZ
5975,EDDF,VABB
5976,KLAX,KMSP
5977,YMML,YSCB
5978,LPPT,LFPO
5979,YBCG,YMML
5980,UUWW,EVRA
5981,EHAM,EDDB
5982,RJTT,RJOO
5983,YBBN,YSCB
5984,LSZH,EGLL
5985,YSSY,RKSI
5986,PANC,KPHX
5987,SBRJ,SBBR
5988,EPGD,EHEH
5989,LKPR,LFPG
5990,EDDF,KSFO
5991,GMMN,LEMD
5992,EHAM,SKBO
5993,RKSI,LOWW
5994,LFPG,LEMD
5995,EDDF,EGLL
5996,SBBR,SBGR
5997,LSZH,EHAM
5998,RJOO,RJTT
5999,LFPG,EGPH
6000,KLAS,KCLT
6001,EGCC,EGAA
6002,EGLL,EGPH
6003,EDDF,LMML
6004,EHEH,LOWW
6005,UMMS,EDDM
6006,LEAL,EHEH
6007,YBBN,YPAD
6008,EHAM,LIPZ
6009,UUWW,OMDW
6010,RJOA,RJTT
6011,EGLL,EDDM
6012,EGNX,EDDP
6013,LFPG,EHAM
6014,ENBR,EKCH
6015,RCQC,RCKH
6016,EGCC,EIDW
6017,EDDF,LEPA
6018,EHAM,EIDW
6019,LTFJ,LOWW
6020,LFML,LPPT
6021,RJBB,RJAA
6022,WV21,KDAA
6023,LYBE,EGLL
6024,ULLI,EVRA
6025,UUWW,LTBW
6026,LSZH,LHBP
6027,EBMB,KEWR
6028,KE16,KSJC
6029,LFPG,LFBD
6030,EDDF,EVRA
6031,OERK,OEDF
6032,LEMG,EGSS
6033,FAOR,FACT
6034,PANC,KDFW
6035,EDDK,LEMD
6036,YPAD,YSSY
6037,LIMF,EGSS
6038,SBRJ,SBGR
6039,LSGG,EDDM
6040,KLAX,KDTW
6041,EHAM,LSGG
6042,GMMN,LTBW
6043,RJTT,RJOO
6044,KLAS,KMIA
6045,UMMS,LKPR
6046,LOWW,LTBW
6047,EHAM,EKCH
6048,RJTT,RJFF
6049,EBCI,LEAL
6050,EDDH,EDDM
6051,YSSY,VHHH
6052,EDXK,EDXW
6053,KLAX,KDFW
6054,ESSA,LEPA
6055,MROC,KFLL
6056,UUWW,OMDW
6057,EGMC,LEMD
6058,RKSI,KSEA
6059,RJTT,RJBB
6060,KSDL,KHND
6061,YBMC,YMML
6062,LFBO,LFPG
6063,EPGD,EIDW
6064,RJTT,RJOA
6065,ESSA,LFPG
6066,VECC,VIDP
6067,LFOB,LPPT
6068,RJTT,RJFF
6069,EDDF,LEMD
6070,LEMD,LEIB
6071,EGCC,EGLL
6072,LOWG,LOWW
6073,VHHH,RCTP
6074,EHAM,ESSA
6075,EBLG,KJFK
6076,LPFR,EDDL
6077,UMMS,EDDB
6078,UUEE,EDDB
6079,LTFJ,EDDB
6080,KONT,KSDF
6081,LEMD,LEPA
6082,EHAM,EDDF
6083,EDDF,CYYZ
6084,LLBG,UKBB
6085,VHHH,RKSI
6086,UKBB,LTBW
6087,LPPR,LSGG
6088,LIPE,EGSS
6089,KOPF,KTEB
6090,LEMD,LFFI
6091,VIDP,EDDK
6092,EDDF,KEWR
6093,YMML,YSSY
6094,EGPH,LIRA
6095,LIPX,LIBD
6096,EHAM,LFPG
6097,WMKK,VHHH
6098,LFPG,EDDB
6099,YSBK,YSWG
6100,YMML,YBBN
6101,LIPE,EDDB
6102,EGGW,EGNT
6103,UUWW,LFPB
6104,VIDP,VAPO
6105,LPPT,LFPO
6106,LTFJ,LSZH
6107,KCPS,K3K6
6108,ESSA,LSGG
6109,EPMO,LEMD
6110,EGAC,EGPH
6111,EGLL,LTBW
6112,LFPG,LPPT
6113,ENBR,ENGM
6114,LFPG,ELLX
6115,EDDF,OTHH
6116,VHHH,NZAA
6117,YMHB,YMML
6118,YBBN,YPAD
6119,UUWW,LSGG
6120,LIME,EIDW
6121,CYQY,CYYZ
6122,ENZV,ENGM
6123,LFPG,EGLL
6124,EHAM,LHBP
6125,LIMC,EGCC
6126,LFPG,EGPH
6127,LKPR,LHBP
6128,VECC,VOMM
6129,VHSK,VHHH
6130,SBSP,SBBR
6131,KMIA,SKMA
6132,UUWW,EVRA
6133,LEAL,EGCC
6134,LFBD,LFPG
6135,EHAM,EDDL
6136,RKSI,CYVR
6137,UUEE,EDDL
6138,ENGM,ENZV
6139,YWLM,YMML
6140,SBGL,SBBR
6141,LPPT,EBBR
6142,VOBL,VOMM
6143,EDDB,LOWS
6144,KPHX,KDFW
6145,EHAM,SBGR
6146,RJOA,RJTT
6147,LOWS,EDDF
6148,RJTT,RJOS
6149,LEBL,ESSA
6150,EGLL,EIDW
6151,KOAK,KSDF
6152,RJOO,RJTT
6153,LEMG,LKPR
6154,ESSA,ESNZ
6155,LTFJ,LKPR
6156,YSSY,YBBN
6157,SBKP,SBBR
6158,ZGSZ,ZUCK
6159,LEIB,LEMD
6160,EGLL,OMDB
6161,EDDF,RCTP
6162,EDDH,EDDF
6163,LSZM,LHBP
6164,RJFF,RJTT
6165,KXLL,7PN0
6166,LSGG,LFPG
6167,VIDP,VABB
6168,ELLX,LPPR
6169,EDDF,KJFK
6170,RJTT,RJFF
6171,LOWW,EDDK
6172,EIDW,LEMD
6173,EHAM,LFBD
6174,ENGM,EKCH
6175,LKPR,UKBB
6176,LEAL,EGSS
6177,LOWW,UUDD
6178,EHAM,EFHK
6179,LEMG,EGGD
6180,SBGR,SBBR
6181,LEBL,LFBD
6182,EDDV,EDDF
6183,LIME,EDDK
6184,LFPG,KEWR
6185,RJTT,RJFF
6186,GMMN,LEMG
6187,LEAL,EGMC
6188,EDDM,LTBW
6189,RPLL,WMKK
6190,EGJJ,EGHH
6191,LYBE,LSGG
6192,OMDB,LFPG
6193,KIAH,KMIA
6194,LEBL,EBBR
6195,LGAV,LIRA
6196,TX05,2XA5
6197,LIBD,LIPZ
6198,LFBO,LFPO
6199,ULLI,UUEE
6200,FACT,FALA
6201,EDDF,KDFW
6202,OMAA,EHAM
6203,EBBR,LIME
6204,ZGSZ,ZUCK
6205,LEMG,EGNX
6206,EHAM,ENGM
6207,LIME,EHEH
6208,YBBN,YPPH
6209,EDDF,EIDW
6210,PANC,KSEA
6211,EDDB,EDDF
6212,ESSA,ESGG
6213,LFPG,LMML
6214,EHAM,EPWA
6215,EGKK,EGPE
6216,EHAM,KSEA
6217,YPPH,YMML
6218,VIDP,VOBL
6219,EDDF,EFHK
6220,EPWA,UKBB
6221,VOBL,VIDP
6222,LTFJ,EHAM
6223,WMKK,WBKK
6224,UUEE,LTBW
6225,LIPE,EDDK
6226,EDDL,EDDF
6227,LLBG,LTFJ
6228,RKSI,KDFW
6229,KVNY,KOPF
6230,ZGSZ,ZUCK
6231,EHAM,WSSS
6232,RJAA,RJFF
6233,LOWW,LTFJ
6234,LFPG,KJFK
6235,SBVT,SBGR
6236,LSZH,LIRF
6237,LFPG,KLAX
6238,RCTP,VHHH
6239,KPHX,KPDX
6240,EDDF,EFHK
6241,YRTI,YPJT
6242,LROP,LOWW
6243,EGGW,LFPB
6244,ELLX,KORD
6245,SBGR,SBBR
6246,EHAM,EDDH
6247,FAOR,FACT
6248,LPFR,EGKR
6249,EIDW,EPMO
6250,LFML,LFBD
6251,OMAA,VABB
6252,EVRA,LIME
6253,EPWA,EPGD
6254,PANC,VHHH
6255,RJTT,RJFF
6256,OBBI,OTBH
6257,VABB,VOMM
6258,LEMG,LEIB
6259,EGLL,EGNT
6260,EDDF,KLAX
6261,RJBB,RCTP
6262,EGLL,OBBI
6263,EIDW,LSGG
6264,OMDB,OBBI
6265,LPPT,LEMD
6266,EGKK,EGAA
6267,EGGD,EGAA
6268,KAPF,KROC
6269,EDDF,KORD
6270,SBCO,SBGR
6271,EDDK,LEMD
6272,EGMC,LIMC
6273,EHAM,KBOS
6274,ELLX,EHAM
6275,KLAX,KSEA
6276,ENVA,ENGM
6277,VHHH,OTHH
6278,EGLL,KJFK
6279,VOMM,VABB
6280,YWLM,YBBN
6281,LEPA,EDDF
6282,ESSA,LTBW
6283,EDDK,EGNX
6284,LPPT,EGLL
6285,LFBD,LFGC
6286,LFML,LFPG
6287,LFPO,LPPR
6288,WMSA,WMKJ
6289,WMKK,WMKJ
6290,RJFF,RJTT
6291,KSJC,KE16
6292,WMKK,WMKJ
6293,ELLX,LIMC
6294,ENGM,ENVA
6295,EHAM,EGLL
6296,EDDS,EDDF
6297,EPWA,EVRA
6298,ULLI,UUDD
6299,LTFJ,EBCI
6300,EKCH,LEAL
6301,EDDM,LFBO
6302,LFPG,EVRA
6303,UAAA,UAII
6304,UKBB,EDDB
6305,LFBO,LFPO
6306,EHAM,EVRA
6307,RJBB,RJTT
6308,LIML,EDDF
6309,EPWA,LEMD
6310,LPPT,EGSS
6311,UUWW,LTBW
6312,EHAM,EIDW
6313,KJNX,KIGX
6314,YBBN,YMML
6315,EDDF,LIRF
6316,LFBO,EGLL
6317,LEBL,LEMG
6318,ENVA,ENBO
6319,ESMS,ESSA
6320,EPWA,EPWS
6321,EHAM,KATL
6322,EDDH,EDDF
6323,LPPT,LFPO
6324,EDDP,KJFK
6325,LIBD,LIRF
6326,VIDP,VOMM
6327,RJTT,RJOO
6328,OMDW,EGGW
6329,OMDB,VOBL
6330,RJFF,RJTT
6331,LGAV,EDDK
6332,EGGW,EVRA
6333,SBSP,SSJC
6334,NZAA,KLAX
6335,LICB,LIMC
6336,EHAM,FACT
6337,LPPT,LPPR
6338,EDDM,EDDF
6339,VIDP,VABB
6340,YPMQ,YSSY
6341,RJOO,RJTT
6342,EFHK,ESSA
6343,EBMB,LEBL
6344,YWVA,YSBK
6345,SBGL,EHAM
6346,ENGM,ENVA
6347,ULLI,EDDF
6348,EHAM,KEWR
6349,LSGG,EBMB
6350,LFBD,EBCI
6351,YSSY,RPLL
6352,LSZM,LFBO
6353,ZGSZ,ZUCK
6354,EKCH,LEBL
6355,EDDF,KIAD
6356,ESSA,ENGM
6357,LSGG,EGKK
6358,EDDH,LSZH
6359,RCTP,RJBB
6360,KLAX,KATL
6361,EDDB,ULLI
6362,ESMS,ESSB
6363,EHAM,KDTW
6364,FAOR,FACT
6365,SBVT,SBRJ
6366,LFPG,LPPR
6367,UUWW,LTBW
6368,EPWA,EPPO
6369,EGSS,LEPA
6370,EHAM,KJFK
6371,RCQC,RCNN
6372,SBSP,SBBR
6373,TJSJ,KMIA
6374,KCCR,KAPC
6375,KATL,EDDF
6376,VHHH,PANC
6377,SBRJ,SBBR
6378,SBSP,SBRJ
6379,KOPF,CYYZ
6380,RCKH,RCTP
6381,RJTT,RJOO
6382,LSGG,LIRF
6383,YMML,YSSY
6384,LIMC,LIBD
6385,KBFI,KYKM
6386,YBCG,YMML
6387,OMDB,VHHH
6388,LPPR,LIMC
6389,VIDP,VIAM
6390,RJTT,RJFF
6391,ENGM,EETN
6392,EDDM,EDDN
6393,LECU,LEMT
6394,SBGR,SBRJ
6395,KSLC,KSDF
6396,PANC,KSEA
6397,LEMG,EHEH
6398,LFPO,LFBO
6399,EGLL,KEWR
6400,EHAM,LKPR
6401,RJFF,RJTT
6402,VIDP,VAPO
6403,LPPT,LPPD
6404,EVRA,EETN
6405,LIRA,EPKK
6406,KPHL,KPHX
6407,ULLI,UUWW
6408,UMMS,LTBW
6409,EHAM,EDDF
6410,VHHH,WMKK
6411,EDDM,EDDH
6412,KLAX,KATL
6413,OMDB,EDDK
6414,FAOR,FACT
6415,EDDM,LPPR
6416,LFPO,LPPT
6417,LTFJ,EDDF
6418,RPLL,OTHH
6419,EHAM,OMDW
6420,LHBP,EIDW
6421,RJTT,RJFF
6422,EDDF,KBOS
6423,UUEE,ULLI
6424,LFPG,LEMD
6425,UUDD,ULLI
6426,EHAM,LEIB
6427,ULLI,UUWW
6428,VAPO,VOMM
6429,VOBL,VECC
6430,LFRS,LFPG
6431,OMDB,UAAA
6432,LSZM,EHAM
6433,LFPG,EDDF
6434,EHAM,RCTP
6435,LSGG,LTBW
6436,EDDM,EDDG
6437,SBGR,SBVT
6438,YWLM,YSSY
6439,LIRF,LTBW
6440,LFPG,LFBO
6441,OMDB,EDDK
6442,EDDF,OBBI
6443,EGKK,EDDB
6444,LEAL,EGCC
6445,RJTT,RJOO
6446,LPPT,EHEH
6447,KSTL,KRIR
6448,RJFF,RJOO
6449,EBMB,LEMG
6450,VABB,VOBL
6451,EDDL,LTBW
6452,SBGR,SSJC
6453,WMKK,WBKK
6454,VHHH,OMDB
6455,RCTP,PANC
6456,RJFF,RJTT
6457,LFPO,LPPR
6458,LPPT,EKCH
6459,EPWA,EPKT
6460,KIAD,KDEN
6461,LKPR,EGCC
6462,OBBI,VOMM
6463,EDDH,LIME
6464,TJSJ,KEWR
6465,RJAA,RKSI
6466,LEMG,EHAM
6467,PANC,KPDX
6468,UMMS,EDDF
6469,VABB,VIDP
6470,LEBL,EDDH
6471,OTHH,EDDF
6472,KCPS,7IS2
6473,KMIA,SKBO
6474,YMML,YPAD
6475,LFPG,EIDW
6476,RJFF,RJTT
6477,EGAC,EGCC
6478,UUDD,ULMM
6479,LIMC,EHAM
6480,KBOS,KRSW
6481,LFML,LFPG
6482,EDDF,KORD
6483,LEAL,EGKK
6484,EHAM,LDZA
6485,LIRF,LLBG
6486,EFHK,EFOU
6487,LSZM,LTBW
6488,RCTP,VHHH
6489,VIDP,VIDN
6490,LEMG,EDDB
6491,YSSY,RCTP
6492,SBGL,SSJC
6493,LEBL,LEZL
6494,LPFR,LFPG
6495,ULLI,UUEE
6496,YMMB,YMNG
6497,LPPT,LSGG
6498,LFBD,LSGG
6499,GMMN,LFPG
6500,RJTT,RJOO
6501,UUWW,EVRA
6502,ELLX,LTBW
6503,KBOS,KORD
6504,OMDB,LTBW
6505,RJFF,RJTT
6506,UWLL,UUEE
6507,ULMM,UUEE
6508,LFPO,LIQL
6509,EGCC,EHAM
6510,EDDP,EGNX
6511,KLAX,KSMF
6512,LIRZ,EGSS
6513,KGRR,KPHL
6514,KBWI,KL65
6515,VIDP,VABB
6516,KIAD,SKBO
6517,KMIA,KDFW
6518,KBOS,KMDW
6519,EGCC,EKCH
6520,LTFJ,LFPO
6521,EDDM,LPPT
6522,LOWW,LEMD
6523,ESSA,ENGM
6524,KPHL,KDFW
6525,LEZL,LEMD
6526,UKBB,LEMD
6527,RCTP,VHHH
6528,LEBL,LSZH
6529,WMSA,WMKJ
6530,EKCH,LIMC
6531,EVRA,EDDH
6532,LIMC,LTBW
6533,LEAL,EGGP
6534,LSZH,LTBW
6535,EGPH,EGCC
6536,EGPD,EGLL
6537,RJOO,RJTT
6538,LEBL,LROP
6539,VABB,VIDP
6540,EGLF,LFPB
6541,UUEE,LTBW
6542,LKPR,EHAM
6543,EGGW,UUWW
6544,EDDP,LEMD
6545,RJTT,RJFF
6546,EVRA,EKBI
6547,VIDP,VOBG
6548,YSCB,YPAD
6549,LEMG,EDDK
6550,KONT,KSDF
6551,YSSY,YBCG
6552,EHAM,EGLL
6553,EPGD,EHAM
6554,RKSI,RCTP
6555,OPMT,OMDB
6556,UUEE,UUWW
6557,RJTT,RJOA
6558,VAPO,VIDP
6559,EGLF,KTEB
6560,EPPO,EIDW
6561,YSSY,RJTE
6562,EDDB,LIMC
6563,KJFK,PANC
6564,SBGR,SPJC
6565,KBWI,KBOS
6566,LEMD,LEPA
6567,EHAM,LTBW
6568,KOAK,KSDF
6569,LFML,LFPO
6570,LIRF,EGLL
6571,YSSY,RCTP
6572,EDDM,EPWA
6573,YPAD,YSCB
6574,RKSI,KLAX
6575,EGBB,LEMG
6576,OMDB,EDDF
6577,ENZV,ENGM
6578,KCVG,KJFK
6579,VABB,VOBL
6580,ESSA,LTBW
6581,KFFZ,KPAN
6582,YBBN,YMML
6583,LSGG,EBMB
6584,KPHX,KSDF
6585,EGLL,WMKK
6586,YSSY,YBBN
6587,ESGG,EGLL
6588,LEPA,EDDF
6589,OBBI,EDDP
6590,EDDM,EPKK
6591,LPFR,EGGD
6592,LROP,EDDM
6593,KOPF,KIAD
6594,LEMG,EGPG
6595,EGLL,WSSS
6596,LPPT,EDDM
6597,EGPH,EGAC
6598,LEBL,LEMD
6599,EGGW,EGPE
6600,VABB,VOMM
6601,KMIA,SKBO
6602,UUEE,RKSI
6603,KPHL,KXSA
6604,RJTT,RJFF
6605,RCTP,VMMC
6606,KSDF,EDDK
6607,EHAM,EICK
6608,EDDM,LFPG
6609,LPPT,LIMC
6610,SBGR,SSJC
6611,OMDB,EGCC
6612,ELLX,LPPT
6613,ENBO,ENGM
6614,WMKK,WBKK
6615,CYUL,CYYZ
6616,EDDV,LTBW
6617,LFML,EBBR
6618,LSZR,LOWW
6619,FAOR,FACT
6620,LEMD,LEMG
6621,EKRN,EKCH
6622,EGBB,EHAM
6623,EHAM,UUEE
6624,LFPG,KATL
6625,LIML,LIDP
6626,EDDF,WSSS
6627,LEMD,LFPO
6628,LOWW,LEPA
6629,KBOS,KCLT
6630,RJBB,RKSI
6631,LEAL,EGPH
6632,LTFJ,LLBG
6633,LPPT,EBBR
6634,ENBR,ENZV
6635,YSSY,YMML
6636,PANC,KSEA
6637,LFPG,LTBA
6638,KFLL,KLGA
6639,SBBR,SBGR
6640,LSZB,LSGR
6641,RCQC,RCKH
6642,LIRF,UMMS
6643,LIRA,EGSS
6644,ULLI,EVRA
6645,KATL,KJFK
6646,LPPT,EGLL
6647,LFPG,CYVR
6648,WBKK,WMKK
6649,KONT,KSDF
6650,EHAM,LEBL
6651,ESGG,EHAM
6652,CYVR,CYHM
6653,KSFO,RKSI
6654,EHEH,LEMG
6655,PANC,KSDF
6656,LIML,UUWW
6657,UUWW,EVRA
6658,EPKT,EPWA
6659,EDDB,LEMD
6660,LEBL,LFPO
6661,EDDF,LTBW
6662,YCBG,YMML
6663,LHBP,EDDP
6664,LEMD,LEAL
6665,EHAM,UUEE
6666,LKTB,LKPR
6667,KFLL,KATL
6668,LMML,LIRF
6669,LFBD,LFGC
6670,EGLL,KSFO
6671,KAVP,KCLT
6672,RJTT,RJFF
6673,EBCI,LFMK
6674,EDDM,EDDK
6675,LSZH,EHAM
6676,LEMH,LEPA
6677,LSGG,EIDW
6678,YSSY,RCTP
6679,WSSS,NZAA
6680,LEPA,EDDH
6681,ENGM,EKCH
6682,SBSP,SSJC
6683,KAPA,KFNL
6684,VOBL,VIDP
6685,LIRF,LEMD
6686,EGCC,LEMD
6687,SKBO,KMIA
6688,KRSW,KATL
6689,YSSY,RJTE
6690,LIML,LEMD
6691,EGLF,UUWW
6692,KPHX,KSDF
6693,LPPT,EGGW
6694,VECC,VOMM
6695,KPHL,KORD
6696,EHAM,KIAD
6697,LTFJ,EDDL
6698,EBMB,LEMD
6699,KPGD,KSDF
6700,KGRR,KATL
6701,ESNZ,ESSA
6702,OERK,OMDB
6703,LKPR,LIRF
6704,KDCA,KDTW
6705,KMDT,KORD
6706,KOPF,KTEB
6707,LOWW,EBCI
6708,EDDF,EHAM
6709,GMMN,LFPO
6710,EDDF,LOWW
6711,LFBO,LFPO
6712,KBOS,KBWI
6713,KLGA,KMIA
6714,RJFF,RJTT
6715,KAPA,KTEB
6716,EHAM,OMDB
6717,KEWR,KATL
6718,EDDM,LIMC
6719,KFLL,KBWI
6720,VIDP,VECC
6721,YSSY,YMML
6722,LPPT,EDJA
6723,KRSW,KDTW
6724,LKPR,LKMT
6725,WSSS,VABB
6726,KLGA,KMDW
6727,KBOS,KMCO
6728,LSGG,LIML
6729,LFPG,EHAM
6730,KDCA,KATL
6731,LSZH,EDDH
6732,KONT,KSDF
6733,VOBL,VABB
6734,LEBL,LTBW
6735,RJOA,RJTT
6736,KMDT,KATL
6737,OTHH,LTBW
6738,KDAB,KATL
6739,LEMG,EDDL
6740,KLGA,CYYZ
6741,KFLL,KEWR
6742,RJFF,RJTT
6743,SBSP,SSJC
6744,LPPT,EGGD
6745,EHAM,LOWG
6746,KTPA,KBWI
6747,KMKE,KPHL
6748,KDCA,KORD
6749,SBRJ,SBGR
6750,KEWR,KORD
6751,EDDF,LDZA
6752,VECC,VOBL
6753,KBWI,KATL
6754,KATL,KTUL
6755,KFLL,KMDW
6756,LSGG,EHAM
6757,LSZH,LOWW
6758,71KY,EBBR
6759,LEMD,EGKK
6760,KBOS,KDFW
6761,LKPR,ESSA
6762,KCMH,KATL
6763,KFLL,KATL
6764,LIMC,EBBR
6765,VAPO,VOBL
6766,WSSS,WMKK
6767,KEWR,KFLL
6768,LIRF,EHAM
6769,KMDT,KDTW
6770,KBOS,KATL
6771,KMSP,KFLL
6772,CYQG,CYYZ
6773,KLGA,KORD
6774,EDDM,EDDV
6775,VIDP,VOBL
6776,KCLE,KATL
6777,EHAM,LEMG
6778,7PN0,KXLL
6779,LEBL,LEPA
6780,VHHH,YSSY
6781,EKCH,EHAM
6782,KLGA,KATL
6783,LYBE,LTBW
6784,KBOS,KPHL
6785,EGLL,KJFK
6786,EDDF,KEWR
6787,LFBO,EBMB
6788,RJTT,RJFF
6789,LFML,LFPB
6790,EHAM,UMMS
6791,LFBD,LFPG
6792,KSRQ,KATL
6793,EPPO,EIDW
6794,KRDU,KMDW
6795,KTPA,KATL
6796,VOBL,VABB
6797,KROC,KDTW
6798,KLGA,KDTW
6799,KBWI,KORD
6800,LEBL,LIMC
6801,TJSJ,KATL
6802,KCLT,KCVG
6803,EGAA,EGKK
6804,KDTW,KFLL
6805,KBOS,KORD
6806,KORD,KPHL
6807,KFLL,KATL
6808,VOMM,VABB
6809,LFPO,LPPR
6810,KBWI,KCLT
6811,EHAM,KORD
6812,KIAD,KATL
6813,LYBE,LTFJ
6814,EDDM,KIAD
6815,KRDU,KPHL
6816,UUEE,LSGG
6817,OMDB,LFPG
6818,OTHH,LEMD
6819,FAOR,FACT
6820,EGLL,LEMD
6821,EVRA,UKBB
6822,EPKK,EGLL
6823,KBOS,KFLL
6824,RJFF,RJTT
6825,LPPT,LIRF
6826,KIND,KATL
6827,LROP,LFPG
6828,RJTT,RJFF
6829,EIDW,LPFR
6830,KATL,KPHL
6831,EDDF,ESSA
6832,KEWR,KORD
6833,YSSY,YBBN
6834,ULLI,ULMM
6835,EDDM,EBBR
6836,VHHH,OTHH
6837,EHAM,EIDW
6838,LTBA,EDDF
6839,EGPH,EGLL
6840,ENBR,ENGM
6841,KALB,KBWI
6842,TJSJ,KEWR
6843,KATL,KPMP
6844,SBRJ,SSJC
6845,KBOS,KDCA
6846,KDAY,KPHL
6847,KSDF,KDFW
6848,KJFK,KMIA
6849,CYOW,CYYZ
6850,KEWR,CYYZ
6851,KCMH,KPHX
6852,LTBA,LLBG
6853,EDDH,LFPG
6854,LIRF,LFPO
6855,KGRR,KPHX
6856,VABB,VIDP
6857,LFBD,EDDB
6858,KBOS,KJFK
6859,EGPH,EDDB
6860,KMSS,KBOS
6861,KATL,KFXE
6862,LZIB,EIDW
6863,LHBP,EHEH
6864,LFPG,RKSI
6865,LEBL,LPPT
6866,KCLE,KMIA
6867,KFLL,CYUL
6868,RJTT,RJOM
6869,LEMG,ESSA
6870,VHHH,RPLL
6871,LIRA,EGLF
6872,EHAM,LTFJ
6873,EDDM,EGLL
6874,GMMN,LIPE
6875,KBWI,KBOS
6876,LIPZ,LIBD
6877,LLBG,LOWW
6878,KRDU,KORD
6879,KRSW,KDTW
6880,EGLL,KMIA
6881,RJFF,RCTP
6882,EIDW,KEWR
6883,KIND,KDCA
6884,KBUF,KJFK
6885,LEIB,LEMD
6886,KABE,KCLT
6887,KTPA,KATL
6888,KUAO,KCOE
6889,LFML,LFPO
6890,KATL,KMDW
6891,EPKK,LIME
6892,PANC,KLAX
6893,LFPG,LIRF
6894,KTYS,KPHL
6895,LPPT,EGPH
6896,KDTW,KCLT
6897,KJFK,KATL
6898,RJOO,RJTT
6899,KORD,KFLL
6900,LSGG,EGLF
6901,LFPG,LFRN
6902,EDDM,EDDH
6903,KMGW,WV65
6904,KBOS,KMIA
6905,KTYS,KATL
6906,LEMG,EBCI
6907,UKBB,OMSJ
6908,EGLL,EDDF
6909,KSDF,KATL
6910,KEWR,KSFO
6911,ENGM,EDDH
6912,KGPM,KTKI
6913,KATL,KMIA
6914,LEBL,LIPZ
6915,WBKK,WMKK
6916,RKSI,KSFO
6917,KFLL,KIAD
6918,LIBD,LIRF
6919,EPKK,EBCI
6920,LPPR,LSZH
6921,EHAM,LIRF
6922,VHHH,WSSS
6923,WMKJ,WMSA
6924,KDCA,KRSW
6925,EFHK,EETN
6926,KGRR,KDCA
6927,KATL,KORD
6928,KPHX,00AZ
6929,EPWA,EPKT
6930,EGKK,TBPB
6931,LGAV,EHAM
6932,LEBL,LFPG
6933,ENVA,ENGM
6934,VIDP,VABB
6935,KPHL,KMDW
6936,LEMD,MROC
6937,KBUF,KMDW
6938,KROC,KBWI
6939,KBOS,KPHL
6940,KORF,KMIA
6941,LIBD,LIPX
6942,VOMM,VIDP
6943,KCMH,KMDW
6944,VECC,VOBL
6945,KJFK,PANC
6946,KATL,KISM
6947,VIDP,VABB
6948,ULLI,UUWW
6949,KDCA,KHOU
6950,CYUL,CYYZ
6951,LFOB,LROP
6952,KHPN,KCLT
6953,EPGD,EPWA
6954,KMKE,KHOU
6955,RJOO,RJTT
6956,SBSP,SBBR
6957,KIAD,KDTW
6958,LIMC,EGLL
6959,VHHH,RCTP
6960,VABB,VOMM
6961,EHAM,EDDP
6962,LEAL,ESSA
6963,YPJT,YBUN
6964,KORF,KDTW
6965,KATL,KDFW
6966,LEZL,EDDM
6967,LPPR,LPPT
6968,EDDK,LTFJ
6969,KCLE,KPHL
6970,VECC,VIDP
6971,LOWS,EDDB
6972,ESGG,EDDF
6973,LEPA,LEMD
6974,KFLL,KHOU
6975,ELLX,LEBL
6976,LEMD,LEIB
6977,KALB,KDTW
6978,KPHL,KATL
6979,KSYR,KORD
6980,KGRR,KDTW
6981,KGSO,KATL
6982,KDTW,KLAS
6983,RJOO,RJOM
6984,KSEA,EDDF
6985,EDDF,KATL
6986,KATL,KDEN
6987,KFLL,KMSP
6988,LPPT,LIPZ
6989,KLGA,KMCO
6990,KORL,KLGA
6991,KSYR,KDTW
6992,LKPR,LFPG
6993,KPHL,KDTW
6994,KABE,KORD
6995,KCMH,KDTW
6996,KJFK,KCLT
6997,KSAT,KHDO
6998,KEWR,KCLT
6999,KACY,KFLL
7000,LOWW,UKBB
7001,KDAY,KATL
7002,EHAM,LSGG
7003,OTHH,EGLL
7004,MROC,KMIA
7005,EGHH,EGJJ
7006,KCLE,KMDW
7007,VAPO,VIDP
7008,EGLL,EDDP
7009,KCMH,KPHL
7010,61WA,KBFI
7011,LEMD,LROP
7012,VOTP,VOBL
7013,RCQC,RCKH
7014,YBCG,YMML
7015,KORD,KDFW
7016,EKCH,WSSS
7017,KTPA,KMIA
7018,LFPG,EGCC
7019,KMDT,KCLT
7020,RCTP,KLAX
7021,KORF,KCLT
7022,LSZH,KIAD
7023,KCLE,KBWI
7024,LTFJ,UUWW
7025,KPIT,KFLL
7026,KSDF,KDTW
7027,KCVG,KMIA
7028,SBGL,SBBR
7029,EGKK,TLPC
7030,WMKJ,WMKK
7031,EDDK,LIME
7032,OPMT,OMDB
7033,LIPZ,EHAM
7034,KORL,KHOU
7035,VIDP,VAPO
7036,VECC,VOBL
7037,KATL,KHOU
7038,EDDP,EBBR
7039,VABB,VIDP
7040,KPHL,KDFW
7041,EBLG,KJFK
7042,KSRQ,KATL
7043,KIND,KMIA
7044,KBWI,KATL
7045,EDDH,EHAM
7046,LTFJ,LSZH
7047,EDDN,LEPA
7048,EKCH,LEMG
7049,LIRF,LFPG
7050,ULMM,ULLI
7051,RPLC,OTHH
7052,KCMH,KBWI
7053,LEMD,LTBW
7054,KLZU,KPDK
7055,RJAA,RKSI
7056,ENGM,ENVA
7057,KPHL,KMIA
7058,EHAM,UUEE
7059,KBWI,KPHX
7060,LHBP,EDDK
7061,LSZM,LEMD
7062,KISP,KTEB
7063,RJOA,RJTT
7064,KIND,KDTW
7065,LFOB,LIRA
7066,19NC,KIGX
7067,KTEB,KMDW
7068,UUEE,KJFK
7069,VECC,VIDP
7070,KSLC,KSDF
7071,LOWW,LROP
7072,KLGA,KCLT
7073,EGLL,KORD
7074,ESGG,ESSA
7075,KUNV,KPHL
7076,RJTT,RJOA
7077,UUWW,UWLL
7078,LIME,LTFJ
7079,EHAM,LFPG
7080,KTPA,KPMP
7081,ENGM,ENVA
7082,KISP,KBWI
7083,EDDB,LFPG
7084,EHEH,LEMG
7085,KIND,KMSP
7086,KCLE,KRSW
7087,LHBP,LSZM
7088,KDCA,KORD
7089,RJBB,RJTT
7090,KPHL,KATL
7091,KPHX,KSDF
7092,LFOB,EPKK
7093,KCMH,KDCA
7094,KLGA,KFLL
7095,SBKP,SPJC
7096,LFPO,LEAL
7097,KLAX,KSEA
7098,SBBR,SBGR
7099,LGAV,EGLL
7100,LPFR,EGGD
7101,VIDP,VOMM
7102,KBWI,KFLL
7103,KFLL,KDEN
7104,KLGA,KATL
7105,FAOR,FACT
7106,EGPH,LFPG
7107,CYYZ,CYYC
7108,YMML,YMHB
7109,EDDF,LEMG
7110,LIRF,EHAM
7111,KFLL,KPHL
7112,EPPO,EPWA
7113,SBRJ,SBVT
7114,OMDB,EGLL
7115,KGRR,KLAS
7116,EDDB,EHAM
7117,KLGA,KDAL
7118,EGGW,EHAM
7119,KTPA,KPHL
7120,KDTW,KMDW
7121,LKPR,EHAM
7122,LEBL,EGKK
7123,KRDU,KDTW
7124,EGLL,LTBW
7125,KISP,KPHL
7126,EDDN,EDDM
7127,KCLT,KATL
7128,KORD,KMIA
7129,KRSW,7PS7
7130,KSGF,KORD
7131,RCTP,WSSS
7132,WMKJ,WMKK
7133,KLGA,KDFW
7134,VIDP,UAAA
7135,SBSP,SBRJ
7136,KOAK,PANC
7137,KIAD,KSFO
7138,EPKT,EPWA
7139,ENGM,ESSA
7140,VIDP,VOBL
7141,UUDD,ULLI
7142,KEWR,KMIA
7143,71KS,KMKC
7144,KPHL,KCLT
7145,KORL,KPHL
7146,SBBR,SSJC
7147,LEBL,LEPA
7148,RCTP,VHHH
7149,EGCC,EGAC
7150,KPHX,16AZ
7151,UUEE,UWWE
7152,KFLL,KIAD
7153,EHEH,LIME
7154,KATL,KBWI
7155,EDDB,LEBL
7156,ENGM,ENBO
7157,LPPT,EHAM
7158,KAVP,KORD
7159,EHAM,VIDP
7160,TJSJ,KMIA
7161,KCMH,KFLL
7162,RCTP,VHHH
7163,LEIB,LEMG
7164,RKSI,KSFO
7165,KBUF,KTEB
7166,ESSB,ESNZ
7167,CYYZ,CYUL
7168,KSYR,KORD
7169,KPDK,KOPF
7170,KDTW,KATL
7171,EHEH,EPGD
7172,RJAA,RKSI
7173,EDDF,EBBR
7174,EDDM,LMML
7175,LSGG,EKCH
7176,EDDB,ESSA
7177,LFPG,EIDW
7178,KMSP,KRSW
7179,YMML,VHHH
7180,KOAK,KSDF
7181,EHAM,KORD
7182,EDDK,LOWW
7183,NK43,KORD
7184,KTEB,KFRG
7185,KDCA,KCLT
7186,ULLI,UUMO
7187,LSZH,LFPG
7188,CYYZ,KATL
7189,MS09,KRNV
7190,VOBL,VOMM
7191,KMDT,KORD
7192,RCTP,KLAX
7193,YBBN,RCTP
7194,ESNZ,ESSB
7195,SPJC,SPST
7196,EGGW,LZKZ
7197,LKPR,UUEE
7198,EDDM,EGLL
7199,LSGG,LPPT
7200,KBWI,KFLL
7201,LFBD,EHAM
7202,KORL,KPHX
7203,EGLL,EHAM
7204,KBOS,KSEA
7205,EGAA,EGKR
7206,WSSS,VOBL
7207,EDDK,LOWW
7208,EICK,EGLL
7209,EHAM,LPPT
7210,KPIT,KPHL
7211,LFPG,EHAM
7212,KFLL,KLAX
7213,ENZV,ENBR
7214,KSYR,KPHL
7215,LIRF,LTFJ
7216,KBOS,KSLC
7217,EDDM,KLAX
7218,EHAM,LEMG
7219,VECC,VIDP
7220,LFPG,LDZA
7221,EDDF,LHBP
7222,KDFW,KORD
7223,EDDL,EDDM
7224,EDDF,EKCH
7225,KABE,KDTW
7226,LTFJ,UUDD
7227,EDDK,LIPE
7228,RJTT,KLAX
7229,EKCH,EGLL
7230,LFPG,EKCH
7231,KORL,KMDW
7232,91OI,KRSW
7233,KDCA,KMDW
7234,EKRK,EKBI
7235,LEMG,GMMN
7236,KMMU,KMIA
7237,CYYZ,KDTW
7238,EDDF,EKBI
7239,EDDG,EDDM
7240,WSSS,VHHH
7241,KBOS,KEWR
7242,VIDP,VABB
7243,RKSI,KLAX
7244,UKBB,EDDF
7245,PANC,KSEA
7246,KDCA,KPHL
7247,LFPG,LFFI
7248,KHOU,KSTL
7249,KDAY,KDTW
7250,LEPA,EDDF
7251,KMSP,KLAS
7252,LROP,EPWA
7253,LEBL,LTFJ
7254,KFAY,KATL
7255,KBUF,KBWI
7256,KSYR,KEWR
7257,KLUK,KMDW
7258,LEMG,LSZH
7259,EVRA,EPWA
7260,EDDH,LTFJ
7261,SBRJ,SBSP
7262,EDDS,LTFJ
7263,KMIA,KMSP
7264,CYYZ,CYVR
7265,KRSW,KBOS
7266,LFPG,LFBD
7267,ENGM,ENBO
7268,RKSI,RCTP
7269,KCLT,KHPN
7270,CYUL,CYYZ
7271,VOMM,VIDP
7272,KFLL,KORD
7273,KCMI,KORD
7274,LSGG,EGLL
7275,EDDF,ENGM
7276,EHAM,EDDS
7277,GMMN,LTBW
7278,EGAA,EGGD
7279,VECC,VOMM
7280,KORL,KPHL
7281,KBWI,KORD
7282,LHBP,EHAM
7283,EDDF,LIPE
7284,KRSW,KATL
7285,KDCA,KLGA
7286,SBBR,SBGR
7287,KMSP,KORD
7288,KDAL,KMDW
7289,EGNT,EGLL
7290,KHPN,KOPF
7291,FAOR,WSSS
7292,LPPR,EHAM
7293,LFPG,LEMG
7294,SBGR,SBBR
7295,VHHH,PANC
7296,LKPR,UMMS
7297,EDDF,LJLJ
7298,KIND,KORD
7299,KMIA,KPHL
7300,LIPZ,EGLL
7301,KMKE,KATL
7302,KCLE,KORD
7303,VIDP,VOBL
7304,KBMI,KDFW
7305,RJBB,RCTP
7306,KDAL,KSAN
7307,SBRJ,SBSP
7308,LIML,LIRZ
7309,KEWR,KRSW
7310,GMMN,LSGG
7311,KBOS,KEWR
7312,KSAT,KLAX
7313,KSDF,KMDW
7314,VECC,VIDP
7315,LROP,LSZH
7316,KDTW,KRSW
7317,MA72,KBOS
7318,LPPR,LSGG
7319,KMIA,KSDF
7320,LFPG,LFBY
7321,EIDW,EIKY
7322,KMCI,KORD
7323,KDAL,KBWI
7324,LIMF,LICP
7325,KORF,KPHL
7326,KTPA,KLAX
7327,KSTL,KATL
7328,EBCI,LFBD
7329,KPHL,KRDU
7330,KSEA,KAFW
7331,LPPT,GMMN
7332,KDFW,KSLC
7333,UKBB,EPWA
7334,EGLL,VHHH
7335,KSYR,KJFK
7336,KOMA,KORD
7337,WMKJ,WMSA
7338,LEMD,LFPG
7339,KIAD,KSRQ
7340,KFLL,KATL
7341,KJFK,KFLL
7342,KMCI,KATL
7343,GMMN,EBBR
7344,KMDT,KDFW
7345,LEPA,LEIB
7346,EDDF,KIAD
7347,KSGF,KATL
7348,KROC,KJFK
7349,ESSA,EHAM
7350,KDFW,KATL
7351,VOBL,VIDP
7352,RCQC,RCKH
7353,KSTL,KDFW
7354,KDTW,KORD
7355,FAOR,FACT
7356,LEMD,EGNX
7357,KDAL,KSTL
7358,KORF,KORD
7359,KTTN,KHPN
7360,EDDF,EDDM
7361,EGSS,LIPE
7362,KMIA,KATL
7363,KOPF,KIAD
7364,KMCI,KLAS
7365,KBMI,KATL
7366,KIAH,KMIA
7367,KDCA,KJFK
7368,ENGM,EHAM
7369,EGLL,LIRF
7370,KIAD,KATL
7371,KATL,KSEA
7372,RJTT,RJBB
7373,SBGR,SBRJ
7374,EGNT,EGHI
7375,EPWA,EHAM
7376,EDDF,EPGD
7377,KFLL,KBKL
7378,ESSA,ESNZ
7379,KSRQ,KBOS
7380,KSTL,KMSP
7381,KDAL,KPHX
7382,KMIA,KBWI
7383,ESSB,ESNZ
7384,LTFJ,LSZM
7385,LPPT,LEBL
7386,KORL,KMSP
7387,KMCI,KMIA
7388,KBWI,KMDW
7389,KLGA,KORD
7390,KSTL,KHOU
7391,KIAD,KORD
7392,LFST,LFBD
7393,KSGF,KDFW
7394,LSZH,KJFK
7395,LEMG,LEBL
7396,VIDP,VOMM
7397,KAUS,KMIA
7398,KTPA,KSEA
7399,KDAL,KLAX
7400,LFBO,LFPO
7401,EDDL,LTFJ
7402,KSTL,KORD
7403,EDDF,EDDH
7404,RCTP,WSSS
7405,EDDM,LEBL
7406,EIDW,EGLL
7407,LFPG,CYUL
7408,KMSP,KPHX
7409,LPPT,LSZH
7410,ESSA,ESMS
7411,KSTL,KDEN
7412,KJFK,KFLL
7413,KORF,KBWI
7414,KBOS,KMCO
7415,KLGA,KMIA
7416,KFLL,KDFW
7417,KVPS,KATL
7418,KRDU,KBWI
7419,WMKK,VABB
7420,KRSW,KDFW
7421,UKBB,EHAM
7422,EVRA,EFHK
7423,EHAM,LSZM
7424,KORL,KBOS
7425,GMMN,LIMC
7426,RJBB,RJTT
7427,KORD,KPHX
7428,EIDW,LSZH
7429,09PA,KORD
7430,SBGR,SBVT
7431,KMIA,KLGA
7432,KDAL,KSJC
7433,KSTL,KPHX
7434,KATL,KLAX
7435,ESSA,EKCH
7436,KBUF,KORD
7437,KSYR,KATL
7438,ENGM,ENBO
7439,KMSP,KMDW
7440,KIAD,KCLT
7441,KLGA,KMIA
7442,KPHL,KFLL
7443,RJFF,RJTT
7444,EGPH,EGSS
7445,OERK,OEDF
7446,KFLL,KDAL
7447,LEPA,LEMH
7448,LEMD,LPPT
7449,EKCH,UUEE
7450,LECU,LEMT
7451,KATL,KMIA
7452,KMSN,KATL
7453,KPIE,KSYR
7454,KRSW,KIAD
7455,SBRJ,SBGR
7456,LFPG,KORD
7457,KPHL,KATL
7458,LSGG,LEMD
7459,UAAA,LTBW
7460,KDAL,KISM
7461,KBWI,KMIA
7462,RJTT,RJBB
7463,KBOS,KMSP
7464,UMMS,EFHK
7465,CYXE,CYYZ
7466,VIDP,VABB
7467,EIDW,LEMG
7468,KDEN,KMIA
7469,KDCA,KDEN
7470,EDDF,EGBB
7471,KCMH,KATL
7472,OMDB,OBBI
7473,EDDL,ESSA
7474,KMDW,KFLL
7475,LPPT,ESSA
7476,LIMC,UUEE
7477,KATL,KDAL
7478,KROC,KORD
7479,ENZV,ENBR
7480,KSAT,KSDF
7481,KIND,KEWR
7482,KSTL,KMIA
7483,LFBO,EDDF
7484,KMSP,KMIA
7485,KMIA,KLGA
7486,EETN,UKKK
7487,KCLT,KECP
7488,EPWA,OMDB
7489,KLGA,KFLL
7490,SBRJ,SSJC
7491,KSAT,KBWI
7492,RCTP,KSFO
7493,5MI8,KDTW
7494,EDDB,UMMS
7495,OMDW,UUWW
7496,KHOU,KBWI
7497,UNEE,UUEE
7498,KDFW,KDEN
7499,VOBL,VIDP
7500,KTPA,KORD
7501,KRSW,KATL
7502,KORL,KLAS
7503,EKCH,EKYT
7504,KIAH,KATL
7505,ESSA,LFPG
7506,LRSB,EDFH
7507,VAPO,VIDP
7508,KMSN,KPHX
7509,EDDM,LIMJ
7510,RJFF,RJBB
7511,KPHF,KCLT
7512,EIDW,OMAA
7513,KSRQ,KIAD
7514,KBOS,KMIA
7515,KATL,KSLC
7516,EDDF,LSZH
7517,KDFW,KFLL
7518,KEWR,KLAX
7519,KGRR,KMDW
7520,KTYS,KATL
7521,KMSP,KDFW
7522,KLGA,KRSW
7523,KCLT,KMCO
7524,KRSW,KMDW
7525,UUDD,ULLI
7526,KBOS,KDTW
7527,KORL,KORD
7528,KSTL,KLAX
7529,LEMG,EDDB
7530,LFBO,LFPG
7531,EDDF,LIPZ
7532,LSZM,LTFJ
7533,KRDU,KCLT
7534,KMIA,KDFW
7535,KMCI,KBWI
7536,KATL,KFLL
7537,KTPA,KJFK
7538,VHHH,VIDP
7539,EKCH,LTFJ
7540,SBBR,SBGL
7541,KEWR,KATL
7542,KDAY,KORD
7543,VOBL,VABB
7544,KORD,KFLL
7545,KJFK,KMIA
7546,EETN,EPWA
7547,KABQ,KHOU
7548,RKSI,PANC
7549,EGLL,KDFW
7550,KMKE,KDFW
7551,KRDU,KMIA
7552,GMMN,LIRF
7553,ELLX,EBAW
7554,OMDB,VOMM
7555,CYXU,CYYZ
7556,KBOS,0VA3
7557,KSTL,KLAS
7558,KBWI,KDFW
7559,LFPO,LFBO
7560,EGLL,LFPG
7561,WSSS,VOBL
7562,LPPT,LIMC
7563,KONT,KSDF
7564,KCWA,KMSP
7565,KIND,KDEN
7566,KECP,KATL
7567,SBRJ,SBSP
7568,KGSO,KORD
7569,KTPA,KMSP
7570,MROC,KMIA
7571,KORD,PANC
7572,KJFK,KLAX
7573,KFLL,KACY
7574,UMMS,EPWA
7575,KMDW,KLAX
7576,RJFF,RJTT
7577,UAAA,UAII
7578,KEWR,KATL
7579,LROP,OMDB
7580,KATL,KFLL
7581,LHBP,EPWA
7582,EIDW,EGCN
7583,KDFW,KDEN
7584,KBOS,KTEB
7585,LPFR,EGCC
7586,KLAX,ELLX
7587,FAOR,FACT
7588,KRDU,KATL
7589,KPIT,KATL
7590,LEAL,EBCI
7591,KMCI,KIAD
7592,KFLL,KSLC
7593,LKPR,UUEE
7594,KSTL,KRSW
7595,KORF,KDFW
7596,KDAY,KORD
7597,LPPR,ELLX
7598,EDDM,LTFJ
7599,KIWA,KE67
7600,KPIT,KBOS
7601,SBBR,SBSP
7602,LIRF,LIMF
7603,KATL,KLAS
7604,KSAT,KATL
7605,KCMH,KCLT
7606,SKBO,SPJC
7607,KCLE,KATL
7608,UUEE,UMMS
7609,KDFW,KLAX
7610,KMDW,KATL
7611,VECC,VIDP
7612,KSTL,KPHX
7613,EDDH,EDDM
7614,KBWI,KLAS
7615,KGSO,KMIA
7616,KRSW,KPHL
7617,KXLL,2PA0
7618,LFPO,LEMD
7619,KBOS,KSEA
7620,VIDP,VECC
7621,OMDB,EGLL
7622,EGLL,KIAD
7623,LEMD,EDDP
7624,KSTL,KFLL
7625,LPPT,EDDF
7626,EBCI,LHBP
7627,MROC,KDFW
7628,RJFF,RJTT
7629,EGCC,OMAA
7630,KPIT,KLGA
7631,KDCA,KLAX
7632,LYBE,OMDB
7633,LGAV,LSGG
7634,EHAM,UKBB
7635,EDDF,KEWR
7636,VOMM,VIDP
7637,CYUL,CYYZ
7638,KRDU,KMSP
7639,KLGA,KMSP
7640,VABB,VECC
7641,SBGR,SBBR
7642,KTUL,KDFW
7643,VIDP,VOBL
7644,KDAL,KLAS
7645,OTHH,LFPG
7646,KSTL,KDTW
7647,LKPR,EHAM
7648,EDDP,EDDF
7649,EDDF,LEBL
7650,KORD,ELLX
7651,KMKE,KORD
7652,LEMG,LEPA
7653,KMSP,KLAX
7654,KATW,KORD
7655,SKBO,KMIA
7656,EGLL,EDDF
7657,KMDW,KISM
7658,49OH,KLGA
7659,KLEB,KBOS
7660,LPPT,EIDW
7661,KCLT,KLGA
7662,EPKK,LSZH
7663,KJYO,KHEF
7664,KIAD,KSLC
7665,VECC,VIDP
7666,EGKK,LSGG
7667,KTEB,KHPN
7668,KMCI,KPHX
7669,LIRF,LIPQ
7670,EGNX,EDDK
7671,KIAH,KDFW
7672,EGSS,LTFJ
7673,KTPA,KATL
7674,RJFF,RJTT
7675,OMDB,VABB
7676,KTPA,KLGA
7677,RCTP,PANC
7678,KHSV,KATL
7679,SBBR,SBSP
7680,ZGSZ,ZUCK
7681,EDDP,VHHH
7682,KATL,KORD
7683,KMIA,KIAD
7684,ENBR,ENGM
7685,LLBG,UKBB
7686,KOMA,KSTL
7687,LFPG,LFBO
7688,KPHL,KRSW
7689,ULLI,UUEE
7690,LIRF,LIMJ
7691,EPKK,EPWA
7692,LFBO,LFPG
7693,VIDN,VOBL
7694,KMDT,KPHL
7695,LEPA,LEBL
7696,EGLL,KATL
7697,RCQC,RCKH
7698,KIAH,KLAX
7699,EBBR,LTFJ
7700,LIMC,UUEE
7701,EGPF,EGGW
7702,KATL,KDTW
7703,ENGM,ENZV
7704,KORL,KDFW
7705,LEMH,LEMD
7706,LEMD,LPPR
7707,WSSS,VOMM
7708,KFLL,KLAX
7709,LPPT,LFPO
7710,KTPA,KCMH
7711,EGLL,LOWW
7712,LHBP,LSZH
7713,KDCA,KDFW
7714,SBBR,SBRJ
7715,KLGA,KSTL
7716,LFPG,EPKK
7717,RJTT,CYVR
7718,LFOB,LROP
7719,KLAX,KPHX
7720,KCVG,KRSW
7721,KRDU,KJFK
7722,KORD,KMSP
7723,LIRF,LSZH
7724,KATL,KLAX
7725,LEAL,EHAM
7726,LFML,LEMD
7727,KIAD,KLAX
7728,KFLL,KBFI
7729,EGKK,EGJJ
7730,LSGG,LSZH
7731,KTUL,KSTL
7732,EDPK,EDME
7733,KJFK,KSEA
7734,KBWI,KMSP
7735,EGLL,KJFK
7736,VOBL,OTHH
7737,KSTL,KORD
7738,WSSS,OTHH
7739,LEZL,LEMD
7740,KFNL,KAPA
7741,KDFW,KMIA
7742,VHHH,WSSS
7743,KMIA,KTEB
7744,KFLL,KSEA
7745,KGRB,KDTW
7746,EPWA,OTHH
7747,KLZU,KAHN
7748,KORD,KSEA
7749,LFBO,EDDM
7750,KBOS,KMCO
7751,KRDU,KFLL
7752,KSRQ,KATL
7753,KDTW,KDFW
7754,LFPO,EIDW
7755,LIRF,LIML
7756,EPKK,EDDM
7757,EHAM,LEMD
7758,71KY,KMDW
7759,KORL,KLAX
7760,LEMG,EGKK
7761,LPPR,EDDF
7762,LTBA,OMDW
7763,EGLL,LSZH
7764,KCWA,KORD
7765,SBCO,SBSP
7766,LSGG,LPPR
7767,KBDL,KMKY
7768,KBOS,KRSW
7769,ENBO,UUWW
7770,VABB,VIDP
7771,KMCI,KDTW
7772,KSAT,KDAL
7773,KDTW,KORD
7774,KHYA,KBOS
7775,EDDK,EDDM
7776,SBSP,SBBR
7777,KTYS,KEWR
7778,VABB,VOBL
7779,EDDF,RJTT
7780,KAUS,KDEN
7781,VIDP,VOMM
7782,EETN,EVRA
7783,LFML,LFFI
7784,KATW,KORD
7785,KHOU,KMDW
7786,LMML,EDDF
7787,EGLL,EBBR
7788,LEPA,LEMD
7789,SBBR,SBGR
7790,ESSA,LSZH
7791,LIMC,OMAM
7792,KTPA,KISP
7793,KFLL,KBOS
7794,KEWR,KLAS
7795,EDDF,EDDH
7796,LFPO,LEBL
7797,KATL,KLAS
7798,LFPG,LFCM
7799,KCDW,2NK9
7800,SBBR,SBSP
7801,LFPG,KBOS
7802,KPHL,KMCO
7803,LROP,OMDB
7804,RJOA,RJTT
7805,KRDU,KDFW
7806,KAUS,KDFW
7807,KGSO,KATL
7808,OTHH,EGCC
7809,KDAL,KHOU
7810,KDTW,KFLL
7811,OMDB,UUDD
7812,KMSP,KRSW
7813,LFPO,GMMN
7814,KBOS,KATL
7815,ENGM,ENZV
7816,LOWW,LTFJ
7817,KMDW,KPHX
7818,EBBR,EDDP
7819,KDFW,KATL
7820,KTEB,KPNE
7821,KCMH,KORD
7822,KDLL,KFMY
7823,KCRP,KDFW
7824,KCMH,KRSW
7825,EPKK,OMDB
7826,LIRF,LIPZ
7827,EGKK,UMMS
7828,KBOS,KATL
7829,ENBR,ENZV
7830,VECC,VOBL
7831,LROP,LFPG
7832,KFLL,KDEN
7833,EDDF,CYYZ
7834,LEZL,LEBL
7835,KBWI,KLAS
7836,KHOU,KDFW
7837,KRDU,KSEA
7838,VOBL,VOMM
7839,SBBR,SBRJ
7840,KBUF,KJFK
7841,KJFK,KDEN
7842,EGKK,LEMD
7843,KEWR,KDEN
7844,KSAT,KDFW
7845,SBMT,SBST
7846,LIRF,LIPE
7847,KBWI,KDTW
7848,KTPA,KEWR
7849,KSDL,19AZ
7850,KCLT,KATL
7851,EIDW,EPGD
7852,KRDU,KEWR
7853,FALA,FACT
7854,KJFK,KSAN
7855,LGAV,EDDF
7856,RJFF,RJTT
7857,ENGM,ENVA
7858,LPPR,LSGG
7859,RJTT,RJBB
7860,KIAD,KMSP
7861,KFLL,KRDU
7862,KMCI,KISM
7863,KTPA,KMKE
7864,88PA,KDFW
7865,EDDH,EDDM
7866,FAOR,FACT
7867,WMKK,WBKK
7868,KMIA,EHAM
7869,KCLT,KMIA
7870,EIDW,KORD
7871,KOMA,KPHX
7872,KCVG,EGNX
7873,ULLI,UUDD
7874,LEMG,LEMD
7875,KRDU,KLGA
7876,KIND,KBWI
7877,KTYR,KDFW
7878,KTYS,KORD
7879,KORD,KDFW
7880,KORF,KEWR
7881,KFLL,KDTW
7882,YSWG,YSSY
7883,EPWA,EDDM
7884,KLAX,KSFO
7885,KJFK,KMCO
7886,SBGR,SSJC
7887,KABE,KPIE
7888,KORL,KJFK
7889,KAUS,KEWR
7890,EDDF,LTBW
7891,SBBR,SBRJ
7892,EDDV,EDDM
7893,KOMA,KMIA
7894,KONT,KSDF
7895,KMIA,KORD
7896,KHOU,KPHX
7897,LEAL,LEPA
7898,RJAA,RKSI
7899,EDDF,ESSA
7900,KMCI,KSTL
7901,VABB,VOBL
7902,KAPF,KMMU
7903,EHAM,LTFJ
7904,KSRQ,KMSP
7905,OTHH,EGLL
7906,KMKE,KPHX
7907,KDFW,KSDF
7908,KMIA,KJFK
7909,KEWR,KMSP
7910,KGRB,KORD
7911,KMVY,KBOS
7912,LFPG,VABB
7913,LEZL,EHAM
7914,SBBR,SBSP
7915,VIDP,VOMM
7916,KSAT,KDEN
7917,KRSW,KORD
7918,KHPN,KRSW
7919,EDDF,EPWA
7920,EPWA,LTBW
7921,WMKK,OTHH
7922,KIND,KORD
7923,LIMC,EDDM
7924,EGLL,OMAA
7925,KORL,KSEA
7926,EFHK,EHAM
7927,KMSP,KFLL
7928,LEIB,LIML
7929,KOPF,KMIA
7930,ENGM,ENBO
7931,VIDP,VOMM
7932,KHWO,KOPF
7933,KRDU,KBUY
7934,KDEC,KORD
7935,KORD,KSMF
7936,KFRG,KTEB
7937,KMDW,KHOU
7938,KSAT,KATL
7939,LEZL,LEMD
7940,CYOW,CYVR
7941,VIDP,VECC
7942,KCLT,KHPN
7943,KDCA,KEWR
7944,LPFR,EDDL
7945,VOMM,VABB
7946,EVRA,LIRF
7947,ENGM,ENHD
7948,KDAL,KBFI
7949,EKCH,EPGD
7950,LEMG,EHAM
7951,KBOS,KCLT
7952,VOBL,VIDP
7953,KRSW,KDTW
7954,KAUS,KPHX
7955,SBBR,SBRJ
7956,KTEB,KMDW
7957,SBSP,SBBR
7958,VIDP,VOBL
7959,KFLL,KHPN
7960,KPIT,KEWR
7961,LEMD,LTFJ
7962,LIME,EGPH
7963,KORD,KPHX
7964,UUEE,ULMM
7965,SBGR,SBGL
7966,EVRA,ULLI
7967,KAUS,KMSP
7968,KHPN,KFRG
7969,EPKK,LIRA
7970,KTEB,KHPN
7971,LFPG,OMAA
7972,ENGM,ENHD
7973,KFLL,KJFK
7974,EGLL,EGCC
7975,CYYZ,KBED
7976,KFRG,KTEB
7977,WBKK,WMKK
7978,KATL,KMIA
7979,LEMD,EDDF
7980,WMKK,WMKJ
7981,KPGD,KMCI
7982,KRSW,KEWR
7983,SBGR,SSJC
7984,KGRB,KORD
7985,KBUF,KATL
7986,ENGM,EGLL
7987,EBMB,LEBL
7988,KBWI,KATL
7989,KROC,KEWR
7990,KBOS,KMCO
7991,KCMH,KLAS
7992,KFLL,KBOS
7993,FAOR,FACT
7994,KORL,KORD
7995,LIRF,EDDF
7996,KHOU,KDAL
7997,RJBB,RJTT
7998,EGLL,OMDB
7999,KBOS,KSTL
8000,EGPE,EGGW
8001,KGRR,KORD
8002,EKCH,EKYT
8003,KDCA,KFLL
8004,KMIA,SKBO
8005,LSGG,OMAA
8006,KROC,KPHL
8007,UUWW,EDDK
8008,KGSO,KCLT
8009,KIND,KLGA
8010,KOMA,KPHX
8011,KCVG,KEWR
8012,WMKK,WSSS
8013,EPWA,ESGG
8014,ESPA,ESSA
8015,RJAA,RCTP
8016,KEWR,KFLL
8017,VIDP,VABB
8018,LIMC,EGGW
8019,EDDL,LIMC
8020,EDDH,LEPA
8021,4MI4,KORD
8022,EDDF,LTFJ
8023,KMDW,KSTL
8024,VIDP,VIDN
8025,LPPR,LSZH
8026,KFLL,KORD
8027,KHPN,KBED
8028,LEMD,LEBZ
8029,KDEN,KBKL
8030,KRSW,KACY
8031,EHAM,LTFJ
8032,KEWR,KSFO
8033,LSGG,ESSA
8034,KBOS,KMSS
8035,TBPB,CYYZ
8036,EGKK,EGPH
8037,K47A,KPDK
8038,UKBB,OMDB
8039,UMMS,UUWW
8040,KMMU,4NY1
8041,KSYR,KJFK
8042,KBKL,KBVI
8043,KFMY,KAPF
8044,EPMO,EBCI
8045,KLAS,KDFW
8046,LGAV,EGGW
8047,VIDP,OMSJ
8048,LEIB,LEPA
8049,LSGG,LTFJ
8050,EDDS,LTFJ
8051,KPHL,KDEN
8052,KLGA,KATL
8053,EDDP,EDDM
8054,ENVA,ENGM
8055,EHAM,LSZH
8056,KDTW,KPHX
8057,KTPA,KORD
8058,KMSP,KPHX
8059,KCLT,KMSP
8060,EBBR,EDDM
8061,KSDF,KORD
8062,KDAL,KATL
8063,EDDM,LTFJ
8064,KSLK,KBOS
8065,KBWI,KFLL
8066,KBOS,KDCA
8067,LSZH,CYYZ
8068,KSAT,KPHX
8069,KPGD,KSWF
8070,CYXE,CYVR
8071,EHAM,EBBR
8072,KSRQ,KPIE
8073,KRSW,KEWR
8074,VIDP,VIDN
8075,LROP,EDLW
8076,EDDF,LEPA
8077,EHEH,EPKK
8078,KLGA,KMCO
8079,LEAL,EDDB
8080,RJTT,RJBB
8081,KTUL,KDEN
8082,KDEN,KSLC
8083,EDDB,LTFJ
8084,LOWG,EHAM
8085,KIAG,KPGD
8086,KJVL,KETB
8087,KLUK,KAPF
8088,KEWR,KCLT
8089,KMKE,KDTW
8090,KAUS,KORD
8091,LTFJ,LFPG
8092,VAPO,VIDP
8093,KSDF,KMSP
8094,KABE,KATL
8095,K2W6,KCGE
8096,KMSP,KATL
8097,KDFW,KBWI
8098,MROC,KORD
8099,CYOW,CYYC
8100,LPFR,EGGD
8101,EGLL,EGAC
8102,KTPA,KEWR
8103,PANC,KORD
8104,KBOS,KSFO
8105,LIRF,LIBD
8106,KATL,KBUF
8107,LEPA,LEBL
8108,VABB,OMDB
8109,KHOU,KDEN
8110,KCMH,KORD
8111,KCWA,KDTW
8112,KDTW,KEWR
8113,KSAT,KHOU
8114,KDAL,KATL
8115,KPHX,KSLC
8116,KSTL,KDAL
8117,EGAC,EGLL
8118,KHOU,KSAN
8119,LIMC,EDDB
8120,NK43,KIAD
8121,UUWW,ULLI
8122,LEMD,OMAA
8123,KMSN,KORD
8124,KFLL,KTEB
8125,KEWR,KSRQ
8126,KSAT,KORD
8127,KJFK,KMIA
8128,KBOS,KDFW
8129,KDEN,KPHX
8130,VIDP,VABB
8131,WSSS,RKSI
8132,LEIB,LEPA
8133,KMSP,KDEN
8134,KPHX,KSEA
8135,KTEB,KHPN
8136,KMIA,OI45
8137,KABQ,KDAL
8138,EHAM,LFPG
8139,KAUS,KATL
8140,EDDM,LEPA
8141,CYUL,CYYC
8142,KROC,KATL
8143,KBOS,KJFK
8144,KIAH,KORD
8145,SBGR,LPPT
8146,KAVP,KIAD
8147,KMSP,KBWI
8148,KPUB,KDEN
8149,KLGA,KCLT
8150,LFBD,LFQQ
8151,KSDF,KDFW
8152,LPPT,LFPG
8153,KISP,KFOK
8154,KBOS,KIAD
8155,KRSW,KBWI
8156,KFLL,KPHL
8157,PANC,KSDF
8158,KDEN,KORD
8159,KATL,KRDU
8160,VIDP,VIDN
8161,LFPO,LIRF
8162,KAUS,KPHX
8163,KBUF,KPHL
8164,LOWW,LSZH
8165,KIND,KATL
8166,GMMN,LFPO
8167,KPHL,KORF
8168,KISP,KHPN
8169,KTUL,KPHX
8170,KBOS,KFLL
8171,KCLE,KORD
8172,KHSV,KIAD
8173,EDDB,EGKR
8174,KMDW,KLAS
8175,EKCH,ENZV
8176,KTEB,KBED
8177,KPHX,KMDW
8178,KRSW,KATL
8179,EHAM,KATL
8180,KATL,SC97
8181,KGRR,KDFW
8182,KORD,KSFO
8183,LFMK,EBCI
8184,EDDK,LIPE
8185,KDEN,KSDF
8186,KRDU,KBOS
8187,KMLI,KORD
8188,KORL,KLGA
8189,KLGA,KMIA
8190,UUDD,LTFJ
8191,EGNX,EGAC
8192,KORD,KDTW
8193,LSGG,LMML
8194,KCMH,KATL
8195,LOWW,LROP
8196,KAUS,KBWI
8197,KMIA,KATL
8198,LPPR,LFPO
8199,ENGM,LTFJ
8200,KORL,KDEN
8201,KPHX,KBWI
8202,EFHK,EDDF
8203,KFLL,KDTW
8204,KATL,KSEA
8205,KMCI,KDEN
8206,KJFK,KDEN
8207,KLGA,KRDU
8208,KORD,KIAD
8209,KATL,KIAD
8210,KATL,KIAD
8211,ESSA,LTFJ
8212,SBGR,SBBR
8213,KDFW,KLAX
8214,KIND,KIAD
8215,VT48,KIAD
8216,KMDW,KAPF
8217,KMIA,KORF
8218,EGSS,LPPR
8219,KMSN,KDTW
8220,LFPO,LTFJ
8221,KGLH,KDFW
8222,KMKE,KORD
8223,KORD,KSEA
8224,EDDB,LSZM
8225,KCMH,KMIA
8226,KCLE,KTPA
8227,KPHX,KDFW
8228,KDFW,KLAS
8229,KLGA,KSRQ
8230,KGRR,KSRQ
8231,KBED,KTEB
8232,KDEN,KSTL
8233,EDDM,LFPG
8234,LFML,LTFJ
8235,KFLL,KDEN
8236,RKSI,VHHH
8237,KSLC,KLAX
8238,KMIA,KEWR
8239,KTPA,KMDW
8240,KORD,KMIA
8241,KATL,KEWR
8242,KABQ,KDFW
8243,KIAH,KLAX
8244,KFLL,KHPN
8245,KDFW,KPHX
8246,KATL,KDEN
8247,GMMN,LFPO
8248,KBED,KHVN
8249,KBOS,KLAX
8250,KCLE,KEWR
8251,KDEN,KMSP
8252,EDDM,OMAA
8253,KLGA,KDFW
8254,KPHX,KATL
8255,KCMH,KBED
8256,SBGR,SBRJ
8257,EPWA,LSGG
8258,KORD,KFLL
8259,KGRB,KATL
8260,KMCI,KATL
8261,KJFK,KRSW
8262,KATL,KBOS
8263,KDEN,KSTL
8264,LSGG,LFQQ
8265,KFLL,KDFW
8266,KBOI,KSFO
8267,ULLI,UWWE
8268,KRDU,KRSW
8269,KCMI,KDFW
8270,LEMD,ELLX
8271,KBOS,KEWR
8272,EDDB,LTFJ
8273,KSAT,KLAX
8274,KDEN,KDAL
8275,KALB,KEWR
8276,KROC,KIAD
8277,KFNT,KORD
8278,KJFK,KSFO
8279,KDAL,KHOU
8280,EGBB,LPFR
8281,KFLL,KJFK
8282,KTEB,KSNA
8283,LEPA,LSZH
8284,KTUS,KATL
8285,EGCC,LKPR
8286,LKPR,LTFJ
8287,KOMA,KATL
8288,KATL,KSAT
8289,VIDP,VECC
8290,KFLL,7PS7
8291,KBOS,KLAX
8292,KGRR,KPIE
8293,ENVA,ENJB
8294,KATL,KLGA
8295,KMMU,KHPN
8296,KDEN,KFLL
8297,KDCA,KMSP
8298,LSGG,LHBP
8299,UUEE,ULLI
8300,LFBD,LFGC
8301,KATL,KMIA
8302,VOBL,VECC
8303,KSKA,KSEA
8304,KCOS,KDEN
8305,LEIB,LEBL
8306,KBOS,KFLL
8307,LFPG,OMDB
8308,KCLE,KRSW
8309,KOMA,KHOU
8310,KMSP,KSRQ
8311,KJFK,KLAX
8312,KMSN,KDFW
8313,KSGF,KDFW
8314,KATL,KDFW
8315,KFLL,KHPN
8316,KILG,KMMU
8317,KBOI,KSEA
8318,EKOD,EKBI
8319,KIAH,KDEN
8320,KGRR,KORD
8321,KATW,KDTW
8322,LEMD,LFLB
8323,VECC,VOBL
8324,KPHX,KHOU
8325,KTYS,KIAD
8326,KATL,KRSW
8327,UUDD,UWWE
8328,FAOR,FACT
8329,KDEN,KCMH
8330,ULLI,UUDD
8331,EGLL,LEMD
8332,EDDH,LSZH
8333,EPMO,EIDW
8334,EGKK,EGAA
8335,KMKE,KBWI
8336,LIMC,EGMC
8337,LFPG,KATL
8338,LPPT,LPPD
8339,KATL,KSFO
8340,KATL,KSFO
8341,KMQS,FA54
8342,EDDB,UUEE
8343,KPHX,KSTL
8344,KGRR,KMIA
8345,KFLL,KMIA
8346,VHHH,VECC
8347,KPHL,LFPG
8348,ESSA,ESNP
8349,KCLT,KPHL
8350,LFPG,LEMG
8351,EBCI,LOWW
8352,VAPO,VIDP
8353,49OH,KRSW
8354,KDTW,KATL
8355,KHSV,KDFW
8356,KPHX,KLAX
8357,KDFW,KORD
8358,KLGA,KORD
8359,KDCA,KMIA
8360,KSTL,KDFW
8361,SBBR,SBSP
8362,VOMM,VIDP
8363,KIND,KDEN
8364,KDEN,KSJC
8365,LPPR,LFOB
8366,KCLT,KEWR
8367,OMDB,VABB
8368,KSAT,KDTW
8369,ESSA,ENGM
8370,EDDF,EGPH
8371,LPPT,LEMG
8372,KRSW,KDEN
8373,KPIA,KORD
8374,KMSP,KPHX
8375,EHAM,ENVA
8376,LSGG,LSZH
8377,KATL,KFLL
8378,KDEN,KATL
8379,KORD,KRSW
8380,KORL,KMSP
8381,LFPG,KMIA
8382,KTEB,KOPF
8383,SBBR,SBSP
8384,KATL,KSAN
8385,KMCI,KDFW
8386,EGGD,EGAA
8387,EDDF,OMDB
8388,ULLI,LTBW
8389,KCLE,KIAD
8390,EDDF,UUEE
8391,KCMH,KIAD
8392,LZKZ,LKPR
8393,KFLL,KEWR
8394,88PA,KMSP
8395,KPHX,KMCI
8396,KATL,KORD
8397,LFPG,EPWA
8398,KFLL,KBWI
8399,KATL,KECP
8400,YMEN,YBUP
8401,KDCA,KSTL
8402,EGCC,LTFJ
8403,KTUL,KDFW
8404,OMDW,UUWW
8405,LEMD,EDDK
8406,EDDS,LDZA
8407,KORD,KATL
8408,KATL,KHOU
8409,KMDT,KCLT
8410,LFPG,KIAD
8411,KDFW,KMIA
8412,KPDX,KSEA
8413,EKCH,ENGM
8414,PANC,KORD
8415,KFLL,7PS7
8416,KATL,KSDF
8417,KBUF,KIAD
8418,EHAM,LEBL
8419,ESSA,EFHK
8420,KRSW,KSTL
8421,KDAL,KATL
8422,KSDL,19AZ
8423,KPHX,KLAS
8424,KFXE,KRDU
8425,KATL,KSRQ
8426,LSZH,LPPT
8427,KLOU,59KY
8428,KLGA,KIAD
8429,KMDW,KISM
8430,KCLE,KATL
8431,KDFW,KSDF
8432,VHHH,RCTP
8433,KORD,KATL
8434,LFPO,LPPT
8435,EHAM,LHBP
8436,KDEN,KATL
8437,LEZL,LEPA
8438,KFLL,KBWI
8439,KATL,KDFW
8440,KRDU,KMDW
8441,KDTW,KIAD
8442,KCLT,KORD
8443,EKBI,EVRA
8444,KRSW,KMKE
8445,KOPF,KTEB
8446,SBCO,SBSP
8447,EDDF,EGCC
8448,EDDB,EKCH
8449,KIAH,KSFO
8450,KFLL,KDTW
8451,KSEA,PANC
8452,KATL,KCMH
8453,LFPG,CYYZ
8454,KFLL,KMDW
8455,EGKK,EGPE
8456,VOMM,VOBL
8457,KPHX,KSJC
8458,LEIB,EHAM
8459,KMCI,KDAL
8460,LPCS,LPEV
8461,RJBB,RCTP
8462,KDEN,KHOU
8463,KJFK,KSAN
8464,LPPR,LFBO
8465,KTUL,KDAL
8466,KSLC,KLAX
8467,EDDH,EVRA
8468,KRDU,KDFW
8469,EDDK,LTFJ
8470,KSTL,KATL
8471,KDCA,KMCO
8472,KATL,NC16
8473,KDAL,KOAK
8474,EGCC,EHAM
8475,VABB,VOBL
8476,CYYZ,CYVR
8477,EGLL,KJFK
8478,YMML,WMKK
8479,KCOS,KORD
8480,KAUS,KHOU
8481,UUWW,ULLI
8482,EGSS,LIPQ
8483,EDDM,UUEE
8484,KRVS,KH76
8485,KMKE,KRSW
8486,KOMA,KLAS
8487,VHHH,RCTP
8488,EIKY,EIDW
8489,LSZH,LTFJ
8490,KSEA,KORD
8491,KEWR,KORD
8492,KIND,KMIA
8493,EVRA,ULLI
8494,KMCI,KMDW
8495,RJTT,YSSY
8496,RKSI,KLAX
8497,KATL,KMSP
8498,KORL,KBOS
8499,KMDW,KATL
8500,EGBB,OMDB
8501,KJFK,KSFO
8502,49OH,KATL
8503,KDEN,KBWI
8504,EDDH,EDDM
8505,EGLL,LEMG
8506,KEWR,KIAD
8507,KBOS,KATL
8508,LFPO,LEMD
8509,KP19,KGYR
8510,KATL,KSTL
8511,LIME,EPKK
8512,CYHM,CYXX
8513,EHAM,LSGG
8514,VECC,VABB
8515,KMKC,KGPH
8516,KEWR,KDFW
8517,KGRB,KAPF
8518,UUDD,ULMM
8519,KOPF,KIAD
8520,LIPE,LIBR
8521,KDAY,KIAD
8522,KSEA,KSFO
8523,KDAL,KHOU
8524,SBRJ,SBGR
8525,KMSN,KRSW
8526,OERK,OMAM
8527,KORD,KLAX
8528,KCMH,KMSP
8529,KLGA,KDCA
8530,KSFO,KPHL
8531,EGLL,ESSA
8532,ULLI,UUWW
8533,KMIA,KFLL
8534,KLAX,KATL
8535,LFPO,LEBL
8536,KGSO,KDFW
8537,VHHH,RCTP
8538,KOWD,KBED
8539,KEWR,KMIA
8540,KBLI,KSEA
8541,KATL,KDTW
8542,KBOS,KSFO
8543,LECU,LEMT
8544,KDAL,KMDW
8545,FAOR,FACT
8546,EHAM,ENGM
8547,KJFK,ELLX
8548,LPPR,LEBL
8549,KRAC,KPWK
8550,LIMC,LEBL
8551,KOSU,KAPF
8552,KDFW,KLAX
8553,KIND,KMSP
8554,KLOU,KJVY
8555,EDDP,LHBP
8556,KAUS,KMIA
8557,KCLE,KFLL
8558,LDZA,EDDF
8559,EGGW,EGBB
8560,KORF,KATL
8561,ESSA,OMDB
8562,LEMH,LEPA
8563,KPHX,KSEA
8564,VECC,VIDP
8565,PANC,KSEA
8566,EDDK,LPPT
8567,KATL,KSLC
8568,EDDF,OMDB
8569,KORL,KDFW
8570,KTPA,KBOS
8571,KSDF,KIAD
8572,VABB,VIDP
8573,KDEN,KLAS
8574,KAUS,KDTW
8575,EGLL,EDDM
8576,44MO,KMKC
8577,KORD,PANC
8578,KYKM,KSEA
8579,KRDU,KSTL
8580,KIAD,KDEN
8581,VIDP,VOBL
8582,EHAM,ESSA
8583,KOMA,KMDW
8584,KORL,KSEA
8585,EHAM,LFBO
8586,KTYS,KDFW
8587,VABB,OMDB
8588,KDTW,KLAS
8589,KHPN,KROC
8590,RPLL,OMDB
8591,KFLL,KSFO
8592,EIDW,OMDB
8593,ESNZ,ESSA
8594,KDAL,KMDW
8595,KATL,KBWI
8596,KMCI,KATL
8597,KDEN,KLAX
8598,KDCA,KMIA
8599,CYUL,KEWR
8600,EDDS,EHAM
8601,KRDU,KIAD
8602,LROP,LIRF
8603,LEMD,LEBL
8604,KSLC,KSFO
8605,SBRJ,SBVT
8606,KDEN,KMCI
8607,KATL,KIAD
8608,KLAX,KSWF
8609,VT48,KEWR
8610,KLOU,3IN6
8611,KORD,KSLC
8612,VHHH,PANC
8613,VECC,VOMM
8614,KPHX,KSLC
8615,KRDU,KMCF
8616,KVPS,KDFW
8617,LEMG,EGCC
8618,KCMH,KRSW
8619,KPIA,KDFW
8620,LEMD,EGMC
8621,LSGG,EHAM
8622,EGGW,LSZH
8623,LFPG,ENGM
8624,KAUS,KSFO
8625,LIPZ,LEBL
8626,KORL,KSTL
8627,CYYZ,CYYC
8628,LFPG,LPPR
8629,KSDF,KATL
8630,KATL,KLAX
8631,KAUS,KSEA
8632,KCLE,KMSP
8633,KORF,KIAD
8634,VHHH,VOMM
8635,KSTL,KCLT
8636,LSZH,OMDB
8637,LGAV,LIRF
8638,CYQQ,CYYC
8639,ESMS,ESSA
8640,KCMH,KATL
8641,EHAM,EGGW
8642,KPIT,KFLL
8643,EKYT,EKCH
8644,KRDU,KATL
8645,KORL,KLGA
8646,06VA,KIAD
8647,LEMD,OMDB
8648,KDEN,KDTW
8649,KSUS,KDAL
8650,VIDP,VOBL
8651,KJFK,KMCO
8652,CYYZ,CYOW
8653,KFLL,KBUF
8654,EDDH,EDDM
8655,KOMA,KDFW
8656,LFBO,LFGC
8657,KADS,KJWY
8658,EIDW,KJFK
8659,KMIA,TBPB
8660,EBMB,EDDF
8661,LGAV,LIMC
8662,LPFR,EIDW
8663,EGGD,LEAL
8664,EGLL,LPPT
8665,KATL,KHSV
8666,ENZV,ENGM
8667,LFPG,UMMS
8668,KPIT,KPGD
8669,UUWW,LTBW
8670,KJFK,KSRQ
8671,EDDF,EPKK
8672,KEWR,KATL
8673,MU65,KSTL
8674,LFPG,CYUL
8675,RKSI,VHHH
8676,VOBL,VIDP
8677,KMCI,KPHX
8678,LEPA,LOWW
8679,EDPK,EDMY
8680,KCLE,KPHX
8681,KIAD,KFLL
8682,ENZV,ENBR
8683,KATL,KPHL
8684,EHAM,LIRF
8685,KDTW,KMCI
8686,CYYC,CYUL
8687,LFBD,LFPG
8688,KEWR,KRSW
8689,TJIG,02PR
8690,KATL,KORD
8691,YBBN,WSSS
8692,CYCD,CYYC
8693,KPHL,KORD
8694,KDTW,KMSP
8695,EGCC,LFPG
8696,VECC,VABB
8697,EGJJ,EGKK
8698,KBOI,KLAS
8699,EHAM,LOWW
8700,KCOS,TS53
8701,RKSI,PANC
8702,PANC,KORD
8703,KSDF,KBWI
8704,WBKK,WMKK
8705,EGLL,OMDB
8706,LEPA,LFPO
8707,KIND,KATL
8708,K47A,KPDK
8709,KONT,KDEN
8710,KORL,KDEN
8711,EHAM,LFRS
8712,KSEA,KOAK
8713,VECC,VOBL
8714,KRSW,KDTW
8715,KBOS,KFLL
8716,KFLL,KBOS
8717,KTUL,KATL
8718,EFHK,EETN
8719,EGCC,OMDB
8720,KMIA,KPHX
8721,KMDT,KIAD
8722,SBGL,SBGR
8723,LFPO,DAAG
8724,EIDW,EHAM
8725,ENZV,ENGM
8726,LPPT,OMDB
8727,KROC,KBUF
8728,EHAM,LIMC
8729,EFHK,EVRA
8730,KDCA,KSRQ
8731,KMDW,KRSW
8732,LIDB,LIPH
8733,UUWW,EDTB
8734,KOSU,KAPF
8735,KMIA,KATL
8736,KADS,KJWY
8737,KTEB,KTYS
8738,LOWS,EHAM
8739,KDTW,KBOS
8740,KPHX,KLAX
8741,ESSA,LEBL
8742,KORD,KLGA
8743,KOMA,KMSP
8744,KMIA,KLAX
8745,KMDW,KBOS
8746,LIMJ,EDDM
8747,KTKI,KF00
8748,EDDF,KORD
8749,EKCH,EKYT
8750,EGCC,OTHH
8751,KPIT,KIAD
8752,KFTW,74XA
8753,KBWI,KSTL
8754,KHSV,KATL
8755,LEMG,EBBR
8756,KLNK,KORD
8757,EGJB,EGHI
8758,KDCA,KDFW
8759,KMIA,KDCA
8760,KDTW,KJFK
8761,EGSS,LIRA
8762,KTPA,KVNY
8763,KEWR,KLAS
8764,EIDW,LSGG
8765,LYBE,UUWW
8766,EHAM,LIPE
8767,KTEB,FA37
8768,LFPG,KJFK
8769,SBVT,SBJD
8770,KTYS,KATL
8771,KPHL,KDFW
8772,ELLX,EDDM
8773,KLAS,KLAX
8774,EBMB,OMDB
8775,KIAD,KDFW
8776,KLUK,KCMH
8777,EHAM,CYYZ
8778,LIRA,LFOB
8779,KEWR,KFLL
8780,CYCD,CYVR
8781,KMIA,KORD
8782,CYXE,CYYC
8783,LPPR,EDDM
8784,UKBB,LOWW
8785,KBOS,KPHX
8786,KDEN,KPHX
8787,EKCH,OMDB
8788,LJLJ,EDDF
8789,KTPA,KAFW
8790,KPDK,KHPN
8791,KMIA,KJFK
8792,ESSA,EDDF
8793,KLAS,KPHL
8794,EDDH,LEBL
8795,WMKK,VOBL
8796,KJFK,KRDU
8797,EICK,EHAM
8798,EGKK,LFFI
8799,KSLC,KEWR
8800,EHAM,RKSI
8801,KBOS,KMVY
8802,EGLL,KDFW
8803,LIPE,LIBD
8804,EGAA,EGBB
8805,KPHL,KBOS
8806,GMMN,LFBO
8807,KSTL,KSLC
8808,KDTW,KFLL
8809,KVNY,KOPF
8810,EDDH,ENGM
8811,KTPA,KFLL
8812,LSGG,LFPD
8813,KATL,K9A4
8814,LOWW,LPPT
8815,EHAM,EKCH
8816,KBED,KLEB
8817,WMKK,VOMM
8818,VHHH,RCTP
8819,LROP,LOWW
8820,EDDM,UMMS
8821,KMQS,KPHL
8822,EGLL,EICK
8823,KSLC,KSFO
8824,KORL,MROC
8825,LIMF,EDDF
8826,KDTW,KCLT
8827,LIPE,EDDF
8828,VIDP,VABB
8829,KPHL,KBOS
8830,LPPT,LFPO
8831,KSEA,KPHX
8832,KCLE,KDTW
8833,OERK,OMDB
8834,KMSN,KMSP
8835,KDMW,KJYO
8836,TXKF,KJFK
8837,EHAM,LDZA
8838,EKCH,EDDB
8839,KOAK,KPHX
8840,KLHQ,8OA7
8841,KDFW,KMSP
8842,KMCI,KHOU
8843,VAPO,VOBL
8844,KPHL,KIAD
8845,KBOI,KOAK
8846,KDAL,KMCI
8847,KPHX,KBUR
8848,KRDU,KHOU
8849,KSAT,KATL
8850,CYYZ,KEWR
8851,LIPX,EGKK
8852,LFPG,UKBB
8853,CYVR,CYYC
8854,ENBO,ENGM
8855,RJTT,KLAX
8856,EGLL,KORD
8857,KJFK,KATL
8858,EHAM,KJFK
8859,CYUL,KORD
8860,KSDF,KMIA
8861,KOPF,KFLL
8862,KDTW,KLGA
8863,CYYJ,CYYC
8864,LEIB,EDDL
8865,KATL,KDAL
8866,SBSP,SSJC
8867,LEMD,EGKK
8868,KPHL,KSTL
8869,LEAL,EIDW
8870,ESSA,ESGG
8871,LOWW,LSZS
8872,ENBR,ENZV
8873,CYKA,CYYC
8874,VABB,VECC
8875,EHEH,EPKT
8876,KEWR,KMIA
8877,KMGW,WV65
8878,KMDW,KPHL
8879,KRDU,KHNZ
8880,LIML,LIRF
8881,WMKK,RKSI
8882,ENGM,ENVA
8883,CYXX,CYYC
8884,LFPG,OMDB
8885,SBBR,SBSP
8886,KDEN,KJFK
8887,KBOS,KSEA
8888,EGLL,EIDW
8889,KSFO,KSEA
8890,KJFK,KATL
8891,LFLL,EIDW
8892,KRSW,KBOS
8893,KDTW,KPDX
8894,KLGA,KDTW
8895,PANC,KSEA
8896,KAUS,KDEN
8897,KLAS,KSTL
8898,VABB,VOBL
8899,KATL,KBKL
8900,ESSA,LKPR
8901,CYYZ,CYXE
8902,KPHX,KDTW
8903,KHPN,KOPF
8904,LPPT,LFRS
8905,KPHL,KSDF
8906,KCMI,KDFW
8907,LOWW,EDDL
8908,KLAX,KDFW
8909,EHAM,OMDB
8910,CYUL,TBPB
8911,KDEN,KSFO
8912,KPDX,KSEA
8913,LSZM,LSZH
8914,KMKE,KATL
8915,CYYJ,CYYC
8916,ENVA,ENBO
8917,LEMD,LPPR
8918,LFPO,LIRF
8919,EGGD,EGPH
8920,EVRA,LTBW
8921,91OI,KFMY
8922,EDDP,OBBI
8923,KLAS,KSEA
8924,KSFO,KPHX
8925,KPHL,KSRQ
8926,KATW,KATL
8927,KDEN,KATL
8928,KDTW,KRDU
8929,KLAX,KDTW
8930,KMCI,KMSP
8931,EHAM,ENBR
8932,KMKE,KORD
8933,EDDB,LPPR
8934,KPHL,CYUL
8935,LFPG,ESSA
8936,KRSW,KMSP
8937,EGGW,EGPG
8938,KATL,KTYS
8939,KJFK,EGLL
8940,LEMD,LIRF
8941,KPSP,KSFO
8942,KDTW,KSEA
8943,KLAS,KDFW
8944,EETN,EKCH
8945,CYYZ,CYVR
8946,KPDX,KSMF
8947,LEMD,LPPT
8948,KSEA,PANC
8949,KDEN,KSEA
8950,VMMC,RCTP
8951,EPGD,EDDF
8952,ULLI,UUWW
8953,LOWW,LPPT
8954,KMCI,KDEN
8955,KSLC,KOAK
8956,KCLT,MROC
8957,KOMA,KSDL
8958,OMDB,VABB
8959,KSKA,KSEA
8960,KMKE,KMSP
8961,LIMJ,LIRF
8962,EIDW,OTHH
8963,ULMM,ULLI
8964,KSFO,KATL
8965,KDFW,KSDF
8966,KFLL,KEWR
8967,KDEN,KMDW
8968,KDEN,KSAN
8969,KTYS,KDTW
8970,KFFZ,KPAN
8971,KORD,KLAX
8972,LFML,LFFI
8973,KORL,KHSV
8974,KPDX,KLAX
8975,KRDU,KORD
8976,KDCA,KCLT
8977,KATL,KDEN
8978,LEMD,LEPA
8979,CYVR,CYYC
8980,LEMD,LEMG
8981,KSMQ,KCDW
8982,EBCI,EPKK
8983,LEIB,LEBL
8984,CYYC,KPHX
8985,EKCH,ESSA
8986,KBOS,KRDU
8987,KDTW,OA16
8988,LHBP,EDDF
8989,KAGC,KLBE
8990,LSZH,EDDF
8991,KDFW,KATL
8992,KPHL,KDTW
8993,KLAS,KDFW
8994,EDDF,EIDW
8995,KXNA,KORD
8996,EBBR,LEMG
8997,KORF,KCLT
8998,KBUF,KDFW
8999,ELLX,ESSA
9000,KDTW,KBWI
9001,KOPF,KTEB
9002,KORL,KDFW
9003,VABB,VOMM
9004,VHHH,RCTP
9005,EHAM,OMDB
9006,KPDX,KLAX
9007,KLAX,KPHX
9008,ENHD,ENGM
9009,KSRQ,KOPF
9010,EIDW,EBBR
9011,KRSW,KSYR
9012,KLAS,KSLC
9013,KCLT,KORD
9014,KPHX,KMDW
9015,KSLC,KLAX
9016,KDFW,KLGA
9017,KBWI,KHOU
9018,LEMD,LSZH
9019,LFPG,EHAM
9020,KPWK,KAPF
9021,KPHL,CYYZ
9022,KONT,KSMF
9023,KFLL,KBOS
9024,KOAK,KOMA
9025,KCDW,K12N
9026,LECU,LEMT
9027,KSEA,KPSP
9028,KATL,KMCI
9029,KBOS,KMCO
9030,KJFK,TXKF
9031,KSGF,KORD
9032,KCLT,KPDK
9033,KFLL,KLGA
9034,KDTW,KDFW
9035,KSMF,KRIR
9036,ENGM,OTHH
9037,KMIA,SKBO
9038,LPPT,LEBL
9039,LSGG,OMDB
9040,EKCH,EDDF
9041,KORL,KMSP
9042,KLAS,KHOU
9043,KTYR,KDAL
9044,KPHX,KSAN
9045,EDDM,EDDG
9046,KPDX,KOAK
9047,KATL,KCMH
9048,PANC,KORD
9049,KIAD,KTEB
9050,EIDW,KBOS
9051,KMIA,KORD
9052,SKBO,KEWR
9053,KOPF,KTEB
9054,KDFW,KSEA
9055,KOAK,KPDX
9056,KLAX,KDTW
9057,LEMD,EDDF
9058,LEJR,LEBL
9059,EKYT,EKCH
9060,EFHK,ENGM
9061,KDEN,CYUL
9062,KPHX,KPHL
9063,KMSP,KLAX
9064,KIWA,KPVU
9065,KATL,KHOU
9066,KHOU,KDFW
9067,CYYZ,KORD
9068,KAUS,KPHX
9069,KGEU,KPAN
9070,KJFK,KHHR
9071,SBVT,SBGR
9072,LEPA,LEAL
9073,KONT,KMDW
9074,KBWI,KDTW
9075,LIMF,LIRF
9076,KSMF,KLAX
9077,KORL,KLAX
9078,KRDU,KCLT
9079,KOAK,KMDW
9080,EDDF,UMMS
9081,KMDW,KDAL
9082,KBOS,KDCA
9083,KSWF,KHPN
9084,KTEB,KLEB
9085,OMDB,UKBB
9086,KPHX,KOAK
9087,EGGD,EHAM
9088,KATL,KPHL
9089,KLAS,KOAK
9090,LEMD,LSGG
9091,VOBL,VABB
9092,KMSP,KDFW
9093,KSEA,KSAN
9094,KCLT,KMIA
9095,LSGG,LPPT
9096,EHAM,LFPG
9097,SBCO,SBGR
9098,KFAT,KSLC
9099,LFPO,LFBO
9100,KMDW,KSTL
9101,KSPI,KORD
9102,KRDU,KTEB
9103,KDTW,KSAN
9104,EFHK,LIMC
9105,KPDX,KORD
9106,KEWR,KDTW
9107,KIAD,KPHL
9108,LROP,EBBR
9109,KSTL,KDEN
9110,KBOS,KPHX
9111,KSFO,KSAN
9112,KLAX,KSLC
9113,KABQ,KPHX
9114,KSAT,KDFW
9115,KPHL,KCLT
9116,KAPF,KVNC
9117,KMSP,KDEN
9118,LFPG,LKPR
9119,VIDP,VABB
9120,LEAL,LFPO
9121,KLAS,KPHX
9122,KLDJ,KHPN
9123,EDDB,EGPH
9124,KATL,KFLL
9125,VOBL,VECC
9126,KSBP,KLAX
9127,KIAD,KSLC
9128,KMDW,KBWI
9129,YMML,WSSS
9130,KLAX,KDAL
9131,KORL,KMSP
9132,ENGM,ENZV
9133,KPSP,KSLC
9134,CYUL,KFLL
9135,LIPZ,LIRF
9136,EFHK,EGLL
9137,KLAS,KBWI
9138,KMSP,KORD
9139,KATL,KBKL
9140,KECP,KATL
9141,KBOS,KCLT
9142,KDTW,KDFW
9143,KOMA,KATL
9144,ULLI,UUDD
9145,LEMD,LEBL
9146,KCLT,KRSW
9147,KLAX,KSMF
9148,KIAD,VT26
9149,KLAS,KSJC
9150,KGRB,KMSP
9151,LEPA,LEIB
9152,LIMC,OMDB
9153,EDDB,LFBD
9154,8MD5,KDMW
9155,KMSP,KSTL
9156,KSFO,KORD
9157,VABB,VIDP
9158,LOWW,OMDB
9159,KPDX,KPHX
9160,ZGSZ,ZUCK
9161,LIPQ,LIRF
9162,KLAS,KMDW
9163,LIME,LIBD
9164,VIDN,VIDP
9165,LIRF,OMDB
9166,KATL,KSTL
9167,KMDW,KSAN
9168,KDTW,KSTL
9169,KBUF,KORD
9170,ESSA,EDDB
9171,KPHL,KSFO
9172,CYYC,CYVR
9173,KLAX,KSJC
9174,SBCO,SBSP
9175,KLAS,KLAX
9176,KMSP,KSEA
9177,KMSP,KMCI
9178,ENHD,ENGM
9179,UAAA,UAII
9180,EHAM,LFPO
9181,LFPG,LIMC
9182,KATL,KOMA
9183,KDTW,WS25
9184,KCLT,KFLL
9185,KSEA,KLAX
9186,KCLT,KLGA
9187,VOBL,VOMM
9188,KSMF,KPHX
9189,LEMD,EDDM
9190,KLAS,KDAL
9191,KEWR,KSLC
9192,KATL,KFLL
9193,EDDS,EDDH
9194,KORD,KMSP
9195,KATL,21AR
9196,KRDU,KLAX
9197,LFBD,LFQQ
9198,KBOI,KPDX
9199,SBRJ,SBSP
9200,KOSU,KAPF
9201,UUEE,LTBW
9202,KCLT,CYYZ
9203,EPGD,EKCH
9204,KBOS,KSLK
9205,KSBA,KDFW
9206,KSDF,KPGD
9207,KBWI,KSDF
9208,LFPG,CYUL
9209,KFAT,KDFW
9210,KSEA,KPHX
9211,LIPE,LIRF
9212,KSMF,KLAX
9213,KORD,K29M
9214,KTPA,KDFW
9215,KTPA,KDFW
9216,KCLT,KSYR
9217,KLAX,KPHX
9218,VIDN,VIDP
9219,LKPR,EBCI
9220,CYXE,CYYZ
9221,KMSP,KORD
9222,KFLL,KATL
9223,KJFK,KORD
9224,OERK,OEDF
9225,KLAX,KOAK
9226,EGPH,OTHH
9227,LPFR,LFPO
9228,KIWA,KSJC
9229,EFHK,EFOU
9230,KMSP,KCMH
9231,KMIA,KJFK
9232,KSEA,KORD
9233,RKSI,UUEE
9234,CYYZ,CYYJ
9235,LPPR,LFPO
9236,KLAX,KMSP
9237,KLAS,KLAX
9238,LEZL,EBCI
9239,ENBO,ENGM
9240,KFLL,KSAN
9241,KGSO,KATL
9242,EKCH,LFPG
9243,DAAG,LFPG
9244,SKBO,KMIA
9245,KSEA,KATL
9246,KMSP,KATL
9247,KGRB,KDPA
9248,KLAS,KSTL
9249,KLAX,KMDW
9250,KPHX,58AZ
9251,VOBL,VIDP
9252,EFHK,ESSA
9253,KBOI,KLAX
9254,KDTW,KPHX
9255,WSSS,RJTE
9256,VIDP,VIAM
9257,KMIA,KBOS
9258,FAOR,FACT
9259,KFLL,KDFW
9260,EHEH,LHBP
9261,KORD,KMIA
9262,KSEA,KRIR
9263,KBWI,KRDU
9264,KLAX,KHOU
9265,KCDW,4NY1
9266,EHAM,LSZH
9267,9LL0,KAPF
9268,LFPO,LIPZ
9269,EGLL,LSGG
9270,CYKZ,CCT2
9271,KCMH,KDEN
9272,KDAL,KPHX
9273,KPDX,KMDW
9274,KEWR,KSTL
9275,KOMA,KSLC
9276,LEMD,LIMC
9277,KSDL,KABQ
9278,KMSP,KPHL
9279,KMIA,KDFW
9280,KOAK,KBWI
9281,KPHL,KRDU
9282,CYYC,KPSP
9283,LROP,LLBG
9284,KPHX,KSEA
9285,KDTW,KATL
9286,KORD,KBOS
9287,KBWI,KDAL
9288,EDDM,EDDH
9289,KEWR,MROC
9290,SKBO,KMIA
9291,KSTP,KAPA
9292,KLAX,KLAS
9293,ENBO,ENVA
9294,KFAT,KLAX
9295,UUEE,LFPG
9296,ENGM,ENVA
9297,KONT,KSEA
9298,KMSP,KRDU
9299,VAPO,VOBL
9300,LEZL,LEBL
9301,KVDF,KPCM
9302,KORD,KATL
9303,LEMD,EHAM
9304,KDAL,KOPF
9305,VIDN,VIDP
9306,KEWR,KCLT
9307,KFLL,KMDW
9308,EBMB,EHAM
9309,EGLL,OTHH
9310,LLBG,LFPG
9311,SBSP,SBRJ
9312,KLAX,KORD
9313,VOBL,VECC
9314,EGKK,LIRF
9315,EDDK,LEPA
9316,LFML,LFBD
9317,KSLC,KLAX
9318,KPHL,KMIA
9319,KDTW,KLAX
9320,KISP,K3C8
9321,LFPO,GMMN
9322,KLAS,KORD
9323,KSMF,KSAN
9324,KMDW,KLGA
9325,KONT,KSFO
9326,EVRA,EHAM
9327,KLOU,59KY
9328,SBGL,SBGR
9329,KPTK,KD95
9330,KBWI,KBOS
9331,KSKA,KSEA
9332,KSDF,KATL
9333,KPHL,KMKE
9334,KDTW,KORD
9335,CYYZ,KIAD
9336,KPDX,KSEA
9337,KFFZ,KPAN
9338,KPHX,KEWR
9339,LHBP,LSZM
9340,KDEN,KBWI
9341,KLAX,KMIA
9342,LFRS,LFBO
9343,EPWA,UMMS
9344,EHAM,OTHH
9345,KMSP,KISM
9346,LKPR,OMDB
9347,KJFK,KLAS
9348,KORD,KCMH
9349,KSJC,KSLC
9350,KLAX,KATL
9351,KMIA,KTEB
9352,KSMF,KSLC
9353,KSAN,KSEA
9354,KEWR,KRSW
9355,KCLT,KIAD
9356,KMSP,KFLL
9357,KOSU,KAPF
9358,KFFZ,KA39
9359,KLAS,KPHX
9360,KDAL,KSTL
9361,KDEN,KSTL
9362,KONT,KSJC
9363,KHIO,KSJC
9364,KDTW,KPHL
9365,KJFK,KDTW
9366,KORD,KPHX
9367,KSEA,KMSP
9368,LFPB,EBAW
9369,KSAN,KDFW
9370,KPHL,KFLL
9371,SBSP,SBST
9372,KEWR,KDTW
9373,SBBR,SBGR
9374,VIDP,VOBL
9375,KMSP,KDFW
9376,EHAM,LIMC
9377,KLAS,KSAT
9378,KPHX,KMSP
9379,KRDU,KMIA
9380,KDEN,KDAL
9381,LFPG,LEBL
9382,KLAX,KSFO
9383,KBOS,KMCO
9384,LIRF,LKPR
9385,KMSP,KMKE
9386,KBWI,KMDW
9387,VOMM,VABB
9388,KMSN,KORD
9389,KJFK,KFLL
9390,KSAN,KMSP
9391,KORF,KORD
9392,KSAT,KSLC
9393,KPJC,KFKL
9394,KORD,KTUL
9395,CYYZ,CYUL
9396,KORD,KPHL
9397,KRSW,KLGA
9398,KONT,KSLC
9399,PANC,KORD
9400,KSTL,KATL
9401,KDFW,KTUS
9402,VECC,VABB
9403,VAPO,VIDP
9404,KPHL,KDCA
9405,KOAK,KSAN
9406,KPDX,KMSP
9407,KCLT,KROC
9408,KCLT,KALB
9409,KBOS,KCLT
9410,KORD,KPSP
9411,MO18,KLXT
9412,KIAH,KPHX
9413,KBOI,KGEG
9414,KEWR,KBKL
9415,KSTL,KBWI
9416,EGLL,KMIA
9417,KSJC,KSEA
9418,KCLE,KRSW
9419,KORD,KPIT
9420,EDDF,LTFJ
9421,KTEB,KHPN
9422,ESSA,OTHH
9423,KORD,KRSW
9424,KSAN,KSFO
9425,KJFK,KBOS
9426,LPPT,LEMD
9427,KBWI,KATL
9428,KLAX,KLAS
9429,KONT,KATL
9430,KSTL,KORD
9431,KPHX,KSMF
9432,KATL,KMDW
9433,KLAX,KEWR
9434,ENBO,ENVA
9435,KHOU,KBWI
9436,VABB,VIDP
9437,LSZH,LPPR
9438,KRFD,KPIE
9439,KSFO,KLAX
9440,KSAN,KPHX
9441,KDEN,KHOU
9442,KJFK,KPHX
9443,KBWI,KCLT
9444,KFFZ,KAVQ
9445,KSJC,KSEA
9446,EGLL,UUEE
9447,KRSW,KDFW
9448,KPDX,KATL
9449,KONT,KOAK
9450,KLAS,KSLC
9451,KMSP,KRSW
9452,LEPA,EDDH
9453,KORD,KDFW
9454,KATL,KJFK
9455,KDFW,KSEA
9456,KSMF,KBUR
9457,KPHL,46SC
9458,EDDF,LFBO
9459,EBMB,LPPT
9460,KORD,KBOI
9461,KSTL,KRDU
9462,KSFO,KPHX
9463,KLAS,KABQ
9464,KBOS,KEWR
9465,UUEE,ULLI
9466,LPPT,EDDM
9467,KMSP,KMIA
9468,LSZM,LFBD
9469,KMDW,KFLL
9470,LEMG,EHEH
9471,CYVR,CYYZ
9472,KSAN,KLAX
9473,KIAH,KDEN
9474,KATL,KMCI
9475,KORD,KSLC
9476,KSMF,KSEA
9477,LFBO,LFPO
9478,KBUF,KBWI
9479,KPDX,KPHX
9480,LIMC,LICP
9481,KSJC,KPHX
9482,LPFR,EGGD
9483,K12N,KCDW
9484,LEMD,LSZM
9485,KJFK,KPHX
9486,KCLT,KDTW
9487,EGKK,TXKF
9488,SPJC,KMIA
9489,KOMA,KORD
9490,KSTL,KBOS
9491,KSRQ,KDFW
9492,KCMH,KDFW
9493,RKSI,UUEE
9494,KFAT,KLAX
9495,KPHL,KPVD
9496,EKCH,LSGG
9497,KPDX,KSAN
9498,KBWI,KORF
9499,NK43,KCLT
9500,KDAL,KPDK
9501,KDVT,16AZ
9502,KOAK,KLAS
9503,KMSP,KPDX
9504,VIDP,VABB
9505,KLAS,KCLT
9506,KPHL,KBKL
9507,VOMM,VOBL
9508,LEMD,OTHH
9509,LFLL,LFRS
9510,LEPA,LEMG
9511,CYYZ,CYOW
9512,2TS6,TS71
9513,UAII,UAAA
9514,KSBP,KSFO
9515,PANC,KLAX
9516,KBOS,KRSW
9517,EGKK,EGPG
9518,KLAS,KLAX
9519,EDDM,ESSA
9520,KSTL,KPHL
9521,EHAM,LTFJ
9522,KSUS,KAPA
9523,KIWA,KLGF
9524,LEBZ,LEBL
9525,LEAL,EGNM
9526,KLAS,KMCI
9527,VABB,VOBL
9528,KORD,KATW
9529,VECC,VIDP
9530,CYYZ,CYUL
9531,KPHL,KROC
9532,KSTL,KMDW
9533,KDAL,KMKC
9534,KBOS,KDTW
9535,KRSW,KBUF
9536,KTUS,KATL
9537,LZIB,EGSS
9538,KBWI,KMIA
9539,LEPA,LEBL
9540,KORD,KLAS
9541,ULLI,UUDD
9542,KSJC,KPDX
9543,KLAS,KSEA
9544,EFHK,EHAM
9545,KSEA,KPHX
9546,KBOI,KMSP
9547,KOPF,KDAL
9548,LFPG,GMMN
9549,KAUS,KHOU
9550,ENGM,ENZV
9551,EIDW,EDDH
9552,KDFW,KBOS
9553,LEMD,LPPT
9554,KLAS,KSAN
9555,KIAH,KDFW
9556,KORD,KMSP
9557,KPHL,KFLL
9558,LPPT,EGLL
9559,KDCA,KDAL
9560,LSGG,LEBL
9561,VIDP,VOBL
9562,KORD,KSTL
9563,KMDW,KLAS
9564,KUES,KAPF
9565,KDTW,KSTL
9566,KATL,KDFW
9567,KHPN,KOPF
9568,LFPG,LEMD
9569,EHAM,EPGD
9570,KONT,KPHX
9571,KSTL,KMDW
9572,LFML,LFPO
9573,EGKK,LEBL
9574,KPHL,KBUF
9575,EFHK,UMMS
9576,KORD,23MN
9577,KBWI,KOQU
9578,KGSO,KCLT
9579,KGRB,KORD
9580,KJFK,KSFO
9581,EPWA,EPGD
9582,CYYZ,KTEB
9583,KMKC,KSDL
9584,KGRR,KORD
9585,KDFW,KSAN
9586,EHAM,EGKK
9587,EGCC,LFPG
9588,KSAT,KDEN
9589,KMDW,KRDU
9590,OMDW,UUWW
9591,KCWA,KORD
9592,EGBB,EDDF
9593,KDTW,KORD
9594,EGGD,EGPG
9595,KHPN,KSRQ
9596,KMSS,KBOS
9597,KJFK,KDTW
9598,KLAX,KORD
9599,KLAS,KDFW
9600,ENGM,ENBO
9601,KMDW,KDTW
9602,KSAN,KLAS
9603,KMVY,KJFK
9604,VIDP,OMDB
9605,LFPG,LPPT
9606,KORD,KHHR
9607,KMSP,KSFO
9608,CYUL,TBPB
9609,KBWI,KRSW
9610,EGCC,EGLL
9611,KDFW,KORD
9612,ULLI,ULMM
9613,EGKK,LFBO
9614,FA27,KFMY
9615,EDDM,LSZH
9616,VABB,VIDP
9617,LIRF,EDDM
9618,KDAL,KBWI
9619,KLAS,KSFO
9620,KOPF,KSUS
9621,ESSA,EGLL
9622,KDFW,KLAS
9623,KBOI,KSEA
9624,UUWW,ULLI
9625,CYYZ,KLGA
9626,EDDL,UUEE
9627,KMDW,KMSP
9628,LFPG,EDDH
9629,KORD,KORF
9630,LIRF,LICP
9631,KPGD,SC78
9632,EIDW,LFPG
9633,PANC,6AK3
9634,KDFW,KMSP
9635,KTYS,KPDK
9636,KATW,KORD
9637,LEZL,LEIB
9638,KPHL,KDAY
9639,KPSP,KDFW
9640,KATL,KLAX
9641,KSGR,KADS
9642,KLAX,KJFK
9643,KATL,KBOS
9644,EKCH,OTHH
9645,KORD,KLGA
9646,VIDP,OTHH
9647,KSAN,KDAL
9648,OI34,7OA7
9649,KSPG,KAPF
9650,KAUS,KDAL
9651,6NY1,KDTW
9652,KATL,KDTW
9653,KDFW,KTUL
9654,KSTL,KPHL
9655,EVRA,EBBR
9656,KORD,KRDU
9657,KTPA,KSFO
9658,KCLT,KSRQ
9659,LPPT,EDDF
9660,UUWW,ULMM
9661,KRVS,03OK
9662,LFPG,EDDB
9663,KRSW,KBKL
9664,KMIA,KPHL
9665,KHOU,KBUR
9666,KMMU,KBED
9667,KLAS,KSLC
9668,VIDP,VABB
9669,EGAC,EGCC
9670,EDDM,LPPT
9671,KJFK,KSMF
9672,VOBL,VIDP
9673,KABQ,KLAX
9674,KMDW,KPHX
9675,TBPB,TVSM
9676,KDFW,KLGA
9677,KSMF,KSLC
9678,2CD6,KAPA
9679,EVRA,EDDM
9680,ENBO,ENGM
9681,LFPG,LIMC
9682,KLGA,KCLT
9683,KDEN,KOMA
9684,KCLT,KBKL
9685,SBBR,SBGR
9686,KAUS,KDFW
9687,KPHX,KPDX
9688,UUEE,UWWW
9689,BIKF,EDDF
9690,CYYC,CYYZ
9691,KDFW,KMIA
9692,EGJB,EGKK
9693,KCLT,MROC
9694,EDDF,LPPR
9695,LLBG,EGGW
9696,KATL,KPHX
9697,KBOS,KSRQ
9698,KPDK,KTEB
9699,LEMG,EHAM
9700,KDFW,KSNA
9701,VABB,VIDP
9702,KORD,KOMA
9703,K2W6,KCGE
9704,EDDB,EDDF
9705,LEMD,LFBO
9706,KRSW,KDCA
9707,KMSP,KRSW
9708,KCLT,KDFW
9709,LZKZ,EGGW
9710,KORD,KLSE
9711,KSMF,KSFO
9712,KATL,KPDX
9713,KBOS,KRDU
9714,ESMT,ESSB
9715,LEMD,LPPR
9716,KCLT,KPHL
9717,KMDW,KISM
9718,KLGA,KCLT
9719,CYUL,TBPB
9720,KCLT,KVPS
9721,KTUL,KDFW
9722,LFPG,OTHH
9723,EIDW,LIRF
9724,KOAK,KSDF
9725,EHAM,LEIB
9726,KVNY,KOAK
9727,LEPA,LEIB
9728,EGCC,EGAA
9729,KPSP,KSEA
9730,SBGR,SBBR
9731,KUGN,KAPF
9732,KFFZ,KAVQ
9733,EDDH,EDDF
9734,EGLL,EGCC
9735,UAII,UAAA
9736,KATL,KDEN
9737,KEWR,KCLT
9738,KORD,KMCI
9739,ULLI,UUWW
9740,CYYJ,CYVR
9741,VABB,VOMM
9742,KIND,KORD
9743,KMDW,KSJC
9744,KDFW,KISM
9745,KJNX,KRDU
9746,KLAS,KPDX
9747,ENZV,EKCH
9748,KBUF,KROC
9749,TVSC,TBPB
9750,LKPR,OTHH
9751,EFHK,OTHH
9752,EDDM,EKCH
9753,LFPO,LFBO
9754,KMCI,KLAX
9755,EHAM,LFBD
9756,KMIA,KSDF
9757,KDTW,KISM
9758,KBOS,KBUF
9759,KCLT,KLAS
9760,KSLC,KSDL
9761,EBCI,LTFJ
9762,KSFO,KPDX
9763,KSJC,KLAX
9764,KPWK,KAPF
9765,KSDL,KOMA
9766,SBBR,SBRJ
9767,KEWR,KDCA
9768,VIDP,VECC
9769,KAUS,KDEN
9770,KORD,KDEN
9771,ENZV,ENBR
9772,KHPN,NY09
9773,KDFW,KRIR
9774,KLGA,KATL
9775,KTUL,KDEN
9776,KCLT,NC71
9777,KMKE,KORD
9778,SBGR,SBRJ
9779,KDFW,KATL
9780,EKCH,LPPT
9781,VHHH,WMKK
9782,KDTW,KBWI
9783,KPHX,KORD
9784,KLGB,KSMF
9785,KATL,KDAL
9786,SBSP,SBRJ
9787,KFRG,49NY
9788,ELLX,LSGG
9789,KPDX,KORD
9790,LFQQ,LSGG
9791,ULLI,UUDD
9792,KDEN,KSLC
9793,KPHL,KATL
9794,KBOI,KSFO
9795,KSAN,KPDX
9796,EGGD,EGPE
9797,OBBI,OMDB
9798,VOBL,VECC
9799,KPHL,KIAD
9800,KBWI,KHOU
9801,LFST,LFTW
9802,VOMM,VIDP
9803,KMIA,MGGT
9804,KFLL,KEWR
9805,KDFW,KPDX
9806,LHBP,EBCI
9807,EDDF,LFPG
9808,EKCH,EPWA
9809,KDTW,KSFO
9810,KOAK,KHOU
9811,KMCI,KORD
9812,KATL,KRIR
9813,KMDW,KOAK
9814,CYYC,CYVR
9815,LEPA,LEBL
9816,UUEE,ULMM
9817,KDAL,KABQ
9818,KSEA,KSAN
9819,KLOU,KJVY
9820,KORD,KDEN
9821,KSMF,KPHX
9822,KATL,KMDW
9823,YMML,VHHH
9824,KSFO,KSEA
9825,NK79,KCDW
9826,KDFW,KHOU
9827,KSPI,KAPF
9828,KXFL,KDAB
9829,SBGR,SSJC
9830,KBUR,KSJC
9831,VECC,VIDP
9832,KSRQ,KMIA
9833,KAPA,KCOS
9834,ESSA,EDDL
9835,EKCH,EDDB
9836,KLAX,KSEA
9837,KPHL,NK01
9838,LEMD,LEJR
9839,KONT,KDEN
9840,KDFW,KPSP
9841,KBOS,KRSW
9842,KBWI,KDTW
9843,CYYZ,CYYC
9844,EPWA,OTHH
9845,KMRY,KPHX
9846,LFPG,LFBO
9847,VIDP,VOBL
9848,KOPF,KSUS
9849,OMDB,UKBB
9850,KSNA,KUDD
9851,KSJC,KLAX
9852,ENBR,ENGM
9853,KMNN,KOSU
9854,OERK,OMDB
9855,KLGA,KCMH
9856,KMKC,KSUS
9857,KCLT,2MO1
9858,LEMD,LEIB
9859,KPDK,KPLR
9860,KBDR,KFRG
9861,SKBO,KATL
9862,KBOS,KLAS
9863,KABQ,KAEG
9864,KDEN,KSEA
9865,KATL,KDEN
9866,KBED,61MA
9867,EGLL,EDDH
9868,KBUF,KDTW
9869,KJFK,KDCA
9870,LROP,LIMC
9871,KPHL,KALB
9872,KPHX,KDAL
9873,EDDF,LFPG
9874,KORD,KBOI
9875,KATL,KEWR
9876,VHHH,YSSY
9877,KDEN,KLAS
9878,LIMC,EDDL
9879,KSYR,KIAD
9880,KPDX,KSJC
9881,CYYC,CYXE
9882,KTEB,KAPA
9883,KDFW,KBOI
9884,KAPF,KPWK
9885,LFBO,LFPO
9886,LFPG,ESSA
9887,LEMD,LLBG
9888,KDTW,KRSW
9889,EPWA,UKBB
9890,KPHX,KATL
9891,KSEA,KLAS
9892,KPAE,KPHX
9893,SKBO,KMIA
9894,LPPT,LSGG
9895,KBOS,KMSP
9896,LEMG,EHAM
9897,KSGF,KDEN
9898,KJFK,KRDU
9899,KLGA,KMCI
9900,KRSW,KBUF
9901,KATL,KMDT
9902,KDEN,KPDX
9903,KSJC,KLAS
9904,EDDM,EDDH
9905,LIRF,LPPT
9906,KCLT,K3MY
9907,KPHL,KFLL
9908,KPDX,KSEA
9909,KSTL,KDCA
9910,LFQQ,LFBO
9911,KEWR,KCVG
9912,CYVR,KSEA
9913,KDTW,KCLT
9914,KTPA,KATL
9915,EGLL,KATL
9916,LEMD,EGLL
9917,KSEA,KSMF
9918,KORD,KPHX
9919,KATL,KSEA
9920,KSAN,KSFO
9921,KAPF,KPTK
9922,EDDF,EGLL
9923,KPHL,KSYR
9924,KTUS,KPHX
9925,KPHX,KATL
9926,KLGA,KFLL
9927,KDAL,KLAX
9928,KSTL,KFLL
9929,LPFR,EHEH
9930,KORD,KDCA
9931,TJSJ,FD37
9932,KCLT,KMCO
9933,KMIA,KCMH
9934,KJYO,61VA
9935,LROP,EDDF
9936,KSJC,KLGB
9937,KLAX,KMCI
9938,EGKK,EGAA
9939,KCLW,FA71
9940,KLAX,KORD
9941,KEWR,KFLL
9942,TE96,KT82
9943,ULLI,UUWW
9944,SBRJ,SBSP
9945,KSAT,KDEN
9946,KORD,KSEA
9947,LFPO,LFBO
9948,LSGG,LPPR
9949,PANC,KSEA
9950,KSAN,KSJC
9951,KLGA,KFLL
9952,KPHL,KORF
9953,KDFW,KDEN
9954,KAUS,KSAT
9955,KDFW,KSDF
9956,KPDK,KGVL
9957,KMSP,KPHX
9958,KEWR,KBUF
9959,KSEA,KLAX
9960,K4N1,KCDW
9961,KRSW,KEWR
9962,KMDW,KSEA
9963,EGAA,EGGD
9964,KSJC,KLAX
9965,KECP,KATL
9966,KFAT,KPHX
9967,LIMC,OTHH
9968,KLAX,KSFO
9969,KATL,KECP
9970,EDDM,LEPA
9971,KORD,KTUL
9972,KSAN,KSEA
9973,KLAX,KJFK
9974,KVPS,KDFW
9975,KBED,K4B8
9976,KLUK,KMDW
9977,KEWR,KORF
9978,EGSS,LPFR
9979,KMCE,KLAX
9980,EKCH,EDDM
9981,KTYS,KDFW
9982,KPHL,KDEN
9983,EKYT,EKCH
9984,ENGM,ENZV
9985,KLAS,KMDW
9986,SBSP,SSJC
9987,KCOS,KDEN
9988,KSFO,KLAX
9989,KMDW,KHOU
9990,KDFW,KSLC
9991,CYYC,CYYZ
9992,KAPA,KSDL
9993,KATL,KPHL
9994,KORL,KOMA
9995,KORD,KLAS
9996,KFET,KMLE
9997,KLAX,TS53
9998,KPHL,KXSA
9999,LEMD,EDDF
10000,CYYZ,CYOW
10001,ENGM,EDDF
10002,KDTW,KLGA
10003,EDDM,LEBL
10004,KBOS,KFYJ
10005,KORD,KLAX
10006,KJFK,TBPB
10007,KMDW,KSMF
10008,KECP,KDFW
10009,KTEB,KBED
10010,KCKM,KRNV
10011,KORD,KHSV
10012,KPHL,KMDT
10013,KATL,SC32
10014,KSAN,KBOI
10015,KPHX,KDFW
10016,KLAS,KMSP
10017,VOBL,VABB
10018,KSBP,KPHX
10019,KBOI,KPHX
10020,EDDL,LIRF
10021,KDTW,KMSN
10022,KORL,KDFW
10023,KBED,KOPF
10024,KDEN,KPHX
10025,SKBO,CYYZ
10026,LSZH,EPWA
10027,EIDW,EGPH
10028,KDEN,KIAD
10029,LIMC,UUEE
10030,EGPH,EGKK
10031,KSMF,KORD
10032,KBOS,KATL
10033,KSAN,KORD
10034,KOAK,KSNA
10035,KCHD,KPAN
10036,KORD,KMSN
10037,KLAS,KLAX
10038,KDTW,KROC
10039,EDDH,OMDB
10040,EGAC,EGLL
10041,KABE,08NY
10042,KCDW,NK79
10043,KMDW,KMCI
10044,KMDT,8FA4
10045,UMMS,UUEE
10046,KDTW,KATW
10047,EDDF,LKPR
10048,KRDU,KTDF
10049,KCLT,KPDK
10050,LEPA,LEMD
10051,VABB,OMAA
10052,KDFW,KABQ
10053,KHOU,KABQ
10054,LSZH,EGCC
10055,KJFK,KLAS
10056,KSAN,KPHX
10057,LSZB,LFPB
10058,KOMA,KDFW
10059,KCLT,KBOS
10060,KPSP,KLAX
10061,EDDM,EDDV
10062,35OR,KLAX
10063,KPHL,KDFW
10064,FAOR,FACT
10065,KPHX,KLAX
10066,KMSN,KMDW
10067,KDEN,KSAN
10068,KORD,KSNA
10069,EIDW,LFPO
10070,KLAS,KTUL
10071,LEAL,EGGP
10072,KCLT,NC06
10073,KMIA,KLGA
10074,VOBL,VECC
10075,SBBR,SBVT
10076,EGLL,EGAC
10077,EGGP,EGJJ
10078,KDTW,KMKE
10079,OERK,OEDR
10080,TJSJ,KMIA
10081,KTEB,KHPN
10082,EDDB,LEPA
10083,KDCA,KPHX
10084,KBUR,KLAS
10085,KBWI,KISP
10086,LSGG,LPPT
10087,KLAX,KLAS
10088,KVNY,KOXR
10089,KEWR,KTYS
10090,KDTW,KGRB
10091,KDEN,KLAX
10092,KORD,KDCA
10093,KDVT,KPAN
10094,KORD,KDFW
10095,KLAS,TS53
10096,EGLL,OTHH
10097,KSFO,KORD
10098,KFLL,KHPN
10099,KATL,KDFW
10100,LROP,LEMG
10101,KSTL,KLGA
10102,EGGW,LEMG
10103,PANC,KSEA
10104,LOWW,OTHH
10105,KCLT,KPHX
10106,LSZH,OTHH
10107,KDTW,KCMH
10108,KFLL,KLAX
10109,EHAM,LSZM
10110,EDDF,EHAM
10111,EDDM,OTHH
10112,KATL,KTUL
10113,KMSP,KLAS
10114,KSFO,KJFK
10115,CYVR,KSFO
10116,EGGP,EGAA
10117,KORD,KOMA
10118,KLAS,KATL
10119,KLNS,KBWI
10120,KLAX,CYVR
10121,CYYZ,CYVR
10122,KORL,KMKE
10123,EINN,KJFK
10124,KTPA,KLAX
10125,KORD,KMCI
10126,KMDW,KOMA
10127,EVRA,UUWW
10128,KDCA,KMCO
10129,KCLT,TBPB
10130,KDFW,KLAX
10131,KMSP,KEWR
10132,KORD,KEWR
10133,KHOU,KMCI
10134,KLAS,KEWR
10135,KDAL,KMDW
10136,KDEN,KORD
10137,KJFK,EBLG
10138,KATL,KSNA
10139,LSZH,EKCH
10140,LFML,LFPG
10141,KFOK,KHPN
10142,EBMB,ESSA
10143,KCLT,KBWI
10144,FAOR,FACT
10145,KOAK,KSLC
10146,LIPZ,LPPT
10147,KLAX,KJFK
10148,KMDW,KDCA
10149,KFAT,KSFO
10150,LSZH,ESGG
10151,79OH,KRSW
10152,ENVA,ENGM
10153,VABB,VOBL
10154,EPWA,EDDF
10155,KCLT,KHSV
10156,CYYZ,CYYC
10157,LEMG,EDDF
10158,KDAL,KDCA
10159,KDFW,KMCI
10160,KATL,KSFO
10161,KOAK,KSEA
10162,KMSP,KIAD
10163,KATL,KPHL
10164,KFLL,KBWI
10165,KCLT,KRDU
10166,LDZA,EDDS
10167,KCLT,KABE
10168,KSTL,KCLT
10169,EDDL,EHAM
10170,EHAM,EGCC
10171,KPHX,18AZ
10172,GMTT,LFPG
10173,EIDW,EDDB
10174,EGKK,LFPG
10175,KDFW,KCOS
10176,CYYZ,TBPB
10177,EGPF,EGSS
10178,KORD,KMSP
10179,KDEN,KLAX
10180,KATL,KVPS
10181,LFPO,LTFJ
10182,KPSP,KSEA
10183,KSMF,KLAS
10184,KAPA,KADS
10185,EGGW,LIMC
10186,KATL,KTUS
10187,KFFZ,KE95
10188,KDFW,9CA0
10189,KDEN,KEWR
10190,KEWR,KSFO
10191,KDTW,KMIA
10192,KATL,KRDU
10193,LIRF,LICJ
10194,KDAL,KSAT
10195,KORD,KSFO
10196,ENGM,EKCH
10197,EHAM,EGCC
10198,LSZM,EDDB
10199,KHOU,KDEN
10200,KMDW,KCMH
10201,KFKL,98PA
10202,KDFW,KGOP
10203,KMSP,KDEN
10204,KSDF,KATL
10205,KRSW,KSTL
10206,WBKK,WMKK
10207,NK43,KORD
10208,KPDX,KORD
10209,VIDP,VOMM
10210,KPDK,K9A1
10211,KBOS,KORD
10212,88PA,KLAS
10213,KOAK,KBUR
10214,KCLT,KORF
10215,LEAL,EGSS
10216,LIRF,OTHH
10217,KSAN,KATL
10218,KFTW,KADS
10219,LSZH,LYBT
10220,KLAX,KSFO
10221,EPKK,LFPG
10222,KSEA,KPDX
10223,KLDJ,KHPN
10224,KCLT,KIAD
10225,KCGF,KRDU
10226,KDTW,CYYZ
10227,KVNY,KSNA
10228,KHPN,KRDU
10229,KDFW,KSMF
10230,KSAN,KDTW
10231,KSRQ,KMKY
10232,LFST,LFBD
10233,KGPI,KMSP
10234,KOMA,KDTW
10235,UMMS,UKBB
10236,PANC,KORD
10237,KEWR,KBOS
10238,KDFW,KDEN
10239,LSZH,ESSA
10240,EGPH,EGBB
10241,EPWA,EPWS
10242,KATL,KFLL
10243,KATL,KBUF
10244,KDFW,KPHL
10245,KBED,KLWM
10246,KDEN,KSEA
10247,ULLI,UUWW
10248,VOMM,VIDP
10249,VIDP,VABB
10250,KHPN,KLUK
10251,LIMF,LEBL
10252,KORD,KLAS
10253,KAUS,KSAN
10254,KBOS,KDFW
10255,KDTW,KMDW
10256,OMDB,OPMT
10257,KSEA,KPDX
10258,KBUF,KROC
10259,SBCO,SBGR
10260,KATL,KMIA
10261,VOBL,VIDP
10262,CYUL,CYYZ
10263,KFLL,KLAX
10264,KATL,KMSP
10265,LFPG,LSGG
10266,KSFO,KDTW
10267,UUDD,ULLI
10268,KPSP,KPHX
10269,KLAS,XS89
10270,EDDH,LEPA
10271,KDEN,KBWI
10272,LPPT,LFPO
10273,KATL,KDEN
10274,KLBE,PN66
10275,EKCH,EKYT
10276,EDDM,ELLX
10277,KJFK,KHHR
10278,KRSW,KBWI
10279,KCLT,KBWI
10280,EGNX,EDDP
10281,KDAY,KORD
10282,KAPA,KMDW
10283,CYYC,CYVR
10284,KORD,K8C4
10285,KDFW,2MO1
10286,KLAS,KLAX
10287,KDEN,KSFO
10288,WSSS,RKSI
10289,KATL,KMSN
10290,LEMD,LIRF
10291,KFLL,KATL
10292,KDAL,KLAS
10293,KORL,KDEN
10294,LEMD,EGKK
10295,VECC,VIDP
10296,KORL,KHPN
10297,KMIA,KATL
10298,KDEN,KSLC
10299,LFPG,LPPT
10300,KATL,KLGA
10301,KOAK,KHOU
10302,EDFH,LRSB
10303,SBRJ,SSJC
10304,KORD,KPDX
10305,KJFK,KFLL
10306,KDFW,KRSW
10307,KDTW,KLAS
10308,KMDT,KCLT
10309,KSWF,KHPN
10310,KSEA,KDFW
10311,KFAT,KPHX
10312,EDDM,LFPG
10313,CYUL,VT26
10314,EHAM,EKCH
10315,KLAS,KPHX
10316,KONT,KPHX
10317,KATL,KLAS
10318,KDFW,KSBP
10319,KLBE,PN66
10320,TJSJ,KJFK
10321,KLGB,KPHX
10322,KATL,KSDF
10323,KMKE,KSDL
10324,SBCO,SBGR
10325,KMIA,KPHX
10326,KBUR,KPHX
10327,KHOU,KABQ
10328,KORD,KBWI
10329,KDTW,KORF
10330,4NJ8,KSMQ
10331,KRVS,K2K9
10332,KDEN,KPHX
10333,KSEA,KORD
10334,LFPG,LLBG
10335,CYUL,KTEB
10336,KJYO,61VA
10337,KTEX,KSDL
10338,EFHK,ESSA
10339,KPHX,KORD
10340,KLGA,KRSW
10341,KSEA,KSFO
10342,EDDM,OMDB
10343,KDTW,KSDF
10344,KSMF,KATL
10345,VABB,VIDP
10346,KSAN,KABQ
10347,KGPM,KCRS
10348,LFLL,EGLL
10349,KATL,86GA
10350,LEMG,EHAM
10351,UUDD,ULLI
10352,LSGG,EHAM
10353,EDDB,LEBL
10354,KHSV,KATL
10355,KDTW,VT26
10356,ULLI,UUEE
10357,KPDX,KSEA
10358,KHOU,KMDW
10359,KBUR,KPHX
10360,KORD,KSAN
10361,KDEN,KLAS
10362,LEMD,LSGG
10363,EIDW,EDDB
10364,KSLC,KOAK
10365,KSEA,KSMF
10366,LEPA,EDDK
10367,ESGG,EPWA
10368,YPAD,YCVG
10369,KPHL,KSAN
10370,KIXD,SN59
10371,KSLC,KORD
10372,LSZH,LSGG
10373,KPHX,KHOU
10374,VAJJ,VOMM
10375,KATL,KPHL
10376,KLAS,KJFK
10377,EGPH,EGSS
10378,KSLC,KBOI
10379,VOBL,VIDP
10380,KDFW,MROC
10381,EDDB,EKCH
10382,KATL,KSDF
10383,EPWA,LIMC
10384,KSAN,KDFW
10385,IN46,KLAF
10386,KTYR,KDAL
10387,LFQQ,LFBD
10388,CYYZ,CYYC
10389,KEWR,KCMH
10390,KLAX,KPHX
10391,EIDW,EGLL
10392,VABB,VOBL
10393,KBUR,KDAL
10394,KDFW,KFAT
10395,ENZV,ENGM
10396,LIRF,LFLL
10397,KSEA,KSTL
10398,KLZU,4GA9
10399,KSAN,KOAK
10400,KMDW,KORF
10401,KMSP,KATL
10402,KSLC,KSJC
10403,KTPA,KMIA
10404,KMKE,KENW
10405,KBWI,KCMH
10406,KORD,KFLL
10407,SBCO,SBGR
10408,SBBR,SBGR
10409,LEMG,LPPT
10410,03OK,KRVS
10411,KRSW,KMDW
10412,KATL,KBUF
10413,KMIA,KHPN
10414,EPWA,LSGG
10415,LSZH,LOWW
10416,EGLL,LLSD
10417,KPHX,KSFO
10418,KDCA,KBOS
10419,KLAS,KSEA
10420,KATL,KSRQ
10421,LOWW,EDDM
10422,KAVQ,KFFZ
10423,KFMY,KAPF
10424,KDFW,KSLC
10425,KRVS,K2K9
10426,LFPG,LROP
10427,KLAX,KDTW
10428,EBMB,LPPT
10429,KPHL,KCLT
10430,LEMD,EGKR
10431,KORD,2MO1
10432,EDDK,LEPA
10433,KDEN,KTUL
10434,CYXE,CYYZ
10435,KTPA,KBUF
10436,KSEA,KSJC
10437,EIDW,EGPF
10438,KSDL,19AZ
10439,KDTW,KATL
10440,KIAD,KRDU
10441,KLAS,KDTW
10442,VIDP,VABB
10443,KATL,KORD
10444,KBOI,KSMF
10445,KBDR,KTEB
10446,KSLC,KSAN
10447,ESSA,LEPA
10448,LFPG,EGLL
10449,KLAX,KDCA
10450,LSZH,EGLL
10451,KDTW,KDAY
10452,KTEB,CYUL
10453,KSAN,KSFO
10454,KFRG,KFOK
10455,LIMC,LPPT
10456,KATL,2MO1
10457,KAVP,KORD
10458,KISP,KDXR
10459,EDLW,LYBT
10460,KPHL,KMCI
10461,KDTW,11NY
10462,KABQ,KMDW
10463,KFFZ,88AZ
10464,SBGR,SSJC
10465,UUEE,LKPR
10466,LEAL,EHEH
10467,LKPR,LEMG
10468,KLAX,KSEA
10469,KDAL,KHOU
10470,EGGW,EGPH
10471,KORL,KLAS
10472,KLAS,KORD
10473,KBWI,KMCI
10474,EGLL,LEMG
10475,RKSI,VHHH
10476,EGGD,EGNT
10477,EDDF,LSZH
10478,LSZH,LEPA
10479,KDEN,KDFW
10480,KLAX,KLAS
10481,KHWO,KFXE
10482,KH76,KRVS
10483,KDCA,KORD
10484,KISP,KDXR
10485,KVNY,KOAK
10486,EKRN,EKCH
10487,35OR,KSFO
10488,WMKK,VHHH
10489,KPDX,KSLC
10490,KSDL,KRYN
10491,KTEB,KMDW
10492,LEIB,LEPA
10493,KCOS,TS53
10494,VECC,VABB
10495,KRYY,KVPC
10496,LEMD,LIPE
10497,KHOU,KOMA
10498,KAPF,KHPN
10499,EHAM,LPPT
10500,KPHX,KLAX
10501,EDDM,EDDH
10502,LPPR,LSGG
10503,LHBP,LSGG
10504,KEWR,KFLL
10505,KLAX,PANC
10506,KCDW,4NY1
10507,LYBE,LSZM
10508,EGKK,LIML
10509,KBJC,KCOS
10510,KMIA,KEWR
10511,KMDW,KPHX
10512,LFPG,EDDM
10513,EGAA,EGSS
10514,KORD,KSNA
10515,KCLT,KATL
10516,KCLE,KDTW
10517,KTEB,KMIA
10518,KDCA,KHHR
10519,KDTW,KABE
10520,VABB,VIDP
10521,EDDL,LTFJ
10522,KLAS,KORD
10523,KSAN,KBWI
10524,KIAD,90VA
10525,KPTK,4MI0
10526,EHAM,LFPG
10527,KTPA,KPHL
10528,KLGA,KDEN
10529,SBRJ,SBVT
10530,KEWR,01FA
10531,LGAV,EHAM
10532,KMCI,KEWR
10533,KDAL,AL40
10534,KLAF,IG02
10535,KAPA,KRDU
10536,VIDP,VABB
10537,LEAL,LIRF
10538,CYYJ,CYVR
10539,UUEE,EHAM
10540,KFLL,CYYZ
10541,KPDX,KSEA
10542,LIBD,LIPE
10543,KEWR,KMSP
10544,KPHX,KLAS
10545,KORD,KDEN
10546,KMKC,KGPH
10547,EHAM,EGLL
10548,KDTW,KSYR
10549,KIAD,KMCI
10550,KISP,KHWV
10551,CYVR,KSEA
10552,KFAT,KSAN
10553,35OR,KSFO
10554,KMMU,KHVN
10555,KLGA,KDFW
10556,LFBO,LPPR
10557,ENUL,ENGM
10558,VOBL,VIDP
10559,KFFZ,KPAN
10560,KAPA,KLMO
10561,KSEA,KSFO
10562,CYYC,KPSP
10563,KCLT,KDAY
10564,UUEE,ULLI
10565,EGKK,EGJJ
10566,KPHX,KLAS
10567,KDEN,KORD
10568,KSMF,KSEA
10569,LSZH,EDDH
10570,8MA4,MA52
10571,EPWA,EBBR
10572,LPPT,EHAM
10573,VOMM,VIDP
10574,LSGG,LPPR
10575,ESSA,EDDF
10576,CYYZ,MROC
10577,KIND,KATL
10578,KLAX,KSLC
10579,KDTW,KIAD
10580,KSEA,KDFW
10581,KIAD,KLAX
10582,KSRQ,KTEB
10583,KDFW,CYYC
10584,KRVS,K2K9
10585,OTHH,LTFJ
10586,KDEN,KMDW
10587,SBGR,SBBR
10588,KEWR,01FA
10589,KSAN,KSTL
10590,KDVT,KFFZ
10591,KSEA,KGEG
10592,KTYS,KATL
10593,KBUR,KSLC
10594,KPHX,KTUS
10595,PAEN,PANC
10596,VOBL,VABB
10597,EHAM,LPPT
10598,KAPF,KHPN
10599,EDDL,OMDB
10600,KFLL,KEWR
10601,EPKK,EHEH
10602,KIAH,KSJC
10603,KLAX,KPDX
10604,EPWA,LFPG
10605,KECP,KSRQ
10606,KSEA,KSJC
10607,CYYZ,KRSW
10608,ZGSZ,ZUCK
10609,KLGB,KSLC
10610,LSZH,LEMG
10611,KMDW,KMIA
10612,KSUS,KAPA
10613,CYYZ,KFLL
10614,KPSP,KSFO
10615,KPIT,KDUJ
10616,KDXR,KISP
10617,ENGM,ENZV
10618,KAVQ,KFFZ
10619,EHAM,EKBI
10620,KSJC,KRIR
10621,KIWA,KE67
10622,OI34,7OA7
10623,LDZA,LSZH
10624,KPHL,EGNX
10625,KPHX,KABE
10626,KRDU,KATL
10627,KSVH,3NC0
10628,KATL,KDAY
10629,KDEN,KSFO
10630,KMMU,4NY1
10631,KGAI,KDMW
10632,KDTW,KMDT
10633,CYYZ,CYVR
10634,EGLL,EGPG
10635,KORD,KDTW
10636,KLOU,KJVY
10637,KSEA,KPHX
10638,KTYS,KTEB
10639,KBOI,KSEA
10640,KIAD,KLAS
10641,RPLL,RKSI
10642,KDAL,KATL
10643,VABB,VOBL
10644,KFFZ,KAVQ
10645,3NK5,8FA4
10646,VOBL,VOMM
10647,KDEN,KLAX
10648,49NY,KFRG
10649,EGPF,EGBB
10650,LSZH,EBBR
10651,KPWK,KAPF
10652,KABQ,KDAL
10653,KSLC,KORD
10654,KOPF,FA37
10655,EDDF,LIML
10656,LFPG,KJFK
10657,KMDW,KDAL
10658,EHAM,EDDB
10659,LIRF,LFPO
10660,KEWR,KMIA
10661,KDEN,KPDX
10662,SKBO,KFLL
10663,KSEA,KPHL
10664,EDDM,LIRF
10665,LEMD,LPPT
10666,OBBI,OMDB
10667,LEMG,EGGP
10668,KFLL,KPHL
10669,LFST,LFBO
10670,ENGM,ESSA
10671,LSZH,EDDV
10672,KSEA,KSNA
10673,KBWI,KFLL
10674,LIRA,LOWW
10675,EDDG,EDDM
10676,VIDP,OMAA
10677,KAUS,KDEN
10678,KPHL,KMSP
10679,KJFK,KBUF
10680,KPYM,KHYA
10681,KLAX,KEWR
10682,CYOW,CYYZ
10683,KLAX,KPDX
10684,EDME,LOWS
10685,KSLC,KJFK
10686,KHND,KSNA
10687,KSLC,KLAX
10688,KDTW,KEWR
10689,KMCI,KPHL
10690,EHAM,EDDH
10691,KSFO,KSAN
10692,KDEN,KATL
10693,KCMH,KCLT
10694,KHOU,KDCA
10695,KSEA,KBOS
10696,KLAS,KSFO
10697,LEMD,EBBR
10698,OERK,OEDF
10699,LFPO,LPPT
10700,EHAM,EDDV
10701,VOBL,VECC
10702,KPAN,KGEU
10703,LSZH,EDDL
10704,CYYZ,KMIA
10705,LFOB,LPPR
10706,KPIT,KATL
10707,KGSO,KCLT
10708,KOAK,KSNA
10709,KIAD,KSAN
10710,KDAL,KRSW
10711,KFDK,8MD0
10712,KPHX,KABQ
10713,LFPG,LFRS
10714,KCLT,NC03
10715,LEMD,LSZH
10716,KCMH,KATL
10717,KHOU,KDAL
10718,KACY,KRSW
10719,LSZM,LTFJ
10720,KTUS,KPHX
10721,4GA9,KPDK
10722,VIDP,VECC
10723,LFPO,LICJ
10724,EGLL,ENGM
10725,EDDF,LOWW
10726,KSLC,KLAS
10727,LIML,LIBD
10728,KSAN,KEWR
10729,EDDF,EDDM
10730,UUEE,EDDF
10731,KDEN,KSLC
10732,EBCI,EPMO
10733,EPWA,LOWW
10734,KATL,KBOS
10735,KPAN,KFFZ
10736,KDEN,KSEA
10737,KIAD,KBKL
10738,KMSP,KPHL
10739,SBRJ,SBSP
10740,KAUS,KADS
10741,KRSW,KCMH
10742,KHOU,KPHX
10743,CYYC,CYYJ
10744,YPPH,YMML
10745,KSLC,KFCM
10746,KOXR,KSJC
10747,KBWI,KALB
10748,KPHL,KORD
10749,KDEN,KBUR
10750,KPIE,KABE
10751,EHAM,EDDH
10752,EDDF,LEBL
10753,KVNC,KAPF
10754,LEAL,EHAM
10755,KLUK,2OA7
10756,WSSS,YPAD
10757,KSNA,KVNY
10758,KORD,KRSW
10759,EKCH,ENBR
10760,KGSO,KORD
10761,KSKA,KSEA
10762,KJVY,KLOU
10763,KBOS,KORD
10764,EDDL,LSZH
10765,SBGR,SSJC
10766,KFFC,64GA
10767,KIAD,KALB
10768,EHAM,ENZV
10769,KLAS,KEWR
10770,KCRQ,KLAS
10771,UUWW,ULLI
10772,VOMM,VOBL
10773,KORF,KORD
10774,KSEA,KBOI
10775,KMCI,KDEN
10776,LSZH,LTFJ
10777,KPHL,KSFO
10778,KIAD,KORD
10779,KORD,KDFW
10780,KPDX,KSEA
10781,KDAL,KSNA
10782,LIPZ,EDDF
10783,KLAS,KHHR
10784,LEMD,LIML
10785,KOAK,KAPC
10786,ESGG,ESSA
10787,UKKK,EETN
10788,KDEN,KSNA
10789,KSEA,KLAS
10790,KDTO,KLUD
10791,LFPO,LPPT
10792,KSNA,KMSP
10793,KSAN,KPAE
10794,VIDP,VECC
10795,KEWR,KRSW
10796,EKCH,EHAM
10797,KLGB,KOAK
10798,KPSP,KLAX
10799,KDEN,KBOI
10800,NC31,5NC3
10801,LIMC,LICP
10802,VIDP,VOBL
10803,KSLC,KVNY
10804,KSTL,KEWR
10805,KLAX,KATL
10806,EGPH,EGGD
10807,VOMM,VIDP
10808,KIAD,KEWR
10809,KATL,KBWI
10810,KMSP,KLGA
10811,KTEB,KHPN
10812,LSZH,LOWW
10813,KDEN,KOAK
10814,LFML,EBAW
10815,KTPA,KRDU
10816,KSNA,KPHX
10817,EGLL,EPWA
10818,KPHL,KISP
10819,LFBO,LFFI
10820,EPKK,EDDF
10821,KATL,KISM
10822,KLAX,KSFO
10823,GA77,KRYY
10824,KOPF,KPDK
10825,EHAM,EDDF
10826,KIAD,KSFO
10827,KDFW,KSEA
10828,KSNA,KSEA
10829,KIWA,KATW
10830,KPAE,KSAN
10831,KFLL,MROC
10832,LIRF,LMML
10833,LFPO,LFBO
10834,KDEN,KLAS
10835,KLAS,KSFO
10836,EPWA,EHAM
10837,KONT,KLAS
10838,KEZF,KRMN
10839,EGCC,EDDF
10840,KHSV,KDFW
10841,KPSP,KOAK
10842,LSZH,LEPA
10843,KSJC,KBUR
10844,EGPH,EDDF
10845,KIAD,KBUF
10846,KLEB,KBED
10847,KLGA,KSTL
10848,KSEA,KBOS
10849,KIAH,KSFO
10850,UUWW,UWWE
10851,KTUS,KLAX
10852,01VA,KJYO
10853,LFPG,LFBD
10854,KRDU,KJFK
10855,KHOU,KPHX
10856,KBUR,KSFO
10857,KATL,SC97
10858,KDTW,KISM
10859,TVSA,TBPB
10860,EGAC,EGPH
10861,KPHX,KSEA
10862,KBFI,KHHR
10863,8MA4,MA52
10864,KIAD,KRSW
10865,KPIT,KBOS
10866,KLAX,KORD
10867,KSJC,KSEA
10868,EGSS,ELLX
10869,KFOK,KHPN
10870,SBSP,SBBR
10871,KSNA,KSDL
10872,KORL,KMDW
10873,KSFO,KDFW
10874,KPHX,KLAS
10875,KFTG,KBJC
10876,KCRQ,KSNA
10877,KSWF,KHPN
10878,KSEA,KJFK
10879,LOWW,OTHH
10880,KATL,KBOS
10881,KSNA,KLAS
10882,LPPR,EGSS
10883,KDEN,KRIR
10884,KIAH,KSAN
10885,KLZU,67GA
10886,KDAL,KECP
10887,LPPT,EGLL
10888,VECC,VIDP
10889,KBUR,KSFO
10890,KSLC,KRIR
10891,KMIA,KDFW
10892,EDDF,LKPR
10893,KSJC,KDFW
10894,KSRQ,KORD
10895,KATL,KTYS
10896,LSZH,LPPT
10897,LSZH,LPPT
10898,LFBO,EHAM
10899,KOAK,KPDX
10900,KDTW,KRSW
10901,EGLL,EBBR
10902,KSFO,KATL
10903,GMMN,LTFJ
10904,KLAS,KDFW
10905,MROC,KEWR
10906,KTEB,KABE
10907,KBOS,KDTW
10908,OI34,7OA7
10909,EIDW,EDDM
10910,KATL,KRSW
10911,UUEE,LFPG
10912,KRSW,KMSP
10913,KORD,KSTL
10914,KRHV,KWVI
10915,KPDX,KSDF
10916,KDAL,KSEA
10917,SBSP,SBVT
10918,KSEA,KMCI
10919,KMCI,KDFW
10920,EGCC,LEMG
10921,KFFZ,KPAN
10922,KAPA,KVNY
10923,KFAT,KSLC
10924,LHBP,EHAM
10925,LEMD,EHAM
10926,VAJJ,VOBL
10927,LPPT,LPPR
10928,EPWA,EDDH
10929,KBWI,KMTN
10930,KDEN,KLAX
10931,KBOS,KSRQ
10932,KSEA,KPDX
10933,LSGG,LPPT
10934,VIDP,VOBL
10935,KIAD,KSDF
10936,LEIB,LEPA
10937,VOMM,OBBI
10938,KTPA,KPHX
10939,ENZV,ENVA
10940,KSNA,KDFW
10941,EHAM,ESSA
10942,KJVL,KPWK
10943,KORL,KPHX
10944,KSFO,KSEA
10945,KSDL,KFFZ
10946,LFML,LFBD
10947,KPDX,KSFO
10948,SPJC,KMIA
10949,KSAN,KSEA
10950,EKCH,ENZV
10951,ENVA,ENBO
10952,TVSA,TBPB
10953,KPHX,KSJC
10954,KSNA,KLAS
10955,LEPA,LEMD
10956,VOBL,VABB
10957,ENGM,EHAM
10958,KORD,KSAN
10959,KVNY,KLAX
10960,KSEA,KSFO
10961,KSTL,KDFW
10962,EGPH,LIME
10963,KAPA,KSDL
10964,KOMA,KSDL
10965,LOWW,EHAM
10966,KBED,MA55
10967,EPWA,EDDF
10968,KIAD,KATL
10969,KSMF,KLGB
10970,OI40,KI69
10971,KBWI,KATL
10972,KGVL,K9A1
10973,KMKE,KATL
10974,KSNA,KATL
10975,LFBO,LFPO
10976,EDDH,EDDS
10977,KPHX,KSAN
10978,KDTW,KPIT
10979,KIXD,SN59
10980,61VA,KJYO
10981,KBOS,KBKL
10982,KSRQ,KATL
10983,LROP,OTHH
10984,KLAX,KPHL
10985,KMSP,KBOS
10986,KCLE,KRSW
10987,KCHD,KAVQ
10988,KOAK,KBUR
10989,KSNA,KSLC
10990,KSEA,KATL
10991,KLOM,KSPG
10992,KLAX,KPHX
10993,FAOR,FACT
10994,5OI0,KMGY
10995,EPWA,LSZH
10996,EGBB,EGAC
10997,KSKA,KSEA
10998,KMCI,KDAL
10999,KATL,KSLC
11000,KMSP,KSFO
11001,KSFO,KMSP
11002,KVNY,KUDD
11003,LIBD,LIMC
11004,KSAT,KDAL
11005,KLAS,KSLC
11006,OMSJ,LTFJ
11007,K9A1,KPDK
11008,KPDX,KDFW
11009,KMMK,KSNC
11010,9GE7,KFTY
11011,KFDK,KLNS
11012,LIME,LPPR
11013,EGGD,LEMG
11014,KEWR,CYUL
11015,VOMM,VIDP
11016,KRSW,KBOS
11017,SBCO,SBSP
11018,KABQ,KAPA
11019,KPHX,KSNA
11020,KATL,KRSW
11021,VAJJ,VIDP
11022,KLAS,KRIR
11023,KBWI,KLNS
11024,LPPR,LEBL
11025,LFPG,LIRF
11026,EHAM,EGGD
11027,KTPA,KATL
11028,KCLT,KSDF
11029,KSDL,19AZ
11030,KIAH,KABQ
11031,EBMB,EIDW
11032,KPHL,KOAK
11033,LYBE,LFPG
11034,LSZH,EDDM
11035,KFDK,KLNS
11036,KORL,KHOU
11037,KBUF,KATL
11038,KFRG,2NK3
11039,KATL,KLGA
11040,KJFK,KSEA
11041,KSJC,KDAL
11042,EKCH,EGLL
11043,KVNY,KMYF
11044,LEZL,LFPO
11045,KSNA,KORD
11046,KATL,KSMF
11047,KIAD,KHSV
11048,KDTW,KRSW
11049,OTHH,VOMM
11050,KMIA,KORD
11051,KAUS,KORD
11052,KCMH,KPHX
11053,KSAN,KMSP
11054,EGSS,UKBB
11055,KDAL,KTYS
11056,KLUK,KFMY
11057,EIDW,EHAM
11058,KFMH,MA44
11059,LIMC,EHAM
11060,KDEN,KPHX
11061,KSEA,KRDU
11062,KSNA,KSBP
11063,KSTL,KATL
11064,KLGA,KORD
11065,EHAM,EDDL
11066,EDDF,UUEE
11067,KIAH,KSNA
11068,KMSP,CYYC
11069,KATL,KPHL
11070,VOBL,VIDP
11071,KIAD,KPHX
11072,KFMY,KMKY
11073,KORD,KPHX
11074,KSJC,KSTL
11075,KCLT,KRDU
11076,KIAD,KROC
11077,CYYZ,KFLL
11078,KRSW,KATL
11079,K2K9,KRVS
11080,KBOI,KORD
11081,KLAS,KDAL
11082,KPHX,KBNA
11083,KATL,KMSP
11084,EPWA,EDDL
11085,KSEA,KATL
11086,ENVA,ENGM
11087,CYVR,CYYJ
11088,KTYR,KDFW
11089,8MA4,MA52
11090,KFLL,KDFW
11091,KDAL,KFTW
11092,KSJC,KSAN
11093,ESSB,ESTA
11094,4NC7,KRDU
11095,KIAD,CYUL
11096,KOAK,KABQ
11097,KAUS,KMDW
11098,VOMM,VABB
11099,KFRG,KDXR
11100,KEWR,KRDU
11101,KSAN,KSMF
11102,KATL,KMDW
11103,LTFJ,OTHH
11104,KPHX,KOAK
11105,KLGA,KMIA
11106,LFQQ,LFBD
11107,KSMF,KDFW
11108,KTEB,KOPF
11109,EPGD,EPKK
11110,EGCC,LPFR
11111,KSNA,KSFO
11112,KMSN,KORD
11113,KHOU,KHPN
11114,KMIA,KATL
11115,EPWA,ENGM
11116,KAUS,KPHX
11117,KDTW,KATL
11118,EGLL,KPHL
11119,VOBL,VECC
11120,KJFK,KMCO
11121,KTPA,KBKL
11122,LIPE,EHAM
11123,KBUR,KOAK
11124,KRSW,KBOS
11125,EGGD,LEMD
11126,KORF,KBWI
11127,CYVR,CYYC
11128,KATL,KIAD
11129,KBOS,KSAN
11130,KCVG,KIAD
11131,SBGR,SBGL
11132,LIBD,LIME
11133,KLAX,MROC
11134,KPDK,6GA0
11135,KATL,KPDK
11136,EFHK,EVRA
11137,KPVU,KIWA
11138,KMSP,KATL
11139,KRDU,KATL
11140,ESSA,LEMG
11141,KBOS,KMSS
11142,EBCI,LKPR
11143,KIAD,KPHL
11144,KMDQ,AL16
11145,LIPQ,EGSS
11146,LEMD,EDDB
11147,EPWA,ESSA
11148,KLAS,KSNA
11149,UUEE,ULLI
11150,ENVA,ENNM
11151,KAUN,KO69
11152,KIAH,KLAS
11153,KFRG,49NY
11154,LYBE,EHAM
11155,LIMC,LFPG
11156,KBWI,KDFW
11157,KIAD,KDEN
11158,LIPE,EDDK
11159,KSEA,KBUR
11160,EGGD,LPFR
11161,FL17,K54J
11162,KSNA,KPHX
11163,KCLT,KPHX
11164,KSFO,KLAS
11165,ULLI,EGGW
11166,EDDF,LLBG
11167,ZGSZ,ZUCK
11168,KBOS,KLAX
11169,RPLL,RKSI
11170,CYYZ,KRSW
11171,KLAX,KSFO
11172,KBJC,KBDU
11173,EPWA,EDDS
11174,ENGM,ENVA
11175,KMSP,KDTW
11176,KIAH,KLAX
11177,KIAD,KMDT
11178,KDEN,KRSW
11179,CT20,5CT7
11180,EGAA,EGGD
11181,ENBO,ENVA
11182,KSEA,KPDX
11183,KPHX,KSJC
11184,KORF,KORD
11185,KIAD,KCLT
11186,EGPH,EGAA
11187,VT25,KORD
11188,KTEB,KOAK
11189,KSTL,KFLL
11190,LFPO,LPPR
11191,EKCH,LTBW
11192,LSZH,LEPA
11193,LSZM,LPPR
11194,KBOS,MA55
11195,KBUR,KOAK
11196,KLGA,KFLL
11197,KORL,KMSP
11198,KPHX,KMDW
11199,KORD,KRSW
11200,KCLT,KRSW
11201,KLAX,KSLC
11202,SBGR,SSJC
11203,KCLT,KMSP
11204,KRSW,KPHL
11205,LPPR,LFPO
11206,LPPT,EBCI
11207,KIAD,KDTW
11208,KSNA,KPDX
11209,EHAM,LEMD
11210,VOBL,VIDP
11211,KBOS,KORD
11212,KATL,KABE
11213,KEWR,CYYZ
11214,KSEA,KIAD
11215,KJYO,61VA
11216,KPHX,KSMF
11217,KADS,KGLE
11218,KMSP,KSTL
11219,KIND,KDEN
11220,KCLE,KSTL
11221,KLAX,KDCA
11222,8MD0,KDMW
11223,KCLT,KHHR
11224,KIAD,KLGA
11225,LSZH,LPPR
11226,KDFW,CYYZ
11227,EPWA,EDDM
11228,ZGSZ,ZUCK
11229,KTPA,4FL9
11230,KMMU,KMIA
11231,LIRF,LIBR
11232,KMIA,FD37
11233,KPDX,KBOI
11234,KLAS,KMSP
11235,ENUL,ENJB
11236,KOPF,KFRG
11237,KCLT,KTYS
11238,KSMF,KSAN
11239,KCLT,KHPN
11240,KLAX,KSTL
11241,KTEB,KOPF
11242,KSEA,KLAX
11243,PANC,KMIA
11244,KFLL,KBOS
11245,KDTW,KLAX
11246,KAEG,NM74
11247,KORL,KDFW
11248,EHAM,LFPG
11249,KBWI,KBUF
11250,KDFW,KTUS
11251,KGAI,KFDK
11252,SPJC,KATL
11253,KAUS,KLAS
11254,KPHX,KSLC
11255,KIAD,KDAY
11256,CYVR,CYXE
11257,CYYZ,CYUL
11258,RCTP,VHHH
11259,8PN9,KW05
11260,KCLT,KJFK
11261,KSFO,KSMF
11262,VOBL,VECC
11263,KLAX,CYYZ
11264,KCOS,KDEN
11265,KDEN,KSTL
11266,KSEA,KDCA
11267,KRSW,KORD
11268,KATL,KSAT
11269,KAPA,KLMO
11270,EHAM,EGNM
11271,KPHX,KSTS
11272,EIDW,LPPT
11273,KTUL,OK37
11274,KGAI,KLNS
11275,LTBA,UAAA
11276,OERK,OEDF
11277,KBID,KUUU
11278,KCMH,KLGA
11279,FAOR,FACT
11280,KFLL,SKBO
11281,KABQ,KPHX
11282,KSAN,KMCI
11283,KSEA,KRIR
11284,KCLT,4VA1
11285,KORD,KPSP
11286,KBOS,KCLT
11287,KMYF,KTRM
11288,KATL,KSAN
11289,KDTW,KPHX
11290,PANC,KMIA
11291,LFLB,LFPB
11292,LFRS,LFBO
11293,KPHX,KBOI
11294,KCRP,KDFW
11295,KBFI,KPAE
11296,ESSA,EHAM
11297,CYUL,CYVR
11298,KLAS,KBUR
11299,KATL,KEWR
11300,KLAX,KSMF
11301,KSKA,KSEA
11302,LDZA,EBBR
11303,LEMD,LFPO
11304,KDEN,KMSP
11305,KSFO,KLAX
11306,KDEN,KSMF
11307,KFLL,KORD
11308,KMCI,KLAS
11309,EGKK,EHAM
11310,KFRG,KBDR
11311,KFLL,SC78
11312,KORL,KORD
11313,KMKC,KLXT
11314,KMIA,KLGA
11315,KCRQ,KF70
11316,KIND,KATL
11317,KFFZ,KPAN
11318,KDFW,KTYS
11319,KATL,KDCA
11320,ULMM,UUEE
11321,EHAM,ELLX
11322,LEMD,EHAM
11323,KIAD,KSYR
11324,KFFZ,KPAN
11325,KSYR,KORD
11326,KLAX,KSAN
11327,KPDX,KSEA
11328,KCLT,KPHL
11329,KPRC,KSDL
11330,KSFO,KVNY
11331,KCLT,KBUF
11332,KSFO,CYVR
11333,KORD,KMIA
11334,LDZA,EHAM
11335,KIXD,KAPA
11336,KATL,KDEN
11337,LKPR,EHAM
11338,NK79,KCDW
11339,KSFO,KPSP
11340,KDCA,KLGA
11341,LEMG,LFPG
11342,KSDL,KFTY
11343,KBWI,KALB
11344,KEWR,KBOS
11345,EFHK,LTBW
11346,VABB,VIDP
11347,EPWA,EKCH
11348,KIAD,KTYS
11349,ZGSZ,ZUCK
11350,LIPZ,LFPO
11351,KSAN,KDFW
11352,KATL,TXKF
11353,KLAS,KHOU
11354,KTEX,KSDL
11355,KATL,KPHX
11356,LOWW,EHAM
11357,KDEN,KTUS
11358,KSJC,KIWA
11359,LIPX,LICJ
11360,KPHX,KLAX
11361,NK79,KCDW
11362,KIAD,KORD
11363,KFAT,KSFO
11364,KLAX,KLAS
11365,KORD,CYYZ
11366,KSTS,KSEA
11367,WSSS,YMML
11368,ESSA,ESTA
11369,KCLT,KSTL
11370,KBTV,CYUL
11371,KSEA,KBWI
11372,KLAS,KATL
11373,KMSP,KSMF
11374,KCLE,KDFW
11375,KEWR,KFLL
11376,KMIA,KMSP
11377,LOWW,LSGG
11378,EFHK,EHAM
11379,KATL,KDEN
11380,34MI,KORD
11381,KRSW,KLGA
11382,KSTL,KBNA
11383,EPWA,LFPG
11384,9GE7,KPDK
11385,KMCI,KDTW
11386,KEWR,KBOS
11387,LEMD,LEPA
11388,KAUS,KHOU
11389,KDFW,KPHL
11390,KCGZ,KFFZ
11391,KMSP,KMSN
11392,LFML,LFPO
11393,KPHX,KRIR
11394,LFOB,LEMD
11395,KDFW,KMSP
11396,KPHL,KRSW
11397,CYYZ,KRSW
11398,KSGF,KDFW
11399,KSUS,KAPF
11400,OI34,KI69
11401,KIAD,KBOS
11402,VIDP,OMDB
11403,KSNA,KCRQ
11404,ENBR,ENZV
11405,KU42,KU77
11406,TVSC,TBPB
11407,LEPA,LEBL
11408,KPDK,KFFC
11409,EGPH,EIDW
11410,KLAX,KBWI
11411,LFML,LFQQ
11412,KABQ,KPHX
11413,LPPT,ELLX
11414,LEPA,LEMD
11415,VIDP,VOMM
11416,EPWA,EPKK
11417,LIME,LPPT
11418,LEMG,LEBL
11419,LSGG,LEMG
11420,88PA,KDFW
11421,42VT,KPHL
11422,KMKE,KDFW
11423,KBWI,KORD
11424,EGHQ,EGHC
11425,KPHL,KDTW
11426,KSFO,KORD
11427,KSFO,KPHX
11428,24FL,KDTS
11429,KLUK,2OA7
11430,KJFK,KBOS
11431,KATL,KMIA
11432,KEWR,KATL
11433,LYBE,EDDF
11434,ESSA,EKCH
11435,KPHX,KABQ
11436,KTPA,KBOS
11437,KDFW,KBWI
11438,KORD,KATL
11439,KBWI,KMIA
11440,KSEA,KOMA
11441,KBUR,KSMF
11442,SBSP,SBRJ
11443,KRSW,KHPN
11444,KTEB,KRDU
11445,KMIA,KJFK
11446,KBDR,KHWV
11447,PANC,KORD
11448,KSNA,KSFO
11449,KLAX,KJFK
11450,CYVR,CYCD
11451,KSFO,KFLL
11452,KATL,KLAX
11453,KSFO,KRIR
11454,UUWW,UUYY
11455,LIRF,EHAM
11456,ENGM,ENHD
11457,LIML,LFPG
11458,KHOU,KDEN
11459,KPDX,KABQ
11460,KTEB,KBED
11461,KDFW,KM99
11462,CYVR,CYYZ
11463,KCLT,KVPS
11464,KTEB,KHOU
11465,KMSP,KSNA
11466,KBED,KOPF
11467,KATL,KEWR
11468,KSAT,KHOU
11469,KSTL,KMSP
11470,EGKK,LPPT
11471,KSUS,KAPA
11472,KPHL,KORD
11473,KATL,KPHX
11474,KPHX,9CA0
11475,KSAN,KMDW
11476,EGGP,LEBL
11477,KIND,KMSP
11478,LPPT,LEMD
11479,KHPN,KTEB
11480,VABB,OMDB
11481,KORD,KDTW
11482,KATL,KDTW
11483,ENGM,ENHD
11484,KYIP,KPTK
11485,LPFR,EGBB
11486,LEMD,LEBL
11487,KATL,KFLL
11488,LOWW,EDDL
11489,KBUF,KDTW
11490,KLGA,CYYZ
11491,EGPF,EGGD
11492,88PA,KORD
11493,KLAX,KOAK
11494,KDFW,KSBA
11495,KIAD,KATL
11496,SBKP,SSJC
11497,LSZM,LHBP
11498,KBOS,KBWI
11499,ENZV,ENGM
11500,ESSA,EETN
11501,SKBO,KMIA
11502,KMSP,KGRB
11503,KOAK,KRIR
11504,KAPF,KLUK
11505,KBWI,KBOS
11506,KBOI,KPDX
11507,KDTW,KPHL
11508,KPIT,KPHL
11509,KFLL,KPTK
11510,KMSP,KPSP
11511,KSTL,MO11
11512,LFBO,LFPO
11513,LPPR,ELLX
11514,KAUS,KHOU
11515,SBRJ,SBSP
11516,KRSW,KORD
11517,KATL,KRDU
11518,KLAX,KSMF
11519,KSAN,KHOU
11520,KCLT,KECP
11521,KDFW,KATL
11522,KLAX,KDFW
11523,LOWW,ESSA
11524,KPHX,KSAN
11525,KSFO,KSAN
11526,KCLT,KMDW
11527,LEIB,LEZL
11528,KPHL,KATL
11529,KSJC,KSNA
11530,EPWA,EKCH
11531,KBWI,KLAS
11532,KONT,KDFW
11533,KIAH,KDFW
11534,EDDM,EDDL
11535,KMKE,KMSP
11536,KPHX,KLAS
11537,KBUR,KDFW
11538,KOAK,KBOI
11539,LOWW,LFPG
11540,KCLT,KSAN
11541,KSFO,KLAS
11542,KATL,2IL3
11543,KFAT,KLAX
11544,KDVT,23AZ
11545,EPKK,EIDW
11546,KGVT,KADS
11547,LEMG,LIRF
11548,KMCI,KPGD
11549,KSNA,KSJC
11550,KORF,KPHL
11551,KPHX,KPSP
11552,KPHL,KFLL
11553,KSTL,KDTW
11554,KJFK,KFLL
11555,LPFR,EGMC
11556,KHPN,KOPF
11557,KAVQ,KFFZ
11558,KCLT,KMCO
11559,KIAD,KORF
11560,KFLL,KHWO
11561,LFPO,LEPA
11562,PANC,6AK3
11563,KDFW,KDEN
11564,KATL,KMCI
11565,KLGA,KORD
11566,KDEN,KATL
11567,OTHH,VOBL
11568,KDFW,KORD
11569,KSNA,KCNO
11570,LEAL,EGGD
11571,KDTW,KPHL
11572,LFML,EGKR
11573,LKPR,EBBR
11574,UAII,UAAA
11575,KRDU,KBOS
11576,KFTW,KAPA
11577,KSFO,KLAX
11578,KORD,KDTW
11579,LIRF,GMMN
11580,KSEA,KFLL
11581,CYVR,CYUL
11582,KPHF,KCLT
11583,KMSP,KSAT
11584,KFFZ,KAVQ
11585,EVRA,EKCH
11586,KSTL,KPHL
11587,KISP,KBWI
11588,WSSS,OMDB
11589,KPHX,KPDX
11590,CYYC,CYYJ
11591,KCMH,KDFW
11592,KOAK,KBNA
11593,KCLT,KDTW
11594,EPWA,EGGW
11595,KSEA,KOAK
11596,KORL,KBOS
11597,KLGA,KATL
11598,KSNA,KSJC
11599,K2K9,KRVS
11600,KABQ,KAPA
11601,KSTL,KHOU
11602,KVNY,KOAK
11603,LDZA,EDDF
11604,VOMM,VECC
11605,KSAN,KHHR
11606,EKYT,EKCH
11607,KPIE,FD96
11608,KMMU,4NJ8
11609,LOWW,EGLL
11610,KCLE,KATL
11611,EGCC,EGLL
11612,NJ81,KPHL
11613,KBOS,KHPN
11614,EGSS,LEBL
11615,ULLI,UUWW
11616,KDFW,KRIR
11617,0GA4,KLZU
11618,KORD,KCMH
11619,KPHX,KLAS
11620,KMSP,KMDW
11621,KAPA,KTEX
11622,KSJC,KBNA
11623,KBOI,KSEA
11624,28XS,KDAL
11625,KGSO,KIAD
11626,KDCA,KORD
11627,KCMA,KSBA
11628,KAUS,KHOU
11629,ENBO,ENGM
11630,KOAK,KLGB
11631,KLGA,KMIA
11632,KJYO,KOKV
11633,KMIA,KBWI
11634,LOWW,EBBR
11635,KORD,KMSP
11636,KBOS,KMMU
11637,KPDK,KLZU
11638,KSFO,KMFR
11639,KPHX,KSMF
11640,LSZH,EHAM
11641,KRDU,9NC0
11642,KMCI,KMSP
11643,KORF,KCLT
11644,KSJC,KPHX
11645,93OK,KRVS
11646,LIRF,LICP
11647,KIAH,KSLC
11648,CYYC,CAM3
11649,KSNA,KSLC
11650,KJFK,PANC
11651,KSTL,KMCI
11652,KPAN,KDVT
11653,KISP,KHWV
11654,KVNY,KLAS
11655,KMSP,KTOB
11656,ESSA,EBBR
11657,UUWW,ULLI
11658,EKCH,EETN
11659,KPHX,KLGB
11660,LPPR,LEMD
11661,KATL,KHOU
11662,LFPO,LIMC
11663,KIAH,KDFW
11664,KCLT,KDFW
11665,KTPA,KPHL
11666,KSLC,KSAN
11667,KDAL,KTUL
11668,KRSW,KBOS
11669,EGPD,ENBR
11670,KDEN,KDFW
11671,KCLT,KORD
11672,LOWW,EDDH
11673,LKPR,EKCH
11674,6GA0,KPDK
11675,KLGA,KCLT
11676,EGSS,LICJ
11677,ENBR,ENZV
11678,KARR,IL38
11679,KCMH,KLUK
11680,KEWR,KMIA
11681,LSZH,EDDF
11682,KBOS,KRDU
11683,KSRQ,KDCA
11684,EDDP,UUDD
11685,KPHX,KSNA
11686,KMCI,KLAX
11687,LEZL,LPPT
11688,KCLT,KFLL
11689,KATW,KMSP
11690,EDDB,LSZM
11691,LOWW,EDDF
11692,KDTW,KEWR
11693,KTEB,KOPF
11694,KLAX,KMDW
11695,EGCC,EGAC
11696,KDAL,KLGA
11697,KPDX,KSMF
11698,KFTW,KAPA
11699,KPHX,KPDX
11700,KDFW,KHSV
11701,OTHH,WMKK
11702,CYUL,VT52
11703,KORD,KSTL
11704,LFPO,LFRJ
11705,KDFW,KMCI
11706,LOWW,LSZH
11707,CYYC,CYHM
11708,61VA,KJYO
11709,VHHH,VIDP
11710,KBJC,KFNL
11711,KSEA,CYVR
11712,KTHV,KFDK
11713,KDVT,2AZ1
11714,ULLI,UUWW
11715,KLAX,KIAD
11716,KMIA,KPHL
11717,KORD,KMSN
11718,KCLE,KEWR
11719,KSJC,KHIO
11720,59IL,KDPA
11721,KCLT,KDCA
11722,KDEN,KBOS
11723,LFPG,EGCC
11724,KBOS,KMCO
11725,KCMH,KDEN
11726,KTUL,KORD
11727,KDCA,KATL
11728,EDDF,ESSA
11729,KDEN,KABQ
11730,CYYZ,KPHL
11731,KMSP,KDCA
11732,KHOU,KTYS
11733,KSDF,KPHL
11734,LEIB,LEBL
11735,KSTL,KORD
11736,KTEB,KMTN
11737,LFBD,LSZM
11738,KPHL,KOPF
11739,ULLI,UUEE
11740,LFOB,LIME
11741,KLAX,KMSP
11742,KIAD,KCMH
11743,KMCI,KORD
11744,EGPF,EGKK
11745,KORD,KPHL
11746,KDTW,KISM
11747,KOMA,KORD
11748,LHBP,LFOB
11749,K61B,K1G4
11750,KSAN,KIAD
11751,KAUS,KDFW
11752,KMIA,FD37
11753,SBKP,SBRJ
11754,KPHX,KPSP
11755,KCMH,KDTW
11756,KLAS,KBUR
11757,LEZL,LEMD
11758,KCLT,KSFO
11759,KLXT,KMKC
11760,CYOW,CYUL
11761,KSTL,KDEN
11762,K61B,KU30
11763,KATL,KDCA
11764,LIME,LEMD
11765,TLPL,KJFK
11766,KBOS,KBUF
11767,KLAX,KLAS
11768,KLAX,KSJC
11769,LFBD,GMMN
11770,LSGG,ELLX
11771,KMMU,KPDK
11772,KDFW,KMSN
11773,KFTG,KFLL
11774,KSAN,KBNA
11775,OTHH,VOBL
11776,LEMD,LPPT
11777,KCLT,KMCI
11778,KRVS,KDAL
11779,KPDX,KLAS
11780,KCMH,KMSP
11781,KCLT,KBOS
11782,KFLL,KIAD
11783,KTEB,KBED
11784,LOWW,LIMC
11785,KSTL,KOMA
11786,KMKE,KLAS
11787,KSRQ,KEWR
11788,VABB,OMDB
11789,KPHX,KSBA
11790,LEPA,LSGG
11791,KFRG,KDXR
11792,KORD,KPHX
11793,EIDW,EGBB
11794,KSMO,KTVL
11795,KSFO,KSLC
11796,KPDK,0GA4
11797,KATW,KORD
11798,KDFW,KSJC
11799,KPIT,KFLL
11800,KDAY,KDTW
11801,KTUL,KDFW
11802,KPAE,KSNA
11803,69MI,KDTW
11804,KPHX,KSEA
11805,KECP,KHOU
11806,CYYC,CYUL
11807,KEWR,KORD
11808,KSTL,KDAL
11809,KPHX,KOMA
11810,KATL,KLAS
11811,KFLL,KLGA
11812,KFRG,KBDR
11813,KSEA,KORD
11814,CYVR,KPHX
11815,KMVY,KBED
11816,KPHL,KSTL
11817,KDEN,KDTW
11818,ENBR,ENGM
11819,KLAX,KEWR
11820,KPHX,KBUR
11821,KLAS,KCLT
11822,RKSI,VHHH
11823,LMML,EBCI
11824,KBWI,KRSW
11825,KMSP,KDFW
11826,EGSS,LEMG
11827,KDUJ,KBWI
11828,ENGM,ENBO
11829,EDDM,EHAM
11830,KGRR,KPHL
11831,K61B,KU30
11832,LSGG,LEMD
11833,CYYZ,CYVR
11834,KCLT,KCMH
11835,EDDV,EDDM
11836,KPIT,CYUL
11837,KDAL,KSDF
11838,KSNA,KVNY
11839,KBWI,KPVD
11840,LEMD,LFPO
11841,KCLT,KEWR
11842,OBBI,OTBH
11843,KLVK,KSAC
11844,KDEN,KMSP
11845,KORE,MA52
11846,KJNX,KIGX
11847,KOAK,KSJC
11848,KMSP,KATW
11849,KDEN,KSAT
11850,ESSA,EDDB
11851,KCRQ,KSNA
11852,KLEB,KHPN
11853,KMIA,MROC
11854,ENBR,ENZV
11855,EBMB,LTBW
11856,CYYZ,CYYC
11857,KJFK,KMVY
11858,KPAN,KCHD
11859,KLGA,KMDW
11860,KPHX,KLGB
11861,KBWI,KISP
11862,EGAA,EGCC
11863,KCMH,KPHL
11864,KSDL,19AZ
11865,KMMU,KTEB
11866,KMSP,KORD
11867,KDFW,KSAN
11868,KSAN,KSEA
11869,EDDF,LDZA
11870,KMSP,KSEA
11871,CYVR,CYYZ
11872,KSEA,KPDX
11873,KCRQ,KSDL
11874,EDDH,LFPG
11875,KDEN,KPHL
11876,KPDX,KSJC
11877,KDAY,KPHL
11878,LSGG,EGLL
11879,KFMY,KAPF
11880,KLAS,KPHX
11881,LOWW,EKCH
11882,KOAK,KBUR
11883,KCLT,17NC
11884,KTPA,KJFK
11885,NZWN,NZPN
11886,KSFO,KDFW
11887,KORD,KBOS
11888,LFBO,LFPO
11889,49OH,KMDW
11890,CYVR,CYYJ
11891,KPTK,KD95
11892,KBWI,KROC
11893,KDEN,KDFW
11894,KSTL,KTUL
11895,UKBB,EPWA
11896,KPHX,KMKE
11897,KMSP,KMCI
11898,LEMD,LIRA
11899,KLAX,KPHL
11900,LIRF,EVRA
11901,KMIA,KBWI
11902,KOAK,KSNA
11903,EGKK,EGPH
11904,KSNA,KAPA
11905,KCMH,KHPN
11906,KLAS,KDFW
11907,KIND,KDTW
11908,KPHX,KFLL
11909,LFBO,LEMD
11910,KN51,KTTN
11911,PANC,KSEA
11912,KDEN,KBNA
11913,KSFO,KLAX
11914,CA54,KHWD
11915,KORD,KPIT
11916,KPHX,KCMH
11917,KDTW,KFLL
11918,KSFO,KDFW
11919,KFNT,KORD
11920,KCLT,KPVD
11921,CYUL,CYYZ
11922,KORD,KBUF
11923,ENGM,LFPG
11924,KDFW,KPHX
11925,KDEN,KTEX
11926,KMIA,KATL
11927,KLAS,KOAK
11928,KSJC,KHOU
11929,KMSP,KLAS
11930,EDDK,LTBW
11931,KDFW,KFLL
11932,UKBB,UMMS
11933,KPHX,KSFO
11934,KLAX,KPHX
11935,KOXR,KCRQ
11936,EGJJ,EGKK
11937,EGPF,EIDW
11938,KMKE,KMKC
11939,KDEN,KORD
11940,KFXE,KSRQ
11941,KCLT,KMIA
11942,KRSW,KBOS
11943,LEIB,LEMD
11944,KROC,KDTW
11945,KSDL,19AZ
11946,EPRZ,EPWA
11947,KPIE,KTOL
11948,KDFW,KSFO
11949,VOBL,VOMM
11950,KATL,KHOU
11951,KOAK,KPSP
11952,LSGG,UUEE
11953,KTUS,KDMA
11954,ULLI,UUEE
11955,KPDX,KSNA
11956,KDFW,KORF
11957,KUES,KAPF
11958,KIWA,KMZJ
11959,KMIV,K0W3
11960,KMQS,JY04
11961,TXKF,KJFK
11962,KMDW,KDAL
11963,KATL,KECP
11964,KORD,IN93
11965,KPHX,KSFO
11966,KMDT,KPHL
11967,LPPT,LSZH
11968,KCLT,KMDT
11969,KOMA,KMDW
11970,KJFK,KMIA
11971,EGJJ,EGGP
11972,KSEA,KIAD
11973,EIDW,EDDF
11974,KPTK,KOPF
11975,KPHX,KPSP
11976,EPGD,EHAM
11977,VABB,WSSS
11978,KATL,KSEA
11979,VECC,VIDP
11980,LIMC,EHAM
11981,KDFW,KLAX
11982,KPDX,KSEA
11983,KSAT,KATL
11984,KCLT,KORF
11985,KDEN,KRDU
11986,KORD,KEWR
11987,EHAM,LOWW
11988,CYOW,CYYZ
11989,KFLL,KDCA
11990,KLAS,KISM
11991,KSRQ,KX14
11992,KORF,KEWR
11993,KDAL,KLAX
11994,KPOU,KHPN
11995,KIND,KORD
11996,KPWK,KAPF
11997,ENZV,ENGM
11998,KLAX,KSFO
11999,ELLX,LEMD
12000,EDDM,LIRF
12001,KBOS,KDFW
12002,KCLT,KSEA
12003,KAPF,KVNC
12004,KORD,KPHL
12005,KORD,KMSP
12006,KORL,KJFK
12007,KDEN,KMDW
12008,KMCI,KMDW
12009,KDFW,KLAS
12010,KAPA,CO38
12011,KDEN,KRIR
12012,EGSS,EGAA
12013,KSNA,KOAK
12014,EIDW,EVRA
12015,LFPO,LFBO
12016,KMSP,KSAN
12017,KCLT,KTUL
12018,LIML,EBBR
12019,EGBB,EGPH
12020,LFML,EGLL
12021,KIAD,KFLL
12022,LEMH,LEPA
12023,KMIA,KRDU
12024,KDEN,KATL
12025,NZNV,NZCH
12026,CYYC,CYYZ
12027,ESSA,EGLL
12028,KRDU,4NC7
12029,KONT,KATL
12030,LFRN,LFBO
12031,KBVI,KUCP
12032,ULLI,UUWW
12033,KSTL,KPPQ
12034,KPSP,KSFO
12035,KTEB,KPDK
12036,K2IS,FA37
12037,VIDP,VOBL
12038,KRBD,K68F
12039,KOZW,8MI9
12040,KHPN,KMIA
12041,KDFW,KTUL
12042,KSTL,KRSW
12043,EPWA,LIME
12044,KDAL,KSTL
12045,KFRG,KCDW
12046,KPDK,NC16
12047,KCMH,KMDW
12048,CYYZ,KDTW
12049,KDEN,KLGA
12050,KMSP,KPHX
12051,KPDX,KSTL
12052,KORD,KJFK
12053,KPDK,KVPC
12054,EGPE,EGGD
12055,NZCH,NZAA
12056,KDFW,KATL
12057,EIDW,LEBL
12058,KISP,KTEB
12059,KVPZ,IN61
12060,KMDW,KAPF
12061,KORD,KDFW
12062,EDDH,EDDM
12063,KJFK,KLAX
12064,LIML,LICJ
12065,KTEB,KOPF
12066,KAPN,KDTW
12067,EGAA,EGGP
12068,KGYR,AZ05
12069,KDEN,KIAD
12070,KFLL,KJFK
12071,CYUL,KPHL
12072,KRZT,KCYO
12073,KSEA,KDTW
12074,KBWI,KCLT
12075,FAOR,FACT
12076,EGLL,LFPG
12077,KORD,KSTL
12078,KDFW,KABQ
12079,KECP,KPDK
12080,EPWA,EPSC
12081,OMAA,VABB
12082,EBMB,LIMC
12083,KMSP,KPDX
12084,EDDH,EDDF
12085,KSFO,KBUR
12086,KDVT,KGEU
12087,LFBO,LFPG
12088,EGCC,LEMG
12089,VIDP,VOMM
12090,KRDU,KFLL
12091,KWHP,KCMA
12092,KPHL,KDEN
12093,LSZM,EHAM
12094,KDTS,KNPA
12095,KDFW,TX03
12096,KSFO,KEWR
12097,KEWR,KSFO
12098,KDEN,KMSN
12099,KMSN,KMSP
12100,EDDF,LTBW
12101,K61B,KSNA
12102,EKCH,EKYT
12103,VOBL,VECC
12104,K61B,K1G4
12105,CYYC,CYKF
12106,KDEN,KDCA
12107,LHBP,LPPT
12108,KLGB,KLAS
12109,KSUS,KAPA
12110,KATL,KDEN
12111,LEIB,EHAM
12112,KDEN,KLAX
12113,VABB,VOMM
12114,EDDM,EDDF
12115,KLAX,KMSP
12116,SBSP,SBRJ
12117,KDEN,KLNK
12118,KSAT,KPHX
12119,KPGD,KFMY
12120,KFLL,KMDW
12121,LPPT,EDDK
12122,KTPA,KJFK
12123,KE25,KDVT
12124,KAPA,25CD
12125,KAUS,KSLC
12126,KCMH,KEWR
12127,KPHL,KCMH
12128,KPHX,KRIR
12129,KDEN,KSTL
12130,FAOR,FACT
12131,KPDX,KDFW
12132,K4N1,KCDW
12133,KRDU,KBWI
12134,KEWR,KSRQ
12135,CYYC,KPSP
12136,KPDK,KECP
12137,KDFW,KBNA
12138,EHAM,EDDF
12139,KDFW,KSEA
12140,KMSP,KRSW
12141,YSCB,YSSY
12142,KIAD,KMIA
12143,KSAN,KPHX
12144,KDAL,KECP
12145,KSAT,KSFO
12146,EDDS,EDDW
12147,LSZH,LTBW
12148,KRSW,KJFK
12149,OMDB,VABB
12150,CYYC,CYYZ
12151,KPHL,KCLT
12152,KDEN,KEWR
12153,KMDW,KMSP
12154,ZGSZ,ZUCK
12155,KPAN,KFFZ
12156,KSFO,KIAD
12157,KJFK,KLAX
12158,KLNS,KGAI
12159,KUAO,67OR
12160,VIDP,VHHH
12161,KCLT,KATL
12162,LFBO,LFQQ
12163,KORD,KROC
12164,EDDB,LFPG
12165,CYYJ,CYVR
12166,EGKK,LEMD
12167,KSEA,KBOI
12168,KMKE,KDTW
12169,KSLC,KLAS
12170,EHAM,LSGG
12171,LPFR,EDDM
12172,KDFW,KVPS
12173,KWHP,KL70
12174,KORD,KDCA
12175,EDDK,LDZA
12176,KRYY,KOPF
12177,KDFW,8TS2
12178,FAOR,FACT
12179,KCLT,KORD
12180,KMSN,KORD
12181,KOAK,KMCI
12182,KLNS,KFDK
12183,CYYZ,KORD
12184,KMDW,KFLL
12185,ESSA,ELLX
12186,KDEN,KSFO
12187,KBOS,KPHL
12188,KDEN,KISM
12189,OMDB,VOMM
12190,KPHX,KSAT
12191,KGHG,KBED
12192,KOJC,8KS9
12193,LIRA,LROP
12194,KECP,KATL
12195,KFOK,KFRG
12196,CYYC,CYVR
12197,KORD,KIAD
12198,LIRF,LIML
12199,EGPH,LEMD
12200,KDAL,KMDW
12201,KRSW,KDAL
12202,KC83,KLVK
12203,KSLC,KLAX
12204,EGLL,EDDF
12205,ULLI,UUWW
12206,KDEN,KTUL
12207,KSDL,KSJC
12208,CYYZ,KPHL
12209,KSNA,KLGB
12210,LEIB,LEBL
12211,FACT,FALA
12212,KOPF,KVNY
12213,KLAS,KMDW
12214,EKCH,LSZH
12215,KLEB,KBOS
12216,EGCC,LEMD
12217,KCRQ,KF70
12218,KORD,KDAY
12219,KFLL,KTEB
12220,KSNA,KAPC
12221,VIDP,VOBL
12222,KLAX,KISM
12223,EGSS,EGPG
12224,KHEF,KBED
12225,KMDW,KAPF
12226,ENGM,OTHH
12227,KOAK,KLAS
12228,KPAN,KFFZ
12229,KSLK,KBOS
12230,KAPA,KSNA
12231,KLAS,K61B
12232,EGPH,EGAC
12233,VOMM,VOBL
12234,KBOS,KDFW
12235,KLAS,KIAD
12236,KSFO,KORD
12237,KSEA,KSAN
12238,ULMM,UUDD
12239,KORD,KHHR
12240,KDTW,KORD
12241,KORF,KCLT
12242,OBBI,OMDB
12243,KMKE,KRSW
12244,KGRR,KRSW
12245,LOWW,LSZH
12246,KDCA,KMIA
12247,KDEN,KMCI
12248,LFBD,LPPR
12249,KORD,KBWI
12250,KDTW,KBOS
12251,KE16,KPAO
12252,EKCH,EDDM
12253,KLAS,KSNA
12254,KMDW,KSFO
12255,KATW,KDTW
12256,SBGL,SBGR
12257,KMSP,KORD
12258,KLAX,KSLC
12259,PANC,KORD
12260,KSEA,KOAK
12261,KSAN,KORD
12262,KAPC,KOAK
12263,KRDU,KBOS
12264,KCVG,KPHL
12265,KORD,KDEN
12266,LFBD,EHAM
12267,KLAS,KSMF
12268,VOMM,OMDB
12269,SBRJ,SBGR
12270,KMDW,KPHX
12271,KLAX,KSEA
12272,ULLI,UWKD
12273,ENGM,ENVA
12274,KMSP,KATL
12275,KFDK,KGAI
12276,KDEN,KBNA
12277,KCEU,SC24
12278,KRSW,KCMH
12279,KPDX,KPSP
12280,EGAA,EGNT
12281,KSAN,KLAS
12282,EBCI,LIRA
12283,EGCC,EGAA
12284,KOAK,KSNA
12285,KCLT,KERI
12286,EGLL,EIDW
12287,KDEN,KCMH
12288,KORD,KPHX
12289,LMML,LIRF
12290,KLAX,KHOU
12291,KRDU,KCLT
12292,KORL,KLGA
12293,EGLC,EDDF
12294,CYVR,CML2
12295,LIMC,LFPG
12296,KCMH,KORD
12297,KLAX,KLAS
12298,KDCA,KJFK
12299,KSMF,KPHX
12300,KSEA,KLAS
12301,KDEN,KMIA
12302,KDFW,KPHL
12303,KTKI,KGVT
12304,KDTW,KJFK
12305,KDFW,KPHX
12306,KSNA,KDFW
12307,KGRB,KDTW
12308,KDEN,KPHX
12309,KATL,86GA
12310,ESSA,ESNZ
12311,KDTW,KBUF
12312,KEWR,KSRQ
12313,KORD,KMKE
12314,KDAL,KFTW
12315,EKCH,ENGM
12316,KLAX,KATL
12317,KLAS,KCMA
12318,EGPH,EGGW
12319,KORD,KMIA
12320,KMIA,KMCI
12321,88PA,KORD
12322,KRHV,KE16
12323,KATL,KMSP
12324,KDFW,KOMA
12325,LEPA,LEBL
12326,KJYO,KSRQ
12327,KBOS,KATL
12328,KMSP,KOMA
12329,KORF,KMIA
12330,KGRR,KATL
12331,KCLT,KHOU
12332,VIDP,VECC
12333,EGLC,EGAC
12334,KMCI,KATL
12335,LEMD,LEPA
12336,LFML,LFPO
12337,KORD,KHHR
12338,VOBL,VIDP
12339,EGGP,EGAA
12340,KP19,KA39
12341,KORD,KORF
12342,ESSA,LPPT
12343,LIPZ,LEBL
12344,LIMC,LEMD
12345,KPHX,KDFW
12346,KATL,KVPS
12347,EDDH,EIDW
12348,LEMH,LEBL
12349,KRDU,KEWR
12350,KOMA,KATL
12351,KOPF,KTEB
12352,LFRS,LEBL
12353,KLAS,KBWI
12354,KBOS,KFLL
12355,EDDF,OTHH
12356,KMSP,KBNA
12357,EGSS,EGPH
12358,KRSW,KMSP
12359,KCLT,KBOS
12360,SBRJ,SBBR
12361,KDFW,KSNA
12362,KDFW,KRSW
12363,KLAX,KPHX
12364,CYYC,CYVR
12365,KMIA,MGGT
12366,EDDN,LTBW
12367,EDDH,LOWW
12368,KPUJ,KRYY
12369,KSKA,KSEA
12370,KBWI,KSAN
12371,KVNY,KTEB
12372,LOWW,LIRF
12373,KUAO,K7S9
12374,KPHX,KHHR
12375,EDDM,EKCH
12376,KISP,KPHL
12377,KORD,KLGA
12378,KDAB,KATL
12379,KDFW,KSTL
12380,KRDU,KIAD
12381,KATL,KLGA
12382,KUGN,KAPF
12383,VOBL,VOMM
12384,KMIA,KJFK
12385,EGCC,EHAM
12386,LIRF,LEMD
12387,KBDU,KBJC
12388,LEMD,EGLL
12389,KATL,KDFW
12390,KSEA,KSMF
12391,KDTW,KLAX
12392,LFPG,EHAM
12393,KJFK,KHPN
12394,KVNY,KSBA
12395,KDFW,KSLC
12396,KSJC,KPDX
12397,5XS9,KGKY
12398,KMDW,KSDL
12399,EGAC,EGLL
12400,KOMA,KORD
12401,UUMO,ULLI
12402,KPTK,MI99
12403,LOWW,LIMC
12404,KOAK,KDAL
12405,KATL,KHSV
12406,VECC,VOBL
12407,KPIT,KBFD
12408,EDDB,EHAM
12409,KDEN,KTYS
12410,KMDW,KISM
12411,EDDM,EDDW
12412,LEAL,LEBL
12413,KLAS,KHOU
12414,EGLL,EGHQ
12415,KATL,KMKE
12416,KRVS,K3F7
12417,EDDH,EGLL
12418,ENGM,ENVA
12419,KBFI,61WA
12420,KSEA,KSJC
12421,KSDF,KORD
12422,KAPA,K11V
12423,KORD,KDTW
12424,ELLX,EIDW
12425,LFPO,LEPA
12426,KIND,KORD
12427,KSTL,KMDW
12428,KATL,KPHL
12429,KSNA,KCMA
12430,CYYC,CYQQ
12431,KORD,KFLL
12432,KLAX,KSEA
12433,KDEN,KSDF
12434,NZCH,NZAA
12435,KDCA,KBOS
12436,KGAI,KLNS
12437,LFPG,EGKR
12438,KLVK,KSBP
12439,EGAA,EGKR
12440,VOBL,VIDP
12441,KDFW,03WA
12442,KPHX,KRDU
12443,LSGG,LFPG
12444,EKCH,EDDF
12445,KSFO,KFLL
12446,KSEA,KTUS
12447,KRSW,KPHL
12448,KIAD,KRSW
12449,KFRG,KFOK
12450,LEPA,LEMH
12451,KLAS,KOMA
12452,KATL,KRDU
12453,KDFW,KSAN
12454,ULLI,UUWW
12455,KATL,KPHX
12456,EDDK,EBLG
12457,NZCH,NZWN
12458,FAOR,FACT
12459,KPWK,KAPF
12460,EIDW,EGCC
12461,KMSP,KBOI
12462,KSDF,KRSW
12463,KDFW,KLGA
12464,VECC,VABB
12465,KDEN,KSAN
12466,KRDU,KJFK
12467,KPAN,KFFZ
12468,KCLT,KHPN
12469,LFOB,LEBL
12470,EKBI,EHAM
12471,SBSP,SBRJ
12472,LSZM,LOWW
12473,KLAX,KOPF
12474,KSUS,KDEC
12475,KPTK,88OH
12476,KATL,KPHL
12477,EHAM,OTHH
12478,KORD,KSRQ
12479,LEPA,LEMD
12480,CYCD,CYVR
12481,KPHX,KIAD
12482,KDFW,KBKL
12483,KMSP,KDEN
12484,KDTW,OA16
12485,KIAD,FA37
12486,KLAS,KCMA
12487,EGSS,LZIB
12488,KDEN,KFLL
12489,KMDW,KATL
12490,LFPO,GMMN
12491,KSDL,KIWA
12492,KSRQ,KMSP
12493,KPHL,KMDW
12494,KATL,KBWI
12495,KDMW,KGAI
12496,KSLC,KBOS
12497,CYYC,KPHX
12498,KATL,KDFW
12499,KPIT,KEWR
12500,KORD,KRDU
12501,SBCO,SBGR
12502,KSEA,PANC
12503,KLAX,KDAL
12504,KMKE,KPTK
12505,KATL,KPIM
12506,LEMD,LFPG
12507,KSDF,KDFW
12508,KEWR,KFLL
12509,LSGG,LIRF
12510,KDFW,KCMH
12511,VECC,VIDP
12512,KPHL,KFLL
12513,NZCH,NZNV
12514,KDTW,KRSW
12515,KORD,KDFW
12516,KPHX,KMSP
12517,KPDX,KSJC
12518,KLGA,KDFW
12519,KBDR,KFRG
12520,EDTO,EDTW
12521,LIRF,EGKK
12522,NZAA,NZPM
12523,KDFW,KORD
12524,EIDW,LPFR
12525,ELLX,LIRF
12526,KSAT,KDEN
12527,KSEA,KEWR
12528,KIAD,KCLT
12529,KDFW,KDCA
12530,KMDW,KSDF
12531,KFOK,KHPN
12532,KCMH,KRSW
12533,KGSO,KATL
12534,KATL,KMSP
12535,LEPA,LEIB
12536,KSDL,KSMO
12537,LFPO,LPPR
12538,83LL,KCPS
12539,KPHX,KLGB
12540,KBUR,KVNY
12541,RKSI,VHHH
12542,LSZH,LEMD
12543,KRSW,KMSN
12544,UUEE,OMDW
12545,KRYY,GA77
12546,KSFO,KLAX
12547,KSNA,KSMF
12548,KONT,KSJC
12549,NZPM,NZCH
12550,KLGA,KMIA
12551,KSMF,KMDW
12552,KLAX,KABQ
12553,KAUS,KDEN
12554,KSEA,KMSP
12555,TXKF,KMIA
12556,CYYC,KAPA
12557,KPDK,KLZU
12558,KORL,KMCI
12559,KFFZ,KE95
12560,KHOU,KLAX
12561,ULMM,ULLI
12562,KPDX,KRIR
12563,KPHL,KDFW
12564,SBCO,SBSP
12565,KMIA,KHHR
12566,KPHX,KMSP
12567,KAPA,KGXY
12568,EDDM,EDDK
12569,KDFW,KDTW
12570,LIMC,LICJ
12571,KIAD,KSFO
12572,FAOR,FACT
12573,VABB,VECC
12574,UUDD,ULLI
12575,KSNA,KAPA
12576,KLAS,KLAX
12577,KATL,KORD
12578,KPHX,KDAL
12579,KSQL,KTCY
12580,KMCI,KORD
12581,KORL,KBOS
12582,KSEA,93WA
12583,KPHL,KMIV
12584,KRDU,KRSW
12585,CYYC,CYKA
12586,KSMF,KSTL
12587,KORD,KDEC
12588,01VA,KJYO
12589,KRDU,KPHL
12590,KATL,KHHR
12591,KHOU,KLAS
12592,KCOS,KBJC
12593,KDFW,KGOP
12594,NZTG,NZCH
12595,KPAN,KFFZ
12596,LMML,LIRF
12597,KBOS,KMCO
12598,KMQS,JY04
12599,KPHX,KMSP
12600,EGGD,LEBL
12601,LFPO,LEBL
12602,KSEA,KDFW
12603,KLAS,KMSP
12604,KDEN,KMKE
12605,KFLL,KATL
12606,KLAX,KDFW
12607,KDFW,KSRQ
12608,EGAA,EGGW
12609,KDTW,KBWI
12610,KMIA,KDCA
12611,CYYC,KLAX
12612,LFPG,LFNR
12613,KHOU,KMDW
12614,KPHX,KDTW
12615,KSFO,KPHX
12616,KCMH,KHPN
12617,KMDW,KLAS
12618,KATL,KOMA
12619,KORD,KTYS
12620,TJSJ,KIAD
12621,KPDX,KSFO
12622,KPDK,NC16
12623,KSEA,KSAT
12624,KATL,KJFK
12625,KORD,KSDF
12626,LYBE,LSZH
12627,KABE,KCLT
12628,KSDF,KATL
12629,KDTW,KPHL
12630,KDEN,KDTW
12631,KRDU,KTDF
12632,EIDW,EPMO
12633,KIAH,KDTW
12634,KWVI,KRHV
12635,CYYC,CYCD
12636,KABQ,KDAL
12637,KMDT,KATL
12638,KATL,KSTL
12639,KEMT,KAJO
12640,KDFW,KRDU
12641,KGAI,KLNS
12642,KBLM,KPNE
12643,KDTW,KMIA
12644,LFPG,EDDF
12645,LIMC,LIBD
12646,LKPR,EDDF
12647,KPAE,KAWO
12648,KPHX,KBUR
12649,KAVQ,KFFZ
12650,KDCA,KMDW
12651,KSDL,KLAS
12652,VECC,VOBL
12653,KVNY,KSAN
12654,KSQL,KHHR
12655,KCLT,KATL
12656,KDFW,KFLL
12657,KBUF,KJFK
12658,KBOI,KSJC
12659,KEWR,KATL
12660,KSEA,KPHX
12661,KRDU,KDTW
12662,KCLE,KORD
12663,KMDW,KATL
12664,KPHX,KMSP
12665,EKCH,EHAM
12666,KRAL,KCNO
12667,LFPO,LFBO
12668,ENVA,ENGM
12669,KDFW,KLAS
12670,KDEN,KSTL
12671,KPIT,KMSP
12672,KTYS,KPIE
12673,KAUS,KSAF
12674,ENUL,ENGM
12675,KMYF,KCRQ
12676,KBWI,KBKL
12677,KMIA,KLGA
12678,KPHX,KSDF
12679,UKBB,LLBG
12680,EPWA,LSZH
12681,KPGV,KRDU
12682,KSEA,KSNA
12683,KLAS,KLAX
12684,KORD,KMIA
12685,KILG,JY04
12686,KJNX,KRDU
12687,UUWW,ULLI
12688,KEWR,KBNA
12689,EDDB,EHAM
12690,ULLI,UUDD
12691,KDTW,KORD
12692,UKKK,EKBI
12693,KBOS,KFLL
12694,KPHX,KDFW
12695,KABE,KDTW
12696,KSAN,KSJC
12697,KCMA,KSNA
12698,KDFW,KMKE
12699,EGSS,LPPT
12700,KLAS,KCMH
12701,NZTG,NZWN
12702,EGAA,EGPH
12703,KLAX,KBNA
12704,KMIA,KBOS
12705,KORD,KSFO
12706,KORL,KDEN
12707,KPHX,KSTL
12708,KSTL,KDEN
12709,KRDU,KATL
12710,EDDH,ESSA
12711,KSDL,KAPA
12712,EKCH,EHAM
12713,EGGD,LEAL
12714,KPSP,KMSP
12715,K52A,KLZU
12716,KATL,KBOS
12717,KJYO,61VA
12718,KVGT,KU08
12719,KRSW,KMDW
12720,KPHL,KMSP
12721,KPUJ,KRYY
12722,LYBE,LSZH
12723,KHWO,KOPF
12724,KDEN,KATL
12725,KPHL,KMIV
12726,EGNP,EHAM
12727,KFLL,KJFK
12728,KTYS,KATL
12729,UKBB,OMDB
12730,NZHN,NZCH
12731,KLAX,KBOS
12732,KBOS,KFLL
12733,KSTL,KPDX
12734,KSEE,KTOA
12735,KSMF,KSFO
12736,KPDK,K9A1
12737,KVNY,KSNA
12738,KSEA,KFAT
12739,KLAX,KSFO
12740,KCDW,NK07
12741,KCHD,KAVQ
12742,K39N,KBLM
12743,EGNX,LEAL
12744,KSAN,KHHR
12745,IL38,2LL9
12746,KFDK,WV21
12747,KMKE,KPHX
12748,KAPF,KHPN
12749,KDEN,KPHX
12750,LOWW,LSZH
12751,KPHX,KDTW
12752,KSAT,XS40
12753,EGLL,EHAM
12754,LEMD,LEPA
12755,SBVT,SBRJ
12756,EDDH,EHAM
12757,KFLL,KMIA
12758,MROC,KMIA
12759,KSNA,KSDL
12760,EDDP,EGNX
12761,KOAK,KSAN
12762,KAUS,KADS
12763,KLAX,KPDX
12764,KRDU,KMDW
12765,KDTW,KFLL
12766,KSWF,KHPN
12767,KTEB,KBKL
12768,KSBA,KCMA
12769,KSRQ,KPHL
12770,LFPO,LKPR
12771,KCRQ,KSNA
12772,LPPR,EDDB
12773,KDEN,KSLC
12774,KSAN,KPDX
12775,KMIA,KEWR
12776,LEPA,EDDM
12777,KCCR,KUDD
12778,KDAL,KDCA
12779,ENHD,ENGM
12780,KDFW,KDTW
12781,KFAT,KMYF
12782,KLAX,KPHX
12783,OMDB,UAAA
12784,KDEN,KHOU
12785,KPHX,KMDW
12786,EHAM,EVRA
12787,KOMA,KSDL
12788,8MA4,MA52
12789,KORD,VA95
12790,KLAS,KBUF
12791,KISP,KHWV
12792,KDCA,KFLL
12793,OTHH,VABB
12794,KMSP,KSJC
12795,MU65,KSTL
12796,ENBR,EKCH
12797,KBUR,KLAS
12798,EIDW,LPPT
12799,KSEA,KSFO
12800,KA39,KP19
12801,KLGA,KDFW
12802,KSAC,0CN2
12803,KORD,KRSW
12804,KMIA,KHPN
12805,KPHL,KMCO
12806,KPHX,KCMH
12807,KSBA,KCMA
12808,KTTN,KPNE
12809,EGCC,LSZH
12810,KMKE,KAPF
12811,OMDB,VABB
12812,KBOS,KSLK
12813,EKCH,EKYT
12814,KCLT,KMSN
12815,KPAE,KPDX
12816,CYYC,KPSP
12817,KATL,KDAL
12818,KDTW,KBNA
12819,KFLL,KMIA
12820,KLOU,3IN6
12821,KTTN,KMJX
12822,EBMB,LSZH
12823,KPHX,KOMA
12824,CYUL,CYYZ
12825,VABB,VOBL
12826,KSEE,CA75
12827,KSTL,KLAS
12828,KLAX,KDFW
12829,KBOI,KSEA
12830,KLAS,KSDF
12831,KFDK,WV22
12832,UUEE,ULLI
12833,EDLW,LOWW
12834,KPHX,KABQ
12835,LPPT,LFPG
12836,EGGD,EGAA
12837,KVPC,KPDK
12838,KORL,KDEN
12839,KSAT,KLAS
12840,KFLL,KLGA
12841,OMDB,VOBL
12842,LSGG,LPPR
12843,KORD,KATL
12844,EIDW,EKCH
12845,KRDU,KCLT
12846,KDTW,KRDU
12847,K3B0,5MA3
12848,KFAT,KPDX
12849,KSEA,KPSP
12850,SBRJ,SSJC
12851,EGNT,EGGD
12852,KPHX,KMCI
12853,KLAX,KMIA
12854,KLGA,KMSP
12855,KDEN,KOMA
12856,KDAL,KATL
12857,KEWR,KATL
12858,ENZV,ENBR
12859,KSDL,KAPA
12860,KFRG,KHWV
12861,KCNO,KTOA
12862,KMIA,SKBO
12863,KDFW,KLAX
12864,LFPO,GMMN
12865,KFFZ,KAVQ
12866,KSFO,KDFW
12867,LOWW,EPWA
12868,KN87,KMJX
12869,KRSW,KDEN
12870,KATL,KLAX
12871,KCLT,KMSP
12872,KDTW,KSEA
12873,KSAT,KIAD
12874,KPDX,KSEA
12875,KRDU,KMSP
12876,KMDT,KDTW
12877,EKCH,EBBR
12878,TJSJ,KJFK
12879,ESSA,EDDM
12880,KSFO,KLAS
12881,KORL,KMDW
12882,EPKT,EDLW
12883,EGLL,EGCC
12884,OMDB,VABB
12885,KJFK,SKMA
12886,KMYF,KVNY
12887,EDDP,EBBR
12888,LSZM,EDDH
12889,EDDB,EDDK
12890,KMSS,KBOS
12891,KHND,KAPA
12892,KLGA,KMCO
12893,KCOS,TS53
12894,KDAY,KPTK
12895,LPPR,ELLX
12896,EGKK,LFBD
12897,KSRQ,KLGA
12898,KN87,KMJX
12899,KLAS,KVNY
12900,ENHD,ENGM
12901,KMDW,KPHL
12902,KPHX,KORD
12903,EGLL,LFPG
12904,KEWR,KFLL
12905,KCLT,KRDU
12906,KIAH,KMSP
12907,KMIA,KORF
12908,KDTW,KEWR
12909,CYYJ,CYYC
12910,VOBL,WSSS
12911,KOPF,KMIA
12912,KDFW,KFLL
12913,KVGT,KU08
12914,KSYR,KDTW
12915,KSEA,KBNA
12916,KSQL,CA66
12917,KTTN,KMJX
12918,LFPG,LTFJ
12919,LSGG,LEMD
12920,KPHX,KDAL
12921,EDDH,EDDM
12922,KSDL,KGYR
12923,ESPA,ESSA
12924,UUMO,ULLI
12925,VABB,OMDB
12926,KLAS,KSAN
12927,EETN,ESSA
12928,KOSU,KI23
12929,KDFW,KDEN
12930,KFFZ,19AZ
12931,CYYC,KLAS
12932,KPTK,88OH
12933,LFPB,LFLB
12934,KSAN,KSFO
12935,CYXE,CYVR
12936,LIME,EGSS
12937,KIAD,KPHL
12938,KBWI,KMDW
12939,KSFO,KGRB
12940,EDDV,LSZH
12941,KSEA,KPHX
12942,LIRF,EDDL
12943,KMIA,KBWI
12944,CYYC,CYXE
12945,KDEN,KSEA
12946,KBUF,KBWI
12947,KWVI,KOAK
12948,KSFO,KSAN
12949,KCMA,KL70
12950,EDDB,EIDW
12951,LFBO,LFRS
12952,EGGD,EDDB
12953,KSGF,KDEN
12954,KLAS,KSNA
12955,LROP,LIME
12956,KHOU,KCMH
12957,EDDB,EBBR
12958,NZAA,NZCH
12959,KIAD,4VG2
12960,KBWI,KHOU
12961,UUEE,UWLL
12962,LIML,LIRF
12963,EGKK,LKPR
12964,ELLX,EDDR
12965,LIRF,EDDM
12966,KMFR,KMCC
12967,KSDF,KDTW
12968,EDDH,EDDK
12969,KSFO,KLAX
12970,KBED,CT52
12971,KRDU,K5W8
12972,KBFI,KPDX
12973,KORF,KDTW
12974,KLAS,KDTW
12975,KBOS,KCLT
12976,KAPA,KSDL
12977,KTEB,KBLM
12978,KGRR,KRSW
12979,KDFW,KMSP
12980,KPHX,KMSN
12981,KBWI,KDTW
12982,KMDW,KAPF
12983,LLBG,LROP
12984,KDCA,KDFW
12985,LPPR,LSZH
12986,KONT,KDEN
12987,KATL,KDTW
12988,EGLL,LSZH
12989,KFDK,KLNS
12990,KSJC,KPHX
12991,KFTG,KAPA
12992,KPHL,KAGC
12993,KBOS,KRSW
12994,KPHX,KDFW
12995,KDVT,KCHD
12996,ELLX,LFBD
12997,ULMM,UUWW
12998,KORF,KMDW
12999,KLAS,KSAT
13000,NZAA,NZCH
13001,KPAO,KHAF
13002,KSAT,KHOU
13003,KPWK,KAPF
13004,KPDX,KDFW
13005,KBFI,KUDD
13006,KGRR,KORD
13007,KLAX,KSJC
13008,TJSJ,KEWR
13009,KMCI,KPHX
13010,NZCH,NZHN
13011,KCRQ,KLAS
13012,ULLI,UUEE
13013,KSEA,FD83
13014,KLUK,KHAO
13015,KCLT,KPLR
13016,KMDW,KBWI
13017,KSDF,KRSW
13018,NZAA,NZCH
13019,KRDG,PN50
13020,K4A7,KPDK
13021,KDMA,KTUS
13022,KCLE,KRSW
13023,KCLT,KDTW
13024,EGLL,ESSA
13025,LFBO,LFPO
13026,KFLL,KJFK
13027,KIAD,KMSP
13028,LEPA,LSZH
13029,KGSO,KCLT
13030,3OR8,35OR
13031,KSMF,KSEA
13032,KIND,KATL
13033,KCCB,KPSP
13034,KCDW,KFRG
13035,KATL,KCMH
13036,EKCH,EKYT
13037,KJVL,KPWK
13038,KBUR,KHOU
13039,KPHL,KATL
13040,KGEG,KPHX
13041,KATL,SC32
13042,02MD,KBWI
13043,KOMA,KHOU
13044,EFHK,EFOU
13045,KBOS,KDTW
13046,KAVQ,KCHD
13047,KORD,KLGA
13048,EDDH,EDDM
13049,KIAD,KMDW
13050,KLAX,KBOI
13051,KDAY,KORD
13052,ELLX,LPPR
13053,KSFO,KUDD
13054,KSNA,KAPA
13055,KSEA,KDTW
13056,KPWK,KOPF
13057,LKPR,EGSS
13058,KLAS,KBUR
13059,KATL,KTTN
13060,LSZH,LDZA
13061,KBOS,KEWR
13062,KPHX,KSFO
13063,2GA9,KPDK
13064,KDEN,KMSP
13065,EDDL,LSZH
13066,KSDL,KAPA
13067,CYYZ,CYYC
13068,KBWI,KSAT
13069,CYVR,CYYC
13070,KAUS,KFLL
13071,OTHH,VOBL
13072,KSEA,KORD
13073,KBUF,KATL
13074,LIBD,LIML
13075,LOWW,EDDF
13076,KCNO,18AZ
13077,KLAS,KSFO
13078,NZHN,NZWN
13079,LFML,LKPR
13080,LTFJ,LTFE
13081,KBOS,KMDW
13082,LSGG,EDDF
13083,KGEU,KGYR
13084,KBWI,KFLL
13085,NZOM,NZCH
13086,LIML,EGKK
13087,KVNY,KOPF
13088,KJYO,61VA
13089,17CO,KBJC
13090,VOBL,VABB
13091,KPDX,KDAL
13092,88AZ,KFFZ
13093,KIAD,KBOS
13094,KCLT,KMIA
13095,KSMF,KSNA
13096,KECP,KSUS
13097,KRSW,KEWR
13098,ESTA,ESSB
13099,VECC,VOBL
13100,KPRC,KSDL
13101,KBOS,KBNA
13102,KPHX,KATL
13103,KGLE,KADS
13104,KRDU,KRSW
13105,TJSJ,KJFK
13106,EKCH,LSZH
13107,KLAS,KCLT
13108,KDFW,KSMF
13109,EFHK,ESSA
13110,NZAA,NZGB
13111,KMDW,KBNA
13112,KMZJ,KIWA
13113,KCLE,KMSP
13114,KCLT,KORD
13115,CYOW,CYYZ
13116,KLGA,KFLL
13117,LSGG,EBMB
13118,KBWI,KMDW
13119,KJNX,KRDU
13120,LFPG,LFBY
13121,KOAK,KLAS
13122,KSDL,KA39
13123,KDVT,KPAN
13124,KLAX,KSLC
13125,EDDM,EVRA
13126,KU77,KU14
13127,KTEB,KBLM
13128,KFTW,KHOU
13129,KMYF,KPAO
13130,OMDB,VIDP
13131,EHAM,LEMD
13132,CYVR,KPHX
13133,KRDU,KORD
13134,KMKE,KDCA
13135,KSGF,KATL
13136,KLAX,KTUS
13137,KF70,KCRQ
13138,EPKK,EPGD
13139,KMYF,37CA
13140,KFFZ,KCHD
13141,KMSP,KEWR
13142,KPHX,KFAT
13143,ESGG,LSZH
13144,KOAK,KSTL
13145,EDDH,LSZH
13146,KAPF,KVNC
13147,KFLL,KLGA
13148,KLGB,KAPA
13149,KPHX,KTUS
13150,KCJR,KHEF
13151,KMCI,KDEN
13152,KBVI,1PA5
13153,KPDK,0GE4
13154,KSAT,KHOU
13155,KJFK,KATL
13156,KDEN,KDAL
13157,KATL,OH22
13158,LPPR,LSZH
13159,LFML,LEMD
13160,LEPA,LEIB
13161,KCLT,KDFW
13162,KSTL,KORD
13163,LPPT,LOWW
13164,KSFO,KDAL
13165,CYVR,KPSP
13166,OERK,OEDF
13167,KOAK,KSLC
13168,KSDL,KCGZ
13169,ESSA,LFPG
13170,KPHX,KMDW
13171,KMIA,KOMA
13172,KCLT,KDCA
13173,MI45,KPTK
13174,KCMH,KMIA
13175,CYYC,CYYJ
13176,LFPG,EHAM
13177,KMSN,KORD
13178,GMMN,LFPO
13179,KCLT,28NR
13180,KIAD,KDTW
13181,EDDF,LEMD
13182,KIAH,KDFW
13183,KMDW,KLAX
13184,KSFO,KLAX
13185,KCLT,KRSW
13186,KAUS,KOAK
13187,KBWI,KALB
13188,KLAS,KATL
13189,KHWV,KHPN
13190,KBUF,KRSW
13191,SKBO,KFLL
13192,KFRG,KBDR
13193,KSEA,KLAS
13194,KMIA,KATL
13195,VIDP,VECC
13196,KDEN,KSAN
13197,KDUJ,KAXQ
13198,EGPF,EGLL
13199,KSNA,KSDL
13200,KMSN,KDTW
13201,KHWV,KISP
13202,KAUS,KPHX
13203,KORD,KATL
13204,KLGA,KHOU
13205,VOBL,VABB
13206,KSMF,KDFW
13207,ENGM,ESSA
13208,KBWI,KRSW
13209,KDEN,KSLC
13210,ENZV,ENBR
13211,NZPM,NZAA
13212,LOWW,LIMC
13213,KSEA,KSMF
13214,1NK5,KCDW
13215,SBVT,SBSP
13216,KORD,KATL
13217,SBBR,SBSP
13218,EKCH,ESSA
13219,KFLL,KEWR
13220,KSNA,KOAK
13221,KEWR,01FA
13222,KCLT,KHSV
13223,KDEN,KSJC
13224,KLNS,K39N
13225,KSFO,KBOI
13226,KSDL,19AZ
13227,KBWI,KORF
13228,EDDH,EPWA
13229,WV21,KFDK
13230,KIAD,KOPF
13231,KDEN,KJFK
13232,EGLL,EFHK
13233,KVNY,KWHP
13234,KTEB,KOPF
13235,KSEA,KBOI
13236,CYXX,CZBB
13237,LEPA,LEBL
13238,EGSS,LEMD
13239,KDCA,KORF
13240,KSDL,KCGZ
13241,KDEN,KPHX
13242,KBOI,KSAN
13243,ENGM,ENZV
13244,GMMN,LFPG
13245,KWVI,KRHV
13246,KTMB,KFXE
13247,KSGF,KDFW
13248,KPHX,KPHL
13249,KIAD,KOPF
13250,EGGD,LFPG
13251,KDFW,KSLC
13252,KBOS,KPSM
13253,KARR,IL38
13254,EBLG,EGNX
13255,KMKE,KPHL
13256,UUEE,ULLI
13257,RPLL,RCTP
13258,KDEN,KSMF
13259,SPJC,SKBO
13260,UWLL,UUWW
13261,KATL,KBNA
13262,KTUL,KATL
13263,KABE,8FA4
13264,KPHX,KSBP
13265,LIRF,LEMD
13266,EBMB,EGLL
13267,LPPR,LPPT
13268,KC09,KLOT
13269,KBWI,KMIA
13270,KDEN,KIAD
13271,KSJC,KRIR
13272,EDDH,EDDL
13273,37MI,KPTK
13274,KOAK,KSEA
13275,KSNA,KTOA
13276,KDVT,AZ05
13277,UMMS,UUWW
13278,KSTL,KORD
13279,LPPT,LOWW
13280,SBCO,SBGR
13281,EDDK,LEPA
13282,KDEN,KBUR
13283,KSAN,KSFO
13284,KMKE,KLAS
13285,KCLT,KPHL
13286,KPDX,KLAS
13287,KHPN,KLEB
13288,KLAS,KSMF
13289,KSAT,KSLC
13290,KLAX,KHOU
13291,KPHX,KSLC
13292,KATL,KDAL
13293,RCTP,VHHH
13294,LIPE,LEMD
13295,LPPR,EDDF
13296,EHAM,EIDW
13297,KLAS,KMSP
13298,KDEN,KFAT
13299,LFML,LFPO
13300,KGRB,KMSP
13301,KMVY,KBED
13302,LFBD,LFPG
13303,KSLC,KJFK
13304,KORD,KTOL
13305,KATL,KSDF
13306,KTUL,KLAS
13307,VOBL,VIDP
13308,KRDU,KLGA
13309,KUUU,KOQU
13310,KCPK,NC61
13311,KBOI,KLAX
13312,KMDW,KRSW
13313,LPPR,LFOB
13314,KAJO,KRAL
13315,EDDS,EDDH
13316,KPSP,KPHX
13317,KISP,KDXR
13318,KDEN,KPHX
13319,EGKK,LPPR
13320,KTUL,KPHX
13321,KAUS,KDAL
13322,EGHH,EGJJ
13323,KLAX,KBNA
13324,LEMD,LEPA
13325,ELLX,EKCH
13326,ULLI,UUEE
13327,KPHX,KMIA
13328,KAUS,KLAX
13329,KSMF,KLAX
13330,SBSP,SBBR
13331,KATL,KRSW
13332,EBMB,EPWA
13333,KWDR,K9A1
13334,KSEA,KABQ
13335,KRIR,KCNO
13336,KDAL,KHOU
13337,KTEX,KDEN
13338,KLAX,KMCI
13339,KAFW,KABE
13340,KEWR,KRSW
13341,KDFW,KFAT
13342,KLAS,KSFO
13343,KBOS,KEWR
13344,KATL,KRDU
13345,KBOI,KPDX
13346,KRFD,KEFT
13347,SBBR,SBGR
13348,KMDT,KPIE
13349,OERK,OEDF
13350,KSEA,KDFW
13351,KSAN,KSJC
13352,LFPG,LFBO
13353,EGAC,EGCC
13354,EGGP,LEAL
13355,KBOS,KRSW
13356,KABQ,KLAX
13357,KTEB,KOPF
13358,KBFI,KSDL
13359,CYYC,CYXX
13360,KRFD,KBWI
13361,LEMG,EGLL
13362,KGEG,KSEA
13363,ENZV,ENJB
13364,KDFW,KTUS
13365,KORD,KMIA
13366,KVNY,KL70
13367,LIMC,EPWA
13368,LFPB,LSGG
13369,KSJC,KSLC
13370,KONT,KSLC
13371,EGKK,LEPA
13372,LROP,EBCI
13373,EGCC,EKCH
13374,ESSA,LSZH
13375,LPFR,EGSS
13376,KDEN,KORD
13377,NZCH,NZWN
13378,LPPT,LSGG
13379,OERK,OMDB
13380,ESTA,ESSA
13381,KDTW,KORD
13382,KDFW,KLAX
13383,KRYN,KSDL
13384,SBSP,SBRJ
13385,KDFW,KTUL
13386,KMDW,KRSW
13387,KBWI,KDUJ
13388,KLAX,KSFO
13389,EGSS,LIPZ
13390,EIDW,EGLL
13391,KLGB,KSLC
13392,KFLL,KBOS
13393,KSNA,KSLC
13394,KCLT,KOMA
13395,KFDK,WV61
13396,KSDL,KAPA
13397,KROC,KBWI
13398,KSAN,KSMF
13399,EDDB,EIDW
13400,KBNA,KBOS
13401,KSJC,KLAS
13402,KCLT,KATL
13403,KMKE,KORD
13404,KCLT,KVPS
13405,8MA4,MA52
13406,KPHX,KPAE
13407,KBLM,KOMA
13408,KOAK,KSLC
13409,EHEH,LPFR
13410,KISP,KBWI
13411,ENBO,ENGM
13412,NZAA,NZPN
13413,CYUL,CYBG
13414,KDEN,KLAX
13415,KJYO,61VA
13416,KDEN,KOMA
13417,37MI,KPTK
13418,KLNS,KABE
13419,KFLL,KSTL
13420,KFLL,KBKL
13421,KLAX,KEWR
13422,EGLL,LPPT
13423,K8A1,KMDQ
13424,OMSJ,VIDP
13425,KDFW,KLAS
13426,KFFZ,KPAN
13427,RCTP,VHHH
13428,KDAL,KIWA
13429,KDEN,KBOS
13430,KDFW,KDCA
13431,EDDM,LEMD
13432,KORD,KFLL
13433,EKYT,EKCH
13434,KSMF,KBUR
13435,KCLT,KMDT
13436,LEPA,EDDK
13437,EHAM,LEMG
13438,KSLC,KOAK
13439,KLNK,KOMA
13440,KDFW,KMIA
13441,KRSW,KDFW
13442,KLAS,KDFW
13443,KCMH,KLAS
13444,EGNT,EGAA
13445,KDEN,KIAD
13446,KCLT,KRSW
13447,KBOI,KLAX
13448,KDEN,KPSP
13449,EIDW,LFOB
13450,KDFW,KMSP
13451,KEWR,KCLT
13452,VOMM,WMKK
13453,KMIA,KDFW
13454,KLVK,KSAC
13455,KSEA,KPDX
13456,KHOU,KDAL
13457,ENBR,ENGM
13458,SBSP,SBBR
13459,KA39,KCHD
13460,KAPF,KTEB
13461,EDDM,EBBR
13462,EETN,EVRA
13463,KSAN,KPHX
13464,EIDW,EIKY
13465,KE16,KRHV
13466,KSTL,KMSP
13467,KGXY,KAPA
13468,KD95,KPTK
13469,KBNA,KMKC
13470,KD98,KPTK
13471,KDTW,MI38
13472,KLAS,KSAN
13473,KDFW,SC97
13474,NZWN,NZCH
13475,KABQ,KLAS
13476,EDDS,EPWA
13477,EBCI,LIME
13478,KOKV,KJYO
13479,KCLT,KMCI
13480,LEAL,EIDW
13481,KN87,KMJX
13482,KDEN,KTUS
13483,KPNE,KTTN
13484,KLAS,KLAX
13485,EGBB,EIDW
13486,KBUR,KSLC
13487,EDDF,LSZH
13488,1OK0,KRVS
13489,KLGB,KSJC
13490,KCDW,NK79
13491,KLAX,KSEA
13492,KCLT,KBOS
13493,KSFO,KSLC
13494,LEPA,EDDB
13495,KSQL,CL77
13496,KABE,8FA4
13497,KRSW,KMDW
13498,KSFO,KLAX
13499,LIMC,LFPO
13500,KBWI,KSTL
13501,KFDK,KW35
13502,LTFJ,EGSS
13503,KHPN,KSRQ
13504,KFLL,KBKL
13505,KLAS,KTUS
13506,TJSJ,FD37
13507,KMDW,KDAL
13508,KPDX,KPHX
13509,KGEG,KBFI
13510,KCLT,KSTL
13511,EDDL,LSZH
13512,KSEA,KLAX
13513,KDEN,KSBA
13514,EFHK,EFKU
13515,LSGG,LSZH
13516,CYUL,KEWR
13517,KCLT,KCMH
13518,ENUL,ENGM
13519,KSJC,KSEA
13520,KCLT,KBWI
13521,KFFZ,KAVQ
13522,KONT,KSEA
13523,KHOU,KDEN
13524,KMDW,KLAS
13525,KDFW,KCMI
13526,KAWO,KPAE
13527,KPAO,CL77
13528,LIME,LICJ
13529,KLAX,KPDX
13530,KLAS,KLAX
13531,ESSA,ENGM
13532,KPDK,FA54
13533,KSTS,KOAK
13534,KSFO,KSBP
13535,KHPN,KOPF
13536,KDFW,KPDX
13537,KVNY,KOPF
13538,KLAX,KDFW
13539,KDFW,KSAT
13540,KBNA,KISM
13541,KFRG,KDXR
13542,KSTL,KORD
13543,KAPA,87CO
13544,LPPT,LFPG
13545,KORL,KDFW
13546,KTTN,KOPF
13547,K1G4,KLAS
13548,KLAX,KLAS
13549,EDDL,EDDM
13550,FALA,FACT
13551,KDEN,KSBP
13552,KHPN,KMMU
13553,EHEH,LEAL
13554,KAUS,KRDU
13555,LSGG,EPWA
13556,KSNA,KCRQ
13557,KN14,KMJX
13558,LSZH,LEMD
13559,KSDF,KRIR
13560,KIAD,KATL
13561,LEMG,EGGW
13562,KDEN,KOMA
13563,KDFW,KFLL
13564,KDFW,KRIR
13565,KLAS,KVNY
13566,KSFO,KORD
13567,CYXE,CYVR
13568,KMYF,KAVX
13569,2CO3,KAPA
13570,EKCH,EPWA
13571,KAUS,KATL
13572,KPSP,KSEA
13573,KSFO,KPSP
13574,KDEN,KABQ
13575,KDEN,KCLE
13576,CYUL,KLGA
13577,KDAL,KPHX
13578,KCLT,KLAS
13579,KCOS,KDEN
13580,KLAX,KSFO
13581,KCLT,KMCO
13582,KMKC,KGPH
13583,KCLE,KRSW
13584,KAUS,KJFK
13585,EHAM,EPWA
13586,KLAS,KSNA
13587,KPGD,KRDU
13588,KDFW,KSNA
13589,EGSS,LSGG
13590,KMCI,KBNA
13591,EDDL,EPWA
13592,KSEA,KCMH
13593,CYYC,CYCD
13594,KDTW,KCMH
13595,KCLT,KSDF
13596,KSFO,KPDX
13597,KMIA,KATL
13598,LEMD,LPPT
13599,KDEN,KSNA
13600,KRAL,KSNA
13601,UUWW,UWWE
13602,KRDU,KHNZ
13603,EBMB,LEMD
13604,KORL,KLGA
13605,KLAS,KSLC
13606,KSLC,KPSP
13607,KCLT,KBKL
13608,ULMM,UUEE
13609,KDEN,CYYC
13610,KDEN,KMKE
13611,KDEN,KAUS
13612,KMGY,KI73
13613,KAPA,KFNL
13614,KAUS,KHOU
13615,KSFO,50OR
13616,KLZU,KPDK
13617,KHIO,OR05
13618,KLAS,KPDX
13619,CYYC,CYVR
13620,KINJ,KGPM
13621,KPHL,KRSW
13622,KPHX,KMCI
13623,9TX5,86TX
13624,LEPA,LEMD
13625,KPDX,KSEA
13626,KDEN,KLAS
13627,NZAA,NZGB
13628,KRFD,KIWA
13629,EGKK,EGAA
13630,KDEN,MT54
13631,PANC,6AK3
13632,KMKE,KSDF
13633,KDFW,KBOI
13634,KDTW,KCLT
13635,EDDF,LPPT
13636,KBUR,KPHX
13637,KDEC,KORD
13638,EDDP,EGNX
13639,EGAA,EGGP
13640,UUEE,EHAM
13641,LIML,LEMD
13642,KAUS,KDFW
13643,KSFO,KEWR
13644,4NJ8,KSMQ
13645,KRDU,KDTW
13646,KPSP,KDFW
13647,KCLT,KOAJ
13648,KLAS,KSEA
13649,PANC,40AK
13650,KPDX,KSEA
13651,KTEB,KBED
13652,KDFW,KDAY
13653,LEIB,LEPA
13654,TJSJ,KIAD
13655,LFPO,LFBO
13656,KDEN,KLGA
13657,KTTD,6OR8
13658,KATL,KSEA
13659,KDEN,KPDX
13660,KBOS,KBWI
13661,LSZH,EPWA
13662,KSFO,KBOI
13663,KSAT,KMDW
13664,KGYY,KDPA
13665,KONT,KSFO
13666,EDDR,EDDH
13667,LSGG,LOWW
13668,KJYO,KFME
13669,KATL,KMSP
13670,TXKF,KTEB
13671,LFST,LFBO
13672,KDEN,KBWI
13673,KCPS,83LL
13674,LIRF,EIDW
13675,NZAA,NZWN
13676,KCRQ,KSNA
13677,LFPG,ESGG
13678,SBRJ,SBSP
13679,KISP,03NY
13680,ESNZ,ESSA
13681,KMGW,KAGC
13682,KCMH,KORD
13683,EHAM,LKPR
13684,LIPE,EBCI
13685,KMKE,KSDF
13686,KSRQ,KJFK
13687,KBWI,KDAL
13688,KSAN,KDFW
13689,KSLC,KRIR
13690,KORL,KBOS
13691,KATL,KTUS
13692,KBNA,KSTL
13693,LFPG,DAAG
13694,KVNC,KAPF
13695,KOAK,CA66
13696,KATL,KIAD
13697,KDFW,KEWR
13698,EGLL,EGAC
13699,KLAX,KBWI
13700,KDMW,KJYO
13701,KORL,KSTL
13702,KLAS,KSLC
13703,KCDW,2NK9
13704,KCLT,KBNA
13705,LSZH,LOWW
13706,LEMD,LEAL
13707,KOAK,KLAX
13708,KONT,KDFW
13709,EHAM,EDDM
13710,ULLI,UUWW
13711,KCRQ,KMYF
13712,KGRI,KDFW
13713,KCLT,KDAL
13714,KN81,KN14
13715,KATL,KIAD
13716,KLGA,KMIA
13717,EGNX,LIMC
13718,EGAA,EGCC
13719,CYVR,CYYJ
13720,KBNA,KIAD
13721,LEMG,LEMD
13722,KCMA,KSNA
13723,KDEN,KORD
13724,EDDP,LFPG
13725,LEMH,LEPA
13726,KDEN,KSFO
13727,KPSP,KHHR
13728,KPHL,KATL
13729,KDCA,KPVD
13730,KAVQ,KP19
13731,KOAK,KSNA
13732,KGXY,KBJC
13733,KMSP,KPHL
13734,KSFO,KIAD
13735,KDFW,KSEA
13736,LSGG,LFBD
13737,KSTL,KBNA
13738,LEMD,LEPA
13739,KSMF,KPDX
13740,KLGA,KRDU
13741,KDTW,CYUL
13742,KPHL,KIAD
13743,KSBP,KPRB
13744,KSEA,KRIR
13745,KADS,KTKI
13746,UUWW,ULLI
13747,LFPG,LIML
13748,LIMC,LIBD
13749,LFPO,LPPT
13750,CA66,KC83
13751,EGSS,LIMC
13752,KGEG,KPDX
13753,KN03,KITH
13754,KPHX,KSMF
13755,KTEX,KAPA
13756,KLGB,KCRQ
13757,KFLL,KBOS
13758,LEMD,LEMG
13759,K2K9,KRVS
13760,K61B,KU30
13761,KSFO,KLAS
13762,LSZM,EDDB
13763,KMJX,KTTN
13764,KDEN,KMCI
13765,KPHL,KCLT
13766,KTEB,KMTN
13767,EDDK,EPKT
13768,KBWI,KRDU
13769,KLGA,KATL
13770,KAFW,KSEA
13771,LEMD,LEIB
13772,KSLC,KBOI
13773,KHPN,KCLT
13774,KBUF,KDTW
13775,KCLT,KDAY
13776,KDFW,KATL
13777,KPDX,KBOI
13778,KTEX,KAPA
13779,KORF,KBWI
13780,KPSP,KORD
13781,CYUL,KFLL
13782,KTOA,KSNA
13783,EPGD,EGKK
13784,TJSJ,KMIA
13785,KSMF,KLAX
13786,KFLL,KSTL
13787,LIMC,LICP
13788,KTUL,KDFW
13789,KDCA,KFLL
13790,18AZ,42AZ
13791,KSRQ,KATL
13792,KCLT,KSTL
13793,SN59,KLWC
13794,KPDX,KSAN
13795,KSAN,KORD
13796,ESSA,EHAM
13797,EETN,EVRA
13798,KDEN,KBKL
13799,KCMH,KDFW
13800,KPDK,KECP
13801,YPJT,YBUN
13802,KAVP,KCLT
13803,LFBD,LIME
13804,KDFW,KSFO
13805,KBUR,KLAS
13806,KRSW,KATL
13807,KAPA,KSDL
13808,EGPH,EHAM
13809,ENBR,ENGM
13810,KDEN,KATL
13811,LEMD,LEBL
13812,EGLL,LEMD
13813,KCLT,KSAT
13814,KDEN,KMSP
13815,KLAX,KSFO
13816,KF70,KAVX
13817,EDDH,LOWW
13818,KBED,NH78
13819,KDFW,KPHX
13820,EDDF,LOWW
13821,KSAN,KPHX
13822,CYUL,KBOS
13823,LIME,LIBR
13824,KECP,KATL
13825,KSTL,KMSP
13826,KPHX,KSAT
13827,LGAV,EGCC
13828,KCLT,KDAL
13829,LEPA,LSZH
13830,KFHR,KBFI
13831,CYVR,CYYZ
13832,CYYJ,CYYC
13833,KPDX,KLAX
13834,KBOI,KPHX
13835,KSJC,KSLC
13836,KSTL,KCLT
13837,KLGB,KEMT
13838,EDDF,EFHK
13839,KAVQ,KMZJ
13840,KDFW,KMCI
13841,KJNX,KRDU
13842,KLOT,KC09
13843,KONT,KPDX
13844,KIAH,KDEN
13845,KDFW,KRSW
13846,KPDK,KWDR
13847,NZGB,NZAA
13848,KAUS,KSLC
13849,KSDL,26AZ
13850,KMDT,KCLT
13851,KIAD,CYYZ
13852,KSEA,KTUS
13853,KTUL,KHOU
13854,ENUL,ENZV
13855,KDFW,KCOS
13856,KSNA,KVIS
13857,KORF,KCLT
13858,KDFW,KIAD
13859,CYYZ,CYVR
13860,KBOI,KSEA
13861,VOBL,WMKK
13862,KVPC,KFTY
13863,KDEN,KSTL
13864,KVGT,KU08
13865,KGRR,KDTW
13866,KBUR,KPHX
13867,KDFW,KLAS
13868,KIAH,KIAD
13869,LEMG,LSZH
13870,LFPO,LFBO
13871,KBOS,KBKL
13872,6GA0,KLZU
13873,LFBO,LFPO
13874,KDFW,KHOU
13875,EDDF,EPWA
13876,KSTL,KDEN
13877,KPHX,KSLC
13878,KATL,KEWR
13879,YSCB,YMML
13880,LPPD,LPPR
13881,EKCH,LKPR
13882,KWHP,KEMT
13883,KAUS,KSLC
13884,KATL,KDTW
13885,KLNS,KOQN
13886,KIAD,KFLL
13887,KBUR,KCCR
13888,KDFW,KPSP
13889,KOAK,KPHX
13890,KBUF,KBOS
13891,KDFW,KSDF
13892,KRSW,KBWI
13893,KSLC,KSAN
13894,KSTS,KPHX
13895,EPWA,EGLL
13896,23NJ,KPHL
13897,KMCI,KMIA
13898,KLAX,KSFO
13899,KCLT,KPHX
13900,TJSJ,KMIA
13901,KU08,KVGT
13902,LEBZ,LEMD
13903,KDTW,6NY2
13904,KGAI,KHGR
13905,KFLL,KATL
13906,EHAM,LEMG
13907,KORD,KSTL
13908,ENVA,ENBO
13909,EGLL,EKCH
13910,KIND,KBWI
13911,KPHX,KSEA
13912,VABB,OMDB
13913,KMDW,KLUK
13914,KSTL,KEWR
13915,KDEN,KLAX
13916,KUAO,67OR
13917,KDCA,KDAL
13918,KCCR,KSNA
13919,KSRQ,KCMH
13920,KDTW,II81
13921,KBOI,KSMF
13922,KSFO,KPHL
13923,KONT,KPHX
13924,KCMH,KDTW
13925,KSEE,KDVT
13926,KPAO,KO69
13927,KBNA,KDTW
13928,KSJC,KLAX
13929,KAPA,CO96
13930,VECC,VIDP
13931,KATL,KPHX
13932,ENVA,ENBO
13933,EPKK,UKBB
13934,KDEN,KDCA
13935,KAPF,KHPN
13936,SBCO,SBGR
13937,KLAX,KSFO
13938,KCLT,KIAD
13939,ELLX,LOWW
13940,KN14,KMIV
13941,EGCC,EIDW
13942,KFLL,KDFW
13943,OMDB,VIDP
13944,KJFK,KORD
13945,KTEB,KMIA
13946,KSMF,KLAX
13947,KMCI,KDAL
13948,KDFW,KVPS
13949,KHWD,KVCB
13950,EBMB,LOWW
13951,KBDR,KFRG
13952,KCMH,KEWR
13953,UUEE,UWKD
13954,KSTL,KPHX
13955,LFPG,EPWA
13956,KSMO,KCMA
13957,LFLL,LFBD
13958,KLAX,KDAL
13959,ENGM,ENVA
13960,KDTW,KMSP
13961,SKBO,MROC
13962,LPPT,LFPO
13963,KMCI,KISM
13964,KX06,KSPG
13965,KATL,KTYS
13966,KTEB,KPTK
13967,KATL,KORF
13968,KCLE,KBOS
13969,KSMF,KSLC
13970,LEMD,LPPR
13971,EDDM,EPWA
13972,KAPA,KPHX
13973,KJFK,KROC
13974,LFPO,LEBL
13975,KDAL,KATL
13976,KDTW,KBOS
13977,KDCA,KCLT
13978,3PN9,PN66
13979,3PN9,PN66
13980,KTUL,KATL
13981,KLAX,KORD
13982,CYTZ,CNY4
13983,KATL,KOMA
13984,KBWI,KBUF
13985,KPDK,KVPC
13986,KORD,KDFW
13987,KVNC,KSRQ
13988,KATL,KMIA
13989,KMSP,KDTW
13990,KSDF,KMDW
13991,KLGA,KDFW
13992,KFLL,KLGA
13993,LEPA,LEBL
13994,KDTW,KBNA
13995,EKCH,EVRA
13996,LIRF,LFPG
13997,50OH,KUSE
13998,EDDK,EDDM
13999,KBOS,KATL
14000,KTEB,KMIA
14001,KATL,KLGA
14002,EGPF,EGGD
14003,NZAA,NZCH
14004,KMMU,KBED
14005,KAGC,3PN9
14006,KLAX,KOAK
14007,KCMA,KLGB
14008,KSFO,KABQ
14009,KATL,KLAX
14010,KIAH,KPHX
14011,KSNA,KPHX
14012,CYYC,CYYZ
14013,KSMF,KPHX
14014,KORD,KMSP
14015,KHSV,KATL
14016,KCMH,KCLT
14017,KAUS,KJFK
14018,KSJC,KPHX
14019,KLVK,KE16
14020,KCDW,4NY1
14021,MO43,KSUS
14022,KSAN,KLAS
14023,EHAM,LOWW
14024,KLGA,KDTW
14025,LEIB,LEPA
14026,KUAO,KMMV
14027,KSDL,19AZ
14028,EBMB,LEMG
14029,KPYM,KFMH
14030,KDEN,KEWR
14031,KDFW,KBNA
14032,KMJX,KTTN
14033,KALN,K3LF
14034,LEPA,LEBL
14035,KATL,KPHL
14036,NZCH,NZOM
14037,KHWD,KVNY
14038,UWWW,UUWW
14039,KATL,KDEN
14040,PANC,KSEA
14041,KGRR,KMDW
14042,LFML,LFFI
14043,K9A1,KPDK
14044,KSFO,KSEA
14045,KDFW,KISM
14046,TXKF,KTEB
14047,KRDU,KPDK
14048,KTYS,KDFW
14049,LEMG,EGLL
14050,KBLM,KN87
14051,KGEG,KPHX
14052,KDTW,KABE
14053,KORD,CYYZ
14054,CYYC,CYYZ
14055,KSLC,KLAS
14056,EGPH,EGKK
14057,KATL,KHOU
14058,KDFW,KABQ
14059,KPHX,KBOS
14060,NK43,KIAD
14061,KABE,KATL
14062,KDFW,KPHL
14063,KCLE,KDTW
14064,KVNC,KSRQ
14065,KSNA,KDFW
14066,LFPG,EGLL
14067,KSEA,KORD
14068,5OR5,KBDN
14069,KSFO,KSEA
14070,KMCI,KMSP
14071,EDDL,LOWW
14072,KDTW,KPIT
14073,KPHX,KLAX
14074,KLAS,KPHX
14075,LDZA,EDDK
14076,LPPR,LFPO
14077,ELLX,LEMD
14078,KBUR,KHOU
14079,KPDX,KPSP
14080,KDEN,KLAS
14081,KFFZ,KE95
14082,KSLC,KSJC
14083,KEWR,KROC
14084,KDEN,KMSP
14085,KORD,K29M
14086,KORD,KABE
14087,KTCY,KSQL
14088,KRSW,KBOS
14089,EDDW,EDDM
14090,61VA,KJYO
14091,KMDW,KFLL
14092,KATL,KSRQ
14093,KLAS,KMDW
14094,K9A1,GA82
14095,KDTW,KORF
14096,KISP,KDXR
14097,KVPS,KATL
14098,KATL,KDTW
14099,KDMW,KGAI
14100,KTDF,KRDU
14101,EGGD,EGAA
14102,KPDX,KOAK
14103,EGAC,EGLC
14104,KFLL,KIAD
14105,KSUS,KAPF
14106,KDFW,KEWR
14107,CYYC,KPHX
14108,KRDU,KATL
14109,KSFO,KMDW
14110,KOAK,KSLC
14111,KMCI,KIAD
14112,K61B,KU30
14113,LIPE,LIBD
14114,YCBG,YMML
14115,EGLL,LSGG
14116,KSAN,KATL
14117,KPHX,KSJC
14118,NZCH,NZPM
14119,KORE,MA52
14120,KABQ,KPHX
14121,KMDW,KDCA
14122,KORD,KPHL
14123,CYYZ,CYVR
14124,YMML,YPAD
14125,VHHH,RKSI
14126,LEPA,LEAL
14127,LIMC,LOWW
14128,KSLC,KSDL
14129,KPDX,KLAX
14130,KLAX,KSFO
14131,ENBR,ENGM
14132,KCEU,SC24
14133,KRDU,KPGV
14134,EDDF,LMML
14135,KOAK,KSEA
14136,KCMH,KCLT
14137,KHSV,KDFW
14138,KLAX,KPHX
14139,KIND,KEWR
14140,KDFW,KSAF
14141,KHPN,KMIA
14142,KSAT,KDAL
14143,KRHV,KWVI
14144,KDFW,KORD
14145,KTEB,KFRG
14146,KAUS,KADS
14147,UUEE,UWWW
14148,EHAM,LFRS
14149,ENGM,ENVA
14150,LFQQ,LFBD
14151,KSFO,KSLC
14152,KSNA,KSLC
14153,KSYR,KTEB
14154,EGHQ,EGLL
14155,KLAS,KRIR
14156,KSFO,KTUS
14157,KORD,KSEA
14158,EBMB,LIML
14159,KPHX,KDFW
14160,KMCI,KSAN
14161,VHHH,RPLL
14162,KGXY,KAPA
14163,LTFJ,EDDK
14164,KOAK,KAPC
14165,KMIA,KDTW
14166,CYXE,CYYZ
14167,CYKA,CYYC
14168,KPSP,KSNA
14169,SKBO,KMIA
14170,KMSP,KLGA
14171,KRSW,KSTL
14172,KDFW,KSTL
14173,KRVS,OK13
14174,KLAX,KSMF
14175,KSJC,KSMF
14176,KHEF,KCJR
14177,TJIG,02PR
14178,EGGD,EGPH
14179,KTEB,KBUF
14180,KIAD,KOPF
14181,KPDX,KORD
14182,KLAS,KORD
14183,KATL,KMDW
14184,KMIA,KFXE
14185,OTHH,VABB
14186,KSFO,CYVR
14187,KATL,KRSW
14188,KDFW,KHOU
14189,KSAT,KDFW
14190,ULLI,UUWW
14191,LPPR,LFPO
14192,KPHX,KPSP
14193,KBOS,KMIA
14194,KBUR,KOAK
14195,CYYC,CYUL
14196,KTUL,KISM
14197,KFMY,KFXE
14198,LEZL,LFPO
14199,KBED,KIAD
14200,GA77,KRYY
14201,KSAN,KPAE
14202,KDEN,KSEA
14203,KLAS,KSMF
14204,KDFW,2IL3
14205,EDDB,ESSA
14206,KATL,KDFW
14207,KORD,2IL3
14208,KATL,KPIM
14209,KFFZ,KE95
14210,EGGP,LEMG
14211,KCVG,KEWR
14212,KORD,2MO1
14213,K5C1,KERV
14214,KTEB,KOPF
14215,EGKK,LEMD
14216,EDDW,EDDS
14217,KSEA,KATL
14218,KFLL,KBWI
14219,KOPF,KMIA
14220,KFFZ,KDVT
14221,LEMG,EGGD
14222,KBUR,KMDW
14223,KSNA,KLAS
14224,NZNV,NZCH
14225,ENZV,ENGM
14226,KDAL,KMDW
14227,CYYZ,CYOW
14228,ENGM,EPWA
14229,KPDX,KPAE
14230,RPLL,VHHH
14231,KEWR,KDFW
14232,KHPN,KTEB
14233,KBNA,KLGA
14234,KPHL,KBOS
14235,KBUF,KPHL
14236,KMSP,KIAD
14237,KFLL,KMSP
14238,KBWI,KORF
14239,KLAS,KLAX
14240,KTUS,KPHX
14241,PANC,KLAX
14242,LPPT,LPPR
14243,KRSW,KMSP
14244,KIND,KDTW
14245,EGSS,LIRP
14246,KEWR,KFYJ
14247,KLAX,KSLC
14248,KMSP,KMKE
14249,KHYA,KFMH
14250,KADS,KFTW
14251,KORD,KSDF
14252,CYUL,KIAD
14253,ENUL,ENBO
14254,KDTW,KDCA
14255,KBNA,KDAL
14256,KAUS,KDAL
14257,KCLE,KATL
14258,KSEE,CA75
14259,KSEA,MT54
14260,KTDF,KRDU
14261,KMIA,FD37
14262,KPSP,KSEA
14263,KSDF,KDAL
14264,KDTW,VT26
14265,KATL,KLAS
14266,KDFW,KBOS
14267,ENVA,ENBO
14268,KSNA,KPHX
14269,KORL,KORD
14270,KEWR,KATL
14271,EHAM,EDDB
14272,KSEA,KPHX
14273,KSFO,KORD
14274,KLNS,KGAI
14275,KMSP,KEWR
14276,KLUK,KCGF
14277,KSMF,KPDX
14278,KDTW,KTYS
14279,KPDX,KSLC
14280,LFPO,LEMD
14281,KLGB,KPHX
14282,NZCH,NZAA
14283,KBWI,KATL
14284,KGEG,KLAS
14285,KSMO,KOXR
14286,KMDT,KIAD
14287,KCLT,KATL
14288,KORD,KSAN
14289,KEWR,KMIA
14290,MA72,KBOS
14291,KDTW,KMSP
14292,KSDL,KGYR
14293,LIMC,EGGW
14294,EBMB,EGLL
14295,KMDW,KBOS
14296,KDAL,KSTL
14297,KDFW,2MO1
14298,01VA,KJYO
14299,SBGL,SBSP
14300,KMSP,KLAS
14301,KDCA,KATL
14302,KSNA,KPHX
14303,KSAN,KSTS
14304,KDTW,KIAD
14305,KORD,KPHX
14306,KORL,KHSV
14307,LEMD,EGGD
14308,NZAA,NZAP
14309,KSMF,KLAS
14310,LPPR,LFBD
14311,KEWB,MA72
14312,KSDL,18AZ
14313,KAUS,KMCI
14314,KVPS,KDFW
14315,KRSW,KBKL
14316,KLGB,KPHX
14317,KMCI,KLGA
14318,KHSV,KIAD
14319,OR04,KBDN
14320,VOMM,OMDB
14321,KSNA,KSBA
14322,KSEA,KPDX
14323,KMDW,KTEB
14324,EKYT,EKCH
14325,KIAD,KCMH
14326,KPAO,KHAF
14327,EDDF,EDDC
14328,KMIA,KMSP
14329,EDDM,EDDL
14330,KLAX,KORD
14331,KWHP,KL70
14332,KDAL,KECP
14333,KFRG,KIAD
14334,YMML,YMHB
14335,KLAS,KSLC
14336,KORD,KBOS
14337,SBRJ,SBGR
14338,KVNY,KOPF
14339,KDEN,KLAS
14340,LPPR,LIME
14341,2OK4,KRVS
14342,KTEB,KBED
14343,KMSP,KPHX
14344,TJSJ,KJFK
14345,KCDW,NK07
14346,KSLC,KOAK
14347,KORD,KGRB
14348,LOWW,EDDH
14349,CYYZ,CYYC
14350,SBGR,SBRJ
14351,KDTW,CYYZ
14352,KBWI,KBOS
14353,KDEN,KATL
14354,EBMB,LKPR
14355,NZPM,NZCH
14356,KAUN,KO70
14357,KMDW,KLGA
14358,EHAM,LFPG
14359,KBFI,KS50
14360,KSDF,KRIR
14361,SPJC,SPST
14362,KMSP,KRSW
14363,KATL,KMCI
14364,36GA,KPDK
14365,NZCH,NZOI
14366,KSRQ,KBOS
14367,KDFW,KLGA
14368,KSMO,KSBP
14369,VIDP,VHHH
14370,KVNC,KFXE
14371,KSEA,KLAS
14372,KDAL,KCMH
14373,EDDF,EDDM
14374,KDEN,KSEA
14375,KPIT,KDCA
14376,NK79,KCDW
14377,KMSN,KATL
14378,KCMH,KRSW
14379,OMDB,OBBI
14380,KLZU,67GA
14381,LEAL,LEPA
14382,KJFK,KATL
14383,KA39,KCHD
14384,KPSP,KSNA
14385,ELLX,EDDB
14386,KORD,KDTW
14387,LFPG,LOWW
14388,KOMA,KISM
14389,KTUS,AZ19
14390,KMDW,KDTW
14391,KMSP,KBWI
14392,KSDL,18AZ
14393,KBUR,KLAS
14394,LPPT,EHAM
14395,EGKK,LEBL
14396,KROC,KPHL
14397,KBWI,KBNA
14398,KONT,KPHX
14399,KFFZ,KE95
14400,UUWW,ULLI
14401,KEWR,KIAD
14402,KORD,KBOS
14403,TJSJ,KATL
14404,KDEN,KTUL
14405,CYVR,CYYC
14406,KLAS,KATL
14407,EGLL,LEBL
14408,KAWO,15WA
14409,ENZV,ENGM
14410,KSNA,KSEA
14411,KPTK,KDET
14412,KMDW,KCLT
14413,KSEA,KSBP
14414,LTFJ,EDDK
14415,KGEG,KSEA
14416,KORD,KMKE
14417,KDCA,KECP
14418,KPSP,KPHX
14419,CYYC,KMSP
14420,KFLL,CYUL
14421,ESSB,LSGG
14422,EHAM,LFBD
14423,KIND,KIAD
14424,KN14,KMJX
14425,KDEN,KJFK
14426,KATL,KDFW
14427,KLGA,KATL
14428,EDDB,LEMD
14429,KMIT,KPHX
14430,KDEN,KBOI
14431,KFTW,KSAT
14432,KFMH,KPYM
14433,EGPH,EKCH
14434,KMDW,KSDF
14435,UMMS,UKKK
14436,KATL,KGRB
14437,LFPO,LEMD
14438,KSJC,KMDW
14439,KPTK,KD95
14440,KLOU,3IN6
14441,KSNA,KSLC
14442,24FL,KNKL
14443,47PA,KIAD
14444,KHWD,KRHV
14445,KLAX,KSNA
14446,CYVR,CYYC
14447,KSFO,KSAN
14448,KPDX,KBOI
14449,LEMG,LSGG
14450,KPHX,KHOU
14451,8MA4,MA52
14452,LPPR,LSZM
14453,KRDU,KBWI
14454,KMIA,KATL
14455,LIMC,LIRF
14456,KSNA,KSBA
14457,KORD,KMIA
14458,KRSW,7PS7
14459,KAPA,KSNA
14460,KPRB,KSNS
14461,KOMA,KSLC
14462,KSAF,KDAL
14463,KRYY,KVPC
14464,KSEA,KLAS
14465,OMDB,VIDP
14466,KPDX,KMSP
14467,WV22,KFDK
14468,KLAX,KMIA
14469,KLGB,KL70
14470,KFOK,KFRG
14471,KPHL,KIAD
14472,KTOL,KORD
14473,KSTL,KIAD
14474,KLAX,KMSP
14475,KDEN,KDFW
14476,KPWK,KTEB
14477,KFTW,1OK9
14478,LFBO,LFPO
14479,KBWI,KROC
14480,KCHD,KDVT
14481,KSMF,KMDW
14482,KOAK,KMDW
14483,KSEA,KSFO
14484,KSAN,KPHL
14485,YPAD,YBBN
14486,KGEG,KSEA
14487,KDFW,KHSV
14488,KFAT,KOAK
14489,KCDW,KFWN
14490,KDFW,KSDF
14491,KPDX,KOAK
14492,KDVT,KCGZ
14493,UUEE,ULMM
14494,KSTL,KLGA
14495,NZWP,NZKE
14496,KMSN,KDFW
14497,KTTD,6OR8
14498,EGTK,ESSA
14499,ELLX,EGSS
14500,KPHX,KSTL
14501,LIME,EPWA
14502,KATL,KECP
14503,LIMC,LOWW
14504,KHPN,KTEB
14505,EHAM,EDDM
14506,LIRA,LEMD
14507,KABQ,KPHX
14508,NZCH,NZWN
14509,KTKI,KADS
14510,EDDK,EDDH
14511,KCLT,KDFW
14512,KOAK,KBNA
14513,KDAY,KIAD
14514,EBCI,LPPT
14515,KUAO,K7S9
14516,SBSP,SBBR
14517,KVNY,KSBA
14518,KORD,4IL8
14519,KEWR,KATL
14520,KRDU,KMCF
14521,KRDG,KN47
14522,LPPT,LFPO
14523,KSTL,KK52
14524,YPAD,YSCB
14525,EGLL,LOWW
14526,MROC,KFLL
14527,KMCI,KDFW
14528,KFLL,KRDU
14529,KLAX,KOAK
14530,KDFW,KBMI
14531,NZWN,NZCH
14532,EGGW,EPWA
14533,KVIS,KMOD
14534,EDDP,UUDD
14535,KATL,KSLC
14536,EHAM,EFHK
14537,LPPR,LEMD
14538,KPHX,KSEA
14539,KMIA,KEWR
14540,EGSS,EKCH
14541,KRSW,KBKL
14542,KSAN,KLAS
14543,KJFK,KMIA
14544,KLZU,KGVL
14545,KATL,KVPS
14546,KE16,KLVK
14547,KATL,KORD
14548,KLAX,KORD
14549,KMYF,KCMA
14550,ENGM,ENZV
14551,WMKK,VHHH
14552,KABQ,KPDX
14553,KPDK,K9A1
14554,KPHX,KMSP
14555,KCLT,KORD
14556,KORD,KSRQ
14557,ULLI,ULMM
14558,KHOU,KMDW
14559,KAPF,KTYS
14560,YSSY,YSWG
14561,KMSP,KATL
14562,KFLL,KJFK
14563,LOWW,LSZM
14564,YMML,YPPH
14565,NZWN,NZNV
14566,KHOU,KMIA
14567,KCLT,KRDU
14568,KAVQ,KFFZ
14569,KSRQ,KDFW
14570,KECP,KDFW
14571,KGRR,KDFW
14572,KPRC,KSDL
14573,KFFZ,KA39
14574,KPHX,KLAX
14575,KDFW,KSAN
14576,KDEN,KMDW
14577,KLAS,KSEA
14578,KRDU,KRWI
14579,EGBB,EGAC
14580,LEAL,EGCC
14581,LEMG,EGCC
14582,LSZH,LEBL
14583,KJYO,61VA
14584,CYQQ,CYYC
14585,KMIA,SKMA
14586,KFLL,KDAL
14587,EGLL,EGAC
14588,KTYS,KPGD
14589,TJSJ,FD37
14590,LFML,LFPO
14591,EDDM,EIDW
14592,NZWN,NZRI
14593,OMAA,VABB
14594,EHAM,EDDB
14595,EDDK,EDDB
14596,LIRF,LOWW
14597,KPSP,KORD
14598,LFOB,LHBP
14599,KLAX,KPDX
14600,KEWR,KMIA
14601,KTPA,KMCI
14602,KSDF,KDEN
14603,KBUR,KPHX
14604,LPPT,LSGG
14605,LIRA,EBCI
14606,KBNA,KDFW
14607,CYYZ,CYUL
14608,LFBD,EGKR
14609,KJFK,KORD
14610,KPHL,KBKL
14611,KCLT,KEWR
14612,KVAY,KN87
14613,EHAM,EGLL
14614,NZCH,NZWN
14615,2OK4,KRVS
14616,OMSJ,VABB
14617,KRSW,KIAD
14618,KLAX,KFLL
14619,KSEA,KSFO
14620,KMDW,KORF
14621,JY04,KMQS
14622,EHAM,ENGM
14623,EGCC,EGAA
14624,KCLT,KTYS
14625,KLGA,KIAD
14626,KWVI,KSCK
14627,KEWR,KRDU
14628,LSZH,EKCH
14629,KRDU,KHNZ
14630,KATL,KMIA
14631,KDFW,KHHR
14632,KABQ,KDFW
14633,LIRF,LSGG
14634,KBOS,KCLT
14635,CYYZ,KIAD
14636,KWDR,KPDK
14637,EHAM,LSZM
14638,EHAM,LFBO
14639,KSMF,KSBD
14640,KSEA,KPHX
14641,KBUR,KSEA
14642,EGAA,EGBB
14643,KSJC,KSLC
14644,KLAX,KSEA
14645,KIAD,TX61
14646,KCLT,KMIA
14647,CYUL,CYYZ
14648,LPPT,LEMD
14649,KATW,KMSP
14650,LFPO,LFRJ
14651,LOWW,EHAM
14652,KABQ,KLAS
14653,KSEA,KSAN
14654,KGAI,KDMW
14655,KLAS,K61B
14656,KFLL,KEWR
14657,KMSP,KPHL
14658,KLAS,KOMA
14659,KLAX,KPHL
14660,EHAM,EKCH
14661,KPIT,KEWR
14662,KSNA,KHHR
14663,NZGB,NZAA
14664,ENZV,ENBR
14665,KSFO,KMSP
14666,KBOI,KORD
14667,EDDF,EGLC
14668,KPHX,75DC
14669,KHOU,KBNA
14670,KBUR,KLAS
14671,YPAD,YBBN
14672,LEMD,LSGG
14673,KLAF,KCFJ
14674,CYYZ,KDCA
14675,EHAM,LEMD
14676,KDPA,KMDW
14677,KRSW,KBKL
14678,KLGA,KRSW
14679,KLAX,KDAL
14680,KPHL,KSDF
14681,KAJO,KF70
14682,1WA9,KBVS
14683,KTPA,KDTW
14684,YMML,YBCG
14685,KORD,KMSN
14686,KLAX,KATL
14687,EPKK,EPGD
14688,KPHX,KDTW
14689,EHAM,EDDH
14690,ELLX,LIMC
14691,KLAS,KBOI
14692,KDCA,KRSW
14693,KSEA,KMDW
14694,KORD,KROC
14695,KDXR,KISP
14696,JY04,KTHV
14697,KSNA,KAJO
14698,EGCC,EGPD
14699,NZAA,YMML
14700,KBOS,KMSS
14701,KSDF,KMIA
14702,KMSP,KSJC
14703,KUES,KDPA
14704,KDAL,KPIE
14705,KLVK,KSAC
14706,20MO,KMKC
14707,KPSP,KHHR
14708,KWWD,KN87
14709,KDTW,KATL
14710,KAJO,KEMT
14711,EBLG,EGNX
14712,KCLT,KMKE
14713,EHAM,LKPR
14714,ESSA,EDDH
14715,KSTL,KDFW
14716,KOAK,KAPA
14717,KJFK,KFLL
14718,UUEE,ULLI
14719,EDDF,ENGM
14720,KCDW,NK07
14721,KBFI,KS50
14722,KSNA,KSBA
14723,LIBD,LIMC
14724,KPHL,KORF
14725,LSZH,EDDL
14726,EVRA,UKKK
14727,LFPG,LPPT
14728,ENGM,ENVA
14729,NH78,KBED
14730,EHAM,EPGD
14731,KCLT,17NC
14732,KL70,KWHP
14733,KCLT,KDTW
14734,KEWR,KMSP
14735,KRDU,KHKY
14736,KSLC,KLAS
14737,LEMG,LKPR
14738,KAJO,KEMT
14739,KHAF,KPAO
14740,EDDF,EETN
14741,KSEA,KSNA
14742,LPPD,LPPT
14743,KMSP,KMDW
14744,KLAS,KBUR
14745,KPHL,KBNA
14746,KMSP,KDCA
14747,KLOU,3IN6
14748,CYYJ,CYVR
14749,NZRO,NZWN
14750,EDDF,LDZA
14751,35OR,KBDN
14752,EBLG,EGNX
14753,KLAX,KMDW
14754,KHWD,KWVI
14755,KATL,SC32
14756,KSAT,KHOU
14757,EIDW,ELLX
14758,EDDF,EKCH
14759,KFLL,KBWI
14760,KBOI,KSEA
14761,CYCD,CYYC
14762,KLAX,KLAS
14763,KTYS,KIAD
14764,KSEA,KSJC
14765,KRFD,KSEA
14766,KE25,KDVT
14767,YMML,YPPH
14768,EHAM,UKBB
14769,KBFI,KFHR
14770,OMDB,OBBI
14771,KDEN,KBOS
14772,KCLT,KW91
14773,KDAL,KFLL
14774,EDDL,EDDH
14775,KPTK,KFNT
14776,KADS,KTKI
14777,KMDT,KPIE
14778,LIPE,LICJ
14779,KATL,KDCA
14780,KRDU,KCLT
14781,CYYZ,KORD
14782,LPPT,EGKR
14783,NZCH,NZHN
14784,KSEA,KPDX
14785,KOKB,KSEE
14786,KRVS,KGKY
14787,KMSP,KBOS
14788,KDFW,KDEN
14789,TJSJ,KMIA
14790,KLAX,KLAS
14791,TE57,K5C1
14792,KFLL,CYYZ
14793,KIAD,KBOS
14794,KPDX,KORD
14795,EKCH,LOWW
14796,EBMB,EKCH
14797,EGSS,EKBI
14798,KRDU,4NC7
14799,KSLC,KLAX
14800,KSMO,KCRQ
14801,EHAM,ESSA
14802,KSYR,KIAD
14803,KGYR,KSDL
14804,OR28,64OR
14805,CYYZ,CYYC
14806,KGVT,KTKI
14807,EDDP,LIRA
14808,LTFJ,EDDV
14809,YSSY,YCNK
14810,KDCA,KMSP
14811,KSTL,KLAS
14812,KBNA,KMSP
14813,KIAD,KHPN
14814,KRIV,KBWI
14815,TVSA,TBPB
14816,LIRF,ELLX
14817,KAPA,KFNL
14818,KORF,KBNA
14819,EDDH,LSZM
14820,KHHR,KSQL
14821,EDDM,EDDH
14822,KOAK,KSEA
14823,KSEA,KBOI
14824,KORD,KDTW
14825,CYYZ,CYQB
14826,KSNA,KLAS
14827,KDEN,KATL
14828,KRDU,KIAD
14829,KSTL,KDEN
14830,KPGD,KFMY
14831,KCOE,ID13
14832,EDDP,LFPG
14833,KMSP,KRSW
14834,KFFC,64GA
14835,KSEA,KLAX
14836,KPHX,KMDW
14837,SBSP,SBBR
14838,KBFI,KBOI
14839,KGSO,KCLT
14840,EHAM,ESGG
14841,EDDF,EKCH
14842,KLAS,KOAK
14843,KFWN,KCDW
14844,KSEA,CYVR
14845,EDDF,ESGG
14846,6OR8,KTTD
14847,CYYZ,KDFW
14848,KDEN,KPHL
14849,EKCH,ESGG
14850,EDDF,ESSA
14851,KORD,KGRB
14852,KORL,KMDW
14853,KAUS,KORD
14854,50OR,KBDN
14855,KDFW,KDTW
14856,KPHL,KROC
14857,KSEA,KDFW
14858,EDDM,EDDH
14859,KLAX,KSNS
14860,ULLI,UUDD
14861,YWLM,YSCB
14862,EGLL,LPPT
14863,KATL,KMKE
14864,CYYZ,KEWR
14865,KORD,KMCI
14866,KLAS,KSNA
14867,KFLL,KDCA
14868,KMCI,KATL
14869,YBAF,YAMB
14870,KEWR,KORF
14871,5NJ2,KCDW
14872,LIRF,LEMG
14873,KAUS,KHOU
14874,KCLT,KABE
14875,KFRG,KBDR
14876,KJFK,KDCA
14877,EFKU,EFHK
14878,KDUJ,7PS7
14879,KRDU,4NC7
14880,KMDW,KBUF
14881,KSTL,KRSW
14882,KPHX,KORD
14883,VT48,KIAD
14884,YBBN,YSCB
14885,KBOS,KDCA
14886,KRVS,KOWP
14887,KSAT,KORD
14888,KHOU,KATL
14889,KSQL,KLHM
14890,KCLT,KFLL
14891,KCLT,NC06
14892,KDTW,KIAD
14893,SBGR,SSJC
14894,LOWW,EDLW
14895,KPHL,KDFW
14896,KROC,KIAD
14897,NZCH,NZNV
14898,KLNS,14PS
14899,KONT,KDEN
14900,KEWR,KFLL
14901,NZKF,NZWP
14902,KDEN,KHOU
14903,EDDP,EDDS
14904,KFLL,KHOU
14905,KCLT,KSYR
14906,CYYZ,KBOS
14907,KATL,KTUL
14908,KPHL,KRDU
14909,KBOS,KIAD
14910,KSEA,KLAX
14911,KSDF,KPHX
14912,KJFK,KORL
14913,KDEN,KSLC
14914,KORF,KSFQ
14915,LEZL,EGCC
14916,KSAN,KOAK
14917,YSTW,YSSY
14918,KRSW,CYYZ
14919,KMYF,KF70
14920,KCRQ,KCMA
14921,EDDF,LHBP
14922,KDAL,KBNA
14923,KBNA,KBWI
14924,LEPA,LEIB
14925,CYVR,CYYC
14926,KPDX,KSMF
14927,KORD,KLAS
14928,EHAM,LIRF
14929,KVPC,KPDK
14930,LFPG,LFRS
14931,EDDF,LFPG
14932,KMDW,KFLL
14933,KBWI,KATL
14934,KMSP,KBOS
14935,KSEA,KMSP
14936,KLAX,KPHX
14937,KCOS,KORD
14938,KOSU,KUYF
14939,YMML,YSSY
14940,KPHL,KORF
14941,EBLG,EIDW
14942,EBMB,ESSA
14943,YSSY,YMML
14944,KPIT,KFLL
14945,KSAT,KATL
14946,LEPA,LFPO
14947,KAJO,KRAL
14948,KBOS,KRSW
14949,EHAM,EGBB
14950,KSEA,KMSP
14951,KATL,KFLL
14952,KGLE,KADS
14953,KPDK,K9A1
14954,KMDW,KHOU
14955,KRNT,KBVS
14956,EGCC,EGAC
14957,EHAM,LIPZ
14958,KPDX,KDFW
14959,19OK,KRVS
14960,KPHL,KORD
14961,KFTW,KAPA
14962,VABB,VOBL
14963,ESSA,EKCH
14964,LFPG,LEBL
14965,KORD,KSLC
14966,NZAA,NZGB
14967,MROC,KATL
14968,EHAM,LEBL
14969,KDEN,KPDX
14970,KCOE,ID23
14971,CYYZ,KIAD
14972,KLEB,KBOS
14973,KCLT,KSDF
14974,KOMA,KDFW
14975,KEWR,KBNA
14976,EHAM,LSZH
14977,KCHD,KTUS
14978,KSFO,KSNA
14979,KFOK,KFRG
14980,KFDK,KDMW
14981,KSFO,KATL
14982,KCDW,4NY1
14983,BIKF,EBLG
14984,LFPG,EGCC
14985,KLAX,KORD
14986,CYOW,CYUL
14987,KSNA,KVNY
14988,KBED,KHPN
14989,KMIA,KBWI
14990,KBUF,KIAD
14991,KORD,KMSN
14992,KGSO,KIAD
14993,KHOU,KFXE
14994,KSJC,KSEA
14995,EPGD,EPWA
14996,KC09,KLOT
14997,KORL,KORD
14998,NK07,KCDW
14999,KCMH,KBNA
15000,KDEN,KDAL
15001,LEMD,LIME
15002,KOMA,KLAS
15003,KORD,KLGA
15004,KVAY,KN87
15005,YSSY,YBBN
15006,KRSW,KLGA
15007,EDDH,EDDS
15008,KSFO,KLAS
15009,KSNA,KVNY
15010,KDFW,KSLC
15011,OMDB,VIDP
15012,KDVT,KSMO
15013,KMSP,KIAD
15014,KATL,KHOU
15015,KFRG,KBDR
15016,KEWR,KDTW
15017,KORF,KEWR
15018,LKPR,LFPO
15019,YWLM,YBBN
15020,NZCH,NZAA
15021,KORD,KCWA
15022,KGRR,8FA4
15023,EHAM,LOWW
15024,KLAS,KORD
15025,YSSY,YSCH
15026,KBFI,KUDD
15027,KORL,KBNA
15028,KBOS,KMCO
15029,EBMB,EDDB
15030,KPGD,KTOL
15031,KFFZ,KAVQ
15032,KGPI,KORD
15033,82KY,KLOU
15034,KEWR,KCLT
15035,KSDF,KSYR
15036,KCLE,KORD
15037,KPDX,KSMF
15038,KCLT,KSRQ
15039,KSTL,MO81
15040,LPPT,EGLL
15041,KFOK,KFRG
15042,KVGT,K61B
15043,KIAD,KMMU
15044,KMSP,KORD
15045,KPHL,KDAY
15046,KHOU,KDEN
15047,KCDW,4NY1
15048,KDAL,KHOU
15049,EHAM,LHBP
15050,KBNA,KSLC
15051,NZAA,NZWR
15052,KORD,KSYR
15053,UUWW,UMMS
15054,KERV,K5C1
15055,KCLT,KROC
15056,KMIV,KN14
15057,KMKE,KATL
15058,YMML,YSSY
15059,KATL,KRSW
15060,KSLC,KSFO
15061,SBSP,SBRJ
15062,EHAM,EKCH
15063,KSNA,KOAK
15064,KFLL,KORD
15065,KSEA,KSTL
15066,LEPA,LEMH
15067,KMSP,KCMH
15068,KSMF,KSEA
15069,KEWR,KORD
15070,KLAX,KSMF
15071,KFAT,KPHX
15072,KPHX,KLAX
15073,KSBP,KPRB
15074,KCLT,KDCA
15075,LPPT,LIME
15076,KORD,KBNA
15077,EIDW,EPKK
15078,NZAA,NZCH
15079,KISP,KHWV
15080,EHAM,LPPT
15081,EDDP,EGGW
15082,KJFK,KMSP
15083,KLAS,KLAX
15084,KRSW,KBKL
15085,EHAM,EDDS
15086,KBNA,KMDW
15087,KTUS,KPHX
15088,K50F,KFTW
15089,ENBO,ENVA
15090,EDDF,LEBL
15091,EDDF,LSGG
15092,KLHM,CA16
15093,KCOE,KSDL
15094,KORD,KATW
15095,KGAI,KDMW
15096,WV22,KFDK
15097,EHAM,EBBR
15098,KORD,KDCA
15099,KCOS,KDFW
15100,KSNA,KSMF
15101,KPHL,KSYR
15102,LOWW,LIPE
15103,KSAT,KSTL
15104,KMDW,KBWI
15105,KSEA,KSMF
15106,KMSP,KGRB
15107,KLGA,KBED
15108,EHAM,LIMC
15109,KDEN,KMCI
15110,KPAE,KSAN
15111,KSMF,KDFW
15112,KORD,KATL
15113,KDEN,KBWI
15114,KMIA,KORD
15115,KONT,KOAK
15116,KHPN,KRSW
15117,KMCI,KSEA
15118,KOAK,KLAX
15119,TXKF,KATL
15120,ENBR,ENGM
15121,ENGM,EKCH
15122,KORD,KIAD
15123,YMML,YBBN
15124,KORD,KSLC
15125,K4B8,KHFD
15126,EBMB,LSGG
15127,KAVP,KIAD
15128,KLAS,KSNA
15129,KMSP,KDFW
15130,KLNS,KFDK
15131,KBOS,KMSP
15132,ENBR,ENGM
15133,KSNA,KPDX
15134,KPHX,KATL
15135,KTTN,KHEF
15136,KSAN,KDTW
15137,KVNY,KDAL
15138,KATL,KBOS
15139,KGAI,KDMW
15140,KSEA,KPSP
15141,LEPA,ESSA
15142,KDEN,KSTL
15143,KRDU,KFLL
15144,KRSW,KSTL
15145,LIMF,LICP
15146,KSRQ,KRDU
15147,KL70,KVNY
15148,KFLL,KDAL
15149,KIXD,KAPA
15150,KSBD,KWHP
15151,KHGR,KGAI
15152,KLAS,KSTL
15153,KMIA,KHPN
15154,KMDW,KMCI
15155,KA39,KSDL
15156,KATL,KBWI
15157,KDEN,KRDU
15158,KTPA,KLGA
15159,NZCH,NZRO
15160,YSBK,YKEP
15161,EHAM,LSGG
15162,KEWR,KFLL
15163,KSDF,KIAD
15164,EGAA,EGNT
15165,KTEX,KDEN
15166,KOAK,KSLC
15167,KORD,KISM
15168,KJFK,KBOS
15169,KVNY,KHHR
15170,KSDL,KVNY
15171,KFAT,KDFW
15172,KPSP,KPDX
15173,KCLT,KTOL
15174,KCLT,KLGA
15175,WA67,KSPB
15176,KATL,KLGA
15177,CYYZ,KFLL
15178,KDEN,KLAX
15179,ELLX,LPPR
15180,EDDM,EDDL
15181,EHAM,EDDF
15182,KLAX,KPDX
15183,NZCH,NZWN
15184,KCLE,KIAD
15185,KCNO,KLGB
15186,KPAO,CL77
15187,KLAS,KSEA
15188,KCLT,KMCO
15189,KPHX,KATL
15190,LFBO,LFPG
15191,LOWW,ELLX
15192,KMDW,KAPF
15193,KSEA,KYKM
15194,KEWR,KDFW
15195,KORD,KBNA
15196,KFLL,CYYZ
15197,KDCA,KMIA
15198,KAUS,KIND
15199,EDDF,EPWA
15200,KPDX,KSEA
15201,KCLT,KPHL
15202,KPHL,CYUL
15203,KSFO,KSAN
15204,KORD,CYUL
15205,KCMH,KATL
15206,KEWR,01FA
15207,KFLL,KDFW
15208,ENGM,ENVA
15209,NZWN,NZHN
15210,KDEN,KBNA
15211,KC83,KRHV
15212,KLGA,KORD
15213,KPHL,KCMH
15214,KTUS,KATL
15215,YMEN,YBSS
15216,KCNO,8CA5
15217,KBOI,KORD
15218,SBGR,SBVT
15219,KEWR,KIAD
15220,KSRQ,KRDU
15221,KCLT,KBKL
15222,KBUR,KSJC
15223,KORD,KISM
15224,EBCI,LMML
15225,KDAL,KMCI
15226,KADS,3TE3
15227,KORD,IN93
15228,KSJC,KSEA
15229,KPIT,KATL
15230,KHPN,KN69
15231,YMML,YBCG
15232,ULLI,UUEE
15233,YBBN,YMHB
15234,KOAK,KLAS
15235,KDCA,KDFW
15236,KPHL,KTYS
15237,KPDK,K9A1
15238,LFPO,LEBL
15239,SBBR,SBSP
15240,KONT,KPDX
15241,KORD,KEWR
15242,LROP,LIRA
15243,EHAM,ESSA
15244,KPGD,KMDT
15245,KRBD,KFTW
15246,KSMQ,K4N1
15247,KPAE,KBFI
15248,LFPG,LSGG
15249,KSEA,KORD
15250,KTUS,KLAX
15251,KMDW,KRDU
15252,KPHL,KMSP
15253,NK79,KCDW
15254,KSNA,KSTS
15255,KSUS,KAPF
15256,ELLX,LPPT
15257,KMSP,KDFW
15258,KATL,KSAT
15259,KAVQ,KCHD
15260,CYYC,CYXX
15261,KOMA,KAPA
15262,KSMF,KSAN
15263,KORD,KRDU
15264,LIRF,LEBL
15265,EHAM,ELLX
15266,KSTL,KATL
15267,KPHL,KDTW
15268,NZAA,NZSL
15269,KIAD,KORD
15270,KSEA,KOAK
15271,KORD,KMKE
15272,EDDF,EBBR
15273,KCLT,KORF
15274,KCLT,KCMH
15275,NZCH,NZAA
15276,KORD,OI46
15277,KLAS,KPDX
15278,KATL,KDEN
15279,KATL,KRDU
15280,KTEX,KSDL
15281,KABQ,KLAX
15282,KPHL,KATL
15283,SBRJ,SBSP
15284,KBOS,KIAD
15285,KSFO,KLAX
15286,KFLL,KDTW
15287,KBWI,KDFW
15288,KDEN,KMDW
15289,KOPF,KFMY
15290,KAPF,KMDW
15291,KATL,KMDT
15292,KCLT,KVPS
15293,LFOB,EIDW
15294,KL70,KLGB
15295,KRSW,KPHL
15296,KORD,KSTL
15297,EHAM,EIDW
15298,KDCA,KBOS
15299,KRVS,KOKM
15300,UKBB,EGSS
15301,KMKE,KDAL
15302,NZAA,NZCH
15303,KECP,KHOU
15304,KDFW,KMSP
15305,EDDP,EBBR
15306,LEMH,LEBL
15307,KAJO,KRAL
15308,KDAL,KPHX
15309,KIAD,KHPN
15310,ENGM,ESSA
15311,KTUS,KLAX
15312,PANC,6AK3
15313,KSDF,KABQ
15314,KPHL,KMSP
15315,KATL,KEWR
15316,04CL,KMYF
15317,KORD,KBWI
15318,KORD,KOMA
15319,KTUL,KDFW
15320,KI69,21OI
15321,KFDK,8MD5
15322,KRDU,KMIA
15323,KLGA,KBNA
15324,EHAM,EKBI
15325,EDDF,EDDH
15326,MROC,KMIA
15327,YSCB,YBBN
15328,KMSP,KRDU
15329,KFLL,KIAD
15330,KMIA,KDFW
15331,KDCA,KORD
15332,KORD,KDFW
15333,KSBP,KDFW
15334,KIAH,KPHX
15335,EKCH,EIDW
15336,LPFR,LPPR
15337,KABQ,KLAS
15338,KATL,KORD
15339,YBBN,YMML
15340,KLNS,KLOM
15341,KA39,KFFZ
15342,KPDK,KECP
15343,EDDF,EDDM
15344,KSAT,KPHX
15345,YWLM,YBBN
15346,KFAT,KSEA
15347,KSTL,KRSW
15348,01VA,KJYO
15349,KPHL,KSTL
15350,KDCA,KDAY
15351,KDEN,KDFW
15352,KDFW,KATL
15353,YPAD,YMML
15354,LKPR,LEBL
15355,KOAK,KRIR
15356,TXKF,KTEB
15357,KLAX,KPSP
15358,EGLL,EGPD
15359,KPHL,KMIA
15360,KATL,KBNA
15361,KCLT,KIAD
15362,KPIT,KIAD
15363,KMSP,KATL
15364,KSDF,KMIA
15365,KJFK,KMIA
15366,YSSY,YSTW
15367,KATL,KORF
15368,KMKE,KDFW
15369,LTFJ,LLSD
15370,KPHL,KMDT
15371,KDEN,KSLC
15372,KMIA,KPNS
15373,KDTW,KMDW
15374,LFPO,LFBO
15375,NZHN,NZCH
15376,KMDT,KCLT
15377,KD98,KPTK
15378,YMML,YBBN
15379,KCLT,28NR
15380,KSNA,KORD
15381,LIRF,LICP
15382,KBWI,KSTL
15383,EGNX,EGAA
15384,YBBN,YMML
15385,EBLG,ESSA
15386,KDTO,KGLE
15387,KDEN,KMSP
15388,KBOI,KPDX
15389,KPHX,KDAL
15390,KPHL,KATL
15391,KHVN,KMMU
15392,EHAM,EGPH
15393,KDEN,KSLC
15394,EDDP,EGNX
15395,KSLK,KBOS
15396,KATL,KMDW
15397,KE95,KFFZ
15398,KPHL,KISP
15399,KPDK,KGVL
15400,SBSP,SBVT
15401,KLAS,KSJC
15402,KBNA,KATL
15403,LEMD,EGCC
15404,KDCA,KATL
15405,CYYJ,CYYC
15406,EPWA,ESGG
15407,KLGA,KORD
15408,LFBO,LFPO
15409,EGAA,EGPH
15410,KIAH,KLAS
15411,KAPC,CA35
15412,KDFW,KHHR
15413,CYVR,CYYC
15414,YMML,YBMC
15415,RPLC,RCTP
15416,KCLT,KCVG
15417,KAVQ,KMZJ
15418,KSTL,KSLC
15419,KPHL,01FA
15420,KJFK,KMSP
15421,KATL,KMSP
15422,NZAA,NZOI
15423,KBWI,KPVD
15424,EDDP,EDDF
15425,LFBD,LSGG
15426,KATL,KLGA
15427,ESSA,ESNP
15428,LFPG,EGLL
15429,KMSP,KISM
15430,KORF,KDFW
15431,KSJC,KBUR
15432,KOWP,KRVS
15433,LFPG,LFBD
15434,KPHX,KSLC
15435,KDEN,KTUS
15436,LIPX,LICP
15437,KPAO,KTCY
15438,KDFW,KSAT
15439,LIPE,EPMO
15440,SBKP,SSJC
15441,KIWA,KPVU
15442,KDCA,KMKE
15443,CYXU,CYYZ
15444,KMDW,KABQ
15445,KCMH,KIAD
15446,KBOS,KFLL
15447,LEPA,LEBL
15448,KPHX,KSNA
15449,KSBA,KSNA
15450,LFPG,EKCH
15451,KORD,KSRQ
15452,KDFW,KCOS
15453,KBNA,KCLT
15454,KSEA,KPDX
15455,KMKE,KBNA
15456,KATL,KPHL
15457,KAPC,KOAK
15458,KDEN,KOAK
15459,EDDP,LHBP
15460,KRYY,KWDR
15461,KMIA,KORD
15462,KTPA,KATL
15463,KEMT,KCMA
15464,LEIB,LEMD
15465,KIND,KATL
15466,LPPR,LEMD
15467,KSTL,KBWI
15468,KORD,KMIA
15469,LEPA,LEMD
15470,KABQ,KGNT
15471,EGSS,EGAA
15472,SBSP,SBBR
15473,ENBR,ENGM
15474,KC83,KLVK
15475,KLGA,KMIA
15476,OTHH,VIDP
15477,KMYF,KF70
15478,KMIA,KBNA
15479,KDFW,KORD
15480,KSTS,KO69
15481,KATL,KEWR
15482,KCLT,KRSW
15483,EGGD,EGPG
15484,KDFW,KTYS
15485,KLNS,5PA3
15486,KIAD,KPTK
15487,KCOS,KDEN
15488,KFLL,KEWR
15489,KMDW,KCMH
15490,KFFZ,88AZ
15491,KSBA,KSNA
15492,KTEX,KSNA
15493,KDEN,KATL
15494,KSTL,KCLT
15495,KATL,KDAY
15496,LEMD,EGPH
15497,KORF,KBWI
15498,KORD,KLGA
15499,SBGR,SBBR
15500,EDDH,EDDR
15501,LFPG,EGGD
15502,KATL,KFLL
15503,NZWN,NZCH
15504,KPHL,KCLT
15505,KDVT,2AZ1
15506,YMML,YBBN
15507,KRHV,KWVI
15508,KORD,KMSP
15509,KDEN,KSEA
15510,KAVQ,KFFZ
15511,EGAA,EGGW
15512,LSZH,LKPR
15513,EGSS,LIME
15514,KCRP,XS59
15515,CYXX,CYYC
15516,NZKF,NZWP
15517,KSMO,KCMA
15518,KLAX,KORD
15519,KDEN,KRIR
15520,KSMF,KSEA
15521,KATL,KSDF
15522,KORL,KDFW
15523,KPHL,KXSA
15524,KDFW,KLAS
15525,KUGN,KMDW
15526,KBWI,KISP
15527,KCDW,4NY1
15528,KSLC,KLAS
15529,KDEN,KPHX
15530,LFPG,ESSA
15531,KDFW,KMIA
15532,NZWN,NZPN
15533,KPSP,KSFO
15534,KBOI,KSEA
15535,EHAM,EGCC
15536,KAUS,KDEN
15537,KJFK,KRDU
15538,KMIA,KBOS
15539,LSZH,LFPG
15540,KEMT,KCCB
15541,KRSW,KHPN
15542,KSBP,KPHX
15543,KSDF,KSAT
15544,KORD,KFLL
15545,KCMA,KWHP
15546,KBED,61MA
15547,KBOS,KBNA
15548,KPHX,KABQ
15549,KCMH,KCLT
15550,64OR,KTMK
15551,KDFW,KBNA
15552,VHHH,RCTP
15553,KCLE,KEWR
15554,KBOI,KPHX
15555,KATL,KDFW
15556,KSAT,KDFW
15557,KTYS,KATL
15558,KLGA,KATL
15559,SBGR,SBRJ
15560,LEZL,LEBL
15561,LEMG,LEBL
15562,YMML,YBCG
15563,KOMA,KMSP
15564,KSNA,KAPV
15565,KHAF,CA66
15566,VABB,VECC
15567,KCMA,KVNY
15568,KSDF,KATL
15569,VT52,KPBG
15570,KDEN,KABQ
15571,KLGA,KMDW
15572,KJFK,KFLL
15573,KATL,KSTL
15574,KLCK,KMRT
15575,KAPA,KADS
15576,EDDB,EGGD
15577,KPWK,K3CK
15578,KPHX,KSMF
15579,KLAX,35OR
15580,EBCI,LIPE
15581,KSFO,KSLC
15582,K9A1,KPDK
15583,KTYS,KPIE
15584,KOMA,KPHX
15585,KVGT,KTOA
15586,KDFW,KMSN
15587,KMDW,KCMH
15588,ID13,KCOE
15589,KDEN,KDFW
15590,KDTW,KEWR
15591,KPHX,KLGB
15592,LEMG,EGSS
15593,KCLT,KEWR
15594,KFLL,KMCI
15595,KE95,KFFZ
15596,VABB,VECC
15597,KAUS,KABQ
15598,KFMY,KFXE
15599,KRYY,KVPC
15600,KORD,KPIT
15601,KMVY,KBED
15602,KBNA,KDEN
15603,KD95,KPTK
15604,KSNA,KSJC
15605,KGSO,KDFW
15606,EVRA,EIDW
15607,LIRF,LIPZ
15608,KAPF,KTEB
15609,88PA,KDFW
15610,KIAH,KLAS
15611,EGPD,EGGW
15612,EKCH,ELLX
15613,KTUL,KORD
15614,KSDL,KABQ
15615,KLAX,KDFW
15616,LIME,EBCI
15617,K61B,KU30
15618,KCCR,KBUR
15619,KRSW,KDFW
15620,KPDK,KDAL
15621,KORD,KDTW
15622,KMDW,KOMA
15623,KDTW,MI38
15624,KPHL,KTEB
15625,K61B,KU30
15626,KSLC,KSFO
15627,KCRQ,KRNM
15628,KSEA,93WA
15629,KDFW,KSDF
15630,KDAY,KDFW
15631,KBFI,KCOE
15632,KDEN,KORD
15633,KATL,KTYS
15634,LFML,LFBD
15635,KEWR,KDTW
15636,NZAA,NZGB
15637,SPJC,SPST
15638,KSFO,KPDX
15639,LSZH,LSGG
15640,3TE3,KADS
15641,EHAM,EGPH
15642,KBNA,KSTL
15643,KSGF,KORD
15644,KOMA,KATL
15645,KJFK,KATL
15646,KBUF,KEWR
15647,KVUO,WN80
15648,4NJ8,KSMQ
15649,KBOS,KRDU
15650,LIRF,LIML
15651,KSMF,KLAS
15652,KAPA,KSDL
15653,KE16,KHWD
15654,KDAL,KBWI
15655,KSRQ,KPDK
15656,KDXR,KISP
15657,KPHL,6PA9
15658,KBWI,KRSW
15659,KATL,KOMA
15660,FA54,KPDK
15661,LEMG,LEMD
15662,KTPA,KBOS
15663,KSNA,KLAS
15664,KMIA,KLGA
15665,KDFW,KSLC
15666,KSEA,KBOI
15667,KSDF,KDFW
15668,EDDF,UUEE
15669,LPPT,EGSS
15670,KIAD,KFWQ
15671,KSFO,KPDX
15672,KPHL,KPVD
15673,KLNK,KORD
15674,KXBP,KFTW
15675,KORE,MA52
15676,KSFO,KSBA
15677,KPSP,CYYC
15678,KPDX,KLAX
15679,ENGM,ENVA
15680,LEZL,LEPA
15681,LFPG,LEMD
15682,KATL,KHSV
15683,EGSS,LKPR
15684,KDAL,KRDU
15685,LIME,LFBD
15686,KDFW,KDTW
15687,KLGA,KORD
15688,KDEN,KISM
15689,KRSW,KDTW
15690,KPAO,KE16
15691,KADS,K7F3
15692,LFPG,LFRJ
15693,KHHR,KCNO
15694,63OI,KDLZ
15695,KHSV,KORD
15696,KHOU,KDFW
15697,KSJC,KLAS
15698,KPHX,CYVR
15699,KSCK,KSBP
15700,KDFW,KDEN
15701,KROC,KJFK
15702,KORD,KATL
15703,KORD,KLNK
15704,KPAE,80WA
15705,LIRF,LICP
15706,KFLL,KBOS
15707,KBNA,KMSP
15708,KAPA,KSDL
15709,KORF,KIAD
15710,LIBD,LIMC
15711,KORD,KCMH
15712,LFPG,EBLG
15713,KRLD,KSEA
15714,KFAT,KSLC
15715,KONT,KDFW
15716,KDFW,KTUS
15717,KSJC,KSAN
15718,KRVS,19OK
15719,KTPA,KJFK
15720,ULLI,UUYY
15721,KSFO,KLAX
15722,KORD,KDAY
15723,KPRB,KSBP
15724,KPHL,KBUF
15725,KBOS,CYUL
15726,KOMA,KORD
15727,KPSP,KSDL
15728,KADS,KSAT
15729,KDFW,KDEN
15730,KPIT,KATL
15731,KDMW,KGAI
15732,CYCD,CYYC
15733,KSEG,KLNS
15734,YMMB,YBUP
15735,KPAO,KC83
15736,KSNA,KSEA
15737,LFBO,LFGC
15738,KORF,KMIA
15739,KONT,KLAS
15740,KBNA,KORD
15741,KHIO,K7S5
15742,KDEN,KLAS
15743,EKCH,EGCC
15744,RCTP,VHHH
15745,KEWR,CYUL
15746,CYBG,CYUL
15747,KORD,KPHL
15748,EICK,EGCC
15749,KBWI,KBOS
15750,LFRS,LSZM
15751,1OK0,KRVS
15752,KJFK,KDTW
15753,KDFW,KMSP
15754,KLAX,KLAS
15755,YMML,YSCB
15756,KRSW,KORD
15757,KAPC,KOAK
15758,0CL3,KSDM
15759,KDEN,KSAT
15760,KDFW,KBKL
15761,KPDX,3WA2
15762,LFPG,EIDW
15763,KHOU,KTUL
15764,KCLE,KDFW
15765,KHPN,KTEB
15766,KISP,03NY
15767,YBBN,YMML
15768,KORD,KORF
15769,KSAN,KSEA
15770,KDFW,KHOU
15771,CYYZ,CYOW
15772,KLGA,KMCO
15773,KSRQ,KATL
15774,LPPT,EIDW
15775,LPPR,LSGG
15776,YMML,YMHB
15777,KLAS,KMCI
15778,KTUS,KOLS
15779,LIPZ,EGSS
15780,KBED,KPWK
15781,EPMO,EIDW
15782,KRDU,KATL
15783,KDTW,KLGA
15784,NZWN,NZRI
15785,KDMW,KGAI
15786,KSMO,KCMA
15787,KPAN,KDVT
15788,KD95,KPTK
15789,CN95,KO88
15790,EGPH,EGGD
15791,KDVT,KFFZ
15792,KDEN,KSTL
15793,NZGB,NZAA
15794,K06C,K3CK
15795,KSAN,KDFW
15796,KSMF,KSEA
15797,LIBD,LIPE
15798,KDTW,KALB
15799,KBNA,KDEN
15800,ENGM,ENZV
15801,KRSW,KCMH
15802,KDEN,KSAN
15803,YMML,YSSY
15804,EGLL,EHAM
15805,KDFW,KATL
15806,NZCH,NZPM
15807,KERV,KSAT
15808,EIDW,EGCC
15809,YPAD,YMML
15810,KAUS,KATL
15811,KDEN,KPUB
15812,KPSP,KPHX
15813,KDFW,KCMH
15814,KSDF,KMIA
15815,K9A1,KPDK
15816,KCMH,KORD
15817,LFOB,LPPR
15818,KSAT,KLAS
15819,KSAN,KHOU
15820,KSMF,KLAS
15821,YMML,YPAD
15822,KOXR,KSMO
15823,NZPN,NZAA
15824,KDEN,KDFW
15825,KSDL,19AZ
15826,KDFW,KMCI
15827,KOMA,KATL
15828,KMDW,KBKL
15829,LIME,LROP
15830,ZGSZ,RJBB
15831,KHOU,KDFW
15832,LEMD,LIMC
15833,91OI,KRSW
15834,KORD,KDFW
15835,NZCH,NZAA
15836,KDAL,KABQ
15837,KDET,KMTC
15838,KPSP,KSLC
15839,SKBO,SPJC
15840,KMMV,KHIO
15841,KBDN,KPDX
15842,KSMF,KSNA
15843,KDEN,KCOS
15844,KBWI,KCLT
15845,KSGF,KDFW
15846,KSDF,KSYR
15847,KDFW,KLGA
15848,KAPF,KTYS
15849,EVRA,EETN
15850,KSNA,KCRQ
15851,KDTW,KATL
15852,NZTG,NZWN
15853,EGLL,EGPG
15854,KFLL,KCMH
15855,KCMH,KLGA
15856,KSNA,KAJO
15857,KLOT,2LL1
15858,KVUO,WN80
15859,KCOS,KORD
15860,KDEN,KTEX
15861,KCMH,KATL
15862,KTEB,KCMH
15863,KPIT,KLGA
15864,CYYC,CYVR
15865,KCGZ,KDVT
15866,KSFO,KFAT
15867,KDFW,KPHX
15868,KDTW,KMDT
15869,KTPA,KJFK
15870,KATL,KBKL
15871,KORF,KPHL
15872,KDCA,KDTW
15873,KORD,KRSW
15874,KOSU,KAPF
15875,KSDF,KEWR
15876,KSNA,KDFW
15877,LSZH,LPPR
15878,KDFW,KCOS
15879,KLAS,KSJC
15880,KATL,KCMH
15881,KIAD,KEWR
15882,KSFO,KSNA
15883,NZAA,NZCH
15884,KIND,KLGA
15885,KEWR,KBOS
15886,KORD,KLGA
15887,CA66,KPAO
15888,SBGR,SBVT
15889,KBUY,KRDU
15890,CYUL,CYYZ
15891,KCMH,KFLL
15892,KDFW,KHSV
15893,KMKE,KMSP
15894,EGAA,EGKK
15895,3IN6,KLOU
15896,KDFW,KABQ
15897,KCMA,KUDD
15898,KISP,KBWI
15899,SBGR,SSJC
15900,KLAX,KDFW
15901,KBOI,KSMF
15902,KLGB,KSLC
15903,KLAX,KSJC
15904,KDEN,KSEA
15905,KPOC,KEMT
15906,CYOW,CYYZ
15907,KHPN,KTEB
15908,KCLT,KBOS
15909,KSFO,KPHX
15910,KPDX,KSEA
15911,KABQ,KATL
15912,KFLL,KPHL
15913,KSJC,KPDX
15914,KORD,KPSB
15915,KSAN,KSJC
15916,KLZU,4GA9
15917,KFNL,KBJC
15918,KDEN,KMCI
15919,KCMI,KDFW
15920,KDTW,KRDU
15921,KBOS,KORD
15922,KDVT,KPAN
15923,KMIA,KBKL
15924,KSTL,KORD
15925,KLAS,KBOI
15926,EBLG,LIMC
15927,KRSW,KDTW
15928,CYYZ,CYUL
15929,KDCA,KCLT
15930,KDFW,KOMA
15931,KLAX,KTUS
15932,LEAL,LEPA
15933,SBGR,SBGL
15934,KDEN,KSJC
15935,YMML,YPAD
15936,KHIO,KMMV
15937,KAPA,KSNA
15938,KMJX,KLDJ
15939,EKBI,UKKK
15940,KSFO,KPSP
15941,KDAL,KATL
15942,KDEN,KDAL
15943,KHWV,KISP
15944,KITH,KDTW
15945,NK07,KCDW
15946,YMML,YBBN
15947,KATL,KISM
15948,KDVT,KPRC
15949,KDEN,KSLC
15950,ESSA,ESNZ
15951,LEIB,LEBL
15952,KHND,KAPA
15953,KBNA,KDTW
15954,OMDB,VABB
15955,6OR8,KTTD
15956,KTTN,KATL
15957,KCNO,KFUL
15958,KMIA,KPHL
15959,LEPA,LEAL
15960,KDTW,KBNA
15961,YSSY,YMML
15962,KDEN,KMSP
15963,OR28,KMMV
15964,KBDR,KFRG
15965,CYYZ,KBOS
15966,KDTW,KPIT
15967,KLGA,KDCA
15968,KMVY,KBOS
15969,KLAS,KOMA
15970,NZCH,NZAA
15971,NZWN,NZCH
15972,KFTW,KDAL
15973,KDEN,KMCI
15974,KDAL,KOMA
15975,KSDF,KATL
15976,KRDU,KDFW
15977,KSAN,KSFO
15978,KBOS,KROC
15979,KDTW,KMCI
15980,KGRR,KBWI
15981,KAJO,KCNO
15982,KTPA,KSDF
15983,KLAS,KDFW
15984,KORD,KTYS
15985,4NY1,KCDW
15986,EBBR,LIMC
15987,KORL,KSTL
15988,LPPR,LPPT
15989,NK79,KCDW
15990,SBRJ,SBSP
15991,KDFW,KTUL
15992,KTEB,KPHL
15993,UUDD,UWKD
15994,KTCY,KRHV
15995,KCCR,KHWD
15996,KSQL,KTCY
15997,EGLL,EGPH
15998,KBOI,KLAX
15999,KATL,KFLL
16000,KRSW,CYYZ
16001,PANC,6AK3
16002,KDTW,KSYR
16003,KFFZ,KP13
16004,KSLC,KLAS
16005,KCLT,KORD
16006,KIAH,62TX
16007,KLAS,KHHR
16008,KMCI,KORD
16009,KGEG,KSEA
16010,KMIA,KJFK
16011,KRSW,KEWR
16012,YSWG,YSSY
16013,KABE,KORD
16014,KATL,KDAL
16015,EIDW,EGSS
16016,LIRF,LMML
16017,60TA,KGKY
16018,KFMH,KPYM
16019,KDEN,KBOI
16020,CYVR,CYYC
16021,KORF,KDCA
16022,KDCA,KORD
16023,KPSP,KMYF
16024,KLAX,KLAS
16025,TXKF,KTEB
16026,KATL,KSTL
16027,KDTW,KPHL
16028,EGLL,EIDW
16029,KIAH,K9M8
16030,KOAK,K7S9
16031,KDFW,KVPS
16032,KRSW,KCMH
16033,KLNS,KOQN
16034,KPHX,KMSP
16035,KSQL,KTCY
16036,KDEN,KTYS
16037,KDEN,KSMF
16038,KDFW,KBWI
16039,KIND,KATL
16040,KPDX,KSEA
16041,KSLC,KORD
16042,YWLM,YSSY
16043,YCNK,YSSY
16044,KMIA,KDCA
16045,KIAH,KMCI
16046,KSTL,KMDW
16047,KSMF,KBOI
16048,KPAO,KTCY
16049,YBBN,YSSY
16050,KVNC,KAPF
16051,EGAA,EGGD
16052,EDDP,EDDM
16053,CYVR,CML2
16054,ENBR,ENGM
16055,KSBA,KCMA
16056,KPHX,KABQ
16057,NZPM,NZCH
16058,ELLX,LPPR
16059,KDFW,KSTL
16060,NZWN,NZCH
16061,KLNS,KBWI
16062,KMIA,KLGA
16063,NZRO,NZWN
16064,TJSJ,KMIA
16065,KATL,KHOU
16066,KABE,KDTW
16067,KBOS,KBWI
16068,KCMA,KCNO
16069,KBNA,KMCI
16070,KGRR,KPIE
16071,KORD,KDCA
16072,CYUL,KDTW
16073,CYVR,CYYJ
16074,KSEA,KSAN
16075,KLAS,KPHX
16076,LOWW,ELLX
16077,KSTL,KCLT
16078,KRDU,KPGD
16079,KDTW,KDAY
16080,KSAT,KDTW
16081,KYKM,KSEA
16082,KOAK,KBUR
16083,KHPN,KBED
16084,KDFW,KDCA
16085,KPDX,KSFO
16086,0NJ6,KCDW
16087,KPAE,KAWO
16088,KDEN,KATL
16089,WN80,KVUO
16090,KPDX,35OR
16091,KBFI,KPAE
16092,KSEE,KMYF
16093,KRYY,KVPC
16094,KBUR,KSMF
16095,KCMH,KDFW
16096,EDDP,EHAM
16097,LFOB,EPGD
16098,KLNS,5PA3
16099,KPDX,KSFO
16100,KSEA,KOAK
16101,KAUS,KMDW
16102,SBKP,SBBR
16103,SBGR,SBGL
16104,YPAD,YMML
16105,KBOI,KDFW
16106,KSDF,KDFW
16107,KATL,KISM
16108,RJTT,RJFF
16109,LEZL,LEPA
16110,KVNY,KCMA
16111,KJFK,KMIA
16112,KBWI,KFLL
16113,SBSP,SBBR
16114,KLNS,5PA3
16115,KROC,KBWI
16116,6NY1,KDTW
16117,CYYZ,CYOW
16118,KTPA,KPHL
16119,KXLL,50PA
16120,KGPI,KSEA
16121,YMML,YBBN
16122,KLAS,KSEA
16123,RJBB,RJTT
16124,KBDN,5OR5
16125,EGBB,EHAM
16126,KDEN,KBNA
16127,KCFJ,KLAF
16128,EGNT,EGAA
16129,OI34,7OA7
16130,KALB,KBWI
16131,KLAX,KPDX
16132,KATL,KSRQ
16133,KBVS,WN51
16134,KLAS,KDAL
16135,KRDU,KATL
16136,KORF,KATL
16137,KBOS,KCLT
16138,KMCI,KDFW
16139,KSNA,KLAS
16140,SBBR,SBRJ
16141,KLAX,KABQ
16142,KBNA,KRDU
16143,YBBN,YMML
16144,KATL,KDCA
16145,ENZV,ENJB
16146,KDAL,KMDW
16147,RJTT,RJOO
16148,CYYZ,KORD
16149,EDDB,ELLX
16150,KHHR,KLGB
16151,EGAA,EGCC
16152,KCLT,KBOS
16153,KDTW,KJFK
16154,KORF,KDTW
16155,KBWI,KORD
16156,KDTO,KGLE
16157,KPIA,KDFW
16158,KDFW,KFLL
16159,NZCH,NZNV
16160,YSBK,YSCB
16161,KCLT,KATL
16162,KLAS,KOAK
16163,KBUR,KSLC
16164,KOAK,KSEA
16165,KBNA,KBOS
16166,YBBN,YMML
16167,KATL,KRSW
16168,KPDX,KSJC
16169,KVPS,KDFW
16170,KBLV,KSRQ
16171,KHWV,KHPN
16172,KSFO,KLAS
16173,RJTT,RJFF
16174,KDEN,KMSP
16175,KRDU,KCLT
16176,SBGR,SBRJ
16177,KRVS,KADS
16178,WA67,6OR8
16179,KDAY,KATL
16180,KHOU,KDAL
16181,KCLT,KW91
16182,KBWI,KBUF
16183,KMKE,KMCI
16184,KCLT,KDFW
16185,LIMC,EGSS
16186,KLOU,KJVY
16187,KPSP,KLAX
16188,KTKI,KADS
16189,ENVA,ENGM
16190,K52F,KXBP
16191,CYVR,CYYJ
16192,5FL0,KAPF
16193,SBRJ,SBVT
16194,KSFO,KSMF
16195,ESSA,ESMS
16196,CYVR,KSEA
16197,KMYF,KSEE
16198,KDEN,KDTW
16199,SPST,SPJC
16200,KCMA,KPOC
16201,KBOS,KEWR
16202,KSTL,9LL2
16203,KPGD,KAPF
16204,KPHL,KBNA
16205,KPHX,KDFW
16206,KPSP,KSFO
16207,KDTW,KSTL
16208,KATL,KMIA
16209,YSCH,YSSY
16210,KPHX,KSNA
16211,80WA,KPAE
16212,K61B,KU30
16213,KDCA,KBNA
16214,OMAA,OBBI
16215,9CL2,KSNS
16216,KDTW,KORD
16217,KRDU,KORD
16218,KSAT,KHOU
16219,KPHL,KFLL
16220,KBMI,KORD
16221,KTPA,KPHL
16222,KMDW,KMSP
16223,KC83,KSQL
16224,KLAS,KSMF
16225,KIAD,KDTW
16226,CYVR,CYCD
16227,KPHX,KSMF
16228,KFLL,KDCA
16229,KGYR,AZ05
16230,KTYS,KDTW
16231,KPSP,KPHX
16232,KSDF,KMKE
16233,4NY1,KCDW
16234,KMJX,KLDJ
16235,KPHX,KSAN
16236,KCLE,KPHL
16237,KSLC,KSDL
16238,KPHL,KDTW
16239,KATL,KORD
16240,KSUS,KAPF
16241,KPWT,WA96
16242,KMCI,KMDW
16243,KVGT,KU08
16244,KGRR,KATL
16245,KRHV,KPHX
16246,KSMF,KPHX
16247,KCLT,KORF
16248,LFPG,LFBO
16249,KMSP,KJFK
16250,KAPF,KSDF
16251,KVNY,KCNO
16252,KLGA,KBNA
16253,RJTT,RJOO
16254,KDEN,KCMH
16255,LIMC,ELLX
16256,KRNM,KCRQ
16257,KLAS,KSFO
16258,KVNY,KSBA
16259,KPHX,KIWA
16260,KPHX,KSBA
16261,KCLT,28NR
16262,KTEB,KHPN
16263,KHWO,KFXE
16264,KDTW,KORD
16265,KCLT,KBUF
16266,KPAO,KRHV
16267,KSDM,KVNY
16268,KBOS,KJFK
16269,KLEB,KBOS
16270,CYYZ,KDTW
16271,KSAF,KDFW
16272,KSRQ,KIAD
16273,YCBG,YMML
16274,KDFW,KRSW
16275,KSFO,KRIR
16276,KPHX,KSJC
16277,KVNC,KFXE
16278,KDTW,KBUF
16279,KIAD,KATL
16280,KJNX,KRDU
16281,KONT,KDAL
16282,KFLL,KRDU
16283,KHIO,KKLS
16284,KHAF,KSQL
16285,KRYY,KJZP
16286,KDEN,KSLC
16287,KDTW,KROC
16288,KPAN,KCHD
16289,KLAS,KSLC
16290,KCLT,KDAY
16291,NZCH,NZOI
16292,KORL,KBNA
16293,KCRQ,KLGB
16294,KMSP,KATL
16295,KPHX,KLAX
16296,KDTW,KMKE
16297,TBPB,TVSM
16298,KCLT,KCMH
16299,KEWR,KBOS
16300,KVNY,KL70
16301,KJNX,KRDU
16302,KPSP,KSEA
16303,KAWO,5WA2
16304,KRDG,KORH
16305,KBOI,KSFO
16306,KMIA,KBWI
16307,K3C8,KISP
16308,KPDX,KLAX
16309,KPHL,KLOM
16310,NZAA,NZPM
16311,KIND,KORD
16312,CYVR,CYYJ
16313,KBNA,KDFW
16314,KHOU,KDAL
16315,KHND,KSNA
16316,KPSP,KSFO
16317,KDTW,KBWI
16318,KSTS,KO69
16319,KMSP,KORD
16320,RJFR,RJTT
16321,CYOW,CYUL
16322,KSTL,KDFW
16323,KBMI,KPIE
16324,GA36,K47A
16325,KLAS,KPHX
16326,RJBB,RJTT
16327,KPHX,9CA0
16328,KDTW,KCMH
16329,KRVS,K2K9
16330,KCLT,KMDT
16331,KSEE,1CA6
16332,EKCH,EGPH
16333,KPHX,KSLC
16334,64OR,KHIO
16335,KRSW,KATL
16336,KCRQ,KSMO
16337,KSDL,KSEZ
16338,KATL,KRDU
16339,YSSY,YSCH
16340,KCLE,KBOS
16341,KECP,KATL
16342,KMSP,KORD
16343,KDAL,KHOU
16344,KAJO,KSNA
16345,KCLT,KBWI
16346,KPUJ,KRYY
16347,KDEN,KHOU
16348,KPDX,KLAS
16349,EGKK,EPGD
16350,KUAO,K7S9
16351,KROC,KORD
16352,KLAS,KPDX
16353,KCOE,ID23
16354,EDDP,LFPG
16355,KDEN,KOMA
16356,KCLE,KBWI
16357,KPDX,KSLC
16358,KDTW,KMSP
16359,KAWO,KPAE
16360,KMDW,KLGA
16361,KMYF,KCRQ
16362,KOAK,KSLC
16363,KDTW,KLGA
16364,KCLT,KLGA
16365,KHND,KCRQ
16366,KBLM,K39N
16367,EFHK,EETN
16368,KATL,KECP
16369,KSAN,KSMF
16370,KSBA,KVNY
16371,KMIA,KATL
16372,KGSO,KCLT
16373,CYYZ,CYOO
16374,LIPE,LOWW
16375,CYVR,KSFO
16376,KSTL,KDAL
16377,KDTW,KMSN
16378,KADS,KTRL
16379,KSAT,KHDO
16380,KCRQ,KVNY
16381,KMSP,KBNA
16382,EPGD,EPKK
16383,KAWO,15WA
16384,KDTW,KSDF
16385,WA67,6OR8
16386,KCTJ,KRYY
16387,KFRG,KHWV
16388,KLGA,CYUL
16389,KSDM,KSNA
16390,KIAD,KHPN
16391,KC83,KSQL
16392,KPHX,KLAS
16393,KLAX,KBOI
16394,KDTW,KBOS
16395,NK07,KCDW
16396,KBDR,KFRG
16397,SBSP,SSJC
16398,KCLT,KRDU
16399,KPTK,KDET
16400,KABQ,NM49
16401,4CA2,KPAO
16402,KTPA,KFLL
16403,KSJC,KSLC
16404,KSDL,KLAS
16405,KTEB,KBKL
16406,KTPA,KCVG
16407,KATL,KEGI
16408,LSZH,ESSA
16409,KATL,KDAL
16410,KFLL,KIAD
16411,LOWW,LIMC
16412,KCMA,KMYF
16413,KVPC,KFTY
16414,KRYY,GA77
16415,KBNA,KCMH
16416,KCLW,KPIE
16417,KPHX,KFAT
16418,KBUF,KBWI
16419,KBWI,38WV
16420,5OR5,KBDN
16421,KRDU,KJFK
16422,KCMA,KSMO
16423,KSNA,KSLC
16424,KLAS,KPDX
16425,KMLI,KORD
16426,KIAD,KPTK
16427,KDEN,KPHX
16428,KONT,KSLC
16429,KBMI,KDFW
16430,KRSW,KATL
16431,VHHH,RCTP
16432,KDTW,KGRB
16433,KMYF,KTOA
16434,KSFO,KSEA
16435,KE16,KPAO
16436,ENBR,ENZV
16437,YSCB,YPAD
16438,TVSC,TBPB
16439,KDEN,KLAS
16440,EPWA,EPKT
16441,KLAS,KLAX
16442,KABQ,KSAF
16443,CA66,KOAK
16444,KCLT,KMIA
16445,NZAA,NZNV
16446,KLAS,KLAX
16447,KLAX,KPDX
16448,KMSP,KBNA
16449,KCLT,KSTL
16450,KAVP,KCLT
16451,YSCB,YMML
16452,KABQ,KDFW
16453,KGLE,KDTO
16454,KSTL,KPHL
16455,KDAL,KTUL
16456,KPHX,KHOU
16457,KDMW,KGAI
16458,YPMQ,YSSY
16459,RJFF,RJTT
16460,KOAK,KPDX
16461,KMKE,KORD
16462,KDTW,KATL
16463,KHSV,KDFW
16464,KDCA,KDTW
16465,KAWO,5WA2
16466,SBCO,SBRJ
16467,KSJC,KPHX
16468,KCLT,KEWR
16469,KBFI,KS50
16470,SBSP,SBGL
16471,KBWI,KORD
16472,KEWR,KATL
16473,KLAX,KSFO
16474,KVNY,K36U
16475,KDTW,KATL
16476,KMSP,KATW
16477,KDAL,KSAT
16478,EPWA,EPGD
16479,KAPA,KSDL
16480,KMSP,KMCI
16481,KPHL,KATL
16482,YSSY,YMML
16483,KMDW,KDTW
16484,KOAK,KPDX
16485,RJTT,RJOM
16486,KCLT,KRSW
16487,KMSP,KCMH
16488,KATL,KBKL
16489,KBOS,KJFK
16490,NZNV,NZWN
16491,KATL,KLGA
16492,KPHX,KSFO
16493,KMKE,KSTL
16494,KHIO,KMMV
16495,EPWA,EPWS
16496,KSQL,KO69
16497,KCLT,KBNA
16498,KSJC,KSNA
16499,KLAS,KSNA
16500,EGPH,EGAA
16501,VHHH,RCTP
16502,KBFI,KORS
16503,KADS,K7F3
16504,KOPF,KFXE
16505,CYYJ,CYVR
16506,EDDP,LHBP
16507,RJFF,RJTT
16508,KCLT,KALB
16509,KSYR,KBUF
16510,KORD,KMSP
16511,KATL,KMIA
16512,KOAK,KLAS
16513,KN79,5PA3
16514,KJVY,KLOU
16515,KBWI,KDTW
16516,KPYM,KBVY
16517,NZHN,NZWN
16518,EDDP,LIME
16519,KLAX,KSFO
16520,KSTL,KDCA
16521,KPHX,KOAK
16522,KCHD,KFFZ
16523,KORD,34MI
16524,EPWA,EPKK
16525,KIAH,KSAT
16526,KOMA,KMDW
16527,RJFF,RJTT
16528,RJBB,RJTT
16529,KORD,KMDT
16530,KCLT,KPHL
16531,KBWI,KRDU
16532,KCLT,KPHD
16533,KSAT,KDAL
16534,EDDP,EDDK
16535,KCLE,KBNA
16536,KPAN,KDVT
16537,KTPA,KATL
16538,KBOI,KSJC
16539,KPHX,KBUR
16540,KCCR,KRHV
16541,KLGB,KPOC
16542,KCEU,SC24
16543,RJTT,RJFF
16544,KHWY,2VG7
16545,KBMI,KATL
16546,KPHX,KSEZ
16547,KORD,KMSP
16548,KSAN,KSJC
16549,KMSP,KSTL
16550,KMSP,KDTW
16551,OK25,KRVS
16552,KHEF,63PA
16553,KCLT,KMCO
16554,NZCH,NZHN
16555,YMMB,YPKL
16556,96WA,KAWO
16557,KLNS,KJYO
16558,KSDL,KLAS
16559,KMSN,KORD
16560,KJNX,KRDU
16561,NZAA,NZGB
16562,KSEA,CL36
16563,KMDW,KATL
16564,KBOS,CYYZ
16565,69MI,KDTW
16566,KPHX,KLGB
16567,NZNV,NZCH
16568,KSJC,KSNA
16569,KATL,KDTW
16570,RJBB,RJFF
16571,KPDX,KBOI
16572,KTCY,KSQL
16573,KSDF,KORD
16574,RJTT,RJFF
16575,KHOU,KSTL
16576,KSDL,KA39
16577,KCMA,KSMO
16578,KSDF,KEWR
16579,KBWI,KDUJ
16580,KRHV,9CL2
16581,KMSP,90WI
16582,KWVI,KPAO
16583,YMMB,YTDN
16584,KDTW,KCLT
16585,KLAX,KPHX
16586,KSDL,KAPA
16587,KUYF,KOSU
16588,MA72,KBOS
16589,KFNL,KAPA
16590,KLAS,KLAX
16591,NZCH,NZWN
16592,KPHL,KHPN
16593,KCOS,KDFW
16594,KUAO,KMMV
16595,CYVR,KPDX
16596,KMSP,KMSN
16597,KCLT,KLGA
16598,KIAD,KCLT
16599,KSLC,KVNY
16600,RJOO,RJTT
16601,KPHX,KSLC
16602,EKBI,EGSS
16603,KORD,KJFK
16604,KEWR,KBKL
16605,EPWA,EPPO
16606,KCLT,KDTW
16607,YSCB,YBCG
16608,EKCH,EGSS
16609,KLAS,KLAX
16610,KSDL,KLAS
16611,EBBR,EDDP
16612,K9A1,KPDK
16613,KDEN,KDFW
16614,KAJO,KSNA
16615,WIHP,WSSL
16616,KGPM,TA06
16617,KOMA,KSUS
16618,RJTT,RJBB
16619,KABE,KCLT
16620,RJOO,RJTT
16621,KDCA,KJFK
16622,KRVS,OK13
16623,KPHX,KPSP
16624,CYVR,KSEA
16625,YSSY,YBMC
16626,YSTW,YSSY
16627,KLAS,KOAK
16628,KAVX,KMYF
16629,KDEN,KSLC
16630,KCLT,KATL
16631,KDCA,CYYZ
16632,YBBN,YPAC
16633,KATL,KBNA
16634,KHOU,KDAL
16635,EDDP,EGNX
16636,SBBR,SBGL
16637,EDDR,ELLX
16638,KPUB,KDEN
16639,80WA,KPAE
16640,KSEA,KBOI
16641,KPHX,KLAX
16642,EGPH,EHAM
16643,KMSS,KBOS
16644,KSFO,KSAN
16645,KOAK,KLGB
16646,KIND,KORD
16647,KHPN,KBED
16648,KPHX,KABQ
16649,KBWI,KALB
16650,KMSP,KSDF
16651,KPHX,KLAX
16652,KLAS,KFAT
16653,KCLT,KTYS
16654,KPHL,KHPN
16655,KEMT,KSMO
16656,YSSY,YCBG
16657,KSPG,KSRQ
16658,KATL,KMDW
16659,8CA5,KMYF
16660,KDCA,KBOS
16661,EDDP,EDDK
16662,EGNX,EDDP
16663,KIAD,CYYZ
16664,YSCH,YSSY
16665,KLAS,KSDL
16666,KSLC,KSDL
16667,NZCH,NZAA
16668,KGEG,KSEA
16669,SBRJ,SBSP
16670,KSNA,KSFO
16671,KPHX,KSAN
16672,OR81,KHIO
16673,YTDN,YMMB
16674,KEWR,CYYZ
16675,RJTT,RJOO
16676,29GA,6GA1
16677,KJZP,KRYY
16678,KBOS,KSLK
16679,CYUL,CYQB
16680,24FL,KNKL
16681,KSRQ,KOPF
16682,KLAS,KABQ
16683,EGCC,EHAM
16684,KBNA,KMDW
16685,KSFF,KCOE
16686,UUDD,UWWE
16687,KSEA,3WA2
16688,KCCB,KEMT
16689,KLAS,KSFO
16690,KHAF,KPAO
16691,KMKE,KBWI
16692,KSUS,KMO6
16693,KPHX,KLAS
16694,KSTS,KSAN
16695,KTOL,KCLT
16696,KSRQ,KOPF
16697,KMKC,KDAL
16698,KATL,KIAD
16699,KSMF,KPDX
16700,KLAX,KSMF
16701,KBFI,61WA
16702,KATW,KORD
16703,KSEA,KBLI
16704,KGEG,KPAE
16705,KPVU,KIWA
16706,KNKL,24FL
16707,KTYS,KORD
16708,KBOI,KSEA
16709,KBED,KEWB
16710,KDAL,KECP
16711,KJNX,KRDU
16712,KAWO,KPAE
16713,KCMH,KCLT
16714,03OK,KRVS
16715,CYYC,CYVR
16716,KDEN,KMCI
16717,KSAN,KSFO
16718,EKCH,ESSA
16719,KSLC,KLAS
16720,KPIA,KORD
16721,KTYS,KATL
16722,KSQL,KHAF
16723,KTRL,KADS
16724,KROC,KORD
16725,KORF,KBWI
16726,KSMF,KSEA
16727,KOAK,KRIR
16728,KMSP,KOMA
16729,KPAO,KC83
16730,KDFW,KTUL
16731,KLAS,KLGB
16732,KSNA,KF70
16733,KSNA,KLAS
16734,KSMF,KSLC
16735,KCMA,KCRQ
16736,NZCH,NZAA
16737,KRAL,KHHR
16738,KPAN,KDVT
16739,KLGA,KDTW
16740,KVNY,KSAN
16741,KROC,KPHL
16742,KATL,KPIM
16743,KC83,KRHV
16744,KBNA,KDTW
16745,RJOO,RJFF
16746,KDCA,KCLT
16747,KWVI,KPAO
16748,KTPA,KSRQ
16749,KO69,KAUN
16750,KFAT,KSFO
16751,KLAX,KOAK
16752,YSCB,YMML
16753,EDDK,EGNX
16754,EDDP,EKCH
16755,KLAX,KLAS
16756,OR38,KHIO
16757,KIAD,KTEB
16758,KBUR,KLAS
16759,NZWP,NZSL
16760,K5B2,KSCH
16761,RJOO,RJTT
16762,KBNA,KORD
16763,KHOU,KDFW
16764,RJTT,RJOO
16765,KDAY,KDCA
16766,KHSV,KATL
16767,KORD,CYYZ
16768,KSBA,KSNA
16769,KSBA,KSNA
16770,KF70,KMYF
16771,KSMO,KSBP
16772,K61B,KU30
16773,CYVR,CML2
16774,EDDP,ESSA
16775,1ID4,KBOI
16776,KCLE,KDTW
16777,KCDW,KSMQ
16778,EKCH,ENGM
16779,KDAY,KDTW
16780,KOPF,KFLL
16781,KCRQ,KMYF
16782,RJOO,RJTT
16783,KBFI,KPWT
16784,KDVT,23AZ
16785,KTUL,KDFW
16786,KISP,KPHL
16787,KLAS,KSFO
16788,YLYK,YPPF
16789,KLAX,KSFO
16790,KSRQ,KOPF
16791,KAVQ,KFFZ
16792,EGAA,EGSS
16793,ESGG,ESSA
16794,KFAY,KATL
16795,KGRR,KORD
16796,YSSY,YBCG
16797,RJOA,RJTT
16798,KBFI,KYKM
16799,KRDU,KIAD
16800,KVUO,WN80
16801,KOPF,KFXE
16802,OBBI,OMDB
16803,KCLT,KBNA
16804,KCMH,KPHL
16805,KVNY,KUDD
16806,KSTS,KSNA
16807,KIAD,KLGA
16808,KPHX,KPSP
16809,KAPA,87CO
16810,KPOC,KLGB
16811,KFNT,KORD
16812,KWHP,KCMA
16813,KSTL,KBNA
16814,KADS,00TS
16815,NZPM,NZCH
16816,KCOS,KAPA
16817,KGRB,KORD
16818,ESSB,ESSN
16819,42VT,KTEB
16820,KTEX,KAPA
16821,PANC,6AK3
16822,KRDU,KIAD
16823,NZWN,NZCH
16824,KLGB,KLAS
16825,KLAS,KSNA
16826,KDEN,KCOS
16827,KLAX,KLAS
16828,KTUS,KPHX
16829,KSFO,KSNA
16830,NZAA,NZPN
16831,KCRQ,KSFO
16832,KDAL,KMKC
16833,K2K9,KRVS
16834,NZOM,NZCH
16835,KAWO,KPAE
16836,KMSP,KTOB
16837,KSAT,KDFW
16838,YMMB,YWON
16839,KSAN,KSJC
16840,KDAY,KPHL
16841,KGRB,KMSP
16842,KMKE,KORD
16843,CYYC,CYKA
16844,KMSP,KORD
16845,CYUL,KPHL
16846,RJFF,RJTT
16847,KSFO,KLAX
16848,KISP,KBWI
16849,KIAD,KROC
16850,42VT,KPHL
16851,KSLC,KLAS
16852,KLAS,KPHX
16853,KOAK,KLAX
16854,CA75,KSDM
16855,KIAD,VT26
16856,KLAX,KPHX
16857,KHPN,KTEB
16858,KFAT,KSJC
16859,KSLC,KBOI
16860,KIAD,KMTN
16861,KD98,KPTK
16862,KHWV,KFRG
16863,KSDF,KORD
16864,KIAD,KCMH
16865,KIAD,KMDT
16866,KBWI,KORF
16867,KAJO,KCNO
16868,KMLI,KORD
16869,KCRP,KDFW
16870,KDCA,KLGA
16871,YCBG,YMML
16872,KPDX,KSEA
16873,KBNA,KATL
16874,KSTL,KBNA
16875,KPHX,KLAS
16876,KEDC,KDAL
16877,XS89,17TE
16878,KTEX,KDEN
16879,KPAE,61WA
16880,KGSO,KCLT
16881,KVNY,KEMT
16882,KUAO,OR95
16883,NZCH,NZOM
16884,KCMA,KWHP
16885,KTUL,KSTL
16886,KIND,KDTW
16887,OR28,KTMK
16888,KPHX,KTUS
16889,YMMB,YLED
16890,YSCB,YSBK
16891,KFFZ,KPAN
16892,EDDP,EPKT
16893,LPPT,LPFR
16894,KVIS,KSBP
16895,KHAF,KSQL
16896,KCRQ,KVNY
16897,KESN,KDMW
16898,KAUS,KADS
16899,KATL,KBNA
16900,KBOS,KLEB
16901,KIAD,KPHL
16902,WMSA,WMKJ
16903,KCWA,KMSP
16904,KGRB,KORD
16905,KVNY,KWHP
16906,KRHV,KHWD
16907,KVNY,KSNA
16908,KMIV,KN14
16909,YBAF,YRED
16910,KDFW,KHOU
16911,SBVT,SBRJ
16912,KVNY,KSNA
16913,KLAX,KLAS
16914,KROC,KBOS
16915,K1G4,KLAS
16916,KTCY,KRHV
16917,NZGB,NZAA
16918,KMSN,KORD
16919,KRVS,19OK
16920,K7S9,64OR
16921,KSMQ,KCDW
16922,KLGA,KDCA
16923,KIAD,KABE
16924,NZCH,NZWN
16925,RJOO,RJTT
16926,KCRP,KHOU
16927,KO60,KO69
16928,KADS,KGVT
16929,KPWK,KPTK
16930,EGCC,EIDW
16931,KRDU,4NC7
16932,KSAN,KLAS
16933,KBOS,KMVY
16934,KBAZ,77TS
16935,KRVS,19OK
16936,KC83,KOAK
16937,SBSP,SBRJ
16938,KMKE,KDTW
16939,KATL,86GA
16940,KIAD,KRDU
16941,YMMB,YMNG
16942,KGLE,KDTO
16943,KEWR,KSYR
16944,KSDM,KVNY
16945,KHIO,64OR
16946,KBUR,KLAS
16947,KPWT,KBFI
16948,KDET,KPTK
16949,KLUK,3OH7
16950,KPAO,KSMF
16951,KATL,SC32
16952,KCVB,K5C1
16953,KROC,KBUF
16954,KRBD,KFTW
16955,KTCY,KSQL
16956,CYVR,CML2
16957,YCAB,YBAF
16958,KPAO,KHAF
16959,KSQL,KTCY
16960,YMMB,YBUP
16961,KLOU,59KY
16962,CYVR,CML2
16963,KLGB,KCRQ
16964,NZWU,NZWN
16965,KRDU,KCLT
16966,NZKF,NZWP
16967,KROC,KBUF
16968,KVNY,KEMT
16969,KADS,KFTW
16970,KSDM,KSNA
16971,KSEE,1CA6
16972,KCCR,KHAF
16973,KOAK,KO69
16974,K1G4,AZ50
16975,KCRQ,KPSP
16976,KPHX,KSEZ
16977,CO96,KAPA
16978,KE16,KRHV
16979,KC83,KPAO
16980,KHWD,KRHV
16981,KRVS,3OK8
16982,YSBK,YSSY
16983,KDFW,XA09
16984,KSNA,KLGB
16985,YMMB,YTDN
16986,KPNE,KLNS
16987,CYCD,CYVR
16988,CA35,KO69
16989,KSMO,KEMT
16990,YMMB,YMEN
