Index,Source,Target
1,KEWR,ESSA
2,CYVR,EGLL
3,VHHH,KLAX
4,WMKK,LIMC
5,YSSY,VHHH
6,WSSS,EFHK
7,RCTP,KJFK
8,YSSY,OMAA
9,KORD,YSSY
10,YSSY,OTHH
11,YBBN,OMDB
12,YMML,OTHH
13,RCTP,CYYZ
14,EHAM,SPJC
15,YMML,OMDB
16,KJFK,RKSI
17,OTHH,KJFK
18,VHHH,OMDB
19,YPPH,YBBN
20,WSSS,KLAX
21,FACT,LOWW
22,KSEA,RKSI
23,KDFW,RKSI
24,VHHH,EHAM
25,YMML,OTHH
26,EDDF,KSFO
27,KORD,RKSI
28,RJBB,WMKK
29,EHAM,RJBB
30,EPWA,RKSI
31,RJBB,OMDB
32,EDDF,RKSI
33,RJBB,OMDB
34,WMKK,EHAM
35,CYYZ,VHHH
36,EGLL,KMIA
37,EGLL,KSEA
38,EGLL,KLAX
39,RKSI,OMDB
40,RCTP,EDDF
41,CYYZ,RKSI
42,EDDM,KORD
43,RCTP,KLAX
44,WSSS,LFPG
45,KIAD,OMDB
46,KTEB,KMMU
47,WSSS,EGLL
48,RKSI,OTHH
49,RCTP,KSFO
50,EGLL,KLAX
51,EPWA,KORD
52,EDDF,KORD
53,KATL,RKSI
54,RCTP,NZAA
55,KLAX,RKSI
56,LSZH,KEWR
57,RPLL,OTHH
58,RCTP,KSFO
59,WSSS,EGLL
60,EDDF,KATL
61,RKSI,EHAM
62,EPWA,KJFK
63,RCTP,KLAX
64,WMKK,EGLL
65,VHHH,UUEE
66,WSSS,EHAM
67,RCTP,LFPG
68,WSSS,EDDF
69,RPLL,OMAA
70,WSSS,EDDF
71,VHHH,YSSY
72,OMDB,RPLL
73,WMKK,NZAA
74,EBLG,VHHH
75,VHHH,YMML
76,RPLL,OMDB
77,VHHH,OTHH
78,WSSS,YMML
79,KEWR,VABB
80,VHHH,OMDB
81,EDDF,RKSI
82,EPWA,CYYZ
83,EDDF,CYYZ
84,EHAM,RKSI
85,WSSS,EKCH
86,EGLL,VIDP
87,FACT,OTHH
88,KIAD,RKSI
89,LIMC,RKSI
90,OTHH,WMKK
91,RPLL,OEDR
92,KLAX,YSSY
93,FACT,OMDB
94,RJBB,EHAM
95,KMIA,SBGL
96,WSSS,YBBN
97,KATL,RKSI
98,KDFW,RKSI
99,EGLL,KIAD
100,KLAX,KJFK
101,EDDF,RJTT
102,LEMD,SBGL
103,RKSI,EDDF
104,VHHH,EHAM
105,UUDD,ULLI
106,OTHH,YMML
107,KORD,KEWR
108,WSSS,EHAM
109,KDTW,RKSI
110,KFTW,KSDL
111,WSSS,YSSY
112,EGLL,CYYZ
113,FACT,EDDM
114,PANC,RCTP
115,EDDF,RKSI
116,LFPG,CYUL
117,OBBI,RPLL
118,RKSI,KLAX
119,LPPR,KEWR
120,OTHH,WSSS
121,KSFO,VIDP
122,KLAX,EDDP
123,OTHH,YSSY
124,KMIA,KPHX
125,KJFK,RKSI
126,RKSI,LOWW
127,WSSS,OMAA
128,EDDF,RKSI
129,WMKK,OMDB
130,KJFK,RKSI
131,RCTP,EHAM
132,LFPG,RJTT
133,KORD,RKSI
134,EGLL,OMDB
135,EDDF,OMDB
136,LFPG,KORD
137,WSSS,OTHH
138,LFPG,RJTT
139,KSEA,RKSI
140,WMKK,OMAA
141,EDDF,RKSI
142,WMKK,OTHH
143,VABB,KEWR
144,VIDP,KEWR
145,RCTP,EHAM
146,KOPF,KMIA
147,KLAX,RKSI
148,KMIA,KLAX
149,EDDF,RKSI
150,KBWI,KLAX
151,PANC,KPHX
152,KSFO,RKSI
153,KORD,VIDP
154,KSFO,RKSI
155,EGLL,VHHH
156,KBOS,KPHX
157,OMDB,WMKK
158,KEWR,KSFO
159,KLAX,MROC
160,KSFO,RCTP
161,RKSI,OTHH
162,KTPA,KPHX
163,CYVR,VIDP
164,LEMD,RKSI
165,EGLL,OMDB
166,RKSI,WSSS
167,EDDK,KSDF
168,KSFO,KEWR
169,KSAN,KPHL
170,EDDF,OTHH
171,KDEN,KLAX
172,KSFO,KPHL
173,KBWI,KSAN
174,EDDF,SBGR
175,KPHL,KPHX
176,KSFO,KMIA
177,KSEA,KATL
178,PANC,RJBB
179,KDCA,KPHX
180,EPWA,LPPT
181,VIDP,VHHH
182,KLAX,KPHL
183,EGLL,OMDB
184,KEWR,KLAX
185,EDDF,OMDB
186,EGLL,RKSI
187,SBGR,LFPG
188,KEWR,KSAN
189,KTEB,KSJC
190,LPPT,KEWR
191,KLAX,KJFK
192,KPHL,KLAX
193,KLAX,KBOS
194,KCLT,KLAS
195,PANC,KSEA
196,LTFJ,OMSJ
197,KSFO,KATL
198,KSEA,KJFK
199,LFPG,VIDP
200,CYYJ,CYYZ
201,LTFJ,OMDB
202,UUWW,UNEE
203,KORD,KSEA
204,KLAS,KEWR
205,LPPT,KORD
206,KHPN,KVNY
207,PANC,VHHH
208,KCLT,KPHX
209,CYVR,RKSI
210,KCLT,KSAN
211,KDTW,KLAS
212,KSTL,KSEA
213,CYVR,RKSI
214,PANC,RKSI
215,KCLT,KSFO
216,VGTJ,OMSJ
217,VOBL,EDDF
218,KORD,KSFO
219,KSEA,KRDU
220,VHHH,OMDB
221,EDDF,VOBL
222,KAUS,KSFO
223,SKBO,SBGR
224,KDFW,KSEA
225,LPPT,KBOS
226,KLAS,KCLT
227,PANC,RCTP
228,KAUS,KSEA
229,KSEA,KATL
230,PANC,VHHH
231,KLAX,KDTW
232,VOBL,WSSS
233,KPHX,KPHL
234,CYVR,CYYZ
235,KSEA,RKSI
236,EHAM,RCTP
237,EGLL,WSSS
238,VIDP,CYYZ
239,PANC,RKSI
240,KLAS,KBOS
241,KSEA,KORD
242,NZAA,YMML
243,KMKE,KSEA
244,VOBL,WSSS
245,KLAS,KCLT
246,VABB,EGLL
247,KPSP,KATL
248,LFPG,RKSI
249,KSEA,RKSI
250,KPHL,KSFO
251,SBGR,LSZH
252,TJSJ,KEWR
253,KSAN,KDTW
254,KORD,KLAX
255,KSFO,KDTW
256,KLAX,RJTT
257,KPHX,KEWR
258,OMAA,YMML
259,KORD,KSFO
260,CYYC,CYYZ
261,VHHH,KJFK
262,KSAN,KJFK
263,NZAA,YMML
264,KORD,KSAN
265,EDDF,SBGR
266,KLAX,KJFK
267,KSEA,KDTW
268,KSDF,KRIR
269,LFPG,OMDB
270,KPHL,KPHX
271,VIDP,KORD
272,KORD,KPHX
273,KMIA,KPHL
274,EHAM,RKSI
275,VOMM,OMDB
276,KLAX,KMDW
277,EGLL,OMDB
278,KORD,KSNA
279,KEWR,02XS
280,KJFK,KLAX
281,KRSW,KDEN
282,UAAA,EDDF
283,KMIA,SKBO
284,KLAX,KATL
285,VOBL,OTHH
286,VHHH,YSSY
287,EGLL,OTHH
288,VOMM,OMAA
289,VHHH,WSSS
290,KBOS,EDDF
291,KORD,KLAX
292,KSEA,KCMH
293,KSDF,KRIR
294,VABB,VIDP
295,KLAS,KATL
296,KDFW,KBOS
297,KSAN,KFLL
298,KDFW,KABQ
299,KDEN,KFLL
300,KONT,KATL
301,EGLL,OMDB
302,TJSJ,KJFK
303,KDEN,KBOS
304,KSFO,KORD
305,KMCI,KSEA
306,KMIA,KDEN
307,OMDB,VHHH
308,KLAX,KSEA
309,KSEA,KDFW
310,KLGA,KDEN
311,KDTW,KLAS
312,CYYC,CYYZ
313,CYVR,CYYZ
314,KDEN,KRSW
315,KATL,KSLC
316,KEWR,KLAS
317,KDFW,KSFO
318,KORD,KBOI
319,TJSJ,KATL
320,CYVR,RKSI
321,KSNA,KATL
322,KPHX,KATL
323,KLAS,KDTW
324,EDDF,FACT
325,EGCC,OMDB
326,KSAN,KSEA
327,KBFI,KFCM
328,KBOS,KRSW
329,KLAS,KJFK
330,KPSP,KORD
331,SKBO,KMIA
332,KDFW,KSEA
333,KLAX,KIAD
334,KTUS,KATL
335,KSFO,02XS
336,CYVR,VHHH
337,KIAH,KSLC
338,KOAK,KMDW
339,KDEN,KEWR
340,KPHL,KDEN
341,KSFO,KBOS
342,KAUS,KLAS
343,KDTW,KPHX
344,LSZH,SBGR
345,NZAA,YBBN
346,VOBL,OMAA
347,KJFK,EDDF
348,YMMB,YRKE
349,RCTP,WSSS
350,LFPG,OTHH
351,KDTW,KSEA
352,KSNA,KSEA
353,KDFW,03WA
354,KPHX,KJFK
355,KDFW,KSNA
356,KFLL,SPJC
357,KPSP,CYYC
358,PANC,KORD
359,KPHX,KMIA
360,SBGR,LPPT
361,KMIA,KDFW
362,KPHL,KDEN
363,KDEN,KIAD
364,EDDF,VHHH
365,KDEN,KPHL
366,KHOU,KSAN
367,LSZH,VABB
368,KMSN,KPHX
369,KDFW,MROC
370,KLAS,KFLL
371,KBOS,KMCO
372,KSDF,KMHR
373,KLAX,CYYC
374,EHAM,WSSS
375,CYVR,CYOW
376,KPHX,KDTW
377,KLAX,CYVR
378,KRSW,KDEN
379,KSDF,KRIR
380,KLAX,KDCA
381,KEWR,MROC
382,KSNA,KDFW
383,KSTL,KPHX
384,KDTW,KSFO
385,PANC,KBFI
386,KORD,KPDX
387,KRDU,KDEN
388,KMSP,KPHX
389,KLGA,KMIA
390,KSFO,KJFK
391,EHAM,VHHH
392,VHHH,OTHH
393,KJFK,KMIA
394,VABB,EHAM
395,KLGA,KDFW
396,KSMF,KATL
397,KOPF,KTEB
398,VIDP,KORD
399,KATL,KLAX
400,KLAX,KEWR
401,KPHX,KCMH
402,KMSP,KFLL
403,KORL,KDEN
404,KCLT,KLAS
405,PANC,RKSI
406,KGRR,KRSW
407,KMDW,KMIA
408,KMSP,KISM
409,KRSW,KDEN
410,KDCA,KDEN
411,OMDB,LFPG
412,KMSP,KORD
413,KSLC,KJFK
414,KJFK,KLAX
415,TJSJ,FD37
416,KBNA,KLAX
417,KSFO,KEWR
418,YSSY,YPPH
419,TJSJ,KMIA
420,KPHX,KJFK
421,KMKE,KPHX
422,KIAD,KDEN
423,KMIA,KJFK
424,KDFW,KSFO
425,KATL,EHAM
426,KPHX,KDTW
427,KDFW,KRIR
428,KABQ,KATL
429,KSDF,KLAX
430,VIDP,KEWR
431,KBOS,KMIA
432,KDFW,KLAS
433,KSDF,KBFI
434,KBNA,KLAS
435,KBOI,KORD
436,VHHH,OMDB
437,KIAD,02XS
438,KOPF,KTEB
439,KLAS,KMSP
440,KDAL,KLAS
441,EGLL,OTHH
442,NZAA,YBBN
443,VIDP,OMSJ
444,KRSW,KMDW
445,VABB,EDDF
446,KMSP,KRSW
447,UKBB,OMDB
448,KAUS,KSFO
449,KDEN,KSEA
450,KSAN,KATL
451,KMCI,KPHL
452,KPHX,KBNA
453,KDFW,KLAX
454,OTHH,VGTJ
455,KPDX,KATL
456,KRSW,KMSP
457,KHOU,KLAS
458,KSEA,KATL
459,KDTW,KLAX
460,KLAS,KJFK
461,KLAX,KTUL
462,KAUS,KLAX
463,KSFO,KMSP
464,CYVR,CYUL
465,KJFK,KSFO
466,PANC,KORD
467,KSFO,KATL
468,KFLL,60CO
469,KSDF,KPHX
470,KSAN,KMSP
471,KLAS,KMDW
472,KLGA,KFLL
473,KDAL,KLAX
474,KSEA,KSNA
475,LLBG,KJFK
476,KMIA,KDTW
477,KORL,KDEN
478,KSAN,KDFW
479,KSNA,KMSP
480,KAUS,KEWR
481,KMDW,KFLL
482,KTYS,KDEN
483,OMDB,VIDP
484,RKSI,EDDF
485,KDEN,KFAT
486,VHHH,RKSI
487,KDEN,EDDF
488,KMIA,EDDF
489,KORD,KFLL
490,KDCA,KDFW
491,KPHX,CYYC
492,KSEA,EHAM
493,KFLL,KDTW
494,CYYZ,EDDF
495,LLBG,KEWR
496,OMDB,EGLL
497,KATL,KSAN
498,KMSP,KPDX
499,KPHX,KMDW
500,CYVR,KLAX
501,KBWI,KLAS
502,KSDF,KDEN
503,KTPA,KLAS
504,KLAX,KPDX
505,KFLL,KJFK
506,KDFW,KSNA
507,KSEA,KPHX
508,PANC,VHHH
509,KPHX,KORD
510,KJFK,KMIA
511,KTEB,KVNY
512,YSSY,WSSS
513,KSFO,KDFW
514,WMKK,WBKK
515,VIDP,EHAM
516,KMIA,KEWR
517,KBNA,KPHX
518,KPTK,FA37
519,KSDF,KRIR
520,KCLE,KLAS
521,KAUS,KDTW
522,KFLL,KHPN
523,KSJC,KDFW
524,OMDB,EDDF
525,LPPR,EBLG
526,KLAX,EHAM
527,KSDF,KPDX
528,KSEA,KDFW
529,KDTW,KRSW
530,KATL,KLAS
531,KMSP,KSAN
532,LEBL,LROP
533,KOMA,KIAD
534,KABE,KAFW
535,KLAX,KJFK
536,SKBO,KFLL
537,KMCI,KPHX
538,KLGA,KMSP
539,KSDF,KOAK
540,KBOS,KATL
541,LPPR,LPPD
542,KOMA,KPHX
543,KFLL,KLGA
544,KPHX,KMSP
545,VOBL,VHHH
546,KDCA,KSEA
547,KATL,KDEN
548,NZAA,YSSY
549,KCLT,KPDX
550,KDTW,KLAS
551,KMSP,KRSW
552,KLAS,KDFW
553,KIAH,KPHX
554,KAUS,KLAX
555,KPSP,KMSP
556,KPDX,KDFW
557,KCLT,KLAX
558,OMAA,RPLL
559,KMIA,SPJC
560,KDAL,KPHX
561,KSBP,KSEA
562,KSFO,EDDF
563,NZCH,YMML
564,KPHX,KBNA
565,KLAX,RKSI
566,KRSW,KDTW
567,KSEA,KMSP
568,YBCG,YMML
569,KMSP,KSEA
570,KDTW,KISM
571,KBOI,KMSP
572,KPDX,KMSP
573,KSTL,KDEN
574,KSEA,KPSP
575,OMDB,YSSY
576,KLAX,KFLL
577,KSTL,KFLL
578,KDTW,KFLL
579,KFLL,KTEB
580,KATL,KSEA
581,NZAA,YSSY
582,KCLT,KPHX
583,KLAX,KMSP
584,KMDW,KPHX
585,UUDD,ULMM
586,KSAT,KSEA
587,KMIA,KJFK
588,YSBK,YSWG
589,KORD,KRSW
590,KFLL,KDTW
591,VOMM,OTHH
592,KSDF,KDFW
593,KGEG,KPHX
594,KSTL,KBWI
595,KORD,KMIA
596,KBFI,KBOI
597,KMSP,KPHX
598,KDEN,KDTW
599,KOPF,KTEB
600,KPHL,KRSW
601,KPHX,KATL
602,KLAX,KDTW
603,KCLT,KSEA
604,KMSP,KLAX
605,KFLL,KMDW
606,UUDD,ULMM
607,CYVR,CYYZ
608,KSAT,KPHX
609,KDAL,KCMH
610,KMDW,KRSW
611,KEWR,KMCO
612,KATL,KDAL
613,CYUL,CYYC
614,OTHH,LIMC
615,KFLL,KEWR
616,KAUS,KLGB
617,KSEA,KLAX
618,KBNA,KDEN
619,KIAD,KSFO
620,KMSP,KLAS
621,KFLL,SPJC
622,KSRQ,KPHL
623,KSFO,EHAM
624,KTPA,KDFW
625,KSTL,KRSW
626,KMKE,KPHX
627,ZGSZ,ZUCK
628,KATL,KEWR
629,PANC,RCTP
630,KEWR,KSEA
631,KSDL,KSJC
632,KATL,KOMA
633,KRSW,KPHL
634,KBOS,LFPG
635,KFLL,KDFW
636,KSEA,KRIR
637,K36U,KDVT
638,KOPF,KVNY
639,EGLL,OMDB
640,KATL,KPHX
641,YMML,YBCG
642,KSAN,KBOS
643,KMSP,KMIA
644,KRSW,KDFW
645,KSDL,KHND
646,VIDP,EDDF
647,KLGA,KATL
648,KAUS,KPHX
649,KFAT,KSEA
650,KMSP,KATL
651,KSEA,KRIR
652,KSTL,KSLC
653,KOWD,MA66
654,ESSA,EDDK
655,KTPA,KDTW
656,RCTP,YSSY
657,PANC,KORD
658,KIAD,KSEA
659,KRSW,KORD
660,KCLT,KORD
661,KORF,KMIA
662,KDFW,KLAX
663,KORD,KLAX
664,NZWN,NZNV
665,KAPA,KCHD
666,KDFW,KDTW
667,KEWR,KLAX
668,CYOW,CYYC
669,YMML,YBBN
670,KDCA,KLAX
671,WSSS,YSSY
672,KPAE,KLAS
673,FACT,EHAM
674,KPDX,KSAN
675,KORD,LOWW
676,KAUS,KMDW
677,KDEN,KBWI
678,KOKC,KPHX
679,KEWR,EKCH
680,KSDF,KPIE
681,KMDW,KOAK
682,KMSP,KPHX
683,KFLL,KBOS
684,KPHL,KMCO
685,KSFO,KSEA
686,KDFW,KSDF
687,KTPA,KDCA
688,MROC,SKMA
689,KIAD,KMSP
690,KIAD,KSRQ
691,KRDU,KSEA
692,KSTL,KLAS
693,KLAS,KMCI
694,KOAK,KPHX
695,KDFW,EDDF
696,KDAL,KSDL
697,KEWR,KMSP
698,KATL,KDFW
699,VIDP,CYYZ
700,KPHX,KDAL
701,OTHH,EIDW
702,KIAD,KSAT
703,KMIA,KATL
704,KPVD,KCLT
705,KPHL,KMIA
706,KSLC,KOAK
707,KTPA,KSEA
708,KDAL,KFLL
709,KSDL,KOMA
710,ZGSZ,RKSI
711,27CL,KSEA
712,KSEA,KLAS
713,KDEN,KRIR
714,OMDB,EGLL
715,KBWI,KMDW
716,KPNS,KPHL
717,SBGR,LPPT
718,KRDU,KMDW
719,KDEN,KMSP
720,KORD,EDDF
721,KOAK,KSEA
722,KTPA,KEWR
723,CYYC,EHAM
724,KEWR,KLAS
725,KIAD,KSEA
726,KPHL,KATL
727,KORL,KBOS
728,KSLC,KORD
729,KRDU,KPGD
730,KDFW,KDTW
731,OMDB,EHAM
732,KCVG,KBOS
733,YBBN,YMML
734,KLAS,KOMA
735,KORL,KPHL
736,KEWR,KATL
737,KDFW,KPDX
738,KTPA,KSEA
739,KRDU,KMCF
740,PANC,RKSI
741,KLAS,02XS
742,KMDW,KDAL
743,KOAK,KIWA
744,YMML,YPPH
745,OTHH,EGPH
746,KLAS,XS89
747,KORL,KLAS
748,KIAD,KHSV
749,KORL,KMDW
750,KATL,KFLL
751,KORD,KFLL
752,KBWI,KPHX
753,KDFW,KLAS
754,KBNA,KORD
755,KEWR,KLAX
756,KSEA,EDDF
757,KSTL,KPHX
758,KFLL,KDFW
759,KDEN,KBNA
760,KHOU,KLGB
761,KORL,KLAX
762,YMML,YBMC
763,KMIA,KLGA
764,KIAH,KLAS
765,KDEN,KDFW
766,VABB,OTHH
767,VIDP,OMAA
768,KDFW,SPJC
769,KDAL,KLAX
770,KSEA,KSFO
771,KBJC,KAPA
772,KORL,KORD
773,KBOS,KSEA
774,KDFW,KSTL
775,OTHH,LFPG
776,KBOI,KSEA
777,VOBL,OTHH
778,KOMA,KDTW
779,KATL,KMDW
780,KIAD,KDFW
781,KDTW,KATL
782,KDAL,KCRQ
783,OMDB,EHAM
784,VIDP,VOBL
785,KDEN,KSAT
786,KDFW,7PS7
787,KSFO,KPHX
788,KDAY,KDFW
789,KABQ,KAPA
790,VHHH,EBLG
791,KIAD,KSTL
792,KSDL,KAPA
793,KSLC,KSAN
794,KSEA,KSJC
795,KCLT,KSTL
796,KBWI,KMCI
797,KBFI,KAPC
798,KAPA,KSDL
799,KMDW,KLAX
800,KIND,KDEN
801,KRSW,KMSP
802,KSNA,KDFW
803,KBNA,KPHL
804,KIAH,EDDF
805,KIAD,02XS
806,SBBR,SBRJ
807,KLGA,KCLT
808,KALB,KCLT
809,KONT,KDFW
810,SKBO,MROC
811,KORL,KJFK
812,KPSP,KDFW
813,KPHL,KMDW
814,KBNA,KPHL
815,KMSP,KISM
816,KBUF,KMDW
817,KSJC,KPDX
818,KORD,EIDW
819,KDFW,KLAX
820,KDFW,KPHL
821,KJFK,LIMC
822,EGNP,EPLE
823,KSNA,KSEA
824,KPHL,KMCO
825,NZRO,NZCH
826,KALB,KMDW
827,EGLL,EDDP
828,KSDF,KJFK
829,KSLC,KLAX
830,CYYZ,CYVR
831,KIND,KATL
832,KIAD,KBNA
833,KPDX,KOAK
834,KATL,KRSW
835,KDAL,KSTL
836,KDFW,KPHX
837,KSLC,KSJC
838,CYYC,CYYZ
839,KSJC,KORD
840,KORD,KDEN
841,KEWR,KSLC
842,KFLL,KATL
843,LFPG,SBGR
844,KAPF,KHPN
845,KATL,KSFO
846,KSAN,KDFW
847,KORD,EHAM
848,VOBL,EDDF
849,KCLT,KDTW
850,KDEN,KPDX
851,OTHH,EGCC
852,KLAS,KBWI
853,KORL,KDFW
854,KLGA,KCMH
855,KATL,KMIA
856,KLAX,RCTP
857,KIAD,KDEN
858,KHOU,KDEN
859,KMIA,SPJC
860,KLAS,KSEA
861,KATL,KDTW
862,LFPG,RJTT
863,KDFW,KDCA
864,KBOI,KDFW
865,KLAX,KSEA
866,KPDX,KSNA
867,OTHH,LEBL
868,LIPE,EBLG
869,ZGSZ,ZUCK
870,KIAD,KORD
871,KDFW,KTUS
872,KSQL,KTCY
873,KABE,KCLT
874,SBCO,SBSP
875,KPHL,KATL
876,KBOS,KLAX
877,KBWI,KSDF
878,KJFK,SBGR
879,KATL,KATW
880,KDAL,KPDX
881,OTHH,EDDF
882,KLAS,KBOI
883,KAJO,KRAL
884,KIAD,KMCI
885,KMSP,EHAM
886,KATL,KPHL
887,KTPA,KPHL
888,KDFW,KLGA
889,KCRP,KDFW
890,KLAX,KATL
891,KSAN,KSEA
892,KBMI,KDFW
893,KDFW,KOMA
894,KDAL,KSFO
895,KORF,KATL
896,KPHL,KLAS
897,KLAS,KSEA
898,VHHH,VABB
899,KATL,KMIA
900,SBBR,SBGR
901,KJFK,EHAM
902,KCLT,KMIA
903,KMCI,KLAS
904,KSFO,KSAN
905,KATL,KBWI
906,KDFW,KDAY
907,KTPA,KBWI
908,PANC,KMIA
909,KSEE,KSNA
910,KMKE,KLAS
911,FAOR,FACT
912,KPDX,KLAS
913,KATL,KORD
914,SBCO,SBGR
915,CYVR,CYYC
916,KORL,KSTL
917,SBGR,EDDF
918,KMSP,KDFW
919,RPLL,VHHH
920,OTHH,VABB
921,NZCH,WSSS
922,KLGB,KSNA
923,KJFK,KSEA
924,KDEN,KATL
925,KLAS,KDFW
926,KMSP,KLAS
927,KDEN,KSFO
928,EGNX,EDDK
929,NZNV,NZCH
930,KIAD,KSDF
931,MROC,KFLL
932,KSFO,KSNA
933,KSDF,KPHL
934,KATL,KORD
935,CYVR,CYYC
936,KIAD,EDDF
937,KBOS,KSLC
938,KEWR,LOWW
939,KBWI,02XS
940,KLGA,KATL
941,VIDP,LFPG
942,KORL,KMSP
943,SBGL,LPPT
944,KSQL,KHHR
945,KBNA,KDTW
946,KAPA,KVNY
947,SBVT,SBSP
948,KSAT,KDEN
949,OTHH,EKCH
950,VABB,OMDB
951,NZCH,NZRO
952,KDEN,KLAS
953,CYYC,CYVR
954,KPIE,KTYS
955,KPHL,KMSP
956,KDEN,KORD
957,KATL,KCMH
958,KRDU,KMSP
959,KLAS,KSTL
960,KBOI,KPHX
961,KFLL,KHPN
962,SBBR,SBGR
963,KVNY,KOPF
964,KCLT,KDTS
965,KTPA,KBWI
966,KCRQ,KIWA
967,KDFW,KSLC
968,KABQ,KSAN
969,KDEN,KPDX
970,KBOS,EIDW
971,KMCI,KPHX
972,KATL,EDDF
973,WMKJ,WBKK
974,TXKF,KJFK
975,YSSY,YMML
976,KPHX,KSFO
977,KBUF,KPHL
978,KMKE,KRSW
979,KBWI,KSEA
980,KRSW,KMDW
981,KLAS,KATL
982,OTHH,EGLL
983,KFLL,KRDU
984,KDCA,KMSP
985,YPPH,YPAD
986,VIDP,VECC
987,SBCO,SBSP
988,KPSP,KSEA
989,KDEN,KLAX
990,KBNA,KDCA
991,KIAD,KSFO
992,KSTS,KSNA
993,CYVR,KSFO
994,NZCH,NZAA
995,KLGA,KCLT
996,KSJC,KEWR
997,KDEN,KPHX
998,KLAX,RJBB
999,KDCA,KDEN
1000,KATL,60CO
1001,KLAS,KBWI
1002,KTPA,KPHL
1003,LFPG,EDDP
1004,SBBR,SBSP
1005,OTHH,LTFJ
1006,KBNA,KLGA
1007,KATL,KIAD
1008,LIMC,EBLG
1009,KIWA,KSJC
1010,KSNA,CL35
1011,KBUY,KIAD
1012,KORF,KDTW
1013,ESMS,EBLG
1014,MROC,KMIA
1015,YMML,YSSY
1016,KMCI,KDTW
1017,KDFW,OMDB
1018,KABE,KDTW
1019,KMYF,KTOA
1020,KSFO,KBOI
1021,KATL,KLAS
1022,KBNA,KMCI
1023,CYYC,CKL9
1024,KSMF,KLAX
1025,KBWI,KMSP
1026,KBOS,KMSP
1027,KMIA,KBWI
1028,KDEN,KOAK
1029,KPHX,KDFW
1030,KSDL,KVNY
1031,KOSU,KPWK
1032,YBBN,YPAD
1033,KEWR,EDDF
1034,CYYZ,CYUL
1035,FAOR,FACT
1036,SBBR,SBRJ
1037,KIAD,KDAY
1038,KRSW,KCMH
1039,KMDW,KSAN
1040,LFPG,EDDP
1041,KDFW,KBNA
1042,KCMH,KPHL
1043,KLAX,KSFO
1044,KATL,KMDW
1045,SBGR,EHAM
1046,KDAL,KSDL
1047,MROC,SKBO
1048,KSAN,KSJC
1049,YMML,YSSY
1050,KDFW,KDEN
1051,YBBN,YPAD
1052,KRSW,KTTN
1053,KFLL,KBNA
1054,KEWR,KDTW
1055,KRDU,KPHL
1056,KPDX,KPSP
1057,KJFK,KMSP
1058,YPAD,YMML
1059,KATL,KRDU
1060,KIAD,KSAN
1061,KAUS,KDEN
1062,KDFW,EGLL
1063,KDFW,KSFO
1064,KBNA,02XS
1065,KDFW,KCOS
1066,YBMC,YMML
1067,OTHH,ESSA
1068,KGEG,KSFO
1069,OBBI,VIDP
1070,KFAY,KATL
1071,KEWR,KSLC
1072,KBOI,KPDX
1073,YCBG,YMML
1074,KDTW,KMDW
1075,KFLL,KSLC
1076,KSNA,KSDL
1077,KBWI,KDAL
1078,KBNA,KECP
1079,EPSY,EGSS
1080,KORD,KATL
1081,KIAD,KATL
1082,YPAD,YMML
1083,VIDP,OMDB
1084,KJFK,KLAX
1085,KDFW,KFLL
1086,KDFW,KABQ
1087,OTHH,LIMC
1088,RKSI,UUEE
1089,KFLL,KSEA
1090,OMDB,VHHH
1091,KBOS,KPHL
1092,EGAA,EGSS
1093,YBBN,YMML
1094,KGRB,KDTW
1095,KBWI,KATL
1096,VOBL,VABB
1097,YBCG,YMML
1098,KATL,KMSP
1099,KBNA,KDEN
1100,KDFW,KSEA
1101,KLAX,KSJC
1102,KPDX,KPHX
1103,KORD,EGLL
1104,KPHL,KCLT
1105,KPHX,KSAN
1106,KIAD,EDDM
1107,LFPG,SBGL
1108,KJFK,EIDW
1109,KAPC,KVNY
1110,KFLL,KCMH
1111,RJTT,RJOO
1112,OMDB,RJBB
1113,CYYZ,CYVR
1114,KSTS,KSEA
1115,KROC,KDTW
1116,KMYF,KSEE
1117,KBWI,KRSW
1118,KMDW,KLAS
1119,KLAX,KPDX
1120,KBNA,KDAL
1121,KDFW,KLAS
1122,KSAN,KSJC
1123,KIAD,KPHX
1124,KCLE,KMDW
1125,KPHX,KSEA
1126,KECP,KDCA
1127,CYUL,CYYZ
1128,KIWA,AZ00
1129,KDFW,KCMI
1130,KFLL,7PS7
1131,OTHH,YPPH
1132,ULMM,UUEE
1133,KLAX,KSFO
1134,KOMA,KMDW
1135,KHOU,KDFW
1136,KAVX,KTOA
1137,KORD,PANC
1138,KRDU,KLAX
1139,KCLE,KPHL
1140,KALB,KPHL
1141,KSAT,KDFW
1142,EGLL,VIDP
1143,SPST,SPJC
1144,KBWI,KISP
1145,KAUS,KSAN
1146,KLAS,KCOS
1147,KMIA,KATL
1148,KDAY,KATL
1149,NZAA,NZWN
1150,KATL,KLAS
1151,EGSS,EDDP
1152,KLAX,KSEA
1153,KVNY,KLAS
1154,KIAD,KLAS
1155,KPHL,KDTW
1156,PANC,KSDF
1157,KCRQ,KAVX
1158,KFLL,CYUL
1159,KALB,KDTW
1160,YBBN,YCBG
1161,KIAD,KFLL
1162,VECC,VOBL
1163,RKSI,EDDF
1164,KDFW,KBOS
1165,KEWR,KBUF
1166,KLBE,PN66
1167,KORD,KDFW
1168,KATL,KDFW
1169,KLAX,RKSI
1170,KRDU,KBFI
1171,SBBR,SBRJ
1172,KDFW,CYVR
1173,CYYZ,CYYC
1174,KDVT,KMYF
1175,OMDB,UUEE
1176,KTUL,KATL
1177,KMIA,SKBO
1178,SBGL,SBGR
1179,CYUL,EDDF
1180,NZWN,NZMZ
1181,RCTP,VHHH
1182,KDFW,CYYC
1183,KSAN,KSFO
1184,KMSP,KDEN
1185,KATL,KCMH
1186,KMSN,KDFW
1187,KOKC,KPHX
1188,WSSS,YSSY
1189,KSGF,KDEN
1190,RJTT,RJOA
1191,KHOU,KPHX
1192,KBNA,KMDW
1193,YMML,YBBN
1194,KJFK,KLAX
1195,OTHH,LIRF
1196,KIAD,KMIA
1197,KCLT,KEWR
1198,SBVT,SBGR
1199,YBCG,YMML
1200,KAPA,02XS
1201,KLVK,KRIR
1202,KAUS,FD83
1203,YBBN,YSCB
1204,KHOU,KBNA
1205,KMIA,SBGR
1206,KMSN,KDTW
1207,KIAH,KMSP
1208,KDCA,KDTW
1209,YMML,YBCG
1210,KJFK,KSFO
1211,KATL,PANC
1212,KSEA,KLAX
1213,PANC,KSEA
1214,KMDW,KSEA
1215,KDFW,KLGA
1216,KMDT,KDTW
1217,KSJC,KLAX
1218,KPNS,KDFW
1219,KSEA,KSFO
1220,KDFW,KORD
1221,KSYR,KDTW
1222,KPDX,KSJC
1223,KBNA,KATL
1224,KDEN,KSTL
1225,KSTL,KDFW
1226,KMIA,KDEN
1227,KDFW,KCMH
1228,KCLT,KBWI
1229,KMCI,KDFW
1230,KRDU,KMIA
1231,KE16,KPAO
1232,OTHH,WSSS
1233,EGNX,EDDP
1234,KSAT,KPHX
1235,KHND,KCRQ
1236,KDFW,KHSV
1237,KIWA,AZ00
1238,KATL,KORD
1239,VOBL,VABB
1240,KMIA,KDFW
1241,KISP,KHFD
1242,KIND,KDTW
1243,KATL,KORF
1244,KMCI,KATL
1245,KATL,KSFO
1246,KDCA,KSFO
1247,KAPA,KMKC
1248,KIAD,KCLT
1249,KIAD,KDTW
1250,KATL,KFLL
1251,UUEE,ULLI
1252,YBBN,YSSY
1253,KGEG,KSEA
1254,KGRR,KMDW
1255,KEWR,KAGC
1256,KIAH,KSFO
1257,KPSP,KOAK
1258,KIAD,KLAX
1259,KMIA,SBGR
1260,SBSP,SBRJ
1261,KIAD,LOWW
1262,KTYS,KDFW
1263,KPAE,KPSP
1264,KSEA,KPHX
1265,KFLL,KBWI
1266,KOMA,KLAS
1267,EDDK,EDDP
1268,KLGA,KFLL
1269,KIAD,KRSW
1270,KPVD,KDCA
1271,EGSS,EDDK
1272,KTUS,KVGT
1273,KIAD,KPHL
1274,KMYF,KRNM
1275,CYUL,LFPG
1276,VABB,OMSJ
1277,KCLT,KMDW
1278,EDDM,EDDV
1279,KSTL,KDTW
1280,KATW,KDTW
1281,KPHX,KPDX
1282,KCLT,KPHL
1283,EGTE,EGNX
1284,27CL,KPHX
1285,KBUF,KDTW
1286,KDFW,KVPS
1287,VIDP,OTHH
1288,KATL,KMIA
1289,YCBG,YMML
1290,YMML,YBBN
1291,KBUR,KSEA
1292,OMDB,EGLL
1293,KIAD,KDTW
1294,KIAD,0NC1
1295,KLCK,KORD
1296,KEWR,KMCI
1297,KLAX,RJTT
1298,KDTW,CYUL
1299,KSFO,KVNY
1300,YBMC,YMML
1301,KSDF,KPHL
1302,ZUCK,ZGSZ
1303,VABB,EGLL
1304,KLAS,KMSP
1305,NZAR,NZGB
1306,YSCB,YMML
1307,KIAD,7PS7
1308,KRDU,KCLT
1309,KBNA,KDTW
1310,KLAX,KPDX
1311,OTHH,EDDM
1312,NZPM,NZAA
1313,KLAX,EDDF
1314,KDEN,KMSP
1315,RCTP,YSSY
1316,KATL,KBWI
1317,KMSP,90WI
1318,YPAD,YSSY
1319,KLAS,KIAH
1320,KEWR,KMIA
1321,EDDS,EDDV
1322,KATL,KDAL
1323,KTPA,KPHL
1324,CYYZ,LFPG
1325,CYYZ,KLGA
1326,KCLT,KDFW
1327,KIAD,EHAM
1328,KDFW,KFLL
1329,KJFK,UUEE
1330,KHHR,KPSP
1331,KAUS,KDFW
1332,KDEN,KPHX
1333,KBOS,KDCA
1334,KCLT,KORF
1335,KSEA,KSJC
1336,KCOE,KSNA
1337,KPDX,KLAX
1338,KATL,KDCA
1339,EDDV,EDDM
1340,KO69,KOAK
1341,LIPE,EDDP
1342,KBNA,KCLT
1343,KPIT,KPHL
1344,KOMA,KDFW
1345,EGNX,EDDP
1346,KPHX,KDTW
1347,UUEE,VHHH
1348,YMMB,YRKE
1349,OBBI,EGLL
1350,KIAD,EBBR
1351,KLGB,KL35
1352,KTUL,KDEN
1353,CYVR,CYYJ
1354,KSMO,KDVT
1355,LIMC,EDDP
1356,KRSW,KBOS
1357,EGSS,EBLG
1358,CYYZ,KEWR
1359,KDEN,KMCI
1360,KLAX,OTHH
1361,OMDB,WMKK
1362,KPHX,KSEA
1363,KCLT,KORD
1364,SBCO,SBGR
1365,KDAL,KISM
1366,KHSV,KATL
1367,KDFW,KATL
1368,OTHH,RKSI
1369,KCVG,KDTW
1370,KFLL,KORD
1371,VECC,VOMM
1372,KBOI,KLAS
1373,KCOS,KDFW
1374,KSYR,KBED
1375,KMSP,KMDW
1376,KORF,KPHL
1377,KIAD,CYUL
1378,YPPF,YPAD
1379,5OR5,KBDN
1380,KPHX,KMSP
1381,KMKE,KPHL
1382,NZWN,NZCH
1383,KSEA,KSFO
1384,SBVT,SBGR
1385,KATL,KROC
1386,KDAL,KABQ
1387,KBOS,KATL
1388,KCRQ,KUDD
1389,KRVS,KMKO
1390,KSAT,KLAS
1391,KGRB,KMSP
1392,KHPN,KABE
1393,KDFW,KLAX
1394,KSJC,KPDX
1395,KDEN,KMDW
1396,RJAA,RKSI
1397,YMML,YBMC
1398,RJTT,RJOO
1399,KATL,KPHL
1400,VIDP,VOBL
1401,KPNS,KATL
1402,UUEE,LLBG
1403,KEWR,KSFO
1404,KBWI,KBOS
1405,KSEA,KOMA
1406,KDFW,KMIA
1407,RCTP,RPLL
1408,KBNA,KSEA
1409,KSFO,KORD
1410,KSDL,KSBA
1411,KOAK,KTEB
1412,VIDP,KSFO
1413,KATL,KMSN
1414,LFML,EDDP
1415,KAJO,KSNA
1416,KLAX,LFPG
1417,KSNA,KAJO
1418,KDAL,KMDW
1419,KDEN,KDCA
1420,KSNA,KCNO
1421,KMKE,KATL
1422,KBED,KHPN
1423,KATL,KRDU
1424,KBFD,7PS7
1425,KATL,KBUF
1426,KBOS,KLAX
1427,SBBR,SBGL
1428,KPHX,KSNA
1429,KMIA,KORD
1430,KLGA,KDTW
1431,KSDL,19AZ
1432,RPLL,VHHH
1433,KDFW,KSRQ
1434,KCLT,KMIA
1435,WMKK,WBKK
1436,KIND,KDEN
1437,KATL,KLGA
1438,KLAX,KEWR
1439,KMIA,TXKF
1440,KFFZ,48AZ
1441,KOMA,KMSP
1442,KPSP,KOAK
1443,KPAE,WA09
1444,KEWR,60CO
1445,KLGA,KMIA
1446,KORF,KCLT
1447,KSDL,KLAS
1448,VIDP,VABB
1449,KATL,KSEA
1450,27CL,KLAS
1451,KHWD,KVCB
1452,KMDW,KMCO
1453,KDEN,KATL
1454,SBBR,SBSP
1455,KPDX,KSFO
1456,KAPC,KOAK
1457,KFFZ,KCGZ
1458,KCLT,KAGC
1459,KLAS,KDAL
1460,KDFW,KLAS
1461,KABQ,KPHX
1462,KL73,KVIS
1463,KPHX,KMSP
1464,KSFO,KPSP
1465,PANC,KDFW
1466,RJAA,RCTP
1467,KDFW,KMSP
1468,MROC,KLAX
1469,CYYZ,EHAM
1470,SBGL,SBGR
1471,KATL,KDTW
1472,KEWR,KPHX
1473,LPPT,SBGL
1474,EGPH,EGNX
1475,KPDX,KLAS
1476,KABQ,KDFW
1477,KMIA,KRDU
1478,KATL,KMIA
1479,KBAZ,TX09
1480,KDFW,KDEN
1481,KCLT,KMDT
1482,KSTL,KMDW
1483,YMHB,YBBN
1484,KHOU,KFLL
1485,KSDF,KMDW
1486,KPHL,KISP
1487,UAAA,UAII
1488,KOAK,KPDX
1489,PANC,KSDF
1490,KSAT,KLAS
1491,KE16,KRHV
1492,KOKC,KDEN
1493,KONT,KMSP
1494,KCNO,KRAL
1495,KMDW,KMIA
1496,KMHR,25CL
1497,KDEN,KATL
1498,YMMB,YTDN
1499,KORL,KLGA
1500,YSSY,YSCH
1501,KBOS,KFLL
1502,KSLC,KLAS
1503,KSFO,KLAX
1504,KLAS,KFLL
1505,KDAL,KTUL
1506,YMML,YPPH
1507,CYCD,CYVR
1508,KVNC,KSRQ
1509,KPHL,EHAM
1510,KBNA,KRDU
1511,KBLI,KSEA
1512,YBBN,YPPH
1513,KDAY,KDTW
1514,KATL,KRDU
1515,KSTL,KK52
1516,KLAS,KSLC
1517,SBBR,SSJC
1518,RCTP,VHHH
1519,CYVR,CYCD
1520,KBOS,KFLL
1521,KSAN,KSFO
1522,35OR,KLAX
1523,KDFW,KATL
1524,KOPF,KHWO
1525,KLAS,KOAK
1526,KU77,KU14
1527,KBOI,KSEA
1528,KBOS,KMSS
1529,KBLV,KSRQ
1530,EBBR,EGNX
1531,SKBO,SPJC
1532,YPAD,YSCB
1533,KSDF,KDTW
1534,KCLT,EGLL
1535,KSAC,KSBP
1536,EDDV,EDDS
1537,KMIA,KDCA
1538,9NC9,KCLT
1539,VABB,VOBL
1540,YMML,YSCB
1541,KLAX,KSEA
1542,CYTZ,CYUL
1543,KEWR,KROC
1544,KORD,KSPI
1545,KCMH,KEWR
1546,RJTT,RCSS
1547,KJFK,KSEA
1548,SBGL,EHAM
1549,KMYF,KSEE
1550,KATL,KLAX
1551,KHWO,KFXE
1552,KBOI,22ID
1553,YSCN,YWOL
1554,KRNM,KMYF
1555,YLIL,YMMB
1556,KPDX,KPHX
1557,KEWR,KCLT
1558,8CL1,KSEE
1559,KVNY,KLAS
1560,VOBL,VECC
1561,KONT,KSFO
1562,VIDP,VTBS
1563,YPJT,YBUN
1564,KSEA,KBOI
1565,KIAH,KPDX
1566,KAUS,KLAS
1567,CL36,KPHX
1568,KEWR,LFPG
1569,KDEN,KSEA
1570,KDAL,KLAS
1571,KLAS,KSFO
1572,KDEN,KDFW
1573,KPHL,EDDF
1574,KMIA,KOMA
1575,YSCN,YKAT
1576,KMCI,KMSP
1577,PANC,KSEA
1578,KDCA,KPHL
1579,MROC,KMIA
1580,KTOA,KLGB
1581,KORD,KPHL
1582,OMDB,RKSI
1583,KMKE,KDTW
1584,KLAS,02XS
1585,KJFK,LFPG
1586,KLAX,OMDB
1587,KOKC,KDEN
1588,KMIA,NC03
1589,KHOU,FD37
1590,YBBN,YMML
1591,KFLL,CYUL
1592,KORD,KCOS
1593,VIDP,WSSS
1594,RJTT,RJBB
1595,KSRQ,KATL
1596,KSEA,KPDX
1597,KMSP,KDEN
1598,KRDU,KBOS
1599,KMCI,KLAS
1600,KSNA,KPSP
1601,KEWR,KFLL
1602,KLAS,KPHX
1603,KORD,KCMH
1604,LFPG,EBLG
1605,KOPF,KTEB
1606,EGPH,EGSS
1607,OTHH,RPLL
1608,KVNY,KOPF
1609,KLGA,7PS7
1610,KLAX,KPHX
1611,YMEN,YCEM
1612,KDTW,KLAX
1613,VHHH,RPLL
1614,KPAO,KE16
1615,YBBN,YPPH
1616,KMYF,KSEE
1617,KSNA,KAJO
1618,RKSI,VHHH
1619,RCTP,RKSI
1620,KRHV,KE16
1621,KMDW,KPHX
1622,KATL,KISM
1623,KDTW,KMIA
1624,VABB,VOBL
1625,EGSS,KSDF
1626,SBRJ,SBBR
1627,PANC,KSDF
1628,KMCI,KDEN
1629,KORD,KSTL
1630,KEWR,KRDU
1631,CYUL,KLAX
1632,KFLL,KSFO
1633,EGNX,EDDP
1634,61VA,KJYO
1635,KPAO,CA66
1636,NZGB,NZAA
1637,KATL,KPHL
1638,KDAL,02XS
1639,KEWR,KORF
1640,KGSO,KATL
1641,KSLC,KBOI
1642,WSSS,VHHH
1643,KCRQ,KCMA
1644,CYYJ,CYVR
1645,TJSJ,KJFK
1646,KLAS,KLAX
1647,KLGA,KDFW
1648,PANC,KSDF
1649,YPPF,YLYK
1650,YSWG,YSSY
1651,KCMA,KTOA
1652,KWHP,KL70
1653,KSEA,KSAN
1654,KORD,KDTW
1655,SBBR,SSJC
1656,KSAN,KLAS
1657,KDTW,KATL
1658,KTKI,KGLE
1659,KPDX,KBUR
1660,VECC,VABB
1661,KATL,1AR1
1662,UAAA,OMDB
1663,KCLT,KBWI
1664,KSFO,KPHX
1665,KTPA,KMIA
1666,OMDB,UKBB
1667,KLHM,KSNA
1668,KCLT,KRSW
1669,KDAY,KDCA
1670,WSSS,YPPH
1671,SBBR,SBSP
1672,PANC,KSEA
1673,KMSP,KBOI
1674,KHSV,KDFW
1675,CYYC,CYVR
1676,KMIA,KBNA
1677,KJFK,KATL
1678,KBNA,KDEN
1679,KLAX,KSLC
1680,KCNO,KLGB
1681,KEWR,KBOS
1682,KLGA,KBNA
1683,KBOS,KBFI
1684,KMCE,KLAX
1685,KATL,KFLL
1686,YBBN,YSCB
1687,KSFO,KPHX
1688,CYCD,CYVR
1689,KOXR,KVNY
1690,KMIA,02XS
1691,WSSS,VABB
1692,YBUN,YPJT
1693,KDAL,KCMH
1694,OMDB,FACT
1695,KEWR,KSTL
1696,KFLL,KATL
1697,SBBR,SBVT
1698,KDEN,67KY
1699,KORD,KCWA
1700,KSJC,KLAS
1701,YPPF,YLYK
1702,KCLT,NC47
1703,KMSP,KLAX
1704,KATL,KHSV
1705,CYYZ,KIAD
1706,KSEA,KPDX
1707,KLAX,KCLE
1708,KORL,KLAX
1709,KCVG,KORD
1710,KIAD,KTYS
1711,YMML,YBCG
1712,KPOC,KSNA
1713,KMSP,KSFO
1714,KDEN,KLAS
1715,KCLT,KBOS
1716,88PA,KMSP
1717,KRDG,KLUK
1718,KFUL,KL70
1719,CN38,KSAC
1720,CYOW,CYUL
1721,KRHV,K1O3
1722,KATL,KSLC
1723,KDFW,KPHX
1724,KLAX,KDFW
1725,KPHX,KBUR
1726,KCLT,KBNA
1727,KATL,KTYS
1728,TXKF,EGKK
1729,KSEA,KDAL
1730,KMIA,KLGA
1731,KOKC,KATL
1732,NZOI,NZCH
1733,KTPA,KBWI
1734,NZCH,NZWN
1735,YBBN,YCBG
1736,KTEX,KDEN
1737,PANC,KSDF
1738,RCTP,WSSS
1739,CYOW,CYYZ
1740,KATW,KMSP
1741,KORD,KLAX
1742,ZGSZ,ZUCK
1743,KEWR,KBNA
1744,KCLT,KFLL
1745,SBBR,SBGR
1746,KORD,7PS7
1747,KLGA,KATL
1748,KFLL,KDCA
1749,KLAS,KSNA
1750,EPKT,EDDK
1751,KAJO,KSNA
1752,KDEN,KDAL
1753,KPHX,KSJC
1754,KORL,KBOS
1755,KSJC,02XS
1756,KCNO,KSNA
1757,KISP,KBDR
1758,KLAX,KDTW
1759,KFRG,KHPN
1760,KMTN,KBWI
1761,KHOU,KFTW
1762,KMIA,KBOS
1763,KCLT,02XS
1764,KBOS,KLGA
1765,KL70,KWHP
1766,KSEA,KSNA
1767,CYYZ,CYYC
1768,KORD,KOKC
1769,KBWI,KFLL
1770,KORD,KSFO
1771,KLAX,KDFW
1772,KMIA,KEWR
1773,KPHX,KLAX
1774,KATL,KDFW
1775,YSBK,YSMB
1776,KABQ,KLAX
1777,KCLT,KLGA
1778,KMCI,KDEN
1779,LPPT,SBGR
1780,KBOS,KRDU
1781,KSEA,02XS
1782,KDAL,KPHX
1783,RJOA,RJTT
1784,KATL,KBOS
1785,OMDB,VOMM
1786,KSDF,KATL
1787,RKSI,RCTP
1788,RJOO,RJTT
1789,KATL,KOKC
1790,KCLT,KCMH
1791,KLAX,KSFO
1792,KMSP,KSDF
1793,VOBL,VECC
1794,KORD,KBNA
1795,UNEE,UUEE
1796,KSEA,KPHX
1797,CYYC,CYXE
1798,KSMF,KSNA
1799,SBBR,SBGR
1800,KIAD,0PA6
1801,KCLT,KLAS
1802,KHEF,VA87
1803,NZCH,NZAA
1804,KEMT,KSMO
1805,KFLL,KATL
1806,YSBK,YKAT
1807,KTIW,KPAE
1808,KSTS,KPHX
1809,KBOS,7PS7
1810,KSEA,MT54
1811,KJFK,KFLL
1812,KLAX,KDFW
1813,YPPH,YBBN
1814,KBFI,KAWO
1815,OTHH,VHHH
1816,KTPA,KMIA
1817,KLZU,KECP
1818,KAUS,KATL
1819,KABQ,KPHX
1820,OMDB,VOBL
1821,KSMF,KRIR
1822,LFPG,EGNX
1823,RKSI,EDDF
1824,KSEA,KBOI
1825,KFAT,KSFO
1826,KMIA,KLAX
1827,KSNA,KSFO
1828,KRSW,KATL
1829,KCLT,KATL
1830,KBFI,KORS
1831,KHIO,KSJC
1832,KBWI,KATL
1833,35OR,KSFO
1834,KATL,EHAM
1835,YSSY,NZAA
1836,KLGB,KPHX
1837,VABB,VOMM
1838,WS17,5WI4
1839,KFLL,KBOS
1840,WSSS,RKSI
1841,KLGA,KORD
1842,KOAK,KO69
1843,KATL,02XS
1844,KSEA,KBFI
1845,YMEN,YYEA
1846,KGRR,KATL
1847,K1G4,KLAS
1848,KSTL,KPJY
1849,KLGB,KPOC
1850,KDAL,KATL
1851,K1G4,KLAS
1852,KDTW,KRSW
1853,KLAX,KBNA
1854,KMKE,KMSP
1855,KMSP,PANC
1856,OMDB,VABB
1857,NZNE,NZAR
1858,KORD,KGRB
1859,SBBR,SBSP
1860,RKSI,WMKK
1861,RJOA,RJTT
1862,KDTW,KSAN
1863,KDEN,KJFK
1864,CYUL,CYYC
1865,KPAE,WA09
1866,KCLT,KLAX
1867,KSMO,KPOC
1868,KDEN,07KY
1869,KAVX,KCRQ
1870,VIDP,VOBL
1871,KMIA,MGGT
1872,KMSP,KSEA
1873,KATL,7PS7
1874,KLAX,KORD
1875,KOPF,KVNY
1876,KVIS,KSNS
1877,PAMR,40AK
1878,RJTT,RJOO
1879,NZWN,NZHN
1880,KFHR,KBLI
1881,KSEA,KLAS
1882,KBUR,KTEB
1883,KSTL,KMSP
1884,WMKK,YSSY
1885,KSAN,KSFO
1886,KMSP,KPSP
1887,KATL,KEWR
1888,KDFW,KATL
1889,VOBL,VABB
1890,KORD,CYYZ
1891,CYPQ,CPS2
1892,KSJC,KLAX
1893,YSSY,YBCG
1894,KSBP,KSFO
1895,VABB,VOMM
1896,KMDW,KSJC
1897,KCCR,KHAF
1898,KCLT,KATL
1899,KSEA,KDFW
1900,KLAX,KORD
1901,KDTW,KFXE
1902,KBUR,KLAS
1903,YPPH,YBBN
1904,OMDB,LSZH
1905,KBOS,KPHL
1906,RCTP,VHHH
1907,KSMF,KSEA
1908,KSAT,KDAL
1909,KAUS,KSJC
1910,KDEN,KIAD
1911,KATL,LFPG
1912,VOBL,VIDP
1913,OTHH,VOMM
1914,NZCH,NZHN
1915,KATL,KSTL
1916,KSEA,KLAX
1917,KDTW,KATL
1918,KCPS,7IS2
1919,KCLT,KPHX
1920,KHOU,KMDW
1921,KPHX,KRIR
1922,KRSW,KJFK
1923,OTHH,ELLX
1924,KORD,KATL
1925,RCQC,RCKH
1926,KORD,KDTW
1927,KORD,4IL8
1928,YPPH,YPAD
1929,KSNA,KCRQ
1930,KBUR,KOAK
1931,CYYJ,CYVR
1932,KUDD,KCRQ
1933,KRHV,KE16
1934,KMRY,KPHX
1935,KTYS,KATL
1936,KLHM,KPAO
1937,KSFO,EGLL
1938,KDEN,KPHX
1939,KIAH,KDCA
1940,RCTP,WSSS
1941,YPAD,YPPF
1942,SPJC,SPST
1943,KCRQ,KRNM
1944,RKSI,KLAX
1945,KORD,KMDT
1946,KATL,60CO
1947,KATL,KDCA
1948,KCLT,KMCI
1949,KDFW,TS54
1950,YTDN,YMMB
1951,OERK,OEDF
1952,KATL,KPDX
1953,KCLT,KDTW
1954,KMDW,KFLL
1955,KOAK,KSNA
1956,KORD,KMSP
1957,KSEA,KPHX
1958,YBSS,YCAL
1959,KMSP,CYYC
1960,KORD,KLGA
1961,KLGA,KDCA
1962,KBOS,KFLL
1963,KMYF,KCRQ
1964,KBMI,KPIE
1965,KLAX,KSEA
1966,KSJC,KSNA
1967,KDEN,KSNA
1968,KSLC,KLAS
1969,SBGR,LPPR
1970,EDDK,LTFJ
1971,KATL,KJFK
1972,KORD,KDEN
1973,KFLL,KLGA
1974,PANC,6AK3
1975,KSEA,KISM
1976,EGSS,EGPH
1977,KPHX,KATL
1978,KSQL,KSCK
1979,KFAT,KPHX
1980,VOMM,VIDP
1981,KCNO,KSNA
1982,KORD,KDCA
1983,KTPA,KLGA
1984,KVNY,KDAL
1985,KLAX,KDAL
1986,KSAT,KATL
1987,3NK5,KBUF
1988,KATL,KSAT
1989,KCNO,KSBD
1990,KMDW,KOPF
1991,KEWR,EDDF
1992,YBBN,YMML
1993,KORD,KATW
1994,KATL,KDAY
1995,KMIA,7PS7
1996,KORL,KMDW
1997,KDEN,KBOS
1998,OMSJ,VIDP
1999,EDDK,LTFJ
2000,KCNO,KSNA
2001,KHOU,KATL
2002,OTHH,VHHH
2003,KSDM,KMYF
2004,CYCD,CYVR
2005,KL70,KWHP
2006,WMKK,WBSB
2007,KFXE,KMIA
2008,KLGB,KSJC
2009,KSEA,02XS
2010,KDEN,KPHL
2011,YMMB,YMEN
2012,VOMM,VOBL
2013,KSDL,KPSP
2014,KCCR,KO60
2015,NZAA,NZCH
2016,KATL,KRSW
2017,KORL,KPHL
2018,KMIA,MROC
2019,VECC,VOBL
2020,KLAS,KLAX
2021,VIDP,VOMM
2022,YBBN,YSSY
2023,KRHV,KE16
2024,KDTW,KRSW
2025,KOPF,KFXE
2026,KORD,KDFW
2027,KATL,KLAX
2028,KVPS,KATL
2029,KEMT,KAJO
2030,CYUL,CYYZ
2031,KORD,KBWI
2032,VABB,VHHH
2033,VOMM,VABB
2034,KGPM,3XA1
2035,KOAK,KVNY
2036,OBBI,VHHH
2037,KSNA,KLAS
2038,KLNS,KABE
2039,RCQC,RCKH
2040,SBBR,SBGL
2041,KDEN,KMCO
2042,KHOU,KLAX
2043,KPSP,KPHX
2044,KCLT,KSFO
2045,KBWI,KMIA
2046,KDTW,KMCI
2047,KORL,KPHL
2048,YSWG,YSSY
2049,KATL,KISM
2050,YMML,YPAD
2051,KPRC,KSDL
2052,KCLT,KDCA
2053,27CL,KPHX
2054,KABQ,KPHX
2055,KMIA,KCMH
2056,KSNA,KPHX
2057,KJFK,KSFO
2058,YSSY,KLAX
2059,KDEN,KTUL
2060,RKSI,RJBB
2061,VHHH,OMDB
2062,KGLH,KDFW
2063,KPDX,KSEA
2064,RJOO,RJOM
2065,VIDP,VABB
2066,KCLT,KEWR
2067,TJSJ,KMIA
2068,PANC,KONT
2069,SBKP,SSJC
2070,KABQ,KSEA
2071,KORD,71KY
2072,KORD,KIAD
2073,KBUR,KPHX
2074,KSNA,KOAK
2075,KIAD,KTEB
2076,KATL,KCMH
2077,KFLL,KATL
2078,YHBA,YBBN
2079,KDEN,02XS
2080,RJTT,RJOA
2081,YSSY,KLAX
2082,KATL,KMCI
2083,OR38,KHIO
2084,KNZY,KNUC
2085,KPHX,KMDW
2086,KOKC,KDFW
2087,KBOS,KLGA
2088,RCTP,RJBB
2089,KCLT,KRDU
2090,PANC,KRIR
2091,KORL,KMSP
2092,KHOU,KMIA
2093,KAVX,KLGB
2094,KORD,KFLL
2095,KDEN,KBWI
2096,KLAS,KTUL
2097,KJFK,KFLL
2098,KSAN,KPHX
2099,VOMM,VIDP
2100,KRSW,KACY
2101,SBRJ,SSJC
2102,KMCI,KATL
2103,KVNY,KLAS
2104,KCLE,KATL
2105,KMSP,KPHX
2106,RJTT,VHHH
2107,KFLL,KRDU
2108,KSAN,KPDX
2109,KATL,K5A9
2110,KORD,KEWR
2111,RCTP,RJAA
2112,EDDV,LTFJ
2113,KPHX,KDAL
2114,KDTW,KSTL
2115,YPPF,YCVG
2116,KE16,KRHV
2117,CYUL,EBBR
2118,KHOU,KDFW
2119,KSJC,KPHX
2120,KSGF,KATL
2121,KMIA,KORD
2122,VECC,VOBL
2123,KSDM,KMYF
2124,RJOO,RJTT
2125,EGNX,EGPH
2126,KOAK,KSAN
2127,KMSP,KATL
2128,WSSS,VHHH
2129,SKBO,KMIA
2130,YBCG,YPAD
2131,KBWI,KDUJ
2132,SPST,SPJC
2133,SBGR,LPPT
2134,KLGA,KRDU
2135,VIDP,VECC
2136,SBRJ,SBBR
2137,KHND,KVGT
2138,OERK,OBBI
2139,KRHV,KSNS
2140,VOBL,LFPG
2141,KORD,KBOS
2142,KMCI,KPGD
2143,KORL,KPHL
2144,KSDM,CA75
2145,NZCH,NZWN
2146,RCTP,WMKK
2147,KBUR,KVNY
2148,OTHH,VGZR
2149,KDEN,KOMA
2150,KSEA,60CO
2151,KIAH,KRIR
2152,KORD,KLNK
2153,KDFW,KDTW
2154,KSLC,KLAX
2155,KMSP,KJFK
2156,KCLT,NC48
2157,KOAK,KRIR
2158,KSBP,KPHX
2159,NZAA,NZCH
2160,KATL,EGLL
2161,KATL,KSNA
2162,NZWN,NZCH
2163,YSBK,YSCB
2164,KORD,KLAS
2165,KDEN,7PS7
2166,KSQL,CL77
2167,KBNA,KMSP
2168,KCLT,KBNA
2169,KVNY,KPHX
2170,KHOU,KDEN
2171,KMCI,KOAK
2172,KPHX,KSEA
2173,KORD,K8C4
2174,RCQC,RCNN
2175,KDEN,KSLC
2176,PANC,KSEA
2177,KU08,KVGT
2178,KLAX,KOAK
2179,KPHX,KLGB
2180,VOBL,VOMM
2181,KGEG,KLAS
2182,KONT,KPHX
2183,KLVK,KAPC
2184,SBGR,SSJC
2185,VABB,VIDP
2186,KDTW,EHAM
2187,YBCG,YSCB
2188,KSNA,KLGB
2189,KSEA,KPDX
2190,VOMM,VABB
2191,VIDP,VOBL
2192,KJFK,LFPG
2193,KORD,KRDU
2194,KFAT,KLAX
2195,KHOU,KDAL
2196,KTEB,KPHL
2197,KMHR,KHND
2198,OBBI,OMSJ
2199,NZAA,NZMZ
2200,KSDF,KDFW
2201,KMVY,KBED
2202,KTPA,KJFK
2203,VOBL,OTHH
2204,KAPA,9CO2
2205,KDTW,KDFW
2206,KEWR,EDDF
2207,KDFW,7PS7
2208,KLGB,KPHX
2209,KCRQ,KL08
2210,KSNA,KBFI
2211,KDTO,KFTW
2212,VIDP,VECC
2213,KSAN,KVNY
2214,KORD,KDAY
2215,KSNA,KAJO
2216,YMML,YBBN
2217,RKSI,EHAM
2218,KAUS,KLAS
2219,KDAL,KBNA
2220,KBFI,KSNA
2221,KDFW,KEWR
2222,KSBA,KSMO
2223,RJTT,RJOO
2224,KLAX,KPHX
2225,KLAS,KLAX
2226,RJAA,RKSI
2227,KCLT,KTUL
2228,YSSY,NZAA
2229,KSBA,KPHX
2230,KDFW,KTUL
2231,KORD,EGLL
2232,KJFK,KROC
2233,KSRQ,KBNA
2234,KMIA,KJFK
2235,KDFW,9CA0
2236,KDFW,3KY4
2237,KAPA,CO18
2238,KMSP,KRSW
2239,RJTT,RJOM
2240,KATL,KISM
2241,KLAS,KLAX
2242,KOPF,KBOW
2243,KSAT,KDFW
2244,3OR8,KPDX
2245,KRSW,KATL
2246,KBED,KTEB
2247,EGSS,LIMC
2248,KCLT,KHSV
2249,KORD,VIDP
2250,KCRQ,KMYF
2251,KBOS,EHAM
2252,VHHH,RCTP
2253,RJAA,RCTP
2254,VIDP,VIDN
2255,KOQU,CT52
2256,KSFO,KPDX
2257,KBUR,KPHX
2258,CYUL,LFPG
2259,SBBR,SBSP
2260,KDFW,9NC6
2261,KLAX,KLAS
2262,KSEA,KSJC
2263,KMIA,KSTL
2264,KSBA,KVNY
2265,KSLC,KSAN
2266,VOMM,VABB
2267,KDFW,KIAD
2268,KATL,KSYR
2269,KJFK,EGLL
2270,3NK5,KBUF
2271,OMDB,WMKK
2272,KATL,KLGA
2273,KLAS,KVNY
2274,KRDU,01FA
2275,82PA,KATL
2276,KEDC,KAUS
2277,YMML,YPAD
2278,VIDP,VECC
2279,EDDP,LIMC
2280,KDFW,KATL
2281,KDTW,KMSP
2282,KIAH,KDFW
2283,KORD,OI46
2284,KATL,KECP
2285,KATL,KHSV
2286,KFAT,KSQL
2287,KDTW,KTYS
2288,KDFW,KM99
2289,KBWI,KATL
2290,KSLC,KJFK
2291,KBOI,KLAX
2292,LFPG,LFBO
2293,KDEN,KSLC
2294,KPHX,KMCI
2295,KORD,KOMA
2296,VHHH,RKSI
2297,KWHP,KCMA
2298,KAPC,KSNA
2299,OMDB,WSSS
2300,YPJT,YSEN
2301,KGEG,KSFO
2302,KSPG,FD04
2303,KRDU,KMCO
2304,KPHX,KLAS
2305,KOWP,KRVS
2306,KCLT,CYYZ
2307,KORD,KPHX
2308,KSEA,KJFK
2309,KDFW,KTYS
2310,19OK,KRVS
2311,KYKM,KGEG
2312,KMSP,KLAS
2313,KTCY,KSQL
2314,KL73,KVIS
2315,KDTW,KISM
2316,KDCA,KBOS
2317,KJFK,EHAM
2318,RJTT,RJOM
2319,KCLT,KDTW
2320,KORD,EDDF
2321,KDFW,KHSV
2322,KDEN,KLGA
2323,KAUS,KPHX
2324,SBRJ,SSJC
2325,KMIA,MROC
2326,YSSY,KLAX
2327,KMSP,KSEA
2328,YMEN,YLIL
2329,KSEE,KDVT
2330,VOBL,VIDP
2331,WN51,KFHR
2332,KECP,KATL
2333,KHHR,KUDD
2334,YMMB,YMEN
2335,KDEN,KSAT
2336,YMHB,YMML
2337,KDTW,KSEA
2338,YWLM,YBBN
2339,KPSP,KSLC
2340,KDEN,KRDU
2341,KDTW,KGRB
2342,KLAS,KPSP
2343,KATL,KPMP
2344,KLAX,KPHX
2345,KTPA,KBOS
2346,KDFW,KLGA
2347,KMYF,KSNA
2348,KMSP,02XS
2349,KFLL,KSTL
2350,VOBL,VIDP
2351,KATL,KLGA
2352,SBBR,SBVT
2353,MROC,KUTA
2354,KDTW,KPHX
2355,RKSI,UUDD
2356,KONT,KPHX
2357,KATL,KDTS
2358,KDEN,KTUL
2359,KBWI,KDTW
2360,VABB,VIDP
2361,KJFK,EGLL
2362,YMMB,YMEN
2363,KOMA,KSLC
2364,KDFW,KDEN
2365,KDAL,KBWI
2366,KATL,67KY
2367,WMKK,VHHH
2368,KORD,KMCI
2369,KFFZ,KPAN
2370,KAJO,KSNA
2371,KDVT,23AZ
2372,KDFW,KBNA
2373,PANC,KSEA
2374,YSSY,RPLL
2375,SBGR,SSJC
2376,KDEN,KHSV
2377,YBCG,YSSY
2378,KDEN,KSLC
2379,KWVI,KPAO
2380,EDDP,EGNX
2381,RJBB,RJAA
2382,KORD,KDCA
2383,KDFW,KORF
2384,KPSP,KPHX
2385,VHHH,RPLL
2386,KDFW,KBUR
2387,YBBN,YMML
2388,KVIS,KOAK
2389,RJTT,RPLL
2390,KJFK,KBUF
2391,KPHL,KMCO
2392,64OR,KPDX
2393,KORD,KATL
2394,KDAL,60CO
2395,KOMA,KATL
2396,KDEN,KSTL
2397,KCLT,KSAT
2398,KORD,KMSP
2399,KDFW,KBUF
2400,KLAS,KSAN
2401,NZTG,NZWN
2402,KDFW,KSAT
2403,KSNA,KSEE
2404,KATL,KSTL
2405,EGSS,EGPH
2406,KHIO,KPDX
2407,KEWR,KMCO
2408,KLAX,KDFW
2409,KPDX,KLAX
2410,KDEN,KCOS
2411,KMSP,KSAN
2412,KDTW,KOMA
2413,KLAS,KSFO
2414,KIAH,KSLC
2415,KOLS,KPHX
2416,EBLG,EGNX
2417,KDFW,KLAS
2418,KSJC,KSAN
2419,KSEE,KMYF
2420,KDAL,KATL
2421,NZNV,NZWN
2422,VIDP,VABB
2423,NZAA,NZGB
2424,KRNM,KSEE
2425,KBWI,KCMH
2426,VOBL,VOMM
2427,KDFW,KMDT
2428,KTPA,KDTW
2429,KFAT,KSLC
2430,KSTL,KSLC
2431,RKSI,WSSS
2432,KSNA,KSFO
2433,6NY2,KROC
2434,KDFW,KMSN
2435,KJFK,GMMN
2436,KCLT,KATL
2437,WSSS,EGLL
2438,KONT,KSLC
2439,KCMA,KSEE
2440,KDEN,KOKC
2441,KORD,NC63
2442,6PA3,KMDT
2443,KCLT,NC48
2444,KLAS,KORD
2445,KGEG,KLAX
2446,NZCH,NZPM
2447,KPHX,KLAX
2448,KDEN,KLGA
2449,KAUS,KSLC
2450,YBBN,YMYB
2451,KTOA,KPSP
2452,KOAK,KSLC
2453,KMSP,KDEN
2454,KSDL,KLAS
2455,KORD,KBNA
2456,VOMM,VABB
2457,KSNA,KSJC
2458,KDFW,KSFO
2459,YMML,YBCG
2460,KISP,KPHL
2461,KDEN,KLAA
2462,RKSI,RCTP
2463,KTEB,KPDK
2464,KPHX,KLAX
2465,KSEA,KGEG
2466,KSBA,KVNY
2467,KATL,KSRQ
2468,KFLL,KDTW
2469,YSSY,YMML
2470,KLGB,KEMT
2471,VABB,OMDB
2472,KDFW,KSDF
2473,KE16,KRHV
2474,KORD,EGLL
2475,KBOI,KSEA
2476,KEWR,EBBR
2477,KSLC,KBOS
2478,KCLT,KMSP
2479,KSAT,KSLC
2480,KSJC,KCRQ
2481,KGEG,KSEA
2482,KDEN,KCMH
2483,KLGB,KSLC
2484,KBWI,KORF
2485,KJFK,KLAS
2486,KIND,KDEN
2487,YYEA,YMEN
2488,VHHH,EGLL
2489,KORF,KMDW
2490,KDEN,KMSN
2491,KCLT,KPNS
2492,KORL,KJFK
2493,KSEA,KSFO
2494,YMMB,YMEO
2495,KHOU,KSTL
2496,KDFW,KOKC
2497,KVGT,KHND
2498,KLVK,KPSP
2499,KJFK,KSYR
2500,KSDF,KHSV
2501,RKSI,KATL
2502,KDFW,KCMH
2503,KSBD,KFUL
2504,KBOI,KGEG
2505,KDEN,KSGF
2506,KSJC,KLGB
2507,KLGA,KBOS
2508,KBOS,KMCO
2509,KPIT,KBFD
2510,KNRQ,KATL
2511,KATL,KPHL
2512,KATL,KDTW
2513,KTPA,KBOS
2514,KDFW,02XS
2515,KORD,1MI4
2516,KDEN,KBOS
2517,KLAX,RKSI
2518,KBWI,KROC
2519,CYVR,CYYC
2520,KRSW,KJFK
2521,KATL,KRSW
2522,KORD,KATL
2523,KBNA,KLGA
2524,YSSY,YMML
2525,LGAV,LYBE
2526,KORD,KBWI
2527,KIAD,KATL
2528,RKSI,EHAM
2529,KMIA,KBWI
2530,KDFW,KBWI
2531,KCLT,KDAY
2532,KSFO,KLAX
2533,KDEN,KBNA
2534,KLAS,KSLC
2535,VOBL,VECC
2536,KORD,KY51
2537,RJOO,RJTT
2538,KATL,KPHX
2539,VHHH,RPLL
2540,CNF4,CYOO
2541,KPHX,KOAK
2542,KRSW,KEWR
2543,KLAX,KSLC
2544,KFLL,KRDU
2545,NZAA,NZCH
2546,KDEN,KCMH
2547,KBLI,KSEA
2548,KE16,KPAO
2549,VAJJ,VIDP
2550,KCLT,KPLR
2551,KDFW,KBOI
2552,NZCH,NZMZ
2553,KORD,KEWR
2554,KLAX,KSFO
2555,KORD,KDFW
2556,KBNA,KATL
2557,KATL,SC32
2558,YBBN,YSSY
2559,KCRQ,KLAS
2560,KDEN,KATL
2561,KSDL,KHND
2562,VHHH,RKSI
2563,KJFK,KDCA
2564,KEWR,KATL
2565,KCLT,KTYS
2566,KLAX,KLAS
2567,KBWI,KOQU
2568,KORD,KSFO
2569,SBGR,SBGL
2570,KDEN,7PS7
2571,KGEG,KSEA
2572,UNEE,UUWW
2573,KDFW,KDEN
2574,KVNY,KLAS
2575,KLAS,KORD
2576,KPDX,KOAK
2577,YMML,YBCG
2578,KIAH,02XS
2579,KATL,MROC
2580,VOBL,OMDB
2581,KEWR,SBGR
2582,KLAX,RCTP
2583,KDEN,KMSP
2584,KATL,KSDF
2585,KORD,KSGF
2586,KDEN,KORF
2587,CA66,KPAO
2588,YBCG,YMML
2589,KMDW,KATL
2590,NZCH,NZAA
2591,KSQL,CA66
2592,OBBI,OMDB
2593,KDEN,KBNA
2594,KDEN,KEWR
2595,KMSP,KDFW
2596,KDFW,KUTA
2597,KJFK,KBOS
2598,KATL,KORF
2599,KBUR,KLAS
2600,6NY2,KBUF
2601,KDEN,KRIR
2602,KSBP,KONT
2603,EGSS,EGAA
2604,KSJC,KSEA
2605,KDEN,KDTW
2606,UNEE,UUDD
2607,KORD,23MN
2608,LIML,LIRA
2609,KDFW,KSEA
2610,VOBL,VABB
2611,YMML,YCBG
2612,KORD,KSTL
2613,EDDP,EGGW
2614,KDEN,KMSP
2615,KDEN,KPHL
2616,KIND,KATL
2617,KORD,KMSP
2618,KTPA,KRDU
2619,KMDW,KRSW
2620,KEWR,KCMH
2621,KFLL,KJFK
2622,KDFW,KLAX
2623,OMDB,OBBI
2624,KCLT,KMSP
2625,PANC,VHHH
2626,KDEN,KFLL
2627,KPDX,KSEA
2628,VIDP,VABB
2629,WMKK,YMML
2630,KEWR,EGLL
2631,KDFW,KSNA
2632,KLAX,EDDM
2633,CYYC,CYYZ
2634,NZCH,NZHR
2635,KCLT,KRSW
2636,YMML,YBMC
2637,KATL,KSLC
2638,YSWG,YSBK
2639,KPUB,KAPA
2640,KDEN,KSEA
2641,RJTT,RJOO
2642,KDFW,KPNS
2643,KOAK,KPDX
2644,KDEN,02XS
2645,KIAD,OTHH
2646,KSLC,KORD
2647,KDFW,KSJC
2648,KAUS,KSLC
2649,KMKE,KMSP
2650,KMKE,KMSP
2651,KBWI,KBOS
2652,YSCH,YSSY
2653,KEWR,KLAX
2654,YLYK,YPPF
2655,KPDK,KOPF
2656,RKSI,KJFK
2657,KPHX,KSLC
2658,KDEN,KOMA
2659,YPPF,YLYK
2660,KLAX,KPHX
2661,KORD,KRDU
2662,RPLL,RJBB
2663,KCLT,KBWI
2664,KDTW,KSAT
2665,KSNA,KSJC
2666,PANC,KSEA
2667,NZAA,NZPM
2668,ZGSZ,WSSS
2669,KMIA,KLAS
2670,KORD,KBOS
2671,KTPA,FD37
2672,KU42,KU14
2673,KORD,71KY
2674,KPHX,KLAS
2675,KCLT,KECP
2676,RCQC,RCKH
2677,PANC,RKSI
2678,KORD,KDEC
2679,KORD,KLGA
2680,KDFW,PANC
2681,KEWR,EIDW
2682,SBGR,SBVT
2683,KLAX,KSJC
2684,YBOA,YSPT
2685,NZCH,NZNV
2686,YLYK,YPPF
2687,SBKP,KFLL
2688,KE16,KRHV
2689,KATL,KISM
2690,KDFW,KVPS
2691,CYYZ,EGLL
2692,KDEN,KLNK
2693,KCLT,KMSP
2694,ULMM,UUDD
2695,KTPA,KJFK
2696,KATL,KDEN
2697,KBWI,KCLE
2698,VOMM,VOBL
2699,KORD,KSYR
2700,YSWG,YSBK
2701,KDFW,KPHL
2702,KIWA,KLAS
2703,KFAT,KOAK
2704,KSJC,KSLC
2705,KBNA,KLAX
2706,KRNM,KCRQ
2707,KAEG,NM74
2708,KSBP,KFAT
2709,KPHX,KVNY
2710,YBBN,YSSY
2711,KDFW,KCOS
2712,KORD,KPHX
2713,KORD,7PS7
2714,3OR8,KSEA
2715,KCLT,KDFW
2716,KSFO,KSLC
2717,KDEN,KSDF
2718,KSFO,KLAX
2719,KIAH,KBWI
2720,KATL,KMSP
2721,KSJC,KSEA
2722,KCMH,KATL
2723,OMSJ,LTFJ
2724,KORD,KLGA
2725,KBWI,KBUF
2726,VOBL,VIDP
2727,KHPN,KTEB
2728,KPHX,KSFO
2729,KFLL,KEWR
2730,K74S,KBFI
2731,KORD,KTYS
2732,KPIT,KATL
2733,KSAN,KOAK
2734,KSNA,KSLC
2735,YMEN,YCEM
2736,VIDP,VOTP
2737,CYQG,CYHM
2738,KDFW,KFLL
2739,KDCA,KCMH
2740,KDEN,KDFW
2741,KHOU,KPHX
2742,KDEN,KORD
2743,VOBL,VECC
2744,KPDX,KSLC
2745,EGNX,EGPH
2746,KDFW,KSLC
2747,KDFW,KBOS
2748,RJOA,RJTT
2749,KORD,KPHL
2750,27CL,KSEA
2751,KDEN,KMCI
2752,KFLL,KBWI
2753,KPDX,KSEA
2754,KLAS,KPAE
2755,KORD,MI31
2756,KDEN,KLAX
2757,KDTW,KATL
2758,YMML,YBBN
2759,YMEN,YYEA
2760,VIDP,VABB
2761,KVNY,KMYF
2762,KSEA,KORD
2763,WMKK,YSSY
2764,VOMM,VABB
2765,KATL,KORD
2766,KGRI,KOMA
2767,KMIA,KATL
2768,KFLL,KLAX
2769,KORD,KDEN
2770,KDEN,KSAN
2771,WSSS,YPPH
2772,YWVA,YSBK
2773,KBWI,KATL
2774,KDEN,KIAD
2775,KFTG,KAPA
2776,KATL,KFLL
2777,KORD,KDAY
2778,KMIA,KATL
2779,KSJC,KSAN
2780,KDFW,KDCA
2781,KAPA,KBJC
2782,CYVR,CYYJ
2783,OBBI,EDDP
2784,KLAX,RCTP
2785,RCTP,YBBN
2786,KDEN,KSTL
2787,KATL,LFPG
2788,KCLT,KJFK
2789,NZAA,NZWN
2790,UUWW,OMDW
2791,CYYJ,CYVR
2792,KTUS,KPHX
2793,KDFW,KPSP
2794,KATL,KRIR
2795,KLAX,KLAS
2796,KSEA,KBOI
2797,NZRO,NZCH
2798,YMML,YSSY
2799,VHHH,WSSS
2800,NZKF,NZAA
2801,KORD,KGRB
2802,VIDP,RKSI
2803,VABB,VIDP
2804,RKSI,KDFW
2805,KCLT,KTYS
2806,KPSP,KBOI
2807,NZAA,NZWN
2808,VABB,VOBL
2809,KLAX,KSEA
2810,KATL,KSAN
2811,KSAN,KSEA
2812,VIDP,VOBL
2813,KSNA,KPDX
2814,OMDB,VIDP
2815,YBBN,YMML
2816,KDFW,KECP
2817,PANC,VHHH
2818,WSSS,RPLL
2819,CYVR,CYYZ
2820,KDFW,KMCI
2821,KRDU,KFLL
2822,KFNT,KPGD
2823,KORD,KMIA
2824,OR87,KPDX
2825,KSJC,KHIO
2826,38NE,KOMA
2827,KORD,KATW
2828,KORF,KATL
2829,KEWR,LPPT
2830,KLAS,KSEA
2831,RCTP,RPLL
2832,KTPA,KATL
2833,VIDP,VOMM
2834,6OR8,KPDX
2835,KSLC,KLAX
2836,KFLL,KDTW
2837,KSAT,KDEN
2838,50NE,KOMA
2839,ZGSZ,ZUCK
2840,KONT,KSJC
2841,KBLI,KBFI
2842,KDFW,KFAT
2843,KC83,KPAO
2844,YSCB,YBCG
2845,KCLT,7PS7
2846,KSMF,KPHX
2847,KATL,KORD
2848,KPGD,SC78
2849,KBUR,KSLC
2850,KFLL,KLGA
2851,KSNA,KOAK
2852,RJOO,RJTT
2853,KAPA,KCOS
2854,SBRJ,SBKP
2855,KPHL,KDEN
2856,KPRC,KPHX
2857,KPHX,KSEA
2858,KEWR,VABB
2859,KE16,KRHV
2860,KDFW,KSLC
2861,KCLT,KSRQ
2862,KFLL,KORD
2863,KORL,KLAX
2864,KCLT,KABE
2865,KF70,KAJO
2866,KHPN,KFRG
2867,KMDW,KBWI
2868,KATL,SBGR
2869,KABQ,NM74
2870,YPPF,YCVG
2871,KSBP,KONT
2872,KDFW,KORD
2873,OTHH,VIDP
2874,VIDP,OMSJ
2875,KNUC,KNZY
2876,KSMF,KLGB
2877,VHHH,VIDP
2878,KBOI,KSAN
2879,KORD,EGLL
2880,KRDU,KATL
2881,KSFO,KORD
2882,KFLL,KPHL
2883,KATL,KTUS
2884,KPHX,KSTL
2885,KLAS,KCMA
2886,KPHL,KORD
2887,KLAX,KPSP
2888,KDFW,KRDU
2889,KDFW,KPDX
2890,KSEA,KTUS
2891,KDEN,KSEA
2892,KTEB,KIAD
2893,UAAA,UAII
2894,KTUL,KLAX
2895,KRSW,KBOS
2896,KORD,KDTW
2897,KDFW,KSAN
2898,KCLT,KCMH
2899,KDFW,KSTL
2900,RCTP,RPLL
2901,KATL,KMIA
2902,RJTT,KJFK
2903,KSNA,KSEA
2904,KPSP,KSEA
2905,EDDP,EGNX
2906,KONT,KSEA
2907,KSEA,KLAX
2908,KDFW,KMSP
2909,KVIS,KRIR
2910,KJFK,KATL
2911,KORD,KMSN
2912,KOMA,KSTL
2913,KORD,ELLX
2914,KIAD,KCLT
2915,YPAD,YPPF
2916,KATL,KLAS
2917,KFLL,KDFW
2918,KDEN,KMCI
2919,YMMB,YPKL
2920,KDFW,KSPI
2921,KCLT,KMCO
2922,KDTW,KFLL
2923,OMDB,VHHH
2924,KOAK,KLAX
2925,KSLC,KLAS
2926,KSFO,KSAN
2927,VIDP,VECC
2928,UWWW,UUWW
2929,KSEA,6WA3
2930,WA49,KSEA
2931,KDFW,SBGR
2932,TJSJ,KSDF
2933,KPHX,KSEA
2934,RCTP,WSSS
2935,SKBO,KMIA
2936,KJFK,EIDW
2937,SBGR,CYYZ
2938,KPGD,KTYS
2939,KSNA,KPAE
2940,KLAS,KDTW
2941,KIAD,EGLL
2942,YBMC,YMML
2943,KPWK,KOSU
2944,KATL,KSGF
2945,KLAX,RCTP
2946,KVNY,KLAS
2947,KFLL,KBOS
2948,KCLT,KBOS
2949,KDFW,KBMI
2950,KHHR,KLGB
2951,KORD,OTHH
2952,ZGSZ,ZUCK
2953,KDTW,KCLT
2954,KPHL,KMIA
2955,KTPA,KDFW
2956,VIDP,OEDR
2957,KOAK,KLAS
2958,KDFW,KRIR
2959,KSEA,KRIR
2960,VECC,VIDP
2961,KCMH,KPWK
2962,KSAN,KSEA
2963,KAPA,KLMO
2964,KCLT,KORF
2965,ULMM,UUDD
2966,KOAK,60CO
2967,KLAX,KBNA
2968,OK16,KTUL
2969,KTUS,KPHX
2970,YMML,YSCB
2971,KPAN,KPHX
2972,KIAH,KSNA
2973,KDFW,OTHH
2974,KDTW,KSDF
2975,KGRB,KMKE
2976,KLAS,KSEA
2977,KSAN,KRIR
2978,KPHL,KLAX
2979,KATL,KTYS
2980,RJTT,RJOA
2981,KORD,KCMI
2982,KDEN,KORD
2983,KBOI,KLAX
2984,KCOS,KPHX
2985,NZAA,NZGB
2986,PANC,40AK
2987,KCLT,KLGA
2988,KFUL,KPSP
2989,KORD,KSEA
2990,KEWR,EGLL
2991,RKSI,KLAX
2992,KSFO,KSEA
2993,KJFK,KMCO
2994,KPHL,KDFW
2995,KLAX,KSJC
2996,RCTP,RJBB
2997,KDFW,KPHX
2998,KLAS,KSNA
2999,KATL,KRDU
3000,YSCN,YOAS
3001,KATL,KABE
3002,CYVR,KSEA
3003,KONT,KSEA
3004,KDTW,KFLL
3005,KPHX,KSNA
3006,KHSV,KATL
3007,EGNX,EGAA
3008,KCLT,KPHL
3009,VECC,VOBL
3010,KJFK,EGLL
3011,KDTW,KLAX
3012,KCLT,KDTW
3013,KOFK,KOMA
3014,VABB,EDDF
3015,KPHX,KMRY
3016,KPHL,IN58
3017,KCLT,KRDU
3018,KSEA,KPSP
3019,CYUL,LPPT
3020,KPHX,KBUR
3021,KORL,KBOS
3022,KDEN,KDAL
3023,KORD,KSAN
3024,KCLT,KLAX
3025,KORD,KORF
3026,KSEA,KSAN
3027,KDFW,02XS
3028,KONT,KLAS
3029,KCMA,KCRQ
3030,KPHL,KSTL
3031,KPHX,KLGB
3032,KDTW,KRSW
3033,RJTT,VHHH
3034,KLHM,KAUN
3035,KATL,NC16
3036,RCQC,RCKH
3037,KO69,KOAK
3038,KCLT,KMIA
3039,KORD,KLAX
3040,YSSY,YBBN
3041,MROC,SKBO
3042,KSEA,KFAT
3043,KFLL,02XS
3044,KPHX,KSLC
3045,KHOU,KLAX
3046,KOAK,KPHX
3047,KCLT,KVPS
3048,KATL,KMCI
3049,KCLT,KSDF
3050,KFLL,KEWR
3051,RJTT,RJOS
3052,RCTP,WMKK
3053,KEWR,LLBG
3054,KLAX,KSFO
3055,2CD6,KAPA
3056,KSAN,KPHX
3057,KSBA,KRAL
3058,KOAK,KBUR
3059,KDTW,KEWR
3060,KPHL,KSYR
3061,TJSJ,KMIA
3062,KSEA,KSJC
3063,KATL,KLAX
3064,KORD,KATL
3065,VIDP,VECC
3066,VOBL,VIDP
3067,KSEA,KBNA
3068,KPSP,KSFO
3069,KSTL,KPHL
3070,KMDW,02XS
3071,WSSS,YSSY
3072,KCLT,KORD
3073,EGNX,EGTU
3074,KU77,KU14
3075,KLAS,KFAT
3076,KDTW,KRDU
3077,YSEN,YPJT
3078,WMKK,YPAD
3079,KDFW,KC15
3080,KPHX,CYVR
3081,VIDN,VIDP
3082,CYVR,CYCD
3083,KDCA,KORF
3084,VIDP,VABB
3085,KIAH,KPSP
3086,KCLT,KTOL
3087,KLAX,KSFO
3088,KLAS,KSNA
3089,EDDK,OMDB
3090,KCRQ,KSDL
3091,KATL,KLAS
3092,KCMA,KWHP
3093,KSEA,KPDX
3094,KSTS,KOAK
3095,KIAH,EDDF
3096,KLAS,KPHX
3097,KATL,KPHL
3098,KRSW,KMSP
3099,EGNX,EDDP
3100,KLAS,KPHX
3101,KMIA,KDCA
3102,KDTW,KORD
3103,KMDW,KBNA
3104,YKAT,YSBK
3105,KCLT,KHPN
3106,CYYZ,CYUL
3107,KRAL,KSNA
3108,CYYZ,EIDW
3109,KATL,KSLC
3110,WBKK,WMKJ
3111,YPJT,YDVE
3112,KCLT,KCMI
3113,KPHX,KPDX
3114,KSNA,KPHX
3115,YWLM,YBBN
3116,OMDB,VIDP
3117,KROC,64NY
3118,PANC,VHHH
3119,KOAK,KSTS
3120,KBNA,KATL
3121,KDTW,KCLE
3122,KORD,KSYR
3123,KPHX,KSAN
3124,KLAS,KMDW
3125,KDAL,KAPA
3126,KATL,KSAT
3127,YMEN,YTDN
3128,KMDW,KATL
3129,KVNY,KTEB
3130,KDFW,KLAS
3131,KCLT,KBUF
3132,CYUL,GMMN
3133,KDCA,KCLE
3134,TJSJ,KJFK
3135,KMIA,KLGA
3136,KPHL,CYYZ
3137,KORL,KPHL
3138,KORD,KOMA
3139,VABB,VIDP
3140,KDTW,KISM
3141,KOAK,KBUR
3142,KSEA,KPHX
3143,KLAX,KDFW
3144,KDFW,KRSW
3145,KMDW,KCMH
3146,KMCI,KDEN
3147,KPHL,KFLL
3148,KORD,KCMH
3149,VECC,VIDP
3150,CYYZ,KCMH
3151,KTUS,KMZJ
3152,KCLT,KSTL
3153,YSCB,YBBN
3154,KSEA,KGEG
3155,CYVR,KSDF
3156,KOAK,KBOI
3157,KDTW,KCMH
3158,RJTT,LFPG
3159,VHHH,RCTP
3160,KLAS,KCRQ
3161,CYUL,LFPG
3162,KSNA,KVNY
3163,SBGR,SBGL
3164,UAII,UAAA
3165,KMSP,KPHL
3166,KPHL,KDTW
3167,KDCA,KATL
3168,CYXE,CYYC
3169,KMSP,KEWR
3170,KYKM,KBFI
3171,KMDW,KLAS
3172,KPHX,KFLG
3173,YSSY,VHHH
3174,KFLL,KLAX
3175,KFFZ,88AZ
3176,KATL,KBNA
3177,KPHL,KBOS
3178,CA66,KOAK
3179,YSCB,YPAD
3180,KATL,KDCA
3181,WSSS,VHHH
3182,KLAS,KLAX
3183,KPHX,KSBA
3184,KSEA,KLAS
3185,KPHL,KCMH
3186,KORL,KDEN
3187,KSFO,KLAS
3188,YMEN,YTYA
3189,KATL,KLAS
3190,KCLT,KEWR
3191,KDCA,KGRR
3192,KMDW,KABQ
3193,KIAH,KABQ
3194,KYKM,KBFI
3195,KDTW,KPHL
3196,RJBB,RJTT
3197,NZAA,YSSY
3198,KSEA,KDFW
3199,KLAX,KSEA
3200,KPDK,KTYS
3201,KPHX,KLAS
3202,KCLT,NC03
3203,KDFW,KLAX
3204,KJFK,KBOS
3205,KCLT,KDAY
3206,23NJ,KPHL
3207,KOAK,KSEA
3208,KLAX,RKSI
3209,KSEA,KLAX
3210,KCRQ,KVNY
3211,KLAS,KSNA
3212,KPHX,KMDW
3213,KORD,OMDB
3214,KDTW,KLGA
3215,KPDX,KLAX
3216,KDFW,KSEA
3217,KPHL,KLAS
3218,SBKP,SBBR
3219,KIAH,KSAN
3220,NZCH,NZWN
3221,RKSI,EDDF
3222,KPHX,KSFO
3223,KDTW,KBOS
3224,KCLT,KW91
3225,KORD,KCWA
3226,KATL,KGRB
3227,19OK,KRVS
3228,KMIA,KPHL
3229,PANC,KSEA
3230,KIAH,KPHX
3231,KVNY,KDAL
3232,KTUL,KGCM
3233,KLGB,KOAK
3234,KPHX,KRIR
3235,KMDW,KMCI
3236,KSFO,KPSP
3237,KPHL,KATL
3238,KDFW,KMIA
3239,KATL,KLAX
3240,KOXR,KONT
3241,KOKC,KTUL
3242,KORD,KMCI
3243,CYVR,EGLL
3244,KPDX,KSMF
3245,KJFK,OTHH
3246,KPHL,KRDU
3247,KMDW,KRDU
3248,KATL,KSFO
3249,KCLT,17NC
3250,KCLT,KSYR
3251,YMML,YBBN
3252,KPHX,KPSP
3253,KDTW,0NC1
3254,KBUR,KOAK
3255,KIAH,02XS
3256,YYEA,YMMB
3257,CYYZ,CYQY
3258,KPHL,KTYS
3259,KCLT,KFLL
3260,YMML,YSSY
3261,KDTW,KMSN
3262,KSEA,KSFO
3263,KMIA,KBWI
3264,WBKK,WMKK
3265,NZGB,NZAA
3266,KLAS,KSFO
3267,KORD,KBUF
3268,KTPA,KEWR
3269,KPHX,KSBP
3270,KIAH,KLAX
3271,KATL,KTUL
3272,KMCC,KMYV
3273,KPHL,7PS7
3274,KCLT,KMDT
3275,WSSS,VOBL
3276,KSJC,KIWA
3277,KDTW,KBWI
3278,VHHH,RCTP
3279,WMSA,WMKJ
3280,RJTT,RJOO
3281,KMSP,KLGA
3282,RJOO,RJTT
3283,EDDP,LEBL
3284,KHOU,KMDW
3285,VABB,VIDP
3286,YSBK,YSWG
3287,KCLT,KMSN
3288,KMSP,KRDU
3289,SBGR,SBBR
3290,KMDW,KLGA
3291,KLAS,KDAL
3292,KMIA,KSEA
3293,KIAH,KLAS
3294,KSBA,KBUR
3295,KPHX,KTUS
3296,KSDF,KTYS
3297,YSSY,YBBN
3298,KSAN,KSJC
3299,KVNY,KMMU
3300,KAUS,FD83
3301,YPJT,YMUL
3302,KPHX,KLAS
3303,KFRG,KIAD
3304,RKSI,UUEE
3305,KMIA,KJFK
3306,CYYZ,OMDB
3307,KPHL,OTHH
3308,YSBK,YSHW
3309,KHOU,KCRP
3310,KGPI,KSEA
3311,KPHX,KFAT
3312,KMSP,KIAD
3313,RJTT,RJOA
3314,EGNX,EIDW
3315,RKSI,VHHH
3316,SBGR,KEWR
3317,KMIA,KORF
3318,KMIA,KATL
3319,KMDW,KOMA
3320,KONT,KSDF
3321,PAMR,40AK
3322,KECP,KPNS
3323,YBBN,NZAA
3324,KDFW,SC43
3325,KOAK,KLGB
3326,OMDB,VOMM
3327,VHHH,RJTT
3328,KLAS,KLAX
3329,RPLC,RPLL
3330,KMDW,KMSP
3331,KDAL,KVNY
3332,KPHX,9CA0
3333,KPHL,KDAY
3334,KCLT,KATL
3335,KDTW,KBUF
3336,NZCH,NZNV
3337,KMDW,KPHX
3338,KPHX,KSLC
3339,KOAK,KSJC
3340,VABB,VIDP
3341,KPHL,VG64
3342,KJFK,EDDF
3343,KCLT,KBNA
3344,KHOU,02XS
3345,OBBI,OMAA
3346,KSFO,KSTS
3347,VIDP,VOMM
3348,KDTW,KDCA
3349,KSMF,KSNA
3350,VIDP,VECC
3351,KRVS,19OK
3352,KVES,KI73
3353,NZAA,WSSS
3354,KDTW,KDFW
3355,KPHX,KABQ
3356,KSLC,60CO
3357,KHOU,KUTA
3358,KATL,KOMA
3359,KLAX,02XS
3360,KPHL,KBUF
3361,KBJC,9CO7
3362,KMDW,KBWI
3363,KMIA,KDEN
3364,KORL,KMSP
3365,KSFO,KSBP
3366,KFTW,KSDL
3367,YMML,NZAA
3368,KDTW,KLAS
3369,27CL,KSEA
3370,KPDX,KSEA
3371,KIAD,KMSP
3372,KDTW,KJFK
3373,YBCG,YPAD
3374,KMIA,KPHX
3375,KCLT,NC06
3376,ZGSZ,WMKK
3377,KMDW,KLAX
3378,KPHL,KROC
3379,KATL,KSEA
3380,PANC,KMIA
3381,KMDW,KSTL
3382,KDTW,VT26
3383,CYYZ,CYVR
3384,KPHX,KSJC
3385,KSNA,KLAS
3386,KORD,KSLC
3387,KPHX,KSEA
3388,YBCG,YMML
3389,KSDM,KRIR
3390,KDTW,KMDT
3391,YMML,NZAA
3392,KDEN,KTUS
3393,KPHL,KISP
3394,YSSY,YPAD
3395,VIDP,VAPO
3396,CYVR,VIDP
3397,KPHL,KMDT
3398,YPPH,YCBG
3399,KDTW,KCLT
3400,KHOU,KDEN
3401,CYYC,CYYZ
3402,YMMB,YMEN
3403,KHOU,KLAS
3404,KMIA,KLAX
3405,PANC,KBFI
3406,YMUL,YPJT
3407,KMDW,KDCA
3408,OBBI,VHHH
3409,KPHX,KPDX
3410,YPAD,YMML
3411,KPHL,KATL
3412,KLAX,KMDW
3413,KDTW,KSYR
3414,KDAL,KAPA
3415,KDTW,KSFO
3416,WMKK,VHHH
3417,VAJJ,VIDN
3418,RJBB,EHAM
3419,KHOU,KBNA
3420,KDTW,KIAD
3421,VIDP,VOBL
3422,KONT,KOAK
3423,NZAA,NZMZ
3424,59NC,KOSU
3425,KMDW,KDTW
3426,KATL,KDEN
3427,KSJC,KLAX
3428,YMML,YCBG
3429,KMIA,KBOS
3430,KDTW,KATW
3431,RJTT,KJFK
3432,KSEA,KRIR
3433,KMIA,KEWR
3434,KSNA,KOAK
3435,KDTW,KORF
3436,SKBO,SBGR
3437,KORD,KSLC
3438,WSSS,VOBL
3439,OMDB,VIDP
3440,KTPA,KLAS
3441,WMKK,WSSS
3442,KPHL,KDCA
3443,KSFO,35OR
3444,KTUL,KDAL
3445,20MO,KMKC
3446,KLAX,KPDX
3447,KADS,KHQZ
3448,KDAL,KMKC
3449,SPJC,EHAM
3450,YMEN,YLIL
3451,KDTW,KROC
3452,VOBL,VABB
3453,KMIA,KRDU
3454,KMSP,7PS7
3455,YPJT,YMUL
3456,KABQ,KSAF
3457,YBMC,YMML
3458,VHHH,PANC
3459,KPSP,KPDX
3460,WSSS,YMML
3461,KEWR,LSZH
3462,EDDP,EBBR
3463,SPST,SPJC
3464,VOMM,VOBL
3465,KBNG,KSNA
3466,KPHX,KLAX
3467,KDTW,KDAY
3468,KMSP,KORD
3469,KOKC,KBNA
3470,KOAK,KSLC
3471,KMIA,KATL
3472,KLAS,KLAX
3473,KSEA,KPDX
3474,KSFO,KSEA
3475,YMEN,YRSY
3476,KTEB,KFRG
3477,RKSI,EDDF
3478,KMSP,KBOS
3479,YPAD,YBBN
3480,KMIA,02XS
3481,KBOI,KSEA
3482,YPJT,YMUL
3483,KDTW,KBNA
3484,VOBL,VOMM
3485,KEWR,VIDP
3486,KDFW,KORD
3487,YPPH,YBCG
3488,KPSP,KMSP
3489,KMDW,KDAL
3490,VOMM,VIDP
3491,KPAN,KFFZ
3492,VIDP,OMDB
3493,PANC,98AK
3494,KSBD,KSNA
3495,KDFW,KSAT
3496,PANC,RKSI
3497,EDDK,KEWR
3498,KSMF,KPDX
3499,KMSP,KDTW
3500,KOAK,KPSP
3501,KLGB,KPOC
3502,VIDP,VABB
3503,KDTW,KABE
3504,KMIA,KATL
3505,CYYZ,CYYC
3506,KDEN,KPDX
3507,KLAS,KOAK
3508,KSFO,KSLC
3509,KPHX,KMSP
3510,WSSS,YSSY
3511,SBGR,KDFW
3512,YBBN,NZAA
3513,27CL,KLAX
3514,KHOU,KSAT
3515,KLAS,KSNA
3516,KVNY,KSMO
3517,KMIA,KORD
3518,ULLI,UUDD
3519,KCNO,KVNY
3520,KDEN,KABQ
3521,KLAX,KLAS
3522,KSFO,KTUS
3523,KMKE,KMSN
3524,KDTW,CYYZ
3525,KPDX,KSNA
3526,KDEN,KRIR
3527,KSMF,KLAX
3528,KLGB,KLAS
3529,YSCB,YBBN
3530,KPHX,KSNA
3531,UKKK,UMMS
3532,KHOU,KDAL
3533,KPSP,KPAE
3534,KLAS,KSMF
3535,SBCO,SBGR
3536,KSJC,KPHX
3537,KSDL,KLAX
3538,NZKF,NZWP
3539,YSSY,NZAA
3540,KLAS,KSDL
3541,KFLL,KBWI
3542,KPNS,KATL
3543,CYYZ,CYUL
3544,YBBN,YMML
3545,VHHH,RCTP
3546,KDFW,KMIA
3547,YPAD,YPPH
3548,CYYZ,CYUL
3549,KMIA,KPNS
3550,KMDW,KISM
3551,KDEN,KSBA
3552,KLAS,KHHR
3553,KROC,KEWR
3554,CYVR,KSEA
3555,VOMM,VIDP
3556,KDFW,KM99
3557,CYYZ,CYOW
3558,CYYZ,CYYC
3559,KSFO,KBOI
3560,SBGR,KATL
3561,KDFW,KFLL
3562,KMIA,KSFO
3563,KDEN,KSNA
3564,VOBL,VOMM
3565,KMSP,KDCA
3566,KSFO,KLAS
3567,KPSP,KLAX
3568,KPDX,KSEA
3569,27CL,KSEA
3570,KBOS,EGLL
3571,KMIA,KMCI
3572,VHHH,RCTP
3573,VIDP,VABB
3574,VAPO,VIDP
3575,PANC,KMIA
3576,KORD,EGLL
3577,SBGR,EDDF
3578,KDFW,KMCI
3579,KOAK,KRIR
3580,KTPA,KSDF
3581,CYYZ,CYXE
3582,KDEN,KCOS
3583,KLAX,KTUS
3584,KPUB,KDEN
3585,KMSP,KSTL
3586,CYYZ,CNV9
3587,KOAK,KPDX
3588,KSFO,KPDX
3589,RJTT,RJOO
3590,YBCG,YSSY
3591,KSFO,KSBA
3592,RCTP,VHHH
3593,NZCH,NZWN
3594,RJOO,RJTT
3595,VIDP,VICG
3596,KJFK,EHAM
3597,RJAA,RKSI
3598,KPDX,KPHX
3599,KSFO,KPSP
3600,RKSI,KDFW
3601,KPHX,KSJC
3602,KDFW,KSDF
3603,YMML,YBCG
3604,ULLI,UUEE
3605,CYYC,CYVR
3606,KTPA,KORD
3607,KMYF,KCRQ
3608,SBGL,SBGR
3609,KJFK,LFPG
3610,KDEN,KSAN
3611,KHOU,KOMA
3612,KDEN,KSFO
3613,KATL,KSLC
3614,KPHL,KMIV
3615,KPHX,KMSN
3616,NZAA,NZSL
3617,KLGA,KMCO
3618,YSSY,NZAA
3619,YMML,YBBN
3620,RJAA,RCTP
3621,KSFO,KLAX
3622,KOAK,KLAX
3623,KPHX,KSFO
3624,ZGSZ,ZUCK
3625,KSJC,KCRQ
3626,KLAS,KORD
3627,KDEN,KSNA
3628,KDEN,KTUS
3629,KDEN,KORD
3630,KDFW,KTUL
3631,KPHX,KSTL
3632,KDFW,KDEN
3633,KPDX,KOAK
3634,KFLL,KTPA
3635,KDEN,KLAX
3636,KPHX,KORD
3637,KDFW,KSAF
3638,KATL,02XS
3639,VABB,VOBL
3640,KOAK,KMCC
3641,KHOU,KTUL
3642,SBGL,KMIA
3643,CYYZ,CHD4
3644,YBCG,YMML
3645,RCQC,RCKH
3646,EGAA,EGSS
3647,VIDP,VABB
3648,KDFW,KSTL
3649,KSFO,KSAN
3650,YBUN,YPJT
3651,KLAX,KSLC
3652,KPHX,KDFW
3653,KOPF,KVNY
3654,KSJC,KBUR
3655,KFLL,KATL
3656,KMIA,SBGL
3657,YSCB,YSSY
3658,KDFW,KABQ
3659,WBKK,WMKK
3660,KATL,KPHX
3661,KMSP,KCMH
3662,KLAS,KDFW
3663,KPHX,KMSP
3664,KLAX,KOAK
3665,VOBL,VECC
3666,KLAX,KPHX
3667,KDEN,KFAT
3668,KSTL,KATL
3669,KSAN,KFAT
3670,KDFW,KTUS
3671,KATL,KMDT
3672,VIDP,VOMM
3673,KPDX,KLAS
3674,KSFO,KFAT
3675,VHHH,RCTP
3676,KLGB,KOKB
3677,KMIA,EGLL
3678,NZAA,NZGB
3679,KCLT,KDCA
3680,KPHX,KOMA
3681,KATL,KEWR
3682,KMSP,KSTL
3683,KDEN,CYVR
3684,KDFW,KSAN
3685,KSFO,KONT
3686,KSLC,KSJC
3687,KDEN,KBOI
3688,KDFW,EGLL
3689,KJFK,EGLL
3690,KPHX,KMSP
3691,YMEN,YFSK
3692,KDFW,KOKC
3693,KDEN,KPHX
3694,KDTW,7PS7
3695,KBUR,KPDX
3696,KCOS,KDEN
3697,KMSP,KBWI
3698,KDEN,KLAS
3699,EGPH,EGNX
3700,YSSY,KSFO
3701,KLAS,KSJC
3702,WSSS,YMML
3703,KPSP,KMYF
3704,CYMX,KSDF
3705,VIDP,VOBL
3706,VOBL,VIDP
3707,KPHX,02XS
3708,CYYZ,CYOW
3709,KMIA,KDFW
3710,KDFW,8TS2
3711,KDEN,KSAF
3712,KMSP,KPHX
3713,KCLE,KSDF
3714,KPDX,KLAX
3715,RJTT,RJOM
3716,RJTT,LFPG
3717,KMMU,KIAD
3718,PANC,KSEA
3719,VECC,VOBL
3720,KLAX,EDDF
3721,KDFW,02XS
3722,KPHX,KSAN
3723,SBGR,SBVT
3724,KDEN,KSJC
3725,KSJC,KSNA
3726,88PA,KSDF
3727,NZPM,NZCH
3728,KPHX,CYYC
3729,KHQZ,KF46
3730,YMUL,YPJT
3731,KDEN,KBOI
3732,KMSP,KDEN
3733,KATL,EHAM
3734,KPHX,KSDF
3735,RKSI,EDDF
3736,KATL,KHSV
3737,KORD,KISM
3738,VAJJ,VOBL
3739,YSSY,YBBN
3740,KDEN,KSEA
3741,KFLL,KSDF
3742,VHHH,RPLL
3743,KLAX,KDFW
3744,KMSP,KLAS
3745,KSFO,KSNA
3746,KPHX,KOKC
3747,VABB,VOMM
3748,KSAN,35OR
3749,KDEN,KLAX
3750,KDFW,KOMA
3751,KPHX,KSLC
3752,KHOU,KOKC
3753,UUEE,OMDB
3754,KDEN,KOAK
3755,KDFW,TX45
3756,KMIA,SBGR
3757,KPHX,KOKC
3758,KDEN,KPSP
3759,KRIV,2CN8
3760,OMDB,VABB
3761,KDFW,KORD
3762,KSNA,KUTA
3763,KLAX,KSBP
3764,RPLL,RCTP
3765,KFLL,KPHL
3766,RCQC,RCKH
3767,KMSP,KATW
3768,KSJC,KSEA
3769,YMUL,YPJT
3770,KSFO,KSNA
3771,KLNS,7PS7
3772,YMHB,YBBN
3773,KATL,KLGA
3774,KA39,KSDL
3775,KDEN,KPDX
3776,KDFW,KBNA
3777,KLAS,07KY
3778,KONT,07KY
3779,KATL,KSTL
3780,RJBB,EBLG
3781,YMML,YCBG
3782,KBFI,KBLI
3783,KDFW,KUTA
3784,KPHX,KBNA
3785,KMHR,KSDF
3786,YPPF,YPAD
3787,PANC,KORD
3788,KATL,KBWI
3789,KLAX,02XS
3790,KSEA,KBOI
3791,OMDB,FACT
3792,KDEN,KABQ
3793,KFLL,KATL
3794,EDDP,EGNX
3795,KDFW,KSNA
3796,KATL,KMSP
3797,YPJT,YDVE
3798,KPHX,KDFW
3799,NZWN,NZMZ
3800,RJOO,RJTT
3801,KDEN,KSLC
3802,YMML,YSCB
3803,KMDT,8KY6
3804,KATL,CYYZ
3805,RJAA,RCTP
3806,KSJC,KBOI
3807,KDEN,KBUR
3808,NZNV,NZCH
3809,CYYZ,EGLL
3810,KOSU,KSTL
3811,KABQ,KUTA
3812,EDDP,OBBI
3813,NZPM,NZAA
3814,NZAA,NZCH
3815,KABQ,NM74
3816,KPHX,KBOI
3817,CYVR,CYYC
3818,KDFW,KLAS
3819,KMSP,KTOB
3820,KDEN,KRIR
3821,KPOC,KLGB
3822,KPHX,KLAX
3823,KDEN,KDFW
3824,EDDK,EGNX
3825,KBOS,KSDF
3826,KLAX,EGLL
3827,KSNA,KMYF
3828,KATL,KDCA
3829,KLAS,KSAN
3830,KDEN,KSLC
3831,KLAX,KBOI
3832,KPHX,KSAT
3833,KDEN,KSJC
3834,RJTT,RJBB
3835,LEZG,UUEE
3836,NZRO,NZWN
3837,EDDP,EGNX
3838,OMDB,RPLL
3839,KDEN,KSEA
3840,KLGB,KSBA
3841,KPDX,KSLC
3842,VOBL,VABB
3843,KPHX,KRIR
3844,RJTT,RJOO
3845,KISP,KEWR
3846,KSJC,KLAX
3847,KLAS,KLAX
3848,VIDP,LOWW
3849,KDEN,KPHX
3850,KPHX,KDAL
3851,EGNX,EDDP
3852,OMDB,EDDF
3853,NZGB,NZAA
3854,KMSP,KPDX
3855,SBGR,KMIA
3856,KVIS,KFAT
3857,VOBL,VECC
3858,KEWR,KSDF
3859,RJTT,RJOM
3860,KLAS,KIWA
3861,WA49,KPDX
3862,OMDB,ZGSZ
3863,KLAX,KBOI
3864,KPHX,KLGB
3865,KSFO,KPHX
3866,RPLL,VHHH
3867,KSEA,EGLL
3868,KPHX,KBUR
3869,KSYR,KROC
3870,KLAS,KUTA
3871,EBLG,EGNX
3872,KVNY,KSNA
3873,KDEN,CYYC
3874,KMSP,KMCI
3875,27CL,KSAN
3876,KSNA,KLAS
3877,KORD,KLAS
3878,PANC,6AK3
3879,OBBI,OMDB
3880,KATL,KCMH
3881,VABB,VIDP
3882,NZAA,NZWN
3883,YMML,YBCG
3884,KDEN,KSBP
3885,VIDP,EGLL
3886,KSEA,KLAX
3887,KPHX,KABQ
3888,KSNS,CA66
3889,KLAX,KLAS
3890,RJBB,RKSI
3891,KORD,EDDF
3892,KATL,KDAL
3893,KLAS,KLAX
3894,KDFW,KPHX
3895,OMDB,VOBL
3896,KLUK,KCMH
3897,KATL,KDTW
3898,KDEN,KLAS
3899,KSNA,KSEA
3900,YMML,YBCG
3901,KPHX,KABQ
3902,KATL,KJFK
3903,KSEA,KPHX
3904,KBLI,KPWT
3905,KSEA,KGEG
3906,SBGR,KMIA
3907,ZGSZ,ZUCK
3908,KSJC,KSDF
3909,YMML,NZAA
3910,KONT,KSDF
3911,OMDB,EGCC
3912,KPHX,KOMA
3913,KATL,KIAD
3914,KPHX,KMCI
3915,KDFW,KLAX
3916,KSEA,KGEG
3917,VHHH,RKSI
3918,YBBN,YPAD
3919,KORD,EDDM
3920,EBLG,LSZM
3921,KDEN,KSFO
3922,KBWI,KSDF
3923,KPHL,KBNA
3924,KLAS,KCRQ
3925,KMDW,KGYY
3926,YMHB,YMML
3927,SBGR,KJFK
3928,YMML,YBBN
3929,KPHX,KSAT
3930,KSBD,KSDF
3931,KATL,KMIA
3932,KSAT,KLAS
3933,KDEN,KPAE
3934,KSEA,KPDX
3935,KSAN,KPDX
3936,KATL,KMCI
3937,KIAH,KLAS
3938,KMSP,KGRB
3939,19OK,KRVS
3940,KSEA,KSAN
3941,KSAN,KSDF
3942,VOBL,VIDP
3943,KATL,NC03
3944,VHHH,RPLL
3945,KBOS,OTHH
3946,KSMF,KBUR
3947,OMDB,EGPG
3948,KPHX,KUTA
3949,KORL,KMSP
3950,KLAX,KSFO
3951,KAUS,KLAS
3952,WMKK,RPLL
3953,KPDX,KSFO
3954,KPHL,KSDF
3955,KATL,KBWI
3956,KSAN,KLAS
3957,KMSP,4WI4
3958,YRTI,YPJT
3959,KPHX,02XS
3960,KLAX,KFAT
3961,KBOS,KEWR
3962,KATL,KSRQ
3963,NZWN,NZPN
3964,NZCH,NZAA
3965,KOAK,KSDF
3966,KSAN,KSEA
3967,YBBN,YMML
3968,KATL,EGLL
3969,VABB,VIDP
3970,SPJC,CYYZ
3971,KSAN,KPHX
3972,KJFK,EGLL
3973,KMSP,KMSN
3974,KATL,KRSW
3975,KBOS,OMDB
3976,NZAA,NZWR
3977,KATL,KTYS
3978,KAJO,KF70
3979,KBFI,KSDF
3980,KPHX,KUTA
3981,EDDK,OMDB
3982,CYUL,LFPG
3983,KSEA,KBUR
3984,LLBG,EDDF
3985,KATL,KSDF
3986,VHHH,VHSK
3987,KLAX,KFAT
3988,KATL,KOKC
3989,CYHM,CYYC
3990,KSFO,KLAX
3991,KCCR,KMCC
3992,KBOI,KSFO
3993,KUYF,KOSU
3994,WMKJ,WMSA
3995,KATL,KMDW
3996,CYVR,CYHM
3997,KATL,EHAM
3998,KMDT,KSDF
3999,KMSP,KOMA
4000,KHSV,KSDF
4001,KSNA,KVNY
4002,YSSY,YMML
4003,LLBG,LTFJ
4004,KPHX,KTUS
4005,KTYS,KPDK
4006,KLAX,KSNA
4007,OMDB,RCTP
4008,NZWN,NZCH
4009,KFAT,KLAS
4010,EETN,EVRA
4011,LLBG,LTFJ
4012,KSFO,KLAX
4013,KSEA,KPDX
4014,KMIA,KSDF
4015,KILG,KTEB
4016,YBBN,YSCB
4017,KPDX,KPSP
4018,KSEA,KBOI
4019,KDFW,KSBA
4020,OMDB,EDDF
4021,KEWR,KSDF
4022,KOMA,KSDF
4023,KSLC,KSDF
4024,KSEA,KSJC
4025,OMDB,VIDP
4026,KLAS,KRIR
4027,EBLG,EGPH
4028,OMDB,EGBB
4029,KATL,SC32
4030,KLGB,KSDF
4031,PAEN,PANC
4032,EDDK,LFPG
4033,VOBL,VOTP
4034,KBUR,KSDF
4035,KATL,KORF
4036,KSEA,KPSP
4037,NZKF,NZAA
4038,KIAD,KSDF
4039,RCTP,VMMC
4040,EBLG,OMDB
4041,SBBR,SBGR
4042,KCCB,KPOC
4043,KATL,KECP
4044,KSAN,KSFO
4045,KBWI,KMIA
4046,KBWI,KSTL
4047,KLAX,KSDF
4048,NZAA,NZWN
4049,KATL,KRDU
4050,VABB,VECC
4051,KATL,SPJC
4052,KIAD,EGLL
4053,KSEA,KLAS
4054,EDDP,LFPG
4055,KTUL,KSDF
4056,KILN,KRIR
4057,KSEA,KOAK
4058,KROC,KIAG
4059,KPHX,KSLC
4060,KMIA,SKBO
4061,LTFJ,LTAE
4062,YBCG,YSCB
4063,KSAN,KSFO
4064,KSEA,KSFO
4065,KMSP,KSDF
4066,KSFO,KPSP
4067,KVNY,KTEB
4068,ZGSZ,ZUCK
4069,KLAX,KPDX
4070,KSDL,KFFZ
4071,VGTJ,VECC
4072,EDDP,EHAM
4073,KPHX,KLAX
4074,EDDF,KLAX
4075,KJFK,EPWA
4076,YSSY,YBBN
4077,CYHM,OI32
4078,KMKE,KSDF
4079,KMIA,SKBO
4080,KDTW,KSDF
4081,EDDP,EDDF
4082,KLAS,KPHX
4083,KONT,07KY
4084,KLAX,KPHX
4085,KSMF,KLAS
4086,KBUR,KLAS
4087,KSFO,KVNY
4088,KAUS,KSDF
4089,VOMM,VIDP
4090,KDFW,KUTA
4091,KATL,KPNS
4092,KLAS,KSAN
4093,KSEA,KSAN
4094,KLAX,KBOI
4095,KBOI,KSEA
4096,YSEN,YPJT
4097,KPDX,KSAN
4098,VABB,VOMM
4099,KTUL,KLAS
4100,YPPH,YMML
4101,YMMB,YTDN
4102,KSFO,LLBG
4103,KCRQ,KMYF
4104,SPJC,SKBO
4105,KJFK,VHHH
4106,KMKE,KMSN
4107,UAII,UAAA
4108,RJOA,RJTT
4109,YBCG,YMML
4110,EETN,EFHK
4111,VOBL,VABB
4112,KLAS,KSJC
4113,KATL,KDFW
4114,YPJT,YBUN
4115,UKBB,EHAM
4116,KLAX,KSLC
4117,KORD,EDDF
4118,KJFK,KSDF
4119,OERK,OEDF
4120,VHHH,RJBB
4121,KSMF,KRIR
4122,KLAS,KPDX
4123,EDDP,EGGW
4124,VAPO,VIDP
4125,RCQC,RCKH
4126,KCDW,4NY1
4127,VECC,VIDP
4128,KLAX,KSEA
4129,YPPH,YSSY
4130,RCTP,KLAX
4131,KLAS,KTUS
4132,WSSS,OMDB
4133,KSNA,KVNY
4134,KSFO,KSEA
4135,OMDB,EIDW
4136,KLAS,KOAK
4137,KLAX,KPSP
4138,KSBA,KSJC
4139,YMML,YBBN
4140,KSFO,VIDP
4141,KSEA,KPHX
4142,YBBN,YPPH
4143,YSSY,YSCH
4144,RJBB,RCTP
4145,KLAS,KSNA
4146,KSFO,KPDX
4147,YMMB,YMEN
4148,VABB,VECC
4149,KATL,KBOS
4150,KSEA,KLAS
4151,VOMM,VIDP
4152,CYVR,CYYJ
4153,EGGW,EGNX
4154,YCEM,YMEN
4155,YMML,YCBG
4156,NZCH,NZAA
4157,YPAD,YPPH
4158,KDVT,KSEE
4159,ULLI,UUWW
4160,YSSY,WSSS
4161,KATL,KLAX
4162,OTHH,EGLL
4163,KDTW,RKSI
4164,NZGB,NZAA
4165,KLAS,KBUR
4166,KWRI,ETAR
4167,KSAN,KBOI
4168,YBMC,YMML
4169,RPLL,VHHH
4170,KORD,KSDF
4171,KATL,KBNA
4172,UUWW,ULLI
4173,KOAK,KLAX
4174,KDEN,KUTA
4175,KVNY,KPHX
4176,EDDP,LSGG
4177,KGCM,KRVS
4178,SKBO,KJFK
4179,YMMB,YMEN
4180,KRYY,TN81
4181,YSBK,YKAT
4182,VIDP,VOBG
4183,KBWI,67KY
4184,LGAV,EDDM
4185,KATL,KDTS
4186,OMDB,EGLL
4187,KMSP,KMSN
4188,SKBO,KIAD
4189,YSSY,YSWG
4190,NZAA,NZGB
4191,RJOO,RJTT
4192,RJTT,RJOO
4193,CYVR,CYYC
4194,KLGB,KEMT
4195,OERK,OBBI
4196,KEWR,KSDF
4197,YMEN,YBUP
4198,KLAX,NZAA
4199,UUEE,ULLI
4200,KHPN,KBED
4201,YBBN,YCBG
4202,LGAV,EHAM
4203,KSAT,KSDF
4204,ENBR,ENZV
4205,KPTD,4NY0
4206,YSCB,YSBK
4207,KPHX,KOAK
4208,KSEA,KSNA
4209,OMDB,EHAM
4210,PANC,RCTP
4211,NZWN,NZCH
4212,KONT,KUTA
4213,NZAA,NZCH
4214,VIDP,VABB
4215,KORD,EPWA
4216,KCLT,VT26
4217,KVGT,K61B
4218,KBUF,KSDF
4219,ULLI,UUEE
4220,KDFW,KTYS
4221,VOMM,WSSS
4222,KJFK,OMDB
4223,YMHB,YMML
4224,KOKC,KUTA
4225,OMDB,VABB
4226,KMIA,67KY
4227,KSFO,KSAN
4228,UAAA,EHAM
4229,WSSS,RCTP
4230,KLAX,EGLL
4231,VTBD,WMKK
4232,VOBL,VIDP
4233,YMPC,YCAL
4234,CYVR,CYYC
4235,KSFO,KLAS
4236,KSAN,KOAK
4237,EGNX,LFPG
4238,VECC,VABB
4239,KLAX,SPJC
4240,RJOA,RJTT
4241,YPAD,YMML
4242,KLCK,KSDF
4243,OMDB,EHAM
4244,KRIV,2CN8
4245,RJTT,RJBB
4246,VOBL,VOMM
4247,KATL,KORD
4248,LTAC,EDDM
4249,VABB,VOMM
4250,KLAX,KPHX
4251,KLAS,KDFW
4252,KRDG,KORH
4253,OMDB,LFPG
4254,UUDD,ULMM
4255,CYYZ,CYUL
4256,KORD,EKCH
4257,SKBO,SBGR
4258,OERK,OEDF
4259,KCLT,KSDF
4260,KTYS,KSDF
4261,EVRA,UUMO
4262,CYYZ,EPWA
4263,VABB,VIDP
4264,YSWG,YSBK
4265,LTAC,LTFJ
4266,KPDX,KBOI
4267,KIAH,KCOS
4268,KATL,EDDF
4269,VECC,VOBL
4270,UKKK,LHBP
4271,VABB,VIDP
4272,KJFK,SPJC
4273,VTBD,VIDP
4274,RCTP,RKSI
4275,YMPC,YLED
4276,RJOO,RJOM
4277,VIDP,VOMM
4278,KLAX,OMDB
4279,KLAS,KSFO
4280,VABB,VIDP
4281,KSMF,KPDX
4282,YBUN,YPJT
4283,KADS,KTKI
4284,KOSU,KPWK
4285,YMML,YBBN
4286,YPPF,YLYK
4287,VOMM,VECC
4288,KLAX,50OR
4289,RJTT,RJOA
4290,VIDP,VIDN
4291,EDDK,LIMC
4292,KFLL,KJFK
4293,VECC,VIDP
4294,EDDP,EFHK
4295,KTCY,KSQL
4296,YMEN,YCEM
4297,CYVR,CYXE
4298,SPJC,KFLL
4299,OTHH,EHAM
4300,LIRF,LIMC
4301,OMDB,EKCH
4302,NZRO,NZTO
4303,KSJC,KPDX
4304,KIAG,KAGC
4305,KIWA,KP13
4306,SBGR,SKMA
4307,EPPO,EPWA
4308,EDDP,UKBB
4309,KSFO,KSEA
4310,KPHL,KMCI
4311,VABB,VECC
4312,KSAT,KUTA
4313,9IN9,KSDF
4314,KLAX,KSEA
4315,OMDB,LTFJ
4316,VOBL,VECC
4317,KPDX,KSJC
4318,VOMM,VOBL
4319,KLAX,KSFO
4320,KJFK,KORD
4321,KSFO,KSLC
4322,YSBK,YWLX
4323,CYVR,CYYJ
4324,OMDB,OBBI
4325,YMML,VHHH
4326,VIDP,VOBL
4327,KFCM,KAPA
4328,KSCK,KLAS
4329,EPRZ,EPWA
4330,YLVB,YMMB
4331,VABB,OTHH
4332,NZWN,NZRI
4333,YMEN,YBLT
4334,OMDB,KJFK
4335,RJOO,RJTT
4336,EBLG,OTHH
4337,KPHX,KLAX
4338,KIAD,KBUY
4339,LROP,EBCI
4340,KLAX,KFAT
4341,KSDF,KOSU
4342,KMIA,MGGT
4343,UAAA,OMDB
4344,LIMC,ELLX
4345,VIDP,OMDB
4346,YWLM,YBCG
4347,KJFK,KLAX
4348,UUEE,UWSS
4349,OMDB,ESSA
4350,KATL,KSDF
4351,KMIA,SKBO
4352,NZAA,YSSY
4353,VECC,VABB
4354,KDEN,KSDF
4355,KORD,07KY
4356,KLAX,KSFO
4357,KDFW,KSDF
4358,RKSI,EDDF
4359,OMDB,WMKK
4360,KMIA,SKMA
4361,KRDU,KSDF
4362,EBLG,LLBG
4363,CYVR,CYYC
4364,LIMC,OTHH
4365,LGAV,EDDF
4366,KPHL,KORF
4367,ULMM,ULLI
4368,RJTT,RJOO
4369,OTHH,VIDP
4370,LTFJ,LTAC
4371,KLAS,KPHX
4372,RCTP,EHAM
4373,KCOS,KLAM
4374,OMDB,EDDF
4375,OTHH,EGCC
4376,YBBN,YMML
4377,YMML,YWLM
4378,KAUS,KUTA
4379,KMIA,EHAM
4380,KSFO,KLAS
4381,VIDP,VOMM
4382,KJFK,EFHK
4383,YBBN,WSSS
4384,KCLT,9NR8
4385,WMKK,WBKK
4386,RCQC,RCKH
4387,KLAX,KSFO
4388,KBOS,KIAD
4389,KABQ,KAEG
4390,KLAX,KLAS
4391,EPKK,EPWA
4392,VHHH,UAAA
4393,KABQ,NM74
4394,EBLG,LTFJ
4395,OTHH,ELLX
4396,YPPH,YBBN
4397,KJFK,LLBG
4398,VHHH,WSSS
4399,27CL,KSEA
4400,VOMM,VGZR
4401,OMDB,EDDM
4402,KPHL,KLOM
4403,UKBB,EDDF
4404,YSSY,VHHH
4405,KATL,OTHH
4406,CYYC,CKA8
4407,OERK,VIDP
4408,UAAA,EHAM
4409,OMDB,EBBR
4410,KMIA,KFXE
4411,KHOU,KDAL
4412,CYMX,CYHM
4413,KSEA,KSAN
4414,ULLI,UUWW
4415,KORD,SBGR
4416,NZAA,NZWN
4417,OMDB,LSZH
4418,KSEA,KOAK
4419,CYMX,CYHM
4420,OMSJ,UKBB
4421,YBBN,YPAD
4422,RJAA,RKSI
4423,LROP,LFPG
4424,OERK,OMDB
4425,VIDP,VECC
4426,YTYA,YLED
4427,UUWW,ULLI
4428,KORD,KSDF
4429,EFJO,EFHK
4430,KEWR,LIMC
4431,RJBB,RCTP
4432,KSAC,KAPC
4433,YSSY,YBBN
4434,VOTP,VABB
4435,CYYC,CYKA
4436,KSKA,KSEA
4437,ELLX,LPPR
4438,KOMA,KSTL
4439,KATL,K9A4
4440,KLAX,KPDX
4441,VABB,VIDP
4442,KSLC,KPSP
4443,EPKT,EPWA
4444,LMML,LSZH
4445,LSZM,LSGG
4446,CYYC,CYCD
4447,KPDX,KOAK
4448,KVNY,KLAS
4449,CYYC,CYXE
4450,VOMM,VABB
4451,KMIA,SKBO
4452,LOWW,LEMG
4453,EDDP,LIMC
4454,RJOO,RJTT
4455,OMDB,LIRF
4456,KAUS,KEDC
4457,VABB,VOBL
4458,YMHB,YMML
4459,VIDP,VABB
4460,KJFK,CYHM
4461,KATL,KFLL
4462,RCTP,VHHH
4463,KDEN,KSAN
4464,OMDB,LOWW
4465,KDFW,KUTA
4466,NZGB,NZAA
4467,OTHH,LFPG
4468,LOWW,LLBG
4469,SPJC,KJFK
4470,CYYZ,EHAM
4471,LROP,EGSS
4472,EPKK,EHAM
4473,VIDP,RKSI
4474,CYYC,CYYJ
4475,KPIA,KSDF
4476,KSLC,KRIR
4477,VHHH,VIDP
4478,OTHH,EKCH
4479,SBGR,SBSP
4480,VABB,OMDB
4481,VHHH,RJBB
4482,EETN,EDDF
4483,RJBB,RJTT
4484,WMKK,WBKK
4485,KLAX,NZAA
4486,RKSI,EHAM
4487,KSLC,KLAS
4488,OTHH,EGLL
4489,CYHM,KSDF
4490,KDEN,KPHX
4491,SPJC,KFLL
4492,OMDB,VECC
4493,OTHH,KLAX
4494,KBOS,K1B9
4495,OMDB,VABB
4496,VABB,VIDP
4497,VIDP,VABB
4498,LROP,EDDF
4499,WSSS,VHHH
4500,KATL,KPHL
4501,YPAD,YPPF
4502,RPLL,OBBI
4503,UUDD,ULLI
4504,KSLC,KSFO
4505,LPPT,EDDF
4506,YMMB,YLOY
4507,OMDB,LIMC
4508,SBGR,SKMA
4509,YSSY,WSSS
4510,VHHH,WMKK
4511,VOMM,OMDB
4512,YMML,YBBN
4513,EIDW,KORD
4514,RJTT,RJOO
4515,EDDK,EGNX
4516,VOTP,VIDP
4517,KSLC,KLAX
4518,KDEN,KSFO
4519,YBBN,YMML
4520,KSEA,KLAX
4521,OTHH,ESSA
4522,RJAA,RCTP
4523,KSLC,KSJC
4524,KF70,KAJO
4525,LTBA,LLBG
4526,KLAX,KPDX
4527,OTHH,EBBR
4528,CYYZ,RCTP
4529,YLED,YMPC
4530,RCTP,VMMC
4531,ESSA,LEMG
4532,LSZM,EHAM
4533,ULLI,UUEE
4534,EKCH,LFPG
4535,CYVR,CYYJ
4536,YMML,YBBN
4537,KLAX,KSJC
4538,YMEN,YBBN
4539,VIDP,VABB
4540,KSEA,KBOI
4541,NZAA,NZCH
4542,KLNS,KCXY
4543,CYYC,CYQQ
4544,OTHH,EHAM
4545,KLAX,EGLL
4546,RJAA,RKSI
4547,LSGG,LPPR
4548,KSLC,KSAN
4549,VOBL,VABB
4550,YSSY,NZAA
4551,YBBN,YSSY
4552,EDDK,KPHL
4553,OTHH,ENGM
4554,KSEA,CYVR
4555,RJAA,RCTP
4556,YPPH,YMML
4557,KSLC,KOAK
4558,EPGD,ESKN
4559,PANC,6AK3
4560,LPPT,EHAM
4561,OTHH,LIRF
4562,VIDP,VABB
4563,EDDF,LPPR
4564,KDEN,KSLC
4565,YSBK,YWBN
4566,VECC,VIDP
4567,KVNY,KMRY
4568,YBBN,YSSY
4569,OTHH,KORD
4570,YMMB,YSLE
4571,KVGT,NV98
4572,ZGSZ,ZUCK
4573,YMUL,YPJT
4574,KJFK,RCTP
4575,LIME,EGSS
4576,EVRA,EETN
4577,EFHK,EFOU
4578,ULLI,UUYY
4579,KIAD,KFRG
4580,LOWW,LIMC
4581,OTHH,EDDM
4582,RCQC,RCNN
4583,LSZM,LEAL
4584,LEBL,EHAM
4585,OTHH,RPLL
4586,YBBN,YMML
4587,KSLC,KOAK
4588,EFHK,EHAM
4589,KJFK,PANC
4590,LSGG,LPPT
4591,LROP,EIDW
4592,NZWN,NZCH
4593,LKPR,EHAM
4594,RCTP,RKSI
4595,OTHH,EDDF
4596,YBBN,YMML
4597,EVRA,EDDM
4598,KORD,EIDW
4599,VIDP,VECC
4600,VECC,VGZR
4601,ESSA,LFPG
4602,OTHH,SBGR
4603,UUWW,UWLL
4604,SBGR,OTHH
4605,NZAA,NZPM
4606,KSEA,KBOI
4607,LBWV,EDJA
4608,OMDB,SBGR
4609,EDDL,LEPA
4610,OTHH,KDFW
4611,CYYC,CYYZ
4612,OMDB,RPLL
4613,YSCB,YMML
4614,OTHH,LSZH
4615,KSEA,KLAX
4616,KTKI,KRBD
4617,VIDP,VOBL
4618,EDDS,EHAM
4619,NZCH,NZPM
4620,KTEB,KBOS
4621,KSMF,KPAO
4622,EKAH,EKCH
4623,KSFO,KJFK
4624,WSSS,YPPH
4625,KONT,KOAK
4626,EDDB,EHAM
4627,VHHH,WSSS
4628,KILN,KSEA
4629,EBCI,LEMG
4630,EVRA,ENGM
4631,VAPO,VIDP
4632,LFRS,LFPG
4633,VOBL,OMDB
4634,KSFO,KLAX
4635,OTHH,LIMC
4636,ESGG,EKCH
4637,EDDH,EDDM
4638,NZCH,NZAA
4639,KPDX,KLAX
4640,KSEA,KPDX
4641,RKSI,EHAM
4642,LIRF,EHAM
4643,OTHH,KJFK
4644,CYYC,CYVR
4645,OMDB,VOMM
4646,LHBP,EHAM
4647,YBCG,YMML
4648,RPLL,OMDB
4649,KMIA,EHBK
4650,EVRA,LIMC
4651,OMDB,UKBB
4652,OTHH,KIAD
4653,UAAA,LTBA
4654,ESSA,LSZH
4655,YSCH,YSSY
4656,VOMM,VABB
4657,ENGM,EHAM
4658,KORD,ELLX
4659,KMSN,KMSP
4660,RKSI,WMKK
4661,EGNX,EGPH
4662,VECC,VIDP
4663,RJTT,RJOO
4664,OTHH,UKBB
4665,VOBL,VABB
4666,OMDB,EGLL
4667,EDDH,LEPA
4668,YPAD,YBBN
4669,NZAA,NZMZ
4670,KOSU,KPWK
4671,EPGD,EHAM
4672,LTAC,LTFJ
4673,KCHD,KPHX
4674,KLAX,KJFK
4675,EFHK,EDDF
4676,EVRA,EIDW
4677,UUEE,ULLI
4678,KBKF,KFNL
4679,KPDX,KOAK
4680,OTHH,KMIA
4681,VOMM,VOBL
4682,VGTJ,OTHH
4683,SPJC,KMIA
4684,KIWA,KE67
4685,LYBE,EDDF
4686,RPLL,RCTP
4687,YMML,WSSS
4688,EGNX,EGAA
4689,KSEA,KGEG
4690,RKSI,KLAX
4691,EPKK,EGBB
4692,EKCH,LSZH
4693,LHBP,EDDF
4694,KSEA,KBOS
4695,KILN,KPHX
4696,EIDW,CYYZ
4697,VOBL,VABB
4698,KLAX,RPLL
4699,EFHK,EDDL
4700,EDDF,LOWW
4701,EDDP,RKSI
4702,YMHB,YMML
4703,EGNX,EIDW
4704,EVRA,EDDF
4705,RCQC,RCKH
4706,LOWG,EHAM
4707,KSEA,KGEG
4708,EFHK,EPWA
4709,NZNE,NZSL
4710,LPPT,LFPG
4711,LFBD,LFPG
4712,ESGG,EDDF
4713,YTYA,YMMB
4714,ESSA,EDDF
4715,LTAC,LTFJ
4716,EPKT,EGGW
4717,EKYT,EHAM
4718,KSEA,KPDX
4719,LOWW,EHAM
4720,WMKJ,WMKK
4721,ESGG,LSZH
4722,ULLI,ULMM
4723,ESSA,EHAM
4724,LOWW,EBBR
4725,LYBE,LFPG
4726,LIRA,LPPT
4727,EDDP,OBBI
4728,KORH,KTEB
4729,SBGR,SBBR
4730,EGNX,KPHL
4731,EFHK,EDDF
4732,EGPH,EHAM
4733,LFPO,LPPR
4734,EIDW,KIAD
4735,RJAA,RKSI
4736,UMMS,UKBB
4737,VIDN,VIDP
4738,KIAH,RCTP
4739,RJBB,RPLL
4740,LEBL,EDDF
4741,ELLX,LOWW
4742,VABB,OERK
4743,KSFO,KATL
4744,YBCG,YMML
4745,EDDP,LIMC
4746,LHBP,ESMS
4747,OMDB,EGLL
4748,YLIL,YMMB
4749,KSEA,KSFO
4750,VIDP,OTHH
4751,UMMS,LFPG
4752,ZGSZ,ZUCK
4753,EDDF,EHAM
4754,LLBG,LOWW
4755,VIDP,VABB
4756,YSCB,YBBN
4757,CYYC,CYHM
4758,KLAX,KSJC
4759,ENGM,EDDF
4760,KSUS,KMKC
4761,EKCH,EDDF
4762,VHHH,WMKK
4763,KILN,KRIR
4764,OMDB,KORD
4765,VABB,WSSS
4766,UUEE,UWWW
4767,KORD,ELLX
4768,RKSI,KSEA
4769,KJNX,KIGX
4770,KFXE,KPDK
4771,VOBL,VIDP
4772,LLBG,UUEE
4773,OTHH,EGLL
4774,EKCH,EHAM
4775,KMSP,KBNA
4776,UUWW,OMDB
4777,EGNX,EGPH
4778,EGGD,LEMG
4779,LIPZ,LIRF
4780,RPLL,VHHH
4781,NZCH,NZAA
4782,EGCC,EHAM
4783,KPOC,KLGB
4784,KCLT,KDAY
4785,LEBL,LFPG
4786,RJOO,RJTT
4787,ULLI,UUWW
4788,ENZV,ENGM
4789,RCKH,RCWA
4790,KBFI,KSJC
4791,KSFO,KLAX
4792,FAOR,FACT
4793,WSSS,ZGSZ
4794,YLIL,YMMB
4795,KILN,KATL
4796,EDDH,LOWS
4797,ULLI,UUWW
4798,UUEE,OMDB
4799,EKYT,EKCH
4800,RJTT,RJOA
4801,KBUY,KIAD
4802,ESSA,ENGM
4803,RKSI,VHHH
4804,WSSS,RCTP
4805,LTBA,UAAA
4806,LKPR,EHAM
4807,NZCH,NZWN
4808,YBCG,YMML
4809,VABB,VIDP
4810,LIML,LIRF
4811,VOMM,OTHH
4812,EDDH,EHAM
4813,EGLL,LSZH
4814,EPMO,LIME
4815,KMIA,EHAM
4816,YSSY,YCBG
4817,VHHH,YSSY
4818,LFML,LFPG
4819,KLAX,YSSY
4820,KDCA,KPHL
4821,KJFK,OTHH
4822,LOWW,ESKN
4823,LPPT,LPPD
4824,WMKK,OMDB
4825,UMMS,LYBT
4826,EGNX,EGAA
4827,ENBR,ENGM
4828,KPDX,KABQ
4829,LTFJ,EHAM
4830,UUWW,LSGG
4831,OMDB,EGLL
4832,LEBL,LEAL
4833,95TS,KADS
4834,ULLI,EDDM
4835,LPPR,ELLX
4836,LFML,EBCI
4837,VIDP,VECC
4838,LOWW,LFPG
4839,VABB,WSSS
4840,YMML,YPAD
4841,KHOU,KDAL
4842,EDDV,EHAM
4843,EFHK,LSGG
4844,NZAA,YMML
4845,GMMN,LFBO
4846,PN38,KAXQ
4847,KPWK,KOSU
4848,KSFO,KJFK
4849,KSAT,KDAL
4850,EDDW,EHAM
4851,VIDP,VOBL
4852,YMML,YBCG
4853,LOWW,EDDM
4854,RJTT,RJOO
4855,YPPH,WSSS
4856,KLAX,KOAK
4857,VHHH,WSSS
4858,ENVA,ENGM
4859,KMIA,EHAM
4860,VOBL,VECC
4861,EPKK,EDDF
4862,WSSS,VHHH
4863,EDDF,EIDW
4864,LSZH,EHAM
4865,OTHH,EGLL
4866,VABB,VOMM
4867,KDEN,KLAS
4868,LFPO,LPPT
4869,LHBP,ESKN
4870,ESGG,EHAM
4871,LOWW,EHAM
4872,KMKC,KDAL
4873,EPWA,EDDF
4874,VECC,VOBL
4875,EGBB,EHAM
4876,LPPT,EGSS
4877,EGPF,EHAM
4878,VIDP,OMDB
4879,EDDB,EDDF
4880,EKBI,EDDF
4881,LFBO,LFPG
4882,VHHH,RCTP
4883,VOMM,VIDP
4884,EPGD,EDDF
4885,EDDM,EDDF
4886,EFHK,LEMG
4887,LIMC,EDDM
4888,WMKK,RCTP
4889,LIML,EDDF
4890,EDDG,EDDM
4891,OMDB,CYYZ
4892,LEBL,LEMH
4893,EIDW,EPMO
4894,YMML,YBCG
4895,EFHK,EGLL
4896,LSGG,EHAM
4897,CYHM,KSDF
4898,KJFK,PANC
4899,EBMB,LEBL
4900,EGPH,LKPR
4901,ELLX,EHAM
4902,EDDW,EDDF
4903,RPLL,WSSS
4904,PANC,KSEA
4905,EIDW,EHAM
4906,EPKK,EIDW
4907,EDDM,EHAM
4908,EDDP,ENGM
4909,LROP,EGLL
4910,EPWA,LFPG
4911,KLUK,KCLT
4912,VGTJ,OMDB
4913,EDDF,LFPG
4914,EDDK,LEPA
4915,RJBB,RJTT
4916,UAAA,VHHH
4917,KLAX,WSSS
4918,KLUK,KDPA
4919,UUWW,OMDW
4920,UUEE,ULLI
4921,OMDB,EGLL
4922,YMML,YPAD
4923,EDDH,EDDS
4924,RJTT,RJBB
4925,RCTP,VHHH
4926,ULLI,UUEE
4927,FAOR,FACT
4928,KPAN,KPHX
4929,LEBL,EGKK
4930,LSZM,LPPT
4931,KLAX,MGGT
4932,KPHX,KEWR
4933,LFPG,EHAM
4934,KSAN,KATL
4935,OMDB,VABB
4936,LIMC,OTHH
4937,VOMM,VIDP
4938,OERK,LFPG
4939,LOWW,EBBR
4940,KAPA,KSFO
4941,KLAS,KATL
4942,LKPR,LSZH
4943,LFRS,LFBO
4944,LYBE,EDDF
4945,KMDW,KGYY
4946,KHEF,KBWI
4947,YPPF,YPAD
4948,EGLL,LFPG
4949,SBVT,SBGR
4950,EGNP,EHAM
4951,EPMR,EDDF
4952,RJOA,RJTT
4953,KLAX,KFLL
4954,LYBE,EDLW
4955,VIDP,VABB
4956,KLAS,NV98
4957,VABB,VOTP
4958,YSTW,YSSY
4959,KROC,KHPN
4960,VHHH,PANC
4961,UUWW,ULLI
4962,EBMB,LPPT
4963,LIRA,EKCH
4964,EIDW,LFPG
4965,EDDM,EDDW
4966,KTEB,KPHL
4967,LSGG,LSZM
4968,SPJC,KMIA
4969,ELLX,LFPG
4970,VIDP,VOBL
4971,LGAV,EDDM
4972,LFPG,GMMN
4973,LIMC,LIBD
4974,KIND,KLAX
4975,LEIB,LEPA
4976,KOAK,KVNY
4977,KMSP,KFLL
4978,UUDD,UWWE
4979,CYVR,CYYZ
4980,VHHH,RPLL
4981,RJOO,RJTT
4982,EPGD,ENHD
4983,FAOR,FACT
4984,YMML,YBMC
4985,OTHH,VGTJ
4986,LFPO,LPPT
4987,LHBP,UKKK
4988,LIPZ,EDDF
4989,WMKK,WSSS
4990,EPWA,EDDM
4991,VECC,VOBL
4992,YPAD,YMML
4993,YBBN,YCBG
4994,KLAX,KATL
4995,LROP,LFPG
4996,EDDM,EDDK
4997,SBGR,SSJC
4998,LGAV,LSZH
4999,KLAX,KBOS
5000,VOBL,OMDB
5001,OMDB,LHBP
5002,LROP,EDDF
5003,EGGW,LZKZ
5004,LPPR,ELLX
5005,KDFW,KHOU
5006,EGLL,EHAM
5007,RKSI,PANC
5008,LEAL,EHEH
5009,EDDM,EDDL
5010,YMEN,YBUP
5011,UUWW,ULLI
5012,VIDP,OMDB
5013,LFPG,EDDP
5014,RKSI,KSEA
5015,LSGG,LFPG
5016,KLAX,VHHH
5017,LGAV,EBBR
5018,LPPT,LHBP
5019,KIAD,KJFK
5020,VIDP,OMDB
5021,KSFO,KEWR
5022,LSGG,LSZH
5023,YBCG,YMML
5024,KLAX,KLAS
5025,EDDB,LFPG
5026,VHHH,RJAA
5027,LOWW,EDDF
5028,KLAX,RKSI
5029,KSEA,KATL
5030,KSFO,KPWA
5031,EPWA,EHAM
5032,ELLX,EGLC
5033,CYHM,KJFK
5034,KLAX,KISM
5035,LIMC,EDDK
5036,RKSI,RCTP
5037,VHHH,KSFO
5038,WSSS,VHHH
5039,LFPG,EDDF
5040,KABQ,NM01
5041,VIDP,VOMM
5042,OTHH,LEZG
5043,KPHX,KDTW
5044,EPWA,EGLL
5045,KLAX,MROC
5046,UUEE,ULMM
5047,EGAC,EGCC
5048,LTFJ,LLBG
5049,KAPA,KPHX
5050,KPDX,KATL
5051,KEDC,KAUS
5052,LGAV,LIMC
5053,EPWA,EDDL
5054,YWLM,YMML
5055,EDDF,SBKP
5056,EBMB,EDDF
5057,KPHX,KATL
5058,ESKN,EPGD
5059,LZIB,EIDW
5060,EGGP,LSGG
5061,LKPR,EGSS
5062,UUWW,ULLI
5063,LSZH,LOWW
5064,EFHK,EFKU
5065,RCQC,RCKH
5066,LFML,LFPO
5067,PANC,RKSI
5068,KLAX,KLAS
5069,OBBI,OMDB
5070,KDEN,KPHL
5071,EPWA,ENGM
5072,KBOI,KDFW
5073,KLAX,KJFK
5074,KSFO,KDTW
5075,LEMG,EIDW
5076,RKSI,VHHH
5077,EGSS,LIPZ
5078,EHAM,LSZH
5079,EDLW,EPSY
5080,KLAS,KPHL
5081,LFPG,EGNX
5082,KLAX,RCTP
5083,EPWA,EPWS
5084,VOBL,VIDP
5085,PANC,6AK3
5086,LFPG,EGCC
5087,RPLL,RJTT
5088,ULLI,UUDD
5089,YMHB,YPPH
5090,VOMM,VABB
5091,YKAT,YSBK
5092,EGCC,EGLL
5093,EPWA,EBBR
5094,KLAX,MGGT
5095,KORD,KJFK
5096,OTHH,VOMM
5097,KLAX,KSAN
5098,OBBI,OMDB
5099,RJOO,RJTT
5100,NZAA,YBBN
5101,KLAX,YSSY
5102,OMSJ,VOMM
5103,EPWA,LSZH
5104,UUWW,LTFJ
5105,KLAX,KMIA
5106,LPPR,LSZM
5107,KLAX,RCTP
5108,VIDP,VICG
5109,KSEA,KPDX
5110,VECC,VHHH
5111,EPWA,LFPG
5112,KMIA,SKMA
5113,VHHH,WSSS
5114,KPHX,KIAD
5115,LTBA,RKSI
5116,ESPA,ESSA
5117,EGPH,EGLL
5118,KLAX,YSSY
5119,WSSS,RJBB
5120,YMML,YBCG
5121,VHHH,RJTT
5122,LTFJ,OTHH
5123,EPWA,LIMC
5124,UUEE,ULLI
5125,EDDF,EGLL
5126,KPAN,KPHX
5127,EGKK,LSZH
5128,VIDP,VABB
5129,EDDM,LSZH
5130,VABB,VOBL
5131,WSSS,VHHH
5132,UUDD,ULLI
5133,KSEA,6WA3
5134,EPWA,LSGG
5135,EIDW,LFPG
5136,KORD,ELLX
5137,EGCC,LSGG
5138,LFBO,LFPO
5139,KJFK,RPLL
5140,RJTT,RJOO
5141,OMSJ,OPMT
5142,GMME,LFPO
5143,LOWW,ENGM
5144,NZAA,NZCH
5145,EIDW,EHAM
5146,VABB,VIDP
5147,VHHH,CYVR
5148,YSSY,NZAA
5149,EBMB,EDDM
5150,VHSK,VHHH
5151,EGCC,LPPR
5152,OMDB,EHAM
5153,KLAX,KSFO
5154,KSEA,KBLI
5155,LPPR,LPPT
5156,RJTT,EDDF
5157,EKCH,ENGM
5158,ULLI,LFPG
5159,KLAX,KPHL
5160,EKCH,OTHH
5161,KSEA,KGEG
5162,KPTK,KDPA
5163,LEMG,EHEH
5164,VOMM,VOBL
5165,KSEA,KYKM
5166,VHHH,WSSS
5167,KONT,KATL
5168,RCTP,VHHH
5169,UUEE,UNEE
5170,LEBL,EGLL
5171,SPJC,KDFW
5172,YBBN,YSSY
5173,KLAX,RKSI
5174,EFOU,EFHK
5175,SBGR,SBBR
5176,EPWA,EDDF
5177,KSTL,KCMH
5178,EDDK,LPPR
5179,LOWW,LSZH
5180,NZCH,NZAA
5181,WMKK,WMKJ
5182,EKCH,LEPA
5183,EGCC,LEMG
5184,VIDP,VABB
5185,EBCI,LPPT
5186,YBRS,YMMB
5187,EPWA,EDDS
5188,EDDM,EDDH
5189,EHAM,LFPG
5190,LIMF,LICZ
5191,KLAX,RCTP
5192,SBGL,SBGR
5193,LFPO,LFBO
5194,EGPH,LSGG
5195,UUWW,EDDK
5196,EPWA,ESSA
5197,CYYC,CYYZ
5198,KSEA,KDTW
5199,YMML,YBBN
5200,KHYA,KBOS
5201,EPWA,EKCH
5202,YMML,YSSY
5203,VABB,EDDF
5204,KSMF,KATL
5205,GMMN,LFPG
5206,LEBL,LIRF
5207,KRFD,KRIR
5208,EDDM,EDDF
5209,OTHH,LTFJ
5210,OMDW,UUWW
5211,UUWW,UWSS
5212,EGGW,EGNT
5213,LEAL,EGNT
5214,KABQ,NM74
5215,EHAM,EIDW
5216,WBKL,WMKK
5217,EDDF,LFPG
5218,KLAS,KEWR
5219,KLAX,YSSY
5220,YSSY,YBBN
5221,VOBL,VIDP
5222,LTFJ,LOWW
5223,KPHL,KRDU
5224,PANC,RKSI
5225,YKAT,YSCN
5226,YMML,YBCG
5227,EGGW,UKKK
5228,KSEA,KFLL
5229,ULLI,UWWE
5230,YBBN,YPPH
5231,YRTI,YPJT
5232,KSEA,KMIA
5233,KLAX,KATL
5234,YPJT,YSEN
5235,KRIR,KRAL
5236,LFPB,LSGG
5237,KDEN,KISM
5238,YKAT,YSBK
5239,LIRU,LIAF
5240,YPPH,YBBN
5241,LTAC,LTFJ
5242,LPFR,LPPT
5243,YBBN,YSSY
5244,KRIR,KHMT
5245,OERK,LFPG
5246,LTFJ,EDDH
5247,RCSS,RJTT
5248,UUWW,OMDB
5249,KLAX,KBOS
5250,YMHB,YBBN
5251,ULLI,UUDD
5252,LFPG,LIMC
5253,LPPD,LPPT
5254,EGCC,EGAA
5255,LTFJ,EDDK
5256,UWLL,UUWW
5257,RPLL,RKSI
5258,VOBL,VOMM
5259,VABB,VIDP
5260,KSFO,YSSY
5261,LSGG,EDDM
5262,KLAX,KEWR
5263,KPWK,KOSU
5264,LTFJ,EDDL
5265,VIDP,VABB
5266,PANC,KLAX
5267,EIKY,EIDW
5268,RCTP,RKSI
5269,KSFO,RKSI
5270,YPJT,YSEN
5271,RJTT,RJOO
5272,KLAS,KATL
5273,OMDB,EGLL
5274,YSBK,YKAT
5275,YBBN,YMYB
5276,KYIP,KMCI
5277,KORD,OTHH
5278,KSDF,KRIR
5279,RCTP,RPLL
5280,VHHH,VHSK
5281,NZAA,NZCH
5282,RJOO,RJTT
5283,LFPG,LSGG
5284,LIMC,LOWW
5285,LOWW,LSZH
5286,ZGSZ,ZUCK
5287,RKSI,RJBB
5288,UAAA,UAII
5289,KLAX,KEWR
5290,VAPO,VIDP
5291,LDZA,EHAM
5292,EGLL,KLAX
5293,VABB,VECC
5294,ESSA,OTHH
5295,KGXY,KAPA
5296,NZAA,NZCH
5297,KAPA,KMKC
5298,VOMM,VABB
5299,KSFO,RKSI
5300,KLAS,KATL
5301,YSSY,YPAD
5302,FAOR,FACT
5303,UUDD,ULLI
5304,VABB,LFPG
5305,LDZA,EDDF
5306,RCQC,RCKU
5307,LTFJ,EDDL
5308,KDAL,KMKC
5309,KLAS,KDTW
5310,KFLL,KFXE
5311,VOBL,VABB
5312,KSFO,KMIA
5313,EIDW,EGLL
5314,WMKK,VTBD
5315,KLAS,KJFK
5316,KSFO,KORD
5317,KSDF,IS40
5318,VABB,VIDP
5319,CYHM,CYVR
5320,RJTT,RJBB
5321,UKBB,UMMS
5322,LTFJ,LIME
5323,KIAD,KBUY
5324,KLAX,KEWR
5325,PANC,KMSP
5326,EDWE,EDWR
5327,OMDB,KLAX
5328,ULMM,UUDD
5329,ENGM,ENZV
5330,KDEN,KATL
5331,LTFJ,EHAM
5332,UMMS,EHAM
5333,EGSS,LEMG
5334,RKSI,WSSS
5335,VOBL,EDDF
5336,WMKK,ZGSZ
5337,KFAT,KORD
5338,VHHH,PANC
5339,EDDM,LIRF
5340,PANC,KLAX
5341,LOWS,EDDH
5342,KLAS,KEWR
5343,OTHH,EBBR
5344,RKSI,EDDF
5345,VABB,VOMM
5346,UKBB,EDDM
5347,EIDW,OTHH
5348,EDDM,EFHK
5349,LIML,EHAM
5350,WSSS,RCTP
5351,FAOR,FACT
5352,OMDB,EDDF
5353,OTHH,ELLX
5354,LTFJ,ESSA
5355,ENVA,ENGM
5356,RJTT,KLAX
5357,WMKK,WBKK
5358,YMML,YPAD
5359,EIDW,LIRF
5360,UUWW,ULLI
5361,EKCH,EKYT
5362,VIDP,VOMM
5363,ENZV,ENBR
5364,LIRF,EDDF
5365,CYHM,CYYC
5366,YMML,YBBN
5367,EGKK,LIMC
5368,EDDF,LOWS
5369,KLAX,KDTW
5370,LIRF,LSGG
5371,LTFJ,LFPO
5372,RCTP,RJAA
5373,VIDP,VHHH
5374,KPHX,KMSP
5375,KLAX,KRDU
5376,LEBL,OTHH
5377,KSFO,KJFK
5378,RCQC,RCKH
5379,UUWW,OMDW
5380,EHAM,ESSA
5381,YSEN,YPJT
5382,UUDD,ULLI
5383,LTFJ,EHAM
5384,KLAX,KJFK
5385,KSFO,RCTP
5386,LFPG,LFBD
5387,YSSY,WSSS
5388,LSZG,EDDN
5389,KONT,3KY4
5390,KSDF,KEWR
5391,BIKF,EKCH
5392,KSFO,KLAX
5393,WBKK,WMKK
5394,EPPO,EDDF
5395,VOBL,VABB
5396,OMDB,OPMT
5397,KLAX,KORD
5398,VOMM,VOBL
5399,VHHH,RJTT
5400,YSBK,YKAT
5401,KLAS,KMSP
5402,KLAX,KORD
5403,EDDM,LOWW
5404,LIRU,LIRV
5405,LTFJ,EGSS
5406,CYYC,CYVR
5407,RJOO,RJTT
5408,KLAX,KFLL
5409,RCTP,RJBB
5410,BIKF,EDDF
5411,YPAD,YBBN
5412,EDDF,LKPR
5413,KSMF,KMDW
5414,CYYC,CYYZ
5415,EGLL,OMAA
5416,EGCC,OTHH
5417,EGGW,LEMG
5418,LIML,LIBR
5419,EIDW,EGBB
5420,EDDW,EDDM
5421,RKSI,RCTP
5422,ULLI,UUEE
5423,KLAX,KIAD
5424,RJTT,RJOM
5425,LTFJ,EDDS
5426,KSFO,RCTP
5427,GMMN,LFPO
5428,LTFJ,EDDM
5429,KJFK,EBBR
5430,OMDW,UUWW
5431,EBLG,OTHH
5432,EGLL,LIMC
5433,LIRF,LIBD
5434,ESMS,LHBP
5435,LFPG,OTHH
5436,RJTT,RJOO
5437,KSFO,KIAD
5438,CYVR,CYYZ
5439,RJOA,RJTT
5440,KLAS,KMIA
5441,KBED,KFMH
5442,EGLL,LFBO
5443,EDDF,EDDH
5444,CYYC,CYUL
5445,LTFJ,EBCI
5446,EDDF,EHAM
5447,SPJC,KMIA
5448,LEIB,LEPA
5449,OMDB,VABB
5450,EDDM,LMML
5451,RCTP,KLAX
5452,EDDF,RKSI
5453,KHEF,63PA
5454,EGSS,EGAA
5455,VECC,VOBL
5456,EGPH,EGNX
5457,EDDF,LPPT
5458,YPAD,YMML
5459,EBMB,EGLL
5460,VMMC,RCTP
5461,LPPR,LSGG
5462,EDDP,VHHH
5463,LOWW,EDDF
5464,ENBR,ENGM
5465,LEMG,EGPG
5466,KLAX,KDFW
5467,RCTP,VHHH
5468,EGPD,EGLL
5469,UUEE,ULLI
5470,EFKU,EFHK
5471,LIRF,LICJ
5472,KLAX,KMSP
5473,EGLL,EBBR
5474,EDDK,EDDM
5475,EDDS,EDDH
5476,ENGM,EVRA
5477,LFPG,LOWW
5478,YBBN,YMML
5479,EIDW,EGNX
5480,VABB,OMDB
5481,VIDP,VIAM
5482,OMDB,VOMM
5483,KAPA,KGXY
5484,LSZH,EPWA
5485,KSEA,RCTP
5486,EGSS,LIME
5487,EGLL,EGCC
5488,KLAX,RJTE
5489,ZGSZ,ZUCK
5490,EDDF,EDDV
5491,EDDF,EDDM
5492,KSFO,RCTP
5493,RJTT,RJOS
5494,LTFJ,LSZM
5495,UUWW,ULLI
5496,KLAX,MGGT
5497,LIRF,LFPG
5498,OMDW,UUWW
5499,EDDF,EDDW
5500,LIMC,LILG
5501,EPWA,LIPZ
5502,LTFJ,EKCH
5503,VOBL,VIDP
5504,YPPH,YMML
5505,VABB,VIDP
5506,WMKK,RCTP
5507,EGLL,EHAM
5508,EDDM,OTHH
5509,ESSA,EDDF
5510,UUEE,UWLL
5511,KMDQ,KPDK
5512,YSEN,YPJT
5513,EPWA,EDDH
5514,UUWW,OMDW
5515,KLAX,KATL
5516,ULLI,UUEE
5517,KSGF,KSUS
5518,VABB,OMDB
5519,RJTT,RJOM
5520,LTFJ,LFPG
5521,EHAM,LPPR
5522,EGLL,EGPH
5523,RJTT,RJOM
5524,LPPR,ELLX
5525,EHAM,EPGD
5526,EDDM,EVRA
5527,VOBL,VECC
5528,RPLL,WMKK
5529,EGLL,EGPD
5530,YMEN,YLTV
5531,RCTP,RKSI
5532,LTFJ,EDDS
5533,EHAM,EPKK
5534,KFFZ,88AZ
5535,LFPG,LEMG
5536,RKSI,VHHH
5537,KLAS,KCLT
5538,LSZH,LPPR
5539,EDDL,EDDM
5540,LIRF,EGLL
5541,SKBO,KMIA
5542,LSZH,EDDM
5543,FAOR,FACT
5544,UWWW,UUEE
5545,RCTP,VHHH
5546,LIMC,OTHH
5547,LPPR,LPMA
5548,VHHH,EGLL
5549,KONT,KABE
5550,UUWW,OMDW
5551,KPHX,KMIA
5552,KLAX,KATL
5553,EGLC,ELLX
5554,FAOR,FACT
5555,WSSS,VIDP
5556,KPDX,KSEA
5557,EDDM,EDDG
5558,SBBR,SSJC
5559,KDPA,KMKC
5560,VIDP,VABB
5561,RCTP,VHHH
5562,UKBB,EHAM
5563,RJBB,RJTT
5564,LIMC,EDDP
5565,YPPH,WSSS
5566,LFPG,ELLX
5567,SBCO,SBGR
5568,YBBN,YSSY
5569,EPGD,EPWA
5570,KBOS,KPYM
5571,NZAA,KHHR
5572,KLAX,RKSI
5573,EHAM,LIMC
5574,LTFJ,LTAC
5575,SBVT,SBGR
5576,LEAL,LSZM
5577,CYVR,RCTP
5578,VIDP,VAPO
5579,RPLL,RCTP
5580,EGLL,LLBG
5581,LTFJ,UUDD
5582,LPPR,LFPO
5583,YBBN,YPAD
5584,YMHB,YSSY
5585,LSZH,LSGG
5586,EHAM,LFPG
5587,UUDD,LIPX
5588,VIDP,VOBL
5589,LOWW,ELLX
5590,LSGG,EIDW
5591,EDDM,EPWA
5592,VABB,VECC
5593,LEIB,LEPA
5594,EHAM,LKPR
5595,EHAM,EGPG
5596,EGLL,EIDW
5597,LSZH,LPPT
5598,ELLX,OTHH
5599,EHAM,EICK
5600,ENHD,EPGD
5601,ULLI,ULMM
5602,EHAM,EDDM
5603,LTFJ,EBBR
5604,YSSY,VHHH
5605,PANC,KLAX
5606,EDDF,ELLX
5607,YPAD,YPPF
5608,LIRF,OTHH
5609,EHAM,LSGG
5610,LSZH,LIQL
5611,EGBB,EPKK
5612,ULMM,ULLI
5613,EGLL,LFPG
5614,LTFJ,LSGG
5615,KMIA,KSEA
5616,EDDF,EDDS
5617,OMDW,UUWW
5618,LFPG,EDDB
5619,KPDX,KSFF
5620,RKSI,EDDP
5621,YBCG,YPAD
5622,EHAM,LIRF
5623,LLBG,UKBB
5624,YMML,YCBG
5625,LSZH,ESSA
5626,EGCC,EGAC
5627,LTFJ,EDDB
5628,LFPB,LEMG
5629,KSFO,KSEA
5630,YSSY,YBBN
5631,ESKN,LHBP
5632,LIRF,EHAM
5633,EGLL,OTHH
5634,RJBB,RCTP
5635,LSZH,LFPG
5636,VECC,VOMM
5637,LIBD,LIMC
5638,RCTP,WSSS
5639,LPPT,LSGG
5640,EPKT,EDDP
5641,LIRF,LIML
5642,LOWW,LSZH
5643,WMKK,WBKK
5644,WBKK,WMKK
5645,VOBL,OMDB
5646,EDDF,LEPA
5647,LSZH,LEMG
5648,EGBB,EGAC
5649,EHAM,ENZV
5650,EBBR,EGNX
5651,EDDF,ENGM
5652,EHAM,LSZH
5653,UKBB,OMDB
5654,YSSY,WSSS
5655,EDDF,LPPR
5656,KSDF,PANC
5657,RJBB,VHHH
5658,KF69,KRBD
5659,LTFJ,EDDF
5660,EKYT,EKCH
5661,RCTP,VHHH
5662,RJAA,RCTP
5663,LFPO,LFRJ
5664,RKSI,KSFO
5665,LFPG,EDDF
5666,KIAH,KMIA
5667,RJTT,RJOA
5668,EDDB,EDTB
5669,RCQC,RCKH
5670,LPPR,EDDF
5671,UKBB,LIMC
5672,EHAM,EFHK
5673,KJFK,CYHM
5674,YKAT,YSBK
5675,RCTP,KLAX
5676,LTBA,LFPG
5677,VIDP,EGLL
5678,EHAM,UKBB
5679,EGLL,LEBL
5680,VABB,VIDP
5681,LFPG,UUEE
5682,EHAM,LIMF
5683,EDDF,EVRA
5684,VHHH,OTHH
5685,LSZH,EBBR
5686,ESSA,LSGG
5687,LPPR,LFPG
5688,RCTP,VHHH
5689,LFPG,OTHH
5690,WSSS,RPLL
5691,LIML,LIRF
5692,LFOB,LPPR
5693,VIDP,VOBL
5694,EHAM,EDDB
5695,VOBL,VECC
5696,UUWW,LTFJ
5697,EHAM,LKPR
5698,LTFJ,EDDM
5699,LIME,EPMO
5700,LFPG,LFRS
5701,YBCG,YMML
5702,UKBB,LSGG
5703,RJOO,RJTT
5704,LSZH,LEBL
5705,SBBR,SBGR
5706,KLAS,KORD
5707,SBRJ,SBBR
5708,LTBA,EDDF
5709,SBCO,SBGR
5710,LPPT,SBGR
5711,SBVT,SBBR
5712,EBMB,LEMG
5713,LFPG,LFBO
5714,YMMB,YLOY
5715,ESKN,LOWW
5716,OMDB,VOBL
5717,LSZH,EGLL
5718,RJAA,RCTP
5719,EHAM,LOWW
5720,UUWW,ULLI
5721,LIMC,KJFK
5722,EIDW,EDDF
5723,LFPG,LROP
5724,SBCO,SBRJ
5725,EPWA,EFHK
5726,OMDW,UUWW
5727,ENGM,EKCH
5728,PANC,RCTP
5729,RKSI,CYVR
5730,ENZV,ENGM
5731,VECC,VIDP
5732,EPGD,EHEH
5733,YBCG,YMML
5734,OMDB,UUEE
5735,LSZH,EHAM
5736,RCQC,RCKH
5737,EHAM,EGPD
5738,LFPO,LFBO
5739,FAOR,FACT
5740,LFPG,LFRJ
5741,EHAM,EDDL
5742,LSZH,LIRF
5743,SBSP,SBVT
5744,VOTP,VABB
5745,EHAM,LOWW
5746,EDDH,EDDM
5747,SBCO,SBGR
5748,LFPG,LEBL
5749,KSDF,KORD
5750,RJTT,RJOA
5751,OERK,VGZR
5752,LSZH,LEPA
5753,EDDB,LLBG
5754,OMDB,OBBI
5755,LLBG,LOWW
5756,OMAA,EHAM
5757,EHAM,EDDS
5758,EBMB,LFBO
5759,EDDF,LOWW
5760,ESSA,EKCH
5761,VOMM,VOBL
5762,SBGL,SBBR
5763,EHAM,LEMG
5764,EPSY,EDLW
5765,LFBO,LFPO
5766,EHAM,SBGR
5767,LFPG,LPPT
5768,LTFJ,LOWW
5769,UUWW,LSZS
5770,EHAM,KLAX
5771,EHAM,LDZA
5772,VIDP,VABB
5773,LFPG,LIMC
5774,RJTT,RJOO
5775,ENGM,ENVA
5776,VECC,VOBL
5777,LFPG,ESSA
5778,KAEG,NM74
5779,UUEE,LOWW
5780,LEBL,LIMC
5781,LOWW,KORD
5782,LEMG,EBCI
5783,EDDL,EPWA
5784,EBBR,EGLL
5785,LFBO,LFPG
5786,EKYT,EKCH
5787,EGPF,EGLL
5788,YSSY,RKSI
5789,EBMB,LIMC
5790,PANC,KORD
5791,RJBB,VHHH
5792,SBGL,SBGR
5793,ETSI,ETNL
5794,RJTT,RJBB
5795,UUEE,ULLI
5796,LEMG,EGGD
5797,EDDL,EVRA
5798,LFPG,LFBD
5799,YRTI,YPJT
5800,RJTT,RJOO
5801,LTFJ,EDDB
5802,LLBG,LFPG
5803,LOWW,KEWR
5804,EDDF,LMML
5805,GMMN,LEMG
5806,LIRF,KJFK
5807,LEPA,EDDH
5808,LSGG,EGGP
5809,ELLX,LPPR
5810,KMKC,KSUS
5811,ENGM,ENZV
5812,EGAC,EGLL
5813,LEMG,LOWW
5814,KLAX,KDFW
5815,LFPG,UKBB
5816,EGCC,LFPG
5817,SBGR,SBBR
5818,LSZH,EPWA
5819,LFLP,LSZS
5820,EGGW,EPKK
5821,EDDF,EGCC
5822,LTFJ,LSZH
5823,YSSY,YBBN
5824,SBRJ,SBGR
5825,UAII,UAAA
5826,LFPG,LDZA
5827,VIDP,OTHH
5828,VHHH,RKSI
5829,EHAM,EGLL
5830,LKPR,EGPH
5831,EIDW,EHAM
5832,LFPG,LOWW
5833,SBVT,SBBR
5834,ENGM,EKCH
5835,LSGG,LFPB
5836,ULLI,UUEE
5837,LIMC,EVRA
5838,EKCH,EPWA
5839,ENGM,ENZV
5840,VECC,VOBL
5841,EBMB,LSGG
5842,EDDF,CYYZ
5843,LSGG,EGCC
5844,PANC,KORD
5845,EGGW,EPKT
5846,LSZH,LOWW
5847,YBBN,YSSY
5848,SBRJ,SBBR
5849,LFML,LFPG
5850,VOBL,VOMM
5851,EHAM,SKBO
5852,RCTP,VHHH
5853,RJOA,RJTT
5854,LFPG,LFNR
5855,YBMC,YMML
5856,FAOR,FACT
5857,EDDF,VABB
5858,YPJT,YMUL
5859,RKSI,RJBB
5860,UUEE,KMIA
5861,EHAM,KATL
5862,CYQY,CYYZ
5863,LFPG,EDDV
5864,LTFJ,ESSA
5865,EGLL,LSZH
5866,RKSI,KATL
5867,EDDF,UUDD
5868,LEBL,EDDS
5869,PANC,RJBB
5870,EHAM,ESGG
5871,EBMB,LFPG
5872,EGAA,EGCC
5873,YBBN,YMML
5874,WSSS,RKSI
5875,EHAM,EIDW
5876,YSSY,ZUCK
5877,EGKK,LEMG
5878,LFPG,LIPZ
5879,EHAM,EPWA
5880,LZKZ,EGGW
5881,RKSI,RPLL
5882,RJOO,RJTT
5883,VOBL,VABB
5884,LPPT,LIRA
5885,LEBL,LFPO
5886,LFPG,EDDF
5887,EHAM,EGCC
5888,EGSS,LPPT
5889,SBGL,SBBR
5890,EBMB,EPWA
5891,EIDW,EHAM
5892,RKSI,RPLL
5893,KSDF,PANC
5894,ZGSZ,ZUCK
5895,LSGG,LFPG
5896,EHAM,EDDF
5897,EGLL,LPPT
5898,LIPZ,EGSS
5899,VOBL,VIDP
5900,FAOR,FACT
5901,LFPG,EHAM
5902,VABB,VIDP
5903,VHHH,RPLL
5904,KSDF,KABQ
5905,VIDP,EDDP
5906,EGLL,EDDH
5907,EBMB,KEWR
5908,RKSI,VHHH
5909,UUDD,ULLI
5910,LOWW,UKBB
5911,LOWW,KIAD
5912,LIME,EGCC
5913,KSDF,KPDX
5914,YSSY,RKSI
5915,LPPD,LPPT
5916,PANC,KORD
5917,EKCH,LIRA
5918,EDDF,OTHH
5919,ESSA,ESGG
5920,KSDF,KBOS
5921,SBKP,KMIA
5922,LFBD,LPPR
5923,YWLM,YBBN
5924,EGGP,EGAA
5925,NZAA,KSFO
5926,SBRJ,SBSP
5927,KSDF,60CO
5928,OMDB,VIDP
5929,KFMH,KBOS
5930,EDDF,CYVR
5931,EPWA,UKBB
5932,EGSS,LKPR
5933,EHAM,FACT
5934,KSDF,4IA2
5935,WSSS,RKSI
5936,LOWS,EDDF
5937,RJBB,RCTP
5938,LSZB,LSPL
5939,FAOR,FACT
5940,EDDF,EPWA
5941,LEBL,LEMH
5942,EDDF,RCTP
5943,EGLL,EDDF
5944,KSDF,KPHX
5945,YSSY,KLAX
5946,EIDW,EVRA
5947,YBCG,YMML
5948,EPMO,EIDW
5949,KSDF,KOMA
5950,LIMC,EPWA
5951,LFBD,LFPG
5952,EGNX,EDDP
5953,ELLX,LPPR
5954,RCTP,VMMC
5955,KSEA,RKSI
5956,VHHH,RCTP
5957,EDDM,ULLI
5958,EDDW,EDDF
5959,ULLI,UUDD
5960,EHAM,EKCH
5961,KSDF,KRIR
5962,PANC,KSEA
5963,LFPG,EDDM
5964,EPWA,EPGD
5965,ENGM,EPWA
5966,EGPH,EGNX
5967,TJSJ,KMIA
5968,LFPG,KJFK
5969,LSGG,EPWA
5970,SBGR,SBBR
5971,LPPT,EGLL
5972,EDDF,KLAX
5973,OERK,EGLL
5974,EHEH,LEAL
5975,WMSA,WMKJ
5976,ESSA,LEPA
5977,EPWA,EGGW
5978,EDDF,SKBO
5979,EGLL,OMDB
5980,EHAM,LFBD
5981,KSDF,KPDX
5982,VIDP,VOBL
5983,EGGW,LROP
5984,EDDF,KEWR
5985,EHAM,KATL
5986,YBBN,YPPH
5987,EDDF,KDFW
5988,KSDF,KBUF
5989,LPPT,LFPO
5990,YSBK,YSMB
5991,LFPG,EIDW
5992,YMML,YPAD
5993,SBSP,SBBR
5994,KSDF,KSGF
5995,OMDB,OBBI
5996,LKPR,EDDF
5997,EGPH,OTHH
5998,VOBL,VIDP
5999,LPPT,LPPR
6000,EGLL,OBBI
6001,LSGG,EGPH
6002,LSZM,LPPR
6003,UUWW,OMDW
6004,EGBB,EIDW
6005,VHHH,WSSS
6006,LPPR,EGCC
6007,SBGR,SSJC
6008,EHAM,SBGL
6009,EGLL,VABB
6010,KPHX,KPDX
6011,LPPT,EBBR
6012,RJTT,YSSY
6013,LFPG,KLAX
6014,WMKK,VHHH
6015,KSUS,KIAD
6016,EGLL,EIDW
6017,KSDF,KRDU
6018,YMHB,YBBN
6019,LSGG,EFHK
6020,LIMC,LICJ
6021,SBRJ,SBBR
6022,LLBG,EBLG
6023,KSDF,KMCI
6024,EDDB,EDXW
6025,EDDS,EDDF
6026,LEAL,EGCC
6027,LIRF,EDDM
6028,UUWW,EVRA
6029,KSDF,KOAK
6030,EGNX,EDDK
6031,VIDP,VOMM
6032,EDDM,EKCH
6033,RPLL,VHHH
6034,SDCO,SBSP
6035,ESSA,ENGM
6036,KSDF,KMIA
6037,EFHK,EFOU
6038,KSDF,KDFW
6039,RJBB,RJTT
6040,EDDH,EDDF
6041,LFPG,KEWR
6042,OMDB,UUWW
6043,LPCS,LEMG
6044,SKBO,KMIA
6045,SBGR,SBVT
6046,RKSI,VHHH
6047,EIDW,EPKK
6048,EDDS,EPWA
6049,EGLL,EFHK
6050,EDDF,EBBR
6051,ENBR,ENGM
6052,SBSP,SSJC
6053,KSDF,KLDJ
6054,RKSI,KDFW
6055,EGLL,KJFK
6056,EHAM,WSSS
6057,SKBO,KMIA
6058,ELLX,EDDF
6059,EDDF,EFHK
6060,VABB,VOMM
6061,KSDF,PANC
6062,LFPG,EGLL
6063,LFPG,UMMS
6064,VIDP,VABB
6065,ENBR,ENZV
6066,LPPT,LSZM
6067,RJOO,RJTT
6068,EGLL,EHAM
6069,UUEE,EDDB
6070,EDDF,LOWW
6071,LFPG,EPWA
6072,LIBD,LFPC
6073,KSTL,KRIR
6074,FAOR,FACT
6075,KSDF,KSTL
6076,EDDB,EDDF
6077,EVRA,EETN
6078,EHAM,ESSA
6079,KPHL,KMIV
6080,EDDF,KJFK
6081,ULMM,UUEE
6082,KSDF,KJFK
6083,LIBD,LIRF
6084,RJTT,RJOO
6085,LSGG,LIRF
6086,KSDF,KSAT
6087,LSZH,WSSS
6088,EKOD,EKBI
6089,VOBL,VECC
6090,EDDV,EDDF
6091,VIDP,VAPO
6092,EGLL,KORD
6093,LPPT,LFPO
6094,EBMB,CYUL
6095,KSDF,KRSW
6096,EDDM,LPPR
6097,LFPG,CYVR
6098,EHAM,EHKD
6099,ULLI,UUWW
6100,EHAM,EDDF
6101,KSDF,CYHM
6102,EGLL,VABB
6103,LFPG,WSSS
6104,KSDF,KTUL
6105,LIMC,LFPG
6106,YMML,YBCG
6107,KSDF,KMDT
6108,ELLX,LIMC
6109,KSDF,KMSP
6110,EHAM,LFBO
6111,EGAA,EGNT
6112,LSGG,EGBB
6113,LROP,EGSS
6114,YSSY,NZAA
6115,EDDM,EDDF
6116,EFHK,ESSA
6117,EDDG,EDDM
6118,EKCH,ENGM
6119,EFHK,EDDP
6120,VIDN,VIDP
6121,KSDF,KBWI
6122,KMKC,KDAL
6123,KSDF,KMSP
6124,VHHH,RKSI
6125,RCQC,RCNN
6126,KSDF,KPHL
6127,EHAM,EDDH
6128,UUEE,ULLI
6129,OMDB,WSSS
6130,RCTP,VHHH
6131,LPPR,EDDK
6132,RJTT,RJOO
6133,EDDF,KORD
6134,KBOS,KBNA
6135,LROP,EGLL
6136,EVRA,EDDS
6137,KSDF,KATL
6138,YBCG,YMML
6139,EHAM,KDTW
6140,LTFJ,LTAC
6141,UUEE,EHAM
6142,RJTT,RJOO
6143,SBRJ,SBBR
6144,KSDF,KMHR
6145,EGLL,KEWR
6146,LSGG,LMML
6147,KTEB,02XS
6148,LIMC,LIRF
6149,LIME,LICJ
6150,OMDB,UAAA
6151,FAOR,FACT
6152,KSUS,MO43
6153,SBRJ,SBVT
6154,EHAM,KSEA
6155,WSSS,EFHK
6156,KSDF,KTYS
6157,PANC,KSEA
6158,KMKC,KLUK
6159,LTFJ,LTAC
6160,UUEE,ULLI
6161,EDDL,EPWA
6162,EDDM,LPPT
6163,KSDF,CYVR
6164,SBSP,SSJC
6165,RCTP,KLAX
6166,EGLL,LIRF
6167,LSZH,UUDD
6168,CYVR,CYHM
6169,OTHH,WSSS
6170,EIDW,LZIB
6171,SBGR,SSJC
6172,EDDM,EDDL
6173,EDDF,KATL
6174,EDDF,LLBG
6175,KSDF,CYMX
6176,KISP,03NY
6177,71KY,OBBI
6178,EDDF,KEWR
6179,EDDL,EHAM
6180,EDDF,KBOS
6181,KSDF,KRIR
6182,EHEH,LEMG
6183,SKBO,SPJC
6184,EDDM,EDDH
6185,LPPT,EKCH
6186,EHAM,LDZA
6187,RCQC,RCKH
6188,YSSY,RJTE
6189,VECC,OMDB
6190,LIMC,LEMG
6191,KSDF,KLAS
6192,EHAM,LPFR
6193,VABB,VOMM
6194,EDDF,LIRF
6195,LEMG,ESSA
6196,LPPT,EBCI
6197,YMMB,YTDN
6198,KMIA,KDFW
6199,UMMS,ESSA
6200,CYUL,CYYZ
6201,KSDF,KORD
6202,LIRF,LFPG
6203,KSDF,KLCK
6204,CNV9,CYYZ
6205,RPLL,OTHH
6206,KRDU,KPHX
6207,ENVA,ENGM
6208,UWLL,UUEE
6209,TJSJ,KEWR
6210,SBKP,SBVT
6211,LFML,LFPO
6212,LFBO,EGLL
6213,YMMB,YPKL
6214,WMKK,VHHH
6215,RJTT,RJOA
6216,WMSA,WMKJ
6217,LTAC,LTFJ
6218,KIAD,KDEN
6219,UUDD,ULLI
6220,EIDW,KJFK
6221,WBKK,WMSA
6222,WSSS,WMKK
6223,ULLI,UUEE
6224,VABB,VOBL
6225,RPLL,RCTP
6226,OMDB,EDDF
6227,VECC,VOBL
6228,KOAK,KRIR
6229,EHAM,KJFK
6230,KSDF,KISM
6231,EGLL,EPWA
6232,ENZV,ENGM
6233,EGPH,EGLL
6234,YSSY,WSSS
6235,LOWW,EIDW
6236,WSSS,VHHH
6237,OMDW,UUWW
6238,LPPD,LPPR
6239,EDDF,EFHK
6240,UUDD,ULMM
6241,EDDH,EPWA
6242,KOAK,KLAS
6243,YSSY,WMKK
6244,RCQC,RCKH
6245,EIDW,LIME
6246,GMMN,LFPG
6247,EPKK,EHAM
6248,KSFO,RKSI
6249,WSSS,KSFO
6250,EGHQ,EGHC
6251,EGLL,LIML
6252,KSDF,KDEC
6253,RCTP,VMMC
6254,ENBR,ENGM
6255,YSWG,YSCB
6256,LKPR,EHAM
6257,EHLE,EHMZ
6258,KOAK,KPHX
6259,EDDF,KIAD
6260,VABB,VIDP
6261,LOWW,LTFJ
6262,KSDF,KSYR
6263,LHBP,ESGG
6264,RJTT,RJOM
6265,UUDD,ULLI
6266,VOMM,VABB
6267,EDDL,EFHK
6268,EDLP,LEPA
6269,VIDP,VABB
6270,YCBG,YMML
6271,EIDW,CYYZ
6272,KSDF,KDTW
6273,YBBN,YMML
6274,EDDF,OBBI
6275,LFPG,EGLL
6276,LKPR,UKBB
6277,OMDB,EDDF
6278,LEBL,EGBB
6279,LPPT,EDDM
6280,EHAM,EGLL
6281,EDDM,EHAM
6282,RKSI,RCTP
6283,VECC,VIDP
6284,EHAM,LIML
6285,EDDS,EHAM
6286,VHHH,VHSK
6287,KEWR,CYYZ
6288,LTFJ,LFPO
6289,EGNT,EHAM
6290,LEBL,LEPA
6291,VOMM,OMDB
6292,LFPG,LLBG
6293,LSZH,EHAM
6294,KMIA,SKBO
6295,RKSI,KLAX
6296,VIDP,VOMM
6297,EGLL,KEWR
6298,YSSY,RCTP
6299,EGLF,LSZB
6300,OMDB,LFPG
6301,EGPF,EHAM
6302,LFRS,LFPG
6303,NZAA,RCTP
6304,LSGG,EHAM
6305,EGCC,EGLL
6306,LEBL,LPPT
6307,KOAK,KPDX
6308,EHAM,RCTP
6309,VABB,OMDB
6310,ENZV,EHAM
6311,LIPZ,EPWA
6312,EICK,EHAM
6313,KLGA,CYYZ
6314,YPAD,VHHH
6315,88PA,KPHX
6316,KOAK,KSLC
6317,LHBP,LPPT
6318,KTYS,KATL
6319,EGLL,WSSS
6320,EGAA,EGSS
6321,KEWR,KDTW
6322,VABB,VIDP
6323,EDDM,EBBR
6324,KBOS,KCLT
6325,EGLL,VABB
6326,EIDW,EGLL
6327,EGPD,EGLL
6328,KMDT,KORD
6329,YRTI,YPJT
6330,LPPT,EBBR
6331,KBOS,KBWI
6332,EDDF,WSSS
6333,KCLE,KPHX
6334,KAOO,7PS7
6335,KSRQ,KATL
6336,KISP,KTEB
6337,LFPG,KSFO
6338,OTHH,EDDF
6339,OMDB,EGCC
6340,VHHH,YSSY
6341,KORD,KPHL
6342,OMDB,EGLL
6343,PANC,RKSI
6344,KDCA,KDTW
6345,KRSW,KATL
6346,SBRJ,SBGR
6347,WSSS,NZAA
6348,LLBG,LOWW
6349,ESSA,EHAM
6350,KDTW,KPHL
6351,KPHL,KATL
6352,EIDW,LEMG
6353,PANC,KSEA
6354,RKSI,RPLL
6355,LFPG,KATL
6356,KEWR,KORD
6357,LTFJ,EDDL
6358,KORF,KDTW
6359,KCMH,KDTW
6360,VABB,VOBL
6361,KATL,KPHL
6362,KBUY,KMMU
6363,EDDB,EHAM
6364,KRDU,KDTW
6365,KTPA,KPHX
6366,LIMC,LICJ
6367,LROP,LSZM
6368,KLGA,KORD
6369,KBWI,KATL
6370,OMDB,LSGG
6371,UKKK,EGGW
6372,KCMH,KPHL
6373,0TX9,KF69
6374,OERK,OMDB
6375,EDDF,EGSS
6376,EHAM,UUEE
6377,VHHH,OMDB
6378,KORF,KBWI
6379,LFPO,LFBO
6380,KDAY,KDFW
6381,KBOS,KDCA
6382,LFBO,LFPO
6383,LSZH,EDDH
6384,KJFK,KATL
6385,KLGA,KDTW
6386,LMML,EDDM
6387,KPVD,KORD
6388,KRDU,KATL
6389,KIAD,KCLT
6390,YSSY,RCTP
6391,KORD,KATL
6392,KFLL,KATL
6393,KPHL,KDTW
6394,KLGA,KATL
6395,KBWI,KORD
6396,EHAM,ENGM
6397,KIND,KDCA
6398,KATL,KMIA
6399,KBOS,KORD
6400,LZIB,LEMG
6401,CYOW,CYYZ
6402,KDTW,KCLT
6403,EGLL,KJFK
6404,OMSJ,OBBI
6405,LOWW,LFPG
6406,EPGD,EHAM
6407,UUWW,OMDW
6408,EHAM,KBOS
6409,KATL,KDFW
6410,KEWR,KCLT
6411,TJSJ,KATL
6412,YMML,NZAA
6413,LSPL,LSZB
6414,RJOA,RJTT
6415,RCTP,VHHH
6416,WSSS,VIDP
6417,KBOS,KMIA
6418,KFLL,KDTW
6419,KSDF,KDFW
6420,KLGA,KMIA
6421,KORF,KORD
6422,KOAK,KLAX
6423,EFHK,EDDM
6424,KPHL,KMCO
6425,LIMC,EHAM
6426,KFLL,KMSP
6427,ESSA,LEAL
6428,EGLL,KMIA
6429,KRSW,KDTW
6430,KSDF,KPHL
6431,LTFJ,UUWW
6432,KBUF,KDTW
6433,KBOS,KJFK
6434,KDTW,KPHX
6435,KJFK,KFLL
6436,VOBL,VABB
6437,LSZH,EDDL
6438,KCMH,KPHX
6439,KTYS,KDFW
6440,LFPG,CYVR
6441,KPHL,KMDW
6442,KJFK,SKMA
6443,LOWW,UKBB
6444,KBOS,KFLL
6445,EHAM,LTFJ
6446,KLGA,KATL
6447,KCVG,KPHL
6448,VIDP,VOBL
6449,OMDB,OMDW
6450,LEMG,ESSA
6451,PANC,KSDF
6452,LGAV,EDDM
6453,VOBL,VHHH
6454,KEWR,KMIA
6455,EGAA,EGGP
6456,KOAK,KSEA
6457,EGBB,EBBR
6458,SBVT,SBSP
6459,KBOS,KDFW
6460,EHAM,VABB
6461,LFBD,LFPG
6462,SBKP,SSJC
6463,KALB,KORD
6464,RJAA,RKSI
6465,KDAY,KPHL
6466,KIND,KATL
6467,KJFK,KCLT
6468,KPVD,KCLT
6469,KBWI,KCLT
6470,KROC,KBWI
6471,EDDK,UUWW
6472,EBMB,EGLL
6473,KBOS,KATL
6474,VIDP,VECC
6475,RJBB,RJAA
6476,KATL,KFLL
6477,LEMG,EGSS
6478,EHAM,UMMS
6479,OMDB,LFPG
6480,EDDM,EDDV
6481,KTYS,KPHL
6482,UKKK,EDLW
6483,WMKK,OMDB
6484,KDTW,KATL
6485,KCVG,KDTW
6486,KBOS,KJFK
6487,WSSS,RKSI
6488,KPHL,KORD
6489,KBWI,KMDW
6490,RJBB,RKSI
6491,KDAY,KDTW
6492,KEWR,KDFW
6493,OERK,OMDB
6494,KCLT,KMDW
6495,WMKJ,WMSA
6496,KIAD,KDTW
6497,KORL,KSTL
6498,VIDP,VABB
6499,EHAM,EIDW
6500,UUDD,ULLI
6501,KCVG,KMIA
6502,ESGG,ESSA
6503,KAVP,KCLT
6504,KMSS,KBOS
6505,EDDP,KJFK
6506,RJAA,RCTP
6507,KATL,KDFW
6508,VHHH,WSSS
6509,EBMB,LSZH
6510,EDDB,LFPG
6511,EDDF,EHAM
6512,KMDT,KCLT
6513,KPHL,KATL
6514,KATL,KDAL
6515,EKCH,ENGM
6516,OTHH,EHAM
6517,KDTW,KLAS
6518,49OH,KATL
6519,LFBO,EBMB
6520,KPVD,KPHL
6521,LPPR,LPPT
6522,CYUL,CYYZ
6523,KDCA,KATL
6524,KBUF,KBWI
6525,KBOS,KPHL
6526,GMMN,LIPE
6527,KSUS,KAPA
6528,VIDP,VABB
6529,KSDF,KATL
6530,LOWW,EHAM
6531,CYYZ,KPHL
6532,VHHH,OTHH
6533,KHPN,KCLT
6534,KSLC,KBOI
6535,UUEE,UWWW
6536,CYUL,CYYZ
6537,KALB,KBWI
6538,LPPT,LIRF
6539,KSYR,KDTW
6540,VOMM,VABB
6541,RCQC,RCKH
6542,CYQG,CYYZ
6543,EDDF,KPHL
6544,EGLL,EHAM
6545,KCLT,KDTW
6546,SBRJ,SBSP
6547,LFPG,LROP
6548,KMDT,KATL
6549,KCLE,KMIA
6550,KALB,KDTW
6551,LPPT,EDDL
6552,UUEE,LSGG
6553,LFPG,LIRF
6554,KORF,KCLT
6555,KROC,KDTW
6556,KPHL,KCLT
6557,RCTP,KLAX
6558,KBOS,KDTW
6559,KTPA,KDTW
6560,KSYR,KORD
6561,KTEB,KSUS
6562,KMIA,KATL
6563,KCMH,KBWI
6564,EPWA,EHEH
6565,VABB,VIDP
6566,VHHH,WSSS
6567,KABQ,KAEG
6568,RJOO,RJOM
6569,KEWR,KORD
6570,KABE,KATL
6571,OPMT,OMDB
6572,CYYZ,CYYC
6573,YSSY,WMKK
6574,KEWR,KATL
6575,82PA,KATL
6576,SBRJ,SBVT
6577,RKSI,RPLL
6578,RJOO,RJTT
6579,EPGD,EPWA
6580,KDTW,KBWI
6581,LSZH,LMML
6582,LEMG,EGCC
6583,UKBB,OMSJ
6584,EIDW,KEWR
6585,VHHH,VABB
6586,KCLE,KBWI
6587,KCMH,KDCA
6588,KBUF,KORD
6589,YMML,NZAA
6590,RJOO,RJTT
6591,EPGD,ENGM
6592,KBNA,KPHX
6593,KUNV,KPHL
6594,LGAV,EGLL
6595,RPLL,OMDB
6596,VHHH,VHSK
6597,KLGA,KCLT
6598,LIRF,KJFK
6599,VABB,VIDP
6600,KTPA,KMIA
6601,KISP,KBWI
6602,EGLL,KSFO
6603,GMMN,LFPG
6604,SBGR,SSJC
6605,KBNA,KDFW
6606,VIDP,VOMM
6607,LIME,EGNX
6608,KLGA,KORD
6609,KCLT,KATL
6610,KIND,KMIA
6611,WBKK,WMKK
6612,ESGG,EHAM
6613,KCLE,KPHL
6614,LIMC,EGLL
6615,KJFK,KMIA
6616,KBNA,KCLT
6617,KLGA,KDFW
6618,VECC,VIDP
6619,YTDN,YMMB
6620,KMCI,KMIA
6621,LSZH,LIPZ
6622,KOAK,PANC
6623,UUDD,LOWW
6624,KCLE,KDCA
6625,CYYZ,KDTW
6626,EHAM,CYYC
6627,KGSO,KATL
6628,EGCC,EHAM
6629,EIDW,EGKK
6630,KSDF,KHSV
6631,KBOS,KRSW
6632,RJOA,RJTT
6633,KRDU,KPHL
6634,YPPH,WSSS
6635,KCMH,KATL
6636,KMSN,KPHX
6637,EDDF,LEMG
6638,LYBE,LSZH
6639,LFPG,CYUL
6640,EKCH,WSSS
6641,EIDW,LSGG
6642,KMSP,KATL
6643,GMMN,LFPO
6644,EHAM,SPJC
6645,EDDM,KIAD
6646,KLGA,KFLL
6647,RCQC,RCKH
6648,KDPA,KLUK
6649,LIME,LTFJ
6650,LIMC,EGKK
6651,KALB,KDCA
6652,KISP,KPHL
6653,UUEE,KJFK
6654,KPIT,KPHL
6655,VOMM,VIDP
6656,RJTT,RJBB
6657,VAPO,VIDP
6658,LROP,EDLW
6659,RCTP,VHHH
6660,KPHL,KMIA
6661,KCMH,KCLT
6662,KORD,KMIA
6663,KDCA,KPHL
6664,VIDP,VOBG
6665,EHAM,LFPG
6666,KIAH,KORD
6667,LFPG,EBBR
6668,EKCH,LEAL
6669,ULLI,UUEE
6670,KFLL,KPHL
6671,KBOS,KSLC
6672,LPPR,LFBD
6673,RCTP,WSSS
6674,KDCA,KMDW
6675,ULMM,ULLI
6676,EBMB,LSZH
6677,LEBL,LFPG
6678,KDTW,KFLL
6679,EGNT,EGAA
6680,KALB,KORD
6681,KDCA,KJFK
6682,ESCM,ESSU
6683,EHAM,LSGG
6684,EDDH,EHAM
6685,EGNX,EGCN
6686,KCLE,KFLL
6687,KDFW,KORD
6688,VIDP,VABB
6689,UUEE,EHAM
6690,KMSP,KMDW
6691,VABB,VOMM
6692,KATL,KORD
6693,EGLL,EBBR
6694,RKSI,KLAX
6695,VIDP,VOMM
6696,KTEB,KVNY
6697,KIND,KDTW
6698,KBUF,KPHL
6699,VHHH,RCTP
6700,LDZA,EHAM
6701,LPPR,EHAM
6702,VIDP,VOBL
6703,MROC,KMIA
6704,SKBO,MROC
6705,KDCA,KATL
6706,RKSI,VHHH
6707,LFPG,ULLI
6708,KRDU,KORD
6709,KABQ,NM74
6710,LIRF,EIDW
6711,LSGG,EKCH
6712,EHAM,LPPT
6713,FACT,FALA
6714,EDDB,EDDK
6715,KORL,KMCI
6716,VHHH,YMML
6717,LYBE,LSZM
6718,KORD,KFLL
6719,ENGM,ESSA
6720,KRSW,KPHL
6721,TJIG,02PR
6722,KPVD,KFLL
6723,KONT,KLAS
6724,VIDN,VIDP
6725,KMIA,KPHL
6726,KRDU,KORD
6727,LTFJ,EDDS
6728,KORF,KPHL
6729,CYYZ,CYVR
6730,EHAM,LIRF
6731,SBBR,SBGR
6732,RJAA,RCTP
6733,KMCI,KDFW
6734,EDDF,OBBI
6735,SBGR,SKMA
6736,KCMH,KMIA
6737,OERK,VIDP
6738,KCLE,KDTW
6739,ESSA,LSZH
6740,KIAD,KSFO
6741,LPFR,EIDW
6742,ULLI,ULMM
6743,EDDF,ESSA
6744,LPMA,LPPR
6745,EGLL,KJFK
6746,LTFJ,LSZH
6747,VIDN,VIDP
6748,EHAM,EIDW
6749,RKSI,RCTP
6750,EDDM,EDDL
6751,FAOR,FACT
6752,EKCH,EHAM
6753,VHHH,RCTP
6754,EDDL,LTFJ
6755,SKBO,SKMA
6756,LPPR,LSZH
6757,EVRA,ESGG
6758,KRSW,KBOS
6759,KDCA,KCLT
6760,KBWI,KMIA
6761,LROP,LSZH
6762,EKCH,ESSA
6763,LDZA,LFPG
6764,KTOL,KCLT
6765,KIND,KATL
6766,LIPZ,LFPG
6767,ULLI,UUDD
6768,LIMC,EDDP
6769,LSZH,KJFK
6770,KOMA,KMDW
6771,EDDH,LTFJ
6772,LSGG,EBMB
6773,KDCA,KFLL
6774,KSYR,KORD
6775,LTFJ,LSZM
6776,VABB,VECC
6777,EDDF,LHBP
6778,KIAD,KDFW
6779,UUEE,LIRF
6780,KGSO,KMIA
6781,LIMC,EGKK
6782,EGLL,EGPG
6783,VECC,VIDP
6784,KFLL,KIAD
6785,EDDM,LFPG
6786,KEWR,KSFO
6787,KSYR,KPHL
6788,LFBD,EHAM
6789,EGLL,KORD
6790,KPHL,KORD
6791,LEMG,GMMN
6792,SBBR,SBGR
6793,KRDU,KBNA
6794,ENGM,EDDF
6795,KCMH,KORD
6796,RJTT,KLAX
6797,VABB,VIDP
6798,KDCA,KDFW
6799,VOMM,VIDP
6800,KJFK,KLAX
6801,EGNX,EGAC
6802,KORF,KATL
6803,EFOU,EFHK
6804,FACT,FALA
6805,LEMG,EFHK
6806,KDCA,KORD
6807,LSGG,EGLL
6808,VOBL,VOMM
6809,KCVG,KATL
6810,KDFW,EDDF
6811,GMMN,EBBR
6812,KBOS,KSEA
6813,KOAK,PANC
6814,KDEC,KORD
6815,VOMM,OTHH
6816,KBNA,KPHL
6817,EDDK,LTFJ
6818,KRSW,KMSP
6819,KCMH,KMDW
6820,KDFW,KFLL
6821,KMCI,KATL
6822,LIRF,EHAM
6823,KPHL,KRSW
6824,SBGR,SBBR
6825,VGTJ,VIDP
6826,KCLE,KBNA
6827,KSGF,KATL
6828,KLGA,KMCO
6829,VOBL,VIDP
6830,KDCA,KLGA
6831,KTPA,KPHL
6832,KDTW,KBNA
6833,LYBE,LSZH
6834,KATL,KMDW
6835,KIAD,KORD
6836,EDDF,LJLJ
6837,KMCI,KORD
6838,KMVY,KBOS
6839,KFLL,KDFW
6840,KLGA,KMSP
6841,TJSJ,KMIA
6842,KOMA,KORD
6843,KHOU,KSTL
6844,KPHL,KDFW
6845,LEMG,EGGW
6846,KORD,KPHX
6847,KGRB,KATL
6848,KMIA,KDFW
6849,LIMC,LICJ
6850,KSAT,KDFW
6851,EDDF,EGBB
6852,EGHQ,EGHC
6853,OTHH,RKSI
6854,EGSS,EPBY
6855,KSTL,KDFW
6856,LEPA,LEIB
6857,EDDF,LIPE
6858,KSGF,KDFW
6859,EDFE,EDRY
6860,VOBL,VIDP
6861,KBOS,KRSW
6862,UKBB,EPWA
6863,KTPA,KMSP
6864,EKCH,LEMG
6865,KFLL,KATL
6866,EBCI,LIME
6867,KFLL,KLAX
6868,KOMA,KATL
6869,TJSJ,KJFK
6870,ENZV,ENBR
6871,LFPG,LFBD
6872,KSDF,KMDW
6873,LZIB,LZSV
6874,KBUF,KORD
6875,KMDT,KPHL
6876,KORL,KJFK
6877,KCLT,KORD
6878,KBNA,KORD
6879,KORF,KMIA
6880,KMIA,KMSP
6881,KSTL,KMSP
6882,LGAV,LSGG
6883,KSGF,KORD
6884,GMME,LFPO
6885,LROP,OMDB
6886,VECC,VOBL
6887,SBGR,SBGL
6888,LEMG,LFPG
6889,KMSN,KATL
6890,EGSS,EIDW
6891,KPHL,KFLL
6892,KBMI,KATL
6893,RJBB,RJTT
6894,MROC,KMIA
6895,KDCA,KATL
6896,EGLL,LFPG
6897,EDDF,EDDH
6898,KDFW,KLAS
6899,EIDW,LPFR
6900,KHOU,KATL
6901,TJSJ,FD37
6902,EHAM,RKSI
6903,VIDP,VOMM
6904,EPKK,ESKN
6905,KCVG,KMIA
6906,KFLL,KBOS
6907,WBKK,WMKK
6908,KTPA,KATL
6909,KLGA,KFLL
6910,KORL,KMSP
6911,WSSS,VOBL
6912,LEBL,EIDW
6913,KORF,KORD
6914,EFHK,EHAM
6915,71KY,KMDW
6916,KJFK,PANC
6917,ESSA,EFHK
6918,KAUS,KBWI
6919,SBGR,SBRJ
6920,KBWI,KDFW
6921,KBNA,KORD
6922,KDCA,KMIA
6923,VHHH,VECC
6924,EDDF,EBBR
6925,LFPG,LIQL
6926,UUDD,ULLI
6927,KCVG,KRSW
6928,KFLL,KJFK
6929,EKCH,LFPG
6930,EGCC,EDDF
6931,KRSW,KDFW
6932,EDDS,LTFJ
6933,KPHL,KMSP
6934,KSYR,KJFK
6935,OERK,VGZR
6936,KCMH,KBNA
6937,KTEB,KPDK
6938,KATL,KEWR
6939,LFPG,LFNR
6940,SBBR,SBSP
6941,VOMM,VOBL
6942,KSTL,KDAL
6943,KCWA,KMSP
6944,KBNA,KDTW
6945,KORD,KATL
6946,LHBP,EGGW
6947,KSDF,KDTW
6948,KPIT,KEWR
6949,KMDW,KATL
6950,EDDF,EKCH
6951,KTPA,KBWI
6952,KIAH,KLAX
6953,LFBO,LFPG
6954,KDFW,KSLC
6955,KAUS,KMIA
6956,KMIA,KBWI
6957,KPIT,KLGA
6958,KMSP,KORD
6959,LFPG,LFBO
6960,RKSI,RPLL
6961,KATL,KFLL
6962,LPPT,ELLX
6963,LEAL,EBBR
6964,KDTW,KFLL
6965,EPKK,EGGW
6966,VIDP,VECC
6967,SBBR,SBSP
6968,KIND,KEWR
6969,UKBB,EHAM
6970,KBOS,KSEA
6971,OMDB,UUWW
6972,KTYS,KATL
6973,KATL,KMIA
6974,KSRQ,KATL
6975,SBVT,SBGR
6976,KFLL,KSEA
6977,KBUF,KJFK
6978,KROC,KJFK
6979,KCMI,KORD
6980,LOWW,LLBG
6981,KDTW,KMDW
6982,KDAY,KATL
6983,LPPT,LSZH
6984,KJFK,KRSW
6985,KSTL,KMIA
6986,VABB,VOBL
6987,ESSA,LTFJ
6988,KDEN,KMIA
6989,KFLL,KDTW
6990,VOBL,VABB
6991,KSAT,KDEN
6992,UKBB,LOWW
6993,KSTL,KPHX
6994,KMSP,KDEN
6995,LFPG,LFRS
6996,RCTP,RKSI
6997,EGLL,KDFW
6998,KIND,KORD
6999,KHOU,KDEN
7000,KBOS,KFLL
7001,LIRF,LIMC
7002,EHAM,VHHH
7003,EGKK,EDDM
7004,SBRJ,SBSP
7005,KTPA,KDFW
7006,KOSU,KI23
7007,EICK,EGLL
7008,KTYS,KORD
7009,KRDU,KMIA
7010,KOKC,KATL
7011,KBUF,3NK5
7012,KCLE,KATL
7013,WSSS,VOMM
7014,KROC,KORD
7015,KRSW,KIAD
7016,KMCI,KDTW
7017,LFPG,EKCH
7018,EDDB,LLBG
7019,VIDP,VIAM
7020,EGLL,KMIA
7021,KTPA,KIAD
7022,KFLL,KBOS
7023,EDDF,EDDM
7024,KMKE,KATL
7025,KJFK,KMCO
7026,KORL,KSEA
7027,GMMN,LIMC
7028,KDBQ,KORD
7029,LIMC,ELLX
7030,KTPA,KLAX
7031,OMDB,VOMM
7032,KDTW,KDFW
7033,UUWW,UUEE
7034,EHAM,EIDW
7035,KIAD,KATL
7036,KATL,KFLL
7037,WV28,KORD
7038,YBBN,RCTP
7039,ZGSZ,ZUCK
7040,WMKJ,WMSA
7041,KORD,KLAS
7042,LFPG,EHAM
7043,SBSP,SBRJ
7044,ENBO,ENVA
7045,KHSV,KATL
7046,KATW,KDTW
7047,EDDH,EDDM
7048,EDDM,LTFJ
7049,KJFK,KMIA
7050,LSGG,ESSA
7051,LIRF,LIMF
7052,VECC,VGZR
7053,UMMS,EPWA
7054,KBWI,KMSP
7055,KOKC,KORD
7056,EGLL,EFHK
7057,GMMN,LIRF
7058,LFML,LFPO
7059,KRDU,KFLL
7060,LPPT,EDDF
7061,LFPG,EIDW
7062,YMML,YBBN
7063,KTEB,KHPN
7064,KLAX,KUTA
7065,VIDP,VAPO
7066,KBUF,KDFW
7067,VHHH,RCTP
7068,KCMH,KORD
7069,KMCI,KMDW
7070,SBGR,SBGL
7071,KBUY,KOSU
7072,KTPA,KFLL
7073,SKBO,KJFK
7074,KAUS,KDEN
7075,KJFK,KFLL
7076,KTUL,KDFW
7077,LTAC,LTFJ
7078,KCVG,KLGA
7079,UNEE,UUEE
7080,KMIA,KLGA
7081,KOMA,KDTW
7082,KFLL,KBOS
7083,RPLL,WSSS
7084,KATW,KORD
7085,LPPT,ESSA
7086,KEWR,KFLL
7087,KDFW,KATL
7088,VEPI,VIDP
7089,SBGR,SBBR
7090,KDCA,KORD
7091,KORL,KDFW
7092,EHAM,LEMG
7093,LSZB,EGLF
7094,RKSI,VHHH
7095,SBGL,SBBR
7096,CYYZ,KTEB
7097,KBED,KTEB
7098,KRDU,KATL
7099,KCMH,KEWR
7100,ENGM,ENVA
7101,KSTL,KORD
7102,KPHL,KMCO
7103,SKBO,KMIA
7104,KGRB,KORD
7105,KBOS,KMIA
7106,KCWA,KORD
7107,VIDP,VAPO
7108,KBWI,KFLL
7109,KSAT,KATL
7110,SBGR,SBVT
7111,EKCH,KEWR
7112,MROC,KDFW
7113,KMDT,KDTW
7114,OTHH,LFPG
7115,KDFW,KMIA
7116,VIDP,VOBL
7117,OMDB,VIDP
7118,LEMG,LSZH
7119,VECC,VIDP
7120,KMCI,KDEN
7121,KBOS,KFLL
7122,LIRF,LIMJ
7123,KOMA,KSTL
7124,LSZM,LTFJ
7125,KCLE,KORD
7126,KPDK,KBNA
7127,VIDP,VOMM
7128,KSTL,KATL
7129,KORF,KEWR
7130,LPPR,LSZM
7131,KMCI,KDAL
7132,LEZL,LEPA
7133,EDDF,KEWR
7134,WMKK,WSSS
7135,KATL,K5A9
7136,EKCH,EDDM
7137,RCQC,RCKH
7138,KHWO,KOPF
7139,VIDP,VOBL
7140,KABE,KDTW
7141,KCMH,KDFW
7142,KOMA,KORD
7143,KTYS,KECP
7144,OTHH,EGLL
7145,EDDS,LTFJ
7146,UAAA,UAII
7147,KOWD,MA66
7148,KONT,KUTA
7149,LFPO,GMMN
7150,EGLL,LIRF
7151,LEAL,LEPA
7152,KBUF,KEWR
7153,KSLK,KBOS
7154,LPPT,EIDW
7155,KMCI,KPHX
7156,LIRF,LIPQ
7157,KSTL,KDTW
7158,EKCH,LTFJ
7159,KGSO,KDFW
7160,KSDF,KORD
7161,KSRQ,KIAD
7162,VOMM,VABB
7163,KFLL,KLGA
7164,EPWA,EPKK
7165,WSSS,VHHH
7166,KBNA,KATL
7167,LPPT,LFPO
7168,KHYA,KBOS
7169,YMML,WSSS
7170,EHAM,KPHL
7171,KRSW,KDTW
7172,LROP,LFPG
7173,KSTL,KORD
7174,KCMH,KLGA
7175,KBUF,3NK5
7176,UUEE,ESSA
7177,LOWW,LIMC
7178,LFBO,EHAM
7179,KCLT,KATL
7180,KBOS,KCLT
7181,KLEB,KBOS
7182,LPPT,LFPG
7183,LYBE,OMDB
7184,WSSS,OTHH
7185,KDAY,KORD
7186,KMSP,KRSW
7187,EHRD,EBAW
7188,OMDB,UUDD
7189,KDTW,KORD
7190,EDDF,ULLI
7191,KDCA,KLAX
7192,FAOR,FACT
7193,EDDF,LSZH
7194,EDDF,KORD
7195,NZCH,NZRI
7196,KHWO,KOPF
7197,LGAV,EGLL
7198,EDDF,EDDW
7199,EETN,EVRA
7200,ULLI,UUEE
7201,VABB,VOBL
7202,KRDU,KCLT
7203,EGLL,OBBI
7204,KLGA,KDEN
7205,EDDH,EGLL
7206,KOKC,KDFW
7207,SBCO,SBSP
7208,LIRF,LICZ
7209,KGSO,KCLT
7210,EGGW,LSGG
7211,KSAT,KDAL
7212,KSPI,KORD
7213,6FD7,KX49
7214,KAPF,03FA
7215,LPPT,LIMC
7216,SBBR,SBSP
7217,LOWW,LTFJ
7218,KEWR,KMSP
7219,VIDP,VHHH
7220,VABB,VIDP
7221,KRDU,KEWR
7222,SKBO,KMIA
7223,KTUL,KOKC
7224,EGCC,LIME
7225,KBOS,KMSP
7226,K4D0,KORD
7227,KMSP,KISM
7228,KJFK,KSEA
7229,RJTT,RJBB
7230,LFPG,VIDP
7231,LOWW,UKBB
7232,KPVD,KEWR
7233,09PA,KORD
7234,KLAX,KUTA
7235,EDDP,LHBP
7236,KCLT,KDFW
7237,KDAL,FD83
7238,KECP,KATL
7239,KTEB,KOPF
7240,KORD,KDFW
7241,EPKK,EPWA
7242,EDFE,EDRY
7243,EGLL,LSZH
7244,KFTY,KPDK
7245,ESSA,ESGG
7246,EDDF,CYYZ
7247,KGSO,KATL
7248,KMIA,KATL
7249,VIDP,VECC
7250,KLCK,8OA7
7251,KORL,KLAX
7252,KAUS,KFLL
7253,LIRF,LICZ
7254,KBOS,8KY6
7255,KIND,KORD
7256,EDDL,LTFJ
7257,FAOR,FACT
7258,KMSP,KPHX
7259,KIAH,KATL
7260,SKBO,KMIA
7261,EDDK,EPKT
7262,EDDF,CYUL
7263,KTUL,KATL
7264,EDDF,LIPZ
7265,KLNK,KORD
7266,ULLI,UUEE
7267,EGLL,KORD
7268,EDDF,ESSA
7269,LEBL,LSZH
7270,EETN,EFHK
7271,KDEN,KOAK
7272,OTHH,EHAM
7273,LMML,EDDF
7274,LPPR,LSGG
7275,KPDK,K49A
7276,VHHH,RCTP
7277,LEAL,EHAM
7278,EDXK,EDXW
7279,EDXK,EDXW
7280,BIKF,KBOS
7281,SBGR,SBCO
7282,GMMN,LSGG
7283,VECC,VOBL
7284,CYYZ,KATL
7285,KJFK,KSFO
7286,KCLE,KDFW
7287,KOMA,KMIA
7288,KDTW,KORD
7289,LPPR,EDDF
7290,KCVG,CYHM
7291,OMDB,LKPR
7292,LIRF,LSZH
7293,KPNS,KATL
7294,SBBR,SBRJ
7295,EDDF,RJTT
7296,KMKE,KDFW
7297,KCWA,KORD
7298,KTUL,KSTL
7299,KDCA,KMSP
7300,SBGR,SBCO
7301,KHYA,KBOS
7302,EDDM,LFPG
7303,SBRJ,SBGR
7304,EHAM,ENGM
7305,KDFW,KDTW
7306,KIAD,KMSP
7307,UKBB,OMDB
7308,KJFK,02XS
7309,82PA,KATL
7310,KAUS,KDAL
7311,KORL,KDFW
7312,LFPG,OMDB
7313,LEMG,EBBR
7314,KATL,KMIA
7315,EHAM,LTFJ
7316,LIRF,LIPZ
7317,EBCI,LTFJ
7318,KEWR,KOAK
7319,RKSI,VHHH
7320,ESSA,EKCH
7321,KJFK,KDEN
7322,OMDB,OBBI
7323,KDAL,KPHX
7324,KHOU,KDFW
7325,EDDM,LTFJ
7326,KMIA,KJFK
7327,KRDU,KDFW
7328,EGBB,LSGG
7329,EDDF,LEBL
7330,KBMI,KDFW
7331,EHAM,EBBR
7332,EDDF,VIDP
7333,LIRF,LIML
7334,WMKK,OTHH
7335,KRDU,KLGA
7336,EIDW,LEMG
7337,EGCC,OMAA
7338,SBBR,SBSP
7339,EVRA,LSZH
7340,KDAL,KBWI
7341,EHAM,UKBB
7342,RKSI,VHHH
7343,KAUS,KPHX
7344,EDDF,KIAD
7345,KFLL,KDEN
7346,KDFW,KDEN
7347,ESSA,LFPG
7348,LFPG,LPPT
7349,KMDT,KDFW
7350,EIDW,KORD
7351,KMKE,KATW
7352,KOKC,KSTL
7353,LOWW,LIRF
7354,KSAT,KPHX
7355,KFLL,KBWI
7356,EHAM,LTFJ
7357,KMSP,KORD
7358,KCLE,KORD
7359,OMDB,EGLL
7360,KCLT,KEWR
7361,K4D0,KORD
7362,OBBI,VABB
7363,OTHH,EGCC
7364,LFPG,OMAA
7365,EGGW,EPWA
7366,KAUS,KMSP
7367,VOMM,VIDP
7368,LEBL,EDDF
7369,EIDW,EIKY
7370,ESSA,UMMS
7371,KLGA,KSTL
7372,KFNT,KORD
7373,VIDP,VOMM
7374,EDDV,EDDM
7375,KIND,KLGA
7376,SBRJ,SSJC
7377,VIDP,VABB
7378,PANC,KLAX
7379,KTEB,KPHL
7380,UUEE,UMMS
7381,EIDW,LPPT
7382,EDDF,EPWA
7383,KRDU,KMSP
7384,KATL,KLAX
7385,KBOS,KLGA
7386,LIRF,LIPE
7387,EDDB,LTFJ
7388,SBBR,SBRJ
7389,OMDB,UUEE
7390,UUEE,ULMM
7391,KOKC,KDEN
7392,KIND,KDEN
7393,KPVD,KCLT
7394,CYOW,CYVR
7395,SBCO,SBSP
7396,LFBO,LFPO
7397,EHAM,LSZH
7398,KMSP,KRSW
7399,RJBB,RCTP
7400,SBSP,SBBR
7401,KTEB,KHPN
7402,ESSA,EHAM
7403,ENGM,OTHH
7404,KATL,KFLL
7405,OBBI,VHHH
7406,KLGA,KCLT
7407,LFPG,KIAD
7408,KALB,KEWR
7409,LPPT,LSZH
7410,KIAH,KSLC
7411,FACT,FALA
7412,KJFK,KMIA
7413,UUEE,EDDF
7414,CYOW,CYUL
7415,LEBL,LKPR
7416,OTHH,ELLX
7417,LSZH,EGLL
7418,EDDF,OMDB
7419,RJAA,RKSI
7420,KMCO,KMIA
7421,KCLE,KFLL
7422,KDCA,KBOS
7423,VOMM,VABB
7424,LSGG,OMAA
7425,KATW,KATL
7426,EGLL,KJFK
7427,KRSW,KATL
7428,EDRY,EDFE
7429,EDDL,EDDM
7430,LFPG,LSZH
7431,KJFK,KCLT
7432,EDDF,KORD
7433,KROC,KEWR
7434,KTPA,KBNA
7435,KEWR,KORD
7436,LSZH,CYYZ
7437,77PA,PS66
7438,RJBB,RJTT
7439,KMSP,KDFW
7440,LEMG,EHAM
7441,LFPL,LFAI
7442,KCMI,KDFW
7443,EBMB,EDDM
7444,KRDU,KMCF
7445,KSDF,KIAD
7446,VT48,KIAD
7447,KIAH,KDEN
7448,KCWA,KDTW
7449,KPHX,KSEA
7450,KATW,KORD
7451,LSGG,LTFJ
7452,KCMH,KIAD
7453,KORF,KATL
7454,OTHH,EGLL
7455,KTYS,KIAD
7456,UUEE,LIMC
7457,KFRG,KFOK
7458,KGRB,KDTW
7459,KSTL,KPHL
7460,EGLL,EGCC
7461,EHAM,KORD
7462,KFLL,KDAL
7463,VHHH,OMDW
7464,VOTP,VOBL
7465,KBED,KSRQ
7466,KEWR,KMIA
7467,KBOI,KSEA
7468,KIND,KIAD
7469,KBOS,KIAD
7470,KDTW,KCLT
7471,KDCA,KATL
7472,KLGA,KFLL
7473,LSGG,LPPT
7474,KDAY,KIAD
7475,KPHX,KATL
7476,KRSW,KBWI
7477,KEWR,KSDF
7478,KSTL,KDFW
7479,KJFK,KSFO
7480,KBNA,KISM
7481,KFRG,KTEB
7482,KBUF,KJFK
7483,KIAH,KSFO
7484,LSGG,UKBB
7485,KDCA,KLGA
7486,OBBI,OMDB
7487,UUEE,LFPG
7488,KFLL,KMDW
7489,RJAA,RKSI
7490,LIMC,LICZ
7491,VIDP,VABB
7492,EHAM,KATL
7493,KORD,KSFO
7494,EBMB,LPPR
7495,KMKE,KDTW
7496,KJFK,KBOS
7497,KALB,KCLT
7498,K3MY,KORD
7499,OMDB,WSSS
7500,KBNA,KLGA
7501,KPNS,KDFW
7502,VHHH,RKSI
7503,LEIB,LEPA
7504,KATL,SC32
7505,KMSN,KDTW
7506,KBOS,KDCA
7507,CYYZ,CYVR
7508,KDEN,KATL
7509,LIRF,LIPX
7510,KLGA,KMIA
7511,KMCI,KISM
7512,KCMH,KMSP
7513,KORL,KBOS
7514,VOBL,VIDP
7515,SKBO,SPJC
7516,EGSS,LHBP
7517,LFPO,LFBO
7518,KHPN,KMDW
7519,KIAH,KUTA
7520,KBUF,KGVQ
7521,SBRJ,SBSP
7522,KTUS,KATL
7523,KORL,KDEN
7524,KMKE,KOSH
7525,KORD,KDTW
7526,KDFW,KUTA
7527,KBWI,DE15
7528,KATL,KBWI
7529,UUWW,UAAA
7530,KDEN,KMSP
7531,KMKE,5WI4
7532,KJFK,KSFO
7533,LPPT,EGLL
7534,KIAH,KLAX
7535,VIDP,VOBL
7536,KBUF,KATL
7537,KGLH,KDFW
7538,KGAI,KN71
7539,FAOR,FACT
7540,KFLL,KDTW
7541,KBNA,KIAD
7542,SBGR,SBRJ
7543,KBOS,KRDU
7544,KMSP,KATL
7545,KATL,KSAT
7546,KMSN,KDFW
7547,GMMN,LFML
7548,EIDW,EIDL
7549,KORL,KJFK
7550,KSKA,KSEA
7551,KPIT,KPSB
7552,LSGG,LSZH
7553,KVPS,KATL
7554,EDDF,LOWW
7555,KPHL,KTEB
7556,KDEN,KDFW
7557,KCLT,KMSP
7558,KFLL,KEWR
7559,KBOS,KTEB
7560,LIPZ,LSZH
7561,KRSW,KMDW
7562,KPHX,KDFW
7563,KORD,KIAD
7564,KHPN,KFRG
7565,EBBR,LOWW
7566,SBKP,SBRJ
7567,VAPO,VIDP
7568,KBUF,KIAD
7569,CYXE,CYVR
7570,VGTJ,OTHH
7571,KMSN,KORD
7572,LFML,LTFJ
7573,KLGA,KDFW
7574,KORL,KPHL
7575,KBNA,KEWR
7576,RCTP,WSSS
7577,EDDP,EGNX
7578,KGSO,KIAD
7579,KLAX,KUTA
7580,WSSS,OMDB
7581,KISP,KDXR
7582,KFLL,KLGA
7583,UUDD,LTFJ
7584,KORD,KMIA
7585,KFDK,KMRB
7586,KEWR,KMIA
7587,LFPG,KMIA
7588,CYOW,CYYC
7589,KIND,KATL
7590,KRDU,KISO
7591,ULLI,UUWW
7592,UUEE,EGLL
7593,KLGA,KORD
7594,KBOS,KSFO
7595,VIDP,VECC
7596,KGRI,KDFW
7597,KDEN,KPHX
7598,KHPN,KTTN
7599,KLUK,KPDK
7600,VHHH,VABB
7601,EDDL,LSZH
7602,KORL,KMDW
7603,RCTP,RJBB
7604,KORD,KDEN
7605,KCVG,KCLT
7606,KJFK,KLAX
7607,KHSV,KDFW
7608,KLNK,KOMA
7609,KATL,KLAX
7610,KFLL,KATL
7611,LPPT,LSGG
7612,KORD,KLGA
7613,KEWR,KLAX
7614,KMIA,KATL
7615,KVPS,KDFW
7616,EKAH,EKCH
7617,KFLL,02XS
7618,KBOS,KSDF
7619,LFPG,CYUL
7620,VHHH,OTHH
7621,EGLL,OMDB
7622,KMSP,KPHX
7623,KSYR,KIAD
7624,KMKE,KMRJ
7625,EVRA,UUWW
7626,KMCI,KDFW
7627,KLAX,CYYC
7628,KDTW,KATL
7629,KFLL,KSTL
7630,EHAM,EFHK
7631,EGSS,LIRA
7632,KATL,KLAS
7633,KATL,KDFW
7634,KATL,KIAD
7635,KCVG,KMIA
7636,KTPA,KPHX
7637,KAUS,KBNA
7638,KDFW,KLAX
7639,KTEB,FA37
7640,EDDF,OMDB
7641,UUWW,ULLI
7642,RPLL,WSSS
7643,VOBL,VOMM
7644,VHHH,RCTP
7645,KFLL,4FD3
7646,KBOI,KSEA
7647,SBRJ,SBGR
7648,LFPB,LEMG
7649,GMMN,LFPO
7650,KLAX,EDDP
7651,KADS,KSAT
7652,SBSP,SBBR
7653,KPHX,KLAX
7654,KATL,7PS7
7655,KBUF,KFLL
7656,KCLE,KFLL
7657,KSTL,KCLT
7658,FAOR,FACT
7659,KBNA,KLAS
7660,LOWW,EDLW
7661,ULLI,UUWW
7662,LFOB,LIBD
7663,KACY,KRSW
7664,RJBB,RKSI
7665,KHPN,KBED
7666,LFPO,LTFJ
7667,SBRJ,SBSP
7668,KORF,KIAD
7669,LPPR,LFML
7670,KSPI,KDFW
7671,ELLX,OTHH
7672,KDFW,KLAX
7673,EDDH,LSZH
7674,KAVP,KIAD
7675,KPWA,KAPA
7676,KSAT,KBNA
7677,KFLL,KDFW
7678,KATL,KISM
7679,SKBO,KFLL
7680,KCLE,KATL
7681,KMKE,KRSW
7682,KATL,KDEN
7683,KBNA,KDFW
7684,KCMH,KMIA
7685,VIDP,VECC
7686,CYUL,CYYC
7687,KAUS,KLAX
7688,KSTL,KATL
7689,KLGA,KMIA
7690,KK52,KSTL
7691,KTPA,KJFK
7692,VOBL,VECC
7693,KPHL,KMIA
7694,CYYZ,CYOW
7695,UKKK,LZIB
7696,KSLC,KOAK
7697,KATL,KSEA
7698,KIAH,KDEN
7699,KSTL,KBWI
7700,LFPO,LPPT
7701,KCMH,KSEA
7702,EGHH,EGJJ
7703,KDAL,KSTL
7704,KDCA,KMCO
7705,KCVG,KIAD
7706,KDEN,KDTW
7707,KORD,KFLL
7708,LTFJ,UUWW
7709,SBSP,SDCO
7710,SKBO,KMIA
7711,KBNA,KBWI
7712,LSZH,LTFJ
7713,EDDS,EVRA
7714,KPIT,KMSP
7715,KATL,KSDF
7716,SSJC,SBGR
7717,KTPA,KLGA
7718,EGLL,EGAC
7719,KPHL,KDEN
7720,KMKE,KCWA
7721,KPVD,KIAD
7722,KDTW,KLAS
7723,KRSW,KDEN
7724,9LL0,KSTL
7725,KSAF,KDFW
7726,LFPG,LPPR
7727,KRDU,KATL
7728,KMKE,KORD
7729,KATL,KMSP
7730,KHPN,KMMU
7731,KFLL,KBNA
7732,OMDW,UUWW
7733,KDEN,KLAX
7734,KATL,KRSW
7735,VAPO,VIDP
7736,KDFW,KMIA
7737,KHSV,KSDF
7738,KATL,KSFO
7739,VECC,VOBL
7740,EHAM,LHBP
7741,KSLC,KVNY
7742,KATL,KPHX
7743,KLAS,KDFW
7744,KCMH,KATL
7745,LFPG,EPWA
7746,KATL,KFLL
7747,LEMG,EGKK
7748,KORL,KLAS
7749,KRDU,KRSW
7750,CYYZ,CYXU
7751,KPIT,KIAD
7752,CYYC,KPHX
7753,EHAM,EHEH
7754,KTEB,CYHM
7755,KFLL,KEWR
7756,KROC,64NY
7757,EIDW,EGGW
7758,EGSS,EDDF
7759,KLGA,KDFW
7760,LIRF,EDDF
7761,EHAM,EPWA
7762,KTPA,KDTW
7763,KATL,NC16
7764,UAAA,UKBB
7765,EGCK,EGNR
7766,KJYO,KOKV
7767,KCLT,KMIA
7768,KRDU,KPHX
7769,KMKE,KBWI
7770,KMDW,KBWI
7771,KORL,KSEA
7772,KHOU,KDAL
7773,LPPT,LEMG
7774,KDAL,KATL
7775,KATL,KCMH
7776,PANC,RKSI
7777,LEAL,EGSS
7778,KCLT,KLGA
7779,LIPX,UUDD
7780,EDDF,EPKK
7781,KTPA,KSTL
7782,ESGG,LHBP
7783,EDDB,LTFJ
7784,KATL,KBWI
7785,KORL,KSTL
7786,CYUL,KEWR
7787,KBWI,DE15
7788,UUEE,EPWA
7789,KEWR,KIAD
7790,KMCI,KATL
7791,KRDU,KDEN
7792,KLAX,KSFO
7793,CYYZ,CYYC
7794,SBRJ,SBGR
7795,WMKK,NZAA
7796,KFIT,KGDM
7797,KSDF,KATL
7798,EGKK,EIDW
7799,KATL,KDCA
7800,KLGA,KATL
7801,EBLG,KJFK
7802,FAOR,FACT
7803,KBOI,KPDX
7804,YMML,WMKK
7805,EKCH,OMDB
7806,KATL,KMIA
7807,EDDF,OMDB
7808,ENGM,EKCH
7809,KMSP,KMIA
7810,KHEF,VA71
7811,PANC,KORD
7812,KPNS,KDFW
7813,EHAM,LFBO
7814,KBWI,KBOS
7815,VOMM,OTHH
7816,ENBR,ENZV
7817,KAUS,XS00
7818,LEBL,OMAA
7819,KALB,KATL
7820,RJTT,YSSY
7821,CYUL,CYVR
7822,KBNA,KMSP
7823,CYQQ,CYYC
7824,KPHL,KCLT
7825,KRDU,NC65
7826,VECC,VIDP
7827,KMDT,KIAD
7828,KATL,KMCI
7829,KMIA,KDAL
7830,KCMH,KRSW
7831,EGLL,LIPZ
7832,LSGG,LPPR
7833,EGSS,EIDW
7834,KBOS,KLAX
7835,KTYS,KATL
7836,PANC,KATL
7837,KLGA,KDCA
7838,KPHX,KSEA
7839,KIAD,KLAX
7840,KABQ,KDFW
7841,LIML,EGLL
7842,KBWI,07KY
7843,KTEB,KHOU
7844,KTZR,KEOP
7845,VOMM,VOBL
7846,KATL,KIAD
7847,EBMB,OMDB
7848,ESSA,OMDB
7849,LPPT,LIPE
7850,KMKE,KLAS
7851,EDDF,LTFJ
7852,KEWR,KSRQ
7853,EGSS,LTFJ
7854,KDXR,KHPN
7855,KIAD,KBED
7856,UUEE,ULLI
7857,KMDW,KFLL
7858,KBVI,KTSO
7859,KPHX,KSJC
7860,KDEN,KPHX
7861,KCXY,KLNS
7862,LFPG,ENGM
7863,KATL,KSLC
7864,KORF,KCLT
7865,KIND,KMSP
7866,KABQ,KRIR
7867,WMKK,RKSI
7868,KORL,KDFW
7869,KHOU,KMDW
7870,KLGA,KIAD
7871,KDCA,KMIA
7872,VOMM,VIDP
7873,EDDM,LEPA
7874,SPJC,SPST
7875,KEWR,KORD
7876,WSSS,VHHH
7877,UUWW,EVRA
7878,SBKP,SBRJ
7879,KRVS,K3F7
7880,KCLE,KEWR
7881,KATL,KBOS
7882,KSDF,KBWI
7883,KIND,KMIA
7884,KATL,KORD
7885,KBWI,KDTW
7886,KDUJ,7PS7
7887,KYKM,KSEA
7888,EDFC,EDFE
7889,CYYZ,KFLL
7890,KSEA,KDFW
7891,KPDK,KDAL
7892,UUEE,UWSS
7893,PN38,KAXQ
7894,PANC,KLAX
7895,KEWR,KFLL
7896,KONT,KDEN
7897,KDCA,KSRQ
7898,KTPA,KDEN
7899,KPHX,KSLC
7900,KSEA,KOAK
7901,ELLX,KHSV
7902,KAPF,KPWK
7903,LFPG,OMDB
7904,KEWR,KBOS
7905,KALB,KPHL
7906,ENGM,EPGD
7907,VMMC,RCTP
7908,LSGG,EHAM
7909,KDTW,KIAD
7910,KPDX,KSEA
7911,VABB,OMDB
7912,EIDW,EHAM
7913,EDDM,OMDB
7914,KIND,KBWI
7915,KAUS,KDFW
7916,KDCA,KDFW
7917,KATL,KSRQ
7918,LYBE,ULLI
7919,EGGW,LROP
7920,LROP,LIBD
7921,KMSP,KISM
7922,LFPG,KATL
7923,KCNO,KSDL
7924,KSAT,KDTW
7925,KSEA,KPHX
7926,KDAL,KBNA
7927,KPHL,KORD
7928,KATL,KDFW
7929,KHPN,KRSW
7930,EDDL,EDDM
7931,EFHK,EDDF
7932,KDFW,KPHX
7933,SBRJ,SBBR
7934,KPAE,61WA
7935,KEWR,KRSW
7936,KMIA,KORF
7937,LPPR,LPPD
7938,KBOI,KSFO
7939,KMDT,KORD
7940,EIDW,EGPG
7941,KLOU,KJVY
7942,KATL,KDTW
7943,EGCC,OMDB
7944,RKSI,VHHH
7945,KBNA,KCLT
7946,KSDF,KMIA
7947,KATL,02XS
7948,KLUK,KMDW
7949,KBFD,7PS7
7950,KMIA,KDCA
7951,KTEB,KFRG
7952,KCLT,KABE
7953,KMDT,6PA3
7954,VABB,VIDP
7955,KRDU,NC76
7956,LFPG,EHAM
7957,KATL,KLAS
7958,KSLC,KEWR
7959,KMKE,KORD
7960,UUEE,LOWW
7961,KPHL,KIAD
7962,KPGD,KSPI
7963,KSLC,KLAX
7964,SBBR,SBSP
7965,KATL,KTYS
7966,OMDW,UUWW
7967,VABB,VOBL
7968,KLAX,KATL
7969,KCLE,KMSP
7970,LFPG,LTFJ
7971,KDFW,KMSP
7972,KMIA,KATL
7973,SBVT,SBRJ
7974,ESSA,ENGM
7975,KPDX,KSEA
7976,KJFK,KRDU
7977,UKBB,LOWW
7978,KPNS,KMIA
7979,VECC,VOBL
7980,KROC,KATL
7981,UUEE,EDDF
7982,EGBB,OMDB
7983,LIME,EIDW
7984,KLAX,KBUR
7985,KSKA,KSEA
7986,RPLL,VHHH
7987,LFPG,LIRF
7988,EIDW,KJFK
7989,KBWI,KCLT
7990,KOMA,KDFW
7991,KDCA,KRSW
7992,KATL,KPHL
7993,UUWW,ULLI
7994,LIRF,EGLL
7995,KJFK,KATL
7996,KAUS,KSJC
7997,PN14,KBTP
7998,EDDB,LPPT
7999,KBWI,KBNA
8000,KPGV,KCLT
8001,EDFE,EDFC
8002,EGCC,OTHH
8003,KPDX,KOAK
8004,KPHL,KDFW
8005,EHAM,OTHH
8006,KPHL,KSWF
8007,LZTT,LZIB
8008,KORF,KDFW
8009,KATL,KLGA
8010,OMSJ,OPMT
8011,VOBL,VIDP
8012,LPFR,EHEH
8013,KOKC,KUTA
8014,KMIA,KPHL
8015,VABB,VIDP
8016,EDDB,UUEE
8017,CYUL,KORD
8018,KMKE,WS25
8019,KRDU,KIAD
8020,KPHL,KATL
8021,KORD,KSEA
8022,KHSV,KATL
8023,ENGM,ENVA
8024,KBWI,KDAL
8025,KBOS,KFLL
8026,KATL,KHSV
8027,KGRB,KAPF
8028,KIAH,KLAS
8029,KHEF,KLNS
8030,EDDM,LEBL
8031,LFPG,CYYZ
8032,EBMB,OMDB
8033,CYCD,CYYC
8034,KSLC,KBOI
8035,SBSP,SSJC
8036,KEWR,KATL
8037,EHAM,ESSA
8038,KDTW,KMSP
8039,KOPF,KFTY
8040,CYYZ,CYUL
8041,ELLX,LIMC
8042,KHOU,02XS
8043,VIDP,VOBL
8044,SBRJ,SBVT
8045,KPTK,KSRQ
8046,LFPG,LTBA
8047,LEBL,UKBB
8048,K4D0,KDTW
8049,KBWI,KATL
8050,KBNA,KMIA
8051,KSTL,KSLC
8052,KRSW,KDTW
8053,KSAT,4TS8
8054,KROC,KIAD
8055,KEWR,KSFO
8056,KCLT,KBWI
8057,WMKK,WBKK
8058,EKCH,LSZH
8059,KDTW,KDFW
8060,KORD,KSLC
8061,KOKV,KJYO
8062,KBOS,KATL
8063,KBLI,KSEA
8064,LFBD,LFPG
8065,KROC,NY55
8066,KLAS,KLAX
8067,KMSP,KSRQ
8068,EHAM,OMDB
8069,KCOS,KDFW
8070,KBOI,KOAK
8071,EGLL,OMDB
8072,KPHL,KSTL
8073,EDDK,EIDW
8074,KMIA,KJFK
8075,KRDU,KBOS
8076,KORD,KISM
8077,KHEF,VA71
8078,LPPR,EDDM
8079,KABQ,NM49
8080,CYYZ,KLGA
8081,EIDW,OMDB
8082,EBMB,EHAM
8083,KOPF,KVNY
8084,KFRG,KDXR
8085,KCDW,4NY1
8086,KBNA,KFLL
8087,ULLI,UUDD
8088,KBWI,KLAS
8089,KDFW,86TE
8090,LSZH,OMDB
8091,CYYC,CYVR
8092,CYYZ,KRSW
8093,EDDF,VOMM
8094,KPHX,KUTA
8095,KBOS,KBWI
8096,EHEH,EPWA
8097,EDDM,UKBB
8098,KDEN,KCOS
8099,KPHL,KDFW
8100,FA35,KTEB
8101,LPFR,EDDM
8102,VIDP,VABB
8103,FAOR,FACT
8104,KMIA,KIAD
8105,OMDB,ZGSZ
8106,KJVL,KPWK
8107,LIMF,EDDF
8108,KBWI,KMIA
8109,KEWR,KRSW
8110,KCLE,KLAS
8111,EIKY,EIDW
8112,SBSP,SBRJ
8113,LGAV,LSGG
8114,KDTW,KISM
8115,LIMC,UKBB
8116,EFHK,EETN
8117,KDAL,KFLL
8118,KOMA,KMSP
8119,KDTW,KSTL
8120,EBBR,EGLL
8121,EIDW,KBOS
8122,KBWI,KSTL
8123,LTBA,UKBB
8124,ESGG,EVRA
8125,LJLJ,EDDF
8126,SSJC,SBGR
8127,KOPF,KVNY
8128,KMIA,KORD
8129,EKCH,EGLL
8130,KORD,KSEA
8131,KTUL,KFXE
8132,CYYJ,CYYC
8133,KBOS,KORD
8134,EPKK,EHEH
8135,KSAT,4TS8
8136,EGLL,ESSA
8137,KMRB,KFDK
8138,KDCA,KCLT
8139,KDTW,KCMH
8140,RCTP,VHHH
8141,KHEF,VA71
8142,KATL,KDEN
8143,KDAB,KATL
8144,VOBL,VABB
8145,VAPO,VIDP
8146,EDWI,EDWG
8147,KEWR,KMCO
8148,KPHL,KMCO
8149,EDDP,EGNX
8150,VIDP,VOBL
8151,LFRS,LFPG
8152,KAUS,KSEA
8153,KPHL,KBNA
8154,KFLL,KDFW
8155,MROC,KATL
8156,LIML,LIRF
8157,KLAX,KSWF
8158,LFPG,KJFK
8159,LOWW,OMDB
8160,KBED,KMMU
8161,EGLL,LPPT
8162,KMIA,KPHX
8163,WMKK,VHHH
8164,ZGSZ,ZUCK
8165,LIMJ,LIRF
8166,LTBA,LFPG
8167,KHOU,KBNA
8168,KSAT,KUTA
8169,KDTW,67KY
8170,KRSW,KMSP
8171,KAND,SC32
8172,EHAM,RKSI
8173,LEPA,LEAL
8174,KMIA,KDFW
8175,CYYZ,KORD
8176,KCLT,KIAD
8177,KPHL,KLAX
8178,WSSS,VHHH
8179,KMCI,KATL
8180,KSDF,KISM
8181,CYKA,CYYC
8182,LFPO,LFBO
8183,KBOS,MA72
8184,EHRD,EDDH
8185,ULLI,UUWW
8186,VIDP,VABB
8187,KDTW,KSEA
8188,KLEB,KBOS
8189,KOAK,KSLC
8190,LPFR,EDDB
8191,KHPN,KBED
8192,KMCI,KBNA
8193,EHAM,CYYZ
8194,KCLE,KRSW
8195,EDDF,LTFJ
8196,KSLC,KSJC
8197,KMIA,KEWR
8198,KLAS,KUTA
8199,CYYZ,CYOW
8200,KLAX,KSFO
8201,KMSN,KMSP
8202,EDDM,EDDH
8203,KOMA,KISM
8204,EFHK,EGLL
8205,KPHL,KATL
8206,EGKK,CYYZ
8207,KLGA,KBOS
8208,KMKE,KCWA
8209,CYYZ,KCMH
8210,KGRB,KMSP
8211,EHAM,OMDB
8212,KONT,KSLC
8213,KRDU,KCLT
8214,KDEN,KISM
8215,KBWI,KPHX
8216,KPHX,KPDX
8217,KLAS,KATL
8218,VAJJ,VOBL
8219,SBGL,SBGR
8220,KORL,KMSP
8221,KSAT,TE62
8222,VIDP,VIAM
8223,OMSJ,VOMM
8224,KLGA,KBOS
8225,KLAX,KMSP
8226,KSEA,KPHX
8227,KMSP,KBOS
8228,KSFO,KSEA
8229,KDEN,KATL
8230,KGVQ,KBUF
8231,OERK,OEDR
8232,KMMU,4NJ8
8233,KEWR,KDEN
8234,KPHX,KDTW
8235,KDCA,KBOS
8236,KSEA,PANC
8237,KLAS,KDTW
8238,KSDF,KMSP
8239,KSMF,KSEA
8240,CYVR,CYYC
8241,CYHM,CYKF
8242,KAUS,KMIA
8243,VOMM,VABB
8244,KPDX,KSLC
8245,VOBL,VECC
8246,KMSP,KLGA
8247,KLAS,KSEA
8248,KDEN,KSEA
8249,EDDM,LIBD
8250,KBWI,KCMH
8251,KCVG,KFLL
8252,KRDU,KMCO
8253,KAPF,KHPN
8254,LFPU,LFPL
8255,KBOS,KRSW
8256,CYYZ,KMCO
8257,PANC,KSEA
8258,EBMB,EDDF
8259,KPHL,KLAS
8260,KIWA,KSJC
8261,KLAX,KPHX
8262,KDEN,KMDW
8263,KERI,KBKL
8264,KSMF,KLAX
8265,LFPG,CYUL
8266,KEWR,KBNA
8267,KORD,KMSP
8268,KLAS,KDFW
8269,ULMM,UUDD
8270,KSEA,KPDX
8271,KPHL,KBOS
8272,LIMF,LIRF
8273,ENGM,OTHH
8274,5WI4,KOSH
8275,KTPA,KSAT
8276,KLAX,KSLC
8277,WA49,KPDX
8278,KPDX,KMDW
8279,KBWI,KRSW
8280,KDEN,KLAS
8281,KCVG,CYHM
8282,EDRY,EDFE
8283,KPHX,KMDW
8284,KTPA,KATL
8285,KAUS,KUTA
8286,VIDP,VECC
8287,KJFK,KORD
8288,KLAS,KOAK
8289,VABB,OTHH
8290,KBNA,KSLC
8291,KTEB,KMIA
8292,KIAD,KRDU
8293,KONT,KUTA
8294,KSFO,KSLC
8295,RJTT,KLAX
8296,EHAM,LFPG
8297,KSDF,KDEN
8298,EGCC,LPFR
8299,KEWR,KLAX
8300,KATL,KTYS
8301,KBOS,KRSW
8302,KATW,KMSP
8303,KJVY,KLOU
8304,KBWI,KCLT
8305,KMSP,KDEN
8306,UUEE,LKPR
8307,KSDL,KLAS
8308,MROC,KLAX
8309,KLAX,KDTW
8310,KBNA,KDEN
8311,ULLI,UWWE
8312,KPDX,KPHX
8313,KLAS,KOAK
8314,KAPF,NC03
8315,CYYZ,EGLL
8316,OMDB,VABB
8317,KMDW,KABQ
8318,RKSI,RJBB
8319,KFFZ,KPAN
8320,KRSW,KATL
8321,LFPG,OMDB
8322,KONT,KSFO
8323,PANC,KLAX
8324,KATL,KOMA
8325,KMSP,KEWR
8326,EHAM,LIPE
8327,KTPA,KDAL
8328,VABB,VOMM
8329,KLAS,KSJC
8330,KBNA,KDEN
8331,OTHH,VABB
8332,KSEA,KLAX
8333,KGSO,KATL
8334,KECP,KATL
8335,KPHX,KLAX
8336,LIME,EBCI
8337,KRVS,K2K9
8338,KDTW,KLAS
8339,KMDW,KRSW
8340,UWKD,UUDD
8341,KJFK,KLAX
8342,KPDX,KATL
8343,KCMH,KCLT
8344,KLAS,KPHL
8345,KATL,1AR1
8346,KORL,MROC
8347,KORD,KATL
8348,KLAX,KDFW
8349,KMIA,KDFW
8350,KMSP,KSEA
8351,KFAT,KDFW
8352,KSBA,KDFW
8353,KLGA,KFLL
8354,KRDU,KBWI
8355,UAAA,UAII
8356,CYYZ,CYUL
8357,KDFW,KLGA
8358,RJTT,KSFO
8359,KPHX,KOAK
8360,EDDM,ESSA
8361,KATL,KSTL
8362,EFHK,LFPG
8363,KDEN,CD17
8364,KTPA,KDFW
8365,KOKC,KATL
8366,KEWR,KDTW
8367,KFLL,KDEN
8368,KOAK,KMDW
8369,VOBL,VECC
8370,KCLE,KFLL
8371,KPDX,KPHX
8372,LIMC,OMDB
8373,SBRJ,SBSP
8374,KABQ,KPHX
8375,KBNA,KECP
8376,LFPO,LFML
8377,KPHL,KSAN
8378,KMSP,KSFO
8379,OMDB,UKBB
8380,SKBO,KATL
8381,EGLL,CYYZ
8382,KMCI,KMSP
8383,VIDP,VABB
8384,KCLW,KSPG
8385,EGGP,EIDW
8386,CYVR,CYHM
8387,KCLT,KFLL
8388,CNV9,CYUL
8389,KLAS,KSLC
8390,KLAX,KSJC
8391,GMMN,EBBR
8392,LIPE,EDDF
8393,KATL,KJFK
8394,KCMH,KDEN
8395,KPHL,KDTW
8396,KCLT,KMIA
8397,KAPA,KFCM
8398,KSFO,KATL
8399,KJWY,KGKY
8400,KMSP,KPHL
8401,VHHH,ZUCK
8402,KDTW,KPHX
8403,NZAA,NZCH
8404,EGLL,LSZH
8405,KECP,KBNA
8406,EFHK,EGCC
8407,KSAT,02XS
8408,KOAK,KSAN
8409,ESSA,LTFJ
8410,KPHL,KDCA
8411,KLAX,KMDW
8412,KDTW,KBWI
8413,KMDW,KSAT
8414,27CL,KPHX
8415,KEWR,02XS
8416,KRDU,KMIA
8417,KSEA,KDTW
8418,KSTL,KPHX
8419,KFAT,KSEA
8420,RJBB,WSSS
8421,LIPQ,LIRF
8422,KSAT,KATL
8423,KBOI,KSAN
8424,KSBP,KLAX
8425,KTEB,KBUF
8426,EPWA,UMMS
8427,EFHK,EKCH
8428,KMIA,KSFO
8429,KBNA,KPMP
8430,EFHK,ENGM
8431,KSFO,KDFW
8432,EKCH,LSGG
8433,KFFZ,KMZJ
8434,KFRG,KIAD
8435,CYYZ,CYUL
8436,KEWR,KCLT
8437,KHND,MT54
8438,KLAX,KPDX
8439,KMDW,KLAS
8440,KCPS,K3K6
8441,KMIA,KDFW
8442,KDFW,KATL
8443,KORD,KDEN
8444,KBWI,KATL
8445,KAPA,KAPF
8446,KFLL,KTEB
8447,VOBL,VOMM
8448,KJFK,KPHX
8449,KLAS,KLAX
8450,KCLT,KORD
8451,KAUS,KATL
8452,KBNA,KATL
8453,KSMF,KSLC
8454,5MI8,KDTW
8455,KIAH,71MI
8456,EGLL,LSGG
8457,LSGG,LGAV
8458,EKCH,EDDF
8459,KATL,KEWR
8460,KSYR,KATL
8461,KSEA,KMSP
8462,PN14,KBTP
8463,LIRF,OMDB
8464,ENGM,ENZV
8465,LFAI,LFPL
8466,KYKM,KPAE
8467,KHIO,KSJC
8468,KMKE,KATL
8469,UUEE,LFPG
8470,KSFO,KPHX
8471,KEWR,KSLC
8472,KGRB,KMKE
8473,EFHK,EFOU
8474,KMSP,KPHX
8475,KBNA,KLAS
8476,KPHL,KSYR
8477,VIDP,VOBL
8478,KMDW,KMCI
8479,KROC,NK89
8480,KCLT,9NC6
8481,LHBP,EDDF
8482,KLAS,KLAX
8483,KEWR,KCLT
8484,KLGA,KMDW
8485,EIDW,EGSS
8486,KSEA,KSAN
8487,KDEN,KDAL
8488,KFAT,KLAX
8489,VOBL,VIDP
8490,KFLL,KLAS
8491,KBOS,KLAX
8492,EDDF,OTHH
8493,KATL,9NC6
8494,KHOU,KLAS
8495,KBOI,KLAX
8496,KPUB,KDEN
8497,KPSP,KSLC
8498,EGLL,EGPH
8499,KFLL,KATL
8500,LEPA,LEMH
8501,KBOS,BIKF
8502,KEWR,KSLC
8503,LIME,LIBD
8504,KHPN,KN69
8505,KLGB,KOAK
8506,KPHL,KMIA
8507,KDCA,KLAX
8508,KPDX,KMSP
8509,KPIT,KPSB
8510,KDFW,KSEA
8511,KEWR,KMIA
8512,EDDK,LFPG
8513,KJFK,KFLL
8514,KBUR,KCRQ
8515,SBVT,SBGR
8516,KPHL,KCLE
8517,LFPO,GMMN
8518,KDTW,KRSW
8519,KMSP,KDFW
8520,KMDW,02XS
8521,KFRG,49NY
8522,KATL,KORF
8523,LSZH,EDDF
8524,VABB,VIDP
8525,VECC,VABB
8526,KFFZ,KE95
8527,CYXE,CYYC
8528,EHAM,OTHH
8529,KLAX,KMIA
8530,KTTN,KMJX
8531,KDTW,KORD
8532,KMKE,KCWA
8533,EGLL,EICK
8534,KPJC,98PA
8535,KMDW,KLAX
8536,KFLL,KSAN
8537,KPHL,KRDU
8538,KSEA,KSFO
8539,KMSP,KORD
8540,KBNA,KPHX
8541,KARB,8MI9
8542,KDTW,KMCI
8543,EGLL,OTHH
8544,GMMN,LIPE
8545,LEPA,ESSA
8546,RJAA,RKSI
8547,KPHL,KBUF
8548,VHHH,RCTP
8549,KLAX,KUTA
8550,LIPX,LIRF
8551,VOBL,VECC
8552,KMSP,KLAX
8553,KSJC,KSLC
8554,KOMA,KLAS
8555,LFPG,OTHH
8556,KORL,KLAX
8557,KSAN,KSEA
8558,KMDW,KSTL
8559,KSNA,KSBA
8560,SBBR,SBGR
8561,KFMY,KMKY
8562,KOAK,KPHX
8563,KPHX,KDAL
8564,KSEA,KPHX
8565,KCMH,KPHX
8566,MROC,KDFW
8567,KHOU,KABQ
8568,LIPE,LIRF
8569,LIPZ,LIRF
8570,KCLT,KATL
8571,LFML,LFPG
8572,CYYZ,KPHX
8573,VHHH,RCTP
8574,RJBB,VHHH
8575,KSAN,KMSP
8576,KDTW,KFLL
8577,KMCI,KPHX
8578,KONT,KDEN
8579,KATL,KPNS
8580,LKPR,LKMT
8581,CYYC,CYYZ
8582,KMKE,KMSP
8583,KSJC,KSEA
8584,LSZB,LSGR
8585,LGAV,LIMC
8586,KDCA,KFLL
8587,KLOU,KJVY
8588,KPHL,KROC
8589,KCLT,KOAJ
8590,KSAN,KDFW
8591,KDTW,KBNA
8592,KSTL,KFLL
8593,KPDX,KLAX
8594,K76F,1TA7
8595,KMSP,KBNA
8596,KTPA,KATL
8597,KMDW,KATL
8598,4NJ8,KMMU
8599,KSJC,KLAX
8600,KONT,KUTA
8601,VOMM,VOBL
8602,KPHX,KUTA
8603,VIDP,VABB
8604,SKBO,KEWR
8605,KLGA,KRDU
8606,RKSI,RJBB
8607,KMKE,KPHX
8608,OMDB,VHHH
8609,VIDN,VIDP
8610,LEPA,LEIB
8611,KSKA,KSEA
8612,KBNA,KMCI
8613,KHOU,KPHX
8614,LFPG,GMMN
8615,ENVA,ENGM
8616,KMIA,KDFW
8617,KSRQ,KDFW
8618,EDDM,LEPA
8619,KDTW,KDFW
8620,KTEB,KMIA
8621,KCNO,KAJO
8622,KSAN,KLAX
8623,KBOS,KRDU
8624,KIAH,KOKC
8625,EFHK,ESSA
8626,KONT,KMDW
8627,KHOU,KBWI
8628,LEMG,ESSA
8629,LHBP,EIDW
8630,KDTW,KATL
8631,UUDD,EDDF
8632,KBNA,KDAL
8633,KOPF,KTEB
8634,SBGL,SBGR
8635,KMSP,KDFW
8636,KCLT,MROC
8637,KSEA,KSJC
8638,KORL,KDFW
8639,KLGA,7PS7
8640,EHAM,OMDB
8641,KTUL,KDFW
8642,KLAX,KDAL
8643,SBBR,SBGR
8644,K47A,KPDK
8645,KATL,02XS
8646,KHOU,KATL
8647,EDDF,ESGG
8648,KCLT,KSAT
8649,KPHL,7PS7
8650,KDTW,KMSP
8651,KGOK,0OK5
8652,KSTL,KBNA
8653,KMDW,KSAN
8654,KGYY,KPWK
8655,KSRQ,KRDU
8656,KOAK,KLAS
8657,KJFK,KDTW
8658,KLAX,KATL
8659,RCTP,OMDB
8660,KORD,KFNT
8661,KABQ,KPHX
8662,KSAT,KDFW
8663,KONT,KDFW
8664,KHOU,KDAL
8665,KATL,KRSW
8666,KMSP,KMIA
8667,PANC,KORD
8668,KATL,KPHX
8669,KSFO,KPHX
8670,EGLL,KMIA
8671,KSDL,KHND
8672,KCMH,KRSW
8673,KAPF,NC03
8674,KPHX,KUTA
8675,KDFW,KGOP
8676,KSTL,KLAS
8677,KMKE,KISM
8678,LIMC,EGGW
8679,KSEA,KSNA
8680,KTYS,KDFW
8681,EFHK,LSZH
8682,UUMO,ULLI
8683,27CL,KLAS
8684,KVPS,KATL
8685,KATL,K9A4
8686,LEBL,LFPG
8687,VABB,VECC
8688,KDTW,KLGA
8689,KOMA,KSLC
8690,ULLI,UUDD
8691,LPPT,EDDM
8692,KCGS,KCGE
8693,EGLL,CYVR
8694,VIDP,VABB
8695,KLAX,KSEA
8696,LSZB,LSPG
8697,KJFK,KBOS
8698,EBMB,LEMG
8699,KATL,KOKC
8700,EIDW,EDDB
8701,VABB,VIDP
8702,KDTW,02XS
8703,KFAT,KSLC
8704,KDFW,KM99
8705,KPDX,KSEA
8706,KORL,KBOS
8707,KCLT,KSYR
8708,KLAX,KUTA
8709,EDDL,EDDM
8710,KDAL,KTUL
8711,KEWR,KDFW
8712,KCLT,KLAS
8713,KATL,KDEN
8714,EKCH,ESSA
8715,LEPA,LEAL
8716,LEBL,OTHH
8717,KDTW,WS25
8718,EIDW,LFPG
8719,KAUS,KDFW
8720,KJFK,KATL
8721,RCTP,VHHH
8722,KTEB,CYYZ
8723,UUWW,OMDW
8724,KDFW,KSAT
8725,KPHL,KFLL
8726,KTUS,KPHX
8727,KCDW,KFWQ
8728,EPKT,EDDK
8729,KORD,KATL
8730,KDAL,KATL
8731,KRDU,KFLL
8732,KATL,KDFW
8733,VIDP,VOBL
8734,KTTN,KPHL
8735,KORD,KCMH
8736,KBOI,KDFW
8737,KCLT,KBWI
8738,ESSA,OTHH
8739,KDFW,KRIR
8740,KPHX,KMSP
8741,KMSP,KPHX
8742,EGLL,LSGG
8743,LPPR,LFPO
8744,ULLI,ULMM
8745,KORD,KLAX
8746,VIDP,VOBL
8747,ZGSZ,ZUCK
8748,KSJC,KPHX
8749,KMDW,KDTW
8750,LEBL,LEIB
8751,EHAM,ENBR
8752,KORD,KLGA
8753,KCLW,KSPG
8754,KSDF,KDFW
8755,KHPN,KDXR
8756,KOMA,KSEA
8757,KMSP,KDTW
8758,KDVT,KAVQ
8759,KPIT,KDUJ
8760,LGAV,EHEH
8761,KGRR,5MI1
8762,KSFO,KMSP
8763,KSTL,KATL
8764,KFLL,KJFK
8765,KTKI,KSLR
8766,KATL,KMIA
8767,EGLF,EGKB
8768,KDEN,KLAS
8769,VABB,VOMM
8770,KMVY,KJFK
8771,EGLL,KORD
8772,KMSP,KFLL
8773,KATL,KMSP
8774,KMDW,KPHX
8775,KCLT,KPHL
8776,KORD,KOMA
8777,KFDK,4MD8
8778,KVNY,KCMA
8779,KRDU,KTDF
8780,FALA,FACT
8781,VIDP,OTHH
8782,KDTW,KMSN
8783,VABB,VOBL
8784,KLAX,KMIA
8785,27CL,KPHX
8786,KDFW,KBOI
8787,KATL,KDTW
8788,SBGR,SBBR
8789,EKCH,OTHH
8790,LFPG,LIMC
8791,VHHH,RKSI
8792,KATL,KFLL
8793,ULLI,UUDD
8794,EDDM,EDDL
8795,KATL,KBNA
8796,KSBA,KSJC
8797,KTTN,KOPF
8798,KDFW,KABQ
8799,KFFZ,KAVQ
8800,CYXE,CYYZ
8801,KORD,KDFW
8802,KORD,KDTW
8803,KPHX,KATL
8804,4NY1,KCDW
8805,KATL,KMDT
8806,KBOI,KPHX
8807,KPHL,KORF
8808,CYKZ,CNA3
8809,EDDM,EIDW
8810,KPSP,KDFW
8811,KPHL,KMDT
8812,EBMB,LPPT
8813,EGLL,EKCH
8814,VOBL,VIDP
8815,KOWD,MA97
8816,EGGW,EDDM
8817,KATL,KPDX
8818,KHOU,KATL
8819,KIAH,KDFW
8820,KORD,7PS7
8821,KFXE,KOPF
8822,KCLT,KW91
8823,EPWA,UKBB
8824,KATL,KDEN
8825,SBSP,SBGL
8826,19NC,KIGX
8827,OMDW,UUWW
8828,KAFW,0TS2
8829,KLAX,KJFK
8830,KDAL,KSJC
8831,KORD,KBOI
8832,KDFW,KATL
8833,KI74,KI12
8834,EGNX,LIME
8835,KSAT,KLAS
8836,KMIA,KRDU
8837,VIDP,WSSS
8838,MROC,SKBO
8839,KORL,KPHL
8840,KDFW,KCOS
8841,LEMG,EKCH
8842,KI69,45OH
8843,LPPT,EGLL
8844,K2W6,KCGE
8845,KBNA,KPMP
8846,KABE,KPGD
8847,LSGG,EGGW
8848,KBWI,KORF
8849,KORD,KRSW
8850,KATL,KLAX
8851,KORD,K8C4
8852,KDAL,KLAS
8853,KABQ,KDAL
8854,KBOI,KLAX
8855,KPDX,KORD
8856,EGLL,KATL
8857,KDFW,KORD
8858,KCLT,KVPS
8859,UUEE,ULLI
8860,EHAM,LSZH
8861,KHOU,KMIA
8862,KDFW,KSLC
8863,KBVI,32PN
8864,VIDP,OMDB
8865,VGTJ,VECC
8866,LFPG,EDDM
8867,EDDM,LPPT
8868,KHOU,KDFW
8869,KORD,KPHL
8870,KORD,KLAS
8871,KAPF,KSUS
8872,KATL,KTUS
8873,EPWA,LDZA
8874,KOPF,KMIA
8875,KCLT,KDFW
8876,NC61,KCPK
8877,KBNA,KVNY
8878,LFLB,EGKB
8879,KATL,KPHX
8880,KSDL,19AZ
8881,KDEN,KLAX
8882,KDAL,KSAN
8883,LFPG,LIPZ
8884,KMSP,KSRQ
8885,LFPN,LFOZ
8886,KBWI,KDTW
8887,KCLT,KRDU
8888,KI69,KI54
8889,KMDW,KPHL
8890,KHEF,VA71
8891,CYYZ,KFLL
8892,EHAM,EGLL
8893,KMSP,KRSW
8894,KOPF,KMIA
8895,KFFZ,KCGZ
8896,6NY1,KDTW
8897,KBOI,KSEA
8898,KBNA,KDFW
8899,SPJC,KATL
8900,KATL,KMDW
8901,LIML,LICZ
8902,CYYZ,KRSW
8903,PANC,6AK3
8904,KOKC,KDFW
8905,KMSP,KGRB
8906,EBMB,LPPT
8907,KSNA,KDFW
8908,VOMM,VIDP
8909,KFFZ,KAVQ
8910,KPHL,KMCI
8911,KDAL,02XS
8912,KDFW,XA09
8913,LOWW,EDDK
8914,KORD,KSYR
8915,EDDF,CYYZ
8916,KECP,KTYS
8917,LMML,ELLX
8918,EIDW,EGSS
8919,KLAX,KSFO
8920,KMDW,KDCA
8921,KBNA,KSTL
8922,KORD,KSTL
8923,KSAN,KSEA
8924,ENZV,ENBR
8925,EDDM,OTHH
8926,KEWR,KRDU
8927,KSNA,KATL
8928,KLAS,KDTW
8929,KEMT,KCPM
8930,KDAL,KISM
8931,LFPO,LFBO
8932,KSJC,KLAX
8933,RKSI,ZGSZ
8934,KARB,36MI
8935,KORD,KTOL
8936,CYVR,KPHX
8937,KSFO,KPDX
8938,KMSP,KATW
8939,KYKM,KPAE
8940,EKCH,LFPG
8941,KSAN,KBOI
8942,KDFW,3KY4
8943,KLBE,PN66
8944,LIRF,EDDM
8945,KIAH,KDEN
8946,KMSP,KLAS
8947,EHAM,EGPH
8948,KBED,KLWM
8949,KPSP,KSEA
8950,KSNA,KORD
8951,KLAS,KUTA
8952,KDTW,KPHL
8953,KORD,KATW
8954,KBOS,KFLL
8955,EFHK,VHHH
8956,KTPA,KATL
8957,KFLL,KJFK
8958,KDFW,02XS
8959,KMSP,KCMH
8960,EGPF,EGLL
8961,KBVY,6MA2
8962,TJSJ,KJFK
8963,KFAT,KPHX
8964,SBGR,SBRJ
8965,KDFW,KOKC
8966,KSEA,KPDX
8967,KORD,KSRQ
8968,KPDX,KRIR
8969,CYOW,CYYZ
8970,LSZH,OTHH
8971,KSAN,KORD
8972,VECC,VIDP
8973,KORD,KPSP
8974,KADS,KGVT
8975,KSBP,KPHX
8976,KDTW,KBOS
8977,KMSP,KATL
8978,KSAT,KSLC
8979,EKCH,LPPT
8980,KPHL,KRSW
8981,KBUR,KSEA
8982,KIAD,KMIA
8983,SBSP,SBRJ
8984,KMIA,KLGA
8985,KJFK,02XS
8986,KCLT,KPHX
8987,EDDM,LSZH
8988,KOPF,KTEB
8989,KSFO,KLAX
8990,KDTW,KMIA
8991,KCLT,KBOS
8992,KSEA,KATL
8993,KOSU,KAPF
8994,KLAX,KORD
8995,VECC,VIDP
8996,KLAX,KSEA
8997,KMDW,KOMA
8998,UUDD,ULMM
8999,SBBR,SBRJ
9000,EGLF,LFPB
9001,KPHX,KSEA
9002,KADS,TA06
9003,KDVT,KE25
9004,KSAN,KATL
9005,CYYZ,KJFK
9006,KATL,KDEN
9007,LFBO,LFPO
9008,VOBL,VABB
9009,PANC,KSEA
9010,KAPA,KLNK
9011,EHAM,LKPR
9012,KORL,02XS
9013,KOAK,KBUR
9014,KMCI,KISM
9015,LSZH,EPWA
9016,KORD,KMSN
9017,KEWR,KORF
9018,KSAT,KDEN
9019,KDAL,AL40
9020,KFRG,KDXR
9021,EKCH,EKYT
9022,KATL,KEWR
9023,KSAN,KLAS
9024,KORD,KBNA
9025,KLAS,KDFW
9026,KDFW,KPHX
9027,KFDK,KLNS
9028,EHAM,LPFR
9029,ZGSZ,ZUCK
9030,KSEA,KLAS
9031,LIMC,OTHH
9032,LTFJ,OTHH
9033,EGLL,ESGG
9034,KORD,KSLC
9035,KDEN,KSEA
9036,LFPG,KORD
9037,CYYZ,CYYC
9038,KECP,KDFW
9039,EHAM,EDDF
9040,KSFO,KLAX
9041,SBRJ,SSJC
9042,KDFW,KDEN
9043,KATL,KIAD
9044,KBOI,KPHX
9045,KORD,KMSP
9046,KBOS,KDFW
9047,KCLT,KSGF
9048,LEAL,EGKK
9049,LSZH,LLBG
9050,VIDP,VABB
9051,KSJC,KLAS
9052,VOBL,VIDP
9053,KDTW,CYYZ
9054,KBWI,02XS
9055,KDAL,KPHX
9056,KCLT,KRSW
9057,EPWA,EPGD
9058,ETAR,KADW
9059,KOAK,KSAN
9060,KLAX,CYVR
9061,KEWR,KAGC
9062,KDTW,KBUF
9063,KCLT,KSDF
9064,KORD,KDTW
9065,KMSP,KFLL
9066,KSNA,KPHX
9067,KFLL,KLAX
9068,KSTL,KDEN
9069,KLAX,KDFW
9070,KATL,KLAS
9071,KISP,03NY
9072,LGAV,LSZH
9073,KCLT,KSRQ
9074,KORD,KPSP
9075,KJYO,61VA
9076,KOKM,KRVS
9077,KIWA,KCRQ
9078,LIRF,OTHH
9079,KDFW,KSAF
9080,EDDM,EDDV
9081,KROC,KBUF
9082,ESPA,ESSA
9083,KSNA,KLAS
9084,CYYZ,CYVR
9085,SBSP,SSJC
9086,KOAK,KSLC
9087,VIDP,OTHH
9088,KDTW,KEWR
9089,EDDS,LIMC
9090,KLAX,KPHX
9091,KBOS,KSRQ
9092,LLBG,EGLL
9093,VOBL,VECC
9094,CYYC,KMSP
9095,KTPA,KCMH
9096,UUEE,UWWW
9097,FAOR,FACT
9098,KFAT,KSAN
9099,KSLC,KLAX
9100,KEWR,KMCO
9101,KDFW,KPSP
9102,KSTL,KDEN
9103,KSAN,KPDX
9104,EDDF,LFPG
9105,EFHK,KJFK
9106,LIRF,LIMC
9107,OMDB,OBBI
9108,KORD,KMCI
9109,EGCC,OTHH
9110,ULLI,UUWW
9111,3OR8,KSEA
9112,EDDL,LPPT
9113,KDAL,KOAK
9114,KFME,KHGR
9115,KOMA,KDFW
9116,EPWA,UMMS
9117,LFPG,KDTW
9118,SBRJ,SBSP
9119,KSJC,KRIR
9120,EDDF,EGLL
9121,KPHX,KORD
9122,KLAX,KJFK
9123,KDFW,KOMA
9124,KBOI,KSJC
9125,KSFO,KJFK
9126,LSZH,EGLL
9127,CYYC,CYVR
9128,KVPS,KDFW
9129,KPUB,K7V9
9130,KCLT,KPNS
9131,KPSP,KORD
9132,KPVG,3VA8
9133,KORD,KHHR
9134,KRSW,KSTL
9135,KMDW,KOPF
9136,KAUS,KMDW
9137,LEMG,EKBI
9138,KPHX,KDFW
9139,KPIT,KLNS
9140,KDFW,KTUS
9141,KLAS,KLAX
9142,LIRF,LICJ
9143,KORD,KEWR
9144,KCLT,KLGA
9145,KPWA,KSDL
9146,LSZM,LPPR
9147,KLUK,KAPF
9148,KADS,KECP
9149,KIWA,KRYN
9150,KORD,KDCA
9151,LFPG,LFBO
9152,KDFW,KMSP
9153,KCLT,NC71
9154,KBOS,KLEB
9155,KPHX,KLAX
9156,KMSP,KDEN
9157,KMZJ,KFFZ
9158,OMDB,UKBB
9159,KMZJ,KAVQ
9160,LIRF,LOWW
9161,KPSP,KLAX
9162,KCLT,OA14
9163,KSFO,KSAN
9164,KATL,SC32
9165,KLAS,KLAX
9166,KSNA,KOAK
9167,UUWW,ULMM
9168,KDFW,KMIA
9169,KCLT,KORF
9170,KSEA,KSAN
9171,KHPN,KVNY
9172,KORD,KPHX
9173,KPNS,KDFW
9174,EGPF,EIDW
9175,KSFO,KORD
9176,KTEB,KFLL
9177,KFLL,KHPN
9178,KDTW,KDAY
9179,KFMY,KVNC
9180,VOBL,VABB
9181,KSJC,KSNA
9182,KSTS,KOAK
9183,EGCC,EGLL
9184,KSNA,KSEA
9185,KU77,KU14
9186,KATL,KPIM
9187,KLAX,KSJC
9188,KLAS,KMSP
9189,CYYZ,CYVR
9190,KATL,KSTL
9191,KDEN,KSFO
9192,ENZV,ENGM
9193,EHAM,KJFK
9194,EPWA,LHBP
9195,KSEA,KOAK
9196,VABB,VIDP
9197,OERK,OMDB
9198,EGGW,LHBP
9199,KATL,KBWI
9200,KLAX,KJFK
9201,LSGG,LPPR
9202,OMDB,VOBL
9203,KORD,KATW
9204,KFLL,KMDW
9205,LIRF,LPPT
9206,KOPF,KTEB
9207,CYYZ,CYOW
9208,KTKI,4TX3
9209,KMDW,KMIA
9210,EPWA,EPGD
9211,KCLT,KFLL
9212,KPDX,KSEA
9213,FAOR,FACT
9214,UUEE,ULMM
9215,KABE,IS40
9216,KDTW,KLAX
9217,KLAX,KBNA
9218,KEMT,KBUR
9219,KSDL,KLAS
9220,EFHK,LFPG
9221,KDFW,KEWR
9222,KLAS,KPDX
9223,KAUS,KEDC
9224,KBUF,KGVQ
9225,KFLL,KATL
9226,KDTW,KSDF
9227,VOBL,VOMM
9228,KORD,KBOS
9229,LEMG,LSGG
9230,EGLL,EGCC
9231,ENBR,ENGM
9232,KONT,KPHL
9233,KATL,KLGA
9234,KSEA,KBOI
9235,EHAM,KORD
9236,KMIA,KATL
9237,KFLL,KBUF
9238,EPWA,EPKK
9239,KDTW,KDCA
9240,LROP,EDDF
9241,EGAC,EGLL
9242,LSZH,EKCH
9243,KPDK,KLUK
9244,KATL,KLAS
9245,KORD,KBNA
9246,OTHH,VOBL
9247,KATL,KFLL
9248,VHHH,RKSI
9249,KDFW,KFAT
9250,EKCH,ENGM
9251,KBUR,KPHX
9252,KLAS,KSEA
9253,KN94,KCXY
9254,KSWF,KHPN
9255,KORD,KPDX
9256,KSNA,KPHX
9257,KJNX,KRDU
9258,KSAT,KSLC
9259,EDDM,KEWR
9260,KSTL,44IS
9261,KATL,KTUL
9262,KORD,KRSW
9263,KLNS,14PS
9264,KMCI,KEWR
9265,KCLT,KBNA
9266,KDEN,KEWR
9267,UUEE,LHBP
9268,KATL,KSRQ
9269,EIDW,LEMG
9270,KCOS,KDFW
9271,OTHH,LTFJ
9272,KPDX,KSJC
9273,KFLL,KBOS
9274,KLGA,KBNA
9275,EHAM,EIDW
9276,EDFC,EDFE
9277,UUDD,ULLI
9278,KATL,KSLC
9279,KBOI,KSEA
9280,KDTW,KRDU
9281,KSAT,KMDW
9282,KDFW,KLAX
9283,CYVR,KSEA
9284,KCLT,KHSV
9285,KSAN,KPHX
9286,EGLL,LSZM
9287,KMIA,KLAX
9288,KLGA,KCMH
9289,VOMM,VIDP
9290,KORD,KORF
9291,KMIT,KPHX
9292,KATL,KBUF
9293,ZGSZ,WMKK
9294,KORD,KOKC
9295,KHSV,KDFW
9296,OERK,OMDB
9297,EDDS,LTFJ
9298,CYYZ,KRSW
9299,KDTW,KATL
9300,EHAM,EGPG
9301,KATL,KIAD
9302,KAXQ,PN13
9303,2XA5,85TE
9304,SC86,SC32
9305,K52F,69XA
9306,KIAD,KHPN
9307,EGBB,EDDF
9308,LOWW,EDDF
9309,KLGA,KRSW
9310,LTAC,EDDL
9311,EDDL,LTFJ
9312,KORD,KSGF
9313,KDEN,KPDX
9314,LIRF,LOWW
9315,KPWA,KADS
9316,KSWF,KPHL
9317,KORD,KOMA
9318,KATL,KMSN
9319,KDFW,KSLC
9320,LGAV,EHAM
9321,KATL,KVPS
9322,KLAX,KPHX
9323,LIME,LEMG
9324,EKCH,EGNX
9325,KDFW,KMCI
9326,KORD,KSFO
9327,KDTW,KORF
9328,KORD,KPHL
9329,KBVY,MA36
9330,EDLW,LOWW
9331,EGLL,EIDW
9332,UUWW,OMDW
9333,KBVY,MA36
9334,KDEN,KBOI
9335,KATL,KPHL
9336,KATL,KRDU
9337,LEMG,LZIB
9338,KMIA,KORD
9339,KPHL,KPHX
9340,KORD,KTUL
9341,KEWR,KCMH
9342,KLGB,KSLC
9343,LFPG,LFBD
9344,KSKA,KSEA
9345,KDTW,KABE
9346,KMDW,KBNA
9347,KSAN,KDTW
9348,KATL,KDAL
9349,K1T7,86TX
9350,CYYC,CYVR
9351,KDFW,KLAS
9352,KDEN,KBUR
9353,VABB,VIDP
9354,KSEA,02XS
9355,KPHL,KTEB
9356,KATL,KCMH
9357,KORD,KSEA
9358,KORD,KLGA
9359,KLNS,KPNE
9360,KLAX,KLAS
9361,KDFW,KDEN
9362,LFPG,LSGG
9363,KABQ,KPHX
9364,KLAS,KPDX
9365,LOWW,LLBG
9366,KPHX,KSBP
9367,OBBI,OMDB
9368,KCDW,4NY1
9369,KPDX,KSNA
9370,KDEN,KSNA
9371,KDTW,KLAS
9372,KSDL,KLAS
9373,VECC,VIDP
9374,KFRG,FA37
9375,KTPA,KOPF
9376,EIDW,LPFR
9377,KFLL,KEWR
9378,KSAN,KDFW
9379,KATL,KSAN
9380,KATL,KECP
9381,KMKC,KECP
9382,LSZH,OMDB
9383,KGKY,XS06
9384,KOKC,KDEN
9385,KABQ,KMDW
9386,VABB,VOMM
9387,KLAS,KORD
9388,KORD,KABQ
9389,KFLL,KLAX
9390,OMDB,UUWW
9391,KORD,67KY
9392,KCMH,KDTW
9393,KSAN,KOAK
9394,KSEA,KLAX
9395,KFRG,KHWV
9396,KORD,KMSN
9397,KORD,KCMH
9398,KRSW,KMDW
9399,KDTW,KTYS
9400,EGLL,OTHH
9401,KSLC,KSJC
9402,KLGB,KPHX
9403,KLAS,KUTA
9404,KPDK,KTEB
9405,KORD,KLAS
9406,KATL,KISM
9407,KMJX,KTTN
9408,UMMS,UKBB
9409,KBUR,KPHX
9410,KDEN,KTUS
9411,KJVY,KLOU
9412,KSEA,KDFW
9413,KEWR,KBUF
9414,KORD,KATL
9415,KTUS,KPHX
9416,EHAM,EGCC
9417,KFXE,KPDK
9418,KSNA,KSLC
9419,KORD,KPHX
9420,LIRF,EVRA
9421,KDVT,KAVQ
9422,LPPT,EHAM
9423,KBWI,KFLL
9424,ZGSZ,ZUCK
9425,LSZH,EDDM
9426,KATL,KLGA
9427,KORD,KMSP
9428,KPHX,KLAX
9429,EPWA,EDDF
9430,KDTW,KCLT
9431,KDEN,02XS
9432,ULLI,UUEE
9433,KDFW,KATL
9434,VECC,VGTJ
9435,RKSI,VHHH
9436,EHAM,CYYZ
9437,EDDF,EHAM
9438,KAFW,0TS2
9439,KLAS,KATL
9440,LIML,EGLF
9441,KEMT,KCMA
9442,KABE,KCLT
9443,KORL,KPHX
9444,KSEA,KSTL
9445,KLAX,KDTW
9446,KADS,KTRL
9447,4NJ8,KSMQ
9448,KSLC,KSAN
9449,KMIA,KEWR
9450,KDEN,KSFO
9451,SBCO,SBGR
9452,KCMH,KLAX
9453,UUEE,OMDB
9454,SBBR,SBGR
9455,SBGR,SSJC
9456,KCOS,KDEN
9457,EDDP,LIMC
9458,KSTL,MU65
9459,KDTW,KMCO
9460,KSDL,19AZ
9461,KONT,KPHX
9462,KAUS,KDEN
9463,KDAL,KMDW
9464,KRSW,KCMH
9465,KCLT,KATL
9466,KSFO,KDTW
9467,KDEN,KPHX
9468,LFPG,KJFK
9469,VIDP,VABB
9470,KLGA,KDFW
9471,KLAX,KLAS
9472,KTUL,KUTA
9473,KABQ,KLAS
9474,KLGB,KPHX
9475,KDTW,KRSW
9476,KSTL,KRSW
9477,KORL,KMDW
9478,LPPT,LPPD
9479,KIAD,KMIA
9480,KORD,KSTL
9481,KLAX,KSEA
9482,KSEA,KGEG
9483,KEWR,KMSP
9484,KORL,KPHL
9485,VAJJ,VOBL
9486,KIAD,KDTW
9487,KSKA,KSEA
9488,KSAN,KSFO
9489,KATL,KBOS
9490,KDEN,KSLC
9491,27CL,KORD
9492,KSEA,KPHX
9493,CYYZ,KSRQ
9494,KABQ,KDFW
9495,LSZH,LSGG
9496,KEWR,KFLL
9497,KIND,KDTW
9498,WMKK,RKSI
9499,KJYO,KLNS
9500,KIAD,KROC
9501,KORD,KRDU
9502,VIDP,VOBL
9503,KSDL,19AZ
9504,FALA,FACT
9505,LFPG,LPPT
9506,KDTW,KPHX
9507,RPLL,RKSI
9508,KHSV,KATL
9509,KATW,KMSN
9510,KIAD,KDAY
9511,EVRA,EDDL
9512,SBGR,SBBR
9513,KBUR,KSLC
9514,FAOR,FACT
9515,KDVT,KAVQ
9516,KFXE,KOPF
9517,KLGA,KORD
9518,KORD,KIAD
9519,LFPO,LTFJ
9520,KORL,KORD
9521,2PN7,0PN0
9522,KAPF,KCGF
9523,KIAH,KORD
9524,KDEN,KBOS
9525,KEWR,KDEN
9526,KOMA,KSDL
9527,UUEE,ULLI
9528,VOMM,VOBL
9529,KIAD,KRSW
9530,KPHX,AZ00
9531,KDFW,KSBP
9532,SBRJ,SBVT
9533,KDEN,KSJC
9534,KPDX,KSEA
9535,KLAS,KTUS
9536,KCLE,KDTW
9537,LEMH,LEPA
9538,KHPN,KVNY
9539,VIDP,VOMM
9540,KPHL,02XS
9541,KSEA,KEWR
9542,KONT,KPHX
9543,EDDF,EDDN
9544,KDTW,KROC
9545,KORD,KDAY
9546,VABB,VOBL
9547,KIAD,KFLL
9548,KDEN,KBOI
9549,KIAD,KSRQ
9550,KBOS,KRSW
9551,KDFW,KSGF
9552,KFFZ,KMZJ
9553,KLAX,KBOS
9554,KTPA,KORD
9555,KSEA,KPHL
9556,ENGM,ESSA
9557,LSZH,LPPR
9558,ULLI,UUWW
9559,KBWI,KMIA
9560,KLAX,KLAS
9561,EGGD,LSGG
9562,KRSW,67KY
9563,KIAD,0PA6
9564,EPKK,EDDF
9565,27CL,KLAS
9566,KEWR,KRSW
9567,VIDP,VABB
9568,VOBL,VOMM
9569,LZIB,UKKK
9570,CYVR,KSEA
9571,KDCA,KHEF
9572,EHAM,EDDF
9573,EGPH,EGAA
9574,KFLL,SKMA
9575,KDEN,KRIR
9576,KBDR,KHPN
9577,EIDW,LFPG
9578,KOAK,KLAS
9579,KTPA,KOPF
9580,KCMH,KSDL
9581,KSAN,KPHX
9582,KTUL,KDEN
9583,CYYJ,CYVR
9584,KBOS,KMDW
9585,KDFW,KLAS
9586,KCVG,KDTW
9587,UUEE,EHAM
9588,KDTW,KSYR
9589,KRDU,KATL
9590,NK07,KCDW
9591,KHEF,VA71
9592,KLAX,KMCI
9593,VABB,VIDP
9594,KDAL,KLAX
9595,KSNA,KDFW
9596,LSZH,LJLJ
9597,KLAX,KPDX
9598,KONT,KSEA
9599,KIAD,KORD
9600,KSAN,KUTA
9601,FAOR,FACT
9602,LEAL,EKCH
9603,SBRJ,SBSP
9604,PANC,KLAX
9605,KSJC,KLGB
9606,KDUJ,KBWI
9607,KBDL,KMKY
9608,KORD,KMIA
9609,KATL,KSGF
9610,VABB,VOBL
9611,EHAM,LFPG
9612,KSLC,KRIR
9613,KSGF,KSUS
9614,OI34,7OA7
9615,KDEN,KSLC
9616,VIDP,VECC
9617,KAJO,KRAL
9618,KDTW,KPIT
9619,EHAM,ENGM
9620,KORD,KFLL
9621,KPBG,VT48
9622,KHEF,VA87
9623,KSEA,KLAS
9624,KEWR,KMIA
9625,KLGA,KDEN
9626,KLAS,KPHX
9627,KORD,KISM
9628,KDTW,KMSP
9629,KADS,TA06
9630,KBTP,PN85
9631,KCRQ,KMRY
9632,KABQ,KSJC
9633,FACT,FALA
9634,ENGM,UUEE
9635,EHAM,EGBB
9636,KMCI,KDEN
9637,KDTW,CYUL
9638,KCTZ,KRDU
9639,KSAN,KMDW
9640,KHOU,FD83
9641,KATL,KDAY
9642,VOMM,VIDP
9643,KADS,TA06
9644,LSZM,LTFJ
9645,KBOS,KMSS
9646,KFLL,KBWI
9647,EHAM,EDDF
9648,KCMA,KSDL
9649,KOWD,MA66
9650,KSEA,KRIR
9651,VOBL,VIDP
9652,EPWA,EPKT
9653,KHEF,VA71
9654,SBBR,SBSP
9655,KPSP,KPHX
9656,KIAD,KSFO
9657,EGMC,LEAL
9658,EGLL,LEMG
9659,KPHX,KABE
9660,UUDD,LSZH
9661,KGPM,KJWY
9662,KFFZ,19AZ
9663,KDTW,KFLL
9664,SBGR,SBBR
9665,VIDP,VOBL
9666,ESSA,UUEE
9667,KDTW,KGRB
9668,KSNA,KSFO
9669,EBMB,LFPB
9670,KSLC,KSFO
9671,KSEA,KLAX
9672,KPSP,KLAX
9673,LFPO,LPPT
9674,LFML,LPPR
9675,VOBL,OMAA
9676,LEMG,LPPT
9677,KSEA,KDFW
9678,KIAD,KRDU
9679,KPHX,KORD
9680,ELLX,OTHH
9681,KFTW,KSAT
9682,KLAX,KORD
9683,SBSP,SSJC
9684,KSEA,KPDX
9685,KPDK,KBNA
9686,KAPA,KSDL
9687,KDTW,KATW
9688,KTPA,KPHL
9689,KPTK,KD95
9690,OERK,OEDF
9691,UKBB,OTHH
9692,PAEN,PANC
9693,KATL,KFLL
9694,EHAM,EDDB
9695,KGRR,KDTW
9696,KIAD,KEWR
9697,KEWR,KLAS
9698,KHEF,VA87
9699,ENVA,ENGM
9700,KSEA,KSNA
9701,LSZH,LPPT
9702,LPPT,LPPR
9703,8MI9,KARB
9704,KIAD,3NK5
9705,KIAD,KATL
9706,03NY,KFRG
9707,KPHL,KDEN
9708,KMIA,KTEB
9709,VOMM,VIDP
9710,KSAT,TE75
9711,KATL,KSFO
9712,KLNK,KOMA
9713,KHOU,KPHX
9714,KEWR,CYUL
9715,KSLC,KPSP
9716,KDMW,KLNS
9717,VOBL,VABB
9718,KSDL,KIAD
9719,VIDP,OMDB
9720,KMIA,SKMA
9721,SPST,SPOL
9722,KLAX,KLAS
9723,EGLL,KBOS
9724,LSZH,LTFJ
9725,KSTL,KDEN
9726,CYVR,CYCD
9727,KONT,KSBA
9728,EPGD,ESKN
9729,KBWI,KFLL
9730,KTYS,KATL
9731,KDVT,KCGZ
9732,OEDF,OEAH
9733,KFLL,KBUF
9734,CPV4,CYKZ
9735,KSFO,02XS
9736,KBNA,KISM
9737,KDAL,KVNY
9738,KRSW,KBOS
9739,KLGA,KFLL
9740,VOMM,VIDP
9741,VIDP,VECC
9742,KHWO,KOPF
9743,KPSP,KPDX
9744,KONT,KUTA
9745,KTEB,KOMA
9746,KSLC,KLAX
9747,KGYY,KMDW
9748,KMIA,KORD
9749,KOKV,KJYO
9750,KORD,KMCI
9751,KSJC,KPHX
9752,KSAT,KORD
9753,KSLC,KOAK
9754,ESSA,EDDF
9755,KSEA,KPHX
9756,ELLX,LPPT
9757,KIWA,37AZ
9758,KRVS,OK13
9759,27CL,KSEA
9760,KOAK,CL77
9761,LPPT,EIDW
9762,KLGA,KCLT
9763,KPHX,KSEA
9764,KIAD,KSDF
9765,EIDW,LPPT
9766,SPJC,SBGR
9767,LFPO,LPPR
9768,KLAX,KATL
9769,RPLL,RKSI
9770,KPDX,KLAS
9771,KPHL,KMCO
9772,EHAM,EGLL
9773,LFPG,GMMN
9774,LEAL,ESSA
9775,PN14,KBTP
9776,KMSP,KDTW
9777,KBOS,KLGA
9778,KBWI,KATL
9779,KDAL,KABQ
9780,UUEE,ULLI
9781,KSFO,KLGB
9782,LFBO,EHAM
9783,KSNA,KPDX
9784,LSZH,KBOS
9785,KGSO,KCLT
9786,KLAS,KSEA
9787,SBSP,SBVT
9788,KAUS,KSAN
9789,KSLC,KSFO
9790,KPDX,KFAT
9791,KORL,KMCI
9792,KBUR,KSJC
9793,KJNX,KRDU
9794,KSAT,KPHX
9795,LFPO,GMMN
9796,CYYZ,KMCO
9797,PANC,KSEA
9798,KFMY,KPGD
9799,KJVY,KLOU
9800,KEDC,KPWA
9801,KSRQ,KMIA
9802,EHAM,EDDW
9803,KSEA,KPDX
9804,KPRC,19AZ
9805,KLAS,KDFW
9806,KIAH,KSNA
9807,KRSW,KPHL
9808,KPHL,KFLL
9809,KCMH,KATL
9810,KATL,KORD
9811,KCCR,KSNA
9812,KDVT,KAVQ
9813,KIAD,KBNA
9814,KOPF,KTEB
9815,KTPA,KRDU
9816,EDDL,EDDS
9817,UUWW,EVRA
9818,EDDK,LEPA
9819,KDEN,KSAN
9820,KAPF,KPWK
9821,KLNS,5PA3
9822,KONT,KUTA
9823,KIAD,KBOS
9824,EPWA,EHAM
9825,KOAK,KSEA
9826,KSLC,KLAX
9827,KATL,KPNS
9828,EHAM,ENZV
9829,KSAN,KIAD
9830,KPDX,KLAX
9831,KDFW,KLAS
9832,KSJC,KSEA
9833,KFLL,KDFW
9834,KORL,KPHL
9835,KBOS,01FA
9836,OMDB,EDDP
9837,KSEA,KSAN
9838,KORF,KORD
9839,KLGA,KSRQ
9840,LHBP,EGSS
9841,KTUS,KLAX
9842,LIMC,LPPT
9843,KAPA,KOPF
9844,KSFO,KSEA
9845,KFLL,KPHL
9846,KDFW,KPHX
9847,KIAD,KDEN
9848,VECC,VIDP
9849,KSEA,KBOS
9850,KPDX,KSAN
9851,KSEE,KSBA
9852,KCPS,KSGF
9853,KSFO,KLAX
9854,KATL,TXKF
9855,LEBL,EDDF
9856,KSJC,KSEA
9857,KBED,KTEB
9858,KPAE,KPHX
9859,KIAH,KSAT
9860,LIML,LIBD
9861,KTPA,KATL
9862,KSRQ,KPHL
9863,KSEA,KIAD
9864,KISP,KDXR
9865,KIAD,KCLT
9866,KSAN,KDAL
9867,KLAX,KEWR
9868,KEWR,KLAX
9869,KATL,KMDW
9870,VABB,VOBL
9871,KBOS,MA55
9872,KFLL,KSTL
9873,LPPT,LFPG
9874,SBGR,SSJC
9875,KTPA,KIAD
9876,EDDF,LOWW
9877,OTHH,VECC
9878,KDTW,KMDT
9879,KLAX,KPDX
9880,KSFO,KATL
9881,LSGG,LPPT
9882,KMDW,KRSW
9883,KORD,KLAS
9884,KJFK,KFLL
9885,KTRL,KADS
9886,KSLC,KLAS
9887,EIDW,EDDM
9888,KATL,KMSP
9889,KBDR,KSNC
9890,KBOS,KORD
9891,KHWO,KOPF
9892,CYYC,CYVR
9893,KGVQ,KBUF
9894,KADS,KGVT
9895,KDAL,KSAT
9896,KTPA,02XS
9897,VOBL,VIDP
9898,KSMO,KUDD
9899,LTAC,LTFJ
9900,KLAS,KSFO
9901,KPDX,KDFW
9902,KSMF,KLGB
9903,KIAD,KSYR
9904,LEAL,EHAM
9905,EFOU,EFHK
9906,KSEA,KPSP
9907,LIRA,EGSS
9908,VIDP,VOBL
9909,KSJC,KDFW
9910,KEWR,CYYZ
9911,KLAX,MROC
9912,KTUL,KPHX
9913,KATL,KDTW
9914,RKSI,VHHH
9915,KSEA,KBUR
9916,EIDW,LIRA
9917,LFPO,LEMG
9918,LHBP,EHAM
9919,KSNA,KLAS
9920,KFAT,KLAX
9921,KCLT,KMSP
9922,KPDX,KPHX
9923,KEWR,KBWI
9924,KSEA,KPSP
9925,KCRP,KDFW
9926,SPJC,KMIA
9927,KBOS,KFLL
9928,8TS5,KLNC
9929,KSFO,KLAX
9930,KMIA,MGGT
9931,KFRG,2NK3
9932,VOBL,VECC
9933,EDDM,EDDL
9934,KIAD,KATL
9935,KATL,KPLR
9936,LSGG,LEMG
9937,KPDX,KSEA
9938,KLGA,KSTL
9939,KDFW,NC03
9940,LFPO,LFML
9941,KSRQ,KORD
9942,KLAX,KUTA
9943,KSEA,KISM
9944,EDDF,LKPR
9945,KMSP,KLAX
9946,KSNA,KSFO
9947,KOUN,KTUL
9948,KORF,KBWI
9949,CYVR,CYYC
9950,KIAD,0NC1
9951,KFAT,KLAX
9952,KFLL,KORD
9953,KDTW,KLAX
9954,KPHX,KLAS
9955,KSJC,KDAL
9956,KLGA,CYYZ
9957,EGLL,EDDF
9958,KCLT,KTYS
9959,KHEF,VA87
9960,KPAN,KSDL
9961,KCPM,KPOC
9962,KPDX,KSFO
9963,KIAD,KCMH
9964,LFPO,GMMN
9965,KMMU,NK07
9966,CYYJ,CYVR
9967,KLAS,KDAL
9968,KTUL,KDFW
9969,EHEH,EPKK
9970,KFFZ,KPAN
9971,KPAE,KSAN
9972,KORL,KLGA
9973,KLGB,KLAS
9974,KHOU,KSAT
9975,KBNA,KPHL
9976,KSFO,KLAX
9977,KMSN,KMSP
9978,KCLT,KPHX
9979,KSKA,KSEA
9980,SBRJ,SBSP
9981,KFLL,KSFO
9982,LLBG,EDDF
9983,LIPX,LICJ
9984,KOAK,KLGB
9985,VOBL,VIDP
9986,KRSW,KATL
9987,KLAX,KDCA
9988,KDAL,KLAS
9989,K0L7,KHND
9990,WSSS,ZGSZ
9991,KJFK,KSEA
9992,LIMC,LFPG
9993,KFMY,KMKY
9994,KSJC,KSAN
9995,KEWR,KATL
9996,KATL,KSAT
9997,KSRQ,KATL
9998,KCLT,KPHL
9999,KBNA,KMDW
10000,KSEA,KATL
10001,KAVQ,KCHD
10002,LFFP,LFPN
10003,EKYT,EKCH
10004,35OR,KSAN
10005,KIAH,KLAX
10006,KSLC,KBOI
10007,KMKE,KATL
10008,KIAD,KORD
10009,KGKY,KCRS
10010,KBWI,KRDU
10011,KCLT,KORD
10012,KSEA,KJFK
10013,KHPN,KMIA
10014,EHAM,EKYT
10015,KORD,KCOS
10016,SBCO,SBSP
10017,EBCI,LEAL
10018,LPPT,GMMN
10019,KSJC,KIWA
10020,KDVT,KPAN
10021,UUWW,OMDW
10022,KIAH,KDEN
10023,VGTJ,OERK
10024,EHEH,EPGD
10025,KOPF,KTEB
10026,KORD,CYYZ
10027,KMSP,KMDW
10028,LSZR,EDDL
10029,KJYO,61VA
10030,KATL,KORF
10031,KDCA,KATL
10032,KCMH,KLAS
10033,KPHX,KOAK
10034,KCLT,KIAD
10035,KVNY,KSBA
10036,KDVT,AZ05
10037,KRSW,KEWR
10038,EDDF,LIML
10039,KOAK,KVIS
10040,KCLT,KLAX
10041,KMDT,KCLT
10042,KEWR,KATL
10043,KIAD,KLGA
10044,KLAX,KDCA
10045,KOAK,KRIR
10046,KPHX,KDFW
10047,LEAL,LEPA
10048,KUGN,KIAD
10049,KSLC,KLAS
10050,KLAS,KCLT
10051,VABB,OMDB
10052,KBUR,KLAS
10053,KIAD,KORF
10054,KPDX,KRIR
10055,KDAL,KLAS
10056,KATL,KSDF
10057,EIDW,EDDK
10058,KEWR,KORD
10059,KBWI,KDFW
10060,EGGW,LEAL
10061,KCLT,KSDF
10062,KJVL,KUGN
10063,KPHL,01FA
10064,KSEA,KRIR
10065,KCLE,KRSW
10066,KIAH,KPSP
10067,UUEE,EHAM
10068,ENGM,EFHK
10069,KRSW,KORD
10070,LSZH,EKCH
10071,VGTJ,WSSS
10072,KSJC,KLAX
10073,KFTW,KNFW
10074,UUWW,UWWE
10075,KIAH,KABQ
10076,LFML,LFPO
10077,KAPF,KMDW
10078,KIAD,4VG2
10079,KBWI,KBUF
10080,KCLT,KFLL
10081,KLGA,KGSO
10082,KLAX,KSFO
10083,KMSP,KSFO
10084,EHAM,ESSA
10085,KMIT,KPRB
10086,KSEA,KORD
10087,KBNA,KLGA
10088,MD48,KMTN
10089,KBOS,KBUF
10090,KBNA,KCMH
10091,LPPT,LSGG
10092,KTPA,KRDU
10093,KDEN,KLAX
10094,KATL,KDEN
10095,KCXY,KLNS
10096,OTHH,VECC
10097,KBWI,KISP
10098,KHEF,VA71
10099,KLGA,KMCO
10100,LEPA,EDDM
10101,KI12,KI74
10102,KIAD,KLAX
10103,TA06,KTKI
10104,KSEA,KATL
10105,EHAM,LSGG
10106,KCLT,KSTL
10107,KMSN,KJVL
10108,ULMM,UUEE
10109,KDEN,KSAN
10110,KBNA,KOKC
10111,KDTW,KPHX
10112,OMDB,VOMM
10113,EDDF,EDDM
10114,KMSP,KSTL
10115,KPHX,KL94
10116,KAUS,KPHX
10117,KATL,KTYS
10118,KLGA,KORD
10119,KCLT,KHPN
10120,KLAX,KSAN
10121,KRDU,KLGA
10122,KRVS,KDAL
10123,EETN,EPWA
10124,KSEA,KSFO
10125,KATL,KABQ
10126,KSFO,CYVR
10127,EDDW,EDDF
10128,KCLT,9NR8
10129,KGAI,KDMW
10130,KFLL,KBWI
10131,LIBD,EDDM
10132,OMAA,VOMM
10133,EGPH,EGLL
10134,KBOI,KORD
10135,KRSW,KDFW
10136,SC86,4SC4
10137,KIAD,KBUF
10138,KORD,KPHX
10139,KCLT,KABE
10140,VIDP,OMAA
10141,LIPZ,EGLL
10142,VOMM,VABB
10143,KPDX,CYVR
10144,LIME,LIBR
10145,KFLL,KATL
10146,KORL,KDFW
10147,VOBL,VIDP
10148,VABB,VOMM
10149,LSZM,EDDF
10150,LOWW,EGLL
10151,KDFW,KPHL
10152,KSFO,KSEA
10153,ENGM,ENZV
10154,KCLT,KBNA
10155,KONT,KDFW
10156,KSTL,KDTW
10157,KSEA,KMCI
10158,KDEN,KDFW
10159,KSDF,KLAS
10160,KDMW,KLNS
10161,KLGA,KATL
10162,KIAD,KMDT
10163,KBOS,KATL
10164,KCLT,KBUF
10165,KPDX,KLAS
10166,KBWI,KOQU
10167,KHEF,58VA
10168,KSEA,KDCA
10169,KMKE,KATW
10170,KDFW,KSTL
10171,KPHX,KBOI
10172,KOWD,MA66
10173,KIAH,KPHX
10174,KCLT,KMCO
10175,59IL,KARR
10176,KCOS,KORD
10177,VABB,VIDP
10178,VECC,VIDP
10179,KIAD,KTYS
10180,KLAX,KPHX
10181,KBNA,KRDU
10182,KPDX,KBOI
10183,KIAD,KPHL
10184,KPHX,KSEA
10185,ESSA,EFHK
10186,KOAK,KSNA
10187,KSFO,KSAN
10188,KCLT,02XS
10189,KORD,KSAN
10190,KBWI,KBOS
10191,KI74,KSGH
10192,KIAH,KSAN
10193,KBOI,KMSP
10194,KCLT,KDFW
10195,KBNA,KDTW
10196,KBWI,KROC
10197,EGGW,EBBR
10198,LPPR,LFPG
10199,VOBL,OTHH
10200,KGEU,AZ05
10201,KVNC,KSRQ
10202,KIAD,CYUL
10203,KDFW,KMSN
10204,EHAM,EKBI
10205,KLGA,KMIA
10206,KDEN,KMSP
10207,KMCE,KLAX
10208,EFHK,EHAM
10209,KLAX,KEWR
10210,KONT,KLAS
10211,KBOS,KDCA
10212,KCMA,KSBA
10213,KPHX,KSAN
10214,KATL,KEWR
10215,KPDX,KPSP
10216,LIBD,LIME
10217,KFLL,14FA
10218,KPSP,KOAK
10219,KDFW,KSAN
10220,SBSP,SSJC
10221,KPHX,KSNA
10222,OTHH,VOMM
10223,KIAD,FA37
10224,KFRG,2NK3
10225,EHAM,UUEE
10226,KORD,AL18
10227,KMCI,KMDW
10228,KSFO,KLAS
10229,KCLT,KDAL
10230,UUWW,UWSS
10231,EDDH,EDDM
10232,KATL,KDFW
10233,LOWW,EHAM
10234,KDTW,KISM
10235,KMDT,KORD
10236,KGKY,20TE
10237,PANC,KSEA
10238,KBNA,KDCA
10239,VOBL,VECC
10240,EDDM,EDDH
10241,KMIA,KDFW
10242,KORL,KORD
10243,KBDN,3OR8
10244,KCLT,KAGC
10245,ENBR,ENZV
10246,KDFW,KBWI
10247,NZAA,NZCH
10248,ULLI,EDDF
10249,KPHX,KLAX
10250,KDFW,KSJC
10251,WSSS,RKSI
10252,KFLL,KJFK
10253,KSFO,KPDX
10254,KPDX,KVUO
10255,CYCD,CYVR
10256,VECC,VABB
10257,KABQ,KPHX
10258,KRSW,KORD
10259,KTPA,KDCA
10260,KLAS,KEWR
10261,KBUR,KOAK
10262,KLAX,KUTA
10263,SBGR,SBGL
10264,KSNS,CA66
10265,KIAH,02XS
10266,KSMF,K1O2
10267,KAVP,KORD
10268,KSFO,KLAX
10269,CYPQ,CTN7
10270,KBWI,KMDW
10271,KCLT,KDCA
10272,OTHH,VHHH
10273,KATL,KPHX
10274,KFLL,KDTW
10275,KCLE,KATL
10276,LSZH,EDDM
10277,KCLT,KPNS
10278,LIPE,EHAM
10279,K1G0,43OI
10280,KBWI,KORF
10281,KPHX,KSTS
10282,CYYC,CYYZ
10283,KMSP,CYYC
10284,KAFW,0TS2
10285,KMIA,KATL
10286,UUWW,ULLI
10287,KCLT,KMCI
10288,KAUS,KPHX
10289,KOKC,KPHX
10290,LPPR,LSGG
10291,KSFO,KPMP
10292,KAPA,KSUS
10293,EPWA,EGGW
10294,KHOU,KSAT
10295,KMDW,KAPA
10296,SBSP,SBGL
10297,KSEA,KIAD
10298,KATL,KHHR
10299,KDEN,KLAX
10300,SBRJ,SBSP
10301,KPHX,KLAS
10302,KBWI,KRSW
10303,KFRG,2NK3
10304,KLAX,KDFW
10305,KCLT,KDTS
10306,VOBL,VECC
10307,KPHX,KRIR
10308,KDFW,KORD
10309,KATL,NC16
10310,KLAX,KLAS
10311,KATL,KISM
10312,ENGM,ENVA
10313,KFTW,KNFW
10314,KCMH,KDFW
10315,KSTL,KMDW
10316,KCLT,KTUL
10317,KMCX,KLAF
10318,KMKE,KBUF
10319,KDFW,KTUL
10320,KMDW,KMCO
10321,KHGR,KFME
10322,KSBP,KPRB
10323,KATL,KDCA
10324,MROC,KLAX
10325,KDFW,KTUS
10326,KATL,KMCI
10327,KHOU,02XS
10328,MI45,KPTK
10329,KFMY,03FA
10330,KPHX,KSJC
10331,KPHL,KATL
10332,KLAX,KJFK
10333,LEMG,EHAM
10334,EPWA,UUEE
10335,LOWW,EDDH
10336,KAFW,08TX
10337,KMCI,KLAS
10338,LOWW,LFPG
10339,KMDW,KMSP
10340,KRSW,KJFK
10341,KRHV,KPHX
10342,KBOI,KDFW
10343,KMSP,KMCI
10344,LOWW,EBBR
10345,KONT,KSBA
10346,LOWW,EDDL
10347,LIMC,LICJ
10348,KADS,KTKI
10349,TJIG,02PR
10350,KPHL,KORD
10351,KPHX,KPSP
10352,KVNY,KSNA
10353,KFDK,KDMW
10354,KCMA,KSDL
10355,LOWW,LSGG
10356,KWWD,KANP
10357,KDFW,49FD
10358,KDFW,KHHR
10359,LSGG,LPPR
10360,KSAN,KDFW
10361,KCRQ,KHMT
10362,KSEA,KLAX
10363,KBOI,KGEG
10364,KPHX,KLGF
10365,KPAN,KFFZ
10366,KBDN,3OR8
10367,KJFK,KMIA
10368,KSNA,KDFW
10369,KI74,KI69
10370,KDAL,KSEA
10371,KPHX,KSLC
10372,EGLL,KJFK
10373,VIDP,VOMM
10374,KIND,KATL
10375,KRDU,9NC0
10376,KORD,KMSP
10377,KMSP,KMSN
10378,KCLT,KEWR
10379,KSFO,KRIR
10380,LSGG,UUEE
10381,KMYF,KL35
10382,CNF4,CYOO
10383,KMKE,KDFW
10384,KPHX,KSBA
10385,KCLT,KSEA
10386,KBUR,KDFW
10387,KFLL,KBOS
10388,KTEB,KOAK
10389,KDFW,KHSV
10390,KJFK,KMCO
10391,LEMG,EKCH
10392,KMDW,KFLL
10393,KFFZ,KE95
10394,UUEE,UWLL
10395,KPHX,KPDX
10396,KDFW,69TA
10397,KCLT,KBOS
10398,LTFJ,LTAC
10399,KDCA,KORD
10400,KMSP,KDFW
10401,4OL3,KDFW
10402,KCLT,KDTW
10403,CAP3,CYCD
10404,TJSJ,KJFK
10405,EPWA,EPRJ
10406,KONT,KUTA
10407,NZCH,YSSY
10408,KLAS,KSAT
10409,KBWI,KDTW
10410,KMIA,KPHL
10411,KCLT,KECP
10412,KATL,KDAL
10413,KDFW,KM99
10414,LFML,LEBL
10415,KOKC,KDFW
10416,KSAT,KDFW
10417,KFTW,TX82
10418,KBNA,KBOS
10419,SBKP,SSJC
10420,KSGF,KDEN
10421,KCLT,KCMH
10422,PANC,6AK3
10423,KDFW,02XS
10424,CYVR,KPHX
10425,EVRA,ESSA
10426,KOPF,KMIA
10427,KLNS,KJYO
10428,ENGM,LFPG
10429,KMDW,KLAS
10430,KSFO,KPHX
10431,KSEA,CYVR
10432,KOWD,MA66
10433,KPHX,KSNA
10434,KMIA,KEWR
10435,KHOU,KOKC
10436,KGAI,KN71
10437,KSAN,KEWR
10438,ULLI,UUMO
10439,KCLT,KRSW
10440,KDVT,KPSP
10441,LOWW,EDDF
10442,KCHD,KTUS
10443,KCLT,KMDT
10444,VIDP,VABB
10445,KPTK,KDET
10446,KPWK,KTEB
10447,KPSP,KSDL
10448,K1T7,86TX
10449,EGPH,EGNX
10450,KSMF,KSNA
10451,KLQK,SC86
10452,KSRQ,KDCA
10453,SC32,SC43
10454,KLAX,KMSP
10455,37AZ,KIWA
10456,KORD,KDTW
10457,06VA,KSHD
10458,KTDF,KRDU
10459,EVRA,EKCH
10460,KFLL,KBOS
10461,KPHX,KHHR
10462,KDEN,KDFW
10463,KHOU,KSAT
10464,KORF,KCLT
10465,KRVS,K3F7
10466,KFTY,KPDK
10467,KHPN,KTEB
10468,UUWW,UWLL
10469,LIRF,LFPG
10470,KORD,KEWR
10471,ULLI,UUEE
10472,KATL,KRDU
10473,CYYZ,KOPF
10474,KLAX,KMIA
10475,KPGV,KRDU
10476,KOMA,KMDW
10477,EDDV,EDDM
10478,KTPA,KFLL
10479,LFPO,LPPR
10480,KD95,KPTK
10481,KLEB,KHPN
10482,KCLT,KMSN
10483,KLGA,KBNA
10484,KDTW,KEWR
10485,EPWA,LFPG
10486,VIDP,VOMM
10487,KDEN,KTEX
10488,ULLI,UUWW
10489,KORD,KMIA
10490,RKSI,VHHH
10491,KTPA,KFLL
10492,KDFW,KBOS
10493,KCMH,KHPN
10494,KDFW,KSNA
10495,KORL,KBOS
10496,KFFZ,AZ00
10497,CYOW,CYUL
10498,KCRP,KSAT
10499,KHPN,KPWK
10500,ESSA,EHAM
10501,TJSJ,FD37
10502,EGLL,EKCH
10503,KCLT,KMIA
10504,KLAS,KSDL
10505,KMIA,KORD
10506,CYYC,CYYZ
10507,LEBL,EDDM
10508,KMKE,KRSW
10509,OTHH,VOBL
10510,KSRQ,KPHK
10511,KCLT,KROC
10512,KHOU,KMCI
10513,KLAX,KIAD
10514,SKBO,KMIA
10515,KADS,KFTW
10516,KLAX,KPHX
10517,KDFW,KSEA
10518,KPSP,KSEA
10519,KCLT,KORF
10520,KORL,KMDW
10521,KMIA,MROC
10522,KCVG,KBWI
10523,KTPA,KJFK
10524,KGVT,KADS
10525,LIRF,UUEE
10526,KATL,KLAS
10527,KORF,KATL
10528,KLAS,KDTW
10529,KVPS,KDCA
10530,LPPR,LSZH
10531,CYVR,CYUL
10532,KDFW,KDCA
10533,LSZH,EDDF
10534,KDFW,KSAN
10535,KCLT,KOMA
10536,KHOU,KTUL
10537,LEAL,EBBR
10538,EGGD,LEAL
10539,KLGA,KMDW
10540,KFRG,49NY
10541,KUUU,KEWB
10542,KATL,KDAL
10543,KATL,KRSW
10544,KMSN,KMSP
10545,LEMG,LPFR
10546,KLAX,KSJC
10547,KDFW,KDTW
10548,KPIE,KAPF
10549,KU77,KPVU
10550,KCLE,KLAS
10551,KSDL,KRYN
10552,KBNA,KATL
10553,KLAS,KSEA
10554,KDAL,KBMQ
10555,LSGG,EGLL
10556,KFMY,03FA
10557,KFLL,KBNA
10558,KPTK,KD95
10559,KDFW,KPHX
10560,KHYA,KBED
10561,LFBO,LFPO
10562,KDAY,KDTW
10563,CYYZ,KORD
10564,KRVS,K2K9
10565,KADS,1TE8
10566,LIRF,GMMN
10567,KOWD,MA66
10568,LROP,EPWA
10569,EPMO,EGPH
10570,LIPE,LPPT
10571,LPPT,ELLX
10572,KSLK,KBOS
10573,KSJC,KSTS
10574,KMZJ,KFFZ
10575,KMIA,KBWI
10576,EDDF,LDZA
10577,KSTL,KSAN
10578,KDAL,KLAS
10579,03IL,KLOT
10580,VECC,VIDP
10581,KRSW,KDTW
10582,LSZV,LSMD
10583,OMSJ,OBBI
10584,KAFW,4XS2
10585,KPTK,KFNT
10586,KLAS,KOAK
10587,UKBB,EPWA
10588,KAPF,KTEB
10589,KSBP,KSAC
10590,KRVS,KOWP
10591,KDFW,KSBA
10592,KSAN,KSEA
10593,KFTW,6TA7
10594,EGSS,LEPA
10595,KFLL,KLGA
10596,SBSP,SBRJ
10597,ESGG,EDDF
10598,KJFK,KLAX
10599,KBNA,KDEN
10600,KPHX,KFAT
10601,KSFO,KDFW
10602,KMSP,KPSP
10603,KDFW,KFLL
10604,KGKY,XS06
10605,KLAX,02XS
10606,KLGA,KATL
10607,KBOS,KMCO
10608,KDAL,KPHX
10609,KPDX,KLAX
10610,EDDK,LOWW
10611,KLGB,KEMT
10612,EPPO,EPWA
10613,CYVR,CYYZ
10614,VIDP,VOBL
10615,KLAS,KIAD
10616,KTEB,KPHL
10617,KDEN,KPHL
10618,KCLE,KMSP
10619,KMDW,KDAL
10620,KDFW,KTYS
10621,CYOW,CYYZ
10622,EGSS,LIBD
10623,KMSP,KOMA
10624,KMIA,KBOS
10625,EGPH,EHAM
10626,KOCQ,KGRB
10627,KSRQ,KTEB
10628,KSAN,KSJC
10629,LEZL,LPPT
10630,LLBG,EDDB
10631,KEWR,KMCO
10632,KVNY,KTEB
10633,KDFW,KVPS
10634,KBED,NH78
10635,KSAT,KATL
10636,KSNA,KSJC
10637,KSYR,KORD
10638,KORL,KHSV
10639,KDFW,TS54
10640,LSZH,EHAM
10641,OTHH,VABB
10642,KTPA,KDFW
10643,KATL,KDCA
10644,VOBL,VECC
10645,K2K9,KMKO
10646,KRSW,KMSP
10647,KLEB,KBOS
10648,KDEN,KLAX
10649,OMDB,VHHH
10650,KATL,02XS
10651,KDFW,KCOS
10652,KCLT,KSRQ
10653,KPHX,KIAD
10654,KPSP,KMSP
10655,EDDF,LLBG
10656,KMKE,KDTW
10657,KMIA,KJFK
10658,KRMN,KEZF
10659,KMSP,KSAN
10660,UUWW,ULLI
10661,KBUR,KOAK
10662,KDCA,KMIA
10663,KRVS,19OK
10664,PANC,KORD
10665,KMCI,KATL
10666,KMSP,KPHX
10667,LDZA,EPWA
10668,EHAM,LEIB
10669,KBOS,KDFW
10670,KSEA,KBOI
10671,CYVR,CYYZ
10672,KDEN,KEWR
10673,VIDP,VOBL
10674,EPGD,EPWA
10675,KFXE,KHWO
10676,KSAT,KDEN
10677,KSNA,KPHX
10678,KDFW,KRSW
10679,KLAX,KEWR
10680,KGCM,KTUL
10681,KADS,KHQZ
10682,KRDU,KBOS
10683,KLAS,KPHX
10684,KMIA,KRDU
10685,VOBL,VABB
10686,KLNS,KFDK
10687,EDDF,UUDD
10688,KSFO,KIAD
10689,KSEA,KSNA
10690,KLAS,KSAN
10691,KDFW,KOKC
10692,KMSP,KLAS
10693,KAPF,KMMU
10694,CYYC,CYVR
10695,KOAK,KPSP
10696,KPTK,KD95
10697,KISM,KHPN
10698,KDFW,KATL
10699,KBOI,KSEA
10700,KFAY,KATL
10701,KDTW,KSFO
10702,KDEN,KCMH
10703,KMDW,KBED
10704,UKBB,UMMS
10705,EGLL,EHAM
10706,KLAS,KDFW
10707,EGNT,EGLL
10708,KMSP,KPDX
10709,KSLC,KJFK
10710,KDMW,KGAI
10711,KPHX,KPSP
10712,KSBA,KVNY
10713,KMWC,WI77
10714,KMIA,SKMA
10715,KLAX,KSJC
10716,KONT,KATL
10717,KIAH,KORD
10718,KJVL,KMSN
10719,KDTW,KIAD
10720,KRSW,KBWI
10721,KSYR,KTEB
10722,KPTK,KD95
10723,CYYC,CYVR
10724,KTEB,KMTN
10725,KSAN,KFAT
10726,KHOU,KDAL
10727,KMSP,KSEA
10728,KMKE,KRSW
10729,SPJC,SKBO
10730,KATL,KPHL
10731,KLOT,KC09
10732,CYYZ,KDTW
10733,LEBL,EHAM
10734,LFBO,LFPG
10735,KECP,KATL
10736,LIRF,LIML
10737,KSEA,KDFW
10738,KAUS,KFLL
10739,LOWW,UUEE
10740,KAVQ,KFFZ
10741,KVNY,KBNA
10742,KGSO,KATL
10743,KFLL,SKBO
10744,KDFW,KIAD
10745,KMSP,KDCA
10746,KMIA,KBOS
10747,CYUL,CYYZ
10748,KDFW,KMCI
10749,CYVR,CYYJ
10750,CYYZ,KRSW
10751,KLGA,KFLL
10752,VABB,OBBI
10753,KDEN,KMDW
10754,KSEA,KIZA
10755,KPHX,00AZ
10756,KBTV,CYUL
10757,KLGB,KSJC
10758,EGZJ,EGPE
10759,EPGD,EGPH
10760,KONT,KDAL
10761,RPLC,ZGSZ
10762,KGRB,KDTW
10763,KLAX,KSEA
10764,KBWI,KDUJ
10765,KFLL,KATL
10766,CYYZ,KOPF
10767,KDEN,AL40
10768,KMKE,KENW
10769,PANC,KORD
10770,VOMM,WSSS
10771,KDFW,KLAS
10772,KDFW,KISM
10773,KJFK,KMVY
10774,EGLL,EGAC
10775,KLAX,KSLC
10776,EDDM,EDDW
10777,KMSP,KRSW
10778,KMKE,KBNA
10779,KDFW,75TE
10780,UUWW,OMDW
10781,KATL,KSEA
10782,KJYO,01VA
10783,EHEH,LPFR
10784,KFLL,KBNA
10785,EDDH,EDDF
10786,LIML,LICJ
10787,KDFW,KLGA
10788,ELLX,OMDW
10789,KSEA,KPDX
10790,KATL,KECP
10791,LIRF,LICJ
10792,KDEN,KMSP
10793,KLAS,KDFW
10794,KLAN,KDTW
10795,LFPG,EDDF
10796,KFLL,KACY
10797,KIAD,KORF
10798,KLAX,KBOI
10799,K1F0,KGLE
10800,KIWA,KP08
10801,VABB,VIDP
10802,NK79,KCDW
10803,KATL,KORD
10804,KDFW,KORF
10805,KFRG,KHWV
10806,KORF,KEWR
10807,WMKK,OMDB
10808,KDTW,KORD
10809,KBUF,KATL
10810,KFLL,KORD
10811,UMMS,EPWA
10812,UAII,UAAA
10813,KSAN,KSFO
10814,KAVQ,KDVT
10815,KDFW,KBNA
10816,KTEB,KOPF
10817,KPHL,KMIA
10818,KRSW,KBOS
10819,KSEA,KBWI
10820,KLNS,KCXY
10821,KPVU,KIWA
10822,KDEN,KBNA
10823,KORE,KBED
10824,KFLL,KAGC
10825,KBNA,KEWR
10826,EGBB,EBBR
10827,KOPF,KIAD
10828,KOAK,KLAS
10829,VIDP,VECC
10830,EKCH,EFHK
10831,KLAX,KATL
10832,KOSU,75OI
10833,LIMC,LFPG
10834,KDVT,KSEE
10835,KATL,KHSV
10836,KTEB,KSRQ
10837,KATL,KSRQ
10838,KOPF,KVNC
10839,KPHX,KSAN
10840,EIDW,EGLL
10841,KLAS,02XS
10842,ESSA,EKCH
10843,KSFO,KJFK
10844,KMSP,KBNA
10845,EDDM,LIRF
10846,KRHV,KE16
10847,AZ05,KGEU
10848,KRDU,66NC
10849,EGPF,EHAM
10850,KFLL,KLAS
10851,EHAM,EDDF
10852,KSTL,KFLL
10853,KISP,KDXR
10854,KHPN,KMDW
10855,LSGG,LFPG
10856,KHEF,VA45
10857,KFLL,KCMH
10858,KDET,KPTK
10859,KDFW,KCMH
10860,KABQ,KPHX
10861,KMCI,KDTW
10862,FD77,KSPG
10863,KOPF,KMKY
10864,KMIA,KLGA
10865,KDXR,KISP
10866,00AZ,KDVT
10867,EGLL,EBBR
10868,KGVQ,20NY
10869,KAVQ,KFFZ
10870,KATL,KJFK
10871,KSPI,KPGD
10872,VOMM,VOBL
10873,KLDJ,KFRG
10874,7OH2,KORD
10875,KDEN,KSFO
10876,KDFW,KABQ
10877,OH66,KLUK
10878,KBVI,PN68
10879,K1G4,KLAS
10880,KSFO,KSAN
10881,K1G4,KLAS
10882,LIPZ,LFPG
10883,KMDT,KATL
10884,2IL9,KARR
10885,EPKT,EPWA
10886,VHHH,RKSI
10887,KMIA,SKMA
10888,EGCC,EPKK
10889,KJFK,KLAX
10890,KATL,KBWI
10891,KDFW,8TS2
10892,KATL,NC03
10893,35OR,KBDN
10894,KRVS,40OK
10895,KDAL,KTUL
10896,KDEN,KLGA
10897,LSGG,LEPA
10898,KORD,KDFW
10899,KSEA,KISM
10900,KRVS,KADS
10901,KATL,KMIA
10902,EGLL,OMDB
10903,KTPA,KEWR
10904,KHPN,KLKP
10905,KDAB,KATL
10906,ESSA,EDDM
10907,19XS,KGKY
10908,ESKN,EPGD
10909,SBRJ,SBGR
10910,KMYF,KAVX
10911,KVNC,KAPF
10912,KLAS,KORD
10913,KSFO,KEWR
10914,KRSW,KEWR
10915,KORD,KBOS
10916,KVGT,KTOA
10917,TJSJ,KMIA
10918,KSAT,KSTL
10919,LPFR,EGCC
10920,ENGM,ENVA
10921,LFPO,LEBL
10922,LFBD,LFPG
10923,LIMC,LIRF
10924,LTFJ,LTAC
10925,KSEA,KLAX
10926,KRDU,KEWR
10927,KMKE,KISM
10928,KEWR,KATL
10929,KPTK,4MI0
10930,KLAX,KSEA
10931,KOPF,KTEB
10932,EGSS,LPPR
10933,KFLL,KBWI
10934,KDCA,KBNA
10935,KMTN,MD48
10936,KMSP,KDEN
10937,KPHL,KBNA
10938,KLOU,KJVY
10939,KCOS,KDEN
10940,KCLT,KATL
10941,KRSW,KMSP
10942,KDFW,KSRQ
10943,KDFW,KMSP
10944,KFFZ,KE95
10945,KPHX,KDTW
10946,KBUR,KSFO
10947,KDEN,KRDU
10948,KWHP,KEMT
10949,VIDP,OMDB
10950,ESSA,EGLL
10951,PANC,KORD
10952,KSEA,KSJC
10953,KATL,KFLL
10954,KAEG,NM61
10955,KALB,KDDH
10956,VOBL,VIDP
10957,KA39,KCHD
10958,VGTJ,VECC
10959,VECC,VHHH
10960,KPOC,KCNO
10961,KDFW,KORD
10962,KPSP,KSDL
10963,EDDM,EDDF
10964,KDEN,KIAD
10965,KDFW,KSFO
10966,KLAS,KSNA
10967,KPHL,KDFW
10968,EIDW,EHAM
10969,KADS,KJWY
10970,WMKK,OMDB
10971,KDFW,KGOP
10972,KPHX,KBWI
10973,KLDJ,KEWR
10974,KDEN,KFLL
10975,KMKE,KORD
10976,KATW,KDTW
10977,EDDF,EHAM
10978,KSLC,KBOS
10979,KSFO,02XS
10980,KBNA,KORD
10981,KSJC,KSAN
10982,KDEN,KSAT
10983,KATL,KFLL
10984,KPHX,KCMH
10985,45OH,KLUK
10986,KATL,KSLC
10987,KDFW,KPNS
10988,KLQK,SC86
10989,ENGM,EKCH
10990,KSEA,CYVR
10991,VABB,VIDP
10992,KTEB,KBLM
10993,KDFW,KDEN
10994,LEPA,EDDM
10995,KGEU,KCHD
10996,CYCD,CAP3
10997,VECC,VOBL
10998,UUWW,LTFJ
10999,KMSP,KORD
11000,KDFW,KRDU
11001,NZCH,NZAA
11002,KHOU,KLAX
11003,KSMF,KLAX
11004,KORD,KATL
11005,VOBL,VOMM
11006,KORL,KDEN
11007,KDTW,KATL
11008,KPHX,KDFW
11009,WSSS,RPLL
11010,KOAK,KC83
11011,EDDB,EDDF
11012,KRSW,KHPN
11013,KRDU,KJFK
11014,KATL,KDFW
11015,KAHN,KRYY
11016,KSBA,KCRQ
11017,KFLL,KEWR
11018,VOMM,VOBL
11019,KSAF,KDFW
11020,KJVY,KLOU
11021,KDAL,KMCI
11022,KPHX,KSLC
11023,KRHV,KHWD
11024,KCLE,KLAX
11025,KDFW,9CA0
11026,KSEA,KLAS
11027,KHPN,KISP
11028,KSFO,KFLL
11029,KPHX,KBWI
11030,SBSP,SBRJ
11031,KDEN,KDCA
11032,LEPA,LEIB
11033,KSAT,TE21
11034,KGAI,KLNS
11035,KLGA,KDFW
11036,KBGM,KDTW
11037,KDTW,KFLL
11038,KLOT,2LL1
11039,KABE,KDTW
11040,KSKA,KSEA
11041,KMIA,KDCA
11042,LFPO,LPPR
11043,KJFK,KATL
11044,KDEN,3KY4
11045,KCGZ,KFFZ
11046,KBWI,KMIA
11047,KOKV,KJYO
11048,57XS,31TA
11049,KRHV,KE16
11050,VOMM,OMDB
11051,KBOI,KLAX
11052,KDFW,KOMA
11053,KSEA,KMSP
11054,KMIA,KORD
11055,KEWR,KFLL
11056,KPHX,KRDU
11057,ENZV,ENGM
11058,KOAK,KC83
11059,CYCD,CYVR
11060,KATL,KBOS
11061,KIND,KORD
11062,KAUS,02XS
11063,KSEA,27MT
11064,KSAT,4TS8
11065,KDFW,9NC6
11066,KDEN,KRSW
11067,KFLL,KEWR
11068,ULLI,UUDD
11069,KDEN,02XS
11070,KTEB,KBLM
11071,UKBB,OMDB
11072,KI69,KLUK
11073,LFPO,GMMN
11074,K84R,K50R
11075,KSTL,KDEN
11076,KPHX,KUTA
11077,KEWR,KFLL
11078,KSDL,KVNY
11079,KOMA,KDFW
11080,KSEA,KDFW
11081,KDEN,KCOS
11082,SBRJ,SBBR
11083,EPKT,EGBB
11084,VOBL,VIDP
11085,KLVK,KSAC
11086,KDAL,KOMA
11087,3OR8,KSEA
11088,KHOU,KDAL
11089,KDFW,TA37
11090,KPHX,KTUL
11091,KSMF,KPDX
11092,KOSU,KUYF
11093,KLAX,KORD
11094,SBCO,SBSP
11095,KDAL,02XS
11096,KDEN,KATL
11097,KDTW,KMIA
11098,KEWR,KDTW
11099,KPHX,KMIA
11100,KSFO,KSEA
11101,KLUK,KPDK
11102,KTUL,KORD
11103,KOMA,KATL
11104,KLAS,KBOI
11105,LKPR,EDDF
11106,KCRQ,KL08
11107,NZAA,NZCH
11108,KBOI,KPDX
11109,KTPA,KPHL
11110,KMIA,KBWI
11111,KVPS,KATL
11112,KADS,TS11
11113,KMDW,KATL
11114,KATL,KPHL
11115,EKCH,EGLL
11116,KAUS,KBNA
11117,KSDM,KUDD
11118,KLOT,89LL
11119,KSEA,KSAT
11120,EGCC,EFHK
11121,KFLL,CYYZ
11122,KEWR,KLAX
11123,KDTW,KCMH
11124,KATL,KVPS
11125,ULMM,ULLI
11126,KFTW,7XS1
11127,EGPH,EPKK
11128,KPAE,KSNA
11129,KDEN,KLAS
11130,VOBL,VIDP
11131,KSAN,KORD
11132,KMIA,KJFK
11133,KATL,KORD
11134,KOMA,KORD
11135,LIMC,UUEE
11136,KLAS,KMDW
11137,KN71,KGAI
11138,KPHX,KDFW
11139,KGRB,KORD
11140,TJSJ,KIAD
11141,CYPQ,CTN7
11142,KORL,KMSP
11143,KDEN,KDFW
11144,KDEN,KTUL
11145,KATL,KHOU
11146,K1T7,9TX5
11147,KOMA,KLAS
11148,EGBB,EHAM
11149,KMIA,KORF
11150,KUYF,KOSU
11151,KSEE,KSTS
11152,VT15,KBTV
11153,EGCC,LPPT
11154,KLAX,KATL
11155,TXKF,KMIA
11156,KSEA,KGEG
11157,KPHX,KSDF
11158,KOKC,KATL
11159,KLGA,KMSP
11160,KSAC,KEDU
11161,VIDP,VECC
11162,KDEN,KBOS
11163,KRHV,KE16
11164,KCEU,SC86
11165,WSSS,RCTP
11166,ENGM,ESSA
11167,EDDB,EHAM
11168,KORL,KBOS
11169,KAUS,KATL
11170,EPMO,EGSS
11171,KATW,KORD
11172,KIAD,KATL
11173,KPHX,KATL
11174,KEWR,KFLL
11175,KDTW,KLAX
11176,VOBL,VOMM
11177,KPHL,KDTW
11178,KLAX,KSLC
11179,LFPG,UUEE
11180,KAUS,KDEN
11181,KDEN,KMSN
11182,KPHX,KMCI
11183,KRDU,KATL
11184,KDEN,KPHX
11185,KPAO,CA66
11186,EDDB,EIDW
11187,UUEE,ULLI
11188,50TA,85TE
11189,KCNO,KAJO
11190,KFDK,KLNS
11191,KMCI,KORD
11192,KCHD,KDVT
11193,KVCB,KLVK
11194,KLAX,KDFW
11195,KDAY,KORD
11196,KDEN,KDAL
11197,KPHX,KSLC
11198,KFFZ,55AZ
11199,KUES,KMSN
11200,CYVR,KDFW
11201,KMDW,KRSW
11202,LTFJ,LTAC
11203,KRSW,KATL
11204,UUDD,ULLI
11205,KBVY,6MA2
11206,KMIA,KBNA
11207,KLAS,KMSP
11208,KSDF,KORD
11209,KMMU,4NY1
11210,KPHX,KDAL
11211,KMSP,KPHX
11212,LPPR,LPPT
11213,KPHX,KMSP
11214,KSAN,KLAX
11215,KLQK,SC86
11216,KPNS,KDCA
11217,KSGF,KDFW
11218,OBBI,VGZR
11219,KMGW,KAGC
11220,KLAX,KPHX
11221,KSEA,KSAN
11222,KSDL,KPAN
11223,LFPO,LFRJ
11224,KSJC,KLAS
11225,UKBB,LHBP
11226,KBOI,KSFO
11227,KPHX,KMSN
11228,KISP,KDXR
11229,KBNA,KFLL
11230,CYUL,CYYZ
11231,KSDL,KCHD
11232,KCLE,KFLL
11233,KEWR,KMSP
11234,KLAX,02XS
11235,KOWP,KRVS
11236,KTYS,KECP
11237,KSQL,KTCY
11238,EGLL,EDDF
11239,KPHX,KISM
11240,KMDW,KOPF
11241,LSGG,EDDF
11242,EBMB,LPPT
11243,KDEN,KORD
11244,KATL,KBNA
11245,KMGW,WV65
11246,LEBL,UUEE
11247,KCDW,KFWN
11248,KI74,KI12
11249,KDTW,KMCO
11250,KTPA,KBOS
11251,KMSS,KBOS
11252,KLAS,KLAX
11253,KMIA,KLGA
11254,PN14,KBTP
11255,PAEN,PANC
11256,SBVT,SBRJ
11257,KBOS,KCLT
11258,PANC,KLAX
11259,KIND,KATL
11260,KFDK,WV61
11261,NZAA,NZNV
11262,KOAK,KSAN
11263,KDEN,KSTL
11264,KSRQ,KMSP
11265,SBCO,SBGR
11266,KJVL,KPWK
11267,K61B,KU30
11268,SBSP,SBBR
11269,KLAS,KLAX
11270,KD95,KPTK
11271,KMYF,KMPI
11272,KFLL,KEWR
11273,KSTL,KORD
11274,LPPT,EDDB
11275,KPHX,KTUL
11276,KDEN,KDTW
11277,KPHL,KMSP
11278,LFPG,EDDK
11279,ULLI,UUEE
11280,LGAV,LSGG
11281,EDDF,UUEE
11282,KCLE,KBNA
11283,KAUS,KLAS
11284,KSEA,KGEG
11285,KDEN,KTYS
11286,KSJC,KPDX
11287,EGLL,EGPH
11288,KRDG,KN47
11289,EDDL,EDDM
11290,KSDF,KDFW
11291,KSFO,KTEB
11292,KSLC,KORD
11293,KHYI,1XA5
11294,KMIA,MGGT
11295,KLAX,KTUS
11296,KTPA,CYYZ
11297,KGPM,KINJ
11298,KDFW,KDTW
11299,KOAK,KC83
11300,LSGG,LEPA
11301,KATL,KLAX
11302,ESSA,EGLL
11303,KPHX,KMDW
11304,KSUS,KMO6
11305,SBCO,SBGR
11306,KBOS,VT17
11307,LFPG,EHAM
11308,KSEA,KSFO
11309,VOBL,WSSS
11310,KLAS,KBNA
11311,KATL,KCMH
11312,NZAA,NZGB
11313,KSDF,KATL
11314,KRSW,49OH
11315,KMSP,KATL
11316,KSTL,KRSW
11317,KSAT,4TE9
11318,KFLL,KRDU
11319,KSLC,KLAS
11320,KAPF,KPTK
11321,KPHX,KPHL
11322,KSEA,KSFO
11323,KPSP,KOMA
11324,KBNA,KDTW
11325,KLAX,KSFO
11326,ULLI,ULMM
11327,KMIA,KMSP
11328,KDTW,KORD
11329,ESSA,LPPT
11330,KGLE,KADS
11331,KLGB,KSLC
11332,KI74,43OA
11333,KSJC,KDAL
11334,KSEA,KBOI
11335,KLUK,KI69
11336,OTHH,VABB
11337,KSAC,KSQL
11338,KDAL,KPHX
11339,KPHX,KSAT
11340,KTPA,KDTW
11341,KDEN,KPHX
11342,KORF,KMDW
11343,SBSP,SSJC
11344,EKBI,EHAM
11345,KLAS,KSAN
11346,KSLC,KLAS
11347,LIML,LIRF
11348,K84R,02XS
11349,KALB,KDTW
11350,KDCA,KDTW
11351,LSZH,EFHK
11352,KVDF,KHWO
11353,KABQ,KDFW
11354,KROC,KDTW
11355,VABB,OMDB
11356,KSEA,KLAS
11357,KPRB,KSNA
11358,KBOS,KDTW
11359,KF70,KPSP
11360,KLAX,KJFK
11361,LFPG,EHAM
11362,CYYC,CYXX
11363,ESSA,ENGM
11364,KTYS,KDTW
11365,KSEA,KLAX
11366,NZAA,NZWN
11367,KPHX,KTUS
11368,KRNM,KF70
11369,KORF,KDTW
11370,KDTW,KRSW
11371,EGSS,LFPG
11372,KDVT,KPAN
11373,KLAS,KLAX
11374,KDEN,KMIA
11375,KSNA,KCRQ
11376,KTOA,KLGB
11377,KMIA,KATL
11378,KRDU,KBOS
11379,KBOS,KEWR
11380,KE16,KRHV
11381,61VA,KJYO
11382,KDTW,KBNA
11383,KEWR,KATL
11384,KDEN,KDTW
11385,LSGG,EGGD
11386,KSLR,XA90
11387,KF70,KPSP
11388,KDFW,KMSP
11389,NZAA,YMML
11390,KDCA,KDFW
11391,KRSW,49OH
11392,KCHD,KAVQ
11393,KJNX,KRDU
11394,KLAX,MGGT
11395,2PN7,98PA
11396,KCMA,KOXR
11397,KDTW,KSEA
11398,KCMH,KORD
11399,KPDX,KDAL
11400,00AZ,KDVT
11401,EPWA,LSZH
11402,KMGY,KSGH
11403,KJFK,SKMA
11404,KPHX,KDTW
11405,KCMH,KATL
11406,KYKM,KGEG
11407,CYYC,KDFW
11408,KMIA,KATL
11409,KFRG,KFOK
11410,KBOS,KATL
11411,KLAX,KLAS
11412,KSRQ,KATL
11413,KSAT,KIAD
11414,KCMA,KSBA
11415,KSFO,KDFW
11416,ESGG,EGLL
11417,KONT,KPDX
11418,KTYS,KATL
11419,KSAN,KSTL
11420,EGGW,LIMC
11421,KDTW,0NC1
11422,KLAX,KDFW
11423,EFHK,ESSA
11424,KOPF,KTEB
11425,KBOS,KRDU
11426,KPHX,KFLL
11427,FL57,FA46
11428,VOMM,OMSJ
11429,ULLI,UUEE
11430,KHEF,VA71
11431,76MI,5MI1
11432,KATL,KISM
11433,KMCI,KDFW
11434,KOKC,KLAS
11435,KSEA,KLAX
11436,LEPA,LEIB
11437,KAPF,KSUS
11438,NK79,KCDW
11439,EPGD,EGGP
11440,KSJC,KBUR
11441,KLGA,KDTW
11442,KBOS,KMSP
11443,KBWI,KBNA
11444,LPPR,EBCI
11445,KDEN,KATL
11446,KJNX,KRDU
11447,KSYR,KDTW
11448,NZCH,NZWN
11449,KRSW,CYYZ
11450,KPHX,KOMA
11451,CYOW,CYYZ
11452,EGLL,EFHK
11453,VHHH,RKSI
11454,KPHX,KATL
11455,LFPG,EFHK
11456,KTUL,KATL
11457,KSAT,KDAL
11458,KFFZ,88AZ
11459,SBBR,SBGR
11460,KSLC,KSBA
11461,LOWW,EDDF
11462,KPHL,KATL
11463,LEPA,LSZH
11464,OTHH,VOMM
11465,KBDN,5OR5
11466,KDPA,KJVL
11467,UUWW,ULLI
11468,KLAS,KFLL
11469,KCOE,KSDL
11470,61VA,KJYO
11471,19OK,KRVS
11472,KRNM,KF70
11473,KRDU,NC76
11474,KAVQ,KDVT
11475,KPTK,KD95
11476,KEMT,KCMA
11477,EPRZ,EPWA
11478,KDFW,KDEN
11479,KPHX,KSEA
11480,TX03,KGKY
11481,KFLL,KLAS
11482,KAUS,KDEN
11483,KOAK,KSFO
11484,KPHX,KORD
11485,ULLI,UUWW
11486,KBWI,KATL
11487,KUGN,KJVL
11488,KSEE,KSNA
11489,KSNA,KEMT
11490,KLAS,KSNA
11491,KRDU,KDTW
11492,KRSW,KDTW
11493,KTEB,KPDK
11494,KFLL,KBED
11495,KPDX,KSEA
11496,KHOU,KMDW
11497,KSLC,KLAS
11498,RCTP,VHHH
11499,KPHX,KDCA
11500,KRYN,KSDL
11501,KCOS,KDFW
11502,LTFJ,OMDB
11503,KDET,KPTK
11504,KPHL,01FA
11505,KSTL,KATL
11506,KPHX,KSBP
11507,KMLI,KORD
11508,KDAL,KPTK
11509,ELLX,LMML
11510,KTTN,KHPN
11511,KDAY,KATL
11512,K1T7,86TX
11513,KIAD,KATL
11514,KAFW,KABE
11515,KSEA,KFLL
11516,KSTL,KK52
11517,7XS1,KFTW
11518,VAJJ,VOBL
11519,KBWI,KFLL
11520,KAVQ,KDVT
11521,VECC,VIDP
11522,KDEN,KDFW
11523,LTFJ,OTHH
11524,KPDX,KSEA
11525,KCRQ,KPSP
11526,KPHX,KOKC
11527,EGLL,EGPG
11528,KLGA,KMIA
11529,KDAL,KECP
11530,OMDW,UUEE
11531,K61B,KLAS
11532,CYYC,CYYJ
11533,KATL,KJFK
11534,CYUL,KDTW
11535,04CL,KSEE
11536,KLAS,KCLT
11537,KITH,KDTW
11538,KJVY,KLOU
11539,KLAX,KSFO
11540,KPDX,KSEA
11541,KSNA,KSEA
11542,KTYS,8FA4
11543,SBVT,SBSP
11544,KMIA,KDFW
11545,KPHX,KCMH
11546,KCLT,KDFW
11547,KATL,KPHL
11548,PANC,KDFW
11549,KPHX,KTPA
11550,ULMM,UUWW
11551,VECC,VOBL
11552,KIAH,KOMA
11553,KOKC,KDEN
11554,VOBL,VIDP
11555,KLGA,KDCA
11556,KDAL,KISM
11557,UKKK,EDDH
11558,KSBA,KCMA
11559,KPHX,02XS
11560,KD95,KPTK
11561,KLAX,KDAL
11562,KMDW,KISM
11563,NZCH,NZAA
11564,ENGM,EHAM
11565,KSFO,KDFW
11566,KBUF,KDTW
11567,KFLL,KBWI
11568,KGLE,KADS
11569,KPHX,KBNA
11570,KBVY,KBED
11571,KMSP,KEWR
11572,KVNY,KUDD
11573,KLUK,KI69
11574,KMSN,KSGS
11575,KATL,KDAL
11576,KSUS,KMO6
11577,KOAK,KDAL
11578,KTTN,KOPF
11579,KPHX,KBOS
11580,KPHX,KMIA
11581,KSNA,KCNO
11582,KORD,KISM
11583,LPPR,LFLC
11584,KOPF,KTMB
11585,KEWR,KCLT
11586,EGLL,UUEE
11587,KTEB,KFLL
11588,KFFZ,KPAN
11589,KAPA,KVNY
11590,KDAL,KATL
11591,CYOW,KEWR
11592,KLGA,KATL
11593,KPRB,KSBP
11594,KPHX,KRDU
11595,KLAX,KMDW
11596,KSMF,KLGB
11597,KFAT,KSFO
11598,KTPA,KBOS
11599,NZTG,NZAA
11600,KBWI,KRSW
11601,SBGL,SBGR
11602,KFLL,KDAL
11603,KDEN,KOKC
11604,KBFI,61WA
11605,KMKE,KISM
11606,KMGY,KI54
11607,EFHK,EFOU
11608,SKBO,KMIA
11609,LYBE,UUEE
11610,LSGG,LSZH
11611,KATL,KSDF
11612,KSAN,KBNA
11613,GMMN,LFPO
11614,KDEN,KOMA
11615,KFLL,KLGA
11616,KRHV,KWVI
11617,KMSN,KDTW
11618,KADS,TS11
11619,VHHH,RCTP
11620,KUNU,KMSN
11621,43OA,KSGH
11622,KMGY,OI34
11623,KLAX,KMIA
11624,NZKF,NZWP
11625,KSAN,KLAS
11626,KMIA,SKBO
11627,KSLC,KLAS
11628,KLOU,KJVY
11629,KPHX,KMSP
11630,KHOU,02XS
11631,KRHV,KWVI
11632,KLGA,KCLT
11633,KDEN,KRSW
11634,KRSW,KPHL
11635,NZPM,NZAA
11636,KLAX,02XS
11637,K52F,K1F0
11638,KRAL,KAJO
11639,KALB,KBWI
11640,KPHX,KISM
11641,KPHL,KORF
11642,KMKE,KORD
11643,KCLT,KDTW
11644,KTKI,KGPM
11645,KFLL,KLGA
11646,KGVQ,KROC
11647,KDEN,KRSW
11648,EDDB,LPFR
11649,BIKF,KBOS
11650,KLAX,KORD
11651,KMDT,KDTW
11652,KCEU,SC24
11653,KBOI,KSEA
11654,KPDX,KDFW
11655,KBOS,KBWI
11656,KATL,KDTW
11657,EDDL,EVRA
11658,KLAS,KSTL
11659,SBCO,SBSP
11660,RKSI,RPLL
11661,KSFO,KORD
11662,KDEN,KATL
11663,EGKK,LEAL
11664,KLNS,KMMU
11665,KXBP,KDTO
11666,NZHN,NZWN
11667,KMSP,KTOB
11668,EDDH,EDDM
11669,KGVQ,20NY
11670,FD77,KSPG
11671,KSNA,KFAT
11672,KGRB,KMSP
11673,4SC4,SC32
11674,3TS9,KTKI
11675,ULMM,UUDD
11676,KDEN,KBNA
11677,KFLL,KATL
11678,KSDF,KATL
11679,KLAS,KSLC
11680,KPHX,KSTL
11681,KCCR,KRHV
11682,SBBR,SBSP
11683,TJSJ,KEWR
11684,SBSP,SBBR
11685,OERK,OMDB
11686,KCDW,KN69
11687,KXBP,KFTW
11688,KRDU,KTDF
11689,KSMF,KSFO
11690,KIAH,KDFW
11691,KORS,KAWO
11692,KCRS,KGKY
11693,KGYR,KGEU
11694,KLAX,KSEA
11695,KLZU,4GA9
11696,KPVD,KBWI
11697,KCGZ,KCHD
11698,KDEN,KLAX
11699,KHPN,CYYZ
11700,KBOI,KSFO
11701,KCEU,SC24
11702,KL35,KMYF
11703,KLVK,K1Q4
11704,KLAS,KATL
11705,LKPR,UUEE
11706,KCMH,KMSP
11707,KSLC,KOAK
11708,KONT,KSLC
11709,RJBB,VHHH
11710,KLAX,KBWI
11711,KPDX,KSFO
11712,KFLL,KDTW
11713,KSMF,KSFO
11714,GMMN,LFPG
11715,KSGF,KATL
11716,EHAM,EGLL
11717,KGYR,1AZ0
11718,KLGA,KDFW
11719,KMIA,KPHL
11720,KRVS,K2K9
11721,KDEN,KMSP
11722,KRSW,KORD
11723,4NC7,KRDU
11724,KLAW,KDFW
11725,KLAS,KPDX
11726,KSLC,KVNY
11727,KMGY,KI54
11728,KSFO,KPSP
11729,IS41,KLOT
11730,KDFW,KSLC
11731,KTUL,KOMA
11732,KSDL,19AZ
11733,KSMF,KLAX
11734,KONT,KSJC
11735,KLAX,KOAK
11736,KOPF,KTEB
11737,EIDW,LHBP
11738,KTUL,KDFW
11739,TJSJ,KJFK
11740,KDFW,KTUS
11741,OTHH,VIDP
11742,KSNA,KOAK
11743,KPHX,KSFO
11744,KLAS,KSEA
11745,K3B0,KORE
11746,KAPA,KSDL
11747,KDEN,KTUS
11748,KP08,KIWA
11749,KFXE,KOPF
11750,ESKN,EPKK
11751,KRDU,KBNA
11752,KCLE,KPHX
11753,KLAS,KBWI
11754,KSJC,KPSP
11755,NZWN,NZCH
11756,KOAK,KLAS
11757,KPDX,KSEA
11758,KDEN,KSJC
11759,37MI,KPTK
11760,KPAO,CA66
11761,KSQL,KHAF
11762,SBSP,SBRJ
11763,KHIO,KPAE
11764,KLAS,KSEA
11765,LTFJ,LTAC
11766,KPHX,AZ19
11767,KABE,KCLT
11768,UUEE,ULLI
11769,KFTW,K50F
11770,KLAS,KDAL
11771,KDEN,KDTW
11772,KSJC,KSLC
11773,KPNS,KATL
11774,KARR,KC09
11775,EDDK,LFPG
11776,KSLC,KLAX
11777,KOAK,KSLC
11778,KPVU,KU77
11779,KCMA,KVNY
11780,KVNY,KOXR
11781,KTUL,KDFW
11782,KSAN,KSJC
11783,KDEN,KSNA
11784,KORL,KDFW
11785,KDFW,KSNA
11786,KDEN,KMCI
11787,KPHX,KSAT
11788,KPSP,KSFO
11789,04TX,KDFW
11790,KMIA,SPJC
11791,EDDM,LIMC
11792,KISP,KBWI
11793,KAVP,KCLT
11794,KHWV,KISP
11795,KPAO,KC83
11796,LIBD,LIML
11797,KLAX,KSTS
11798,KBWI,KCLT
11799,KRFD,KBWI
11800,KHIO,KPAE
11801,KCRQ,KIWA
11802,KSAN,02XS
11803,KAJO,KCNO
11804,LEMG,EBBR
11805,K1G4,KLAS
11806,KFLL,KDAL
11807,KLGB,KPHX
11808,KDEN,KMCI
11809,KLAS,KDAL
11810,KEWR,01FA
11811,KGOK,0OK5
11812,KPAO,KHAF
11813,KPSP,KSLC
11814,KORL,KMCI
11815,EDDH,EKCH
11816,KSDL,KHND
11817,KABQ,KGNT
11818,KSRQ,KDFW
11819,KE95,KFFZ
11820,KMYF,KSBA
11821,KFRG,KJFK
11822,KSNA,KSLC
11823,KROC,KBWI
11824,KSMF,KSFO
11825,K61B,KU30
11826,KCMH,KBWI
11827,KSAT,KATL
11828,KMSP,KDFW
11829,UUEE,UNEE
11830,KPHX,KSJC
11831,KPOC,KMYF
11832,KHWD,KCCR
11833,KONT,KOAK
11834,KSFO,KSEA
11835,KDFW,KPHX
11836,KTOA,KFUL
11837,KDFW,KMIA
11838,KCMA,KUDD
11839,KMKE,KBNA
11840,OBBI,OMAA
11841,KLAS,KDFW
11842,KDFW,69TA
11843,KTPA,KMIA
11844,KAPF,KPTK
11845,KPAO,KHAF
11846,KRHV,KE16
11847,NZAA,NZWN
11848,KLAS,KLAX
11849,OERK,OEDF
11850,KHMT,KF70
11851,KL70,KCMA
11852,CYUL,KEWR
11853,KFAT,KPDX
11854,KPOC,KAVX
11855,KDEN,KSLC
11856,KTKI,KADS
11857,EIDW,EIKY
11858,KDEN,KSEA
11859,KDFW,SC97
11860,KBFI,61WA
11861,CYYC,CYVR
11862,KPHX,KPSP
11863,KRSW,KMDW
11864,ESSA,EVRA
11865,KTPA,KORD
11866,CYUL,CNV9
11867,KTEB,KOPF
11868,KFUL,KPOC
11869,KLAS,KBUR
11870,KPDX,KLAS
11871,KDFW,3KY4
11872,KPHX,KSLC
11873,KEMT,KBUR
11874,EIDW,EIDL
11875,KDEN,KSAN
11876,KCRQ,KSEE
11877,EGLL,LPPT
11878,KMSP,KDEN
11879,KSAC,KO61
11880,CYUL,KBOS
11881,KJYO,KOKV
11882,KPDX,KSLC
11883,CYVR,CYYJ
11884,KATL,KMIA
11885,KEMT,KCCB
11886,KDEN,KSFO
11887,KDEN,KOMA
11888,ULMM,UUEE
11889,LEMG,LIME
11890,KI69,KI54
11891,KATL,NC16
11892,KDFW,KPDX
11893,KLOU,59KY
11894,KBED,MA36
11895,KCCR,KHAF
11896,KDEN,KOKC
11897,EDDF,LSZH
11898,KLNS,KFDK
11899,KSNA,KCRQ
11900,KPIE,KAPF
11901,KIAH,4FL9
11902,KAUS,17TE
11903,KOAK,KSLC
11904,LHBP,LFPO
11905,KMDT,KCLT
11906,EGLL,LFPG
11907,KDEN,KFAT
11908,KHWO,KOPF
11909,KATL,KDTW
11910,KLAX,KPDX
11911,KLAS,KDFW
11912,KMDW,KOPF
11913,KDEN,KISM
11914,KCCB,2CN8
11915,KDFW,KSGF
11916,KBNA,KCLT
11917,CYUL,KLGA
11918,KORD,KATL
11919,KLGB,KTOA
11920,KGEU,KCHD
11921,KHWD,KPAO
11922,KDEN,CYYC
11923,KOAK,KSFO
11924,KLGA,KMIA
11925,KRIV,KBWI
11926,KFTW,KADS
11927,KATL,KSEA
11928,KSRQ,KIAD
11929,KEWR,KMCO
11930,KDTW,KBWI
11931,KPTK,KD95
11932,KBOI,KSDL
11933,KOSU,9OI5
11934,KLAS,KSLC
11935,KSLC,KLAX
11936,LFPB,LSGG
11937,KHPN,KCLT
11938,UWLL,UUWW
11939,KCRQ,KIWA
11940,KCLW,KPIE
11941,KPDX,KSLC
11942,KBFI,KOAK
11943,KATL,KOMA
11944,KATL,KEWR
11945,KSEF,KFMY
11946,KORF,KBWI
11947,KMDW,KLUK
11948,KGKY,20TE
11949,KDFW,KCTK
11950,KDFW,KIAD
11951,KMSP,KLAS
11952,KSFO,KSLC
11953,KAUS,KORD
11954,KCMH,KCLT
11955,KATL,KPNS
11956,KC83,KSQL
11957,KTPA,KDFW
11958,KTEX,KDEN
11959,KSDL,58AZ
11960,KRSW,KCMH
11961,KMSN,KATL
11962,KONT,KSFO
11963,KDFW,KSAT
11964,KSAN,KBWI
11965,KSEA,KBNA
11966,KDEN,KBUR
11967,KTUL,KSGS
11968,KSEE,KSBP
11969,KBUF,KBWI
11970,KPHL,KCLT
11971,KPAO,CA66
11972,KSDF,KDTW
11973,KATW,KMSP
11974,KATL,KDCA
11975,KSTS,KOAK
11976,KDEN,KMIA
11977,KCRQ,KCMA
11978,KRSW,KBOS
11979,6PA3,KPHL
11980,KMKE,KMSP
11981,KONT,KDFW
11982,KLAX,KSFO
11983,KPDK,KFTY
11984,PANC,6AK3
11985,KLVK,KCCR
11986,KSFO,KSEA
11987,KDFW,KPHL
11988,KATL,KRSW
11989,LPPD,LPPT
11990,KLGB,KFUL
11991,KMSP,KRSW
11992,KVNY,KSBP
11993,KOSU,KI23
11994,KMYF,KAVX
11995,KGAI,KHGR
11996,KRDU,KIAD
11997,KDFW,KSEA
11998,KLNS,KBWI
11999,KPHX,KBNA
12000,KBOS,KPHX
12001,KSQL,KAPC
12002,KRSW,KBOS
12003,KSNA,KAVX
12004,KTEB,KOPF
12005,KCHD,KGEU
12006,SBBR,SBSP
12007,KPSP,KBFI
12008,EKCH,LEMG
12009,KLVK,KEDU
12010,KSBP,KSFO
12011,TS11,KADS
12012,KDFW,KDEN
12013,CYYC,CYYZ
12014,KATL,KPHX
12015,KPAN,KPHX
12016,OERK,VIDP
12017,KSLC,KSJC
12018,NZGB,NZAA
12019,KPVD,KMDW
12020,KBOI,KDFW
12021,EBMB,LOWW
12022,KSLC,KLAS
12023,EGSS,LFPG
12024,KSFO,KLAX
12025,KLAX,KSFO
12026,KBOS,23NH
12027,PANC,KSEA
12028,KPHL,KSRQ
12029,KPSP,KDFW
12030,KSDL,KCRQ
12031,KVNY,KBFI
12032,KEWR,KLDJ
12033,KMGJ,KHPN
12034,KORL,KMDW
12035,KMSP,KIAD
12036,KSLC,KSAN
12037,SBRJ,SBSP
12038,KSMF,KSFO
12039,KTCY,KSQL
12040,KFXE,KPDK
12041,KBFI,KVNY
12042,EDDK,EPKT
12043,KTEB,8FA4
12044,KAUS,KDFW
12045,KDFW,KM99
12046,KTTF,KADG
12047,EGSS,LPPT
12048,KFDK,WV61
12049,KLGA,KRDU
12050,KBOS,KORD
12051,KIAD,KDTW
12052,KMSP,KPHX
12053,KJWY,KGPM
12054,KI74,43OA
12055,KRHV,KWVI
12056,VECC,VOBL
12057,KRHV,KWVI
12058,KHEF,VA87
12059,KVNY,KOPF
12060,5OR5,KBDN
12061,KMMU,KCDW
12062,KBNA,KMSP
12063,KSNA,KTOA
12064,KFMY,KIAD
12065,KPDX,KSJC
12066,KSAT,KSKF
12067,KJFK,KPHX
12068,KDEN,KPHL
12069,KDFW,KMCI
12070,KSAC,KAUN
12071,KSTS,KDVO
12072,KSMF,KLAX
12073,KMSP,KDTW
12074,KADS,TS54
12075,KPHX,KATL
12076,SBCO,SBSP
12077,KATL,KOKC
12078,CYVR,CAP3
12079,9OA9,KOSU
12080,KDAL,02XS
12081,KGEU,AZ05
12082,KLAS,KPDX
12083,CA66,KPAO
12084,KATL,KFLL
12085,KSRQ,KMKY
12086,KBED,61MA
12087,LPPR,LFPO
12088,KE16,KRHV
12089,KSJC,KLAS
12090,K52F,KXBP
12091,CYYZ,CYXU
12092,LIMC,UUEE
12093,KCEU,SC86
12094,KMKC,KSUS
12095,KDFW,KDAY
12096,LEMG,EIDW
12097,K9F9,KFTW
12098,KDEN,KPHX
12099,KAFW,KSEA
12100,WSSS,VHHH
12101,ENGM,EFHK
12102,KFLL,CYYZ
12103,KSLC,KSFO
12104,KDCA,KMDW
12105,KOKC,KDFW
12106,EDDW,EDDM
12107,KMSP,KATL
12108,KMSP,KJFK
12109,KFWN,KCDW
12110,KSAN,KDFW
12111,KALN,KMKC
12112,KTPA,KLGA
12113,KSLC,KPSP
12114,KDEN,KABQ
12115,KCMH,KFLL
12116,KFLL,SKBO
12117,KDTW,KDFW
12118,LPPT,LFPG
12119,KORF,KATL
12120,KHAF,KPAO
12121,KDFW,KSPI
12122,SBGL,SBGR
12123,KPHL,KMDW
12124,KSFO,35OR
12125,KAUS,KDAL
12126,KLAS,KATL
12127,VOBL,VIDP
12128,KDEN,KJFK
12129,KPHX,KSTL
12130,KATL,KTYS
12131,KSDL,KOLS
12132,KDEN,KOAK
12133,KATL,KORF
12134,KTTN,KRSW
12135,KBNA,KIAD
12136,KMSP,4WI4
12137,KSJC,KSAC
12138,EETN,EVRA
12139,KDTW,KCLT
12140,KORF,KCLT
12141,KIND,KEWR
12142,KBOI,KLAS
12143,KFLL,KBOS
12144,KDEN,KPDX
12145,47PA,KIAD
12146,KAPA,KVNY
12147,KALB,KMDW
12148,OI34,12II
12149,KDVO,4CL3
12150,KOPF,KTEB
12151,KPHX,KABQ
12152,EDDF,EFHK
12153,KATL,KRDU
12154,KLAS,KSNA
12155,KU77,KPVU
12156,KSAN,KORD
12157,K2K9,KRVS
12158,KDFW,KEWR
12159,EDDM,LSGG
12160,KORD,KJFK
12161,KDEN,KLAS
12162,KLAX,KSLC
12163,KHSV,KIAD
12164,KDEN,KIAD
12165,KSTS,KVCB
12166,KDFW,KUTA
12167,KSNA,KPHX
12168,EKCH,EVRA
12169,KPDX,KMSP
12170,VHHH,RKSI
12171,PANC,KLAX
12172,KRSW,KDTW
12173,KTCY,KHWD
12174,KTPA,KATL
12175,KATL,KLAX
12176,VOMM,VOBL
12177,KSFO,KPDX
12178,KSFO,KSNA
12179,NZAA,NZGB
12180,KATL,KLGA
12181,KSJC,KPDX
12182,KDFW,KTUL
12183,KSLC,KLAS
12184,KFLL,KRSW
12185,KROC,KVGC
12186,KDFW,KDCA
12187,KPHX,KBUR
12188,KDET,KPTK
12189,KAJO,KSNA
12190,KSTS,KO69
12191,KMSP,KCMH
12192,KSTS,KO69
12193,KSAN,KMSP
12194,KSNA,KLGB
12195,KORD,KLGA
12196,KLAX,KSFO
12197,KPDX,KSAN
12198,KLAS,KOAK
12199,KDTW,KPHX
12200,KDTW,KOUN
12201,KORF,KMIA
12202,KDEN,KBOI
12203,KDFW,KABQ
12204,KATL,KIAD
12205,KHSV,KATL
12206,KORD,KDFW
12207,KATL,KDEN
12208,EDDM,LIRQ
12209,KLAS,KDTW
12210,KMCI,KMSP
12211,KMDW,KCMH
12212,KMSP,KEWR
12213,KSTL,KCLT
12214,LEIB,LEPA
12215,KCVG,KATL
12216,KFLL,KSTL
12217,KDEN,KCOS
12218,NZAA,NZCH
12219,RKSI,RCTP
12220,KDEN,KPSP
12221,KPSP,KCRQ
12222,KEWR,KMIA
12223,KMIA,KIAD
12224,KADS,KGDJ
12225,74XA,KGPM
12226,IL38,KJVL
12227,NZAA,NZAP
12228,KLAS,KSDF
12229,KLAX,KBNA
12230,KDEN,KDCA
12231,KORL,KLAS
12232,TJSJ,KJFK
12233,KCLW,KSPG
12234,UUWW,UWWE
12235,KSYR,KMTN
12236,KMSP,KORD
12237,KDFW,KBNA
12238,LIPE,LICJ
12239,LPPR,LSZH
12240,KFLL,KATL
12241,OMDB,OBBI
12242,KPHX,KLGB
12243,LEIB,LEPA
12244,EDDF,ELLX
12245,KHEF,VA87
12246,KDEN,KEWR
12247,KPSP,KLAX
12248,KDFW,KVPS
12249,KRYY,KOPF
12250,KDFW,KSAF
12251,KSTL,KMSP
12252,KMDW,KDAL
12253,KSMF,KBUR
12254,KCOS,KDEN
12255,KRSW,CYYZ
12256,UKBB,EDDP
12257,KRDU,KLAS
12258,KABQ,KORD
12259,KSBA,KOXR
12260,KTDF,KRDU
12261,KBUR,KSNA
12262,KDEN,KSBA
12263,KDFW,KCOS
12264,KCRQ,KL35
12265,LTAC,LTFJ
12266,EPGD,EGGW
12267,KMIA,KDTW
12268,CYYC,CYUL
12269,KDTW,KRDU
12270,KRDU,KATL
12271,KDFW,KLGA
12272,KPHX,02XS
12273,KLAS,KLGB
12274,OMDB,VIDP
12275,UUWW,ULLI
12276,KMWC,WI77
12277,KRSW,KSTL
12278,ESSA,EHAM
12279,LEAL,EBCI
12280,KLGA,KATL
12281,EDDF,LOWW
12282,KMDW,KBWI
12283,KLOM,KLNS
12284,KMMU,KTEB
12285,KSGH,KMGY
12286,KCLT,KIAD
12287,KDFW,KPNS
12288,KHOU,KDFW
12289,KPWK,K3CK
12290,KDTW,KMSP
12291,KPHX,KPAE
12292,KSRQ,KMSP
12293,KFLL,KIAD
12294,KRHV,KE16
12295,CZBB,CYPK
12296,KSEA,KORD
12297,KLAS,KSFO
12298,KRDU,KMDW
12299,LHBP,UUEE
12300,KMIA,SKBO
12301,KGRI,KDFW
12302,KRHV,9CL2
12303,KDFW,KSDF
12304,KOSU,KUYF
12305,KMSN,KDFW
12306,KHEF,KHWY
12307,KRSW,CYYZ
12308,27CL,KLAS
12309,KLNS,KJYO
12310,KPHX,KABQ
12311,KPDX,KORD
12312,KMSP,KPHL
12313,KDEN,KSNA
12314,KCPS,7IS2
12315,CYYZ,CYUL
12316,KGSO,KDFW
12317,KSJC,KLAX
12318,KHEF,06VA
12319,KJNX,KRDU
12320,KBWI,KBNA
12321,KDTW,KRSW
12322,KSYR,KFZY
12323,KBUF,KROC
12324,KSUS,KALN
12325,K52F,KAFW
12326,KLAX,KFLL
12327,KC83,KLVK
12328,KA39,KSDL
12329,KSNA,KOAK
12330,KMDW,KBUF
12331,KAUS,KEWR
12332,KONT,KPDX
12333,KATL,KIAD
12334,KPHX,KDFW
12335,KRVS,OK13
12336,KSJC,02XS
12337,KRHV,KE16
12338,KDEN,KSBP
12339,KOAK,KLAS
12340,KDFW,KSAN
12341,UWLL,UUEE
12342,KHAF,KPAO
12343,KDTW,KDAY
12344,KFLL,MROC
12345,KOMA,KMSP
12346,LEMG,EGLL
12347,KRSW,KIAD
12348,KA39,KCHD
12349,KORF,KIAD
12350,KSEE,KHMT
12351,KSLC,KSJC
12352,KLGA,KORD
12353,KEWR,KDCA
12354,KSDL,KLAS
12355,KSEA,KSNA
12356,KDEN,KMSP
12357,KFLL,KATL
12358,KATL,KDFW
12359,KYKM,KBFI
12360,NZWP,NZKF
12361,IL38,KJVL
12362,KOAK,KPHX
12363,KECP,KATL
12364,KLAS,KOAK
12365,KSFO,KABQ
12366,KMQS,JY04
12367,KIND,KDTW
12368,VOBL,VABB
12369,KATL,KMSP
12370,KSNA,KLAS
12371,KSEA,KLAS
12372,KLAX,KSEA
12373,KDFW,KCMI
12374,KDEN,KBNA
12375,KPHL,KTEB
12376,LTFJ,EDDK
12377,KMDQ,AL29
12378,KPAO,K1O2
12379,EHAM,LOWW
12380,CYUL,KIAD
12381,KMCI,KIAD
12382,KHSV,KDFW
12383,KLAX,KPSP
12384,KORF,KORD
12385,KTPA,KBKL
12386,KSUU,KNZY
12387,KDFW,KLGA
12388,19OK,KRVS
12389,KSEA,KSAN
12390,KDFW,02XS
12391,KCLE,KDTW
12392,KSAN,KPAE
12393,KPTK,75MI
12394,CYUL,KFLL
12395,KAVX,KMYF
12396,KFLL,KDAL
12397,KE16,KRHV
12398,KMDW,KCLT
12399,KLAX,KDFW
12400,KSNA,KSEE
12401,KTYS,KDFW
12402,KDFW,KLAS
12403,KMCI,KPHX
12404,KO69,KVCB
12405,NZNV,NZCH
12406,KBWI,KBNA
12407,KMGY,43OA
12408,FD77,KSPG
12409,KPAO,KHWD
12410,KVNY,KBNA
12411,KDEN,KORD
12412,KPAE,KAWO
12413,KBUR,KDFW
12414,KC83,KPAO
12415,NZAA,NZPM
12416,EDDF,LIPX
12417,OH66,KLUK
12418,CYUL,CYYZ
12419,KMDW,KLGA
12420,KPHX,KSEA
12421,KSEA,KATL
12422,KSKA,KSEA
12423,KORL,KSTL
12424,KAPF,KLUK
12425,KBUF,KLAS
12426,KDFW,KLAX
12427,KHAF,KSQL
12428,9NC9,KORD
12429,KHOU,XA64
12430,KDEN,KSLC
12431,KPHN,KPTK
12432,KSEA,KPDX
12433,EDDM,EBBR
12434,KBNA,KRSW
12435,KLAS,KCMH
12436,KMDW,KSDF
12437,KDTW,KIAD
12438,KDFW,KEWR
12439,KSFO,KSBP
12440,KSEA,KYKM
12441,LEAL,EGGW
12442,LPPT,LPPR
12443,KMDW,KDTW
12444,KVPS,KDFW
12445,KFLL,KMSP
12446,KTCY,KHWD
12447,KFAY,KATL
12448,WA49,KPDX
12449,KOSU,75OI
12450,KDEN,KFLL
12451,CYUL,KTEB
12452,KSTS,KDVO
12453,KONT,KSEA
12454,KRSW,KMSP
12455,KC83,KOAK
12456,KTEB,CYYZ
12457,KPAE,KAWO
12458,EKCH,ENGM
12459,KDFW,KSLC
12460,KCMH,KDTW
12461,KRNM,KMYF
12462,KBFI,KAWO
12463,KCVG,KEWR
12464,CYYC,CAM3
12465,KSFO,KPHX
12466,CYYZ,CYVR
12467,KSEA,35OR
12468,SBRJ,SBGR
12469,KPDK,KWDR
12470,KC29,KC47
12471,LFPO,LEBL
12472,KATL,KBOS
12473,KC83,KSQL
12474,KC83,KOAK
12475,KPHL,KIAD
12476,KORL,KMSP
12477,9NC9,KCLT
12478,KCMH,KRSW
12479,CZBB,CYCW
12480,KMDW,KMCI
12481,KPRB,KSNA
12482,KLAS,KORD
12483,KSDL,KIWA
12484,KFFZ,KP13
12485,KSMF,KSNA
12486,KPDX,KLAX
12487,KATL,KPHL
12488,KMYF,KHMT
12489,KO69,KSQL
12490,KDFW,KGOP
12491,KSEA,KSBP
12492,SKBO,KMIA
12493,KSVH,KAND
12494,KTOA,KAVX
12495,KPOC,KEMT
12496,SPJC,SPST
12497,KBOS,KATL
12498,TJSJ,KEWR
12499,KMDW,KORF
12500,KHND,KSNA
12501,KOKM,KRVS
12502,KBED,KOPF
12503,KPHL,KAGC
12504,KAFW,0TS2
12505,OTHH,VABB
12506,KLAX,KABQ
12507,KSEA,KLAX
12508,CYYZ,CYOW
12509,KSTS,CL36
12510,KCLT,KATL
12511,VHHH,RKSI
12512,UUEE,UWWW
12513,K50R,TX05
12514,KLAS,KSEA
12515,KSEA,KPSP
12516,KLAX,KLAS
12517,KDTW,KBOS
12518,KHYA,KBOS
12519,KORL,KORD
12520,KOAK,KBUR
12521,KATL,KDTW
12522,KFOK,KFRG
12523,KPDX,KLAX
12524,LSZM,EDDP
12525,KTYS,KBNA
12526,KDEN,KBWI
12527,KTUL,KIAD
12528,KMDW,KOMA
12529,KSRQ,KBOS
12530,KSMO,KSNA
12531,KBWI,KFLL
12532,KCLT,KEWR
12533,KSEA,KTUS
12534,KRSW,KLGA
12535,KVNY,KSBA
12536,KSTL,KIAD
12537,RKSI,RCTP
12538,KORD,KDTW
12539,KFOK,KFRG
12540,KCMH,KEWR
12541,LFPG,LOWW
12542,KMSP,KIAD
12543,SBGR,SBRJ
12544,KPHX,KMSP
12545,LIRA,EIDW
12546,SBSP,SSJC
12547,EKBI,LEMG
12548,KF00,KTKI
12549,KCOS,KLAS
12550,KORF,KDCA
12551,KSFO,KTUS
12552,CYVR,KSEA
12553,KLAS,KBUF
12554,KLAX,KATL
12555,KCHD,KFFZ
12556,KDET,KTEB
12557,KLGA,KMDW
12558,KORD,KLAX
12559,KHOU,KDAL
12560,KSNA,KSEA
12561,KBOS,KRSW
12562,KDTW,KATL
12563,LEMG,LSGG
12564,KRDU,KMCF
12565,KLGB,KOAK
12566,KTYS,KPHL
12567,2XA5,85TE
12568,KSEA,KGEG
12569,KD95,KPTK
12570,KLAS,KDTW
12571,KPHX,KLAX
12572,KATL,KMCI
12573,KSFO,KLAX
12574,KDEN,KSTL
12575,KLAX,KMSP
12576,KLGB,KSNA
12577,KCRQ,KSNA
12578,KOAK,KLAS
12579,VIDP,OMSJ
12580,KBOS,KIAD
12581,KSBA,KSNA
12582,KDCA,KPHX
12583,KMDW,KPHX
12584,NZCH,NZWN
12585,KSEA,KGEG
12586,LIMC,LIRF
12587,OERK,OEDF
12588,KTKI,KHQZ
12589,KDTW,CYYZ
12590,KSYR,KORD
12591,KTPA,KPHL
12592,LEAL,EGNM
12593,KATL,KEWR
12594,NZCH,NZWN
12595,KPTK,KD95
12596,CL36,KO60
12597,KRVS,KH76
12598,KAUS,02XS
12599,KOAK,KLGB
12600,VIDP,VOBL
12601,KSFO,KLAX
12602,VECC,VOBL
12603,KORL,KPHL
12604,KABE,KCLT
12605,KCGZ,KCHD
12606,KLAS,KDFW
12607,KSTL,KDFW
12608,KRQO,KPWA
12609,3TX2,XS92
12610,KPHX,KPDX
12611,KRDU,KCLT
12612,CYVR,CYYC
12613,TJSJ,KATL
12614,KMDW,KDAL
12615,KMYF,KSDM
12616,KMIA,KMSP
12617,EGGW,EPWA
12618,LEMG,LFPO
12619,KSFO,KLAX
12620,KATL,SC97
12621,KLAS,KDAL
12622,WSSS,VHHH
12623,KRVS,19OK
12624,KGVT,KADS
12625,KORL,KDEN
12626,KHOU,KLAS
12627,KSEA,KPHX
12628,KORD,KDCA
12629,KPHX,KSNA
12630,KDAL,KMDW
12631,KDEN,KORD
12632,KVCB,KHAF
12633,KDAY,KIAD
12634,KPSP,KPDX
12635,KCLT,KMIA
12636,KMIA,KEWR
12637,74OR,73OR
12638,KSEA,KSFO
12639,KPHX,KSEA
12640,KMDW,KRDU
12641,KSAN,KPDX
12642,NZAA,NZWR
12643,KBOI,KORD
12644,KPHL,KFLL
12645,KTKI,KADS
12646,KSMO,KSNA
12647,KJFK,KMIA
12648,KFZY,KSYR
12649,KBUR,KSEA
12650,KFLL,KMDW
12651,KDEN,KATL
12652,EDDF,EGLL
12653,KSFO,KPSP
12654,RKSI,RCTP
12655,KABQ,KDFW
12656,KORD,KLGA
12657,KDUJ,PN49
12658,SBGL,SBSP
12659,ENGM,ESSA
12660,KMCI,KMDW
12661,KDEN,KLAS
12662,KSAN,02XS
12663,KCRQ,KSNA
12664,EHAM,EDDM
12665,KRYY,KJZP
12666,KCLT,KDFW
12667,KSEA,KFAT
12668,KRVS,19OK
12669,KDEN,KISM
12670,KVNY,KLAS
12671,EDDF,LSGG
12672,KSKA,KSEA
12673,KRDU,KHRJ
12674,KPHX,KSAN
12675,EDDF,UKBB
12676,KOKC,KPHX
12677,KBNA,KDFW
12678,LEIB,LEPA
12679,KLUK,KAPA
12680,EDDM,EDDH
12681,KCGZ,KFFZ
12682,KTPA,KMSP
12683,KIND,KIAD
12684,CZBB,CYCW
12685,KPDK,KWDR
12686,SBGL,SSJC
12687,LPPR,LFPO
12688,KFLL,KORD
12689,KHQZ,KADS
12690,KATL,KSTL
12691,VIDP,VABB
12692,KFFZ,KAVQ
12693,KEWR,KDEN
12694,KLAX,KSFO
12695,KOMA,KDFW
12696,KEWR,KLDJ
12697,KPHX,KBUR
12698,KOKB,KF70
12699,EHAM,LFPG
12700,KBED,KBVY
12701,KFFZ,19AZ
12702,KSEA,KLAS
12703,KMDW,KMSP
12704,KSLC,KORD
12705,KCRQ,KIWA
12706,KCCB,KEMT
12707,KBUF,KMDW
12708,UUEE,ULMM
12709,EGLL,LOWW
12710,LPPT,LFPO
12711,KDEN,KMDW
12712,KCMA,KSBA
12713,KGAI,KHPN
12714,LPPR,LSGG
12715,KAUS,KATL
12716,KECP,KMKC
12717,KCVG,KDTW
12718,KSNA,KFUL
12719,CYPK,CAM3
12720,LTFJ,EDDK
12721,CYYZ,CYYC
12722,KPHX,KMCI
12723,KDCA,KDAL
12724,KVPS,KATL
12725,SBSP,SBRJ
12726,KTPA,KBWI
12727,KPSP,KSEA
12728,KDEN,KFLL
12729,K1T7,9TX5
12730,KMCI,KDFW
12731,KOKC,KORD
12732,EDLW,UKKK
12733,KLAS,KABQ
12734,KMSN,KATW
12735,CYYZ,KIAD
12736,KSFO,CYVR
12737,KRDU,KMIA
12738,KSEA,KMSP
12739,KSFO,KSAN
12740,KA39,KFFZ
12741,KPHX,KORD
12742,KTCY,KSQL
12743,KCHD,KDVT
12744,KFLL,KEWR
12745,KHWD,KLVK
12746,KGAI,KDMW
12747,KAPA,KOPF
12748,KEWR,KATL
12749,KPHX,KSLC
12750,KSAN,KPHX
12751,KMSP,KTOB
12752,KAPF,KPTK
12753,KLAS,KATL
12754,KSEA,KLAS
12755,KFLL,KMSP
12756,KSFO,KMSP
12757,KTUS,KIWA
12758,KDEN,KTUS
12759,KSFO,KLAS
12760,KDAL,KATL
12761,KGAI,KLNS
12762,KLGA,KIAD
12763,KE16,KRHV
12764,KTPA,KDTW
12765,KMSP,KLAX
12766,KCVG,KIAD
12767,KTYS,KIAD
12768,KGEU,KDVT
12769,CYYC,CYVR
12770,KMGY,43OA
12771,K3B0,5MA3
12772,KTOA,KSNA
12773,KDEN,KSLC
12774,KATL,KMIA
12775,KBOS,KMSS
12776,KLAS,KMSP
12777,KMCI,KLAX
12778,TXKF,KATL
12779,KSNA,KCMA
12780,74XA,KRBD
12781,KBOS,KCLT
12782,KSAN,KABQ
12783,UUEE,UMMS
12784,CZBB,CYYJ
12785,KEDC,XS80
12786,KSTS,KDVO
12787,KAUS,KDAL
12788,KATL,KVPS
12789,KCHD,KFFZ
12790,EHAM,LIPZ
12791,KFTW,KLUD
12792,KPSP,KSEA
12793,UMMS,UKKK
12794,KLAS,KMCI
12795,KBFI,KYKM
12796,KATL,KLAS
12797,KMDT,KIAD
12798,KRSW,KATL
12799,KGPH,KMKC
12800,KOKC,KSEA
12801,KPVD,KIAD
12802,OMSJ,VABB
12803,KMYF,KRNM
12804,KLAS,KSLC
12805,KCHD,KFFZ
12806,SC86,4SC4
12807,KMIA,KBWI
12808,KDEN,KSEA
12809,KRDU,KISO
12810,KCVG,KJFK
12811,KWVI,KRHV
12812,KPHX,KPDX
12813,KPAE,WN51
12814,KCMH,KMDW
12815,KATL,KLAS
12816,KDEN,KPSP
12817,KDCA,KATL
12818,KTKI,KGVT
12819,RCTP,WSSS
12820,LEAL,EGGD
12821,KBOS,01FA
12822,BIKF,EBLG
12823,KATW,KMWC
12824,LIMC,EDDP
12825,KLOM,KLNS
12826,KSAN,KSEA
12827,KPHX,KOMA
12828,KIND,KATL
12829,KBJC,K11V
12830,ULLI,UUEE
12831,NZGB,NZAA
12832,KLAF,4II0
12833,ESSA,EFHK
12834,KLAX,KDAL
12835,KDTW,KMDW
12836,KPHX,KPSP
12837,KMIA,KORD
12838,KPDX,KPHX
12839,KSAN,KSTS
12840,KOKC,KDEN
12841,KSMF,KSAN
12842,KPHX,KDAL
12843,KC83,KOAK
12844,KPAO,KC83
12845,KMKE,KATL
12846,JY04,KMQS
12847,KFLL,KPHL
12848,KRHV,KSTS
12849,OMDB,VIDP
12850,ULLI,UUWW
12851,KSAN,KSEA
12852,KPHL,KDEN
12853,OI34,7OA7
12854,KI74,KSGH
12855,EGPH,EPGD
12856,KI17,1OI9
12857,EDDM,EIDW
12858,KLGB,KEMT
12859,KTPA,KEWR
12860,KORD,KPHX
12861,KDVT,KGEU
12862,KSLC,KLAX
12863,SBSP,SSJC
12864,KSYR,KIAD
12865,KOAK,KLAX
12866,KSQL,KTCY
12867,KORD,KSEA
12868,KUAO,KBDN
12869,74OR,OR59
12870,KSFO,KBOI
12871,KFLL,KATL
12872,KMYF,KRNM
12873,KSAT,KLAS
12874,KORL,KORD
12875,KHOU,KSAN
12876,NZAA,YMML
12877,EDDF,EETN
12878,KRSW,KEWR
12879,KSAT,KBNA
12880,VHHH,WSSS
12881,KLZU,0GA4
12882,KOPF,KHWO
12883,KBUF,KIAD
12884,EHAM,EFHK
12885,27CL,KSEA
12886,KDCA,KMCO
12887,SBSP,SBBR
12888,KCLT,KPHX
12889,KPHX,KLAX
12890,KFFZ,88AZ
12891,KLAS,KSAN
12892,KRDU,KMCO
12893,LEPA,LSGG
12894,KMCI,KATL
12895,KOMA,KORD
12896,KRSW,KDTW
12897,NZCH,NZHN
12898,KATL,KRSW
12899,KROC,KIAD
12900,EDDF,LFPG
12901,KSEA,KBOI
12902,KTPA,KSRQ
12903,KOAK,CA66
12904,VOMM,OMSJ
12905,KDEN,3KY4
12906,KYIP,KY47
12907,KMNN,KOSU
12908,CYYZ,KDCA
12909,PN14,KBTP
12910,KFLL,KMDW
12911,KSEA,KPHX
12912,KBNA,KFLL
12913,KDEN,KSEA
12914,KSTL,KLGA
12915,LFPG,LSGG
12916,KGKY,KLXY
12917,LEBL,LROP
12918,EHAM,EDDB
12919,KLAX,KLAS
12920,KMSN,KUES
12921,KRVS,KADS
12922,KSEA,KPDX
12923,EHAM,ESGG
12924,SBVT,SBRJ
12925,KDEN,KLAX
12926,ULLI,UUDD
12927,KSAN,KMDW
12928,CYYZ,KEWR
12929,KFNT,KPTK
12930,KBOS,KJFK
12931,KHPN,KBED
12932,KPAN,KDVT
12933,KRHV,KE16
12934,RJBB,RCTP
12935,KDAL,02XS
12936,KCMA,KOXR
12937,KADS,KTKI
12938,KSAT,KBWI
12939,KMDW,KATL
12940,KSEA,KOAK
12941,MI45,KPTK
12942,EDDF,LHBP
12943,LTFJ,EDDV
12944,KPHX,KSFO
12945,KMMU,K47N
12946,KORL,KORD
12947,LTBA,EDDP
12948,KBOI,KLAX
12949,KSRQ,KATL
12950,KTEB,KJFK
12951,YMML,YBBN
12952,KMSP,KATL
12953,KSAT,KATL
12954,KPSP,KPHX
12955,KORD,KDCA
12956,KONT,KSEA
12957,LFPG,LFBO
12958,KATL,KSLC
12959,KRHV,KSQL
12960,EHAM,EGLL
12961,NZAA,NZWN
12962,KPHX,KLAS
12963,EGPH,EPMO
12964,EHAM,LIRF
12965,KORD,KATL
12966,KDCA,KMIA
12967,KLAX,KLAS
12968,VT48,KIAD
12969,KBNA,KORD
12970,KPSP,KSNA
12971,KDEN,KPHX
12972,KMDT,KCLT
12973,LPPR,EGSS
12974,UUEE,ULLI
12975,KTEB,KCMH
12976,KPDX,KSNA
12977,KIXD,SN59
12978,KPHX,KDFW
12979,CYYZ,KORD
12980,KSLC,KVNY
12981,KSEE,CL33
12982,LFPG,LFRJ
12983,KSEA,CYVR
12984,KRSW,KMDW
12985,KORD,KDAY
12986,KTPA,KMIA
12987,KSDL,KOMA
12988,KBOS,KATL
12989,KCVG,KMIA
12990,KSAN,KOAK
12991,KHPN,KFRG
12992,EFOU,EFHK
12993,KJFK,KRDU
12994,KPHX,KDTW
12995,KMYF,KAVX
12996,KLAS,KMDW
12997,KDAL,KSAT
12998,CYVR,CYYC
12999,KBNA,KLAS
13000,CYYJ,CAM3
13001,TA06,KADS
13002,KBWI,KWRI
13003,YMML,YPAD
13004,KRHV,KHAF
13005,KPDX,KSEA
13006,KBOI,KDFW
13007,LIRF,LICJ
13008,KCLE,KORD
13009,KMDW,KLAS
13010,KORF,KIAD
13011,KSEE,KHMT
13012,OERK,OBBI
13013,NZCH,NZNV
13014,KORD,KCLE
13015,KSEA,KBUR
13016,KADS,KGVT
13017,KSBA,KVNY
13018,KBOI,KSMF
13019,5OI0,KLUK
13020,KRVS,K3F7
13021,KVNY,KSDL
13022,CYPQ,CTN7
13023,NZAA,NZPM
13024,KEWR,KBNA
13025,KLVK,KPAO
13026,KALB,KCLT
13027,KCGZ,KDVT
13028,KCRQ,KHMT
13029,CYYC,KSFO
13030,KDCA,KECP
13031,KRHV,KSNS
13032,KRDU,KIAD
13033,KCLE,KMDW
13034,KORD,KIAD
13035,VHHH,WSSS
13036,KOAK,KC83
13037,CYNJ,CYXX
13038,YSSY,YSWG
13039,KDAL,KATL
13040,KDFW,KATL
13041,SBSP,SBRJ
13042,KRFD,KSEA
13043,KSFO,KPDX
13044,EDDF,ENGM
13045,45OH,KI69
13046,KEWR,KFLL
13047,KDEN,KBOS
13048,KBNA,KATL
13049,KFRG,KACY
13050,KORD,K8C4
13051,KOPF,KBED
13052,KDUJ,KBWI
13053,KE16,KRHV
13054,KMDW,KRSW
13055,KSTL,KSEA
13056,KORD,KSDF
13057,OTHH,VIDP
13058,KBOI,KSEA
13059,EPKK,EGCC
13060,LSZH,LPPR
13061,KORD,KGRB
13062,KTEB,KTTN
13063,KORL,KBOS
13064,KRSW,KBKL
13065,KBOS,KORD
13066,KEWR,KATL
13067,KBOI,KSEA
13068,KDFW,KLAX
13069,KCLT,KFLL
13070,KSEA,KORD
13071,KPSP,CYYC
13072,89LL,KLOT
13073,KAJO,KF70
13074,SBGR,SSJC
13075,KAPA,KDVT
13076,EHAM,LOWW
13077,KSFO,KIZA
13078,KDFW,KDEN
13079,KORD,KDTW
13080,LFPG,LFBD
13081,KSTL,KSAN
13082,KMLI,KORD
13083,KEWR,KDTW
13084,EDDF,ESSA
13085,KLAS,KLAX
13086,KBOS,KFLL
13087,NZWN,NZHN
13088,CYYZ,KIAD
13089,KSEA,KMSP
13090,KSVH,3NC0
13091,KORD,KMCI
13092,KSTL,KEWR
13093,EHAM,LSZH
13094,YMML,YBMC
13095,KMYF,KHMT
13096,KRYY,GE35
13097,KHIO,4OR7
13098,KATL,KORD
13099,KBVY,KBED
13100,27CL,KPHX
13101,KLAX,KORD
13102,KDAL,KLAS
13103,LFPG,LTBA
13104,KRDU,4NC7
13105,EHAM,ENGM
13106,KIWA,AZ00
13107,TJSJ,KMIA
13108,KRDU,KORD
13109,KTKI,K7F3
13110,KTEB,KTTN
13111,KBWI,KORD
13112,KPTK,75MI
13113,WMKK,ZGSZ
13114,KCMA,KSNA
13115,KJFK,KRSW
13116,KDFW,KECP
13117,KGDJ,KADS
13118,KFLL,KHWO
13119,KATL,KORD
13120,KOMA,KPHX
13121,KORD,71KY
13122,KRSW,KORD
13123,YBBN,YCBG
13124,KATL,KORF
13125,KPSP,KORD
13126,KPHL,KATL
13127,KTPA,KBOS
13128,EHAM,LPPT
13129,KUYF,KOSU
13130,KRVS,2OK4
13131,KTUS,KATL
13132,EGLL,EGPD
13133,MROC,KATL
13134,EHAM,ESSA
13135,NZAA,NZCH
13136,KORD,KATW
13137,KHOU,KDEN
13138,CYYJ,CML2
13139,KSNA,KPHX
13140,KBVY,KBED
13141,KJFK,KMSP
13142,KPRB,KSBP
13143,KORD,KLNK
13144,KCRQ,KAVX
13145,KFLL,KORD
13146,CYYZ,KBOS
13147,EDDF,EPWA
13148,KRSW,KBWI
13149,KPHL,KPTW
13150,19XS,KGKY
13151,KRNV,KGLH
13152,EHAM,EKCH
13153,KSFO,KGEG
13154,KLGB,02XS
13155,KPDK,KLUK
13156,EKCH,ESGG
13157,KSRQ,KORD
13158,KDFW,KMSP
13159,KDAL,KPHX
13160,KSDM,KMYF
13161,KATL,KECP
13162,KATL,02XS
13163,KTPA,KATL
13164,NZCH,NZAA
13165,NZAA,YMML
13166,EDDF,EPKK
13167,LEIB,EHAM
13168,KFLL,KDTW
13169,CYYC,CYVR
13170,EHAM,EPKK
13171,KSQL,KLVK
13172,KAFW,0TS2
13173,KLGA,KORD
13174,SBGR,SBBR
13175,LEPA,LEMH
13176,CYYJ,CYYC
13177,KLAX,KORD
13178,OMDB,OBBI
13179,WSSS,VHHH
13180,TJSJ,KMIA
13181,KPAE,61WA
13182,KIAD,90VA
13183,KSAN,KDAL
13184,KSRQ,KOPF
13185,ELLX,LPPT
13186,CYYZ,CNV9
13187,KJFK,KFLL
13188,16MI,KORD
13189,CYKF,CNQ4
13190,KADG,OH90
13191,YSBK,YKEP
13192,KPHL,KORD
13193,EHAM,LHBP
13194,KTCY,KSQL
13195,KMDW,KISM
13196,KLAX,KPSP
13197,KVES,KI73
13198,KGKY,TA05
13199,KBFI,WA22
13200,NZAA,NZGB
13201,KLNS,KGAI
13202,KATL,KBNA
13203,KEWR,KLDJ
13204,KAUS,KORD
13205,EHAM,LIMC
13206,TS11,KADS
13207,KIAH,KSAN
13208,KSTL,KORD
13209,KCLE,KATL
13210,KORD,KLAS
13211,KORL,KBNA
13212,KTPA,KATL
13213,EBMB,EKCH
13214,EIDW,EGSS
13215,KSFO,KBUR
13216,YMML,YBCG
13217,KOPF,KTEB
13218,KMCI,KORD
13219,KBNA,KFLL
13220,64OR,KVUO
13221,TJSJ,FD37
13222,EHAM,EGBB
13223,EDDF,EKCH
13224,KPHX,KATL
13225,KSBD,KFUL
13226,MI50,KD98
13227,KAVP,KIAD
13228,NZCH,NZRO
13229,KCMH,KORD
13230,KRDU,KHRJ
13231,KHPN,KABE
13232,KJFK,KDCA
13233,KFLL,KBWI
13234,KDAL,KSTL
13235,KBOS,KDFW
13236,KLNS,KLOM
13237,CZBB,CYYJ
13238,KEWR,KMIA
13239,EDDF,UUEE
13240,KGSO,KATL
13241,LIBD,EGSS
13242,KORD,KBNA
13243,KBOS,K1B9
13244,KATL,KJFK
13245,KI74,KI69
13246,KOPF,KHWO
13247,KDEN,KDFW
13248,CYOW,CYUL
13249,SKBO,KFLL
13250,KAWO,KPAE
13251,KTOA,KSEE
13252,KTOL,KORD
13253,KSDM,KCRQ
13254,KSQL,KSFO
13255,CYYC,KMSP
13256,VHHH,RJBB
13257,CZBB,CYCW
13258,KORD,KSYR
13259,KFLL,KRDU
13260,K4B8,KHPN
13261,KDCA,KMSP
13262,KPAO,KE16
13263,YMML,YBCG
13264,KTUS,KLAX
13265,KAFW,K52F
13266,KORD,KSTL
13267,KHOU,KBNA
13268,KPSP,KSFO
13269,KLGA,01FA
13270,KJVL,KUGN
13271,KEWR,KIAD
13272,EDDF,EDDH
13273,KSAC,KO69
13274,KMSP,KBWI
13275,KSLC,KSAN
13276,KBNG,KSNA
13277,K1T7,9TX5
13278,KPHL,KBOS
13279,KPAE,80WA
13280,YMML,YBBN
13281,74XA,KRBD
13282,VHHH,RKSI
13283,KGSO,KIAD
13284,KDAL,KBNA
13285,KTEB,KCLT
13286,CYXX,CYYC
13287,KBMI,KORD
13288,KMHT,KHVN
13289,KDTW,KORD
13290,KPHX,KORD
13291,KSRQ,KLGA
13292,KMCI,KISM
13293,KHOU,KTUL
13294,KFLL,KDAL
13295,KMIA,KATL
13296,EDDF,EDDM
13297,KJNX,KRDU
13298,KSFO,KSLC
13299,KHWD,KVCB
13300,KJFK,KRSW
13301,MI99,KPTK
13302,KORD,KSRQ
13303,KTTD,6OR8
13304,KDCA,KLGA
13305,KTEB,KFYJ
13306,YBUN,YPJT
13307,EDDF,EDDV
13308,KMLI,KORD
13309,KSFO,KLAX
13310,KOKC,KBNA
13311,KTPA,KSDF
13312,KVNY,KPHX
13313,KSFO,KSEA
13314,KMGY,43OA
13315,KATW,KORD
13316,KSLK,KBOS
13317,KATL,KMDW
13318,KDFW,KSAT
13319,SBRJ,SBSP
13320,KATL,KPNS
13321,KPVU,KU14
13322,MROC,KMIA
13323,KDCA,KORD
13324,CYYJ,CZBB
13325,EHAM,EGPG
13326,KORD,KISM
13327,KRYY,4GA9
13328,KHWO,KOPF
13329,KORD,KMDT
13330,KCEU,SC24
13331,K3CK,KDPA
13332,KGPM,KTKI
13333,KBWI,KFLL
13334,KSFO,KDAL
13335,KPSP,KSBA
13336,KBNA,KSTL
13337,CA66,KPAO
13338,KMKE,KUGN
13339,KRSW,KMKE
13340,18AZ,57AZ
13341,YMML,YBMC
13342,KHOU,KMCI
13343,KECP,KTYS
13344,EDDF,EDDS
13345,KVNY,KLAS
13346,LFPG,ESSA
13347,KPAE,KBVS
13348,KCMH,KCLT
13349,KDCA,KBOS
13350,KCEU,SC24
13351,KC83,KPAO
13352,KMCI,KSEA
13353,KPDK,KSRQ
13354,KSQL,CA66
13355,KPDX,KSFO
13356,KORD,KEWR
13357,KSJC,KSEA
13358,KSTL,KCLT
13359,KCMH,KATL
13360,19OK,KRVS
13361,KOAK,KCCR
13362,KCOS,KDFW
13363,KFUL,KPOC
13364,KRHV,KHAF
13365,KIAD,KORD
13366,KSGF,KORD
13367,KTCY,KSQL
13368,KATL,KDAY
13369,KIND,KATL
13370,KATL,KRDU
13371,YPAD,YMML
13372,KPAE,KAWO
13373,KSNA,KSEA
13374,KADS,KTRL
13375,KDFW,KORD
13376,KMSN,KORD
13377,KLAX,KSBP
13378,EGBB,EPKT
13379,KO70,KPAO
13380,35OR,KBDN
13381,KSAT,KDAL
13382,KPHX,KSLC
13383,KCMH,KIAD
13384,KORD,KPHL
13385,KBWI,KCLT
13386,VIDP,VABB
13387,KBUR,KLAS
13388,KSEA,KSJC
13389,EHAM,EKBI
13390,KRDU,KHKY
13391,KTUL,KDAL
13392,KSDF,KIAD
13393,KDAL,KABQ
13394,KLAS,KBUR
13395,KDFW,69TA
13396,OTHH,VIDP
13397,PANC,40AK
13398,YSCB,YSSY
13399,LFPG,LFRS
13400,KHIO,WN80
13401,KDTW,KRSW
13402,KFLL,KMIA
13403,KMYF,KSDM
13404,KATL,KBWI
13405,KMCI,KDEN
13406,KLAX,50OR
13407,EHAM,LSZM
13408,KORD,KBUF
13409,KATL,KSAT
13410,SBSP,SSJC
13411,KMDW,KDCA
13412,KPHX,KSBA
13413,27CL,KSEA
13414,KBNA,KISM
13415,KHIO,KSPB
13416,KLAS,KSEA
13417,KDTW,KEWR
13418,K4S9,KTTD
13419,KSFO,KSEA
13420,KDFW,KLAX
13421,CYYC,CYVR
13422,KORD,KRSW
13423,LFLC,LPPR
13424,KLZU,4GA9
13425,KBUR,KOAK
13426,NZWN,NZCH
13427,KATL,SC32
13428,KORD,CYUL
13429,KDFW,KM99
13430,KLEB,KHPN
13431,KLAX,KDFW
13432,KCOS,KORD
13433,KSEE,KSBA
13434,LFPG,EKCH
13435,KBNA,KCLT
13436,KDAL,KTUL
13437,KJFK,KATL
13438,KCMA,KVNY
13439,KDFW,1MU0
13440,KCVG,KBWI
13441,KDTW,KORF
13442,EGSS,EPMO
13443,KRHV,KHAF
13444,KORD,KBOS
13445,KN14,3NJ9
13446,KORD,KATL
13447,KTUL,KBVO
13448,KPHX,CYVR
13449,KLAS,KSLC
13450,SBSP,SBBR
13451,KDFW,KBOI
13452,KMSP,KORD
13453,ZGSZ,RJBB
13454,KHOU,KDFW
13455,KIAH,KECP
13456,KPGD,KROC
13457,KORD,KDEN
13458,K1T7,9TX5
13459,KBVS,KPWT
13460,KMKE,KSTL
13461,KAUS,KLAX
13462,KPDK,KTEB
13463,KSTL,KDAL
13464,KMCI,KRSW
13465,KHQZ,KTKI
13466,ULLI,UUYY
13467,KDAL,KBWI
13468,YMMB,YMPC
13469,KORD,KCMH
13470,96WA,KBLI
13471,KDEN,KLAX
13472,KMIA,KRDU
13473,LIRF,LICJ
13474,KATL,KHSV
13475,KORD,KFLL
13476,KLGA,CYUL
13477,5OR5,KBDN
13478,KDFW,KORD
13479,KDCA,KCLT
13480,KORL,KBNA
13481,KDFW,KBNA
13482,KPAO,KC83
13483,KFLL,KBOS
13484,KECP,KBNA
13485,KSBA,KCMA
13486,03OK,KRVS
13487,KLAS,KORD
13488,KSNA,KLGB
13489,1WA9,WN51
13490,KLEE,KGNV
13491,KO69,KAPC
13492,KSMO,KCMA
13493,KOSU,9OA9
13494,KFRG,FA37
13495,KRSW,KCMH
13496,KCLT,KMSP
13497,KATL,KTYS
13498,KDFW,KSDF
13499,KPHX,KMDW
13500,KTYS,KATL
13501,KYKM,KSEA
13502,KROC,KTEB
13503,KMKE,KFLL
13504,KAPF,KSRQ
13505,KDFW,KTUS
13506,KE16,KRHV
13507,KSNA,KSTS
13508,KLOU,KJVY
13509,KDMW,KGAI
13510,RCTP,RJBB
13511,KDFW,KLAS
13512,KEWR,KORD
13513,KDEN,02XS
13514,KJFK,KMCO
13515,KATL,KORD
13516,KAUS,KDFW
13517,ESSA,EKCH
13518,EHAM,EDDF
13519,KMHR,KLHM
13520,KFWN,KCDW
13521,KIAH,KPHX
13522,KSAT,KDFW
13523,LIRF,LIPZ
13524,KDFW,KPHL
13525,KDFW,KOKC
13526,KSNA,KSBA
13527,KATL,KMIA
13528,KFFZ,KA39
13529,KSBA,KSJC
13530,LPPT,EGCC
13531,KORD,KSAT
13532,KPAO,KHAF
13533,KLAX,KPDX
13534,KFTW,TX15
13535,EPKK,EGPH
13536,KBUR,KPHX
13537,KCLT,KORD
13538,KMIA,KBWI
13539,EHAM,ELLX
13540,KBWI,KBOS
13541,KC83,KOAK
13542,KMKC,KPDK
13543,KFLL,KJFK
13544,KDTO,KLUD
13545,KHWD,KRHV
13546,SBGR,SBRJ
13547,KRVS,K2K9
13548,KSNA,KLGB
13549,KDFW,KRIR
13550,KORD,KMIA
13551,KDEN,KDFW
13552,TX15,KGPM
13553,KADS,KPWA
13554,64OR,KHIO
13555,KLXY,KGKY
13556,KJVL,KDPA
13557,KSJC,KSAN
13558,KJFK,KBUF
13559,KPHL,KMCO
13560,KHPN,KTTN
13561,EHAM,EIDW
13562,KAUS,KSAN
13563,KEWR,CYUL
13564,KDFW,KTYS
13565,KABQ,KLAS
13566,KOAK,KFAT
13567,KGKY,6TX7
13568,KISP,03NY
13569,KAWO,KPAE
13570,KLVK,KRHV
13571,KF70,54CL
13572,KPAE,KHIO
13573,KPAO,KHAF
13574,VHHH,RKSI
13575,KCVG,KCLT
13576,KDFW,KOMA
13577,ULMM,ULLI
13578,KBOS,CYUL
13579,KBNA,KDAL
13580,KTUL,OK37
13581,KSDF,KATL
13582,KDAL,KISM
13583,KFAT,KSLC
13584,KATL,KORD
13585,SKBO,KMIA
13586,OH66,KLUK
13587,KORD,KORF
13588,KTOA,KAVX
13589,KRVS,K2K9
13590,LPPR,LPPT
13591,KMKC,47KS
13592,KORD,KMSP
13593,KDFW,KLGA
13594,KIWA,KCRQ
13595,NZTG,NZWN
13596,KATL,KDTW
13597,3OR8,61OR
13598,KRVS,KADS
13599,EGNX,EDDP
13600,KBWI,KDAL
13601,KHMT,KSEE
13602,KDEN,KTEX
13603,KDFW,KDTW
13604,KDFW,KPSP
13605,KORD,8II3
13606,KTEB,FA37
13607,KDTW,KPHL
13608,KTUL,KPHX
13609,KMSP,KPHX
13610,KI74,KI69
13611,KORD,02XS
13612,KDFW,KDEN
13613,KATL,KCMH
13614,KIAH,KSAT
13615,KOMA,KIAD
13616,KORD,KROC
13617,KDTW,KSTL
13618,KMKE,KDTW
13619,KHRJ,KRDU
13620,KUES,KDPA
13621,KRSW,CYYZ
13622,37MI,KPTK
13623,NZWN,NZRI
13624,KTUL,KLAS
13625,KJFK,KFLL
13626,KDEN,KDFW
13627,KBOS,KMIA
13628,9TX5,86TX
13629,KDFW,KPHX
13630,KPNS,KATL
13631,KSBP,CA62
13632,VHHH,RKSI
13633,KCGZ,KCHD
13634,96WA,KAWO
13635,KBVS,WN51
13636,KDTW,KCMH
13637,KSAN,KDFW
13638,KU42,KU77
13639,LFPG,EGLL
13640,KBOI,KU70
13641,KDEN,KSEA
13642,KAUS,KLGB
13643,KPVG,3VA8
13644,KTEB,KOPF
13645,KORL,KMCI
13646,KSTL,KORD
13647,KSNA,KVNY
13648,KOPF,KFXE
13649,KATL,KMSP
13650,KSTS,KLAX
13651,KPDX,KSEA
13652,LKPR,UKBB
13653,1WA9,KBFI
13654,KPDK,KOPF
13655,KPHL,KCLT
13656,KDFW,KSAN
13657,LTFJ,LLBG
13658,KFLL,KBWI
13659,KORD,73MU
13660,KLAS,KPHX
13661,YBBN,YSCB
13662,KDFW,KMCI
13663,KADS,KFTW
13664,49OH,KEWR
13665,KMDW,KBOS
13666,NZAA,NZGB
13667,KMCI,KDAL
13668,KFTW,K50F
13669,KIAH,KLAS
13670,KLOU,3IN6
13671,KATL,KLGA
13672,KPDX,KTUS
13673,KDFW,KMIA
13674,KSTL,KBNA
13675,NZAR,NZNE
13676,KBDN,3OR8
13677,KORF,KCLT
13678,KATL,KSRQ
13679,KSEA,KPDX
13680,YMML,YCBG
13681,KLOU,6KY6
13682,KBDN,3OR8
13683,LIRF,LIML
13684,KORD,IN93
13685,KDFW,KCMH
13686,KTOA,KSBA
13687,KABQ,KDAL
13688,KCLT,KBWI
13689,LTFJ,LLBG
13690,KORD,KOMA
13691,KDCA,KJFK
13692,KSNA,KLGB
13693,4NC7,KRDU
13694,KAVP,KPHL
13695,KSFO,KFAT
13696,KSDL,KSNA
13697,KBNA,02XS
13698,KPGD,KTOL
13699,K7F3,KTKI
13700,KDFW,KFLL
13701,40OK,KRVS
13702,KATL,KFLL
13703,EHAM,EPWA
13704,KLGB,KPHX
13705,KDEN,KORD
13706,KMIA,KLGA
13707,KPHX,KSLC
13708,NZCH,NZPM
13709,VABB,VIDP
13710,EHAM,EGPD
13711,KSFO,KBOI
13712,KATL,KBKL
13713,KBWI,KMDW
13714,KDTW,KJFK
13715,KDEN,KSAT
13716,KABQ,KATL
13717,KDFW,KOKC
13718,KMHR,25CL
13719,NZPM,NZAA
13720,KSUS,KMKC
13721,KDTW,KORD
13722,SBGR,SBVT
13723,KSEE,KF70
13724,KSNA,KPHX
13725,CYQG,CYYZ
13726,KDEN,KSLC
13727,KSEA,KABQ
13728,KOAK,KSNA
13729,KBWI,KATL
13730,KVCB,KHAF
13731,KBLI,KPAE
13732,KSNA,KSMO
13733,YBCG,YMML
13734,KLOT,89LL
13735,KAUS,KATL
13736,KDCA,KEWR
13737,KORL,02XS
13738,IL38,2LL9
13739,CZBB,CYCW
13740,CA35,KO69
13741,KBED,KTEB
13742,KSMF,KLAX
13743,KDFW,KTUL
13744,KDEN,KATL
13745,KATL,KLGA
13746,FA35,FA37
13747,KPBG,VT48
13748,KTPA,KPHL
13749,CA67,KLVK
13750,KRSW,KMDW
13751,KRDU,KFLL
13752,KSDL,KIWA
13753,KACY,KFRG
13754,KDFW,KSTL
13755,KMSP,KORD
13756,KHAF,KSQL
13757,KONT,KPHX
13758,KDCA,KORF
13759,KVNY,KSBP
13760,KDFW,KATL
13761,KLAX,KBFI
13762,SBGR,SBVT
13763,KDTW,KATL
13764,LIML,LIRA
13765,KBFI,KFHR
13766,YSSY,YBBN
13767,KBNA,KECP
13768,KORD,MI84
13769,KDEN,KSTL
13770,KBED,KJFK
13771,KAUS,KSLC
13772,9CL2,KRHV
13773,CYVR,CYYC
13774,VIDP,VABB
13775,LFPG,EGSS
13776,KDEN,KMSP
13777,KDFW,KSNA
13778,KPOC,KFUL
13779,KADS,KFTW
13780,KDFW,KUTA
13781,CYYZ,CYUL
13782,KLAX,KBUR
13783,KPHX,KBOI
13784,SBGR,SBRJ
13785,KBWI,KRDU
13786,KGVT,KADS
13787,KHRJ,KRDU
13788,KDEN,KPHX
13789,KSDF,KMSP
13790,KCRS,KGKY
13791,NZCH,NZNV
13792,KGPH,KMKC
13793,LIPE,LROP
13794,CYOW,CYYZ
13795,KAUN,KO69
13796,2OA7,KLUK
13797,KOSU,9OI3
13798,CYUL,CYYZ
13799,KRDU,KMIA
13800,4NC7,KRDU
13801,KOKC,KORD
13802,KBWI,KCLT
13803,OMDB,VIDP
13804,KDAL,KPHX
13805,K3CK,K10C
13806,6GA0,KPDK
13807,EDDH,UKKK
13808,SPJC,SPST
13809,KVNY,KSDL
13810,KDTW,KLGA
13811,KMIA,KORD
13812,KDEN,KSNA
13813,KLAF,4II0
13814,KSMO,KAVX
13815,KLAS,KSDL
13816,KSAN,KSEA
13817,UUDD,UMMS
13818,KDFW,KMSP
13819,KDEN,02XS
13820,KJFK,KMIA
13821,KDFW,KDCA
13822,KBWI,KLNS
13823,KS67,KMAN
13824,KATL,KFLL
13825,4GA9,KRYY
13826,KMCI,KORD
13827,KPTK,KD95
13828,KLEB,KBED
13829,KDFW,KABQ
13830,KDEN,KSTL
13831,YSSY,YBBN
13832,KDEN,KDFW
13833,K39N,KBLM
13834,UUDD,ULLI
13835,NZGB,NZAA
13836,KGRI,KOMA
13837,KORL,KMDW
13838,VHHH,RPLL
13839,KLAS,KPHX
13840,KJFK,KMCO
13841,KSQL,CA35
13842,SBGR,SBGL
13843,KOPF,KTEB
13844,KTEB,KHPN
13845,KBNA,KORD
13846,KMSN,KORD
13847,67OH,KCGF
13848,K1G4,KLAS
13849,EHAM,EGPH
13850,WA09,KPAE
13851,KDEN,KSGF
13852,KBNA,KMSP
13853,KPWA,KAPA
13854,KDEN,KLAS
13855,KLNS,KCXY
13856,K1G4,KLAS
13857,YMML,YPAD
13858,KSLC,KVNY
13859,KSDF,KPHL
13860,KFLL,KPHL
13861,KCRP,XS59
13862,KPDX,KBOI
13863,KTKI,KADS
13864,SC86,SC32
13865,KMYF,KSEE
13866,KSDL,KABQ
13867,KOPF,KHWO
13868,CYVR,CYYC
13869,KRDU,KMCF
13870,K3C8,KFRG
13871,WA09,KPAE
13872,OMDB,VABB
13873,SKBO,SPOL
13874,KSKA,KSEA
13875,KAPF,KSRQ
13876,KLGA,KORD
13877,KLOU,KJVY
13878,KRDU,KATL
13879,KLGB,KSNA
13880,74OR,OR59
13881,KOMA,KORD
13882,KDTW,1MI8
13883,KATL,KMIA
13884,KBOI,KSDL
13885,KTPA,FD83
13886,NZWN,NZCH
13887,KCLT,KORF
13888,KORD,KMSP
13889,KATL,KSGT
13890,KSEA,KLAX
13891,KDEN,KTUL
13892,KPSP,KSLC
13893,KPAO,CA66
13894,VHHH,RCTP
13895,SBSP,SBBR
13896,KCMA,0CL6
13897,37MI,KPTK
13898,SBRJ,SBSP
13899,CYYZ,CYOW
13900,PAEN,PANC
13901,KDEN,KOMA
13902,K1G4,KLAS
13903,NZPM,NZCH
13904,CYYJ,CZBB
13905,NZRO,NZWN
13906,LTAC,UKBB
13907,KDEN,KPDX
13908,KRDU,KTDF
13909,YSSY,YSCH
13910,KFLL,KSRQ
13911,SBKP,SSJC
13912,7XS1,KFTW
13913,CYXE,CYYC
13914,KRAL,KSNA
13915,53CN,KSAC
13916,KLAS,KSLC
13917,KBFI,KORS
13918,KCMH,KFLL
13919,YBBN,YSSY
13920,KIAH,02XS
13921,KRHV,KE16
13922,KEWR,KFLL
13923,KLEB,KBOS
13924,KOAK,KSNA
13925,KPAE,78WA
13926,KDEN,KBOI
13927,SBGR,SBGL
13928,KPSP,KMYF
13929,KEWR,KRSW
13930,KDTW,KLGA
13931,KA39,KFFZ
13932,KSAN,KSFO
13933,KPAE,KPWT
13934,KIAH,KUTA
13935,KSNA,KLGB
13936,KPDX,KSJC
13937,KCGZ,KDVT
13938,KWVI,KPAO
13939,KLGA,KDCA
13940,EGKB,LIML
13941,KRVS,KPWA
13942,KMCI,KPHX
13943,KOKB,KF70
13944,KGKY,KJWY
13945,KHEF,VA71
13946,KCLE,KMSP
13947,KSJC,KPHX
13948,KSQL,KCCR
13949,KRVS,KADS
13950,KDFW,KHSV
13951,KEWR,KCMH
13952,KLGB,KCMA
13953,KDVT,16AZ
13954,KRHV,KSQL
13955,TJSJ,KMIA
13956,KGKY,KINJ
13957,KSKA,KSEA
13958,KDAL,KATL
13959,KSFO,KSLC
13960,KAVX,KLGB
13961,KDTW,KMCI
13962,KLAS,KTUS
13963,KSFO,KLAX
13964,KDAY,KDTW
13965,KOAK,KAPC
13966,KSEA,KBOI
13967,KPWK,KMDW
13968,KSMF,KLAX
13969,KSQL,KSNS
13970,KSNA,KSMO
13971,KSBP,CA62
13972,KCLT,KJFK
13973,KSLC,KOAK
13974,KDEN,KLAX
13975,YBBN,YMML
13976,RJBB,RJTT
13977,EGLL,LFPG
13978,KDFW,TS54
13979,KRSW,KSTL
13980,KDEN,KBNA
13981,KJVL,KPWK
13982,KDTW,KORD
13983,KRHV,KE16
13984,RPLL,VHHH
13985,KFOK,KHPN
13986,KSAN,KSJC
13987,KSFO,KPHX
13988,KCMH,KMSP
13989,KMKE,KMSN
13990,KDTW,KMSP
13991,KFLL,KDCA
13992,YSCB,YMML
13993,ULLI,UUWW
13994,KMSP,KDEN
13995,KSJC,KSEA
13996,KPGD,KFMY
13997,KDEN,KPSP
13998,KCLT,KRDU
13999,SBCO,SBKP
14000,KRVS,K2K9
14001,KGKY,TE99
14002,KSFO,KLAS
14003,KIND,KMSP
14004,KRSW,KBWI
14005,03NY,KFRG
14006,KO61,KAUN
14007,KLAS,KLAX
14008,KDTO,KMWL
14009,KATL,KRSW
14010,KDFW,KISM
14011,KDEN,KSAN
14012,KGVT,KADS
14013,KSEA,KSAN
14014,LFPG,EGLL
14015,KCLE,KORD
14016,KATL,KMDW
14017,KMIA,KEWR
14018,RJTT,RJOO
14019,KSRQ,KEWR
14020,KLAX,KPDX
14021,OMAA,OBBI
14022,KCGE,KFME
14023,KHIO,WN80
14024,KSFO,KSAN
14025,KRSW,KPHL
14026,KLAS,KSJC
14027,KIAH,KTUL
14028,KHEF,VA71
14029,KRHV,9CL2
14030,9OA9,KOSU
14031,LFOB,LPPR
14032,KSTL,KHOU
14033,4NJ8,KMMU
14034,KPDX,KSLC
14035,CYVR,CYCD
14036,KCLT,KCMH
14037,KLNS,KFDK
14038,KBWI,KDUJ
14039,KLAS,KSFO
14040,KFLL,KEWR
14041,KLAX,KPHX
14042,KMIA,KPHL
14043,KBFI,KS50
14044,KDTW,KGRB
14045,KCLT,17NC
14046,KAUN,KSAC
14047,KLQK,SC86
14048,KAWO,96WA
14049,VABB,VIDP
14050,KCLT,KATL
14051,KSEA,KPHX
14052,KAUS,KPHX
14053,VHHH,RCTP
14054,KSNA,KCMA
14055,CYVR,CAM3
14056,KBMI,KATL
14057,K2K9,KRVS
14058,KSEA,KLAX
14059,KPAE,KS50
14060,WA22,KAWO
14061,KLAS,KOAK
14062,CYOW,CYUL
14063,PN14,KBTP
14064,KLAX,KSFO
14065,KAVX,KTOA
14066,WS78,KMSP
14067,KDTW,KOMA
14068,KEUL,ID00
14069,KLAX,KLAS
14070,KLAS,KSNA
14071,KDTW,KCVG
14072,KDEN,KLAX
14073,KLGB,KSNA
14074,KBOI,KS78
14075,KCLT,KDTW
14076,KBOS,KATL
14077,KMSP,90WI
14078,KSAT,02XS
14079,KDEN,KOKC
14080,KSMO,KAVX
14081,KMAN,KS67
14082,KSEE,KMYF
14083,KCLT,KSGF
14084,KVNY,KSBA
14085,KORF,KATL
14086,KEUL,KBOI
14087,KBOS,KCLT
14088,KPHX,KLGB
14089,YMML,YCBG
14090,CZBB,CYCW
14091,KOAK,KSLC
14092,KPDX,KSEA
14093,KCLT,KTYS
14094,NZAA,NZPM
14095,SBBR,SBSP
14096,SBGR,SBRJ
14097,KDEN,KMDW
14098,KLEE,KGNV
14099,KATL,KISM
14100,KTIW,KPAE
14101,K2K9,KRVS
14102,NZOM,NZWN
14103,KCPM,KPOC
14104,KILG,JY04
14105,KC09,KARR
14106,KDEN,KPHX
14107,WA67,KSPB
14108,4CA2,KPAO
14109,KAFW,0TS2
14110,KHAF,KRHV
14111,9NC9,KCLT
14112,KOAK,KE16
14113,CYYJ,CML2
14114,KATL,KBWI
14115,KCPK,NC61
14116,KRDU,KJFK
14117,LFPO,LHBP
14118,KDCA,KATL
14119,KLAS,KSNA
14120,YGDH,YSTW
14121,KPSP,KPHX
14122,KCLT,KPNS
14123,NZAA,NZNV
14124,KJFK,KTEB
14125,YMMB,YLEG
14126,KJVY,KLOU
14127,KDTW,KATL
14128,KVPS,KATL
14129,YPPF,YLYK
14130,KLAX,KLAS
14131,KSNA,KLAS
14132,KSBP,KVIS
14133,KLAS,KSAN
14134,KSTL,KBNA
14135,KPHX,KSLC
14136,NZHN,NZWN
14137,NZCH,NZOI
14138,KA39,KFFZ
14139,KMYF,KPOC
14140,KTEB,3PN9
14141,KGRB,KORD
14142,KWDR,K47A
14143,KSNA,KSLC
14144,KI68,2OH9
14145,KJVY,KLOU
14146,KPHX,KPSP
14147,SBRJ,SBBR
14148,KCLT,KRSW
14149,K52F,TS02
14150,KDEN,KTUS
14151,KADS,XA45
14152,SPST,SPJC
14153,KRSW,KATL
14154,KPHX,KOAK
14155,KPDX,KSNA
14156,KBVS,KBLI
14157,KLAS,KLAX
14158,KSDM,KVNY
14159,EGAA,EGNX
14160,OERK,OEDF
14161,NZAA,NZWN
14162,KVNY,KUDD
14163,KLAS,KVNY
14164,KCRQ,KSJC
14165,KDEN,KDAL
14166,KCLT,KBOS
14167,KCLT,KORD
14168,KHIO,KBDN
14169,KSEA,KGEG
14170,KLGB,KLAS
14171,KCLT,KFLL
14172,CYVR,CAP3
14173,KBOI,KLAS
14174,KMIA,KATL
14175,KWDR,KPDK
14176,KMDW,KDAL
14177,EBCI,LPPR
14178,KAVX,KTOA
14179,EDDP,LFPG
14180,KCLT,NC31
14181,KLAS,KRIR
14182,CYYZ,KDTW
14183,KSQL,KLVK
14184,KCMH,KORD
14185,NZPM,NZCH
14186,KIAD,KATL
14187,EVRA,EETN
14188,KATW,KORD
14189,KHPN,KTEB
14190,KSAC,KMHR
14191,SBRJ,SBSP
14192,KRNM,KMYF
14193,KSTL,KDEN
14194,KOAK,KBFI
14195,KTKI,KGVT
14196,KCLE,KBWI
14197,KBFI,KPWT
14198,KIND,KORD
14199,KMYF,KCRQ
14200,KTPA,KBWI
14201,CN95,KLVK
14202,KCLT,KMIA
14203,KBNA,KMIA
14204,4NC7,KRDU
14205,KLAS,KSLC
14206,KSJC,KLGB
14207,NZNV,NZCH
14208,KMYF,KCRQ
14209,KPAE,80WA
14210,KMSS,KBOS
14211,KU42,KU77
14212,KCMA,KSBA
14213,YSBK,YSMB
14214,CYYJ,CYPK
14215,KPRB,KVIS
14216,KISP,KHPN
14217,KDEN,KFAT
14218,KJNX,KRDU
14219,KLAX,KBOI
14220,KSNA,KLAS
14221,KTRL,KADS
14222,KDTW,KCLT
14223,KSMF,KSLC
14224,KLGB,KSLC
14225,YSSY,YBBN
14226,KMSN,KIND
14227,KCLT,KLGA
14228,CYYJ,CYYC
14229,WMKK,WSSS
14230,KMIA,FD37
14231,SBSP,SBGL
14232,K2K9,KRVS
14233,KLAX,KBOI
14234,KCLT,KSTL
14235,KPHL,KTYS
14236,SC86,SC32
14237,KJFK,KBUF
14238,KAUS,KDAL
14239,KSAN,KLAS
14240,KWVI,KRHV
14241,KSJC,KSLC
14242,KPHX,KSAN
14243,98OK,KTUL
14244,KAFW,0TS2
14245,EKCH,ESSA
14246,KSDM,KSNA
14247,KMCC,25CL
14248,RJTT,RJOA
14249,KDEN,KSLC
14250,KLAX,KPHX
14251,KPAO,KO69
14252,KTPA,KATL
14253,8TA3,02XS
14254,KFUL,KSNA
14255,KSFO,KLAS
14256,SBCO,SBSP
14257,KDTO,K1F0
14258,KSBA,KSEE
14259,KCLT,KPHL
14260,KSAN,KFAT
14261,KORL,KPHL
14262,KLGB,KSNA
14263,KSLC,KVNY
14264,NZAA,NZGB
14265,KBWI,KATL
14266,KBOS,KMVY
14267,KHOU,KDAL
14268,KJFK,KDTW
14269,CYYJ,CZBB
14270,KBUR,KLAS
14271,KCLT,28NR
14272,KLGB,KSNA
14273,RJTT,RJOM
14274,KHMT,KSEE
14275,KSDM,KSNA
14276,EFHK,EETN
14277,RCTP,VHHH
14278,KCLT,KDAY
14279,KPAO,KE16
14280,NZAA,NZCH
14281,KMHR,KLHM
14282,KAVX,KCRQ
14283,KSFO,KGEG
14284,CYVR,KSEA
14285,KSBA,KCRQ
14286,KPSP,KSNA
14287,KOKC,KDFW
14288,KRDU,KDTW
14289,KSFO,KSLC
14290,KPWA,KADS
14291,KMGY,KI73
14292,RJTT,RJOO
14293,KMDW,KLGA
14294,YPAD,YMML
14295,KHPN,KFRG
14296,KDVT,KCHD
14297,KSNA,KLAS
14298,KXBP,KDTO
14299,9CL2,KRHV
14300,RPLL,VHHH
14301,KVNY,KPRB
14302,WA22,KAWO
14303,KCLT,KIAD
14304,KMDW,KBWI
14305,KHGR,KGAI
14306,GA53,KJZP
14307,KHEF,53VA
14308,KFLL,KATL
14309,KECP,KDFW
14310,KLGB,KVNY
14311,KDTW,KSDF
14312,GA36,K47A
14313,NZAA,NZOI
14314,YMML,YSSY
14315,KSNA,KLAS
14316,KBUR,KSLC
14317,KSBA,KVNY
14318,CYYJ,CYVR
14319,KLGA,KATL
14320,KMDW,KPHL
14321,NZHN,NZCH
14322,NZCH,NZHN
14323,KPSP,KSLC
14324,KHAF,KPAO
14325,KBOS,KSLK
14326,KCLT,KBNA
14327,KONT,KSLC
14328,KBLI,KPWT
14329,59IL,KDPA
14330,KDTW,KCLT
14331,KSLC,KSFO
14332,KCLT,KMDT
14333,KAPA,KTUL
14334,KFLL,KMIA
14335,KO69,KSQL
14336,OR28,2OG5
14337,KLGB,KSEE
14338,KCLT,KBWI
14339,KPHX,KSNA
14340,KVNC,KAPF
14341,KPVD,KCLT
14342,KCLT,KTSO
14343,KOMA,KMDW
14344,KSDM,KUDD
14345,KRDU,KBWI
14346,KTDF,KRDU
14347,KOAK,KLAS
14348,KOAK,KC83
14349,RJTT,RJOA
14350,KHAF,KRHV
14351,KTEX,KDEN
14352,KHAF,KSQL
14353,RJOO,RJTT
14354,KSTS,KSAN
14355,KBNA,KCLT
14356,KEUL,ID00
14357,KSDM,KMYF
14358,KBOS,KDTW
14359,KENW,WI95
14360,KIAD,KCLT
14361,KLAS,KOAK
14362,KO69,CA35
14363,04CL,KSEE
14364,NZCH,NZAA
14365,KSRQ,KBNA
14366,KAVX,KSNA
14367,96WA,KPAE
14368,KWVI,KPAO
14369,KMKE,KMSN
14370,KCLT,KMCO
14371,KMMU,KHPN
14372,KAVX,KAJO
14373,KCLT,KHSV
14374,KGKY,KJWY
14375,KSLC,KPSP
14376,KLNK,KOMA
14377,KFDK,KGAI
14378,KOAK,KRIR
14379,SBSP,SBBR
14380,KDAB,KATL
14381,KCLT,KBKL
14382,04CL,KMYF
14383,KDVT,KCHD
14384,KSQL,KHAF
14385,KLAX,KSLC
14386,KERV,KEDC
14387,KVNY,KSDL
14388,RJOO,RJTT
14389,KEUL,ID00
14390,KSLC,KSJC
14391,KHWD,KLVK
14392,KBWI,KEWR
14393,KMDW,KTEB
14394,KCMA,KSNA
14395,KPDX,KSEA
14396,CYUL,CNV9
14397,KMYF,KHMT
14398,KIAD,CYYZ
14399,CYYC,CYVR
14400,KPRB,KRHV
14401,KEWR,CYYZ
14402,SBCO,SBSP
14403,K10C,K3CK
14404,KMDW,KBNA
14405,KBOS,CYYZ
14406,KJWY,KGKY
14407,KPHL,KATL
14408,80WA,KPAE
14409,04CL,KSEE
14410,KIAD,4VG2
14411,KSLC,KLAS
14412,KGPI,KSEA
14413,KCLT,KMKE
14414,KDCA,KORD
14415,KCRQ,KVGT
14416,KLAX,KOAK
14417,KEWR,KCLT
14418,KSDL,KSNA
14419,4II0,KLAF
14420,KAVX,KMYF
14421,KHMT,KMYF
14422,KOAK,KPHX
14423,KHEF,KDAA
14424,KSMF,KBOI
14425,KSLC,KRIR
14426,KPTW,KPHL
14427,KMAN,KS67
14428,KSQL,KHAF
14429,KVUO,WN80
14430,78WA,KPAE
14431,KAWO,KPAE
14432,KECP,KATL
14433,RJTT,RJBB
14434,YSSY,YBMC
14435,KAUS,02XS
14436,25CL,KMHR
14437,KMSP,KMDW
14438,KCRQ,KHHR
14439,KOAK,KAPC
14440,LIRA,LIPZ
14441,KSHD,KORD
14442,KAVQ,KFFZ
14443,KACK,KBOS
14444,KSFO,KPSP
14445,KBUF,KTEB
14446,KDCA,CYYZ
14447,KTEB,KPHL
14448,KCLT,KDTW
14449,KROC,KPHL
14450,KDAL,KUTA
14451,KBOS,KJFK
14452,KDEN,KABQ
14453,SBRJ,SBSP
14454,KATL,KBNA
14455,KMHR,KSAC
14456,KAVX,KSMO
14457,KLAN,KDTW
14458,OBBI,OMDB
14459,KLGB,KCMA
14460,KTEB,KFRG
14461,58AZ,KSDL
14462,KMCC,KCRQ
14463,KRVS,OK13
14464,CZBB,CBQ2
14465,KJFK,KBOS
14466,KE16,KRHV
14467,KCLT,KMCO
14468,96WA,KBLI
14469,YMML,YSCB
14470,KRHV,9CL2
14471,KFRG,KFOK
14472,KORD,CYYZ
14473,KPAO,CA66
14474,EGSS,EIDW
14475,KSLC,KSAN
14476,YSWG,YSSY
14477,KLAS,KOAK
14478,PANC,40AK
14479,KSBP,KPRB
14480,CYHM,KTEB
14481,KIAD,KMDT
14482,KSBA,KVNY
14483,NZWN,NZCH
14484,KSEA,KBLI
14485,80WA,KPAE
14486,KBFI,KORS
14487,KAJO,KRAL
14488,KRHV,KWVI
14489,96WA,KFHR
14490,KCMA,KSNA
14491,KSTS,KDVO
14492,KBWI,KORF
14493,K4A7,KPDK
14494,KMKE,KORD
14495,80WA,KPAE
14496,KHSV,KATL
14497,YMMB,YTDN
14498,KPSP,KPHX
14499,EKOD,EKBI
14500,KORD,KY51
14501,KBED,90VA
14502,KAUS,02XS
14503,KSDL,KIWA
14504,KLAW,KDFW
14505,CYYC,CYVR
14506,KIAD,KEWR
14507,KBOI,KSEA
14508,KGLE,KDTO
14509,KPHX,KLAX
14510,KCRQ,KVNY
14511,KMDW,KSTL
14512,KECP,KPDK
14513,SBRJ,SBGR
14514,KDFW,KTUL
14515,YSSY,YMML
14516,KIWA,37AZ
14517,YMMB,YPKL
14518,KSTL,KOMA
14519,KGVQ,KBUF
14520,YPAD,YMML
14521,KAWO,KPAE
14522,80WA,KPAE
14523,KMAN,KS67
14524,RJTT,RJOM
14525,KHAF,KRHV
14526,KOPF,FA37
14527,KMDW,AL18
14528,KSEA,KBOI
14529,KSTL,KMDW
14530,NZPM,NZCH
14531,KBUR,KSJC
14532,KLOM,KMDT
14533,KSAC,KAPC
14534,NZAA,NZCH
14535,KLVK,KSQL
14536,KATL,SC32
14537,KSAN,KPHX
14538,RJTT,RJOO
14539,KJWY,KRBD
14540,WN80,KHIO
14541,KATL,KISM
14542,KAUS,KSAT
14543,KLAX,KLAS
14544,KPHL,KCLT
14545,KHPN,KSWF
14546,KGVT,KTKI
14547,KBWI,KORF
14548,KMDW,KMSP
14549,YMHB,YMML
14550,KHAF,KPAO
14551,KCOS,KDEN
14552,KIND,KORD
14553,KHWO,KOPF
14554,KMYF,KSNA
14555,K0E0,KABQ
14556,7WA3,KBLI
14557,RJOA,RJTT
14558,KSMF,KLAX
14559,YSSY,YBCG
14560,KEDU,KMCC
14561,KSYR,KPHL
14562,KBNA,KMDW
14563,SBSP,SBGR
14564,KDFW,KM99
14565,KSFO,KSNA
14566,KVNY,KSJC
14567,KCMH,KDTW
14568,KC83,KPAO
14569,KATL,KHSV
14570,KIAD,KLGA
14571,KMDW,KOMA
14572,KAVX,KMYF
14573,KCVG,KCLT
14574,KBNA,KMKE
14575,KORD,KBKL
14576,KAPC,KOAK
14577,CYYJ,CZBB
14578,WN80,KHIO
14579,WA35,KBLI
14580,KORD,KDTW
14581,KBNA,KATL
14582,KAVX,KLGB
14583,KWVI,KRHV
14584,00AZ,KDVT
14585,KSDL,KFFZ
14586,KAWO,80WA
14587,KPAO,KHWD
14588,TS11,KADS
14589,KIAD,KSYR
14590,KBOS,KBWI
14591,KBVS,KBFI
14592,KPAN,KFFZ
14593,KBLI,KBFI
14594,KTIW,KPAE
14595,KFWS,3XA8
14596,YSBK,YMND
14597,KHVN,KPHL
14598,KSBP,KPRB
14599,YPJT,YSEN
14600,KORD,KCMH
14601,NZCH,NZAA
14602,KGSO,KCLT
14603,KRDU,KISO
14604,NZGB,NZAA
14605,CYVR,CYYC
14606,KLAS,KCMA
14607,2TS4,KRBD
14608,KBVS,KPWT
14609,49OH,KDTW
14610,KYKM,7WA7
14611,KPNS,KATL
14612,KACY,KPNE
14613,KDFW,KOKC
14614,KMMV,74OR
14615,CYOW,CYYZ
14616,WA22,KBFI
14617,KSTL,KTUL
14618,KRDU,KBWI
14619,KCRQ,KRNM
14620,KCLE,KPHL
14621,KCLT,KATL
14622,KGPM,KJWY
14623,KGOK,0OK6
14624,74XA,KRBD
14625,KSQL,KHAF
14626,KVCB,KDVO
14627,KBWI,KPNE
14628,KORD,KATW
14629,OMDB,OBBI
14630,KPVD,KPHL
14631,KORS,KBVS
14632,KIAD,KROC
14633,YMMB,YLEG
14634,KFOK,KHPN
14635,LPPT,LPFR
14636,KAVX,KSMO
14637,KBFI,96WA
14638,KORD,KCMI
14639,KSEA,KPDX
14640,KPAE,WA42
14641,KVUO,KKLS
14642,KWVI,KRHV
14643,KCCR,KAPC
14644,KDFW,KSGF
14645,KMDT,KPHL
14646,11OA,KOSU
14647,KPWK,K3CK
14648,KRNT,KPWT
14649,KBFI,61WA
14650,KCMA,0CA3
14651,RJBB,RJTT
14652,KDFW,02XS
14653,KMGY,77OH
14654,KTCY,KRHV
14655,KLOU,KJVY
14656,KOQN,JY04
14657,KCUH,KHSD
14658,RJOO,RJTT
14659,KBOS,23NH
14660,KHMT,KF70
14661,KIAH,KSAT
14662,RJTT,RJOO
14663,KOWD,KPYM
14664,KSTL,44IS
14665,NZTG,NZAA
14666,SBGL,SBGR
14667,KCRQ,KPSP
14668,KIAD,KABE
14669,KAPN,KDTW
14670,KAPC,CA57
14671,KLGB,KSNA
14672,KIAD,KRDU
14673,KTUS,KPHX
14674,K50F,KFTW
14675,KRDU,NC48
14676,KE16,KPAO
14677,KSNA,KLAS
14678,KIAD,KORF
14679,KBOS,VT17
14680,KRHV,KE16
14681,KBOS,KPSM
14682,NZCH,NZWN
14683,SBSP,SBRJ
14684,KLAX,KPSP
14685,KSTS,CL36
14686,KRHV,KCCR
14687,KOKM,KRVS
14688,NZAA,NZOI
14689,KRVS,K95F
14690,KPDX,KSEA
14691,KLVK,12CA
14692,KCLT,KTYS
14693,KEWR,KLDJ
14694,KIAD,KAGC
14695,KIAD,NC63
14696,KBDR,KTEB
14697,KU77,KPVU
14698,KIAD,KPHL
14699,KHEF,VA45
14700,YPPF,YCVG
14701,KORD,KGRB
14702,KHAF,KPAO
14703,30AZ,KPHX
14704,KORD,KRAC
14705,KYKM,KBFI
14706,KF70,KOKB
14707,KBED,KHPN
14708,KORD,7MI2
14709,CBQ2,CZBB
14710,KAPC,KSAC
14711,KO69,KSAC
14712,KP08,KIWA
14713,KEWR,KTEB
14714,VOBL,VOMM
14715,KSEA,K68S
14716,KIXD,8KS9
14717,80WA,KPAE
14718,CAK3,CZBB
14719,YMEN,YYEA
14720,KAPC,KOAK
14721,KBDN,3OR8
14722,KE16,KRHV
14723,KCOS,KAPA
14724,KCEU,SC24
14725,KFFZ,KSDL
14726,CYCD,CYVR
14727,KHAF,KSQL
14728,KPAE,KAWO
14729,YSTW,YWBH
14730,KPRB,KSBP
14731,KPNE,KLNS
14732,87PA,KAXQ
14733,GA53,K9A1
14734,WA46,KVUO
